ASIN List,Campaign Id,Campaign Name,Brand Name,Campaign Start Date,Campaign End Date,Commission Rate,Campaign Budget,Budget Remaining,Available Slot,Total Slot,Recommended
"[B0FH45QGX4, B0FGYDVDDL, B0GXB6WH7M, B0F6T1DF2M, B0F4MJQ3BF, B0FKGKCV3D, B0FH3YY55D, B0GVRXBJYM, B0FH43LK93, B0FH4F8C7S, B0FKGH8M4W, B0GVFDY3C3, B0GVRZDW8B, B0GVRWPK57, B0F42NQZ9F, B0GX5C6ZDS, B0F6TVY3SS, B0F4MHGJCX, B0F82HLQPW, B0FGYFT2Z1, B0F6TVNK79, B0GSTLY4X5, B0GVRYZ6CR, B0FGYGHWF9, B0GVFLHWYB, B0F42MVXLM, B0F32ZXC6R, B0GSTYNP1D, B0DG21MYT5, B0FKGKL5KJ, B0GWXM8XR7, B0FKGHTSG4, B0GVRXT21Z, B0GVS2PXLL, B0F6TVGW2Q, B0F4ML87VP, B0FGYHXDCK, B0GX4W8F5H, B0FGYDCH2B, B0GTZ1V82Q, B0F4ML49RV, B0F8312V4S, B0GVS52KRS, B0F6TVF7Q5, B0F332LB77, B0D95R6JB8, B0FGYC77H8, B0FH4GQ7QX, B0GVRXDHLJ, B0F83242PT, B0F83B7KKH, B0F331XHL1, B0GVFMJNC4, B0GSTJN55R, B0FGYJ4YBB, B0F6TBGQZB, B0GSTM1JX4, B0FGYFVR82, B0GWXKCFFV, B0GTYZ74RN, B0FH42WR6H, B0GX56XWJM, B0F331NJJR, B0F6T1CFMN, B0FGYFFL7N, B0GX5385LS, B0FGYFJ1C9, B0F6TKYD76, B0FH4PYSCQ, B0FGYD1P2V, B0GVRQ4CPW, B0FKGHHBP4, B0GVRTL145, B0GVRTKKFL, B0FGYCDZG2, B0GTZ4JXXB, B0GVS4WZLV, B0GTYXN81M, B0FH4PQDRR]",amzn1.campaign.PEX48J13S62B,Earn high commissions - promote TUREAU fashion!-M,TUREAU,2026-08-25,2027-07-21,10.00%,5000.0,5000.0,58,800,false
"[B08J3KTL1C, B08J3YZ9HM, B09L83739Y, B08J3SGLCM, B08P2LS4HK, B08P2JC85V, B08FHW4Z23, B08J427XQV, B08P2HVH4M, B08LTT2BSC, B08HYWDG42, B09L82NDBX, B08P27D2CN, B08P2453VK, B09J3NGLVR, B09L824XXP, B08FHWFK8K, B08LCFN41V, B08J3XXM1G, B08LCG1K8Z, B08J3KM9R6, B08R2VPKKD, B08FHVXK49, B08P24RYCF, B08P27GZ8H, B08HYX9732, B08FHX3KBB, B09L81LYPW, B08FHW2JSD, B07Y1XCB3G, B08FHWCXYJ, B08HYX1GZK, B08P26YK8T, B08R2XS7FT, B08R2X6K4B, B08P27JLKM, B09L81MXLB, B09J3N9GLB, B08HYVT3TB, B08J3SRDBB, B08HYWTMT5, B08P269KHG, B08LT2Z6HR, B07Y1WTG9G, B08P265XN7, B08J3NVG9S, B08P2J9WW2, B08J3S3PNG, B08J3S67CX, B08R2WYVPD, B08P24VWZK, B08FHW48XX, B08P26L9L4, B08J3XYJ3V, B08LCG24FN, B08R2W2HGT, B08J3SW8QM, B08J3T2ZVH, B08HYWWPZ9, B08J43HQ99, B08J3QH79V, B08J3SHZ8S, B08FHW5Z1Y, B08P263P9K, B08J3X5723, B08J3TXTPW, B08P2KS8QG, B07Y1YZHWG, B07Y1ZK9PV, B08P2LZZB5, B08LSZQLQX, B09L82GR62, B07Y1YVCPV, B08P2884S3, B08R2XS79G, B08FHVVT7P, B08J3QQ1JT, B08P248SZ6, B08J3RQZBV, B09L81MCKT, B07Y1YQ9YS, B08FHXMG9C, B08P2HBXRC, B08J42D2NL, B08J3P2675, B09L82RB8S, B07Y1ZTHSD, B09J3MP1K6, B07Y1Z2JZN, B08R2Y1SM1, B08J43PVSR, B08P244QNP, B08P25735S, B08P1QB9G1, B08R2WZQVV, B08P24LLNB, B07Y1WP82Z, B08J3KG4SQ, B08LCGQQCZ]",amzn1.campaign.1XS850JBFZN7Z,football,Rehoboth,2026-08-25,2026-09-24,50.00%,50000.0,49994.0,12,800,false
"[B0H2D7SSJ5, B0H4G75G2V, B0H7W5CH7J, B0GTYR7Y8Q]",amzn1.campaign.3MK2Q5WQ9AE9L,15% Commission | New Adult Products | Amazon Creator Invite,Aevae,2026-08-25,2027-07-31,15.00%,5000.0,4976.0,25,800,false
"[B0FH45QGX4, B0FGYDVDDL, B0GXB6WH7M, B0F6T1DF2M, B0F4MJQ3BF, B0FKGKCV3D, B0FH3YY55D, B0GVRXBJYM, B0FH43LK93, B0FH4F8C7S, B0FKGH8M4W, B0GVFDY3C3, B0GVRZDW8B, B0GVRWPK57, B0F42NQZ9F, B0GX5C6ZDS, B0F6TVY3SS, B0F4MHGJCX, B0F82HLQPW, B0FGYFT2Z1, B0F6TVNK79, B0GSTLY4X5, B0GVRYZ6CR, B0FGYGHWF9, B0GVFLHWYB, B0F42MVXLM, B0F32ZXC6R, B0GSTYNP1D, B0DG21MYT5, B0FKGKL5KJ, B0GWXM8XR7, B0FKGHTSG4, B0GVRXT21Z, B0GVS2PXLL, B0F6TVGW2Q, B0F4ML87VP, B0FGYHXDCK, B0GX4W8F5H, B0FGYDCH2B, B0GTZ1V82Q, B0F4ML49RV, B0F8312V4S, B0GVS52KRS, B0F6TVF7Q5, B0F332LB77, B0D95R6JB8, B0FGYC77H8, B0FH4GQ7QX, B0GVRXDHLJ, B0F83242PT, B0F83B7KKH, B0F331XHL1, B0GVFMJNC4, B0GSTJN55R, B0FGYJ4YBB, B0F6TBGQZB, B0GSTM1JX4, B0FGYFVR82, B0GWXKCFFV, B0GTYZ74RN, B0FH42WR6H, B0GX56XWJM, B0F331NJJR, B0F6T1CFMN, B0FGYFFL7N, B0GX5385LS, B0FGYFJ1C9, B0F6TKYD76, B0FH4PYSCQ, B0FGYD1P2V, B0GVRQ4CPW, B0FKGHHBP4, B0GVRTL145, B0GVRTKKFL, B0FGYCDZG2, B0GTZ4JXXB, B0GVS4WZLV, B0GTYXN81M, B0FH4PQDRR]",amzn1.campaign.2JAGZG6FIXT9A,Earn high commissions - promote TUREAU fashion!-M,TUREAU,2026-08-25,2027-07-20,10.00%,5000.0,5000.0,57,800,false
"[B0FH45QGX4, B0FGYDVDDL, B0GXB6WH7M, B0F6T1DF2M, B0F4MJQ3BF, B0FKGKCV3D, B0FH3YY55D, B0GVRXBJYM, B0FH43LK93, B0FH4F8C7S, B0FKGH8M4W, B0GVFDY3C3, B0GVRZDW8B, B0GVRWPK57, B0F42NQZ9F, B0GX5C6ZDS, B0F6TVY3SS, B0F4MHGJCX, B0F82HLQPW, B0FGYFT2Z1, B0F6TVNK79, B0GSTLY4X5, B0GVRYZ6CR, B0FGYGHWF9, B0GVFLHWYB, B0F42MVXLM, B0F32ZXC6R, B0GSTYNP1D, B0DG21MYT5, B0FKGKL5KJ, B0GWXM8XR7, B0FKGHTSG4, B0GVRXT21Z, B0GVS2PXLL, B0F6TVGW2Q, B0F4ML87VP, B0FGYHXDCK, B0GX4W8F5H, B0FGYDCH2B, B0GTZ1V82Q, B0F4ML49RV, B0F8312V4S, B0GVS52KRS, B0F6TVF7Q5, B0F332LB77, B0D95R6JB8, B0FGYC77H8, B0FH4GQ7QX, B0GVRXDHLJ, B0F83242PT, B0F83B7KKH, B0F331XHL1, B0GVFMJNC4, B0GSTJN55R, B0FGYJ4YBB, B0F6TBGQZB, B0GSTM1JX4, B0FGYFVR82, B0GWXKCFFV, B0GTYZ74RN, B0FH42WR6H, B0GX56XWJM, B0F331NJJR, B0F6T1CFMN, B0FGYFFL7N, B0GX5385LS, B0FGYFJ1C9, B0F6TKYD76, B0FH4PYSCQ, B0FGYD1P2V, B0GVRQ4CPW, B0FKGHHBP4, B0GVRTL145, B0GVRTKKFL, B0FGYCDZG2, B0GTZ4JXXB, B0GVS4WZLV, B0GTYXN81M, B0FH4PQDRR]",amzn1.campaign.3ID70USW2N9IH,Earn high commissions - promote TUREAU fashion!-M,TUREAU,2026-08-25,2027-07-19,10.00%,5000.0,5000.0,63,800,false
"[B0FH45QGX4, B0FGYDVDDL, B0GXB6WH7M, B0F6T1DF2M, B0F4MJQ3BF, B0FKGKCV3D, B0FH3YY55D, B0GVRXBJYM, B0FH43LK93, B0FH4F8C7S, B0FKGH8M4W, B0GVFDY3C3, B0GVRZDW8B, B0GVRWPK57, B0F42NQZ9F, B0GX5C6ZDS, B0F6TVY3SS, B0F4MHGJCX, B0F82HLQPW, B0FGYFT2Z1, B0F6TVNK79, B0GSTLY4X5, B0GVRYZ6CR, B0FGYGHWF9, B0GVFLHWYB, B0F42MVXLM, B0F32ZXC6R, B0GSTYNP1D, B0DG21MYT5, B0FKGKL5KJ, B0GWXM8XR7, B0FKGHTSG4, B0GVRXT21Z, B0GVS2PXLL, B0F6TVGW2Q, B0F4ML87VP, B0FGYHXDCK, B0GX4W8F5H, B0FGYDCH2B, B0GTZ1V82Q, B0F4ML49RV, B0F8312V4S, B0GVS52KRS, B0F6TVF7Q5, B0F332LB77, B0D95R6JB8, B0FGYC77H8, B0FH4GQ7QX, B0GVRXDHLJ, B0F83242PT, B0F83B7KKH, B0F331XHL1, B0GVFMJNC4, B0GSTJN55R, B0FGYJ4YBB, B0F6TBGQZB, B0GSTM1JX4, B0FGYFVR82, B0GWXKCFFV, B0GTYZ74RN, B0FH42WR6H, B0GX56XWJM, B0F331NJJR, B0F6T1CFMN, B0FGYFFL7N, B0GX5385LS, B0FGYFJ1C9, B0F6TKYD76, B0FH4PYSCQ, B0FGYD1P2V, B0GVRQ4CPW, B0FKGHHBP4, B0GVRTL145, B0GVRTKKFL, B0FGYCDZG2, B0GTZ4JXXB, B0GVS4WZLV, B0GTYXN81M, B0FH4PQDRR]",amzn1.campaign.3TRQIG5LQBMLM,Earn high commissions - promote TUREAU fashion!-M,TUREAU,2026-08-25,2027-07-18,10.00%,5000.0,5000.0,64,800,false
"[B0FH45QGX4, B0FGYDVDDL, B0GXB6WH7M, B0F6T1DF2M, B0F4MJQ3BF, B0FKGKCV3D, B0FH3YY55D, B0GVRXBJYM, B0FH43LK93, B0FH4F8C7S, B0FKGH8M4W, B0GVFDY3C3, B0GVRZDW8B, B0GVRWPK57, B0F42NQZ9F, B0GX5C6ZDS, B0F6TVY3SS, B0F4MHGJCX, B0F82HLQPW, B0FGYFT2Z1, B0F6TVNK79, B0GSTLY4X5, B0GVRYZ6CR, B0FGYGHWF9, B0GVFLHWYB, B0F42MVXLM, B0F32ZXC6R, B0GSTYNP1D, B0DG21MYT5, B0FKGKL5KJ, B0GWXM8XR7, B0FKGHTSG4, B0GVRXT21Z, B0GVS2PXLL, B0F6TVGW2Q, B0F4ML87VP, B0FGYHXDCK, B0GX4W8F5H, B0FGYDCH2B, B0GTZ1V82Q, B0F4ML49RV, B0F8312V4S, B0GVS52KRS, B0F6TVF7Q5, B0F332LB77, B0D95R6JB8, B0FGYC77H8, B0FH4GQ7QX, B0GVRXDHLJ, B0F83242PT, B0F83B7KKH, B0F331XHL1, B0GVFMJNC4, B0GSTJN55R, B0FGYJ4YBB, B0F6TBGQZB, B0GSTM1JX4, B0FGYFVR82, B0GWXKCFFV, B0GTYZ74RN, B0FH42WR6H, B0GX56XWJM, B0F331NJJR, B0F6T1CFMN, B0FGYFFL7N, B0GX5385LS, B0FGYFJ1C9, B0F6TKYD76, B0FH4PYSCQ, B0FGYD1P2V, B0GVRQ4CPW, B0FKGHHBP4, B0GVRTL145, B0GVRTKKFL, B0FGYCDZG2, B0GTZ4JXXB, B0GVS4WZLV, B0GTYXN81M, B0FH4PQDRR]",amzn1.campaign.3L74L2FHPDEG6,Earn high commissions - promote TUREAU fashion!-M,TUREAU,2026-08-25,2027-07-17,10.00%,5000.0,5000.0,65,800,false
"[B0H2YC5HGJ, B0H2Y9NLWX, B0H2YCW4QT, B0H2YDQPFY, B0H2Y9YZS5, B0H2YFGY8M, B0H2Y4W46Y, B0H2Y9CYXD, B0H2YFBVN5, B0H2YDM7GT, B0H2Y8542R, B0H2Y7R32G, B0H2Y9FZLB, B0H2YNJMT3, B0H2YBHZZG, B0H2YL2R58, B0H2Y5TYS2, B0H2YDP9DF, B0H2YNNYBJ, B0H2YBCB4D, B0H2Y849GD, B0H2YB6BT6, B0H2Y53D8J, B0H2YDH2KG, B0H2Y6KW4V, B0H2Y66N86, B0H2YF6FYQ, B0H2YFB2HK, B0H2Y691NS, B0H2Y3Z32Z, B0H2Y87P94, B0H2YBVJ9R, B0H2Y9QJFX, B0H2YFDNP7, B0H2YB2ZWD]",amzn1.campaign.V7FHFNHNZHB2,Get 50% OFF NEW Home Essential-YL-MZL,PureCozy,2026-08-25,2026-11-13,10.00%,5000.0,5000.0,53,800,false
"[B0FH45QGX4, B0FGYDVDDL, B0GXB6WH7M, B0F6T1DF2M, B0F4MJQ3BF, B0FKGKCV3D, B0FH3YY55D, B0GVRXBJYM, B0FH43LK93, B0FH4F8C7S, B0FKGH8M4W, B0GVFDY3C3, B0GVRZDW8B, B0GVRWPK57, B0F42NQZ9F, B0GX5C6ZDS, B0F6TVY3SS, B0F4MHGJCX, B0F82HLQPW, B0FGYFT2Z1, B0F6TVNK79, B0GSTLY4X5, B0GVRYZ6CR, B0FGYGHWF9, B0GVFLHWYB, B0F42MVXLM, B0F32ZXC6R, B0GSTYNP1D, B0DG21MYT5, B0FKGKL5KJ, B0GWXM8XR7, B0FKGHTSG4, B0GVRXT21Z, B0GVS2PXLL, B0F6TVGW2Q, B0F4ML87VP, B0FGYHXDCK, B0GX4W8F5H, B0FGYDCH2B, B0GTZ1V82Q, B0F4ML49RV, B0F8312V4S, B0GVS52KRS, B0F6TVF7Q5, B0F332LB77, B0D95R6JB8, B0FGYC77H8, B0FH4GQ7QX, B0GVRXDHLJ, B0F83242PT, B0F83B7KKH, B0F331XHL1, B0GVFMJNC4, B0GSTJN55R, B0FGYJ4YBB, B0F6TBGQZB, B0GSTM1JX4, B0FGYFVR82, B0GWXKCFFV, B0GTYZ74RN, B0FH42WR6H, B0GX56XWJM, B0F331NJJR, B0F6T1CFMN, B0FGYFFL7N, B0GX5385LS, B0FGYFJ1C9, B0F6TKYD76, B0FH4PYSCQ, B0FGYD1P2V, B0GVRQ4CPW, B0FKGHHBP4, B0GVRTL145, B0GVRTKKFL, B0FGYCDZG2, B0GTZ4JXXB, B0GVS4WZLV, B0GTYXN81M, B0FH4PQDRR]",amzn1.campaign.P2QTPUTF2ZMQ,Earn high commissions - promote TUREAU fashion!-M,TUREAU,2026-08-25,2027-07-16,10.00%,5000.0,5000.0,67,800,false
"[B0FH45QGX4, B0FGYDVDDL, B0GXB6WH7M, B0F6T1DF2M, B0F4MJQ3BF, B0FKGKCV3D, B0FH3YY55D, B0GVRXBJYM, B0FH43LK93, B0FH4F8C7S, B0FKGH8M4W, B0GVFDY3C3, B0GVRZDW8B, B0GVRWPK57, B0F42NQZ9F, B0GX5C6ZDS, B0F6TVY3SS, B0F4MHGJCX, B0F82HLQPW, B0FGYFT2Z1, B0F6TVNK79, B0GSTLY4X5, B0GVRYZ6CR, B0FGYGHWF9, B0GVFLHWYB, B0F42MVXLM, B0F32ZXC6R, B0GSTYNP1D, B0DG21MYT5, B0FKGKL5KJ, B0GWXM8XR7, B0FKGHTSG4, B0GVRXT21Z, B0GVS2PXLL, B0F6TVGW2Q, B0F4ML87VP, B0FGYHXDCK, B0GX4W8F5H, B0FGYDCH2B, B0GTZ1V82Q, B0F4ML49RV, B0F8312V4S, B0GVS52KRS, B0F6TVF7Q5, B0F332LB77, B0D95R6JB8, B0FGYC77H8, B0FH4GQ7QX, B0GVRXDHLJ, B0F83242PT, B0F83B7KKH, B0F331XHL1, B0GVFMJNC4, B0GSTJN55R, B0FGYJ4YBB, B0F6TBGQZB, B0GSTM1JX4, B0FGYFVR82, B0GWXKCFFV, B0GTYZ74RN, B0FH42WR6H, B0GX56XWJM, B0F331NJJR, B0F6T1CFMN, B0FGYFFL7N, B0GX5385LS, B0FGYFJ1C9, B0F6TKYD76, B0FH4PYSCQ, B0FGYD1P2V, B0GVRQ4CPW, B0FKGHHBP4, B0GVRTL145, B0GVRTKKFL, B0FGYCDZG2, B0GTZ4JXXB, B0GVS4WZLV, B0GTYXN81M, B0FH4PQDRR]",amzn1.campaign.2DGDTXTT6SYQ7,Earn high commissions - promote TUREAU fashion!-M,TUREAU,2026-08-25,2027-07-15,10.00%,5000.0,5000.0,62,800,false
"[B0FH45QGX4, B0FGYDVDDL, B0GXB6WH7M, B0F6T1DF2M, B0F4MJQ3BF, B0FKGKCV3D, B0FH3YY55D, B0GVRXBJYM, B0FH43LK93, B0FH4F8C7S, B0FKGH8M4W, B0GVFDY3C3, B0GVRZDW8B, B0GVRWPK57, B0F42NQZ9F, B0GX5C6ZDS, B0F6TVY3SS, B0F4MHGJCX, B0F82HLQPW, B0FGYFT2Z1, B0F6TVNK79, B0GSTLY4X5, B0GVRYZ6CR, B0FGYGHWF9, B0GVFLHWYB, B0F42MVXLM, B0F32ZXC6R, B0GSTYNP1D, B0DG21MYT5, B0FKGKL5KJ, B0GWXM8XR7, B0FKGHTSG4, B0GVRXT21Z, B0GVS2PXLL, B0F6TVGW2Q, B0F4ML87VP, B0FGYHXDCK, B0GX4W8F5H, B0FGYDCH2B, B0GTZ1V82Q, B0F4ML49RV, B0F8312V4S, B0GVS52KRS, B0F6TVF7Q5, B0F332LB77, B0D95R6JB8, B0FGYC77H8, B0FH4GQ7QX, B0GVRXDHLJ, B0F83242PT, B0F83B7KKH, B0F331XHL1, B0GVFMJNC4, B0GSTJN55R, B0FGYJ4YBB, B0F6TBGQZB, B0GSTM1JX4, B0FGYFVR82, B0GWXKCFFV, B0GTYZ74RN, B0FH42WR6H, B0GX56XWJM, B0F331NJJR, B0F6T1CFMN, B0FGYFFL7N, B0GX5385LS, B0FGYFJ1C9, B0F6TKYD76, B0FH4PYSCQ, B0FGYD1P2V, B0GVRQ4CPW, B0FKGHHBP4, B0GVRTL145, B0GVRTKKFL, B0FGYCDZG2, B0GTZ4JXXB, B0GVS4WZLV, B0GTYXN81M, B0FH4PQDRR]",amzn1.campaign.F5D5NJVCG7KD,Earn high commissions - promote TUREAU fashion!-M,TUREAU,2026-08-25,2027-07-14,10.00%,5000.0,5000.0,67,800,false
"[B0FH45QGX4, B0FGYDVDDL, B0GXB6WH7M, B0F6T1DF2M, B0F4MJQ3BF, B0FKGKCV3D, B0FH3YY55D, B0GVRXBJYM, B0FH43LK93, B0FH4F8C7S, B0FKGH8M4W, B0GVFDY3C3, B0GVRZDW8B, B0GVRWPK57, B0F42NQZ9F, B0GX5C6ZDS, B0F6TVY3SS, B0F4MHGJCX, B0F82HLQPW, B0FGYFT2Z1, B0F6TVNK79, B0GSTLY4X5, B0GVRYZ6CR, B0FGYGHWF9, B0GVFLHWYB, B0F42MVXLM, B0F32ZXC6R, B0GSTYNP1D, B0DG21MYT5, B0FKGKL5KJ, B0GWXM8XR7, B0FKGHTSG4, B0GVRXT21Z, B0GVS2PXLL, B0F6TVGW2Q, B0F4ML87VP, B0FGYHXDCK, B0GX4W8F5H, B0FGYDCH2B, B0GTZ1V82Q, B0F4ML49RV, B0F8312V4S, B0GVS52KRS, B0F6TVF7Q5, B0F332LB77, B0D95R6JB8, B0FGYC77H8, B0FH4GQ7QX, B0GVRXDHLJ, B0F83242PT, B0F83B7KKH, B0F331XHL1, B0GVFMJNC4, B0GSTJN55R, B0FGYJ4YBB, B0F6TBGQZB, B0GSTM1JX4, B0FGYFVR82, B0GWXKCFFV, B0GTYZ74RN, B0FH42WR6H, B0GX56XWJM, B0F331NJJR, B0F6T1CFMN, B0FGYFFL7N, B0GX5385LS, B0FGYFJ1C9, B0F6TKYD76, B0FH4PYSCQ, B0FGYD1P2V, B0GVRQ4CPW, B0FKGHHBP4, B0GVRTL145, B0GVRTKKFL, B0FGYCDZG2, B0GTZ4JXXB, B0GVS4WZLV, B0GTYXN81M, B0FH4PQDRR]",amzn1.campaign.13QO41E0X46E3,Earn high commissions - promote TUREAU fashion!-M,TUREAU,2026-08-25,2027-07-13,10.00%,5000.0,5000.0,60,800,false
"[B0FWBWZQV7, B0GVDTPZ6Z, B0GY1HYYY8, B0GC79YTP3, B0H25WQLNT, B0H4Z4ZN4F, B0H711ZD6V, B0GVDFYJ6R, B0GVDPXBKQ, B0FWC26SMY, B0GC7S31PW, B0GC7W1P93, B0GRYQWHBR, B0GVDJYHBG, B0H5BGNYZC, B0GVDG3JR7, B0H266RY97, B0H4YYM2D1, B0H6TV9HGX, B0GVDHBVJZ, B0GC79PMPY, B0GC8KJBR5, B0GC6Q73BZ, B0GVDD4BXH, B0FWC3ZWK3, B0GC7SWQ71, B0GRY9TVZX, B0GXB31X5V, B0GC7DPHQN, B0GXB5LRZ8, B0FWC4Q1V1, B0GC77Z53R, B0GRZ2W427, B0FWC29NLN, B0H4YZPKMK, B0FWC2Q1HF, B0GC7X6YSK, B0GY1997GZ, B0GVDGCXG6, B0GRYLHPKW, B0GVDK46RF, B0H4YZZP8X, B0GC75D21N, B0GC7RTK3J, B0GRYTYF8J, B0GC6SLCPN, B0H4YZP3NJ, B0FWC4LBB9, B0FWC7186N, B0GVDQ3BWQ, B0GXB4NHGG, B0H4YNJGS7, B0GY1BDXMD, B0GVD84J65, B0GVDM1QP9, B0FWC14XR2, B0H4Z56NHK, B0GXB9WBTT, B0GC7W61KB, B0GRYV7B55, B0GY1J9X8G, B0FWC2N4LT, B0H4Z49KNC, B0FWBXTPRF, B0GC77H1PH, B0GY1HMXG2, B0FWC74672, B0H4Z4PTC3, B0H4YY8CNP, B0GRYDJ5XT, B0GRYXFPD3]",amzn1.campaign.IV1Z1L40Z5GR,Y2K women satin lace shorts only $14.99,Bornpom,2026-08-25,2026-12-31,10.00%,5000.0,4996.8,18,800,false
"[B0H615JYFG, B0H61879LY, B0H61P9JCX, B0H61MF517, B0H61VQ3VW, B0H612H4Y5, B0H61VR5V8, B0H61PFX8L, B0H619W7WP, B0H614T35Q, B0H61VJYTZ, B0H61DR423, B0H619ZXM7, B0H61H9Y1C, B0H618P6ZP, B0H61DR426, B0H5ZP5MN9, B0H611L8K7, B0H61VJ8Y9, B0H614GRHH, B0H61PBQBT, B0H61RQV44, B0H61DN1L4, B0H5ZTZXW8, B0H61VR6YP, B0H615HJMQ, B0H619KQFW, B0H5ZYXCM9, B0H614WM2M, B0H61HWBW2, B0H61HZ1TD, B0H61H42MD, B0H61RN8M6, B0H61LLXFJ, B0H618SZYL]",amzn1.campaign.2AN2MHK4RML2P,（10% Commission + Free Sample)Trendy Plush Faux Fur Crop Jacket,Bornpom,2026-08-25,2026-12-31,10.00%,5000.0,4995.0,0,800,false
"[B0H2YC5HGJ, B0H2Y9NLWX, B0H2YCW4QT, B0H2YDQPFY, B0H2Y9YZS5, B0H2YFGY8M, B0H2Y4W46Y, B0H2Y9CYXD, B0H2YFBVN5, B0H2YDM7GT, B0H2Y8542R, B0H2Y7R32G, B0H2Y9FZLB, B0H2YNJMT3, B0H2YBHZZG, B0H2YL2R58, B0H2Y5TYS2, B0H2YDP9DF, B0H2YNNYBJ, B0H2YBCB4D, B0H2Y849GD, B0H2YB6BT6, B0H2Y53D8J, B0H2YDH2KG, B0H2Y6KW4V, B0H2Y66N86, B0H2YF6FYQ, B0H2YFB2HK, B0H2Y691NS, B0H2Y3Z32Z, B0H2Y87P94, B0H2YBVJ9R, B0H2Y9QJFX, B0H2YFDNP7, B0H2YB2ZWD]",amzn1.campaign.1YB9HMC68GF9I,NEW HOT HOT Deal! Neutral Rug Event-YL-MZL,PureCozy,2026-08-25,2026-11-12,10.00%,5000.0,5000.0,49,800,false
"[B0H2YC5HGJ, B0H2Y9NLWX, B0H2YCW4QT, B0H2YDQPFY, B0H2Y9YZS5, B0H2YFGY8M, B0H2Y4W46Y, B0H2Y9CYXD, B0H2YFBVN5, B0H2YDM7GT, B0H2Y8542R, B0H2Y7R32G, B0H2Y9FZLB, B0H2YNJMT3, B0H2YBHZZG, B0H2YL2R58, B0H2Y5TYS2, B0H2YDP9DF, B0H2YNNYBJ, B0H2YBCB4D, B0H2Y849GD, B0H2YB6BT6, B0H2Y53D8J, B0H2YDH2KG, B0H2Y6KW4V, B0H2Y66N86, B0H2YF6FYQ, B0H2YFB2HK, B0H2Y691NS, B0H2Y3Z32Z, B0H2Y87P94, B0H2YBVJ9R, B0H2Y9QJFX, B0H2YFDNP7, B0H2YB2ZWD]",amzn1.campaign.7QK1F2B81WUL,NEW Great Deal! Save on Large Rug-YL-MZL,PureCozy,2026-08-25,2026-11-11,10.00%,5000.0,5000.0,53,800,false
"[B0H9GV4LM4, B0H9GXS4Q4, B0H9GZRZ7R, B0H9GHGK1R]",amzn1.campaign.3VR95A20RYANT,Halloween Witch Costume for Kids (Gift Box),Qezny,2026-08-25,2027-07-01,10.00%,5000.0,4918.3,15,800,false
[B0G4GGZM5F],amzn1.campaign.3O5M4SEPKIKT0,Pillar-Model-3-24-25,JIEZMO,2026-08-25,2027-08-25,10.00%,5000.0,5000.0,36,800,false
[B0G4GK7RQ2],amzn1.campaign.20UNR6HUGJ1N8,Pillar-Model-Y-25-26,JIEZMO,2026-08-25,2027-08-25,10.00%,5000.0,5000.0,32,800,false
[B0G4GHNCRV],amzn1.campaign.1SMQJWGFVFRZL,Pillar-Subaru-Forester-25-26,JIEZMO,2026-08-25,2027-08-25,10.00%,5000.0,5000.0,32,800,false
[B0G4GL6HRN],amzn1.campaign.3ENI09ELP2ITM,Pillar-Nissan-Rogue-21-26,JIEZMO,2026-08-25,2027-08-25,10.00%,5000.0,5000.0,36,800,false
[B0G4GMN7MQ],amzn1.campaign.18U65PBB6VX6J,Pillar-Mazda-CX50-23-26,JIEZMO,2026-08-25,2027-08-25,10.00%,5000.0,5000.0,30,800,false
[B0BXRQWW8M],amzn1.campaign.3F7YG37PG1KWP,100W电烙铁-26.8.22,Foxgor,2026-08-25,2027-03-31,20.00%,5000.0,5000.0,27,800,false
[B0G4GLJV7N],amzn1.campaign.167EORWX7SOFZ,Pillar-Mazda-CX5-17-25,JIEZMO,2026-08-25,2027-08-25,10.00%,5000.0,5000.0,30,800,false
"[B0H2YC5HGJ, B0H2Y9NLWX, B0H2YCW4QT, B0H2YDQPFY, B0H2Y9YZS5, B0H2YFGY8M, B0H2Y4W46Y, B0H2Y9CYXD, B0H2YFBVN5, B0H2YDM7GT, B0H2Y8542R, B0H2Y7R32G, B0H2Y9FZLB, B0H2YNJMT3, B0H2YBHZZG, B0H2YL2R58, B0H2Y5TYS2, B0H2YDP9DF, B0H2YNNYBJ, B0H2YBCB4D, B0H2Y849GD, B0H2YB6BT6, B0H2Y53D8J, B0H2YDH2KG, B0H2Y6KW4V, B0H2Y66N86, B0H2YF6FYQ, B0H2YFB2HK, B0H2Y691NS, B0H2Y3Z32Z, B0H2Y87P94, B0H2YBVJ9R, B0H2Y9QJFX, B0H2YFDNP7, B0H2YB2ZWD]",amzn1.campaign.UN292RQB40ZL,NEW HOT HOT Deal! Cozy Decor Sale-YL-MZL,PureCozy,2026-08-25,2026-11-09,10.00%,5000.0,5000.0,54,800,false
[B0G4GKLGGP],amzn1.campaign.AMF1IMF84IT6,Pillar-Honda-HRV-23-26,JIEZMO,2026-08-25,2027-08-25,10.00%,5000.0,5000.0,34,800,false
[B0G4GLPZ5V],amzn1.campaign.3U09K12BORRUL,Pillar-Honda-CRV-23-26,JIEZMO,2026-08-25,2027-08-25,10.00%,5000.0,5000.0,34,800,false
[B0G4MS9DKM],amzn1.campaign.RTJWUNXOWFGG,大坐圈清货-26.8.22,Foxgor,2026-08-25,2026-12-31,20.00%,5000.0,4987.32,20,800,false
[B0G4GJFY3X],amzn1.campaign.29YBMZN8S9136,Pillar-Toyota-RAV4-19-25,JIEZMO,2026-08-25,2027-08-25,10.00%,5000.0,5000.0,32,800,false
"[B0H2YC5HGJ, B0H2Y9NLWX, B0H2YCW4QT, B0H2YDQPFY, B0H2Y9YZS5, B0H2YFGY8M, B0H2Y4W46Y, B0H2Y9CYXD, B0H2YFBVN5, B0H2YDM7GT, B0H2Y8542R, B0H2Y7R32G, B0H2Y9FZLB, B0H2YNJMT3, B0H2YBHZZG, B0H2YL2R58, B0H2Y5TYS2, B0H2YDP9DF, B0H2YNNYBJ, B0H2YBCB4D, B0H2Y849GD, B0H2YB6BT6, B0H2Y53D8J, B0H2YDH2KG, B0H2Y6KW4V, B0H2Y66N86, B0H2YF6FYQ, B0H2YFB2HK, B0H2Y691NS, B0H2Y3Z32Z, B0H2Y87P94, B0H2YBVJ9R, B0H2Y9QJFX, B0H2YFDNP7, B0H2YB2ZWD]",amzn1.campaign.TED820DYEYE1,NEW Great Deal! Premium Rug Launch-YL-MZL,PureCozy,2026-08-25,2026-11-08,10.00%,5000.0,5000.0,52,800,false
"[B0H9V7YWZK, B0H68244TS, B0H9TWPVY8, B0H6838H23, B0H67RFVHD, B0H9B2SGDP, B0HDZL5VB8, B0H67VLFZ1, B0H67Z5FCV, B0H6889LGS, B0H67Z38YM, B0H9B8P27M, B0H67KLQ1R, B0H67P4XR6, B0H9V2VFXG, B0H68DGGNM, B0H9B266L2, B0H9V67Q2G, B0H67RWQX1, B0H8LLYPWZ, B0H67Y4CW3, B0H67RTWMX, B0HDZP55RJ, B0H9V6D8DV, B0H6873GBZ, B0H66FH477, B0H67ZWHR5, B0H67JX9KG, B0H67L3NCV, B0H99WBD76, B0H66JZVM6, B0H668L3TH]",amzn1.campaign.3I02QN17PG7B,Girls Nursery Wallpaper Makeover,Marsela Wall Co,2026-08-25,2026-12-31,15.00%,5000.0,5000.0,26,800,false
[B0G4MRZ8GV],amzn1.campaign.26RIDX3A0INPQ,鲨鱼灯清货-26.8.22,Foxgor,2026-08-25,2026-12-31,20.00%,5000.0,4992.16,25,800,false
[B0GKSD39QN],amzn1.campaign.2UI0DU19O45UR,乌龟灯清货-26.8.22,Foxgor,2026-08-25,2026-12-31,25.00%,5000.0,4989.56,18,800,false
[B0H67TBXJM],amzn1.campaign.1X5O2ZLDU9Y1Z,Dual-Head Solar Spotlight - 15% Commission,BlcTec,2026-08-25,2026-10-31,15.00%,5000.0,4980.8,16,800,false
"[B0H2YC5HGJ, B0H2Y9NLWX, B0H2YCW4QT, B0H2YDQPFY, B0H2Y9YZS5, B0H2YFGY8M, B0H2Y4W46Y, B0H2Y9CYXD, B0H2YFBVN5, B0H2YDM7GT, B0H2Y8542R, B0H2Y7R32G, B0H2Y9FZLB, B0H2YNJMT3, B0H2YBHZZG, B0H2YL2R58, B0H2Y5TYS2, B0H2YDP9DF, B0H2YNNYBJ, B0H2YBCB4D, B0H2Y849GD, B0H2YB6BT6, B0H2Y53D8J, B0H2YDH2KG, B0H2Y6KW4V, B0H2Y66N86, B0H2YF6FYQ, B0H2YFB2HK, B0H2Y691NS, B0H2Y3Z32Z, B0H2Y87P94, B0H2YBVJ9R, B0H2Y9QJFX, B0H2YFDNP7, B0H2YB2ZWD]",amzn1.campaign.1K6CJAKL50LU0,Get 50% OFF NEW Cozy Home Deal-YL-MZL,PureCozy,2026-08-25,2026-11-07,10.00%,5000.0,5000.0,46,800,false
"[B0GDXY2SF5, B0FN7S6VYS]",amzn1.campaign.2Z78CGAW1S5O7,Promote the Stylish Vyrecronix Wine Holder & Earn 10% Commission! 🍷✨,Vyrecronix,2026-08-25,2026-10-03,10.00%,20000.0,20000.0,39,800,false
"[B0GDXY2SF5, B0FN7S6VYS]",amzn1.campaign.3FXL9EWSWRY3B,Stunning Wine Rack - 10% Off for Influencers!,Vyrecronix,2026-08-25,2026-10-02,10.00%,20000.0,20000.0,54,800,false
"[B0H2YC5HGJ, B0H2Y9NLWX, B0H2YCW4QT, B0H2YDQPFY, B0H2Y9YZS5, B0H2YFGY8M, B0H2Y4W46Y, B0H2Y9CYXD, B0H2YFBVN5, B0H2YDM7GT, B0H2Y8542R, B0H2Y7R32G, B0H2Y9FZLB, B0H2YNJMT3, B0H2YBHZZG, B0H2YL2R58, B0H2Y5TYS2, B0H2YDP9DF, B0H2YNNYBJ, B0H2YBCB4D, B0H2Y849GD, B0H2YB6BT6, B0H2Y53D8J, B0H2YDH2KG, B0H2Y6KW4V, B0H2Y66N86, B0H2YF6FYQ, B0H2YFB2HK, B0H2Y691NS, B0H2Y3Z32Z, B0H2Y87P94, B0H2YBVJ9R, B0H2Y9QJFX, B0H2YFDNP7, B0H2YB2ZWD]",amzn1.campaign.1F6ZZMBYIR495,NEW HOT HOT Deal! Modern Rug Offer-YL-MZL,PureCozy,2026-08-25,2026-11-06,10.00%,5000.0,5000.0,48,800,false
"[B0H2YC5HGJ, B0H2Y9NLWX, B0H2YCW4QT, B0H2YDQPFY, B0H2Y9YZS5, B0H2YFGY8M, B0H2Y4W46Y, B0H2Y9CYXD, B0H2YFBVN5, B0H2YDM7GT, B0H2Y8542R, B0H2Y7R32G, B0H2Y9FZLB, B0H2YNJMT3, B0H2YBHZZG, B0H2YL2R58, B0H2Y5TYS2, B0H2YDP9DF, B0H2YNNYBJ, B0H2YBCB4D, B0H2Y849GD, B0H2YB6BT6, B0H2Y53D8J, B0H2YDH2KG, B0H2Y6KW4V, B0H2Y66N86, B0H2YF6FYQ, B0H2YFB2HK, B0H2Y691NS, B0H2Y3Z32Z, B0H2Y87P94, B0H2YBVJ9R, B0H2Y9QJFX, B0H2YFDNP7, B0H2YB2ZWD]",amzn1.campaign.1NF5I0ZXIKOVZ,NEW Great Deal! Elegant Rug Sale-YL-MZL,PureCozy,2026-08-25,2026-11-05,10.00%,5000.0,5000.0,50,800,false
[B0GGR7LZ5F],amzn1.campaign.1HZPH2521WWS5,Neon-LED-Strip-43.3inch,JIEZMO,2026-08-25,2027-08-25,10.00%,5000.0,5000.0,27,800,false
"[B0GZ7V32C6, B0G4BLMDHW, B0GZ8K7TG1, B0GC9844C9, B0GH6GBH6C, B0G8DY24KW, B0GFXVCXJ4, B0GZD2YCP2, B0G8CV45J4, B0GBSCX45N, B0GHH1TB2T, B0G8FHB528, B0GHDK4BB1, B0GZCK4FJK, B0GCCYLCNQ, B0GFFQCQMD, B0GZ8Q78JX, B0G4FM718P, B0GKWF2HXG, B0GZD6PC6X, B0G4J4T6ZL, B0G53T4WZY, B0GZ7QH8GB, B0GC2X1YS5, B0G8DG91M3, B0GZ8MP6CW, B0GZDZGZ6Z, B0GZCCT1FG, B0G4J4XPFC, B0GH6XN1NH, B0GZ8P3FRF, B0GZDN4WHF, B0GZ8932R9, B0GHHNVZLF, B0GZD8XY8M, B0GZL5XWQ1, B0G8FHNS67, B0GFFS8KW8, B0GJT1SWDB, B0GZDB9STD, B0G4BL7T1Q, B0GGN3BRGT, B0G8F7F4N5, B0GGXZTYWT, B0G4BNLD6X, B0G4FMLRYT, B0GBRV4J8N, B0GJ2VLCF2, B0G4FLZWRJ, B0G4X5PFNG, B0GH678F5B, B0GJPG7K7W, B0GFP7P1WN, B0G4BQFHTQ, B0G4J62PGL, B0GZDL1DR7, B0GZD76ZD7, B0GZDPY8LX, B0GC9PFBW2, B0GZLFHFBT]",amzn1.campaign.3NAJAVXSSHS2O,2,Azmyxus,2026-08-25,2027-08-25,10.00%,5000.0,5000.0,32,800,false
"[B0CQFVGMR7, B0GDDRSRCG]",amzn1.campaign.3LJXFP1B01LPI,B0GDDRSRCG & B0CQFVGMR7 8月清货 12%,Yokimisu,2026-08-25,2026-09-30,12.00%,5000.0,4744.86,10,800,false
"[B0H2YC5HGJ, B0H2Y9NLWX, B0H2YCW4QT, B0H2YDQPFY, B0H2Y9YZS5, B0H2YFGY8M, B0H2Y4W46Y, B0H2Y9CYXD, B0H2YFBVN5, B0H2YDM7GT, B0H2Y8542R, B0H2Y7R32G, B0H2Y9FZLB, B0H2YNJMT3, B0H2YBHZZG, B0H2YL2R58, B0H2Y5TYS2, B0H2YDP9DF, B0H2YNNYBJ, B0H2YBCB4D, B0H2Y849GD, B0H2YB6BT6, B0H2Y53D8J, B0H2YDH2KG, B0H2Y6KW4V, B0H2Y66N86, B0H2YF6FYQ, B0H2YFB2HK, B0H2Y691NS, B0H2Y3Z32Z, B0H2Y87P94, B0H2YBVJ9R, B0H2Y9QJFX, B0H2YFDNP7, B0H2YB2ZWD]",amzn1.campaign.1GFI2T310BZCD,Get 50% OFF NEW Rug Favorite-YL-MZL,PureCozy,2026-08-25,2026-11-04,10.00%,5000.0,5000.0,49,800,false
[B0H26Q8CDB],amzn1.campaign.3MYWSIRD97QB3,Evolur Cove 5-in-1 Convertible Wooden Baby Crib-985,évolur,2026-08-25,2026-11-25,10.00%,5000.0,4957.96,0,800,false
"[B0H2YC5HGJ, B0H2Y9NLWX, B0H2YCW4QT, B0H2YDQPFY, B0H2Y9YZS5, B0H2YFGY8M, B0H2Y4W46Y, B0H2Y9CYXD, B0H2YFBVN5, B0H2YDM7GT, B0H2Y8542R, B0H2Y7R32G, B0H2Y9FZLB, B0H2YNJMT3, B0H2YBHZZG, B0H2YL2R58, B0H2Y5TYS2, B0H2YDP9DF, B0H2YNNYBJ, B0H2YBCB4D, B0H2Y849GD, B0H2YB6BT6, B0H2Y53D8J, B0H2YDH2KG, B0H2Y6KW4V, B0H2Y66N86, B0H2YF6FYQ, B0H2YFB2HK, B0H2Y691NS, B0H2Y3Z32Z, B0H2Y87P94, B0H2YBVJ9R, B0H2Y9QJFX, B0H2YFDNP7, B0H2YB2ZWD]",amzn1.campaign.2R4CMMM17MHBW,NEW HOT HOT Deal! Home Upgrade Rug-YL-MZL,PureCozy,2026-08-25,2026-11-03,10.00%,5000.0,5000.0,49,800,false
"[B0G1RCGF5D, B0DFQ31BB3, B0FM3BYR9W, B0FM3FWW5R, B0DDC6FC6H, B0FHQM3THY, B0DFQ27TY1]",amzn1.campaign.1FI0STHY7JG4G,ASBFICG Everyday Jewelry Collection – Creator Campaign,ASBFICG,2026-08-25,2026-10-31,15.00%,5000.0,4995.2,15,800,false
"[B0H291KG31, B0H293VCM8, B0H298DHF6, B0H255HPJS, B0H2947P6K, B0H29483DM, B0H25B3973, B0H29619FB]",amzn1.campaign.1AWDDKO1XODH2,DR.CLEAN Angled Interdental Brush | Tight Gaps & Braces - Aug 2026,DR. CLEAN,2026-08-25,2026-10-31,20.00%,10000.0,9984.8,15,800,false
"[B0H2YC5HGJ, B0H2Y9NLWX, B0H2YCW4QT, B0H2YDQPFY, B0H2Y9YZS5, B0H2YFGY8M, B0H2Y4W46Y, B0H2Y9CYXD, B0H2YFBVN5, B0H2YDM7GT, B0H2Y8542R, B0H2Y7R32G, B0H2Y9FZLB, B0H2YNJMT3, B0H2YBHZZG, B0H2YL2R58, B0H2Y5TYS2, B0H2YDP9DF, B0H2YNNYBJ, B0H2YBCB4D, B0H2Y849GD, B0H2YB6BT6, B0H2Y53D8J, B0H2YDH2KG, B0H2Y6KW4V, B0H2Y66N86, B0H2YF6FYQ, B0H2YFB2HK, B0H2Y691NS, B0H2Y3Z32Z, B0H2Y87P94, B0H2YBVJ9R, B0H2Y9QJFX, B0H2YFDNP7, B0H2YB2ZWD]",amzn1.campaign.OCG96ROKW5E7,NEW Great Deal! Soft Rug Promotion-YL-MZL,PureCozy,2026-08-25,2026-11-02,10.00%,5000.0,5000.0,54,800,false
[B0GMKXXV2M],amzn1.campaign.1UO0J08WPDNRK,Creator campaign Silicone bibs,LUNABOO,2026-08-25,2026-12-31,10.00%,5000.0,4994.9,22,800,false
"[B0H2YC5HGJ, B0H2Y9NLWX, B0H2YCW4QT, B0H2YDQPFY, B0H2Y9YZS5, B0H2YFGY8M, B0H2Y4W46Y, B0H2Y9CYXD, B0H2YFBVN5, B0H2YDM7GT, B0H2Y8542R, B0H2Y7R32G, B0H2Y9FZLB, B0H2YNJMT3, B0H2YBHZZG, B0H2YL2R58, B0H2Y5TYS2, B0H2YDP9DF, B0H2YNNYBJ, B0H2YBCB4D, B0H2Y849GD, B0H2YB6BT6, B0H2Y53D8J, B0H2YDH2KG, B0H2Y6KW4V, B0H2Y66N86, B0H2YF6FYQ, B0H2YFB2HK, B0H2Y691NS, B0H2Y3Z32Z, B0H2Y87P94, B0H2YBVJ9R, B0H2Y9QJFX, B0H2YFDNP7, B0H2YB2ZWD]",amzn1.campaign.2Y6O4JHISVO3B,Get 50% OFF NEW Neutral Rug Deal-YL-MZL,PureCozy,2026-08-25,2026-10-31,10.00%,5000.0,5000.0,50,800,false
"[B0H2YC5HGJ, B0H2Y9NLWX, B0H2YCW4QT, B0H2YDQPFY, B0H2Y9YZS5, B0H2YFGY8M, B0H2Y4W46Y, B0H2Y9CYXD, B0H2YFBVN5, B0H2YDM7GT, B0H2Y8542R, B0H2Y7R32G, B0H2Y9FZLB, B0H2YNJMT3, B0H2YBHZZG, B0H2YL2R58, B0H2Y5TYS2, B0H2YDP9DF, B0H2YNNYBJ, B0H2YBCB4D, B0H2Y849GD, B0H2YB6BT6, B0H2Y53D8J, B0H2YDH2KG, B0H2Y6KW4V, B0H2Y66N86, B0H2YF6FYQ, B0H2YFB2HK, B0H2Y691NS, B0H2Y3Z32Z, B0H2Y87P94, B0H2YBVJ9R, B0H2Y9QJFX, B0H2YFDNP7, B0H2YB2ZWD]",amzn1.campaign.35H54LE9Z47T3,NEW Great Deal! Vintage Rug Savings-YL-MZL,PureCozy,2026-08-25,2026-10-30,10.00%,5000.0,5000.0,50,800,false
[B08CZ2S2JG],amzn1.campaign.387NZGQXPTMWN,évolur Stilnovo Mid-Century 4-in-1 Convertible Baby Crib-927,évolur,2026-08-25,2026-11-25,10.00%,5000.0,4907.22,0,800,false
"[B0H2TKG87V, B0H2TNX6MP]",amzn1.campaign.2D8N9NARTZY2S,DR.CLEAN Aldult 3-Sided Toothbrush | Smarter Daily Brushing - Aug 2026,DR. CLEAN,2026-08-25,2026-10-31,20.00%,10000.0,9996.2,7,800,false
"[B0H2YC5HGJ, B0H2Y9NLWX, B0H2YCW4QT, B0H2YDQPFY, B0H2Y9YZS5, B0H2YFGY8M, B0H2Y4W46Y, B0H2Y9CYXD, B0H2YFBVN5, B0H2YDM7GT, B0H2Y8542R, B0H2Y7R32G, B0H2Y9FZLB, B0H2YNJMT3, B0H2YBHZZG, B0H2YL2R58, B0H2Y5TYS2, B0H2YDP9DF, B0H2YNNYBJ, B0H2YBCB4D, B0H2Y849GD, B0H2YB6BT6, B0H2Y53D8J, B0H2YDH2KG, B0H2Y6KW4V, B0H2Y66N86, B0H2YF6FYQ, B0H2YFB2HK, B0H2Y691NS, B0H2Y3Z32Z, B0H2Y87P94, B0H2YBVJ9R, B0H2Y9QJFX, B0H2YFDNP7, B0H2YB2ZWD]",amzn1.campaign.3IY88HJSFKNNM,NEW HOT HOT Deal! Cozy Living Rug-YL-MZL,PureCozy,2026-08-25,2026-10-29,10.00%,5000.0,5000.0,53,800,false
"[B0FC26TRFC, B0FC27VF8K]",amzn1.campaign.19CNVR1CKEFD,"Natural Alabaster Wall Sconce, Brass Wall Sconce, Modern Bronze Marble Sconce",Hemali,2026-08-25,2027-08-25,25.00%,6000.0,5889.54,9,800,false
"[B0G4WQWKXD, B0G4WQ8LKP]",amzn1.campaign.2IN1E9SZA7YUH,Hannah & Sophia North Travel Diaper Backpack-3106,Hannah&Sophia,2026-08-25,2026-11-25,10.00%,5000.0,5000.0,11,800,false
[B0H6B5LYVL],amzn1.campaign.31Q1XRB7QWJMU,"Commission 20%, and 60% Urea Stick with 2% Salicylic Acid for Heels & Calluses",AURVEE,2026-08-25,2026-10-25,20.00%,5000.0,5000.0,10,800,false
"[B0GJS7M9PY, B0H3YXVY7G]",amzn1.campaign.1C65CZF9GQ1M8,"Hemali Brass Outdoor Wall Sconces,Rustproof Exterior Porch Light Fixtures",Hemali,2026-08-25,2027-08-25,25.00%,5000.0,5000.0,18,800,false
"[B0H4CDPXVJ, B0GJTMZDQ6]",amzn1.campaign.421PEQIY9QMR,"Hemali Brass Outdoor Wall Sconces,Rustproof Exterior Porch Light Fixtures",Hemali,2026-08-25,2027-08-25,25.00%,5000.0,4957.0,30,800,false
[B0HBR6NHNK],amzn1.campaign.3BZXK85F9303S,Dream On Me Premium 2-in-1 Baby Zzz Crib & Toddler Mattress-DOM1003X,Dream On Me,2026-08-25,2026-11-25,10.00%,5000.0,4944.0,0,800,false
"[B0H45JV74Q, B0FN2Z4YH2]",amzn1.campaign.2FACISPALJ8TT,"Hemali Brass Outdoor Wall Sconces,Rustproof Exterior Porch Light Fixtures",Hemali,2026-08-25,2027-08-25,25.00%,5000.0,5000.0,24,800,false
"[B0FNWQKFQP, B0FP1D1DWR, B0FNWQKL8P, B0G518BDQC, B0FNZVN4Z6, B0FP1HPL51, B0G4W7ZHR2, B0FP1FRDM9, B0C23Q5H1B]",amzn1.campaign.P8FNEKJOPJ7L,💰20% Commission for Airpods Case with Magnetic Lock & Phone Stand,valkit,2026-08-25,2026-09-25,20.00%,5000.0,4994.4,12,800,false
"[B0H2YC5HGJ, B0H2Y9NLWX, B0H2YCW4QT, B0H2YDQPFY, B0H2Y9YZS5, B0H2YFGY8M, B0H2Y4W46Y, B0H2Y9CYXD, B0H2YFBVN5, B0H2YDM7GT, B0H2Y8542R, B0H2Y7R32G, B0H2Y9FZLB, B0H2YNJMT3, B0H2YBHZZG, B0H2YL2R58, B0H2Y5TYS2, B0H2YDP9DF, B0H2YNNYBJ, B0H2YBCB4D, B0H2Y849GD, B0H2YB6BT6, B0H2Y53D8J, B0H2YDH2KG, B0H2Y6KW4V, B0H2Y66N86, B0H2YF6FYQ, B0H2YFB2HK, B0H2Y691NS, B0H2Y3Z32Z, B0H2Y87P94, B0H2YBVJ9R, B0H2Y9QJFX, B0H2YFDNP7, B0H2YB2ZWD]",amzn1.campaign.PBTT727UXSGD,Get 50% OFF! NEW Home Rug Launch-YL-MZL,PureCozy,2026-08-25,2026-10-28,10.00%,5000.0,4987.0,51,800,false
"[B0GT9KHQKF, B0HDLHVW5B, B0H87N9MBS]",amzn1.campaign.74K9HFPZ5F70,Cyaxzolp-Professional 3-axis stabilization & 4K ultra HD aerial footage Drone,Cyaxzolp,2026-08-25,2027-01-31,10.00%,99999.0,99999.0,0,800,false
[B0FN7ZSGZX],amzn1.campaign.21J3KLA8B9F6V,"Hemali Brass Outdoor Wall Sconces,Rustproof Exterior Porch Light Fixtures",Hemali,2026-08-25,2027-08-25,25.00%,5000.0,4941.0,24,800,false
[B0HBRFK6NC],amzn1.campaign.28XYUTF9GXH43,Dream On Me Premium 2-in-1 Baby Fairy Crib & Toddler Mattress-DOM1002X,Dream On Me,2026-08-25,2026-11-25,10.00%,5000.0,4969.2,0,800,false
"[B0H2YC5HGJ, B0H2Y9NLWX, B0H2YCW4QT, B0H2YDQPFY, B0H2Y9YZS5, B0H2YFGY8M, B0H2Y4W46Y, B0H2Y9CYXD, B0H2YFBVN5, B0H2YDM7GT, B0H2Y8542R, B0H2Y7R32G, B0H2Y9FZLB, B0H2YNJMT3, B0H2YBHZZG, B0H2YL2R58, B0H2Y5TYS2, B0H2YDP9DF, B0H2YNNYBJ, B0H2YBCB4D, B0H2Y849GD, B0H2YB6BT6, B0H2Y53D8J, B0H2YDH2KG, B0H2Y6KW4V, B0H2Y66N86, B0H2YF6FYQ, B0H2YFB2HK, B0H2Y691NS, B0H2Y3Z32Z, B0H2Y87P94, B0H2YBVJ9R, B0H2Y9QJFX, B0H2YFDNP7, B0H2YB2ZWD]",amzn1.campaign.2ZEW61FQZOB56,NEW HOT HOT Deal! Stylish Rug 40% OFF-YL-MZL,PureCozy,2026-08-25,2026-10-27,10.00%,5000.0,5000.0,48,800,false
"[B0DMNNY4D4, B0H6K9S1BH, B0F6TP11JN, B0F6VGTGGZ, B0F4RD1DGD, B0GRW73VB5, B0H6KCS7S9, B0DPC9BVVL, B0F4XZFG43, B0F4RF4598, B0DMNP7MZN, B0H6K7551Q, B0FHQNJLX8, B0DMNP7K6C, B0DMNPX46F, B0FDWN4TXB, B0FDW3GBW2, B0DMNPX46D, B0GRW77WXR, B0DW7YCJSZ, B0DW7NS666, B0FDWRBLZG, B0GVY1YCQ4, B0F6VCGJ8Z, B0FHQNPRT3, B0DMNNR7G3, B0F6VQ8QYV, B0DPCCVS7N, B0GRWCG6K7, B0F4Y1SXD8, B0FDWSM727, B0DMNKV7WX, B0GRVYPW99, B0F4Y4GWXF, B0FHQFB78H, B0FDWRFJ2F, B0DW7YWJKF, B0GRVYSHSP, B0DMNNN37Q, B0DMNQ35YT, B0DY7HQYRN, B0GRW737GD, B0GRW72L38, B0GRW9KX8Q, B0F4Y2WH2C, B0GRW94H67, B0GRW8JFV8, B0GRWC6SJ1, B0GVY4M7WF, B0DY7KKHNW, B0GRWCGP8H, B0DW7HT4C3, B0GRWGBWKH, B0GRW92N6M, B0H6JMY16C, B0FDWVG81W, B0F6VPZCNX, B0GRWC3K14, B0DMNN2V8D, B0GRVYY6P5, B0GRWCGKVR, B0H6JZMRQQ, B0F4RDQKKT, B0H6K7R4R5, B0H6JYSF3W, B0GVY29ZD7, B0H6JZGZSY, B0DW7VZDSZ, B0H6JYZQMQ, B0F4R9TT2D, B0GRW6TR7F, B0DMNKTZTV, B0F6TP236G, B0GRW8M54F, B0GRW4CFBC, B0F6VH7RSH, B0FDWNHS7H, B0DPC7XY6R, B0GVXX1MH9, B0DMN8XZT6, B0FDWRXQM7, B0DPC9HMND, B0DY7HV6R9, B0FHQB82J5, B0F6VCG387, B0GRWG8DJ3, B0DMN7TDZ3, B0FHQNZ18D, B0H6K3CMSK, B0DMNMVRY2, B0F4R9FHF4, B0F4XZL48V, B0H6JZVS1X, B0GVY1N2DC, B0F6VQXF85, B0GVXX1TPZ, B0DMNBQPSP, B0DMNDCDBR, B0GRW7L3XY, B0GRWBVTDP, B0DPC8RMW7, B0H6K24J19, B0GRWBYS8Q, B0FDWS9QNP, B0GRW3R6FQ, B0DMNK9WWT, B0FDWSN2C8, B0DMNNSLP5, B0H6K4BYBR, B0H6JWGFVC, B0DY7JGLBC, B0GRW24M29, B0GRW6Y2VD, B0GRW8QP6R, B0DMNB5CTV, B0H6JNQF6V, B0H6K7M4LW, B0GRW3WSQT, B0H6JWPCLW, B0H6K7GT4T, B0DMNQ7QWG, B0DY7HJD9V, B0FHQJZDVT, B0F6VHHXV4, B0GRW8MN6V]",amzn1.campaign.3NVLPT391UQ1G,B0DMNCDY66 10%commission 09-10-10-31,Kelxjia,2026-09-10,2026-10-31,10.00%,5000.0,4981.32,31,800,false
"[B0H2P45SVD, B0H2SGMNX7, B0H2P7JNPF, B0H2P658DN]",amzn1.campaign.2KCB0KU75DP1A,CUMOM 2-in-1 Convertible Baby Stroller Creator Campaign,CUMOM,2026-08-25,2027-08-25,10.00%,5000.0,5000.0,26,800,false
[B0H63DNG6T],amzn1.campaign.2RK0TC09065UR,Potential 15% Commision ShanfeCraft 3-in-1 Egg Slicer / Soft Fruit Slicer,ShanfeCraft,2026-08-25,2026-10-31,15.00%,5000.0,4994.0,18,800,false
"[B0F1D1M627, B0F1D2V92T, B0F3JTDMY2, B0F3JPSG88, B0F1D1B2NG]",amzn1.campaign.ZUC3J2JKNEJY,TOBOVON Magnetic Case for Moto G 2026/2025 Case/Moto G Play 2026 Case with Stand,TOBOVON,2026-08-25,2026-11-30,10.00%,5000.0,4998.6,30,800,false
"[B0H2YC5HGJ, B0H2Y9NLWX, B0H2YCW4QT, B0H2YDQPFY, B0H2Y9YZS5, B0H2YFGY8M, B0H2Y4W46Y, B0H2Y9CYXD, B0H2YFBVN5, B0H2YDM7GT, B0H2Y8542R, B0H2Y7R32G, B0H2Y9FZLB, B0H2YNJMT3, B0H2YBHZZG, B0H2YL2R58, B0H2Y5TYS2, B0H2YDP9DF, B0H2YNNYBJ, B0H2YBCB4D, B0H2Y849GD, B0H2YB6BT6, B0H2Y53D8J, B0H2YDH2KG, B0H2Y6KW4V, B0H2Y66N86, B0H2YF6FYQ, B0H2YFB2HK, B0H2Y691NS, B0H2Y3Z32Z, B0H2Y87P94, B0H2YBVJ9R, B0H2Y9QJFX, B0H2YFDNP7, B0H2YB2ZWD]",amzn1.campaign.JNKPIKZMAJWW,NEW Great Deal! Save $60 on Rug-YL-MZL,PureCozy,2026-08-25,2026-10-26,10.00%,5000.0,5000.0,55,800,false
[B0D76VHTSH],amzn1.campaign.XR1IHINSRD1L,High Commission 30% – 3 Pack Microfiber Gym Towel Promotion,NUOYEE,2026-08-25,2026-09-24,30.00%,8000.0,7986.8,16,800,false
"[B0H2YC5HGJ, B0H2Y9NLWX, B0H2YCW4QT, B0H2YDQPFY, B0H2Y9YZS5, B0H2YFGY8M, B0H2Y4W46Y, B0H2Y9CYXD, B0H2YFBVN5, B0H2YDM7GT, B0H2Y8542R, B0H2Y7R32G, B0H2Y9FZLB, B0H2YNJMT3, B0H2YBHZZG, B0H2YL2R58, B0H2Y5TYS2, B0H2YDP9DF, B0H2YNNYBJ, B0H2YBCB4D, B0H2Y849GD, B0H2YB6BT6, B0H2Y53D8J, B0H2YDH2KG, B0H2Y6KW4V, B0H2Y66N86, B0H2YF6FYQ, B0H2YFB2HK, B0H2Y691NS, B0H2Y3Z32Z, B0H2Y87P94, B0H2YBVJ9R, B0H2Y9QJFX, B0H2YFDNP7, B0H2YB2ZWD]",amzn1.campaign.2AT0NMLXURFB3,Get 50% OFF NEW Cozy Rug Collection-YL-MZL,PureCozy,2026-08-25,2026-10-25,10.00%,5000.0,5000.0,50,800,false
"[B0H6QH8FXN, B0H6QMPX2T, B0H6QLG59J, B0H6QC8ZB9, B0H6QLNKNS, B0H6QLT62T, B0H6QDV5WT, B0H6QFNJ7Z, B0H6Q7DGYN, B0H6Q8BVQH, B0H6QBZ67B, B0H6QCVHKK, B0H6QDMJL9, B0H6QJF7FK, B0H6QKGFQX]",amzn1.campaign.1BNJLFJRYWKEA,💰20% Commission for New Item Launch! 20k+ Reviews 4.4‑Star New Airpods Case🔥,valkit,2026-08-25,2026-09-25,20.00%,5000.0,4912.2,25,800,false
[B0F99P9G11],amzn1.campaign.1K3CM2VYHXZ7D,Saker 38-Piece Magnetic Impact Nut Driver Set,Saker,2026-08-25,2026-09-24,10.00%,5000.0,4761.05,17,800,false
"[B0H6QH8FXN, B0H6QMPX2T, B0H6QLG59J, B0H6QC8ZB9, B0H6QLNKNS, B0H6QLT62T, B0H6QDV5WT, B0H6QFNJ7Z, B0H6Q7DGYN, B0H6Q8BVQH, B0H6QBZ67B, B0H6QCVHKK, B0H6QDMJL9, B0H6QJF7FK, B0H6QKGFQX]",amzn1.campaign.2M4LJOJ1Z4E32,💰15% Commission for New Item Launch! 20k+ Reviews 4.4‑Star New Airpods Case🔥,valkit,2026-08-25,2026-09-25,15.00%,5000.0,5000.0,38,800,false
[B0GY7CGZ85],amzn1.campaign.18KMF4QYZNR13,10% Comm | Jyumini | Metal Stapler for Desk,Jyumini,2026-08-26,2026-09-30,10.00%,5000.0,5000.0,4,800,false
"[B0H2YC5HGJ, B0H2Y9NLWX, B0H2YCW4QT, B0H2YDQPFY, B0H2Y9YZS5, B0H2YFGY8M, B0H2Y4W46Y, B0H2Y9CYXD, B0H2YFBVN5, B0H2YDM7GT, B0H2Y8542R, B0H2Y7R32G, B0H2Y9FZLB, B0H2YNJMT3, B0H2YBHZZG, B0H2YL2R58, B0H2Y5TYS2, B0H2YDP9DF, B0H2YNNYBJ, B0H2YBCB4D, B0H2Y849GD, B0H2YB6BT6, B0H2Y53D8J, B0H2YDH2KG, B0H2Y6KW4V, B0H2Y66N86, B0H2YF6FYQ, B0H2YFB2HK, B0H2Y691NS, B0H2Y3Z32Z, B0H2Y87P94, B0H2YBVJ9R, B0H2Y9QJFX, B0H2YFDNP7, B0H2YB2ZWD]",amzn1.campaign.3R66RV3L06EUU,NEW HOT HOT Deal! 50% OFF Rug Offer-YL-MZL,PureCozy,2026-08-25,2026-10-24,10.00%,5000.0,5000.0,54,800,false
"[B0DHZGZBH9, B0DHZK1Y7V, B0DHZKXQZ7, B0DHZJH349, B0DHZKDYDD, B0DHZKPDP6, B0DHZGT4F4, B0DHZK7FR6, B0DHZLRT88, B0DHZKNH93, B0DHZHTWTK, B0DHZLFH89, B0DHZKPDNF, B0DHZJTW2X, B0DHZJR968, B0DHZL4Q66, B0DHZL87SR, B0DHZK2GV3, B0DHZK8P56, B0DHZGMDQD, B0DHZK1FRW, B0DHZK8P4S, B0DHZJ616D, B0DHZJ9Q5N, B0DHZK1X3M, B0DHZJ7JZX, B0DHZL5J96, B0DHZJ7QDB, B0DHZJBDN5, B0DHZLWFYW, B0DHZLQG3G, B0DHZKJSDW, B0DHZJ4B6F, B0DHZJZG13, B0DHZMRN3K, B0DHZHYWSQ, B0DHZKZCYV, B0DHZJSZTJ, B0DHZL3SHQ, B0DHZK7CLC, B0DHZJR73S, B0DHZJWZ63, B0DHZKMQ25, B0DHZJLVHS, B0DHZKFL4K, B0DHZK1CNF, B0DHZKR4BS, B0DHZHDKX6, B0DHZMBQRW, B0DHZKNHRH, B0DHZJQYFZ, B0DHZLMY5H]",amzn1.campaign.1JD6M3EXYTYG9,Magnetic Stirring Coffee Mugs | 10% OFF | Coffee & Kitchen Finds ☕,MNZZ,2026-08-25,2026-10-15,20.00%,5000.0,4888.6,5,800,false
[B0GY7CGZ85],amzn1.campaign.30HLMLNV3X0AH,10% Comm | Jyumini | Metal Stapler for Office,Jyumini,2026-08-25,2026-09-30,10.00%,5000.0,5000.0,18,800,false
"[B0GJSL5Y12, B0H35GRJTT, B0H35HSHGW, B0H35CJ23X, B0H35L2WMX]",amzn1.campaign.IBT4JCTQRWJE,ThinkRider PP5 Spider Power Meter|10% Commission |Free sample,ThinkRider,2026-08-25,2026-11-30,10.00%,5000.0,4990.12,35,800,false
"[B0H25YR7M5, B0D14D58CR, B0H26367HJ, B0H263JZHD, B0FG7CLB1V, B0GKVH8SBW, B0D44RKCYX, B0H25TLJNH, B0H25XKR5C, B0CL6HV9NC, B0H2659GJ1, B0H2632JZ8, B0CL6HW4WY, B0CL6HRQJ7, B0GKVRS5XW, B0H263GHW9, B0H2D4CT3P, B0H3KVD21K, B0F6TL1DGC, B0CL6KFG5C, B0H25PKZMK, B0CL6K7M1K, B0H262R11G, B0H261M3QR, B0H13RT1NG, B0H99BCNQW, B0GKV99B3G, B0CL6K9R9D]",amzn1.campaign.1386ZO7LKQ1TP,LOVEVOOK Large Travel Backpack for Women 2214 10%,LOVEVOOK,2026-08-25,2026-09-25,10.00%,5000.0,5000.0,0,800,false
"[B0GHN2ZWHW, B0GHMRC51N, B0GY4PPWDP, B0H4LLXLC6, B0H4LPB9DJ, B0GHMS335N, B0GHN34FD4, B0GXJDGCQL, B0H4LF94QX, B0GHN2C4P1, B0GY4LCXXF, B0GHMRLS6X, B0H36LS8VN, B0GHMR45B1, B0GHMQ1Q9Z, B0H36R7GLM, B0GXJNJT57, B0GXJY2TXH, B0H4L8SS42, B0GHMNLNGV, B0GY4YDRBY, B0GHMV7PKV, B0GHMQG425, B0GHMQG424, B0GXJNF1F4, B0GHMVSBQ5, B0GXHYXDR5, B0GHNHTHQK, B0GY4MRKN4, B0H4LB4KYL, B0H4L8NWPH, B0GXJJC6T9, B0GHMNDDMJ, B0GHMNKL7T, B0H4LPTHK6, B0GHN4D6T3, B0GHMXSQ64, B0GHMTM6J5, B0GXJTTCJW, B0H4L3DRJ1, B0H4L5B975, B0GHMZ8VDM, B0GHMVGJBV, B0GHMTG6NR, B0GHMYF9BG, B0GHN45LCJ, B0GHN2K8N6, B0H4L7DRNP, B0GHMZ7JSN, B0GHMVRK2Z, B0GHN3RV9P, B0GHN2T1HH, B0GHMSDXWS, B0H36T15KL, B0GXJT3BT1, B0GXJGBGJC, B0H4LF6KFP, B0GHMR3CN4, B0GHMYQW83, B0GHMVPT6C, B0GXJL5JXR, B0GHN7WJ9K]",amzn1.campaign.A33BIAJN95A6,NEW Great Deal! Floral Rug Favorite -YL-MFY,PureCozy,2026-08-25,2026-11-21,10.00%,5000.0,4988.0,31,800,false
"[B0GX768H5S, B0GX9Y695M, B0FC68TVFT, B0DHV13HN4, B0GX79CQLM, B0FC68DKFN, B0DKFTD6W9, B0FC693STT, B0DKFSHKVH, B0GX72WJZP, B0DHTYQZRF, B0DHTZ252K, B0GX72YPTH, B0FCXSK3L1, B0DKFSFRZV, B0DHTZ2757, B0FC67TH14, B0F53VN6BH, B0GX75RVP8, B0DKFTQGMB, B0GXB3MF9N, B0DHTZSSZ9, B0DHTZ6F26, B0DKFTP1MP, B0GX9SHZ44, B0GX9YSVG9, B0FC67W9QT, B0GXB2Z7H7, B0FC66CFV2]",amzn1.campaign.KQV3PGAKECEK,🎯 The Baggy Shorts Takeover by Aelfric Eden MWJ 26082302,Aelfric Eden,2026-08-26,2026-10-14,12.00%,5000.0,5000.0,0,800,false
"[B0G7VSY73C, B0GS8M339K, B0GS8GGQKM, B0H7JWF31G, B0GS8D1B1H, B0H7JK5Z2P, B0G7TKH19M, B09SZ5S5T8, B0F1YBQHYV, B0D5MFZF8Q, B0F9FDZH79, B0H7JVW15L, B0F9FFYJ7W, B09SZ6BH2D, B0GH7WL8ZD, B0GS879C6W, B0GH7FMV2G, B0F1Y9HGKL, B0GS8QQMGM, B09SZ43DXT, B0GS8562LC, B0H7JX6S9M, B0GS91SWF7, B0H7JRX6RQ, B0H287H5K2, B0GS88SH9M, B0D5MH6X93, B0H7JS85KS, B0D5MG9WFD, B0F9FFPJY8, B0GS91MBQK, B0G7VWBRXX, B0GS8HLZ59, B0GS8KSJ15, B0F9FGNJQX, B0H7JPH5F9, B0H7JVRYNC, B0H7JRZWW2, B0GH7SGS58, B0H7JP13GV, B0F9FHMRY4, B0GS92MMHV, B0H7JWRT5L, B0H7JSX5ND, B0H7JSKJ4V, B0GS87QXGR, B0GS8V74T4, B0D5MGMVSZ, B0H7JZ3LB4, B0G7W4S851, B0GH7JTH9V]",amzn1.campaign.26ZCX90JM66GF,✨ Aelfric Eden | Summer & Fall Fashion Picks | 10% Commission ZQN 26082206,Aelfric Eden,2026-08-25,2026-10-30,10.00%,5000.0,5000.0,0,800,false
[B0G8FHJ2G8],amzn1.campaign.2T6TU2NOT48IL,Unwind Your Back for Less — 40% OFF Our Lower Back Massager,WARMSKY,2026-08-25,2026-09-30,10.00%,100000.0,100000.0,29,800,false
[B0H97NTV88],amzn1.campaign.FGO9I4BLE2YO,New product promotion - The brand-new upgraded pet steam spray brush for 2026.,YUVEXAHOO,2026-08-25,2026-09-30,10.00%,10000.0,9995.61,23,800,false
"[B0GHN2ZWHW, B0GHMRC51N, B0GY4PPWDP, B0H4LLXLC6, B0H4LPB9DJ, B0GHMS335N, B0GHN34FD4, B0GXJDGCQL, B0H4LF94QX, B0GHN2C4P1, B0GY4LCXXF, B0GHMRLS6X, B0H36LS8VN, B0GHMR45B1, B0GHMQ1Q9Z, B0H36R7GLM, B0GXJNJT57, B0GXJY2TXH, B0H4L8SS42, B0GHMNLNGV, B0GY4YDRBY, B0GHMV7PKV, B0GHMQG425, B0GHMQG424, B0GXJNF1F4, B0GHMVSBQ5, B0GXHYXDR5, B0GHNHTHQK, B0GY4MRKN4, B0H4LB4KYL, B0H4L8NWPH, B0GXJJC6T9, B0GHMNDDMJ, B0GHMNKL7T, B0H4LPTHK6, B0GHN4D6T3, B0GHMXSQ64, B0GHMTM6J5, B0GXJTTCJW, B0H4L3DRJ1, B0H4L5B975, B0GHMZ8VDM, B0GHMVGJBV, B0GHMTG6NR, B0GHMYF9BG, B0GHN45LCJ, B0GHN2K8N6, B0H4L7DRNP, B0GHMZ7JSN, B0GHMVRK2Z, B0GHN3RV9P, B0GHN2T1HH, B0GHMSDXWS, B0H36T15KL, B0GXJT3BT1, B0GXJGBGJC, B0H4LF6KFP, B0GHMR3CN4, B0GHMYQW83, B0GHMVPT6C, B0GXJL5JXR, B0GHN7WJ9K]",amzn1.campaign.2YQ445D2CWUFT,Get 50% OFF New Home Rug -YL-MFY,PureCozy,2026-08-25,2026-11-20,10.00%,5000.0,5000.0,31,800,false
[B0H6MDGXL3],amzn1.campaign.3BYLJ74UHPQBT,GENIUSGIFT Smart Fuse Bead Kit for 2.6mm Perler Beads,GENIUSGIFT,2026-08-26,2026-09-25,10.00%,5000.0,4998.0,31,800,false
[B0H713YRKC],amzn1.campaign.17IPQ3MCX28S5,4-in-1 Sciatica Support & Sculpt Relief Belt,Hidokam,2026-08-25,2026-12-31,20.00%,10000.0,9946.0,9,800,false
[B004SBH8XE],amzn1.campaign.HPZ15DFTNRHH,20% Commission–No Odor SMELLEZE Urine Odor Absorber – Naturally Stop the Stink!,SMELLEZE,2026-08-25,2027-08-25,20.00%,5000.0,4983.0,25,800,false
"[B0H5XK9S58, B0H5XBNKXF, B0H5X957RR, B0H5XCGCH6, B0H5XJNKFG]",amzn1.campaign.1OZRQCZLB2EYX,NightHug King Goose Down Luxury Comforter,NightHug,2026-08-25,2026-09-24,10.00%,5000.0,4934.94,16,800,false
"[B0HFJGG794, B0HFJCP286, B0HFJFWSVK, B0HFJFC58V, B0HFJ9H5RW, B0HFJ6P94Z, B0HFJHYR8Y, B0HFJFQX5Q, B0HFJ714LY, B0HFJ9D3CH, B0HFJG1RRR, B0HFJD3ZJN, B0HFJCG32Y, B0HFJ9GH1Z, B0HFJGF7N6]",amzn1.campaign.109RSSGGDVOVI,YH162 Breast Cancer Shirts for Women Pink Ribbon Graphic V Neck Tees Tops,HQP,2026-08-28,2026-10-31,12.00%,5000.0,4998.72,19,800,false
[B0GHZ6ZTWQ],amzn1.campaign.RBOXK481UIWC,Edrifyah001 birdbath,Edrifyah,2026-08-25,2026-09-24,10.00%,10000.0,9963.2,15,800,false
"[B0H9LDKBWX, B0H9LG3DSF, B0H9L6JY3V, B0H9LR3ZHX, B0H9LJ8BRW, B0H9LFFMC3, B0H9LGC5H5, B0H9LC67BC, B0H9LGMSCY]",amzn1.campaign.1DWOJIUITFGRN,75 Collaboration Opportunity – Dainty Double Gold Pink Blue Heart Necklace,Nymerianoble,2026-08-25,2026-12-31,10.00%,5000.0,5000.0,25,800,false
"[B0H8XTYRRH, B0H8X73CHV, B0H8WYGKYL, B0H8WXCQ1K, B0H8WMQFS5, B0H8WRPV4H, B0H8X1VRZX, B0H8XC1LR7, B0H8WNB3VK, B0H8WV13FV, B0H8WNBFBM, B0H8WVDTYH, B0H8X924S6, B0H8WQRF9T, B0H8X419YH, B0H8WFHHR1, B0H8X7DNMQ, B0H8X6N7XC, B0H8WRRZ1H, B0H8WVXB9W, B0H8WVF5HM, B0H8WNGDDS, B0H8X6Q6JP, B0H8X225BH, B0H8X4G1T6, B0H8WJ1G7Z]",amzn1.campaign.114OYTEOIK1KU,Silicone Wave‑Strap for Apple Watch,AMSKY,2026-08-25,2026-11-30,10.00%,5000.0,4992.12,19,800,false
"[B0GVJ77S6G, B0GGH9Z663, B0GRN4Y8PB, B0H13TZS3S, B0GVJ37XBP, B0GVJ1NGCF, B0GVHWWMWG, B0GVHX9NSD, B0H296HY7R, B0FR9F1RV2, B0GVJ7S4YZ, B0GVHXCLX5, B0GVJ841L7, B0B4VRJND1, B0GVHXGCDN, B0GVJ66TZR, B0GGH1GM5S, B0H8BKY5NQ, B0H3NK4QFC, B0GVJ6K692, B0GGGQKTCP, B0GVHZW925, B0H4YMXQ6K]",amzn1.campaign.1W31XR1YIIXEN,250 Density 13x6 Curly Wig Human Hair,Lannaax,2026-08-25,2027-05-31,10.00%,5000.0,5000.0,31,800,false
"[B0GJ6G5K1D, B0GJ6PN2DJ, B0GJ5W4J8K, B0GJ6K1DMC, B0GJ5DWN1L, B0GJ5NXRSH, B0GJ5VXX6N, B0GJ633RMD, B0GJ5PKPTZ, B0GJ5JJ975, B0GJ6SNRP9, B0GJ5K83M7, B0GJ72SZNV, B0GJ65SHRR]",amzn1.campaign.1BCFWHYL25FSE,Duzidor Mens Wide Leg Jeans Influencer Collaboration,Duzidor,2026-08-25,2026-09-24,10.00%,5000.0,5000.0,22,800,false
[B0H4V2HFTJ],amzn1.campaign.13UZ5F3SXX0FS,创作者计划,DIWONE,2026-08-25,2026-12-31,10.00%,5000.0,4997.0,28,800,false
"[B0F2DYDPJK, B0F2DTR16H, B0DHXNPRGC, B0GWVQB3TN, B0DHXNMYZ7]",amzn1.campaign.1IPK8M6PVSDXS,Collaboration Invitation: Feature Our Popular Gold Measuring Cups & Spoons Set,Sinnlicht,2026-08-31,2026-09-30,10.00%,5000.0,5000.0,18,800,false
"[B0HBK7PRT9, B0HBKFVB1V, B0HBK8VNTP, B0HBKFKDRY, B0HBK23GT8, B0HBKCX8XP, B0HDCMD698, B0HBK716S3, B0HDCCP18L, B0HBK86BBJ, B0HBK89ZK9, B0HBJZHV3X, B0HBK9LWQZ, B0HBKKDMS5, B0HBK5KR9X, B0HDCJ1BC7, B0HBJYSHYZ, B0HBKDFWQC, B0HBKKMG63, B0HBKB2WQQ, B0HBK8B759, B0HBK8B757, B0HDCF4P6F, B0HBK98XS5, B0HDCFHKX1, B0HBK2J6BR, B0HBJYP214, B0HBK5H54W, B0HBK2RR9R, B0HBK8S4X7]",amzn1.campaign.2UKV1MJ9YSN5D,YH153 Halloween 3D Effect T-Shirt for Men Pirate Costume Short Sleeve Shirt,HQP,2026-08-25,2026-10-10,10.00%,5000.0,4994.69,21,800,false
"[B0F2DYDPJK, B0F2DTR16H, B0DHXNPRGC, B0GWVQB3TN, B0DHXNMYZ7]",amzn1.campaign.3MAN208L8DPSR,Collaboration Invitation: Feature Our Popular Gold Measuring Cups & Spoons Set,Sinnlicht,2026-08-30,2026-09-30,10.00%,5000.0,5000.0,42,800,false
"[B0F2DYDPJK, B0F2DTR16H, B0DHXNPRGC, B0GWVQB3TN, B0DHXNMYZ7]",amzn1.campaign.2UHPHZIIII099,Collaboration Invitation: Feature Our Popular Gold Measuring Cups & Spoons Set,Sinnlicht,2026-08-29,2026-09-30,10.00%,5000.0,5000.0,41,800,false
"[B0GHN2ZWHW, B0GHMRC51N, B0GY4PPWDP, B0H4LLXLC6, B0H4LPB9DJ, B0GHMS335N, B0GHN34FD4, B0GXJDGCQL, B0H4LF94QX, B0GHN2C4P1, B0GY4LCXXF, B0GHMRLS6X, B0H36LS8VN, B0GHMR45B1, B0GHMQ1Q9Z, B0H36R7GLM, B0GXJNJT57, B0GXJY2TXH, B0H4L8SS42, B0GHMNLNGV, B0GY4YDRBY, B0GHMV7PKV, B0GHMQG425, B0GHMQG424, B0GXJNF1F4, B0GHMVSBQ5, B0GXHYXDR5, B0GHNHTHQK, B0GY4MRKN4, B0H4LB4KYL, B0H4L8NWPH, B0GXJJC6T9, B0GHMNDDMJ, B0GHMNKL7T, B0H4LPTHK6, B0GHN4D6T3, B0GHMXSQ64, B0GHMTM6J5, B0GXJTTCJW, B0H4L3DRJ1, B0H4L5B975, B0GHMZ8VDM, B0GHMVGJBV, B0GHMTG6NR, B0GHMYF9BG, B0GHN45LCJ, B0GHN2K8N6, B0H4L7DRNP, B0GHMZ7JSN, B0GHMVRK2Z, B0GHN3RV9P, B0GHN2T1HH, B0GHMSDXWS, B0H36T15KL, B0GXJT3BT1, B0GXJGBGJC, B0H4LF6KFP, B0GHMR3CN4, B0GHMYQW83, B0GHMVPT6C, B0GXJL5JXR, B0GHN7WJ9K]",amzn1.campaign.3TXYXTCTXHRG1,NEW HOT HOT Deal! Floral Carpet Drop -YL-MFY,PureCozy,2026-08-25,2026-11-19,10.00%,5000.0,5000.0,40,800,false
"[B0F2DYDPJK, B0F2DTR16H, B0DHXNPRGC, B0GWVQB3TN, B0DHXNMYZ7]",amzn1.campaign.8JCD4NO1JFQI,Collaboration Invitation: Feature Our Popular Gold Measuring Cups & Spoons Set,Sinnlicht,2026-08-28,2026-09-30,10.00%,5000.0,5000.0,51,800,false
"[B0H9KH7DGD, B0H9K2TJ7V, B0H9K7JR6G, B0H9KG1HV6, B0H9KKRKR2, B0H9KF65FP, B0H9KF77DK, B0H9KPCS99, B0H9KGDZRQ, B0H9KKJBTH, B0H9KCRVMK, B0H9KDLTLX, B0H9KB2S7K, B0H9KBGL6B, B0H9KDFXZ9]",amzn1.campaign.VQGWD99LROKE,YH152 Men's Halloween Plaid Flannel Long Sleeve Button Down Shirts,HQP,2026-08-25,2026-10-10,15.00%,5000.0,4956.75,26,800,false
"[B0F2DYDPJK, B0F2DTR16H, B0DHXNPRGC, B0GWVQB3TN, B0DHXNMYZ7]",amzn1.campaign.1YVSCWK8ZHZMD,Collaboration Invitation: Feature Our Popular Gold Measuring Cups & Spoons Set,Sinnlicht,2026-08-27,2026-09-30,10.00%,5000.0,5000.0,51,800,false
"[B0H4LNLC2H, B0H4LNX2V8, B0H4LNCCYJ, B0H4LKRP4X, B0H4LKPPB5, B0H4LY1KS7]",amzn1.campaign.2XALMHMDLXCKJ,30 Collaboration Opportunity – Dainty Cz Stackable Rings for Women,ANOBLEJRY,2026-08-25,2027-01-31,10.00%,5000.0,4997.12,19,800,false
"[B0F2DYDPJK, B0F2DTR16H, B0DHXNPRGC, B0GWVQB3TN, B0DHXNMYZ7]",amzn1.campaign.2N9Z3I7972UC8,Collaboration Invitation: Feature Our Popular Gold Measuring Cups & Spoons Set,Sinnlicht,2026-08-26,2026-09-30,10.00%,5000.0,5000.0,52,800,false
"[B0FGTY5GRN, B0F9YT6WF7]",amzn1.campaign.3DFTJ314U4G1F,4-Pack Fireworks Water Gun Splash Campaign,Zalcerin,2026-08-25,2027-08-25,10.00%,100000.0,99988.3,19,800,false
"[B0F2DYDPJK, B0F2DTR16H, B0DHXNPRGC, B0GWVQB3TN, B0DHXNMYZ7]",amzn1.campaign.34U4M4IR4JFIM,Collaboration Invitation: Feature Our Popular Gold Measuring Cups & Spoons Set,Sinnlicht,2026-08-25,2026-12-31,10.00%,5000.0,4941.49,50,800,false
"[B0H833FMKS, B0H839PMNQ, B0H83BKDP1, B0H83CL9CD, B0H83B7R7C, B0H83B94XY, B0H8318RHJ, B0H83DB3BM, B0H8354V1B, B0H839NWTW, B0H837DV4X, B0H839T149, B0H83HNQ77, B0H838PXBH, B0H83G1TFK, B0H83CJPC7, B0H83CQ998, B0H83CC626, B0H83G6YV2, B0H8399D72, B0H83BQBQJ, B0H83FCDJY, B0H83DHC2M, B0H83BZYMQ, B0H833N8GT, B0H83B5KNQ, B0H834TQPS]",amzn1.campaign.3N4JEBP8JRJDL,YH151 Halloween T Shirt for Men Fall Halloween Pumpkin Graphic Tee,HQP,2026-08-25,2026-10-10,10.00%,5000.0,4998.93,26,800,false
"[B09W9DW175, B0DGBW4N3C, B09BVCDYX2, B09BVCX197, B0DB5LZBVC, B09W9BHVN4, B0DB5MJVZS, B09W99WNFB, B0DB5P54K1, B0D83GNHQK, B09W99PG9S, B09BVD1HF8, B0DGCZCT2G, B0C17MYQTF, B0DG8CTD9Y, B09BVDPQWK, B09W99PSY9, B0DG8DF1WQ]",amzn1.campaign.3FOYHZM7B8TDF,"1000 units/month, 10% commission, balance bike, Dec 2nd - Mar 2nd",bikeboy,2026-08-25,2027-08-25,10.00%,1000000.0,999865.36,0,800,false
[B0DLP9ZNCG],amzn1.campaign.XNG5VRVPJP4,"🍳 Tiny Kitchen, Big Dreams? 🏠 This Chopper Fits ANYWHERE!",Liebe&Lecker,2026-08-27,2027-07-30,15.00%,5000.0,5000.0,30,800,false
"[B0H29NQ65H, B0H29H5Q8V, B0H29L4Z14, B0H29M4T5L, B0H29FBN7J, B0H29MJ1HT, B0H29QNTLY, B0H29M2QHY, B0H299DV3J, B0H29FK71G, B0H29J9DMM, B0H29N5TC8, B0H29JVKKC, B0H29R1WSN, B0H29CT4WK, B0H29HTZT6, B0H29K75QZ, B0H29J343J, B0H29P83HH, B0H29NDTXZ, B0H29GLJRP, B0H2C6QB15, B0H29GCPDK, B0H29N31L1, B0H29JF5P8, B0H29GCPDL, B0H29PTZCY, B0H29MZVHP, B0H29GT9WT, B0H299FC3S, B0H29RNKRV, B0H29P6MTR, B0H29Q8ZT8, B0H29KT647, B0H29N9X1T, B0H29X4ZHJ, B0H29SMKQ1, B0H29JV5HT, B0H29K9MKZ, B0H29HM15Z]",amzn1.campaign.1PE1131DU5HSM,893P,Siyaacg,2026-08-25,2026-09-30,10.00%,5000.0,4812.43,0,800,false
[B0DLP9ZNCG],amzn1.campaign.1QVPWVU1DCX88,⏰ Meal Prep for One? 🥑 This Little Chopper Saves Me SO Much Time!,Liebe&Lecker,2026-08-27,2027-07-31,15.00%,5000.0,5000.0,35,800,false
"[B0GQSGY3DB, B0GQSJGHWN, B0GQSV6VYG, B0GQSNW5ZJ]",amzn1.campaign.2QDN7PAZPT928,Butter Crock-13,Lyeec,2026-08-25,2027-08-25,13.00%,50000.0,50000.0,21,800,false
"[B0GHN2ZWHW, B0GHMRC51N, B0GY4PPWDP, B0H4LLXLC6, B0H4LPB9DJ, B0GHMS335N, B0GHN34FD4, B0GXJDGCQL, B0H4LF94QX, B0GHN2C4P1, B0GY4LCXXF, B0GHMRLS6X, B0H36LS8VN, B0GHMR45B1, B0GHMQ1Q9Z, B0H36R7GLM, B0GXJNJT57, B0GXJY2TXH, B0H4L8SS42, B0GHMNLNGV, B0GY4YDRBY, B0GHMV7PKV, B0GHMQG425, B0GHMQG424, B0GXJNF1F4, B0GHMVSBQ5, B0GXHYXDR5, B0GHNHTHQK, B0GY4MRKN4, B0H4LB4KYL, B0H4L8NWPH, B0GXJJC6T9, B0GHMNDDMJ, B0GHMNKL7T, B0H4LPTHK6, B0GHN4D6T3, B0GHMXSQ64, B0GHMTM6J5, B0GXJTTCJW, B0H4L3DRJ1, B0H4L5B975, B0GHMZ8VDM, B0GHMVGJBV, B0GHMTG6NR, B0GHMYF9BG, B0GHN45LCJ, B0GHN2K8N6, B0H4L7DRNP, B0GHMZ7JSN, B0GHMVRK2Z, B0GHN3RV9P, B0GHN2T1HH, B0GHMSDXWS, B0H36T15KL, B0GXJT3BT1, B0GXJGBGJC, B0H4LF6KFP, B0GHMR3CN4, B0GHMYQW83, B0GHMVPT6C, B0GXJL5JXR, B0GHN7WJ9K]",amzn1.campaign.3EON3UC2R7BOQ,NEW Great Deal! Botanical Rug Hot Sale -YL-MFY,PureCozy,2026-08-25,2026-11-18,10.00%,5000.0,5000.0,43,800,false
[B0H1MXGCNQ],amzn1.campaign.2RJ8ZTG9VIXR4,"Put Down the Phone, Jump Into Summer Fun",Zalcerin,2026-08-25,2027-08-25,10.00%,100000.0,99998.74,25,800,false
[B0GGP82XNJ],amzn1.campaign.1YINQO42KDNB9,"🍳 Where Do You Put a Hot, Steamy Lid? 🙋‍♀️ This Little Gadget Has the Answer!",Liebe&Lecker,2026-08-27,2027-07-27,30.00%,5000.0,5000.0,33,800,false
"[B0HBP89TM6, B0H83M8X3G, B0H7XNX4L3]",amzn1.campaign.2Q5XLEB1PJYTZ,Earn 20% Commission Upgraded Dual Flexible Race Track! 50%OFF-Code:Y738SGNE,TAEMVV,2026-08-25,2026-09-30,20.00%,5000.0,5000.0,2,800,false
"[B0FDW87LJJ, B0GZNT6H7X, B0FQJJ94BT, B0FNBWY8XX, B0FNCB5DNT, B0FDVHVGK1, B0FDW27TP3, B0H4FSRYYM, B0FQJKQG8X, B0FDWG4WFL, B0FDWJKXWC, B0GXZ5R83G, B0H9MKBN6B, B0FN7TFHJW, B0DJVJZX79, B0FN7TNN71, B0GXZJ55KH, B0FNC21PH5, B0DKT4F3XX, B0DKT749RY, B0FDWCJMR6, B0DJVH99GP, B0H4FJS25M, B0FQJJ8NZG, B0FN7SNHLL, B0FN7WTC1V, B0FNBWLTSJ, B0FN7WL446, B0FDVHT681, B0DJVK3WBR, B0FNBKYYP1, B0GZNVDHDK, B0GZNQ388R, B0GZNQ356Q, B0BKGFHWX9, B0FQJFXQQL, B0HCN84962, B0DKT4PQVV, B0HCN7QWSR, B0FN7WSYR3, B0H9MP8ZWL, B0H9MT2JKQ, B0BKGFZT7V, B0FN7TMZXS, B0H4FFYWZ2, B0HCMRQK3W, B0BKGKS74M, B0FDVHTV3C, B0FN7VP7SR, B0GXZDPJMG, B0FDWFYV8G, B0FNBGK9H5, B0FN7W5LLM, B0FN7WMJZX, B0H9MNXW12, B0FDWK8DZF, B0FDWCFHV9, B0FNBWBVVV, B0HDC9S5VW, B0DKT5W4NL, B0BKGDSD8C, B0H9MDTD34, B0GXZD513S, B0GZNRXXCH, B0FNCBCKVN, B0H9MMDND4, B0H9MKFR4T, B0BKGH6N12, B0H9MG6PGB, B0GXZG3L71, B0BKG9WHF7, B0FQJK9J6Q, B0H9MDSP6B, B0H9MMH1RP, B0DJVJCZFP, B0FDVHTWBC, B0H4FVNM38]",amzn1.campaign.1UTFL6CM8XBEH,🧥 Layer Up In Statement Knits by Aelfric Eden MWJ 26082203,Aelfric Eden,2026-08-25,2026-10-15,12.00%,5000.0,5000.0,0,800,false
[B0GGP82XNJ],amzn1.campaign.1GA5PRY1O2N46,📱 Following a Recipe While Cooking? 😅 This Holder Keeps My Phone Safe & Dry!,Liebe&Lecker,2026-08-27,2027-07-28,30.00%,5000.0,5000.0,32,800,false
"[B0FJ1H2N1C, B0FX7W2VHR, B0FJ1G4SP4, B0H54ZCMW4, B0FJ1VXPXG, B0H553L44Q, B0FJ19PB9Q]",amzn1.campaign.PH4X6R4NP75K,Stop Letting the Shoreline Decide Where You Can Fish. 🌊🎣,SHOUDE,2026-08-25,2027-03-09,10.00%,5000.0,5000.0,42,800,false
[B0FHQ9K76K],amzn1.campaign.1VD541X0T057S,Limited-Time ANGELBLISS BCR08 Bassinet Creator Campaign - Earn 15% Commission,ANGELBLISS,2026-09-01,2027-08-25,15.00%,10000.0,10000.0,0,800,false
"[B0GQS3N6FG, B0GQS2GRTS, B0GQS5FS87, B0GQSJYD6L, B0GQRSTN49]",amzn1.campaign.X52I85926HQW,红色破洞牛仔裤+8.11,Arkordi,2026-08-25,2027-02-08,12.00%,5000.0,5000.0,61,800,false
"[B0FJ1H2N1C, B0FX7W2VHR, B0FJ1G4SP4, B0H54ZCMW4, B0FJ1VXPXG, B0H553L44Q, B0FJ19PB9Q]",amzn1.campaign.3S6ZJP3WQHF82,Longer Doesn't Always Mean Better—Control Is What Counts. 🎣,SHOUDE,2026-08-25,2027-03-08,10.00%,5000.0,5000.0,46,800,false
"[B0FJ1H2N1C, B0FX7W2VHR, B0FJ1G4SP4, B0H54ZCMW4, B0FJ1VXPXG, B0H553L44Q, B0FJ19PB9Q]",amzn1.campaign.16LJMSWTC8ZQ8,Casting Heavy Baits From the Beach? You Need a Rod That Can Keep Up. 🎣,SHOUDE,2026-08-25,2027-03-07,10.00%,5000.0,5000.0,40,800,false
"[B0GQS3N6FG, B0GQS2GRTS, B0GQS5FS87, B0GQSJYD6L, B0GQRSTN49]",amzn1.campaign.3RXHVUXQTKGIR,红色破洞牛仔裤+8.11,Arkordi,2026-08-25,2027-02-07,12.00%,5000.0,5000.0,61,800,false
[B0FHQ9K76K],amzn1.campaign.2AGU6H4R314XX,Promote the ANGELBLISS BCR08 Bedside Bassinet and Earn 15% Commission,ANGELBLISS,2026-08-25,2027-08-25,15.00%,10000.0,9898.62,0,800,false
"[B0FJ1H2N1C, B0FX7W2VHR, B0FJ1G4SP4, B0H54ZCMW4, B0FJ1VXPXG, B0H553L44Q, B0FJ19PB9Q]",amzn1.campaign.2I6P8AR245MR7,The Right Surf Rod Can Change Your Whole Beach Fishing Setup 🌊🎣,SHOUDE,2026-08-25,2027-03-06,10.00%,5000.0,5000.0,47,800,false
[B0GGP82XNJ],amzn1.campaign.1W189HSK53CIW,🥄 Spatula Dripping Oil Everywhere? 🙄 This Spoon Rest Catches It ALL!,Liebe&Lecker,2026-08-27,2027-07-29,30.00%,5000.0,5000.0,34,800,false
"[B0GQS3N6FG, B0GQS2GRTS, B0GQS5FS87, B0GQSJYD6L, B0GQRSTN49]",amzn1.campaign.DFU04SA3MKHI,红色破洞牛仔裤+8.11,Arkordi,2026-08-25,2027-02-06,12.00%,5000.0,5000.0,66,800,false
[B0CT3ZXB5D],amzn1.campaign.3MN4O3GY59YW6,GT01,· GRILLGEN ·,2026-08-25,2027-08-25,10.00%,5000.0,4997.3,33,800,false
[B0GGP82XNJ],amzn1.campaign.101E3VJV5RBND,"🤯 3 Utensils, 1 Hot Lid, Zero Counter Space — Help!",Liebe&Lecker,2026-08-27,2027-07-30,30.00%,5000.0,5000.0,34,800,false
"[B0FJ1H2N1C, B0FX7W2VHR, B0FJ1G4SP4, B0H54ZCMW4, B0FJ1VXPXG, B0H553L44Q, B0FJ19PB9Q]",amzn1.campaign.37INWODK0CH74,Need More Casting Distance From Your Surf Rod? 🎣,SHOUDE,2026-08-25,2027-03-05,10.00%,5000.0,5000.0,51,800,false
"[B0GQS3N6FG, B0GQS2GRTS, B0GQS5FS87, B0GQSJYD6L, B0GQRSTN49]",amzn1.campaign.2UM905HHMCC20,红色破洞牛仔裤+8.11,Arkordi,2026-08-25,2027-02-05,12.00%,5000.0,5000.0,67,800,false
[B0GGP82XNJ],amzn1.campaign.1O5H28MBLYOPZ,🧼 Hate Hand-Washing Kitchen Gadgets? 🚫 This One Goes in the Dishwasher!,Liebe&Lecker,2026-08-27,2027-07-31,30.00%,5000.0,5000.0,24,800,false
"[B0BM957BNH, B0BWYCTQNH, B0BM958GFZ, B0BWN5Q5XB, B0CJ9769F1, B0BM9527QT, B0BWN4JVYP, B0BM97PJ9M, B0BM95XKDJ, B0BM96VQ7D, B0BWN6WRW2, B0BM95NFX4, B0BM95TWGW, B0CJ97DW9M, B0BM96LRP4, B0BWN5316D, B0BWYC1V3M, B0BM973S6N]",amzn1.campaign.2YIVY94PBKZRQ,Perfect Gifts Hot Selling 18K Gold Plated Mens Rings 15% Discount 10% Commission,Ropartman,2026-08-25,2026-12-31,10.00%,5000.0,4983.28,18,800,false
"[B0GHN2ZWHW, B0GHMRC51N, B0GY4PPWDP, B0H4LLXLC6, B0H4LPB9DJ, B0GHMS335N, B0GHN34FD4, B0GXJDGCQL, B0H4LF94QX, B0GHN2C4P1, B0GY4LCXXF, B0GHMRLS6X, B0H36LS8VN, B0GHMR45B1, B0GHMQ1Q9Z, B0H36R7GLM, B0GXJNJT57, B0GXJY2TXH, B0H4L8SS42, B0GHMNLNGV, B0GY4YDRBY, B0GHMV7PKV, B0GHMQG425, B0GHMQG424, B0GXJNF1F4, B0GHMVSBQ5, B0GXHYXDR5, B0GHNHTHQK, B0GY4MRKN4, B0H4LB4KYL, B0H4L8NWPH, B0GXJJC6T9, B0GHMNDDMJ, B0GHMNKL7T, B0H4LPTHK6, B0GHN4D6T3, B0GHMXSQ64, B0GHMTM6J5, B0GXJTTCJW, B0H4L3DRJ1, B0H4L5B975, B0GHMZ8VDM, B0GHMVGJBV, B0GHMTG6NR, B0GHMYF9BG, B0GHN45LCJ, B0GHN2K8N6, B0H4L7DRNP, B0GHMZ7JSN, B0GHMVRK2Z, B0GHN3RV9P, B0GHN2T1HH, B0GHMSDXWS, B0H36T15KL, B0GXJT3BT1, B0GXJGBGJC, B0H4LF6KFP, B0GHMR3CN4, B0GHMYQW83, B0GHMVPT6C, B0GXJL5JXR, B0GHN7WJ9K]",amzn1.campaign.10CJCZCCGS82M,Get 50% OFF Cozy Floral Style -YL-MFY,PureCozy,2026-08-25,2026-11-17,10.00%,5000.0,5000.0,38,800,false
"[B0DZXKN1FQ, B0F58JP4Z9, B0F13LXW7H, B0F12HS167, B0F13KD2QX]",amzn1.campaign.1JVNUNXWPPJT9,Your Next Fishing Adventure Deserves Better Than Cheap Waders. 🎣,SHOUDE,2026-08-25,2027-03-04,20.00%,5000.0,5000.0,37,800,false
"[B0GQS3N6FG, B0GQS2GRTS, B0GQS5FS87, B0GQSJYD6L, B0GQRSTN49]",amzn1.campaign.15IN5819TVY8H,红色破洞牛仔裤+8.11,Arkordi,2026-08-25,2027-02-04,12.00%,5000.0,5000.0,64,800,false
"[B0DZXKN1FQ, B0F58JP4Z9, B0F13LXW7H, B0F12HS167, B0F13KD2QX]",amzn1.campaign.94NZMGNB3JKW,Long Days on the Water? Your Waders Matter More Than You Think. 🎣,SHOUDE,2026-08-25,2027-03-03,20.00%,5000.0,5000.0,45,800,false
"[B0DZXKN1FQ, B0F58JP4Z9, B0F13LXW7H, B0F12HS167, B0F13KD2QX]",amzn1.campaign.17A23SRI0XPD5,"When the Fish Are There, Don’t Let Deep Water Stop You. 🎣",SHOUDE,2026-08-25,2027-03-02,20.00%,5000.0,5000.0,43,800,false
"[B0H795V25B, B0H79QC6GM, B0H799D8WD, B0H79JS19N, B0H793SPHX, B0H78ZW1LG, B0H799KXT4, B0H79M51FQ, B0H794796T, B0H79K29CK, B0H792HB7T, B0H79M1QHH, B0H796G3YD, B0H79LQ8NM, B0H79F6BBD, B0H79JLTY8]",amzn1.campaign.2PDLW3GB4K2JI,YH148 Oktoberfest Shirt Men German Octoberfest Prost Shirts Bavarian Party Tops,HQP,2026-08-25,2026-09-30,10.00%,5000.0,4987.19,29,800,false
"[B0DZXKN1FQ, B0F58JP4Z9, B0F13LXW7H, B0F12HS167, B0F13KD2QX]",amzn1.campaign.16UZ53UBOTKJR,A Good Fishing Trip Starts With Staying Dry 🌊🎣,SHOUDE,2026-08-25,2027-03-01,20.00%,5000.0,5000.0,40,800,false
"[B0GQS3N6FG, B0GQS2GRTS, B0GQS5FS87, B0GQSJYD6L, B0GQRSTN49]",amzn1.campaign.EKTEH9EPFQOB,红色破洞牛仔裤+8.11,Arkordi,2026-08-25,2027-02-03,12.00%,5000.0,5000.0,70,800,false
"[B0GQS3N6FG, B0GQS2GRTS, B0GQS5FS87, B0GQSJYD6L, B0GQRSTN49]",amzn1.campaign.1U0GNEDAF25QU,红色破洞牛仔裤+8.11,Arkordi,2026-08-25,2027-02-02,12.00%,5000.0,5000.0,66,800,false
"[B0DZXKN1FQ, B0F58JP4Z9, B0F13LXW7H, B0F12HS167, B0F13KD2QX]",amzn1.campaign.11N99T3JKNGDI,Still Getting Soaked While Fishing? These Waders Change That. 🎣,SHOUDE,2026-08-25,2027-02-28,20.00%,5000.0,5000.0,49,800,false
"[B0H36VCZ66, B0H36WNQ48]",amzn1.campaign.35F3C7YFLXT9T,T-Custom Fit Mustang seat covers-TZ,AOMSAZTO,2026-08-25,2026-10-31,10.00%,5000.0,5000.0,27,800,false
"[B0H555PZR1, B0H551KXN3, B0H555BFNM, B0H54TN9Q1, B0H559BBFW, B0H54ZG1FZ, B0H557MH9V, B0H54Q41DP, B0H55482PC, B0H54WS6VV, B0H54YS4JN, B0H5537LL1, B0H554VFDF, B0H556NZX6, B0H5581532, B0H54ZQP28]",amzn1.campaign.2LJELYYCP1BX2,YH147 Dia De Los Muertos T-Shirt for Men Sugar Skull Graphic Short Sleeve Shirts,HQP,2026-08-25,2026-10-10,10.00%,5000.0,5000.0,29,800,false
"[B0GQS3N6FG, B0GQS2GRTS, B0GQS5FS87, B0GQSJYD6L, B0GQRSTN49]",amzn1.campaign.3UYR4FIK4M1WQ,红色破洞牛仔裤+8.11,Arkordi,2026-08-25,2027-02-01,12.00%,5000.0,5000.0,70,800,false
"[B0FPC5TGR3, B0GJZ6KS5K]",amzn1.campaign.31H8HTNAERY14,🥣 Baby Food in Seconds? 👶 This Stick Blender Is a New Parent‘s Best Friend!,Liebe&Lecker,2026-08-27,2027-07-27,20.00%,5000.0,5000.0,20,800,false
"[B0FPC5TGR3, B0GJZ6KS5K]",amzn1.campaign.12YGAAZGB4WER,🥛 Whipped Cream in 30 Seconds? 🍰 This Blender Replaced My Mixer!,Liebe&Lecker,2026-08-27,2027-07-28,20.00%,5000.0,5000.0,30,800,false
"[B0GQS3N6FG, B0GQS2GRTS, B0GQS5FS87, B0GQSJYD6L, B0GQRSTN49]",amzn1.campaign.353NE4MNNPOBT,红色破洞牛仔裤+8.11,Arkordi,2026-08-25,2027-01-31,12.00%,5000.0,5000.0,67,800,false
"[B0H4T4F1H4, B0H4T78NKM, B0H4SMPK6L, B0H4SN89LW, B0HCTGLKFF, B0HCSW8RSS, B0H4T2X2S6, B0H4T84XJQ, B0H4SYHT7Y, B0H4SQW325, B0H4SQX199, B0H4T33ZFT, B0H4SMNYB9, B0H4T7W65N, B0HCTC493D, B0H4T1RF9B, B0H4TCCM27, B0HCSVKQ7K, B0H4STNRDC, B0HCT6856H]",amzn1.campaign.3MGMSXKVV7DXI,YH146 9/11 25th Anniversary Shirt for Women Never Forget 911 T-Shirt USA Tops,HQP,2026-08-25,2026-09-30,10.00%,5000.0,4889.31,25,800,false
"[B0GQS3N6FG, B0GQS2GRTS, B0GQS5FS87, B0GQSJYD6L, B0GQRSTN49]",amzn1.campaign.36R1BOS0KUKMI,红色破洞牛仔裤+8.11,Arkordi,2026-08-25,2027-01-30,12.00%,5000.0,5000.0,64,800,false
[B0F18FN3WN],amzn1.campaign.3P4RUMSSRUPT,Bulk 50PCS Royal Blue Atificial Roses | 15% Commission | ASIN:  B0F18FN3WN,Wondrus,2026-08-25,2026-10-25,15.00%,5000.0,4969.49,23,800,false
"[B0GQS3N6FG, B0GQS2GRTS, B0GQS5FS87, B0GQSJYD6L, B0GQRSTN49]",amzn1.campaign.10MKE8LMH1U2A,红色破洞牛仔裤+8.11,Arkordi,2026-08-25,2027-01-29,12.00%,5000.0,5000.0,61,800,false
"[B0FPC5TGR3, B0GJZ6KS5K]",amzn1.campaign.1KN8C6M968Y1E,🫙 Perfect Mayonnaise in 60 Seconds? 🥪 This Blender Emulsifies Like Magic!,Liebe&Lecker,2026-08-27,2027-07-29,20.00%,5000.0,5000.0,37,800,false
"[B0GQS3N6FG, B0GQS2GRTS, B0GQS5FS87, B0GQSJYD6L, B0GQRSTN49]",amzn1.campaign.3T03HPH6IRJE7,红色破洞牛仔裤+8.11,Arkordi,2026-08-25,2027-01-28,12.00%,5000.0,5000.0,66,800,false
"[B0GHN2ZWHW, B0GHMRC51N, B0GY4PPWDP, B0H4LLXLC6, B0H4LPB9DJ, B0GHMS335N, B0GHN34FD4, B0GXJDGCQL, B0H4LF94QX, B0GHN2C4P1, B0GY4LCXXF, B0GHMRLS6X, B0H36LS8VN, B0GHMR45B1, B0GHMQ1Q9Z, B0H36R7GLM, B0GXJNJT57, B0GXJY2TXH, B0H4L8SS42, B0GHMNLNGV, B0GY4YDRBY, B0GHMV7PKV, B0GHMQG425, B0GHMQG424, B0GXJNF1F4, B0GHMVSBQ5, B0GXHYXDR5, B0GHNHTHQK, B0GY4MRKN4, B0H4LB4KYL, B0H4L8NWPH, B0GXJJC6T9, B0GHMNDDMJ, B0GHMNKL7T, B0H4LPTHK6, B0GHN4D6T3, B0GHMXSQ64, B0GHMTM6J5, B0GXJTTCJW, B0H4L3DRJ1, B0H4L5B975, B0GHMZ8VDM, B0GHMVGJBV, B0GHMTG6NR, B0GHMYF9BG, B0GHN45LCJ, B0GHN2K8N6, B0H4L7DRNP, B0GHMZ7JSN, B0GHMVRK2Z, B0GHN3RV9P, B0GHN2T1HH, B0GHMSDXWS, B0H36T15KL, B0GXJT3BT1, B0GXJGBGJC, B0H4LF6KFP, B0GHMR3CN4, B0GHMYQW83, B0GHMVPT6C, B0GXJL5JXR, B0GHN7WJ9K]",amzn1.campaign.2IMGAKU0KV9PR,NEW HOT HOT Deal! Rug Savings Event -YL-MFY,PureCozy,2026-08-25,2026-11-16,10.00%,5000.0,5000.0,43,800,false
"[B0FPC5TGR3, B0GJZ6KS5K]",amzn1.campaign.TDFGDPN4MYPC,Frozen Cocktails Without the Bulk? 🧊 This Stick Blender Crushes Ice Like a Pro!,Liebe&Lecker,2026-08-27,2027-07-30,20.00%,5000.0,5000.0,41,800,false
"[B0GQS3N6FG, B0GQS2GRTS, B0GQS5FS87, B0GQSJYD6L, B0GQRSTN49]",amzn1.campaign.3H1HJX54HZI3Y,红色破洞牛仔裤+8.11,Arkordi,2026-08-25,2027-01-27,12.00%,5000.0,5000.0,67,800,false
"[B0GX51MXCR, B0GVDJY9CS, B0HCYDW9CX, B0GY45GKKL]",amzn1.campaign.1JOCTVJXXV8T9,指甲刀-8.22,Lethargic,2026-08-25,2026-09-24,10.00%,5000.0,5000.0,24,800,false
"[B0GKGGXKR1, B0GKGR7YPD, B0GKGM362Y, B0GKGHQJ1M, B0GKGHVBRN, B0GKGN7DD1, B0GKGKRTJH, B0GKGN1DWR, B0GKGB8JMH, B0GKGPZGD4, B0GKGVWCW4, B0GKGVVQKW, B0GKGMZ6QC]",amzn1.campaign.9C15YMGE8GVF,WV-010-009-创作者影响计划-0822--     14.84%,MolyPark,2026-08-26,2026-11-19,14.85%,5000.0,5000.0,54,800,false
"[B0GQS3N6FG, B0GQS2GRTS, B0GQS5FS87, B0GQSJYD6L, B0GQRSTN49]",amzn1.campaign.B0TOI8FGP1WE,红色破洞牛仔裤+8.11,Arkordi,2026-08-25,2027-01-26,12.00%,5000.0,5000.0,68,800,false
"[B0FPC5TGR3, B0GJZ6KS5K]",amzn1.campaign.EQAAJI2I91CY,🧂 Grinding Spices From Whole? 🌶️ This Stick Blender Is My New Spice Grinder!,Liebe&Lecker,2026-08-27,2027-07-31,20.00%,5000.0,5000.0,37,800,false
"[B0GKGGXKR1, B0GKGR7YPD, B0GKGM362Y, B0GKGHQJ1M, B0GKGHVBRN, B0GKGN7DD1, B0GKGKRTJH, B0GKGN1DWR, B0GKGB8JMH, B0GKGPZGD4, B0GKGVWCW4, B0GKGVVQKW, B0GKGMZ6QC]",amzn1.campaign.1XJMTXM54UWGH,WV-010-009-创作者影响计划-0822--     14.84%,MolyPark,2026-08-25,2026-11-19,14.85%,5000.0,5000.0,57,800,false
[B0H2TJDFHS],amzn1.campaign.352C8YOC3HZNG,10% commission rate! Farmhouse Dusk to Dawn Semi-Flush Mount Ceiling Light,Caringlight,2026-08-25,2027-08-09,10.00%,5000.0,5000.0,29,800,false
"[B0GKGGXKR1, B0GKGR7YPD, B0GKGM362Y, B0GKGHQJ1M, B0GKGHVBRN, B0GKGN7DD1, B0GKGKRTJH, B0GKGN1DWR, B0GKGB8JMH, B0GKGPZGD4, B0GKGVWCW4, B0GKGVVQKW, B0GKGMZ6QC]",amzn1.campaign.1JNJ9Z3IODRXH,WV-010-009-创作者影响计划-0822--     14.84%,MolyPark,2026-08-29,2026-11-19,14.85%,5000.0,5000.0,58,800,false
"[B0GKGGXKR1, B0GKGR7YPD, B0GKGM362Y, B0GKGHQJ1M, B0GKGHVBRN, B0GKGN7DD1, B0GKGKRTJH, B0GKGN1DWR, B0GKGB8JMH, B0GKGPZGD4, B0GKGVWCW4, B0GKGVVQKW, B0GKGMZ6QC]",amzn1.campaign.YSXBTHNA2U0J,WV-010-009-创作者影响计划-0822-  12.41%,MolyPark,2026-08-28,2026-11-16,12.41%,5000.0,5000.0,59,800,false
"[B0GQS3N6FG, B0GQS2GRTS, B0GQS5FS87, B0GQSJYD6L, B0GQRSTN49]",amzn1.campaign.2ZAAGMYNC479V,红色破洞牛仔裤+8.11,Arkordi,2026-08-25,2027-01-25,12.00%,5000.0,5000.0,65,800,false
"[B0H7GRHX27, B0H7GBX7F9, B0H7GLYB6R, B0H7GGXQVD, B0H7GJ8DPM, B0H7GGNZCD, B0H7G513M7, B0H7GFFD58, B0H7GDMGQF, B0H7G81698, B0H7G23JTV, B0H7GH1DQW, B0H7GLXF9F, B0H7GL999J, B0H7GLJCHG]",amzn1.campaign.OVV25A6Q7BUG,YH145 Womens Childhood Cancer Awareness Shirts Gold Ribbon Cancer T-Shirt,HQP,2026-08-25,2026-09-30,10.00%,5000.0,4968.14,27,800,false
"[B0GQS3N6FG, B0GQS2GRTS, B0GQS5FS87, B0GQSJYD6L, B0GQRSTN49]",amzn1.campaign.1M1K7FTNJ368S,红色破洞牛仔裤+8.11,Arkordi,2026-08-25,2027-01-24,12.00%,5000.0,5000.0,63,800,false
"[B0GKGGXKR1, B0GKGR7YPD, B0GKGM362Y, B0GKGHQJ1M, B0GKGHVBRN, B0GKGN7DD1, B0GKGKRTJH, B0GKGN1DWR, B0GKGB8JMH, B0GKGPZGD4, B0GKGVWCW4, B0GKGVVQKW, B0GKGMZ6QC]",amzn1.campaign.3B9USYOTP5Z18,WV-010-009-创作者影响计划-0822-  12.41%,MolyPark,2026-08-25,2026-11-16,12.41%,5000.0,5000.0,58,800,false
"[B0GKGGXKR1, B0GKGR7YPD, B0GKGM362Y, B0GKGHQJ1M, B0GKGHVBRN, B0GKGN7DD1, B0GKGKRTJH, B0GKGN1DWR, B0GKGB8JMH, B0GKGPZGD4, B0GKGVWCW4, B0GKGVVQKW, B0GKGMZ6QC]",amzn1.campaign.36V67R2266WRC,WV-010-009-创作者影响计划-0822--     11.84%,MolyPark,2026-08-27,2026-11-28,11.84%,5000.0,5000.0,54,800,false
"[B0GKGGXKR1, B0GKGR7YPD, B0GKGM362Y, B0GKGHQJ1M, B0GKGHVBRN, B0GKGN7DD1, B0GKGKRTJH, B0GKGN1DWR, B0GKGB8JMH, B0GKGPZGD4, B0GKGVWCW4, B0GKGVVQKW, B0GKGMZ6QC]",amzn1.campaign.3DX6LN6NSUDAW,WV-010-009-创作者影响计划-0822--     14.84%,MolyPark,2026-08-27,2026-11-27,14.85%,5000.0,5000.0,55,800,false
"[B0GKGGXKR1, B0GKGR7YPD, B0GKGM362Y, B0GKGHQJ1M, B0GKGHVBRN, B0GKGN7DD1, B0GKGKRTJH, B0GKGN1DWR, B0GKGB8JMH, B0GKGPZGD4, B0GKGVWCW4, B0GKGVVQKW, B0GKGMZ6QC]",amzn1.campaign.19PJPARVRRSJX,WV-010-009-创作者影响计划-0822--     11.84%,MolyPark,2026-08-28,2026-11-28,11.84%,5000.0,5000.0,57,800,false
"[B0GQS3N6FG, B0GQS2GRTS, B0GQS5FS87, B0GQSJYD6L, B0GQRSTN49]",amzn1.campaign.1SNBW1TBVD7J,红色破洞牛仔裤+8.11,Arkordi,2026-08-25,2027-01-23,12.00%,5000.0,5000.0,64,800,false
"[B0GTZG2P2C, B0H4KSR1FB, B0GTZPDKRT, B0GTZCT9X3]",amzn1.campaign.2LUUX6YZ5QXXP,August Creator Campaign | Adjustable Dumbbell Set,UNNMIIY,2026-08-25,2027-08-01,10.00%,10000.0,9992.52,15,800,false
"[B0H94ZCX8V, B0HFN2VZMR, B0HCHVLJ6B, B0HFJHNTJC, B0HFN5QL5D, B0HFMML4S7, B0H1559DNF, B0HFCPGT3R]",amzn1.campaign.2WOKNW1TJUSV8,10% Commission-Powerful Brushless Weed Wacker‌-,HYJJYLL,2026-08-25,2027-08-25,10.00%,10000.0,9925.49,15,800,false
"[B0GTZG2P2C, B0GTZPDKRT, B0GTZCT9X3]",amzn1.campaign.L1O6ASCNNUMR,August Deal Quick-Adjust Dumbbells – Full Body Routine-10% Social Media Discount,UNNMIIY,2026-08-25,2027-08-25,10.00%,10000.0,10000.0,20,800,false
"[B0GQS3N6FG, B0GQS2GRTS, B0GQS5FS87, B0GQSJYD6L, B0GQRSTN49]",amzn1.campaign.29BFV1KM39W3E,红色破洞牛仔裤+8.11,Arkordi,2026-08-25,2027-01-22,12.00%,5000.0,5000.0,64,800,false
"[B0GSZ8BZJG, B0GSZJW257, B0GSZHCY7C]",amzn1.campaign.816H7PHUVFEC,3D Puzzle Dollhouse Kit+Puzzle lover Creators+Commission 20%+Released this week,Rnfinewow,2026-08-25,2026-10-01,20.00%,5000.0,4967.08,17,800,false
[B0GYCSGWLN],amzn1.campaign.3PSO4M2FAO563,15% commission for 4x6 led headlights 2025.08.25-2026.09.25,SEUYA,2026-08-25,2026-09-25,15.00%,5000.0,5000.0,32,800,false
"[B0GHN2ZWHW, B0GHMRC51N, B0GY4PPWDP, B0H4LLXLC6, B0H4LPB9DJ, B0GHMS335N, B0GHN34FD4, B0GXJDGCQL, B0H4LF94QX, B0GHN2C4P1, B0GY4LCXXF, B0GHMRLS6X, B0H36LS8VN, B0GHMR45B1, B0GHMQ1Q9Z, B0H36R7GLM, B0GXJNJT57, B0GXJY2TXH, B0H4L8SS42, B0GHMNLNGV, B0GY4YDRBY, B0GHMV7PKV, B0GHMQG425, B0GHMQG424, B0GXJNF1F4, B0GHMVSBQ5, B0GXHYXDR5, B0GHNHTHQK, B0GY4MRKN4, B0H4LB4KYL, B0H4L8NWPH, B0GXJJC6T9, B0GHMNDDMJ, B0GHMNKL7T, B0H4LPTHK6, B0GHN4D6T3, B0GHMXSQ64, B0GHMTM6J5, B0GXJTTCJW, B0H4L3DRJ1, B0H4L5B975, B0GHMZ8VDM, B0GHMVGJBV, B0GHMTG6NR, B0GHMYF9BG, B0GHN45LCJ, B0GHN2K8N6, B0H4L7DRNP, B0GHMZ7JSN, B0GHMVRK2Z, B0GHN3RV9P, B0GHN2T1HH, B0GHMSDXWS, B0H36T15KL, B0GXJT3BT1, B0GXJGBGJC, B0H4LF6KFP, B0GHMR3CN4, B0GHMYQW83, B0GHMVPT6C, B0GXJL5JXR, B0GHN7WJ9K]",amzn1.campaign.1MHAD5OY0JUO8,NEW Great Deal! Soft Rug Offer -YL-MFY,PureCozy,2026-08-25,2026-11-15,10.00%,5000.0,5000.0,42,800,false
"[B0H6M4XL5B, B0DWXMVKPH, B0DWXN64PM, B0G3NQYS1G, B0FQBHQ399, B0G3NVNNQS, B0GR43JNVR, B0DWXLSXSW, B0DRJ12WV7]",amzn1.campaign.3LFAS91PLNIZU,August Limit Deal Multifunctional Smart Toilet  – 10% Exclusive Discount,TDH,2026-08-25,2027-08-01,10.00%,10000.0,10000.0,15,800,false
"[B0GQS3N6FG, B0GQS2GRTS, B0GQS5FS87, B0GQSJYD6L, B0GQRSTN49]",amzn1.campaign.3MK7QWHTVCU8M,红色破洞牛仔裤+8.11,Arkordi,2026-08-25,2027-01-21,12.00%,5000.0,5000.0,67,800,false
"[B0FPCSLY1N, B0FLXVN843, B0FLY4C96Y, B0FM7HQPKT, B0FM3HR4QD, B0FM3KXXHJ, B0FLXQ8Y9K, B0FLY2TGXR, B0FPCRXV11, B0FM3HLN9S, B0FLXTMDRV, B0FM3GRRHY, B0FM71CQY6, B0FM6N5HTM, B0FLY3DYPQ, B0FM3KN9CJ, B0FLY11XDX, B0FLXPGPQ8]",amzn1.campaign.2Q28ZULE9Z3QH,High 45% Commission｜Winter Warm Ski Gloves Collaboration Opportunity,apaepr,2026-08-26,2026-09-26,45.00%,5000.0,5000.0,4,800,false
"[B0H86TMCJ2, B0H7WWDGLB]",amzn1.campaign.1C5A1PTVQ6RM3,Earn 10%!-Wireless CarPlay Android Auto with AirPlay Miracast Adapter,Carlinkit,2026-08-25,2026-12-31,10.00%,5000.0,5000.0,0,800,false
"[B0H1VD9TCY, B0H1V8K98B, B0H1VF2DCS, B0H1V76PYC, B0H1V5WSB7, B0H1V8ZQ8K, B0H1V884P1, B0H1V7PN2F, B0H1VKM3T2, B0H1V9QJRK]",amzn1.campaign.1EO3S9EMMDEV0,US-DLS,Color&Geometry,2026-08-25,2026-10-09,10.00%,5000.0,4990.0,29,800,false
"[B0GQS3N6FG, B0GQS2GRTS, B0GQS5FS87, B0GQSJYD6L, B0GQRSTN49]",amzn1.campaign.1XRZSV5B0FD8V,红色破洞牛仔裤+8.11,Arkordi,2026-08-25,2027-01-20,12.00%,5000.0,5000.0,65,800,false
"[B0GQS3N6FG, B0GQS2GRTS, B0GQS5FS87, B0GQSJYD6L, B0GQRSTN49]",amzn1.campaign.33ZUCMBJ0X8I4,红色破洞牛仔裤+8.11,Arkordi,2026-08-25,2027-01-19,12.00%,5000.0,5000.0,66,800,false
"[B0GKGGXKR1, B0GKGR7YPD, B0GKGM362Y, B0GKGHQJ1M, B0GKGHVBRN, B0GKGN7DD1, B0GKGKRTJH, B0GKGN1DWR, B0GKGB8JMH, B0GKGPZGD4, B0GKGVWCW4, B0GKGVVQKW, B0GKGMZ6QC]",amzn1.campaign.XQWG7YKQUFLO,WV-010-009-创作者影响计划-0822-  12.41%,MolyPark,2026-08-26,2026-11-16,12.41%,5000.0,5000.0,63,800,false
"[B0GQS3N6FG, B0GQS2GRTS, B0GQS5FS87, B0GQSJYD6L, B0GQRSTN49]",amzn1.campaign.22KO8FEANR35F,红色破洞牛仔裤+8.11,Arkordi,2026-08-25,2027-01-18,12.00%,5000.0,5000.0,65,800,false
"[B0GQS3N6FG, B0GQS2GRTS, B0GQS5FS87, B0GQSJYD6L, B0GQRSTN49]",amzn1.campaign.2XPBZI15UWOLN,红色破洞牛仔裤+8.11,Arkordi,2026-08-25,2027-01-17,12.00%,5000.0,5000.0,66,800,false
"[B0FQ9QYFPT, B0H6M4XL5B, B0DWXMVKPH, B0DWXN64PM, B0G3NQYS1G, B0FQBHQ399, B0GR43JNVR, B0G3NVNNQS, B0DWXLSXSW, B0DRJ12WV7]",amzn1.campaign.35H8SVI7SW017,Limit Deal TDH Smart Luxury Bidet Toilet | Exclusive Extra 10% Off,TDH,2026-08-25,2027-08-25,10.00%,10000.0,10000.0,16,800,false
"[B0GQS3N6FG, B0GQS2GRTS, B0GQS5FS87, B0GQSJYD6L, B0GQRSTN49]",amzn1.campaign.2KR95LYLF4ZLH,红色破洞牛仔裤+8.11,Arkordi,2026-08-25,2027-01-16,12.00%,5000.0,5000.0,66,800,false
"[B0GKGGXKR1, B0GKGR7YPD, B0GKGM362Y, B0GKGHQJ1M, B0GKGHVBRN, B0GKGN7DD1, B0GKGKRTJH, B0GKGN1DWR, B0GKGB8JMH, B0GKGPZGD4, B0GKGVWCW4, B0GKGVVQKW, B0GKGMZ6QC]",amzn1.campaign.1QAW315XX61DQ,WV-010-009-创作者影响计划-0822--     14.84%,MolyPark,2026-08-26,2026-11-27,14.85%,5000.0,5000.0,56,800,false
[B0HCWK3F81],amzn1.campaign.2RB47TF9RRWB9,Coffee Syrup Organizer Rack,MMAORCS,2026-08-25,2027-08-18,10.00%,5000.0,5000.0,27,800,false
"[B0GQS3N6FG, B0GQS2GRTS, B0GQS5FS87, B0GQSJYD6L, B0GQRSTN49]",amzn1.campaign.3G0Z1FLMTWGVU,红色破洞牛仔裤+8.11,Arkordi,2026-08-25,2027-01-15,12.00%,5000.0,5000.0,70,800,false
"[B0GKGGXKR1, B0GKGR7YPD, B0GKGM362Y, B0GKGHQJ1M, B0GKGHVBRN, B0GKGN7DD1, B0GKGKRTJH, B0GKGN1DWR, B0GKGB8JMH, B0GKGPZGD4, B0GKGVWCW4, B0GKGVVQKW, B0GKGMZ6QC]",amzn1.campaign.25ZLA596S66Y0,WV-010-009-创作者影响计划-0822--     14.84%,MolyPark,2026-08-30,2026-11-20,14.85%,5000.0,5000.0,61,800,false
"[B0GQS3N6FG, B0GQS2GRTS, B0GQS5FS87, B0GQSJYD6L, B0GQRSTN49]",amzn1.campaign.1234PZ45VVFI4,红色破洞牛仔裤+8.11,Arkordi,2026-08-25,2027-01-14,12.00%,5000.0,5000.0,65,800,false
"[B0GKGGXKR1, B0GKGR7YPD, B0GKGM362Y, B0GKGHQJ1M, B0GKGHVBRN, B0GKGN7DD1, B0GKGKRTJH, B0GKGN1DWR, B0GKGB8JMH, B0GKGPZGD4, B0GKGVWCW4, B0GKGVVQKW, B0GKGMZ6QC]",amzn1.campaign.BK07OSNFSCWR,WV-010-009-创作者影响计划-0822--     14.84%,MolyPark,2026-08-31,2026-11-20,14.84%,5000.0,5000.0,63,800,false
"[B0GQS3N6FG, B0GQS2GRTS, B0GQS5FS87, B0GQSJYD6L, B0GQRSTN49]",amzn1.campaign.3JFZKMI62AYLE,红色破洞牛仔裤+8.11,Arkordi,2026-08-25,2027-01-13,12.00%,5000.0,5000.0,70,800,false
"[B0GKGGXKR1, B0GKGR7YPD, B0GKGM362Y, B0GKGHQJ1M, B0GKGHVBRN, B0GKGN7DD1, B0GKGKRTJH, B0GKGN1DWR, B0GKGB8JMH, B0GKGPZGD4, B0GKGVWCW4, B0GKGVVQKW, B0GKGMZ6QC]",amzn1.campaign.1ABG2RCDHVJ6L,WV-010-009-创作者影响计划-0822-   12.89%,MolyPark,2026-08-29,2026-11-16,12.89%,5000.0,5000.0,55,800,false
"[B0GQS3N6FG, B0GQS2GRTS, B0GQS5FS87, B0GQSJYD6L, B0GQRSTN49]",amzn1.campaign.DOHP83XDM57X,红色破洞牛仔裤+8.11,Arkordi,2026-08-25,2027-01-12,12.00%,5000.0,5000.0,71,800,false
"[B0GQS3N6FG, B0GQS2GRTS, B0GQS5FS87, B0GQSJYD6L, B0GQRSTN49]",amzn1.campaign.47BTA8LRHCFP,红色破洞牛仔裤+8.11,Arkordi,2026-08-25,2027-01-11,12.00%,5000.0,5000.0,70,800,false
[B0H82K6BK9],amzn1.campaign.1JWHI5YPQCQNN,2‑Layer Jewelry Organizer Box-Earn 20% commission！,FOCHIER F,2026-08-25,2027-08-25,20.00%,5000.0,4989.54,16,800,false
"[B0FPCSLY1N, B0FLXVN843, B0FM7HQPKT, B0FLY4C96Y, B0FM3HR4QD, B0FM3KXXHJ, B0FLXQ8Y9K, B0FLY2TGXR, B0FPCRXV11, B0FM3HLN9S, B0FLXTMDRV, B0FM3GRRHY, B0FM71CQY6, B0FM6N5HTM, B0FLY3DYPQ, B0FM3KN9CJ, B0FLY11XDX, B0FLXPGPQ8]",amzn1.campaign.M2LA3AEVHPM,High 50% Commission｜Winter Warm Ski Gloves Collaboration Opportunity,apaepr,2026-08-25,2026-09-24,50.00%,5000.0,4951.61,6,800,false
[B0H82K6BK9],amzn1.campaign.UF73UD2GJAET,2‑Layer Jewelry Organizer Box-Earn 15% commission！,FOCHIER F,2026-08-25,2027-08-25,15.00%,5000.0,5000.0,38,800,false
"[B0GKGGXKR1, B0GKGR7YPD, B0GKGM362Y, B0GKGHQJ1M, B0GKGHVBRN, B0GKGN7DD1, B0GKGKRTJH, B0GKGN1DWR, B0GKGB8JMH, B0GKGPZGD4, B0GKGVWCW4, B0GKGVVQKW, B0GKGMZ6QC]",amzn1.campaign.1R26HSN8IZNMP,WV-010-009-创作者影响计划-0822--     11.78%,MolyPark,2026-08-29,2026-11-20,14.83%,5000.0,5000.0,54,800,false
"[B0H3KQLMBL, B0H3KQP42T]",amzn1.campaign.BMJX0KM7YTH5,OAEBLLE Digital Bug Catcher & STEM Explorer Kit Promotion,OAEBLLE,2026-08-25,2027-08-25,10.00%,5000.0,4988.6,26,800,false
"[B0GQS3N6FG, B0GQS2GRTS, B0GQS5FS87, B0GQSJYD6L, B0GQRSTN49]",amzn1.campaign.3EHGZX9L9SAU2,红色破洞牛仔裤+8.11,Arkordi,2026-08-25,2027-01-10,12.00%,5000.0,5000.0,69,800,false
"[B0H4R1FNK7, B0H4R9R2C2, B0H4R2RWGZ, B0H4RJPZTY, B0H4R3P2SN, B0H4RDSPQB, B0H4QZ8Z5L, B0H4RB9GLQ, B0H4RCLG6C, B0H4RB199C]",amzn1.campaign.2RVR6N5Z3TOOE,WS-016 018激光镂空牛仔裤--10%-0822,ACTIFORTERRAS,2026-09-14,2027-02-02,10.00%,5000.0,5000.0,40,800,false
"[B0H4R1FNK7, B0H4R9R2C2, B0H4R2RWGZ, B0H4RJPZTY, B0H4R3P2SN, B0H4RDSPQB, B0H4QZ8Z5L, B0H4RB9GLQ, B0H4RCLG6C, B0H4RB199C]",amzn1.campaign.STAVMEUDBNVL,WS-016 018激光镂空牛仔裤--10%-0822,ACTIFORTERRAS,2026-09-13,2027-02-02,10.00%,5000.0,5000.0,52,800,false
"[B0GKGGXKR1, B0GKGR7YPD, B0GKGM362Y, B0GKGHQJ1M, B0GKGHVBRN, B0GKGN7DD1, B0GKGKRTJH, B0GKGN1DWR, B0GKGB8JMH, B0GKGPZGD4, B0GKGVWCW4, B0GKGVVQKW, B0GKGMZ6QC]",amzn1.campaign.2Y3TK13XBC60L,WV-010-009-创作者影响计划-0822--     11.83%,MolyPark,2026-08-28,2026-11-28,11.83%,5000.0,5000.0,57,800,false
"[B0GHN2ZWHW, B0GHMRC51N, B0GY4PPWDP, B0H4LLXLC6, B0H4LPB9DJ, B0GHMS335N, B0GHN34FD4, B0GXJDGCQL, B0H4LF94QX, B0GHN2C4P1, B0GY4LCXXF, B0GHMRLS6X, B0H36LS8VN, B0GHMR45B1, B0GHMQ1Q9Z, B0H36R7GLM, B0GXJNJT57, B0GXJY2TXH, B0H4L8SS42, B0GHMNLNGV, B0GY4YDRBY, B0GHMV7PKV, B0GHMQG425, B0GHMQG424, B0GXJNF1F4, B0GHMVSBQ5, B0GXHYXDR5, B0GHNHTHQK, B0GY4MRKN4, B0H4LB4KYL, B0H4L8NWPH, B0GXJJC6T9, B0GHMNDDMJ, B0GHMNKL7T, B0H4LPTHK6, B0GHN4D6T3, B0GHMXSQ64, B0GHMTM6J5, B0GXJTTCJW, B0H4L3DRJ1, B0H4L5B975, B0GHMZ8VDM, B0GHMVGJBV, B0GHMTG6NR, B0GHMYF9BG, B0GHN45LCJ, B0GHN2K8N6, B0H4L7DRNP, B0GHMZ7JSN, B0GHMVRK2Z, B0GHN3RV9P, B0GHN2T1HH, B0GHMSDXWS, B0H36T15KL, B0GXJT3BT1, B0GXJGBGJC, B0H4LF6KFP, B0GHMR3CN4, B0GHMYQW83, B0GHMVPT6C, B0GXJL5JXR, B0GHN7WJ9K]",amzn1.campaign.2AKJHUNQP6WTQ,Get 50% OFF Floral Rug Launch -YL-MFY,PureCozy,2026-08-25,2026-11-14,10.00%,5000.0,5000.0,45,800,false
[B0H82K6BK9],amzn1.campaign.1SN2V5NHSKSVL,2‑Layer Jewelry Organizer Box-Earn 10% commission！,FOCHIER F,2026-08-25,2027-08-25,10.00%,5000.0,5000.0,40,800,false
"[B0GKGGXKR1, B0GKGR7YPD, B0GKGM362Y, B0GKGHQJ1M, B0GKGHVBRN, B0GKGN7DD1, B0GKGKRTJH, B0GKGN1DWR, B0GKGB8JMH, B0GKGPZGD4, B0GKGVWCW4, B0GKGVVQKW, B0GKGMZ6QC]",amzn1.campaign.3ES7VZS8ARRS6,WV-010-009-创作者影响计划-0822--    11.79%,MolyPark,2026-08-25,2026-11-28,11.82%,5000.0,5000.0,61,800,false
[B0G92RNZH8],amzn1.campaign.11QH0SWLTKTK9,钻头架,Gale Force S,2026-08-25,2027-01-01,10.00%,5000.0,4998.22,18,800,false
"[B0GHQWN3S8, B0H6M5PP9M, B0GVJN8PMP, B0GHR5W9L7, B0GHR1TVMT, B0GHR48YSM, B0GHRJ4XSH, B0GVJKJGVF, B0GHRJB4LW, B0GHRJB8L3, B0GHY6KD76, B0GHR7C5K8, B0GHR69VF7, B0GHR7L7LB, B0GHR7GPVK]",amzn1.campaign.3JVQDMNRAVZZW,ZY BQM02 XIN,AOPREL,2026-08-25,2026-09-30,10.00%,50000.0,49917.27,24,800,false
"[B0H4R1FNK7, B0H4R9R2C2, B0H4R2RWGZ, B0H4RJPZTY, B0H4R3P2SN, B0H4RDSPQB, B0H4QZ8Z5L, B0H4RB9GLQ, B0H4RCLG6C, B0H4RB199C]",amzn1.campaign.3BJA6XFNXPUM2,WS-016 018激光镂空牛仔裤--10%-0822,ACTIFORTERRAS,2026-09-12,2027-02-02,10.00%,5000.0,5000.0,48,800,false
"[B0H2QR8KYS, B0H2QSJ1DJ, B0H2QL43NX, B0H2QLSXNF]",amzn1.campaign.2A4O0KA068JZ5,10% commission rate! Farmhouse Gooseneck barn lights ORB,Caringlight,2026-08-25,2027-08-09,10.00%,5000.0,5000.0,33,800,false
[B09SHFDKB5],amzn1.campaign.26BDK58F19BJH,Collab Alert! 🌸 Cozy Up Your Garden with Our Metal Rooster Statues !,Natelf,2026-08-25,2027-08-24,10.00%,5000.0,4996.49,25,800,false
"[B0G2B9LN3V, B0GF9872JR, B0G2B4JV89, B0G2B8PXKS, B0G2BCPMY5, B0GD1SZT3L, B0GF2PJJ2X, B0GF9K4XXX, B0GD2F7BM1, B0GF9FLW63, B0G2B5KJVL, B0GD8JQ91D]",amzn1.campaign.1NT2YAKXRMKMF,8.22-贝壳包、金豹钥匙扣、奇怪物语钥匙扣、运动水杯套、绗缝化妆包-30%,MANCREEK,2026-08-25,2027-08-25,30.00%,5000.0,5000.0,5,800,false
"[B0GKGGXKR1, B0GKGR7YPD, B0GKGM362Y, B0GKGHQJ1M, B0GKGHVBRN, B0GKGN7DD1, B0GKGKRTJH, B0GKGN1DWR, B0GKGB8JMH, B0GKGPZGD4, B0GKGVWCW4, B0GKGVVQKW, B0GKGMZ6QC]",amzn1.campaign.1QRKKGJYDUPOD,WV-010-009-创作者影响计划-0822--    11.79%,MolyPark,2026-08-25,2026-11-28,11.81%,5000.0,5000.0,59,800,false
"[B0GQS3N6FG, B0GQS2GRTS, B0GQS5FS87, B0GQSJYD6L, B0GQRSTN49]",amzn1.campaign.87Y55RULFGJV,红色破洞牛仔裤+8.11,Arkordi,2026-08-25,2027-01-09,12.00%,5000.0,5000.0,70,800,false
[B0H455V5LC],amzn1.campaign.VWZ0YG366871,白色按摩仪-25%,Neidga,2026-08-25,2026-09-30,25.00%,5000.0,4987.5,7,800,false
"[B0H4R1FNK7, B0H4R9R2C2, B0H4R2RWGZ, B0H4RJPZTY, B0H4R3P2SN, B0H4RDSPQB, B0H4QZ8Z5L, B0H4RB9GLQ, B0H4RCLG6C, B0H4RB199C]",amzn1.campaign.3FMXWG2DRHLLC,WS-016 018激光镂空牛仔裤--10%-0822,ACTIFORTERRAS,2026-09-10,2027-02-02,10.00%,5000.0,5000.0,56,800,false
"[B0GQS3N6FG, B0GQS2GRTS, B0GQS5FS87, B0GQSJYD6L, B0GQRSTN49]",amzn1.campaign.3SHMD0YFEKGFY,红色破洞牛仔裤+8.11,Arkordi,2026-08-25,2027-01-08,12.00%,5000.0,5000.0,70,800,false
"[B0GQS3N6FG, B0GQS2GRTS, B0GQS5FS87, B0GQSJYD6L, B0GQRSTN49]",amzn1.campaign.384YYT30DDC7E,红色破洞牛仔裤+8.11,Arkordi,2026-08-25,2027-01-07,12.00%,5000.0,5000.0,67,800,false
[B0G1Y315MY],amzn1.campaign.J9I7IAZHAXVZ,德伟4座,Gale Force S,2026-08-25,2026-12-31,10.00%,5000.0,4997.34,35,800,false
"[B0GKGGXKR1, B0GKGR7YPD, B0GKGM362Y, B0GKGHQJ1M, B0GKGHVBRN, B0GKGN7DD1, B0GKGKRTJH, B0GKGN1DWR, B0GKGB8JMH, B0GKGPZGD4, B0GKGVWCW4, B0GKGVVQKW, B0GKGMZ6QC]",amzn1.campaign.3FRJBLSVI698M,WV-010-009-创作者影响计划-0822--    11.79%,MolyPark,2026-08-29,2026-11-28,11.80%,5000.0,5000.0,64,800,false
"[B0GQS3N6FG, B0GQS2GRTS, B0GQS5FS87, B0GQSJYD6L, B0GQRSTN49]",amzn1.campaign.1D9YTVP34LD6N,红色破洞牛仔裤+8.11,Arkordi,2026-08-25,2027-01-06,12.00%,5000.0,5000.0,65,800,false
"[B0GKGGXKR1, B0GKGR7YPD, B0GKGM362Y, B0GKGHQJ1M, B0GKGHVBRN, B0GKGN7DD1, B0GKGKRTJH, B0GKGN1DWR, B0GKGB8JMH, B0GKGPZGD4, B0GKGVWCW4, B0GKGVVQKW, B0GKGMZ6QC]",amzn1.campaign.2BH2W2TVGV8NG,WV-010-009-创作者影响计划-0822-  12.87%,MolyPark,2026-08-31,2026-11-16,12.88%,5000.0,5000.0,58,800,false
"[B0GKGGXKR1, B0GKGR7YPD, B0GKGM362Y, B0GKGHQJ1M, B0GKGHVBRN, B0GKGN7DD1, B0GKGKRTJH, B0GKGN1DWR, B0GKGB8JMH, B0GKGPZGD4, B0GKGVWCW4, B0GKGVVQKW, B0GKGMZ6QC]",amzn1.campaign.2Z6RFRPOOMWFN,WV-010-009-创作者影响计划-0822-  12.87%,MolyPark,2026-08-31,2026-11-16,12.00%,5000.0,5000.0,62,800,false
"[B0H6LW95LH, B0H6LSJJZF, B0H6LST396, B0H6LN9Q2J, B0H6MF2W1J, B0H6LSV2Q8, B0H6LYTJWK, B0H6MFM7MG, B0H6LW7SQ3, B0H6LXCPLC, B0H6LWPDFS, B0H6MJ5BMY, B0H6M17N8T, B0H6LX619V, B0H6LRWWH4, B0H6MG4RJ4, B0H6LW8T8D, B0H6M14DTP, B0H6M1W542, B0H6LKY861, B0H6LRXHX6, B0H6MDL91H, B0H6LVHQ8V, B0H6LMRD9L, B0H6LSQ8NR]",amzn1.campaign.1R0RFYMHZHZ5L,Casual Corduroy Fall Lantern Pants for Women PLB,YESNO,2026-08-25,2026-10-31,10.00%,5000.0,4952.0,8,800,false
"[B0GQS3N6FG, B0GQS2GRTS, B0GQS5FS87, B0GQSJYD6L, B0GQRSTN49]",amzn1.campaign.3FLG6Q8XVWORT,红色破洞牛仔裤+8.11,Arkordi,2026-08-25,2027-01-05,12.00%,5000.0,5000.0,70,800,false
"[B0GQS3N6FG, B0GQS2GRTS, B0GQS5FS87, B0GQSJYD6L, B0GQRSTN49]",amzn1.campaign.6FY8I8LR4YOL,红色破洞牛仔裤+8.11,Arkordi,2026-08-25,2027-01-04,12.00%,5000.0,5000.0,70,800,false
"[B0H6M5VLT7, B0H5PR4VRQ]",amzn1.campaign.31W9OMJQETQVI,Christmas Earrings,HWING,2026-08-25,2026-12-31,11.00%,5000.0,5000.0,37,800,false
"[B0GKGGXKR1, B0GKGR7YPD, B0GKGM362Y, B0GKGHQJ1M, B0GKGHVBRN, B0GKGN7DD1, B0GKGKRTJH, B0GKGN1DWR, B0GKGB8JMH, B0GKGPZGD4, B0GKGVWCW4, B0GKGVVQKW, B0GKGMZ6QC]",amzn1.campaign.10AFOH7J0VXR9,WV-010-009-创作者影响计划-0822--    11.79%,MolyPark,2026-08-27,2026-11-28,11.79%,5001.0,5001.0,58,800,false
"[B0GHN2ZWHW, B0GHMRC51N, B0GY4PPWDP, B0H4LLXLC6, B0H4LPB9DJ, B0GHMS335N, B0GHN34FD4, B0GXJDGCQL, B0H4LF94QX, B0GHN2C4P1, B0GY4LCXXF, B0GHMRLS6X, B0H36LS8VN, B0GHMR45B1, B0GHMQ1Q9Z, B0H36R7GLM, B0GXJNJT57, B0GXJY2TXH, B0H4L8SS42, B0GHMNLNGV, B0GY4YDRBY, B0GHMV7PKV, B0GHMQG425, B0GHMQG424, B0GXJNF1F4, B0GHMVSBQ5, B0GXHYXDR5, B0GHNHTHQK, B0GY4MRKN4, B0H4LB4KYL, B0H4L8NWPH, B0GXJJC6T9, B0GHMNDDMJ, B0GHMNKL7T, B0H4LPTHK6, B0GHN4D6T3, B0GHMXSQ64, B0GHMTM6J5, B0GXJTTCJW, B0H4L3DRJ1, B0H4L5B975, B0GHMZ8VDM, B0GHMVGJBV, B0GHMTG6NR, B0GHMYF9BG, B0GHN45LCJ, B0GHN2K8N6, B0H4L7DRNP, B0GHMZ7JSN, B0GHMVRK2Z, B0GHN3RV9P, B0GHN2T1HH, B0GHMSDXWS, B0H36T15KL, B0GXJT3BT1, B0GXJGBGJC, B0H4LF6KFP, B0GHMR3CN4, B0GHMYQW83, B0GHMVPT6C, B0GXJL5JXR, B0GHN7WJ9K]",amzn1.campaign.92QMNYJCX1DX,NEW HOT HOT Deal! Home Decor Rug -YL-MFY,PureCozy,2026-08-25,2026-11-13,10.00%,5000.0,5000.0,48,800,false
"[B0GKGGXKR1, B0GKGR7YPD, B0GKGM362Y, B0GKGHQJ1M, B0GKGHVBRN, B0GKGN7DD1, B0GKGKRTJH, B0GKGN1DWR, B0GKGB8JMH, B0GKGPZGD4, B0GKGVWCW4, B0GKGVVQKW, B0GKGMZ6QC]",amzn1.campaign.2M40I5AFAQ8DL,WV-010-009-创作者影响计划-0822--   11.78%,MolyPark,2026-08-28,2026-11-28,11.78%,5000.0,5000.0,57,800,false
"[B0H169ZKFC, B0H1623TQJ]",amzn1.campaign.1IDV3K6H63QEQ,VOHPO  Influencer Campaign,vohpo,2026-08-25,2026-09-24,25.00%,9999.0,9673.4,0,800,false
"[B0GKGGXKR1, B0GKGR7YPD, B0GKGM362Y, B0GKGHQJ1M, B0GKGHVBRN, B0GKGN7DD1, B0GKGKRTJH, B0GKGN1DWR, B0GKGB8JMH, B0GKGPZGD4, B0GKGVWCW4, B0GKGVVQKW, B0GKGMZ6QC]",amzn1.campaign.39EI6W75RLUEK,WV-010-009-创作者影响计划-0822--    14.82%,MolyPark,2026-08-26,2026-11-20,14.82%,5000.0,5000.0,56,800,false
"[B0GQS3N6FG, B0GQS2GRTS, B0GQS5FS87, B0GQSJYD6L, B0GQRSTN49]",amzn1.campaign.1PR8OR672XYZH,红色破洞牛仔裤+8.11,Arkordi,2026-08-25,2027-01-03,12.00%,5000.0,5000.0,65,800,false
"[B0GKGGXKR1, B0GKGR7YPD, B0GKGM362Y, B0GKGHQJ1M, B0GKGHVBRN, B0GKGN7DD1, B0GKGKRTJH, B0GKGN1DWR, B0GKGB8JMH, B0GKGPZGD4, B0GKGVWCW4, B0GKGVVQKW, B0GKGMZ6QC]",amzn1.campaign.2Q7C86NISYUMJ,WV-010-009-创作者影响计划-0822--   1  11.77%,MolyPark,2026-08-29,2026-11-28,11.77%,5000.0,5000.0,57,800,false
"[B0GQS3N6FG, B0GQS2GRTS, B0GQS5FS87, B0GQSJYD6L, B0GQRSTN49]",amzn1.campaign.1VZPPAR2BMJUT,红色破洞牛仔裤+8.11,Arkordi,2026-08-25,2027-01-02,12.00%,5000.0,5000.0,66,800,false
"[B0GQS3N6FG, B0GQS2GRTS, B0GQS5FS87, B0GQSJYD6L, B0GQRSTN49]",amzn1.campaign.3VOFYSL2KSIQT,红色破洞牛仔裤+8.11,Arkordi,2026-08-25,2027-01-01,12.00%,5000.0,5000.0,69,800,false
[B0H2HR9D49],amzn1.campaign.3T2QG5CSDF2VD,Christian earrings,HWING,2026-08-25,2026-12-31,13.00%,5000.0,4999.14,35,800,false
"[B0FM8VVLQB, B0FNRLGQCF, B0FM8P1V5B, B0FM8SP8R1]",amzn1.campaign.212A8Z2662QQX,Q2518 Clear Backpack,OKKID,2026-08-25,2026-10-31,10.00%,5000.0,5000.0,33,800,false
"[B0H32XYYWP, B0C38WV1F6]",amzn1.campaign.1MI0BSERSPXI8,OKNIFE Otacle D1,OKNIFE,2026-08-25,2026-11-26,10.00%,8000.0,7996.6,12,800,false
"[B0GQS3N6FG, B0GQS2GRTS, B0GQS5FS87, B0GQSJYD6L, B0GQRSTN49]",amzn1.campaign.3KE05KSUKCMBA,红色破洞牛仔裤+8.11,Arkordi,2026-08-25,2027-02-10,13.00%,5000.0,5000.0,69,800,false
[B0H3Z5VJM8],amzn1.campaign.YOHYIS4V1224,Kitusi Sciatica Pain Relief Devices & Deep Tissue Massager,Kitusi,2026-08-25,2026-09-24,20.00%,5000.0,4911.96,23,800,false
"[B0GQS3N6FG, B0GQS2GRTS, B0GQS5FS87, B0GQSJYD6L, B0GQRSTN49]",amzn1.campaign.1QAJD1MK867MY,红色破洞牛仔裤+8.11,Arkordi,2026-08-25,2027-02-09,13.00%,5000.0,5000.0,66,800,false
"[B0H4R1FNK7, B0H4R9R2C2, B0H4R2RWGZ, B0H4RJPZTY, B0H4R3P2SN, B0H4RDSPQB, B0H4QZ8Z5L, B0H4RB9GLQ, B0H4RCLG6C, B0H4RB199C]",amzn1.campaign.271FG6IA8ZPXJ,WS-016 018激光镂空牛仔裤--10%-0822,ACTIFORTERRAS,2026-09-09,2027-02-02,10.00%,5000.0,5000.0,53,800,false
"[B0GPQ9HKG9, B0GQST9HSM]",amzn1.campaign.2TZF0NQDK1MSU,July-4th earrings,HWING,2026-08-25,2026-11-28,12.00%,5000.0,5000.0,32,800,false
"[B0GQS3N6FG, B0GQS2GRTS, B0GQS5FS87, B0GQSJYD6L, B0GQRSTN49]",amzn1.campaign.QVJQEVDEQ2A6,红色破洞牛仔裤+8.11,Arkordi,2026-08-25,2027-02-08,13.00%,5000.0,5000.0,70,800,false
"[B0GQS3N6FG, B0GQS2GRTS, B0GQS5FS87, B0GQSJYD6L, B0GQRSTN49]",amzn1.campaign.AKVQ9OQ6IA00,红色破洞牛仔裤+8.11,Arkordi,2026-08-25,2027-02-07,13.00%,5000.0,5000.0,70,800,false
"[B0H4R1FNK7, B0H4R9R2C2, B0H4R2RWGZ, B0H4RJPZTY, B0H4R3P2SN, B0H4RDSPQB, B0H4QZ8Z5L, B0H4RB9GLQ, B0H4RCLG6C, B0H4RB199C]",amzn1.campaign.26Q0K3ABHKTEO,WS-016 018激光镂空牛仔裤--10%-0822,ACTIFORTERRAS,2026-09-08,2027-02-02,10.00%,5000.0,5000.0,55,800,false
[B0H6MG963R],amzn1.campaign.T1PY9U3LWEV2,Halloween Skeleton Earrings,HWING,2026-08-25,2026-10-31,12.00%,5000.0,5000.0,23,800,false
[B0H3DBSMS5],amzn1.campaign.1PMLMNJ144KC1,🍔 Burger Night Just Got Better – Secret Sauce in 10 Seconds! 🤫,Liebe&Lecker,2026-08-27,2027-07-29,25.00%,5000.0,5000.0,28,800,false
"[B0H4R1FNK7, B0H4R9R2C2, B0H4R2RWGZ, B0H4RJPZTY, B0H4R3P2SN, B0H4RDSPQB, B0H4QZ8Z5L, B0H4RB9GLQ, B0H4RCLG6C, B0H4RB199C]",amzn1.campaign.299D1VJZJXN2S,WS-016 018激光镂空牛仔裤--10%-0822,ACTIFORTERRAS,2026-09-07,2027-02-02,10.00%,5000.0,5000.0,57,800,false
[B0H3DWLLF2],amzn1.campaign.3JKXB78VQ9NDC,Pumpkin earrings,HWING,2026-08-25,2026-10-31,10.00%,5000.0,5000.0,50,800,false
[B0H3DBSMS5],amzn1.campaign.2FSPGQWAAPR9R,🧁 Guilt-Free Dessert in Minutes? 🍫 This Blender Makes Healthy Treats!,Liebe&Lecker,2026-08-27,2027-07-30,25.00%,5000.0,5000.0,26,800,false
[B0H3DBSMS5],amzn1.campaign.UT8AXZ3UR7K7,🏕️ Campfire Cocktails? 🍹 This Blender Is My Glamping Essential!,Liebe&Lecker,2026-08-27,2027-07-31,25.00%,5000.0,5000.0,30,800,false
"[B0GQS3N6FG, B0GQS2GRTS, B0GQS5FS87, B0GQSJYD6L, B0GQRSTN49]",amzn1.campaign.3T9RX996GS4AU,红色破洞牛仔裤+8.11,Arkordi,2026-08-25,2027-02-06,13.00%,5000.0,5000.0,70,800,false
"[B0H7QWWJMQ, B0H7R5R2MY, B0H6M5SZSN, B0H6M44V44, B0H6B6B3MT, B0H6MFKZ8X, B0H6M591CB, B0H7R6QPF8, B0H6B2QWB5, B0H7R472Z8, B0H6M9JD1G, B0H7RCH2WB, B0H7R4J79X, B0H7R2LJRH, B0H6B1XMZP, B0H6M2WLTC, B0H7R7NQZP, B0H7R6NZNJ, B0H6B93MVY, B0H7R423SZ, B0H7R9HYHH, B0H7RBS4YG, B0H7R2LLRP, B0H7RCSDZH, B0H7R589SS, B0H7R3QNPF, B0H7QXR3XZ, B0H7QZJK5J, B0H7QZH8Q9, B0H6M46S11, B0H7R1DW72, B0H6MC8Z54, B0H6M4HBBK, B0H6B54FK1, B0H69ZWP7B, B0H6M89XGQ, B0H6M8FDQ6, B0H6B64FG9, B0H6M5KFJ7, B0H7R56DT9, B0H6MD8H6F, B0H7R2YX1G, B0H6MB9YG2, B0H6M7V5FH, B0H6M5L12P, B0H7RF3NRZ, B0H69ZHH32, B0H7R58S8Z]",amzn1.campaign.1F9YQCZ7U1A0O,LOVEFAD Arch Support Orthotics Shoe Insole for Men Women,LOVEFAD,2026-08-25,2026-12-31,20.00%,5000.0,4932.76,18,800,false
[B0GHJX64C7],amzn1.campaign.A4Q46V1DY2NU,Magnetic 4G Vehicle GPS Tracker | High‑Commission Affiliate Campaign,itrace360,2026-08-25,2026-12-31,30.00%,6000.0,6000.0,18,800,false
"[B0GHN2ZWHW, B0GHMRC51N, B0GY4PPWDP, B0H4LLXLC6, B0H4LPB9DJ, B0GHMS335N, B0GHN34FD4, B0GXJDGCQL, B0H4LF94QX, B0GHN2C4P1, B0GY4LCXXF, B0GHMRLS6X, B0H36LS8VN, B0GHMR45B1, B0GHMQ1Q9Z, B0H36R7GLM, B0GXJNJT57, B0GXJY2TXH, B0H4L8SS42, B0GHMNLNGV, B0GY4YDRBY, B0GHMV7PKV, B0GHMQG425, B0GHMQG424, B0GXJNF1F4, B0GHMVSBQ5, B0GXHYXDR5, B0GHNHTHQK, B0GY4MRKN4, B0H4LB4KYL, B0H4L8NWPH, B0GXJJC6T9, B0GHMNDDMJ, B0GHMNKL7T, B0H4LPTHK6, B0GHN4D6T3, B0GHMXSQ64, B0GHMTM6J5, B0GXJTTCJW, B0H4L3DRJ1, B0H4L5B975, B0GHMZ8VDM, B0GHMVGJBV, B0GHMTG6NR, B0GHMYF9BG, B0GHN45LCJ, B0GHN2K8N6, B0H4L7DRNP, B0GHMZ7JSN, B0GHMVRK2Z, B0GHN3RV9P, B0GHN2T1HH, B0GHMSDXWS, B0H36T15KL, B0GXJT3BT1, B0GXJGBGJC, B0H4LF6KFP, B0GHMR3CN4, B0GHMYQW83, B0GHMVPT6C, B0GXJL5JXR, B0GHN7WJ9K]",amzn1.campaign.2XQOKTF2KO91J,NEW Great Deal! Pink Rug Special -YL-MFY,PureCozy,2026-08-25,2026-11-12,10.00%,5000.0,5000.0,47,800,false
[B0H7M2C36D],amzn1.campaign.2OZJ0KZ5VDID1,couple bracelets （red）,HWING,2026-08-25,2026-10-31,10.00%,5000.0,5000.0,36,800,false
"[B0GKGGXKR1, B0GKGR7YPD, B0GKGM362Y, B0GKGHQJ1M, B0GKGHVBRN, B0GKGN7DD1, B0GKGKRTJH, B0GKGN1DWR, B0GKGB8JMH, B0GKGPZGD4, B0GKGVWCW4, B0GKGVVQKW, B0GKGMZ6QC]",amzn1.campaign.2II87W2C392NW,WV-010-009-创作者影响计划-0822-  12.87%,MolyPark,2026-08-29,2026-11-16,12.87%,5000.0,5000.0,59,800,false
"[B0GQS3N6FG, B0GQS2GRTS, B0GQS5FS87, B0GQSJYD6L, B0GQRSTN49]",amzn1.campaign.Y7DJI3VHRZ2F,红色破洞牛仔裤+8.11,Arkordi,2026-08-25,2027-02-05,13.00%,5000.0,5000.0,72,800,false
[B0GXTJV7M5],amzn1.campaign.3IX9H2PJ2MC1I,Cat figurine,HWING,2026-08-25,2026-10-31,10.00%,5000.0,5000.0,47,800,false
"[B0GKGGXKR1, B0GKGR7YPD, B0GKGM362Y, B0GKGHQJ1M, B0GKGHVBRN, B0GKGN7DD1, B0GKGKRTJH, B0GKGN1DWR, B0GKGB8JMH, B0GKGPZGD4, B0GKGVWCW4, B0GKGVVQKW, B0GKGMZ6QC]",amzn1.campaign.3JK3JBVJ9205N,WV-010-009-创作者影响计划-0822-  12.86%,MolyPark,2026-08-27,2026-11-16,12.86%,5000.0,5000.0,60,800,false
[B0GX17N72J],amzn1.campaign.2E20OPFHI5C8Q,Eyoyofishcam Telescopic Fishing Rod and Reel Combo,Eyoyofishcam,2026-08-25,2026-12-31,10.00%,5000.0,4992.0,24,800,false
"[B0H4R1FNK7, B0H4R9R2C2, B0H4R2RWGZ, B0H4RJPZTY, B0H4R3P2SN, B0H4RDSPQB, B0H4QZ8Z5L, B0H4RB9GLQ, B0H4RCLG6C, B0H4RB199C]",amzn1.campaign.1BEZOV8U2D6C7,WS-016 018激光镂空牛仔裤--10%-0822,ACTIFORTERRAS,2026-09-06,2027-02-02,10.00%,5000.0,5000.0,55,800,false
"[B0GQS3N6FG, B0GQS2GRTS, B0GQS5FS87, B0GQSJYD6L, B0GQRSTN49]",amzn1.campaign.1KY2W8S2MBF8F,红色破洞牛仔裤+8.11,Arkordi,2026-08-25,2027-02-04,13.00%,5000.0,5000.0,67,800,false
"[B0H4R1FNK7, B0H4R9R2C2, B0H4R2RWGZ, B0H4RJPZTY, B0H4R3P2SN, B0H4RDSPQB, B0H4QZ8Z5L, B0H4RB9GLQ, B0H4RCLG6C, B0H4RB199C]",amzn1.campaign.25STMQEBVUO5O,WS-016 018激光镂空牛仔裤--10%-0822,ACTIFORTERRAS,2026-09-05,2027-02-02,10.00%,5000.0,5000.0,57,800,false
"[B0H4R1FNK7, B0H4R9R2C2, B0H4R2RWGZ, B0H4RJPZTY, B0H4R3P2SN, B0H4RDSPQB, B0H4QZ8Z5L, B0H4RB9GLQ, B0H4RCLG6C, B0H4RB199C]",amzn1.campaign.IEMGCZLTO2RB,WS-016 018激光镂空牛仔裤--10%-0822,ACTIFORTERRAS,2026-09-04,2027-02-02,10.00%,5000.0,5000.0,61,800,false
"[B0GQS3N6FG, B0GQS2GRTS, B0GQS5FS87, B0GQSJYD6L, B0GQRSTN49]",amzn1.campaign.7TASC5O1U7DZ,红色破洞牛仔裤+8.11,Arkordi,2026-08-25,2027-02-03,13.00%,5000.0,5000.0,72,800,false
"[B0H3LBJNMT, B0H3L3T1NH, B0H3L68MNL]",amzn1.campaign.391LKXE5OYY5T,"HDDTTZ NEW Expandable Shoe Rack, Adjustable Shoe Shelf Storage Organizer",HDDTTZ,2026-08-25,2027-08-25,10.00%,10000.0,9941.79,9,800,false
"[B0H4R1FNK7, B0H4R9R2C2, B0H4R2RWGZ, B0H4RJPZTY, B0H4R3P2SN, B0H4RDSPQB, B0H4QZ8Z5L, B0H4RB9GLQ, B0H4RCLG6C, B0H4RB199C]",amzn1.campaign.EMCI6XO9CVGX,WS-016 018激光镂空牛仔裤--10%-0822,ACTIFORTERRAS,2026-09-03,2027-02-02,10.00%,5000.0,5000.0,61,800,false
"[B0GZP74H8L, B0GZNYZJ33]",amzn1.campaign.1M1PPO086RYZQ,Collaboration Invitation: Dinosaur World Magnetic Cube Travel Set,burgkidz,2026-08-25,2027-06-16,20.00%,8800.0,8800.0,20,800,false
"[B0GKGGXKR1, B0GKGR7YPD, B0GKGM362Y, B0GKGHQJ1M, B0GKGHVBRN, B0GKGN7DD1, B0GKGKRTJH, B0GKGN1DWR, B0GKGB8JMH, B0GKGPZGD4, B0GKGVWCW4, B0GKGVVQKW, B0GKGMZ6QC]",amzn1.campaign.3SYADQNK1IWS5,WV-010-009-创作者影响计划-0822--      14.81%,MolyPark,2026-08-28,2026-11-20,14.81%,5000.0,5000.0,59,800,false
"[B0GQS3N6FG, B0GQS2GRTS, B0GQS5FS87, B0GQSJYD6L, B0GQRSTN49]",amzn1.campaign.1WD0NAKONLNOI,红色破洞牛仔裤+8.11,Arkordi,2026-08-25,2027-02-02,13.00%,5000.0,5000.0,69,800,false
[B0F3239MZ4],amzn1.campaign.3O9NO4RBSA5HW,"LED gloves, suitable for children's toys, gifts, Halloween, Christmas",SLIUGLOVEUN,2026-08-25,2026-09-30,10.00%,5000.0,5000.0,15,800,false
"[B0H4R1FNK7, B0H4R9R2C2, B0H4R2RWGZ, B0H4RJPZTY, B0H4R3P2SN, B0H4RDSPQB, B0H4QZ8Z5L, B0H4RB9GLQ, B0H4RCLG6C, B0H4RB199C]",amzn1.campaign.20XSKEZK2D865,WS-016 018激光镂空牛仔裤--10%-0822,ACTIFORTERRAS,2026-09-02,2027-02-02,10.00%,5000.0,5000.0,58,800,false
"[B0GQS3N6FG, B0GQS2GRTS, B0GQS5FS87, B0GQSJYD6L, B0GQRSTN49]",amzn1.campaign.2WKFP4M79Y3KS,红色破洞牛仔裤+8.11,Arkordi,2026-08-25,2027-02-01,13.00%,5000.0,5000.0,70,800,false
"[B0H4R1FNK7, B0H4R9R2C2, B0H4R2RWGZ, B0H4RJPZTY, B0H4R3P2SN, B0H4RDSPQB, B0H4QZ8Z5L, B0H4RB9GLQ, B0H4RCLG6C, B0H4RB199C]",amzn1.campaign.238KCWILGPAEQ,WS-016 018激光镂空牛仔裤--10%-0822,ACTIFORTERRAS,2026-09-01,2027-02-02,10.00%,5000.0,5000.0,59,800,false
[B0DMVDFB4F],amzn1.campaign.133T8AX560SVD,Homemade Sauces That Actually Taste Like Restaurant? This Blender Is My Secret!,Liebe&Lecker,2026-08-27,2027-07-28,15.00%,5000.0,5000.0,27,800,false
"[B0H4R1FNK7, B0H4R9R2C2, B0H4R2RWGZ, B0H4RJPZTY, B0H4R3P2SN, B0H4RDSPQB, B0H4QZ8Z5L, B0H4RB9GLQ, B0H4RCLG6C, B0H4RB199C]",amzn1.campaign.3IVOA34CU4ILT,WS-016 018激光镂空牛仔裤--10%-0822,ACTIFORTERRAS,2026-08-31,2027-02-02,10.00%,5000.0,5000.0,62,800,false
"[B0GQS3N6FG, B0GQS2GRTS, B0GQS5FS87, B0GQSJYD6L, B0GQRSTN49]",amzn1.campaign.2ZY1HVGRDTBPF,红色破洞牛仔裤+8.11,Arkordi,2026-08-25,2027-01-31,13.00%,5000.0,5000.0,70,800,false
"[B0H4R1FNK7, B0H4R9R2C2, B0H4R2RWGZ, B0H4RJPZTY, B0H4R3P2SN, B0H4RDSPQB, B0H4QZ8Z5L, B0H4RB9GLQ, B0H4RCLG6C, B0H4RB199C]",amzn1.campaign.YP5RU3D3JSJH,WS-016 018激光镂空牛仔裤--10%-0822,ACTIFORTERRAS,2026-08-30,2027-02-02,10.00%,5000.0,5000.0,61,800,false
[B0G3GFMGCR],amzn1.campaign.2ILUYVCYR4DFS,8.22-荔枝纹包包40%,MANCREEK,2026-08-25,2027-08-25,40.00%,5000.0,5000.0,16,800,false
"[B0H4R1FNK7, B0H4R9R2C2, B0H4R2RWGZ, B0H4RJPZTY, B0H4R3P2SN, B0H4RDSPQB, B0H4QZ8Z5L, B0H4RB9GLQ, B0H4RCLG6C, B0H4RB199C]",amzn1.campaign.1DUP37ZTZ77V7,WS-016 018激光镂空牛仔裤--10%-0822,ACTIFORTERRAS,2026-08-29,2027-02-02,10.00%,5000.0,5000.0,57,800,false
"[B0GKGGXKR1, B0GKGR7YPD, B0GKGM362Y, B0GKGHQJ1M, B0GKGHVBRN, B0GKGN7DD1, B0GKGKRTJH, B0GKGN1DWR, B0GKGB8JMH, B0GKGPZGD4, B0GKGVWCW4, B0GKGVVQKW, B0GKGMZ6QC]",amzn1.campaign.2XADPEX7I560P,WV-010-009-创作者影响计划-0822-  12.85%,MolyPark,2026-08-26,2026-11-16,12.85%,5001.0,5001.0,57,800,false
"[B0GQS3N6FG, B0GQS2GRTS, B0GQS5FS87, B0GQSJYD6L, B0GQRSTN49]",amzn1.campaign.1SY6178BFJM8N,红色破洞牛仔裤+8.11,Arkordi,2026-08-25,2027-01-30,13.00%,5000.0,5000.0,67,800,false
"[B0H4R1FNK7, B0H4R9R2C2, B0H4R2RWGZ, B0H4RJPZTY, B0H4R3P2SN, B0H4RDSPQB, B0H4QZ8Z5L, B0H4RB9GLQ, B0H4RCLG6C, B0H4RB199C]",amzn1.campaign.16QW8F2EU2KB8,WS-016 018激光镂空牛仔裤--10%-0822,ACTIFORTERRAS,2026-08-28,2027-02-02,10.00%,5000.0,5000.0,58,800,false
"[B0H4R1FNK7, B0H4R9R2C2, B0H4R2RWGZ, B0H4RJPZTY, B0H4R3P2SN, B0H4RDSPQB, B0H4QZ8Z5L, B0H4RB9GLQ, B0H4RCLG6C, B0H4RB199C]",amzn1.campaign.1WLXY7Y3AAII7,WS-016 018激光镂空牛仔裤--10%-0822,ACTIFORTERRAS,2026-08-27,2027-02-02,10.00%,5000.0,5000.0,60,800,false
[B07JVLRMT6],amzn1.campaign.S79MXGWAH7S2,A786 Animal Building Blocks 2026,burgkidz,2026-08-25,2027-08-25,15.00%,8800.0,8800.0,11,800,false
"[B0H4R1FNK7, B0H4R9R2C2, B0H4R2RWGZ, B0H4RJPZTY, B0H4R3P2SN, B0H4RDSPQB, B0H4QZ8Z5L, B0H4RB9GLQ, B0H4RCLG6C, B0H4RB199C]",amzn1.campaign.22Q96Q1IBFMXU,WS-016 018激光镂空牛仔裤--10%-0822,ACTIFORTERRAS,2026-08-26,2027-02-02,10.00%,5000.0,5000.0,60,800,false
[B0GK7PFK4V],amzn1.campaign.3HZ0K7G6ZL9AC,67 bracelets,HWING,2026-08-25,2026-10-31,10.00%,5000.0,5000.0,46,800,false
"[B0H4R1FNK7, B0H4R9R2C2, B0H4R2RWGZ, B0H4RJPZTY, B0H4R3P2SN, B0H4RDSPQB, B0H4QZ8Z5L, B0H4RB9GLQ, B0H4RCLG6C, B0H4RB199C]",amzn1.campaign.2M0VH59E2TUW7,WS-016 018激光镂空牛仔裤--10%-0822,ACTIFORTERRAS,2026-08-25,2027-02-02,10.00%,5000.0,5000.0,61,800,false
"[B0GQS3N6FG, B0GQS2GRTS, B0GQS5FS87, B0GQSJYD6L, B0GQRSTN49]",amzn1.campaign.2MM3AX67OUSPS,红色破洞牛仔裤+8.11,Arkordi,2026-08-25,2027-01-29,13.00%,5000.0,5000.0,67,800,false
[B0DMVDFB4F],amzn1.campaign.7TSNBTE5MQNQ,🥑 Guacamole That Stays Fresh? 🫑 This Blender Makes Party Prep a Breeze!,Liebe&Lecker,2026-08-27,2027-07-29,15.00%,5000.0,5000.0,45,800,false
"[B0GQS3N6FG, B0GQS2GRTS, B0GQS5FS87, B0GQSJYD6L, B0GQRSTN49]",amzn1.campaign.3VDDCIBESU1SS,红色破洞牛仔裤+8.11,Arkordi,2026-08-25,2027-01-28,13.00%,5000.0,5000.0,70,800,false
[B0DMVDFB4F],amzn1.campaign.7RDTN13RLOQY,Nut Butter Without the $12 Price Tag? 💰 This Blender Saves Me Money Every Week!,Liebe&Lecker,2026-08-27,2027-07-30,15.00%,5000.0,5000.0,44,800,false
[B0HF3MD5BT],amzn1.campaign.34Z8Q5FD3U9F7,SF20-5BT,LONTEK,2026-08-25,2026-10-31,10.00%,10000.0,9835.0,20,800,false
"[B0GQS3N6FG, B0GQS2GRTS, B0GQS5FS87, B0GQSJYD6L, B0GQRSTN49]",amzn1.campaign.P1X4EJO9LOVB,红色破洞牛仔裤+8.11,Arkordi,2026-08-25,2027-01-27,13.00%,5000.0,5000.0,71,800,false
"[B0GGGZ8311, B0H5VZBRGW, B0GGGJBTLY]",amzn1.campaign.3HEUAXF8OYCXC,Wind Chimes,HWING,2026-08-25,2026-10-31,11.00%,5000.0,5000.0,46,800,false
"[B0H769BRDK, B0H766QL94, B0H769D8LT, B0H767MTHH, B0H766CXTL, B0H76C3S3Y, B0H76F29PT]",amzn1.campaign.3RWKPKH4LDZ7Y,Lsaec Mahjong Racks with Non-Slip Straps and Push Rods-4Pcs,Lsaec,2026-08-25,2027-08-03,15.00%,10000.0,10000.0,47,800,false
[B0H558Y3DX],amzn1.campaign.1AOSW1G5C8WQ7,Gisotu 2026 Drawing Robot for Kids: 12.8% Bonus Commission,Gisotu,2026-08-25,2026-09-24,12.80%,5000.0,4990.15,19,800,false
[B0C2Q3NW39],amzn1.campaign.132UM2GTZ65G6,2026年8月22日白色蕾丝蝴蝶结10%佣金,MOMOCAT,2026-08-25,2026-09-25,10.00%,5000.0,5000.0,22,800,false
[B0H69S7N6P],amzn1.campaign.3S581Y5H517RY,Handheld Vacuum Sealer,MRFINE,2026-08-25,2026-10-31,10.00%,5000.0,5000.0,14,800,false
[B0GXFLG4MG],amzn1.campaign.1BT95YP0TUN6,HOUSE DAY Vacuum Storage Bags for Travel 15 Pack | Home Storage & Organization,HOUSE DAY,2026-08-25,2026-09-30,10.00%,5000.0,5000.0,14,800,false
[B0DMVDFB4F],amzn1.campaign.34YEHFR1M8EM2,👶 Baby Led Weaning Made Easy? 🥕 This Blender Is Every Parent‘s Best Friend!,Liebe&Lecker,2026-08-27,2027-07-31,15.00%,5000.0,5000.0,43,800,false
"[B0GKGGXKR1, B0GKGR7YPD, B0GKGM362Y, B0GKGHQJ1M, B0GKGHVBRN, B0GKGN7DD1, B0GKGKRTJH, B0GKGN1DWR, B0GKGB8JMH, B0GKGPZGD4, B0GKGVWCW4, B0GKGVVQKW, B0GKGMZ6QC]",amzn1.campaign.196TBIV7GCG5U,WV-010-009-创作者影响计划-0822--   1 11.76%,MolyPark,2026-08-27,2026-11-28,11.76%,5000.0,5000.0,55,800,false
"[B0GHN2ZWHW, B0GHMRC51N, B0GY4PPWDP, B0H4LLXLC6, B0H4LPB9DJ, B0GHMS335N, B0GHN34FD4, B0GXJDGCQL, B0H4LF94QX, B0GHN2C4P1, B0GY4LCXXF, B0GHMRLS6X, B0H36LS8VN, B0GHMR45B1, B0GHMQ1Q9Z, B0H36R7GLM, B0GXJNJT57, B0GXJY2TXH, B0H4L8SS42, B0GHMNLNGV, B0GY4YDRBY, B0GHMV7PKV, B0GHMQG425, B0GHMQG424, B0GXJNF1F4, B0GHMVSBQ5, B0GXHYXDR5, B0GHNHTHQK, B0GY4MRKN4, B0H4LB4KYL, B0H4L8NWPH, B0GXJJC6T9, B0GHMNDDMJ, B0GHMNKL7T, B0H4LPTHK6, B0GHN4D6T3, B0GHMXSQ64, B0GHMTM6J5, B0GXJTTCJW, B0H4L3DRJ1, B0H4L5B975, B0GHMZ8VDM, B0GHMVGJBV, B0GHMTG6NR, B0GHMYF9BG, B0GHN45LCJ, B0GHN2K8N6, B0H4L7DRNP, B0GHMZ7JSN, B0GHMVRK2Z, B0GHN3RV9P, B0GHN2T1HH, B0GHMSDXWS, B0H36T15KL, B0GXJT3BT1, B0GXJGBGJC, B0H4LF6KFP, B0GHMR3CN4, B0GHMYQW83, B0GHMVPT6C, B0GXJL5JXR, B0GHN7WJ9K]",amzn1.campaign.31JC1FEDX4QSE,Get 50% OFF New Rug Drop -YL-MFY,PureCozy,2026-08-25,2026-11-11,10.00%,5000.0,5000.0,45,800,false
[B0H8NMP4VP],amzn1.campaign.1ZN41WE8I7IZ5,SF20-4VP,CURSOR FITNESS,2026-08-25,2026-10-31,10.00%,10000.0,9790.0,12,800,false
"[B0GKGGXKR1, B0GKGR7YPD, B0GKGM362Y, B0GKGHQJ1M, B0GKGHVBRN, B0GKGN7DD1, B0GKGKRTJH, B0GKGN1DWR, B0GKGB8JMH, B0GKGPZGD4, B0GKGVWCW4, B0GKGVVQKW, B0GKGMZ6QC]",amzn1.campaign.3CKJ53EWP682U,WV-010-009-创作者影响计划-0822--   11.71%,MolyPark,2026-08-29,2026-11-28,11.75%,5000.0,5000.0,60,800,false
"[B0C4GLBP81, B0D12PJ6NQ]",amzn1.campaign.1RO5J6NLA4B0N,BS805 930,burgkidz,2026-08-25,2027-08-25,15.00%,8800.0,8800.0,0,800,false
"[B0H28DZF5K, B0C7VGLZB2, B0H28BXYY8, B0CKXD52SB, B0C7VC3XFJ, B0FG82MVQN, B0F919LNMS, B0F3CT74N1, B0C7VW57WT, B0FY5PCXZ1, B0F3CSN4TP, B0FY5Z5RBJ, B0FY625MRR, B0CBBKJW5X, B0DLP16RZL, B0C7VNZQDY, B0FLXMT46Q, B0FLXLP3MW, B0DLP16H5M, B0FY5Z16WM, B0DLP174L8, B0C7VDSJ19, B0FG83Y7D4, B0F919RQT1, B0FG8276TH, B0G6RVHYP3, B0G6T76W6M, B0C7VFFMDW, B0DLNXZDPF, B0FLXLS32M, B0FG82GKLL, B0C7VRCLBT, B0CMLYPCBB, B0F3CSF2G2, B0FLXLT8JF, B0C7VC7QKQ, B0FG81TN88, B0FY63CBF8, B0CMLW89P1, B0H7565X2B, B0F3CSCYPM, B0FY61J3ZT, B0G6SWBWGG, B0F3CPRZYH, B0FLXLY4W5, B0C7VDNFVH, B0FLXLV98X, B0G6T2N1T2, B0FLXMDKF5, B0FLXM1JL1, B0FLXKM8NL, B0H756CM44, B0DLNY3LZT, B0C7VJ12BR, B0DLNZXX6F, B0FLXM5NGL, B0H28G46F4, B0C7VD14ZM, B0FG8478PS, B0H74YKYRL, B0DLNYVLSQ, B0FY5Z3D98, B0DLNYS6QK, B0F3CR8ZPQ, B0CBBKDMQ4, B0FG7ZGJWP, B0F3CSQ9ZW, B0FG82Q73X, B0DLNZYSMB, B0FG825V2W, B0F916M9XK, B0H2849CFW, B0C7VBV8X6, B0FG81V1TQ, B0F3CPK43P, B0C7VHZKD6, B0FLXN5DK2, B0C7VFNBDT, B0FG7YWC5Q, B0FY6241RW, B0C7VDPH26, B0C7VH74DN, B0C7VGJ91F, B0F3CVW2W9, B0F919VPQS, B0G6S5T8CP, B0CMM1G38V, B0G6S5ZH13, B0C7VCSYWR, B0F917RHKC, B0C7VJ7D5T, B0H28FW8XF, B0H28B3QJW, B0C7VG97Q4, B0DLP1JR4Q, B0FLXLFKN1, B0H289X66V, B0FLXKJ4QC, B0H287N9D6, B0F919NFJH, B0FY61NGJ1, B0C7VKHJ5K, B0FLXMRD36, B0G6RZ7NFQ, B0H28H8QPG, B0FY5ZC1BW, B0FG81M7MS, B0H28CZHWT, B0DLNYTCZ7, B0FG7ZZ5H2, B0FG826X5N, B0CMLYC9C4, B0FLXKCC5L, B0FG81LMLS, B0H756PM1N, B0C7VFDNFV, B0FLXLZZB3, B0CQ48DYV8, B0G6S6F4W1, B0G6SVV8P3, B0C7VCL89K, B0FG827PDL, B0H28KPBTK, B0DLP137SF, B0DLNZB1PF, B0DLP1D2VM, B0C7VCG288, B0G6S28M7S, B0FY5Y4WCT, B0H285ZKVM, B0H751M2R3, B0C7VR5KQG, B0FG813ZYQ, B0DLNYPQ2M, B0DLNY8NCS, B0FG82RD6D, B0FLXL22M4, B0FG81V589, B0CDP9WVKR, B0H28HSVSQ, B0H28H96R2, B0DLP1WS35, B0F916VJBJ, B0FLXNWBGF, B0C7VGRG1M, B0G6SVSNYQ, B0F91CRQX3, B0F3CS59P3, B0C7VLZR7G, B0CBBL158M, B0F91719TV, B0H28DYP4Y, B0FLXN6CZ6, B0C7VFLYBH, B0H2896NHH, B0DLP28WL7, B0F3CMRVXR, B0FY5ZP6D3, B0FY5Z1846, B0G6S15FMB, B0F91B2L4M, B0CDNXT7M6, B0C7V9C1V7, B0F3CN6WB1, B0FLXKQ5B2, B0DLNXY2YJ, B0C7V988VT, B0CMLZV2NF, B0FY617Y4J, B0DLNZ979W, B0FY624LHD, B0FLXNFZWB, B0H2855ZSJ, B0C7VFRTG2, B0FG84TKVD, B0FLXMZ3KB, B0CDNVQT4F, B0FG83PRNQ, B0CMM1753Q, B0FY5ZYVG7, B0CDNQXLNV, B0DLNZ979D, B0FY5ZYVG5, B0C7VDXBYQ, B0H7569J45, B0DLP1TSKC, B0FG838B4L, B0H2867DDX, B0CBBJ3JD6, B0FY62N1VC, B0F91D28K5, B0FG82VQV6, B0FLXM53JD, B0FG7Y3C6P, B0FLXLT4LF, B0C7VGLSHQ, B0F3CQ5X6J, B0G6SFBRZN, B0FY5ZCSQX, B0C7VB12G2, B0F3CRSS77, B0F915T1SB, B0FY62LH8V, B0G6RN1XGL, B0C7VJ2LLP, B0DLNXMXYQ, B0CMLYBF5X, B0DLP117Q2, B0F9173TG2, B0FG7ZDZ6H, B0F3CS64H4, B0FLXNF52Z, B0C7VB7VFH, B0FG81VGY3, B0FY5P9K9D, B0DLP2DK44, B0FY61H512, B0DLNZC23M, B0F3CQPTQV, B0C7VD7BY4, B0F91B2GY6, B0F3CT29RT, B0FG83NL1N, B0H28DFFLP, B0FLXMG1CQ, B0CMLYNPWG, B0FLXNQRLQ, B0CBBJJP8Y, B0FLXMW9D9, B0C7VGJSMG, B0DLNXZ6QB, B0DLNYD8J9, B0H28FS3R5, B0FG83LZSS, B0FLXMDDB6, B0F9172R6G, B0C7VGDP96, B0FG81S4LL, B0G6S3NRZF, B0F917FCMM, B0CDNV7PYZ, B0CMM1KYPX, B0H28LNJG2, B0FG83X59H, B0H28719BB, B0FLXMC59Q, B0CMM29FH9, B0DLNYBZCQ, B0DLNXSPJ9, B0G6RFZVRW, B0FY5XTKSV, B0H28JGQQ9, B0C7VCD6FM, B0F91BDDKD, B0FG81VHKZ, B0C7VCVFNC, B0FLXN2YX2, B0C7VD9C1K, B0G6T7LGRH, B0C7VDM4Z8, B0FG7ZJP45, B0C7VDLHCG, B0H283BV89, B0CBBKGXBQ, B0CMM1FS53, B0F3CS4YGT, B0FLXKNPFM, B0CMLY4RHV, B0FG849RR5, B0FG7ZRF7F, B0CPSCS4NN, B0C7VKWPLC, B0FLXKDCK3, B0FY61SRY6, B0FLXLVJF2, B0FG81DK7P, B0FLXL8SQF, B0FLXKYRZ9, B0G6SBV4YW, B0C7VDLHDJ, B0FG818DNM, B0F914W8XV]",amzn1.campaign.2GD0DMGKJIRK4,L-SW7086 JZC Women's Palazzo Lounge Pants,JZC,2026-08-25,2026-09-24,10.00%,5000.0,4420.62,7,800,false
"[B0GQS3N6FG, B0GQS2GRTS, B0GQS5FS87, B0GQSJYD6L, B0GQRSTN49]",amzn1.campaign.3PT67916Z15W7,红色破洞牛仔裤+8.11,Arkordi,2026-08-25,2027-01-26,13.00%,5000.0,5000.0,70,800,false
"[B0H6LSDWBW, B0H6LX3R4X, B0H6LW8TDK, B0H6LVKKBJ, B0H6M49M71, B0H6LXZB8J, B0H6LZQNQH]",amzn1.campaign.L3SUWVNYJA4G,BASSDASH UPF 50+ Wide Brim Lifeguard Straw Hat for Beach Fishing Outdoor,Bassdash,2026-08-25,2027-08-25,10.00%,7000.0,6995.33,20,800,false
"[B0GQS3N6FG, B0GQS2GRTS, B0GQS5FS87, B0GQSJYD6L, B0GQRSTN49]",amzn1.campaign.223HCRICHXB36,红色破洞牛仔裤+8.11,Arkordi,2026-08-25,2027-01-25,13.00%,5000.0,5000.0,66,800,false
"[B0GKGGXKR1, B0GKGR7YPD, B0GKGM362Y, B0GKGHQJ1M, B0GKGHVBRN, B0GKGN7DD1, B0GKGKRTJH, B0GKGN1DWR, B0GKGB8JMH, B0GKGPZGD4, B0GKGVWCW4, B0GKGVVQKW, B0GKGMZ6QC]",amzn1.campaign.2Q24DCIJUJWMM,WV-010-009-创作者影响计划-0822-  12.85%,MolyPark,2026-08-29,2026-11-14,12.85%,5001.0,5001.0,58,800,false
"[B0GKGGXKR1, B0GKGR7YPD, B0GKGM362Y, B0GKGHQJ1M, B0GKGHVBRN, B0GKGN7DD1, B0GKGKRTJH, B0GKGN1DWR, B0GKGB8JMH, B0GKGPZGD4, B0GKGVWCW4, B0GKGVVQKW, B0GKGMZ6QC]",amzn1.campaign.2APD9ULTT9T3H,WV-010-009-创作者影响计划-0822--   11.71%,MolyPark,2026-08-29,2026-11-16,11.75%,5000.0,5000.0,60,800,false
"[B0GQS3N6FG, B0GQS2GRTS, B0GQS5FS87, B0GQSJYD6L, B0GQRSTN49]",amzn1.campaign.1YVVLNIMHUM1F,红色破洞牛仔裤+8.11,Arkordi,2026-08-25,2027-01-24,13.00%,5000.0,5000.0,67,800,false
"[B0HDBHJQ2S, B0H1LY49YJ, B0H1MB7Q2Z, B0H6JK331C, B0H74VG1XV]",amzn1.campaign.10KD0BO4YS6HG,ACC【20%】Herding Ball B0H74VG1XV B0H6JK331C B0H1MB7Q2Z B0H1LY49YJ B0HDBHJQ2S,MOAURCHI,2026-08-25,2026-12-31,20.00%,5000.0,4964.2,20,800,false
"[B0GKGGXKR1, B0GKGR7YPD, B0GKGM362Y, B0GKGHQJ1M, B0GKGHVBRN, B0GKGN7DD1, B0GKGKRTJH, B0GKGN1DWR, B0GKGB8JMH, B0GKGPZGD4, B0GKGVWCW4, B0GKGVVQKW, B0GKGMZ6QC]",amzn1.campaign.2073YUASBP75A,WV-010-009-创作者影响计划-0822--       14.79%,MolyPark,2026-08-28,2026-11-20,14.80%,5000.0,5000.0,56,800,false
"[B0GH5DKJDC, B0GH5DDD54]",amzn1.campaign.2NZ9ZJKBBE534,Collaboration Invitation | Princess Magnetic Tiles Set,burgkidz,2026-08-25,2027-08-25,15.00%,8800.0,8800.0,1,800,false
"[B0GQS3N6FG, B0GQS2GRTS, B0GQS5FS87, B0GQSJYD6L, B0GQRSTN49]",amzn1.campaign.CPMBDA6W3DPL,红色破洞牛仔裤+8.11,Arkordi,2026-08-25,2027-01-23,13.00%,5000.0,5000.0,71,800,false
"[B0GKGGXKR1, B0GKGR7YPD, B0GKGM362Y, B0GKGHQJ1M, B0GKGHVBRN, B0GKGN7DD1, B0GKGKRTJH, B0GKGN1DWR, B0GKGB8JMH, B0GKGPZGD4, B0GKGVWCW4, B0GKGVVQKW, B0GKGMZ6QC]",amzn1.campaign.3JZ02NAPSHTBE,WV-010-009-创作者影响计划-0822--   11.71%,MolyPark,2026-08-29,2026-11-16,11.74%,5000.0,5000.0,65,800,false
"[B0GQS3N6FG, B0GQS2GRTS, B0GQS5FS87, B0GQSJYD6L, B0GQRSTN49]",amzn1.campaign.3MIMJKDOFNCLA,红色破洞牛仔裤+8.11,Arkordi,2026-08-25,2027-01-22,13.00%,5000.0,5000.0,69,800,false
"[B0GKGGXKR1, B0GKGR7YPD, B0GKGM362Y, B0GKGHQJ1M, B0GKGHVBRN, B0GKGN7DD1, B0GKGKRTJH, B0GKGN1DWR, B0GKGB8JMH, B0GKGPZGD4, B0GKGVWCW4, B0GKGVVQKW, B0GKGMZ6QC]",amzn1.campaign.3ROHXYUN5SY9,WV-010-009-创作者影响计划-0822-    12.84%,MolyPark,2026-08-26,2026-11-14,12.84%,5000.0,5000.0,59,800,false
"[B0H7S4DS5T, B0G7TPZHL6, B0GXB79B94, B0GXB611KS, B0GXB7J15Q, B0GXB611KQ, B0H7S7JCB1, B0GXB4TMR3, B0H7RX5GR5, B0G7SXTPHB, B0H7S6CV8B, B0G7TPYV9J, B0H7S7MQDB, B0H7S3F7F7, B0GXB9NB4L, B0H7S5QRSS, B0H7S3FQWQ, B0GXB7QM6K, B0G7T4DMLR, B0GX9SKR1L, B0G7TPQ8X9, B0G7VLZ1P9, B0H7S7VV3G, B0G7TWNXLC, B0G7VLMC9K, B0G7TWDV64, B0GXB31XJR, B0G7TRGNXJ, B0GXB2QWCN, B0H7S1WLV4, B0H7RYVBLJ, B0G7T3H9B3, B0G7TQ14DC, B0G7VTJ3X2, B0GXB3YK8S, B0H7S1SMBQ, B0HDL5L3PG, B0H7S21273, B0G7V5R6H5, B0H7RYYZ2L, B0H7S3LXFP, B0GX9Y68GL, B0H7S454Y5, B0GX9SSXTN, B0GXB78TBQ, B0H7S78FLR, B0H7S9J13Z, B0GXB8HJS5, B0G7TXJKH1, B0G7VTJ3W1, B0GXB72T3Q, B0H7S1NBMN, B0GX9XT1GK, B0G7VVZ4DB, B0H7S38CZK, B0GXB717P3, B0GXB42XY6, B0GXB4N8VV, B0H7S9C4G2, B0GXB6YHF7, B0GXB3PVG2, B0H7S296YB, B0G7V72KGL, B0GXB3NDJB, B0H7S27JWF, B0GXB7XZ13, B0GXB3MHDS, B0G7TX8LG1, B0G7TX69GQ, B0GXB42PXR, B0G7TQPNVX, B0GXB7XZ12, B0G7TWCNVZ, B0HFRZ5SL2, B0G7V248NY, B0GXB18VVS, B0H7S7B3P4, B0G7TL67XP, B0H7S7W6V8, B0H7RYMMWT, B0H7SB181J, B0GXB4ZT33, B0GXB2HM8Y, B0GX9YP8TM, B0GXB18VVQ, B0GXB97HW8, B0GXBCK38J, B0H7S75T5Y, B0GXB3JHM3, B0GX9Y74X8, B0GX9ZN465, B0H7S3N9X6, B0G7V4V3W5, B0GX9ZN9TF, B0GXB35MT1, B0GXB6WM7H, B0GXB6DBK6, B0G7TPFP47, B0H7RV3ZVJ, B0GXB1XVDQ, B0GXBCJ94C, B0G7V97T51, B0G7TJ45B4, B0H7S5CL53, B0G7TB6JGC, B0G7VTSHYP, B0GXB1XQKZ, B0G7V22VMP, B0GXB2ND1R, B0GXB4YCG7, B0H7RZ5555, B0GXB3VJJF, B0GXBBHKL7, B0H3DVMXNK, B0H7S3DFNC, B0H7S1XS58, B0G7V8Z252, B0GXB3W71J, B0H7S2D112, B0H7S692RW, B0GXB414QN, B0G7T9ZMBY, B0GXB414QM, B0GXB7BJ5Z, B0H7S4KCJJ, B0H7S5GJ7J, B0H7SDH9W1, B0GXB7HD91, B0G7T4RCW8, B0GXB73B21, B0GXB9WFZT, B0GXB56STD, B0GXB7D1NP, B0GXB3CQNY, B0H8X4C4N7, B0G7VM3RPJ, B0GXB3S6ZK, B0GXB1Y9GG, B0H7S64HBG, B0GXB5ZY53, B0G7W7LYXW, B0H7S4JYK4, B0G7VGCS4R, B0H7S6P5W7, B0GXB7L5RK, B0GX9VW9CZ, B0G7T3G781, B0GXBBH2GH, B0GX9S57BY, B0GXB9DZJB, B0H7RZK4MG, B0G7VLJ2VX, B0GXB8DDKD, B0H7S4S3TK, B0GXB77BJJ, B0H7S6NP1Z, B0H7WRR1ZK, B0H7S7LF99, B0G7W7LYZ5, B0H7S8MKBD, B0GXB2BHKH, B0G7V5YGRP, B0H7RZK4NB, B0H7S76F9V, B0GXB6G829, B0GXB95PRG, B0GXB3TNCL, B0GXB6NZRM, B0GXB73157, B0GXB5HF8G, B0G7VSRDFS, B0GXB6NSD1, B0H7RX7H95, B0H7RYWXGL, B0GX9ZBZMJ, B0GXB74DYR, B0H7S1388R, B0G7VM3HXX, B0G7TQZ71N, B0G7V5KCBZ, B0GXB1R73F, B0H7RZNMPN, B0G7VTYN7G, B0H7S6MD44, B0G7TQKS84, B0GXBCCGM3, B0G7VF1X3C, B0GXB7WWHB, B0H7S14VPM, B0GXBCCGM5, B0G7V922Y9, B0H7S6JZF3, B0GXBBDDBQ, B0GXB6RMNL, B0GXB7QYND, B0H7RZXX8S, B0G7TZ9KNL, B0G7TL55MF, B0G7V8X34H, B0GX9SL186, B0H7S4KXYG, B0G7V1KC1M, B0G7TR7R4K, B0GXB74ZW1, B0H7S8NRB7, B0H7S659D6, B0G7V2BYM4, B0G7T92YJ7, B0G7TTHRZL, B0G7VW3JND]",amzn1.campaign.3MZMWLE7KZUK0,L-SW7128 JZC Womens Wide Leg Pants,JZC,2026-08-25,2026-09-24,10.00%,5000.0,4988.0,10,800,false
[B0CT5QKZSJ],amzn1.campaign.2FN28TAUZ6B8,ga01-03,· GRILLGEN ·,2026-08-28,2027-08-28,10.00%,5000.0,5000.0,39,800,false
"[B0GQS3N6FG, B0GQS2GRTS, B0GQS5FS87, B0GQSJYD6L, B0GQRSTN49]",amzn1.campaign.1ZSIM0YQCMPS3,红色破洞牛仔裤+8.11,Arkordi,2026-08-25,2027-01-21,13.00%,5000.0,5000.0,66,800,false
[B0G4MS3BSD],amzn1.campaign.7K03SASTKOVC,CD-Slot-Honda-Phone,JIEZMO,2026-08-25,2027-08-25,10.00%,5000.0,5000.0,32,800,false
"[B0GQS3N6FG, B0GQS2GRTS, B0GQS5FS87, B0GQSJYD6L, B0GQRSTN49]",amzn1.campaign.1GMEC50BD2VW8,红色破洞牛仔裤+8.11,Arkordi,2026-08-25,2027-01-20,13.00%,5000.0,5000.0,65,800,false
"[B0FRG5KMYY, B0FRGK7NSX, B0FR4Z7BF7, B0FR4YYL9K, B0FRG1M6DN, B0FR55899M, B0FRG1MMJZ, B0FQP28CQN, B0FQP1B15Y, B0FR4X9GYB, B0FRGFQ3WJ, B0FQP2B583, B0FR4VKW15, B0FQNXNQDY]",amzn1.campaign.25V5EJU0WQDRP,W--106 107 113 114-弹力背带裤-10%-0822,ACTIFORTERRAS,2026-11-26,2027-02-05,10.00%,5000.0,5000.0,44,800,false
[B0G4MTXCWW],amzn1.campaign.3GESKEA0RYIIY,CD-Slot-Nissan-Phone,JIEZMO,2026-08-25,2027-08-25,10.00%,5000.0,5000.0,32,800,false
"[B0H2GTGMDQ, B0H2GPXYPY, B0H2GJQ77J, B0H2GT2B4F, B0H2GRCKSX, B0H2GX66D4, B0H2H46YBM, B0H2GYGLXR, B0H2GTDZFK, B0H2GJWN2J, B0H2GZPNW9, B0H2GTSV1M, B0H2GQ2XCS, B0HFCYJR6T, B0H2H1RPQR, B0H2H52MJ3, B0H2GSCZ3Z, B0H2GMF88F, B0H2GSVD9D, B0H2GMC9CH, B0H2GT6ZXK, B0H2GN9BFN, B0H2GQ4FSV, B0H2H2LJSX, B0H2H3RM2J, B0H2GZTZC3, B0H2GM8RDQ, B0H2GZTZC5, B0H2GPX5KL, B0H2GRX3NM, B0H2GMM4SN, B0H2GXJDBG, B0H2H17XVY, B0H2GXGYDX, B0H2H3S6Z5, B0H2GTVTQ1, B0H2GKC7KW, B0H2GRDLQD, B0H2GRXLMY, B0H2GSMJW8, B0H2GRGYQN, B0H2GSBJH4, B0H2GMQZST, B0H2GTHVQJ, B0H2GWDY4R, B0H2GQ86V4, B0H2GQYQXK, B0H2H3S3ZZ, B0H2GWFJPF, B0H2GTBTFD, B0H2GRZ98V, B0H2GXQGF8, B0H2GQG72F, B0H2GNPNJM, B0H2GXPDSR, B0H2GZMZW8, B0H2GXF659, B0H2GXGC3J, B0H2GWPCDR, B0H2GTCRFS, B0H2GV827H, B0H2GXXDSC, B0H2GZXRN4, B0H2GV827G, B0H2GMY4T9, B0H2GN3P79, B0H2GW2K7S, B0H2GTT2DW, B0H2GSMV3M, B0H2GXDJMW, B0H2GX2VJB, B0H2GSKCM3, B0H2GYHLRW, B0H2GW1338, B0H2GZ4D23, B0H2GRY1DF, B0H2GMC6PN, B0H2GTK8SG, B0H2GV97H5, B0H2GYJCSL, B0H2GTGJ1P, B0H2H38CXS, B0H2GVJBTK, B0H2GVWCP9, B0H2GN9FK7, B0H2GZSBT2, B0H2GYXGRD, B0H2H2BQJZ, B0H2GYGPSN, B0H2GJSK3C, B0HF3TJC62, B0H2GZK3MR, B0H2GNQDG3, B0H2H1DDDJ, B0H2GJX1ZN, B0H2GXQLJ1, B0H2GTJH3K, B0H2GN5S8Z, B0H2GQZ4PH, B0H2H19XHD, B0H2GSKKJQ, B0H2GRQMPW, B0H2GPWNGS, B0H2GSR5JC, B0H2H2CZ6Z, B0H2H39L4D, B0H2GTQSTS, B0H2GXFD59, B0H2GRYJCH, B0HG19D7RX, B0H2H2CZ71, B0H2GW1T5Q, B0H2GS3VNH, B0H2GYT8F9, B0H2GWV2N8, B0H2GWV2N9, B0H2GTQD69, B0H2GR728L, B0H2GWLM7Z, B0H2GSCN6J, B0H2GRPRDN, B0H2GLGQ8M, B0H2GSB3MJ, B0H2H2ZCFH, B0H2GSB3MK, B0H2GYGWJN]",amzn1.campaign.2QU0N0ZTZAONW,L-S6S711_2 JZC Womens Palazzo Pants,JZC,2026-08-25,2026-09-24,10.00%,5000.0,4832.3,21,800,false
[B0CT5QKZSJ],amzn1.campaign.3CMMQ6F42O9HP,ga01-02,· GRILLGEN ·,2026-08-25,2027-08-25,10.00%,5000.0,5000.0,49,800,false
[B0G5YDTSGS],amzn1.campaign.1L7VURMDGO5OR,13% Comm+Clip-On Rechargeable Book Light B0G5YDTSGS 260822,Jasput,2026-08-25,2026-09-24,13.00%,5000.0,4998.04,26,800,false
"[B0GQS3N6FG, B0GQS2GRTS, B0GQS5FS87, B0GQSJYD6L, B0GQRSTN49]",amzn1.campaign.1FPQ99LF5DNEP,红色破洞牛仔裤+8.11,Arkordi,2026-08-25,2027-01-19,13.00%,5000.0,5000.0,65,800,false
"[B0FRG5KMYY, B0FRGK7NSX, B0FR4Z7BF7, B0FR4YYL9K, B0FRG1M6DN, B0FR55899M, B0FRG1MMJZ, B0FQP28CQN, B0FQP1B15Y, B0FR4X9GYB, B0FRGFQ3WJ, B0FQP2B583, B0FR4VKW15, B0FQNXNQDY]",amzn1.campaign.29JE3KRFIN9K3,W--106 107 113 114-弹力背带裤-10%-0822,ACTIFORTERRAS,2026-10-27,2027-02-05,10.00%,5000.0,5000.0,47,800,false
"[B0GQS3N6FG, B0GQS2GRTS, B0GQS5FS87, B0GQSJYD6L, B0GQRSTN49]",amzn1.campaign.395QNBHPY960Q,红色破洞牛仔裤+8.11,Arkordi,2026-08-25,2027-01-18,13.00%,5000.0,5000.0,67,800,false
"[B0GHN2ZWHW, B0GHMRC51N, B0GY4PPWDP, B0H4LLXLC6, B0H4LPB9DJ, B0GHMS335N, B0GHN34FD4, B0GXJDGCQL, B0H4LF94QX, B0GHN2C4P1, B0GY4LCXXF, B0GHMRLS6X, B0H36LS8VN, B0GHMR45B1, B0GHMQ1Q9Z, B0H36R7GLM, B0GXJNJT57, B0GXJY2TXH, B0H4L8SS42, B0GHMNLNGV, B0GY4YDRBY, B0GHMV7PKV, B0GHMQG425, B0GHMQG424, B0GXJNF1F4, B0GHMVSBQ5, B0GXHYXDR5, B0GHNHTHQK, B0GY4MRKN4, B0H4LB4KYL, B0H4L8NWPH, B0GXJJC6T9, B0GHMNDDMJ, B0GHMNKL7T, B0H4LPTHK6, B0GHN4D6T3, B0GHMXSQ64, B0GHMTM6J5, B0GXJTTCJW, B0H4L3DRJ1, B0H4L5B975, B0GHMZ8VDM, B0GHMVGJBV, B0GHMTG6NR, B0GHMYF9BG, B0GHN45LCJ, B0GHN2K8N6, B0H4L7DRNP, B0GHMZ7JSN, B0GHMVRK2Z, B0GHN3RV9P, B0GHN2T1HH, B0GHMSDXWS, B0H36T15KL, B0GXJT3BT1, B0GXJGBGJC, B0H4LF6KFP, B0GHMR3CN4, B0GHMYQW83, B0GHMVPT6C, B0GXJL5JXR, B0GHN7WJ9K]",amzn1.campaign.2P78K4E1FWDOA,NEW HOT HOT Deal! Floral Rug Trend -YL-MFY,PureCozy,2026-08-25,2026-11-10,10.00%,5000.0,5000.0,48,800,false
[B0H5C92XTN],amzn1.campaign.3OSSKKGPJXWL5,Circular-Nissan-Phone,JIEZMO,2026-08-25,2027-08-25,10.00%,5000.0,5000.0,33,800,false
"[B0GQS3N6FG, B0GQS2GRTS, B0GQS5FS87, B0GQSJYD6L, B0GQRSTN49]",amzn1.campaign.1CU6D41SY1I1M,红色破洞牛仔裤+8.11,Arkordi,2026-08-25,2027-01-17,13.00%,5000.0,5000.0,65,800,false
[B0FHQJ5WS1],amzn1.campaign.2SBWT21PRZRVN,EASY VALVE Starter Set,BASKER,2026-08-25,2027-08-25,16.00%,5000.0,5000.0,39,800,false
"[B0H1MGSPDT, B0H1M4GPDF, B0H1M2YDWM, B0H1M5VYVY, B0H1M95KN8, B0H1M65CQL, B0H1M9PVTG, B0H1M4F5RG, B0H1M8T3VZ, B0H1MGCV7L, B0H1M4TR1Q, B0H1M3SMWK, B0H1M4HLYY, B0H1M85TJV, B0H1M4Z28F, B0H1M9ZC7S, B0H1MFZY4L, B0H1MHXVFJ, B0H1MCQHRH, B0H1M5QWPK, B0H1M37X5Q, B0H1M2HDY7, B0H1M4P7RC, B0H1M79FNX, B0H1M1NYL5, B0H1M1NYL3, B0H1M9GL3J, B0H1MBDLM8, B0H1MFTHNK, B0H1MF8RF1, B0H1M36P8G, B0H1MHHKWX, B0H1MGH6JN, B0H1M9PKG4, B0H1M5YZX4, B0H1MJ3FFY, B0H1MD6X2C, B0H1M6CDCC, B0H1MD372B, B0H1MF191C, B0H1MC19PW, B0H1MD5JK5, B0H1MD396P, B0H1M6QGGW, B0H1M4ZN28, B0H1M7HCX6, B0H1MCRR85, B0H1M6SRY9, B0H1M7BZVD, B0H1M9RKF4, B0H1M2MBLF, B0H1M98PMH, B0H1MCGHF2, B0H1MDKKCC, B0H1M8BTKW, B0H1M31HNK, B0H1M6Q5CH, B0H1MJ4X61, B0H1M6KRVQ, B0H1MC3VM7, B0H1M11M8X, B0H1MF5DDR, B0H1M87BZY, B0H1M7FNQL, B0H1MC4GKZ, B0H1MDQS82, B0H1M29B6D, B0H1M3B8TF, B0H1M7VF1D, B0H1M14F9L, B0H1M8QF3M, B0H1M14F9M, B0H1MD3729, B0H1MJ1ZK2, B0H1MB4NF6, B0H1M49MD8, B0H1M7X3RT, B0H1MBN7Y9, B0H1MFJL6L, B0H1M8RHRH, B0H1MFJL6M, B0H1M15414, B0H1M5Q9RC, B0H1MNNJBB, B0H1M5BHTC, B0H1M9N2VQ, B0H1M8CTFH, B0H1MF78YB, B0H1MDHGS7, B0H1M2TWNF, B0H1MF85XN, B0H1M6SYNT, B0H1MFZMK8, B0H1M69J5J, B0H1M6SRYC, B0H1M3Z8VJ, B0H1M8CMQN, B0H1M2TSNM, B0H1M4M2LK, B0H1M5S9KS, B0H1MHXB15, B0H1MJ5Q6Q, B0H1M43HV4, B0H1MFYK17, B0H1MC13KG, B0H1M7PJF1, B0H1MD2ZQ5, B0H1M4YFZC, B0H1MBZHM1, B0H1MQXFDC, B0H1M65XHL, B0H1M65XHM, B0H1M4YTN3, B0H1M271GV, B0H1MGPGJ4, B0H1M4PV2R, B0H1M34L9G, B0H1MG18XV, B0H1MHK9RC, B0H1M8PK3F, B0H1M8KFQN, B0H1MD6LVY, B0H1M51GWR, B0H1M86QX6, B0H1M8726Q, B0H1M5CJH5, B0H1LYJ4Y3, B0H1M6B49R, B0H1M4F8G8, B0H1M5B757, B0H1M87JNJ, B0H1MBC4QT, B0H1MBY886, B0H1M9Z1XM, B0H1LXT9Z3, B0H1M9BFPR, B0H1MCCGC2, B0H1M7N3PN]",amzn1.campaign.9PX670BWOFY0,L-S6S715  KISSMODA Womens Palazzo Lounge Pants,KISSMODA,2026-08-25,2026-09-24,10.00%,5000.0,4957.88,26,800,false
"[B0GQS3N6FG, B0GQS2GRTS, B0GQS5FS87, B0GQSJYD6L, B0GQRSTN49]",amzn1.campaign.33HJEWA218AO9,红色破洞牛仔裤+8.11,Arkordi,2026-08-25,2027-01-16,13.00%,5000.0,5000.0,66,800,false
[B0G4MVCFHM],amzn1.campaign.ZRYYZOHN2CIQ,Circular-Jeep-Phone,JIEZMO,2026-08-25,2027-08-25,10.00%,5000.0,5000.0,34,800,false
[B0GS677FX1],amzn1.campaign.1VCZO2T3M3FV2,15% Comm+GaN 45W Built-in Retractable Dual Cable Wall Charger 260822,Jasput,2026-08-25,2026-09-24,15.00%,5000.0,4946.0,24,800,false
[B0H6JYHQ7Z],amzn1.campaign.1LU5J47FQV2L6,Circular-Mazda-Phone,JIEZMO,2026-08-25,2027-08-25,10.00%,5000.0,5000.0,29,800,false
"[B0GXKPNRWT, B0GXKGQW8D, B0GXKFTRYQ, B0GXKNJW41, B0GXKPJM17, B0GXKQRLLK, B0GXKNC67P, B0GXKRTWQ5, B0GXKNSLLJ, B0GXKGKC36, B0GXKTB11Z, B0GXKJ4FBJ, B0GXKLRWRY, B0GXKB88HC, B0GXKLTZ1Y, B0GXKMBQK1, B0GXKFB7JQ, B0GXKF5QCS, B0GXKC8R63, B0GXKR9L8X, B0GXKJDB41, B0GXKL1W4Z, B0GXKJ5J7Z, B0GXKN8WP9, B0GXKKGMTR, B0GXKN22Q4, B0GXKKLJP9, B0GXKD886P, B0GXKNR9P3, B0GXKMKGWY, B0GXKN9391, B0GXKN9394, B0GXKNFZTF, B0GXKNDYXJ, B0GXKFQS1P, B0GXKP163C, B0GXKFBXYH, B0GXKFQS1N, B0GXKHTLCT, B0GXKJBWLR, B0GXKM75X3, B0GXKN15DM, B0GXKG2T37, B0GXKSMYGK, B0GXKSJZS3, B0GXKFWJ5N, B0GXKRPSGB, B0GXKLDBM1, B0GXKPS781, B0GXKMT2RQ, B0GXKF9J81, B0GXKRQH6B, B0GXKQ6B7Z, B0GXKP99S1, B0HCZB6DCV, B0GXKCX3TN, B0H79FHMT8, B0GXKP1GF5, B0GXKW6N4X, B0GXKQ2GVV, B0GXKGK898, B0GXKKN4B6, B0GXKN5CFR, B0GXKJ2XWX, B0GXKSPCDL, B0GXKSPCDM, B0GXKLLN7H, B0GXKMDBBY, B0GXKGFL69, B0GXKLHNBH, B0GXKNCZKV, B0GXKR4WJ9, B0GXKJ6NZ2, B0GXKGSHXZ, B0GXKMGBB2, B0GXKJ1FQ8, B0GXKKQPQ5, B0GXKDD4WX, B0GXKCT5VN, B0GXKL64X7, B0GXKFS5ML, B0GXKF8ZW8, B0GXKGBW5P, B0GXKR6W9R, B0GXKPMHYQ, B0GXKH9813, B0GXKHTW59, B0GXKPNZJ4, B0GXKRBWFK, B0GXKJ8NLV, B0GXKKM7LD, B0GXKGPMJM, B0GXKJCX7L, B0GXKSNFD4, B0GXKP5K5N, B0GXKJQLX5, B0GXK9WQ26, B0GXKFHZH6, B0GXKH4R1C, B0GXKTB11Y, B0GXKQMT3B, B0GXKPJSW9, B0GXKP4R5Z, B0GXKFDSMF, B0GXKGNRQC, B0GXKFH3JK, B0HC3CXNXV, B0GXKKQZ5Q]",amzn1.campaign.XWMBMKSZR3OK,L-S6S579  KISSMODA Womens Palazzo Lounge Pants,KISSMODA,2026-08-25,2026-09-24,10.00%,5000.0,4841.0,25,800,false
"[B0GW2VMZMW, B0GVS84GDG, B0GVWQBSR8, B0GW2RZZRV, B0GW4T78T1]",amzn1.campaign.KFEAGXGDJNGS,Christmas Fairy String Lights,Ecoeve,2026-08-25,2026-09-24,10.00%,5000.0,5000.0,27,800,false
"[B0GQS3N6FG, B0GQS2GRTS, B0GQS5FS87, B0GQSJYD6L, B0GQRSTN49]",amzn1.campaign.2WYMCJPKCWWDG,红色破洞牛仔裤+8.11,Arkordi,2026-08-25,2027-01-15,13.00%,5000.0,5000.0,67,800,false
[B0H6JS1Z36],amzn1.campaign.XLOED7EYF7Y9,Circular-Chevy-Phone,JIEZMO,2026-08-25,2027-08-25,10.00%,5000.0,4997.9,33,800,false
"[B0DLGV7H5J, B0DLGNSZNQ, B0DLGSHQDD, B0F3JP918W, B0DLKKRWX3, B0DLKMLTD2, B0DLGTGWMY, B0DLGNLF2F, B0DLGNY1PT, B0DLGPVDQY, B0DLKFZQ4J, B0DLGQ2HLL, B0F3JPVXHD, B0F3JMXXZR, B0DLKKTCKL, B0DLGQ8KHQ, B0G6Z8K8Q6, B0F3JLQNRM, B0F3JMG33L, B0DLGRFHT2, B0DLKF2VCS, B0F3JN3RWY]",amzn1.campaign.3BV9MLAICG02K,"Lunukopi Lightweight Open-Top Hats | 5 Prints, Easy Styling",Lunukopi,2026-08-25,2026-10-31,15.00%,5000.0,4993.4,31,800,false
"[B0FRG5KMYY, B0FRGK7NSX, B0FR4Z7BF7, B0FR4YYL9K, B0FRG1M6DN, B0FR55899M, B0FRG1MMJZ, B0FQP28CQN, B0FQP1B15Y, B0FR4X9GYB, B0FRGFQ3WJ, B0FQP2B583, B0FR4VKW15, B0FQNXNQDY]",amzn1.campaign.XTRNZUEZQUCV,W--106 107 113 114-弹力背带裤-10%-0822,ACTIFORTERRAS,2026-10-28,2027-02-05,10.00%,5000.0,5000.0,52,800,false
[B0G4MS5Y2D],amzn1.campaign.20MFM7D9R53AC,Circular-Ford-Phone,JIEZMO,2026-08-25,2027-08-25,10.00%,5000.0,5000.0,30,800,false
[B0G4MW9CDW],amzn1.campaign.1N9KGN27758V8,Circular-MINI-Phone,JIEZMO,2026-08-25,2027-08-25,10.00%,5000.0,5000.0,29,800,false
"[B0GQS3N6FG, B0GQS2GRTS, B0GQS5FS87, B0GQSJYD6L, B0GQRSTN49]",amzn1.campaign.QPTDAPALW6FU,红色破洞牛仔裤+8.11,Arkordi,2026-08-25,2027-01-14,13.00%,5000.0,5000.0,70,800,false
"[B0GFHGYB7Z, B0DLSPP44V, B0DLSVCR15, B0DLSWWNSL, B0F9PBT1S2, B0DLSPP44T, B0GFHB4TT5, B0DLSSPRNL, B0F9P9GNJJ, B0DLSGWQBN, B0GFHR7422, B0F9P92K18, B0DLSLCY28, B0GFHTT5WV, B0G7GVHLB9, B0DLSJ6JRQ, B0DLSPNL9L, B0DLSP49SJ, B0DLSL6MSK, B0FD6M3J38, B0DLT12FBD, B0G7H27Y6X, B0DLSKLRGK, B0DLSPGLPN, B0G7GP81BZ, B0DLSL27C5, B0F9P8W4CL, B0F9P9W58N, B0DLSLJ44R, B0F9PCCJYY, B0DLSPN2GS, B0DLSN3SNF, B0F9PCBDPP, B0DLSK2K2S, B0F9PDTZN5, B0DLSCDQG5, B0GFHJD3Y4, B0G7H31F6L, B0GFH47S7Z, B0FD6ZJVSM, B0DLSNS5HB, B0G7H9TC41, B0F4QX6JRR, B0DLSJSYJ6, B0DLS689W6, B0DLSPN1G8, B0DLT14Q3R, B0GFH3K3YR, B0G7GTP8MY, B0DLSHPG8D, B0DLSCXLPV, B0DLSVCT1H, B0DLSMN713, B0GFHGTQGP, B0DLSMN714, B0F9PCG2LL, B0DLSWH921, B0G7HHMH7P, B0DLSPG786, B0DLSNQ858, B0GFH9HVSY, B0DLSWT43Y, B0DLSTMDSX, B0G7HDKM8J, B0DLSJV6YZ, B0DLSQS32K, B0DLSTMDSZ, B0G7HDMMBN, B0DLSFNNNH, B0DLSJV6Z1, B0DLSD2RHV, B0DLSCFLN4, B0F9PH5GXF, B0DLSWYFJ8, B0G7GZSBKR, B0G7GTZMSK, B0DLSCFLMZ, B0DLSRHKWM, B0G7HHHDJH, B0DLSLK8GG, B0DLT2YLR9, B0F9PC3CFG, B0G7HJDQWH, B0DLSKNWX6, B0DLSWGTQD, B0F9P8DKMT, B0DLSJTC9K, B0DLSNVMQT, B0DLSSTPC5, B0F9P68ZTH, B0F9P68ZTJ, B0DLSJ8Y4X, B0G7GWVC8X, B0G7GQTKJ5, B0F9P986KF, B0F9PGFJFF, B0DLSY9R8R, B0F9PD9P1N, B0G7HDYQW1, B0F9PC8R3L, B0F9PCVVT6, B0DLRBGLWF, B0DLSQCSCK, B0DLSPRFYG, B0DLSWXZVD, B0GFHD6413, B0F9PDKDDJ, B0F9P66XY5, B0DLSYRM66, B0DLSK5M9X, B0DLSPT5QM, B0F9PDMH5T, B0F9PD2BZW, B0G7H5TNGN, B0G7GCT2FJ, B0DLSDZNXH, B0F9PC8QRX, B0GFHCQP36, B0DLSQLPSX, B0DLSWSS6S, B0DLSYFBTF, B0DLRH6F3N, B0DLSYC1KK, B0DLSWTMYD, B0GFHGVTKT, B0F9PD6MD1, B0GFHCR93T, B0DLT13LB5, B0DLSRD9PM, B0F9PC89S1, B0DLSYBHLK, B0DLSNY6MP, B0G7GJN43F, B0G7GWHSQ6, B0G7GJ9V4Q, B0DLSYP56P, B0DLSCD6KP, B0DLSYP56M, B0F9PBTYYF, B0DLSRFWYC, B0F9PDCJFF, B0F9PCFVPR, B0DLS6H662, B0GFHXJ842, B0G7GTTMPB, B0F9PD88SV, B0DLRH8QRL, B0DLT11SFL, B0F9PC45V1, B0DLS9NQFS, B0G7GXZWBY, B0DLSK3Z7X, B0F9PBF6NJ, B0F9PH4S4J, B0DLSSY1KK, B0F9P9W8VZ, B0DLSPJXWF, B0F9PFT41N, B0GFHVRCXM, B0G7H54Y6H, B0G7HCQ5WH, B0DLSHLVH8, B0F9PCSYNX, B0DLSK766B, B0DLSRCPS2, B0DLSYTWNX, B0DLSRCPS6, B0DLSCSJ5V, B0F9PH3XB9, B0G7GZR183, B0GFHK5G82, B0DLSNTJVQ, B0DLS6G1R9, B0DLSMH5GW, B0F9P66WJK, B0DLS9MVQQ, B0G7GMDCNS, B0G7HLNTRK, B0DLSHH54C, B0DLS6DRJM, B0DLS6DRJN, B0DLSK7764, B0DLSJZTT7, B0F9PDJP9V, B0F9PCB222, B0F9P871RV, B0G7HQY3JM, B0F9P9QRYV, B0DLSLDTLW, B0DLRKJ4C4, B0DLRZ6YDB, B0F9P9NL6L, B0F9P9NL6M, B0DLSLH7X5, B0DLSHJQQH, B0F9PF4K17, B0F9P929K7, B0F9PCW7MW, B0G7GJ4CSQ, B0DLSTC2VN, B0DLSPHKF8, B0G7H4WZGZ, B0G7HHB6Y8, B0G7H5776H, B0DLS69CYG, B0DLSN4YKY, B0DLSWVB2D, B0DLSPQ3L8, B0GFH9S2YH, B0DLSK4WLD, B0F9PBFM5B, B0F9P661Q6, B0G7GTC6S2, B0F9P661Q5, B0F9PGXZXC, B0DLRZ7ZPQ, B0G7H3YD3N, B0F9P8XSZL, B0G7H7H2S8, B0F9PC7NYB, B0DLSQPYNP, B0G7H9GXKD, B0DLSK4FKJ, B0DLS9SGQD, B0F9PBS9HJ, B0DLSPN3GG, B0G7GM55SS, B0F9PCDYFD, B0DLSWTZ9F, B0DLSRHNX6, B0DLSVDQFF, B0DLSKBQTP, B0F9PD7FL7, B0DLSF9WYQ, B0DLSJMZQT, B0GFHHB666, B0DLSJKBHP, B0DLSK8KW6, B0F4R7L7RB, B0G7H5SQZC, B0DLSB4C2C, B0DLSWJB9V, B0DLSTG2XY, B0F9P9ZTX1, B0G7H4ZCDW, B0G7GSK2PQ, B0F9P661SF, B0F9P9YPB1, B0F9PDD5RL, B0DLSHM7W9, B0G7H8BZXT, B0DLSMBF5V]",amzn1.campaign.1W513N3GLBGLN,S25S10 Women's Casual 3/4 Sleeve T-Shirts V-Neck Tunic Tops Cute Tees Blouses,KISSMODA,2026-08-25,2026-09-24,10.00%,5000.0,4955.2,21,800,false
"[B0GQS3N6FG, B0GQS2GRTS, B0GQS5FS87, B0GQSJYD6L, B0GQRSTN49]",amzn1.campaign.P1PUDW9JCKT,红色破洞牛仔裤+8.11,Arkordi,2026-08-25,2027-01-13,13.00%,5000.0,5000.0,71,800,false
"[B0FC2PWS8M, B0FC2NNJZ2, B0F3JG4XPS, B0F3JH29MX, B0F3JH2XK9, B0F3JJZSCB, B0F3JFRJXG, B0G7FQ6THV, B0G7FKVDPN, B0FC2PXSF4, B0F3JG3BXB, B0FC2PF2JR, B0FC2QCJ5V, B0F3JKHF2H, B0F3JHH41R, B0G7G5374Q, B0G7FJQH1D, B0G7FN8L68, B0FC2PF2JB, B0F3JK4JVM, B0FC2NFFHL, B0F3JGQ7K5, B0FC2P3NHM, B0FC2Q6VD3, B0G7FJFB7N, B0F3JH2W9F, B0FC2R5Y2G, B0FC2MHLKD, B0F3JFZD2D, B0FC2RCP7B, B0F3JP8M52, B0G7FN33DT, B0F3JJYZS8, B0F3JFYGKL, B0F3JGHRKH, B0FC2P5NBV, B0FC2R6SDT, B0FC2NPBR3, B0F3JHYW6Y, B0F3JG9VKS, B0G7DZM3H8, B0G7F16PQS, B0F3JGNZZ8, B0F3JFXS4V, B0F3JHMKT5, B0F3JFSD6D, B0G7FWYLNF, B0G7DZM3GN, B0G7FQQQDM, B0F3JF93BP, B0FC2Q1RZ6, B0FC2P2B2R, B0FC2MQN1G, B0FC2NCX26, B0G7FFQJ6S, B0F3JJ2N1M, B0G7F8DJK5, B0G7FBN2KH, B0F3JG8JVK, B0F3JGN74X, B0F3JH6PB8, B0FC2PPPDZ, B0F3JFSLV6, B0FC2RVBF6, B0FC2PBKD4, B0FC2NB7F1, B0F3JHH44P, B0FC2NWTPY, B0FC2MW2JB, B0F3JK6NYG, B0F3JF56CD, B0F3JGJ9VK, B0G7FN2JGF, B0FC2QL2Q9, B0FC2Q1WRN, B0F3JGXH26, B0FC2Q8BKP, B0G7FMJMZT, B0F3JKPN7B, B0G7FF2KW5, B0F3JK3268, B0FC2QCGDD, B0G7FKKLDT, B0G7FB2W3C, B0F3JKZ595, B0F3JJWC7P, B0F3JFSFPR, B0G7FKBPGL, B0G7FQLM4L, B0G7F7R48V, B0F3JFZ5ZG, B0F3JHCQGS, B0F3JFNPS4, B0G7FZWYL2, B0FC2N8TBJ, B0F3JGL5QS, B0G7FBFQLS, B0FC2Q7QJY, B0F3JKBCJC, B0G7F41B8T, B0FC2SWG9N, B0FC2QPPZC, B0F3JGJ33D, B0FC2QPPZM, B0F3JL35RN, B0F3JHNJ8K, B0G7F11T3R, B0F3JG1D3C, B0FC2NDS9Z, B0F3JG3R8Y, B0F3JGYBV9, B0G7FKQKNR, B0G7FMYWT5, B0FC2Q2VBM, B0F3JNYGJZ, B0F3JKB98S, B0G7F17BP1, B0G7FW2Z15, B0F3JKJ2T4, B0FC2PZTSP, B0F3JF2HTW, B0G7F95ZNZ, B0F3JHMLQB, B0F3JDM3T5, B0F3JJX48V, B0G7G1S9FC, B0F3JGX186, B0F3JGBNS3, B0F3JG98SV, B0F3JFTNJM, B0FC2PYCTS, B0F3JHBFGD, B0FC2PYCTR, B0FC2PGGRH, B0G7FKWJZK, B0G7G1KVWF, B0FC2PLRY1, B0F3JH6R25, B0FC2P3DX8, B0FC2PN5HZ, B0F3JKJ2RS, B0FC2S5NP7, B0FC2QPGJF, B0FC2PZWXT, B0FC2THNZX, B0F3JGJGMQ, B0FC2PWS8W, B0FC2N2LH3, B0F3JK1KYZ, B0FC2PWL34, B0FC2MQJCH, B0G7FBS933, B0G7F4PS22, B0G7G53D6P, B0FC2MQJCG, B0F3JFH776, B0F3JK9M4F, B0F3JCVBFM, B0F3JGCXLZ, B0FC2RHVLH, B0G7F45VWT, B0F3JDTVJ1, B0FC2PV57V, B0G7G8QBHY, B0G7FF8P2S, B0FC2Q8M41, B0F3JKLHS4, B0F3JKPG6K, B0FC2PVYNS, B0G7F4J2B6, B0F3JGMJTM, B0FC2PSJZN, B0F3JGY32C, B0F3JDD3T8, B0G7G51B9D, B0F3JK7Z2W, B0F3JFSPWQ, B0F3JHR72Y, B0G7FDZZZY, B0FC2RP1LD, B0FC2PC2ZK, B0F3JHGWT4, B0G7FJ316M, B0G7FX9TWV, B0F3JG31LP, B0FC2MLQNK, B0F3JLQVBK, B0G7G4231Q, B0FC2NRK51, B0F3JKTMD7, B0G7FLGWLR, B0F3JHBXF4, B0F3JK6N28, B0G7G8TZPB, B0F3JGC1B5, B0F3JGM3Y8, B0F3JGGSYM, B0F3JHM84Y, B0F3JG98XB, B0FC2Q4FPY, B0G7FYXGXF, B0F3JGDWZK, B0G7F1QGWP, B0G7F3JFHR, B0F3JCWZS3, B0G7FYY8FJ, B0F3JLRY6H, B0F3JKTMDS, B0G7FGXQKH, B0F3JKQSZB, B0FC2PZD76, B0F3JF6NWH, B0F3JDNBR5, B0G7FGXQJS, B0FC2NV728, B0FC2PKC11, B0F3JF7HHY, B0FC2PKFX7, B0F3JG48F6, B0F3JHQSPD, B0FC2NJG4X, B0G7FK8RK1, B0F3JFJ9S5, B0F3JJ51B1, B0F3JGQ23B, B0F3JGMRNV, B0F3JGQ4XG, B0F3JKF4ZN, B0FC2P53JL, B0FC2QWTCG, B0FC2PT7G7, B0FC2PTGW7, B0G7F7YSYD, B0F3JHPDNR, B0F3JF7RBW, B0FC2S1YFL, B0G7F1QPGQ, B0F3JGW4F1, B0F3JKSDCC, B0FC2PWVJK, B0FC2PK9DN, B0G7F3992F, B0F3JHGMK3, B0F3JGYFD5, B0F3JDYCZ4, B0FC2RM9PG, B0F3JGK6NQ, B0FC2PGV98, B0F3JJ829D, B0FC2PJ96Y, B0FC2N4R23, B0FC2PGV8X, B0F3JKN5C3, B0FC2LJ837, B0F3JDGVTF, B0F3JFMJR5, B0F3JHSSCT, B0G7F8PSHC, B0F3JGNLQZ, B0F3JK3MB6, B0F3JFYNDY, B0F3JG3KD8, B0FC2PH7Y3, B0F3JG6XTV, B0FC2P7LD3, B0FC2NC9RQ, B0F3JCQMN7, B0F3JG7R58, B0G7FZGP45, B0FC2P4CJV, B0FC2MYLBG, B0FC2QSG7K, B0G7F96J3Y, B0F3JJ4MNY, B0FC2PCCMV, B0FC2M6PBD, B0F3JH82V2, B0FC2Q342Z, B0FC2R8LG5, B0G7FNS9H2, B0FC2PP3GK, B0F3JFTNRV, B0G7F4S4QQ, B0F3JFZR7Z, B0FC2S16DR, B0FC2Q5B98, B0F3JH2SH4, B0G7F4C9L7, B0F3JFDRYX, B0F3JH4WJM, B0FC2P3QHQ, B0FC2NYR29, B0FC2PZSY8, B0G7FFTP57]",amzn1.campaign.OYR3TVVDO5HM,L-SS5S718 KISSMODA Women's Casual 3/4 Sleeve T-Shirts,KISSMODA,2026-08-25,2026-09-24,10.00%,5000.0,4948.92,28,800,false
"[B0GQS3N6FG, B0GQS2GRTS, B0GQS5FS87, B0GQSJYD6L, B0GQRSTN49]",amzn1.campaign.2IRKYRQT8P2C7,红色破洞牛仔裤+8.11,Arkordi,2026-08-25,2027-01-12,13.00%,5000.0,5000.0,66,800,false
"[B0GQS3N6FG, B0GQS2GRTS, B0GQS5FS87, B0GQSJYD6L, B0GQRSTN49]",amzn1.campaign.88V99TCY4TOW,红色破洞牛仔裤+8.11,Arkordi,2026-08-25,2027-01-11,13.00%,5000.0,5000.0,70,800,false
"[B0FRG5KMYY, B0FRGK7NSX, B0FR4Z7BF7, B0FR4YYL9K, B0FRG1M6DN, B0FR55899M, B0FRG1MMJZ, B0FQP28CQN, B0FQP1B15Y, B0FR4X9GYB, B0FRGFQ3WJ, B0FQP2B583, B0FR4VKW15, B0FQNXNQDY]",amzn1.campaign.3HMY69DMTMA9,W--106 107 113 114-弹力背带裤-10%-0822,ACTIFORTERRAS,2026-10-29,2027-02-05,10.00%,5000.0,5000.0,55,800,false
"[B0F3D22HF9, B0F3D1P4R6, B0FB97QVBD, B0G5Y711JB, B0G5Y7TMJT, B0F3CZH68C, B0F3CZCFWL, B0GFHZVL96, B0FB98YX1V, B0FB9CXHFW, B0F3D178CQ, B0F3D1PW61, B0FB98JJCL, B0F3CZCT3L, B0GFJ36RJ3, B0G5XYSSX6, B0GFHKLKSS, B0F3D28G2W, B0FB98M7D8, B0F3D29GPF, B0GFHYR534, B0FB99VDJH, B0F3D1XZ4P, B0F3CYYPW6, B0F3D19WLN, B0F3D1XMMJ, B0F3D1ZV8R, B0FB99FX11, B0GFJXPRM7, B0G5YFZLWK, B0G5YB2B77, B0GFJQ4TZ7, B0G5Y8H2JJ, B0F3D2PT6Y, B0F3D3WVZT, B0F3D2L449, B0FB9BVRJR, B0GFJKQLXP, B0F3CYYPWR, B0GFJ1ZLXG, B0G5XZ32J4, B0GFHRZ7RH, B0GFHDX2L2, B0FL292J68, B0FB99HDSC, B0FB99HDSD, B0F3D2N28W, B0FB983GC2, B0FB9BCZ3V, B0G5Y95CWM, B0FB9B8TZ8, B0F3D42WQ3, B0FB98JJX3, B0F3D2KYRK, B0F3D1KZNW, B0FB96VFBN, B0G5Y8GQXS, B0FB99MLFB, B0FB97Y1W6, B0FB9C4G9V, B0GFHYMXZY, B0G5YCWSMR, B0G5YM6JBY, B0F3D1GM1D, B0F3D1RNCD, B0G5YB1SQ9, B0GCJBRLRF, B0FB9BMF94, B0GFKB5J1V, B0GFHMW7W8, B0F3CZZXRZ, B0F3CZ5DJ2, B0GFHSWPM9, B0FB977YJW, B0FB97Z944, B0GCH7MVCD, B0FB9D4KV4, B0FB9BB4ZF, B0F3D17651, B0FB9DLG6C, B0FB9CZ3B2, B0F3CZW239, B0F3D2W35N, B0GCJC6L9Q, B0GFJKR7XF, B0GFHYP9VW, B0F3D1PWLH, B0GFJ2NGZ4, B0G5XTF43X, B0GFJ5KD6N, B0F3CZHVWL, B0FB99CKSV, B0FB99WMJV, B0GFHSW9MB, B0G5Y5DQCB, B0GFJVKB7J, B0G5Y9GCN5, B0FB99TVZQ, B0F3D262WB, B0FB9BZ84N, B0F3CZPJR3, B0FB9DG4MP, B0F3D1KDX9, B0F3D1TY68, B0F3D2B229, B0GFHKVX63, B0F3D2M9QY, B0FB967VT7, B0F3CZTCFJ, B0G5Y6MMT7, B0GFHMGTS9, B0F3D3KP6S, B0GFHLCCZZ, B0F3D1LK3G, B0F3CZR62M, B0F3D2MN9F, B0G5Y8GKGJ, B0GFHSJV6Z, B0F3D2193D, B0G5YHNX4D, B0FB9CSBSF, B0GFHQ59F8, B0GFJ2BFB4, B0F3D2D52X, B0FB9CQ2VK, B0G5Y8LMLH, B0FB9BGKDH, B0FB99FSP5, B0FB9BGSDC, B0G5Y69VN7, B0F3D3N93Y, B0FB9861XC, B0GFHM2NCF, B0FB9894TX, B0GFJ9T12J, B0GFJ49Y7D, B0F3CXNFYH, B0GFHRJLCF, B0F3CZZXQT, B0FB97LMJ8, B0G5YG6HVT, B0GFHR161N, B0F3D26GT1, B0FB99RX4B, B0F3D1SLC6, B0FB9D4HM2, B0GFHKPN32, B0FB98MJCG, B0GFJ2849R, B0FB99Z4DJ, B0G5YB3998, B0FB99GJ8Z, B0G5Z514DJ, B0GFHSPNXH, B0G5Y2B3PD, B0FB9BFLH2, B0FB98FWB9, B0GFJPCYTR, B0GFJ8N57J, B0F3CZ956Z, B0F3CZRJWX, B0G5Y59LSW, B0FB97MBC2, B0F3D3BSM8, B0FB99FLBZ, B0FB9B775B, B0F3CZZMF6, B0FB96BWXW, B0FB98GZ82, B0GCJCDFJY, B0FB9CFDHN, B0F3D1NM5C, B0GFJ2KC4Z, B0F3D1PHVS, B0F3D14MRQ, B0G5Y85QDP, B0F3D2LWRM, B0F3CYSSRF, B0F3D22YD7, B0F3D347NR, B0FB9BPNXR, B0FB9B4T6K, B0FB98SSV9, B0GCJBTF7Y, B0FB98H8TH, B0F3CZ31CJ, B0F3CZWF1S, B0FB98LP6R, B0FB989T74, B0F3D15YXN, B0GFHS1XV3, B0FB99DXBZ, B0FB99753M, B0GFHPY3HC, B0G5Y6DCC7, B0G5YFWMVJ, B0GCHYRN78, B0G5Y731F2, B0GFJKM4YQ, B0FB98T91P, B0F3D133CR, B0FB9C23BJ, B0F3D2GW3W, B0FB9B5L6B, B0FB9BLX9K, B0FB9CM2NX, B0G5Y5C56R, B0F3D11HCX, B0FB9823JQ, B0FB98Z6Z5, B0FB97DZNX, B0FB98Q3NH, B0GFHW69VT, B0GFJ1WX4Y, B0FB97NYNX, B0FB9CV3FG]",amzn1.campaign.2RKBWY0BUL4P2,L-S5S716 KISSMODA Women's Casual 3/4 Sleeve T-Shirts,KISSMODA,2026-08-25,2026-09-24,10.00%,5000.0,4970.25,22,800,false
"[B0GQS3N6FG, B0GQS2GRTS, B0GQS5FS87, B0GQSJYD6L, B0GQRSTN49]",amzn1.campaign.3TPZPJRTQFIZ8,红色破洞牛仔裤+8.11,Arkordi,2026-08-25,2027-01-10,13.00%,5000.0,5000.0,69,800,false
"[B0H5C4R5ZJ, B0H5C5NNXY]",amzn1.campaign.GT2G5G3KBYCR,Starlink Mini Retractable DC Power Cable +12%Comm B0H5C4R5ZJ 260822,Jasput,2026-08-25,2026-09-24,12.00%,5000.0,5000.0,34,800,false
"[B0GQS3N6FG, B0GQS2GRTS, B0GQS5FS87, B0GQSJYD6L, B0GQRSTN49]",amzn1.campaign.2UIP8AOVMTBFO,红色破洞牛仔裤+8.11,Arkordi,2026-08-25,2027-01-09,13.00%,5000.0,5000.0,67,800,false
"[B0GL1LD5RP, B0GL1VX4YX, B0GL1BYFJ4, B0GL1QC9SL, B0GL1FWD53, B0GL1GHKD3, B0GL1B3HF9, B0GL17MSVT, B0GL1BW55P, B0GL1HG3L6, B0GL19TPLT, B0GL1G2N25, B0GL16NS6D, B0GL1HH3HT, B0GL1GHY6M, B0GL16MYMK, B0GL17CMXT, B0GL1BM37K, B0GL1H8DZ7, B0GL19NLN9, B0GL1DTVXW, B0GL1B9CK5, B0GL1G3HTL, B0GL1M9J8W, B0GL16XLSQ, B0GL1G977Z, B0GL1792Y3, B0GL16XLST, B0GL1BY7KP, B0GL13QZWV, B0GL1G2RRZ, B0GL17N9QJ, B0GY7N91CX, B0GL1759BK, B0GL1BBRD6, B0GL19QYND, B0GL1G1G6V, B0GL1GTMK6, B0GL1LVDD8, B0GL1LBLCT, B0GL1DYWTS, B0GL174N6Y, B0GL1VNGN4, B0GL16KX2C, B0GL1B6JXV, B0GL1CH4G3, B0GL1B78ZL, B0GL1QMQC5, B0GL1B9NND, B0GL1B2PFQ, B0GL1G3PV9, B0GL13W27J, B0GL169K33, B0GL1FZLFF, B0GL1HHZD4, B0GL1BTNVS, B0GL19425B, B0GL1G2GFK, B0GL1BSW2C, B0GL1NL14R, B0GL17DJDJ, B0GL1GGTRF, B0GL16PQKQ, B0GL1M87HP, B0GL1Q8YTJ, B0GL1QMMSP, B0GL17KSQR, B0GL17FJFV, B0GL13G77T, B0GL1NR2DW, B0GL1GNPV2, B0GL1WFDKX, B0GL1B3SB4, B0GL1LK4FM, B0GL1LSFJC, B0GL16Q59J, B0GL13MY8Z, B0GL1GTFP1, B0GL1R2JRS, B0GL1R2XF9, B0GL1QM7PS, B0GL1RSTTP, B0GL1BKS9H, B0GL19X8VK, B0GL1BF9N2, B0GL13X4XR, B0GL1L8GNJ, B0GL1GX6KT, B0GL1G5PFD, B0GL1B2DFN, B0GL1BCH32, B0GL141R2S, B0GL1FY51V, B0GL1L3VJG, B0GL1GQQ4M, B0GL1BJ992, B0GL17CDRM, B0GL1GSTYK, B0GL13NW57, B0GL17CDRL, B0GL195TTB, B0GL1BMRQ8, B0GL1LZYCX, B0GL1M815M, B0GL1BCLK3, B0GL1LSB2W, B0GKZZDTXJ, B0GL1LSB2X, B0GL1BKPC6, B0GL1BHZP7, B0GL1B1489, B0GL1QFX2W, B0GL1D3JFS, B0GL1HCVYQ, B0GL16SR1W, B0GL1L38F6, B0GL1G566D, B0GL18W95M, B0GL1BMRQ7, B0GL1WM6N3, B0GL1BJHMZ, B0GL16RRMF, B0GL166XLN, B0GL19XWQR, B0GL1GTBR9, B0GL1G6SL7, B0GL1G6SL8, B0GL1QQ68J, B0GL1BYQBC, B0GL1FLHXX, B0GL1B4ZZ5, B0GL18VBZN, B0GL1FXLLS, B0GL1L9V65, B0GL174Y8W, B0GY745X59, B0GL1W3B31, B0GL16GB7C, B0GL1QX91S, B0GL1WQC3L, B0GL1GG7J3, B0GL1ZHPWK, B0GL16M25M, B0GL1LRPCT, B0GL19Q51Z, B0GL1B33PC, B0GL1GFMTC, B0GL1LDMSP, B0GL17K76C, B0GL1H56M6, B0GL1GHV6T, B0GL1H56M5, B0GL19TB9X, B0GL16Q26Y, B0GL1HJJBN, B0GL1GNHR8, B0GL16QPK2, B0GL1QNZ5Q, B0GL1BKZD8, B0GL175SGK, B0GL16RKN1, B0GL1WR83X, B0GL1HJJBP, B0GL1BTVQC, B0GL1HK16L, B0GL1M99VJ, B0GL18631T, B0GL1M5BTG, B0GL17DBS5, B0GL1BL3D7, B0GL1QT7H6, B0GL1LQW5T, B0GL1M15NM, B0GL1GL6C8, B0GL1LN6W6, B0GL1GW97V, B0GL1GS81K, B0GL1BM37P, B0GL19ZWYM, B0GL1BNSTM, B0GL17JWYS, B0GL1QRLP5, B0GL1B622D, B0GL1GNM1M, B0GL1L342M, B0GL1QMJK2]",amzn1.campaign.5Y5ONWU1LJL,L-S5S754 KISSMODA Women's Casual 3/4 Sleeve T-Shirts,KISSMODA,2026-08-25,2026-09-24,10.00%,5000.0,4947.32,22,800,false
"[B08BZ52M3V, B08G873NFX, B089YB7BK4, B0BJZCVFPD, B07JYQF6DH, B07WT95QJ7, B08PFM2LSZ, B08SQ8XHVG, B0CL21TW6F, B0CKQW96NG, B07JZ2HN1L, B0BJZBBSD5, B07JZ7GGZ4, B0BJYZF487, B0CH2SBMVF, B07YCDQ859, B0B8M87H5Q, B0CN4N5Y8Z, B0CN4LFDYP, B07JZ3HC33, B0BJZ55D2D, B0BJZK5KVC, B07JZ5C5VC, B07WYCN9Z1, B095NSFC2S, B07WPC4VSL, B0BJZ55R1F, B07JZ2R15V, B07JY6M35L, B0BJZ5TVMV, B08MTGY7R2, B0C85R1CCQ, B07W6DW6C9, B09KH22F5D, B0BC8RKJ15, B094PTM2P3, B0B3RD3TMV, B0BJZHH4B3, B098QJ15QR, B0CH2SRMHB, B07X5FXFSM, B08PFL92HF, B09Y8T8NRY, B09BCSHQNS, B082QVFDRT, B09D3JG1JY, B07JZ3X9S5, B089YBZ761, B07W481PDB, B08B11TLT4, B0BJK8DSC7, B07JZ4XSTC, B07JZ3CWL9, B0C4P73XM7, B07JY7VW2C, B0BJZ9YRX7, B0BJZ8YH6V, B0BJZ5SY7P, B0B3RFWX2S, B08CXTQLTD, B09VMR7CPL, B08HMRSSP9]",amzn1.campaign.1RB6NBEWJV3UA,PY BLING cuban link chain 10%,PY BLING,2026-08-25,2027-08-25,10.00%,5000.0,4958.89,28,800,false
"[B0FRG5KMYY, B0FRGK7NSX, B0FR4Z7BF7, B0FR4YYL9K, B0FRG1M6DN, B0FR55899M, B0FRG1MMJZ, B0FQP28CQN, B0FQP1B15Y, B0FR4X9GYB, B0FRGFQ3WJ, B0FQP2B583, B0FR4VKW15, B0FQNXNQDY]",amzn1.campaign.2H7ARKWE50BPF,W--106 107 113 114-弹力背带裤-10%-0822,ACTIFORTERRAS,2026-10-30,2027-02-05,10.00%,5000.0,5000.0,53,800,false
"[B0H8WNVJC3, B0H8WFKL48, B0H8WW6H88]",amzn1.campaign.2ABZDLE7MLQS,Sinamay Formal Church Fascinator Derby Hat for Women With Bow,HIMESPORT,2026-08-25,2026-12-31,10.00%,100000.0,99995.31,30,800,false
"[B0GL7G6B82, B0GL7KB5QC]",amzn1.campaign.MA9DC1XMCTDO,Travel Must-Have: Ultra-Slim Mini International Plug 12% Commission Y316 0822,Jasput,2026-08-25,2026-09-24,12.00%,5000.0,4992.38,29,800,false
"[B0GHN2ZWHW, B0GHMRC51N, B0GY4PPWDP, B0H4LLXLC6, B0H4LPB9DJ, B0GHMS335N, B0GHN34FD4, B0GXJDGCQL, B0H4LF94QX, B0GHN2C4P1, B0GY4LCXXF, B0GHMRLS6X, B0H36LS8VN, B0GHMR45B1, B0GHMQ1Q9Z, B0H36R7GLM, B0GXJNJT57, B0GXJY2TXH, B0H4L8SS42, B0GHMNLNGV, B0GY4YDRBY, B0GHMV7PKV, B0GHMQG425, B0GHMQG424, B0GXJNF1F4, B0GHMVSBQ5, B0GXHYXDR5, B0GHNHTHQK, B0GY4MRKN4, B0H4LB4KYL, B0H4L8NWPH, B0GXJJC6T9, B0GHMNDDMJ, B0GHMNKL7T, B0H4LPTHK6, B0GHN4D6T3, B0GHMXSQ64, B0GHMTM6J5, B0GXJTTCJW, B0H4L3DRJ1, B0H4L5B975, B0GHMZ8VDM, B0GHMVGJBV, B0GHMTG6NR, B0GHMYF9BG, B0GHN45LCJ, B0GHN2K8N6, B0H4L7DRNP, B0GHMZ7JSN, B0GHMVRK2Z, B0GHN3RV9P, B0GHN2T1HH, B0GHMSDXWS, B0H36T15KL, B0GXJT3BT1, B0GXJGBGJC, B0H4LF6KFP, B0GHMR3CN4, B0GHMYQW83, B0GHMVPT6C, B0GXJL5JXR, B0GHN7WJ9K]",amzn1.campaign.1FACEKUBA691P,NEW Great Deal! Floral Rug Pick -YL-MFY,PureCozy,2026-08-25,2026-11-09,10.00%,5000.0,5000.0,45,800,false
"[B0H2QHMYQ8, B0GV33GLB5, B0H2QPKNCB]",amzn1.campaign.2QLQQVNLW2XGZ,🍹Yeti Magnetic Slider Replacement Lids | 4000+  monthly | 20% Commission,DANGEAB,2026-08-25,2026-09-24,20.00%,5000.0,4607.1,17,800,false
"[B0G8K47RJN, B0G8JYT9NF, B0FB9BGXTL, B0G8JH1H81, B0G5YTZL69, B0FB98MVRF, B0F3D3HH93, B0F3D1NJSM, B0F3CZPQ6L, B0F3D14MV9, B0FB992G8V, B0F3CZVLL9, B0FB9B1W2W, B0FB9B6RZM, B0FB9B1W2T, B0FB9881XF, B0FB9CLCQD, B0FB9DRTCY, B0F3CZWT8F, B0F3D1P4QR, B0F3CXTCFX, B0F3D2HSKP, B0G5YHDZMY, B0F3D35TY6, B0G5YX9K5X, B0F3D1ZMFJ, B0F3D2G414, B0FB99M3PW, B0FB998NTR, B0F3D13QB5, B0FB9BJFFB, B0F3CXSVQ3, B0G8JCPTLR, B0F3CX7Q64, B0F3CZK2HX, B0F3D1PJMM, B0G8JPZ9D4, B0G8JRKRLY, B0F3CZGJCP, B0F3D2HSJT, B0F3D168XX, B0FB9BLF39, B0FB9BKF68, B0F3D168Y1, B0FB98S5B4, B0F3D2ZYT2, B0F3D2D3YM, B0F3CYMCR1, B0FB9782FG, B0G5YXLDSK, B0F3D56XVB, B0FB9BTB36, B0FB9BP7ZG, B0FB9BVGX8, B0G8JDP43R, B0F3D1PC1L, B0FB9BXHQS, B0FB983GC1, B0FB9BNCWC, B0F3D1HSJ2, B0FB9CJNK4, B0G5YS7TF9, B0F3CZW25P, B0F3D2QK18, B0FB99T5R4, B0F3CYGXMR, B0F3CZ9567, B0G5Z11Q7G, B0G5YWB4WT, B0F3CZJYDB, B0F3D2TLN1, B0FB994VTX, B0F3D1Y94J, B0G5YXCZ32, B0G5YMZ1FL, B0G8JH944B, B0F3D2VWN1, B0F3D2B54J, B0F3D2YSM3, B0FB9945TG, B0F3CZ28J6, B0FB9B5H54, B0F3D2VWN4, B0FB9B6DJP, B0F3D2ZY5L, B0FB99NMV4, B0F3CZS5T8, B0FB98YRK8, B0G8JH467N, B0F3D2YMQL, B0F3CZ85SZ, B0FB9BLTY8, B0FB97Y49Z, B0G8JRDL6C, B0G5YSGJ8V, B0FB98DDLL, B0G5YWQHQV, B0G5YQ147J, B0G5YSHR62, B0G5YLSJ8Q, B0FB98NQY1, B0FB9B7VK7, B0F3D1ZQB9, B0F3CY49SR, B0FB9D2654, B0FB9C6YWJ, B0G8J9L65Q, B0F3CYZ6LM, B0FB9CD3VF, B0FB9D264W, B0FB9B19T2, B0FB9D31YB, B0FB9BGSDF, B0FB978Y5Z, B0G5Z5BXC4, B0FB97JXPY, B0G5Z23Q7T, B0F3CZW22L, B0F3D1JNM1, B0F3D5DTGV, B0FB9BBPQC, B0G5YW2B41, B0G5YPBQ6V, B0FB981CVB, B0FB99SLFY, B0FB998BCN, B0FB9BSJBH, B0FB99DKQV, B0FB9CZ3B3, B0G5YSF5QM, B0G5YSNM8H, B0F3D1KZPZ, B0G5YHFM82, B0G5YFQCLH, B0FB99N3CY, B0FB99N3D9, B0FB98TXX4, B0FB99N3CZ, B0FB994WY9, B0FB9CHDYD, B0FB99L1F7, B0G5YXKX8R, B0F3D2691M, B0F3D3DVVG, B0F3D1668X, B0FB978VBR, B0FB98Z9XG, B0F3D1PJ3B, B0F3D25SJ6, B0FB99JMBT, B0F3CY1TC2, B0F3CZPBVV, B0F3CYTMNC, B0FB99CKSR, B0G5YQ1T4D, B0G8JJYS6W, B0G8K3G1FG, B0F3CZH67G, B0F3CZZHDM, B0F3D2NNTW, B0FB9C1N1S, B0FB99LQTW, B0F3D1Q2RC, B0G5YX9Z19, B0F3D2CDS8, B0FB98SRMG, B0FB99S345, B0F3D22WZX, B0FB9B12WW, B0G5YNSJR8, B0G5Z231JH, B0F3D28NFM, B0F3D1C74H, B0G5YQV859, B0F3D29NV5, B0G8J895LR, B0FB99VYZT, B0FB99VYZS, B0F3CZKHLD, B0F3CZ5N8L, B0FB99JSQN, B0FB99XJG9, B0G5YYL9HD, B0F3CZPN99, B0F3D3934D, B0FB99JSQG, B0FB98BQR2, B0FB97V9RY, B0FB99JSQK, B0FB992BG6, B0FB9B5CGP, B0F7X6SCVV, B0F3D19B8X, B0FB987TY1, B0FB99NJC9, B0G5YSPYPK, B0FB96YFP6, B0F3D28GKN, B0F3CYKYJB, B0G8HWD6VR, B0F3D2FX2N, B0F3CZ5DFC, B0FB98YLBB, B0G5YJ9HJP, B0F3D4ZK7F, B0G5YNHWNH, B0G8JYBQ9T, B0G5YWT7BM, B0F3CZWQ9L, B0FB9BHF3D, B0FB9BJKGT, B0G8JXWZ9P, B0F3CZR62Z, B0FB9C637G, B0F3CZWGXZ, B0FB9BKB6D, B0F3D26ZH7, B0F3D1YX7L, B0FB99ZT1X, B0G5YF9DDL, B0FB9861XB, B0F3CXS69R, B0FB9C5H7C, B0G8JBX9FV, B0F3CZV5XQ, B0F3D3JKSH, B0FB9CD75X, B0FB9894TZ, B0FB99313K, B0F3D1N8YH, B0FB99D5ZM, B0G8J364KZ, B0FB98P9JC, B0G5YX846N, B0FB9B3XYN, B0G5YSQG82, B0FB98WHSF, B0G8HZD88N, B0F3D257FR, B0FB98FWB5, B0F3CZY8D5, B0FB98DNVQ, B0F3D32Q4M, B0F3D2JPHB, B0F3D26GT7, B0F3CZS8VG, B0FB99RX48, B0G5Z33TWX, B0F3D1LK5L, B0FB993HQN, B0G8JPHL44, B0FB99VMRB, B0G5YRVMQB, B0F3D1HXJR, B0F3CYZ1Q5, B0F3D2Q9FJ, B0F3CZ939N, B0F3CZLRNL, B0G5YQ5X4R, B0FB9BF4XY, B0G5YZ8YF3, B0FB9CBYQD, B0F3D3WW2Q, B0F3D1JNQT, B0FB99YGMQ, B0FB99GJ91, B0FB9B65V5, B0F3D2WLM1, B0FB99NLKX, B0FB98Y8PD, B0FB9B3KZJ, B0FB98Y5ZM, B0FB9B68L4, B0FB9BCSZQ, B0G5YWY4JZ, B0FB9C6K48, B0F3D1SPKH, B0F3D1HT3D, B0FB9CF496, B0F3D2VGVY, B0FB997G5C, B0FB99SPTQ, B0F3CYQ9CR, B0F3CZBQV3, B0F3D2JTRD, B0F3CYQYCZ, B0G8JLXBVB, B0G5YXR6X2, B0F3D1NTSW, B0FB9CF497, B0F3CZVLNS, B0FB9B4ZSR, B0G5YTJ7QW, B0F3CZR3YN, B0F3CZL7SD, B0FB9BD3FH, B0FB9CWJBX, B0FB99WCQP, B0F3CZZD2T, B0FB9BN5M8, B0FB9BTKVQ, B0FB9BN5M9, B0FB99DYR5, B0FB9B4M99, B0FB98QLN6, B0F3D17SVF, B0F3CYH6ZJ, B0F3CZQRZC, B0FB98LXX1, B0FB97ZQKR, B0F3D3HRKF, B0FB99RN5H, B0FB9CV58P, B0FB98ZM88, B0G5YZFZJ7, B0F3D56DJ8, B0F3D3SF28, B0FB9995NJ, B0G8JRGLDC, B0F3D16YVG, B0FB9B75CV, B0G8J2YBWW, B0FB97YKSW, B0F3CZD3DH, B0FB97YKSX, B0FB98SC8G, B0FB9B5L6W, B0FB987PVS, B0G8J6FNXS, B0F3D2L5BJ, B0FB98PCB2, B0FB98FGH4, B0G8JX44PX, B0F3D2HSJ5, B0G8JKT331, B0FB97DZP1, B0FB99PTWF, B0F3D1G82N, B0FB9BCXDN, B0G5YWY4LJ, B0G8JYMYRZ, B0G5YFW5GK, B0F3D19GZF, B0FB98JW9G, B0G8JBX5JB, B0F3D1QYFR, B0FB99VV77, B0F3D1BTHQ, B0F3D2B1Y2, B0FB9CRKQF, B0F3CZHKZ4, B0F3D3FSBD, B0G5YMQMR6, B0FB99Z1SL, B0FB9BCXDK, B0G8JB8QQP, B0G5YVK7HD, B0FB9BDML9, B0F3D3BMS2, B0FB98RW1Q]",amzn1.campaign.9P7VVBGOVV1V,L-SS5S717KISSMODA Women's Casual 3/4 Sleeve T-Shirts,KISSMODA,2026-08-25,2026-09-24,10.00%,5000.0,4956.15,23,800,false
"[B0FRG5KMYY, B0FRGK7NSX, B0FR4Z7BF7, B0FR4YYL9K, B0FRG1M6DN, B0FR55899M, B0FRG1MMJZ, B0FQP28CQN, B0FQP1B15Y, B0FR4X9GYB, B0FRGFQ3WJ, B0FQP2B583, B0FR4VKW15, B0FQNXNQDY]",amzn1.campaign.1Q2HOG9S7RB2H,W--106 107 113 114-弹力背带裤-10%-0822,ACTIFORTERRAS,2026-10-31,2027-02-05,10.00%,5000.0,5000.0,54,800,false
"[B0FRG5KMYY, B0FRGK7NSX, B0FR4Z7BF7, B0FR4YYL9K, B0FRG1M6DN, B0FR55899M, B0FRG1MMJZ, B0FQP28CQN, B0FQP1B15Y, B0FR4X9GYB, B0FRGFQ3WJ, B0FQP2B583, B0FR4VKW15, B0FQNXNQDY]",amzn1.campaign.35PQJPATOP2ZN,W--106 107 113 114-弹力背带裤-10%-0822,ACTIFORTERRAS,2026-10-14,2027-02-05,10.00%,5000.0,5000.0,57,800,false
"[B0H2YXKFZ7, B0H2YR8LS9, B0H2YM9BMY, B0H2YM9BMX, B0H2YRDBL5, B0H2YL46Y1, B0H2YM7FTJ, B0H2YVYNNQ, B0H2YMMYXH, B0H2YT9FDW, B0H2YSS1BL, B0H2YRXMV2, B0H2YPXJ66, B0H2YZFYG6, B0H2YVGKWJ, B0H2YRT1L9, B0H2YT4MPG, B0H2YQSGMW, B0H2YRCK94, B0H2YN36N3, B0H2YZ7QQT, B0H2YZFCD8, B0H2YS26FF, B0H2YPFK4G, B0H2YPFK4C, B0H2YMQ71J, B0H2YSMT7V, B0H2YMNT11, B0H2YR4Q9S, B0H2YS7JXQ, B0H2YW1L2W, B0H2YQY2SS, B0H2YXLBLK, B0H2YPB4KF, B0H2YPQFB4, B0H2YPMQST, B0H2YQY9J9, B0H2YXXCBD, B0H2YRTQCC, B0H2YT1TJS, B0H2YR2T5X, B0H2YTHB22, B0H2YRM74D, B0H2YPZSVN, B0H2YLYBRB, B0H2YV1KVH, B0H2YP1L2S, B0H2YQ64J7, B0H2YM1M9V, B0H2YPVZQV, B0H2YWGDSS, B0H2YTMP5Y, B0H2YMV67J, B0H2YVKXS1, B0H2YVHMW9, B0H2YY3W33, B0H2YY3W31, B0H2YRY4TS, B0H2YS611D, B0H2YND9NR, B0H2YQ919Q, B0H2YQDJ2C, B0H2YST7WN, B0H2YPQMF3, B0H2YV2WGS, B0H2YSQJMB, B0H2YRRTJ5, B0H2YN1RMX, B0H2YQYLHG, B0H2YMRZGP, B0H2YVXZLY, B0H2YLR128, B0H2YMSWNC, B0H2YV1RQP, B0H2YQ77KD, B0H2YGBL7V, B0H2YNMBBG, B0H2YQ77KB, B0H2YW8K1Q, B0H2YVJ71X, B0H2YSTDXD, B0H2YRMXYM, B0H2YJ8CJQ, B0H2YRXV3Z, B0H2YXNWLS, B0H2YVJ43W, B0H2YRM4S4, B0H2YQJRZJ, B0H2YTWRVL, B0H2YXZNWN, B0H2YPSM66, B0H2YRS7VM, B0H2YQKVP3, B0H2YPRLWX, B0H2YJ55WQ, B0H2YRMTQH, B0H2YQKN6W, B0H2YTVMWW, B0H2YMY35W, B0H2YM2CJF, B0H2YJ55WR, B0H2YQGDXD, B0H2YVVLPQ, B0H2YTMDCK, B0H2YM9FGS, B0H2YW2R7S, B0H2YRK9SF, B0H2YT3GFK, B0H2YS8BZ5, B0H2YT3GFJ, B0H2YW75HR, B0H2YNSRGN, B0H2YRG1G3, B0H2YTXHJH, B0H2YM4J6P, B0H2YRZWYL, B0H2YVSJBD, B0H2YK16KV, B0H2YX182T, B0H2YJBPFP, B0H2YWYFDD, B0H2YRG7TJ, B0H2YVYSCJ, B0H2YS8R1C, B0H2YR6WMD, B0H2YN2626, B0H2YWYFDF, B0H2YXQDDD, B0H2YRTJJV, B0H2YP55VL, B0H2YMFDNG, B0H2YNS7Z8, B0H2YK1DF2, B0H2YP5G98, B0H2YPQ1CB, B0H2YS41LH, B0H2YMV34K, B0H2YRPK88, B0H2YQB9BQ, B0H2YSQHJR, B0H2YMPSVP, B0H2YN3LBK, B0H2YS41LD, B0H2YRZ44L]",amzn1.campaign.44T9JE12H54,L-S5W232_2 KISSMODA Womens Wide Leg Barrel Pants,KISSMODA,2026-08-25,2026-09-24,10.00%,5000.0,4995.5,17,800,false
"[B0FRG5KMYY, B0FRGK7NSX, B0FR4Z7BF7, B0FR4YYL9K, B0FRG1M6DN, B0FR55899M, B0FRG1MMJZ, B0FQP28CQN, B0FQP1B15Y, B0FR4X9GYB, B0FRGFQ3WJ, B0FQP2B583, B0FR4VKW15, B0FQNXNQDY]",amzn1.campaign.Y871SQ3VD072,W--106 107 113 114-弹力背带裤-10%-0822,ACTIFORTERRAS,2026-10-13,2027-02-05,10.00%,5000.0,5000.0,59,800,false
"[B0FRG5KMYY, B0FRGK7NSX, B0FR4Z7BF7, B0FR4YYL9K, B0FRG1M6DN, B0FR55899M, B0FRG1MMJZ, B0FQP28CQN, B0FQP1B15Y, B0FR4X9GYB, B0FRGFQ3WJ, B0FQP2B583, B0FR4VKW15, B0FQNXNQDY]",amzn1.campaign.1XQ5I46MB3KA2,W--106 107 113 114-弹力背带裤-10%-0822,ACTIFORTERRAS,2026-10-12,2027-02-05,10.00%,5000.0,5000.0,56,800,false
"[B0FNW5GVZ2, B0FNW61JGD, B0FNW5WQQ1, B0GW87X6S7, B0FNW3BRG6, B0FNW75F6R, B0FNW677PP, B0FNW68QPR, B0FNW75F6S, B0FNW558BN, B0FNW9QFML, B0GW86CZ1H, B0FNW7ND8S, B0FNW8JHS2, B0FNW8JHRS, B0FNW5L9RP, B0FNW58RM2, B0FNW58RM1, B0FNW3C6NB, B0FNW6N9PX, B0FNW7NRVQ, B0FNW58RLZ, B0FNW68TWT, B0GW87QRMN, B0FNWBZS2D, B0FNWC21JV, B0FNW136B9, B0H3DB9LNN, B0GW8NJK8P, B0GW8FXW6K, B0GW86JN8G, B0GW8DBFZY, B0FNW5JCXW, B0FNW5CNBN, B0FNW5M58T, B0FNW5TMCS, B0GW8LBY1Q, B0FNW3C4VV, B0GW8CSW3G, B0FNW6J5G4, B0FNW8DR86, B0FNW62R6G, B0FNW59MMW, B0FNW8SY9B, B0FNW8P9SW, B0FNW8BSPW, B0GW8CQ69T, B0FNW6JHM3, B0FNW668Y3, B0GW8BGNTC, B0FNW59MMT, B0FNW6N4YQ, B0FNW66SMT, B0GW8JWT7Q, B0FNW4QHGY, B0FNW5R9CW, B0GW86YNNF, B0FNW5HZ9D, B0H342NBY2, B0FNW5PQYY, B0FNW5P87S, B0FNW58LN3, B0FNW5LSYZ, B0FNW5WSYD, B0FNW5WB6Y, B0FNW55M7J, B0FNW55Z14, B0FNW5XD8G, B0GW8B7857, B0FNW6MGSD, B0FNW5KCBF, B0GW8LQN73, B0GW86GKMY, B0FNW5BVRS, B0FNW5WRX9, B0FNW5VYY5, B0GW8B785D, B0FNW6D4HV, B0FNW54B3Y, B0FNW8VDM6, B0FNW34FBX, B0FNW54QQQ, B0FNW54QQP, B0FNW3CPJQ, B0FNW6189C, B0GW8KTF77, B0FNWBN3VX, B0FNWBN3VZ, B0FNW6448S, B0FNW5K9MW, B0FNW76M82, B0FNW65HN7, B0FNW3BTTZ, B0GW8B6QWK, B0GW89QFQT, B0FNW93KW7, B0FNW75FNX, B0FNW8JRJK, B0FNW5JBQY, B0FNW59WMP, B0FNW516TW, B0FNW5BKJW, B0GW8KZCR6, B0FNW5HVNX, B0FNW5KLQP, B0FNW9FX5N, B0FNW12YXK, B0FNW6JPQ1, B0FNW3C439, B0FNW8WYRQ, B0FNW3DPWQ, B0FNW5XTJY, B0FNW6QBP5, B0FNW5C13X, B0GW8D2YYB, B0FNW5XNP1, B0GW88W6B7, B0FNW6G1MH, B0GW8MC7L5, B0FNW5VXYS, B0FNW5LMR3, B0FNW5LMR4, B0FNW8THLZ, B0FNW5HNN7, B0FNW6HXG4, B0FNW77234, B0FNW8TNGD, B0FNWBL3F3, B0FNW6H6TY, B0FNW6P496, B0FNW6H6TV, B0GW8CZ9P8, B0FNW6GLBK, B0FNW67MDM, B0GW867F72, B0FNW8V2JQ, B0GW8D62Q6, B0FNW11Y4C, B0GW867F74, B0FNW37H9Q, B0GW8G76TN, B0FNW5WG5W, B0FNW6416K, B0FNW97VTH, B0FNW5D2QJ, B0FNW5P1PD, B0FNW6GD3Z, B0FNW5J5DL, B0FNW8XBFM, B0FNW3PRDL, B0FNW6429G, B0FNW5CDVY, B0FNW5GFNR, B0GW8G643R, B0GW858WTW, B0FNW8MQ3K, B0FNW5ZB4V, B0GW8DSZFG, B0FNW5RJM9, B0FNW5ZB4P, B0GW8DBMP8, B0FNW6K5LZ, B0FNW6K5LY, B0FNW4PQ3R, B0GW8DFVCV, B0FNW7W8D8, B0FNW8PN7H, B0FNW5ZC7D, B0FNW8XP4B, B0FNW6B573, B0FNW5LTSF, B0FNW6Y9L2, B0FNW6WVJ9, B0FNW6WVJ8, B0FNW5F8TW, B0FNW6BBQZ, B0GW8D8375, B0FNW5YYFK, B0FNW7D676, B0FNW5ZHBF, B0FNW7RMLY, B0FNW5NX4V, B0FNW6NXZH, B0GW87N6JW, B0FNW398TB, B0GW8FHSJ9, B0GW85R31R, B0GW8BP392, B0FNW38W39, B0FNWB2WVM, B0FNW6CKR4, B0GW8BHRNN, B0GW86HGK3, B0FNW5MG7F, B0H33M4HN9, B0FNW8HRJ3, B0FNW5CVWH, B0FNW8YZ75, B0FNW5QL5K, B0FNW7RS99, B0FNW5MV5C, B0FNW547FH, B0GW87SPS8, B0FNW5V4Y1, B0FNW5NFCH, B0GW877Y6N, B0FNW65N13, B0FNW5GZBF, B0GW87SZ56, B0FNW6HL57, B0GW8L3V4Z, B0FNW6P85B, B0FNW6P85C, B0FNW6P85D, B0FNW6KQ5L, B0FNW5RLD3, B0FNW98TPK, B0FNW5RLD8, B0GW87RNPL, B0FNW5S6VG, B0FNW8RYZ9, B0FNW6NSRV, B0FNW3B1HS, B0FNW5QHP6, B0FNW61NNR, B0FNW6PNRD, B0FNW5V24W, B0GW8HD8JT, B0FNW8SMNQ, B0FNW5CTR3, B0GW8BYFRH, B0FNW31G5X, B0FNW6QS8M, B0FNW67XQ6]",amzn1.campaign.2V2WTNHGNONI6,L-S5S518  KISSMODA Womens Palazzo Lounge Pants,KISSMODA,2026-08-25,2026-09-24,10.00%,5000.0,4482.13,15,800,false
"[B0FRG5KMYY, B0FRGK7NSX, B0FR4Z7BF7, B0FR4YYL9K, B0FRG1M6DN, B0FR55899M, B0FRG1MMJZ, B0FQP28CQN, B0FQP1B15Y, B0FR4X9GYB, B0FRGFQ3WJ, B0FQP2B583, B0FR4VKW15, B0FQNXNQDY]",amzn1.campaign.3I9KWJOP4544,W--106 107 113 114-弹力背带裤-10%-0822,ACTIFORTERRAS,2026-10-11,2027-02-05,10.00%,5000.0,5000.0,59,800,false
"[B0HBP89TM6, B0H83M8X3G]",amzn1.campaign.N21N2CZ1K75E,Earn 20% Commission Upgraded Dual Flexible Race Track! 50%OFF-Code:SWF8BHNP,TAEMVV,2026-08-25,2026-09-30,20.00%,10000.0,9943.06,18,800,false
"[B0FRG5KMYY, B0FRGK7NSX, B0FR4Z7BF7, B0FR4YYL9K, B0FRG1M6DN, B0FR55899M, B0FRG1MMJZ, B0FQP28CQN, B0FQP1B15Y, B0FR4X9GYB, B0FRGFQ3WJ, B0FQP2B583, B0FR4VKW15, B0FQNXNQDY]",amzn1.campaign.242FSB3F3ZYHS,W--106 107 113 114-弹力背带裤-10%-0822,ACTIFORTERRAS,2026-10-10,2027-02-05,10.00%,5000.0,5000.0,56,800,false
[B0GWHXPZYV],amzn1.campaign.38Z6ZEHSD0XUY,"20PCS 6"" Large Artificial Lily Flower Heads",AIBBYLI,2026-08-25,2027-01-01,10.00%,5000.0,5000.0,28,800,false
"[B0FRG5KMYY, B0FRGK7NSX, B0FR4Z7BF7, B0FR4YYL9K, B0FRG1M6DN, B0FR55899M, B0FRG1MMJZ, B0FQP28CQN, B0FQP1B15Y, B0FR4X9GYB, B0FRGFQ3WJ, B0FQP2B583, B0FR4VKW15, B0FQNXNQDY]",amzn1.campaign.2O8TFXS2URGP1,W--106 107 113 114-弹力背带裤-10%-0822,ACTIFORTERRAS,2026-10-09,2027-02-05,10.00%,5000.0,5000.0,59,800,false
[B0GXDH89GZ],amzn1.campaign.21TTBZXMPFHRY,ROTIAN Pond Cleaner | Muck and Sludge Removal | Ponds Lakes Fishponds,ROTIAH,2026-08-25,2026-09-24,10.00%,5000.0,4876.0,30,800,false
"[B0FRG5KMYY, B0FRGK7NSX, B0FR4Z7BF7, B0FR4YYL9K, B0FRG1M6DN, B0FR55899M, B0FRG1MMJZ, B0FQP28CQN, B0FQP1B15Y, B0FR4X9GYB, B0FRGFQ3WJ, B0FQP2B583, B0FR4VKW15, B0FQNXNQDY]",amzn1.campaign.1N7INBATVPMPY,W--106 107 113 114-弹力背带裤-10%-0822,ACTIFORTERRAS,2026-10-08,2027-02-05,10.00%,5000.0,5000.0,57,800,false
"[B0GT4FK3VF, B0H11JT4FD]",amzn1.campaign.3M31317K0YWS7,AIBBYLI 5PCS Artificial Lilies Flowers,AIBBYLI,2026-08-25,2027-01-01,11.00%,5000.0,5000.0,22,800,false
"[B0FRG5KMYY, B0FRGK7NSX, B0FR4Z7BF7, B0FR4YYL9K, B0FRG1M6DN, B0FR55899M, B0FRG1MMJZ, B0FQP28CQN, B0FQP1B15Y, B0FR4X9GYB, B0FRGFQ3WJ, B0FQP2B583, B0FR4VKW15, B0FQNXNQDY]",amzn1.campaign.1SMF1NB6TXDHV,W--106 107 113 114-弹力背带裤-10%-0822,ACTIFORTERRAS,2026-10-07,2027-02-05,10.00%,5000.0,5000.0,57,800,false
"[B0H6LHBPSZ, B0H6LG2BFZ, B0H6LC5ZBT, B0H6L8BCXP, B0H6LDWNWZ, B0H6LC5MR4, B0H6LBWY3V, B0H6LL2YTG, B0H6LBDJD9, B0H6LBX823, B0H6LF6MLY, B0H6L21SQ5, B0H6LJ6GCQ, B0H6KYD22N, B0H6LGZZ1L, B0H6L6W1R6, B0H6LBQCVP]",amzn1.campaign.1SHY8PS69MW02,【Y2K Sweet & Cool】Custom Initial & Pink Planet Heart Pendant Necklace Launch,ICEINX,2026-08-25,2027-01-31,10.00%,5000.0,5000.0,21,800,false
"[B0DZD664DC, B0F2S7ZQ33, B0FGW1MWS9, B0F2SR9HJH, B0GHZM8HMG]",amzn1.campaign.1VPRAJB5OQ4RY,BUUTIIGER 0.6/0.8/1.0mm Gold Silver White Gel Pens (10% Commission | $5K Budget),BUUTIIGER,2026-08-25,2026-10-01,10.00%,5000.0,4992.66,27,800,false
"[B0FRG5KMYY, B0FRGK7NSX, B0FR4Z7BF7, B0FR4YYL9K, B0FRG1M6DN, B0FR55899M, B0FRG1MMJZ, B0FQP28CQN, B0FQP1B15Y, B0FR4X9GYB, B0FRGFQ3WJ, B0FQP2B583, B0FR4VKW15, B0FQNXNQDY]",amzn1.campaign.4III64CQE0IA,W--106 107 113 114-弹力背带裤-10%-0822,ACTIFORTERRAS,2026-10-06,2027-02-05,10.00%,5000.0,5000.0,62,800,false
[B0BXCT2MZY],amzn1.campaign.18WVU7XOLKRV4,🌿 Homemade Pesto in Minutes? 🧄 This Chopper Makes It Taste Like Italy!,Liebe&Lecker,2026-08-27,2027-07-27,15.00%,5000.0,5000.0,34,800,false
"[B0H2HKFBWN, B0H2H6WMVH, B0H2H9V2YM, B0H2HBZPD8, B0H2H7JCQL, B0H2H79S2P, B0H2HBZ39Z, B0H2HR3GQ8, B0H2H4TRT9, B0H2H81C2F, B0H2H2C3DF, B0H2H972DQ, B0H2H99DNN, B0H2HD7L51, B0H2H724WW, B0H2H626M8, B0H2HCHM5T, B0H2HBVDSL, B0H2H4NZGX, B0H2GZ2YBG, B0H2H7RHGX, B0H2H4HSHW, B0H2H9S6XL, B0H2H9KQMG, B0H2H5RM1S, B0H2H69PW9, B0H2HDZBZH, B0H2H4KQ69, B0H2GZ5GRY, B0H2H783M3, B0H2H55FS3, B0H2H5XLJW, B0H2H6T712, B0H2H64KWS, B0H2H414NR, B0H2HB6YRC, B0H2HHCSFT, B0H2H3LPTV, B0H2H3LPTT, B0H2HB6YRN, B0H2HF3MTH, B0H2H5CDLN, B0H2H7B8B8, B0H2H9JJ4B, B0H2H4924X, B0H2H4BFNT, B0H2HBS2BD, B0H2HG77YJ, B0H2H51Y61, B0H2HCRFSW, B0H2H4RZFW, B0H2H9RJYS, B0H2H6MHMF, B0H2HDHYKB, B0H2HCCXLP, B0H2H9WVMP, B0H2H82KRY, B0H2HBP5M7, B0H2H9QPT7, B0H2H8LGMD]",amzn1.campaign.1TX9T4HI3QCPP,Quenteen Womens Long Sleeve Shirts Cotton Ribbed Square Neck Underscrubs 487,Quenteen,2026-08-25,2027-08-25,10.00%,10000.0,9996.0,9,800,false
[B0H4V3XLN9],amzn1.campaign.11RJN609UXI8C,VOMLOR Massage Headrest for Bed = 10% Commission 8.22,VOMLOR,2026-08-25,2026-09-24,10.00%,50000.0,50000.0,33,800,false
[B0BXCT2MZY],amzn1.campaign.1GHQFVFPK3GBB,Creamy Dressings Without the Store-Bought Guilt?This Chopper Emulsifies Like,Liebe&Lecker,2026-08-27,2027-07-28,15.00%,5000.0,5000.0,37,800,false
[B0F7Q9M2YQ],amzn1.campaign.2QB7UNFY1BA4F,联盟计划第二阶段,Oblivix,2026-08-25,2027-02-28,10.00%,10000.0,10000.0,19,800,false
"[B0GHN2ZWHW, B0GHMRC51N, B0GY4PPWDP, B0H4LLXLC6, B0H4LPB9DJ, B0GHMS335N, B0GHN34FD4, B0GXJDGCQL, B0H4LF94QX, B0GHN2C4P1, B0GY4LCXXF, B0GHMRLS6X, B0H36LS8VN, B0GHMR45B1, B0GHMQ1Q9Z, B0H36R7GLM, B0GXJNJT57, B0GXJY2TXH, B0H4L8SS42, B0GHMNLNGV, B0GY4YDRBY, B0GHMV7PKV, B0GHMQG425, B0GHMQG424, B0GXJNF1F4, B0GHMVSBQ5, B0GXHYXDR5, B0GHNHTHQK, B0GY4MRKN4, B0H4LB4KYL, B0H4L8NWPH, B0GXJJC6T9, B0GHMNDDMJ, B0GHMNKL7T, B0H4LPTHK6, B0GHN4D6T3, B0GHMXSQ64, B0GHMTM6J5, B0GXJTTCJW, B0H4L3DRJ1, B0H4L5B975, B0GHMZ8VDM, B0GHMVGJBV, B0GHMTG6NR, B0GHMYF9BG, B0GHN45LCJ, B0GHN2K8N6, B0H4L7DRNP, B0GHMZ7JSN, B0GHMVRK2Z, B0GHN3RV9P, B0GHN2T1HH, B0GHMSDXWS, B0H36T15KL, B0GXJT3BT1, B0GXJGBGJC, B0H4LF6KFP, B0GHMR3CN4, B0GHMYQW83, B0GHMVPT6C, B0GXJL5JXR, B0GHN7WJ9K]",amzn1.campaign.3JVA0LMVJ9A4R,Get 50% OFF Botanical Carpet -YL-MFY,PureCozy,2026-08-25,2026-11-08,10.00%,5000.0,5000.0,48,800,false
[B0BXCT2MZY],amzn1.campaign.129PWE6EL6Z7L,⚡ Pre-Workout Energy Bites? 🥜 This Chopper Makes Healthy Snacking Easy!,Liebe&Lecker,2026-08-27,2027-07-29,15.00%,5000.0,5000.0,40,800,false
"[B0HB4NN1KB, B0HB4J5T9P]",amzn1.campaign.NDJCF827EDWI,20% Commission | Tesla Model 3/Y Cabin Air Filter 2-Pack | TUDEAO,TUDEAO,2026-08-25,2027-01-01,20.00%,5000.0,4988.4,17,800,false
[B0BXCT2MZY],amzn1.campaign.17F2LLX5XAAJ0,🍞 Homemade Breadcrumbs from Leftover Bread? 🥖 This Chopper Saves Me Money!,Liebe&Lecker,2026-08-27,2027-07-30,15.00%,5000.0,5000.0,39,800,false
"[B0GQS3N6FG, B0GQS2GRTS, B0GQS5FS87, B0GQSJYD6L, B0GQRSTN49]",amzn1.campaign.LK9X83VUS0S7,红色破洞牛仔裤+8.11,Arkordi,2026-08-25,2027-01-08,13.00%,5000.0,5000.0,70,800,false
[B0FHQJ5WS1],amzn1.campaign.1ZBT6RZ5EJ8DG,EASY VALVE Starter Set,BASKER,2026-08-25,2027-08-25,15.00%,5000.0,5000.0,46,800,false
[B0BXCT2MZY],amzn1.campaign.37C36S1IQVV8F,Whole Spices to Fresh Powder?This Chopper Is My Spice Grinder Replacement!,Liebe&Lecker,2026-08-27,2027-07-31,15.00%,5000.0,5000.0,44,800,false
"[B0GQS3N6FG, B0GQS2GRTS, B0GQS5FS87, B0GQSJYD6L, B0GQRSTN49]",amzn1.campaign.1AQ2ZUGXPB3L1,红色破洞牛仔裤+8.11,Arkordi,2026-08-25,2027-01-07,13.00%,5000.0,5000.0,65,800,false
[B0DSW2ZPTV],amzn1.campaign.1AF7I8YBEX6TE,Built-in Retractable Cable Apple Watch Charging+13%Comm+0822,Jasput,2026-08-25,2026-09-24,13.00%,5000.0,5000.0,22,800,false
"[B0FRG5KMYY, B0FRGK7NSX, B0FR4Z7BF7, B0FR4YYL9K, B0FRG1M6DN, B0FR55899M, B0FRG1MMJZ, B0FQP28CQN, B0FQP1B15Y, B0FR4X9GYB, B0FRGFQ3WJ, B0FQP2B583, B0FR4VKW15, B0FQNXNQDY]",amzn1.campaign.3BCN4CBAYIIB,W--106 107 113 114-弹力背带裤-10%-0822,ACTIFORTERRAS,2026-10-05,2027-02-05,10.00%,5000.0,5000.0,58,800,false
"[B0GQS3N6FG, B0GQS2GRTS, B0GQS5FS87, B0GQSJYD6L, B0GQRSTN49]",amzn1.campaign.2KRJ1NFUAUSJ,红色破洞牛仔裤+8.11,Arkordi,2026-08-25,2027-01-06,13.00%,5000.0,5000.0,67,800,false
"[B0FRG5KMYY, B0FRGK7NSX, B0FR4Z7BF7, B0FR4YYL9K, B0FRG1M6DN, B0FR55899M, B0FRG1MMJZ, B0FQP28CQN, B0FQP1B15Y, B0FR4X9GYB, B0FRGFQ3WJ, B0FQP2B583, B0FR4VKW15, B0FQNXNQDY]",amzn1.campaign.2OQIT0WKLIWJK,W--106 107 113 114-弹力背带裤-10%-0822,ACTIFORTERRAS,2026-10-04,2027-02-05,10.00%,5000.0,5000.0,60,800,false
"[B0GQS3N6FG, B0GQS2GRTS, B0GQS5FS87, B0GQSJYD6L, B0GQRSTN49]",amzn1.campaign.3BT0AQTL2W2KH,红色破洞牛仔裤+8.11,Arkordi,2026-08-25,2027-01-05,13.00%,5000.0,5000.0,68,800,false
"[B0FRG5KMYY, B0FRGK7NSX, B0FR4Z7BF7, B0FR4YYL9K, B0FRG1M6DN, B0FR55899M, B0FRG1MMJZ, B0FQP28CQN, B0FQP1B15Y, B0FR4X9GYB, B0FRGFQ3WJ, B0FQP2B583, B0FR4VKW15, B0FQNXNQDY]",amzn1.campaign.1PIYNQAI9YT8E,W--106 107 113 114-弹力背带裤-10%-0822,ACTIFORTERRAS,2026-10-03,2027-02-05,10.00%,5000.0,5000.0,58,800,false
"[B0GQS3N6FG, B0GQS2GRTS, B0GQS5FS87, B0GQSJYD6L, B0GQRSTN49]",amzn1.campaign.HJS5YFH4J40M,红色破洞牛仔裤+8.11,Arkordi,2026-08-25,2027-01-04,13.00%,5000.0,5000.0,71,800,false
[B0H39KNYWG],amzn1.campaign.2TL03GWQ67ICG,6Ft Neutral Fall Garland Decorations with Lights,BUFANYU,2026-08-25,2026-09-30,10.00%,5000.0,4988.6,8,800,false
"[B0FRG5KMYY, B0FRGK7NSX, B0FR4Z7BF7, B0FR4YYL9K, B0FRG1M6DN, B0FR55899M, B0FRG1MMJZ, B0FQP28CQN, B0FQP1B15Y, B0FR4X9GYB, B0FRGFQ3WJ, B0FQP2B583, B0FR4VKW15, B0FQNXNQDY]",amzn1.campaign.LG7OHQOIF086,W--106 107 113 114-弹力背带裤-10%-0822,ACTIFORTERRAS,2026-10-02,2027-02-05,10.00%,5000.0,5000.0,64,800,false
"[B0GQS3N6FG, B0GQS2GRTS, B0GQS5FS87, B0GQSJYD6L, B0GQRSTN49]",amzn1.campaign.2DSWD6HP659Z,红色破洞牛仔裤+8.11,Arkordi,2026-08-25,2027-01-03,13.00%,5000.0,5000.0,66,800,false
"[B0FRG5KMYY, B0FRGK7NSX, B0FR4Z7BF7, B0FR4YYL9K, B0FRG1M6DN, B0FR55899M, B0FRG1MMJZ, B0FQP28CQN, B0FQP1B15Y, B0FR4X9GYB, B0FRGFQ3WJ, B0FQP2B583, B0FR4VKW15, B0FQNXNQDY]",amzn1.campaign.11MVKK8USWZ8V,W--106 107 113 114-弹力背带裤-10%-0822,ACTIFORTERRAS,2026-10-01,2027-02-05,10.00%,5000.0,5000.0,57,800,false
"[B0GHN2ZWHW, B0GHMRC51N, B0GY4PPWDP, B0H4LLXLC6, B0H4LPB9DJ, B0GHMS335N, B0GHN34FD4, B0GXJDGCQL, B0H4LF94QX, B0GHN2C4P1, B0GY4LCXXF, B0GHMRLS6X, B0H36LS8VN, B0GHMR45B1, B0GHMQ1Q9Z, B0H36R7GLM, B0GXJNJT57, B0GXJY2TXH, B0H4L8SS42, B0GHMNLNGV, B0GY4YDRBY, B0GHMV7PKV, B0GHMQG425, B0GHMQG424, B0GXJNF1F4, B0GHMVSBQ5, B0GXHYXDR5, B0GHNHTHQK, B0GY4MRKN4, B0H4LB4KYL, B0H4L8NWPH, B0GXJJC6T9, B0GHMNDDMJ, B0GHMNKL7T, B0H4LPTHK6, B0GHN4D6T3, B0GHMXSQ64, B0GHMTM6J5, B0GXJTTCJW, B0H4L3DRJ1, B0H4L5B975, B0GHMZ8VDM, B0GHMVGJBV, B0GHMTG6NR, B0GHMYF9BG, B0GHN45LCJ, B0GHN2K8N6, B0H4L7DRNP, B0GHMZ7JSN, B0GHMVRK2Z, B0GHN3RV9P, B0GHN2T1HH, B0GHMSDXWS, B0H36T15KL, B0GXJT3BT1, B0GXJGBGJC, B0H4LF6KFP, B0GHMR3CN4, B0GHMYQW83, B0GHMVPT6C, B0GXJL5JXR, B0GHN7WJ9K]",amzn1.campaign.2WWXIE2MQHXNL,NEW HOT HOT Deal! Cozy Rug Sale -YL-MFY,PureCozy,2026-08-25,2026-11-07,10.00%,5000.0,5000.0,47,800,false
[B0FPDWH5TG],amzn1.campaign.JMYWWZG8UDG3,S1130-30%-20260825,STEM MATCH,2026-08-25,2026-09-30,30.00%,5000.0,4958.0,22,800,false
"[B0GQS3N6FG, B0GQS2GRTS, B0GQS5FS87, B0GQSJYD6L, B0GQRSTN49]",amzn1.campaign.1DN7XRJPILUYK,红色破洞牛仔裤+8.11,Arkordi,2026-08-25,2027-01-02,13.00%,5000.0,5000.0,65,800,false
"[B0H8D4DPCD, B0H8DGBZ8F, B0H8D44CSL, B0H8D3G5DQ, B0H8D82H64, B0H8D7SWTF, B0H8D8HP4S, B0H8D83SF3, B0H8D5PGWJ, B0H8D7W6P9, B0H8D3K1Z1, B0H8DLL4XT, B0H8CZ6184, B0H8D8Q9HP, B0H8DHRPKR, B0H8D9ZRTY, B0H8DBLPM1, B0H8D18TJQ, B0H8DBQT14, B0H8DBP62Q, B0H8D4NN8S, B0H8DJ6QNP, B0H8DCJRYL, B0H8D9WWVD, B0H8DB69B9, B0H8D5D42Z, B0H8D886RC, B0H8D81HYJ, B0H8DJD7F4, B0H8D254LN, B0H8D8QPQC, B0H8D6PRWF]",amzn1.campaign.1AT8RLAPMH3VI,Disamer Womens Polo Sweater Golf Knitted Tops Work Shirts XW279,Disamer,2026-08-25,2027-08-25,10.00%,10000.0,9759.14,13,800,false
"[B0FRG5KMYY, B0FRGK7NSX, B0FR4Z7BF7, B0FR4YYL9K, B0FRG1M6DN, B0FR55899M, B0FRG1MMJZ, B0FQP28CQN, B0FQP1B15Y, B0FR4X9GYB, B0FRGFQ3WJ, B0FQP2B583, B0FR4VKW15, B0FQNXNQDY]",amzn1.campaign.2XCZ4I0XD2ECR,W--106 107 113 114-弹力背带裤-10%-0822,ACTIFORTERRAS,2026-08-30,2027-02-05,10.00%,5000.0,5000.0,61,800,false
[B0FHPQBQ2J],amzn1.campaign.DCUWUHEHDESV,S1121-30%-20260825,STEM MATCH,2026-08-25,2026-09-30,30.00%,5000.0,5000.0,17,800,false
"[B0GQS3N6FG, B0GQS2GRTS, B0GQS5FS87, B0GQSJYD6L, B0GQRSTN49]",amzn1.campaign.362XL68JJ0OGD,红色破洞牛仔裤+8.11,Arkordi,2026-08-25,2027-01-01,13.00%,5000.0,5000.0,67,800,false
"[B0FRG5KMYY, B0FRGK7NSX, B0FR4Z7BF7, B0FR4YYL9K, B0FRG1M6DN, B0FR55899M, B0FRG1MMJZ, B0FQP28CQN, B0FQP1B15Y, B0FR4X9GYB, B0FRGFQ3WJ, B0FQP2B583, B0FR4VKW15, B0FQNXNQDY]",amzn1.campaign.3QQBBNWLSCD5Y,W--106 107 113 114-弹力背带裤-10%-0822,ACTIFORTERRAS,2026-08-31,2027-02-05,10.00%,5000.0,5000.0,64,800,false
"[B0FRG5KMYY, B0FRGK7NSX, B0FR4Z7BF7, B0FR4YYL9K, B0FRG1M6DN, B0FR55899M, B0FRG1MMJZ, B0FQP28CQN, B0FQP1B15Y, B0FR4X9GYB, B0FRGFQ3WJ, B0FQP2B583, B0FR4VKW15, B0FQNXNQDY]",amzn1.campaign.2AT1O8R1OSO8Q,W--106 107 113 114-弹力背带裤-10%-0822,ACTIFORTERRAS,2026-08-29,2027-02-05,10.00%,5000.0,5000.0,62,800,false
"[B0HC35F6DX, B0HC367TXL, B0HC3DH97H, B0HC3LGZJD]",amzn1.campaign.3FDPA5SHDBEUR,E-1-Moissanite Dangle Earrings-Commission 10% Included,VISDIV,2026-08-25,2026-10-01,10.00%,5000.0,4985.0,22,800,false
"[B0FRG5KMYY, B0FRGK7NSX, B0FR4Z7BF7, B0FR4YYL9K, B0FRG1M6DN, B0FR55899M, B0FRG1MMJZ, B0FQP28CQN, B0FQP1B15Y, B0FR4X9GYB, B0FRGFQ3WJ, B0FQP2B583, B0FR4VKW15, B0FQNXNQDY]",amzn1.campaign.13CVFNLFWAO5C,W--106 107 113 114-弹力背带裤-10%-0822,ACTIFORTERRAS,2026-08-28,2027-02-05,10.00%,5000.0,5000.0,60,800,false
"[B0GQS3N6FG, B0GQS2GRTS, B0GQS5FS87, B0GQSJYD6L, B0GQRSTN49]",amzn1.campaign.1JCOV85I0QAK7,红色破洞牛仔裤+8.11,Arkordi,2026-08-25,2027-02-10,14.00%,5000.0,5000.0,63,800,false
"[B0GQS3N6FG, B0GQS2GRTS, B0GQS5FS87, B0GQSJYD6L, B0GQRSTN49]",amzn1.campaign.1HXIMJXNLJ4UU,红色破洞牛仔裤+8.11,Arkordi,2026-08-25,2027-02-09,14.00%,5000.0,5000.0,66,800,false
"[B0FRG5KMYY, B0FRGK7NSX, B0FR4Z7BF7, B0FR4YYL9K, B0FRG1M6DN, B0FR55899M, B0FRG1MMJZ, B0FQP28CQN, B0FQP1B15Y, B0FR4X9GYB, B0FRGFQ3WJ, B0FQP2B583, B0FR4VKW15, B0FQNXNQDY]",amzn1.campaign.1TW4AJ3YY84S,W--106 107 113 114-弹力背带裤-10%-0822,ACTIFORTERRAS,2026-08-27,2027-02-05,10.00%,5000.0,5000.0,62,800,false
"[B0GQS3N6FG, B0GQS2GRTS, B0GQS5FS87, B0GQSJYD6L, B0GQRSTN49]",amzn1.campaign.25MBV99RIYMN2,红色破洞牛仔裤+8.11,Arkordi,2026-08-25,2027-02-08,14.00%,5000.0,5000.0,66,800,false
"[B0GQS3N6FG, B0GQS2GRTS, B0GQS5FS87, B0GQSJYD6L, B0GQRSTN49]",amzn1.campaign.5PUQ3P6W6DY7,红色破洞牛仔裤+8.11,Arkordi,2026-08-25,2027-02-07,14.00%,5000.0,5000.0,70,800,false
"[B0GQS3N6FG, B0GQS2GRTS, B0GQS5FS87, B0GQSJYD6L, B0GQRSTN49]",amzn1.campaign.13DL0EEJINCQ6,红色破洞牛仔裤+8.11,Arkordi,2026-08-25,2027-02-06,14.00%,5000.0,5000.0,65,800,false
"[B0H6WRMNS2, B0H7JXYC5D, B0H7JN3Z4Y, B0H6WRHGLX, B0H74N2CD4, B0H7JST1JP]",amzn1.campaign.8XHR0QPPTX9M,"Hi Content Creator, join us to co‑create and share in the profits.",CONTOOSE,2026-08-25,2026-09-30,15.00%,5000.0,4994.0,35,800,false
[B0H73Z14MK],amzn1.campaign.2S4X200LN3EVZ,Meehuan Interactive Cat Toys for Indoor Cats: 12.8% Bonus Commission+15% Coupon,Meehuan,2026-08-25,2026-09-24,12.80%,5000.0,4983.05,16,800,false
"[B0GY4G8PNF, B0GY488QJ7, B0GY4FX6Y2, B0GY4LPQCB, B0GY4FZK39, B0GY4FCM6P, B0GY44NW26, B0GY466MBK, B0GY4BSW5W, B0GY465XCB, B0GY4D56ZX, B0GY41BJ3B, B0GY4BQC91, B0GY4FZC3W, B0GY4B8B34, B0GY46CHTK, B0GY4GMTM5, B0GY47W8T4, B0GY47V2K1, B0GY48QVLY, B0GY474C9T, B0GY48BTDQ, B0GY44P73S, B0GY4CM6GW, B0GY4BHG4J, B0GY4HRQQP, B0GY472B6S, B0GY4BSLJK, B0GY49W1JD, B0GY48PV65, B0GY4G5BM6, B0GY4J2RCL, B0GY457CWC, B0GY44F9DV, B0GY41SMS1, B0GY4769WN, B0GY4FXLW3, B0GY4HTQLS, B0GY4B4QG8, B0GY4FHT2R, B0GY4FX46L, B0GY4537L4, B0GY4CYPR1, B0GY4HSFR9, B0GY4CN14F, B0GY4HT7MC, B0GY49PN8S, B0GY4G4TRC, B0GY49G36B, B0GY41G5S6]",amzn1.campaign.1C7YVKMNLUO5R,SLIP ON SNEAKERS,JENN ARDOR,2026-08-25,2026-09-30,10.00%,5000.0,4987.16,15,800,false
"[B0GQS3N6FG, B0GQS2GRTS, B0GQS5FS87, B0GQSJYD6L, B0GQRSTN49]",amzn1.campaign.3A8ZNDMQTOWH0,红色破洞牛仔裤+8.11,Arkordi,2026-08-25,2027-02-05,14.00%,5000.0,5000.0,68,800,false
"[B0FRG5KMYY, B0FRGK7NSX, B0FR4Z7BF7, B0FR4YYL9K, B0FRG1M6DN, B0FR55899M, B0FRG1MMJZ, B0FQP28CQN, B0FQP1B15Y, B0FR4X9GYB, B0FRGFQ3WJ, B0FQP2B583, B0FR4VKW15, B0FQNXNQDY]",amzn1.campaign.14AVQY6L6FUW1,W--106 107 113 114-弹力背带裤-10%-0822,ACTIFORTERRAS,2026-08-26,2027-02-05,10.00%,5000.0,5000.0,60,800,false
"[B0GQS3N6FG, B0GQS2GRTS, B0GQS5FS87, B0GQSJYD6L, B0GQRSTN49]",amzn1.campaign.14TMREKDWZSZ2,红色破洞牛仔裤+8.11,Arkordi,2026-08-25,2027-02-04,14.00%,5000.0,5000.0,65,800,false
"[B0FRG5KMYY, B0FRGK7NSX, B0FR4Z7BF7, B0FR4YYL9K, B0FRG1M6DN, B0FR55899M, B0FRG1MMJZ, B0FQP28CQN, B0FQP1B15Y, B0FR4X9GYB, B0FRGFQ3WJ, B0FQP2B583, B0FR4VKW15, B0FQNXNQDY]",amzn1.campaign.33FHOJS73A5P1,W--106 107 113 114-弹力背带裤-10%-0822,ACTIFORTERRAS,2026-08-25,2027-02-05,10.00%,5000.0,5000.0,63,800,false
[B0G5PKKYY3],amzn1.campaign.1N5NVNSM22UK1,FrigeSwift 2417-98231 2417-98224 Ice Maker Creator Video Campaign,FRIGESWIFT,2026-08-25,2027-08-25,10.00%,5000.0,5000.0,27,800,false
"[B0FRG5KMYY, B0FRGK7NSX, B0FR4Z7BF7, B0FR4YYL9K, B0FRG1M6DN, B0FR55899M, B0FRG1MMJZ, B0FQP28CQN, B0FQP1B15Y, B0FR4X9GYB, B0FRGFQ3WJ, B0FQP2B583, B0FR4VKW15, B0FQNXNQDY]",amzn1.campaign.22NQWXMER7CCF,W--106 107 113 114-弹力背带裤-10%-0822,ACTIFORTERRAS,2026-09-30,2027-02-05,10.00%,5000.0,5000.0,65,800,false
"[B0GHN2ZWHW, B0GHMRC51N, B0GY4PPWDP, B0H4LLXLC6, B0H4LPB9DJ, B0GHMS335N, B0GHN34FD4, B0GXJDGCQL, B0H4LF94QX, B0GHN2C4P1, B0GY4LCXXF, B0GHMRLS6X, B0H36LS8VN, B0GHMR45B1, B0GHMQ1Q9Z, B0H36R7GLM, B0GXJNJT57, B0GXJY2TXH, B0H4L8SS42, B0GHMNLNGV, B0GY4YDRBY, B0GHMV7PKV, B0GHMQG425, B0GHMQG424, B0GXJNF1F4, B0GHMVSBQ5, B0GXHYXDR5, B0GHNHTHQK, B0GY4MRKN4, B0H4LB4KYL, B0H4L8NWPH, B0GXJJC6T9, B0GHMNDDMJ, B0GHMNKL7T, B0H4LPTHK6, B0GHN4D6T3, B0GHMXSQ64, B0GHMTM6J5, B0GXJTTCJW, B0H4L3DRJ1, B0H4L5B975, B0GHMZ8VDM, B0GHMVGJBV, B0GHMTG6NR, B0GHMYF9BG, B0GHN45LCJ, B0GHN2K8N6, B0H4L7DRNP, B0GHMZ7JSN, B0GHMVRK2Z, B0GHN3RV9P, B0GHN2T1HH, B0GHMSDXWS, B0H36T15KL, B0GXJT3BT1, B0GXJGBGJC, B0H4LF6KFP, B0GHMR3CN4, B0GHMYQW83, B0GHMVPT6C, B0GXJL5JXR, B0GHN7WJ9K]",amzn1.campaign.1CTACJFB9RE1S,NEW Great Deal! Floral Decor Rug -YL-MFY,PureCozy,2026-08-25,2026-11-06,10.00%,5000.0,5000.0,44,800,false
[B0H2B6F698],amzn1.campaign.1OE1PY4LQ98L0,YI-IHP-60,yimimde,2026-08-25,2027-08-25,10.00%,9999.0,9984.82,25,800,false
"[B0GQS3N6FG, B0GQS2GRTS, B0GQS5FS87, B0GQSJYD6L, B0GQRSTN49]",amzn1.campaign.NXHTL9Y5NEW3,红色破洞牛仔裤+8.11,Arkordi,2026-08-25,2027-02-03,14.00%,5000.0,5000.0,72,800,false
"[B0FRG5KMYY, B0FRGK7NSX, B0FR4Z7BF7, B0FR4YYL9K, B0FRG1M6DN, B0FR55899M, B0FRG1MMJZ, B0FQP28CQN, B0FQP1B15Y, B0FR4X9GYB, B0FRGFQ3WJ, B0FQP2B583, B0FR4VKW15, B0FQNXNQDY]",amzn1.campaign.2V4UKZTX2RDNU,W--106 107 113 114-弹力背带裤-10%-0822,ACTIFORTERRAS,2026-09-26,2027-02-05,10.00%,5000.0,5000.0,65,800,false
"[B0GQS3N6FG, B0GQS2GRTS, B0GQS5FS87, B0GQSJYD6L, B0GQRSTN49]",amzn1.campaign.1P5OOBKA8C65L,红色破洞牛仔裤+8.11,Arkordi,2026-08-25,2027-02-02,14.00%,5000.0,5000.0,66,800,false
"[B0GY3WRBQX, B0GY3RTHR6, B0GY3S96VJ, B0GY3Q2S4T, B0GY3YRTZN, B0GY3P4D6K, B0GY3VFJ69, B0GY3VRJ33, B0GY3GF2FF, B0GY3SHYJD, B0GY3TWHBX, B0GY3X4MP2, B0GY3C11WR, B0GY3LX9TV, B0GY3BTDD7, B0GY3TV8F4, B0GY3KKG3N, B0GY3MNWL7, B0GY3GCV9K, B0GY3Y6Q33, B0GY3JLLRQ, B0GY3MY5J8, B0GY3TK27V, B0GY3X5F89, B0GY3YW3W9, B0GY3MRLBM, B0GY3Q19YY, B0GY3TRSMC, B0GY3W9SPG, B0GY3TS68H]",amzn1.campaign.15TO8CWJT2U5G,PureFit Flannel Plush Couch Cover,PureFit,2026-08-25,2026-09-24,10.00%,5000.0,4945.1,25,800,false
"[B0FRG5KMYY, B0FRGK7NSX, B0FR4Z7BF7, B0FR4YYL9K, B0FRG1M6DN, B0FR55899M, B0FRG1MMJZ, B0FQP28CQN, B0FQP1B15Y, B0FR4X9GYB, B0FRGFQ3WJ, B0FQP2B583, B0FR4VKW15, B0FQNXNQDY]",amzn1.campaign.3HGKXH323ABKJ,W--106 107 113 114-弹力背带裤-10%-0822,ACTIFORTERRAS,2026-09-27,2027-02-05,10.00%,5000.0,5000.0,69,800,false
"[B0FRG5KMYY, B0FRGK7NSX, B0FR4Z7BF7, B0FR4YYL9K, B0FRG1M6DN, B0FR55899M, B0FRG1MMJZ, B0FQP28CQN, B0FQP1B15Y, B0FR4X9GYB, B0FRGFQ3WJ, B0FQP2B583, B0FR4VKW15, B0FQNXNQDY]",amzn1.campaign.1FYKL7URP55QA,W--106 107 113 114-弹力背带裤-10%-0822,ACTIFORTERRAS,2026-09-28,2027-02-05,10.00%,5000.0,5000.0,65,800,false
"[B0GQS3N6FG, B0GQS2GRTS, B0GQS5FS87, B0GQSJYD6L, B0GQRSTN49]",amzn1.campaign.21FU5LCJJDM05,红色破洞牛仔裤+8.11,Arkordi,2026-08-25,2027-02-01,14.00%,5000.0,5000.0,68,800,false
"[B0F18W2YNK, B0F18TQC6Y, B0F18S8V35, B0F18W2SHF]",amzn1.campaign.3QJEA3QJ1V368,New product 10% Commission Hstyle Women slouch Pilates Socks 2026.8.25-2026.9.30,Hstyle,2026-08-25,2026-09-30,10.00%,5000.0,4986.9,16,800,false
"[B0FRG5KMYY, B0FRGK7NSX, B0FR4Z7BF7, B0FR4YYL9K, B0FRG1M6DN, B0FR55899M, B0FRG1MMJZ, B0FQP28CQN, B0FQP1B15Y, B0FR4X9GYB, B0FRGFQ3WJ, B0FQP2B583, B0FR4VKW15, B0FQNXNQDY]",amzn1.campaign.2MRALNNKXJD29,W--106 107 113 114-弹力背带裤-10%-0822,ACTIFORTERRAS,2026-09-29,2027-02-05,10.00%,5000.0,5000.0,67,800,false
"[B0GQS3N6FG, B0GQS2GRTS, B0GQS5FS87, B0GQSJYD6L, B0GQRSTN49]",amzn1.campaign.1YQTN6JZ190FT,红色破洞牛仔裤+8.11,Arkordi,2026-08-25,2027-01-31,14.00%,5000.0,5000.0,69,800,false
"[B0GQS3N6FG, B0GQS2GRTS, B0GQS5FS87, B0GQSJYD6L, B0GQRSTN49]",amzn1.campaign.1L048JJKNP8TR,红色破洞牛仔裤+8.11,Arkordi,2026-08-25,2027-01-30,14.00%,5000.0,5000.0,63,800,false
"[B0GQS3N6FG, B0GQS2GRTS, B0GQS5FS87, B0GQSJYD6L, B0GQRSTN49]",amzn1.campaign.1JZWEOKKXQCGW,红色破洞牛仔裤+8.11,Arkordi,2026-08-25,2027-01-29,14.00%,5000.0,5000.0,64,800,false
[B0G4MRZCQX],amzn1.campaign.138M2C2ZXD70W,Circular-Benz-Phone,JIEZMO,2026-08-25,2027-08-25,10.00%,5000.0,4998.1,27,800,false
"[B0FRG5KMYY, B0FRGK7NSX, B0FR4Z7BF7, B0FR4YYL9K, B0FRG1M6DN, B0FR55899M, B0FRG1MMJZ, B0FQP28CQN, B0FQP1B15Y, B0FR4X9GYB, B0FRGFQ3WJ, B0FQP2B583, B0FR4VKW15, B0FQNXNQDY]",amzn1.campaign.TB8FCKB4SW0T,W--106 107 113 114-弹力背带裤-10%-0822,ACTIFORTERRAS,2026-09-25,2027-02-05,10.00%,5000.0,5000.0,70,800,false
"[B0GQS3N6FG, B0GQS2GRTS, B0GQS5FS87, B0GQSJYD6L, B0GQRSTN49]",amzn1.campaign.21VBKDPZ3ZL1O,红色破洞牛仔裤+8.11,Arkordi,2026-08-25,2027-01-28,14.00%,5000.0,5000.0,65,800,false
"[B0FRG5KMYY, B0FRGK7NSX, B0FR4Z7BF7, B0FR4YYL9K, B0FRG1M6DN, B0FR55899M, B0FRG1MMJZ, B0FQP28CQN, B0FQP1B15Y, B0FR4X9GYB, B0FRGFQ3WJ, B0FQP2B583, B0FR4VKW15, B0FQNXNQDY]",amzn1.campaign.3U07PR6AV8SP,W--106 107 113 114-弹力背带裤-10%-0822,ACTIFORTERRAS,2026-09-24,2027-02-05,10.00%,5000.0,5000.0,69,800,false
[B0CNKHCB2X],amzn1.campaign.2BXFPR3FKC46P,"Niunuerga Hat Racks, Monthly Sales 9000+, 10% commission, Influential Partners",Niunuerga,2026-08-25,2026-11-01,10.00%,5000.0,4998.0,0,800,false
"[B0GQS3N6FG, B0GQS2GRTS, B0GQS5FS87, B0GQSJYD6L, B0GQRSTN49]",amzn1.campaign.2CLVX64B6BGJI,红色破洞牛仔裤+8.11,Arkordi,2026-08-25,2027-01-27,14.00%,5000.0,5000.0,66,800,false
"[B0GQS3N6FG, B0GQS2GRTS, B0GQS5FS87, B0GQSJYD6L, B0GQRSTN49]",amzn1.campaign.3SZX7JAO5LU1G,红色破洞牛仔裤+8.11,Arkordi,2026-08-25,2027-01-26,14.00%,5000.0,5000.0,67,800,false
"[B0G64DQN6T, B0F8VHT5VS, B0H3KX56KH]",amzn1.campaign.1DMQJ5TQL38HC,Large Drawing Pad for Kids & Talking Flash Cards,0 SMALL MODEL,2026-08-25,2026-12-31,10.00%,20000.0,19992.5,13,800,false
"[B0GZV9MZ87, B0GZV7CJV9, B0GXKHBSQR, B0GXL8QNQK, B0F9GRS4WW, B0F9GJND26, B0H873132H, B0GZVCY8VN, B0GZTXN631, B0FDR91XGC, B0GLG6BNQF, B0GHZ9LDWQ, B0H872W5ND, B0GGC3NPMY, B0F9G6Q5Q8, B0GTG5CDYW, B0FDR9LRDX, B0H4W8D6WP, B0GSCCJX53, B0GTGBGYGH, B0GZV9YR88, B0GWN1TP48, B0DJMCFN9D, B0GWNDJ6X7, B0GZVLPJVR, B0GXL6Y9YN, B0F9GLRQ13, B0GRBDLZQS, B0GWN671XR, B0H875GSRP, B0H874ZFQ5, B0F5B8P5KZ, B0GZV4Q7FV, B0GXL4V6LS]",amzn1.campaign.T3MT4JOX4NZT,"## Campaign: Espresso Machine Cleaning Essential",Etmdoeve,2026-08-25,2026-10-31,15.00%,5000.0,4951.25,23,800,false
"[B0GQS3N6FG, B0GQS2GRTS, B0GQS5FS87, B0GQSJYD6L, B0GQRSTN49]",amzn1.campaign.2F8CHPYA0HZE5,红色破洞牛仔裤+8.11,Arkordi,2026-08-25,2027-01-25,14.00%,5000.0,5000.0,66,800,false
"[B0H1CG87W2, B0H1CDKQMT, B0H1CMTT3G, B0H1CJ9D1B]",amzn1.campaign.25GOMY06LOC6M,Earn 10% Commission on Our Unique Sports-inspired Design Mouse,Whalices 52,2026-08-25,2027-02-28,10.00%,5000.0,4997.61,27,800,false
"[B0GHN2ZWHW, B0GHMRC51N, B0GY4PPWDP, B0H4LLXLC6, B0H4LPB9DJ, B0GHMS335N, B0GHN34FD4, B0GXJDGCQL, B0H4LF94QX, B0GHN2C4P1, B0GY4LCXXF, B0GHMRLS6X, B0H36LS8VN, B0GHMR45B1, B0GHMQ1Q9Z, B0H36R7GLM, B0GXJNJT57, B0GXJY2TXH, B0H4L8SS42, B0GHMNLNGV, B0GY4YDRBY, B0GHMV7PKV, B0GHMQG425, B0GHMQG424, B0GXJNF1F4, B0GHMVSBQ5, B0GXHYXDR5, B0GHNHTHQK, B0GY4MRKN4, B0H4LB4KYL, B0H4L8NWPH, B0GXJJC6T9, B0GHMNDDMJ, B0GHMNKL7T, B0H4LPTHK6, B0GHN4D6T3, B0GHMXSQ64, B0GHMTM6J5, B0GXJTTCJW, B0H4L3DRJ1, B0H4L5B975, B0GHMZ8VDM, B0GHMVGJBV, B0GHMTG6NR, B0GHMYF9BG, B0GHN45LCJ, B0GHN2K8N6, B0H4L7DRNP, B0GHMZ7JSN, B0GHMVRK2Z, B0GHN3RV9P, B0GHN2T1HH, B0GHMSDXWS, B0H36T15KL, B0GXJT3BT1, B0GXJGBGJC, B0H4LF6KFP, B0GHMR3CN4, B0GHMYQW83, B0GHMVPT6C, B0GXJL5JXR, B0GHN7WJ9K]",amzn1.campaign.1N43C1KUWIZTW,Get 50% OFF Soft Floral Rug -YL-MFY,PureCozy,2026-08-25,2026-11-05,10.00%,5000.0,5000.0,44,800,false
"[B0GQS3N6FG, B0GQS2GRTS, B0GQS5FS87, B0GQSJYD6L, B0GQRSTN49]",amzn1.campaign.VLT1RXDSDMW7,红色破洞牛仔裤+8.11,Arkordi,2026-08-25,2027-01-24,14.00%,5000.0,5000.0,69,800,false
"[B0FRG5KMYY, B0FRGK7NSX, B0FR4Z7BF7, B0FR4YYL9K, B0FRG1M6DN, B0FR55899M, B0FRG1MMJZ, B0FQP28CQN, B0FQP1B15Y, B0FR4X9GYB, B0FRGFQ3WJ, B0FQP2B583, B0FR4VKW15, B0FQNXNQDY]",amzn1.campaign.4G2PX34CV9DS,W--106 107 113 114-弹力背带裤-10%-0822,ACTIFORTERRAS,2026-09-23,2027-02-05,10.00%,5000.0,5000.0,70,800,false
"[B0H8T1BSCV, B0H8T21XLN, B0H8T2X4WT, B0H8T5SLW8, B0H8T5HJM6, B0H8T2TC51, B0H8SWS53L, B0H8SSWW6B, B0H8T2PHFZ, B0H8SQHQSB, B0H8T2SVF6, B0H8T18TH5, B0H8SY65R8, B0H8SVMDF6, B0H8T3D194]",amzn1.campaign.13PK5E7K5ML5S,Collaborate with Us for Mens Fishing T-Shirt6106 Launch to Get 10% Commission!,KUYIGO,2026-08-25,2026-10-31,10.00%,5000.0,4998.0,22,800,false
"[B0GQS3N6FG, B0GQS2GRTS, B0GQS5FS87, B0GQSJYD6L, B0GQRSTN49]",amzn1.campaign.23OAYZX97OYRR,红色破洞牛仔裤+8.11,Arkordi,2026-08-25,2027-01-23,14.00%,5000.0,5000.0,65,800,false
"[B0G1N4BJ4K, B0GHSXGKT3, B0GHSMWBSV, B0HDJMDNWM, B0GHT7KKS4, B0GMCG8HRN, B0HCDWQQ51, B0GHSVT96P, B0HDJTQ9CJ, B0HDKDFR6R, B0GMCB5SRW, B0GMC26FS7, B0FY2T2CSW, B0HDJQG1VD, B0HDK2WMKT, B0HF6XQN9S, B0GMCDWRX4, B0HDJSBGSC]",amzn1.campaign.10BSKW3BG493P,亚马逊内容创作者计划,AGSHOOT,2026-08-25,2026-12-31,15.00%,10000.0,9993.01,30,800,false
"[B0GQS3N6FG, B0GQS2GRTS, B0GQS5FS87, B0GQSJYD6L, B0GQRSTN49]",amzn1.campaign.3M11EW4LN142R,红色破洞牛仔裤+8.11,Arkordi,2026-08-25,2027-01-22,14.00%,5000.0,5000.0,67,800,false
"[B0HDTG4C51, B0H8DFKSK2, B0GGQM1H3D, B0GGQDT3S3]",amzn1.campaign.373SLKIT521N0,16% PAYOUT! 2026 New UV Sterilization + 45KHz Ultrasonic Cleaner | Fast Approval,Newelkin,2026-08-25,2026-10-31,16.00%,5000.0,4363.24,16,800,false
[B0H321739P],amzn1.campaign.5DP7OQQR4GH,B-5-Twisted Rope Chain Bracelet-Commission 10% Included,VISDIV,2026-08-25,2026-10-01,10.00%,5000.0,4985.0,25,800,false
"[B0GKGGXKR1, B0GKGR7YPD, B0GKGM362Y, B0GKGHQJ1M, B0GKGHVBRN, B0GKGN7DD1, B0GKGKRTJH, B0GKGN1DWR, B0GKGB8JMH, B0GKGPZGD4, B0GKGVWCW4, B0GKGVVQKW, B0GKGMZ6QC]",amzn1.campaign.3B3HZ6W4EXC94,WV-010-009-创作者影响计划-0822--       14.79%,MolyPark,2026-08-28,2026-11-20,14.79%,5000.0,5000.0,57,800,false
"[B0GQS3N6FG, B0GQS2GRTS, B0GQS5FS87, B0GQSJYD6L, B0GQRSTN49]",amzn1.campaign.1S78C8K4WUQOT,红色破洞牛仔裤+8.11,Arkordi,2026-08-25,2027-01-21,14.00%,5000.0,5000.0,63,800,false
"[B0FTMF5QG1, B0FTM6KXJZ, B007VN2HZK, B0FTLZZFVS, B0FTMBCXQZ, B0FTLZHJP3, B0FTM4R235, B0H2DG5CVC, B0FTMC5J7M, B0FTMC6V9D, B0H2TG9MMS, B073ZL5KGF, B0H9SW3FPK, B0H2D715BY, B0HB5S5V1G, B0FLK91B6Z, B0FTM7Z8X7, B0FLKCX4WL, B0FTMFJZ8K, B0FTMGP7G5]",amzn1.campaign.1AMHFWEHIRO4U,Classic Edge. Modern Grit.,Tekna,2026-08-25,2026-09-30,15.00%,10000.0,10000.0,25,800,false
"[B0FRG5KMYY, B0FRGK7NSX, B0FR4Z7BF7, B0FR4YYL9K, B0FRG1M6DN, B0FR55899M, B0FRG1MMJZ, B0FQP28CQN, B0FQP1B15Y, B0FR4X9GYB, B0FRGFQ3WJ, B0FQP2B583, B0FR4VKW15, B0FQNXNQDY]",amzn1.campaign.2HJ0QOZ3SIWT1,W--106 107 113 114-弹力背带裤-10%-0822,ACTIFORTERRAS,2026-09-22,2027-02-05,10.00%,5000.0,5000.0,66,800,false
"[B0GKGGXKR1, B0GKGR7YPD, B0GKGM362Y, B0GKGHQJ1M, B0GKGHVBRN, B0GKGN7DD1, B0GKGKRTJH, B0GKGN1DWR, B0GKGB8JMH, B0GKGPZGD4, B0GKGVWCW4, B0GKGVVQKW, B0GKGMZ6QC]",amzn1.campaign.2MFMW7DP5VKV6,WV-010-009-创作者影响计划-0822--     11.74%,MolyPark,2026-08-27,2026-11-20,14.78%,5000.0,5000.0,54,800,false
"[B0GKGGXKR1, B0GKGR7YPD, B0GKGM362Y, B0GKGHQJ1M, B0GKGHVBRN, B0GKGN7DD1, B0GKGKRTJH, B0GKGN1DWR, B0GKGB8JMH, B0GKGPZGD4, B0GKGVWCW4, B0GKGVVQKW, B0GKGMZ6QC]",amzn1.campaign.3QY02X8PYCZ72,WV-010-009-创作者影响计划-0822-    11.70%,MolyPark,2026-08-28,2026-11-14,12.83%,5000.0,5000.0,59,800,false
"[B0FRG5KMYY, B0FRGK7NSX, B0FR4Z7BF7, B0FR4YYL9K, B0FRG1M6DN, B0FR55899M, B0FRG1MMJZ, B0FQP28CQN, B0FQP1B15Y, B0FR4X9GYB, B0FRGFQ3WJ, B0FQP2B583, B0FR4VKW15, B0FQNXNQDY]",amzn1.campaign.30MA5UIMO472B,W--106 107 113 114-弹力背带裤-10%-0822,ACTIFORTERRAS,2026-09-21,2027-02-05,10.00%,5000.0,5000.0,65,800,false
"[B0GKGGXKR1, B0GKGR7YPD, B0GKGM362Y, B0GKGHQJ1M, B0GKGHVBRN, B0GKGN7DD1, B0GKGKRTJH, B0GKGN1DWR, B0GKGB8JMH, B0GKGPZGD4, B0GKGVWCW4, B0GKGVVQKW, B0GKGMZ6QC]",amzn1.campaign.39FPOPNAC6PHU,WV-010-009-创作者影响计划-0822--   11.71%,MolyPark,2026-08-29,2026-11-16,11.73%,5000.0,5000.0,61,800,false
"[B0GVWSV9J9, B0GVWL2K3H, B0GVWPJ14W]",amzn1.campaign.3HVWNV7PNUTQW,编织磁吸-new,FireFit,2026-08-25,2026-09-24,15.00%,5000.0,4991.12,31,800,false
"[B0GQS3N6FG, B0GQS2GRTS, B0GQS5FS87, B0GQSJYD6L, B0GQRSTN49]",amzn1.campaign.20RXQ05UENQGG,红色破洞牛仔裤+8.11,Arkordi,2026-08-25,2027-01-20,14.00%,5000.0,5000.0,64,800,false
"[B0GKGGXKR1, B0GKGR7YPD, B0GKGM362Y, B0GKGHQJ1M, B0GKGHVBRN, B0GKGN7DD1, B0GKGKRTJH, B0GKGN1DWR, B0GKGB8JMH, B0GKGPZGD4, B0GKGVWCW4, B0GKGVVQKW, B0GKGMZ6QC]",amzn1.campaign.TDKV5AFUWO2W,WV-010-009-创作者影响计划-0822--    14.68%,MolyPark,2026-08-25,2026-11-20,14.77%,5000.0,5000.0,59,800,false
"[B0GQS3N6FG, B0GQS2GRTS, B0GQS5FS87, B0GQSJYD6L, B0GQRSTN49]",amzn1.campaign.2RHMYE3UEL4Q1,红色破洞牛仔裤+8.11,Arkordi,2026-08-25,2027-01-19,14.00%,5000.0,5000.0,65,800,false
"[B0FRG5KMYY, B0FRGK7NSX, B0FR4Z7BF7, B0FR4YYL9K, B0FRG1M6DN, B0FR55899M, B0FRG1MMJZ, B0FQP28CQN, B0FQP1B15Y, B0FR4X9GYB, B0FRGFQ3WJ, B0FQP2B583, B0FR4VKW15, B0FQNXNQDY]",amzn1.campaign.25TY465CDZ89H,W--106 107 113 114-弹力背带裤-10%-0822,ACTIFORTERRAS,2026-09-20,2027-02-05,10.00%,5000.0,5000.0,65,800,false
[B0FQMRWZRD],amzn1.campaign.37U185DDE7WVH,Rough Enough Small Tool Pouch Camo – EDC Outdoor (SKU:RE8734-Camo),RE ROUGH ENOUGH,2026-08-25,2026-12-31,15.00%,5000.0,5000.0,22,800,false
"[B0DKPXGYLB, B0FLDBHLV9, B0GHSVZSW2, B0HB5RRSR5, B0GC3G7CS3, B0DKQVWJTS, B0CZ7JGQMD, B0H2D715BY, B0FLK91B6Z, B0CFBHR2PP, B0CZ7H29KB, B0FLKCX4WL, B0CY6JXXJT, B0CYCR3PRR, B0GD24QDNY]",amzn1.campaign.2EVE0550VG66J,Built for the Deep. Trusted on Land.,Tektite,2026-08-25,2026-09-30,15.00%,10000.0,9934.36,19,800,false
"[B0GQS3N6FG, B0GQS2GRTS, B0GQS5FS87, B0GQSJYD6L, B0GQRSTN49]",amzn1.campaign.8GLL3TECINAV,红色破洞牛仔裤+8.11,Arkordi,2026-08-25,2027-01-18,14.00%,5000.0,5000.0,69,800,false
"[B0GKGGXKR1, B0GKGR7YPD, B0GKGM362Y, B0GKGHQJ1M, B0GKGHVBRN, B0GKGN7DD1, B0GKGKRTJH, B0GKGN1DWR, B0GKGB8JMH, B0GKGPZGD4, B0GKGVWCW4, B0GKGVVQKW, B0GKGMZ6QC]",amzn1.campaign.1PNRTLPRYLPHU,WV-010-009-创作者影响计划-0822-    11.70%,MolyPark,2026-08-27,2026-11-14,12.82%,5000.0,5000.0,59,800,false
"[B0FRG5KMYY, B0FRGK7NSX, B0FR4Z7BF7, B0FR4YYL9K, B0FRG1M6DN, B0FR55899M, B0FRG1MMJZ, B0FQP28CQN, B0FQP1B15Y, B0FR4X9GYB, B0FRGFQ3WJ, B0FQP2B583, B0FR4VKW15, B0FQNXNQDY]",amzn1.campaign.3J0EOY0O8PV5J,W--106 107 113 114-弹力背带裤-10%-0822,ACTIFORTERRAS,2026-09-19,2027-02-05,10.00%,5000.0,5000.0,69,800,false
"[B0GKGGXKR1, B0GKGR7YPD, B0GKGM362Y, B0GKGHQJ1M, B0GKGHVBRN, B0GKGN7DD1, B0GKGKRTJH, B0GKGN1DWR, B0GKGB8JMH, B0GKGPZGD4, B0GKGVWCW4, B0GKGVVQKW, B0GKGMZ6QC]",amzn1.campaign.3A4H96UDF730D,WV-010-009-创作者影响计划-0822-    11.70%,MolyPark,2026-08-26,2026-11-14,12.81%,5000.0,5000.0,63,800,false
"[B0FRG5KMYY, B0FRGK7NSX, B0FR4Z7BF7, B0FR4YYL9K, B0FRG1M6DN, B0FR55899M, B0FRG1MMJZ, B0FQP28CQN, B0FQP1B15Y, B0FR4X9GYB, B0FRGFQ3WJ, B0FQP2B583, B0FR4VKW15, B0FQNXNQDY]",amzn1.campaign.1IITMZSPCV8LI,W--106 107 113 114-弹力背带裤-10%-0822,ACTIFORTERRAS,2026-09-18,2027-02-05,10.00%,5000.0,5000.0,63,800,false
"[B0GKGGXKR1, B0GKGR7YPD, B0GKGM362Y, B0GKGHQJ1M, B0GKGHVBRN, B0GKGN7DD1, B0GKGKRTJH, B0GKGN1DWR, B0GKGB8JMH, B0GKGPZGD4, B0GKGVWCW4, B0GKGVVQKW, B0GKGMZ6QC]",amzn1.campaign.2JJOCONJ6CH0G,WV-010-009-创作者影响计划-0822--   11.71%,MolyPark,2026-08-28,2026-11-16,11.72%,5000.0,5000.0,63,800,false
"[B0FRG5KMYY, B0FRGK7NSX, B0FR4Z7BF7, B0FR4YYL9K, B0FRG1M6DN, B0FR55899M, B0FRG1MMJZ, B0FQP28CQN, B0FQP1B15Y, B0FR4X9GYB, B0FRGFQ3WJ, B0FQP2B583, B0FR4VKW15, B0FQNXNQDY]",amzn1.campaign.3NBHXVK02WALM,W--106 107 113 114-弹力背带裤-10%-0822,ACTIFORTERRAS,2026-09-17,2027-02-05,10.00%,5000.0,5000.0,68,800,false
[B0GHXJYSBK],amzn1.campaign.2A1B6YAGBNAHF,shaver a head,MAXWISDOM,2026-08-25,2026-11-30,10.00%,5000.0,4997.2,22,800,false
"[B0FRG5KMYY, B0FRGK7NSX, B0FR4Z7BF7, B0FR4YYL9K, B0FRG1M6DN, B0FR55899M, B0FRG1MMJZ, B0FQP28CQN, B0FQP1B15Y, B0FR4X9GYB, B0FRGFQ3WJ, B0FQP2B583, B0FR4VKW15, B0FQNXNQDY]",amzn1.campaign.4LI30JN5LI5B,W--106 107 113 114-弹力背带裤-10%-0822,ACTIFORTERRAS,2026-09-16,2027-02-05,10.00%,5000.0,5000.0,68,800,false
"[B0GQS3N6FG, B0GQS2GRTS, B0GQS5FS87, B0GQSJYD6L, B0GQRSTN49]",amzn1.campaign.30B7RLN2FWUXG,红色破洞牛仔裤+8.11,Arkordi,2026-08-25,2027-01-17,14.00%,5000.0,5000.0,66,800,false
"[B0GKGGXKR1, B0GKGR7YPD, B0GKGM362Y, B0GKGHQJ1M, B0GKGHVBRN, B0GKGN7DD1, B0GKGKRTJH, B0GKGN1DWR, B0GKGB8JMH, B0GKGPZGD4, B0GKGVWCW4, B0GKGVVQKW, B0GKGMZ6QC]",amzn1.campaign.2J3LMHIZB74LL,WV-010-009-创作者影响计划-0822--    14.68%,MolyPark,2026-08-27,2026-11-20,14.76%,5000.0,5000.0,60,800,false
"[B0GKGGXKR1, B0GKGR7YPD, B0GKGM362Y, B0GKGHQJ1M, B0GKGHVBRN, B0GKGN7DD1, B0GKGKRTJH, B0GKGN1DWR, B0GKGB8JMH, B0GKGPZGD4, B0GKGVWCW4, B0GKGVVQKW, B0GKGMZ6QC]",amzn1.campaign.362IDR67S249E,WV-010-009-创作者影响计划-0822--   11.71%,MolyPark,2026-08-31,2026-11-16,11.71%,5000.0,5000.0,62,800,false
"[B0FRG5KMYY, B0FRGK7NSX, B0FR4Z7BF7, B0FR4YYL9K, B0FRG1M6DN, B0FR55899M, B0FRG1MMJZ, B0FQP28CQN, B0FQP1B15Y, B0FR4X9GYB, B0FRGFQ3WJ, B0FQP2B583, B0FR4VKW15, B0FQNXNQDY]",amzn1.campaign.1E39QSI2W11ZO,W--106 107 113 114-弹力背带裤-10%-0822,ACTIFORTERRAS,2026-09-15,2027-02-05,10.00%,5000.0,5000.0,63,800,false
"[B0GQS3N6FG, B0GQS2GRTS, B0GQS5FS87, B0GQSJYD6L, B0GQRSTN49]",amzn1.campaign.21A2S61IRHUP,红色破洞牛仔裤+8.11,Arkordi,2026-08-25,2027-01-16,14.00%,5000.0,5000.0,65,800,false
"[B0FRG5KMYY, B0FRGK7NSX, B0FR4Z7BF7, B0FR4YYL9K, B0FRG1M6DN, B0FR55899M, B0FRG1MMJZ, B0FQP28CQN, B0FQP1B15Y, B0FR4X9GYB, B0FRGFQ3WJ, B0FQP2B583, B0FR4VKW15, B0FQNXNQDY]",amzn1.campaign.GYWHAWQNALO1,W--106 107 113 114-弹力背带裤-10%-0822,ACTIFORTERRAS,2026-09-14,2027-02-05,10.00%,5000.0,5000.0,69,800,false
"[B0GQS3N6FG, B0GQS2GRTS, B0GQS5FS87, B0GQSJYD6L, B0GQRSTN49]",amzn1.campaign.2LNEY53U7ZWPZ,红色破洞牛仔裤+8.11,Arkordi,2026-08-25,2027-01-15,14.00%,5000.0,5000.0,66,800,false
"[B0GHN2ZWHW, B0GHMRC51N, B0GY4PPWDP, B0H4LLXLC6, B0H4LPB9DJ, B0GHMS335N, B0GHN34FD4, B0GXJDGCQL, B0H4LF94QX, B0GHN2C4P1, B0GY4LCXXF, B0GHMRLS6X, B0H36LS8VN, B0GHMR45B1, B0GHMQ1Q9Z, B0H36R7GLM, B0GXJNJT57, B0H4L8SS42, B0GHMNLNGV, B0GY4YDRBY, B0GHMV7PKV, B0GHMQG425, B0GHMQG424, B0GXJNF1F4, B0GHMVSBQ5, B0GXHYXDR5, B0GHNHTHQK, B0GY4MRKN4, B0H4LB4KYL, B0H4L8NWPH, B0GXJJC6T9, B0GHMNDDMJ, B0GHMNKL7T, B0H4LPTHK6, B0GHN4D6T3, B0GHMXSQ64, B0GHMTM6J5, B0GXJTTCJW, B0H4L3DRJ1, B0H4L5B975, B0GHMZ8VDM, B0GHMVGJBV, B0GHMTG6NR, B0GHMYF9BG, B0GHN45LCJ, B0GHN2K8N6, B0H4L7DRNP, B0GHMZ7JSN, B0GHMVRK2Z, B0GHN3RV9P, B0GHN2T1HH, B0GHMSDXWS, B0H36T15KL, B0GXJT3BT1, B0GXJGBGJC, B0H4LF6KFP, B0GHMR3CN4, B0GHMYQW83, B0GHMVPT6C, B0GXJL5JXR, B0GHN7WJ9K]",amzn1.campaign.1WXZMN4KNCGJP,NEW HOT HOT Deal! Rug Launch Sale -YL-MFY,PureCozy,2026-08-25,2026-11-04,10.00%,5000.0,5000.0,33,800,false
"[B0GKGGXKR1, B0GKGR7YPD, B0GKGM362Y, B0GKGHQJ1M, B0GKGHVBRN, B0GKGN7DD1, B0GKGKRTJH, B0GKGN1DWR, B0GKGB8JMH, B0GKGPZGD4, B0GKGVWCW4, B0GKGVVQKW, B0GKGMZ6QC]",amzn1.campaign.1QKPG3E5NUDXK,WV-010-009-创作者影响计划-0822-    11.70%,MolyPark,2026-08-29,2026-11-14,12.80%,5000.0,5000.0,61,800,false
"[B0GHQCSN3W, B0GKFWT7MJ, B0GKDQGJ47]",amzn1.campaign.2LN9WJ62NBPRO,JetKVM IP KVM controls Any PC--anywhere!,YOTABOX,2026-08-25,2027-08-25,10.00%,5000.0,5000.0,29,800,false
"[B0FRG5KMYY, B0FRGK7NSX, B0FR4Z7BF7, B0FR4YYL9K, B0FRG1M6DN, B0FR55899M, B0FRG1MMJZ, B0FQP28CQN, B0FQP1B15Y, B0FR4X9GYB, B0FRGFQ3WJ, B0FQP2B583, B0FR4VKW15, B0FQNXNQDY]",amzn1.campaign.1UOK2SDP8S5AQ,W--106 107 113 114-弹力背带裤-10%-0822,ACTIFORTERRAS,2026-09-13,2027-02-05,10.00%,5000.0,5000.0,65,800,false
[B0H7G57NMV],amzn1.campaign.1UL64HDTSEF77,US-WCZ-47,Tekuzlo,2026-08-25,2027-08-25,10.00%,5000.0,5000.0,36,800,false
"[B0GQS3N6FG, B0GQS2GRTS, B0GQS5FS87, B0GQSJYD6L, B0GQRSTN49]",amzn1.campaign.1KPD91QAWZXJE,红色破洞牛仔裤+8.11,Arkordi,2026-08-25,2027-01-14,14.00%,5000.0,5000.0,65,800,false
"[B0GKGGXKR1, B0GKGR7YPD, B0GKGM362Y, B0GKGHQJ1M, B0GKGHVBRN, B0GKGN7DD1, B0GKGKRTJH, B0GKGN1DWR, B0GKGB8JMH, B0GKGPZGD4, B0GKGVWCW4, B0GKGVVQKW, B0GKGMZ6QC]",amzn1.campaign.ZLXSAONRIPVH,WV-010-009-创作者影响计划-0822--    14.68%,MolyPark,2026-08-29,2026-11-20,14.75%,5000.0,5000.0,64,800,false
"[B0FRG5KMYY, B0FRGK7NSX, B0FR4Z7BF7, B0FR4YYL9K, B0FRG1M6DN, B0FR55899M, B0FRG1MMJZ, B0FQP28CQN, B0FQP1B15Y, B0FR4X9GYB, B0FRGFQ3WJ, B0FQP2B583, B0FR4VKW15, B0FQNXNQDY]",amzn1.campaign.AQ90SSEZA9CY,W--106 107 113 114-弹力背带裤-10%-0822,ACTIFORTERRAS,2026-10-12,2027-02-05,12.00%,5000.0,5000.0,50,800,false
[B0H7G54DFY],amzn1.campaign.19UF1S1IFBGLB,US-WCZ-48,Tekuzlo,2026-08-25,2027-08-25,10.00%,5000.0,5000.0,36,800,false
"[B0FRG5KMYY, B0FRGK7NSX, B0FR4Z7BF7, B0FR4YYL9K, B0FRG1M6DN, B0FR55899M, B0FRG1MMJZ, B0FQP28CQN, B0FQP1B15Y, B0FR4X9GYB, B0FRGFQ3WJ, B0FQP2B583, B0FR4VKW15, B0FQNXNQDY]",amzn1.campaign.3H6HTIN8IB28Z,W--106 107 113 114-弹力背带裤-10%-0822,ACTIFORTERRAS,2026-09-12,2027-02-05,10.00%,5000.0,5000.0,69,800,false
"[B0FRG5KMYY, B0FRGK7NSX, B0FR4Z7BF7, B0FR4YYL9K, B0FRG1M6DN, B0FR55899M, B0FRG1MMJZ, B0FQP28CQN, B0FQP1B15Y, B0FR4X9GYB, B0FRGFQ3WJ, B0FQP2B583, B0FR4VKW15, B0FQNXNQDY]",amzn1.campaign.F6GMYIWJK263,W--106 107 113 114-弹力背带裤-10%-0822,ACTIFORTERRAS,2026-09-11,2027-02-05,10.00%,5000.0,5000.0,69,800,false
"[B0GQS3N6FG, B0GQS2GRTS, B0GQS5FS87, B0GQSJYD6L, B0GQRSTN49]",amzn1.campaign.5J11EAS9U45Q,红色破洞牛仔裤+8.11,Arkordi,2026-08-25,2027-01-13,14.00%,5000.0,5000.0,70,800,false
"[B0FRG5KMYY, B0FRGK7NSX, B0FR4Z7BF7, B0FR4YYL9K, B0FRG1M6DN, B0FR55899M, B0FRG1MMJZ, B0FQP28CQN, B0FQP1B15Y, B0FR4X9GYB, B0FRGFQ3WJ, B0FQP2B583, B0FR4VKW15, B0FQNXNQDY]",amzn1.campaign.221UU4GQQ0T3H,W--106 107 113 114-弹力背带裤-10%-0822,ACTIFORTERRAS,2026-09-10,2027-02-05,10.00%,5000.0,5000.0,65,800,false
"[B0G3QH7QCV, B0G3QC7R2J, B0H76487ZQ, B0C84ZN5NG, B0G3QPL9CC, B0D8L5V1WN]",amzn1.campaign.UTFQL4RXBDD0,Commission10%+ Chicken feeder ports/Chicken veggie treat ball,GSHWXD,2026-08-25,2027-02-01,10.00%,10000.0,9909.98,17,800,false
"[B0GKGGXKR1, B0GKGR7YPD, B0GKGM362Y, B0GKGHQJ1M, B0GKGHVBRN, B0GKGN7DD1, B0GKGKRTJH, B0GKGN1DWR, B0GKGB8JMH, B0GKGPZGD4, B0GKGVWCW4, B0GKGVVQKW, B0GKGMZ6QC]",amzn1.campaign.35EXR7RN3YP2T,WV-010-009-创作者影响计划-0822-    11.70%,MolyPark,2026-08-26,2026-11-14,12.79%,5000.0,5000.0,63,800,false
[B0H7HNB348],amzn1.campaign.PARMFJ0F2MC6,US-WCZ-49,Tekuzlo,2026-08-25,2027-08-25,10.00%,5000.0,5000.0,36,800,false
"[B0GQS3N6FG, B0GQS2GRTS, B0GQS5FS87, B0GQSJYD6L, B0GQRSTN49]",amzn1.campaign.2AAQ0UH3MTHBY,红色破洞牛仔裤+8.11,Arkordi,2026-08-25,2027-01-12,14.00%,5000.0,5000.0,66,800,false
"[B0GQS3N6FG, B0GQS2GRTS, B0GQS5FS87, B0GQSJYD6L, B0GQRSTN49]",amzn1.campaign.2U0DK0LYWNLHE,红色破洞牛仔裤+8.11,Arkordi,2026-08-25,2027-01-11,14.00%,5000.0,5000.0,68,800,false
"[B0GQS3N6FG, B0GQS2GRTS, B0GQS5FS87, B0GQSJYD6L, B0GQRSTN49]",amzn1.campaign.11PBBNNYFBMYF,红色破洞牛仔裤+8.11,Arkordi,2026-08-25,2027-01-10,14.00%,5000.0,5000.0,63,800,false
"[B0GKGGXKR1, B0GKGR7YPD, B0GKGM362Y, B0GKGHQJ1M, B0GKGHVBRN, B0GKGN7DD1, B0GKGKRTJH, B0GKGN1DWR, B0GKGB8JMH, B0GKGPZGD4, B0GKGVWCW4, B0GKGVVQKW, B0GKGMZ6QC]",amzn1.campaign.3V6CGI0LZ2BQS,WV-010-009-创作者影响计划-0822--    14.68%,MolyPark,2026-08-28,2026-11-20,14.74%,5000.0,5000.0,64,800,false
"[B0GQS3N6FG, B0GQS2GRTS, B0GQS5FS87, B0GQSJYD6L, B0GQRSTN49]",amzn1.campaign.D1VEQ6T75GQL,红色破洞牛仔裤+8.11,Arkordi,2026-08-25,2027-01-09,14.00%,5000.0,5000.0,71,800,false
"[B0FRG5KMYY, B0FRGK7NSX, B0FR4Z7BF7, B0FR4YYL9K, B0FRG1M6DN, B0FR55899M, B0FRG1MMJZ, B0FQP28CQN, B0FQP1B15Y, B0FR4X9GYB, B0FRGFQ3WJ, B0FQP2B583, B0FR4VKW15, B0FQNXNQDY]",amzn1.campaign.1PVVYUUG242PT,W--106 107 113 114-弹力背带裤-10%-0822,ACTIFORTERRAS,2026-09-09,2027-02-05,10.00%,5000.0,5000.0,63,800,false
[B0H7MQYVMM],amzn1.campaign.2TIXHEF0KPWAL,TAB003-8月22日,NOVSHOTT,2026-08-25,2027-08-24,10.00%,10000.0,10000.0,28,800,false
"[B0FRG5KMYY, B0FRGK7NSX, B0FR4Z7BF7, B0FR4YYL9K, B0FRG1M6DN, B0FR55899M, B0FRG1MMJZ, B0FQP28CQN, B0FQP1B15Y, B0FR4X9GYB, B0FRGFQ3WJ, B0FQP2B583, B0FR4VKW15, B0FQNXNQDY]",amzn1.campaign.2ZRC0S7FHWDHB,W--106 107 113 114-弹力背带裤-10%-0822,ACTIFORTERRAS,2026-09-07,2027-02-05,10.00%,5000.0,5000.0,66,800,false
"[B0GQS3N6FG, B0GQS2GRTS, B0GQS5FS87, B0GQSJYD6L, B0GQRSTN49]",amzn1.campaign.10DJ1YU3GJ9T2,红色破洞牛仔裤+8.11,Arkordi,2026-08-25,2027-01-08,14.00%,5000.0,5000.0,63,800,false
"[B0FRG5KMYY, B0FRGK7NSX, B0FR4Z7BF7, B0FR4YYL9K, B0FRG1M6DN, B0FR55899M, B0FRG1MMJZ, B0FQP28CQN, B0FQP1B15Y, B0FR4X9GYB, B0FRGFQ3WJ, B0FQP2B583, B0FR4VKW15, B0FQNXNQDY]",amzn1.campaign.3A4CZJOCPICV8,W--106 107 113 114-弹力背带裤-10%-0822,ACTIFORTERRAS,2026-09-08,2027-02-05,10.00%,5000.0,5000.0,67,800,false
[B0H6HHWQN7],amzn1.campaign.3PS6PZCXFSDNN,US-WCZ-19,Tekuzlo,2026-08-25,2027-08-25,10.00%,5000.0,4997.6,41,800,false
[B0H24GRWHB],amzn1.campaign.2T2BK8QJOBV12,FIXEL Camera Kite Launch - 20% Commission,Fixel,2026-08-25,2026-11-30,16.00%,5000.0,5000.0,28,800,false
"[B0GKGGXKR1, B0GKGR7YPD, B0GKGM362Y, B0GKGHQJ1M, B0GKGHVBRN, B0GKGN7DD1, B0GKGKRTJH, B0GKGN1DWR, B0GKGB8JMH, B0GKGPZGD4, B0GKGVWCW4, B0GKGVVQKW, B0GKGMZ6QC]",amzn1.campaign.38AA089C6UKAK,WV-010-009-创作者影响计划-0822--    14.68%,MolyPark,2026-08-31,2026-11-20,14.73%,5000.0,5000.0,63,800,false
"[B0H74T4KVD, B0H71DNGDD, B0H7572K53, B0H716T9DP]",amzn1.campaign.TYN8FS15M5E9,GF4108 丰田塔库玛手机支架,Guyefofo,2026-08-25,2027-08-25,10.00%,10000.0,9990.6,30,800,false
"[B0GQS3N6FG, B0GQS2GRTS, B0GQS5FS87, B0GQSJYD6L, B0GQRSTN49]",amzn1.campaign.6L1ZOUKV1BVY,红色破洞牛仔裤+8.11,Arkordi,2026-08-25,2027-01-07,14.00%,5000.0,5000.0,70,800,false
"[B0GKGGXKR1, B0GKGR7YPD, B0GKGM362Y, B0GKGHQJ1M, B0GKGHVBRN, B0GKGN7DD1, B0GKGKRTJH, B0GKGN1DWR, B0GKGB8JMH, B0GKGPZGD4, B0GKGVWCW4, B0GKGVVQKW, B0GKGMZ6QC]",amzn1.campaign.13C70PIIK0TR8,WV-010-009-创作者影响计划-0822--    14.68%,MolyPark,2026-08-29,2026-11-20,14.72%,5000.0,5000.0,60,800,false
[B0H2VLMGCX],amzn1.campaign.2LLM9SVK7SBD6,B-4-One Diamond Bracelets-Commission 10% Included,VISDIV,2026-08-25,2026-10-01,10.00%,5000.0,5000.0,27,800,false
[B0H6HSB614],amzn1.campaign.3O2MFNX3QS6C,US-WCZ-20,Tekuzlo,2026-08-25,2027-08-25,10.00%,5000.0,4999.2,40,800,false
"[B0H71L2L1B, B0H71KQQQS]",amzn1.campaign.1H6U0D9EHFTOC,GF4107 JEEP牧马人手机支架,Guyefofo,2026-08-25,2027-08-25,10.00%,10000.0,9996.3,28,800,false
"[B0GKGGXKR1, B0GKGR7YPD, B0GKGM362Y, B0GKGHQJ1M, B0GKGHVBRN, B0GKGN7DD1, B0GKGKRTJH, B0GKGN1DWR, B0GKGB8JMH, B0GKGPZGD4, B0GKGVWCW4, B0GKGVVQKW, B0GKGMZ6QC]",amzn1.campaign.1GXBKR2G7QX5A,WV-010-009-创作者影响计划-0822--    11.64%,MolyPark,2026-08-28,2026-11-16,11.70%,5000.0,5000.0,57,800,false
[B0H6CXHVSL],amzn1.campaign.28DQPTVNNJ2PX,"Monthly sales of 5000+, Commission 10%, KF Golf Rangefinder with Slope",iMeter,2026-08-25,2026-12-31,10.00%,5000.0,5000.0,33,800,false
[B0H6J72JTV],amzn1.campaign.9MQUXUPCK4YA,US-WCZ-21,Tekuzlo,2026-08-25,2027-08-25,10.00%,5000.0,4999.0,40,800,false
"[B0GQS3N6FG, B0GQS2GRTS, B0GQS5FS87, B0GQSJYD6L, B0GQRSTN49]",amzn1.campaign.254DTWRE1G4J6,红色破洞牛仔裤+8.11,Arkordi,2026-08-25,2027-01-06,14.00%,5000.0,5000.0,67,800,false
"[B0GK22GGFC, B0GK26K8NS, B0FYQLXZCH, B0GK2553FV, B0F792L72P, B0FYQJZB8V, B0F78DQ94J, B0GK2BDP8P, B0FYQLJCKH, B0FYQKXY5B, B0F78XVW4K, B0F791NV7M]",amzn1.campaign.3DHK2SUNFF6K0,JN25058 26.Aug.31 to 26.Oct.31,Jyutia,2026-08-31,2026-10-31,10.00%,10000.0,10000.0,22,800,false
"[B0GHN2ZWHW, B0GHMRC51N, B0GY4PPWDP, B0H4LLXLC6, B0H4LPB9DJ, B0GHMS335N, B0GHN34FD4, B0GXJDGCQL, B0H4LF94QX, B0GHN2C4P1, B0GY4LCXXF, B0GHMRLS6X, B0H36LS8VN, B0GHMR45B1, B0GHMQ1Q9Z, B0H36R7GLM, B0GXJNJT57, B0GXJY2TXH, B0H4L8SS42, B0GHMNLNGV, B0GY4YDRBY, B0GHMV7PKV, B0GHMQG425, B0GHMQG424, B0GXJNF1F4, B0GHMVSBQ5, B0GXHYXDR5, B0GHNHTHQK, B0GY4MRKN4, B0H4LB4KYL, B0H4L8NWPH, B0GXJJC6T9, B0GHMNDDMJ, B0GHMNKL7T, B0H4LPTHK6, B0GHN4D6T3, B0GHMXSQ64, B0GHMTM6J5, B0GXJTTCJW, B0H4L3DRJ1, B0H4L5B975, B0GHMZ8VDM, B0GHMVGJBV, B0GHMTG6NR, B0GHMYF9BG, B0GHN45LCJ, B0GHN2K8N6, B0H4L7DRNP, B0GHMZ7JSN, B0GHMVRK2Z, B0GHN3RV9P, B0GHN2T1HH, B0GHMSDXWS, B0H36T15KL, B0GXJT3BT1, B0GXJGBGJC, B0H4LF6KFP, B0GHMR3CN4, B0GHMYQW83, B0GHMVPT6C, B0GXJL5JXR, B0GHN7WJ9K]",amzn1.campaign.EY3H35Y8V2WI,NEW Great Deal Floral Home Upgrade -YL-MFY,PureCozy,2026-08-25,2026-11-03,10.00%,5000.0,5000.0,51,800,false
"[B0GWLP1XWR, B0GWLFCPBJ, B0GWLBGXHN, B0H14BGFCY, B0H1482HMF, B0GWLBK14Z, B0GWLJS9MM]",amzn1.campaign.FRQGITSQ1MNH,FS-T06-Ceiling Curtain Track,TRAROD,2026-08-25,2027-08-25,10.00%,5000.0,4906.1,36,800,false
"[B0GKGGXKR1, B0GKGR7YPD, B0GKGM362Y, B0GKGHQJ1M, B0GKGHVBRN, B0GKGN7DD1, B0GKGKRTJH, B0GKGN1DWR, B0GKGB8JMH, B0GKGPZGD4, B0GKGVWCW4, B0GKGVVQKW, B0GKGMZ6QC]",amzn1.campaign.11F61RNA26P8D,WV-010-009-创作者影响计划-0822--    11.64%,MolyPark,2026-08-29,2026-11-16,11.69%,5000.0,5000.0,59,800,false
[B0H7BRBXPX],amzn1.campaign.1B4BHW627AJQA,Guermok GM-73F 4K144 HDMI 2.1 Capture Card for Gaming & Streaming,Guermok,2026-08-25,2026-11-30,10.00%,800000.0,800000.0,24,800,false
"[B0FRG5KMYY, B0FRGK7NSX, B0FR4Z7BF7, B0FR4YYL9K, B0FRG1M6DN, B0FR55899M, B0FRG1MMJZ, B0FQP28CQN, B0FQP1B15Y, B0FR4X9GYB, B0FRGFQ3WJ, B0FQP2B583, B0FR4VKW15, B0FQNXNQDY]",amzn1.campaign.2X39RVXVBDQ82,W--106 107 113 114-弹力背带裤-10%-0822,ACTIFORTERRAS,2026-09-06,2027-02-05,10.00%,5000.0,5000.0,66,800,false
"[B0GQS3N6FG, B0GQS2GRTS, B0GQS5FS87, B0GQSJYD6L, B0GQRSTN49]",amzn1.campaign.2AT1OU1DLJ2KU,红色破洞牛仔裤+8.11,Arkordi,2026-08-25,2027-01-05,14.00%,5000.0,5000.0,66,800,false
[B0H7WS68Q2],amzn1.campaign.2SV2JG5DEN373,特斯拉粘性屏幕支架-AW506,ANKEWAY,2026-08-25,2027-08-25,10.00%,10000.0,9993.1,32,800,false
"[B0FRG5KMYY, B0FRGK7NSX, B0FR4Z7BF7, B0FR4YYL9K, B0FRG1M6DN, B0FR55899M, B0FRG1MMJZ, B0FQP28CQN, B0FQP1B15Y, B0FR4X9GYB, B0FRGFQ3WJ, B0FQP2B583, B0FR4VKW15, B0FQNXNQDY]",amzn1.campaign.34KTHA6M2LXYC,W--106 107 113 114-弹力背带裤-10%-0822,ACTIFORTERRAS,2026-09-05,2027-02-05,10.00%,5000.0,5000.0,66,800,false
"[B0H6S9QC22, B0GWFDS9ZW, B0GWFFZTWH, B0GWFMNK62, B0GWFB48M4, B0GWFF4D2Q, B0GWFCKV4Y, B0H6SDKMQW, B0GWFF14MP]",amzn1.campaign.24TKGPP95Q4JC,butterfly greeting cards only $5.99,SEVENROM,2026-08-25,2026-09-24,10.00%,5000.0,5000.0,37,800,false
"[B0GKGGXKR1, B0GKGR7YPD, B0GKGM362Y, B0GKGHQJ1M, B0GKGHVBRN, B0GKGN7DD1, B0GKGKRTJH, B0GKGN1DWR, B0GKGB8JMH, B0GKGPZGD4, B0GKGVWCW4, B0GKGVVQKW, B0GKGMZ6QC]",amzn1.campaign.1HX5CMV65GK21,WV-010-009-创作者影响计划-0822--    14.68%,MolyPark,2026-08-26,2026-11-20,14.71%,5000.0,5000.0,61,800,false
[B0GVJJ15GQ],amzn1.campaign.11E1MVG4BGYH0,Earn 15% Commission | Cute Walking Cat Toy Your Audience Will Love,Clap&Leap,2026-08-25,2026-09-30,15.00%,5000.0,5000.0,24,800,false
"[B0FRG5KMYY, B0FRGK7NSX, B0FR4Z7BF7, B0FR4YYL9K, B0FRG1M6DN, B0FR55899M, B0FRG1MMJZ, B0FQP28CQN, B0FQP1B15Y, B0FR4X9GYB, B0FRGFQ3WJ, B0FQP2B583, B0FR4VKW15, B0FQNXNQDY]",amzn1.campaign.3I591HAME4G2,W--106 107 113 114-弹力背带裤-10%-0822,ACTIFORTERRAS,2026-09-04,2027-02-05,10.00%,5000.0,5000.0,68,800,false
"[B0GQS3N6FG, B0GQS2GRTS, B0GQS5FS87, B0GQSJYD6L, B0GQRSTN49]",amzn1.campaign.1IOASGJ9C1KFN,红色破洞牛仔裤+8.11,Arkordi,2026-08-25,2027-01-04,14.00%,5000.0,5000.0,65,800,false
"[B0FRG5KMYY, B0FRGK7NSX, B0FR4Z7BF7, B0FR4YYL9K, B0FRG1M6DN, B0FR55899M, B0FRG1MMJZ, B0FQP28CQN, B0FQP1B15Y, B0FR4X9GYB, B0FRGFQ3WJ, B0FQP2B583, B0FR4VKW15, B0FQNXNQDY]",amzn1.campaign.3BR4T7J4XWR3L,W--106 107 113 114-弹力背带裤-10%-0822,ACTIFORTERRAS,2026-09-03,2027-02-05,10.00%,5000.0,5000.0,67,800,false
"[B0GKGGXKR1, B0GKGR7YPD, B0GKGM362Y, B0GKGHQJ1M, B0GKGHVBRN, B0GKGN7DD1, B0GKGKRTJH, B0GKGN1DWR, B0GKGB8JMH, B0GKGPZGD4, B0GKGVWCW4, B0GKGVVQKW, B0GKGMZ6QC]",amzn1.campaign.15GQVSQCJPH9M,WV-010-009-创作者影响计划-0822--    11.64%,MolyPark,2026-08-28,2026-11-16,11.68%,5000.0,5000.0,60,800,false
"[B0FRG5KMYY, B0FRGK7NSX, B0FR4Z7BF7, B0FR4YYL9K, B0FRG1M6DN, B0FR55899M, B0FRG1MMJZ, B0FQP28CQN, B0FQP1B15Y, B0FR4X9GYB, B0FRGFQ3WJ, B0FQP2B583, B0FR4VKW15, B0FQNXNQDY]",amzn1.campaign.2TLN0GGO058PY,W--106 107 113 114-弹力背带裤-10%-0822,ACTIFORTERRAS,2026-09-02,2027-02-05,10.00%,5000.0,5000.0,66,800,false
"[B0FRG5KMYY, B0FRGK7NSX, B0FR4Z7BF7, B0FR4YYL9K, B0FRG1M6DN, B0FR55899M, B0FRG1MMJZ, B0FQP28CQN, B0FQP1B15Y, B0FR4X9GYB, B0FRGFQ3WJ, B0FQP2B583, B0FR4VKW15, B0FQNXNQDY]",amzn1.campaign.393J7XCP5MIX2,W--106 107 113 114-弹力背带裤-10%-0822,ACTIFORTERRAS,2026-09-01,2027-02-05,10.00%,5000.0,5000.0,66,800,false
"[B0GQS3N6FG, B0GQS2GRTS, B0GQS5FS87, B0GQSJYD6L, B0GQRSTN49]",amzn1.campaign.5TW630K0FC1U,红色破洞牛仔裤+8.11,Arkordi,2026-08-25,2027-01-03,14.00%,5000.0,5000.0,70,800,false
"[B0H5Q921L9, B0H5Q8XSY1]",amzn1.campaign.9BLKZ8A9GEUT,The 1-Hour Bolt-On Trailer Upgrade,OTRUZPV,2026-08-25,2026-10-27,15.00%,5000.0,5000.0,40,800,false
"[B0GKGGXKR1, B0GKGR7YPD, B0GKGM362Y, B0GKGHQJ1M, B0GKGHVBRN, B0GKGN7DD1, B0GKGKRTJH, B0GKGN1DWR, B0GKGB8JMH, B0GKGPZGD4, B0GKGVWCW4, B0GKGVVQKW, B0GKGMZ6QC]",amzn1.campaign.2OC59LV00124S,WV-010-009-创作者影响计划-0822--    11.64%,MolyPark,2026-08-26,2026-11-16,11.67%,5000.0,5000.0,63,800,false
"[B0GKGGXKR1, B0GKGR7YPD, B0GKGM362Y, B0GKGHQJ1M, B0GKGHVBRN, B0GKGN7DD1, B0GKGKRTJH, B0GKGN1DWR, B0GKGB8JMH, B0GKGPZGD4, B0GKGVWCW4, B0GKGVVQKW, B0GKGMZ6QC]",amzn1.campaign.C06N2LB7MQ8D,WV-010-009-创作者影响计划-0822-      12.71%,MolyPark,2026-08-31,2026-11-15,12.78%,5000.0,5000.0,62,800,false
"[B0H2WH1HST, B0H2WFRLT7, B0H2WH866T, B0H2WCV53T, B0H2W7GNTL, B0H2WK8YGD, B0H2W81P5J, B0H2W9TDN3]",amzn1.campaign.1VAHXSZPFG37T,JN26010 26.Aug.31 to 26.Oct.31,Jyutia,2026-08-31,2026-10-31,10.00%,10000.0,10000.0,25,800,false
[B0CND8K4Q7],amzn1.campaign.M1S18ZI25MYC,Clipboard,Yuetshuni,2026-08-25,2027-08-24,10.00%,5000.0,4958.03,22,800,false
"[B0GQS3N6FG, B0GQS2GRTS, B0GQS5FS87, B0GQSJYD6L, B0GQRSTN49]",amzn1.campaign.1UXAH3IG7UDFN,红色破洞牛仔裤+8.11,Arkordi,2026-08-25,2027-01-02,14.00%,5000.0,5000.0,66,800,false
"[B0H5Q921L9, B0H5Q8XSY1]",amzn1.campaign.2XEC2IA0EJMRM,Protect Your Boat: The Fold-Away Solution,OTRUZPV,2026-08-25,2026-10-26,15.00%,5000.0,5000.0,45,800,false
"[B0GQS3N6FG, B0GQS2GRTS, B0GQS5FS87, B0GQSJYD6L, B0GQRSTN49]",amzn1.campaign.21YZK77JFZSNQ,红色破洞牛仔裤+8.11,Arkordi,2026-08-25,2027-01-01,14.00%,5000.0,5000.0,66,800,false
"[B0GKGGXKR1, B0GKGR7YPD, B0GKGM362Y, B0GKGHQJ1M, B0GKGHVBRN, B0GKGN7DD1, B0GKGKRTJH, B0GKGN1DWR, B0GKGB8JMH, B0GKGPZGD4, B0GKGVWCW4, B0GKGVVQKW, B0GKGMZ6QC]",amzn1.campaign.3UYQS9DHFHOBC,WV-010-009-创作者影响计划-0822--    14.68%,MolyPark,2026-08-31,2026-11-20,14.70%,5000.0,5000.0,67,800,false
"[B0GKGGXKR1, B0GKGR7YPD, B0GKGM362Y, B0GKGHQJ1M, B0GKGHVBRN, B0GKGN7DD1, B0GKGKRTJH, B0GKGN1DWR, B0GKGB8JMH, B0GKGPZGD4, B0GKGVWCW4, B0GKGVVQKW, B0GKGMZ6QC]",amzn1.campaign.5VHD205K3W8E,WV-010-009-创作者影响计划-0822-      12.71%,MolyPark,2026-08-31,2026-11-15,12.77%,5000.0,5000.0,65,800,false
"[B0FQV35Y9V, B0FQV9LH32, B0FQVBV5CY, B0FQV726J5, B0FQV7BL9Q, B0FQV8M9Z5, B0FQV6TNN7, B0FQV93NWG, B0FQV8V1LV, B0FQV4M43R, B0FQV6KGB1, B0FQV9B3H9, B0FQV6H631, B0FQV6QG6H, B0FQV6RH9H, B0FQV8J5HW, B0FQV4MTQ5]",amzn1.campaign.B3LVGPXE2ADV,W--108 109-破洞喇叭牛仔裤-10%-0822,ACTIFORTERRAS,2026-10-31,2027-02-04,10.00%,5000.0,5000.0,44,800,false
"[B0H8D9Q6JG, B0H8D76QWS]",amzn1.campaign.38M0HB9TGJG1Z,Dog Ear Muffs Noise Protection with 2CM Thick Sound-Absorbing Padding,JNTGVINE,2026-08-25,2027-02-01,20.00%,5000.0,4990.28,21,800,false
"[B0GQS3N6FG, B0GQS2GRTS, B0GQS5FS87, B0GQSJYD6L, B0GQRSTN49]",amzn1.campaign.22X59LCNN2VPU,红色破洞牛仔裤+8.11,Arkordi,2026-08-25,2027-02-10,15.00%,5000.0,5000.0,52,800,false
"[B0H3ZY4GFW, B0H3ZZG9K3, B0H3ZPWWP5]",amzn1.campaign.S690YU130YX5,B-6-Pear CZ Cord Bracelet-Commission 10% Included,VISDIV,2026-08-25,2026-10-01,10.00%,5000.0,4996.0,34,800,false
[B0FKMDP9HV],amzn1.campaign.KNR80N01GJEJ,"2 Pack Hat Boxes, Monthly Sales 3000+ 4.8 Stars, Commission 10%",Cigorea,2026-08-25,2026-09-30,10.00%,5000.0,5000.0,40,800,false
[B0H6NGTJ35],amzn1.campaign.WZI6QGXZEQWB,Tyalfrich Halloween Temporary Tattoos + 10% Commission,Tyalfrich,2026-08-25,2026-09-24,10.00%,5000.0,4994.6,33,800,false
"[B0GQS3N6FG, B0GQS2GRTS, B0GQS5FS87, B0GQSJYD6L, B0GQRSTN49]",amzn1.campaign.3HO3VYS2ZH29O,红色破洞牛仔裤+8.11,Arkordi,2026-08-25,2027-02-09,15.00%,5000.0,5000.0,63,800,false
[B0GYYVM1CL],amzn1.campaign.702OMEZ2J9XK,Oddly Satisfying: The Ultimate Yard Sweep,OTRUZPV,2026-08-25,2026-10-27,15.00%,5000.0,5000.0,35,800,false
[B0FZPFHG5S],amzn1.campaign.VDV8VSRJICC4,Adjustable Work Platform,JINANJINGYA,2026-08-25,2027-01-01,10.00%,5000.0,5000.0,32,800,false
"[B0GS8M339K, B0GS8GGQKM, B0FDFV9B4P, B0GY8QPLB2, B0GS8D1B1H, B09SZ5S5T8, B0F1YBQHYV, B0D5MFZF8Q, B0F9FDZH79, B0GVJL65P4, B0F9FFYJ7W, B0GY8SFP8Z, B09SZ6BH2D, B0GVJG97JQ, B0GY8VRH18, B0GY8NYBH7, B0GS879C6W, B0GY8TQWX2, B0GY8R3TNV, B0F1Y9HGKL, B0GS8QQMGM, B0GVM726HH, B09SZ43DXT, B0GS8562LC, B0GY8NBP47, B0GS91SWF7, B0FDFVBVCF, B0GY8T2DZV, B0GS88SH9M, B0D5MH6X93, B0FDFR9G35, B0GVMKWFGQ, B0FDFRTW2C, B0D5MG9WFD, B09SZ6NN16, B0GVM5JMGV, B0F9FFPJY8, B0GS91MBQK, B0GY8M7G71, B0GS8HLZ59, B0FDFR5V8T, B0GS8KSJ15, B0F9FGNJQX, B0GY8ZJ696, B0F9FHMRY4, B0GS92MMHV, B0GS81Z9RN, B0GS87QXGR, B0GS8V74T4, B0D5MGMVSZ]",amzn1.campaign.6IUG8WS7TAC8,☀️ Aelfric Eden Oversized Tees for Easy Summer Streetwear. GSX 26082202,Aelfric Eden,2026-08-25,2026-10-30,12.00%,5000.0,5000.0,0,800,false
"[B0GQS3N6FG, B0GQS2GRTS, B0GQS5FS87, B0GQSJYD6L, B0GQRSTN49]",amzn1.campaign.3ESCWDZJN886J,红色破洞牛仔裤+8.11,Arkordi,2026-08-25,2027-02-08,15.00%,5000.0,5000.0,64,800,false
"[B0GQS3N6FG, B0GQS2GRTS, B0GQS5FS87, B0GQSJYD6L, B0GQRSTN49]",amzn1.campaign.3SV4S33LOV633,红色破洞牛仔裤+8.11,Arkordi,2026-08-25,2027-02-07,15.00%,5000.0,5000.0,65,800,false
"[B0FQV35Y9V, B0FQV9LH32, B0FQVBV5CY, B0FQV726J5, B0FQV7BL9Q, B0FQV8M9Z5, B0FQV6TNN7, B0FQV93NWG, B0FQV8V1LV, B0FQV4M43R, B0FQV6KGB1, B0FQV9B3H9, B0FQV6H631, B0FQV6QG6H, B0FQV6RH9H, B0FQV8J5HW, B0FQV4MTQ5]",amzn1.campaign.2KI3EJYDUX7HM,W--108 109-破洞喇叭牛仔裤-10%-0822,ACTIFORTERRAS,2026-10-30,2027-02-04,10.00%,5000.0,5000.0,49,800,false
[B0GVNWWTZS],amzn1.campaign.14XT4FNS8UJ9H,Rough Enough  RFID Blocking Boys Wallet– Outdoor & Travel (SKU: RE8723-camo),RE ROUGH ENOUGH,2026-08-25,2026-12-31,15.00%,5000.0,5000.0,23,800,false
"[B0GQS3N6FG, B0GQS2GRTS, B0GQS5FS87, B0GQSJYD6L, B0GQRSTN49]",amzn1.campaign.2GL9OBSH7HLMN,红色破洞牛仔裤+8.11,Arkordi,2026-08-25,2027-02-06,15.00%,5000.0,5000.0,61,800,false
[B0GYYVM1CL],amzn1.campaign.1HKNS0LQSOG9U,Oddly Satisfying: The Ultimate Yard Sweep,OTRUZPV,2026-08-25,2026-10-26,15.00%,5000.0,5000.0,44,800,false
"[B0HDYPZ2XV, B0HDYTSQ61]",amzn1.campaign.2POU5WLQ6NUUM,🔥 High‑Pay Collaboration – 10% Commission (No Free Samples) – Dog Treadmill,Hsaupi,2026-08-25,2026-11-19,10.00%,99991.0,99761.0,16,800,false
"[B0GQS3N6FG, B0GQS2GRTS, B0GQS5FS87, B0GQSJYD6L, B0GQRSTN49]",amzn1.campaign.3RSXDX0O7IJJ5,红色破洞牛仔裤+8.11,Arkordi,2026-08-25,2027-02-05,15.00%,5000.0,5000.0,64,800,false
"[B0FQV35Y9V, B0FQV9LH32, B0FQVBV5CY, B0FQV726J5, B0FQV7BL9Q, B0FQV8M9Z5, B0FQV6TNN7, B0FQV93NWG, B0FQV8V1LV, B0FQV4M43R, B0FQV6KGB1, B0FQV9B3H9, B0FQV6H631, B0FQV6QG6H, B0FQV6RH9H, B0FQV8J5HW, B0FQV4MTQ5]",amzn1.campaign.294YSZIQHIGBJ,W--108 109-破洞喇叭牛仔裤-10%-0822,ACTIFORTERRAS,2026-10-28,2027-02-04,10.00%,5000.0,5000.0,49,800,false
[B0H5HVBGCX],amzn1.campaign.3BJ38IDXOJPWY,New Adjustable Work Platform,JINANJINGYA,2026-08-25,2027-02-01,10.00%,5000.0,5000.0,30,800,false
"[B0GHN2ZWHW, B0GHMRC51N, B0GY4PPWDP, B0H4LLXLC6, B0H4LPB9DJ, B0GHMS335N, B0GHN34FD4, B0GXJDGCQL, B0H4LF94QX, B0GHN2C4P1, B0GY4LCXXF, B0GHMRLS6X, B0H36LS8VN, B0GHMR45B1, B0GHMQ1Q9Z, B0H36R7GLM, B0GXJNJT57, B0GXJY2TXH, B0H4L8SS42, B0GHMNLNGV, B0GY4YDRBY, B0GHMV7PKV, B0GHMQG425, B0GHMQG424, B0GXJNF1F4, B0GHMVSBQ5, B0GXHYXDR5, B0GHNHTHQK, B0GY4MRKN4, B0H4LB4KYL, B0H4L8NWPH, B0GXJJC6T9, B0GHMNDDMJ, B0GHMNKL7T, B0H4LPTHK6, B0GHN4D6T3, B0GHMXSQ64, B0GHMTM6J5, B0GXJTTCJW, B0H4L3DRJ1, B0H4L5B975, B0GHMZ8VDM, B0GHMVGJBV, B0GHMTG6NR, B0GHMYF9BG, B0GHN45LCJ, B0GHN2K8N6, B0H4L7DRNP, B0GHMZ7JSN, B0GHMVRK2Z, B0GHN3RV9P, B0GHN2T1HH, B0GHMSDXWS, B0H36T15KL, B0GXJT3BT1, B0GXJGBGJC, B0H4LF6KFP, B0GHMR3CN4, B0GHMYQW83, B0GHMVPT6C, B0GXJL5JXR, B0GHN7WJ9K]",amzn1.campaign.1IRQSY58NGM1I,Get 50% OFF Vintage Rug Deal -YL-MFY,PureCozy,2026-08-25,2026-11-02,10.00%,5000.0,5000.0,44,800,false
"[B096MZFSNY, B0C3NW6NH6, B07GNWZH3F, B08CY7CHBF, B0FNDDTDGG, B0C4JWGLVJ, B089B48DGJ, B0B5BBGTKK, B07NQQDHQR, B08CY9L222, B0C4JWPBHD, B0FNDGSSK4, B089B5M2GN, B0778KWSSD, B0D9P6NS7M, B08CY6ST37, B096N43PD1]",amzn1.campaign.3BN3AO2T6JC4V,🔥 48 Stretchy Skeletons | 30% OFF Code | Halloween Party Favors for Kids,UpBrands,2026-08-25,2027-08-22,20.00%,5000.0,5000.0,10,800,false
"[B0GQS3N6FG, B0GQS2GRTS, B0GQS5FS87, B0GQSJYD6L, B0GQRSTN49]",amzn1.campaign.2J28MKO0D3ICE,红色破洞牛仔裤+8.11,Arkordi,2026-08-25,2027-02-04,15.00%,5000.0,5000.0,64,800,false
"[B0FQV35Y9V, B0FQV9LH32, B0FQVBV5CY, B0FQV726J5, B0FQV7BL9Q, B0FQV8M9Z5, B0FQV6TNN7, B0FQV93NWG, B0FQV8V1LV, B0FQV4M43R, B0FQV6KGB1, B0FQV9B3H9, B0FQV6H631, B0FQV6QG6H, B0FQV6RH9H, B0FQV8J5HW, B0FQV4MTQ5]",amzn1.campaign.3CXQR4MHKF261,W--108 109-破洞喇叭牛仔裤-10%-0822,ACTIFORTERRAS,2026-10-29,2027-02-04,10.00%,5000.0,5000.0,53,800,false
"[B0GQS3N6FG, B0GQS2GRTS, B0GQS5FS87, B0GQSJYD6L, B0GQRSTN49]",amzn1.campaign.3Q5IUG9CNO84R,红色破洞牛仔裤+8.11,Arkordi,2026-08-25,2027-02-03,15.00%,5000.0,5000.0,67,800,false
"[B096MZFSNY, B0C3NW6NH6, B07GNWZH3F, B08CY7CHBF, B0FNDDTDGG, B0C4JWGLVJ, B089B48DGJ, B0B5BBGTKK, B07NQQDHQR, B08CY9L222, B0C4JWPBHD, B0FNDGSSK4, B089B5M2GN, B0778KWSSD, B0D9P6NS7M, B08CY6ST37, B096N43PD1]",amzn1.campaign.27ZNUUCHPT24Y,🔥 36 Stretchy Skeletons | 30% OFF Code | Ends Sept 30,UpBrands,2026-08-25,2027-08-25,20.00%,5000.0,5000.0,4,800,false
"[B0GKGGXKR1, B0GKGR7YPD, B0GKGM362Y, B0GKGHQJ1M, B0GKGHVBRN, B0GKGN7DD1, B0GKGKRTJH, B0GKGN1DWR, B0GKGB8JMH, B0GKGPZGD4, B0GKGVWCW4, B0GKGVVQKW, B0GKGMZ6QC]",amzn1.campaign.1VT9YQ67ML089,WV-010-009-创作者影响计划-0822--    11.64%,MolyPark,2026-08-28,2026-11-16,11.67%,5000.0,5000.0,62,800,false
"[B0GQS3N6FG, B0GQS2GRTS, B0GQS5FS87, B0GQSJYD6L, B0GQRSTN49]",amzn1.campaign.1P4JAI0NS44OV,红色破洞牛仔裤+8.11,Arkordi,2026-08-25,2027-02-02,15.00%,5000.0,5000.0,62,800,false
"[B096MZFSNY, B0C3NW6NH6, B07GNWZH3F, B08CY7CHBF, B0FNDDTDGG, B0C4JWGLVJ, B089B48DGJ, B0B5BBGTKK, B07NQQDHQR, B08CY9L222, B0C4JWPBHD, B0FNDGSSK4, B089B5M2GN, B0778KWSSD, B0D9P6NS7M, B08CY6ST37, B096N43PD1]",amzn1.campaign.H2ZCWGH31KHC,🔥 24 Stretchy Skeletons | 30% OFF Code | Ends Sept 30,UpBrands,2026-08-25,2027-08-24,20.00%,5000.0,5000.0,25,800,false
"[B0GQS3N6FG, B0GQS2GRTS, B0GQS5FS87, B0GQSJYD6L, B0GQRSTN49]",amzn1.campaign.1H2V90D4PU3UQ,红色破洞牛仔裤+8.11,Arkordi,2026-08-25,2027-02-01,15.00%,5000.0,5000.0,62,800,false
"[B0GKGGXKR1, B0GKGR7YPD, B0GKGM362Y, B0GKGHQJ1M, B0GKGHVBRN, B0GKGN7DD1, B0GKGKRTJH, B0GKGN1DWR, B0GKGB8JMH, B0GKGPZGD4, B0GKGVWCW4, B0GKGVVQKW, B0GKGMZ6QC]",amzn1.campaign.28QSMBRAWKKV7,WV-010-009-创作者影响计划-0822-      12.71%,MolyPark,2026-08-25,2026-11-15,12.76%,5001.0,5001.0,62,800,false
"[B0GWMKQ2YL, B0GWMRP669, B0GWMPWLXG]",amzn1.campaign.1E42MGD29LLNC,Solae Sunflower Lights outdoor,Dolunvo,2026-08-25,2027-02-28,10.00%,5000.0,5000.0,28,800,false
"[B0GKGGXKR1, B0GKGR7YPD, B0GKGM362Y, B0GKGHQJ1M, B0GKGHVBRN, B0GKGN7DD1, B0GKGKRTJH, B0GKGN1DWR, B0GKGB8JMH, B0GKGPZGD4, B0GKGVWCW4, B0GKGVVQKW, B0GKGMZ6QC]",amzn1.campaign.2NM9BCKGZQFDO,WV-010-009-创作者影响计划-0822-      12.71%,MolyPark,2026-08-29,2026-11-19,12.75%,5000.0,5000.0,61,800,false
[B0H9RKLMF1],amzn1.campaign.2LGLMZTO3OXWY,Bloat Gummies with Prebiotic Fiber,Qisrbv,2026-08-25,2026-11-30,10.00%,10000.0,9980.15,17,800,false
"[B0FQV35Y9V, B0FQV9LH32, B0FQVBV5CY, B0FQV726J5, B0FQV7BL9Q, B0FQV8M9Z5, B0FQV6TNN7, B0FQV93NWG, B0FQV8V1LV, B0FQV4M43R, B0FQV6KGB1, B0FQV9B3H9, B0FQV6H631, B0FQV6QG6H, B0FQV6RH9H, B0FQV8J5HW, B0FQV4MTQ5]",amzn1.campaign.2SQ7H4KYN406I,W--108 109-破洞喇叭牛仔裤-10%-0822,ACTIFORTERRAS,2026-10-27,2027-02-04,10.00%,5000.0,5000.0,53,800,false
"[B0FQV35Y9V, B0FQV9LH32, B0FQVBV5CY, B0FQV726J5, B0FQV7BL9Q, B0FQV8M9Z5, B0FQV6TNN7, B0FQV93NWG, B0FQV8V1LV, B0FQV4M43R, B0FQV6KGB1, B0FQV9B3H9, B0FQV6H631, B0FQV6QG6H, B0FQV6RH9H, B0FQV8J5HW, B0FQV4MTQ5]",amzn1.campaign.4ENJPNOKKMTU,W--108 109-破洞喇叭牛仔裤-10%-0822,ACTIFORTERRAS,2026-10-26,2027-02-04,10.00%,5000.0,5000.0,58,800,false
"[B0GKGGXKR1, B0GKGR7YPD, B0GKGM362Y, B0GKGHQJ1M, B0GKGHVBRN, B0GKGN7DD1, B0GKGKRTJH, B0GKGN1DWR, B0GKGB8JMH, B0GKGPZGD4, B0GKGVWCW4, B0GKGVVQKW, B0GKGMZ6QC]",amzn1.campaign.1FMKIHBVBECZ8,WV-010-009-创作者影响计划-0822--    14.68%,MolyPark,2026-08-28,2026-11-20,14.68%,5000.0,5000.0,62,800,false
[B0H6L1G9TG],amzn1.campaign.CZH2AZ560TDU,US-WCZ-22,Tekuzlo,2026-08-25,2027-08-24,10.00%,5000.0,5000.0,41,800,false
[B0H8D2KRP1],amzn1.campaign.RUCBWKFRPQLD,23‑Inch Goose Porch Decor Statue Influencer Collaboration,UINDDWCB,2026-08-25,2027-07-31,15.00%,100000.0,99977.2,14,800,false
"[B0GKGGXKR1, B0GKGR7YPD, B0GKGM362Y, B0GKGHQJ1M, B0GKGHVBRN, B0GKGN7DD1, B0GKGKRTJH, B0GKGN1DWR, B0GKGB8JMH, B0GKGPZGD4, B0GKGVWCW4, B0GKGVVQKW, B0GKGMZ6QC]",amzn1.campaign.36KYE6GP65ZBW,WV-010-009-创作者影响计划-0822-      12.71%,MolyPark,2026-08-31,2026-11-19,12.74%,5000.0,5000.0,63,800,false
[B0FCY4F5SP],amzn1.campaign.18BOSCYFURXRK,Pink weekly pill organizer + influencer + 10%commission,AOMKES,2026-08-25,2026-09-30,10.00%,5000.0,4899.2,17,800,false
"[B0GSPZ78J3, B0GSPTWH7Q, B0GSPWWRBW, B0GJ4CG2L6, B0GJ3XCVXT, B0GJ4614V7, B0GJ46LQFH, B0GJ3TDMCK, B0GT47WCNJ, B0GJ3MLWQB, B0GSPQ21FR, B0GSPVH218, B0GJ3HVZWT, B0GJ3PJBBW, B0GT487GG9, B0GJ45B8DW, B0GJ4337ZX, B0GSQ3Q1S3, B0GSPKBB2S, B0GSQ71896, B0GSPVT6FX, B0GSQ2SJVK, B0GJ44M1HM, B0GJ416VKM, B0GJ3Y9YY5, B0GJ418628, B0GT3Z2R1F, B0GJ3XRPZ5, B0GJ3PCCQ7, B0GJ3VWNL8, B0GJ4G3SRV, B0GJ41N7BH, B0GSPKZL3L, B0GJ3YHR31, B0GJ3MNTTC, B0GJ41M678, B0GJ3R17QC, B0GSPXT2D1, B0GJ46MM61, B0GSQ74DMD, B0GT3Z933D, B0GJ3WXFNT, B0GJ4352R6, B0GSPZDCN8, B0GJ48BVWW, B0GJ4G52TR, B0GJ3QWTCM, B0GJ3WVGY5]",amzn1.campaign.119QEXIYWLT8E,Top picks ！ARCH SUPPORT from Kalkal~Waterproof boots for Men Women,Kalkal,2026-08-25,2027-01-31,10.00%,5000.0,4904.19,17,800,false
"[B0FQV35Y9V, B0FQV9LH32, B0FQVBV5CY, B0FQV726J5, B0FQV7BL9Q, B0FQV8M9Z5, B0FQV6TNN7, B0FQV93NWG, B0FQV8V1LV, B0FQV4M43R, B0FQV6KGB1, B0FQV9B3H9, B0FQV6H631, B0FQV6QG6H, B0FQV6RH9H, B0FQV8J5HW, B0FQV4MTQ5]",amzn1.campaign.XCDO606KAT1Z,W--108 109-破洞喇叭牛仔裤-10%-0822,ACTIFORTERRAS,2026-10-25,2027-02-04,10.00%,5000.0,5000.0,61,800,false
[B0GLH98T6Q],amzn1.campaign.K6Y8YJ9OVRND,Rear Heavy Duty Coil Spring -1K0511115BE,THOCAC,2026-08-25,2026-12-31,15.00%,5000.0,5000.0,37,800,false
"[B0GKGGXKR1, B0GKGR7YPD, B0GKGM362Y, B0GKGHQJ1M, B0GKGHVBRN, B0GKGN7DD1, B0GKGKRTJH, B0GKGN1DWR, B0GKGB8JMH, B0GKGPZGD4, B0GKGVWCW4, B0GKGVVQKW, B0GKGMZ6QC]",amzn1.campaign.17AHGGEE0ATDR,WV-010-009-创作者影响计划-0822--    11.64%,MolyPark,2026-08-31,2026-11-16,11.66%,5000.0,5000.0,61,800,false
"[B0FQV35Y9V, B0FQV9LH32, B0FQVBV5CY, B0FQV726J5, B0FQV7BL9Q, B0FQV8M9Z5, B0FQV6TNN7, B0FQV93NWG, B0FQV8V1LV, B0FQV4M43R, B0FQV6KGB1, B0FQV9B3H9, B0FQV6H631, B0FQV6QG6H, B0FQV6RH9H, B0FQV8J5HW, B0FQV4MTQ5]",amzn1.campaign.GPE96Q2TJCRM,W--108 109-破洞喇叭牛仔裤-10%-0822,ACTIFORTERRAS,2026-10-24,2027-02-04,10.00%,5000.0,5000.0,62,800,false
"[B0GKGGXKR1, B0GKGR7YPD, B0GKGM362Y, B0GKGHQJ1M, B0GKGHVBRN, B0GKGN7DD1, B0GKGKRTJH, B0GKGN1DWR, B0GKGB8JMH, B0GKGPZGD4, B0GKGVWCW4, B0GKGVVQKW, B0GKGMZ6QC]",amzn1.campaign.792N7X7LRAZV,WV-010-009-创作者影响计划-0822-      12.71%,MolyPark,2026-08-30,2026-11-19,12.73%,5000.0,5000.0,67,800,false
"[B0GQS3N6FG, B0GQS2GRTS, B0GQS5FS87, B0GQSJYD6L, B0GQRSTN49]",amzn1.campaign.2SZXZW0SAJW4S,红色破洞牛仔裤+8.11,Arkordi,2026-08-25,2027-01-31,15.00%,5000.0,5000.0,65,800,false
"[B0FQV35Y9V, B0FQV9LH32, B0FQVBV5CY, B0FQV726J5, B0FQV7BL9Q, B0FQV8M9Z5, B0FQV6TNN7, B0FQV93NWG, B0FQV8V1LV, B0FQV4M43R, B0FQV6KGB1, B0FQV9B3H9, B0FQV6H631, B0FQV6QG6H, B0FQV6RH9H, B0FQV8J5HW, B0FQV4MTQ5]",amzn1.campaign.3RR4XF4LJAM8Z,W--108 109-破洞喇叭牛仔裤-10%-0822,ACTIFORTERRAS,2026-10-23,2027-02-04,10.00%,5000.0,5000.0,60,800,false
"[B0GKGGXKR1, B0GKGR7YPD, B0GKGM362Y, B0GKGHQJ1M, B0GKGHVBRN, B0GKGN7DD1, B0GKGKRTJH, B0GKGN1DWR, B0GKGB8JMH, B0GKGPZGD4, B0GKGVWCW4, B0GKGVVQKW, B0GKGMZ6QC]",amzn1.campaign.CUE5QCDQD32P,WV-010-009-创作者影响计划-0822-      12.71%,MolyPark,2026-08-31,2026-11-19,12.72%,5000.0,5000.0,67,800,false
"[B0GQS3N6FG, B0GQS2GRTS, B0GQS5FS87, B0GQSJYD6L, B0GQRSTN49]",amzn1.campaign.1YBCAY4B9JGNY,红色破洞牛仔裤+8.11,Arkordi,2026-08-25,2027-01-30,15.00%,5000.0,5000.0,60,800,false
"[B0GKGGXKR1, B0GKGR7YPD, B0GKGM362Y, B0GKGHQJ1M, B0GKGHVBRN, B0GKGN7DD1, B0GKGKRTJH, B0GKGN1DWR, B0GKGB8JMH, B0GKGPZGD4, B0GKGVWCW4, B0GKGVVQKW, B0GKGMZ6QC]",amzn1.campaign.1C6C3TTXUP9SG,WV-010-009-创作者影响计划-0822--    11.64%,MolyPark,2026-08-26,2026-11-16,11.65%,5000.0,5000.0,62,800,false
"[B0FQV35Y9V, B0FQV9LH32, B0FQVBV5CY, B0FQV726J5, B0FQV7BL9Q, B0FQV8M9Z5, B0FQV6TNN7, B0FQV93NWG, B0FQV8V1LV, B0FQV4M43R, B0FQV6KGB1, B0FQV9B3H9, B0FQV6H631, B0FQV6QG6H, B0FQV6RH9H, B0FQV8J5HW, B0FQV4MTQ5]",amzn1.campaign.HALU8GK8B681,W--108 109-破洞喇叭牛仔裤-10%-0822,ACTIFORTERRAS,2026-10-22,2027-02-04,10.00%,5000.0,5000.0,62,800,false
"[B0GQS3N6FG, B0GQS2GRTS, B0GQS5FS87, B0GQSJYD6L, B0GQRSTN49]",amzn1.campaign.1MW286TWZM5QQ,红色破洞牛仔裤+8.11,Arkordi,2026-08-25,2027-01-29,15.00%,5000.0,5000.0,60,800,false
"[B0GKGGXKR1, B0GKGR7YPD, B0GKGM362Y, B0GKGHQJ1M, B0GKGHVBRN, B0GKGN7DD1, B0GKGKRTJH, B0GKGN1DWR, B0GKGB8JMH, B0GKGPZGD4, B0GKGVWCW4, B0GKGVVQKW, B0GKGMZ6QC]",amzn1.campaign.39OGZOYIZEGUV,WV-010-009-创作者影响计划-0822-      12.71%,MolyPark,2026-08-31,2026-11-19,12.71%,5000.0,5000.0,65,800,false
"[B0FQV35Y9V, B0FQV9LH32, B0FQVBV5CY, B0FQV726J5, B0FQV7BL9Q, B0FQV8M9Z5, B0FQV6TNN7, B0FQV93NWG, B0FQV8V1LV, B0FQV4M43R, B0FQV6KGB1, B0FQV9B3H9, B0FQV6H631, B0FQV6QG6H, B0FQV6RH9H, B0FQV8J5HW, B0FQV4MTQ5]",amzn1.campaign.3QBX00CZGPAE8,W--108 109-破洞喇叭牛仔裤-10%-0822,ACTIFORTERRAS,2026-10-21,2027-02-04,10.00%,5000.0,5000.0,61,800,false
"[B0GKGGXKR1, B0GKGR7YPD, B0GKGM362Y, B0GKGHQJ1M, B0GKGHVBRN, B0GKGN7DD1, B0GKGKRTJH, B0GKGN1DWR, B0GKGB8JMH, B0GKGPZGD4, B0GKGVWCW4, B0GKGVVQKW, B0GKGMZ6QC]",amzn1.campaign.33YUQW8JJ3KLF,WV-010-009-创作者影响计划-0822--    11.64%,MolyPark,2026-08-25,2026-11-16,11.64%,5000.0,5000.0,64,800,false
"[B0GKGGXKR1, B0GKGR7YPD, B0GKGM362Y, B0GKGHQJ1M, B0GKGHVBRN, B0GKGN7DD1, B0GKGKRTJH, B0GKGN1DWR, B0GKGB8JMH, B0GKGPZGD4, B0GKGVWCW4, B0GKGVVQKW, B0GKGMZ6QC]",amzn1.campaign.DKZ4QZHF454I,WV-010-009-创作者影响计划-0822-       12.69%,MolyPark,2026-08-31,2026-11-19,12.70%,5000.0,5000.0,61,800,false
"[B0GQS3N6FG, B0GQS2GRTS, B0GQS5FS87, B0GQSJYD6L, B0GQRSTN49]",amzn1.campaign.1QJEMGHFIJPPR,红色破洞牛仔裤+8.11,Arkordi,2026-08-25,2027-01-28,15.00%,5000.0,5000.0,61,800,false
"[B0GKGGXKR1, B0GKGR7YPD, B0GKGM362Y, B0GKGHQJ1M, B0GKGHVBRN, B0GKGN7DD1, B0GKGKRTJH, B0GKGN1DWR, B0GKGB8JMH, B0GKGPZGD4, B0GKGVWCW4, B0GKGVVQKW, B0GKGMZ6QC]",amzn1.campaign.3P5BKQ1E7ADH6,WV-010-009-创作者影响计划-0822--     14.59%,MolyPark,2026-08-31,2026-11-20,14.67%,5000.0,5000.0,60,800,false
[B0H6DQ1BL7],amzn1.campaign.QO9A6UFV12KT,"Monthly sales of 5000+, Commission 10%, KX Golf Rangefinder with Slope",iMeter,2026-08-25,2026-12-31,10.00%,5000.0,4977.35,32,800,false
"[B0GQS3N6FG, B0GQS2GRTS, B0GQS5FS87, B0GQSJYD6L, B0GQRSTN49]",amzn1.campaign.2D6LPEC9LFJF0,红色破洞牛仔裤+8.11,Arkordi,2026-08-25,2027-01-27,15.00%,5000.0,5000.0,62,800,false
"[B0FQV35Y9V, B0FQV9LH32, B0FQVBV5CY, B0FQV726J5, B0FQV7BL9Q, B0FQV8M9Z5, B0FQV6TNN7, B0FQV93NWG, B0FQV8V1LV, B0FQV4M43R, B0FQV6KGB1, B0FQV9B3H9, B0FQV6H631, B0FQV6QG6H, B0FQV6RH9H, B0FQV8J5HW, B0FQV4MTQ5]",amzn1.campaign.1F300N9SH0RXU,W--108 109-破洞喇叭牛仔裤-10%-0822,ACTIFORTERRAS,2026-10-20,2027-02-04,10.00%,5000.0,5000.0,57,800,false
"[B0GQS3N6FG, B0GQS2GRTS, B0GQS5FS87, B0GQSJYD6L, B0GQRSTN49]",amzn1.campaign.OQXAOQYDQL4V,红色破洞牛仔裤+8.11,Arkordi,2026-08-25,2027-01-26,15.00%,5000.0,5000.0,66,800,false
"[B0GHN2ZWHW, B0GHMRC51N, B0GY4PPWDP, B0H4LLXLC6, B0H4LPB9DJ, B0GHMS335N, B0GHN34FD4, B0GXJDGCQL, B0H4LF94QX, B0GHN2C4P1, B0GY4LCXXF, B0GHMRLS6X, B0H36LS8VN, B0GHMR45B1, B0GHMQ1Q9Z, B0H36R7GLM, B0GXJNJT57, B0GXJY2TXH, B0H4L8SS42, B0GHMNLNGV, B0GY4YDRBY, B0GHMV7PKV, B0GHMQG425, B0GHMQG424, B0GXJNF1F4, B0GHMVSBQ5, B0GXHYXDR5, B0GHNHTHQK, B0GY4MRKN4, B0H4LB4KYL, B0H4L8NWPH, B0GXJJC6T9, B0GHMNDDMJ, B0GHMNKL7T, B0H4LPTHK6, B0GHN4D6T3, B0GHMXSQ64, B0GHMTM6J5, B0GXJTTCJW, B0H4L3DRJ1, B0H4L5B975, B0GHMZ8VDM, B0GHMVGJBV, B0GHMTG6NR, B0GHMYF9BG, B0GHN45LCJ, B0GHN2K8N6, B0H4L7DRNP, B0GHMZ7JSN, B0GHMVRK2Z, B0GHN3RV9P, B0GHN2T1HH, B0GHMSDXWS, B0H36T15KL, B0GXJT3BT1, B0GXJGBGJC, B0H4LF6KFP, B0GHMR3CN4, B0GHMYQW83, B0GHMVPT6C, B0GXJL5JXR, B0GHN7WJ9K]",amzn1.campaign.3G4B2SEYGX1V7,NEW HOT HOT Deal! Home Rug Offer -YL-MFY,PureCozy,2026-08-25,2026-11-01,10.00%,5000.0,5000.0,49,800,false
[B0H8Y1Q6FQ],amzn1.campaign.99K0KEDUGWIX,T14-Toyota-Sienna-25-26-Screen-8in,JIEZMO,2026-08-25,2027-08-25,10.00%,5000.0,5000.0,36,800,false
"[B0GKGGXKR1, B0GKGR7YPD, B0GKGM362Y, B0GKGHQJ1M, B0GKGHVBRN, B0GKGN7DD1, B0GKGKRTJH, B0GKGN1DWR, B0GKGB8JMH, B0GKGPZGD4, B0GKGVWCW4, B0GKGVVQKW, B0GKGMZ6QC]",amzn1.campaign.3QCD2R53H0O0M,WV-010-009-创作者影响计划-0822--   11.55%11.57%,MolyPark,2026-08-27,2026-11-16,11.63%,5000.0,5000.0,61,800,false
[B0H9L8TLNG],amzn1.campaign.1KTDND1ONLJ5B,Esophageal Support Drops,Qisrbv,2026-08-25,2026-11-30,15.00%,10000.0,9931.08,21,800,false
[B0H4DG9SWY],amzn1.campaign.158ZVKDXFMPM1,20% Commission + Free Sample – Stud Earrings Promotion Opportunity,Leveltrend,2026-09-01,2027-08-31,10.00%,5000.0,4994.5,16,800,false
"[B0GQS3N6FG, B0GQS2GRTS, B0GQS5FS87, B0GQSJYD6L, B0GQRSTN49]",amzn1.campaign.38306XF7PWJTG,红色破洞牛仔裤+8.11,Arkordi,2026-08-25,2027-01-25,15.00%,5000.0,5000.0,62,800,false
"[B0H33VLSP9, B0H343P596]",amzn1.campaign.PL47LD796J3S,Amz Top 20 Kalkal Hunting Blind Chair for Deer Dove Turkey Hunting,Kalkal,2026-08-25,2027-01-31,10.00%,5000.0,4880.08,11,800,false
[B0H8Y3TWLL],amzn1.campaign.1W8SFEFRKLH15,T14-Honda-Prologue-24-26-Screen,JIEZMO,2026-08-25,2027-08-25,10.00%,5000.0,5000.0,32,800,false
"[B0GQS3N6FG, B0GQS2GRTS, B0GQS5FS87, B0GQSJYD6L, B0GQRSTN49]",amzn1.campaign.3RNSZ3JGWY0TS,红色破洞牛仔裤+8.11,Arkordi,2026-08-25,2027-01-24,15.00%,5000.0,5000.0,64,800,false
"[B0FQV35Y9V, B0FQV9LH32, B0FQVBV5CY, B0FQV726J5, B0FQV7BL9Q, B0FQV8M9Z5, B0FQV6TNN7, B0FQV93NWG, B0FQV8V1LV, B0FQV4M43R, B0FQV6KGB1, B0FQV9B3H9, B0FQV6H631, B0FQV6QG6H, B0FQV6RH9H, B0FQV8J5HW, B0FQV4MTQ5]",amzn1.campaign.1NI5U753RBL9Q,W--108 109-破洞喇叭牛仔裤-10%-0822,ACTIFORTERRAS,2026-10-19,2027-02-04,10.00%,5000.0,5000.0,58,800,false
"[B0H4RHZ7V7, B0HC3F5MHW, B0HBW8KPGS, B0H8H3C6J9, B0H4V81K86]",amzn1.campaign.UNPXKDSQ3N7B,10% Commission on   Pop up Canopy tent with 4 sidewalls,SANWAY,2026-08-25,2026-11-27,10.00%,5000.0,5000.0,44,800,false
[B0HBK4YYBJ],amzn1.campaign.3GAYFZL87TVBE,Lumbar Massager - Ultimate Back Relief & Holiday Gift Guide (High Commission),Amkish,2026-08-25,2026-10-31,10.00%,111111.0,111096.6,13,800,false
[B0H8YH372Z],amzn1.campaign.102ZOI7RE8U5O,T14-Cadillac-Escalade-25-26-Screen,JIEZMO,2026-08-25,2027-08-25,10.00%,5000.0,4996.0,29,800,false
"[B0GQS3N6FG, B0GQS2GRTS, B0GQS5FS87, B0GQSJYD6L, B0GQRSTN49]",amzn1.campaign.3GE2OE082NHGT,红色破洞牛仔裤+8.11,Arkordi,2026-08-25,2027-01-23,15.00%,5000.0,5000.0,64,800,false
"[B0GVKGMG89, B0GVKBRKKW, B0GVK8BPJD, B0GVK45KSD, B0GVK45YRV, B0GVJYG26K, B0GVK8QHD9, B0GVJYBMXP, B0GVK8H7Y4, B0GVK7G4FT, B0GVJY8KQ2, B0GVK7MYWC, B0GVK3Z78P, B0GVKB9W7X, B0GVK7X7XT, B0GVK7TRWV]",amzn1.campaign.10O059ZSWRD1G,big discount,NERLEROLIAN,2026-08-25,2026-09-24,10.00%,5000.0,5000.0,26,800,false
"[B0HDQ5VF76, B0H3BPWXSL]",amzn1.campaign.2RRIYGLGR6QHV,210清洁器-创作者计划-0824,LOVELAB,2026-08-27,2026-12-31,15.00%,5000.0,4989.5,17,800,false
"[B0H4RHZ7V7, B0HC3F5MHW, B0HBW8KPGS, B0H8H3C6J9, B0H4V81K86]",amzn1.campaign.36JF49E9Z6UQW,10% Commission on   Pop up Canopy tent with 4 sidewalls,SANWAY,2026-08-25,2026-11-28,10.00%,5000.0,5000.0,46,800,false
"[B0FQV35Y9V, B0FQV9LH32, B0FQVBV5CY, B0FQV726J5, B0FQV7BL9Q, B0FQV8M9Z5, B0FQV6TNN7, B0FQV93NWG, B0FQV8V1LV, B0FQV4M43R, B0FQV6KGB1, B0FQV9B3H9, B0FQV6H631, B0FQV6QG6H, B0FQV6RH9H, B0FQV8J5HW, B0FQV4MTQ5]",amzn1.campaign.23QPOY1K3PTLC,W--108 109-破洞喇叭牛仔裤-10%-0822,ACTIFORTERRAS,2026-10-18,2027-02-04,10.00%,5000.0,5000.0,58,800,false
[B0H8Y6WHJR],amzn1.campaign.DYSQ2L2R18G6,T14-Nissan-Rogue-24-26-Screen-12.3in,JIEZMO,2026-08-25,2027-08-25,10.00%,5000.0,5000.0,38,800,false
"[B0H4RHZ7V7, B0HC3F5MHW, B0HBW8KPGS, B0H8H3C6J9, B0H4V81K86]",amzn1.campaign.2SYT7BS09IITD,10% Commission on   Pop up Canopy tent with 4 sidewalls,SANWAY,2026-08-25,2026-11-29,10.00%,5000.0,5000.0,45,800,false
"[B0GQS3N6FG, B0GQS2GRTS, B0GQS5FS87, B0GQSJYD6L, B0GQRSTN49]",amzn1.campaign.1OQMPHGN227GW,红色破洞牛仔裤+8.11,Arkordi,2026-08-25,2027-01-22,15.00%,5000.0,5000.0,60,800,false
"[B0FQV35Y9V, B0FQV9LH32, B0FQVBV5CY, B0FQV726J5, B0FQV7BL9Q, B0FQV8M9Z5, B0FQV6TNN7, B0FQV93NWG, B0FQV8V1LV, B0FQV4M43R, B0FQV6KGB1, B0FQV9B3H9, B0FQV6H631, B0FQV6QG6H, B0FQV6RH9H, B0FQV8J5HW, B0FQV4MTQ5]",amzn1.campaign.35DH5RBQHWFDV,W--108 109-破洞喇叭牛仔裤-10%-0822,ACTIFORTERRAS,2026-10-17,2027-02-04,10.00%,5000.0,5000.0,59,800,false
"[B0HDQ5VF76, B0H3BPWXSL]",amzn1.campaign.3JVHFJ509L6K5,210清洁器-创作者计划-0823,LOVELAB,2026-08-26,2026-12-31,15.00%,5000.0,4994.75,33,800,false
"[B0H4RHZ7V7, B0HC3F5MHW, B0HBW8KPGS, B0H8H3C6J9, B0H4V81K86]",amzn1.campaign.30SJG562WDEU3,10% Commission on   Pop up Canopy tent with 4 sidewalls,SANWAY,2026-08-25,2026-11-30,10.00%,5000.0,5000.0,32,800,false
[B0H8Y845VF],amzn1.campaign.Z2RQOZT1MPL,T14-Toyota-RAV4-19-25-Screen-10.5inch,JIEZMO,2026-08-25,2027-08-25,10.00%,5000.0,5000.0,37,800,false
"[B0HDQ5VF76, B0H3BPWXSL]",amzn1.campaign.1O409LDCJCARJ,210清洁器-创作者计划-0822,LOVELAB,2026-08-25,2026-12-31,15.00%,5000.0,4984.25,30,800,false
"[B0GQS3N6FG, B0GQS2GRTS, B0GQS5FS87, B0GQSJYD6L, B0GQRSTN49]",amzn1.campaign.1XMG7LLL15WP4,红色破洞牛仔裤+8.11,Arkordi,2026-08-25,2027-01-21,15.00%,5000.0,5000.0,61,800,false
"[B0GKGGXKR1, B0GKGR7YPD, B0GKGM362Y, B0GKGHQJ1M, B0GKGHVBRN, B0GKGN7DD1, B0GKGKRTJH, B0GKGN1DWR, B0GKGB8JMH, B0GKGPZGD4, B0GKGVWCW4, B0GKGVVQKW, B0GKGMZ6QC]",amzn1.campaign.3NKB35L0ZEZXO,WV-010-009-创作者影响计划-0822--     14.59%,MolyPark,2026-08-26,2026-11-20,14.66%,5000.0,5000.0,63,800,false
[B0H8YB4SWL],amzn1.campaign.10RN29OYIKE2Q,T14-Toyota-RAV4-26-Screen-12.9in,JIEZMO,2026-08-25,2027-08-25,10.00%,5000.0,5000.0,32,800,false
"[B0FQV35Y9V, B0FQV9LH32, B0FQVBV5CY, B0FQV726J5, B0FQV7BL9Q, B0FQV8M9Z5, B0FQV6TNN7, B0FQV93NWG, B0FQV8V1LV, B0FQV4M43R, B0FQV6KGB1, B0FQV9B3H9, B0FQV6H631, B0FQV6QG6H, B0FQV6RH9H, B0FQV8J5HW, B0FQV4MTQ5]",amzn1.campaign.AV5R9QZMXMLY,W--108 109-破洞喇叭牛仔裤-10%-0822,ACTIFORTERRAS,2026-10-15,2027-02-04,10.00%,5000.0,5000.0,63,800,false
"[B0GQS3N6FG, B0GQS2GRTS, B0GQS5FS87, B0GQSJYD6L, B0GQRSTN49]",amzn1.campaign.JYOSEZ3WWRLB,红色破洞牛仔裤+8.11,Arkordi,2026-08-25,2027-01-20,15.00%,5000.0,5000.0,66,800,false
"[B0GKGGXKR1, B0GKGR7YPD, B0GKGM362Y, B0GKGHQJ1M, B0GKGHVBRN, B0GKGN7DD1, B0GKGKRTJH, B0GKGN1DWR, B0GKGB8JMH, B0GKGPZGD4, B0GKGVWCW4, B0GKGVVQKW, B0GKGMZ6QC]",amzn1.campaign.1IZFF8BLCJO2H,WV-010-009-创作者影响计划-0822--     14.59%,MolyPark,2026-08-28,2026-11-20,14.65%,5000.0,5000.0,59,800,false
"[B0H7XK612X, B0H7XD92PD, B0H7X6GPVD, B0H7XBXQBN, B0H7XF5JMS, B0H7X7L9VV, B0H7XNFT3Z, B0H7X654S6, B0H7XCJ7CH, B0H7XKQF9K, B0H7XG4J3S, B0H7XGDTXW, B0H7XGMMD3, B0H7XFKF3B, B0H7X5TXZD, B0H7XLCHH6, B0H7XGPFL5, B0H7XK7XDM, B0H7X3VH4K, B0H7X8JS7T, B0H7X95LBR, B0H7XNRSNR, B0H7XJ9RHR, B0H7XLKKK6, B0H7XN3TFW, B0H7X8QHLD, B0H7XFFLHC, B0H7XKXZVB, B0H7XN9H35, B0H7XJWJN6]",amzn1.campaign.2ACNGR4WKNK53,Vintage Gold Framed Wall Art Creator Partnership,Qzzrjn,2026-08-25,2027-08-25,15.00%,50000.0,49892.95,26,800,false
"[B0GRN399LH, B0GVYFLP51]",amzn1.campaign.AJH404KRVFYH,Campaign Name: Master PVC Bending: A How-To Guide,OTRUZPV,2026-08-25,2026-10-27,15.00%,5000.0,5000.0,33,800,false
"[B0GYYV2QP8, B0GZ2F741Y, B0GZ24D3DL]",amzn1.campaign.2RSEGBW307F1U,X1AS广告推广 Post4  8.22,BABIDEAL,2026-08-27,2026-11-27,10.00%,5000.0,5000.0,38,800,false
"[B0GKGGXKR1, B0GKGR7YPD, B0GKGM362Y, B0GKGHQJ1M, B0GKGHVBRN, B0GKGN7DD1, B0GKGKRTJH, B0GKGN1DWR, B0GKGB8JMH, B0GKGPZGD4, B0GKGVWCW4, B0GKGVVQKW, B0GKGMZ6QC]",amzn1.campaign.ENOICMFXS3LC,WV-010-009-创作者影响计划-0822--   11.55%11.57%,MolyPark,2026-08-31,2026-11-16,11.62%,5000.0,5000.0,63,800,false
[B0H8Y7KCJM],amzn1.campaign.23XJRJFT317N1,T14-Toyota-RAV4-26-Screen-10.5in,JIEZMO,2026-08-25,2027-08-25,10.00%,5000.0,5000.0,33,800,false
"[B0H7XK612X, B0H7XD92PD, B0H7X6GPVD, B0H7XBXQBN, B0H7XF5JMS, B0H7X7L9VV, B0H7XNFT3Z, B0H7X654S6, B0H7XCJ7CH, B0H7XKQF9K, B0H7XG4J3S, B0H7XGDTXW, B0H7XGMMD3, B0H7XFKF3B, B0H7X5TXZD, B0H7XLCHH6, B0H7XGPFL5, B0H7XK7XDM, B0H7X3VH4K, B0H7X8JS7T, B0H7X95LBR, B0H7XNRSNR, B0H7XJ9RHR, B0H7XLKKK6, B0H7XN3TFW, B0H7X8QHLD, B0H7XFFLHC, B0H7XKXZVB, B0H7XN9H35, B0H7XJWJN6]",amzn1.campaign.22NJ278DXEG0G,Vintage Gold Framed Wall Art Creator Partnership,Qzzrjn,2026-08-25,2027-08-25,14.00%,50000.0,50000.0,40,800,false
"[B0FQV35Y9V, B0FQV9LH32, B0FQVBV5CY, B0FQV726J5, B0FQV7BL9Q, B0FQV8M9Z5, B0FQV6TNN7, B0FQV93NWG, B0FQV8V1LV, B0FQV4M43R, B0FQV6KGB1, B0FQV9B3H9, B0FQV6H631, B0FQV6QG6H, B0FQV6RH9H, B0FQV8J5HW, B0FQV4MTQ5]",amzn1.campaign.3N8WXX93LHXQ,W--108 109-破洞喇叭牛仔裤-10%-0822,ACTIFORTERRAS,2026-10-14,2027-02-04,10.00%,5000.0,5000.0,63,800,false
"[B0H4G9VFXP, B0H4GK43Y7, B0H4GJV1XV, B0H4G6ZTWB]",amzn1.campaign.2VKVTL2H792U9,Aelfric Eden Vintage Caps — Add the Finishing Touch 🧢 GSX 26082201,Aelfric Eden,2026-08-25,2026-10-30,15.00%,5000.0,4989.52,0,800,false
"[B0H7XK612X, B0H7XD92PD, B0H7X6GPVD, B0H7XBXQBN, B0H7XF5JMS, B0H7X7L9VV, B0H7XNFT3Z, B0H7X654S6, B0H7XCJ7CH, B0H7XKQF9K, B0H7XG4J3S, B0H7XGDTXW, B0H7XGMMD3, B0H7XFKF3B, B0H7X5TXZD, B0H7XLCHH6, B0H7XGPFL5, B0H7XK7XDM, B0H7X3VH4K, B0H7X8JS7T, B0H7X95LBR, B0H7XNRSNR, B0H7XJ9RHR, B0H7XLKKK6, B0H7XN3TFW, B0H7X8QHLD, B0H7XFFLHC, B0H7XKXZVB, B0H7XN9H35, B0H7XJWJN6]",amzn1.campaign.1HI0KD6X5TFH,Vintage Gold Framed Wall Art Creator Partnership,Qzzrjn,2026-08-25,2027-08-25,12.00%,50000.0,50000.0,47,800,false
"[B0H9LYL566, B0H2VGXK17, B0H3345YPB, B0H2Y7MPWZ, B0H9LY5VZ9, B0H2VN734D, B0H9LWKQ4V, B0H34L1LJS, B0H2XBSRL9, B0H34GM5VS, B0H2W2YBSR, B0H9LQG3M1, B0H2YF367G, B0H2YBQX4Y, B0H2Y9TZPS, B0H2XLXG4B, B0H9M2FJBV, B0H2W7R27L, B0H2WDYYMZ, B0H9M3TBRR, B0H2XJ8JZK, B0H9LRX68G, B0H2XJN9MS, B0H331VP68, B0H2W7PKFL, B0H34V6L4M, B0H335YBMJ, B0H334BM48, B0H9LW6BN6, B0H3351K8M, B0H2VV1K1Q, B0H2XL6K6P, B0H2YD1MZ3, B0H2VP2GDL]",amzn1.campaign.1OCWWW70HEZMQ,Squeeze Toys,Sensquip,2026-08-25,2027-08-25,10.00%,5000.0,4884.8,20,800,false
[B0H8Y6ZZJW],amzn1.campaign.139ZT911NWKME,T14-Nissan-Pathfinder-26-Screen,JIEZMO,2026-08-25,2027-08-25,10.00%,5000.0,5000.0,32,800,false
"[B0H7XK612X, B0H7XD92PD, B0H7X6GPVD, B0H7XBXQBN, B0H7XF5JMS, B0H7X7L9VV, B0H7XNFT3Z, B0H7X654S6, B0H7XCJ7CH, B0H7XKQF9K, B0H7XG4J3S, B0H7XGDTXW, B0H7XGMMD3, B0H7XFKF3B, B0H7X5TXZD, B0H7XLCHH6, B0H7XGPFL5, B0H7XK7XDM, B0H7X3VH4K, B0H7X8JS7T, B0H7X95LBR, B0H7XNRSNR, B0H7XJ9RHR, B0H7XLKKK6, B0H7XN3TFW, B0H7X8QHLD, B0H7XFFLHC, B0H7XKXZVB, B0H7XN9H35, B0H7XJWJN6]",amzn1.campaign.1YBX3JHH53JPQ,Vintage Gold Framed Wall Art Creator Partnership,Qzzrjn,2026-08-25,2027-08-25,13.00%,50000.0,50000.0,49,800,false
"[B0GKGGXKR1, B0GKGR7YPD, B0GKGM362Y, B0GKGHQJ1M, B0GKGHVBRN, B0GKGN7DD1, B0GKGKRTJH, B0GKGN1DWR, B0GKGB8JMH, B0GKGPZGD4, B0GKGVWCW4, B0GKGVVQKW, B0GKGMZ6QC]",amzn1.campaign.1Z1W0BERAW2EJ,WV-010-009-创作者影响计划-0822--   11.55%11.57%,MolyPark,2026-08-31,2026-11-16,11.61%,5000.0,5000.0,60,800,false
"[B0GYYV2QP8, B0GZ2F741Y, B0GZ24D3DL]",amzn1.campaign.3VEYQL0GNNID9,X1AS广告推广 Post3  8.22,BABIDEAL,2026-08-26,2026-11-26,10.00%,5000.0,4984.0,51,800,false
"[B0FQV35Y9V, B0FQV9LH32, B0FQVBV5CY, B0FQV726J5, B0FQV7BL9Q, B0FQV8M9Z5, B0FQV6TNN7, B0FQV93NWG, B0FQV8V1LV, B0FQV4M43R, B0FQV6KGB1, B0FQV9B3H9, B0FQV6H631, B0FQV6QG6H, B0FQV6RH9H, B0FQV8J5HW, B0FQV4MTQ5]",amzn1.campaign.1SPFM64QE81VU,W--108 109-破洞喇叭牛仔裤-10%-0822,ACTIFORTERRAS,2026-10-12,2027-02-04,10.00%,5000.0,5000.0,59,800,false
"[B0GRN399LH, B0GVYFLP51]",amzn1.campaign.85HYIZSN62AP,Campaign Name: Heavy-Duty Schedule 40/80 Test,OTRUZPV,2026-08-25,2026-10-26,15.00%,5000.0,5000.0,44,800,false
"[B0GKGGXKR1, B0GKGR7YPD, B0GKGM362Y, B0GKGHQJ1M, B0GKGHVBRN, B0GKGN7DD1, B0GKGKRTJH, B0GKGN1DWR, B0GKGB8JMH, B0GKGPZGD4, B0GKGVWCW4, B0GKGVVQKW, B0GKGMZ6QC]",amzn1.campaign.CR73O78MFK2C,WV-010-009-创作者影响计划-0822--     14.59%,MolyPark,2026-08-31,2026-11-20,14.64%,5000.0,5000.0,65,800,false
"[B09GPXQYJQ, B09TSM8D54, B0B5T52C7B]",amzn1.campaign.3PJL58UTY49DY,"Super cute, trending Halloween and Christmas collars,High commission rate of 15%",LLHK,2026-09-26,2027-09-01,15.00%,10000.0,10000.0,27,800,false
"[B0H3TZWSB6, B0H3V5DLCX]",amzn1.campaign.21KJW9ZONMGHZ,Odor-Locking Diaper Pail,CozyGlosch,2026-08-25,2026-09-24,10.00%,5000.0,4957.0,28,800,false
"[B0FQV35Y9V, B0FQV9LH32, B0FQVBV5CY, B0FQV726J5, B0FQV7BL9Q, B0FQV8M9Z5, B0FQV6TNN7, B0FQV93NWG, B0FQV8V1LV, B0FQV4M43R, B0FQV6KGB1, B0FQV9B3H9, B0FQV6H631, B0FQV6QG6H, B0FQV6RH9H, B0FQV8J5HW, B0FQV4MTQ5]",amzn1.campaign.360CT6UBYNHXR,W--108 109-破洞喇叭牛仔裤-10%-0822,ACTIFORTERRAS,2026-10-10,2027-02-04,10.00%,5000.0,5000.0,60,800,false
"[B0GKGGXKR1, B0GKGR7YPD, B0GKGM362Y, B0GKGHQJ1M, B0GKGHVBRN, B0GKGN7DD1, B0GKGKRTJH, B0GKGN1DWR, B0GKGB8JMH, B0GKGPZGD4, B0GKGVWCW4, B0GKGVVQKW, B0GKGMZ6QC]",amzn1.campaign.1L63PFW377FBS,WV-010-009-创作者影响计划-0822--   11.55%11.57%,MolyPark,2026-08-25,2026-11-16,11.60%,5000.0,5000.0,59,800,false
"[B0GQS3N6FG, B0GQS2GRTS, B0GQS5FS87, B0GQSJYD6L, B0GQRSTN49]",amzn1.campaign.1EHM9UB35L0F0,红色破洞牛仔裤+8.11,Arkordi,2026-08-25,2027-01-19,15.00%,5000.0,5000.0,60,800,false
"[B09GPXQYJQ, B09TSM8D54, B0B5T52C7B]",amzn1.campaign.2W4XDVBKVOJQ8,"Super cute, trending Halloween and Christmas collars,High commission rate of 15%",LLHK,2026-09-25,2027-09-01,15.00%,10000.0,10000.0,37,800,false
"[B0FQV35Y9V, B0FQV9LH32, B0FQVBV5CY, B0FQV726J5, B0FQV7BL9Q, B0FQV8M9Z5, B0FQV6TNN7, B0FQV93NWG, B0FQV8V1LV, B0FQV4M43R, B0FQV6KGB1, B0FQV9B3H9, B0FQV6H631, B0FQV6QG6H, B0FQV6RH9H, B0FQV8J5HW, B0FQV4MTQ5]",amzn1.campaign.2N9VZ7MDPV5QD,W--108 109-破洞喇叭牛仔裤-10%-0822,ACTIFORTERRAS,2026-10-09,2027-02-04,10.00%,5000.0,5000.0,59,800,false
[B0H7WS6RT2],amzn1.campaign.3HTIQR7QLIA3S,Waxfans Face wax kit for woman | 11% Commission,Waxfans,2026-08-27,2027-08-13,11.00%,5000.0,5000.0,47,800,false
[B0H7WS6RT2],amzn1.campaign.34FS5QTS4I202,Waxfans Face wax kit for woman | 11% Commission,Waxfans,2026-08-26,2027-08-05,11.00%,5000.0,5000.0,50,800,false
"[B0FQV35Y9V, B0FQV9LH32, B0FQVBV5CY, B0FQV726J5, B0FQV7BL9Q, B0FQV8M9Z5, B0FQV6TNN7, B0FQV93NWG, B0FQV8V1LV, B0FQV4M43R, B0FQV6KGB1, B0FQV9B3H9, B0FQV6H631, B0FQV6QG6H, B0FQV6RH9H, B0FQV8J5HW, B0FQV4MTQ5]",amzn1.campaign.3I69GFXQ09PFW,W--108 109-破洞喇叭牛仔裤-10%-0822,ACTIFORTERRAS,2026-10-08,2027-02-04,10.00%,5000.0,5000.0,65,800,false
[B0H7WS6RT2],amzn1.campaign.1U90L3EC4NQML,Waxfans Face wax kit for woman | 11% Commission,Waxfans,2026-08-25,2027-08-16,11.00%,5000.0,4995.82,38,800,false
[B0HC68GJLW],amzn1.campaign.1YOFCVNHX3BLI,The 10-Minute Yard Makeover,OTRUZPV,2026-08-25,2026-10-27,15.00%,5000.0,5000.0,38,800,false
"[B0GKGGXKR1, B0GKGR7YPD, B0GKGM362Y, B0GKGHQJ1M, B0GKGHVBRN, B0GKGN7DD1, B0GKGKRTJH, B0GKGN1DWR, B0GKGB8JMH, B0GKGPZGD4, B0GKGVWCW4, B0GKGVVQKW, B0GKGMZ6QC]",amzn1.campaign.3PR0A7A3BOWKZ,WV-010-009-创作者影响计划-0822--     14.59%,MolyPark,2026-08-28,2026-11-20,14.63%,5000.0,5000.0,65,800,false
"[B0FQV35Y9V, B0FQV9LH32, B0FQVBV5CY, B0FQV726J5, B0FQV7BL9Q, B0FQV8M9Z5, B0FQV6TNN7, B0FQV93NWG, B0FQV8V1LV, B0FQV4M43R, B0FQV6KGB1, B0FQV9B3H9, B0FQV6H631, B0FQV6QG6H, B0FQV6RH9H, B0FQV8J5HW, B0FQV4MTQ5]",amzn1.campaign.2A58N1JA9XGZO,W--108 109-破洞喇叭牛仔裤-10%-0822,ACTIFORTERRAS,2026-10-07,2027-02-04,10.00%,5000.0,5000.0,63,800,false
"[B0GKGGXKR1, B0GKGR7YPD, B0GKGM362Y, B0GKGHQJ1M, B0GKGHVBRN, B0GKGN7DD1, B0GKGKRTJH, B0GKGN1DWR, B0GKGB8JMH, B0GKGPZGD4, B0GKGVWCW4, B0GKGVVQKW, B0GKGMZ6QC]",amzn1.campaign.2K6UPWHGWYABT,WV-010-009-创作者影响计划-0822-       12.69%,MolyPark,2026-08-31,2026-11-19,12.69%,5000.0,5000.0,61,800,false
"[B0FQV35Y9V, B0FQV9LH32, B0FQVBV5CY, B0FQV726J5, B0FQV7BL9Q, B0FQV8M9Z5, B0FQV6TNN7, B0FQV93NWG, B0FQV8V1LV, B0FQV4M43R, B0FQV6KGB1, B0FQV9B3H9, B0FQV6H631, B0FQV6QG6H, B0FQV6RH9H, B0FQV8J5HW, B0FQV4MTQ5]",amzn1.campaign.1XEO149NL3ZW6,W--108 109-破洞喇叭牛仔裤-10%-0822,ACTIFORTERRAS,2026-10-06,2027-02-04,10.00%,5000.0,5000.0,64,800,false
"[B0GHN2ZWHW, B0GHMRC51N, B0GY4PPWDP, B0H4LLXLC6, B0H4LPB9DJ, B0GHMS335N, B0GHN34FD4, B0GXJDGCQL, B0H4LF94QX, B0GHN2C4P1, B0GY4LCXXF, B0GHMRLS6X, B0H36LS8VN, B0GHMR45B1, B0GHMQ1Q9Z, B0H36R7GLM, B0GXJNJT57, B0GXJY2TXH, B0H4L8SS42, B0GHMNLNGV, B0GY4YDRBY, B0GHMV7PKV, B0GHMQG425, B0GHMQG424, B0GXJNF1F4, B0GHMVSBQ5, B0GXHYXDR5, B0GHNHTHQK, B0GY4MRKN4, B0H4LB4KYL, B0H4L8NWPH, B0GXJJC6T9, B0GHMNDDMJ, B0GHMNKL7T, B0H4LPTHK6, B0GHN4D6T3, B0GHMXSQ64, B0GHMTM6J5, B0GXJTTCJW, B0H4L3DRJ1, B0H4L5B975, B0GHMZ8VDM, B0GHMVGJBV, B0GHMTG6NR, B0GHMYF9BG, B0GHN45LCJ, B0GHN2K8N6, B0H4L7DRNP, B0GHMZ7JSN, B0GHMVRK2Z, B0GHN3RV9P, B0GHN2T1HH, B0GHMSDXWS, B0H36T15KL, B0GXJT3BT1, B0GXJGBGJC, B0H4LF6KFP, B0GHMR3CN4, B0GHMYQW83, B0GHMVPT6C, B0GXJL5JXR, B0GHN7WJ9K]",amzn1.campaign.281NAKQEJZEOJ,NEW Great Deal! Cozy Floral Carpet -YL-MFY,PureCozy,2026-08-25,2026-10-31,10.00%,5000.0,5000.0,51,800,false
"[B0GKGGXKR1, B0GKGR7YPD, B0GKGM362Y, B0GKGHQJ1M, B0GKGHVBRN, B0GKGN7DD1, B0GKGKRTJH, B0GKGN1DWR, B0GKGB8JMH, B0GKGPZGD4, B0GKGVWCW4, B0GKGVVQKW, B0GKGMZ6QC]",amzn1.campaign.1BOCI7HP6DLQG,WV-010-009-创作者影响计划-0822--     14.59%,MolyPark,2026-08-26,2026-11-20,14.62%,5000.0,5000.0,60,800,false
"[B0GQS3N6FG, B0GQS2GRTS, B0GQS5FS87, B0GQSJYD6L, B0GQRSTN49]",amzn1.campaign.2LFW1M9ZT9V8J,红色破洞牛仔裤+8.11,Arkordi,2026-08-25,2027-01-18,15.00%,5000.0,5000.0,64,800,false
"[B093KZPZNH, B093KY92R8, B093KXHTND]",amzn1.campaign.15M6HNLY8638R,AirPods Max Case-All,WIWU,2026-08-26,2026-09-28,20.00%,6668.0,6668.0,42,800,false
"[B0GKGGXKR1, B0GKGR7YPD, B0GKGM362Y, B0GKGHQJ1M, B0GKGHVBRN, B0GKGN7DD1, B0GKGKRTJH, B0GKGN1DWR, B0GKGB8JMH, B0GKGPZGD4, B0GKGVWCW4, B0GKGVVQKW, B0GKGMZ6QC]",amzn1.campaign.2888EMQLFAAJI,WV-010-009-创作者影响计划-0822--   11.55%11.57%,MolyPark,2026-08-28,2026-11-16,11.59%,5000.0,5000.0,62,800,false
"[B0FQV35Y9V, B0FQV9LH32, B0FQVBV5CY, B0FQV726J5, B0FQV7BL9Q, B0FQV8M9Z5, B0FQV6TNN7, B0FQV93NWG, B0FQV8V1LV, B0FQV4M43R, B0FQV6KGB1, B0FQV9B3H9, B0FQV6H631, B0FQV6QG6H, B0FQV6RH9H, B0FQV8J5HW, B0FQV4MTQ5]",amzn1.campaign.3EG5M5E28RJ8C,W--108 109-破洞喇叭牛仔裤-10%-0822,ACTIFORTERRAS,2026-10-05,2027-02-04,10.00%,5000.0,5000.0,68,800,false
"[B0GQS3N6FG, B0GQS2GRTS, B0GQS5FS87, B0GQSJYD6L, B0GQRSTN49]",amzn1.campaign.3SQS8INMDNMVP,红色破洞牛仔裤+8.11,Arkordi,2026-08-25,2027-01-17,15.00%,5000.0,5000.0,67,800,false
[B0HC68GJLW],amzn1.campaign.1RA8Z7H12JO7D,Upgrade Your Shed: The Ultimate Garden Tool,OTRUZPV,2026-08-25,2026-10-26,15.00%,5000.0,5000.0,41,800,false
"[B0H5BXTS7G, B0H5BXSJV5]",amzn1.campaign.35R1PUIDAVIOG,The Suburban HOA Hack (RV & Travel Trailers),Pvirbravoo,2026-08-27,2026-10-31,15.00%,5000.0,5000.0,34,800,false
"[B0GQS3N6FG, B0GQS2GRTS, B0GQS5FS87, B0GQSJYD6L, B0GQRSTN49]",amzn1.campaign.24S2V3A1VDV9T,红色破洞牛仔裤+8.11,Arkordi,2026-08-25,2027-01-16,15.00%,5000.0,5000.0,65,800,false
"[B0H45V925G, B0H45ZF4D8, B0H466ZC66, B0H45T2ZLG, B0H464GMZ6]",amzn1.campaign.BY5X8S0RKMOY,Appassal Retro Oval Cat Eye Sunglasses Vintage Narrow  Designer Sunnies#AP3820,Appassal,2026-08-25,2027-02-25,10.00%,5000.0,5000.0,15,800,false
[B0H74CVZ25],amzn1.campaign.Z935FVOGTCG5,Collagen Eye Patches,HLYSUN,2026-08-25,2026-10-31,30.00%,5000.0,4946.7,1,800,false
