ASIN List,Campaign Id,Campaign Name,Brand Name,Campaign Start Date,Campaign End Date,Commission Rate,Campaign Budget,Budget Remaining,Available Slot,Total Slot,Recommended
"[B0DZXR26G8, B0DZXLBMFD, B0DZXRCMTX]",amzn1.campaign.1C8VKTXVVTGIU,25SWH0004-6-0720,Swhmc,2026-07-21,2027-07-17,15.00%,16888.0,16888.0,57,800,false
"[B0CFQDNBP8, B0CFQDWYPL, B0CFQH3TRS, B0CFQGKHWS, B0CFQGDLLV, B0D83CHRFC, B0CPSM2H3L, B0D83LMG6R, B0D1MDQNSY, B0CYPVJ6D1, B0D83BFLC2, B0D83D8TTY, B0D83DR6W8, B0D83GMFZL, B0D5Y6VM27, B0CPSN7KV1, B0D83BWB6H, B0CFQHGC2G, B0CFQJPWM5, B0CFQKKL7W, B0CFQHW4J4, B0CFQDJDBW, B0D83FXQ22, B0CQ4CPX9K, B0D5Y7V79Q]",amzn1.campaign.MEB7TQXPUCF6,Women’s Strapless Padded Bandeau Sports Tube Top  Bra,Boudaner,2026-07-21,2027-01-31,10.00%,10000.0,9889.92,34,800,false
"[B0H45MGN6F, B0H45QV41F, B0H45WJ11H, B0H45QT4LB, B0H45R5QTP, B0H45NRQMQ, B0H45QXQDZ, B0H45T3FVY, B0H45SP4ZL, B0H45RN6ZT, B0H45S821T, B0H45T8K3Q, B0H45MXSBR, B0H45VSTWZ, B0H45PFPP7, B0H462G7BY, B0H45S45SH, B0H45SG4SG, B0H45SHXKB, B0H45PXSSD]",amzn1.campaign.14QMSN7YJW4FN,10% High Commission + Womens Summer Ruffle Denim Shorts,HOUZONIY,2026-07-21,2027-07-21,10.00%,5000.0,4956.6,32,800,false
"[B0FBWNJ82W, B0FBWNRZTC, B0FBWNQN8S, B0FBWP1NQX, B0FBWMG4WP, B0FKGLH5FF, B0FFGL3KBH, B0FBWNQ9C8, B0FFGNKQRB, B0GG8RJTW1, B0FFGP1D6F, B0FFGL2HDR, B0FBWPJBQV, B0FBWNR8Q3, B0FFGQXB4T, B0FKGDDLJN, B0FKGGCZ76, B0FKGK4CD6, B0FBWNK8DW, B0FBWN4SCB, B0FBWN3NMP, B0FFGLJ393, B0GWQ5L3KH, B0H5J6ZRFW]",amzn1.campaign.3HDUD4NQQXR9R,褶皱上衣256001-20%佣金-0720-复制2,Talakeno,2026-07-21,2026-11-01,20.00%,10000.0,10000.0,48,800,false
[B09SYSPSSM],amzn1.campaign.32CHUDGBTCWIC,【5% code]SER3 3200U,Beelink,2026-07-21,2026-10-31,10.00%,10000.0,10000.0,11,800,false
"[B0D5CCVBQ1, B0D4TYYNFL, B0D4TZFRYM, B0D4TRLGNK, B0D59V2D2Y, B0CQC2LH2K, B0D4TTXTCH, B0D4TXDCYF, B0D48PTCZ1, B0D5CDFFVS, B0D5CGG7NL, B0D4TY12XQ, B0D4V149CW, B0CLG27131, B0D4TZP54G, B0CLG5PGLL, B0D4TVHZ57, B0CQC2MXPX, B0CLG4Z9ST, B0D4TW7JXP, B0CLG6YFJM, B0CLG6DWXL, B0D4V146JR, B0CQBYS4R8, B0CLG16KL8, B0D5CFJM7G, B0CLG4D8JL, B0D5CBQB57, B0CLG3SWHG, B0D59Q4HHZ, B0D4TZFRY4, B0CLG4JWWJ, B0D59S9PJX, B0D4V2T6BX, B0D4TXBJQY, B0CQCCCLRH, B0CRNRXWCP, B0D4TRZQYP, B0D4TRQ4JZ, B0D4V1JKWQ, B0CLG5SKDF, B0CLG4CFFL, B0D4V1NB14]",amzn1.campaign.3QPIJCNB53LHM,Women's High Waist Yoga Booty Shorts,Boudaner,2026-07-21,2027-01-31,10.00%,10000.0,9762.72,32,800,false
"[B0FCLBMNYC, B0DN1NF6SX, B0DN1ND89C, B0DN1M98XC, B0FCLJ1L7X, B0DN1J7J9H, B0DN1PFYFD, B0DN1PZ9MG, B0DN1P8VL8, B0DN1JX683, B0DN1KQ9BN, B0DN1JQ3SQ, B0FZT5P37B, B0DN1KDJ44, B0DN1LWLJQ, B0DN1PR817, B0DN1LCZMD, B0DN1MYB6N, B0FCL1R4QH, B0FCLSQ2R1, B0DN1LCPJ5, B0DN1N6RPP, B0FCL7RH5M, B0DN1Q85X7, B0FCLBL19H, B0FCLHK8SW, B0FCL4X6HN, B0FCLDML6K, B0DN1MP6MW, B0FCL21TWB]",amzn1.campaign.2GL81R39YAFN,DN50939 Donnalla,Donnalla,2026-07-21,2027-03-31,10.00%,5000.0,4989.0,49,800,false
"[B0FL247XPS, B0C5J883L4, B0C5J7SSBK, B0CD3YD3L5, B0FR7XS92T, B0CD3WVSDR, B0CD3V325H, B0CD3Y5FH4, B0CD3XZ23X, B0C5J58Q9P, B0CD3X76FT, B0C5J8GHS2, B0C5J85HL1, B0CD3VB7V4, B0C5J7P9Y8, B0FL23LGZT, B0CD3VZK6K, B0CD3Y2FBX, B0CD3YL2DS, B0C5J73NFD, B0FL233FQX, B0CD3WRVP4, B0CD3XTC29, B0C5J9S6WL, B0FL26HNXP, B0CD3XDQYL, B0FL23SG8H, B0C5J6BF2M, B0C5J73N8B, B0C5J51FPD, B0CD3YSCXK, B0C5JC4S84, B0CD3ZZLNK, B0FL261GQ2, B0FL23V5B4]",amzn1.campaign.3P7C2N2EPCU2K,2302153款裸色/豹纹-2026/7/21-10%,MUSSHOE,2026-07-21,2026-10-31,10.00%,10000.0,9569.25,37,800,false
"[B0H8NGHBMD, B0H8NL8YMT]",amzn1.campaign.2JVFPZ4O23K90,Brand Content Creator Program _ Cat Chair_New Listing,QNMPGA,2026-07-21,2026-09-30,10.00%,5000.0,4963.3,43,800,false
"[B0H3KWDR3Z, B0H3L51T2Y, B0H3KXKG1Z, B0H3KXPWMG, B0H3KS4GS3, B0H3KXXM5T, B0H3L5795R, B0H3KX1YKH, B0H3KRD7N9, B0H3KVCYQ9, B0H3KY4P8T, B0H3KYN33L, B0H3KX3V5D, B0H3KT89GT, B0H3KRTVS2, B0H3KYY3QP, B0H3KXN72R, B0H3KT83G3, B0H3KX9QYH, B0H3KQMCLZ, B0H3KXM17T, B0H3KRN6K6, B0H3KR94FM, B0H3KXTPTX, B0H3KT1FKS, B0H3KS1S59, B0H3KPFMQ2, B0H3KW3ZZ9]",amzn1.campaign.28QGUUJ015U8C,"N8W097 - Sweatpants for men, 10% Commission",Aoysky,2026-07-21,2027-07-21,10.00%,5000.0,4992.2,40,800,false
"[B0G8KJPZ4X, B0DQTK11XD, B0DQTDQB2W, B0DQTBLKP7, B099F2SNTK, B096F4T83Z, B0DQ8PQQFV, B0DQSS7TZ8, B09YM6YS16, B0BWMNHTTQ, B0C4H49J7V, B096F6YSRY, B0DQSV6CK5, B0BWMNWVCZ, B0G8KCWV7Q, B0G8KCWV87, B0DQTSRQ4X, B0BWMNWJ6M, B0CX134TC9, B096F7Q9RM, B0CX1J578F, B0DQTKFP7D, B0G8KYLWVR, B0BWMNKMM4, B0BWMNGR9Z, B0CX14559R, B0CX19149C, B0BWMN94ZH, B0BWMNN34H, B0G8K37511]",amzn1.campaign.2DL7EGZ1TN8AY,Stylish Swimwear Savings Up To 55% OFF -HY-5405,BIKINX,2026-07-21,2026-10-24,10.00%,5000.0,5000.0,68,800,false
"[B0FBWNJ82W, B0FBWNRZTC, B0FBWNQN8S, B0FBWP1NQX, B0FBWMG4WP, B0FKGLH5FF, B0FFGL3KBH, B0FBWNQ9C8, B0FFGNKQRB, B0GG8RJTW1, B0FFGP1D6F, B0FFGL2HDR, B0FBWPJBQV, B0FBWNR8Q3, B0FFGQXB4T, B0FKGDDLJN, B0FKGGCZ76, B0FKGK4CD6, B0FBWNK8DW, B0FBWN4SCB, B0FBWN3NMP, B0FFGLJ393, B0GWQ5L3KH, B0H5J6ZRFW]",amzn1.campaign.29MHYAA87DC2K,褶皱上衣256001-20%佣金-0720,Talakeno,2026-07-21,2026-10-15,20.00%,10000.0,9977.8,57,800,false
[B0H2L9NR4K],amzn1.campaign.A9PKHV3ESSXV,10% COMMISSION! B0H2L9NR4K 2Pcs Banana Squishy Fidget Toys,Vaofrean,2026-07-21,2026-10-21,10.00%,5000.0,4999.2,47,800,false
"[B0H6WBFZNC, B0H6WB9RML, B0H6WQMDV8, B0H6W9MLVZ, B0H6WWQG4Y, B0H6WHV4BN, B0H6WLL5XH, B0H6WM25YC, B0H6W9Q5HN, B0H6WJ6YXJ]",amzn1.campaign.FKWI2HAWR0FE,TryItForFree_ContentCreator,Hizetol,2026-07-21,2026-12-20,10.00%,5000.0,5000.0,80,800,false
"[B0H6ZTYNX3, B0H6ZXXY4V, B0H712ZCXD, B0H71112BT, B0H71328HX, B0H712T3TJ, B0H6ZV1WLH, B0H712PF6Z, B0H7169PC8, B0H711G75X, B0H712V3MV, B0H717RPQ8, B0H6ZZDTV3, B0H6ZZ4LT1, B0H6ZT3FV6, B0H718W5XM, B0H712SDHD, B0H6ZTX5RF, B0H711886T, B0H711TD3H, B0H6ZWV7C3, B0H71158DC, B0H6ZRSP75, B0H715P535, B0H716JK7R, B0H6ZYB8CG, B0H6ZY274V, B0H718T5VB, B0H713VV8V, B0H6ZXX2FS]",amzn1.campaign.33GRN2UC3I8QO,EVALESS MN5W2728412,EVALESS,2026-07-21,2027-07-20,10.00%,10000.0,9707.99,0,800,false
"[B0H6WBFZNC, B0H6WB9RML, B0H6WQMDV8, B0H6W9MLVZ, B0H6WWQG4Y, B0H6WHV4BN, B0H6WLL5XH, B0H6WM25YC, B0H6W9Q5HN, B0H6WJ6YXJ]",amzn1.campaign.E17V5MSDUD5X,TryItForFree_ContentCreator,Hizetol,2026-07-21,2026-12-21,10.00%,5000.0,5000.0,86,800,false
"[B0FP5HW2GY, B0FP5GPLSN, B0FP563D69, B0FP5DKYHJ, B0FP5FC4NQ, B0FP5HYPDX, B0FP5HHD4N, B0FP5F94PK, B0FP5DGVXJ, B0FP5CGZJJ, B0FP5DDVSF, B0FP55JJW1, B0FP5DMB28, B0FP5CVCRJ, B0FP5CVCRK, B0FP5HKCDM, B0FP5HF7FZ, B0FP5DB2KJ, B0FP5D4NTC, B0FP5G49N9, B0FP5GLTZL, B0FP5FR1FY, B0FP5JLWYW, B0FP5FVMVQ, B0FP5HJYHH, B0FP5DLTJM, B0FP5GM9CY, B0FP5CTN73, B0FP5GG7TG, B0FP5FYQBS, B0FP5FFFWN, B0FP5D1C6W, B0FP5FT23X, B0FP5HTH67, B0FP5GT8RB, B0FP5DNJJK, B0FP5GFWPP, B0FP5FQNNJ, B0FP5FSV7M, B0FP5GW3HR, B0FP5FRQ4L, B0FP5GP1J9, B0FP5CL6WW, B0FP5CW51Y, B0FP5J6VFQ, B0FP5GP1J8, B0FP5CYGJC, B0FP5DHN5N]",amzn1.campaign.DTEEXIB0JMRR,🔥 This belt is trending — 10% commission on LEACOOLKEY,LEACOOLKEY,2026-07-21,2026-10-01,10.00%,5000.0,5000.0,55,800,false
"[B0H6WBFZNC, B0H6WB9RML, B0H6WQMDV8, B0H6W9MLVZ, B0H6WWQG4Y, B0H6WHV4BN, B0H6WLL5XH, B0H6WM25YC, B0H6W9Q5HN, B0H6WJ6YXJ]",amzn1.campaign.2NN5DN2F46F8R,TryItForFree_ContentCreator,Hizetol,2026-07-21,2026-12-22,10.00%,5000.0,5000.0,81,800,false
"[B0H6WBFZNC, B0H6WB9RML, B0H6WQMDV8, B0H6W9MLVZ, B0H6WWQG4Y, B0H6WHV4BN, B0H6WLL5XH, B0H6WM25YC, B0H6W9Q5HN, B0H6WJ6YXJ]",amzn1.campaign.1MG2EMTCUJ4Q0,TryItForFree_ContentCreator,Hizetol,2026-07-21,2026-12-23,10.00%,5000.0,5000.0,81,800,false
[B0F2TC4CX5],amzn1.campaign.1Q7UU905WHL27,20 Pack Gel Light Filter Sheets,GREAT&LUCKY,2026-07-21,2026-10-31,10.00%,5000.0,4908.16,53,800,false
"[B0GV3K2FN4, B0B1CR8RJJ, B0D69M34ZJ]",amzn1.campaign.O6AQ3JZXKHFQ,10% Commission – Flower Hair Clips 🌸🌸,Vigorpace,2026-07-21,2026-10-21,10.00%,5000.0,4999.1,26,800,false
"[B0H6WBFZNC, B0H6WB9RML, B0H6WQMDV8, B0H6W9MLVZ, B0H6WWQG4Y, B0H6WHV4BN, B0H6WLL5XH, B0H6WM25YC, B0H6W9Q5HN, B0H6WJ6YXJ]",amzn1.campaign.24T94F1ESS310,TryItForFree_ContentCreator,Hizetol,2026-07-21,2026-12-24,10.00%,5000.0,5000.0,85,800,false
"[B0GTV11KG3, B0GTTQN7SS, B0BS3VV21F, B0GTV65LVW, B0GTTN4WCN]",amzn1.campaign.2HMSOLXVK2D18,High commission! High rating！Bestseller!!!,Meruninggo,2026-07-21,2027-07-21,10.00%,9999.0,9996.1,43,800,false
"[B0DBM31CW7, B0DHZ3D54P]",amzn1.campaign.3UYHB225D4TZS,Grinding machine promotion,FAOFER,2026-07-21,2026-10-31,10.00%,5000.0,4756.19,40,800,false
"[B0H6WBFZNC, B0H6WB9RML, B0H6WQMDV8, B0H6W9MLVZ, B0H6WWQG4Y, B0H6WHV4BN, B0H6WLL5XH, B0H6WM25YC, B0H6W9Q5HN, B0H6WJ6YXJ]",amzn1.campaign.VP6MK72UI3A6,TryItForFree_ContentCreator,Hizetol,2026-07-21,2026-12-25,10.00%,5000.0,5000.0,89,800,false
"[B0F4D8KRQ7, B0F4DJBXR1, B0F4D9BF7D, B0FDGDL3TF, B0GVMQK16S, B0F4DD536R, B0F4D8QZXR, B0FDGF2M7F, B0F4D71T9S, B0F4D7RRWF, B0F4DGK3MF, B0F4D91MYY, B0F4D752WB, B0F4DB6LX2, B0F4D752D1, B0F4DCS8KL, B0FDG9QGVV, B0F4D8C238, B0F4D9QT4Q, B0GDZB6WML]",amzn1.campaign.2CEAFQZ268Y6T,系带长裙254001-20%佣金-7.20-复制2,Talakeno,2026-07-21,2026-10-23,20.00%,10000.0,10000.0,66,800,false
"[B0G8KJPZ4X, B0DQTK11XD, B0DQTDQB2W, B0DQTBLKP7, B099F2SNTK, B096F4T83Z, B0DQ8PQQFV, B0DQSS7TZ8, B09YM6YS16, B0BWMNHTTQ, B0C4H49J7V, B096F6YSRY, B0DQSV6CK5, B0BWMNWVCZ, B0G8KCWV7Q, B0G8KCWV87, B0DQTSRQ4X, B0BWMNWJ6M, B0CX134TC9, B096F7Q9RM, B0CX1J578F, B0DQTKFP7D, B0G8KYLWVR, B0BWMNKMM4, B0BWMNGR9Z, B0CX14559R, B0CX19149C, B0BWMN94ZH, B0BWMNN34H, B0G8K37511]",amzn1.campaign.1BIXZ07CP6H1A,Summer Bikini Flash Deal From $14.99 -HY-5405,BIKINX,2026-07-21,2026-10-23,10.00%,5000.0,5000.0,68,800,false
"[B0H6WBFZNC, B0H6WB9RML, B0H6WQMDV8, B0H6W9MLVZ, B0H6WWQG4Y, B0H6WHV4BN, B0H6WLL5XH, B0H6WM25YC, B0H6W9Q5HN, B0H6WJ6YXJ]",amzn1.campaign.27OKJDWCBW04Y,TryItForFree_ContentCreator,Hizetol,2026-07-21,2026-12-26,10.00%,5000.0,5000.0,83,800,false
"[B0B1DKH5WR, B0B1DFGHVB, B0B1DKFSXK, B0B1DHTW52, B0B1DJ4T4G]",amzn1.campaign.2XESHAUSX0W2T,2026.7.20 提花,HZ & HY,2026-07-21,2026-12-31,10.00%,5000.0,5000.0,59,800,false
"[B0H6WBFZNC, B0H6WB9RML, B0H6WQMDV8, B0H6W9MLVZ, B0H6WWQG4Y, B0H6WHV4BN, B0H6WLL5XH, B0H6WM25YC, B0H6W9Q5HN, B0H6WJ6YXJ]",amzn1.campaign.101UUUN50CGEY,TryItForFree_ContentCreator,Hizetol,2026-07-21,2026-12-27,10.00%,5000.0,5000.0,76,800,false
"[B0H6WBFZNC, B0H6WB9RML, B0H6WQMDV8, B0H6W9MLVZ, B0H6WWQG4Y, B0H6WHV4BN, B0H6WLL5XH, B0H6WM25YC, B0H6W9Q5HN, B0H6WJ6YXJ]",amzn1.campaign.1WGLK8SVA3S9O,TryItForFree_ContentCreator,Hizetol,2026-07-21,2026-12-28,10.00%,5000.0,5000.0,83,800,false
"[B0H97S6DKC, B0H97D73QW, B0H97D87NR, B0H97P7S96, B0H9849M8N, B0H97M9F26, B0H97RQSMG, B0H97SC4VX, B0H97K7JMD, B0H97S9G3Z, B0H97B97KD, B0H9842D65, B0H97T7KF9, B0H981PLWY, B0H97DJXQY, B0H97Q9ZQ6, B0H97VC2RM, B0H97ZVNXL, B0H981X9W6, B0H97V56LB]",amzn1.campaign.2OO69Q5ZFS4N6,"15% Commission, Womens Cropped Funnel Neck Jacket",TAQCUX,2026-07-21,2027-07-21,15.00%,10000.0,9747.36,27,800,false
"[B0H6WBFZNC, B0H6WB9RML, B0H6WQMDV8, B0H6W9MLVZ, B0H6WWQG4Y, B0H6WHV4BN, B0H6WLL5XH, B0H6WM25YC, B0H6W9Q5HN, B0H6WJ6YXJ]",amzn1.campaign.2MGYE22F69ISX,TryItForFree_ContentCreator,Hizetol,2026-07-21,2026-12-29,10.00%,5000.0,5000.0,81,800,false
"[B0H6WBFZNC, B0H6WB9RML, B0H6WQMDV8, B0H6W9MLVZ, B0H6WWQG4Y, B0H6WHV4BN, B0H6WLL5XH, B0H6WM25YC, B0H6W9Q5HN, B0H6WJ6YXJ]",amzn1.campaign.2A22SI8133U6R,TryItForFree_ContentCreator,Hizetol,2026-07-21,2026-12-30,10.00%,5000.0,5000.0,80,800,false
"[B0F4D8KRQ7, B0F4DJBXR1, B0F4D9BF7D, B0FDGDL3TF, B0GVMQK16S, B0F4DD536R, B0F4D8QZXR, B0FDGF2M7F, B0F4D71T9S, B0F4D7RRWF, B0F4DGK3MF, B0F4D91MYY, B0F4D752WB, B0F4DB6LX2, B0F4D752D1, B0F4DCS8KL, B0FDG9QGVV, B0F4D8C238, B0F4D9QT4Q, B0GDZB6WML]",amzn1.campaign.36JKYW0FLA7UZ,系带长裙254001-20%佣金-7.20-复制1,Talakeno,2026-07-21,2026-10-01,20.00%,10000.0,10000.0,71,800,false
"[B0GZVRX4RM, B0GVXVF5GT, B0GVXVKM97, B0GVXY3R87, B0GZVQ5MS1, B0GVXXKPH6, B0GVXWZ7DP, B0GVXSKRNS, B0GVXXHPHB, B0GVXSM7W8, B0GVXPYDSX, B0GVXT3CV3, B0GZW1GGPD, B0GVY4QJY7, B0GZVWLX1L, B0GVXQDXM3]",amzn1.campaign.1V703TMLQNNG4,AQ1120-Gingham Short Bell Sleeve Crew Neck Ruffle Babydoll Peplum Blouse Shirts,Ailoqing,2026-07-21,2026-09-30,10.00%,5000.0,4953.6,31,800,false
"[B0H6WBFZNC, B0H6WB9RML, B0H6WQMDV8, B0H6W9MLVZ, B0H6WWQG4Y, B0H6WHV4BN, B0H6WLL5XH, B0H6WM25YC, B0H6W9Q5HN, B0H6WJ6YXJ]",amzn1.campaign.YLCQV67W36Z3,TryItForFree_ContentCreator,Hizetol,2026-07-21,2026-12-31,10.00%,5000.0,5000.0,78,800,false
[B0H139WD57],amzn1.campaign.1VHUP28WTJHHF,DOWNSTORIA FUTON MATTRESS,DOWNSTORIA,2026-07-21,2027-03-31,15.00%,100000.0,99910.11,28,800,false
"[B0GY8JG7LQ, B0GY8KP7ZT, B0GY8HHNVJ, B0GY8NN74Y, B0GY8R7M61, B0GY8Q6BT4, B0GY8KP7ZR, B0GY8L7HZG, B0GY8PBN72, B0GY8MQ2FN, B0GY8J6VX8, B0GY8VRTN1, B0GY8KZHMY, B0GY8TFQRK, B0GY8N6GX4, B0GY8MSDKH, B0GY8CL1T6, B0GY8JRSSP, B0GY8NP786, B0GY8S36TV, B0GY8PWN9G, B0GY8N82XS, B0GY8JR4C9, B0GY8RR67T, B0GY8BVK94, B0GY8NK475, B0GY8VT87L, B0GY8JSWZ2, B0GY8P9TNP, B0GY8QKKN7, B0GY8L91SY, B0GY8Q4ZDY, B0GY8Q99LB, B0GY8PKKKH, B0GY8FXHBK, B0GY8PBN76, B0GY8SCCMM, B0GY8N1D6W, B0GY8FYPL3, B0GY8FXHBL, B0GY8FXHBM, B0GY8LQTWG, B0GY8K98ZV, B0GY8SS3G9, B0GY8SBNZY, B0GY8TQGPP, B0GY8SJWXS, B0GY8PVBFH, B0GY8R63HP, B0GY8J3VB1, B0GY8Q4HRK, B0GY8MHMXL, B0GY8MZCK4, B0GY8S4MM4, B0GY8S4MM2, B0GY8SSL4K, B0GY8SXM7Q, B0GY8KW5LX, B0GY8SG24Z, B0GY8KN4N1, B0GY8L9JBM, B0GY8LD17B, B0GY8R5LJY, B0GY8LK2HY, B0GY8RBFHN, B0GY8PRJZX, B0GY8L9796, B0GY8NTTLR, B0GY8K21W5, B0GY8NZ6GQ, B0GY8Z7GTG, B0GY8MS9WF]",amzn1.campaign.22O4G24BXCFYA,"AUSELILY 2026 New Fashion Invite! Annual sales quantity: 50,00!!!-61223",AUSELILY,2026-07-21,2027-01-31,10.00%,5000.0,4851.77,20,800,false
[B0H6X34YC4],amzn1.campaign.YZQ9BVU2E887,Teeth Whitening Powder,YOUNGTEC,2026-07-21,2027-06-30,20.00%,5000.0,4746.89,42,800,false
"[B0F4D8KRQ7, B0F4DJBXR1, B0F4D9BF7D, B0FDGDL3TF, B0GVMQK16S, B0F4DD536R, B0F4D8QZXR, B0FDGF2M7F, B0F4D71T9S, B0F4D7RRWF, B0F4DGK3MF, B0F4D91MYY, B0F4D752WB, B0F4DB6LX2, B0F4D752D1, B0F4DCS8KL, B0FDG9QGVV, B0F4D8C238, B0F4D9QT4Q, B0GDZB6WML]",amzn1.campaign.12Y6X11D684ID,系带长裙254001-20%佣金-7.20,Talakeno,2026-07-21,2026-11-10,20.00%,10000.0,10000.0,65,800,false
"[B0FY6F5NZY, B0FY6GTM7W]",amzn1.campaign.MS6MJFECS4J4,🌙Soft-Cool Comfort — Cooling Eye Mask Partner Call--XYB67,NEWLA,2026-07-27,2026-10-31,10.00%,10000.0,10000.0,67,800,false
"[B0GYRT2NMP, B0H19VPXQG]",amzn1.campaign.1XRBYQRK65VCS,PL05-TS32A+TS43,VST,2026-07-21,2027-07-21,11.00%,10000.0,9979.54,44,800,false
"[B0FNZQNP61, B0FP1H5QWP, B0FNZZCW6S, B0FP1K4GC8, B0FP12814Y, B0FP19DLPX, B0FP14D4PM, B0FP19FXRP, B0FNZNGLBY, B0FP153TQ8]",amzn1.campaign.2TTMT4MAILRT9,💖 Vepose Women 9566 Elastic Band Long Boots -Looking for Amazon Influencers! ✨,VEPOSE,2026-07-21,2027-02-28,10.00%,5000.0,5000.0,56,800,false
"[B0GTTWYV6H, B0GJ4MR8G9, B0GJ4YVN6P, B0GTLZ1BV3, B0GJ5CMFN9, B0GJ4NW9NY, B0GJRWBGHD, B0H12D3RLC, B0GJRTVXDY, B0H1LBZDNK, B0GWJ41J6X, B0GTLV4Y8J, B0GJ4SKY5X, B0GVMZD1GN, B0GJSB32TM, B0GTLQPJW2, B0GJRYT7SX, B0GJ5FQJVQ, B0GWPL4B1Q, B0GJ52JS9S, B0GTLV2CPF, B0GTLTR68F, B0GJS9WRCP, B0GTLTM3F5, B0GJRVZ3BM, B0GVN51VYK, B0GJ4TR9Z9, B0GTLND3GF, B0GJ56G9NC, B0GTLNKKZ3, B0GTLWSWYB, B0GTLM1MSZ, B0GVMW5KF7, B0GTLTR31F, B0GJRZ48KH, B0GTLYRZM7, B0GJ4XF28G, B0GJ51FJYM, B0GTM7N68H, B0GTLYVDFC, B0H122HQZF, B0GVMX59Q8, B0GJ4LF7F4, B0GTLZ4XFT, B0GJ4HZY4L, B0GJS9TXNH, B0GTLXL45N, B0GJ4YL1SD, B0GJ4XR5BC, B0GTLX8VLH, B0GJ52GX2C, B0GJS45P5C, B0GVN8865B, B0GJS49ZR2, B0GTLV3YG1, B0GTLT2MX3, B0GJRZYCYR, B0GTLT5BDQ, B0GJS5JR9K, B0GJRTK9QY]",amzn1.campaign.1GVKRULC9MAAR,瑜伽服25J121-20%佣金-7.20-复制2,Talakeno,2026-07-21,2026-10-01,20.00%,10000.0,10000.0,64,800,false
"[B0DWSF8LT4, B0DWSRB9NG, B0F326M674, B0DWSJ4MTS, B0DWSJVXS9, B0DWSTQCMD, B0DWSJ5PT3, B0DWSR79DG, B0DWSLZTT9, B0DWSHBWTH, B0DWSM6M11, B0DWSRW3S2, B0DWSFT2CY, B0DWS1P28M, B0DWS7H9F2, B0DWSJ1TQ6, B0DWSDDY17]",amzn1.campaign.2S3KCWYNSUJFP,Women's Fall Denim Shacket  (10% -252009),Hixiaohe,2026-07-21,2027-07-21,10.00%,5000.0,5000.0,23,800,false
"[B0FNZQNP61, B0FP1H5QWP, B0FNZZCW6S, B0FP1K4GC8, B0FP12814Y, B0FP19DLPX, B0FP14D4PM, B0FP19FXRP, B0FNZNGLBY, B0FP153TQ8]",amzn1.campaign.1NHBC5H1060XC,💖 Vepose Women 9566 Elastic Band Long Boots -Looking for Amazon Influencers! ✨,VEPOSE,2026-07-21,2027-01-31,10.00%,5000.0,5000.0,61,800,false
"[B0H45H2V2M, B0H45541X1, B0H45FFTJ9, B0H44WLMMS, B0H456BS1K, B0H45B7SKT, B0H455D7G9, B0H456P7GK]",amzn1.campaign.3E8XGB9W2Z7I7,9408浴室垫,Bald Eagle Grip,2026-07-21,2027-07-21,15.00%,5000.0,4963.73,41,800,false
[B0H54QL4DN],amzn1.campaign.3OM0H67630U2Z,clamp mop 15% Commission！,Hckaz,2026-07-21,2026-12-31,15.00%,10000.0,9990.55,39,800,false
[B0GT9HG7BT],amzn1.campaign.1IM4ONMYKR2BP,Effortless Ironing Collective,QBAMZ,2026-07-21,2026-10-24,15.00%,5000.0,5000.0,40,800,false
"[B0FY6F5NZY, B0FY6GTM7W]",amzn1.campaign.1DJ6RBP286YTA,💧Dry-Eye Soothe — Cooling Eye Mask Influencer Drop--XYB66,NEWLA,2026-07-27,2026-10-30,10.00%,10000.0,10000.0,66,800,false
"[B0GTTWYV6H, B0GJ4MR8G9, B0GJ4YVN6P, B0GTLZ1BV3, B0GJ5CMFN9, B0GJ4NW9NY, B0GJRWBGHD, B0H12D3RLC, B0GJRTVXDY, B0H1LBZDNK, B0GWJ41J6X, B0GTLV4Y8J, B0GJ4SKY5X, B0GVMZD1GN, B0GJSB32TM, B0GTLQPJW2, B0GJRYT7SX, B0GJ5FQJVQ, B0GWPL4B1Q, B0GJ52JS9S, B0GTLV2CPF, B0GTLTR68F, B0GJS9WRCP, B0GTLTM3F5, B0GJRVZ3BM, B0GVN51VYK, B0GJ4TR9Z9, B0GTLND3GF, B0GJ56G9NC, B0GTLNKKZ3, B0GTLWSWYB, B0GTLM1MSZ, B0GVMW5KF7, B0GTLTR31F, B0GJRZ48KH, B0GTLYRZM7, B0GJ4XF28G, B0GJ51FJYM, B0GTM7N68H, B0GTLYVDFC, B0H122HQZF, B0GVMX59Q8, B0GJ4LF7F4, B0GTLZ4XFT, B0GJ4HZY4L, B0GJS9TXNH, B0GTLXL45N, B0GJ4YL1SD, B0GJ4XR5BC, B0GTLX8VLH, B0GJ52GX2C, B0GJS45P5C, B0GVN8865B, B0GJS49ZR2, B0GTLV3YG1, B0GTLT2MX3, B0GJRZYCYR, B0GTLT5BDQ, B0GJS5JR9K, B0GJRTK9QY]",amzn1.campaign.1J8OPZU4G1RAH,瑜伽服25J121-20%佣金-7.20-复制1,Talakeno,2026-07-21,2026-11-26,20.00%,10000.0,10000.0,65,800,false
"[B0H1CDCS3G, B0GL14P1MW, B0GQSZQ6V7]",amzn1.campaign.3I9RZEBN0FV4A,Nxwjoy Cat Scratch Pad for Cats Adults Sisal Cat Scratcher Bed CSP2602/2603/2604,Nxwjoy,2026-07-21,2027-04-08,10.00%,5000.0,4936.13,30,800,false
[B0H2991RX6],amzn1.campaign.1EZCJ8FSCFI8R,10% COMMISSION! B0H2991RX6 3Pack Apple Squishy Fruit Fidget Sensory Toys,Vaofrean,2026-07-21,2027-01-01,10.00%,5000.0,4990.3,30,800,false
"[B0F9Y913Y8, B0B8Y871M4, B0CC2D79L1, B0CNNZTHQ9]",amzn1.campaign.28OUC3U2JJ0L5,2026.7.20 鸭子,ValenLyra,2026-07-21,2026-12-31,10.00%,1000000.0,999996.58,37,800,false
"[B0GTTWYV6H, B0GJ4MR8G9, B0GJ4YVN6P, B0GTLZ1BV3, B0GJ5CMFN9, B0GJ4NW9NY, B0GJRWBGHD, B0H12D3RLC, B0GJRTVXDY, B0H1LBZDNK, B0GWJ41J6X, B0GTLV4Y8J, B0GJ4SKY5X, B0GVMZD1GN, B0GJSB32TM, B0GTLQPJW2, B0GJRYT7SX, B0GJ5FQJVQ, B0GWPL4B1Q, B0GJ52JS9S, B0GTLV2CPF, B0GTLTR68F, B0GJS9WRCP, B0GTLTM3F5, B0GJRVZ3BM, B0GVN51VYK, B0GJ4TR9Z9, B0GTLND3GF, B0GJ56G9NC, B0GTLNKKZ3, B0GTLWSWYB, B0GTLM1MSZ, B0GVMW5KF7, B0GTLTR31F, B0GJRZ48KH, B0GTLYRZM7, B0GJ4XF28G, B0GJ51FJYM, B0GTM7N68H, B0GTLYVDFC, B0H122HQZF, B0GVMX59Q8, B0GJ4LF7F4, B0GTLZ4XFT, B0GJ4HZY4L, B0GJS9TXNH, B0GTLXL45N, B0GJ4YL1SD, B0GJ4XR5BC, B0GTLX8VLH, B0GJ52GX2C, B0GJS45P5C, B0GVN8865B, B0GJS49ZR2, B0GTLV3YG1, B0GTLT2MX3, B0GJRZYCYR, B0GTLT5BDQ, B0GJS5JR9K, B0GJRTK9QY]",amzn1.campaign.EWIK63OXKS1Z,瑜伽服25J121-20%佣金-7.20,Talakeno,2026-07-21,2026-11-12,20.00%,10000.0,10000.0,70,800,false
"[B0FY6F5NZY, B0FY6GTM7W]",amzn1.campaign.U36CEF2T5XR6,🧊Migraine Melt — Cooling Eye Mask Creator Collab--XYB65,NEWLA,2026-07-27,2026-10-29,10.00%,10000.0,10000.0,80,800,false
"[B0G8KJPZ4X, B0DQTK11XD, B0DQTDQB2W, B0DQTBLKP7, B099F2SNTK, B096F4T83Z, B0DQ8PQQFV, B0DQSS7TZ8, B09YM6YS16, B0BWMNHTTQ, B0C4H49J7V, B096F6YSRY, B0DQSV6CK5, B0BWMNWVCZ, B0G8KCWV7Q, B0G8KCWV87, B0DQTSRQ4X, B0BWMNWJ6M, B0CX134TC9, B096F7Q9RM, B0CX1J578F, B0DQTKFP7D, B0G8KYLWVR, B0BWMNKMM4, B0BWMNGR9Z, B0CX14559R, B0CX19149C, B0BWMN94ZH, B0BWMNN34H, B0G8K37511]",amzn1.campaign.28N2CK255XUFW,Get Trendy Bikini Style For $14.99 Today -HY-5405,BIKINX,2026-07-21,2026-10-21,10.00%,5000.0,5000.0,64,800,false
"[B0C8JQ7PKL, B0CXXN56J7, B0C8JMGRFF, B0C8JNMLZ4, B0C8JP5CWQ, B0C8JNWMR5, B0C8JNQHJ6, B0CXXDFB2T, B0C8JRMNQ6, B0C8JNLYTJ, B0C8JQRP93, B0C8JLDW98, B0CXXFNV1K, B0CXXCRS3Q, B0C8JL1RFJ, B0C8JNBSQ2, B0CXXLVC3P, B0CXXG2PQY, B0C8JNMNVM, B0C8JMLT75, B0C8JPSF6R, B0C8JMQQ43, B0C8JPCG8L, B0C8JNMQ3J, B0C8JMW2WH, B0C8JMYTCX, B0C8JSHVK6, B0C8JNL25R, B0CXX8YTG8, B0C8JP987Z, B0C8JQK626, B0CXXCB1XC, B0CXXN3WQ1, B0CXXBW5MR, B0C8JQ5GN1, B0CXXSS6P4, B0C8JR9T26, B0CXX8M65M]",amzn1.campaign.3VPKX49THD5BB,60516款-2026/7/21-15%,MUSSHOE,2026-07-21,2026-12-31,15.00%,5000.0,4942.4,47,800,false
"[B083BG9SZ5, B0DX21KRW9, B0CTZHB2F5, B0G4CD8VGT, B083BB1GWJ, B0CGRX3NG8, B0CGRPM6LJ, B083BHRT5Z, B0G4CDFD76, B0DX22NBS1, B0DX2423T4, B0CGRJHL2X, B07MZVXYQQ, B083BDHLSB, B083BJ5BHZ, B0CTYWPSGT, B083BMG883, B0G4CFH832, B083B9KQWY, B0G4C8YJBL, B0G4C7FTDD, B0G4CCRHF5, B0CGRMVD3Q, B0CTZL3B3Q, B0G4CC17TM, B0CX8TRTS5, B0CGRTVFH8, B0DX22G4WB, B0DTK638CL, B0DX22YL3F, B0CPHLV5MT, B083BGMRFC, B0DTK6S3ZK, B0G4C8XG4C, B0G4CBWJ5C, B0DSZXVZ4C, B0DX22ZMBC, B0DTK5Y8V9, B0CX8SB7X5, B0DSZJQKTM, B0CGRHWLQ2, B0G4C8YBD1, B0DX21QLFT, B0CGRFBDZQ, B0G4CBDT5G, B0G4CBR8M5, B0DX23TJWS, B0DX2324GG, B0CGRJBWZ5, B0DX236KDQ, B0CGRJTR15, B0827DD62Y, B0G4CFG6SV, B0G4C86HVY, B0DZ6MYQ8R, B0CGRJBQXL, B07ZH6PCX7, B0G4C66W2J, B0DT15Q4DJ, B0827DJQNC, B0DMV78W2X, B083BFDTWM, B07PT4YTLD, B083BQ5F5N, B0CTYYGWCH, B0D256PTN6, B0DX23576R, B0DTK7SWSD, B0DYDHBM9L, B0DTK5LX9V, B0DTK4ZQWR, B0CPHSFFZC, B0CXPL6DN9, B0CX8KDQQH, B07MZVVWJK]",amzn1.campaign.1JS1K9LE0YEJE,GINGTTO dk Mens Skinny Jean Shorts: Partner With Us for Great Commissions,GINGTTO,2026-07-21,2026-10-31,15.00%,5000.0,5000.0,39,800,false
"[B0GQL5YF28, B0GDDV9MJ8, B0GDDLHJGL, B0GDDLK4VX, B0GDDXT57Z, B0GDDL4SS9, B0GDDYVPLQ, B0GDDV5HDH, B0GQLC4DMP, B0GDDLKDYD, B0GDDFM32G, B0GDDNCM42, B0GDDHRDJS, B0GDDLM8WC, B0GQLBBPPF, B0GQLKNZ3B, B0GSV6J5J3, B0GDDKT3ZP, B0GDDFBY6G, B0GDDYLXKG, B0GDDYK4HK, B0GDDJ98V1, B0GDDV5W56, B0GDDYJQJQ]",amzn1.campaign.1C9IGEMYMURXE,AQ1001-Boho Floral Summer Casual Color Block Maxi Beach Vacation Overall Dresses,Ailoqing,2026-07-21,2026-09-30,10.00%,5000.0,4902.02,23,800,false
"[B0C8JQ7PKL, B0CXXN56J7, B0C8JMGRFF, B0C8JNMLZ4, B0C8JP5CWQ, B0C8JNWMR5, B0C8JNQHJ6, B0CXXDFB2T, B0C8JRMNQ6, B0C8JNLYTJ, B0C8JQRP93, B0C8JLDW98, B0CXXFNV1K, B0CXXCRS3Q, B0C8JL1RFJ, B0C8JNBSQ2, B0CXXLVC3P, B0CXXG2PQY, B0C8JNMNVM, B0C8JMLT75, B0C8JPSF6R, B0C8JMQQ43, B0C8JPCG8L, B0C8JNMQ3J, B0C8JMW2WH, B0C8JMYTCX, B0C8JSHVK6, B0C8JNL25R, B0CXX8YTG8, B0C8JP987Z, B0C8JQK626, B0CXXCB1XC, B0CXXN3WQ1, B0CXXBW5MR, B0C8JQ5GN1, B0CXXSS6P4, B0C8JR9T26, B0CXX8M65M]",amzn1.campaign.1KKYMT6U952IC,60516款-2026/7/21-10%,MUSSHOE,2026-07-21,2026-12-31,10.00%,5000.0,5000.0,59,800,false
[B0GJDFTM25],amzn1.campaign.29FL86NKWU1BR,B0GJDFTM25-0721-0101,Porbi,2026-07-21,2027-01-01,10.00%,5000.0,5000.0,52,800,false
"[B0GSVXYJXJ, B0F32G98RL, B0GSVY2LT6, B0FB8BSBDM, B0F4X2SCN1, B0GSW1S42J, B0F32D2416, B0F32G1KP4, B0F17B2NDX, B0GHMV8PN7, B0GSVQHVJK, B0GHMRHRYM, B0FB7Z1GT8, B0GHN4HWNK, B0F32J998F, B0F17RHM94, B0GHN2CZ1K, B0GSW55YF8, B0FB8PML7K, B0F17B3PMH, B0GF76SQXT, B0FB82Y3F2, B0F177J539, B0GSVXBZLN, B0F32JR9NQ, B0GSW53Y4G, B0GHMRHRZB, B0FB8FXSB2, B0GF76Q28N, B0GSVTHCT8, B0GHN998MM, B0GF77YQSK, B0GSVXZV4J, B0GHMZPXW7, B0DZ22HX7M, B0GHMWDZCH, B0DZ23DWYQ, B0F4WS24Q7, B0GHN555YL, B0GHND5YYD, B0DZ1ZDGRJ, B0GSW2R4HX, B0F4WNVTC3, B0GHN2B4YF, B0GSVYDFLS, B0GF75HVYV, B0F4WQ1L58, B0GF76BLT4, B0F4WNN2T4, B0F32HTJ3Z, B0GF7D3PZ3, B0GSVYHKJR, B0GHND82R8, B0F32HQ53P, B0GSVX1QVY, B0GF6W65JD, B0GHNDZF3P, B0GSW13G88, B0GHN28BZR, B0GF79B57L, B0GSVV3DQT, B0F4WTBF1B, B0GF76SQZT, B0F32HBLVY, B0F17GBFT1, B0GF7JV85W, B0GSVX2QCP, B0GSVY3PCG, B0GSW54Y89, B0GHMSB9HB, B0GF7FK9KP, B0FB8NRRMJ, B0GSVTZWZM, B0FB88H1TG, B0F32HW2L7, B0F32K34ND, B0F17FMY3T, B0DZ1ZYS4B, B0GF72FM2T, B0GHN4H9FG, B0GSW36B4R, B0F4WLQCKF, B0GF71RYCY, B0F32K2K5K, B0F4WW6JXW, B0GHN516HW, B0GSVW9G7K, B0GSW55C6G, B0F17PM9F4, B0GHMXMW9P, B0F4WTZ9W9, B0F32JXHP3, B0GHMYP48F, B0GSVVG44L, B0GSVSDSN1, B0GSVW18B8, B0F4WLPY7J, B0FF41L125, B0GHN9G1PN, B0F32HMBCS, B0GSW38ZJ4, B0GHMW6SS8, B0FB8N9BC7, B0FB84XYRG, B0F32HLGHX, B0F4WY9TLC, B0GF715L6M, B0GF7BZ457, B0GSVPWMT4, B0F32HMR1D, B0F32DQRTH, B0GSW2LR23, B0GSVZ4VHN, B0F17S6C1L, B0GSVXFFLV, B0GSVYWQ2Z, B0F4WXFKY4, B0GHMTVLP4, B0F17JXC4G, B0GHMW6SSV, B0FB8JC8NG, B0FB7VG3V5, B0GF7MRJVF, B0GHMZGDV4, B0GHMZHZN5, B0GF74R8XH, B0GSVV88X6, B0F4WZLGH6, B0GHN8F4D1, B0GHMTYL9C, B0GF6X21L5, B0F32HMR4W, B0F32D4FHJ, B0GHNT1L3X, B0GHMYMYQC, B0GSVYJCGX, B0GSW534NL, B0F4WVDJG2, B0GHN53D2J, B0GSVSPY54, B0FB8PWRR2, B0F32GR6SW, B0GSW2QX8R, B0F32HBRMX, B0FB8FR92C, B0FB8S6DJT, B0GSVTVRQ1, B0F4WLP4TT, B0GSVWZ7J9, B0F64P7DN9, B0GSW1TPLW, B0GF78M2BW, B0GF711HYH, B0FB86TM3Q, B0GSVQ9V3R]",amzn1.campaign.3NGQBCSYGR2GX,系带短裙2021-7.17-佣金20%-复制4,Talakeno,2026-07-21,2027-05-30,20.00%,10000.0,9962.72,45,800,false
"[B0FY6F5NZY, B0FY6GTM7W]",amzn1.campaign.33XSP2L5J2CLN,✨Creator Chill — Cooling Eye Mask Collab 😌--XYB64,NEWLA,2026-07-27,2026-10-28,10.00%,10000.0,10000.0,78,800,false
"[B0GSVXYJXJ, B0F32G98RL, B0GSVY2LT6, B0FB8BSBDM, B0F4X2SCN1, B0GSW1S42J, B0F32D2416, B0F32G1KP4, B0F17B2NDX, B0GHMV8PN7, B0GSVQHVJK, B0GHMRHRYM, B0FB7Z1GT8, B0GHN4HWNK, B0F32J998F, B0F17RHM94, B0GHN2CZ1K, B0GSW55YF8, B0FB8PML7K, B0F17B3PMH, B0GF76SQXT, B0FB82Y3F2, B0F177J539, B0GSVXBZLN, B0F32JR9NQ, B0GSW53Y4G, B0GHMRHRZB, B0FB8FXSB2, B0GF76Q28N, B0GSVTHCT8, B0GHN998MM, B0GF77YQSK, B0GSVXZV4J, B0GHMZPXW7, B0DZ22HX7M, B0GHMWDZCH, B0DZ23DWYQ, B0F4WS24Q7, B0GHN555YL, B0GHND5YYD, B0DZ1ZDGRJ, B0GSW2R4HX, B0F4WNVTC3, B0GHN2B4YF, B0GSVYDFLS, B0GF75HVYV, B0F4WQ1L58, B0GF76BLT4, B0F4WNN2T4, B0F32HTJ3Z, B0GF7D3PZ3, B0GSVYHKJR, B0GHND82R8, B0F32HQ53P, B0GSVX1QVY, B0GF6W65JD, B0GHNDZF3P, B0GSW13G88, B0GHN28BZR, B0GF79B57L, B0GSVV3DQT, B0F4WTBF1B, B0GF76SQZT, B0F32HBLVY, B0F17GBFT1, B0GF7JV85W, B0GSVX2QCP, B0GSVY3PCG, B0GSW54Y89, B0GHMSB9HB, B0GF7FK9KP, B0FB8NRRMJ, B0GSVTZWZM, B0FB88H1TG, B0F32HW2L7, B0F32K34ND, B0F17FMY3T, B0DZ1ZYS4B, B0GF72FM2T, B0GHN4H9FG, B0GSW36B4R, B0F4WLQCKF, B0GF71RYCY, B0F32K2K5K, B0F4WW6JXW, B0GHN516HW, B0GSVW9G7K, B0GSW55C6G, B0F17PM9F4, B0GHMXMW9P, B0F4WTZ9W9, B0F32JXHP3, B0GHMYP48F, B0GSVVG44L, B0GSVSDSN1, B0GSVW18B8, B0F4WLPY7J, B0FF41L125, B0GHN9G1PN, B0F32HMBCS, B0GSW38ZJ4, B0GHMW6SS8, B0FB8N9BC7, B0FB84XYRG, B0F32HLGHX, B0F4WY9TLC, B0GF715L6M, B0GF7BZ457, B0GSVPWMT4, B0F32HMR1D, B0F32DQRTH, B0GSW2LR23, B0GSVZ4VHN, B0F17S6C1L, B0GSVXFFLV, B0GSVYWQ2Z, B0F4WXFKY4, B0GHMTVLP4, B0F17JXC4G, B0GHMW6SSV, B0FB8JC8NG, B0FB7VG3V5, B0GF7MRJVF, B0GHMZGDV4, B0GHMZHZN5, B0GF74R8XH, B0GSVV88X6, B0F4WZLGH6, B0GHN8F4D1, B0GHMTYL9C, B0GF6X21L5, B0F32HMR4W, B0F32D4FHJ, B0GHNT1L3X, B0GHMYMYQC, B0GSVYJCGX, B0GSW534NL, B0F4WVDJG2, B0GHN53D2J, B0GSVSPY54, B0FB8PWRR2, B0F32GR6SW, B0GSW2QX8R, B0F32HBRMX, B0FB8FR92C, B0FB8S6DJT, B0GSVTVRQ1, B0F4WLP4TT, B0GSVWZ7J9, B0F64P7DN9, B0GSW1TPLW, B0GF78M2BW, B0GF711HYH, B0FB86TM3Q, B0GSVQ9V3R]",amzn1.campaign.3M739IAXFCIFA,系带短裙2021-7.17-佣金20%-复制3,Talakeno,2026-07-21,2027-05-19,20.00%,10000.0,10000.0,61,800,false
"[B0GSVXYJXJ, B0F32G98RL, B0GSVY2LT6, B0FB8BSBDM, B0F4X2SCN1, B0GSW1S42J, B0F32D2416, B0F32G1KP4, B0F17B2NDX, B0GHMV8PN7, B0GSVQHVJK, B0GHMRHRYM, B0FB7Z1GT8, B0GHN4HWNK, B0F32J998F, B0F17RHM94, B0GHN2CZ1K, B0GSW55YF8, B0FB8PML7K, B0F17B3PMH, B0GF76SQXT, B0FB82Y3F2, B0F177J539, B0GSVXBZLN, B0F32JR9NQ, B0GSW53Y4G, B0GHMRHRZB, B0FB8FXSB2, B0GF76Q28N, B0GSVTHCT8, B0GHN998MM, B0GF77YQSK, B0GSVXZV4J, B0GHMZPXW7, B0DZ22HX7M, B0GHMWDZCH, B0DZ23DWYQ, B0F4WS24Q7, B0GHN555YL, B0GHND5YYD, B0DZ1ZDGRJ, B0GSW2R4HX, B0F4WNVTC3, B0GHN2B4YF, B0GSVYDFLS, B0GF75HVYV, B0F4WQ1L58, B0GF76BLT4, B0F4WNN2T4, B0F32HTJ3Z, B0GF7D3PZ3, B0GSVYHKJR, B0GHND82R8, B0F32HQ53P, B0GSVX1QVY, B0GF6W65JD, B0GHNDZF3P, B0GSW13G88, B0GHN28BZR, B0GF79B57L, B0GSVV3DQT, B0F4WTBF1B, B0GF76SQZT, B0F32HBLVY, B0F17GBFT1, B0GF7JV85W, B0GSVX2QCP, B0GSVY3PCG, B0GSW54Y89, B0GHMSB9HB, B0GF7FK9KP, B0FB8NRRMJ, B0GSVTZWZM, B0FB88H1TG, B0F32HW2L7, B0F32K34ND, B0F17FMY3T, B0DZ1ZYS4B, B0GF72FM2T, B0GHN4H9FG, B0GSW36B4R, B0F4WLQCKF, B0GF71RYCY, B0F32K2K5K, B0F4WW6JXW, B0GHN516HW, B0GSVW9G7K, B0GSW55C6G, B0F17PM9F4, B0GHMXMW9P, B0F4WTZ9W9, B0F32JXHP3, B0GHMYP48F, B0GSVVG44L, B0GSVSDSN1, B0GSVW18B8, B0F4WLPY7J, B0FF41L125, B0GHN9G1PN, B0F32HMBCS, B0GSW38ZJ4, B0GHMW6SS8, B0FB8N9BC7, B0FB84XYRG, B0F32HLGHX, B0F4WY9TLC, B0GF715L6M, B0GF7BZ457, B0GSVPWMT4, B0F32HMR1D, B0F32DQRTH, B0GSW2LR23, B0GSVZ4VHN, B0F17S6C1L, B0GSVXFFLV, B0GSVYWQ2Z, B0F4WXFKY4, B0GHMTVLP4, B0F17JXC4G, B0GHMW6SSV, B0FB8JC8NG, B0FB7VG3V5, B0GF7MRJVF, B0GHMZGDV4, B0GHMZHZN5, B0GF74R8XH, B0GSVV88X6, B0F4WZLGH6, B0GHN8F4D1, B0GHMTYL9C, B0GF6X21L5, B0F32HMR4W, B0F32D4FHJ, B0GHNT1L3X, B0GHMYMYQC, B0GSVYJCGX, B0GSW534NL, B0F4WVDJG2, B0GHN53D2J, B0GSVSPY54, B0FB8PWRR2, B0F32GR6SW, B0GSW2QX8R, B0F32HBRMX, B0FB8FR92C, B0FB8S6DJT, B0GSVTVRQ1, B0F4WLP4TT, B0GSVWZ7J9, B0F64P7DN9, B0GSW1TPLW, B0GF78M2BW, B0GF711HYH, B0FB86TM3Q, B0GSVQ9V3R]",amzn1.campaign.578TOTKU1NRA,系带短裙2021-7.17-佣金20%-复制2,Talakeno,2026-07-21,2027-05-01,20.00%,10000.0,10000.0,64,800,false
[B0GF6JR4J3],amzn1.campaign.27TB5T9GB8CH2,LEFUGO electric knife sharpener 10% Commission,LEFUGO,2026-07-21,2026-10-24,10.00%,5000.0,5000.0,59,800,false
"[B0CGM1Z59S, B0CGLT5DCR]",amzn1.campaign.5GKXTRB4G7JV,【20% COMMISSION】 Multifunctional Hard-Bristled Crevice Cleaning Brush,BANSTLE,2026-07-26,2027-07-09,20.00%,100000.0,100000.0,10,800,false
"[B0G8KJPZ4X, B0DQTK11XD, B0DQTDQB2W, B0DQTBLKP7, B099F2SNTK, B096F4T83Z, B0DQ8PQQFV, B0DQSS7TZ8, B09YM6YS16, B0BWMNHTTQ, B0C4H49J7V, B096F6YSRY, B0DQSV6CK5, B0BWMNWVCZ, B0G8KCWV7Q, B0G8KCWV87, B0DQTSRQ4X, B0BWMNWJ6M, B0CX134TC9, B096F7Q9RM, B0CX1J578F, B0DQTKFP7D, B0G8KYLWVR, B0BWMNKMM4, B0BWMNGR9Z, B0CX14559R, B0CX19149C, B0BWMN94ZH, B0BWMNN34H, B0G8K37511]",amzn1.campaign.P5K7940RUL1,Summer Swimsuit Deal Save 55% Limited Offer -HY-5405,BIKINX,2026-07-21,2026-10-20,10.00%,5000.0,5000.0,72,800,false
"[B0GSVXYJXJ, B0F32G98RL, B0GSVY2LT6, B0FB8BSBDM, B0F4X2SCN1, B0GSW1S42J, B0F32D2416, B0F32G1KP4, B0F17B2NDX, B0GHMV8PN7, B0GSVQHVJK, B0GHMRHRYM, B0FB7Z1GT8, B0GHN4HWNK, B0F32J998F, B0F17RHM94, B0GHN2CZ1K, B0GSW55YF8, B0FB8PML7K, B0F17B3PMH, B0GF76SQXT, B0FB82Y3F2, B0F177J539, B0GSVXBZLN, B0F32JR9NQ, B0GSW53Y4G, B0GHMRHRZB, B0FB8FXSB2, B0GF76Q28N, B0GSVTHCT8, B0GHN998MM, B0GF77YQSK, B0GSVXZV4J, B0GHMZPXW7, B0DZ22HX7M, B0GHMWDZCH, B0DZ23DWYQ, B0F4WS24Q7, B0GHN555YL, B0GHND5YYD, B0DZ1ZDGRJ, B0GSW2R4HX, B0F4WNVTC3, B0GHN2B4YF, B0GSVYDFLS, B0GF75HVYV, B0F4WQ1L58, B0GF76BLT4, B0F4WNN2T4, B0F32HTJ3Z, B0GF7D3PZ3, B0GSVYHKJR, B0GHND82R8, B0F32HQ53P, B0GSVX1QVY, B0GF6W65JD, B0GHNDZF3P, B0GSW13G88, B0GHN28BZR, B0GF79B57L, B0GSVV3DQT, B0F4WTBF1B, B0GF76SQZT, B0F32HBLVY, B0F17GBFT1, B0GF7JV85W, B0GSVX2QCP, B0GSVY3PCG, B0GSW54Y89, B0GHMSB9HB, B0GF7FK9KP, B0FB8NRRMJ, B0GSVTZWZM, B0FB88H1TG, B0F32HW2L7, B0F32K34ND, B0F17FMY3T, B0DZ1ZYS4B, B0GF72FM2T, B0GHN4H9FG, B0GSW36B4R, B0F4WLQCKF, B0GF71RYCY, B0F32K2K5K, B0F4WW6JXW, B0GHN516HW, B0GSVW9G7K, B0GSW55C6G, B0F17PM9F4, B0GHMXMW9P, B0F4WTZ9W9, B0F32JXHP3, B0GHMYP48F, B0GSVVG44L, B0GSVSDSN1, B0GSVW18B8, B0F4WLPY7J, B0FF41L125, B0GHN9G1PN, B0F32HMBCS, B0GSW38ZJ4, B0GHMW6SS8, B0FB8N9BC7, B0FB84XYRG, B0F32HLGHX, B0F4WY9TLC, B0GF715L6M, B0GF7BZ457, B0GSVPWMT4, B0F32HMR1D, B0F32DQRTH, B0GSW2LR23, B0GSVZ4VHN, B0F17S6C1L, B0GSVXFFLV, B0GSVYWQ2Z, B0F4WXFKY4, B0GHMTVLP4, B0F17JXC4G, B0GHMW6SSV, B0FB8JC8NG, B0FB7VG3V5, B0GF7MRJVF, B0GHMZGDV4, B0GHMZHZN5, B0GF74R8XH, B0GSVV88X6, B0F4WZLGH6, B0GHN8F4D1, B0GHMTYL9C, B0GF6X21L5, B0F32HMR4W, B0F32D4FHJ, B0GHNT1L3X, B0GHMYMYQC, B0GSVYJCGX, B0GSW534NL, B0F4WVDJG2, B0GHN53D2J, B0GSVSPY54, B0FB8PWRR2, B0F32GR6SW, B0GSW2QX8R, B0F32HBRMX, B0FB8FR92C, B0FB8S6DJT, B0GSVTVRQ1, B0F4WLP4TT, B0GSVWZ7J9, B0F64P7DN9, B0GSW1TPLW, B0GF78M2BW, B0GF711HYH, B0FB86TM3Q, B0GSVQ9V3R]",amzn1.campaign.DJIKBD24XO50,系带短裙2021-7.17-佣金20%-复制1,Talakeno,2026-07-21,2027-04-15,20.00%,10000.0,10000.0,64,800,false
"[B092SGSKKH, B09LV6Q7GY, B08GL916YW, B08GL94GM4, B09LV5QBFN, B09LV7FFNN, B09X2P6K1C, B09LV64B5C, B092SFQ4BV, B08GL9DNBP, B086TV5Y6W, B086V88K5R, B09LV6JL89, B08GLBXKWQ, B092SGTLPH, B08GL9D32H, B08H1SNBC3]",amzn1.campaign.2KK0E4UQHTD1Z,Pearls Denim Jacket (10% -200666),Hixiaohe,2026-07-21,2027-07-21,10.00%,5000.0,5000.0,20,800,false
"[B0GWGTMXRM, B0GWGXBTQ5, B0GWH9RL5P, B0GWHB4VBY, B0GWGZYBW3]",amzn1.campaign.30Y2MBE04NWAJ,20% Stainless Steel Phone Tether Tab 26-7-21,Necehelp,2026-07-21,2026-11-14,20.00%,10000.0,9998.6,41,800,false
"[B09Y5MT7V1, B097MDC3D4, B0CV52GG9P, B0922NB7TL, B0922NR3NB, B0DJVH395C, B0DJVFVM2P, B0CV51SCFD]",amzn1.campaign.2XZD0X7ME3GFC,2026.7.20 火腿花,HZ & HY,2026-07-21,2026-12-31,10.00%,5000.0,5000.0,56,800,false
"[B0H1HX5KLN, B0GXV7V7JL]",amzn1.campaign.26STGAILGH9K3,M3-Fly Trap Indoor,CHEER UPs,2026-07-21,2027-07-21,10.00%,30000.0,29708.94,0,800,false
"[B0CGM1Z59S, B0CGLT5DCR]",amzn1.campaign.CWCEUYT5YXUX,【20% COMMISSION】 Multifunctional Hard-Bristled Crevice Cleaning Brush,BANSTLE,2026-07-25,2027-07-09,20.00%,100000.0,100000.0,20,800,false
"[B0H33S7KV3, B0FDQD78XL, B0FPQ9BBJ6]",amzn1.campaign.2XG1BDUN0A8NV,K1-0720-07,ECOLEAP,2026-07-21,2026-09-30,10.07%,99999.0,99999.0,75,800,false
"[B0CGM1Z59S, B0CGLT5DCR]",amzn1.campaign.1MFNQ7N1S76N0,【20% COMMISSION】 Multifunctional Hard-Bristled Crevice Cleaning Brush,BANSTLE,2026-07-24,2027-07-09,20.00%,100000.0,100000.0,15,800,false
"[B0GSVXYJXJ, B0F32G98RL, B0GSVY2LT6, B0FB8BSBDM, B0F4X2SCN1, B0GSW1S42J, B0F32D2416, B0F32G1KP4, B0F17B2NDX, B0GHMV8PN7, B0GSVQHVJK, B0GHMRHRYM, B0FB7Z1GT8, B0GHN4HWNK, B0F32J998F, B0F17RHM94, B0GHN2CZ1K, B0GSW55YF8, B0FB8PML7K, B0F17B3PMH, B0GF76SQXT, B0FB82Y3F2, B0F177J539, B0GSVXBZLN, B0F32JR9NQ, B0GSW53Y4G, B0GHMRHRZB, B0FB8FXSB2, B0GF76Q28N, B0GSVTHCT8, B0GHN998MM, B0GF77YQSK, B0GSVXZV4J, B0GHMZPXW7, B0DZ22HX7M, B0GHMWDZCH, B0DZ23DWYQ, B0F4WS24Q7, B0GHN555YL, B0GHND5YYD, B0DZ1ZDGRJ, B0GSW2R4HX, B0F4WNVTC3, B0GHN2B4YF, B0GSVYDFLS, B0GF75HVYV, B0F4WQ1L58, B0GF76BLT4, B0F4WNN2T4, B0F32HTJ3Z, B0GF7D3PZ3, B0GSVYHKJR, B0GHND82R8, B0F32HQ53P, B0GSVX1QVY, B0GF6W65JD, B0GHNDZF3P, B0GSW13G88, B0GHN28BZR, B0GF79B57L, B0GSVV3DQT, B0F4WTBF1B, B0GF76SQZT, B0F32HBLVY, B0F17GBFT1, B0GF7JV85W, B0GSVX2QCP, B0GSVY3PCG, B0GSW54Y89, B0GHMSB9HB, B0GF7FK9KP, B0FB8NRRMJ, B0GSVTZWZM, B0FB88H1TG, B0F32HW2L7, B0F32K34ND, B0F17FMY3T, B0DZ1ZYS4B, B0GF72FM2T, B0GHN4H9FG, B0GSW36B4R, B0F4WLQCKF, B0GF71RYCY, B0F32K2K5K, B0F4WW6JXW, B0GHN516HW, B0GSVW9G7K, B0GSW55C6G, B0F17PM9F4, B0GHMXMW9P, B0F4WTZ9W9, B0F32JXHP3, B0GHMYP48F, B0GSVVG44L, B0GSVSDSN1, B0GSVW18B8, B0F4WLPY7J, B0FF41L125, B0GHN9G1PN, B0F32HMBCS, B0GSW38ZJ4, B0GHMW6SS8, B0FB8N9BC7, B0FB84XYRG, B0F32HLGHX, B0F4WY9TLC, B0GF715L6M, B0GF7BZ457, B0GSVPWMT4, B0F32HMR1D, B0F32DQRTH, B0GSW2LR23, B0GSVZ4VHN, B0F17S6C1L, B0GSVXFFLV, B0GSVYWQ2Z, B0F4WXFKY4, B0GHMTVLP4, B0F17JXC4G, B0GHMW6SSV, B0FB8JC8NG, B0FB7VG3V5, B0GF7MRJVF, B0GHMZGDV4, B0GHMZHZN5, B0GF74R8XH, B0GSVV88X6, B0F4WZLGH6, B0GHN8F4D1, B0GHMTYL9C, B0GF6X21L5, B0F32HMR4W, B0F32D4FHJ, B0GHNT1L3X, B0GHMYMYQC, B0GSVYJCGX, B0GSW534NL, B0F4WVDJG2, B0GHN53D2J, B0GSVSPY54, B0FB8PWRR2, B0F32GR6SW, B0GSW2QX8R, B0F32HBRMX, B0FB8FR92C, B0FB8S6DJT, B0GSVTVRQ1, B0F4WLP4TT, B0GSVWZ7J9, B0F64P7DN9, B0GSW1TPLW, B0GF78M2BW, B0GF711HYH, B0FB86TM3Q, B0GSVQ9V3R]",amzn1.campaign.2MA5AT8Z5FSSF,系带短裙2021-7.17-佣金20%,Talakeno,2026-07-21,2027-04-01,20.00%,10000.0,10000.0,62,800,false
[B0GK19GLJJ],amzn1.campaign.3OJIRFOYW4WTQ,18%-Above Ground Pool Umbrella,LEMEWEL,2026-07-21,2027-07-21,18.00%,5000.0,4979.03,35,800,false
"[B0CGM1Z59S, B0CGLT5DCR]",amzn1.campaign.3EHL0TWU7TLTT,【20% COMMISSION】 Multifunctional Hard-Bristled Crevice Cleaning Brush,BANSTLE,2026-07-23,2027-07-09,20.00%,100000.0,100000.0,20,800,false
"[B0H33S7KV3, B0FDQD78XL, B0FPQ9BBJ6]",amzn1.campaign.44D6IMBTTXS,K1-0720-06,ECOLEAP,2026-07-21,2026-09-30,10.06%,99999.0,99999.0,77,800,false
"[B0H2Z5ZJYN, B0GDG7KVJV, B0BQJ5CSMS, B0FWRR787L, B0GR67BC3Q, B0FQ6VT9FT, B0H3LNR476, B0DSPW5S71]",amzn1.campaign.29GHY2K99V0E5,🚀 Promote Rokid Max 2 AR Glasses | 10% Commission + Free Samples,Rokid,2026-07-21,2026-11-30,10.00%,80000.0,80000.0,30,800,false
"[B0GDQYX9ST, B0GDR3KSBK, B0GDR3PZT2, B0GDZZKV81, B0GDR1M1W7, B0GDQVCPXZ]",amzn1.campaign.2AREQACRTUHY2,🌟 3D Weighted Sleep Mask — Better Sleep Ambassadors--3DQBZL26,FACEMOON,2026-07-27,2026-10-01,10.00%,10000.0,10000.0,39,800,false
"[B0CGM1Z59S, B0CGLT5DCR]",amzn1.campaign.21JOVLLT7V1II,【20% COMMISSION】 Multifunctional Hard-Bristled Crevice Cleaning Brush,BANSTLE,2026-07-22,2027-07-09,20.00%,100000.0,100000.0,20,800,false
"[B0H33S7KV3, B0FDQD78XL, B0FPQ9BBJ6]",amzn1.campaign.1I9Y0WZLF59ZD,K1-0720-05,ECOLEAP,2026-07-21,2026-09-30,10.05%,99999.0,99999.0,70,800,false
"[B0FN36PXFH, B0FH4WWCCK, B0FH4W755X, B0G2QLNMCC, B0G2QMBQCR, B0G2QNH448, B0FN339F9N, B0DRV8KSHW, B0FD9TDBTL, B0FH4Y6QR1, B0G2QLB56D, B0GD5BGVPY, B0G2QLQF3B, B0G2QLVKWF, B0G2QLQVKM, B0FSKX1YT2, B0FN36WLQP, B0G2QMPWWV, B0G2QM85Y6, B0GD5LVBGL, B0G2QMB5VD, B0FN3HSGBY, B0G2QH8G56, B0DRV84P7V, B0G2QKX8X1, B0DRV74H8S, B0FN3R2MWF, B0DRV98XV6, B0FSKVFDZ9, B0FN3BX6X4, B0FN39KJ4Q, B0FSKR9XQW, B0FSKTWTZC, B0FSKS5GR4, B0FN392YGM, B0G2QMQ79Q, B0G2QL5Z93, B0FSKTBTPC, B0G2QLGZCB, B0GD516QVV, B0FH4W51N6, B0G2QLTHHT, B0DRV8GP4M, B0FSKNNSL6, B0DRV8GQX7, B0FSKP3KL4, B0FSKS18X2, B0G2QLRF9S, B0DRV91F3H, B0FN3J6VCR, B0FSKP7KGH, B0GD51XW87, B0FSKP9C8S, B0G2QNBMKV, B0GD52Q1FF, B0DRV9WF2D, B0GD65KGQX, B0G2QPVQQ5, B0FSKW7KX4, B0FN3RCX2P, B0G2QPTTL9, B0G2NWGW4N, B0FH4VDLTQ, B0FN36R5X7, B0G2QM4FYS, B0GD5C8F4S, B0DRV7XQH1, B0FH4WV748, B0G2QNHZLN, B0FN3JFL26, B0FSKRFLGY, B0FSKSH473, B0DRVC3X3B, B0G2QL48DW, B0DRV7QXNN, B0GD5C7627, B0G2QL48DV, B0G2QHKYHS, B0G2QLKBLS, B0G2QKXDNL, B0DRV82DWS, B0FH4XWFXR, B0G2QJ87VK, B0FSKSVSBL, B0DRV9ZBY2, B0FH4TH2XR, B0G2QLGT2N, B0FSKRCD1M, B0G2QPFQ4Z, B0G2P2QNPW, B0GD5WFCNV, B0GD64MZY2, B0G2QKYS7C, B0G2QJ319J, B0FH4XC1KB, B0FSKP77M9, B0G2QLNWD4, B0FSKRZWZX, B0FN3738WS, B0FN3TRXXK, B0FSKP8LC2, B0FSKRFZ3D, B0FH4VDVZH, B0FN2Z5KDR, B0DRV9FK5Y]",amzn1.campaign.2RHE06BTPKDKP,水洗短袖241268-20%佣金-0720-复制4,Talakeno,2026-07-21,2026-09-30,20.00%,10000.0,10000.0,64,800,false
[B09MTP248R],amzn1.campaign.3SC2CI4HPMFZ0,"YOUEON Wide Glass Cylinder Vase, 4""x8"" + 10% Commission + B09MTP248R",Youeon,2026-07-21,2027-07-21,10.00%,10000.0,9978.0,49,800,false
"[B0H33S7KV3, B0FDQD78XL, B0FPQ9BBJ6]",amzn1.campaign.3UJ1P6R7BWJYU,K1-0720-04,ECOLEAP,2026-07-21,2026-09-30,10.04%,99999.0,99999.0,75,800,false
"[B0FMF5SM96, B0DSKK6KTN, B0DR78R5JW, B0CMT6PYNY, B0FM7ZZTZQ, B0FYLVKV2R, B0F2HJ68CV, B0FYLSV1PM, B0FYM1C3P8, B0CR31X6GG, B0CQWPKGSF, B0D9TL2ZBY, B0G2SD24NV, B0DZCPCXF4, B0F2T4LVG6, B0G2SDD5GC, B0CRH9VWWJ, B0CMT8X7GJ, B0DR79944K, B0FYLTZFZF, B0FNQRXX2W, B0DFCH33RS, B0DZCR4BH2]",amzn1.campaign.CQGPB6JXHPW0,800+/Month | 11% Commission | Modern Vase  Home Docer,ALMA,2026-07-22,2027-07-22,11.00%,50000.0,50000.0,49,800,false
"[B0B3RN9VN9, B0B3RNTVF7, B0CD3ZNMGK, B0B3RM3F15, B0B3RNY1Q3, B0B3RPT1NB, B0B3RPV9R7, B0B3RNW11W, B0B3RNJ465, B0B3RLPDPB, B0CD3ZR79G, B0B3RNN673, B0B3RNF5Q7, B0B3RMBF5Y, B0B3RKLN6W, B0B3RMX458, B0B3RKXJ9J, B0B3RSVH37, B0CD3Y429F, B0CD3Z99Z5, B0B3RNKRKS, B0CD3YCSJF, B0B3RP2XD5, B0B3RNN674, B0B3RN47FX, B0B3RKB6WY, B0B3RLW8XJ, B0B3RNQNJH, B0DT3YNW9V, B0B3RNWFS5, B0B3RPDMB6, B0B3RMSRQ7]",amzn1.campaign.13JTKNQ7QG3D8,8392款-2026/7/21-15%,MUSSHOE,2026-07-21,2026-12-31,15.00%,5000.0,4985.54,36,800,false
"[B0F83RZMFK, B0FX3M9NWP, B0FJCBLR9Z, B0DQRFWRCD]",amzn1.campaign.YZ5VGC22AAXU,Hot-Selling Stainless Steel Saucepan With 20% Commission,COOKER KING,2026-07-21,2026-09-30,20.00%,200000.0,198798.42,0,800,false
"[B0CGM1Z59S, B0CGLT5DCR]",amzn1.campaign.3121OLPH84YX5,【20% COMMISSION】 Multifunctional Hard-Bristled Crevice Cleaning Brush,BANSTLE,2026-07-21,2027-07-09,20.00%,1000000.0,999987.1,15,800,false
"[B0GYCB4QT9, B0GVMSTLQC, B0H8MWHWZX, B0GYC3QL48, B0H5JNNTLF, B0GDXN9VQK, B0H8MS5YVZ, B0H98QXD5T, B0H3K97HJF, B0GYCCR97C, B0GVMXWHW8]",amzn1.campaign.30XBUBDPRDMOV,Striped Tie-Waist Button-Down Shirts（10% -25K269）,Hixiaohe,2026-07-21,2027-07-19,10.00%,5000.0,4997.63,17,800,false
"[B0H33S7KV3, B0FDQD78XL, B0FPQ9BBJ6]",amzn1.campaign.2PF84Q6NRVBHY,K1-0720-03,ECOLEAP,2026-07-21,2026-09-30,10.03%,99999.0,99999.0,74,800,false
"[B0G8KJPZ4X, B0DQTK11XD, B0DQTDQB2W, B0DQTBLKP7, B099F2SNTK, B096F4T83Z, B0DQ8PQQFV, B0DQSS7TZ8, B09YM6YS16, B0BWMNHTTQ, B0C4H49J7V, B096F6YSRY, B0DQSV6CK5, B0BWMNWVCZ, B0G8KCWV7Q, B0G8KCWV87, B0DQTSRQ4X, B0BWMNWJ6M, B0CX134TC9, B096F7Q9RM, B0CX1J578F, B0DQTKFP7D, B0G8KYLWVR, B0BWMNKMM4, B0BWMNGR9Z, B0CX14559R, B0CX19149C, B0BWMN94ZH, B0BWMNN34H, B0G8K37511]",amzn1.campaign.P2EHOIHA05SP,BIKINX Bikini Special Price Only $14.99 -HY-5405,BIKINX,2026-07-21,2026-10-19,10.00%,5000.0,5000.0,71,800,false
"[B0H459XJ1Z, B0H7WD5FKM, B0H1MWXRTY, B0H45GKMD1, B0H1RPK9Z9, B0GZP9WPG8, B0GYNT9F41, B0GC714L96, B0H1VWPM1Y, B0H45JTDHT, B0H45Q81DF, B0GXF3FNV2, B0GYNTL8TS, B0GYP2M38T, B0GC5J7VN7, B0GC5TBN3W, B0GC5JGQ65, B0GXFJJPL5, B0GXDY4RN9, B0GX6NMSDR, B0H1MPP6SY, B0H1RLZ9R1]",amzn1.campaign.2V9C0DSSOVU26,Mapleyard Plastic Deck Tiles - Sales 4000+ PCS per Month - 10% Commission,Mapleyard,2026-07-21,2027-01-21,10.00%,10000.0,10000.0,64,800,false
[B0GYW8H2WZ],amzn1.campaign.2SG9HKIDEDBBO,🕷️ Family Fun Collab | Spider Toss & Catch Ball Game,morsisho,2026-07-21,2026-11-30,10.00%,80000.0,80000.0,47,800,false
"[B0B3RN9VN9, B0B3RNTVF7, B0CD3ZNMGK, B0B3RM3F15, B0B3RNY1Q3, B0B3RPT1NB, B0B3RPV9R7, B0B3RNW11W, B0B3RNJ465, B0B3RLPDPB, B0CD3ZR79G, B0B3RNN673, B0B3RNF5Q7, B0B3RMBF5Y, B0B3RKLN6W, B0B3RMX458, B0B3RKXJ9J, B0B3RSVH37, B0CD3Y429F, B0CD3Z99Z5, B0B3RNKRKS, B0CD3YCSJF, B0B3RP2XD5, B0B3RNN674, B0B3RN47FX, B0B3RKB6WY, B0B3RLW8XJ, B0B3RNQNJH, B0DT3YNW9V, B0B3RNWFS5, B0B3RPDMB6, B0B3RMSRQ7]",amzn1.campaign.1OTR20PU932NG,8392款-2026/7/21-10%,MUSSHOE,2026-07-21,2026-12-31,10.00%,5000.0,5000.0,58,800,false
"[B0H33S7KV3, B0FDQD78XL, B0FPQ9BBJ6]",amzn1.campaign.Y02R2RIAT8L7,K1-0720-02,ECOLEAP,2026-07-21,2026-09-30,10.02%,99999.0,99999.0,76,800,false
"[B0FN36PXFH, B0FH4WWCCK, B0FH4W755X, B0G2QLNMCC, B0G2QMBQCR, B0G2QNH448, B0FN339F9N, B0DRV8KSHW, B0FD9TDBTL, B0FH4Y6QR1, B0G2QLB56D, B0GD5BGVPY, B0G2QLQF3B, B0G2QLVKWF, B0G2QLQVKM, B0FSKX1YT2, B0FN36WLQP, B0G2QMPWWV, B0G2QM85Y6, B0GD5LVBGL, B0G2QMB5VD, B0FN3HSGBY, B0G2QH8G56, B0DRV84P7V, B0G2QKX8X1, B0DRV74H8S, B0FN3R2MWF, B0DRV98XV6, B0FSKVFDZ9, B0FN3BX6X4, B0FN39KJ4Q, B0FSKR9XQW, B0FSKTWTZC, B0FSKS5GR4, B0FN392YGM, B0G2QMQ79Q, B0G2QL5Z93, B0FSKTBTPC, B0G2QLGZCB, B0GD516QVV, B0FH4W51N6, B0G2QLTHHT, B0DRV8GP4M, B0FSKNNSL6, B0DRV8GQX7, B0FSKP3KL4, B0FSKS18X2, B0G2QLRF9S, B0DRV91F3H, B0FN3J6VCR, B0FSKP7KGH, B0GD51XW87, B0FSKP9C8S, B0G2QNBMKV, B0GD52Q1FF, B0DRV9WF2D, B0GD65KGQX, B0G2QPVQQ5, B0FSKW7KX4, B0FN3RCX2P, B0G2QPTTL9, B0G2NWGW4N, B0FH4VDLTQ, B0FN36R5X7, B0G2QM4FYS, B0GD5C8F4S, B0DRV7XQH1, B0FH4WV748, B0G2QNHZLN, B0FN3JFL26, B0FSKRFLGY, B0FSKSH473, B0DRVC3X3B, B0G2QL48DW, B0DRV7QXNN, B0GD5C7627, B0G2QL48DV, B0G2QHKYHS, B0G2QLKBLS, B0G2QKXDNL, B0DRV82DWS, B0FH4XWFXR, B0G2QJ87VK, B0FSKSVSBL, B0DRV9ZBY2, B0FH4TH2XR, B0G2QLGT2N, B0FSKRCD1M, B0G2QPFQ4Z, B0G2P2QNPW, B0GD5WFCNV, B0GD64MZY2, B0G2QKYS7C, B0G2QJ319J, B0FH4XC1KB, B0FSKP77M9, B0G2QLNWD4, B0FSKRZWZX, B0FN3738WS, B0FN3TRXXK, B0FSKP8LC2, B0FSKRFZ3D, B0FH4VDVZH, B0FN2Z5KDR, B0DRV9FK5Y]",amzn1.campaign.LQ06J2I92FJE,水洗短袖241268-20%佣金-0720-复制1,Talakeno,2026-07-21,2026-10-14,20.00%,10000.0,10000.0,67,800,false
"[B0C461XVX9, B0C1355QBN, B09RZZJB6R, B0BL6Z74QY]",amzn1.campaign.3N6UTBVEAFAZO,Bucket Bags for Women Crossbody Fringe Purses with Drawstring— 12% Commission,Gladdon,2026-07-25,2027-05-31,12.00%,5000.0,5000.0,20,800,false
"[B0GRT83WW1, B0GRTPM97P, B0GRTP4S93, B0GRTFTYRM, B0GRTKBZ6W, B0GRTKBZ6V, B0GRTVGD9C, B0GRTFPH3V, B0GRTFFJRG, B0GRT5MBJN, B0GRTNHJWW, B0GRTGQWWS, B0GRTN9JT5, B0GRTNZB32, B0GRTF4YJ3, B0GRTR395J, B0GRTSBHS8, B0GRSQWF35, B0GRTDJ3TS, B0GRTKPCF3, B0GRSYK6RJ, B0GRTH3YJ2, B0GRTZG8X3, B0GRTDRN4G, B0GRTBRN57, B0GRTFFXP2, B0GRTRRY2T, B0GRTC79Q3, B0GRT68YNN, B0GRTFH1LL, B0GRTV2W8W, B0GRT64WFH, B0GRT883NP, B0GRT6M2F3, B0GRSW6GL3, B0GRT6B5PQ, B0GRTVC9RD, B0GRTHGNB9, B0GRT3MF41, B0GRTG9JBG, B0GRTBLGFJ, B0GRT449Z1, B0GRTR9GRH, B0GRTGT3Z3, B0GRTMY2CB, B0GRTJ2VCV, B0GRSXBHCL, B0GRT2SNLP, B0GRSYQTN2, B0GRTDJ82F, B0GRTC9XJB, B0GRTVKCYJ, B0GRT6JMVX, B0GRTR53M8, B0GRTMY2C7, B0GRT7YWB8, B0GRSXLSSS, B0GRTHCQ2N, B0GRSXLSSP, B0GRT1FQYR, B0GRT9JSJ2, B0GRTBJNP4, B0GRT83WVZ]",amzn1.campaign.1NQ57CDKIKK4X,Earn 15% Commission with Willit Men's UPF50+ Sun Hoodie 010,WILLIT,2026-07-21,2026-10-21,15.00%,5000.0,5000.0,13,800,false
"[B0H33S7KV3, B0FDQD78XL, B0FPQ9BBJ6]",amzn1.campaign.18WEWI4Z10F9J,K1-0720-01,ECOLEAP,2026-07-21,2026-09-30,10.01%,99999.0,99999.0,70,800,false
"[B0DZHCNSZL, B0CZDJLCNN, B0DZHCLRRP, B0DZHD79BW]",amzn1.campaign.2X84BES0TD26H,"【20% COMMISSION】Eyeglasses Strap , Adjustable Eyewear String Lanyard Retainer",BANSTLE,2026-07-27,2027-06-30,20.00%,1000000.0,1000000.0,23,800,false
"[B0FN36PXFH, B0FH4WWCCK, B0FH4W755X, B0G2QLNMCC, B0G2QMBQCR, B0G2QNH448, B0FN339F9N, B0DRV8KSHW, B0FD9TDBTL, B0FH4Y6QR1, B0G2QLB56D, B0GD5BGVPY, B0G2QLQF3B, B0G2QLVKWF, B0G2QLQVKM, B0FSKX1YT2, B0FN36WLQP, B0G2QMPWWV, B0G2QM85Y6, B0GD5LVBGL, B0G2QMB5VD, B0FN3HSGBY, B0G2QH8G56, B0DRV84P7V, B0G2QKX8X1, B0DRV74H8S, B0FN3R2MWF, B0DRV98XV6, B0FSKVFDZ9, B0FN3BX6X4, B0FN39KJ4Q, B0FSKR9XQW, B0FSKTWTZC, B0FSKS5GR4, B0FN392YGM, B0G2QMQ79Q, B0G2QL5Z93, B0FSKTBTPC, B0G2QLGZCB, B0GD516QVV, B0FH4W51N6, B0G2QLTHHT, B0DRV8GP4M, B0FSKNNSL6, B0DRV8GQX7, B0FSKP3KL4, B0FSKS18X2, B0G2QLRF9S, B0DRV91F3H, B0FN3J6VCR, B0FSKP7KGH, B0GD51XW87, B0FSKP9C8S, B0G2QNBMKV, B0GD52Q1FF, B0DRV9WF2D, B0GD65KGQX, B0G2QPVQQ5, B0FSKW7KX4, B0FN3RCX2P, B0G2QPTTL9, B0G2NWGW4N, B0FH4VDLTQ, B0FN36R5X7, B0G2QM4FYS, B0GD5C8F4S, B0DRV7XQH1, B0FH4WV748, B0G2QNHZLN, B0FN3JFL26, B0FSKRFLGY, B0FSKSH473, B0DRVC3X3B, B0G2QL48DW, B0DRV7QXNN, B0GD5C7627, B0G2QL48DV, B0G2QHKYHS, B0G2QLKBLS, B0G2QKXDNL, B0DRV82DWS, B0FH4XWFXR, B0G2QJ87VK, B0FSKSVSBL, B0DRV9ZBY2, B0FH4TH2XR, B0G2QLGT2N, B0FSKRCD1M, B0G2QPFQ4Z, B0G2P2QNPW, B0GD5WFCNV, B0GD64MZY2, B0G2QKYS7C, B0G2QJ319J, B0FH4XC1KB, B0FSKP77M9, B0G2QLNWD4, B0FSKRZWZX, B0FN3738WS, B0FN3TRXXK, B0FSKP8LC2, B0FSKRFZ3D, B0FH4VDVZH, B0FN2Z5KDR, B0DRV9FK5Y]",amzn1.campaign.2PM3R008XU6OR,水洗短袖241268-20%佣金-0720,Talakeno,2026-07-21,2026-10-31,20.00%,10000.0,9998.64,62,800,false
"[B0DZHCNSZL, B0CZDJLCNN, B0DZHCLRRP, B0DZHD79BW]",amzn1.campaign.9R3FWE9QLKVD,"【20% COMMISSION】Eyeglasses Strap , Adjustable Eyewear String Lanyard Retainer",BANSTLE,2026-07-26,2027-06-30,20.00%,100000.0,100000.0,38,800,false
"[B096MF2MZW, B0FM88R15T, B08VWL78N4, B096MF2MT9]",amzn1.campaign.1H1WLRECRCKKP,"Ergonomic Must-Have! Height-Adjustable Acrylic Stand, $27.99 Promo + 15% Com!",VIGLT,2026-07-28,2026-09-30,15.00%,15000.0,15000.0,53,800,false
"[B0C461XVX9, B0C1355QBN, B09RZZJB6R, B0BL6Z74QY]",amzn1.campaign.1RJXCFEGBXA2R,Bucket Bags for Women Crossbody Fringe Purses with Drawstring— 12% Commission,Gladdon,2026-07-23,2027-05-31,12.00%,5000.0,4972.04,19,800,false
"[B0GDQYX9ST, B0GDR3KSBK, B0GDR3PZT2, B0GDZZKV81, B0GDR1M1W7, B0GDQVCPXZ]",amzn1.campaign.VE4HD9N4RR9I,✨ 3D Weighted Sleep Mask — Cozy Nights Partner--3DQBZL26,FACEMOON,2026-07-27,2026-10-30,10.00%,10000.0,10000.0,46,800,false
[B0GY3H8WDT],amzn1.campaign.S0QMW5S5YDOO,Downstoria Japanese Floor Mattress,DOWNSTORIA,2026-07-21,2027-03-31,15.00%,100000.0,99904.0,26,800,false
"[B096MF2MZW, B0FM88R15T, B08VWL78N4, B096MF2MT9]",amzn1.campaign.15MB1CYMJO7W6,"Ergonomic Must-Have! Height-Adjustable Acrylic Stand, $27.99 Promo + 15% Com!",VIGLT,2026-07-27,2026-09-30,15.00%,20000.0,20000.0,54,800,false
"[B0GQB8F94J, B0GQB2NSFZ, B0GQ9Z9R7Z, B0G4W8KGWV, B0G4W858MN, B0H1D5FSM8]",amzn1.campaign.3NFUC9TMDDXGP,RizzLeaf 3.2OZ Weed Barrier Fabric - Sales 4000 PCS per Month - 10% Commission,RizzLeaf,2026-07-21,2027-01-21,10.00%,10000.0,10000.0,67,800,false
"[B096MF2MZW, B0FM88R15T, B08VWL78N4, B096MF2MT9]",amzn1.campaign.3MPXB39MUZT1H,"Ergonomic Must-Have! Height-Adjustable Acrylic Stand, $27.99 Promo + 15% Com!",VIGLT,2026-07-26,2026-09-30,15.00%,16000.0,16000.0,62,800,false
"[B0GDDYB64M, B0GDF2HVB1, B0GDDTQ5BG, B0GDDDTKZZ, B0GDDZMTBH, B0GQLGN9YX, B0GDDBQ92G, B0GQLBDK1Z, B0H2KYCPV2, B0H6FBZK3S, B0GDF3P4BM, B0GDDN7ST2, B0GDDJ48WS, B0GXVBLKFC, B0GDDT7Z2Y, B0GXVDRTWP, B0GDF2YTW5, B0GDDHXP5F, B0GQL4NWJ4, B0GDDN6FMF, B0GDDNKLJ8, B0GDDTKPZ8, B0H1HJLM3D, B0GDF3PLLV, B0GDDW8YND, B0GDF2N9MZ, B0GDDHRQ9H, B0GQLL25MP, B0H5VKL424]",amzn1.campaign.2RFVPSC1H9QWG,AQ0998-Summer Mini Dress Color Block Casual Beach Overall Dresses Cover Ups,Ailoqing,2026-07-21,2026-09-30,10.00%,5000.0,4913.64,27,800,false
"[B09HBBP18H, B0FJLVVWXR, B0BPHTMDDJ, B09HBLD8JD, B09HC5BXZZ, B0DSLFHWQK, B0BPHSVSWP, B0DSLB5HFM, B0B2D5VZ73, B09HBLD8JK, B0BPHRXZFD, B09HBY7FQZ, B09HBN7CJV, B0FJLW29PD, B0BPHT6LXN, B0CBPYV4QK, B0CBQ1MKN2, B0BPHSR6ML, B0BPHRCY6Q, B0B2D51LCZ, B0CBPYD3TQ, B0BPHSRHDT, B0B2D3MJMV, B0BPHQQMM6, B0B2D5X4BH, B09Z5XT1WD, B0BPHSLPRQ, B0CBPZ3D3N, B0DSLJXLNW, B0FJLX9HF2, B0FJLX5T96, B09HB4F54Z, B0FJLX8VHR, B0B2D4TTR8, B09HBFTF95, B09HBH5N56, B0CBPZKF8L, B0DSL6QHY4, B0B2D4VDGP, B0BPHSSWXX, B0FJLX3M5M, B09HB8MGWC, B0BPHP812M, B0B2D5Y1X7, B0CBPZLQFS, B09HBR37G8, B09HBK1B2X, B09HBK34ZW, B0DSLJTW9F, B0CBPYXGGK, B09H9ZVY6V, B0FJLTY2SV, B0CW1GNHZX, B09HBWNNFQ, B0BPHPMP81, B09HBJMCZR, B0DSL9MKWR, B0CBQ1MCKQ, B0CBPYBM34, B0CBQ1V7K7, B09HBLM84B, B09HBQ7LXC, B0CBQ1MDV2, B0FJLXNF4K, B0BPHWKS74, B0DSLKPQF9, B09HBLST3H, B0CBQ1VZZN, B0CBPZ2KM6, B0CBQ3FKXW, B0FJLW7J2T, B0FJLSGVTL, B0CBQ2VFBL, B0BPHTMDF5, B0BPHSV48C, B0B2D8YGMJ, B0BPHRTGL9, B0BPHSRJD9, B0BPHTMBZQ, B0B2D5WYL1, B0BPHQ8KH3, B09HB5WT61, B09HBHRZT9, B0BPHSX4JT, B0BPHSB8CL, B0CBPWXMXL, B09HBSDQG1]",amzn1.campaign.2ZKJ8DPBYZJVT,32582款-2026/7/21-15%,MUSSHOE,2026-07-21,2026-12-31,15.00%,5000.0,4927.33,39,800,false
"[B0GDQYX9ST, B0GDR3KSBK, B0GDR3PZT2, B0GDZZKV81, B0GDR1M1W7, B0GDQVCPXZ]",amzn1.campaign.287S35Y4074Q6,🌙 3D Weighted Sleep Mask — Soft Comfort Challenge--3DQBZL26,FACEMOON,2026-07-27,2026-10-29,10.00%,10000.0,10000.0,53,800,false
"[B096MF2MZW, B0FM88R15T, B08VWL78N4, B096MF2MT9]",amzn1.campaign.2OZ25CE1UBINR,"Ergonomic Must-Have! Height-Adjustable Acrylic Stand, $27.99 Promo + 15% Com!",VIGLT,2026-07-25,2026-09-30,15.00%,18000.0,18000.0,64,800,false
"[B0DR8LRNMV, B0C49TSCNF, B0C49ZHFWN, B0CXPJ7PXC, B0C3B36GSQ, B0GWRD36K7, B0C49XQDH6, B0GD7F5BHF, B0DR8NV1B4, B0CXPDRN8X, B0C3B3FN9P, B0D2TJYD9M, B0DR8LQFQ3, B0C4NC4VZM, B0C3B3D1F9, B0C3B4BY7N, B0CXP9TZ2W, B0C5LJGNF4, B0BS3KTMSS, B0C88XMX7D, B0C49TN8W1, B0BS3K9Y94, B0GWRFXNLP, B0C49XBLJZ, B0GD744KDH, B0D2TLVPJR, B0C49YBQKM, B0D8TDYD67, B0GD75CYBX, B0GD6V6LXF, B0GKGJ5K97, B0DR8M7MVP, B0GD74FSX1, B0C49YFTMX, B0GKHB48D6, B0BS3K32YW, B0GD75HB2Q, B0C3B3NF3R, B0BS3K31X3, B0D8TH3J25, B0BS3JC776, B0CZQ5RXTP, B0GKG9QYJY, B0GD73DJ1S, B0CVXJFDDW, B0C3PRKWYB, B0DR8LF7NL, B0C3B3FCV9, B0BS3KTHGN, B0D8TDY9CF, B0C5LHWS8R, B0BS3KXK1M, B0DR8NQHM6, B0C49WCWKF, B0C5LJBRM6, B0BS3JPP8F, B0BS3NTPSB, B0C3B4KG1P, B0C49WDZNS, B0D8TGX21F, B0BS3NTPSK, B0GD73D9HC, B0C4NCVL67, B0BS3K61YB, B0DR8MCZB5, B0CXPL7WS6, B0C88W36XZ, B0BS3K1GJM, B0C4NBYQBG, B0C88XK1CP, B0GD75MFBG, B0BS3L9F5G, B0CZQ4FZDR, B0C4NFQ549, B0GD75SC32, B0DR8L5C1Q, B0DR8LMLLK, B0D8TG73KP, B0BS3KBMSQ, B0GD738311, B0C49Y2KQ2, B0GWRFVGXY, B0D8TJ6V71, B0GD739W58, B0D2TK5QX5, B0D3CYV31H, B0C3B4NF8T, B0DR8N1TZ8, B0GD76Q75T, B0GD7J7S8X, B0CXPHZ26J, B0C5LJPDTZ, B0D2THWR8K, B0DR8NDFRM, B0C88XS79Q, B0BS3HQ3ZC, B0C5LLY11G, B0DR8KYK3R, B0BS3KVBQX, B0BS3LXBY1, B0C4NDLVJH, B0C88VH6CG, B0CXPF5PMZ, B0BS3MQRYR, B0BS3M35P6, B0CDBD9252, B0BS6B9JHY, B0C49XQT4B, B0CZQ4QYGW, B0GD78FN8S, B0D3CZTDZV, B0BS3K59TM, B0DR8KK47B, B0D8TG456M, B0GD6Q838J, B0DR8KNFRY, B0D2TKX18S, B0D3CYM56X, B0GD796SFB, B0GD77N543, B0D8TFP6B8, B0BS3K4KRL]",amzn1.campaign.1JMKWTGICG2VT,2302-10off,MathCat,2026-07-21,2026-12-31,10.00%,100000.0,100000.0,46,800,false
"[B09HBBP18H, B0FJLVVWXR, B0BPHTMDDJ, B09HBLD8JD, B09HC5BXZZ, B0DSLFHWQK, B0BPHSVSWP, B0DSLB5HFM, B0B2D5VZ73, B09HBLD8JK, B0BPHRXZFD, B09HBY7FQZ, B09HBN7CJV, B0FJLW29PD, B0BPHT6LXN, B0CBPYV4QK, B0CBQ1MKN2, B0BPHSR6ML, B0BPHRCY6Q, B0B2D51LCZ, B0CBPYD3TQ, B0BPHSRHDT, B0B2D3MJMV, B0BPHQQMM6, B0B2D5X4BH, B09Z5XT1WD, B0BPHSLPRQ, B0CBPZ3D3N, B0DSLJXLNW, B0FJLX9HF2, B0FJLX5T96, B09HB4F54Z, B0FJLX8VHR, B0B2D4TTR8, B09HBFTF95, B09HBH5N56, B0CBPZKF8L, B0DSL6QHY4, B0B2D4VDGP, B0BPHSSWXX, B0FJLX3M5M, B09HB8MGWC, B0BPHP812M, B0B2D5Y1X7, B0CBPZLQFS, B09HBR37G8, B09HBK1B2X, B09HBK34ZW, B0DSLJTW9F, B0CBPYXGGK, B09H9ZVY6V, B0FJLTY2SV, B0CW1GNHZX, B09HBWNNFQ, B0BPHPMP81, B09HBJMCZR, B0DSL9MKWR, B0CBQ1MCKQ, B0CBPYBM34, B0CBQ1V7K7, B09HBLM84B, B09HBQ7LXC, B0CBQ1MDV2, B0FJLXNF4K, B0BPHWKS74, B0DSLKPQF9, B09HBLST3H, B0CBQ1VZZN, B0CBPZ2KM6, B0CBQ3FKXW, B0FJLW7J2T, B0FJLSGVTL, B0CBQ2VFBL, B0BPHTMDF5, B0BPHSV48C, B0B2D8YGMJ, B0BPHRTGL9, B0BPHSRJD9, B0BPHTMBZQ, B0B2D5WYL1, B0BPHQ8KH3, B09HB5WT61, B09HBHRZT9, B0BPHSX4JT, B0BPHSB8CL, B0CBPWXMXL, B09HBSDQG1]",amzn1.campaign.1KCJXCDVOTOY4,32582款-2026/7/21-10%,MUSSHOE,2026-07-21,2026-12-31,10.00%,5000.0,5000.0,57,800,false
"[B096MF2MZW, B0FM88R15T, B08VWL78N4, B096MF2MT9]",amzn1.campaign.3E0LGO72J1XBA,"Ergonomic Must-Have! Height-Adjustable Acrylic Stand, $27.99 Promo + 15% Com!",VIGLT,2026-07-24,2026-09-30,15.00%,15000.0,15000.0,65,800,false
[B0DJF7MYLJ],amzn1.campaign.1A5Y0T1C6IT7J,PrimeZone Outdoor Fire Pit with Grills - Sales 2000 PCS per Month-10% Commission,PrimeZone,2026-07-21,2027-01-21,10.00%,10000.0,10000.0,61,800,false
"[B0H5QBNVDS, B0GWH9V62B, B0H5QJWTRT, B0GWH23XQQ, B0H5QF32QL, B0GWHCW1CR, B0GWH9C7XP, B0GWGZ6K7V, B0GWGMLJG5, B0GWGK4WZN, B0H5QC79VQ, B0H5QM4GQH, B0GWH34WXZ, B0GWGR1W4Q, B0GWGZ3FKF, B0H5QV39VG, B0H5QGXWS8, B0GWH2YT9Z, B0H5Q2DJ34, B0GWH65D55]",amzn1.campaign.10EPR14PPRZ5Y,SR0123,STURWBEZ,2026-07-21,2026-09-30,10.00%,5000.0,4965.0,51,800,false
"[B096MF2MZW, B0FM88R15T, B08VWL78N4, B096MF2MT9]",amzn1.campaign.2S3OAD49FS7IL,"Ergonomic Must-Have! Height-Adjustable Acrylic Stand, $27.99 Promo + 15% Com!",VIGLT,2026-07-23,2026-09-30,16.00%,15000.0,15000.0,53,800,false
"[B0H7RSSDT4, B0H7RWFS3Q, B0H7RSVDMJ, B0H7RWXZ94]",amzn1.campaign.3LSENZL0OWJ2V,Deep Hole Marker with 45mm Long Nib,TEAL LAUREL,2026-07-21,2027-07-21,50.00%,999999.0,999999.0,36,800,false
"[B0GDQYX9ST, B0GDR3KSBK, B0GDR3PZT2, B0GDZZKV81, B0GDR1M1W7, B0GDQVCPXZ]",amzn1.campaign.A5E8IH3DZM4X,😴 3D Weighted Sleep Mask — Zero Pressure Collab--3DQBZL26,FACEMOON,2026-07-27,2026-10-28,10.00%,10000.0,10000.0,53,800,false
"[B096MF2MZW, B0FM88R15T, B08VWL78N4, B096MF2MT9]",amzn1.campaign.3UN417YAUYL3F,"Ergonomic Must-Have! Height-Adjustable Acrylic Stand, $27.99 Promo + 15% Com!",VIGLT,2026-07-22,2026-09-30,15.00%,12000.0,12000.0,67,800,false
"[B0DR8LRNMV, B0C49TSCNF, B0C49ZHFWN, B0CXPJ7PXC, B0C3B36GSQ, B0GWRD36K7, B0C49XQDH6, B0GD7F5BHF, B0DR8NV1B4, B0CXPDRN8X, B0C3B3FN9P, B0D2TJYD9M, B0DR8LQFQ3, B0C4NC4VZM, B0C3B3D1F9, B0C3B4BY7N, B0CXP9TZ2W, B0C5LJGNF4, B0BS3KTMSS, B0C88XMX7D, B0C49TN8W1, B0BS3K9Y94, B0GWRFXNLP, B0C49XBLJZ, B0GD744KDH, B0D2TLVPJR, B0C49YBQKM, B0D8TDYD67, B0GD75CYBX, B0GD6V6LXF, B0GKGJ5K97, B0DR8M7MVP, B0GD74FSX1, B0C49YFTMX, B0GKHB48D6, B0BS3K32YW, B0GD75HB2Q, B0C3B3NF3R, B0BS3K31X3, B0D8TH3J25, B0BS3JC776, B0CZQ5RXTP, B0GKG9QYJY, B0GD73DJ1S, B0CVXJFDDW, B0C3PRKWYB, B0DR8LF7NL, B0C3B3FCV9, B0BS3KTHGN, B0D8TDY9CF, B0C5LHWS8R, B0BS3KXK1M, B0DR8NQHM6, B0C49WCWKF, B0C5LJBRM6, B0BS3JPP8F, B0BS3NTPSB, B0C3B4KG1P, B0C49WDZNS, B0D8TGX21F, B0BS3NTPSK, B0GD73D9HC, B0C4NCVL67, B0BS3K61YB, B0DR8MCZB5, B0CXPL7WS6, B0C88W36XZ, B0BS3K1GJM, B0C4NBYQBG, B0C88XK1CP, B0GD75MFBG, B0BS3L9F5G, B0CZQ4FZDR, B0C4NFQ549, B0GD75SC32, B0DR8L5C1Q, B0DR8LMLLK, B0D8TG73KP, B0BS3KBMSQ, B0GD738311, B0C49Y2KQ2, B0GWRFVGXY, B0D8TJ6V71, B0GD739W58, B0D2TK5QX5, B0D3CYV31H, B0C3B4NF8T, B0DR8N1TZ8, B0GD76Q75T, B0GD7J7S8X, B0CXPHZ26J, B0C5LJPDTZ, B0D2THWR8K, B0DR8NDFRM, B0C88XS79Q, B0BS3HQ3ZC, B0C5LLY11G, B0DR8KYK3R, B0BS3KVBQX, B0BS3LXBY1, B0C4NDLVJH, B0C88VH6CG, B0CXPF5PMZ, B0BS3MQRYR, B0BS3M35P6, B0CDBD9252, B0BS6B9JHY, B0C49XQT4B, B0CZQ4QYGW, B0GD78FN8S, B0D3CZTDZV, B0BS3K59TM, B0DR8KK47B, B0D8TG456M, B0GD6Q838J, B0DR8KNFRY, B0D2TKX18S, B0D3CYM56X, B0GD796SFB, B0GD77N543, B0D8TFP6B8, B0BS3K4KRL]",amzn1.campaign.1X5DW6EK00JR3,2302,MathCat,2026-07-21,2026-12-31,13.00%,100000.0,97883.5,20,800,false
"[B096MF2MZW, B0FM88R15T, B08VWL78N4, B096MF2MT9]",amzn1.campaign.1Y8N9HLOQ7N1H,"Ergonomic Must-Have! Height-Adjustable Acrylic Stand, $27.99 Promo + 15% Com!",VIGLT,2026-07-21,2026-09-30,16.00%,12000.0,12000.0,54,800,false
"[B0DRV97SJD, B0G429LM7D, B0FCBV5FZR, B0G42JF8BF, B0F9PJQP68, B0F4R98C1R, B0FK4YBNNJ, B0G3WBTVFW, B0D87BYXJW, B0G42DWB5X, B0DXVCY55L, B0G42KYGDP, B0D87G9CZ4, B0G42GFWBP, B0FFT7BS96, B0DXVK51BW, B0D87DLRSQ, B0G42PK8P1]",amzn1.campaign.22A0QAOXL3AWL,PrimeZone Plastic Deck Tiles - Sales 4000 PCS per Month - 10% Commission,PrimeZone,2026-07-21,2027-01-21,10.00%,10000.0,10000.0,58,800,false
"[B0GVJKCJMV, B0GVJJL37J, B0GVJF4619]",amzn1.campaign.2YDVS3MKN124N,20% Social Battery Slider Pin 26-7-21,Necehelp,2026-07-21,2026-11-14,20.00%,10000.0,10000.0,48,800,false
[B0H4K76K32],amzn1.campaign.3A9WECWFB2ZRJ,📸 First Day of School Banner Set for Quick Photo Backdrops 🎒,Shaxcoq,2026-07-21,2026-09-30,10.00%,5000.0,4998.45,53,800,false
[B0H6WHRB63],amzn1.campaign.3MYYP23M3SZLT,50% OFF GPS Wireless Dog Fence Collar System (Limited Deal),RPZ,2026-07-21,2027-05-19,10.00%,10000.0,9930.0,38,800,false
"[B0GRV73CH4, B0GRV8MSFV, B0GRVN7PFZ, B0GRV6WCDZ, B0GRVC3S7G, B0GRVMR998, B0GRV6V25X, B0GRVN4K57, B0GRV7C6W3, B0GRV67ZR3, B0GRVGNH4N, B0GRVK7KD1, B0GRVFRCF4, B0GRV7D5G9, B0GRVK8L9G, B0GRVCBXFM, B0GRV7YGRL, B0GRVK461W, B0GRV7GN2F, B0GRV1LCXT, B0GRVDC4YY, B0GRVGK6X2, B0GRVFQPF7, B0GRVGPVSM, B0GRVG8MJ6, B0GRV7PGML, B0GRV8GWXF, B0GRVGLX6W, B0GRVGLZT2, B0GRVCL8FP, B0GRVLPR4Z, B0GRVQX7VN, B0GRVCTKD8, B0GRV2PKF2, B0GRVC4JQX, B0GRVKBGR3, B0GRV7QTRX, B0GRV4CXBQ, B0GRVGR1R2, B0GRVCM23N, B0GRVMWBZL, B0GRVJ6VBL, B0GRVGMX52, B0GRVDXVBF, B0GRVR45ZM, B0GRVGCX59, B0GRVC4MPN, B0GRVNF85P, B0GRVHWJ91, B0GRV8H9X8, B0GRVBK9WB, B0GRVC4HFS, B0GRVCN4B9, B0GRVBRDGD, B0GRVQ367H, B0GRV6X3MN, B0GRVF2KND, B0GRVBCCMV, B0GRVCN4C3]",amzn1.campaign.3439IBET3MAFJ,girls tights +  B0GRVC4JQX+10%commission,HONGTEYA,2026-07-21,2027-02-28,10.00%,5000.0,4956.25,52,800,false
"[B0H2Z5ZJYN, B0GDG7KVJV, B0BQJ5CSMS, B0FWRR787L, B0FQ6VT9FT, B0GR67BC3Q, B0H3LNR476, B0DSPW5S71]",amzn1.campaign.2U6CL82T46AAK,🎁 Free Sample + 10% Commission | Partner with Rokid AR Glasses,Rokid,2026-07-21,2026-12-31,10.00%,60000.0,59995.1,30,800,false
"[B0G488HCFS, B0G488VXK8, B0DF2V2F5Y, B0GKNXZKTG, B0FS7FFYV2, B0DF2W165M, B0CQ8LDBZN, B0DF1Z9FSF, B0G48V642J, B0CQ85FT24, B0G48Y1P9W, B0H7SX6S2D, B0FS7DMLQT, B0G48T5W1N, B0G4885CNF, B0FPG2CP2J, B0DXQ5BGZ2, B0FLPRBX47, B0CDX27ZKC, B0GZP5Q5WT, B0FS7FF2PF, B0DF2WDF26, B0G485JDJP, B0DWN3YXFH, B0DXQ4W7WC, B0DF24JMM6, B0GZZZPX6L, B0DZ6RZM6T, B0CQ85XDXW, B0F48FX53S, B0DXQ49XTT, B0CQ877SXS, B0G49298XZ, B0D78HYQ3S, B0G48S23RF, B0CQ88YZGJ, B0G48YX7R7, B0DXQ6K675, B0GXW78HV5, B0G4886B3R, B0DZ6W4TD1, B0C6QP8KDN, B0H1BPMQNY, B0DXQ6N1MQ, B0DF2VD6TL, B0DF2W7T4X, B0DWMZMT3D, B0G488XF6P, B0FPG31J2Q, B0FCBTTH26, B0DHX78TRP, B0H2HN5BYK, B0DZ6SS8HP, B0C6QS3DBV, B0DXQ38BW2, B0DF2VLHGB, B0G48TW49F, B0CQ86GN4Y, B0C6QP3JQH, B0GZZ5T2FB, B0DXQ7T6V2, B0DB29GPJK, B0DXQ6Q4NW, B0DF2W9NSL, B0DXQ7LK65, B0DF2WNK48, B0GKND15SK, B0DF2W3VTX, B0CDX1NQYK, B0CQ85SW6H, B0CQ88T6VL, B0G487V5NS, B0C6QPYP5B, B0FPG29JH8, B0DXQ5ZRXG, B0H4G83ZQW, B0DF2WPLDX, B0CQ8BGLL3, B0FCBS2RF6, B0FS7FDH4D, B0DZ6VDHFF, B0DF2X125D, B0DXQ4GTHV, B0G48BTF7D, B0CQ8RMV91, B0C6QMQWMN, B0H6ZC356M, B0DF1RXMQ8, B0CQ89BF1R, B0FS7CRZ2V]",amzn1.campaign.2VNG1EDN51OTN,PrimeZone Acacia Wood Deck Tiles - Sales 6000 PCS per Month - 10% Commission,PrimeZone,2026-07-21,2027-01-21,10.00%,10000.0,10000.0,50,800,false
"[B0H3V2WZBJ, B0H3V67MYT, B0H3VC6SYV, B0H3TYRXPJ, B0H3V97Y7J, B0H3TYTF8D, B0H3V6PQYR, B0H3V6BLS8, B0H3V3BWWT, B0H3V67JSL, B0H3V1YTB5, B0H3V65PP9, B0H3TY1Z7N, B0H3V4C66W, B0H3TZ6HDW, B0H3V7457Q, B0H3VCFGSW, B0H3V273QT, B0H3V371QY, B0H3V9BT5P, B0H3V13ZXP, B0H3V6312W, B0H3VB7NG1, B0H3TV11MJ, B0H3TZ3QHN, B0H3V8F2TC, B0H3V4R4GN, B0H3TYCX95, B0H3TWJ542, B0H3TY6NNK]",amzn1.campaign.19YPW5TJIE3KL,10% High Commission +  Christian Cross Print Graphic Tshirts for Men,HOUZONIY,2026-07-21,2027-07-21,10.00%,5000.0,4981.7,44,800,false
"[B0G8KJPZ4X, B0DQTK11XD, B0DQTDQB2W, B0DQTBLKP7, B099F2SNTK, B096F4T83Z, B0DQ8PQQFV, B0DQSS7TZ8, B09YM6YS16, B0BWMNHTTQ, B0C4H49J7V, B096F6YSRY, B0DQSV6CK5, B0BWMNWVCZ, B0G8KCWV7Q, B0G8KCWV87, B0DQTSRQ4X, B0BWMNWJ6M, B0CX134TC9, B096F7Q9RM, B0CX1J578F, B0DQTKFP7D, B0G8KYLWVR, B0BWMNKMM4, B0BWMNGR9Z, B0CX14559R, B0CX19149C, B0BWMN94ZH, B0BWMNN34H, B0G8K37511]",amzn1.campaign.97Y3KU5XK3LQ,Hot Summer Bikini Offer From Only $14.99 -HY-5405,BIKINX,2026-07-21,2026-10-17,10.00%,5000.0,5000.0,71,800,false
[B098STNVXY],amzn1.campaign.2XIF6Q05OZTEH,YOUEON Acacia Wooden Egg Holder with Double Layers + 10% Commission + B098STNVXY,Youeon,2026-07-21,2027-07-21,10.00%,10000.0,9936.0,42,800,false
"[B09FHBDF37, B088B95N2N, B09FHDB629, B09FHCTJ3N, B0BMLBNYK1, B0BMLCF4W1, B07X1RHTGD, B0BMLDWBHF, B09FHDRJ1P, B093LM977H, B0CXLKNR1F, B09FHBKD9L, B09FHBN335, B0BMLDL9R4, B0BML7RKN7, B09T9ST3RR, B0BMLB149R, B09FHCH29T, B09T9SFCHC, B0BMLF1G4L, B09FHBLN5L, B093LP3SD9, B09T9TRQWX, B093LQ5G5P, B088B51YDY, B0BMLBBC8H, B09FXHZ73N, B0BMLBQL5Z, B0CXLMT9Z4, B0BML9GHQ6, B0BMLD7J38, B088BP3S6Q, B09FHD2XX4, B088B5H6LT, B09FHCSXYR, B09T9TBTCX, B0BMLFN61T, B0BMLKQWLV, B09T9X9GVH, B09MD42VLW, B09FHB4V2P, B0BML9PTNG, B088BC9V5P, B0BMLDJ67C, B09FHD2YR9, B09FHC7YC9, B0BMLBLF5W, B07WZN5MQM, B09FHBN5MD, B09T9VKVH2, B09FHBHLY2, B09FHDJMSB, B0CXM3HPCQ, B0CXM5HDWM, B09T9THFZF, B09MD3Q1PR, B08YYJZ9BW, B088B7QKWP, B0BML9TS8J, B09FHDKBZQ, B09FHCB69H]",amzn1.campaign.3IVKJ3Q17UNJ6,1S01-2026/7/21-15%,MUSSHOE,2026-07-21,2026-12-31,15.00%,5000.0,4802.7,35,800,false
"[B09FHBDF37, B088B95N2N, B09FHDB629, B09FHCTJ3N, B0BMLBNYK1, B0BMLCF4W1, B07X1RHTGD, B0BMLDWBHF, B09FHDRJ1P, B093LM977H, B0CXLKNR1F, B09FHBKD9L, B09FHBN335, B0BMLDL9R4, B0BML7RKN7, B09T9ST3RR, B0BMLB149R, B09FHCH29T, B09T9SFCHC, B0BMLF1G4L, B09FHBLN5L, B093LP3SD9, B09T9TRQWX, B093LQ5G5P, B088B51YDY, B0BMLBBC8H, B09FXHZ73N, B0BMLBQL5Z, B0CXLMT9Z4, B0BML9GHQ6, B0BMLD7J38, B088BP3S6Q, B09FHD2XX4, B088B5H6LT, B09FHCSXYR, B09T9TBTCX, B0BMLFN61T, B0BMLKQWLV, B09T9X9GVH, B09MD42VLW, B09FHB4V2P, B0BML9PTNG, B088BC9V5P, B0BMLDJ67C, B09FHD2YR9, B09FHC7YC9, B0BMLBLF5W, B07WZN5MQM, B09FHBN5MD, B09T9VKVH2, B09FHBHLY2, B09FHDJMSB, B0CXM3HPCQ, B0CXM5HDWM, B09T9THFZF, B09MD3Q1PR, B08YYJZ9BW, B088B7QKWP, B0BML9TS8J, B09FHDKBZQ, B09FHCB69H]",amzn1.campaign.1HD8BJPO7RXWI,1S01-2026/7/21-10%,MUSSHOE,2026-07-21,2026-12-31,10.00%,5000.0,5000.0,55,800,false
[B0H24MHVKF],amzn1.campaign.2EKYI9TMTG752,30W PD USB-C Charger Block with Wireless Watch Charger for Samsung Watch,SwanScout,2026-07-21,2026-09-30,10.00%,5000.0,4994.57,38,800,false
"[B0FFG6G4LN, B0FG24Q5S3, B0FFGQD9CT, B0FG24LLXT]",amzn1.campaign.FDXMOYRXQGLC,💖 Cozy & Soft Heated Eye Mask – Gift & Collab Ready--YXZSJR70,FACEMOON,2026-07-27,2026-10-31,10.00%,10000.0,10000.0,60,800,false
"[B0DCZ4RLNY, B0DCZ9P1DJ, B0DGFR9537, B0DCZ16RPG, B0DGKNQ32T, B0CJXP1KBH, B0DGKCZQFG, B0CHP3LJ1L, B0DGFSGTG9, B0CHP4R98L, B0DGKXM9CG, B0DCZ3TPH8, B0DGKQ4HH6, B0CHP3986P, B0DCYZVVPD, B0CHP37KDC, B0DGFT5FFB, B0DGFT71CV, B0DCYWZ818, B0DCYY2QDB, B0CJXNT69R, B0CJ8P9NDM]",amzn1.campaign.3RUHLTSQYD4YF,bloggers are needed to showcase and promote this Halloween Sweatshirt,LLHXRUI,2026-07-21,2026-12-31,15.00%,8000.0,7974.92,40,800,false
[B0H7WLN8GF],amzn1.campaign.V0BDU09PYJ6O,3-in-1 Pipe & Valve Extractor,TEAL LAUREL,2026-07-21,2027-07-21,30.00%,999999.0,999993.9,34,800,false
"[B0F5PNJ7JD, B0F5PKW13J, B0F5PLC3G4, B0F5PKQ2HR, B0F5PMTYG9, B0F5PLF4B4, B0F5PKRHFY, B0F5PN2KJQ, B0F5PK96GD, B0F5PL5MFW, B0F5PKRP9H, B0F5PKNRSM]",amzn1.campaign.14G7L1B2YYC9W,men's softshell vest are on sale (12% -254017),Hixiaohe,2026-07-21,2027-07-21,12.00%,5000.0,5000.0,24,800,false
"[B0BDQMDVFW, B0BM9P5PN7, B0BDQK1MCK, B0BDQJPV4T, B0BM9NMSQG, B0C2CJF26H, B0C4GNZ7KS, B0C6LPTQXP, B0BDQPPTRC, B0C45HL7WT, B0C6LQLR2V, B0C6LNH6H4, B0C6LR4GPH]",amzn1.campaign.3OZ5F31G1J0RY,"💝 Exotic Flavor, Vintage Charm — 12% Comm, Impressive Gift",WERFORU,2026-07-21,2026-10-02,12.00%,5000.0,5000.0,27,800,false
"[B0GC6B26W5, B0G7D8NLYY, B0GC6BC7XJ, B0G7DS4H9C, B0GC6XN3T4, B0G7BSCTCW, B0GC6CL72M, B0GC66K68M, B0GC6LWLBR, B0G7C8GLYN, B0G7F5LT6H, B0G7DKVTDX, B0GC74M6VT, B0GC5TNRBH]",amzn1.campaign.GKQVDCLYSGIF,Saxitoe Ultimate Realistic Thrusting Dildo Vibrator Campaign (13 Size Options),Saxitoe,2026-07-21,2026-12-31,10.00%,5000.0,4998.2,53,800,false
"[B0GVN8SZCH, B0GVN7HW3R, B0GVN79XSJ, B0GVNB4CR5, B0GVNFV443, B0GVN6QG1J]",amzn1.campaign.RMZY0Y5KE3V5,20% Luggage Connector Straps 26-7-21,Necehelp,2026-07-21,2026-11-14,20.00%,10000.0,9995.2,44,800,false
"[B0FFG6G4LN, B0FG24Q5S3, B0FFGQD9CT, B0FG24LLXT]",amzn1.campaign.1FYP77O851SOG,🌙 Melt Migraines: Heated Eye Mask Creator Invite--YXZSJR70,FACEMOON,2026-07-27,2026-10-30,10.00%,10000.0,10000.0,62,800,false
"[B0G8KJPZ4X, B0DQTK11XD, B0DQTDQB2W, B0DQTBLKP7, B099F2SNTK, B096F4T83Z, B0DQ8PQQFV, B0DQSS7TZ8, B09YM6YS16, B0BWMNHTTQ, B0C4H49J7V, B096F6YSRY, B0DQSV6CK5, B0BWMNWVCZ, B0G8KCWV7Q, B0G8KCWV87, B0DQTSRQ4X, B0BWMNWJ6M, B0CX134TC9, B096F7Q9RM, B0CX1J578F, B0DQTKFP7D, B0G8KYLWVR, B0BWMNKMM4, B0BWMNGR9Z, B0CX14559R, B0CX19149C, B0BWMN94ZH, B0BWMNN34H, B0G8K37511]",amzn1.campaign.1WOG481K1PJIK,Summer Style Bikini Deal Save 55% Now -HY-5405,BIKINX,2026-07-21,2026-10-16,10.00%,5000.0,5000.0,67,800,false
[B0F9L131FY],amzn1.campaign.1A32CD5HSPBVS,YOUEON Wooden Egg Holder for Countertop + 10% Commission + B0F9L131FY,Youeon,2026-07-21,2027-07-21,10.00%,10000.0,9952.0,48,800,false
"[B0H1CV1VGJ, B0GV15XK9G, B0GXMRGZJ8, B0H8MMJF48, B0H8M7X6FB, B0GLGLM9TG]",amzn1.campaign.2PFVUTY3VOBQK,生发 全部  新   20%,Trzsfr,2026-07-23,2026-12-31,20.04%,5000.0,5000.0,62,800,false
[B0H4MKKJCG],amzn1.campaign.3BCOP8TV1SIQO,"Inflatable Pool Floats Adult 3 Pack ,10 commission",Voivey,2026-07-21,2027-01-01,10.00%,5000.0,4971.0,44,800,false
[B0H3543X45],amzn1.campaign.1XP0OWECNUGQ5,🎒 A Colorful Back-to-School Banner Set That Pops on Camera 📸,Shaxcoq,2026-07-21,2026-09-30,10.00%,5000.0,4984.02,44,800,false
"[B0H1CV1VGJ, B0GV15XK9G, B0GXMRGZJ8, B0H8MMJF48, B0H8M7X6FB, B0GLGLM9TG]",amzn1.campaign.26J26G1AN5SYZ,生发 全部  新   20%,Trzsfr,2026-07-23,2026-12-31,20.02%,5000.0,5000.0,75,800,false
"[B0FFG6G4LN, B0FG24Q5S3, B0FFGQD9CT, B0FG24LLXT]",amzn1.campaign.ZNIT038I1KQD,😌 Soft Relief: Heated Eye Mask – Dry Eyes Influencer Collab--YXZSJR70,FACEMOON,2026-07-27,2026-10-29,10.00%,10000.0,10000.0,69,800,false
[B0H7VNXJK8],amzn1.campaign.29ZIC1VWG9Y6L,UPRUBE FOOD VACUUM SEALER MACHINE 15% Commission,UPRUBE,2026-07-21,2026-10-24,15.00%,5000.0,4304.63,40,800,false
"[B0H1CV1VGJ, B0GV15XK9G, B0GXMRGZJ8, B0H8MMJF48, B0H8M7X6FB, B0GLGLM9TG]",amzn1.campaign.136WBZUZPCCE6,生发 全部  新   20%,Trzsfr,2026-07-23,2026-12-31,20.03%,5000.0,5000.0,73,800,false
"[B0H453KPWY, B0H44YH3XP, B0H4529Z5G, B0H458VHFD, B0H459G928, B0H454QPV9, B0H4567KT4, B0H45CFH1T, B0H4572TZ5, B0H451LC19, B0H4592PRF, B0H4592PRG, B0H456CFV6, B0H453N542, B0H44ZL769]",amzn1.campaign.111RAXOSOG4R4,1,OGTFYR,2026-07-21,2026-11-21,10.00%,10000.0,9824.98,33,800,false
"[B0H1CV1VGJ, B0GV15XK9G, B0GXMRGZJ8, B0H8MMJF48, B0H8M7X6FB, B0GLGLM9TG]",amzn1.campaign.1C7ZUVSE2AE8E,生发 全部  新   20%,Trzsfr,2026-07-23,2026-12-31,20.00%,5000.0,5000.0,77,800,false
"[B0H1CV1VGJ, B0GV15XK9G, B0GXMRGZJ8, B0H8MMJF48, B0H8M7X6FB, B0GLGLM9TG]",amzn1.campaign.32KEH5KJGYHZF,生发 全部  新   20%,Trzsfr,2026-07-22,2026-12-31,20.04%,5000.0,5000.0,74,800,false
"[B0FFG6G4LN, B0FG24Q5S3, B0FFGQD9CT, B0FG24LLXT]",amzn1.campaign.OLGU8YZ3RVPQ,✨Warm & Cozy – Heated Eye Mask Collab for Creators--YXZSJR70,FACEMOON,2026-07-27,2026-10-28,10.00%,10000.0,10000.0,73,800,false
"[B0GXYGRC2T, B0GXYM2YPP, B0GXYM2YPQ, B0GXYGXJ3P, B0GXYFVTDH, B0GXY9QGZ5, B0GXYNTLFS, B0GXYKRHCV, B0GXYHDVRZ, B0GXYJBRNB, B0GXYGYPN9, B0GXYL219K, B0GXYLYJKY, B0GXYQG9ZH, B0GXYH7D1X, B0GXYC7F8H, B0GXYH36BW, B0GXYH7D1Z, B0GXYKQ8PF, B0GXYKS5XV, B0GXYH6VB3, B0GXYFN83L, B0GXYH52R9, B0GXYQF45X, B0GXY7NRJD, B0GXYFWLXW, B0GXYFJVC1, B0GXYNYRV6, B0GXYM41N1, B0GXYH5NR9, B0GXYC5M98, B0GXYKD1V6, B0GXYFM58B, B0GXYMNRMJ, B0GXYPWYN9, B0GXYLX28D, B0GXYLPRK9, B0GXYM2CW5, B0GXYHJ83Q, B0GXYLQ2LY, B0GXYH4P4B, B0GXY8DHW9, B0GXYJ2N6Z, B0GXYJH54K, B0GXY7L1B9, B0GXYVG5RC, B0GXYKDK78, B0GXYCF8G3, B0GXYPH6RX, B0GXYFTX6X, B0GXY7K4J8, B0GXYPLKXW, B0GXYPLKXX, B0GXYG7X99, B0GXYH9ZNW, B0GXYMTG5X, B0GXYLDFM6, B0GXYC1BV5, B0GXYJFV2F, B0GXYFH4XK]",amzn1.campaign.3TXPEBU4LM852,"✨ Gothic Corset Core — 10% Comm, Renaissance Style, Modern Edge ✨",WERFORU,2026-07-21,2026-10-01,10.00%,5000.0,5000.0,32,800,false
"[B0H1CV1VGJ, B0GV15XK9G, B0GXMRGZJ8, B0H8MMJF48, B0H8M7X6FB, B0GLGLM9TG]",amzn1.campaign.XNGK314CDRPA,生发 全部  新   20%,Trzsfr,2026-07-22,2026-12-31,20.03%,5000.0,5000.0,79,800,false
"[B0H1CV1VGJ, B0GV15XK9G, B0GXMRGZJ8, B0H8MMJF48, B0H8M7X6FB, B0GLGLM9TG]",amzn1.campaign.3FGQXUMOZ76LX,生发 全部  新   20%,Trzsfr,2026-07-22,2026-12-31,20.02%,5000.0,5000.0,76,800,false
"[B0GVRWCNCL, B0GVRCPV9H, B0GVRLS7SH, B0GVQRDHJL]",amzn1.campaign.J4324KTMFK08,20% Waist Trainer 26-7-21,Necehelp,2026-07-21,2026-11-14,20.00%,10000.0,10000.0,58,800,false
"[B07SGBMD6Q, B07PWXYN3D, B07RDBBP7M, B0F2S8SLPC, B07X82YZ3S, B0F2T4P5WG, B07SLHY4B7, B07SGBJFT9, B095SMF9CL, B07Q26G63S, B07X7JZXWK, B0F2SRZFR5, B095SJMXD7, B07Q23KSLT, B07RJGY9XV, B0F2SP47HD, B07QXP2WY1, B07V28WZZT, B07S8CNHVY, B085RSRFH2, B07RFCK195, B093GSXN71, B07S6BS2R9, B07RDBBWDS, B07V6HYWYF, B07WKVLVTF, B07V6L9B4H, B07V6GLSTR, B07RP74L1R, B07V4DYLJN, B085NPS3CY, B07V6FX6Y1, B07PY4HPKD, B07V6JS84Q, B07TBXTDBH, B07PZ893S7, B07SBNF1DP, B07SSFGJVS, B07V4DWZM1, B08886M5Y8, B07TCG6RDR, B07VHQYNCR, B07TDHTBZM, B07V6GWGKQ, B0F2SDJMGS, B095SND2ZZ, B07QXP5F2F, B07X81L28J, B093GT45PD, B09STLDRCX, B07V28WW5Z, B097BNXCX9, B085NQ2JLF, B07STJ6SWT, B093PGWG43, B07X6KX5Q2, B07S9DPC57, B07V4DXPBM, B07RP8H9RQ, B07SKFMHRY, B07S6BPWYZ, B085NPM9Q4, B0D88ZSTLY, B07S6BRM78, B07RVJNNFY, B07V6JDCRK, B0871QKJDT, B08889L6NL, B07V6JDCRM, B07SBMC6F5, B0F2RXL53Q, B07PY4JNSR, B07S7DTYQT, B07X2SNTYL, B07V6F9XRC, B07T7HHKNG, B07V6DP674, B0F2SRKTHS, B093GT54S7]",amzn1.campaign.1CBXLMOWSMIIM,mens outdoor vest are on sale (10%-200021),Hixiaohe,2026-07-21,2027-07-21,10.00%,5000.0,5000.0,22,800,false
"[B0H1CV1VGJ, B0GV15XK9G, B0GXMRGZJ8, B0H8MMJF48, B0H8M7X6FB, B0GLGLM9TG]",amzn1.campaign.3QQXYN6H12WM8,生发 全部  新   20%,Trzsfr,2026-07-22,2026-12-31,20.01%,5000.0,5000.0,79,800,false
[B0G6D78JKR],amzn1.campaign.11LFQBT9TGW80,"TaskStar 2-in-1 Pole Saw & Electric 10inch Chainsaw for Tree Trimming,",TaskStar,2026-07-21,2026-11-30,10.00%,5000.0,4581.5,14,800,false
"[B0H1CV1VGJ, B0GV15XK9G, B0GXMRGZJ8, B0H8MMJF48, B0H8M7X6FB, B0GLGLM9TG]",amzn1.campaign.L0U22EIL22IS,生发 全部  新   20%,Trzsfr,2026-07-22,2026-12-31,20.00%,5000.0,5000.0,81,800,false
"[B0DMJY4R9N, B0DMJXR17L, B0DMJZTVKY, B0DMK1GNXY, B0DMJYLSWL, B0DMK13V73, B0DMJZWBH4, B0DMJYJ95H, B0DMJYK575, B0DMJZ4H4B, B0DWM7YWHY, B0DMJYSN2D, B0DMJYR16C, B0DMJYKKSC, B0DMJY1W1S, B0DMJXK3Y9, B0DMJYTJHJ, B0DMJXW3BG, B0DMK15YZT, B0DMJYY3HS, B0DMJYC835, B0DMJSM7T6, B0DMJZB92B, B0DMJZS28B, B0DMJYP88R, B0DMJZ4Q4Z, B0FG7GDNC6, B0DMJYYGFD, B0DMJZ6CY7, B0DMJXNQ11]",amzn1.campaign.2EFV6D9U2CTLF,"Timeless Women’s Fashion Belt, Eye-Catching Buckle, Ultra-Soft Faux Leather B204",XZQTIVE,2026-07-23,2026-11-30,10.00%,5000.0,4999.01,53,800,false
"[B0CLXX5CQQ, B0DMR4Q8X8, B0CMGNLS63, B0CM6D5BHY, B0CM2YL471, B0CLXYH6XC, B0DH23NZ1Z, B0DL58SG6Q, B0DMR1MT48, B0CM2VMJKJ, B0CM2YCKXF, B0CMCNSLTQ, B0CM6C1SSG, B0CMCSYT5W, B0CM2WMR5L, B0CM2XKTS8, B0DL58LDBV, B0DKX95HM6, B0DLGBYT7J, B0DH2611XK, B0CMCQM8G6, B0DLGDHRYQ, B0CLXZ7BPS, B0CMCRBR6J, B0DMR3LJKL, B0CMCSJMB5, B0CM6BV5SW, B0CM2XN754, B0CM2X72KQ, B0CM6C1SSZ, B0CMCSHR8Q, B0CMCSPQ37, B0CM2WRMH2, B0CLXZBNXD, B0DKXS1B2L, B0DL58KWB2, B0CLY23RDV, B0DH24KCXL, B0CM2W62YC, B0CM2W2XT9, B0DKWXR9BZ, B0CM6CNBTW, B0CM6GKW7W, B0DN54S6TV, B0DMR5NPK4, B0DL58B6BZ, B0DKWYWDZ2, B0DH254HJS, B0DMR3VC1W, B0DKXPKD1K]",amzn1.campaign.1QEOJVOX0UGUV,The popular blogger promoted and showcased this fashionable Christmas Sweatshirt,LLHXRUI,2026-07-21,2026-12-31,15.00%,8888.0,8875.88,42,800,false
[B09JKL24CM],amzn1.campaign.HKXG4LXBX9WK,YOUEON 3 Pack Foldable Grabber Reacher Tool + 10% Commission + B09JKL24CM,Youeon,2026-07-21,2027-07-21,10.00%,10000.0,9996.0,51,800,false
[B0H7WJ8XNG],amzn1.campaign.3CJUN6INS7RQ9,Oxalic Acid Cleaner 40% OFF Creator Link,OCCUP,2026-07-21,2027-07-21,40.00%,50000.0,49992.0,38,800,false
"[B0D5LFYNG4, B0CXPKYZSB, B0CWH2GHCG]",amzn1.campaign.28S1XYJ4T471T,"💙Soft Touch, Instant Calm — Cooling Eye Mask Creator Kit--PMLNJ2P104",FACEMOON,2026-07-27,2026-10-01,10.00%,10000.0,10000.0,39,800,false
"[B0CY2DY7PS, B0DY7N5VQN, B0CY2GFMX7, B0DY7LQCS3, B0DY7LKKNB, B0CY2HH3LG, B0DY7KW1KB, B0DY7LGVX3, B0CY2GDPC2, B0CY2HKJDQ, B0DY7NYPL8, B0DY7MJ4KS, B0CY2HC719, B0CY2JY2P3, B0DY7MGQ4T, B0DY7JPF5M, B0CY2HCL4D, B0CY2HNFRR, B0DY7NDCM9, B0CY2BS7XZ, B0D4LNDY8Z, B0DY7NBZD8, B0CY2GH9QF, B0CY2FPFXS, B0DYDD8X5X, B0CY2HCFD6, B0DYD9PDVH, B0CY2H417N, B0DY7NFD51, B0DY7LFM3M, B0DZH2YGRN, B0DQL4NQ5W, B0DY7NLTWJ, B0DY7MLZ8X, B0CY2D3V8W, B0CY2HQMRN]",amzn1.campaign.UBEY3UUTNIVR,AQX00500C-Swimsuit Coverup Womens V Neck Casual Shirt Dress with Pockets,Ailoqing,2026-07-21,2026-09-30,10.00%,5000.0,4926.03,43,800,false
"[B0H13VDFRD, B0H13WVWTX, B0H13TTXPP, B0H13Z56JF, B0H13SD4QN, B0H13TDJWP, B0H13X5VF2, B0H143MYYL, B0H13S8GMS, B0H144466F, B0H13T1Q17, B0H144PDBV, B0H13TWM88, B0H13T7YQJ, B0H143MYY8, B0H143NYS5, B0H13TBXW5, B0H13THB2N, B0H13WP85P]",amzn1.campaign.UCNNV7BNZKHU,"🚀 Creators: 12% Comm, Viral Corset Top, Samples Ready to Ship! 📦",WERFORU,2026-07-21,2026-10-01,12.00%,5000.0,5000.0,34,800,false
"[B08D6LRS4L, B0CX5F3XT9, B09H6PZD2Z, B07N177XVP]",amzn1.campaign.3A30NJ912Y6SK,Eran $20 Commission - Dripex Boxing Bag,Dripex,2026-07-21,2026-09-30,10.00%,5848.0,5702.34,35,800,false
"[B0G68XP28L, B0G647QF13, B0G63ZX2JR, B088FHF5PR, B088FJH3L5, B088FJ6X1L, B0F6D3Z3FG, B0G13TXGT4, B0G648WTD6, B0G6454CLT, B0G647RKKW, B0FP53K575, B0G69M1LHT, B0FP52F61N, B0BPRPWVTT, B0G69TLGV8, B0G63KLX1X, B0FKH6DPTK, B0FKH8RGCH, B0G6418MWY, B0FP4ZG3FW, B0G648NB4W, B0BNZXQNZ1, B0F6D2BS98, B0G63V95JB, B0F6D2JGMF, B0F6D1KZLG, B0G69Q9CPY, B0FP52BBBY, B0FP51L8NG, B0G6B4NYSW, B0C8TL199L, B0G69WYKB9, B0F6D1LB9R, B09J8R4LSD, B0G64FDL2Z, B0G6B13BWL, B0FP524MP8, B0FP533D55, B0FP54QRHG, B0G13RYS8X, B0FP52YGC2, B0GYDPC81Y, B0G692TLKL, B0FP53B25J, B0FP4ZJ366, B0FP4Z8D4W, B0C5HSPD9H, B0G693VFGB, B0GHMNT94M, B0G6B5JWZ1, B0F6CZ1YPV, B0G645CVTK, B0FP4P2J7V, B0FP52ZNY9, B0FP4RH9QD, B0G64FGDZ9, B0FP519W55, B0G69ZHFX1, B0G69QW6KL, B0C45F85XK, B0G8CTC68J, B0FP4S4Q75, B0C8TJMR24, B0C8TFBWC7]",amzn1.campaign.1LPC3BM8W0KBD,(B091) 10% Commission | Multi-Color Suede Belt + Silver square Buckle,XZQTIVE,2026-07-23,2026-11-30,10.00%,5000.0,4993.63,50,800,false
"[B0G8KJPZ4X, B0DQTK11XD, B0DQTDQB2W, B0DQTBLKP7, B099F2SNTK, B096F4T83Z, B0DQ8PQQFV, B0DQSS7TZ8, B09YM6YS16, B0BWMNHTTQ, B0C4H49J7V, B096F6YSRY, B0DQSV6CK5, B0BWMNWVCZ, B0G8KCWV7Q, B0G8KCWV87, B0DQTSRQ4X, B0BWMNWJ6M, B0CX134TC9, B096F7Q9RM, B0CX1J578F, B0DQTKFP7D, B0G8KYLWVR, B0BWMNKMM4, B0BWMNGR9Z, B0CX14559R, B0CX19149C, B0BWMN94ZH, B0BWMNN34H, B0G8K37511]",amzn1.campaign.1FOM2JNVWF6WU,Summer Bikini Discount Up To 55% OFF -HY-5405,BIKINX,2026-07-21,2026-10-14,10.00%,5000.0,5000.0,67,800,false
"[B0H94J4CXY, B0FNCQ77QT, B0FNCTXMCX, B0H94J84T1, B0H94FTJL8, B0FM89Y38B, B0H94K7WCL, B0H94PGBZ1, B0H94DHH7L, B0H94J3WYP, B0H94B523M, B0H94KG1ZZ, B0H94D1G6H, B0H94W9F7J, B0FNCT6BWY, B0FNCRTFJM, B0FM8BSBFG, B0FNCTK2JL, B0H94TMD94, B0H94SNY93, B0H94G7QVT, B0FM8CPKDS, B0H94QV4N5, B0H94PG1WF, B0H94J5PJN, B0H94QV4N6, B0FM8C1DT5, B0FNCT77GQ, B0H94FYGN5, B0H94KN4M2]",amzn1.campaign.3LQI7W72J7W2G,50% 铅笔刀,Eadwe,2026-07-21,2027-01-31,50.00%,1000000.0,999940.74,6,800,false
[B0GVJQZXY1],amzn1.campaign.2UTMY6U79QFR1,"Heyface disposable face owels XXL 12"" × 12"", 30 PCS for YOUTUBER 15% commission",HEYFACE,2026-08-01,2026-12-31,15.00%,100000.0,99899.28,16,800,false
"[B0D5LFYNG4, B0CXPKYZSB, B0CWH2GHCG]",amzn1.campaign.1FN2X6A2J7Y2H,😌Migraine Relief Magic — Cooling Eye Mask Creator Call--PMLNJ2P104,FACEMOON,2026-07-27,2026-10-30,10.00%,10000.0,10000.0,45,800,false
"[B0GYXR46MY, B0GYYZCV41, B0GYYLZC8N, B0GYYLD8DV, B0GYYSN39V, B0GYXR7B45, B0GYXZB2SS, B0GYXR8N9C, B0GYZ11JRR, B0GYYMQHK7, B0GYXR3PTY, B0GYXYRTTR, B0GYXZ5V22, B0GYZ9NRS4, B0GYZ8LD54, B0GYYLXG25, B0GYYTR49B, B0GYYRV6DY, B0GYXYZGBS, B0GYYL9SYT, B0GYXYZR7V, B0GYZBFWYH, B0GYXZBJP3, B0GYYDWR3H, B0GYYN7S21, B0GYYT1F5S, B0GYYKZMTD, B0GYZG93PL, B0GYXR5RKJ]",amzn1.campaign.2KD0S7QOZZ9M,"✨ Shapewear That's GORGEOUS — 10% Comm, Beautiful + Functional 💅",WERFORU,2026-07-21,2026-10-01,10.00%,5000.0,5000.0,32,800,false
"[B0GGGLPFSX, B0GGH9WBXH, B0GGHJBDBP, B0GGGWJ982, B0GGH4HVYZ, B0GGH1SJHG, B0GGGZL92Z, B0GGGMNC9B, B0GGHJ6F1B, B0GGH4S4TR, B0GGGDPZ4Q, B0GGH8F25V, B0GGGJH9XW, B0GGGCVWKC, B0GGHJ3TNH, B0GGGN5SZ1, B0GGH128H9, B0GGGLYPLF, B0GGGPMVXT, B0GGGQVGMR, B0GGGWQNZ2, B0GGGWBJZL, B0GGGWXCPX, B0GGH86ZMN, B0GGGVKYFT, B0GGH9LYYB, B0GGH119Y4, B0GGGV3N3F, B0GGGQ4J56, B0GGGWYYL3, B0GGGWJ8X9, B0GGH9RRC7, B0GGGVWTMH, B0GGGQVSK1, B0GGGX4M1S, B0GGHMN42Y, B0GGH976HD, B0GGH1WJF7, B0GGGPQFL4, B0GGGR79BJ, B0GGH3FGB1, B0GGH897FP, B0GGGPPSHL, B0GGGPQR17, B0GGGPF7DT, B0GGHD7GVZ, B0GGGXCM37]",amzn1.campaign.123TF6JIXT76,"Versatile Women Maxi Dresses, Free Samples & 10% Commission for All Creators",Waist Wow,2026-07-21,2027-02-21,10.00%,20000.0,20000.0,29,800,false
"[B0G2BL9YZB, B0GFHWGN75, B0GFHW6B34, B0G2BP4V6G, B0G2BJGQJZ, B0GFHRZNVH, B0G2BKN576, B0G2BLMJJG, B0G2BM36RY, B0GFJQ6Z3W, B0GFJSHB7R, B0GFJ1FDTL]",amzn1.campaign.WVZ31WHAB6L,"🔥DreamCalf SG2230 Cat Eye Shades | Trendy Silhouette, UV Full Protection",DreamCalf,2026-07-22,2027-07-21,10.00%,50000.0,50000.0,50,800,false
"[B0GWZW31HW, B0GX15YM8L]",amzn1.campaign.4U3LK86C2CPW,10% Commission! Chewproof Thickened Acrylic Hamster Cage,BESNEW,2026-07-21,2026-09-30,10.00%,5000.0,4947.89,57,800,false
"[B0GT4DLD55, B0H1WNT13G]",amzn1.campaign.SZLHW986YQY1,"Letuoclips + Artificial geranium + 10% commission, Suitable for all occasions",LetuoClips,2026-07-21,2026-09-30,10.00%,5000.0,4404.99,24,800,false
"[B09LQM8RY4, B09KRK6WJW, B0BCNN1H14, B0BFGVDGN8, B0BFCJP2MM, B09MYDH9NX, B0BHNS319F, B0FPCBGRCQ, B0B9GF9ZZ6, B0BFGTH958, B0BFHBZ15D, B09JYKMR7F, B0FPC8T5LY, B0BFHCLLKS, B0BHNQP5M3, B0BFR65NC6, B0BCNYL3TQ, B0BCP7BYXB, B0BFGVZ7VQ, B09KRLQ2KF, B0BCP4F67R, B0BFGV2BW2, B0B9GCZHD7, B0B9GD6KQH, B0B9GFWMQZ, B0B9GFZ54R, B0BHNS788G, B09JYJ4XGR, B0B9G9N3H1, B0BHNQYN86, B0BHNR9WDY, B09MYFFYS7, B0BFHD5X66, B09LQBQZTH, B0BHNSC1LX, B0BFHSRG91, B0BCNXP6QM, B0B9GFLM17, B09KXBHC8M, B09JYL1BZD, B09KP8WJPB, B0BCP12SHN, B0FPC8VSJM, B09LQ8S5Q3, B0BFH6TL1T, B09LQK6G96, B0BCP9N985, B0BCP1SXGD, B09JZ1RBYZ, B09KX1CQYB, B0BHNQP9FT, B0BFHBNK93, B0BCNYLFKS, B0BCNC7QRN, B09KRJCYPW, B0B9GDNZQS, B0BFH78NS2, B09LQC1S5R, B0BCP7QJ29, B09MYN4XQ5, B09LQ71M8B, B09MY8766D, B0BHNN554K]",amzn1.campaign.5MIY4IAKJEQY,The popular blogger promoted and showcased this fashionable Christmas outfit.,LLHXRUI,2026-07-21,2026-12-26,15.00%,8888.0,8888.0,41,800,false
[B0B3XYHNN4],amzn1.campaign.2F7SJ5N1IPKJD,YOUEON 4 Pcs Round Flower Frogs + 10% Commission + B0B3XYHNN4,Youeon,2026-07-21,2027-07-21,10.00%,10000.0,9963.6,53,800,false
"[B0GZ3HVXRY, B0GZ3JQPVL, B0H2V2BXQB]",amzn1.campaign.OBFU4A2NL6E5,5MP Angle Window Camera-15%,Hieasy Home,2026-07-21,2027-07-21,15.00%,100000.0,99858.75,25,800,false
"[B0G2BL9YZB, B0GFHWGN75, B0GFHW6B34, B0G2BP4V6G, B0G2BJGQJZ, B0GFHRZNVH, B0G2BKN576, B0G2BLMJJG, B0G2BM36RY, B0GFJQ6Z3W, B0GFJSHB7R, B0GFJ1FDTL]",amzn1.campaign.3EL702TZ06GUA,"🔥DreamCalf SG2230 Cat Eye Shades | Trendy Silhouette, UV Full Protection",DreamCalf,2026-07-21,2027-07-21,10.00%,50000.0,49975.7,54,800,false
"[B0D5LFYNG4, B0CXPKYZSB, B0CWH2GHCG]",amzn1.campaign.3IZISYJQ52DN7,🧊Soothe & Shoot — Cooling Eye Mask Collab Invite--PMLNJ2P104,FACEMOON,2026-07-27,2026-10-29,10.00%,10000.0,10000.0,48,800,false
"[B0G8KJPZ4X, B0DQTK11XD, B0DQTDQB2W, B0DQTBLKP7, B099F2SNTK, B096F4T83Z, B0DQ8PQQFV, B0DQSS7TZ8, B09YM6YS16, B0BWMNHTTQ, B0C4H49J7V, B096F6YSRY, B0DQSV6CK5, B0BWMNWVCZ, B0G8KCWV7Q, B0G8KCWV87, B0DQTSRQ4X, B0BWMNWJ6M, B0CX134TC9, B096F7Q9RM, B0CX1J578F, B0DQTKFP7D, B0G8KYLWVR, B0BWMNKMM4, B0BWMNGR9Z, B0CX14559R, B0CX19149C, B0BWMN94ZH, B0BWMNN34H, B0G8K37511]",amzn1.campaign.BKP4UQZMSU8H,Fashion Swimwear Deal Starting At $14.99 -HY-5405,BIKINX,2026-07-21,2026-10-13,10.00%,5000.0,5000.0,69,800,false
"[B0FV21L8H3, B0FV2Q13DS, B0GFNDQK8H, B0FV24JXB9, B0FV27XJS6, B0FV1ZXMT9, B0FV2NC7B4, B0FV1PNM2Q, B0FV1YQG3P, B0FV281WF9, B0FV2FQ6XV, B0FV28VYQS, B0FV2JJD6R, B0FV21K1HT, B0GFMB5FZW, B0GFMXTTQG, B0FV2G9H8S, B0FV2JTG72, B0FV26FDLQ, B0GFMK5RVY, B0FV2PQPB6, B0FV1HYJPR, B0FV1HZXDY, B0FV2FJ674, B0FV26T5P3, B0FV269JM2, B0FV282LR4, B0FV1VP6ZN, B0FV1LHBCX, B0GFMXB1HS, B0FV2JNRSZ, B0FV2M6Q5P, B0FV1YGX1D, B0FV232Y9Q, B0FV1PD384, B0FV264TDK, B0FV26DFWX, B0FV1LH15S, B0FV1PDG9H, B0FV1S61G5, B0FV2C4XTW]",amzn1.campaign.25IPFQO705X9Y,Whimsical Sophistication: The Bow & Tassel Cincher Blends Romantic&Refined B236,XZQTIVE,2026-07-22,2026-10-31,10.00%,5000.0,5000.0,51,800,false
"[B0DTDPQTWL, B0DTDMXX8K, B0DTDS77F1, B0DTDRT4TD]",amzn1.campaign.1FAWBTUWK9PLE,📢 Supforce Valet Rod Collab | Free Product + Commission,Supforce,2026-07-21,2027-07-21,10.00%,5000.0,4785.98,30,800,false
"[B0H4GKC6XK, B0H4GPHV52, B0H4GWNRR5, B0H4GWQWQQ, B0H4H138JB, B0H4GQPK91, B0H4H3CZ9V, B0H4H5CS7V, B0H4GQHM88, B0H4GVJK9D, B0H4H2Q3YX, B0H4GVLD3P, B0H4GVKH4F, B0H4GWWBD9, B0H4GTYGLJ, B0H4GWPLS8, B0H4GSVSZX, B0H4GVWHVR, B0H4GLWX69, B0H4H13HP3]",amzn1.campaign.25HREJ54Q1DNV,SY952003,Bsubseach,2026-07-21,2027-01-31,15.00%,15000.0,14869.32,16,800,false
"[B0H35ZPDXG, B0H35WQCTK, B0H35ZCQWH, B0GS5RN6CW, B0GS5MVSQV, B0GS5RYBS5, B0GS5BY662, B0GS5HCVPJ, B0GS5L2BD2, B0H35V3XVM, B0H35Y6V6C, B0H365Y262]",amzn1.campaign.2M0PJRVCM96TD,SeeLuNa Athletic Shorts for Women 10%,SeeLuNa,2026-07-21,2026-09-30,10.00%,5000.0,5000.0,13,800,false
"[B0H73PF6MR, B0H459DP9C, B0H45CW231, B0H45GH6FL, B0H745VR87, B0H741BGC4]",amzn1.campaign.48YBFZ7R6CR2,🔥 Hanging Sink Strainer Basket | 50% OFF🔥,OCCUP,2026-07-21,2027-07-21,50.00%,50000.0,49903.25,30,800,false
"[B0CN8FVWDF, B0CN8SBHXF, B0CN8K5P8R, B0G522RP26, B0CN8H8QLH, B0CN8Q8XVS, B0CN8NF9NH, B0CPLXPS7W, B0CX1X1SPS, B0CPLVFSMT, B0CN8LRLJ3, B0F5WCLWD4]",amzn1.campaign.SEPKY6SYS9U,"🎨 4 Colors to Match Your Vibe — 10% Commission, Mix, Match, Slay 💅",WERFORU,2026-07-21,2026-10-01,10.00%,5000.0,5000.0,35,800,false
"[B07JG6CTDS, B0BGKY7RS9, B0BYV641DD, B0BDFZHKM8, B0BGL2DC2H, B0FNW16QP2, B07YFPJ12P, B0BDFZ7P7H, B098QD6J6C, B07YFR16NR, B09C5NGHCK, B0BGL1FCPH, B0BGKZG43C, B0BGH8D2YF, B0BDFYFNK6, B0BDFW3F3B, B07XBPXN15, B0BDFZ5T3Z, B098QC1XG7, B09C5NCJLD, B0FJY4L3P3, B0BGKYJWBZ, B0BDG2PF4B, B0FNVPYM1D, B07XDR3NYX, B0BDFVZFTV, B07YFTTQ3G, B07YFW1WY4, B08DR3TW63, B0FNVX5116, B0BGKZVKTR, B0BDFWQQMV, B0FNW49DYK, B0BDFW7ZLQ, B098QCSL6F, B0BDFWRQ22, B07YFZ8B5X, B098QF2SS8, B098QCHQRR, B098QF4HFW, B0BGL17H7P, B0FNVS6VD7, B0BGKYXTMW, B07YFVCQ4R, B0BYV53KXP, B098NDF82H, B0BYV5LSMX, B0BGKYPL5D, B07YFP3CW3, B0BGKZP8W6, B098QG995G, B0FNW2PKGN, B0BDFV2M3D, B098QF45Y8, B0BYV5YX31, B0BDG3YYMZ, B098QDCWVJ, B0BGHGK3LY, B0BGL2VXTW, B098QFT8X3, B09C5NW9ZX, B0BDFXG39X, B0BDFSQZCJ, B07YFVRWMV, B08DR7MVV8, B0FNWGLMBN, B0BDFS3549, B07X9Q8QZH, B0BDFZYYKF, B07YFPFLWV, B0BDFW287H, B0BDFZYYKC, B07X9Q9YNK, B0FNW4ZW8K, B0BDFW7N3F, B0BDFTH879, B0BYV5CRC4, B0BGH5JX2Y, B09C5N3K5K, B098ND7S9L, B098QCT7WP, B0FNVXK53C, B0BGKZXLTM, B0BDFWYBM7, B08DR85DB9, B0FNVDKM1W, B08DR5XS6Y, B0FNVTD889, B0BGH99KRM, B0BGL8XNGJ, B0BDG1DZJQ, B0FNW8LJ4K, B0BYV8CT8W, B0BGH6X1YK, B098QCSVXP, B0BDFXZTQ9, B0BGL2MBBG, B07YFPHP2H, B08DR3LNQL, B0BGH5K9LF, B0BDFWPN6Y]",amzn1.campaign.69VD5JOGLD5A,"#B061 👗Corset Waist Belt | 6.6K+ Reviews, Easy-to-Promote",XZQTIVE,2026-07-22,2026-11-30,10.00%,5000.0,4998.8,55,800,false
"[B0GQXZ83YM, B0GQLWJVPB]",amzn1.campaign.SD08QSG7BAD0,12% Commission – Heiman Smoke Detector 10-Year Sealed Battery Powered for Home,HEIMAN,2026-07-21,2026-09-30,12.00%,6000.0,6000.0,36,800,false
"[B0G8KJPZ4X, B0DQTK11XD, B0DQTDQB2W, B0DQTBLKP7, B099F2SNTK, B096F4T83Z, B0DQ8PQQFV, B0DQSS7TZ8, B09YM6YS16, B0BWMNHTTQ, B0C4H49J7V, B096F6YSRY, B0DQSV6CK5, B0BWMNWVCZ, B0G8KCWV7Q, B0G8KCWV87, B0DQTSRQ4X, B0BWMNWJ6M, B0CX134TC9, B096F7Q9RM, B0CX1J578F, B0DQTKFP7D, B0G8KYLWVR, B0BWMNKMM4, B0BWMNGR9Z, B0CX14559R, B0CX19149C, B0BWMN94ZH, B0BWMNN34H, B0G8K37511]",amzn1.campaign.2JTF2EKP286IO,Limited Bikini Promotion Save 55% Today -HY-5405,BIKINX,2026-07-21,2026-10-12,10.00%,5000.0,5000.0,68,800,false
[B0BQMR86HM],amzn1.campaign.1VEIVYGOWUWA0,YOUEON 20 Pack Mini Colored Ink Blending Brushes + 10% Commission + B0BQMR86HM,Youeon,2026-07-21,2027-07-21,10.00%,10000.0,9995.0,53,800,false
"[B0G46JG31J, B0DKSWHXL9, B0DS9KPG12, B0DP6K4Q29, B0CH7C6C9J, B0CLJD9845, B0FHFBPKHK, B0CNZZSPZ8, B0FFHLNRSS, B0G46H3BYN, B0FHF7MRRV]",amzn1.campaign.10RLTQ88BWM2U,10% Commission | Handpainted Soup Bowl for Homemaker soup lover,ALMA,2026-07-22,2027-07-22,10.00%,50000.0,50000.0,45,800,false
"[B0FBRYCXRX, B0GDWV6BF3, B0GDWFDTYS, B0GDWDWVQ1, B0GDWMXJR6, B0GDWLPY9W, B0F1Y3QV5Q, B0F1Y2QTJ7, B0FBRWYPHD, B0FBRW8T29, B0FBRY5Y4K, B0FBRWRWT9, B0FBRXJV4G, B0GDWPK52K, B0GXXLQBYW, B0GDWKHDTG, B0F1Y3Z7B6, B0FBRVZ9YD, B0F1Y3HYNT, B0GDW5T5FT, B0GDW5LND5, B0FBRYCDZH, B0F1Y4TW4K, B0F1Y6KJDT, B0F1Y4N2N7, B0GDWT9YRS, B0GDWMMWS8, B0GXXHCNBC, B0GDWVN4WC, B0GDWMHD41, B0GDX89X39, B0GDWJVXNS, B0FBRXFDK9, B0FBRWRM7Q, B0GDW7YHFT, B0FBRXP894, B0F1Y422ZQ, B0F1Y6FBQ1, B0GDWXPFRQ, B0GDWQPCPR, B0F1Y66Q5S, B0F1Y6XG8R, B0GDX7NZ92, B0GDWQNRL6, B0GXXST5HL, B0FBRYD625, B0F1Y2LQYD, B0GDWKJY14, B0GXXHKSB8, B0FBRVT8FC, B0GDWNGXNL, B0FBRWDKT7, B0F1Y43V91, B0GDWML392, B0GDWNBCFM, B0FBRWV31J, B0GDW8NSK5, B0F1Y12M93, B0F1XWBGM2, B0GDWMTJ6B, B0FBRWXTV4, B0GDWF5X7M, B0F1Y2LW93, B0GXXTR1KF, B0GDWK8YCT, B0GDWFZY98, B0GDWQZKDD, B0GDWKBY5V, B0F1Y4873X, B0F1Y4H4MM, B0FBRVQJ36, B0FBRTYVTM, B0FBRWN3C5, B0GDWF9XHP, B0GDWMWXDM, B0GXY4N9YC, B0GDW8H5RQ, B0GDWR543P, B0GXXNN6Q4, B0F1Y345Q3, B0GDXD1KND, B0FBRWSQH1, B0F1Y7C59G, B0GDWQQP3Y, B0GXXLXF6V, B0GDWNJ1ZN, B0GDWFVTWG, B0GDWNPG34]",amzn1.campaign.38MHV4FHLX4QR,TANK23-10%,MathCat,2026-07-21,2026-12-31,10.00%,500000.0,499877.74,29,800,false
"[B0GTN9C3RZ, B0GTN9YMH9, B0GTNB9X8H, B0GTNGBQNL, B0GTNM2W2G, B0GTNJMHBD, B0GTNG8T2J, B0GTNJC15W, B0GTNBFH3W, B0GTN8YGFJ, B0GTNBKC1V, B0GTND6WZC, B0GTN7B3X3, B0GTNGBB69, B0GTNB8SJL, B0GTNB9Q5Z, B0GTN53KXW, B0GTN486G1, B0GTNJJDVM, B0GTNCLPBY, B0GTNGR34V, B0GTNFL7MV, B0GTN747V1, B0GTN9QVCQ]",amzn1.campaign.1NBZJ8T2WRX0K,10% | Cropped Sweatpants for Women (263292),Hixiaohe,2026-07-21,2027-07-15,10.00%,5000.0,5000.0,26,800,false
"[B0DHH51WKX, B0DHH59MMP, B0DHH44JF4, B0FMKCYY88, B0DHH1W4D6, B0DHH533WP, B0DHH37VXS, B0DHH3WNYJ, B0DHH21N6C, B0DHH65RQG, B0DHH3X83Q, B0DHH495V6, B0DHH3D5SQ, B0DHH5SWK8, B0DHH5FXZR, B0DHH2LBDT, B0DHH2ZCLK, B0FMKFV57R, B0DHH38LCR, B0DHH5J33P, B0DHH38LC8, B0DHH2JKL8, B0DHH58HQJ]",amzn1.campaign.32CS3ZCT6VMUO,"💎 Top-Notch Leather, Timeless Style — 12% Commission, Quality That Lasts 📸",WERFORU,2026-07-21,2026-10-01,12.00%,5000.0,5000.0,33,800,false
"[B0D9K28HQ4, B0D9K2S67G, B0D9K1NVHG]",amzn1.campaign.25JRPHWP0YYAP,✨ Calm in 10 — Cooling Eye Mask Creator Challenge--QBLN77,FACEMOON,2026-07-27,2026-10-01,10.00%,10000.0,10000.0,54,800,false
"[B0GCNJMLL6, B0GCNDTT2G]",amzn1.campaign.3KAI56AC7URCS,SWEETFULL Pocket Misting Fan - Turbo Breeze Meets Ultra-Fine Mist,SWEETFULL,2026-07-21,2026-09-30,10.00%,5000.0,4680.92,30,800,false
[B0G3GZH8CR],amzn1.campaign.1OL7X43XF4128,Collaboration: Free Luxury Adult Doll Sample + High Commission! 🎁,Arodeze,2026-07-21,2026-09-30,10.00%,5000.0,4615.0,44,800,false
"[B0G8KJPZ4X, B0DQTK11XD, B0DQTDQB2W, B0DQTBLKP7, B099F2SNTK, B096F4T83Z, B0DQ8PQQFV, B0DQSS7TZ8, B09YM6YS16, B0BWMNHTTQ, B0C4H49J7V, B096F6YSRY, B0DQSV6CK5, B0BWMNWVCZ, B0G8KCWV7Q, B0G8KCWV87, B0DQTSRQ4X, B0BWMNWJ6M, B0CX134TC9, B096F7Q9RM, B0CX1J578F, B0DQTKFP7D, B0G8KYLWVR, B0BWMNKMM4, B0BWMNGR9Z, B0CX14559R, B0CX19149C, B0BWMN94ZH, B0BWMNN34H, B0G8K37511]",amzn1.campaign.2I51Z9UKFKQQM,Summer Bikini Offer Get Yours For $14.99 -HY-5405,BIKINX,2026-07-21,2026-10-11,10.00%,5000.0,5000.0,71,800,false
[B0GWYW4TY1],amzn1.campaign.W3CXTVS10VCU,2 Pack Beaded Lanyards for ID Badges with Retractable Badge Reel & Clear Holder,A LOTS MILI,2026-07-21,2026-12-31,15.00%,5000.0,5000.0,66,800,false
[B0H397GYS1],amzn1.campaign.1KU37M1Y1EJ0L,"$10.39! 20W USB-C Surge Protector - Fast Charge for WC 2026, 6 Outlets",HOPOW,2026-07-22,2026-09-30,10.00%,5000.0,5000.0,45,800,false
"[B0DZHCNSZL, B0CZDJLCNN, B0DZHCLRRP, B0DZHD79BW]",amzn1.campaign.2899GWQR1TNH6,"【20% COMMISSION】Eyeglasses Strap , Adjustable Eyewear String Lanyard Retainer",BANSTLE,2026-07-25,2027-06-30,20.00%,1000000.0,1000000.0,38,800,false
[B0CDVZW4XJ],amzn1.campaign.VN0S8HXE1COA,YOUEON 3 Pcs 68 Oz Salad Lunch Container + 10% Commission + B0CDVZW4XJ,Youeon,2026-07-21,2027-07-21,15.00%,10000.0,9801.7,35,800,false
"[B0FT7F2X49, B0GZN25HF3, B0FT7FNQP4, B0F7DQKTS4, B0F7F2RRZH]",amzn1.campaign.2344H2G7XRPFI,Custom Pet Photo Urn Necklace - Pet Ashes & Hair Memorial Jewelry Promotion,Meruninggo,2026-07-21,2027-07-21,20.00%,888888.0,888883.21,35,800,false
"[B0GCN4HDP5, B0GCNMJ654, B0GCNCLRBK, B0GCN9GDG2, B0GCNNGH1X, B0GCNMRZM4, B0GCNNRR8B, B0GCNX91YB, B0GCN6RNYL, B0GCMSLLD4, B0GCN7BV49, B0GCMWN3W7, B0GCN6RF3R, B0GCN8PLH2, B0GCNC3CVJ, B0GCNNS99F, B0GCNDNRRZ, B0GCNDSPHM, B0GCNPGKD4, B0GCN8F4SD, B0GCMW1RVD, B0GCMVZL7K, B0GCNGKY1C]",amzn1.campaign.LYPELDS2CIQ3,"🎁 One Belt, Countless Looks — 12% Commission, Gift-Ready for Every Occasion 🎄",WERFORU,2026-07-21,2026-10-01,12.00%,5000.0,5000.0,40,800,false
[B0D6JW9M5Z],amzn1.campaign.12JAWEJKURJT,commission 10%  Vegetable Chopper  B0D6JW9M5Z   When: July 21,QDGMXIV,2026-07-21,2027-07-21,10.00%,5000.0,5000.0,12,800,false
"[B0FMHYXLFZ, B0FMHJ5S52, B0FMJ3CJW6, B0FMJ1KQT4, B0D7Q4KKJY, B0FMJKGX4Y, B0DMT6V72K, B0FN3Z8H3Q, B0FMMXZ5GR, B0FMN5LKRW, B0DMT733Z6, B0D7Q2RPC8, B0FMN1G486, B0D7Q4W31Z, B0FN42P2CG, B0D7Q1YS1P, B0D7Q2XBLK, B0D7Q68RVG, B0D7Q2XXL4, B0D7Q3KT8J, B0DMT29JQS, B0D7Q34K8B, B0FN4141LH, B0D7Q2STWN, B0D7Q4JZPN, B0D7PWN8PM, B0D7Q41GGP, B0FMHJBJDW, B0DMT5VKTQ, B0D7Q3PK3C, B0DMT75WFZ, B0D7PZXVQX]",amzn1.campaign.3OQ6EOABFZ18H,B193 🔥 Boho Disc Belt | 10% Commission + Free Sample,XZQTIVE,2026-07-22,2026-09-30,10.00%,5000.0,5000.0,52,800,false
"[B0GTN9C3RZ, B0GTN9YMH9, B0GTNB9X8H, B0GTNGBQNL, B0GTNM2W2G, B0GTNJMHBD, B0GTNG8T2J, B0GTNJC15W, B0GTNBFH3W, B0GTN8YGFJ, B0GTNBKC1V, B0GTND6WZC, B0GTN7B3X3, B0GTNGBB69, B0GTNB8SJL, B0GTNB9Q5Z, B0GTN53KXW, B0GTN486G1, B0GTNJJDVM, B0GTNCLPBY, B0GTNGR34V, B0GTNFL7MV, B0GTN747V1, B0GTN9QVCQ]",amzn1.campaign.3EDX5U9D3G5OL,10% | Cropped Sweatpants for Women (263292),Hixiaohe,2026-07-21,2027-07-10,10.00%,5000.0,5000.0,29,800,false
"[B0DZHCNSZL, B0CZDJLCNN, B0DZHCLRRP, B0DZHD79BW]",amzn1.campaign.KQ968WE7V4C7,"【20% COMMISSION】Eyeglasses Strap , Adjustable Eyewear String Lanyard Retainer",BANSTLE,2026-07-24,2027-06-30,20.00%,1000000.0,1000000.0,44,800,false
[B0D6K54HCC],amzn1.campaign.27RCVI4N21LBJ,commission 10%  B0D6K54HCC  vegetable chopper   When: July 21,QDGMXIV,2026-07-21,2027-07-21,10.00%,5000.0,5000.0,52,800,false
"[B0DZHCNSZL, B0CZDJLCNN, B0DZHCLRRP, B0DZHD79BW]",amzn1.campaign.4LS5YWJTNHWR,"【20% COMMISSION】Eyeglasses Strap , Adjustable Eyewear String Lanyard Retainer",BANSTLE,2026-07-23,2027-06-30,20.00%,1000000.0,1000000.0,46,800,false
"[B0CNVBM6QB, B0GCLLRYD1, B0G2PPKT2L, B0D22MWLW2, B0DZMVH9N3, B0CP1R3M24, B0FGJJ3L7T, B0G2PGCWZ3, B0D22MV53G, B0DKT6DY2D, B0CNT8Z1BS, B0F8QPTXXK, B0DK1L55QC, B0G2PFM3YB, B0GCLC1VY2, B0DMF8DHJK, B0GCMPWZ9C, B0DMF7MDL4, B0DMN322CM, B0D1K25WDM, B0D1K7CLLT, B0D1K7DTRB, B0F8V81XY3, B0DK1PS4WX, B0DMF6NHKJ, B0FGJFGJNV, B0CNVBJWL1, B0DT19S9DD, B0DZMT2KPY, B0CNT8G87T, B0FHQC9LBD, B0DZMXK5DV, B0CYC4CLQQ, B0FVF5NH4M, B0D22KH5D4, B0DJSBKS1V, B0G2PM7SHH, B0DKT695C8, B0DMF6WV4C, B0G2PJTQP1, B0G2PP5N6Q, B0FVF2W6MN, B0D78X9FKL, B0D795LNV5, B0DKT57ZLS, B0DK1MYRVN, B0DMN56SHL, B0FH43Y199, B0D22LZY3V, B0DKT66TYC, B0G2PZDMTQ, B0DMF7G31Z, B0FHQBPS7W, B0G2PVG6HS, B0DT197X83, B0GCM7PMHJ, B0GCM8283H, B0DK1P1115, B0DMFC5F4Z, B0FVDSRNGR, B0DMFBGY9J, B0FN7QSFZF, B0DKT7KV6H, B0DT19H3K6, B0DMND78BX, B0FVDPL2F6, B0G2PXQSD4, B0DMN31T99, B0FGJCXKQS, B0DZG8N74J, B0D2L3CC7Q, B0GCMHMWZZ, B0DKT6XPJ2, B0G2Q79PNV, B0FGJCY87X, B0DMF6XR7F, B0DZFL4BJ4, B0CYC2R63B, B0G2PLRGG4, B0FN7QFCQ1, B0CYBMK8RR, B0DT15RM7D, B0FHQFT15G, B0CP1RBF44, B0DMN5NPYT, B0DK1L4GCD, B0DMFB3LMK, B0DMF6QQ18, B0CYC498B2, B0FVDQ8WKK, B0DK1PGT6R, B0F8QQ613C, B0DK1NDWTS, B0FGJFF8K5, B0FGJFF8K3, B0F18WWV8R, B0F8VPNRVQ, B0DK1PG3ND, B0FH42Z7BW, B0FH4252P6, B0D2L1VRWB, B0G2PN49DQ, B0G2PZR51W, B0DMN8CSD3, B0G2PP8XFC, B0DMFBJN5F, B0DMN3T6K3, B0G2PHXNSG, B0DMFCFGHP, B0FVF2N9QF, B0FVDT6TXK, B0DKT6S6TH, B0CP1S538Q, B0G2PM9T87, B0DKT5CYLT, B0F8QP292B, B0DMF42VTQ, B0FN7RG947, B0DT15GYQT, B0G2Q1HBFL, B0CNV7SCJD, B0G2PWPX8V, B0G2PRDMDS, B0DKT7JQTC, B0GCLLNGVN, B0G2PJ9VCZ, B0DMN4L5SR, B0D791LCFC, B0DMF96BC6, B0CNT9KFX9, B0DKT5GFB2, B0G2NVMFYW, B0GCMJQDK5, B0DKT682SF, B0DMN44P7S, B0CYC3MWJH, B0CNT938BP, B0FGJCWYRS, B0DMF899P1, B0G2Q4Q5TJ, B0G2PPCMRJ, B0CYC65DGH, B0D2L3V73F, B0DMN5G7RB, B0DMN4K277, B0G2P831ND, B0G2Q4T1R9, B0D2L2DC5D, B0DT1939JR, B0FGJ78NXZ, B0G2QDMWZK, B0CYC2HL14, B0DT1CYWXC, B0F8TYLWNB, B0DZGCXKQR, B0CYBMMZH6, B0FVDC7PNN, B0DKT61V62, B0GCLBQX11, B0D1K5JZGK, B0FVD6KBYZ, B0G2PJY4R6, B0DMN5FGCK, B0FGJCD7YV]",amzn1.campaign.2G29SIJS94A9W,"Bestsellers | 10% Off – Waist Chains, Backpacks, Clear Bags  All You Want！！！",NEOREAL,2026-07-21,2026-10-22,10.00%,5000.0,5000.0,82,800,false
"[B0G8KJPZ4X, B0DQTK11XD, B0DQTDQB2W, B0DQTBLKP7, B099F2SNTK, B096F4T83Z, B0DQ8PQQFV, B0DQSS7TZ8, B09YM6YS16, B0BWMNHTTQ, B0C4H49J7V, B096F6YSRY, B0DQSV6CK5, B0BWMNWVCZ, B0G8KCWV7Q, B0G8KCWV87, B0DQTSRQ4X, B0BWMNWJ6M, B0CX134TC9, B096F7Q9RM, B0CX1J578F, B0DQTKFP7D, B0G8KYLWVR, B0BWMNKMM4, B0BWMNGR9Z, B0CX14559R, B0CX19149C, B0BWMN94ZH, B0BWMNN34H, B0G8K37511]",amzn1.campaign.GVMWIM7AWSEV,Stylish Bikini Deal Save 55% Limited Time -HY-5405,BIKINX,2026-07-21,2026-10-10,10.00%,5000.0,5000.0,72,800,false
"[B0DZHCNSZL, B0CZDJLCNN, B0DZHCLRRP, B0DZHD79BW]",amzn1.campaign.ZPVNPHBMQZW5,"【20% COMMISSION】Eyeglasses Strap , Adjustable Eyewear String Lanyard Retainer",BANSTLE,2026-07-22,2027-06-30,20.00%,100000.0,100000.0,49,800,false
"[B09P3GCQ39, B09P3G8HFC, B0DP43RV9N, B0DP42TT3J, B0G47M53SQ, B095LXTD89, B09Y5DHVQQ, B09Y5F3SJC, B09P3KPBV2, B0G47KY3DH, B0G47RDC46, B095LYQFB5, B0G47QDX1G, B09P3HWLRL, B095LYS8PM, B0DP452W3Q, B09Y5DCJ8V, B09Y5G2RFK, B09Y5DGQCF, B095LY3VBQ, B0DP44RRXJ, B09P3HSBMS, B095LZW9SF, B09Y5FJ5P2, B095LYTY32, B095LYB39C, B0G47LFZDS, B0G47L681J, B09FGX4FQV, B0G47MGCHG, B095LZZGV1, B0G47N773F, B095LZHZF3, B0F5HB7ZHF, B09Y5FQT15, B09P3JDYGM, B0G47KZHLT, B09Y5DHPL2, B09Y5DS6GT, B09FGVZ3KD, B09P3K59B9, B09P3G5T7C, B09FGWC59G, B09FGTTLV8, B09P3J2BPG, B0G47KNQFF, B09P3G5FDC, B09FGTJJP1, B0G47KF132, B09P3JBGX4, B0DP45NMTX, B0F5H7DY8K, B0F5H7H9RL, B09P3KB921, B0G47M4WRS, B0F5H8H31B]",amzn1.campaign.2ODNYWKAH2VDT,13889 Falt鞋-15%,MUSSHOE,2026-07-21,2027-07-21,15.00%,100000.0,99984.55,20,800,false
"[B0CNVBM6QB, B0GCLLRYD1, B0G2PPKT2L, B0D22MWLW2, B0DZMVH9N3, B0CP1R3M24, B0FGJJ3L7T, B0G2PGCWZ3, B0D22MV53G, B0DKT6DY2D, B0CNT8Z1BS, B0F8QPTXXK, B0DK1L55QC, B0G2PFM3YB, B0GCLC1VY2, B0DMF8DHJK, B0GCMPWZ9C, B0DMF7MDL4, B0DMN322CM, B0D1K25WDM, B0D1K7CLLT, B0D1K7DTRB, B0F8V81XY3, B0DK1PS4WX, B0DMF6NHKJ, B0FGJFGJNV, B0CNVBJWL1, B0DT19S9DD, B0DZMT2KPY, B0CNT8G87T, B0FHQC9LBD, B0DZMXK5DV, B0CYC4CLQQ, B0FVF5NH4M, B0D22KH5D4, B0DJSBKS1V, B0G2PM7SHH, B0DKT695C8, B0DMF6WV4C, B0G2PJTQP1, B0G2PP5N6Q, B0FVF2W6MN, B0D78X9FKL, B0D795LNV5, B0DKT57ZLS, B0DK1MYRVN, B0DMN56SHL, B0FH43Y199, B0D22LZY3V, B0DKT66TYC, B0G2PZDMTQ, B0DMF7G31Z, B0FHQBPS7W, B0G2PVG6HS, B0DT197X83, B0GCM7PMHJ, B0GCM8283H, B0DK1P1115, B0DMFC5F4Z, B0FVDSRNGR, B0DMFBGY9J, B0FN7QSFZF, B0DKT7KV6H, B0DT19H3K6, B0DMND78BX, B0FVDPL2F6, B0G2PXQSD4, B0DMN31T99, B0FGJCXKQS, B0DZG8N74J, B0D2L3CC7Q, B0GCMHMWZZ, B0DKT6XPJ2, B0G2Q79PNV, B0FGJCY87X, B0DMF6XR7F, B0DZFL4BJ4, B0CYC2R63B, B0G2PLRGG4, B0FN7QFCQ1, B0CYBMK8RR, B0DT15RM7D, B0FHQFT15G, B0CP1RBF44, B0DMN5NPYT, B0DK1L4GCD, B0DMFB3LMK, B0DMF6QQ18, B0CYC498B2, B0FVDQ8WKK, B0DK1PGT6R, B0F8QQ613C, B0DK1NDWTS, B0FGJFF8K5, B0FGJFF8K3, B0F18WWV8R, B0F8VPNRVQ, B0DK1PG3ND, B0FH42Z7BW, B0FH4252P6, B0D2L1VRWB, B0G2PN49DQ, B0G2PZR51W, B0DMN8CSD3, B0G2PP8XFC, B0DMFBJN5F, B0DMN3T6K3, B0G2PHXNSG, B0DMFCFGHP, B0FVF2N9QF, B0FVDT6TXK, B0DKT6S6TH, B0CP1S538Q, B0G2PM9T87, B0DKT5CYLT, B0F8QP292B, B0DMF42VTQ, B0FN7RG947, B0DT15GYQT, B0G2Q1HBFL, B0CNV7SCJD, B0G2PWPX8V, B0G2PRDMDS, B0DKT7JQTC, B0GCLLNGVN, B0G2PJ9VCZ, B0DMN4L5SR, B0D791LCFC, B0DMF96BC6, B0CNT9KFX9, B0DKT5GFB2, B0G2NVMFYW, B0GCMJQDK5, B0DKT682SF, B0DMN44P7S, B0CYC3MWJH, B0CNT938BP, B0FGJCWYRS, B0DMF899P1, B0G2Q4Q5TJ, B0G2PPCMRJ, B0CYC65DGH, B0D2L3V73F, B0DMN5G7RB, B0DMN4K277, B0G2P831ND, B0G2Q4T1R9, B0D2L2DC5D, B0DT1939JR, B0FGJ78NXZ, B0G2QDMWZK, B0CYC2HL14, B0DT1CYWXC, B0F8TYLWNB, B0DZGCXKQR, B0CYBMMZH6, B0FVDC7PNN, B0DKT61V62, B0GCLBQX11, B0D1K5JZGK, B0FVD6KBYZ, B0G2PJY4R6, B0DMN5FGCK, B0FGJCD7YV]",amzn1.campaign.2YON6MC2FUYDZ,"Bestsellers | 10% Off – Waist Chains, Backpacks, Clear Bags  All You Want！！！",NEOREAL,2026-07-21,2026-10-21,10.00%,5000.0,5000.0,85,800,false
"[B0D9K28HQ4, B0D9K2S67G, B0D9K1NVHG]",amzn1.campaign.1WVLJR9RMPTEE,❄️ Migraine Relief Collab — Cooling Eye Mask--QBLN77,FACEMOON,2026-07-27,2026-10-29,10.00%,10000.0,10000.0,61,800,false
"[B0DZHCNSZL, B0CZDJLCNN, B0DZHCLRRP, B0DZHD79BW]",amzn1.campaign.27Z88NE2WUMZB,"【20% COMMISSION】Eyeglasses Strap , Adjustable Eyewear String Lanyard Retainer",BANSTLE,2026-07-21,2027-06-30,20.00%,100000.0,100000.0,46,800,false
"[B0CNVBM6QB, B0GCLLRYD1, B0G2PPKT2L, B0D22MWLW2, B0DZMVH9N3, B0CP1R3M24, B0FGJJ3L7T, B0G2PGCWZ3, B0D22MV53G, B0DKT6DY2D, B0CNT8Z1BS, B0F8QPTXXK, B0DK1L55QC, B0G2PFM3YB, B0GCLC1VY2, B0DMF8DHJK, B0GCMPWZ9C, B0DMF7MDL4, B0DMN322CM, B0D1K25WDM, B0D1K7CLLT, B0D1K7DTRB, B0F8V81XY3, B0DK1PS4WX, B0DMF6NHKJ, B0FGJFGJNV, B0CNVBJWL1, B0DT19S9DD, B0DZMT2KPY, B0CNT8G87T, B0FHQC9LBD, B0DZMXK5DV, B0CYC4CLQQ, B0FVF5NH4M, B0D22KH5D4, B0DJSBKS1V, B0G2PM7SHH, B0DKT695C8, B0DMF6WV4C, B0G2PJTQP1, B0G2PP5N6Q, B0FVF2W6MN, B0D78X9FKL, B0D795LNV5, B0DKT57ZLS, B0DK1MYRVN, B0DMN56SHL, B0FH43Y199, B0D22LZY3V, B0DKT66TYC, B0G2PZDMTQ, B0DMF7G31Z, B0FHQBPS7W, B0G2PVG6HS, B0DT197X83, B0GCM7PMHJ, B0GCM8283H, B0DK1P1115, B0DMFC5F4Z, B0FVDSRNGR, B0DMFBGY9J, B0FN7QSFZF, B0DKT7KV6H, B0DT19H3K6, B0DMND78BX, B0FVDPL2F6, B0G2PXQSD4, B0DMN31T99, B0FGJCXKQS, B0DZG8N74J, B0D2L3CC7Q, B0GCMHMWZZ, B0DKT6XPJ2, B0G2Q79PNV, B0FGJCY87X, B0DMF6XR7F, B0DZFL4BJ4, B0CYC2R63B, B0G2PLRGG4, B0FN7QFCQ1, B0CYBMK8RR, B0DT15RM7D, B0FHQFT15G, B0CP1RBF44, B0DMN5NPYT, B0DK1L4GCD, B0DMFB3LMK, B0DMF6QQ18, B0CYC498B2, B0FVDQ8WKK, B0DK1PGT6R, B0F8QQ613C, B0DK1NDWTS, B0FGJFF8K5, B0FGJFF8K3, B0F18WWV8R, B0F8VPNRVQ, B0DK1PG3ND, B0FH42Z7BW, B0FH4252P6, B0D2L1VRWB, B0G2PN49DQ, B0G2PZR51W, B0DMN8CSD3, B0G2PP8XFC, B0DMFBJN5F, B0DMN3T6K3, B0G2PHXNSG, B0DMFCFGHP, B0FVF2N9QF, B0FVDT6TXK, B0DKT6S6TH, B0CP1S538Q, B0G2PM9T87, B0DKT5CYLT, B0F8QP292B, B0DMF42VTQ, B0FN7RG947, B0DT15GYQT, B0G2Q1HBFL, B0CNV7SCJD, B0G2PWPX8V, B0G2PRDMDS, B0DKT7JQTC, B0GCLLNGVN, B0G2PJ9VCZ, B0DMN4L5SR, B0D791LCFC, B0DMF96BC6, B0CNT9KFX9, B0DKT5GFB2, B0G2NVMFYW, B0GCMJQDK5, B0DKT682SF, B0DMN44P7S, B0CYC3MWJH, B0CNT938BP, B0FGJCWYRS, B0DMF899P1, B0G2Q4Q5TJ, B0G2PPCMRJ, B0CYC65DGH, B0D2L3V73F, B0DMN5G7RB, B0DMN4K277, B0G2P831ND, B0G2Q4T1R9, B0D2L2DC5D, B0DT1939JR, B0FGJ78NXZ, B0G2QDMWZK, B0CYC2HL14, B0DT1CYWXC, B0F8TYLWNB, B0DZGCXKQR, B0CYBMMZH6, B0FVDC7PNN, B0DKT61V62, B0GCLBQX11, B0D1K5JZGK, B0FVD6KBYZ, B0G2PJY4R6, B0DMN5FGCK, B0FGJCD7YV]",amzn1.campaign.2D0W814Y9PM4,"Bestsellers | 10% Off – Waist Chains, Backpacks, Clear Bags  All You Want！！！",NEOREAL,2026-07-21,2026-10-20,10.00%,5000.0,5000.0,86,800,false
"[B0CNVBM6QB, B0GCLLRYD1, B0G2PPKT2L, B0D22MWLW2, B0DZMVH9N3, B0CP1R3M24, B0FGJJ3L7T, B0G2PGCWZ3, B0D22MV53G, B0DKT6DY2D, B0CNT8Z1BS, B0F8QPTXXK, B0DK1L55QC, B0G2PFM3YB, B0GCLC1VY2, B0DMF8DHJK, B0GCMPWZ9C, B0DMF7MDL4, B0DMN322CM, B0D1K25WDM, B0D1K7CLLT, B0D1K7DTRB, B0F8V81XY3, B0DK1PS4WX, B0DMF6NHKJ, B0FGJFGJNV, B0CNVBJWL1, B0DT19S9DD, B0DZMT2KPY, B0CNT8G87T, B0FHQC9LBD, B0DZMXK5DV, B0CYC4CLQQ, B0FVF5NH4M, B0D22KH5D4, B0DJSBKS1V, B0G2PM7SHH, B0DKT695C8, B0DMF6WV4C, B0G2PJTQP1, B0G2PP5N6Q, B0FVF2W6MN, B0D78X9FKL, B0D795LNV5, B0DKT57ZLS, B0DK1MYRVN, B0DMN56SHL, B0FH43Y199, B0D22LZY3V, B0DKT66TYC, B0G2PZDMTQ, B0DMF7G31Z, B0FHQBPS7W, B0G2PVG6HS, B0DT197X83, B0GCM7PMHJ, B0GCM8283H, B0DK1P1115, B0DMFC5F4Z, B0FVDSRNGR, B0DMFBGY9J, B0FN7QSFZF, B0DKT7KV6H, B0DT19H3K6, B0DMND78BX, B0FVDPL2F6, B0G2PXQSD4, B0DMN31T99, B0FGJCXKQS, B0DZG8N74J, B0D2L3CC7Q, B0GCMHMWZZ, B0DKT6XPJ2, B0G2Q79PNV, B0FGJCY87X, B0DMF6XR7F, B0DZFL4BJ4, B0CYC2R63B, B0G2PLRGG4, B0FN7QFCQ1, B0CYBMK8RR, B0DT15RM7D, B0FHQFT15G, B0CP1RBF44, B0DMN5NPYT, B0DK1L4GCD, B0DMFB3LMK, B0DMF6QQ18, B0CYC498B2, B0FVDQ8WKK, B0DK1PGT6R, B0F8QQ613C, B0DK1NDWTS, B0FGJFF8K5, B0FGJFF8K3, B0F18WWV8R, B0F8VPNRVQ, B0DK1PG3ND, B0FH42Z7BW, B0FH4252P6, B0D2L1VRWB, B0G2PN49DQ, B0G2PZR51W, B0DMN8CSD3, B0G2PP8XFC, B0DMFBJN5F, B0DMN3T6K3, B0G2PHXNSG, B0DMFCFGHP, B0FVF2N9QF, B0FVDT6TXK, B0DKT6S6TH, B0CP1S538Q, B0G2PM9T87, B0DKT5CYLT, B0F8QP292B, B0DMF42VTQ, B0FN7RG947, B0DT15GYQT, B0G2Q1HBFL, B0CNV7SCJD, B0G2PWPX8V, B0G2PRDMDS, B0DKT7JQTC, B0GCLLNGVN, B0G2PJ9VCZ, B0DMN4L5SR, B0D791LCFC, B0DMF96BC6, B0CNT9KFX9, B0DKT5GFB2, B0G2NVMFYW, B0GCMJQDK5, B0DKT682SF, B0DMN44P7S, B0CYC3MWJH, B0CNT938BP, B0FGJCWYRS, B0DMF899P1, B0G2Q4Q5TJ, B0G2PPCMRJ, B0CYC65DGH, B0D2L3V73F, B0DMN5G7RB, B0DMN4K277, B0G2P831ND, B0G2Q4T1R9, B0D2L2DC5D, B0DT1939JR, B0FGJ78NXZ, B0G2QDMWZK, B0CYC2HL14, B0DT1CYWXC, B0F8TYLWNB, B0DZGCXKQR, B0CYBMMZH6, B0FVDC7PNN, B0DKT61V62, B0GCLBQX11, B0D1K5JZGK, B0FVD6KBYZ, B0G2PJY4R6, B0DMN5FGCK, B0FGJCD7YV]",amzn1.campaign.1912EEDTEL6AA,"Bestsellers | 10% Off – Waist Chains, Backpacks, Clear Bags  All You Want！！！",NEOREAL,2026-07-21,2026-10-19,10.00%,5000.0,5000.0,83,800,false
[B0GGR9TFM3],amzn1.campaign.364X5UPPFLYYJ,2026 Upgraded All-in-One Red Light Therapy Mat Full Body,BANSTLE,2026-07-27,2027-07-08,20.00%,100000.0,100000.0,48,800,false
"[B0CNVBM6QB, B0GCLLRYD1, B0G2PPKT2L, B0D22MWLW2, B0DZMVH9N3, B0CP1R3M24, B0FGJJ3L7T, B0G2PGCWZ3, B0D22MV53G, B0DKT6DY2D, B0CNT8Z1BS, B0F8QPTXXK, B0DK1L55QC, B0G2PFM3YB, B0GCLC1VY2, B0DMF8DHJK, B0GCMPWZ9C, B0DMF7MDL4, B0DMN322CM, B0D1K25WDM, B0D1K7CLLT, B0D1K7DTRB, B0F8V81XY3, B0DK1PS4WX, B0DMF6NHKJ, B0FGJFGJNV, B0CNVBJWL1, B0DT19S9DD, B0DZMT2KPY, B0CNT8G87T, B0FHQC9LBD, B0DZMXK5DV, B0CYC4CLQQ, B0FVF5NH4M, B0D22KH5D4, B0DJSBKS1V, B0G2PM7SHH, B0DKT695C8, B0DMF6WV4C, B0G2PJTQP1, B0G2PP5N6Q, B0FVF2W6MN, B0D78X9FKL, B0D795LNV5, B0DKT57ZLS, B0DK1MYRVN, B0DMN56SHL, B0FH43Y199, B0D22LZY3V, B0DKT66TYC, B0G2PZDMTQ, B0DMF7G31Z, B0FHQBPS7W, B0G2PVG6HS, B0DT197X83, B0GCM7PMHJ, B0GCM8283H, B0DK1P1115, B0DMFC5F4Z, B0FVDSRNGR, B0DMFBGY9J, B0FN7QSFZF, B0DKT7KV6H, B0DT19H3K6, B0DMND78BX, B0FVDPL2F6, B0G2PXQSD4, B0DMN31T99, B0FGJCXKQS, B0DZG8N74J, B0D2L3CC7Q, B0GCMHMWZZ, B0DKT6XPJ2, B0G2Q79PNV, B0FGJCY87X, B0DMF6XR7F, B0DZFL4BJ4, B0CYC2R63B, B0G2PLRGG4, B0FN7QFCQ1, B0CYBMK8RR, B0DT15RM7D, B0FHQFT15G, B0CP1RBF44, B0DMN5NPYT, B0DK1L4GCD, B0DMFB3LMK, B0DMF6QQ18, B0CYC498B2, B0FVDQ8WKK, B0DK1PGT6R, B0F8QQ613C, B0DK1NDWTS, B0FGJFF8K5, B0FGJFF8K3, B0F18WWV8R, B0F8VPNRVQ, B0DK1PG3ND, B0FH42Z7BW, B0FH4252P6, B0D2L1VRWB, B0G2PN49DQ, B0G2PZR51W, B0DMN8CSD3, B0G2PP8XFC, B0DMFBJN5F, B0DMN3T6K3, B0G2PHXNSG, B0DMFCFGHP, B0FVF2N9QF, B0FVDT6TXK, B0DKT6S6TH, B0CP1S538Q, B0G2PM9T87, B0DKT5CYLT, B0F8QP292B, B0DMF42VTQ, B0FN7RG947, B0DT15GYQT, B0G2Q1HBFL, B0CNV7SCJD, B0G2PWPX8V, B0G2PRDMDS, B0DKT7JQTC, B0GCLLNGVN, B0G2PJ9VCZ, B0DMN4L5SR, B0D791LCFC, B0DMF96BC6, B0CNT9KFX9, B0DKT5GFB2, B0G2NVMFYW, B0GCMJQDK5, B0DKT682SF, B0DMN44P7S, B0CYC3MWJH, B0CNT938BP, B0FGJCWYRS, B0DMF899P1, B0G2Q4Q5TJ, B0G2PPCMRJ, B0CYC65DGH, B0D2L3V73F, B0DMN5G7RB, B0DMN4K277, B0G2P831ND, B0G2Q4T1R9, B0D2L2DC5D, B0DT1939JR, B0FGJ78NXZ, B0G2QDMWZK, B0CYC2HL14, B0DT1CYWXC, B0F8TYLWNB, B0DZGCXKQR, B0CYBMMZH6, B0FVDC7PNN, B0DKT61V62, B0GCLBQX11, B0D1K5JZGK, B0FVD6KBYZ, B0G2PJY4R6, B0DMN5FGCK, B0FGJCD7YV]",amzn1.campaign.2MZCK5I5BWOUU,"Bestsellers | 10% Off – Waist Chains, Backpacks, Clear Bags  All You Want！！！",NEOREAL,2026-07-21,2026-10-18,10.00%,5000.0,5000.0,85,800,false
"[B0F8M4T4Q6, B0F8MFKRFM, B0F8MQN7JN, B0F8MYLYZX, B0F8MHLVQF, B0F8MNDJPD, B0F8MJ68C2, B0F8MQ83B8]",amzn1.campaign.33SW8DZE3KRPK,(B217) 🔥 0.39” Ultra‑Slim Gold Snap-Lock Buckle Belt | 10% Commission,XZQTIVE,2026-07-23,2026-10-31,10.00%,5000.0,5000.0,52,800,false
"[B0CNVBM6QB, B0GCLLRYD1, B0G2PPKT2L, B0D22MWLW2, B0DZMVH9N3, B0CP1R3M24, B0FGJJ3L7T, B0G2PGCWZ3, B0D22MV53G, B0DKT6DY2D, B0CNT8Z1BS, B0F8QPTXXK, B0DK1L55QC, B0G2PFM3YB, B0GCLC1VY2, B0DMF8DHJK, B0GCMPWZ9C, B0DMF7MDL4, B0DMN322CM, B0D1K25WDM, B0D1K7CLLT, B0D1K7DTRB, B0F8V81XY3, B0DK1PS4WX, B0DMF6NHKJ, B0FGJFGJNV, B0CNVBJWL1, B0DT19S9DD, B0DZMT2KPY, B0CNT8G87T, B0FHQC9LBD, B0DZMXK5DV, B0CYC4CLQQ, B0FVF5NH4M, B0D22KH5D4, B0DJSBKS1V, B0G2PM7SHH, B0DKT695C8, B0DMF6WV4C, B0G2PJTQP1, B0G2PP5N6Q, B0FVF2W6MN, B0D78X9FKL, B0D795LNV5, B0DKT57ZLS, B0DK1MYRVN, B0DMN56SHL, B0FH43Y199, B0D22LZY3V, B0DKT66TYC, B0G2PZDMTQ, B0DMF7G31Z, B0FHQBPS7W, B0G2PVG6HS, B0DT197X83, B0GCM7PMHJ, B0GCM8283H, B0DK1P1115, B0DMFC5F4Z, B0FVDSRNGR, B0DMFBGY9J, B0FN7QSFZF, B0DKT7KV6H, B0DT19H3K6, B0DMND78BX, B0FVDPL2F6, B0G2PXQSD4, B0DMN31T99, B0FGJCXKQS, B0DZG8N74J, B0D2L3CC7Q, B0GCMHMWZZ, B0DKT6XPJ2, B0G2Q79PNV, B0FGJCY87X, B0DMF6XR7F, B0DZFL4BJ4, B0CYC2R63B, B0G2PLRGG4, B0FN7QFCQ1, B0CYBMK8RR, B0DT15RM7D, B0FHQFT15G, B0CP1RBF44, B0DMN5NPYT, B0DK1L4GCD, B0DMFB3LMK, B0DMF6QQ18, B0CYC498B2, B0FVDQ8WKK, B0DK1PGT6R, B0F8QQ613C, B0DK1NDWTS, B0FGJFF8K5, B0FGJFF8K3, B0F18WWV8R, B0F8VPNRVQ, B0DK1PG3ND, B0FH42Z7BW, B0FH4252P6, B0D2L1VRWB, B0G2PN49DQ, B0G2PZR51W, B0DMN8CSD3, B0G2PP8XFC, B0DMFBJN5F, B0DMN3T6K3, B0G2PHXNSG, B0DMFCFGHP, B0FVF2N9QF, B0FVDT6TXK, B0DKT6S6TH, B0CP1S538Q, B0G2PM9T87, B0DKT5CYLT, B0F8QP292B, B0DMF42VTQ, B0FN7RG947, B0DT15GYQT, B0G2Q1HBFL, B0CNV7SCJD, B0G2PWPX8V, B0G2PRDMDS, B0DKT7JQTC, B0GCLLNGVN, B0G2PJ9VCZ, B0DMN4L5SR, B0D791LCFC, B0DMF96BC6, B0CNT9KFX9, B0DKT5GFB2, B0G2NVMFYW, B0GCMJQDK5, B0DKT682SF, B0DMN44P7S, B0CYC3MWJH, B0CNT938BP, B0FGJCWYRS, B0DMF899P1, B0G2Q4Q5TJ, B0G2PPCMRJ, B0CYC65DGH, B0D2L3V73F, B0DMN5G7RB, B0DMN4K277, B0G2P831ND, B0G2Q4T1R9, B0D2L2DC5D, B0DT1939JR, B0FGJ78NXZ, B0G2QDMWZK, B0CYC2HL14, B0DT1CYWXC, B0F8TYLWNB, B0DZGCXKQR, B0CYBMMZH6, B0FVDC7PNN, B0DKT61V62, B0GCLBQX11, B0D1K5JZGK, B0FVD6KBYZ, B0G2PJY4R6, B0DMN5FGCK, B0FGJCD7YV]",amzn1.campaign.2L9FFOFG3QUTA,"Bestsellers | 10% Off – Waist Chains, Backpacks, Clear Bags  All You Want！！！",NEOREAL,2026-07-21,2026-10-17,10.00%,5000.0,5000.0,85,800,false
"[B0GF8665W9, B0GF7P9ZPR, B0GHMYT6FR, B0GF85PDDH, B0GF7ZHBNT, B0GHMXWY1G, B0GF7X78RX, B0GF7SZFZ1, B0GF7VZ169, B0GHNF1BQG, B0GF83GPNX, B0GHN87B5C, B0GF85M3M9, B0GF833HVM, B0GHMWD8RD, B0GF7X4S87, B0GHMXV1D5, B0GF7ZJ869, B0GF7P4P3W, B0GF7NPK6N, B0GF83PTDD, B0GF8324FC, B0GF7R257R, B0GF7SNVM7, B0GF7RNKHG, B0GHMVMMLK, B0GF7SW7R5, B0GF7X7PSB, B0GF7RS9FW, B0GHN321BW, B0GF7T8MDY, B0GF7SQCVC, B0GF7ZKK9Q, B0GF836LLB, B0GF7PHX35, B0GF7QP1D4, B0GHMZMCVP, B0GF82NNZ1]",amzn1.campaign.2MBSZ63SBF5T2,💖 Vepose Women’s 6125 Rhinestone Heels-Looking for Amazon Influencers! ✨,VEPOSE,2026-07-21,2027-03-01,10.00%,5000.0,5000.0,61,800,false
"[B0H6LQXD5W, B0H8S37XX1]",amzn1.campaign.VT3IEESUUBJB,50% OFF Creator Link | Diamond Art Sealer Spray,OCCUP,2026-07-21,2027-07-21,50.00%,50000.0,49927.96,26,800,false
[B0GGR9TFM3],amzn1.campaign.1FAPIIEXNAYQJ,2026 Upgraded All-in-One Red Light Therapy Mat Full Body,BANSTLE,2026-07-26,2027-07-08,20.00%,1000000.0,1000000.0,54,800,false
"[B0CNVBM6QB, B0GCLLRYD1, B0G2PPKT2L, B0D22MWLW2, B0DZMVH9N3, B0CP1R3M24, B0FGJJ3L7T, B0G2PGCWZ3, B0D22MV53G, B0DKT6DY2D, B0CNT8Z1BS, B0F8QPTXXK, B0DK1L55QC, B0G2PFM3YB, B0GCLC1VY2, B0DMF8DHJK, B0GCMPWZ9C, B0DMF7MDL4, B0DMN322CM, B0D1K25WDM, B0D1K7CLLT, B0D1K7DTRB, B0F8V81XY3, B0DK1PS4WX, B0DMF6NHKJ, B0FGJFGJNV, B0CNVBJWL1, B0DT19S9DD, B0DZMT2KPY, B0CNT8G87T, B0FHQC9LBD, B0DZMXK5DV, B0CYC4CLQQ, B0FVF5NH4M, B0D22KH5D4, B0DJSBKS1V, B0G2PM7SHH, B0DKT695C8, B0DMF6WV4C, B0G2PJTQP1, B0G2PP5N6Q, B0FVF2W6MN, B0D78X9FKL, B0D795LNV5, B0DKT57ZLS, B0DK1MYRVN, B0DMN56SHL, B0FH43Y199, B0D22LZY3V, B0DKT66TYC, B0G2PZDMTQ, B0DMF7G31Z, B0FHQBPS7W, B0G2PVG6HS, B0DT197X83, B0GCM7PMHJ, B0GCM8283H, B0DK1P1115, B0DMFC5F4Z, B0FVDSRNGR, B0DMFBGY9J, B0FN7QSFZF, B0DKT7KV6H, B0DT19H3K6, B0DMND78BX, B0FVDPL2F6, B0G2PXQSD4, B0DMN31T99, B0FGJCXKQS, B0DZG8N74J, B0D2L3CC7Q, B0GCMHMWZZ, B0DKT6XPJ2, B0G2Q79PNV, B0FGJCY87X, B0DMF6XR7F, B0DZFL4BJ4, B0CYC2R63B, B0G2PLRGG4, B0FN7QFCQ1, B0CYBMK8RR, B0DT15RM7D, B0FHQFT15G, B0CP1RBF44, B0DMN5NPYT, B0DK1L4GCD, B0DMFB3LMK, B0DMF6QQ18, B0CYC498B2, B0FVDQ8WKK, B0DK1PGT6R, B0F8QQ613C, B0DK1NDWTS, B0FGJFF8K5, B0FGJFF8K3, B0F18WWV8R, B0F8VPNRVQ, B0DK1PG3ND, B0FH42Z7BW, B0FH4252P6, B0D2L1VRWB, B0G2PN49DQ, B0G2PZR51W, B0DMN8CSD3, B0G2PP8XFC, B0DMFBJN5F, B0DMN3T6K3, B0G2PHXNSG, B0DMFCFGHP, B0FVF2N9QF, B0FVDT6TXK, B0DKT6S6TH, B0CP1S538Q, B0G2PM9T87, B0DKT5CYLT, B0F8QP292B, B0DMF42VTQ, B0FN7RG947, B0DT15GYQT, B0G2Q1HBFL, B0CNV7SCJD, B0G2PWPX8V, B0G2PRDMDS, B0DKT7JQTC, B0GCLLNGVN, B0G2PJ9VCZ, B0DMN4L5SR, B0D791LCFC, B0DMF96BC6, B0CNT9KFX9, B0DKT5GFB2, B0G2NVMFYW, B0GCMJQDK5, B0DKT682SF, B0DMN44P7S, B0CYC3MWJH, B0CNT938BP, B0FGJCWYRS, B0DMF899P1, B0G2Q4Q5TJ, B0G2PPCMRJ, B0CYC65DGH, B0D2L3V73F, B0DMN5G7RB, B0DMN4K277, B0G2P831ND, B0G2Q4T1R9, B0D2L2DC5D, B0DT1939JR, B0FGJ78NXZ, B0G2QDMWZK, B0CYC2HL14, B0DT1CYWXC, B0F8TYLWNB, B0DZGCXKQR, B0CYBMMZH6, B0FVDC7PNN, B0DKT61V62, B0GCLBQX11, B0D1K5JZGK, B0FVD6KBYZ, B0G2PJY4R6, B0DMN5FGCK, B0FGJCD7YV]",amzn1.campaign.3FL012W3Z5ROV,"Bestsellers | 10% Off – Waist Chains, Backpacks, Clear Bags  All You Want！！！",NEOREAL,2026-07-21,2026-10-16,10.00%,5000.0,5000.0,84,800,false
[B0BQYN23TW],amzn1.campaign.3MSPJBCWHUTAN,YOUEON 2 Pcs Lucky Cat Waving Arm + 10% Commission + B0BQYN23TW,Youeon,2026-07-21,2027-07-21,10.00%,10000.0,9979.0,51,800,false
[B0GGR9TFM3],amzn1.campaign.2M5M3JQQHJVV7,2026 Upgraded All-in-One Red Light Therapy Mat Full Body,BANSTLE,2026-07-25,2027-07-08,20.00%,1000000.0,1000000.0,66,800,false
"[B0CNVBM6QB, B0GCLLRYD1, B0G2PPKT2L, B0D22MWLW2, B0DZMVH9N3, B0CP1R3M24, B0FGJJ3L7T, B0G2PGCWZ3, B0D22MV53G, B0DKT6DY2D, B0CNT8Z1BS, B0F8QPTXXK, B0DK1L55QC, B0G2PFM3YB, B0GCLC1VY2, B0DMF8DHJK, B0GCMPWZ9C, B0DMF7MDL4, B0DMN322CM, B0D1K25WDM, B0D1K7CLLT, B0D1K7DTRB, B0F8V81XY3, B0DK1PS4WX, B0DMF6NHKJ, B0FGJFGJNV, B0CNVBJWL1, B0DT19S9DD, B0DZMT2KPY, B0CNT8G87T, B0FHQC9LBD, B0DZMXK5DV, B0CYC4CLQQ, B0FVF5NH4M, B0D22KH5D4, B0DJSBKS1V, B0G2PM7SHH, B0DKT695C8, B0DMF6WV4C, B0G2PJTQP1, B0G2PP5N6Q, B0FVF2W6MN, B0D78X9FKL, B0D795LNV5, B0DKT57ZLS, B0DK1MYRVN, B0DMN56SHL, B0FH43Y199, B0D22LZY3V, B0DKT66TYC, B0G2PZDMTQ, B0DMF7G31Z, B0FHQBPS7W, B0G2PVG6HS, B0DT197X83, B0GCM7PMHJ, B0GCM8283H, B0DK1P1115, B0DMFC5F4Z, B0FVDSRNGR, B0DMFBGY9J, B0FN7QSFZF, B0DKT7KV6H, B0DT19H3K6, B0DMND78BX, B0FVDPL2F6, B0G2PXQSD4, B0DMN31T99, B0FGJCXKQS, B0DZG8N74J, B0D2L3CC7Q, B0GCMHMWZZ, B0DKT6XPJ2, B0G2Q79PNV, B0FGJCY87X, B0DMF6XR7F, B0DZFL4BJ4, B0CYC2R63B, B0G2PLRGG4, B0FN7QFCQ1, B0CYBMK8RR, B0DT15RM7D, B0FHQFT15G, B0CP1RBF44, B0DMN5NPYT, B0DK1L4GCD, B0DMFB3LMK, B0DMF6QQ18, B0CYC498B2, B0FVDQ8WKK, B0DK1PGT6R, B0F8QQ613C, B0DK1NDWTS, B0FGJFF8K5, B0FGJFF8K3, B0F18WWV8R, B0F8VPNRVQ, B0DK1PG3ND, B0FH42Z7BW, B0FH4252P6, B0D2L1VRWB, B0G2PN49DQ, B0G2PZR51W, B0DMN8CSD3, B0G2PP8XFC, B0DMFBJN5F, B0DMN3T6K3, B0G2PHXNSG, B0DMFCFGHP, B0FVF2N9QF, B0FVDT6TXK, B0DKT6S6TH, B0CP1S538Q, B0G2PM9T87, B0DKT5CYLT, B0F8QP292B, B0DMF42VTQ, B0FN7RG947, B0DT15GYQT, B0G2Q1HBFL, B0CNV7SCJD, B0G2PWPX8V, B0G2PRDMDS, B0DKT7JQTC, B0GCLLNGVN, B0G2PJ9VCZ, B0DMN4L5SR, B0D791LCFC, B0DMF96BC6, B0CNT9KFX9, B0DKT5GFB2, B0G2NVMFYW, B0GCMJQDK5, B0DKT682SF, B0DMN44P7S, B0CYC3MWJH, B0CNT938BP, B0FGJCWYRS, B0DMF899P1, B0G2Q4Q5TJ, B0G2PPCMRJ, B0CYC65DGH, B0D2L3V73F, B0DMN5G7RB, B0DMN4K277, B0G2P831ND, B0G2Q4T1R9, B0D2L2DC5D, B0DT1939JR, B0FGJ78NXZ, B0G2QDMWZK, B0CYC2HL14, B0DT1CYWXC, B0F8TYLWNB, B0DZGCXKQR, B0CYBMMZH6, B0FVDC7PNN, B0DKT61V62, B0GCLBQX11, B0D1K5JZGK, B0FVD6KBYZ, B0G2PJY4R6, B0DMN5FGCK, B0FGJCD7YV]",amzn1.campaign.1L1AFZMTSYVL8,"Bestsellers | 10% Off – Waist Chains, Backpacks, Clear Bags  All You Want！！！",NEOREAL,2026-07-21,2026-10-15,10.00%,5000.0,5000.0,83,800,false
"[B0G8KJPZ4X, B0DQTK11XD, B0DQTDQB2W, B0DQTBLKP7, B099F2SNTK, B096F4T83Z, B0DQ8PQQFV, B0DQSS7TZ8, B09YM6YS16, B0BWMNHTTQ, B0C4H49J7V, B096F6YSRY, B0DQSV6CK5, B0BWMNWVCZ, B0G8KCWV7Q, B0G8KCWV87, B0DQTSRQ4X, B0BWMNWJ6M, B0CX134TC9, B096F7Q9RM, B0CX1J578F, B0DQTKFP7D, B0G8KYLWVR, B0BWMNKMM4, B0BWMNGR9Z, B0CX14559R, B0CX19149C, B0BWMN94ZH, B0BWMNN34H, B0G8K37511]",amzn1.campaign.2E8MMEOH2ASDK,55% OFF Bikini Summer Event For Creators -HY-5405,BIKINX,2026-07-21,2026-10-09,10.00%,5000.0,5000.0,67,800,false
[B0GGR9TFM3],amzn1.campaign.XEM5DUYMRMV7,2026 Upgraded All-in-One Red Light Therapy Mat Full Body,BANSTLE,2026-07-24,2027-07-08,20.00%,100000.0,100000.0,75,800,false
"[B0GC4LTG1G, B0CJC1DC3W, B09TNXFCYP, B09NFHG897, B09NFJ42K3, B0CPTY7JCD, B0CCT9YQLQ, B0GCY5VKKP, B09TYFN4PR, B09NFHFZ74, B0BLGTX8S9, B0BLG3LWRZ, B0BS8STDP3, B0FY5WM62Q, B0CL6FNF27, B09NFH1WGR, B0CMGMGL9Z, B0GCRSD6Y3, B0C73WYK7C, B0BLGB377L, B0CCT89C64, B0CCT72X7K, B0B4W4JXW4, B0BLG3S858, B09NFJFQ54, B09NMXLLLF, B0C363T8KZ, B09NKD5DM8, B09P3KK831, B0BLGTLQ4D, B0BLH1F4WR, B0GF1Z3KSK, B0GCYRQZZC, B0CYSZR8Z7, B0CL6FH5FG, B0CMGQT3GT, B0CPTY9C5K, B0GF1QC488, B0BLG7CFG9, B0GCYGRVS9, B0CPTXFCGH, B0GF1NZSCW, B0FY5ZJGQP, B0CPTYMXHJ, B0FY5YC1BK, B0BLGYLYX7, B0CCT7V4J2, B0C33PJ6K3, B0GCPGZQ2X, B0CMGM45CF, B0FQ5K8TTR, B0CMGHMS5V, B09NFJD7K6, B0BS8QQ2WY, B0FY5YQP4V, B09NMZT1WZ, B0CPTYKG54, B0CMGBXDKF, B0CMGVD694, B0CGHY26V4, B0G6D632VN, B0GF1CVYRX, B09NK9TT6D, B0C33QX87V, B0C33P9HHR, B0BLRY8F8T, B0FY5Z3YV9, B09NFGX4YY, B0GCY2GSWP, B0CMGKGL8F, B0GCPWDZH1, B0FY5QZRC5, B0C33N98J7, B0C33NPCJP, B0B965M7FK, B0BLG5Z9LC, B0FY5P5L9T, B0BLGX2RPF, B0CGXFJ7WR, B0CMGRKSC4, B0BLGLRQ3M, B0CPTZ3T2F]",amzn1.campaign.P5XYNDPQU0VK,"💸 12% Commission: Promote aaliweya's Best 18"" Reddish Brown Wig+20% off",Aaliweya,2026-07-21,2026-12-31,12.00%,5000.0,5000.0,60,800,false
[B0GGR9TFM3],amzn1.campaign.13LTSUIFFPAOG,2026 Upgraded All-in-One Red Light Therapy Mat Full Body,BANSTLE,2026-07-23,2027-07-08,20.00%,100000.0,100000.0,67,800,false
[B0GGR9TFM3],amzn1.campaign.29WFVYXAMO0O0,2026 Upgraded All-in-One Red Light Therapy Mat Full Body,BANSTLE,2026-07-22,2027-07-08,20.00%,100000.0,100000.0,73,800,false
[B0GYJGX6DK],amzn1.campaign.1QRF8PVPPPFZZ,BunnyCare Wall Trash Bag Dispenser,BunnyCare,2026-07-21,2027-01-01,10.00%,5000.0,4998.0,49,800,false
[B0FXM1MFKB],amzn1.campaign.2M4D3KGVYOR69,🛌Sound Sleep Challenge — 3D Bluetooth Music Sleep Mask--LXLY56,FACEMOON,2026-07-27,2026-10-01,10.00%,10000.0,10000.0,59,800,false
"[B09J2CJ8K7, B08NVNBZMM, B083NKV3TR, B0BRJDBWCR]",amzn1.campaign.37Y91ZV5KQ9K7,0380-创作者计划,SEISSO,2026-07-21,2027-07-21,12.00%,5000.0,4997.96,48,800,false
"[B0CNVBM6QB, B0GCLLRYD1, B0G2PPKT2L, B0D22MWLW2, B0DZMVH9N3, B0CP1R3M24, B0FGJJ3L7T, B0G2PGCWZ3, B0D22MV53G, B0DKT6DY2D, B0CNT8Z1BS, B0F8QPTXXK, B0DK1L55QC, B0G2PFM3YB, B0GCLC1VY2, B0DMF8DHJK, B0GCMPWZ9C, B0DMF7MDL4, B0DMN322CM, B0D1K25WDM, B0D1K7CLLT, B0D1K7DTRB, B0F8V81XY3, B0DK1PS4WX, B0DMF6NHKJ, B0FGJFGJNV, B0CNVBJWL1, B0DT19S9DD, B0DZMT2KPY, B0CNT8G87T, B0FHQC9LBD, B0DZMXK5DV, B0CYC4CLQQ, B0FVF5NH4M, B0D22KH5D4, B0DJSBKS1V, B0G2PM7SHH, B0DKT695C8, B0DMF6WV4C, B0G2PJTQP1, B0G2PP5N6Q, B0FVF2W6MN, B0D78X9FKL, B0D795LNV5, B0DKT57ZLS, B0DK1MYRVN, B0DMN56SHL, B0FH43Y199, B0D22LZY3V, B0DKT66TYC, B0G2PZDMTQ, B0DMF7G31Z, B0FHQBPS7W, B0G2PVG6HS, B0DT197X83, B0GCM7PMHJ, B0GCM8283H, B0DK1P1115, B0DMFC5F4Z, B0FVDSRNGR, B0DMFBGY9J, B0FN7QSFZF, B0DKT7KV6H, B0DT19H3K6, B0DMND78BX, B0FVDPL2F6, B0G2PXQSD4, B0DMN31T99, B0FGJCXKQS, B0DZG8N74J, B0D2L3CC7Q, B0GCMHMWZZ, B0DKT6XPJ2, B0G2Q79PNV, B0FGJCY87X, B0DMF6XR7F, B0DZFL4BJ4, B0CYC2R63B, B0G2PLRGG4, B0FN7QFCQ1, B0CYBMK8RR, B0DT15RM7D, B0FHQFT15G, B0CP1RBF44, B0DMN5NPYT, B0DK1L4GCD, B0DMFB3LMK, B0DMF6QQ18, B0CYC498B2, B0FVDQ8WKK, B0DK1PGT6R, B0F8QQ613C, B0DK1NDWTS, B0FGJFF8K5, B0FGJFF8K3, B0F18WWV8R, B0F8VPNRVQ, B0DK1PG3ND, B0FH42Z7BW, B0FH4252P6, B0D2L1VRWB, B0G2PN49DQ, B0G2PZR51W, B0DMN8CSD3, B0G2PP8XFC, B0DMFBJN5F, B0DMN3T6K3, B0G2PHXNSG, B0DMFCFGHP, B0FVF2N9QF, B0FVDT6TXK, B0DKT6S6TH, B0CP1S538Q, B0G2PM9T87, B0DKT5CYLT, B0F8QP292B, B0DMF42VTQ, B0FN7RG947, B0DT15GYQT, B0G2Q1HBFL, B0CNV7SCJD, B0G2PWPX8V, B0G2PRDMDS, B0DKT7JQTC, B0GCLLNGVN, B0G2PJ9VCZ, B0DMN4L5SR, B0D791LCFC, B0DMF96BC6, B0CNT9KFX9, B0DKT5GFB2, B0G2NVMFYW, B0GCMJQDK5, B0DKT682SF, B0DMN44P7S, B0CYC3MWJH, B0CNT938BP, B0FGJCWYRS, B0DMF899P1, B0G2Q4Q5TJ, B0G2PPCMRJ, B0CYC65DGH, B0D2L3V73F, B0DMN5G7RB, B0DMN4K277, B0G2P831ND, B0G2Q4T1R9, B0D2L2DC5D, B0DT1939JR, B0FGJ78NXZ, B0G2QDMWZK, B0CYC2HL14, B0DT1CYWXC, B0F8TYLWNB, B0DZGCXKQR, B0CYBMMZH6, B0FVDC7PNN, B0DKT61V62, B0GCLBQX11, B0D1K5JZGK, B0FVD6KBYZ, B0G2PJY4R6, B0DMN5FGCK, B0FGJCD7YV]",amzn1.campaign.2MVVZ36RAWGTW,"Bestsellers | 10% Off – Waist Chains, Backpacks, Clear Bags  All You Want！！！",NEOREAL,2026-07-21,2026-10-14,10.00%,5000.0,5000.0,87,800,false
"[B0CNVBM6QB, B0GCLLRYD1, B0G2PPKT2L, B0D22MWLW2, B0DZMVH9N3, B0CP1R3M24, B0FGJJ3L7T, B0G2PGCWZ3, B0D22MV53G, B0DKT6DY2D, B0CNT8Z1BS, B0F8QPTXXK, B0DK1L55QC, B0G2PFM3YB, B0GCLC1VY2, B0DMF8DHJK, B0GCMPWZ9C, B0DMF7MDL4, B0DMN322CM, B0D1K25WDM, B0D1K7CLLT, B0D1K7DTRB, B0F8V81XY3, B0DK1PS4WX, B0DMF6NHKJ, B0FGJFGJNV, B0CNVBJWL1, B0DT19S9DD, B0DZMT2KPY, B0CNT8G87T, B0FHQC9LBD, B0DZMXK5DV, B0CYC4CLQQ, B0FVF5NH4M, B0D22KH5D4, B0DJSBKS1V, B0G2PM7SHH, B0DKT695C8, B0DMF6WV4C, B0G2PJTQP1, B0G2PP5N6Q, B0FVF2W6MN, B0D78X9FKL, B0D795LNV5, B0DKT57ZLS, B0DK1MYRVN, B0DMN56SHL, B0FH43Y199, B0D22LZY3V, B0DKT66TYC, B0G2PZDMTQ, B0DMF7G31Z, B0FHQBPS7W, B0G2PVG6HS, B0DT197X83, B0GCM7PMHJ, B0GCM8283H, B0DK1P1115, B0DMFC5F4Z, B0FVDSRNGR, B0DMFBGY9J, B0FN7QSFZF, B0DKT7KV6H, B0DT19H3K6, B0DMND78BX, B0FVDPL2F6, B0G2PXQSD4, B0DMN31T99, B0FGJCXKQS, B0DZG8N74J, B0D2L3CC7Q, B0GCMHMWZZ, B0DKT6XPJ2, B0G2Q79PNV, B0FGJCY87X, B0DMF6XR7F, B0DZFL4BJ4, B0CYC2R63B, B0G2PLRGG4, B0FN7QFCQ1, B0CYBMK8RR, B0DT15RM7D, B0FHQFT15G, B0CP1RBF44, B0DMN5NPYT, B0DK1L4GCD, B0DMFB3LMK, B0DMF6QQ18, B0CYC498B2, B0FVDQ8WKK, B0DK1PGT6R, B0F8QQ613C, B0DK1NDWTS, B0FGJFF8K5, B0FGJFF8K3, B0F18WWV8R, B0F8VPNRVQ, B0DK1PG3ND, B0FH42Z7BW, B0FH4252P6, B0D2L1VRWB, B0G2PN49DQ, B0G2PZR51W, B0DMN8CSD3, B0G2PP8XFC, B0DMFBJN5F, B0DMN3T6K3, B0G2PHXNSG, B0DMFCFGHP, B0FVF2N9QF, B0FVDT6TXK, B0DKT6S6TH, B0CP1S538Q, B0G2PM9T87, B0DKT5CYLT, B0F8QP292B, B0DMF42VTQ, B0FN7RG947, B0DT15GYQT, B0G2Q1HBFL, B0CNV7SCJD, B0G2PWPX8V, B0G2PRDMDS, B0DKT7JQTC, B0GCLLNGVN, B0G2PJ9VCZ, B0DMN4L5SR, B0D791LCFC, B0DMF96BC6, B0CNT9KFX9, B0DKT5GFB2, B0G2NVMFYW, B0GCMJQDK5, B0DKT682SF, B0DMN44P7S, B0CYC3MWJH, B0CNT938BP, B0FGJCWYRS, B0DMF899P1, B0G2Q4Q5TJ, B0G2PPCMRJ, B0CYC65DGH, B0D2L3V73F, B0DMN5G7RB, B0DMN4K277, B0G2P831ND, B0G2Q4T1R9, B0D2L2DC5D, B0DT1939JR, B0FGJ78NXZ, B0G2QDMWZK, B0CYC2HL14, B0DT1CYWXC, B0F8TYLWNB, B0DZGCXKQR, B0CYBMMZH6, B0FVDC7PNN, B0DKT61V62, B0GCLBQX11, B0D1K5JZGK, B0FVD6KBYZ, B0G2PJY4R6, B0DMN5FGCK, B0FGJCD7YV]",amzn1.campaign.52FOMMU7JIQ2,"Bestsellers | 10% Off – Waist Chains, Backpacks, Clear Bags  All You Want！！！",NEOREAL,2026-07-21,2026-10-13,10.00%,5000.0,5000.0,91,800,false
"[B0F9L2MBG9, B0CT369Q53, B07SYPMXNR, B07CGD2QJT, B0GJDP78M7, B0CGN4CGBQ, B0F9L2BWQ7, B085RCGP4Q, B0D2XMTLFQ, B0DDPNSJT2, B08N121Z1S, B0CZ6XZ99R, B0CT3BL6SM, B07M83NGL1, B07L588H7D, B0BJJXRYXK, B08CRJ468F, B0CT38VRYV, B0BPC6L36W, B07PDQ79B7, B0CT34DXG7, B08241GRSH, B0D2XQ6K1V, B08N11ZGPH, B0CT36G1MR, B09NSBNPR8, B07L5912GW, B086YCN9T2, B0CXTDL1Y9, B092QMY1P5, B0B3HPDSXN, B0CGN4SLS7]",amzn1.campaign.V2SESJ7BBOW5,[Best-Selling Artworks] TOP10 Wall Art + 10% Comission + Ready-to-Use Kits!,MHARTK66,2026-07-21,2026-10-31,10.00%,8888.0,8842.62,39,800,false
[B0GJKGSLRT],amzn1.campaign.3O0KKNLHDBP9R,UPRUBE Compact Vacuum Sealer for Food 10% Commission,UPRUBE,2026-07-21,2026-10-24,10.00%,5000.0,5000.0,48,800,false
"[B0GWHWGP35, B0H24NM1X2]",amzn1.campaign.1198TS4GRHANJ,10% Commission – Teacher Hair Clips 🔥🔥🔥,Vigorpace,2026-07-21,2026-10-21,10.00%,5000.0,4996.8,34,800,false
[B0FXM1MFKB],amzn1.campaign.2D7YU716T8OWO,🎧Collab in Comfort — 3D Bluetooth Music Sleep Mask--LXLY56,FACEMOON,2026-07-27,2026-10-31,10.00%,10000.0,10000.0,64,800,false
"[B0CCXFG8F4, B07DLQ7Z8B, B0CZ6X929S, B0D1KF3WZ2, B0CGN47XRT, B0D1KHH4MZ, B08HV7M4RK, B08N12WGHR, B07L5912GW, B0C49S4LR8, B07HK2XT2L, B0CT36GVF8, B0FJ4H9CSQ, B0CGN4SLS7]",amzn1.campaign.3U0TNGQIN9298,[Best-Selling Artworks] TOP10 Wall Art + 10% Comission + Ready-to-Use Kits!,MHARTK66,2026-07-21,2026-10-31,10.00%,8888.0,8888.0,46,800,false
"[B0G8KJPZ4X, B0DQTK11XD, B0DQTDQB2W, B0DQTBLKP7, B099F2SNTK, B096F4T83Z, B0DQ8PQQFV, B0DQSS7TZ8, B09YM6YS16, B0BWMNHTTQ, B0C4H49J7V, B096F6YSRY, B0DQSV6CK5, B0BWMNWVCZ, B0G8KCWV7Q, B0G8KCWV87, B0DQTSRQ4X, B0BWMNWJ6M, B0CX134TC9, B096F7Q9RM, B0CX1J578F, B0DQTKFP7D, B0G8KYLWVR, B0BWMNKMM4, B0BWMNGR9Z, B0CX14559R, B0CX19149C, B0BWMN94ZH, B0BWMNN34H, B0G8K37511]",amzn1.campaign.2ZL1VRW2FGXI7,Summer Bikini Flash Sale Only $14.99 -HY-5405,BIKINX,2026-07-21,2026-10-08,10.00%,5000.0,5000.0,70,800,false
"[B0FQMRQQLM, B0FQMTPL67, B0FQMRQCRZ, B0FQMPZGMG, B0FQM3TDT1, B0FQMZMGKM, B0FQMKCTHZ, B0FQM5HSZB, B0FQM98WR2, B0FQMRNKBK, B0FQM5JDBC, B0FQNBBWN6, B0FQMK72TN, B0FQN8NS9R, B0FQN5J2J3, B0FQMTTXC2, B0FQMQZK8C, B0FQN8J6KF, B0FQMTSHPF, B0FQMLHJ1N, B0FQM41TH5, B0FQM41TH6, B0FQN9D275, B0FQMJQR1M, B0FQMNHM98]",amzn1.campaign.MWAV41B1AAYL,GINGTTO 62g Mens 2-in-1 Reversible Jacket: Partner With Us for Great Commissions,GINGTTO,2026-07-21,2026-10-31,15.00%,5000.0,5000.0,60,800,false
"[B0G87LLZ5V, B0G86ZDK1S, B0G87M28R7, B0G866PVCZ, B0G874CT33, B0G87VNMHS, B0G882QD7M, B0G882GTLS, B0G86Z7BC6, B0G86HJQGG, B0G88VYXQW, B0G87SZ1XG, B0G884GCPH, B0G87WRCX7, B0G867CTX7, B0G87MLTVR, B0G87865M8, B0G87RQFBT, B0G8772BN6, B0G877N9ND, B0G877C7VR, B0G87CZTF6, B0G88KH154, B0G86NXSX7]",amzn1.campaign.1RP5J09W8CPN9,"Heyfanee 12HF 15% Comm – Earn While You Relax, No Hustle Required",Heyfanee,2026-07-21,2026-11-01,15.00%,5000.0,5000.0,70,800,false
[B097ZVFFLH],amzn1.campaign.1XDOMZ2PY7IQM,YOUEON Snare Drum Stand with Drum Sticks Holder + 10% Commission + B097ZVFFLH,Youeon,2026-07-21,2027-07-21,10.00%,10000.0,9938.9,49,800,false
[B0FXM1MFKB],amzn1.campaign.1G2V0IFEY62JL,😴No-Pressure Dreams — 3D Bluetooth Music Sleep Mask--LXLY56,FACEMOON,2026-07-27,2026-10-30,10.00%,10000.0,10000.0,70,800,false
"[B0GG9VV1KB, B0G92HY34N, B0G91MS4B8, B0G928764F, B0G927MNC3, B0G93CRHVF, B0G92GR7YT, B0GG9Z79VP, B0GGB6V832, B0G91MP9JP, B0GG9WLLYD, B0G92DWVGW, B0GG9R4LFR, B0GG9VKBJW, B0GGB6SGD8, B0GG9ZHHSV, B0GGB75BR1, B0G92QHMMD, B0G922D5QN, B0G92L3HST, B0GGBGW4MG, B0G91ZNTHS, B0GG9V334M, B0GGB66KBT, B0G91MFTSD, B0G918J3L5, B0G925XQGD, B0G9262112, B0G92DV2WX, B0GG9QDYZT, B0GG9YSXH1, B0GGB2FLL4]",amzn1.campaign.2U9TGAMZQTSRR,25021418勃肯鞋 -10%,MUSSHOE,2026-07-21,2027-07-01,10.00%,100000.0,99988.2,46,800,false
"[B0FJR2ZBBQ, B0DWSVR63L]",amzn1.campaign.3TK05M6P13N9H,$12.74+ HOPOW 2 Prong Power Strip with 12 AC & 4 USB+ Get 10% commission,HOPOW,2026-07-21,2026-09-30,10.00%,5000.0,4998.65,66,800,false
[B0DPYFDGP8],amzn1.campaign.3PPFLPC2ZWYX8,Collaboration: App-Controlled Saxitoe Next-Gen Smart Endoscopic Vibrator,Saxitoe,2026-07-21,2026-12-31,10.00%,5000.0,4995.4,52,800,false
"[B0CZ6X929S, B0D1KF3WZ2, B0FWJ1RXL7, B0F9L2YD18, B0GJDV129B, B0D1KFCCFG, B0B2JN86Q1, B07HK2XT2L, B0BP9R9K9P, B0B2J7FVPC, B0CXTCXYN9, B0BN7HGCN8, B0CT36JBP2, B0DDP99QWK, B0BRCMWRB3, B0D1KFKN2Z]",amzn1.campaign.P9J9DLPB4U2Z,[Best-Selling Artworks] TOP10 Wall Art + 10% Comission + Ready-to-Use Kits!,MHARTK66,2026-07-21,2026-10-31,10.00%,8888.0,8880.4,50,800,false
"[B0CGRF19FG, B0CGRCKQWX, B0CGRDY5LS, B0GQXKLLG3, B0BVZ9CSJC, B0BN5NYLFP, B0BPRS8JP3, B0CJR2GXNG, B0GQXKP458, B0CKVF95FS, B0GQY5XX7Z, B0D7SDSFWW, B0CGRD9XP5, B0GQXDK9YM]",amzn1.campaign.6825U9R8THKM,4.5⭐ 2‑Pack ✨ 0.5” Thin Leather | No‑Hole Sliding (B042),XZQTIVE,2026-07-22,2026-11-30,10.00%,5000.0,5000.0,65,800,false
"[B0H3TCXP18, B0H3TKDQCR, B0H3TKT74X, B0H3TBZ1XT, B0H3TQHKBP, B0H3TBWB8D, B0H3TLWJLT, B0H3TCSJBQ, B0H3TH5D6P, B0H3TD16VW, B0H3TFBCNK, B0H3TLJG86, B0H3TRPRK7, B0H3TS1PWB, B0H3TCKGSG, B0H3TL2FR5, B0H3TBHMJJ, B0H3TMRX3L, B0H3TNS4G1, B0H3TFBGSJ, B0H3TCM8KZ, B0H3THF2RZ, B0H3THCCX5, B0H3TC465J, B0H3TBSGQR, B0H3TLWTT4, B0H3TD1SRT, B0H3TN22H5, B0H3TKGY1J, B0H3TPRHCG, B0H3TBLHCD, B0H3TH777N, B0H3TKZ73H, B0H3TBSQ1T, B0H3TN25PH]",amzn1.campaign.2AUUVDG9JOWLV,Eytino-2522060,Eytino,2026-07-21,2026-09-30,10.00%,10000.0,9920.96,41,800,false
"[B0CT35MG2L, B0GJDGSXQ4, B0BMF2YJRH, B08547VYSZ, B0CZ6LHNY4, B0DDPH8M5Q, B0CXTBQ1YD, B08TBSMQ5B, B0823N8JK7, B0CQ4VFQ9X, B0D1KFXZ6F, B0BP9RMPFL, B08NY6FKC3, B08FDFVMWT, B07H7GV8NB, B0GJDR4MJQ, B0BSH1157P, B08Z3F86PW, B07Q98941Y]",amzn1.campaign.XSSGN5Q1TO1P,[Best-Selling Artworks] TOP10 Wall Art + 10% Comission + Ready-to-Use Kits!,MHARTK66,2026-07-21,2026-10-31,10.00%,8888.0,8875.65,43,800,false
[B0GQH1R9KH],amzn1.campaign.2LW33SO5JO8S2,15% Commission – Heiman Smoke&Carbon Monoxide Detector Combo 10-Year Battery,HEIMAN,2026-07-21,2026-09-30,15.00%,6000.0,5916.69,27,800,false
[B0FXM1MFKB],amzn1.campaign.WX889HFUPXP4,"🌙Eyes Free, Sound On — 3D Bluetooth Music Sleep Mask--LXLY56",FACEMOON,2026-07-27,2026-10-29,10.00%,10000.0,10000.0,76,800,false
"[B07C7H1SVW, B093WB98LQ, B07FLHLVLK, B0BRCMK62C, B0D2XNM6Q8, B0CJC2RYYJ, B0CKN2H77Y, B07GL2J7N5, B07GL2JG91, B07MJGTJ8W, B0GGYWV6V8, B0DDPCL28N, B0D1KFB477, B0F9L3KSHG, B07L9DTLTK, B0CM3DJS5P, B07ZCGJG93, B07DVQ143Z, B088JX979D, B0CKN45T1B, B07YFDB6S4, B0CXTD2X77, B0CXT9YQW2, B0CR7GS1KY, B0C49SHT1Y, B0CCVMNZ11, B0CHNM415Q, B07L5FPXXB, B0CKN431PT, B0GJSSK9VN, B07TS5SZRG, B0D1KGGNN4, B0BP9D3ZDF, B0CHNLY7XS, B0BJK42JR9, B0CGN5DLNP, B08MF66YV9, B0GJDRMY1L, B07MC4393Q, B07QCM2N6Y, B0BNN9F4C3, B0CZ6VD1KW, B0CBR1R3Z5, B0CQ4P4GD4, B082YMY6BG, B0B2J4PYX4, B0CMHF51HS]",amzn1.campaign.1V8UJ6D23YSXJ,[Best-Selling Artworks] TOP10 Wall Art + 10% Comission + Ready-to-Use Kits!,MHARTK66,2026-07-21,2026-10-31,10.00%,8888.0,8888.0,42,800,false
"[B0D3WSJ95G, B0D4TSK3D6, B0GYD2N8VB, B0BRHGC5DG, B0C8BN1RCK, B0GSVLWHGD, B0DWST3DP4, B0DWMFHN5S, B0DY4MNCSD, B0GFM32525]",amzn1.campaign.1LEN1OK34ILGR,$12.99+HOPOW Flat Plug Extension Cord+Get 10% commission,HOPOW,2026-07-21,2026-09-30,10.00%,5000.0,5000.0,59,800,false
[B0FXM1MFKB],amzn1.campaign.3U4LYQJ5CCGAL,✨Sleep in Stereo — 3D Bluetooth Music Sleep Mask--LXLY56,FACEMOON,2026-07-27,2026-10-28,10.00%,10000.0,10000.0,73,800,false
[B0H3Z66J2G],amzn1.campaign.3SXJ70SV8XL2O,Collaborate with us for UH71250 Replacement Filter Launch to Get 10% Commission!,Jusiwow,2026-07-21,2026-10-21,10.00%,5000.0,4991.6,53,800,false
"[B0H1BH5YBT, B0H1BBD8XD, B0H1BGYSLG, B0H1BKL5BJ]",amzn1.campaign.20P6PF2BXN47A,Glitter Velvet hair bows for girls,CN,2026-07-21,2027-06-30,10.00%,5000.0,4995.6,43,800,false
"[B0GF8665W9, B0GF7P9ZPR, B0GHMYT6FR, B0GF85PDDH, B0GF7ZHBNT, B0GHMXWY1G, B0GF7X78RX, B0GF7SZFZ1, B0GF7VZ169, B0GHNF1BQG, B0GF83GPNX, B0GHN87B5C, B0GF85M3M9, B0GF833HVM, B0GHMWD8RD, B0GF7X4S87, B0GHMXV1D5, B0GF7ZJ869, B0GF7P4P3W, B0GF7NPK6N, B0GF83PTDD, B0GF8324FC, B0GF7R257R, B0GF7SNVM7, B0GF7RNKHG, B0GHMVMMLK, B0GF7SW7R5, B0GF7X7PSB, B0GF7RS9FW, B0GHN321BW, B0GF7T8MDY, B0GF7SQCVC, B0GF7ZKK9Q, B0GF836LLB, B0GF7PHX35, B0GF7QP1D4, B0GHMZMCVP, B0GF82NNZ1]",amzn1.campaign.I21QUMPN6W1E,💖 Vepose Women’s 6125 Rhinestone Heels-Looking for Amazon Influencers! ✨,VEPOSE,2026-07-21,2027-01-31,10.00%,5000.0,5000.0,75,800,false
"[B0CKN1P4PJ, B0BJV9L9MM, B07D1RJJRG, B0CQ4MQVYK, B0BJVBBWVG, B0D2XQ7JLM, B0CQ4QY59N, B0CZ6XDTD9, B0CGN51ZSW, B0CQ4NTLY3, B0CR7GDNPH, B07D1R2581, B07S9M4653, B0CCVQX7P5, B09WHHNF91, B0CT36PCG7, B0BPB181RG, B0BJVWLRP9, B0CHMKPFBM, B0CR9VSY5L, B0F9L1N34Y, B0CGN6C4FG, B0BJVCC6R5, B0CBR3722D, B08CRJCCJW, B07ZVMLS94, B07ZVMJ8ZL, B0CXTCDZ6N, B07D1JMSN5, B093SSST8L, B092QKQVHY, B0CXTCS47R, B0BJJHP3ZM, B0F9L1PHD5, B082XX258R, B07D1J3MVN, B07D1K1LKL, B07QD5M4P3, B07DLRYKM8, B0B2HY2D1K, B0CGN56WQJ, B0CF1CJX3Q, B0DDPCF483, B093W8RJGT, B0C49V3NV3, B0GJDS9S88, B0BSGZTJ5G, B0CBR7FV86, B0CQ4PZ8T9, B0D2XQL5TC, B0BJJ76Q6Z, B07LBBBWLM, B0CGN3RD8D, B0D1KF7MJV, B0CT3C43C5, B07ZYQRZMZ, B0D1KCG2FJ, B093WBJ2JW, B0F9L1KQLH, B0DDPFGJPL, B093WB9Z7R, B0BJV9PBLR, B093W9JKCS, B0BN7H6N72, B0BMFJJ72N]",amzn1.campaign.29D4I1226GW4O,[Best-Selling Artworks] TOP10 Wall Art + 10% Comission + Ready-to-Use Kits!,MHARTK66,2026-07-21,2026-10-31,10.00%,8888.0,8881.29,38,800,false
"[B0H3JDS5G2, B0H3JCF2G1, B0H3J6SD3V, B0H3JJ95ZR, B0H3JMNDRY, B0H3JHPBJR, B0H3JPXPB2, B0H3JDQ1QH, B0H3JKCQGV, B0H3JKPBW3, B0H3JGY19K, B0H3JJ9XYF, B0H3JFY3DG, B0H3JDG8GK, B0H3JHVLRT, B0H3J9BVFT, B0H3JHC7X1, B0H3JM7LCT, B0H3JMPC81, B0H3J9SH7Y, B0H3JKCZYN, B0H3JN5CTK, B0H3J82C1F, B0H3JPJKDQ, B0H3JGX9ZF, B0H3JKLN4H, B0H3JL2BM7, B0H3JL1243, B0H3JDHLC1, B0H3JJ8W6N, B0H3JJS2VG]",amzn1.campaign.1NEO75RIUK0CT,Eytino-2515550,Eytino,2026-07-21,2026-09-30,10.00%,10000.0,9979.4,37,800,false
"[B0CXTCF3Y9, B0FWJ1VM93, B07QBKCXCV, B0GJDQRWG2, B0CR9TYWNR, B0GJDZJQW2, B07MLZ8X6R, B07FLNCCTS, B08NY8Q3JY, B0D1KFFRK7, B0CJC35JWG, B0D1KFF4P9, B0DDNBBB6T, B0GJDDK9MF, B0D1KCLTVD, B07MJ9QFCL, B0GJDW4MSL, B07YF6C9KG, B0D1KG9R2N, B0CXT9WPB4, B0CJC1861B, B0GJDKDJ74, B0CXTBQ7VB, B0CR7G13M1, B07FLJN382, B0BJV84P1T, B0F9L26SZT, B093WB857T, B08N132JBX, B0CBR618R1, B0CQC3W567, B093W8R399]",amzn1.campaign.LV7ZSEQ1VCDF,[Best-Selling Artworks] TOP10 Wall Art + 10% Comission + Ready-to-Use Kits!,MHARTK66,2026-07-21,2026-10-31,10.00%,8888.0,8888.0,51,800,false
[B0CGYVNK42],amzn1.campaign.V97BVSAIJC0U,YOUEON 40 Pcs Clear PVC Gift Bags with Handles + 10% Commission + B0CGYVNK42,Youeon,2026-07-21,2027-07-21,10.00%,10000.0,9962.0,52,800,false
[B0FMQYKCXF],amzn1.campaign.14VU0NU9DSF85,stainless steel L square +10% commission,AKNgoes,2026-08-01,2026-09-30,10.00%,5000.0,4959.38,43,800,false
[B0G139WDGP],amzn1.campaign.316AIA9WQLH9N,💤 Steam Eye Mask 10-Pack Unwind & Review Night 🌙--ZQLS10P53,FACEMOON,2026-07-27,2026-10-01,10.00%,10000.0,10000.0,59,800,false
"[B0CQR2WN8H, B0C8JQPMZF, B0C8JRKKDS, B0C8JSHPLF, B0GG9Z79VP, B0GGB6V832, B0GG9WLLYD, B0CQRDLX3G, B0CQRFN8KQ, B0GG9VKBJW, B0C8JPH9M8, B0CQRDWJX9, B0C8JQQL3Z, B0GGB75BR1, B0C8JPYVKK, B0CQRG6ZV9, B0CQRDTMPD, B0C8JNHSYM, B0GGBGW4MG, B0C8JNDN2J, B0CQRDMHBK, B0CQRCR3VL, B0C8JQ2VGJ, B0C8JNH2DL, B0GG9QDYZT, B0CQRG774H, B0GG9YSXH1, B0GG9VV1KB, B0C8JLXNCN, B0CQRCNDQ3, B0CQRFGRVZ, B0C8JMGRJR, B0C8JPM4P6, B0C8JM9JHJ, B0GG9R4LFR, B0CQRCDC3Y, B0C8JNMJ61, B0GGB6SGD8, B0C8JNRWLT, B0GG9ZHHSV, B0CQRFC4F7, B0C8JPJ7DQ, B0CQRCMZL6, B0CQRF98WL, B0C8JQV6D3, B0GG9V334M, B0GGB66KBT, B0CQRD6FMN, B0C8JNLYX9, B0C8JR11BX, B0C8JRSP6D, B0C8JP2DJQ, B0CQRF69VZ, B0CQRC8ZSC, B0CQRDPC4T, B0CQRD3ZQM, B0GGB2FLL4]",amzn1.campaign.E1AEUQQ02SGB,230510 Mule鞋 -10%,MUSSHOE,2026-07-21,2027-07-21,10.00%,100000.0,99979.31,38,800,false
"[B0DG5FB525, B0DG5JKTK2, B0FP8ZZ6S2, B0DG5FWPMY, B0DG5F2KKF, B0DG5DR2YC, B0DG5H95ZS, B0DG5JNR9N, B0DG5HDDYS, B0DG5HN1CP, B0DG5QH215, B0DG5J685H, B0DG5G84QB, B0DG5HPD6G, B0DG5GQW7M, B0DG5GFJ91, B0DG5JF85F, B0DG5H79KW, B0DG5JCBM6, B0DG5HTV9Q, B0DG5J1KYF, B0DG5H6TVX, B0DG5CS7VK, B0DG5GQ1SP, B0DG5J63HJ, B0DG5MNPQ6, B0DG5GVKDJ, B0DG5MMNCM, B0DG5J4YKP, B0DG5KGJFW, B0DG5JPXRQ, B0DG5G4NKK, B0DG5FN2V2]",amzn1.campaign.21XQO21CA0OA9,💸 No Size? No Problem. This Belt FITS Every Body — 12% Commission 🔥,WERFORU,2026-07-21,2026-10-01,12.00%,5000.0,5000.0,28,800,false
"[B094C1DMZS, B0GHR4LPPQ, B0GHR4DWMY, B0CWQYD15Z, B0CWR1R93P, B0GHQQG46L, B0GHQQSS3Z, B0GHR1TG7V, B07VWJ9F4F, B0GHQVGCSL, B094C74RJF, B0GHQZBZZ6, B094CB9K84, B07TB4D94B, B0B214G8B8, B08DXJ64VV, B0CWR2BDYH, B07TB38Q91, B094BYRPS8, B0B216KD4N, B0CWQYMDP3, B0CXPD5WKZ, B095JYVGC6, B0B215KJJ8, B0CWRHXCVT, B07VXG58C9, B0CWQXWPZM, B0B214TQ4K, B093Q1YPXR, B0GHQZC9RH, B0GHQTS188, B0CXPB46Q7, B0GHQTDWPG, B0822LDN1X, B094C7544J, B0CWR1R9C4, B0CXP9GKMK, B07VWHM42C, B0GHQP8S4S, B0GHR16V51, B0CXNTHX96, B08CH25151, B09B1RFX27, B07VYJYNR4, B0GHR2ZS61, B0GHQTW6Z7, B0CXP71KTQ, B07TB7GS3H, B094C8KCYP, B0CXP12VZQ, B07T83G7R1, B0B2177STQ]",amzn1.campaign.3NEOII7K7QZ6F,15% | Hixiaohe  Classic Denim Jacket  (200319),Hixiaohe,2026-07-21,2027-07-17,15.00%,10000.0,10000.0,27,800,false
"[B0D7VRHRFP, B0D86ZTPZN, B0BMQDYPYL, B0DHCPB74H, B0C7C91KR5, B0DJ2LVHQ8, B0F4KS3FZT, B0CRH88JDS, B0CFQXMDXR, B0CZ6GBGPY, B0BJDWQVWV, B0BMQFK2PX, B0D86ZTMTC, B0BNPYL1CT, B0D1JYQ4XB, B0DHC5Z63K, B0CF9FWB5T, B0BJQDRX49, B0BVZP7NQY, B0D1BLBRBH, B0D3GJ4GSN, B0DM8X5JH5, B0BJYYZC6W, B0DLBD2CRY, B0DHH3BRW6, B0BMQFP9PX, B0CFDVVXLJ, B0BMQDSD1J, B0BJJPF3GR, B0BNQB9FGC, B0C7C5MJM3, B0CTY65FK3, B0C7BDZDQN, B0BJF2RQ6Y, B0DLKN5K58, B0DJXVMPSG, B0DJ2MZZK5, B0DL8QYNZR, B0DM43YDLZ, B0DDSJVHYS, B0F4KMFKPL, B0BMQFVDPW, B0BL9H2WKM, B0F2H57T3L, B0CB68X6NC, B0DHKRCC5C, B0F2H4WXY7, B0BMLTYHG4, B0BR35WCBG, B0F1Y4LF8D, B0DHH4F2QW, B0D982G57W, B0DJXXBPYX, B0CB69CPC6, B0DF2489LQ, B0DF25ST3D, B0DHCKP9VX, B0BK4J9XLC, B0CF4YXQXH, B0F1N2TDSM, B0BJVBJFJ7, B0DM8PKTT9, B0CGNCFLPL, B0C5ZR9Z5Z, B0D2NN2JBH, B0D4YPN6FY, B0F3JBMJTW, B0DHZBV6BM, B0CGNCQMQS, B0CTC5HTMW, B0BMQG4R5Z, B0CTC5RSMY, B0BJVX7HLM, B0D982YVD5, B0CKPB7H79, B0DL5Y2CBP, B0CZ6KHV1R, B0CP9228YH, B0CZ3JNJC5, B0DLJWXPZN, B0DJVJDRN4, B0DKDZDKWS, B0BMVRJMLJ, B0DKFFFMNM, B0BVZGJQ4D, B0GY4NKTTS, B0BJQ4LKBP, B0CF52MR4J, B0BJDNQZSY, B0D2NRKVBL, B0CB7J5FSP, B0DK14VHGS, B0F2SFCSSK, B0CGND9BGV, B0DKXKP1K8, B0BMLW82BK, B0CWGPVKM7, B0BK4K9HT6, B0CCCR5GDV, B0CZ6HHMJS, B0CLNSSGHM, B0DKFDVFGP, B0F268DSV2, B0DM4G78LC, B0DBHP8JZP, B0BMLWMVKZ, B0BMQGXST2, B0CB6HSZR1, B0CF5CCGGV, B0DHCSRBLN, B0BQWGHWS3, B0D2NWP7DZ, B0C7BJGQYK, B0DK1V2SCK, B0DHKQQDH1, B0BMQGB56D, B0BMQGMV6S, B0F26BMFY9, B0CF5BLNV1, B0CF5CH546, B0DJVJMT89, B0BVZJ4L6L, B0F1THVVBL, B0BNPZ64LM, B0BZGQJQ2M, B0F1N4DYYQ, B0DCVPGMZZ, B0F26JKKCS, B0BJKLR1W4, B0F2F96HW8, B0CRYQ59GN, B0CF9HLWQJ, B0CG9GJZ9F, B0F1XZDBF1, B0D2NVJZ9H, B0CTC4821H, B0DM43P5G6, B0F59WN7TR, B0BJQ2WY92, B0CZ6NMZYZ, B0BJKLH4Z5, B0BMLYVB1Y, B0BMLXH298, B0H1RRK96Y, B0F26HCM75, B0DBHPJVZB, B0DHBZLKJ3, B0CQC7XXMM, B0BVZMGCYB, B0BMQH2QXB, B0BMLY42TS, B0D941J3N1, B0CFDW2ZWB, B0F5PT81GB, B0DHCKMFCR, B0BJQ3NM8H, B0DF2P55QW, B0DHBT2NRT, B0DL2FKLPQ, B0BR35FZ7T, B0D86ZW897, B0BMQFPB8V, B0CLNSXXX5, B0BMQTRFHN, B0CKXC1JPX, B0F5B1HFN2, B0D6YPDVFT, B0F59MQRWK, B0CF5C4HB2, B0CW9BVW8H, B0BJF38S56, B0CW99KGS2, B0D2NNK4SB, B0F5B1HCFR, B0CB7KZC7H, B0CF5CGZLZ, B0DNQHVNVJ, B0BK15MDJ4, B0DHTXKMCS, B0BMLSBGY7, B0BMQFVKZV, B0DHZCMDSL, B0DJVKL4RR, B0DHZ9CMWM, B0D4YJ7DTW, B0BMLTH8QB, B0CNW52N4Q, B0F58QYLP3, B0DJ2P3D7J, B0F5PWM8BJ, B0CGD8883M, B0CTC5SF8V, B0CGQVGC6M, B0CZ6CNM17, B0CBRCJQY9, B0CB7HS8LS, B0BJKT43R6, B0BVZR34J8, B0BMQGP8FS, B0DJXT81CP, B0D987BLF2, B0BJKN3KZ4, B0DNQHVHK3, B0D9CYS9S6, B0D1K7NNMV, B0C7CNRLDN, B0DJY33TYQ, B0CQBXCZ97, B0CFDV281N, B0DK51YLG5, B0DHC2XMVY, B0BR34XMGD, B0DL5XBNXK, B0DCVM7VML, B0DK89VH2Z, B0CWCW5PRS, B0BVZR32FQ, B0DK3B159J, B0CB7JLLSQ, B0DNZ1L5N8, B0CQC8BYYB, B0D984P9KP, B0CBS9F21N, B0BR35Z3KW, B0F5PWYRXY, B0D3WZJP7C, B0DKXL6NNC, B0BQWG711V, B0CZDG7XPH, B0DK6PC2RW, B0F3HN3XLL, B0DK6SXXML, B0DK89Q24D, B0D19Z4D1S, B0D78DLTGV, B0C5ZQRZ8M, B0CZ6LHQDC, B0BVZJ7CG9, B0BLBBT1VN, B0DNYXNP95, B0BK1CMW7Y, B0DJY1P14Z, B0CBBY98M5, B0DF2HBGWC, B0BJYLBZVY, B0BR39M6JQ, B0CSW4WNDQ, B0BMLVGY83, B0BK1CLRQH, B0D4YRFVKG, B0DL2XM28X, B0CFDTYXTV, B0BNVC8ZGV, B0D3X4BDZK, B0BMQGHQ6F, B0CF95GMTJ, B0DNZ14KB5, B0DNQJ6W38, B0CB687JCM, B0CCCQPF61, B0DJX8TR1W, B0F1Y2RTJ5, B0F3WTX78K, B0CGD9R18X, B0D4Y8QYT7, B0D8776K92, B0CPXLPJVF, B0BVZPBB4Y, B0BJQ32ZFC, B0DK5H74R5, B0DLJTPKWT, B0CBC2BDNP, B0DJVKH4CT, B0BJV8K4DT, B0DHZD8F63, B0CCJ8VNYV, B0DHBV2N5T, B0CB6HSJHM, B0CB6F1KGX, B0DHCKPVT6, B0DHCKPVT5, B0C7C478MT, B0BJF4HL81, B0F4KPCQ9W, B0BJDXYC7T, B0BMQDRPJR, B0CBBY9LVQ, B0DKXSVX6Y, B0DJSTBJ8X, B0CQC4MMSL, B0H1BBCBBL, B0DK8G9YC5, B0F1Y2J4CK, B0DD3S1WD5, B0DJXT9ZGM, B0F2H4MB97, B0CZ6FQ712, B0DPQBX4CN, B0BJZ89WH3, B0CTCMQFNZ, B0BZHHWJQ6, B0DKFD7PDH, B0DK6TGS4B, B0F5WCRJFN, B0D4YHF8PY, B0DJSV3Y4G, B0CNW5GP5H, B0CQC1XH9P, B0DM8RSB3Z, B0CFQYJF8F, B0CB7L35LF, B0CZ6Q4XXV, B0F5WJKTLL, B0CGQVTC5M, B0BPSF4YJ7, B0H1BC1WFS, B0GY4BWJ5J, B0F5WFJR91, B0DD3TK36C, B0DHBT3MH8, B0BJK25BNZ, B0BZGSLWV2, B0DD3BXPZN, B0CFKJJ9HG, B0CWGXYCND, B0CF95H9V4, B0F2H43BGF, B0BJJHDYGL, B0C5ZS13T9, B0GY4RV3SH, B0CFQXZMSC, B0BMQFR6R4, B0F1Y2P43P, B0BMQFNB4Z, B0D86ZV1H9, B0F5PYRMSB, B0BMQGGGXZ, B0CBC13SZG, B0CZ34QGGV, B0F3WVPLL7, B0BMVPWMFF, B0BVZQWS11, B0BR39FKBM, B0DKFF6F8Q, B0DM8S9FQ1, B0C7CBWVNF, B0D3X224HT, B0DK6QHJSV, B0DF21W82H, B0DLJSSKW8, B0DK5BZKV4, B0BMLRLLX6, B0CB7K44DZ, B0DJVJMHMX, B0BVZPMFQS, B0D94239FT, B0F3HN1DT3, B0BK4G26CV, B0BQWH5DZJ, B0DL8K835F, B0F2H52RPQ, B0BJPYW19W, B0DJXWWLCT, B0BR38NVZG, B0BJDW6RT5, B0F3WT7HFK, B0F58XP831, B0F59412V3, B0DHC6DDBN, B0DD3TMY5T, B0CKNZPRP3, B0DBHR36YY, B0BKZ3ZTRV, B0C7C1RTSW, B0CRYN2JWD, B0DJ2QSPTN, B0D2NP1G7F, B0BMVPFG42, B0DHBZKHTP, B0BQW9YHTK, B0F591BKHG, B0BMQF1318, B0BMQCP71Q, B0BR38M9DT, B0DJ2Q6GYG, B0BMLT5DZ2, B0CW97MXQY, B0BMLRPMT6, B0CPXL23FV, B0DJXWT1W2, B0DF2CB312, B0BMLT5DYP, B0BVZPTGDK, B0BJJ83N8F, B0CCCRK2J4, B0H1RHJ1XX, B0DJXSHCC4, B0DNYQCQMW, B0D3WZZKQM, B0CGQSZTX2, B0BR35H7CC, B0CW96WSDC, B0BK4HPTM1, B0DBHPYRTY, B0C5ZQPZ94, B0DPQB2TTQ, B0DJY2XY6F, B0DK89QCLL, B0F59CJV5M, B0D1K5F8XM, B0BMQCPPF7, B0D941HYG9, B0BJF2PQLF, B0BMLWD3SC, B0CGWF974Q, B0DL8X9DS2, B0DK8CWV44, B0DJ2Q9Y57, B0BJQ2X7CB, B0CBWJSRQ6, B0BL9BRJPD, B0D4YX3Z6K, B0H156VWJS, B0CF1M7JX3, B0F26G7B97, B0CFDVBKV3, B0D987XL21, B0CF542F26, B0DL28YQ2Y, B0CZ33P3F4, B0DJSTRVQY, B0CBS8T2XM, B0H1R6BJT7, B0DJ8DQCNW, B0DF1WH5PK, B0CRY941PR, B0DF2CBFTG, B0F58ZVR9W, B0D3X32S61, B0DNYTNLRK, B0CRYNWCYN, B0CTC6X36L, B0H1RMFTPR, B0CB69G3YL, B0CB66BZGX, B0DK8BJRTN, B0DK8BTMM6, B0DNYTT428, B0DM8X1CN9, B0BJF22458, B0CP91JFSW, B0DHKTKC1Z, B0BZH11C5M, B0DPQD4F25, B0CB7L9DS8, B0C7BMDLDS, B0BJDN32XH, B0DK8DPZ9L, B0F3HXMN5R, B0BMQF12FT, B0BR37XSKY, B0BJV6MTCV, B0DHBZKF56, B0BMQGC21Q, B0CB7J4JCQ, B0CGNC77LH, B0F26BV614, B0CBC11Z6H, B0D78DMDP2, B0D97ZP825, B0H1RBQVQJ, B0BR399CQ1, B0CRH8GQ13, B0D1BGVGPH, B0BMQF941J, B0BNPY64P3, B0CBJLCPQ8, B0BJDMHR52, B0BJVBR9PK, B0C5ZPMCFY, B0F599H4BH, B0BJQ3FBNG, B0F2M63XLL, B0CSW3QBM1, B0CP92LRJ2, B0GY4NQ67Y, B0DKXTBGHR, B0BJKNJCT8, B0BMQGG7Q6, B0DK11MMG3, B0BK4HH1CV, B0C7CNNNCH, B0BZHJ54GJ, B0CGD8YMJD, B0C7C22FB1, B0C7C2R9J9, B0CLNV2132, B0BJZRY25F, B0CGNC51LJ, B0BMQFJ9MN, B0D8773WKW, B0BNPY4CYJ, B0DJXZNV89, B0BNPYB8T7, B0C7CPJS8V, B0D3X277NN, B0CGWG4344, B0CRH63H3P, B0D98932Q5, B0CBS7W3J4, B0DL2K7MWC, B0BZHKGV8J, B0BJZTXXKF, B0D78D963K, B0DHCQ9CW6, B0BJDWH27J, B0DK6R5TZF, B0F5PV3ZDH, B0DJXT4TGJ, B0C5ZSZTMN, B0DHH31LYN, B0CZ6FJJQ9, B0CF53F331, B0C7C6JGG9, B0DHBXSCXM, B0D9847S5X, B0DM8ZVRGM, B0H1RC1J8R, B0BR39MF6R, B0DCVN9PML, B0D93ZW18D, B0F1N7GQRF, B0BJJMVSYD, B0CWN2PV3C, B0CFQWB1QQ, B0DK5CBQGL, B0CRYHGDRF, B0BN56VSJB, B0DK6QP4CL, B0DKXMGMHB, B0CFQY3RG4, B0GY4BN45Y, B0DF23W56V, B0F5VBT7CL, B0DK5BH26D, B0F2H4TS1X, B0DDBN3T8Q, B0F3J86KCG, B0DF2C3YBC, B0F3J5J2LH, B0BJZVB7TP, B0CF59RBD1, B0CWGSXZZ3, B0DF2462Y5, B0CKP5HMM6]",amzn1.campaign.2H87PAEWL6R75,10%佣金，销量前100ASIN,BELLA BARNETT,2026-08-01,2026-09-30,10.00%,5000.0,4775.2,32,800,false
"[B0H1KK8RGF, B0H1K64J75, B0H1KM9M32, B0H1KK9PB7, B0H1KJ8CRG, B0H1KJC5W1, B0H1KJY716, B0H1K6Z6N1, B0H1KKV6VV, B0H1KH2J86, B0H1KK937R, B0H1KMGJGW]",amzn1.campaign.1W1XPODV1MOS1,Women’s Button Down Shirt Party Dress/T-DSN-US-B0443-C-S,D-SUN,2026-07-21,2026-09-30,10.00%,5000.0,4948.9,37,800,false
"[B0G8KJPZ4X, B0DQTK11XD, B0DQTDQB2W, B0DQTBLKP7, B099F2SNTK, B096F4T83Z, B0DQ8PQQFV, B0DQSS7TZ8, B09YM6YS16, B0BWMNHTTQ, B0C4H49J7V, B096F6YSRY, B0DQSV6CK5, B0BWMNWVCZ, B0G8KCWV7Q, B0G8KCWV87, B0DQTSRQ4X, B0BWMNWJ6M, B0CX134TC9, B096F7Q9RM, B0CX1J578F, B0DQTKFP7D, B0G8KYLWVR, B0BWMNKMM4, B0BWMNGR9Z, B0CX14559R, B0CX19149C, B0BWMN94ZH, B0BWMNN34H, B0G8K37511]",amzn1.campaign.3QYG5WEGSQCSQ,Hot Deal Bikini Collection Starting At $14.99 -HY-5405,BIKINX,2026-07-21,2026-10-06,10.00%,5000.0,5000.0,69,800,false
[B0GXYXPTH9],amzn1.campaign.WY7439YZEYW1,棕色经络刷,Lihsykds,2026-07-21,2026-09-30,10.00%,50000.0,49815.44,28,800,false
"[B0GTTMCVY9, B0GTTMWH2S]",amzn1.campaign.2AVD244AAONHI,Collab: Outdoor Travel Enthusiasts. (Lanlelin Bass Boat Cover 12ft-24ft),Lanlelin,2026-07-21,2026-09-30,10.00%,5001.0,4983.3,47,800,false
"[B0H98CVV8Q, B0H45F61MW, B0H45VJN9Q, B0H45D3FD7, B0H45VDHFN, B0H98DB73J]",amzn1.campaign.4WNXRC59UUFL,M4 50%亚马逊站内联盟佣金合作,MEWANT,2026-07-21,2026-12-31,50.00%,5000.0,4910.0,38,800,false
"[B0CNVBM6QB, B0GCLLRYD1, B0G2PPKT2L, B0D22MWLW2, B0DZMVH9N3, B0CP1R3M24, B0FGJJ3L7T, B0G2PGCWZ3, B0D22MV53G, B0DKT6DY2D, B0CNT8Z1BS, B0F8QPTXXK, B0DK1L55QC, B0G2PFM3YB, B0GCLC1VY2, B0DMF8DHJK, B0GCMPWZ9C, B0DMF7MDL4, B0DMN322CM, B0D1K25WDM, B0D1K7CLLT, B0D1K7DTRB, B0F8V81XY3, B0DK1PS4WX, B0DMF6NHKJ, B0FGJFGJNV, B0CNVBJWL1, B0DT19S9DD, B0DZMT2KPY, B0CNT8G87T, B0FHQC9LBD, B0DZMXK5DV, B0CYC4CLQQ, B0FVF5NH4M, B0D22KH5D4, B0DJSBKS1V, B0G2PM7SHH, B0DKT695C8, B0DMF6WV4C, B0G2PJTQP1, B0G2PP5N6Q, B0FVF2W6MN, B0D78X9FKL, B0D795LNV5, B0DKT57ZLS, B0DK1MYRVN, B0DMN56SHL, B0FH43Y199, B0D22LZY3V, B0DKT66TYC, B0G2PZDMTQ, B0DMF7G31Z, B0FHQBPS7W, B0G2PVG6HS, B0DT197X83, B0GCM7PMHJ, B0GCM8283H, B0DK1P1115, B0DMFC5F4Z, B0FVDSRNGR, B0DMFBGY9J, B0FN7QSFZF, B0DKT7KV6H, B0DT19H3K6, B0DMND78BX, B0FVDPL2F6, B0G2PXQSD4, B0DMN31T99, B0FGJCXKQS, B0DZG8N74J, B0D2L3CC7Q, B0GCMHMWZZ, B0DKT6XPJ2, B0G2Q79PNV, B0FGJCY87X, B0DMF6XR7F, B0DZFL4BJ4, B0CYC2R63B, B0G2PLRGG4, B0FN7QFCQ1, B0CYBMK8RR, B0DT15RM7D, B0FHQFT15G, B0CP1RBF44, B0DMN5NPYT, B0DK1L4GCD, B0DMFB3LMK, B0DMF6QQ18, B0CYC498B2, B0FVDQ8WKK, B0DK1PGT6R, B0F8QQ613C, B0DK1NDWTS, B0FGJFF8K5, B0FGJFF8K3, B0F18WWV8R, B0F8VPNRVQ, B0DK1PG3ND, B0FH42Z7BW, B0FH4252P6, B0D2L1VRWB, B0G2PN49DQ, B0G2PZR51W, B0DMN8CSD3, B0G2PP8XFC, B0DMFBJN5F, B0DMN3T6K3, B0G2PHXNSG, B0DMFCFGHP, B0FVF2N9QF, B0FVDT6TXK, B0DKT6S6TH, B0CP1S538Q, B0G2PM9T87, B0DKT5CYLT, B0F8QP292B, B0DMF42VTQ, B0FN7RG947, B0DT15GYQT, B0G2Q1HBFL, B0CNV7SCJD, B0G2PWPX8V, B0G2PRDMDS, B0DKT7JQTC, B0GCLLNGVN, B0G2PJ9VCZ, B0DMN4L5SR, B0D791LCFC, B0DMF96BC6, B0CNT9KFX9, B0DKT5GFB2, B0G2NVMFYW, B0GCMJQDK5, B0DKT682SF, B0DMN44P7S, B0CYC3MWJH, B0CNT938BP, B0FGJCWYRS, B0DMF899P1, B0G2Q4Q5TJ, B0G2PPCMRJ, B0CYC65DGH, B0D2L3V73F, B0DMN5G7RB, B0DMN4K277, B0G2P831ND, B0G2Q4T1R9, B0D2L2DC5D, B0DT1939JR, B0FGJ78NXZ, B0G2QDMWZK, B0CYC2HL14, B0DT1CYWXC, B0F8TYLWNB, B0DZGCXKQR, B0CYBMMZH6, B0FVDC7PNN, B0DKT61V62, B0GCLBQX11, B0D1K5JZGK, B0FVD6KBYZ, B0G2PJY4R6, B0DMN5FGCK, B0FGJCD7YV]",amzn1.campaign.1H8MHY2U7GKF6,"Bestsellers | 10% Off – Waist Chains, Backpacks, Clear Bags  All You Want！！！",NEOREAL,2026-07-21,2026-10-12,10.00%,5000.0,5000.0,83,800,false
"[B094C1DMZS, B0GHR4LPPQ, B0GHR4DWMY, B0CWQYD15Z, B0CWR1R93P, B0GHQQG46L, B0GHQQSS3Z, B0GHR1TG7V, B07VWJ9F4F, B0GHQVGCSL, B094C74RJF, B0GHQZBZZ6, B094CB9K84, B07TB4D94B, B0B214G8B8, B08DXJ64VV, B0CWR2BDYH, B07TB38Q91, B094BYRPS8, B0B216KD4N, B0CWQYMDP3, B0CXPD5WKZ, B095JYVGC6, B0B215KJJ8, B0CWRHXCVT, B07VXG58C9, B0CWQXWPZM, B0B214TQ4K, B093Q1YPXR, B0GHQZC9RH, B0GHQTS188, B0CXPB46Q7, B0GHQTDWPG, B0822LDN1X, B094C7544J, B0CWR1R9C4, B0CXP9GKMK, B07VWHM42C, B0GHQP8S4S, B0GHR16V51, B0CXNTHX96, B08CH25151, B09B1RFX27, B07VYJYNR4, B0GHR2ZS61, B0GHQTW6Z7, B0CXP71KTQ, B07TB7GS3H, B094C8KCYP, B0CXP12VZQ, B07T83G7R1, B0B2177STQ]",amzn1.campaign.1003M5J3MQMOZ,15% | Hixiaohe  Classic Denim Jacket  (200319),Hixiaohe,2026-07-21,2027-07-19,15.00%,10000.0,10000.0,20,800,false
"[B0CNVBM6QB, B0GCLLRYD1, B0G2PPKT2L, B0D22MWLW2, B0DZMVH9N3, B0CP1R3M24, B0FGJJ3L7T, B0G2PGCWZ3, B0D22MV53G, B0DKT6DY2D, B0CNT8Z1BS, B0F8QPTXXK, B0DK1L55QC, B0G2PFM3YB, B0GCLC1VY2, B0DMF8DHJK, B0GCMPWZ9C, B0DMF7MDL4, B0DMN322CM, B0D1K25WDM, B0D1K7CLLT, B0D1K7DTRB, B0F8V81XY3, B0DK1PS4WX, B0DMF6NHKJ, B0FGJFGJNV, B0CNVBJWL1, B0DT19S9DD, B0DZMT2KPY, B0CNT8G87T, B0FHQC9LBD, B0DZMXK5DV, B0CYC4CLQQ, B0FVF5NH4M, B0D22KH5D4, B0DJSBKS1V, B0G2PM7SHH, B0DKT695C8, B0DMF6WV4C, B0G2PJTQP1, B0G2PP5N6Q, B0FVF2W6MN, B0D78X9FKL, B0D795LNV5, B0DKT57ZLS, B0DK1MYRVN, B0DMN56SHL, B0FH43Y199, B0D22LZY3V, B0DKT66TYC, B0G2PZDMTQ, B0DMF7G31Z, B0FHQBPS7W, B0G2PVG6HS, B0DT197X83, B0GCM7PMHJ, B0GCM8283H, B0DK1P1115, B0DMFC5F4Z, B0FVDSRNGR, B0DMFBGY9J, B0FN7QSFZF, B0DKT7KV6H, B0DT19H3K6, B0DMND78BX, B0FVDPL2F6, B0G2PXQSD4, B0DMN31T99, B0FGJCXKQS, B0DZG8N74J, B0D2L3CC7Q, B0GCMHMWZZ, B0DKT6XPJ2, B0G2Q79PNV, B0FGJCY87X, B0DMF6XR7F, B0DZFL4BJ4, B0CYC2R63B, B0G2PLRGG4, B0FN7QFCQ1, B0CYBMK8RR, B0DT15RM7D, B0FHQFT15G, B0CP1RBF44, B0DMN5NPYT, B0DK1L4GCD, B0DMFB3LMK, B0DMF6QQ18, B0CYC498B2, B0FVDQ8WKK, B0DK1PGT6R, B0F8QQ613C, B0DK1NDWTS, B0FGJFF8K5, B0FGJFF8K3, B0F18WWV8R, B0F8VPNRVQ, B0DK1PG3ND, B0FH42Z7BW, B0FH4252P6, B0D2L1VRWB, B0G2PN49DQ, B0G2PZR51W, B0DMN8CSD3, B0G2PP8XFC, B0DMFBJN5F, B0DMN3T6K3, B0G2PHXNSG, B0DMFCFGHP, B0FVF2N9QF, B0FVDT6TXK, B0DKT6S6TH, B0CP1S538Q, B0G2PM9T87, B0DKT5CYLT, B0F8QP292B, B0DMF42VTQ, B0FN7RG947, B0DT15GYQT, B0G2Q1HBFL, B0CNV7SCJD, B0G2PWPX8V, B0G2PRDMDS, B0DKT7JQTC, B0GCLLNGVN, B0G2PJ9VCZ, B0DMN4L5SR, B0D791LCFC, B0DMF96BC6, B0CNT9KFX9, B0DKT5GFB2, B0G2NVMFYW, B0GCMJQDK5, B0DKT682SF, B0DMN44P7S, B0CYC3MWJH, B0CNT938BP, B0FGJCWYRS, B0DMF899P1, B0G2Q4Q5TJ, B0G2PPCMRJ, B0CYC65DGH, B0D2L3V73F, B0DMN5G7RB, B0DMN4K277, B0G2P831ND, B0G2Q4T1R9, B0D2L2DC5D, B0DT1939JR, B0FGJ78NXZ, B0G2QDMWZK, B0CYC2HL14, B0DT1CYWXC, B0F8TYLWNB, B0DZGCXKQR, B0CYBMMZH6, B0FVDC7PNN, B0DKT61V62, B0GCLBQX11, B0D1K5JZGK, B0FVD6KBYZ, B0G2PJY4R6, B0DMN5FGCK, B0FGJCD7YV]",amzn1.campaign.3T2CWMJ4M4B7I,"Bestsellers | 10% Off – Waist Chains, Backpacks, Clear Bags  All You Want！！！",NEOREAL,2026-07-21,2026-10-11,10.00%,5000.0,5000.0,85,800,false
[B0GFZB4CJM],amzn1.campaign.37V7MN80TQID7,508-创作者计划,SEISSO,2026-07-21,2026-12-31,12.00%,5000.0,4988.72,45,800,false
[B0G139WDGP],amzn1.campaign.Y0U60I4R5V7I,🔥 Steam Eye Mask Warm-Up: Tired Eyes Relief Challenge 😴--ZQLS10P53,FACEMOON,2026-07-27,2026-10-30,10.00%,10000.0,10000.0,64,800,false
[B0GF1SSWNY],amzn1.campaign.XZ3CFCZWT9SH,Collaboration Opportunity: Saxitoe Mini Bullet Vibrator -  Intimate Wellness,Saxitoe,2026-07-21,2026-12-31,10.00%,5000.0,4918.5,48,800,false
"[B0CNVBM6QB, B0GCLLRYD1, B0G2PPKT2L, B0D22MWLW2, B0DZMVH9N3, B0CP1R3M24, B0FGJJ3L7T, B0G2PGCWZ3, B0D22MV53G, B0DKT6DY2D, B0CNT8Z1BS, B0F8QPTXXK, B0DK1L55QC, B0G2PFM3YB, B0GCLC1VY2, B0DMF8DHJK, B0GCMPWZ9C, B0DMF7MDL4, B0DMN322CM, B0D1K25WDM, B0D1K7CLLT, B0D1K7DTRB, B0F8V81XY3, B0DK1PS4WX, B0DMF6NHKJ, B0FGJFGJNV, B0CNVBJWL1, B0DT19S9DD, B0DZMT2KPY, B0CNT8G87T, B0FHQC9LBD, B0DZMXK5DV, B0CYC4CLQQ, B0FVF5NH4M, B0D22KH5D4, B0DJSBKS1V, B0G2PM7SHH, B0DKT695C8, B0DMF6WV4C, B0G2PJTQP1, B0G2PP5N6Q, B0FVF2W6MN, B0D78X9FKL, B0D795LNV5, B0DKT57ZLS, B0DK1MYRVN, B0DMN56SHL, B0FH43Y199, B0D22LZY3V, B0DKT66TYC, B0G2PZDMTQ, B0DMF7G31Z, B0FHQBPS7W, B0G2PVG6HS, B0DT197X83, B0GCM7PMHJ, B0GCM8283H, B0DK1P1115, B0DMFC5F4Z, B0FVDSRNGR, B0DMFBGY9J, B0FN7QSFZF, B0DKT7KV6H, B0DT19H3K6, B0DMND78BX, B0FVDPL2F6, B0G2PXQSD4, B0DMN31T99, B0FGJCXKQS, B0DZG8N74J, B0D2L3CC7Q, B0GCMHMWZZ, B0DKT6XPJ2, B0G2Q79PNV, B0FGJCY87X, B0DMF6XR7F, B0DZFL4BJ4, B0CYC2R63B, B0G2PLRGG4, B0FN7QFCQ1, B0CYBMK8RR, B0DT15RM7D, B0FHQFT15G, B0CP1RBF44, B0DMN5NPYT, B0DK1L4GCD, B0DMFB3LMK, B0DMF6QQ18, B0CYC498B2, B0FVDQ8WKK, B0DK1PGT6R, B0F8QQ613C, B0DK1NDWTS, B0FGJFF8K5, B0FGJFF8K3, B0F18WWV8R, B0F8VPNRVQ, B0DK1PG3ND, B0FH42Z7BW, B0FH4252P6, B0D2L1VRWB, B0G2PN49DQ, B0G2PZR51W, B0DMN8CSD3, B0G2PP8XFC, B0DMFBJN5F, B0DMN3T6K3, B0G2PHXNSG, B0DMFCFGHP, B0FVF2N9QF, B0FVDT6TXK, B0DKT6S6TH, B0CP1S538Q, B0G2PM9T87, B0DKT5CYLT, B0F8QP292B, B0DMF42VTQ, B0FN7RG947, B0DT15GYQT, B0G2Q1HBFL, B0CNV7SCJD, B0G2PWPX8V, B0G2PRDMDS, B0DKT7JQTC, B0GCLLNGVN, B0G2PJ9VCZ, B0DMN4L5SR, B0D791LCFC, B0DMF96BC6, B0CNT9KFX9, B0DKT5GFB2, B0G2NVMFYW, B0GCMJQDK5, B0DKT682SF, B0DMN44P7S, B0CYC3MWJH, B0CNT938BP, B0FGJCWYRS, B0DMF899P1, B0G2Q4Q5TJ, B0G2PPCMRJ, B0CYC65DGH, B0D2L3V73F, B0DMN5G7RB, B0DMN4K277, B0G2P831ND, B0G2Q4T1R9, B0D2L2DC5D, B0DT1939JR, B0FGJ78NXZ, B0G2QDMWZK, B0CYC2HL14, B0DT1CYWXC, B0F8TYLWNB, B0DZGCXKQR, B0CYBMMZH6, B0FVDC7PNN, B0DKT61V62, B0GCLBQX11, B0D1K5JZGK, B0FVD6KBYZ, B0G2PJY4R6, B0DMN5FGCK, B0FGJCD7YV]",amzn1.campaign.DKXB69HTOXPL,"Bestsellers | 10% Off – Waist Chains, Backpacks, Clear Bags  All You Want！！！",NEOREAL,2026-07-21,2026-10-10,10.00%,5000.0,5000.0,87,800,false
[B0H4TXDFVS],amzn1.campaign.1LZ1VEQGQKO4S,"Blue Vibrating Teether for Baby, Vibrating Sensory Chew Toy for Toddler",MBVㅤ,2026-07-21,2026-10-31,10.00%,5000.0,4991.67,45,800,false
"[B0CNVBM6QB, B0GCLLRYD1, B0G2PPKT2L, B0D22MWLW2, B0DZMVH9N3, B0CP1R3M24, B0FGJJ3L7T, B0G2PGCWZ3, B0D22MV53G, B0DKT6DY2D, B0CNT8Z1BS, B0F8QPTXXK, B0DK1L55QC, B0G2PFM3YB, B0GCLC1VY2, B0DMF8DHJK, B0GCMPWZ9C, B0DMF7MDL4, B0DMN322CM, B0D1K25WDM, B0D1K7CLLT, B0D1K7DTRB, B0F8V81XY3, B0DK1PS4WX, B0DMF6NHKJ, B0FGJFGJNV, B0CNVBJWL1, B0DT19S9DD, B0DZMT2KPY, B0CNT8G87T, B0FHQC9LBD, B0DZMXK5DV, B0CYC4CLQQ, B0FVF5NH4M, B0D22KH5D4, B0DJSBKS1V, B0G2PM7SHH, B0DKT695C8, B0DMF6WV4C, B0G2PJTQP1, B0G2PP5N6Q, B0FVF2W6MN, B0D78X9FKL, B0D795LNV5, B0DKT57ZLS, B0DK1MYRVN, B0DMN56SHL, B0FH43Y199, B0D22LZY3V, B0DKT66TYC, B0G2PZDMTQ, B0DMF7G31Z, B0FHQBPS7W, B0G2PVG6HS, B0DT197X83, B0GCM7PMHJ, B0GCM8283H, B0DK1P1115, B0DMFC5F4Z, B0FVDSRNGR, B0DMFBGY9J, B0FN7QSFZF, B0DKT7KV6H, B0DT19H3K6, B0DMND78BX, B0FVDPL2F6, B0G2PXQSD4, B0DMN31T99, B0FGJCXKQS, B0DZG8N74J, B0D2L3CC7Q, B0GCMHMWZZ, B0DKT6XPJ2, B0G2Q79PNV, B0FGJCY87X, B0DMF6XR7F, B0DZFL4BJ4, B0CYC2R63B, B0G2PLRGG4, B0FN7QFCQ1, B0CYBMK8RR, B0DT15RM7D, B0FHQFT15G, B0CP1RBF44, B0DMN5NPYT, B0DK1L4GCD, B0DMFB3LMK, B0DMF6QQ18, B0CYC498B2, B0FVDQ8WKK, B0DK1PGT6R, B0F8QQ613C, B0DK1NDWTS, B0FGJFF8K5, B0FGJFF8K3, B0F18WWV8R, B0F8VPNRVQ, B0DK1PG3ND, B0FH42Z7BW, B0FH4252P6, B0D2L1VRWB, B0G2PN49DQ, B0G2PZR51W, B0DMN8CSD3, B0G2PP8XFC, B0DMFBJN5F, B0DMN3T6K3, B0G2PHXNSG, B0DMFCFGHP, B0FVF2N9QF, B0FVDT6TXK, B0DKT6S6TH, B0CP1S538Q, B0G2PM9T87, B0DKT5CYLT, B0F8QP292B, B0DMF42VTQ, B0FN7RG947, B0DT15GYQT, B0G2Q1HBFL, B0CNV7SCJD, B0G2PWPX8V, B0G2PRDMDS, B0DKT7JQTC, B0GCLLNGVN, B0G2PJ9VCZ, B0DMN4L5SR, B0D791LCFC, B0DMF96BC6, B0CNT9KFX9, B0DKT5GFB2, B0G2NVMFYW, B0GCMJQDK5, B0DKT682SF, B0DMN44P7S, B0CYC3MWJH, B0CNT938BP, B0FGJCWYRS, B0DMF899P1, B0G2Q4Q5TJ, B0G2PPCMRJ, B0CYC65DGH, B0D2L3V73F, B0DMN5G7RB, B0DMN4K277, B0G2P831ND, B0G2Q4T1R9, B0D2L2DC5D, B0DT1939JR, B0FGJ78NXZ, B0G2QDMWZK, B0CYC2HL14, B0DT1CYWXC, B0F8TYLWNB, B0DZGCXKQR, B0CYBMMZH6, B0FVDC7PNN, B0DKT61V62, B0GCLBQX11, B0D1K5JZGK, B0FVD6KBYZ, B0G2PJY4R6, B0DMN5FGCK, B0FGJCD7YV]",amzn1.campaign.2DE3M46WQR4QS,"Bestsellers | 10% Off – Waist Chains, Backpacks, Clear Bags  All You Want！！！",NEOREAL,2026-07-21,2026-10-09,10.00%,5000.0,5000.0,86,800,false
"[B094C1DMZS, B0GHR4LPPQ, B0GHR4DWMY, B0CWQYD15Z, B0CWR1R93P, B0GHQQG46L, B0GHQQSS3Z, B0GHR1TG7V, B07VWJ9F4F, B0GHQVGCSL, B094C74RJF, B0GHQZBZZ6, B094CB9K84, B07TB4D94B, B0B214G8B8, B08DXJ64VV, B0CWR2BDYH, B07TB38Q91, B094BYRPS8, B0B216KD4N, B0CWQYMDP3, B0CXPD5WKZ, B095JYVGC6, B0B215KJJ8, B0CWRHXCVT, B07VXG58C9, B0CWQXWPZM, B0B214TQ4K, B093Q1YPXR, B0GHQZC9RH, B0GHQTS188, B0CXPB46Q7, B0GHQTDWPG, B0822LDN1X, B094C7544J, B0CWR1R9C4, B0CXP9GKMK, B07VWHM42C, B0GHQP8S4S, B0GHR16V51, B0CXNTHX96, B08CH25151, B09B1RFX27, B07VYJYNR4, B0GHR2ZS61, B0GHQTW6Z7, B0CXP71KTQ, B07TB7GS3H, B094C8KCYP, B0CXP12VZQ, B07T83G7R1, B0B2177STQ]",amzn1.campaign.26C1ACVEMVMRV,"15% | Hixiaohe  Classic Denim Jacket, on Sale (200319)",Hixiaohe,2026-07-21,2027-07-21,15.00%,10000.0,10000.0,21,800,false
"[B0H111CSF8, B0GZZVYXP7, B0H112JB5S, B0GZZTZYGP, B0GZZX66K7, B0GZZQYRVB, B0GZZVYR5G, B0GZZRNMC9, B0GZZXYBSB, B0H113Q284, B0GZZW82BW, B0GZZVTBLR, B0H1111TGL, B0GZZSBM85, B0GZZRCS1X, B0GZZZH2RJ, B0GZZWS52P, B0GZZVTY2Y, B0GZZZM3CH, B0GZZRHXSC, B0GZZZ4S2F, B0GZZWXC2Z, B0GZZRM1MM, B0H111XG6M, B0H113LPKH, B0GZZW8XPV, B0GZZRQP4K, B0GZZX1Y98, B0GZZS7B1Q, B0H1113ZNL, B0H112SB82, B0GZZXS67D, B0GZZX1MS7, B0GZZXS67C, B0H1124D4D, B0GZZQSLD5, B0GZZZDG3Z, B0GZZRTVNN, B0GZZYPNSJ, B0GZZW88Q1]",amzn1.campaign.IU79B0LUDCJD,10% commission-THANTH Womens Bell Long Sleeve Shirts with Built-in Bra,THANTH,2026-07-21,2026-10-15,10.00%,5000.0,4931.0,22,800,false
"[B0GTQ71FLQ, B0GTQFYZB8]",amzn1.campaign.34KI7U78IWNRT,Missleep Cervical Neck Pillow Designed for Healthier Sleep Moments,Missleep,2026-07-21,2026-12-05,15.00%,50000.0,50000.0,13,800,false
"[B0CNVBM6QB, B0GCLLRYD1, B0G2PPKT2L, B0D22MWLW2, B0DZMVH9N3, B0CP1R3M24, B0FGJJ3L7T, B0G2PGCWZ3, B0D22MV53G, B0DKT6DY2D, B0CNT8Z1BS, B0F8QPTXXK, B0DK1L55QC, B0G2PFM3YB, B0GCLC1VY2, B0DMF8DHJK, B0GCMPWZ9C, B0DMF7MDL4, B0DMN322CM, B0D1K25WDM, B0D1K7CLLT, B0D1K7DTRB, B0F8V81XY3, B0DK1PS4WX, B0DMF6NHKJ, B0FGJFGJNV, B0CNVBJWL1, B0DT19S9DD, B0DZMT2KPY, B0CNT8G87T, B0FHQC9LBD, B0DZMXK5DV, B0CYC4CLQQ, B0FVF5NH4M, B0D22KH5D4, B0DJSBKS1V, B0G2PM7SHH, B0DKT695C8, B0DMF6WV4C, B0G2PJTQP1, B0G2PP5N6Q, B0FVF2W6MN, B0D78X9FKL, B0D795LNV5, B0DKT57ZLS, B0DK1MYRVN, B0DMN56SHL, B0FH43Y199, B0D22LZY3V, B0DKT66TYC, B0G2PZDMTQ, B0DMF7G31Z, B0FHQBPS7W, B0G2PVG6HS, B0DT197X83, B0GCM7PMHJ, B0GCM8283H, B0DK1P1115, B0DMFC5F4Z, B0FVDSRNGR, B0DMFBGY9J, B0FN7QSFZF, B0DKT7KV6H, B0DT19H3K6, B0DMND78BX, B0FVDPL2F6, B0G2PXQSD4, B0DMN31T99, B0FGJCXKQS, B0DZG8N74J, B0D2L3CC7Q, B0GCMHMWZZ, B0DKT6XPJ2, B0G2Q79PNV, B0FGJCY87X, B0DMF6XR7F, B0DZFL4BJ4, B0CYC2R63B, B0G2PLRGG4, B0FN7QFCQ1, B0CYBMK8RR, B0DT15RM7D, B0FHQFT15G, B0CP1RBF44, B0DMN5NPYT, B0DK1L4GCD, B0DMFB3LMK, B0DMF6QQ18, B0CYC498B2, B0FVDQ8WKK, B0DK1PGT6R, B0F8QQ613C, B0DK1NDWTS, B0FGJFF8K5, B0FGJFF8K3, B0F18WWV8R, B0F8VPNRVQ, B0DK1PG3ND, B0FH42Z7BW, B0FH4252P6, B0D2L1VRWB, B0G2PN49DQ, B0G2PZR51W, B0DMN8CSD3, B0G2PP8XFC, B0DMFBJN5F, B0DMN3T6K3, B0G2PHXNSG, B0DMFCFGHP, B0FVF2N9QF, B0FVDT6TXK, B0DKT6S6TH, B0CP1S538Q, B0G2PM9T87, B0DKT5CYLT, B0F8QP292B, B0DMF42VTQ, B0FN7RG947, B0DT15GYQT, B0G2Q1HBFL, B0CNV7SCJD, B0G2PWPX8V, B0G2PRDMDS, B0DKT7JQTC, B0GCLLNGVN, B0G2PJ9VCZ, B0DMN4L5SR, B0D791LCFC, B0DMF96BC6, B0CNT9KFX9, B0DKT5GFB2, B0G2NVMFYW, B0GCMJQDK5, B0DKT682SF, B0DMN44P7S, B0CYC3MWJH, B0CNT938BP, B0FGJCWYRS, B0DMF899P1, B0G2Q4Q5TJ, B0G2PPCMRJ, B0CYC65DGH, B0D2L3V73F, B0DMN5G7RB, B0DMN4K277, B0G2P831ND, B0G2Q4T1R9, B0D2L2DC5D, B0DT1939JR, B0FGJ78NXZ, B0G2QDMWZK, B0CYC2HL14, B0DT1CYWXC, B0F8TYLWNB, B0DZGCXKQR, B0CYBMMZH6, B0FVDC7PNN, B0DKT61V62, B0GCLBQX11, B0D1K5JZGK, B0FVD6KBYZ, B0G2PJY4R6, B0DMN5FGCK, B0FGJCD7YV]",amzn1.campaign.2D01Z3EOD9QYB,"Bestsellers | 10% Off – Waist Chains, Backpacks, Clear Bags  All You Want！！！",NEOREAL,2026-07-21,2026-10-08,10.00%,5000.0,5000.0,85,800,false
"[B0G8KJPZ4X, B0DQTK11XD, B0DQTDQB2W, B0DQTBLKP7, B099F2SNTK, B096F4T83Z, B0DQ8PQQFV, B0DQSS7TZ8, B09YM6YS16, B0BWMNHTTQ, B0C4H49J7V, B096F6YSRY, B0DQSV6CK5, B0BWMNWVCZ, B0G8KCWV7Q, B0G8KCWV87, B0DQTSRQ4X, B0BWMNWJ6M, B0CX134TC9, B096F7Q9RM, B0CX1J578F, B0DQTKFP7D, B0G8KYLWVR, B0BWMNKMM4, B0BWMNGR9Z, B0CX14559R, B0CX19149C, B0BWMN94ZH, B0BWMNN34H, B0G8K37511]",amzn1.campaign.1M5IH0FRRFWSR,Summer Swimwear Special Save 55% Now -HY-5405,BIKINX,2026-07-21,2026-10-05,10.00%,5000.0,5000.0,65,800,false
"[B0C6GC9F1K, B0C6GFJTWX, B0882J1Q6K, B0882M6QYD, B0B8ZNQZ38, B0C6GCXC9S, B0BZRTR9CQ, B0GGRL33R7, B0882YL878, B08835ZPJT]",amzn1.campaign.2SO6IHG17TU5O,"Unisex Belt: Lightweight Canvas, Plastic Clip Buckle, No‑Hole (B090)",XZQTIVE,2026-07-22,2026-11-30,10.00%,5000.0,5000.0,62,800,false
[B0H7526ZFJ],amzn1.campaign.3SKL07AD7DN0O,"75kPa Compact Vacuum Sealer for Food, 4-in-1, with 20 Vacuum Bags, Black",LSA Apparel,2026-07-21,2026-09-30,10.00%,5000.0,4976.7,0,800,false
"[B0CNVBM6QB, B0GCLLRYD1, B0G2PPKT2L, B0D22MWLW2, B0DZMVH9N3, B0CP1R3M24, B0FGJJ3L7T, B0G2PGCWZ3, B0D22MV53G, B0DKT6DY2D, B0CNT8Z1BS, B0F8QPTXXK, B0DK1L55QC, B0G2PFM3YB, B0GCLC1VY2, B0DMF8DHJK, B0GCMPWZ9C, B0DMF7MDL4, B0DMN322CM, B0D1K25WDM, B0D1K7CLLT, B0D1K7DTRB, B0F8V81XY3, B0DK1PS4WX, B0DMF6NHKJ, B0FGJFGJNV, B0CNVBJWL1, B0DT19S9DD, B0DZMT2KPY, B0CNT8G87T, B0FHQC9LBD, B0DZMXK5DV, B0CYC4CLQQ, B0FVF5NH4M, B0D22KH5D4, B0DJSBKS1V, B0G2PM7SHH, B0DKT695C8, B0DMF6WV4C, B0G2PJTQP1, B0G2PP5N6Q, B0FVF2W6MN, B0D78X9FKL, B0D795LNV5, B0DKT57ZLS, B0DK1MYRVN, B0DMN56SHL, B0FH43Y199, B0D22LZY3V, B0DKT66TYC, B0G2PZDMTQ, B0DMF7G31Z, B0FHQBPS7W, B0G2PVG6HS, B0DT197X83, B0GCM7PMHJ, B0GCM8283H, B0DK1P1115, B0DMFC5F4Z, B0FVDSRNGR, B0DMFBGY9J, B0FN7QSFZF, B0DKT7KV6H, B0DT19H3K6, B0DMND78BX, B0FVDPL2F6, B0G2PXQSD4, B0DMN31T99, B0FGJCXKQS, B0DZG8N74J, B0D2L3CC7Q, B0GCMHMWZZ, B0DKT6XPJ2, B0G2Q79PNV, B0FGJCY87X, B0DMF6XR7F, B0DZFL4BJ4, B0CYC2R63B, B0G2PLRGG4, B0FN7QFCQ1, B0CYBMK8RR, B0DT15RM7D, B0FHQFT15G, B0CP1RBF44, B0DMN5NPYT, B0DK1L4GCD, B0DMFB3LMK, B0DMF6QQ18, B0CYC498B2, B0FVDQ8WKK, B0DK1PGT6R, B0F8QQ613C, B0DK1NDWTS, B0FGJFF8K5, B0FGJFF8K3, B0F18WWV8R, B0F8VPNRVQ, B0DK1PG3ND, B0FH42Z7BW, B0FH4252P6, B0D2L1VRWB, B0G2PN49DQ, B0G2PZR51W, B0DMN8CSD3, B0G2PP8XFC, B0DMFBJN5F, B0DMN3T6K3, B0G2PHXNSG, B0DMFCFGHP, B0FVF2N9QF, B0FVDT6TXK, B0DKT6S6TH, B0CP1S538Q, B0G2PM9T87, B0DKT5CYLT, B0F8QP292B, B0DMF42VTQ, B0FN7RG947, B0DT15GYQT, B0G2Q1HBFL, B0CNV7SCJD, B0G2PWPX8V, B0G2PRDMDS, B0DKT7JQTC, B0GCLLNGVN, B0G2PJ9VCZ, B0DMN4L5SR, B0D791LCFC, B0DMF96BC6, B0CNT9KFX9, B0DKT5GFB2, B0G2NVMFYW, B0GCMJQDK5, B0DKT682SF, B0DMN44P7S, B0CYC3MWJH, B0CNT938BP, B0FGJCWYRS, B0DMF899P1, B0G2Q4Q5TJ, B0G2PPCMRJ, B0CYC65DGH, B0D2L3V73F, B0DMN5G7RB, B0DMN4K277, B0G2P831ND, B0G2Q4T1R9, B0D2L2DC5D, B0DT1939JR, B0FGJ78NXZ, B0G2QDMWZK, B0CYC2HL14, B0DT1CYWXC, B0F8TYLWNB, B0DZGCXKQR, B0CYBMMZH6, B0FVDC7PNN, B0DKT61V62, B0GCLBQX11, B0D1K5JZGK, B0FVD6KBYZ, B0G2PJY4R6, B0DMN5FGCK, B0FGJCD7YV]",amzn1.campaign.3IV7VHWJMW7LP,"Bestsellers | 10% Off – Waist Chains, Backpacks, Clear Bags  All You Want！！！",NEOREAL,2026-07-21,2026-10-07,10.00%,5000.0,5000.0,86,800,false
"[B0CMLN2C2L, B07FTBDDR7, B0D4V9L9ZJ, B095ST5JJX, B0F9YC7LCD, B095SQXWCM, B0D4V9H8CK, B07FT3HW8R, B07FT62GF7, B07FT7VT51, B07FTDMP9G, B0CHJGK6F3, B09X61DLP3, B0CZ41HFXX, B0D4V9XLY4, B09PNPYNBX, B0DG2LSSC8, B089W8K97G, B07FSZ7YWF, B0F9YCFQX7, B0BR132Y7Y, B089W8JNPG, B07FT6TY8C, B0D4VC6L76, B09PNQKK2Y, B07FT91GZ1, B0F38374YG, B0D4VB7HDD, B0D4V9H746, B0CLRP4PBZ, B0D4V9K5YZ, B089W8KQXC, B0CMLQ87MV, B09YXZ18K3, B07FT8C3G2, B0G3WFBB7M, B0D4V9THL6, B0D4VDF1QC]",amzn1.campaign.38U7CLYSLM24L,MoonxHome Top-Selling Ocean Balls – A Summer Pool Essential 12%,MoonxHome,2026-07-21,2026-10-31,12.00%,5000.0,4061.14,10,800,false
"[B0H1VC2Q8H, B0H1VCF4LS, B0H1VJD8QJ, B0H1V91R38, B0H1VB11Q2, B0H1V3SDL1, B0H1V6KFTN, B0H1V9V6YY, B0H1V9SSYZ, B0H1VL2YL9, B0H1VGBNG6, B0H1V8Z9P2, B0H1VHZSV3, B0H1V7CGMV, B0H1V9NHGZ, B0H1V7CC9G, B0H1VC7LB8, B0H1VBPHF9, B0H1V8T9MJ, B0H1V74KQ6, B0H1VB6LTB, B0H1V9VHQZ, B0H1V73T7L, B0H1VCD4QN, B0H1V9WF9V, B0H1V9PH8L, B0H1V3SMK5, B0H1VBP96W, B0H1VH9R1Q, B0H1V3Q5QY]",amzn1.campaign.2JSOFFCCO0WY0,RE-xLgirlbodysuit,Renotemy,2026-07-21,2026-10-31,10.00%,5000.0,4986.68,50,800,false
[B0GX1348H2],amzn1.campaign.575DOE6N868O,Breast Cancer Awareness Large Cheer Bows,CN,2026-07-21,2027-02-28,10.00%,5000.0,4998.6,51,800,false
"[B0CNVBM6QB, B0GCLLRYD1, B0G2PPKT2L, B0D22MWLW2, B0DZMVH9N3, B0CP1R3M24, B0FGJJ3L7T, B0G2PGCWZ3, B0D22MV53G, B0DKT6DY2D, B0CNT8Z1BS, B0F8QPTXXK, B0DK1L55QC, B0G2PFM3YB, B0GCLC1VY2, B0DMF8DHJK, B0GCMPWZ9C, B0DMF7MDL4, B0DMN322CM, B0D1K25WDM, B0D1K7CLLT, B0D1K7DTRB, B0F8V81XY3, B0DK1PS4WX, B0DMF6NHKJ, B0FGJFGJNV, B0CNVBJWL1, B0DT19S9DD, B0DZMT2KPY, B0CNT8G87T, B0FHQC9LBD, B0DZMXK5DV, B0CYC4CLQQ, B0FVF5NH4M, B0D22KH5D4, B0DJSBKS1V, B0G2PM7SHH, B0DKT695C8, B0DMF6WV4C, B0G2PJTQP1, B0G2PP5N6Q, B0FVF2W6MN, B0D78X9FKL, B0D795LNV5, B0DKT57ZLS, B0DK1MYRVN, B0DMN56SHL, B0FH43Y199, B0D22LZY3V, B0DKT66TYC, B0G2PZDMTQ, B0DMF7G31Z, B0FHQBPS7W, B0G2PVG6HS, B0DT197X83, B0GCM7PMHJ, B0GCM8283H, B0DK1P1115, B0DMFC5F4Z, B0FVDSRNGR, B0DMFBGY9J, B0FN7QSFZF, B0DKT7KV6H, B0DT19H3K6, B0DMND78BX, B0FVDPL2F6, B0G2PXQSD4, B0DMN31T99, B0FGJCXKQS, B0DZG8N74J, B0D2L3CC7Q, B0GCMHMWZZ, B0DKT6XPJ2, B0G2Q79PNV, B0FGJCY87X, B0DMF6XR7F, B0DZFL4BJ4, B0CYC2R63B, B0G2PLRGG4, B0FN7QFCQ1, B0CYBMK8RR, B0DT15RM7D, B0FHQFT15G, B0CP1RBF44, B0DMN5NPYT, B0DK1L4GCD, B0DMFB3LMK, B0DMF6QQ18, B0CYC498B2, B0FVDQ8WKK, B0DK1PGT6R, B0F8QQ613C, B0DK1NDWTS, B0FGJFF8K5, B0FGJFF8K3, B0F18WWV8R, B0F8VPNRVQ, B0DK1PG3ND, B0FH42Z7BW, B0FH4252P6, B0D2L1VRWB, B0G2PN49DQ, B0G2PZR51W, B0DMN8CSD3, B0G2PP8XFC, B0DMFBJN5F, B0DMN3T6K3, B0G2PHXNSG, B0DMFCFGHP, B0FVF2N9QF, B0FVDT6TXK, B0DKT6S6TH, B0CP1S538Q, B0G2PM9T87, B0DKT5CYLT, B0F8QP292B, B0DMF42VTQ, B0FN7RG947, B0DT15GYQT, B0G2Q1HBFL, B0CNV7SCJD, B0G2PWPX8V, B0G2PRDMDS, B0DKT7JQTC, B0GCLLNGVN, B0G2PJ9VCZ, B0DMN4L5SR, B0D791LCFC, B0DMF96BC6, B0CNT9KFX9, B0DKT5GFB2, B0G2NVMFYW, B0GCMJQDK5, B0DKT682SF, B0DMN44P7S, B0CYC3MWJH, B0CNT938BP, B0FGJCWYRS, B0DMF899P1, B0G2Q4Q5TJ, B0G2PPCMRJ, B0CYC65DGH, B0D2L3V73F, B0DMN5G7RB, B0DMN4K277, B0G2P831ND, B0G2Q4T1R9, B0D2L2DC5D, B0DT1939JR, B0FGJ78NXZ, B0G2QDMWZK, B0CYC2HL14, B0DT1CYWXC, B0F8TYLWNB, B0DZGCXKQR, B0CYBMMZH6, B0FVDC7PNN, B0DKT61V62, B0GCLBQX11, B0D1K5JZGK, B0FVD6KBYZ, B0G2PJY4R6, B0DMN5FGCK, B0FGJCD7YV]",amzn1.campaign.1WB65TKD11G17,"Bestsellers | 10% Off – Waist Chains, Backpacks, Clear Bags  All You Want！！！",NEOREAL,2026-07-21,2026-10-06,10.00%,5000.0,5000.0,84,800,false
[B0G139WDGP],amzn1.campaign.22P37PJUBELMA,🌙 Steam Eye Mask Creator Night: Soothe & Snooze 😌--ZQLS10P53,FACEMOON,2026-07-27,2026-10-29,10.00%,10000.0,10000.0,68,800,false
"[B0CNVBM6QB, B0GCLLRYD1, B0G2PPKT2L, B0D22MWLW2, B0DZMVH9N3, B0CP1R3M24, B0FGJJ3L7T, B0G2PGCWZ3, B0D22MV53G, B0DKT6DY2D, B0CNT8Z1BS, B0F8QPTXXK, B0DK1L55QC, B0G2PFM3YB, B0GCLC1VY2, B0DMF8DHJK, B0GCMPWZ9C, B0DMF7MDL4, B0DMN322CM, B0D1K25WDM, B0D1K7CLLT, B0D1K7DTRB, B0F8V81XY3, B0DK1PS4WX, B0DMF6NHKJ, B0FGJFGJNV, B0CNVBJWL1, B0DT19S9DD, B0DZMT2KPY, B0CNT8G87T, B0FHQC9LBD, B0DZMXK5DV, B0CYC4CLQQ, B0FVF5NH4M, B0D22KH5D4, B0DJSBKS1V, B0G2PM7SHH, B0DKT695C8, B0DMF6WV4C, B0G2PJTQP1, B0G2PP5N6Q, B0FVF2W6MN, B0D78X9FKL, B0D795LNV5, B0DKT57ZLS, B0DK1MYRVN, B0DMN56SHL, B0FH43Y199, B0D22LZY3V, B0DKT66TYC, B0G2PZDMTQ, B0DMF7G31Z, B0FHQBPS7W, B0G2PVG6HS, B0DT197X83, B0GCM7PMHJ, B0GCM8283H, B0DK1P1115, B0DMFC5F4Z, B0FVDSRNGR, B0DMFBGY9J, B0FN7QSFZF, B0DKT7KV6H, B0DT19H3K6, B0DMND78BX, B0FVDPL2F6, B0G2PXQSD4, B0DMN31T99, B0FGJCXKQS, B0DZG8N74J, B0D2L3CC7Q, B0GCMHMWZZ, B0DKT6XPJ2, B0G2Q79PNV, B0FGJCY87X, B0DMF6XR7F, B0DZFL4BJ4, B0CYC2R63B, B0G2PLRGG4, B0FN7QFCQ1, B0CYBMK8RR, B0DT15RM7D, B0FHQFT15G, B0CP1RBF44, B0DMN5NPYT, B0DK1L4GCD, B0DMFB3LMK, B0DMF6QQ18, B0CYC498B2, B0FVDQ8WKK, B0DK1PGT6R, B0F8QQ613C, B0DK1NDWTS, B0FGJFF8K5, B0FGJFF8K3, B0F18WWV8R, B0F8VPNRVQ, B0DK1PG3ND, B0FH42Z7BW, B0FH4252P6, B0D2L1VRWB, B0G2PN49DQ, B0G2PZR51W, B0DMN8CSD3, B0G2PP8XFC, B0DMFBJN5F, B0DMN3T6K3, B0G2PHXNSG, B0DMFCFGHP, B0FVF2N9QF, B0FVDT6TXK, B0DKT6S6TH, B0CP1S538Q, B0G2PM9T87, B0DKT5CYLT, B0F8QP292B, B0DMF42VTQ, B0FN7RG947, B0DT15GYQT, B0G2Q1HBFL, B0CNV7SCJD, B0G2PWPX8V, B0G2PRDMDS, B0DKT7JQTC, B0GCLLNGVN, B0G2PJ9VCZ, B0DMN4L5SR, B0D791LCFC, B0DMF96BC6, B0CNT9KFX9, B0DKT5GFB2, B0G2NVMFYW, B0GCMJQDK5, B0DKT682SF, B0DMN44P7S, B0CYC3MWJH, B0CNT938BP, B0FGJCWYRS, B0DMF899P1, B0G2Q4Q5TJ, B0G2PPCMRJ, B0CYC65DGH, B0D2L3V73F, B0DMN5G7RB, B0DMN4K277, B0G2P831ND, B0G2Q4T1R9, B0D2L2DC5D, B0DT1939JR, B0FGJ78NXZ, B0G2QDMWZK, B0CYC2HL14, B0DT1CYWXC, B0F8TYLWNB, B0DZGCXKQR, B0CYBMMZH6, B0FVDC7PNN, B0DKT61V62, B0GCLBQX11, B0D1K5JZGK, B0FVD6KBYZ, B0G2PJY4R6, B0DMN5FGCK, B0FGJCD7YV]",amzn1.campaign.8EIVR1MOWK4O,"Bestsellers | 10% Off – Waist Chains, Backpacks, Clear Bags  All You Want！！！",NEOREAL,2026-07-21,2026-10-05,10.00%,5000.0,5000.0,19,800,false
"[B0CNVBM6QB, B0GCLLRYD1, B0G2PPKT2L, B0D22MWLW2, B0DZMVH9N3, B0CP1R3M24, B0FGJJ3L7T, B0G2PGCWZ3, B0D22MV53G, B0DKT6DY2D, B0CNT8Z1BS, B0F8QPTXXK, B0DK1L55QC, B0G2PFM3YB, B0GCLC1VY2, B0DMF8DHJK, B0GCMPWZ9C, B0DMF7MDL4, B0DMN322CM, B0D1K25WDM, B0D1K7CLLT, B0D1K7DTRB, B0F8V81XY3, B0DK1PS4WX, B0DMF6NHKJ, B0FGJFGJNV, B0CNVBJWL1, B0DT19S9DD, B0DZMT2KPY, B0CNT8G87T, B0FHQC9LBD, B0DZMXK5DV, B0CYC4CLQQ, B0FVF5NH4M, B0D22KH5D4, B0DJSBKS1V, B0G2PM7SHH, B0DKT695C8, B0DMF6WV4C, B0G2PJTQP1, B0G2PP5N6Q, B0FVF2W6MN, B0D78X9FKL, B0D795LNV5, B0DKT57ZLS, B0DK1MYRVN, B0DMN56SHL, B0FH43Y199, B0D22LZY3V, B0DKT66TYC, B0G2PZDMTQ, B0DMF7G31Z, B0FHQBPS7W, B0G2PVG6HS, B0DT197X83, B0GCM7PMHJ, B0GCM8283H, B0DK1P1115, B0DMFC5F4Z, B0FVDSRNGR, B0DMFBGY9J, B0FN7QSFZF, B0DKT7KV6H, B0DT19H3K6, B0DMND78BX, B0FVDPL2F6, B0G2PXQSD4, B0DMN31T99, B0FGJCXKQS, B0DZG8N74J, B0D2L3CC7Q, B0GCMHMWZZ, B0DKT6XPJ2, B0G2Q79PNV, B0FGJCY87X, B0DMF6XR7F, B0DZFL4BJ4, B0CYC2R63B, B0G2PLRGG4, B0FN7QFCQ1, B0CYBMK8RR, B0DT15RM7D, B0FHQFT15G, B0CP1RBF44, B0DMN5NPYT, B0DK1L4GCD, B0DMFB3LMK, B0DMF6QQ18, B0CYC498B2, B0FVDQ8WKK, B0DK1PGT6R, B0F8QQ613C, B0DK1NDWTS, B0FGJFF8K5, B0FGJFF8K3, B0F18WWV8R, B0F8VPNRVQ, B0DK1PG3ND, B0FH42Z7BW, B0FH4252P6, B0D2L1VRWB, B0G2PN49DQ, B0G2PZR51W, B0DMN8CSD3, B0G2PP8XFC, B0DMFBJN5F, B0DMN3T6K3, B0G2PHXNSG, B0DMFCFGHP, B0FVF2N9QF, B0FVDT6TXK, B0DKT6S6TH, B0CP1S538Q, B0G2PM9T87, B0DKT5CYLT, B0F8QP292B, B0DMF42VTQ, B0FN7RG947, B0DT15GYQT, B0G2Q1HBFL, B0CNV7SCJD, B0G2PWPX8V, B0G2PRDMDS, B0DKT7JQTC, B0GCLLNGVN, B0G2PJ9VCZ, B0DMN4L5SR, B0D791LCFC, B0DMF96BC6, B0CNT9KFX9, B0DKT5GFB2, B0G2NVMFYW, B0GCMJQDK5, B0DKT682SF, B0DMN44P7S, B0CYC3MWJH, B0CNT938BP, B0FGJCWYRS, B0DMF899P1, B0G2Q4Q5TJ, B0G2PPCMRJ, B0CYC65DGH, B0D2L3V73F, B0DMN5G7RB, B0DMN4K277, B0G2P831ND, B0G2Q4T1R9, B0D2L2DC5D, B0DT1939JR, B0FGJ78NXZ, B0G2QDMWZK, B0CYC2HL14, B0DT1CYWXC, B0F8TYLWNB, B0DZGCXKQR, B0CYBMMZH6, B0FVDC7PNN, B0DKT61V62, B0GCLBQX11, B0D1K5JZGK, B0FVD6KBYZ, B0G2PJY4R6, B0DMN5FGCK, B0FGJCD7YV]",amzn1.campaign.11Y8OV4I0IBA3,"Bestsellers | 10% Off – Waist Chains, Backpacks, Clear Bags  All You Want！！！",NEOREAL,2026-07-21,2026-10-04,10.00%,5000.0,5000.0,9,800,false
"[B0CNVBM6QB, B0GCLLRYD1, B0G2PPKT2L, B0D22MWLW2, B0DZMVH9N3, B0CP1R3M24, B0FGJJ3L7T, B0G2PGCWZ3, B0D22MV53G, B0DKT6DY2D, B0CNT8Z1BS, B0F8QPTXXK, B0DK1L55QC, B0G2PFM3YB, B0GCLC1VY2, B0DMF8DHJK, B0GCMPWZ9C, B0DMF7MDL4, B0DMN322CM, B0D1K25WDM, B0D1K7CLLT, B0D1K7DTRB, B0F8V81XY3, B0DK1PS4WX, B0DMF6NHKJ, B0FGJFGJNV, B0CNVBJWL1, B0DT19S9DD, B0DZMT2KPY, B0CNT8G87T, B0FHQC9LBD, B0DZMXK5DV, B0CYC4CLQQ, B0FVF5NH4M, B0D22KH5D4, B0DJSBKS1V, B0G2PM7SHH, B0DKT695C8, B0DMF6WV4C, B0G2PJTQP1, B0G2PP5N6Q, B0FVF2W6MN, B0D78X9FKL, B0D795LNV5, B0DKT57ZLS, B0DK1MYRVN, B0DMN56SHL, B0FH43Y199, B0D22LZY3V, B0DKT66TYC, B0G2PZDMTQ, B0DMF7G31Z, B0FHQBPS7W, B0G2PVG6HS, B0DT197X83, B0GCM7PMHJ, B0GCM8283H, B0DK1P1115, B0DMFC5F4Z, B0FVDSRNGR, B0DMFBGY9J, B0FN7QSFZF, B0DKT7KV6H, B0DT19H3K6, B0DMND78BX, B0FVDPL2F6, B0G2PXQSD4, B0DMN31T99, B0FGJCXKQS, B0DZG8N74J, B0D2L3CC7Q, B0GCMHMWZZ, B0DKT6XPJ2, B0G2Q79PNV, B0FGJCY87X, B0DMF6XR7F, B0DZFL4BJ4, B0CYC2R63B, B0G2PLRGG4, B0FN7QFCQ1, B0CYBMK8RR, B0DT15RM7D, B0FHQFT15G, B0CP1RBF44, B0DMN5NPYT, B0DK1L4GCD, B0DMFB3LMK, B0DMF6QQ18, B0CYC498B2, B0FVDQ8WKK, B0DK1PGT6R, B0F8QQ613C, B0DK1NDWTS, B0FGJFF8K5, B0FGJFF8K3, B0F18WWV8R, B0F8VPNRVQ, B0DK1PG3ND, B0FH42Z7BW, B0FH4252P6, B0D2L1VRWB, B0G2PN49DQ, B0G2PZR51W, B0DMN8CSD3, B0G2PP8XFC, B0DMFBJN5F, B0DMN3T6K3, B0G2PHXNSG, B0DMFCFGHP, B0FVF2N9QF, B0FVDT6TXK, B0DKT6S6TH, B0CP1S538Q, B0G2PM9T87, B0DKT5CYLT, B0F8QP292B, B0DMF42VTQ, B0FN7RG947, B0DT15GYQT, B0G2Q1HBFL, B0CNV7SCJD, B0G2PWPX8V, B0G2PRDMDS, B0DKT7JQTC, B0GCLLNGVN, B0G2PJ9VCZ, B0DMN4L5SR, B0D791LCFC, B0DMF96BC6, B0CNT9KFX9, B0DKT5GFB2, B0G2NVMFYW, B0GCMJQDK5, B0DKT682SF, B0DMN44P7S, B0CYC3MWJH, B0CNT938BP, B0FGJCWYRS, B0DMF899P1, B0G2Q4Q5TJ, B0G2PPCMRJ, B0CYC65DGH, B0D2L3V73F, B0DMN5G7RB, B0DMN4K277, B0G2P831ND, B0G2Q4T1R9, B0D2L2DC5D, B0DT1939JR, B0FGJ78NXZ, B0G2QDMWZK, B0CYC2HL14, B0DT1CYWXC, B0F8TYLWNB, B0DZGCXKQR, B0CYBMMZH6, B0FVDC7PNN, B0DKT61V62, B0GCLBQX11, B0D1K5JZGK, B0FVD6KBYZ, B0G2PJY4R6, B0DMN5FGCK, B0FGJCD7YV]",amzn1.campaign.H062FL75244E,"Bestsellers | 10% Off – Waist Chains, Backpacks, Clear Bags  All You Want！！！",NEOREAL,2026-07-21,2026-10-03,10.00%,5000.0,5000.0,19,800,false
"[B0GXGMCQ54, B0GXGQ73LN, B0GXGG4JKQ, B0GXG7HKZJ, B0GXGKS74B]",amzn1.campaign.14OXIE40UZ09L,"Sleep Soundly, Wake Up with Gorgeous Hair!",VECIIR,2026-07-21,2026-09-30,10.00%,5000.0,5000.0,0,800,false
"[B0FN46SYTP, B0G8HHYVTP, B0FN45DQ4Z, B0FN46YN3Y, B0FN495JF5, B0FN47W7SF, B0FN45VF3R, B0FN476674, B0GSYX8DSL, B0GSYV3DPH, B0FN469QXF, B0GSYXGZSM, B0FN47KGQM, B0FN47Q1MK, B0FN48PCXR, B0FN48GQZ1, B0FN466825, B0FN4767N4, B0FN46ZPQH, B0FN47QGF1]",amzn1.campaign.MM51JAX4J8B5,"#B240 🌸 Sheer Floral Lace Corset Belt with Faux Leather Trim | Earn 10%",XZQTIVE,2026-07-21,2026-12-31,10.00%,5000.0,5000.0,0,800,false
"[B0G8KJPZ4X, B0DQTK11XD, B0DQTDQB2W, B0DQTBLKP7, B099F2SNTK, B096F4T83Z, B0DQ8PQQFV, B0DQSS7TZ8, B09YM6YS16, B0BWMNHTTQ, B0C4H49J7V, B096F6YSRY, B0DQSV6CK5, B0BWMNWVCZ, B0G8KCWV7Q, B0G8KCWV87, B0DQTSRQ4X, B0BWMNWJ6M, B0CX134TC9, B096F7Q9RM, B0CX1J578F, B0DQTKFP7D, B0G8KYLWVR, B0BWMNKMM4, B0BWMNGR9Z, B0CX14559R, B0CX19149C, B0BWMN94ZH, B0BWMNN34H, B0G8K37511]",amzn1.campaign.2S6NR8A8KZEUM,Affordable Bikini Style Starting At $14.99 -HY-5405,BIKINX,2026-07-21,2026-10-04,10.00%,5000.0,5000.0,0,800,false
"[B0GTQ71FLQ, B0GTQFYZB8]",amzn1.campaign.24HSLE8R6UTM,Missleep Cervical Pillow Helps You Wake Up Feeling Refreshed,Missleep,2026-07-21,2026-12-04,15.00%,50000.0,50000.0,0,800,false
"[B0F43PV1HG, B0DS59W6BS, B0G5MYHPZ5, B0FBFX672H, B0GF1Q2764, B0DS5B279N, B0DS5CL434, B0DS5976J8, B0DS59P5RD, B0FBG5R9JQ, B0G5N9K2MK, B0DS5D5KVC, B0H6W2XXVF, B0F43PN7PG, B0GF1CX1MK, B0DS59RL4C, B0F4CVT374, B0H6W2NKG2, B0DS5BGDN7, B0DS5FNBSG, B0DS5DDXKS, B0F43QSYX7, B0F43LLNTT, B0H6VVFYTG, B0G5N269WD, B0F4CH4Z3B, B0FBG1ZW7D, B0H6WFSLDL, B0H263HZ4W, B0DS5D41BG, B0F43QHDJK, B0DS598YC6, B0DS5CCP3G, B0DS5CFT2G, B0F4CLTBK5, B0H25X7S3F, B0DS5BX9TQ, B0DS572JQ1, B0H25VS6FM, B0DS5BHMW1, B0F43PYBFZ, B0G5N8SJVV, B0GF1C7SGK, B0DS5CRFD5, B0DS5FMRKR, B0H6VWK8YT, B0FBFX3MYF, B0FBFY9LNQ, B0G5NFJ6JX, B0H25XK3LL, B0DS5CQLFY, B0F43RF56K, B0F4D2RSZ7, B0H25PTJV2, B0F43RGMH2, B0GF1JMR46, B0DS5GFG5B, B0F43NZRCL, B0DS5DXNBC, B0F4CVRK6S, B0F43LXQTS, B0GF1SXFY1, B0DS5DKSH1, B0DS59LY95, B0DS59TVSZ]",amzn1.campaign.27G65TZUO3DO9,10% | On Offer | Acid Wash Sweatpants (241263),Hixiaohe,2026-07-21,2027-07-18,10.00%,8000.0,8000.0,0,800,false
"[B0CF4KYZ2W, B0DZNX3XVN, B0CQSRW4BZ, B0GX176K3L, B0GX14D7NX, B0F1XK6Q8X, B0F1X17743, B0F1XJ488V, B0CJDX8DZP, B0CF4H6XMH, B0CPY57ZLL, B0F1XDKBFN, B0CMWLHJZK, B0CQST7VJK, B0GX11THTS, B0CF4JWHFJ, B0F1XDG8W6, B0F1X483Y5, B0CPDTBYJM, B0CJDX5GHD, B0DZN8H1C2, B0CHY5BKDV, B0CGR2YPFY, B0F1X3QPGQ, B0CNSL5K4K, B0CF4MY4WG, B0DZNSZ3TY, B0DZNZ9XSN, B0D4TPLLCG, B0GX1DCTBQ, B0D3D9ZXLJ, B0F1XBVLWY, B0CYS8WHWW, B0D4TX4THW, B0GX16MV7C, B0D3DBFJJY, B0CWQ6GMYC, B0CPY4NWGZ, B0CJF32B3N, B0CJDTX2M5, B0CQYLT1K8, B0CS6DNZDG, B0D4TY2CVS, B0CF4KBRNS, B0CSMQPN1X, B0CWQ44VRJ, B0F1X8HQP8, B0D66BXVLS, B0CF4HD2NX, B0CQ7LY6DN, B0CGR4F5PH, B0D3D915T8, B0CF4HBXJW, B0CQSRTBFG, B0GWZZ5QFP, B0D3DCGSXH, B0CWQ4WMCB, B0F1XLKTT6, B0DT58CVN4, B0CWQ4JXWZ]",amzn1.campaign.3SSMMRU2GYTFG,10% SeeLuNa Two Piece Outfits Short Sleeve Top Wide Leg Pant,SeeLuNa,2026-07-21,2026-10-31,10.00%,5000.0,4981.01,0,800,false
[B0FNM9BD79],amzn1.campaign.3N8NSIU8OGJ8P,💖 Steam Eye Mask Relax & Recharge – Partner Edition--ZQCH16P65,FACEMOON,2026-07-27,2026-10-01,10.00%,10000.0,10000.0,0,800,false
[B0D8W4KMBT],amzn1.campaign.JNEAQRQG17U9,039-创作者计划,SEISSO,2026-07-21,2026-12-31,12.00%,5000.0,4990.28,0,800,false
"[B0F43PV1HG, B0DS59W6BS, B0G5MYHPZ5, B0FBFX672H, B0GF1Q2764, B0DS5B279N, B0DS5CL434, B0DS5976J8, B0DS59P5RD, B0FBG5R9JQ, B0G5N9K2MK, B0DS5D5KVC, B0H6W2XXVF, B0F43PN7PG, B0GF1CX1MK, B0DS59RL4C, B0F4CVT374, B0H6W2NKG2, B0DS5BGDN7, B0DS5FNBSG, B0DS5DDXKS, B0F43QSYX7, B0F43LLNTT, B0H6VVFYTG, B0G5N269WD, B0F4CH4Z3B, B0FBG1ZW7D, B0H6WFSLDL, B0H263HZ4W, B0DS5D41BG, B0F43QHDJK, B0DS598YC6, B0DS5CCP3G, B0DS5CFT2G, B0F4CLTBK5, B0H25X7S3F, B0DS5BX9TQ, B0DS572JQ1, B0H25VS6FM, B0DS5BHMW1, B0F43PYBFZ, B0G5N8SJVV, B0GF1C7SGK, B0DS5CRFD5, B0DS5FMRKR, B0H6VWK8YT, B0FBFX3MYF, B0FBFY9LNQ, B0G5NFJ6JX, B0H25XK3LL, B0DS5CQLFY, B0F43RF56K, B0F4D2RSZ7, B0H25PTJV2, B0F43RGMH2, B0GF1JMR46, B0DS5GFG5B, B0F43NZRCL, B0DS5DXNBC, B0F4CVRK6S, B0F43LXQTS, B0GF1SXFY1, B0DS5DKSH1, B0DS59LY95, B0DS59TVSZ]",amzn1.campaign.B5IUGUVFVYAD,10% | On Offer | Acid Wash Sweatpants (241263),Hixiaohe,2026-07-21,2027-07-17,10.00%,9000.0,9000.0,0,800,false
"[B07DJCQLGY, B07DHM2Y11, B07DHLPYY3]",amzn1.campaign.3MEPTTNQMUD2T,"#B026 Invisible Elastic Belt | No‑Show Flat Buckle, Metal‑Free | 10%Commission",XZQTIVE,2026-07-21,2026-10-31,10.00%,5000.0,5000.0,0,800,false
[B0GZVC75MT],amzn1.campaign.3HR4BGSPANS3I,Viyouth NAD+ 5-in-1 -15% Commission,VIYOUTH,2026-07-21,2026-09-30,15.00%,5000.0,4993.96,0,800,false
"[B0GTQ71FLQ, B0GTQFYZB8]",amzn1.campaign.1IXWAHD8M7H33,Missleep Advanced Memory Foam Cervical Pillow with Ergonomic Neck Support,Missleep,2026-07-21,2026-12-03,15.00%,50000.0,50000.0,0,800,false
[B0FNM9BD79],amzn1.campaign.1349CB1PW4O97,🌙 Steam Eye Mask Cozy Calm – Sleep Wellness Collab--ZQCH16P65,FACEMOON,2026-07-27,2026-10-31,10.00%,10000.0,10000.0,0,800,false
"[B0F43PV1HG, B0DS59W6BS, B0G5MYHPZ5, B0FBFX672H, B0GF1Q2764, B0DS5B279N, B0DS5CL434, B0DS5976J8, B0DS59P5RD, B0FBG5R9JQ, B0G5N9K2MK, B0DS5D5KVC, B0H6W2XXVF, B0F43PN7PG, B0GF1CX1MK, B0DS59RL4C, B0F4CVT374, B0H6W2NKG2, B0DS5BGDN7, B0DS5FNBSG, B0DS5DDXKS, B0F43QSYX7, B0F43LLNTT, B0H6VVFYTG, B0G5N269WD, B0F4CH4Z3B, B0FBG1ZW7D, B0H6WFSLDL, B0H263HZ4W, B0DS5D41BG, B0F43QHDJK, B0DS598YC6, B0DS5CCP3G, B0DS5CFT2G, B0F4CLTBK5, B0H25X7S3F, B0DS5BX9TQ, B0DS572JQ1, B0H25VS6FM, B0DS5BHMW1, B0F43PYBFZ, B0G5N8SJVV, B0GF1C7SGK, B0DS5CRFD5, B0DS5FMRKR, B0H6VWK8YT, B0FBFX3MYF, B0FBFY9LNQ, B0G5NFJ6JX, B0H25XK3LL, B0DS5CQLFY, B0F43RF56K, B0F4D2RSZ7, B0H25PTJV2, B0F43RGMH2, B0GF1JMR46, B0DS5GFG5B, B0F43NZRCL, B0DS5DXNBC, B0F4CVRK6S, B0F43LXQTS, B0GF1SXFY1, B0DS5DKSH1, B0DS59LY95, B0DS59TVSZ]",amzn1.campaign.365RB6BWF99RE,10% | On Offer | Acid Wash Sweatpants (241263),Hixiaohe,2026-07-21,2027-07-15,10.00%,8000.0,7993.53,0,800,false
"[B0GTQ71FLQ, B0GTQFYZB8]",amzn1.campaign.2LYG12VTXLB2R,Missleep Memory Foam Neck Pillow for Comfortable Everyday Sleep,Missleep,2026-07-21,2026-12-02,15.00%,50000.0,50000.0,0,800,false
[B0FNM9BD79],amzn1.campaign.2JL80HGSP4W0G,🔥 Steam Eye Mask Gentle Heat – Influencer Lounge--ZQCH16P65,FACEMOON,2026-07-27,2026-10-30,10.00%,10000.0,10000.0,0,800,false
"[B0F12XZDHY, B0GXB79S6C, B0GCFVXMFN, B0F9NVG4QQ, B0GXB2JSVS, B0G4TYVMRG, B0F12ZSBK5, B0FSQ379L9, B0H8X1MHYL, B0F12ZX82T, B0F7LDV9DD, B0GXB9JDHS, B0GX9XH75K, B0F7LDK3T9, B0FSQTSPH2, B0DSMGNLVK, B0F23WDDJH, B0GX9W84LZ, B0GCHRPBWN, B0F24DTJKW, B0DSMH9G28, B0GCH33RSZ, B0GCH35148, B0F1318XTR, B0H8WNGYQG, B0FK4GB37B, B0F131L1JX, B0F1316GQ3, B0G4TX7TY3, B0GXB6R23M, B0DSMHQVQ6, B0GXB4TG3R, B0F7PQ2ZKF, B0F7LDMT6X, B0F7LFH1TK, B0F7LFQL1W, B0H8WRKYPD, B0GX9NDZQH, B0G4TVKWFX, B0F7LF3326, B0GX9ZNKNQ, B0G641GB1K, B0GXB1ZF6B, B0GX9SVT9H, B0F7LFFZJ5, B0GXB3QFJ6, B0F12WVLV1, B0GX9RWJY6, B0F7LBTVLW, B0GCHT5HX8, B0F13187MJ, B0H8X3Z156, B0F7LF7Y86, B0FCF2HVV2, B0F12VXWB9, B0GCGWM4ML, B0GCH6LWVS, B0F7G6ZBK9, B0F9W6VWWZ, B0F12VB3D7, B0H8X32FB3, B0GCHPVXFP, B0GXB3GFSX, B0GXB6GC3N, B0GFCVXFL8]",amzn1.campaign.1XTY3UW6WVGQ7,SeeLuNa Linen Pants for Women Casual 10%,SeeLuNa,2026-07-21,2026-11-04,10.00%,5000.0,5000.0,0,800,false
"[B0F28WLYC5, B0F9WN199F]",amzn1.campaign.3AM4MNOHMFTF2,Magical Floating Drawings Pens Bundle for Kids,CCLIUGE,2026-07-31,2026-12-30,10.00%,5000.0,5000.0,0,800,false
[B0FNM9BD79],amzn1.campaign.1D0NTRGYZAIOM,😴 Steam Eye Mask Dream Rest – Creator Partner Drive--ZQCH16P65,FACEMOON,2026-07-27,2026-10-29,10.00%,10000.0,10000.0,0,800,false
"[B0F28WLYC5, B0F9WN199F]",amzn1.campaign.3IWIFUVEHQJHB,Magical Floating Drawings Pens Bundle for Kids,CCLIUGE,2026-07-30,2026-12-30,10.00%,5000.0,5000.0,4,800,false
[B0GXB6VPBD],amzn1.campaign.2DET7Y7JU7W8C,Collab: Outdoor Travel Enthusiasts. (Lanlelin Pontoon Boat Cover 16ft-18ft),Lanlelin,2026-07-21,2026-09-30,10.00%,5000.0,4988.5,0,800,false
"[B0F28WLYC5, B0F9WN199F]",amzn1.campaign.3U9EK9QLKO7YV,Magical Floating Drawings Pens Bundle for Kids,CCLIUGE,2026-07-29,2026-12-30,10.00%,5000.0,5000.0,6,800,false
"[B0GTQ71FLQ, B0GTQFYZB8]",amzn1.campaign.26SJM3NDCR2ZS,Missleep Ergonomic Cervical Pillow for Better Sleep & Neck Support,Missleep,2026-07-21,2026-12-01,15.00%,50000.0,50000.0,0,800,false
"[B0F28WLYC5, B0F9WN199F]",amzn1.campaign.GGZZ3AQEN7D4,Magical Floating Drawings Pens Bundle for Kids,CCLIUGE,2026-07-28,2026-12-30,10.00%,5000.0,5000.0,10,800,false
"[B0G8KJPZ4X, B0DQTK11XD, B0DQTDQB2W, B0DQTBLKP7, B099F2SNTK, B096F4T83Z, B0DQ8PQQFV, B0DQSS7TZ8, B09YM6YS16, B0BWMNHTTQ, B0C4H49J7V, B096F6YSRY, B0DQSV6CK5, B0BWMNWVCZ, B0G8KCWV7Q, B0G8KCWV87, B0DQTSRQ4X, B0BWMNWJ6M, B0CX134TC9, B096F7Q9RM, B0CX1J578F, B0DQTKFP7D, B0G8KYLWVR, B0BWMNKMM4, B0BWMNGR9Z, B0CX14559R, B0CX19149C, B0BWMN94ZH, B0BWMNN34H, B0G8K37511]",amzn1.campaign.2E32SGO7BF1SD,Limited Summer Bikini Sale Only $14.99 -HY-5405,BIKINX,2026-07-21,2026-10-02,10.00%,5000.0,5000.0,0,800,false
"[B0FP4F9CYD, B0G3WJ5S2X, B0FP4F8PYG, B0G3WKXBGG, B0FP4F22XH, B0FP4G8FF7, B0FP4F5W4P, B0FP4G3S8B, B0FP4H18DT, B0FP4F3H8Z, B0FP4HKFZ9, B0FP4G78F7, B0FP4FX8J5, B0FP4G9NMC, B0FP4DZ5FV, B0G3WQQZPZ, B0FP4D5GM1, B0G3WNPYTY, B0G3WM413L, B0FP4HK931, B0G3WLKMFJ, B0FP4G2J1Z, B0FP4FQPTW, B0FP4DP9WH, B0G3WKX5WJ, B0FP4FTKGS, B0FP4DNNDF, B0FP4FP9PF, B0FP4J5ZZG, B0G3WL6Y5J, B0FP4D4W5X, B0FP4F1YLH, B0FP4FM7L2, B0FP4FQBQT, B0FP4F1YLG, B0G3WLFRWB]",amzn1.campaign.3Q6OPZCJRT0Q1,🏷️ Turquoise + Gold = The Ultimate Cowgirl Core Accessory — 12% Commission ✨,WERFORU,2026-07-21,2026-10-01,12.00%,5000.0,5000.0,0,800,false
[B0FNM9BD79],amzn1.campaign.225UMKXMAEWMU,✨ Steam Eye Mask 16-Pack – Warm Comfort Collab--ZQCH16P65,FACEMOON,2026-07-27,2026-10-28,10.00%,10000.0,10000.0,0,800,false
"[B0F28WLYC5, B0F9WN199F]",amzn1.campaign.3CZHLSBO06VIW,Magical Floating Drawings Pens Bundle for Kids,CCLIUGE,2026-07-27,2026-12-30,10.00%,5000.0,5000.0,8,800,false
"[B0F12XZDHY, B0GXB79S6C, B0GCFVXMFN, B0F9NVG4QQ, B0GXB2JSVS, B0G4TYVMRG, B0F12ZSBK5, B0FSQ379L9, B0H8X1MHYL, B0F12ZX82T, B0F7LDV9DD, B0GXB9JDHS, B0GX9XH75K, B0F7LDK3T9, B0FSQTSPH2, B0DSMGNLVK, B0F23WDDJH, B0GX9W84LZ, B0GCHRPBWN, B0F24DTJKW, B0DSMH9G28, B0GCH33RSZ, B0GCH35148, B0F1318XTR, B0H8WNGYQG, B0FK4GB37B, B0F131L1JX, B0F1316GQ3, B0G4TX7TY3, B0GXB6R23M, B0DSMHQVQ6, B0GXB4TG3R, B0F7PQ2ZKF, B0F7LDMT6X, B0F7LFH1TK, B0F7LFQL1W, B0H8WRKYPD, B0GX9NDZQH, B0G4TVKWFX, B0F7LF3326, B0GX9ZNKNQ, B0G641GB1K, B0GXB1ZF6B, B0GX9SVT9H, B0F7LFFZJ5, B0GXB3QFJ6, B0F12WVLV1, B0GX9RWJY6, B0F7LBTVLW, B0GCHT5HX8, B0F13187MJ, B0H8X3Z156, B0F7LF7Y86, B0FCF2HVV2, B0F12VXWB9, B0GCGWM4ML, B0GCH6LWVS, B0F7G6ZBK9, B0F9W6VWWZ, B0F12VB3D7, B0H8X32FB3, B0GCHPVXFP, B0GXB3GFSX, B0GXB6GC3N, B0GFCVXFL8]",amzn1.campaign.288833XVAGK6H,SeeLuNa Casual Linen Pants for Women 10%,SeeLuNa,2026-07-21,2026-11-03,10.00%,5000.0,5000.0,0,800,false
"[B0F28WLYC5, B0F9WN199F]",amzn1.campaign.2PDIWZJFJMNST,Magical Floating Drawings Pens Bundle for Kids,CCLIUGE,2026-07-26,2026-12-30,10.00%,5000.0,5000.0,11,800,false
"[B0GX6DHD95, B0GXJ7DV12]",amzn1.campaign.OXF4NE59TXWO,Activities for the Graphene Style 2,ROWMATE,2026-07-21,2026-11-30,10.00%,10000.0,10000.0,0,800,false
"[B0F28WLYC5, B0F9WN199F]",amzn1.campaign.14Y4LMI5I3M9N,Magical Floating Drawings Pens Bundle for Kids,CCLIUGE,2026-07-25,2026-12-30,10.00%,5000.0,5000.0,8,800,false
"[B0F28WLYC5, B0F9WN199F]",amzn1.campaign.KRG5RM7HSF0U,Magical Floating Drawings Pens Bundle for Kids,CCLIUGE,2026-07-24,2026-12-30,10.00%,5000.0,5000.0,13,800,false
"[B0F6MRYZYN, B0F6MV7FTC, B0DPQ5GSQN, B0F9F8J8BW, B0F9DF5HH3, B0F4D8LZ8W, B0F4DBGVVQ, B0F4D77X6L, B0DPQ5D7XT, B0F6MV7R68, B0F9F7FM23, B0GZNF86XG, B0F4DGW9SW, B0DPQ6QXS8, B0DPQ6LKKZ, B0DPQ6JT36, B0DPQ6SPHQ, B0FSC7392Q, B0DPQ656D4, B0FFM4TK1W, B0DPQ6S3YY, B0F4DCWFSG, B0F6MQDV4C, B0F4DBLWTY, B0FSCH12V3, B0GZNLKRYJ, B0DPQ6YZ48, B0FCFMYZ78, B0F6MXVW88, B0F9DJKMMC, B0GZNH5Y61, B0FCFKSDMG, B0F6MX97FQ, B0F9DVGHPH, B0FSCDQTPJ, B0GZNBW1DM, B0F9DDYMN8, B0DPQ88LP3, B0F9DXQCVG, B0F6MWX3VZ, B0FCFHDK26, B0F9DFMC1S, B0F6MWX2Y9, B0FCFHLV3T, B0GZNJ3LGD, B0GZNT61PH, B0F9F7Q2FM, B0DPQ5SW4H, B0F4DFFLG6, B0F6MV1M5C, B0FCFM16BY, B0DPQ727P4, B0DPQ6NPQZ, B0F9F71P3V]",amzn1.campaign.FUO2TA1NJX6V,10% | On Best Deal | Flowy Shirred Tank Top (10133),Hixiaohe,2026-07-21,2027-07-14,10.00%,8000.0,8000.0,0,800,false
"[B0F28WLYC5, B0F9WN199F]",amzn1.campaign.33XKN4LM6U8UI,Magical Floating Drawings Pens Bundle for Kids,CCLIUGE,2026-07-23,2026-12-30,10.00%,5000.0,5000.0,13,800,false
"[B0F12XZDHY, B0GXB79S6C, B0GCFVXMFN, B0F9NVG4QQ, B0GXB2JSVS, B0G4TYVMRG, B0F12ZSBK5, B0FSQ379L9, B0H8X1MHYL, B0F12ZX82T, B0F7LDV9DD, B0GXB9JDHS, B0GX9XH75K, B0F7LDK3T9, B0FSQTSPH2, B0DSMGNLVK, B0F23WDDJH, B0GX9W84LZ, B0GCHRPBWN, B0F24DTJKW, B0DSMH9G28, B0GCH33RSZ, B0GCH35148, B0F1318XTR, B0H8WNGYQG, B0FK4GB37B, B0F131L1JX, B0F1316GQ3, B0G4TX7TY3, B0GXB6R23M, B0DSMHQVQ6, B0GXB4TG3R, B0F7PQ2ZKF, B0F7LDMT6X, B0F7LFH1TK, B0F7LFQL1W, B0H8WRKYPD, B0GX9NDZQH, B0G4TVKWFX, B0F7LF3326, B0GX9ZNKNQ, B0G641GB1K, B0GXB1ZF6B, B0GX9SVT9H, B0F7LFFZJ5, B0GXB3QFJ6, B0F12WVLV1, B0GX9RWJY6, B0F7LBTVLW, B0GCHT5HX8, B0F13187MJ, B0H8X3Z156, B0F7LF7Y86, B0FCF2HVV2, B0F12VXWB9, B0GCGWM4ML, B0GCH6LWVS, B0F7G6ZBK9, B0F9W6VWWZ, B0F12VB3D7, B0H8X32FB3, B0GCHPVXFP, B0GXB3GFSX, B0GXB6GC3N, B0GFCVXFL8]",amzn1.campaign.6RIIDUBQ5YFB,10% SeeLuNa Casual Linen Pants for Women,SeeLuNa,2026-07-21,2026-11-02,10.00%,5000.0,5000.0,0,800,false
"[B0D29956M9, B0D29C9HFJ, B0D299X6KN, B0D29BDYPT]",amzn1.campaign.1JFAJBAM8SVIU,✨Reset & Recover — Cooling Eye Mask Creator Invite--3DLNJA124,FACEMOON,2026-07-27,2026-10-01,10.00%,10000.0,9997.84,0,800,false
"[B0F28WLYC5, B0F9WN199F]",amzn1.campaign.39GSC00NI7KVV,Magical Floating Drawings Pens Bundle for Kids,CCLIUGE,2026-07-22,2026-12-30,10.00%,5000.0,5000.0,12,800,false
"[B0F28WLYC5, B0F9WN199F]",amzn1.campaign.1T07KA7ZCL83U,Magical Floating Drawings Pens Bundle for Kids,CCLIUGE,2026-07-21,2026-12-30,10.00%,5000.0,5000.0,11,800,false
"[B0G1GQ55SL, B0G1GRXHKP]",amzn1.campaign.1FHN0ESX1P94K,🔥 40% OFF! Grill like a pro – Garvee wireless thermometer 820ft range#Eva,GarveeHome,2026-07-21,2026-10-24,10.00%,10000.0,10000.0,0,800,false
[B0H7W8JN39],amzn1.campaign.SIXCBZTR7B9J,5k digital camera,Maenlans,2026-07-21,2027-07-21,15.00%,10000.0,9964.0,0,800,false
"[B0D29956M9, B0D29C9HFJ, B0D299X6KN, B0D29BDYPT]",amzn1.campaign.J6H0RZHO1V78,😎Soft Chill Drop — Cooling Eye Mask for Instant Comfort--3DLNJA124,FACEMOON,2026-07-27,2026-10-31,10.00%,10000.0,10000.0,0,800,false
"[B0F12XZDHY, B0GXB79S6C, B0GCFVXMFN, B0F9NVG4QQ, B0GXB2JSVS, B0G4TYVMRG, B0F12ZSBK5, B0FSQ379L9, B0H8X1MHYL, B0F12ZX82T, B0F7LDV9DD, B0GXB9JDHS, B0GX9XH75K, B0F7LDK3T9, B0FSQTSPH2, B0DSMGNLVK, B0F23WDDJH, B0GX9W84LZ, B0GCHRPBWN, B0F24DTJKW, B0DSMH9G28, B0GCH33RSZ, B0GCH35148, B0F1318XTR, B0H8WNGYQG, B0FK4GB37B, B0F131L1JX, B0F1316GQ3, B0G4TX7TY3, B0GXB6R23M, B0DSMHQVQ6, B0GXB4TG3R, B0F7PQ2ZKF, B0F7LDMT6X, B0F7LFH1TK, B0F7LFQL1W, B0H8WRKYPD, B0GX9NDZQH, B0G4TVKWFX, B0F7LF3326, B0GX9ZNKNQ, B0G641GB1K, B0GXB1ZF6B, B0GX9SVT9H, B0F7LFFZJ5, B0GXB3QFJ6, B0F12WVLV1, B0GX9RWJY6, B0F7LBTVLW, B0GCHT5HX8, B0F13187MJ, B0H8X3Z156, B0F7LF7Y86, B0FCF2HVV2, B0F12VXWB9, B0GCGWM4ML, B0GCH6LWVS, B0F7G6ZBK9, B0F9W6VWWZ, B0F12VB3D7, B0H8X32FB3, B0GCHPVXFP, B0GXB3GFSX, B0GXB6GC3N, B0GFCVXFL8]",amzn1.campaign.89S4KLA3XJ9F,10% SeeLuNa Casual Linen Pants Women,SeeLuNa,2026-07-21,2026-11-01,10.00%,5000.0,5000.0,0,800,false
[B0GX5M6PD8],amzn1.campaign.3OJ4GNXA75IXF,Collab: Outdoor Travel Enthusiasts. (Lanlelin Pontoon Boat Cover 18ft-20ft),Lanlelin,2026-07-21,2026-09-30,10.00%,5000.0,5000.0,0,800,false
"[B0F12XZDHY, B0GXB79S6C, B0GCFVXMFN, B0F9NVG4QQ, B0GXB2JSVS, B0G4TYVMRG, B0F12ZSBK5, B0FSQ379L9, B0H8X1MHYL, B0F12ZX82T, B0F7LDV9DD, B0GXB9JDHS, B0GX9XH75K, B0F7LDK3T9, B0FSQTSPH2, B0DSMGNLVK, B0F23WDDJH, B0GX9W84LZ, B0GCHRPBWN, B0F24DTJKW, B0DSMH9G28, B0GCH33RSZ, B0GCH35148, B0F1318XTR, B0H8WNGYQG, B0FK4GB37B, B0F131L1JX, B0F1316GQ3, B0G4TX7TY3, B0GXB6R23M, B0DSMHQVQ6, B0GXB4TG3R, B0F7PQ2ZKF, B0F7LDMT6X, B0F7LFH1TK, B0F7LFQL1W, B0H8WRKYPD, B0GX9NDZQH, B0G4TVKWFX, B0F7LF3326, B0GX9ZNKNQ, B0G641GB1K, B0GXB1ZF6B, B0GX9SVT9H, B0F7LFFZJ5, B0GXB3QFJ6, B0F12WVLV1, B0GX9RWJY6, B0F7LBTVLW, B0GCHT5HX8, B0F13187MJ, B0H8X3Z156, B0F7LF7Y86, B0FCF2HVV2, B0F12VXWB9, B0GCGWM4ML, B0GCH6LWVS, B0F7G6ZBK9, B0F9W6VWWZ, B0F12VB3D7, B0H8X32FB3, B0GCHPVXFP, B0GXB3GFSX, B0GXB6GC3N, B0GFCVXFL8]",amzn1.campaign.105X1S0RNCMBI,10% SeeLuNa Casual Linen Pants Women,SeeLuNa,2026-07-21,2026-10-31,10.00%,5000.0,4994.5,0,800,false
"[B0DMF5M8P4, B0DMF6FV5B, B0DMF4J4ZY, B0F5Q8GL95, B0DMF66HQK, B0DMF5HMB5, B0F6MHWZ8W, B0DMF1FRKF, B0DMF4YM2R, B0DMF4FFF1, B0DMF4Z22M, B0DMF129YW, B0DMDYHW57, B0F6MJ96M5, B0DMF4DGF7, B0F6MGZQ6G, B0DMF14TRB, B0DMF5T5XJ, B0DMDZTQG8, B0DMF4VF6N, B0DMF123YL, B0DMP89H6H, B0DMF2C3LZ, B0DMF56PST, B0DMDWJ3XG, B0FCB3X3K4, B0DMF61KTZ, B0DMF43WQW, B0DMF61S61, B0F6MGMJZ1, B0DMF1BMW6, B0F6MH1FS3, B0DMF4SYR7, B0DMF57ZJR, B0DMDZS4JB]",amzn1.campaign.D3M4VIP5GP01,"#B211 Vintage Brass Gold U-Buckle Belt | 10% Commission + Sample",XZQTIVE,2026-07-21,2026-12-31,10.00%,5000.0,5000.0,0,800,false
[B0G9GQLST4],amzn1.campaign.2NUCO843H3E11,Join Laicomein's Affiliate+ Campaign – Earn Commissions with BF05!,LAICOMEIN,2026-07-21,2027-01-31,10.00%,5000.0,4961.3,0,800,false
"[B0H87N4TQQ, B0H8DBFKQQ, B0H87RYYFH, B0H8D7WLQS, B0H87GWGCK, B0H87MYFXH, B0H87ST1HS, B0H87Q5199, B0H87XSW8Y, B0H87XR85S, B0H87MXJYN, B0H87S2RYV, B0H87J5X86, B0H87P1W34, B0H8D4GTB5, B0H8D8HZV7, B0H8CVFVFX, B0H87TLV5T, B0H87PG68V, B0H87RY88C]",amzn1.campaign.3HMYZU1HEGIMS,Creator Invitation – Earn 10% Commission,Fjogymlea,2026-07-21,2026-09-30,10.00%,5000.0,5000.0,0,800,false
"[B0F6MRYZYN, B0F6MV7FTC, B0DPQ5GSQN, B0F9F8J8BW, B0F9DF5HH3, B0F4D8LZ8W, B0F4DBGVVQ, B0F4D77X6L, B0DPQ5D7XT, B0F6MV7R68, B0F9F7FM23, B0GZNF86XG, B0F4DGW9SW, B0DPQ6QXS8, B0DPQ6LKKZ, B0DPQ6JT36, B0DPQ6SPHQ, B0FSC7392Q, B0DPQ656D4, B0FFM4TK1W, B0DPQ6S3YY, B0F4DCWFSG, B0F6MQDV4C, B0F4DBLWTY, B0FSCH12V3, B0GZNLKRYJ, B0DPQ6YZ48, B0FCFMYZ78, B0F6MXVW88, B0F9DJKMMC, B0GZNH5Y61, B0FCFKSDMG, B0F6MX97FQ, B0F9DVGHPH, B0FSCDQTPJ, B0GZNBW1DM, B0F9DDYMN8, B0DPQ88LP3, B0F9DXQCVG, B0F6MWX3VZ, B0FCFHDK26, B0F9DFMC1S, B0F6MWX2Y9, B0FCFHLV3T, B0GZNJ3LGD, B0GZNT61PH, B0F9F7Q2FM, B0DPQ5SW4H, B0F4DFFLG6, B0F6MV1M5C, B0FCFM16BY, B0DPQ727P4, B0DPQ6NPQZ, B0F9F71P3V]",amzn1.campaign.2AMVGNMBYHBND,10% | On Best Deal | Flowy Shirred Tank Top (10133),Hixiaohe,2026-07-21,2027-07-11,10.00%,10000.0,10000.0,0,800,false
"[B0H87N4TQQ, B0H8DBFKQQ, B0H87RYYFH, B0H8D7WLQS, B0H87GWGCK, B0H87MYFXH, B0H87ST1HS, B0H87Q5199, B0H87XSW8Y, B0H87XR85S, B0H87MXJYN, B0H87S2RYV, B0H87J5X86, B0H87P1W34, B0H8D4GTB5, B0H8D8HZV7, B0H8CVFVFX, B0H87TLV5T, B0H87PG68V, B0H87RY88C]",amzn1.campaign.2XUH0WISSIQ9W,Creator Invitation – Earn 15% Commission,Fjogymlea,2026-07-21,2026-09-30,15.00%,5000.0,4994.91,0,800,false
[B0FN7NSYH7],amzn1.campaign.PZGYZ02QH2L4,40% commission!!! - ZOAAD mushroom coffee is about to change your daily routine.,ZOAAD,2026-07-24,2026-12-31,40.00%,500000.0,500000.0,0,800,false
"[B0G8KJPZ4X, B0DQTK11XD, B0DQTDQB2W, B0DQTBLKP7, B099F2SNTK, B096F4T83Z, B0DQ8PQQFV, B0DQSS7TZ8, B09YM6YS16, B0BWMNHTTQ, B0C4H49J7V, B096F6YSRY, B0DQSV6CK5, B0BWMNWVCZ, B0G8KCWV7Q, B0G8KCWV87, B0DQTSRQ4X, B0BWMNWJ6M, B0CX134TC9, B096F7Q9RM, B0CX1J578F, B0DQTKFP7D, B0G8KYLWVR, B0BWMNKMM4, B0BWMNGR9Z, B0CX14559R, B0CX19149C, B0BWMN94ZH, B0BWMNN34H, B0G8K37511]",amzn1.campaign.FIIRB7PVTPK1,Get Your Summer Bikini Now For Only $14.99 -HY-5405,BIKINX,2026-07-21,2026-09-30,10.00%,5000.0,5000.0,0,800,false
[B0FN7NSYH7],amzn1.campaign.3MMU23WOT35LX,40% commission!!! - ZOAAD mushroom coffee is about to change your daily routine.,ZOAAD,2026-07-23,2026-12-31,40.00%,500000.0,500000.0,0,800,false
"[B0D29956M9, B0D29C9HFJ, B0D299X6KN, B0D29BDYPT]",amzn1.campaign.4LW5JTUW8S3L,❄️Cool Creator Call — Cooling Eye Mask for Migraine Relief--3DLNJA124,FACEMOON,2026-07-27,2026-10-29,10.00%,10000.0,10000.0,0,800,false
[B0GXYVXGT2],amzn1.campaign.3NJM97IEK67IQ,Collab: Outdoor Travel Enthusiasts. (Lanlelin Pontoon Boat Cover 20ft-22ft),Lanlelin,2026-07-21,2026-09-30,10.00%,5000.0,4975.66,0,800,false
[B0FN7NSYH7],amzn1.campaign.2Y6WRFRK7CHY5,40% commission!!! - ZOAAD mushroom coffee is about to change your daily routine.,ZOAAD,2026-07-22,2026-12-31,40.00%,500000.0,500000.0,0,800,false
"[B0F6MRYZYN, B0F6MV7FTC, B0DPQ5GSQN, B0F9F8J8BW, B0F9DF5HH3, B0F4D8LZ8W, B0F4DBGVVQ, B0F4D77X6L, B0DPQ5D7XT, B0F6MV7R68, B0F9F7FM23, B0GZNF86XG, B0F4DGW9SW, B0DPQ6QXS8, B0DPQ6LKKZ, B0DPQ6JT36, B0DPQ6SPHQ, B0FSC7392Q, B0DPQ656D4, B0FFM4TK1W, B0DPQ6S3YY, B0F4DCWFSG, B0F6MQDV4C, B0F4DBLWTY, B0FSCH12V3, B0GZNLKRYJ, B0DPQ6YZ48, B0FCFMYZ78, B0F6MXVW88, B0F9DJKMMC, B0GZNH5Y61, B0FCFKSDMG, B0F6MX97FQ, B0F9DVGHPH, B0FSCDQTPJ, B0GZNBW1DM, B0F9DDYMN8, B0DPQ88LP3, B0F9DXQCVG, B0F6MWX3VZ, B0FCFHDK26, B0F9DFMC1S, B0F6MWX2Y9, B0FCFHLV3T, B0GZNJ3LGD, B0GZNT61PH, B0F9F7Q2FM, B0DPQ5SW4H, B0F4DFFLG6, B0F6MV1M5C, B0FCFM16BY, B0DPQ727P4, B0DPQ6NPQZ, B0F9F71P3V]",amzn1.campaign.2SD6W5HKR5GX2,10% | On Best Deal | Flowy Shirred Tank Top (10133),Hixiaohe,2026-07-21,2027-07-10,10.00%,10000.0,10000.0,0,800,false
"[B0CZL8DZMT, B0FLJQBYZH, B0CBBZXKKS, B0CBC2VYR7, B0DPH7WKJP, B0CS3CPDWZ, B0CRD84WDK, B0CBC2BQN3, B0DPH65MS4, B0CS3DR62V, B0DPH6SL6K, B0CMGFLGSB, B0D12JSPWT, B0CBC18HHP, B0CBBZ4DH8, B0CBC3SYJN, B0DPH5FDP8, B0CBC1843G, B0CBC1FZ37, B0DPH5HTMP, B0DPH65FNG, B0CNR9QC2H, B0CBC1ZRQ6, B0CBC22KV6, B0DPH5XC7K, B0DPH6GL7Y, B0DPH6M75X, B0CBBZDGWC, B0DPH6MRCM, B0CBBWPT48, B0CBC2GFW9, B0CBC2KCYD]",amzn1.campaign.2VXY8HU4P5B4N,"Understated Elegance Belt: Smooth Texture, Rounded-RectangularBuckle B162",XZQTIVE,2026-07-21,2026-09-30,10.00%,5000.0,5000.0,0,800,false
[B0FN7NSYH7],amzn1.campaign.314XXRK3YJ7N7,40% commission!!! - ZOAAD mushroom coffee is about to change your daily routine.,ZOAAD,2026-07-21,2026-12-31,40.00%,500000.0,499992.0,0,800,false
"[B0H19WDK4S, B0H19VXKB1, B0H19T8PS8, B0H19WVFVZ, B0H19ZCXLN, B0H19X8V63, B0H1B1W2D6, B0H19S61WY, B0H1B4DZ7V, B0H19WZ3XC, B0H1B1TT1D, B0H19VVC9G, B0H1B5F8XG]",amzn1.campaign.2IZ3925BIY11T,[10% Comm. Rate] Blissstorm Reusable Silicone Tray - Durable & Eco-Friendly,blissstorm,2026-07-21,2027-07-21,10.00%,5000.0,4989.6,0,800,false
"[B0D29956M9, B0D29C9HFJ, B0D299X6KN, B0D29BDYPT]",amzn1.campaign.FAUA6WZ5LJ7E,✨Chill & Shine — 3D Gel Cooling Eye Mask Collab 😌--3DLNJA124,FACEMOON,2026-07-27,2026-10-28,10.00%,10000.0,9995.62,1,800,false
"[B0G8KJPZ4X, B0DQTK11XD, B0DQTDQB2W, B0DQTBLKP7, B099F2SNTK, B096F4T83Z, B0DQ8PQQFV, B0DQSS7TZ8, B09YM6YS16, B0BWMNHTTQ, B0C4H49J7V, B096F6YSRY, B0DQSV6CK5, B0BWMNWVCZ, B0G8KCWV7Q, B0G8KCWV87, B0DQTSRQ4X, B0BWMNWJ6M, B0CX134TC9, B096F7Q9RM, B0CX1J578F, B0DQTKFP7D, B0G8KYLWVR, B0BWMNKMM4, B0BWMNGR9Z, B0CX14559R, B0CX19149C, B0BWMN94ZH, B0BWMNN34H, B0G8K37511]",amzn1.campaign.30MSFQYWTZIO6,55% OFF Summer Bikini Promotion Starts Now -HY-5405,BIKINX,2026-07-21,2026-09-29,10.00%,5000.0,5000.0,0,800,false
[B0FS5SDX8T],amzn1.campaign.1PSP5NY2677SB,Collab: Outdoor Travel Enthusiasts. (Lanlelin Pontoon Boat Cover 22ft-24ft),Lanlelin,2026-07-21,2026-09-30,10.00%,5000.0,4973.7,0,800,false
[B0G1GRXHKP],amzn1.campaign.Z39YC00ORIP2,"🦃 40% OFF! Turkey, roast, ham – Garvee 2-probe thermometer#Eva",GarveeHome,2026-07-21,2026-10-24,10.00%,5000.0,5000.0,0,800,false
"[B0D9VXMMRR, B0D9VWVQ6S, B0D9VVRGK4]",amzn1.campaign.3IZHVI3DWOI4L,🌊Dry Eye Rescue — Cooling Eye Mask Partner Perk--HGLNJ1P100,FACEMOON,2026-07-27,2026-10-01,10.00%,10000.0,10000.0,0,800,false
"[B0GWHXPQQS, B0GWJ1C5P2, B0GL7SMZ5M, B0GWHYP1MH, B0GWJ1Q2LP]",amzn1.campaign.Y4HJZ79F1VE3,"Remote Control Car, Amphibious Cyber Truck Remote Control Car for Kids",Qrytoi,2026-07-21,2026-10-01,20.00%,5000.0,5000.0,0,800,false
"[B0DWJLGJFN, B0DWJYMNTM, B0DWJLRGKT, B0GTKPT8SP, B0DWJDLWGV, B0DWJQGCGB, B0DWJQ31BR, B0DWJHFXC6, B0DWJZPQBW, B0DWJ9957K, B0DWJT36MH, B0DWK4T6KK, B0DWJP7W86, B0DWJDCSLJ, B0DWJW6B3W, B0DWJ7RMXS, B0DWJHGNSM, B0DWJJ7L5S, B0DWJDSH5T, B0DWK4QTVM, B0DWJSWTPP, B0DWJDD4WN, B0DWJQ2LF4, B0DWJL9CKR, B0DWJXHZLS, B0GT5662Q7, B0DWJPJJ8J, B0DWJDV39B]",amzn1.campaign.2RW3M891768HK,💰 Earn 10% – Polished Belt ✨ Liquid-Shaped Gold Buckle | B224,XZQTIVE,2026-07-21,2026-12-31,10.00%,5000.0,5000.0,0,800,false
"[B0FZ8TBZYX, B0FZ8SHV4Q, B0DJ1ZMP5J, B0DJ1Y6DZK, B0DLVW286C, B0FZ8R5RX3, B0DGL6NCCN, B0DGL989FB, B0DLVT186G, B0DNF331MB, B0DNDZCN78, B0FZ8R112Y, B0DLVV7RGF, B0DLVVBS6K, B0DNF34LBH, B0DGL6JFM8, B0DJ1YW4KB, B0DLVV8TRZ, B0DNF542PY, B0DGL6Q3FG, B0FZ8TQX9N, B0DGL7XT2C, B0DGL73J46, B0DNF1YJCP, B0FZ8QCWB5, B0DGL7TVNW, B0FZ8WG27Y, B0DNF1299G, B0DJ1XXK75, B0DJ1ZJQ8W, B0DGLHNT8T, B0DGL7TKCD, B0DQK9L3P4, B0DNF54ZFF, B0DNF3BCHF, B0DNF2H9YT, B0FZ8VC672]",amzn1.campaign.3UMQFKHNSLTK5,Women Knit Cardigan Vest (10%-2462001),Hixiaohe,2026-07-21,2027-07-20,10.00%,5000.0,5000.0,0,800,false
"[B0D9VXMMRR, B0D9VWVQ6S, B0D9VVRGK4]",amzn1.campaign.3GK3PCT3I02MQ,💙Migraine Calm — Cooling Eye Mask Collab Invite--HGLNJ1P100,FACEMOON,2026-07-27,2026-10-31,10.00%,10000.0,10000.0,0,800,false
"[B0GY8CQZ8S, B0GVR5NFZH]",amzn1.campaign.274Y8E50GL2PZ,Air Dry Clay Kit for Kids 12 Pack,Porlinquus,2026-07-22,2027-05-26,10.00%,5000.0,5000.0,0,800,false
"[B0G8KJPZ4X, B0DQTK11XD, B0DQTDQB2W, B0DQTBLKP7, B099F2SNTK, B096F4T83Z, B0DQ8PQQFV, B0DQSS7TZ8, B09YM6YS16, B0BWMNHTTQ, B0C4H49J7V, B096F6YSRY, B0DQSV6CK5, B0BWMNWVCZ, B0G8KCWV7Q, B0G8KCWV87, B0DQTSRQ4X, B0BWMNWJ6M, B0CX134TC9, B096F7Q9RM, B0CX1J578F, B0DQTKFP7D, B0G8KYLWVR, B0BWMNKMM4, B0BWMNGR9Z, B0CX14559R, B0CX19149C, B0BWMN94ZH, B0BWMNN34H, B0G8K37511]",amzn1.campaign.2H47T3N2A4SWN,Summer Must Have Bikini From $14.99 Deal -HY-5405,BIKINX,2026-07-21,2026-09-28,10.00%,5000.0,5000.0,1,800,false
"[B0GCCB7LH2, B0GCCBZLDD, B0GCD647G9, B0GGDVLRX1, B0GCC15YTV, B0GCCBZB88, B0GCCWD8G4, B0GCCD5HNY, B0GGDYWYV5, B0GCCMQ2L9, B0GCCBZB81, B0GCCC739S, B0GCB3X2XJ, B0GCC9FDGQ, B0GGFYYDT6, B0GGGC2T6H, B0GGDL9968, B0GGFBP88X, B0GCCNLT17, B0GCCKJWZL, B0GGGG9M41, B0GGDYWYTX, B0GCD63XGZ, B0GC988MK8, B0GGGBTK8C, B0GCBNTPC3, B0GGF4TZWZ, B0GCC7XHPR, B0GCC22ZK3, B0GGF5SNK4, B0GCBNFKWX, B0GGG8ZMXF, B0GCCCB1WD, B0GCC2LD9T, B0GCD7P5G4, B0GCCMLJPM, B0GCCLSY4B, B0GGDQMG9T, B0GCCCQR94, B0GCCV18HJ, B0GCCN41JQ, B0GCCB9CF6, B0GCC2FDFT, B0GCCD2149, B0GGGKC6RC, B0GCC8TX34, B0GGFZ5DM8, B0GCCZ1LQK, B0GCCMKHKV, B0GCCL73DD, B0GCCB8WQ9, B0GCC1TQL4, B0GC9S2BN7, B0GCCTVSG8, B0GGFYW6H5, B0GCBNPQ1P, B0GCBZTKRN, B0GCBZWPGC, B0GCBM7MBK, B0GGGYJ7VP, B0GCC221H3, B0GCCB8WQK, B0GGG3BCXJ, B0GCCZ2T6G, B0GCBMGNV3, B0GCBPBNJW, B0GCCBV87D, B0GCCLJQD9, B0GCCC3MPQ, B0GGG3RDK9, B0GCCMP9JG, B0GCB55F5Q, B0GCBZSNJR, B0GCCWD8G5, B0GCCLGCV1, B0GCDMQQXB, B0GCCP8BNC, B0GGG95SCR, B0GCB4ZNGY, B0GCD6VJ9F]",amzn1.campaign.12V1KSTNSDRQV,💖 Vepose Women’s 8216 Lightweight Sneakers-Looking for Amazon Influencers! ✨,VEPOSE,2026-07-21,2027-01-31,10.00%,5000.0,5000.0,0,800,false
"[B0D9VXMMRR, B0D9VWVQ6S, B0D9VVRGK4]",amzn1.campaign.9OSRMPUXJBAY,🧊Soft Chill Relief — Cooling Eye Mask Creator Call--HGLNJ1P100,FACEMOON,2026-07-27,2026-10-30,10.00%,10000.0,10000.0,0,800,false
"[B0GCCB7LH2, B0GCCBZLDD, B0GCD647G9, B0GGDVLRX1, B0GCC15YTV, B0GCCBZB88, B0GCCWD8G4, B0GCCD5HNY, B0GGDYWYV5, B0GCCMQ2L9, B0GCCBZB81, B0GCCC739S, B0GCB3X2XJ, B0GCC9FDGQ, B0GGFYYDT6, B0GGGC2T6H, B0GGDL9968, B0GGFBP88X, B0GCCNLT17, B0GCCKJWZL, B0GGGG9M41, B0GGDYWYTX, B0GCD63XGZ, B0GC988MK8, B0GGGBTK8C, B0GCBNTPC3, B0GGF4TZWZ, B0GCC7XHPR, B0GCC22ZK3, B0GGF5SNK4, B0GCBNFKWX, B0GGG8ZMXF, B0GCCCB1WD, B0GCC2LD9T, B0GCD7P5G4, B0GCCMLJPM, B0GCCLSY4B, B0GGDQMG9T, B0GCCCQR94, B0GCCV18HJ, B0GCCN41JQ, B0GCCB9CF6, B0GCC2FDFT, B0GCCD2149, B0GGGKC6RC, B0GCC8TX34, B0GGFZ5DM8, B0GCCZ1LQK, B0GCCMKHKV, B0GCCL73DD, B0GCCB8WQ9, B0GCC1TQL4, B0GC9S2BN7, B0GCCTVSG8, B0GGFYW6H5, B0GCBNPQ1P, B0GCBZTKRN, B0GCBZWPGC, B0GCBM7MBK, B0GGGYJ7VP, B0GCC221H3, B0GCCB8WQK, B0GGG3BCXJ, B0GCCZ2T6G, B0GCBMGNV3, B0GCBPBNJW, B0GCCBV87D, B0GCCLJQD9, B0GCCC3MPQ, B0GGG3RDK9, B0GCCMP9JG, B0GCB55F5Q, B0GCBZSNJR, B0GCCWD8G5, B0GCCLGCV1, B0GCDMQQXB, B0GCCP8BNC, B0GGG95SCR, B0GCB4ZNGY, B0GCD6VJ9F]",amzn1.campaign.2QHCVN2JKJ4MV,💖 Vepose Women’s 8216 Lightweight Sneakers-Looking for Amazon Influencers! ✨,VEPOSE,2026-07-21,2027-02-01,10.00%,5000.0,5000.0,0,800,false
"[B0DPPSTQH9, B0FLQ6ZXNH, B0DFW7V9BF, B0CW31C6JK, B0DPPRY3FH]",amzn1.campaign.1HDQMLEFBN9SF,"Unicorn Gift for 1-2 Years Old Girl, Girl Toys with Magnetic Letters and Numbers",Qrytoi,2026-07-21,2026-10-01,10.00%,5000.0,5000.0,0,800,false
"[B0D9VXMMRR, B0D9VWVQ6S, B0D9VVRGK4]",amzn1.campaign.2O0CQVZOBPK3W,❄️Soothe & Glow — Cooling Eye Mask Influencer Drop--HGLNJ1P100,FACEMOON,2026-07-27,2026-10-29,10.00%,10000.0,10000.0,0,800,false
"[B0CNVBM6QB, B0GCLLRYD1, B0G2PPKT2L, B0D22MWLW2, B0DZMVH9N3, B0CP1R3M24, B0FGJJ3L7T, B0G2PGCWZ3, B0D22MV53G, B0DKT6DY2D, B0CNT8Z1BS, B0F8QPTXXK, B0DK1L55QC, B0G2PFM3YB, B0GCLC1VY2, B0DMF8DHJK, B0GCMPWZ9C, B0DMF7MDL4, B0DMN322CM, B0D1K25WDM, B0D1K7CLLT, B0D1K7DTRB, B0F8V81XY3, B0DK1PS4WX, B0DMF6NHKJ, B0FGJFGJNV, B0CNVBJWL1, B0DT19S9DD, B0DZMT2KPY, B0CNT8G87T, B0FHQC9LBD, B0DZMXK5DV, B0CYC4CLQQ, B0FVF5NH4M, B0D22KH5D4, B0DJSBKS1V, B0G2PM7SHH, B0DKT695C8, B0DMF6WV4C, B0G2PJTQP1, B0G2PP5N6Q, B0FVF2W6MN, B0D78X9FKL, B0D795LNV5, B0DKT57ZLS, B0DK1MYRVN, B0DMN56SHL, B0FH43Y199, B0D22LZY3V, B0DKT66TYC, B0G2PZDMTQ, B0DMF7G31Z, B0FHQBPS7W, B0G2PVG6HS, B0DT197X83, B0GCM7PMHJ, B0GCM8283H, B0DK1P1115, B0DMFC5F4Z, B0FVDSRNGR, B0DMFBGY9J, B0FN7QSFZF, B0DKT7KV6H, B0DT19H3K6, B0DMND78BX, B0FVDPL2F6, B0G2PXQSD4, B0DMN31T99, B0FGJCXKQS, B0DZG8N74J, B0D2L3CC7Q, B0GCMHMWZZ, B0DKT6XPJ2, B0G2Q79PNV, B0FGJCY87X, B0DMF6XR7F, B0DZFL4BJ4, B0CYC2R63B, B0G2PLRGG4, B0FN7QFCQ1, B0CYBMK8RR, B0DT15RM7D, B0FHQFT15G, B0CP1RBF44, B0DMN5NPYT, B0DK1L4GCD, B0DMFB3LMK, B0DMF6QQ18, B0CYC498B2, B0FVDQ8WKK, B0DK1PGT6R, B0F8QQ613C, B0DK1NDWTS, B0FGJFF8K5, B0FGJFF8K3, B0F18WWV8R, B0F8VPNRVQ, B0DK1PG3ND, B0FH42Z7BW, B0FH4252P6, B0D2L1VRWB, B0G2PN49DQ, B0G2PZR51W, B0DMN8CSD3, B0G2PP8XFC, B0DMFBJN5F, B0DMN3T6K3, B0G2PHXNSG, B0DMFCFGHP, B0FVF2N9QF, B0FVDT6TXK, B0DKT6S6TH, B0CP1S538Q, B0G2PM9T87, B0DKT5CYLT, B0F8QP292B, B0DMF42VTQ, B0FN7RG947, B0DT15GYQT, B0G2Q1HBFL, B0CNV7SCJD, B0G2PWPX8V, B0G2PRDMDS, B0DKT7JQTC, B0GCLLNGVN, B0G2PJ9VCZ, B0DMN4L5SR, B0D791LCFC, B0DMF96BC6, B0CNT9KFX9, B0DKT5GFB2, B0G2NVMFYW, B0GCMJQDK5, B0DKT682SF, B0DMN44P7S, B0CYC3MWJH, B0CNT938BP, B0FGJCWYRS, B0DMF899P1, B0G2Q4Q5TJ, B0G2PPCMRJ, B0CYC65DGH, B0D2L3V73F, B0DMN5G7RB, B0DMN4K277, B0G2P831ND, B0G2Q4T1R9, B0D2L2DC5D, B0DT1939JR, B0FGJ78NXZ, B0G2QDMWZK, B0CYC2HL14, B0DT1CYWXC, B0F8TYLWNB, B0DZGCXKQR, B0CYBMMZH6, B0FVDC7PNN, B0DKT61V62, B0GCLBQX11, B0D1K5JZGK, B0FVD6KBYZ, B0G2PJY4R6, B0DMN5FGCK, B0FGJCD7YV]",amzn1.campaign.4Z3RDFUJHJAC,"Bestsellers | 10% Off – Waist Chains, Backpacks, Clear Bags  All You Want！！！",NEOREAL,2026-07-21,2026-10-02,10.00%,5000.0,5000.0,19,800,false
"[B0CNVBM6QB, B0GCLLRYD1, B0G2PPKT2L, B0D22MWLW2, B0DZMVH9N3, B0CP1R3M24, B0FGJJ3L7T, B0G2PGCWZ3, B0D22MV53G, B0DKT6DY2D, B0CNT8Z1BS, B0F8QPTXXK, B0DK1L55QC, B0G2PFM3YB, B0GCLC1VY2, B0DMF8DHJK, B0GCMPWZ9C, B0DMF7MDL4, B0DMN322CM, B0D1K25WDM, B0D1K7CLLT, B0D1K7DTRB, B0F8V81XY3, B0DK1PS4WX, B0DMF6NHKJ, B0FGJFGJNV, B0CNVBJWL1, B0DT19S9DD, B0DZMT2KPY, B0CNT8G87T, B0FHQC9LBD, B0DZMXK5DV, B0CYC4CLQQ, B0FVF5NH4M, B0D22KH5D4, B0DJSBKS1V, B0G2PM7SHH, B0DKT695C8, B0DMF6WV4C, B0G2PJTQP1, B0G2PP5N6Q, B0FVF2W6MN, B0D78X9FKL, B0D795LNV5, B0DKT57ZLS, B0DK1MYRVN, B0DMN56SHL, B0FH43Y199, B0D22LZY3V, B0DKT66TYC, B0G2PZDMTQ, B0DMF7G31Z, B0FHQBPS7W, B0G2PVG6HS, B0DT197X83, B0GCM7PMHJ, B0GCM8283H, B0DK1P1115, B0DMFC5F4Z, B0FVDSRNGR, B0DMFBGY9J, B0FN7QSFZF, B0DKT7KV6H, B0DT19H3K6, B0DMND78BX, B0FVDPL2F6, B0G2PXQSD4, B0DMN31T99, B0FGJCXKQS, B0DZG8N74J, B0D2L3CC7Q, B0GCMHMWZZ, B0DKT6XPJ2, B0G2Q79PNV, B0FGJCY87X, B0DMF6XR7F, B0DZFL4BJ4, B0CYC2R63B, B0G2PLRGG4, B0FN7QFCQ1, B0CYBMK8RR, B0DT15RM7D, B0FHQFT15G, B0CP1RBF44, B0DMN5NPYT, B0DK1L4GCD, B0DMFB3LMK, B0DMF6QQ18, B0CYC498B2, B0FVDQ8WKK, B0DK1PGT6R, B0F8QQ613C, B0DK1NDWTS, B0FGJFF8K5, B0FGJFF8K3, B0F18WWV8R, B0F8VPNRVQ, B0DK1PG3ND, B0FH42Z7BW, B0FH4252P6, B0D2L1VRWB, B0G2PN49DQ, B0G2PZR51W, B0DMN8CSD3, B0G2PP8XFC, B0DMFBJN5F, B0DMN3T6K3, B0G2PHXNSG, B0DMFCFGHP, B0FVF2N9QF, B0FVDT6TXK, B0DKT6S6TH, B0CP1S538Q, B0G2PM9T87, B0DKT5CYLT, B0F8QP292B, B0DMF42VTQ, B0FN7RG947, B0DT15GYQT, B0G2Q1HBFL, B0CNV7SCJD, B0G2PWPX8V, B0G2PRDMDS, B0DKT7JQTC, B0GCLLNGVN, B0G2PJ9VCZ, B0DMN4L5SR, B0D791LCFC, B0DMF96BC6, B0CNT9KFX9, B0DKT5GFB2, B0G2NVMFYW, B0GCMJQDK5, B0DKT682SF, B0DMN44P7S, B0CYC3MWJH, B0CNT938BP, B0FGJCWYRS, B0DMF899P1, B0G2Q4Q5TJ, B0G2PPCMRJ, B0CYC65DGH, B0D2L3V73F, B0DMN5G7RB, B0DMN4K277, B0G2P831ND, B0G2Q4T1R9, B0D2L2DC5D, B0DT1939JR, B0FGJ78NXZ, B0G2QDMWZK, B0CYC2HL14, B0DT1CYWXC, B0F8TYLWNB, B0DZGCXKQR, B0CYBMMZH6, B0FVDC7PNN, B0DKT61V62, B0GCLBQX11, B0D1K5JZGK, B0FVD6KBYZ, B0G2PJY4R6, B0DMN5FGCK, B0FGJCD7YV]",amzn1.campaign.2F296A6YOHY4Q,"Bestsellers | 10% Off – Waist Chains, Backpacks, Clear Bags  All You Want！！！",NEOREAL,2026-07-21,2026-10-01,10.00%,5000.0,5000.0,16,800,false
"[B0BMLCBY71, B0811HV7SF, B0811HRSJK, B0DYK4ZSG6, B0DYK6B9JK, B0GH1BM7HQ, B082XPTV8D, B0DYJZ54P9, B0GLZRKRVY, B0DYK2F23N, B0GH11T38M, B0GH1C4DCC]",amzn1.campaign.32OH7BBZMVZEP,4.4⭐ Men’s Double Prong Belt | 10% Commission (moB004),XZQTIVE,2026-07-21,2026-12-31,10.00%,5000.0,5000.0,0,800,false
"[B0G8KJPZ4X, B0DQTK11XD, B0DQTDQB2W, B0DQTBLKP7, B099F2SNTK, B096F4T83Z, B0DQ8PQQFV, B0DQSS7TZ8, B09YM6YS16, B0BWMNHTTQ, B0C4H49J7V, B096F6YSRY, B0DQSV6CK5, B0BWMNWVCZ, B0G8KCWV7Q, B0G8KCWV87, B0DQTSRQ4X, B0BWMNWJ6M, B0CX134TC9, B096F7Q9RM, B0CX1J578F, B0DQTKFP7D, B0G8KYLWVR, B0BWMNKMM4, B0BWMNGR9Z, B0CX14559R, B0CX19149C, B0BWMN94ZH, B0BWMNN34H, B0G8K37511]",amzn1.campaign.CVSJQDYL2I9T,BIKINX Summer Swimwear Deal Save 55% Now -HY-5405,BIKINX,2026-07-21,2026-09-27,10.00%,5000.0,5000.0,0,800,false
"[B0CNVBM6QB, B0GCLLRYD1, B0G2PPKT2L, B0D22MWLW2, B0DZMVH9N3, B0CP1R3M24, B0FGJJ3L7T, B0G2PGCWZ3, B0D22MV53G, B0DKT6DY2D, B0CNT8Z1BS, B0F8QPTXXK, B0DK1L55QC, B0G2PFM3YB, B0GCLC1VY2, B0DMF8DHJK, B0GCMPWZ9C, B0DMF7MDL4, B0DMN322CM, B0D1K25WDM, B0D1K7CLLT, B0D1K7DTRB, B0F8V81XY3, B0DK1PS4WX, B0DMF6NHKJ, B0FGJFGJNV, B0CNVBJWL1, B0DT19S9DD, B0DZMT2KPY, B0CNT8G87T, B0FHQC9LBD, B0DZMXK5DV, B0CYC4CLQQ, B0FVF5NH4M, B0D22KH5D4, B0DJSBKS1V, B0G2PM7SHH, B0DKT695C8, B0DMF6WV4C, B0G2PJTQP1, B0G2PP5N6Q, B0FVF2W6MN, B0D78X9FKL, B0D795LNV5, B0DKT57ZLS, B0DK1MYRVN, B0DMN56SHL, B0FH43Y199, B0D22LZY3V, B0DKT66TYC, B0G2PZDMTQ, B0DMF7G31Z, B0FHQBPS7W, B0G2PVG6HS, B0DT197X83, B0GCM7PMHJ, B0GCM8283H, B0DK1P1115, B0DMFC5F4Z, B0FVDSRNGR, B0DMFBGY9J, B0FN7QSFZF, B0DKT7KV6H, B0DT19H3K6, B0DMND78BX, B0FVDPL2F6, B0G2PXQSD4, B0DMN31T99, B0FGJCXKQS, B0DZG8N74J, B0D2L3CC7Q, B0GCMHMWZZ, B0DKT6XPJ2, B0G2Q79PNV, B0FGJCY87X, B0DMF6XR7F, B0DZFL4BJ4, B0CYC2R63B, B0G2PLRGG4, B0FN7QFCQ1, B0CYBMK8RR, B0DT15RM7D, B0FHQFT15G, B0CP1RBF44, B0DMN5NPYT, B0DK1L4GCD, B0DMFB3LMK, B0DMF6QQ18, B0CYC498B2, B0FVDQ8WKK, B0DK1PGT6R, B0F8QQ613C, B0DK1NDWTS, B0FGJFF8K5, B0FGJFF8K3, B0F18WWV8R, B0F8VPNRVQ, B0DK1PG3ND, B0FH42Z7BW, B0FH4252P6, B0D2L1VRWB, B0G2PN49DQ, B0G2PZR51W, B0DMN8CSD3, B0G2PP8XFC, B0DMFBJN5F, B0DMN3T6K3, B0G2PHXNSG, B0DMFCFGHP, B0FVF2N9QF, B0FVDT6TXK, B0DKT6S6TH, B0CP1S538Q, B0G2PM9T87, B0DKT5CYLT, B0F8QP292B, B0DMF42VTQ, B0FN7RG947, B0DT15GYQT, B0G2Q1HBFL, B0CNV7SCJD, B0G2PWPX8V, B0G2PRDMDS, B0DKT7JQTC, B0GCLLNGVN, B0G2PJ9VCZ, B0DMN4L5SR, B0D791LCFC, B0DMF96BC6, B0CNT9KFX9, B0DKT5GFB2, B0G2NVMFYW, B0GCMJQDK5, B0DKT682SF, B0DMN44P7S, B0CYC3MWJH, B0CNT938BP, B0FGJCWYRS, B0DMF899P1, B0G2Q4Q5TJ, B0G2PPCMRJ, B0CYC65DGH, B0D2L3V73F, B0DMN5G7RB, B0DMN4K277, B0G2P831ND, B0G2Q4T1R9, B0D2L2DC5D, B0DT1939JR, B0FGJ78NXZ, B0G2QDMWZK, B0CYC2HL14, B0DT1CYWXC, B0F8TYLWNB, B0DZGCXKQR, B0CYBMMZH6, B0FVDC7PNN, B0DKT61V62, B0GCLBQX11, B0D1K5JZGK, B0FVD6KBYZ, B0G2PJY4R6, B0DMN5FGCK, B0FGJCD7YV]",amzn1.campaign.BVQWMDPSCLCU,"Bestsellers | 10% Off – Waist Chains, Backpacks, Clear Bags  All You Want！！！",NEOREAL,2026-07-21,2026-11-30,10.00%,5000.0,5000.0,20,800,false
"[B0D9VXMMRR, B0D9VWVQ6S, B0D9VVRGK4]",amzn1.campaign.3P8ANRTIXJZXW,✨Chill & Shine — Cooling Eye Mask Creator Collab--HGLNJ1P100,FACEMOON,2026-07-27,2026-10-28,10.00%,10000.0,10000.0,0,800,false
"[B0CNVBM6QB, B0GCLLRYD1, B0G2PPKT2L, B0D22MWLW2, B0DZMVH9N3, B0CP1R3M24, B0FGJJ3L7T, B0G2PGCWZ3, B0D22MV53G, B0DKT6DY2D, B0CNT8Z1BS, B0F8QPTXXK, B0DK1L55QC, B0G2PFM3YB, B0GCLC1VY2, B0DMF8DHJK, B0GCMPWZ9C, B0DMF7MDL4, B0DMN322CM, B0D1K25WDM, B0D1K7CLLT, B0D1K7DTRB, B0F8V81XY3, B0DK1PS4WX, B0DMF6NHKJ, B0FGJFGJNV, B0CNVBJWL1, B0DT19S9DD, B0DZMT2KPY, B0CNT8G87T, B0FHQC9LBD, B0DZMXK5DV, B0CYC4CLQQ, B0FVF5NH4M, B0D22KH5D4, B0DJSBKS1V, B0G2PM7SHH, B0DKT695C8, B0DMF6WV4C, B0G2PJTQP1, B0G2PP5N6Q, B0FVF2W6MN, B0D78X9FKL, B0D795LNV5, B0DKT57ZLS, B0DK1MYRVN, B0DMN56SHL, B0FH43Y199, B0D22LZY3V, B0DKT66TYC, B0G2PZDMTQ, B0DMF7G31Z, B0FHQBPS7W, B0G2PVG6HS, B0DT197X83, B0GCM7PMHJ, B0GCM8283H, B0DK1P1115, B0DMFC5F4Z, B0FVDSRNGR, B0DMFBGY9J, B0FN7QSFZF, B0DKT7KV6H, B0DT19H3K6, B0DMND78BX, B0FVDPL2F6, B0G2PXQSD4, B0DMN31T99, B0FGJCXKQS, B0DZG8N74J, B0D2L3CC7Q, B0GCMHMWZZ, B0DKT6XPJ2, B0G2Q79PNV, B0FGJCY87X, B0DMF6XR7F, B0DZFL4BJ4, B0CYC2R63B, B0G2PLRGG4, B0FN7QFCQ1, B0CYBMK8RR, B0DT15RM7D, B0FHQFT15G, B0CP1RBF44, B0DMN5NPYT, B0DK1L4GCD, B0DMFB3LMK, B0DMF6QQ18, B0CYC498B2, B0FVDQ8WKK, B0DK1PGT6R, B0F8QQ613C, B0DK1NDWTS, B0FGJFF8K5, B0FGJFF8K3, B0F18WWV8R, B0F8VPNRVQ, B0DK1PG3ND, B0FH42Z7BW, B0FH4252P6, B0D2L1VRWB, B0G2PN49DQ, B0G2PZR51W, B0DMN8CSD3, B0G2PP8XFC, B0DMFBJN5F, B0DMN3T6K3, B0G2PHXNSG, B0DMFCFGHP, B0FVF2N9QF, B0FVDT6TXK, B0DKT6S6TH, B0CP1S538Q, B0G2PM9T87, B0DKT5CYLT, B0F8QP292B, B0DMF42VTQ, B0FN7RG947, B0DT15GYQT, B0G2Q1HBFL, B0CNV7SCJD, B0G2PWPX8V, B0G2PRDMDS, B0DKT7JQTC, B0GCLLNGVN, B0G2PJ9VCZ, B0DMN4L5SR, B0D791LCFC, B0DMF96BC6, B0CNT9KFX9, B0DKT5GFB2, B0G2NVMFYW, B0GCMJQDK5, B0DKT682SF, B0DMN44P7S, B0CYC3MWJH, B0CNT938BP, B0FGJCWYRS, B0DMF899P1, B0G2Q4Q5TJ, B0G2PPCMRJ, B0CYC65DGH, B0D2L3V73F, B0DMN5G7RB, B0DMN4K277, B0G2P831ND, B0G2Q4T1R9, B0D2L2DC5D, B0DT1939JR, B0FGJ78NXZ, B0G2QDMWZK, B0CYC2HL14, B0DT1CYWXC, B0F8TYLWNB, B0DZGCXKQR, B0CYBMMZH6, B0FVDC7PNN, B0DKT61V62, B0GCLBQX11, B0D1K5JZGK, B0FVD6KBYZ, B0G2PJY4R6, B0DMN5FGCK, B0FGJCD7YV]",amzn1.campaign.ZG3LR8WUEDWQ,"Bestsellers | 10% Off – Waist Chains, Backpacks, Clear Bags  All You Want！！！",NEOREAL,2026-07-21,2026-11-29,10.00%,5000.0,5000.0,20,800,false
"[B0CNVBM6QB, B0GCLLRYD1, B0G2PPKT2L, B0D22MWLW2, B0DZMVH9N3, B0CP1R3M24, B0FGJJ3L7T, B0G2PGCWZ3, B0D22MV53G, B0DKT6DY2D, B0CNT8Z1BS, B0F8QPTXXK, B0DK1L55QC, B0G2PFM3YB, B0GCLC1VY2, B0DMF8DHJK, B0GCMPWZ9C, B0DMF7MDL4, B0DMN322CM, B0D1K25WDM, B0D1K7CLLT, B0D1K7DTRB, B0F8V81XY3, B0DK1PS4WX, B0DMF6NHKJ, B0FGJFGJNV, B0CNVBJWL1, B0DT19S9DD, B0DZMT2KPY, B0CNT8G87T, B0FHQC9LBD, B0DZMXK5DV, B0CYC4CLQQ, B0FVF5NH4M, B0D22KH5D4, B0DJSBKS1V, B0G2PM7SHH, B0DKT695C8, B0DMF6WV4C, B0G2PJTQP1, B0G2PP5N6Q, B0FVF2W6MN, B0D78X9FKL, B0D795LNV5, B0DKT57ZLS, B0DK1MYRVN, B0DMN56SHL, B0FH43Y199, B0D22LZY3V, B0DKT66TYC, B0G2PZDMTQ, B0DMF7G31Z, B0FHQBPS7W, B0G2PVG6HS, B0DT197X83, B0GCM7PMHJ, B0GCM8283H, B0DK1P1115, B0DMFC5F4Z, B0FVDSRNGR, B0DMFBGY9J, B0FN7QSFZF, B0DKT7KV6H, B0DT19H3K6, B0DMND78BX, B0FVDPL2F6, B0G2PXQSD4, B0DMN31T99, B0FGJCXKQS, B0DZG8N74J, B0D2L3CC7Q, B0GCMHMWZZ, B0DKT6XPJ2, B0G2Q79PNV, B0FGJCY87X, B0DMF6XR7F, B0DZFL4BJ4, B0CYC2R63B, B0G2PLRGG4, B0FN7QFCQ1, B0CYBMK8RR, B0DT15RM7D, B0FHQFT15G, B0CP1RBF44, B0DMN5NPYT, B0DK1L4GCD, B0DMFB3LMK, B0DMF6QQ18, B0CYC498B2, B0FVDQ8WKK, B0DK1PGT6R, B0F8QQ613C, B0DK1NDWTS, B0FGJFF8K5, B0FGJFF8K3, B0F18WWV8R, B0F8VPNRVQ, B0DK1PG3ND, B0FH42Z7BW, B0FH4252P6, B0D2L1VRWB, B0G2PN49DQ, B0G2PZR51W, B0DMN8CSD3, B0G2PP8XFC, B0DMFBJN5F, B0DMN3T6K3, B0G2PHXNSG, B0DMFCFGHP, B0FVF2N9QF, B0FVDT6TXK, B0DKT6S6TH, B0CP1S538Q, B0G2PM9T87, B0DKT5CYLT, B0F8QP292B, B0DMF42VTQ, B0FN7RG947, B0DT15GYQT, B0G2Q1HBFL, B0CNV7SCJD, B0G2PWPX8V, B0G2PRDMDS, B0DKT7JQTC, B0GCLLNGVN, B0G2PJ9VCZ, B0DMN4L5SR, B0D791LCFC, B0DMF96BC6, B0CNT9KFX9, B0DKT5GFB2, B0G2NVMFYW, B0GCMJQDK5, B0DKT682SF, B0DMN44P7S, B0CYC3MWJH, B0CNT938BP, B0FGJCWYRS, B0DMF899P1, B0G2Q4Q5TJ, B0G2PPCMRJ, B0CYC65DGH, B0D2L3V73F, B0DMN5G7RB, B0DMN4K277, B0G2P831ND, B0G2Q4T1R9, B0D2L2DC5D, B0DT1939JR, B0FGJ78NXZ, B0G2QDMWZK, B0CYC2HL14, B0DT1CYWXC, B0F8TYLWNB, B0DZGCXKQR, B0CYBMMZH6, B0FVDC7PNN, B0DKT61V62, B0GCLBQX11, B0D1K5JZGK, B0FVD6KBYZ, B0G2PJY4R6, B0DMN5FGCK, B0FGJCD7YV]",amzn1.campaign.IV2QBQCH2YOH,"Bestsellers | 10% Off – Waist Chains, Backpacks, Clear Bags  All You Want！！！",NEOREAL,2026-07-21,2026-11-28,10.00%,5000.0,5000.0,21,800,false
"[B0CNVBM6QB, B0GCLLRYD1, B0G2PPKT2L, B0D22MWLW2, B0DZMVH9N3, B0CP1R3M24, B0FGJJ3L7T, B0G2PGCWZ3, B0D22MV53G, B0DKT6DY2D, B0CNT8Z1BS, B0F8QPTXXK, B0DK1L55QC, B0G2PFM3YB, B0GCLC1VY2, B0DMF8DHJK, B0GCMPWZ9C, B0DMF7MDL4, B0DMN322CM, B0D1K25WDM, B0D1K7CLLT, B0D1K7DTRB, B0F8V81XY3, B0DK1PS4WX, B0DMF6NHKJ, B0FGJFGJNV, B0CNVBJWL1, B0DT19S9DD, B0DZMT2KPY, B0CNT8G87T, B0FHQC9LBD, B0DZMXK5DV, B0CYC4CLQQ, B0FVF5NH4M, B0D22KH5D4, B0DJSBKS1V, B0G2PM7SHH, B0DKT695C8, B0DMF6WV4C, B0G2PJTQP1, B0G2PP5N6Q, B0FVF2W6MN, B0D78X9FKL, B0D795LNV5, B0DKT57ZLS, B0DK1MYRVN, B0DMN56SHL, B0FH43Y199, B0D22LZY3V, B0DKT66TYC, B0G2PZDMTQ, B0DMF7G31Z, B0FHQBPS7W, B0G2PVG6HS, B0DT197X83, B0GCM7PMHJ, B0GCM8283H, B0DK1P1115, B0DMFC5F4Z, B0FVDSRNGR, B0DMFBGY9J, B0FN7QSFZF, B0DKT7KV6H, B0DT19H3K6, B0DMND78BX, B0FVDPL2F6, B0G2PXQSD4, B0DMN31T99, B0FGJCXKQS, B0DZG8N74J, B0D2L3CC7Q, B0GCMHMWZZ, B0DKT6XPJ2, B0G2Q79PNV, B0FGJCY87X, B0DMF6XR7F, B0DZFL4BJ4, B0CYC2R63B, B0G2PLRGG4, B0FN7QFCQ1, B0CYBMK8RR, B0DT15RM7D, B0FHQFT15G, B0CP1RBF44, B0DMN5NPYT, B0DK1L4GCD, B0DMFB3LMK, B0DMF6QQ18, B0CYC498B2, B0FVDQ8WKK, B0DK1PGT6R, B0F8QQ613C, B0DK1NDWTS, B0FGJFF8K5, B0FGJFF8K3, B0F18WWV8R, B0F8VPNRVQ, B0DK1PG3ND, B0FH42Z7BW, B0FH4252P6, B0D2L1VRWB, B0G2PN49DQ, B0G2PZR51W, B0DMN8CSD3, B0G2PP8XFC, B0DMFBJN5F, B0DMN3T6K3, B0G2PHXNSG, B0DMFCFGHP, B0FVF2N9QF, B0FVDT6TXK, B0DKT6S6TH, B0CP1S538Q, B0G2PM9T87, B0DKT5CYLT, B0F8QP292B, B0DMF42VTQ, B0FN7RG947, B0DT15GYQT, B0G2Q1HBFL, B0CNV7SCJD, B0G2PWPX8V, B0G2PRDMDS, B0DKT7JQTC, B0GCLLNGVN, B0G2PJ9VCZ, B0DMN4L5SR, B0D791LCFC, B0DMF96BC6, B0CNT9KFX9, B0DKT5GFB2, B0G2NVMFYW, B0GCMJQDK5, B0DKT682SF, B0DMN44P7S, B0CYC3MWJH, B0CNT938BP, B0FGJCWYRS, B0DMF899P1, B0G2Q4Q5TJ, B0G2PPCMRJ, B0CYC65DGH, B0D2L3V73F, B0DMN5G7RB, B0DMN4K277, B0G2P831ND, B0G2Q4T1R9, B0D2L2DC5D, B0DT1939JR, B0FGJ78NXZ, B0G2QDMWZK, B0CYC2HL14, B0DT1CYWXC, B0F8TYLWNB, B0DZGCXKQR, B0CYBMMZH6, B0FVDC7PNN, B0DKT61V62, B0GCLBQX11, B0D1K5JZGK, B0FVD6KBYZ, B0G2PJY4R6, B0DMN5FGCK, B0FGJCD7YV]",amzn1.campaign.W222ZA24Z8AM,"Bestsellers | 10% Off – Waist Chains, Backpacks, Clear Bags  All You Want！！！",NEOREAL,2026-07-21,2026-11-27,10.00%,5000.0,5000.0,20,800,false
"[B0FZ8TBZYX, B0FZ8SHV4Q, B0DJ1ZMP5J, B0DJ1Y6DZK, B0DLVW286C, B0FZ8R5RX3, B0DGL6NCCN, B0DGL989FB, B0DLVT186G, B0DNF331MB, B0DNDZCN78, B0FZ8R112Y, B0DLVV7RGF, B0DLVVBS6K, B0DNF34LBH, B0DGL6JFM8, B0DJ1YW4KB, B0DLVV8TRZ, B0DNF542PY, B0DGL6Q3FG, B0FZ8TQX9N, B0DGL7XT2C, B0DGL73J46, B0DNF1YJCP, B0FZ8QCWB5, B0DGL7TVNW, B0FZ8WG27Y, B0DNF1299G, B0DJ1XXK75, B0DJ1ZJQ8W, B0DGLHNT8T, B0DGL7TKCD, B0DQK9L3P4, B0DNF54ZFF, B0DNF3BCHF, B0DNF2H9YT, B0FZ8VC672]",amzn1.campaign.X0GA11FKOW3F,Women’s Turtleneck Sweater Vest (10%-249077),Hixiaohe,2026-07-21,2027-07-21,10.00%,5000.0,5000.0,0,800,false
"[B0G8KJPZ4X, B0DQTK11XD, B0DQTDQB2W, B0DQTBLKP7, B099F2SNTK, B096F4T83Z, B0DQ8PQQFV, B0DQSS7TZ8, B09YM6YS16, B0BWMNHTTQ, B0C4H49J7V, B096F6YSRY, B0DQSV6CK5, B0BWMNWVCZ, B0G8KCWV7Q, B0G8KCWV87, B0DQTSRQ4X, B0BWMNWJ6M, B0CX134TC9, B096F7Q9RM, B0CX1J578F, B0DQTKFP7D, B0G8KYLWVR, B0BWMNKMM4, B0BWMNGR9Z, B0CX14559R, B0CX19149C, B0BWMN94ZH, B0BWMNN34H, B0G8K37511]",amzn1.campaign.1SS1EIMGQ0O93,Fashion Bikini Sale Now Only $14.99 Limited Time -HY-5405,BIKINX,2026-07-21,2026-09-26,10.00%,5000.0,5000.0,0,800,false
"[B0GY8CQZ8S, B0GVR5NFZH]",amzn1.campaign.1297DDB75CSQ4,Air Dry Clay Kit for Kids 12 Pack,Porlinquus,2026-07-21,2027-05-25,10.00%,5000.0,5000.0,0,800,false
"[B0FCMBG3TH, B0FCM92S2S, B0FCLQXMRT, B0FSL8VG2F, B0FCMC88Y9, B0FSL8N3V7, B0FCLR4561, B0FCLMXLDK, B0FSL8GNGG, B0FCMDKKRB, B0FSL68QPD, B0FSL8Q6W6, B0FSL7H9LP, B0FSL8VF6X, B0FCLWTHVW, B0FSL5BH1M, B0FCLRB26N, B0FCLPMH1K, B0FCLQYQN6, B0FSL8XF2N, B0FCLRZ1P4, B0FCLTJ39M, B0FCLX3LXK, B0FSL9RLD7, B0FSL58VBQ, B0FCM23W22, B0FCM8KTCZ, B0FSL8MNXS, B0FSLCKHJS, B0FSL8ZPSY, B0FCMCBJV2, B0FCMBQYLS, B0FCLX16LL, B0FS1N2DG4, B0FCM6LN9X, B0FSL8D8LB, B0FSL7RZ9X, B0FSL6CT72, B0FSLBQXXK, B0FCLW29YM, B0FCLKSBXQ, B0FVCG2GLR]",amzn1.campaign.ORCGDSJ1AR8U,10% Commission 💰 4.6⭐Punk Wide Belt: Gold Rivets & Elastic Sides | B228,XZQTIVE,2026-07-21,2026-12-31,10.00%,5000.0,5000.0,0,800,false
"[B0GGXLWQZS, B0GGXV4VTH, B0GGXP3BCQ]",amzn1.campaign.6ZMC0G7AE40P,Only $7.99 for True No Show Socks for Women 2026,Horuru,2026-07-21,2027-03-31,10.00%,5000.0,4995.3,0,800,false
"[B0GQ3FDXQ2, B0GQHMXWNV, B0GQHC4BKF]",amzn1.campaign.254LQ8ZXHBCCF,Earn 20% ($7.99/sale) | 4.4★ Filtered Shower Head | $10K in 3 months,JOMSTHOME,2026-07-21,2026-10-21,20.00%,10000.0,10000.0,0,800,false
"[B0GL6ZV9DQ, B0GMNSZDN6, B0DQ7MJB6K, B0DQ7JL3V5, B0DQ7LS64W, B0DQ7LWXTF, B0DQ7S7T92, B0DQ7JQWCN]",amzn1.campaign.DPGUF0XCC2VL,"MIGURA Wig ""Show your beauty"" wig promotion Event",MIGURA,2026-07-21,2026-11-30,10.00%,8888.0,8888.0,0,800,false
"[B0DTH8NDG9, B0DTH8PSFH, B0DTH7F4NX, B0F6XT2GBT, B0DTH79C9V, B0DTH7DJY2, B0DTH89X4C, B0F6XK8KJC, B0DTH96CH6, B0DTH98FTC, B0DTH9ZBLH, B0DTH96S2K, B0DTH7Q48S, B0DTH9XPRW, B0DTHB1RWP, B0DTH8L9JH, B0DTH8DPSW, B0DTH8N1HQ, B0F6XKSY1P, B0DTH9GG79, B0F6XW7827, B0F6XZH7YH, B0DTH8F7XH, B0F6XW3WKW, B0DTH9SJ5S, B0F6XMP6Q2, B0DTH8H4X6, B0DTH9M36J, B0DTH6WYVZ, B0DTH85P5Q, B0F6XMPJBW, B0F6XMM63W, B0DTH7KFB7, B0DTH8DVN8, B0F6XV1RSN, B0F6XKJVXC, B0DTH8LP9R, B0DTH7KZCM, B0F6XSB24N, B0DTH7SWNF, B0DTH87TCF, B0F6XMY9NL, B0DTH71SPW, B0DTH8T61X, B0DTH9PHYH, B0DTH95QWW, B0F6Y5ZCXC, B0DTH83B3R, B0F6XJXRH2, B0DTH8CNXM]",amzn1.campaign.QSGW2AITMIP4,J7K176-Cicy Bell Womens Summer V Neck Vest Blazer-10% commission,Cicy Bell,2026-07-21,2026-09-30,10.00%,5000.0,5000.0,0,800,false
"[B0G8KJPZ4X, B0DQTK11XD, B0DQTDQB2W, B0DQTBLKP7, B099F2SNTK, B096F4T83Z, B0DQ8PQQFV, B0DQSS7TZ8, B09YM6YS16, B0BWMNHTTQ, B0C4H49J7V, B096F6YSRY, B0DQSV6CK5, B0BWMNWVCZ, B0G8KCWV7Q, B0G8KCWV87, B0DQTSRQ4X, B0BWMNWJ6M, B0CX134TC9, B096F7Q9RM, B0CX1J578F, B0DQTKFP7D, B0G8KYLWVR, B0BWMNKMM4, B0BWMNGR9Z, B0CX14559R, B0CX19149C, B0BWMN94ZH, B0BWMNN34H, B0G8K37511]",amzn1.campaign.27MX88BJ5MTZB,Exclusive Bikini Deal Save 55% This Summer -HY-5405,BIKINX,2026-07-21,2026-09-25,10.00%,5000.0,5000.0,0,800,false
"[B0GT8SL3LT, B0FB3JJ57Z, B0FWRFMCY3, B0FZFVWLTG, B0C9WXG7HT, B0FWRMYR3N, B0FB3JLT9Y, B0GT8RK3TV, B0FXWRW3LP, B0GT8RSW5R, B0G1LM9QYB, B0G1LVL5KS, B0GT8RS66Q, B0G1LRJY46, B0FWRF9NRQ, B0FB3JV7FF, B0C9WY9L66, B0FB3KS5XK, B0GT8R458T, B0FWRMY8NJ]",amzn1.campaign.1EEG1CGJ0JA2V,"👠 Women’s Bold Red Glossy Patent Belt with D-Shaped Buckle, B161",XZQTIVE,2026-07-21,2026-12-31,10.00%,5000.0,5000.0,0,800,false
"[B0GXYMHBYG, B0FS5S57H2]",amzn1.campaign.NYE969A9F2PM,Collab: Outdoor Travel Enthusiasts. (Lanlelin Pontoon Boat Cover 24ft-26ft),Lanlelin,2026-07-21,2026-09-30,10.00%,5000.0,4974.0,0,800,false
[B0FX2Z353N],amzn1.campaign.29E1BNRJ9LSH0,💰20% Commision. | 2-Pack Sink Stopper|GLQ03,JOMSTHOME,2026-07-21,2026-10-21,20.00%,10000.0,10000.0,0,800,false
"[B0CNVBM6QB, B0GCLLRYD1, B0G2PPKT2L, B0D22MWLW2, B0DZMVH9N3, B0CP1R3M24, B0FGJJ3L7T, B0G2PGCWZ3, B0D22MV53G, B0DKT6DY2D, B0CNT8Z1BS, B0F8QPTXXK, B0DK1L55QC, B0G2PFM3YB, B0GCLC1VY2, B0DMF8DHJK, B0GCMPWZ9C, B0DMF7MDL4, B0DMN322CM, B0D1K25WDM, B0D1K7CLLT, B0D1K7DTRB, B0F8V81XY3, B0DK1PS4WX, B0DMF6NHKJ, B0FGJFGJNV, B0CNVBJWL1, B0DT19S9DD, B0DZMT2KPY, B0CNT8G87T, B0FHQC9LBD, B0DZMXK5DV, B0CYC4CLQQ, B0FVF5NH4M, B0D22KH5D4, B0DJSBKS1V, B0G2PM7SHH, B0DKT695C8, B0DMF6WV4C, B0G2PJTQP1, B0G2PP5N6Q, B0FVF2W6MN, B0D78X9FKL, B0D795LNV5, B0DKT57ZLS, B0DK1MYRVN, B0DMN56SHL, B0FH43Y199, B0D22LZY3V, B0DKT66TYC, B0G2PZDMTQ, B0DMF7G31Z, B0FHQBPS7W, B0G2PVG6HS, B0DT197X83, B0GCM7PMHJ, B0GCM8283H, B0DK1P1115, B0DMFC5F4Z, B0FVDSRNGR, B0DMFBGY9J, B0FN7QSFZF, B0DKT7KV6H, B0DT19H3K6, B0DMND78BX, B0FVDPL2F6, B0G2PXQSD4, B0DMN31T99, B0FGJCXKQS, B0DZG8N74J, B0D2L3CC7Q, B0GCMHMWZZ, B0DKT6XPJ2, B0G2Q79PNV, B0FGJCY87X, B0DMF6XR7F, B0DZFL4BJ4, B0CYC2R63B, B0G2PLRGG4, B0FN7QFCQ1, B0CYBMK8RR, B0DT15RM7D, B0FHQFT15G, B0CP1RBF44, B0DMN5NPYT, B0DK1L4GCD, B0DMFB3LMK, B0DMF6QQ18, B0CYC498B2, B0FVDQ8WKK, B0DK1PGT6R, B0F8QQ613C, B0DK1NDWTS, B0FGJFF8K5, B0FGJFF8K3, B0F18WWV8R, B0F8VPNRVQ, B0DK1PG3ND, B0FH42Z7BW, B0FH4252P6, B0D2L1VRWB, B0G2PN49DQ, B0G2PZR51W, B0DMN8CSD3, B0G2PP8XFC, B0DMFBJN5F, B0DMN3T6K3, B0G2PHXNSG, B0DMFCFGHP, B0FVF2N9QF, B0FVDT6TXK, B0DKT6S6TH, B0CP1S538Q, B0G2PM9T87, B0DKT5CYLT, B0F8QP292B, B0DMF42VTQ, B0FN7RG947, B0DT15GYQT, B0G2Q1HBFL, B0CNV7SCJD, B0G2PWPX8V, B0G2PRDMDS, B0DKT7JQTC, B0GCLLNGVN, B0G2PJ9VCZ, B0DMN4L5SR, B0D791LCFC, B0DMF96BC6, B0CNT9KFX9, B0DKT5GFB2, B0G2NVMFYW, B0GCMJQDK5, B0DKT682SF, B0DMN44P7S, B0CYC3MWJH, B0CNT938BP, B0FGJCWYRS, B0DMF899P1, B0G2Q4Q5TJ, B0G2PPCMRJ, B0CYC65DGH, B0D2L3V73F, B0DMN5G7RB, B0DMN4K277, B0G2P831ND, B0G2Q4T1R9, B0D2L2DC5D, B0DT1939JR, B0FGJ78NXZ, B0G2QDMWZK, B0CYC2HL14, B0DT1CYWXC, B0F8TYLWNB, B0DZGCXKQR, B0CYBMMZH6, B0FVDC7PNN, B0DKT61V62, B0GCLBQX11, B0D1K5JZGK, B0FVD6KBYZ, B0G2PJY4R6, B0DMN5FGCK, B0FGJCD7YV]",amzn1.campaign.2EAXPHYYBRBFB,"Bestsellers | 10% Off – Waist Chains, Backpacks, Clear Bags  All You Want！！！",NEOREAL,2026-07-21,2026-11-26,10.00%,5000.0,5000.0,16,800,false
"[B0G8KJPZ4X, B0DQTK11XD, B0DQTDQB2W, B0DQTBLKP7, B099F2SNTK, B096F4T83Z, B0DQ8PQQFV, B0DQSS7TZ8, B09YM6YS16, B0BWMNHTTQ, B0C4H49J7V, B096F6YSRY, B0DQSV6CK5, B0BWMNWVCZ, B0G8KCWV7Q, B0G8KCWV87, B0DQTSRQ4X, B0BWMNWJ6M, B0CX134TC9, B096F7Q9RM, B0CX1J578F, B0DQTKFP7D, B0G8KYLWVR, B0BWMNKMM4, B0BWMNGR9Z, B0CX14559R, B0CX19149C, B0BWMN94ZH, B0BWMNN34H, B0G8K37511]",amzn1.campaign.29ZMRJS3L5SD3,Limited Offer Sexy Bikini Only $14.99 Today -HY-5405,BIKINX,2026-07-21,2026-09-24,10.00%,5000.0,5000.0,0,800,false
"[B0CNVBM6QB, B0GCLLRYD1, B0G2PPKT2L, B0D22MWLW2, B0DZMVH9N3, B0CP1R3M24, B0FGJJ3L7T, B0G2PGCWZ3, B0D22MV53G, B0DKT6DY2D, B0CNT8Z1BS, B0F8QPTXXK, B0DK1L55QC, B0G2PFM3YB, B0GCLC1VY2, B0DMF8DHJK, B0GCMPWZ9C, B0DMF7MDL4, B0DMN322CM, B0D1K25WDM, B0D1K7CLLT, B0D1K7DTRB, B0F8V81XY3, B0DK1PS4WX, B0DMF6NHKJ, B0FGJFGJNV, B0CNVBJWL1, B0DT19S9DD, B0DZMT2KPY, B0CNT8G87T, B0FHQC9LBD, B0DZMXK5DV, B0CYC4CLQQ, B0FVF5NH4M, B0D22KH5D4, B0DJSBKS1V, B0G2PM7SHH, B0DKT695C8, B0DMF6WV4C, B0G2PJTQP1, B0G2PP5N6Q, B0FVF2W6MN, B0D78X9FKL, B0D795LNV5, B0DKT57ZLS, B0DK1MYRVN, B0DMN56SHL, B0FH43Y199, B0D22LZY3V, B0DKT66TYC, B0G2PZDMTQ, B0DMF7G31Z, B0FHQBPS7W, B0G2PVG6HS, B0DT197X83, B0GCM7PMHJ, B0GCM8283H, B0DK1P1115, B0DMFC5F4Z, B0FVDSRNGR, B0DMFBGY9J, B0FN7QSFZF, B0DKT7KV6H, B0DT19H3K6, B0DMND78BX, B0FVDPL2F6, B0G2PXQSD4, B0DMN31T99, B0FGJCXKQS, B0DZG8N74J, B0D2L3CC7Q, B0GCMHMWZZ, B0DKT6XPJ2, B0G2Q79PNV, B0FGJCY87X, B0DMF6XR7F, B0DZFL4BJ4, B0CYC2R63B, B0G2PLRGG4, B0FN7QFCQ1, B0CYBMK8RR, B0DT15RM7D, B0FHQFT15G, B0CP1RBF44, B0DMN5NPYT, B0DK1L4GCD, B0DMFB3LMK, B0DMF6QQ18, B0CYC498B2, B0FVDQ8WKK, B0DK1PGT6R, B0F8QQ613C, B0DK1NDWTS, B0FGJFF8K5, B0FGJFF8K3, B0F18WWV8R, B0F8VPNRVQ, B0DK1PG3ND, B0FH42Z7BW, B0FH4252P6, B0D2L1VRWB, B0G2PN49DQ, B0G2PZR51W, B0DMN8CSD3, B0G2PP8XFC, B0DMFBJN5F, B0DMN3T6K3, B0G2PHXNSG, B0DMFCFGHP, B0FVF2N9QF, B0FVDT6TXK, B0DKT6S6TH, B0CP1S538Q, B0G2PM9T87, B0DKT5CYLT, B0F8QP292B, B0DMF42VTQ, B0FN7RG947, B0DT15GYQT, B0G2Q1HBFL, B0CNV7SCJD, B0G2PWPX8V, B0G2PRDMDS, B0DKT7JQTC, B0GCLLNGVN, B0G2PJ9VCZ, B0DMN4L5SR, B0D791LCFC, B0DMF96BC6, B0CNT9KFX9, B0DKT5GFB2, B0G2NVMFYW, B0GCMJQDK5, B0DKT682SF, B0DMN44P7S, B0CYC3MWJH, B0CNT938BP, B0FGJCWYRS, B0DMF899P1, B0G2Q4Q5TJ, B0G2PPCMRJ, B0CYC65DGH, B0D2L3V73F, B0DMN5G7RB, B0DMN4K277, B0G2P831ND, B0G2Q4T1R9, B0D2L2DC5D, B0DT1939JR, B0FGJ78NXZ, B0G2QDMWZK, B0CYC2HL14, B0DT1CYWXC, B0F8TYLWNB, B0DZGCXKQR, B0CYBMMZH6, B0FVDC7PNN, B0DKT61V62, B0GCLBQX11, B0D1K5JZGK, B0FVD6KBYZ, B0G2PJY4R6, B0DMN5FGCK, B0FGJCD7YV]",amzn1.campaign.1C8CLYGAOWMX7,"Bestsellers | 10% Off – Waist Chains, Backpacks, Clear Bags  All You Want！！！",NEOREAL,2026-07-21,2026-11-25,10.00%,5000.0,5000.0,16,800,false
"[B0CNVBM6QB, B0GCLLRYD1, B0G2PPKT2L, B0D22MWLW2, B0DZMVH9N3, B0CP1R3M24, B0FGJJ3L7T, B0G2PGCWZ3, B0D22MV53G, B0DKT6DY2D, B0CNT8Z1BS, B0F8QPTXXK, B0DK1L55QC, B0G2PFM3YB, B0GCLC1VY2, B0DMF8DHJK, B0GCMPWZ9C, B0DMF7MDL4, B0DMN322CM, B0D1K25WDM, B0D1K7CLLT, B0D1K7DTRB, B0F8V81XY3, B0DK1PS4WX, B0DMF6NHKJ, B0FGJFGJNV, B0CNVBJWL1, B0DT19S9DD, B0DZMT2KPY, B0CNT8G87T, B0FHQC9LBD, B0DZMXK5DV, B0CYC4CLQQ, B0FVF5NH4M, B0D22KH5D4, B0DJSBKS1V, B0G2PM7SHH, B0DKT695C8, B0DMF6WV4C, B0G2PJTQP1, B0G2PP5N6Q, B0FVF2W6MN, B0D78X9FKL, B0D795LNV5, B0DKT57ZLS, B0DK1MYRVN, B0DMN56SHL, B0FH43Y199, B0D22LZY3V, B0DKT66TYC, B0G2PZDMTQ, B0DMF7G31Z, B0FHQBPS7W, B0G2PVG6HS, B0DT197X83, B0GCM7PMHJ, B0GCM8283H, B0DK1P1115, B0DMFC5F4Z, B0FVDSRNGR, B0DMFBGY9J, B0FN7QSFZF, B0DKT7KV6H, B0DT19H3K6, B0DMND78BX, B0FVDPL2F6, B0G2PXQSD4, B0DMN31T99, B0FGJCXKQS, B0DZG8N74J, B0D2L3CC7Q, B0GCMHMWZZ, B0DKT6XPJ2, B0G2Q79PNV, B0FGJCY87X, B0DMF6XR7F, B0DZFL4BJ4, B0CYC2R63B, B0G2PLRGG4, B0FN7QFCQ1, B0CYBMK8RR, B0DT15RM7D, B0FHQFT15G, B0CP1RBF44, B0DMN5NPYT, B0DK1L4GCD, B0DMFB3LMK, B0DMF6QQ18, B0CYC498B2, B0FVDQ8WKK, B0DK1PGT6R, B0F8QQ613C, B0DK1NDWTS, B0FGJFF8K5, B0FGJFF8K3, B0F18WWV8R, B0F8VPNRVQ, B0DK1PG3ND, B0FH42Z7BW, B0FH4252P6, B0D2L1VRWB, B0G2PN49DQ, B0G2PZR51W, B0DMN8CSD3, B0G2PP8XFC, B0DMFBJN5F, B0DMN3T6K3, B0G2PHXNSG, B0DMFCFGHP, B0FVF2N9QF, B0FVDT6TXK, B0DKT6S6TH, B0CP1S538Q, B0G2PM9T87, B0DKT5CYLT, B0F8QP292B, B0DMF42VTQ, B0FN7RG947, B0DT15GYQT, B0G2Q1HBFL, B0CNV7SCJD, B0G2PWPX8V, B0G2PRDMDS, B0DKT7JQTC, B0GCLLNGVN, B0G2PJ9VCZ, B0DMN4L5SR, B0D791LCFC, B0DMF96BC6, B0CNT9KFX9, B0DKT5GFB2, B0G2NVMFYW, B0GCMJQDK5, B0DKT682SF, B0DMN44P7S, B0CYC3MWJH, B0CNT938BP, B0FGJCWYRS, B0DMF899P1, B0G2Q4Q5TJ, B0G2PPCMRJ, B0CYC65DGH, B0D2L3V73F, B0DMN5G7RB, B0DMN4K277, B0G2P831ND, B0G2Q4T1R9, B0D2L2DC5D, B0DT1939JR, B0FGJ78NXZ, B0G2QDMWZK, B0CYC2HL14, B0DT1CYWXC, B0F8TYLWNB, B0DZGCXKQR, B0CYBMMZH6, B0FVDC7PNN, B0DKT61V62, B0GCLBQX11, B0D1K5JZGK, B0FVD6KBYZ, B0G2PJY4R6, B0DMN5FGCK, B0FGJCD7YV]",amzn1.campaign.1AC0N9VGHJRLU,"Bestsellers | 10% Off – Waist Chains, Backpacks, Clear Bags  All You Want！！！",NEOREAL,2026-07-21,2026-11-24,10.00%,5000.0,5000.0,16,800,false
"[B0DS79QX4L, B0DS79KLV5, B0FQNQF3XD, B0DS72F95B, B0DS7CHCS8, B0DS79WSWN, B0DS787W9N, B0DS79MX3Q, B0DS799FZR, B0FQNP7GCT, B0DS7BR382, B0FQNNSCZ4, B0FQNMNK1L, B0FQNPDYY3, B0DS7CD631, B0DS7CT29C, B0DS7B7QVG, B0DS79C24P, B0FQNP8MPW, B0DS79N267, B0FQNN4HKQ, B0DS79P61H, B0DS79HBGF, B0DS795C34, B0DS7C8ZXC, B0DS7CNVWG, B0FQNLRFK4, B0DS794PP7, B0DS79TW2C, B0FQNK5XZN, B0FQNNJZC2, B0DS79N23D, B0DS78DZVH, B0DS785HSS, B0DS79MY8W, B0DS7C4Y34, B0FQNN2V62, B0DS7975QZ, B0DS78B96R, B0DS799KWL, B0DS7C9NPX, B0DS7CN5Y9, B0DS781SWP, B0DS79D3GH, B0DS7859ND, B0FQNQ4W6C, B0FBR3V4Q3, B0FKTM3JMS]",amzn1.campaign.3MDZAEG7T19XF,"(B214) ✈️Travel, Work & Daily | Metal‑Free Carbon Fiber Buckle | 10% Commission",XZQTIVE,2026-07-21,2026-12-31,10.00%,5000.0,5000.0,0,800,false
"[B0H38ZG5CD, B0H3945KMW, B0H391SPTV, B0H38ZVCFS, B0H39473KD, B0H38V6XCP, B0H38S6N25]",amzn1.campaign.16XX8PVBW7OHO,Hixiaohe Line-like Wide Leg Pants（10%-265217）,Hixiaohe,2026-07-21,2027-07-21,10.00%,5000.0,5000.0,0,800,false
"[B0CNVBM6QB, B0GCLLRYD1, B0G2PPKT2L, B0D22MWLW2, B0DZMVH9N3, B0CP1R3M24, B0FGJJ3L7T, B0G2PGCWZ3, B0D22MV53G, B0DKT6DY2D, B0CNT8Z1BS, B0F8QPTXXK, B0DK1L55QC, B0G2PFM3YB, B0GCLC1VY2, B0DMF8DHJK, B0GCMPWZ9C, B0DMF7MDL4, B0DMN322CM, B0D1K25WDM, B0D1K7CLLT, B0D1K7DTRB, B0F8V81XY3, B0DK1PS4WX, B0DMF6NHKJ, B0FGJFGJNV, B0CNVBJWL1, B0DT19S9DD, B0DZMT2KPY, B0CNT8G87T, B0FHQC9LBD, B0DZMXK5DV, B0CYC4CLQQ, B0FVF5NH4M, B0D22KH5D4, B0DJSBKS1V, B0G2PM7SHH, B0DKT695C8, B0DMF6WV4C, B0G2PJTQP1, B0G2PP5N6Q, B0FVF2W6MN, B0D78X9FKL, B0D795LNV5, B0DKT57ZLS, B0DK1MYRVN, B0DMN56SHL, B0FH43Y199, B0D22LZY3V, B0DKT66TYC, B0G2PZDMTQ, B0DMF7G31Z, B0FHQBPS7W, B0G2PVG6HS, B0DT197X83, B0GCM7PMHJ, B0GCM8283H, B0DK1P1115, B0DMFC5F4Z, B0FVDSRNGR, B0DMFBGY9J, B0FN7QSFZF, B0DKT7KV6H, B0DT19H3K6, B0DMND78BX, B0FVDPL2F6, B0G2PXQSD4, B0DMN31T99, B0FGJCXKQS, B0DZG8N74J, B0D2L3CC7Q, B0GCMHMWZZ, B0DKT6XPJ2, B0G2Q79PNV, B0FGJCY87X, B0DMF6XR7F, B0DZFL4BJ4, B0CYC2R63B, B0G2PLRGG4, B0FN7QFCQ1, B0CYBMK8RR, B0DT15RM7D, B0FHQFT15G, B0CP1RBF44, B0DMN5NPYT, B0DK1L4GCD, B0DMFB3LMK, B0DMF6QQ18, B0CYC498B2, B0FVDQ8WKK, B0DK1PGT6R, B0F8QQ613C, B0DK1NDWTS, B0FGJFF8K5, B0FGJFF8K3, B0F18WWV8R, B0F8VPNRVQ, B0DK1PG3ND, B0FH42Z7BW, B0FH4252P6, B0D2L1VRWB, B0G2PN49DQ, B0G2PZR51W, B0DMN8CSD3, B0G2PP8XFC, B0DMFBJN5F, B0DMN3T6K3, B0G2PHXNSG, B0DMFCFGHP, B0FVF2N9QF, B0FVDT6TXK, B0DKT6S6TH, B0CP1S538Q, B0G2PM9T87, B0DKT5CYLT, B0F8QP292B, B0DMF42VTQ, B0FN7RG947, B0DT15GYQT, B0G2Q1HBFL, B0CNV7SCJD, B0G2PWPX8V, B0G2PRDMDS, B0DKT7JQTC, B0GCLLNGVN, B0G2PJ9VCZ, B0DMN4L5SR, B0D791LCFC, B0DMF96BC6, B0CNT9KFX9, B0DKT5GFB2, B0G2NVMFYW, B0GCMJQDK5, B0DKT682SF, B0DMN44P7S, B0CYC3MWJH, B0CNT938BP, B0FGJCWYRS, B0DMF899P1, B0G2Q4Q5TJ, B0G2PPCMRJ, B0CYC65DGH, B0D2L3V73F, B0DMN5G7RB, B0DMN4K277, B0G2P831ND, B0G2Q4T1R9, B0D2L2DC5D, B0DT1939JR, B0FGJ78NXZ, B0G2QDMWZK, B0CYC2HL14, B0DT1CYWXC, B0F8TYLWNB, B0DZGCXKQR, B0CYBMMZH6, B0FVDC7PNN, B0DKT61V62, B0GCLBQX11, B0D1K5JZGK, B0FVD6KBYZ, B0G2PJY4R6, B0DMN5FGCK, B0FGJCD7YV]",amzn1.campaign.1JO8WLGZ4OYZL,"Bestsellers | 10% Off – Waist Chains, Backpacks, Clear Bags  All You Want！！！",NEOREAL,2026-07-21,2026-11-23,10.00%,5000.0,5000.0,16,800,false
[B0GY4BN8VD],amzn1.campaign.3T1MBGKJPU7Q1,15% commission!! price- $9.99!  Topical Magnesium Cream for Sleep,BIYSBER,2026-07-22,2026-09-30,15.00%,5000.0,4998.5,0,800,false
"[B0CNVBM6QB, B0GCLLRYD1, B0G2PPKT2L, B0D22MWLW2, B0DZMVH9N3, B0CP1R3M24, B0FGJJ3L7T, B0G2PGCWZ3, B0D22MV53G, B0DKT6DY2D, B0CNT8Z1BS, B0F8QPTXXK, B0DK1L55QC, B0G2PFM3YB, B0GCLC1VY2, B0DMF8DHJK, B0GCMPWZ9C, B0DMF7MDL4, B0DMN322CM, B0D1K25WDM, B0D1K7CLLT, B0D1K7DTRB, B0F8V81XY3, B0DK1PS4WX, B0DMF6NHKJ, B0FGJFGJNV, B0CNVBJWL1, B0DT19S9DD, B0DZMT2KPY, B0CNT8G87T, B0FHQC9LBD, B0DZMXK5DV, B0CYC4CLQQ, B0FVF5NH4M, B0D22KH5D4, B0DJSBKS1V, B0G2PM7SHH, B0DKT695C8, B0DMF6WV4C, B0G2PJTQP1, B0G2PP5N6Q, B0FVF2W6MN, B0D78X9FKL, B0D795LNV5, B0DKT57ZLS, B0DK1MYRVN, B0DMN56SHL, B0FH43Y199, B0D22LZY3V, B0DKT66TYC, B0G2PZDMTQ, B0DMF7G31Z, B0FHQBPS7W, B0G2PVG6HS, B0DT197X83, B0GCM7PMHJ, B0GCM8283H, B0DK1P1115, B0DMFC5F4Z, B0FVDSRNGR, B0DMFBGY9J, B0FN7QSFZF, B0DKT7KV6H, B0DT19H3K6, B0DMND78BX, B0FVDPL2F6, B0G2PXQSD4, B0DMN31T99, B0FGJCXKQS, B0DZG8N74J, B0D2L3CC7Q, B0GCMHMWZZ, B0DKT6XPJ2, B0G2Q79PNV, B0FGJCY87X, B0DMF6XR7F, B0DZFL4BJ4, B0CYC2R63B, B0G2PLRGG4, B0FN7QFCQ1, B0CYBMK8RR, B0DT15RM7D, B0FHQFT15G, B0CP1RBF44, B0DMN5NPYT, B0DK1L4GCD, B0DMFB3LMK, B0DMF6QQ18, B0CYC498B2, B0FVDQ8WKK, B0DK1PGT6R, B0F8QQ613C, B0DK1NDWTS, B0FGJFF8K5, B0FGJFF8K3, B0F18WWV8R, B0F8VPNRVQ, B0DK1PG3ND, B0FH42Z7BW, B0FH4252P6, B0D2L1VRWB, B0G2PN49DQ, B0G2PZR51W, B0DMN8CSD3, B0G2PP8XFC, B0DMFBJN5F, B0DMN3T6K3, B0G2PHXNSG, B0DMFCFGHP, B0FVF2N9QF, B0FVDT6TXK, B0DKT6S6TH, B0CP1S538Q, B0G2PM9T87, B0DKT5CYLT, B0F8QP292B, B0DMF42VTQ, B0FN7RG947, B0DT15GYQT, B0G2Q1HBFL, B0CNV7SCJD, B0G2PWPX8V, B0G2PRDMDS, B0DKT7JQTC, B0GCLLNGVN, B0G2PJ9VCZ, B0DMN4L5SR, B0D791LCFC, B0DMF96BC6, B0CNT9KFX9, B0DKT5GFB2, B0G2NVMFYW, B0GCMJQDK5, B0DKT682SF, B0DMN44P7S, B0CYC3MWJH, B0CNT938BP, B0FGJCWYRS, B0DMF899P1, B0G2Q4Q5TJ, B0G2PPCMRJ, B0CYC65DGH, B0D2L3V73F, B0DMN5G7RB, B0DMN4K277, B0G2P831ND, B0G2Q4T1R9, B0D2L2DC5D, B0DT1939JR, B0FGJ78NXZ, B0G2QDMWZK, B0CYC2HL14, B0DT1CYWXC, B0F8TYLWNB, B0DZGCXKQR, B0CYBMMZH6, B0FVDC7PNN, B0DKT61V62, B0GCLBQX11, B0D1K5JZGK, B0FVD6KBYZ, B0G2PJY4R6, B0DMN5FGCK, B0FGJCD7YV]",amzn1.campaign.3JP1AEZWI1F55,"Bestsellers | 10% Off – Waist Chains, Backpacks, Clear Bags  All You Want！！！",NEOREAL,2026-07-21,2026-11-22,10.00%,5000.0,5000.0,17,800,false
"[B0DYDNHQH7, B0B975R298, B0DYDP9VP3, B0CPF7FYBY, B0F9F62MJD, B0DYDNN33L, B0DYDMGCPC, B0DYDM199G]",amzn1.campaign.204HG2OE0TH8M,【20% sales commission】3 Pcs Glasses Straps for Men Women & Kids,Enenfly,2026-07-27,2027-07-12,20.00%,1000000.0,1000000.0,0,800,false
"[B0CNVBM6QB, B0GCLLRYD1, B0G2PPKT2L, B0D22MWLW2, B0DZMVH9N3, B0CP1R3M24, B0FGJJ3L7T, B0G2PGCWZ3, B0D22MV53G, B0DKT6DY2D, B0CNT8Z1BS, B0F8QPTXXK, B0DK1L55QC, B0G2PFM3YB, B0GCLC1VY2, B0DMF8DHJK, B0GCMPWZ9C, B0DMF7MDL4, B0DMN322CM, B0D1K25WDM, B0D1K7CLLT, B0D1K7DTRB, B0F8V81XY3, B0DK1PS4WX, B0DMF6NHKJ, B0FGJFGJNV, B0CNVBJWL1, B0DT19S9DD, B0DZMT2KPY, B0CNT8G87T, B0FHQC9LBD, B0DZMXK5DV, B0CYC4CLQQ, B0FVF5NH4M, B0D22KH5D4, B0DJSBKS1V, B0G2PM7SHH, B0DKT695C8, B0DMF6WV4C, B0G2PJTQP1, B0G2PP5N6Q, B0FVF2W6MN, B0D78X9FKL, B0D795LNV5, B0DKT57ZLS, B0DK1MYRVN, B0DMN56SHL, B0FH43Y199, B0D22LZY3V, B0DKT66TYC, B0G2PZDMTQ, B0DMF7G31Z, B0FHQBPS7W, B0G2PVG6HS, B0DT197X83, B0GCM7PMHJ, B0GCM8283H, B0DK1P1115, B0DMFC5F4Z, B0FVDSRNGR, B0DMFBGY9J, B0FN7QSFZF, B0DKT7KV6H, B0DT19H3K6, B0DMND78BX, B0FVDPL2F6, B0G2PXQSD4, B0DMN31T99, B0FGJCXKQS, B0DZG8N74J, B0D2L3CC7Q, B0GCMHMWZZ, B0DKT6XPJ2, B0G2Q79PNV, B0FGJCY87X, B0DMF6XR7F, B0DZFL4BJ4, B0CYC2R63B, B0G2PLRGG4, B0FN7QFCQ1, B0CYBMK8RR, B0DT15RM7D, B0FHQFT15G, B0CP1RBF44, B0DMN5NPYT, B0DK1L4GCD, B0DMFB3LMK, B0DMF6QQ18, B0CYC498B2, B0FVDQ8WKK, B0DK1PGT6R, B0F8QQ613C, B0DK1NDWTS, B0FGJFF8K5, B0FGJFF8K3, B0F18WWV8R, B0F8VPNRVQ, B0DK1PG3ND, B0FH42Z7BW, B0FH4252P6, B0D2L1VRWB, B0G2PN49DQ, B0G2PZR51W, B0DMN8CSD3, B0G2PP8XFC, B0DMFBJN5F, B0DMN3T6K3, B0G2PHXNSG, B0DMFCFGHP, B0FVF2N9QF, B0FVDT6TXK, B0DKT6S6TH, B0CP1S538Q, B0G2PM9T87, B0DKT5CYLT, B0F8QP292B, B0DMF42VTQ, B0FN7RG947, B0DT15GYQT, B0G2Q1HBFL, B0CNV7SCJD, B0G2PWPX8V, B0G2PRDMDS, B0DKT7JQTC, B0GCLLNGVN, B0G2PJ9VCZ, B0DMN4L5SR, B0D791LCFC, B0DMF96BC6, B0CNT9KFX9, B0DKT5GFB2, B0G2NVMFYW, B0GCMJQDK5, B0DKT682SF, B0DMN44P7S, B0CYC3MWJH, B0CNT938BP, B0FGJCWYRS, B0DMF899P1, B0G2Q4Q5TJ, B0G2PPCMRJ, B0CYC65DGH, B0D2L3V73F, B0DMN5G7RB, B0DMN4K277, B0G2P831ND, B0G2Q4T1R9, B0D2L2DC5D, B0DT1939JR, B0FGJ78NXZ, B0G2QDMWZK, B0CYC2HL14, B0DT1CYWXC, B0F8TYLWNB, B0DZGCXKQR, B0CYBMMZH6, B0FVDC7PNN, B0DKT61V62, B0GCLBQX11, B0D1K5JZGK, B0FVD6KBYZ, B0G2PJY4R6, B0DMN5FGCK, B0FGJCD7YV]",amzn1.campaign.181L0QEYW4EG4,"Bestsellers | 10% Off – Waist Chains, Backpacks, Clear Bags  All You Want！！！",NEOREAL,2026-07-21,2026-11-18,10.00%,5000.0,5000.0,14,800,false
"[B0DYDNHQH7, B0B975R298, B0DYDP9VP3, B0CPF7FYBY, B0F9F62MJD, B0DYDNN33L, B0DYDMGCPC, B0DYDM199G]",amzn1.campaign.2WLWGZ0F056YZ,【20% sales commission】3 Pcs Glasses Straps for Men Women & Kids,Enenfly,2026-07-26,2027-07-12,20.00%,100000.0,100000.0,0,800,false
"[B0CNVBM6QB, B0GCLLRYD1, B0G2PPKT2L, B0D22MWLW2, B0DZMVH9N3, B0CP1R3M24, B0FGJJ3L7T, B0G2PGCWZ3, B0D22MV53G, B0DKT6DY2D, B0CNT8Z1BS, B0F8QPTXXK, B0DK1L55QC, B0G2PFM3YB, B0GCLC1VY2, B0DMF8DHJK, B0GCMPWZ9C, B0DMF7MDL4, B0DMN322CM, B0D1K25WDM, B0D1K7CLLT, B0D1K7DTRB, B0F8V81XY3, B0DK1PS4WX, B0DMF6NHKJ, B0FGJFGJNV, B0CNVBJWL1, B0DT19S9DD, B0DZMT2KPY, B0CNT8G87T, B0FHQC9LBD, B0DZMXK5DV, B0CYC4CLQQ, B0FVF5NH4M, B0D22KH5D4, B0DJSBKS1V, B0G2PM7SHH, B0DKT695C8, B0DMF6WV4C, B0G2PJTQP1, B0G2PP5N6Q, B0FVF2W6MN, B0D78X9FKL, B0D795LNV5, B0DKT57ZLS, B0DK1MYRVN, B0DMN56SHL, B0FH43Y199, B0D22LZY3V, B0DKT66TYC, B0G2PZDMTQ, B0DMF7G31Z, B0FHQBPS7W, B0G2PVG6HS, B0DT197X83, B0GCM7PMHJ, B0GCM8283H, B0DK1P1115, B0DMFC5F4Z, B0FVDSRNGR, B0DMFBGY9J, B0FN7QSFZF, B0DKT7KV6H, B0DT19H3K6, B0DMND78BX, B0FVDPL2F6, B0G2PXQSD4, B0DMN31T99, B0FGJCXKQS, B0DZG8N74J, B0D2L3CC7Q, B0GCMHMWZZ, B0DKT6XPJ2, B0G2Q79PNV, B0FGJCY87X, B0DMF6XR7F, B0DZFL4BJ4, B0CYC2R63B, B0G2PLRGG4, B0FN7QFCQ1, B0CYBMK8RR, B0DT15RM7D, B0FHQFT15G, B0CP1RBF44, B0DMN5NPYT, B0DK1L4GCD, B0DMFB3LMK, B0DMF6QQ18, B0CYC498B2, B0FVDQ8WKK, B0DK1PGT6R, B0F8QQ613C, B0DK1NDWTS, B0FGJFF8K5, B0FGJFF8K3, B0F18WWV8R, B0F8VPNRVQ, B0DK1PG3ND, B0FH42Z7BW, B0FH4252P6, B0D2L1VRWB, B0G2PN49DQ, B0G2PZR51W, B0DMN8CSD3, B0G2PP8XFC, B0DMFBJN5F, B0DMN3T6K3, B0G2PHXNSG, B0DMFCFGHP, B0FVF2N9QF, B0FVDT6TXK, B0DKT6S6TH, B0CP1S538Q, B0G2PM9T87, B0DKT5CYLT, B0F8QP292B, B0DMF42VTQ, B0FN7RG947, B0DT15GYQT, B0G2Q1HBFL, B0CNV7SCJD, B0G2PWPX8V, B0G2PRDMDS, B0DKT7JQTC, B0GCLLNGVN, B0G2PJ9VCZ, B0DMN4L5SR, B0D791LCFC, B0DMF96BC6, B0CNT9KFX9, B0DKT5GFB2, B0G2NVMFYW, B0GCMJQDK5, B0DKT682SF, B0DMN44P7S, B0CYC3MWJH, B0CNT938BP, B0FGJCWYRS, B0DMF899P1, B0G2Q4Q5TJ, B0G2PPCMRJ, B0CYC65DGH, B0D2L3V73F, B0DMN5G7RB, B0DMN4K277, B0G2P831ND, B0G2Q4T1R9, B0D2L2DC5D, B0DT1939JR, B0FGJ78NXZ, B0G2QDMWZK, B0CYC2HL14, B0DT1CYWXC, B0F8TYLWNB, B0DZGCXKQR, B0CYBMMZH6, B0FVDC7PNN, B0DKT61V62, B0GCLBQX11, B0D1K5JZGK, B0FVD6KBYZ, B0G2PJY4R6, B0DMN5FGCK, B0FGJCD7YV]",amzn1.campaign.ULQI3O3SJOT6,"Bestsellers | 10% Off – Waist Chains, Backpacks, Clear Bags  All You Want！！！",NEOREAL,2026-07-21,2026-11-19,10.00%,5000.0,5000.0,20,800,false
"[B0CXDNX1HV, B0CRCZWNY1, B0FRMP1FQX, B0FRMJY798, B0CXDF6JQH, B0CRD1M4DG, B0CRD86K1W, B0CRCWSZ1J, B0CRD6R2CP, B0CXDM6H5H, B0CXDJ666W, B0CXDGY54M, B0CRD33T53, B0CRD3LNZ3, B0CRDDKLYQ, B0CRDGNP35, B0CRD73WTW, B0CXDPDD1Y, B0CXDY333G, B0CXDDS7KZ, B0CRD1WJ17, B0CRD41KD7, B0CRD8V7JF, B0CRD32JYL, B0FRMJ35W1, B0CRDGPB21, B0CRD2JK83, B0CRD4SYB5, B0CXDNPLKQ, B0FRMKGT75, B0CXDNXBWR, B0CRCVQ1W5, B0CRD4RCMC, B0FRMKRS2F, B0CXDGS1QP, B0CRD6JBTH, B0CXDF8VQT, B0CRDF3QNN, B0CRD7XQ6L, B0CXDS22NY, B0CRDB9H27, B0CRD2HXPZ, B0D46M5XZJ, B0CRDB9SJ9]",amzn1.campaign.2TEKVWER2IJ1G,Sistble Handmade Braided Cross Bracelet Gifts for Women Men 10% COMMISSION,Sistble,2026-07-21,2026-09-30,10.00%,5000.0,4997.42,0,800,false
"[B0CNVBM6QB, B0GCLLRYD1, B0G2PPKT2L, B0D22MWLW2, B0DZMVH9N3, B0CP1R3M24, B0FGJJ3L7T, B0G2PGCWZ3, B0D22MV53G, B0DKT6DY2D, B0CNT8Z1BS, B0F8QPTXXK, B0DK1L55QC, B0G2PFM3YB, B0GCLC1VY2, B0DMF8DHJK, B0GCMPWZ9C, B0DMF7MDL4, B0DMN322CM, B0D1K25WDM, B0D1K7CLLT, B0D1K7DTRB, B0F8V81XY3, B0DK1PS4WX, B0DMF6NHKJ, B0FGJFGJNV, B0CNVBJWL1, B0DT19S9DD, B0DZMT2KPY, B0CNT8G87T, B0FHQC9LBD, B0DZMXK5DV, B0CYC4CLQQ, B0FVF5NH4M, B0D22KH5D4, B0DJSBKS1V, B0G2PM7SHH, B0DKT695C8, B0DMF6WV4C, B0G2PJTQP1, B0G2PP5N6Q, B0FVF2W6MN, B0D78X9FKL, B0D795LNV5, B0DKT57ZLS, B0DK1MYRVN, B0DMN56SHL, B0FH43Y199, B0D22LZY3V, B0DKT66TYC, B0G2PZDMTQ, B0DMF7G31Z, B0FHQBPS7W, B0G2PVG6HS, B0DT197X83, B0GCM7PMHJ, B0GCM8283H, B0DK1P1115, B0DMFC5F4Z, B0FVDSRNGR, B0DMFBGY9J, B0FN7QSFZF, B0DKT7KV6H, B0DT19H3K6, B0DMND78BX, B0FVDPL2F6, B0G2PXQSD4, B0DMN31T99, B0FGJCXKQS, B0DZG8N74J, B0D2L3CC7Q, B0GCMHMWZZ, B0DKT6XPJ2, B0G2Q79PNV, B0FGJCY87X, B0DMF6XR7F, B0DZFL4BJ4, B0CYC2R63B, B0G2PLRGG4, B0FN7QFCQ1, B0CYBMK8RR, B0DT15RM7D, B0FHQFT15G, B0CP1RBF44, B0DMN5NPYT, B0DK1L4GCD, B0DMFB3LMK, B0DMF6QQ18, B0CYC498B2, B0FVDQ8WKK, B0DK1PGT6R, B0F8QQ613C, B0DK1NDWTS, B0FGJFF8K5, B0FGJFF8K3, B0F18WWV8R, B0F8VPNRVQ, B0DK1PG3ND, B0FH42Z7BW, B0FH4252P6, B0D2L1VRWB, B0G2PN49DQ, B0G2PZR51W, B0DMN8CSD3, B0G2PP8XFC, B0DMFBJN5F, B0DMN3T6K3, B0G2PHXNSG, B0DMFCFGHP, B0FVF2N9QF, B0FVDT6TXK, B0DKT6S6TH, B0CP1S538Q, B0G2PM9T87, B0DKT5CYLT, B0F8QP292B, B0DMF42VTQ, B0FN7RG947, B0DT15GYQT, B0G2Q1HBFL, B0CNV7SCJD, B0G2PWPX8V, B0G2PRDMDS, B0DKT7JQTC, B0GCLLNGVN, B0G2PJ9VCZ, B0DMN4L5SR, B0D791LCFC, B0DMF96BC6, B0CNT9KFX9, B0DKT5GFB2, B0G2NVMFYW, B0GCMJQDK5, B0DKT682SF, B0DMN44P7S, B0CYC3MWJH, B0CNT938BP, B0FGJCWYRS, B0DMF899P1, B0G2Q4Q5TJ, B0G2PPCMRJ, B0CYC65DGH, B0D2L3V73F, B0DMN5G7RB, B0DMN4K277, B0G2P831ND, B0G2Q4T1R9, B0D2L2DC5D, B0DT1939JR, B0FGJ78NXZ, B0G2QDMWZK, B0CYC2HL14, B0DT1CYWXC, B0F8TYLWNB, B0DZGCXKQR, B0CYBMMZH6, B0FVDC7PNN, B0DKT61V62, B0GCLBQX11, B0D1K5JZGK, B0FVD6KBYZ, B0G2PJY4R6, B0DMN5FGCK, B0FGJCD7YV]",amzn1.campaign.2JEAT8QUVQAV3,"Bestsellers | 10% Off – Waist Chains, Backpacks, Clear Bags  All You Want！！！",NEOREAL,2026-07-21,2026-11-20,10.00%,5000.0,5000.0,18,800,false
"[B0DYDNHQH7, B0B975R298, B0DYDP9VP3, B0CPF7FYBY, B0F9F62MJD, B0DYDNN33L, B0DYDMGCPC, B0DYDM199G]",amzn1.campaign.1AIZ1VW858I2S,【20% sales commission】3 Pcs Glasses Straps for Men Women & Kids,Enenfly,2026-07-25,2027-07-12,20.00%,1000000.0,1000000.0,0,800,false
"[B0CNVBM6QB, B0GCLLRYD1, B0G2PPKT2L, B0D22MWLW2, B0DZMVH9N3, B0CP1R3M24, B0FGJJ3L7T, B0G2PGCWZ3, B0D22MV53G, B0DKT6DY2D, B0CNT8Z1BS, B0F8QPTXXK, B0DK1L55QC, B0G2PFM3YB, B0GCLC1VY2, B0DMF8DHJK, B0GCMPWZ9C, B0DMF7MDL4, B0DMN322CM, B0D1K25WDM, B0D1K7CLLT, B0D1K7DTRB, B0F8V81XY3, B0DK1PS4WX, B0DMF6NHKJ, B0FGJFGJNV, B0CNVBJWL1, B0DT19S9DD, B0DZMT2KPY, B0CNT8G87T, B0FHQC9LBD, B0DZMXK5DV, B0CYC4CLQQ, B0FVF5NH4M, B0D22KH5D4, B0DJSBKS1V, B0G2PM7SHH, B0DKT695C8, B0DMF6WV4C, B0G2PJTQP1, B0G2PP5N6Q, B0FVF2W6MN, B0D78X9FKL, B0D795LNV5, B0DKT57ZLS, B0DK1MYRVN, B0DMN56SHL, B0FH43Y199, B0D22LZY3V, B0DKT66TYC, B0G2PZDMTQ, B0DMF7G31Z, B0FHQBPS7W, B0G2PVG6HS, B0DT197X83, B0GCM7PMHJ, B0GCM8283H, B0DK1P1115, B0DMFC5F4Z, B0FVDSRNGR, B0DMFBGY9J, B0FN7QSFZF, B0DKT7KV6H, B0DT19H3K6, B0DMND78BX, B0FVDPL2F6, B0G2PXQSD4, B0DMN31T99, B0FGJCXKQS, B0DZG8N74J, B0D2L3CC7Q, B0GCMHMWZZ, B0DKT6XPJ2, B0G2Q79PNV, B0FGJCY87X, B0DMF6XR7F, B0DZFL4BJ4, B0CYC2R63B, B0G2PLRGG4, B0FN7QFCQ1, B0CYBMK8RR, B0DT15RM7D, B0FHQFT15G, B0CP1RBF44, B0DMN5NPYT, B0DK1L4GCD, B0DMFB3LMK, B0DMF6QQ18, B0CYC498B2, B0FVDQ8WKK, B0DK1PGT6R, B0F8QQ613C, B0DK1NDWTS, B0FGJFF8K5, B0FGJFF8K3, B0F18WWV8R, B0F8VPNRVQ, B0DK1PG3ND, B0FH42Z7BW, B0FH4252P6, B0D2L1VRWB, B0G2PN49DQ, B0G2PZR51W, B0DMN8CSD3, B0G2PP8XFC, B0DMFBJN5F, B0DMN3T6K3, B0G2PHXNSG, B0DMFCFGHP, B0FVF2N9QF, B0FVDT6TXK, B0DKT6S6TH, B0CP1S538Q, B0G2PM9T87, B0DKT5CYLT, B0F8QP292B, B0DMF42VTQ, B0FN7RG947, B0DT15GYQT, B0G2Q1HBFL, B0CNV7SCJD, B0G2PWPX8V, B0G2PRDMDS, B0DKT7JQTC, B0GCLLNGVN, B0G2PJ9VCZ, B0DMN4L5SR, B0D791LCFC, B0DMF96BC6, B0CNT9KFX9, B0DKT5GFB2, B0G2NVMFYW, B0GCMJQDK5, B0DKT682SF, B0DMN44P7S, B0CYC3MWJH, B0CNT938BP, B0FGJCWYRS, B0DMF899P1, B0G2Q4Q5TJ, B0G2PPCMRJ, B0CYC65DGH, B0D2L3V73F, B0DMN5G7RB, B0DMN4K277, B0G2P831ND, B0G2Q4T1R9, B0D2L2DC5D, B0DT1939JR, B0FGJ78NXZ, B0G2QDMWZK, B0CYC2HL14, B0DT1CYWXC, B0F8TYLWNB, B0DZGCXKQR, B0CYBMMZH6, B0FVDC7PNN, B0DKT61V62, B0GCLBQX11, B0D1K5JZGK, B0FVD6KBYZ, B0G2PJY4R6, B0DMN5FGCK, B0FGJCD7YV]",amzn1.campaign.3FGS4PJVZQ5CC,"Bestsellers | 10% Off – Waist Chains, Backpacks, Clear Bags  All You Want！！！",NEOREAL,2026-07-21,2026-11-21,10.00%,5000.0,5000.0,17,800,false
"[B0DYDNHQH7, B0B975R298, B0DYDP9VP3, B0CPF7FYBY, B0F9F62MJD, B0DYDNN33L, B0DYDMGCPC, B0DYDM199G]",amzn1.campaign.1K87GX3PKE2LB,【20% sales commission】3 Pcs Glasses Straps for Men Women & Kids,Enenfly,2026-07-24,2027-07-12,20.00%,100000.0,100000.0,0,800,false
"[B0DYDNHQH7, B0B975R298, B0DYDP9VP3, B0CPF7FYBY, B0F9F62MJD, B0DYDNN33L, B0DYDMGCPC, B0DYDM199G]",amzn1.campaign.1BJM60QN07ZQ7,【20% sales commission】3 Pcs Glasses Straps for Men Women & Kids,Enenfly,2026-07-23,2027-07-12,20.00%,100000.0,100000.0,0,800,false
"[B0DYDNHQH7, B0B975R298, B0DYDP9VP3, B0CPF7FYBY, B0F9F62MJD, B0DYDNN33L, B0DYDMGCPC, B0DYDM199G]",amzn1.campaign.NVWYFIPYLD43,【20% sales commission】3 Pcs Glasses Straps for Men Women & Kids,Enenfly,2026-07-22,2027-07-12,20.00%,100000.0,100000.0,0,800,false
"[B0DYDNHQH7, B0B975R298, B0DYDP9VP3, B0CPF7FYBY, B0F9F62MJD, B0DYDNN33L, B0DYDMGCPC, B0DYDM199G]",amzn1.campaign.2TBX5OJDBNAKW,【20% sales commission】3 Pcs Glasses Straps for Men Women & Kids,Enenfly,2026-07-21,2027-07-12,20.00%,100000.0,99998.42,0,800,false
"[B0FMNF679N, B0FMN7RZ7J, B0CDVCHNR5, B0CN6WSNWH, B0CD6VQBF1, B0FMNQRB8P, B0FNCYLZV1, B0BTXX7LY1, B0CR9NWZRY, B0FMN5RFM5, B0G25NJ1DB, B0FNCX67VH, B0CCJP5H4S, B0CD6VJXFJ, B0CLJF3PG1, B0CCJNTVXS, B0BTY12C4P, B0CWLFN93G, B0BXVVPS7N, B0C1ZM3L4W, B0C45716J3, B0FMNB1KT3, B0BXVP78ZV, B0G25KPGT9, B0CLJGTMQ1, B0FMMXV9LQ, B0FMNL7H19, B0D7CSPYS9, B0FMNWPQCL, B0FNCZMQ21, B0CDVDBLVQ, B0CLJFRGX9, B0CTH8HV4C, B0BXW7685C, B0FMNL4GPR]",amzn1.campaign.2NOZGLGFX7J85,"#coB120 🔥 Western Silver Chain Belt with Longhorn Conchos & Turquoise Accents",XZQTIVE,2026-07-23,2026-12-31,10.00%,5000.0,5000.0,0,800,false
"[B0FMY3ZLV3, B0DLVTZ75V, B0FLK1W87Y, B0DK6LCX11]",amzn1.campaign.UQ7HKOFJZBHN,🐰 15% OFF + 20% Back! 2K AutoFocus Webcam for Work & Study 💻,PixelForge,2026-07-21,2027-02-21,20.00%,5000.0,5000.0,0,800,false
"[B0FF456DLG, B0FHPG1VJK, B0FMRJM6WG, B0F999B56S]",amzn1.campaign.1STTRPUEHRU2X,Magical Floating Drawings Bundle: Where Art Comes Alive!,ZMMCHCG,2026-07-31,2026-12-30,10.00%,5000.0,5000.0,0,800,false
"[B0FF456DLG, B0FHPG1VJK, B0FMRJM6WG, B0F999B56S]",amzn1.campaign.IWJPQ529PHQY,Magical Floating Drawings Bundle: Where Art Comes Alive!,ZMMCHCG,2026-07-30,2026-12-30,10.00%,5000.0,5000.0,4,800,false
"[B0FM41YKZB, B0FM46PHPY, B0FM46SGKX, B0FM46N7Q6, B0FM45BX3T, B0FM441V6S, B0FM47SZZM, B0FM45Y5BD, B0FM453ZTX, B0FM467LDH, B0FM4436BH, B0FM43N526, B0FM4399M9, B0FM43VZYS, B0GHMZCSDD, B0FM467GBV, B0FM44C5J2, B0GHMVRGD3, B0FM41YS64, B0FM3ZY22Y, B0FM46Y34V, B0FM48VTD2, B0FM45DXJ1, B0FM43LFM3, B0FM47G4TW, B0FM45HSZC, B0FM41YCV5, B0FM4487YC, B0FM47PMYH, B0FM42KY18, B0FM44BWKQ, B0FM42R6J9, B0FM47C1BC]",amzn1.campaign.3BDX6KAWACNZL,(B208) 4.5⭐ Boho Western Concho Belt 💰 10%Commission+ Free Sample,XZQTIVE,2026-07-21,2026-12-31,10.00%,5000.0,5000.0,0,800,false
[B0F1Y41G14],amzn1.campaign.26TAUVRERMKEH,Compressed Air Duster KONPAYDE 10% Discounted,KONPAYDE,2026-07-22,2027-07-09,10.00%,5000.0,5000.0,0,800,false
[B0F1Y41G14],amzn1.campaign.2OG8035UGYNC9,Compressed Air Duster KONPAYDE 10% Discounted,KONPAYDE,2026-07-22,2027-07-08,10.00%,5000.0,5000.0,0,800,false
"[B0FF456DLG, B0FHPG1VJK, B0FMRJM6WG, B0F999B56S]",amzn1.campaign.2ZYH38Y3L2YLE,Magical Floating Drawings Bundle: Where Art Comes Alive!,ZMMCHCG,2026-07-29,2026-12-30,10.00%,5000.0,5000.0,3,800,false
"[B0F12XZDHY, B0GXB79S6C, B0GCFVXMFN, B0F9NVG4QQ, B0GXB2JSVS, B0G4TYVMRG, B0F12ZSBK5, B0FSQ379L9, B0H8X1MHYL, B0F12ZX82T, B0F7LDV9DD, B0GXB9JDHS, B0GX9XH75K, B0F7LDK3T9, B0FSQTSPH2, B0DSMGNLVK, B0F23WDDJH, B0GX9W84LZ, B0GCHRPBWN, B0F24DTJKW, B0DSMH9G28, B0GCH33RSZ, B0GCH35148, B0F1318XTR, B0H8WNGYQG, B0FK4GB37B, B0F131L1JX, B0F1316GQ3, B0G4TX7TY3, B0GXB6R23M, B0DSMHQVQ6, B0GXB4TG3R, B0F7PQ2ZKF, B0F7LDMT6X, B0F7LFH1TK, B0F7LFQL1W, B0H8WRKYPD, B0GX9NDZQH, B0G4TVKWFX, B0F7LF3326, B0GX9ZNKNQ, B0G641GB1K, B0GXB1ZF6B, B0GX9SVT9H, B0F7LFFZJ5, B0GXB3QFJ6, B0F12WVLV1, B0GX9RWJY6, B0F7LBTVLW, B0GCHT5HX8, B0F13187MJ, B0H8X3Z156, B0F7LF7Y86, B0FCF2HVV2, B0F12VXWB9, B0GCGWM4ML, B0GCH6LWVS, B0F7G6ZBK9, B0F9W6VWWZ, B0F12VB3D7, B0H8X32FB3, B0GCHPVXFP, B0GXB3GFSX, B0GXB6GC3N, B0GFCVXFL8]",amzn1.campaign.3TJZWSYGBTU74,SeeLuNa Casual Linen Pants for Women 15%,SeeLuNa,2026-07-21,2026-10-03,15.00%,5000.0,5000.0,0,800,false
"[B0FF456DLG, B0FHPG1VJK, B0FMRJM6WG, B0F999B56S]",amzn1.campaign.3SD3Y35UBCQ6Y,Magical Floating Drawings Bundle: Where Art Comes Alive!,ZMMCHCG,2026-07-28,2026-12-30,10.00%,5000.0,5000.0,8,800,false
"[B0DFLHS9MM, B0DDPKL8CY, B0DJXDR12Y, B0DJS71DTT, B0DJXLH147, B0DJXG6286, B0DDPQBLLZ, B0DKFGXBLD, B0DDP3WQD9, B0DFL9S8Y1, B0DDPFXLJL, B0DFLK1CM5, B0DDPVX4MW, B0DXF6MJGB, B0DDPJZSCZ, B0FN7BQLNL, B0DDP9L2F8, B0DFL27RQY, B0DFKZSVB5, B0FHPZ7G94, B0DFLFGS49, B0DFKVZ76D, B0DDPRFM4P, B0DFL3JBK6, B0DFL7VQ5Q, B0FHPZG95N, B0FHPZRY68, B0DDPJW2T3, B0DJXMJ386, B0DFKZBMLK]",amzn1.campaign.9A97H0UWGYH9,Y2K Chunky Knit Cardigan (10% - 82001),Hixiaohe,2026-07-21,2027-07-21,10.00%,5000.0,5000.0,0,800,false
[B0F1Y41G14],amzn1.campaign.23BEY0PRU001K,Compressed Air Duster KONPAYDE 10% Discounted,KONPAYDE,2026-07-22,2027-07-07,10.00%,5000.0,5000.0,0,800,false
"[B0FF456DLG, B0FHPG1VJK, B0FMRJM6WG, B0F999B56S]",amzn1.campaign.1HCUOAB3R45OW,Magical Floating Drawings Bundle: Where Art Comes Alive!,ZMMCHCG,2026-07-27,2026-12-30,10.00%,5000.0,5000.0,5,800,false
"[B0FF456DLG, B0FHPG1VJK, B0FMRJM6WG, B0F999B56S]",amzn1.campaign.1VY7F02XJTB4G,Magical Floating Drawings Bundle: Where Art Comes Alive!,ZMMCHCG,2026-07-26,2026-12-30,10.00%,5000.0,5000.0,4,800,false
"[B0FF456DLG, B0FHPG1VJK, B0FMRJM6WG, B0F999B56S]",amzn1.campaign.1FIDX8Z3O18PX,Magical Floating Drawings Bundle: Where Art Comes Alive!,ZMMCHCG,2026-07-25,2026-12-30,10.00%,5000.0,5000.0,5,800,false
[B0F1Y41G14],amzn1.campaign.B97JO83KTU7J,Compressed Air Duster KONPAYDE 10% Discounted,KONPAYDE,2026-07-22,2027-07-06,10.00%,5000.0,5000.0,0,800,false
"[B0FF456DLG, B0FHPG1VJK, B0FMRJM6WG, B0F999B56S]",amzn1.campaign.3JY40T6F2N47M,Magical Floating Drawings Bundle: Where Art Comes Alive!,ZMMCHCG,2026-07-24,2026-12-30,10.00%,5000.0,5000.0,10,800,false
"[B0FF456DLG, B0FHPG1VJK, B0FMRJM6WG, B0F999B56S]",amzn1.campaign.1L7J13YXJLDW0,Magical Floating Drawings Bundle: Where Art Comes Alive!,ZMMCHCG,2026-07-23,2026-12-30,10.00%,5000.0,5000.0,10,800,false
"[B0F12XZDHY, B0GXB79S6C, B0GCFVXMFN, B0F9NVG4QQ, B0GXB2JSVS, B0G4TYVMRG, B0F12ZSBK5, B0FSQ379L9, B0H8X1MHYL, B0F12ZX82T, B0F7LDV9DD, B0GXB9JDHS, B0GX9XH75K, B0F7LDK3T9, B0FSQTSPH2, B0DSMGNLVK, B0F23WDDJH, B0GX9W84LZ, B0GCHRPBWN, B0F24DTJKW, B0DSMH9G28, B0GCH33RSZ, B0GCH35148, B0F1318XTR, B0H8WNGYQG, B0FK4GB37B, B0F131L1JX, B0F1316GQ3, B0G4TX7TY3, B0GXB6R23M, B0DSMHQVQ6, B0GXB4TG3R, B0F7PQ2ZKF, B0F7LDMT6X, B0F7LFH1TK, B0F7LFQL1W, B0H8WRKYPD, B0GX9NDZQH, B0G4TVKWFX, B0F7LF3326, B0GX9ZNKNQ, B0G641GB1K, B0GXB1ZF6B, B0GX9SVT9H, B0F7LFFZJ5, B0GXB3QFJ6, B0F12WVLV1, B0GX9RWJY6, B0F7LBTVLW, B0GCHT5HX8, B0F13187MJ, B0H8X3Z156, B0F7LF7Y86, B0FCF2HVV2, B0F12VXWB9, B0GCGWM4ML, B0GCH6LWVS, B0F7G6ZBK9, B0F9W6VWWZ, B0F12VB3D7, B0H8X32FB3, B0GCHPVXFP, B0GXB3GFSX, B0GXB6GC3N, B0GFCVXFL8]",amzn1.campaign.26Z8IDDVC3EC6,15% SeeLuNa Casual Linen Pants,SeeLuNa,2026-07-21,2026-10-02,15.00%,5000.0,5000.0,0,800,false
"[B0FF456DLG, B0FHPG1VJK, B0FMRJM6WG, B0F999B56S]",amzn1.campaign.2AALY9FLG8C8,Magical Floating Drawings Bundle: Where Art Comes Alive!,ZMMCHCG,2026-07-22,2026-12-30,10.00%,5000.0,5000.0,11,800,false
"[B0FF456DLG, B0FHPG1VJK, B0FMRJM6WG, B0F999B56S]",amzn1.campaign.1JPEBM0W8ANKU,Magical Floating Drawings Bundle: Where Art Comes Alive!,ZMMCHCG,2026-07-21,2026-12-30,10.00%,5000.0,5000.0,11,800,false
"[B0CSJYJBHG, B0CSK2Z5KC, B0CSK2X3GZ]",amzn1.campaign.1YA6U9KI4OPO1,"🎥Weighted Sleep Mask Collab — Softer Feel, Better Sleep--3D2PB175",FACEMOON,2026-07-27,2026-10-01,20.00%,10000.0,10000.0,0,800,false
[B0GQH3TJD7],amzn1.campaign.BABLSMKW8AND,🛁 Save 10% + Earn 10%! Thick Beige Linen Shower Curtain,TURKIO,2026-07-21,2027-02-21,10.00%,5000.0,5000.0,11,800,false
[B0GVYQXPBB],amzn1.campaign.3FT5VTFTMDA67,🔥Creator Partnership: Earn a 15% commission on LED Desk Lamp,LIONVISON,2026-07-21,2026-10-21,15.00%,5000.0,5000.0,0,800,false
"[B0CSJYJBHG, B0CSK2Z5KC, B0CSK2X3GZ]",amzn1.campaign.2F7GN5QKP98ZD,"🌙Weighted Sleep Mask Bliss — Ultra-Soft, All-Night Calm--3D2PB175",FACEMOON,2026-07-27,2026-10-30,20.00%,10000.0,10000.0,0,800,false
[B0FDB9CPT9],amzn1.campaign.U3HKCHC0O3IA,1000 Pcs 2 Gram Silica Gel Packets Desiccant Packs for Storage -10% Commission,Threlaco,2026-07-21,2026-10-31,10.00%,5000.0,4997.63,0,800,false
[B0GQMBHGDD],amzn1.campaign.1KN4EL7R6YHIW,CP-US-Music pubching machine-2,Oppvoci,2026-07-21,2026-09-30,12.00%,5000.0,5000.0,0,800,false
"[B0GZPZX7VW, B0FLYH1Z4F, B0FLYHRRSZ, B0GSVF21JF, B0GQGDZCK9, B0GYSD8P9C, B0GYSM7S9X, B0GYSKFKMY, B0FRFW1GTP, B0FLYHN31Z, B0FRFVSCBX, B0GZPQ8V18, B0FWZYC64T, B0FVY6TJZZ, B0FVY5VNHR, B0FRF6K593, B0F3DV7B2R, B0GSVP785R, B0FRF3P4JP, B0F1G9P1WV, B0GYSM537M, B0FVY21KQQ, B0GZPFGG72, B0GF2VXL9H, B0GSVGPTK8, B0GYSD2NJ8, B0GT4N98BS, B0F1GD2LBV, B0F1GBXDJF, B0FKB9HMB9, B0FJ1X4GF7, B0FX117SYF, B0F1G9H5TW, B0GQGRKPT9, B0FLYL6YST, B0FWZYYL96, B0F1GBKJCR, B0GZPVJ89T, B0GZPKHWYC, B0GSVFPJTP, B0GQGW9H3Y, B0FVYC96SG, B0GQGVRSD4, B0GSVG9R3Q, B0FJ1KTS5Y, B0GZPZ6YFT, B0FVY634SP, B0GZPFZLJY, B0GSVGWDGS, B0FVY559T4, B0FRFXLSKL, B0F8B89SV9, B0GPQRBGTK, B0FRDTFRKB, B0F1GDMJF4, B0GZQ4C9H6, B0GYSS56MG, B0GYSG1M34, B0GYSS56MD, B0GQGHYJKP, B0FRFPF43K, B0GZQ4C9H5, B0GZPS166V, B0GYSBTKF2, B0FVY7DKCT, B0F94G5CPD, B0FKBD7F8W, B0GS2NKZPJ, B0GYSBDP9C, B0GYSM978Z, B0FRF6GVK7, B0GSVLN7ZY, B0FHZR836Y, B0FRDZDZ7S, B0GQGR1BSF, B0GYSG3V62, B0FRFT97TF, B0FRG6LDHJ, B0GQGL7FXF, B0FRFVZBY7, B0FRFX3LP1, B0GQGMX9X9, B0FRFV93V1, B0FRFWYZF7, B0GZPJ89X6, B0F1D8VSTT, B0GYS8LMYN, B0FJ1QKKZG, B0GY8Z32PT, B0FJ1S3Q2V, B0FJ1TRHDQ, B0FKBCFQM3, B0FVY3QQB1, B0FVYBX93B, B0GQGWQ2VC, B0FRFWYXY7, B0FRFWZX52, B0FJ1PF7F8, B0GYSFR8QQ, B0GPR9PNRT, B0FVY57MX4, B0FR9JC9WJ, B0FVY557SG, B0GZPGV6KG, B0GZQ2Y526, B0FRFY9VZ2, B0F1G8VZCV, B0GZPC1D6M, B0GYS64CP8, B0GZPBF3T2, B0GQGN3XQW, B0GSV9R6F9, B0FHZX4XZ6, B0GYSHGMJ8, B0GZPZZNYW, B0GYSH3TBT, B0FR56HDRW, B0FVY7YDHC, B0F1G9XMY9, B0F1GF1C6K]",amzn1.campaign.2EL2H1F5HYBU1,Premium Sandpaper & Abrasives – High Conversion Rate | 10% Commission,BMOTL,2026-07-22,2026-09-30,10.00%,5000.0,5000.0,0,800,false
"[B0CSJYJBHG, B0CSK2Z5KC, B0CSK2X3GZ]",amzn1.campaign.3BP6WXDSS3YHG,"😴Weighted Sleep Mask 2-Pack — Cozy Fit, Better Zzzs--3D2PB175",FACEMOON,2026-07-27,2026-10-29,20.00%,10000.0,10000.0,2,800,false
"[B0F12XZDHY, B0GXB79S6C, B0GCFVXMFN, B0F9NVG4QQ, B0GXB2JSVS, B0G4TYVMRG, B0F12ZSBK5, B0FSQ379L9, B0H8X1MHYL, B0F12ZX82T, B0F7LDV9DD, B0GXB9JDHS, B0GX9XH75K, B0F7LDK3T9, B0FSQTSPH2, B0DSMGNLVK, B0F23WDDJH, B0GX9W84LZ, B0GCHRPBWN, B0F24DTJKW, B0DSMH9G28, B0GCH33RSZ, B0GCH35148, B0F1318XTR, B0H8WNGYQG, B0FK4GB37B, B0F131L1JX, B0F1316GQ3, B0G4TX7TY3, B0GXB6R23M, B0DSMHQVQ6, B0GXB4TG3R, B0F7PQ2ZKF, B0F7LDMT6X, B0F7LFH1TK, B0F7LFQL1W, B0H8WRKYPD, B0GX9NDZQH, B0G4TVKWFX, B0F7LF3326, B0GX9ZNKNQ, B0G641GB1K, B0GXB1ZF6B, B0GX9SVT9H, B0F7LFFZJ5, B0GXB3QFJ6, B0F12WVLV1, B0GX9RWJY6, B0F7LBTVLW, B0GCHT5HX8, B0F13187MJ, B0H8X3Z156, B0F7LF7Y86, B0FCF2HVV2, B0F12VXWB9, B0GCGWM4ML, B0GCH6LWVS, B0F7G6ZBK9, B0F9W6VWWZ, B0F12VB3D7, B0H8X32FB3, B0GCHPVXFP, B0GXB3GFSX, B0GXB6GC3N, B0GFCVXFL8]",amzn1.campaign.1Q2WGQISYF59I,15% SeeLuNa Casual Linen Pants Women,SeeLuNa,2026-07-21,2026-09-30,15.00%,5000.0,4998.03,0,800,false
[B0F1Y41G14],amzn1.campaign.1V8L50U6VB4O3,Compressed Air Duster KONPAYDE 10% Discounted,KONPAYDE,2026-07-22,2027-07-05,10.00%,5000.0,5000.0,0,800,false
[B0F1Y41G14],amzn1.campaign.1M6SL58A9RLW8,Compressed Air Duster KONPAYDE 10% Discounted,KONPAYDE,2026-07-21,2027-07-05,10.00%,5000.0,5000.0,0,800,false
"[B0CSJYJBHG, B0CSK2Z5KC, B0CSK2X3GZ]",amzn1.campaign.1LPU8BVRP7RT1,"✨Weighted Sleep Mask Calm — Soft Touch, Deep Sleep--3D2PB175",FACEMOON,2026-07-27,2026-10-28,20.00%,10000.0,10000.0,1,800,false
[B0F1Y41G14],amzn1.campaign.255PWNHUBHRMW,Compressed Air Duster KONPAYDE 10% Discounted,KONPAYDE,2026-07-21,2027-07-04,10.00%,5000.0,5000.0,0,800,false
[B0F1Y41G14],amzn1.campaign.J2AVYPV1IZJG,Compressed Air Duster KONPAYDE 10% Discounted,KONPAYDE,2026-07-21,2027-07-03,10.00%,5000.0,5000.0,0,800,false
[B0GTV1F8SH],amzn1.campaign.3R0I2QIU94K6O,20% Commissions - 2Pack 3 in 2 iWatch Multi charging cable,Firsting,2026-07-21,2026-09-30,20.00%,5000.0,5000.0,0,800,false
"[B0GSPFJQV9, B0GSPJJPRD, B0GSPHJQ72]",amzn1.campaign.3M3SFP3T5Z2NU,10% Commission for 3-in-1 Fishing Hat,IVYWNT,2026-07-21,2026-09-30,10.00%,5000.0,4997.35,0,800,false
[B0F1Y41G14],amzn1.campaign.3MEXI5BB1NI18,Compressed Air Duster KONPAYDE 10% Discounted,KONPAYDE,2026-07-21,2027-07-02,10.00%,5000.0,5000.0,0,800,false
[B0F1Y41G14],amzn1.campaign.2D2LS8IEE4R5X,Compressed Air Duster KONPAYDE 10% Discounted,KONPAYDE,2026-07-21,2027-07-01,10.00%,5000.0,5000.0,0,800,false
"[B0FCLHKCGL, B0BGKP4Z37, B0FBH38F4P, B0BLMQ24ZP, B0FMQXXBHH, B0DH2NFKDL, B0DB5K14JL, B0DB5KDGLY, B0D5YS95K1, B0CHRQC4VY, B0CHRR2LPR, B0CG2T3F6S, B0FMR19J7X, B0D5YPHL5K, B0BHYTQ8WP, B0D5YRCCHJ, B0FBH11HLF, B0DB5H1YQT, B0BGKMM5HY, B0DH2MY1YY, B0CHRRLJYW, B0CG2TY6BQ, B0DCZGBH7S, B0FCLC7XKD, B0FCLHV3NR, B0FCLHV3NS, B0BHYRQ66N, B0BHYTDMN7, B0DB5FSM12, B0CHRSF9N6, B0CG2TCLM2, B0BHYTJ1Z2, B0BLMPPW1Q, B0FMQZS9M2, B0DB5JBKP9, B0D5YRJ9Z9, B0BHYQ89LC, B0BLMPWS7G, B0FMR11CTP, B0FBHCRBV5, B0DH2NQQ93, B0BGKLY4SS, B0BGKN198R, B0BLMLQJ24, B0CG2TY547, B0FBH1LVWT, B0FMR16W9Q, B0D5YQR2JN, B0CJMCYTSH, B0FMQZVYMY, B0FCLYTK6C, B0DCZM2KMK, B0BHYPBG8F, B0DCZJZYB2, B0D5YQ1K4C, B0FMQWKC52, B0D5YPZ5XL, B0FCM4HDP7, B0DB5KVXNB, B0FCLKVWZR, B0FCLHQNHZ, B0DH2Q5JFC, B0DB5MHGQV, B0DB5FTX1K, B0DCZLCVTF, B0BHYP1MFK, B0FMQYZMWH, B0D5YN4SJ5, B0BHYQV73W]",amzn1.campaign.2TYY1NA54GEP8,ETCYY Womens Side Slit Knit Oversized Sweater Sw-26,ETCYY,2026-07-21,2027-07-21,10.00%,10000.0,10000.0,0,800,false
[B0BHS61H1N],amzn1.campaign.IXKMT0ED2KOI,🌿 10% OFF + 10% Creator Reward! Modern Boho Bathroom Decor,TURKIO,2026-07-21,2027-02-21,10.00%,5000.0,5000.0,4,800,false
"[B0GSQDDW6X, B0GSQV41RP, B0GSQLMF9V, B0GSQN1PY7, B0GSQKG4Q3, B0GSQK5C6N, B0GSQPP84W, B0GSQJXNSN, B0GSQLB2TS, B0GSQDWZYD, B0GSQH71T8]",amzn1.campaign.GNPG0AFTJOYV,10% Commission for Sun Visors,IVYWNT,2026-07-21,2026-09-30,10.00%,5000.0,4998.55,0,800,false
"[B0FHW5MCC9, B0CH4MN6XX, B0FH9QMSF4, B0BX6GP2CQ, B0FF51CWTY, B0GQH3TJD7, B0F1XK3B55, B0FF531GGV, B0FH9RRDVP, B0DM5CT99X, B0FH9MVC5X, B0DM5883YQ, B0F18WP2X7, B0DN5S1W8H, B0BNWWSVLM, B0BNH1XZJ6, B0F18YXBXW, B0CP2HFZN2, B0BNH1D3XR, B0DM5C33Z5, B0BHS61H1N, B0CG972RRB, B0F1CG5ZHS, B0DBKHH6BB, B0DM59YDRW, B0F1CCGRLY, B0FHQ9Z9BN, B0F1CFYZMQ, B0DM5BJTT2, B0FHW7XM8M, B0F18V77GV, B0BNWW496Z, B0CXPMJFGB, B0DBL2GRHZ, B0C2Q6R7N6, B0CP2H1DR8, B0DN5XR111, B0CSK53FH2, B0FH9QGSDW, B0C2Q49XK9, B0F1CHFDG5, B0FH9QSG9J, B0F1CG47V9, B0F18VBQ1X, B0DM58XYQ6, B0F1CFHG56, B0FH9LYJ78, B0F191KZHS, B0FH9VXMBL, B0FH9MMZRT, B0DM5D16L7, B0CXP9Y6JW, B0F1XJTKLH, B0FF56H7GP, B0FF53TBK8, B0CFGJQ7S8, B0FHQ9ZBVV, B0DM58DFKS, B0CSJRYGS4, B0F192JJDB]",amzn1.campaign.10ELFSRKEJ8Y4,🌿 10% OFF + 10% Creator Reward! Modern Boho Bathroom Decor,TURKIO,2026-07-21,2027-02-21,10.00%,5000.0,4997.7,0,800,false
"[B0FHKJV6KF, B0FHKJMQYD]",amzn1.campaign.MC9OE0KM2D3V,Magic Puffy Art Adventure: DIY 3D Foam Masterpieces for Kids & Creatives!,ZMMCHCG,2026-07-31,2026-12-01,10.00%,5000.0,5000.0,3,800,false
"[B0FHKJV6KF, B0FHKJMQYD]",amzn1.campaign.3TQDUYTBRJ0A2,Magic Puffy Art Adventure: DIY 3D Foam Masterpieces for Kids & Creatives!,ZMMCHCG,2026-07-30,2026-12-01,10.00%,5000.0,5000.0,5,800,false
"[B0FHKJV6KF, B0FHKJMQYD]",amzn1.campaign.JPV5HO8001W0,Magic Puffy Art Adventure: DIY 3D Foam Masterpieces for Kids & Creatives!,ZMMCHCG,2026-07-29,2026-12-01,10.00%,5001.0,5001.0,8,800,false
"[B0FHKJV6KF, B0FHKJMQYD]",amzn1.campaign.33B5J8NT9VDVL,Magic Puffy Art Adventure: DIY 3D Foam Masterpieces for Kids & Creatives!,ZMMCHCG,2026-07-28,2026-12-01,10.00%,5001.0,5001.0,7,800,false
"[B0FHKJV6KF, B0FHKJMQYD]",amzn1.campaign.2T936BXN503YK,Magic Puffy Art Adventure: DIY 3D Foam Masterpieces for Kids & Creatives!,ZMMCHCG,2026-07-27,2026-12-01,10.00%,5000.0,5000.0,8,800,false
"[B0FHKJV6KF, B0FHKJMQYD]",amzn1.campaign.3F9WXN8TKIX0P,Magic Puffy Art Adventure: DIY 3D Foam Masterpieces for Kids & Creatives!,ZMMCHCG,2026-07-26,2026-12-01,10.00%,5000.0,5000.0,6,800,false
"[B0FHKJV6KF, B0FHKJMQYD]",amzn1.campaign.1UW4MUG9U51EX,Magic Puffy Art Adventure: DIY 3D Foam Masterpieces for Kids & Creatives!,ZMMCHCG,2026-07-25,2026-12-01,10.00%,5001.0,5001.0,8,800,false
"[B0FHKJV6KF, B0FHKJMQYD]",amzn1.campaign.3NLMOJHF2D7UY,Magic Puffy Art Adventure: DIY 3D Foam Masterpieces for Kids & Creatives!,ZMMCHCG,2026-07-24,2026-12-01,10.00%,5000.0,5000.0,14,800,false
"[B0FHKJV6KF, B0FHKJMQYD]",amzn1.campaign.Z2PYM5A6CUU1,Magic Puffy Art Adventure: DIY 3D Foam Masterpieces for Kids & Creatives!,ZMMCHCG,2026-07-23,2026-12-01,11.00%,5000.0,4996.7,0,800,false
"[B0FHKJV6KF, B0FHKJMQYD]",amzn1.campaign.2BHLLX91IRKVI,Magic Puffy Art Adventure: DIY 3D Foam Masterpieces for Kids & Creatives!,ZMMCHCG,2026-07-22,2026-12-01,10.00%,5000.0,5000.0,16,800,false
"[B0FHKJV6KF, B0FHKJMQYD]",amzn1.campaign.S3J6JST6BF90,Magic Puffy Art Adventure: DIY 3D Foam Masterpieces for Kids & Creatives!,ZMMCHCG,2026-07-21,2026-12-01,10.00%,5000.0,5000.0,19,800,false
"[B0GF7572BG, B0GF71VWLW, B0GF76G4F2, B0GF715PJL, B0GF79RBBJ, B0GF6WS481, B0GF788ZW6, B0GF7H4Z3N, B0GF7K5JCW, B0GF71BHDS, B0GF7BMGWL, B0GF7G23ZT]",amzn1.campaign.2QJPF0EK10ZN6,1802-2026.7.20,Maohao,2026-07-21,2026-10-01,10.00%,10000.0,10000.0,0,800,false
[B0GVHFFMTH],amzn1.campaign.EN3MXXCVXZ8V,"Professional 8"" Fleshing Knife – 10% OFF for Limited Time!",UWBIRYO,2026-07-31,2026-12-10,10.00%,5000.0,5000.0,21,800,false
[B0GVHFFMTH],amzn1.campaign.21RJIJ2Z3QDG8,"Professional 8"" Fleshing Knife – 10% OFF for Limited Time!",UWBIRYO,2026-07-30,2026-12-10,10.00%,5000.0,5000.0,22,800,false
[B0CQZWPHNW],amzn1.campaign.1NR4EV74M60RN,"PETKAO's Bestselling Grill Locking Caster for Weber(3,000+ Sold!)10% Commission",PETKAO,2026-07-25,2027-07-25,10.00%,5000.0,5000.0,5,800,false
[B0GVHFFMTH],amzn1.campaign.ZML9O0FNRA25,"Professional 8"" Fleshing Knife – 10% OFF for Limited Time!",UWBIRYO,2026-07-29,2026-12-10,10.00%,5000.0,5000.0,27,800,false
"[B0F4CQZBWS, B0BP126SN3, B0B556222F, B09L4RRJD8, B0995HHRWJ, B0B55716T1, B09L4R2KVD, B0F183H47L, B0F4CV9XGN, B0CGX73XFQ, B0BKQVQ8BH, B0F1837NRM, B0CL95HXSS, B0CL95VY3Z]",amzn1.campaign.3CXH4ELY0FSOO,🌿 10% OFF + 10% Creator Reward! Modern Boho Bathroom Decor,Seasonwood,2026-07-21,2027-02-21,10.00%,5000.0,5000.0,2,800,false
"[B0GT6D2YYV, B0GT688N35]",amzn1.campaign.1CTRDM1M6A8MF,Join Our Needlepoint Canvas Creator Partnership – Earn 20% Commission,NAHADS,2026-07-21,2026-12-31,20.00%,5000.0,4940.0,0,800,false
[B0CQZWPHNW],amzn1.campaign.3IXSFKGGG2I4W,"PETKAO's Bestselling Grill Locking Caster for Weber(3,000+ Sold!)10% Commission",PETKAO,2026-07-24,2027-07-24,10.00%,5000.0,5000.0,9,800,false
[B0GVHFFMTH],amzn1.campaign.QF8TKM24VA1H,"Professional 8"" Fleshing Knife – 10% OFF for Limited Time!",UWBIRYO,2026-07-28,2026-12-10,10.00%,5000.0,5000.0,28,800,false
[B0GVHFFMTH],amzn1.campaign.187S8KBNC664F,"Professional 8"" Fleshing Knife – 10% OFF for Limited Time!",UWBIRYO,2026-07-27,2026-12-10,10.00%,5000.0,5000.0,21,800,false
[B0GVHFFMTH],amzn1.campaign.8ZTP69DE84VI,"Professional 8"" Fleshing Knife – 10% OFF for Limited Time!",UWBIRYO,2026-07-26,2026-12-10,10.00%,5001.0,5001.0,24,800,false
[B0CQZWPHNW],amzn1.campaign.17NU1U50KX4I1,"PETKAO's Bestselling Grill Locking Caster for Weber(3,000+ Sold!)10% Commission",PETKAO,2026-07-23,2027-07-23,10.00%,5000.0,5000.0,9,800,false
[B0GVHFFMTH],amzn1.campaign.3BWQ0MIW1GBA6,"Professional 8"" Fleshing Knife – 10% OFF for Limited Time!",UWBIRYO,2026-07-25,2026-12-10,10.00%,5000.0,5000.0,24,800,false
[B0GVHFFMTH],amzn1.campaign.33Q4AUMW1VRI0,"Professional 8"" Fleshing Knife – 10% OFF for Limited Time!",UWBIRYO,2026-07-24,2026-12-10,10.00%,5001.0,5001.0,23,800,false
[B0GVHFFMTH],amzn1.campaign.1T3DE9PAITYLV,"Professional 8"" Fleshing Knife – 10% OFF for Limited Time!",UWBIRYO,2026-07-23,2026-12-10,10.00%,5000.0,5000.0,25,800,false
[B0GVHFFMTH],amzn1.campaign.21KE80VM90KOA,"Professional 8"" Fleshing Knife – 10% OFF for Limited Time!",UWBIRYO,2026-07-22,2026-12-10,10.00%,5000.0,5000.0,24,800,false
[B0GVHFFMTH],amzn1.campaign.3PMI09GWO9YG7,"Professional 8"" Fleshing Knife – 10% OFF for Limited Time!",UWBIRYO,2026-07-21,2026-12-10,10.00%,5000.0,5000.0,28,800,false
"[B0FD74RT4D, B0GHVQSGNG, B0GGXQS9G6, B0GFDKNS6P, B0GFDJKYVV, B0GFD6TLPW, B0FD71XMS8, B0FD78HZZ6, B0FD6XB9KR, B0GHVV6MHZ, B0FX3NNWHK, B0FD7DJQD2, B0GFDBDGGY, B0GHW57LQZ, B0GHWG1S5D, B0GGXDYKGV]",amzn1.campaign.2F4Y3M781DAC2,🌸 10% OFF + 10% Creator Reward! Peach Bow Bathroom Decor 🎀,Seasonwood,2026-07-21,2027-02-21,10.00%,5000.0,5000.0,0,800,false
"[B0CP2D5RWL, B0CP2CM9FW, B0DBH4DXWX, B0DBH41WZR, B0CNPR8JS3, B0F2FPGQ14, B0CNPQRDLQ, B0F2FN41TC, B0CP2D3N1M, B0CNPSF8LS, B0DBH3KR1V, B0CNPS6CD4]",amzn1.campaign.3KXVQNWEHR55J,16% COMMISSION FOR YOU!!!-FAUX RABBIT FUR 3PCS COMFORTER COVER SET 0721,Lotus Karen,2026-07-21,2026-10-27,16.00%,5000.0,5000.0,0,800,false
"[B0GYCSP8YN, B0GYCSQV2J, B0GYCL29HL, B0GYCTTLFN, B0GYCMLFXN, B0GYDV2BJY, B0GYCSQDW2, B0GYD1LT73, B0GYCWLY7M, B0GYCQ9GTJ, B0GYCNMR8Y, B0GYCX2X34, B0GYCQJR8V, B0GYCNBZ9R, B0GYCTK7SZ, B0GYCXT7SF, B0GYCLZD63, B0GYCY32TS, B0GYCS7FSV, B0GYCL6YFY, B0GYCF9C9Z, B0GYD4DBKG, B0GYDV4PVL, B0GYCTCZN9, B0GYD58XHP, B0GYCNBSG4, B0GYCZKWLK, B0GYCZMLK7, B0GYCM7SVP, B0GYCWD4N9, B0GYCQN2YG, B0GYCQBR1L, B0GYCSM2QT, B0GYCS6MDT, B0GYCXCBM1, B0GYCWXJ3K, B0GYD23F6Q, B0GYF4X26P, B0GYCR46JC, B0GYCWXXX6, B0GYCSPHD3, B0GYCKPJCB, B0GYCSCTTJ, B0GYCY5HV6]",amzn1.campaign.2LLPYH2450O26,20% COMMISSION FOR YOU!!! - 3D Bubble Blanket-0721,Lotus Karen,2026-07-21,2026-10-28,20.00%,5000.0,5000.0,0,800,false
"[B0H5N9P8WM, B0H5NZT2RG, B0H5NKYPMR, B0H5NLKX3T, B0H5NZZYMH, B0H5ND86F6, B0H5NZ3GSK, B0H5NMV3KP, B0H5NLH3V5]",amzn1.campaign.255V7O5IVFR8M,SeeLuNa Lace Hem Pants Striped Wide Leg Pants for Women 10%,SeeLuNa,2026-07-22,2026-10-22,10.00%,5000.0,5000.0,0,800,false
"[B0FJ2KRQ1D, B0FJ2GST97, B0DJR34VY3, B0GDG2FZ1H, B0DJR3B8QZ, B0F4R1XHQ2, B0GJ5GQR7F, B0GD78YY54, B0FJ2JWXFH, B0G62Y2H3Q, B0F4R228XT, B0F3HTR94Z, B0GD73NW4R, B0GJ4ZGNDW, B0DJR341K6, B0G6394QMP, B0DY62JPK3, B0F3HV6K6B, B0DJR312T9, B0GD6YNYQX, B0F3HNXFCK, B0GDFY5K2G, B0GJ514KPF, B0F4QZ5VQJ, B0GDFSZJ9B]",amzn1.campaign.2DJUSKDGLKRSQ,16% COMMISSION FOR YOU!!! PLUSH FAUX RABBIT FUR COMFORTER SET 3PCS 0721,Lotus Karen,2026-07-21,2026-10-28,16.00%,5000.0,5000.0,0,800,false
"[B0F2FQR32J, B0DQCJL6N7, B0FSDMRG1F, B0DBGYVZFP, B0DDSPK9HP, B0F2H73BWD, B0DBGY53X6, B0F3J85BXG, B0DB1Y18W5, B0F3HCT7ZY, B0CRVGG7BQ, B0CRV7QD7R, B0F2FSDBFB, B0CXPNKBWY, B0F2H4HC5Q, B0FSDMXQHH, B0DBGXSLKD, B0CRV5CM23, B0DQCKZVPH, B0CRVCGW16, B0FSDPF84K, B0FSDPQ3BH, B0F3JBVLBS, B0CXPN44W4, B0DBGYPTX9, B0F3HGRKJ6, B0DDSC4QZC, B0F42DLH68, B0FSDRHNVP, B0DBGXK7FN, B0DQCF2ZG8, B0DBGYFB32, B0F2FNBF8S, B0F2FRQR1K, B0CRV7B33W, B0DBGY7XWS, B0DBGYSNSB, B0CXPNV5MM, B0DQCHPSSC, B0DQCKJW1L, B0DQCLWPNH, B0F3J26879, B0FSDKCT3P, B0FSDNWVKV, B0CXPL1ZZN, B0CRVJX61P, B0F2H3BSXZ, B0DJ2VY7HL, B0F3HG7895, B0CRV8VDY3, B0FSDL7778, B0CRVG9XXH, B0F2FPWDXC, B0F42D1MMQ, B0CRV42DZ7, B0FSDLXKQM, B0DB1WHYGL, B0DDSHMYY3, B0CXPNGC2K, B0FSDQ1XCW, B0CRV83CZ8, B0DBGYK2K8, B0DBGZMJXY, B0F2FR1YR3, B0F42MHGZC, B0DBGX8QCL, B0F3J25W7T, B0DJ2WLQWP, B0DB1Y3ZZ3, B0DQCJS8RP, B0DBH6GT1P, B0CRVHSKFL, B0F2FS63KR, B0DBGYJP37, B0FSDM8FWY, B0CXPLSTKC, B0DQCLG8DG, B0DQCNG9YG, B0CRV9342R, B0DQCNT5BZ, B0FSDL73TV, B0DBGYTNF6, B0F2FQBVFH, B0F2H5831P, B0CXPLVTMV, B0DQCL6QLL, B0DBGYLYH1, B0CRVGDXVB, B0DQCM1VTV, B0DBGYZH4D, B0DDS89VHJ, B0F42WMDHW]",amzn1.campaign.3LUMW9OD9ZW7K,16% COMMISSION FOR YOU!!! - Faux Rabbit Fur Bubble Blanket- 0721,Lotus Karen,2026-07-21,2026-10-25,16.00%,5000.0,5000.0,0,800,false
"[B08LG8XDJP, B0D2N5F8RQ, B0H2HJK1G5, B0FV71XVQC, B0F6CMFH8C, B0H2LBPNPJ, B0CY3PLYXH, B0DKJHJQZT, B0DKJMS4TB, B09KTJCPTP, B08LG2M9J3, B0DR2DZXKC, B0CP6QTH57, B0H2H4X4TR, B0H2KK7T5K, B0H2F2XHJ1, B0H2LLYRZX, B0H19Y7Q1Y, B0GK5ZTG7M, B0G1SXBPMZ, B0FD9BRQYZ, B0GK5DF38C, B0GK6M2HQX, B0H2HFNHWK, B0H2DX9C3B, B0G389P8BC, B07VYNXDJ8, B0FD99GFMX, B0F1JVYKC3, B0H1C9K58Q, B0FVL18J86, B07W1WCKFZ, B0FVKN9SFX, B0F1K2KCKW, B0H2L231Z9, B0DYJTC678, B0H2LHVNH6, B0H1CHLJ5M, B0H1BFS87W, B0F6CC8SWK, B0F6CBQSYB, B0H2LBSV9M, B0H2LHG5BT, B0H1BC7CY2, B07VZTBF1G, B0D2N67Q4M, B0G38C6KHL, B0FD9B5MS3, B088K4B1VX, B07VYPY5YP, B0DYJWJSFZ, B08LGVPHJM, B0H2DRW7KG, B0H1CH1WQ3, B0F2DZBRQS, B0H1CSMD8W, B0GK5PFX4D, B0F6BJZW9C, B0H1CHDQTW, B0H2LR17HF, B0DMNQ368B, B07VWMR8T4, B09PKTF1QC, B0FD9BMBW5, B0H6WRCFFM, B0FVKQXQFR, B09PKV7ZVL, B0FVKGBQ9B, B0H2HMMGNB, B0GK6SDTZB, B0H2LKSF3X, B0G38BRX83, B0H2GT717P, B0DYJRR1TQ, B0FVKW1S7K, B0FSCJ1LJC, B09PKTLR12, B0GK7BFK6Z, B0CSD86WM9, B0G1SY3KHL, B0DKJNC3HJ, B0DR29L2CY, B0H2LP5RT4, B0FV748V1Q, B07VXLTLXC, B0DKJKL3K6, B07VVFW3V7, B0GTLKF9NL, B0H2KNPDBP, B07VWLYHPG, B0DYJVT78Q, B0DYJSX1PF, B08LGC7P5S, B0DMNL8L9C, B0H1CCSLVV, B0H2L321D4, B0CSM6GMQC, B0H2GZWFLN, B0D2N3M421, B08LFY6GX5, B0H1BH2JYR, B0H2GSV2Q8, B0H2GVQ71D, B0GTLSMJ9M, B07VYP4VSN, B0GK6RXR9M, B0FVL64QG6, B0H6WVFYQ5, B0G389476B, B0GK5R4VP2, B0F1J674FQ, B0H6WK54KQ, B0D2N9GNDZ, B0DYJTW39R, B09PKVJBY3, B0D9QDCJQ3, B0GK5XPYG5, B0GK5RY4VK, B0H2HFYYSF, B0G38C6LW2, B0DYJV4G8W, B0H2HS8YSS]",amzn1.campaign.2XF52B2ZR65X4,Fashion jewelry promotion,JINEAR,2026-07-22,2027-06-30,10.00%,100000.0,100000.0,0,800,false
"[B08LG8XDJP, B0D2N5F8RQ, B0H2HJK1G5, B0FV71XVQC, B0F6CMFH8C, B0H2LBPNPJ, B0CY3PLYXH, B0DKJHJQZT, B0DKJMS4TB, B09KTJCPTP, B08LG2M9J3, B0DR2DZXKC, B0CP6QTH57, B0H2H4X4TR, B0H2KK7T5K, B0H2F2XHJ1, B0H2LLYRZX, B0H19Y7Q1Y, B0GK5ZTG7M, B0G1SXBPMZ, B0FD9BRQYZ, B0GK5DF38C, B0GK6M2HQX, B0H2HFNHWK, B0H2DX9C3B, B0G389P8BC, B07VYNXDJ8, B0FD99GFMX, B0F1JVYKC3, B0H1C9K58Q, B0FVL18J86, B07W1WCKFZ, B0FVKN9SFX, B0F1K2KCKW, B0H2L231Z9, B0DYJTC678, B0H2LHVNH6, B0H1CHLJ5M, B0H1BFS87W, B0F6CC8SWK, B0F6CBQSYB, B0H2LBSV9M, B0H2LHG5BT, B0H1BC7CY2, B07VZTBF1G, B0D2N67Q4M, B0G38C6KHL, B0FD9B5MS3, B088K4B1VX, B07VYPY5YP, B0DYJWJSFZ, B08LGVPHJM, B0H2DRW7KG, B0H1CH1WQ3, B0F2DZBRQS, B0H1CSMD8W, B0GK5PFX4D, B0F6BJZW9C, B0H1CHDQTW, B0H2LR17HF, B0DMNQ368B, B07VWMR8T4, B09PKTF1QC, B0FD9BMBW5, B0H6WRCFFM, B0FVKQXQFR, B09PKV7ZVL, B0FVKGBQ9B, B0H2HMMGNB, B0GK6SDTZB, B0H2LKSF3X, B0G38BRX83, B0H2GT717P, B0DYJRR1TQ, B0FVKW1S7K, B0FSCJ1LJC, B09PKTLR12, B0GK7BFK6Z, B0CSD86WM9, B0G1SY3KHL, B0DKJNC3HJ, B0DR29L2CY, B0H2LP5RT4, B0FV748V1Q, B07VXLTLXC, B0DKJKL3K6, B07VVFW3V7, B0GTLKF9NL, B0H2KNPDBP, B07VWLYHPG, B0DYJVT78Q, B0DYJSX1PF, B08LGC7P5S, B0DMNL8L9C, B0H1CCSLVV, B0H2L321D4, B0CSM6GMQC, B0H2GZWFLN, B0D2N3M421, B08LFY6GX5, B0H1BH2JYR, B0H2GSV2Q8, B0H2GVQ71D, B0GTLSMJ9M, B07VYP4VSN, B0GK6RXR9M, B0FVL64QG6, B0H6WVFYQ5, B0G389476B, B0GK5R4VP2, B0F1J674FQ, B0H6WK54KQ, B0D2N9GNDZ, B0DYJTW39R, B09PKVJBY3, B0D9QDCJQ3, B0GK5XPYG5, B0GK5RY4VK, B0H2HFYYSF, B0G38C6LW2, B0DYJV4G8W, B0H2HS8YSS]",amzn1.campaign.QLL0VN2ZWAC3,Fashion jewelry promotion,JINEAR,2026-07-23,2027-07-23,10.00%,100000.0,100000.0,0,800,false
[B0FQ9HV6SQ],amzn1.campaign.1VGOQ1GPU9DII,"🎀 Save 25% + Earn 25%! 2K AutoFocus Webcam for Zoom, Teams & Streaming",Avytronx,2026-07-21,2027-02-21,25.00%,5000.0,5000.0,0,800,false
[B0DS15KB9X],amzn1.campaign.3AGIW6JM6T7HJ,Video for GASLAND CE528NG Gas Water Heater- Free Sample+10% Commission,GASLAND,2026-07-21,2026-12-31,10.00%,5000.0,4956.0,0,800,false
"[B0GWPQ25JN, B0GWPRRZ9C, B0GCF3K9HB, B0GCFX21T8, B0GCFH276D, B0GCD1YLPM, B0GCCR2292, B0GWQ4DPKS, B0GCDRQS9R]",amzn1.campaign.1SPKDTLGDPYS2,2834-7.20,Maohao,2026-07-21,2026-10-23,10.00%,10000.0,10000.0,0,800,false
"[B08LG8XDJP, B0D2N5F8RQ, B0H2HJK1G5, B0FV71XVQC, B0F6CMFH8C, B0H2LBPNPJ, B0CY3PLYXH, B0DKJHJQZT, B0DKJMS4TB, B09KTJCPTP, B08LG2M9J3, B0DR2DZXKC, B0CP6QTH57, B0H2H4X4TR, B0H2KK7T5K, B0H2F2XHJ1, B0H2LLYRZX, B0H19Y7Q1Y, B0GK5ZTG7M, B0G1SXBPMZ, B0FD9BRQYZ, B0GK5DF38C, B0GK6M2HQX, B0H2HFNHWK, B0H2DX9C3B, B0G389P8BC, B07VYNXDJ8, B0FD99GFMX, B0F1JVYKC3, B0H1C9K58Q, B0FVL18J86, B07W1WCKFZ, B0FVKN9SFX, B0F1K2KCKW, B0H2L231Z9, B0DYJTC678, B0H2LHVNH6, B0H1CHLJ5M, B0H1BFS87W, B0F6CC8SWK, B0F6CBQSYB, B0H2LBSV9M, B0H2LHG5BT, B0H1BC7CY2, B07VZTBF1G, B0D2N67Q4M, B0G38C6KHL, B0FD9B5MS3, B088K4B1VX, B07VYPY5YP, B0DYJWJSFZ, B08LGVPHJM, B0H2DRW7KG, B0H1CH1WQ3, B0F2DZBRQS, B0H1CSMD8W, B0GK5PFX4D, B0F6BJZW9C, B0H1CHDQTW, B0H2LR17HF, B0DMNQ368B, B07VWMR8T4, B09PKTF1QC, B0FD9BMBW5, B0H6WRCFFM, B0FVKQXQFR, B09PKV7ZVL, B0FVKGBQ9B, B0H2HMMGNB, B0GK6SDTZB, B0H2LKSF3X, B0G38BRX83, B0H2GT717P, B0DYJRR1TQ, B0FVKW1S7K, B0FSCJ1LJC, B09PKTLR12, B0GK7BFK6Z, B0CSD86WM9, B0G1SY3KHL, B0DKJNC3HJ, B0DR29L2CY, B0H2LP5RT4, B0FV748V1Q, B07VXLTLXC, B0DKJKL3K6, B07VVFW3V7, B0GTLKF9NL, B0H2KNPDBP, B07VWLYHPG, B0DYJVT78Q, B0DYJSX1PF, B08LGC7P5S, B0DMNL8L9C, B0H1CCSLVV, B0H2L321D4, B0CSM6GMQC, B0H2GZWFLN, B0D2N3M421, B08LFY6GX5, B0H1BH2JYR, B0H2GSV2Q8, B0H2GVQ71D, B0GTLSMJ9M, B07VYP4VSN, B0GK6RXR9M, B0FVL64QG6, B0H6WVFYQ5, B0G389476B, B0GK5R4VP2, B0F1J674FQ, B0H6WK54KQ, B0D2N9GNDZ, B0DYJTW39R, B09PKVJBY3, B0D9QDCJQ3, B0GK5XPYG5, B0GK5RY4VK, B0H2HFYYSF, B0G38C6LW2, B0DYJV4G8W, B0H2HS8YSS]",amzn1.campaign.210TW1ET7719I,Fashion jewelry promotion,JINEAR,2026-07-22,2027-07-04,10.00%,100000.0,100000.0,0,800,false
"[B0GCN61B66, B0GCMGFW35, B0GCLNP7PX, B0GCLNGVR8, B0GCMFYZ6F, B0GCN5XPZQ, B0GCMYN61D, B0GCMWSLKB, B0GCN5X3HY, B0GCMZ93DC, B0GCMT87MT, B0GCN7F8QQ]",amzn1.campaign.3UYN4W2Q4TP0P,2835-7.20,Maohao,2026-07-21,2026-10-17,10.00%,10000.0,10000.0,0,800,false
"[B08LG8XDJP, B0D2N5F8RQ, B0H2HJK1G5, B0FV71XVQC, B0F6CMFH8C, B0H2LBPNPJ, B0CY3PLYXH, B0DKJHJQZT, B0DKJMS4TB, B09KTJCPTP, B08LG2M9J3, B0DR2DZXKC, B0CP6QTH57, B0H2H4X4TR, B0H2KK7T5K, B0H2F2XHJ1, B0H2LLYRZX, B0H19Y7Q1Y, B0GK5ZTG7M, B0G1SXBPMZ, B0FD9BRQYZ, B0GK5DF38C, B0GK6M2HQX, B0H2HFNHWK, B0H2DX9C3B, B0G389P8BC, B07VYNXDJ8, B0FD99GFMX, B0F1JVYKC3, B0H1C9K58Q, B0FVL18J86, B07W1WCKFZ, B0FVKN9SFX, B0F1K2KCKW, B0H2L231Z9, B0DYJTC678, B0H2LHVNH6, B0H1CHLJ5M, B0H1BFS87W, B0F6CC8SWK, B0F6CBQSYB, B0H2LBSV9M, B0H2LHG5BT, B0H1BC7CY2, B07VZTBF1G, B0D2N67Q4M, B0G38C6KHL, B0FD9B5MS3, B088K4B1VX, B07VYPY5YP, B0DYJWJSFZ, B08LGVPHJM, B0H2DRW7KG, B0H1CH1WQ3, B0F2DZBRQS, B0H1CSMD8W, B0GK5PFX4D, B0F6BJZW9C, B0H1CHDQTW, B0H2LR17HF, B0DMNQ368B, B07VWMR8T4, B09PKTF1QC, B0FD9BMBW5, B0H6WRCFFM, B0FVKQXQFR, B09PKV7ZVL, B0FVKGBQ9B, B0H2HMMGNB, B0GK6SDTZB, B0H2LKSF3X, B0G38BRX83, B0H2GT717P, B0DYJRR1TQ, B0FVKW1S7K, B0FSCJ1LJC, B09PKTLR12, B0GK7BFK6Z, B0CSD86WM9, B0G1SY3KHL, B0DKJNC3HJ, B0DR29L2CY, B0H2LP5RT4, B0FV748V1Q, B07VXLTLXC, B0DKJKL3K6, B07VVFW3V7, B0GTLKF9NL, B0H2KNPDBP, B07VWLYHPG, B0DYJVT78Q, B0DYJSX1PF, B08LGC7P5S, B0DMNL8L9C, B0H1CCSLVV, B0H2L321D4, B0CSM6GMQC, B0H2GZWFLN, B0D2N3M421, B08LFY6GX5, B0H1BH2JYR, B0H2GSV2Q8, B0H2GVQ71D, B0GTLSMJ9M, B07VYP4VSN, B0GK6RXR9M, B0FVL64QG6, B0H6WVFYQ5, B0G389476B, B0GK5R4VP2, B0F1J674FQ, B0H6WK54KQ, B0D2N9GNDZ, B0DYJTW39R, B09PKVJBY3, B0D9QDCJQ3, B0GK5XPYG5, B0GK5RY4VK, B0H2HFYYSF, B0G38C6LW2, B0DYJV4G8W, B0H2HS8YSS]",amzn1.campaign.H413LKOTI6ZO,Fashion jewelry promotion,JINEAR,2026-07-22,2027-07-02,10.00%,100000.0,100000.0,0,800,false
"[B08LG8XDJP, B0D2N5F8RQ, B0H2HJK1G5, B0FV71XVQC, B0F6CMFH8C, B0H2LBPNPJ, B0CY3PLYXH, B0DKJHJQZT, B0DKJMS4TB, B09KTJCPTP, B08LG2M9J3, B0DR2DZXKC, B0CP6QTH57, B0H2H4X4TR, B0H2KK7T5K, B0H2F2XHJ1, B0H2LLYRZX, B0H19Y7Q1Y, B0GK5ZTG7M, B0G1SXBPMZ, B0FD9BRQYZ, B0GK5DF38C, B0GK6M2HQX, B0H2HFNHWK, B0H2DX9C3B, B0G389P8BC, B07VYNXDJ8, B0FD99GFMX, B0F1JVYKC3, B0H1C9K58Q, B0FVL18J86, B07W1WCKFZ, B0FVKN9SFX, B0F1K2KCKW, B0H2L231Z9, B0DYJTC678, B0H2LHVNH6, B0H1CHLJ5M, B0H1BFS87W, B0F6CC8SWK, B0F6CBQSYB, B0H2LBSV9M, B0H2LHG5BT, B0H1BC7CY2, B07VZTBF1G, B0D2N67Q4M, B0G38C6KHL, B0FD9B5MS3, B088K4B1VX, B07VYPY5YP, B0DYJWJSFZ, B08LGVPHJM, B0H2DRW7KG, B0H1CH1WQ3, B0F2DZBRQS, B0H1CSMD8W, B0GK5PFX4D, B0F6BJZW9C, B0H1CHDQTW, B0H2LR17HF, B0DMNQ368B, B07VWMR8T4, B09PKTF1QC, B0FD9BMBW5, B0H6WRCFFM, B0FVKQXQFR, B09PKV7ZVL, B0FVKGBQ9B, B0H2HMMGNB, B0GK6SDTZB, B0H2LKSF3X, B0G38BRX83, B0H2GT717P, B0DYJRR1TQ, B0FVKW1S7K, B0FSCJ1LJC, B09PKTLR12, B0GK7BFK6Z, B0CSD86WM9, B0G1SY3KHL, B0DKJNC3HJ, B0DR29L2CY, B0H2LP5RT4, B0FV748V1Q, B07VXLTLXC, B0DKJKL3K6, B07VVFW3V7, B0GTLKF9NL, B0H2KNPDBP, B07VWLYHPG, B0DYJVT78Q, B0DYJSX1PF, B08LGC7P5S, B0DMNL8L9C, B0H1CCSLVV, B0H2L321D4, B0CSM6GMQC, B0H2GZWFLN, B0D2N3M421, B08LFY6GX5, B0H1BH2JYR, B0H2GSV2Q8, B0H2GVQ71D, B0GTLSMJ9M, B07VYP4VSN, B0GK6RXR9M, B0FVL64QG6, B0H6WVFYQ5, B0G389476B, B0GK5R4VP2, B0F1J674FQ, B0H6WK54KQ, B0D2N9GNDZ, B0DYJTW39R, B09PKVJBY3, B0D9QDCJQ3, B0GK5XPYG5, B0GK5RY4VK, B0H2HFYYSF, B0G38C6LW2, B0DYJV4G8W, B0H2HS8YSS]",amzn1.campaign.1DCEMYTYPIURA,Fashion jewelry promotion,JINEAR,2026-07-22,2027-07-01,10.00%,100000.0,100000.0,0,800,false
"[B0FJ4RB23T, B0FJ532LYG, B0FJ54WXKK, B0FJ52JTCF, B0FJ4R1HRB, B0FJ4WWFLG, B0FJ5BJ8DM, B0FJ54NRCR, B0FJ5FJQQL, B0FJ55Y3VH, B0FJ4WNT9S, B0FJ4ZH3N3, B0FJ571SVW, B0FJ57K19V, B0FJ59ZR9V, B0FJ4ZW31S, B0FJ51WTWL, B0FJ5G2MTP, B0FJ4XF6R4, B0FJ55GN6T, B0FJ4XSLLF, B0FJ5FD5T6, B0FJ4YMPDZ, B0FJ4R4J2P, B0FJ53G4WV]",amzn1.campaign.GSGF2VD42HCX,054  7.20,ATLASLAVA,2026-07-23,2027-07-23,10.00%,10000.0,10000.0,0,800,false
"[B0FCFJTQBZ, B0FCFLGN44, B0FCFJSTVM, B0FCFFZKTC, B0FCFK511F, B0FCFHG8H7, B0FCFMT5H3, B0FCFMWHWV, B0FCFH3LCJ, B0FCFJRBVG, B0FCFK7ST9, B0FCFMBL1S, B0FCFLVD8W, B0FCFK7STB, B0FCFG6Z74, B0FCFJ4VTY, B0FCFHCZ98, B0FCFQJ3YZ, B0FCFMJ47C, B0FCFHCGD9, B0FCFH4LCQ, B0FCFHFN4J, B0FCFLQGZH, B0FCFGZZ27, B0FCFKQP5B, B0FCFHGKTP, B0FCFKC6WY, B0FCFQHKFZ, B0FCFH7GBY, B0FCFLL5SH, B0FCFGNFJP, B0FCFH25ZV, B0FCFKQ69H, B0FCFLTTN6, B0FCFN4VW6]",amzn1.campaign.3D54KCP95PR8B,044-7.20,ATLASLAVA,2026-07-23,2027-07-23,11.00%,10000.0,10000.0,0,800,false
"[B0CKN3CBBS, B0CKN1X79T, B0F6JYNVNK, B0CKN2H9VT, B0CKN21L6T, B0CKMZRQH1, B0CKMZJKCR, B0F6K3CSMY, B0CKN1T718, B0DCVD7GH2, B0DP6F69TG, B0CKN3PDH1, B0CKN2MJLJ, B0DCVBCNQQ, B0DP6F17TR, B0DP6G18R8, B0CKN29Y1C, B0CKN3QRKX, B0CKN1WWM9, B0CKN1PY59, B0CKN29FY6, B0F6K7D5D2, B0DCVBS9VS, B0CKN46KQQ, B0CKN1LXQJ, B0DCVBTGK5, B0DCVCBTJF, B0DCVC3BS8, B0CKN3M4KL, B0CKN2NRLB, B0DCVBHT36, B0CKN2NDQ8, B0CKN5733J, B0DCVBTVD3, B0DCVC97TS, B0DCVCQXZM, B0DP6FL887, B0CKN1K1WC, B0DCVBSPNY, B0DCVC575Y, B0DCVCD95L, B0CKMZWZSV, B0CKN3XRR6, B0CKN1RZ7N, B0CKN1N88J, B0CKN2HLM6, B0CKN3XRQP, B0DP6F1V78, B0CKN1ZK1Y, B0CKN2BXNQ, B0DCVBZW3S, B0F6JTK8G6, B0DCVBX8YT, B0DCVBNXFN, B0DP6FCT8N, B0F6JQDV7Y, B0DCVBY3LV, B0CKN29TZK, B0F6JQBWDG]",amzn1.campaign.3VMMRUQOHJ3Y5,004-7.20,ATLASLAVA,2026-07-23,2027-07-23,11.00%,10000.0,10000.0,0,800,false
"[B0FNBSTSBS, B0FNC7K3KW, B0FNBY9F8W, B0FNBP79GV, B0FNBV5W9F, B0FNC2LG1P, B0FNBFYJMM, B0FNBFX7TM, B0FNBVPYSL, B0FNBQXTMW, B0FNBT4FSY, B0FNBV1MVK, B0FNBWF22L, B0FNBZP2W2, B0FNBV8LFT, B0FNC4JMN6, B0FNBW8HYC, B0FNC3XR11, B0FNBGGDCW, B0FNBYVV6D, B0FNC2LG1Q, B0FNBGCD3P, B0FNC4MS3R, B0FNBWY82Y, B0FNBK8VM9]",amzn1.campaign.2C57NDBJRULU4,066 7.20,ATLASLAVA,2026-07-23,2027-07-23,11.00%,10000.0,10000.0,0,800,false
"[B0GWD3XH8Q, B0GWDBK4T2, B0GWD7H5B3, B0GWDBX7N5, B0GWD4ZZ6W, B0GWCZWQTR, B0GWD6V21Y, B0GWDBJTS7, B0GWCZVFSV, B0GWDD2LPR, B0GWD6SHDN, B0GWD7FN95, B0GWDBF9PS, B0GWCYXH52, B0GWCWYFP5, B0GWD611GL, B0GWD4476S, B0GWD4KVNY, B0GWD9MQMQ, B0GWD26165]",amzn1.campaign.Q1D0J9CU00V1,076 7.20,ATLASLAVA,2026-07-23,2027-07-23,10.00%,10000.0,10000.0,0,800,false
[B0GYHR4675],amzn1.campaign.I2DG4WSZTYIT,👶 MOM FINDS & SAFE DRIVING DEAL — 50% OFF PROMO CODE (EARN 10% COMMISSION),ZIDARO,2026-07-23,2027-07-09,10.00%,5000.0,5000.0,0,800,false
[B0GYHR4675],amzn1.campaign.37XQMSPBKWI8J,🚗 ESSENTIAL GEAR FOR DRIVERS — 50% OFF PROMO CODE (EARN 10% COMMISSION),ZIDARO,2026-07-23,2027-06-26,10.00%,5000.0,5000.0,0,800,false
[B0GYHR4675],amzn1.campaign.2G6Q17P93RQLJ,🏖️ ULTIMATE ROAD TRIP ACCESSORY — 50% OFF PROMO CODE (EARN 10% COMMISSION),ZIDARO,2026-07-23,2027-07-20,10.00%,5000.0,5000.0,0,800,false
"[B0GT1LMLY4, B0GT1FZKL2, B0GT1DRTTB]",amzn1.campaign.2VI7D9B4YTCZ1,To All Amazon Creators 🎯 – High Demand + 30% Commission = Easy Earnings!,NILAIWO,2026-07-22,2027-07-17,30.00%,50000.0,50000.0,0,800,false
"[B0GT1LMLY4, B0GT1FZKL2, B0GT1DRTTB]",amzn1.campaign.FMIJ5222Y94N,To All Amazon Creators 🎯 – High Demand + 30% Commission = Easy Earnings!,NILAIWO,2026-07-21,2027-07-17,30.00%,50000.0,50000.0,0,800,false
"[B0CW5TQ1VL, B0DRPLXY47, B0CPLBRCN6, B0C3Q36TM5, B0CPLDHQMS, B0CPLBQ1TX, B0C3Q3KF1L]",amzn1.campaign.2C5D3FS3QQGZX,SMC Cable communications capabilities,Tigrett,2026-07-21,2026-11-28,20.00%,50000.0,50000.0,0,800,false
"[B0CW5TQ1VL, B0DRPLXY47, B0CPLBRCN6, B0C3Q36TM5, B0CPLDHQMS, B0CPLBQ1TX, B0C3Q3KF1L]",amzn1.campaign.14XW6HMQVL0YT,SMC Cable for Kenwood and Baofeng Radios,Tigrett,2026-07-21,2026-11-25,15.00%,50000.0,50000.0,0,800,false
"[B07J6T6V8Y, B0DVLY8217, B0DVLXSB7G, B0F6V9DMX7, B0F6VLP7MQ, B07G7T8B4S, B0DVLWJ3M9, B0DVLWKZ2Z, B0F2MTQNVK, B0F6V9DPQK]",amzn1.campaign.MIGTCBWG2MMV,Reduces sagging and extends mattress lifespan,Greaton,2026-07-21,2027-01-25,10.00%,50000.0,50000.0,0,800,false
"[B07J6T6V8Y, B0DVLY8217, B0DVLXSB7G, B0F6V9DMX7, B0F6VLP7MQ, B07G7T8B4S, B0DVLWJ3M9, B0DVLWKZ2Z, B0F2MTQNVK, B0F6V9DPQK]",amzn1.campaign.2GRYDSQUNR045,Support Your Sleep: Greaton Bunkie Board,Greaton,2026-07-21,2027-01-19,10.00%,50000.0,50000.0,0,800,false
"[B0CLVBZGS4, B07H14X98W]",amzn1.campaign.2UWYAA1SWX7ZL,Tissue Massager,Rolflex,2026-07-21,2026-11-26,15.00%,50000.0,50000.0,0,800,false
"[B0CLVBZGS4, B07H14X98W]",amzn1.campaign.3QM3FY0HCNI96,Go‑to self‑care tool for athletes and fitness lovers,Rolflex,2026-07-21,2026-12-31,15.00%,50000.0,49976.02,0,800,false
"[B0CFRJ79CY, B0FB5MZ69V, B07ZDL2MFH, B0DSGM4L18, B0F7TK7Y62, B07ST3MCVF, B083G6WMGZ, B0CW3K28L8, B0BP9FX4H8]",amzn1.campaign.2ZMTT24SZGMRR,Menopause & Women's Wellness Support,NewLife Naturals,2026-07-21,2026-12-21,15.00%,50000.0,50000.0,0,800,false
[B086692GCS],amzn1.campaign.JZ35P8D8AOFV,🌸 XL Oil Control Papers 🌿Perfect for On-the-Go Fix +20% 💸| B086692GCS,ZOROM'S,2026-07-23,2027-06-23,20.00%,100000.0,99998.0,0,800,false
"[B0DQ56KZ9D, B09R4WV42F, B09R4WL9WP]",amzn1.campaign.2BSNHTOJNQWAC,💖 HP Blotting Papers 💎Keep Makeup Matte All Day +20% 💸| B09R4WV42F,ZOROM'S,2026-07-23,2027-06-23,20.00%,100000.0,100000.0,0,800,false
"[B0DQ56KZ9D, B09R4WV42F, B09R4WL9WP]",amzn1.campaign.2R6NDEJ5T4P7Q,⚡ Shine Control Papers ✨Quick Touch-Up Before Selfies +20% 💸| B09R4WV42F,ZOROM'S,2026-07-22,2027-06-23,20.00%,100000.0,100000.0,0,800,false
"[B0DQR1ZXR1, B0DQQDWN77, B0DQQGR9KR]",amzn1.campaign.1WHJALPNETRMQ,🌸 Oil Control Papers 🌿Stay Matte All Day +20% 💸| B0DQQGR9KR,ZOROM'S,2026-07-23,2027-06-23,20.00%,100000.0,100000.0,0,800,false
"[B0DQR1ZXR1, B0DQQDWN77, B0DQQGR9KR]",amzn1.campaign.1LEJ57U6GI19V,✨ Face Blotting Sheets 🌟Quick Matte Fix Anytime +20% 💸| B0DQQGR9KR,ZOROM'S,2026-07-22,2027-06-23,20.00%,100000.0,100000.0,0,800,false
"[B0DQR1ZXR1, B0DQQDWN77, B0DQQGR9KR]",amzn1.campaign.22QVNP1W35Q8G,💖 Oil Blotting Papers 🌸Your Purse Beauty Essential +20% 💸| B0DQQGR9KR,ZOROM'S,2026-07-21,2027-06-23,20.00%,100000.0,100000.0,0,800,false
"[B0G5ZRG34P, B0G5ZK38KM, B0D4QWSL6F, B0D4ZJWS3C]",amzn1.campaign.38KTXWT8XQMPG,⚡ Scar Tape Silicone Roll 🚨 Gentle Skin Recovery Care +20% 💸 | B0G5ZK38KM,MYHELP,2026-07-23,2027-06-23,20.00%,100000.0,100000.0,0,800,false
"[B0G5ZRG34P, B0G5ZK38KM, B0D4QWSL6F, B0D4ZJWS3C]",amzn1.campaign.1KINEJ9IK9CG8,🔥 Silicone Scar Care Tape 🌟 Smooth Skin Routine Support +20% 💸 | B0G5ZK38KM,MYHELP,2026-07-22,2027-06-23,20.00%,100000.0,100000.0,0,800,false
"[B0G5ZRG34P, B0G5ZK38KM, B0D4QWSL6F, B0D4ZJWS3C]",amzn1.campaign.2X1RUI2MSQFOF,💥 Medical Grade Scar Tape 🚨 Daily Skin Appearance Care +20% 💸 | B0G5ZK38KM,MYHELP,2026-07-21,2027-06-23,20.00%,100000.0,100000.0,0,800,false
"[B0DF89KYJT, B0DF891X52, B0DF88PL9X, B0DF8H3QY3]",amzn1.campaign.2Y9SSGNR5GHO7,⛑️ Butterfly Skin Closures 🌟Reliable Everyday Care +20% 💸| B0DF891X52,MYHELP,2026-07-23,2027-07-15,20.00%,100000.0,100000.0,0,800,false
"[B0DF89KYJT, B0DF891X52, B0DF88PL9X, B0DF8H3QY3]",amzn1.campaign.2BF0U9ZPMG852,🚨 Laceration Closure Strips 🌟First Aid Anywhere +20% 💸| B0DF891X52,MYHELP,2026-07-22,2027-07-15,20.00%,100000.0,100000.0,0,800,false
"[B0DF89KYJT, B0DF891X52, B0DF88PL9X, B0DF8H3QY3]",amzn1.campaign.DD9743PGDHWB,✨ First Aid Wound Closures 🌟Ready for Home & Travel +20% 💸| B0DF891X52,MYHELP,2026-07-21,2027-07-15,20.00%,100000.0,99994.0,0,800,false
"[B0D4QTQS4W, B0D4ZM96R6, B0D4QY1YWC, B0D17NM9PJ, B0D4QSPJQX, B0D4QWBT61, B0D17KZQCQ, B0D4QVF336]",amzn1.campaign.V234BPBO5HZW,🔥 Scar Care Silicone Tape 🌟 Fast Daily Routine Support +20% 💸 | B0D4QWBT61,MYHELP,2026-07-23,2027-06-23,20.00%,100000.0,100000.0,0,800,false
"[B0D4QTQS4W, B0D4ZM96R6, B0D4QY1YWC, B0D17NM9PJ, B0D4QSPJQX, B0D4QWBT61, B0D17KZQCQ, B0D4QVF336]",amzn1.campaign.3LUW0NHEMO4XG,💥 Medical Grade Silicone Scar Tape 🚨 Daily Skin Care +20% 💸 | B0D4QWBT61,MYHELP,2026-07-22,2027-06-23,20.00%,100000.0,100000.0,0,800,false
"[B0C1ZZ766Q, B0C1T5RNCH, B0C2D8MQS3, B0C2D7JYQT]",amzn1.campaign.3383QJCA0JJIA,🚨 Emergency Wound Closures 🌟Be Ready Anywhere +20% 💸| B0C1T5RNCH,MYHELP,2026-07-23,2027-06-23,20.00%,100000.0,100000.0,0,800,false
"[B0C1ZZ766Q, B0C1T5RNCH, B0C2D8MQS3, B0C2D7JYQT]",amzn1.campaign.24NCTCMKZQW0M,✨ Wound Closure Strips 🌟Quick Care for Small Cuts +20% 💸| B0C1T5RNCH,MYHELP,2026-07-22,2027-06-23,20.00%,100000.0,100000.0,0,800,false
"[B0C1ZZ766Q, B0C1T5RNCH, B0C2D8MQS3, B0C2D7JYQT]",amzn1.campaign.2AG4L1QWIOHBA,⛑️ Butterfly Closure Strips 🌟Travel & Home Ready +20% 💸| B0C1T5RNCH,MYHELP,2026-07-21,2027-06-23,20.00%,100000.0,99992.72,0,800,false
[B078Q32FXQ],amzn1.campaign.2WMHR0UX870WK,✨ Reusable Half Leg Cover 🌟Protect Your Cast +20% 💸| B078Q32FXQ,Mighty-X,2026-07-23,2027-06-23,20.00%,100000.0,100000.0,0,800,false
[B078Q32FXQ],amzn1.campaign.2ECY2MRPZ17D6,🚿 Shower-Safe Leg Cast Sleeve 🌟Stay Active During Recovery +20% 💸| B078Q32FXQ,Mighty-X,2026-07-22,2027-06-23,20.00%,100000.0,99996.76,0,800,false
"[B07JLMKJGX, B09R8355XC, B09R851CL3, B07HHL3W1M, B09R83Z3JQ]",amzn1.campaign.NNJ6S2A5CO62,🚨 Emergency Gauze Rolls 🌟Must-Have Medical Supply +20% 💸| B07HHL3W1M,Mighty-X,2026-07-23,2027-06-23,20.00%,100000.0,100000.0,0,800,false
"[B07JLMKJGX, B09R8355XC, B09R851CL3, B07HHL3W1M, B09R83Z3JQ]",amzn1.campaign.ERFP8ULPY75Z,⚡ First Aid Gauze 24-Pack 🌟Prep Your Kit in Minutes +20% 💸| B07HHL3W1M,Mighty-X,2026-07-22,2027-06-23,20.00%,100000.0,100000.0,0,800,false
"[B078Q7WJSG, B08J3ZRTLQ]",amzn1.campaign.8I4DDFPG8A47,✨ Reusable Arm Cast Cover 🌟Recovery Made Simple +20% 💸| B078Q7WJSG,Mighty-X,2026-07-23,2027-06-23,20.00%,100000.0,100000.0,0,800,false
"[B078Q7WJSG, B08J3ZRTLQ]",amzn1.campaign.3T92W3YL8E4W1,🚿 Shower-Safe Arm Sleeve 🌟Protect Your Cast Instantly +20% 💸| B078Q7WJSG,Mighty-X,2026-07-22,2027-06-23,20.00%,100000.0,100000.0,0,800,false
"[B0FCSLSK12, B0FRSYRLDM, B0FCSP4CJD, B0FCSMWG8W, B0FRSY1GHJ, B0FVMMWQ5B, B0DPYWHLFG, B0FRSWHR4J, B0H2J85DM3, B0H2JJJ445]",amzn1.campaign.2J5SFCRW98BLZ,Earn 20% Commission with Zyn pouches,TuffTynz,2026-07-21,2027-06-04,20.00%,1000000.0,1000000.0,0,800,false
"[B06XQ8B8Y8, B07R2D594Z, B076ZVLMYR, B07XJPY5PZ]",amzn1.campaign.27YB3P9R2KS75,⛑️ Reusable Support Wraps 🌟Daily Injury Protection +20% 💸| B06XQ8B8Y8,Mighty-X,2026-07-23,2027-06-24,20.00%,100000.0,100000.0,0,800,false
"[B06XQ8B8Y8, B07R2D594Z, B076ZVLMYR, B07XJPY5PZ]",amzn1.campaign.A042TBMJKQI1,⚡ Multi-Size Support Wrap Set 🌟Stabilize & Recover Faster +20% 💸| B06XQ8B8Y8,Mighty-X,2026-07-22,2027-06-24,20.00%,100000.0,100000.0,0,800,false
"[B071H9RYJX, B0D94611S4, B0D94B3GC8, B0D9446Q7K, B01HQWDQ1E]",amzn1.campaign.16AIXYYNIQD5E,🚘 Original Yellow Car Shammy 🌟The Classic Car Drying Tool +20% 💸| B01HQWDQ1E,Mighty Cleaner,2026-07-22,2027-06-23,20.00%,100000.0,99998.2,0,800,false
"[B0D949J163, B08HZ5SMF4, B0D9484YQ4, B0D9482QK3]",amzn1.campaign.1BMELX0101ZT9,✨ Car Drying Cloth Set 🌟Streak-Free Shine Every Time +20% 💸| B08HZ5SMF4,Mighty Cleaner,2026-07-23,2027-06-23,20.00%,100000.0,100000.0,0,800,false
"[B0D949J163, B08HZ5SMF4, B0D9484YQ4, B0D9482QK3]",amzn1.campaign.2OZST790KX7U1,💦 Classic Car Shammy Towels 🌟Dry Faster After Every Wash +20% 💸| B08HZ5SMF4,Mighty Cleaner,2026-07-22,2027-06-23,20.00%,100000.0,99996.4,0,800,false
"[B0D98224C1, B0D983H62Y, B0D9476Q7K, B07DXCGCHF, B0D982PYKF]",amzn1.campaign.26GYR7T7VXSF2,🧽 Premium Microfiber Cloths 🌟Scratch-Free Car Detailing +20% 💸| B07DXCGCHF,Mighty Cleaner,2026-07-23,2027-06-23,20.00%,100000.0,100000.0,0,800,false
"[B0GGB1TQ3W, B0GWY47NGD, B0GGRPM4Y3, B0G5X9W6QP, B0GY3ZKQZL]",amzn1.campaign.M04CIVJHB5TF,Nexustratix Promotion,Nexustratix,2026-07-21,2026-12-31,20.00%,5000.0,5000.0,0,800,false
[B0GSK2H2L4],amzn1.campaign.1IE09OGVFE7OB,7.20墨绿色旋转刀叉架（20%,EXIN DECHEN,2026-07-21,2027-03-30,20.00%,5000.0,5000.0,0,800,false
[B0F18ZM7JL],amzn1.campaign.P05O9TWGLGS0,7.20旋转置物架（20%,EXIN DECHEN,2026-07-21,2027-03-30,20.00%,5000.0,5000.0,0,800,false
[B0DS8PQK96],amzn1.campaign.1ND6VJY3MZR7X,7.20三角架（20%,EXIN DECHEN,2026-07-21,2027-03-31,20.00%,5000.0,5000.0,0,800,false
[B0GSK4QN27],amzn1.campaign.12SHCZNIAUZBG,7.20胡桃色旋转置物架（20%,EXIN DECHEN,2026-07-21,2027-03-31,20.00%,5000.0,5000.0,0,800,false
[B0G4VGNBZL],amzn1.campaign.3UPO4MMP4YD4,7.20相思木旋转置物架（20%,EXIN DECHEN,2026-07-21,2027-03-30,20.00%,5000.0,5000.0,0,800,false
[B0G8DV1V21],amzn1.campaign.2DU9LTVNU3JQB,7.20黑色旋转置物架（20%,TRQWRO,2026-07-21,2027-03-30,20.00%,5000.0,4980.8,0,800,false
[B0GNR82QKP],amzn1.campaign.1HZGHP927EXYS,7.20白色化妆刷架（20%,TRQWRO,2026-07-21,2027-03-30,20.00%,5000.0,4994.0,0,800,false
"[B08XQT9CS5, B07VWL9XLH, B07DJXP129, B082VL161T, B0F1BG56NZ, B07CSGDVMB, B0831SHG1Z, B07YGYD427, B07L8DQ5HR, B08S4B76PQ, B07KY1KDCJ, B07L8JMGDR, B07F7J9HLH, B074F2NQYY, B08S457TMV, B08N7WXQYX, B09P1XJWX6, B07F7B6VQR, B07F474NV8, B0DSV7BFQD, B082VLJ6D9, B08N886HDJ, B07WC9XFXZ, B07F7KBJXJ, B07F787V32]",amzn1.campaign.1YSL2ICILHP4K,Designed for long-term footwear maintenance - 20% commission,RED MOOSE,2026-07-21,2027-01-04,20.00%,50000.0,50000.0,0,800,false
"[B08XQT9CS5, B07VWL9XLH, B07DJXP129, B082VL161T, B0F1BG56NZ, B07CSGDVMB, B0831SHG1Z, B07YGYD427, B07L8DQ5HR, B08S4B76PQ, B07KY1KDCJ, B07L8JMGDR, B07F7J9HLH, B074F2NQYY, B08S457TMV, B08N7WXQYX, B09P1XJWX6, B07F7B6VQR, B07F474NV8, B0DSV7BFQD, B082VLJ6D9, B08N886HDJ, B07WC9XFXZ, B07F7KBJXJ, B07F787V32]",amzn1.campaign.1L2UG4YH78U1R,Red Moose Shoe & Sneaker Care Essentials,RED MOOSE,2026-07-21,2026-12-31,20.00%,50000.0,50000.0,0,800,false
"[B08XQT9CS5, B07VWL9XLH, B07DJXP129, B082VL161T, B0F1BG56NZ, B07CSGDVMB, B0831SHG1Z, B07YGYD427, B07L8DQ5HR, B08S4B76PQ, B07KY1KDCJ, B07L8JMGDR, B07F7J9HLH, B074F2NQYY, B08S457TMV, B08N7WXQYX, B09P1XJWX6, B07F7B6VQR, B07F474NV8, B0DSV7BFQD, B082VLJ6D9, B08N886HDJ, B07WC9XFXZ, B07F7KBJXJ, B07F787V32]",amzn1.campaign.LRKFBEOZ0EXE,Red Moose Shoe Leather Polish,RED MOOSE,2026-07-21,2026-12-15,20.00%,50000.0,49992.2,0,800,false
"[B0GZLCZ4W7, B0GZLMC8XV, B0GZNWKX6M, B0GZNYJTSF, B0GZLM9G8Z, B0GZP56HMG, B0GZNY387J, B0GZLDGDDJ, B0GZLJF4JJ, B0GZLLV4H1, B0GZPNMGN1, B0GZLLMV4L, B0GZPQ7JKM, B0GZNZBBMX, B0GZLDJZTX, B0GZNZG1G1, B0GZP2PVPL, B0GZLLY6LV, B0GZNZQC89, B0GZP37QXN, B0GZLJT3B7, B0GZLLQSHM, B0GZNY2T6N, B0GZNS7RL2, B0GZLFLQSR, B0GZP47VS7, B0GZLG3ZLR, B0GZP3QCPM, B0GZP8MBPC, B0GZP1L5K6, B0GZNZBMGQ, B0GZLHP3FR, B0GZP59S8F]",amzn1.campaign.26D1USB4H2UIA,👋20% Unlimited Commission + Free Tattoo Samples | 10% Exclusive Fan Discount👋,Actgan,2026-07-21,2027-07-21,20.00%,5000.0,5000.0,0,800,false
"[B0H1BRQQWR, B0H1GZSCTZ, B0H1C3QNBZ]",amzn1.campaign.23DMHLK8J9SL7,High Commission🔦EDC Flashlight for Gear & Outdoor Creators | 🔦ZL3-15,PASIION,2026-07-21,2026-12-31,15.00%,10000.0,10000.0,0,800,false
[B0H885PCCR],amzn1.campaign.3NV4Y72Q64LS0,趴睡枕,Antrelume,2026-07-21,2027-07-21,10.00%,5000.0,4996.0,0,800,false
"[B0H9FM1S63, B0H6XMCMPC]",amzn1.campaign.2TPLB976XMHUS,Selene 3.2L Pet Fountain Filter Influencer Marketing Campaign,Lifetessa,2026-07-21,2026-09-30,10.00%,5000.0,5000.0,0,800,false
"[B0GWZHHJV8, B0GWZKQLCL, B0GWZHF5VF, B0GWZFSKD7]",amzn1.campaign.3BE8EW72AF9KJ,Affordable Home Wall Decor – Commomy 3D Peel & Stick Tiles,Commomy,2026-07-21,2027-07-21,10.00%,5000.0,5000.0,0,800,false
"[B0GWZHHJV8, B0GWZKQLCL, B0GWZHF5VF, B0GWZFSKD7]",amzn1.campaign.32LALEIANDU8K,Small Space Transformation – Commomy 3D Peel and Stick for Kitchen & Bathroom,Commomy,2026-07-21,2027-07-21,11.00%,5000.0,4993.56,0,800,false
"[B0GCFQ3VWY, B0GXR7CP14, B0GCFPT7XX]",amzn1.campaign.1DJQVA8F0QJ8W,"Just Cut, Peel, Stick! Temporary Renovation Solution – Faux Wood Wall Tiles",Commomy,2026-07-21,2027-07-21,13.00%,5000.0,4996.12,0,800,false
"[B0GXRQ5LJK, B0GGH81QGN]",amzn1.campaign.QRPX79AERF8U,"DIY Home Wall Decor for Beginners – Commomy Faux Stone Panels, Just Cut & Stick",Commomy,2026-07-21,2027-07-21,12.00%,5000.0,5000.0,0,800,false
"[B0GCD9T5RN, B0GCDX6PCP, B0GCF7Z6L4, B0GCD4H6ZJ]",amzn1.campaign.2BTG0TQI19H6E,Affordable Interior Wall Decor – Commomy Faux Brick Peel & Stick Tiles,Commomy,2026-07-21,2027-07-21,12.00%,5000.0,4979.11,0,800,false
"[B0GCG7DPYP, B0GWZJC3ZN, B0GCHDC2ZQ]",amzn1.campaign.4D91SWVBUL6S,Affordable Interior Wall Decor – Commomy Faux Brick Peel & Stick Tiles,Commomy,2026-07-21,2027-07-21,13.00%,5000.0,5000.0,0,800,false
"[B0FH45QGX4, B0FGYDVDDL, B0GXB6WH7M, B0F6T1DF2M, B0F4MJQ3BF, B0FKGKCV3D, B0FH3YY55D, B0GVRXBJYM, B0FH43LK93, B0FH4F8C7S, B0FKGH8M4W, B0GVFDY3C3, B0GVRZDW8B, B0GVRWPK57, B0F42NQZ9F, B0GX5C6ZDS, B0F6TVY3SS, B0F4MHGJCX, B0F82HLQPW, B0FGYFT2Z1, B0F6TVNK79, B0GSTLY4X5, B0GVRYZ6CR, B0FGYGHWF9, B0GVFLHWYB, B0F42MVXLM, B0F32ZXC6R, B0GSTYNP1D, B0DG21MYT5, B0FKGKL5KJ, B0GWXM8XR7, B0FKGHTSG4, B0GVRXT21Z, B0GVS2PXLL, B0F6TVGW2Q, B0F4ML87VP, B0FGYHXDCK, B0GX4W8F5H, B0FGYDCH2B, B0GTZ1V82Q, B0F4ML49RV, B0F8312V4S, B0GVS52KRS, B0F6TVF7Q5, B0F332LB77, B0D95R6JB8, B0FGYC77H8, B0FH4GQ7QX, B0GVRXDHLJ, B0F83242PT, B0F83B7KKH, B0F331XHL1, B0GVFMJNC4, B0GSTJN55R, B0FGYJ4YBB, B0F6TBGQZB, B0GSTM1JX4, B0FGYFVR82, B0GWXKCFFV, B0GTYZ74RN, B0FH42WR6H, B0GX56XWJM, B0F331NJJR, B0F6T1CFMN, B0FGYFFL7N, B0GX5385LS, B0FGYFJ1C9, B0F6TKYD76, B0FH4PYSCQ, B0FGYD1P2V, B0GVRQ4CPW, B0FKGHHBP4, B0GVRTL145, B0GVRTKKFL, B0FGYCDZG2, B0GTZ4JXXB, B0GVS4WZLV, B0GTYXN81M, B0FH4PQDRR]",amzn1.campaign.32GCG0ZIXWPVI,Earn high commissions - promote TUREAU fashion!-M,TUREAU,2026-07-22,2027-06-12,10.00%,5000.0,5000.0,0,800,false
"[B0FH45QGX4, B0FGYDVDDL, B0GXB6WH7M, B0F6T1DF2M, B0F4MJQ3BF, B0FKGKCV3D, B0FH3YY55D, B0GVRXBJYM, B0FH43LK93, B0FH4F8C7S, B0FKGH8M4W, B0GVFDY3C3, B0GVRZDW8B, B0GVRWPK57, B0F42NQZ9F, B0GX5C6ZDS, B0F6TVY3SS, B0F4MHGJCX, B0F82HLQPW, B0FGYFT2Z1, B0F6TVNK79, B0GSTLY4X5, B0GVRYZ6CR, B0FGYGHWF9, B0GVFLHWYB, B0F42MVXLM, B0F32ZXC6R, B0GSTYNP1D, B0DG21MYT5, B0FKGKL5KJ, B0GWXM8XR7, B0FKGHTSG4, B0GVRXT21Z, B0GVS2PXLL, B0F6TVGW2Q, B0F4ML87VP, B0FGYHXDCK, B0GX4W8F5H, B0FGYDCH2B, B0GTZ1V82Q, B0F4ML49RV, B0F8312V4S, B0GVS52KRS, B0F6TVF7Q5, B0F332LB77, B0D95R6JB8, B0FGYC77H8, B0FH4GQ7QX, B0GVRXDHLJ, B0F83242PT, B0F83B7KKH, B0F331XHL1, B0GVFMJNC4, B0GSTJN55R, B0FGYJ4YBB, B0F6TBGQZB, B0GSTM1JX4, B0FGYFVR82, B0GWXKCFFV, B0GTYZ74RN, B0FH42WR6H, B0GX56XWJM, B0F331NJJR, B0F6T1CFMN, B0FGYFFL7N, B0GX5385LS, B0FGYFJ1C9, B0F6TKYD76, B0FH4PYSCQ, B0FGYD1P2V, B0GVRQ4CPW, B0FKGHHBP4, B0GVRTL145, B0GVRTKKFL, B0FGYCDZG2, B0GTZ4JXXB, B0GVS4WZLV, B0GTYXN81M, B0FH4PQDRR]",amzn1.campaign.194F6SJSKDS92,Earn high commissions - promote TUREAU fashion!-M,TUREAU,2026-07-22,2027-06-11,10.00%,5000.0,5000.0,0,800,false
"[B0FH45QGX4, B0FGYDVDDL, B0GXB6WH7M, B0F6T1DF2M, B0F4MJQ3BF, B0FKGKCV3D, B0FH3YY55D, B0GVRXBJYM, B0FH43LK93, B0FH4F8C7S, B0FKGH8M4W, B0GVFDY3C3, B0GVRZDW8B, B0GVRWPK57, B0F42NQZ9F, B0GX5C6ZDS, B0F6TVY3SS, B0F4MHGJCX, B0F82HLQPW, B0FGYFT2Z1, B0F6TVNK79, B0GSTLY4X5, B0GVRYZ6CR, B0FGYGHWF9, B0GVFLHWYB, B0F42MVXLM, B0F32ZXC6R, B0GSTYNP1D, B0DG21MYT5, B0FKGKL5KJ, B0GWXM8XR7, B0FKGHTSG4, B0GVRXT21Z, B0GVS2PXLL, B0F6TVGW2Q, B0F4ML87VP, B0FGYHXDCK, B0GX4W8F5H, B0FGYDCH2B, B0GTZ1V82Q, B0F4ML49RV, B0F8312V4S, B0GVS52KRS, B0F6TVF7Q5, B0F332LB77, B0D95R6JB8, B0FGYC77H8, B0FH4GQ7QX, B0GVRXDHLJ, B0F83242PT, B0F83B7KKH, B0F331XHL1, B0GVFMJNC4, B0GSTJN55R, B0FGYJ4YBB, B0F6TBGQZB, B0GSTM1JX4, B0FGYFVR82, B0GWXKCFFV, B0GTYZ74RN, B0FH42WR6H, B0GX56XWJM, B0F331NJJR, B0F6T1CFMN, B0FGYFFL7N, B0GX5385LS, B0FGYFJ1C9, B0F6TKYD76, B0FH4PYSCQ, B0FGYD1P2V, B0GVRQ4CPW, B0FKGHHBP4, B0GVRTL145, B0GVRTKKFL, B0FGYCDZG2, B0GTZ4JXXB, B0GVS4WZLV, B0GTYXN81M, B0FH4PQDRR]",amzn1.campaign.3V5VP9IGC4NAH,Earn high commissions - promote TUREAU fashion!-M,TUREAU,2026-07-22,2027-06-10,10.00%,5000.0,5000.0,4,800,false
"[B0F2HV1X3B, B0DTYW3B2G, B0BN9VFTH5]",amzn1.campaign.3IX2997MBVIR,Small Space Transformation – Commomy Faux Wood 3D Panels for Rentals & RVs,Commomy,2026-07-21,2027-06-30,13.00%,5000.0,5000.0,0,800,false
"[B0FH45QGX4, B0FGYDVDDL, B0GXB6WH7M, B0F6T1DF2M, B0F4MJQ3BF, B0FKGKCV3D, B0FH3YY55D, B0GVRXBJYM, B0FH43LK93, B0FH4F8C7S, B0FKGH8M4W, B0GVFDY3C3, B0GVRZDW8B, B0GVRWPK57, B0F42NQZ9F, B0GX5C6ZDS, B0F6TVY3SS, B0F4MHGJCX, B0F82HLQPW, B0FGYFT2Z1, B0F6TVNK79, B0GSTLY4X5, B0GVRYZ6CR, B0FGYGHWF9, B0GVFLHWYB, B0F42MVXLM, B0F32ZXC6R, B0GSTYNP1D, B0DG21MYT5, B0FKGKL5KJ, B0GWXM8XR7, B0FKGHTSG4, B0GVRXT21Z, B0GVS2PXLL, B0F6TVGW2Q, B0F4ML87VP, B0FGYHXDCK, B0GX4W8F5H, B0FGYDCH2B, B0GTZ1V82Q, B0F4ML49RV, B0F8312V4S, B0GVS52KRS, B0F6TVF7Q5, B0F332LB77, B0D95R6JB8, B0FGYC77H8, B0FH4GQ7QX, B0GVRXDHLJ, B0F83242PT, B0F83B7KKH, B0F331XHL1, B0GVFMJNC4, B0GSTJN55R, B0FGYJ4YBB, B0F6TBGQZB, B0GSTM1JX4, B0FGYFVR82, B0GWXKCFFV, B0GTYZ74RN, B0FH42WR6H, B0GX56XWJM, B0F331NJJR, B0F6T1CFMN, B0FGYFFL7N, B0GX5385LS, B0FGYFJ1C9, B0F6TKYD76, B0FH4PYSCQ, B0FGYD1P2V, B0GVRQ4CPW, B0FKGHHBP4, B0GVRTL145, B0GVRTKKFL, B0FGYCDZG2, B0GTZ4JXXB, B0GVS4WZLV, B0GTYXN81M, B0FH4PQDRR]",amzn1.campaign.2B677DYN1EU0C,Earn high commissions - promote TUREAU fashion!-M,TUREAU,2026-07-21,2027-06-12,10.00%,5000.0,5000.0,7,800,false
"[B0FH45QGX4, B0FGYDVDDL, B0GXB6WH7M, B0F6T1DF2M, B0F4MJQ3BF, B0FKGKCV3D, B0FH3YY55D, B0GVRXBJYM, B0FH43LK93, B0FH4F8C7S, B0FKGH8M4W, B0GVFDY3C3, B0GVRZDW8B, B0GVRWPK57, B0F42NQZ9F, B0GX5C6ZDS, B0F6TVY3SS, B0F4MHGJCX, B0F82HLQPW, B0FGYFT2Z1, B0F6TVNK79, B0GSTLY4X5, B0GVRYZ6CR, B0FGYGHWF9, B0GVFLHWYB, B0F42MVXLM, B0F32ZXC6R, B0GSTYNP1D, B0DG21MYT5, B0FKGKL5KJ, B0GWXM8XR7, B0FKGHTSG4, B0GVRXT21Z, B0GVS2PXLL, B0F6TVGW2Q, B0F4ML87VP, B0FGYHXDCK, B0GX4W8F5H, B0FGYDCH2B, B0GTZ1V82Q, B0F4ML49RV, B0F8312V4S, B0GVS52KRS, B0F6TVF7Q5, B0F332LB77, B0D95R6JB8, B0FGYC77H8, B0FH4GQ7QX, B0GVRXDHLJ, B0F83242PT, B0F83B7KKH, B0F331XHL1, B0GVFMJNC4, B0GSTJN55R, B0FGYJ4YBB, B0F6TBGQZB, B0GSTM1JX4, B0FGYFVR82, B0GWXKCFFV, B0GTYZ74RN, B0FH42WR6H, B0GX56XWJM, B0F331NJJR, B0F6T1CFMN, B0FGYFFL7N, B0GX5385LS, B0FGYFJ1C9, B0F6TKYD76, B0FH4PYSCQ, B0FGYD1P2V, B0GVRQ4CPW, B0FKGHHBP4, B0GVRTL145, B0GVRTKKFL, B0FGYCDZG2, B0GTZ4JXXB, B0GVS4WZLV, B0GTYXN81M, B0FH4PQDRR]",amzn1.campaign.1SYL7XGDF1NEF,Earn high commissions - promote TUREAU fashion!-M,TUREAU,2026-07-21,2027-06-11,10.00%,5000.0,5000.0,9,800,false
"[B0FH45QGX4, B0FGYDVDDL, B0GXB6WH7M, B0F6T1DF2M, B0F4MJQ3BF, B0FKGKCV3D, B0FH3YY55D, B0GVRXBJYM, B0FH43LK93, B0FH4F8C7S, B0FKGH8M4W, B0GVFDY3C3, B0GVRZDW8B, B0GVRWPK57, B0F42NQZ9F, B0GX5C6ZDS, B0F6TVY3SS, B0F4MHGJCX, B0F82HLQPW, B0FGYFT2Z1, B0F6TVNK79, B0GSTLY4X5, B0GVRYZ6CR, B0FGYGHWF9, B0GVFLHWYB, B0F42MVXLM, B0F32ZXC6R, B0GSTYNP1D, B0DG21MYT5, B0FKGKL5KJ, B0GWXM8XR7, B0FKGHTSG4, B0GVRXT21Z, B0GVS2PXLL, B0F6TVGW2Q, B0F4ML87VP, B0FGYHXDCK, B0GX4W8F5H, B0FGYDCH2B, B0GTZ1V82Q, B0F4ML49RV, B0F8312V4S, B0GVS52KRS, B0F6TVF7Q5, B0F332LB77, B0D95R6JB8, B0FGYC77H8, B0FH4GQ7QX, B0GVRXDHLJ, B0F83242PT, B0F83B7KKH, B0F331XHL1, B0GVFMJNC4, B0GSTJN55R, B0FGYJ4YBB, B0F6TBGQZB, B0GSTM1JX4, B0FGYFVR82, B0GWXKCFFV, B0GTYZ74RN, B0FH42WR6H, B0GX56XWJM, B0F331NJJR, B0F6T1CFMN, B0FGYFFL7N, B0GX5385LS, B0FGYFJ1C9, B0F6TKYD76, B0FH4PYSCQ, B0FGYD1P2V, B0GVRQ4CPW, B0FKGHHBP4, B0GVRTL145, B0GVRTKKFL, B0FGYCDZG2, B0GTZ4JXXB, B0GVS4WZLV, B0GTYXN81M, B0FH4PQDRR]",amzn1.campaign.20B00RF9UB7NJ,Earn high commissions - promote TUREAU fashion!-M,TUREAU,2026-07-21,2027-06-10,10.00%,5000.0,5000.0,8,800,false
"[B0FH45QGX4, B0FGYDVDDL, B0GXB6WH7M, B0F6T1DF2M, B0F4MJQ3BF, B0FKGKCV3D, B0FH3YY55D, B0GVRXBJYM, B0FH43LK93, B0FH4F8C7S, B0FKGH8M4W, B0GVFDY3C3, B0GVRZDW8B, B0GVRWPK57, B0F42NQZ9F, B0GX5C6ZDS, B0F6TVY3SS, B0F4MHGJCX, B0F82HLQPW, B0FGYFT2Z1, B0F6TVNK79, B0GSTLY4X5, B0GVRYZ6CR, B0FGYGHWF9, B0GVFLHWYB, B0F42MVXLM, B0F32ZXC6R, B0GSTYNP1D, B0DG21MYT5, B0FKGKL5KJ, B0GWXM8XR7, B0FKGHTSG4, B0GVRXT21Z, B0GVS2PXLL, B0F6TVGW2Q, B0F4ML87VP, B0FGYHXDCK, B0GX4W8F5H, B0FGYDCH2B, B0GTZ1V82Q, B0F4ML49RV, B0F8312V4S, B0GVS52KRS, B0F6TVF7Q5, B0F332LB77, B0D95R6JB8, B0FGYC77H8, B0FH4GQ7QX, B0GVRXDHLJ, B0F83242PT, B0F83B7KKH, B0F331XHL1, B0GVFMJNC4, B0GSTJN55R, B0FGYJ4YBB, B0F6TBGQZB, B0GSTM1JX4, B0FGYFVR82, B0GWXKCFFV, B0GTYZ74RN, B0FH42WR6H, B0GX56XWJM, B0F331NJJR, B0F6T1CFMN, B0FGYFFL7N, B0GX5385LS, B0FGYFJ1C9, B0F6TKYD76, B0FH4PYSCQ, B0FGYD1P2V, B0GVRQ4CPW, B0FKGHHBP4, B0GVRTL145, B0GVRTKKFL, B0FGYCDZG2, B0GTZ4JXXB, B0GVS4WZLV, B0GTYXN81M, B0FH4PQDRR]",amzn1.campaign.7KLA2FHUB324,Earn high commissions - promote TUREAU fashion!-M,TUREAU,2026-07-21,2027-06-09,10.00%,5000.0,5000.0,11,800,false
"[B0FH45QGX4, B0FGYDVDDL, B0GXB6WH7M, B0F6T1DF2M, B0F4MJQ3BF, B0FKGKCV3D, B0FH3YY55D, B0GVRXBJYM, B0FH43LK93, B0FH4F8C7S, B0FKGH8M4W, B0GVFDY3C3, B0GVRZDW8B, B0GVRWPK57, B0F42NQZ9F, B0GX5C6ZDS, B0F6TVY3SS, B0F4MHGJCX, B0F82HLQPW, B0FGYFT2Z1, B0F6TVNK79, B0GSTLY4X5, B0GVRYZ6CR, B0FGYGHWF9, B0GVFLHWYB, B0F42MVXLM, B0F32ZXC6R, B0GSTYNP1D, B0DG21MYT5, B0FKGKL5KJ, B0GWXM8XR7, B0FKGHTSG4, B0GVRXT21Z, B0GVS2PXLL, B0F6TVGW2Q, B0F4ML87VP, B0FGYHXDCK, B0GX4W8F5H, B0FGYDCH2B, B0GTZ1V82Q, B0F4ML49RV, B0F8312V4S, B0GVS52KRS, B0F6TVF7Q5, B0F332LB77, B0D95R6JB8, B0FGYC77H8, B0FH4GQ7QX, B0GVRXDHLJ, B0F83242PT, B0F83B7KKH, B0F331XHL1, B0GVFMJNC4, B0GSTJN55R, B0FGYJ4YBB, B0F6TBGQZB, B0GSTM1JX4, B0FGYFVR82, B0GWXKCFFV, B0GTYZ74RN, B0FH42WR6H, B0GX56XWJM, B0F331NJJR, B0F6T1CFMN, B0FGYFFL7N, B0GX5385LS, B0FGYFJ1C9, B0F6TKYD76, B0FH4PYSCQ, B0FGYD1P2V, B0GVRQ4CPW, B0FKGHHBP4, B0GVRTL145, B0GVRTKKFL, B0FGYCDZG2, B0GTZ4JXXB, B0GVS4WZLV, B0GTYXN81M, B0FH4PQDRR]",amzn1.campaign.TMP4HVGNXDPA,Earn high commissions - promote TUREAU fashion!-M,TUREAU,2026-07-21,2027-06-08,10.00%,5000.0,5000.0,13,800,false
"[B0FH45QGX4, B0FGYDVDDL, B0GXB6WH7M, B0F6T1DF2M, B0F4MJQ3BF, B0FKGKCV3D, B0FH3YY55D, B0GVRXBJYM, B0FH43LK93, B0FH4F8C7S, B0FKGH8M4W, B0GVFDY3C3, B0GVRZDW8B, B0GVRWPK57, B0F42NQZ9F, B0GX5C6ZDS, B0F6TVY3SS, B0F4MHGJCX, B0F82HLQPW, B0FGYFT2Z1, B0F6TVNK79, B0GSTLY4X5, B0GVRYZ6CR, B0FGYGHWF9, B0GVFLHWYB, B0F42MVXLM, B0F32ZXC6R, B0GSTYNP1D, B0DG21MYT5, B0FKGKL5KJ, B0GWXM8XR7, B0FKGHTSG4, B0GVRXT21Z, B0GVS2PXLL, B0F6TVGW2Q, B0F4ML87VP, B0FGYHXDCK, B0GX4W8F5H, B0FGYDCH2B, B0GTZ1V82Q, B0F4ML49RV, B0F8312V4S, B0GVS52KRS, B0F6TVF7Q5, B0F332LB77, B0D95R6JB8, B0FGYC77H8, B0FH4GQ7QX, B0GVRXDHLJ, B0F83242PT, B0F83B7KKH, B0F331XHL1, B0GVFMJNC4, B0GSTJN55R, B0FGYJ4YBB, B0F6TBGQZB, B0GSTM1JX4, B0FGYFVR82, B0GWXKCFFV, B0GTYZ74RN, B0FH42WR6H, B0GX56XWJM, B0F331NJJR, B0F6T1CFMN, B0FGYFFL7N, B0GX5385LS, B0FGYFJ1C9, B0F6TKYD76, B0FH4PYSCQ, B0FGYD1P2V, B0GVRQ4CPW, B0FKGHHBP4, B0GVRTL145, B0GVRTKKFL, B0FGYCDZG2, B0GTZ4JXXB, B0GVS4WZLV, B0GTYXN81M, B0FH4PQDRR]",amzn1.campaign.1NA5D4K63GZNL,Earn high commissions - promote TUREAU fashion!-M,TUREAU,2026-07-21,2027-06-07,10.00%,5000.0,5000.0,8,800,false
"[B0FH45QGX4, B0FGYDVDDL, B0GXB6WH7M, B0F6T1DF2M, B0F4MJQ3BF, B0FKGKCV3D, B0FH3YY55D, B0GVRXBJYM, B0FH43LK93, B0FH4F8C7S, B0FKGH8M4W, B0GVFDY3C3, B0GVRZDW8B, B0GVRWPK57, B0F42NQZ9F, B0GX5C6ZDS, B0F6TVY3SS, B0F4MHGJCX, B0F82HLQPW, B0FGYFT2Z1, B0F6TVNK79, B0GSTLY4X5, B0GVRYZ6CR, B0FGYGHWF9, B0GVFLHWYB, B0F42MVXLM, B0F32ZXC6R, B0GSTYNP1D, B0DG21MYT5, B0FKGKL5KJ, B0GWXM8XR7, B0FKGHTSG4, B0GVRXT21Z, B0GVS2PXLL, B0F6TVGW2Q, B0F4ML87VP, B0FGYHXDCK, B0GX4W8F5H, B0FGYDCH2B, B0GTZ1V82Q, B0F4ML49RV, B0F8312V4S, B0GVS52KRS, B0F6TVF7Q5, B0F332LB77, B0D95R6JB8, B0FGYC77H8, B0FH4GQ7QX, B0GVRXDHLJ, B0F83242PT, B0F83B7KKH, B0F331XHL1, B0GVFMJNC4, B0GSTJN55R, B0FGYJ4YBB, B0F6TBGQZB, B0GSTM1JX4, B0FGYFVR82, B0GWXKCFFV, B0GTYZ74RN, B0FH42WR6H, B0GX56XWJM, B0F331NJJR, B0F6T1CFMN, B0FGYFFL7N, B0GX5385LS, B0FGYFJ1C9, B0F6TKYD76, B0FH4PYSCQ, B0FGYD1P2V, B0GVRQ4CPW, B0FKGHHBP4, B0GVRTL145, B0GVRTKKFL, B0FGYCDZG2, B0GTZ4JXXB, B0GVS4WZLV, B0GTYXN81M, B0FH4PQDRR]",amzn1.campaign.2LIGIKSA4DVL,Earn high commissions - promote TUREAU fashion!-M,TUREAU,2026-07-21,2027-06-06,10.00%,5000.0,5000.0,9,800,false
"[B0FH45QGX4, B0FGYDVDDL, B0GXB6WH7M, B0F6T1DF2M, B0F4MJQ3BF, B0FKGKCV3D, B0FH3YY55D, B0GVRXBJYM, B0FH43LK93, B0FH4F8C7S, B0FKGH8M4W, B0GVFDY3C3, B0GVRZDW8B, B0GVRWPK57, B0F42NQZ9F, B0GX5C6ZDS, B0F6TVY3SS, B0F4MHGJCX, B0F82HLQPW, B0FGYFT2Z1, B0F6TVNK79, B0GSTLY4X5, B0GVRYZ6CR, B0FGYGHWF9, B0GVFLHWYB, B0F42MVXLM, B0F32ZXC6R, B0GSTYNP1D, B0DG21MYT5, B0FKGKL5KJ, B0GWXM8XR7, B0FKGHTSG4, B0GVRXT21Z, B0GVS2PXLL, B0F6TVGW2Q, B0F4ML87VP, B0FGYHXDCK, B0GX4W8F5H, B0FGYDCH2B, B0GTZ1V82Q, B0F4ML49RV, B0F8312V4S, B0GVS52KRS, B0F6TVF7Q5, B0F332LB77, B0D95R6JB8, B0FGYC77H8, B0FH4GQ7QX, B0GVRXDHLJ, B0F83242PT, B0F83B7KKH, B0F331XHL1, B0GVFMJNC4, B0GSTJN55R, B0FGYJ4YBB, B0F6TBGQZB, B0GSTM1JX4, B0FGYFVR82, B0GWXKCFFV, B0GTYZ74RN, B0FH42WR6H, B0GX56XWJM, B0F331NJJR, B0F6T1CFMN, B0FGYFFL7N, B0GX5385LS, B0FGYFJ1C9, B0F6TKYD76, B0FH4PYSCQ, B0FGYD1P2V, B0GVRQ4CPW, B0FKGHHBP4, B0GVRTL145, B0GVRTKKFL, B0FGYCDZG2, B0GTZ4JXXB, B0GVS4WZLV, B0GTYXN81M, B0FH4PQDRR]",amzn1.campaign.2CREH0360R10B,Earn high commissions - promote TUREAU fashion!-M,TUREAU,2026-07-21,2027-06-05,10.00%,5000.0,5000.0,10,800,false
"[B0FH45QGX4, B0FGYDVDDL, B0GXB6WH7M, B0F6T1DF2M, B0F4MJQ3BF, B0FKGKCV3D, B0FH3YY55D, B0GVRXBJYM, B0FH43LK93, B0FH4F8C7S, B0FKGH8M4W, B0GVFDY3C3, B0GVRZDW8B, B0GVRWPK57, B0F42NQZ9F, B0GX5C6ZDS, B0F6TVY3SS, B0F4MHGJCX, B0F82HLQPW, B0FGYFT2Z1, B0F6TVNK79, B0GSTLY4X5, B0GVRYZ6CR, B0FGYGHWF9, B0GVFLHWYB, B0F42MVXLM, B0F32ZXC6R, B0GSTYNP1D, B0DG21MYT5, B0FKGKL5KJ, B0GWXM8XR7, B0FKGHTSG4, B0GVRXT21Z, B0GVS2PXLL, B0F6TVGW2Q, B0F4ML87VP, B0FGYHXDCK, B0GX4W8F5H, B0FGYDCH2B, B0GTZ1V82Q, B0F4ML49RV, B0F8312V4S, B0GVS52KRS, B0F6TVF7Q5, B0F332LB77, B0D95R6JB8, B0FGYC77H8, B0FH4GQ7QX, B0GVRXDHLJ, B0F83242PT, B0F83B7KKH, B0F331XHL1, B0GVFMJNC4, B0GSTJN55R, B0FGYJ4YBB, B0F6TBGQZB, B0GSTM1JX4, B0FGYFVR82, B0GWXKCFFV, B0GTYZ74RN, B0FH42WR6H, B0GX56XWJM, B0F331NJJR, B0F6T1CFMN, B0FGYFFL7N, B0GX5385LS, B0FGYFJ1C9, B0F6TKYD76, B0FH4PYSCQ, B0FGYD1P2V, B0GVRQ4CPW, B0FKGHHBP4, B0GVRTL145, B0GVRTKKFL, B0FGYCDZG2, B0GTZ4JXXB, B0GVS4WZLV, B0GTYXN81M, B0FH4PQDRR]",amzn1.campaign.9PTU3J9LQICM,Earn high commissions - promote TUREAU fashion!-M,TUREAU,2026-07-21,2027-06-04,10.00%,5000.0,5000.0,12,800,false
"[B0FH45QGX4, B0FGYDVDDL, B0GXB6WH7M, B0F6T1DF2M, B0F4MJQ3BF, B0FKGKCV3D, B0FH3YY55D, B0GVRXBJYM, B0FH43LK93, B0FH4F8C7S, B0FKGH8M4W, B0GVFDY3C3, B0GVRZDW8B, B0GVRWPK57, B0F42NQZ9F, B0GX5C6ZDS, B0F6TVY3SS, B0F4MHGJCX, B0F82HLQPW, B0FGYFT2Z1, B0F6TVNK79, B0GSTLY4X5, B0GVRYZ6CR, B0FGYGHWF9, B0GVFLHWYB, B0F42MVXLM, B0F32ZXC6R, B0GSTYNP1D, B0DG21MYT5, B0FKGKL5KJ, B0GWXM8XR7, B0FKGHTSG4, B0GVRXT21Z, B0GVS2PXLL, B0F6TVGW2Q, B0F4ML87VP, B0FGYHXDCK, B0GX4W8F5H, B0FGYDCH2B, B0GTZ1V82Q, B0F4ML49RV, B0F8312V4S, B0GVS52KRS, B0F6TVF7Q5, B0F332LB77, B0D95R6JB8, B0FGYC77H8, B0FH4GQ7QX, B0GVRXDHLJ, B0F83242PT, B0F83B7KKH, B0F331XHL1, B0GVFMJNC4, B0GSTJN55R, B0FGYJ4YBB, B0F6TBGQZB, B0GSTM1JX4, B0FGYFVR82, B0GWXKCFFV, B0GTYZ74RN, B0FH42WR6H, B0GX56XWJM, B0F331NJJR, B0F6T1CFMN, B0FGYFFL7N, B0GX5385LS, B0FGYFJ1C9, B0F6TKYD76, B0FH4PYSCQ, B0FGYD1P2V, B0GVRQ4CPW, B0FKGHHBP4, B0GVRTL145, B0GVRTKKFL, B0FGYCDZG2, B0GTZ4JXXB, B0GVS4WZLV, B0GTYXN81M, B0FH4PQDRR]",amzn1.campaign.29RKHAZA0K3CD,Earn high commissions - promote TUREAU fashion!-M,TUREAU,2026-07-21,2027-06-03,10.00%,5000.0,5000.0,8,800,false
"[B0F5WHP9YS, B0F4QYPXD4, B0G5MVNN61, B0FPXBLGL1, B0F8B4BBLL, B0DNT3C8S8]",amzn1.campaign.2U9QKTQP74965,"Home Makeover in Minutes – Commomy Peel & Stick Brick Tiles, Zero Skills, Done!",Commomy,2026-07-21,2027-06-30,13.00%,5000.0,4992.88,0,800,false
"[B0F28D1F5L, B0F28JCXZD, B0F28J2XST, B0F2421WQP]",amzn1.campaign.1NT78ODUWQK95,3D Home Decor Made Easy – Commomy Faux Stone Peel & Stick for Any Room,Commomy,2026-07-21,2027-06-30,13.00%,5000.0,5000.0,0,800,false
"[B0FL2324LP, B0FL22LHN1, B0FLX7714H, B0FLX8FMHX]",amzn1.campaign.22Y7BC1VJ7WG4,Temporary Renovation Solution - Zero Skill Commomy 3D Peel and Stick Tiles,Commomy,2026-07-21,2027-06-30,11.00%,5000.0,4983.5,0,800,false
"[B0G6RZ64VF, B0G6S3SKYM, B0GSDVZWVX]",amzn1.campaign.2K1VWXMOAUGZR,"Just Cut, Peel, Stick! Temporary Renovation Solution – Faux Wood Wall Tiles",Commomy,2026-07-21,2027-06-30,12.00%,5000.0,4941.92,0,800,false
"[B0H4R5FFPT, B0H4R1ZX6W]",amzn1.campaign.391SFMGN55NPG,Niceen Oolong Tea-13%,NICEEN,2026-07-21,2027-06-24,13.00%,5000.0,5000.0,0,800,false
"[B0H4R5FFPT, B0H4R1ZX6W]",amzn1.campaign.MK27YCO6U8K5,Niceen Oolong Tea-13%,NICEEN,2026-07-21,2027-06-25,13.00%,5000.0,5000.0,6,800,false
"[B0H4R5FFPT, B0H4R1ZX6W]",amzn1.campaign.8AES3HW0X3QZ,Niceen Oolong Tea-13%,NICEEN,2026-07-21,2027-06-26,13.00%,5000.0,5000.0,5,800,false
"[B0H4R5FFPT, B0H4R1ZX6W]",amzn1.campaign.37HFOM2NT1K2F,Niceen Oolong Tea-13%,NICEEN,2026-07-21,2027-06-27,13.00%,5000.0,5000.0,2,800,false
"[B0H4R5FFPT, B0H4R1ZX6W]",amzn1.campaign.24A44VMSKD01K,Niceen Oolong Tea-13%,NICEEN,2026-07-21,2027-06-28,13.00%,5000.0,5000.0,1,800,false
"[B0H4R5FFPT, B0H4R1ZX6W]",amzn1.campaign.25MHTOXL2DHVG,Niceen Oolong Tea-13%,NICEEN,2026-07-21,2027-06-29,13.00%,5000.0,5000.0,0,800,false
"[B0H4R5FFPT, B0H4R1ZX6W]",amzn1.campaign.1PMKDUOLVVEE1,Niceen Oolong Tea-13%,NICEEN,2026-07-21,2027-06-30,13.00%,5000.0,4994.54,0,800,false
"[B0GCJTSTNP, B0CWYCS1RC]",amzn1.campaign.1U1W08BTXYSLI,pencil case,Krdrgey,2026-07-21,2026-12-31,10.00%,5000.0,4993.0,0,800,false
[B0GXYQMQ71],amzn1.campaign.1SU1Y45VREBO1,Electric Rolling Massager,ZEDRIWELL,2026-07-21,2026-10-31,15.00%,5000.0,4986.65,0,800,false
"[B0FPLQ8BQ2, B0FPL7464P]",amzn1.campaign.1LHXCT5N5M1XL,Excellent DIY Home Decor Projects – Commomy Faux Brick Peel and Stick Tiles,Commomy,2026-07-21,2027-06-30,12.00%,5000.0,4993.04,0,800,false
"[B0G148Z16S, B0DV31JXF1, B0G14JB4KT]",amzn1.campaign.27BN16RHOLFC7,"Home Wall Décor Products – Commomy Faux Stone 3D Wall Panels, Easy & DIY & Quick",Commomy,2026-07-21,2027-06-30,12.00%,5000.0,5000.0,0,800,false
[B0C2GR8XGP],amzn1.campaign.26N7EKZLVJGIQ,"FITBAKE Chocolate Frosting - Real Ingredients, Real Taste, No Sugar (19%)",FitBake,2026-07-21,2026-11-18,19.00%,13000.0,12997.35,0,800,false
"[B0GTT5XJJG, B0FPXBLGL1, B0FPX5PDS6]",amzn1.campaign.2ABCGTG3Q4GCO,"Beginner-Friendly DIY Wall Decor – Just Cut, Peel, Stick! Faux Brick 3D Panels",Commomy,2026-07-21,2027-06-30,12.00%,5000.0,5000.0,0,800,false
[B0GYNDY8FW],amzn1.campaign.2L7HNRKH0ZYWS,10% commission + Travel Clothes Drying Hanger for Clothes Drying Rack,OPPKEPT,2026-07-28,2026-10-31,10.00%,5000.0,5000.0,0,800,false
"[B0CGXCK448, B0CGXBBYMV, B0CCXWSWFZ, B0BXCNDHK3, B0C4NCM9GQ, B0CW371FQN, B0FHW229HF, B0CGXCP99K, B0C4N9CPPC, B0CGC8D8D5, B0BXCML14W, B0CGXC5XGH, B0CGCCCJPG, B0CW36Y4TL, B0CW36F67W, B0CGX9JSX5, B0BXCMJPWP, B0CGX9H242, B0CGXDF7WF, B0CGX7QT81, B0BXCN7K2T, B0FHW34W1Z, B0C4NBWW58, B0C4NBXWTT, B0CGX9ZS5T, B0CW3B6C87, B0C4N9PXZQ, B0BXCPZD4C, B0CW37FVVS, B0CW372L7W, B0CW36ZFRC, B0BXCQ75WJ, B0CGCQKNKH]",amzn1.campaign.KDGIT80HOI46,🔥Long Vacation Top Performers – Luggage Set (10% Comm),LONG VACATION,2026-07-29,2026-09-30,10.00%,5000.0,5000.0,0,800,false
"[B0H4NJSGN4, B0H4NJWV28, B0H4N98CPJ]",amzn1.campaign.DWOM71BPGPG5,Windshield Crack Repair Kit,XXMIOPLOO,2026-07-21,2027-07-21,15.00%,1000000.0,999992.8,0,800,false
[B0H4NJSGN4],amzn1.campaign.NNGPW8W1O3S3,Windshield Crack Repair Kit,XXMIOPLOO,2026-07-21,2027-07-21,15.00%,1000000.0,1000000.0,0,800,false
[B0H4N98CPJ],amzn1.campaign.2LFWKUKENYZ2D,Windshield Crack Repair Kit,XXMIOPLOO,2026-07-21,2027-07-21,15.00%,1000000.0,999993.1,0,800,false
"[B0CGXCK448, B0GKF4FP6F, B0GMBGFS42, B0CGXBBYMV, B0CCXWSWFZ, B0BXCNDHK3, B0C4NCM9GQ, B0CW371FQN, B0FHW229HF, B0CGXCP99K, B0GMBH8TDJ, B0C4N9CPPC, B0CGC8D8D5, B0BXCML14W, B0CGXC5XGH, B0CGCCCJPG, B0CW36Y4TL, B0CW36F67W, B0CGX9JSX5, B0BXCMJPWP, B0CGX9H242, B0CGXDF7WF, B0CGX7QT81, B0GKF7KPXQ, B0BXCN7K2T, B0FHW34W1Z, B0C4NBWW58, B0GKF378G2, B0C4NBXWTT, B0CGX9ZS5T, B0CW3B6C87, B0GMB9FT4P, B0C4N9PXZQ, B0BXCPZD4C, B0CW37FVVS, B0CW372L7W, B0CW36ZFRC, B0BXCQ75WJ, B0CGCQKNKH, B0GKDYLKSR, B0GKFGPR86]",amzn1.campaign.ANQGSSSDJ47Y,🌍Long Vacation Creator Community – 10% COMM,LONG VACATION,2026-07-28,2026-09-30,10.00%,5000.0,5000.0,0,800,false
[B0H7NF5K91],amzn1.campaign.3IPZ62RSSHVKC,Flexible Socket Extension,XXMIOPLOO,2026-07-21,2027-07-21,15.00%,1000000.0,999997.0,0,800,false
[B0H7NCBXY7],amzn1.campaign.7QGZBAWG22CT,Flexible Socket Extension,XXMIOPLOO,2026-07-21,2027-07-21,15.00%,1000000.0,1000000.0,0,800,false
"[B0H5NCSQ2D, B0H5P1B4LX, B0H5NZZH9X]",amzn1.campaign.3HFLY45ARDNHP,Noveas Azures Donut Sponge Caddy Creator Collaboration,Noveas Azures,2026-07-21,2026-10-01,15.00%,5000.0,4997.0,0,800,false
"[B0G1SSYQRH, B0G1SXKBJM, B0G1SYPDCH, B0G1SXDGHZ, B0G1STWYRY, B0G1SXJM78, B0G1SY5Q49, B0G1SQ1LVF, B0G1SSGLZC, B0G1SWMT75, B0G1SVKZMJ]",amzn1.campaign.3OZ2JF3CAS3OT,Stylish Wooden Villa Puzzle for Home Handmade Time,BLOCKABODE,2026-07-23,2027-02-01,15.00%,10000.0,10000.0,0,800,false
[B0DF7XY45Y],amzn1.campaign.1KN40KDLE2AYB,NEW Kitchen Deal | Vacuum Sealer Campaign,LIWUNON,2026-07-21,2026-09-30,21.00%,18000.0,18000.0,0,800,false
"[B0H3HHFYVS, B0H3F3C484, B0H93VLGSZ, B0H3BXH6MR, B0H4H3Y6W4, B0H8XWD59D, B0H3F6X6RC, B0H4Z98Y2R, B0H418QXZ2, B0H99X6WJR, B0H3HFGS2D, B0H377KXWW, B0F8NP57D3, B0H3HFCZ59, B0H3DY4P3J]",amzn1.campaign.O5YN7WPZK0JY,折扣1,JANRTKOR,2026-07-21,2027-07-21,10.00%,10000.0,9997.7,0,800,false
[B09Z99RRD6],amzn1.campaign.3RLG65IPR6YC4,BEEDECOR GLASS FRAMES - Where Botanicals Become Wall Treasures (25%),BeeDecor,2026-07-21,2026-11-18,25.00%,14000.0,14000.0,0,800,false
[B09ZDFT41H],amzn1.campaign.5I38H6MI7PR6,TIDYTEDS TOY HAMMOCK - The Natural Way to Organize Stuffed Animals (16%),TIDYTEDS,2026-07-21,2026-11-18,16.00%,10000.0,10000.0,0,800,false
[B0C2GTHQ1L],amzn1.campaign.3PWXEJWOQSK6L,FITBAKE Vanilla Frosting - From the Kitchen to the Keto Community (17%),FitBake,2026-07-21,2026-11-18,17.00%,11000.0,11000.0,0,800,false
[B0H6YCQPTS],amzn1.campaign.T1WBU1J6QC86,Custom Party Cups Creator Campaign,wtxwood,2026-07-21,2026-12-31,15.00%,5000.0,5000.0,0,800,false
[B0FH6PW5W6],amzn1.campaign.2CDF212EJOSEB,Free Apron + 10% Commission | Amazon Creators Wanted for Try-On Video,SYLIKENATE,2026-07-21,2027-07-21,10.00%,1000000.0,999998.0,0,800,false
"[B0FXLDVZ1G, B0FQZCHSTG, B0FQZ96RDK]",amzn1.campaign.3TUZI59SO7EYQ,AINIA Creator,All I Need is ANIME,2026-07-21,2026-12-31,10.00%,5000.0,5000.0,0,800,false
"[B0FN5BQ3NN, B0GGJT4QBM, B0FMZWMG3Q, B0FN5C65HV, B0FMZKY9WP]",amzn1.campaign.Z3KLL2FO9HIB,Premium Gifts for Scent Lovers,AL HARAMAIN,2026-07-21,2027-02-01,15.00%,50000.0,50000.0,0,800,false
"[B0FN5BQ3NN, B0GGJT4QBM, B0FMZWMG3Q, B0FN5C65HV, B0FMZKY9WP]",amzn1.campaign.2T8SR7AFP1OHT,Luxurious scents – Al Haramain Oud Collection,AL HARAMAIN,2026-07-21,2026-11-28,15.00%,50000.0,50000.0,0,800,false
"[B0GPXBM8G3, B0GPXPRW25, B0GPDHM1LM, B0GNQWQFQL]",amzn1.campaign.334A5JFWJBO3T,Fragrances: Signature Scents for Everyday Elegance,SWISS ARABIAN,2026-07-22,2026-12-10,15.00%,50000.0,50000.0,0,800,false
"[B0GPXBM8G3, B0GPXPRW25, B0GPDHM1LM, B0GNQWQFQL]",amzn1.campaign.1FRPQO3F9QOBV,Swiss Arabian - Arabian perfume,SWISS ARABIAN,2026-07-21,2026-11-30,15.00%,50000.0,49996.25,0,800,false
[B0FC464CZ3],amzn1.campaign.32SKUQOTM7IEL,black food scoop 20% commmission,Fenenik,2026-07-21,2027-03-31,15.00%,5000.0,4998.5,0,800,false
[B0H2FMCV7K],amzn1.campaign.33XBS6CDA4UTA,Magnetic Ratchet Organizer Kit,Aixyudgn,2026-07-21,2027-01-31,10.00%,5000.0,5000.0,0,800,false
"[B0CK3JXFH6, B0CK3KVS2Z, B0CK3LZLYG, B0CK3JYK4X, B0CK38CTTV, B0CK359J5K, B0CK3JT4X5, B0CK3MNC7R, B0CK3JPST5, B0CK3JWGTG, B0CK3MNFG6, B0CK3K3HMD, B0CK3K8F9T, B0CK3V24LP]",amzn1.campaign.SDJBU1W1IX9O,Caboki: Instant Hair Enhancement for Fuller-Looking Styles,Caboki,2026-07-21,2026-12-23,15.00%,50000.0,50000.0,0,800,false
"[B005IPR8Q6, B0FN6QTBXX, B005VSN6FM, B005IPVNPI, B08QJSTXPV, B005IPV04C, B0FN799R65, B005IPV0E2, B0FN6Y1T62, B00BGERM2S, B005IPVIVW, B0G5TVWK9T, B0GFXH79KC, B005IPRRDA, B0D1LFZLJL, B0D1LGLFN5, B005IPS33I, B005IPUXFY, B0DV269DKF, B008CPINJ0, B0D1LKVG1K, B0DV26927D, B07NRD2P99, B005IPSJAK, B005IPVPU6, B0DKTY88HL, B005DMY9W0, B0GGPRDQW7, B0CY954NFX, B0G545VTWX, B005IPVF10, B0CJBQY2D7, B0CN1TFZJ2, B0G65B4151, B0G5TM5J6J, B005IPV1HI, B005IPUWVO, B005IPRY2O, B0G1C2QC77, B0CJBQN3VP, B0G2YQG727, B0DPXXRYMY, B0C38C3QN4, B006ZACUBG, B0GFXWJHQ1, B0108O137Q, B005IPV8C6, B005IPVP1A, B0D1LP4HN6, B0G1CC1Y8M, B0DKV6VFPD, B005IPVJFM, B005VSN55I, B005IPVC90, B0D1LNKLZ5, B00BF2D5SG, B00DB6Z5XC, B0G1C2VDKS, B005IPSU54, B0D1LR62DS, B005Y0BMEY, B0G1C2SBQB, B0G1CCP42G, B0D7V18XCB, B005IPVCYU, B0FN6NHXLW, B005IPREYM, B0CJBR8JX5, B0D1LGQXNY, B0D1L86K8P, B005IPVLL4, B005IPV8TO, B007V469FI, B08X1BB26F, B005IPV6Q4, B0CVZ54RW6, B005IPRKF0, B0G1CCN12F, B005IPRMF8, B0CJBQWN5R, B007QN7RO6, B07G9M5L6L, B0D1LG17C9, B008XKU5QS, B0G1CN2T1W, B08685HX44, B0G1C749YY, B0FN6S2XDR, B0D1LKWDF2, B007XYBY0Q, B005IPV9C0, B0FN71VWJZ, B09PWTBG8M, B0GGSS5WQM, B0FZV34DFQ, B08Y66HK9M, B0G1CH4BG6, B005IPVI26, B0FN6579MR, B0D1LBS8J4, B005IPUVOM, B005IPRYNS, B06ZY8H8KS, B0D1LLKHDN, B005IPRDUW, B005IPV93E, B07GJV4ZYY, B005IPRJQK, B0D1LH7V1H, B005IPSAM2, B0G6176PGT, B005IPVGP0, B0FN71VWJX, B0D1LD3LHX, B005JE9BC0, B0D1LNLDV7, B005IPSLBC, B0070Y3UBK, B005IPSW7K, B005IPRB18, B0D1LRQDDS, B0FN75HZLB, B0DFMZCQD7, B06XVZJNP8, B005IPV10A, B005IPR5DM, B005IPSEQE, B0G1C73TD2, B0G1CCR4BC, B0FN6JMRWY, B005IPS4PA, B00A83VH8I, B006R6WJKK, B0B7KG8G28, B0D7V18MY2, B005IPSX6K, B0FN6VF978, B08X12KLSS, B005IPVLVY, B0D1LRT36S, B07G4GHTX3, B005IPVAA6, B0FN6SKNFG, B005IPVA0Q, B0DZHZBVGT, B0FN6V736X, B005IPSGVM, B005IPV4GQ, B009Z2LYTU, B005IPSGF8, B0D1LP2GNV, B005IPR5VE, B0D7TZQWYB, B007JZCNB8, B0G1C73V5V, B0CJBL8XQ6, B0CY9387M5, B06Y6C8SC8, B0FN73JGGQ, B0CLXL5LWC, B005IPV9RK, B005IPRMUS, B08X1FJTKP, B0FN6PYPV3, B005IPRNH0, B0FN6LL4X2, B07GJX7VQH, B08X22CDH9, B007I5M418, B0G1C2S7PF, B005VSN5LM, B0CJBRFCKJ, B005IPVCRM, B005IPSBIA, B09SVS167J, B0FN6J3LFG, B00BFXFT7K, B005UDTY68, B0G1CNWJDQ, B0FN6ZN7SX, B0FN6YBYVZ, B0G83HMFQF, B0G64ZSSFL, B0G1CCNPK5, B0FN6FX3G9, B0CJBQFK5X, B09PWJ9F7Y, B0D1LNZB2D, B008H51BDU, B00A04BFLO, B0G1C74P1F, B0DFHL963N, B0053YAA3K, B005IPSN1A, B0CJBPQVFG, B005IPVM72, B0GBY29MXG, B006YXOOI6, B005IPROWO, B00ITVIQVW, B005UDTZJ4, B0D1LQCHNM, B08X18288X, B005IPSODC, B005IPS3ME, B0G1CCQYBF, B07FN8PXFQ, B00A83XOMK, B006M57JT2, B005IPUXPO, B0C38C7F4R, B005IPSVS0, B005IPVDF8, B0C5PDWZP2, B0FN6KR5QZ, B00746QMU0, B0FN6G298M, B06Y5W2J7M, B0GGTQJWZD, B00J8VEN2S, B005IPVKQ0, B005IPS8CE, B087ZP34MB, B006YZ0MHQ, B0C38FBQ9R, B0GFFCTYGP, B006R827I2, B0CY92X5T4, B0CY92HKNB, B0081SSO9C, B005IPS03Q, B09SVR2ZVG, B00CS811TG, B0CY938TT6, B0DM6VW7XK, B087ZPF8LF, B09SVSD2DZ, B005IPV2OU, B0C38C89H4, B005IPV42U, B00A8NK5G8, B005IPR86Q, B0GGSRTKKH, B0FN6VFLQ6, B0FN74MQ9X, B07Q62KNKH, B0CJBNCV71, B0GGSY63GJ, B0D1LPKMK3, B005IPRXG6, B01GISZIXG, B0C5PSC8KR, B005IPV0LA, B08685Z8TW, B00BFXK2EA, B0053TELFI, B008D4AECE, B0868587GW, B0G82HX3FR, B0CN3SR2PD, B091G63S9P, B08X1QYL9S, B09SVRBZCV, B009Z3B0M0, B005JE9BJI, B0G1C2QR6N, B005VSN73S, B005IPSFMC, B005IPRZ78, B005IPRX2U, B0D7V2496W, B0FZLPWVSZ, B09YVV8BBP, B005IPVFE2, B0CY93P5LM, B0CJBQVB95, B07Q8GPQHY, B0FN6XXW99, B0D1LL5WKV, B00MEXGZ3C, B005IPRPU0, B0GGSRYJ1L, B09SVRLNNQ, B01G4AQSAA, B0G625MJF2, B0D1LCZRTY, B07GJVD8N3, B09SVSNRNF, B0FN74711R, B0DV2474TL, B005VSN6SY, B07G9NTRRQ, B0FN6KPGWC, B0C38C2Z75, B005IPSNMY, B0G1C9246V, B005IPR7CQ, B0GGPGPNPW, B0FN6HQ9K2, B0G65733JG, B0DV29FGN5, B086862CX8, B08ZT1TJGN, B0G1C72WQR, B09PWK56WD, B0CY93PR3W, B071YSX8PL, B072HM5K3M, B00EUEKQNI, B0FN6ZPG7N, B0D1LJN21L, B08685VVN2, B0069T2YZA, B005UPT8PS, B0D1LJC3DK, B0D1LDYJKK, B005IPS8SS, B087ZPBK89, B005IPV3PS, B0100SS436, B005IPVL0U, B0D1LQXYMW, B0FN74HHJL, B006R6WJCS, B0G1CMJB13, B0D1LN52NP, B005JE95NU, B005IPS9AA, B005IPRJ5Q, B07G9P5XB4, B0F59VCF7J, B0D1LHCZN9, B0FN712WPM, B005IPS482, B0C5PXHCNY, B005IPR0SM, B00C950ATA, B0CY92BGTK, B0D1LPLM4M, B005JE8X60, B005IPS1BC, B0039LDMV6, B005IPVE0M, B0951CPYV7, B0GGT31P22, B0D1LMW6LJ, B005IPSKEU, B005IPV9IO, B005IPRCIA, B0G1C71HYR, B0053Y1WLY, B07GJVKDBN, B0G1CHC3F7, B0CPRNKB9X, B0G1CJZ8B9, B005IPVEAM, B0G1CC489R, B0108OU728, B01I5WBJW2, B005IPV1ZU, B08WYDPXKJ, B005IPRPCI, B00D36E5Q8, B005IPSWNO, B005JE8Y8W, B005IPV646, B07HMC87VQ, B0CLXPDV32, B01GIRRFK6, B005IPVHGS]",amzn1.campaign.3JDZV3SITAB2S,Future Essentials:  Freeze-dried for freshness and nutrition,Future Essentials,2026-07-21,2027-01-18,10.00%,50000.0,50000.0,0,800,false
"[B0CWMWVWWV, B0FH2Z33SK, B0BQM3B2K1, B0BQM1GYRD, B0C2HYYMXF, B0CWVRJM74, B0CF85JYG9, B0C5N7YXM1, B0FHDSGQ4J, B0BQLYWFJ7, B0BQM3L94W, B0FH2LZBCB, B0FH2P14NP, B0DQK4FNKQ, B0DRPHXX3N, B0CKK1SXN3, B0CWMWCJZH]",amzn1.campaign.3ORHI4DKZ5LXS,BeElevated: Personalized Wellness Support - 20%,BeElevated,2026-07-21,2026-12-31,20.00%,50000.0,50000.0,0,800,false
"[B0GZSM8CH4, B0H32CWCCM, B0GZ2MX2X6, B0GZ29FMZB]",amzn1.campaign.11FZXL26CJHYJ,白灯,UNROEVS,2026-07-21,2027-07-03,10.00%,5000.0,4993.96,0,800,false
"[B0CWMWVWWV, B0FH2Z33SK, B0BQM3B2K1, B0BQM1GYRD, B0C2HYYMXF, B0CWVRJM74, B0CF85JYG9, B0C5N7YXM1, B0FHDSGQ4J, B0BQLYWFJ7, B0BQM3L94W, B0FH2LZBCB, B0FH2P14NP, B0DQK4FNKQ, B0DRPHXX3N, B0CKK1SXN3, B0CWMWCJZH]",amzn1.campaign.30OZ0A28LVK4G,BeElevated: Support Your Active Lifestyle - 20%,BeElevated,2026-07-21,2026-12-15,20.00%,50000.0,50000.0,0,800,false
"[B0CWMWVWWV, B0FH2Z33SK, B0BQM3B2K1, B0BQM1GYRD, B0C2HYYMXF, B0CWVRJM74, B0C5N7YXM1, B0CF85JYG9, B0FHDSGQ4J, B0BQLYWFJ7, B0BQM3L94W, B0FH2LZBCB, B0FH2P14NP, B0DQK4FNKQ, B0DRPHXX3N, B0CKK1SXN3, B0CWMWCJZH]",amzn1.campaign.1HFN8T9ZOR181,BeElevated: Everyday Wellness Made Simple,BeElevated,2026-07-21,2026-11-24,20.00%,50000.0,50000.0,0,800,false
"[B0D9GS1NFR, B0F7XJ9W7N, B0F7XJHBS6, B0F8MRVN16, B0FL99KHC2, B0D9GRJ8GJ, B0F3GFZ6TK]",amzn1.campaign.1828FT0AO2KJZ,"Vegan, Wellness & Clean Ingredient Communities",Panacheeza LLC,2026-07-21,2026-10-31,15.00%,50000.0,50000.0,0,800,false
"[B0D9GS1NFR, B0F7XJ9W7N, B0F7XJHBS6, B0F8MRVN16, B0FL99KHC2, B0D9GRJ8GJ, B0F3GFZ6TK]",amzn1.campaign.RN2VTD6IOO0Q,Food Creators & Easy Recipe Upgrades,Panacheeza LLC,2026-07-21,2026-10-19,15.00%,20000.0,20000.0,0,800,false
"[B0GHDPGLH7, B0GH2BQ7QW]",amzn1.campaign.2A1B88XGOG1FR,luckywagon Blue 6-Jaw Quick Locking Grease Gun Coupler,luckywagon,2026-07-25,2026-12-31,20.00%,500000.0,499998.4,0,800,false
"[B0D9GS1NFR, B0F7XJ9W7N, B0F7XJHBS6, B0F8MRVN16, B0FL99KHC2, B0D9GRJ8GJ, B0F3GFZ6TK]",amzn1.campaign.1AI7WP133IZE,Plant-Based & Dairy-Free Food Lifestyle,Panacheeza LLC,2026-07-21,2026-12-21,20.00%,50000.0,50000.0,0,800,false
"[B0D9GS1NFR, B0F7XJ9W7N, B0F8MRVN16, B0D9GRJ8GJ, B0F3GFZ6TK]",amzn1.campaign.6A9HX9D2Q8XX,Ditch the Dairy With Panacheeza Dairy-Free Parmesan,Panacheeza LLC,2026-07-21,2026-12-30,20.00%,50000.0,49996.2,0,800,false
[B0H369FFCC],amzn1.campaign.3EBC6M05WPTYH,Cardinal Memorial Figurine – Sympathy Gift for Loss of Loved One,Eluviora,2026-07-21,2026-12-31,10.00%,10000.0,9998.75,0,800,false
"[B0FZ3FYN17, B09YMTS54V, B0D6RLNPVG, B0D9TPVM3D, B0FXVR1Z6N, B0D6RJQDL2, B0GGF5FFCR, B09YMSRBX7, B0D9TRCB9W]",amzn1.campaign.1WC650Z9XF2O8,Senior Pets & Healthy Aging,Medsmehappy,2026-07-22,2027-01-17,15.00%,20000.0,20000.0,0,800,false
"[B0CNVBM6QB, B0GCLLRYD1, B0G2PPKT2L, B0D22MWLW2, B0DZMVH9N3, B0CP1R3M24, B0FGJJ3L7T, B0G2PGCWZ3, B0D22MV53G, B0DKT6DY2D, B0CNT8Z1BS, B0F8QPTXXK, B0DK1L55QC, B0G2PFM3YB, B0GCLC1VY2, B0DMF8DHJK, B0GCMPWZ9C, B0DMF7MDL4, B0DMN322CM, B0D1K25WDM, B0D1K7CLLT, B0D1K7DTRB, B0F8V81XY3, B0DK1PS4WX, B0DMF6NHKJ, B0FGJFGJNV, B0CNVBJWL1, B0DT19S9DD, B0DZMT2KPY, B0CNT8G87T, B0FHQC9LBD, B0DZMXK5DV, B0CYC4CLQQ, B0FVF5NH4M, B0D22KH5D4, B0DJSBKS1V, B0G2PM7SHH, B0DKT695C8, B0DMF6WV4C, B0G2PJTQP1, B0G2PP5N6Q, B0FVF2W6MN, B0D78X9FKL, B0D795LNV5, B0DKT57ZLS, B0DK1MYRVN, B0DMN56SHL, B0FH43Y199, B0D22LZY3V, B0DKT66TYC, B0G2PZDMTQ, B0DMF7G31Z, B0FHQBPS7W, B0G2PVG6HS, B0DT197X83, B0GCM7PMHJ, B0GCM8283H, B0DK1P1115, B0DMFC5F4Z, B0FVDSRNGR, B0DMFBGY9J, B0FN7QSFZF, B0DKT7KV6H, B0DT19H3K6, B0DMND78BX, B0FVDPL2F6, B0G2PXQSD4, B0DMN31T99, B0FGJCXKQS, B0DZG8N74J, B0D2L3CC7Q, B0GCMHMWZZ, B0DKT6XPJ2, B0G2Q79PNV, B0FGJCY87X, B0DMF6XR7F, B0DZFL4BJ4, B0CYC2R63B, B0G2PLRGG4, B0FN7QFCQ1, B0CYBMK8RR, B0DT15RM7D, B0FHQFT15G, B0CP1RBF44, B0DMN5NPYT, B0DK1L4GCD, B0DMFB3LMK, B0DMF6QQ18, B0CYC498B2, B0FVDQ8WKK, B0DK1PGT6R, B0F8QQ613C, B0DK1NDWTS, B0FGJFF8K5, B0FGJFF8K3, B0F18WWV8R, B0F8VPNRVQ, B0DK1PG3ND, B0FH42Z7BW, B0FH4252P6, B0D2L1VRWB, B0G2PN49DQ, B0G2PZR51W, B0DMN8CSD3, B0G2PP8XFC, B0DMFBJN5F, B0DMN3T6K3, B0G2PHXNSG, B0DMFCFGHP, B0FVF2N9QF, B0FVDT6TXK, B0DKT6S6TH, B0CP1S538Q, B0G2PM9T87, B0DKT5CYLT, B0F8QP292B, B0DMF42VTQ, B0FN7RG947, B0DT15GYQT, B0G2Q1HBFL, B0CNV7SCJD, B0G2PWPX8V, B0G2PRDMDS, B0DKT7JQTC, B0GCLLNGVN, B0G2PJ9VCZ, B0DMN4L5SR, B0D791LCFC, B0DMF96BC6, B0CNT9KFX9, B0DKT5GFB2, B0G2NVMFYW, B0GCMJQDK5, B0DKT682SF, B0DMN44P7S, B0CYC3MWJH, B0CNT938BP, B0FGJCWYRS, B0DMF899P1, B0G2Q4Q5TJ, B0G2PPCMRJ, B0CYC65DGH, B0D2L3V73F, B0DMN5G7RB, B0DMN4K277, B0G2P831ND, B0G2Q4T1R9, B0D2L2DC5D, B0DT1939JR, B0FGJ78NXZ, B0G2QDMWZK, B0CYC2HL14, B0DT1CYWXC, B0F8TYLWNB, B0DZGCXKQR, B0CYBMMZH6, B0FVDC7PNN, B0DKT61V62, B0GCLBQX11, B0D1K5JZGK, B0FVD6KBYZ, B0G2PJY4R6, B0DMN5FGCK, B0FGJCD7YV]",amzn1.campaign.2MQUZ3AJQCSMS,"Bestsellers | 10% Off – Waist Chains, Backpacks, Clear Bags  All You Want！！！",NEOREAL,2026-07-21,2026-11-17,10.00%,5000.0,5000.0,7,800,false
"[B0CNVBM6QB, B0GCLLRYD1, B0G2PPKT2L, B0D22MWLW2, B0DZMVH9N3, B0CP1R3M24, B0FGJJ3L7T, B0G2PGCWZ3, B0D22MV53G, B0DKT6DY2D, B0CNT8Z1BS, B0F8QPTXXK, B0DK1L55QC, B0G2PFM3YB, B0GCLC1VY2, B0DMF8DHJK, B0GCMPWZ9C, B0DMF7MDL4, B0DMN322CM, B0D1K25WDM, B0D1K7CLLT, B0D1K7DTRB, B0F8V81XY3, B0DK1PS4WX, B0DMF6NHKJ, B0FGJFGJNV, B0CNVBJWL1, B0DT19S9DD, B0DZMT2KPY, B0CNT8G87T, B0FHQC9LBD, B0DZMXK5DV, B0CYC4CLQQ, B0FVF5NH4M, B0D22KH5D4, B0DJSBKS1V, B0G2PM7SHH, B0DKT695C8, B0DMF6WV4C, B0G2PJTQP1, B0G2PP5N6Q, B0FVF2W6MN, B0D78X9FKL, B0D795LNV5, B0DKT57ZLS, B0DK1MYRVN, B0DMN56SHL, B0FH43Y199, B0D22LZY3V, B0DKT66TYC, B0G2PZDMTQ, B0DMF7G31Z, B0FHQBPS7W, B0G2PVG6HS, B0DT197X83, B0GCM7PMHJ, B0GCM8283H, B0DK1P1115, B0DMFC5F4Z, B0FVDSRNGR, B0DMFBGY9J, B0FN7QSFZF, B0DKT7KV6H, B0DT19H3K6, B0DMND78BX, B0FVDPL2F6, B0G2PXQSD4, B0DMN31T99, B0FGJCXKQS, B0DZG8N74J, B0D2L3CC7Q, B0GCMHMWZZ, B0DKT6XPJ2, B0G2Q79PNV, B0FGJCY87X, B0DMF6XR7F, B0DZFL4BJ4, B0CYC2R63B, B0G2PLRGG4, B0FN7QFCQ1, B0CYBMK8RR, B0DT15RM7D, B0FHQFT15G, B0CP1RBF44, B0DMN5NPYT, B0DK1L4GCD, B0DMFB3LMK, B0DMF6QQ18, B0CYC498B2, B0FVDQ8WKK, B0DK1PGT6R, B0F8QQ613C, B0DK1NDWTS, B0FGJFF8K5, B0FGJFF8K3, B0F18WWV8R, B0F8VPNRVQ, B0DK1PG3ND, B0FH42Z7BW, B0FH4252P6, B0D2L1VRWB, B0G2PN49DQ, B0G2PZR51W, B0DMN8CSD3, B0G2PP8XFC, B0DMFBJN5F, B0DMN3T6K3, B0G2PHXNSG, B0DMFCFGHP, B0FVF2N9QF, B0FVDT6TXK, B0DKT6S6TH, B0CP1S538Q, B0G2PM9T87, B0DKT5CYLT, B0F8QP292B, B0DMF42VTQ, B0FN7RG947, B0DT15GYQT, B0G2Q1HBFL, B0CNV7SCJD, B0G2PWPX8V, B0G2PRDMDS, B0DKT7JQTC, B0GCLLNGVN, B0G2PJ9VCZ, B0DMN4L5SR, B0D791LCFC, B0DMF96BC6, B0CNT9KFX9, B0DKT5GFB2, B0G2NVMFYW, B0GCMJQDK5, B0DKT682SF, B0DMN44P7S, B0CYC3MWJH, B0CNT938BP, B0FGJCWYRS, B0DMF899P1, B0G2Q4Q5TJ, B0G2PPCMRJ, B0CYC65DGH, B0D2L3V73F, B0DMN5G7RB, B0DMN4K277, B0G2P831ND, B0G2Q4T1R9, B0D2L2DC5D, B0DT1939JR, B0FGJ78NXZ, B0G2QDMWZK, B0CYC2HL14, B0DT1CYWXC, B0F8TYLWNB, B0DZGCXKQR, B0CYBMMZH6, B0FVDC7PNN, B0DKT61V62, B0GCLBQX11, B0D1K5JZGK, B0FVD6KBYZ, B0G2PJY4R6, B0DMN5FGCK, B0FGJCD7YV]",amzn1.campaign.2M5DKWB7U28KP,"Bestsellers | 10% Off – Waist Chains, Backpacks, Clear Bags  All You Want！！！",NEOREAL,2026-07-21,2026-11-16,10.00%,5000.0,5000.0,15,800,false
"[B0CNVBM6QB, B0GCLLRYD1, B0G2PPKT2L, B0D22MWLW2, B0DZMVH9N3, B0CP1R3M24, B0FGJJ3L7T, B0G2PGCWZ3, B0D22MV53G, B0DKT6DY2D, B0CNT8Z1BS, B0F8QPTXXK, B0DK1L55QC, B0G2PFM3YB, B0GCLC1VY2, B0DMF8DHJK, B0GCMPWZ9C, B0DMF7MDL4, B0DMN322CM, B0D1K25WDM, B0D1K7CLLT, B0D1K7DTRB, B0F8V81XY3, B0DK1PS4WX, B0DMF6NHKJ, B0FGJFGJNV, B0CNVBJWL1, B0DT19S9DD, B0DZMT2KPY, B0CNT8G87T, B0FHQC9LBD, B0DZMXK5DV, B0CYC4CLQQ, B0FVF5NH4M, B0D22KH5D4, B0DJSBKS1V, B0G2PM7SHH, B0DKT695C8, B0DMF6WV4C, B0G2PJTQP1, B0G2PP5N6Q, B0FVF2W6MN, B0D78X9FKL, B0D795LNV5, B0DKT57ZLS, B0DK1MYRVN, B0DMN56SHL, B0FH43Y199, B0D22LZY3V, B0DKT66TYC, B0G2PZDMTQ, B0DMF7G31Z, B0FHQBPS7W, B0G2PVG6HS, B0DT197X83, B0GCM7PMHJ, B0GCM8283H, B0DK1P1115, B0DMFC5F4Z, B0FVDSRNGR, B0DMFBGY9J, B0FN7QSFZF, B0DKT7KV6H, B0DT19H3K6, B0DMND78BX, B0FVDPL2F6, B0G2PXQSD4, B0DMN31T99, B0FGJCXKQS, B0DZG8N74J, B0D2L3CC7Q, B0GCMHMWZZ, B0DKT6XPJ2, B0G2Q79PNV, B0FGJCY87X, B0DMF6XR7F, B0DZFL4BJ4, B0CYC2R63B, B0G2PLRGG4, B0FN7QFCQ1, B0CYBMK8RR, B0DT15RM7D, B0FHQFT15G, B0CP1RBF44, B0DMN5NPYT, B0DK1L4GCD, B0DMFB3LMK, B0DMF6QQ18, B0CYC498B2, B0FVDQ8WKK, B0DK1PGT6R, B0F8QQ613C, B0DK1NDWTS, B0FGJFF8K5, B0FGJFF8K3, B0F18WWV8R, B0F8VPNRVQ, B0DK1PG3ND, B0FH42Z7BW, B0FH4252P6, B0D2L1VRWB, B0G2PN49DQ, B0G2PZR51W, B0DMN8CSD3, B0G2PP8XFC, B0DMFBJN5F, B0DMN3T6K3, B0G2PHXNSG, B0DMFCFGHP, B0FVF2N9QF, B0FVDT6TXK, B0DKT6S6TH, B0CP1S538Q, B0G2PM9T87, B0DKT5CYLT, B0F8QP292B, B0DMF42VTQ, B0FN7RG947, B0DT15GYQT, B0G2Q1HBFL, B0CNV7SCJD, B0G2PWPX8V, B0G2PRDMDS, B0DKT7JQTC, B0GCLLNGVN, B0G2PJ9VCZ, B0DMN4L5SR, B0D791LCFC, B0DMF96BC6, B0CNT9KFX9, B0DKT5GFB2, B0G2NVMFYW, B0GCMJQDK5, B0DKT682SF, B0DMN44P7S, B0CYC3MWJH, B0CNT938BP, B0FGJCWYRS, B0DMF899P1, B0G2Q4Q5TJ, B0G2PPCMRJ, B0CYC65DGH, B0D2L3V73F, B0DMN5G7RB, B0DMN4K277, B0G2P831ND, B0G2Q4T1R9, B0D2L2DC5D, B0DT1939JR, B0FGJ78NXZ, B0G2QDMWZK, B0CYC2HL14, B0DT1CYWXC, B0F8TYLWNB, B0DZGCXKQR, B0CYBMMZH6, B0FVDC7PNN, B0DKT61V62, B0GCLBQX11, B0D1K5JZGK, B0FVD6KBYZ, B0G2PJY4R6, B0DMN5FGCK, B0FGJCD7YV]",amzn1.campaign.2ENQP4SSEJ963,"Bestsellers | 10% Off – Waist Chains, Backpacks, Clear Bags  All You Want！！！",NEOREAL,2026-07-21,2026-11-15,10.00%,5000.0,5000.0,13,800,false
"[B0CNVBM6QB, B0GCLLRYD1, B0G2PPKT2L, B0D22MWLW2, B0DZMVH9N3, B0CP1R3M24, B0FGJJ3L7T, B0G2PGCWZ3, B0D22MV53G, B0DKT6DY2D, B0CNT8Z1BS, B0F8QPTXXK, B0DK1L55QC, B0G2PFM3YB, B0GCLC1VY2, B0DMF8DHJK, B0GCMPWZ9C, B0DMF7MDL4, B0DMN322CM, B0D1K25WDM, B0D1K7CLLT, B0D1K7DTRB, B0F8V81XY3, B0DK1PS4WX, B0DMF6NHKJ, B0FGJFGJNV, B0CNVBJWL1, B0DT19S9DD, B0DZMT2KPY, B0CNT8G87T, B0FHQC9LBD, B0DZMXK5DV, B0CYC4CLQQ, B0FVF5NH4M, B0D22KH5D4, B0DJSBKS1V, B0G2PM7SHH, B0DKT695C8, B0DMF6WV4C, B0G2PJTQP1, B0G2PP5N6Q, B0FVF2W6MN, B0D78X9FKL, B0D795LNV5, B0DKT57ZLS, B0DK1MYRVN, B0DMN56SHL, B0FH43Y199, B0D22LZY3V, B0DKT66TYC, B0G2PZDMTQ, B0DMF7G31Z, B0FHQBPS7W, B0G2PVG6HS, B0DT197X83, B0GCM7PMHJ, B0GCM8283H, B0DK1P1115, B0DMFC5F4Z, B0FVDSRNGR, B0DMFBGY9J, B0FN7QSFZF, B0DKT7KV6H, B0DT19H3K6, B0DMND78BX, B0FVDPL2F6, B0G2PXQSD4, B0DMN31T99, B0FGJCXKQS, B0DZG8N74J, B0D2L3CC7Q, B0GCMHMWZZ, B0DKT6XPJ2, B0G2Q79PNV, B0FGJCY87X, B0DMF6XR7F, B0DZFL4BJ4, B0CYC2R63B, B0G2PLRGG4, B0FN7QFCQ1, B0CYBMK8RR, B0DT15RM7D, B0FHQFT15G, B0CP1RBF44, B0DMN5NPYT, B0DK1L4GCD, B0DMFB3LMK, B0DMF6QQ18, B0CYC498B2, B0FVDQ8WKK, B0DK1PGT6R, B0F8QQ613C, B0DK1NDWTS, B0FGJFF8K5, B0FGJFF8K3, B0F18WWV8R, B0F8VPNRVQ, B0DK1PG3ND, B0FH42Z7BW, B0FH4252P6, B0D2L1VRWB, B0G2PN49DQ, B0G2PZR51W, B0DMN8CSD3, B0G2PP8XFC, B0DMFBJN5F, B0DMN3T6K3, B0G2PHXNSG, B0DMFCFGHP, B0FVF2N9QF, B0FVDT6TXK, B0DKT6S6TH, B0CP1S538Q, B0G2PM9T87, B0DKT5CYLT, B0F8QP292B, B0DMF42VTQ, B0FN7RG947, B0DT15GYQT, B0G2Q1HBFL, B0CNV7SCJD, B0G2PWPX8V, B0G2PRDMDS, B0DKT7JQTC, B0GCLLNGVN, B0G2PJ9VCZ, B0DMN4L5SR, B0D791LCFC, B0DMF96BC6, B0CNT9KFX9, B0DKT5GFB2, B0G2NVMFYW, B0GCMJQDK5, B0DKT682SF, B0DMN44P7S, B0CYC3MWJH, B0CNT938BP, B0FGJCWYRS, B0DMF899P1, B0G2Q4Q5TJ, B0G2PPCMRJ, B0CYC65DGH, B0D2L3V73F, B0DMN5G7RB, B0DMN4K277, B0G2P831ND, B0G2Q4T1R9, B0D2L2DC5D, B0DT1939JR, B0FGJ78NXZ, B0G2QDMWZK, B0CYC2HL14, B0DT1CYWXC, B0F8TYLWNB, B0DZGCXKQR, B0CYBMMZH6, B0FVDC7PNN, B0DKT61V62, B0GCLBQX11, B0D1K5JZGK, B0FVD6KBYZ, B0G2PJY4R6, B0DMN5FGCK, B0FGJCD7YV]",amzn1.campaign.3U90XUZB6WPMI,"Bestsellers | 10% Off – Waist Chains, Backpacks, Clear Bags  All You Want！！！",NEOREAL,2026-07-21,2026-11-14,10.00%,5000.0,5000.0,15,800,false
"[B0FZ3FYN17, B09YMTS54V, B0D6RLNPVG, B0D9TPVM3D, B0FXVR1Z6N, B0D6RJQDL2, B0GGF5FFCR, B09YMSRBX7, B0D9TRCB9W]",amzn1.campaign.10KPOK1PESOXU,Liver & Digestive Health Support,Medsmehappy,2026-07-21,2027-01-17,15.00%,50000.0,50000.0,0,800,false
"[B0CNVBM6QB, B0GCLLRYD1, B0G2PPKT2L, B0D22MWLW2, B0DZMVH9N3, B0CP1R3M24, B0FGJJ3L7T, B0G2PGCWZ3, B0D22MV53G, B0DKT6DY2D, B0CNT8Z1BS, B0F8QPTXXK, B0DK1L55QC, B0G2PFM3YB, B0GCLC1VY2, B0DMF8DHJK, B0GCMPWZ9C, B0DMF7MDL4, B0DMN322CM, B0D1K25WDM, B0D1K7CLLT, B0D1K7DTRB, B0F8V81XY3, B0DK1PS4WX, B0DMF6NHKJ, B0FGJFGJNV, B0CNVBJWL1, B0DT19S9DD, B0DZMT2KPY, B0CNT8G87T, B0FHQC9LBD, B0DZMXK5DV, B0CYC4CLQQ, B0FVF5NH4M, B0D22KH5D4, B0DJSBKS1V, B0G2PM7SHH, B0DKT695C8, B0DMF6WV4C, B0G2PJTQP1, B0G2PP5N6Q, B0FVF2W6MN, B0D78X9FKL, B0D795LNV5, B0DKT57ZLS, B0DK1MYRVN, B0DMN56SHL, B0FH43Y199, B0D22LZY3V, B0DKT66TYC, B0G2PZDMTQ, B0DMF7G31Z, B0FHQBPS7W, B0G2PVG6HS, B0DT197X83, B0GCM7PMHJ, B0GCM8283H, B0DK1P1115, B0DMFC5F4Z, B0FVDSRNGR, B0DMFBGY9J, B0FN7QSFZF, B0DKT7KV6H, B0DT19H3K6, B0DMND78BX, B0FVDPL2F6, B0G2PXQSD4, B0DMN31T99, B0FGJCXKQS, B0DZG8N74J, B0D2L3CC7Q, B0GCMHMWZZ, B0DKT6XPJ2, B0G2Q79PNV, B0FGJCY87X, B0DMF6XR7F, B0DZFL4BJ4, B0CYC2R63B, B0G2PLRGG4, B0FN7QFCQ1, B0CYBMK8RR, B0DT15RM7D, B0FHQFT15G, B0CP1RBF44, B0DMN5NPYT, B0DK1L4GCD, B0DMFB3LMK, B0DMF6QQ18, B0CYC498B2, B0FVDQ8WKK, B0DK1PGT6R, B0F8QQ613C, B0DK1NDWTS, B0FGJFF8K5, B0FGJFF8K3, B0F18WWV8R, B0F8VPNRVQ, B0DK1PG3ND, B0FH42Z7BW, B0FH4252P6, B0D2L1VRWB, B0G2PN49DQ, B0G2PZR51W, B0DMN8CSD3, B0G2PP8XFC, B0DMFBJN5F, B0DMN3T6K3, B0G2PHXNSG, B0DMFCFGHP, B0FVF2N9QF, B0FVDT6TXK, B0DKT6S6TH, B0CP1S538Q, B0G2PM9T87, B0DKT5CYLT, B0F8QP292B, B0DMF42VTQ, B0FN7RG947, B0DT15GYQT, B0G2Q1HBFL, B0CNV7SCJD, B0G2PWPX8V, B0G2PRDMDS, B0DKT7JQTC, B0GCLLNGVN, B0G2PJ9VCZ, B0DMN4L5SR, B0D791LCFC, B0DMF96BC6, B0CNT9KFX9, B0DKT5GFB2, B0G2NVMFYW, B0GCMJQDK5, B0DKT682SF, B0DMN44P7S, B0CYC3MWJH, B0CNT938BP, B0FGJCWYRS, B0DMF899P1, B0G2Q4Q5TJ, B0G2PPCMRJ, B0CYC65DGH, B0D2L3V73F, B0DMN5G7RB, B0DMN4K277, B0G2P831ND, B0G2Q4T1R9, B0D2L2DC5D, B0DT1939JR, B0FGJ78NXZ, B0G2QDMWZK, B0CYC2HL14, B0DT1CYWXC, B0F8TYLWNB, B0DZGCXKQR, B0CYBMMZH6, B0FVDC7PNN, B0DKT61V62, B0GCLBQX11, B0D1K5JZGK, B0FVD6KBYZ, B0G2PJY4R6, B0DMN5FGCK, B0FGJCD7YV]",amzn1.campaign.85EK2T6XVDQN,"Bestsellers | 10% Off – Waist Chains, Backpacks, Clear Bags  All You Want！！！",NEOREAL,2026-07-21,2026-11-13,10.00%,5000.0,5000.0,19,800,false
"[B0CNVBM6QB, B0GCLLRYD1, B0G2PPKT2L, B0D22MWLW2, B0DZMVH9N3, B0CP1R3M24, B0FGJJ3L7T, B0G2PGCWZ3, B0D22MV53G, B0DKT6DY2D, B0CNT8Z1BS, B0F8QPTXXK, B0DK1L55QC, B0G2PFM3YB, B0GCLC1VY2, B0DMF8DHJK, B0GCMPWZ9C, B0DMF7MDL4, B0DMN322CM, B0D1K25WDM, B0D1K7CLLT, B0D1K7DTRB, B0F8V81XY3, B0DK1PS4WX, B0DMF6NHKJ, B0FGJFGJNV, B0CNVBJWL1, B0DT19S9DD, B0DZMT2KPY, B0CNT8G87T, B0FHQC9LBD, B0DZMXK5DV, B0CYC4CLQQ, B0FVF5NH4M, B0D22KH5D4, B0DJSBKS1V, B0G2PM7SHH, B0DKT695C8, B0DMF6WV4C, B0G2PJTQP1, B0G2PP5N6Q, B0FVF2W6MN, B0D78X9FKL, B0D795LNV5, B0DKT57ZLS, B0DK1MYRVN, B0DMN56SHL, B0FH43Y199, B0D22LZY3V, B0DKT66TYC, B0G2PZDMTQ, B0DMF7G31Z, B0FHQBPS7W, B0G2PVG6HS, B0DT197X83, B0GCM7PMHJ, B0GCM8283H, B0DK1P1115, B0DMFC5F4Z, B0FVDSRNGR, B0DMFBGY9J, B0FN7QSFZF, B0DKT7KV6H, B0DT19H3K6, B0DMND78BX, B0FVDPL2F6, B0G2PXQSD4, B0DMN31T99, B0FGJCXKQS, B0DZG8N74J, B0D2L3CC7Q, B0GCMHMWZZ, B0DKT6XPJ2, B0G2Q79PNV, B0FGJCY87X, B0DMF6XR7F, B0DZFL4BJ4, B0CYC2R63B, B0G2PLRGG4, B0FN7QFCQ1, B0CYBMK8RR, B0DT15RM7D, B0FHQFT15G, B0CP1RBF44, B0DMN5NPYT, B0DK1L4GCD, B0DMFB3LMK, B0DMF6QQ18, B0CYC498B2, B0FVDQ8WKK, B0DK1PGT6R, B0F8QQ613C, B0DK1NDWTS, B0FGJFF8K5, B0FGJFF8K3, B0F18WWV8R, B0F8VPNRVQ, B0DK1PG3ND, B0FH42Z7BW, B0FH4252P6, B0D2L1VRWB, B0G2PN49DQ, B0G2PZR51W, B0DMN8CSD3, B0G2PP8XFC, B0DMFBJN5F, B0DMN3T6K3, B0G2PHXNSG, B0DMFCFGHP, B0FVF2N9QF, B0FVDT6TXK, B0DKT6S6TH, B0CP1S538Q, B0G2PM9T87, B0DKT5CYLT, B0F8QP292B, B0DMF42VTQ, B0FN7RG947, B0DT15GYQT, B0G2Q1HBFL, B0CNV7SCJD, B0G2PWPX8V, B0G2PRDMDS, B0DKT7JQTC, B0GCLLNGVN, B0G2PJ9VCZ, B0DMN4L5SR, B0D791LCFC, B0DMF96BC6, B0CNT9KFX9, B0DKT5GFB2, B0G2NVMFYW, B0GCMJQDK5, B0DKT682SF, B0DMN44P7S, B0CYC3MWJH, B0CNT938BP, B0FGJCWYRS, B0DMF899P1, B0G2Q4Q5TJ, B0G2PPCMRJ, B0CYC65DGH, B0D2L3V73F, B0DMN5G7RB, B0DMN4K277, B0G2P831ND, B0G2Q4T1R9, B0D2L2DC5D, B0DT1939JR, B0FGJ78NXZ, B0G2QDMWZK, B0CYC2HL14, B0DT1CYWXC, B0F8TYLWNB, B0DZGCXKQR, B0CYBMMZH6, B0FVDC7PNN, B0DKT61V62, B0GCLBQX11, B0D1K5JZGK, B0FVD6KBYZ, B0G2PJY4R6, B0DMN5FGCK, B0FGJCD7YV]",amzn1.campaign.29L5NLPGHVXEQ,"Bestsellers | 10% Off – Waist Chains, Backpacks, Clear Bags  All You Want！！！",NEOREAL,2026-07-21,2026-11-12,10.00%,5000.0,5000.0,14,800,false
"[B0FZ3FYN17, B09YMTS54V, B0D6RLNPVG, B0D9TPVM3D, B0FXVR1Z6N, B0D6RJQDL2, B0GGF5FFCR, B09YMSRBX7, B0D9TRCB9W]",amzn1.campaign.1JEB3ZB9LYOQG,Everyday Pet Wellness,Medsmehappy,2026-07-21,2027-01-06,15.00%,50000.0,49992.5,0,800,false
[B0H3FP71ZX],amzn1.campaign.12XMQ6ZJQOXV0,2 in 1 Ferris Wheel Interactive Cat Treat Puzzle Toy,Larimuer,2026-07-21,2026-09-30,10.00%,5000.0,4994.35,0,800,false
[B0GW8NJCF7],amzn1.campaign.1V0E65X9N9LXX,2-in-1 Wireless Dog Fence & Training Collar Creator Collaboration Program,Larimuer,2026-07-21,2026-09-30,10.00%,5000.0,5000.0,0,800,false
"[B0H7MG29CY, B0H7YZ9TPT, B0GHGYFZHT, B0FP5HRYZ9, B0GHGDSNS9, B0FPFS56JP, B0H7YYYCKR, B0FPBMNXBP, B0H7RBLCHX, B0FNRY384M, B0H7XW1NJ8, B0H7N7B296, B0H7XNBHYZ, B0GHGFVXQD, B0H7N1QVW3, B0FPBPLRLR, B0H7CXD7TL, B0H7XSBFR8, B0GHGP33V2, B0FP5SWDQJ, B0H7NDFW8M, B0FPBKL9N9, B0GHGCNQQF, B0FP9MMZ9Y, B0H7NDXX92, B0FP6KD2C8, B0FP9QJNPK, B0H7PH6WD6, B0FP59BC4M, B0H7JCQG6D, B0H7R7S59M, B0H7CPK4H1, B0FP9D88HX, B0GHFK9NTG, B0H7DLDRNW, B0FNWYDKPV, B0FP5HM36R, B0H7X4QTJP, B0H7PV8SK5, B0FPBPB3C4, B0GHFS2JXV, B0FPBMLJCC, B0H7MLFZ6T, B0H6Y1TSVK, B0FP3M7BRB, B0H7WG7VTT, B0H7N1KXKP, B0GHGCY9H3, B0H7JVGSVB, B0H7RLQHNB, B0FPBK41WN, B0FP9T8VT6, B0H7XJ5WPP, B0FP9RCVT6, B0GHGDGTJ6, B0H7WT6TVC, B0H86N8D3N]",amzn1.campaign.3N0XBJM5EP042,Earn 12% Commission – Start Promoting and Keep Profiting!,YCWSPEMR,2026-07-25,2027-07-23,12.00%,10000.0,10000.0,0,800,false
[B0GSD9N3HM],amzn1.campaign.OOLF2JHFTAU0,30% code cheer pins diy-big deal,Thamtu,2026-07-21,2026-09-26,10.00%,5000.0,5000.0,0,800,false
"[B0H7MG29CY, B0H7YZ9TPT, B0FP98FQMQ, B0FP9GF2ZY, B0FP5HRYZ9, B0FPFS56JP, B0H7YYYCKR, B0FPBMNXBP, B0H7RBLCHX, B0FNRY384M, B0H7XW1NJ8, B0H7N7B296, B0H7XNBHYZ, B0H7N1QVW3, B0FPBPLRLR, B0H7CXD7TL, B0H7XSBFR8, B0FP5SWDQJ, B0H7NDFW8M, B0FPBKL9N9, B0FP9MMZ9Y, B0H7NDXX92, B0FP6KD2C8, B0FP9QJNPK, B0H7PH6WD6, B0FP59BC4M, B0H7JCQG6D, B0H7R7S59M, B0H7CPK4H1, B0FP9D88HX, B0H7DLDRNW, B0FNWYDKPV, B0FP5HM36R, B0H7X4QTJP, B0H7PV8SK5, B0FPBPB3C4, B0FPBMLJCC, B0H7MLFZ6T, B0H6Y1TSVK, B0FP3M7BRB, B0H7WG7VTT, B0H7N1KXKP, B0H7JVGSVB, B0H7RLQHNB, B0FPBK41WN, B0FP9T8VT6, B0H7XJ5WPP, B0FP9RCVT6, B0H7WT6TVC, B0H86N8D3N]",amzn1.campaign.2J30LOKIMAP56,Maximize Your Earnings – Unlimited 13% Commission Opportunities!,YCWSPEMR,2026-07-23,2027-07-21,13.00%,10000.0,10000.0,0,800,false
"[B0CNVBM6QB, B0GCLLRYD1, B0G2PPKT2L, B0D22MWLW2, B0DZMVH9N3, B0CP1R3M24, B0FGJJ3L7T, B0G2PGCWZ3, B0D22MV53G, B0DKT6DY2D, B0CNT8Z1BS, B0F8QPTXXK, B0DK1L55QC, B0G2PFM3YB, B0GCLC1VY2, B0DMF8DHJK, B0GCMPWZ9C, B0DMF7MDL4, B0DMN322CM, B0D1K25WDM, B0D1K7CLLT, B0D1K7DTRB, B0F8V81XY3, B0DK1PS4WX, B0DMF6NHKJ, B0FGJFGJNV, B0CNVBJWL1, B0DT19S9DD, B0DZMT2KPY, B0CNT8G87T, B0FHQC9LBD, B0DZMXK5DV, B0CYC4CLQQ, B0FVF5NH4M, B0D22KH5D4, B0DJSBKS1V, B0G2PM7SHH, B0DKT695C8, B0DMF6WV4C, B0G2PJTQP1, B0G2PP5N6Q, B0FVF2W6MN, B0D78X9FKL, B0D795LNV5, B0DKT57ZLS, B0DK1MYRVN, B0DMN56SHL, B0FH43Y199, B0D22LZY3V, B0DKT66TYC, B0G2PZDMTQ, B0DMF7G31Z, B0FHQBPS7W, B0G2PVG6HS, B0DT197X83, B0GCM7PMHJ, B0GCM8283H, B0DK1P1115, B0DMFC5F4Z, B0FVDSRNGR, B0DMFBGY9J, B0FN7QSFZF, B0DKT7KV6H, B0DT19H3K6, B0DMND78BX, B0FVDPL2F6, B0G2PXQSD4, B0DMN31T99, B0FGJCXKQS, B0DZG8N74J, B0D2L3CC7Q, B0GCMHMWZZ, B0DKT6XPJ2, B0G2Q79PNV, B0FGJCY87X, B0DMF6XR7F, B0DZFL4BJ4, B0CYC2R63B, B0G2PLRGG4, B0FN7QFCQ1, B0CYBMK8RR, B0DT15RM7D, B0FHQFT15G, B0CP1RBF44, B0DMN5NPYT, B0DK1L4GCD, B0DMFB3LMK, B0DMF6QQ18, B0CYC498B2, B0FVDQ8WKK, B0DK1PGT6R, B0F8QQ613C, B0DK1NDWTS, B0FGJFF8K5, B0FGJFF8K3, B0F18WWV8R, B0F8VPNRVQ, B0DK1PG3ND, B0FH42Z7BW, B0FH4252P6, B0D2L1VRWB, B0G2PN49DQ, B0G2PZR51W, B0DMN8CSD3, B0G2PP8XFC, B0DMFBJN5F, B0DMN3T6K3, B0G2PHXNSG, B0DMFCFGHP, B0FVF2N9QF, B0FVDT6TXK, B0DKT6S6TH, B0CP1S538Q, B0G2PM9T87, B0DKT5CYLT, B0F8QP292B, B0DMF42VTQ, B0FN7RG947, B0DT15GYQT, B0G2Q1HBFL, B0CNV7SCJD, B0G2PWPX8V, B0G2PRDMDS, B0DKT7JQTC, B0GCLLNGVN, B0G2PJ9VCZ, B0DMN4L5SR, B0D791LCFC, B0DMF96BC6, B0CNT9KFX9, B0DKT5GFB2, B0G2NVMFYW, B0GCMJQDK5, B0DKT682SF, B0DMN44P7S, B0CYC3MWJH, B0CNT938BP, B0FGJCWYRS, B0DMF899P1, B0G2Q4Q5TJ, B0G2PPCMRJ, B0CYC65DGH, B0D2L3V73F, B0DMN5G7RB, B0DMN4K277, B0G2P831ND, B0G2Q4T1R9, B0D2L2DC5D, B0DT1939JR, B0FGJ78NXZ, B0G2QDMWZK, B0CYC2HL14, B0DT1CYWXC, B0F8TYLWNB, B0DZGCXKQR, B0CYBMMZH6, B0FVDC7PNN, B0DKT61V62, B0GCLBQX11, B0D1K5JZGK, B0FVD6KBYZ, B0G2PJY4R6, B0DMN5FGCK, B0FGJCD7YV]",amzn1.campaign.1NUQPG7IU3S6Y,"Bestsellers | 10% Off – Waist Chains, Backpacks, Clear Bags  All You Want！！！",NEOREAL,2026-07-21,2026-11-11,10.00%,5000.0,5000.0,12,800,false
"[B0CNVBM6QB, B0GCLLRYD1, B0G2PPKT2L, B0D22MWLW2, B0DZMVH9N3, B0CP1R3M24, B0FGJJ3L7T, B0G2PGCWZ3, B0D22MV53G, B0DKT6DY2D, B0CNT8Z1BS, B0F8QPTXXK, B0DK1L55QC, B0G2PFM3YB, B0GCLC1VY2, B0DMF8DHJK, B0GCMPWZ9C, B0DMF7MDL4, B0DMN322CM, B0D1K25WDM, B0D1K7CLLT, B0D1K7DTRB, B0F8V81XY3, B0DK1PS4WX, B0DMF6NHKJ, B0FGJFGJNV, B0CNVBJWL1, B0DT19S9DD, B0DZMT2KPY, B0CNT8G87T, B0FHQC9LBD, B0DZMXK5DV, B0CYC4CLQQ, B0FVF5NH4M, B0D22KH5D4, B0DJSBKS1V, B0G2PM7SHH, B0DKT695C8, B0DMF6WV4C, B0G2PJTQP1, B0G2PP5N6Q, B0FVF2W6MN, B0D78X9FKL, B0D795LNV5, B0DKT57ZLS, B0DK1MYRVN, B0DMN56SHL, B0FH43Y199, B0D22LZY3V, B0DKT66TYC, B0G2PZDMTQ, B0DMF7G31Z, B0FHQBPS7W, B0G2PVG6HS, B0DT197X83, B0GCM7PMHJ, B0GCM8283H, B0DK1P1115, B0DMFC5F4Z, B0FVDSRNGR, B0DMFBGY9J, B0FN7QSFZF, B0DKT7KV6H, B0DT19H3K6, B0DMND78BX, B0FVDPL2F6, B0G2PXQSD4, B0DMN31T99, B0FGJCXKQS, B0DZG8N74J, B0D2L3CC7Q, B0GCMHMWZZ, B0DKT6XPJ2, B0G2Q79PNV, B0FGJCY87X, B0DMF6XR7F, B0DZFL4BJ4, B0CYC2R63B, B0G2PLRGG4, B0FN7QFCQ1, B0CYBMK8RR, B0DT15RM7D, B0FHQFT15G, B0CP1RBF44, B0DMN5NPYT, B0DK1L4GCD, B0DMFB3LMK, B0DMF6QQ18, B0CYC498B2, B0FVDQ8WKK, B0DK1PGT6R, B0F8QQ613C, B0DK1NDWTS, B0FGJFF8K5, B0FGJFF8K3, B0F18WWV8R, B0F8VPNRVQ, B0DK1PG3ND, B0FH42Z7BW, B0FH4252P6, B0D2L1VRWB, B0G2PN49DQ, B0G2PZR51W, B0DMN8CSD3, B0G2PP8XFC, B0DMFBJN5F, B0DMN3T6K3, B0G2PHXNSG, B0DMFCFGHP, B0FVF2N9QF, B0FVDT6TXK, B0DKT6S6TH, B0CP1S538Q, B0G2PM9T87, B0DKT5CYLT, B0F8QP292B, B0DMF42VTQ, B0FN7RG947, B0DT15GYQT, B0G2Q1HBFL, B0CNV7SCJD, B0G2PWPX8V, B0G2PRDMDS, B0DKT7JQTC, B0GCLLNGVN, B0G2PJ9VCZ, B0DMN4L5SR, B0D791LCFC, B0DMF96BC6, B0CNT9KFX9, B0DKT5GFB2, B0G2NVMFYW, B0GCMJQDK5, B0DKT682SF, B0DMN44P7S, B0CYC3MWJH, B0CNT938BP, B0FGJCWYRS, B0DMF899P1, B0G2Q4Q5TJ, B0G2PPCMRJ, B0CYC65DGH, B0D2L3V73F, B0DMN5G7RB, B0DMN4K277, B0G2P831ND, B0G2Q4T1R9, B0D2L2DC5D, B0DT1939JR, B0FGJ78NXZ, B0G2QDMWZK, B0CYC2HL14, B0DT1CYWXC, B0F8TYLWNB, B0DZGCXKQR, B0CYBMMZH6, B0FVDC7PNN, B0DKT61V62, B0GCLBQX11, B0D1K5JZGK, B0FVD6KBYZ, B0G2PJY4R6, B0DMN5FGCK, B0FGJCD7YV]",amzn1.campaign.U9THPDPADHSH,"Bestsellers | 10% Off – Waist Chains, Backpacks, Clear Bags  All You Want！！！",NEOREAL,2026-07-21,2026-11-10,10.00%,5000.0,5000.0,18,800,false
"[B0CNVBM6QB, B0GCLLRYD1, B0G2PPKT2L, B0D22MWLW2, B0DZMVH9N3, B0CP1R3M24, B0FGJJ3L7T, B0G2PGCWZ3, B0D22MV53G, B0DKT6DY2D, B0CNT8Z1BS, B0F8QPTXXK, B0DK1L55QC, B0G2PFM3YB, B0GCLC1VY2, B0DMF8DHJK, B0GCMPWZ9C, B0DMF7MDL4, B0DMN322CM, B0D1K25WDM, B0D1K7CLLT, B0D1K7DTRB, B0F8V81XY3, B0DK1PS4WX, B0DMF6NHKJ, B0FGJFGJNV, B0CNVBJWL1, B0DT19S9DD, B0DZMT2KPY, B0CNT8G87T, B0FHQC9LBD, B0DZMXK5DV, B0CYC4CLQQ, B0FVF5NH4M, B0D22KH5D4, B0DJSBKS1V, B0G2PM7SHH, B0DKT695C8, B0DMF6WV4C, B0G2PJTQP1, B0G2PP5N6Q, B0FVF2W6MN, B0D78X9FKL, B0D795LNV5, B0DKT57ZLS, B0DK1MYRVN, B0DMN56SHL, B0FH43Y199, B0D22LZY3V, B0DKT66TYC, B0G2PZDMTQ, B0DMF7G31Z, B0FHQBPS7W, B0G2PVG6HS, B0DT197X83, B0GCM7PMHJ, B0GCM8283H, B0DK1P1115, B0DMFC5F4Z, B0FVDSRNGR, B0DMFBGY9J, B0FN7QSFZF, B0DKT7KV6H, B0DT19H3K6, B0DMND78BX, B0FVDPL2F6, B0G2PXQSD4, B0DMN31T99, B0FGJCXKQS, B0DZG8N74J, B0D2L3CC7Q, B0GCMHMWZZ, B0DKT6XPJ2, B0G2Q79PNV, B0FGJCY87X, B0DMF6XR7F, B0DZFL4BJ4, B0CYC2R63B, B0G2PLRGG4, B0FN7QFCQ1, B0CYBMK8RR, B0DT15RM7D, B0FHQFT15G, B0CP1RBF44, B0DMN5NPYT, B0DK1L4GCD, B0DMFB3LMK, B0DMF6QQ18, B0CYC498B2, B0FVDQ8WKK, B0DK1PGT6R, B0F8QQ613C, B0DK1NDWTS, B0FGJFF8K5, B0FGJFF8K3, B0F18WWV8R, B0F8VPNRVQ, B0DK1PG3ND, B0FH42Z7BW, B0FH4252P6, B0D2L1VRWB, B0G2PN49DQ, B0G2PZR51W, B0DMN8CSD3, B0G2PP8XFC, B0DMFBJN5F, B0DMN3T6K3, B0G2PHXNSG, B0DMFCFGHP, B0FVF2N9QF, B0FVDT6TXK, B0DKT6S6TH, B0CP1S538Q, B0G2PM9T87, B0DKT5CYLT, B0F8QP292B, B0DMF42VTQ, B0FN7RG947, B0DT15GYQT, B0G2Q1HBFL, B0CNV7SCJD, B0G2PWPX8V, B0G2PRDMDS, B0DKT7JQTC, B0GCLLNGVN, B0G2PJ9VCZ, B0DMN4L5SR, B0D791LCFC, B0DMF96BC6, B0CNT9KFX9, B0DKT5GFB2, B0G2NVMFYW, B0GCMJQDK5, B0DKT682SF, B0DMN44P7S, B0CYC3MWJH, B0CNT938BP, B0FGJCWYRS, B0DMF899P1, B0G2Q4Q5TJ, B0G2PPCMRJ, B0CYC65DGH, B0D2L3V73F, B0DMN5G7RB, B0DMN4K277, B0G2P831ND, B0G2Q4T1R9, B0D2L2DC5D, B0DT1939JR, B0FGJ78NXZ, B0G2QDMWZK, B0CYC2HL14, B0DT1CYWXC, B0F8TYLWNB, B0DZGCXKQR, B0CYBMMZH6, B0FVDC7PNN, B0DKT61V62, B0GCLBQX11, B0D1K5JZGK, B0FVD6KBYZ, B0G2PJY4R6, B0DMN5FGCK, B0FGJCD7YV]",amzn1.campaign.3BQI6FM4VFE1X,"Bestsellers | 10% Off – Waist Chains, Backpacks, Clear Bags  All You Want！！！",NEOREAL,2026-07-21,2026-11-09,10.00%,5000.0,5000.0,14,800,false
"[B0CNVBM6QB, B0GCLLRYD1, B0G2PPKT2L, B0D22MWLW2, B0DZMVH9N3, B0CP1R3M24, B0FGJJ3L7T, B0G2PGCWZ3, B0D22MV53G, B0DKT6DY2D, B0CNT8Z1BS, B0F8QPTXXK, B0DK1L55QC, B0G2PFM3YB, B0GCLC1VY2, B0DMF8DHJK, B0GCMPWZ9C, B0DMF7MDL4, B0DMN322CM, B0D1K25WDM, B0D1K7CLLT, B0D1K7DTRB, B0F8V81XY3, B0DK1PS4WX, B0DMF6NHKJ, B0FGJFGJNV, B0CNVBJWL1, B0DT19S9DD, B0DZMT2KPY, B0CNT8G87T, B0FHQC9LBD, B0DZMXK5DV, B0CYC4CLQQ, B0FVF5NH4M, B0D22KH5D4, B0DJSBKS1V, B0G2PM7SHH, B0DKT695C8, B0DMF6WV4C, B0G2PJTQP1, B0G2PP5N6Q, B0FVF2W6MN, B0D78X9FKL, B0D795LNV5, B0DKT57ZLS, B0DK1MYRVN, B0DMN56SHL, B0FH43Y199, B0D22LZY3V, B0DKT66TYC, B0G2PZDMTQ, B0DMF7G31Z, B0FHQBPS7W, B0G2PVG6HS, B0DT197X83, B0GCM7PMHJ, B0GCM8283H, B0DK1P1115, B0DMFC5F4Z, B0FVDSRNGR, B0DMFBGY9J, B0FN7QSFZF, B0DKT7KV6H, B0DT19H3K6, B0DMND78BX, B0FVDPL2F6, B0G2PXQSD4, B0DMN31T99, B0FGJCXKQS, B0DZG8N74J, B0D2L3CC7Q, B0GCMHMWZZ, B0DKT6XPJ2, B0G2Q79PNV, B0FGJCY87X, B0DMF6XR7F, B0DZFL4BJ4, B0CYC2R63B, B0G2PLRGG4, B0FN7QFCQ1, B0CYBMK8RR, B0DT15RM7D, B0FHQFT15G, B0CP1RBF44, B0DMN5NPYT, B0DK1L4GCD, B0DMFB3LMK, B0DMF6QQ18, B0CYC498B2, B0FVDQ8WKK, B0DK1PGT6R, B0F8QQ613C, B0DK1NDWTS, B0FGJFF8K5, B0FGJFF8K3, B0F18WWV8R, B0F8VPNRVQ, B0DK1PG3ND, B0FH42Z7BW, B0FH4252P6, B0D2L1VRWB, B0G2PN49DQ, B0G2PZR51W, B0DMN8CSD3, B0G2PP8XFC, B0DMFBJN5F, B0DMN3T6K3, B0G2PHXNSG, B0DMFCFGHP, B0FVF2N9QF, B0FVDT6TXK, B0DKT6S6TH, B0CP1S538Q, B0G2PM9T87, B0DKT5CYLT, B0F8QP292B, B0DMF42VTQ, B0FN7RG947, B0DT15GYQT, B0G2Q1HBFL, B0CNV7SCJD, B0G2PWPX8V, B0G2PRDMDS, B0DKT7JQTC, B0GCLLNGVN, B0G2PJ9VCZ, B0DMN4L5SR, B0D791LCFC, B0DMF96BC6, B0CNT9KFX9, B0DKT5GFB2, B0G2NVMFYW, B0GCMJQDK5, B0DKT682SF, B0DMN44P7S, B0CYC3MWJH, B0CNT938BP, B0FGJCWYRS, B0DMF899P1, B0G2Q4Q5TJ, B0G2PPCMRJ, B0CYC65DGH, B0D2L3V73F, B0DMN5G7RB, B0DMN4K277, B0G2P831ND, B0G2Q4T1R9, B0D2L2DC5D, B0DT1939JR, B0FGJ78NXZ, B0G2QDMWZK, B0CYC2HL14, B0DT1CYWXC, B0F8TYLWNB, B0DZGCXKQR, B0CYBMMZH6, B0FVDC7PNN, B0DKT61V62, B0GCLBQX11, B0D1K5JZGK, B0FVD6KBYZ, B0G2PJY4R6, B0DMN5FGCK, B0FGJCD7YV]",amzn1.campaign.GTKRAD7HUQLT,"Bestsellers | 10% Off – Waist Chains, Backpacks, Clear Bags  All You Want！！！",NEOREAL,2026-07-21,2026-11-08,10.00%,5000.0,5000.0,17,800,false
"[B0CNVBM6QB, B0GCLLRYD1, B0G2PPKT2L, B0D22MWLW2, B0DZMVH9N3, B0CP1R3M24, B0FGJJ3L7T, B0G2PGCWZ3, B0D22MV53G, B0DKT6DY2D, B0CNT8Z1BS, B0F8QPTXXK, B0DK1L55QC, B0G2PFM3YB, B0GCLC1VY2, B0DMF8DHJK, B0GCMPWZ9C, B0DMF7MDL4, B0DMN322CM, B0D1K25WDM, B0D1K7CLLT, B0D1K7DTRB, B0F8V81XY3, B0DK1PS4WX, B0DMF6NHKJ, B0FGJFGJNV, B0CNVBJWL1, B0DT19S9DD, B0DZMT2KPY, B0CNT8G87T, B0FHQC9LBD, B0DZMXK5DV, B0CYC4CLQQ, B0FVF5NH4M, B0D22KH5D4, B0DJSBKS1V, B0G2PM7SHH, B0DKT695C8, B0DMF6WV4C, B0G2PJTQP1, B0G2PP5N6Q, B0FVF2W6MN, B0D78X9FKL, B0D795LNV5, B0DKT57ZLS, B0DK1MYRVN, B0DMN56SHL, B0FH43Y199, B0D22LZY3V, B0DKT66TYC, B0G2PZDMTQ, B0DMF7G31Z, B0FHQBPS7W, B0G2PVG6HS, B0DT197X83, B0GCM7PMHJ, B0GCM8283H, B0DK1P1115, B0DMFC5F4Z, B0FVDSRNGR, B0DMFBGY9J, B0FN7QSFZF, B0DKT7KV6H, B0DT19H3K6, B0DMND78BX, B0FVDPL2F6, B0G2PXQSD4, B0DMN31T99, B0FGJCXKQS, B0DZG8N74J, B0D2L3CC7Q, B0GCMHMWZZ, B0DKT6XPJ2, B0G2Q79PNV, B0FGJCY87X, B0DMF6XR7F, B0DZFL4BJ4, B0CYC2R63B, B0G2PLRGG4, B0FN7QFCQ1, B0CYBMK8RR, B0DT15RM7D, B0FHQFT15G, B0CP1RBF44, B0DMN5NPYT, B0DK1L4GCD, B0DMFB3LMK, B0DMF6QQ18, B0CYC498B2, B0FVDQ8WKK, B0DK1PGT6R, B0F8QQ613C, B0DK1NDWTS, B0FGJFF8K5, B0FGJFF8K3, B0F18WWV8R, B0F8VPNRVQ, B0DK1PG3ND, B0FH42Z7BW, B0FH4252P6, B0D2L1VRWB, B0G2PN49DQ, B0G2PZR51W, B0DMN8CSD3, B0G2PP8XFC, B0DMFBJN5F, B0DMN3T6K3, B0G2PHXNSG, B0DMFCFGHP, B0FVF2N9QF, B0FVDT6TXK, B0DKT6S6TH, B0CP1S538Q, B0G2PM9T87, B0DKT5CYLT, B0F8QP292B, B0DMF42VTQ, B0FN7RG947, B0DT15GYQT, B0G2Q1HBFL, B0CNV7SCJD, B0G2PWPX8V, B0G2PRDMDS, B0DKT7JQTC, B0GCLLNGVN, B0G2PJ9VCZ, B0DMN4L5SR, B0D791LCFC, B0DMF96BC6, B0CNT9KFX9, B0DKT5GFB2, B0G2NVMFYW, B0GCMJQDK5, B0DKT682SF, B0DMN44P7S, B0CYC3MWJH, B0CNT938BP, B0FGJCWYRS, B0DMF899P1, B0G2Q4Q5TJ, B0G2PPCMRJ, B0CYC65DGH, B0D2L3V73F, B0DMN5G7RB, B0DMN4K277, B0G2P831ND, B0G2Q4T1R9, B0D2L2DC5D, B0DT1939JR, B0FGJ78NXZ, B0G2QDMWZK, B0CYC2HL14, B0DT1CYWXC, B0F8TYLWNB, B0DZGCXKQR, B0CYBMMZH6, B0FVDC7PNN, B0DKT61V62, B0GCLBQX11, B0D1K5JZGK, B0FVD6KBYZ, B0G2PJY4R6, B0DMN5FGCK, B0FGJCD7YV]",amzn1.campaign.2VW31YS7E8IVK,"Bestsellers | 10% Off – Waist Chains, Backpacks, Clear Bags  All You Want！！！",NEOREAL,2026-07-21,2026-11-07,10.00%,5000.0,5000.0,14,800,false
"[B0CNVBM6QB, B0GCLLRYD1, B0G2PPKT2L, B0D22MWLW2, B0DZMVH9N3, B0CP1R3M24, B0FGJJ3L7T, B0G2PGCWZ3, B0D22MV53G, B0DKT6DY2D, B0CNT8Z1BS, B0F8QPTXXK, B0DK1L55QC, B0G2PFM3YB, B0GCLC1VY2, B0DMF8DHJK, B0GCMPWZ9C, B0DMF7MDL4, B0DMN322CM, B0D1K25WDM, B0D1K7CLLT, B0D1K7DTRB, B0F8V81XY3, B0DK1PS4WX, B0DMF6NHKJ, B0FGJFGJNV, B0CNVBJWL1, B0DT19S9DD, B0DZMT2KPY, B0CNT8G87T, B0FHQC9LBD, B0DZMXK5DV, B0CYC4CLQQ, B0FVF5NH4M, B0D22KH5D4, B0DJSBKS1V, B0G2PM7SHH, B0DKT695C8, B0DMF6WV4C, B0G2PJTQP1, B0G2PP5N6Q, B0FVF2W6MN, B0D78X9FKL, B0D795LNV5, B0DKT57ZLS, B0DK1MYRVN, B0DMN56SHL, B0FH43Y199, B0D22LZY3V, B0DKT66TYC, B0G2PZDMTQ, B0DMF7G31Z, B0FHQBPS7W, B0G2PVG6HS, B0DT197X83, B0GCM7PMHJ, B0GCM8283H, B0DK1P1115, B0DMFC5F4Z, B0FVDSRNGR, B0DMFBGY9J, B0FN7QSFZF, B0DKT7KV6H, B0DT19H3K6, B0DMND78BX, B0FVDPL2F6, B0G2PXQSD4, B0DMN31T99, B0FGJCXKQS, B0DZG8N74J, B0D2L3CC7Q, B0GCMHMWZZ, B0DKT6XPJ2, B0G2Q79PNV, B0FGJCY87X, B0DMF6XR7F, B0DZFL4BJ4, B0CYC2R63B, B0G2PLRGG4, B0FN7QFCQ1, B0CYBMK8RR, B0DT15RM7D, B0FHQFT15G, B0CP1RBF44, B0DMN5NPYT, B0DK1L4GCD, B0DMFB3LMK, B0DMF6QQ18, B0CYC498B2, B0FVDQ8WKK, B0DK1PGT6R, B0F8QQ613C, B0DK1NDWTS, B0FGJFF8K5, B0FGJFF8K3, B0F18WWV8R, B0F8VPNRVQ, B0DK1PG3ND, B0FH42Z7BW, B0FH4252P6, B0D2L1VRWB, B0G2PN49DQ, B0G2PZR51W, B0DMN8CSD3, B0G2PP8XFC, B0DMFBJN5F, B0DMN3T6K3, B0G2PHXNSG, B0DMFCFGHP, B0FVF2N9QF, B0FVDT6TXK, B0DKT6S6TH, B0CP1S538Q, B0G2PM9T87, B0DKT5CYLT, B0F8QP292B, B0DMF42VTQ, B0FN7RG947, B0DT15GYQT, B0G2Q1HBFL, B0CNV7SCJD, B0G2PWPX8V, B0G2PRDMDS, B0DKT7JQTC, B0GCLLNGVN, B0G2PJ9VCZ, B0DMN4L5SR, B0D791LCFC, B0DMF96BC6, B0CNT9KFX9, B0DKT5GFB2, B0G2NVMFYW, B0GCMJQDK5, B0DKT682SF, B0DMN44P7S, B0CYC3MWJH, B0CNT938BP, B0FGJCWYRS, B0DMF899P1, B0G2Q4Q5TJ, B0G2PPCMRJ, B0CYC65DGH, B0D2L3V73F, B0DMN5G7RB, B0DMN4K277, B0G2P831ND, B0G2Q4T1R9, B0D2L2DC5D, B0DT1939JR, B0FGJ78NXZ, B0G2QDMWZK, B0CYC2HL14, B0DT1CYWXC, B0F8TYLWNB, B0DZGCXKQR, B0CYBMMZH6, B0FVDC7PNN, B0DKT61V62, B0GCLBQX11, B0D1K5JZGK, B0FVD6KBYZ, B0G2PJY4R6, B0DMN5FGCK, B0FGJCD7YV]",amzn1.campaign.2QWN77C1TPJ5S,"Bestsellers | 10% Off – Waist Chains, Backpacks, Clear Bags  All You Want！！！",NEOREAL,2026-07-21,2026-11-06,10.00%,5000.0,5000.0,14,800,false
"[B0CNVBM6QB, B0GCLLRYD1, B0G2PPKT2L, B0D22MWLW2, B0DZMVH9N3, B0CP1R3M24, B0FGJJ3L7T, B0G2PGCWZ3, B0D22MV53G, B0DKT6DY2D, B0CNT8Z1BS, B0F8QPTXXK, B0DK1L55QC, B0G2PFM3YB, B0GCLC1VY2, B0DMF8DHJK, B0GCMPWZ9C, B0DMF7MDL4, B0DMN322CM, B0D1K25WDM, B0D1K7CLLT, B0D1K7DTRB, B0F8V81XY3, B0DK1PS4WX, B0DMF6NHKJ, B0FGJFGJNV, B0CNVBJWL1, B0DT19S9DD, B0DZMT2KPY, B0CNT8G87T, B0FHQC9LBD, B0DZMXK5DV, B0CYC4CLQQ, B0FVF5NH4M, B0D22KH5D4, B0DJSBKS1V, B0G2PM7SHH, B0DKT695C8, B0DMF6WV4C, B0G2PJTQP1, B0G2PP5N6Q, B0FVF2W6MN, B0D78X9FKL, B0D795LNV5, B0DKT57ZLS, B0DK1MYRVN, B0DMN56SHL, B0FH43Y199, B0D22LZY3V, B0DKT66TYC, B0G2PZDMTQ, B0DMF7G31Z, B0FHQBPS7W, B0G2PVG6HS, B0DT197X83, B0GCM7PMHJ, B0GCM8283H, B0DK1P1115, B0DMFC5F4Z, B0FVDSRNGR, B0DMFBGY9J, B0FN7QSFZF, B0DKT7KV6H, B0DT19H3K6, B0DMND78BX, B0FVDPL2F6, B0G2PXQSD4, B0DMN31T99, B0FGJCXKQS, B0DZG8N74J, B0D2L3CC7Q, B0GCMHMWZZ, B0DKT6XPJ2, B0G2Q79PNV, B0FGJCY87X, B0DMF6XR7F, B0DZFL4BJ4, B0CYC2R63B, B0G2PLRGG4, B0FN7QFCQ1, B0CYBMK8RR, B0DT15RM7D, B0FHQFT15G, B0CP1RBF44, B0DMN5NPYT, B0DK1L4GCD, B0DMFB3LMK, B0DMF6QQ18, B0CYC498B2, B0FVDQ8WKK, B0DK1PGT6R, B0F8QQ613C, B0DK1NDWTS, B0FGJFF8K5, B0FGJFF8K3, B0F18WWV8R, B0F8VPNRVQ, B0DK1PG3ND, B0FH42Z7BW, B0FH4252P6, B0D2L1VRWB, B0G2PN49DQ, B0G2PZR51W, B0DMN8CSD3, B0G2PP8XFC, B0DMFBJN5F, B0DMN3T6K3, B0G2PHXNSG, B0DMFCFGHP, B0FVF2N9QF, B0FVDT6TXK, B0DKT6S6TH, B0CP1S538Q, B0G2PM9T87, B0DKT5CYLT, B0F8QP292B, B0DMF42VTQ, B0FN7RG947, B0DT15GYQT, B0G2Q1HBFL, B0CNV7SCJD, B0G2PWPX8V, B0G2PRDMDS, B0DKT7JQTC, B0GCLLNGVN, B0G2PJ9VCZ, B0DMN4L5SR, B0D791LCFC, B0DMF96BC6, B0CNT9KFX9, B0DKT5GFB2, B0G2NVMFYW, B0GCMJQDK5, B0DKT682SF, B0DMN44P7S, B0CYC3MWJH, B0CNT938BP, B0FGJCWYRS, B0DMF899P1, B0G2Q4Q5TJ, B0G2PPCMRJ, B0CYC65DGH, B0D2L3V73F, B0DMN5G7RB, B0DMN4K277, B0G2P831ND, B0G2Q4T1R9, B0D2L2DC5D, B0DT1939JR, B0FGJ78NXZ, B0G2QDMWZK, B0CYC2HL14, B0DT1CYWXC, B0F8TYLWNB, B0DZGCXKQR, B0CYBMMZH6, B0FVDC7PNN, B0DKT61V62, B0GCLBQX11, B0D1K5JZGK, B0FVD6KBYZ, B0G2PJY4R6, B0DMN5FGCK, B0FGJCD7YV]",amzn1.campaign.368LFMXENGZTV,"Bestsellers | 10% Off – Waist Chains, Backpacks, Clear Bags  All You Want！！！",NEOREAL,2026-07-21,2026-11-05,10.00%,5000.0,5000.0,15,800,false
"[B0CNVBM6QB, B0GCLLRYD1, B0G2PPKT2L, B0D22MWLW2, B0DZMVH9N3, B0CP1R3M24, B0FGJJ3L7T, B0G2PGCWZ3, B0D22MV53G, B0DKT6DY2D, B0CNT8Z1BS, B0F8QPTXXK, B0DK1L55QC, B0G2PFM3YB, B0GCLC1VY2, B0DMF8DHJK, B0GCMPWZ9C, B0DMF7MDL4, B0DMN322CM, B0D1K25WDM, B0D1K7CLLT, B0D1K7DTRB, B0F8V81XY3, B0DK1PS4WX, B0DMF6NHKJ, B0FGJFGJNV, B0CNVBJWL1, B0DT19S9DD, B0DZMT2KPY, B0CNT8G87T, B0FHQC9LBD, B0DZMXK5DV, B0CYC4CLQQ, B0FVF5NH4M, B0D22KH5D4, B0DJSBKS1V, B0G2PM7SHH, B0DKT695C8, B0DMF6WV4C, B0G2PJTQP1, B0G2PP5N6Q, B0FVF2W6MN, B0D78X9FKL, B0D795LNV5, B0DKT57ZLS, B0DK1MYRVN, B0DMN56SHL, B0FH43Y199, B0D22LZY3V, B0DKT66TYC, B0G2PZDMTQ, B0DMF7G31Z, B0FHQBPS7W, B0G2PVG6HS, B0DT197X83, B0GCM7PMHJ, B0GCM8283H, B0DK1P1115, B0DMFC5F4Z, B0FVDSRNGR, B0DMFBGY9J, B0FN7QSFZF, B0DKT7KV6H, B0DT19H3K6, B0DMND78BX, B0FVDPL2F6, B0G2PXQSD4, B0DMN31T99, B0FGJCXKQS, B0DZG8N74J, B0D2L3CC7Q, B0GCMHMWZZ, B0DKT6XPJ2, B0G2Q79PNV, B0FGJCY87X, B0DMF6XR7F, B0DZFL4BJ4, B0CYC2R63B, B0G2PLRGG4, B0FN7QFCQ1, B0CYBMK8RR, B0DT15RM7D, B0FHQFT15G, B0CP1RBF44, B0DMN5NPYT, B0DK1L4GCD, B0DMFB3LMK, B0DMF6QQ18, B0CYC498B2, B0FVDQ8WKK, B0DK1PGT6R, B0F8QQ613C, B0DK1NDWTS, B0FGJFF8K5, B0FGJFF8K3, B0F18WWV8R, B0F8VPNRVQ, B0DK1PG3ND, B0FH42Z7BW, B0FH4252P6, B0D2L1VRWB, B0G2PN49DQ, B0G2PZR51W, B0DMN8CSD3, B0G2PP8XFC, B0DMFBJN5F, B0DMN3T6K3, B0G2PHXNSG, B0DMFCFGHP, B0FVF2N9QF, B0FVDT6TXK, B0DKT6S6TH, B0CP1S538Q, B0G2PM9T87, B0DKT5CYLT, B0F8QP292B, B0DMF42VTQ, B0FN7RG947, B0DT15GYQT, B0G2Q1HBFL, B0CNV7SCJD, B0G2PWPX8V, B0G2PRDMDS, B0DKT7JQTC, B0GCLLNGVN, B0G2PJ9VCZ, B0DMN4L5SR, B0D791LCFC, B0DMF96BC6, B0CNT9KFX9, B0DKT5GFB2, B0G2NVMFYW, B0GCMJQDK5, B0DKT682SF, B0DMN44P7S, B0CYC3MWJH, B0CNT938BP, B0FGJCWYRS, B0DMF899P1, B0G2Q4Q5TJ, B0G2PPCMRJ, B0CYC65DGH, B0D2L3V73F, B0DMN5G7RB, B0DMN4K277, B0G2P831ND, B0G2Q4T1R9, B0D2L2DC5D, B0DT1939JR, B0FGJ78NXZ, B0G2QDMWZK, B0CYC2HL14, B0DT1CYWXC, B0F8TYLWNB, B0DZGCXKQR, B0CYBMMZH6, B0FVDC7PNN, B0DKT61V62, B0GCLBQX11, B0D1K5JZGK, B0FVD6KBYZ, B0G2PJY4R6, B0DMN5FGCK, B0FGJCD7YV]",amzn1.campaign.23C0ZF06B86IN,"Bestsellers | 10% Off – Waist Chains, Backpacks, Clear Bags  All You Want！！！",NEOREAL,2026-07-21,2026-11-04,10.00%,5000.0,5000.0,13,800,false
"[B0CNVBM6QB, B0GCLLRYD1, B0G2PPKT2L, B0D22MWLW2, B0DZMVH9N3, B0CP1R3M24, B0FGJJ3L7T, B0G2PGCWZ3, B0D22MV53G, B0DKT6DY2D, B0CNT8Z1BS, B0F8QPTXXK, B0DK1L55QC, B0G2PFM3YB, B0GCLC1VY2, B0DMF8DHJK, B0GCMPWZ9C, B0DMF7MDL4, B0DMN322CM, B0D1K25WDM, B0D1K7CLLT, B0D1K7DTRB, B0F8V81XY3, B0DK1PS4WX, B0DMF6NHKJ, B0FGJFGJNV, B0CNVBJWL1, B0DT19S9DD, B0DZMT2KPY, B0CNT8G87T, B0FHQC9LBD, B0DZMXK5DV, B0CYC4CLQQ, B0FVF5NH4M, B0D22KH5D4, B0DJSBKS1V, B0G2PM7SHH, B0DKT695C8, B0DMF6WV4C, B0G2PJTQP1, B0G2PP5N6Q, B0FVF2W6MN, B0D78X9FKL, B0D795LNV5, B0DKT57ZLS, B0DK1MYRVN, B0DMN56SHL, B0FH43Y199, B0D22LZY3V, B0DKT66TYC, B0G2PZDMTQ, B0DMF7G31Z, B0FHQBPS7W, B0G2PVG6HS, B0DT197X83, B0GCM7PMHJ, B0GCM8283H, B0DK1P1115, B0DMFC5F4Z, B0FVDSRNGR, B0DMFBGY9J, B0FN7QSFZF, B0DKT7KV6H, B0DT19H3K6, B0DMND78BX, B0FVDPL2F6, B0G2PXQSD4, B0DMN31T99, B0FGJCXKQS, B0DZG8N74J, B0D2L3CC7Q, B0GCMHMWZZ, B0DKT6XPJ2, B0G2Q79PNV, B0FGJCY87X, B0DMF6XR7F, B0DZFL4BJ4, B0CYC2R63B, B0G2PLRGG4, B0FN7QFCQ1, B0CYBMK8RR, B0DT15RM7D, B0FHQFT15G, B0CP1RBF44, B0DMN5NPYT, B0DK1L4GCD, B0DMFB3LMK, B0DMF6QQ18, B0CYC498B2, B0FVDQ8WKK, B0DK1PGT6R, B0F8QQ613C, B0DK1NDWTS, B0FGJFF8K5, B0FGJFF8K3, B0F18WWV8R, B0F8VPNRVQ, B0DK1PG3ND, B0FH42Z7BW, B0FH4252P6, B0D2L1VRWB, B0G2PN49DQ, B0G2PZR51W, B0DMN8CSD3, B0G2PP8XFC, B0DMFBJN5F, B0DMN3T6K3, B0G2PHXNSG, B0DMFCFGHP, B0FVF2N9QF, B0FVDT6TXK, B0DKT6S6TH, B0CP1S538Q, B0G2PM9T87, B0DKT5CYLT, B0F8QP292B, B0DMF42VTQ, B0FN7RG947, B0DT15GYQT, B0G2Q1HBFL, B0CNV7SCJD, B0G2PWPX8V, B0G2PRDMDS, B0DKT7JQTC, B0GCLLNGVN, B0G2PJ9VCZ, B0DMN4L5SR, B0D791LCFC, B0DMF96BC6, B0CNT9KFX9, B0DKT5GFB2, B0G2NVMFYW, B0GCMJQDK5, B0DKT682SF, B0DMN44P7S, B0CYC3MWJH, B0CNT938BP, B0FGJCWYRS, B0DMF899P1, B0G2Q4Q5TJ, B0G2PPCMRJ, B0CYC65DGH, B0D2L3V73F, B0DMN5G7RB, B0DMN4K277, B0G2P831ND, B0G2Q4T1R9, B0D2L2DC5D, B0DT1939JR, B0FGJ78NXZ, B0G2QDMWZK, B0CYC2HL14, B0DT1CYWXC, B0F8TYLWNB, B0DZGCXKQR, B0CYBMMZH6, B0FVDC7PNN, B0DKT61V62, B0GCLBQX11, B0D1K5JZGK, B0FVD6KBYZ, B0G2PJY4R6, B0DMN5FGCK, B0FGJCD7YV]",amzn1.campaign.30K2CM2OBWCFY,"Bestsellers | 10% Off – Waist Chains, Backpacks, Clear Bags  All You Want！！！",NEOREAL,2026-07-21,2026-11-03,10.00%,5000.0,5000.0,13,800,false
"[B0CNVBM6QB, B0GCLLRYD1, B0G2PPKT2L, B0D22MWLW2, B0DZMVH9N3, B0CP1R3M24, B0FGJJ3L7T, B0G2PGCWZ3, B0D22MV53G, B0DKT6DY2D, B0CNT8Z1BS, B0F8QPTXXK, B0DK1L55QC, B0G2PFM3YB, B0GCLC1VY2, B0DMF8DHJK, B0GCMPWZ9C, B0DMF7MDL4, B0DMN322CM, B0D1K25WDM, B0D1K7CLLT, B0D1K7DTRB, B0F8V81XY3, B0DK1PS4WX, B0DMF6NHKJ, B0FGJFGJNV, B0CNVBJWL1, B0DT19S9DD, B0DZMT2KPY, B0CNT8G87T, B0FHQC9LBD, B0DZMXK5DV, B0CYC4CLQQ, B0FVF5NH4M, B0D22KH5D4, B0DJSBKS1V, B0G2PM7SHH, B0DKT695C8, B0DMF6WV4C, B0G2PJTQP1, B0G2PP5N6Q, B0FVF2W6MN, B0D78X9FKL, B0D795LNV5, B0DKT57ZLS, B0DK1MYRVN, B0DMN56SHL, B0FH43Y199, B0D22LZY3V, B0DKT66TYC, B0G2PZDMTQ, B0DMF7G31Z, B0FHQBPS7W, B0G2PVG6HS, B0DT197X83, B0GCM7PMHJ, B0GCM8283H, B0DK1P1115, B0DMFC5F4Z, B0FVDSRNGR, B0DMFBGY9J, B0FN7QSFZF, B0DKT7KV6H, B0DT19H3K6, B0DMND78BX, B0FVDPL2F6, B0G2PXQSD4, B0DMN31T99, B0FGJCXKQS, B0DZG8N74J, B0D2L3CC7Q, B0GCMHMWZZ, B0DKT6XPJ2, B0G2Q79PNV, B0FGJCY87X, B0DMF6XR7F, B0DZFL4BJ4, B0CYC2R63B, B0G2PLRGG4, B0FN7QFCQ1, B0CYBMK8RR, B0DT15RM7D, B0FHQFT15G, B0CP1RBF44, B0DMN5NPYT, B0DK1L4GCD, B0DMFB3LMK, B0DMF6QQ18, B0CYC498B2, B0FVDQ8WKK, B0DK1PGT6R, B0F8QQ613C, B0DK1NDWTS, B0FGJFF8K5, B0FGJFF8K3, B0F18WWV8R, B0F8VPNRVQ, B0DK1PG3ND, B0FH42Z7BW, B0FH4252P6, B0D2L1VRWB, B0G2PN49DQ, B0G2PZR51W, B0DMN8CSD3, B0G2PP8XFC, B0DMFBJN5F, B0DMN3T6K3, B0G2PHXNSG, B0DMFCFGHP, B0FVF2N9QF, B0FVDT6TXK, B0DKT6S6TH, B0CP1S538Q, B0G2PM9T87, B0DKT5CYLT, B0F8QP292B, B0DMF42VTQ, B0FN7RG947, B0DT15GYQT, B0G2Q1HBFL, B0CNV7SCJD, B0G2PWPX8V, B0G2PRDMDS, B0DKT7JQTC, B0GCLLNGVN, B0G2PJ9VCZ, B0DMN4L5SR, B0D791LCFC, B0DMF96BC6, B0CNT9KFX9, B0DKT5GFB2, B0G2NVMFYW, B0GCMJQDK5, B0DKT682SF, B0DMN44P7S, B0CYC3MWJH, B0CNT938BP, B0FGJCWYRS, B0DMF899P1, B0G2Q4Q5TJ, B0G2PPCMRJ, B0CYC65DGH, B0D2L3V73F, B0DMN5G7RB, B0DMN4K277, B0G2P831ND, B0G2Q4T1R9, B0D2L2DC5D, B0DT1939JR, B0FGJ78NXZ, B0G2QDMWZK, B0CYC2HL14, B0DT1CYWXC, B0F8TYLWNB, B0DZGCXKQR, B0CYBMMZH6, B0FVDC7PNN, B0DKT61V62, B0GCLBQX11, B0D1K5JZGK, B0FVD6KBYZ, B0G2PJY4R6, B0DMN5FGCK, B0FGJCD7YV]",amzn1.campaign.H2HB80DFLX4H,"Bestsellers | 10% Off – Waist Chains, Backpacks, Clear Bags  All You Want！！！",NEOREAL,2026-07-21,2026-11-02,10.00%,5000.0,5000.0,18,800,false
"[B0CNVBM6QB, B0GCLLRYD1, B0G2PPKT2L, B0D22MWLW2, B0DZMVH9N3, B0CP1R3M24, B0FGJJ3L7T, B0G2PGCWZ3, B0D22MV53G, B0DKT6DY2D, B0CNT8Z1BS, B0F8QPTXXK, B0DK1L55QC, B0G2PFM3YB, B0GCLC1VY2, B0DMF8DHJK, B0GCMPWZ9C, B0DMF7MDL4, B0DMN322CM, B0D1K25WDM, B0D1K7CLLT, B0D1K7DTRB, B0F8V81XY3, B0DK1PS4WX, B0DMF6NHKJ, B0FGJFGJNV, B0CNVBJWL1, B0DT19S9DD, B0DZMT2KPY, B0CNT8G87T, B0FHQC9LBD, B0DZMXK5DV, B0CYC4CLQQ, B0FVF5NH4M, B0D22KH5D4, B0DJSBKS1V, B0G2PM7SHH, B0DKT695C8, B0DMF6WV4C, B0G2PJTQP1, B0G2PP5N6Q, B0FVF2W6MN, B0D78X9FKL, B0D795LNV5, B0DKT57ZLS, B0DK1MYRVN, B0DMN56SHL, B0FH43Y199, B0D22LZY3V, B0DKT66TYC, B0G2PZDMTQ, B0DMF7G31Z, B0FHQBPS7W, B0G2PVG6HS, B0DT197X83, B0GCM7PMHJ, B0GCM8283H, B0DK1P1115, B0DMFC5F4Z, B0FVDSRNGR, B0DMFBGY9J, B0FN7QSFZF, B0DKT7KV6H, B0DT19H3K6, B0DMND78BX, B0FVDPL2F6, B0G2PXQSD4, B0DMN31T99, B0FGJCXKQS, B0DZG8N74J, B0D2L3CC7Q, B0GCMHMWZZ, B0DKT6XPJ2, B0G2Q79PNV, B0FGJCY87X, B0DMF6XR7F, B0DZFL4BJ4, B0CYC2R63B, B0G2PLRGG4, B0FN7QFCQ1, B0CYBMK8RR, B0DT15RM7D, B0FHQFT15G, B0CP1RBF44, B0DMN5NPYT, B0DK1L4GCD, B0DMFB3LMK, B0DMF6QQ18, B0CYC498B2, B0FVDQ8WKK, B0DK1PGT6R, B0F8QQ613C, B0DK1NDWTS, B0FGJFF8K5, B0FGJFF8K3, B0F18WWV8R, B0F8VPNRVQ, B0DK1PG3ND, B0FH42Z7BW, B0FH4252P6, B0D2L1VRWB, B0G2PN49DQ, B0G2PZR51W, B0DMN8CSD3, B0G2PP8XFC, B0DMFBJN5F, B0DMN3T6K3, B0G2PHXNSG, B0DMFCFGHP, B0FVF2N9QF, B0FVDT6TXK, B0DKT6S6TH, B0CP1S538Q, B0G2PM9T87, B0DKT5CYLT, B0F8QP292B, B0DMF42VTQ, B0FN7RG947, B0DT15GYQT, B0G2Q1HBFL, B0CNV7SCJD, B0G2PWPX8V, B0G2PRDMDS, B0DKT7JQTC, B0GCLLNGVN, B0G2PJ9VCZ, B0DMN4L5SR, B0D791LCFC, B0DMF96BC6, B0CNT9KFX9, B0DKT5GFB2, B0G2NVMFYW, B0GCMJQDK5, B0DKT682SF, B0DMN44P7S, B0CYC3MWJH, B0CNT938BP, B0FGJCWYRS, B0DMF899P1, B0G2Q4Q5TJ, B0G2PPCMRJ, B0CYC65DGH, B0D2L3V73F, B0DMN5G7RB, B0DMN4K277, B0G2P831ND, B0G2Q4T1R9, B0D2L2DC5D, B0DT1939JR, B0FGJ78NXZ, B0G2QDMWZK, B0CYC2HL14, B0DT1CYWXC, B0F8TYLWNB, B0DZGCXKQR, B0CYBMMZH6, B0FVDC7PNN, B0DKT61V62, B0GCLBQX11, B0D1K5JZGK, B0FVD6KBYZ, B0G2PJY4R6, B0DMN5FGCK, B0FGJCD7YV]",amzn1.campaign.3TTIU1KL3JZ8X,"Bestsellers | 10% Off – Waist Chains, Backpacks, Clear Bags  All You Want！！！",NEOREAL,2026-07-21,2026-11-01,10.00%,5000.0,5000.0,15,800,false
"[B0D5CLZQ62, B0BZ168R67, B0BL6F8NZY, B0D88QWFHR, B0BZ17NZWT, B0BZ18443X]",amzn1.campaign.N26AZXHK6MYI,"Viral On Tiktok! Car Seat Footrest for Kids: Happy Kids, Happy Rides!",Swanoo,2026-07-21,2026-10-21,10.00%,100000.0,100000.0,0,800,false
"[B095GJNP12, B07XNRWX1L, B095GYPHC5, B07XNCXXX2, B07XN65Y4J, B0BG3YHT81, B0BG3YM4JB, B07XNQRL1Y, B095B7MF97, B07XNJFDRF, B0BG3Y7Z55, B095H7QLB9, B095GP5V6L, B0G16QBTDR, B095H8R287, B07XHWX68F, B09V7NBW8R, B07XN61F6Q, B07XHX1TTS, B09V775S5M, B09V74WPST]",amzn1.campaign.1U895X9A6ZODF,Table Decor Made Easy | Swanoo,Swanoo,2026-07-21,2026-10-21,10.00%,100000.0,99997.12,0,800,false
[B0F3X34SLZ],amzn1.campaign.2FPR6GYAUAHLS,Car AC Vent Extender - Swanoo,Swanoo,2026-07-21,2026-10-21,10.00%,100000.0,100000.0,0,800,false
[B0CCSVYYWK],amzn1.campaign.YF2I7K6GPVAE,Stroller Sun Shade Cover - Swanoo,Swanoo,2026-07-21,2026-10-21,10.00%,100000.0,100000.0,0,800,false
"[B0BJ1XLMHY, B07NV9H735, B0BJ1YL4ZL]",amzn1.campaign.2MWETBGMGHEZD,Viral On TikTok!  Premium Swanoo Stroller Caddy: Organize Like a Pro!,Swanoo,2026-07-21,2026-10-21,10.00%,100000.0,100000.0,0,800,false
"[B0C1G4985Z, B0F22HY8DC]",amzn1.campaign.2NSPIZTNGDLYJ,Viral on TikTok! Best-Selling Universal Stroller Snack Tray!,Swanoo,2026-07-21,2026-10-21,10.00%,100000.0,99994.6,0,800,false
[B0CYHZT463],amzn1.campaign.1YU41699E8GO8,Car Seat Cooling Pad - Swanoo,Swanoo,2026-07-21,2026-10-21,10.00%,100000.0,100000.0,0,800,false
"[B0H7MG29CY, B0H7YZ9TPT, B0GHGYFZHT, B0FP5HRYZ9, B0GHGDSNS9, B0FPFS56JP, B0H7YYYCKR, B0FPBMNXBP, B0H7RBLCHX, B0FNRY384M, B0H7XW1NJ8, B0H7N7B296, B0H7XNBHYZ, B0GHGFVXQD, B0H7N1QVW3, B0FPBPLRLR, B0H7CXD7TL, B0H7XSBFR8, B0GHGP33V2, B0FP5SWDQJ, B0H7NDFW8M, B0FPBKL9N9, B0GHGCNQQF, B0FP9MMZ9Y, B0H7NDXX92, B0FP6KD2C8, B0FP9QJNPK, B0H7PH6WD6, B0FP59BC4M, B0H7JCQG6D, B0H7R7S59M, B0H7CPK4H1, B0FP9D88HX, B0GHFK9NTG, B0H7DLDRNW, B0FNWYDKPV, B0FP5HM36R, B0H7X4QTJP, B0H7PV8SK5, B0FPBPB3C4, B0GHFS2JXV, B0FPBMLJCC, B0H7MLFZ6T, B0H6Y1TSVK, B0FP3M7BRB, B0H7WG7VTT, B0H7N1KXKP, B0GHGCY9H3, B0H7JVGSVB, B0H7RLQHNB, B0FPBK41WN, B0FP9T8VT6, B0H7XJ5WPP, B0FP9RCVT6, B0GHGDGTJ6, B0H7WT6TVC, B0H86N8D3N]",amzn1.campaign.2L3JFROLO2FW2,Maximize Your Earnings – Unlimited 12% Commission Opportunities!,YCWSPEMR,2026-07-22,2027-07-21,12.00%,10000.0,10000.0,0,800,false
"[B0H7MG29CY, B0H7YZ9TPT, B0GHGYFZHT, B0GHGDSNS9, B0FP9QJNPK, B0H7PH6WD6, B0H7YYYCKR, B0H7JCQG6D, B0H7R7S59M, B0H7CPK4H1, B0FP9D88HX, B0H7RBLCHX, B0H7DLDRNW, B0FNRY384M, B0H7XW1NJ8, B0H7N7B296, B0H7XNBHYZ, B0H7X4QTJP, B0GHGFVXQD, B0H7N1QVW3, B0FPBPLRLR, B0H7PV8SK5, B0FPBPB3C4, B0GHFS2JXV, B0H7CXD7TL, B0H7XSBFR8, B0H7MLFZ6T, B0H6Y1TSVK, B0GHGP33V2, B0H7WG7VTT, B0H7N1KXKP, B0FP5SWDQJ, B0GHGCY9H3, B0H7NDFW8M, B0H7JVGSVB, B0H7RLQHNB, B0FPBK41WN, B0H7XJ5WPP, B0GHGCNQQF, B0FP9MMZ9Y, B0GHGDGTJ6, B0H7WT6TVC, B0H7NDXX92, B0H86N8D3N]",amzn1.campaign.3P2E2HJZ2MZRR,"Earn 12% Commission,plus a 5% coupon – Launch Your Promotion & Profit Steadily!",YCWSPEMR,2026-07-21,2027-07-20,12.00%,10000.0,10000.0,0,800,false
"[B0H98QJWYW, B0H98FX6F8, B0F5BYLKRP, B0F5CGS7XB]",amzn1.campaign.36VRJ2KA66A6D,锆石耳环,ZENQAI,2026-07-21,2027-07-21,15.00%,5000.0,4997.0,0,800,false
"[B0H9FM4WQN, B0H9CQ1S95, B0H9FT8SW1, B0H9CTB5KJ, B0H9FN3HXK]",amzn1.campaign.2RXAOXFVPDBW1,半边花耳环,ZENQAI,2026-07-21,2027-07-21,15.00%,5000.0,5000.0,0,800,false
"[B0F5QCL6QF, B0F5HZVMR6, B0F5HY32BG, B0F5Q88QKB]",amzn1.campaign.1M7C5TG1HASZF,环型耳环,ZENQAI,2026-07-21,2027-07-21,15.00%,5000.0,5000.0,0,800,false
"[B0CNVBM6QB, B0GCLLRYD1, B0G2PPKT2L, B0D22MWLW2, B0DZMVH9N3, B0CP1R3M24, B0FGJJ3L7T, B0G2PGCWZ3, B0D22MV53G, B0DKT6DY2D, B0CNT8Z1BS, B0F8QPTXXK, B0DK1L55QC, B0G2PFM3YB, B0GCLC1VY2, B0DMF8DHJK, B0GCMPWZ9C, B0DMF7MDL4, B0DMN322CM, B0D1K25WDM, B0D1K7CLLT, B0D1K7DTRB, B0F8V81XY3, B0DK1PS4WX, B0DMF6NHKJ, B0FGJFGJNV, B0CNVBJWL1, B0DT19S9DD, B0DZMT2KPY, B0CNT8G87T, B0FHQC9LBD, B0DZMXK5DV, B0CYC4CLQQ, B0FVF5NH4M, B0D22KH5D4, B0DJSBKS1V, B0G2PM7SHH, B0DKT695C8, B0DMF6WV4C, B0G2PJTQP1, B0G2PP5N6Q, B0FVF2W6MN, B0D78X9FKL, B0D795LNV5, B0DKT57ZLS, B0DK1MYRVN, B0DMN56SHL, B0FH43Y199, B0D22LZY3V, B0DKT66TYC, B0G2PZDMTQ, B0DMF7G31Z, B0FHQBPS7W, B0G2PVG6HS, B0DT197X83, B0GCM7PMHJ, B0GCM8283H, B0DK1P1115, B0DMFC5F4Z, B0FVDSRNGR, B0DMFBGY9J, B0FN7QSFZF, B0DKT7KV6H, B0DT19H3K6, B0DMND78BX, B0FVDPL2F6, B0G2PXQSD4, B0DMN31T99, B0FGJCXKQS, B0DZG8N74J, B0D2L3CC7Q, B0GCMHMWZZ, B0DKT6XPJ2, B0G2Q79PNV, B0FGJCY87X, B0DMF6XR7F, B0DZFL4BJ4, B0CYC2R63B, B0G2PLRGG4, B0FN7QFCQ1, B0CYBMK8RR, B0DT15RM7D, B0FHQFT15G, B0CP1RBF44, B0DMN5NPYT, B0DK1L4GCD, B0DMFB3LMK, B0DMF6QQ18, B0CYC498B2, B0FVDQ8WKK, B0DK1PGT6R, B0F8QQ613C, B0DK1NDWTS, B0FGJFF8K5, B0FGJFF8K3, B0F18WWV8R, B0F8VPNRVQ, B0DK1PG3ND, B0FH42Z7BW, B0FH4252P6, B0D2L1VRWB, B0G2PN49DQ, B0G2PZR51W, B0DMN8CSD3, B0G2PP8XFC, B0DMFBJN5F, B0DMN3T6K3, B0G2PHXNSG, B0DMFCFGHP, B0FVF2N9QF, B0FVDT6TXK, B0DKT6S6TH, B0CP1S538Q, B0G2PM9T87, B0DKT5CYLT, B0F8QP292B, B0DMF42VTQ, B0FN7RG947, B0DT15GYQT, B0G2Q1HBFL, B0CNV7SCJD, B0G2PWPX8V, B0G2PRDMDS, B0DKT7JQTC, B0GCLLNGVN, B0G2PJ9VCZ, B0DMN4L5SR, B0D791LCFC, B0DMF96BC6, B0CNT9KFX9, B0DKT5GFB2, B0G2NVMFYW, B0GCMJQDK5, B0DKT682SF, B0DMN44P7S, B0CYC3MWJH, B0CNT938BP, B0FGJCWYRS, B0DMF899P1, B0G2Q4Q5TJ, B0G2PPCMRJ, B0CYC65DGH, B0D2L3V73F, B0DMN5G7RB, B0DMN4K277, B0G2P831ND, B0G2Q4T1R9, B0D2L2DC5D, B0DT1939JR, B0FGJ78NXZ, B0G2QDMWZK, B0CYC2HL14, B0DT1CYWXC, B0F8TYLWNB, B0DZGCXKQR, B0CYBMMZH6, B0FVDC7PNN, B0DKT61V62, B0GCLBQX11, B0D1K5JZGK, B0FVD6KBYZ, B0G2PJY4R6, B0DMN5FGCK, B0FGJCD7YV]",amzn1.campaign.3ST9ROZSIE4QB,"Bestsellers | 10% Off – Waist Chains, Backpacks, Clear Bags  All You Want！！！",NEOREAL,2026-07-21,2026-12-31,10.00%,5000.0,5000.0,16,800,false
"[B0CNVBM6QB, B0GCLLRYD1, B0G2PPKT2L, B0D22MWLW2, B0DZMVH9N3, B0CP1R3M24, B0FGJJ3L7T, B0G2PGCWZ3, B0D22MV53G, B0DKT6DY2D, B0CNT8Z1BS, B0F8QPTXXK, B0DK1L55QC, B0G2PFM3YB, B0GCLC1VY2, B0DMF8DHJK, B0GCMPWZ9C, B0DMF7MDL4, B0DMN322CM, B0D1K25WDM, B0D1K7CLLT, B0D1K7DTRB, B0F8V81XY3, B0DK1PS4WX, B0DMF6NHKJ, B0FGJFGJNV, B0CNVBJWL1, B0DT19S9DD, B0DZMT2KPY, B0CNT8G87T, B0FHQC9LBD, B0DZMXK5DV, B0CYC4CLQQ, B0FVF5NH4M, B0D22KH5D4, B0DJSBKS1V, B0G2PM7SHH, B0DKT695C8, B0DMF6WV4C, B0G2PJTQP1, B0G2PP5N6Q, B0FVF2W6MN, B0D78X9FKL, B0D795LNV5, B0DKT57ZLS, B0DK1MYRVN, B0DMN56SHL, B0FH43Y199, B0D22LZY3V, B0DKT66TYC, B0G2PZDMTQ, B0DMF7G31Z, B0FHQBPS7W, B0G2PVG6HS, B0DT197X83, B0GCM7PMHJ, B0GCM8283H, B0DK1P1115, B0DMFC5F4Z, B0FVDSRNGR, B0DMFBGY9J, B0FN7QSFZF, B0DKT7KV6H, B0DT19H3K6, B0DMND78BX, B0FVDPL2F6, B0G2PXQSD4, B0DMN31T99, B0FGJCXKQS, B0DZG8N74J, B0D2L3CC7Q, B0GCMHMWZZ, B0DKT6XPJ2, B0G2Q79PNV, B0FGJCY87X, B0DMF6XR7F, B0DZFL4BJ4, B0CYC2R63B, B0G2PLRGG4, B0FN7QFCQ1, B0CYBMK8RR, B0DT15RM7D, B0FHQFT15G, B0CP1RBF44, B0DMN5NPYT, B0DK1L4GCD, B0DMFB3LMK, B0DMF6QQ18, B0CYC498B2, B0FVDQ8WKK, B0DK1PGT6R, B0F8QQ613C, B0DK1NDWTS, B0FGJFF8K5, B0FGJFF8K3, B0F18WWV8R, B0F8VPNRVQ, B0DK1PG3ND, B0FH42Z7BW, B0FH4252P6, B0D2L1VRWB, B0G2PN49DQ, B0G2PZR51W, B0DMN8CSD3, B0G2PP8XFC, B0DMFBJN5F, B0DMN3T6K3, B0G2PHXNSG, B0DMFCFGHP, B0FVF2N9QF, B0FVDT6TXK, B0DKT6S6TH, B0CP1S538Q, B0G2PM9T87, B0DKT5CYLT, B0F8QP292B, B0DMF42VTQ, B0FN7RG947, B0DT15GYQT, B0G2Q1HBFL, B0CNV7SCJD, B0G2PWPX8V, B0G2PRDMDS, B0DKT7JQTC, B0GCLLNGVN, B0G2PJ9VCZ, B0DMN4L5SR, B0D791LCFC, B0DMF96BC6, B0CNT9KFX9, B0DKT5GFB2, B0G2NVMFYW, B0GCMJQDK5, B0DKT682SF, B0DMN44P7S, B0CYC3MWJH, B0CNT938BP, B0FGJCWYRS, B0DMF899P1, B0G2Q4Q5TJ, B0G2PPCMRJ, B0CYC65DGH, B0D2L3V73F, B0DMN5G7RB, B0DMN4K277, B0G2P831ND, B0G2Q4T1R9, B0D2L2DC5D, B0DT1939JR, B0FGJ78NXZ, B0G2QDMWZK, B0CYC2HL14, B0DT1CYWXC, B0F8TYLWNB, B0DZGCXKQR, B0CYBMMZH6, B0FVDC7PNN, B0DKT61V62, B0GCLBQX11, B0D1K5JZGK, B0FVD6KBYZ, B0G2PJY4R6, B0DMN5FGCK, B0FGJCD7YV]",amzn1.campaign.3786RXAPXWXGK,"Bestsellers | 10% Off – Waist Chains, Backpacks, Clear Bags  All You Want！！！",NEOREAL,2026-07-21,2026-12-30,10.00%,5000.0,5000.0,14,800,false
"[B0CNVBM6QB, B0GCLLRYD1, B0G2PPKT2L, B0D22MWLW2, B0DZMVH9N3, B0CP1R3M24, B0FGJJ3L7T, B0G2PGCWZ3, B0D22MV53G, B0DKT6DY2D, B0CNT8Z1BS, B0F8QPTXXK, B0DK1L55QC, B0G2PFM3YB, B0GCLC1VY2, B0DMF8DHJK, B0GCMPWZ9C, B0DMF7MDL4, B0DMN322CM, B0D1K25WDM, B0D1K7CLLT, B0D1K7DTRB, B0F8V81XY3, B0DK1PS4WX, B0DMF6NHKJ, B0FGJFGJNV, B0CNVBJWL1, B0DT19S9DD, B0DZMT2KPY, B0CNT8G87T, B0FHQC9LBD, B0DZMXK5DV, B0CYC4CLQQ, B0FVF5NH4M, B0D22KH5D4, B0DJSBKS1V, B0G2PM7SHH, B0DKT695C8, B0DMF6WV4C, B0G2PJTQP1, B0G2PP5N6Q, B0FVF2W6MN, B0D78X9FKL, B0D795LNV5, B0DKT57ZLS, B0DK1MYRVN, B0DMN56SHL, B0FH43Y199, B0D22LZY3V, B0DKT66TYC, B0G2PZDMTQ, B0DMF7G31Z, B0FHQBPS7W, B0G2PVG6HS, B0DT197X83, B0GCM7PMHJ, B0GCM8283H, B0DK1P1115, B0DMFC5F4Z, B0FVDSRNGR, B0DMFBGY9J, B0FN7QSFZF, B0DKT7KV6H, B0DT19H3K6, B0DMND78BX, B0FVDPL2F6, B0G2PXQSD4, B0DMN31T99, B0FGJCXKQS, B0DZG8N74J, B0D2L3CC7Q, B0GCMHMWZZ, B0DKT6XPJ2, B0G2Q79PNV, B0FGJCY87X, B0DMF6XR7F, B0DZFL4BJ4, B0CYC2R63B, B0G2PLRGG4, B0FN7QFCQ1, B0CYBMK8RR, B0DT15RM7D, B0FHQFT15G, B0CP1RBF44, B0DMN5NPYT, B0DK1L4GCD, B0DMFB3LMK, B0DMF6QQ18, B0CYC498B2, B0FVDQ8WKK, B0DK1PGT6R, B0F8QQ613C, B0DK1NDWTS, B0FGJFF8K5, B0FGJFF8K3, B0F18WWV8R, B0F8VPNRVQ, B0DK1PG3ND, B0FH42Z7BW, B0FH4252P6, B0D2L1VRWB, B0G2PN49DQ, B0G2PZR51W, B0DMN8CSD3, B0G2PP8XFC, B0DMFBJN5F, B0DMN3T6K3, B0G2PHXNSG, B0DMFCFGHP, B0FVF2N9QF, B0FVDT6TXK, B0DKT6S6TH, B0CP1S538Q, B0G2PM9T87, B0DKT5CYLT, B0F8QP292B, B0DMF42VTQ, B0FN7RG947, B0DT15GYQT, B0G2Q1HBFL, B0CNV7SCJD, B0G2PWPX8V, B0G2PRDMDS, B0DKT7JQTC, B0GCLLNGVN, B0G2PJ9VCZ, B0DMN4L5SR, B0D791LCFC, B0DMF96BC6, B0CNT9KFX9, B0DKT5GFB2, B0G2NVMFYW, B0GCMJQDK5, B0DKT682SF, B0DMN44P7S, B0CYC3MWJH, B0CNT938BP, B0FGJCWYRS, B0DMF899P1, B0G2Q4Q5TJ, B0G2PPCMRJ, B0CYC65DGH, B0D2L3V73F, B0DMN5G7RB, B0DMN4K277, B0G2P831ND, B0G2Q4T1R9, B0D2L2DC5D, B0DT1939JR, B0FGJ78NXZ, B0G2QDMWZK, B0CYC2HL14, B0DT1CYWXC, B0F8TYLWNB, B0DZGCXKQR, B0CYBMMZH6, B0FVDC7PNN, B0DKT61V62, B0GCLBQX11, B0D1K5JZGK, B0FVD6KBYZ, B0G2PJY4R6, B0DMN5FGCK, B0FGJCD7YV]",amzn1.campaign.2A383Z2IJAEC6,"Bestsellers | 10% Off – Waist Chains, Backpacks, Clear Bags  All You Want！！！",NEOREAL,2026-07-21,2026-12-29,10.00%,5000.0,5000.0,13,800,false
"[B0CNVBM6QB, B0GCLLRYD1, B0G2PPKT2L, B0D22MWLW2, B0DZMVH9N3, B0CP1R3M24, B0FGJJ3L7T, B0G2PGCWZ3, B0D22MV53G, B0DKT6DY2D, B0CNT8Z1BS, B0F8QPTXXK, B0DK1L55QC, B0G2PFM3YB, B0GCLC1VY2, B0DMF8DHJK, B0GCMPWZ9C, B0DMF7MDL4, B0DMN322CM, B0D1K25WDM, B0D1K7CLLT, B0D1K7DTRB, B0F8V81XY3, B0DK1PS4WX, B0DMF6NHKJ, B0FGJFGJNV, B0CNVBJWL1, B0DT19S9DD, B0DZMT2KPY, B0CNT8G87T, B0FHQC9LBD, B0DZMXK5DV, B0CYC4CLQQ, B0FVF5NH4M, B0D22KH5D4, B0DJSBKS1V, B0G2PM7SHH, B0DKT695C8, B0DMF6WV4C, B0G2PJTQP1, B0G2PP5N6Q, B0FVF2W6MN, B0D78X9FKL, B0D795LNV5, B0DKT57ZLS, B0DK1MYRVN, B0DMN56SHL, B0FH43Y199, B0D22LZY3V, B0DKT66TYC, B0G2PZDMTQ, B0DMF7G31Z, B0FHQBPS7W, B0G2PVG6HS, B0DT197X83, B0GCM7PMHJ, B0GCM8283H, B0DK1P1115, B0DMFC5F4Z, B0FVDSRNGR, B0DMFBGY9J, B0FN7QSFZF, B0DKT7KV6H, B0DT19H3K6, B0DMND78BX, B0FVDPL2F6, B0G2PXQSD4, B0DMN31T99, B0FGJCXKQS, B0DZG8N74J, B0D2L3CC7Q, B0GCMHMWZZ, B0DKT6XPJ2, B0G2Q79PNV, B0FGJCY87X, B0DMF6XR7F, B0DZFL4BJ4, B0CYC2R63B, B0G2PLRGG4, B0FN7QFCQ1, B0CYBMK8RR, B0DT15RM7D, B0FHQFT15G, B0CP1RBF44, B0DMN5NPYT, B0DK1L4GCD, B0DMFB3LMK, B0DMF6QQ18, B0CYC498B2, B0FVDQ8WKK, B0DK1PGT6R, B0F8QQ613C, B0DK1NDWTS, B0FGJFF8K5, B0FGJFF8K3, B0F18WWV8R, B0F8VPNRVQ, B0DK1PG3ND, B0FH42Z7BW, B0FH4252P6, B0D2L1VRWB, B0G2PN49DQ, B0G2PZR51W, B0DMN8CSD3, B0G2PP8XFC, B0DMFBJN5F, B0DMN3T6K3, B0G2PHXNSG, B0DMFCFGHP, B0FVF2N9QF, B0FVDT6TXK, B0DKT6S6TH, B0CP1S538Q, B0G2PM9T87, B0DKT5CYLT, B0F8QP292B, B0DMF42VTQ, B0FN7RG947, B0DT15GYQT, B0G2Q1HBFL, B0CNV7SCJD, B0G2PWPX8V, B0G2PRDMDS, B0DKT7JQTC, B0GCLLNGVN, B0G2PJ9VCZ, B0DMN4L5SR, B0D791LCFC, B0DMF96BC6, B0CNT9KFX9, B0DKT5GFB2, B0G2NVMFYW, B0GCMJQDK5, B0DKT682SF, B0DMN44P7S, B0CYC3MWJH, B0CNT938BP, B0FGJCWYRS, B0DMF899P1, B0G2Q4Q5TJ, B0G2PPCMRJ, B0CYC65DGH, B0D2L3V73F, B0DMN5G7RB, B0DMN4K277, B0G2P831ND, B0G2Q4T1R9, B0D2L2DC5D, B0DT1939JR, B0FGJ78NXZ, B0G2QDMWZK, B0CYC2HL14, B0DT1CYWXC, B0F8TYLWNB, B0DZGCXKQR, B0CYBMMZH6, B0FVDC7PNN, B0DKT61V62, B0GCLBQX11, B0D1K5JZGK, B0FVD6KBYZ, B0G2PJY4R6, B0DMN5FGCK, B0FGJCD7YV]",amzn1.campaign.SCQSB8SNN4CD,"Bestsellers | 10% Off – Waist Chains, Backpacks, Clear Bags  All You Want！！！",NEOREAL,2026-07-21,2026-12-28,10.00%,5000.0,5000.0,18,800,false
"[B0CNVBM6QB, B0GCLLRYD1, B0G2PPKT2L, B0D22MWLW2, B0DZMVH9N3, B0CP1R3M24, B0FGJJ3L7T, B0G2PGCWZ3, B0D22MV53G, B0DKT6DY2D, B0CNT8Z1BS, B0F8QPTXXK, B0DK1L55QC, B0G2PFM3YB, B0GCLC1VY2, B0DMF8DHJK, B0GCMPWZ9C, B0DMF7MDL4, B0DMN322CM, B0D1K25WDM, B0D1K7CLLT, B0D1K7DTRB, B0F8V81XY3, B0DK1PS4WX, B0DMF6NHKJ, B0FGJFGJNV, B0CNVBJWL1, B0DT19S9DD, B0DZMT2KPY, B0CNT8G87T, B0FHQC9LBD, B0DZMXK5DV, B0CYC4CLQQ, B0FVF5NH4M, B0D22KH5D4, B0DJSBKS1V, B0G2PM7SHH, B0DKT695C8, B0DMF6WV4C, B0G2PJTQP1, B0G2PP5N6Q, B0FVF2W6MN, B0D78X9FKL, B0D795LNV5, B0DKT57ZLS, B0DK1MYRVN, B0DMN56SHL, B0FH43Y199, B0D22LZY3V, B0DKT66TYC, B0G2PZDMTQ, B0DMF7G31Z, B0FHQBPS7W, B0G2PVG6HS, B0DT197X83, B0GCM7PMHJ, B0GCM8283H, B0DK1P1115, B0DMFC5F4Z, B0FVDSRNGR, B0DMFBGY9J, B0FN7QSFZF, B0DKT7KV6H, B0DT19H3K6, B0DMND78BX, B0FVDPL2F6, B0G2PXQSD4, B0DMN31T99, B0FGJCXKQS, B0DZG8N74J, B0D2L3CC7Q, B0GCMHMWZZ, B0DKT6XPJ2, B0G2Q79PNV, B0FGJCY87X, B0DMF6XR7F, B0DZFL4BJ4, B0CYC2R63B, B0G2PLRGG4, B0FN7QFCQ1, B0CYBMK8RR, B0DT15RM7D, B0FHQFT15G, B0CP1RBF44, B0DMN5NPYT, B0DK1L4GCD, B0DMFB3LMK, B0DMF6QQ18, B0CYC498B2, B0FVDQ8WKK, B0DK1PGT6R, B0F8QQ613C, B0DK1NDWTS, B0FGJFF8K5, B0FGJFF8K3, B0F18WWV8R, B0F8VPNRVQ, B0DK1PG3ND, B0FH42Z7BW, B0FH4252P6, B0D2L1VRWB, B0G2PN49DQ, B0G2PZR51W, B0DMN8CSD3, B0G2PP8XFC, B0DMFBJN5F, B0DMN3T6K3, B0G2PHXNSG, B0DMFCFGHP, B0FVF2N9QF, B0FVDT6TXK, B0DKT6S6TH, B0CP1S538Q, B0G2PM9T87, B0DKT5CYLT, B0F8QP292B, B0DMF42VTQ, B0FN7RG947, B0DT15GYQT, B0G2Q1HBFL, B0CNV7SCJD, B0G2PWPX8V, B0G2PRDMDS, B0DKT7JQTC, B0GCLLNGVN, B0G2PJ9VCZ, B0DMN4L5SR, B0D791LCFC, B0DMF96BC6, B0CNT9KFX9, B0DKT5GFB2, B0G2NVMFYW, B0GCMJQDK5, B0DKT682SF, B0DMN44P7S, B0CYC3MWJH, B0CNT938BP, B0FGJCWYRS, B0DMF899P1, B0G2Q4Q5TJ, B0G2PPCMRJ, B0CYC65DGH, B0D2L3V73F, B0DMN5G7RB, B0DMN4K277, B0G2P831ND, B0G2Q4T1R9, B0D2L2DC5D, B0DT1939JR, B0FGJ78NXZ, B0G2QDMWZK, B0CYC2HL14, B0DT1CYWXC, B0F8TYLWNB, B0DZGCXKQR, B0CYBMMZH6, B0FVDC7PNN, B0DKT61V62, B0GCLBQX11, B0D1K5JZGK, B0FVD6KBYZ, B0G2PJY4R6, B0DMN5FGCK, B0FGJCD7YV]",amzn1.campaign.38VYZCXRTSNWN,"Bestsellers | 10% Off – Waist Chains, Backpacks, Clear Bags  All You Want！！！",NEOREAL,2026-07-21,2026-12-27,10.00%,5000.0,5000.0,16,800,false
"[B0CNVBM6QB, B0GCLLRYD1, B0G2PPKT2L, B0D22MWLW2, B0DZMVH9N3, B0CP1R3M24, B0FGJJ3L7T, B0G2PGCWZ3, B0D22MV53G, B0DKT6DY2D, B0CNT8Z1BS, B0F8QPTXXK, B0DK1L55QC, B0G2PFM3YB, B0GCLC1VY2, B0DMF8DHJK, B0GCMPWZ9C, B0DMF7MDL4, B0DMN322CM, B0D1K25WDM, B0D1K7CLLT, B0D1K7DTRB, B0F8V81XY3, B0DK1PS4WX, B0DMF6NHKJ, B0FGJFGJNV, B0CNVBJWL1, B0DT19S9DD, B0DZMT2KPY, B0CNT8G87T, B0FHQC9LBD, B0DZMXK5DV, B0CYC4CLQQ, B0FVF5NH4M, B0D22KH5D4, B0DJSBKS1V, B0G2PM7SHH, B0DKT695C8, B0DMF6WV4C, B0G2PJTQP1, B0G2PP5N6Q, B0FVF2W6MN, B0D78X9FKL, B0D795LNV5, B0DKT57ZLS, B0DK1MYRVN, B0DMN56SHL, B0FH43Y199, B0D22LZY3V, B0DKT66TYC, B0G2PZDMTQ, B0DMF7G31Z, B0FHQBPS7W, B0G2PVG6HS, B0DT197X83, B0GCM7PMHJ, B0GCM8283H, B0DK1P1115, B0DMFC5F4Z, B0FVDSRNGR, B0DMFBGY9J, B0FN7QSFZF, B0DKT7KV6H, B0DT19H3K6, B0DMND78BX, B0FVDPL2F6, B0G2PXQSD4, B0DMN31T99, B0FGJCXKQS, B0DZG8N74J, B0D2L3CC7Q, B0GCMHMWZZ, B0DKT6XPJ2, B0G2Q79PNV, B0FGJCY87X, B0DMF6XR7F, B0DZFL4BJ4, B0CYC2R63B, B0G2PLRGG4, B0FN7QFCQ1, B0CYBMK8RR, B0DT15RM7D, B0FHQFT15G, B0CP1RBF44, B0DMN5NPYT, B0DK1L4GCD, B0DMFB3LMK, B0DMF6QQ18, B0CYC498B2, B0FVDQ8WKK, B0DK1PGT6R, B0F8QQ613C, B0DK1NDWTS, B0FGJFF8K5, B0FGJFF8K3, B0F18WWV8R, B0F8VPNRVQ, B0DK1PG3ND, B0FH42Z7BW, B0FH4252P6, B0D2L1VRWB, B0G2PN49DQ, B0G2PZR51W, B0DMN8CSD3, B0G2PP8XFC, B0DMFBJN5F, B0DMN3T6K3, B0G2PHXNSG, B0DMFCFGHP, B0FVF2N9QF, B0FVDT6TXK, B0DKT6S6TH, B0CP1S538Q, B0G2PM9T87, B0DKT5CYLT, B0F8QP292B, B0DMF42VTQ, B0FN7RG947, B0DT15GYQT, B0G2Q1HBFL, B0CNV7SCJD, B0G2PWPX8V, B0G2PRDMDS, B0DKT7JQTC, B0GCLLNGVN, B0G2PJ9VCZ, B0DMN4L5SR, B0D791LCFC, B0DMF96BC6, B0CNT9KFX9, B0DKT5GFB2, B0G2NVMFYW, B0GCMJQDK5, B0DKT682SF, B0DMN44P7S, B0CYC3MWJH, B0CNT938BP, B0FGJCWYRS, B0DMF899P1, B0G2Q4Q5TJ, B0G2PPCMRJ, B0CYC65DGH, B0D2L3V73F, B0DMN5G7RB, B0DMN4K277, B0G2P831ND, B0G2Q4T1R9, B0D2L2DC5D, B0DT1939JR, B0FGJ78NXZ, B0G2QDMWZK, B0CYC2HL14, B0DT1CYWXC, B0F8TYLWNB, B0DZGCXKQR, B0CYBMMZH6, B0FVDC7PNN, B0DKT61V62, B0GCLBQX11, B0D1K5JZGK, B0FVD6KBYZ, B0G2PJY4R6, B0DMN5FGCK, B0FGJCD7YV]",amzn1.campaign.31EXFL5HJ5NWX,"Bestsellers | 10% Off – Waist Chains, Backpacks, Clear Bags  All You Want！！！",NEOREAL,2026-07-21,2026-12-26,10.00%,5000.0,5000.0,16,800,false
"[B0CNVBM6QB, B0GCLLRYD1, B0G2PPKT2L, B0D22MWLW2, B0DZMVH9N3, B0CP1R3M24, B0FGJJ3L7T, B0G2PGCWZ3, B0D22MV53G, B0DKT6DY2D, B0CNT8Z1BS, B0F8QPTXXK, B0DK1L55QC, B0G2PFM3YB, B0GCLC1VY2, B0DMF8DHJK, B0GCMPWZ9C, B0DMF7MDL4, B0DMN322CM, B0D1K25WDM, B0D1K7CLLT, B0D1K7DTRB, B0F8V81XY3, B0DK1PS4WX, B0DMF6NHKJ, B0FGJFGJNV, B0CNVBJWL1, B0DT19S9DD, B0DZMT2KPY, B0CNT8G87T, B0FHQC9LBD, B0DZMXK5DV, B0CYC4CLQQ, B0FVF5NH4M, B0D22KH5D4, B0DJSBKS1V, B0G2PM7SHH, B0DKT695C8, B0DMF6WV4C, B0G2PJTQP1, B0G2PP5N6Q, B0FVF2W6MN, B0D78X9FKL, B0D795LNV5, B0DKT57ZLS, B0DK1MYRVN, B0DMN56SHL, B0FH43Y199, B0D22LZY3V, B0DKT66TYC, B0G2PZDMTQ, B0DMF7G31Z, B0FHQBPS7W, B0G2PVG6HS, B0DT197X83, B0GCM7PMHJ, B0GCM8283H, B0DK1P1115, B0DMFC5F4Z, B0FVDSRNGR, B0DMFBGY9J, B0FN7QSFZF, B0DKT7KV6H, B0DT19H3K6, B0DMND78BX, B0FVDPL2F6, B0G2PXQSD4, B0DMN31T99, B0FGJCXKQS, B0DZG8N74J, B0D2L3CC7Q, B0GCMHMWZZ, B0DKT6XPJ2, B0G2Q79PNV, B0FGJCY87X, B0DMF6XR7F, B0DZFL4BJ4, B0CYC2R63B, B0G2PLRGG4, B0FN7QFCQ1, B0CYBMK8RR, B0DT15RM7D, B0FHQFT15G, B0CP1RBF44, B0DMN5NPYT, B0DK1L4GCD, B0DMFB3LMK, B0DMF6QQ18, B0CYC498B2, B0FVDQ8WKK, B0DK1PGT6R, B0F8QQ613C, B0DK1NDWTS, B0FGJFF8K5, B0FGJFF8K3, B0F18WWV8R, B0F8VPNRVQ, B0DK1PG3ND, B0FH42Z7BW, B0FH4252P6, B0D2L1VRWB, B0G2PN49DQ, B0G2PZR51W, B0DMN8CSD3, B0G2PP8XFC, B0DMFBJN5F, B0DMN3T6K3, B0G2PHXNSG, B0DMFCFGHP, B0FVF2N9QF, B0FVDT6TXK, B0DKT6S6TH, B0CP1S538Q, B0G2PM9T87, B0DKT5CYLT, B0F8QP292B, B0DMF42VTQ, B0FN7RG947, B0DT15GYQT, B0G2Q1HBFL, B0CNV7SCJD, B0G2PWPX8V, B0G2PRDMDS, B0DKT7JQTC, B0GCLLNGVN, B0G2PJ9VCZ, B0DMN4L5SR, B0D791LCFC, B0DMF96BC6, B0CNT9KFX9, B0DKT5GFB2, B0G2NVMFYW, B0GCMJQDK5, B0DKT682SF, B0DMN44P7S, B0CYC3MWJH, B0CNT938BP, B0FGJCWYRS, B0DMF899P1, B0G2Q4Q5TJ, B0G2PPCMRJ, B0CYC65DGH, B0D2L3V73F, B0DMN5G7RB, B0DMN4K277, B0G2P831ND, B0G2Q4T1R9, B0D2L2DC5D, B0DT1939JR, B0FGJ78NXZ, B0G2QDMWZK, B0CYC2HL14, B0DT1CYWXC, B0F8TYLWNB, B0DZGCXKQR, B0CYBMMZH6, B0FVDC7PNN, B0DKT61V62, B0GCLBQX11, B0D1K5JZGK, B0FVD6KBYZ, B0G2PJY4R6, B0DMN5FGCK, B0FGJCD7YV]",amzn1.campaign.2D38U2A1CPDNT,"Bestsellers | 10% Off – Waist Chains, Backpacks, Clear Bags  All You Want！！！",NEOREAL,2026-07-21,2026-12-22,10.00%,5000.0,5000.0,16,800,false
"[B0CNVBM6QB, B0GCLLRYD1, B0G2PPKT2L, B0D22MWLW2, B0DZMVH9N3, B0CP1R3M24, B0FGJJ3L7T, B0G2PGCWZ3, B0D22MV53G, B0DKT6DY2D, B0CNT8Z1BS, B0F8QPTXXK, B0DK1L55QC, B0G2PFM3YB, B0GCLC1VY2, B0DMF8DHJK, B0GCMPWZ9C, B0DMF7MDL4, B0DMN322CM, B0D1K25WDM, B0D1K7CLLT, B0D1K7DTRB, B0F8V81XY3, B0DK1PS4WX, B0DMF6NHKJ, B0FGJFGJNV, B0CNVBJWL1, B0DT19S9DD, B0DZMT2KPY, B0CNT8G87T, B0FHQC9LBD, B0DZMXK5DV, B0CYC4CLQQ, B0FVF5NH4M, B0D22KH5D4, B0DJSBKS1V, B0G2PM7SHH, B0DKT695C8, B0DMF6WV4C, B0G2PJTQP1, B0G2PP5N6Q, B0FVF2W6MN, B0D78X9FKL, B0D795LNV5, B0DKT57ZLS, B0DK1MYRVN, B0DMN56SHL, B0FH43Y199, B0D22LZY3V, B0DKT66TYC, B0G2PZDMTQ, B0DMF7G31Z, B0FHQBPS7W, B0G2PVG6HS, B0DT197X83, B0GCM7PMHJ, B0GCM8283H, B0DK1P1115, B0DMFC5F4Z, B0FVDSRNGR, B0DMFBGY9J, B0FN7QSFZF, B0DKT7KV6H, B0DT19H3K6, B0DMND78BX, B0FVDPL2F6, B0G2PXQSD4, B0DMN31T99, B0FGJCXKQS, B0DZG8N74J, B0D2L3CC7Q, B0GCMHMWZZ, B0DKT6XPJ2, B0G2Q79PNV, B0FGJCY87X, B0DMF6XR7F, B0DZFL4BJ4, B0CYC2R63B, B0G2PLRGG4, B0FN7QFCQ1, B0CYBMK8RR, B0DT15RM7D, B0FHQFT15G, B0CP1RBF44, B0DMN5NPYT, B0DK1L4GCD, B0DMFB3LMK, B0DMF6QQ18, B0CYC498B2, B0FVDQ8WKK, B0DK1PGT6R, B0F8QQ613C, B0DK1NDWTS, B0FGJFF8K5, B0FGJFF8K3, B0F18WWV8R, B0F8VPNRVQ, B0DK1PG3ND, B0FH42Z7BW, B0FH4252P6, B0D2L1VRWB, B0G2PN49DQ, B0G2PZR51W, B0DMN8CSD3, B0G2PP8XFC, B0DMFBJN5F, B0DMN3T6K3, B0G2PHXNSG, B0DMFCFGHP, B0FVF2N9QF, B0FVDT6TXK, B0DKT6S6TH, B0CP1S538Q, B0G2PM9T87, B0DKT5CYLT, B0F8QP292B, B0DMF42VTQ, B0FN7RG947, B0DT15GYQT, B0G2Q1HBFL, B0CNV7SCJD, B0G2PWPX8V, B0G2PRDMDS, B0DKT7JQTC, B0GCLLNGVN, B0G2PJ9VCZ, B0DMN4L5SR, B0D791LCFC, B0DMF96BC6, B0CNT9KFX9, B0DKT5GFB2, B0G2NVMFYW, B0GCMJQDK5, B0DKT682SF, B0DMN44P7S, B0CYC3MWJH, B0CNT938BP, B0FGJCWYRS, B0DMF899P1, B0G2Q4Q5TJ, B0G2PPCMRJ, B0CYC65DGH, B0D2L3V73F, B0DMN5G7RB, B0DMN4K277, B0G2P831ND, B0G2Q4T1R9, B0D2L2DC5D, B0DT1939JR, B0FGJ78NXZ, B0G2QDMWZK, B0CYC2HL14, B0DT1CYWXC, B0F8TYLWNB, B0DZGCXKQR, B0CYBMMZH6, B0FVDC7PNN, B0DKT61V62, B0GCLBQX11, B0D1K5JZGK, B0FVD6KBYZ, B0G2PJY4R6, B0DMN5FGCK, B0FGJCD7YV]",amzn1.campaign.XGJWX5LBDFFX,"Bestsellers | 10% Off – Waist Chains, Backpacks, Clear Bags  All You Want！！！",NEOREAL,2026-07-21,2026-12-25,10.00%,5000.0,5000.0,19,800,false
"[B0CNVBM6QB, B0GCLLRYD1, B0G2PPKT2L, B0D22MWLW2, B0DZMVH9N3, B0CP1R3M24, B0FGJJ3L7T, B0G2PGCWZ3, B0D22MV53G, B0DKT6DY2D, B0CNT8Z1BS, B0F8QPTXXK, B0DK1L55QC, B0G2PFM3YB, B0GCLC1VY2, B0DMF8DHJK, B0GCMPWZ9C, B0DMF7MDL4, B0DMN322CM, B0D1K25WDM, B0D1K7CLLT, B0D1K7DTRB, B0F8V81XY3, B0DK1PS4WX, B0DMF6NHKJ, B0FGJFGJNV, B0CNVBJWL1, B0DT19S9DD, B0DZMT2KPY, B0CNT8G87T, B0FHQC9LBD, B0DZMXK5DV, B0CYC4CLQQ, B0FVF5NH4M, B0D22KH5D4, B0DJSBKS1V, B0G2PM7SHH, B0DKT695C8, B0DMF6WV4C, B0G2PJTQP1, B0G2PP5N6Q, B0FVF2W6MN, B0D78X9FKL, B0D795LNV5, B0DKT57ZLS, B0DK1MYRVN, B0DMN56SHL, B0FH43Y199, B0D22LZY3V, B0DKT66TYC, B0G2PZDMTQ, B0DMF7G31Z, B0FHQBPS7W, B0G2PVG6HS, B0DT197X83, B0GCM7PMHJ, B0GCM8283H, B0DK1P1115, B0DMFC5F4Z, B0FVDSRNGR, B0DMFBGY9J, B0FN7QSFZF, B0DKT7KV6H, B0DT19H3K6, B0DMND78BX, B0FVDPL2F6, B0G2PXQSD4, B0DMN31T99, B0FGJCXKQS, B0DZG8N74J, B0D2L3CC7Q, B0GCMHMWZZ, B0DKT6XPJ2, B0G2Q79PNV, B0FGJCY87X, B0DMF6XR7F, B0DZFL4BJ4, B0CYC2R63B, B0G2PLRGG4, B0FN7QFCQ1, B0CYBMK8RR, B0DT15RM7D, B0FHQFT15G, B0CP1RBF44, B0DMN5NPYT, B0DK1L4GCD, B0DMFB3LMK, B0DMF6QQ18, B0CYC498B2, B0FVDQ8WKK, B0DK1PGT6R, B0F8QQ613C, B0DK1NDWTS, B0FGJFF8K5, B0FGJFF8K3, B0F18WWV8R, B0F8VPNRVQ, B0DK1PG3ND, B0FH42Z7BW, B0FH4252P6, B0D2L1VRWB, B0G2PN49DQ, B0G2PZR51W, B0DMN8CSD3, B0G2PP8XFC, B0DMFBJN5F, B0DMN3T6K3, B0G2PHXNSG, B0DMFCFGHP, B0FVF2N9QF, B0FVDT6TXK, B0DKT6S6TH, B0CP1S538Q, B0G2PM9T87, B0DKT5CYLT, B0F8QP292B, B0DMF42VTQ, B0FN7RG947, B0DT15GYQT, B0G2Q1HBFL, B0CNV7SCJD, B0G2PWPX8V, B0G2PRDMDS, B0DKT7JQTC, B0GCLLNGVN, B0G2PJ9VCZ, B0DMN4L5SR, B0D791LCFC, B0DMF96BC6, B0CNT9KFX9, B0DKT5GFB2, B0G2NVMFYW, B0GCMJQDK5, B0DKT682SF, B0DMN44P7S, B0CYC3MWJH, B0CNT938BP, B0FGJCWYRS, B0DMF899P1, B0G2Q4Q5TJ, B0G2PPCMRJ, B0CYC65DGH, B0D2L3V73F, B0DMN5G7RB, B0DMN4K277, B0G2P831ND, B0G2Q4T1R9, B0D2L2DC5D, B0DT1939JR, B0FGJ78NXZ, B0G2QDMWZK, B0CYC2HL14, B0DT1CYWXC, B0F8TYLWNB, B0DZGCXKQR, B0CYBMMZH6, B0FVDC7PNN, B0DKT61V62, B0GCLBQX11, B0D1K5JZGK, B0FVD6KBYZ, B0G2PJY4R6, B0DMN5FGCK, B0FGJCD7YV]",amzn1.campaign.3QKF8TEQ7YIT9,"Bestsellers | 10% Off – Waist Chains, Backpacks, Clear Bags  All You Want！！！",NEOREAL,2026-07-21,2026-12-24,10.00%,5000.0,5000.0,18,800,false
"[B0CNVBM6QB, B0GCLLRYD1, B0G2PPKT2L, B0D22MWLW2, B0DZMVH9N3, B0CP1R3M24, B0FGJJ3L7T, B0G2PGCWZ3, B0D22MV53G, B0DKT6DY2D, B0CNT8Z1BS, B0F8QPTXXK, B0DK1L55QC, B0G2PFM3YB, B0GCLC1VY2, B0DMF8DHJK, B0GCMPWZ9C, B0DMF7MDL4, B0DMN322CM, B0D1K25WDM, B0D1K7CLLT, B0D1K7DTRB, B0F8V81XY3, B0DK1PS4WX, B0DMF6NHKJ, B0FGJFGJNV, B0CNVBJWL1, B0DT19S9DD, B0DZMT2KPY, B0CNT8G87T, B0FHQC9LBD, B0DZMXK5DV, B0CYC4CLQQ, B0FVF5NH4M, B0D22KH5D4, B0DJSBKS1V, B0G2PM7SHH, B0DKT695C8, B0DMF6WV4C, B0G2PJTQP1, B0G2PP5N6Q, B0FVF2W6MN, B0D78X9FKL, B0D795LNV5, B0DKT57ZLS, B0DK1MYRVN, B0DMN56SHL, B0FH43Y199, B0D22LZY3V, B0DKT66TYC, B0G2PZDMTQ, B0DMF7G31Z, B0FHQBPS7W, B0G2PVG6HS, B0DT197X83, B0GCM7PMHJ, B0GCM8283H, B0DK1P1115, B0DMFC5F4Z, B0FVDSRNGR, B0DMFBGY9J, B0FN7QSFZF, B0DKT7KV6H, B0DT19H3K6, B0DMND78BX, B0FVDPL2F6, B0G2PXQSD4, B0DMN31T99, B0FGJCXKQS, B0DZG8N74J, B0D2L3CC7Q, B0GCMHMWZZ, B0DKT6XPJ2, B0G2Q79PNV, B0FGJCY87X, B0DMF6XR7F, B0DZFL4BJ4, B0CYC2R63B, B0G2PLRGG4, B0FN7QFCQ1, B0CYBMK8RR, B0DT15RM7D, B0FHQFT15G, B0CP1RBF44, B0DMN5NPYT, B0DK1L4GCD, B0DMFB3LMK, B0DMF6QQ18, B0CYC498B2, B0FVDQ8WKK, B0DK1PGT6R, B0F8QQ613C, B0DK1NDWTS, B0FGJFF8K5, B0FGJFF8K3, B0F18WWV8R, B0F8VPNRVQ, B0DK1PG3ND, B0FH42Z7BW, B0FH4252P6, B0D2L1VRWB, B0G2PN49DQ, B0G2PZR51W, B0DMN8CSD3, B0G2PP8XFC, B0DMFBJN5F, B0DMN3T6K3, B0G2PHXNSG, B0DMFCFGHP, B0FVF2N9QF, B0FVDT6TXK, B0DKT6S6TH, B0CP1S538Q, B0G2PM9T87, B0DKT5CYLT, B0F8QP292B, B0DMF42VTQ, B0FN7RG947, B0DT15GYQT, B0G2Q1HBFL, B0CNV7SCJD, B0G2PWPX8V, B0G2PRDMDS, B0DKT7JQTC, B0GCLLNGVN, B0G2PJ9VCZ, B0DMN4L5SR, B0D791LCFC, B0DMF96BC6, B0CNT9KFX9, B0DKT5GFB2, B0G2NVMFYW, B0GCMJQDK5, B0DKT682SF, B0DMN44P7S, B0CYC3MWJH, B0CNT938BP, B0FGJCWYRS, B0DMF899P1, B0G2Q4Q5TJ, B0G2PPCMRJ, B0CYC65DGH, B0D2L3V73F, B0DMN5G7RB, B0DMN4K277, B0G2P831ND, B0G2Q4T1R9, B0D2L2DC5D, B0DT1939JR, B0FGJ78NXZ, B0G2QDMWZK, B0CYC2HL14, B0DT1CYWXC, B0F8TYLWNB, B0DZGCXKQR, B0CYBMMZH6, B0FVDC7PNN, B0DKT61V62, B0GCLBQX11, B0D1K5JZGK, B0FVD6KBYZ, B0G2PJY4R6, B0DMN5FGCK, B0FGJCD7YV]",amzn1.campaign.IIAMC7WLXZSW,"Bestsellers | 10% Off – Waist Chains, Backpacks, Clear Bags  All You Want！！！",NEOREAL,2026-07-21,2026-12-23,10.00%,5000.0,5000.0,19,800,false
[B0H4GD9Y41],amzn1.campaign.1XVELZ3AATZI,"Ktintar hair growth magic oil, only 7.99! 10% Commission",Ktintar,2026-07-21,2027-01-01,10.00%,5000.0,5000.0,0,800,false
[B0H4GD9Y41],amzn1.campaign.3NBO7SFDQG2SJ,"Ktintar hair growth magic oil, only 7.99! 10% Commission",Ktintar,2026-07-21,2027-01-05,10.00%,5000.0,5000.0,0,800,false
[B0H4GD9Y41],amzn1.campaign.2VXRSJKEANBJO,Ktintar Batana Oil-Only 7.99!!!,Ktintar,2026-07-21,2027-01-04,10.00%,5000.0,5000.0,0,800,false
[B0H4GD9Y41],amzn1.campaign.1LDUD2E089PQ2,"✔️100% Natural Care, Witness Hair Rebirth---Ktintar Batana Oil, Ony 7.99!!!",Ktintar,2026-07-21,2027-01-03,10.00%,5000.0,5000.0,0,800,false
[B0G58HPSY7],amzn1.campaign.31XFT5GS0I040,W2413-BK   Tarentlight Classic Outdoor Porch Lights Clear Seeded Glass,Tarentlight,2026-07-21,2027-07-20,10.00%,5000.0,5000.0,0,800,false
"[B0DYK5H8GP, B0FMP8D2S7, B0FCY3NCC7, B0D5J4T56Z, B0FG2D6GW8, B0FG24GCFD, B0H7CPDLDY, B0GX23VQLY, B0FG28WTFB, B0F9FJFBZG, B0D46YYNVB, B0DRTBLBKJ, B0F8B31B17, B0DJW1R19F, B0CR7H3QHJ, B0CR36C1XP, B0G3XSWFP1, B0DYK7J955, B0DMM6H6SR, B0DJW2P4LR, B0G58JLWN6, B0FB924ZZT, B0FMPBFMNL, B0H7CDG96W, B0GGNJJRVW, B0FR25BH69, B0FG248STJ, B0FG24KVV2, B0D2HL1BXW, B0GVYP4YTL, B0GW8FCVCC, B0G58HPSY7, B0DRT9QP1B, B0FMP7DMYW, B0CR69RHSB, B0DRT9MKPJ, B0D2J7PR7B, B0DYK69L17, B0DJVZP4SG, B0D46CX1PS, B0H5RBYB6Q, B0FPLSKYYD, B0GGN3763D, B0D2HK179L, B0H838NLJ8, B0GVYRCBNF, B0FR4P9468, B0DYK3FL6S, B0F8B1YWQJ, B0CR2TYCZ1, B0GGNN9MXR, B0FB94XGBY, B0D2HK4WC1, B0GX2DXRRG, B0FPLZRM38, B0FB96FYX7, B0GVXTS56R, B0H5RC7MQ2, B0F9FP1JHT, B0H82W818N, B0H2RZJSLM]",amzn1.campaign.3R5SB2BDG0DER,Tarentlight outdoor wall Light,Tarentlight,2026-07-21,2027-07-19,10.00%,5000.0,5000.0,0,800,false
[B0GVYP4YTL],amzn1.campaign.14UMP8KAVO7GA,Wood cute small size Tarentlight Farmhouse Semi Flush Mount Ceiling Light,Tarentlight,2026-07-21,2027-07-21,10.00%,5000.0,5000.0,0,800,false
[B0H4KMS9T1],amzn1.campaign.Z541REM1ZWB6,Under Desk Cable Management,GGNBCY,2026-07-21,2026-12-31,20.00%,5000.0,5000.0,0,800,false
[B0H7MNT462],amzn1.campaign.22I6TK9YWOTGQ,20% OFF 经络刷 新链接,BOZKOON,2026-07-21,2026-09-30,20.00%,5000.0,5000.0,0,800,false
"[B0GQ79FMJ8, B0GW3M9XZ5, B0GW3LD3K7, B0GQ6VPD99, B0GVB4LY1W]",amzn1.campaign.CEDQLW3NR73Y,White Spandex Fitted Tablecloth for 6ft Rectangle Tables,Xanqeeazi,2026-07-21,2026-09-30,10.00%,5000.0,4991.8,0,800,false
"[B0F13LNSPJ, B0D3Q351WZ]",amzn1.campaign.39DQONQK50GDH,座垫/枕头,DIBAKO,2026-07-21,2027-03-31,10.00%,100000.0,100000.0,0,800,false
"[B0H1CV1VGJ, B0GV15XK9G, B0GXMRGZJ8, B0H8MMJF48, B0H8M7X6FB, B0GLGLM9TG]",amzn1.campaign.RNXWT3MBN6VW,生发 全部  新   20%,Trzsfr,2026-07-21,2026-12-31,20.04%,5000.0,5000.0,5,800,false
"[B0H1CV1VGJ, B0GV15XK9G, B0GXMRGZJ8, B0H8MMJF48, B0H8M7X6FB, B0GLGLM9TG]",amzn1.campaign.K6AV8074UOIA,生发 全部  新   20%,Trzsfr,2026-07-21,2026-12-31,20.03%,5000.0,4989.18,5,800,false
"[B0H1CV1VGJ, B0GV15XK9G, B0GXMRGZJ8, B0H8MMJF48, B0H8M7X6FB, B0GLGLM9TG]",amzn1.campaign.196L1J93122TN,生发 全部  新   20%,Trzsfr,2026-07-21,2026-12-31,20.02%,5000.0,5000.0,3,800,false
"[B0H1CV1VGJ, B0GV15XK9G, B0GXMRGZJ8, B0H8MMJF48, B0H8M7X6FB, B0GLGLM9TG]",amzn1.campaign.2WK2Q4UD6TYJC,生发 全部  新   20%,Trzsfr,2026-07-21,2026-12-31,20.01%,5000.0,5000.0,6,800,false
"[B0H1CV1VGJ, B0GV15XK9G, B0GXMRGZJ8, B0H8MMJF48, B0H8M7X6FB, B0GLGLM9TG]",amzn1.campaign.LBCF39FKJ9Q3,生发 全部  新   20%,Trzsfr,2026-07-21,2026-12-31,20.00%,5000.0,5000.0,12,800,false
[B0H2D1QWC5],amzn1.campaign.2KZ545WKIZWRP,Titanium Frying Pan 50% Discount | $100M Annual Sales | 10% commission,Titanium Wave,2026-07-21,2026-12-31,10.00%,5000.0,4928.5,0,800,false
"[B0H4RKY3L6, B0H4RVJHXJ, B0H4RTD7DD, B0H4RKRP8P, B0H4RVX66Q, B0H4RXK19N]",amzn1.campaign.15B9ZI4RWQ2XF,Orange Inflatable Belly Halloween Costume - 15% Commission,Joyvilun,2026-07-21,2026-10-21,15.00%,10000.0,10000.0,0,800,false
"[B0G2GW43R9, B0G2H1CXRC, B0G2H1FZ73]",amzn1.campaign.3HQE9YHBJFL1I,Dog Nail Grinder Electric Powerful,Javtoku,2026-07-27,2027-06-27,25.00%,999999.0,999999.0,0,800,false
"[B0G2GW43R9, B0G2H1CXRC, B0G2H1FZ73]",amzn1.campaign.LWHR4CCG5CHA,Dog Nail Grinder Electric Powerful,Javtoku,2026-07-26,2027-06-27,25.00%,999999.0,999995.5,0,800,false
"[B0H1N4W79D, B0H1JLPKWJ]",amzn1.campaign.1QKIK130RAIW5,Heated Eyelash Curler,Javtoku,2026-07-28,2027-06-30,25.00%,999999.0,999999.0,0,800,false
"[B0H1N4W79D, B0H1JLPKWJ]",amzn1.campaign.2H6V4ODOCA4F,Heated Eyelash Curler,Javtoku,2026-07-27,2027-06-30,25.00%,999999.0,999999.0,0,800,false
"[B0H31SV2WN, B0H323MCD3, B0H2VLJ9XF, B0H31SSLXY, B0H324GY4D, B0H31XFBS8, B0H2VLL9DF, B0H31SRZXG]",amzn1.campaign.1VVN7K5UNHO21,Cearsoer Stackable Storage Bins,Cearsoer,2026-07-21,2026-12-31,20.00%,5000.0,5000.0,0,800,false
[B0GMHRLTHK],amzn1.campaign.1JH56600E1OVQ,B815-719,Mukiya,2026-07-21,2026-11-01,10.00%,5000.0,5000.0,0,800,false
"[B0H5WG9TTJ, B0H64K9SM7, B0H5WKLX6V, B0H5W6GGZT, B0H64HJDLT, B0H64LY8DD]",amzn1.campaign.3LLPHYGP3HZZG,Magnetic Phone Ring  / MagSafe Phone Grip for Female,Joehcyne,2026-07-21,2027-07-01,15.00%,10000.0,9952.65,0,800,false
"[B0H4QJ1H3H, B0H4QDVDFT, B0H4Q5SNPY, B0H4QJR8GV, B0H4Q6NSFW, B0H4QDR476, B0H4QLZRMF, B0H4QCVR31, B0H4Q9G59K, B0H4QBRHN3, B0H4QJ73W4, B0H4Q6PD5N]",amzn1.campaign.1H83XTL3XPR4M,Proud Supporter of Snow Days Sweatshirts,JANZENIUS,2026-07-21,2026-10-31,10.00%,5000.0,4986.0,0,800,false
"[B0H4MMNX5D, B0H4MKFD5Q, B0H4MCS7ND, B0H4MHQV4T, B0H4MMNH2T, B0H4MF3M3G, B0H4MK3QQ7, B0H4MDWCNQ, B0H4MHXWXN, B0H4M92SKT, B0H4MC3JHX, B0H4MJ5K3Y]",amzn1.campaign.1KN27MHYZA05R,Do The Math Sweatshirts,JANZENIUS,2026-07-21,2026-10-31,10.00%,5000.0,4916.75,0,800,false
[B0BNZ6NGQY],amzn1.campaign.O8MXPSVUC8UG,♥️♥️♥️♥️♥️Keychain Portable Charger for USB C,EMNT,2026-07-21,2027-01-01,10.00%,5000.0,5000.0,0,800,false
"[B0CNVBM6QB, B0GCLLRYD1, B0G2PPKT2L, B0D22MWLW2, B0DZMVH9N3, B0CP1R3M24, B0FGJJ3L7T, B0G2PGCWZ3, B0D22MV53G, B0DKT6DY2D, B0CNT8Z1BS, B0F8QPTXXK, B0DK1L55QC, B0G2PFM3YB, B0GCLC1VY2, B0DMF8DHJK, B0GCMPWZ9C, B0DMF7MDL4, B0DMN322CM, B0D1K25WDM, B0D1K7CLLT, B0D1K7DTRB, B0F8V81XY3, B0DK1PS4WX, B0DMF6NHKJ, B0FGJFGJNV, B0CNVBJWL1, B0DT19S9DD, B0DZMT2KPY, B0CNT8G87T, B0FHQC9LBD, B0DZMXK5DV, B0CYC4CLQQ, B0FVF5NH4M, B0D22KH5D4, B0DJSBKS1V, B0G2PM7SHH, B0DKT695C8, B0DMF6WV4C, B0G2PJTQP1, B0G2PP5N6Q, B0FVF2W6MN, B0D78X9FKL, B0D795LNV5, B0DKT57ZLS, B0DK1MYRVN, B0DMN56SHL, B0FH43Y199, B0D22LZY3V, B0DKT66TYC, B0G2PZDMTQ, B0DMF7G31Z, B0FHQBPS7W, B0G2PVG6HS, B0DT197X83, B0GCM7PMHJ, B0GCM8283H, B0DK1P1115, B0DMFC5F4Z, B0FVDSRNGR, B0DMFBGY9J, B0FN7QSFZF, B0DKT7KV6H, B0DT19H3K6, B0DMND78BX, B0FVDPL2F6, B0G2PXQSD4, B0DMN31T99, B0FGJCXKQS, B0DZG8N74J, B0D2L3CC7Q, B0GCMHMWZZ, B0DKT6XPJ2, B0G2Q79PNV, B0FGJCY87X, B0DMF6XR7F, B0DZFL4BJ4, B0CYC2R63B, B0G2PLRGG4, B0FN7QFCQ1, B0CYBMK8RR, B0DT15RM7D, B0FHQFT15G, B0CP1RBF44, B0DMN5NPYT, B0DK1L4GCD, B0DMFB3LMK, B0DMF6QQ18, B0CYC498B2, B0FVDQ8WKK, B0DK1PGT6R, B0F8QQ613C, B0DK1NDWTS, B0FGJFF8K5, B0FGJFF8K3, B0F18WWV8R, B0F8VPNRVQ, B0DK1PG3ND, B0FH42Z7BW, B0FH4252P6, B0D2L1VRWB, B0G2PN49DQ, B0G2PZR51W, B0DMN8CSD3, B0G2PP8XFC, B0DMFBJN5F, B0DMN3T6K3, B0G2PHXNSG, B0DMFCFGHP, B0FVF2N9QF, B0FVDT6TXK, B0DKT6S6TH, B0CP1S538Q, B0G2PM9T87, B0DKT5CYLT, B0F8QP292B, B0DMF42VTQ, B0FN7RG947, B0DT15GYQT, B0G2Q1HBFL, B0CNV7SCJD, B0G2PWPX8V, B0G2PRDMDS, B0DKT7JQTC, B0GCLLNGVN, B0G2PJ9VCZ, B0DMN4L5SR, B0D791LCFC, B0DMF96BC6, B0CNT9KFX9, B0DKT5GFB2, B0G2NVMFYW, B0GCMJQDK5, B0DKT682SF, B0DMN44P7S, B0CYC3MWJH, B0CNT938BP, B0FGJCWYRS, B0DMF899P1, B0G2Q4Q5TJ, B0G2PPCMRJ, B0CYC65DGH, B0D2L3V73F, B0DMN5G7RB, B0DMN4K277, B0G2P831ND, B0G2Q4T1R9, B0D2L2DC5D, B0DT1939JR, B0FGJ78NXZ, B0G2QDMWZK, B0CYC2HL14, B0DT1CYWXC, B0F8TYLWNB, B0DZGCXKQR, B0CYBMMZH6, B0FVDC7PNN, B0DKT61V62, B0GCLBQX11, B0D1K5JZGK, B0FVD6KBYZ, B0G2PJY4R6, B0DMN5FGCK, B0FGJCD7YV]",amzn1.campaign.BR09OXEL6N10,"Bestsellers | 10% Off – Waist Chains, Backpacks, Clear Bags  All You Want！！！",NEOREAL,2026-07-21,2026-12-21,10.00%,5000.0,5000.0,18,800,false
"[B0CNVBM6QB, B0GCLLRYD1, B0G2PPKT2L, B0D22MWLW2, B0DZMVH9N3, B0CP1R3M24, B0FGJJ3L7T, B0G2PGCWZ3, B0D22MV53G, B0DKT6DY2D, B0CNT8Z1BS, B0F8QPTXXK, B0DK1L55QC, B0G2PFM3YB, B0GCLC1VY2, B0DMF8DHJK, B0GCMPWZ9C, B0DMF7MDL4, B0DMN322CM, B0D1K25WDM, B0D1K7CLLT, B0D1K7DTRB, B0F8V81XY3, B0DK1PS4WX, B0DMF6NHKJ, B0FGJFGJNV, B0CNVBJWL1, B0DT19S9DD, B0DZMT2KPY, B0CNT8G87T, B0FHQC9LBD, B0DZMXK5DV, B0CYC4CLQQ, B0FVF5NH4M, B0D22KH5D4, B0DJSBKS1V, B0G2PM7SHH, B0DKT695C8, B0DMF6WV4C, B0G2PJTQP1, B0G2PP5N6Q, B0FVF2W6MN, B0D78X9FKL, B0D795LNV5, B0DKT57ZLS, B0DK1MYRVN, B0DMN56SHL, B0FH43Y199, B0D22LZY3V, B0DKT66TYC, B0G2PZDMTQ, B0DMF7G31Z, B0FHQBPS7W, B0G2PVG6HS, B0DT197X83, B0GCM7PMHJ, B0GCM8283H, B0DK1P1115, B0DMFC5F4Z, B0FVDSRNGR, B0DMFBGY9J, B0FN7QSFZF, B0DKT7KV6H, B0DT19H3K6, B0DMND78BX, B0FVDPL2F6, B0G2PXQSD4, B0DMN31T99, B0FGJCXKQS, B0DZG8N74J, B0D2L3CC7Q, B0GCMHMWZZ, B0DKT6XPJ2, B0G2Q79PNV, B0FGJCY87X, B0DMF6XR7F, B0DZFL4BJ4, B0CYC2R63B, B0G2PLRGG4, B0FN7QFCQ1, B0CYBMK8RR, B0DT15RM7D, B0FHQFT15G, B0CP1RBF44, B0DMN5NPYT, B0DK1L4GCD, B0DMFB3LMK, B0DMF6QQ18, B0CYC498B2, B0FVDQ8WKK, B0DK1PGT6R, B0F8QQ613C, B0DK1NDWTS, B0FGJFF8K5, B0FGJFF8K3, B0F18WWV8R, B0F8VPNRVQ, B0DK1PG3ND, B0FH42Z7BW, B0FH4252P6, B0D2L1VRWB, B0G2PN49DQ, B0G2PZR51W, B0DMN8CSD3, B0G2PP8XFC, B0DMFBJN5F, B0DMN3T6K3, B0G2PHXNSG, B0DMFCFGHP, B0FVF2N9QF, B0FVDT6TXK, B0DKT6S6TH, B0CP1S538Q, B0G2PM9T87, B0DKT5CYLT, B0F8QP292B, B0DMF42VTQ, B0FN7RG947, B0DT15GYQT, B0G2Q1HBFL, B0CNV7SCJD, B0G2PWPX8V, B0G2PRDMDS, B0DKT7JQTC, B0GCLLNGVN, B0G2PJ9VCZ, B0DMN4L5SR, B0D791LCFC, B0DMF96BC6, B0CNT9KFX9, B0DKT5GFB2, B0G2NVMFYW, B0GCMJQDK5, B0DKT682SF, B0DMN44P7S, B0CYC3MWJH, B0CNT938BP, B0FGJCWYRS, B0DMF899P1, B0G2Q4Q5TJ, B0G2PPCMRJ, B0CYC65DGH, B0D2L3V73F, B0DMN5G7RB, B0DMN4K277, B0G2P831ND, B0G2Q4T1R9, B0D2L2DC5D, B0DT1939JR, B0FGJ78NXZ, B0G2QDMWZK, B0CYC2HL14, B0DT1CYWXC, B0F8TYLWNB, B0DZGCXKQR, B0CYBMMZH6, B0FVDC7PNN, B0DKT61V62, B0GCLBQX11, B0D1K5JZGK, B0FVD6KBYZ, B0G2PJY4R6, B0DMN5FGCK, B0FGJCD7YV]",amzn1.campaign.2RL2285EGS12J,"Bestsellers | 10% Off – Waist Chains, Backpacks, Clear Bags  All You Want！！！",NEOREAL,2026-07-21,2026-12-20,10.00%,5000.0,5000.0,16,800,false
"[B0CNVBM6QB, B0GCLLRYD1, B0G2PPKT2L, B0D22MWLW2, B0DZMVH9N3, B0CP1R3M24, B0FGJJ3L7T, B0G2PGCWZ3, B0D22MV53G, B0DKT6DY2D, B0CNT8Z1BS, B0F8QPTXXK, B0DK1L55QC, B0G2PFM3YB, B0GCLC1VY2, B0DMF8DHJK, B0GCMPWZ9C, B0DMF7MDL4, B0DMN322CM, B0D1K25WDM, B0D1K7CLLT, B0D1K7DTRB, B0F8V81XY3, B0DK1PS4WX, B0DMF6NHKJ, B0FGJFGJNV, B0CNVBJWL1, B0DT19S9DD, B0DZMT2KPY, B0CNT8G87T, B0FHQC9LBD, B0DZMXK5DV, B0CYC4CLQQ, B0FVF5NH4M, B0D22KH5D4, B0DJSBKS1V, B0G2PM7SHH, B0DKT695C8, B0DMF6WV4C, B0G2PJTQP1, B0G2PP5N6Q, B0FVF2W6MN, B0D78X9FKL, B0D795LNV5, B0DKT57ZLS, B0DK1MYRVN, B0DMN56SHL, B0FH43Y199, B0D22LZY3V, B0DKT66TYC, B0G2PZDMTQ, B0DMF7G31Z, B0FHQBPS7W, B0G2PVG6HS, B0DT197X83, B0GCM7PMHJ, B0GCM8283H, B0DK1P1115, B0DMFC5F4Z, B0FVDSRNGR, B0DMFBGY9J, B0FN7QSFZF, B0DKT7KV6H, B0DT19H3K6, B0DMND78BX, B0FVDPL2F6, B0G2PXQSD4, B0DMN31T99, B0FGJCXKQS, B0DZG8N74J, B0D2L3CC7Q, B0GCMHMWZZ, B0DKT6XPJ2, B0G2Q79PNV, B0FGJCY87X, B0DMF6XR7F, B0DZFL4BJ4, B0CYC2R63B, B0G2PLRGG4, B0FN7QFCQ1, B0CYBMK8RR, B0DT15RM7D, B0FHQFT15G, B0CP1RBF44, B0DMN5NPYT, B0DK1L4GCD, B0DMFB3LMK, B0DMF6QQ18, B0CYC498B2, B0FVDQ8WKK, B0DK1PGT6R, B0F8QQ613C, B0DK1NDWTS, B0FGJFF8K5, B0FGJFF8K3, B0F18WWV8R, B0F8VPNRVQ, B0DK1PG3ND, B0FH42Z7BW, B0FH4252P6, B0D2L1VRWB, B0G2PN49DQ, B0G2PZR51W, B0DMN8CSD3, B0G2PP8XFC, B0DMFBJN5F, B0DMN3T6K3, B0G2PHXNSG, B0DMFCFGHP, B0FVF2N9QF, B0FVDT6TXK, B0DKT6S6TH, B0CP1S538Q, B0G2PM9T87, B0DKT5CYLT, B0F8QP292B, B0DMF42VTQ, B0FN7RG947, B0DT15GYQT, B0G2Q1HBFL, B0CNV7SCJD, B0G2PWPX8V, B0G2PRDMDS, B0DKT7JQTC, B0GCLLNGVN, B0G2PJ9VCZ, B0DMN4L5SR, B0D791LCFC, B0DMF96BC6, B0CNT9KFX9, B0DKT5GFB2, B0G2NVMFYW, B0GCMJQDK5, B0DKT682SF, B0DMN44P7S, B0CYC3MWJH, B0CNT938BP, B0FGJCWYRS, B0DMF899P1, B0G2Q4Q5TJ, B0G2PPCMRJ, B0CYC65DGH, B0D2L3V73F, B0DMN5G7RB, B0DMN4K277, B0G2P831ND, B0G2Q4T1R9, B0D2L2DC5D, B0DT1939JR, B0FGJ78NXZ, B0G2QDMWZK, B0CYC2HL14, B0DT1CYWXC, B0F8TYLWNB, B0DZGCXKQR, B0CYBMMZH6, B0FVDC7PNN, B0DKT61V62, B0GCLBQX11, B0D1K5JZGK, B0FVD6KBYZ, B0G2PJY4R6, B0DMN5FGCK, B0FGJCD7YV]",amzn1.campaign.2CSL8K6TQT2AO,"Bestsellers | 10% Off – Waist Chains, Backpacks, Clear Bags  All You Want！！！",NEOREAL,2026-07-21,2026-12-19,10.00%,5000.0,5000.0,16,800,false
"[B0CNVBM6QB, B0GCLLRYD1, B0G2PPKT2L, B0D22MWLW2, B0DZMVH9N3, B0CP1R3M24, B0FGJJ3L7T, B0G2PGCWZ3, B0D22MV53G, B0DKT6DY2D, B0CNT8Z1BS, B0F8QPTXXK, B0DK1L55QC, B0G2PFM3YB, B0GCLC1VY2, B0DMF8DHJK, B0GCMPWZ9C, B0DMF7MDL4, B0DMN322CM, B0D1K25WDM, B0D1K7CLLT, B0D1K7DTRB, B0F8V81XY3, B0DK1PS4WX, B0DMF6NHKJ, B0FGJFGJNV, B0CNVBJWL1, B0DT19S9DD, B0DZMT2KPY, B0CNT8G87T, B0FHQC9LBD, B0DZMXK5DV, B0CYC4CLQQ, B0FVF5NH4M, B0D22KH5D4, B0DJSBKS1V, B0G2PM7SHH, B0DKT695C8, B0DMF6WV4C, B0G2PJTQP1, B0G2PP5N6Q, B0FVF2W6MN, B0D78X9FKL, B0D795LNV5, B0DKT57ZLS, B0DK1MYRVN, B0DMN56SHL, B0FH43Y199, B0D22LZY3V, B0DKT66TYC, B0G2PZDMTQ, B0DMF7G31Z, B0FHQBPS7W, B0G2PVG6HS, B0DT197X83, B0GCM7PMHJ, B0GCM8283H, B0DK1P1115, B0DMFC5F4Z, B0FVDSRNGR, B0DMFBGY9J, B0FN7QSFZF, B0DKT7KV6H, B0DT19H3K6, B0DMND78BX, B0FVDPL2F6, B0G2PXQSD4, B0DMN31T99, B0FGJCXKQS, B0DZG8N74J, B0D2L3CC7Q, B0GCMHMWZZ, B0DKT6XPJ2, B0G2Q79PNV, B0FGJCY87X, B0DMF6XR7F, B0DZFL4BJ4, B0CYC2R63B, B0G2PLRGG4, B0FN7QFCQ1, B0CYBMK8RR, B0DT15RM7D, B0FHQFT15G, B0CP1RBF44, B0DMN5NPYT, B0DK1L4GCD, B0DMFB3LMK, B0DMF6QQ18, B0CYC498B2, B0FVDQ8WKK, B0DK1PGT6R, B0F8QQ613C, B0DK1NDWTS, B0FGJFF8K5, B0FGJFF8K3, B0F18WWV8R, B0F8VPNRVQ, B0DK1PG3ND, B0FH42Z7BW, B0FH4252P6, B0D2L1VRWB, B0G2PN49DQ, B0G2PZR51W, B0DMN8CSD3, B0G2PP8XFC, B0DMFBJN5F, B0DMN3T6K3, B0G2PHXNSG, B0DMFCFGHP, B0FVF2N9QF, B0FVDT6TXK, B0DKT6S6TH, B0CP1S538Q, B0G2PM9T87, B0DKT5CYLT, B0F8QP292B, B0DMF42VTQ, B0FN7RG947, B0DT15GYQT, B0G2Q1HBFL, B0CNV7SCJD, B0G2PWPX8V, B0G2PRDMDS, B0DKT7JQTC, B0GCLLNGVN, B0G2PJ9VCZ, B0DMN4L5SR, B0D791LCFC, B0DMF96BC6, B0CNT9KFX9, B0DKT5GFB2, B0G2NVMFYW, B0GCMJQDK5, B0DKT682SF, B0DMN44P7S, B0CYC3MWJH, B0CNT938BP, B0FGJCWYRS, B0DMF899P1, B0G2Q4Q5TJ, B0G2PPCMRJ, B0CYC65DGH, B0D2L3V73F, B0DMN5G7RB, B0DMN4K277, B0G2P831ND, B0G2Q4T1R9, B0D2L2DC5D, B0DT1939JR, B0FGJ78NXZ, B0G2QDMWZK, B0CYC2HL14, B0DT1CYWXC, B0F8TYLWNB, B0DZGCXKQR, B0CYBMMZH6, B0FVDC7PNN, B0DKT61V62, B0GCLBQX11, B0D1K5JZGK, B0FVD6KBYZ, B0G2PJY4R6, B0DMN5FGCK, B0FGJCD7YV]",amzn1.campaign.1ZWCYM97QLZC5,"Bestsellers | 10% Off – Waist Chains, Backpacks, Clear Bags  All You Want！！！",NEOREAL,2026-07-21,2026-12-18,10.00%,5000.0,5000.0,15,800,false
"[B0CNVBM6QB, B0GCLLRYD1, B0G2PPKT2L, B0D22MWLW2, B0DZMVH9N3, B0CP1R3M24, B0FGJJ3L7T, B0G2PGCWZ3, B0D22MV53G, B0DKT6DY2D, B0CNT8Z1BS, B0F8QPTXXK, B0DK1L55QC, B0G2PFM3YB, B0GCLC1VY2, B0DMF8DHJK, B0GCMPWZ9C, B0DMF7MDL4, B0DMN322CM, B0D1K25WDM, B0D1K7CLLT, B0D1K7DTRB, B0F8V81XY3, B0DK1PS4WX, B0DMF6NHKJ, B0FGJFGJNV, B0CNVBJWL1, B0DT19S9DD, B0DZMT2KPY, B0CNT8G87T, B0FHQC9LBD, B0DZMXK5DV, B0CYC4CLQQ, B0FVF5NH4M, B0D22KH5D4, B0DJSBKS1V, B0G2PM7SHH, B0DKT695C8, B0DMF6WV4C, B0G2PJTQP1, B0G2PP5N6Q, B0FVF2W6MN, B0D78X9FKL, B0D795LNV5, B0DKT57ZLS, B0DK1MYRVN, B0DMN56SHL, B0FH43Y199, B0D22LZY3V, B0DKT66TYC, B0G2PZDMTQ, B0DMF7G31Z, B0FHQBPS7W, B0G2PVG6HS, B0DT197X83, B0GCM7PMHJ, B0GCM8283H, B0DK1P1115, B0DMFC5F4Z, B0FVDSRNGR, B0DMFBGY9J, B0FN7QSFZF, B0DKT7KV6H, B0DT19H3K6, B0DMND78BX, B0FVDPL2F6, B0G2PXQSD4, B0DMN31T99, B0FGJCXKQS, B0DZG8N74J, B0D2L3CC7Q, B0GCMHMWZZ, B0DKT6XPJ2, B0G2Q79PNV, B0FGJCY87X, B0DMF6XR7F, B0DZFL4BJ4, B0CYC2R63B, B0G2PLRGG4, B0FN7QFCQ1, B0CYBMK8RR, B0DT15RM7D, B0FHQFT15G, B0CP1RBF44, B0DMN5NPYT, B0DK1L4GCD, B0DMFB3LMK, B0DMF6QQ18, B0CYC498B2, B0FVDQ8WKK, B0DK1PGT6R, B0F8QQ613C, B0DK1NDWTS, B0FGJFF8K5, B0FGJFF8K3, B0F18WWV8R, B0F8VPNRVQ, B0DK1PG3ND, B0FH42Z7BW, B0FH4252P6, B0D2L1VRWB, B0G2PN49DQ, B0G2PZR51W, B0DMN8CSD3, B0G2PP8XFC, B0DMFBJN5F, B0DMN3T6K3, B0G2PHXNSG, B0DMFCFGHP, B0FVF2N9QF, B0FVDT6TXK, B0DKT6S6TH, B0CP1S538Q, B0G2PM9T87, B0DKT5CYLT, B0F8QP292B, B0DMF42VTQ, B0FN7RG947, B0DT15GYQT, B0G2Q1HBFL, B0CNV7SCJD, B0G2PWPX8V, B0G2PRDMDS, B0DKT7JQTC, B0GCLLNGVN, B0G2PJ9VCZ, B0DMN4L5SR, B0D791LCFC, B0DMF96BC6, B0CNT9KFX9, B0DKT5GFB2, B0G2NVMFYW, B0GCMJQDK5, B0DKT682SF, B0DMN44P7S, B0CYC3MWJH, B0CNT938BP, B0FGJCWYRS, B0DMF899P1, B0G2Q4Q5TJ, B0G2PPCMRJ, B0CYC65DGH, B0D2L3V73F, B0DMN5G7RB, B0DMN4K277, B0G2P831ND, B0G2Q4T1R9, B0D2L2DC5D, B0DT1939JR, B0FGJ78NXZ, B0G2QDMWZK, B0CYC2HL14, B0DT1CYWXC, B0F8TYLWNB, B0DZGCXKQR, B0CYBMMZH6, B0FVDC7PNN, B0DKT61V62, B0GCLBQX11, B0D1K5JZGK, B0FVD6KBYZ, B0G2PJY4R6, B0DMN5FGCK, B0FGJCD7YV]",amzn1.campaign.AK3VVXWXX4EB,"Bestsellers | 10% Off – Waist Chains, Backpacks, Clear Bags  All You Want！！！",NEOREAL,2026-07-21,2026-12-17,10.00%,5000.0,5000.0,19,800,false
"[B0CNVBM6QB, B0GCLLRYD1, B0G2PPKT2L, B0D22MWLW2, B0DZMVH9N3, B0CP1R3M24, B0FGJJ3L7T, B0G2PGCWZ3, B0D22MV53G, B0DKT6DY2D, B0CNT8Z1BS, B0F8QPTXXK, B0DK1L55QC, B0G2PFM3YB, B0GCLC1VY2, B0DMF8DHJK, B0GCMPWZ9C, B0DMF7MDL4, B0DMN322CM, B0D1K25WDM, B0D1K7CLLT, B0D1K7DTRB, B0F8V81XY3, B0DK1PS4WX, B0DMF6NHKJ, B0FGJFGJNV, B0CNVBJWL1, B0DT19S9DD, B0DZMT2KPY, B0CNT8G87T, B0FHQC9LBD, B0DZMXK5DV, B0CYC4CLQQ, B0FVF5NH4M, B0D22KH5D4, B0DJSBKS1V, B0G2PM7SHH, B0DKT695C8, B0DMF6WV4C, B0G2PJTQP1, B0G2PP5N6Q, B0FVF2W6MN, B0D78X9FKL, B0D795LNV5, B0DKT57ZLS, B0DK1MYRVN, B0DMN56SHL, B0FH43Y199, B0D22LZY3V, B0DKT66TYC, B0G2PZDMTQ, B0DMF7G31Z, B0FHQBPS7W, B0G2PVG6HS, B0DT197X83, B0GCM7PMHJ, B0GCM8283H, B0DK1P1115, B0DMFC5F4Z, B0FVDSRNGR, B0DMFBGY9J, B0FN7QSFZF, B0DKT7KV6H, B0DT19H3K6, B0DMND78BX, B0FVDPL2F6, B0G2PXQSD4, B0DMN31T99, B0FGJCXKQS, B0DZG8N74J, B0D2L3CC7Q, B0GCMHMWZZ, B0DKT6XPJ2, B0G2Q79PNV, B0FGJCY87X, B0DMF6XR7F, B0DZFL4BJ4, B0CYC2R63B, B0G2PLRGG4, B0FN7QFCQ1, B0CYBMK8RR, B0DT15RM7D, B0FHQFT15G, B0CP1RBF44, B0DMN5NPYT, B0DK1L4GCD, B0DMFB3LMK, B0DMF6QQ18, B0CYC498B2, B0FVDQ8WKK, B0DK1PGT6R, B0F8QQ613C, B0DK1NDWTS, B0FGJFF8K5, B0FGJFF8K3, B0F18WWV8R, B0F8VPNRVQ, B0DK1PG3ND, B0FH42Z7BW, B0FH4252P6, B0D2L1VRWB, B0G2PN49DQ, B0G2PZR51W, B0DMN8CSD3, B0G2PP8XFC, B0DMFBJN5F, B0DMN3T6K3, B0G2PHXNSG, B0DMFCFGHP, B0FVF2N9QF, B0FVDT6TXK, B0DKT6S6TH, B0CP1S538Q, B0G2PM9T87, B0DKT5CYLT, B0F8QP292B, B0DMF42VTQ, B0FN7RG947, B0DT15GYQT, B0G2Q1HBFL, B0CNV7SCJD, B0G2PWPX8V, B0G2PRDMDS, B0DKT7JQTC, B0GCLLNGVN, B0G2PJ9VCZ, B0DMN4L5SR, B0D791LCFC, B0DMF96BC6, B0CNT9KFX9, B0DKT5GFB2, B0G2NVMFYW, B0GCMJQDK5, B0DKT682SF, B0DMN44P7S, B0CYC3MWJH, B0CNT938BP, B0FGJCWYRS, B0DMF899P1, B0G2Q4Q5TJ, B0G2PPCMRJ, B0CYC65DGH, B0D2L3V73F, B0DMN5G7RB, B0DMN4K277, B0G2P831ND, B0G2Q4T1R9, B0D2L2DC5D, B0DT1939JR, B0FGJ78NXZ, B0G2QDMWZK, B0CYC2HL14, B0DT1CYWXC, B0F8TYLWNB, B0DZGCXKQR, B0CYBMMZH6, B0FVDC7PNN, B0DKT61V62, B0GCLBQX11, B0D1K5JZGK, B0FVD6KBYZ, B0G2PJY4R6, B0DMN5FGCK, B0FGJCD7YV]",amzn1.campaign.2BY0HD2PC1G10,"Bestsellers | 10% Off – Waist Chains, Backpacks, Clear Bags  All You Want！！！",NEOREAL,2026-07-21,2026-12-16,10.00%,5000.0,5000.0,16,800,false
"[B0CNVBM6QB, B0GCLLRYD1, B0G2PPKT2L, B0D22MWLW2, B0DZMVH9N3, B0CP1R3M24, B0FGJJ3L7T, B0G2PGCWZ3, B0D22MV53G, B0DKT6DY2D, B0CNT8Z1BS, B0F8QPTXXK, B0DK1L55QC, B0G2PFM3YB, B0GCLC1VY2, B0DMF8DHJK, B0GCMPWZ9C, B0DMF7MDL4, B0DMN322CM, B0D1K25WDM, B0D1K7CLLT, B0D1K7DTRB, B0F8V81XY3, B0DK1PS4WX, B0DMF6NHKJ, B0FGJFGJNV, B0CNVBJWL1, B0DT19S9DD, B0DZMT2KPY, B0CNT8G87T, B0FHQC9LBD, B0DZMXK5DV, B0CYC4CLQQ, B0FVF5NH4M, B0D22KH5D4, B0DJSBKS1V, B0G2PM7SHH, B0DKT695C8, B0DMF6WV4C, B0G2PJTQP1, B0G2PP5N6Q, B0FVF2W6MN, B0D78X9FKL, B0D795LNV5, B0DKT57ZLS, B0DK1MYRVN, B0DMN56SHL, B0FH43Y199, B0D22LZY3V, B0DKT66TYC, B0G2PZDMTQ, B0DMF7G31Z, B0FHQBPS7W, B0G2PVG6HS, B0DT197X83, B0GCM7PMHJ, B0GCM8283H, B0DK1P1115, B0DMFC5F4Z, B0FVDSRNGR, B0DMFBGY9J, B0FN7QSFZF, B0DKT7KV6H, B0DT19H3K6, B0DMND78BX, B0FVDPL2F6, B0G2PXQSD4, B0DMN31T99, B0FGJCXKQS, B0DZG8N74J, B0D2L3CC7Q, B0GCMHMWZZ, B0DKT6XPJ2, B0G2Q79PNV, B0FGJCY87X, B0DMF6XR7F, B0DZFL4BJ4, B0CYC2R63B, B0G2PLRGG4, B0FN7QFCQ1, B0CYBMK8RR, B0DT15RM7D, B0FHQFT15G, B0CP1RBF44, B0DMN5NPYT, B0DK1L4GCD, B0DMFB3LMK, B0DMF6QQ18, B0CYC498B2, B0FVDQ8WKK, B0DK1PGT6R, B0F8QQ613C, B0DK1NDWTS, B0FGJFF8K5, B0FGJFF8K3, B0F18WWV8R, B0F8VPNRVQ, B0DK1PG3ND, B0FH42Z7BW, B0FH4252P6, B0D2L1VRWB, B0G2PN49DQ, B0G2PZR51W, B0DMN8CSD3, B0G2PP8XFC, B0DMFBJN5F, B0DMN3T6K3, B0G2PHXNSG, B0DMFCFGHP, B0FVF2N9QF, B0FVDT6TXK, B0DKT6S6TH, B0CP1S538Q, B0G2PM9T87, B0DKT5CYLT, B0F8QP292B, B0DMF42VTQ, B0FN7RG947, B0DT15GYQT, B0G2Q1HBFL, B0CNV7SCJD, B0G2PWPX8V, B0G2PRDMDS, B0DKT7JQTC, B0GCLLNGVN, B0G2PJ9VCZ, B0DMN4L5SR, B0D791LCFC, B0DMF96BC6, B0CNT9KFX9, B0DKT5GFB2, B0G2NVMFYW, B0GCMJQDK5, B0DKT682SF, B0DMN44P7S, B0CYC3MWJH, B0CNT938BP, B0FGJCWYRS, B0DMF899P1, B0G2Q4Q5TJ, B0G2PPCMRJ, B0CYC65DGH, B0D2L3V73F, B0DMN5G7RB, B0DMN4K277, B0G2P831ND, B0G2Q4T1R9, B0D2L2DC5D, B0DT1939JR, B0FGJ78NXZ, B0G2QDMWZK, B0CYC2HL14, B0DT1CYWXC, B0F8TYLWNB, B0DZGCXKQR, B0CYBMMZH6, B0FVDC7PNN, B0DKT61V62, B0GCLBQX11, B0D1K5JZGK, B0FVD6KBYZ, B0G2PJY4R6, B0DMN5FGCK, B0FGJCD7YV]",amzn1.campaign.24KD3DKTF7NF3,"Bestsellers | 10% Off – Waist Chains, Backpacks, Clear Bags  All You Want！！！",NEOREAL,2026-07-21,2026-12-15,10.00%,5000.0,5000.0,15,800,false
"[B0CNVBM6QB, B0GCLLRYD1, B0G2PPKT2L, B0D22MWLW2, B0DZMVH9N3, B0CP1R3M24, B0FGJJ3L7T, B0G2PGCWZ3, B0D22MV53G, B0DKT6DY2D, B0CNT8Z1BS, B0F8QPTXXK, B0DK1L55QC, B0G2PFM3YB, B0GCLC1VY2, B0DMF8DHJK, B0GCMPWZ9C, B0DMF7MDL4, B0DMN322CM, B0D1K25WDM, B0D1K7CLLT, B0D1K7DTRB, B0F8V81XY3, B0DK1PS4WX, B0DMF6NHKJ, B0FGJFGJNV, B0CNVBJWL1, B0DT19S9DD, B0DZMT2KPY, B0CNT8G87T, B0FHQC9LBD, B0DZMXK5DV, B0CYC4CLQQ, B0FVF5NH4M, B0D22KH5D4, B0DJSBKS1V, B0G2PM7SHH, B0DKT695C8, B0DMF6WV4C, B0G2PJTQP1, B0G2PP5N6Q, B0FVF2W6MN, B0D78X9FKL, B0D795LNV5, B0DKT57ZLS, B0DK1MYRVN, B0DMN56SHL, B0FH43Y199, B0D22LZY3V, B0DKT66TYC, B0G2PZDMTQ, B0DMF7G31Z, B0FHQBPS7W, B0G2PVG6HS, B0DT197X83, B0GCM7PMHJ, B0GCM8283H, B0DK1P1115, B0DMFC5F4Z, B0FVDSRNGR, B0DMFBGY9J, B0FN7QSFZF, B0DKT7KV6H, B0DT19H3K6, B0DMND78BX, B0FVDPL2F6, B0G2PXQSD4, B0DMN31T99, B0FGJCXKQS, B0DZG8N74J, B0D2L3CC7Q, B0GCMHMWZZ, B0DKT6XPJ2, B0G2Q79PNV, B0FGJCY87X, B0DMF6XR7F, B0DZFL4BJ4, B0CYC2R63B, B0G2PLRGG4, B0FN7QFCQ1, B0CYBMK8RR, B0DT15RM7D, B0FHQFT15G, B0CP1RBF44, B0DMN5NPYT, B0DK1L4GCD, B0DMFB3LMK, B0DMF6QQ18, B0CYC498B2, B0FVDQ8WKK, B0DK1PGT6R, B0F8QQ613C, B0DK1NDWTS, B0FGJFF8K5, B0FGJFF8K3, B0F18WWV8R, B0F8VPNRVQ, B0DK1PG3ND, B0FH42Z7BW, B0FH4252P6, B0D2L1VRWB, B0G2PN49DQ, B0G2PZR51W, B0DMN8CSD3, B0G2PP8XFC, B0DMFBJN5F, B0DMN3T6K3, B0G2PHXNSG, B0DMFCFGHP, B0FVF2N9QF, B0FVDT6TXK, B0DKT6S6TH, B0CP1S538Q, B0G2PM9T87, B0DKT5CYLT, B0F8QP292B, B0DMF42VTQ, B0FN7RG947, B0DT15GYQT, B0G2Q1HBFL, B0CNV7SCJD, B0G2PWPX8V, B0G2PRDMDS, B0DKT7JQTC, B0GCLLNGVN, B0G2PJ9VCZ, B0DMN4L5SR, B0D791LCFC, B0DMF96BC6, B0CNT9KFX9, B0DKT5GFB2, B0G2NVMFYW, B0GCMJQDK5, B0DKT682SF, B0DMN44P7S, B0CYC3MWJH, B0CNT938BP, B0FGJCWYRS, B0DMF899P1, B0G2Q4Q5TJ, B0G2PPCMRJ, B0CYC65DGH, B0D2L3V73F, B0DMN5G7RB, B0DMN4K277, B0G2P831ND, B0G2Q4T1R9, B0D2L2DC5D, B0DT1939JR, B0FGJ78NXZ, B0G2QDMWZK, B0CYC2HL14, B0DT1CYWXC, B0F8TYLWNB, B0DZGCXKQR, B0CYBMMZH6, B0FVDC7PNN, B0DKT61V62, B0GCLBQX11, B0D1K5JZGK, B0FVD6KBYZ, B0G2PJY4R6, B0DMN5FGCK, B0FGJCD7YV]",amzn1.campaign.3TSK2LEGV2UXN,"Bestsellers | 10% Off – Waist Chains, Backpacks, Clear Bags  All You Want！！！",NEOREAL,2026-07-21,2026-12-14,10.00%,5000.0,5000.0,16,800,false
"[B0CNVBM6QB, B0GCLLRYD1, B0G2PPKT2L, B0D22MWLW2, B0DZMVH9N3, B0CP1R3M24, B0FGJJ3L7T, B0G2PGCWZ3, B0D22MV53G, B0DKT6DY2D, B0CNT8Z1BS, B0F8QPTXXK, B0DK1L55QC, B0G2PFM3YB, B0GCLC1VY2, B0DMF8DHJK, B0GCMPWZ9C, B0DMF7MDL4, B0DMN322CM, B0D1K25WDM, B0D1K7CLLT, B0D1K7DTRB, B0F8V81XY3, B0DK1PS4WX, B0DMF6NHKJ, B0FGJFGJNV, B0CNVBJWL1, B0DT19S9DD, B0DZMT2KPY, B0CNT8G87T, B0FHQC9LBD, B0DZMXK5DV, B0CYC4CLQQ, B0FVF5NH4M, B0D22KH5D4, B0DJSBKS1V, B0G2PM7SHH, B0DKT695C8, B0DMF6WV4C, B0G2PJTQP1, B0G2PP5N6Q, B0FVF2W6MN, B0D78X9FKL, B0D795LNV5, B0DKT57ZLS, B0DK1MYRVN, B0DMN56SHL, B0FH43Y199, B0D22LZY3V, B0DKT66TYC, B0G2PZDMTQ, B0DMF7G31Z, B0FHQBPS7W, B0G2PVG6HS, B0DT197X83, B0GCM7PMHJ, B0GCM8283H, B0DK1P1115, B0DMFC5F4Z, B0FVDSRNGR, B0DMFBGY9J, B0FN7QSFZF, B0DKT7KV6H, B0DT19H3K6, B0DMND78BX, B0FVDPL2F6, B0G2PXQSD4, B0DMN31T99, B0FGJCXKQS, B0DZG8N74J, B0D2L3CC7Q, B0GCMHMWZZ, B0DKT6XPJ2, B0G2Q79PNV, B0FGJCY87X, B0DMF6XR7F, B0DZFL4BJ4, B0CYC2R63B, B0G2PLRGG4, B0FN7QFCQ1, B0CYBMK8RR, B0DT15RM7D, B0FHQFT15G, B0CP1RBF44, B0DMN5NPYT, B0DK1L4GCD, B0DMFB3LMK, B0DMF6QQ18, B0CYC498B2, B0FVDQ8WKK, B0DK1PGT6R, B0F8QQ613C, B0DK1NDWTS, B0FGJFF8K5, B0FGJFF8K3, B0F18WWV8R, B0F8VPNRVQ, B0DK1PG3ND, B0FH42Z7BW, B0FH4252P6, B0D2L1VRWB, B0G2PN49DQ, B0G2PZR51W, B0DMN8CSD3, B0G2PP8XFC, B0DMFBJN5F, B0DMN3T6K3, B0G2PHXNSG, B0DMFCFGHP, B0FVF2N9QF, B0FVDT6TXK, B0DKT6S6TH, B0CP1S538Q, B0G2PM9T87, B0DKT5CYLT, B0F8QP292B, B0DMF42VTQ, B0FN7RG947, B0DT15GYQT, B0G2Q1HBFL, B0CNV7SCJD, B0G2PWPX8V, B0G2PRDMDS, B0DKT7JQTC, B0GCLLNGVN, B0G2PJ9VCZ, B0DMN4L5SR, B0D791LCFC, B0DMF96BC6, B0CNT9KFX9, B0DKT5GFB2, B0G2NVMFYW, B0GCMJQDK5, B0DKT682SF, B0DMN44P7S, B0CYC3MWJH, B0CNT938BP, B0FGJCWYRS, B0DMF899P1, B0G2Q4Q5TJ, B0G2PPCMRJ, B0CYC65DGH, B0D2L3V73F, B0DMN5G7RB, B0DMN4K277, B0G2P831ND, B0G2Q4T1R9, B0D2L2DC5D, B0DT1939JR, B0FGJ78NXZ, B0G2QDMWZK, B0CYC2HL14, B0DT1CYWXC, B0F8TYLWNB, B0DZGCXKQR, B0CYBMMZH6, B0FVDC7PNN, B0DKT61V62, B0GCLBQX11, B0D1K5JZGK, B0FVD6KBYZ, B0G2PJY4R6, B0DMN5FGCK, B0FGJCD7YV]",amzn1.campaign.BSXNXXPJ051O,"Bestsellers | 10% Off – Waist Chains, Backpacks, Clear Bags  All You Want！！！",NEOREAL,2026-07-21,2026-12-13,10.00%,5000.0,5000.0,19,800,false
"[B0CNVBM6QB, B0GCLLRYD1, B0G2PPKT2L, B0D22MWLW2, B0DZMVH9N3, B0CP1R3M24, B0FGJJ3L7T, B0G2PGCWZ3, B0D22MV53G, B0DKT6DY2D, B0CNT8Z1BS, B0F8QPTXXK, B0DK1L55QC, B0G2PFM3YB, B0GCLC1VY2, B0DMF8DHJK, B0GCMPWZ9C, B0DMF7MDL4, B0DMN322CM, B0D1K25WDM, B0D1K7CLLT, B0D1K7DTRB, B0F8V81XY3, B0DK1PS4WX, B0DMF6NHKJ, B0FGJFGJNV, B0CNVBJWL1, B0DT19S9DD, B0DZMT2KPY, B0CNT8G87T, B0FHQC9LBD, B0DZMXK5DV, B0CYC4CLQQ, B0FVF5NH4M, B0D22KH5D4, B0DJSBKS1V, B0G2PM7SHH, B0DKT695C8, B0DMF6WV4C, B0G2PJTQP1, B0G2PP5N6Q, B0FVF2W6MN, B0D78X9FKL, B0D795LNV5, B0DKT57ZLS, B0DK1MYRVN, B0DMN56SHL, B0FH43Y199, B0D22LZY3V, B0DKT66TYC, B0G2PZDMTQ, B0DMF7G31Z, B0FHQBPS7W, B0G2PVG6HS, B0DT197X83, B0GCM7PMHJ, B0GCM8283H, B0DK1P1115, B0DMFC5F4Z, B0FVDSRNGR, B0DMFBGY9J, B0FN7QSFZF, B0DKT7KV6H, B0DT19H3K6, B0DMND78BX, B0FVDPL2F6, B0G2PXQSD4, B0DMN31T99, B0FGJCXKQS, B0DZG8N74J, B0D2L3CC7Q, B0GCMHMWZZ, B0DKT6XPJ2, B0G2Q79PNV, B0FGJCY87X, B0DMF6XR7F, B0DZFL4BJ4, B0CYC2R63B, B0G2PLRGG4, B0FN7QFCQ1, B0CYBMK8RR, B0DT15RM7D, B0FHQFT15G, B0CP1RBF44, B0DMN5NPYT, B0DK1L4GCD, B0DMFB3LMK, B0DMF6QQ18, B0CYC498B2, B0FVDQ8WKK, B0DK1PGT6R, B0F8QQ613C, B0DK1NDWTS, B0FGJFF8K5, B0FGJFF8K3, B0F18WWV8R, B0F8VPNRVQ, B0DK1PG3ND, B0FH42Z7BW, B0FH4252P6, B0D2L1VRWB, B0G2PN49DQ, B0G2PZR51W, B0DMN8CSD3, B0G2PP8XFC, B0DMFBJN5F, B0DMN3T6K3, B0G2PHXNSG, B0DMFCFGHP, B0FVF2N9QF, B0FVDT6TXK, B0DKT6S6TH, B0CP1S538Q, B0G2PM9T87, B0DKT5CYLT, B0F8QP292B, B0DMF42VTQ, B0FN7RG947, B0DT15GYQT, B0G2Q1HBFL, B0CNV7SCJD, B0G2PWPX8V, B0G2PRDMDS, B0DKT7JQTC, B0GCLLNGVN, B0G2PJ9VCZ, B0DMN4L5SR, B0D791LCFC, B0DMF96BC6, B0CNT9KFX9, B0DKT5GFB2, B0G2NVMFYW, B0GCMJQDK5, B0DKT682SF, B0DMN44P7S, B0CYC3MWJH, B0CNT938BP, B0FGJCWYRS, B0DMF899P1, B0G2Q4Q5TJ, B0G2PPCMRJ, B0CYC65DGH, B0D2L3V73F, B0DMN5G7RB, B0DMN4K277, B0G2P831ND, B0G2Q4T1R9, B0D2L2DC5D, B0DT1939JR, B0FGJ78NXZ, B0G2QDMWZK, B0CYC2HL14, B0DT1CYWXC, B0F8TYLWNB, B0DZGCXKQR, B0CYBMMZH6, B0FVDC7PNN, B0DKT61V62, B0GCLBQX11, B0D1K5JZGK, B0FVD6KBYZ, B0G2PJY4R6, B0DMN5FGCK, B0FGJCD7YV]",amzn1.campaign.V9Q0AMQ1JUWX,"Bestsellers | 10% Off – Waist Chains, Backpacks, Clear Bags  All You Want！！！",NEOREAL,2026-07-21,2026-12-12,10.00%,5000.0,5000.0,19,800,false
"[B0CNVBM6QB, B0GCLLRYD1, B0G2PPKT2L, B0D22MWLW2, B0DZMVH9N3, B0CP1R3M24, B0FGJJ3L7T, B0G2PGCWZ3, B0D22MV53G, B0DKT6DY2D, B0CNT8Z1BS, B0F8QPTXXK, B0DK1L55QC, B0G2PFM3YB, B0GCLC1VY2, B0DMF8DHJK, B0GCMPWZ9C, B0DMF7MDL4, B0DMN322CM, B0D1K25WDM, B0D1K7CLLT, B0D1K7DTRB, B0F8V81XY3, B0DK1PS4WX, B0DMF6NHKJ, B0FGJFGJNV, B0CNVBJWL1, B0DT19S9DD, B0DZMT2KPY, B0CNT8G87T, B0FHQC9LBD, B0DZMXK5DV, B0CYC4CLQQ, B0FVF5NH4M, B0D22KH5D4, B0DJSBKS1V, B0G2PM7SHH, B0DKT695C8, B0DMF6WV4C, B0G2PJTQP1, B0G2PP5N6Q, B0FVF2W6MN, B0D78X9FKL, B0D795LNV5, B0DKT57ZLS, B0DK1MYRVN, B0DMN56SHL, B0FH43Y199, B0D22LZY3V, B0DKT66TYC, B0G2PZDMTQ, B0DMF7G31Z, B0FHQBPS7W, B0G2PVG6HS, B0DT197X83, B0GCM7PMHJ, B0GCM8283H, B0DK1P1115, B0DMFC5F4Z, B0FVDSRNGR, B0DMFBGY9J, B0FN7QSFZF, B0DKT7KV6H, B0DT19H3K6, B0DMND78BX, B0FVDPL2F6, B0G2PXQSD4, B0DMN31T99, B0FGJCXKQS, B0DZG8N74J, B0D2L3CC7Q, B0GCMHMWZZ, B0DKT6XPJ2, B0G2Q79PNV, B0FGJCY87X, B0DMF6XR7F, B0DZFL4BJ4, B0CYC2R63B, B0G2PLRGG4, B0FN7QFCQ1, B0CYBMK8RR, B0DT15RM7D, B0FHQFT15G, B0CP1RBF44, B0DMN5NPYT, B0DK1L4GCD, B0DMFB3LMK, B0DMF6QQ18, B0CYC498B2, B0FVDQ8WKK, B0DK1PGT6R, B0F8QQ613C, B0DK1NDWTS, B0FGJFF8K5, B0FGJFF8K3, B0F18WWV8R, B0F8VPNRVQ, B0DK1PG3ND, B0FH42Z7BW, B0FH4252P6, B0D2L1VRWB, B0G2PN49DQ, B0G2PZR51W, B0DMN8CSD3, B0G2PP8XFC, B0DMFBJN5F, B0DMN3T6K3, B0G2PHXNSG, B0DMFCFGHP, B0FVF2N9QF, B0FVDT6TXK, B0DKT6S6TH, B0CP1S538Q, B0G2PM9T87, B0DKT5CYLT, B0F8QP292B, B0DMF42VTQ, B0FN7RG947, B0DT15GYQT, B0G2Q1HBFL, B0CNV7SCJD, B0G2PWPX8V, B0G2PRDMDS, B0DKT7JQTC, B0GCLLNGVN, B0G2PJ9VCZ, B0DMN4L5SR, B0D791LCFC, B0DMF96BC6, B0CNT9KFX9, B0DKT5GFB2, B0G2NVMFYW, B0GCMJQDK5, B0DKT682SF, B0DMN44P7S, B0CYC3MWJH, B0CNT938BP, B0FGJCWYRS, B0DMF899P1, B0G2Q4Q5TJ, B0G2PPCMRJ, B0CYC65DGH, B0D2L3V73F, B0DMN5G7RB, B0DMN4K277, B0G2P831ND, B0G2Q4T1R9, B0D2L2DC5D, B0DT1939JR, B0FGJ78NXZ, B0G2QDMWZK, B0CYC2HL14, B0DT1CYWXC, B0F8TYLWNB, B0DZGCXKQR, B0CYBMMZH6, B0FVDC7PNN, B0DKT61V62, B0GCLBQX11, B0D1K5JZGK, B0FVD6KBYZ, B0G2PJY4R6, B0DMN5FGCK, B0FGJCD7YV]",amzn1.campaign.10ZA18Z73JTDL,"Bestsellers | 10% Off – Waist Chains, Backpacks, Clear Bags  All You Want！！！",NEOREAL,2026-07-21,2026-12-11,10.00%,5000.0,5000.0,11,800,false
[B0GXPQ3F3X],amzn1.campaign.2ERU64ADCOHQO,生发笔 6PCS,RHRTTUE,2026-07-21,2026-11-30,15.04%,5000.0,5000.0,0,800,false
[B0GXPQ3F3X],amzn1.campaign.7OF096RCGIKL,生发笔 6PCS,RHRTTUE,2026-07-21,2026-11-30,15.03%,5000.0,5000.0,9,800,false
[B0GXPQ3F3X],amzn1.campaign.1NNA7Q19BFJM0,生发笔 6PCS,RHRTTUE,2026-07-21,2026-11-30,15.02%,5000.0,5000.0,8,800,false
[B0GXPQ3F3X],amzn1.campaign.2EFUNNBZXE2PZ,生发笔 6PCS,RHRTTUE,2026-07-21,2026-11-30,15.01%,5000.0,5000.0,10,800,false
[B0GXPQ3F3X],amzn1.campaign.22JM089JSMT3F,生发笔 6PCS,RHRTTUE,2026-07-21,2026-11-30,15.00%,5000.0,5000.0,12,800,false
[B0FTWTBKNS],amzn1.campaign.PQGDLAHX5F3X,goodir005,Goodir,2026-07-21,2027-07-21,10.00%,5000.0,4994.22,0,800,false
"[B0CQH3FV39, B0DMM1GPL3, B0BQWV2RFD, B0DMLY5PP9, B0BQWQLJFS, B0GCWZ28QB]",amzn1.campaign.KN632E6XSRUO,SZDZ-LARGE-12%,T&Jero,2026-07-21,2027-07-21,12.00%,5000.0,4806.02,0,800,false
[B0F21Y7PVR],amzn1.campaign.3CNECA7BPG1QQ,35% Commission on HWISHARE Ultra-Low Power 4G LTE Trail Camera,Hwishare,2026-07-21,2026-10-31,35.00%,8999.0,8999.0,0,800,false
[B0H1KWV2Y6],amzn1.campaign.1GNHKQTD2R0LB,Collaboration Opportunity – 10% Commission | Dual-Layer Outdoor Drain Cover,E ETO ENREGYTO,2026-07-21,2027-07-21,10.00%,5000.0,5000.0,0,800,false
[B0H62T1FN4],amzn1.campaign.2B7C96H028DQJ,Big Goose Pendant Sheriff's Clothing | 20% Commission,LNOOPZYL,2026-07-21,2027-07-21,20.00%,10000.0,10000.0,0,800,false
[B0H6XDY6DX],amzn1.campaign.34C6IBMV36ZX5,Amazon Creator Program – 20% Commission,LNOOPZYL,2026-07-21,2027-07-21,20.00%,10000.0,10000.0,0,800,false
"[B0H8XTF91H, B0H8XSY1DS]",amzn1.campaign.14TZPYDDZZ3E5,AI Electronic Companion Pet for Adults – 20% Commission,LNOOPZYL,2026-07-21,2027-07-21,20.00%,10000.0,10000.0,0,800,false
"[B0H6PSZK8Q, B0H6PDHDQ4, B0H8DFGDML, B0H6PTD3PS]",amzn1.campaign.1FLG2P2CA6RKW,High Temp Engineering 3D Printer Filament Collection | PEEK PPSU PPS PEI | 20%,LNOOPZYL,2026-07-21,2027-07-21,20.00%,10000.0,10000.0,0,800,false
"[B0H7J4J2SY, B0H7J4J5T9, B0H7JKHJ52, B0H7JBL5WW, B0H7HWY3YM, B0H7JD4ZLT, B0H7JCS8J6, B0H7JC51NN, B0H7JG48Y4, B0H7JBRQ4N, B0H7J8BMDF, B0H7JCSK2B, B0H7J8QJ1P, B0H7J8P1BY, B0H7J3C1PS, B0H7J93Q71, B0H7JDVPJC, B0H7J9F7C5, B0H7JHBSCH, B0H7J8WLLZ, B0H7JCHDDK]",amzn1.campaign.15FL0S55L37IM,Product: Mini American Flag Double Desk Stand / Y-Shaped Desktop Flag Display,LNOOPZYL,2026-07-21,2027-07-21,20.00%,10000.0,10000.0,0,800,false
[B0DKNDZXTV],amzn1.campaign.35MXWAJDI2DJA,"MFN Single Pack - Safe, Fast Disc Changes",ShoppingLand,2026-07-22,2026-10-20,15.00%,5000.0,5000.0,0,800,false
[B0CCP5M5BS],amzn1.campaign.29U81PHWGGUKF,Rustic Refinement: Whiskey Barrel Coasters for Men’s Gifts! - - B0CCP5M5BS,Cabin Obsession,2026-07-21,2027-07-21,15.00%,5000.0,5000.0,0,800,false
[B0CXZ447R1],amzn1.campaign.1FBCGSZKFMWB9,"Soft, Strong, and Gone in Seconds—This TP Is Wild - B0CXZ447R1",Cabin Obsession,2026-07-21,2027-07-21,15.00%,5000.0,4992.17,0,800,false
[B08L9QQ4BX],amzn1.campaign.3CI7TUI796VP1,Comforting Pet Remembrance for Families and Friends in Grief - B08L9QQ4BX,OBSI,2026-07-21,2027-07-21,15.00%,5000.0,5000.0,0,800,false
"[B0H3QFGHL6, B0H3QBR4RQ]",amzn1.campaign.2K767P9CHV85I,"Acrylic Display Case for Hot Wheels 1/64 Scale, 18-Slot",SimuPurol,2026-07-21,2026-12-31,10.00%,5000.0,4994.8,0,800,false
"[B0H4D2CCF5, B0H4CTT46H]",amzn1.campaign.38PEOFSIE4K5H,20% Commission – Reusable Microwave Steam Sterilizer Bags,AHVERI,2026-07-21,2027-07-21,20.00%,10000.0,10000.0,0,800,false
"[B0GHQBCFVN, B0GZK62Q31]",amzn1.campaign.1BC4IOVGZDRB6,ACC-0618 | 5L Cordless Steel Fountain | Shared Cat Small Dog Fountain,Pokpet,2026-07-25,2026-10-31,11.60%,5021.0,5021.0,0,800,false
"[B0FP132FZ8, B0CN3RBP4N, B0FMJVYTMV, B0CN3RLDTS, B0FMN3T43G, B0FMJTC847, B0CN3PMF1H, B0FMNT7TZF, B0FMFH4CHJ, B0FJYKXLCG, B0FMDGV3FV, B0DMPDJNXW, B0FMFG4934, B0FJYL9R73, B0FMF26XJB, B0CN3PPGJ3, B0CN3RTTNG, B0FMP977JY, B0FJYMH3K7, B0FMFDNS9R, B0CN3N4X36, B0CN3P12DN, B0FJYJF6PF, B0FJYKYB4T, B0CN3M6CD5, B0FJYM5M1C, B0FMFG36M4, B0FJYJBJBT, B0FJYJN94Z, B0FMFHQRS2, B0CN3R8K32, B0FMFGBQZ9, B0FMDF4QSF, B0FJYLMWRF, B0FMFK6SYV, B0CN3MD4Q3, B0FMMY345S, B0FJYFY4BG, B0FJYM9686, B0CN3Q5WY2, B0FJYKTXKW]",amzn1.campaign.3VFF8QX8L0E4M,Monthly sales of 3000+nail polish pen +24% commission,IMGDD,2026-07-21,2027-07-21,24.00%,5000.0,5000.0,0,800,false
"[B0FP132FZ8, B0CN3RBP4N, B0FMJVYTMV, B0CN3RLDTS, B0FMN3T43G, B0FMJTC847, B0CN3PMF1H, B0FMNT7TZF, B0FMFH4CHJ, B0FJYKXLCG, B0FMDGV3FV, B0DMPDJNXW, B0FMFG4934, B0FJYL9R73, B0FMF26XJB, B0CN3PPGJ3, B0CN3RTTNG, B0FMP977JY, B0FJYMH3K7, B0FMFDNS9R, B0CN3N4X36, B0CN3P12DN, B0FJYJF6PF, B0FJYKYB4T, B0CN3M6CD5, B0FJYM5M1C, B0FMFG36M4, B0FJYJBJBT, B0FJYJN94Z, B0FMFHQRS2, B0CN3R8K32, B0FMFGBQZ9, B0FMDF4QSF, B0FJYLMWRF, B0FMFK6SYV, B0CN3MD4Q3, B0FMMY345S, B0FJYFY4BG, B0FJYM9686, B0CN3Q5WY2, B0FJYKTXKW]",amzn1.campaign.2EE47BEWFRS46,Monthly sales of 3000+nail polish pen +23% commission,IMGDD,2026-07-21,2027-07-21,23.00%,5000.0,5000.0,0,800,false
"[B0FP132FZ8, B0CN3RBP4N, B0FMJVYTMV, B0CN3RLDTS, B0FMN3T43G, B0FMJTC847, B0CN3PMF1H, B0FMNT7TZF, B0FMFH4CHJ, B0FJYKXLCG, B0FMDGV3FV, B0DMPDJNXW, B0FMFG4934, B0FJYL9R73, B0FMF26XJB, B0CN3PPGJ3, B0CN3RTTNG, B0FMP977JY, B0FJYMH3K7, B0FMFDNS9R, B0CN3N4X36, B0CN3P12DN, B0FJYJF6PF, B0FJYKYB4T, B0CN3M6CD5, B0FJYM5M1C, B0FMFG36M4, B0FJYJBJBT, B0FJYJN94Z, B0FMFHQRS2, B0CN3R8K32, B0FMFGBQZ9, B0FMDF4QSF, B0FJYLMWRF, B0FMFK6SYV, B0CN3MD4Q3, B0FMMY345S, B0FJYFY4BG, B0FJYM9686, B0CN3Q5WY2, B0FJYKTXKW]",amzn1.campaign.1UOOT287DHQRS,Monthly sales of 3000+nail polish pen +22% commission,IMGDD,2026-07-21,2027-07-21,22.00%,5000.0,5000.0,0,800,false
"[B0FP132FZ8, B0CN3RBP4N, B0FMJVYTMV, B0CN3RLDTS, B0FMN3T43G, B0FMJTC847, B0CN3PMF1H, B0FMNT7TZF, B0FMFH4CHJ, B0FJYKXLCG, B0FMDGV3FV, B0DMPDJNXW, B0FMFG4934, B0FJYL9R73, B0FMF26XJB, B0CN3PPGJ3, B0CN3RTTNG, B0FMP977JY, B0FJYMH3K7, B0FMFDNS9R, B0CN3N4X36, B0CN3P12DN, B0FJYJF6PF, B0FJYKYB4T, B0CN3M6CD5, B0FJYM5M1C, B0FMFG36M4, B0FJYJBJBT, B0FJYJN94Z, B0FMFHQRS2, B0CN3R8K32, B0FMFGBQZ9, B0FMDF4QSF, B0FJYLMWRF, B0FMFK6SYV, B0CN3MD4Q3, B0FMMY345S, B0FJYFY4BG, B0FJYM9686, B0CN3Q5WY2, B0FJYKTXKW]",amzn1.campaign.3U1Q4VXN3XHQF,Monthly sales of 3000+nail polish pen +21% commission,IMGDD,2026-07-21,2027-07-21,21.00%,5000.0,5000.0,0,800,false
"[B0GHQBCFVN, B0GZK62Q31]",amzn1.campaign.1X4JBK4DT24VD,ACC-0617 | 5L Cordless Steel Fountain | 5L Capacity Comparison,Pokpet,2026-07-22,2026-11-18,10.90%,5020.0,5020.0,0,800,false
"[B0GHQBCFVN, B0GZK62Q31]",amzn1.campaign.1BPPKXMUHT44A,ACC-0616 | 5L Cordless Steel Fountain | Low Refill Routine,Pokpet,2026-07-21,2026-11-28,10.20%,5019.0,5019.0,0,800,false
"[B0FP132FZ8, B0CN3RBP4N, B0FMJVYTMV, B0CN3RLDTS, B0FMN3T43G, B0FMJTC847, B0CN3PMF1H, B0FMNT7TZF, B0FMFH4CHJ, B0FJYKXLCG, B0FMDGV3FV, B0DMPDJNXW, B0FMFG4934, B0FJYL9R73, B0FMF26XJB, B0CN3PPGJ3, B0CN3RTTNG, B0FMP977JY, B0FJYMH3K7, B0FMFDNS9R, B0CN3N4X36, B0CN3P12DN, B0FJYJF6PF, B0FJYKYB4T, B0CN3M6CD5, B0FJYM5M1C, B0FMFG36M4, B0FJYJBJBT, B0FJYJN94Z, B0FMFHQRS2, B0CN3R8K32, B0FMFGBQZ9, B0FMDF4QSF, B0FJYLMWRF, B0FMFK6SYV, B0CN3MD4Q3, B0FMMY345S, B0FJYFY4BG, B0FJYM9686, B0CN3Q5WY2, B0FJYKTXKW]",amzn1.campaign.2D8E0VI4X6PSC,Monthly sales of 3000+nail polish pen +20% commission,IMGDD,2026-07-21,2027-07-21,20.00%,5000.0,5000.0,0,800,false
"[B0GHQBCFVN, B0GZK62Q31]",amzn1.campaign.BN2HUFN8N3UP,ACC-0615 | 5L Cordless Steel Fountain | Cleaning Day Demo,Pokpet,2026-07-21,2026-12-19,11.50%,5017.0,5017.0,0,800,false
"[B0GHQBCFVN, B0GZK62Q31]",amzn1.campaign.OV2BE0V37NRN,ACC-0615 | 5L Cordless Steel Fountain | Cleaning Day Demo,Pokpet,2026-07-21,2026-12-19,11.50%,5017.0,5017.0,1,800,false
"[B0GHQBCFVN, B0GZK62Q31]",amzn1.campaign.A99088OMYZZ,ACC-0614 | 5L Cordless Steel Fountain | Cleaner Water Corner,Pokpet,2026-07-24,2026-12-22,10.90%,5017.0,5017.0,0,800,false
"[B0GHQBCFVN, B0GZK62Q31]",amzn1.campaign.2O4BKQ7QOB3FQ,ACC-0612 | 5L Cordless Steel Fountain | Home Placement Freedom,Pokpet,2026-07-21,2027-01-18,11.60%,5015.0,5015.0,0,800,false
"[B0GHQBCFVN, B0GZK62Q31]",amzn1.campaign.1V55FUNSZ7LRM,ACC-0610 | 5L Cordless Steel Fountain | Daily Hydration Routine,Pokpet,2026-07-26,2026-10-01,10.30%,5014.0,5014.0,2,800,false
"[B0GHQBCFVN, B0GZK62Q31]",amzn1.campaign.357QT5QKZG3MK,ACC-0609 | 5L Cordless Steel Fountain | Busy Owner Solution,Pokpet,2026-07-23,2026-10-17,11.70%,5013.0,5013.0,0,800,false
"[B0GHQBCFVN, B0GZK62Q31]",amzn1.campaign.1H61NJNO0HOLO,ACC-0608 | 5L Cordless Steel Fountain | Cordless Placement Demo,Pokpet,2026-07-21,2026-10-10,10.90%,5011.0,5011.0,0,800,false
"[B0GHQBCFVN, B0GZK62Q31]",amzn1.campaign.GNG45A1D1NB2,ACC-0607 | 5L Cordless Steel Fountain | Kitchen Water Station,Pokpet,2026-07-21,2026-11-09,10.30%,5011.0,5011.0,0,800,false
"[B0GHQBCFVN, B0GZK62Q31]",amzn1.campaign.2HIIFICDCN6GC,ACC-0607 | 5L Cordless Steel Fountain | Kitchen Water Station,Pokpet,2026-07-21,2026-11-09,10.30%,5011.0,5011.0,0,800,false
"[B0GHQBCFVN, B0GZK62Q31]",amzn1.campaign.3N037IZY233MC,ACC-0606 | 5L Cordless Steel Fountain | Small Medium Dog Water Station,Pokpet,2026-07-26,2026-12-22,11.50%,5008.0,5008.0,0,800,false
"[B0GHQBCFVN, B0GZK62Q31]",amzn1.campaign.30BN6FHJUVAO2,ACC-0605 | 5L Cordless Steel Fountain | Living Room Pet Zone,Pokpet,2026-07-21,2026-11-20,10.90%,5008.0,5008.0,0,800,false
"[B0GHQBCFVN, B0GZK62Q31]",amzn1.campaign.YL6P33V8UBTB,ACC-0604 | 5L Cordless Steel Fountain | Multi-Pet Home Review,Pokpet,2026-07-21,2026-12-01,10.20%,5007.0,5007.0,0,800,false
"[B0GHQBCFVN, B0GZK62Q31]",amzn1.campaign.2M0GZ5M6AT3KN,ACC-0603 | 5L Cordless Steel Fountain | Weekend Home Review,Pokpet,2026-07-21,2026-12-31,11.70%,5007.0,5007.0,0,800,false
"[B0GHQBCFVN, B0GZK62Q31]",amzn1.campaign.229PDAR5EIHFK,ACC-0602 | 5L Cordless Steel Fountain | Stainless Basin Close-Up,Pokpet,2026-07-21,2026-12-31,10.90%,5005.0,5005.0,0,800,false
"[B0GHQBCFVN, B0GZK62Q31]",amzn1.campaign.3SXANT7ZUIEZG,ACC-0601 | 5L Cordless Steel Fountain | Before After Setup,Pokpet,2026-07-21,2027-01-10,10.20%,5004.0,5004.0,1,800,false
[B0H2435ZSV],amzn1.campaign.1Q342YX74AMP8,"Sunny Days, Restful Nights",Meditonic,2026-07-21,2027-07-21,10.00%,100000.0,100000.0,0,800,false
[B0H2WKRRW4],amzn1.campaign.2T81GB1XBGC2J,10% commission | Large Thick Silicone Mat Black,RURUMY,2026-07-21,2027-07-21,10.00%,5000.0,4995.5,0,800,false
[B0FDGHQN3B],amzn1.campaign.2S40Y8QZ5M9GJ,Cowboy Hat Holder,SANXHAMSTER,2026-07-21,2027-01-01,10.00%,5000.0,5000.0,0,800,false
[B0H7ZCT9Y9],amzn1.campaign.3VGVRI5PCOH8Q,GELYA 2026 Mahjong Cards - 4Pcs,GELYA,2026-07-21,2027-05-31,25.00%,70000.0,70000.0,0,800,false
[B0H2YLCB36],amzn1.campaign.3N381KZD19O7U,Ravilaxia Manifold Bypass Valve Kit,Ravilaxia,2026-07-21,2027-07-21,30.00%,5000.0,5000.0,0,800,false
[B0GZH3QW7N],amzn1.campaign.2V13XTLVHO8N7,Model Car Wooden Display Case,SANXHAMSTER,2026-07-21,2027-01-01,10.00%,5000.0,5000.0,0,800,false
[B0H7ZCT9Y9],amzn1.campaign.3EA11P9F71J1V,GELYA 2026 Mahjong Cards - 4Pcs,GELYA,2026-07-21,2027-05-21,30.00%,400000.0,399994.3,0,800,false
[B0H7ZCT9Y9],amzn1.campaign.2PRA6EEOCXQJE,GELYA 2026 Mahjong Cards - 4Pcs,GELYA,2026-07-21,2027-05-20,30.00%,200000.0,200000.0,0,800,false
[B0H7ZCT9Y9],amzn1.campaign.ZEGTPV4IX7E6,GELYA 2026 Mahjong Cards - 4Pcs,GELYA,2026-07-21,2027-05-19,30.00%,200000.0,200000.0,0,800,false
[B0D9BRH5ND],amzn1.campaign.9I7K7Y3G4EA4,42002 1019 1,Ravilaxia,2026-07-21,2027-07-21,30.00%,5000.0,4933.01,0,800,false
"[B0CMCRZ1BZ, B0H3L4M91H, B0CQ4Q2FLB, B0H3LBNSB5, B0D9VHJXXD, B0DBVCWW5S]",amzn1.campaign.1PJUTXIMQI7L9,Build steady creator income showcasing functional workspace goods,Gawsey,2026-07-21,2026-10-08,10.00%,5000.0,5000.0,0,800,false
"[B0CMCRZ1BZ, B0H3L4M91H, B0CQ4Q2FLB, B0H3LBNSB5, B0D9VHJXXD, B0DBVCWW5S]",amzn1.campaign.2GH3058G9SV7Y,Earn consistent commissions sharing desktop storage solution reels,Gawsey,2026-07-21,2026-10-07,10.00%,5000.0,5000.0,0,800,false
"[B0CMCRZ1BZ, B0H3L4M91H, B0CQ4Q2FLB, B0H3LBNSB5, B0D9VHJXXD, B0DBVCWW5S]",amzn1.campaign.1UE6E3OV2P46W,Expand creator revenue with regular stationery lifestyle short clips,Gawsey,2026-07-21,2026-10-06,10.00%,5000.0,5000.0,0,800,false
"[B0CMCRZ1BZ, B0H3L4M91H, B0CQ4Q2FLB, B0H3LBNSB5, B0D9VHJXXD, B0DBVCWW5S]",amzn1.campaign.3BA7MP0VTZ061,Generate passive income reviewing daily multi-use desktop stationery,Gawsey,2026-07-21,2026-10-05,10.00%,5000.0,5000.0,0,800,false
"[B0H7BX6R3F, B0GHYJS8HR]",amzn1.campaign.1WSKPANYWD9PP,WooRoot Largehydroponics ggrowing system kit,WooRoot,2026-07-21,2026-12-31,12.00%,1000000.0,999893.2,0,800,false
"[B0CMCRZ1BZ, B0H3L4M91H, B0CQ4Q2FLB, B0H3LBNSB5, B0D9VHJXXD, B0DBVCWW5S]",amzn1.campaign.22FU7JGOWEMIX,Boost creator payouts via relatable study and home office reels,Gawsey,2026-07-21,2026-10-04,10.00%,5000.0,5000.0,0,800,false
"[B0CMCRZ1BZ, B0H3L4M91H, B0CQ4Q2FLB, B0H3LBNSB5, B0D9VHJXXD, B0DBVCWW5S]",amzn1.campaign.2ZEC9ZO2YVWV,Get competitive commissions for engaging desk transformation content,Gawsey,2026-07-21,2026-10-03,10.00%,5000.0,5000.0,1,800,false
[B0G33M2ZTN],amzn1.campaign.3UEYBVI3ED6O2,Dryer Drum Belt,Ravilaxia,2026-07-21,2027-07-21,20.00%,5000.0,4986.64,0,800,false
"[B0CMCRZ1BZ, B0H3L4M91H, B0CQ4Q2FLB, B0H3LBNSB5, B0D9VHJXXD, B0DBVCWW5S]",amzn1.campaign.Q1WTZCQ53XXI,Grow long-term affiliate earnings with dedicated supply promotion links,Gawsey,2026-07-21,2026-10-02,10.00%,5000.0,5000.0,4,800,false
"[B0CMCRZ1BZ, B0H3L4M91H, B0CQ4Q2FLB, B0H3LBNSB5, B0D9VHJXXD, B0DBVCWW5S]",amzn1.campaign.1WVUH6UKFQ9NJ,Gain stable sales revenue from authentic stationery showcase clips,Gawsey,2026-07-21,2026-10-01,10.00%,5000.0,5000.0,0,800,false
[B0H2Y6J41C],amzn1.campaign.TO9R67KUEZKD,泳池配件,Lumevoria,2026-07-21,2027-07-21,30.00%,5000.0,5000.0,0,800,false
[B0GZWMHG1G],amzn1.campaign.3J9B5T9ASBNOA,GERTZY Professional Grooming Kit Creator Campaign (15% Commission) - New1,GERTZY,2026-07-21,2027-01-21,15.00%,5000.0,5000.0,0,800,false
[B0GWRFZSDV],amzn1.campaign.3OXZ2AE58SOS2,🧵 25% commission + 120ML fabric glue – wanna collab?,Hiborateed,2026-07-21,2027-07-20,25.00%,99999.0,99999.0,0,800,false
"[B0CMCRZ1BZ, B0H3L4M91H, B0CQ4Q2FLB, B0H3LBNSB5, B0D9VHJXXD, B0DBVCWW5S]",amzn1.campaign.N1XBO5VG90FP,Lift creator income showcasing multi-functional desktop storage goods,Gawsey,2026-07-21,2026-09-30,10.00%,5000.0,5000.0,0,800,false
"[B0CMCRZ1BZ, B0H3L4M91H, B0CQ4Q2FLB, B0H3LBNSB5, B0D9VHJXXD, B0DBVCWW5S]",amzn1.campaign.3PEV2A72ROLLN,Share exam desk sorting tips for your student followers online,Gawsey,2026-07-21,2026-09-28,10.00%,5000.0,5000.0,3,800,false
"[B0CMCRZ1BZ, B0H3L4M91H, B0CQ4Q2FLB, B0H3LBNSB5, B0D9VHJXXD, B0DBVCWW5S]",amzn1.campaign.SGTKAI4O6QEE,Shoot satisfying dorm desk transformations with integrated stationery,Gawsey,2026-07-21,2026-09-27,10.00%,5000.0,5000.0,5,800,false
"[B0CMCRZ1BZ, B0H3L4M91H, B0CQ4Q2FLB, B0H3LBNSB5, B0D9VHJXXD, B0DBVCWW5S]",amzn1.campaign.23K0R26P7NQBC,Make beginner tutorials for neat dorm desktop arrangement skills,Gawsey,2026-07-21,2026-09-26,10.00%,5000.0,5000.0,0,800,false
"[B0CMCRZ1BZ, B0H3L4M91H, B0CQ4Q2FLB, B0H3LBNSB5, B0D9VHJXXD, B0DBVCWW5S]",amzn1.campaign.CSOQDA3YMJG7,Post dorm desk tour reels to show vertical storage space benefits,Gawsey,2026-07-21,2026-09-25,10.00%,5000.0,5000.0,3,800,false
"[B0CMCRZ1BZ, B0H3L4M91H, B0CQ4Q2FLB, B0H3LBNSB5, B0D9VHJXXD, B0DBVCWW5S]",amzn1.campaign.3CXG3OAF3KM8L,Record quiet late-night dorm study with compact desktop organizer sets,Gawsey,2026-07-21,2026-09-24,10.00%,5000.0,5000.0,0,800,false
[B0H3PJDJCH],amzn1.campaign.3HJ2DHTUHTURD,20% commission Upgraded Granny Pants Yard Game hot selling item🔥🔥🔥,ZLverdeza,2026-07-21,2027-07-21,20.00%,10000.0,9980.46,0,800,false
"[B0DGSNL6Q5, B0DGS6BTN5, B0CGLT8L1R, B0DGS657QT, B0CGLW6NBY, B0CGLV2DMN]",amzn1.campaign.3GCXQ90WQML6J,Road Trip Ready — Share DERUI & Earn 20%,DERUI,2026-07-26,2026-12-31,20.00%,15000.0,15000.0,0,800,false
"[B0DGSNL6Q5, B0DGS6BTN5, B0CGLT8L1R, B0DGS657QT, B0CGLW6NBY, B0CGLV2DMN]",amzn1.campaign.2M6YGKVY88LDL,Family Fun Content — Earn 20% with DERUI,DERUI,2026-07-25,2026-12-31,20.00%,9000.0,9000.0,0,800,false
"[B0GZZZFV9L, B0GZZS51TN, B0H112348V, B0GZZTSDSR, B0GZZY7K4W, B0H1129QWD]",amzn1.campaign.MW78O3WA5FE6,球刷-创作者链接,Qxcynb,2026-07-21,2027-01-01,15.00%,10000.0,9991.64,0,800,false
[B0GX1DXN7G],amzn1.campaign.31SNI9I8FM1PX,"Trailer Ladder Rack,Side Mount Ladder Rack for Truck",MAIQIYALAN,2026-07-21,2027-07-21,15.00%,5000.0,5000.0,0,800,false
[B0GV22PTXS],amzn1.campaign.2O0IZ58MQ8CZC,Shiatsu Massage Cushion  (gray),MAIBOLE,2026-07-21,2027-07-21,10.00%,11111.0,11111.0,0,800,false
"[B0DGSNL6Q5, B0DGS6BTN5, B0CGLT8L1R, B0DGS657QT, B0CGLW6NBY, B0CGLV2DMN]",amzn1.campaign.1N47283FYYFPO,Earn 20% | DERUI Kids Smart Watch,DERUI,2026-07-24,2026-12-31,20.00%,13500.0,13490.06,0,800,false
"[B09N2PVS5C, B09TRCF2R3, B09TRCPLTP, B099JPYZS8]",amzn1.campaign.EBMAUIGKO83P,Double Dutch Jump Rope 2 Pack,AUMCDIK,2026-07-21,2026-10-23,10.00%,5000.0,4979.52,0,800,false
"[B0H8CT2M72, B0H8CJ9SH7]",amzn1.campaign.20R8LKLFJPV3B,"Inkelligent Halloween Stickers 100 Pcs, Glossy Vinyl Decals ",inkelligent,2026-07-21,2026-10-31,15.00%,8888.0,8888.0,0,800,false
[B0GYHR4675],amzn1.campaign.1OCLFYOZDMQ92,🔥 INSANE 50% OFF PROMO CODE: HIGH CONVERSION RATE & 10% EARNINGS!,ZIDARO,2026-07-22,2027-04-14,10.00%,5000.0,5000.0,0,800,false
"[B0DGSNL6Q5, B0DGS6BTN5, B0CGLWVHM7, B0CGLT8L1R, B0DGS657QT, B0CGLW6NBY, B0CGLV2DMN, B0DGSPT22V]",amzn1.campaign.16X2663FDPF62,🎉 DERUI 20% Rate — Parent-Approved Kids Smartwatch,DERUI,2026-07-22,2026-12-31,20.00%,13000.0,13000.0,0,800,false
"[B0DGSNL6Q5, B0DGS6BTN5, B0CGLWVHM7, B0CGLT8L1R, B0DGS657QT, B0CGLW6NBY, B0CGLV2DMN, B0DGSPT22V]",amzn1.campaign.28CGZD3EDJ2LW,🔥 DERUI 20% Highest Payout — Promote This Feature-Rich Kids Smartwatch,DERUI,2026-07-21,2026-12-31,20.00%,12000.0,11937.46,0,800,false
"[B0GCDP88J9, B0GY78RL8V, B0FC1XT955, B0FRYXWDHS, B0F3VN7PHX, B0FJWPNSSK, B0F82V7DQT, B0FC1G8M45, B0FQNPK7DC, B0GWD94Z9C, B0FL85DB4W, B0DYTSP2FR, B0F6MLWMVD, B0FJXHHF8X, B0FRLVPXB6, B0FBFM7844, B0FBG2QMKD, B0F32PLY9N, B0FR2Y9TCJ, B0F835WQM6, B0FJ5FKMWS, B0F1MZGRT6, B0DXL2RG52, B0GVNQMGNH, B0F1CCQ7XC, B0FH6KSDKM, B0DXD3NX6C, B0F832WXW5, B0GG2W1YTQ]",amzn1.campaign.1ZFG3WNU6RLGS,I found a super useful quilting rulers,HUIFARI,2026-07-21,2026-12-25,10.00%,5000.0,5000.0,9,800,false
"[B0GCDP88J9, B0GY78RL8V, B0FC1XT955, B0FRYXWDHS, B0F3VN7PHX, B0FJWPNSSK, B0F82V7DQT, B0FC1G8M45, B0FQNPK7DC, B0GWD94Z9C, B0FL85DB4W, B0DYTSP2FR, B0F6MLWMVD, B0FJXHHF8X, B0FRLVPXB6, B0FBFM7844, B0FBG2QMKD, B0F32PLY9N, B0FR2Y9TCJ, B0F835WQM6, B0FJ5FKMWS, B0F1MZGRT6, B0DXL2RG52, B0GVNQMGNH, B0F1CCQ7XC, B0FH6KSDKM, B0DXD3NX6C, B0F832WXW5, B0GG2W1YTQ]",amzn1.campaign.2QPCWGNBI5IVV,I found a super useful quilting rulers,HUIFARI,2026-07-21,2026-12-26,10.00%,5000.0,5000.0,11,800,false
"[B0GCDP88J9, B0GY78RL8V, B0FC1XT955, B0FRYXWDHS, B0F3VN7PHX, B0FJWPNSSK, B0F82V7DQT, B0FC1G8M45, B0FQNPK7DC, B0GWD94Z9C, B0FL85DB4W, B0DYTSP2FR, B0F6MLWMVD, B0FJXHHF8X, B0FRLVPXB6, B0FBFM7844, B0FBG2QMKD, B0F32PLY9N, B0FR2Y9TCJ, B0F835WQM6, B0FJ5FKMWS, B0F1MZGRT6, B0DXL2RG52, B0GVNQMGNH, B0F1CCQ7XC, B0FH6KSDKM, B0DXD3NX6C, B0F832WXW5, B0GG2W1YTQ]",amzn1.campaign.22SWR14Z2ADTI,I found a super useful quilting rulers,HUIFARI,2026-07-21,2026-12-27,10.00%,5000.0,5000.0,11,800,false
"[B0H51LP77X, B0GZKQLQXL]",amzn1.campaign.3URHT5MAM7Q2N,ACC-0449 | 10L Fountain | Wireless Spot | Apartment Setup,Pokpet,2026-07-21,2026-12-05,11.00%,5021.0,5021.0,0,800,false
"[B0H51LP77X, B0GZKQLQXL]",amzn1.campaign.26WE3OUIVI2N4,ACC-0448 | 10L Fountain | Clean Reset | Apartment Setup,Pokpet,2026-07-23,2027-01-07,10.10%,5018.0,5018.0,0,800,false
"[B0H51LP77X, B0GZKQLQXL]",amzn1.campaign.2Y5WFUJGMFLGI,ACC-0447 | 10L Fountain | Quiet Test | Apartment Setup,Pokpet,2026-07-21,2026-12-19,11.50%,5017.0,5017.0,0,800,false
"[B0H51LP77X, B0GZKQLQXL]",amzn1.campaign.1I0I6U94GD82C,ACC-0446 | 10L Fountain | Unboxing | Apartment Setup,Pokpet,2026-07-21,2026-12-22,10.90%,5017.0,5017.0,0,800,false
"[B0H51LP77X, B0GZKQLQXL]",amzn1.campaign.L8F8KMLU005V,ACC-0445 | 10L Fountain | Shot List | Apartment Setup,Pokpet,2026-07-25,2026-11-19,10.10%,5015.0,5015.0,0,800,false
"[B0H51LP77X, B0GZKQLQXL]",amzn1.campaign.HMCLB8YAG6LE,ACC-0444 | 10L Fountain | FAQ | Apartment Setup,Pokpet,2026-07-22,2026-10-30,11.50%,5014.0,5014.0,0,800,false
"[B0H51LP77X, B0GZKQLQXL]",amzn1.campaign.3RVLBURMATKO7,ACC-0443 | 10L Fountain | Problem Fix | Apartment Setup,Pokpet,2026-07-21,2026-10-12,10.80%,5013.0,5013.0,0,800,false
"[B0H51LP77X, B0GZKQLQXL]",amzn1.campaign.2J4I1BHYJM9AE,ACC-0442 | 10L Fountain | Demo | Apartment Setup,Pokpet,2026-07-21,2026-09-25,10.10%,5012.0,5012.0,0,800,false
"[B0H51LP77X, B0GZKQLQXL]",amzn1.campaign.1MF3VWPX7EG3O,ACC-0439 | 10L Fountain | Wireless Spot | Busy Workday,Pokpet,2026-07-21,2027-01-03,10.10%,5009.0,5009.0,0,800,false
"[B0H51LP77X, B0GZKQLQXL]",amzn1.campaign.EZD7FQ2S9GU3,ACC-0438 | 10L Fountain | Clean Reset | Busy Workday,Pokpet,2026-07-26,2026-12-22,11.50%,5008.0,5008.0,0,800,false
"[B0H51LP77X, B0GZKQLQXL]",amzn1.campaign.1CFQHPXANVD3N,ACC-0437 | 10L Fountain | Quiet Test | Busy Workday,Pokpet,2026-07-21,2026-12-24,11.10%,5010.0,5010.0,0,800,false
"[B0H51LP77X, B0GZKQLQXL]",amzn1.campaign.2AJOCG0266BLO,ACC-0436 | 10L Fountain | Unboxing | Busy Workday,Pokpet,2026-07-21,2026-11-13,10.10%,5006.0,5006.0,0,800,false
"[B0H51LP77X, B0GZKQLQXL]",amzn1.campaign.3TJ0BAKH6VQ8Y,ACC-0436 | 10L Fountain | Unboxing | Busy Workday,Pokpet,2026-07-21,2026-11-13,10.10%,5006.0,5006.0,0,800,false
"[B0H51LP77X, B0GZKQLQXL]",amzn1.campaign.NEQNIVQ6161X,ACC-0435 | 10L Fountain | Shot List | Busy Workday,Pokpet,2026-07-21,2026-10-27,11.50%,5005.0,5005.0,0,800,false
"[B0H51LP77X, B0GZKQLQXL]",amzn1.campaign.1BDHJ4IDMY0EF,ACC-0435 | 10L Fountain | Shot List | Busy Workday,Pokpet,2026-07-21,2026-10-27,11.50%,5005.0,5005.0,0,800,false
"[B0H51LP77X, B0GZKQLQXL]",amzn1.campaign.13MPCQUTWIQKY,ACC-0434 | 10L Fountain | FAQ | Busy Workday,Pokpet,2026-07-25,2026-10-14,10.80%,5004.0,5004.0,0,800,false
"[B0H51LP77X, B0GZKQLQXL]",amzn1.campaign.35CX26OBY75V4,ACC-0434 | 10L Fountain | FAQ | Busy Workday,Pokpet,2026-07-25,2026-10-14,10.80%,5004.0,5004.0,0,800,false
"[B0H51LP77X, B0GZKQLQXL]",amzn1.campaign.3LZV1E515Z4Z7,ACC-0433 | 10L Fountain | Problem Fix | Busy Workday,Pokpet,2026-07-22,2026-09-24,10.10%,5003.0,5003.0,0,800,false
"[B0H51LP77X, B0GZKQLQXL]",amzn1.campaign.3GA8ZSL8D5I89,ACC-0433 | 10L Fountain | Problem Fix | Busy Workday,Pokpet,2026-07-22,2026-09-24,10.10%,5003.0,5003.0,0,800,false
[B0H5889ZPT],amzn1.campaign.3B5CBXYPIOYX6,Medical Terminology Flash Cards/Commission: 10%,HuanRanYo,2026-07-21,2026-12-31,10.00%,5000.0,4995.52,0,800,false
"[B071WLPBY8, B0GZYS78P4, B0GZSBKZH1, B07DMDBXJY, B08MW4RSNM, B0DQW59NTL]",amzn1.campaign.9DO7CEO5QV1,Wellness Gifts Full of My Love for You,Drkao,2026-07-22,2026-11-27,10.08%,27277.0,27277.0,0,800,false
"[B0GCDP88J9, B0GY78RL8V, B0FC1XT955, B0FRYXWDHS, B0F3VN7PHX, B0FJWPNSSK, B0F82V7DQT, B0FC1G8M45, B0FQNPK7DC, B0GWD94Z9C, B0FL85DB4W, B0DYTSP2FR, B0F6MLWMVD, B0FJXHHF8X, B0FRLVPXB6, B0FBFM7844, B0FBG2QMKD, B0F32PLY9N, B0FR2Y9TCJ, B0F835WQM6, B0FJ5FKMWS, B0F1MZGRT6, B0DXL2RG52, B0GVNQMGNH, B0F1CCQ7XC, B0FH6KSDKM, B0DXD3NX6C, B0F832WXW5, B0GG2W1YTQ]",amzn1.campaign.26KZOAZBURFLZ,I found a super useful quilting rulers,HUIFARI,2026-07-21,2026-12-28,10.00%,5000.0,5000.0,13,800,false
"[B0GCDP88J9, B0GY78RL8V, B0FC1XT955, B0FRYXWDHS, B0F3VN7PHX, B0FJWPNSSK, B0F82V7DQT, B0FC1G8M45, B0FQNPK7DC, B0GWD94Z9C, B0FL85DB4W, B0DYTSP2FR, B0F6MLWMVD, B0FJXHHF8X, B0FRLVPXB6, B0FBFM7844, B0FBG2QMKD, B0F32PLY9N, B0FR2Y9TCJ, B0F835WQM6, B0FJ5FKMWS, B0F1MZGRT6, B0DXL2RG52, B0GVNQMGNH, B0F1CCQ7XC, B0FH6KSDKM, B0DXD3NX6C, B0F832WXW5, B0GG2W1YTQ]",amzn1.campaign.3JTR10AJVN8FO,I found a super useful quilting rulers,HUIFARI,2026-07-21,2026-12-29,10.00%,5000.0,5000.0,14,800,false
"[B0GCDP88J9, B0GY78RL8V, B0FC1XT955, B0FRYXWDHS, B0F3VN7PHX, B0FJWPNSSK, B0F82V7DQT, B0FC1G8M45, B0FQNPK7DC, B0GWD94Z9C, B0FL85DB4W, B0DYTSP2FR, B0F6MLWMVD, B0FJXHHF8X, B0FRLVPXB6, B0FBFM7844, B0FBG2QMKD, B0F32PLY9N, B0FR2Y9TCJ, B0F835WQM6, B0FJ5FKMWS, B0F1MZGRT6, B0DXL2RG52, B0GVNQMGNH, B0F1CCQ7XC, B0FH6KSDKM, B0DXD3NX6C, B0F832WXW5, B0GG2W1YTQ]",amzn1.campaign.3FDCB8E4MUUUR,I found a super useful quilting rulers,HUIFARI,2026-07-21,2026-12-30,10.00%,5000.0,5000.0,13,800,false
"[B0GCDP88J9, B0GY78RL8V, B0FC1XT955, B0FRYXWDHS, B0F3VN7PHX, B0FJWPNSSK, B0F82V7DQT, B0FC1G8M45, B0FQNPK7DC, B0GWD94Z9C, B0FL85DB4W, B0DYTSP2FR, B0F6MLWMVD, B0FJXHHF8X, B0FRLVPXB6, B0FBFM7844, B0FBG2QMKD, B0F32PLY9N, B0FR2Y9TCJ, B0F835WQM6, B0FJ5FKMWS, B0F1MZGRT6, B0DXL2RG52, B0GVNQMGNH, B0F1CCQ7XC, B0FH6KSDKM, B0DXD3NX6C, B0F832WXW5, B0GG2W1YTQ]",amzn1.campaign.2ZBTQKN6B2XH7,I found a super useful quilting rulers,HUIFARI,2026-07-21,2026-12-31,10.00%,5000.0,5000.0,5,800,false
[B0H5TWV87X],amzn1.campaign.1HLUAC1F5P6FY,per month4000 + | 12% commission | Cat Deterrent Balls | Limited-time promotion,Mucyeek,2026-07-21,2027-07-15,12.00%,5000.0,5000.0,0,800,false
[B0H5TWV87X],amzn1.campaign.3QX2VLPT8T14F,per month4000 + | 12% commission | Cat Deterrent Balls | Limited-time promotion,Mucyeek,2026-07-21,2027-07-14,12.00%,5000.0,5000.0,7,800,false
[B0H5TWV87X],amzn1.campaign.2TXTVEYEGCGQC,per month4000 + | 12% commission | Cat Deterrent Balls | Limited-time promotion,Mucyeek,2026-07-21,2027-07-13,12.00%,5000.0,5000.0,6,800,false
[B0H5TWV87X],amzn1.campaign.31UKASUT3S6WF,per month4000 + | 12% commission | Cat Deterrent Balls | Limited-time promotion,Mucyeek,2026-07-21,2027-07-12,12.00%,5000.0,5000.0,6,800,false
[B0H5TWV87X],amzn1.campaign.2PA7YRLZTEIE5,per month4000 + | 12% commission | Cat Deterrent Balls | Limited-time promotion,Mucyeek,2026-07-21,2027-07-11,12.00%,5000.0,5000.0,7,800,false
[B0BX6WYSWT],amzn1.campaign.IPH6PHJVCPTD,Wagon Wheel Set WWS-BK-10IN-FBA Creator Connections 15%,Houseables,2026-07-21,2027-07-21,15.00%,999999.0,999999.0,0,800,false
[B07C59PWNT],amzn1.campaign.2RDWZ067OS3LN,Wire Vinyl Coated - 500 Feet (Silver) WVC-SL-500F-FBA Creator Connections 15%,Houseables,2026-07-21,2027-07-21,15.00%,999999.0,999999.0,0,800,false
[B0GYHR4675],amzn1.campaign.1YWLXJFNR70GH,"🚨 HUGE 50% OFF DEAL TO SHARE! (EASY 10% COMMISSION, NO VIDEO NEEDED)",ZIDARO,2026-07-22,2027-07-14,10.00%,5000.0,5000.0,0,800,false
[B0GYHR4675],amzn1.campaign.8A4V9PZ4ERGP,CRAZY 50% PRICE DROP! SHARE THIS PROMO CODE & EARN 10% COMMISSIONS,ZIDARO,2026-07-22,2027-03-31,10.00%,5000.0,5000.0,0,800,false
[B0GYHR4675],amzn1.campaign.O6JCI7O4BPVX,The Only Car Mount That Respects Your Tesla's Minimalist Interior,ZIDARO,2026-07-21,2027-07-21,10.00%,5000.0,5000.0,0,800,false
[B07C38KDZS],amzn1.campaign.1B2G1H2ORBJRP,Wire Vinyl Coated - 250 Feet (Silver) WVC-SL-250F-FBA Creator Connections 15%,Houseables,2026-07-21,2027-07-21,15.00%,999999.0,999992.39,0,800,false
"[B0GKH63YXZ, B0GKCWRRSG]",amzn1.campaign.2IDPMEWTYUGUC,ARKYO Sweet 16 Celebration,ARKYO,2026-07-21,2026-12-31,20.00%,5000.0,5000.0,0,800,false
[B00IJJXS4O],amzn1.campaign.1M2OO5UU1GN00,Wrist Brace MR-JDIZ-BJ7T-FBA Creator Connections 15%,Houseables,2026-07-21,2027-07-21,15.00%,999999.0,999996.9,0,800,false
[B0GR1G8XCQ],amzn1.campaign.2O3VHXAJ03LQG,🎁 Free Sample- DR. FARVITINO LABS NAD+ 550mg + Resveratrol Creator Campaign,DR. FARVITINO LABS,2026-07-21,2026-09-30,15.00%,5000.0,5000.0,0,800,false
[B0G31DBDRH],amzn1.campaign.2YY6CPRHSL53U,White Rotating Bookshelf - 6 Tier WRB-WH-7418-FBA Creator Connections 15%,Houseables,2026-07-21,2027-07-21,15.00%,999999.0,999981.0,0,800,false
[B0G2ZZMJSB],amzn1.campaign.3C7Y3I1HBKFFN,White Rotating Bookshelf - 5 Tier WRB-WH-6218-FBA Creator Connections 15%,Houseables,2026-07-21,2027-07-21,15.00%,999999.0,999982.2,0,800,false
[B09GCB12NP],amzn1.campaign.1BR5V4SM34KOS,White Rotating Bookshelf - 4 Tier WRB-WH-5019-FBA Creator Connections 15%,Houseables,2026-07-21,2027-07-21,15.00%,999999.0,999999.0,0,800,false
[B096CRZ2C7],amzn1.campaign.2QAQNG72LJPEA,Wall Niche Cabinet WNC-WH-1424-FBA Creator Connections 15%,Houseables,2026-07-21,2027-07-21,15.00%,999999.0,999999.0,0,800,false
[B07N139S7W],amzn1.campaign.560BKJ89QX6N,Wire Galvanized Vinyl WGV-SL-500F-FBA Creator Connections 15%,Houseables,2026-07-21,2027-07-21,15.00%,999999.0,999971.1,0,800,false
[B01HHMIVUY],amzn1.campaign.1C0WENALEN978,Webbing PW-B225-FBA Creator Connections 15%,Houseables,2026-07-21,2027-07-21,15.00%,999999.0,999996.73,0,800,false
[B0DDLKHB3F],amzn1.campaign.13MMNKIZ1DUBC,Washing Machine Drain Pan WDP-SL-3028-FBA Creator Connections 15%,Houseables,2026-07-21,2027-07-21,15.00%,999999.0,999999.0,0,800,false
[B0FH5V3PPN],amzn1.campaign.1FBHB4S3TAGWT,Washer Dryer Countertop WDC-BK-54IN-FBA-4 Creator Connections 15%,Houseables,2026-07-21,2027-07-21,15.00%,999999.0,999999.0,0,800,false
[B0CG3GG43S],amzn1.campaign.1123CS4TQETW0,Wheeled Cleaning Cart WCC-BK-48IN-FBA Creator Connections 15%,Houseables,2026-07-21,2027-07-21,15.00%,999999.0,999999.0,0,800,false
"[B0GFPG19Q1, B0GFPV86CH, B0GFPBMSQH, B0FVMLMQZ1]",amzn1.campaign.OQHZ96I91P4D,Collaborate with Us for Flush Mount Cylinder Ceiling Light to Get 40% Commission,FNOESTY,2026-07-21,2026-09-30,40.00%,5000.0,5000.0,0,800,false
[B0BGL8FVHM],amzn1.campaign.1A7A1U1SH2ABT,Wire Bin Roll File WBR-BK-20SL-FBA Creator Connections 15%,Houseables,2026-07-21,2027-07-21,15.00%,999999.0,999983.4,0,800,false
"[B0FKN961Y1, B0FKN9YYWK, B0FKNBQBJ5]",amzn1.campaign.I9WH9B1XTLK,Collaborate with Us for Dimmable Ceiling Spot Light to Get 40% Commission,FNOESTY,2026-07-21,2026-09-30,40.00%,5000.0,5000.0,0,800,false
[B0D47WYLR6],amzn1.campaign.170XX94ZWBSOQ,Wall Base Adhesive WBA-WH-0460-FBA Creator Connections 15%,Houseables,2026-07-21,2027-07-21,15.00%,999999.0,999999.0,0,800,false
[B0CRXTC593],amzn1.campaign.3GU6KIXQTCZWQ,Universal Tractor Seat UTS-BK-01PK-FBA Creator Connections 15%,Houseables,2026-07-21,2027-07-21,15.00%,999999.0,999999.0,0,800,false
[B09CF3G4KL],amzn1.campaign.11PHADXJTHHCX,Urinal Screen Mat USM-BL-10PK-FBA Creator Connections 15%,Houseables,2026-07-21,2027-07-21,15.00%,999999.0,999995.25,0,800,false
"[B0FZN5QC2Y, B0CQMTS1V8]",amzn1.campaign.37XDTIL5YRN2T,Trusted for decades “gold roast”,Gold Roast Coffee,2026-07-21,2027-01-08,10.00%,50000.0,50000.0,0,800,false
[B098YNVGPN],amzn1.campaign.2HV9MGBB52BN0,Uncoupling Membrane UCM-OR-323F-FBA Creator Connections 15%,Houseables,2026-07-21,2027-07-21,15.00%,999999.0,999881.4,0,800,false
"[B0FZN5QC2Y, B0CQMTS1V8]",amzn1.campaign.3G1BGH9B1A5KQ,Unique ultra-light “gold roast”,Gold Roast Coffee,2026-07-21,2027-01-12,10.00%,50000.0,50000.0,0,800,false
[B079S312BX],amzn1.campaign.247OGKP54JY6O,Tubing Vinyl Plastic TVP-CL-100FT-FBA Creator Connections 15%,Houseables,2026-07-21,2027-07-21,15.00%,999999.0,999999.0,0,800,false
"[B0CBTRYLVK, B018FJO2HO, B097F6YFXH, B0BC2C6KWF, B083NJDZNN, B0B178CBV8, B08FL8BBH3, B08W7BSWX1, B0FHQSX6L9, B08BG6X5SM, B09MR692G8, B0B4T8YC16, B07H4CR42Q, B09MR78G2H, B01BP0EZAE, B07N6QF9F2, B09MR56K2Z, B0BGVRCHDB, B08BG7QF4B, B08LF2DHVR, B08WYZNJ9Q, B007TEZD2A, B08LDWCR5C, B08LDZLFC2, B09BZX7LP1, B097F8HZ2M, B0753KC58T, B01BP0F1LG, B08BG7TD93, B09DQ8NT89, B0BC2B6RL7, B08Q62KN73, B0B4897P9V, B01BP0EZLS, B0BSGBTMTW, B01LME7MTY]",amzn1.campaign.Z4KE5M39Q3RM,supplement – Enhanced Labs,Enhanced,2026-07-21,2026-10-14,10.00%,50000.0,50000.0,0,800,false
[B0DQ5ZX6LX],amzn1.campaign.4D0X6Y39L9LI,Tool Stair Tread Template TST-BL-81216IN-FBA Creator Connections 15%,Houseables,2026-07-21,2027-07-21,15.00%,999999.0,999990.28,0,800,false
"[B008LVUJME, B00EOT5MEW, B01MFGE0P3, B005OZEAFW, B00NI9WBR0, B00R5ZOZS6, B01BP2G9PQ, B0146QYPMW, B013V1OVDQ, B00NI9WBSY, B09BG7YQHS, B005OZEB2O, B00NI9WBRA, B00SH2GBII, B00SNSSK5S, B004SLLJ16, B00KIZW0A0, B01M4RYJ68, B013V1OKO6, B00KIZW0LY, B0146QYPPE, B00CAXA9B0, B00EOT959K, B00SCYK06A, B00NI9WC88, B008LVWQMU, B09BG3TJPH, B008LVSKFM, B005OZEAY8, B01BP2GAWI, B005OZEABG, B004SLLKCY, B01BP2G8MA, B00SCYK2TK, B00CAXA8E8, B004SLMFSW, B01BP2G7E4, B004SLIDKQ, B01BP2G62C]",amzn1.campaign.2LRBGJ9DYD24A,Trutein High Protein Powder by Kinara,Trutein,2026-07-21,2026-12-17,10.00%,50000.0,50000.0,0,800,false
[B0D4FCXB14],amzn1.campaign.37U4AP3B7E7M5,Teak Shower Seat TSS-BR-16IN-FBA Creator Connections 15%,Houseables,2026-07-21,2027-07-21,15.00%,999999.0,999999.0,0,800,false
"[B0GNTBF3N4, B0GNTHSL5G, B0GNTMNKPR, B0GNTGQBHM]",amzn1.campaign.3739N3T9BWLD9,Extermanix Powerful Mouse & Insect Glue Traps,Extermanix,2026-07-21,2026-11-19,20.00%,50000.0,50000.0,0,800,false
"[B01IRIVFE6, B01IRHYSPK, B00ZZ5KRTO, B01IRIOWDC]",amzn1.campaign.2KVNFJY2IGKX3,🍑☕👀This isn’t the kind of coffee you just drink… 🍑☕👀,S.A. WILSON'S,2026-07-21,2027-04-23,13.00%,50000.0,50000.0,0,800,false
"[B01IAHYDHK, B095T2YR36, B000052YTE, B00IFZSVOY, B000052YTD, B08L831XVP, B000H208B2, B000GG2JZW]",amzn1.campaign.2QEWAJOT1HZPR,Vitamin B3 Supplement for Heart Wellness,Kinara,2026-07-21,2026-11-30,10.00%,50000.0,50000.0,0,800,false
[B0CMSDXHNR],amzn1.campaign.UAHNEOMLIO3J,Tire Storage Rack TSR-BK-60IN-FBA Creator Connections 15%,Houseables,2026-07-21,2027-07-21,15.00%,999999.0,999999.0,0,800,false
"[B07GSHC69H, B0CNS59BY8, B00BPYYWYA, B07DPT2PBF, B0CXBNCSFM, B07XJZF5HH, B09JDVS7LB, B0CNQJ772Q, B0CNQHFT7T, B08QW7MPVY, B08VNP2HDC, B08CY73WKC, B09NS2TB9J, B00BPY41ZU, B09JDC6HH7, B0CQD9X4M9, B0CNJFFCTC, B0BLXXJ9KS, B079MG7HDW, B0CNQGYNNK, B09JFGZ5QQ, B07GSGTVYW, B07GSGLF52, B08NRG65RY, B07ZL37FHJ, B0DR9WGNLS, B0CNS7F9HD, B08C5MCQ8S, B07XL4T2YV, B0CNQJR6KS, B08TX48CMG, B0CXBNGWVV, B07L6PHBWQ, B0CBQHMYJV, B0DKKGT577, B0BLW8V1HQ, B07ZKZXSWH, B01N4LJOE2, B0DKPGGJ1R, B09YDP69W9, B0CQ9WPJN4, B07VDM9SL7, B089N9MKRF, B09JDQZF43, B097Q6BDBS, B0CNQGMJM2, B0CR6ZHF4V, B09NS2J13L, B0CXC7TVSB, B0CNQHTFQL, B07MWD9QZV, B07LCWD8DY, B011M61H7A, B0DR9YN38S, B08KHPM67D, B092RJWV83, B0D47YZ6GM, B082LS3VRV, B07GSHQR8B, B07F2PSTVW, B0CJ16WBYM, B0CR6YK2PQ, B0BQJX7235, B0DPJ8ZVNK, B07ZL42CP1, B0DPH8JQZS, B0BLW862BK, B0CNQH37QJ, B08BNB1KQK, B09JGVGVBR, B0BLXHQPS2, B09JDWPQQY, B07DPVCRZZ, B08P2D1X64, B0CXBSRR75, B0BLW9JCCK, B0BLXX9RNR, B0CR6P6PBV, B0DJG3XPVZ, B0DR9W53KY, B0DKKZD8HY]",amzn1.campaign.206YA9SL2OC8V,State-of-the-art EMF protection,DefenderShield,2026-07-21,2026-12-16,10.00%,20000.0,20000.0,0,800,false
[B09Q6G69K1],amzn1.campaign.B3JHE71CDLUY,Trellis Netting TLN-NY-5350-FBA Creator Connections 15%,Houseables,2026-07-21,2027-07-21,15.00%,999999.0,999991.95,0,800,false
"[B07GSHC69H, B0CNS59BY8, B00BPYYWYA, B07DPT2PBF, B0CXBNCSFM, B07XJZF5HH, B09JDVS7LB, B0CNQJ772Q, B0CNQHFT7T, B08QW7MPVY, B08VNP2HDC, B08CY73WKC, B09NS2TB9J, B00BPY41ZU, B09JDC6HH7, B0CQD9X4M9, B0CNJFFCTC, B0BLXXJ9KS, B079MG7HDW, B0CNQGYNNK, B09JFGZ5QQ, B07GSGTVYW, B07GSGLF52, B08NRG65RY, B07ZL37FHJ, B0DR9WGNLS, B0CNS7F9HD, B08C5MCQ8S, B07XL4T2YV, B0CNQJR6KS, B08TX48CMG, B0CXBNGWVV, B07L6PHBWQ, B0CBQHMYJV, B0DKKGT577, B0BLW8V1HQ, B07ZKZXSWH, B01N4LJOE2, B0DKPGGJ1R, B09YDP69W9, B0CQ9WPJN4, B07VDM9SL7, B089N9MKRF, B09JDQZF43, B097Q6BDBS, B0CNQGMJM2, B0CR6ZHF4V, B09NS2J13L, B0CXC7TVSB, B0CNQHTFQL, B07MWD9QZV, B07LCWD8DY, B011M61H7A, B0DR9YN38S, B08KHPM67D, B092RJWV83, B0D47YZ6GM, B082LS3VRV, B07GSHQR8B, B07F2PSTVW, B0CJ16WBYM, B0CR6YK2PQ, B0BQJX7235, B0DPJ8ZVNK, B07ZL42CP1, B0DPH8JQZS, B0BLW862BK, B0CNQH37QJ, B08BNB1KQK, B09JGVGVBR, B0BLXHQPS2, B09JDWPQQY, B07DPVCRZZ, B08P2D1X64, B0CXBSRR75, B0BLW9JCCK, B0BLXX9RNR, B0CR6P6PBV, B0DJG3XPVZ, B0DR9W53KY, B0DKKZD8HY]",amzn1.campaign.1RCLVRIAO49GY,Exclusive Medical and Scientific Advisory Board - DefenderShield,DefenderShield,2026-07-22,2026-10-14,10.00%,50000.0,50000.0,0,800,false
"[B07GSHC69H, B0CNS59BY8, B00BPYYWYA, B07DPT2PBF, B0CXBNCSFM, B07XJZF5HH, B09JDVS7LB, B0CNQJ772Q, B0CNQHFT7T, B08QW7MPVY, B08VNP2HDC, B08CY73WKC, B09NS2TB9J, B00BPY41ZU, B09JDC6HH7, B0CQD9X4M9, B0CNJFFCTC, B0BLXXJ9KS, B079MG7HDW, B0CNQGYNNK, B09JFGZ5QQ, B07GSGTVYW, B07GSGLF52, B08NRG65RY, B07ZL37FHJ, B0DR9WGNLS, B0CNS7F9HD, B08C5MCQ8S, B07XL4T2YV, B0CNQJR6KS, B08TX48CMG, B0CXBNGWVV, B07L6PHBWQ, B0CBQHMYJV, B0DKKGT577, B0BLW8V1HQ, B07ZKZXSWH, B01N4LJOE2, B0DKPGGJ1R, B09YDP69W9, B0CQ9WPJN4, B07VDM9SL7, B089N9MKRF, B09JDQZF43, B097Q6BDBS, B0CNQGMJM2, B0CR6ZHF4V, B09NS2J13L, B0CXC7TVSB, B0CNQHTFQL, B07MWD9QZV, B07LCWD8DY, B011M61H7A, B0DR9YN38S, B08KHPM67D, B092RJWV83, B0D47YZ6GM, B082LS3VRV, B07GSHQR8B, B07F2PSTVW, B0CJ16WBYM, B0CR6YK2PQ, B0BQJX7235, B0DPJ8ZVNK, B07ZL42CP1, B0DPH8JQZS, B0BLW862BK, B0CNQH37QJ, B08BNB1KQK, B09JGVGVBR, B0BLXHQPS2, B09JDWPQQY, B07DPVCRZZ, B08P2D1X64, B0CXBSRR75, B0BLW9JCCK, B0BLXX9RNR, B0CR6P6PBV, B0DJG3XPVZ, B0DR9W53KY, B0DKKZD8HY]",amzn1.campaign.GASYY9XJC13H,EMF Protection - DefenderShield,DefenderShield,2026-07-21,2026-10-14,10.00%,50000.0,50000.0,0,800,false
"[B005W5ZZJY, B00LSCDX7G]",amzn1.campaign.1BY84OQJA6JZM,Ear Lobe -  Clear design supports all earring types,Lobe Wonder,2026-07-21,2027-01-20,15.00%,50000.0,50000.0,0,800,false
[B0GVJB8667],amzn1.campaign.YT3K05ZDV6D,High-Converting Clothesline Collaboration | 15% Commission + Flexible Promotion,jialiin,2026-07-21,2027-06-30,15.00%,5000.0,5000.0,0,800,false
"[B005W5ZZJY, B00LSCDX7G]",amzn1.campaign.1JSBMFVCB5TJ8,Instant Lobe Support,Lobe Wonder,2026-07-22,2027-02-24,15.00%,50000.0,50000.0,0,800,false
"[B0CZLKTMBS, B0B67SFR44, B0CRRF5Y2B, B0B67SMV4Y, B0DHXJBTBJ]",amzn1.campaign.12AQRE9JI597D,KUZOR Square Bathroom Sink Faucet | Detachable Spout & Flow Control,KUZOR,2026-07-22,2027-07-15,12.00%,5000.0,5000.0,0,800,false
"[B0CZLKTMBS, B0B67SFR44, B0CRRF5Y2B, B0B67SMV4Y, B0DHXJBTBJ]",amzn1.campaign.GGIAEM3DBLR0,KUZOR Square Bathroom Sink Faucet | Short vs. Tall Selection Guide,KUZOR,2026-07-22,2027-07-17,12.00%,5000.0,5000.0,9,800,false
"[B0CZLKTMBS, B0B67SFR44, B0CRRF5Y2B, B0B67SMV4Y, B0DHXJBTBJ]",amzn1.campaign.34K1G79RJ4AF2,KUZOR Nickel-Finish Square Bathroom Sink Faucet | Everyday Vanity,KUZOR,2026-07-22,2027-07-18,12.00%,5000.0,5000.0,5,800,false
"[B0CZLKTMBS, B0B67SFR44, B0CRRF5Y2B, B0B67SMV4Y, B0DHXJBTBJ]",amzn1.campaign.3A1WVQ8WG46R2,KUZOR Gold Square Bathroom Sink Faucet | Warm-Tone Bathroom Styling,KUZOR,2026-07-22,2027-07-19,12.00%,5000.0,5000.0,6,800,false
"[B09PYFQN93, B0C7BWDJD7, B0CCJC76FL, B09YC7KRR5]",amzn1.campaign.3JX082J46OGMJ,KUZOR Waterfall Bathroom Faucet | Wide-Spout Flow Demo,KUZOR,2026-07-22,2027-07-19,12.00%,5000.0,5000.0,0,800,false
"[B09PYFQN93, B0C7BWDJD7, B0CCJC76FL, B09YC7KRR5]",amzn1.campaign.7NW2IA2ZZWAG,KUZOR Waterfall Bathroom Faucet Collection | Heights & Finishes,KUZOR,2026-07-22,2027-07-21,12.00%,5000.0,5000.0,3,800,false
"[B0FJRSBTFB, B0BQYJRGWG, B0B4WFG5R7, B0BQYHN26F, B0B4WFSGMC, B0FJRYXSBT, B0B4WFP1VS, B0BQYKWGGP]",amzn1.campaign.1FKUUT86GJHRR,KUZOR Pop Up Sink Drain | Cleaning & Everyday Maintenance,KUZOR,2026-07-22,2027-07-12,15.00%,5000.0,5000.0,0,800,false
"[B0FJRSBTFB, B0BQYJRGWG, B0B4WFG5R7, B0BQYHN26F, B0B4WFSGMC, B0FJRYXSBT, B0B4WFP1VS, B0BQYKWGGP]",amzn1.campaign.2HUJHQ2VIOWQX,KUZOR Pop Up Sink Drain | Bathroom Finish-Matching Ideas,KUZOR,2026-07-22,2027-07-13,15.00%,5000.0,5000.0,8,800,false
[B0FVSCYKDN],amzn1.campaign.RVYETCPW5H11,"Wiltire 15x6.00-6 Turf-V Mower Tires, 2-Pack",Wiltire,2026-07-22,2027-07-21,15.00%,5000.0,5000.0,3,800,false
[B0FVSCRVRG],amzn1.campaign.2XCCL849E3H9S,"Wiltire 13x6.50-6 V-Tread Mower Tires, 2-Pack",Wiltire,2026-07-22,2027-07-21,15.00%,5000.0,5000.0,0,800,false
[B0FVSCF77L],amzn1.campaign.1Z5QJSOCN1HSF,"Wiltire 16x6.50-8 V-Tread Mower Tires, 2-Pack",Wiltire,2026-07-22,2027-07-21,15.00%,5000.0,5000.0,0,800,false
[B0FVSD5S9S],amzn1.campaign.292LOVS1RVZEG,"Wiltire 15x6.00-6 Turf-S Tubeless Mower Tires, 2-Pack",Wiltire,2026-07-22,2027-07-21,15.00%,5000.0,5000.0,0,800,false
[B0DT13N19X],amzn1.campaign.1SZ86LBNLGLG7,Wiltire 4.80/4.00-8 Flat Free Wheelbarrow Wheels,Wiltire,2026-07-22,2027-07-21,15.00%,5000.0,5000.0,0,800,false
[B0DSVKGK8D],amzn1.campaign.10YCQVWISBVQY,Wiltire 4.10/3.50-4 Flat Free Cart Wheels 2-Pack,Wiltire,2026-07-22,2027-07-21,15.00%,5000.0,5000.0,0,800,false
[B0DSVK7Z7V],amzn1.campaign.25F0LZC39W6B9,Wiltire 4.10/3.50-4 Flat Free Utility Wheels 2-Pack,Wiltire,2026-07-22,2027-07-21,15.00%,5000.0,5000.0,1,800,false
[B0DSW2C98Y],amzn1.campaign.3L8OF5VVSF1ZF,Wiltire 16x6.50-8 Flat Free Mower Wheel 2-Pack,Wiltire,2026-07-22,2027-07-21,15.00%,5000.0,5000.0,0,800,false
[B0DSW47Z63],amzn1.campaign.1NRK6MUOCDP6H,Wiltire 13x5.00-6 Flat Free Mower Wheel 2-Pack,Wiltire,2026-07-22,2027-07-21,15.00%,5000.0,5000.0,0,800,false
[B0DSW3B32R],amzn1.campaign.ZP1KFY3DBIB1,Wiltire 11x4.00-5 Flat Free Mower Wheel 2-Pack,Wiltire,2026-07-22,2027-07-21,15.00%,5000.0,5000.0,0,800,false
[B0DSW3NRJL],amzn1.campaign.2HLDBTT3NYOU4,Wiltire 15x6.00-6 Yellow Lawn Mower Wheel 2-Pack,Wiltire,2026-07-22,2027-07-21,15.00%,5000.0,5000.0,0,800,false
[B0C8H37MNY],amzn1.campaign.1M2MOLXXHIAR5,Precision Tip Steam Iron for Home Care - OMAIGA 1750W - 15% - 965,OMAIGA,2026-07-22,2027-07-13,15.00%,5000.0,5000.0,0,800,false
[B0C8H37MNY],amzn1.campaign.2J0JQZ3O3MP2G,Large Tank Steam Iron for Home Clothing Care - OMAIGA 1750W - 15% - 965,OMAIGA,2026-07-22,2027-07-17,15.00%,5000.0,5000.0,1,800,false
[B0FG83NJWD],amzn1.campaign.2TL4UAC9CSBO5,Table Foldable Coffee TCF-BR-2040-FBA-6 Creator Connections 15%,Houseables,2026-07-21,2027-07-21,15.00%,999999.0,999999.0,0,800,false
"[B09ZQK9QJ7, B0D795DFNY, B091DXZ1BF]",amzn1.campaign.144G1J0OXA6FT,Home Wardrobe Refresh with OMAIGA Cordless Steam Iron - 15% Commission - 950RV,OMAIGA,2026-07-22,2027-07-15,15.00%,5000.0,5000.0,0,800,false
"[B09ZQK9QJ7, B0D795DFNY, B091DXZ1BF]",amzn1.campaign.9SAU1451QG29,Home Appliance Pick! OMAIGA 1500W Cordless Steam Iron - 15% - 950RV,OMAIGA,2026-07-22,2027-07-17,15.00%,5000.0,5000.0,0,800,false
"[B09ZQK9QJ7, B0D795DFNY, B091DXZ1BF]",amzn1.campaign.29ZKPWQPN8I1E,Flexible Home Ironing with OMAIGA Cordless Steam Iron - 15% Commission - 950RV,OMAIGA,2026-07-22,2027-07-20,15.00%,5000.0,5000.0,0,800,false
[B0CGTX5NSJ],amzn1.campaign.3IJ9I3ZXCC89U,Tailgate Bike Pad TBP-BK-53IN-FBA Creator Connections 15%,Houseables,2026-07-21,2027-07-21,15.00%,999999.0,999999.0,0,800,false
[B0DGMFKS4F],amzn1.campaign.3D5YIDJUJNOM6,T-Slot Aluminum Extrusion TAE-BK-10PC-FBA Creator Connections 15%,Houseables,2026-07-21,2027-07-21,15.00%,999999.0,999987.75,0,800,false
[B0D45Y9HSZ],amzn1.campaign.8FX9Q2KIU8H7,Ski Wall Rack SWR-BK-32IN-FBA Creator Connections 15%,Houseables,2026-07-21,2027-07-21,15.00%,999999.0,999999.0,0,800,false
[B072MQD533],amzn1.campaign.15XBD6S35IJA0,Straw Wide Long SWL-NE-10IN-FBA Creator Connections 15%,Houseables,2026-07-21,2027-07-21,15.00%,999999.0,999990.9,0,800,false
[B091DWBBPK],amzn1.campaign.62AURCDCUMID,Simple Clothing Care at Home with OMAIGA 1500W Steam Iron - 15% Commission - 937,OMAIGA,2026-07-22,2027-07-17,15.00%,5000.0,5000.0,0,800,false
[B091DWBBPK],amzn1.campaign.1WJAW2UB68Z0I,Workday Outfit with OMAIGA 1500W Steam Iron - 15% Commission - 937,OMAIGA,2026-07-22,2027-07-18,15.00%,5000.0,5000.0,5,800,false
[B091DXM4C4],amzn1.campaign.1HSPXSSN9UJU4,Workday Outfit Prep with OMAIGA 1750W Steam Iron - 15% Commission - 865,OMAIGA,2026-07-22,2027-07-14,15.00%,5000.0,5000.0,0,800,false
[B07V2BNXYF],amzn1.campaign.3E3JFJIK28CSZ,Screen Roll Fiberglass SRF-BK-36IN-FBA Creator Connections 15%,Houseables,2026-07-21,2027-07-21,15.00%,999999.0,999993.6,0,800,false
"[B0F8HQW5SY, B0F8HQG4ZK, B0F8H93ZFW, B0F8HQG4ZF, B0F8HNNRGS, B0F8HBJXVF, B0F8HNR8C3]",amzn1.campaign.P6Z6TWN8R5YM,WATERELF Butter Slime Collection | Short-Form Video Friendly,WATERELF,2026-07-22,2027-07-16,15.00%,5000.0,5000.0,5,800,false
"[B0F8HQW5SY, B0F8HQG4ZK, B0F8H93ZFW, B0F8HQG4ZF, B0F8HNNRGS, B0F8HBJXVF, B0F8HNR8C3]",amzn1.campaign.1MI7RKXZ3Y6MI,WATERELF Dessert Slime Collection | Multiple Themes to Explore,WATERELF,2026-07-22,2027-07-17,15.00%,5000.0,5000.0,7,800,false
"[B0DRCZJTRQ, B0DRCXK9J1, B0DRCX9Z7C, B0DRCW3B8Y, B0DRCZYY3L, B0DRCVDYDM, B0DRCXMGP1, B0DRD298QL, B0DRCXRFFR, B0DRD2CPC4, B0DRD159P3, B0DRCV5LJK, B0DRCXVLWK, B0DRCY74KT, B0DRCWRNYT, B0DRCZ1JL2, B0DRCY9YZ4, B0DRCWKSYT, B0DRCW1K9T, B0DRCXBSXF, B0DRCYZC3P, B0DRCZ21FW, B0DRCZ7GCD, B0FLBGNF3L, B0DRCWYB5H, B0DRCYT7ZH, B0DRCW28JG, B0DRCWYB5C, B0DRCZ4J9Y, B0FG1GY8JH, B0DRCZ691P, B0DRCXP8K8, B0DRCWBCN1, B0DRCZ7ZYB, B0DZD6CRTY, B0DRCZ4XN1, B0DRCXPT9N, B0DRCXLP21, B0DRD1MV2H, B0DRCXXKHW, B0FKY1QZJR, B0FLPNQWX9, B0DRCWKR8X, B0DRCYC1JS, B0DRCY65YV, B0DRCXJ7ZK, B0DRCYNNGT, B0DRCXV2DJ, B0DRCXQQY9, B0DRCXGMS2, B0DRCXJ7FG]",amzn1.campaign.143O31KTKWD3H,"MLIP Human Hair Bundles Straight, Raw Virgin Indian Hair Bundles, Full & Thick",mlip,2026-07-21,2027-07-20,15.00%,10000.0,10000.0,0,800,false
[B079MJB5WR],amzn1.campaign.O50URJY6J7P6,Shower Niche Shelf SNS-GR-1228-FBA Creator Connections 15%,Houseables,2026-07-21,2027-07-21,15.00%,999999.0,999999.0,0,800,false
"[B0FFTQ45NQ, B0FFTMMRLC, B0FFTQ3X63, B0FFTNB5XF, B0FFTN6YNH, B0FFTJPD3W, B0FFTNW3W2, B0FFTNCNCS, B0FFTMWM2J, B0FFXW9TKP, B0FFYH4LG2, B0FFZ3LKJS, B0FFTQWVMC, B0FFTNZWHZ, B0FFX6XPCQ, B0FFTN158P, B0FFTQVH9S, B0FFYGSJ41, B0FFTPB5F7, B0FFY13SPG, B0FFTNS7WJ, B0FFTNWH5T, B0FFYKKJHG, B0FFYGNV43, B0FFYH1GLZ, B0FFTPSYK1, B0FFTNTBBV, B0FFTPCH48, B0FFY1B7GQ, B0FFYFW76M, B0FFTND1SQ]",amzn1.campaign.1UVCC2AIA1OPF,18A mlip Raw Indian Hair Bundle Straight Enhanced Quality Bundle Virgin Hair,mlip,2026-07-21,2027-07-21,15.00%,10000.0,10000.0,0,800,false
"[B0GKDQ1C3C, B0GKDFMCS9, B0GKDDVXRW, B0GKDJ5YDM, B0GKDX9PS8, B0GKDRD1BF, B0GKDL3ZFX, B0GKDNVLKC, B0GKD5T43D, B0GKD2PNDN, B0GKD639ZF, B0GKDL85KB, B0GKD5T43C, B0GKDXPHLV, B0GKD2QJN6, B0GKDB8T16, B0GKDJ6VK5, B0GKDGD4YL, B0GKDJDRQL, B0GKDLGTX3, B0GKDJJTGR, B0GKD86LRD, B0GKDDT5TJ, B0GKDH2QW8, B0GKD8TRDH, B0GKD25TPF, B0GKDGRLZH, B0GKDNK61G, B0GKD5PWCT]",amzn1.campaign.37DA3J8SDNFNO,"Mlip Premium Burmese Curly Bundles Human Hair 16 18 20 Inch Natural, 100% Raw",mlip,2026-07-21,2027-07-20,30.00%,10000.0,10000.0,0,800,false
"[B0CQX7PTMP, B0CQX8KMNZ, B0CQX7P4K3, B0D8GRPB4M, B0CQX89TZM]",amzn1.campaign.2RD51RANZXNLS,"WATERELF Galaxy Slime Family | Variety, Texture, and Fun",WATERELF,2026-07-22,2027-07-14,15.00%,5000.0,5000.0,0,800,false
[B0C4435B5S],amzn1.campaign.OJLUHQP9CYZC,Sign Letter Ledge SLS-BR-39IN-FBA Creator Connections 15%,Houseables,2026-07-21,2027-07-21,15.00%,999999.0,999999.0,0,800,false
"[B0D9TBY3MZ, B0D9TBQHJY, B0D9TC8FYS, B0FL1K16D7, B0D9TCB2XN, B0FL1Q5R9B, B0GV769Q7W, B0FL1Q9N9G, B0D9TBX7PT, B0FL1Q9N18, B0D9TCFD78, B0D9TBT1YC, B0D9TB2CDX, B0FL1N4DP3, B0D9TCJ28V, B0D9TBSQ9X, B0D7GWCMBN, B0D9TCW2JZ, B0GTYXBLVT, B0D9TBKZH6, B0D9TBV79M, B0D9TBY5YS, B0FL1Q5Z1V, B0D9TCK9Q3, B0D9TCJ84W, B0D9TBVZK1, B0D9TBX9KX, B0D9TCHCZ6, B0D9TBTSJX, B0D9TCH1GB, B0GV6Q8YSF, B0FL1S3648, B0FL1JZN66, B0FL1MYF8Y, B0D7M8BGYS, B0FGTV5TS2, B0GS1KLFS1, B0D7LMVC5Y, B0D9TCH3NZ, B0FYV24NWB, B0D9TC1VLD, B0D9TBQCKS, B0FL1Q4KSN, B0FRMXPY6M, B0FL1R34XX, B0FM74JRXM, B0D9TBWV1Z, B0D9TBHF34, B0FL1PW838, B0D9TCV6FT, B0GS1WFZH7, B0D9TCG2X1, B0FMQBXF4S, B0D9TC9H3F, B0GV61H1HM, B0D9TD5Y5S, B0GWTC6HSZ, B0FSJZQP4W, B0FL1JZFTY, B0D9TCV997, B0D9TC5HL6, B0D9TC13NF, B0D9TC6S9K, B0FH4FCVP2, B0D9TCG6NQ, B0D9TC13ND, B0G3W58NPQ, B0D9TC1598, B0D7LBK8W2, B0D7H5PV5Z, B0D9TBLJNQ, B0D9TBQBTG, B0FL1QF5T8, B0D9TBSZ8Q, B0D9TBPXZS, B0D7LPRNXW, B0D9TBLW89, B0D9TCFH89, B0D7LYXQ3R, B0D9TD1H59, B0FGTPTCMK, B0FL1JYTH8, B0D9TCCRHQ, B0DKFKGLCN, B0D9TB7MSH, B0GVLYGNML, B0FY5B2Z52, B0D7LYJTDJ, B0FL1M9XMW, B0D9TBW2JC, B0FL1Q4L71, B0D9TBVG5Y, B0GS1JYY6L, B0GV3VTSGN]",amzn1.campaign.35X5XLYAF6EZY,"MLIP Raw Indian Human Hair Body Wave 3 Bundles, 3X Longer Lifespan Full & Thick",mlip,2026-07-21,2027-07-21,10.00%,10000.0,10000.0,0,800,false
[B08F9WJPKP],amzn1.campaign.2ZBDYTAUUOHO9,Sign Letter Portable SLP-CL-08IN-N-FBA Creator Connections 15%,Houseables,2026-07-21,2027-07-21,15.00%,999999.0,999924.48,0,800,false
[B0GPVPR1NY],amzn1.campaign.3IY3LN1DT3MHK,Jazzy's Cream — Plant-Based Healing Cream for Horses (Scratches & Rain Rot),Verdant Equus,2026-07-21,2026-09-30,15.00%,5000.0,4986.5,0,800,false
[B0DJ1PWPQX],amzn1.campaign.2CBRTQN9O5D73,Sand Flea Rake SFR-SL-1507-FBA Creator Connections 15%,Houseables,2026-07-21,2027-07-21,15.00%,999999.0,999999.0,0,800,false
"[B0F8H224LZ, B0D8GPPFMS, B0F8HTZPYQ, B0F8H6LW4Z, B0D8GRKM7T, B0FHPRTPSV, B0F8GX2LFH, B0D8GJ6XBW, B0F8HLHH4N]",amzn1.campaign.1LFPLCT5PADBZ,WATERELF Putty Collection | Desk Toy & Fidget Play,WATERELF,2026-07-22,2027-07-13,15.00%,5000.0,5000.0,0,800,false
"[B0F8H224LZ, B0D8GPPFMS, B0F8HTZPYQ, B0F8H6LW4Z, B0D8GRKM7T, B0FHPRTPSV, B0F8GX2LFH, B0D8GJ6XBW, B0F8HLHH4N]",amzn1.campaign.T3XFM07W2D28,WATERELF Putty Collection | Short-Form Video Friendly Toy,WATERELF,2026-07-22,2027-07-16,15.00%,5000.0,5000.0,12,800,false
[B0CJFMS9F2],amzn1.campaign.10Q5PSS67P0XD,Scaffold Caster Wheels SCW-BK-08IN-FBA Creator Connections 15%,Houseables,2026-07-21,2027-07-21,15.00%,999999.0,999981.45,0,800,false
[B0G3QFF6DH],amzn1.campaign.2LCVZAR715IE2,Step Bed Stool SBS-WH-40IN-FBA-2 Creator Connections 15%,Houseables,2026-07-21,2027-07-21,15.00%,999999.0,999989.1,0,800,false
"[B0F38B8992, B0FHQ3X7JP, B0F8HQLDBK, B0F8H5YHND, B0F8HDGGVC, B0F8HHVBX5, B0D8GQM27Q, B0DJSCJRXH, B0FHQ2WS2Y, B0F8HT7FBN, B0D8GJ7XC6]",amzn1.campaign.3CHM2AXDO7BMM,"WATERELF Putty Collection | Desk Toy, Fidget, and Sensory Play",WATERELF,2026-07-22,2027-07-13,15.00%,5000.0,5000.0,0,800,false
"[B0F38B8992, B0FHQ3X7JP, B0F8HQLDBK, B0F8H5YHND, B0F8HDGGVC, B0F8HHVBX5, B0D8GQM27Q, B0DJSCJRXH, B0FHQ2WS2Y, B0F8HT7FBN, B0D8GJ7XC6]",amzn1.campaign.24U63I2992Y0L,WATERELF Putty Collection | Short-Form Video Friendly Toy,WATERELF,2026-07-22,2027-07-16,15.00%,5000.0,5000.0,10,800,false
[B0CQRZLS6W],amzn1.campaign.38V2ZPQC5B0XG,Speed Bag Platform SBP-BR-24IN-FBA Creator Connections 15%,Houseables,2026-07-21,2027-07-21,15.00%,999999.0,999965.4,0,800,false
"[B0F38B8992, B0FHQ3X7JP, B0F8HQLDBK, B0F8H5YHND, B0F8HDGGVC, B0F8HHVBX5, B0D8GQM27Q, B0DJSCJRXH, B0FHQ2WS2Y, B0F8HT7FBN, B0D8GJ7XC6]",amzn1.campaign.3RA280S9N58H3,WATERELF Putty Family | Satisfying Stretch & Visual Variety,WATERELF,2026-07-22,2027-07-20,15.00%,5000.0,5000.0,7,800,false
[B0DWZC3M9C],amzn1.campaign.1PN36M51YBGU6,RV Mount Table RMT-SL-0704-FBA Creator Connections 15%,Houseables,2026-07-21,2027-07-21,15.00%,999999.0,999999.0,0,800,false
[B0G3222C4M],amzn1.campaign.27BUJ3ICMQUDW,Record Display Cabinet RDC-BR-37IN-FBA-3 Creator Connections 15%,Houseables,2026-07-21,2027-07-21,15.00%,999999.0,999999.0,0,800,false
[B0CNMS95DF],amzn1.campaign.SUHCO37AQ3ZV,Receptionist Desk Counter RDC-BK-4743-FBA Creator Connections 15%,Houseables,2026-07-21,2027-07-21,15.00%,999999.0,999999.0,0,800,false
[B0F74ND1Q3],amzn1.campaign.2T1GYP3NG3LGF,Rack Clothing Wall Mounted RCW-82IN-FBA Creator Connections 15%,Houseables,2026-07-21,2027-07-21,15.00%,999999.0,999999.0,0,800,false
"[B0F9YSK18T, B0F8HL7271, B0F8HLWWYZ, B0FHQ2DYZ9, B0F8HLV54R, B0F9YVRYH5, B0F8HBF2XZ, B0F9YR2B3X, B0F9YN9LTM, B0F8HN21MG, B0F8HPBH7T]",amzn1.campaign.1YBUDRXBL0B5V,WATERELF Putty Collection | Bold Colors & Satisfying Play,WATERELF,2026-07-22,2027-07-20,15.00%,5000.0,5000.0,0,800,false
[B0CL55YFTT],amzn1.campaign.1TH31CB2BTSSO,Lenovo ThinkPad USB-C Dock Gen 2 (40AS0090US) – Universal Workstation Dock,Koncept,2026-07-23,2027-03-31,10.00%,50000.0,49986.0,0,800,false
[B0DHYMMTD4],amzn1.campaign.30P93LC3IWZO6,Pressure Washer Reel PWR-BK-17IN-FBA Creator Connections 15%,Houseables,2026-07-21,2027-07-21,15.00%,999999.0,999999.0,0,800,false
[B0F63JCT9L],amzn1.campaign.3PAEXQN03Y3YY,Methylene Blue 1% Premium Quality,Health Plus+,2026-07-21,2027-07-20,30.00%,5000.0,5000.0,0,800,false
[B0CVN4PPJX],amzn1.campaign.2AW2IORM3R75X,Dell WD19S 180W Docking Station – Ultimate Dual Monitor USB-C Dock (Renewed),Koncept,2026-07-23,2027-03-30,10.00%,50000.0,50000.0,0,800,false
[B0CV961JV5],amzn1.campaign.1ERI8XJL2VHMO,Dell D6000S Universal Docking Station – USB-C Workstation Dock (Renewed),Koncept,2026-07-24,2027-03-30,10.00%,50000.0,50000.0,0,800,false
[B0DCRHCQZ7],amzn1.campaign.2HX9HXSORFOAU,PVC Pipe Reamer PPR-RD-06PC-FBA Creator Connections 15%,Houseables,2026-07-21,2027-07-21,15.00%,999999.0,999999.0,0,800,false
[B0D29KDZRG],amzn1.campaign.CQHNBGOORI7I,Fujitsu FI-6130Z Duplex Document Scanner – High-Speed Sheet-Fed Scanner (Renewed,Koncept,2026-07-21,2027-03-30,10.00%,50000.0,50000.0,0,800,false
[B07D3GH6VM],amzn1.campaign.321BYLMM2VQ66,Puppy Pad Round PPR-BR-4960-FBA Creator Connections 15%,Houseables,2026-07-21,2027-07-21,15.00%,999999.0,999999.0,0,800,false
[B06Y19N17Y],amzn1.campaign.130Y3710TUEI8,Merchandise Bag Black/White PMB-BW-1618-100-FBA Creator Connections 15%,Houseables,2026-07-21,2027-07-21,15.00%,999999.0,999969.0,0,800,false
[B07H9FFGKS],amzn1.campaign.3FG99DZURJDJ,Picture Frame Set PFS-BK-12PC-FBA Creator Connections 15%,Houseables,2026-07-21,2027-07-21,15.00%,999999.0,999999.0,0,800,false
[B0D6TD1KL9],amzn1.campaign.38MQ5K0I1R4PD,HP USB-C G5 Dock – Dual Monitor Laptop Docking Station (Renewed),Koncept,2026-07-22,2027-03-30,10.00%,50000.0,50000.0,0,800,false
[B0G3QH1986],amzn1.campaign.3FSH1KHP3MJAQ,Portable Floor Podium (New) PFP-BK-49IN-NEW-FBA Creator Connections 15%,Houseables,2026-07-21,2027-07-21,15.00%,999999.0,999999.0,0,800,false
[B0D6WSDMRS],amzn1.campaign.1Q2Y3OZ6SE5OQ,Dell WD19DCS Performance Dock – Dual USB-C Docking Station (Renewed),Koncept,2026-07-21,2027-03-31,10.00%,50000.0,50000.0,0,800,false
[B0BD4J64QF],amzn1.campaign.24SJW8DFUCQNG,Plastic Chair Covers PCC-CL-04PC-FBA Creator Connections 15%,Houseables,2026-07-21,2027-07-21,15.00%,999999.0,999985.44,0,800,false
"[B0BZP6VWBK, B0BZP5YY63, B07DJ4SD3B, B07DJ5TZNC, B07DJ53K3C, B07CQJW78Z, B079HY5T6P]",amzn1.campaign.D1CI029SOOM0,BigAlex LED Folding Cane & Alloy Base Campaign 15% Off 2026-07-22 —— 2026-07-21,BigAlex,2026-07-22,2027-07-21,15.00%,5000.0,5000.0,0,800,false
[B0FS8Z7HBP],amzn1.campaign.1W0LC7WXGCY6L,Panels Acoustic Wood PAW-WA-4724-02PC-FBA-2 Creator Connections 15%,Houseables,2026-07-21,2027-07-21,15.00%,999999.0,999999.0,0,800,false
"[B0CQSXG45M, B0CQSWRTG4, B07HKKFQFL, B07DJ34VQ4, B08PCLX9VW, B0CQSWC1G9, B07HKB5MZP, B07FMFF2CS, B07HK8M6XV, B0CQSW9HK8]",amzn1.campaign.3BKDZGM4NL1SQ,BigAlex LED Walking Cane Early Summer Campaign 15% Off 2026-07-22 —— 2026-07-21,BigAlex,2026-07-22,2027-07-21,15.00%,5000.0,5000.0,0,800,false
"[B0FT7PQ1FK, B0FT7LN58J, B0DPK18CS1, B0DPK3YHST, B0FT7NDT7S, B0FT7MFLH3]",amzn1.campaign.21RBBXAANG88M,Cane with Seat Early Summer Creator Campaign 15% Off 2026-07-22 —— 2026-07-21,BigAlex,2026-07-22,2027-07-21,15.00%,5000.0,5000.0,0,800,false
"[B08T5VCFG5, B08T62VR61, B091DNN511, B08T5V949R, B0BK4DHR4M, B08T5T8KXL]",amzn1.campaign.2JCY309GBU9W8,Summer Walks & Travel Content Collaboration ✈️(Jun 1–Aug 31),BeneCane,2026-07-22,2027-07-21,10.00%,5000.0,5000.0,0,800,false
"[B0997ZJRW9, B089YVLVGL, B0997VNG85, B0BK4CDN9R, B08BYG7Y2Y]",amzn1.campaign.1YR15X6MZRIWP,Travel Light This Summer ☀ BeneCane Creator Campaign,BeneCane,2026-07-22,2027-07-21,10.00%,5000.0,5000.0,0,800,false
[B0C8H37MNY],amzn1.campaign.2QP5265TU5XCD,Home Clothing Care Helper! OMAIGA 1750W Steam Iron - 15% - 965,OMAIGA,2026-07-22,2027-07-12,15.00%,5000.0,5000.0,4,800,false
[B0C8H37MNY],amzn1.campaign.2HICI6LKSVRRQ,Summer Clothing Care with OMAIGA 1750W Steam Iron - 15% Commission - 965,OMAIGA,2026-07-22,2027-07-14,15.00%,5000.0,5000.0,6,800,false
[B0C8H37MNY],amzn1.campaign.2OSN9UOXX43B2,Self-Cleaning Steam Iron for Home Care - OMAIGA 1750W - 15% - 965,OMAIGA,2026-07-22,2027-07-15,15.00%,5000.0,5000.0,7,800,false
[B0C8H37MNY],amzn1.campaign.MKKQGH3O2YSP,Everyday Outfit Care with OMAIGA 1750W Steam Iron - 15% Commission - 965,OMAIGA,2026-07-22,2027-07-18,15.00%,5000.0,5000.0,9,800,false
[B0C8H37MNY],amzn1.campaign.2FZKNB2W20OAD,Smooth Glide Ceramic Soleplate Steam Iron by OMAIGA - 15% Commission - 965,OMAIGA,2026-07-22,2027-07-19,15.00%,5000.0,5000.0,7,800,false
[B0C8H37MNY],amzn1.campaign.1R11ME5DWRGG7,Practical Home Appliance Pick! OMAIGA 1750W Steam Iron - 15% Commission - 965,OMAIGA,2026-07-22,2027-07-20,15.00%,5000.0,5000.0,2,800,false
[B0C8H37MNY],amzn1.campaign.EQL8FRP0T88G,Home Garment Care with OMAIGA 1750W Steam Iron - 15% Commission - 965,OMAIGA,2026-07-22,2027-07-21,15.00%,5000.0,5000.0,2,800,false
"[B09ZQK9QJ7, B0D795DFNY, B091DXZ1BF]",amzn1.campaign.2CEP8P1ASN6SW,Home Clothing Care Helper! OMAIGA 1500W Cordless Steam Iron - 15% - 950RV,OMAIGA,2026-07-22,2027-07-12,15.00%,5000.0,5000.0,0,800,false
"[B09ZQK9QJ7, B0D795DFNY, B091DXZ1BF]",amzn1.campaign.133MGTNPH3XUW,Cordless Home Ironing with OMAIGA 1500W Steam Iron - 15% - 950RV,OMAIGA,2026-07-22,2027-07-13,15.00%,5000.0,5000.0,0,800,false
"[B09ZQK9QJ7, B0D795DFNY, B091DXZ1BF]",amzn1.campaign.3381I91WIW76C,Useful Home Appliance! OMAIGA 1500W Cordless Steam Iron - 15% - 950RV,OMAIGA,2026-07-22,2027-07-14,15.00%,5000.0,5000.0,0,800,false
"[B09ZQK9QJ7, B0D795DFNY, B091DXZ1BF]",amzn1.campaign.RRTKCHH4FAJ5,Cordless Steam Iron with Auto Shutoff - OMAIGA 1500W - 15% - 950RV,OMAIGA,2026-07-22,2027-07-16,15.00%,5000.0,5000.0,0,800,false
"[B09ZQK9QJ7, B0D795DFNY, B091DXZ1BF]",amzn1.campaign.1UK0L8XVYG9A9,Everyday Outfit Care with OMAIGA 1500W Cordless Iron - 15% - 950RV,OMAIGA,2026-07-22,2027-07-18,15.00%,5000.0,5000.0,0,800,false
"[B09ZQK9QJ7, B0D795DFNY, B091DXZ1BF]",amzn1.campaign.2Z6HYXBOBX6LA,Summer Outfit Care with OMAIGA 1500W Cordless Steam Iron - 15% - 950RV,OMAIGA,2026-07-22,2027-07-19,15.00%,5000.0,5000.0,1,800,false
"[B09ZQK9QJ7, B0D795DFNY, B091DXZ1BF]",amzn1.campaign.26ORIPNQQ1R4D,Cordless Home Garment Care with OMAIGA 1500W Steam Iron - 15% Commission - 950RV,OMAIGA,2026-07-22,2027-07-21,15.00%,5000.0,5000.0,0,800,false
[B0C69J7CMH],amzn1.campaign.1Q1X3YZXV8GC7,Useful Gift Idea! OMAIGA 1550W 2-in-1 Steam Iron - 15% Commission - 951RV,OMAIGA,2026-07-22,2027-07-14,20.00%,5000.0,5000.0,0,800,false
[B091DWBBPK],amzn1.campaign.1D7JUU2YPW17P,Daily Routine Upgrade with OMAIGA Professional 1500W Steam Iron - 15% - 937,OMAIGA,2026-07-22,2027-07-12,15.00%,5000.0,5000.0,3,800,false
[B091DWBBPK],amzn1.campaign.1S9A4PQF5ASSN,Home Wardrobe Refresh with OMAIGA 1500W Steam Iron - 15% Commission - 937,OMAIGA,2026-07-22,2027-07-13,15.00%,5000.0,5000.0,4,800,false
[B091DWBBPK],amzn1.campaign.3GP474O6IWWWN,Useful Gift Idea! OMAIGA 1500W Steam Iron - 15% Commission-937,OMAIGA,2026-07-22,2027-07-14,15.00%,5000.0,5000.0,6,800,false
[B091DWBBPK],amzn1.campaign.33P2P71KTSC4D,Smart Steam Iron with Auto Shutoff - OMAIGA 1500W - 15% Commission - 937,OMAIGA,2026-07-22,2027-07-16,15.00%,5000.0,5000.0,5,800,false
[B091DWBBPK],amzn1.campaign.2P1RWG1JIIWQQ,Everyday Home Garment Care with OMAIGA 1500W Steam Iron - 15% Commission-937,OMAIGA,2026-07-22,2027-07-21,15.00%,5000.0,5000.0,0,800,false
[B091DXM4C4],amzn1.campaign.2P68FA86UHGA1,Practical Home Appliance Pick! OMAIGA 1750W Steam Iron - 15% - 865,OMAIGA,2026-07-22,2027-07-12,15.00%,5000.0,5000.0,1,800,false
[B091DXM4C4],amzn1.campaign.1HACNY5KRVH2R,Everyday Home Garment Care with OMAIGA 1750W Steam Iron - 15% Commission - 865,OMAIGA,2026-07-22,2027-07-13,15.00%,5000.0,5000.0,0,800,false
[B091DXM4C4],amzn1.campaign.AFUNKQBAK2BF,Useful Gift Idea! OMAIGA 1750W Steam Iron - 15% Commission - 865,OMAIGA,2026-07-22,2027-07-15,15.00%,5000.0,5000.0,4,800,false
[B091DXM4C4],amzn1.campaign.21DY5XIQ0AW7B,Powerful Steam for Daily Garment Care - OMAIGA 1750W Iron - 15% - 865,OMAIGA,2026-07-22,2027-07-16,15.00%,5000.0,5000.0,3,800,false
[B091DXM4C4],amzn1.campaign.32CD1KUX9JB5U,Smart Steam Iron with 3-Way Auto Shutoff - OMAIGA 1750W - 15% - 865,OMAIGA,2026-07-22,2027-07-17,15.00%,5000.0,5000.0,1,800,false
[B091DXM4C4],amzn1.campaign.ABYI5ZUV9GXZ,Outfit Care Made Easier with OMAIGA 1750W Steam Iron - 15% Commission - 865,OMAIGA,2026-07-22,2027-07-18,15.00%,5000.0,5000.0,7,800,false
[B091DXM4C4],amzn1.campaign.25OSQ4MVQB9IL,Practical Home Essential! OMAIGA 1750W Steam Iron - 15% Commission - 865,OMAIGA,2026-07-22,2027-07-19,15.00%,5000.0,5000.0,4,800,false
[B091DXM4C4],amzn1.campaign.10DADDA4FPJ64,Clothing Care with OMAIGA 1750W Steam Iron - 15% Commission - 865,OMAIGA,2026-07-22,2027-07-20,15.00%,5000.0,5000.0,0,800,false
[B091DXM4C4],amzn1.campaign.26QXCBXNU4A3R,OMAIGA 1750W Steam Iron for Everyday Clothes Care - 15% Commission - 865,OMAIGA,2026-07-22,2027-07-21,15.00%,5000.0,5000.0,0,800,false
"[B0CZLKTMBS, B0B67SFR44, B0CRRF5Y2B, B0B67SMV4Y, B0DHXJBTBJ]",amzn1.campaign.1EG69A7C5U8KD,KUZOR Square Bathroom Faucet | 304 Stainless Steel Build Close-Up,KUZOR,2026-07-22,2027-07-12,12.00%,5000.0,5000.0,5,800,false
"[B0CZLKTMBS, B0B67SFR44, B0CRRF5Y2B, B0B67SMV4Y, B0DHXJBTBJ]",amzn1.campaign.K3VPTBM9H5PS,"KUZOR Square Bathroom Faucet | Powder Room, RV & Small Vanity",KUZOR,2026-07-22,2027-07-13,12.00%,5000.0,5000.0,10,800,false
"[B0CZLKTMBS, B0B67SFR44, B0CRRF5Y2B, B0B67SMV4Y, B0DHXJBTBJ]",amzn1.campaign.33AAY5XVHMR4H,KUZOR Square Bathroom Sink Faucet | 1.2 GPM Flow & Pop-Up Drain,KUZOR,2026-07-22,2027-07-14,12.00%,5000.0,5000.0,6,800,false
"[B0CZLKTMBS, B0B67SFR44, B0CRRF5Y2B, B0B67SMV4Y, B0DHXJBTBJ]",amzn1.campaign.21VIPP5FS0U8W,KUZOR Square Bathroom Sink Faucet | 1- or 3-Hole DIY Installation,KUZOR,2026-07-22,2027-07-16,12.00%,5000.0,5000.0,6,800,false
"[B0CZLKTMBS, B0B67SFR44, B0CRRF5Y2B, B0B67SMV4Y, B0DHXJBTBJ]",amzn1.campaign.3V4AXGJYQJ5LG,KUZOR Matte Black Square Bathroom Sink Faucet | Minimalist Vanity,KUZOR,2026-07-22,2027-07-20,12.00%,5000.0,5000.0,12,800,false
"[B0CZLKTMBS, B0B67SFR44, B0CRRF5Y2B, B0B67SMV4Y, B0DHXJBTBJ]",amzn1.campaign.2128PVK3GVQ0N,KUZOR Square Bathroom Sink Faucet Collection | Heights & Finishes,KUZOR,2026-07-22,2027-07-21,12.00%,5000.0,5000.0,4,800,false
"[B09PYFQN93, B0C7BWDJD7, B0CCJC76FL, B09YC7KRR5]",amzn1.campaign.3EQOAJ226ES8B,KUZOR Waterfall Bathroom Sink Faucet | Before-and-After Vanity Refresh,KUZOR,2026-07-22,2027-07-12,12.00%,5000.0,5000.0,9,800,false
"[B09PYFQN93, B0C7BWDJD7, B0CCJC76FL, B09YC7KRR5]",amzn1.campaign.IMFSE2HW8TKX,KUZOR Waterfall Bathroom Sink Faucet | RV & Compact Bathroom Content,KUZOR,2026-07-22,2027-07-13,12.00%,5000.0,5000.0,11,800,false
"[B09PYFQN93, B0C7BWDJD7, B0CCJC76FL, B09YC7KRR5]",amzn1.campaign.1CLAMMBLFPVD3,KUZOR Waterfall Bathroom Sink Faucet | Bathroom Sink Faucet & Metal Drain Set,KUZOR,2026-07-22,2027-07-14,12.00%,5000.0,5000.0,7,800,false
"[B09PYFQN93, B0C7BWDJD7, B0CCJC76FL, B09YC7KRR5]",amzn1.campaign.1S0FSKM3ODE59,KUZOR Waterfall Bathroom Sink Faucet | 1- or 3-Hole Installation,KUZOR,2026-07-22,2027-07-15,12.00%,5000.0,5000.0,8,800,false
"[B09PYFQN93, B0C7BWDJD7, B0CCJC76FL, B09YC7KRR5]",amzn1.campaign.2T228V18IR5Y0,KUZOR Tall Waterfall Bathroom Faucet | Vessel-Sink Styling,KUZOR,2026-07-22,2027-07-16,12.00%,5000.0,5000.0,9,800,false
"[B09PYFQN93, B0C7BWDJD7, B0CCJC76FL, B09YC7KRR5]",amzn1.campaign.3MFB7YPM90GL9,KUZOR Waterfall Bathroom Faucet | 304 Stainless Steel & Components,KUZOR,2026-07-22,2027-07-18,12.00%,5000.0,5000.0,10,800,false
"[B09PYFQN93, B0C7BWDJD7, B0CCJC76FL, B09YC7KRR5]",amzn1.campaign.1CCZIMOWTCJQI,KUZOR Black & Gold Waterfall Bathroom Faucet | Statement Vanity,KUZOR,2026-07-22,2027-07-20,12.00%,5000.0,5000.0,4,800,false
"[B0FJRSBTFB, B0BQYJRGWG, B0B4WFG5R7, B0BQYHN26F, B0B4WFSGMC, B0FJRYXSBT, B0B4WFP1VS, B0BQYKWGGP]",amzn1.campaign.AOYN9F0IUAA7,KUZOR Pop Up Sink Drain | Vanity & Vessel Sink SetUp,KUZOR,2026-07-22,2027-07-14,15.00%,5000.0,5000.0,13,800,false
"[B0FJRSBTFB, B0BQYJRGWG, B0B4WFG5R7, B0BQYHN26F, B0B4WFSGMC, B0FJRYXSBT, B0B4WFP1VS, B0BQYKWGGP]",amzn1.campaign.2P6HPJ0Z50XPZ,KUZOR Pop Up Sink Drain | Push-to-Open Stopper Content,KUZOR,2026-07-22,2027-07-16,15.00%,5000.0,5000.0,14,800,false
"[B0FJRSBTFB, B0BQYJRGWG, B0B4WFG5R7, B0BQYHN26F, B0B4WFSGMC, B0FJRYXSBT, B0B4WFP1VS, B0BQYKWGGP]",amzn1.campaign.3V3224A8BZTOF,KUZOR Pop Up Drain | Overflow Fit & Hole Measurement,KUZOR,2026-07-22,2027-07-18,15.00%,5000.0,5000.0,16,800,false
"[B0FJRSBTFB, B0BQYJRGWG, B0B4WFG5R7, B0BQYHN26F, B0B4WFSGMC, B0FJRYXSBT, B0B4WFP1VS, B0BQYKWGGP]",amzn1.campaign.1HZQY22VCBU0F,KUZOR 1-Pack Pop Up Drain | Single-Sink Refresh,KUZOR,2026-07-22,2027-07-19,15.00%,5000.0,5000.0,11,800,false
"[B0FJRSBTFB, B0BQYJRGWG, B0B4WFG5R7, B0BQYHN26F, B0B4WFSGMC, B0FJRYXSBT, B0B4WFP1VS, B0BQYKWGGP]",amzn1.campaign.1Q2MXJFX3A1IP,KUZOR 2-Pack Pop Up Drain | Double-Vanity Upgrade,KUZOR,2026-07-22,2027-07-20,15.00%,5000.0,5000.0,10,800,false
"[B0GV521PGF, B0FBCGNLBG, B0GDQKCZB4, B0G4V44QN5, B0FB4PFX7Z]",amzn1.campaign.3UNLKIM120Q9J,Join Our New Hollow Strap-On Campaign – Earn 15%,ASNOKNAE,2026-07-21,2026-12-31,15.00%,6789.0,6789.0,0,800,false
"[B0FJRSBTFB, B0BQYJRGWG, B0B4WFG5R7, B0BQYHN26F, B0B4WFSGMC, B0FJRYXSBT, B0B4WFP1VS, B0BQYKWGGP]",amzn1.campaign.27MEQXAF9877Q,KUZOR Pop Up Drain Collection | Finishes & Pack Sizes,KUZOR,2026-07-22,2027-07-21,15.00%,5000.0,5000.0,10,800,false
[B0G4V44QN5],amzn1.campaign.2MPNNZEUP2R0Z,New Vibrating Hollow Strap-On Launch – 15% Commission,ASNOKNAE,2026-07-21,2026-12-31,15.00%,8565.0,8565.0,0,800,false
"[B0F8HQW5SY, B0F8HQG4ZK, B0F8H93ZFW, B0F8HQG4ZF, B0F8HNNRGS, B0F8HBJXVF, B0F8HNR8C3]",amzn1.campaign.TSS7Q4OKYK0C,"WATERELF Butter Slime Collection | Variety, Texture, and Sweet Visuals",WATERELF,2026-07-22,2027-07-12,15.00%,5000.0,5000.0,12,800,false
"[B0F8HQW5SY, B0F8HQG4ZK, B0F8H93ZFW, B0F8HQG4ZF, B0F8HNNRGS, B0F8HBJXVF, B0F8HNR8C3]",amzn1.campaign.30YZ0SLOHFBG5,WATERELF Butter Slime Collection | Desk Toy & Fidget Fun,WATERELF,2026-07-22,2027-07-13,15.00%,5000.0,5000.0,6,800,false
"[B0F8HQW5SY, B0F8HQG4ZK, B0F8H93ZFW, B0F8HQG4ZF, B0F8HNNRGS, B0F8HBJXVF, B0F8HNR8C3]",amzn1.campaign.1VP36NPZWUR36,WATERELF Butter Slime Family | Cute Themes & Sensory Appeal,WATERELF,2026-07-22,2027-07-14,15.00%,5000.0,5000.0,11,800,false
"[B0F8HQW5SY, B0F8HQG4ZK, B0F8H93ZFW, B0F8HQG4ZF, B0F8HNNRGS, B0F8HBJXVF, B0F8HNR8C3]",amzn1.campaign.22GO9A1AVT4BI,WATERELF Sensory Butter Slime | Family-Friendly Creative Play,WATERELF,2026-07-22,2027-07-15,15.00%,5000.0,5000.0,12,800,false
"[B0F8HQW5SY, B0F8HQG4ZK, B0F8H93ZFW, B0F8HQG4ZF, B0F8HNNRGS, B0F8HBJXVF, B0F8HNR8C3]",amzn1.campaign.5CMAVKKKI9WM,WATERELF Non-Sticky Butter Slime | Satisfying Sensory Play,WATERELF,2026-07-22,2027-07-18,15.00%,5000.0,5000.0,17,800,false
"[B0F8HQW5SY, B0F8HQG4ZK, B0F8H93ZFW, B0F8HQG4ZF, B0F8HNNRGS, B0F8HBJXVF, B0F8HNR8C3]",amzn1.campaign.1R9Y4KFKBM7KI,WATERELF Butter Slime Family | Giftable Dessert Toy Collection,WATERELF,2026-07-22,2027-07-19,15.00%,5000.0,5000.0,8,800,false
"[B0F8HQW5SY, B0F8HQG4ZK, B0F8H93ZFW, B0F8HQG4ZF, B0F8HNNRGS, B0F8HBJXVF, B0F8HNR8C3]",amzn1.campaign.1N3VX2S05DZHD,WATERELF Scented Butter Slime | Cozy Bakery-Themed Play,WATERELF,2026-07-22,2027-07-20,15.00%,5000.0,5000.0,5,800,false
"[B0CQX7PTMP, B0CQX8KMNZ, B0CQX7P4K3, B0D8GRPB4M, B0CQX89TZM]",amzn1.campaign.4J16VAIAGKZI,WATERELF Slime Collection | Color Variety & Sensory Appeal,WATERELF,2026-07-22,2027-07-12,15.00%,5000.0,5000.0,14,800,false
"[B0CQX7PTMP, B0CQX8KMNZ, B0CQX7P4K3, B0D8GRPB4M, B0CQX89TZM]",amzn1.campaign.3NH0K4OFHPWYQ,WATERELF Slime Collection | Desk Toy & Fidget Play,WATERELF,2026-07-22,2027-07-13,15.00%,5000.0,5000.0,12,800,false
"[B0CQX7PTMP, B0CQX8KMNZ, B0CQX7P4K3, B0D8GRPB4M, B0CQX89TZM]",amzn1.campaign.2R0CUF99P4T7V,WATERELF Sensory Slime | Family-Friendly Toy Picks,WATERELF,2026-07-22,2027-07-15,15.00%,5000.0,5000.0,10,800,false
"[B0CQX7PTMP, B0CQX8KMNZ, B0CQX7P4K3, B0D8GRPB4M, B0CQX89TZM]",amzn1.campaign.4MW5HPP26YK,WATERELF Slime Collection | Short-Form Video Friendly,WATERELF,2026-07-22,2027-07-16,15.00%,5000.0,5000.0,16,800,false
"[B0CQX7PTMP, B0CQX8KMNZ, B0CQX7P4K3, B0D8GRPB4M, B0CQX89TZM]",amzn1.campaign.8XEIV40SQOSS,"WATERELF Parent Collection | Multiple Colors, One Fun Family",WATERELF,2026-07-22,2027-07-17,15.00%,5000.0,5000.0,15,800,false
"[B0GFXYCSH4, B0GG6VJVQJ, B0GG62WD15]",amzn1.campaign.3IM5MDI4T1G4T,Splash into Summer Fun! 🌊 – Dolphin Water Gun-20% commission,HOPANDOS,2026-07-21,2026-10-03,20.00%,8000.0,8000.0,0,800,false
"[B0CQX7PTMP, B0CQX8KMNZ, B0CQX7P4K3, B0D8GRPB4M, B0CQX89TZM]",amzn1.campaign.2VCUQMZH6691L,WATERELF Slime Collection | Giftable Sensory Toy Set,WATERELF,2026-07-22,2027-07-19,15.00%,5000.0,5000.0,9,800,false
"[B0GFXYCSH4, B0GG6VJVQJ, B0GG62WD15]",amzn1.campaign.2ZU5PH6AEGVCU,Splash into Summer Fun! 🌊 – Dolphin Water Gun-20% commission,HOPANDOS,2026-07-21,2026-10-02,20.00%,8000.0,8000.0,0,800,false
"[B0GFXYCSH4, B0GG6VJVQJ, B0GG62WD15]",amzn1.campaign.3SRAFH6ZFNCNL,Splash into Summer Fun! 🌊 – Dolphin Water Gun-20% commission,HOPANDOS,2026-07-21,2026-10-01,20.00%,8000.0,7995.6,0,800,false
"[B0C6937811, B0CLXVQPSL, B0GXX6DCMK]",amzn1.campaign.2YEEKLLP9U3WH,Walking cane distribute 0725,MOODIC,2026-07-27,2027-07-27,10.00%,5000.0,5000.0,0,800,false
"[B0CQX7PTMP, B0CQX8KMNZ, B0CQX7P4K3, B0D8GRPB4M, B0CQX89TZM]",amzn1.campaign.3EKZ28WV38IFY,WATERELF Galaxy Slime Collection | Colorful Sensory Play,WATERELF,2026-07-22,2027-07-21,15.00%,5000.0,5000.0,6,800,false
"[B0C6937811, B0CLXVQPSL, B0GXX6DCMK]",amzn1.campaign.D5WC4QLXELGM,Walking cane distribute 0724,MOODIC,2026-07-26,2027-07-26,10.00%,5000.0,5000.0,0,800,false
"[B0C6937811, B0CLXVQPSL, B0GXX6DCMK]",amzn1.campaign.LD3DW2EIITD7,Walking cane distribute 0723,MOODIC,2026-07-25,2027-07-25,10.00%,5000.0,5000.0,0,800,false
"[B0C6937811, B0CLXVQPSL, B0GXX6DCMK]",amzn1.campaign.NGZ95A4IALZA,Walking cane distribute 0722,MOODIC,2026-07-24,2027-07-24,10.00%,5000.0,5000.0,1,800,false
"[B0C6937811, B0CLXVQPSL, B0GXX6DCMK]",amzn1.campaign.5R2TW6ZRPIFE,Walking cane distribute 0721,MOODIC,2026-07-23,2027-07-23,10.00%,5000.0,5000.0,4,800,false
"[B0F8H224LZ, B0D8GPPFMS, B0F8HTZPYQ, B0F8H6LW4Z, B0D8GRKM7T, B0FHPRTPSV, B0F8GX2LFH, B0D8GJ6XBW, B0F8HLHH4N]",amzn1.campaign.2WFJB40WTKFYF,"WATERELF Putty Family | Themes, Colors, and Sensory Appeal",WATERELF,2026-07-22,2027-07-14,15.00%,5000.0,5000.0,10,800,false
"[B0C6937811, B0CLXVQPSL, B0GXX6DCMK]",amzn1.campaign.3JUZOGRTGEKFH,Walking cane distribute 0720,MOODIC,2026-07-22,2027-07-22,10.00%,5000.0,5000.0,0,800,false
"[B0F8H224LZ, B0D8GPPFMS, B0F8HTZPYQ, B0F8H6LW4Z, B0D8GRKM7T, B0FHPRTPSV, B0F8GX2LFH, B0D8GJ6XBW, B0F8HLHH4N]",amzn1.campaign.2CHI5OUIRK35V,WATERELF Putty Collection | Family-Friendly Sensory Toy Picks,WATERELF,2026-07-22,2027-07-15,15.00%,5000.0,5000.0,10,800,false
"[B0C6937811, B0CLXVQPSL, B0GXX6DCMK]",amzn1.campaign.2OPUFXFXPIWV2,Walking cane distribute 0719,MOODIC,2026-07-21,2027-07-21,10.00%,5000.0,5000.0,1,800,false
"[B0F8H224LZ, B0D8GPPFMS, B0F8HTZPYQ, B0F8H6LW4Z, B0D8GRKM7T, B0FHPRTPSV, B0F8GX2LFH, B0D8GJ6XBW, B0F8HLHH4N]",amzn1.campaign.10MP8Y4T4WYHH,WATERELF Parent Collection | Multiple Looks to Explore,WATERELF,2026-07-22,2027-07-17,15.00%,5000.0,5000.0,2,800,false
"[B0F8H224LZ, B0D8GPPFMS, B0F8HTZPYQ, B0F8H6LW4Z, B0D8GRKM7T, B0FHPRTPSV, B0F8GX2LFH, B0D8GJ6XBW, B0F8HLHH4N]",amzn1.campaign.3V5LW365XVBP9,WATERELF Putty Collection | Non-Sticky Sensory Fun,WATERELF,2026-07-22,2027-07-18,15.00%,5000.0,5000.0,12,800,false
"[B0F8H224LZ, B0D8GPPFMS, B0F8HTZPYQ, B0F8H6LW4Z, B0D8GRKM7T, B0FHPRTPSV, B0F8GX2LFH, B0D8GJ6XBW, B0F8HLHH4N]",amzn1.campaign.XXTT98DXCB7O,WATERELF Sensory Putty Line | Giftable Toy Collection,WATERELF,2026-07-22,2027-07-19,15.00%,5000.0,5000.0,15,800,false
"[B0F8H224LZ, B0D8GPPFMS, B0F8HTZPYQ, B0F8H6LW4Z, B0D8GRKM7T, B0FHPRTPSV, B0F8GX2LFH, B0D8GJ6XBW, B0F8HLHH4N]",amzn1.campaign.12W2NBPZWCIVH,WATERELF Putty Family | Color Variety & Satisfying Texture,WATERELF,2026-07-22,2027-07-20,15.00%,5000.0,5000.0,7,800,false
"[B0F8H224LZ, B0D8GPPFMS, B0F8HTZPYQ, B0F8H6LW4Z, B0D8GRKM7T, B0FHPRTPSV, B0F8GX2LFH, B0D8GJ6XBW, B0F8HLHH4N]",amzn1.campaign.FNC0U8DQMHBT,WATERELF Putty Collection | Multi-Style Sensory Play,WATERELF,2026-07-22,2027-07-21,15.00%,5000.0,5000.0,9,800,false
"[B0F38B8992, B0FHQ3X7JP, B0F8HQLDBK, B0F8H5YHND, B0F8HDGGVC, B0F8HHVBX5, B0D8GQM27Q, B0DJSCJRXH, B0FHQ2WS2Y, B0F8HT7FBN, B0D8GJ7XC6]",amzn1.campaign.MFPHNCCXS5NM,"WATERELF Putty Collection | Variety, Texture, and Visual Fun",WATERELF,2026-07-22,2027-07-12,15.00%,5000.0,5000.0,10,800,false
"[B0F38B8992, B0FHQ3X7JP, B0F8HQLDBK, B0F8H5YHND, B0F8HDGGVC, B0F8HHVBX5, B0D8GQM27Q, B0DJSCJRXH, B0FHQ2WS2Y, B0F8HT7FBN, B0D8GJ7XC6]",amzn1.campaign.3GW5WVOA47CPM,WATERELF Putty Family | Collectible Looks & Sensory Appeal,WATERELF,2026-07-22,2027-07-14,15.00%,5000.0,5000.0,7,800,false
"[B0F38B8992, B0FHQ3X7JP, B0F8HQLDBK, B0F8H5YHND, B0F8HDGGVC, B0F8HHVBX5, B0D8GQM27Q, B0DJSCJRXH, B0FHQ2WS2Y, B0F8HT7FBN, B0D8GJ7XC6]",amzn1.campaign.185L1SIO75IH5,WATERELF Putty Collection | Family-Friendly Sensory Fun,WATERELF,2026-07-22,2027-07-15,15.00%,5000.0,5000.0,5,800,false
"[B0F38B8992, B0FHQ3X7JP, B0F8HQLDBK, B0F8H5YHND, B0F8HDGGVC, B0F8HHVBX5, B0D8GQM27Q, B0DJSCJRXH, B0FHQ2WS2Y, B0F8HT7FBN, B0D8GJ7XC6]",amzn1.campaign.1GJN5WFO2X1CF,WATERELF Putty Parent Collection | Multiple Styles to Explore,WATERELF,2026-07-22,2027-07-17,15.00%,5000.0,5000.0,7,800,false
"[B0F38B8992, B0FHQ3X7JP, B0F8HQLDBK, B0F8H5YHND, B0F8HDGGVC, B0F8HHVBX5, B0D8GQM27Q, B0DJSCJRXH, B0FHQ2WS2Y, B0F8HT7FBN, B0D8GJ7XC6]",amzn1.campaign.GAEF8JLWU7YW,WATERELF Putty Collection | Non-Sticky Sensory Toy Picks,WATERELF,2026-07-22,2027-07-18,15.00%,5000.0,5000.0,8,800,false
"[B0F38B8992, B0FHQ3X7JP, B0F8HQLDBK, B0F8H5YHND, B0F8HDGGVC, B0F8HHVBX5, B0D8GQM27Q, B0DJSCJRXH, B0FHQ2WS2Y, B0F8HT7FBN, B0D8GJ7XC6]",amzn1.campaign.37NKVUUB9KPDA,WATERELF Sensory Putty Line | Giftable Toy Collection,WATERELF,2026-07-22,2027-07-19,15.00%,5000.0,5000.0,12,800,false
"[B0F38B8992, B0FHQ3X7JP, B0F8HQLDBK, B0F8H5YHND, B0F8HDGGVC, B0F8HHVBX5, B0D8GQM27Q, B0DJSCJRXH, B0FHQ2WS2Y, B0F8HT7FBN, B0D8GJ7XC6]",amzn1.campaign.EHBU6SRLG067,WATERELF Putty Collection | Multi-Color Sensory Play,WATERELF,2026-07-22,2027-07-21,15.00%,5000.0,5000.0,7,800,false
"[B005IPR8Q6, B0FN6QTBXX, B005VSN6FM, B005IPVNPI, B08QJSTXPV, B005IPV04C, B0FN799R65, B005IPV0E2, B0FN6Y1T62, B00BGERM2S, B005IPVIVW, B0G5TVWK9T, B0GFXH79KC, B005IPRRDA, B0D1LFZLJL, B0D1LGLFN5, B005IPS33I, B005IPUXFY, B0DV269DKF, B008CPINJ0, B0D1LKVG1K, B0DV26927D, B07NRD2P99, B005IPSJAK, B005IPVPU6, B0DKTY88HL, B005DMY9W0, B0GGPRDQW7, B0CY954NFX, B0G545VTWX, B005IPVF10, B0CJBQY2D7, B0CN1TFZJ2, B0G65B4151, B0G5TM5J6J, B005IPV1HI, B005IPUWVO, B005IPRY2O, B0G1C2QC77, B0CJBQN3VP, B0G2YQG727, B0DPXXRYMY, B0C38C3QN4, B006ZACUBG, B0GFXWJHQ1, B0108O137Q, B005IPV8C6, B005IPVP1A, B0D1LP4HN6, B0G1CC1Y8M, B0DKV6VFPD, B005IPVJFM, B005VSN55I, B005IPVC90, B0D1LNKLZ5, B00BF2D5SG, B00DB6Z5XC, B0G1C2VDKS, B005IPSU54, B0D1LR62DS, B005Y0BMEY, B0G1C2SBQB, B0G1CCP42G, B0D7V18XCB, B005IPVCYU, B0FN6NHXLW, B005IPREYM, B0CJBR8JX5, B0D1LGQXNY, B0D1L86K8P, B005IPVLL4, B005IPV8TO, B007V469FI, B08X1BB26F, B005IPV6Q4, B0CVZ54RW6, B005IPRKF0, B0G1CCN12F, B005IPRMF8, B0CJBQWN5R, B007QN7RO6, B07G9M5L6L, B0D1LG17C9, B008XKU5QS, B0G1CN2T1W, B08685HX44, B0G1C749YY, B0FN6S2XDR, B0D1LKWDF2, B007XYBY0Q, B005IPV9C0, B0FN71VWJZ, B09PWTBG8M, B0GGSS5WQM, B0FZV34DFQ, B08Y66HK9M, B0G1CH4BG6, B005IPVI26, B0FN6579MR, B0D1LBS8J4, B005IPUVOM, B005IPRYNS, B06ZY8H8KS, B0D1LLKHDN, B005IPRDUW, B005IPV93E, B07GJV4ZYY, B005IPRJQK, B0D1LH7V1H, B005IPSAM2, B0G6176PGT, B005IPVGP0, B0FN71VWJX, B0D1LD3LHX, B005JE9BC0, B0D1LNLDV7, B005IPSLBC, B0070Y3UBK, B005IPSW7K, B005IPRB18, B0D1LRQDDS, B0FN75HZLB, B0DFMZCQD7, B06XVZJNP8, B005IPV10A, B005IPR5DM, B005IPSEQE, B0G1C73TD2, B0G1CCR4BC, B0FN6JMRWY, B005IPS4PA, B00A83VH8I, B006R6WJKK, B0B7KG8G28, B0D7V18MY2, B005IPSX6K, B0FN6VF978, B08X12KLSS, B005IPVLVY, B0D1LRT36S, B07G4GHTX3, B005IPVAA6, B0FN6SKNFG, B005IPVA0Q, B0DZHZBVGT, B0FN6V736X, B005IPSGVM, B005IPV4GQ, B009Z2LYTU, B005IPSGF8, B0D1LP2GNV, B005IPR5VE, B0D7TZQWYB, B007JZCNB8, B0G1C73V5V, B0CJBL8XQ6, B0CY9387M5, B06Y6C8SC8, B0FN73JGGQ, B0CLXL5LWC, B005IPV9RK, B005IPRMUS, B08X1FJTKP, B0FN6PYPV3, B005IPRNH0, B0FN6LL4X2, B07GJX7VQH, B08X22CDH9, B007I5M418, B0G1C2S7PF, B005VSN5LM, B0CJBRFCKJ, B005IPVCRM, B005IPSBIA, B09SVS167J, B0FN6J3LFG, B00BFXFT7K, B005UDTY68, B0G1CNWJDQ, B0FN6ZN7SX, B0FN6YBYVZ, B0G83HMFQF, B0G64ZSSFL, B0G1CCNPK5, B0FN6FX3G9, B0CJBQFK5X, B09PWJ9F7Y, B0D1LNZB2D, B008H51BDU, B00A04BFLO, B0G1C74P1F, B0DFHL963N, B0053YAA3K, B005IPSN1A, B0CJBPQVFG, B005IPVM72, B0GBY29MXG, B006YXOOI6, B005IPROWO, B00ITVIQVW, B005UDTZJ4, B0D1LQCHNM, B08X18288X, B005IPSODC, B005IPS3ME, B0G1CCQYBF, B07FN8PXFQ, B00A83XOMK, B006M57JT2, B005IPUXPO, B0C38C7F4R, B005IPSVS0, B005IPVDF8, B0C5PDWZP2, B0FN6KR5QZ, B00746QMU0, B0FN6G298M, B06Y5W2J7M, B0GGTQJWZD, B00J8VEN2S, B005IPVKQ0, B005IPS8CE, B087ZP34MB, B006YZ0MHQ, B0C38FBQ9R, B0GFFCTYGP, B006R827I2, B0CY92X5T4, B0CY92HKNB, B0081SSO9C, B005IPS03Q, B09SVR2ZVG, B00CS811TG, B0CY938TT6, B0DM6VW7XK, B087ZPF8LF, B09SVSD2DZ, B005IPV2OU, B0C38C89H4, B005IPV42U, B00A8NK5G8, B005IPR86Q, B0GGSRTKKH, B0FN6VFLQ6, B0FN74MQ9X, B07Q62KNKH, B0CJBNCV71, B0GGSY63GJ, B0D1LPKMK3, B005IPRXG6, B01GISZIXG, B0C5PSC8KR, B005IPV0LA, B08685Z8TW, B00BFXK2EA, B0053TELFI, B008D4AECE, B0868587GW, B0G82HX3FR, B0CN3SR2PD, B091G63S9P, B08X1QYL9S, B09SVRBZCV, B009Z3B0M0, B005JE9BJI, B0G1C2QR6N, B005VSN73S, B005IPSFMC, B005IPRZ78, B005IPRX2U, B0D7V2496W, B0FZLPWVSZ, B09YVV8BBP, B005IPVFE2, B0CY93P5LM, B0CJBQVB95, B07Q8GPQHY, B0FN6XXW99, B0D1LL5WKV, B00MEXGZ3C, B005IPRPU0, B0GGSRYJ1L, B09SVRLNNQ, B01G4AQSAA, B0G625MJF2, B0D1LCZRTY, B07GJVD8N3, B09SVSNRNF, B0FN74711R, B0DV2474TL, B005VSN6SY, B07G9NTRRQ, B0FN6KPGWC, B0C38C2Z75, B005IPSNMY, B0G1C9246V, B005IPR7CQ, B0GGPGPNPW, B0FN6HQ9K2, B0G65733JG, B0DV29FGN5, B086862CX8, B08ZT1TJGN, B0G1C72WQR, B09PWK56WD, B0CY93PR3W, B071YSX8PL, B072HM5K3M, B00EUEKQNI, B0FN6ZPG7N, B0D1LJN21L, B08685VVN2, B0069T2YZA, B005UPT8PS, B0D1LJC3DK, B0D1LDYJKK, B005IPS8SS, B087ZPBK89, B005IPV3PS, B0100SS436, B005IPVL0U, B0D1LQXYMW, B0FN74HHJL, B006R6WJCS, B0G1CMJB13, B0D1LN52NP, B005JE95NU, B005IPS9AA, B005IPRJ5Q, B07G9P5XB4, B0F59VCF7J, B0D1LHCZN9, B0FN712WPM, B005IPS482, B0C5PXHCNY, B005IPR0SM, B00C950ATA, B0CY92BGTK, B0D1LPLM4M, B005JE8X60, B005IPS1BC, B0039LDMV6, B005IPVE0M, B0951CPYV7, B0GGT31P22, B0D1LMW6LJ, B005IPSKEU, B005IPV9IO, B005IPRCIA, B0G1C71HYR, B0053Y1WLY, B07GJVKDBN, B0G1CHC3F7, B0CPRNKB9X, B0G1CJZ8B9, B005IPVEAM, B0G1CC489R, B0108OU728, B01I5WBJW2, B005IPV1ZU, B08WYDPXKJ, B005IPRPCI, B00D36E5Q8, B005IPSWNO, B005JE8Y8W, B005IPV646, B07HMC87VQ, B0CLXPDV32, B01GIRRFK6, B005IPVHGS]",amzn1.campaign.ADFP4NTKHW2B,Future Essentials offers freeze-dried teen packs,Future Essentials,2026-07-21,2027-01-07,10.00%,50000.0,50000.0,0,800,false
"[B0F9YSK18T, B0F8HL7271, B0F8HLWWYZ, B0FHQ2DYZ9, B0F8HLV54R, B0F9YVRYH5, B0F8HBF2XZ, B0F9YR2B3X, B0F9YN9LTM, B0F8HN21MG, B0F8HPBH7T]",amzn1.campaign.3U6ST7D1EKS3V,WATERELF Putty Collection | Desk Toy & Sensory Fidget Fun,WATERELF,2026-07-22,2027-07-13,15.00%,5000.0,5000.0,6,800,false
"[B0F9YSK18T, B0F8HL7271, B0F8HLWWYZ, B0FHQ2DYZ9, B0F8HLV54R, B0F9YVRYH5, B0F8HBF2XZ, B0F9YR2B3X, B0F9YN9LTM, B0F8HN21MG, B0F8HPBH7T]",amzn1.campaign.3PMVJ57GZYTFZ,WATERELF Putty Family | Collectible Colors & Sensory Play,WATERELF,2026-07-22,2027-07-14,15.00%,5000.0,5000.0,7,800,false
"[B091Y14LM9, B08HHPTMZK, B0DJFMT973, B0DJFKTVQQ, B09KTK61BS, B0DJFMSL75, B091XT8JTQ, B08HHPSZG6, B0DJFLS5CK, B09KTCTPRM, B0D5LCYGT6, B09KTBG4X8, B0DJFPFMLV, B0DJFLKKWN, B0CKX3W5L9, B091Y618BR, B0DNFDYKNN, B0C1B7YNBF, B09KSZD2QJ, B091YQ4RNW, B0D5LJ8ZFC, B0CKL383L1, B0DNFCYJ4S, B08HKQNJ2Q, B091Y3LJH7, B0DNFBMGM6, B00KMTQK5I, B09KSXJ88V, B091YRPCMC, B0DL3S2J19, B0D5LHBJNW, B00KMTQKAI, B0DNFDRWTT, B0D5LGWCF5, B09KT7655M, B00EPYLGNC, B0DJFKSW8K, B09KTCRTWJ, B0DNFB4RBH, B0DNF9DRPW, B0DNFF9QL2, B08HKTNTQB, B09KTKL24C, B09KTP5R5G, B0DNFGMGD6, B0DJFML82T, B08HKD4TTC, B00KMTQK4O]",amzn1.campaign.26VRR7RRG2SBS,Japanese Ritual — Premium Heritage & Routine - 25%,KIWABI,2026-07-21,2027-02-08,25.00%,50000.0,50000.0,0,800,false
"[B0F9YSK18T, B0F8HL7271, B0F8HLWWYZ, B0FHQ2DYZ9, B0F8HLV54R, B0F9YVRYH5, B0F8HBF2XZ, B0F9YR2B3X, B0F9YN9LTM, B0F8HN21MG, B0F8HPBH7T]",amzn1.campaign.783Y6RTXBQJL,WATERELF Putty Parent Collection | Multiple Styles to Choose,WATERELF,2026-07-22,2027-07-17,15.00%,5000.0,5000.0,12,800,false
"[B0F9YSK18T, B0F8HL7271, B0F8HLWWYZ, B0FHQ2DYZ9, B0F8HLV54R, B0F9YVRYH5, B0F8HBF2XZ, B0F9YR2B3X, B0F9YN9LTM, B0F8HN21MG, B0F8HPBH7T]",amzn1.campaign.1MM6PTXYEDJAM,WATERELF Sensory Putty Line | Non-Sticky Stress Relief Fun,WATERELF,2026-07-22,2027-07-18,15.00%,5000.0,5000.0,7,800,false
"[B091Y14LM9, B08HHPTMZK, B0DJFMT973, B0DJFKTVQQ, B09KTK61BS, B0DJFMSL75, B091XT8JTQ, B08HHPSZG6, B0DJFLS5CK, B09KTCTPRM, B0D5LCYGT6, B09KTBG4X8, B0DJFPFMLV, B0DJFLKKWN, B0CKX3W5L9, B091Y618BR, B0DNFDYKNN, B0C1B7YNBF, B09KSZD2QJ, B091YQ4RNW, B0D5LJ8ZFC, B0CKL383L1, B0DNFCYJ4S, B08HKQNJ2Q, B091Y3LJH7, B0DNFBMGM6, B00KMTQK5I, B09KSXJ88V, B091YRPCMC, B0DL3S2J19, B0D5LHBJNW, B00KMTQKAI, B0DNFDRWTT, B0D5LGWCF5, B09KT7655M, B00EPYLGNC, B0DJFKSW8K, B09KTCRTWJ, B0DNFB4RBH, B0DNF9DRPW, B0DNFF9QL2, B08HKTNTQB, B09KTKL24C, B09KTP5R5G, B0DNFGMGD6, B0DJFML82T, B08HKD4TTC, B00KMTQK4O]",amzn1.campaign.18RBQQRIAYQ6R,Root Beauté — Scalp & Hair Wellness - 25%,KIWABI,2026-07-21,2027-01-30,25.00%,50000.0,50000.0,0,800,false
"[B0F9YSK18T, B0F8HL7271, B0F8HLWWYZ, B0FHQ2DYZ9, B0F8HLV54R, B0F9YVRYH5, B0F8HBF2XZ, B0F9YR2B3X, B0F9YN9LTM, B0F8HN21MG, B0F8HPBH7T]",amzn1.campaign.XDL6G63JS6BR,WATERELF Putty Collection | Giftable Sensory Toy Set,WATERELF,2026-07-22,2027-07-19,15.00%,5000.0,5000.0,11,800,false
"[B091Y14LM9, B08HHPTMZK, B0DJFMT973, B0DJFKTVQQ, B09KTK61BS, B0DJFMSL75, B091XT8JTQ, B08HHPSZG6, B0DJFLS5CK, B09KTCTPRM, B0D5LCYGT6, B09KTBG4X8, B0DJFPFMLV, B0DJFLKKWN, B0CKX3W5L9, B091Y618BR, B0DNFDYKNN, B0C1B7YNBF, B09KSZD2QJ, B091YQ4RNW, B0D5LJ8ZFC, B0CKL383L1, B0DNFCYJ4S, B08HKQNJ2Q, B091Y3LJH7, B0DNFBMGM6, B00KMTQK5I, B09KSXJ88V, B091YRPCMC, B0DL3S2J19, B0D5LHBJNW, B00KMTQKAI, B0DNFDRWTT, B0D5LGWCF5, B09KT7655M, B00EPYLGNC, B0DJFKSW8K, B09KTCRTWJ, B0DNFB4RBH, B0DNF9DRPW, B0DNFF9QL2, B08HKTNTQB, B09KTKL24C, B09KTP5R5G, B0DNFGMGD6, B0DJFML82T, B08HKD4TTC, B00KMTQK4O]",amzn1.campaign.1IVC5Y5DENCZX,Root Vanish — Instant Gray Coverage - 25%,KIWABI,2026-07-21,2027-01-27,25.00%,50000.0,50000.0,0,800,false
"[B0GSXBX3XL, B0GSXDFK6P, B0GSX68GDV, B0GSX1GWY3, B0GSX19MLW, B0GSX2QNPJ, B0GSXFPJ6T, B0GSX67RRR, B0GSX19G75, B0GSX7RCCT, B0GSX3S573, B0GSX36TGK, B0GSX6YQNQ, B0GSWVSC1W, B0GSX7ZSCV, B0GSX1NTGN, B0GSX1CX2P]",amzn1.campaign.2Z7J3QNUGH0MH,5 Inch 8 Hole Zirconia Sanding Discs,Rvetol,2026-07-21,2026-11-30,11.00%,7700.0,7680.86,0,800,false
"[B0F9YSK18T, B0F8HL7271, B0F8HLWWYZ, B0FHQ2DYZ9, B0F8HLV54R, B0F9YVRYH5, B0F8HBF2XZ, B0F9YR2B3X, B0F9YN9LTM, B0F8HN21MG, B0F8HPBH7T]",amzn1.campaign.3LMIPPXSY1VZ3,WATERELF Sensory Putty Collection | Multi-Color Toy Line,WATERELF,2026-07-22,2027-07-21,15.00%,5000.0,5000.0,6,800,false
"[B0FM88KZHC, B0CT92NR9C, B0FVNKYRGC, B0GM8F621L, B08WHS32C5, B07YNXDJ28, B0CZBYX356, B06Y2H5GVX, B0CZBYZGC2, B0F7NZNHHV, B0B9QYVBJG, B07Z9QTFXC, B08XY68KCM, B0GM7RRMBD, B08XWPTL4N, B07YNW2XC7, B0CYQJ6W1M, B0FVN9P5KF, B0CZ7J61Q1, B0FN4F3H7P]",amzn1.campaign.33UUYXFD3PUYS,Under the Microscope — Microbiology & Lab Essentials,Volu-Sol,2026-07-21,2027-01-20,10.00%,50000.0,50000.0,0,800,false
"[B0FM88KZHC, B0CT92NR9C, B0FVNKYRGC, B0GM8F621L, B08WHS32C5, B07YNXDJ28, B0CZBYX356, B06Y2H5GVX, B0CZBYZGC2, B0F7NZNHHV, B0B9QYVBJG, B07Z9QTFXC, B08XY68KCM, B0GM7RRMBD, B08XWPTL4N, B07YNW2XC7, B0CYQJ6W1M, B0FVN9P5KF, B0CZ7J61Q1, B0FN4F3H7P]",amzn1.campaign.33DFMFSQG4Q3H,Tissue Story — Histology - Volu Sol,Volu-Sol,2026-07-22,2026-10-31,10.00%,50000.0,50000.0,0,800,false
[B0H4PN7JYG],amzn1.campaign.2ESL145P7HGXK,AGE DEFENSE+,benjimens,2026-07-21,2027-07-21,20.00%,250000.0,250000.0,0,800,false
"[B0FM88KZHC, B0CT92NR9C, B0FVNKYRGC, B0GM8F621L, B08WHS32C5, B07YNXDJ28, B0CZBYX356, B06Y2H5GVX, B0CZBYZGC2, B0F7NZNHHV, B0B9QYVBJG, B07Z9QTFXC, B08XY68KCM, B0GM7RRMBD, B08XWPTL4N, B07YNW2XC7, B0CYQJ6W1M, B0FVN9P5KF, B0CZ7J61Q1, B0FN4F3H7P]",amzn1.campaign.1Y0XEZNPZHL0W,Blood Smears Made Simple — Hematology,Volu-Sol,2026-07-21,2026-10-31,10.00%,50000.0,50000.0,0,800,false
"[B0GKJ4RNFC, B0BJ7L4T7P, B0BJ7JCBSX, B0H2DV95VG, B00JGX6IIA, B0856PVRKW, B077NH287T, B00HE5260G, B077BWS4PR, B0B9P3FBK1, B0GPKY43N7, B0856PXB9R, B0GTBYGT3Y, B0GPLF2BTR, B08573FK6X, B0GL3YWM1T, B0GKHSR539, B0BJ4KKDWV, B0BJ7FN4T3, B0BJ4PY72X, B0BNJKTP35, B0B9P1H8KC, B0GPLGLF9M, B0B9PJFS3Q, B0BMCS55D5, B0BJ7MVGZ1, B09DPW4882, B003BLRTO0, B09DPXYQMZ, B0BJ7MNK3S, B0BJ5PTR5S, B0BJ54VZFT, B0BJ4R1DRL, B0BJ4RRL37, B0BJ596TVR, B09DPXG4FK, B0B9PNLK2L, B0BJ4YBJXX, B0BJ49KD8C]",amzn1.campaign.1VM202317JGXO,Perfect for pet parents who prioritize quality nutrition,Fresh Is Best,2026-07-21,2026-10-31,10.00%,50000.0,50000.0,0,800,false
"[B0GKJ4RNFC, B0BJ7L4T7P, B0BJ7JCBSX, B0H2DV95VG, B00JGX6IIA, B0856PVRKW, B077NH287T, B00HE5260G, B077BWS4PR, B0B9P3FBK1, B0GPKY43N7, B0856PXB9R, B0GTBYGT3Y, B0GPLF2BTR, B08573FK6X, B0GL3YWM1T, B0GKHSR539, B0BJ4KKDWV, B0BJ7FN4T3, B0BJ4PY72X, B0BNJKTP35, B0B9P1H8KC, B0GPLGLF9M, B0B9PJFS3Q, B0BMCS55D5, B0BJ7MVGZ1, B09DPW4882, B003BLRTO0, B09DPXYQMZ, B0BJ7MNK3S, B0BJ5PTR5S, B0BJ54VZFT, B0BJ4R1DRL, B0BJ4RRL37, B0BJ596TVR, B09DPXG4FK, B0B9PNLK2L, B0BJ4YBJXX, B0BJ49KD8C]",amzn1.campaign.354HW2BZKPKPZ,Picky Eater Approved — Cat & Small Dog,Fresh Is Best,2026-07-21,2026-10-09,10.00%,10000.0,10000.0,0,800,false
"[B0DXF6FW26, B0CKZ2GP9K, B0FYCDRXVZ, B0FD2KLVJ8, B0DXK73F19, B0CW34LTRM]",amzn1.campaign.1FONQD4EKK3QK,10% Commission · 3k Units/Month · Best-Selling Vanity Mirror,HIEEY,2026-07-21,2027-07-09,10.00%,10000.0,9980.7,0,800,false
"[B007TKT01Y, B0BJ7L4T7P, B0BJ7JCBSX, B0856PVRKW, B0B9P3FBK1, B0856PXB9R, B08FB38612, B007TKTPAU, B01KAOUY7O, B096G3BSF3, B0036VFTMO, B077B5Z6XM, B0BNJKTP35, B00GIR8F74, B0036VE3V2, B0B9P1H8KC, B00HE525Y8, B096G7TB51, B0BMCS55D5, B0BJ4Q176H, B0BJ5PTR5S, B0BJ596TVR, B0B9PNLK2L, B077BCJ5PG, B006YBHSM2, B01M1KPS75, B00JGX6IIA, B077NH287T, B003BLNYVW, B00HE5260G, B0B9PW4T2Q, B08573FK6X, B096G6QHZR, B0BJ4KKDWV, B00KSJ0A9O, B0BJ7FN4T3, B0BJ4PY72X, B0B9PJFS3Q, B077BWRV94, B0BJ7MVGZ1, B09DPW4882, B00GIR8F1A, B0026WSWPA, B003BLRTO0, B09DPXYQMZ, B0BJ7MNK3S, B0BJ54VZFT, B0BJ4R1DRL, B0BJ4RRL37, B09DPXG4FK, B0B9Q6C4KM, B0BJ4YBJXX, B0BJ49KD8C]",amzn1.campaign.1BTFQ2FHYI7MM,Freeze-dried locks in nutrients without preservatives,Fresh Is Best,2026-07-21,2026-11-28,10.00%,50000.0,50000.0,0,800,false
"[B007TKT01Y, B0BJ7L4T7P, B0BJ7JCBSX, B0856PVRKW, B0B9P3FBK1, B0856PXB9R, B08FB38612, B007TKTPAU, B01KAOUY7O, B096G3BSF3, B0036VFTMO, B077B5Z6XM, B0BNJKTP35, B00GIR8F74, B0036VE3V2, B0B9P1H8KC, B00HE525Y8, B096G7TB51, B0BMCS55D5, B0BJ4Q176H, B0BJ5PTR5S, B0BJ596TVR, B0B9PNLK2L, B077BCJ5PG, B006YBHSM2, B01M1KPS75, B00JGX6IIA, B077NH287T, B003BLNYVW, B00HE5260G, B0B9PW4T2Q, B08573FK6X, B096G6QHZR, B0BJ4KKDWV, B00KSJ0A9O, B0BJ7FN4T3, B0BJ4PY72X, B0B9PJFS3Q, B077BWRV94, B0BJ7MVGZ1, B09DPW4882, B00GIR8F1A, B0026WSWPA, B003BLRTO0, B09DPXYQMZ, B0BJ7MNK3S, B0BJ54VZFT, B0BJ4R1DRL, B0BJ4RRL37, B09DPXG4FK, B0B9Q6C4KM, B0BJ4YBJXX, B0BJ49KD8C]",amzn1.campaign.1SFSLO3M56G3X,Fresh is best,Fresh Is Best,2026-07-21,2026-11-25,10.00%,50000.0,49996.29,0,800,false
"[B0H3H969YK, B0GSMNTQBP, B0DF5QV4SB, B0DS9HRV16]",amzn1.campaign.1DRZIPA7WL78L,Save Pentair pool heat pump with affordable control boards 472734 or 472100,Cydewhoale,2026-07-21,2026-10-28,10.00%,5000.0,4981.44,0,800,false
"[B0GXKBJQW8, B0GXKB1MKS]",amzn1.campaign.X344BYCEH55X,Hi! We are recruiting creators for our Red Liner Clear PET Double Sided Tape,JIJAWA,2026-07-21,2027-07-01,10.00%,5000.0,4998.9,0,800,false
"[B0CNVBM6QB, B0GCLLRYD1, B0G2PPKT2L, B0D22MWLW2, B0DZMVH9N3, B0CP1R3M24, B0FGJJ3L7T, B0G2PGCWZ3, B0D22MV53G, B0DKT6DY2D, B0CNT8Z1BS, B0F8QPTXXK, B0DK1L55QC, B0G2PFM3YB, B0GCLC1VY2, B0DMF8DHJK, B0GCMPWZ9C, B0DMF7MDL4, B0DMN322CM, B0D1K25WDM, B0D1K7CLLT, B0D1K7DTRB, B0F8V81XY3, B0DK1PS4WX, B0DMF6NHKJ, B0FGJFGJNV, B0CNVBJWL1, B0DT19S9DD, B0DZMT2KPY, B0CNT8G87T, B0FHQC9LBD, B0DZMXK5DV, B0CYC4CLQQ, B0FVF5NH4M, B0D22KH5D4, B0DJSBKS1V, B0G2PM7SHH, B0DKT695C8, B0DMF6WV4C, B0G2PJTQP1, B0G2PP5N6Q, B0FVF2W6MN, B0D78X9FKL, B0D795LNV5, B0DKT57ZLS, B0DK1MYRVN, B0DMN56SHL, B0FH43Y199, B0D22LZY3V, B0DKT66TYC, B0G2PZDMTQ, B0DMF7G31Z, B0FHQBPS7W, B0G2PVG6HS, B0DT197X83, B0GCM7PMHJ, B0GCM8283H, B0DK1P1115, B0DMFC5F4Z, B0FVDSRNGR, B0DMFBGY9J, B0FN7QSFZF, B0DKT7KV6H, B0DT19H3K6, B0DMND78BX, B0FVDPL2F6, B0G2PXQSD4, B0DMN31T99, B0FGJCXKQS, B0DZG8N74J, B0D2L3CC7Q, B0GCMHMWZZ, B0DKT6XPJ2, B0G2Q79PNV, B0FGJCY87X, B0DMF6XR7F, B0DZFL4BJ4, B0CYC2R63B, B0G2PLRGG4, B0FN7QFCQ1, B0CYBMK8RR, B0DT15RM7D, B0FHQFT15G, B0CP1RBF44, B0DMN5NPYT, B0DK1L4GCD, B0DMFB3LMK, B0DMF6QQ18, B0CYC498B2, B0FVDQ8WKK, B0DK1PGT6R, B0F8QQ613C, B0DK1NDWTS, B0FGJFF8K5, B0FGJFF8K3, B0F18WWV8R, B0F8VPNRVQ, B0DK1PG3ND, B0FH42Z7BW, B0FH4252P6, B0D2L1VRWB, B0G2PN49DQ, B0G2PZR51W, B0DMN8CSD3, B0G2PP8XFC, B0DMFBJN5F, B0DMN3T6K3, B0G2PHXNSG, B0DMFCFGHP, B0FVF2N9QF, B0FVDT6TXK, B0DKT6S6TH, B0CP1S538Q, B0G2PM9T87, B0DKT5CYLT, B0F8QP292B, B0DMF42VTQ, B0FN7RG947, B0DT15GYQT, B0G2Q1HBFL, B0CNV7SCJD, B0G2PWPX8V, B0G2PRDMDS, B0DKT7JQTC, B0GCLLNGVN, B0G2PJ9VCZ, B0DMN4L5SR, B0D791LCFC, B0DMF96BC6, B0CNT9KFX9, B0DKT5GFB2, B0G2NVMFYW, B0GCMJQDK5, B0DKT682SF, B0DMN44P7S, B0CYC3MWJH, B0CNT938BP, B0FGJCWYRS, B0DMF899P1, B0G2Q4Q5TJ, B0G2PPCMRJ, B0CYC65DGH, B0D2L3V73F, B0DMN5G7RB, B0DMN4K277, B0G2P831ND, B0G2Q4T1R9, B0D2L2DC5D, B0DT1939JR, B0FGJ78NXZ, B0G2QDMWZK, B0CYC2HL14, B0DT1CYWXC, B0F8TYLWNB, B0DZGCXKQR, B0CYBMMZH6, B0FVDC7PNN, B0DKT61V62, B0GCLBQX11, B0D1K5JZGK, B0FVD6KBYZ, B0G2PJY4R6, B0DMN5FGCK, B0FGJCD7YV]",amzn1.campaign.2C109FUW1296O,"Bestsellers | 10% Off – Waist Chains, Backpacks, Clear Bags  All You Want！！！",NEOREAL,2026-07-21,2026-12-09,10.00%,5000.0,5000.0,12,800,false
"[B0CNVBM6QB, B0GCLLRYD1, B0G2PPKT2L, B0D22MWLW2, B0DZMVH9N3, B0CP1R3M24, B0FGJJ3L7T, B0G2PGCWZ3, B0D22MV53G, B0DKT6DY2D, B0CNT8Z1BS, B0F8QPTXXK, B0DK1L55QC, B0G2PFM3YB, B0GCLC1VY2, B0DMF8DHJK, B0GCMPWZ9C, B0DMF7MDL4, B0DMN322CM, B0D1K25WDM, B0D1K7CLLT, B0D1K7DTRB, B0F8V81XY3, B0DK1PS4WX, B0DMF6NHKJ, B0FGJFGJNV, B0CNVBJWL1, B0DT19S9DD, B0DZMT2KPY, B0CNT8G87T, B0FHQC9LBD, B0DZMXK5DV, B0CYC4CLQQ, B0FVF5NH4M, B0D22KH5D4, B0DJSBKS1V, B0G2PM7SHH, B0DKT695C8, B0DMF6WV4C, B0G2PJTQP1, B0G2PP5N6Q, B0FVF2W6MN, B0D78X9FKL, B0D795LNV5, B0DKT57ZLS, B0DK1MYRVN, B0DMN56SHL, B0FH43Y199, B0D22LZY3V, B0DKT66TYC, B0G2PZDMTQ, B0DMF7G31Z, B0FHQBPS7W, B0G2PVG6HS, B0DT197X83, B0GCM7PMHJ, B0GCM8283H, B0DK1P1115, B0DMFC5F4Z, B0FVDSRNGR, B0DMFBGY9J, B0FN7QSFZF, B0DKT7KV6H, B0DT19H3K6, B0DMND78BX, B0FVDPL2F6, B0G2PXQSD4, B0DMN31T99, B0FGJCXKQS, B0DZG8N74J, B0D2L3CC7Q, B0GCMHMWZZ, B0DKT6XPJ2, B0G2Q79PNV, B0FGJCY87X, B0DMF6XR7F, B0DZFL4BJ4, B0CYC2R63B, B0G2PLRGG4, B0FN7QFCQ1, B0CYBMK8RR, B0DT15RM7D, B0FHQFT15G, B0CP1RBF44, B0DMN5NPYT, B0DK1L4GCD, B0DMFB3LMK, B0DMF6QQ18, B0CYC498B2, B0FVDQ8WKK, B0DK1PGT6R, B0F8QQ613C, B0DK1NDWTS, B0FGJFF8K5, B0FGJFF8K3, B0F18WWV8R, B0F8VPNRVQ, B0DK1PG3ND, B0FH42Z7BW, B0FH4252P6, B0D2L1VRWB, B0G2PN49DQ, B0G2PZR51W, B0DMN8CSD3, B0G2PP8XFC, B0DMFBJN5F, B0DMN3T6K3, B0G2PHXNSG, B0DMFCFGHP, B0FVF2N9QF, B0FVDT6TXK, B0DKT6S6TH, B0CP1S538Q, B0G2PM9T87, B0DKT5CYLT, B0F8QP292B, B0DMF42VTQ, B0FN7RG947, B0DT15GYQT, B0G2Q1HBFL, B0CNV7SCJD, B0G2PWPX8V, B0G2PRDMDS, B0DKT7JQTC, B0GCLLNGVN, B0G2PJ9VCZ, B0DMN4L5SR, B0D791LCFC, B0DMF96BC6, B0CNT9KFX9, B0DKT5GFB2, B0G2NVMFYW, B0GCMJQDK5, B0DKT682SF, B0DMN44P7S, B0CYC3MWJH, B0CNT938BP, B0FGJCWYRS, B0DMF899P1, B0G2Q4Q5TJ, B0G2PPCMRJ, B0CYC65DGH, B0D2L3V73F, B0DMN5G7RB, B0DMN4K277, B0G2P831ND, B0G2Q4T1R9, B0D2L2DC5D, B0DT1939JR, B0FGJ78NXZ, B0G2QDMWZK, B0CYC2HL14, B0DT1CYWXC, B0F8TYLWNB, B0DZGCXKQR, B0CYBMMZH6, B0FVDC7PNN, B0DKT61V62, B0GCLBQX11, B0D1K5JZGK, B0FVD6KBYZ, B0G2PJY4R6, B0DMN5FGCK, B0FGJCD7YV]",amzn1.campaign.FINVQQF5PUMW,"Bestsellers | 10% Off – Waist Chains, Backpacks, Clear Bags  All You Want！！！",NEOREAL,2026-07-21,2026-12-08,10.00%,5000.0,5000.0,17,800,false
"[B0CNVBM6QB, B0GCLLRYD1, B0G2PPKT2L, B0D22MWLW2, B0DZMVH9N3, B0CP1R3M24, B0FGJJ3L7T, B0G2PGCWZ3, B0D22MV53G, B0DKT6DY2D, B0CNT8Z1BS, B0F8QPTXXK, B0DK1L55QC, B0G2PFM3YB, B0GCLC1VY2, B0DMF8DHJK, B0GCMPWZ9C, B0DMF7MDL4, B0DMN322CM, B0D1K25WDM, B0D1K7CLLT, B0D1K7DTRB, B0F8V81XY3, B0DK1PS4WX, B0DMF6NHKJ, B0FGJFGJNV, B0CNVBJWL1, B0DT19S9DD, B0DZMT2KPY, B0CNT8G87T, B0FHQC9LBD, B0DZMXK5DV, B0CYC4CLQQ, B0FVF5NH4M, B0D22KH5D4, B0DJSBKS1V, B0G2PM7SHH, B0DKT695C8, B0DMF6WV4C, B0G2PJTQP1, B0G2PP5N6Q, B0FVF2W6MN, B0D78X9FKL, B0D795LNV5, B0DKT57ZLS, B0DK1MYRVN, B0DMN56SHL, B0FH43Y199, B0D22LZY3V, B0DKT66TYC, B0G2PZDMTQ, B0DMF7G31Z, B0FHQBPS7W, B0G2PVG6HS, B0DT197X83, B0GCM7PMHJ, B0GCM8283H, B0DK1P1115, B0DMFC5F4Z, B0FVDSRNGR, B0DMFBGY9J, B0FN7QSFZF, B0DKT7KV6H, B0DT19H3K6, B0DMND78BX, B0FVDPL2F6, B0G2PXQSD4, B0DMN31T99, B0FGJCXKQS, B0DZG8N74J, B0D2L3CC7Q, B0GCMHMWZZ, B0DKT6XPJ2, B0G2Q79PNV, B0FGJCY87X, B0DMF6XR7F, B0DZFL4BJ4, B0CYC2R63B, B0G2PLRGG4, B0FN7QFCQ1, B0CYBMK8RR, B0DT15RM7D, B0FHQFT15G, B0CP1RBF44, B0DMN5NPYT, B0DK1L4GCD, B0DMFB3LMK, B0DMF6QQ18, B0CYC498B2, B0FVDQ8WKK, B0DK1PGT6R, B0F8QQ613C, B0DK1NDWTS, B0FGJFF8K5, B0FGJFF8K3, B0F18WWV8R, B0F8VPNRVQ, B0DK1PG3ND, B0FH42Z7BW, B0FH4252P6, B0D2L1VRWB, B0G2PN49DQ, B0G2PZR51W, B0DMN8CSD3, B0G2PP8XFC, B0DMFBJN5F, B0DMN3T6K3, B0G2PHXNSG, B0DMFCFGHP, B0FVF2N9QF, B0FVDT6TXK, B0DKT6S6TH, B0CP1S538Q, B0G2PM9T87, B0DKT5CYLT, B0F8QP292B, B0DMF42VTQ, B0FN7RG947, B0DT15GYQT, B0G2Q1HBFL, B0CNV7SCJD, B0G2PWPX8V, B0G2PRDMDS, B0DKT7JQTC, B0GCLLNGVN, B0G2PJ9VCZ, B0DMN4L5SR, B0D791LCFC, B0DMF96BC6, B0CNT9KFX9, B0DKT5GFB2, B0G2NVMFYW, B0GCMJQDK5, B0DKT682SF, B0DMN44P7S, B0CYC3MWJH, B0CNT938BP, B0FGJCWYRS, B0DMF899P1, B0G2Q4Q5TJ, B0G2PPCMRJ, B0CYC65DGH, B0D2L3V73F, B0DMN5G7RB, B0DMN4K277, B0G2P831ND, B0G2Q4T1R9, B0D2L2DC5D, B0DT1939JR, B0FGJ78NXZ, B0G2QDMWZK, B0CYC2HL14, B0DT1CYWXC, B0F8TYLWNB, B0DZGCXKQR, B0CYBMMZH6, B0FVDC7PNN, B0DKT61V62, B0GCLBQX11, B0D1K5JZGK, B0FVD6KBYZ, B0G2PJY4R6, B0DMN5FGCK, B0FGJCD7YV]",amzn1.campaign.3Q4HCY7UA2PPI,"Bestsellers | 10% Off – Waist Chains, Backpacks, Clear Bags  All You Want！！！",NEOREAL,2026-07-21,2026-12-07,10.00%,5000.0,5000.0,17,800,false
"[B0CNVBM6QB, B0GCLLRYD1, B0G2PPKT2L, B0D22MWLW2, B0DZMVH9N3, B0CP1R3M24, B0FGJJ3L7T, B0G2PGCWZ3, B0D22MV53G, B0DKT6DY2D, B0CNT8Z1BS, B0F8QPTXXK, B0DK1L55QC, B0G2PFM3YB, B0GCLC1VY2, B0DMF8DHJK, B0GCMPWZ9C, B0DMF7MDL4, B0DMN322CM, B0D1K25WDM, B0D1K7CLLT, B0D1K7DTRB, B0F8V81XY3, B0DK1PS4WX, B0DMF6NHKJ, B0FGJFGJNV, B0CNVBJWL1, B0DT19S9DD, B0DZMT2KPY, B0CNT8G87T, B0FHQC9LBD, B0DZMXK5DV, B0CYC4CLQQ, B0FVF5NH4M, B0D22KH5D4, B0DJSBKS1V, B0G2PM7SHH, B0DKT695C8, B0DMF6WV4C, B0G2PJTQP1, B0G2PP5N6Q, B0FVF2W6MN, B0D78X9FKL, B0D795LNV5, B0DKT57ZLS, B0DK1MYRVN, B0DMN56SHL, B0FH43Y199, B0D22LZY3V, B0DKT66TYC, B0G2PZDMTQ, B0DMF7G31Z, B0FHQBPS7W, B0G2PVG6HS, B0DT197X83, B0GCM7PMHJ, B0GCM8283H, B0DK1P1115, B0DMFC5F4Z, B0FVDSRNGR, B0DMFBGY9J, B0FN7QSFZF, B0DKT7KV6H, B0DT19H3K6, B0DMND78BX, B0FVDPL2F6, B0G2PXQSD4, B0DMN31T99, B0FGJCXKQS, B0DZG8N74J, B0D2L3CC7Q, B0GCMHMWZZ, B0DKT6XPJ2, B0G2Q79PNV, B0FGJCY87X, B0DMF6XR7F, B0DZFL4BJ4, B0CYC2R63B, B0G2PLRGG4, B0FN7QFCQ1, B0CYBMK8RR, B0DT15RM7D, B0FHQFT15G, B0CP1RBF44, B0DMN5NPYT, B0DK1L4GCD, B0DMFB3LMK, B0DMF6QQ18, B0CYC498B2, B0FVDQ8WKK, B0DK1PGT6R, B0F8QQ613C, B0DK1NDWTS, B0FGJFF8K5, B0FGJFF8K3, B0F18WWV8R, B0F8VPNRVQ, B0DK1PG3ND, B0FH42Z7BW, B0FH4252P6, B0D2L1VRWB, B0G2PN49DQ, B0G2PZR51W, B0DMN8CSD3, B0G2PP8XFC, B0DMFBJN5F, B0DMN3T6K3, B0G2PHXNSG, B0DMFCFGHP, B0FVF2N9QF, B0FVDT6TXK, B0DKT6S6TH, B0CP1S538Q, B0G2PM9T87, B0DKT5CYLT, B0F8QP292B, B0DMF42VTQ, B0FN7RG947, B0DT15GYQT, B0G2Q1HBFL, B0CNV7SCJD, B0G2PWPX8V, B0G2PRDMDS, B0DKT7JQTC, B0GCLLNGVN, B0G2PJ9VCZ, B0DMN4L5SR, B0D791LCFC, B0DMF96BC6, B0CNT9KFX9, B0DKT5GFB2, B0G2NVMFYW, B0GCMJQDK5, B0DKT682SF, B0DMN44P7S, B0CYC3MWJH, B0CNT938BP, B0FGJCWYRS, B0DMF899P1, B0G2Q4Q5TJ, B0G2PPCMRJ, B0CYC65DGH, B0D2L3V73F, B0DMN5G7RB, B0DMN4K277, B0G2P831ND, B0G2Q4T1R9, B0D2L2DC5D, B0DT1939JR, B0FGJ78NXZ, B0G2QDMWZK, B0CYC2HL14, B0DT1CYWXC, B0F8TYLWNB, B0DZGCXKQR, B0CYBMMZH6, B0FVDC7PNN, B0DKT61V62, B0GCLBQX11, B0D1K5JZGK, B0FVD6KBYZ, B0G2PJY4R6, B0DMN5FGCK, B0FGJCD7YV]",amzn1.campaign.1GILJ3BOMDK18,"Bestsellers | 10% Off – Waist Chains, Backpacks, Clear Bags  All You Want！！！",NEOREAL,2026-07-21,2026-12-06,10.00%,5000.0,5000.0,13,800,false
"[B0GJM7CPQY, B0H1SH9D3H, B0GJMH7LSZ, B0H1SDHD5Z, B0GJLS2BD4, B0H1SFBHT7, B0GJM8B9N5, B0GJLYQSPY, B0GJMGJHTC, B0GJMNR6D4, B0H1SJQVTL, B0GJMMTR2T]",amzn1.campaign.72Q37VJC4YD3,Sport bar,DONDYM,2026-07-21,2026-12-31,10.00%,5000.0,5000.0,0,800,false
"[B0CNVBM6QB, B0GCLLRYD1, B0G2PPKT2L, B0D22MWLW2, B0DZMVH9N3, B0CP1R3M24, B0FGJJ3L7T, B0G2PGCWZ3, B0D22MV53G, B0DKT6DY2D, B0CNT8Z1BS, B0F8QPTXXK, B0DK1L55QC, B0G2PFM3YB, B0GCLC1VY2, B0DMF8DHJK, B0GCMPWZ9C, B0DMF7MDL4, B0DMN322CM, B0D1K25WDM, B0D1K7CLLT, B0D1K7DTRB, B0F8V81XY3, B0DK1PS4WX, B0DMF6NHKJ, B0FGJFGJNV, B0CNVBJWL1, B0DT19S9DD, B0DZMT2KPY, B0CNT8G87T, B0FHQC9LBD, B0DZMXK5DV, B0CYC4CLQQ, B0FVF5NH4M, B0D22KH5D4, B0DJSBKS1V, B0G2PM7SHH, B0DKT695C8, B0DMF6WV4C, B0G2PJTQP1, B0G2PP5N6Q, B0FVF2W6MN, B0D78X9FKL, B0D795LNV5, B0DKT57ZLS, B0DK1MYRVN, B0DMN56SHL, B0FH43Y199, B0D22LZY3V, B0DKT66TYC, B0G2PZDMTQ, B0DMF7G31Z, B0FHQBPS7W, B0G2PVG6HS, B0DT197X83, B0GCM7PMHJ, B0GCM8283H, B0DK1P1115, B0DMFC5F4Z, B0FVDSRNGR, B0DMFBGY9J, B0FN7QSFZF, B0DKT7KV6H, B0DT19H3K6, B0DMND78BX, B0FVDPL2F6, B0G2PXQSD4, B0DMN31T99, B0FGJCXKQS, B0DZG8N74J, B0D2L3CC7Q, B0GCMHMWZZ, B0DKT6XPJ2, B0G2Q79PNV, B0FGJCY87X, B0DMF6XR7F, B0DZFL4BJ4, B0CYC2R63B, B0G2PLRGG4, B0FN7QFCQ1, B0CYBMK8RR, B0DT15RM7D, B0FHQFT15G, B0CP1RBF44, B0DMN5NPYT, B0DK1L4GCD, B0DMFB3LMK, B0DMF6QQ18, B0CYC498B2, B0FVDQ8WKK, B0DK1PGT6R, B0F8QQ613C, B0DK1NDWTS, B0FGJFF8K5, B0FGJFF8K3, B0F18WWV8R, B0F8VPNRVQ, B0DK1PG3ND, B0FH42Z7BW, B0FH4252P6, B0D2L1VRWB, B0G2PN49DQ, B0G2PZR51W, B0DMN8CSD3, B0G2PP8XFC, B0DMFBJN5F, B0DMN3T6K3, B0G2PHXNSG, B0DMFCFGHP, B0FVF2N9QF, B0FVDT6TXK, B0DKT6S6TH, B0CP1S538Q, B0G2PM9T87, B0DKT5CYLT, B0F8QP292B, B0DMF42VTQ, B0FN7RG947, B0DT15GYQT, B0G2Q1HBFL, B0CNV7SCJD, B0G2PWPX8V, B0G2PRDMDS, B0DKT7JQTC, B0GCLLNGVN, B0G2PJ9VCZ, B0DMN4L5SR, B0D791LCFC, B0DMF96BC6, B0CNT9KFX9, B0DKT5GFB2, B0G2NVMFYW, B0GCMJQDK5, B0DKT682SF, B0DMN44P7S, B0CYC3MWJH, B0CNT938BP, B0FGJCWYRS, B0DMF899P1, B0G2Q4Q5TJ, B0G2PPCMRJ, B0CYC65DGH, B0D2L3V73F, B0DMN5G7RB, B0DMN4K277, B0G2P831ND, B0G2Q4T1R9, B0D2L2DC5D, B0DT1939JR, B0FGJ78NXZ, B0G2QDMWZK, B0CYC2HL14, B0DT1CYWXC, B0F8TYLWNB, B0DZGCXKQR, B0CYBMMZH6, B0FVDC7PNN, B0DKT61V62, B0GCLBQX11, B0D1K5JZGK, B0FVD6KBYZ, B0G2PJY4R6, B0DMN5FGCK, B0FGJCD7YV]",amzn1.campaign.2TKHU513P1GY3,"Bestsellers | 10% Off – Waist Chains, Backpacks, Clear Bags  All You Want！！！",NEOREAL,2026-07-21,2026-12-05,10.00%,5000.0,5000.0,15,800,false
"[B0CNVBM6QB, B0GCLLRYD1, B0G2PPKT2L, B0D22MWLW2, B0DZMVH9N3, B0CP1R3M24, B0FGJJ3L7T, B0G2PGCWZ3, B0D22MV53G, B0DKT6DY2D, B0CNT8Z1BS, B0F8QPTXXK, B0DK1L55QC, B0G2PFM3YB, B0GCLC1VY2, B0DMF8DHJK, B0GCMPWZ9C, B0DMF7MDL4, B0DMN322CM, B0D1K25WDM, B0D1K7CLLT, B0D1K7DTRB, B0F8V81XY3, B0DK1PS4WX, B0DMF6NHKJ, B0FGJFGJNV, B0CNVBJWL1, B0DT19S9DD, B0DZMT2KPY, B0CNT8G87T, B0FHQC9LBD, B0DZMXK5DV, B0CYC4CLQQ, B0FVF5NH4M, B0D22KH5D4, B0DJSBKS1V, B0G2PM7SHH, B0DKT695C8, B0DMF6WV4C, B0G2PJTQP1, B0G2PP5N6Q, B0FVF2W6MN, B0D78X9FKL, B0D795LNV5, B0DKT57ZLS, B0DK1MYRVN, B0DMN56SHL, B0FH43Y199, B0D22LZY3V, B0DKT66TYC, B0G2PZDMTQ, B0DMF7G31Z, B0FHQBPS7W, B0G2PVG6HS, B0DT197X83, B0GCM7PMHJ, B0GCM8283H, B0DK1P1115, B0DMFC5F4Z, B0FVDSRNGR, B0DMFBGY9J, B0FN7QSFZF, B0DKT7KV6H, B0DT19H3K6, B0DMND78BX, B0FVDPL2F6, B0G2PXQSD4, B0DMN31T99, B0FGJCXKQS, B0DZG8N74J, B0D2L3CC7Q, B0GCMHMWZZ, B0DKT6XPJ2, B0G2Q79PNV, B0FGJCY87X, B0DMF6XR7F, B0DZFL4BJ4, B0CYC2R63B, B0G2PLRGG4, B0FN7QFCQ1, B0CYBMK8RR, B0DT15RM7D, B0FHQFT15G, B0CP1RBF44, B0DMN5NPYT, B0DK1L4GCD, B0DMFB3LMK, B0DMF6QQ18, B0CYC498B2, B0FVDQ8WKK, B0DK1PGT6R, B0F8QQ613C, B0DK1NDWTS, B0FGJFF8K5, B0FGJFF8K3, B0F18WWV8R, B0F8VPNRVQ, B0DK1PG3ND, B0FH42Z7BW, B0FH4252P6, B0D2L1VRWB, B0G2PN49DQ, B0G2PZR51W, B0DMN8CSD3, B0G2PP8XFC, B0DMFBJN5F, B0DMN3T6K3, B0G2PHXNSG, B0DMFCFGHP, B0FVF2N9QF, B0FVDT6TXK, B0DKT6S6TH, B0CP1S538Q, B0G2PM9T87, B0DKT5CYLT, B0F8QP292B, B0DMF42VTQ, B0FN7RG947, B0DT15GYQT, B0G2Q1HBFL, B0CNV7SCJD, B0G2PWPX8V, B0G2PRDMDS, B0DKT7JQTC, B0GCLLNGVN, B0G2PJ9VCZ, B0DMN4L5SR, B0D791LCFC, B0DMF96BC6, B0CNT9KFX9, B0DKT5GFB2, B0G2NVMFYW, B0GCMJQDK5, B0DKT682SF, B0DMN44P7S, B0CYC3MWJH, B0CNT938BP, B0FGJCWYRS, B0DMF899P1, B0G2Q4Q5TJ, B0G2PPCMRJ, B0CYC65DGH, B0D2L3V73F, B0DMN5G7RB, B0DMN4K277, B0G2P831ND, B0G2Q4T1R9, B0D2L2DC5D, B0DT1939JR, B0FGJ78NXZ, B0G2QDMWZK, B0CYC2HL14, B0DT1CYWXC, B0F8TYLWNB, B0DZGCXKQR, B0CYBMMZH6, B0FVDC7PNN, B0DKT61V62, B0GCLBQX11, B0D1K5JZGK, B0FVD6KBYZ, B0G2PJY4R6, B0DMN5FGCK, B0FGJCD7YV]",amzn1.campaign.2I3EZNYWE1DET,"Bestsellers | 10% Off – Waist Chains, Backpacks, Clear Bags  All You Want！！！",NEOREAL,2026-07-21,2026-12-04,10.00%,5000.0,5000.0,15,800,false
"[B0CNVBM6QB, B0GCLLRYD1, B0G2PPKT2L, B0D22MWLW2, B0DZMVH9N3, B0CP1R3M24, B0FGJJ3L7T, B0G2PGCWZ3, B0D22MV53G, B0DKT6DY2D, B0CNT8Z1BS, B0F8QPTXXK, B0DK1L55QC, B0G2PFM3YB, B0GCLC1VY2, B0DMF8DHJK, B0GCMPWZ9C, B0DMF7MDL4, B0DMN322CM, B0D1K25WDM, B0D1K7CLLT, B0D1K7DTRB, B0F8V81XY3, B0DK1PS4WX, B0DMF6NHKJ, B0FGJFGJNV, B0CNVBJWL1, B0DT19S9DD, B0DZMT2KPY, B0CNT8G87T, B0FHQC9LBD, B0DZMXK5DV, B0CYC4CLQQ, B0FVF5NH4M, B0D22KH5D4, B0DJSBKS1V, B0G2PM7SHH, B0DKT695C8, B0DMF6WV4C, B0G2PJTQP1, B0G2PP5N6Q, B0FVF2W6MN, B0D78X9FKL, B0D795LNV5, B0DKT57ZLS, B0DK1MYRVN, B0DMN56SHL, B0FH43Y199, B0D22LZY3V, B0DKT66TYC, B0G2PZDMTQ, B0DMF7G31Z, B0FHQBPS7W, B0G2PVG6HS, B0DT197X83, B0GCM7PMHJ, B0GCM8283H, B0DK1P1115, B0DMFC5F4Z, B0FVDSRNGR, B0DMFBGY9J, B0FN7QSFZF, B0DKT7KV6H, B0DT19H3K6, B0DMND78BX, B0FVDPL2F6, B0G2PXQSD4, B0DMN31T99, B0FGJCXKQS, B0DZG8N74J, B0D2L3CC7Q, B0GCMHMWZZ, B0DKT6XPJ2, B0G2Q79PNV, B0FGJCY87X, B0DMF6XR7F, B0DZFL4BJ4, B0CYC2R63B, B0G2PLRGG4, B0FN7QFCQ1, B0CYBMK8RR, B0DT15RM7D, B0FHQFT15G, B0CP1RBF44, B0DMN5NPYT, B0DK1L4GCD, B0DMFB3LMK, B0DMF6QQ18, B0CYC498B2, B0FVDQ8WKK, B0DK1PGT6R, B0F8QQ613C, B0DK1NDWTS, B0FGJFF8K5, B0FGJFF8K3, B0F18WWV8R, B0F8VPNRVQ, B0DK1PG3ND, B0FH42Z7BW, B0FH4252P6, B0D2L1VRWB, B0G2PN49DQ, B0G2PZR51W, B0DMN8CSD3, B0G2PP8XFC, B0DMFBJN5F, B0DMN3T6K3, B0G2PHXNSG, B0DMFCFGHP, B0FVF2N9QF, B0FVDT6TXK, B0DKT6S6TH, B0CP1S538Q, B0G2PM9T87, B0DKT5CYLT, B0F8QP292B, B0DMF42VTQ, B0FN7RG947, B0DT15GYQT, B0G2Q1HBFL, B0CNV7SCJD, B0G2PWPX8V, B0G2PRDMDS, B0DKT7JQTC, B0GCLLNGVN, B0G2PJ9VCZ, B0DMN4L5SR, B0D791LCFC, B0DMF96BC6, B0CNT9KFX9, B0DKT5GFB2, B0G2NVMFYW, B0GCMJQDK5, B0DKT682SF, B0DMN44P7S, B0CYC3MWJH, B0CNT938BP, B0FGJCWYRS, B0DMF899P1, B0G2Q4Q5TJ, B0G2PPCMRJ, B0CYC65DGH, B0D2L3V73F, B0DMN5G7RB, B0DMN4K277, B0G2P831ND, B0G2Q4T1R9, B0D2L2DC5D, B0DT1939JR, B0FGJ78NXZ, B0G2QDMWZK, B0CYC2HL14, B0DT1CYWXC, B0F8TYLWNB, B0DZGCXKQR, B0CYBMMZH6, B0FVDC7PNN, B0DKT61V62, B0GCLBQX11, B0D1K5JZGK, B0FVD6KBYZ, B0G2PJY4R6, B0DMN5FGCK, B0FGJCD7YV]",amzn1.campaign.277A0G3ZO5OXO,"Bestsellers | 10% Off – Waist Chains, Backpacks, Clear Bags  All You Want！！！",NEOREAL,2026-07-21,2026-12-03,10.00%,5000.0,5000.0,14,800,false
"[B0CNVBM6QB, B0GCLLRYD1, B0G2PPKT2L, B0D22MWLW2, B0DZMVH9N3, B0CP1R3M24, B0FGJJ3L7T, B0G2PGCWZ3, B0D22MV53G, B0DKT6DY2D, B0CNT8Z1BS, B0F8QPTXXK, B0DK1L55QC, B0G2PFM3YB, B0GCLC1VY2, B0DMF8DHJK, B0GCMPWZ9C, B0DMF7MDL4, B0DMN322CM, B0D1K25WDM, B0D1K7CLLT, B0D1K7DTRB, B0F8V81XY3, B0DK1PS4WX, B0DMF6NHKJ, B0FGJFGJNV, B0CNVBJWL1, B0DT19S9DD, B0DZMT2KPY, B0CNT8G87T, B0FHQC9LBD, B0DZMXK5DV, B0CYC4CLQQ, B0FVF5NH4M, B0D22KH5D4, B0DJSBKS1V, B0G2PM7SHH, B0DKT695C8, B0DMF6WV4C, B0G2PJTQP1, B0G2PP5N6Q, B0FVF2W6MN, B0D78X9FKL, B0D795LNV5, B0DKT57ZLS, B0DK1MYRVN, B0DMN56SHL, B0FH43Y199, B0D22LZY3V, B0DKT66TYC, B0G2PZDMTQ, B0DMF7G31Z, B0FHQBPS7W, B0G2PVG6HS, B0DT197X83, B0GCM7PMHJ, B0GCM8283H, B0DK1P1115, B0DMFC5F4Z, B0FVDSRNGR, B0DMFBGY9J, B0FN7QSFZF, B0DKT7KV6H, B0DT19H3K6, B0DMND78BX, B0FVDPL2F6, B0G2PXQSD4, B0DMN31T99, B0FGJCXKQS, B0DZG8N74J, B0D2L3CC7Q, B0GCMHMWZZ, B0DKT6XPJ2, B0G2Q79PNV, B0FGJCY87X, B0DMF6XR7F, B0DZFL4BJ4, B0CYC2R63B, B0G2PLRGG4, B0FN7QFCQ1, B0CYBMK8RR, B0DT15RM7D, B0FHQFT15G, B0CP1RBF44, B0DMN5NPYT, B0DK1L4GCD, B0DMFB3LMK, B0DMF6QQ18, B0CYC498B2, B0FVDQ8WKK, B0DK1PGT6R, B0F8QQ613C, B0DK1NDWTS, B0FGJFF8K5, B0FGJFF8K3, B0F18WWV8R, B0F8VPNRVQ, B0DK1PG3ND, B0FH42Z7BW, B0FH4252P6, B0D2L1VRWB, B0G2PN49DQ, B0G2PZR51W, B0DMN8CSD3, B0G2PP8XFC, B0DMFBJN5F, B0DMN3T6K3, B0G2PHXNSG, B0DMFCFGHP, B0FVF2N9QF, B0FVDT6TXK, B0DKT6S6TH, B0CP1S538Q, B0G2PM9T87, B0DKT5CYLT, B0F8QP292B, B0DMF42VTQ, B0FN7RG947, B0DT15GYQT, B0G2Q1HBFL, B0CNV7SCJD, B0G2PWPX8V, B0G2PRDMDS, B0DKT7JQTC, B0GCLLNGVN, B0G2PJ9VCZ, B0DMN4L5SR, B0D791LCFC, B0DMF96BC6, B0CNT9KFX9, B0DKT5GFB2, B0G2NVMFYW, B0GCMJQDK5, B0DKT682SF, B0DMN44P7S, B0CYC3MWJH, B0CNT938BP, B0FGJCWYRS, B0DMF899P1, B0G2Q4Q5TJ, B0G2PPCMRJ, B0CYC65DGH, B0D2L3V73F, B0DMN5G7RB, B0DMN4K277, B0G2P831ND, B0G2Q4T1R9, B0D2L2DC5D, B0DT1939JR, B0FGJ78NXZ, B0G2QDMWZK, B0CYC2HL14, B0DT1CYWXC, B0F8TYLWNB, B0DZGCXKQR, B0CYBMMZH6, B0FVDC7PNN, B0DKT61V62, B0GCLBQX11, B0D1K5JZGK, B0FVD6KBYZ, B0G2PJY4R6, B0DMN5FGCK, B0FGJCD7YV]",amzn1.campaign.1Q6LBGRB1R5IZ,"Bestsellers | 10% Off – Waist Chains, Backpacks, Clear Bags  All You Want！！！",NEOREAL,2026-07-21,2026-12-02,10.00%,5000.0,5000.0,14,800,false
"[B0CNVBM6QB, B0GCLLRYD1, B0G2PPKT2L, B0D22MWLW2, B0DZMVH9N3, B0CP1R3M24, B0FGJJ3L7T, B0G2PGCWZ3, B0D22MV53G, B0DKT6DY2D, B0CNT8Z1BS, B0F8QPTXXK, B0DK1L55QC, B0G2PFM3YB, B0GCLC1VY2, B0DMF8DHJK, B0GCMPWZ9C, B0DMF7MDL4, B0DMN322CM, B0D1K25WDM, B0D1K7CLLT, B0D1K7DTRB, B0F8V81XY3, B0DK1PS4WX, B0DMF6NHKJ, B0FGJFGJNV, B0CNVBJWL1, B0DT19S9DD, B0DZMT2KPY, B0CNT8G87T, B0FHQC9LBD, B0DZMXK5DV, B0CYC4CLQQ, B0FVF5NH4M, B0D22KH5D4, B0DJSBKS1V, B0G2PM7SHH, B0DKT695C8, B0DMF6WV4C, B0G2PJTQP1, B0G2PP5N6Q, B0FVF2W6MN, B0D78X9FKL, B0D795LNV5, B0DKT57ZLS, B0DK1MYRVN, B0DMN56SHL, B0FH43Y199, B0D22LZY3V, B0DKT66TYC, B0G2PZDMTQ, B0DMF7G31Z, B0FHQBPS7W, B0G2PVG6HS, B0DT197X83, B0GCM7PMHJ, B0GCM8283H, B0DK1P1115, B0DMFC5F4Z, B0FVDSRNGR, B0DMFBGY9J, B0FN7QSFZF, B0DKT7KV6H, B0DT19H3K6, B0DMND78BX, B0FVDPL2F6, B0G2PXQSD4, B0DMN31T99, B0FGJCXKQS, B0DZG8N74J, B0D2L3CC7Q, B0GCMHMWZZ, B0DKT6XPJ2, B0G2Q79PNV, B0FGJCY87X, B0DMF6XR7F, B0DZFL4BJ4, B0CYC2R63B, B0G2PLRGG4, B0FN7QFCQ1, B0CYBMK8RR, B0DT15RM7D, B0FHQFT15G, B0CP1RBF44, B0DMN5NPYT, B0DK1L4GCD, B0DMFB3LMK, B0DMF6QQ18, B0CYC498B2, B0FVDQ8WKK, B0DK1PGT6R, B0F8QQ613C, B0DK1NDWTS, B0FGJFF8K5, B0FGJFF8K3, B0F18WWV8R, B0F8VPNRVQ, B0DK1PG3ND, B0FH42Z7BW, B0FH4252P6, B0D2L1VRWB, B0G2PN49DQ, B0G2PZR51W, B0DMN8CSD3, B0G2PP8XFC, B0DMFBJN5F, B0DMN3T6K3, B0G2PHXNSG, B0DMFCFGHP, B0FVF2N9QF, B0FVDT6TXK, B0DKT6S6TH, B0CP1S538Q, B0G2PM9T87, B0DKT5CYLT, B0F8QP292B, B0DMF42VTQ, B0FN7RG947, B0DT15GYQT, B0G2Q1HBFL, B0CNV7SCJD, B0G2PWPX8V, B0G2PRDMDS, B0DKT7JQTC, B0GCLLNGVN, B0G2PJ9VCZ, B0DMN4L5SR, B0D791LCFC, B0DMF96BC6, B0CNT9KFX9, B0DKT5GFB2, B0G2NVMFYW, B0GCMJQDK5, B0DKT682SF, B0DMN44P7S, B0CYC3MWJH, B0CNT938BP, B0FGJCWYRS, B0DMF899P1, B0G2Q4Q5TJ, B0G2PPCMRJ, B0CYC65DGH, B0D2L3V73F, B0DMN5G7RB, B0DMN4K277, B0G2P831ND, B0G2Q4T1R9, B0D2L2DC5D, B0DT1939JR, B0FGJ78NXZ, B0G2QDMWZK, B0CYC2HL14, B0DT1CYWXC, B0F8TYLWNB, B0DZGCXKQR, B0CYBMMZH6, B0FVDC7PNN, B0DKT61V62, B0GCLBQX11, B0D1K5JZGK, B0FVD6KBYZ, B0G2PJY4R6, B0DMN5FGCK, B0FGJCD7YV]",amzn1.campaign.1EPHHXX5S58OP,"Bestsellers | 10% Off – Waist Chains, Backpacks, Clear Bags  All You Want！！！",NEOREAL,2026-07-21,2026-12-01,10.00%,5000.0,5000.0,13,800,false
"[B0CNVBM6QB, B0GCLLRYD1, B0G2PPKT2L, B0D22MWLW2, B0DZMVH9N3, B0CP1R3M24, B0FGJJ3L7T, B0G2PGCWZ3, B0D22MV53G, B0DKT6DY2D, B0CNT8Z1BS, B0F8QPTXXK, B0DK1L55QC, B0G2PFM3YB, B0GCLC1VY2, B0DMF8DHJK, B0GCMPWZ9C, B0DMF7MDL4, B0DMN322CM, B0D1K25WDM, B0D1K7CLLT, B0D1K7DTRB, B0F8V81XY3, B0DK1PS4WX, B0DMF6NHKJ, B0FGJFGJNV, B0CNVBJWL1, B0DT19S9DD, B0DZMT2KPY, B0CNT8G87T, B0FHQC9LBD, B0DZMXK5DV, B0CYC4CLQQ, B0FVF5NH4M, B0D22KH5D4, B0DJSBKS1V, B0G2PM7SHH, B0DKT695C8, B0DMF6WV4C, B0G2PJTQP1, B0G2PP5N6Q, B0FVF2W6MN, B0D78X9FKL, B0D795LNV5, B0DKT57ZLS, B0DK1MYRVN, B0DMN56SHL, B0FH43Y199, B0D22LZY3V, B0DKT66TYC, B0G2PZDMTQ, B0DMF7G31Z, B0FHQBPS7W, B0G2PVG6HS, B0DT197X83, B0GCM7PMHJ, B0GCM8283H, B0DK1P1115, B0DMFC5F4Z, B0FVDSRNGR, B0DMFBGY9J, B0FN7QSFZF, B0DKT7KV6H, B0DT19H3K6, B0DMND78BX, B0FVDPL2F6, B0G2PXQSD4, B0DMN31T99, B0FGJCXKQS, B0DZG8N74J, B0D2L3CC7Q, B0GCMHMWZZ, B0DKT6XPJ2, B0G2Q79PNV, B0FGJCY87X, B0DMF6XR7F, B0DZFL4BJ4, B0CYC2R63B, B0G2PLRGG4, B0FN7QFCQ1, B0CYBMK8RR, B0DT15RM7D, B0FHQFT15G, B0CP1RBF44, B0DMN5NPYT, B0DK1L4GCD, B0DMFB3LMK, B0DMF6QQ18, B0CYC498B2, B0FVDQ8WKK, B0DK1PGT6R, B0F8QQ613C, B0DK1NDWTS, B0FGJFF8K5, B0FGJFF8K3, B0F18WWV8R, B0F8VPNRVQ, B0DK1PG3ND, B0FH42Z7BW, B0FH4252P6, B0D2L1VRWB, B0G2PN49DQ, B0G2PZR51W, B0DMN8CSD3, B0G2PP8XFC, B0DMFBJN5F, B0DMN3T6K3, B0G2PHXNSG, B0DMFCFGHP, B0FVF2N9QF, B0FVDT6TXK, B0DKT6S6TH, B0CP1S538Q, B0G2PM9T87, B0DKT5CYLT, B0F8QP292B, B0DMF42VTQ, B0FN7RG947, B0DT15GYQT, B0G2Q1HBFL, B0CNV7SCJD, B0G2PWPX8V, B0G2PRDMDS, B0DKT7JQTC, B0GCLLNGVN, B0G2PJ9VCZ, B0DMN4L5SR, B0D791LCFC, B0DMF96BC6, B0CNT9KFX9, B0DKT5GFB2, B0G2NVMFYW, B0GCMJQDK5, B0DKT682SF, B0DMN44P7S, B0CYC3MWJH, B0CNT938BP, B0FGJCWYRS, B0DMF899P1, B0G2Q4Q5TJ, B0G2PPCMRJ, B0CYC65DGH, B0D2L3V73F, B0DMN5G7RB, B0DMN4K277, B0G2P831ND, B0G2Q4T1R9, B0D2L2DC5D, B0DT1939JR, B0FGJ78NXZ, B0G2QDMWZK, B0CYC2HL14, B0DT1CYWXC, B0F8TYLWNB, B0DZGCXKQR, B0CYBMMZH6, B0FVDC7PNN, B0DKT61V62, B0GCLBQX11, B0D1K5JZGK, B0FVD6KBYZ, B0G2PJY4R6, B0DMN5FGCK, B0FGJCD7YV]",amzn1.campaign.1W3P3TJ1ZUDF7,"Bestsellers | 10% Off – Waist Chains, Backpacks, Clear Bags  All You Want！！！",NEOREAL,2026-07-21,2027-01-21,10.00%,5000.0,5000.0,15,800,false
[B0GF3F7NNN],amzn1.campaign.FW40FJQTNF6V,旅行包,ATJTYSX,2026-07-21,2027-06-30,15.00%,5000.0,4989.5,0,800,false
"[B0GXBHRJMY, B0GXBJQ62N]",amzn1.campaign.3DSKV1SALLAIA,Save Old French Door refrigerators with NEW W10219463 / W10219462 Control Board,Cydewhoale,2026-07-21,2027-01-31,10.00%,5000.0,5000.0,0,800,false
"[B0FRZGZCFR, B0H6SP9VKJ, B0G2T1KKQN, B0GJT5PDHV]",amzn1.campaign.27KSIPHXCTA7U,ClaroMax Brand & Collaboration Brief 8,ClaroMax,2026-07-21,2027-07-21,10.00%,5000.0,5000.0,0,800,false
[B0GWV6FTPR],amzn1.campaign.2UDC9WAP0RANZ,SATA 2000A 88.8Wh Jump Starter for 12V Vehicle Batteries,Sata,2026-07-21,2026-10-01,10.00%,5000.0,4949.69,0,800,false
[B0GZDHFGWW],amzn1.campaign.31MEAHTVBHJ11,Amavixon Front Door Knob and Deadbolt Set,Amavixon,2026-07-21,2027-07-21,15.00%,5000.0,5000.0,0,800,false
"[B07XC9FL8M, B0F7XBR2K9, B0D68CKY7L, B0FMKQSY33, B0F8WBM5VD, B0F9N3Q17H, B0F7VPZYPF, B0F7XNQZZV, B09NCD4WQ5, B0F8W5YLFC, B07YCWCDCY, B0F7V7ZCY6, B07NH8S314, B08HB9MD16, B08YJFZ52R, B0FMZTZ614, B0F8Y83QRS, B0FV3WM2CX, B09RPFJ2ZN, B07YCVLWC5, B00P6N23VA, B09LJ15J9P, B0F814H63J, B0876G8TCV, B0FDNZL6N2, B09M55PJC4, B07F1Y894T, B0F7YSVZQK, B09N9W5LKY, B0F7X3HBMN, B0F7V5NQD1, B08PDSZWF9]",amzn1.campaign.3FZO1M7ENTMKO,Special Occasions — Gift-Giving,In Season Jewelry,2026-07-22,2027-01-05,15.00%,50000.0,50000.0,0,800,false
"[B0H4VF9DSP, B0H4VHXM95, B0H4VCGPRP, B0H4VFDP7V, B0H4VGDG4G, B0H4VN8K76, B0H4VL1L5T, B0H4VM5NH7, B0H4VCW7GY, B0H4VJ6QKG, B0H4VH1HY1, B0H4VLCBCL, B0H4VFS9QN, B0H4VD28ZS, B0H4VFXZH5, B0H4VFNWH9, B0H4VXVWQ8]",amzn1.campaign.31B8KSGCK4AWQ,Collaborate with Us on the Linen Throw Pillow Covers to Get 10% Commission,Puresora,2026-07-21,2027-07-21,10.00%,5000.0,4983.34,0,800,false
"[B07XC9FL8M, B0F7XBR2K9, B0D68CKY7L, B0FMKQSY33, B0F8WBM5VD, B0F9N3Q17H, B0F7VPZYPF, B0F7XNQZZV, B09NCD4WQ5, B0F8W5YLFC, B07YCWCDCY, B0F7V7ZCY6, B07NH8S314, B08HB9MD16, B08YJFZ52R, B0FMZTZ614, B0F8Y83QRS, B0FV3WM2CX, B09RPFJ2ZN, B07YCVLWC5, B00P6N23VA, B09LJ15J9P, B0F814H63J, B0876G8TCV, B0FDNZL6N2, B09M55PJC4, B07F1Y894T, B0F7YSVZQK, B09N9W5LKY, B0F7X3HBMN, B0F7V5NQD1, B08PDSZWF9]",amzn1.campaign.28V93F1V2GR2U,"Personalized Keepsakes — Necklaces, Lockets & Charms",In Season Jewelry,2026-07-22,2026-12-26,15.00%,20000.0,20000.0,0,800,false
"[B07XC9FL8M, B0F7XBR2K9, B0D68CKY7L, B0FMKQSY33, B0F8WBM5VD, B0F9N3Q17H, B0F7VPZYPF, B0F7XNQZZV, B09NCD4WQ5, B0F8W5YLFC, B07YCWCDCY, B0F7V7ZCY6, B07NH8S314, B08HB9MD16, B08YJFZ52R, B0FMZTZ614, B0F8Y83QRS, B0FV3WM2CX, B09RPFJ2ZN, B07YCVLWC5, B00P6N23VA, B09LJ15J9P, B0F814H63J, B0876G8TCV, B0FDNZL6N2, B09M55PJC4, B07F1Y894T, B0F7YSVZQK, B09N9W5LKY, B0F7X3HBMN, B0F7V5NQD1, B08PDSZWF9]",amzn1.campaign.2LC98YPR7096D,First Jewelry Moments — Everyday Essentials,In Season Jewelry,2026-07-21,2026-12-26,15.00%,50000.0,50000.0,0,800,false
"[B0H2W8C1ZN, B0H2VZY8XL, B0H2VW347P, B0H2W8BRC7, B0H2W1R3BQ]",amzn1.campaign.ACLVKYS85ENM,Collaborate with Us on the MAMUSE Velvet Shower Curtain to Get 10% Commission,MAMUSE,2026-07-21,2027-07-21,10.00%,5000.0,4975.52,0,800,false
"[B07XC9FL8M, B0F7XBR2K9, B0D68CKY7L, B0FMKQSY33, B0F8WBM5VD, B0F9N3Q17H, B0F7VPZYPF, B0F7XNQZZV, B09NCD4WQ5, B0F8W5YLFC, B07YCWCDCY, B0F7V7ZCY6, B07NH8S314, B08HB9MD16, B08YJFZ52R, B0FMZTZ614, B0F8Y83QRS, B0FV3WM2CX, B09RPFJ2ZN, B07YCVLWC5, B00P6N23VA, B09LJ15J9P, B0F814H63J, B0876G8TCV, B0FDNZL6N2, B09M55PJC4, B07F1Y894T, B0F7YSVZQK, B09N9W5LKY, B0F7X3HBMN, B0F7V5NQD1, B08PDSZWF9]",amzn1.campaign.245LP699LA2EQ,In Season Jewelry – childhood sparkle,In Season Jewelry,2026-07-21,2026-12-29,15.00%,50000.0,50000.0,0,800,false
"[B0DSW6YTK5, B0GRZ9QGZM, B0G4Q2XTTZ, B0G52WNS12, B0G4PZQMH7, B0G4Q2H9W6, B0G52YW476]",amzn1.campaign.283URC1IEU86A,20% Commission Arch Support Insoles Influencer Collaboration,OUOKK,2026-07-21,2027-07-21,20.00%,5000.0,5000.0,0,800,false
[B0FNLW4TSG],amzn1.campaign.1BFQWHLYGEXFM,15% per sale + free samples(fill google doc inside) Solo tib bar,EXURA,2026-07-21,2027-05-05,15.00%,1000000.0,1000000.0,0,800,false
"[B0GFD4DJFX, B0H338B53F, B0F62KSJWP, B0F62R8B3Z, B0H33FNDW6]",amzn1.campaign.1M6B3IUUCX4Q4,Influencer Recruitment | 4D Cycling Shorts Review Collaboration,MeiXiu,2026-07-21,2027-07-16,20.00%,5000.0,5000.0,0,800,false
[B0D9M5X782],amzn1.campaign.28TY6AT6F3XTQ,15% per sale + free samples(fill google doc inside) Tib bar adjustable,EXURA,2026-07-21,2027-05-05,15.00%,1000000.0,1000000.0,0,800,false
"[B0F6JN9GF8, B0F9KGNL2J, B0GH7B98QF, B0F6JYQ95Z, B0GSZDDT18, B0F6JN11CK, B0GH6HQX71, B0F6JWXFBT, B0F6K7Q66Y]",amzn1.campaign.1V3W2OMF45TMO,Influencer Recruitment | Women's Silicone Arch Support Insoles - 20% Commission,PLERE,2026-07-21,2027-07-20,20.00%,5000.0,4992.07,0,800,false
"[B0G392B1CY, B0G38YYWW3, B0G392NXQS, B0G38Z98PF, B0G395M8K6, B0G394G6MY, B0G394S3NT, B0G3952KXD, B0G3925RL7, B0G394W87X, B0G3927VKW, B0G394SQWT, B0G395CVR3, B0G392JFR6, B0G392CZ8W, B0G393H38R, B0G394S3NG, B0G395PLSR, B0G392LB75, B0G394VTB4, B0G392PZHN, B0G392BXB1, B0G395PJJD, B0G392R6J7, B0G39568CF, B0G3916TZ6, B0G393KSMX, B0G393R6KS, B0G39437P7, B0G3955TSK, B0G38YLLM1, B0G3964HJ7, B0G392JWCK, B0G392V6XZ, B0G3965JHM, B0G391MN94, B0G392JXKL, B0G392W7XB]",amzn1.campaign.1VEK9IR9V11FB,Orthotic Insoles | Long-Term High-Commission Partnership Invitation,TECRUN,2026-07-21,2027-07-01,20.00%,5000.0,4995.25,0,800,false
[B0C2GR8XGP],amzn1.campaign.1UTDXJ7KILW37,FITBAKE Chocolate Frosting - The Frosting That Keeps You on Track (19%),FitBake,2026-07-20,2026-11-17,19.00%,14000.0,14000.0,0,800,false
"[B0FQ8Z1D9F, B0FNPZPGJN, B0FNMCMQQ8, B0FQ9H3S5S, B0FNQH3KQR, B0FNLX5NRL, B0FQ8D92Y6, B0FKDXQ9LY, B0FWVZVB7W, B0FQ961HB2]",amzn1.campaign.3S9ZQOW1678WG,DCX Drones,DCX UNLIMITED,2026-07-22,2026-12-09,20.00%,50000.0,50000.0,0,800,false
"[B0FQ8Z1D9F, B0FNPZPGJN, B0FNMCMQQ8, B0FQ9H3S5S, B0FNQH3KQR, B0FNLX5NRL, B0FQ8D92Y6, B0FKDXQ9LY, B0FWVZVB7W, B0FQ961HB2]",amzn1.campaign.1O3WUN5WCGMA1,"Unlimited Power, Confident Flights – DCX UNLIMITED",DCX UNLIMITED,2026-07-21,2026-11-25,20.00%,50000.0,50000.0,0,800,false
"[B0D5J5BM4G, B0D688S7VJ, B0DDFNQ7FQ, B0CCW86WFW, B0BZSNM555, B0BG38WNKF, B0DDFGNGBP]",amzn1.campaign.2X9M1XJGWB1KF,Organic Snacks & Clean Ingredient Lifestyle,MommaBear,2026-07-21,2027-01-22,10.00%,50000.0,50000.0,0,800,false
[B0GF22PTVG],amzn1.campaign.3L1104MQ8RJ5L,高尔夫球包网红,Ghaklna,2026-07-21,2026-12-31,18.85%,5000.0,4916.79,0,800,false
"[B0H9DQ6XK2, B0H9DS7M32, B0H9DBLGH8, B0H9DMFQ59, B0H9DTQ8H1, B0H9DMFDWW, B0H9DGBNNH, B0H9DMFSZD]",amzn1.campaign.1E9PG8GKNX3A2,Funny Sitting Human-Shaped Planter Pot,BEJOYSO,2026-07-21,2026-10-22,12.00%,100000.0,99989.94,0,800,false
[B0DQ7ZXW6J],amzn1.campaign.3I3ZSMOLLACF2,50% Commission For  Funny Couple Position Selector,oyeftp,2026-07-21,2026-12-31,50.00%,49998.0,49998.0,0,800,false
"[B0G1SSYQRH, B0G1SXKBJM, B0G1SYPDCH, B0G1STWYRY, B0G1SXJM78, B0G1SY5Q49, B0G1SQ1LVF, B0G1SSGLZC, B0G1SWMT75, B0G1SVKZMJ]",amzn1.campaign.4VJGNNENCP07,Unique Handmade Villa Puzzle for Gifting & Decor,BLOCKABODE,2026-07-22,2027-02-01,15.00%,10000.0,10000.0,0,800,false
[B0GQZFQDLB],amzn1.campaign.38I9519BC3TIB,50% Commission For ADHD Cleaning Planne,kowgical,2026-07-21,2026-12-31,50.00%,19999.0,19999.0,0,800,false
"[B0FLJBMN8C, B0G4MSTBYW, B0H9DW62TB, B0FLJM7ZTN, B0G4MT9NJD, B0H9DHJXZ9]",amzn1.campaign.2EVS7ZQAE5CVP,20％Commission！Bestseller！🔥🔥,XLRUISEN,2026-07-21,2027-02-27,20.00%,5000.0,5000.0,0,800,false
[B0H3SK4M2G],amzn1.campaign.1VYCD1M26BSR1,50% Commission For Foldable Silicone Phone Holder,zaqeeuau,2026-07-21,2027-01-31,50.00%,50000.0,49988.0,0,800,false
[B0GC4FSVT9],amzn1.campaign.19401U3A7O78B,[July 21-August 20] 3 Pack Stuffing-Free Dog Toys (10% Commission),Sagildoq,2026-07-21,2026-09-30,10.00%,5000.0,4997.28,0,800,false
[B0GWQ79W9M],amzn1.campaign.319CBGNA6E7FJ,✂️20% LZBWO 7-inch Lleft-handed Kids Scissors - Back-to-School,LZBWOL,2026-07-21,2026-12-31,20.00%,5000.0,5000.0,0,800,false
"[B0D186826Z, B0B1D4YPF4, B0B1D42R4L, B0DZTMSHQG, B0D81B1MBQ, B0B1D599QK, B0B1D4N96N, B0B1D5G5XB, B0D17ZQVVH, B0D183VT8H]",amzn1.campaign.3HOHHWHZO242V,Earn 20% Commission Promoting a 4.4★ Rated Garden Favorite (150+ Reviews),JUNKOGO,2026-07-21,2026-12-31,20.00%,5000.0,4964.8,0,800,false
[B0H4GZK7GM],amzn1.campaign.2AVQH6HY5W8AC,Facial Cold Plunge Basin - 10% Coupon + 10% Commission,VerdeArbor,2026-07-21,2026-11-30,10.00%,10000.0,10000.0,0,800,false
"[B0H99W7MSC, B0H99PCBJD, B0H99XR5TX]",amzn1.campaign.1GBZFN6C2RE12,Cute Frog Bag Charm Creator Campaign,LISINUO,2026-07-22,2026-09-30,16.00%,10000.0,10000.0,0,800,false
"[B09SKS1X7S, B09SKXWHS8, B0D8KMF5ZS, B09SKJJK5H, B0D8KL1KJH, B09SKQYLQ8, B0D8KMPH2T, B09SKL4K9X, B09SKXTYVQ, B0G5GZ8NQ6, B09T38QJPW, B09SKV7TYP, B09SL2VKXM]",amzn1.campaign.3RIWU82HH55HR,Earn 20% Commission Promoting a 4.4★ Rated Garden Favorite (418+ Reviews),JUNKOGO,2026-07-21,2026-10-31,20.00%,5000.0,4975.22,0,800,false
"[B0H99W7MSC, B0H99PCBJD, B0H99XR5TX]",amzn1.campaign.1MJ399617CU5Z,Beaded Frog Coin Purse Campaign,LISINUO,2026-07-21,2026-09-30,15.00%,10000.0,10000.0,0,800,false
"[B0H99HTY7R, B0H99NZRSJ, B0H99Q7X2Z]",amzn1.campaign.136NYZGOC1O3J,Cozy Halloween Ghost Decor Creator Campaign,LISINUO,2026-07-22,2026-09-30,16.00%,10000.0,10000.0,0,800,false
"[B0H99HTY7R, B0H99NZRSJ, B0H99Q7X2Z]",amzn1.campaign.33QDZIPI6DWJS,Vintage Ghost Halloween Lamp Campaign,LISINUO,2026-07-21,2026-09-30,15.00%,10000.0,10000.0,0,800,false
"[B0H994F8F4, B0H991Q51X, B0H993NZXB]",amzn1.campaign.OKGAQH5CNZDU,Crochet Flower Room Decor Campaign,LISINUO,2026-07-21,2026-09-30,16.00%,10000.0,9992.95,0,800,false
"[B0H994F8F4, B0H991Q51X, B0H993NZXB]",amzn1.campaign.3DK84BQMUFERR,Boho Crochet Wall Decor Creator Campaign,LISINUO,2026-07-21,2026-09-30,15.00%,10000.0,10000.0,0,800,false
"[B0H8Z8PLR7, B0H8Z3D1LZ, B0H8ZB27VX]",amzn1.campaign.3DZHXX71AMT9H,Knitting & Crochet Organizer Campaign,LISINUO,2026-07-22,2026-09-30,16.00%,10000.0,10000.0,0,800,false
"[B0H8Z8PLR7, B0H8Z3D1LZ, B0H8ZB27VX]",amzn1.campaign.GKIA1G1HYB6Z,Yarn Storage Tote Creator Campaign,LISINUO,2026-07-21,2026-09-30,15.00%,10000.0,10000.0,0,800,false
"[B0H8TM6QHJ, B0H8TXWFL1, B0H8TFNSGV]",amzn1.campaign.2JU6WPXMI6ZX5,Gothic Halloween Lamp Creator Campaign,LISINUO,2026-07-21,2026-09-30,16.00%,10000.0,9965.04,0,800,false
"[B0H8TM6QHJ, B0H8TXWFL1, B0H8TFNSGV]",amzn1.campaign.28L1O1KOC5J4X,Halloween Cat Lamp Creator Campaign,LISINUO,2026-07-21,2026-09-30,15.00%,10000.0,10000.0,0,800,false
"[B0DNMV38GT, B0D97XJ7WT, B0CSVN8XQ6, B0CSVLRSDW, B0DRHM7PDV, B0DLTXV31B, B0DLV9VC17, B0FLJPQ4Z1, B0D97WBXSG, B0DRFRJWWW, B0G3HKG5WW, B0CVNHLRPM, B0FVF91KDW, B0FKMJ5QXD, B0G2YQGKWC, B0G3HBHJQN, B0CSM5DD1X, B0DNQ8KNV4, B0FHW7M9SS, B0G2YSXR91, B0G3HMGX1C, B0FK55MD2D, B0DP4F21BC, B0G2YHDCMD, B0G3HDCY7W, B0FW4QJBVV, B0F53FR7VX, B0FG7RYPTL, B0DPLZGLR2, B0FW4L69HJ, B0DWSFHDSX, B0DSBRZGM6, B0F59WWSRL, B0FLDG2381, B0D97W71Z9, B0G3HNVF81, B0FVFCM72S, B0DPKDBSKP, B0G3HHKTRC, B0G2YHZDLQ, B0G2YHRG9M, B0FVFCPNTH, B0DNRYVVVB, B0G2YQG1N9, B0DNK1ZWD9, B0G3HJM16C, B0DWS96DNM, B0DP42KFKX, B0DLTY8T2H, B0DSB919R1, B0G2YDVN12, B0G2YNGP93, B0F5PTSPGJ, B0D97S9K8Y, B0G2YR9YFP, B0CT1Z4GV7, B0FW4K7SN2]",amzn1.campaign.1HJW1YYLA5W5S,led Tube lights - campaign 5,LED ENERGY PLUS,2026-07-26,2027-06-30,10.00%,1000000.0,1000000.0,0,800,false
"[B0DNMV38GT, B0D97XJ7WT, B0CSVN8XQ6, B0CSVLRSDW, B0DRHM7PDV, B0DLTXV31B, B0DLV9VC17, B0FLJPQ4Z1, B0D97WBXSG, B0DRFRJWWW, B0G3HKG5WW, B0CVNHLRPM, B0FVF91KDW, B0FKMJ5QXD, B0G2YQGKWC, B0G3HBHJQN, B0CSM5DD1X, B0DNQ8KNV4, B0FHW7M9SS, B0G2YSXR91, B0G3HMGX1C, B0FK55MD2D, B0DP4F21BC, B0G2YHDCMD, B0G3HDCY7W, B0FW4QJBVV, B0F53FR7VX, B0FG7RYPTL, B0DPLZGLR2, B0FW4L69HJ, B0DWSFHDSX, B0DSBRZGM6, B0F59WWSRL, B0FLDG2381, B0D97W71Z9, B0G3HNVF81, B0FVFCM72S, B0DPKDBSKP, B0G3HHKTRC, B0G2YHZDLQ, B0G2YHRG9M, B0FVFCPNTH, B0DNRYVVVB, B0G2YQG1N9, B0DNK1ZWD9, B0G3HJM16C, B0DWS96DNM, B0DP42KFKX, B0DLTY8T2H, B0DSB919R1, B0G2YDVN12, B0G2YNGP93, B0F5PTSPGJ, B0D97S9K8Y, B0G2YR9YFP, B0CT1Z4GV7, B0FW4K7SN2]",amzn1.campaign.347VM5CLP9C2S,led Tube lights - campaign 4,LED ENERGY PLUS,2026-07-24,2027-06-30,10.00%,1000000.0,1000000.0,0,800,false
[B0H7ZCT9Y9],amzn1.campaign.1V70P1D9E08PH,GELYA 2026 Mahjong Cards - 4Pcs,GELYA,2026-07-21,2027-05-25,25.00%,500000.0,500000.0,0,800,false
"[B0DNMV38GT, B0D97XJ7WT, B0CSVN8XQ6, B0CSVLRSDW, B0DRHM7PDV, B0DLTXV31B, B0DLV9VC17, B0FLJPQ4Z1, B0D97WBXSG, B0DRFRJWWW, B0G3HKG5WW, B0CVNHLRPM, B0FVF91KDW, B0FKMJ5QXD, B0G2YQGKWC, B0G3HBHJQN, B0CSM5DD1X, B0DNQ8KNV4, B0FHW7M9SS, B0G2YSXR91, B0G3HMGX1C, B0FK55MD2D, B0DP4F21BC, B0G2YHDCMD, B0G3HDCY7W, B0FW4QJBVV, B0F53FR7VX, B0FG7RYPTL, B0DPLZGLR2, B0FW4L69HJ, B0DWSFHDSX, B0DSBRZGM6, B0F59WWSRL, B0FLDG2381, B0D97W71Z9, B0G3HNVF81, B0FVFCM72S, B0DPKDBSKP, B0G3HHKTRC, B0G2YHZDLQ, B0G2YHRG9M, B0FVFCPNTH, B0DNRYVVVB, B0G2YQG1N9, B0DNK1ZWD9, B0G3HJM16C, B0DWS96DNM, B0DP42KFKX, B0DLTY8T2H, B0DSB919R1, B0G2YDVN12, B0G2YNGP93, B0F5PTSPGJ, B0D97S9K8Y, B0G2YR9YFP, B0CT1Z4GV7, B0FW4K7SN2]",amzn1.campaign.16V6IAA91EK8I,led Tube lights - campaign 3,LED ENERGY PLUS,2026-07-23,2027-06-30,10.00%,1000000.0,1000000.0,0,800,false
"[B0DNMV38GT, B0D97XJ7WT, B0CSVN8XQ6, B0CSVLRSDW, B0DRHM7PDV, B0DLTXV31B, B0DLV9VC17, B0FLJPQ4Z1, B0D97WBXSG, B0DRFRJWWW, B0G3HKG5WW, B0CVNHLRPM, B0FVF91KDW, B0FKMJ5QXD, B0G2YQGKWC, B0G3HBHJQN, B0CSM5DD1X, B0DNQ8KNV4, B0FHW7M9SS, B0G2YSXR91, B0G3HMGX1C, B0FK55MD2D, B0DP4F21BC, B0G2YHDCMD, B0G3HDCY7W, B0FW4QJBVV, B0F53FR7VX, B0FG7RYPTL, B0DPLZGLR2, B0FW4L69HJ, B0DWSFHDSX, B0DSBRZGM6, B0F59WWSRL, B0FLDG2381, B0D97W71Z9, B0G3HNVF81, B0FVFCM72S, B0DPKDBSKP, B0G3HHKTRC, B0G2YHZDLQ, B0G2YHRG9M, B0FVFCPNTH, B0DNRYVVVB, B0G2YQG1N9, B0DNK1ZWD9, B0G3HJM16C, B0DWS96DNM, B0DP42KFKX, B0DLTY8T2H, B0DSB919R1, B0G2YDVN12, B0G2YNGP93, B0F5PTSPGJ, B0D97S9K8Y, B0G2YR9YFP, B0CT1Z4GV7, B0FW4K7SN2]",amzn1.campaign.8Y41T86VA6DT,led Tube lights - campaign 2,LED ENERGY PLUS,2026-07-22,2027-06-30,10.00%,100000.0,100000.0,0,800,false
[B0H7ZCT9Y9],amzn1.campaign.7E4PTNSNFBVZ,GELYA 2026 Mahjong Cards - 4Pcs,GELYA,2026-07-21,2027-05-24,25.00%,500000.0,500000.0,0,800,false
[B0H7ZCT9Y9],amzn1.campaign.1D614Z7WIOL6H,GELYA 2026 Mahjong Cards - 4Pcs,GELYA,2026-07-21,2027-05-23,25.00%,50000.0,50000.0,0,800,false
"[B0DNMV38GT, B0D97XJ7WT, B0CSVN8XQ6, B0CSVLRSDW, B0DRHM7PDV, B0DLTXV31B, B0DLV9VC17, B0FLJPQ4Z1, B0D97WBXSG, B0DRFRJWWW, B0G3HKG5WW, B0CVNHLRPM, B0FVF91KDW, B0FKMJ5QXD, B0G2YQGKWC, B0G3HBHJQN, B0CSM5DD1X, B0DNQ8KNV4, B0FHW7M9SS, B0G2YSXR91, B0G3HMGX1C, B0FK55MD2D, B0DP4F21BC, B0G2YHDCMD, B0G3HDCY7W, B0FW4QJBVV, B0F53FR7VX, B0FG7RYPTL, B0DPLZGLR2, B0FW4L69HJ, B0DWSFHDSX, B0DSBRZGM6, B0F59WWSRL, B0FLDG2381, B0D97W71Z9, B0G3HNVF81, B0FVFCM72S, B0DPKDBSKP, B0G3HHKTRC, B0G2YHZDLQ, B0G2YHRG9M, B0FVFCPNTH, B0DNRYVVVB, B0G2YQG1N9, B0DNK1ZWD9, B0G3HJM16C, B0DWS96DNM, B0DP42KFKX, B0DLTY8T2H, B0DSB919R1, B0G2YDVN12, B0G2YNGP93, B0F5PTSPGJ, B0D97S9K8Y, B0G2YR9YFP, B0CT1Z4GV7, B0FW4K7SN2]",amzn1.campaign.2MAY0IWSGPOHA,led Tube lights - campaign 1,LED ENERGY PLUS,2026-07-21,2027-06-30,10.00%,1000000.0,999977.62,0,800,false
[B0H7ZCT9Y9],amzn1.campaign.17NEGT0UMFDL9,GELYA 2026 Mahjong Cards - 4Pcs,GELYA,2026-07-21,2027-05-22,25.00%,300000.0,300000.0,0,800,false
[B0H7ZCT9Y9],amzn1.campaign.VS20VIR9TRVS,GELYA 2026 Mahjong Cards - 4Pcs,GELYA,2026-07-21,2027-05-21,25.00%,500000.0,500000.0,2,800,false
[B0H7ZCT9Y9],amzn1.campaign.1K1E3OMAXPWQ1,GELYA 2026 Mahjong Cards - 4Pcs,GELYA,2026-07-21,2027-05-20,25.00%,100000.0,100000.0,1,800,false
"[B0H2VKCBH9, B0H2VKLJJ7]",amzn1.campaign.7PSWLCMBWWRH,Tiufilx,Tiufilx,2026-07-21,2027-07-21,15.00%,5000.0,4989.08,0,800,false
"[B0FR4H7B1Y, B0FRF38VFQ, B0FR44DQ17, B0FMPMCND9, B0DYDFN171, B0FRLQCHJD, B0FMPP6B84, B0FRFMV516, B0GVJWZ531, B0FRFLVDT7, B0GNM6QTBR, B0GNMGYN78, B0GNM6HNMW, B0GVJPXF1R, B0FRF68NJ5, B0F1YTPK16, B0FRM73K48, B0GNMGQN95, B0FMPMWBJR, B0FMPP7VL9, B0F1YMB2VR, B0DYJRK3MJ, B0DYDNSN8V]",amzn1.campaign.2RARUD2H1CKY6,Dimmer Driver - Campaign 1,LED ENERGY PLUS,2026-07-21,2027-07-21,10.00%,1000000.0,1000000.0,0,800,false
[B0GJFQVMMT],amzn1.campaign.1KX60EIDWD0XO,红人带货202606,MATT & HANN,2026-07-21,2026-10-31,15.00%,55555.0,55555.0,0,800,false
[B09Z99RRD6],amzn1.campaign.130P8GQXK300Y,"BEEDECOR GLASS FRAMES - Pressed Flowers, Polished Display (22%)",BeeDecor,2026-07-20,2026-11-17,22.00%,10000.0,10000.0,0,800,false
[B09ZDFT41H],amzn1.campaign.2OFWJFP0H1K3I,TIDYTEDS TOY HAMMOCK - Smart Storage That Doubles as Decor (19%),TIDYTEDS,2026-07-20,2026-11-17,19.00%,14000.0,14000.0,0,800,false
[B0C2GR8XGP],amzn1.campaign.2UB69A0SAS1GK,FITBAKE Chocolate Frosting - The Frosting Your Entire Family Will Love (15%),FitBake,2026-07-20,2026-11-17,15.00%,14000.0,14000.0,0,800,false
"[B0GSX3JWLB, B0G19H4JCC, B0GSWHV518, B0FXMP2SMF, B0GSWRHRPC, B0GSX9BT7V, B0H22CW9DW, B0G19BFDP9, B0GSWRPQW4, B0GSWRWYYT, B0FXMNLFN3, B0GSWZCK47, B0GSWW3WFC, B0GSWRMCSQ, B0H11S5TNX, B0H12CTNR3, B0G15CSR5Q, B0GSWTBHFM, B0H1LZN2T2, B0H129D493, B0G19BG7SL, B0G159F68M, B0GSWS6DV3, B0GSWQSPWY, B0G19BC135, B0FXMRM819, B0G152Q5QT, B0FXMQC9T1, B0H3HGKN7X, B0CDSJHR2Y, B0GSWMS8MK, B0H1LX3WLR, B0G15B6Q54, B0GSWYLFLM, B08JQKFK5V, B0GSWZWNVD, B0GSX462QR, B0FXMN9WYQ, B0H126X77G, B0FXMNNGKJ, B0G534HXD4, B0G14X6TBQ, B0FXM2P9NZ, B0H1M17LM7, B0H1MB4FLY, B0G6X878J1, B0FXMQRYDV, B0G19BC62G, B0FXMMYMG4, B0FXMPK5ND, B0C94W1RVH, B0G1947NLN, B0G192DYW3, B09MZG1T2J, B0G19BV746, B0G14T9MV6, B0G19556WH, B0G14ZHLJ4, B0C94SWR7T, B0G19C9HXV, B0B6RDX3NM, B0G19G45GT, B0G19JKJ6F, B0FXMPT3H8, B0GSWMTM66, B0GSWPW9FW, B0H11VH8NB, B0G19DNS2T, B0G15CQRWW, B0GSWN32FS, B0FXMP4PPG, B0G19DNS2M, B0G154Q1BB, B0H11WRHLR, B0G156RGZ6, B0FXMNVZ5P, B0G194MQ24, B0GSWTGX21, B0FXMNPT46, B0H22MQ6LP, B0GSWWCPQJ, B0G19BZ82W, B0G15BBQ6H, B0G159C38M, B0G14XD9RD, B09MZGQ8XJ, B0G194S8HB, B0G159KP1T, B0FXMPZCKS, B0H22Q12YJ, B0GSWM8JV4, B0GSX47NJQ, B0G14X5XKG, B0H11XPQL5, B0H1LZLCX8, B0H11WZ87P, B0H12B1L46, B0G19S3NZR, B0FXMPHFWR, B0G1965ZCP, B0H1LXGW3J, B0GSWVTCM4, B0GWW1571D, B0H22MCGK7, B0H11SX4MT, B0H3HKTGTJ, B0H129BG7R, B0G198NJDX, B0G19GTTYL, B0FXMPWY69, B0G19C7Z8P, B0G199TXBM, B0CN4HSVTD, B0G15CGNXG, B0H11LG126, B08LW28CJJ, B0G15HB76M, B0H11YG3HT, B08LVZ747H, B0G194157Z, B0H12C8MY8, B0H11XSYTM, B0FXMNRM3H, B0FXMS51LT, B0H12CV6WD, B0CN4JQ46P, B0H11NVMPB, B0FXMS51LK, B0FXMNT961, B0G194LTFG, B0H1LXDRYK, B0FXML64YV, B0H1M55B81, B0H1LRZ7MP, B0G154XGV4, B0G19CSCNZ, B0H11XBH3P, B0H1LZPVNN, B0H1219PYB, B0FXMT2H7N, B0H1M3FS9J, B0G15C9XFC, B0FXMNR9VG, B0G156RKMN, B0G19C9N11, B0G194WX5C, B0H11Z6J9F, B0G8Y55GR4, B0CN4HFJN4, B0H1LYWD15]",amzn1.campaign.2FAJ2UOEOW9O5,2027 New Hot Best Product + 4.6 Rating + Decorative Storage For Home,Homepeaz,2026-08-04,2027-07-30,15.00%,135484.0,135484.0,0,800,false
"[B0GSX3JWLB, B0G19H4JCC, B0GSWHV518, B0FXMP2SMF, B0GSWRHRPC, B0GSX9BT7V, B0H22CW9DW, B0G19BFDP9, B0GSWRPQW4, B0GSWRWYYT, B0FXMNLFN3, B0GSWZCK47, B0GSWW3WFC, B0GSWRMCSQ, B0H11S5TNX, B0H12CTNR3, B0G15CSR5Q, B0GSWTBHFM, B0H1LZN2T2, B0H129D493, B0G19BG7SL, B0G159F68M, B0GSWS6DV3, B0GSWQSPWY, B0G19BC135, B0FXMRM819, B0G152Q5QT, B0FXMQC9T1, B0H3HGKN7X, B0CDSJHR2Y, B0GSWMS8MK, B0H1LX3WLR, B0G15B6Q54, B0GSWYLFLM, B08JQKFK5V, B0GSWZWNVD, B0GSX462QR, B0FXMN9WYQ, B0H126X77G, B0FXMNNGKJ, B0G534HXD4, B0G14X6TBQ, B0FXM2P9NZ, B0H1M17LM7, B0H1MB4FLY, B0G6X878J1, B0FXMQRYDV, B0G19BC62G, B0FXMMYMG4, B0FXMPK5ND, B0C94W1RVH, B0G1947NLN, B0G192DYW3, B09MZG1T2J, B0G19BV746, B0G14T9MV6, B0G19556WH, B0G14ZHLJ4, B0C94SWR7T, B0G19C9HXV, B0B6RDX3NM, B0G19G45GT, B0G19JKJ6F, B0FXMPT3H8, B0GSWMTM66, B0GSWPW9FW, B0H11VH8NB, B0G19DNS2T, B0G15CQRWW, B0GSWN32FS, B0FXMP4PPG, B0G19DNS2M, B0G154Q1BB, B0H11WRHLR, B0G156RGZ6, B0FXMNVZ5P, B0G194MQ24, B0GSWTGX21, B0FXMNPT46, B0H22MQ6LP, B0GSWWCPQJ, B0G19BZ82W, B0G15BBQ6H, B0G159C38M, B0G14XD9RD, B09MZGQ8XJ, B0G194S8HB, B0G159KP1T, B0FXMPZCKS, B0H22Q12YJ, B0GSWM8JV4, B0GSX47NJQ, B0G14X5XKG, B0H11XPQL5, B0H1LZLCX8, B0H11WZ87P, B0H12B1L46, B0G19S3NZR, B0FXMPHFWR, B0G1965ZCP, B0H1LXGW3J, B0GSWVTCM4, B0GWW1571D, B0H22MCGK7, B0H11SX4MT, B0H3HKTGTJ, B0H129BG7R, B0G198NJDX, B0G19GTTYL, B0FXMPWY69, B0G19C7Z8P, B0G199TXBM, B0CN4HSVTD, B0G15CGNXG, B0H11LG126, B08LW28CJJ, B0G15HB76M, B0H11YG3HT, B08LVZ747H, B0G194157Z, B0H12C8MY8, B0H11XSYTM, B0FXMNRM3H, B0FXMS51LT, B0H12CV6WD, B0CN4JQ46P, B0H11NVMPB, B0FXMS51LK, B0FXMNT961, B0G194LTFG, B0H1LXDRYK, B0FXML64YV, B0H1M55B81, B0H1LRZ7MP, B0G154XGV4, B0G19CSCNZ, B0H11XBH3P, B0H1LZPVNN, B0H1219PYB, B0FXMT2H7N, B0H1M3FS9J, B0G15C9XFC, B0FXMNR9VG, B0G156RKMN, B0G19C9N11, B0G194WX5C, B0H11Z6J9F, B0G8Y55GR4, B0CN4HFJN4, B0H1LYWD15]",amzn1.campaign.17IJ3NFF4I19U,2027 New Hot Best Product + 4.6 Rating + Decorative Storage For Home,Homepeaz,2026-08-03,2027-07-30,15.00%,135484.0,135484.0,0,800,false
"[B0GSX3JWLB, B0G19H4JCC, B0GSWHV518, B0FXMP2SMF, B0GSWRHRPC, B0GSX9BT7V, B0H22CW9DW, B0G19BFDP9, B0GSWRPQW4, B0GSWRWYYT, B0FXMNLFN3, B0GSWZCK47, B0GSWW3WFC, B0GSWRMCSQ, B0H11S5TNX, B0H12CTNR3, B0G15CSR5Q, B0GSWTBHFM, B0H1LZN2T2, B0H129D493, B0G19BG7SL, B0G159F68M, B0GSWS6DV3, B0GSWQSPWY, B0G19BC135, B0FXMRM819, B0G152Q5QT, B0FXMQC9T1, B0H3HGKN7X, B0CDSJHR2Y, B0GSWMS8MK, B0H1LX3WLR, B0G15B6Q54, B0GSWYLFLM, B08JQKFK5V, B0GSWZWNVD, B0GSX462QR, B0FXMN9WYQ, B0H126X77G, B0FXMNNGKJ, B0G534HXD4, B0G14X6TBQ, B0FXM2P9NZ, B0H1M17LM7, B0H1MB4FLY, B0G6X878J1, B0FXMQRYDV, B0G19BC62G, B0FXMMYMG4, B0FXMPK5ND, B0C94W1RVH, B0G1947NLN, B0G192DYW3, B09MZG1T2J, B0G19BV746, B0G14T9MV6, B0G19556WH, B0G14ZHLJ4, B0C94SWR7T, B0G19C9HXV, B0B6RDX3NM, B0G19G45GT, B0G19JKJ6F, B0FXMPT3H8, B0GSWMTM66, B0GSWPW9FW, B0H11VH8NB, B0G19DNS2T, B0G15CQRWW, B0GSWN32FS, B0FXMP4PPG, B0G19DNS2M, B0G154Q1BB, B0H11WRHLR, B0G156RGZ6, B0FXMNVZ5P, B0G194MQ24, B0GSWTGX21, B0FXMNPT46, B0H22MQ6LP, B0GSWWCPQJ, B0G19BZ82W, B0G15BBQ6H, B0G159C38M, B0G14XD9RD, B09MZGQ8XJ, B0G194S8HB, B0G159KP1T, B0FXMPZCKS, B0H22Q12YJ, B0GSWM8JV4, B0GSX47NJQ, B0G14X5XKG, B0H11XPQL5, B0H1LZLCX8, B0H11WZ87P, B0H12B1L46, B0G19S3NZR, B0FXMPHFWR, B0G1965ZCP, B0H1LXGW3J, B0GSWVTCM4, B0GWW1571D, B0H22MCGK7, B0H11SX4MT, B0H3HKTGTJ, B0H129BG7R, B0G198NJDX, B0G19GTTYL, B0FXMPWY69, B0G19C7Z8P, B0G199TXBM, B0CN4HSVTD, B0G15CGNXG, B0H11LG126, B08LW28CJJ, B0G15HB76M, B0H11YG3HT, B08LVZ747H, B0G194157Z, B0H12C8MY8, B0H11XSYTM, B0FXMNRM3H, B0FXMS51LT, B0H12CV6WD, B0CN4JQ46P, B0H11NVMPB, B0FXMS51LK, B0FXMNT961, B0G194LTFG, B0H1LXDRYK, B0FXML64YV, B0H1M55B81, B0H1LRZ7MP, B0G154XGV4, B0G19CSCNZ, B0H11XBH3P, B0H1LZPVNN, B0H1219PYB, B0FXMT2H7N, B0H1M3FS9J, B0G15C9XFC, B0FXMNR9VG, B0G156RKMN, B0G19C9N11, B0G194WX5C, B0H11Z6J9F, B0G8Y55GR4, B0CN4HFJN4, B0H1LYWD15]",amzn1.campaign.10CKA1K5HEZ48,2027 New Hot Best Product + 4.6 Rating + Decorative Storage For Home,Homepeaz,2026-08-02,2027-07-30,15.00%,135484.0,135484.0,0,800,false
"[B0GSX3JWLB, B0G19H4JCC, B0GSWHV518, B0FXMP2SMF, B0GSWRHRPC, B0GSX9BT7V, B0H22CW9DW, B0G19BFDP9, B0GSWRPQW4, B0GSWRWYYT, B0FXMNLFN3, B0GSWZCK47, B0GSWW3WFC, B0GSWRMCSQ, B0H11S5TNX, B0H12CTNR3, B0G15CSR5Q, B0GSWTBHFM, B0H1LZN2T2, B0H129D493, B0G19BG7SL, B0G159F68M, B0GSWS6DV3, B0GSWQSPWY, B0G19BC135, B0FXMRM819, B0G152Q5QT, B0FXMQC9T1, B0H3HGKN7X, B0CDSJHR2Y, B0GSWMS8MK, B0H1LX3WLR, B0G15B6Q54, B0GSWYLFLM, B08JQKFK5V, B0GSWZWNVD, B0GSX462QR, B0FXMN9WYQ, B0H126X77G, B0FXMNNGKJ, B0G534HXD4, B0G14X6TBQ, B0FXM2P9NZ, B0H1M17LM7, B0H1MB4FLY, B0G6X878J1, B0FXMQRYDV, B0G19BC62G, B0FXMMYMG4, B0FXMPK5ND, B0C94W1RVH, B0G1947NLN, B0G192DYW3, B09MZG1T2J, B0G19BV746, B0G14T9MV6, B0G19556WH, B0G14ZHLJ4, B0C94SWR7T, B0G19C9HXV, B0B6RDX3NM, B0G19G45GT, B0G19JKJ6F, B0FXMPT3H8, B0GSWMTM66, B0GSWPW9FW, B0H11VH8NB, B0G19DNS2T, B0G15CQRWW, B0GSWN32FS, B0FXMP4PPG, B0G19DNS2M, B0G154Q1BB, B0H11WRHLR, B0G156RGZ6, B0FXMNVZ5P, B0G194MQ24, B0GSWTGX21, B0FXMNPT46, B0H22MQ6LP, B0GSWWCPQJ, B0G19BZ82W, B0G15BBQ6H, B0G159C38M, B0G14XD9RD, B09MZGQ8XJ, B0G194S8HB, B0G159KP1T, B0FXMPZCKS, B0H22Q12YJ, B0GSWM8JV4, B0GSX47NJQ, B0G14X5XKG, B0H11XPQL5, B0H1LZLCX8, B0H11WZ87P, B0H12B1L46, B0G19S3NZR, B0FXMPHFWR, B0G1965ZCP, B0H1LXGW3J, B0GSWVTCM4, B0GWW1571D, B0H22MCGK7, B0H11SX4MT, B0H3HKTGTJ, B0H129BG7R, B0G198NJDX, B0G19GTTYL, B0FXMPWY69, B0G19C7Z8P, B0G199TXBM, B0CN4HSVTD, B0G15CGNXG, B0H11LG126, B08LW28CJJ, B0G15HB76M, B0H11YG3HT, B08LVZ747H, B0G194157Z, B0H12C8MY8, B0H11XSYTM, B0FXMNRM3H, B0FXMS51LT, B0H12CV6WD, B0CN4JQ46P, B0H11NVMPB, B0FXMS51LK, B0FXMNT961, B0G194LTFG, B0H1LXDRYK, B0FXML64YV, B0H1M55B81, B0H1LRZ7MP, B0G154XGV4, B0G19CSCNZ, B0H11XBH3P, B0H1LZPVNN, B0H1219PYB, B0FXMT2H7N, B0H1M3FS9J, B0G15C9XFC, B0FXMNR9VG, B0G156RKMN, B0G19C9N11, B0G194WX5C, B0H11Z6J9F, B0G8Y55GR4, B0CN4HFJN4, B0H1LYWD15]",amzn1.campaign.1E5OD7HESYXV9,2027 New Hot Best Product + 4.6 Rating + Decorative Storage For Home,Homepeaz,2026-08-01,2027-07-30,15.00%,135484.0,135484.0,0,800,false
[B0H7ZCT9Y9],amzn1.campaign.13911PH37D8O1,GELYA 2026 Mahjong Cards - 4Pcs,GELYA,2026-07-21,2027-05-19,25.00%,400000.0,400000.0,0,800,false
"[B0H334D514, B0H32ZW5NP, B0H2Y7TW7T, B0H32RVNK6, B0H32WCBHF, B0H332J91S, B0H32WY2J4, B0H32TM339, B0H333BMFX, B0H32Y9TJC]",amzn1.campaign.RJB2EOVZ9VH4,Side Slit Maxi Long Pencil Skirt for women + 10% Commission + 11% Coupon,P Ammy Fashion,2026-07-21,2026-09-30,10.00%,5000.0,5000.0,0,800,false
[B0H7ZCT9Y9],amzn1.campaign.16U2GXA4TDUSH,GELYA 2026 Mahjong Cards - 4Pcs,GELYA,2026-07-21,2027-05-18,25.00%,25000.0,25000.0,0,800,false
[B0H7ZCT9Y9],amzn1.campaign.28XSQSDNL3KU6,GELYA 2026 Mahjong Cards - 4Pcs,GELYA,2026-07-21,2027-05-17,25.00%,200000.0,200000.0,2,800,false
[B0H7ZCT9Y9],amzn1.campaign.3O7CYP2CJR4F1,GELYA 2026 Mahjong Cards - 4Pcs,GELYA,2026-07-21,2027-05-16,25.00%,200000.0,200000.0,3,800,false
[B0H7ZCT9Y9],amzn1.campaign.IXR5GVKTRUWP,GELYA 2026 Mahjong Cards - 4Pcs,GELYA,2026-07-21,2027-05-15,25.00%,200000.0,200000.0,4,800,false
[B0H7ZCT9Y9],amzn1.campaign.IYBBX9JP0550,GELYA 2026 Mahjong Cards - 4Pcs,GELYA,2026-07-21,2027-05-14,25.00%,200000.0,200000.0,4,800,false
"[B0DB666M3Q, B0D3DDNRYQ, B0B4R773R5, B0DRTBWD5W, B0D3DFTXVF, B0BG1L5L4N, B0B4QX2MBP, B0DFY9436S, B09TSZ793S, B0CHY96K7M, B09TT1KT4Q, B09TSYWVDS, B0D3DDX98W]",amzn1.campaign.C0GPIE8C6IH7,Earn Big with the Best-Selling Garden Bird Netting – 10% Commission!,JUNKOGO,2026-07-21,2026-12-31,10.00%,5000.0,4964.97,0,800,false
[B0H7ZCT9Y9],amzn1.campaign.17RFAA6ZV9HHO,GELYA 2026 Mahjong Cards - 4Pcs,GELYA,2026-07-21,2027-05-13,25.00%,500000.0,500000.0,1,800,false
[B0H7ZCT9Y9],amzn1.campaign.1JTHZAGG500P6,GELYA 2026 Mahjong Cards - 4Pcs,GELYA,2026-07-21,2027-05-12,25.00%,100000.0,100000.0,1,800,false
[B0H7ZCT9Y9],amzn1.campaign.375Y5FC0LZHVF,GELYA 2026 Mahjong Cards - 4Pcs,GELYA,2026-07-21,2027-05-11,25.00%,10000.0,10000.0,7,800,false
[B0H7ZCT9Y9],amzn1.campaign.1AW6IKUS1FS12,GELYA 2026 Mahjong Cards - 4Pcs,GELYA,2026-07-21,2027-05-10,25.00%,222000.0,222000.0,2,800,false
[B0H7ZCT9Y9],amzn1.campaign.34S6LJL1T7H8G,GELYA 2026 Mahjong Cards - 4Pcs,GELYA,2026-07-21,2027-05-09,25.00%,200000.0,200000.0,3,800,false
[B0H7ZCT9Y9],amzn1.campaign.3LOBFAR2LECOS,GELYA 2026 Mahjong Cards - 4Pcs,GELYA,2026-07-21,2027-05-08,25.00%,700000.0,700000.0,1,800,false
[B0H7ZCT9Y9],amzn1.campaign.9LVY9A04R5OI,GELYA 2026 Mahjong Cards - 4Pcs,GELYA,2026-07-21,2027-05-07,25.00%,470000.0,470000.0,5,800,false
[B0H7ZCT9Y9],amzn1.campaign.HS39OFF0LTR0,GELYA 2026 Mahjong Cards - 4Pcs,GELYA,2026-07-21,2027-05-06,25.00%,100000.0,100000.0,5,800,false
[B0H7ZCT9Y9],amzn1.campaign.32LZG141AGJDH,GELYA 2026 Mahjong Cards - 4Pcs,GELYA,2026-07-21,2027-05-05,25.00%,40000.0,40000.0,3,800,false
[B0H7ZCT9Y9],amzn1.campaign.35AL22EKX2U9G,GELYA 2026 Mahjong Cards - 4Pcs,GELYA,2026-07-21,2027-05-04,25.00%,720000.0,720000.0,0,800,false
[B0H7ZCT9Y9],amzn1.campaign.1DX309A1MP461,GELYA 2026 Mahjong Cards - 4Pcs,GELYA,2026-07-21,2027-05-04,30.00%,700000.0,700000.0,0,800,false
[B0H7ZCT9Y9],amzn1.campaign.2F5TW8BKB8JHG,GELYA 2026 Mahjong Cards - 4Pcs,GELYA,2026-07-21,2027-05-03,30.00%,100000.0,100000.0,0,800,false
[B0H7ZCT9Y9],amzn1.campaign.2J4UKEX95N7LW,GELYA 2026 Mahjong Cards - 4Pcs,GELYA,2026-07-21,2027-05-02,30.00%,400000.0,399977.2,0,800,false
[B0H7ZCT9Y9],amzn1.campaign.1SYPMFOOZLI0U,GELYA 2026 Mahjong Cards - 4Pcs,GELYA,2026-07-21,2027-05-01,20.00%,51000.0,51000.0,3,800,false
[B08VH5GD9K],amzn1.campaign.1B4IWIRP5G9BO,STEM Building Block Kit for Kids,Parhlen,2026-07-26,2026-09-30,20.00%,5000.0,5000.0,0,800,false
[B08VH5GD9K],amzn1.campaign.3FJOKVSPT5X3Z,STEM Building Block Kit for Kids,Parhlen,2026-07-23,2026-09-30,20.00%,5000.0,5000.0,0,800,false
"[B0H9DR7GGZ, B0H9DPSTVK, B0H9DTC84W, B0H9DT2ZYF, B0H9DVWD7K, B0H9DVNZCS, B0H9DQZ7TT, B0H9DH32Z5, B0H9DMY1Q5]",amzn1.campaign.T9INSFPQ41D3,HuNanHengPu（Hanging Sink Drain Basket with Automatic Dumping）15%,HengPuJiang,2026-07-21,2026-10-01,15.00%,5000.0,5000.0,0,800,false
"[B0DT8SCXKX, B0F6TSYVJ6, B0DT8R8J1J]",amzn1.campaign.3ACV244VVAJVR,Portable air compressor for car tires,Pwperry,2026-07-26,2026-09-30,20.00%,5000.0,5000.0,0,800,false
"[B0DT8SCXKX, B0F6TSYVJ6, B0DT8R8J1J]",amzn1.campaign.WLVMMR90X1B8,Portable air compressor for car tires,Pwperry,2026-07-24,2026-09-30,20.00%,5000.0,5000.0,0,800,false
"[B0DT8SCXKX, B0F6TSYVJ6, B0DT8R8J1J]",amzn1.campaign.1TIC3GI4CNEAM,Portable air compressor for car tires,Pwperry,2026-07-23,2026-09-30,20.00%,5000.0,5000.0,0,800,false
[B0DJC5GZT2],amzn1.campaign.XAWH1KBJ2KY8,SHILAHEAL Shilajit Resin 60g,SHILAHEAL,2026-07-21,2026-12-31,40.00%,5000.0,4975.2,0,800,false
"[B0DT8SCXKX, B0F6TSYVJ6, B0DT8R8J1J]",amzn1.campaign.13V1XC8IOBN4R,Portable air compressor for car tires,Pwperry,2026-07-22,2026-09-30,20.00%,5000.0,5000.0,0,800,false
"[B0DT8SCXKX, B0F6TSYVJ6, B0DT8R8J1J]",amzn1.campaign.NQWFOQO1JC7B,Portable air compressor for car tires,Pwperry,2026-07-21,2026-09-30,20.00%,5000.0,5000.0,0,800,false
"[B0H45K61TP, B0H459XFX7, B0H45DRCVL, B0H45FWMC5, B0H45F6FCJ, B0H458R9LT, B0H45NY4R1, B0H45CRGXY, B0H45TGLP3]",amzn1.campaign.1UPV20C7EHZGP,Nipple Covers – 20% Commission Rate,Adamotto,2026-07-21,2026-09-30,20.00%,5000.0,4980.8,0,800,false
"[B0GZN5DGM7, B0GWYQHPXM]",amzn1.campaign.1FYYSALNZCWE6,Essential Travel Aluminium Medication Storage Case,JGB,2026-07-21,2027-07-21,10.00%,5000.0,5000.0,0,800,false
"[B0GVQZRR9W, B0F4W9YVP9]",amzn1.campaign.3RAJ9A6EU1W80,16 Pack Travel Floss Case with 160 PCS Floss Picks,JGB,2026-07-21,2027-07-21,10.00%,5000.0,5000.0,0,800,false
[B0GVQZRR9W],amzn1.campaign.2Z3KZOD0CM80R,30 Pack Travel Floss Case with 300 PCS Floss Picks,JGB,2026-07-21,2027-07-21,10.00%,5000.0,5000.0,0,800,false
[B0H152QFM3],amzn1.campaign.2OM448UUOCDFF,Organic Castor Oil With Rose Quartz Roller Ball,Aerifia,2026-07-21,2026-11-30,10.00%,10000.0,9998.6,0,800,false
[B0H4FSSP8W],amzn1.campaign.15W1TM1L4C83L,Snap Grip Mini Mop Creator Collaboration - Hands-Free 1-Click Cleaning Tool,Ggnepiuhzy,2026-07-21,2026-12-31,10.00%,5000.0,4993.8,0,800,false
"[B0G2GW43R9, B0G2H1CXRC, B0G2H1FZ73]",amzn1.campaign.1XCRQJL6BFTUE,Dog Nail Grinder Electric Powerful,Javtoku,2026-07-25,2027-06-27,25.00%,999999.0,999999.0,0,800,false
"[B0GHG19PW3, B0GHFHJ72J, B0GHFRFR14, B0GHF8LZB4, B0GL27G6JT, B0GHFS4V8X, B0GHFBV5W6, B0GHFWTGH7, B0GHFLJ898, B0GHFGWQ91]",amzn1.campaign.ZNRTMQ8QMZ4W,🔥Hot Seller-🤠 Adorable Kids Cowboy/Cowgirl Buckles - Longhorn & Horse Designs,Beltroad,2026-07-21,2027-01-21,12.00%,50000.0,50000.0,0,800,false
[B0GL98NFKY],amzn1.campaign.3CCG4M19M9U5A,Cyperus Rotundus Oil Hair Removal Oil,Aerifia,2026-07-21,2026-12-31,10.00%,10000.0,10000.0,0,800,false
"[B0G2GW43R9, B0G2H1CXRC, B0G2H1FZ73]",amzn1.campaign.2JWJMXG59QHSK,Dog Nail Grinder Electric Powerful,Javtoku,2026-07-24,2027-06-27,25.00%,99999.0,99999.0,0,800,false
[B0GT6CT5V2],amzn1.campaign.OUJH8Z9RAV51,Purple Teeth Whitening Strips,Aerifia,2026-07-21,2026-12-31,10.00%,10000.0,9999.0,0,800,false
"[B0H1N4W79D, B0H1JLPKWJ]",amzn1.campaign.21683FRA3XH2P,Heated Eyelash Curler,Javtoku,2026-07-26,2027-06-30,25.00%,99999.0,99999.0,0,800,false
"[B0H1N4W79D, B0H1JLPKWJ]",amzn1.campaign.DDYJSZ2FOJMO,Heated Eyelash Curler,Javtoku,2026-07-25,2027-06-30,25.00%,99999.0,99999.0,0,800,false
"[B0H1N4W79D, B0H1JLPKWJ]",amzn1.campaign.239YHJGHDL6UE,Heated Eyelash Curler,Javtoku,2026-07-24,2027-06-30,25.00%,99999.0,99999.0,0,800,false
"[B0FR3MTQ6F, B0F8B2FMYX, B0F8B2D6CQ, B0F8B285KC, B0FR4D3W12, B0FR4CW1KH, B0FR4HKGVQ, B0F8B3HL9W, B0F8B1475Q, B0FLXDMC1H, B0FR4CB2TL, B0F8B3CZNX, B0F8B2M68B, B0F8B2VR33, B0GL2HGG4N, B0FLXCLVHS, B0F8B2MRPG, B0F8B2Q64D, B0F8B2XT8N, B0FLXCJ5NS, B0FLXCYF9D, B0GL2M7M7R, B0F8B23J9T, B0FR3MTQRJ, B0FR4CKJ2X, B0FR4JG5FW, B0GL2G55JQ, B0F8B1FBFF, B0F8B2F968, B0FLXFQQ2Y, B0F8B3G4QL, B0FR3MV3VC]",amzn1.campaign.16DN6WCAKFVEZ,🔥Hot Seller-Kid-Safe Snap Design Belt - Easy for Little Hands to Use,Beltroad,2026-07-21,2027-01-21,12.00%,50000.0,50000.0,0,800,false
[B0H4FMLSZ6],amzn1.campaign.3XY8JRUCTO66,Gothic Mystery Jewelry Jar Creator Collaboration,Ggnepiuhzy,2026-07-21,2026-12-31,10.00%,5000.0,4996.7,0,800,false
"[B082LYWCPC, B0DHR868XW, B01EOMAX4W, B0DHR8WQXW, B08M9BGST9, B0FVW13WWZ, B0DH8JM7VS, B082LV1QQQ, B0FVVZVHXC, B0FVW1JGW1, B0CLY9V9D9, B0FVVXL3XH, B082LZFTRL]",amzn1.campaign.3EJIKRWWDLM77,"🌈Quictent Shade Sails, Cool Anywhere 10% Commission for Outdoor Enthusiasts☀️",Quictent,2026-07-21,2026-12-31,10.00%,10000.0,9940.5,0,800,false
"[B0GD7QCN31, B0F8B6NNR4, B0FLXD7JT5, B0F8B49JXX, B0GHFT7W6H, B0FLXFSJX6, B0F89ZDN2M, B0F8B4Z1VD, B0FLXGBNNL, B0F8B3QMP9, B0FLXFMS68, B0FLXFQNYH, B0FR4KBMXC, B0FR42QBQS, B0F8B1ZYN2, B0GD78GD59, B0F8B2BHPL, B0F8B28BRF, B0F8B57PGS, B0GD7GHKP6, B0F8B1KD4X, B0F8B2G7CS, B0GD7HC3T3, B0FLXCYMZC, B0GD7D871T, B0F8B3KRCW, B0GHF8MQZC, B0F8B183J4, B0F8B46LVS, B0GD7R8CKS, B0F89ZRPVY, B0FR4CXV2F, B0F8B2TF29, B0GHFPF93N, B0FLXFV959, B0GD7MJT6Z, B0F8B46R46, B0F8B2SNC8, B0F8B1BGNR, B0F8B395YM, B0F8B3RR15, B0FR4DHJ9Y, B0GHFLV1SB]",amzn1.campaign.CMW8LHC4ESJV,🔥Super Hot Seller-Unisex Kids Western Belt  - Versatile & Stylish,Beltroad,2026-07-21,2027-01-21,15.00%,50000.0,49995.8,0,800,false
[B0GGHCR489],amzn1.campaign.2CVRRB3OC9ZCF,Top Sale 12% Commission Free Samples,SeJaiminy,2026-07-21,2026-09-30,12.00%,5000.0,4995.44,0,800,false
"[B01MRFKW7U, B09X1431H2, B0H2P33KY2, B0CLXVL7DR, B0C3LCGRCN, B0FLJQSNF8, B0CLXVQY8B, B08R6XN5RH, B08F7H5Z93, B0DJQS4LZW, B0CRDRCMKL, B0GJ5N99DD, B08G4JZGTC, B0FCSHQ2VC, B0BDDJS5G4, B0DPH44RMP, B0FLJT7M5R, B0FC6D34VN, B0FLJQV8TN, B0CLXVPMWB, B0DJQQDZ9X, B09CD4PDZQ, B083LMXT6B, B09SHJJ4BB, B08R6VR3XV, B089NK36DK, B08R6VYT42, B0FRFXWRPC, B09TSGH6KK, B09N3DG6HK, B0CLXWYNBT, B0FC6CWKTT, B0BDDMY99S, B0FCSB259D, B0FLJRL96P, B07KFC2PCX, B0B1ZH3SQH, B0F3HYSYGP, B089N59Y1J, B0DPH3RDSL, B0B7LK8NJ1, B09XTHZ57M, B0CLXVM6S9, B0FC6CZDNL, B08CX74XGQ, B0FLJP9ZS9, B0CLXM6X1X, B0BDDSVWJJ, B0BDDGZTFB, B0F66PQMS8, B0CPBHC1P9, B08KXMWK23, B0F9FD5QJQ, B094HC5CJ1, B0BLMD5W51, B08CBVKQ8P, B0DJQS3P82, B0BC1GJB8P, B0FLJTL8HT, B0B93V3NV2, B0F9FD7S93, B0FLJQQYMK, B09WHBJFRB, B0BNZTNFL9, B0FLJPH5TV, B0FCS9Y8CD, B07M843JQK, B0FLJR54KX, B0FLJR5PBZ, B01M5KJPCI, B0FJWGMTBS, B0DJQS6SVG, B08D3LDBPB, B0CZ8X5RM1, B0GJ58PM8Z, B0FLJRQH16, B07KW42FXJ, B0FLJQJQT7, B0B5YSPW1H, B0CLXWX6WH, B0BLMDDGXH, B0D99R37Z5, B0FLJSZBNG, B08XZ7MK2B, B0H41FDZWX, B0DSBMMXBW, B094HBG9MW, B0BPCBTLPT, B09ZKXJYK8, B08DV5CPVR, B0B5YV3HV8, B07WX74YR6, B0BDDD4NX5, B0BLMCX8L4, B0FLJR7LGL, B0BK3BJYV6, B0BDDGYLM7, B0H2GJXJRW, B0B8ZLMMZ7, B0CLXRTG57, B0BHGYDRZ2, B0C49PZ4D4, B08GHGWSMX, B0F66NSNKK, B09MHQDKN2, B0FCY5QJC9, B0FLJWJ3Q7, B0FLJSKZM9, B08CHH2LHV, B07RFPRQHM, B0FCSBXY8N, B08RD6KLX9, B0BPCD3K6Y, B0B5YVP9DB, B0DYTSGG4F, B0BK371BN8, B092R3N5SF, B0FRF6TZNS, B09WGVS96F, B07J4KYMSM, B08RBRK3M6, B0GYRXJ4ZT, B0CLXQ3CKL, B0H2P7MZGT, B07QYRPBW2, B07Y51623Q, B0F66RBFJM, B0CLXRNXHZ, B0F66PVSB6, B0B8ZLQKZK, B0FLJPXHFM, B0CLXPZLW5, B09WHF1GKV, B0CLXMH7XF, B092QZWGG6, B0F66QZGM2, B09X14357B, B0F66Q92DL, B07KW57NQ3, B0CZ9GJFYM, B0CLXXL511, B08RD71BBN, B09SHKRVXM, B0FLJRJWNN, B0BDDJTBFK, B0FCSGK1Z4, B09GFJ8HFP, B0CLXRCLNX, B09ZKXBPKV, B0FCS9ZS1N, B0CLXTWHD8, B0FRF6TS9H, B0978PW9J2, B0BBTNL7ZG, B0FLJKCZ91, B0BYMMFPLG, B0BPCR32Q4, B0BDDGVL89, B0BCQJPH3L, B0CZ8X3XSF, B0H2GPSTT9, B089NJ38LH, B0CPPW1TKQ, B0FCSKD6FJ, B0CRDP21BS, B0F9FDVS72, B0C3X3WRQ3, B0CLXMCJ79, B0CLXRFF89, B08GHLC8ZH, B0BHH859JN, B09LC95H8P, B0CLXM68K5, B0B8ZJH9X4, B0H41KMSL2, B0H2PDDHQ3, B0BD786F9Z, B0H2GYTFN3, B0BBSYS7N5, B07MCPQFVS, B08R6YMQ69, B0F9FFNQY8, B0C14BPCTM, B0B5YT2FBY, B07MGBR43S, B0FCS6Q761, B0B8ZL9BD9, B091YFMDPT, B08RDQ48FM, B0FLJQPT5C, B08CX78GBG, B0BPCB53SM, B0CRDQ86V9, B0H41KNCTH, B0B92XBV7S, B0CFTN513S, B07MCPQGMF, B09WH2R1RL, B0FCSJ1DLC, B0CRDPGX7J, B09GFSDRJB, B07KW56NWX, B0CLXTNLCF, B0B8ZK5J36, B09PV2TN32, B0F9FBLGB5, B0CLXVBRSV, B0CLXQ2TJ6, B0CLXY14H5, B0BLMF6JB6, B09GFV3K3D, B0C49N8CHH, B0BC1KZ6KJ, B094HBHS56, B0H2GP7DCQ, B0FLJNYJJH, B0F9FBN8PH, B0BDDK6R66, B08R6Q6LT2, B09X151Y46, B0FLJP1TLS, B0FT2LWMPW, B094HCPW8T, B0H2GT26HP, B0BDDM448W, B0DSBQ2F7X, B0CZ8ZKXFR, B0CLL6BTH9, B0H2GT3NT5, B0GJ5KBPC4, B0BDDK89RD, B09YKL8W9N, B084ZF8LZ6, B0BDDVB6BW, B08RDKDRXR, B0FLJT4MT1, B0BDDT1LKT, B0CLXWZ8PP, B01N3Q7LUR, B0CRDQG47P, B0DY1GYNV5, B01MXIUWE9, B0F3J2KGZ6, B0773NR8K1, B0H419WR5Y, B0F3HR7V6T, B0CZ8VHXCL, B01M355J3V, B09YHB6H66, B0BDDPXM9J, B091YN45VB, B0CLXVNRBL, B0BDDYCQPZ, B0FCSCH6PZ, B0FLJR2JKB, B09XTVHH8H]",amzn1.campaign.2RW9KO88JXBEE,AllenCOCO | Jewelry Challenge for Gift-Giving and Anniversary,AllenCOCO,2026-07-21,2027-07-10,10.00%,20000.0,19998.8,0,800,false
"[B0D4TYVYDZ, B0D59JV1SG, B0F1SWLWCP, B0D4TYP7D8, B0GHFHQPFW, B0D3LPV8PF, B0D41YW8SW, B0D3LPGL4N, B0D2KDH6JR, B0GHFGGMHJ, B0D2KL4456, B0D2K85YLC, B0F1SPDSW2, B0GHFMQ3M3, B0GHF4SGH1, B0D4TX9W6M, B0DG4XBDV3, B0D3LRB2LJ, B0D3LQM35M, B0F6CTLFV2, B0F1SLZ11F, B0D421LJXZ, B0D2KMF3X1, B0F1SXCFRR, B0GHFRW255, B0GHFS4RB8, B0D2KJX2HW, B0D2K6PSSL, B0D4V2SCGC, B0D3LP44N4, B0D594PVR5, B0D59LL4FH, B0D3LRZPPZ, B0D2KJ3F9G, B0D2JYQ83S, B0GHF7VKVL, B0D4TSYK7G, B0D2KFGHX5, B0D3LS1KBW, B0D2KFHHDG, B0GHFG3KWD, B0D2KJ1Y8C]",amzn1.campaign.3LZX62AOZNILS,12% Comm-Amazon's Choice Buckle + 4.5⭐ Belts -Cowboy Style,Beltroad,2026-07-21,2027-01-21,12.00%,50000.0,50000.0,0,800,false
"[B0GSPS5LTK, B0GYR2LTG4, B0GWZZYGB6, B0GYP7WLT4, B0GXYNKBQF, B0GYF7FSD8, B0GYNJC3H8, B0GX61L49Z, B0GYRJT825, B0GYRMFYJ7, B0GYQQTMQ9, B0GWZF298J, B0GYDHMVGV, B0GWZWPF4F, B0GX5PHKCT, B0GYRR439Q, B0GX69FW4Y, B0GWZM4XFR, B0GYDSPQF8, B0GXYPB89N, B0GXYL1QTB, B0GSZHGHFG, B0GYN7L27M, B0GYF2WV2D, B0GYPFFKWC, B0GYF7GLLQ, B0GYDLD6V8, B0GX11MNQ9, B0GYRF796J, B0GXYPF6JN, B0GXYN49LJ, B0GYF4Z7L8, B0GX6FPPTT, B0GYQTTQH6, B0GYQTSBV5, B0GYDRD2VX, B0GX85J3HN, B0GYF2PDCQ, B0GYDKJ8KQ, B0GXYKQ246, B0GYDTGGJ4, B0GYQYFW2Q, B0GYPHW6YH, B0GYDH3F24, B0GWZMD875, B0GXYLZKXR, B0GSY59W5L, B0GX6HBCN9, B0GWZWBWNV, B0GWZY11JW, B0GXYX2WS6, B0GXYSYVCF, B0GYDPYMK7, B0GXYC9KRL, B0GYPSHPXM, B0GYFBQX2S, B0GWZRNTBQ, B0GXYQ42RG, B0GYDKJV7M, B0GYNQ8KK9, B0GYF2BBD6, B0GYDX3B3G, B0GYDV47TQ, B0GYPNHPV2, B0GYDMZ2Q2, B0GWZSZPQY, B0GYRGXMJ3, B0GX5T7M78, B0GYRM69DW, B0GX5YZ8P7, B0GX5NY4T6, B0GX84Z2YN, B0GX5PHKC2, B0GXYS9GTH, B0GXYSDJH5, B0GT95T5PP, B0GX12XHTJ, B0GYF25BBR, B0GX5T7M7D, B0GX5Z43XF, B0GXYZBZCK, B0GYRN9Z19, B0GYNJNDTD, B0GWZRCF9X, B0GT9M5WPJ, B0GWZVTPV5, B0GYQRQVMD, B0GXYQ6LDG, B0GYF227NS, B0GX66FN8V, B0GSPQF1GJ, B0GSZRSDSJ, B0GYDKMWSV, B0GYF35CS3, B0GYNP3TWP, B0GX675PD4, B0GYNJM9SD, B0GYPFN9P8, B0GWZZWN8Y, B0GYNQ5JPS, B0GWZV7TKB, B0GSPPHF69, B0GYPSF6GX, B0GXYQXPXS, B0GX16PMWZ, B0GYF57XTR, B0GYDKJRK7, B0GXYPZPWD, B0GWZKJPCF, B0GYDXMQQX, B0GSY5WPFN, B0GYRR1FMN, B0GYDZMJBK, B0GYDW2MMN, B0GYNSLDCX, B0GYD9DKH9, B0GT9D9GTC, B0GX7P3GQX, B0GX139T19, B0GWZXKGQG, B0GYRM7PRH, B0GXYZ382X, B0GXYVHDG8, B0GXYNPCC6, B0GXYP9GFN, B0GYDZ1DX2, B0GYRK2VY9, B0GYF52KTN, B0GYRM9G1Y, B0GYDRD2YV, B0GYNNK7L3, B0GXYNTQ1V, B0GYDVDY3F, B0GT9KC1S2, B0GX6G8L4K, B0GSZR924Z, B0GXYF3ZQL, B0GYNCNQXQ, B0GYNRWNKQ, B0GXYPFX79, B0GWZTF6YR, B0GYF66RHS, B0GYDKKK3J, B0GX62ZZBF, B0GYRMNYY7, B0GX5PDKRR, B0GX7P1HXK, B0GXYQX2BR, B0GXYCCSYP, B0GXYRT2S7]",amzn1.campaign.1TYCCD8TMHY3V,HIKARITO Timeless Chains | Creator Recruitment Program,HIKARITO,2026-07-21,2027-07-10,10.00%,50000.0,50000.0,0,800,false
[B0H36857JJ],amzn1.campaign.2989RG8EKNVY,10% commission promoting premium Outdoor Chair Cushions!!!,MyLifeUNIT,2026-07-21,2026-10-17,10.00%,6000.0,6000.0,0,800,false
"[B0GHQBCFVN, B0GZK62Q31]",amzn1.campaign.2OZUDSOOCZ2BW,ACC-0550 | 5L Cordless Steel Fountain | Sensor Flow Moment,Pokpet,2026-07-23,2026-12-02,11.80%,5023.0,5023.0,0,800,false
"[B0GHQBCFVN, B0GZK62Q31]",amzn1.campaign.1WEPHOEXKLH5I,ACC-0548 | 5L Cordless Steel Fountain | No Outlet Setup,Pokpet,2026-07-21,2027-01-05,10.10%,5018.0,5018.0,1,800,false
"[B0CKQD6C7S, B0CKQF5WL4, B0CKQDZTL8, B0CKQC6T2M, B0CKQCR3ND, B0GHFGP3Q2, B0CKQCXF15, B0GHF83FCF, B0CKQD9SFZ, B0CYGY6RZR, B0CKQDC4TH, B0CKQC5MZ5, B0CYGTJS4Y, B0CKQDL3K4, B0CKQCY9VP, B0GHF8982Y, B0CKQFNYLW, B0CKQDDM3B, B0CKQCQLHZ, B0GHF74Y48, B0CKQDH37X, B0CKQDC68S, B0CKQDJ4Q1, B0CKQDSQN5, B0CKQD9Q5M, B0CYGX1DPB, B0CKQFRT9X, B0CYGJSGHW, B0CKQBYGGQ, B0CYGGSRH1, B0CKQG2WYM, B0CKQDHDR1, B0GHFRBZDC, B0CKQDKSKW, B0CKQDLY1X]",amzn1.campaign.159I759TMWWZA,🔥Super Hot Seller-4.6⭐2500+Reviews-Premium Western Cowboy Belt-2k+Monthly Sold,Beltroad,2026-07-21,2027-01-21,12.00%,50000.0,50000.0,0,800,false
"[B0GHQBCFVN, B0GZK62Q31]",amzn1.campaign.PHDJOVWV6JEW,ACC-0547 | 5L Cordless Steel Fountain | Surge Mode Highlight,Pokpet,2026-07-22,2026-12-24,11.70%,5019.0,5019.0,2,800,false
[B0GWQK6SBQ],amzn1.campaign.12IDEGWY92NUI,玻璃纤维-创作者链接,Qxcynb,2026-07-21,2027-01-01,15.00%,10000.0,10000.0,0,800,false
"[B0CQR83X9G, B0F7R9BNC6]",amzn1.campaign.1NBK626QUSHDV,"016 15W LED Outdoor Wall Sconce, Waterproof ,high sales volume, high commission",LPRZSG,2026-07-21,2027-07-01,10.00%,5000.0,4987.36,0,800,false
"[B0GHQBCFVN, B0GZK62Q31]",amzn1.campaign.35TMH24KWEHB4,ACC-0545 | 5L Cordless Steel Fountain | Battery Powered Review,Pokpet,2026-07-23,2026-11-17,10.10%,5015.0,5015.0,0,800,false
"[B0GHQBCFVN, B0GZK62Q31]",amzn1.campaign.3MTNPL8HYAGL3,ACC-0544 | 5L Cordless Steel Fountain | Quiet Room Fountain,Pokpet,2026-07-21,2027-01-16,11.60%,5015.0,5015.0,1,800,false
"[B0GHQBCFVN, B0GZK62Q31]",amzn1.campaign.3EL6BMLJLX1W3,ACC-0542 | 5L Cordless Steel Fountain | 5L Capacity Comparison,Pokpet,2026-07-21,2026-10-16,10.40%,5015.0,5015.0,0,800,false
"[B0GHQBCFVN, B0GZK62Q31]",amzn1.campaign.2MEIVKS9LMZ0S,ACC-0542 | 5L Cordless Steel Fountain | 5L Capacity Comparison,Pokpet,2026-07-21,2026-10-16,10.40%,5015.0,5015.0,4,800,false
"[B0GHQBCFVN, B0GZK62Q31]",amzn1.campaign.2R0F4HV4S5GOZ,ACC-0540 | 5L Cordless Steel Fountain | Cleaning Day Demo,Pokpet,2026-07-23,2026-10-25,11.00%,5012.0,5012.0,3,800,false
"[B0GHQBCFVN, B0GZK62Q31]",amzn1.campaign.187KERZDQEAF7,ACC-0540 | 5L Cordless Steel Fountain | Cleaning Day Demo,Pokpet,2026-07-23,2026-10-25,11.00%,5012.0,5012.0,2,800,false
"[B0GHQBCFVN, B0GZK62Q31]",amzn1.campaign.DHMBX7TR1WAQ,ACC-0539 | 5L Cordless Steel Fountain | Cleaner Water Corner,Pokpet,2026-07-23,2026-11-24,10.40%,5012.0,5012.0,3,800,false
"[B0CJR3472N, B0CJR2XGPJ, B0CJR2D84R, B0CJR32SXY, B0GL2G4821, B0GHFHLR3P, B0CS5TD9PX, B0GHFBQHRP, B0CJR2W4QL, B0CJR4GVLV, B0CJR38S1K, B0D594RGMV, B0D59HFHB6, B0CJR24WFG, B0CS5GKHDS, B0CS5KPQQC, B0CJR16YFB, B0GHF4Z5GQ, B0CJR3D2S7, B0GL2M7MGR, B0CJR4214R, B0CS5VS5PM, B0CS58PS9K, B0D59B7GHY, B0D4TW7GMG, B0CJR36HCD, B0GL368877, B0CJR3F81H, B0CJR3XFLJ, B0GHFCRFBK, B0D59JTYR2, B0GHF5Y5ZS, B0CJR3BG2K, B0CJR38Z1Q, B0CJR23YK9, B0CS5P9HBV, B0CS56BSKT, B0D4TTH8ML, B0GL2M46VL, B0CJR222N3, B0D4V3PJ8V, B0D4V22GJK, B0CS5KFTFR, B0CJR3PBWV, B0CJQY4N3Y, B0CJR1M49F, B0CJR3KKZ3, B0GL2C3L7V, B0CJR3DX2S, B0CJR461L8, B0D4TWH592, B0CJR1JXZT]",amzn1.campaign.2UW51P9VHXB97,"#Super Popular-4.5⭐ 1,800+Reviews -High Conversion Premium Western Belt Strap",Beltroad,2026-07-21,2027-01-21,12.00%,50000.0,50000.0,0,800,false
"[B0GHQBCFVN, B0GZK62Q31]",amzn1.campaign.49SOEMIT1S9B,ACC-0538 | 5L Cordless Steel Fountain | Type-C Charging Story,Pokpet,2026-07-24,2026-12-20,11.50%,5008.0,5008.0,6,800,false
"[B0FSS13GV5, B0FSS16C41]",amzn1.campaign.3NCBOAUNXL7AU,Wooden Pull Up Balls Grips,SOHIDAS,2026-07-21,2026-11-30,10.00%,5000.0,5000.0,0,800,false
"[B0GHQBCFVN, B0GZK62Q31]",amzn1.campaign.24SN75KJW92CI,ACC-0537 | 5L Cordless Steel Fountain | Home Placement Freedom,Pokpet,2026-07-21,2026-11-30,10.80%,5007.0,5007.0,3,800,false
"[B0GHQBCFVN, B0GZK62Q31]",amzn1.campaign.3R2NPO9U5BKRL,ACC-0536 | 5L Cordless Steel Fountain | Pet Corner Upgrade,Pokpet,2026-07-22,2026-12-16,10.30%,5008.0,5008.0,1,800,false
"[B0GS9JFPLK, B0FQ42KK9Q, B0FQ41V8KW, B0GHF7Q9YJ, B0GS9LKDHR, B0GHF7TB9H, B0GS9J9ZW3, B0FQ419CYX, B0FQ42343D, B0GHF7LV2D, B0GS9HXHHZ, B0GHF8DT6R, B0GS9GQGQ4, B0FQ42248P, B0FQ42R6N6, B0FQ42QZR7, B0FQ41YP3Y, B0FQ41BGZJ, B0GS9CV9HP, B0GS99SJ2S, B0FQ41CQ3S, B0FQ43LCZ2, B0FQ41N57Y, B0FQ42YBWB, B0FQ42JSBR, B0GHFFM477, B0FQ433QQH, B0FQ4274YJ, B0GS9CHYJG, B0FQ42YZKJ, B0GHDTBDW9, B0GHFJ36FC, B0GHF9RNBW, B0GS9C2MKZ, B0FQ413W2T, B0FQ424WDW, B0FQ42BG6Z, B0GHG1MF2Z, B0GS9GDXCN, B0FQ41KHKT]",amzn1.campaign.2UUKGQ5G63VZ9,"#Best Seller-Premium Western Belt & Buckle -4.9⭐+4.5⭐Rated Top Quality Combo",Beltroad,2026-07-21,2027-01-21,12.00%,50000.0,50000.0,0,800,false
"[B0GCJJK1JZ, B0GCDWQ7KL, B0H28R9J2Q]",amzn1.campaign.2114OJLDZC7XU,UESAN Writing Organizer System,UESAN,2026-07-21,2027-02-01,12.00%,10000.0,9988.29,0,800,false
"[B0GHQBCFVN, B0GZK62Q31]",amzn1.campaign.1PF6EL8VKXHCE,ACC-0535 | 5L Cordless Steel Fountain | Daily Hydration Routine,Pokpet,2026-07-22,2027-01-15,11.80%,5008.0,5008.0,3,800,false
"[B0GHQBCFVN, B0GZK62Q31]",amzn1.campaign.2MCI7TAX01RBA,ACC-0535 | 5L Cordless Steel Fountain | Daily Hydration Routine,Pokpet,2026-07-22,2027-01-15,11.80%,5008.0,5008.0,4,800,false
"[B0H29BVDZP, B0H28XT2V3]",amzn1.campaign.3J07BIDV31X10,Lunch bag,cow print,2026-07-21,2026-09-30,10.00%,5000.0,5000.0,0,800,false
"[B0GHQBCFVN, B0GZK62Q31]",amzn1.campaign.3S81IKOP1FCPN,ACC-0534 | 5L Cordless Steel Fountain | Busy Owner Solution,Pokpet,2026-07-23,2026-10-12,10.80%,5004.0,5004.0,4,800,false
"[B0GHQBCFVN, B0GZK62Q31]",amzn1.campaign.G0207ICGNBEQ,ACC-0533 | 5L Cordless Steel Fountain | Cordless Placement Demo,Pokpet,2026-07-21,2027-01-08,10.20%,5004.0,5004.0,6,800,false
"[B0GHQBCFVN, B0GZK62Q31]",amzn1.campaign.1HKYL7NBPBF2Y,ACC-0533 | 5L Cordless Steel Fountain | Cordless Placement Demo,Pokpet,2026-07-21,2027-01-08,10.20%,5004.0,5004.0,4,800,false
"[B0GHQBCFVN, B0GZK62Q31]",amzn1.campaign.2F4591PUX6TPZ,ACC-0531 | 5L Cordless Steel Fountain | Small Medium Dog Water Station,Pokpet,2026-07-21,2026-10-08,11.10%,5001.0,5001.0,1,800,false
"[B0H2DD1R99, B0H4YMLD42]",amzn1.campaign.3CI67GXFH4FP1,Halloween Earrings,cow print,2026-07-21,2026-11-01,11.00%,5000.0,5000.0,0,800,false
[B0GYWMT5X4],amzn1.campaign.OVNBD0ZRR3C5,Collaborate with Us for Thumb & Wrist Ice Pack Wrap Launch to Get 10% Commission,Aookellb,2026-07-21,2026-12-31,10.00%,5000.0,4986.0,0,800,false
"[B0DK6WFB5Y, B0DK6Y37D1, B0DK6TN9VK, B0DK6WTWPT, B0DK6VDPGG, B0DK6W85DP, B0DK6WW67S, B0DK6WW67P, B0DK6XDMSJ, B0DK6VVZGP, B0FWQSSSJZ, B0DK6VS3RT, B0DK6W7KVT, B0DK6W17SL, B0DK6XRV9G, B0DK6XKXFM, B0DK6XGRFD, B0DK6WLX8H, B0DK6VKK3B, B0FWQR397T, B0GHFBHS1Z, B0DK6Y4NKQ, B0DK6XGG97, B0GHFSG5LM, B0GHFMB3GP, B0DK6XHM7W, B0FWQ77DKN]",amzn1.campaign.1SGVTBZMPJV0L,🤠Best Seller-Premium Leather Western Belt Unisex-Complete Your Cowboy Look,Beltroad,2026-07-21,2027-01-21,12.00%,50000.0,50000.0,0,800,false
[B0GYWMKPZ1],amzn1.campaign.R9IHSMG895JZ,Collaborate with Us for Thumb & Wrist Ice Pack Wrap Launch to Get 10% Commission,Aookellb,2026-07-21,2026-12-31,10.00%,5000.0,4992.1,0,800,false
"[B0GXJPBWRD, B0H1HS91CW]",amzn1.campaign.3LJYE8BGI1G34,Beach anklet,cow print,2026-07-21,2026-10-01,12.00%,5000.0,5000.0,0,800,false
"[B0DFHBR5QP, B0FD9QHM3F, B0DFHBZ75C, B0DFHBVCQC, B0DFHBZ75D, B0FD9RTRJN, B0DFHBJTF6, B0DFH922F3, B0DFH9S6YQ, B0FD9SFBM2, B0FD9QWBNR, B0FD9STYPM, B0FD9SRZDB, B0DFHBLSG2, B0DFH9B7MV, B0FD9RMD3J, B0DFH985GG, B0DFHC6Z15, B0DFH794YW, B0DFHC4R5Y, B0FD9R8736, B0DFHC6J8B, B0FD9RGVY3, B0DFHB5R39, B0DFHCJX53, B0DFH8G4TR, B0DFH8ZNFF, B0DFHB66QX, B0FD9SBJBT, B0FD9R3S23, B0DFH8FQXT, B0FD9S91QD, B0DFH96TV4, B0DFH9H4X3, B0DFHBSFVH, B0DFHBMD2Z, B0FD9TN47X, B0FD9QKP1Z, B0FD9TCRXJ, B0DFHBVR86, B0FD9RBKXT, B0DFH8K1P6, B0DFHBNZTX, B0FD9RD84Q, B0DFH8371S, B0FD9Q83MT, B0DFH9HC4K, B0DFHBV819, B0FD9SDK24, B0DFHCH4SF, B0DFH8TS4T, B0DFH7WCPZ, B0FD9SHG5G, B0FD9SG3N3, B0FD9RPTGF, B0DFHC7647, B0DFHBHVDY, B0DFHBHNQM, B0FD9SG22S, B0DFHC541P, B0FD9SFR9C, B0DFHCR9FF, B0DFH8LY3X, B0FD9SX3FV, B0FD9S12HH, B0DFHB6GYK, B0DFH7349C, B0FD9RGJ1Q, B0DFH8B12L, B0DFHB4CXM, B0FD9TMMZH, B0FD9SW2L4, B0DFHC114D, B0DFH9TLW4, B0DFH99PJK, B0FD9V8TZ8, B0DFH999QN, B0DFHBJMMW, B0DFH8KM34, B0DFHBJMMV]",amzn1.campaign.10QCW8ZXUJC80,7-18-印花平底鞋-8-28-nxlfx,CrazySavage,2026-07-21,2027-07-21,10.00%,8000.0,8000.0,0,800,false
"[B0GWTW89D7, B0H4LKJH97, B0H44LCXRK, B0H4LWXCNV, B0H4LXBGFW]",amzn1.campaign.2XUP78SDOAGCD,Beach Bracelet,cow print,2026-07-21,2026-10-01,12.00%,5000.0,5000.0,0,800,false
"[B0F937PTDG, B0GHFF6VD2, B0GHFGZZ7D, B0GHFCV253, B0GHF8JJMW, B0GHFQQ4VF, B0F936XGSN, B0GHFBTP31, B0F937MVL6, B0GHFW9DJB, B0GHFRH87R, B0F9366X3Q, B0F9387X1S, B0GHFV3LJX, B0F938ZF4D, B0F937SKYG, B0F936JTLW, B0GHFZPDK5, B0F9379GZK, B0GHFN22DS, B0F937H9F4, B0F939HGM2, B0F9372XP6, B0F937MJT1, B0F938HCL9, B0F9366YQT, B0GHFHZY58]",amzn1.campaign.2GT64VNEG3OQL,"✈️Best Seller-Airport Friendly Belt for Men- No Metal, TSA Approved",Beltroad,2026-07-21,2027-01-21,15.00%,50000.0,50000.0,0,800,false
"[B0H6B73HR4, B0H6BBN29T, B0H6B8RZWZ, B0GTT6WFZD]",amzn1.campaign.26W5NJM9A8Q3M,cowgirl pink bracelet,cow print,2026-07-21,2026-09-30,13.00%,5000.0,5000.0,0,800,false
"[B0GHYPBB1G, B0GHYFQN63, B0GHYT2P38, B0GHYMDTWZ, B0GHYY4BNB, B0GHYJMV63, B0GHYX8H24, B0GHZ12SDZ, B0GHYRKPZB, B0GHYSY2Z6, B0GHYR6BCS, B0GHYNMTF2, B0GHYYM98P, B0GHYRRJRG, B0GHYP348Q, B0GHYTH67M, B0GHYYGSN9, B0H2626117, B0GHYMVX1R, B0GHYMDTX3, B0GHYN47SL, B0GHYLMQL7, B0GHYQH5KH]",amzn1.campaign.IY1O87225E9S,$2 Coupon 🔥 Gold Buckle Women Leather Belt for Any Look,WHIPPY,2026-07-21,2026-10-21,10.00%,8000.0,8000.0,0,800,false
"[B0CLLK6986, B0C8JJ633S, B0CJBGM6ZF, B0CLLJ2RDR, B0CC1G2S8J, B0C8JGK3LK, B0CC1GCJDX, B0GDCTD29D, B0CC1DYCTY, B0CDBB5B4V, B0CJBFW3BZ, B0C8JDBK7T, B0GDDH8DTD, B0CLLFY83V, B0GDD73R9L, B0C8JG3W48, B0C8JCPBTZ, B0D4TYSGF3]",amzn1.campaign.2755IC5MD3T6F,"🔥Best Seller-15% Comm-1,700+Reviews No Buckle Belt-Monthly Sales Hit 1k+",Beltroad,2026-07-21,2027-01-21,15.00%,50000.0,50000.0,0,800,false
[B0GPPZ3HXN],amzn1.campaign.3OZ7XB3RX20EE,Back to school season teacher gifts,cow print,2026-07-21,2026-09-30,10.00%,5000.0,5000.0,0,800,false
"[B0H93YJRW5, B0H99QHFPQ, B0H946J6N8, B0H99TVRKD, B0H93WB79X]",amzn1.campaign.I6XLF20EHZ5X,Halloween is coming - let the children prepare personalized gifts!,VKPOYNRO,2026-07-21,2026-12-31,10.00%,100000.0,99936.81,0,800,false
[B0H7BGJ9T9],amzn1.campaign.3VKKPWPAFO30J,"PSOS dehumidifier, humidity monitoring, automatic shutoff, 20% commission",PSOS,2026-07-21,2026-12-31,20.00%,10000.0,9434.2,0,800,false
"[B0FYPMT4LG, B0FYPD7C6C, B0FYPFC3P4, B0FYP9S6MR]",amzn1.campaign.3QN2UDPGH911H,Hanging Closet Organizer,Ghegicu,2026-07-21,2026-10-31,10.00%,5000.0,4992.0,0,800,false
"[B0F7R9Z4T8, B0F7R9QVGW]",amzn1.campaign.29PC07R7Y4D3G,amaran Verge Creator Campaign,Amaran,2026-07-21,2027-07-21,10.00%,5000.0,4984.2,0,800,false
[B0GXB8QVTW],amzn1.campaign.11KRNIO0YMK66,Collaborate with Us for Aookellb Bunion Corrector Launch to Get 10% Commission!,Aookellb,2026-07-21,2026-12-31,10.00%,5000.0,4986.4,0,800,false
"[B0FFN7HPB2, B0FJR5PHGS, B0GJ6RXS78]",amzn1.campaign.HRVINMX0DFRW,"#1 Best Seller Men’s Body Trimmer | Earn 50% Commission",Bekhic,2026-07-23,2027-07-21,50.00%,1000000.0,1000000.0,0,800,false
"[B0FFN7HPB2, B0FJR5PHGS, B0GJ6RXS78]",amzn1.campaign.W0VWFJ51YKYA,"#1 Best Seller Men’s Body Trimmer | Earn 50% Commission",Bekhic,2026-07-22,2027-07-21,50.00%,100000.0,100000.0,0,800,false
"[B0GV6456TC, B0DR1Q1HN2]",amzn1.campaign.2UHE8B1WQTOR0,🏃‍♂️ Team Up with Us | New Running Vest Campaign!Earn 10% + Get 10% OFF!,PORTHOLIC,2026-07-21,2026-09-30,10.00%,5000.0,5000.0,0,800,false
"[B0FFN7HPB2, B0FJR5PHGS, B0GJ6RXS78]",amzn1.campaign.3I3U5BVB18BFK,"#1 Best Seller Men’s Body Trimmer | Earn 50% Commission",Bekhic,2026-07-21,2027-07-21,50.00%,100000.0,100000.0,0,800,false
[B0F9YKYY7Q],amzn1.campaign.2T67H5QE8Z94Q,Black Magnetic Knife Holder CSV,Nanbone,2026-07-21,2026-09-30,10.00%,5000.0,4997.15,0,800,false
"[B0GWLJKQ92, B0FY62TQRR, B0GNLVTR6R, B0GTT86G1T, B0GTTJFYW5]",amzn1.campaign.X8N7EE0TUYUO,20% Commission on New Sand Bags,SANUMY,2026-07-21,2026-11-30,20.00%,5000.0,5000.0,0,800,false
"[B0GLQL873Q, B0GLQQ4TWP]",amzn1.campaign.TPHNWXIIWCMW,Starlink Mount,BEIDUONA,2026-07-23,2027-06-27,28.00%,999999.0,999999.0,0,800,false
"[B0GLQL873Q, B0GLQQ4TWP]",amzn1.campaign.2KXRD9WSMWWDN,Starlink Mount,BEIDUONA,2026-07-22,2027-06-27,28.00%,999999.0,999999.0,0,800,false
"[B0GLQL873Q, B0GLQQ4TWP]",amzn1.campaign.KMMNCXN0DEU5,Starlink Mount,BEIDUONA,2026-07-21,2027-06-27,28.00%,999999.0,999999.0,0,800,false
"[B0H3LMDFYV, B0H3LMC82R]",amzn1.campaign.3DLEYIMEXCW9U,Dog Nail Trimmers,BEIDUONA,2026-07-23,2027-06-25,30.00%,999999.0,999999.0,0,800,false
"[B0H3LMDFYV, B0H3LMC82R]",amzn1.campaign.3IOXVD7FYZ2VN,Dog Nail Trimmers,BEIDUONA,2026-07-22,2027-06-25,30.00%,999999.0,999999.0,0,800,false
"[B0H3LMDFYV, B0H3LMC82R]",amzn1.campaign.QSYVOM58QTQJ,Dog Nail Trimmers,BEIDUONA,2026-07-21,2027-06-25,30.00%,999999.0,999999.0,0,800,false
"[B0FNX665GN, B0FNX7MCV9]",amzn1.campaign.3BGAL3LS9DRU5,Bikini Trimmer for Women,BEIDUONA,2026-07-23,2027-06-09,25.00%,999999.0,999999.0,0,800,false
[B0DLP9ZNCG],amzn1.campaign.1JOS0NL8RW456,🥜🍪 Crushed nuts in 10 seconds. No more uneven chunks.,Liebe&Lecker,2026-07-21,2027-05-27,10.00%,5000.0,5000.0,0,800,false
"[B0FNX665GN, B0FNX7MCV9]",amzn1.campaign.36IG0LV6DACA7,Bikini Trimmer for Women,BEIDUONA,2026-07-22,2027-06-09,25.00%,999999.0,999999.0,0,800,false
"[B0FNX665GN, B0FNX7MCV9]",amzn1.campaign.4JCJVLUTO7RQ,Bikini Trimmer for Women,BEIDUONA,2026-07-21,2027-06-09,25.00%,999999.0,999999.0,0,800,false
[B0DLP9ZNCG],amzn1.campaign.2S6527GEZPVV,🧄🥖 Garlic butter in 5 seconds. No more smelly fingers.,Liebe&Lecker,2026-07-21,2027-05-28,10.00%,5000.0,5000.0,6,800,false
[B0DLP9ZNCG],amzn1.campaign.717SV4N9LQ8Z,👶🍎 Baby food puree in 30 seconds. No fancy equipment needed.,Liebe&Lecker,2026-07-21,2027-05-29,10.00%,5000.0,5000.0,7,800,false
[B0GTV7LJCB],amzn1.campaign.2CNBM1VWHPUJD,"Bookends great desk organizer essentials 10% commission, valid for one full year",ATOUWEI,2026-08-04,2027-08-04,10.00%,5000.0,5000.0,0,800,false
[B0DLP9ZNCG],amzn1.campaign.2SKV9SI887WGD,🥗🌿 Fresh salsa in 10 seconds. No more uneven chopping.,Liebe&Lecker,2026-07-21,2027-05-30,10.00%,5000.0,5000.0,8,800,false
[B0GTV7LJCB],amzn1.campaign.3KUOUWTOXPGJZ,"Bookends great desk organizer essentials 10% commission, valid for one full year",ATOUWEI,2026-07-28,2027-07-28,10.00%,5000.0,5000.0,0,800,false
[B0DLP9ZNCG],amzn1.campaign.3TVIPSUQQPSF6,🧅😭 Onion tears? This 1.5-cup chopper dices in 5 seconds.,Liebe&Lecker,2026-07-21,2027-05-31,10.00%,5000.0,5000.0,4,800,false
[B0GTV7LJCB],amzn1.campaign.2X52BI8YBBNYS,"Bookends great desk organizer essentials 10% commission, valid for one full year",ATOUWEI,2026-07-21,2027-07-21,10.00%,5000.0,5000.0,0,800,false
[B0GVGZDV4H],amzn1.campaign.1N43LJDXEJL4C,NEMA 6-30P Pigtail Cable/XH022,SIPIDEAUT,2026-07-21,2026-09-30,10.00%,5000.0,5000.0,0,800,false
[B0GVH4XQXZ],amzn1.campaign.2MXQ4AYZF5TVW,NEMA 6-30P Pigtail Cable/XH021,SIPIDEAUT,2026-07-21,2026-09-30,10.00%,5000.0,5000.0,0,800,false
[B0GVGSQZ8M],amzn1.campaign.8Y0JGSKTK6SF,NEMA 6-30P Pigtail Cable/XH020,SIPIDEAUT,2026-07-21,2026-09-30,10.00%,5000.0,5000.0,0,800,false
"[B0GHSNMC1Y, B0GHSFY2FR]",amzn1.campaign.243W73TBTWH3J,starlink mini car adapter,Srotime,2026-07-23,2027-06-30,25.00%,999999.0,999999.0,0,800,false
"[B0GHSNMC1Y, B0GHSFY2FR]",amzn1.campaign.2PWWX457ZZ8KS,starlink mini car adapter,Srotime,2026-07-22,2027-06-30,25.00%,999999.0,999999.0,0,800,false
"[B0GHSNMC1Y, B0GHSFY2FR]",amzn1.campaign.2REC8VEUU2I0T,starlink mini car adapter,Srotime,2026-07-21,2027-06-30,25.00%,999999.0,999999.0,0,800,false
[B0GQYP6JJS],amzn1.campaign.282QD0NTDEH2O,😩 Blender too hard to clean? Self-cleaning whirlpool does it for you.,Liebe&Lecker,2026-07-22,2027-05-27,10.00%,5000.0,5000.0,0,800,false
[B0GQYP6JJS],amzn1.campaign.1LZ8MR4MHNJ46,"🎁 The travel-friendly gift they‘ll actually use — LCD, leak-proof, spare cap.",Liebe&Lecker,2026-07-22,2027-05-28,10.00%,5000.0,5000.0,5,800,false
[B0GQYP6JJS],amzn1.campaign.21WSPCYIR9YBV,☕ $8 smoothies killing your budget? This one pays for itself.,Liebe&Lecker,2026-07-22,2027-05-29,10.00%,5000.0,5000.0,11,800,false
[B0GQYP6JJS],amzn1.campaign.1VAC9PP002OCO,🏋️‍♀️ Gym bag too cramped? 1.2 lbs fits cup holders & backpacks.,Liebe&Lecker,2026-07-22,2027-05-30,10.00%,5000.0,5000.0,6,800,false
[B0GQYP6JJS],amzn1.campaign.Z9L4P8N8POAM,🔋 No more battery anxiety. Smart LCD shows exactly how much juice is left.,Liebe&Lecker,2026-07-22,2027-05-31,10.00%,5000.0,5000.0,10,800,false
"[B0GLP93J97, B0GLNZBMN3, B0GLP19J61, B0GLP6G4YP, B0GLP6VQ63, B0GLP6H7X9, B0GLP36TB8, B0GLP98QC9, B0GLP6C5W2, B0GLPPG34F, B0GLNQF7N6]",amzn1.campaign.I0F9LP61LV8,🧘 The Shape of a Good Day,HydroQuin,2026-07-22,2027-07-18,10.00%,5000.0,4996.5,7,800,false
"[B0GLP93J97, B0GLNZBMN3, B0GLP19J61, B0GLP6G4YP, B0GLP6VQ63, B0GLP6H7X9, B0GLP36TB8, B0GLP98QC9, B0GLP6C5W2, B0GLPPG34F, B0GLNQF7N6]",amzn1.campaign.A4J8M1WDKIUB,"☕ A Small Change, A Different Day",HydroQuin,2026-07-22,2027-07-19,10.00%,5000.0,5000.0,14,800,false
"[B0GLP93J97, B0GLNZBMN3, B0GLP19J61, B0GLP6G4YP, B0GLP6VQ63, B0GLP6H7X9, B0GLP36TB8, B0GLP98QC9, B0GLP6C5W2, B0GLPPG34F, B0GLNQF7N6]",amzn1.campaign.38NJLY59I3S30,📋 What You’re Actually Choosing,HydroQuin,2026-07-22,2027-07-20,10.00%,5000.0,5000.0,8,800,false
"[B0GLP93J97, B0GLNZBMN3, B0GLP19J61, B0GLP6G4YP, B0GLP6VQ63, B0GLP6H7X9, B0GLP36TB8, B0GLP98QC9, B0GLP6C5W2, B0GLPPG34F, B0GLNQF7N6]",amzn1.campaign.1BXIQNLP0P6KO,🧘 The Shape of Simple Things,HydroQuin,2026-07-22,2027-07-21,10.00%,5000.0,5000.0,7,800,false
"[B0GLP93J97, B0GLNZBMN3, B0GLP19J61, B0GLP6G4YP, B0GLP6VQ63, B0GLP6H7X9, B0GLP36TB8, B0GLP98QC9, B0GLP6C5W2, B0GLPPG34F, B0GLNQF7N6]",amzn1.campaign.2AA59UQH58HNW,☕ The Weight of a Morning Ritual,HydroQuin,2026-07-22,2027-07-22,10.00%,5000.0,5000.0,4,800,false
"[B0H4YQ4Y7Z, B0F7LMBVRG, B0F7LLFW5T, B0F7LLYPSC, B0F7LKPD5S, B0F7LKD6W1, B0F7LJH956]",amzn1.campaign.34TANZ2ZCZ55,"The 9 circles of hydration hell (according to Dante, but make it water bottles)",HydroQuin,2026-07-22,2027-07-18,10.00%,5000.0,5000.0,0,800,false
"[B0H4YQ4Y7Z, B0F7LMBVRG, B0F7LLFW5T, B0F7LLYPSC, B0F7LKPD5S, B0F7LKD6W1, B0F7LJH956]",amzn1.campaign.25325Y3DDEYDL,The 8 things I learned from buying HydroQuin (and you will too),HydroQuin,2026-07-22,2027-07-19,10.00%,5000.0,5000.0,7,800,false
"[B0B1V8NKJM, B0C2BVZ962, B0D4M658CT, B0D2VTBT46, B0D4M8PNVM, B0D4LP3Q1M, B0D4LPRB18, B0D4LQDB44, B0D4LR2LNN]",amzn1.campaign.RUP0M9B7AEU9,The Perfect Gift for Fitness Lovers – A 300LBS Challenge!,HPYGN,2026-08-01,2026-09-30,14.00%,5000.0,5000.0,0,800,false
"[B0H4YQ4Y7Z, B0F7LMBVRG, B0F7LLFW5T, B0F7LLYPSC, B0F7LKPD5S, B0F7LKD6W1, B0F7LJH956]",amzn1.campaign.28FON0EGDH8LU,"Dear 2027, I have a message for you from 2026",HydroQuin,2026-07-22,2027-07-20,10.00%,5000.0,5000.0,8,800,false
"[B0H4YQ4Y7Z, B0F7LMBVRG, B0F7LLFW5T, B0F7LLYPSC, B0F7LKPD5S, B0F7LKD6W1, B0F7LJH956]",amzn1.campaign.ZL6VUCYDZOWI,The 7 lies HydroQuin told me,HydroQuin,2026-07-22,2027-07-21,10.00%,5000.0,5000.0,9,800,false
[B0GXGFTS1J],amzn1.campaign.22TEUQR4MA1O3,Summer Must-Have: TREDY Neck Fan | 10% Commission,TREDY,2026-07-21,2026-09-30,10.00%,5000.0,5000.0,0,800,false
"[B0H4YQ4Y7Z, B0F7LMBVRG, B0F7LLFW5T, B0F7LLYPSC, B0F7LKPD5S, B0F7LKD6W1, B0F7LJH956]",amzn1.campaign.HW28Q852K0X2,The 5 people who need HydroQuin,HydroQuin,2026-07-22,2027-07-22,10.00%,5000.0,5000.0,3,800,false
[B0GLYV33V3],amzn1.campaign.SH1LXP8OU5X5,Sokani 60cm Octagonal Softbox+Honeycomb Grid+S-Type Bracket for Godox Flash,Sokani,2026-07-21,2027-07-21,10.00%,5000.0,4992.87,0,800,false
[B0H8BX76N7],amzn1.campaign.2QQ759IFFZC1S,TAIYLL Moringa Berberine Microdarts Patch Creator Campaign,TAIYLL,2026-07-21,2026-12-31,20.00%,5000.0,4712.4,0,800,false
[B0H3DBSMS5],amzn1.campaign.3MII9TQ0DVVT5,🥛🌾 Homemade oat milk in 2 min. No more carton waste.,Liebe&Lecker,2026-07-22,2027-05-27,10.00%,5000.0,5000.0,0,800,false
[B0H3DBSMS5],amzn1.campaign.2I00ENQ0RMTXE,"👶🍎 Homemade baby food in 30 sec. No additives, no guessing.",Liebe&Lecker,2026-07-22,2027-05-28,10.00%,5000.0,5000.0,0,800,false
[B0H3DBSMS5],amzn1.campaign.2TXBAZ7T7TRU0,🥜🧈 Homemade nut butter in 60 sec. No more expensive store jars.,Liebe&Lecker,2026-07-22,2027-05-29,10.00%,5000.0,5000.0,8,800,false
[B0H3DBSMS5],amzn1.campaign.8S9MKKFMZIS,🧊🍹 Party-perfect frozen margaritas in 60 sec. Bartender drinks at home.,Liebe&Lecker,2026-07-22,2027-05-30,10.00%,5000.0,5000.0,11,800,false
[B0GLZQMNTQ],amzn1.campaign.VECUJ1ZJXUF1,Sokani 60cm Octagonal Softbox with Honeycomb Grid,Sokani,2026-07-21,2027-07-21,10.00%,5000.0,5000.0,0,800,false
[B0H1CT9XF4],amzn1.campaign.1PTLI2QDV8M01,Upgrade Your Kitchen Prep with a Stainless Steel Cutting Board with Lip,Awiuxes,2026-07-21,2026-10-31,10.00%,5000.0,4974.2,0,800,false
[B0H3DBSMS5],amzn1.campaign.13HEBULCDWMVK,🥤💪 Post-gym protein shake in 30 sec. Crushes ice & powder effortlessly.,Liebe&Lecker,2026-07-22,2027-05-31,10.00%,5000.0,5000.0,0,800,false
"[B0BZZ4RPR1, B0C64V4HMT, B0C64CTBH2, B0C65NS44S]",amzn1.campaign.38QSTC8JNHU4W,The one you don't forget. 🐦💛,Voumsil,2026-07-22,2027-07-18,10.00%,5000.0,5000.0,3,800,false
"[B0H6KYJ8TK, B0H6L7PJV8, B0H6LGBZZ4, B0H6L674YZ, B0H6L5TLHN, B0H6L1ZY4S, B0H6L2Q5GW, B0H6LHFNPK, B0H6L344L3, B0H8CJN8MM, B0H6LC9QCC, B0H6KYTPTP, B0H6L5DMRZ, B0H8NCR7LD, B0H6L9KDP7, B0H6LG3Q5L, B0H6LBBXHM, B0H6L29DCC, B0H6L2F3B4, B0H8N9ZF9G, B0H6L4HL5T]",amzn1.campaign.3I46STDJB66AS,Brand Story260718-21,OuxShlva,2026-07-21,2027-07-07,12.00%,5000.0,4964.12,0,800,false
"[B0DQPPZ2F6, B0GLFMJ799, B0DQPMB56T, B0GLFYKT1F, B0GF27G48H, B0GLFLNHPX, B0GLF46DCK, B0DQPLPJX2, B0GLFYNMV1, B0DQPPWVVM, B0DQPLKZ9F, B0DQPKGN3Y, B0DQPNZQ29, B0DQPNXJHM, B0DQPNDZS2, B0F98H5C7Z, B0GLL5775V, B0DY7SVB7Z, B0GLL6VPRY, B0DQPJSDVX, B0DY7VV7X3, B0DQPQ5JL5, B0GF2P3CTM, B0GLFS1K18, B0GLFQ3W6S, B0DQPKKJNS, B0DQPMM5J1, B0DQPPH4L3, B0DQPLX3T2, B0GLKY96YP, B0DQPPLX7Q, B0F8BJ4QTQ, B0GF2F4YK2, B0DQPL2GW6, B0GF2CFW1R]",amzn1.campaign.26D5ATMCHO6NQ,Best Influencer Partnership Free Samples 12% Cut Trendy Woven Belts,Waist Wow,2026-07-21,2027-01-31,12.00%,20000.0,20000.0,0,800,false
"[B0BZZ4RPR1, B0C64V4HMT, B0C64CTBH2, B0C65NS44S]",amzn1.campaign.22WNE9QN2RFGA,The one I didn't plan. 🐦💛,Voumsil,2026-07-22,2027-07-19,10.00%,5000.0,5000.0,9,800,false
[B0GQ9GNVY2],amzn1.campaign.11VECRGFQL2U1,[15% Bonus] 2000 Gauss Magnetic Acupressure Patches – Drug-Free Pain Relief,GGFSSQ,2026-07-21,2026-12-31,15.00%,9999.0,9999.0,0,800,false
"[B0BZZ4RPR1, B0C64V4HMT, B0C64CTBH2, B0C65NS44S]",amzn1.campaign.3OV6IYMK6V789,The one that's still there. 🐦💛,Voumsil,2026-07-22,2027-07-20,10.00%,5000.0,5000.0,11,800,false
"[B0F542556Q, B0F1CFWMZV, B0DJ78P5SP, B0G7T86CCT, B0DJ78W4F3, B0F53V9683, B0F53YJQG4, B0F53TL9XM, B0G7TYCXBQ, B0F1CFWQHD, B0H1W1842W]",amzn1.campaign.2PG17FLL6X489,Hot Sale Gun  Nightstand #91090+91098! $15 Commission Promotion! Limited Time!,MDGC,2026-07-21,2027-06-30,10.00%,5000.0,4886.75,0,800,false
"[B0BZZ4RPR1, B0C64V4HMT, B0C64CTBH2, B0C65NS44S]",amzn1.campaign.2AW8QQ3PGXH33,That first morning. 🐦💛,Voumsil,2026-07-22,2027-07-21,10.00%,5000.0,5000.0,8,800,false
[B0DMVDFB4F],amzn1.campaign.3QTOCUWDE8JUC,"✈️🥤 Travel smoothie in 30 sec. No airport markup, no questionable ingredients.",Liebe&Lecker,2026-07-22,2027-05-27,10.00%,5000.0,5000.0,0,800,false
"[B0BZZ4RPR1, B0C64V4HMT, B0C64CTBH2, B0C65NS44S]",amzn1.campaign.O9E2TU3YC6RS,The morning pause. 🐦💛,Voumsil,2026-07-22,2027-07-22,10.00%,5000.0,5000.0,10,800,false
[B0DMVDFB4F],amzn1.campaign.3LE9WUL6HET9W,"🍓🧊 Frozen yogurt bark in 2 min. Healthy dessert, no ice cream maker.",Liebe&Lecker,2026-07-22,2027-05-28,10.00%,5000.0,5000.0,9,800,false
[B0DMVDFB4F],amzn1.campaign.RARRSH5OAWJW,🥜🌾 Fresh almond milk in 2 min. No more carton waste.,Liebe&Lecker,2026-07-22,2027-05-29,10.00%,5000.0,5000.0,10,800,false
"[B0GKPFBMYS, B0H4GT27GX, B0GKPCLLZB]",amzn1.campaign.2E03SVDKPP478,How organizing my drawers made me a better friend.,BLULEE,2026-07-22,2027-07-18,10.00%,5000.0,5000.0,0,800,false
"[B0GKPFBMYS, B0H4GT27GX, B0GKPCLLZB]",amzn1.campaign.3TTQGWTBG2U75,The drawer that taught me to stay.,BLULEE,2026-07-22,2027-07-19,10.00%,5000.0,5000.0,12,800,false
[B0DMVDFB4F],amzn1.campaign.C20UJMYU4DLE,🍲🥕 Silky hot soup in 2 min. No more transferring hot liquids.,Liebe&Lecker,2026-07-22,2027-05-30,10.00%,5000.0,5000.0,10,800,false
"[B0DRRZ6FBJ, B09B4V3N5W, B0B2NNK22Q, B0CKTG1SLH]",amzn1.campaign.24TQI4ADT2FSY,"Weighted Jump Rope: Anti-Slip Heavy Jump Rope: Anti-Slip Handles, Portable",HPYGN,2026-08-01,2026-09-30,10.00%,5000.0,5000.0,0,800,false
"[B0GKPFBMYS, B0H4GT27GX, B0GKPCLLZB]",amzn1.campaign.3GLBEVOL2D4P,The drawer that held my shame.,BLULEE,2026-07-22,2027-07-20,10.00%,5000.0,5000.0,10,800,false
"[B0GKPFBMYS, B0H4GT27GX, B0GKPCLLZB]",amzn1.campaign.NR1LV80VZF07,The drawer that brought my family together.,BLULEE,2026-07-22,2027-07-21,10.00%,5000.0,5000.0,14,800,false
[B0DMVDFB4F],amzn1.campaign.312S70291P3B8,🥤💪 Post-gym protein shake in 30 sec. No more chunky powder clumps.,Liebe&Lecker,2026-07-22,2027-05-31,10.00%,5000.0,5000.0,3,800,false
"[B0GKPFBMYS, B0H4GT27GX, B0GKPCLLZB]",amzn1.campaign.3LBNAOZGP0ZY0,How my organized drawer helped me say goodbye.,BLULEE,2026-07-22,2027-07-22,10.00%,5000.0,5000.0,7,800,false
"[B0DXFBJN21, B0DXFBVMS4, B0DXT147Z8]",amzn1.campaign.31URAUJMRM85B,This Glowing Peacock Is the Garden Upgrade You Didn't Know You Needed 🦚✨,Voumsil,2026-07-22,2027-07-18,10.00%,5000.0,5000.0,2,800,false
"[B0DXFBJN21, B0DXFBVMS4, B0DXT147Z8]",amzn1.campaign.31BHM44WRB020,"This 41"" Solar Peacock Casts the Most Magical Crackle Glass Glow 🦚✨",Voumsil,2026-07-22,2027-07-19,10.00%,5000.0,5000.0,3,800,false
"[B0DXFBJN21, B0DXFBVMS4, B0DXT147Z8]",amzn1.campaign.2TE5R69XOEFPD,This Glowing Peacock Turned My Garden Into a Nighttime Fairytale 🦚✨,Voumsil,2026-07-22,2027-07-20,10.00%,5000.0,5000.0,3,800,false
"[B0F8MQCFS9, B0F8MDJDFP, B0FZH7BHFX, B0FZH8L7XZ, B0F8M9G5R7, B0FP2J8TFF, B0FZH9KF6W, B0F8LFCQCS, B0F8M6W7DZ, B0FRLZQHNC, B0FZH8KF48, B0FZHB2CKQ, B0F8LJXY3D, B0F8LJ2NKP, B0FP2JF4W1, B0FZH2FBB7, B0F8LBS58T, B0FZH6GNWG, B0FZH8KCTP, B0FP2M2Q9Q, B0FP2K2STK, B0FZH9136C, B0FZH1TZ9K]",amzn1.campaign.1TZJWYFE7EG8E,"Recruit Style Bloggers: Low Bar Partnership, Free Lined Mini Skirt & 12% Sales",Waist Wow,2026-07-21,2027-01-31,12.00%,20000.0,20000.0,0,800,false
[B0GJZ6KS5K],amzn1.campaign.2T2DU3AIM07J7,🥕🧅 One-minute veggie puree. No chopping board needed.,Liebe&Lecker,2026-07-22,2027-05-27,10.00%,5000.0,5000.0,0,800,false
"[B0DXFBJN21, B0DXFBVMS4, B0DXT147Z8]",amzn1.campaign.3VIHAF3EWC7O0,"This 41"" Solar Peacock Casts a Stunning Crackle Glass Glow in My Garden 🦚✨",Voumsil,2026-07-22,2027-07-21,10.00%,5000.0,5000.0,3,800,false
"[B0DXFBJN21, B0DXFBVMS4, B0DXT147Z8]",amzn1.campaign.2RGUEQYG72VB8,"This 41"" Solar Peacock Casts the Most Magical Crackle Glass Glow 🦚✨",Voumsil,2026-07-22,2027-07-22,10.00%,5000.0,5000.0,0,800,false
[B0GJZ6KS5K],amzn1.campaign.1ESOHYQQ0E07J,🥛🍫 Clump-free hot cocoa in 20 sec. No more powder islands.,Liebe&Lecker,2026-07-22,2027-05-28,10.00%,5000.0,5000.0,1,800,false
"[B0H39BTP45, B0H3974P7H]",amzn1.campaign.2APO1WRC2T7TU,Floor Cleaner Tablets Hard Floors Deep Cleaning Solution  mopping Cleaning pods,nesthugcare,2026-07-21,2026-12-29,10.00%,5000.0,5000.0,0,800,false
"[B071WLPBY8, B0GZYS78P4, B0GZSBKZH1, B07DMDBXJY, B08MW4RSNM, B0DQW59NTL]",amzn1.campaign.1QSSJ3EWFZ34G,Love in Every Healthy Gift You Give,Drkao,2026-07-22,2026-11-28,10.08%,83838.0,83838.0,0,800,false
"[B0H39BTP45, B0H3974P7H]",amzn1.campaign.IQ8JTOY8VWGA,Floor Cleaner Tablets Hard Floors Deep Cleaning Solution  mopping Cleaning pods,nesthugcare,2026-07-21,2026-12-30,10.00%,5000.0,5000.0,0,800,false
[B0GJZ6KS5K],amzn1.campaign.3VNBSHEVFN5KS,🧄🥩 Garlic & herb butter in 5 sec. No more smelly fingers.,Liebe&Lecker,2026-07-22,2027-05-29,10.00%,5000.0,5000.0,9,800,false
"[B0GKVGXCJ5, B0GKVL237B, B0GKVKTPKW, B0GKVN2DTX]",amzn1.campaign.3DH457LS1RHSO,The Organizer That Made Me Feel Like a Homeowner 🏡💙,BLULEE,2026-07-22,2027-07-18,10.00%,5000.0,5000.0,1,800,false
[B0GJZ6KS5K],amzn1.campaign.2CUL62980JL6D,🥗🍋 15-second vinaigrette. No more separation.,Liebe&Lecker,2026-07-22,2027-05-30,10.00%,5000.0,5000.0,6,800,false
"[B0GKVGXCJ5, B0GKVL237B, B0GKVKTPKW, B0GKVN2DTX]",amzn1.campaign.2JYAD7JHALEGT,This Organizer Changed How I See Clutter 🧠👀,BLULEE,2026-07-22,2027-07-19,10.00%,5000.0,5000.0,12,800,false
"[B0GKVGXCJ5, B0GKVL237B, B0GKVKTPKW, B0GKVN2DTX]",amzn1.campaign.2K0VTN4LWEMFD,The Organizer That Made Me Stop Losing My Sponges 🧽🔍,BLULEE,2026-07-22,2027-07-20,10.00%,5000.0,5000.0,11,800,false
[B0GJZ6KS5K],amzn1.campaign.6KI7X2DD9QLM,🥣🍲 One-pot creamy soup. This blender purees right in the pot.,Liebe&Lecker,2026-07-22,2027-05-31,10.00%,5000.0,5000.0,8,800,false
"[B0GKVGXCJ5, B0GKVL237B, B0GKVKTPKW, B0GKVN2DTX]",amzn1.campaign.3A4NNJW9VQ6YS,The Organizer That Made Me a Morning Person 🌅😊,BLULEE,2026-07-22,2027-07-21,10.00%,5000.0,5000.0,11,800,false
"[B0GKVGXCJ5, B0GKVL237B, B0GKVKTPKW, B0GKVN2DTX]",amzn1.campaign.2GJI9GN3SXXXF,The Organizer That Made Me Believe in Magic ✨🎩,BLULEE,2026-07-22,2027-07-22,10.00%,5000.0,5000.0,5,800,false
[B0G1BX69FK],amzn1.campaign.1O4WB13FEZF75,electric scrubber7.18,KLSYQ,2026-07-21,2027-07-21,10.00%,5000.0,5000.0,0,800,false
"[B0H587VYHM, B0H58V77RG]",amzn1.campaign.3BD64QHHGAKZ7,"Beautiful Decorative Books For Modern Home Decor, Set  Fake Books Faux Book",nesthugcare,2026-07-21,2026-12-29,10.00%,5000.0,5000.0,0,800,false
"[B0H587VYHM, B0H58V77RG]",amzn1.campaign.1M68I961K9RCK,"Beautiful Decorative Books For Modern Home Decor, Set  Fake Books Faux Book",nesthugcare,2026-07-21,2026-12-30,10.00%,5000.0,5000.0,0,800,false
[B0GJZ6KS5K],amzn1.campaign.1Q6BWP5DF92B8,"🧼 2 speeds, dishwasher safe, fits in any drawer.",Liebe&Lecker,2026-07-21,2027-05-27,10.00%,5000.0,5000.0,5,800,false
"[B0DSL3GRZ4, B0GT3ZR45M, B0FJFK3Z5P, B0H2LGT1SH]",amzn1.campaign.2V2UX6W2GY961,🌡️🌧️🦋 3 Reasons This Butterfly Stake Is My Garden’s MVP,Voumsil,2026-07-22,2027-07-18,10.00%,5000.0,5000.0,3,800,false
"[B0DSL3GRZ4, B0GT3ZR45M, B0FJFK3Z5P, B0H2LGT1SH]",amzn1.campaign.2XHC97EC16P1A,🌧️🦋 Stop Guessing. Start Knowing. This Butterfly Stake Tells All.,Voumsil,2026-07-22,2027-07-19,10.00%,5000.0,5000.0,6,800,false
[B0GJZ6KS5K],amzn1.campaign.16L282CC0GW7X,"🎁 The kitchen gift they'll actually use — spoon rest, slim design.",Liebe&Lecker,2026-07-21,2027-05-28,10.00%,5000.0,5000.0,0,800,false
"[B0DSL3GRZ4, B0GT3ZR45M, B0FJFK3Z5P, B0H2LGT1SH]",amzn1.campaign.1L4RG1544PW8Y,"🌡️🌧️🦋 Finally, a Rain Gauge You’ll Actually Want to Look At",Voumsil,2026-07-22,2027-07-20,10.00%,5000.0,5000.0,5,800,false
"[B0GVJWRZDX, B0GR5RVH97]",amzn1.campaign.38OBEMC9QG0DX,"🔥 Kimmzii Propane Torch: Perfect for Cooking, BBQ, Camping & DIY! 🔥",Kimmzii,2026-07-21,2027-07-21,10.00%,50000.0,50000.0,0,800,false
"[B0DSL3GRZ4, B0GT3ZR45M, B0FJFK3Z5P, B0H2LGT1SH]",amzn1.campaign.34YHL65QB3LMA,🌧️🦋 A Garden Tool That Actually Deserves a Spot in Your Flower Bed,Voumsil,2026-07-22,2027-07-21,10.00%,5000.0,5000.0,4,800,false
[B0GJZ6KS5K],amzn1.campaign.7QTCP0YLAJXB,💪 Wrist fatigue? This ultra-light immersion blender saves your hands.,Liebe&Lecker,2026-07-21,2027-05-29,10.00%,5000.0,5000.0,10,800,false
[B0GYF3B8FH],amzn1.campaign.BV13CK5LFUZC,🔥 The Kimmzii 370 Pack / 10 lb Reusable Ice Cubes. 🔥,Kimmzii,2026-07-21,2027-07-21,10.00%,50000.0,50000.0,0,800,false
"[B0DSL3GRZ4, B0GT3ZR45M, B0FJFK3Z5P, B0H2LGT1SH]",amzn1.campaign.3FMPUJLJ66ZGD,"🌡️🌧️🦋 One Stake, Three Jobs, Zero Batteries",Voumsil,2026-07-22,2027-07-22,10.00%,5000.0,5000.0,2,800,false
[B0GJZ6KS5K],amzn1.campaign.3BZYJWM79SYW8,🍲 Never scratch your pots again. This blender has a protective blade guard.,Liebe&Lecker,2026-07-21,2027-05-30,10.00%,5000.0,5000.0,4,800,false
[B0GZC4DBJX],amzn1.campaign.3OPZ30J6SH9GS,13 Inch Round Woven Plate Placemats Set of 12 Chargers for Dinner Plates Boho,nesthugcare,2026-07-21,2026-12-25,10.00%,5000.0,5000.0,0,800,false
"[B0DXKWM49D, B0DXKZMGZD, B0DXKWHCN9]",amzn1.campaign.31IV9LP4P6UTL,Make Viral Outfit Content: Free Sexy Ruched Crop Top & Fixed 15% Earnings,Waist Wow,2026-07-21,2027-01-31,15.00%,20000.0,20000.0,0,800,false
[B0GZC4DBJX],amzn1.campaign.2T7Q59BL940EL,13 Inch Round Woven Plate Placemats Set of 12 Chargers for Dinner Plates Boho,nesthugcare,2026-07-21,2026-11-25,10.00%,5000.0,5000.0,0,800,false
[B0H6DQRK8R],amzn1.campaign.2WYN93DIVTYZN,Irregular watch 不规则手表,GOODLIYA,2026-07-21,2027-07-21,10.00%,5000.0,5000.0,0,800,false
[B0GZC4DBJX],amzn1.campaign.23Q98JHI5172B,13 Inch Round Woven Plate Placemats Set of 12,nesthugcare,2026-07-21,2026-10-31,10.00%,5000.0,4997.0,0,800,false
[B0GJZ6KS5K],amzn1.campaign.2FCDLPW9O7SKY,🥣 No more messy counters. This blender's spoon rest catches every drip.,Liebe&Lecker,2026-07-21,2027-05-31,10.00%,5000.0,5000.0,4,800,false
"[B0GKVH2R2M, B0GYRSSC5R]",amzn1.campaign.17Q7EZN7PNYJO,BLULEE Cart: The Reason My Morning Coffee Tastes Better,BLULEE,2026-07-22,2027-07-18,10.00%,5000.0,5000.0,0,800,false
"[B0GKVH2R2M, B0GYRSSC5R]",amzn1.campaign.1QM72KIMIS7AI,"My Cart, My Hero: The BLULEE Story",BLULEE,2026-07-22,2027-07-19,10.00%,5000.0,5000.0,0,800,false
"[B0GKVH2R2M, B0GYRSSC5R]",amzn1.campaign.16YHRZZXCNWDY,The BLULEE Cart Is the Best $40 I Ever Spent (Here's Why),BLULEE,2026-07-22,2027-07-20,10.00%,5000.0,5000.0,0,800,false
[B0H3DSWXDB],amzn1.campaign.3VX52AI3BYZQE,"24 Sets Cherry Keychain DIY Kit, Cherry Party Gift Making Supplies Keychains",nesthugcare,2026-07-22,2026-11-25,10.00%,5000.0,5000.0,0,800,false
"[B0GKVH2R2M, B0GYRSSC5R]",amzn1.campaign.JWHAT07YKIQV,This Cart Is Like a Swiss Army Knife. For Your Home.,BLULEE,2026-07-22,2027-07-21,10.00%,5000.0,5000.0,1,800,false
[B0H3DSWXDB],amzn1.campaign.11QR9DMV2PFTM,"24 Sets Cherry Keychain DIY Kit, Cherry Party Gift Making Supplies Keychains",nesthugcare,2026-07-21,2026-11-25,10.00%,5000.0,5000.0,0,800,false
"[B0GKVH2R2M, B0GYRSSC5R]",amzn1.campaign.1ONIOTOMXEA7I,5 Things I Didn't Expect About the BLULEE Cart,BLULEE,2026-07-22,2027-07-22,10.00%,5000.0,5000.0,0,800,false
"[B0CQCDCC2D, B0CLJ1K7R5, B09VGPRVCJ, B0BY4KR9G7, B0CLJ2RWF9, B0CLJ51QM6]",amzn1.campaign.1IML1AHYICGGH,Exercise Handle - D Handle Cable Attachment,HPYGN,2026-08-01,2026-09-30,10.00%,5000.0,5000.0,0,800,false
"[B0GYRH7YW7, B0F2PHKMZX]",amzn1.campaign.1WDWPR6771HZD,L377-Headlamp-2,Skywolfeye,2026-07-22,2027-07-22,10.00%,200000.0,200000.0,0,800,false
"[B0DKNGRT4Y, B0FGX5LHJF, B0GS273MBZ]",amzn1.campaign.2ADN25UFGS1FX,"🦉 The ""Stop Everything and Read This"" Post",Voumsil,2026-07-22,2027-07-18,10.00%,5000.0,5000.0,4,800,false
"[B0DKNGRT4Y, B0FGX5LHJF, B0GS273MBZ]",amzn1.campaign.E0GZ1FANHUKM,🦉 The Candle vs. The Owl Trellis (No Contest),Voumsil,2026-07-22,2027-07-19,10.00%,5000.0,5000.0,12,800,false
"[B0GY956LQM, B0H2YKG4S5]",amzn1.campaign.655WMSZ5AXLU,Earn 10% Commission by showcasing the Perle Path Full Aluminum Makeup Train Case,PERLE PATH,2026-07-21,2026-09-30,10.00%,8000.0,7981.1,0,800,false
"[B0DKNGRT4Y, B0FGX5LHJF, B0GS273MBZ]",amzn1.campaign.1BCUFS0URWT5W,"🦉 The ""You've Read Enough"" Prescription",Voumsil,2026-07-22,2027-07-20,10.00%,5000.0,5000.0,8,800,false
"[B0DKNGRT4Y, B0FGX5LHJF, B0GS273MBZ]",amzn1.campaign.2HGQF2ZYPBGZR,🦉 The 5-Second Brain Hack (Works Every Time),Voumsil,2026-07-22,2027-07-21,10.00%,5000.0,5000.0,9,800,false
"[B0GYRH7YW7, B0F2PHKMZX]",amzn1.campaign.206I0XX27SNFV,L377-Headlamp-1,Skywolfeye,2026-07-21,2027-07-21,10.00%,200000.0,200000.0,0,800,false
[B0GSJYLL6H],amzn1.campaign.YTXZC3VLJJ5C,Sliver Fringe - CC -10% 7/18/26,DUMBI,2026-07-21,2027-07-21,10.00%,5000.0,5000.0,0,800,false
"[B0DKNGRT4Y, B0FGX5LHJF, B0GS273MBZ]",amzn1.campaign.1QPBO7SAWE76X,"🦉 The ""I Finally Clicked"" Celebration Post",Voumsil,2026-07-22,2027-07-22,10.00%,5000.0,5000.0,5,800,false
"[B0H6R9QMJZ, B0H6RGQK7Q, B0H6RQDW8P]",amzn1.campaign.1R0XP5T8EPJAQ,手链手表 Bracelet watch,GOODLIYA,2026-07-21,2027-07-21,10.00%,5000.0,5000.0,0,800,false
[B0GSKH42KK],amzn1.campaign.IQ03RZFF7EJP,Purple Fringe - CC -10% 7/18/26,DUMBI,2026-07-21,2027-07-21,10.00%,5000.0,5000.0,0,800,false
[B0GYD9C3K1],amzn1.campaign.9NUAL9BHGXQ2,Which Room Needs This Organizer Most? 🏠,BLULEE,2026-07-22,2027-07-18,10.00%,5000.0,4997.5,0,800,false
[B0GYD9C3K1],amzn1.campaign.1JQC0CD0TQGFG,⭐⭐⭐⭐⭐ Would Recommend This Organizer,BLULEE,2026-07-22,2027-07-19,10.00%,5000.0,5000.0,0,800,false
[B0GYD9C3K1],amzn1.campaign.3OI2OD3EPN2XL,I Organized My Sink In 5 Mins ⏱️,BLULEE,2026-07-22,2027-07-20,10.00%,5000.0,5000.0,4,800,false
[B0GYRH7YW7],amzn1.campaign.3HG6OMSN65FC0,H627-Headlamp-4,Skywolfeye,2026-07-24,2027-07-24,10.00%,200000.0,200000.0,0,800,false
[B0GYD9C3K1],amzn1.campaign.1MFLPCMU6HGRM,3 Words: Buy This Organizer Now 🛒,BLULEE,2026-07-22,2027-07-21,10.00%,5000.0,5000.0,0,800,false
[B0GYD9C3K1],amzn1.campaign.3H6ZHPUW1TRNZ,Is This Under-Sink Organizer Actually Worth It? 🤔,BLULEE,2026-07-22,2027-07-22,10.00%,5000.0,5000.0,0,800,false
[B0GYRH7YW7],amzn1.campaign.36OM6DFNZUN23,H627-Headlamp-3,Skywolfeye,2026-07-23,2027-07-23,10.00%,200000.0,200000.0,0,800,false
[B0GYRH7YW7],amzn1.campaign.3CE9LV6OGMHWE,H627-Headlamp-2,Skywolfeye,2026-07-22,2027-07-22,10.00%,200000.0,200000.0,0,800,false
"[B0H413N428, B0H418C29P, B0H412MS7Z, B0H3ZSCJGD]",amzn1.campaign.38W6D1XKHFB08,15% Commission! New Release! Upgraded Woven Cotton Knit Footbags !!!,Luomeic,2026-07-21,2027-07-20,15.00%,5000.0,5000.0,0,800,false
"[B0GQSG6RH4, B0GQRHKRR2, B0F53KC16X, B0F6BKTQP6, B0F652MMV3, B0GQRVC9J6, B0GXVHSVDB, B0GVHH4KW5, B0GQRDDHQ4, B0GVH34GVY, B0F64MBTMT, B0GXVLYTPG, B0F652PY2V, B0F6CBTDT9, B0F64YG4R3, B0GXVH876Z, B0GQRY2T56, B0GV7PGRXD, B0F64J2N92, B0F652HJYL, B0F5W2DCCD, B0GV7MN5JK, B0F5W5SDWB, B0GQRJ4VN4, B0GXVKMWYN, B0GXVQT76C, B0GXVJ86KY, B0GV613G9V, B0GQRKBY8P, B0F53KGSCV, B0GQRDDB51, B0F5WQK38H, B0GXVBQ5Z1, B0GQRXW9QN, B0F5W2KDN7, B0GV7CJC9P, B0F6BG7YN8, B0GQRZTQB6, B0GXVN8F59, B0F64NFSNL, B0GV7RJQPP, B0F64NKRW6, B0F64JL8QY, B0GXVKDCRK, B0F6B5GB8M, B0GVGW9Y5P, B0F64LSDMR, B0GQS3SJDF, B0GXVFMVK6, B0H2CZWYL6, B0H2D2R4RC, B0GVH5QLY8, B0H2CTK2GS, B0GXVW4DTH, B0F53LLRGR, B0F53LMGBV, B0GXVGJR7F, B0GXVKV8BP, B0F64YMKZD, B0F53MCSLH, B0F6BVDRNX, B0GXVJXPN4, B0F64N718P, B0GXVJTRQX, B0GQS8CTYB, B0H2CYYR97, B0GXVFH6H4, B0GXVRSFTZ, B0F653CCSN, B0GVGYDN7L, B0F64NF8FY, B0GXVJCDQ6, B0GV7G1Y7R, B0GVH6ZCS3, B0F6BTH28Y]",amzn1.campaign.2TIIAJ7WG25WV,Show the LAIYA Difference | 15% Creator Commission,LAIYA,2026-07-21,2027-05-31,15.00%,5000.0,5000.0,0,800,false
[B0GPH5SH63],amzn1.campaign.12EPGFGXZ5ZR7,KPOP - CC -10% 7/18/26,DUMBI,2026-07-21,2027-07-21,10.00%,5000.0,4995.4,0,800,false
[B0H8RFCXMP],amzn1.campaign.3CIU3ARHF2O01,"Deer Antlers Headband for Women/Kids/Girls,Halloween Gifts for Girls/Adults",Ediseng,2026-07-21,2026-09-30,25.00%,11111.0,11111.0,0,800,false
[B0H8RFCXMP],amzn1.campaign.RU69AKNKR2EF,"Deer Antlers Headband for Women/Kids/Girls,Halloween Gifts for Girls/Adults",Ediseng,2026-07-21,2026-09-30,20.00%,10000.0,10000.0,0,800,false
[B0GYRH7YW7],amzn1.campaign.2M6PFA37KI6UW,H627-Headlamp-1,Skywolfeye,2026-07-21,2027-07-21,10.00%,200000.0,200000.0,0,800,false
[B0H8RFCXMP],amzn1.campaign.21METXTOCK0K2,"Deer Antlers Headband for Women/Kids/Girls,Halloween Gifts for Girls/Adults",Ediseng,2026-07-21,2026-09-30,15.00%,11111.0,11111.0,0,800,false
"[B0FMRVTPGY, B0FMRSDYL1, B0FMRRBGK2, B0FMRTZRXN, B0DB1YK478, B0FMRRBX3P, B0D3HVWJS9, B0D3HSTVL2, B0G8HVBT3J, B0BXNY67Q4, B0DB1ZR811, B0DB24WNC8, B0D3HSRHPK]",amzn1.campaign.3V8QCEZCTP6J8,This Gnome Isn't Tacky – It's Art (and My Neighbors Are Jealous) 🧙‍♂️✨,Voumsil,2026-07-22,2027-07-18,10.00%,5000.0,5000.0,6,800,false
"[B0GQSG6RH4, B0GQRHKRR2, B0F53KC16X, B0F6BKTQP6, B0F652MMV3, B0GQRVC9J6, B0GXVHSVDB, B0GVHH4KW5, B0GQRDDHQ4, B0GVH34GVY, B0F64MBTMT, B0GXVLYTPG, B0F652PY2V, B0F6CBTDT9, B0F64YG4R3, B0GXVH876Z, B0GQRY2T56, B0GV7PGRXD, B0F64J2N92, B0F652HJYL, B0F5W2DCCD, B0GV7MN5JK, B0F5W5SDWB, B0GQRJ4VN4, B0GXVKMWYN, B0GXVQT76C, B0GXVJ86KY, B0GV613G9V, B0GQRKBY8P, B0F53KGSCV, B0GQRDDB51, B0F5WQK38H, B0GXVBQ5Z1, B0GQRXW9QN, B0F5W2KDN7, B0GV7CJC9P, B0F6BG7YN8, B0GQRZTQB6, B0GXVN8F59, B0F64NFSNL, B0GV7RJQPP, B0F64NKRW6, B0F64JL8QY, B0GXVKDCRK, B0F6B5GB8M, B0GVGW9Y5P, B0F64LSDMR, B0GQS3SJDF, B0GXVFMVK6, B0H2CZWYL6, B0H2D2R4RC, B0GVH5QLY8, B0H2CTK2GS, B0GXVW4DTH, B0F53LLRGR, B0F53LMGBV, B0GXVGJR7F, B0GXVKV8BP, B0F64YMKZD, B0F53MCSLH, B0F6BVDRNX, B0GXVJXPN4, B0F64N718P, B0GXVJTRQX, B0GQS8CTYB, B0H2CYYR97, B0GXVFH6H4, B0GXVRSFTZ, B0F653CCSN, B0GVGYDN7L, B0F64NF8FY, B0GXVJCDQ6, B0GV7G1Y7R, B0GVH6ZCS3, B0F6BTH28Y]",amzn1.campaign.367O2TJMUOKOP,Better Materials Make a Better Mirror — LAIYA | 15%,LAIYA,2026-07-21,2027-03-01,15.00%,5000.0,5000.0,0,800,false
"[B0FMRVTPGY, B0FMRSDYL1, B0FMRRBGK2, B0FMRTZRXN, B0DB1YK478, B0FMRRBX3P, B0D3HVWJS9, B0D3HSTVL2, B0G8HVBT3J, B0BXNY67Q4, B0DB1ZR811, B0DB24WNC8, B0D3HSRHPK]",amzn1.campaign.1ZIUM3P7G9AYH,Forget the Red Hat – This Iron Elf Is Pure Modern Garden Art 🧙‍♂️✨,Voumsil,2026-07-22,2027-07-19,10.00%,5000.0,5000.0,6,800,false
"[B0FMRVTPGY, B0FMRSDYL1, B0FMRRBGK2, B0FMRTZRXN, B0DB1YK478, B0FMRRBX3P, B0D3HVWJS9, B0D3HSTVL2, B0G8HVBT3J, B0BXNY67Q4, B0DB1ZR811, B0DB24WNC8, B0D3HSRHPK]",amzn1.campaign.1GRLJ805GAL5I,"The Garden Upgrade That Doesn't Scream ""I Bought This at a Gas Station"" 🧙‍♂️✨",Voumsil,2026-07-22,2027-07-20,10.00%,5000.0,5000.0,5,800,false
"[B0H15YL6XQ, B0H15V9XMT]",amzn1.campaign.VS0ER2751DKS,Peony Cages and Supports,Ymeimam,2026-07-21,2026-12-01,10.00%,5000.0,4997.4,0,800,false
[B0H5QN92RS],amzn1.campaign.2SJ93XQX8333Q,"BOXPUT S13 Ultra TV Box (New Launch, YouTube Certified, WiFi 6)",BOXPUT,2026-07-21,2026-09-30,10.00%,5000.0,5000.0,0,800,false
"[B0FMRVTPGY, B0FMRSDYL1, B0FMRRBGK2, B0FMRTZRXN, B0DB1YK478, B0FMRRBX3P, B0D3HVWJS9, B0D3HSTVL2, B0G8HVBT3J, B0BXNY67Q4, B0DB1ZR811, B0DB24WNC8, B0D3HSRHPK]",amzn1.campaign.2VGDTQ5Z0DIG1,Toss the Tacky Gnome – This Iron Elf Is Pure Garden Art 🧙‍♂️✨,Voumsil,2026-07-22,2027-07-21,10.00%,5000.0,5000.0,7,800,false
"[B0FMRVTPGY, B0FMRSDYL1, B0FMRRBGK2, B0FMRTZRXN, B0DB1YK478, B0FMRRBX3P, B0D3HVWJS9, B0D3HSTVL2, B0G8HVBT3J, B0BXNY67Q4, B0DB1ZR811, B0DB24WNC8, B0D3HSRHPK]",amzn1.campaign.ROONVO1X84ZP,I Put This Iron Gnome in My Garden and Now I’m the Talk of the Block 🧙‍♂️✨,Voumsil,2026-07-22,2027-07-22,10.00%,5000.0,5000.0,4,800,false
"[B0GH6V39JF, B0GH77RD62, B0GH6THKKT, B0GH7854P7, B0GH6WWYNG, B0GH7DPZCX, B0GH7KQT6V, B0GH6TXDZJ]",amzn1.campaign.2MNCTGA8068E4,wiiiw modular interlocking non slip mat,wiiiw,2026-07-21,2027-03-31,10.00%,20000.0,19976.07,0,800,false
"[B0GQSG6RH4, B0F53KC16X, B0GQRHKRR2, B0F652MMV3, B0F6BKTQP6, B0GQRVC9J6, B0GXVHSVDB, B0GVHH4KW5, B0GQRDDHQ4, B0GVH34GVY, B0F64MBTMT, B0GXVLYTPG, B0F652PY2V, B0F6CBTDT9, B0F64YG4R3, B0GQRY2T56, B0GXVH876Z, B0GV7PGRXD, B0F64J2N92, B0F652HJYL, B0F5W2DCCD, B0F5W5SDWB, B0GV7MN5JK, B0GQRJ4VN4, B0GXVKMWYN, B0GXVQT76C, B0GXVJ86KY, B0GV613G9V, B0GQRKBY8P, B0F53KGSCV, B0GQRDDB51, B0F5WQK38H, B0GXVBQ5Z1, B0F5W2KDN7, B0GQRXW9QN, B0GV7CJC9P, B0F6BG7YN8, B0GQRZTQB6, B0GXVN8F59, B0F64NFSNL, B0GV7RJQPP, B0F64NKRW6, B0F64JL8QY, B0GXVKDCRK, B0H2D6TPCF, B0F6B5GB8M, B0F64LSDMR, B0GVGW9Y5P, B0GQS3SJDF, B0GXVFMVK6, B0H2D2R4RC, B0H2CZWYL6, B0GVH5QLY8, B0H2CTK2GS, B0GXVW4DTH, B0F53LLRGR, B0F53LMGBV, B0GXVGJR7F, B0H2D3HGR7, B0GXVKV8BP, B0H2D6RC77, B0F64YMKZD, B0F53MCSLH, B0F6BVDRNX, B0GXVJXPN4, B0F64N718P, B0GXVJTRQX, B0GQS8CTYB, B0H2CYYR97, B0GXVFH6H4, B0F653CCSN, B0GXVRSFTZ, B0F64NF8FY, B0GVGYDN7L, B0GXVJCDQ6, B0GV7G1Y7R, B0GVH6ZCS3, B0F6BTH28Y, B0H2D141KB]",amzn1.campaign.1NFGRZ194XWFT,"LAIYA — Clearer Reflection, Truer Color | Earn 15%",LAIYA,2026-07-21,2027-07-21,15.00%,5000.0,5000.0,0,800,false
"[B0H6LWGGK6, B0H6LMH2BK]",amzn1.campaign.1FXNL9FMAEOC9,"JOLINO Rose Heart Necklace,Engraved ‘I LOVE YOU’ Moissanite Necklace",JOLINO,2026-07-21,2026-12-31,10.00%,5000.0,5000.0,0,800,false
"[B0H21N6XLH, B0H21QV6W5, B0H21Q9XSL]",amzn1.campaign.3NUNL8RJ14RMA,"My Therapist Said ""Externalize Your Thoughts"" – This Board Delivered 🧠🩺",BLULEE,2026-07-22,2027-07-18,10.00%,5000.0,5000.0,5,800,false
"[B0H21N6XLH, B0H21QV6W5, B0H21Q9XSL]",amzn1.campaign.1L9YAAE1HN4CG,"The Blunt Truth: Sticky Notes Are the Problem, Not the Solution 😤🔨",BLULEE,2026-07-22,2027-07-19,10.00%,5000.0,5000.0,5,800,false
"[B0H21N6XLH, B0H21QV6W5, B0H21Q9XSL]",amzn1.campaign.1FD338SXEQY49,We Need to Talk About Your Desk Situation 🫣🛑**,BLULEE,2026-07-22,2027-07-20,10.00%,5000.0,5000.0,7,800,false
"[B0H21N6XLH, B0H21QV6W5, B0H21Q9XSL]",amzn1.campaign.254LWPJ5RSL99,"New Board Who Dis? 💁‍♀️✨""",BLULEE,2026-07-22,2027-07-21,10.00%,5000.0,5000.0,7,800,false
"[B0H21N6XLH, B0H21QV6W5, B0H21Q9XSL]",amzn1.campaign.33QNFLSKF8Q26,POV: You Just Unboxed the BLULEE 2-Pack 📦✨**,BLULEE,2026-07-22,2027-07-22,10.00%,5000.0,5000.0,2,800,false
[B0H3DBSMS5],amzn1.campaign.2QW74C1N7YWCP,🥛🌾 Homemade oat milk in 2 min. No more carton waste.,Liebe&Lecker,2026-07-21,2027-05-26,10.00%,5000.0,5000.0,7,800,false
[B0H3DBSMS5],amzn1.campaign.3JKA4T2SL1NYE,🥜🧈 Homemade nut butter in 60 sec. No more expensive store jars.,Liebe&Lecker,2026-07-21,2027-05-27,10.00%,5000.0,5000.0,9,800,false
"[B0GKT6WZGS, B0GLLW1KYS, B0FP2KNLFT, B0FP2J5Z6J]",amzn1.campaign.3E83LGRZ41ZVJ,My Table Has No Off Button 🔛🐝,Voumsil,2026-07-22,2027-07-18,10.00%,5000.0,5000.0,6,800,false
[B0H3DBSMS5],amzn1.campaign.AIU2CIKO47X8,🧊🍹 Party-perfect frozen margaritas in 60 sec. Bartender drinks at home.,Liebe&Lecker,2026-07-21,2027-05-28,10.00%,5000.0,5000.0,11,800,false
"[B0GQSG6RH4, B0GQRHKRR2, B0F53KC16X, B0F6BKTQP6, B0F652MMV3, B0GQRVC9J6, B0GXVHSVDB, B0GVHH4KW5, B0GQRDDHQ4, B0GVH34GVY, B0F64MBTMT, B0GXVLYTPG, B0F652PY2V, B0F6CBTDT9, B0F64YG4R3, B0GXVH876Z, B0GQRY2T56, B0GV7PGRXD, B0F64J2N92, B0F652HJYL, B0F5W2DCCD, B0GV7MN5JK, B0F5W5SDWB, B0GQRJ4VN4, B0GXVKMWYN, B0GXVQT76C, B0GXVJ86KY, B0GV613G9V, B0GQRKBY8P, B0F53KGSCV, B0GQRDDB51, B0F5WQK38H, B0GXVBQ5Z1, B0GQRXW9QN, B0F5W2KDN7, B0GV7CJC9P, B0F6BG7YN8, B08G4XZP46, B0GQRZTQB6, B08TLYFCJ7, B0GXVN8F59, B0F64NFSNL, B0GV7RJQPP, B0F64NKRW6, B0F64JL8QY, B0GXVKDCRK, B0H2D6TPCF, B0F6B5GB8M, B0GVGW9Y5P, B0F64LSDMR, B0GQS3SJDF, B0GXVFMVK6, B0H2D2R4RC, B0H2CZWYL6, B0GVH5QLY8, B0H2CTK2GS, B0GXVW4DTH, B0F53LLRGR, B0F53LMGBV, B0GXVGJR7F, B0H2D3HGR7, B0GXVKV8BP, B0F64YMKZD, B0F53MCSLH, B0F6BVDRNX, B0GXVJXPN4, B0F64N718P, B0GXVJTRQX, B0GQS8CTYB, B0H2CYYR97, B0GXVFH6H4, B0GXVRSFTZ, B0F653CCSN, B0GVGYDN7L, B0F64NF8FY, B0GXVJCDQ6, B0GV7G1Y7R, B0GVH6ZCS3, B0F6BTH28Y]",amzn1.campaign.2ZKV9T71J6OHO,"LAIYA — Made for Bigger Mirrors, Better Light | 15%",LAIYA,2026-07-21,2027-07-21,15.00%,5000.0,5000.0,0,800,false
"[B0GKT6WZGS, B0GLLW1KYS, B0FP2KNLFT, B0FP2J5Z6J]",amzn1.campaign.39C5VUXI06NKP,My Table Has No Snooze Button ⏰🐝,Voumsil,2026-07-22,2027-07-19,10.00%,5000.0,5000.0,11,800,false
"[B0GKT6WZGS, B0GLLW1KYS, B0FP2KNLFT, B0FP2J5Z6J]",amzn1.campaign.515UF82TFS05,My Table Survived My Cat 🐈🐝,Voumsil,2026-07-22,2027-07-20,10.00%,5000.0,5000.0,16,800,false
"[B0FDGG236P, B0FDGFTSZ4, B0FDGF8QPK, B0FDGDFS1H, B0FDGCQM4D, B0FDGGZLB5, B0FDGGG4WD, B0FDGG8KHK, B0FDGFHNKH, B0FDGG8KHM, B0FDGH2XLS, B0H4585FRM, B0FDGC8T43, B0FDGDG1DB, B0FDGG6B15, B0FDGG49QS, B0FDGBS97D, B0FDGG2WRT, B0FDGH3PQT, B0FDGDVJ8M, B0FDGFNCY4, B0FDGFHWCL, B0FDGFPKDD, B0FDG9QXN2, B0FDGF55FL, B0FDGBNF1W, B0FDGG2S57, B0FDG9Q5HK, B0FDGG962P, B0FDGG3BYG, B0FDGDGRRS, B0H456M4X4, B0FDGDMK6L, B0FDGDMDYW, B0FDGH1JW3, B0FDGFQN7M, B0H44VRR29, B0FDGFVQFR, B0FDGDCXS4, B0FDGGKC6C, B0FDGCWTX1, B0FDGGZHTS, B0H451GRLM, B0FDGCBLMZ, B0FDGCTWR8, B0FDGFM391, B0FDGGSK6J, B0FDGFY5MM, B0FDGG2XFJ, B0FDGFFG16, B0FDGDW1X2, B0FDGDMFRJ, B0FDGFYNX5, B0FDGFZWMX, B0FDGDG325, B0FDGFZWMY, B0FDGD6ZD8, B0FDGGB2FW, B0FDGCXWYN, B0FDGFGJ2F, B0FDGGKSV8, B0FDGC8LRM, B0FDGF4FMN, B0FDGFNJ5P, B0FDGG6YX8, B0FDGDW136, B0FDGGFTZB, B0FDGGVP64, B0FDGG96ZB, B0FDGF4Q1N, B0FDGF9NN3, B0FDGDJR2Z, B0H45BR3W9, B0H4544LCN]",amzn1.campaign.3OQIFKDXCNBNZ,Invitation Promoting FREE SOLDIER Men's Waterproof Ski Pants (Leg Opening),FREE SOLDIER,2026-07-24,2026-09-24,10.00%,5000.0,5000.0,0,800,false
"[B0GKT6WZGS, B0GLLW1KYS, B0FP2KNLFT, B0FP2J5Z6J]",amzn1.campaign.32VLAX1H2KTWJ,My Table Survived My Toddler 🧸🐝,Voumsil,2026-07-22,2027-07-21,10.00%,5000.0,5000.0,12,800,false
[B0H3DBSMS5],amzn1.campaign.2YRQGPATX2QQT,🧊🍹 Party-perfect frozen margaritas in 60 sec. Bartender drinks at home.,Liebe&Lecker,2026-07-21,2027-05-29,10.00%,5000.0,5000.0,9,800,false
"[B0GKT6WZGS, B0GLLW1KYS, B0FP2KNLFT, B0FP2J5Z6J]",amzn1.campaign.2LALY1AFF7KSI,My Table Is a Better Pet 🐶🐝,Voumsil,2026-07-22,2027-07-22,10.00%,5000.0,5000.0,6,800,false
[B0H3DBSMS5],amzn1.campaign.VCJXTE3B3Q42,🥣👨‍👩‍👧‍👦 Family smoothie bowls in 60 sec. Makes enough for everyone.,Liebe&Lecker,2026-07-21,2027-05-30,10.00%,5000.0,5000.0,9,800,false
"[B0DFPP449S, B0DFPVGYQQ, B0DFPHXSGL, B0DFPSBGJ1, B0F26HZSL8, B0DFPMWTBL, B0DFPN4GL3, B0DFPC5VWK, B0DFPJJBG1, B0DFPL1NRH, B0DFPVBNJP, B0DFP86ZJ6, B0DFPMB1RT, B0DFPHX39G, B0DFPT1ZHJ, B0DFPGKG38]",amzn1.campaign.1FNPPYS7RLLRY,"High Commission Collab: Viral 3-Pack Capri Pants, Free Samples for Creators(Z2)",JULGIRL,2026-07-21,2026-11-30,12.00%,10000.0,10000.0,0,800,false
[B0H3DBSMS5],amzn1.campaign.3QO60JEGW2BD7,🥤💪 Post-gym protein shake in 30 sec. Crushes ice & powder effortlessly.,Liebe&Lecker,2026-07-21,2027-05-31,10.00%,5000.0,5000.0,7,800,false
"[B0FGTJZPP9, B0FGTHBSL5, B0FGT8TC47, B0FGTMGBMN, B0FGT5JP61, B0FGTDGK2R, B0FGV1W7W6, B0FGV1LCW6, B0FGTBB4LL, B0FGTDSN9D, B0FGTMD26N, B0FGTXT7ZN, B0FGTBY5K1, B0FGTC6PSW, B0FGTB9GHG, B0FGTB6K8X, B0FGTXFBN1, B0FGV1SMVQ, B0FGTLGNXM, B0FGT5KZ7N, B0FGTLYQ3Y, B0FGTXXWJF, B0GVYGLSR2, B0GVY6CZ8T, B0FGT66T67, B0FGTK5RBL, B0FGTTND4J, B0FGT5G2LX, B0FGTJ51S7, B0FGTJ51S6, B0FGTX1183, B0FGTLSM6Z, B0FGTTL58S, B0FGTH3VFM, B0FGTTMR2N, B0FGTHP5C7, B0FGTRBH13, B0FGTM76WN, B0FGTM1WJ9, B0FGTRSZR4, B0FGTK1P34, B0FGTNWKW6, B0FGTTK6K3, B0FGT8PZXD, B0FGTHK97P, B0FGTHS6WD, B0FGTHVGH3, B0FGTDPYG1, B0FGT8LFM9, B0FGT87XZ3, B0FGT2BQ54, B0FGTXGGK6, B0FGTLK3BL, B0FGTBSL3N, B0FGTXJQ9D, B0FGTNMMFM, B0FGTBSYZN, B0FGT5WRJR, B0FGTP4XQB, B0FGTRR9NR, B0FGT617NT, B0FGTLH24V, B0FGTXS8NC, B0FGTC3RSR, B0FGTLVXFH, B0FGTJ84MM, B0FGTNWZZQ, B0FGTK33VJ, B0FGTP3MBZ, B0FGT5PD6V, B0FGTTXHYG, B0FGTRHFN3]",amzn1.campaign.2UO2J7S6TQ66L,Invitation Promoting FREE SOLDIER Waterproof Fleece Lined Pants (Insulated),FREE SOLDIER,2026-07-24,2026-09-24,10.00%,5000.0,4982.5,0,800,false
"[B0H21MPBYL, B0H21FRLSQ, B0H21NBM6R]",amzn1.campaign.3J99OCD13SW7Q,"4-Pack Clear Whiteboard, Wavy Edge Standing Desk Sign",BLULEE,2026-07-22,2027-07-18,10.00%,5000.0,5000.0,1,800,false
"[B0H21MPBYL, B0H21FRLSQ, B0H21NBM6R]",amzn1.campaign.2O9N81910C32G,"4-Pack Clear Desk Board, Wavy Edge Dry-Erase Stand",BLULEE,2026-07-22,2027-07-19,10.00%,5000.0,5000.0,5,800,false
"[B0H21MPBYL, B0H21FRLSQ, B0H21NBM6R]",amzn1.campaign.1TWLOPW2P9UVE,"4-Pack Clear Standing Whiteboard, Wavy Edge Desk Board",BLULEE,2026-07-22,2027-07-20,10.00%,5000.0,5000.0,3,800,false
"[B0H21MPBYL, B0H21FRLSQ, B0H21NBM6R]",amzn1.campaign.3TDO64BNJCC3Z,"4-Pack Clear Dry-Erase Board, Wavy Edge Desktop Whiteboard",BLULEE,2026-07-22,2027-07-21,10.00%,5000.0,5000.0,6,800,false
"[B0H21MPBYL, B0H21FRLSQ, B0H21NBM6R]",amzn1.campaign.Y0AO1YKR62QG,"4-Pack Clear Whiteboard, Wavy Edge Standing Desk Display",BLULEE,2026-07-22,2027-07-22,10.00%,5000.0,5000.0,3,800,false
"[B0GHDCSHCY, B0GHCKP23Q, B0GHCZ4WD7, B0GHD4PFTC, B0GHDJNMLK, B0GHDX5K5Z, B0GHC88KHB, B0GHDNL2MM, B0GHD1Z2ZX, B0GHC85CTJ, B0GHF3KJ7F, B0GHDDTSG8, B0GHC86XKG, B0GHCZNVCT, B0GHC88YGB, B0GHDN7526]",amzn1.campaign.2J5M9QIYCGIPT,"3-Pack Capri Pants | High Commission, Free Samples & 5% Off for Creators (SY2)",JULGIRL,2026-07-21,2026-11-30,12.00%,10000.0,10000.0,0,800,false
"[B0GD5JDY3S, B0GD5S5Y9H]",amzn1.campaign.29XO8FMCKKDYD,"🐾 One Light, Two Jobs, Zero Compromises",Voumsil,2026-07-22,2027-07-18,10.00%,5000.0,5000.0,6,800,false
"[B0GD5JDY3S, B0GD5S5Y9H]",amzn1.campaign.2SV7LMQCTO4Z1,🌙 The One Light That Actually Makes Coming Home Feel Different,Voumsil,2026-07-22,2027-07-19,10.00%,5000.0,5000.0,11,800,false
"[B0GD5JDY3S, B0GD5S5Y9H]",amzn1.campaign.L9U2YTAFGRO5,🐕 The Goodest Boy in Your Garden (And He Glows),Voumsil,2026-07-22,2027-07-20,10.00%,5000.0,5000.0,14,800,false
[B0DMVDFB4F],amzn1.campaign.1I7QOQYMOQK0Y,"✈️🥤 Travel smoothie in 30 sec. No airport markup, no questionable ingredients.",Liebe&Lecker,2026-07-21,2027-05-27,10.00%,5000.0,5000.0,5,800,false
"[B0GD5JDY3S, B0GD5S5Y9H]",amzn1.campaign.3REZCIXC5YXCB,🌿 From Boring to Beautiful – One Light Changes Everything,Voumsil,2026-07-22,2027-07-21,10.00%,5000.0,5000.0,12,800,false
"[B0GD5JDY3S, B0GD5S5Y9H]",amzn1.campaign.127V78EVUTBWC,🐾 The 5-Second Rule: Does Your Porch Make You Smile?,Voumsil,2026-07-22,2027-07-22,10.00%,5000.0,5000.0,4,800,false
[B0DMVDFB4F],amzn1.campaign.2FRCUIJMWSA5R,"🍓🧊 Frozen yogurt bark in 2 min. Healthy dessert, no ice cream maker.",Liebe&Lecker,2026-07-21,2027-05-28,10.00%,5000.0,5000.0,8,800,false
"[B0H7RC53TL, B0H7R7GHD2]",amzn1.campaign.8PW1O8JKUL2P,MY78创作者计划,FAMOO,2026-07-21,2026-09-30,15.00%,10000.0,9475.0,0,800,false
[B0DMVDFB4F],amzn1.campaign.148YMMHNPKTMO,🥜🌾 Fresh almond milk in 2 min. No more carton waste.,Liebe&Lecker,2026-07-21,2027-05-29,10.00%,5000.0,5000.0,5,800,false
"[B0H21P7KG8, B0H21TTS4X]",amzn1.campaign.1DO64TT8LTBJK,Don't Buy These Dividers... Unless You Want This,BLULEE,2026-07-22,2027-07-18,10.00%,5000.0,5000.0,0,800,false
"[B0H21P7KG8, B0H21TTS4X]",amzn1.campaign.SYRGXXUZHN7K,Your Closet Called. It Wants BLULEE Dividers.,BLULEE,2026-07-22,2027-07-19,10.00%,5000.0,5000.0,11,800,false
[B0DMVDFB4F],amzn1.campaign.1ASN6TRRD9WGN,🍲🥕 Silky hot soup in 2 min. No more transferring hot liquids.,Liebe&Lecker,2026-07-21,2027-05-30,10.00%,5000.0,5000.0,7,800,false
"[B0H21P7KG8, B0H21TTS4X]",amzn1.campaign.1JIL1CJHZY5U4,Is Your Closet Costing You Money? (BLULEE Fix),BLULEE,2026-07-22,2027-07-20,10.00%,5000.0,5000.0,5,800,false
"[B08J7XC1PH, B0D659NGYG, B091YYLPQS]",amzn1.campaign.1OQGKH38BE4XX,Figure 8 Resistance Band: Correct Posture & Shape Your Body in 10 Minutes Daily,HPYGN,2026-08-01,2026-09-30,10.00%,5000.0,5000.0,0,800,false
[B0DMVDFB4F],amzn1.campaign.1SJCUQENIW9XA,🥤💪 Post-gym protein shake in 30 sec. No more chunky powder clumps.,Liebe&Lecker,2026-07-21,2027-05-31,10.00%,5000.0,5000.0,5,800,false
"[B0H11JJQGH, B0H11HFHRX, B0H11JJJMS, B0H11F7MTF, B0H11CV4N7, B0H11FHBDP, B0H11KMTN3, B0H11CV4R7, B0H11GGCZ6, B0H11K2FNC, B0H11D9MPM, B0H12JM7D9, B0H11HFZML, B0H119V1CV, B0H11LV2SB, B0H11BT91W, B0H11DG818, B0H11DB2PW, B0H11J3Y86, B0H11F58J8, B0H11D49X7, B0H11MJNQ8, B0H119TPKX, B0H11CT4LG, B0H11F6HQX]",amzn1.campaign.2V65Q1SQWP6JR,💖 20% High Commission | New Releases ST10 Womens 2026 Summer Casual Dress,MFAVIP,2026-07-21,2026-09-29,20.00%,5000.0,5000.0,0,800,false
"[B0H21P7KG8, B0H21TTS4X]",amzn1.campaign.1YAKKRQ7FY87J,Warning: BLULEE Dividers May Cause Closet Envy,BLULEE,2026-07-22,2027-07-21,10.00%,5000.0,5000.0,9,800,false
"[B0H21P7KG8, B0H21TTS4X]",amzn1.campaign.9GIEQSCS9SIZ,Before vs After: BLULEE Wavy Dividers Edition,BLULEE,2026-07-22,2027-07-22,10.00%,5000.0,5000.0,9,800,false
"[B0H45NP4P8, B0H45LPNN9]",amzn1.campaign.38CRTRK20SALV,Notebook Cover | Heavy Waxed Canvas | Waterproof,Dizetion,2026-07-21,2026-12-31,12.00%,5000.0,4997.6,0,800,false
[B0BGGKV79Z],amzn1.campaign.4YWJVWPPYFPH,2 Pcs Titanium Gold Hat Display Stand-10% commission,K KAIDIYIN,2026-07-21,2027-07-21,10.00%,10000.0,9992.44,0,800,false
"[B0H11JJQGH, B0H8BG28ZN, B0H11HFHRX, B0H11JJJMS, B0H11F7MTF, B0H11CV4N7, B0H11FHBDP, B0H11KMTN3, B0H11CV4R7, B0H11GGCZ6, B0H11K2FNC, B0H11D9MPM, B0H12JM7D9, B0H11HFZML, B0H119V1CV, B0H11BT91W, B0H11DG818, B0H11DB2PW, B0H11J3Y86, B0H11F58J8, B0H11D49X7, B0H11MJNQ8, B0H119TPKX, B0H11CT4LG, B0H11F6HQX]",amzn1.campaign.2LUV1JFT8DOMH,💖 20% High Commission | New Releases ST10 Womens 2026 Summer Casual Dress,MFAVIP,2026-07-21,2026-10-01,20.00%,5000.0,5000.0,0,800,false
[B0H1QRSJYN],amzn1.campaign.1TG0SJNDKSNAO,ACC-GY1180M,GABRYLLY,2026-07-21,2026-10-31,10.00%,30000.0,29937.33,0,800,false
"[B0GD6XG2M4, B0GZKWF3X4]",amzn1.campaign.2BYIY4HKHNNEV,"🐈‍⬛🦋 7 Colors, 10 Hours, 3 Minutes — The Garden Upgrade You'll Actually Use",Voumsil,2026-07-22,2027-07-18,10.00%,5000.0,5000.0,2,800,false
"[B0H11JJQGH, B0H8BG28ZN, B0H11HFHRX, B0H11JJJMS, B0H11F7MTF, B0H11CV4N7, B0H11FHBDP, B0H11KMTN3, B0H11CV4R7, B0H11GGCZ6, B0H11K2FNC, B0H11D9MPM, B0H12JM7D9, B0H11HFZML, B0H119V1CV, B0H11BT91W, B0H11DG818, B0H11DB2PW, B0H11J3Y86, B0H11F58J8, B0H11D49X7, B0H11MJNQ8, B0H119TPKX, B0H11CT4LG, B0H11F6HQX]",amzn1.campaign.1CVQHNSLB37XI,💖 20% High Commission | New Releases ST10 Womens 2026 Summer Casual Dress,MFAVIP,2026-07-21,2026-09-30,20.00%,5000.0,4989.0,0,800,false
"[B0GD6XG2M4, B0GZKWF3X4]",amzn1.campaign.3S2H2V0LVNYUI,🐈‍⬛🦋 The Garden Magic You Can Buy (And It's Under $50),Voumsil,2026-07-22,2027-07-19,10.00%,5000.0,5000.0,6,800,false
"[B0GD6XG2M4, B0GZKWF3X4]",amzn1.campaign.2AM5FM3LIJUR6,🐈‍⬛🦋 My Garden's New Best Friend (And Why I'm Keeping It Forever),Voumsil,2026-07-22,2027-07-20,10.00%,5000.0,5000.0,5,800,false
"[B0GD6XG2M4, B0GZKWF3X4]",amzn1.campaign.2MIVYWFOWVCSV,🐈‍⬛🦋 The 8 PM Choice That Changed My Evenings (And Could Change Yours),Voumsil,2026-07-22,2027-07-21,10.00%,5000.0,5000.0,5,800,false
"[B0GD6XG2M4, B0GZKWF3X4]",amzn1.campaign.1U2GCO3HKRHZ1,"🐈‍⬛🦋 Dear Sun, Thank You (Signed, My Garden)",Voumsil,2026-07-22,2027-07-22,10.00%,5000.0,5000.0,0,800,false
[B07FNH5Y84],amzn1.campaign.2Z7X2LYS31TPA,Get a FREE LENTION USB-C Hub Multiport with 4K HDMI + Earn Up to 10% Commission,LENTION,2026-07-21,2026-10-21,10.00%,50000.0,50000.0,0,800,false
"[B0G7TTHQDC, B0GYC84Y2X, B0G7T6W2C6, B0G7TC4WVM, B0GVXQ8RWL, B0H3Z1SMT8, B0GZNZLDB1, B0G7THH89J, B0GV35S7F8, B0GZNZ8ZB8, B0H93W8DSV, B0H4SWD8WC, B0GZQ1D24P, B0G7T3H4KQ, B0G7T7CY8W, B0GZP7D8K8, B0G7T3L4G9, B0G7T7RFVT, B0H5BY7L8R, B0GXCQ785D, B0G7TYR3DR, B0G7TWQP85, B0G7TT5PMH, B0GZP3DXSQ, B0G7TFNFNN, B0G7T2G3P2, B0G7TH7ZTZ, B0GZP119SN, B0G7SYHN42, B0G7TXZYPF, B0G7SRFDJ1, B0G7T1SWGQ, B0H5P1HM79, B0G7TBX3MQ, B0H5PSGSY6, B0G7TZFXFT]",amzn1.campaign.ZY2M1P3U8V80,💖 20% High Commission | Best Seller PN47 ForeverShaper Shapewear Tummy Control,ForeverShaper,2026-07-21,2026-10-03,20.00%,5000.0,5000.0,0,800,false
"[B0G7TTHQDC, B0GYC84Y2X, B0G7T6W2C6, B0G7TC4WVM, B0GVXQ8RWL, B0H3Z1SMT8, B0GZNZLDB1, B0G7THH89J, B0GV35S7F8, B0GZNZ8ZB8, B0H93W8DSV, B0H4SWD8WC, B0GZQ1D24P, B0G7T3H4KQ, B0G7T7CY8W, B0GZP7D8K8, B0G7T3L4G9, B0G7T7RFVT, B0H5BY7L8R, B0GXCQ785D, B0G7TYR3DR, B0G7TWQP85, B0G7TT5PMH, B0GZP3DXSQ, B0G7TFNFNN, B0G7T2G3P2, B0G7TH7ZTZ, B0GZP119SN, B0G7SYHN42, B0G7TXZYPF, B0G7SRFDJ1, B0G7T1SWGQ, B0H5P1HM79, B0G7TBX3MQ, B0H5PSGSY6, B0G7TZFXFT]",amzn1.campaign.38QRQVEJPR6LO,💖 20% High Commission | Best Seller PN47 ForeverShaper Shapewear Tummy Control,ForeverShaper,2026-07-21,2026-10-01,20.00%,5000.0,5000.0,0,800,false
"[B0G7TTHQDC, B0GYC84Y2X, B0G7T6W2C6, B0G7TC4WVM, B0GVXQ8RWL, B0H3Z1SMT8, B0GZNZLDB1, B0G7THH89J, B0GV35S7F8, B0GZNZ8ZB8, B0H93W8DSV, B0H4SWD8WC, B0GZQ1D24P, B0G7T3H4KQ, B0G7T7CY8W, B0GZP7D8K8, B0G7T3L4G9, B0G7T7RFVT, B0H5BY7L8R, B0GXCQ785D, B0G7TYR3DR, B0G7TWQP85, B0G7TT5PMH, B0GZP3DXSQ, B0G7TFNFNN, B0G7T2G3P2, B0G7TH7ZTZ, B0GZP119SN, B0G7SYHN42, B0G7TXZYPF, B0G7SRFDJ1, B0G7T1SWGQ, B0H5P1HM79, B0G7TBX3MQ, B0H5PSGSY6, B0G7TZFXFT]",amzn1.campaign.1Y7UWCZZCM22N,💖 20% High Commission | Best Seller PN47 ForeverShaper Shapewear Tummy Control,ForeverShaper,2026-07-21,2026-09-30,20.00%,5000.0,4976.2,0,800,false
[B0H79LCKZM],amzn1.campaign.2IIQ8Q8NRV4QZ,Car Headlight Restoration Kit,CNSJFHW,2026-07-21,2026-09-30,10.00%,5000.0,5000.0,0,800,false
"[B0GTLL7YG2, B0GXTYJ6T1, B0GTLSY4MF, B0GGHDL9V7, B0GTLXB3WP, B0GTLTPXKT, B0GTLN35VB]",amzn1.campaign.37M5J84E3CBKH,Fryliycco Purse Extender Chain & Bag Charms 10％ Commission 7,Fryliycco,2026-07-21,2027-05-31,10.00%,5000.0,4993.85,0,800,false
"[B0F42XBG94, B0DCVK1627, B0DCVKTM9Z, B0DCVKW981, B0F42KBF1F, B0F42XD15F, B0F42R43G9, B0F42WNJT5, B0F3HNT349, B0DCVJPY6P, B0GVY68GYY, B0FMN9SNRM, B0GVY27M5M, B0F42MLMSW, B0DCVJFVL4, B0F3HQ7ZM9, B0DCVJTGD8, B0DCVJ7Q1P, B0F42HS4KH, B0F3HD6HWB, B0DCVH6Q9Y, B0F42N78D8, B0DCVJX6HW, B0DCVLKRJ7, B0F211CC7Z, B0F3HTVSBW, B0DCVGV51T, B0F43181DZ, B0F42RRJW4, B0DCVKH46X, B0F434X3NB, B0DCVKNTFT, B0F42X8YS9, B0F42J5R9H, B0F42WR841, B0DCVGG6NG, B0DCVJ7RX6, B0F42X4ZFB, B0DCVKP9MB, B0F3HJRLMJ]",amzn1.campaign.39QNOOTLX3HE1,Invitation Promoting FREE SOLDIER Outdoor Warm Puffy Insulated Pants(Daily Wear),FREE SOLDIER,2026-07-24,2026-09-24,10.00%,5000.0,5000.0,0,800,false
"[B0FQJMKDRT, B0FQJMVWST, B0G52787FV, B0FQJLVQWK, B0FQJNTV34, B0G527FV1T, B0GRZK47DF, B0FQJNZTZJ, B0FQJG7JNN, B0GGX8B346, B0FQJNG27B, B0G5268ZY3, B0FQJMBTQT, B0FQJHSFVC, B0FQJHSFVG, B0FQJNP59D, B0GRZVYZL2, B0FQJNRD94, B0GHXSPD9Q, B0FQJNRD92, B0GRZH1QH8, B0FQJNG5M2, B0FQJNG5M5, B0FQJM2NR9, B0GS15VV9V, B0FQJMRCXK, B0FX9S2XB8, B0GRZXR486, B0G52B5CZN, B0G5298HGG, B0FQJS515Z, B0GRZS87MN, B0FQJP643P, B0GRZSF9D1, B0FQJN6M45, B0G527TJPF, B0FQJG6VSB, B0FQJPJ5VY, B0GRZBLX7M, B0FQJM3LH2, B0FQJNPCDF, B0FQJML44R, B0FQJN569G, B0FQJMZ19P, B0GRZTFNNP, B0FQJJRBJX, B0FQJNNFHK, B0G526QSF1, B0FQJLP5XN, B0FQJMMC11, B0G524SH7V, B0FQJND16S, B0FQJK27K2, B0FQJN9YXP, B0FQJPMW5Y, B0GRZBX4GC, B0GRZXL15B, B0FQJNTRLV, B0G525Y4FD, B0G528N3TL, B0G528QY5F, B0G527YQBH, B0FQJLFS1D, B0GS17V75K]",amzn1.campaign.35WM60UQPC52E,WN0693-A1,Werena,2026-07-21,2026-10-31,10.00%,5000.0,5000.0,0,800,false
"[B0CNVBM6QB, B0GCLLRYD1, B0G2PPKT2L, B0D22MWLW2, B0DZMVH9N3, B0CP1R3M24, B0FGJJ3L7T, B0G2PGCWZ3, B0D22MV53G, B0DKT6DY2D, B0CNT8Z1BS, B0F8QPTXXK, B0DK1L55QC, B0G2PFM3YB, B0GCLC1VY2, B0DMF8DHJK, B0GCMPWZ9C, B0DMF7MDL4, B0DMN322CM, B0D1K25WDM, B0D1K7CLLT, B0D1K7DTRB, B0F8V81XY3, B0DK1PS4WX, B0DMF6NHKJ, B0FGJFGJNV, B0CNVBJWL1, B0DT19S9DD, B0DZMT2KPY, B0CNT8G87T, B0FHQC9LBD, B0DZMXK5DV, B0CYC4CLQQ, B0FVF5NH4M, B0D22KH5D4, B0DJSBKS1V, B0G2PM7SHH, B0DKT695C8, B0DMF6WV4C, B0G2PJTQP1, B0G2PP5N6Q, B0FVF2W6MN, B0D78X9FKL, B0D795LNV5, B0DKT57ZLS, B0DK1MYRVN, B0DMN56SHL, B0FH43Y199, B0D22LZY3V, B0DKT66TYC, B0G2PZDMTQ, B0DMF7G31Z, B0FHQBPS7W, B0G2PVG6HS, B0DT197X83, B0GCM7PMHJ, B0GCM8283H, B0DK1P1115, B0DMFC5F4Z, B0FVDSRNGR, B0DMFBGY9J, B0FN7QSFZF, B0DKT7KV6H, B0DT19H3K6, B0DMND78BX, B0FVDPL2F6, B0G2PXQSD4, B0DMN31T99, B0FGJCXKQS, B0DZG8N74J, B0D2L3CC7Q, B0GCMHMWZZ, B0DKT6XPJ2, B0G2Q79PNV, B0FGJCY87X, B0DMF6XR7F, B0DZFL4BJ4, B0CYC2R63B, B0G2PLRGG4, B0FN7QFCQ1, B0CYBMK8RR, B0DT15RM7D, B0FHQFT15G, B0CP1RBF44, B0DMN5NPYT, B0DK1L4GCD, B0DMFB3LMK, B0DMF6QQ18, B0CYC498B2, B0FVDQ8WKK, B0DK1PGT6R, B0F8QQ613C, B0DK1NDWTS, B0FGJFF8K5, B0FGJFF8K3, B0F18WWV8R, B0F8VPNRVQ, B0DK1PG3ND, B0FH42Z7BW, B0FH4252P6, B0D2L1VRWB, B0G2PN49DQ, B0G2PZR51W, B0DMN8CSD3, B0G2PP8XFC, B0DMFBJN5F, B0DMN3T6K3, B0G2PHXNSG, B0DMFCFGHP, B0FVF2N9QF, B0FVDT6TXK, B0DKT6S6TH, B0CP1S538Q, B0G2PM9T87, B0DKT5CYLT, B0F8QP292B, B0DMF42VTQ, B0FN7RG947, B0DT15GYQT, B0G2Q1HBFL, B0CNV7SCJD, B0G2PWPX8V, B0G2PRDMDS, B0DKT7JQTC, B0GCLLNGVN, B0G2PJ9VCZ, B0DMN4L5SR, B0D791LCFC, B0DMF96BC6, B0CNT9KFX9, B0DKT5GFB2, B0G2NVMFYW, B0GCMJQDK5, B0DKT682SF, B0DMN44P7S, B0CYC3MWJH, B0CNT938BP, B0FGJCWYRS, B0DMF899P1, B0G2Q4Q5TJ, B0G2PPCMRJ, B0CYC65DGH, B0D2L3V73F, B0DMN5G7RB, B0DMN4K277, B0G2P831ND, B0G2Q4T1R9, B0D2L2DC5D, B0DT1939JR, B0FGJ78NXZ, B0G2QDMWZK, B0CYC2HL14, B0DT1CYWXC, B0F8TYLWNB, B0DZGCXKQR, B0CYBMMZH6, B0FVDC7PNN, B0DKT61V62, B0GCLBQX11, B0D1K5JZGK, B0FVD6KBYZ, B0G2PJY4R6, B0DMN5FGCK, B0FGJCD7YV]",amzn1.campaign.YO61QAAYTIWD,"Bestsellers | 10% Off – Waist Chains, Backpacks, Clear Bags  All You Want！！！",NEOREAL,2026-07-21,2027-01-18,10.00%,5000.0,5000.0,33,800,false
"[B0CNVBM6QB, B0GCLLRYD1, B0G2PPKT2L, B0D22MWLW2, B0DZMVH9N3, B0CP1R3M24, B0FGJJ3L7T, B0G2PGCWZ3, B0D22MV53G, B0DKT6DY2D, B0CNT8Z1BS, B0F8QPTXXK, B0DK1L55QC, B0G2PFM3YB, B0GCLC1VY2, B0DMF8DHJK, B0GCMPWZ9C, B0DMF7MDL4, B0DMN322CM, B0D1K25WDM, B0D1K7CLLT, B0D1K7DTRB, B0F8V81XY3, B0DK1PS4WX, B0DMF6NHKJ, B0FGJFGJNV, B0CNVBJWL1, B0DT19S9DD, B0DZMT2KPY, B0CNT8G87T, B0FHQC9LBD, B0DZMXK5DV, B0CYC4CLQQ, B0FVF5NH4M, B0D22KH5D4, B0DJSBKS1V, B0G2PM7SHH, B0DKT695C8, B0DMF6WV4C, B0G2PJTQP1, B0G2PP5N6Q, B0FVF2W6MN, B0D78X9FKL, B0D795LNV5, B0DKT57ZLS, B0DK1MYRVN, B0DMN56SHL, B0FH43Y199, B0D22LZY3V, B0DKT66TYC, B0G2PZDMTQ, B0DMF7G31Z, B0FHQBPS7W, B0G2PVG6HS, B0DT197X83, B0GCM7PMHJ, B0GCM8283H, B0DK1P1115, B0DMFC5F4Z, B0FVDSRNGR, B0DMFBGY9J, B0FN7QSFZF, B0DKT7KV6H, B0DT19H3K6, B0DMND78BX, B0FVDPL2F6, B0G2PXQSD4, B0DMN31T99, B0FGJCXKQS, B0DZG8N74J, B0D2L3CC7Q, B0GCMHMWZZ, B0DKT6XPJ2, B0G2Q79PNV, B0FGJCY87X, B0DMF6XR7F, B0DZFL4BJ4, B0CYC2R63B, B0G2PLRGG4, B0FN7QFCQ1, B0CYBMK8RR, B0DT15RM7D, B0FHQFT15G, B0CP1RBF44, B0DMN5NPYT, B0DK1L4GCD, B0DMFB3LMK, B0DMF6QQ18, B0CYC498B2, B0FVDQ8WKK, B0DK1PGT6R, B0F8QQ613C, B0DK1NDWTS, B0FGJFF8K5, B0FGJFF8K3, B0F18WWV8R, B0F8VPNRVQ, B0DK1PG3ND, B0FH42Z7BW, B0FH4252P6, B0D2L1VRWB, B0G2PN49DQ, B0G2PZR51W, B0DMN8CSD3, B0G2PP8XFC, B0DMFBJN5F, B0DMN3T6K3, B0G2PHXNSG, B0DMFCFGHP, B0FVF2N9QF, B0FVDT6TXK, B0DKT6S6TH, B0CP1S538Q, B0G2PM9T87, B0DKT5CYLT, B0F8QP292B, B0DMF42VTQ, B0FN7RG947, B0DT15GYQT, B0G2Q1HBFL, B0CNV7SCJD, B0G2PWPX8V, B0G2PRDMDS, B0DKT7JQTC, B0GCLLNGVN, B0G2PJ9VCZ, B0DMN4L5SR, B0D791LCFC, B0DMF96BC6, B0CNT9KFX9, B0DKT5GFB2, B0G2NVMFYW, B0GCMJQDK5, B0DKT682SF, B0DMN44P7S, B0CYC3MWJH, B0CNT938BP, B0FGJCWYRS, B0DMF899P1, B0G2Q4Q5TJ, B0G2PPCMRJ, B0CYC65DGH, B0D2L3V73F, B0DMN5G7RB, B0DMN4K277, B0G2P831ND, B0G2Q4T1R9, B0D2L2DC5D, B0DT1939JR, B0FGJ78NXZ, B0G2QDMWZK, B0CYC2HL14, B0DT1CYWXC, B0F8TYLWNB, B0DZGCXKQR, B0CYBMMZH6, B0FVDC7PNN, B0DKT61V62, B0GCLBQX11, B0D1K5JZGK, B0FVD6KBYZ, B0G2PJY4R6, B0DMN5FGCK, B0FGJCD7YV]",amzn1.campaign.23VJSXL8F95RD,"Bestsellers | 10% Off – Waist Chains, Backpacks, Clear Bags  All You Want！！！",NEOREAL,2026-07-21,2027-01-17,10.00%,5000.0,5000.0,31,800,false
"[B0CNVBM6QB, B0GCLLRYD1, B0G2PPKT2L, B0D22MWLW2, B0DZMVH9N3, B0CP1R3M24, B0FGJJ3L7T, B0G2PGCWZ3, B0D22MV53G, B0DKT6DY2D, B0CNT8Z1BS, B0F8QPTXXK, B0DK1L55QC, B0G2PFM3YB, B0GCLC1VY2, B0DMF8DHJK, B0GCMPWZ9C, B0DMF7MDL4, B0DMN322CM, B0D1K25WDM, B0D1K7CLLT, B0D1K7DTRB, B0F8V81XY3, B0DK1PS4WX, B0DMF6NHKJ, B0FGJFGJNV, B0CNVBJWL1, B0DT19S9DD, B0DZMT2KPY, B0CNT8G87T, B0FHQC9LBD, B0DZMXK5DV, B0CYC4CLQQ, B0FVF5NH4M, B0D22KH5D4, B0DJSBKS1V, B0G2PM7SHH, B0DKT695C8, B0DMF6WV4C, B0G2PJTQP1, B0G2PP5N6Q, B0FVF2W6MN, B0D78X9FKL, B0D795LNV5, B0DKT57ZLS, B0DK1MYRVN, B0DMN56SHL, B0FH43Y199, B0D22LZY3V, B0DKT66TYC, B0G2PZDMTQ, B0DMF7G31Z, B0FHQBPS7W, B0G2PVG6HS, B0DT197X83, B0GCM7PMHJ, B0GCM8283H, B0DK1P1115, B0DMFC5F4Z, B0FVDSRNGR, B0DMFBGY9J, B0FN7QSFZF, B0DKT7KV6H, B0DT19H3K6, B0DMND78BX, B0FVDPL2F6, B0G2PXQSD4, B0DMN31T99, B0FGJCXKQS, B0DZG8N74J, B0D2L3CC7Q, B0GCMHMWZZ, B0DKT6XPJ2, B0G2Q79PNV, B0FGJCY87X, B0DMF6XR7F, B0DZFL4BJ4, B0CYC2R63B, B0G2PLRGG4, B0FN7QFCQ1, B0CYBMK8RR, B0DT15RM7D, B0FHQFT15G, B0CP1RBF44, B0DMN5NPYT, B0DK1L4GCD, B0DMFB3LMK, B0DMF6QQ18, B0CYC498B2, B0FVDQ8WKK, B0DK1PGT6R, B0F8QQ613C, B0DK1NDWTS, B0FGJFF8K5, B0FGJFF8K3, B0F18WWV8R, B0F8VPNRVQ, B0DK1PG3ND, B0FH42Z7BW, B0FH4252P6, B0D2L1VRWB, B0G2PN49DQ, B0G2PZR51W, B0DMN8CSD3, B0G2PP8XFC, B0DMFBJN5F, B0DMN3T6K3, B0G2PHXNSG, B0DMFCFGHP, B0FVF2N9QF, B0FVDT6TXK, B0DKT6S6TH, B0CP1S538Q, B0G2PM9T87, B0DKT5CYLT, B0F8QP292B, B0DMF42VTQ, B0FN7RG947, B0DT15GYQT, B0G2Q1HBFL, B0CNV7SCJD, B0G2PWPX8V, B0G2PRDMDS, B0DKT7JQTC, B0GCLLNGVN, B0G2PJ9VCZ, B0DMN4L5SR, B0D791LCFC, B0DMF96BC6, B0CNT9KFX9, B0DKT5GFB2, B0G2NVMFYW, B0GCMJQDK5, B0DKT682SF, B0DMN44P7S, B0CYC3MWJH, B0CNT938BP, B0FGJCWYRS, B0DMF899P1, B0G2Q4Q5TJ, B0G2PPCMRJ, B0CYC65DGH, B0D2L3V73F, B0DMN5G7RB, B0DMN4K277, B0G2P831ND, B0G2Q4T1R9, B0D2L2DC5D, B0DT1939JR, B0FGJ78NXZ, B0G2QDMWZK, B0CYC2HL14, B0DT1CYWXC, B0F8TYLWNB, B0DZGCXKQR, B0CYBMMZH6, B0FVDC7PNN, B0DKT61V62, B0GCLBQX11, B0D1K5JZGK, B0FVD6KBYZ, B0G2PJY4R6, B0DMN5FGCK, B0FGJCD7YV]",amzn1.campaign.3EDTI98WFN168,"Bestsellers | 10% Off – Waist Chains, Backpacks, Clear Bags  All You Want！！！",NEOREAL,2026-07-21,2027-01-16,10.00%,5000.0,5000.0,32,800,false
"[B0CNVBM6QB, B0GCLLRYD1, B0G2PPKT2L, B0D22MWLW2, B0DZMVH9N3, B0CP1R3M24, B0FGJJ3L7T, B0G2PGCWZ3, B0D22MV53G, B0DKT6DY2D, B0CNT8Z1BS, B0F8QPTXXK, B0DK1L55QC, B0G2PFM3YB, B0GCLC1VY2, B0DMF8DHJK, B0GCMPWZ9C, B0DMF7MDL4, B0DMN322CM, B0D1K25WDM, B0D1K7CLLT, B0D1K7DTRB, B0F8V81XY3, B0DK1PS4WX, B0DMF6NHKJ, B0FGJFGJNV, B0CNVBJWL1, B0DT19S9DD, B0DZMT2KPY, B0CNT8G87T, B0FHQC9LBD, B0DZMXK5DV, B0CYC4CLQQ, B0FVF5NH4M, B0D22KH5D4, B0DJSBKS1V, B0G2PM7SHH, B0DKT695C8, B0DMF6WV4C, B0G2PJTQP1, B0G2PP5N6Q, B0FVF2W6MN, B0D78X9FKL, B0D795LNV5, B0DKT57ZLS, B0DK1MYRVN, B0DMN56SHL, B0FH43Y199, B0D22LZY3V, B0DKT66TYC, B0G2PZDMTQ, B0DMF7G31Z, B0FHQBPS7W, B0G2PVG6HS, B0DT197X83, B0GCM7PMHJ, B0GCM8283H, B0DK1P1115, B0DMFC5F4Z, B0FVDSRNGR, B0DMFBGY9J, B0FN7QSFZF, B0DKT7KV6H, B0DT19H3K6, B0DMND78BX, B0FVDPL2F6, B0G2PXQSD4, B0DMN31T99, B0FGJCXKQS, B0DZG8N74J, B0D2L3CC7Q, B0GCMHMWZZ, B0DKT6XPJ2, B0G2Q79PNV, B0FGJCY87X, B0DMF6XR7F, B0DZFL4BJ4, B0CYC2R63B, B0G2PLRGG4, B0FN7QFCQ1, B0CYBMK8RR, B0DT15RM7D, B0FHQFT15G, B0CP1RBF44, B0DMN5NPYT, B0DK1L4GCD, B0DMFB3LMK, B0DMF6QQ18, B0CYC498B2, B0FVDQ8WKK, B0DK1PGT6R, B0F8QQ613C, B0DK1NDWTS, B0FGJFF8K5, B0FGJFF8K3, B0F18WWV8R, B0F8VPNRVQ, B0DK1PG3ND, B0FH42Z7BW, B0FH4252P6, B0D2L1VRWB, B0G2PN49DQ, B0G2PZR51W, B0DMN8CSD3, B0G2PP8XFC, B0DMFBJN5F, B0DMN3T6K3, B0G2PHXNSG, B0DMFCFGHP, B0FVF2N9QF, B0FVDT6TXK, B0DKT6S6TH, B0CP1S538Q, B0G2PM9T87, B0DKT5CYLT, B0F8QP292B, B0DMF42VTQ, B0FN7RG947, B0DT15GYQT, B0G2Q1HBFL, B0CNV7SCJD, B0G2PWPX8V, B0G2PRDMDS, B0DKT7JQTC, B0GCLLNGVN, B0G2PJ9VCZ, B0DMN4L5SR, B0D791LCFC, B0DMF96BC6, B0CNT9KFX9, B0DKT5GFB2, B0G2NVMFYW, B0GCMJQDK5, B0DKT682SF, B0DMN44P7S, B0CYC3MWJH, B0CNT938BP, B0FGJCWYRS, B0DMF899P1, B0G2Q4Q5TJ, B0G2PPCMRJ, B0CYC65DGH, B0D2L3V73F, B0DMN5G7RB, B0DMN4K277, B0G2P831ND, B0G2Q4T1R9, B0D2L2DC5D, B0DT1939JR, B0FGJ78NXZ, B0G2QDMWZK, B0CYC2HL14, B0DT1CYWXC, B0F8TYLWNB, B0DZGCXKQR, B0CYBMMZH6, B0FVDC7PNN, B0DKT61V62, B0GCLBQX11, B0D1K5JZGK, B0FVD6KBYZ, B0G2PJY4R6, B0DMN5FGCK, B0FGJCD7YV]",amzn1.campaign.P9NG338TKDWS,"Bestsellers | 10% Off – Waist Chains, Backpacks, Clear Bags  All You Want！！！",NEOREAL,2026-07-21,2027-01-15,10.00%,5000.0,5000.0,34,800,false
"[B0CNVBM6QB, B0GCLLRYD1, B0G2PPKT2L, B0D22MWLW2, B0DZMVH9N3, B0CP1R3M24, B0FGJJ3L7T, B0G2PGCWZ3, B0D22MV53G, B0DKT6DY2D, B0CNT8Z1BS, B0F8QPTXXK, B0DK1L55QC, B0G2PFM3YB, B0GCLC1VY2, B0DMF8DHJK, B0GCMPWZ9C, B0DMF7MDL4, B0DMN322CM, B0D1K25WDM, B0D1K7CLLT, B0D1K7DTRB, B0F8V81XY3, B0DK1PS4WX, B0DMF6NHKJ, B0FGJFGJNV, B0CNVBJWL1, B0DT19S9DD, B0DZMT2KPY, B0CNT8G87T, B0FHQC9LBD, B0DZMXK5DV, B0CYC4CLQQ, B0FVF5NH4M, B0D22KH5D4, B0DJSBKS1V, B0G2PM7SHH, B0DKT695C8, B0DMF6WV4C, B0G2PJTQP1, B0G2PP5N6Q, B0FVF2W6MN, B0D78X9FKL, B0D795LNV5, B0DKT57ZLS, B0DK1MYRVN, B0DMN56SHL, B0FH43Y199, B0D22LZY3V, B0DKT66TYC, B0G2PZDMTQ, B0DMF7G31Z, B0FHQBPS7W, B0G2PVG6HS, B0DT197X83, B0GCM7PMHJ, B0GCM8283H, B0DK1P1115, B0DMFC5F4Z, B0FVDSRNGR, B0DMFBGY9J, B0FN7QSFZF, B0DKT7KV6H, B0DT19H3K6, B0DMND78BX, B0FVDPL2F6, B0G2PXQSD4, B0DMN31T99, B0FGJCXKQS, B0DZG8N74J, B0D2L3CC7Q, B0GCMHMWZZ, B0DKT6XPJ2, B0G2Q79PNV, B0FGJCY87X, B0DMF6XR7F, B0DZFL4BJ4, B0CYC2R63B, B0G2PLRGG4, B0FN7QFCQ1, B0CYBMK8RR, B0DT15RM7D, B0FHQFT15G, B0CP1RBF44, B0DMN5NPYT, B0DK1L4GCD, B0DMFB3LMK, B0DMF6QQ18, B0CYC498B2, B0FVDQ8WKK, B0DK1PGT6R, B0F8QQ613C, B0DK1NDWTS, B0FGJFF8K5, B0FGJFF8K3, B0F18WWV8R, B0F8VPNRVQ, B0DK1PG3ND, B0FH42Z7BW, B0FH4252P6, B0D2L1VRWB, B0G2PN49DQ, B0G2PZR51W, B0DMN8CSD3, B0G2PP8XFC, B0DMFBJN5F, B0DMN3T6K3, B0G2PHXNSG, B0DMFCFGHP, B0FVF2N9QF, B0FVDT6TXK, B0DKT6S6TH, B0CP1S538Q, B0G2PM9T87, B0DKT5CYLT, B0F8QP292B, B0DMF42VTQ, B0FN7RG947, B0DT15GYQT, B0G2Q1HBFL, B0CNV7SCJD, B0G2PWPX8V, B0G2PRDMDS, B0DKT7JQTC, B0GCLLNGVN, B0G2PJ9VCZ, B0DMN4L5SR, B0D791LCFC, B0DMF96BC6, B0CNT9KFX9, B0DKT5GFB2, B0G2NVMFYW, B0GCMJQDK5, B0DKT682SF, B0DMN44P7S, B0CYC3MWJH, B0CNT938BP, B0FGJCWYRS, B0DMF899P1, B0G2Q4Q5TJ, B0G2PPCMRJ, B0CYC65DGH, B0D2L3V73F, B0DMN5G7RB, B0DMN4K277, B0G2P831ND, B0G2Q4T1R9, B0D2L2DC5D, B0DT1939JR, B0FGJ78NXZ, B0G2QDMWZK, B0CYC2HL14, B0DT1CYWXC, B0F8TYLWNB, B0DZGCXKQR, B0CYBMMZH6, B0FVDC7PNN, B0DKT61V62, B0GCLBQX11, B0D1K5JZGK, B0FVD6KBYZ, B0G2PJY4R6, B0DMN5FGCK, B0FGJCD7YV]",amzn1.campaign.1TXTQJRAG0X0D,"Bestsellers | 10% Off – Waist Chains, Backpacks, Clear Bags  All You Want！！！",NEOREAL,2026-07-21,2027-01-14,10.00%,5000.0,5000.0,13,800,false
"[B0DYVH97JK, B0DSFQ19B2]",amzn1.campaign.3SA5O5XVVYL25,270lbs Heavy Duty Pilates Bar Kit with Resistance Bands,HOXWC,2026-08-01,2026-09-30,12.00%,5000.0,5000.0,0,800,false
"[B0CNVBM6QB, B0GCLLRYD1, B0G2PPKT2L, B0D22MWLW2, B0DZMVH9N3, B0CP1R3M24, B0FGJJ3L7T, B0G2PGCWZ3, B0D22MV53G, B0DKT6DY2D, B0CNT8Z1BS, B0F8QPTXXK, B0DK1L55QC, B0G2PFM3YB, B0GCLC1VY2, B0DMF8DHJK, B0GCMPWZ9C, B0DMF7MDL4, B0DMN322CM, B0D1K25WDM, B0D1K7CLLT, B0D1K7DTRB, B0F8V81XY3, B0DK1PS4WX, B0DMF6NHKJ, B0FGJFGJNV, B0CNVBJWL1, B0DT19S9DD, B0DZMT2KPY, B0CNT8G87T, B0FHQC9LBD, B0DZMXK5DV, B0CYC4CLQQ, B0FVF5NH4M, B0D22KH5D4, B0DJSBKS1V, B0G2PM7SHH, B0DKT695C8, B0DMF6WV4C, B0G2PJTQP1, B0G2PP5N6Q, B0FVF2W6MN, B0D78X9FKL, B0D795LNV5, B0DKT57ZLS, B0DK1MYRVN, B0DMN56SHL, B0FH43Y199, B0D22LZY3V, B0DKT66TYC, B0G2PZDMTQ, B0DMF7G31Z, B0FHQBPS7W, B0G2PVG6HS, B0DT197X83, B0GCM7PMHJ, B0GCM8283H, B0DK1P1115, B0DMFC5F4Z, B0FVDSRNGR, B0DMFBGY9J, B0FN7QSFZF, B0DKT7KV6H, B0DT19H3K6, B0DMND78BX, B0FVDPL2F6, B0G2PXQSD4, B0DMN31T99, B0FGJCXKQS, B0DZG8N74J, B0D2L3CC7Q, B0GCMHMWZZ, B0DKT6XPJ2, B0G2Q79PNV, B0FGJCY87X, B0DMF6XR7F, B0DZFL4BJ4, B0CYC2R63B, B0G2PLRGG4, B0FN7QFCQ1, B0CYBMK8RR, B0DT15RM7D, B0FHQFT15G, B0CP1RBF44, B0DMN5NPYT, B0DK1L4GCD, B0DMFB3LMK, B0DMF6QQ18, B0CYC498B2, B0FVDQ8WKK, B0DK1PGT6R, B0F8QQ613C, B0DK1NDWTS, B0FGJFF8K5, B0FGJFF8K3, B0F18WWV8R, B0F8VPNRVQ, B0DK1PG3ND, B0FH42Z7BW, B0FH4252P6, B0D2L1VRWB, B0G2PN49DQ, B0G2PZR51W, B0DMN8CSD3, B0G2PP8XFC, B0DMFBJN5F, B0DMN3T6K3, B0G2PHXNSG, B0DMFCFGHP, B0FVF2N9QF, B0FVDT6TXK, B0DKT6S6TH, B0CP1S538Q, B0G2PM9T87, B0DKT5CYLT, B0F8QP292B, B0DMF42VTQ, B0FN7RG947, B0DT15GYQT, B0G2Q1HBFL, B0CNV7SCJD, B0G2PWPX8V, B0G2PRDMDS, B0DKT7JQTC, B0GCLLNGVN, B0G2PJ9VCZ, B0DMN4L5SR, B0D791LCFC, B0DMF96BC6, B0CNT9KFX9, B0DKT5GFB2, B0G2NVMFYW, B0GCMJQDK5, B0DKT682SF, B0DMN44P7S, B0CYC3MWJH, B0CNT938BP, B0FGJCWYRS, B0DMF899P1, B0G2Q4Q5TJ, B0G2PPCMRJ, B0CYC65DGH, B0D2L3V73F, B0DMN5G7RB, B0DMN4K277, B0G2P831ND, B0G2Q4T1R9, B0D2L2DC5D, B0DT1939JR, B0FGJ78NXZ, B0G2QDMWZK, B0CYC2HL14, B0DT1CYWXC, B0F8TYLWNB, B0DZGCXKQR, B0CYBMMZH6, B0FVDC7PNN, B0DKT61V62, B0GCLBQX11, B0D1K5JZGK, B0FVD6KBYZ, B0G2PJY4R6, B0DMN5FGCK, B0FGJCD7YV]",amzn1.campaign.3ANREDMLD2CTQ,"Bestsellers | 10% Off – Waist Chains, Backpacks, Clear Bags  All You Want！！！",NEOREAL,2026-07-21,2027-01-13,10.00%,5000.0,5000.0,32,800,false
"[B0CNVBM6QB, B0GCLLRYD1, B0G2PPKT2L, B0D22MWLW2, B0DZMVH9N3, B0CP1R3M24, B0FGJJ3L7T, B0G2PGCWZ3, B0D22MV53G, B0DKT6DY2D, B0CNT8Z1BS, B0F8QPTXXK, B0DK1L55QC, B0G2PFM3YB, B0GCLC1VY2, B0DMF8DHJK, B0GCMPWZ9C, B0DMF7MDL4, B0DMN322CM, B0D1K25WDM, B0D1K7CLLT, B0D1K7DTRB, B0F8V81XY3, B0DK1PS4WX, B0DMF6NHKJ, B0FGJFGJNV, B0CNVBJWL1, B0DT19S9DD, B0DZMT2KPY, B0CNT8G87T, B0FHQC9LBD, B0DZMXK5DV, B0CYC4CLQQ, B0FVF5NH4M, B0D22KH5D4, B0DJSBKS1V, B0G2PM7SHH, B0DKT695C8, B0DMF6WV4C, B0G2PJTQP1, B0G2PP5N6Q, B0FVF2W6MN, B0D78X9FKL, B0D795LNV5, B0DKT57ZLS, B0DK1MYRVN, B0DMN56SHL, B0FH43Y199, B0D22LZY3V, B0DKT66TYC, B0G2PZDMTQ, B0DMF7G31Z, B0FHQBPS7W, B0G2PVG6HS, B0DT197X83, B0GCM7PMHJ, B0GCM8283H, B0DK1P1115, B0DMFC5F4Z, B0FVDSRNGR, B0DMFBGY9J, B0FN7QSFZF, B0DKT7KV6H, B0DT19H3K6, B0DMND78BX, B0FVDPL2F6, B0G2PXQSD4, B0DMN31T99, B0FGJCXKQS, B0DZG8N74J, B0D2L3CC7Q, B0GCMHMWZZ, B0DKT6XPJ2, B0G2Q79PNV, B0FGJCY87X, B0DMF6XR7F, B0DZFL4BJ4, B0CYC2R63B, B0G2PLRGG4, B0FN7QFCQ1, B0CYBMK8RR, B0DT15RM7D, B0FHQFT15G, B0CP1RBF44, B0DMN5NPYT, B0DK1L4GCD, B0DMFB3LMK, B0DMF6QQ18, B0CYC498B2, B0FVDQ8WKK, B0DK1PGT6R, B0F8QQ613C, B0DK1NDWTS, B0FGJFF8K5, B0FGJFF8K3, B0F18WWV8R, B0F8VPNRVQ, B0DK1PG3ND, B0FH42Z7BW, B0FH4252P6, B0D2L1VRWB, B0G2PN49DQ, B0G2PZR51W, B0DMN8CSD3, B0G2PP8XFC, B0DMFBJN5F, B0DMN3T6K3, B0G2PHXNSG, B0DMFCFGHP, B0FVF2N9QF, B0FVDT6TXK, B0DKT6S6TH, B0CP1S538Q, B0G2PM9T87, B0DKT5CYLT, B0F8QP292B, B0DMF42VTQ, B0FN7RG947, B0DT15GYQT, B0G2Q1HBFL, B0CNV7SCJD, B0G2PWPX8V, B0G2PRDMDS, B0DKT7JQTC, B0GCLLNGVN, B0G2PJ9VCZ, B0DMN4L5SR, B0D791LCFC, B0DMF96BC6, B0CNT9KFX9, B0DKT5GFB2, B0G2NVMFYW, B0GCMJQDK5, B0DKT682SF, B0DMN44P7S, B0CYC3MWJH, B0CNT938BP, B0FGJCWYRS, B0DMF899P1, B0G2Q4Q5TJ, B0G2PPCMRJ, B0CYC65DGH, B0D2L3V73F, B0DMN5G7RB, B0DMN4K277, B0G2P831ND, B0G2Q4T1R9, B0D2L2DC5D, B0DT1939JR, B0FGJ78NXZ, B0G2QDMWZK, B0CYC2HL14, B0DT1CYWXC, B0F8TYLWNB, B0DZGCXKQR, B0CYBMMZH6, B0FVDC7PNN, B0DKT61V62, B0GCLBQX11, B0D1K5JZGK, B0FVD6KBYZ, B0G2PJY4R6, B0DMN5FGCK, B0FGJCD7YV]",amzn1.campaign.1XPGGHKQ3N3UR,"Bestsellers | 10% Off – Waist Chains, Backpacks, Clear Bags  All You Want！！！",NEOREAL,2026-07-21,2027-01-12,10.00%,5000.0,5000.0,31,800,false
"[B0DYVH97JK, B0DSFQ19B2]",amzn1.campaign.173PP03M5O2O5,270lbs Heavy Duty Pilates Bar Kit with Resistance Bands,HOXWC,2026-08-01,2026-09-30,10.00%,5000.0,5000.0,0,800,false
"[B0CNVBM6QB, B0GCLLRYD1, B0G2PPKT2L, B0D22MWLW2, B0DZMVH9N3, B0CP1R3M24, B0FGJJ3L7T, B0G2PGCWZ3, B0D22MV53G, B0DKT6DY2D, B0CNT8Z1BS, B0F8QPTXXK, B0DK1L55QC, B0G2PFM3YB, B0GCLC1VY2, B0DMF8DHJK, B0GCMPWZ9C, B0DMF7MDL4, B0DMN322CM, B0D1K25WDM, B0D1K7CLLT, B0D1K7DTRB, B0F8V81XY3, B0DK1PS4WX, B0DMF6NHKJ, B0FGJFGJNV, B0CNVBJWL1, B0DT19S9DD, B0DZMT2KPY, B0CNT8G87T, B0FHQC9LBD, B0DZMXK5DV, B0CYC4CLQQ, B0FVF5NH4M, B0D22KH5D4, B0DJSBKS1V, B0G2PM7SHH, B0DKT695C8, B0DMF6WV4C, B0G2PJTQP1, B0G2PP5N6Q, B0FVF2W6MN, B0D78X9FKL, B0D795LNV5, B0DKT57ZLS, B0DK1MYRVN, B0DMN56SHL, B0FH43Y199, B0D22LZY3V, B0DKT66TYC, B0G2PZDMTQ, B0DMF7G31Z, B0FHQBPS7W, B0G2PVG6HS, B0DT197X83, B0GCM7PMHJ, B0GCM8283H, B0DK1P1115, B0DMFC5F4Z, B0FVDSRNGR, B0DMFBGY9J, B0FN7QSFZF, B0DKT7KV6H, B0DT19H3K6, B0DMND78BX, B0FVDPL2F6, B0G2PXQSD4, B0DMN31T99, B0FGJCXKQS, B0DZG8N74J, B0D2L3CC7Q, B0GCMHMWZZ, B0DKT6XPJ2, B0G2Q79PNV, B0FGJCY87X, B0DMF6XR7F, B0DZFL4BJ4, B0CYC2R63B, B0G2PLRGG4, B0FN7QFCQ1, B0CYBMK8RR, B0DT15RM7D, B0FHQFT15G, B0CP1RBF44, B0DMN5NPYT, B0DK1L4GCD, B0DMFB3LMK, B0DMF6QQ18, B0CYC498B2, B0FVDQ8WKK, B0DK1PGT6R, B0F8QQ613C, B0DK1NDWTS, B0FGJFF8K5, B0FGJFF8K3, B0F18WWV8R, B0F8VPNRVQ, B0DK1PG3ND, B0FH42Z7BW, B0FH4252P6, B0D2L1VRWB, B0G2PN49DQ, B0G2PZR51W, B0DMN8CSD3, B0G2PP8XFC, B0DMFBJN5F, B0DMN3T6K3, B0G2PHXNSG, B0DMFCFGHP, B0FVF2N9QF, B0FVDT6TXK, B0DKT6S6TH, B0CP1S538Q, B0G2PM9T87, B0DKT5CYLT, B0F8QP292B, B0DMF42VTQ, B0FN7RG947, B0DT15GYQT, B0G2Q1HBFL, B0CNV7SCJD, B0G2PWPX8V, B0G2PRDMDS, B0DKT7JQTC, B0GCLLNGVN, B0G2PJ9VCZ, B0DMN4L5SR, B0D791LCFC, B0DMF96BC6, B0CNT9KFX9, B0DKT5GFB2, B0G2NVMFYW, B0GCMJQDK5, B0DKT682SF, B0DMN44P7S, B0CYC3MWJH, B0CNT938BP, B0FGJCWYRS, B0DMF899P1, B0G2Q4Q5TJ, B0G2PPCMRJ, B0CYC65DGH, B0D2L3V73F, B0DMN5G7RB, B0DMN4K277, B0G2P831ND, B0G2Q4T1R9, B0D2L2DC5D, B0DT1939JR, B0FGJ78NXZ, B0G2QDMWZK, B0CYC2HL14, B0DT1CYWXC, B0F8TYLWNB, B0DZGCXKQR, B0CYBMMZH6, B0FVDC7PNN, B0DKT61V62, B0GCLBQX11, B0D1K5JZGK, B0FVD6KBYZ, B0G2PJY4R6, B0DMN5FGCK, B0FGJCD7YV]",amzn1.campaign.29HO1OSJQU51H,"Bestsellers | 10% Off – Waist Chains, Backpacks, Clear Bags  All You Want！！！",NEOREAL,2026-07-21,2027-01-11,10.00%,5000.0,5000.0,31,800,false
"[B0CNVBM6QB, B0GCLLRYD1, B0G2PPKT2L, B0D22MWLW2, B0DZMVH9N3, B0CP1R3M24, B0FGJJ3L7T, B0G2PGCWZ3, B0D22MV53G, B0DKT6DY2D, B0CNT8Z1BS, B0F8QPTXXK, B0DK1L55QC, B0G2PFM3YB, B0GCLC1VY2, B0DMF8DHJK, B0GCMPWZ9C, B0DMF7MDL4, B0DMN322CM, B0D1K25WDM, B0D1K7CLLT, B0D1K7DTRB, B0F8V81XY3, B0DK1PS4WX, B0DMF6NHKJ, B0FGJFGJNV, B0CNVBJWL1, B0DT19S9DD, B0DZMT2KPY, B0CNT8G87T, B0FHQC9LBD, B0DZMXK5DV, B0CYC4CLQQ, B0FVF5NH4M, B0D22KH5D4, B0DJSBKS1V, B0G2PM7SHH, B0DKT695C8, B0DMF6WV4C, B0G2PJTQP1, B0G2PP5N6Q, B0FVF2W6MN, B0D78X9FKL, B0D795LNV5, B0DKT57ZLS, B0DK1MYRVN, B0DMN56SHL, B0FH43Y199, B0D22LZY3V, B0DKT66TYC, B0G2PZDMTQ, B0DMF7G31Z, B0FHQBPS7W, B0G2PVG6HS, B0DT197X83, B0GCM7PMHJ, B0GCM8283H, B0DK1P1115, B0DMFC5F4Z, B0FVDSRNGR, B0DMFBGY9J, B0FN7QSFZF, B0DKT7KV6H, B0DT19H3K6, B0DMND78BX, B0FVDPL2F6, B0G2PXQSD4, B0DMN31T99, B0FGJCXKQS, B0DZG8N74J, B0D2L3CC7Q, B0GCMHMWZZ, B0DKT6XPJ2, B0G2Q79PNV, B0FGJCY87X, B0DMF6XR7F, B0DZFL4BJ4, B0CYC2R63B, B0G2PLRGG4, B0FN7QFCQ1, B0CYBMK8RR, B0DT15RM7D, B0FHQFT15G, B0CP1RBF44, B0DMN5NPYT, B0DK1L4GCD, B0DMFB3LMK, B0DMF6QQ18, B0CYC498B2, B0FVDQ8WKK, B0DK1PGT6R, B0F8QQ613C, B0DK1NDWTS, B0FGJFF8K5, B0FGJFF8K3, B0F18WWV8R, B0F8VPNRVQ, B0DK1PG3ND, B0FH42Z7BW, B0FH4252P6, B0D2L1VRWB, B0G2PN49DQ, B0G2PZR51W, B0DMN8CSD3, B0G2PP8XFC, B0DMFBJN5F, B0DMN3T6K3, B0G2PHXNSG, B0DMFCFGHP, B0FVF2N9QF, B0FVDT6TXK, B0DKT6S6TH, B0CP1S538Q, B0G2PM9T87, B0DKT5CYLT, B0F8QP292B, B0DMF42VTQ, B0FN7RG947, B0DT15GYQT, B0G2Q1HBFL, B0CNV7SCJD, B0G2PWPX8V, B0G2PRDMDS, B0DKT7JQTC, B0GCLLNGVN, B0G2PJ9VCZ, B0DMN4L5SR, B0D791LCFC, B0DMF96BC6, B0CNT9KFX9, B0DKT5GFB2, B0G2NVMFYW, B0GCMJQDK5, B0DKT682SF, B0DMN44P7S, B0CYC3MWJH, B0CNT938BP, B0FGJCWYRS, B0DMF899P1, B0G2Q4Q5TJ, B0G2PPCMRJ, B0CYC65DGH, B0D2L3V73F, B0DMN5G7RB, B0DMN4K277, B0G2P831ND, B0G2Q4T1R9, B0D2L2DC5D, B0DT1939JR, B0FGJ78NXZ, B0G2QDMWZK, B0CYC2HL14, B0DT1CYWXC, B0F8TYLWNB, B0DZGCXKQR, B0CYBMMZH6, B0FVDC7PNN, B0DKT61V62, B0GCLBQX11, B0D1K5JZGK, B0FVD6KBYZ, B0G2PJY4R6, B0DMN5FGCK, B0FGJCD7YV]",amzn1.campaign.NDVWQ4QU0EI5,"Bestsellers | 10% Off – Waist Chains, Backpacks, Clear Bags  All You Want！！！",NEOREAL,2026-07-21,2027-01-10,10.00%,5000.0,5000.0,34,800,false
"[B0CNVBM6QB, B0GCLLRYD1, B0G2PPKT2L, B0D22MWLW2, B0DZMVH9N3, B0CP1R3M24, B0FGJJ3L7T, B0G2PGCWZ3, B0D22MV53G, B0DKT6DY2D, B0CNT8Z1BS, B0F8QPTXXK, B0DK1L55QC, B0G2PFM3YB, B0GCLC1VY2, B0DMF8DHJK, B0GCMPWZ9C, B0DMF7MDL4, B0DMN322CM, B0D1K25WDM, B0D1K7CLLT, B0D1K7DTRB, B0F8V81XY3, B0DK1PS4WX, B0DMF6NHKJ, B0FGJFGJNV, B0CNVBJWL1, B0DT19S9DD, B0DZMT2KPY, B0CNT8G87T, B0FHQC9LBD, B0DZMXK5DV, B0CYC4CLQQ, B0FVF5NH4M, B0D22KH5D4, B0DJSBKS1V, B0G2PM7SHH, B0DKT695C8, B0DMF6WV4C, B0G2PJTQP1, B0G2PP5N6Q, B0FVF2W6MN, B0D78X9FKL, B0D795LNV5, B0DKT57ZLS, B0DK1MYRVN, B0DMN56SHL, B0FH43Y199, B0D22LZY3V, B0DKT66TYC, B0G2PZDMTQ, B0DMF7G31Z, B0FHQBPS7W, B0G2PVG6HS, B0DT197X83, B0GCM7PMHJ, B0GCM8283H, B0DK1P1115, B0DMFC5F4Z, B0FVDSRNGR, B0DMFBGY9J, B0FN7QSFZF, B0DKT7KV6H, B0DT19H3K6, B0DMND78BX, B0FVDPL2F6, B0G2PXQSD4, B0DMN31T99, B0FGJCXKQS, B0DZG8N74J, B0D2L3CC7Q, B0GCMHMWZZ, B0DKT6XPJ2, B0G2Q79PNV, B0FGJCY87X, B0DMF6XR7F, B0DZFL4BJ4, B0CYC2R63B, B0G2PLRGG4, B0FN7QFCQ1, B0CYBMK8RR, B0DT15RM7D, B0FHQFT15G, B0CP1RBF44, B0DMN5NPYT, B0DK1L4GCD, B0DMFB3LMK, B0DMF6QQ18, B0CYC498B2, B0FVDQ8WKK, B0DK1PGT6R, B0F8QQ613C, B0DK1NDWTS, B0FGJFF8K5, B0FGJFF8K3, B0F18WWV8R, B0F8VPNRVQ, B0DK1PG3ND, B0FH42Z7BW, B0FH4252P6, B0D2L1VRWB, B0G2PN49DQ, B0G2PZR51W, B0DMN8CSD3, B0G2PP8XFC, B0DMFBJN5F, B0DMN3T6K3, B0G2PHXNSG, B0DMFCFGHP, B0FVF2N9QF, B0FVDT6TXK, B0DKT6S6TH, B0CP1S538Q, B0G2PM9T87, B0DKT5CYLT, B0F8QP292B, B0DMF42VTQ, B0FN7RG947, B0DT15GYQT, B0G2Q1HBFL, B0CNV7SCJD, B0G2PWPX8V, B0G2PRDMDS, B0DKT7JQTC, B0GCLLNGVN, B0G2PJ9VCZ, B0DMN4L5SR, B0D791LCFC, B0DMF96BC6, B0CNT9KFX9, B0DKT5GFB2, B0G2NVMFYW, B0GCMJQDK5, B0DKT682SF, B0DMN44P7S, B0CYC3MWJH, B0CNT938BP, B0FGJCWYRS, B0DMF899P1, B0G2Q4Q5TJ, B0G2PPCMRJ, B0CYC65DGH, B0D2L3V73F, B0DMN5G7RB, B0DMN4K277, B0G2P831ND, B0G2Q4T1R9, B0D2L2DC5D, B0DT1939JR, B0FGJ78NXZ, B0G2QDMWZK, B0CYC2HL14, B0DT1CYWXC, B0F8TYLWNB, B0DZGCXKQR, B0CYBMMZH6, B0FVDC7PNN, B0DKT61V62, B0GCLBQX11, B0D1K5JZGK, B0FVD6KBYZ, B0G2PJY4R6, B0DMN5FGCK, B0FGJCD7YV]",amzn1.campaign.2DC19FP076UUZ,"Bestsellers | 10% Off – Waist Chains, Backpacks, Clear Bags  All You Want！！！",NEOREAL,2026-07-21,2027-01-09,10.00%,5000.0,5000.0,32,800,false
"[B0F2T8FFX5, B0F2T8HG74, B0F2T9RB5R, B0F2TBDT6C, B0GGRN4Q7V, B0F2T9XZ5K, B0F2TBR81N, B0F2T8FFWV, B0F2TB4WZF, B0F2T9LW91, B0F2T5MYMC, B0F2T8Z26J, B0F2T9YXQP, B0GGRW58VL, B0F2T96GGJ, B0GGRKT4ZG, B0GGRRZP3N, B0F2T9DZL2, B0F2TBHJB3, B0GGRZZJLT, B0F2T9S63L, B0GGRQNM25, B0F2T9V7HQ, B0F2T74BBQ, B0GGS2WVHY, B0F2T8HT5H, B0F2T94X11, B0F2T9SQZC, B0F2TB7BKB, B0F2T95XJS, B0F2T96LPJ, B0GGRRMFJ6, B0F2T89TJ1, B0GGRMLK76, B0F2T7D768, B0F2T74HH5, B0F2T859LR, B0F2T9NGYQ, B0F2T7PGZT]",amzn1.campaign.1WZ06EZ7YB88R,Invitation Promoting FREE SOLDIER Outdoor Sweatpants Jogger Pants(Elastic Waist),FREE SOLDIER,2026-07-24,2026-09-24,10.00%,5000.0,5000.0,0,800,false
[B0GYHR4675],amzn1.campaign.1J66WGV544N5O,🔥 LONG-TERM $14.84 DEAL — EARN 15% WITHOUT CREATING CONTENT,ZIDARO,2026-07-21,2026-10-31,13.00%,5000.0,5000.0,0,800,false
"[B0D3TYLKB1, B0D3TZFDM5, B0D3TVB7J1]",amzn1.campaign.39NR24S9BR047,"10% Commision!! Tire Lock, TOP 50 Sales",MaySpare,2026-07-21,2027-01-31,10.00%,5000.0,5000.0,0,800,false
[B0GYHR4675],amzn1.campaign.DGUVWUJYEZ31,Share & Earn 15% | $14.84 ZIDARO Deal — No Content Needed,ZIDARO,2026-07-21,2026-10-31,14.00%,5000.0,5000.0,0,800,false
"[B0GHYJCSRK, B0GHYP7P5P, B0GHYN296D, B0GHYK2K4N, B0GHYKM9ZF, B0GHYM75SX, B0GHYH87RV, B0GHYWX7RF, B0GHYJFCJ4, B0GHYTBRX6, B0GHYFH8LC, B0GHYVM7ZJ, B0GHYRW45G, B0GHYFNNVH, B0GHYFVB9R, B0GHYLBRDN, B0GHYH533S, B0GHY7DS1Y, B0GHYRJZJ5, B0GHZ1LVSF, B0GHYRB5M1, B0GHYKX827, B0GHYNZWM2, B0GHYQGSD6, B0GHYWT68P, B0GHYQX7BC, B0GHYLZXWZ, B0GHYMNV6Z, B0GHYWPFDR, B0GHYJRWJM, B0GHYS3MBY, B0GHYKBY5G, B0GHYJRC74, B0GHYB6H3V, B0GHYXQ9PD, B0GHYMT8RH, B0GHYQ2YQF, B0GHYL15BV, B0GHYPQL2T, B0GHYJTCBL, B0GHYK3Q41, B0GHYY3KMK, B0GHYDRGQK, B0GHYF26PJ, B0GHZ3BDTV, B0GHYCJYDY, B0GHYH9QZ7, B0GHYK8M4M, B0GHYNNFXV, B0GHYDN7Z2, B0GHYK11H4, B0GHYK7FCD, B0GHY9VL1R, B0GHYWPF9Y, B0GHYHTMPV, B0GHYXQ9NT, B0GHYKGHD4, B0GHYDKMQH, B0GHYQ19Y9, B0GHYJWSW8, B0GHYHZ7FQ, B0GHYRG4MC, B0GHY9S9RS, B0GHYMB8B3, B0GHYG8WXC, B0GHYYDCXL]",amzn1.campaign.3FFAQG2HAIBB6,WN0698-A1,Werena,2026-07-21,2026-10-31,10.00%,5000.0,5000.0,0,800,false
"[B0GCJ51PLY, B0GCHTC1ZJ, B0GCHT9VXV, B0GCMZLCDM, B0GLFZD9NM, B0GLGC6QNJ, B0GCL4KYK9, B0GLPF255X, B0GLG79CQ4, B0G4W4GV9V, B0G93829BT, B0GLPCR9BP, B0GCM5NNMZ, B0GLHRW9H3, B0GCJY27BM, B0GCJQ3Z1T, B0GLP1NV3S, B0G93R3V24, B0GLPVHVDL, B0GLGX1N3H, B0GLP9KWZ6, B0GCGKJR27, B0G946LXT8, B0GCJT3TFD, B0G92YBGM7, B0GCJPNHSW, B0GLPKCVCT, B0GCKPWJQR, B0GCLMFNWS, B0GCHJ27MD, B0G9373N7C, B0G93SNTK8, B0G92W9GLS, B0GCGY1W7H, B0G94D8DLP, B0G936KP17, B0GLPK56BR, B0GLNTV9NR, B0GCK52LYP, B0G93P1HJJ, B0GLNDGQG2, B0GLG5JGBV, B0GLNQDJKG, B0GCMYP69P, B0GL29FX9G, B0GCJTCX5L, B0GLNGSVK6, B0GLPFMJJ4, B0GCMLL876, B0GLP8SCDQ, B0GLPHXRVM, B0GLND3LLS, B0GCM85KHB, B0GLP3JY48, B0GCLXRKCJ, B0GCHHZ2DF, B0GLPSTW7W, B0GCHWMRDX, B0GLPX3W88, B0GLPBJP3J, B0GCHWVR66, B0GCHY6PQG, B0GLHL3VNK, B0GLPY985P, B0GCJFYMBP, B0G94MW6SK, B0GCJ1NG6G, B0GLN9T4JF, B0GCK41VS3, B0GLPTQ7G5, B0GCM5TJQ2, B0GLNP2WMD]",amzn1.campaign.2ZFMQOFO7G54G,300+10%+Girl Boy Kids Nursery Classroom Wall Decals+2 month,Kidapsis,2026-07-21,2026-10-31,10.00%,5000.0,4986.34,0,800,false
"[B0FXLT7SSV, B0FV8FZPHL, B0FV8H1PFH, B0FXLY31BF, B0FV8HWWWY, B0FXLW1L4H, B0FXLVRCML, B0FV8HB5S7, B0H1HH8381, B0FV8CGK1S, B0FXLWSYJS, B0FV8CP7Y9, B0GGX28VZH, B0FV8H1XSJ, B0FXLSTSLP, B0FXLSHZX4, B0FV8F2LYS, B0FV8HNW6G, B0FXM1VVNR, B0H1HDMX96, B0FXLWXTR8, B0FXLSQ8DQ, B0FXLW4LHY, B0FXLTK3PW, B0FXLWYRS2, B0FXLWRRSL, B0FXLSY42T, B0FXLTBXNZ, B0FXLST5Y8, B0FV8K4LHR, B0FV8FD5VK, B0FV8H7N1R, B0FV8C934W, B0FV8GH453, B0H4V2JTC8, B0GSVQKW4V, B0FXLVTGYT, B0FV8J28X3, B0FXLT5HJC, B0G522S73Q, B0FXLWN5HG, B0FXLYQHCZ, B0GGXLZKHN, B0FV8FY4XB, B0FV8K54YW, B0FXLY5JG5, B0FV8FL38F, B0FV8FYL72, B0FV8JHC64]",amzn1.campaign.397ODYZSIVN59,WN0058-A1,Werena,2026-07-21,2026-10-31,10.00%,5000.0,4992.7,0,800,false
"[B0GCDP88J9, B0FC1XT955, B0FRYXWDHS, B0F3VN7PHX, B0FJWPNSSK, B0F82V7DQT, B0FC1G8M45, B0FQNPK7DC, B0GWD94Z9C, B0FL85DB4W, B0DYTSP2FR, B0F6MLWMVD, B0FJXHHF8X, B0FRLVPXB6, B0FBFM7844, B0FBG2QMKD, B0F32PLY9N, B0FR2Y9TCJ, B0F835WQM6, B0FJ5FKMWS, B0F1MZGRT6, B0DXL2RG52, B0GVNQMGNH, B0F1CCQ7XC, B0FH6KSDKM, B0DXD3NX6C, B0F832WXW5, B0GG2W1YTQ]",amzn1.campaign.1N29UG7NUWXF6,I found a super useful quilting rulers,HUIFARI,2026-07-21,2026-12-20,10.00%,5000.0,5000.0,5,800,false
"[B0GCDP88J9, B0FC1XT955, B0FRYXWDHS, B0F3VN7PHX, B0FJWPNSSK, B0F82V7DQT, B0FC1G8M45, B0FQNPK7DC, B0GWD94Z9C, B0FL85DB4W, B0DYTSP2FR, B0F6MLWMVD, B0FJXHHF8X, B0FRLVPXB6, B0FBFM7844, B0FBG2QMKD, B0F32PLY9N, B0FR2Y9TCJ, B0F835WQM6, B0FJ5FKMWS, B0F1MZGRT6, B0DXL2RG52, B0GVNQMGNH, B0F1CCQ7XC, B0FH6KSDKM, B0DXD3NX6C, B0F832WXW5, B0GG2W1YTQ]",amzn1.campaign.CNR4S6SR4VQP,I found a super useful quilting rulers,HUIFARI,2026-07-21,2026-12-21,10.00%,5000.0,5000.0,11,800,false
"[B0GCDP88J9, B0FC1XT955, B0FRYXWDHS, B0F3VN7PHX, B0FJWPNSSK, B0F82V7DQT, B0FC1G8M45, B0FQNPK7DC, B0GWD94Z9C, B0FL85DB4W, B0DYTSP2FR, B0F6MLWMVD, B0FJXHHF8X, B0FRLVPXB6, B0FBFM7844, B0FBG2QMKD, B0F32PLY9N, B0FR2Y9TCJ, B0F835WQM6, B0FJ5FKMWS, B0F1MZGRT6, B0DXL2RG52, B0GVNQMGNH, B0F1CCQ7XC, B0FH6KSDKM, B0DXD3NX6C, B0F832WXW5, B0GG2W1YTQ]",amzn1.campaign.2JDT3DFK5WVNS,I found a super useful quilting rulers,HUIFARI,2026-07-21,2026-12-22,10.00%,5000.0,5000.0,8,800,false
"[B0GDWCF25W, B0GT96FX88]",amzn1.campaign.1WSUW2LH4C5OZ,Womier L80 Wireless Gaming Keyboard,Typehaven,2026-07-21,2026-10-31,25.00%,5000.0,4971.1,0,800,false
"[B0GCDP88J9, B0FC1XT955, B0FRYXWDHS, B0F3VN7PHX, B0FJWPNSSK, B0F82V7DQT, B0FC1G8M45, B0FQNPK7DC, B0GWD94Z9C, B0FL85DB4W, B0DYTSP2FR, B0F6MLWMVD, B0FJXHHF8X, B0FRLVPXB6, B0FBFM7844, B0FBG2QMKD, B0F32PLY9N, B0FR2Y9TCJ, B0F835WQM6, B0FJ5FKMWS, B0F1MZGRT6, B0DXL2RG52, B0GVNQMGNH, B0F1CCQ7XC, B0FH6KSDKM, B0DXD3NX6C, B0F832WXW5, B0GG2W1YTQ]",amzn1.campaign.1A6YAUJB443N9,I found a super useful quilting rulers,HUIFARI,2026-07-21,2026-12-23,10.00%,5000.0,5000.0,8,800,false
"[B0DJBTMBQZ, B0F6VB77RK, B0DWFT7KVQ, B0GTTRVH51, B0F3JMVHMY, B0GYDLZX61, B0F21DNL86, B0FK9M51FM, B0DQDYW5QQ, B0F37MXH1T, B0GHFMG1X1, B0DQ4ZB63H, B0FBFPSZL1, B0FV7LR3NC, B0GYS62S3P, B0F6V3NCSP, B0DWFQM1LB, B0GYS7W4H2, B0F18D1HZT, B0F6V67W2Z, B0DQHBLJYY, B0F6V6F77D, B0FC267M7T]",amzn1.campaign.1ICXJSRZUOXTZ,Monthly sales $100000 commission 10% quilting rulers for half year,BUZHIFF,2026-07-21,2026-12-22,10.00%,5000.0,5000.0,11,800,false
"[B0DJBTMBQZ, B0F6VB77RK, B0DWFT7KVQ, B0GTTRVH51, B0F3JMVHMY, B0GYDLZX61, B0F21DNL86, B0FK9M51FM, B0DQDYW5QQ, B0F37MXH1T, B0GHFMG1X1, B0DQ4ZB63H, B0FBFPSZL1, B0FV7LR3NC, B0GYS62S3P, B0F6V3NCSP, B0DWFQM1LB, B0GYS7W4H2, B0F18D1HZT, B0F6V67W2Z, B0DQHBLJYY, B0F6V6F77D, B0FC267M7T]",amzn1.campaign.27DIRVOIX29DY,Monthly sales $100000 commission 10% quilting rulers for half year,BUZHIFF,2026-07-21,2026-12-23,10.00%,5000.0,5000.0,15,800,false
"[B0DJBTMBQZ, B0F6VB77RK, B0DWFT7KVQ, B0GTTRVH51, B0F3JMVHMY, B0GYDLZX61, B0F21DNL86, B0FK9M51FM, B0DQDYW5QQ, B0F37MXH1T, B0GHFMG1X1, B0DQ4ZB63H, B0FBFPSZL1, B0FV7LR3NC, B0GYS62S3P, B0F6V3NCSP, B0DWFQM1LB, B0GYS7W4H2, B0F18D1HZT, B0F6V67W2Z, B0DQHBLJYY, B0F6V6F77D, B0FC267M7T]",amzn1.campaign.207D6LNOWWLOW,Monthly sales $100000 commission 10% quilting rulers for half year,BUZHIFF,2026-07-21,2026-12-24,10.00%,5000.0,5000.0,30,800,false
"[B0DJBTMBQZ, B0F6VB77RK, B0DWFT7KVQ, B0GTTRVH51, B0F3JMVHMY, B0GYDLZX61, B0F21DNL86, B0FK9M51FM, B0DQDYW5QQ, B0F37MXH1T, B0GHFMG1X1, B0DQ4ZB63H, B0FBFPSZL1, B0FV7LR3NC, B0GYS62S3P, B0F6V3NCSP, B0DWFQM1LB, B0GYS7W4H2, B0F18D1HZT, B0F6V67W2Z, B0DQHBLJYY, B0F6V6F77D, B0FC267M7T]",amzn1.campaign.LSNT2NOGJ1ZK,Monthly sales $100000 commission 10% quilting rulers for half year,BUZHIFF,2026-07-21,2026-12-25,10.00%,5000.0,5000.0,20,800,false
[B0GYHR4675],amzn1.campaign.3N29V5OEJ1OLQ,🔥 EASY AMAZON DEAL TO SHARE MAGSAFE CAR MOUNT — EARN 15% COMMISSION,ZIDARO,2026-07-22,2026-10-31,15.00%,5000.0,5000.0,0,800,false
[B0GTDPKPCB],amzn1.campaign.1ZQJVI1H0FZ4O,Onycan Advanced Nail Care Pen - Daily Nail Care Campaign,Onycan,2026-07-21,2026-12-31,20.00%,5000.0,4973.4,0,800,false
"[B0F9DZ8R3R, B0F9DZ8JMD, B0F9DYZVW6, B0F9F321L5, B0F9DZ1YDN, B0F9F2WD5W, B0F9F2C936, B0F9F33WH5, B0F9F3KL47, B0F9F34VX3, B0F9DZ9VZC]",amzn1.campaign.2OESYY8T8HXWN,🏆15% Hot!! 3‑Pack Kids' No‑Show Stretch Belts &SAMPLE- 15% Comm!✨ - JASGOOD,JASGOOD,2026-07-21,2026-12-21,15.00%,50000.0,49998.8,0,800,false
[B0GVHFFMTH],amzn1.campaign.25ZMTGAYKKUM2,"Professional 8"" Fleshing Knife – 10% OFF for Limited Time!",UWBIRYO,2026-07-30,2026-12-31,10.00%,5000.0,5000.0,0,800,false
[B0GYHR4675],amzn1.campaign.2YNEM53C338Q7,Earn 15% Commission | $14.84 ZIDARO Deal — No Content Creation Required,ZIDARO,2026-07-21,2026-10-31,15.00%,5000.0,4997.38,0,800,false
"[B0BWXKPL6F, B0BWXJNTY1, B0C48V6HB2, B0CHVXPN4X, B097DRDJH4, B0CHW14LYP, B09WMXPR3G, B0CHVYLKR2, B09CD9P5TX, B07NXZJZ19, B0CHVWBM9C, B0CHVXXJSM, B096TNV9H4, B0BWXKQ4QN, B08GCPZPF6, B0B4WLD8QV, B0CHVYQ8PQ, B08JKWZR42, B091KB3M3J, B0CHVX1ZCL, B096TNT91M, B08GCN7VHT, B07P39M1JH, B0CHVZDDLZ, B096TQFPTM, B0CHVWNYGT, B0CHVWN5KH, B0CHVXTWNB]",amzn1.campaign.2TJUSI2QGR2LX,🏆 Hot!! Vintage Thin Elastic Skinny Belt & FREE SAMPLE-12% High Comm!✨- JASGOOD,JASGOOD,2026-07-21,2026-12-21,12.00%,50000.0,50000.0,0,800,false
[B0GVHFFMTH],amzn1.campaign.1H712PEKXD1ZU,"Professional 8"" Fleshing Knife – 10% OFF for Limited Time!",UWBIRYO,2026-07-29,2026-12-31,10.00%,5000.0,5000.0,7,800,false
[B0GVHFFMTH],amzn1.campaign.2S3PD2F24KJO5,"Professional 8"" Fleshing Knife – 10% OFF for Limited Time!",UWBIRYO,2026-07-28,2026-12-31,10.00%,5000.0,5000.0,9,800,false
"[B0FQJG5FHW, B0FQJG4QMJ, B0FQJG5FHQ, B0GGXDKMJH, B0FQJL73SQ, B0FQJJ3X3B, B0GL6KPJ2C, B0FQJMJ5XK, B0FQJNF8BD, B0FQJMSF1J, B0FQJLWPBF, B0FQJM58HG, B0FQJG4QMG, B0FQJGZW4W, B0FQJKQQM5, B0GGX8ZTFB, B0FQJHQD1T, B0GQ3FNYYY, B0FQJMD23Z, B0FQJLDDGS, B0FQJG5N79, B0FQJK1V8B, B0FQJN12R2, B0FQJL8LDH, B0FQJG46ST, B0FQJLNQLG, B0GL6WVBNJ, B0FQJG5L35, B0GL6KVCVH, B0FQJK31ZV, B0GL7QDS11, B0FQJKDC5P, B0FQJL16YR, B0FQJG4RJ4, B0GDWZ45W4, B0FQJLBS48, B0FQJL8P6M, B0FQJK447S, B0FQJHKG7X, B0FQJKN8VY, B0GL6L9L5W, B0FQJMXL4H, B0FQJLK9BQ, B0GL6HBB25, B0FQJN8PV2, B0GL66YB2H, B0GL6TB69L, B0FQJLQ1ZY, B0GL6JK7F1, B0FQJN4JMH, B0FQJG5S6N, B0GL6SHPX1, B0GL6QYH9G]",amzn1.campaign.2IW52PW1I1QF,WN0689-A1,Werena,2026-07-21,2026-10-31,10.00%,5000.0,4994.8,0,800,false
[B0GVHFFMTH],amzn1.campaign.28GBMJMA8Y1ER,"Professional 8"" Fleshing Knife – 10% OFF for Limited Time!",UWBIRYO,2026-07-27,2026-12-31,10.00%,5000.0,5000.0,10,800,false
"[B0DST6Q2FB, B0DSL718J9, B0DST3FBSP, B0DSL4Z4D8, B0DT3XM83Q]",amzn1.campaign.S05MXCW58YDI,"Collaborate & Earn: $5,000 budget for 10% Commission on Premium LED Headlights",FTEVAR,2026-07-21,2026-10-31,10.00%,5000.0,4991.5,0,800,false
"[B0D82WTFVQ, B0D832BT37, B0D866T9TD, B0D83DXGLF, B0D83CWTTY, B0D83NKHP6, B0D83CKZK6, B0D86MXB2B, B0D83J7QKL, B0D834JTB6, B0D83CP9S3, B0D83Q944W, B0D82ZBMB9, B0D83CN3RM, B0D867GTG7]",amzn1.campaign.VOXGUJECOYJT,🏆 Hot!!Boho Western Chain Belt & FREE SAMPLE- 12% High Comm!✨ - JASGOOD,JASGOOD,2026-07-21,2026-12-21,12.00%,50000.0,50000.0,0,800,false
[B0GVHFFMTH],amzn1.campaign.1RUCTO3XA1CO1,"Professional 8"" Fleshing Knife – 10% OFF for Limited Time!",UWBIRYO,2026-07-26,2026-12-31,10.00%,5000.0,5000.0,10,800,false
[B0GVHFFMTH],amzn1.campaign.360JIN3WZ0LUL,"Professional 8"" Fleshing Knife – 10% OFF for Limited Time!",UWBIRYO,2026-07-25,2026-12-31,10.00%,5000.0,5000.0,11,800,false
[B0GVHFFMTH],amzn1.campaign.MVC2KU4BZIYL,"Professional 8"" Fleshing Knife – 10% OFF for Limited Time!",UWBIRYO,2026-07-24,2026-12-31,10.00%,5000.0,5000.0,14,800,false
"[B07NQ2Z3ZC, B0C45DJH8Z, B0CZQHVNZX, B0D3BQQ69M, B0CD17M9MY, B0CF1XYBCW, B0CL5ZBGWY, B0CD195BJH, B0C6TP6769, B07Y4YY8FK, B0C3L83HF4, B07NVZ4DHJ, B0D3BR717Z, B0D3BR717Y, B0CZQHZT4S, B0CJ4RC9XC, B0CBPKR7K3, B0CL615QLQ, B0CD1B7Z2J, B0CL5ZKY4P, B0CF1WC1VJ, B0C2HQMXL1, B0C6TQ971Q, B0C6TPKDW4, B0CZQFKZW2, B0BTYJWV92, B07RZKTC5L, B0CL5ZZMFV, B0BMP55Q49, B0CF1WSW45, B075T7DV87, B0CZQFF6GV, B0BTYF1TFW, B0CF1VSXBC, B0CD1CK5K1, B0CF1Y45S5, B0CZQGR87D, B0D3BQWCSB, B0CZQHSB3X, B07F681WZ6, B0C3L6LBG9, B0BMNZFQ4Q, B0CF1WZKJW, B0CBPM8XZ7, B0CZQGQRJH, B0C2HTH3WB, B0CZQJW43F, B0CF1WYPC6, B07WW2V9H8, B0C45DX8P2, B0CZQGKK9W, B0BMPLMM68, B0BN3CR7X3]",amzn1.campaign.34R3XXUN7MJMR,🏆0.63″Skinny Plus Size Belts for Women &FREE SAMPLE- 12% Comm!✨ - JASGOOD,JASGOOD,2026-07-21,2026-12-31,12.00%,50000.0,50000.0,0,800,false
[B0GVHFFMTH],amzn1.campaign.CP7GITAWIHNX,"Professional 8"" Fleshing Knife – 10% OFF for Limited Time!",UWBIRYO,2026-07-23,2026-12-31,10.00%,5000.0,5000.0,14,800,false
[B0GVHFFMTH],amzn1.campaign.1E4PV4HORGMKP,"Professional 8"" Fleshing Knife – 10% OFF for Limited Time!",UWBIRYO,2026-07-22,2026-12-31,10.00%,5000.0,5000.0,9,800,false
[B0GVHFFMTH],amzn1.campaign.1M5QAEBSV54WE,"Professional 8"" Fleshing Knife – 10% OFF for Limited Time!",UWBIRYO,2026-07-21,2026-12-31,10.00%,5000.0,5000.0,9,800,false
[B0H4FT78QW],amzn1.campaign.1EW2FQZI5L8OF,YOYORY Under Eye Patches Promotion B0H4FT78QW,YOYORY,2026-07-21,2026-10-31,20.00%,5000.0,4992.08,0,800,false
[B0G43X3X3D],amzn1.campaign.2UG5VDDTL2SIZ,Vnina 12-Head Massage Gun,Vnina,2026-07-21,2026-09-30,20.00%,10000.0,10000.0,0,800,false
"[B0DZXDSSPT, B0DZXFSGNG, B0G2LDZZSX, B0FSW2JW26, B0FSW8ZPGZ, B0DZXJPLW5, B0DZXGLRGP, B0G2LFJCMB, B0DZXDNSTQ, B0DZXFZ5TW, B0FSVQS4M1, B0DZXD4PBW, B0DZXHXZZL, B0FSW13Q54, B0DZXFDJWD, B0FSVPY21D, B0GVH41QBF, B0FQJF37XW, B0FSW8P8RH, B0DZXH8Y36, B0GVH2JY8X, B0FQJKJVZY, B0DZXGXZWB, B0FSVQR5VR, B0FSVWWTSF, B0GVGY1GL7, B0GVH564J8, B0G2LGT48K, B0FQJF578C, B0DZXHQVCP, B0DZXGT673, B0DZXGNYZK, B0FSW2GMJ3, B0DZXDR3RP, B0FQJBPC63, B0DZXDWKRW, B0G2LJW1HQ, B0DZXGSY1P, B0FSVQSFVL, B0DZXG89P6, B0GH14VLFP, B0GLZGCH57, B0FSVZZW9M, B0DZXGHJV3, B0DZXFH7SV, B0DZXDQLC9, B0DZXBV7HF, B0FSW8YTQ5, B0DZXCWD9X, B0GH1FK2CD]",amzn1.campaign.CQ3RDMH7W1Y7,"🏆 Hot!! 0.7"" Thin Skinny Leather Belt & FREE SAMPLE- 12% High Comm!✨ - JASGOOD",JASGOOD,2026-07-21,2026-12-21,12.00%,50000.0,49998.56,0,800,false
[B0H35TSRVC],amzn1.campaign.3BOM5WQ64EW96,15% Commission - ZoCCee Kolinsky Sable Painting Brushes,FountLira,2026-07-21,2026-09-30,15.00%,5000.0,4995.1,0,800,false
"[B0BV1RF89N, B0CZ9H8RDP, B0CZ9GWLBW, B0C8CWRHN3, B09XH9J66W, B0CQRJQ52S, B093GF9PK8, B0BQMN4JG2, B0CQRK8YS7, B0CQRKY5BC, B0C3C6Z2L8, B0BTVDFYCJ, B0CQRLCZ49, B0BV1S37ZZ, B0BPGVZFXK, B0BTVCTLHQ, B0CQRHS7RG, B091TM84Q9, B0CQRKBDLR, B0CQRJF968, B0CZ9GXZ29, B093GGR7FV, B0CQRJ79ML, B0BRZB51L8, B0BPH1MXPF, B0CZ9H1XN3, B0BTVBJ6TW, B0BTVD4Y9S, B0BV1RJFYK, B0BQMTKCGY, B0CQRJY8VM, B0C464V3S7]",amzn1.campaign.18INZ4H079ON4,🏆 Hot!! 2/3 P Boho Stretch Straw Belt  & FREE SAMPLE- 12% High Comm!✨ - JASGOOD,JASGOOD,2026-07-21,2026-12-21,12.00%,50000.0,49998.38,0,800,false
[B0H5WGG75G],amzn1.campaign.1JYHKWPT95G1,3-in-1 Airplane Sleep Support System,jjxeqo,2026-07-21,2027-07-21,10.00%,5000.0,4996.94,0,800,false
"[B0GTBN1WSG, B0GTBMTGCK, B0GTBJJFNN, B0GTBKG3W3, B0GTBGHL5V, B0H14DR167, B0GTC12B3F, B0GTBGGVYL, B0GTBSDQR4, B0GTBMXJRR, B0GTBVHNZ5, B0GTBRRFLK, B0GTBR25JK, B0GTBY94N1, B0GTBG9XC4, B0GTBTD9C6, B0GTBX7K97, B0GTBZH988, B0GTBJKBTV, B0H4LWQB6Y, B0GTBGC14H, B0GTBN4KD4, B0GTBN6TL4, B0GTBQ46J8, B0GTBMZ9X5, B0GTBCXQPR, B0GTBNKH81, B0GTBQKMYB, B0GTBCNVVJ, B0GTBTJ3B7, B0GTBQQHYD, B0GTBXQDG6, B0GTBF3631, B0GTBSPCSB, B0GTBJK4XN, B0GTBZHW88]",amzn1.campaign.2W42YKA84JGOY,"👒Women Straw Elastic Belts with Holeless, for Casual & Vacation, 10% Off",WHIPPY,2026-07-21,2026-10-21,10.00%,6666.0,6664.8,0,800,false
"[B0FNR8RG6J, B0FNRBJ4TQ, B0FNR7WTPR, B0FNR6RPXJ, B0FNRBJ69R, B0FNR9QNMG, B0FNRBG6JY, B0FNR8Q44D, B0FNRDF8CN, B0FNR9ZVWX, B0FNRBTM6Z, B0FNR6M44J, B0FNR7H283, B0FNRF1P17, B0FNR8TN48, B0FNR8H7ZL, B0FNR99MP8, B0FNR94C9H]",amzn1.campaign.35B4YQ4K59TD1,🤠Earn 15% Commission | Vintage Western Concho Chain Belt Gifting & Collab,JKEEMI,2026-07-22,2026-12-31,15.00%,8000.0,7997.9,0,800,false
"[B0G4Z957FT, B0GVSCDYDD, B0GVSD4FK9, B0G4YWXFHK, B0G4Z2TM6Z, B0GVS6TFNV, B0G4Z2TKKF, B0GVS9GJ8V, B0G4Z97HJW, B0GVSCS5B2, B0G4Z6X31J, B0GVS5DRXM, B0GVSHHT4K, B0GVSFLY1D, B0G4Z355XC, B0GVSDMY6X, B0G4Z37M8B, B0GVS8VMN7, B0GVS91ZRD, B0GVSDD3X3, B0G4YWZQR9, B0GGGSR3H8, B0GVS8MB2L, B0G4ZDJQ32, B0GGFZ8DVW, B0GVSH2ZT9, B0G4Z32JQN, B0GVS9VJL2, B0G4ZHRJBM, B0G4Z5JHJT, B0G4ZC2RG6, B0GVS8LF3Y, B0G4Z2XLH3, B0GVS6SK13, B0GGDVCXP6, B0GVSF55R6, B0GGG8LYTH, B0GGDZ8WCX, B0GVS7RYCF, B0GGG98YKK, B0GVSCJ95Q, B0GVSCJ95R, B0GVS9SDPB, B0GVS4L7PY, B0G4YZ68CG, B0GVSCS1TK, B0G4Z95QYJ, B0GVS5YGLJ, B0G4ZL8GH6, B0GVSFJ3W9, B0GVS8DJKT, B0GGFGGJ3Z, B0G4Z999VR, B0GGG8WHQJ, B0G4Z59MX8, B0GGF7L969, B0GGFZ83XM, B0GVSH3DGK, B0GVS3VNG2, B0GVSDKLFR, B0GVSF35YR, B0GVS9XFKN, B0GVSDZ6G2, B0GVS8WWST, B0G4Z96816, B0G4YWVL5H, B0GVS8WWSQ, B0GGFQYW5T, B0G4YZ74XY, B0GVSFBBNW, B0GGGSMMP1, B0GVSFF2T1, B0GVSDW556, B0GVSFBBNZ, B0GVSDT6H9, B0GVSCNFVP, B0G4ZDKPL1, B0GGF7FY6W, B0GGDKS6ZB, B0GVSBQ8L4, B0GVSDWRGY, B0GVSDCPG7, B0GGF3ZS4Q, B0GVS9P2BR, B0GVSB1K6T, B0GVS31Z45, B0GVS5462V, B0GGDQHQQP, B0GGDL9M8B, B0GVSK23N2, B0G4Z53QC4, B0GVS1F15N, B0GVSGNSG1, B0GGFVLJXW, B0GVS5DCYW, B0GVS5KSCZ, B0G4ZDWMHD, B0GVSFHMCY, B0GVS9P5GP, B0G4Z9JFPS, B0GGDBX347, B0G4YWZQRB, B0G4Z34KY4, B0GVS88WF7, B0G4Z5CBWL, B0GGF3X5WJ, B0GVSG2DP3, B0GVSF9QPX, B0GVSCH5Y9, B0GGGKBLH3, B0G4ZDKSGH, B0GVSDXQ4F, B0GVS6DMNS, B0G4ZBZ8FC, B0G4Z6W8LQ, B0GVSCK2B8, B0GVSJ61Y7, B0G4Z94VS1, B0GVSBBQG7, B0GGDWKMXK, B0GVSBBQG9]",amzn1.campaign.3G22HZYUQ9N8W,Jowels Double-Layer Blackout Curtains - New product traffic diversion - 20off,Jowels,2026-07-21,2027-06-30,20.00%,5000.0,4971.5,0,800,false
"[B0DMF5XKQ6, B0DGG6SDGF, B0DRYJP57H, B0DW44QM3P, B0DMF167CX, B0D4QF6NLK, B0DGG84RXH, B0D4QBY6CD, B0DMF15VSZ, B0D8THYKWF, B0GQRHDH6X, B0DFKXQGGX, B0DRYKDM64, B0DGG8LJ8Y, B0DMDDM14F, B0DGG7H1V7, B0GGNGMGF2, B0DGG9331T, B0DRYK1H4L, B0GQRG79Z3, B0DMDQQM8Y, B0DRYJ81WW, B0D4QMLMG6, B0DZBS7WWN, B0DRYGWKP5, B0DRYH7V7S, B0FK4HRP2T, B0DRYHL46H, B0DRYH66DH, B0DMF4JWKB, B0DRYHVLXW, B0DRYGSRJ4, B0DMF4LFD9, B0DMD72K57, B0DGG6XH9K, B0DMF14ZQ8, B0DFGJ6YG3, B0DRYHJQGC, B0DMDKKT11, B0DMF1JQFX, B0DGG642HX, B0DMDG3TTL, B0D4Q2FWBV, B0DGG5V566, B0DMF11BC7, B0DMF3YY7X, B0DFL6XC34, B0DMF5NS3R, B0DMD5F26K, B0DRYFTNH5, B0DGG7C6T9, B0DMF124VG, B0DRYHS7VP, B0DRYJ9VZ8, B0DMDZCVRK, B0DMDZPFLF, B0D4Q2XX6M, B0DMDH8PFS, B0DMF9H11C, B0DMDYGMY1, B0GGM59SMG, B0D4QB5ZYX, B0DRYHLQNN, B0DFKW8PQF, B0DMF5MWMQ, B0D4Q859SG, B0DMF4B8M3, B0DRYH5MT6, B0DRYHFRKB, B0D4Q8WVR5, B0DGG5T42W, B0DMF394Z8, B0DGG73GSX, B0DGG5Z13B, B0DKN2QRVS, B0D4PZRK4Z, B0DGG76PL6, B0DRYHPNVJ, B0DMF4XKYY, B0DMF3C829, B0DMDZP4FV, B0GGMHSRT8, B0D4QT12WS, B0DRYJDNPQ, B0DMF6F6DK, B0DFVXGNL6, B0DGG66ZFM, B0DMF4P3NQ, B0DMF79QJT, B0F8BJJ47Q, B0DRYH4S74, B0GGMNLSJB, B0DMDP1L4M, B0D4QH76YT, B0DMDHFB7F, B0DRYJ413W, B0DMF45G91, B0DMF5SDC9, B0DMDD6RHW, B0DRYGYHY3, B0D4QJRP94, B0DRYJ7SFC, B0DPZKJ39F, B0DRYGPSQF, B0D4QK5RXQ, B0FK4KPZ2B, B0FJDSK425, B0DMDQPSS7, B0DGG71YVV, B0D4QDY92H]",amzn1.campaign.1N9NF0SY2MBXM,"【2PCS Ladies Thin Stretch Elastic Belts】Classic Gold Buckle for Summer , 12%",WHIPPY,2026-07-21,2026-10-21,12.00%,6666.0,6664.13,0,800,false
"[B0D7RPCD73, B0D7S223ZY, B0D7RGLH9P]",amzn1.campaign.1IDTH17DCG9VW,Figure 8 Resistance Band for Women,HOXWC,2026-08-01,2026-09-26,10.00%,5000.0,5000.0,0,800,false
"[B0D7RPCD73, B0D7S223ZY, B0D7RGLH9P]",amzn1.campaign.2ICX97Z7KF7LT,Figure 8 Resistance Band for Women,HOXWC,2026-08-01,2026-09-27,11.00%,5000.0,4999.17,0,800,false
"[B0D7RPCD73, B0D7S223ZY, B0D7RGLH9P]",amzn1.campaign.19J2YGC7RXP1U,Figure 8 Resistance Band for Women,HOXWC,2026-08-01,2026-09-28,10.00%,5000.0,5000.0,0,800,false
"[B0G2LG8F2G, B0FMK98N9W, B0FMKB1DF9, B0FMKBKN6D, B0FMK9CDKV, B0G2LHCNL7]",amzn1.campaign.8IMTW056TN2A,WS01 Outdoor MotionLight: 50% OFF Cordless 60-Day Battery Light,Noctila,2026-07-21,2026-11-30,10.00%,6000.0,5855.57,0,800,false
"[B0DD47FK2W, B0C4YP78Z5, B0DD463QR3, B0C9CCZ8J4, B0DD45CNTD, B0DCMQCWY9, B0DD481P3Q, B0DD442WLZ, B0C4YHX68G, B0DD48FB4C, B0DD47VRHR, B0DD48LXSW, B0C4YKG5MX, B0DD47RYHG, B0DD46KKB9, B0D8W428MT, B0DCN4BNC7, B0C4YKYC6S, B0C4YK74QL, B0C4YN7BWZ, B0DCN2HSKY, B0C9BPHXT6, B0D8W3XSCL, B0C9C2N4QF, B0DCMMBTSD, B0DD46Y62C, B0D8W3ZQQR, B0DD47PMV5, B0C9BXV71R, B0DD46L7YW, B0DD44FZ6M, B0DCNCNV45, B0C9BZ5PFB, B0DD466HY1, B0C9BYF1R8, B0DD45TXRW, B0BXGQ2C2Q, B0D8W57WY6, B0BXGKK6GK, B0BXGGCQWC, B0D8W49SYD, B0DD466YQN, B0DD451JMJ, B0DD46HGY6, B0DD4899S9]",amzn1.campaign.17WH15E5X3NYJ,👗Elevate Basic Dresses! Wide Elastic Waspie Belt Collab | 15% Commission,JKEEMI,2026-07-22,2026-12-31,15.00%,8000.0,7997.15,0,800,false
"[B0D7RPCD73, B0D7S223ZY, B0D7RGLH9P]",amzn1.campaign.1XHB7YY4WLMTJ,Figure 8 Resistance Band for Women,HOXWC,2026-08-01,2026-09-30,10.00%,5000.0,5000.0,0,800,false
"[B0GY16CDWX, B0GY1PKLLJ]",amzn1.campaign.25TZ892GWTF68,Womens 2 in 1 Running Shorts Gym Yoga Workout Athletic Shorts with Liner Pockets,Ybwhjwx,2026-07-21,2026-10-31,10.00%,5000.0,4995.8,0,800,false
"[B0GCZW18S1, B0GFDHW7BH, B0GCZQLKF3, B0GFDDRXQ4, B0GCZXQ1TQ, B0GDZJKRBZ, B0GDZCZKCX, B0GCZWWMM7, B0GFD9VF18, B0GG9ZV142, B0GDZBFCLH, B0GF17661T, B0GCZVZYYK, B0GCZLK5ZL, B0GG9QGP4K, B0GG9YSRSN, B0GDZLTYX8, B0GDZYKCVD, B0GDZFW62V, B0GDZCRQFL, B0GD129WHF, B0GDZPM968, B0GCZGBV4N, B0GF143NQR, B0GCZSNZQS, B0GG9Q9QWN, B0GFDPLR2G, B0GCZY1G9Y, B0GCZRQXQH, B0GDZJPKMJ, B0GDZPSSYP, B0GCZNJV7Q]",amzn1.campaign.226ARKK0PVE5B,Trendy Girl Wall Art,YZLYAD,2026-07-21,2026-12-31,10.00%,5000.0,5000.0,6,800,false
"[B0GYZDM847, B0GYYH32V6, B0GYYZ8TFZ, B0GYZGTQYR, B0GYZDVRCW, B0GYYHKRJ1, B0GYYH4ZT8, B0GYZ6JKVS, B0GYYQCJ29, B0GYZNHG5X, B0GYYGYQSS, B0GYZ9ZWY3, B0GYYHL4MY, B0GYZBS6Z6, B0GYYK6WJ8]",amzn1.campaign.2ZV9QKS0JE6ET,✨Get Free Samples + 15% Commission! Women's Fashion Metal Chain Belt Collab,JKEEMI,2026-07-22,2026-12-31,15.00%,8000.0,8000.0,0,800,false
"[B0GJLBJHPC, B0GJKY61SV, B0H11T49HV, B0GJKV2LXC, B0GJL4KB67, B0GJKYGCJQ, B0GJKPTQNB, B0GJL6K2LC, B0GJKYMJJD, B0GJLBHTZN]",amzn1.campaign.27M09ITPE1WST,✨Viral JKEEMI Gothic Corset Belt & Choker Set | Earn 15% Commission,JKEEMI,2026-07-22,2026-12-31,15.00%,8000.0,8000.0,0,800,false
"[B0D6QZN31T, B0D6QRLHMQ, B0D6R5DXFY, B0D6QCV8HS, B0D6QQHD1S]",amzn1.campaign.628U709ES9N2,Heavy Duty D Handle Cable Attachment,HOXWC,2026-08-01,2026-09-30,11.00%,5000.0,5000.0,0,800,false
[B0H5JCFQ7V],amzn1.campaign.3DOR3YPPNGJH7,Floral Candle Snuffers -10% Commission,thewense,2026-07-21,2027-07-21,10.00%,5000.0,5000.0,0,800,false
"[B0GHNVMM1M, B0GTXXM6BF, B0GY4FSSKV, B0GVJG1W3G, B0GMQF192C, B0GTYMN4D4, B0FH9VP2MR, B0FH9YRQJH, B0GMHMB5ZJ, B0GY3F7T6V, B0GMQVTPFS, B0GMJ72VJ3, B0GV2VFNV8, B0GMHRWCMY, B0GY3T8XSL, B0GTY456BX, B0GY3JLPJR, B0GHR7RJ6V, B0GMQ5MQKM, B0GMJ2J1SP, B0H119WN52, B0GY2W8LVV, B0GMQGH5JM, B0GHPD5TZQ, B0H11VCW7P, B0GMHSQQGH, B0GTYV8VW5, B0FH9ZXZMQ, B0GMHH5WDC, B0GMQXG2SG, B0GMQGYH7P, B0GMHWHBCR, B0FHB1XPLV, B0GTYTKRVJ, B0GY3KJG4Z, B0GV32TQSC, B0GY4DH1HP, B0GHR2TC6H, B0GMQH1QQH, B0H11S884L, B0GVJLDXVJ, B0GTY1LQV8, B0GY394M2Y, B0GTXQBFVG, B0GMHM8YH3, B0GHP2CF1M, B0GMQLX1TW, B0GHNT32FV, B0GY4H5WFS, B0GMQQX5VF, B0H11L9WDR, B0GY3BYZXB, B0GHPXTD2V, B0H11DVQY1, B0GHPRKFLQ, B0GHRKGVZT, B0GVJ8V64M, B0GMHT1FW5, B0GHQLYCKG, B0GY389R57, B0GMQPMF71, B0GVJRGVFX, B0GY4LMLPH, B0GHRDNDWW, B0GKDY8WBP, B0FH9ZM8YM, B0GVJKR5CZ, B0GV2QWCDV, B0GY3TWRW1, B0GTYWKQ3W, B0GKF12YVK, B0GY4LKGLZ, B0FH9W4Y9P, B0GMHW68P6, B0GTY72V7V, B0GY4FW3DT, B0GMQL8YKT, B0GY4J936T, B0GKDJB9BV, B0GKDGD6J8, B0H11FXPJH, B0GMJ97K22, B0GMHM2WGM, B0H11G7QRR, B0GMQKM7FH, B0GTYVV7FC, B0H11LCGHV, B0H11VGS9H, B0GHR6ZJH8, B0GMQVY97S, B0GVJWC4SW, B0GHPWXQ1N, B0GTY1YCY8, B0GY4P2J26, B0GY47SM8H, B0GV2YG6TB, B0GMQWQCGP, B0GMQV55C2, B0GY47C4X9, B0GKF2W4TM, B0GMQMN4WF, B0GKDPM4R3, B0GTY21FPJ, B0H11FX8M1, B0GTYSC435, B0GHPQCJJB, B0GMHTWBB3, B0GHNPQBTP, B0GKD91466, B0GKD91467, B0GVJM8S7D, B0GHR3WY68, B0GV2X2H89, B0GVJQMT8M, B0GHR58P9G, B0GY4R24BL, B0GMHLCG3M, B0GY4BS359, B0GVJFD3ZW, B0GKDHRXMW, B0GVJDW6JZ, B0GTY7ZT84, B0GMQLFJZG, B0GKDQ32WZ, B0GTXZT1KZ, B0GHRLG7TQ, B0GHNM2D16, B0GV2ZQ2QJ, B0GMQHXHHV, B0GY3BW7F2, B0GTXRTVYR, B0GHQ3TQS4, B0GTY65337, B0H12HPBBW, B0GV31N24X, B0GV3DWTQS, B0GHR71Q67, B0GHR9FWBV, B0GKD92X9H, B0H11Q6R1C, B0GMHWCGJN, B0GY3PXH4G, B0GTXLG9QT, B0GMHVK8YY, B0GKF414WB]",amzn1.campaign.J437TRQC1HZR,Personalized Kids Backpack!,CuziBloom,2026-07-21,2027-07-21,20.00%,5000.0,4778.01,0,800,false
"[B0H4H32VCB, B0H4GPS8S5, B0H4GPJZR1, B0H4GKXXVX, B0H4GXSZGB]",amzn1.campaign.MDN7PBJ3517N,15 20 30 40 50FT Sled Pulling Rope-彩色雪橇绳,SOHIDAS,2026-07-21,2026-11-30,15.00%,5000.0,5000.0,0,800,false
[B0H5HYM6G5],amzn1.campaign.3E6Q4VYPQ0R7C,Floral Candle Snuffers -10% Commission,thewense,2026-07-21,2027-07-21,10.00%,6000.0,6000.0,0,800,false
[B0FP4JWWBM],amzn1.campaign.25T1UUNZG309K,Vnina 2-in-1 Airflow Styler,Vnina,2026-07-21,2026-09-30,10.00%,10000.0,9985.14,0,800,false
"[B0H1QP2J2G, B0GQSF65LD, B0GQSGZDXC, B0GQT4GPXY, B0H3NC6QFP, B0H98NQRXY, B0GQSM5YJX, B0GQSMQXWW, B0GQSHKFQJ, B0GR122BQH]",amzn1.campaign.36GJZQT6BE1EN,wartering wand/20260718,HaloAmily,2026-07-21,2026-11-30,10.00%,5000.0,4996.02,0,800,false
"[B0D6QZN31T, B0D6QRLHMQ, B0D6R5DXFY, B0D6QCV8HS, B0D6QQHD1S]",amzn1.campaign.17YD44QYNCEAX,Heavy Duty D Handle Cable Attachment,HOXWC,2026-08-01,2026-09-30,10.00%,5000.0,5000.0,0,800,false
[B0H5JJHB5T],amzn1.campaign.329Z9S116Z5N9,Floral Candle Snuffers -10% Commission,thewense,2026-07-21,2027-07-21,10.00%,6000.0,6000.0,0,800,false
"[B0GX5T6SZV, B0GYN58JDD, B0GX5VCXY4]",amzn1.campaign.3SDD678ST2V99,red light therapy,Fdisayer,2026-07-21,2026-12-31,15.00%,5000.0,5000.0,0,800,false
[B0H5JDBRHX],amzn1.campaign.3JNM4ZY975CNF,Floral Candle Snuffers -10% Commission,thewense,2026-07-21,2027-07-21,10.00%,6000.0,6000.0,0,800,false
"[B0DWMW6SRS, B0DWMXKRF4, B0FM38FZZ3, B0FM38VY4V, B0DWMVTJ2Q, B0F882VRYV, B0F881QDB7, B0DWMWT61H, B0DWMX585L, B0DWMX4DWT, B0FM38B5C4, B0F882JKYX]",amzn1.campaign.1ZFVQBE0ATPJ7,JKEEMI Western Longhorn Belt | Earn 15% Commission,JKEEMI,2026-07-22,2026-12-31,15.00%,8000.0,8000.0,0,800,false
"[B0G2BC4QNN, B0G2B2TM4F, B0G44N3VDJ, B0G2B6XRDS, B0FHZXTMVQ, B0G2B924G8, B0G2B9MNJR, B0GFC9SKKJ, B0G2B88DPC, B0G11VW1T7, B0G44T3BH5, B0G4728Q9W, B0D53ZPHKP, B0GFCJZ6G9, B0G11NLJJM, B0G2BB2FCC, B0FGPL5V9G, B0G2B8BZGD, B0FL6RYX7P, B0GJ4RC9WB, B0FGP7FG6F, B0G19DRQF1, B0GSR3KLN6, B0FZHXVYC5, B0G46Y5NSB, B0G11XFKFY, B0G2B6HVQV, B0GFCNNNK1, B0G4735RKG, B0G44QBZC5, B0G2B4HGKC, B0GSQYRXL4, B0G19JXN7Q, B0FRFHXT25, B0G2B799QH, B0FRDL3WZG, B0FCM82LKZ, B0G2B6X8WR, B0G2B926V7, B0GSFRHGD4, B0FZHW15VF, B0GFC9926V, B0G7XN9G61, B0H1VR4SH9, B0FRFBX9P5, B0D53P8HNJ, B0G2BB8NL7, B0DQ21WL4P, B0H1VV39G6, B0G19DC2KR, B0DSVMWM11, B0FZHVL6LG, B0GSQMVNR1, B0GFCMG6CF, B0GFCW8VZW, B0F1XZDBK1, B0GSFHHB5Q, B0G2BBYZS1, B0G19FCJRK, B0G2B81MJW, B0FCM8RW44, B0G2B4KHJL, B0G2B5851B, B0DQ24FXMS, B0FRDJZ7TH, B0FZHK4WKS, B0GSFQJYM5, B0DM5HHNZ3, B0G2B65HDY, B0G194ZWPH, B0GSR14S3D, B0GFC4HSY3, B0G2B7KZK5, B0G2B5MPXL, B0GFCN966Z, B0G7WV2KX6, B0FGPSLN92, B0DQ24GLB9, B0FZHTQ1RP, B0GFCB4PK9, B0GFCLR88V, B0G44R74TY, B0G2B883R9, B0FZHYWJWQ, B0G29ZQMMP, B0FR91B5YG, B0D5QXH5DZ, B0FGPSJFGL, B0GSR7J2L2, B0G11K1L5F, B0FCFYSMTT, B0GJ46JR5W, B0G2BBP4TK, B0G2BCLKQY, B0GFCKHD6L, B0G44T6P48, B0G19CQSSY, B0FHWFL1KJ, B0G2B8KXVB, B0DM5GDFXJ, B0G46Y3JTK, B0G7XBJBR6, B0G44PJVCX, B0GSFM74TR, B0G127BRDR, B0G44QKTB6, B0FZHQD4BY, B0FZHXHJKM, B0GJ3XFGWK, B0G44SFW5D, B0GFCDFWKZ, B0GFCNRQ6B, B0G46Y69RC, B0FCMC5WRC, B0G2B8YLW3, B0GJ4CW66D, B0G11QBWVX, B0G7VKLGT1, B0GJ3Z2NHB, B0FR97R61T, B0FHW9P8YJ]",amzn1.campaign.JRVT908OM2QE,Rockplanet Suspension control arm,Rockplanet,2026-07-21,2027-07-01,10.00%,5000.0,4885.81,2,800,false
[B0H5J8GH3G],amzn1.campaign.224A9Z6DPTC0L,Floral Candle Snuffers -10% Commission,thewense,2026-07-21,2027-07-21,10.00%,5000.0,5000.0,0,800,false
"[B0CPLW8PZV, B0CKV6ZJ58, B0FH3QP8R5, B0FH475S7W, B0FH475GYJ, B0CKV79N6Y, B0CKV7DPS6, B0FH4PGPKH, B0BYNQYYZQ, B0FH434B81, B0BYYR9W1K, B0FH4BND6J, B0FH4PHWPB, B0D1Y4XHKC, B0D448GQDW, B0DBM647LM, B0GZJPNPVS, B0FH4PLJ5K, B0FCFMXKRY, B0DBM7HBMX, B0FH3SV75C, B0GRZSD4G8, B0BYYLPLFX, B0FH4FK6ZJ, B0DBM9KDT7, B0D1Y45MQ8, B0CPLW4G8V, B0GRZJBJVX, B0FH3JP42N, B0D44GXNMZ, B0DBM44LF3, B0FH4KDMC4, B0BYNN9JZH, B0FCFLP8K9, B0CKV7VKBB, B0FCFMHMYT]",amzn1.campaign.2GATK5GR0QOMH,Is your current full-length mirror a safety hazard? 😨,ZHUNFA,2026-07-21,2027-07-21,10.00%,5000.0,5000.0,0,800,false
[B0H5JC1JTX],amzn1.campaign.9JPN1DO1LMAH,Floral Candle Snuffers -10% Commission,thewense,2026-07-21,2027-07-21,10.00%,5000.0,5000.0,0,800,false
[B0H5JLGGV2],amzn1.campaign.HW6OA8IJ0X1V,Floral Candle Snuffers -10% Commission,thewense,2026-07-21,2027-07-21,10.00%,5000.0,5000.0,0,800,false
[B0GYHR4675],amzn1.campaign.7X6FMOX8CL5B,🚨 CREATOR-EXCLUSIVE SUMMER DEAL — JUST $14.84! MAGSAFE CAR MOUNT,ZIDARO,2026-07-21,2026-10-31,10.00%,5000.0,5000.0,0,800,false
[B0H5JSVBKV],amzn1.campaign.1CCZPRGVRJPB3,Floral Candle Snuffers -10% Commission,thewense,2026-07-21,2027-07-21,10.00%,5000.0,5000.0,0,800,false
[B0H5JMTN6D],amzn1.campaign.27SW47ZS25WEQ,Floral Candle Snuffers -10% Commission,thewense,2026-07-21,2027-07-21,10.00%,8800.0,8794.8,0,800,false
[B0GJSZYVF4],amzn1.campaign.2NVB09R1HXC38,B0GJSZYVF4-创作者自己清仓,Bakayoyo,2026-07-21,2026-09-30,10.00%,100000.0,100000.0,0,800,false
"[B0CZN35D9D, B0FP923T8M, B0FG6WQ2D3, B0FG7459WP, B0DJX69PFS, B0F3WYRT7T, B0CZN17YPF, B0FG7G9QVC, B0F3WXQHSH, B0CL9XGMKJ, B0CL9YVN7K, B0FP91G1MP, B0CL9ZT2FZ, B0CL9XKQXF, B0F3WXRHSP, B0CL9XPZ26, B0F3WWQLKH, B0F3WY8JTF, B0CL9WL4YK, B0FP8ZZKZT, B0F3WYZDCJ, B0FP92B9JV, B0CL9YB2N6, B0CL9YP318, B0CL9X9X36, B0CL9ZCX8D, B0DJX4T3FG, B0F3WZGBP6, B0F3WYCBFX, B0G5YXH7B5, B0CL9Y5X3Q, B0F3WYZ62J, B0CL9WCB65, B0CL9XSG8S, B0CL9XG54T, B0FG7913WL, B0FP934858, B0FG6FLCP5, B0CL9WZ6CG, B0CL9WYBVJ, B0CZN3W22S, B0CZN3WX9T, B0CL9XQML5, B0DJX5P6QF, B0G5YJS4YX, B0CL9VYLQ8, B0CL9ZWWJF, B0F3WWSKH8, B0CL9ZNJX7, B0CZN5VQ48, B0DJX5YTBS, B0DJX6SZFV, B0DJX63SF3, B0DJX6383T, B0FG6TV5HW, B0FG7615BC, B0DJX6SSYH, B0DPWSVYRV, B0G5YHW91S, B0CL9XB8GQ, B0FP8ZPJH6, B0CL9Y634J, B0CL9X66CH, B0F3WY2376, B0FG7CBGLL, B0G5YYR31J, B0FP91WYN2, B0CZN44RR5]",amzn1.campaign.2VHTJNMY4WWO8,⭐ Promote Women's Square Buckle Leather Belt -12% Commission & Sample !! 8423,SANSTHS,2026-07-21,2026-10-24,12.00%,30000.0,29463.53,0,800,false
"[B0CS91DSL6, B0D7LBBSB8, B0CKN88FKS, B0CS8ZMYQZ]",amzn1.campaign.2IMUEYQ0UDCVQ,Weighted Jump Rope for Fitness,HOXWC,2026-08-01,2026-09-30,11.00%,5000.0,5000.0,0,800,false
"[B0CS91DSL6, B0D7LBBSB8, B0CKN88FKS, B0CS8ZMYQZ]",amzn1.campaign.361DF00XFP3SH,Weighted Jump Rope for Fitness,HOXWC,2026-08-01,2026-09-30,10.00%,5000.0,5000.0,0,800,false
[B0H5JLLVMT],amzn1.campaign.2OLIXJU16B57X,Floral Candle Snuffers -10% Commission,thewense,2026-07-21,2027-07-21,10.00%,10000.0,10000.0,0,800,false
[B0BV243YR3],amzn1.campaign.12TKHYIEPYHWJ,19V48W-B0BV243YR3-LGMonitorAdapter-15%Comm-StandingDesk,Syfrufo,2026-07-21,2027-07-21,15.00%,5000.0,5000.0,0,800,false
[B0H5JMCF82],amzn1.campaign.17JF7GH22PNG0,Floral Candle Snuffers -10% Commission,thewense,2026-07-21,2027-07-21,10.00%,10000.0,10000.0,0,800,false
[B0H5JCFV63],amzn1.campaign.UGIFSFYSHDFR,Floral Candle Snuffers -10% Commission,thewense,2026-07-21,2027-07-21,10.00%,10000.0,10000.0,0,800,false
[B0H5JL6VCL],amzn1.campaign.LUW8ZNUEB6JQ,Floral Candle Snuffers -10% Commission,thewense,2026-07-21,2027-07-21,10.00%,10000.0,9998.7,0,800,false
[B0H5JH59SD],amzn1.campaign.3RPU04NQZ3JQC,Floral Candle Snuffers -10% Commission,thewense,2026-07-21,2027-07-21,10.00%,10000.0,10000.0,0,800,false
[B0H5JHNR88],amzn1.campaign.2OJL3Z1KTU0B3,Floral Candle Snuffers -10% Commission,thewense,2026-07-21,2027-07-21,10.00%,10000.0,10000.0,0,800,false
"[B0CGXS65BV, B0C3Z47ZRV, B0CX9C6HDQ, B0BZPWTJ1K, B0BZQ13CX1, B0DNWKKZ5Y, B0CGXR47HX, B0GWWSWZLY, B0FLDZWYSM, B0BWDHLMMK, B0CGXVSVC3, B0GGGHHXFR, B0C1HJX758, B0BZPYRRY8, B0GYPPYJ6P, B0GHGFC8TL, B0GWXBSQT8, B0FNMQ574B, B0BW5X18WQ, B0BW5HYP9W, B0D87RPH26, B0FNMNV7H4, B0DRDHHVPB, B0D87T3F6Z, B0GYRFCCGR, B0CWRYGYQ4, B0BWDDMJ8Y, B0D5BMR7GR, B0GWX8BT5Y, B0BY2WCPQ3, B0G93NHKXD, B0BWDD228Z, B0CC9TGBJN, B0DNWMTS7Q, B0GWXF35WP, B0GWX59YB7, B0GHGKPFDK, B0GHGJ79PW, B0GTGQWQ1G, B0GYQ4SX6G, B0CWRW67NS, B0BWDGZ6KN, B0CRTXRCWV, B0BY2WKSG8, B0GYR5ZR5W, B0CX9DJ1DQ, B0DRDJW9GL, B0DRDLHNP3, B0CGXSXVKR, B0D8828ZV6, B0D5BM6PVD, B0BW797JWM, B0CXQ651N4, B0BZQ2HXRL, B0BW5XTZPQ, B0D8856C32, B0GSR3TSWM, B0BW5M1Z5X, B0BY2TBXXY, B0FLDVVJJY, B0CWPJG9JM, B0D1YNM1CX, B0GHG7ZL84, B0C3Z5H3CK, B0GYPVS3SC, B0DRDJ3QSZ, B0FLDXBGQ4, B0BWDBLPVM, B0CWPFYZKN, B0C1HK52V8, B0BW5Y3B58, B0D31X8Y4W, B0BW5Y4ZR9, B0DRDHPCWP, B0GHG4D9WP, B0D87T9Z91, B0FLDXQ45S, B0GWWZ3VPT, B0D88267TQ, B0C1HJWB8M, B0FLDVVSX4, B0CXQ3S1Z7, B0D31TWQMD, B0DRDFG8C3, B0BZPYH6Q9, B0D87R4M9Q, B0D1YKPQBZ, B0GHGDTCKX, B0DNWN8D66, B0BZPX9QZK, B0C1HKZ7WV, B0FLF1CCQV, B0C3Z3NV7D, B0DNWMGV94, B0D1YN1551, B0BW5W4SBW, B0FLDY2774, B0GGGMCNG8, B0GWLMVC6L, B0BW5XC71T, B0BW5ZZWKX, B0FLDX6ZSL, B0GYQ54VG1, B0D87SL39D, B0GHGDJRY6, B0GHFYT3K4, B0CC9VBFBY, B0CXQ2KP41, B0DRDJTMKQ, B0CXQ3Q5HX, B0GHGJQKSN]",amzn1.campaign.2L879I18BISIC,Innovative Indoor Lighting & Accessories,Sewterolyn,2026-07-21,2026-10-03,10.00%,8000.0,8000.0,0,800,false
"[B0CGXS65BV, B0C3Z47ZRV, B0CX9C6HDQ, B0BZPWTJ1K, B0BZQ13CX1, B0DNWKKZ5Y, B0CGXR47HX, B0GWWSWZLY, B0FLDZWYSM, B0BWDHLMMK, B0CGXVSVC3, B0GGGHHXFR, B0C1HJX758, B0BZPYRRY8, B0GYPPYJ6P, B0GHGFC8TL, B0GWXBSQT8, B0FNMQ574B, B0BW5X18WQ, B0BW5HYP9W, B0D87RPH26, B0FNMNV7H4, B0DRDHHVPB, B0D87T3F6Z, B0GYRFCCGR, B0CWRYGYQ4, B0BWDDMJ8Y, B0D5BMR7GR, B0GWX8BT5Y, B0BY2WCPQ3, B0G93NHKXD, B0BWDD228Z, B0CC9TGBJN, B0DNWMTS7Q, B0GWXF35WP, B0GWX59YB7, B0GHGKPFDK, B0GHGJ79PW, B0GTGQWQ1G, B0GYQ4SX6G, B0CWRW67NS, B0BWDGZ6KN, B0CRTXRCWV, B0BY2WKSG8, B0GYR5ZR5W, B0CX9DJ1DQ, B0DRDJW9GL, B0DRDLHNP3, B0CGXSXVKR, B0D8828ZV6, B0D5BM6PVD, B0BW797JWM, B0CXQ651N4, B0BZQ2HXRL, B0BW5XTZPQ, B0D8856C32, B0GSR3TSWM, B0BW5M1Z5X, B0BY2TBXXY, B0FLDVVJJY, B0CWPJG9JM, B0D1YNM1CX, B0GHG7ZL84, B0C3Z5H3CK, B0GYPVS3SC, B0DRDJ3QSZ, B0FLDXBGQ4, B0BWDBLPVM, B0CWPFYZKN, B0C1HK52V8, B0BW5Y3B58, B0D31X8Y4W, B0BW5Y4ZR9, B0DRDHPCWP, B0GHG4D9WP, B0D87T9Z91, B0FLDXQ45S, B0GWWZ3VPT, B0D88267TQ, B0C1HJWB8M, B0FLDVVSX4, B0CXQ3S1Z7, B0D31TWQMD, B0DRDFG8C3, B0BZPYH6Q9, B0D87R4M9Q, B0D1YKPQBZ, B0GHGDTCKX, B0DNWN8D66, B0BZPX9QZK, B0C1HKZ7WV, B0FLF1CCQV, B0C3Z3NV7D, B0DNWMGV94, B0D1YN1551, B0BW5W4SBW, B0FLDY2774, B0GGGMCNG8, B0GWLMVC6L, B0BW5XC71T, B0BW5ZZWKX, B0FLDX6ZSL, B0GYQ54VG1, B0D87SL39D, B0GHGDJRY6, B0GHFYT3K4, B0CC9VBFBY, B0CXQ2KP41, B0DRDJTMKQ, B0CXQ3Q5HX, B0GHGJQKSN]",amzn1.campaign.F5JP6I3U0IO1,Innovative Indoor Lighting & Accessories,Sewterolyn,2026-07-21,2026-10-02,10.00%,8000.0,8000.0,15,800,false
[B0H5JH6X7Y],amzn1.campaign.1LOB0UUGT4V4J,Floral Candle Snuffers -10% Commission,thewense,2026-07-21,2027-07-21,10.00%,10000.0,10000.0,0,800,false
"[B0CGXS65BV, B0C3Z47ZRV, B0CX9C6HDQ, B0BZPWTJ1K, B0BZQ13CX1, B0DNWKKZ5Y, B0CGXR47HX, B0GWWSWZLY, B0FLDZWYSM, B0BWDHLMMK, B0CGXVSVC3, B0GGGHHXFR, B0C1HJX758, B0BZPYRRY8, B0GYPPYJ6P, B0GHGFC8TL, B0GWXBSQT8, B0FNMQ574B, B0BW5X18WQ, B0BW5HYP9W, B0D87RPH26, B0FNMNV7H4, B0DRDHHVPB, B0D87T3F6Z, B0GYRFCCGR, B0CWRYGYQ4, B0BWDDMJ8Y, B0D5BMR7GR, B0GWX8BT5Y, B0BY2WCPQ3, B0G93NHKXD, B0BWDD228Z, B0CC9TGBJN, B0DNWMTS7Q, B0GWXF35WP, B0GWX59YB7, B0GHGKPFDK, B0GHGJ79PW, B0GTGQWQ1G, B0GYQ4SX6G, B0CWRW67NS, B0BWDGZ6KN, B0CRTXRCWV, B0BY2WKSG8, B0GYR5ZR5W, B0CX9DJ1DQ, B0DRDJW9GL, B0DRDLHNP3, B0CGXSXVKR, B0D8828ZV6, B0D5BM6PVD, B0BW797JWM, B0CXQ651N4, B0BZQ2HXRL, B0BW5XTZPQ, B0D8856C32, B0GSR3TSWM, B0BW5M1Z5X, B0BY2TBXXY, B0FLDVVJJY, B0CWPJG9JM, B0D1YNM1CX, B0GHG7ZL84, B0C3Z5H3CK, B0GYPVS3SC, B0DRDJ3QSZ, B0FLDXBGQ4, B0BWDBLPVM, B0CWPFYZKN, B0C1HK52V8, B0BW5Y3B58, B0D31X8Y4W, B0BW5Y4ZR9, B0DRDHPCWP, B0GHG4D9WP, B0D87T9Z91, B0FLDXQ45S, B0GWWZ3VPT, B0D88267TQ, B0C1HJWB8M, B0FLDVVSX4, B0CXQ3S1Z7, B0D31TWQMD, B0DRDFG8C3, B0BZPYH6Q9, B0D87R4M9Q, B0D1YKPQBZ, B0GHGDTCKX, B0DNWN8D66, B0BZPX9QZK, B0C1HKZ7WV, B0FLF1CCQV, B0C3Z3NV7D, B0DNWMGV94, B0D1YN1551, B0BW5W4SBW, B0FLDY2774, B0GGGMCNG8, B0GWLMVC6L, B0BW5XC71T, B0BW5ZZWKX, B0FLDX6ZSL, B0GYQ54VG1, B0D87SL39D, B0GHGDJRY6, B0GHFYT3K4, B0CC9VBFBY, B0CXQ2KP41, B0DRDJTMKQ, B0CXQ3Q5HX, B0GHGJQKSN]",amzn1.campaign.253DZXXMZ6647,Innovative Indoor Lighting & Accessories,Sewterolyn,2026-07-21,2026-10-01,10.00%,8000.0,8000.0,15,800,false
[B0H5JGN9C9],amzn1.campaign.2BIKOTSLBZR4A,Floral Candle Snuffers -10% Commission,thewense,2026-07-21,2027-07-21,10.00%,10000.0,10000.0,0,800,false
"[B0D6MPRCZY, B0D1KDH9D5, B0D1KFHY25, B0CR7P8ST5]",amzn1.campaign.1JM3E37U8J2Z0,Adjustable Heavy Duty Pull Up Assistance Bands,HOXWC,2026-08-01,2026-09-30,10.00%,5000.0,5000.0,0,800,false
"[B0DPF96CJ4, B0DPF9J9Q1, B0DPF8PLG6, B0DPF922KQ, B0DPF8W3FJ, B0DPF9WG6G, B0DPF8QQWC, B0DPF8S6GS]",amzn1.campaign.7BTOH1PP3Q9F,Modern Olefin Outdoor Bar Stool,PURPLE LEAF,2026-07-21,2026-12-31,10.00%,5000.0,5000.0,0,800,false
"[B0CYZDN7F3, B0D6Z4WD3Z, B0D6Z4JRMW, B0DTPN1HF3, B0D6Z2FF7N, B0CYZG2XYG, B0CYZ538NG, B0DTPPND54, B0D91XMR5C, B0CYZG8YB9, B0DTPQ9BNB]",amzn1.campaign.Q2OOPF4L000E,Patio Aluminum Bar Table,PURPLE LEAF,2026-07-21,2026-12-31,10.00%,5000.0,4981.1,0,800,false
"[B0DG91HH7S, B0DG911THV, B0DG8ZXX1Q, B0DGGCMTH6, B0DG936SYC, B0DG8ZF9QC, B0DG91M9HV, B0DG91WQGJ, B0DG8ZS5R1, B0DG8ZYZJK, B0DG8YJT9F, B0DGGDNNPB, B0DG947F3L, B0DG91Q1HS]",amzn1.campaign.3RB9XX6V6AGLN,CT15羊毛袜男袜20260718,CLOSEMATE,2026-07-21,2026-10-21,10.00%,10000.0,10000.0,0,800,false
[B0H3N8CGQH],amzn1.campaign.35TX5RZAQKM54,PDRN + Volufiline + NAD + Collagen + Multi-Peptides-20%,MyTend,2026-07-21,2027-02-03,18.00%,5000.0,5000.0,0,800,false
[B0GY781GD1],amzn1.campaign.128KHRFJZ0J5D,Eye cream-red,MyTend,2026-07-21,2026-10-28,10.00%,5000.0,5000.0,0,800,false
"[B0DSKRZ6GG, B0GWQY46L3, B0GWR492RX, B0GWQWHFX5, B0D8P9YZ6S, B0GWQV69NR, B0D8PLVKF4, B0F18JRH72, B0GWR7WVQQ, B0D8PK1HZC, B0DSKT1PDY, B0D8NXLML3, B0DXK8MWS8, B0F7HGQQD1, B0F18X8LB2, B0F18XVWQY, B0F18JX6QL, B0DXKGG15W, B0F7HH132Q, B0GWR46GCS, B0GWR2VW4G, B0F534LZLQ, B0GWR6CG1L, B0GWQZQXN7, B0DSKRCHGT, B0GWR2HTMG, B0DY78JZWV, B0DXJXJBQF, B0GWR9G5GW, B0GWR3QD76, B0DSKQ4PL2, B0DY79GJQC, B0DSKRPXLV, B0GWR7XS1Q, B0DXK7KYCX, B0DSKRLVPM, B0D8P4ZVM5, B0GWQZ55R4, B0GWR3LPR5, B0D8PDPV6H, B0DXK8JXLL, B0F183LR1V, B0DSKSL18W, B0GWQVTF95, B0GWR6334B, B0GWR7DY1G, B0GWR5WH77, B0D8NY6459, B0GWQNS6QG, B0GWR6T7CG, B0F7HHBZ82, B0GWQZH9V5, B0F7HGJRLG, B0F7HKFYLT, B0GWR7PDMJ, B0F1863HHR, B0GWR4GZNY, B0DSKR7YSD, B0DXK93V1G, B0F18XRMGP, B0GWR57Y1P, B0FFYXP54M, B0DXKFL662, B0GWQTZRDY, B0F18QXM3X, B0GWR2VMXZ]",amzn1.campaign.2XC6GZMZCIIJ1,Nokecina UPF50+ Girls Long Sleeve Rash Guard Set for 3-12 Years,Nokecina,2026-07-21,2026-09-30,10.00%,5000.0,4978.54,0,800,false
"[B0H7LQSJHH, B0H8SVGL7G, B0H7LHJ41J, B0H2Y7SBD4, B0H7LJLH4Y, B0H2Y9LZB6, B0H2YB4HD4, B0H7LK4XPF, B0H7LQ2KM1, B0H7LNMHP3, B0H2YCL4JW, B0H8S5S5SM, B0H2Y81LSK, B0H7LJMW84, B0H2YF717S, B0H8SMQ9WW, B0H7LZ38VW, B0H8S8HNL7, B0H2Y9YYJ3, B0H7LJHL9C, B0H8SDN3G7]",amzn1.campaign.1P93UPXCUCSX6,M4 Wall Mounted Gazebo,PURPLE LEAF,2026-07-21,2026-10-31,10.00%,50000.0,50000.0,0,800,false
"[B0CYYYHSB8, B0FH24DFXJ, B0CNGQVR1M, B0CMTPKH35, B0CNGR5K22, B0GK5NQT5K, B0CQJ7Q1DR, B0D7C62XW8, B0CXWJ75GH, B0CCTBLR52, B0FH23G26Q, B0FH25C7NJ, B0FH25WV1L, B0CYZL7XLC, B0CYZP8CKK, B0FH252BWQ, B0CC4D2HKV, B0CYZMXPS2, B0BZGN7D1L, B0D7C4SKK9, B0CYZBFWZL, B0CNGRQF5R, B0C3LDW52X, B0D7C5L23L]",amzn1.campaign.24GII0HOV5KDD,african net sponge,RIUOTA,2026-07-21,2027-07-21,10.00%,10000.0,10000.0,0,800,false
"[B0CYYYHSB8, B0FH24DFXJ, B0CNGQVR1M, B0CMTPKH35, B0CNGR5K22, B0GK5NQT5K, B0CQJ7Q1DR, B0D7C62XW8, B0CXWJ75GH, B0CCTBLR52, B0FH23G26Q, B0FH25C7NJ, B0FH25WV1L, B0CYZL7XLC, B0CYZP8CKK, B0FH252BWQ, B0CC4D2HKV, B0CYZMXPS2, B0BZGN7D1L, B0D7C4SKK9, B0CYZBFWZL, B0CNGRQF5R, B0C3LDW52X, B0D7C5L23L]",amzn1.campaign.1SS10U96W76C6,african net sponge,RIUOTA,2026-07-21,2027-07-19,10.00%,10000.0,10000.0,6,800,false
"[B0CYYYHSB8, B0FH24DFXJ, B0CNGQVR1M, B0CMTPKH35, B0CNGR5K22, B0GK5NQT5K, B0CQJ7Q1DR, B0D7C62XW8, B0CXWJ75GH, B0CCTBLR52, B0FH23G26Q, B0FH25C7NJ, B0FH25WV1L, B0CYZL7XLC, B0CYZP8CKK, B0FH252BWQ, B0CC4D2HKV, B0CYZMXPS2, B0BZGN7D1L, B0D7C4SKK9, B0CYZBFWZL, B0CNGRQF5R, B0C3LDW52X, B0D7C5L23L]",amzn1.campaign.2UDRER3JGI8DD,african net sponge,RIUOTA,2026-07-21,2027-07-18,10.00%,10000.0,10000.0,0,800,false
"[B0CYYYHSB8, B0FH24DFXJ, B0CNGQVR1M, B0CMTPKH35, B0CNGR5K22, B0GK5NQT5K, B0CQJ7Q1DR, B0D7C62XW8, B0CXWJ75GH, B0CCTBLR52, B0FH23G26Q, B0FH25C7NJ, B0FH25WV1L, B0CYZL7XLC, B0CYZP8CKK, B0FH252BWQ, B0CC4D2HKV, B0CYZMXPS2, B0BZGN7D1L, B0D7C4SKK9, B0CYZBFWZL, B0CNGRQF5R, B0C3LDW52X, B0D7C5L23L]",amzn1.campaign.1M2Z36A5JZGQL,african net sponge,RIUOTA,2026-07-21,2027-07-17,10.00%,10000.0,10000.0,0,800,false
"[B0CYYYHSB8, B0FH24DFXJ, B0CNGQVR1M, B0CMTPKH35, B0CNGR5K22, B0GK5NQT5K, B0CQJ7Q1DR, B0D7C62XW8, B0CXWJ75GH, B0CCTBLR52, B0FH23G26Q, B0FH25C7NJ, B0FH25WV1L, B0CYZL7XLC, B0CYZP8CKK, B0FH252BWQ, B0CC4D2HKV, B0CYZMXPS2, B0BZGN7D1L, B0D7C4SKK9, B0CYZBFWZL, B0CNGRQF5R, B0C3LDW52X, B0D7C5L23L]",amzn1.campaign.174RVKCZVYV5Y,african net sponge,RIUOTA,2026-07-21,2027-07-16,10.00%,10000.0,10000.0,0,800,false
"[B0H1544WZS, B0H1XDBX8T, B0H1515DDD, B0H13D42W2, B0H1P38QHT, B0H24FDRDV, B0H114L7B4, B0GZY15GFB, B0GZSLFF4H, B0H1T6QWKD, B0H14ZKN29, B0H1KNWCLK, B0H1KHXNVG, B0H24L6P4Z, B0H152SWG4, B0H151FXHL, B0H11MCN5Z, B0H1K6D27Y, B0GZSZ9F9X, B0H1P3QFHF, B0H1TC7171, B0H1F2MDX3, B0H14V4QZF, B0GZVQYVNH, B0H24SLP47, B0H14TN7B8, B0H1X748Y2, B0H1P43MF3, B0H14YG3SX, B0H11L4SKH, B0H1XHJ141, B0H1P1SLXH, B0H1KJ7MKS, B0H1KBD5BR, B0H14YZZH2, B0GZY5N5LM, B0H1XDHBMQ, B0H1K6QDV2, B0H119TCYR, B0GZVRKLYR, B0H1K25WK1, B0GZX7GYD2, B0H1X4VGCD, B0H14XKXMB, B0H14ZFFP9, B0H1X3P1WP, B0H1P1WWSH, B0H14MMFBZ, B0H11PRQMJ, B0H11FLYC6, B0H1P99318, B0H14YTMP3, B0H1PDFMDR, B0H11GQ519, B0H1XHF8LY, B0H257MBSC, B0H1P1BW9T, B0H14W8Z4K, B0H1KB34BW, B0H1P39Q7N, B0GZVMJLH6, B0H154RLH6, B0H1KDVCXJ, B0H1TF1X4Z, B0H11G4JMJ, B0H11GRQSD, B0H1T42JH4, B0H14WPX68, B0H1PCK6NK, B0H133ML8R, B0H1P6MHBF, B0H14XCR56, B0H12FHLB5, B0H15433RN, B0H11FCZMF, B0H1T84H79, B0H1553D8H, B0H1526Q26, B0GZVV9RWF, B0H1P2W8TW, B0H1TMD6B2, B0H13HKKJV, B0H14QVVXT, B0GZYLR58P, B0H24MCN23, B0H24SP96T, B0H1K9GNHS, B0H1F38VYR, B0H13CY7D6, B0H1KK3PGS, B0H14QW9M3, B0H1NYHDGT, B0H14QZR4L, B0GZX382JL, B0H24TF6CF, B0H1T8942T, B0H11GG6LH, B0H1P3F9MV, B0GZVTJF49, B0H1TK6NSC, B0H14RFYC5, B0H1TBCV8S, B0H11SB4SM, B0H1K5NF3Z, B0H14Z3BLF, B0H14Z5VMS, B0H1XBW5BD, B0H14YHY67, B0H1SZ42Y6, B0H14WD544, B0H24NZPVX, B0H1X51TDF, B0H14TLX5X, B0H11DPM3P, B0H1F6T3MV, B0H11C2YBG, B0H11MN3X5, B0H1L59HCS, B0H11FBF7F, B0H1KF2HZ1, B0H1SWJ38F, B0H1NZ8G7C, B0H1LDJDZG, B0H11K64ZY, B0H1T95Z7C, B0H1T4ZJVC, B0H1NZWSD7, B0H1P7TVYH, B0H1K8TN2F, B0H14TDFW4, B0H14QTMGK, B0H152XNN4, B0GZVTZ7QZ, B0H1T45GM2, B0H14XW7RS, B0H1TPRZ82, B0H1P29V3F, B0GZXDKW72, B0H1TDM6ZL, B0H1K6ZN8K, B0H24PM55M, B0H1XCYG5R, B0H1K523CC, B0H151XS1B, B0H1K4WD2K, B0GZVSJWLR, B0H1THBB5C, B0H1K82BPY, B0GZXH285M, B0H11CR442, B0H153Z36N, B0H1T573V5, B0H1NVD2YR, B0H1TBG76Y, B0H1F7RKTG, B0H1P9SW4G, B0H11FXQ69, B0H1TNVTV8, B0H1XHGH1S, B0H1P56121, B0H14V7793, B0H1K8FPN6, B0H1FGKRMR, B0H1SWV4Z1, B0H1P6CP8W, B0H1X93TFM, B0H1P8J6K5, B0H1P5QYQ9, B0H11VS111, B0GZX278Z3, B0H1K1Z9KK, B0H1KR6QS6, B0H1KJQQMW, B0GZX7T4S3, B0H11TFV7W, B0GZSNXTN2, B0H1KCKR27, B0H14XY6G1, B0H24QF3H5, B0H1K6PW5W, B0H1P4FXK6, B0H1P39K47, B0H11BXFTH, B0H24TDFVN, B0H1KLZ41C, B0H24TSMGD, B0H1XHHBBR, B0H14QLD8L, B0H1P8185H, B0H1K2W8XG, B0GZVY2M57, B0H1K5VKN7, B0H1XBGLVM, B0H24WFM3K, B0H1T4TZC1, B0GZXKDRNH, B0H1521SMZ, B0H118K54V, B0H1P2JMJT, B0H1T7C11F, B0H1KM7S19, B0H11KGR7F, B0H1P7B926, B0H1P6SRMM, B0H1P9KM59, B0H1PY9237, B0GZW49ZQ8, B0H1FGPTLM, B0H1P8T7K2, B0H11FQYG9, B0H156W2HJ, B0H1K575P1, B0H1P9WZK1, B0H1K25SG8, B0H1TK52VL, B0H1P852L5, B0GZVTJSWC, B0H14PQ5MH, B0H1XBF9W9, B0H1TJZL6S, B0H1P16F8H, B0H1KBBQRY, B0H11D3G7W, B0H154645W, B0H1K58812, B0GZYC1HFJ, B0H24DBZFK, B0H1TBWT2K, B0H11G7QZL, B0H1TBWT2L, B0GZVKNQVS, B0H1X3X76W, B0H116F4H7, B0H24JN7ST, B0H1TD89QM]",amzn1.campaign.1N26TRBWRNSPY,new productss,ADIASEN,2026-07-21,2026-09-30,10.00%,5000.0,5000.0,1,800,false
"[B0GZNB1785, B0GZNCMKV7, B0GZN4CCBV, B0GZMZDF3G, B0GZN6DMLM, B0GZNDQKY6, B0GZNHQQ81, B0GZMT5MMZ, B0GZNBV5F9, B0GZN3QQNC, B0GZN9LVHX, B0GZN1TT1Y, B0GZNBTRM4, B0GZN8CFWM, B0GZN1VXCK, B0GZN91DF6, B0GZN99SC1, B0GZN8QN47, B0GZN3Q7RG, B0GZNDHSTG, B0GZNDV4NL, B0GZNCT55B, B0GZN7JQS3]",amzn1.campaign.395DI0E4RKY7P,VETLURY Merino Wool U-Neck Sweater - Flare Sleeves & Ribbed Slim Fit,VETLURY,2026-07-21,2027-05-31,15.00%,5000.0,5000.0,0,800,false
[B0H2DJ7TW4],amzn1.campaign.39EQE19DUFDC2,铜手链,Hopeicy,2026-07-21,2027-07-21,10.00%,5000.0,4998.2,0,800,false
"[B0GZN9748L, B0GZN5R8T7, B0GZN4F3DJ, B0GZN1F2P3, B0GZN7G3G3, B0GZMYK7YX, B0GZNCXRYS, B0GZMZT3K9, B0GZND51NH, B0GZN84KPR, B0GZNDTWWZ, B0GZNDPMSR, B0GZN4YPX7, B0GZNB19GW, B0GZNC5LKQ, B0GZN7GWFB, B0GZN7YT2Z, B0GZNDSWRP]",amzn1.campaign.1FBZ4N3T9TSNH,VETLURY Merino Wool Polo Sweater - Machine Washable Business Casual Knit,VETLURY,2026-07-21,2027-05-31,15.00%,5000.0,5000.0,0,800,false
[B0GXJFPBZM],amzn1.campaign.34LDWX6RFRXFA,网球手链,Hopeicy,2026-07-21,2027-07-21,10.00%,5000.0,4993.02,0,800,false
[B0H8RFCXMP],amzn1.campaign.3ECY94C3VPN1N,"Deer Antlers Headband for Women/Kids/Girls,Halloween Gifts for Girls/Adults",Ediseng,2026-07-21,2026-09-30,10.00%,11111.0,11111.0,0,800,false
[B0H8R89V3S],amzn1.campaign.2OGT5B3ACZBF4,"Deer Antlers Headband for Women/Kids/Girls,Halloween Gifts for Girls/Adults",Ediseng,2026-07-21,2026-09-30,25.00%,111111.0,111111.0,0,800,false
[B0H8R89V3S],amzn1.campaign.27D2DAIUBYMKL,"Deer Antlers Headband for Women/Kids/Girls,Halloween Gifts for Girls/Adults",Ediseng,2026-07-21,2026-09-30,20.00%,11111.0,11111.0,0,800,false
[B0H8R89V3S],amzn1.campaign.36R9RPRYROIWV,"Deer Antlers Headband for Women/Kids/Girls,Halloween Gifts for Girls/Adults",Ediseng,2026-07-21,2026-09-30,15.00%,111111.0,111111.0,0,800,false
[B0H8R89V3S],amzn1.campaign.3BB48IR7XHFS4,"Deer Antlers Headband for Women/Kids/Girls,Halloween Gifts for Girls/Adults",Ediseng,2026-07-21,2026-09-30,10.00%,11111.0,11111.0,0,800,false
"[B0H411ZCZ6, B0H3ZPML6S]",amzn1.campaign.31D9CWP053HVB,🔥 Golf & Fitness Creator Opportunity | Premium Phone Mount | 15% Commission,HCXLYP,2026-07-21,2027-07-21,15.00%,50000.0,49995.5,0,800,false
[B0H7YYW9WX],amzn1.campaign.27JSIPJK7GFH0,"2026 Wooden Skeleton Ornaments for Halloween,Creepy Skull Centerpieces for Table",Ediseng,2026-07-21,2026-09-30,25.00%,11111.0,11111.0,0,800,false
[B0H7YYW9WX],amzn1.campaign.5UA46IST7K4M,"2026 Wooden Skeleton Ornaments for Halloween,Creepy Skull Centerpieces for Table",Ediseng,2026-07-21,2026-09-30,20.00%,111111.0,111111.0,0,800,false
[B0H7YYW9WX],amzn1.campaign.36E2W4HNV0NET,"2026 Wooden Skeleton Ornaments for Halloween,Creepy Skull Centerpieces for Table",Ediseng,2026-07-21,2026-09-30,15.00%,11111.0,11111.0,0,800,false
[B0H7Z24VF1],amzn1.campaign.7M47RA2Q47Q0,"2026 Vintage Owl Ornaments for Halloween Decor,Wooden Centerpieces for Tables",Ediseng,2026-07-21,2026-09-30,17.00%,111111.0,111111.0,0,800,false
[B0H7Z24VF1],amzn1.campaign.2J0LRPS7ROTK1,"2026 Vintage Owl Ornaments for Halloween Decor,Wooden Centerpieces for Tables",Ediseng,2026-07-21,2026-09-30,15.00%,10000.0,10000.0,0,800,false
[B0H7Z24VF1],amzn1.campaign.AZ2JNVQKX5OQ,"2026 Vintage Owl Ornaments for Halloween Decor,Wooden Centerpieces for Tables",Ediseng,2026-07-21,2026-09-30,25.00%,111111.0,111095.92,0,800,false
[B0H7Z24VF1],amzn1.campaign.380622HEYK3W1,"2026 Vintage Owl Ornaments for Halloween Decor,Wooden Centerpieces for Tables",Ediseng,2026-07-21,2026-09-30,20.00%,100000.0,100000.0,0,800,false
[B0FBSDNWDH],amzn1.campaign.1A8F61KCQPTOZ,Luxury Velvet Engagement Ring Box with LED Light -------Earn 20% commission！,HONGYEXGCN,2026-07-21,2026-10-03,10.00%,8000.0,8000.0,0,800,false
[B0FBSDNWDH],amzn1.campaign.2YS1L3GP9OWO8,Luxury Velvet Engagement Ring Box with LED Light -------Earn 20% commission！,HONGYEXGCN,2026-07-21,2026-10-02,10.00%,8000.0,8000.0,0,800,false
[B0FBSDNWDH],amzn1.campaign.1VQD7N8W84KL7,Luxury Velvet Engagement Ring Box with LED Light -------Earn 20% commission！,HONGYEXGCN,2026-07-21,2026-10-01,10.00%,8000.0,8000.0,0,800,false
"[B0FMQ6X7M4, B0BCP869V1, B0BKS9GXRM, B0F6CXGLZR, B0F6CXKZMM, B0GX9RC1HF, B0GX9VXRZ7, B0BCP9ZF2X, B0BCP5HTH2, B0F6D6TR84, B0BKS89HSC, B0BKS77MBF]",amzn1.campaign.3GOVLSRV3MB6I,Foldable Toilet Sitz Bath Tub for Postpartum & Hemorrhoid Care,YYYSITZ,2026-07-28,2026-12-01,10.00%,5000.0,5000.0,7,800,false
"[B0FMQ6X7M4, B0BCP869V1, B0BKS9GXRM, B0F6CXGLZR, B0F6CXKZMM, B0GX9RC1HF, B0GX9VXRZ7, B0BCP9ZF2X, B0BCP5HTH2, B0F6D6TR84, B0BKS89HSC, B0BKS77MBF]",amzn1.campaign.2C1OVDCMRREVJ,Foldable Toilet Sitz Bath Tub for Postpartum & Hemorrhoid Care,YYYSITZ,2026-07-27,2026-12-01,10.00%,5000.0,5000.0,15,800,false
"[B0FMQ6X7M4, B0BCP869V1, B0BKS9GXRM, B0F6CXGLZR, B0F6CXKZMM, B0GX9RC1HF, B0GX9VXRZ7, B0BCP9ZF2X, B0BCP5HTH2, B0F6D6TR84, B0BKS89HSC, B0BKS77MBF]",amzn1.campaign.3NMCXF03Q8BRR,Foldable Toilet Sitz Bath Tub for Postpartum & Hemorrhoid Care,YYYSITZ,2026-07-26,2026-12-01,10.00%,5000.0,5000.0,18,800,false
"[B0FMQ6X7M4, B0BCP869V1, B0BKS9GXRM, B0F6CXGLZR, B0F6CXKZMM, B0GX9RC1HF, B0GX9VXRZ7, B0BCP9ZF2X, B0BCP5HTH2, B0F6D6TR84, B0BKS89HSC, B0BKS77MBF]",amzn1.campaign.2DYQ3QY3666DY,Foldable Toilet Sitz Bath Tub for Postpartum & Hemorrhoid Care,YYYSITZ,2026-07-25,2026-12-01,10.00%,5000.0,5000.0,16,800,false
"[B0FMQ6X7M4, B0BCP869V1, B0BKS9GXRM, B0F6CXGLZR, B0F6CXKZMM, B0GX9RC1HF, B0GX9VXRZ7, B0BCP9ZF2X, B0BCP5HTH2, B0F6D6TR84, B0BKS89HSC, B0BKS77MBF]",amzn1.campaign.3T7GBBYP4RU9L,Foldable Toilet Sitz Bath Tub for Postpartum & Hemorrhoid Care,YYYSITZ,2026-07-24,2026-12-01,10.00%,5000.0,5000.0,18,800,false
"[B0FMQ6X7M4, B0BCP869V1, B0BKS9GXRM, B0F6CXGLZR, B0F6CXKZMM, B0GX9RC1HF, B0GX9VXRZ7, B0BCP9ZF2X, B0BCP5HTH2, B0F6D6TR84, B0BKS89HSC, B0BKS77MBF]",amzn1.campaign.2MZUFN7QRC5NC,Foldable Toilet Sitz Bath Tub for Postpartum & Hemorrhoid Care,YYYSITZ,2026-07-23,2026-12-01,10.00%,5001.0,5001.0,13,800,false
"[B0FMQ6X7M4, B0BCP869V1, B0BKS9GXRM, B0F6CXGLZR, B0F6CXKZMM, B0GX9RC1HF, B0GX9VXRZ7, B0BCP9ZF2X, B0BCP5HTH2, B0F6D6TR84, B0BKS89HSC, B0BKS77MBF]",amzn1.campaign.3YEBDNBZFIDD,Foldable Toilet Sitz Bath Tub for Postpartum & Hemorrhoid Care,YYYSITZ,2026-07-22,2026-12-01,10.00%,5000.0,5000.0,21,800,false
"[B0FMQ6X7M4, B0BCP869V1, B0BKS9GXRM, B0F6CXGLZR, B0F6CXKZMM, B0GX9RC1HF, B0GX9VXRZ7, B0BCP9ZF2X, B0BCP5HTH2, B0F6D6TR84, B0BKS89HSC, B0BKS77MBF]",amzn1.campaign.JR2Z9UFX3HPG,Foldable Toilet Sitz Bath Tub for Postpartum & Hemorrhoid Care,YYYSITZ,2026-07-21,2026-12-01,10.00%,5000.0,5000.0,20,800,false
"[B0F34BT4XZ, B0F31JDHHS]",amzn1.campaign.138DZPVD529OM,🔥🔥🔥32.8% commission Bestseller cord clips for desk🔥🔥🔥,Aeebliay,2026-07-21,2027-07-21,32.80%,5000.0,4997.39,0,800,false
"[B0F34BT4XZ, B0F31JDHHS]",amzn1.campaign.24TH8AVWVBB66,🔥🔥🔥32.7% commission Bestseller cable clip🔥🔥🔥,Aeebliay,2026-07-21,2027-07-21,32.70%,5000.0,5000.0,0,800,false
"[B0F34BT4XZ, B0F31JDHHS]",amzn1.campaign.65WUK8HOSPHU,🔥🔥🔥32.6% commission Bestseller cable clamp🔥🔥🔥,Aeebliay,2026-07-21,2027-07-21,32.60%,5000.0,5000.0,0,800,false
"[B0F34BT4XZ, B0F31JDHHS]",amzn1.campaign.2S5D0E2C1HNDC,🔥🔥🔥32.5% commission Bestseller charging cord organizer🔥🔥🔥,Aeebliay,2026-07-21,2027-07-21,32.50%,5000.0,5000.0,0,800,false
"[B0F34BT4XZ, B0F31JDHHS]",amzn1.campaign.1D4LW4FMBU1X4,🔥🔥🔥32.4% commission Bestseller cute desk decor🔥🔥🔥,Aeebliay,2026-07-21,2027-07-21,32.40%,5000.0,5000.0,0,800,false
"[B0H1W95GL7, B0H1WBXH4W]",amzn1.campaign.3MTL8RFEF9JUO,"Artificial Flowers with Ground Stakes – Top Selling Item, Up to 15% Commission",BOPUSLA,2026-07-21,2027-07-21,15.00%,100000.0,99966.93,0,800,false
"[B0F742T8T5, B0F74JXTF3, B0F6MN2B1S]",amzn1.campaign.UILUS4LZIHF2,Amazon Vellum Jacket Content Creator Collaboration Program,Pilloze,2026-07-21,2027-01-17,20.00%,5000.0,5000.0,0,800,false
"[B0F742T8T5, B0F74JXTF3, B0F6MN2B1S]",amzn1.campaign.3L6B8NZSGR155,Amazon Vellum Jacket Content Creator Collaboration Program,Pilloze,2026-07-21,2027-01-16,20.00%,5000.0,5000.0,0,800,false
"[B0F742T8T5, B0F74JXTF3, B0F6MN2B1S]",amzn1.campaign.16KJK9LHRZRCX,Amazon Vellum Jacket Content Creator Collaboration Program,Pilloze,2026-07-21,2027-01-14,20.00%,5000.0,5000.0,0,800,false
"[B0F742T8T5, B0F74JXTF3, B0F6MN2B1S]",amzn1.campaign.2FEDTADB4RXY7,Amazon Vellum Jacket Content Creator Collaboration Program,Pilloze,2026-07-21,2027-01-13,20.00%,5000.0,5000.0,1,800,false
"[B0F34BT4XZ, B0F31JDHHS]",amzn1.campaign.38QR5YI2HB8LL,🔥🔥🔥32.3% commission Bestseller aesthetic desk accessories🔥🔥🔥,Aeebliay,2026-07-21,2027-07-21,32.30%,5000.0,5000.0,0,800,false
"[B0DF2ZPFRY, B0H452SG93, B0DF315D1V, B0F1MGX3LD, B0DF2Z6ZN3, B0DQGL98YN, B0DF2Z8B5F, B0DF2YT25X]",amzn1.campaign.3RZF9GY2HP9E3,"Dehumidifier Drain Hose, Heavy Duty Reusable Cuttable Drain Pipe",Boombamo,2026-07-21,2027-07-12,10.00%,18888.0,18888.0,0,800,false
"[B0GFX6WPQP, B0GXBRGPR1]",amzn1.campaign.AS8WIJQ8TS40,母婴达人,Owlcoxy,2026-07-21,2027-07-21,16.00%,100000.0,99967.25,0,800,false
"[B0DF2ZPFRY, B0H452SG93, B0DF315D1V, B0F1MGX3LD, B0DF2Z6ZN3, B0DQGL98YN, B0DF2Z8B5F, B0DF2YT25X]",amzn1.campaign.1AIYGAYNRTH95,"Dehumidifier Drain Hose, Universal Fit Threaded End Drain Tube",Boombamo,2026-07-21,2027-07-13,10.00%,18888.0,18888.0,0,800,false
"[B0DF2ZPFRY, B0H452SG93, B0DF315D1V, B0F1MGX3LD, B0DF2Z6ZN3, B0DQGL98YN, B0DF2Z8B5F, B0DF2YT25X]",amzn1.campaign.Z265VN5FIQP0,"Dehumidifier Drain Hose, High Sealing Design Avoids Water Spills",Boombamo,2026-07-21,2027-07-14,10.00%,18888.0,18888.0,0,800,false
"[B0DF2ZPFRY, B0H452SG93, B0DF315D1V, B0F1MGX3LD, B0DF2Z6ZN3, B0DQGL98YN, B0DF2Z8B5F, B0DF2YT25X]",amzn1.campaign.1ZVM07R506XBV,"Dehumidifier Drain Hose, Durable PVC Pipe for AC and Dehumidifier",Boombamo,2026-07-21,2027-07-15,10.00%,18888.0,18888.0,0,800,false
"[B0DF2ZPFRY, B0H452SG93, B0DF315D1V, B0F1MGX3LD, B0DF2Z6ZN3, B0DQGL98YN, B0DF2Z8B5F, B0DF2YT25X]",amzn1.campaign.TU4CMW0GZVX4,"Dehumidifier Drain Hose, Flexible Easy Install Indoor Drainage Pipe",Boombamo,2026-07-21,2027-07-16,10.00%,18888.0,18888.0,0,800,false
"[B0F34BT4XZ, B0F31JDHHS]",amzn1.campaign.UQ78WEXHK0Q8,🔥🔥🔥32.2% commission Bestseller desk accessories for women🔥🔥🔥,Aeebliay,2026-07-21,2027-06-30,32.20%,5000.0,5000.0,0,800,false
"[B0F742T8T5, B0F74JXTF3, B0F6MN2B1S]",amzn1.campaign.1J1Z1WVGQOHF,Amazon Vellum Jacket Content Creator Collaboration Program,Pilloze,2026-07-21,2027-01-05,20.00%,5000.0,5000.0,1,800,false
"[B0F742T8T5, B0F74JXTF3, B0F6MN2B1S]",amzn1.campaign.4JXMV2YBA85T,Amazon Vellum Jacket Content Creator Collaboration Program,Pilloze,2026-07-21,2027-01-04,20.00%,5000.0,5000.0,6,800,false
"[B0F742T8T5, B0F74JXTF3, B0F6MN2B1S]",amzn1.campaign.3KM9MHOZVPQFT,Amazon Vellum Jacket Content Creator Collaboration Program,Pilloze,2026-07-21,2027-01-03,20.00%,5000.0,5000.0,4,800,false
"[B0H5K39PX8, B0H5JYF43M, B0H5K5V2ST, B0H5JWXJYN]",amzn1.campaign.TJCB9J9Z4N7E,Trending Amazon Product Opportunity — high Commission + Long-Term Partnership,ERIUZB,2026-07-21,2027-07-21,10.00%,9999.99,9974.04,0,800,false
"[B0DF2ZPFRY, B0H452SG93, B0DF315D1V, B0F1MGX3LD, B0DF2Z6ZN3, B0DQGL98YN, B0DF2Z8B5F, B0DF2YT25X]",amzn1.campaign.1WC1KTRJJVA91,"Dehumidifier Drain Hose, Nickel-Plated Sealed Anti-Leak Replacement Hose",Boombamo,2026-07-21,2027-07-17,10.00%,18888.0,18888.0,0,800,false
"[B0DF2ZPFRY, B0H452SG93, B0DF315D1V, B0F1MGX3LD, B0DF2Z6ZN3, B0DQGL98YN, B0DF2Z8B5F, B0DF2YT25X]",amzn1.campaign.24RF2Z79QHIH7,"Dehumidifier Drain Hose, Thickened Corrosion Resistant Waterproof Tube",Boombamo,2026-07-21,2027-07-18,10.00%,18888.0,18888.0,0,800,false
"[B0F34BT4XZ, B0F31JDHHS]",amzn1.campaign.DWG2D4UA86RE,🔥🔥🔥32.1% commission Bestseller office essentials for women🔥🔥🔥,Aeebliay,2026-07-21,2027-06-30,32.10%,5000.0,5000.0,0,800,false
"[B0DF2ZPFRY, B0H452SG93, B0DF315D1V, B0F1MGX3LD, B0DF2Z6ZN3, B0DQGL98YN, B0DF2Z8B5F, B0DF2YT25X]",amzn1.campaign.3GMG4M18SA4LK,"Dehumidifier Drain Hose, Rustproof Connector for Most Dehumidifier Brands",Boombamo,2026-07-21,2027-07-19,10.00%,18888.0,18888.0,0,800,false
"[B0F742T8T5, B0F74JXTF3, B0F6MN2B1S]",amzn1.campaign.3DSQZOKK1W4UR,Amazon Vellum Jacket Content Creator Collaboration Program,Pilloze,2026-07-21,2026-12-28,20.00%,5000.0,5000.0,5,800,false
"[B0DF2ZPFRY, B0H452SG93, B0DF315D1V, B0F1MGX3LD, B0DF2Z6ZN3, B0DQGL98YN, B0DF2Z8B5F, B0DF2YT25X]",amzn1.campaign.UD00PN6DN1RG,"Dehumidifier Drain Hose, Cuttable Multi-Functional Pipe for Home & Garden",Boombamo,2026-07-21,2027-07-20,10.00%,18888.0,18888.0,0,800,false
"[B0F742T8T5, B0F74JXTF3, B0F6MN2B1S]",amzn1.campaign.3CV6CQD94K6BP,Amazon Vellum Jacket Content Creator Collaboration Program,Pilloze,2026-07-21,2026-12-26,20.00%,5000.0,5000.0,6,800,false
"[B0DF2ZPFRY, B0H452SG93, B0DF315D1V, B0F1MGX3LD, B0DF2Z6ZN3, B0DQGL98YN, B0DF2Z8B5F, B0DF2YT25X]",amzn1.campaign.2NUFJ315QB4ND,"Dehumidifier Drain Hose, 3/4"" FHT Universal Leakproof PVC Drainage Pipe",Boombamo,2026-07-21,2027-07-21,10.00%,18888.0,18888.0,0,800,false
"[B0F742T8T5, B0F74JXTF3, B0F6MN2B1S]",amzn1.campaign.36GL40RAMZXZL,Amazon Vellum Jacket Content Creator Collaboration Program,Pilloze,2026-07-21,2026-12-24,20.00%,5000.0,5000.0,7,800,false
"[B0BF4SXKFH, B0B75GYZT4]",amzn1.campaign.1BLUXY9DCTFNJ,"Sprouting Jar Kit, Cultivate Kids Curiosity of Plant Life and Growth",Boombamo,2026-07-21,2027-07-12,10.00%,18888.0,18888.0,0,800,false
"[B0F742T8T5, B0F74JXTF3, B0F6MN2B1S]",amzn1.campaign.TX4C7D6FE2H,Amazon Vellum Jacket Content Creator Collaboration Program,Pilloze,2026-07-21,2026-12-21,20.00%,5000.0,5000.0,11,800,false
"[B0BF4SXKFH, B0B75GYZT4]",amzn1.campaign.28R9MQ9SPEQ0A,"Sprouting Jar Kit, Kids Practical Tool for Vegetable Growth Observation",Boombamo,2026-07-21,2027-07-13,10.00%,18888.0,18888.0,0,800,false
"[B0BF4SXKFH, B0B75GYZT4]",amzn1.campaign.BUGH01IAYLVP,"Sprouting Jar Kit, Educational Gift for Kids Real Plant Growing Experience",Boombamo,2026-07-21,2027-07-14,10.00%,18888.0,18888.0,0,800,false
"[B0F742T8T5, B0F74JXTF3, B0F6MN2B1S]",amzn1.campaign.32BAIFBDXKMFI,Amazon Vellum Jacket Content Creator Collaboration Program,Pilloze,2026-07-21,2026-12-18,20.00%,5000.0,5000.0,7,800,false
"[B0F742T8T5, B0F74JXTF3, B0F6MN2B1S]",amzn1.campaign.1O91IJZFYEY75,Amazon Vellum Jacket Content Creator Collaboration Program,Pilloze,2026-07-21,2026-12-17,20.00%,5000.0,5000.0,5,800,false
"[B0BF4SXKFH, B0B75GYZT4]",amzn1.campaign.GLKC8HLNNEDI,"Sprouting Jar Kit, Enlightenment Tool for Kids to Explore Sprout Life Cycle",Boombamo,2026-07-21,2027-07-15,10.00%,18888.0,18888.0,0,800,false
[B0H5KGHDX6],amzn1.campaign.3RQJUGVF8DZA1,TMPETDENTAL Wart Care Patch Creator Campaign,TMPETDENTAL,2026-07-21,2027-02-28,20.00%,5000.0,5000.0,0,800,false
"[B0FRMR6MTT, B0DMDYXRT3, B0DMDWRZBP, B0FSK47GYD, B0DMDDLSK9, B0DMF31W2C, B0DMDHB6RG, B0DMDZ6S4F, B0DMDRZ28M, B0DMF9MWWZ, B0FSJZYLLS, B0DMDWQNCL, B0DMDV6T38]",amzn1.campaign.RH2CGMH5AWEX,S-20260705,KAMEILONG,2026-07-25,2026-12-31,15.00%,5000.0,5000.0,0,800,false
"[B0BF4SXKFH, B0B75GYZT4]",amzn1.campaign.N5HFL43UUNE3,"Sprouting Kit, Fun Educational Set for Kids Natural Life Growth Learning",Boombamo,2026-07-21,2027-07-16,10.00%,18888.0,18888.0,0,800,false
"[B0F742T8T5, B0F74JXTF3, B0F6MN2B1S]",amzn1.campaign.2VMP6BSFSTUVS,Amazon Vellum Jacket Content Creator Collaboration Program,Pilloze,2026-07-21,2026-12-16,20.00%,5000.0,5000.0,6,800,false
"[B0FRMR6MTT, B0DMDYXRT3, B0DMDWRZBP, B0FSK47GYD, B0DMDDLSK9, B0DMF31W2C, B0DMDHB6RG, B0DMDZ6S4F, B0DMDRZ28M, B0DMF9MWWZ, B0FSJZYLLS, B0DMDWQNCL, B0DMDV6T38]",amzn1.campaign.1DTTETGMQYTV8,S-20260704,KAMEILONG,2026-07-24,2026-12-31,15.00%,5000.0,5000.0,0,800,false
"[B0BF4SXKFH, B0B75GYZT4]",amzn1.campaign.IMY74HQ8JCXY,"Sprouting Jar Kit, Children Science Toy for Daily Plant Growth Observation",Boombamo,2026-07-21,2027-07-17,10.00%,18888.0,18888.0,0,800,false
"[B0FRMR6MTT, B0DMDYXRT3, B0DMDWRZBP, B0FSK47GYD, B0DMDDLSK9, B0DMF31W2C, B0DMDHB6RG, B0DMDZ6S4F, B0DMDRZ28M, B0DMF9MWWZ, B0FSJZYLLS, B0DMDWQNCL, B0DMDV6T38]",amzn1.campaign.1HL2I8BL6N9MM,S-20260703,KAMEILONG,2026-07-23,2026-12-31,15.00%,5000.0,5000.0,0,800,false
"[B0F742T8T5, B0F74JXTF3, B0F6MN2B1S]",amzn1.campaign.46NVXBA36GBN,Amazon Vellum Jacket Content Creator Collaboration Program,Pilloze,2026-07-21,2026-12-14,20.00%,5000.0,5000.0,11,800,false
"[B0BF4SXKFH, B0B75GYZT4]",amzn1.campaign.3SQI3W2VM1SJW,"Sprouting Jar Kit, Help Kids Witness Magical Seed Sprouting & Growth Changes",Boombamo,2026-07-21,2027-07-18,10.00%,18888.0,18888.0,0,800,false
"[B0FRMR6MTT, B0DMDYXRT3, B0DMDWRZBP, B0FSK47GYD, B0DMDDLSK9, B0DMF31W2C, B0DMDHB6RG, B0DMDZ6S4F, B0DMDRZ28M, B0DMF9MWWZ, B0FSJZYLLS, B0DMDWQNCL, B0DMDV6T38]",amzn1.campaign.WD4SYXASI9W6,S-20260702,KAMEILONG,2026-07-22,2026-12-31,15.00%,5000.0,5000.0,0,800,false
"[B0BF4SXKFH, B0B75GYZT4]",amzn1.campaign.3MN9HT7LOPC61,"Sprouting Jar Kit, Hands-on STEM Tool for Kids Plant Life Cycle Discovery",Boombamo,2026-07-21,2027-07-19,10.00%,18888.0,18888.0,0,800,false
"[B0BF4SXKFH, B0B75GYZT4]",amzn1.campaign.1ZL44RLR9AL8G,"Sprouting Jar Kit, Observe Real Mung Bean Whole Growing Process",Boombamo,2026-07-21,2027-07-20,10.00%,18888.0,18888.0,0,800,false
"[B0F742T8T5, B0F74JXTF3, B0F6MN2B1S]",amzn1.campaign.1XIIR6885VF6M,Amazon Vellum Jacket Content Creator Collaboration Program,Pilloze,2026-07-21,2026-12-11,20.00%,5000.0,5000.0,6,800,false
"[B0BF4SXKFH, B0B75GYZT4]",amzn1.campaign.2UTVWBGCAR5P8,"Sprouting Jar Kit, Kids Educational Tool for Tracking Plant Germination",Boombamo,2026-07-21,2027-07-21,10.00%,18888.0,18888.0,0,800,false
"[B0F742T8T5, B0F74JXTF3, B0F6MN2B1S]",amzn1.campaign.24IXV6G8DFO81,Amazon Vellum Jacket Content Creator Collaboration Program,Pilloze,2026-07-21,2026-12-09,20.00%,5000.0,5000.0,6,800,false
"[B0F742T8T5, B0F74JXTF3, B0F6MN2B1S]",amzn1.campaign.1XJ237FVDI6CF,Amazon Vellum Jacket Content Creator Collaboration Program,Pilloze,2026-07-21,2026-12-07,20.00%,5000.0,5000.0,7,800,false
"[B0F742T8T5, B0F74JXTF3, B0F6MN2B1S]",amzn1.campaign.QVTSWNDRS1HG,Amazon Vellum Jacket Content Creator Collaboration Program,Pilloze,2026-07-21,2026-12-03,20.00%,5000.0,5000.0,10,800,false
"[B0F5GM4YFM, B0F4X193TX]",amzn1.campaign.257U8WYOP699B,"Promotion 20% +Kojic Acid Soap with Turmeric, Vitamin C, Collagen for Dark Spot",ceedoo,2026-07-21,2027-06-09,10.00%,10000.0,9999.0,0,800,false
"[B0GFT63WZJ, B0GVF2TKPV, B0GVDXGZM5]",amzn1.campaign.JDP06ZNO3HKI,Amazon lip balm tubes Content Creator Collaboration Program,Pilloze,2026-07-30,2027-01-29,20.00%,5000.0,5000.0,0,800,false
[B0H49BPWP2],amzn1.campaign.1QUY8BNI3403K,4Pcs Magnetic 3D Corner Clamps for Cardboard Box Making,Verigud,2026-07-21,2027-07-21,10.00%,5000.0,5000.0,0,800,false
"[B0GFT63WZJ, B0GVF2TKPV, B0GVDXGZM5]",amzn1.campaign.2FFHTV5JJO93N,Amazon lip balm tubes Content Creator Collaboration Program,Pilloze,2026-07-30,2027-01-26,20.00%,5000.0,5000.0,0,800,false
"[B0CPLW8PZV, B0CKV6ZJ58, B0FH3QP8R5, B0GRZWCRD4, B0FH475S7W, B0G1HFXSTN, B0FH475GYJ, B0CKV79N6Y, B0CKV7DPS6, B0FH4PGPKH, B0BYNQYYZQ, B0FH434B81, B0BYYR9W1K, B0G1HFMVYC, B0FH4BND6J, B0FH4PHWPB, B0D1Y4XHKC, B0D448GQDW, B0G1HBFYTM, B0G1H88WPX, B0DBM647LM, B0GZJPNPVS, B0GTPCTXTD, B0FH4PLJ5K, B0FCFMXKRY, B0GRZ3KTJN, B0DBM7HBMX, B0FH3SV75C, B0GRZSD4G8, B0BYYLPLFX, B0GZJTSG52, B0FH4FK6ZJ, B0DBM9KDT7, B0GRZZW29N, B0CPLW4G8V, B0D1Y45MQ8, B0GRZJBJVX, B0FH3JP42N, B0D44GXNMZ, B0DBM44LF3, B0FH4KDMC4, B0GTNS6F6B, B0BYNN9JZH, B0FCFLP8K9, B0CKV7VKBB, B0FCFMHMYT]",amzn1.campaign.2CP7CLXUSRQ62,Stop using a subpar mirror that doesn't do you justice! 🙅‍♀️,ZHUNFA,2026-07-21,2027-07-21,11.00%,5000.0,5000.0,0,800,false
"[B0GFT63WZJ, B0GVF2TKPV, B0GVDXGZM5]",amzn1.campaign.D4M8GZEZMSS8,Amazon lip balm tubes Content Creator Collaboration Program,Pilloze,2026-07-30,2027-01-25,20.00%,5000.0,5000.0,0,800,false
[B0H3L6SRPD],amzn1.campaign.235YF40ERFO4B,Magnetic Demonstrator for Brake Pad Thickness for Service Advisors,Verigud,2026-07-21,2027-07-21,10.00%,5000.0,5000.0,0,800,false
"[B0GFT63WZJ, B0GVF2TKPV, B0GVDXGZM5]",amzn1.campaign.2PYDIZFWKGE7K,Amazon lip balm tubes Content Creator Collaboration Program,Pilloze,2026-07-30,2027-01-24,20.00%,5000.0,5000.0,0,800,false
"[B0CKV6ZJ58, B0CPLW8PZV, B0FH3QP8R5, B0GRZWCRD4, B0FH475S7W, B0G1HFXSTN, B0FH475GYJ, B0CKV79N6Y, B0CKV7DPS6, B0FH4PGPKH, B0BYNQYYZQ, B0BYYR9W1K, B0FH434B81, B0G1HFMVYC, B0FH4BND6J, B0FH4PHWPB, B0D1Y4XHKC, B0D448GQDW, B0G1HBFYTM, B0G1H88WPX, B0DBM647LM, B0GZJPNPVS, B0GTPCTXTD, B0FCFMXKRY, B0FH4PLJ5K, B0GRZ3KTJN, B0FH3SV75C, B0GRZSD4G8, B0BYYLPLFX, B0GZJTSG52, B0FH4FK6ZJ, B0GRZZW29N, B0CPLW4G8V, B0D1Y45MQ8, B0GRZJBJVX, B0DBM44LF3, B0D44GXNMZ, B0FH3JP42N, B0FH4KDMC4, B0GTNS6F6B, B0FCFLP8K9, B0BYNN9JZH, B0CKV7VKBB, B0FCFMHMYT]",amzn1.campaign.1LWVKFL3X9K3H,🌟 Elevate Your Space with ZHUANFA's Full-Length Mirror! 🌟,ZHUNFA,2026-07-21,2027-07-21,10.00%,5000.0,5000.0,0,800,false
"[B0GFT63WZJ, B0GVF2TKPV, B0GVDXGZM5]",amzn1.campaign.2DPZCMGS9211D,Amazon lip balm tubes Content Creator Collaboration Program,Pilloze,2026-07-30,2027-01-22,20.00%,5000.0,5000.0,0,800,false
[B0H1R8BXBT],amzn1.campaign.187E9XCS95RFR,"2 Pack Bracelet Design Stringing Trays, Brick Stitch Beading Tray for 6×9mm Pony",Verigud,2026-07-21,2027-07-21,10.00%,5000.0,4997.0,0,800,false
"[B0GFT63WZJ, B0GVF2TKPV, B0GVDXGZM5]",amzn1.campaign.35EMGTNCWJ0ZX,Amazon lip balm tubes Content Creator Collaboration Program,Pilloze,2026-07-30,2027-01-20,20.00%,5000.0,5000.0,0,800,false
"[B0GFT63WZJ, B0GVF2TKPV, B0GVDXGZM5]",amzn1.campaign.3M11I3O5FZ7X,Amazon lip balm tubes Content Creator Collaboration Program,Pilloze,2026-07-30,2027-01-17,20.00%,5000.0,5000.0,0,800,false
"[B0D9LWD4ZN, B0CWXHV8XS, B0CKXN1M8Z, B0C8CRGZ2R, B0CKXMVTVW]",amzn1.campaign.393XI5CQGIX06,Ankle Resistance Bands with Cuffs for Women,HOXWC,2026-08-01,2026-09-30,10.00%,5000.0,5000.0,0,800,false
[B0GX5YKCFY],amzn1.campaign.X66VGR541DJ4,Mason Jar Lid Organizer（Wide Mouth Lids）,Verigud,2026-07-21,2027-07-21,10.00%,5000.0,5000.0,0,800,false
"[B0GFT63WZJ, B0GVF2TKPV, B0GVDXGZM5]",amzn1.campaign.36WPQ3Z9KIAZ3,Amazon lip balm tubes Content Creator Collaboration Program,Pilloze,2026-07-30,2027-01-12,20.00%,5000.0,5000.0,0,800,false
"[B0GFT63WZJ, B0GVF2TKPV, B0GVDXGZM5]",amzn1.campaign.2KRDBDBO8U5O4,Amazon lip balm tubes Content Creator Collaboration Program,Pilloze,2026-07-30,2027-01-11,20.00%,5000.0,5000.0,0,800,false
[B0GX62TGKR],amzn1.campaign.B10D8ZIIYI5M,Mason Jar Lid Organizer（Regular Mouth Lids）,Verigud,2026-07-21,2027-07-21,10.00%,5000.0,5000.0,0,800,false
[B09Z1X35FB],amzn1.campaign.26Z1CZV6IGRR7,"Bestseller 10% Commission B09Z1X35FB, Cat Litter Scoop 2026",Esamploe,2026-07-22,2027-03-02,10.00%,99999.0,99999.0,0,800,false
[B09Z1X35FB],amzn1.campaign.1D8ERH71OSMJ2,"Bestseller 10% Commission B09Z1X35FB, Cat Litter Scoop 2026",Esamploe,2026-07-21,2027-02-27,10.00%,99999.0,99999.0,0,800,false
"[B0GFT63WZJ, B0GVF2TKPV, B0GVDXGZM5]",amzn1.campaign.3TW9NR3AFY8MU,Amazon lip balm tubes Content Creator Collaboration Program,Pilloze,2026-07-30,2027-01-08,20.00%,5000.0,5000.0,2,800,false
"[B0GFT63WZJ, B0GVF2TKPV, B0GVDXGZM5]",amzn1.campaign.1E6O6UIKT5J6U,Amazon lip balm tubes Content Creator Collaboration Program,Pilloze,2026-07-30,2027-01-07,20.00%,5000.0,5000.0,2,800,false
[B09Z1X35FB],amzn1.campaign.KDTBRW5WL2EC,"Bestseller 10% Commission B09Z1X35FB, Cat Litter Scoop 2026",Esamploe,2026-07-21,2027-02-28,10.00%,99999.0,99999.0,0,800,false
"[B0GFT63WZJ, B0GVF2TKPV, B0GVDXGZM5]",amzn1.campaign.1Y12K42BYZ9YD,Amazon lip balm tubes Content Creator Collaboration Program,Pilloze,2026-07-30,2027-01-02,20.00%,5000.0,5000.0,1,800,false
"[B0GFT63WZJ, B0GVF2TKPV, B0GVDXGZM5]",amzn1.campaign.1E5OFXBPH2N1S,Amazon lip balm tubes Content Creator Collaboration Program,Pilloze,2026-07-30,2026-12-31,20.00%,5000.0,5000.0,1,800,false
"[B0D87558YB, B0D873VJ9X, B0D81DM54Z, B0D87353ZT, B0D86ZDZZL, B0D873SS1G, B0D87531H2, B0D874YFW3, B0D874HJG6, B0D875HP83, B0D81DMSWX, B0D81DNC8L]",amzn1.campaign.1X8TEFIFT96Y,💝 Unique Embossed Design – JASGOOD – 12% Comms for You 🎀,JASGOOD,2026-07-21,2026-10-31,12.00%,5000.0,5000.0,0,800,false
"[B0GFT63WZJ, B0GVF2TKPV, B0GVDXGZM5]",amzn1.campaign.3SI53E3MMS8TU,Amazon lip balm tubes Content Creator Collaboration Program,Pilloze,2026-07-30,2026-12-28,20.00%,5000.0,5000.0,5,800,false
"[B0G5YW1JF4, B0G5YMXDP7, B0GX9WJ4Q4, B0G62GZKN6, B0G5YRP8PV, B0GXB23FZ7, B0G62Y1MZ4, B0G5YS7CXX, B0G62LWGMH, B0G5YVSDDP, B0G62X7Q2P, B0G5YSPTBH, B0G5YMN5JQ, B0G62GWRCL, B0G63C5QQM, B0G62NC7XF]",amzn1.campaign.3T1C7M6H55DYQ,🎁 Great Gift for Young Athletes – JASGOOD – 12% Comms – Free Samples 📦,JASGOOD,2026-07-21,2026-10-31,12.00%,5000.0,5000.0,0,800,false
"[B0GFT63WZJ, B0GVF2TKPV, B0GVDXGZM5]",amzn1.campaign.1S8EC28FG0NY2,Amazon lip balm tubes Content Creator Collaboration Program,Pilloze,2026-07-30,2026-12-25,20.00%,5000.0,5000.0,1,800,false
"[B0C84DK9L7, B0C83W3R3F, B0C846BHW2, B0CMTSLRRM, B0C84CY7YX, B0C84GKM6V, B0C84NFFXS, B0C8475VVL, B0C8492C94, B0C847Q85S, B0C849PGLN, B0C847FHWT, B0C84P8NV6, B0C84MY7D4, B0C847XWCC, B0CMTT4JM8, B0C84RFY6P, B0C8494K81]",amzn1.campaign.29J8K9OZ06HJ1,💪 Well-Constructed & Durable – JASGOOD – 12% Commission – Join Now 🎉,JASGOOD,2026-07-21,2026-10-31,12.00%,5000.0,5000.0,0,800,false
"[B0GFT63WZJ, B0GVF2TKPV, B0GVDXGZM5]",amzn1.campaign.2GPGR001H6PEE,Amazon lip balm tubes Content Creator Collaboration Program,Pilloze,2026-07-30,2026-12-22,20.00%,5000.0,5000.0,3,800,false
"[B0GFT63WZJ, B0GVF2TKPV, B0GVDXGZM5]",amzn1.campaign.2D40UP06QIL9Q,Amazon lip balm tubes Content Creator Collaboration Program,Pilloze,2026-07-30,2026-12-21,20.00%,5000.0,5000.0,3,800,false
"[B0GFT63WZJ, B0GVF2TKPV, B0GVDXGZM5]",amzn1.campaign.1HUJZY612BD89,Amazon lip balm tubes Content Creator Collaboration Program,Pilloze,2026-07-30,2026-12-18,20.00%,5000.0,5000.0,1,800,false
[B0H35LRS87],amzn1.campaign.1ZG431C3UJNNG,"Blackstone 22"" Hinged Lid Upgrade Creator Collaboration",Grilltonic,2026-07-21,2027-07-21,10.00%,1000000.0,999993.25,0,800,false
"[B0GFT63WZJ, B0GVF2TKPV, B0GVDXGZM5]",amzn1.campaign.YF63VES2GI8K,Amazon lip balm tubes Content Creator Collaboration Program,Pilloze,2026-07-30,2026-12-15,20.00%,5000.0,5000.0,6,800,false
"[B0GFT63WZJ, B0GVF2TKPV, B0GVDXGZM5]",amzn1.campaign.2RI5G4NBVDKRH,Amazon lip balm tubes Content Creator Collaboration Program,Pilloze,2026-07-30,2026-12-12,20.00%,5000.0,5000.0,3,800,false
"[B0GFT63WZJ, B0GVF2TKPV, B0GVDXGZM5]",amzn1.campaign.165SBX3ZJ9Q0I,Amazon lip balm tubes Content Creator Collaboration Program,Pilloze,2026-07-30,2026-12-10,20.00%,5000.0,5000.0,0,800,false
"[B0GFT63WZJ, B0GVF2TKPV, B0GVDXGZM5]",amzn1.campaign.2UT9BMT30GONW,Amazon lip balm tubes Content Creator Collaboration Program,Pilloze,2026-07-30,2026-12-08,20.00%,5000.0,5000.0,3,800,false
[B0GX9MN871],amzn1.campaign.2Y88WWBGGIMET,"Blackstone 22"" Griddle Carry Bag Outdoor Cooking Collaboration",Grilltonic,2026-07-21,2027-07-21,10.00%,1000000.0,999984.0,0,800,false
"[B0GFT63WZJ, B0GVF2TKPV, B0GVDXGZM5]",amzn1.campaign.1IZYE78TFSP54,Amazon lip balm tubes Content Creator Collaboration Program,Pilloze,2026-07-30,2026-12-05,20.00%,5000.0,5000.0,2,800,false
"[B0GX8D3J1P, B0GX8JYHFJ, B0GX8C39WW, B0GX846LYL, B0GX8BHNHC, B0GX84TKCZ, B0GX8H1V8B, B0GX7WDT4L, B0GX87N2TC, B0GX7ZBFJG, B0GX888VXR, B0GX8PJ4NF, B0GX844P9P, B0GX8JMMWX, B0GX8M78JH, B0GX8RXTRB, B0GX8LQ86C, B0GX8T6R17, B0GX7TWYLN, B0GX8Q6G6R, B0GX8NZN7M, B0GX8BQJPZ]",amzn1.campaign.1GSF898QI0AWF,💖 Easy On & Off Corset Belt – JASGOOD – 12% Rev Share – DM to Join,JASGOOD,2026-07-21,2026-10-31,12.00%,5000.0,5000.0,0,800,false
"[B0GFT63WZJ, B0GVF2TKPV, B0GVDXGZM5]",amzn1.campaign.1DXIJADPRAT9U,Amazon lip balm tubes Content Creator Collaboration Program,Pilloze,2026-07-30,2026-12-01,20.00%,5000.0,5000.0,0,800,false
"[B0BGX95WW3, B0FW5FPGCC, B0FW5MGKLR, B07QT87R5T, B0791CFKPY, B0FBMNCPWF, B09TX9R5XL, B0BQ3931SV, B0FBRK396L, B07DS7PLLC, B0FWC8H5JW, B0FBRGZ8CF, B0FXDYGGR5, B0FWBZ7SVY, B0D8YC8WM1, B0FBRK6TBN, B0FWCX93DD, B0FBRZ4RFB, B0FBRRYY13, B0FBMKTCK3, B0FW5CZFL1, B0H9CXZMBV, B0FW5JMQXQ, B0FWC8J1DY, B0FBMMWQH1, B0FBMG2HG3, B0G5LTZ2WD, B0FXF1VLMG, B0GZPGGKFK, B0FW5GCF16, B0FBMMHKTJ, B0FBRZ2MBR, B0FBS3YTTC, B0FBRQDYLZ, B0FBRKCMBZ, B0G5N4K16N, B0G5LRW1S8, B0FW4YYKKQ, B0BXNN7KHX, B0FBS2FGCD, B0FW4T753L, B0FW5KV6TL, B0FBMFB12J, B0BNW14LF9, B0FBS41LSM, B0FBRZ538S, B0FW5FKN5L, B0C88FYFK7, B0FXDX85D2, B0FBS1XX62, B0FBRS2J89, B0FWCX78FH, B0FBS2HMM8, B0G5N5NBTX, B0B5G6GH6T, B0FBS6CYYS, B0FBRKDQQN, B0FBS57LF3, B0FBRX6YXP, B08VWMJY62, B09TXCR2KH, B0FW5F7YJ1, B0GG66V1YM, B07RBP3ZKX, B0G5MZFLNT, B0G5LFWJXN, B0FBRY3SS9, B0FBMK3TPD, B0FBS2FFH7, B0FBRP5PJX, B09WDJR9S1, B0FBS1R5WH, B0BHSLZQRL, B0FW5J53ZK, B0FW5MSP86, B0FBS6M3KD, B0FWC4R5V7]",amzn1.campaign.1915G7IWZZVZ3,Exclusive Opportunity: Promote Kingsons Bags  – Earn commission!,Kingsons,2026-07-21,2026-11-02,15.00%,50000.0,50000.0,0,800,false
"[B0BGX95WW3, B0FW5FPGCC, B0FW5MGKLR, B07QT87R5T, B0791CFKPY, B0FBMNCPWF, B09TX9R5XL, B0BQ3931SV, B0FBRK396L, B07DS7PLLC, B0FWC8H5JW, B0FBRGZ8CF, B0FXDYGGR5, B0FWBZ7SVY, B0D8YC8WM1, B0FBRK6TBN, B0FWCX93DD, B0FBRZ4RFB, B0FBRRYY13, B0FBMKTCK3, B0FW5CZFL1, B0H9CXZMBV, B0FW5JMQXQ, B0FWC8J1DY, B0FBMMWQH1, B0FBMG2HG3, B0G5LTZ2WD, B0FXF1VLMG, B0GZPGGKFK, B0FW5GCF16, B0FBMMHKTJ, B0FBRZ2MBR, B0FBS3YTTC, B0FBRQDYLZ, B0FBRKCMBZ, B0G5N4K16N, B0G5LRW1S8, B0FW4YYKKQ, B0BXNN7KHX, B0FBS2FGCD, B0FW4T753L, B0FW5KV6TL, B0FBMFB12J, B0BNW14LF9, B0FBS41LSM, B0FBRZ538S, B0FW5FKN5L, B0C88FYFK7, B0FXDX85D2, B0FBS1XX62, B0FBRS2J89, B0FWCX78FH, B0FBS2HMM8, B0G5N5NBTX, B0B5G6GH6T, B0FBS6CYYS, B0FBRKDQQN, B0FBS57LF3, B0FBRX6YXP, B08VWMJY62, B09TXCR2KH, B0FW5F7YJ1, B0GG66V1YM, B07RBP3ZKX, B0G5MZFLNT, B0G5LFWJXN, B0FBRY3SS9, B0FBMK3TPD, B0FBS2FFH7, B0FBRP5PJX, B09WDJR9S1, B0FBS1R5WH, B0BHSLZQRL, B0FW5J53ZK, B0FW5MSP86, B0FBS6M3KD, B0FWC4R5V7]",amzn1.campaign.81RNM1FS1HZR,Exclusive Opportunity: Promote Kingsons Bags  – Earn commission!,Kingsons,2026-07-21,2026-11-02,14.00%,50000.0,50000.0,11,800,false
"[B0GFT63WZJ, B0GVF2TKPV, B0GVDXGZM5]",amzn1.campaign.Y70GE4LYWTXG,Amazon lip balm tubes Content Creator Collaboration Program,Pilloze,2026-07-29,2027-01-31,20.00%,5000.0,5000.0,0,800,false
"[B0BGX95WW3, B0FW5FPGCC, B0FW5MGKLR, B07QT87R5T, B0791CFKPY, B0FBMNCPWF, B09TX9R5XL, B0BQ3931SV, B0FBRK396L, B07DS7PLLC, B0FWC8H5JW, B0FBRGZ8CF, B0FXDYGGR5, B0FWBZ7SVY, B0D8YC8WM1, B0FBRK6TBN, B0FWCX93DD, B0FBRZ4RFB, B0FBRRYY13, B0FBMKTCK3, B0FW5CZFL1, B0H9CXZMBV, B0FW5JMQXQ, B0FWC8J1DY, B0FBMMWQH1, B0FBMG2HG3, B0G5LTZ2WD, B0FXF1VLMG, B0GZPGGKFK, B0FW5GCF16, B0FBMMHKTJ, B0FBRZ2MBR, B0FBS3YTTC, B0FBRQDYLZ, B0FBRKCMBZ, B0G5N4K16N, B0G5LRW1S8, B0FW4YYKKQ, B0BXNN7KHX, B0FBS2FGCD, B0FW4T753L, B0FW5KV6TL, B0FBMFB12J, B0BNW14LF9, B0FBS41LSM, B0FBRZ538S, B0FW5FKN5L, B0C88FYFK7, B0FXDX85D2, B0FBS1XX62, B0FBRS2J89, B0FWCX78FH, B0FBS2HMM8, B0G5N5NBTX, B0B5G6GH6T, B0FBS6CYYS, B0FBRKDQQN, B0FBS57LF3, B0FBRX6YXP, B08VWMJY62, B09TXCR2KH, B0FW5F7YJ1, B0GG66V1YM, B07RBP3ZKX, B0G5MZFLNT, B0G5LFWJXN, B0FBRY3SS9, B0FBMK3TPD, B0FBS2FFH7, B0FBRP5PJX, B09WDJR9S1, B0FBS1R5WH, B0BHSLZQRL, B0FW5J53ZK, B0FW5MSP86, B0FBS6M3KD, B0FWC4R5V7]",amzn1.campaign.10HBPE8NW7V8N,Exclusive Opportunity: Promote Kingsons Bags  – Earn commission!,Kingsons,2026-07-21,2026-11-02,13.00%,50000.0,50000.0,0,800,false
"[B0GFT63WZJ, B0GVF2TKPV, B0GVDXGZM5]",amzn1.campaign.308AAPQM8F20T,Amazon lip balm tubes Content Creator Collaboration Program,Pilloze,2026-07-29,2027-01-30,20.00%,5000.0,5000.0,0,800,false
"[B0BGX95WW3, B0FW5FPGCC, B0FW5MGKLR, B07QT87R5T, B0791CFKPY, B0FBMNCPWF, B09TX9R5XL, B0BQ3931SV, B0FBRK396L, B07DS7PLLC, B0FWC8H5JW, B0FBRGZ8CF, B0FXDYGGR5, B0FWBZ7SVY, B0D8YC8WM1, B0FBRK6TBN, B0FWCX93DD, B0FBRZ4RFB, B0FBRRYY13, B0FBMKTCK3, B0FW5CZFL1, B0H9CXZMBV, B0FW5JMQXQ, B0FWC8J1DY, B0FBMMWQH1, B0FBMG2HG3, B0G5LTZ2WD, B0FXF1VLMG, B0GZPGGKFK, B0FW5GCF16, B0FBMMHKTJ, B0FBRZ2MBR, B0FBS3YTTC, B0FBRQDYLZ, B0FBRKCMBZ, B0G5N4K16N, B0G5LRW1S8, B0FW4YYKKQ, B0BXNN7KHX, B0FBS2FGCD, B0FW4T753L, B0FW5KV6TL, B0FBMFB12J, B0BNW14LF9, B0FBS41LSM, B0FBRZ538S, B0FW5FKN5L, B0C88FYFK7, B0FXDX85D2, B0FBS1XX62, B0FBRS2J89, B0FWCX78FH, B0FBS2HMM8, B0G5N5NBTX, B0B5G6GH6T, B0FBS6CYYS, B0FBRKDQQN, B0FBS57LF3, B0FBRX6YXP, B08VWMJY62, B09TXCR2KH, B0FW5F7YJ1, B0GG66V1YM, B07RBP3ZKX, B0G5MZFLNT, B0G5LFWJXN, B0FBRY3SS9, B0FBMK3TPD, B0FBS2FFH7, B0FBRP5PJX, B09WDJR9S1, B0FBS1R5WH, B0BHSLZQRL, B0FW5J53ZK, B0FW5MSP86, B0FBS6M3KD, B0FWC4R5V7]",amzn1.campaign.1OKTH9XRPUYD3,Exclusive Opportunity: Promote Kingsons Bags  – Earn commission!,Kingsons,2026-07-21,2026-11-02,12.00%,50000.0,50000.0,0,800,false
"[B0BGX95WW3, B0FW5FPGCC, B0FW5MGKLR, B07QT87R5T, B0791CFKPY, B0FBMNCPWF, B09TX9R5XL, B0BQ3931SV, B0FBRK396L, B07DS7PLLC, B0FWC8H5JW, B0FBRGZ8CF, B0FXDYGGR5, B0FWBZ7SVY, B0D8YC8WM1, B0FBRK6TBN, B0FWCX93DD, B0FBRZ4RFB, B0FBRRYY13, B0FBMKTCK3, B0FW5CZFL1, B0H9CXZMBV, B0FW5JMQXQ, B0FWC8J1DY, B0FBMMWQH1, B0FBMG2HG3, B0G5LTZ2WD, B0FXF1VLMG, B0GZPGGKFK, B0FW5GCF16, B0FBMMHKTJ, B0FBRZ2MBR, B0FBS3YTTC, B0FBRQDYLZ, B0FBRKCMBZ, B0G5N4K16N, B0G5LRW1S8, B0FW4YYKKQ, B0BXNN7KHX, B0FBS2FGCD, B0FW4T753L, B0FW5KV6TL, B0FBMFB12J, B0BNW14LF9, B0FBS41LSM, B0FBRZ538S, B0FW5FKN5L, B0C88FYFK7, B0FXDX85D2, B0FBS1XX62, B0FBRS2J89, B0FWCX78FH, B0FBS2HMM8, B0G5N5NBTX, B0B5G6GH6T, B0FBS6CYYS, B0FBRKDQQN, B0FBS57LF3, B0FBRX6YXP, B08VWMJY62, B09TXCR2KH, B0FW5F7YJ1, B0GG66V1YM, B07RBP3ZKX, B0G5MZFLNT, B0G5LFWJXN, B0FBRY3SS9, B0FBMK3TPD, B0FBS2FFH7, B0FBRP5PJX, B09WDJR9S1, B0FBS1R5WH, B0BHSLZQRL, B0FW5J53ZK, B0FW5MSP86, B0FBS6M3KD, B0FWC4R5V7]",amzn1.campaign.C6XXC970RD38,Exclusive Opportunity: Promote Kingsons Bags  – Earn commission!,Kingsons,2026-07-21,2026-11-02,11.00%,50000.0,50000.0,0,800,false
"[B0BGX95WW3, B0FW5FPGCC, B0FW5MGKLR, B07QT87R5T, B0791CFKPY, B0FBMNCPWF, B09TX9R5XL, B0BQ3931SV, B0FBRK396L, B07DS7PLLC, B0FWC8H5JW, B0FBRGZ8CF, B0FXDYGGR5, B0FWBZ7SVY, B0D8YC8WM1, B0FBRK6TBN, B0FWCX93DD, B0FBRZ4RFB, B0FBRRYY13, B0FBMKTCK3, B0FW5CZFL1, B0H9CXZMBV, B0FW5JMQXQ, B0FWC8J1DY, B0FBMMWQH1, B0FBMG2HG3, B0G5LTZ2WD, B0FXF1VLMG, B0GZPGGKFK, B0FW5GCF16, B0FBMMHKTJ, B0FBRZ2MBR, B0FBS3YTTC, B0FBRQDYLZ, B0FBRKCMBZ, B0G5N4K16N, B0G5LRW1S8, B0FW4YYKKQ, B0BXNN7KHX, B0FBS2FGCD, B0FW4T753L, B0FW5KV6TL, B0FBMFB12J, B0BNW14LF9, B0FBS41LSM, B0FBRZ538S, B0FW5FKN5L, B0C88FYFK7, B0FXDX85D2, B0FBS1XX62, B0FBRS2J89, B0FWCX78FH, B0FBS2HMM8, B0G5N5NBTX, B0B5G6GH6T, B0FBS6CYYS, B0FBRKDQQN, B0FBS57LF3, B0FBRX6YXP, B08VWMJY62, B09TXCR2KH, B0FW5F7YJ1, B0GG66V1YM, B07RBP3ZKX, B0G5MZFLNT, B0G5LFWJXN, B0FBRY3SS9, B0FBMK3TPD, B0FBS2FFH7, B0FBRP5PJX, B09WDJR9S1, B0FBS1R5WH, B0BHSLZQRL, B0FW5J53ZK, B0FW5MSP86, B0FBS6M3KD, B0FWC4R5V7]",amzn1.campaign.172AOEMJQ8EJR,Exclusive Opportunity: Promote Kingsons Bags  – Earn commission!,Kingsons,2026-07-21,2026-11-02,10.00%,50000.0,50000.0,12,800,false
"[B0GFT63WZJ, B0GVF2TKPV, B0GVDXGZM5]",amzn1.campaign.1VQSNX8QOARVJ,Amazon lip balm tubes Content Creator Collaboration Program,Pilloze,2026-07-29,2027-01-27,20.00%,5000.0,5000.0,0,800,false
"[B0GTZ1TMX1, B0GTZCCM31]",amzn1.campaign.23TI7QJ6L06UP,创作者-  Zhizhen Series-10% C,HEZHEN,2026-07-21,2027-07-21,10.00%,5000.0,4972.0,0,800,false
"[B0GFT63WZJ, B0GVF2TKPV, B0GVDXGZM5]",amzn1.campaign.SRKRQ65ST3J2,Amazon lip balm tubes Content Creator Collaboration Program,Pilloze,2026-07-29,2027-01-25,20.00%,5000.0,5000.0,6,800,false
"[B09Q8K6WXG, B0GZ4H1JQ8, B0GYX9Z84F, B0C53LWF9H, B08DCL9HZJ, B0GSFM45PY, B0GSJJFXMG, B0GSG47GHY, B0GS9KCCBJ, B0GSFKXZ2J, B07W4PFW1D, B07YFK3W7H, B0BXKPQB4D, B0GZ4F2K6J, B08DCSSS81, B09R3W794R, B0GSJS9BZB, B0C53GP9B1, B0C4YJR9TN, B0GSFNNXSG, B0BN1HGKSK, B07W5TN8ZX, B0BXKNDFRG, B0GSFMW64J, B0GSG84928, B07W5TKPBC, B0B3TCRSM2, B0BXKN8T4M, B0GSJSZ3WN, B0811HR61V, B0GSJJBDGY, B0GSJHS21V, B0BN1JDHGJ, B09TW4149T, B0GZ43QHQ3, B08DD2WQFF, B08931TMFM, B0GSFV17VQ, B07ZYWQJQV, B0BHS6V4SX, B0GSFT6S34, B08K75F4R2, B0GSFKL576, B0B3TFDD2V, B0FWKL4W98, B09R3P1HFG, B09R3LFBZC, B0C52HGLJL, B0GSFJBYDK, B0GSJRTRFW]",amzn1.campaign.2A0T7Z8USCBMV,📧 VGOAL Bag Creator Collaboration Announcement｜Collaborate for Traffic & Profit,VGOAL,2026-07-21,2026-11-02,15.00%,60000.0,60000.0,0,800,false
"[B09Q8K6WXG, B0GZ4H1JQ8, B0GYX9Z84F, B0C53LWF9H, B08DCL9HZJ, B0GSFM45PY, B0GSJJFXMG, B0GSG47GHY, B0GS9KCCBJ, B0GSFKXZ2J, B07W4PFW1D, B07YFK3W7H, B0BXKPQB4D, B0GZ4F2K6J, B08DCSSS81, B09R3W794R, B0GSJS9BZB, B0C53GP9B1, B0C4YJR9TN, B0GSFNNXSG, B0BN1HGKSK, B07W5TN8ZX, B0BXKNDFRG, B0GSFMW64J, B0GSG84928, B07W5TKPBC, B0B3TCRSM2, B0BXKN8T4M, B0GSJSZ3WN, B0811HR61V, B0GSJJBDGY, B0GSJHS21V, B0BN1JDHGJ, B09TW4149T, B0GZ43QHQ3, B08DD2WQFF, B08931TMFM, B0GSFV17VQ, B07ZYWQJQV, B0BHS6V4SX, B0GSFT6S34, B08K75F4R2, B0GSFKL576, B0B3TFDD2V, B0FWKL4W98, B09R3P1HFG, B09R3LFBZC, B0C52HGLJL, B0GSFJBYDK, B0GSJRTRFW]",amzn1.campaign.2F346K1JXBF4Y,📧 VGOAL Bag Creator Collaboration Announcement｜Collaborate for Traffic & Profit,VGOAL,2026-07-21,2026-11-02,14.00%,60000.0,60000.0,0,800,false
"[B09Q8K6WXG, B0GZ4H1JQ8, B0GYX9Z84F, B0C53LWF9H, B08DCL9HZJ, B0GSFM45PY, B0GSJJFXMG, B0GSG47GHY, B0GS9KCCBJ, B0GSFKXZ2J, B07W4PFW1D, B07YFK3W7H, B0BXKPQB4D, B0GZ4F2K6J, B08DCSSS81, B09R3W794R, B0GSJS9BZB, B0C53GP9B1, B0C4YJR9TN, B0GSFNNXSG, B0BN1HGKSK, B07W5TN8ZX, B0BXKNDFRG, B0GSFMW64J, B0GSG84928, B07W5TKPBC, B0B3TCRSM2, B0BXKN8T4M, B0GSJSZ3WN, B0811HR61V, B0GSJJBDGY, B0GSJHS21V, B0BN1JDHGJ, B09TW4149T, B0GZ43QHQ3, B08DD2WQFF, B08931TMFM, B0GSFV17VQ, B07ZYWQJQV, B0BHS6V4SX, B0GSFT6S34, B08K75F4R2, B0GSFKL576, B0B3TFDD2V, B0FWKL4W98, B09R3P1HFG, B09R3LFBZC, B0C52HGLJL, B0GSFJBYDK, B0GSJRTRFW]",amzn1.campaign.2C761COZEYLYO,📧 VGOAL Bag Creator Collaboration Announcement｜Collaborate for Traffic & Profit,VGOAL,2026-07-21,2026-11-02,13.00%,60000.0,60000.0,0,800,false
"[B09Q8K6WXG, B0GZ4H1JQ8, B0GYX9Z84F, B0C53LWF9H, B08DCL9HZJ, B0GSFM45PY, B0GSJJFXMG, B0GSG47GHY, B0GS9KCCBJ, B0GSFKXZ2J, B07W4PFW1D, B07YFK3W7H, B0BXKPQB4D, B0GZ4F2K6J, B08DCSSS81, B09R3W794R, B0GSJS9BZB, B0C53GP9B1, B0C4YJR9TN, B0GSFNNXSG, B0BN1HGKSK, B07W5TN8ZX, B0BXKNDFRG, B0GSFMW64J, B0GSG84928, B07W5TKPBC, B0B3TCRSM2, B0BXKN8T4M, B0GSJSZ3WN, B0811HR61V, B0GSJJBDGY, B0GSJHS21V, B0BN1JDHGJ, B09TW4149T, B0GZ43QHQ3, B08DD2WQFF, B08931TMFM, B0GSFV17VQ, B07ZYWQJQV, B0BHS6V4SX, B0GSFT6S34, B08K75F4R2, B0GSFKL576, B0B3TFDD2V, B0FWKL4W98, B09R3P1HFG, B09R3LFBZC, B0C52HGLJL, B0GSFJBYDK, B0GSJRTRFW]",amzn1.campaign.1PL4CRKXPJSGM,📧 VGOAL Bag Creator Collaboration Announcement｜Collaborate for Traffic & Profit,VGOAL,2026-07-21,2026-11-02,12.00%,60000.0,60000.0,0,800,false
"[B09Q8K6WXG, B0GZ4H1JQ8, B0GYX9Z84F, B0C53LWF9H, B08DCL9HZJ, B0GSFM45PY, B0GSJJFXMG, B0GSG47GHY, B0GS9KCCBJ, B0GSFKXZ2J, B07W4PFW1D, B07YFK3W7H, B0BXKPQB4D, B0GZ4F2K6J, B08DCSSS81, B09R3W794R, B0GSJS9BZB, B0C53GP9B1, B0C4YJR9TN, B0GSFNNXSG, B0BN1HGKSK, B07W5TN8ZX, B0BXKNDFRG, B0GSFMW64J, B0GSG84928, B07W5TKPBC, B0B3TCRSM2, B0BXKN8T4M, B0GSJSZ3WN, B0811HR61V, B0GSJJBDGY, B0GSJHS21V, B0BN1JDHGJ, B09TW4149T, B0GZ43QHQ3, B08DD2WQFF, B08931TMFM, B0GSFV17VQ, B07ZYWQJQV, B0BHS6V4SX, B0GSFT6S34, B08K75F4R2, B0GSFKL576, B0B3TFDD2V, B0FWKL4W98, B09R3P1HFG, B09R3LFBZC, B0C52HGLJL, B0GSFJBYDK, B0GSJRTRFW]",amzn1.campaign.O06FMTBYCEIQ,📧 VGOAL Bag Creator Collaboration Announcement｜Collaborate for Traffic & Profit,VGOAL,2026-07-21,2026-11-02,11.00%,60000.0,60000.0,1,800,false
"[B09Q8K6WXG, B0GZ4H1JQ8, B0GYX9Z84F, B0C53LWF9H, B08DCL9HZJ, B0GSFM45PY, B0GSJJFXMG, B0GSG47GHY, B0GS9KCCBJ, B0GSFKXZ2J, B07W4PFW1D, B07YFK3W7H, B0BXKPQB4D, B0GZ4F2K6J, B08DCSSS81, B09R3W794R, B0GSJS9BZB, B0C53GP9B1, B0C4YJR9TN, B0GSFNNXSG, B0BN1HGKSK, B07W5TN8ZX, B0BXKNDFRG, B0GSFMW64J, B0GSG84928, B07W5TKPBC, B0B3TCRSM2, B0BXKN8T4M, B0GSJSZ3WN, B0811HR61V, B0GSJJBDGY, B0GSJHS21V, B0BN1JDHGJ, B09TW4149T, B0GZ43QHQ3, B08DD2WQFF, B08931TMFM, B0GSFV17VQ, B07ZYWQJQV, B0BHS6V4SX, B0GSFT6S34, B08K75F4R2, B0GSFKL576, B0B3TFDD2V, B0FWKL4W98, B09R3P1HFG, B09R3LFBZC, B0C52HGLJL, B0GSFJBYDK, B0GSJRTRFW]",amzn1.campaign.1IALTW15U5YB6,📧 VGOAL Bag Creator Collaboration Announcement｜Collaborate for Traffic & Profit,VGOAL,2026-07-21,2026-11-02,10.00%,60000.0,60000.0,0,800,false
[B0GYS2N5F8],amzn1.campaign.2RU3OK97QJWR0,F320 Purple Ice-Cooling Fan Campaign,Morelax,2026-07-21,2026-11-30,10.00%,5000.0,4992.4,0,800,false
[B0DLHWVBP6],amzn1.campaign.FCFE1ZT5N0H4,Medical Tray Stand MTS-SL-51IN-FBA-2 Creator Connections 15%,Houseables,2026-07-21,2027-07-21,15.00%,999999.0,999999.0,0,800,false
"[B0GFT63WZJ, B0GVF2TKPV, B0GVDXGZM5]",amzn1.campaign.2VHRB5IU8T3XQ,Amazon lip balm tubes Content Creator Collaboration Program,Pilloze,2026-07-29,2027-01-19,20.00%,5000.0,5000.0,4,800,false
"[B0GFT63WZJ, B0GVF2TKPV, B0GVDXGZM5]",amzn1.campaign.2IP2TQXLBF6HE,Amazon lip balm tubes Content Creator Collaboration Program,Pilloze,2026-07-29,2027-01-17,20.00%,5000.0,5000.0,3,800,false
"[B0GFT63WZJ, B0GVF2TKPV, B0GVDXGZM5]",amzn1.campaign.21MHS99OHWBI6,Amazon lip balm tubes Content Creator Collaboration Program,Pilloze,2026-07-29,2027-01-16,20.00%,5000.0,5000.0,4,800,false
"[B0GJYSJ83N, B0GJZC5YSY, B0GJZ9KNBG, B0GJYW8657, B0GJYWMPQ4, B0GJZ8ZDTY, B0GJZH47XC, B0GJZKKXJQ, B0GJZLBKCD, B0GJZZYDXV, B0GK14C9GS, B0GJYWR1NG, B0GJZKZSNJ, B0GJYS9N16, B0GJZCC29B, B0GJZVP7C2, B0GJZ76SX1, B0GJZKPFKT, B0GK14LN22, B0GJYJD54J]",amzn1.campaign.XPORGAJRTR5L,👖 4-Pack Skinny Leather Belt – JASGOOD – 12% Comms for You 💰,JASGOOD,2026-07-21,2026-10-31,12.00%,5000.0,5000.0,0,800,false
[B0H8Y5F18V],amzn1.campaign.3UN6365HV35H9,"✨Widfous RGB Neon, Great Deal Combo Set, 20 Glow Modes & Unique Shapes✨",widfous,2026-07-21,2026-12-31,10.00%,5000.0,5000.0,0,800,false
"[B0GFT63WZJ, B0GVF2TKPV, B0GVDXGZM5]",amzn1.campaign.PADSI3647CO3,Amazon lip balm tubes Content Creator Collaboration Program,Pilloze,2026-07-29,2027-01-12,20.00%,5000.0,5000.0,7,800,false
"[B0GFT63WZJ, B0GVF2TKPV, B0GVDXGZM5]",amzn1.campaign.3PIYJO32VK56B,Amazon lip balm tubes Content Creator Collaboration Program,Pilloze,2026-07-29,2027-01-11,20.00%,5000.0,5000.0,8,800,false
[B0GTLNB765],amzn1.campaign.TS18332670Y4,B0GTLNB765-Drip Tray Liners for Traeger Pro 575 & Pro 22 (10-Pack),WEBROIL,2026-07-21,2027-07-16,20.00%,5000.0,5000.0,0,800,false
"[B0GDQRJS2Z, B0GDQPXG1D, B0GDQS8JJ1, B0GDQZ723R, B0GDQVKT2Q, B0GDQVQMNM, B0GDQWCGV4, B0GDQV458F, B0GDQJNCTX, B0GDQZGMQR, B0GDQRQ7BH, B0GDQRPB71, B0GDQZYR77, B0GDQWSJQ9, B0GDQXZH4W, B0GDQM9TFX]",amzn1.campaign.1WQ0EZGNX079O,M4 French Round Stool,PURPLE LEAF,2026-07-21,2026-12-31,10.00%,5000.0,4948.2,0,800,false
"[B0GFT63WZJ, B0GVF2TKPV, B0GVDXGZM5]",amzn1.campaign.ZUPKJ6BI2HNQ,Amazon lip balm tubes Content Creator Collaboration Program,Pilloze,2026-07-29,2027-01-07,20.00%,5000.0,5000.0,11,800,false
[B0GTLHSH5Y],amzn1.campaign.379DC5Y4XR4NZ,B0GTLHSH5Y-Drip Tray Liners for Traeger Ironwood 885 (10-Pack),WEBROIL,2026-07-21,2027-07-16,20.00%,5000.0,4980.0,0,800,false
"[B0GFT63WZJ, B0GVF2TKPV, B0GVDXGZM5]",amzn1.campaign.1WDUZKL6ADZXY,Amazon lip balm tubes Content Creator Collaboration Program,Pilloze,2026-07-29,2027-01-06,20.00%,5000.0,5000.0,7,800,false
"[B0DJBTMBQZ, B0F6VB77RK, B0DWFT7KVQ, B0GTTRVH51, B0F3JMVHMY, B0GYDLZX61, B0F21DNL86, B0FK9M51FM, B0DQDYW5QQ, B0F37MXH1T, B0GHFMG1X1, B0DQ4ZB63H, B0FBFPSZL1, B0FV7LR3NC, B0GYS62S3P, B0F6V3NCSP, B0DWFQM1LB, B0GYS7W4H2, B0F18D1HZT, B0F6V67W2Z, B0DQHBLJYY, B0F6V6F77D, B0FC267M7T]",amzn1.campaign.3RTTX5ZCGPATV,Monthly sales $100000 commission 10% quilting rulers for half year,BUZHIFF,2026-07-21,2026-12-26,10.00%,5000.0,5000.0,19,800,false
"[B0GFT63WZJ, B0GVF2TKPV, B0GVDXGZM5]",amzn1.campaign.LW1ETTNRFNCA,Amazon lip balm tubes Content Creator Collaboration Program,Pilloze,2026-07-29,2027-01-04,20.00%,5000.0,5000.0,12,800,false
"[B0DJBTMBQZ, B0F6VB77RK, B0DWFT7KVQ, B0GTTRVH51, B0F3JMVHMY, B0GYDLZX61, B0F21DNL86, B0FK9M51FM, B0DQDYW5QQ, B0F37MXH1T, B0GHFMG1X1, B0DQ4ZB63H, B0FBFPSZL1, B0FV7LR3NC, B0GYS62S3P, B0F6V3NCSP, B0DWFQM1LB, B0GYS7W4H2, B0F18D1HZT, B0F6V67W2Z, B0DQHBLJYY, B0F6V6F77D, B0FC267M7T]",amzn1.campaign.3PEOWE60TPKBS,Monthly sales $100000 commission 10% quilting rulers for half year,BUZHIFF,2026-07-21,2026-12-27,10.00%,5000.0,5000.0,19,800,false
"[B0DJBTMBQZ, B0F6VB77RK, B0DWFT7KVQ, B0GTTRVH51, B0F3JMVHMY, B0GYDLZX61, B0F21DNL86, B0FK9M51FM, B0DQDYW5QQ, B0F37MXH1T, B0GHFMG1X1, B0DQ4ZB63H, B0FBFPSZL1, B0FV7LR3NC, B0GYS62S3P, B0F6V3NCSP, B0DWFQM1LB, B0GYS7W4H2, B0F18D1HZT, B0F6V67W2Z, B0DQHBLJYY, B0F6V6F77D, B0FC267M7T]",amzn1.campaign.T0FZXSDFNQW9,Monthly sales $100000 commission 10% quilting rulers for half year,BUZHIFF,2026-07-21,2026-12-28,10.00%,5000.0,5000.0,20,800,false
"[B0DJBTMBQZ, B0F6VB77RK, B0DWFT7KVQ, B0GTTRVH51, B0F3JMVHMY, B0GYDLZX61, B0F21DNL86, B0FK9M51FM, B0DQDYW5QQ, B0F37MXH1T, B0GHFMG1X1, B0DQ4ZB63H, B0FBFPSZL1, B0FV7LR3NC, B0GYS62S3P, B0F6V3NCSP, B0DWFQM1LB, B0GYS7W4H2, B0F18D1HZT, B0F6V67W2Z, B0DQHBLJYY, B0F6V6F77D, B0FC267M7T]",amzn1.campaign.ZK8N3CUZ4YPX,Monthly sales $100000 commission 10% quilting rulers for half year,BUZHIFF,2026-07-21,2026-12-29,10.00%,5000.0,5000.0,20,800,false
"[B0GTQ22ZQR, B0GTPYM1CL, B0GTQ3RB6P, B0GTPYMQWG]",amzn1.campaign.Y3DM5XRWFR6K,【12% affiliate commission】Brave elk password book with lock,BRAVE  ELK,2026-07-21,2026-09-30,12.00%,5000.0,4988.6,0,800,false
"[B0GCDP88J9, B0FC1XT955, B0FRYXWDHS, B0F3VN7PHX, B0FJWPNSSK, B0F82V7DQT, B0FC1G8M45, B0FQNPK7DC, B0GWD94Z9C, B0FL85DB4W, B0DYTSP2FR, B0F6MLWMVD, B0FJXHHF8X, B0FRLVPXB6, B0FBFM7844, B0FBG2QMKD, B0F32PLY9N, B0FR2Y9TCJ, B0F835WQM6, B0FJ5FKMWS, B0F1MZGRT6, B0DXL2RG52, B0GVNQMGNH, B0F1CCQ7XC, B0FH6KSDKM, B0DXD3NX6C, B0F832WXW5, B0GG2W1YTQ]",amzn1.campaign.3QKU3K3KF7VOF,I found a super useful quilting rulers,HUIFARI,2026-07-21,2026-12-24,10.00%,5000.0,5000.0,13,800,false
"[B0GCDP88J9, B0FC1XT955, B0FRYXWDHS, B0F3VN7PHX, B0FJWPNSSK, B0F82V7DQT, B0FC1G8M45, B0FQNPK7DC, B0GWD94Z9C, B0FL85DB4W, B0DYTSP2FR, B0F6MLWMVD, B0FJXHHF8X, B0FRLVPXB6, B0FBFM7844, B0FBG2QMKD, B0F32PLY9N, B0FR2Y9TCJ, B0F835WQM6, B0FJ5FKMWS, B0F1MZGRT6, B0DXL2RG52, B0GVNQMGNH, B0F1CCQ7XC, B0FH6KSDKM, B0DXD3NX6C, B0F832WXW5, B0GG2W1YTQ]",amzn1.campaign.RSKOTZXDM7Z0,I found a super useful quilting rulers,HUIFARI,2026-07-21,2026-12-25,10.00%,5000.0,5000.0,14,800,false
[B0GTLR388L],amzn1.campaign.T1C2W9CDSU2C,B0GTLR388L-Drip Tray Liners for Traeger Pro 34 Series (10-Pack),WEBROIL,2026-07-21,2027-07-16,20.00%,5000.0,4993.03,0,800,false
"[B0GCDP88J9, B0FC1XT955, B0FRYXWDHS, B0F3VN7PHX, B0FJWPNSSK, B0F82V7DQT, B0FC1G8M45, B0FQNPK7DC, B0GWD94Z9C, B0FL85DB4W, B0DYTSP2FR, B0F6MLWMVD, B0FJXHHF8X, B0FRLVPXB6, B0FBFM7844, B0FBG2QMKD, B0F32PLY9N, B0FR2Y9TCJ, B0F835WQM6, B0FJ5FKMWS, B0F1MZGRT6, B0DXL2RG52, B0GVNQMGNH, B0F1CCQ7XC, B0FH6KSDKM, B0DXD3NX6C, B0F832WXW5, B0GG2W1YTQ]",amzn1.campaign.1WFAAFHDE05A4,I found a super useful quilting rulers,HUIFARI,2026-07-21,2026-12-26,10.00%,5000.0,5000.0,10,800,false
"[B0GFT63WZJ, B0GVF2TKPV, B0GVDXGZM5]",amzn1.campaign.3GCLMIF4R9UBC,Amazon lip balm tubes Content Creator Collaboration Program,Pilloze,2026-07-29,2027-01-01,20.00%,5000.0,5000.0,8,800,false
[B0H4VDPWBF],amzn1.campaign.3PTOO80ZVQ36T,10%commission fee +30%discount code +tooth polisher,CrazyNov,2026-07-21,2027-07-21,10.00%,5000.0,4986.08,0,800,false
"[B0GFT63WZJ, B0GVF2TKPV, B0GVDXGZM5]",amzn1.campaign.35TPXAS7MTWG7,Amazon lip balm tubes Content Creator Collaboration Program,Pilloze,2026-07-29,2026-12-28,20.00%,5000.0,5000.0,9,800,false
"[B0GFT63WZJ, B0GVF2TKPV, B0GVDXGZM5]",amzn1.campaign.2DZQ7LW2TI5F2,Amazon lip balm tubes Content Creator Collaboration Program,Pilloze,2026-07-29,2026-12-25,20.00%,5000.0,5000.0,7,800,false
"[B0D4HZPNYG, B0D54NQVVG, B0CNGKCD7V]",amzn1.campaign.1CR0RN46YQ17D,150Ibs Pink Resistance Bands with Handles for Women,Ayombo,2026-08-01,2026-09-30,11.00%,5000.0,5000.0,0,800,false
[B0G4FPKJTQ],amzn1.campaign.2L6V0BEHLBKDG,💰 Earn 20% Commission | Whipped Tallow Moisturizer | Tallowè,Tallowe,2026-07-21,2026-09-30,20.00%,5000.0,5000.0,0,800,false
"[B0FYP77N29, B0FYP8TM3X, B0FYP7CFXJ, B0FYPBDZ1F, B0FYP75G3T, B0FYP369QM]",amzn1.campaign.38CXCPXD6IK05,2026 Top conversion handbag? LEACOOLKEY Suede Satchel – Earn 10% Today 📈,LEACOOLKEY,2026-07-21,2026-10-31,10.00%,5000.0,5000.0,0,800,false
"[B0D4HZPNYG, B0D54NQVVG, B0CNGKCD7V]",amzn1.campaign.1OTFOSMYBU02K,150Ibs Pink Resistance Bands with Handles for Women,Ayombo,2026-08-01,2026-09-30,10.00%,5000.0,5000.0,0,800,false
"[B0GFT63WZJ, B0GVF2TKPV, B0GVDXGZM5]",amzn1.campaign.2XXSWHPL2PJ4W,Amazon lip balm tubes Content Creator Collaboration Program,Pilloze,2026-07-29,2026-12-20,20.00%,5000.0,5000.0,9,800,false
"[B0GFT63WZJ, B0GVF2TKPV, B0GVDXGZM5]",amzn1.campaign.1C2E2OQYAWQYW,Amazon lip balm tubes Content Creator Collaboration Program,Pilloze,2026-07-29,2026-12-19,20.00%,5000.0,5000.0,6,800,false
"[B0GFT63WZJ, B0GVF2TKPV, B0GVDXGZM5]",amzn1.campaign.2367LE8JUQR4M,Amazon lip balm tubes Content Creator Collaboration Program,Pilloze,2026-07-29,2026-12-17,20.00%,5000.0,5000.0,7,800,false
"[B0GFT63WZJ, B0GVF2TKPV, B0GVDXGZM5]",amzn1.campaign.3549DB5RO3IRP,Amazon lip balm tubes Content Creator Collaboration Program,Pilloze,2026-07-29,2026-12-16,20.00%,5000.0,5000.0,9,800,false
"[B0GFT63WZJ, B0GVF2TKPV, B0GVDXGZM5]",amzn1.campaign.2J3AQ6QOG6JK4,Amazon lip balm tubes Content Creator Collaboration Program,Pilloze,2026-07-29,2026-12-15,20.00%,5000.0,5000.0,8,800,false
"[B0F7Y17YPF, B0BRSTFRQ1, B0CGXBRJYP, B0BRSS8BXB, B0CGXD2XHT]",amzn1.campaign.1S97E84OOL0NA,2026 Party & convention must-have? LEACOOLKEY Chain Belt – 10% Commission 🎉,LEACOOLKEY,2026-07-21,2026-10-31,10.00%,5000.0,5000.0,0,800,false
"[B0G1LHV5GW, B0G2QNZC3N, B0FBF9NM9M]",amzn1.campaign.21YFY7J51QJFJ,Spray Booth Filter Installation Demo,AUC,2026-07-21,2026-09-30,10.00%,5000.0,4973.6,0,800,false
"[B0GFT63WZJ, B0GVF2TKPV, B0GVDXGZM5]",amzn1.campaign.2V6LRIQWZQ6ZA,Amazon lip balm tubes Content Creator Collaboration Program,Pilloze,2026-07-29,2026-12-13,20.00%,5000.0,5000.0,8,800,false
[B0GJRHKVR4],amzn1.campaign.2VA5WYNDIDWIT,Camp Chef Griddle Grease Catcher Creator Collaboration,Grilltonic,2026-07-21,2027-07-21,10.00%,1000000.0,999995.9,0,800,false
"[B0GZNYWLG7, B0GZNWJBQ9, B0GZP1Y3CJ, B0GZNTJ8KW, B0GZNSHTVW, B0GZNRZLVG, B0GZP74HTZ, B0GZNT1NTC, B0GZNS6X2K, B0GZNZXGWN, B0GZP1GMG1, B0GZNSF6HL, B0GZNT2CBR, B0GZNSSP19, B0GZNVJMMW, B0GZNZNWG4, B0GZNST6Z3, B0GZNTZ6YF, B0GZNWMM25]",amzn1.campaign.2X7ER5VS78DGA,2026 Creator pick! LEACOOLKEY Braided Belt – 10% Commission on Every Sale 🔥,LEACOOLKEY,2026-07-21,2026-10-31,10.00%,5000.0,5000.0,0,800,false
"[B0GFT63WZJ, B0GVF2TKPV, B0GVDXGZM5]",amzn1.campaign.31V3TNGGUTMNJ,Amazon lip balm tubes Content Creator Collaboration Program,Pilloze,2026-07-29,2026-12-08,20.00%,5000.0,5000.0,9,800,false
"[B0GFT63WZJ, B0GVF2TKPV, B0GVDXGZM5]",amzn1.campaign.21EAV8INZBRJ9,Amazon lip balm tubes Content Creator Collaboration Program,Pilloze,2026-07-29,2026-12-07,20.00%,5000.0,5000.0,8,800,false
"[B0GFT63WZJ, B0GVF2TKPV, B0GVDXGZM5]",amzn1.campaign.12Q2KVYOE3LQI,Amazon lip balm tubes Content Creator Collaboration Program,Pilloze,2026-07-29,2026-12-06,20.00%,5000.0,5000.0,4,800,false
"[B0GFT63WZJ, B0GVF2TKPV, B0GVDXGZM5]",amzn1.campaign.1GXRZ9JX4NXHT,Amazon lip balm tubes Content Creator Collaboration Program,Pilloze,2026-07-29,2026-12-05,20.00%,5000.0,5000.0,6,800,false
[B0H4YWLNVQ],amzn1.campaign.E0LHK1BJ6DB2,JHOANASI Anti-Snoring Mouthpiece 2,Jhoanasi,2026-07-21,2026-09-30,10.00%,5000.0,5000.0,0,800,false
[B0H2L667F3],amzn1.campaign.277VEHY6XW4KG,Masterbuilt 560 Heat Manifold Replacement Collaboration,Grilltonic,2026-07-21,2027-07-21,10.00%,1000000.0,1000000.0,0,800,false
"[B0GFT63WZJ, B0GVF2TKPV, B0GVDXGZM5]",amzn1.campaign.2Q727TPHHX7W4,Amazon lip balm tubes Content Creator Collaboration Program,Pilloze,2026-07-29,2026-12-01,20.00%,5000.0,5000.0,9,800,false
"[B0DGFDCND5, B0F1F4D8PX, B0F1F596RQ, B0DKHT2K17]",amzn1.campaign.DJTSGTHMHRIF,Weighted Jump Rope for Fitness,Ayombo,2026-08-01,2026-09-30,11.00%,5000.0,5000.0,0,800,false
"[B0GCDP88J9, B0FC1XT955, B0FRYXWDHS, B0F3VN7PHX, B0FJWPNSSK, B0F82V7DQT, B0FC1G8M45, B0FQNPK7DC, B0GWD94Z9C, B0FL85DB4W, B0DYTSP2FR, B0F6MLWMVD, B0FJXHHF8X, B0FRLVPXB6, B0FBFM7844, B0FBG2QMKD, B0F32PLY9N, B0FR2Y9TCJ, B0F835WQM6, B0FJ5FKMWS, B0F1MZGRT6, B0DXL2RG52, B0GVNQMGNH, B0F1CCQ7XC, B0FH6KSDKM, B0DXD3NX6C, B0F832WXW5, B0GG2W1YTQ]",amzn1.campaign.LR5CF59T9C24,I found a super useful quilting rulers,HUIFARI,2026-07-21,2026-12-27,10.00%,5000.0,5000.0,16,800,false
"[B0DGFDCND5, B0F1F4D8PX, B0F1F596RQ, B0DKHT2K17]",amzn1.campaign.126W19C50A79E,Weighted Jump Rope for Fitness,Ayombo,2026-08-01,2026-09-30,10.00%,5000.0,5000.0,0,800,false
"[B0GCDP88J9, B0FC1XT955, B0FRYXWDHS, B0F3VN7PHX, B0FJWPNSSK, B0F82V7DQT, B0FC1G8M45, B0FQNPK7DC, B0GWD94Z9C, B0FL85DB4W, B0DYTSP2FR, B0F6MLWMVD, B0FJXHHF8X, B0FRLVPXB6, B0FBFM7844, B0FBG2QMKD, B0F32PLY9N, B0FR2Y9TCJ, B0F835WQM6, B0FJ5FKMWS, B0F1MZGRT6, B0DXL2RG52, B0GVNQMGNH, B0F1CCQ7XC, B0FH6KSDKM, B0DXD3NX6C, B0F832WXW5, B0GG2W1YTQ]",amzn1.campaign.KGR3UHI9IN76,I found a super useful quilting rulers,HUIFARI,2026-07-21,2026-12-28,10.00%,5000.0,5000.0,17,800,false
"[B0GCDP88J9, B0FC1XT955, B0FRYXWDHS, B0F3VN7PHX, B0FJWPNSSK, B0F82V7DQT, B0FC1G8M45, B0FQNPK7DC, B0GWD94Z9C, B0FL85DB4W, B0DYTSP2FR, B0F6MLWMVD, B0FJXHHF8X, B0FRLVPXB6, B0FBFM7844, B0FBG2QMKD, B0F32PLY9N, B0FR2Y9TCJ, B0F835WQM6, B0FJ5FKMWS, B0F1MZGRT6, B0DXL2RG52, B0GVNQMGNH, B0F1CCQ7XC, B0FH6KSDKM, B0DXD3NX6C, B0F832WXW5, B0GG2W1YTQ]",amzn1.campaign.U8RD1TH9DAKN,I found a super useful quilting rulers,HUIFARI,2026-07-21,2026-12-29,10.00%,5000.0,5000.0,18,800,false
"[B0GCDP88J9, B0FC1XT955, B0FRYXWDHS, B0F3VN7PHX, B0FJWPNSSK, B0F82V7DQT, B0FC1G8M45, B0FQNPK7DC, B0GWD94Z9C, B0FL85DB4W, B0DYTSP2FR, B0F6MLWMVD, B0FJXHHF8X, B0FRLVPXB6, B0FBFM7844, B0FBG2QMKD, B0F32PLY9N, B0FR2Y9TCJ, B0F835WQM6, B0FJ5FKMWS, B0F1MZGRT6, B0DXL2RG52, B0GVNQMGNH, B0F1CCQ7XC, B0FH6KSDKM, B0DXD3NX6C, B0F832WXW5, B0GG2W1YTQ]",amzn1.campaign.18L28VLJHVTSO,I found a super useful quilting rulers,HUIFARI,2026-07-21,2026-12-30,10.00%,5000.0,5000.0,12,800,false
"[B0GFT63WZJ, B0GVF2TKPV, B0GVDXGZM5]",amzn1.campaign.231PS7HF0KJLR,Amazon lip balm tubes Content Creator Collaboration Program,Pilloze,2026-07-28,2027-01-25,20.00%,5000.0,5000.0,8,800,false
"[B0GFT63WZJ, B0GVF2TKPV, B0GVDXGZM5]",amzn1.campaign.2IF9VLDR0RV52,Amazon lip balm tubes Content Creator Collaboration Program,Pilloze,2026-07-28,2027-01-24,20.00%,5000.0,5000.0,8,800,false
"[B0DJBTMBQZ, B0F6VB77RK, B0DWFT7KVQ, B0GTTRVH51, B0F3JMVHMY, B0GYDLZX61, B0F21DNL86, B0FK9M51FM, B0DQDYW5QQ, B0F37MXH1T, B0GHFMG1X1, B0DQ4ZB63H, B0FBFPSZL1, B0FV7LR3NC, B0GYS62S3P, B0F6V3NCSP, B0DWFQM1LB, B0GYS7W4H2, B0F18D1HZT, B0F6V67W2Z, B0DQHBLJYY, B0F6V6F77D, B0FC267M7T]",amzn1.campaign.1OT9BGW7A7RKU,Monthly sales $100000 commission 10% quilting rulers for half year,BUZHIFF,2026-07-21,2026-12-30,10.00%,5000.0,5000.0,15,800,false
"[B0FGXRW7SM, B0F7W76FMX, B0DMD6ZM3P, B0GS2148PH, B0FGX74J24, B0FGXMY1ZZ, B0GS1Z47BT]",amzn1.campaign.1HZOP3O22K73M,⭐ BosilunLife Decorative Vase Set | Minimalist Home Favorite,BosilunLife,2026-07-21,2027-07-17,10.00%,5000.0,5000.0,0,800,false
"[B0DJBTMBQZ, B0F6VB77RK, B0DWFT7KVQ, B0GTTRVH51, B0F3JMVHMY, B0GYDLZX61, B0F21DNL86, B0FK9M51FM, B0DQDYW5QQ, B0F37MXH1T, B0GHFMG1X1, B0DQ4ZB63H, B0FBFPSZL1, B0FV7LR3NC, B0GYS62S3P, B0F6V3NCSP, B0DWFQM1LB, B0GYS7W4H2, B0F18D1HZT, B0F6V67W2Z, B0DQHBLJYY, B0F6V6F77D, B0FC267M7T]",amzn1.campaign.2O42BO3P5P06N,Monthly sales $100000 commission 10% quilting rulers for half year,BUZHIFF,2026-07-21,2026-12-31,10.00%,5000.0,5000.0,9,800,false
[B0GZZFCKC9],amzn1.campaign.12IP82ZHVBZ2K,Weber Smokey Mountain Side Table Creator Collaboration,Grilltonic,2026-07-21,2027-07-21,10.00%,1000000.0,1000000.0,0,800,false
"[B0FDKW176J, B0FDKV8K94, B0FDKWLXN6, B0FDKTQN76]",amzn1.campaign.1J8IJJUP5VFO3,hiking,Goloni,2026-07-21,2026-10-31,10.00%,8888.0,8888.0,0,800,false
"[B0FGXRW7SM, B0F7W76FMX, B0DMD6ZM3P, B0GS2148PH, B0FGX74J24, B0FGXMY1ZZ, B0GS1Z47BT]",amzn1.campaign.2GLIVA85SLCC1,🔥 BosilunLife Vase Set | Mantel Decor Inspiration,BosilunLife,2026-07-21,2027-07-18,10.00%,5000.0,5000.0,0,800,false
"[B0FGXRW7SM, B0F7W76FMX, B0DMD6ZM3P, B0GS2148PH, B0FGX74J24, B0FGXMY1ZZ, B0GS1Z47BT]",amzn1.campaign.34O19YUFVTI1I,🎁 BosilunLife Decorative Vase Set | Beautiful Home Gift,BosilunLife,2026-07-21,2027-07-19,10.00%,5000.0,5000.0,0,800,false
"[B0GFT63WZJ, B0GVF2TKPV, B0GVDXGZM5]",amzn1.campaign.ZGM4M0BQYV6I,Amazon lip balm tubes Content Creator Collaboration Program,Pilloze,2026-07-28,2027-01-20,20.00%,5000.0,5000.0,12,800,false
"[B0FGXRW7SM, B0F7W76FMX, B0DMD6ZM3P, B0GS2148PH, B0FGX74J24, B0FGXMY1ZZ, B0GS1Z47BT]",amzn1.campaign.2RZ451CUVSHJE,🌎 BosilunLife Recycled Ceramic Vase Set | Eco Chic Decor,BosilunLife,2026-07-21,2027-07-20,10.00%,5000.0,5000.0,0,800,false
"[B0GFT63WZJ, B0GVF2TKPV, B0GVDXGZM5]",amzn1.campaign.3U64JVPBYAB0X,Amazon lip balm tubes Content Creator Collaboration Program,Pilloze,2026-07-28,2027-01-18,20.00%,5000.0,5000.0,10,800,false
"[B0FGXRW7SM, B0F7W76FMX, B0DMD6ZM3P, B0GS2148PH, B0FGX74J24, B0FGXMY1ZZ, B0GS1Z47BT]",amzn1.campaign.32WH7JWNAQU2X,📚 BosilunLife Vase Set | Stylish Shelf Decor,BosilunLife,2026-07-21,2027-07-21,10.00%,5000.0,5000.0,0,800,false
"[B0GBY3FJ2K, B0FBX1RDFW, B0FC7X7HX2, B0FQC12S2P, B0FG22PXGC, B0FG21M9ZC, B0G12HGB88]",amzn1.campaign.38P285KJX4VUU,PeakVigor 5in1/12in1/16in1 and 21 in 1  Magnesium Creator Campaign,PeakVigor,2026-07-21,2027-03-11,10.00%,5000.0,4997.0,0,800,false
"[B0GFT63WZJ, B0GVF2TKPV, B0GVDXGZM5]",amzn1.campaign.1WVBYQIZKQU5O,Amazon lip balm tubes Content Creator Collaboration Program,Pilloze,2026-07-28,2027-01-16,20.00%,5000.0,5000.0,8,800,false
"[B0CZHRFJ23, B0CN4JBBSX, B0CN4JFJPJ, B0CN4JX4HC]",amzn1.campaign.1F11H8IS306L3,Ankle Resistance Bands with Cuffs for Women,Ayombo,2026-08-01,2026-09-30,10.00%,5000.0,5000.0,0,800,false
[B0H265VQVM],amzn1.campaign.2941DREHYN9Q,2Pcs Power Washer Nozzle10%,ATG,2026-07-21,2026-10-31,10.00%,5000.0,4984.4,0,800,false
[B0GSLWG8BS],amzn1.campaign.3O2JAL55GJYVO,Weber Smokey Mountain Mobile Stand Creator Collaboration,Grilltonic,2026-07-21,2027-07-21,10.00%,1000000.0,1000000.0,0,800,false
"[B0GFT63WZJ, B0GVF2TKPV, B0GVDXGZM5]",amzn1.campaign.1SVKX3MZ0HC99,Amazon lip balm tubes Content Creator Collaboration Program,Pilloze,2026-07-28,2027-01-11,20.00%,5000.0,5000.0,8,800,false
"[B0GFT63WZJ, B0GVF2TKPV, B0GVDXGZM5]",amzn1.campaign.1Q8Q5VI8YKSUT,Amazon lip balm tubes Content Creator Collaboration Program,Pilloze,2026-07-28,2027-01-09,20.00%,5000.0,5000.0,8,800,false
[B0GR4W84TW],amzn1.campaign.2V08AYZ0WD866,PIOUOK Omega-3 Omega-6 Skin & Coat Salmon Oil Soft Chews,PIOUOK,2026-07-21,2027-07-06,25.00%,5000.0,4975.8,0,800,false
"[B0GFT63WZJ, B0GVF2TKPV, B0GVDXGZM5]",amzn1.campaign.2UYDAEWG3R01D,Amazon lip balm tubes Content Creator Collaboration Program,Pilloze,2026-07-28,2027-01-08,20.00%,5000.0,5000.0,8,800,false
"[B0GFT63WZJ, B0GVF2TKPV, B0GVDXGZM5]",amzn1.campaign.DC5T807JPMMS,Amazon lip balm tubes Content Creator Collaboration Program,Pilloze,2026-07-28,2027-01-06,20.00%,5000.0,5000.0,12,800,false
"[B0GFT63WZJ, B0GVF2TKPV, B0GVDXGZM5]",amzn1.campaign.YOPS2VR90IZ9,Amazon lip balm tubes Content Creator Collaboration Program,Pilloze,2026-07-28,2027-01-05,20.00%,5000.0,5000.0,12,800,false
"[B0FL79WLH4, B0FMY1ZGCY, B0FF9KFDQF, B0FF9RRBCG, B0FF9TH6DT, B0FL6R2J9J, B0FL71Z688, B0FF9LZVJX, B0FF9R9CC2, B0FMY4TXXX, B0FMXZ5TMW, B0FMY4574G, B0FL6LLTRY, B0FMY22DTP, B0FF9VZYJG, B0FMY52BPQ, B0FF9T3Z6W, B0FF9RLY72, B0FF9STF47, B0FL6PRQ9J, B0FF9VZVT6]",amzn1.campaign.41AIUCE89EWY,Outdoor Outfits - Country Style Kids Rhinestone Belt,JKEEMI,2026-07-21,2026-12-31,12.00%,8000.0,8000.0,0,800,false
[B0GYMLDW4H],amzn1.campaign.2TDDTPNPQ5CYY,gold earrings-ER20,Hayopi,2026-07-21,2027-07-15,10.00%,5000.0,5000.0,0,800,false
"[B0GFT63WZJ, B0GVF2TKPV, B0GVDXGZM5]",amzn1.campaign.1UMW12IKKBIKA,Amazon lip balm tubes Content Creator Collaboration Program,Pilloze,2026-07-28,2027-01-02,20.00%,5000.0,5000.0,7,800,false
"[B0GFT63WZJ, B0GVF2TKPV, B0GVDXGZM5]",amzn1.campaign.2P40PDN54G5HT,Amazon lip balm tubes Content Creator Collaboration Program,Pilloze,2026-07-28,2027-01-01,20.00%,5000.0,5000.0,10,800,false
"[B0GFT63WZJ, B0GVF2TKPV, B0GVDXGZM5]",amzn1.campaign.24BTL19ZEFVNZ,Amazon lip balm tubes Content Creator Collaboration Program,Pilloze,2026-07-28,2026-12-30,20.00%,5000.0,5000.0,8,800,false
"[B0GFT63WZJ, B0GVF2TKPV, B0GVDXGZM5]",amzn1.campaign.LEM5O5COM86L,Amazon lip balm tubes Content Creator Collaboration Program,Pilloze,2026-07-28,2026-12-29,20.00%,5000.0,5000.0,13,800,false
"[B0FNCTWBWM, B0FNCRN4VF, B0FNCR6BM5, B0FNCQPFZQ, B0FNCQWQ68]",amzn1.campaign.2VH6JVPIV0KXK,Pet Memorial Gift Set for Loss of Dog Cat,hooppoo,2026-07-21,2027-06-01,12.00%,5000.0,4998.56,0,800,false
"[B0F3W48S68, B0CRHDRVHQ, B0D4HW8X8N, B0D54LV4D9]",amzn1.campaign.3V4NS1ZNYHC52,Adjustable Pilates Bar Kit with Resistance Bands for Women,Ayombo,2026-08-01,2026-09-30,10.00%,5000.0,5000.0,0,800,false
"[B0GFT63WZJ, B0GVF2TKPV, B0GVDXGZM5]",amzn1.campaign.49O852GP4Z20,Amazon lip balm tubes Content Creator Collaboration Program,Pilloze,2026-07-28,2026-12-25,20.00%,5000.0,5000.0,13,800,false
"[B0GFT63WZJ, B0GVF2TKPV, B0GVDXGZM5]",amzn1.campaign.33WRPH2S3YGVS,Amazon lip balm tubes Content Creator Collaboration Program,Pilloze,2026-07-28,2026-12-24,20.00%,5000.0,5000.0,11,800,false
"[B0GWD73J4K, B0G3GL36TY, B0G2KX2THR, B0FZ7S5WHM, B0GV3YNLLV, B0FNJNH73N, B0GT771WJ9, B0FQVBKVCK, B0F6K7DDKH, B0G4862VH5, B0FN38JRFK, B0GWCVB3CR, B0FHGM6KDY, B0FZ7VWHVT, B0G2KY474H, B0F6K8NJ8S, B0F7XLPK68, B0GCCQ7PSC, B0F6K5LM7Z, B0GT73BH4M, B0GV41KP5T, B0G2KWF954, B0GT78VT9X, B0FQV9B9W6, B0G2KR5RFM, B0FNJN78B4, B0FN2ZNXGL, B0GV3PXS9N, B0F6K9T3RH, B0GCLFKBD1, B0GCLQ4F9Q, B0GCF1FY1Y, B0G2KXTSST, B0GT7JTN4R, B0G2KVX95M, B0FHGP8LBL, B0G3GKD3ZT, B0F6K71FZ6, B0G486G1SH, B0GV3SF2VC]",amzn1.campaign.16OGO9DU4DXKE,月销量50-100+、佣金%10、商品：所有商品、wall art、合作起步一个月。,Bexzeak,2026-07-21,2027-05-31,10.00%,5000.0,5000.0,0,800,false
[B0GXB2D4K7],amzn1.campaign.2UEP5UANMW6JV,Traeger Woodridge Grill Cover Creator Collaboration,Grilltonic,2026-07-21,2027-07-21,10.00%,1000000.0,1000000.0,0,800,false
"[B0GFT63WZJ, B0GVF2TKPV, B0GVDXGZM5]",amzn1.campaign.XIC5MNV53599,Amazon lip balm tubes Content Creator Collaboration Program,Pilloze,2026-07-28,2026-12-16,20.00%,5000.0,5000.0,13,800,false
"[B0GFT63WZJ, B0GVF2TKPV, B0GVDXGZM5]",amzn1.campaign.SRX4TUL8UR3Y,Amazon lip balm tubes Content Creator Collaboration Program,Pilloze,2026-07-28,2026-12-14,20.00%,5000.0,5000.0,13,800,false
"[B0GJC2ZRG6, B0GJBHY6LK, B0G1BZRNY6]",amzn1.campaign.1ZFLD4FTHC5BY,Upgrade Your Workout: Durable Latex Pedal Resistance Band – Full Body Home Gym,Ayombo,2026-08-01,2026-09-30,11.00%,5000.0,5000.0,0,800,false
"[B0GWD73J4K, B0G3GL36TY, B0G2KX2THR, B0FZ7S5WHM, B0GV3YNLLV, B0FNJNH73N, B0GT771WJ9, B0FQVBKVCK, B0F6K7DDKH, B0G4862VH5, B0FN38JRFK, B0GWCVB3CR, B0FHGM6KDY, B0FZ7VWHVT, B0G2KY474H, B0F6K8NJ8S, B0F7XLPK68, B0GCCQ7PSC, B0F6K5LM7Z, B0GT73BH4M, B0GV41KP5T, B0G2KWF954, B0GT78VT9X, B0G2KR5RFM, B0FQV9B9W6, B0FNJN78B4, B0FN2ZNXGL, B0FN2WWF1R, B0GV3PXS9N, B0GCLFKBD1, B0GCLQ4F9Q, B0GCF1FY1Y, B0G2KXTSST, B0GT7JTN4R, B0G2KVX95M, B0FHGP8LBL, B0F6K71FZ6, B0G486G1SH, B0GV3SF2VC]",amzn1.campaign.NVXM7N1TZ5XH,月销量50-100+、佣金%10、商品：所有商品、wall art、合作起步一个月。,Bexzeak,2026-07-21,2027-05-31,10.00%,5000.0,5000.0,0,800,false
"[B0GJC2ZRG6, B0GJBHY6LK, B0G1BZRNY6]",amzn1.campaign.3APLVUCJPT3GR,Upgrade Your Workout: Durable Latex Pedal Resistance Band – Full Body Home Gym,Ayombo,2026-08-01,2026-09-30,10.00%,5000.0,5000.0,0,800,false
"[B0GFT63WZJ, B0GVF2TKPV, B0GVDXGZM5]",amzn1.campaign.3F8EDBX59RYOE,Amazon lip balm tubes Content Creator Collaboration Program,Pilloze,2026-07-28,2026-12-11,20.00%,5000.0,5000.0,11,800,false
"[B0GFT63WZJ, B0GVF2TKPV, B0GVDXGZM5]",amzn1.campaign.P2C1IBA2PMVG,Amazon lip balm tubes Content Creator Collaboration Program,Pilloze,2026-07-28,2026-12-09,20.00%,5000.0,5000.0,12,800,false
"[B0GFT63WZJ, B0GVF2TKPV, B0GVDXGZM5]",amzn1.campaign.3S8X8Y6CISUCB,Amazon lip balm tubes Content Creator Collaboration Program,Pilloze,2026-07-28,2026-12-08,20.00%,5000.0,5000.0,12,800,false
"[B0GFT63WZJ, B0GVF2TKPV, B0GVDXGZM5]",amzn1.campaign.31O2PGVP2Q9BW,Amazon lip balm tubes Content Creator Collaboration Program,Pilloze,2026-07-28,2026-12-07,20.00%,5000.0,5000.0,9,800,false
"[B0C9WQZXJ6, B0D8KQBF82, B0F1N69NMV, B0H3KDXB9F, B0DBZ2C98Q, B0D2GS1678, B0CPYCZJ5L, B0F1N5F66Z, B0DBZ7XJKX, B0CPXJF12R, B0C2Q67M7H, B0DBYW1T6V, B0C9WRSTM8, B0H3KNHL3T, B0F1N61BBB, B0DBZ57ZV7, B0DBYZZTVW, B0CKYL91J1, B0CRNZYS41, B0DBYX16SZ, B0CPXGQMBQ, B0BMLDFL6K, B0H3KMNYZQ, B0DBYSNVX5, B0C2Q7MXC3, B0CPXG53NF, B0DS882YT7, B0CPXGQZZQ, B0DBYS2DP9, B0DBZDFL5M, B0CPXFVJN5, B0CPXG5VGB, B0H3KJ2TJT, B0CPXGLMZ1, B0DBYYPN2H]",amzn1.campaign.2WCHD2FXJAVG1,"#B152 Wide Leather Belt: Hollow Flower Design + Prong Buckle | Earn 10%",XZQTIVE,2026-07-23,2026-11-30,10.00%,5000.0,5000.0,0,800,false
"[B0C4XWBG8S, B0C4XTXGJS]",amzn1.campaign.YMRMGDNQS4XR,7.18-300皂液器（10%,YIAOZ,2026-07-21,2026-10-20,10.00%,5000.0,5000.0,0,800,false
"[B0B6PBRST3, B0CN7CMJY3, B0CN6LRD97, B0CNVGKBMG]",amzn1.campaign.5A6T99VPE85,7.18-500皂液器（10%,YIAOZ,2026-07-21,2026-12-20,10.00%,5000.0,5000.0,0,800,false
[B0GX9KZGFG],amzn1.campaign.1XDTZFD6DPQ2E,Weber Searwood XL 600 Grill Cover Creator Collaboration,Grilltonic,2026-07-21,2027-07-21,10.00%,999997.0,999997.0,0,800,false
"[B0GFT63WZJ, B0GVF2TKPV, B0GVDXGZM5]",amzn1.campaign.3CA0IQXM0V53O,Amazon lip balm tubes Content Creator Collaboration Program,Pilloze,2026-07-28,2026-12-04,20.00%,5000.0,5000.0,8,800,false
"[B0H94YRDY8, B0H94TGMX4, B0H94X9N8G, B0H94XR637]",amzn1.campaign.2LVFXHW1X9HQC,RWYHG TV Stand Entertainment Center Media Console TV Console,RWYHG,2026-07-21,2027-07-21,10.00%,10000.0,10000.0,0,800,false
"[B0GFT63WZJ, B0GVF2TKPV, B0GVDXGZM5]",amzn1.campaign.2IDYWOAITZLPD,Amazon lip balm tubes Content Creator Collaboration Program,Pilloze,2026-07-28,2026-12-02,20.00%,5000.0,5000.0,8,800,false
"[B0CK88XPD5, B0CXSGDLV4, B0C1V36S4N, B0C1V3GCQW]",amzn1.campaign.EX34U6FWXV08,7.18扁铁（10%,HNRLOY,2026-07-21,2027-05-20,10.00%,5000.0,5000.0,0,800,false
[B0GX9TXXNB],amzn1.campaign.15SZUBNZLNS4I,Weber Slate 30 Griddle Cover Creator Collaboration,Grilltonic,2026-07-21,2027-07-21,10.00%,1000000.0,999996.58,0,800,false
"[B0DPPSGJ2N, B0FZJX9QY2, B0FZKJ27LS, B0CLLQ97WL, B0C4F5NZ1S, B0BRSJBYD9, B0FRM75VLW, B0FZKHTWWB, B09Y1SB58F, B0C7QD7683, B0CW5YMQ3D, B0FB8Z58CM, B0FDKNHHF5, B0D7CKJ8JN, B0BRSK3WPB, B0FZKLCGL7, B0FFH12CKX, B0BLN96ZV5, B0FJ83KMXJ, B09GFK13DJ, B0B6MNNBWQ, B0FB3G1Q89, B0D7GR1NZ5, B0FZJXJ6QY, B0FQ5L7J57, B0FY31F4FN, B0CW634P2D, B0C4F5L7B6, B0DH1SC9G1, B0G111GHC7, B0D4DLNT99, B0CNCM26NB, B0FY1TFDVX, B0D3FZRL6P, B0DH22TJWD, B0FLPDXJ29, B0C33LWP5X, B0FY31455D, B0G2PHYLGP, B0BXKZ7LQH, B0D7VMZL18, B0BXKDTBFN, B0FD9XRHMQ, B0G11411CD, B0G4WDTYRV, B0DSHVWKT2, B0FQ5M1P6D, B0FRM5LFS9, B0FKG3N3JN, B0B119XBG8, B0FD9ZJB9J, B0DH221GM3, B0C33BPZ8J, B0BRSJRHZK, B0FZJYY7TJ, B0FKGPSSWV, B0FLNKX5PJ, B0DH17LJCT, B0CF45JHZ8, B0CCHGJDVQ, B0DDH8TKB8, B0DDH9G2DY, B0C7QCXB2S, B0FB8X8H1N, B0CYZNDMRJ, B0DDGXCRXG, B0FQ5JGW6K, B0FLPVCVRK, B0CLLR7Z4J, B0FQ5L678L, B0FDKLGSD2, B0FDKX9B5V, B0B2VT715P, B0BLNBMY17, B0GKFNBPSJ, B0FJ8P423P, B0FQ5F483M, B0G2PRP2PS, B0GCH4YDWV, B0G2PYN8C8, B0G2Q67PYH, B0FDB133YS, B0DH1VGL9L, B0B6N2JYJQ, B0BXKYLV7S, B0G2LRWN5G, B0G2QB6X7P, B0DDGX9QXR, B0FQ5GPGTW, B0GKFH68LZ, B0DH25K2RT, B09CGF1YBK, B0C7Q9KRH9, B0GCK27QTN, B0FDWDPB9K, B0FJ8N8NNC, B0BXL1G5FD, B0CCNS5JH4, B0FY2HYTXD, B0FJ8518QV, B0BFWK181G, B0BFWKN8V7, B0D7CK13MH, B0FZTLBG81, B0FDB1ZKT7, B0CW68Y655, B0B1TFSPPQ, B0FZTNN8XM, B0G2PPVSN3, B0FDB1SLRK, B0D6KHYXTT, B0FZJNZLN5, B0D7CK41RD, B0D6KJ7BFH, B0CLLP5C8N, B0BFDH9BL2, B0DDH1G48X, B0FY1RJRRT, B0FJXK4ZSW, B0D3FZRK9F, B0DDGSWN3Y, B0DDH94BC4, B0BLN8VF6L, B0C7QRD3X4, B09GFLFWPL, B0BXKY9C24, B0DDGNDT9W, B0C7QDTP2L, B0DSHXTKD8, B0DSHX3RCB, B08SW7MPBQ, B0BXKF4LWV, B0G4W9GPSZ, B0DDGR888W, B0FZK4WY5Y, B0CLLPF4LB, B0G2LQ9JR6, B0BY8T269W, B0CF4QHY7W, B0BLN9N6TN, B0FJLWXCQV, B0DSJ1B2JR, B0C7QX3JFB, B0B2V9P45L, B0D7CK76L9, B0FJLY6SW7, B0FZJTBT42, B0D4D3X8Z8, B0DDH33G8W, B0DF55MY32, B0DF52PDG1, B0FZJWW3FP, B0F7WMCP17, B0CW64TXX4, B0FDVYJ8ZY, B0BFDGMWKL, B0FLP9KT55, B0FZJPTM1Q, B0DH1S4BJK, B0CCHJWNS8, B0CLLPHLJR, B08FMCW4HM, B0FZKK2M55, B0FQ5NGPSC, B0B6NGDT1R, B0G2Q586K4, B0D7VKXCZV, B0FFGWJ1D6, B0FQ5SG4NB, B0D7CL6VQL, B0DPPLWLS7, B09K3T7FGL, B0FD9XMB6G, B0C33DX7PP, B0FJXJWGQ8, B0FY2J674G, B0D7CJCHY1, B0FLNL68TG, B0D7CJKF3P, B0G2LNK5VL, B0FB8ZG36H, B0GCDND12D, B0FLPFW2T7]",amzn1.campaign.J654MUPRLN0B,🌿 BosilunLife Soap Dispenser | Sustainable Home Choice,BosilunLife,2026-07-21,2027-07-18,10.00%,5000.0,5000.0,0,800,false
"[B0GFT63WZJ, B0GVF2TKPV, B0GVDXGZM5]",amzn1.campaign.2XZ5IHNLH7BNN,Amazon lip balm tubes Content Creator Collaboration Program,Pilloze,2026-07-27,2027-01-30,20.00%,5000.0,5000.0,4,800,false
"[B0DPPSGJ2N, B0FZJX9QY2, B0FZKJ27LS, B0CLLQ97WL, B0C4F5NZ1S, B0BRSJBYD9, B0FRM75VLW, B0FZKHTWWB, B09Y1SB58F, B0C7QD7683, B0CW5YMQ3D, B0FB8Z58CM, B0FDKNHHF5, B0D7CKJ8JN, B0BRSK3WPB, B0FZKLCGL7, B0FFH12CKX, B0BLN96ZV5, B0FJ83KMXJ, B09GFK13DJ, B0B6MNNBWQ, B0FB3G1Q89, B0D7GR1NZ5, B0FZJXJ6QY, B0FQ5L7J57, B0FY31F4FN, B0CW634P2D, B0C4F5L7B6, B0DH1SC9G1, B0G111GHC7, B0D4DLNT99, B0CNCM26NB, B0FY1TFDVX, B0D3FZRL6P, B0DH22TJWD, B0FLPDXJ29, B0C33LWP5X, B0FY31455D, B0G2PHYLGP, B0BXKZ7LQH, B0D7VMZL18, B0BXKDTBFN, B0FD9XRHMQ, B0G11411CD, B0G4WDTYRV, B0DSHVWKT2, B0FQ5M1P6D, B0FRM5LFS9, B0FKG3N3JN, B0B119XBG8, B0FD9ZJB9J, B0DH221GM3, B0C33BPZ8J, B0BRSJRHZK, B0FZJYY7TJ, B0FKGPSSWV, B0FLNKX5PJ, B0DH17LJCT, B0CF45JHZ8, B0CCHGJDVQ, B0DDH8TKB8, B0DDH9G2DY, B0C7QCXB2S, B0FB8X8H1N, B0CYZNDMRJ, B0DDGXCRXG, B0FQ5JGW6K, B0FLPVCVRK, B0CLLR7Z4J, B0FQ5L678L, B0FDKLGSD2, B0FDKX9B5V, B0B2VT715P, B0BLNBMY17, B0GKFNBPSJ, B0FJ8P423P, B0FQ5F483M, B0G2PRP2PS, B0GCH4YDWV, B0G2PYN8C8, B0G2Q67PYH, B0FDB133YS, B0DH1VGL9L, B0B6N2JYJQ, B0BXKYLV7S, B0G2LRWN5G, B0G2QB6X7P, B0DDGX9QXR, B0FQ5GPGTW, B0GKFH68LZ, B0DH25K2RT, B09CGF1YBK, B0C7Q9KRH9, B0GCK27QTN, B0FDWDPB9K, B0FJ8N8NNC, B0BXL1G5FD, B0CCNS5JH4, B0FY2HYTXD, B0FJ8518QV, B0BFWK181G, B0BFWKN8V7, B0D7CK13MH, B0FZTLBG81, B0FDB1ZKT7, B0CW68Y655, B0B1TFSPPQ, B0FZTNN8XM, B0G2PPVSN3, B0FDB1SLRK, B0D6KHYXTT, B0FZJNZLN5, B0D7CK41RD, B0D6KJ7BFH, B0CLLP5C8N, B0BFDH9BL2, B0DDH1G48X, B0FY1RJRRT, B0FJXK4ZSW, B0D3FZRK9F, B0DDGSWN3Y, B0DDH94BC4, B0BLN8VF6L, B0C7QRD3X4, B09GFLFWPL, B0BXKY9C24, B0DDGNDT9W, B0C7QDTP2L, B0DSHXTKD8, B0DSHX3RCB, B08SW7MPBQ, B0BXKF4LWV, B0G4W9GPSZ, B0DDGR888W, B0FZK4WY5Y, B0CLLPF4LB, B0G2LQ9JR6, B0BY8T269W, B0CF4QHY7W, B0BLN9N6TN, B0FJLWXCQV, B0DSJ1B2JR, B0C7QX3JFB, B0B2V9P45L, B0D7CK76L9, B0FJLY6SW7, B0FZJTBT42, B0D4D3X8Z8, B0DDH33G8W, B0DF55MY32, B0DF52PDG1, B0FZJWW3FP, B0F7WMCP17, B0CW64TXX4, B0FDVYJ8ZY, B0BFDGMWKL, B0FLP9KT55, B0FZJPTM1Q, B0DH1S4BJK, B0CCHJWNS8, B0CLLPHLJR, B08FMCW4HM, B0FZKK2M55, B0FQ5NGPSC, B0B6NGDT1R, B0G2Q586K4, B0D7VKXCZV, B0FFGWJ1D6, B0FQ5SG4NB, B0D7CL6VQL, B0DPPLWLS7, B09K3T7FGL, B0FD9XMB6G, B0C33DX7PP, B0FJXJWGQ8, B0FY2J674G, B0D7CJCHY1, B0FLNL68TG, B0D7CJKF3P, B0G2LNK5VL, B0FB8ZG36H, B0GCDND12D, B0FLPFW2T7]",amzn1.campaign.27HM2PHYW7BGM,👨‍👩‍👧 BosilunLife Soap Dispenser | Easy Press for Everyone,BosilunLife,2026-07-21,2027-07-19,10.00%,5000.0,5000.0,0,800,false
"[B0GT1GBNYW, B0GT1LBCBC, B0GT1H1P27, B0GT1ZZLFQ]",amzn1.campaign.56RGCVTYM9YL,5000+ Bulk Pack Hair Ties | Earn 10% Commission,Bellairis,2026-07-21,2027-07-21,10.00%,5000.0,5000.0,0,800,false
"[B0DPPSGJ2N, B0FZJX9QY2, B0FZKJ27LS, B0CLLQ97WL, B0C4F5NZ1S, B0BRSJBYD9, B0FRM75VLW, B0FZKHTWWB, B09Y1SB58F, B0C7QD7683, B0CW5YMQ3D, B0FB8Z58CM, B0FDKNHHF5, B0D7CKJ8JN, B0BRSK3WPB, B0FZKLCGL7, B0FFH12CKX, B0BLN96ZV5, B0FJ83KMXJ, B09GFK13DJ, B0B6MNNBWQ, B0FB3G1Q89, B0D7GR1NZ5, B0FZJXJ6QY, B0FQ5L7J57, B0FY31F4FN, B0CW634P2D, B0C4F5L7B6, B0DH1SC9G1, B0G111GHC7, B0D4DLNT99, B0CNCM26NB, B0FY1TFDVX, B0D3FZRL6P, B0DH22TJWD, B0FLPDXJ29, B0C33LWP5X, B0FY31455D, B0G2PHYLGP, B0BXKZ7LQH, B0D7VMZL18, B0BXKDTBFN, B0FD9XRHMQ, B0G11411CD, B0G4WDTYRV, B0DSHVWKT2, B0FQ5M1P6D, B0FRM5LFS9, B0FKG3N3JN, B0B119XBG8, B0FD9ZJB9J, B0DH221GM3, B0C33BPZ8J, B0BRSJRHZK, B0FZJYY7TJ, B0FKGPSSWV, B0FLNKX5PJ, B0DH17LJCT, B0CF45JHZ8, B0CCHGJDVQ, B0DDH8TKB8, B0DDH9G2DY, B0C7QCXB2S, B0FB8X8H1N, B0CYZNDMRJ, B0DDGXCRXG, B0FQ5JGW6K, B0FLPVCVRK, B0CLLR7Z4J, B0FQ5L678L, B0FDKLGSD2, B0FDKX9B5V, B0B2VT715P, B0BLNBMY17, B0GKFNBPSJ, B0FJ8P423P, B0FQ5F483M, B0G2PRP2PS, B0GCH4YDWV, B0G2PYN8C8, B0G2Q67PYH, B0FDB133YS, B0DH1VGL9L, B0B6N2JYJQ, B0BXKYLV7S, B0G2LRWN5G, B0G2QB6X7P, B0DDGX9QXR, B0FQ5GPGTW, B0GKFH68LZ, B0DH25K2RT, B09CGF1YBK, B0C7Q9KRH9, B0GCK27QTN, B0FDWDPB9K, B0FJ8N8NNC, B0BXL1G5FD, B0CCNS5JH4, B0FY2HYTXD, B0FJ8518QV, B0BFWK181G, B0BFWKN8V7, B0D7CK13MH, B0FZTLBG81, B0FDB1ZKT7, B0CW68Y655, B0B1TFSPPQ, B0FZTNN8XM, B0G2PPVSN3, B0FDB1SLRK, B0D6KHYXTT, B0FZJNZLN5, B0D7CK41RD, B0D6KJ7BFH, B0CLLP5C8N, B0BFDH9BL2, B0DDH1G48X, B0FY1RJRRT, B0FJXK4ZSW, B0D3FZRK9F, B0DDGSWN3Y, B0DDH94BC4, B0BLN8VF6L, B0C7QRD3X4, B09GFLFWPL, B0BXKY9C24, B0DDGNDT9W, B0C7QDTP2L, B0DSHXTKD8, B0DSHX3RCB, B08SW7MPBQ, B0BXKF4LWV, B0G4W9GPSZ, B0DDGR888W, B0FZK4WY5Y, B0CLLPF4LB, B0G2LQ9JR6, B0BY8T269W, B0CF4QHY7W, B0BLN9N6TN, B0FJLWXCQV, B0DSJ1B2JR, B0C7QX3JFB, B0B2V9P45L, B0D7CK76L9, B0FJLY6SW7, B0FZJTBT42, B0D4D3X8Z8, B0DDH33G8W, B0DF55MY32, B0DF52PDG1, B0FZJWW3FP, B0F7WMCP17, B0CW64TXX4, B0FDVYJ8ZY, B0BFDGMWKL, B0FLP9KT55, B0FZJPTM1Q, B0DH1S4BJK, B0CCHJWNS8, B0CLLPHLJR, B08FMCW4HM, B0FZKK2M55, B0FQ5NGPSC, B0B6NGDT1R, B0G2Q586K4, B0D7VKXCZV, B0FFGWJ1D6, B0FQ5SG4NB, B0D7CL6VQL, B0DPPLWLS7, B09K3T7FGL, B0FD9XMB6G, B0C33DX7PP, B0FJXJWGQ8, B0FY2J674G, B0D7CJCHY1, B0FLNL68TG, B0D7CJKF3P, B0G2LNK5VL, B0FB8ZG36H, B0GCDND12D, B0FLPFW2T7]",amzn1.campaign.2BBI43ZCHOKVT,✨ BosilunLife Ceramic Soap Dispenser | Minimal Home Decor,BosilunLife,2026-07-21,2027-07-20,10.00%,5000.0,5000.0,0,800,false
"[B0FVXS9G4R, B0FVXTVQKV, B0FVXVJ58H, B0FVXT8LRW, B0FVXX9F97, B0FVXZ34FF, B0FVXV8JQK, B0FVXSXYST, B0FVXRHFVV, B0FVXSXJ3F, B0FVXZF7CT, B0FVXSQWP3, B0FVXSR1VD, B0FVXT9CST, B0G6ZMMHYX, B0FVXVFXQQ, B0FVXWNPKS, B0FVXWJLCH, B0FVXS35NS, B0FVXX7HY3, B0FVXWL9JC, B0FVXSVVPN, B0FVXTPX1G, B0FVXSTDFS, B0FVXV6TJ7, B0FVXQ8SD6, B0FVXX2PK3, B0FVXVFGYW, B0FVXTGR6G, B0FVXVJ38Z, B0FVY214JG, B0FVXRYGCS, B0FVXVVYJZ, B0FVXS7S5Q, B0FVXSRF3L, B0FVXTXSL4, B0FVXX8R8W, B0FVXTHSKM]",amzn1.campaign.3P2R1H3240ZNU,"Hot Selling Women Western Skirts With Layered Hem, Free Samples, 10% Commission",Waist Wow,2026-07-21,2027-02-21,10.00%,20000.0,20000.0,0,800,false
[B0FRGNXZF9],amzn1.campaign.P2UJEQGLHSYF,7.18抽屉香水架（10%,EHORIA,2026-07-21,2026-10-20,10.00%,5000.0,5000.0,0,800,false
"[B0DPPSGJ2N, B0FZJX9QY2, B0FZKJ27LS, B0CLLQ97WL, B0C4F5NZ1S, B0BRSJBYD9, B0FRM75VLW, B0FZKHTWWB, B09Y1SB58F, B0C7QD7683, B0CW5YMQ3D, B0FB8Z58CM, B0FDKNHHF5, B0D7CKJ8JN, B0BRSK3WPB, B0FZKLCGL7, B0FFH12CKX, B0BLN96ZV5, B0FJ83KMXJ, B09GFK13DJ, B0B6MNNBWQ, B0FB3G1Q89, B0D7GR1NZ5, B0FZJXJ6QY, B0FQ5L7J57, B0FY31F4FN, B0CW634P2D, B0C4F5L7B6, B0DH1SC9G1, B0G111GHC7, B0D4DLNT99, B0CNCM26NB, B0FY1TFDVX, B0D3FZRL6P, B0DH22TJWD, B0FLPDXJ29, B0C33LWP5X, B0FY31455D, B0G2PHYLGP, B0BXKZ7LQH, B0D7VMZL18, B0BXKDTBFN, B0FD9XRHMQ, B0G11411CD, B0G4WDTYRV, B0DSHVWKT2, B0FQ5M1P6D, B0FRM5LFS9, B0FKG3N3JN, B0B119XBG8, B0FD9ZJB9J, B0DH221GM3, B0C33BPZ8J, B0BRSJRHZK, B0FZJYY7TJ, B0FKGPSSWV, B0FLNKX5PJ, B0DH17LJCT, B0CF45JHZ8, B0CCHGJDVQ, B0DDH8TKB8, B0DDH9G2DY, B0C7QCXB2S, B0FB8X8H1N, B0CYZNDMRJ, B0DDGXCRXG, B0FQ5JGW6K, B0FLPVCVRK, B0CLLR7Z4J, B0FQ5L678L, B0FDKLGSD2, B0FDKX9B5V, B0B2VT715P, B0BLNBMY17, B0GKFNBPSJ, B0FJ8P423P, B0FQ5F483M, B0G2PRP2PS, B0GCH4YDWV, B0G2PYN8C8, B0G2Q67PYH, B0FDB133YS, B0DH1VGL9L, B0B6N2JYJQ, B0BXKYLV7S, B0G2LRWN5G, B0G2QB6X7P, B0DDGX9QXR, B0FQ5GPGTW, B0GKFH68LZ, B0DH25K2RT, B09CGF1YBK, B0C7Q9KRH9, B0GCK27QTN, B0FDWDPB9K, B0FJ8N8NNC, B0BXL1G5FD, B0CCNS5JH4, B0FY2HYTXD, B0FJ8518QV, B0BFWK181G, B0BFWKN8V7, B0D7CK13MH, B0FZTLBG81, B0FDB1ZKT7, B0CW68Y655, B0B1TFSPPQ, B0FZTNN8XM, B0G2PPVSN3, B0FDB1SLRK, B0D6KHYXTT, B0FZJNZLN5, B0D7CK41RD, B0D6KJ7BFH, B0CLLP5C8N, B0BFDH9BL2, B0DDH1G48X, B0FY1RJRRT, B0FJXK4ZSW, B0D3FZRK9F, B0DDGSWN3Y, B0DDH94BC4, B0BLN8VF6L, B0C7QRD3X4, B09GFLFWPL, B0BXKY9C24, B0DDGNDT9W, B0C7QDTP2L, B0DSHXTKD8, B0DSHX3RCB, B08SW7MPBQ, B0BXKF4LWV, B0G4W9GPSZ, B0DDGR888W, B0FZK4WY5Y, B0CLLPF4LB, B0G2LQ9JR6, B0BY8T269W, B0CF4QHY7W, B0BLN9N6TN, B0FJLWXCQV, B0DSJ1B2JR, B0C7QX3JFB, B0B2V9P45L, B0D7CK76L9, B0FJLY6SW7, B0FZJTBT42, B0D4D3X8Z8, B0DDH33G8W, B0DF55MY32, B0DF52PDG1, B0FZJWW3FP, B0F7WMCP17, B0CW64TXX4, B0FDVYJ8ZY, B0BFDGMWKL, B0FLP9KT55, B0FZJPTM1Q, B0DH1S4BJK, B0CCHJWNS8, B0CLLPHLJR, B08FMCW4HM, B0FZKK2M55, B0FQ5NGPSC, B0B6NGDT1R, B0G2Q586K4, B0D7VKXCZV, B0FFGWJ1D6, B0FQ5SG4NB, B0D7CL6VQL, B0DPPLWLS7, B09K3T7FGL, B0FD9XMB6G, B0C33DX7PP, B0FJXJWGQ8, B0FY2J674G, B0D7CJCHY1, B0FLNL68TG, B0D7CJKF3P, B0G2LNK5VL, B0FB8ZG36H, B0GCDND12D, B0FLPFW2T7]",amzn1.campaign.IXG0WLH6ZHG6,🍽️ BosilunLife Soap Dispenser | Kitchen Sink Essential,BosilunLife,2026-07-21,2027-07-21,10.00%,5000.0,5000.0,0,800,false
"[B0DPPSGJ2N, B0FZJX9QY2, B0FZKJ27LS, B0CLLQ97WL, B0C4F5NZ1S, B0BRSJBYD9, B0FRM75VLW, B0FZKHTWWB, B09Y1SB58F, B0C7QD7683, B0CW5YMQ3D, B0FB8Z58CM, B0FDKNHHF5, B0D7CKJ8JN, B0BRSK3WPB, B0FZKLCGL7, B0FFH12CKX, B0BLN96ZV5, B0FJ83KMXJ, B09GFK13DJ, B0B6MNNBWQ, B0FB3G1Q89, B0D7GR1NZ5, B0FZJXJ6QY, B0FQ5L7J57, B0FY31F4FN, B0CW634P2D, B0C4F5L7B6, B0DH1SC9G1, B0G111GHC7, B0D4DLNT99, B0CNCM26NB, B0FY1TFDVX, B0D3FZRL6P, B0DH22TJWD, B0FLPDXJ29, B0C33LWP5X, B0FY31455D, B0G2PHYLGP, B0BXKZ7LQH, B0D7VMZL18, B0BXKDTBFN, B0FD9XRHMQ, B0G11411CD, B0G4WDTYRV, B0DSHVWKT2, B0FQ5M1P6D, B0FRM5LFS9, B0FKG3N3JN, B0B119XBG8, B0FD9ZJB9J, B0DH221GM3, B0C33BPZ8J, B0BRSJRHZK, B0FZJYY7TJ, B0FKGPSSWV, B0FLNKX5PJ, B0DH17LJCT, B0CF45JHZ8, B0CCHGJDVQ, B0DDH8TKB8, B0DDH9G2DY, B0C7QCXB2S, B0FB8X8H1N, B0CYZNDMRJ, B0DDGXCRXG, B0FQ5JGW6K, B0FLPVCVRK, B0CLLR7Z4J, B0FQ5L678L, B0FDKLGSD2, B0FDKX9B5V, B0B2VT715P, B0BLNBMY17, B0GKFNBPSJ, B0FJ8P423P, B0FQ5F483M, B0G2PRP2PS, B0GCH4YDWV, B0G2PYN8C8, B0G2Q67PYH, B0FDB133YS, B0DH1VGL9L, B0B6N2JYJQ, B0BXKYLV7S, B0G2LRWN5G, B0G2QB6X7P, B0DDGX9QXR, B0FQ5GPGTW, B0GKFH68LZ, B0DH25K2RT, B09CGF1YBK, B0C7Q9KRH9, B0GCK27QTN, B0FDWDPB9K, B0FJ8N8NNC, B0BXL1G5FD, B0CCNS5JH4, B0FY2HYTXD, B0FJ8518QV, B0BFWK181G, B0BFWKN8V7, B0D7CK13MH, B0FZTLBG81, B0FDB1ZKT7, B0CW68Y655, B0B1TFSPPQ, B0FZTNN8XM, B0G2PPVSN3, B0FDB1SLRK, B0D6KHYXTT, B0FZJNZLN5, B0D7CK41RD, B0D6KJ7BFH, B0CLLP5C8N, B0BFDH9BL2, B0DDH1G48X, B0FY1RJRRT, B0FJXK4ZSW, B0D3FZRK9F, B0DDGSWN3Y, B0DDH94BC4, B0BLN8VF6L, B0C7QRD3X4, B09GFLFWPL, B0BXKY9C24, B0DDGNDT9W, B0C7QDTP2L, B0DSHXTKD8, B0DSHX3RCB, B08SW7MPBQ, B0BXKF4LWV, B0G4W9GPSZ, B0DDGR888W, B0FZK4WY5Y, B0CLLPF4LB, B0G2LQ9JR6, B0BY8T269W, B0CF4QHY7W, B0BLN9N6TN, B0FJLWXCQV, B0DSJ1B2JR, B0C7QX3JFB, B0B2V9P45L, B0D7CK76L9, B0FJLY6SW7, B0FZJTBT42, B0D4D3X8Z8, B0DDH33G8W, B0DF55MY32, B0DF52PDG1, B0FZJWW3FP, B0F7WMCP17, B0CW64TXX4, B0FDVYJ8ZY, B0BFDGMWKL, B0FLP9KT55, B0FZJPTM1Q, B0DH1S4BJK, B0CCHJWNS8, B0CLLPHLJR, B08FMCW4HM, B0FZKK2M55, B0FQ5NGPSC, B0B6NGDT1R, B0G2Q586K4, B0D7VKXCZV, B0FFGWJ1D6, B0FQ5SG4NB, B0D7CL6VQL, B0DPPLWLS7, B09K3T7FGL, B0FD9XMB6G, B0C33DX7PP, B0FJXJWGQ8, B0FY2J674G, B0D7CJCHY1, B0FLNL68TG, B0D7CJKF3P, B0G2LNK5VL, B0FB8ZG36H, B0GCDND12D, B0FLPFW2T7]",amzn1.campaign.MKKALHA5G40Z,🖤 BosilunLife 12Oz Soap Dispenser | Modern Ceramic Style,BosilunLife,2026-07-21,2027-07-14,10.00%,5000.0,5000.0,0,800,false
"[B0C2TL4HD3, B0CK83MNL4, B0C2TJPQSD]",amzn1.campaign.2K3OQVASY3WTK,7.18马桶凳(10%,JOPSTDI,2026-07-21,2027-05-20,10.00%,5000.0,5000.0,0,800,false
"[B0DKT4WR4K, B0C2TPGSN8, B0CNP3P8HZ]",amzn1.campaign.1R7KKSMIOKV0O,7.18三角形（10%,JOPSTDI,2026-07-21,2027-05-20,10.00%,5000.0,5000.0,0,800,false
"[B0GFT63WZJ, B0GVF2TKPV, B0GVDXGZM5]",amzn1.campaign.37YSHYDSF7YUS,Amazon lip balm tubes Content Creator Collaboration Program,Pilloze,2026-07-27,2027-01-23,20.00%,5000.0,5000.0,9,800,false
"[B0BGQ1YPLC, B09SC3GDVR, B0BP7JMVZS, B0BP7MGR4P, B0BLRZ2JK3, B0BGPZKT2X, B0BP7LMKF4, B0BLR617QS, B0BP7W5YDX, B09GY39P3X, B0BP7L7D76, B0BGQ43MWJ, B09GY4ZSZG, B09GY6GK4W, B0GSZT3ZSM, B09GY5DB2S, B0BGQ1YYLV, B0C4XDTYRH, B0BGQ4QCXW, B09GY2SYRB, B09GY2DQRR, B09GYNYQGT, B0CP1PKRMT, B0GSZSPHS5, B0BGQ49995, B0BP7JD1RW, B0BGQ24QFD, B0BP7LXBR9, B09GY6C6WX, B0C4XFB326, B0C4XMMW2M, B0C4XMFT1Q, B0BLS4RSPC, B0CRB3TL1D]",amzn1.campaign.36QTYGG71WZRV,B079-Most Popular Cowgirl Bling Studded Leather Belt,XZQTIVE,2026-07-23,2026-12-31,10.00%,5000.0,5000.0,0,800,false
[B07D41Z6LM],amzn1.campaign.1VUSCATHAWA6E,Mirror Centerpiece Round MCR-GL-10IN-FBA Creator Connections 15%,Houseables,2026-07-21,2027-07-21,15.00%,999999.0,999999.0,0,800,false
"[B0CLRS1BZD, B0CLRTGW33, B0CLRS1BZF, B0CLRS84DM, B0CLRSX65M, B0CLRTH4TS, B0CLRRMQTW]",amzn1.campaign.3OXNI8KE5X9HF,7.18-550皂液器(10%,EHORIA,2026-07-21,2027-05-20,10.00%,5000.0,5000.0,0,800,false
"[B0GFT63WZJ, B0GVF2TKPV, B0GVDXGZM5]",amzn1.campaign.2OXJSO8S7WWRJ,Amazon lip balm tubes Content Creator Collaboration Program,Pilloze,2026-07-27,2027-01-21,20.00%,5000.0,5000.0,10,800,false
[B0GKTRCGT1],amzn1.campaign.2WR7PZQ8QFNPW,EAST OAK Smoker Stand Upgrade Collaboration,Grilltonic,2026-07-21,2027-07-21,10.00%,1000000.0,1000000.0,0,800,false
"[B0GFT63WZJ, B0GVF2TKPV, B0GVDXGZM5]",amzn1.campaign.25FLEQTPB0D9I,Amazon lip balm tubes Content Creator Collaboration Program,Pilloze,2026-07-27,2027-01-20,20.00%,5000.0,5000.0,8,800,false
"[B0GFT63WZJ, B0GVF2TKPV, B0GVDXGZM5]",amzn1.campaign.3RTQ6EBS9W0NP,Amazon lip balm tubes Content Creator Collaboration Program,Pilloze,2026-07-27,2027-01-18,20.00%,5000.0,5000.0,11,800,false
[B0C1VFJV5M],amzn1.campaign.368IZET0H16FU,18leather-创作者计划,SEISSO,2026-07-21,2026-12-31,10.00%,5000.0,5000.0,0,800,false
"[B0GFT63WZJ, B0GVF2TKPV, B0GVDXGZM5]",amzn1.campaign.2W7L8S48NOQAX,Amazon lip balm tubes Content Creator Collaboration Program,Pilloze,2026-07-27,2027-01-17,20.00%,5000.0,5000.0,9,800,false
"[B0GQSQZ5T6, B0GQSV9CG1, B0GQSP52KN, B0GQSHB6YX, B0GQSXXRN2, B0GQSJ4SFL, B0GQSWCS4Y, B0GVRZJQDV, B0GQSS81FH, B0GQSVLQY8, B0GQSWCNZF, B0GQSWDGZH, B0GQSHR8NW, B0GQSW6RJW, B0GQSGWWYC, B0GQSL6PR4, B0GQSNNNM5, B0GQSDN42P, B0GQSPT2KQ, B0GQSNW7HT, B0GQSWQSLF, B0GQSLLW35, B0GQSN69QF, B0GQSN69QC]",amzn1.campaign.3N7KKBCMJOWBH,"#B227 💸 10% Commission – 4.4★ Wide Elastic Woven Belt",XZQTIVE,2026-07-23,2026-12-31,10.00%,5000.0,5000.0,0,800,false
"[B0CFVKCDXJ, B0CFVKKZ8Y, B0CFVHMHGB, B0CFVLT4FP, B0CFVLDJ6S, B0CFVL3R3P, B0CFVJNQ3N]",amzn1.campaign.347OARHNY7LBG,2026 Holiday costume essential? LEACOOLKEY Santa Belt – 10% Affiliate Payout ⛄,LEACOOLKEY,2026-07-21,2026-10-31,10.00%,5000.0,5000.0,0,800,false
"[B0DJ4QZBQ5, B0F99MNPN4, B0DKX6Y424, B0D45JLB5H, B0F99JFD3X, B0D45CXNP3, B0F99KTLKM, B0F5GFKSJS, B0DJ4RQ6B5, B0DJ4QWKDV, B0DJ4RPN9Q, B0DKX8BG2B, B0D45MR5N9, B0DY179PXG, B0DHRTWZQ3, B0D45K8H7C, B0D8KVWTT1, B0D8KQYPVS, B0DY1BKP1S, B0DJ4QN3PG, B0D8KRXM26, B0DDH5CF21, B0D45L4G1Y, B0DJ4RMYWY, B0DJ4RRZHQ, B0DY18NSMN, B0F5GFSXF2, B0DJ4ST1WD, B0D8KPFD8Q, B0DKWXSCZH, B0D8KQ4VMX, B0DJKHWV8R, B0DJ4TBXPS, B0D45MLX3K, B0D8KQK8V2, B0DKW5S2PR, B0D45JK9MQ, B0D8KPTKQ9, B0F5G3NR3J]",amzn1.campaign.3MC8TEV7TBSK7,"#B182 Structured Cognac Faux Leather Stretch Waist Belt | All‑Day Comfort",XZQTIVE,2026-07-23,2026-12-31,10.00%,5000.0,5000.0,0,800,false
"[B0GFT63WZJ, B0GVF2TKPV, B0GVDXGZM5]",amzn1.campaign.3762UMGK64AWL,Amazon lip balm tubes Content Creator Collaboration Program,Pilloze,2026-07-27,2027-01-12,20.00%,5000.0,5000.0,9,800,false
"[B0D5CWK831, B0D5CTLY6M, B0D5CTWNHZ, B0D5CTP2CQ, B0D5CSQ4G7, B0D5CVV4CM, B0D5CTJ9H2]",amzn1.campaign.1L3VFR044FFZU,2026 Hot style alert! LEACOOLKEY Kids Belt – 10% Commission + Samples 🎁,LEACOOLKEY,2026-07-21,2026-10-31,10.00%,5000.0,4998.8,0,800,false
"[B0DPWVY3PT, B0DPWV67JY, B0F1F93PVL]",amzn1.campaign.2WBXMOVMZ9ZGK,7.18马桶凳（10%,Forest Angle,2026-07-21,2027-04-20,10.00%,5000.0,5000.0,0,800,false
"[B0GFT63WZJ, B0GVF2TKPV, B0GVDXGZM5]",amzn1.campaign.23EX6YB6N9T54,Amazon lip balm tubes Content Creator Collaboration Program,Pilloze,2026-07-27,2027-01-10,20.00%,5000.0,5000.0,8,800,false
"[B0GFT63WZJ, B0GVF2TKPV, B0GVDXGZM5]",amzn1.campaign.7ACO307E446N,Amazon lip balm tubes Content Creator Collaboration Program,Pilloze,2026-07-27,2027-01-08,20.00%,5000.0,5000.0,12,800,false
"[B0GH5819PF, B0GGHQ13HM, B0GQS9YWPM, B0GH4JSPP9, B0GQRZ193K, B0GQRK7827, B0GQRQPDNK, B0GQRZ15YM, B0GQRTGY4W, B0GH58LZB6, B0GQSB3G11, B0GGHFZT97, B0GQRTQDVD, B0GQRQ1M88, B0GGHR3RJD, B0GQRTLGDK, B0GGHW7RCY, B0GQRQ8V9Q, B0GGHN7ZSQ, B0GQSGWY2D, B0GQRKDT1G, B0GH5BFN3P, B0GQRN6VZ3, B0GGHQQ7PY, B0GH47C5M3, B0GGJDG55F, B0GGHGG5GW, B0GH57XRTW, B0GQRW2FVK, B0GQRHHFSQ]",amzn1.campaign.3QR09PAWHMHJ1,Gold Framed Wall Art+10%,tdhtser,2026-07-21,2026-12-31,10.00%,10000.0,9999.2,0,800,false
"[B0DTHD9DHH, B0FT8C4TRC, B0DTHDLSJ5, B0DTHF71LK, B0DTHBL7BF, B0FT7YJ51D, B0DTHD2RST, B0FT7YYKL3, B0FT87GKRG, B0FT8CLBMJ]",amzn1.campaign.2Y2CSSGMU7Q5D,7.18扇形置物架（10%,Forest Angle,2026-07-21,2027-05-20,10.00%,5000.0,4994.15,0,800,false
"[B0GG9H4FYK, B0FSJK8ZGB, B0F6W942HH, B0F6WCTZPS, B0F6XMXS6X, B0G814RTYS, B0F6Y15Y3S, B0G25B58DQ, B0G2584JJY, B0G25FJJCK, B0G25C6Q7R, B0F6WBLPYG, B0G25DLNVG, B0F6WBF2VC, B0G25B85QP, B0G25DGS8C, B0GG9WF2H2, B0G25BV61W, B0F6Y5Y2CC, B0G25FHBSF, B0F6XXL197, B0F6XXL199, B0G258WB3X, B0G258JYPJ, B0G259YPF1, B0G25HKDM2, B0F6XYHWTS, B0G258D7FX, B0G257NQV6, B0F6XZ2NGP, B0G25DWS7P, B0F6XW3XZG, B0F6Y5X1PD, B0G25C8YKQ, B0F6XTVFM3, B0F6XXRFF8, B0F6XV4BW6, B0F6WBCRY1, B0F6XN4CXY, B0F6WCZW62, B0F6W87V88, B0F6XSDZJ6, B0F6WC9K4S, B0F6XWHV1H, B0G25724S2, B0F6XN2XKD, B0G25C1DW2, B0F6XYFWTP, B0F6XWDV4H, B0G25DD7CL, B0F6XZPLTN]",amzn1.campaign.OO2TCBMUO9AL,"#B226 10% Commission 💰 + Free Sample | Horseshoe Buckle Leather Belt",XZQTIVE,2026-07-23,2026-12-31,10.00%,5000.0,5000.0,0,800,false
"[B0GFT63WZJ, B0GVF2TKPV, B0GVDXGZM5]",amzn1.campaign.3JYSPOMTW6Q6L,Amazon lip balm tubes Content Creator Collaboration Program,Pilloze,2026-07-27,2027-01-04,20.00%,5000.0,5000.0,8,800,false
[B0H3KQ9YHP],amzn1.campaign.1SOM6SRBUDFR2,✨ Posotrimed Pet Urine Test Strips | Individually Wrapped,Posotrimed,2026-07-21,2027-07-15,15.00%,5000.0,5000.0,0,800,false
[B0H3KQ9YHP],amzn1.campaign.3OKRJ0OS274GN,💚 Posotrimed Pet Urine Test Strips | Easy Home Monitoring,Posotrimed,2026-07-21,2027-07-16,15.00%,5000.0,5000.0,0,800,false
[B0H3KQ9YHP],amzn1.campaign.3DCMNHOFF2F2V,🐱🐶 Posotrimed 10-in-1 Pet Urine Test Strips | Multi-Pet Essential,Posotrimed,2026-07-21,2027-07-17,15.00%,5000.0,5000.0,0,800,false
[B0H3KQ9YHP],amzn1.campaign.39L6470GRQO6P,🐕 Posotrimed Pet Urine Test Strips | Senior Pet Care Made Easy,Posotrimed,2026-07-21,2027-07-18,15.00%,5000.0,5000.0,0,800,false
