ASIN List,Campaign Id,Campaign Name,Brand Name,Campaign Start Date,Campaign End Date,Commission Rate,Campaign Budget,Budget Remaining,Available Slot,Total Slot,Recommended
"[B0GCCDP8SQ, B0GCDP5BBB, B0GCCXT8H3, B0GCCQ3521, B0GCDP46H1, B0GDZBHTPC, B0GDZFY53R, B0GCD9KRSY, B0GCCQFKZJ, B0GCD8PYCS, B0GCCQ4N9W, B0GCD9DLJK, B0GCCDWS6T, B0GDZG65GS, B0GCFDVRLV, B0GCDP6VJ3, B0GDZLKYCP, B0GDZJBYSY, B0GDZWGNM8, B0GDZPVNZG, B0GDZNCXQ8, B0GCDMK3CR, B0GCD9BL4Y, B0GDZSRLJQ, B0GDZWPRK3, B0GCD9GZLP, B0GCDPZPBV, B0GDZHC3VJ, B0GCD7CJNF, B0GCD6W7YR, B0GCCLFV12, B0GCD73DMW, B0GCDMRNFV, B0GCCF48BN, B0GCFF4PNJ, B0GDZJX4XR]",amzn1.campaign.3VTYDEOE20NSC,🎀 10% Commission – Stylish Peplum Tops for Summer,Yegthou,2026-04-09,2027-04-09,10.00%,5000.0,4886.42,0,800,false
"[B0G4PSCR5H, B0DTJWK2LJ, B0DTJWX5SF, B0DTJWB2H7, B0DTJX7FVB]",amzn1.campaign.33ZXXMY8WGNH,"3K+ sold, 15% commission, [ B0DTJWX5SF], 2Pcs Round Planter Insert with Drainage",Lettry,2026-04-09,2027-04-09,15.00%,5000.0,4791.26,4,800,false
"[B0GJ4J4SP8, B0GJ489TVH, B0GJ4QVCZY, B0GJ3Y87TF, B0GJ4NXN98, B0GJ4DP6LP, B0GJ4MK9R2, B0GJ49J66C, B0GJ45CZBZ, B0GJ484364, B0GJ4GFF4W, B0GJ4GYBCC]",amzn1.campaign.2EP8EOTMWOKWF,🔥2026 NEW RELEASES - Convertible Bandeau One Piece Swimsuit Women,DaiLiWei,2026-04-09,2027-04-09,10.00%,5000.0,4910.47,1,800,false
"[B0GTLXGTYT, B0GTLLC2R6]",amzn1.campaign.1A105CIX1JKSZ,"Crab-solute Desk Goals"" Challenge——Exorbitant commission, would you accept it?",JGXPIQZ,2026-04-09,2027-04-09,10.00%,100000.0,99995.81,0,800,false
"[B0DSL3GRZ4, B0DX71BCMM, B0FJFK3Z5P, B0FJ8NNDKX]",amzn1.campaign.1NH1PIHD6IQQR,🌧️🤝🦋 You + This Rain Gauge = A Smarter Garden,Voumsil,2026-04-24,2027-04-24,10.00%,5000.0,5000.0,22,800,false
"[B0D97BJSLK, B0D97FGKWJ, B0D97FK37H, B0D97HDVSM, B0D97FV3CN, B0D97FRY8W, B0D97F6XPJ, B0D97H6DMX, B0D97GJ2MB, B0D97FYKXL, B0D97DSZ48, B0D97FTW3Z, B0D97GKC5W, B0D97H9SRW, B0D97GT573, B0D97HSQBN, B0D97G7BZB, B0D97F5N7B, B0D97DXRNS, B0D97H598Y, B0D97DW3YM, B0D97GKQJX, B0D97GGM1Y, B0D97GBPK1]",amzn1.campaign.2U8SIXDQ9HHXH,😍👍💥OFF30% Share our hiking pants on your social media to get a 15% commission,MOURCE,2026-04-09,2027-01-10,15.00%,5000.0,5000.0,13,800,false
"[B0DSL3GRZ4, B0DX71BCMM, B0FJFK3Z5P, B0FJ8NNDKX]",amzn1.campaign.2FIIUBED49JKZ,🦋🌧️ The 3-Second Rain Gauge Review,Voumsil,2026-04-23,2027-04-23,10.00%,5000.0,5000.0,31,800,false
"[B0D97BJSLK, B0D97FGKWJ, B0D97FK37H, B0D97HDVSM, B0D97FV3CN, B0D97FRY8W, B0D97F6XPJ, B0D97H6DMX, B0D97GJ2MB, B0D97FYKXL, B0D97DSZ48, B0D97FTW3Z, B0D97GKC5W, B0D97H9SRW, B0D97GT573, B0D97HSQBN, B0D97G7BZB, B0D97F5N7B, B0D97DXRNS, B0D97H598Y, B0D97DW3YM, B0D97GKQJX, B0D97GGM1Y, B0D97GBPK1]",amzn1.campaign.2D3CC9H34V0O6,😍👍💥OFF30% Share our hiking pants on your social media to get a 15% commission,MOURCE,2026-04-09,2027-01-09,15.00%,5000.0,5000.0,16,800,false
"[B0GCSY3B8R, B0GCRNDWWN, B0GCSC1QCJ, B0GCSQVPW3, B0GCSBWPPM, B0GCRYHVJN, B0GCSGTD4J, B0GCSLLC2V, B0GCRWRJ6P, B0GCRVG7NK, B0GCSRZF84, B0GCSH1D57, B0GCSG1ZXV, B0GCS5G312, B0GCSD64B6]",amzn1.campaign.ENDXFOTNB52N,sports bra,Fafrllov,2026-04-09,2026-10-31,15.00%,8000.0,7981.05,0,800,false
"[B0D97BJSLK, B0D97FGKWJ, B0D97FK37H, B0D97HDVSM, B0D97FV3CN, B0D97FRY8W, B0D97F6XPJ, B0D97H6DMX, B0D97GJ2MB, B0D97FYKXL, B0D97DSZ48, B0D97FTW3Z, B0D97GKC5W, B0D97H9SRW, B0D97GT573, B0D97HSQBN, B0D97G7BZB, B0D97F5N7B, B0D97DXRNS, B0D97H598Y, B0D97DW3YM, B0D97GKQJX, B0D97GGM1Y, B0D97GBPK1]",amzn1.campaign.BQIHPUXOPFYY,😍👍💥OFF30% Share our hiking pants on your social media to get a 15% commission,MOURCE,2026-04-09,2027-01-08,15.00%,5000.0,5000.0,22,800,false
"[B0D97BJSLK, B0D97FGKWJ, B0D97FK37H, B0D97HDVSM, B0D97FV3CN, B0D97FRY8W, B0D97F6XPJ, B0D97H6DMX, B0D97GJ2MB, B0D97FYKXL, B0D97DSZ48, B0D97FTW3Z, B0D97GKC5W, B0D97H9SRW, B0D97GT573, B0D97HSQBN, B0D97G7BZB, B0D97F5N7B, B0D97DXRNS, B0D97H598Y, B0D97DW3YM, B0D97GKQJX, B0D97GGM1Y, B0D97GBPK1]",amzn1.campaign.NJX1WDESALTJ,😍👍💥OFF30% Share our hiking pants on your social media to get a 15% commission,MOURCE,2026-04-09,2027-01-07,15.00%,5000.0,5000.0,24,800,false
"[B0DSL3GRZ4, B0DX71BCMM, B0FJFK3Z5P, B0FJ8NNDKX]",amzn1.campaign.3EHS2OBZOG13O,⚠️ PSA: Your Plants Are Thirsty (Or Drowning. You Don’t Know Which.),Voumsil,2026-04-22,2027-04-22,10.00%,5000.0,5000.0,33,800,false
"[B0D97BJSLK, B0D97FGKWJ, B0D97FK37H, B0D97HDVSM, B0D97FV3CN, B0D97FRY8W, B0D97F6XPJ, B0D97H6DMX, B0D97GJ2MB, B0D97FYKXL, B0D97DSZ48, B0D97FTW3Z, B0D97GKC5W, B0D97H9SRW, B0D97GT573, B0D97HSQBN, B0D97G7BZB, B0D97F5N7B, B0D97DXRNS, B0D97H598Y, B0D97DW3YM, B0D97GKQJX, B0D97GGM1Y, B0D97GBPK1]",amzn1.campaign.2958AT8CMSDIY,😍👍💥OFF30% Share our hiking pants on your social media to get a 15% commission,MOURCE,2026-04-09,2027-01-06,15.00%,5000.0,5000.0,21,800,false
"[B0DSL3GRZ4, B0DX71BCMM, B0FJFK3Z5P, B0FJ8NNDKX]",amzn1.campaign.4ZKTESE50IR,🌧️🦋 A Love Letter to the Rain,Voumsil,2026-04-21,2027-04-21,10.00%,5000.0,5000.0,35,800,false
"[B0D97BJSLK, B0D97FGKWJ, B0D97FK37H, B0D97HDVSM, B0D97FV3CN, B0D97FRY8W, B0D97F6XPJ, B0D97H6DMX, B0D97GJ2MB, B0D97FYKXL, B0D97DSZ48, B0D97FTW3Z, B0D97GKC5W, B0D97H9SRW, B0D97GT573, B0D97HSQBN, B0D97G7BZB, B0D97F5N7B, B0D97DXRNS, B0D97H598Y, B0D97DW3YM, B0D97GKQJX, B0D97GGM1Y, B0D97GBPK1]",amzn1.campaign.3EH9W0JGKXQV2,😍👍💥OFF35% Share our hiking pants on your social media to get a 15% commission,MOURCE,2026-04-09,2027-01-05,15.00%,5000.0,5000.0,22,800,false
"[B0DSL3GRZ4, B0DX71BCMM, B0FJFK3Z5P, B0FJ8NNDKX]",amzn1.campaign.3ACUH665PZXET,🌧️💰 The $40 That Pays for Itself,Voumsil,2026-04-20,2027-04-20,10.00%,5000.0,5000.0,32,800,false
"[B0D97BJSLK, B0D97FGKWJ, B0D97FK37H, B0D97HDVSM, B0D97FV3CN, B0D97FRY8W, B0D97F6XPJ, B0D97H6DMX, B0D97GJ2MB, B0D97FYKXL, B0D97DSZ48, B0D97FTW3Z, B0D97GKC5W, B0D97H9SRW, B0D97GT573, B0D97HSQBN, B0D97G7BZB, B0D97F5N7B, B0D97DXRNS, B0D97H598Y, B0D97DW3YM, B0D97GKQJX, B0D97GGM1Y, B0D97GBPK1]",amzn1.campaign.13NVB7EMM3XVH,😍👍💥OFF35% Share our hiking pants on your social media to get a 15% commission,MOURCE,2026-04-09,2027-01-04,15.00%,5000.0,5000.0,19,800,false
"[B0D97BJSLK, B0D97FGKWJ, B0D97FK37H, B0D97HDVSM, B0D97FV3CN, B0D97FRY8W, B0D97F6XPJ, B0D97H6DMX, B0D97GJ2MB, B0D97FYKXL, B0D97DSZ48, B0D97FTW3Z, B0D97GKC5W, B0D97H9SRW, B0D97GT573, B0D97HSQBN, B0D97G7BZB, B0D97F5N7B, B0D97DXRNS, B0D97H598Y, B0D97DW3YM, B0D97GKQJX, B0D97GGM1Y, B0D97GBPK1]",amzn1.campaign.2W07TLF51VERY,😍👍💥OFF35% Share our hiking pants on your social media to get a 15% commission,MOURCE,2026-04-09,2027-01-03,15.00%,5000.0,5000.0,21,800,false
"[B0FY7F8QXX, B0FY7BR3WC]",amzn1.campaign.1NHRINRMUBW2A,10% Commission & 10% OFF | GlowSPA Water & Pool Test Kits 💧,GLowSPA,2026-04-09,2027-04-09,10.00%,1000000.0,1000000.0,0,800,false
"[B0D97BJSLK, B0D97FGKWJ, B0D97FK37H, B0D97HDVSM, B0D97FV3CN, B0D97FRY8W, B0D97F6XPJ, B0D97H6DMX, B0D97GJ2MB, B0D97FYKXL, B0D97DSZ48, B0D97FTW3Z, B0D97GKC5W, B0D97H9SRW, B0D97GT573, B0D97HSQBN, B0D97G7BZB, B0D97F5N7B, B0D97DXRNS, B0D97H598Y, B0D97DW3YM, B0D97GKQJX, B0D97GGM1Y, B0D97GBPK1]",amzn1.campaign.1PB74ARUMZUQN,😍👍💥OFF35% Share our hiking pants on your social media to get a 15% commission,MOURCE,2026-04-09,2027-01-02,15.00%,5000.0,5000.0,25,800,false
"[B0D97BJSLK, B0D97FGKWJ, B0D97FK37H, B0D97HDVSM, B0D97FV3CN, B0D97FRY8W, B0D97F6XPJ, B0D97H6DMX, B0D97GJ2MB, B0D97FYKXL, B0D97DSZ48, B0D97FTW3Z, B0D97GKC5W, B0D97H9SRW, B0D97GT573, B0D97HSQBN, B0D97G7BZB, B0D97F5N7B, B0D97DXRNS, B0D97H598Y, B0D97DW3YM, B0D97GKQJX, B0D97GGM1Y, B0D97GBPK1]",amzn1.campaign.23SWV85J6R7Z6,😍👍💥OFF35% Share our hiking pants on your social media to get a 15% commission,MOURCE,2026-04-09,2027-01-01,15.00%,5000.0,5000.0,27,800,false
[B0FY79HWKH],amzn1.campaign.1AWY9L25M846Y,10% Commission + 10% Off for Your Viewers | Tuning Fork Set,GLowSPA,2026-04-09,2027-04-09,10.00%,1000000.0,1000000.0,0,800,false
[B0GL81QQSG],amzn1.campaign.3G2QNAEZ4R1EB,PETTEN Automatic Water Dispenser – 10% Commission + Total Budget:$5000 Campaign,PETTEN,2026-04-09,2026-12-31,10.00%,5000.0,4631.53,1,800,false
"[B0DKNGRT4Y, B0FGX5LHJF]",amzn1.campaign.34RPE45D09LK0,🕯️ 101 Words. No Fluff. Just Buy It.,Voumsil,2026-04-24,2027-04-24,10.00%,5000.0,5000.0,28,800,false
"[B0G4PSCR5H, B0DTJWK2LJ, B0DTJWX5SF, B0DTJWB2H7, B0DTJX7FVB]",amzn1.campaign.2E0BSU9RLLY79,"3K+ sold, 10% commission, [B0DTJWX5SF] 2Pcs Round Planter Insert with Drainage",Lettry,2026-04-09,2027-04-09,10.00%,5000.0,5000.0,23,800,false
"[B0DKNGRT4Y, B0FGX5LHJF]",amzn1.campaign.5N21GFP21BL5,💬 Text Messages You’ll Send After Buying This Trellis,Voumsil,2026-04-23,2027-04-23,10.00%,5000.0,5000.0,33,800,false
"[B0DKNGRT4Y, B0FGX5LHJF]",amzn1.campaign.22GU9EJI78LLU,🎪 5 Places You Haven't Thought to Put This Trellis (But Should),Voumsil,2026-04-22,2027-04-22,10.00%,5000.0,5000.0,29,800,false
[B0F8GMZPSF],amzn1.campaign.AZD0RPK35KCQ,Worried about tripping on dark paths? 😌,J-Fly,2026-04-09,2026-10-09,10.00%,5000.0,4990.1,15,800,false
"[B0DKNGRT4Y, B0FGX5LHJF]",amzn1.campaign.1UC36T2KJABT1,📣 An Open Letter to My Boring Back Fence,Voumsil,2026-04-21,2027-04-21,10.00%,5000.0,5000.0,29,800,false
"[B0G7XH814G, B0G7SGHLPG, B0G7WCY46F, B0G7S99925, B0G7H3126X]",amzn1.campaign.2I9UUBRRKV6F6,I220创作者5,PODOEIL,2026-04-09,2027-04-09,10.00%,5000.0,5000.0,10,800,false
[B0FHJKKDT8],amzn1.campaign.1FK48DMBRHQE5,04.2026-20%,Lactomin,2026-04-09,2027-04-09,20.00%,5000.0,5000.0,0,800,false
"[B0DKNGRT4Y, B0FGX5LHJF]",amzn1.campaign.2XC1HR2WPUZYP,🧘 The Lazy Gardener’s Guide to Looking Like a Pro,Voumsil,2026-04-20,2027-04-20,10.00%,5000.0,5000.0,27,800,false
"[B0FMRVTPGY, B0GD6XG2M4, B0FMRSDYL1, B0GD5S5Y9H, B0FMRRBGK2, B0FMRTZRXN, B0DB1YK478, B0G8H3KBDR, B0GD6GWG6B, B0FMRRBX3P, B0GD5JDY3S, B0D3HVWJS9, B0D3HSTVL2, B0G8HVBT3J, B0BXNY67Q4, B0DB1ZR811, B0DB24WNC8, B0D3HSRHPK]",amzn1.campaign.32PPX1RKIPL4A,3 things that survived my garden this year:,Voumsil,2026-04-24,2027-04-24,10.00%,5000.0,5000.0,8,800,false
[B0BV5Y3NLR],amzn1.campaign.2O2P2W2AGPBW,Hot-Selling Women’s Gift Set – 20% Commission + 10% OFF Promo Code,Diamond Point,2026-04-09,2027-03-09,20.00%,1000000.0,1000000.0,0,800,false
"[B0FMRVTPGY, B0GD6XG2M4, B0FMRSDYL1, B0GD5S5Y9H, B0FMRRBGK2, B0FMRTZRXN, B0DB1YK478, B0G8H3KBDR, B0GD6GWG6B, B0FMRRBX3P, B0GD5JDY3S, B0D3HVWJS9, B0D3HSTVL2, B0G8HVBT3J, B0BXNY67Q4, B0DB1ZR811, B0DB24WNC8, B0D3HSRHPK]",amzn1.campaign.3F8FGLJKWV04W,Not sponsored. Just obsessed. 🦋,Voumsil,2026-04-23,2027-04-23,10.00%,5000.0,5000.0,20,800,false
"[B0FMRVTPGY, B0GD6XG2M4, B0FMRSDYL1, B0GD5S5Y9H, B0FMRRBGK2, B0FMRTZRXN, B0DB1YK478, B0G8H3KBDR, B0GD6GWG6B, B0FMRRBX3P, B0GD5JDY3S, B0D3HVWJS9, B0D3HSTVL2, B0G8HVBT3J, B0BXNY67Q4, B0DB1ZR811, B0DB24WNC8, B0D3HSRHPK]",amzn1.campaign.1IXI3B796HZT4,My therapist said to find small joys. 🦋,Voumsil,2026-04-22,2027-04-22,10.00%,5000.0,5000.0,13,800,false
"[B0FMRVTPGY, B0GD6XG2M4, B0FMRSDYL1, B0GD5S5Y9H, B0FMRRBGK2, B0FMRTZRXN, B0DB1YK478, B0G8H3KBDR, B0GD6GWG6B, B0FMRRBX3P, B0GD5JDY3S, B0D3HVWJS9, B0D3HSTVL2, B0G8HVBT3J, B0BXNY67Q4, B0DB1ZR811, B0DB24WNC8, B0D3HSRHPK]",amzn1.campaign.1GSHA72FQBQRB,🦋 places butterfly 🌸 steps back 😌 admires,Voumsil,2026-04-21,2027-04-21,10.00%,5000.0,5000.0,18,800,false
[B0F9DBVV3H],amzn1.campaign.1MZJH1GGQZY42,Upgrade Your Air. Upgrade Your Life.,BURTRAN,2026-04-09,2026-10-31,12.00%,5000.0,4887.2,0,800,false
[B0GJZ1RCT1],amzn1.campaign.2E0U8ZFL0D7LP,90-Caps Natural Drainage & Immune Support,MOSRAY,2026-04-09,2026-12-31,10.00%,5000.0,5000.0,16,800,false
"[B0FMRVTPGY, B0GD6XG2M4, B0FMRSDYL1, B0GD5S5Y9H, B0FMRRBGK2, B0FMRTZRXN, B0DB1YK478, B0G8H3KBDR, B0GD6GWG6B, B0FMRRBX3P, B0GD5JDY3S, B0D3HVWJS9, B0D3HSTVL2, B0G8HVBT3J, B0BXNY67Q4, B0DB1ZR811, B0DB24WNC8, B0D3HSRHPK]",amzn1.campaign.3T1OUVDJL9NBQ,🦋✨ manifesting a magical garden ✨🦋,Voumsil,2026-04-20,2027-04-20,10.00%,5000.0,5000.0,22,800,false
[B0F9DBVV3H],amzn1.campaign.23YSHJ125JCTH,"If You Care About Clean Air, Read This",BURTRAN,2026-04-09,2026-11-01,12.00%,5000.0,5000.0,0,800,false
"[B0FHPWJWF7, B0FHPYKVWV, B0FHPZ6CMG]",amzn1.campaign.3GAMEDY08TW5M,Promote Razime rainfall shower head with handheld combo & Earn 10% Commission!,Razime,2026-04-09,2026-12-31,10.00%,10000.0,9093.35,0,800,false
"[B0GJRDXMW8, B0FLQ2RHF8, B0GJT2TLKJ, B0FLPRJHV8]",amzn1.campaign.2799ACP9D81QB,MAXMORS-创作者计划,MAXMORS,2026-04-09,2026-12-31,10.00%,5000.0,4988.92,4,800,false
[B0DRNFPNFZ],amzn1.campaign.NJ9G048H5PHR,"3K+ sold, 15% commission, [B0DRNFPNFZ], 22Pcs Quick Change Tire Valve Tool Kit",Lettry,2026-04-09,2027-04-09,15.00%,5000.0,4974.48,6,800,false
"[B0GD6XG2M4, B0GD5JDY3S, B0GD5S5Y9H, B0GD6GWG6B]",amzn1.campaign.TOTZO4SJQR00,🔄 Buy One for Your Mom. Buy One for Your Neighbor. Buy One for You.,Voumsil,2026-04-24,2027-04-24,10.00%,5000.0,5000.0,19,800,false
[B0F9DBVV3H],amzn1.campaign.1WK8ZHXBP1I3X,This Changed How I Sleep,BURTRAN,2026-04-09,2026-11-01,12.00%,5000.0,5000.0,6,800,false
[B0DRNFPNFZ],amzn1.campaign.1D24A5445DGK4,"3K+ sold, 12% commission, [B0DRNFPNFZ], 22Pcs Quick Change Tire Valve Tool Kit",Lettry,2026-04-09,2027-04-09,12.00%,5000.0,5000.0,13,800,false
"[B0GD6XG2M4, B0GD5JDY3S, B0GD5S5Y9H, B0GD6GWG6B]",amzn1.campaign.3EEVEM6EQEXSL,🚫 Don't Buy This Solar Light If...,Voumsil,2026-04-23,2027-04-23,10.00%,5000.0,5000.0,19,800,false
[B0DRNFPNFZ],amzn1.campaign.3BV0U2G0DKV17,"3K+ sold, 10% commission, [B0DRNFPNFZ], 22Pcs Quick Change Tire Valve Tool Kit",Lettry,2026-04-09,2027-04-09,10.00%,5000.0,5000.0,18,800,false
"[B0GD6XG2M4, B0GD5JDY3S, B0GD5S5Y9H, B0GD6GWG6B]",amzn1.campaign.12QJ6PA27HTCA,⏱️ 10 Seconds. 10 Words.,Voumsil,2026-04-22,2027-04-22,10.00%,5000.0,5000.0,18,800,false
"[B0GD6XG2M4, B0GD5JDY3S, B0GD5S5Y9H, B0GD6GWG6B]",amzn1.campaign.12953K7WJSLJQ,🐾 Buy This If… A quick flowchart in words,Voumsil,2026-04-21,2027-04-21,10.00%,5000.0,5000.0,21,800,false
[B0F9DBVV3H],amzn1.campaign.UZYU5P8L2ACH,Stop Using HEPA 13. This Is Better.,BURTRAN,2026-04-09,2026-11-01,12.00%,5000.0,5000.0,18,800,false
[B0DXV9633M],amzn1.campaign.2N8FWV7EBNUBV,🚀New Product Launch: iGarden K70 Robotic Pool Cleaner Now on Amazon!,iGarden,2026-04-09,2027-04-09,16.00%,50000.0,48736.03,0,800,false
[B0GBRW76ZW],amzn1.campaign.1AKW725LYHOYG,Easter’s over? Good. This isn’t just holiday decor—it’s 4-season garden therapy,J-Fly,2026-04-09,2026-10-09,10.00%,5000.0,5000.0,10,800,false
"[B0GD6XG2M4, B0GD5JDY3S, B0GD5S5Y9H, B0GD6GWG6B]",amzn1.campaign.I3VIE46ID5WC,🌙 3 Words That’s all it took.,Voumsil,2026-04-20,2027-04-20,10.00%,5000.0,5000.0,26,800,false
[B0GBVY3MFT],amzn1.campaign.15K01V3RCS56L,10% commission + 15% coupon + soft baby doll,Jumbrace,2026-04-09,2026-12-31,10.00%,5000.0,4995.25,0,800,false
[B0GVF7GPM8],amzn1.campaign.3VVSN2L9QW0QA,🥰10% commission 🤤Embroidery Kit for Beginners B0G78TL16J,Cmmfacai,2026-04-09,2027-04-09,10.00%,5000.0,4993.73,15,800,false
[B0GVDM6KZX],amzn1.campaign.3A0TT9G2E9NS3,Pumpkin Seed Oil + Saw Palmetto Creator Boost | Natural Wellness Partner Program,MOSRAY,2026-04-09,2026-12-31,10.00%,5000.0,5000.0,15,800,false
"[B0GD6XG2M4, B0GD6GWG6B]",amzn1.campaign.3PI1GCL0K9J2B,🃏 Deal Me In — Why This Solar Spinner Beats Your Whole Hand,Voumsil,2026-04-24,2027-04-24,10.00%,5000.0,5000.0,30,800,false
"[B0G21V8WHN, B0G21KF1J9, B0G21KC5Q6, B0G219YCKQ, B0G1ZYMTNZ, B0G21QRDFB, B0G21C3F5R, B0G21V78FT, B0G219Z7BL, B0G1ZQGF6H, B0G21MNS1Q, B0G21B3JZJ, B0G21VJDTM, B0G21K51BN, B0G21VBPZG, B0G21ZHYL6, B0G215P5VQ, B0G1ZZJZNW, B0G21VBPZN, B0G2174NYD, B0G1ZYL3H9, B0G215QGVY, B0G21KJNDH, B0G215QGW5, B0G21J37DH, B0G215VRMF, B0G21K4M74, B0G21KD5X1, B0G21KCTYQ, B0G21CYJX1, B0G1ZTMSTS, B0G214678S, B0G217CBWH, B0G21RDX3S]",amzn1.campaign.LJ1JE1SO7AQE,Collaborations with ANRABESS Tank Top for Women 2026 Summer (Item Code A2790),ANRABESS,2026-04-09,2026-10-31,10.00%,5000.0,4999.0,0,800,false
"[B0GD6XG2M4, B0GD6GWG6B]",amzn1.campaign.303VX739ZT5KC,🧠 5 AM vs. 8 PM — The Solar Spinner Knows the Difference,Voumsil,2026-04-23,2027-04-23,10.00%,5000.0,5000.0,30,800,false
"[B0GD6XG2M4, B0GD6GWG6B]",amzn1.campaign.2FQKZOCFTDGOA,🎬 SCENE 5: The Garden Glow — A Short Film (In Words Only),Voumsil,2026-04-22,2027-04-22,10.00%,5000.0,5000.0,28,800,false
"[B07YDDM7G6, B00WW0RE3W]",amzn1.campaign.2MN0TDEL5AVJ6,Waycom Wood Carving Tools,WAYCOM,2026-04-09,2026-12-24,10.00%,10000.0,10000.0,0,800,false
[B0DPHYPT1S],amzn1.campaign.TWU9I9X4K84G,"Touchless Bathroom Faucet: Infrared Sensor, Temperature Control,22% Commission",Achelous,2026-04-12,2027-04-12,20.00%,50000.0,50000.0,1,800,false
"[B0GT57XCNX, B0GT4QJX93, B0GT516SXP]",amzn1.campaign.3O4I2EZDF78LK,Womens Summer Boho Floral Embroidered Tops Tie Front Blouse Flowy Vest Top,geabal,2026-04-09,2026-10-01,10.00%,5000.0,4828.7,0,800,false
"[B0GD6XG2M4, B0GD6GWG6B]",amzn1.campaign.2WUG5ER8ULLYN,"🎵 A Little Poem for Your Garden (Read It Aloud, I Dare You)",Voumsil,2026-04-21,2027-04-21,10.00%,5000.0,5000.0,32,800,false
"[B0FBGBHKYJ, B0F9DBVV3H]",amzn1.campaign.2JU8C5TRHCPYP,"HEPA14 air purifier, 12% commission.",BURTRAN,2026-04-09,2026-10-31,12.00%,5000.0,4961.6,0,800,false
"[B0GD6XG2M4, B0GD6GWG6B]",amzn1.campaign.2GM644X1BEDHE,🎯 If You Only Read One Post Today — Make It This One.,Voumsil,2026-04-20,2027-04-20,10.00%,5000.0,5000.0,31,800,false
"[B0FH2K23K1, B0FH28J51S, B0CL9T5B5P, B09KZN37JW, B09X2NTWRK, B0FH2JXQ1R, B0FH2GMDQB, B0FH2SJV8M, B0CH38HKSF]",amzn1.campaign.BQ4L4KO6ZPKC,"Finally, No More Crooked Vinyl!T-Shirt Ruler for Cricut & Cameo–15%OFF for Moms!",tietoc,2026-04-09,2027-04-09,15.00%,10000.0,9997.9,0,800,false
[B0GHNM8Q58],amzn1.campaign.3FQVPBZSXN8KT,10% Commission Cooling Shredded Memory Foam Pillows Queen Size Set of 2,HEYCUZI,2026-04-09,2027-03-31,10.00%,5680.0,5227.42,0,800,false
"[B0GGM9W39F, B0GGLX8VY5, B0GGL6W7ZC, B0GGNRKMJF, B0GGLRJRC2, B0GGM6NJP5, B0GGLNDXTP, B0GGN737HT, B0GGLGGRD2, B0GGLL8QBV, B0GGMJ125Y, B0GGNXY7N4, B0GGMNV7XC, B0GGLPXHV5, B0GGNC15TR, B0GGMCSTYM, B0GGN9HFYJ, B0GGLNKJ7Q, B0GGNR6S5V, B0GGLRS9BZ, B0GGL9KN5M, B0GGNSK358, B0GGLLTT3K, B0GGMSZVX4]",amzn1.campaign.3EA5M0N0L3K8Q,Collaborations with Caracilia Women's Tennis Skirt Mini Skorts(Item Code A2965),Caracilia,2026-04-09,2026-10-31,10.00%,5000.0,4770.16,0,800,false
[B0G23YVY7D],amzn1.campaign.1TREZYNDZ7U8M,25% Commission for Puppy Play Gym,Qlfyuu,2026-04-10,2026-09-30,25.00%,100000.0,100000.0,5,800,false
[B0DPHYPT1S],amzn1.campaign.5ZB9NE8OQ5FV,"Touchless Bathroom Faucet: Infrared Sensor, Temperature Control,20% Commission",Achelous,2026-04-11,2027-04-11,20.00%,50000.0,50000.0,10,800,false
[B0GBTHHT6L],amzn1.campaign.964ZGDOZZ7HB,Rain gauges shouldn’t look like boring science projects! 🌧️✨,J-Fly,2026-04-09,2026-10-11,10.00%,5000.0,5000.0,19,800,false
"[B0FH2K23K1, B0FH28J51S, B0CL9T5B5P, B09KZN37JW, B09X2NTWRK, B0FH2JXQ1R, B0FH2GMDQB, B0FH2SJV8M, B0CH38HKSF]",amzn1.campaign.8B4F8B8CHFVE,The Ultimate Gift for Mom: T-Shirt Alignment Tool for Cricut & HTV – 10% OFF!,tietoc,2026-04-09,2027-04-09,10.00%,10000.0,10000.0,0,800,false
[B0G23YVY7D],amzn1.campaign.25WIUTIMOK22G,25% Commission for Puppy Play Gym,Qlfyuu,2026-04-09,2026-09-30,25.00%,1000000.0,1000000.0,1,800,false
[B0DPHYPT1S],amzn1.campaign.23FIPTA8XP9JC,"20% Commission,Touchless Bathroom Faucet: Infrared Sensor, Temperature Control",Achelous,2026-04-10,2027-04-10,20.00%,50000.0,50000.0,3,800,false
[B0F2MXW5T3],amzn1.campaign.13WTG86XLN7OU,硅胶贴10%,utvasro,2026-04-09,2027-04-09,10.00%,5000.0,5000.0,5,800,false
[B0FS5W2NCD],amzn1.campaign.1F2C1E0Z79XV5,VT-831HBS,KINGJOY,2026-04-09,2027-01-01,20.00%,50000.0,49882.52,0,800,false
[B0D53WRV3W],amzn1.campaign.Z3NJTUTDOPH6,西瓜刀10%,utvasro,2026-04-09,2027-04-09,10.00%,5000.0,4995.8,12,800,false
"[B0FX2PZ92S, B0FX2T2Y5Q, B0FX2Q6YX5, B0FX2QX57J, B0FX2NK1WR, B0FX2VMJ4W, B0FX2V3HSB, B0FX2RXF4Y, B0FX2NTGP6, B0FX2MBY29, B0FX2N5KG5, B0FX2S162S, B0FX2PPD1J, B0FX2QL1GY, B0FX2SJXNB, B0FX2PPJ57, B0FX2PPJ6X, B0FX2S647K, B0FX2RB5VN, B0FX2T6MQZ, B0FX2Q2FDM, B0FX2SY1C9, B0FX2RDYT8, B0FX2RF7M7, B0FX2R3Q59, B0FX2SMX2N, B0FX2TFKHH, B0FX2S51WV, B0FX2PWCRY, B0FX2MK871, B0FX2RKNPM, B0FX2NTW9D]",amzn1.campaign.126L4PMM1R4TJ,Collaborations with Caracilia Womens Summer Midi Dresses (Item Code A2631),Caracilia,2026-04-09,2026-10-31,10.00%,5000.0,4988.3,0,800,false
[B0FRS18ZDN],amzn1.campaign.JQN8COEAGGM3,20% Commission for Styling Cat Wall Shelves,Qlfyuu,2026-04-10,2026-09-30,20.00%,100000.0,100000.0,15,800,false
[B0FZJQ1BWW],amzn1.campaign.IQOC0E2MYCPE,M08-BD50,KINGJOY,2026-04-09,2027-01-01,20.00%,50000.0,49941.13,0,800,false
[B0FRS18ZDN],amzn1.campaign.2S8YT23KDC837,20% Commission for Styling Cat Wall Shelves,Qlfyuu,2026-04-09,2026-09-30,20.00%,10000.0,10000.0,11,800,false
"[B0G2CCHQHY, B0G2C8ZQ7W, B0G2CF75QG, B0G2C8HJNP, B0G2C9HM4C, B0G2CDRNMZ, B0G2CCSFJT, B0G2C9MXDN, B0G2C8PTFB, B0G2C89Q1N, B0G2C6X98B, B0G2CBZYGS, B0G2CCPVH6, B0G2C8X1ZG, B0G2C9WMWL, B0G2CCT5B7, B0G2C8Z7BL, B0G2C5WVSW, B0G2CBRJGL, B0G2C8YLWN, B0G2CBKGZX, B0G2CBKH11, B0G2C8ND2P, B0G2C7NH1Z]",amzn1.campaign.1Z758CFA51AQU,Collaborations with Caracilia Women's Summer Maxi Dresses   (Item Code A2626),Caracilia,2026-04-09,2026-10-31,10.00%,5000.0,4573.11,0,800,false
[B0DPHYPT1S],amzn1.campaign.2HGHKNWP4FZTK,"20% Commission,Touchless Bathroom Faucet: Infrared Sensor, Temperature Control",Achelous,2026-04-09,2027-04-09,20.00%,50000.0,50000.0,6,800,false
"[B0BKSVSKM3, B0D4YVZ16C, B0CCXF89PZ, B0BJVG56TP, B0BHSVYW71, B0BKSXZP21, B0BJVGJYBM, B0BJTSJXF9, B0BHS14GBP]",amzn1.campaign.3NTU6DECXQDNO,YANGRUI 40-Pack 48oz Reusable Food Containers – 10% Affiliate Commission,YANGRUI,2026-04-09,2027-04-09,10.00%,111111.0,110975.33,1,800,false
[B0DSVLXKLT],amzn1.campaign.380H538316KYH,Tired of separate bird feeders AND plant trellises? 😩,J-Fly,2026-04-09,2026-10-09,10.00%,5000.0,5000.0,13,800,false
[B0FGQ5JVVW],amzn1.campaign.18WJLA22XNZCV,"❤️Wireless Meat Thermometer Dual Probe：10% Commission, $5K Budget",BlueSwan,2026-04-09,2027-04-09,10.00%,5000.0,4933.19,0,800,false
"[B0GS8V2JCB, B0GS8Q36Q3, B0GS8JLW7Q, B0GS8RJ7R7, B0GS8HKNDV, B0GS8BHLQM, B0GS8XRND4, B0GS84WWWP, B0GS8BXWN3]",amzn1.campaign.ZU240F04GRMI,Womens Boho Flowy Summer Dresses Smocked Tiered Beach Maxi Dress,geabal,2026-04-09,2026-10-01,10.00%,5000.0,4997.3,0,800,false
[B0FHCYN4FH],amzn1.campaign.1ZBHVASTCUO64,剪刀-12%,Lisaruq,2026-04-09,2026-09-30,12.00%,5000.0,4718.66,0,800,false
[B0CRHD3SZM],amzn1.campaign.3QX0U7Z8QQ1F4,Bring the jungle to your doorstep! 🌴🦜,J-Fly,2026-04-09,2026-10-09,10.00%,5000.0,5000.0,17,800,false
[B0FGPZKJVY],amzn1.campaign.95RAVQSXW1XX,"🚀Wireless Meat Thermometer Single Probe：10% Commission, $5K Budget",BlueSwan,2026-04-09,2027-04-09,10.00%,5000.0,5000.0,12,800,false
"[B0FWZCNPJN, B0FXWCPTSV, B0FQ3XLNTS, B0FQ3XGMKG]",amzn1.campaign.23RNEUXUISX7Z,Geimori T38/T38 PLUS  Coffee Grinder Affiliate Program,wirsh,2026-04-09,2026-12-31,15.00%,5000.0,4977.5,0,800,false
[B08KTG9L3H],amzn1.campaign.WLGSJXDF4X8X,70W USB C Charger,HuanXiLu,2026-04-09,2027-04-01,11.00%,5000.0,4914.82,0,800,false
"[B0GJS5HV24, B0GJS8XXB8]",amzn1.campaign.2L56M1GO0O2VS,【New Product Launch】Earn up to 10% commision via the Vacuum Sealer.,Aebveicc,2026-04-09,2026-09-30,10.00%,5000.0,4993.5,0,800,false
[B0DN699MPV],amzn1.campaign.297788N4GUBTR,"Hot sale!!! explosion, come and earn commission! ANSOZLEE brand Heated socks!",ANSOZLEE,2026-04-09,2026-12-31,10.00%,999999.0,999999.0,0,800,false
"[B09H2ND9X2, B0BKZ18RQD]",amzn1.campaign.OI8QGVPKB5Z5,Transform any space with the J-Fly Pine Metal Wall Art! 🌲,J-Fly,2026-04-09,2026-10-07,10.00%,5000.0,5000.0,21,800,false
"[B0DZ18BSMR, B0DMLDWJVV, B0DPRPKL3L, B0F47V52MK]",amzn1.campaign.QJ7FSYPYS225,88,APPBYER,2026-04-09,2026-12-31,10.00%,5000.0,4970.72,5,800,false
"[B0GS1ZDXCB, B0GWCJP8H4, B0GWCD6WZ6]",amzn1.campaign.2Z1YK6FYWF2OM,Car Scratch Repair Wax,Ybaflu,2026-04-09,2027-04-09,50.00%,5000.0,4960.0,0,800,false
"[B0CYC5X5XZ, B0DPFZ8RPB, B0GF11YLLJ]",amzn1.campaign.IWTVVNHFYQ3W,"Every Time You Post, Someone Is Looking for a Gift. Make It This.",MESWAO,2026-06-30,2027-06-30,12.00%,5000.0,5000.0,0,800,false
"[B0CYC5X5XZ, B0DPFZ8RPB, B0GF11YLLJ]",amzn1.campaign.2PTFOOPJTHM3J,Your Study Setup Audience Needs to See This,MESWAO,2026-06-24,2027-06-24,12.00%,5000.0,5000.0,0,800,false
[B0DN699MPV],amzn1.campaign.2SOD6SLKCDMXK,"Hot sale!!! well received, Come and earn a commission of up to 999999$",ANSOZLEE,2026-04-09,2027-04-09,10.00%,1000000.0,1000000.0,0,800,false
"[B0CYC5X5XZ, B0DPFZ8RPB, B0GF11YLLJ]",amzn1.campaign.1RVOSBMGG1B46,Every Flight Needs This. So Does Every Creator.,MESWAO,2026-06-19,2027-06-19,12.00%,5000.0,5000.0,1,800,false
[B0FJLYKNX3],amzn1.campaign.18I07D989Q8W,Warming mat for food-1,WOTTISH,2026-04-15,2026-09-30,10.00%,1000000.0,1000000.0,0,800,false
[B0FJLYKNX3],amzn1.campaign.1Q3OZNJQWCZEX,Warming mat for food-1,WOTTISH,2026-04-10,2026-10-31,10.00%,100000.0,99996.04,0,800,false
"[B0CYC5X5XZ, B0DPFZ8RPB, B0GF11YLLJ]",amzn1.campaign.2AN2NY0Y8O6N2,Your Room Setup Content Is About to Hit Different,MESWAO,2026-06-12,2027-06-12,12.00%,5000.0,5000.0,0,800,false
[B0GGH77W7W],amzn1.campaign.DCUO9C0XWL1Z,💰 20% Premium Comm: 100% Wire-Free 2K Solar Cameras (2-Pack),SYMYNELEC,2026-05-26,2027-01-01,20.00%,6000.0,6000.0,0,800,false
"[B0CYC5X5XZ, B0DPFZ8RPB, B0GF11YLLJ]",amzn1.campaign.3F7AUH1O4D1G8,"This 15.6"" Tablet Is Embarrassing Every iPad Next to It",MESWAO,2026-06-06,2027-06-06,12.00%,5000.0,5000.0,0,800,false
[B0GGH77W7W],amzn1.campaign.WURMPSREUBUY,💰 20% Premium Comm: 100% Wire-Free 2K Solar Cameras (2-Pack),SYMYNELEC,2026-05-19,2027-01-01,20.00%,6000.0,6000.0,4,800,false
"[B0BWQF3NQW, B0CHDVB453, B0C614TWX7, B0CCTPCCW4]",amzn1.campaign.1ICLXXSFRKO3X,5GHz/2.4GHz Light Bulb Security Camera-15%,SYMYNELEC,2026-05-29,2027-01-01,15.00%,6000.0,6000.0,0,800,false
"[B0BWQF3NQW, B0CHDVB453, B0C614TWX7, B0CCTPCCW4]",amzn1.campaign.RLSRSE5Q2SUB,5GHz/2.4GHz Light Bulb Security Camera-15%,SYMYNELEC,2026-05-22,2027-01-01,15.00%,6000.0,6000.0,7,800,false
"[B0BWQF3NQW, B0CHDVB453, B0C614TWX7, B0CCTPCCW4]",amzn1.campaign.29EMNYEIEQUVO,5GHz/2.4GHz Light Bulb Security Camera-15%,SYMYNELEC,2026-05-15,2027-01-01,15.00%,6000.0,6000.0,5,800,false
"[B0BWQF3NQW, B0CHDVB453, B0C614TWX7, B0CCTPCCW4]",amzn1.campaign.1LBV7LXO2P974,5GHz/2.4GHz Light Bulb Security Camera-15%,SYMYNELEC,2026-05-08,2027-01-01,15.00%,6000.0,6000.0,7,800,false
"[B0BWQF3NQW, B0CHDVB453, B0C614TWX7, B0CCTPCCW4]",amzn1.campaign.1O9BCTY9D0J4D,5GHz/2.4GHz Light Bulb Security Camera-15%,SYMYNELEC,2026-05-01,2027-01-01,15.00%,6000.0,6000.0,5,800,false
"[B0BWQF3NQW, B0CHDVB453, B0C614TWX7, B0CCTPCCW4]",amzn1.campaign.19JJ52BTHN78G,5GHz/2.4GHz Light Bulb Security Camera-15%,SYMYNELEC,2026-04-24,2027-01-01,15.00%,6000.0,6000.0,8,800,false
"[B0CYC5X5XZ, B0DPFZ8RPB, B0GF11YLLJ]",amzn1.campaign.11G3XS4ENTNGF,DON'T TRAVEL WITHOUT THIS! ✈️ Earn $48/Sale on the Ultimate Travel Tech!,MESWAO,2026-06-01,2027-06-01,12.00%,5000.0,5000.0,0,800,false
"[B0CYC5X5XZ, B0DPFZ8RPB, B0GF11YLLJ]",amzn1.campaign.ZAZRLIFBH10D,THE PERFECT GIFT FOR GRANDPARENTS! 🎁 $48 Commission Per Order!,MESWAO,2026-05-26,2027-05-26,12.00%,5000.0,5000.0,9,800,false
"[B0BWQF3NQW, B0CHDVB453, B0C614TWX7, B0CCTPCCW4]",amzn1.campaign.UE93A3F8ERK6,5GHz/2.4GHz Light Bulb Security Camera-15%,SYMYNELEC,2026-04-17,2027-01-01,15.00%,6000.0,6000.0,10,800,false
"[B0CYC5X5XZ, B0DPFZ8RPB, B0GF11YLLJ]",amzn1.campaign.2NUSRS2XRLK91,"A PERSONAL TRAINER ON A 15.6"" SCREEN! 💪 $480/Day Potential!",MESWAO,2026-05-20,2027-05-20,12.00%,5000.0,5000.0,0,800,false
[B0GSRP4ZPN],amzn1.campaign.1ASXBHLL9QR84,steam cleaner-20%,Gautye,2026-04-09,2027-04-06,20.00%,30000.0,30000.0,0,800,false
[B0GSRP4ZPN],amzn1.campaign.8NNX8NV0O2QR,steam cleaner-20%,Gautye,2026-04-09,2027-04-06,20.00%,30000.0,30000.0,0,800,false
"[B0CYC5X5XZ, B0DPFZ8RPB, B0GF11YLLJ]",amzn1.campaign.1WB1D36X9A3GK,THE ULTIMATE FAMILY ENTERTAINMENT HUB! 👨‍👩‍👧‍👦 Earn $48 Per Unit!,MESWAO,2026-05-16,2027-05-16,12.00%,5000.0,5000.0,6,800,false
[B0GSRP4ZPN],amzn1.campaign.1U19LHULNVPC5,steam cleaner-20%,Gautye,2026-04-09,2027-04-06,20.00%,30000.0,30000.0,0,800,false
"[B0C4LFBK5C, B0C4LG2DR5, B0C4LC6Z78, B0C4LFKV59]",amzn1.campaign.FLNF0KBONBZO,🌸Yeeaak Hair Spring Break Collab🏝️ : 10% Commission on Our Hot Sale 4/27 Wig,YEEAAK,2026-04-09,2026-12-17,10.00%,5000.0,5000.0,6,800,false
[B0FK49NPXQ],amzn1.campaign.8AXVLELG5FWT,$19.99 Portable Speaker Phone Stand Gifts for Teens Adults(DB A53),dbsono,2026-04-09,2026-10-10,10.00%,100000.0,100000.0,0,800,false
[B0GSRP4ZPN],amzn1.campaign.2Y9SI5YA7P7Z4,steam cleaner-20%,Gautye,2026-04-09,2027-04-06,20.00%,30000.0,30000.0,0,800,false
[B0GSRP4ZPN],amzn1.campaign.DPILP6FA2F1N,steam cleaner-20%,Gautye,2026-04-09,2027-04-06,20.00%,30000.0,30000.0,3,800,false
[B0GSRP4ZPN],amzn1.campaign.26MPGQA5C3BW2,steam cleaner-20%,Gautye,2026-04-09,2027-04-06,20.00%,30000.0,30000.0,0,800,false
"[B0CYC5X5XZ, B0DPFZ8RPB, B0GF11YLLJ]",amzn1.campaign.1W311ZNC0D5ON,LEVEL UP TO 15.6 INCHES! 🎮 Grab $48 Per Sale! No Cap!,MESWAO,2026-05-11,2027-05-11,12.00%,5000.0,5000.0,2,800,false
[B0GSRP4ZPN],amzn1.campaign.C9Y9QOPDZU70,steam cleaner-20%,Gautye,2026-04-09,2027-04-06,20.00%,30000.0,30000.0,0,800,false
[B0GSRP4ZPN],amzn1.campaign.2F5GH5J8ZHFH2,steam cleaner-20%,Gautye,2026-04-09,2027-04-06,20.00%,30000.0,30000.0,0,800,false
"[B0CYC5X5XZ, B0DPFZ8RPB, B0GF11YLLJ]",amzn1.campaign.1OL3FLMPBOS3L,UPGRADE THEIR KITCHEN & YOUR BANK ACCOUNT! 🍳 $48/Sale!,MESWAO,2026-05-04,2027-05-04,12.00%,5000.0,5000.0,0,800,false
[B0GGH77W7W],amzn1.campaign.3HJ2JWVC8DW3K,🚀 Easy Sell & 20% Payout: SYMYNELEC 2K Solar Outdoor Cam 2-Pack,SYMYNELEC,2026-05-28,2027-01-01,20.00%,6000.0,6000.0,7,800,false
"[B0CYC5X5XZ, B0DPFZ8RPB, B0GF11YLLJ]",amzn1.campaign.30SM9U87FVX2R,THE DIGITAL SHEET MUSIC REVOLUTION! 🎶 Score $48/Sale Today!,MESWAO,2026-04-30,2027-04-30,12.00%,5000.0,5000.0,4,800,false
[B0GSRP4ZPN],amzn1.campaign.1G6L5QIUM4EC2,steam cleaner-20%,Gautye,2026-04-09,2027-04-06,20.00%,30000.0,30000.0,0,800,false
[B0GGH77W7W],amzn1.campaign.3GUJW496WU75Q,🚀 Easy Sell & 20% Payout: SYMYNELEC 2K Solar Outdoor Cam 2-Pack,SYMYNELEC,2026-05-21,2027-01-01,20.00%,6000.0,6000.0,7,800,false
[B0GSRP4ZPN],amzn1.campaign.1LNHH2A4F6HWJ,steam cleaner-20%,Gautye,2026-04-09,2027-04-06,20.00%,30000.0,30000.0,2,800,false
[B0GGH77W7W],amzn1.campaign.1UUQPU0QTP946,🚀 Easy Sell & 20% Payout: SYMYNELEC 2K Solar Outdoor Cam 2-Pack,SYMYNELEC,2026-05-14,2027-01-01,20.00%,6000.0,6000.0,8,800,false
[B0GGH77W7W],amzn1.campaign.3CXZ59XGIG34L,🚀 Easy Sell & 20% Payout: SYMYNELEC 2K Solar Outdoor Cam 2-Pack,SYMYNELEC,2026-05-07,2027-01-01,20.00%,6000.0,6000.0,10,800,false
"[B0CYC5X5XZ, B0DPFZ8RPB, B0GF11YLLJ]",amzn1.campaign.14Z2MEJVYH9RQ,"THE ULTIMATE WFH HACK! 💻 Earn $480/Day Promoting the 15.6"" Portable Office!",MESWAO,2026-04-24,2027-04-24,12.00%,5000.0,5000.0,1,800,false
[B0GSRP4ZPN],amzn1.campaign.4FEJ0HCIM4C4,steam cleaner-20%,Gautye,2026-04-09,2027-04-06,20.00%,30000.0,30000.0,7,800,false
[B0GGH77W7W],amzn1.campaign.21CY2MCRRX0FC,🚀 Easy Sell & 20% Payout: SYMYNELEC 2K Solar Outdoor Cam 2-Pack,SYMYNELEC,2026-04-30,2027-01-01,20.00%,6000.0,6000.0,7,800,false
[B0GSRP4ZPN],amzn1.campaign.3016T57AE1802,steam cleaner-20%,Gautye,2026-04-09,2027-04-06,20.00%,30000.0,30000.0,0,800,false
"[B0CYC5X5XZ, B0DPFZ8RPB, B0GF11YLLJ]",amzn1.campaign.3LGOD93QKV9X1,YOUR BIGGEST CANVAS YET 🎨 $48 Commission for Every Artist Inspired!,MESWAO,2026-04-20,2027-04-20,12.00%,5000.0,5000.0,11,800,false
[B0GGH77W7W],amzn1.campaign.1H9FCOFFMULS4,🚀 Easy Sell & 20% Payout: SYMYNELEC 2K Solar Outdoor Cam 2-Pack,SYMYNELEC,2026-04-23,2027-01-01,20.00%,6000.0,6000.0,7,800,false
[B0CYZS5JV4],amzn1.campaign.3AA3J0DLEVL8B,"VXV 3 Hole, 8 Inch Widespread Bathroom Sink Faucet 10% commission per sale",VXV,2026-04-09,2026-11-30,10.00%,25000.0,24951.98,0,800,false
[B0GSRP4ZPN],amzn1.campaign.6U69L8WD586G,steam cleaner-20%,Gautye,2026-04-09,2027-04-06,20.00%,30000.0,30000.0,7,800,false
[B0GGH77W7W],amzn1.campaign.2K5NDX8Z6KCZ5,🚀 Easy Sell & 20% Payout: SYMYNELEC 2K Solar Outdoor Cam 2-Pack,SYMYNELEC,2026-04-16,2027-01-01,20.00%,6000.0,6000.0,11,800,false
"[B0CYC5X5XZ, B0DPFZ8RPB]",amzn1.campaign.10DBGG14T0H39,"DITCH THE TINY SCREENS! 🚀 Review the 15.6"" Beast & Bag $480/Day!",MESWAO,2026-04-17,2027-04-17,12.00%,5000.0,5000.0,0,800,false
"[B0G4T8GC4F, B0G4T9PW7D, B0G4T63Z2B, B0G4T8NGS9, B0G4T7HKBJ, B0G4T6TJG8, B0G4T629WM, B0G4T57WD4, B0G4T86SV7, B0G4T7P7WR, B0G4T5YN4J, B0G4T8LCFZ, B0G4T7KCMT, B0G4T7K3ZS, B0G4T8Q9LJ, B0G4TB7G6C, B0G4T65N1G, B0G4T61DXS, B0G4T9QGPL, B0G4T8CNR5, B0G4T65CDB, B0G4T6WT11, B0G4T8G8B9, B0G4T55NSW, B0G4T52Y4X, B0G4T3PK8T, B0G4T7QYVX, B0G4T6HQMX, B0G4T8R8N9, B0G4T6XCRS, B0G4T74WNY, B0G4T7GLBD]",amzn1.campaign.FGKPDL4UMN2M,Collaborations with ANRABESS Dresses for Women Cap Sleeve (Item Code A2856),ANRABESS,2026-04-09,2026-10-31,10.00%,5000.0,4867.4,0,800,false
[B0GJ4NTHDY],amzn1.campaign.25QVJ9K2QPEX8,You’re finally cooking without the smoke alarm going off (12% Comm. inside) 🤫🍳,PmoYoKo,2026-04-09,2027-04-09,12.00%,5000.0,5000.0,17,800,false
"[B0GQH7LW26, B0G2G3R88V, B0GQH6L7X6, B0G2BL4FHP, B0GQGSXLDK, B0GQH5J7Q5, B0GQHP5FJY, B0GQH7PTYB, B0GGHGCDBL, B0GQH82GKV, B09PMBVXN1, B0GQH3WW93, B0GQHDN24R, B0GQHP16GX, B0G2BM38SM, B0FR9JNMHQ, B0GQLVVM2Y, B0GQHF7SRD, B0GQH2QDYX, B0GQM6CG4S, B0GQGY8FY3, B0GQHDF899, B0GGGN1Y7J, B0GQH313KB, B0G2BN4X3F, B0GQHDVG7N, B0GQH9FR1Z, B0GVJ44QMD, B0GGHLD83Y, B0GQHDMDDR, B0GQHDN25T, B0GQH2SY3Z, B0GQHDZ342, B0GQH9H8YN, B0GGH3S6X7, B0GQH54ZDK, B0GGH1DP3S, B0GQHGGNCY, B0GQHHXL62, B0G2BN5RXM, B0GGHG16JC, B0GQGZSD81, B0FR99VLDW, B0GQH7L99D, B0G2BKSL5X, B0GGH8LPXL, B0G2BPGCR5, B0GQH3NXKS, B0GQH4J6PZ, B0GQHHZLQB, B0GGGMYF1K, B0GQHB3BDG, B0G2BP4WRT, B0G2BLVC6G, B0GQHDZ31W, B0GQLX4F55, B0G2BPMX9X, B0G2BMCGSR, B0GQGXTSLK, B0GGH826J4, B0GQH9NM28, B0GQH6QZQ5, B0GGGWXN1L, B0G2BMGSB8, B0GQHJ67KX, B0GQM2J1FC, B0GQLWYXR9, B0GQHDPWD8, B0GQMFRH3C, B0GQH34M93, B0G2BKGRHN, B0GQH88SX4, B0GQLMNWKM, B0G2BJX4NR, B0G2BJW6MR, B0GGGHZCM8, B0GGGQ8962, B0GGGZY1D5, B0G2BKPHZH, B0GGHZCJY5, B0G2BMK14T, B0GGGX74WH, B0GQH6HSH7, B0GQHRN3BT, B0GQHPBBX5, B0GQLMY7GF, B0GQH27G58, B0GQH3JQ46, B0GQGQW1BF, B0G2G3YK45, B0GGGHRBXG, B0G2BK4NBP, B0GQH3VNK3, B0GQH6QR3W, B0GQH6XH3C, B0GQHG69GR, B0GQH726V1, B0G2BP6RVS, B0GQHM8XTS, B0GQHMHVHT, B0GQHLXRMR]",amzn1.campaign.FSZT3O339DTD,We sincerely invite experts - Earring & Bracelets - commission sales of 10%,MDFUN,2026-04-09,2027-04-09,10.00%,5000.0,4853.58,2,800,false
[B0B58MDJRR],amzn1.campaign.NP7KYCAFHCZ2,"15% Commission  MOUNTUP Single Monitor Wall Mount for Max 32"" Monitor YMU2003",MOUNTUP,2026-04-09,2026-12-31,15.00%,5000.0,4951.3,0,800,false
[B0GSRP4ZPN],amzn1.campaign.SKOHH7WXZJI1,steam cleaner-20%,Gautye,2026-04-09,2027-04-06,20.00%,30000.0,30000.0,6,800,false
[B0GSRP4ZPN],amzn1.campaign.3GYNN5J792BO5,steam cleaner-20%,Gautye,2026-04-09,2027-04-06,20.00%,30000.0,30000.0,2,800,false
[B0GSRP4ZPN],amzn1.campaign.C2662YWXT9L8,steam cleaner-20%,Gautye,2026-04-09,2027-04-06,20.00%,30000.0,30000.0,6,800,false
[B09Z7JSGNJ],amzn1.campaign.2BMTD77ULU0UR,SYMYNELEC 100PCS Mylar Bags with 400cc Oxygen Absorbers-15%,SYMYNELEC,2026-05-27,2027-01-01,15.00%,6000.0,6000.0,9,800,false
[B0GFTYLT6P],amzn1.campaign.10H05Q8ES0QAF,AIRMSEN 2 in 1 Coffee Maker with Built-in Grinder,AIRMSEN,2026-04-09,2027-03-19,10.00%,10000.0,10000.0,0,800,false
[B09Z7JSGNJ],amzn1.campaign.17GI7FH9YBKKQ,SYMYNELEC 100PCS Mylar Bags with 400cc Oxygen Absorbers-15%,SYMYNELEC,2026-05-20,2027-01-01,15.00%,6000.0,6000.0,7,800,false
[B0GSRP4ZPN],amzn1.campaign.3NP6ZFP2DX3RH,steam cleaner-20%,Gautye,2026-04-09,2027-04-06,20.00%,30000.0,30000.0,6,800,false
[B09Z7JSGNJ],amzn1.campaign.Q49OXIZKX1YS,SYMYNELEC 100PCS Mylar Bags with 400cc Oxygen Absorbers-15%,SYMYNELEC,2026-05-13,2027-01-01,15.00%,6000.0,6000.0,16,800,false
[B0GSRP4ZPN],amzn1.campaign.2J4R5T52IQIZ7,steam cleaner-20%,Gautye,2026-04-09,2027-04-06,20.00%,30000.0,30000.0,0,800,false
[B0GSRP4ZPN],amzn1.campaign.1D7U6E9P94UV7,steam cleaner-20%,Gautye,2026-04-09,2027-04-06,20.00%,30000.0,30000.0,5,800,false
[B09Z7JSGNJ],amzn1.campaign.3JJTUL9115QFH,SYMYNELEC 100PCS Mylar Bags with 400cc Oxygen Absorbers-15%,SYMYNELEC,2026-05-06,2027-01-01,15.00%,6000.0,6000.0,15,800,false
[B0GSRP4ZPN],amzn1.campaign.11SUQDG78WU87,steam cleaner-20%,Gautye,2026-04-09,2027-04-06,20.00%,30000.0,30000.0,0,800,false
[B0GJSQQN8Y],amzn1.campaign.3OUHFLQPVLEU9,吹风机 35% 创作者计划,EHBELIF,2026-04-09,2027-03-18,35.00%,10000.0,9835.5,0,800,false
[B09Z7JSGNJ],amzn1.campaign.2XWY6A4APQ8SI,SYMYNELEC 100PCS Mylar Bags with 400cc Oxygen Absorbers-15%,SYMYNELEC,2026-04-29,2027-01-01,15.00%,6000.0,6000.0,15,800,false
[B0GSRP4ZPN],amzn1.campaign.1UK8BTHLKP5WD,steam cleaner-20%,Gautye,2026-04-09,2027-04-06,20.00%,30000.0,30000.0,3,800,false
[B09Z7JSGNJ],amzn1.campaign.2K9B20F6A1S37,SYMYNELEC 100PCS Mylar Bags with 400cc Oxygen Absorbers-15%,SYMYNELEC,2026-04-22,2027-01-01,15.00%,6000.0,6000.0,16,800,false
[B0GSRP4ZPN],amzn1.campaign.2IGFS1S7YADRP,steam cleaner-20%,Gautye,2026-04-09,2027-04-06,20.00%,30000.0,30000.0,2,800,false
[B0GSRP4ZPN],amzn1.campaign.2KJZE9KZYNW9E,steam cleaner-20%,Gautye,2026-04-09,2027-04-06,20.00%,30000.0,30000.0,3,800,false
[B0GSRP4ZPN],amzn1.campaign.3CCIKEDT82T24,steam cleaner-20%,Gautye,2026-04-09,2027-04-06,20.00%,30000.0,30000.0,5,800,false
[B09Z7JSGNJ],amzn1.campaign.12065QK4O8J6W,SYMYNELEC 100PCS Mylar Bags with 400cc Oxygen Absorbers-15%,SYMYNELEC,2026-04-15,2027-01-01,15.00%,6000.0,6000.0,14,800,false
[B0FXL6HL9C],amzn1.campaign.22OCYJ2JAADLD,Stylish Beige Velvet Vanity Chair with Wheels | 12% Commission,BestEra,2026-04-09,2026-09-30,12.00%,5000.0,4948.64,0,800,false
[B0GGH77W7W],amzn1.campaign.1Z2DCJFJ0Q6XX,💰 20% Premium Comm: 100% Wire-Free 2K Solar Cameras (2-Pack),SYMYNELEC,2026-05-12,2027-01-01,20.00%,6000.0,6000.0,4,800,false
[B0GGH77W7W],amzn1.campaign.10QROC95HU8SU,💰 20% Premium Comm: 100% Wire-Free 2K Solar Cameras (2-Pack),SYMYNELEC,2026-05-05,2027-01-01,20.00%,6000.0,6000.0,1,800,false
[B0GGH77W7W],amzn1.campaign.FOSHG6WXIMBB,💰 20% Premium Comm: 100% Wire-Free 2K Solar Cameras (2-Pack),SYMYNELEC,2026-04-28,2027-01-01,20.00%,6000.0,6000.0,10,800,false
[B0GGH77W7W],amzn1.campaign.18VH3RWNWQN8Y,💰 20% Premium Comm: 100% Wire-Free 2K Solar Cameras (2-Pack),SYMYNELEC,2026-04-21,2027-01-01,20.00%,6000.0,6000.0,6,800,false
"[B0CS64MZML, B0CS5MPR2N]",amzn1.campaign.P58HY3UK8FB3,NO.1 Brand Heavy-Duty Retractable Keychain for Outdoor & Work Use-20% Commission,MNGARISTA,2026-04-09,2027-04-09,20.00%,5000.0,4571.53,1,800,false
[B0GGH77W7W],amzn1.campaign.37KEMDFNPZX73,💰 20% Premium Comm: 100% Wire-Free 2K Solar Cameras (2-Pack),SYMYNELEC,2026-04-14,2027-01-01,20.00%,6000.0,6000.0,9,800,false
"[B0D3D96J5G, B0DBVDX8WQ, B0CR338VMX, B0FPFKSWY7, B0CR2YJKW4]",amzn1.campaign.BGTIKXWFNPPZ,Quick & Easy Toilet Leak Fix – Premium Wax Ring for Secure Seal and Stability!,RAINGOWN,2026-04-09,2027-04-06,17.00%,6666.0,6666.0,14,800,false
"[B0D3D96J5G, B0DBVDX8WQ, B0CR338VMX, B0FPFKSWY7, B0CR2YJKW4]",amzn1.campaign.1J0BEXTEG970W,Toilet Wax Ring Seal Kit – Secure Your Toilet and Prevent Leaks with Ease!,RAINGOWN,2026-04-09,2027-04-08,17.00%,6666.0,6666.0,12,800,false
"[B0DPWBWSD9, B0F2TFY2BV, B0DMNWZXRP]",amzn1.campaign.3DT68M3HZILJB,SYMYNELEC Security Cameras Wireless Outdoor -15%,SYMYNELEC,2026-05-25,2027-01-01,15.00%,6000.0,6000.0,1,800,false
"[B0D3D96J5G, B0DBVDX8WQ, B0CR338VMX, B0FPFKSWY7, B0CR2YJKW4]",amzn1.campaign.1MHW16EJVLE6S,Premium Toilet Wax Ring Seal Kit – Easy DIY Fix for Leaks & Stable Toilets!,RAINGOWN,2026-04-09,2027-04-09,17.00%,6666.0,6661.09,2,800,false
[B0FF3XLT68],amzn1.campaign.8H7853P38IGT,陶瓷台灯-11%,FINCMY,2026-04-09,2026-10-31,11.00%,5000.0,4950.06,1,800,false
[B0B84QHVK5],amzn1.campaign.1A6ZEQQB6NM8H,Hat Clip for Bag,MEIXINZHI,2026-04-09,2026-09-30,10.00%,5000.0,4999.34,3,800,false
[B0GS5916F1],amzn1.campaign.1LK0UAIVMPLQH,"Necklace Gifts for Mom, Mothers Day Birthday Stocking Stuffer",HGDEER,2026-04-09,2026-09-30,11.00%,5000.0,4997.8,0,800,false
"[B07FC5431N, B07FQ7TFMH]",amzn1.campaign.28NPUB90F5OXB,Funny Trump Balloon,LafaVida,2026-04-09,2026-12-31,10.00%,10000.0,9989.2,3,800,false
"[B0CCVMPKDK, B0CCVJ97R4, B09ZTYZWMG, B09ZV32P56, B0B4NVWL27, B0B9S5Z39J, B0B4TDPRLW, B0CCVNDJG8, B0B9S27V8C]",amzn1.campaign.3GZPE1JPKLRD0,YANGRUI Plastic Containers 10% Affiliate Boost - Food Storage with Anti-Fog Lids,YANGRUI,2026-04-09,2027-04-09,10.00%,111111.0,111062.89,0,800,false
"[B0DPWBWSD9, B0F2TFY2BV, B0DMNWZXRP]",amzn1.campaign.2PNMDCKV309B,SYMYNELEC Security Cameras Wireless Outdoor -15%,SYMYNELEC,2026-05-18,2027-01-01,15.00%,6000.0,6000.0,2,800,false
[B0FPC94KNP],amzn1.campaign.2VYP1LSJWDCJ7,High Commission Alert! High-Ticket $99 + DBsono Outdoor Speakers ( 2 Pack）- L26,dbsono,2026-04-09,2026-11-09,10.00%,10000.0,9332.5,0,800,false
"[B0DPWBWSD9, B0F2TFY2BV, B0DMNWZXRP]",amzn1.campaign.3LGDFHECRMS0Q,SYMYNELEC Security Cameras Wireless Outdoor -15%,SYMYNELEC,2026-05-11,2027-01-01,15.00%,6000.0,6000.0,11,800,false
"[B0G6K8VMLN, B0G6K9DXM3, B0G6DGR888, B0G6D2G55P, B0G6KQFXZ6, B0G6CTKMNR, B0G6CT63PC, B0G6KJ55J1, B0G6JXN77G, B0G6KD7C1C, B0G6JSLV1M, B0G6JYZJ5D, B0G6KDGDJK, B0G6K5KQZS, B0G6K622S4, B0G6JZFM8B]",amzn1.campaign.16FCQDQMZUA0Q,HB1262LV010663,Hibelle,2026-04-14,2026-10-31,10.00%,5000.0,5000.0,12,800,false
"[B0G6K8VMLN, B0G6K9DXM3, B0G6DGR888, B0G6D2G55P, B0G6KQFXZ6, B0G6CTKMNR, B0G6CT63PC, B0G6KJ55J1, B0G6JXN77G, B0G6KD7C1C, B0G6JSLV1M, B0G6JYZJ5D, B0G6KDGDJK, B0G6K5KQZS, B0G6K622S4, B0G6JZFM8B]",amzn1.campaign.3FGL2UR1BEBHC,HB1262LV010663,Hibelle,2026-04-13,2026-10-31,10.00%,5000.0,5000.0,20,800,false
"[B0CYC5X5XZ, B0DPFZ8RPB, B0GF11YLLJ]",amzn1.campaign.2V1UGWSLQV65F,"💰 EARN $480/DAY: The 15.6"" Cinematic Beast! Grab Ultimate iPad Killer! 🎬",MESWAO,2026-04-12,2027-04-12,12.00%,5000.0,5000.0,5,800,false
"[B0G6K8VMLN, B0G6K9DXM3, B0G6DGR888, B0G6D2G55P, B0G6KQFXZ6, B0G6CTKMNR, B0G6CT63PC, B0G6KJ55J1, B0G6JXN77G, B0G6KD7C1C, B0G6JSLV1M, B0G6JYZJ5D, B0G6KDGDJK, B0G6K5KQZS, B0G6K622S4, B0G6JZFM8B]",amzn1.campaign.1VMSP9YD53DJ0,HB1262LV010663,Hibelle,2026-04-12,2026-10-31,10.00%,5000.0,5000.0,20,800,false
"[B0DPWBWSD9, B0F2TFY2BV, B0DMNWZXRP]",amzn1.campaign.1RV3Q2YODY8RO,SYMYNELEC Security Cameras Wireless Outdoor -15%,SYMYNELEC,2026-05-04,2027-01-01,15.00%,6000.0,6000.0,9,800,false
[B0GB4ZY7X7],amzn1.campaign.1D0NCF7P1U79L,Book Binding Cloth  - 10% Commission,UvasDulces,2026-04-09,2027-03-31,10.00%,5000.0,4998.5,9,800,false
"[B0G6K8VMLN, B0G6K9DXM3, B0G6DGR888, B0G6D2G55P, B0G6KQFXZ6, B0G6CTKMNR, B0G6CT63PC, B0G6KJ55J1, B0G6JXN77G, B0G6KD7C1C, B0G6JSLV1M, B0G6JYZJ5D, B0G6KDGDJK, B0G6K5KQZS, B0G6K622S4, B0G6JZFM8B]",amzn1.campaign.3H69TSCOPNNY,HB1262LV010663,Hibelle,2026-04-11,2026-10-31,10.00%,5000.0,5000.0,23,800,false
"[B0G6K8VMLN, B0G6K9DXM3, B0G6DGR888, B0G6D2G55P, B0G6KQFXZ6, B0G6CTKMNR, B0G6CT63PC, B0G6KJ55J1, B0G6JXN77G, B0G6KD7C1C, B0G6JSLV1M, B0G6JYZJ5D, B0G6KDGDJK, B0G6K5KQZS, B0G6K622S4, B0G6JZFM8B]",amzn1.campaign.19M4PP4IZXJM4,HB1262LV010663,Hibelle,2026-04-10,2026-10-31,10.00%,5000.0,5000.0,24,800,false
"[B0G6K8VMLN, B0G6K9DXM3, B0G6DGR888, B0G6D2G55P, B0G6KQFXZ6, B0G6CTKMNR, B0G6CT63PC, B0G6KJ55J1, B0G6JXN77G, B0G6KD7C1C, B0G6JSLV1M, B0G6JYZJ5D, B0G6KDGDJK, B0G6K5KQZS, B0G6K622S4, B0G6JZFM8B]",amzn1.campaign.1I92MT55METQC,HB1262LV010663,Hibelle,2026-04-09,2026-10-31,10.00%,5000.0,5000.0,21,800,false
"[B0DPWBWSD9, B0F2TFY2BV, B0DMNWZXRP]",amzn1.campaign.34NDLQ6BZ0UC7,SYMYNELEC Security Cameras Wireless Outdoor -15%,SYMYNELEC,2026-04-27,2027-01-01,15.00%,6000.0,6000.0,11,800,false
"[B0FVLQX18Y, B0FVLVH1PX, B0FVLSSTVB, B0FVLRZHWP, B0FVLRMMGN, B0FVLR4WK8, B0FVLQFJV5, B0FVLVYSHB, B0FVLR7F5B, B0FVLVTS4N, B0FVLSJY4Q, B0FVLR6V1K, B0FVLVP6ZF, B0FVLS84R4, B0FVLT7CJL, B0FVLTP12Y, B0FVLV1LDF, B0FVLTNSG2, B0FVLPLG99, B0FVLVQZ3W, B0FVLQXTHQ, B0FVLSH6F9, B0FVLSVPXH, B0FVLRTCTR, B0FVLT16HK, B0FVLT63QZ, B0FVLRVDXZ, B0FVLTJRFV]",amzn1.campaign.2RS53CJNUF0NF,Collaborations with ANRABESS Women's Tops Short Sleeve Shirt (Item Code A2644),ANRABESS,2026-04-09,2026-10-31,10.00%,5000.0,4948.9,0,800,false
"[B0DPWBWSD9, B0F2TFY2BV, B0DMNWZXRP]",amzn1.campaign.29CI2I8LE1OPY,SYMYNELEC Security Cameras Wireless Outdoor -15%,SYMYNELEC,2026-04-20,2027-01-01,15.00%,6000.0,6000.0,8,800,false
[B0FBWW8PN8],amzn1.campaign.4ER50YKSBYIG,Homaider Board NEW -3,Homaider,2026-04-09,2026-10-02,25.00%,10000.0,10000.0,0,800,false
[B0FBWW8PN8],amzn1.campaign.1JPKEZ2CB6IX1,Homaider Board NEW -2,Homaider,2026-04-09,2026-10-01,25.00%,10000.0,10000.0,0,800,false
"[B0DPWBWSD9, B0F2TFY2BV, B0DMNWZXRP]",amzn1.campaign.2WL34DEMRXW6S,SYMYNELEC Security Cameras Wireless Outdoor -15%,SYMYNELEC,2026-04-13,2027-01-01,15.00%,6000.0,6000.0,9,800,false
[B0FRM2CZPR],amzn1.campaign.8N68T1IAXGSP,BW2-ln蓝鸟款10%-moring Perch,BirdoorKam,2026-04-09,2027-04-09,10.00%,50000.0,50000.0,12,800,false
[B0GG2ZBKH8],amzn1.campaign.28GV3FFW3OYHQ,Bread Making Kit,lockincar,2026-04-09,2026-12-31,10.00%,5000.0,5000.0,10,800,false
[B0FBWW8PN8],amzn1.campaign.1A5GV2IGG8TCD,Homaider Board NEW -1,Homaider,2026-04-09,2026-09-30,25.00%,10000.0,10000.0,0,800,false
"[B0CW9C321C, B0CW9RXFY1, B0CW9GDBPZ, B09WMBJ76P, B0CX8R329S, B0CCS4KBSX, B0CX89XZ8P, B0CX8FNFYH, B09WMCCGYJ]",amzn1.campaign.1DHBTY19J667E,CKMT-2,Duzzy,2026-04-09,2026-09-30,20.00%,5000.0,4567.9,0,800,false
"[B0GGGVKGJL, B0FWJGMJM9, B0GGH1578W, B0FWJ9PBJJ, B0FWHNVSMR, B0FWJKCCNK, B0GGH3J4J9, B0FWJ2JCBP, B0FWJCVGNH, B0GGH9B6H6, B0FWHWNHRX, B0FWJDBTSS, B0FWJ57CCV, B0FWJGMJMD, B0FWJ811HX, B0GGGTXQ2V, B0FWJ8N4TL, B0FWHLCFB9, B0GGHDL764, B0GGH7PX1J, B0FWJ8PTS5, B0FWJ64Q7Y, B0FWJBQ9LR, B0GGGW8GL5, B0FWJ6V7HL, B0FWJ4NS7Y, B0FWJ8JYNQ, B0FWHSQ2LG, B0FWHZWDT4, B0FWJ6SHWF, B0FWJC8F4J, B0FWJ8JMJH, B0GGGZSFY9, B0GGGW49MF, B0FWHVR974, B0GGGPCQML, B0GGHMMM79, B0FWJ93S2T, B0FWJ9NFJM, B0GGH8L83S, B0FWJG7XSF, B0GGGJF7GB, B0FWJ2MN98, B0FWJDFWC9, B0GGGPWZ7T, B0FWJG919D, B0GGH3BB3Y, B0GGGHQKN7, B0GGGJBZ9Q, B0GGGVFMTK, B0FWHV95ZY, B0GGH7M29M, B0GGGPNNY8, B0FWJ91GFC, B0GGHDG2MS, B0GGGTXQ23, B0GGH3GVDC, B0FWHN9WJ3, B0FWHZYNG1, B0GGGHQW4H]",amzn1.campaign.1F7MFHGXW2IUG,Collaborations with ANRABESS Womens Tops Short Sleeve Shirts (Item Code A2648),ANRABESS,2026-04-09,2026-10-31,10.00%,5000.0,4979.2,0,800,false
[B09Z7JSGNJ],amzn1.campaign.22ALHDVUHPTM9,100PCS Mylar Bags with 400cc Oxygen Absorbers-15%,SYMYNELEC,2026-05-31,2027-01-01,15.00%,6000.0,6000.0,6,800,false
[B09G8Y2DFD],amzn1.campaign.6AC8EJW5JG5V,Your living room feels… meh. 😴,J-Fly,2026-04-09,2026-10-08,10.00%,5000.0,5000.0,17,800,false
[B09Z7JSGNJ],amzn1.campaign.3C3Z6T1QHHUB,100PCS Mylar Bags with 400cc Oxygen Absorbers-15%,SYMYNELEC,2026-05-24,2027-01-01,15.00%,6000.0,6000.0,11,800,false
[B09Z7JSGNJ],amzn1.campaign.111119PKU45WY,100PCS Mylar Bags with 400cc Oxygen Absorbers-15%,SYMYNELEC,2026-05-17,2027-01-01,15.00%,6000.0,6000.0,9,800,false
[B09Z7JSGNJ],amzn1.campaign.1PANJWN0MRDFP,100PCS Mylar Bags with 400cc Oxygen Absorbers-15%,SYMYNELEC,2026-05-10,2027-01-01,15.00%,6000.0,6000.0,12,800,false
[B09Z7JSGNJ],amzn1.campaign.VWQZRR29C5XZ,100PCS Mylar Bags with 400cc Oxygen Absorbers-15%,SYMYNELEC,2026-05-03,2027-01-01,15.00%,6000.0,6000.0,19,800,false
[B09Z7JSGNJ],amzn1.campaign.1WH8DR924D55,100PCS Mylar Bags with 400cc Oxygen Absorbers-15%,SYMYNELEC,2026-04-26,2027-01-01,15.00%,6000.0,6000.0,15,800,false
[B0GVNC54V1],amzn1.campaign.2RLOHZRDZ8HF4,2026.4.7 浮水波,XY-WQ,2026-04-09,2026-12-31,10.00%,5000.0,4962.32,14,800,false
[B09Z7JSGNJ],amzn1.campaign.22C2I5XZCFOJF,100PCS Mylar Bags with 400cc Oxygen Absorbers-15%,SYMYNELEC,2026-04-19,2027-01-01,15.00%,6000.0,6000.0,14,800,false
"[B0DHPL4FDS, B0DHPBR3K8, B0DHP79H2X, B0DHPBNWNZ, B0DHP4K15X, B0DHPBFZPL]",amzn1.campaign.OB1AVN31Q79W,cold brew mason jar,Cupluw,2026-04-09,2026-09-30,10.00%,5000.0,4998.5,16,800,false
"[B0GCRBRGK4, B0FWX1YM4K]",amzn1.campaign.1XX64822XERE5,Ablian 3-in-1 Mount + DC Extension Cable,Ablian,2026-04-09,2027-04-09,10.00%,5000.0,4968.9,0,800,false
[B09Z7JSGNJ],amzn1.campaign.1A95I0J6T31BH,100PCS Mylar Bags with 400cc Oxygen Absorbers-15%,SYMYNELEC,2026-04-12,2027-01-01,15.00%,6000.0,5977.2,11,800,false
[B0GS1PCL96],amzn1.campaign.37HJQ4LEGLXR6,2026.4.7 温度计,XY-WQ,2026-04-09,2026-12-31,10.00%,5000.0,5000.0,15,800,false
"[B0BWQF3NQW, B0CHDVB453, B0C614TWX7, B0CCTPCCW4]",amzn1.campaign.26QUQJRRREAME,SYMYNELEC 5GHz/2.4GHz Light Bulb Security Camera-15%,SYMYNELEC,2026-05-30,2027-01-01,15.00%,6000.0,6000.0,5,800,false
"[B0BWQF3NQW, B0CHDVB453, B0C614TWX7, B0CCTPCCW4]",amzn1.campaign.1OBRVG7Z9RTR6,SYMYNELEC 5GHz/2.4GHz Light Bulb Security Camera-15%,SYMYNELEC,2026-05-23,2027-01-01,15.00%,6000.0,6000.0,8,800,false
"[B0BWQF3NQW, B0CHDVB453, B0C614TWX7, B0CCTPCCW4]",amzn1.campaign.2J8B2ZPLPAF66,SYMYNELEC 5GHz/2.4GHz Light Bulb Security Camera-15%,SYMYNELEC,2026-05-16,2027-01-01,15.00%,6000.0,6000.0,11,800,false
[B0GL88623N],amzn1.campaign.1TS28RCTF9P1S,"YANGRUI 10% Commission Campaign: 300-Pack Paper Cups (Leak-Proof, Versatile)​",YANGRUI,2026-04-09,2027-04-09,10.00%,111111.0,111095.25,9,800,false
"[B0BWQF3NQW, B0CHDVB453, B0C614TWX7, B0CCTPCCW4]",amzn1.campaign.3LHLBD6D0VQNI,SYMYNELEC 5GHz/2.4GHz Light Bulb Security Camera-15%,SYMYNELEC,2026-05-09,2027-01-01,15.00%,6000.0,6000.0,14,800,false
"[B0BWQF3NQW, B0CHDVB453, B0C614TWX7, B0CCTPCCW4]",amzn1.campaign.32N8J99N479EG,SYMYNELEC 5GHz/2.4GHz Light Bulb Security Camera-15%,SYMYNELEC,2026-05-02,2027-01-01,15.00%,6000.0,6000.0,11,800,false
"[B0BWQF3NQW, B0CHDVB453, B0C614TWX7, B0CCTPCCW4]",amzn1.campaign.31A8D5MTJ4OB7,SYMYNELEC 5GHz/2.4GHz Light Bulb Security Camera-15%,SYMYNELEC,2026-04-25,2027-01-01,15.00%,6000.0,6000.0,12,800,false
"[B09RX3RRQ3, B09RDK96GJ]",amzn1.campaign.10DZOLPS4D6PZ,The Best Dog Travel Bag for Every Trip | 15% Commission | Earn $7.49/Sale,Custom Empire Shop,2026-04-10,2027-01-10,15.00%,10000.0,10000.0,0,800,false
"[B0BWQF3NQW, B0CHDVB453, B0C614TWX7, B0CCTPCCW4]",amzn1.campaign.18SXS2IV6Z73J,SYMYNELEC 5GHz/2.4GHz Light Bulb Security Camera-15%,SYMYNELEC,2026-04-18,2027-01-01,15.00%,6000.0,6000.0,10,800,false
"[B0DNW624JQ, B0DN1GCMHM, B0DNW76DZF, B0DN1GHBHB, B0FQTT8CDS, B0FQTMKY44, B0DNW7WM2M, B0DNW63F9F, B0DNW72SZH, B0DNW6ZMT8, B0DN1H3ZVK, B0DNW537LQ]",amzn1.campaign.177SRORSEZC4S,仿亚麻淘汰SKU,WONICY,2026-04-09,2026-11-30,10.00%,5000.0,4996.25,0,800,false
"[B0DTK4D895, B0GF7X3D5H, B0D62TSK54, B0DMNXQPS5, B0D5Y3BZYJ, B0FDWH8JZZ, B0G7ZFCK31, B0DMNSHJXK, B0D46CYXXT, B0D229M4WD, B0D3HCQNVR, B0G6Y38JY6, B0DQ3ZJF53, B0DL5GBSCZ, B0D9GSKTL7, B0FDWF33P1, B0F5Q5QQJY, B0DHRR7GYZ, B0DF1ZT99W, B0DMNSTBFW, B0DPW2CGQZ, B0D25VKX7R, B0CSSVRQTW, B0G7ZT2P4D, B0D3PQ8CTP, B0CYKV569V, B0D9Y6KG7N, B0FMRDTGZJ, B0DHRRV5Y6, B0D62RSQ2Y, B0CT4Q4K8Q, B0F5Q4KQBX, B0DXKH8BPH, B0FMRHT77T, B0D46FJL59, B0DF25L122, B0DT5MJ4HF, B0DMNTMFH2, B0DBLJDKVJ, B0CWRBGTWQ]",amzn1.campaign.3E0J8WYBAGDNQ,LLL,LONGLICO,2026-04-09,2027-04-09,10.00%,851200.0,851200.0,0,800,false
"[B0BWQF3NQW, B0CHDVB453, B0C614TWX7, B0CCTPCCW4]",amzn1.campaign.19VZ9GU6DXZUO,SYMYNELEC 5GHz/2.4GHz Light Bulb Security Camera-15%,SYMYNELEC,2026-04-11,2027-01-01,15.00%,6000.0,6000.0,11,800,false
[B0B5N2QYRK],amzn1.campaign.24W7RVCN23Y94,Spring is here—but your garden still looks… asleep? 🌸,J-Fly,2026-04-09,2026-10-09,10.00%,5000.0,5000.0,11,800,false
"[B0D1PJXJKY, B0CZ13J1JS, B0CXXYP6QQ, B0D1PH48CC]",amzn1.campaign.20N4B47QJ74AH,The Dog Blanket Built to Last | 15% Commission | Earn $5.54/Sale,Custom Empire Shop,2026-04-10,2027-01-10,15.00%,10000.0,10000.0,0,800,false
"[B0DYMY9LW9, B0GH7WWSPL, B0FWC8ZJKR, B0F4BQ921V, B0DS6RWWPF, B0F4BWZLSZ, B0BJ4DXPYF, B0F4C3FV3N, B0F5LVCWHS, B0GH7PKFMK, B0F5LK1Z32, B0F1W8FB1W]",amzn1.campaign.1VD9NKYSCJ111,Luxury Leather Design Sofa with Affordable Price Share to You,FUOROLA,2026-04-09,2026-10-31,11.00%,50000.0,50000.0,0,800,false
[B0GGH77W7W],amzn1.campaign.2KHWX9FWRWRU5,"🔥 Earn 20%! ""No Subscription"" 2K Solar Security Camera 2-Pack",SYMYNELEC,2026-05-29,2027-01-01,20.00%,6000.0,6000.0,3,800,false
[B0GGH77W7W],amzn1.campaign.3BAN49SD6E7IG,"🔥 Earn 20%! ""No Subscription"" 2K Solar Security Camera 2-Pack",SYMYNELEC,2026-05-22,2027-01-01,20.00%,6000.0,6000.0,8,800,false
"[B0D79FJF37, B0C6L61MW4, B0C6L27LQK, B0C6L2PQJX]",amzn1.campaign.285ZB29J6I3ZV,A Custom Laundry Backpack Worth Featuring | 15% Commission | Earn $5.24/Sale,Custom Empire Shop,2026-04-10,2027-01-10,15.00%,10000.0,10000.0,0,800,false
[B0GGH77W7W],amzn1.campaign.W9SOGD90B7B,"🔥 Earn 20%! ""No Subscription"" 2K Solar Security Camera 2-Pack",SYMYNELEC,2026-05-15,2027-01-01,20.00%,6000.0,6000.0,11,800,false
[B0GGH77W7W],amzn1.campaign.ABLKTAA5YOI6,"🔥 Earn 20%! ""No Subscription"" 2K Solar Security Camera 2-Pack",SYMYNELEC,2026-05-08,2027-01-01,20.00%,6000.0,6000.0,10,800,false
[B0GGH77W7W],amzn1.campaign.S7V6XAYWT1G9,"🔥 Earn 20%! ""No Subscription"" 2K Solar Security Camera 2-Pack",SYMYNELEC,2026-05-01,2027-01-01,20.00%,6000.0,6000.0,9,800,false
[B0GGH77W7W],amzn1.campaign.26BT3IWS7NTH1,"🔥 Earn 20%! ""No Subscription"" 2K Solar Security Camera 2-Pack",SYMYNELEC,2026-04-24,2027-01-01,20.00%,6000.0,6000.0,9,800,false
[B0GGH77W7W],amzn1.campaign.W3KIHREUMQNR,"🔥 Earn 20%! ""No Subscription"" 2K Solar Security Camera 2-Pack",SYMYNELEC,2026-04-17,2027-01-01,20.00%,6000.0,6000.0,14,800,false
[B0GGH77W7W],amzn1.campaign.2668HKD4RQ5PJ,"🔥 Earn 20%! ""No Subscription"" 2K Solar Security Camera 2-Pack",SYMYNELEC,2026-04-10,2027-01-01,20.00%,6000.0,6000.0,8,800,false
[B0CSS2FNY5],amzn1.campaign.2ECG35MMPCFSB,Tired of static garden decor? 🌿,J-Fly,2026-04-09,2026-10-13,10.00%,5000.0,5000.0,12,800,false
[B0FVL8BZFL],amzn1.campaign.2LHAQ8NWSBOB3,ZQH-MS-Q2-B0FVL8BZFL-YUMI,Misodo,2026-04-09,2027-04-09,10.00%,100000.0,99281.8,0,800,false
[B0GGH77W7W],amzn1.campaign.3RQJX1TBYVD2E,SYMYNELEC Security Cameras Wireless Outdoor -30%,SYMYNELEC,2026-05-28,2027-01-01,30.00%,6000.0,6000.0,0,800,false
[B0GGH77W7W],amzn1.campaign.3CHK88G7RPVR9,SYMYNELEC Security Cameras Wireless Outdoor -30%,SYMYNELEC,2026-05-21,2027-01-01,30.00%,6000.0,6000.0,0,800,false
[B0GGH77W7W],amzn1.campaign.RB5Y6A2MH6R2,SYMYNELEC Security Cameras Wireless Outdoor -30%,SYMYNELEC,2026-05-14,2027-01-01,30.00%,6000.0,5979.48,0,800,false
"[B0GCDPW5XF, B0GCD174BG]",amzn1.campaign.82HUAMZYCQFQ,ZQH-MS-EBIKE-US-YUMI-0407,Misodo,2026-04-09,2027-04-09,10.00%,100000.0,100000.0,0,800,false
[B0G82G4H8M],amzn1.campaign.3CN9QEWP9RMRE,Aromatherapy Candle New Product Creator Plan，15% commission,Redolere Wisp,2026-04-09,2026-12-31,15.00%,10000.0,10000.0,1,800,false
[B07LFXYNR2],amzn1.campaign.2SOT1U45OLI7Z,The Car Seat Organizer for Professionals | 15% Commission | Earn $5.84/Sale,Tidify,2026-04-10,2027-02-10,15.00%,15000.0,15000.0,0,800,false
[B0GGH77W7W],amzn1.campaign.LNDSESXUXDI7,SYMYNELEC Security Cameras Wireless Outdoor -30%,SYMYNELEC,2026-05-07,2027-01-01,30.00%,6000.0,6000.0,0,800,false
[B0GGH77W7W],amzn1.campaign.1OPM7F4QBP5HF,SYMYNELEC Security Cameras Wireless Outdoor -30%,SYMYNELEC,2026-04-30,2027-01-01,30.00%,6000.0,5988.24,0,800,false
"[B0CNT42QDX, B09M6B3MGN, B0CNT3GYX8, B09M69PGMP, B09M65435Z, B0BHQTNC2K, B0BHQTC55P, B09NLTSGCV, B094D325M2, B09M668319, B09M5QLZ5T, B0BHQV8DYQ, B07VRK3ZD4, B094D2GLM9, B0CFL53CGB]",amzn1.campaign.3FPM0F1ODGUA8,Luxurious PULI Knitted Shawls Cape 2026-SMBD0-PU18015,PULI,2026-04-09,2026-12-31,10.00%,5000.0,4996.74,2,800,false
[B0GGH77W7W],amzn1.campaign.163VO6UKAUBXJ,SYMYNELEC Security Cameras Wireless Outdoor -30%,SYMYNELEC,2026-04-16,2027-01-01,30.00%,6000.0,5738.04,0,800,false
[B09ZH3M87J],amzn1.campaign.1B5K1LQKLSKSQ,Tired of basic wall decor? 🌺,J-Fly,2026-04-09,2026-10-15,10.00%,5000.0,5000.0,9,800,false
[B08KZPT6YH],amzn1.campaign.2L8LVIME82EPQ,"Earn $11.99/Sale →  Loyal Audience, Steady Income — Patrol Bag | 15% Commission",Tidify,2026-04-10,2027-02-10,15.00%,15000.0,15000.0,9,800,false
"[B0GJKDH4YB, B0GJKB9SYS, B0GJK7RSG8, B0GJKF6SL9, B0GJK3T8ZN, B0GJKRNFXT, B0GJKFG4TY, B0GJKWK2P6, B0GJL2LT54, B0GJKHXPB4, B0GJKFFJ27, B0GJK3MFZJ, B0GJKG6Z67, B0GJKRLJW6, B0GJKRLJVT, B0GJK9SGN7, B0GJKT3N7D, B0GJKSTJB8, B0GJKKSK4D, B0GJJRZW46, B0GJKGY9FJ, B0GJKHKQ2Y, B0GJKKX4Z9, B0GJJY1LYL, B0GJK9V9Z8, B0GJKDRDJ6, B0GJKG5VRS, B0GJKGZYBS, B0GJKY8QWQ, B0GJKGZ88N, B0GJKLKFWQ, B0GJJSJWWV, B0GJJY44HZ, B0GJK3BV3R, B0GJJYBN2W, B0GJKRS6PD, B0GJJSHCR6, B0GJKF6F46, B0GJKGZHVZ, B0GJL3TQRZ, B0GJKLV9NH, B0GJJXVJDC, B0GJKKM314, B0GJKJLXBZ, B0GJKKZ2QP, B0GJL2DP3F, B0GJKPNQTC, B0GJKLWRVG, B0GJK9JYFB, B0GJJY62YD, B0GJK9T639, B0GJJY6P45, B0GJKF9CD4, B0GJK9KRMX, B0GJJY5H76, B0GJKJLXBR, B0GJKG55GV, B0GJKWTPYN, B0GJKG5YJZ, B0GJKKXTSN, B0GJJY9R7F, B0GJKSWRF1, B0GJKFBWD3, B0GJKBHN72, B0GJKPMXQP, B0GJKF87K8, B0GJK3C7VK, B0GJKFBWD7, B0GJJXVSH2, B0GJKFZPGP, B0GJKBY5CZ, B0GJKYMTB6, B0GJKHV55T, B0GJK3QDVJ, B0GJKBJ4W5, B0GJKGFXX5, B0GJKHMDVS, B0GJJSH8V3, B0GJJY3YH5, B0GJKYFPFZ, B0GJJY6D4V, B0GJKHLPYN, B0GJJYB94M, B0GJKNTKZB, B0GJKBJBS3, B0GJKY94G1, B0GJKLP4QL, B0GJK756HD, B0GJK74DFR, B0GJK9RS44, B0GJKSHPMD, B0GJK3NTNN, B0GJK7PGH5, B0GJK7GB8G, B0GJJXVSHP, B0GJL3VLH2, B0GJK3LZGG, B0GJKBB232, B0GJKKNMDP, B0GJKF4VRM, B0GJKBDPQ6, B0GJKWQN82, B0GJKBB239, B0GJK3NM2M, B0GJKHWK4Q, B0GJK734GF, B0GJK936CZ, B0GJKSL9SC, B0GJKYKKD1, B0GJK3DMPV, B0GJKGG5LR, B0GJKGZQ3J, B0GJK9VX2V, B0GJK9RHGX, B0GJK3LQZ9, B0GJK3BH53, B0GJK3MG1D, B0GJK9SV95, B0GJJY11YV, B0GJKFG8RC, B0GJKF67JC, B0GJK3BH51, B0GJKKP29W, B0GJKG4K8L, B0GJK3MMVH, B0GJKHMY4Z, B0GJJSG9TN, B0GJK6XZYT, B0GJJS8RB7, B0GJKYHLGL, B0GJK9ZYJY, B0GJK756FF, B0GJKSKWGX, B0GJK72KQ8, B0GJK3D9Y4, B0GJK3CS63, B0GJJY11YY, B0GJL2PJY8, B0GJK3R7KK, B0GJKBJXY2, B0GJK7RSGP, B0GJKB6QWK, B0GJK3LMQ3, B0GJK734GZ, B0GJK3KTQ2, B0GJK73QHX, B0GJKHW87Q, B0GJKHKCZB, B0GJKGS3FP, B0GJK74HD8, B0GJJSH8W2, B0GJKFBQHR, B0GJKPMXQG, B0GJJXZ25Q]",amzn1.campaign.2XZHOYHKQ965G,Upgraded Luxury Chenille Pillow Covers | 20% High Commission for Influencers 💛,GAWAMAY,2026-04-09,2027-04-07,20.00%,50000.0,50000.0,0,800,false
[B0GGH77W7W],amzn1.campaign.37UVJIJGQOWBR,SYMYNELEC Security Cameras Wireless Outdoor -30%,SYMYNELEC,2026-04-09,2027-01-01,30.00%,6000.0,4698.84,0,800,false
[B0G2591HXD],amzn1.campaign.MRQIBGYA0QNS,巧克粉使用,danifikoho,2026-04-09,2026-12-31,10.00%,5000.0,5000.0,25,800,false
[B0GCZKXC9D],amzn1.campaign.1CTG66EQ9M156,Partsam LED Headlights Assembly Compatible with VNL VN 2004-2017,PARTSam,2026-04-09,2026-10-31,10.00%,10000.0,10000.0,3,800,false
"[B0CYC5X5XZ, B0DPFZ8RPB, B0GF11YLLJ]",amzn1.campaign.19K5PHDUTA5C7,"MESWAO 15.6"" Creator Program — 12% Commission ($48/Sale)",MESWAO,2026-04-09,2027-04-09,12.00%,5000.0,4916.0,7,800,false
[B0D4M1DZQF],amzn1.campaign.2NO9DDOZQ7WO0,"15% Commission | Wood Cheese Slicer – Perfect for Charcuterie, Sausage & Ham",WILLKOMMEN,2026-04-09,2027-04-09,15.00%,5000.0,5000.0,1,800,false
"[B0DPHDSD3X, B0G62Z72H5, B0DKSWL9DQ, B0G635P4FV, B0DJS9BCMG, B0F9KMT71S, B0G636JTDV, B0F9KSJ6ZM, B0D57VT48T, B0G62HTTM8, B0FLB9STCV, B0DJS94WLD, B0DGTD9FGK, B0DKT3266S, B0CLNYPT78, B0DKT1GZ3R, B0DKT4DSNL, B0G63H6NKF, B0D1K2J3J7, B0DKT2KQFK, B0F9KQFN29, B0DKT121S9, B0FLBB4MRN, B0G62Y6PT4, B0DMF8ZTKK, B0G62YRMS5, B0DPHD4PZ2, B0FG5GJBWV, B0FL9QD6S4, B0FGDGXY19, B0DKT3YPKN, B0D78YFSL5, B0DMF1S3WX, B0DJS9RT8L, B0G62NDHBJ, B0DMDKDZSY, B0DMCS7P4D, B0DMDGSGZP, B0FLDMY9XQ, B0G62HVYZX, B0DG53M7LV, B0G62XQVSV, B0F8R3YJ92, B0DKT2T3VT, B0F13Y4V71, B0G62SNV23, B0FLBB1PBM, B0DF9VKCLZ, B0BZXX4VXP, B0DKT3HWJ5, B0DMDJB3YW, B0DMDYRRYW, B0FLDR9DSX, B0DJS8VHSN, B0CNPBLD79, B0FG4LW1VY, B0DG54Q84F, B0DKT1BWC6, B0FLB742W4, B0G63T3T91, B0DJS99XMG, B0FLBCLZCQ, B09SXVR9NL, B0DF9ZGRC8, B0FLBG64K6, B0DMDR5WZB, B0G6366MVX, B0G63XJNJT, B0G62YS92B, B0D78Z1R5J, B0G63C97ZV, B0FGDH4458, B0G62PJPR5, B0BZXV7CPB, B0G639TD18, B0G636YY4H, B0DJS95V2K, B0G6399PPW, B0DF9ZFCX6, B0DMDR6CNH, B0DJS8RNQD, B0G62RRRQG, B0DMDR388N, B0FLDNHBQV, B0DJS8K77X, B0DMDSZ97J, B0FL9V2JTP, B09VP57Q3K, B0G63CB286, B0DJS9MSR4, B0DJSB67ZM, B0G63C8B51, B0DJS8WXRG, B0G632WP1S, B0DJS8ZR56, B0G62XS9P3, B0G62N6XB1, B0G62RW7ZN, B0F9JWRQQK, B0F13ZNSZQ, B0DMD5R3KW, B0G62YVPYQ, B0G639SS3H, B0DKT2PGV1, B0DJS8KQ9T, B09SXVHB8N, B0DGTFLBRY, B0G635QY63, B0F9KXBB56, B0FLB89PTL, B0DMDKXSLS, B0G63GGC15, B0DKT24G9Q, B0DJS7YHC5, B0DJSB5ZHT, B0DJS9D2LN, B0G62P4RJH, B0G635HJDL, B0G63RH7DY, B0G62XXMZ1, B0F9KBFXP5, B0DG5K7931]",amzn1.campaign.1D4NMRKQ5RU4D,"Western Chain Belt for Women, Backpack, Clear bag 10% discount",YGR,2026-04-09,2027-04-09,10.00%,5000.0,4997.4,0,800,false
"[B0GJCSMNF3, B0GJCPN4RS, B0GJD33BNP, B0GJCXDR1T, B092JC64H3, B0GJCQ4C99, B0GJD18Q7Q, B0GJD5XHVM, B092JB7S1C, B0GJCSH84D, B0GJCXGKPB, B0GJD1XRLL, B0GJCS3YYC, B092J9T8GH, B0GJCS8J8B, B092JBRD43, B0GJCSYJNG, B092J9DX44, B0GJCWYZPR, B0GJCRRXSQ, B0GJCPS1QD, B0GJCVFCYT, B0GJD6FDK8, B0GJCSYQR7, B0GJCLJPJJ, B0GJCLHWJG, B092JD3ZK8, B0GJCRXN1P, B0GJCV4HTT, B092J9YYXF, B092J9KZTK, B0GJD2T55B, B0GJD6G5VX, B092JC44HX, B0GJCSK7KQ, B0GJCSVLXM, B092JBGNVY, B0B729G933, B0GJCPPFJ8, B0GJCLG6T7, B0B729C4Z6, B0GJCL4D6W, B09M3RN44F, B0GJD38N8Z, B0GJCWHSK2, B0GJCSXDSL, B0GJD5QJH5, B0GJCSY6TX, B0GJCNMC8D, B092JBNGTL, B0GJCTLCBH, B092JBHQTX, B0GJCX85P4, B0GJD6G9GX, B0GJCPVBWT, B092JBLPBD, B0GJCX982H, B0GJCY1M2X, B0GJCY767W, B092JBQBDF]",amzn1.campaign.3PQD7OVOCHCXU,ACC-隔热膜 B03 20%,xiawei,2026-04-09,2026-12-28,20.00%,5000.0,4998.02,0,800,false
"[B0GQT1BGWG, B0GQSQ74QB, B0GQST8LPN, B0GQT5M8DL, B0GQT1XBWP, B0GQT687SZ, B0GQT5YB86, B0GQT4ZY8Q]",amzn1.campaign.3EISY2MUXK0MJ,Personalized Graduation Yard Sign with Photo 2026,Numom,2026-04-09,2026-09-30,15.00%,100000.0,99963.16,0,800,false
"[B0GJCSMNF3, B0GJCPN4RS, B0GJD33BNP, B0GJCXDR1T, B092JC64H3, B0GJCQ4C99, B0GJD18Q7Q, B0GJD5XHVM, B092JB7S1C, B0GJCSH84D, B0GJCXGKPB, B0GJD1XRLL, B0GJCS3YYC, B092J9T8GH, B0GJCS8J8B, B092JBRD43, B0GJCSYJNG, B092J9DX44, B0GJCWYZPR, B0GJCRRXSQ, B0GJCPS1QD, B0GJCVFCYT, B0GJD6FDK8, B0GJCSYQR7, B0GJCLJPJJ, B0GJCLHWJG, B092JD3ZK8, B0GJCRXN1P, B0GJCV4HTT, B092J9YYXF, B092J9KZTK, B0GJD2T55B, B0GJD6G5VX, B092JC44HX, B0GJCSK7KQ, B0GJCSVLXM, B092JBGNVY, B0B729G933, B0GJCPPFJ8, B0GJCLG6T7, B0B729C4Z6, B0GJCL4D6W, B09M3RN44F, B0GJD38N8Z, B0GJCWHSK2, B0GJCSXDSL, B0GJD5QJH5, B0GJCSY6TX, B0GJCNMC8D, B092JBNGTL, B0GJCTLCBH, B092JBHQTX, B0GJCX85P4, B0GJD6G9GX, B0GJCPVBWT, B092JBLPBD, B0GJCX982H, B0GJCY1M2X, B0GJCY767W, B092JBQBDF]",amzn1.campaign.1U7ZHWO4J5ZKJ,ACC-隔热膜 B02 20%,xiawei,2026-04-09,2026-12-29,20.00%,5000.0,4988.78,0,800,false
"[B0DPHDSD3X, B0G62Z72H5, B0DKSWL9DQ, B0G635P4FV, B0DJS9BCMG, B0F9KMT71S, B0G636JTDV, B0F9KSJ6ZM, B0D57VT48T, B0G62HTTM8, B0FLB9STCV, B0DJS94WLD, B0DGTD9FGK, B0DKT3266S, B0CLNYPT78, B0DKT1GZ3R, B0DKT4DSNL, B0G63H6NKF, B0D1K2J3J7, B0DKT2KQFK, B0F9KQFN29, B0DKT121S9, B0FLBB4MRN, B0G62Y6PT4, B0DMF8ZTKK, B0G62YRMS5, B0DPHD4PZ2, B0FG5GJBWV, B0FL9QD6S4, B0FGDGXY19, B0DKT3YPKN, B0D78YFSL5, B0DMF1S3WX, B0DJS9RT8L, B0G62NDHBJ, B0DMDKDZSY, B0DMCS7P4D, B0DMDGSGZP, B0FLDMY9XQ, B0G62HVYZX, B0DG53M7LV, B0G62XQVSV, B0F8R3YJ92, B0DKT2T3VT, B0F13Y4V71, B0G62SNV23, B0FLBB1PBM, B0DF9VKCLZ, B0BZXX4VXP, B0DKT3HWJ5, B0DMDJB3YW, B0DMDYRRYW, B0FLDR9DSX, B0DJS8VHSN, B0CNPBLD79, B0FG4LW1VY, B0DG54Q84F, B0DKT1BWC6, B0FLB742W4, B0G63T3T91, B0DJS99XMG, B0FLBCLZCQ, B09SXVR9NL, B0DF9ZGRC8, B0FLBG64K6, B0DMDR5WZB, B0G6366MVX, B0G63XJNJT, B0G62YS92B, B0D78Z1R5J, B0G63C97ZV, B0FGDH4458, B0G62PJPR5, B0BZXV7CPB, B0G639TD18, B0G636YY4H, B0DJS95V2K, B0G6399PPW, B0DF9ZFCX6, B0DMDR6CNH, B0DJS8RNQD, B0G62RRRQG, B0DMDR388N, B0FLDNHBQV, B0DJS8K77X, B0DMDSZ97J, B0FL9V2JTP, B09VP57Q3K, B0G63CB286, B0DJS9MSR4, B0DJSB67ZM, B0G63C8B51, B0DJS8WXRG, B0G632WP1S, B0DJS8ZR56, B0G62XS9P3, B0G62N6XB1, B0G62RW7ZN, B0F9JWRQQK, B0F13ZNSZQ, B0DMD5R3KW, B0G62YVPYQ, B0G639SS3H, B0DKT2PGV1, B0DJS8KQ9T, B09SXVHB8N, B0DGTFLBRY, B0G635QY63, B0F9KXBB56, B0FLB89PTL, B0DMDKXSLS, B0G63GGC15, B0DKT24G9Q, B0DJS7YHC5, B0DJSB5ZHT, B0DJS9D2LN, B0G62P4RJH, B0G635HJDL, B0G63RH7DY, B0G62XXMZ1, B0F9KBFXP5, B0DG5K7931]",amzn1.campaign.BR31J29S2NZM,"Western Chain Belt for Women, Backpack, Clear bag 10% discount",YGR,2026-04-09,2027-04-09,10.00%,5000.0,4988.0,14,800,false
"[B0FHPWJWF7, B0FHPYKVWV, B0FHPZ6CMG]",amzn1.campaign.3LQZ8YOO9QI3M,Promote Razime rainfall shower head with handheld combo & Earn 10% Commission!,Razime,2026-04-09,2026-12-31,10.00%,10000.0,9485.7,0,800,false
"[B0GSP49LGN, B0GTDJS2N5, B0GVKXGTHX, B0GVCLPVXG, B0GVCFJH2V, B0GTK7PFFW, B0GSS1HB49, B0GTG73DVF, B0GVD2DJ8X, B0GVGS5GKY, B0GSP4F536, B0GSPGRP8J, B0GVD8CCHY, B0GTN79M1H, B0GTG4NDYV, B0GT2KRCZ9, B0GSP7C6M5, B0GVD32J1Q, B0GSNZHM2W, B0GVGCRCGP, B0GSPH5BWH, B0GSN73SD2, B0GVGT4BH6, B0GVCPGWDP, B0GVCPYBFR, B0GVCD3M73, B0GT2D9NZ8, B0GSNNG516, B0GT26TMJ7, B0GW25YWTB, B0GW78VW65, B0GVMLZVRX, B0GSQ6S159, B0GSQ4ZFCF, B0GTGDTFRS, B0GVL6FHGB, B0GW9HNQZ4, B0GW2D2ZNW, B0GW2TKJMX, B0GTDCPB8L, B0GTDFZVLC, B0GSQDFQ7T, B0GVKRSH4R, B0GTMZTMS3, B0GTG9K3Y9, B0GVGRC2S9, B0GVCDH6KC, B0GVCRSMYZ, B0GVGQH7HV, B0GSP5GMBC, B0GW7VDH21, B0GW4KWLST, B0GTFTDCW3, B0GT1R7YHY, B0GSQ8964J, B0GVMN17SS, B0GSPK6K4R, B0GSQBG7YJ, B0GVH24YGK, B0GT24MBBR, B0GSQ2Q8W5, B0GSNXWCHD, B0GTGJR4QM, B0GW9KNXPT, B0GVMPRMKS, B0GVMH462Z, B0GTDLC4LQ, B0GW17ZVMN, B0GTDVGQCX, B0GSNR8DPX, B0GTGLP9H7, B0GTN4ZF31, B0GTK42X6D, B0GTN895JJ, B0GW2BC82V, B0GW29KK94, B0GSNZDYZC, B0GSPP1LZ4, B0GW6NBSCP, B0GSSFGRPC, B0GSPCTBFQ, B0GVGWWT3H, B0GSNRSXFW, B0GW2CV2T2, B0GVD7ZPZQ, B0GSNLG2BP, B0GVD1BH46, B0GT26MSLS, B0GT28SJPG, B0GW72CTQ7, B0GT2L19PM, B0GT26BDRZ, B0GSNKV8BD, B0GSNWN6BY, B0GTD9X15K, B0GVKT42PW, B0GWC3N5WY, B0GT2FK6CG, B0GSQC1V98, B0GT26RL2R, B0GTN9LPMP, B0GTFQMXVF, B0GVGJ3NTF, B0GVGSXP8Y, B0GTDGP5K1, B0GWB2CBD8, B0GW1ZXV22, B0GVML7CVV, B0GSPRK82Y, B0GSP7GDXK, B0GTGSSF2P, B0GSP4HF1W, B0GSQ66TW4, B0GSNB9QZB, B0GVGSB8JR, B0GTD3Q9YG, B0GW1W5LPL, B0GT28MGB6, B0GVGX26D7, B0GVMF9SMK, B0GT2C4NB6, B0GWC61DYT, B0GSNLHHQ9, B0GVMFYXXX, B0GSP8MSHV, B0GW231D5X, B0GTDDXN5Q, B0GW2K29S6, B0GTN9PZWK, B0GTMYPVSW, B0GW19BNQ5, B0GSSCZ5WD, B0GSNM3Y13, B0GW6ZNHZY, B0GSP26P4S, B0GWD3343Z, B0GWB25H84, B0GTDJLCJH, B0GTN7SYD6, B0GSQ9HK8V, B0GVL6W6TH, B0GTDKXFQW, B0GW1W26KZ, B0GTMVF7GY, B0GSP559SW, B0GSSCZSSL, B0GVCN7J4Z, B0GT2C4Y4W, B0GT25LW76, B0GST8GHKM, B0GSRXM4HL, B0GW229XD3, B0GSQ99MKQ, B0GTN572TJ, B0GSP3934Z, B0GSP9DZ5R, B0GT2J2QTJ, B0GVD6PR42, B0GVCPJDYK, B0GT26RL3F, B0GSP993K3, B0GT2QMNVK, B0GT3Z188D, B0GWCBZ51M, B0GTG28R3X, B0GTDPW35Q, B0GSS8WQLL, B0GTDRS9W8, B0GT2CT82L, B0GW1HQCFG, B0GW2CVNQ6, B0GVGTKTPQ, B0GT2BSRDJ, B0GVGSCNYB, B0GSP2VNF1, B0GW2D1HV3, B0GT2TM3XX, B0GW9K73VS, B0GTN7FPJV, B0GSP4W487, B0GSS61B77, B0GTGGJY8C, B0GT266VLP, B0GTN6VFR7, B0GSNMFZ2B, B0GSPD8Y17, B0GTDMVZ7N, B0GSQJNX39, B0GSQ98PJ2, B0GVKN6234, B0GVL7FS87, B0GSP4X4TK, B0GTG96TM3, B0GW27Z943, B0GSPCRR1Q, B0GSQ95ZFN, B0GTGFFRQP, B0GSP1X8QN, B0GVCWHLB7, B0GSS4TTKV, B0GSSGLZ2B, B0GTDGHGQ3, B0GVGXJTGH, B0GVG3F88H, B0GVCM3CFF, B0GVL57B93, B0GW27753J, B0GSQGZ29F, B0GSPCQ7BP, B0GSP6TG15, B0GSNQ2FZD, B0GSNJ2S3X, B0GWD6ND7S, B0GTJW89NX, B0GTDLT1JL, B0GTJZR3W2, B0GT26JRKY, B0GT1TS8Z8, B0GSSL3FHC, B0GW1J7HFT, B0GVGQ27T5, B0GVL7CXHX, B0GW1RKMYL, B0GSSN1QKB, B0GW9S4HYW, B0GVCGDK3M, B0GT2LD2KT, B0GTFXBX2L, B0GT24QNH3, B0GTDFG9TV, B0GSS9Q6LW, B0GVMRGH24, B0GVMMRX79, B0GTD9LL4Q, B0GSP2SBVC, B0GSNZ2FS9, B0GVGMLCR7, B0GVCGLF1M, B0GSP4FJ8J, B0GW2TV2P8, B0GTN8YP9M, B0GT2MQ79X, B0GSNZHJZ4, B0GT25LY1R, B0GW27D6N3, B0GTDLT1NB, B0GSPFJPXG, B0GT3SGTT2, B0GT24HW4P, B0GSPK8LSN, B0GSS5WM3T, B0GW79XW88, B0GW1X82K2, B0GT2MMWD9, B0GTG9TQQW, B0GW1X1GHQ, B0GW6QN2TJ, B0GTDRTJ7H, B0GT26M9TC, B0GSQCRX2C, B0GW1RVZKX, B0GSNZ1LBN, B0GVGRL5LJ, B0GVCZRP63, B0GVMR8PHT, B0GSS7WBF5, B0GVL2V7BH, B0GTDJJL8X, B0GSNLYGQX, B0GVCLRGRT, B0GW2JHPW3, B0GSS2YVXP, B0GSPKLSHN, B0GVCYL6P7, B0GWB27F66, B0GSN73T2F, B0GW1JGX7W, B0GSSJYZ4M, B0GW6RM6BR, B0GSP2VCRF, B0GW25PCXQ, B0GW1V8DJW, B0GSS5FC3V, B0GTN1JQSS, B0GSP6NBXN, B0GT2K5JH6, B0GVMRLNJG, B0GVL6BWJ9, B0GTDGCMFG, B0GSS826C6, B0GSSJ9933, B0GT2JDXT6, B0GT29ND38, B0GTDCFZJW, B0GT24JH59, B0GT26SYBV, B0GTDJMNVB, B0GW6QN2W4, B0GW231VTM, B0GVCTL1T4, B0GTN15RSW, B0GTN6DPTQ, B0GSP2PBC1, B0GTDKQ13Z, B0GVCJ8H8Q, B0GSSHTGVT, B0GVCL6B9X, B0GSPGPTPK, B0GW25JRF2, B0GTN2NHDT, B0GTN1WLMN, B0GSNTMMZP, B0GW6W8TWL, B0GVKXGQ2S, B0GSSGDMGD, B0GSPCC9X1, B0GSNJNMKN, B0GT2FXTBX, B0GT2FWSCY, B0GSPD8QJH, B0GTN2926D, B0GTDBQLTT, B0GSS4148L, B0GSNZF48N, B0GVG436W3, B0GW2J2CJW, B0GSP7JM54, B0GVL3VQKH, B0GSQ8S591, B0GVGV7QX3, B0GSQJZ8ZF, B0GTDRZFS2, B0GT2HJ1Q5, B0GVGWQ5VW, B0GVCT6WZP, B0GSS5DYQ1, B0GW24FF73, B0GVGRB7QT, B0GW1FT9ZM, B0GVCM2WHT, B0GVGGVYFR, B0GW1HYXRY, B0GSQGK8ZF, B0GSQ8QNML, B0GT24JMRM, B0GVL7WNSQ, B0GSPDKCVC, B0GW9DX6FR, B0GSP8SZ8W, B0GT2QPRJ3, B0GTDF4FPJ, B0GVGR7Z3J, B0GTDQ73NV, B0GSN54ZRX, B0GVGBD8D8, B0GSPZ1TDS, B0GTGDWV5G, B0GTDGK92N, B0GTN2927Y, B0GVD5VRRW, B0GSQ98RCW, B0GT2DMPQ2, B0GSS3MYHY, B0GVGQBNYM, B0GTFTCJVJ, B0GTDDYS2B, B0GT28KJY8, B0GSQ5Y247, B0GTDKQ97S, B0GSQDYFYH, B0GVCWL8H2, B0GTN9WN5V, B0GVGQJ2JS, B0GSP6GCB3, B0GSNXP3M1, B0GW243Z54, B0GVGV3H3B, B0GVGTPJ9Q, B0GT27S335, B0GSNHCFYP, B0GVH7XC4V, B0GTN5J65S, B0GVCJG3Y9, B0GW6V5QZY, B0GTN9QRRZ, B0GSNY1G36, B0GVG8P5MT, B0GSQ32BXV, B0GT29JLGR, B0GSS6MWQ2, B0GT2CCDR8, B0GSQFX8PB, B0GVL7N7FF, B0GVCJ7WNT, B0GSP4L32K, B0GTDNGSWL, B0GSSBT3SC, B0GTDB3BV3, B0GT2PWXVB, B0GTN5J64T, B0GVCWGX2Z, B0GTJXY9PH, B0GSNT43L2, B0GVL3X3NJ, B0GVCC2FTJ, B0GT22NNXT, B0GSSDRN4Z, B0GTDB4TVT, B0GSP87KJQ, B0GT24X37H, B0GWD3HM7Z, B0GVMK99GX, B0GTJYLX8S, B0GVG9JQXW, B0GSPZD1KV, B0GVCGLFXW, B0GTN22Z91, B0GW24XJB3, B0GVCSYNZH, B0GVCLYF2L, B0GSP8XBWW, B0GW6TJ34Z, B0GVL5PW3L, B0GW7B543B, B0GW26RX8K, B0GVL24D7J, B0GSPJZM62, B0GTDJV18T, B0GW1SYBQ4, B0GW6SBDKV, B0GTMZZYMF, B0GT1RPHWR, B0GW778TTS, B0GTN1XT6L, B0GSP9ZMJY, B0GW1YMB9R, B0GSNMV65M, B0GSQC4ZGJ, B0GSP2WY29, B0GT2D4VB4, B0GSNRS1F8, B0GVGRM3KK, B0GSQ3R9TL, B0GW29KM1G, B0GTMZXFNJ, B0GSPDS8N7, B0GW1WR1B8, B0GVGTYH6W, B0GSQCYQFT, B0GVD8FGSR, B0GW23TPT6, B0GVCBNNZH, B0GVL7ZFTQ, B0GTGP51Q9, B0GVL5TT8F, B0GVGJZS5M, B0GVGYD6PJ, B0GT28SJ98, B0GT26MLFC, B0GSSL3F8Z, B0GTDKJDY7, B0GSSD1BSX, B0GW245B6N, B0GVCSY9JD, B0GVKXCJJ7, B0GTK5ZVH6, B0GSQ98N4J, B0GSQ6PWS9, B0GWD12WJH, B0GTG3TPQV, B0GSQCP5GY, B0GW9S43B4, B0GTGGNSQC, B0GT24S1X1, B0GVGVJJZ4, B0GSS6K8FD, B0GW71Y8GH, B0GW2GPBLM, B0GTN97PP2, B0GW6VZZDD, B0GVL5631J, B0GTG5Y1MK, B0GVMR9TBW, B0GT2S3CSF, B0GSP8QJY7, B0GTGJVLL8, B0GVCRFBS9, B0GSP6RQVM, B0GW2G6BVY, B0GSPF53H2, B0GVGRGL14, B0GSP94HNG, B0GSPK1NB8, B0GW7D6PDX, B0GSP9X28Y, B0GTMPZN1L, B0GVGWQN29, B0GW269D65, B0GW75QM8Y, B0GVM7DQ4B, B0GSNCPB6J, B0GVGR7QK8, B0GTN7CJZH, B0GSP684J6, B0GW23SMQX, B0GSSBG7SY, B0GSPDDB2G, B0GW75XMC6, B0GT287WDG, B0GTDFM91S, B0GVGMPSTF, B0GTN4QKR4, B0GT27S8PL, B0GSSH859Y, B0GVGV6FNV, B0GVCL5SJJ, B0GTDKZRGL, B0GSV9GYGB, B0GSP3YZG9, B0GVGFKTTN, B0GW9MXNTW, B0GW2R23DT, B0GSQP2DKZ, B0GTDHPBBJ, B0GTDBK6DB, B0GSP3R1JT, B0GVMRBJ4Y, B0GVCGSL9J, B0GSTZHVQ9, B0GSP3WN4K, B0GVG1X8KS, B0GTDL2L5D, B0GT6LNZBH, B0GSP8TP56, B0GSNWQR97, B0GSP1HVN6, B0GVCT8LRH, B0GT2PQ9SZ, B0GSQJ4H47, B0GSN9YC7W, B0GTJZNT5Q, B0GSNJ628S, B0GW1VPFYD, B0GT29694P, B0GT1Z523N, B0GTD8RHHX, B0GTDGMJ4G, B0GTDR27HX, B0GT26MPR9, B0GSQGPWRS, B0GSP8CY8N, B0GTD8XPFS, B0GT6ZK36J, B0GTDGR2XV, B0GSPK3N6V, B0GT27S749, B0GW2GNT21, B0GT1ZVSRD, B0GW9WBRCM, B0GW1SNX6J, B0GVD9V2XB, B0GW9LLKR2, B0GSPH5R21, B0GSPDDS94, B0GSP4LXQN, B0GSSDQS8V, B0GSP9C2SK, B0GSP4WL8Q, B0GVD89CHP, B0GT27XB86, B0GSSMH5XG, B0GTNCK4FN, B0GT7CC4KK, B0GTN8F96B, B0GVCPP4PJ, B0GSNBWPVG, B0GW9LF4WK, B0GTMY3Z9G, B0GT1PY5HB, B0GSP2CXD6, B0GSP51P3V, B0GSQ5S8ML, B0GSP2H73N, B0GTN6BXZT, B0GW6YYM5C, B0GW2Q9T1K, B0GTDR2HFT, B0GVCPXBT8, B0GT2CK8WD, B0GVGY1Q9N, B0GSTCDJ79, B0GSV6ZR1S, B0GTG9QVVQ, B0GVGSR92T, B0GVL6RMX6, B0GTDGGXNS, B0GVL3Q1KW, B0GTGP748F, B0GSQ97NPN, B0GT2CKTM8, B0GTNCXQTC, B0GVML42ZK, B0GWCZRBVF, B0GTDNG9PC, B0GW1WC7B2, B0GSQ66FVY, B0GTG6XTCW, B0GTG8BPDQ, B0GTMYVD7Q, B0GVGYTZPS, B0GSP27BPM, B0GT2CT2P9, B0GWCQQ3RH, B0GSP4D48C, B0GWCH8R2R, B0GTDPCGB1, B0GSP2WCVG, B0GW2D3P7V, B0GW785QHZ, B0GT2GM377, B0GW2473K5, B0GW12G3JL, B0GSP3ZBNJ, B0GTNCXQS6, B0GVMRHP4L, B0GVGPCFQJ, B0GVL7Z6KT, B0GSPC3Y47, B0GW25C96Q, B0GSNVZT7X, B0GSNCBWR5, B0GSQH6KQK, B0GWD1K6DK, B0GW6XXFT8, B0GW17DHVB, B0GVGNVW4T, B0GVCCHK37, B0GWC63W8K, B0GSP7H27G, B0GTN3ZX2B, B0GSS553CG, B0GT2GWN1B, B0GTD97286, B0GSP33TCK, B0GSNSGXNF, B0GTN5VXG5, B0GSNCH9F4, B0GW9M2L9Q, B0GT2BK2DC, B0GVMQ9TH5, B0GVH3B144, B0GTJZMMPV, B0GTDFWLBN, B0GW6VW4DS, B0GVCPS9CY, B0GT6ZTLNJ, B0GVH3GFNJ, B0GVCJPX6C, B0GT2GB17R, B0GSQGDJCB, B0GVCL5LXB, B0GVCBL8Y7, B0GW6T68LR, B0GVGTFRWJ, B0GW6YXQHL, B0GSNZFCJF, B0GSQ1QSFB, B0GSP3RRHN, B0GVGMKVQR, B0GT28QXVX, B0GSQH2W6X, B0GTDFKDSR, B0GTDJCB6X, B0GW2LHCHM, B0GSP8QZJZ, B0GSPPSJMH, B0GTDM13DC, B0GTMWBVSQ, B0GWCN8VXJ, B0GTGJHF3M, B0GSPCHWVS, B0GTDNRWN4, B0GVL7F2BV, B0GSP4G6WW, B0GSNQ2TY1, B0GW2B3KC3, B0GW75S6SJ, B0GVGYPY6R, B0GTDDZS9Q, B0GSP416YB, B0GSP7BY18, B0GSS9LGT2, B0GVCTB1WY, B0GT2K7654, B0GW2DZ9S4, B0GTMZF77Z, B0GTDHCH8W, B0GSPKG65T, B0GSSDCGC3, B0GT2QLK3B, B0GSNTGKW1, B0GW78J76W, B0GSP2PCKH, B0GVD79ZN4, B0GWB2Z5DL, B0GVDBRH53, B0GWD1G6TW, B0GTGLWH23, B0GW1W27NJ, B0GVCG91WS, B0GW9PZ7H4, B0GVL6DN9T, B0GSSCQJ9V, B0GVMFH4BH, B0GT2H64HX, B0GT2G492G, B0GSPC78NV, B0GVCVRF99, B0GVCGPB2T, B0GTDH51VZ, B0GT2BL7GC, B0GSP2834P, B0GVCJK7GJ, B0GT2JL6PT, B0GVH36MT4, B0GW243R1D, B0GSNJPYS3, B0GVCZ7D43, B0GSP2LYCX, B0GVCX555R, B0GTDGHYHF, B0GSQ8F6T9, B0GSPCB8LZ, B0GVH6H9HP, B0GTN1Z854, B0GTDG25P6, B0GVKSRPBR, B0GW1WQZFN, B0GW1BSLGB, B0GT27DTD8, B0GSP91Q5T, B0GVCZBNFR, B0GW2DLHFQ, B0GT28DVMN, B0GTDC1MQN, B0GT2MLQ72, B0GSQ67VJ4, B0GW2B768M, B0GW1XZ6J9, B0GT2GYXCW, B0GSPYZNDB, B0GVM7NDL9, B0GSPD4FY6, B0GW9KHN89, B0GSNT3MN6, B0GW2GL1GM, B0GVCLW5YJ, B0GW6ZRH6C, B0GT2BQ7W3, B0GSPL5C2G, B0GT274V65, B0GSSL8S5C, B0GSPH35KP, B0GT26J7TP, B0GW9HQMQ4, B0GVCT6PTN, B0GW1QZ4Y3, B0GSP669J9, B0GVGKVXS4, B0GW6SPV8P, B0GW268KWX, B0GW6SFLBD, B0GTN36LNC, B0GTDPFTG7, B0GT2JDWLV, B0GSMZWHZH, B0GW9MPM9L, B0GTN32BFS, B0GSNZ83ZS, B0GW9HJ7XQ, B0GSV1MTXS, B0GSNZ3BG6, B0GSP98WQF, B0GTNBD83D, B0GSQ2HDQ4, B0GVCT8B4L, B0GW28XXQC, B0GT29LWZY, B0GW22GG4Q, B0GW2CVGCX, B0GSNK47ZG, B0GSPDB725, B0GSQ5VPC3, B0GSP6KL6Q, B0GSNWYD61, B0GTGB5FY4, B0GVDJ4Y3L, B0GSNXYQ3T, B0GW72N3WK, B0GSNW7C7Z, B0GSNRVK6N, B0GSPCC9S3, B0GW2CDHV9, B0GW2GHWYT, B0GW7B15H3, B0GT28LZB2, B0GW22P63M, B0GTJQKPH2, B0GVCD924G, B0GSV91PDW, B0GVFYKQLJ, B0GVMNNFJR, B0GW22G81W, B0GW13KT1B, B0GSNKRLLZ, B0GWCYLJ75, B0GW22KRYB, B0GW28ZZPM, B0GTMTH86S, B0GSN4K3BY, B0GSP32NYL, B0GW266F1P, B0GTDJYB7P, B0GTKBLCBH, B0GWCGDN6K, B0GSNFRH62, B0GSS6HTS7, B0GSP6TL62, B0GTN945X1, B0GVCYKF39, B0GSP35GBD, B0GSNZ5JT7, B0GW231X5D, B0GSS5H74Y, B0GSQ5NNVW, B0GSPCS1RT, B0GWCZCJ4Z, B0GVGSK647, B0GW28L5RB, B0GT49BFT1, B0GTN928DK, B0GW9L4XC2, B0GVGTZHJV, B0GT29B4W5, B0GSQJ6F89, B0GSNM7W9F, B0GW1Z2RDS, B0GSPGNC53, B0GVGWDDQR, B0GVCLGFQG, B0GSSL7V6K, B0GW1SDCXM, B0GT294QXZ, B0GSP22PYJ, B0GSNZGFWM, B0GW2NR1HP, B0GW1VL2KL, B0GSNHMN4G, B0GSP9B8S8, B0GSSDZD16, B0GVGTFJLX, B0GVMR5LLJ, B0GT28DPDC, B0GTDF51X6, B0GVLCWT46, B0GSSHT7X6, B0GSP7V2BG, B0GSQ792FT, B0GW2LHL3B, B0GTN3NNGK, B0GTG59MN5, B0GTGGPD6J, B0GSQCSM8C, B0GSNR13XD, B0GVKXVYW5, B0GVCLHBXR, B0GSSR892D, B0GW9VH17Y, B0GW6QFSQM, B0GSN995NT, B0GTDCCYZS, B0GSP3W9TV, B0GVMM8WLD, B0GT27S65M, B0GT25SSFD, B0GTDLFG4R, B0GTDH3V8Z, B0GT2Q733C, B0GSPDYTPS, B0GT294R1L, B0GW14H3BP, B0GSP8CXDK, B0GVC3RW5W, B0GTGM2WQ8, B0GT2JD1M7, B0GSQ95321, B0GSPLMPM6, B0GWCWDDD8, B0GT2FMK2F, B0GW72PD4L, B0GVGWFPLF, B0GVCD5FT4, B0GW1WWCQ4, B0GTN8F5RG, B0GT2CZ1K8, B0GSSJ93CF, B0GSQ9H48G, B0GVL7SXS1, B0GT1P1C6C, B0GW11MGJT, B0GT2CRN9W, B0GSP6BS17, B0GTDF1V8D, B0GW6T5H8N, B0GW2DJ6T1, B0GVGX2LFT, B0GSQD836M, B0GSP6HZMC, B0GVGP65J2, B0GSS9MCYT, B0GW1MDNNR, B0GSPCFM6K, B0GSP5TCXR, B0GVGS7Y7H, B0GSP5447Y, B0GSNWXDRN, B0GSN8YJ5W, B0GW2LJ1MK, B0GSRHX434, B0GVCGSHJJ, B0GSS7R3DS, B0GVH389QZ, B0GVGP1RPZ, B0GW2NRPYT, B0GSP1NNR3, B0GVGWCVBN, B0GSS5F6GB, B0GT2939B8, B0GTDJ9DK4, B0GVCJ3LDF, B0GVGWS8XX, B0GT3TMRJC, B0GT2BK3W1, B0GW1DVXCQ, B0GW26LLW2, B0GVGV4THS, B0GW6S96GJ, B0GVCLBRJB, B0GVH3H1RB, B0GSP687WF, B0GVD2ZPQ3, B0GSQ29HL4, B0GW291J4W, B0GT26P9D3, B0GSNW91GH, B0GSP2GQ37, B0GSNMTTXT, B0GVCWF1HM, B0GTDKSLYC, B0GSPLCX7J, B0GT2MQSYM, B0GSNJQT46, B0GSPCH5CP, B0GSNCQ8VY, B0GTGCSRTS, B0GVGRZCG3, B0GTN5N4FP, B0GSPD4NTY, B0GVG8CF55, B0GVLCY6XN, B0GVGXC1YM, B0GT2CVKFW, B0GVKTQW3X, B0GTNB6L6J, B0GW762TCG, B0GT27HWZG, B0GVL3T7B1, B0GVD6NZXM, B0GTFX4G44, B0GW71ZQQH, B0GSNT57PQ, B0GT2C3P8B, B0GT2BWRLY, B0GWCBZ7K4, B0GTN3FCTP, B0GVCPGSR7, B0GTN9LHMF, B0GVGWBRY5, B0GWB1D653, B0GTJYWY91, B0GSQGKSQ8, B0GSP75PVX, B0GSV7FQ61, B0GSSGC22D, B0GTDKZQQ5, B0GT2CRMTN, B0GSSCCLXJ, B0GSP8YQRL, B0GW184FW4, B0GW1SXT5T, B0GSQ9GJJT, B0GSP8VM2C, B0GW14RXS8, B0GTN6GP42, B0GT1PBYLS, B0GVGSPZ1L, B0GSP4CQG8, B0GVGWFPJ9, B0GTG9NFGY, B0GSSLCVM1, B0GSP1YNTX, B0GW9K749F, B0GTGD7HVY, B0GT1WCK4Q, B0GSP8MRXY, B0GTN9J9X7, B0GW9LZ8LB, B0GSPGHX84, B0GSNYT41F, B0GW745GYH, B0GTDRYQLN, B0GSQ6VXP9, B0GSPHJX4Z, B0GW1GDXB7, B0GVGX5687, B0GWCK45JG, B0GSSC1TST, B0GVDBWC25, B0GVDDXS7J, B0GVCNLQK7, B0GTN5HWHY, B0GW1BKN35, B0GT272Z5F, B0GWCZJSFW, B0GW2D7Z7S, B0GTN3KBNV, B0GVMLW7V9, B0GTK2KYN8, B0GTN9WB4T, B0GW1P9M3M, B0GSNRQTLJ, B0GVGRG5GM, B0GTGGHJQH, B0GVCD8RJL, B0GW172DXZ, B0GVMFY16Z, B0GW247BPX, B0GVGSKB6X, B0GW1FW9HX, B0GW1XYNL9, B0GVMKKGRG, B0GSPKQ6RH, B0GW75N3Q6, B0GW2CZPXN, B0GTN5QWMY, B0GSPPCH54, B0GTDKPJ2B, B0GVGTNR1G, B0GTDFSF96, B0GSP7D74F, B0GSQJQDPY, B0GSP4CYJ5, B0GSP2HYRK, B0GSPF132T, B0GW1883HL, B0GVL69ZWJ, B0GVMYD6B7, B0GVD76LFW, B0GW2B5K9G, B0GSP6MVNQ, B0GTNCQTXF, B0GW785WL8, B0GT27W15R, B0GT279ZBD, B0GTDGY2D8, B0GW2B42KT, B0GVCLFSYS, B0GTDL6TYD, B0GVMHWNRL, B0GTGHCCJH, B0GVCL85H7, B0GT29KVKY, B0GVCBJNFP, B0GTN68RPF, B0GTMW3N5C, B0GT28RXWF, B0GW21MK7S, B0GT27CS5W, B0GW247R1J, B0GW1YJDK4, B0GW121W91, B0GTDMGJ6K, B0GT283PBX, B0GSQ98Q9C, B0GSQ682S9, B0GW7341QH, B0GT2FLH9X, B0GSP48WFW, B0GVGHKKHT, B0GW73J3SM, B0GSSK9PWT, B0GVGW7WQJ, B0GSN9KQYQ, B0GTFW3N9K, B0GVCKCJNB, B0GW23SYCV, B0GVD28XDK, B0GSQ86M8B, B0GT2C2PSC, B0GVMN5PX1, B0GTDHZ7N8, B0GWCN4T81, B0GTNCF31P, B0GT266194, B0GTN5ZX17, B0GVCF1Y28, B0GTGBZNJL, B0GTG9BGDC, B0GSQD9X26, B0GW23J6YT, B0GSN564WR, B0GVCDL53R, B0GTDK62TY, B0GWC47474, B0GTNCSPCN, B0GSP49N89, B0GW9RG1FX, B0GTDC9F7J, B0GVD3DJBX, B0GVL7FY84, B0GW1KTYK8, B0GT25WLGM, B0GSPD7QXY, B0GW76MNQ2, B0GVD3YT7T, B0GW189TNB, B0GTN4B1GY, B0GTN83VGS, B0GT2MMPF6, B0GW13W9K1, B0GTDKRJ1H, B0GW71CYPC, B0GSQDZ3F9, B0GVH41DL5, B0GSTZL9ND, B0GWC3S9JL, B0GW72NDJW, B0GVMC2JMW, B0GT2NZRC7, B0GSQ33XFV, B0GSP3XMSV, B0GTFWD69L, B0GSRWGX7B, B0GVCW7SNY, B0GW2BMWFJ, B0GVCYMC6J, B0GTDTF93M, B0GSP2Q7YJ, B0GSQ6W9HS, B0GSNRZ99T, B0GSNYT3WS, B0GWCX9G4L, B0GW2H5GDQ, B0GVCQ39T8, B0GVGSXNKC, B0GSP2BMQP, B0GWCCDWJ6, B0GVKY9LMV, B0GVD27WBV, B0GVGSV9GZ, B0GVL9L4BG, B0GTNCF332, B0GVG2R1P3, B0GTN1GMCC, B0GWCDRZHX, B0GW2D697K, B0GSN94YQQ, B0GVCPQXSL, B0GTDQTF9Q, B0GW2JKTCD, B0GT28NYHM]",amzn1.campaign.21JU0REEBG3NL,Soccer/Football Meets Art 2026 Inspired  - Collection 8 Mugs Only,BrickByDreamCo,2026-04-09,2027-04-08,12.00%,7000.0,7000.0,0,800,false
"[B0GJKDH4YB, B0GJKB9SYS, B0GJK7RSG8, B0GJKF6SL9, B0GJK3T8ZN, B0GJKRNFXT, B0GJKFG4TY, B0GJKWK2P6, B0GJL2LT54, B0GJKHXPB4, B0GJKFFJ27, B0GJK3MFZJ, B0GJKG6Z67, B0GJKRLJW6, B0GJKRLJVT, B0GJK9SGN7, B0GJKT3N7D, B0GJKSTJB8, B0GJKKSK4D, B0GJJRZW46, B0GJKGY9FJ, B0GJKHKQ2Y, B0GJKKX4Z9, B0GJJY1LYL, B0GJK9V9Z8, B0GJKDRDJ6, B0GJKG5VRS, B0GJKGZYBS, B0GJKY8QWQ, B0GJKGZ88N, B0GJKLKFWQ, B0GJJSJWWV, B0GJJY44HZ, B0GJK3BV3R, B0GJJYBN2W, B0GJKRS6PD, B0GJJSHCR6, B0GJKF6F46, B0GJKGZHVZ, B0GJL3TQRZ, B0GJKLV9NH, B0GJJXVJDC, B0GJKKM314, B0GJKJLXBZ, B0GJKKZ2QP, B0GJL2DP3F, B0GJKPNQTC, B0GJKLWRVG, B0GJK9JYFB, B0GJJY62YD, B0GJK9T639, B0GJJY6P45, B0GJKF9CD4, B0GJK9KRMX, B0GJJY5H76, B0GJKJLXBR, B0GJKG55GV, B0GJKWTPYN, B0GJKG5YJZ, B0GJKKXTSN, B0GJJY9R7F, B0GJKSWRF1, B0GJKFBWD3, B0GJKBHN72, B0GJKPMXQP, B0GJKF87K8, B0GJK3C7VK, B0GJKFBWD7, B0GJJXVSH2, B0GJKFZPGP, B0GJKBY5CZ, B0GJKYMTB6, B0GJKHV55T, B0GJK3QDVJ, B0GJKBJ4W5, B0GJKGFXX5, B0GJKHMDVS, B0GJJSH8V3, B0GJJY3YH5, B0GJKYFPFZ, B0GJJY6D4V, B0GJKHLPYN, B0GJJYB94M, B0GJKNTKZB, B0GJKBJBS3, B0GJKY94G1, B0GJKLP4QL, B0GJK756HD, B0GJK74DFR, B0GJK9RS44, B0GJKSHPMD, B0GJK3NTNN, B0GJK7PGH5, B0GJK7GB8G, B0GJJXVSHP, B0GJL3VLH2, B0GJK3LZGG, B0GJKBB232, B0GJKKNMDP, B0GJKF4VRM, B0GJKBDPQ6, B0GJKWQN82, B0GJKBB239, B0GJK3NM2M, B0GJKHWK4Q, B0GJK734GF, B0GJK936CZ, B0GJKSL9SC, B0GJKYKKD1, B0GJK3DMPV, B0GJKGG5LR, B0GJKGZQ3J, B0GJK9VX2V, B0GJK9RHGX, B0GJK3LQZ9, B0GJK3BH53, B0GJK3MG1D, B0GJK9SV95, B0GJJY11YV, B0GJKFG8RC, B0GJKF67JC, B0GJK3BH51, B0GJKKP29W, B0GJKG4K8L, B0GJK3MMVH, B0GJKHMY4Z, B0GJJSG9TN, B0GJK6XZYT, B0GJJS8RB7, B0GJKYHLGL, B0GJK9ZYJY, B0GJK756FF, B0GJKSKWGX, B0GJK72KQ8, B0GJK3D9Y4, B0GJK3CS63, B0GJJY11YY, B0GJL2PJY8, B0GJK3R7KK, B0GJKBJXY2, B0GJK7RSGP, B0GJKB6QWK, B0GJK3LMQ3, B0GJK734GZ, B0GJK3KTQ2, B0GJK73QHX, B0GJKHW87Q, B0GJKHKCZB, B0GJKGS3FP, B0GJK74HD8, B0GJJSH8W2, B0GJKFBQHR, B0GJKPMXQG, B0GJJXZ25Q]",amzn1.campaign.26BLUJD26THFP,2025 Upgraded Thick Soft Pillowcases | 20% High Affiliate Commission 💰,GAWAMAY,2026-04-09,2027-04-08,20.00%,50000.0,50000.0,1,800,false
[B0CXMBYPLV],amzn1.campaign.D7SZOV241MZ0,Before: Bare wall = missed opportunity. 😩,J-Fly,2026-04-09,2026-10-11,10.00%,5000.0,4999.0,11,800,false
"[B0F6CYG1BT, B0GJS4ND4F, B0D22PM92F, B0BV6KJW35]",amzn1.campaign.E3B3MU28P4FL,Collaborate & Earn Commission Promoting Our 4th of July Decor 187 195 130 043,obbsie,2026-04-09,2026-12-31,10.00%,5000.0,4981.97,0,800,false
[B08BJ37FNS],amzn1.campaign.2G81TOBAUWP10,guitar neck rest for string instrument,COENGWO,2026-04-09,2026-10-31,10.00%,5000.0,4925.84,0,800,false
"[B0GJCSMNF3, B0GJCPN4RS, B0GJD33BNP, B0GJCXDR1T, B092JC64H3, B0GJCQ4C99, B0GJD18Q7Q, B0GJD5XHVM, B092JB7S1C, B0GJCSH84D, B0GJCXGKPB, B0GJD1XRLL, B0GJCS3YYC, B092J9T8GH, B0GJCS8J8B, B092JBRD43, B0GJCSYJNG, B092J9DX44, B0GJCWYZPR, B0GJCRRXSQ, B0GJCPS1QD, B0GJCVFCYT, B0GJD6FDK8, B0GJCSYQR7, B0GJCLJPJJ, B0GJCLHWJG, B092JD3ZK8, B0GJCRXN1P, B0GJCV4HTT, B092J9YYXF, B092J9KZTK, B0GJD2T55B, B0GJD6G5VX, B092JC44HX, B0GJCSK7KQ, B0GJCSVLXM, B092JBGNVY, B0B729G933, B0GJCPPFJ8, B0GJCLG6T7, B0B729C4Z6, B0GJCL4D6W, B09M3RN44F, B0GJD38N8Z, B0GJCWHSK2, B0GJCSXDSL, B0GJD5QJH5, B0GJCSY6TX, B0GJCNMC8D, B092JBNGTL, B0GJCTLCBH, B092JBHQTX, B0GJCX85P4, B0GJD6G9GX, B0GJCPVBWT, B092JBLPBD, B0GJCX982H, B0GJCY1M2X, B0GJCY767W, B092JBQBDF]",amzn1.campaign.B643KBDK4R90,ACC-隔热膜 B01 20%,xiawei,2026-04-09,2026-12-30,20.00%,5000.0,4715.36,0,800,false
[B0G64LBXL2],amzn1.campaign.2RQZD9KXUPG9Q,SoundPulse Party Max – 60W Bass. Unlimited Vibes.(F35),dbsono,2026-04-09,2026-09-30,10.00%,100000.0,99375.77,0,800,false
"[B0DLWK5G98, B0BPGP8F5X, B0G1M4KTHB, B0FPXGTK3C]",amzn1.campaign.2EHZ7V0H1WWRK,Collaborate & Earn Commission Promoting Our Faux Greenery Stems 012196 200 172,obbsie,2026-04-09,2026-12-31,10.00%,5000.0,4966.9,0,800,false
"[B0FSZ7SSNC, B0FSZ7NPNL, B0FSZ86F9W]",amzn1.campaign.3LQNMJCQZFRDB,for Moto Case,VOFOLEN,2026-04-09,2026-09-30,12.00%,5000.0,4990.9,6,800,false
[B0CR6RHGPC],amzn1.campaign.8E388S7HOL4K,20% Commission Opportunity with Stomach Bloom Ginger Nausea Drops,Stomach Bloom,2026-04-09,2027-03-22,20.00%,1000000.0,1000000.0,0,800,false
"[B0F43NNBTY, B0F43KHYMM, B0F43PFYRN, B0F4C9WRCT, B0F43KK558, B0F43P3L9M, B0F4BXBWB4, B0F43JNS1J, B0F43PRQGT, B0F43N3J2S, B0F43NKWW3, B0F43NXMLG, B0F4BSPTB6, B0F43KFHQ1, B0F43NKNSP, B0F43N1GG4, B0F43KX5KJ, B0F4CB7SYX, B0F43NFL5H]",amzn1.campaign.1YUQWP6FVL8QH,ECUPPER Men's Swim Trunks with Compression Liner Board Shorts Zipper Pockets,Ecupper,2026-04-09,2026-10-01,10.00%,5000.0,4983.8,0,800,false
"[B0DJ2BZ1VY, B0DJ2CYJSH, B0DJ2BCY3G, B0DJ2D5J9C]",amzn1.campaign.1KB9LACIRAI8E,磁性冰箱计划板,Bailkind,2026-04-09,2027-04-09,10.00%,5000.0,4901.0,9,800,false
"[B08CN7WW67, B08CN6XDFZ, B08CN89J6T]",amzn1.campaign.3M8MM9U45TVB8,🔥Promote Artfasion Women's Toe Socks & Earn 15% Commission-81161,Artfasion,2026-04-09,2026-10-08,15.00%,5000.0,4994.9,6,800,false
[B0CR6RHGPC],amzn1.campaign.1SAGY8DNT1GDH,Partner with Stomach Bloom and Earn 20% Commission,Stomach Bloom,2026-04-09,2027-03-23,20.00%,1000000.0,1000000.0,0,800,false
"[B0D2KKBMWW, B0D2KRGHRV, B0D7Z4YSYD, B0D14SCYFM, B0D7ZL88XY, B0D3F4D8WW]",amzn1.campaign.3OHXC1BDMD74C,Qajok laser light – Amazon Creator Invitation-1.4,Qajok,2026-04-13,2027-04-13,10.00%,999999.0,999940.78,0,800,false
[B0CR6RHGPC],amzn1.campaign.368BFJYQCOTY,Creator Opportunity: 20% Commission on Stomach Bloom Ginger Drops,Stomach Bloom,2026-04-09,2027-03-24,20.00%,1000000.0,1000000.0,0,800,false
"[B0F8NKX6QL, B0F8NKZ595, B0F8NMDKFC, B0F8NLGSQ8, B0F8NGY1S5, B0F8NPC7GN, B0F8NKJ9YK, B0F8NKWGVB, B0F8NM5WSD, B0F8NLRPSH, B0F8NKJHMW, B0F8NKJ9Y2, B0F8NKTWVC, B0F8NLFVYL, B0F8NQ57LM, B0F8NJR2GM, B0F8NMPHCW, B0F8NMCCPW, B0F8NPJZPD, B0F8NKKFP8, B0F8NKWHXJ, B0F8NWQQ68, B0F8NLZ9MB, B0F8NJ7MRB, B0F8NMDKF3, B0F8NLWQP8, B0F8NKWMT2, B0F8NKC56Q, B0F8NK8YNP, B0F8NKXYPL, B0F8NLWSTM, B0F8NMCFRB, B0F8NDYQNN, B0F8NLQLHM, B0F8NKC578, B0F8NGS5QX, B0F8NJMJP2, B0F8NHL81C, B0F8NKWLK8, B0F8NKB6MB, B0F8NPC87Y, B0F8NQBT4L, B0F8NKWM3Z, B0F8NMD1TL, B0F8NLNSMZ, B0F8NKKM6Y, B0F8NM54FX, B0F8NLMZG3, B0F8NM1L21, B0F8NLK3Y8, B0F8NKVWSB, B0F8NMGTHS, B0F8NJB2ZQ, B0F8NM1L3Y, B0F8NGT7Z7, B0F8NLMZQM, B0F8NKW6XZ, B0F8NLXZYF, B0F8NQCYSB, B0F8NP5PN7, B0F8NMY34X, B0F8NLB2RL, B0F8NMCDXS, B0F8NKRSP8, B0F8NM2F5R, B0F8NM9XMF, B0F8NLB2S1, B0F8NKGBGF, B0F8NMDV7Y, B0F8NLJTV4, B0F8NM17CX, B0F8NLJQ74, B0F8NLGHY8, B0F8NKXFMS, B0F8NPNBZ6, B0F8NM68F2, B0F8NLFNG4, B0F8NLXFHF, B0F8NP6S9X, B0F8NKT96Z, B0F8NM7N61, B0F8NQFRKV, B0F8NPHQ7Y, B0F8NLMZQD, B0F8NM1RJK, B0F8NJQDBS, B0F8NLG13C, B0F8NM3WFG, B0F8NKSYJY, B0F8NM7NYF, B0F8NLHNRD, B0F8NPGNC7, B0F8NDRX4Q, B0F8NLF6HB, B0F8NMHCZ9, B0F8NKX38C, B0F8NLZ262, B0F8NLQL45, B0F8NQBRFK, B0F8NN247D, B0F8NPGNCL, B0F8NM3LH6, B0F8NLDTJT, B0F8NLBLQG, B0F8NKWM88, B0F8NKMG23, B0F8NK9NSF, B0F8NP7GN4, B0F8NJYJQB, B0F8NPNW7N, B0F8NLHMPM, B0F8NM2W8P]",amzn1.campaign.1DSZER082ZU9W,UPF 50+ Sun Protection Shirts SPF Jacket,BCZHQQ,2026-04-09,2027-04-09,10.00%,100000.0,99997.87,0,800,false
"[B0D6VBS6R8, B0C995KB6S, B0B294KTLZ]",amzn1.campaign.169SPUXZW1WDE,Collaborate & Earn Commission Promoting Our Silk Sunflowers Artificial 40312673,obbsie,2026-04-09,2027-04-09,10.00%,5000.0,5000.0,4,800,false
"[B0D2KKBMWW, B0D2KRGHRV, B0D7Z4YSYD, B0D14SCYFM, B0D7ZL88XY, B0D3F4D8WW]",amzn1.campaign.21ZNINN7T69EJ,Qajok laser light – Amazon Creator Invitation-1.2,Qajok,2026-04-11,2027-04-11,10.00%,999999.0,999999.0,8,800,false
[B0CR6RHGPC],amzn1.campaign.2QE4G09G00YUB,20% Commission Collaboration with Stomach Bloom Nausea Relief,Stomach Bloom,2026-04-09,2027-03-25,20.00%,1000000.0,1000000.0,0,800,false
"[B0GVQJ3SY6, B0GVKXGTHX, B0GVQJLRLG, B0GVGS5GKY, B0GVQ9VZ3F, B0GVR7WZQK, B0GVQJ8TJZ, B0GVR4YT1V, B0GVRK7R69, B0GVGZ4CFH, B0GVGQT4C1, B0GVGZ4CG4, B0GVQZ25H9, B0GVGT4BH6, B0GVQD61RZ, B0GVRH9QBW, B0GVR1QBZ1, B0GVGMYZLW, B0GVMLZVRX, B0GVGKQ4NX, B0GVR29KVS, B0GVQHR45R, B0GVRHB7V9, B0GVQNNCZ9, B0GVQHW2D2, B0GVQX8MZH, B0GVL6FHGB, B0GVQZQBDL, B0GVQY415K, B0GVQXZM86, B0GVKRSH4R, B0GVQK4NRC, B0GVGRC2S9, B0GVGRDSPJ, B0GVGQH7HV, B0GVGYQ8TF, B0GVGLG5VQ, B0GVRB63XC, B0GVQSRNXJ, B0GVMN17SS, B0GVQFMHBJ, B0GVGN1BYN, B0GVH24YGK, B0GVGWNV31, B0GVQN38WJ, B0GVGWB6XP, B0GVGRD3PY, B0GVQLJFDT, B0GVMPRMKS, B0GVMH462Z, B0GVH25R6V, B0GVQMF7WS, B0GVH3D43T, B0GVH25R6T, B0GVQCMW6W, B0GVQTSXRR, B0GVGKZ4YL, B0GVGRBC76, B0GVQCLFY9, B0GVGRQWR7, B0GVGWWT3H, B0GVH9XS1H, B0GVHB7R9X, B0GVMHSBP3, B0GVH84XCX, B0GVH7TLC9, B0GVQC4WZY, B0GVQK7C52, B0GVGWV8ZV, B0GVGMMFLL, B0GVKT42PW, B0GVGJ3NTF, B0GVQYT477, B0GVGSXP8Y, B0GVQMT2GJ, B0GVQC8HPR, B0GVRKHYNR, B0GVML7CVV, B0GVGKZ4ZS, B0GVGYQ8RP, B0GVGT356B, B0GVRB5JJ5, B0GVQCYK5Q, B0GVGN57Z8, B0GVQYHPT6, B0GVH4TRHQ, B0GVGSB8JR, B0GVGX26D7, B0GVMF9SMK, B0GVMG7SX8, B0GVGTHKC4, B0GVR1TPPV, B0GVMFYXXX, B0GVQSGX15, B0GVH7TCRB, B0GVGQJ9NV, B0GVQDSQWH, B0GVRLJK2T, B0GVGR4WNJ, B0GVQKRZTK, B0GVQF26K5, B0GVQH2D17, B0GVM6M23R, B0GVGQHQCD, B0GVQLHWQB, B0GVQ83NZ2, B0GVQ74MPB, B0GVQ83NYS, B0GVGWZL81, B0GVQCYK7K, B0GVQPKY93, B0GVH7TPLQ, B0GVQZQM4L, B0GVQ6NG35, B0GVR7TFPN, B0GVL6W6TH, B0GVGRT2DY, B0GVGZCBQR, B0GVGN8ZWR, B0GVQMWDD1, B0GVH7SZBS, B0GVHB49X5, B0GVQZSS8T, B0GVRF4W4S, B0GVQMR2NC, B0GVQ8LCG2, B0GVGWCWQ9, B0GVQMYLLD, B0GVQH3JYH, B0GVL53KCW, B0GVR6SVNY, B0GVL36MXX, B0GVQNK8RL, B0GVRGJTQR, B0GVQ5J3SV, B0GVH4NRYB, B0GVRB4L17, B0GVQFL2D2, B0GVQFRKCC, B0GVGTKTPQ, B0GVQPXKN6, B0GVGSCNYB, B0GVQSQZLM, B0GVH3RF7Q, B0GVRB6GDK, B0GVQFMYNV, B0GVQD3WNX, B0GVGSZXG1, B0GVQFFS78, B0GVGS8K15, B0GVRNJBTQ, B0GVGR6K55, B0GVGTYYS3, B0GVQH86Q4, B0GVQFPXCQ, B0GVRD68QF, B0GVKN6234, B0GVL7FS87, B0GVGL6GT7, B0GVH4P7CL, B0GVQLFK1C, B0GVR7X2VP, B0GVQM4Q6F, B0GVGWK7DF, B0GVQWX7G8, B0GVQQHHZ3, B0GVQMPY4R, B0GVGXJTGH, B0GVGRQ44W, B0GVL57B93, B0GVGSF49H, B0GVH2CCXM, B0GVQBHCB2, B0GVQQF46S, B0GVM6MBHQ, B0GVGR6FH1, B0GVQS6X69, B0GVQR3TTT, B0GVGZ3HZ2, B0GVGPSLW3, B0GVQJ7SR6, B0GVQLYJ88, B0GVGQ27T5, B0GVL7CXHX, B0GVGZJTM8, B0GVQDWMPJ, B0GVH34FNW, B0GVQJX3GH, B0GVGN6TWB, B0GVMRGH24, B0GVMMRX79, B0GVQK6CPH, B0GVGWNR29, B0GVGTQVFP, B0GVGMLCR7, B0GVGWHN6N, B0GVGWHN6Q, B0GVGMYKZQ, B0GVGTYNXW, B0GVQQDTCS, B0GVH32MHW, B0GVGMBBMZ, B0GVQKD7Q3, B0GVGYX17R, B0GVLCMV3R, B0GVQQ576V, B0GVGQ3XX7, B0GVQG5Z7W, B0GVGRL5LJ, B0GVQ9CW2Q, B0GVH6LDPH, B0GVMR8PHT, B0GVQKXQHB, B0GVGMFJR4, B0GVQGCZNR, B0GVQJWNB8, B0GVL2V7BH, B0GVRKVL1F, B0GVH5RWCM, B0GVQTK6ZR, B0GVGWGJTS, B0GVGTGHFP, B0GVQ74R18, B0GVQVPV3C, B0GVGS94DP, B0GVQBC9YT, B0GVGTPHKN, B0GVPZD3SY, B0GVMRLNJG, B0GVGQNPTV, B0GVGZJTHC, B0GVL6BWJ9, B0GVGTPHKK, B0GVGWLMKX, B0GVQKCVS1, B0GVR6V2WV, B0GVQY9RZG, B0GVQGMM4X, B0GVQQ41LB, B0GVQB512R, B0GVGPN37V, B0GVQ9W32K, B0GVQXC1Y8, B0GVGRWHNB, B0GVQR468J, B0GVQK9QFG, B0GVQWLP5T, B0GVR7TLSV, B0GVGT96KL, B0GVRB42FG, B0GVQBBF5V, B0GVGT96KN, B0GVQJV3B2, B0GVGTMX9W, B0GVQD47T4, B0GVGVVMSD, B0GVGYQKL6, B0GVKXGQ2S, B0GVQPRVM3, B0GVRB3G54, B0GVRB1BQT, B0GVGYNFK9, B0GVGT73S4, B0GVM63BM1, B0GVQKHPJ4, B0GVQSW5KR, B0GVGTCW4F, B0GVL3VQKH, B0GVGV7QX3, B0GVGWQ5VW, B0GVL53VGR, B0GVGRB7QT, B0GVQJ6MRM, B0GVRB3G7J, B0GVGGVYFR, B0GVQQH7P8, B0GVGPYZGC, B0GVGTKSTX, B0GVGVF42V, B0GVQS2SPQ, B0GVQP5BZK, B0GVL7WNSQ, B0GVGXS68J, B0GVGR7Z3J, B0GVGBD8D8, B0GVQ9BPMN, B0GVRHCNRJ, B0GVQ9Z4PD, B0GVGQBNYM, B0GVH7T93L, B0GVQXHXQN, B0GVQ9Z4P4, B0GVGQJ2JS, B0GVQS89JS, B0GVQ8LDV4, B0GVGV3H3B, B0GVGS5WYG, B0GVRCT7Y7, B0GVQFFN48, B0GVQJ1WSD, B0GVGTPJ9Q, B0GVRCKMCG, B0GVGYWLWV, B0GVH7XC4V, B0GVH26J9K, B0GVRBDJML, B0GVL52Z53, B0GVQ8Q917, B0GVQMQFGR, B0GVQNK3X7, B0GVR4BCH5, B0GVQQ2X7C, B0GVH52WM3, B0GVGSPY35, B0GVL7N7FF, B0GVQSMY1H, B0GVGPVDL1, B0GVQFM4J6, B0GVPYDNJW, B0GVHFQMFW, B0GVGTYVQ2, B0GVGVB265, B0GVL3X3NJ, B0GVH288R6, B0GVRF3KSH, B0GVJ9D6ZH, B0GVQQBL13, B0GVGTF81W, B0GVQH4C9D, B0GVMK99GX, B0GVGMXNL6, B0GVH3WY7M, B0GVGS9X2J, B0GVRB7JW4, B0GVRR95N4, B0GVG9JQXW, B0GVQ8BZ3M, B0GVGWQ1MJ, B0GVQD38VT, B0GVH11ZF2, B0GVGNLGGP, B0GVGQ8MXS, B0GVL5PW3L, B0GVGYR33B, B0GVRDDK5C, B0GVL24D7J, B0GVGWKN8C, B0GVGXR78Y, B0GVRCNRCL, B0GVQ81BVZ, B0GVS56Q4R, B0GVGRM3KK, B0GVRB6963, B0GVRM9J4M, B0GVGTJQ64, B0GVQH4DZC, B0GVGTYH6W, B0GVL7ZFTQ, B0GVL5TT8F, B0GVGJZS5M, B0GVGYD6PJ, B0GVGMBB91, B0GVQD76Q6, B0GVQTP9BZ, B0GVQ8GZC8, B0GVQCWX15, B0GVRLJKNN, B0GVGWMCFV, B0GVQFB33H, B0GVGZYWX6, B0GVQ5TDCT, B0GVH3XSPL, B0GVKXCJJ7, B0GVGMKM2X, B0GVGL5SKN, B0GVQ4ZH68, B0GVH41KXT, B0GVRNHZYV, B0GVQFX333, B0GVGM4J2D, B0GVQT5XQW, B0GVGVJJZ4, B0GVH5HJTQ, B0GVRR144T, B0GVQWRFBZ, B0GVQWMCLB, B0GVQYQ8V9, B0GVQ7DLL1, B0GVL5631J, B0GVMR9TBW, B0GVRCG6CK, B0GVR5NLPV, B0GVHC9SCP, B0GVHB6RF3, B0GVQDJSSZ, B0GVQZ72Y6, B0GVGRGL14, B0GVGSGMYB, B0GVQDXGT1, B0GVGWQN29, B0GVRNKM5L, B0GVM7DQ4B, B0GVGR7QK8, B0GVRL4KN8, B0GVQLVWJT, B0GVQSFG4Y, B0GVR6S482, B0GVGMZ36X, B0GVQ9YQTL, B0GVGMPSTF, B0GVQTK711, B0GVR2DDNF, B0GVGV6FNV, B0GVGFKTTN, B0GVQH9S48, B0GVRFQ3LH, B0GVGSWRQQ, B0GVQ59564, B0GVMRBJ4Y, B0GVH52WN5, B0GVR8J24Q, B0GVG1X8KS, B0GVQSNQ7R, B0GVQ5WR36, B0GVQVY7J5, B0GVGNC6FW, B0GVQSM6F5, B0GVQQG2G1, B0GVQLJPC1, B0GVH82WZ7, B0GVGSCQ29, B0GVGYP5GG, B0GVRW93VS, B0GVH75VK3, B0GVGLFGWQ, B0GVQHYDVS, B0GVRLC1LP, B0GVQVH3SL, B0GVRBLCQT, B0GVGTBGDH, B0GVH23MR1, B0GVQF9Y2Z, B0GVGYWWVH, B0GVQ3CJTP, B0GVRQ6ZRG, B0GVQYRM7D, B0GVQ9K7M1, B0GVGS29SD, B0GVQCM6J1, B0GVH1788N, B0GVGZ6DT9, B0GVGX8WNC, B0GVGRPGQZ, B0GVH7JQDL, B0GVQPWVXT, B0GVGX1NQY, B0GVRMKQ3Y, B0GVQK2533, B0GVQHX2TB, B0GVH3CTPX, B0GVQJ6MV4, B0GVGQFJQT, B0GVQY52W7, B0GVQXFKQL, B0GVRM4XHC, B0GVH7WJR1, B0GVQMPMQG, B0GVQZ8T4Q, B0GVRDHK2V, B0GVH33TB1, B0GVQ988HL, B0GVGY1Q9N, B0GVR7TVWQ, B0GVQH3JQ5, B0GVGRVT8L, B0GVQMDNWR, B0GVQFPM8D, B0GVGSR92T, B0GVRQ8L1S, B0GVQWXZVV, B0GVL6RMX6, B0GVGV4D5D, B0GVQCLTR4, B0GVH69FG1, B0GVGWT287, B0GVL3Q1KW, B0GVL7D92W, B0GVQZKNN9, B0GVL78616, B0GVML42ZK, B0GVRHD4HL, B0GVGPR9N3, B0GVQGVKSZ, B0GVKWVNL2, B0GVGYTZPS, B0GVGSLL19, B0GVQCBWTY, B0GVGMVXPM, B0GVH4LMS6, B0GVGV4D6H, B0GVGMKTJP, B0GVQCBWVC, B0GVGV7X4N, B0GVR7SX71, B0GVGRM2X9, B0GVGTXDDD, B0GVQMNDXG, B0GVQDX7YC, B0GVQCBWV2, B0GVQ5L32Y, B0GVR7TJ8Q, B0GVQYL67S, B0GVMRHP4L, B0GVQRTZG1, B0GVGPCFQJ, B0GVQGXP81, B0GVL7Z6KT, B0GVQBJ6Z2, B0GVQJY83Z, B0GVGQ2N78, B0GVRQZQJV, B0GVGVGN2V, B0GVQPXSCK, B0GVQCP921, B0GVQ8TY55, B0GVGNVW4T, B0GVLCLLXK, B0GVQ9LFLH, B0GVQDXDV3, B0GVRQZBLM, B0GVQV52GK, B0GVRQ7MKF, B0GVQMM16B, B0GVQPRR3H, B0GVGYSNZS, B0GVMQ9TH5, B0GVH3B144, B0GVGR5YJ8, B0GVGRQ6Q5, B0GVQD854Y, B0GVQWCYNZ, B0GVMDW89P, B0GVQGRF3T, B0GVH3GFNJ, B0GVH3QCPV, B0GVQH2HYC, B0GVRL8SWJ, B0GVQTP96R, B0GVGJB5VC, B0GVQBG256, B0GVGTFRWJ, B0GVGKRJ3D, B0GVQD6VW1, B0GVQQHJK5, B0GVH1QTJ3, B0GVGMKVQR, B0GVH3XWD5, B0GVGSGBQB, B0GVQCL6SL, B0GVRCJ5H4, B0GVQCNCG9, B0GVRF3GZY, B0GVQHYQ5M, B0GVQMYDZV, B0GVL7F2BV, B0GVRDD1VD, B0GVQFLS9S, B0GVGYPY6R, B0GVGTZ38R, B0GVGX7BMK, B0GVGYQK51, B0GVR741DZ, B0GVQ9YDF3, B0GVKTJWVC, B0GVL6DN9T, B0GVQX5PGW, B0GVQ9M6MW, B0GVM3HV1R, B0GVQFX45Z, B0GVMFH4BH, B0GVRDNJGZ, B0GVH4LMTY, B0GVRR3F13, B0GVH36MT4, B0GVGRTZ22, B0GVR52YSX, B0GVGRTZ1Y, B0GVKY48MZ, B0GVGR9LH6, B0GVQK96J9, B0GVQN4GGC, B0GVQ9XGQ3, B0GVH6H9HP, B0GVQYQ28G, B0GVQWSBJ7, B0GVL5L9KB, B0GVQGKCLZ, B0GVQHZMY8, B0GVQ8V6Q8, B0GVQ9VW5K, B0GVKSRPBR, B0GVRM9LVQ, B0GVRCZKFK, B0GVQM513L, B0GVQ93NLC, B0GVGWP51R, B0GVGN3B95, B0GVQQDWD8, B0GVQSXX4M, B0GVGVCW6D, B0GVGTFJK9, B0GVGGPMKQ, B0GVM7NDL9, B0GVGK36CY, B0GVH35JVR, B0GVRSXMFK, B0GVJ11YVY, B0GVQ8TVWF, B0GVRQNY3M, B0GVGV613B, B0GVQK6MB4, B0GVRLTHYD, B0GVGKVXS4, B0GVR8RD1Y, B0GVQYSWZC, B0GVH6DDLC, B0GVH6WTT2, B0GVGVFFNZ, B0GVRDGPKF, B0GVRBQ1HW, B0GVGXNQ52, B0GVGT4W86, B0GVQB1929, B0GVGTWH27, B0GVRCFDT7, B0GVGKV6PX, B0GVQ2R5PQ, B0GVQK9XPH, B0GVGRK9QK, B0GVQZ5CPV, B0GVGSFQ1B, B0GVQK6DRC, B0GVHCKHG8, B0GVH46XPC, B0GVHDS6TH, B0GVQWMBX7, B0GVGXR6NZ, B0GVRDPJL4, B0GVGRH571, B0GVFYKQLJ, B0GVQSLNGM, B0GVMNNFJR, B0GVKXKTQY, B0GVRH8888, B0GVH1JJ2M, B0GVRHJZFX, B0GVQJZKRK, B0GVQMRFKJ, B0GVQXBP5T, B0GVQMRFKC, B0GVQWRZVW, B0GVQWRZVY, B0GVQKB528, B0GVQNK7FM, B0GVGSK647, B0GVQKPM87, B0GVH4QYGH, B0GVGTZHJV, B0GVRB74C8, B0GVHLMR9K, B0GVGWDDQR, B0GVGQYKJ7, B0GVGTWVRV, B0GVRNRSYW, B0GVQJNK9N, B0GVGTWVRM, B0GVGSVZ98, B0GVGYS5LT, B0GVRFWWTC, B0GVRF2N11, B0GVGTFJLX, B0GVH584JX, B0GVMR5LLJ, B0GVKYC1KK, B0GVLCWT46, B0GVR1S53N, B0GVGS5HWM, B0GVRM8L3L, B0GVQKRYLH, B0GVQLYMBM, B0GVQVNRPZ, B0GVQK8DPG, B0GVRPJPQM, B0GVQH36YM, B0GVQ7PGGW, B0GVQTCPG2, B0GVQD1J7P, B0GVKXVYW5, B0GVQY8PVC, B0GVH4751K, B0GVH2FR5K, B0GVQ6VXS4, B0GVRGRK8H, B0GVR6BFRS, B0GVQWM5Z6, B0GVQDJRHN, B0GVGRTD5Q, B0GVGRTD5R, B0GVMM8WLD, B0GVQ6R11M, B0GVQB66CT, B0GVGW1QLD, B0GVQRTHT3, B0GVQZ8LSX, B0GVGV8BWB, B0GVRFDTN1, B0GVGWFPLF, B0GVR8QWP6, B0GVGN9DTJ, B0GVGWBWFB, B0GVR7XBPR, B0GVGW5YRY, B0GVGRN3CQ, B0GVGSRNR8, B0GVL7SXS1, B0GVRLY4K6, B0GVQLZL23, B0GVGV1G65, B0GVGX2LFT, B0GVGGBQV5, B0GVGP65J2, B0GVQ9CD2H, B0GVGT8HWD, B0GVGY1P54, B0GVQY5N98, B0GVGY6XVR, B0GVH5CHW3, B0GVQVZBJS, B0GVGS7Y7H, B0GVGRP9K9, B0GVQQCC77, B0GVQLRLJW, B0GVGVD13P, B0GVH389QZ, B0GVGP1RPZ, B0GVRCHFZ3, B0GVGWCVBN, B0GVGWZLKG, B0GVRLHQ6R, B0GVRN6D9D, B0GVGWS8XX, B0GVRB74DZ, B0GVGX3C12, B0GVQC4CJ7, B0GVGV4THS, B0GVQVXC14, B0GVH3H1RB, B0GVGPXXLN, B0GVQBHMWR, B0GVGQ9XM5, B0GVR8HYKQ, B0GVQHKBSP, B0GVGS19PK, B0GVQJ7T9M, B0GVH6WQPC, B0GVGRZCG3, B0GVGT19TY, B0GVQGKV5F, B0GVG8CF55, B0GVQWLPN2, B0GVLCY6XN, B0GVGXC1YM, B0GVQJP99Z, B0GVQCNZBJ, B0GVKTQW3X, B0GVGW1SN8, B0GVL3T7B1, B0GVGY55N2, B0GVQG2LMN, B0GVQHLPJZ, B0GVQLBPCW, B0GVQZZKFX, B0GVRHFVS5, B0GVGTQCGY, B0GVGZ698W, B0GVGWBRY5, B0GVQNNFSM, B0GVGTQCGK, B0GVH41HML, B0GVQMMGWM, B0GVH8HW28, B0GVGSXNCT, B0GVQNFVMS, B0GVRQ5TR8, B0GVR7YVQ8, B0GVGWBWDN, B0GVGYBLWJ, B0GVQHM3NJ, B0GVH69NDX, B0GVQBBS77, B0GVMBCD2N, B0GVGNTGPN, B0GVQFGR45, B0GVQH4B3Z, B0GVGSPZ1L, B0GVQMPSDP, B0GVGWFPJ9, B0GVGWJZRD, B0GVQQV5F2, B0GVGX8P7L, B0GVGR3TYW, B0GVQH5C42, B0GVQ5YLGW, B0GVQQ3JY1, B0GVQJ8F8C, B0GVH37F1H, B0GVHCBRQN, B0GVHQMSTB, B0GVGVFTY3, B0GVQJYW7J, B0GVQ8Z9ZZ, B0GVGZDFTP, B0GVGX5687, B0GVL3111Y, B0GVQWPJ21, B0GVMLW7V9, B0GVQDWRJ8, B0GVGQBXVT, B0GVGWF9HB, B0GVH28K9Z, B0GVHB49Z7, B0GVQG56DY, B0GVGRG5GM, B0GVPZRNH1, B0GVRBXTKM, B0GVGLRXR9, B0GVRB72H1, B0GVMFY16Z, B0GVRJW51X, B0GVQQD99W, B0GVGSKB6X, B0GVH27NCM, B0GVGTXCZV, B0GVRCFJ18, B0GVMKKGRG, B0GVRQ8Q66, B0GVQM52FT, B0GVGTNR1G, B0GVH2K6W4, B0GVRSWDK4, B0GVQTQJCY, B0GVQMV2FY, B0GVGZVZDB, B0GVQJJ3KF, B0GVL69ZWJ, B0GVMYD6B7, B0GVGTLKJ1, B0GVRB3B65, B0GVRJBV3K, B0GVQKC38H, B0GVH1YLTT, B0GVGKG794, B0GVH14MFG, B0GVMHWNRL, B0GVRNKKRN, B0GVQDWRJK, B0GVGNBN5H, B0GVGWFHF7, B0GVR7Z5GX, B0GVGZ4YGZ, B0GVRS6Z6L, B0GVGVTFVB, B0GVQVBX3Q, B0GVQFTN2B, B0GVQZDC32, B0GVGNPJDX, B0GVGHKKHT, B0GVH12C7M, B0GVQSQJ9C, B0GVQ4PJ74, B0GVGW7WQJ, B0GVGZ6S6D, B0GVQ5R92Q, B0GVL36BFN, B0GVH7VM6M, B0GVQK32H9, B0GVRGJRB7, B0GVMN5PX1, B0GVH8VK6W, B0GVQDK866, B0GVGQCFTC, B0GVQQFVPJ, B0GVQQ5WDM, B0GVH14MHR, B0GVH7TWQZ, B0GVQWSD8C, B0GVQD453X, B0GVGR3JPL, B0GVR2BNMP, B0GVL7FY84, B0GVGRTLQC, B0GVRYH978, B0GVM6J815, B0GVQF8Y5G, B0GVGY215S, B0GVQWRBWG, B0GVGS26MD, B0GVH41DL5, B0GVRQ7ZP5, B0GVMC2JMW, B0GVQBWL2H, B0GVGV2RMH, B0GVGKRZZD, B0GVGS4TBG, B0GVRSQVCD, B0GVH7ZHC8, B0GVRH9Q8G, B0GVQJDMKZ, B0GVRBDPBQ, B0GVQD79TK, B0GVQH4M1D, B0GVGK36NS, B0GVQWS2WY, B0GVQ5DQGH, B0GVGN5XTR, B0GVQD6ZXD, B0GVGSXNKC, B0GVQD6ZXL, B0GVKY9LMV, B0GVR41QKH, B0GVGVZ7BJ, B0GVGXJD2H, B0GVGSV9GZ, B0GVL9L4BG, B0GVGTNZD8, B0GVLY1HKX, B0GVH3WR1B, B0GVRLYCM8, B0GVQFB7WH, B0GVGSC45Q]",amzn1.campaign.22L8WM7AYY0G3,Soccer/Football Meets Art 2026 Inspired by Renaissance  painters - Collection 7,BrickByDreamCo,2026-04-09,2027-04-08,12.00%,7000.0,7000.0,0,800,false
[B0CR6RHGPC],amzn1.campaign.T5DQQIEPAMI8,Earn 20% Commission Promoting Stomach Bloom Ginger Relief Drops,Stomach Bloom,2026-04-09,2027-03-26,20.00%,1000000.0,1000000.0,0,800,false
"[B0D2KKBMWW, B0D2KRGHRV, B0D7Z4YSYD, B0D14SCYFM, B0D7ZL88XY, B0D3F4D8WW]",amzn1.campaign.1W1DXWXJR76RQ,Qajok laser light – Amazon Creator Invitation-1.1,Qajok,2026-04-10,2027-04-10,10.00%,999999.0,999999.0,11,800,false
[B0CR6RHGPC],amzn1.campaign.VYNOONUBTP7L,20% Commission on Fast Acting Ginger Nausea Drops,Stomach Bloom,2026-04-09,2027-03-27,20.00%,100000.0,100000.0,0,800,false
"[B0D2KKBMWW, B0D2KRGHRV, B0D7Z4YSYD, B0D14SCYFM, B0D7ZL88XY, B0D3F4D8WW]",amzn1.campaign.2H9TKPI5T8ASB,Qajok laser light – Amazon Creator Invitation-1.0,Qajok,2026-04-09,2027-04-09,10.00%,999999.0,999805.5,10,800,false
"[B0DSL99F6C, B0F13K6LDK, B0DSL914YP, B0DSL7MJ8P, B0DSL7C7LV, B0DSL958WY, B0DSLBMJ2F, B0DSL8F5RN, B0DSL9L5H2, B0F13L2616, B0DSL958WT, B0DSL92Z79, B0DSL6XL42, B0DSLB2QT2, B0DSLBG5NG, B0DSL6XL45, B0F13J3VF5, B0DSL9FKLS, B0F13HY2K4, B0DSLC2N6T, B0DSLB3QYK, B0DSL9JR8Q, B0DSLBVZ8W, B0F13KGGKP, B0DSLBXD9X, B0DSL9DZBH, B0DSL8YCBR, B0DSL9W7B3, B0DSL8JH18, B0DSLB1SZ7, B0DSL8NYYV, B0DSL9T9RJ, B0DSLB7SV9, B0F13FDLXV, B0DSL8G9L5, B0DSLC3L8Y]",amzn1.campaign.1WMVHSDTS66FT,ECUPPER Women's High Waisted Swim Shorts Long Swimming Board Shorts,Ecupper,2026-04-08,2026-10-01,10.00%,5000.0,4988.65,1,800,false
"[B0FLJJF1JS, B0FLJMD6NG, B0FLJHYM98, B0FLJHXD31, B0FLJKKXCQ, B0FLJKM7DV]",amzn1.campaign.172RXZ4F2NF1Z,200+ Sales/Mo XINGWU Heavy-Duty Razor MX650 CNC Pegs (10% Comm + $5K Budget),XINGWU,2026-04-09,2026-12-31,10.00%,5000.0,4983.74,0,800,false
"[B0F9YFHVS4, B0F9YFDSW3, B0FZ9JZF5Z, B0F9YGM7JZ, B0F9YF3QVQ, B0FZ9B4W9B, B0FZ9PYJYW, B0F9YCNPLZ, B0F9YDC2MR, B0F9YDH9BT, B0FZ9CRD63, B0F9YCYXQT, B0F9YF21LT]",amzn1.campaign.3ELTELOKOY2EZ,200+ Sales/Mo XINGWU Sur-ron Fender Set (10% Comm + $5K Budget)(,XINGWU,2026-04-09,2026-12-31,10.00%,5000.0,4991.14,8,800,false
"[B0DQ76WZSB, B0F7HNYYTX, B0DK8J6LNL]",amzn1.campaign.GMB01357LZM6,200+ Sales/Mo | XINGWU Large Stealth Motorcycle Mirror (10% Comm + $5K Budget,XINGWU,2026-04-09,2026-12-31,10.00%,5000.0,4973.2,8,800,false
[B0GS61FY1F],amzn1.campaign.EBSQPM59CBE3,Earn 10% Commission – Partner with Our Premium Massage Chair,GOLD TIME,2026-04-09,2026-12-31,10.00%,5000.0,5000.0,0,800,false
"[B0GW4SH3TP, B0GW4H8TTL, B0GW4VGK2V, B0GW4MW9YQ, B0GVRFCKPG, B0GW4H9V4P, B0GW4Z73DZ, B0GW4ZCL2Q, B0GW4P11FQ, B0GVR2CZ58, B0GW4VRZQH, B0GW4PBCXX, B0GW4K4GT2, B0GW4LV6RV, B0GW1WC7B2, B0GW52CJH6, B0GW4RH2N6, B0GVR4YT1V, B0GW4S53L4, B0GVRK7R69, B0GW4LHT6X, B0GW4X2JXF, B0GW4LG27B, B0GW4QZDZ2, B0GVRH9QBW, B0GW25YWTB, B0GW2D3P7V, B0GW4LBTFJ, B0GW4VZWSZ, B0GW4K9NRF, B0GW4QP5YR, B0GW4VLJCK, B0GW2473K5, B0GW12G3JL, B0GW4H8QPB, B0GW4M2GD1, B0GW2D2ZNW, B0GW2TKJMX, B0GW25C96Q, B0GW4MQHK2, B0GW4L2D5G, B0GVRQZQJV, B0GW4P6JKQ, B0GW4QS93W, B0GW4W8MJS, B0GW4TC6KS, B0GW4VY42S, B0GW4W6Q7S, B0GW4PHGPN, B0GW17DHVB, B0GW4KWLST, B0GW4HW34M, B0GW4PC36L, B0GVRQZBLM, B0GW4RR2N3, B0GW4H48GK, B0GW4WZNHQ, B0GW4WKVC7, B0GW17ZVMN, B0GW4QPD3N, B0GW4QP31Z, B0GW4TYGK3, B0GW2BC82V, B0GW29KK94, B0GW4VM1R1, B0GW4WB15S, B0GW4P2JVJ, B0GW2CV2T2, B0GW4X4ZTF, B0GW4PZ42Y, B0GW4GYXZL, B0GW4NSC8R, B0GW4MJ4RD, B0GW4V1712, B0GW4YVXS3, B0GW4S14VL, B0GW4ZHYB6, B0GW4WJ7KL, B0GW52MYCT, B0GW4MJ4R6, B0GVRKHYNR, B0GW1ZXV22, B0GW4QMXB9, B0GW4VTHJY, B0GVRB5JJ5, B0GW4RP58Q, B0GW4K4G69, B0GW2LHCHM, B0GW1W5LPL, B0GW4YY8KL, B0GW4NKTQT, B0GW4ZFP76, B0GW4Z9DFC, B0GW4QNNL7, B0GW4GX22T, B0GW4R1V5P, B0GW2B3KC3, B0GVRLJK2T, B0GW4LQTZ1, B0GW4RQ4TB, B0GW231D5X, B0GVQKRZTK, B0GW4GZGWR, B0GW2DZ9S4, B0GW2K29S6, B0GW19BNQ5, B0GW52RXPX, B0GW4PQX2G, B0GW4NTZF7, B0GW4KFQ43, B0GW1W27NJ, B0GVR6V4B1, B0GW4V933W, B0GW4PV4ZZ, B0GVR7TFPN, B0GW4T6XQB, B0GW4GSZNS, B0GW4RNQS8, B0GW4LW9T2, B0GW4GSZNT, B0GW4SB7FV, B0GVRDNJGZ, B0GVQZSS8T, B0GW1W26KZ, B0GW4VQDP1, B0GW4GWTX3, B0GW4R53BH, B0GW243R1D, B0GW229XD3, B0GW4RKYLJ, B0GW4M9YQ5, B0GW4NSP45, B0GVRGJTQR, B0GW4H9FYT, B0GW4K5V5J, B0GW4M4NRD, B0GW515HPY, B0GW4NH2CY, B0GW4NQ7SZ, B0GW1HQCFG, B0GW4WZZVB, B0GW4NZTRN, B0GW2CVNQ6, B0GW4ZJ8P8, B0GVRM9LVQ, B0GW4RCL6Q, B0GW1WQZFN, B0GW4VYM9T, B0GW1BSLGB, B0GW2D1HV3, B0GW4JNZPB, B0GW2DLHFQ, B0GW2B768M, B0GW1XZ6J9, B0GW4MDYZ6, B0GW4MF5LL, B0GW4KGBYB, B0GW4LY6RD, B0GW2GL1GM, B0GW4H7MS8, B0GVRSXMFK, B0GW4JSPLT, B0GVRQNY3M, B0GW27Z943, B0GVRK5Z3D, B0GW4JV5NN, B0GW4X975P, B0GW4TFWLJ, B0GW4VYPBB, B0GW1QZ4Y3, B0GVRFYGR6, B0GW268KWX, B0GW4RNJQP, B0GW4RHCV8, B0GW4R3QP3, B0GW27753J, B0GW52M8MB, B0GW4R3QP5, B0GW4ZDVZW, B0GW4RBCFL, B0GW4NWGCX, B0GW4K78ST, B0GW4QRVYJ, B0GW4Z9CVF, B0GW4JRSSG, B0GW4QKYTZ, B0GW1J7HFT, B0GW1RKMYL, B0GVR8DZFJ, B0GW28XXQC, B0GW22GG4Q, B0GW2CVGCX, B0GW4QJX5K, B0GW4LZSJN, B0GW4NHZ4N, B0GW4RJ5TX, B0GW4WZNB4, B0GW4NVCXV, B0GW4QSNCQ, B0GW2TV2P8, B0GW4RZMR6, B0GW2CDHV9, B0GW2GHWYT, B0GW4RZJKM, B0GW22P63M, B0GW27D6N3, B0GW4V82KP, B0GW4RS3S9, B0GW4KG7H2, B0GW22G81W, B0GW4R2VZJ, B0GW4R76LD, B0GW4PD121, B0GW13KT1B, B0GW4W9MBB, B0GW1X82K2, B0GW22KRYB, B0GW28ZZPM, B0GW1X1GHQ, B0GW4S2MMG, B0GW266F1P, B0GW4JWFPM, B0GW4H27WR, B0GW1RVZKX, B0GW4LK7ZJ, B0GW4R7SFK, B0GW4R1QTW, B0GW4ZFS4V, B0GW4RBCF5, B0GW231X5D, B0GW4RB6LK, B0GW28L5RB, B0GW4VWLDF, B0GW4LCFP9, B0GW4NTZMV, B0GW2JHPW3, B0GW4M84QM, B0GW1Z2RDS, B0GW4W3LT2, B0GW1JGX7W, B0GW4S4VVC, B0GW1SDCXM, B0GW4NL3YL, B0GW4SBYT7, B0GW25PCXQ, B0GW1V8DJW, B0GW2NR1HP, B0GW1VL2KL, B0GW4R9NSK, B0GW4L3P5H, B0GVRFWWTC, B0GW4W1WP9, B0GW4NSZP6, B0GW4RKRFX, B0GW1CB1C3, B0GW4MWF9K, B0GVRBPSSN, B0GVRM8L3L, B0GW4JTMF2, B0GW2LHL3B, B0GW231VTM, B0GW52QFZD, B0GW4LZZ3Z, B0GW4KKF62, B0GW4PFRNK, B0GW4HVGLS, B0GVRB42FG, B0GVRPJPQM, B0GW4GWGFD, B0GW4GSPCQ, B0GW4M25FG, B0GW25JRF2, B0GW4QZK59, B0GW4ZDGW4, B0GW4LXZC6, B0GW4LXZC5, B0GW4LXZBW, B0GW4PRRW4, B0GW4PBQCQ, B0GW4GLSB7, B0GW1C62VY, B0GW4PKX5R, B0GW4R88YR, B0GW4GW2B5, B0GW4NSPF3, B0GW2J2CJW, B0GW4P3C3B, B0GW4VP2YR, B0GW4RY87Q, B0GW14H3BP, B0GW4PH5ZG, B0GW4YZZXG, B0GW4PPHGD, B0GW4X7PDY, B0GVRFDTN1, B0GW4K92K6, B0GW4S24GT, B0GW1WWCQ4, B0GW4RCW5H, B0GW4GV9ST, B0GVR869DZ, B0GVR8QWP6, B0GW24FF73, B0GW4YY2LM, B0GW4LWJH5, B0GW1FT9ZM, B0GVRB3G7J, B0GW4RTMML, B0GW1HYXRY, B0GVRLY4K6, B0GW11MGJT, B0GW4V7RC1, B0GW4SKBWL, B0GW2DJ6T1, B0GW4ZK8BK, B0GW4JQZMM, B0GW4P784C, B0GW1MDNNR, B0GW4NQJCM, B0GW4DVLKH, B0GVR3BFD9, B0GW4K9YVT, B0GW4VHLF1, B0GW4QQGGB, B0GW2LJ1MK, B0GW4RC63B, B0GW2NRPYT, B0GW4Q31VM, B0GW4VQLK3, B0GW1DVXCQ, B0GW4VTH9R, B0GW26LLW2, B0GW4PV513, B0GW243Z54, B0GVRCT7Y7, B0GVQVXC14, B0GW52KCR3, B0GW4LL359, B0GW291J4W, B0GW4M58H1, B0GVRCKMCG, B0GW4MKQY2, B0GW4RQ5DW, B0GW4VJ64N, B0GW4RLRLW, B0GVR4BCH5, B0GW4LL35M, B0GW4LSZNN, B0GW4W2HD6, B0GW4W2HD5, B0GW4MTM5Y, B0GW4Z3HN1, B0GW4RC96T, B0GVRMD83D, B0GW4MRBG2, B0GW4MC2SR, B0GW4W2PV3, B0GW52MY41, B0GW4NSZ5H, B0GVRF3KSH, B0GW4Z7WB5, B0GW4K93Q9, B0GW4H94D7, B0GVRB7JW4, B0GW4JGZNS, B0GVRQ5TR8, B0GW4QJWW4, B0GW24XJB3, B0GW4NDT8C, B0GW4PBDH2, B0GW4RMY55, B0GW52CK3D, B0GW4H67T6, B0GW184FW4, B0GW4RBZ7D, B0GW1SXT5T, B0GW14RXS8, B0GW26RX8K, B0GW4ND3X3, B0GW1SYBQ4, B0GW4X512Z, B0GW1YMB9R, B0GW4Q42QM, B0GVRCMY45, B0GVRCNRCL, B0GW29KM1G, B0GW4GWGNC, B0GW4R532Q, B0GW4NDT8Y, B0GVRBMXNL, B0GVRB6963, B0GVRM9J4M, B0GW4VHHB7, B0GW1WR1B8, B0GW4VG7CC, B0GW23TPT6, B0GW4VXXBW, B0GW4R4VH2, B0GW1GDXB7, B0GW1BKN35, B0GW4MT5RR, B0GW2D7Z7S, B0GW4KCMK2, B0GW4RD5WJ, B0GVRLJKNN, B0GW245B6N, B0GW4KVJLC, B0GW4M45R5, B0GW4PGYLD, B0GW1P9M3M, B0GW4VG74R, B0GW4RPTRL, B0GVRBXTKM, B0GW4LVZ1C, B0GW4RVN3W, B0GW52P2K7, B0GW4ZF8L9, B0GW4KFF2S, B0GW172DXZ, B0GW247BPX, B0GVRJW51X, B0GW4YVDMM, B0GW4NX7NL, B0GW1FW9HX, B0GW4JSWJJ, B0GW4PTP5R, B0GW1XYNL9, B0GW2GPBLM, B0GW4HWF59, B0GW4JX21W, B0GW2CZPXN, B0GW4QTZNB, B0GW4JX1PT, B0GW4KGBHF, B0GW4Z53V1, B0GW4KGHST, B0GW4DV6HM, B0GW1883HL, B0GW4LFV9Y, B0GW4W3F38, B0GW2G6BVY, B0GW4KGBH6, B0GVRB3B65, B0GW4QMTT7, B0GW4RMNKV, B0GW2B5K9G, B0GW4PHGGW, B0GW4MG24L, B0GW4QYF42, B0GW269D65, B0GW2B42KT, B0GVRNKM5L, B0GW4HW74M, B0GW4RPV1P, B0GW4V8SZT, B0GW23SMQX, B0GVR6S482, B0GW4DV6J2, B0GW4H4NKB, B0GW4RLMNN, B0GW21MK7S, B0GW247R1J, B0GW2R23DT, B0GW4P5KH4, B0GW4NWG1S, B0GW4S4VJW, B0GVRS6Z6L, B0GW1YJDK4, B0GVRM7P2B, B0GVRFQ3LH, B0GW121W91, B0GW1F2TNW, B0GW52N7YK, B0GW4P6MCD, B0GW4SMR5W, B0GW23SYCV, B0GW4TM19J, B0GW4JVMRK, B0GW4W2PLL, B0GW4NJ97B, B0GW4NNN5L, B0GVRMHNZQ, B0GW4KG3PK, B0GW1VPFYD, B0GW4V81Z7, B0GW4R8VXZ, B0GW4LF6VF, B0GVRW93VS, B0GW23J6YT, B0GW4GW5TH, B0GVRBLCQT, B0GW2GNT21, B0GW4P3B5K, B0GW1KTYK8, B0GW4RVGBC, B0GW4V7N63, B0GW4VQF8J, B0GW1SNX6J, B0GW189TNB, B0GW4RZG64, B0GW4JYC4J, B0GW4JRHSY, B0GW4JG72L, B0GW4ZVKC8, B0GW13W9K1, B0GW4P316V, B0GVRQ7ZP5, B0GW4YVD49, B0GW4VD8DW, B0GW4LZ35K, B0GVRSQVCD, B0GW2BMWFJ, B0GW4MR79J, B0GVRMKQ3Y, B0GW4M3G61, B0GW2H5GDQ, B0GW4R4JKD, B0GW4MFNKQ, B0GW2Q9T1K, B0GW4P1MT9, B0GVR41QKH, B0GW4QRHJ9, B0GW4MFNKM, B0GW4RK8D2, B0GW4JN1Q5, B0GW4GZ8P7, B0GVR7TVWQ, B0GW2D697K, B0GVRLYCM8, B0GW4VZXCP, B0GW4P2XF3, B0GW517RKC, B0GW2JKTCD]",amzn1.campaign.288IL79FL480I,Soccer/Football Meets Art 2026 Inspired by Renaissance  painters - Collection 6,BrickByDreamCo,2026-04-09,2027-04-08,12.00%,7000.0,7000.0,0,800,false
"[B0GGQNMPGR, B0FFLV75N8, B0GGQM19V1]",amzn1.campaign.2BM6ZVEPHQZGH,fish finder mount,Velpaw MOUNTS,2026-04-09,2027-02-28,10.00%,10000.0,9999.5,5,800,false
[B0FXQMS44R],amzn1.campaign.38YE2BQPT5UZ6,200+ Sales/Mo | 2026 New XINGWU Stealth Motorcycle Mirror (10% Comm + $5K Budget,XINGWU,2026-04-09,2026-12-31,10.00%,5000.0,4996.4,6,800,false
"[B0DZFKYP4G, B0DZFVDLD9, B0DZFXPGMP, B0DZFXMFXZ, B0DZGG8KD6, B0DZFGL4RN, B0DZGGZY1B, B0DZFT9XYF]",amzn1.campaign.1E5X16WTQJCIR,300+ Sales/Mo | XINGWU M8 Foot Pegs (10% Comm + $5K Budget,XINGWU,2026-04-09,2026-12-31,10.00%,5000.0,4958.67,6,800,false
"[B0GC55B8T7, B0GC6KKF39, B0GC56TVF2, B0GC66PM2R, B0GC64695R]",amzn1.campaign.32EYW2BRUPP1F,iPhone 17 Protective Case with Built-in Screen Protector,ALGORAM,2026-04-09,2027-04-09,10.00%,10000.0,9954.69,0,800,false
"[B0FKBLZG63, B0FKBH17RS, B0FKBJD5KK, B0FKBLZ666, B0FKBHKJSH, B0FKBJ6PBF]",amzn1.campaign.3OZKP4OWC0TN0,200+ Sales/Mo XINGWU CNC Surron Pegs (10% Comm + $5K Budget),XINGWU,2026-04-09,2026-12-31,10.00%,5000.0,4996.87,8,800,false
"[B0GW4YKL6M, B0GW51TTDK, B0GW76S8XC, B0GW4NXH7V, B0GW4LMVL3, B0GW4ZRT5X, B0GWCZRBVF, B0GW4W4YKJ, B0GW4NQKST, B0GW4SMBCC, B0GW6ZLKH6, B0GW4YKL68, B0GW4RCHGQ, B0GWCQQ3RH, B0GW4VTQZR, B0GWCH8R2R, B0GW4NHZKY, B0GW4VTQZP, B0GW4ZFPT3, B0GW4PGBFG, B0GW6ZK1WK, B0GW4Q7Q9R, B0GW4JZPPD, B0GW78VW65, B0GW785QHZ, B0GW4Z9P9S, B0GW52BP7J, B0GW4RLZQK, B0GW9HNQZ4, B0GW4QQH83, B0GW4RZKH8, B0GW6VSX91, B0GW52BZH6, B0GW4QQH81, B0GWD1K6DK, B0GW7VDH21, B0GW4W2BFT, B0GW6XXFT8, B0GWC63W8K, B0GW4M99TN, B0GW4V7SV8, B0GW4P3JTN, B0GW4P7ZGX, B0GW9KNXPT, B0GW4GVBRX, B0GW4PGDLT, B0GW4RZP29, B0GW4RZP28, B0GW9M2L9Q, B0GW4T4TR4, B0GW4KH7VJ, B0GW4W8TZ8, B0GW52RY6W, B0GW6NBSCP, B0GW71W2KP, B0GW6VW4DS, B0GW73XVVS, B0GW72CTQ7, B0GW4NXHTP, B0GW4S2674, B0GW6W9M2D, B0GW4S2675, B0GWC3N5WY, B0GW4PVPSK, B0GW6T68LR, B0GWB2CBD8, B0GW6YXQHL, B0GW727KC4, B0GW4K1HBT, B0GW4NFFDM, B0GW4L46YY, B0GW4SPDYR, B0GWC61DYT, B0GW6YWYZD, B0GW6SH71M, B0GWCN8VXJ, B0GW54F22V, B0GW4MWG1C, B0GW4X4RF6, B0GW4QNNLJ, B0GW75S6SJ, B0GW52BZH3, B0GW4R3YVJ, B0GW4P1XNX, B0GW4VL8DG, B0GW6YGFFF, B0GW4KVKYH, B0GW4V7P2H, B0GW78J76W, B0GW4WGBLG, B0GWB2Z5DL, B0GW4MWWS5, B0GWD1G6TW, B0GW6ZNHZY, B0GW4VHLXT, B0GWD3343Z, B0GWB25H84, B0GW9PZ7H4, B0GW4P1Y2T, B0GW4LYM4H, B0GW4H28TF, B0GW76RFY9, B0GW4K499T, B0GW52BCXB, B0GW4LLQCN, B0GW4XCVBX, B0GW4YZ18K, B0GW4VSJV8, B0GW78CSDH, B0GW7B9R3B, B0GWCBZ51M, B0GW4K5W7H, B0GW744HRD, B0GW4YBT96, B0GW4ZMLMV, B0GW4LLPJS, B0GW6YSVLH, B0GW4JZPXQ, B0GW4SJ4XY, B0GW6T5Y3W, B0GW4LMVTG, B0GW4WW67K, B0GW4W2FD8, B0GW4NR954, B0GW4W7QJX, B0GW9K73VS, B0GW4S7879, B0GW4W17K7, B0GW4M964K, B0GW4R5HZV, B0GW529L1J, B0GW4RC9SR, B0GW4R8QC6, B0GW9KHN89, B0GW6XLBVX, B0GW4RGLMD, B0GW6ZRH6C, B0GW4SQNW6, B0GW4V8XSM, B0GW4RC3FZ, B0GW6YNJBX, B0GW4JZ6DJ, B0GW4KXQC7, B0GW4KCBD8, B0GW9HQMQ4, B0GW4LY742, B0GW6WCG6Y, B0GW6Y2TLC, B0GW4RCLVN, B0GW6SPV8P, B0GW4TLV7H, B0GW6XGL9M, B0GW4VKBPV, B0GW6SFLBD, B0GW4VYCHW, B0GW4ZVKP3, B0GW4ZDT5R, B0GW4VSB87, B0GW4SQP8Q, B0GW4TLV78, B0GWD6ND7S, B0GW9MPM9L, B0GW4VCWQP, B0GW9HJ7XQ, B0GW716B61, B0GW4P4Y5N, B0GW4LBRHW, B0GW9S4HYW, B0GW52BNYZ, B0GW4P5KWM, B0GW4WFFL4, B0GW4VB4Q8, B0GW4MT6FZ, B0GW4QRB1V, B0GW4JZHLX, B0GW4RV83R, B0GW4YZLG7, B0GW4XCVZQ, B0GW72N3WK, B0GW4NS3B4, B0GW4KH8FY, B0GW4ZK91C, B0GW4RJ63F, B0GW4S783G, B0GW7B15H3, B0GW4SGQWB, B0GW4YLFD4, B0GW4NHLRX, B0GW4VGGGZ, B0GW6QFDPH, B0GW4R8MWT, B0GW79XW88, B0GWCYLJ75, B0GW4W3TB6, B0GW6QN2TJ, B0GW4LCZW1, B0GW4M3XF8, B0GW4T8YV8, B0GW4SRJG8, B0GW4LCZVY, B0GWCGDN6K, B0GW4NLZC2, B0GW4YTCDZ, B0GW4KJMHR, B0GW4Z9P5Q, B0GW4QSBMX, B0GW4T2YGS, B0GWCZCJ4Z, B0GW4K5VYX, B0GW4RRST1, B0GW4R45QC, B0GW4VHHHS, B0GW9L4XC2, B0GW6T59XN, B0GW4ZMLP9, B0GW4QP3VB, B0GW72VN65, B0GW4VWWZT, B0GWB27F66, B0GW6RM6BR, B0GW4NQWQF, B0GW4ZCLMW, B0GW6VLH9K, B0GW75J1J1, B0GW4NL8BW, B0GW4MG3BR, B0GW4VBF6D, B0GW4V82N8, B0GW4PH1HD, B0GW4M36DJ, B0GW52MZLD, B0GW6QN2W4, B0GW4RJ6S2, B0GW4PH9X7, B0GW4R5Z85, B0GW4GYHB2, B0GW4RCWHF, B0GW4RRSSW, B0GW4K6415, B0GW4RZYGN, B0GW4QJZVB, B0GW78X13F, B0GW4KJR84, B0GW4RLVYH, B0GW6W8TWL, B0GW9VH17Y, B0GW4PPN3G, B0GW4TYQQC, B0GW6QFSQM, B0GW4YW2QF, B0GW4WGC7C, B0GW4GZLKZ, B0GW4RYW3B, B0GW4RG9NJ, B0GW4VZ7DY, B0GW4RBSQW, B0GW4M3H23, B0GW4VF9CR, B0GW4VF9CQ, B0GW4W77QJ, B0GW4QRWFB, B0GWCWDDD8, B0GW6YTZ8K, B0GW72PD4L, B0GW4NJQCH, B0GW4WML7Z, B0GW4P1C8Y, B0GW6SRB67, B0GW4W75LW, B0GW4KD1FW, B0GW4VBM7V, B0GW4LSBDK, B0GW4VBM7L, B0GW4VR4Y5, B0GW6T5H8N, B0GW4H49Z5, B0GW9DX6FR, B0GW4R9HSK, B0GW52894Q, B0GW4RK69T, B0GW6W6JFV, B0GW4PVXV9, B0GW4Z86WS, B0GW6SJHWN, B0GW4X7PFK, B0GW4R96QC, B0GW4JR181, B0GW4JV2NB, B0GW528ZWB, B0GW4JV5TG, B0GW4JV5TH, B0GW4MDS6R, B0GW73ZBZ7, B0GW73BMVR, B0GW6S96GJ, B0GW4W85L6, B0GW4P5RHC, B0GW4SKMK3, B0GW4WF7GR, B0GW9KJCB8, B0GW4YXV7Y, B0GW4W1FCG, B0GW6V5QZY, B0GW4W2BYG, B0GW4T2YQ2, B0GW4W77TM, B0GW4T7499, B0GW4WDMY9, B0GW4QVVT6, B0GW4VSMGS, B0GW4Z7XBQ, B0GW4NP2QL, B0GW4VDL2C, B0GW4VYTCK, B0GW4TX22F, B0GW4JZ6QS, B0GW4NMHF1, B0GW6SXCK9, B0GW762TCG, B0GW4LD1K1, B0GW71ZQQH, B0GW72R566, B0GW4KCF7Y, B0GW4KP85P, B0GW4ZHZ4S, B0GW4LFRF9, B0GWCBZ7K4, B0GWD3HM7Z, B0GWB1D653, B0GW4M13L1, B0GW4P3D3Y, B0GW4PGSWK, B0GW54M534, B0GW4LQDJP, B0GW4LQDJV, B0GW4GWWLL, B0GW4LQDJS, B0GW52FBYT, B0GW6TJ34Z, B0GW7B543B, B0GW715BDZ, B0GW6SBDKV, B0GW4RKD2X, B0GW4P5VQL, B0GW778TTS, B0GW4MNB4C, B0GW51PZHW, B0GW4MHDK5, B0GW9K749F, B0GW4RKD35, B0GW4R4RSV, B0GW9LZ8LB, B0GW745GYH, B0GW4NH741, B0GW4NJZSP, B0GW4NTXR4, B0GW4VS1TB, B0GW4P7KV4, B0GW4MS4T3, B0GW4JZ76R, B0GW4R2H1G, B0GW4R23HS, B0GW4R2H1H, B0GWCK45JG, B0GW4QPSK3, B0GW4T4TM6, B0GWCZJSFW, B0GW4VGGTP, B0GW4QMJBB, B0GW4MJ613, B0GW4NL4MC, B0GW4NWSJ5, B0GW4YT55V, B0GW4LLDCM, B0GW4RK4B3, B0GW4NWKY3, B0GW4LVLVW, B0GW4ZHZHS, B0GW4YVY99, B0GWD12WJH, B0GW4YW2J3, B0GW4TYHFK, B0GW4PZHTV, B0GW9S43B4, B0GW4LXFDC, B0GW4YL9V6, B0GW4W4Y4G, B0GW4RLHFC, B0GW4VX16C, B0GW4JNTT3, B0GW4MVH1L, B0GW71Y8GH, B0GW75N3Q6, B0GW4MVK88, B0GW4R1H5S, B0GW6VZZDD, B0GW4YY8PL, B0GW4WL3CX, B0GW4W98FD, B0GW4VG7VJ, B0GW4RFWSC, B0GW7D6PDX, B0GW4MC3BW, B0GW785WL8, B0GW4WDBYH, B0GW4SJ5HP, B0GW75QM8Y, B0GW4JWR2Y, B0GW4W78KT, B0GW75XMC6, B0GW4SSQCR, B0GW4YYZQ4, B0GW4R714D, B0GW4MGNMH, B0GW9MXNTW, B0GW4RZPJJ, B0GW4V7ZKR, B0GW4VTHS9, B0GW4PD1GW, B0GW4PTPTM, B0GW4WF23S, B0GW4WKYS3, B0GW4VF31Z, B0GW7341QH, B0GW73J3SM, B0GW4ZDJ7Q, B0GW4WMKS2, B0GW52SN3L, B0GW52DFQ6, B0GW4MXLPD, B0GW5189VV, B0GW7792YZ, B0GW4NKY3W, B0GWCN4T81, B0GW6S4NRH, B0GW4RRJST, B0GW4V8Q7V, B0GW4W4G3C, B0GW7296KM, B0GW4KHTMN, B0GW76BB9M, B0GW4MGPJ3, B0GW4SF52B, B0GW4TLVDS, B0GW4SMS75, B0GW54MYBY, B0GW4N3PK3, B0GWC47474, B0GW4QSP8G, B0GW9RG1FX, B0GW4KJ7NF, B0GW4NS6WN, B0GW76MNQ2, B0GW4WBMX4, B0GW4S2GQM, B0GW9WBRCM, B0GW4JHXQL, B0GW9LLKR2, B0GW4NQNLS, B0GW4NMDDT, B0GW4RRXP2, B0GW71CYPC, B0GW4HB64Q, B0GW4RXPKM, B0GW4VKQB4, B0GWC3S9JL, B0GW72NDJW, B0GW4WBK3Y, B0GW4RS4C6, B0GW4H4PS2, B0GW52NPDM, B0GW4VYBZW, B0GW4WBK42, B0GW74LVXX, B0GW4LS9WK, B0GW4X8FMY, B0GW74NRJS, B0GW9LF4WK, B0GW4YGYJ7, B0GW4ZGZMR, B0GW74NRJW, B0GWD3V5F1, B0GWCX9G4L, B0GW4M3PGV, B0GW4P26BZ, B0GW5288XD, B0GWCCDWJ6, B0GW4W3F7W, B0GW6YYM5C, B0GW52JPRN, B0GW4KH5MR, B0GW5189WB, B0GWCDRZHX, B0GW4W6RFV, B0GW4W2B2J, B0GW75WT87, B0GW4PV3QW, B0GW4PTQ29]",amzn1.campaign.2ML7ARXUKGJ8E,Soccer/Football Meets Art 2026 Inspired by Renaissance  painters - Collection 5,BrickByDreamCo,2026-04-08,2027-04-08,12.00%,7000.0,7000.0,1,800,false
"[B0FMFHCPX1, B0FMFGFPXY, B0FMFG92BR, B0FMFDTT4W, B0FMFJR3KN, B0FMFKK3KK]",amzn1.campaign.E1F2OCGDYVVY,200+ Sales/Mo XINGWU Universal M8 CNC Foot Pegs (10% Comm + $5K Budget),XINGWU,2026-04-09,2026-12-31,10.00%,5000.0,4986.0,9,800,false
"[B0CYBRX1KW, B0CYBVGW6X, B0DYD5C7TC, B0CYBZSQVY, B0CYBPGF8J, B0CYBVDQYR, B0F7H8TYLG, B0CYBVT6C3, B0DYDFLQJH]",amzn1.campaign.2WL5P36DUT5LO,300+ Sales/Mo | XINGWU Foldable Foot Pegs (10% Comm + $5K Budget,XINGWU,2026-04-09,2026-12-31,10.00%,5000.0,5000.0,10,800,false
"[B07XV7GZ3B, B07XV5V324, B07XVCT17P, B07XV648FP, B07XVHZ6LL, B07XVCHSVR]",amzn1.campaign.14OC4VGU7D645,RECT-RING-1512-50-FBA,BIKICOCO,2026-04-08,2026-10-03,10.00%,5000.0,5000.0,7,800,false
[B0F1MC98J1],amzn1.campaign.3I1QTO7SMRS7T,Your morning coffee just got an upgrade! ☕✨,J-Fly,2026-04-08,2026-10-17,10.00%,5000.0,5000.0,10,800,false
"[B0GFWP55SN, B0GFWSNLJQ, B0GFWJ9TB7, B0GFWG27X4]",amzn1.campaign.276RKTJ570GMJ,"Protein Bars, Delicious Snacks for On-The-Go and Pantry Staple",SATISFY YOUR CRAVE,2026-04-08,2027-04-07,15.00%,15000.0,15000.0,0,800,false
"[B0CYBRX1KW, B0CYBVGW6X, B0DYD5C7TC, B0CYBZSQVY, B0CYBPGF8J, B0CYBVDQYR, B0F7H8TYLG, B0CYBVT6C3, B0DYDFLQJH]",amzn1.campaign.29W9ADS3XDPJS,300+ Sales/Mo | XINGWU Foldable Foot Pegs (10% Comm + $5K Budget,XINGWU,2026-04-08,2026-12-31,10.00%,5000.0,4931.33,12,800,false
"[B0FP8RQ5QL, B0FWPM9X5W]",amzn1.campaign.1KB8VW5T704J2,10% commission Hot-selling product: Purple Hair Extensions for RUMI BRAIDS,Arcpor,2026-04-08,2027-04-08,10.00%,5000.0,4996.59,0,800,false
"[B0GJDFBG38, B0GJD62YTM]",amzn1.campaign.2X3PLTZ11E3GB,🧼 0.2s Touchless Soap—Foam vs Liquid “No-Drip” Test ✨,chufa,2026-04-08,2027-04-04,10.00%,5000.0,4984.8,7,800,false
"[B0GKBBT4X9, B0G4VB9TB8, B0GK9T2G2T, B0GK9Y5SGC, B0GKB3BLDR, B0GKB39T6S, B0GKHG6819, B0G4Q8XS1Z, B0GK7MGX52, B0G4VBFP2J, B0GKB3YV3N, B0GKB9MG8B, B0GKB15K1B]",amzn1.campaign.PBTNXAVQ7SZ5,10% commission Hot-selling product: 18+ colors hair tinsel kit,Arcpor,2026-04-08,2027-04-08,10.00%,5000.0,4916.0,0,800,false
[B0GH71HSN8],amzn1.campaign.E29WQ6M6RSCL,💇‍♀️ Frizz to Smooth Fast—Cordless Straightening Brush Test ✨,chufa,2026-04-08,2027-04-04,10.00%,5000.0,5000.0,11,800,false
[B09ZHRJ1H2],amzn1.campaign.3K3ZMNMVR1AG7,Before: Plain fence = zero curb appeal. 😴,J-Fly,2026-04-08,2026-10-11,10.00%,5000.0,5000.0,20,800,false
"[B0FZT545Z6, B0FZSXMT5F, B0FZSR47Z1]",amzn1.campaign.2EIDF9TX7F9TB,iPhone 17e/16e Full Body Protective case,Lifedance,2026-04-08,2027-04-08,10.00%,5000.0,4982.23,0,800,false
[B0GH6PQJ3W],amzn1.campaign.1O8GMM3E6LMP3,💡 Makeup Mirror Upgrade—1X/30X + 3 Light Modes Wall Mount Test ✨,chufa,2026-04-08,2027-04-05,10.00%,5000.0,5000.0,0,800,false
"[B0GJCSMNF3, B0GJCPN4RS, B0GJD33BNP, B0GJCXDR1T, B092JC64H3, B0GJCQ4C99, B0GJD18Q7Q, B0GJD5XHVM, B092JB7S1C, B0GJCSH84D, B0GJCXGKPB, B0GJD1XRLL, B0GJCS3YYC, B092J9T8GH, B0GJCS8J8B, B092JBRD43, B0GJCSYJNG, B092J9DX44, B0GJCWYZPR, B0GJCRRXSQ, B0GJCPS1QD, B0GJCVFCYT, B0GJD6FDK8, B0GJCSYQR7, B0GJCLJPJJ, B0GJCLHWJG, B092JD3ZK8, B0GJCRXN1P, B0GJCV4HTT, B092J9YYXF, B092J9KZTK, B0GJD2T55B, B0GJD6G5VX, B092JC44HX, B0GJCSK7KQ, B0GJCSVLXM, B092JBGNVY, B0B729G933, B0GJCPPFJ8, B0GJCLG6T7, B0B729C4Z6, B0GJCL4D6W, B09M3RN44F, B0GJD38N8Z, B0GJCWHSK2, B0GJCSXDSL, B0GJD5QJH5, B0GJCSY6TX, B0GJCNMC8D, B092JBNGTL, B0GJCTLCBH, B092JBHQTX, B0GJCX85P4, B0GJD6G9GX, B0GJCPVBWT, B092JBLPBD, B0GJCX982H, B0GJCY1M2X, B0GJCY767W, B092JBQBDF]",amzn1.campaign.3PUE5XCGEVVIX,ACC-隔热膜 A03 20%,xiawei,2026-04-08,2026-12-28,20.00%,5000.0,4992.88,7,800,false
[B0GH1M73B9],amzn1.campaign.2T1UY281OSUE3,💜 Pool Night Glow—Solar LED Tablet Floater + Thermometer Test ✨,chufa,2026-04-08,2027-04-05,10.00%,5000.0,5000.0,5,800,false
"[B0GJCSMNF3, B0GJCPN4RS, B0GJD33BNP, B0GJCXDR1T, B092JC64H3, B0GJCQ4C99, B0GJD18Q7Q, B0GJD5XHVM, B092JB7S1C, B0GJCSH84D, B0GJCXGKPB, B0GJD1XRLL, B0GJCS3YYC, B092J9T8GH, B0GJCS8J8B, B092JBRD43, B0GJCSYJNG, B092J9DX44, B0GJCWYZPR, B0GJCRRXSQ, B0GJCPS1QD, B0GJCVFCYT, B0GJD6FDK8, B0GJCSYQR7, B0GJCLJPJJ, B0GJCLHWJG, B092JD3ZK8, B0GJCRXN1P, B0GJCV4HTT, B092J9YYXF, B092J9KZTK, B0GJD2T55B, B0GJD6G5VX, B092JC44HX, B0GJCSK7KQ, B0GJCSVLXM, B092JBGNVY, B0B729G933, B0GJCPPFJ8, B0GJCLG6T7, B0B729C4Z6, B0GJCL4D6W, B09M3RN44F, B0GJD38N8Z, B0GJCWHSK2, B0GJCSXDSL, B0GJD5QJH5, B0GJCSY6TX, B0GJCNMC8D, B092JBNGTL, B0GJCTLCBH, B092JBHQTX, B0GJCX85P4, B0GJD6G9GX, B0GJCPVBWT, B092JBLPBD, B0GJCX982H, B0GJCY1M2X, B0GJCY767W, B092JBQBDF]",amzn1.campaign.3D1YJHFQ38TW1,ACC-隔热膜 A02 20%,xiawei,2026-04-08,2026-12-29,20.00%,5000.0,4973.6,0,800,false
"[B0FRZ31GYZ, B0FRZ21YJY, B0FRZ1RDQY, B0FRZ1L8XN]",amzn1.campaign.1GQA5I8FCVPBN,Upgraded Cotton Hoodie for Women+10%Off Social Media Promo,jnospne,2026-04-09,2026-10-31,10.00%,5000.0,5000.0,2,800,false
[B0GGN9JD1H],amzn1.campaign.3BHGPATH1OW37,🎯 Save Your Wall—Dartboard Backboard “Bounce-Out” Test 😈,chufa,2026-04-08,2027-04-06,10.00%,5000.0,4997.2,14,800,false
"[B0G12W5YY2, B0G12RLJ34, B0G12JVBKB]",amzn1.campaign.1DI38NKYQ4AU5,达人推拥抱款计划,EMBERWAVE,2026-04-08,2027-04-08,12.00%,50000.0,50000.0,0,800,false
"[B0GTTSS78L, B0GTV2YB1Z, B0GTTRMZPQ, B0GTTX236W, B0GTTTZFQ4, B0GTTSNDH2, B0GTTZRRPT, B0GTTY2FG8, B0GTTTPCZX, B0GTTZHCPP, B0GTTQHS4V, B0GTTVK3GP, B0GTTXM4KT, B0GTTVHZT1, B0GTTQLCWV, B0GTTTJT52]",amzn1.campaign.132J9G25U4V0L,WB0534,Wefebi,2026-04-08,2026-11-30,10.00%,5000.0,5000.0,0,800,false
[B0GGN3HTR7],amzn1.campaign.2JYUMKOHQDS8M,🏈 Game-Day Drinks Upgrade—Football + Soccer Ice Balls Test ✨,chufa,2026-04-08,2027-04-08,10.00%,5000.0,4999.0,6,800,false
[B01N95GL1S],amzn1.campaign.4BBO9G1RJHC,Free 65W Acer/Chromebook Charger + 15% Commission,ROLADA,2026-04-08,2027-04-08,15.00%,5000.0,4948.07,0,800,false
"[B0FH22TW5Y, B0DSVJJY7L, B0FH288MPZ]",amzn1.campaign.T0VT6SN1WY2O,Spring is here—but your garden isn’t ready!🌸,J-Fly,2026-04-08,2026-10-10,10.00%,5000.0,4963.7,11,800,false
"[B0FZSXM6QF, B0FZT4HRN2, B0FZSS7F4N]",amzn1.campaign.3526HMLXHE63J,iPhone 17 Full Body Protective case,Lifedance,2026-04-08,2027-04-08,10.00%,10000.0,9958.31,0,800,false
"[B0CJT4Y1CP, B0FDFS37FV]",amzn1.campaign.3UUKXK6PS5WZC,GE Scale for Body Weight and Fat Fit Plus LN + Commission rate 15%,GE,2026-04-08,2027-04-08,15.00%,10000.0,10000.0,0,800,false
[B0FNW933SL],amzn1.campaign.311FNF2TY8JX9,tripod-26.04.07-10,Yoozon,2026-04-08,2026-12-10,15.00%,5000.0,5000.0,10,800,false
[B0FNW933SL],amzn1.campaign.28T7T2KXBAXP8,tripod-26.04.07-09,Yoozon,2026-04-08,2026-12-09,15.00%,5000.0,5000.0,16,800,false
[B0FNW933SL],amzn1.campaign.H5SHRYGN5DIS,tripod-26.04.07-08,Yoozon,2026-04-08,2026-12-08,15.00%,5000.0,5000.0,20,800,false
[B0FNW933SL],amzn1.campaign.CJQGW01EGP9P,tripod-26.04.07-07,Yoozon,2026-04-08,2026-12-07,15.00%,5000.0,5000.0,21,800,false
[B0FNW933SL],amzn1.campaign.3PFS672ZY4FB0,tripod-26.04.07-06,Yoozon,2026-04-08,2026-12-06,15.00%,5000.0,5000.0,21,800,false
[B0FNW933SL],amzn1.campaign.24DROV812K7JA,tripod-26.04.07-05,Yoozon,2026-04-08,2026-12-05,15.00%,5000.0,5000.0,14,800,false
[B0FNW933SL],amzn1.campaign.20QYXAGGUUN88,tripod-26.04.07-04,Yoozon,2026-04-08,2026-12-04,15.00%,5000.0,5000.0,16,800,false
"[B0FMKDFYG7, B0FMKC74K9, B0F8HXF9KV, B0FMK8DP21, B0FMK7TN5N, B0FMK87RDV, B0FMKBFKRH, B0F8HWBPD6, B0FMKCNR3S, B0FMQCFKXS, B0FMKC6K32, B0F8HY1VQ1, B0F8J1W966, B0F8HZYFD8]",amzn1.campaign.2WYUCGE2A3RQW,💥 Home Trend Alert 🚀 | Join Avytronx Creator Program 🌿,Avytronx,2026-04-10,2026-10-22,10.00%,5000.0,5000.0,21,800,false
[B0FNW933SL],amzn1.campaign.1HUSTQCH3RZUA,tripod-26.04.07-03,Yoozon,2026-04-08,2026-12-03,15.00%,5000.0,5000.0,14,800,false
"[B0FGXHKHT8, B0DZX45VG3, B0DZX43B6T, B0G397XRC5, B0FGXGDLPH, B0FGXJCDSD]",amzn1.campaign.21IMU0TYMCOWN,iPhone 15 full-body Protective case,Lifedance,2026-04-08,2027-04-08,10.00%,10000.0,9998.73,0,800,false
"[B0FMKDFYG7, B0FMKC74K9, B0F8HXF9KV, B0FMK8DP21, B0FMK7TN5N, B0FMK87RDV, B0FMKBFKRH, B0F8HWBPD6, B0FMKCNR3S, B0FMQCFKXS, B0FMKC6K32, B0F8HY1VQ1, B0F8J1W966, B0F8HZYFD8]",amzn1.campaign.3BKWTLC1A374V,💎 Premium Design 🌿 | Avytronx Offers 15%+ Creator Payout 💰,Avytronx,2026-04-10,2026-10-21,10.00%,5000.0,5000.0,28,800,false
"[B0FMKDFYG7, B0FMKC74K9, B0F8HXF9KV, B0FMK8DP21, B0FMK7TN5N, B0FMK87RDV, B0FMKBFKRH, B0F8HWBPD6, B0FMKCNR3S, B0FMQCFKXS, B0FMKC6K32, B0F8HY1VQ1, B0F8J1W966, B0F8HZYFD8]",amzn1.campaign.4QMG53MX280P,"🎯 Share, Inspire, Earn 💰 | Avytronx Floating Shelf Promo 🌿",Avytronx,2026-04-10,2026-10-20,10.00%,5000.0,5000.0,35,800,false
[B0FNW933SL],amzn1.campaign.IYF3PITC3RHR,tripod-26.04.07-02,Yoozon,2026-04-08,2026-12-02,15.00%,5000.0,5000.0,20,800,false
"[B0FMKDFYG7, B0FMKC74K9, B0F8HXF9KV, B0FMK8DP21, B0FMK7TN5N, B0FMK87RDV, B0FMKBFKRH, B0F8HWBPD6, B0FMKCNR3S, B0FMQCFKXS, B0FMKC6K32, B0F8HY1VQ1, B0F8J1W966, B0F8HZYFD8]",amzn1.campaign.25VQD3QBNNYQ0,🛋️ Home Style + High Pay 💸 | Avytronx Creator Bonus 🌿,Avytronx,2026-04-10,2026-10-19,10.00%,5000.0,5000.0,23,800,false
"[B0FMKDFYG7, B0FMKC74K9, B0F8HXF9KV, B0FMK8DP21, B0FMK7TN5N, B0FMK87RDV, B0FMKBFKRH, B0F8HWBPD6, B0FMKCNR3S, B0FMQCFKXS, B0FMKC6K32, B0F8HY1VQ1, B0F8J1W966, B0F8HZYFD8]",amzn1.campaign.1GDX041MRNZQM,💡 Post Beautiful Homes 🌿 | Earn with Avytronx 💰,Avytronx,2026-04-10,2026-10-18,10.00%,5000.0,5000.0,25,800,false
[B0FNW933SL],amzn1.campaign.A3484Z3YZOYR,tripod-26.04.07-01,Yoozon,2026-04-08,2026-12-01,15.00%,5000.0,4993.76,19,800,false
"[B0FMKDFYG7, B0FMKC74K9, B0F8HXF9KV, B0FMK8DP21, B0FMK7TN5N, B0FMK87RDV, B0FMKBFKRH, B0F8HWBPD6, B0FMKCNR3S, B0FMQCFKXS, B0FMKC6K32, B0F8HY1VQ1, B0F8J1W966, B0F8HZYFD8]",amzn1.campaign.3GQ61AP2WPV0E,💥 New Collab Alert 🌿 | Avytronx Floating Shelves = Big Earnings 💸,Avytronx,2026-04-10,2026-10-17,10.00%,5000.0,5000.0,31,800,false
"[B0FMKDFYG7, B0FMKC74K9, B0F8HXF9KV, B0FMK8DP21, B0FMK7TN5N, B0FMK87RDV, B0FMKBFKRH, B0F8HWBPD6, B0FMKCNR3S, B0FMQCFKXS, B0FMKC6K32, B0F8HY1VQ1, B0F8J1W966, B0F8HZYFD8]",amzn1.campaign.1QPED0S74XHK2,🎬 Creator Opportunity 🚀 | Avytronx Real-Wood Floating Shelf 💰,Avytronx,2026-04-10,2026-10-16,10.00%,5000.0,5000.0,30,800,false
"[B0FMKDFYG7, B0FMKC74K9, B0F8HXF9KV, B0FMK8DP21, B0FMK7TN5N, B0FMK87RDV, B0FMKBFKRH, B0F8HWBPD6, B0FMKCNR3S, B0FMQCFKXS, B0FMKC6K32, B0F8HY1VQ1, B0F8J1W966, B0F8HZYFD8]",amzn1.campaign.3E573WOEZE29Q,🔥 Work with Avytronx 🌿 | Premium Home Decor + Great Pay 💸,Avytronx,2026-04-10,2026-10-15,10.00%,5000.0,5000.0,27,800,false
[B0DK4V7M11],amzn1.campaign.3G90KXIV17JO4,Earn 30% Commission + 20% Off Grooved Handwriting Book – Fun Learning for Kids!,Hadley Designs,2026-04-08,2026-10-08,30.00%,50000.0,49994.75,0,800,false
"[B0FMKDFYG7, B0FMKC74K9, B0F8HXF9KV, B0FMK8DP21, B0FMK7TN5N, B0FMK87RDV, B0FMKBFKRH, B0F8HWBPD6, B0FMKCNR3S, B0FMQCFKXS, B0FMKC6K32, B0F8HY1VQ1, B0F8J1W966, B0F8HZYFD8]",amzn1.campaign.ZN295K9K297D,💎 Creator Exclusive 💥 | Avytronx Shelves + High Commission 💰,Avytronx,2026-04-10,2026-10-14,10.00%,5000.0,5000.0,35,800,false
"[B0FMKDFYG7, B0FMKC74K9, B0F8HXF9KV, B0FMK8DP21, B0FMK7TN5N, B0FMK87RDV, B0FMKBFKRH, B0F8HWBPD6, B0FMKCNR3S, B0FMQCFKXS, B0FMKC6K32, B0F8HY1VQ1, B0F8J1W966, B0F8HZYFD8]",amzn1.campaign.2IYHMSYIGAE9Q,🏠 Home Decor Collab 🌿 | Earn 15%+ with Avytronx 💰,Avytronx,2026-04-10,2026-10-13,10.00%,5000.0,5000.0,27,800,false
[B0GFF1M66D],amzn1.campaign.328I31LOB9I2O,ERKEI SEHN Party Vibes – Waterproof Sound & Light Show Anywhere,YIZEELFAR,2026-04-08,2026-09-30,10.00%,10000.0,9899.75,0,800,false
"[B0FHJ6LK8W, B0FHJ5F115, B0FHJ5TGYB, B0FHJ769V9]",amzn1.campaign.6PB8V2B7BYQE,Earn 30% Commission + 20% Off Congratulations & General Greeting Cards Set of 54,Hadley Designs,2026-04-08,2026-10-08,30.00%,50000.0,49995.2,0,800,false
"[B0F4Z4ZF68, B0F4Z88KPN, B0F4Z1HL63, B0F4ZJHFHG, B0F4ZNG8BW]",amzn1.campaign.2WBB2HQIWDR5W,Earn 30% Commission + 20% Off Undated Weekly Planner – Plan Your Best Year!,Hadley Designs,2026-04-08,2026-10-08,30.00%,50000.0,50000.0,2,800,false
"[B0FY2NRQM5, B0FH6TC28V, B0G19F6358, B0FC6M95GY, B0FCBZRTG6, B0FC6BNY7X, B0FY5MRC8J, B0G1YJFHDJ, B0FH6RWL3X, B0FYF7ZLCV, B0FY5WR3ZH, B0FY1HDRW7, B0FCC34C1M, B0G11PQTHS, B0FDW26Y8F, B0G19FHPGJ, B0FKLZDQJS, B0G1YD51M2, B0FY2N9BNL, B0G1B3B6MY, B0GM47HKWZ, B0FCBY8VY3, B0FWBVJCMR, B0G12YMLHL, B0FDPKW8BG, B0FC68P44B, B0G12YST67, B0FCBZGP1L, B0FCC4BP82, B0G1969B2B, B0FVDW7V93, B0FC6K4248, B0FDQRLYC4, B0G1313Z6F, B0FCBX9B19, B0FDQQHQX6, B0G2L694YH]",amzn1.campaign.GQVAVFOUIPFC,Gratitude & Love: Healing Crochet Gifts for Moms & Family&colleague,Vkeyinf,2026-04-08,2027-04-07,21.50%,5000.0,5000.0,22,800,false
"[B0FY2NRQM5, B0FH6TC28V, B0G19F6358, B0FC6M95GY, B0FCBZRTG6, B0FC6BNY7X, B0FY5MRC8J, B0G1YJFHDJ, B0FH6RWL3X, B0FYF7ZLCV, B0FY5WR3ZH, B0FY1HDRW7, B0FCC34C1M, B0G11PQTHS, B0FDW26Y8F, B0G19FHPGJ, B0FKLZDQJS, B0G1YD51M2, B0FY2N9BNL, B0G1B3B6MY, B0GM47HKWZ, B0FCBY8VY3, B0FWBVJCMR, B0G12YMLHL, B0FDPKW8BG, B0FC68P44B, B0G12YST67, B0FCBZGP1L, B0FCC4BP82, B0G1969B2B, B0FVDW7V93, B0FC6K4248, B0FDQRLYC4, B0G1313Z6F, B0FCBX9B19, B0FDQQHQX6, B0G2L694YH]",amzn1.campaign.37TV34PE17TDM,Gratitude & Love: Healing Crochet Gifts for Moms & Family&colleague,Vkeyinf,2026-04-08,2027-04-07,21.49%,5000.0,5000.0,20,800,false
"[B0FY2NRQM5, B0FH6TC28V, B0G19F6358, B0FC6M95GY, B0FCBZRTG6, B0FC6BNY7X, B0FY5MRC8J, B0G1YJFHDJ, B0FH6RWL3X, B0FYF7ZLCV, B0FY5WR3ZH, B0FY1HDRW7, B0FCC34C1M, B0G11PQTHS, B0FDW26Y8F, B0G19FHPGJ, B0FKLZDQJS, B0G1YD51M2, B0FY2N9BNL, B0G1B3B6MY, B0GM47HKWZ, B0FCBY8VY3, B0FWBVJCMR, B0G12YMLHL, B0FDPKW8BG, B0FC68P44B, B0G12YST67, B0FCBZGP1L, B0FCC4BP82, B0G1969B2B, B0FVDW7V93, B0FC6K4248, B0FDQRLYC4, B0G1313Z6F, B0FCBX9B19, B0FDQQHQX6, B0G2L694YH]",amzn1.campaign.15CJ1LTRNXTQY,Gratitude & Love: Healing Crochet Gifts for Moms & Family&colleague,Vkeyinf,2026-04-08,2027-04-07,21.48%,5000.0,5000.0,19,800,false
"[B0FY2NRQM5, B0FH6TC28V, B0G19F6358, B0FC6M95GY, B0FCBZRTG6, B0FC6BNY7X, B0FY5MRC8J, B0G1YJFHDJ, B0FH6RWL3X, B0FYF7ZLCV, B0FY5WR3ZH, B0FY1HDRW7, B0FCC34C1M, B0G11PQTHS, B0FDW26Y8F, B0G19FHPGJ, B0FKLZDQJS, B0G1YD51M2, B0FY2N9BNL, B0G1B3B6MY, B0GM47HKWZ, B0FCBY8VY3, B0FWBVJCMR, B0G12YMLHL, B0FDPKW8BG, B0FC68P44B, B0G12YST67, B0FCBZGP1L, B0FCC4BP82, B0G1969B2B, B0FVDW7V93, B0FC6K4248, B0FDQRLYC4, B0G1313Z6F, B0FCBX9B19, B0FDQQHQX6, B0G2L694YH]",amzn1.campaign.SD8QE6U9W755,Gratitude & Love: Healing Crochet Gifts for Moms & Family&colleague,Vkeyinf,2026-04-08,2027-04-07,21.47%,5000.0,5000.0,28,800,false
"[B0FY2NRQM5, B0FH6TC28V, B0G19F6358, B0FC6M95GY, B0FCBZRTG6, B0FC6BNY7X, B0FY5MRC8J, B0G1YJFHDJ, B0FH6RWL3X, B0FYF7ZLCV, B0FY5WR3ZH, B0FY1HDRW7, B0FCC34C1M, B0G11PQTHS, B0FDW26Y8F, B0G19FHPGJ, B0FKLZDQJS, B0G1YD51M2, B0FY2N9BNL, B0G1B3B6MY, B0GM47HKWZ, B0FCBY8VY3, B0FWBVJCMR, B0G12YMLHL, B0FDPKW8BG, B0FC68P44B, B0G12YST67, B0FCBZGP1L, B0FCC4BP82, B0G1969B2B, B0FVDW7V93, B0FC6K4248, B0FDQRLYC4, B0G1313Z6F, B0FCBX9B19, B0FDQQHQX6, B0G2L694YH]",amzn1.campaign.2MJ2522NWMRRC,Gratitude & Love: Healing Crochet Gifts for Moms & Family&colleague,Vkeyinf,2026-04-08,2027-04-07,21.46%,5000.0,5000.0,25,800,false
"[B0FY2NRQM5, B0FH6TC28V, B0G19F6358, B0FC6M95GY, B0FCBZRTG6, B0FC6BNY7X, B0FY5MRC8J, B0G1YJFHDJ, B0FH6RWL3X, B0FYF7ZLCV, B0FY5WR3ZH, B0FY1HDRW7, B0FCC34C1M, B0G11PQTHS, B0FDW26Y8F, B0G19FHPGJ, B0FKLZDQJS, B0G1YD51M2, B0FY2N9BNL, B0G1B3B6MY, B0GM47HKWZ, B0FCBY8VY3, B0FWBVJCMR, B0G12YMLHL, B0FDPKW8BG, B0FC68P44B, B0G12YST67, B0FCBZGP1L, B0FCC4BP82, B0G1969B2B, B0FVDW7V93, B0FC6K4248, B0FDQRLYC4, B0G1313Z6F, B0FCBX9B19, B0FDQQHQX6, B0G2L694YH]",amzn1.campaign.1SJX99L4T7I4R,Gratitude & Love: Healing Crochet Gifts for Moms & Family&colleague,Vkeyinf,2026-04-08,2027-04-07,21.45%,5000.0,5000.0,23,800,false
"[B0FY2NRQM5, B0FH6TC28V, B0G19F6358, B0FC6M95GY, B0FCBZRTG6, B0FC6BNY7X, B0FY5MRC8J, B0G1YJFHDJ, B0FH6RWL3X, B0FYF7ZLCV, B0FY5WR3ZH, B0FY1HDRW7, B0FCC34C1M, B0G11PQTHS, B0FDW26Y8F, B0G19FHPGJ, B0FKLZDQJS, B0G1YD51M2, B0FY2N9BNL, B0G1B3B6MY, B0GM47HKWZ, B0FCBY8VY3, B0FWBVJCMR, B0G12YMLHL, B0FDPKW8BG, B0FC68P44B, B0G12YST67, B0FCBZGP1L, B0FCC4BP82, B0G1969B2B, B0FVDW7V93, B0FC6K4248, B0FDQRLYC4, B0G1313Z6F, B0FCBX9B19, B0FDQQHQX6, B0G2L694YH]",amzn1.campaign.UIR1U83Q75AP,Gratitude & Love: Healing Crochet Gifts for Moms & Family&colleague,Vkeyinf,2026-04-08,2027-04-07,21.44%,5000.0,5000.0,27,800,false
"[B0FY2NRQM5, B0FH6TC28V, B0G19F6358, B0FC6M95GY, B0FCBZRTG6, B0FC6BNY7X, B0FY5MRC8J, B0G1YJFHDJ, B0FH6RWL3X, B0FYF7ZLCV, B0FY5WR3ZH, B0FY1HDRW7, B0FCC34C1M, B0G11PQTHS, B0FDW26Y8F, B0G19FHPGJ, B0FKLZDQJS, B0G1YD51M2, B0FY2N9BNL, B0G1B3B6MY, B0GM47HKWZ, B0FCBY8VY3, B0FWBVJCMR, B0G12YMLHL, B0FDPKW8BG, B0FC68P44B, B0G12YST67, B0FCBZGP1L, B0FCC4BP82, B0G1969B2B, B0FVDW7V93, B0FC6K4248, B0FDQRLYC4, B0G1313Z6F, B0FCBX9B19, B0FDQQHQX6, B0G2L694YH]",amzn1.campaign.6ID3TYZLR4ZG,Gratitude & Love: Healing Crochet Gifts for Moms & Family&colleague,Vkeyinf,2026-04-08,2027-04-07,21.43%,5000.0,5000.0,28,800,false
"[B0CQRMN78G, B0CQRMJPPC, B0CW6685GX, B0CQRNJ2HD, B0DNRC712K]",amzn1.campaign.1QPYV6VPIL86X,Earn 30% Commission + 25% Off Teacher Planner for 2026-2027 – Stay Organized!,Hadley Designs,2026-04-08,2026-10-08,30.00%,50000.0,49991.81,0,800,false
"[B0FY2NRQM5, B0FH6TC28V, B0G19F6358, B0FC6M95GY, B0FCBZRTG6, B0FC6BNY7X, B0FY5MRC8J, B0G1YJFHDJ, B0FH6RWL3X, B0FYF7ZLCV, B0FY5WR3ZH, B0FY1HDRW7, B0FCC34C1M, B0G11PQTHS, B0FDW26Y8F, B0G19FHPGJ, B0FKLZDQJS, B0G1YD51M2, B0FY2N9BNL, B0G1B3B6MY, B0GM47HKWZ, B0FCBY8VY3, B0FWBVJCMR, B0G12YMLHL, B0FDPKW8BG, B0FC68P44B, B0G12YST67, B0FCBZGP1L, B0FCC4BP82, B0G1969B2B, B0FVDW7V93, B0FC6K4248, B0FDQRLYC4, B0G1313Z6F, B0FCBX9B19, B0FDQQHQX6, B0G2L694YH]",amzn1.campaign.2UZP4L9T1NB5W,Gratitude & Love: Healing Crochet Gifts for Moms & Family&colleague,Vkeyinf,2026-04-08,2027-04-07,21.42%,5000.0,5000.0,27,800,false
"[B0FY2NRQM5, B0FH6TC28V, B0G19F6358, B0FC6M95GY, B0FCBZRTG6, B0FC6BNY7X, B0FY5MRC8J, B0G1YJFHDJ, B0FH6RWL3X, B0FYF7ZLCV, B0FY5WR3ZH, B0FY1HDRW7, B0FCC34C1M, B0G11PQTHS, B0FDW26Y8F, B0G19FHPGJ, B0FKLZDQJS, B0G1YD51M2, B0FY2N9BNL, B0G1B3B6MY, B0GM47HKWZ, B0FCBY8VY3, B0FWBVJCMR, B0G12YMLHL, B0FDPKW8BG, B0FC68P44B, B0G12YST67, B0FCBZGP1L, B0FCC4BP82, B0G1969B2B, B0FVDW7V93, B0FC6K4248, B0FDQRLYC4, B0G1313Z6F, B0FCBX9B19, B0FDQQHQX6, B0G2L694YH]",amzn1.campaign.K2V88ABM4E74,Gratitude & Love: Healing Crochet Gifts for Moms & Family&colleague,Vkeyinf,2026-04-08,2027-04-07,21.41%,5000.0,5000.0,32,800,false
"[B0FY2NRQM5, B0FH6TC28V, B0G19F6358, B0FC6M95GY, B0FCBZRTG6, B0FC6BNY7X, B0FY5MRC8J, B0G1YJFHDJ, B0FH6RWL3X, B0FYF7ZLCV, B0FY5WR3ZH, B0FY1HDRW7, B0FCC34C1M, B0G11PQTHS, B0FDW26Y8F, B0G19FHPGJ, B0FKLZDQJS, B0G1YD51M2, B0FY2N9BNL, B0G1B3B6MY, B0GM47HKWZ, B0FCBY8VY3, B0FWBVJCMR, B0G12YMLHL, B0FDPKW8BG, B0FC68P44B, B0G12YST67, B0FCBZGP1L, B0FCC4BP82, B0G1969B2B, B0FVDW7V93, B0FC6K4248, B0FDQRLYC4, B0G1313Z6F, B0FCBX9B19, B0FDQQHQX6, B0G2L694YH]",amzn1.campaign.3IA7ATRO27HTX,Gratitude & Love: Healing Crochet Gifts for Moms & Family&colleague,Vkeyinf,2026-04-08,2027-04-07,21.40%,5000.0,5000.0,29,800,false
"[B0FY2NRQM5, B0FH6TC28V, B0G19F6358, B0FC6M95GY, B0FCBZRTG6, B0FC6BNY7X, B0FY5MRC8J, B0G1YJFHDJ, B0FH6RWL3X, B0FYF7ZLCV, B0FY5WR3ZH, B0FY1HDRW7, B0FCC34C1M, B0G11PQTHS, B0FDW26Y8F, B0G19FHPGJ, B0FKLZDQJS, B0G1YD51M2, B0FY2N9BNL, B0G1B3B6MY, B0GM47HKWZ, B0FCBY8VY3, B0FWBVJCMR, B0G12YMLHL, B0FDPKW8BG, B0FC68P44B, B0G12YST67, B0FCBZGP1L, B0FCC4BP82, B0G1969B2B, B0FVDW7V93, B0FC6K4248, B0FDQRLYC4, B0G1313Z6F, B0FCBX9B19, B0FDQQHQX6, B0G2L694YH]",amzn1.campaign.TVC4PX5J0MVT,Gratitude & Love: Healing Crochet Gifts for Moms & Family&colleague,Vkeyinf,2026-04-08,2027-04-07,21.39%,5000.0,5000.0,31,800,false
"[B0FY2NRQM5, B0FH6TC28V, B0G19F6358, B0FC6M95GY, B0FCBZRTG6, B0FC6BNY7X, B0FY5MRC8J, B0G1YJFHDJ, B0FH6RWL3X, B0FYF7ZLCV, B0FY5WR3ZH, B0FY1HDRW7, B0FCC34C1M, B0G11PQTHS, B0FDW26Y8F, B0G19FHPGJ, B0FKLZDQJS, B0G1YD51M2, B0FY2N9BNL, B0G1B3B6MY, B0GM47HKWZ, B0FCBY8VY3, B0FWBVJCMR, B0G12YMLHL, B0FDPKW8BG, B0FC68P44B, B0G12YST67, B0FCBZGP1L, B0FCC4BP82, B0G1969B2B, B0FVDW7V93, B0FC6K4248, B0FDQRLYC4, B0G1313Z6F, B0FCBX9B19, B0FDQQHQX6, B0G2L694YH]",amzn1.campaign.AG2E0EXCHRHE,Gratitude & Love: Healing Crochet Gifts for Moms & Family&colleague,Vkeyinf,2026-04-08,2027-04-07,21.38%,5000.0,5000.0,30,800,false
"[B0FY2NRQM5, B0FH6TC28V, B0G19F6358, B0FC6M95GY, B0FCBZRTG6, B0FC6BNY7X, B0FY5MRC8J, B0G1YJFHDJ, B0FH6RWL3X, B0FYF7ZLCV, B0FY5WR3ZH, B0FY1HDRW7, B0FCC34C1M, B0G11PQTHS, B0FDW26Y8F, B0G19FHPGJ, B0FKLZDQJS, B0G1YD51M2, B0FY2N9BNL, B0G1B3B6MY, B0GM47HKWZ, B0FCBY8VY3, B0FWBVJCMR, B0G12YMLHL, B0FDPKW8BG, B0FC68P44B, B0G12YST67, B0FCBZGP1L, B0FCC4BP82, B0G1969B2B, B0FVDW7V93, B0FC6K4248, B0FDQRLYC4, B0G1313Z6F, B0FCBX9B19, B0FDQQHQX6, B0G2L694YH]",amzn1.campaign.1R8FQYUUVW6A,Gratitude & Love: Healing Crochet Gifts for Moms & Family&colleague,Vkeyinf,2026-04-08,2027-04-07,21.37%,5000.0,5000.0,24,800,false
"[B0FY2NRQM5, B0FH6TC28V, B0G19F6358, B0FC6M95GY, B0FCBZRTG6, B0FC6BNY7X, B0FY5MRC8J, B0G1YJFHDJ, B0FH6RWL3X, B0FYF7ZLCV, B0FY5WR3ZH, B0FY1HDRW7, B0FCC34C1M, B0G11PQTHS, B0FDW26Y8F, B0G19FHPGJ, B0FKLZDQJS, B0G1YD51M2, B0FY2N9BNL, B0G1B3B6MY, B0GM47HKWZ, B0FCBY8VY3, B0FWBVJCMR, B0G12YMLHL, B0FDPKW8BG, B0FC68P44B, B0G12YST67, B0FCBZGP1L, B0FCC4BP82, B0G1969B2B, B0FVDW7V93, B0FC6K4248, B0FDQRLYC4, B0G1313Z6F, B0FCBX9B19, B0FDQQHQX6, B0G2L694YH]",amzn1.campaign.3L3KICA0CZ5Y7,Gratitude & Love: Healing Crochet Gifts for Moms & Family&colleague,Vkeyinf,2026-04-08,2027-04-07,21.36%,5000.0,5000.0,31,800,false
"[B0FY2NRQM5, B0FH6TC28V, B0G19F6358, B0FC6M95GY, B0FCBZRTG6, B0FC6BNY7X, B0FY5MRC8J, B0G1YJFHDJ, B0FH6RWL3X, B0FYF7ZLCV, B0FY5WR3ZH, B0FY1HDRW7, B0FCC34C1M, B0G11PQTHS, B0FDW26Y8F, B0G19FHPGJ, B0FKLZDQJS, B0G1YD51M2, B0FY2N9BNL, B0G1B3B6MY, B0GM47HKWZ, B0FCBY8VY3, B0FWBVJCMR, B0G12YMLHL, B0FDPKW8BG, B0FC68P44B, B0G12YST67, B0FCBZGP1L, B0FCC4BP82, B0G1969B2B, B0FVDW7V93, B0FC6K4248, B0FDQRLYC4, B0G1313Z6F, B0FCBX9B19, B0FDQQHQX6, B0G2L694YH]",amzn1.campaign.7GNXDDUF6JLH,Gratitude & Love: Healing Crochet Gifts for Moms & Family&colleague,Vkeyinf,2026-04-08,2027-04-07,21.35%,5000.0,5000.0,31,800,false
"[B0FY2NRQM5, B0FH6TC28V, B0G19F6358, B0FC6M95GY, B0FCBZRTG6, B0FC6BNY7X, B0FY5MRC8J, B0G1YJFHDJ, B0FH6RWL3X, B0FYF7ZLCV, B0FY5WR3ZH, B0FY1HDRW7, B0FCC34C1M, B0G11PQTHS, B0FDW26Y8F, B0G19FHPGJ, B0FKLZDQJS, B0G1YD51M2, B0FY2N9BNL, B0G1B3B6MY, B0GM47HKWZ, B0FCBY8VY3, B0FWBVJCMR, B0G12YMLHL, B0FDPKW8BG, B0FC68P44B, B0G12YST67, B0FCBZGP1L, B0FCC4BP82, B0G1969B2B, B0FVDW7V93, B0FC6K4248, B0FDQRLYC4, B0G1313Z6F, B0FCBX9B19, B0FDQQHQX6, B0G2L694YH]",amzn1.campaign.2TKVDPU64EVAJ,Gratitude & Love: Healing Crochet Gifts for Moms & Family&colleague,Vkeyinf,2026-04-08,2027-04-07,21.34%,5000.0,5000.0,28,800,false
"[B0FY2NRQM5, B0FH6TC28V, B0G19F6358, B0FC6M95GY, B0FCBZRTG6, B0FC6BNY7X, B0FY5MRC8J, B0G1YJFHDJ, B0FH6RWL3X, B0FYF7ZLCV, B0FY5WR3ZH, B0FY1HDRW7, B0FCC34C1M, B0G11PQTHS, B0FDW26Y8F, B0G19FHPGJ, B0FKLZDQJS, B0G1YD51M2, B0FY2N9BNL, B0G1B3B6MY, B0GM47HKWZ, B0FCBY8VY3, B0FWBVJCMR, B0G12YMLHL, B0FDPKW8BG, B0FC68P44B, B0G12YST67, B0FCBZGP1L, B0FCC4BP82, B0G1969B2B, B0FVDW7V93, B0FC6K4248, B0FDQRLYC4, B0G1313Z6F, B0FCBX9B19, B0FDQQHQX6, B0G2L694YH]",amzn1.campaign.3R4403HN6E383,Gratitude & Love: Healing Crochet Gifts for Moms & Family&colleague,Vkeyinf,2026-04-08,2027-04-07,21.33%,5000.0,5000.0,29,800,false
"[B0FY2NRQM5, B0FH6TC28V, B0G19F6358, B0FC6M95GY, B0FCBZRTG6, B0FC6BNY7X, B0FY5MRC8J, B0G1YJFHDJ, B0FH6RWL3X, B0FYF7ZLCV, B0FY5WR3ZH, B0FY1HDRW7, B0FCC34C1M, B0G11PQTHS, B0FDW26Y8F, B0G19FHPGJ, B0FKLZDQJS, B0G1YD51M2, B0FY2N9BNL, B0G1B3B6MY, B0GM47HKWZ, B0FCBY8VY3, B0FWBVJCMR, B0G12YMLHL, B0FDPKW8BG, B0FC68P44B, B0G12YST67, B0FCBZGP1L, B0FCC4BP82, B0G1969B2B, B0FVDW7V93, B0FC6K4248, B0FDQRLYC4, B0G1313Z6F, B0FCBX9B19, B0FDQQHQX6, B0G2L694YH]",amzn1.campaign.1RAZ7RQPN909C,Gratitude & Love: Healing Crochet Gifts for Moms & Family&colleague,Vkeyinf,2026-04-08,2027-04-07,21.32%,5000.0,5000.0,25,800,false
"[B0FY2NRQM5, B0FH6TC28V, B0G19F6358, B0FC6M95GY, B0FCBZRTG6, B0FC6BNY7X, B0FY5MRC8J, B0G1YJFHDJ, B0FH6RWL3X, B0FYF7ZLCV, B0FY5WR3ZH, B0FY1HDRW7, B0FCC34C1M, B0G11PQTHS, B0FDW26Y8F, B0G19FHPGJ, B0FKLZDQJS, B0G1YD51M2, B0FY2N9BNL, B0G1B3B6MY, B0GM47HKWZ, B0FCBY8VY3, B0FWBVJCMR, B0G12YMLHL, B0FDPKW8BG, B0FC68P44B, B0G12YST67, B0FCBZGP1L, B0FCC4BP82, B0G1969B2B, B0FVDW7V93, B0FC6K4248, B0FDQRLYC4, B0G1313Z6F, B0FCBX9B19, B0FDQQHQX6, B0G2L694YH]",amzn1.campaign.376V8MQMX9I8J,Gratitude & Love: Healing Crochet Gifts for Moms & Family&colleague,Vkeyinf,2026-04-08,2027-04-07,21.31%,5000.0,5000.0,28,800,false
"[B0FY2NRQM5, B0FH6TC28V, B0G19F6358, B0FC6M95GY, B0FCBZRTG6, B0FC6BNY7X, B0FY5MRC8J, B0G1YJFHDJ, B0FH6RWL3X, B0FYF7ZLCV, B0FY5WR3ZH, B0FY1HDRW7, B0FCC34C1M, B0G11PQTHS, B0FDW26Y8F, B0G19FHPGJ, B0FKLZDQJS, B0G1YD51M2, B0FY2N9BNL, B0G1B3B6MY, B0GM47HKWZ, B0FCBY8VY3, B0FWBVJCMR, B0G12YMLHL, B0FDPKW8BG, B0FC68P44B, B0G12YST67, B0FCBZGP1L, B0FCC4BP82, B0G1969B2B, B0FVDW7V93, B0FC6K4248, B0FDQRLYC4, B0G1313Z6F, B0FCBX9B19, B0FDQQHQX6, B0G2L694YH]",amzn1.campaign.24OJT4UTTXN7B,Gratitude & Love: Healing Crochet Gifts for Moms & Family&colleague,Vkeyinf,2026-04-08,2027-04-07,21.30%,5000.0,5000.0,27,800,false
"[B0FY2NRQM5, B0FH6TC28V, B0G19F6358, B0FC6M95GY, B0FCBZRTG6, B0FC6BNY7X, B0FY5MRC8J, B0G1YJFHDJ, B0FH6RWL3X, B0FYF7ZLCV, B0FY5WR3ZH, B0FY1HDRW7, B0FCC34C1M, B0G11PQTHS, B0FDW26Y8F, B0G19FHPGJ, B0FKLZDQJS, B0G1YD51M2, B0FY2N9BNL, B0G1B3B6MY, B0GM47HKWZ, B0FCBY8VY3, B0FWBVJCMR, B0G12YMLHL, B0FDPKW8BG, B0FC68P44B, B0G12YST67, B0FCBZGP1L, B0FCC4BP82, B0G1969B2B, B0FVDW7V93, B0FC6K4248, B0FDQRLYC4, B0G1313Z6F, B0FCBX9B19, B0FDQQHQX6, B0G2L694YH]",amzn1.campaign.JGUFEB1TKLR9,Gratitude & Love: Healing Crochet Gifts for Moms & Family&colleague,Vkeyinf,2026-04-08,2027-04-07,21.29%,5000.0,5000.0,32,800,false
[B0GTV1HQPC],amzn1.campaign.3OSW6O08QK2AZ,"20% Off + Free Sample – Migcopat Brain Gummies 042 | Zero Jitters, Pure Flow",Migcopat,2026-04-08,2027-04-08,20.00%,5000.0,4819.59,0,800,false
"[B0FY2NRQM5, B0FH6TC28V, B0G19F6358, B0FC6M95GY, B0FCBZRTG6, B0FC6BNY7X, B0FY5MRC8J, B0G1YJFHDJ, B0FH6RWL3X, B0FYF7ZLCV, B0FY5WR3ZH, B0FY1HDRW7, B0FCC34C1M, B0G11PQTHS, B0FDW26Y8F, B0G19FHPGJ, B0FKLZDQJS, B0G1YD51M2, B0FY2N9BNL, B0G1B3B6MY, B0GM47HKWZ, B0FCBY8VY3, B0FWBVJCMR, B0G12YMLHL, B0FDPKW8BG, B0FC68P44B, B0G12YST67, B0FCBZGP1L, B0FCC4BP82, B0G1969B2B, B0FVDW7V93, B0FC6K4248, B0FDQRLYC4, B0G1313Z6F, B0FCBX9B19, B0FDQQHQX6, B0G2L694YH]",amzn1.campaign.1CY235GD3SJ0H,Gratitude & Love: Healing Crochet Gifts for Moms & Family&colleague,Vkeyinf,2026-04-08,2027-04-07,21.28%,5000.0,5000.0,26,800,false
"[B0FY2NRQM5, B0FH6TC28V, B0G19F6358, B0FC6M95GY, B0FCBZRTG6, B0FC6BNY7X, B0FY5MRC8J, B0G1YJFHDJ, B0FH6RWL3X, B0FYF7ZLCV, B0FY5WR3ZH, B0FY1HDRW7, B0FCC34C1M, B0G11PQTHS, B0FDW26Y8F, B0G19FHPGJ, B0FKLZDQJS, B0G1YD51M2, B0FY2N9BNL, B0G1B3B6MY, B0GM47HKWZ, B0FCBY8VY3, B0FWBVJCMR, B0G12YMLHL, B0FDPKW8BG, B0FC68P44B, B0G12YST67, B0FCBZGP1L, B0FCC4BP82, B0G1969B2B, B0FVDW7V93, B0FC6K4248, B0FDQRLYC4, B0G1313Z6F, B0FCBX9B19, B0FDQQHQX6, B0G2L694YH]",amzn1.campaign.2DLNVD9HQ5V54,Gratitude & Love: Healing Crochet Gifts for Moms & Family&colleague,Vkeyinf,2026-04-08,2027-04-07,21.27%,5000.0,5000.0,26,800,false
"[B0FY2NRQM5, B0FH6TC28V, B0G19F6358, B0FC6M95GY, B0FCBZRTG6, B0FC6BNY7X, B0FY5MRC8J, B0G1YJFHDJ, B0FH6RWL3X, B0FYF7ZLCV, B0FY5WR3ZH, B0FY1HDRW7, B0FCC34C1M, B0G11PQTHS, B0FDW26Y8F, B0G19FHPGJ, B0FKLZDQJS, B0G1YD51M2, B0FY2N9BNL, B0G1B3B6MY, B0GM47HKWZ, B0FCBY8VY3, B0FWBVJCMR, B0G12YMLHL, B0FDPKW8BG, B0FC68P44B, B0G12YST67, B0FCBZGP1L, B0FCC4BP82, B0G1969B2B, B0FVDW7V93, B0FC6K4248, B0FDQRLYC4, B0G1313Z6F, B0FCBX9B19, B0FDQQHQX6, B0G2L694YH]",amzn1.campaign.LHZWJG06N4DU,Gratitude & Love: Healing Crochet Gifts for Moms & Family&colleague,Vkeyinf,2026-04-08,2027-04-07,21.26%,5000.0,5000.0,33,800,false
"[B0FY2NRQM5, B0FH6TC28V, B0G19F6358, B0FC6M95GY, B0FCBZRTG6, B0FC6BNY7X, B0FY5MRC8J, B0G1YJFHDJ, B0FH6RWL3X, B0FYF7ZLCV, B0FY5WR3ZH, B0FY1HDRW7, B0FCC34C1M, B0G11PQTHS, B0FDW26Y8F, B0G19FHPGJ, B0FKLZDQJS, B0G1YD51M2, B0FY2N9BNL, B0G1B3B6MY, B0GM47HKWZ, B0FCBY8VY3, B0FWBVJCMR, B0G12YMLHL, B0FDPKW8BG, B0FC68P44B, B0G12YST67, B0FCBZGP1L, B0FCC4BP82, B0G1969B2B, B0FVDW7V93, B0FC6K4248, B0FDQRLYC4, B0G1313Z6F, B0FCBX9B19, B0FDQQHQX6, B0G2L694YH]",amzn1.campaign.BHY1FLIX2F24,Gratitude & Love: Healing Crochet Gifts for Moms & Family&colleague,Vkeyinf,2026-04-08,2027-04-07,21.25%,5000.0,5000.0,31,800,false
"[B0FY2NRQM5, B0FH6TC28V, B0G19F6358, B0FC6M95GY, B0FCBZRTG6, B0FC6BNY7X, B0FY5MRC8J, B0G1YJFHDJ, B0FH6RWL3X, B0FYF7ZLCV, B0FY5WR3ZH, B0FY1HDRW7, B0FCC34C1M, B0G11PQTHS, B0FDW26Y8F, B0G19FHPGJ, B0FKLZDQJS, B0G1YD51M2, B0FY2N9BNL, B0G1B3B6MY, B0GM47HKWZ, B0FCBY8VY3, B0FWBVJCMR, B0G12YMLHL, B0FDPKW8BG, B0FC68P44B, B0G12YST67, B0FCBZGP1L, B0FCC4BP82, B0G1969B2B, B0FVDW7V93, B0FC6K4248, B0FDQRLYC4, B0G1313Z6F, B0FCBX9B19, B0FDQQHQX6, B0G2L694YH]",amzn1.campaign.36ZY4OUUCPLYP,Gratitude & Love: Healing Crochet Gifts for Moms & Family&colleague,Vkeyinf,2026-04-08,2027-04-07,21.24%,5000.0,5000.0,27,800,false
"[B0FY2NRQM5, B0FH6TC28V, B0G19F6358, B0FC6M95GY, B0FCBZRTG6, B0FC6BNY7X, B0FY5MRC8J, B0G1YJFHDJ, B0FH6RWL3X, B0FYF7ZLCV, B0FY5WR3ZH, B0FY1HDRW7, B0FCC34C1M, B0G11PQTHS, B0FDW26Y8F, B0G19FHPGJ, B0FKLZDQJS, B0G1YD51M2, B0FY2N9BNL, B0G1B3B6MY, B0GM47HKWZ, B0FCBY8VY3, B0FWBVJCMR, B0G12YMLHL, B0FDPKW8BG, B0FC68P44B, B0G12YST67, B0FCBZGP1L, B0FCC4BP82, B0G1969B2B, B0FVDW7V93, B0FC6K4248, B0FDQRLYC4, B0G1313Z6F, B0FCBX9B19, B0FDQQHQX6, B0G2L694YH]",amzn1.campaign.2YVFV7D4VPS8D,Gratitude & Love: Healing Crochet Gifts for Moms & Family&colleague,Vkeyinf,2026-04-08,2027-04-07,21.23%,5000.0,5000.0,28,800,false
[B0DMVPQ1JL],amzn1.campaign.4ULNCX8ABH6J,"20% Commission | 1.5"" Thick Acacia Board with Juice Groove & Sorting Grid",WILLKOMMEN,2026-04-08,2027-04-07,20.00%,5000.0,5000.0,0,800,false
"[B0FY2NRQM5, B0FH6TC28V, B0G19F6358, B0FC6M95GY, B0FCBZRTG6, B0FC6BNY7X, B0FY5MRC8J, B0G1YJFHDJ, B0FH6RWL3X, B0FYF7ZLCV, B0FY5WR3ZH, B0FY1HDRW7, B0FCC34C1M, B0G11PQTHS, B0FDW26Y8F, B0G19FHPGJ, B0FKLZDQJS, B0G1YD51M2, B0FY2N9BNL, B0G1B3B6MY, B0GM47HKWZ, B0FCBY8VY3, B0FWBVJCMR, B0G12YMLHL, B0FDPKW8BG, B0FC68P44B, B0G12YST67, B0FCBZGP1L, B0FCC4BP82, B0G1969B2B, B0FVDW7V93, B0FC6K4248, B0FDQRLYC4, B0G1313Z6F, B0FCBX9B19, B0FDQQHQX6, B0G2L694YH]",amzn1.campaign.3BUHYKUGFCYYC,Gratitude & Love: Healing Crochet Gifts for Moms & Family&colleague,Vkeyinf,2026-04-08,2027-04-07,21.22%,5000.0,5000.0,28,800,false
"[B0FY2NRQM5, B0FH6TC28V, B0G19F6358, B0FC6M95GY, B0FCBZRTG6, B0FC6BNY7X, B0FY5MRC8J, B0G1YJFHDJ, B0FH6RWL3X, B0FYF7ZLCV, B0FY5WR3ZH, B0FY1HDRW7, B0FCC34C1M, B0G11PQTHS, B0FDW26Y8F, B0G19FHPGJ, B0FKLZDQJS, B0G1YD51M2, B0FY2N9BNL, B0G1B3B6MY, B0GM47HKWZ, B0FCBY8VY3, B0FWBVJCMR, B0G12YMLHL, B0FDPKW8BG, B0FC68P44B, B0G12YST67, B0FCBZGP1L, B0FCC4BP82, B0G1969B2B, B0FVDW7V93, B0FC6K4248, B0FDQRLYC4, B0G1313Z6F, B0FCBX9B19, B0FDQQHQX6, B0G2L694YH]",amzn1.campaign.SIURQ1LKNOU7,Gratitude & Love: Healing Crochet Gifts for Moms & Family&colleague,Vkeyinf,2026-04-08,2027-04-07,21.21%,5000.0,5000.0,30,800,false
"[B0FY2NRQM5, B0FH6TC28V, B0G19F6358, B0FC6M95GY, B0FCBZRTG6, B0FC6BNY7X, B0FY5MRC8J, B0G1YJFHDJ, B0FH6RWL3X, B0FYF7ZLCV, B0FY5WR3ZH, B0FY1HDRW7, B0FCC34C1M, B0G11PQTHS, B0FDW26Y8F, B0G19FHPGJ, B0FKLZDQJS, B0G1YD51M2, B0FY2N9BNL, B0G1B3B6MY, B0GM47HKWZ, B0FCBY8VY3, B0FWBVJCMR, B0G12YMLHL, B0FDPKW8BG, B0FC68P44B, B0G12YST67, B0FCBZGP1L, B0FCC4BP82, B0G1969B2B, B0FVDW7V93, B0FC6K4248, B0FDQRLYC4, B0G1313Z6F, B0FCBX9B19, B0FDQQHQX6, B0G2L694YH]",amzn1.campaign.2JWMKSP1G5PNX,Gratitude & Love: Healing Crochet Gifts for Moms & Family&colleague,Vkeyinf,2026-04-08,2027-04-07,21.20%,5000.0,5000.0,28,800,false
"[B0FY2NRQM5, B0FH6TC28V, B0G19F6358, B0FC6M95GY, B0FCBZRTG6, B0FC6BNY7X, B0FY5MRC8J, B0G1YJFHDJ, B0FH6RWL3X, B0FYF7ZLCV, B0FY5WR3ZH, B0FY1HDRW7, B0FCC34C1M, B0G11PQTHS, B0FDW26Y8F, B0G19FHPGJ, B0FKLZDQJS, B0G1YD51M2, B0FY2N9BNL, B0G1B3B6MY, B0GM47HKWZ, B0FCBY8VY3, B0FWBVJCMR, B0G12YMLHL, B0FDPKW8BG, B0FC68P44B, B0G12YST67, B0FCBZGP1L, B0FCC4BP82, B0G1969B2B, B0FVDW7V93, B0FC6K4248, B0FDQRLYC4, B0G1313Z6F, B0FCBX9B19, B0FDQQHQX6, B0G2L694YH]",amzn1.campaign.855IAWWHYL8Z,Gratitude & Love: Healing Crochet Gifts for Moms & Family&colleague,Vkeyinf,2026-04-08,2027-04-07,21.19%,5000.0,5000.0,30,800,false
"[B0F1CBFXS6, B0F47YJL6W, B0FKB7M5NH, B0FMRKJGX5]",amzn1.campaign.3UZOLC1X04721,302-10% Commission,JIEJIERUI,2026-04-08,2026-12-31,10.00%,5000.0,4933.71,0,800,false
"[B0FY2NRQM5, B0FH6TC28V, B0G19F6358, B0FC6M95GY, B0FCBZRTG6, B0FC6BNY7X, B0FY5MRC8J, B0G1YJFHDJ, B0FH6RWL3X, B0FYF7ZLCV, B0FY5WR3ZH, B0FY1HDRW7, B0FCC34C1M, B0G11PQTHS, B0FDW26Y8F, B0G19FHPGJ, B0FKLZDQJS, B0G1YD51M2, B0FY2N9BNL, B0G1B3B6MY, B0GM47HKWZ, B0FCBY8VY3, B0FWBVJCMR, B0G12YMLHL, B0FDPKW8BG, B0FC68P44B, B0G12YST67, B0FCBZGP1L, B0FCC4BP82, B0G1969B2B, B0FVDW7V93, B0FC6K4248, B0FDQRLYC4, B0G1313Z6F, B0FCBX9B19, B0FDQQHQX6, B0G2L694YH]",amzn1.campaign.3C8NCT60HKVZP,Gratitude & Love: Healing Crochet Gifts for Moms & Family&colleague,Vkeyinf,2026-04-08,2027-04-07,21.18%,5000.0,5000.0,27,800,false
"[B0FY2NRQM5, B0FH6TC28V, B0G19F6358, B0FC6M95GY, B0FCBZRTG6, B0FC6BNY7X, B0FY5MRC8J, B0G1YJFHDJ, B0FH6RWL3X, B0FYF7ZLCV, B0FY5WR3ZH, B0FY1HDRW7, B0FCC34C1M, B0G11PQTHS, B0FDW26Y8F, B0G19FHPGJ, B0FKLZDQJS, B0G1YD51M2, B0FY2N9BNL, B0G1B3B6MY, B0GM47HKWZ, B0FCBY8VY3, B0FWBVJCMR, B0G12YMLHL, B0FDPKW8BG, B0FC68P44B, B0G12YST67, B0FCBZGP1L, B0FCC4BP82, B0G1969B2B, B0FVDW7V93, B0FC6K4248, B0FDQRLYC4, B0G1313Z6F, B0FCBX9B19, B0FDQQHQX6, B0G2L694YH]",amzn1.campaign.1BW3K2L9J99FR,Gratitude & Love: Healing Crochet Gifts for Moms & Family&colleague,Vkeyinf,2026-04-08,2027-04-07,21.17%,5000.0,5000.0,25,800,false
"[B0FY2NRQM5, B0FH6TC28V, B0G19F6358, B0FC6M95GY, B0FCBZRTG6, B0FC6BNY7X, B0FY5MRC8J, B0G1YJFHDJ, B0FH6RWL3X, B0FYF7ZLCV, B0FY5WR3ZH, B0FY1HDRW7, B0FCC34C1M, B0G11PQTHS, B0FDW26Y8F, B0G19FHPGJ, B0FKLZDQJS, B0G1YD51M2, B0FY2N9BNL, B0G1B3B6MY, B0GM47HKWZ, B0FCBY8VY3, B0FWBVJCMR, B0G12YMLHL, B0FDPKW8BG, B0FC68P44B, B0G12YST67, B0FCBZGP1L, B0FCC4BP82, B0G1969B2B, B0FVDW7V93, B0FC6K4248, B0FDQRLYC4, B0G1313Z6F, B0FCBX9B19, B0FDQQHQX6, B0G2L694YH]",amzn1.campaign.1KOD8SDPU0DY2,Gratitude & Love: Healing Crochet Gifts for Moms & Family&colleague,Vkeyinf,2026-04-08,2027-04-07,21.16%,5000.0,5000.0,26,800,false
"[B0FY2NRQM5, B0FH6TC28V, B0G19F6358, B0FC6M95GY, B0FCBZRTG6, B0FC6BNY7X, B0FY5MRC8J, B0G1YJFHDJ, B0FH6RWL3X, B0FYF7ZLCV, B0FY5WR3ZH, B0FY1HDRW7, B0FCC34C1M, B0G11PQTHS, B0FDW26Y8F, B0G19FHPGJ, B0FKLZDQJS, B0G1YD51M2, B0FY2N9BNL, B0G1B3B6MY, B0GM47HKWZ, B0FCBY8VY3, B0FWBVJCMR, B0G12YMLHL, B0FDPKW8BG, B0FC68P44B, B0G12YST67, B0FCBZGP1L, B0FCC4BP82, B0G1969B2B, B0FVDW7V93, B0FC6K4248, B0FDQRLYC4, B0G1313Z6F, B0FCBX9B19, B0FDQQHQX6, B0G2L694YH]",amzn1.campaign.1WC83PZI2LBTL,Gratitude & Love: Healing Crochet Gifts for Moms & Family&colleague,Vkeyinf,2026-04-08,2027-04-07,21.15%,5000.0,5000.0,27,800,false
"[B0FY2NRQM5, B0FH6TC28V, B0G19F6358, B0FC6M95GY, B0FCBZRTG6, B0FC6BNY7X, B0FY5MRC8J, B0G1YJFHDJ, B0FH6RWL3X, B0FYF7ZLCV, B0FY5WR3ZH, B0FY1HDRW7, B0FCC34C1M, B0G11PQTHS, B0FDW26Y8F, B0G19FHPGJ, B0FKLZDQJS, B0G1YD51M2, B0FY2N9BNL, B0G1B3B6MY, B0GM47HKWZ, B0FCBY8VY3, B0FWBVJCMR, B0G12YMLHL, B0FDPKW8BG, B0FC68P44B, B0G12YST67, B0FCBZGP1L, B0FCC4BP82, B0G1969B2B, B0FVDW7V93, B0FC6K4248, B0FDQRLYC4, B0G1313Z6F, B0FCBX9B19, B0FDQQHQX6, B0G2L694YH]",amzn1.campaign.12PLZIB0G049I,Gratitude & Love: Healing Crochet Gifts for Moms & Family&colleague,Vkeyinf,2026-04-08,2027-04-07,21.14%,5000.0,5000.0,24,800,false
"[B0FY2NRQM5, B0FH6TC28V, B0G19F6358, B0FC6M95GY, B0FCBZRTG6, B0FC6BNY7X, B0FY5MRC8J, B0G1YJFHDJ, B0FH6RWL3X, B0FYF7ZLCV, B0FY5WR3ZH, B0FY1HDRW7, B0FCC34C1M, B0G11PQTHS, B0FDW26Y8F, B0G19FHPGJ, B0FKLZDQJS, B0G1YD51M2, B0FY2N9BNL, B0G1B3B6MY, B0GM47HKWZ, B0FCBY8VY3, B0FWBVJCMR, B0G12YMLHL, B0FDPKW8BG, B0FC68P44B, B0G12YST67, B0FCBZGP1L, B0FCC4BP82, B0G1969B2B, B0FVDW7V93, B0FC6K4248, B0FDQRLYC4, B0G1313Z6F, B0FCBX9B19, B0FDQQHQX6, B0G2L694YH]",amzn1.campaign.2VGCWWS1TOVKV,Gratitude & Love: Healing Crochet Gifts for Moms & Family&colleague,Vkeyinf,2026-04-08,2027-04-07,21.13%,5000.0,5000.0,27,800,false
"[B0FY2NRQM5, B0FH6TC28V, B0G19F6358, B0FC6M95GY, B0FCBZRTG6, B0FC6BNY7X, B0FY5MRC8J, B0G1YJFHDJ, B0FH6RWL3X, B0FYF7ZLCV, B0FY5WR3ZH, B0FY1HDRW7, B0FCC34C1M, B0G11PQTHS, B0FDW26Y8F, B0G19FHPGJ, B0FKLZDQJS, B0G1YD51M2, B0FY2N9BNL, B0G1B3B6MY, B0GM47HKWZ, B0FCBY8VY3, B0FWBVJCMR, B0G12YMLHL, B0FDPKW8BG, B0FC68P44B, B0G12YST67, B0FCBZGP1L, B0FCC4BP82, B0G1969B2B, B0FVDW7V93, B0FC6K4248, B0FDQRLYC4, B0G1313Z6F, B0FCBX9B19, B0FDQQHQX6, B0G2L694YH]",amzn1.campaign.3B5JZ2ZX41B4E,Gratitude & Love: Healing Crochet Gifts for Moms & Family&colleague,Vkeyinf,2026-04-08,2027-04-07,21.12%,5000.0,5000.0,28,800,false
"[B0DJX34MLZ, B0DJX3N5Z7]",amzn1.campaign.38KRB4B6A25I8,HMTM 50 counts Disposable Face Towels Washcloth For Makeup Removal & Cleansing,HMTM,2026-04-08,2026-12-31,22.00%,100000.0,99963.05,0,800,false
"[B0DQX6QBWB, B0DQCBHWR8]",amzn1.campaign.2COWT0PF2HEMS,Earn 30% Commission + 20% Off Flash Cards for Toddlers – Fun & Educational!,Hadley Designs,2026-04-08,2026-10-08,30.00%,50000.0,50000.0,0,800,false
"[B0B8BWZ6J7, B0B8BGRVY9, B0B8C3Y6JG, B0B8BZJJ2S, B0B8BNLHGP, B0CH32X8XP, B0B8BW239D, B0CH2Y4MYD, B0CH2YNQRQ]",amzn1.campaign.2U5DDAIJJKS8I,Earn 30% Commission + 20% Off Potty Training Chart – Make Potty Training Fun!,Hadley Designs,2026-04-08,2026-10-08,30.00%,50000.0,49967.24,0,800,false
"[B0CZML2J2R, B0CZMGFSPS]",amzn1.campaign.105VRHQ2RFJTQ,Earn 30% Commission + 20% Off Phonics & Vowels Poster – Boost Early Learning!,Hadley Designs,2026-04-08,2026-10-08,30.00%,50000.0,49994.9,0,800,false
[B0DZHP37K3],amzn1.campaign.POULRGS4GD66,D10,Linssy,2026-04-08,2027-04-08,10.00%,5000.0,4995.8,20,800,false
[B0FJ4QDLLY],amzn1.campaign.101096I2WQ1XO,"Yekavo 20"" 90% Real Hair Mannequin Head with Tripod Stand Cosmetology  Doll Head",Yekavo,2026-04-17,2027-01-01,10.00%,5000.0,5000.0,0,800,false
"[B0DM2P1XBL, B09W61Z2C9, B0CVQHQWVD, B0BCV3W9BS, B09W64NBJP, B09W644NSM]",amzn1.campaign.37BEZYVX1VLVE,Earn 30% Commission + 20% Off Parts of Speech Poster – Enhance Grammar Learning!,Hadley Designs,2026-04-08,2026-10-08,30.00%,50000.0,49983.72,3,800,false
[B0FJ4QDLLY],amzn1.campaign.1PHLR6SFSHBH,"Yekavo 20"" 90% Real Hair Mannequin Head with Tripod Stand Cosmetology  Doll Head",Yekavo,2026-04-18,2027-01-01,10.00%,5000.0,5000.0,3,800,false
[B0FJ4QDLLY],amzn1.campaign.2F6BFGEZ1S3VF,"Yekavo 20"" 90% Real Hair Mannequin Head with Tripod Stand Cosmetology  Doll Head",Yekavo,2026-04-16,2027-01-01,10.00%,5000.0,5000.0,9,800,false
[B0FJ4QDLLY],amzn1.campaign.2J0GGM472SZMD,"Yekavo 20"" 90% Real Hair Mannequin Head with Tripod Stand Cosmetology  Doll Head",Yekavo,2026-04-15,2027-01-01,10.00%,5000.0,5000.0,9,800,false
[B0FJ4QDLLY],amzn1.campaign.X7U7N2PC2E9F,"Yekavo 20"" 90% Real Hair Mannequin Head with Tripod Stand Cosmetology  Doll Head",Yekavo,2026-04-14,2027-01-01,10.00%,5000.0,5000.0,17,800,false
[B0FJ4QDLLY],amzn1.campaign.1F1RK9L21JCMO,"Yekavo 20"" 90% Real Hair Mannequin Head with Tripod Stand Cosmetology  Doll Head",Yekavo,2026-04-13,2027-01-01,10.00%,5000.0,5000.0,12,800,false
[B0FJ4QDLLY],amzn1.campaign.33LRNUBU03LNK,"Yekavo 20"" 90% Real Hair Mannequin Head with Tripod Stand Cosmetology  Doll Head",Yekavo,2026-04-12,2027-01-01,10.00%,5000.0,5000.0,7,800,false
[B0FJ4QDLLY],amzn1.campaign.1T829CBADBS0F,"Yekavo 20"" 90% Real Hair Mannequin Head with Tripod Stand Cosmetology  Doll Head",Yekavo,2026-04-11,2027-01-01,10.00%,5000.0,5000.0,11,800,false
[B0FJ4QDLLY],amzn1.campaign.11JV1SPHFKGUT,"Yekavo 20"" 90% Real Hair Mannequin Head with Tripod Stand Cosmetology  Doll Head",Yekavo,2026-04-10,2027-01-01,10.00%,5000.0,5000.0,12,800,false
[B0FJ4QDLLY],amzn1.campaign.2HA8JLL4DZ9WS,"Yekavo 20"" 90% Real Hair Mannequin Head with Tripod Stand Cosmetology  Doll Head",Yekavo,2026-04-09,2027-01-01,10.00%,5000.0,5000.0,14,800,false
"[B0DBRK99ZM, B0DBRMD612, B0DBRG9K4Y, B0BTWGYKPM, B0BTWHPYRK, B0DBRJWXW7, B0DBRJP7HF, B0BTWJ9Q37]",amzn1.campaign.2AAIWQZILG63E,Earn 30% Commission + 20% Off Incentive Chart – Reward Positive Behavior in Kids,Hadley Designs,2026-04-08,2026-10-08,30.00%,50000.0,49991.09,0,800,false
[B0FJ4QDLLY],amzn1.campaign.3JDVIAIRPNNXE,"Yekavo 20"" 90% Real Hair Mannequin Head with Tripod Stand Cosmetology  Doll Head",Yekavo,2026-04-08,2027-01-01,10.00%,5000.0,5000.0,14,800,false
[B0GRXZGMBC],amzn1.campaign.3AE42I5HVHRU0,Home-Aesthetic Modular Glass Food Warming Tray (3-Panel),Nest Ess,2026-04-08,2026-12-31,10.00%,5000.0,4721.44,0,800,false
[B0GC5ZWZQT],amzn1.campaign.1037SCANYYH4K,B0GC5ZWZQT  Electric Razor for Men 8011 Series,EvznFeo,2026-04-08,2026-09-30,10.00%,5000.0,4993.7,0,800,false
"[B0DVH4TKPF, B0DVH3YSB3, B0DVH3MFPS, B0DVH5DXGD, B0DVH33HT4]",amzn1.campaign.T5ROBFVPNXN4,Earn 30% Commission + 20% Off Hourly Appointment Planner – Stay Organized!,Hadley Designs,2026-04-08,2026-10-08,30.00%,50000.0,50000.0,0,800,false
"[B0G4VQJ6S6, B0G4VNMNLB, B0G4VN6VGV, B0G4VQYB4T, B0G4VPPM5Q, B0G4VRFTS5, B0G4VRTQ5L]",amzn1.campaign.3FVR5KPUIMQP8,ANPUNAT 18pcs Paisley Bandanas,ANPUNAT,2026-04-08,2027-04-08,10.00%,5000.0,4979.8,0,800,false
"[B0GQGRGFF1, B0GQGLRTSL, B0GQ3FQYHV, B0GQGFVGZC, B0GQ3GWFNJ, B0GQ3JGPFB]",amzn1.campaign.3U35N4HAITSUG,OPD006-10% Binder with Clipboard,Ospelelf,2026-04-08,2026-12-31,10.00%,5000.0,4251.45,1,800,false
[B0GK7GP4JF],amzn1.campaign.3KZ4CE3LCPQQZ,🔈😊15% for magnetic 3-in-1 charging stand,Eddibox,2026-04-08,2027-03-31,15.00%,5000.0,4801.6,0,800,false
"[B0GDFPHZ2V, B0GDFSXXRY, B0GDF8RX1J, B0GDFPG76N]",amzn1.campaign.2GTKPNWNBY5IV,Golf Club Covers+12%,Faazy,2026-04-08,2026-12-31,12.00%,5000.0,4998.18,5,800,false
[B0DPHQPSBM],amzn1.campaign.ODBTAA6XBUN3,Earn 30% Commission + 20% Off ABC Tracing Book – Fun Learning for Kids!,Hadley Designs,2026-04-08,2026-10-08,30.00%,50000.0,50000.0,0,800,false
"[B0GCZTWX2S, B0GCMVFSF4, B0GCZNTPX4, B0GCM3X2GL, B0GCMFFGFG]",amzn1.campaign.TQPPXJU60DMP,🔥Bestseller!!🔥Fashion Bayonetta Glasses Office Siren Glasses🔥🔥🔥 ABL1118,SODQW,2026-04-09,2027-04-01,10.00%,999999.0,999999.0,25,800,false
"[B0DVHSQ7CF, B0DVJ53JZ9, B0DVHZJKVL]",amzn1.campaign.35U2DUIECH053,Earn 30% Commission + 20% Off Greeting Cards for All Occasions – Perfect for You,Hadley Designs,2026-04-08,2026-10-08,30.00%,50000.0,50000.0,1,800,false
"[B0G7SGHLPG, B0G7WCY46F, B0G7S99925, B0G7H3126X]",amzn1.campaign.2CMCQ9RNWQ69J,I220创作者,PODOEIL,2026-04-08,2027-04-08,10.00%,5000.0,4996.0,16,800,false
"[B0G2BL9YZB, B0GFHWGN75, B0GFHW6B34, B0G2BP4V6G, B0G2BJGQJZ, B0GFHRZNVH, B0G2BKN576, B0G2BLMJJG, B0G2BM36RY, B0GFJQ6Z3W, B0GFJSHB7R, B0GFJ1FDTL]",amzn1.campaign.1GN81JCK2SGE1,"🔥🔥🔥DreamCalf SG2230 Cat Eye Shades | Trendy Silhouette, UV Full Protection",DreamCalf,2026-04-10,2027-04-01,10.00%,50000.0,49998.4,0,800,false
"[B0G2BL9YZB, B0GFHWGN75, B0GFHW6B34, B0G2BP4V6G, B0G2BJGQJZ, B0GFHRZNVH, B0G2BKN576, B0G2BLMJJG, B0G2BM36RY, B0GFJQ6Z3W, B0GFJSHB7R, B0GFJ1FDTL]",amzn1.campaign.38GHJHV8SXTHR,"🔥🔥🔥DreamCalf SG2230 Cat Eye Shades | Trendy Silhouette, UV Full Protection",DreamCalf,2026-04-09,2027-04-01,10.00%,50000.0,50000.0,12,800,false
"[B0G2BL9YZB, B0GFHWGN75, B0GFHW6B34, B0G2BP4V6G, B0G2BJGQJZ, B0GFHRZNVH, B0G2BKN576, B0G2BLMJJG, B0G2BM36RY, B0GFJQ6Z3W, B0GFJSHB7R, B0GFJ1FDTL]",amzn1.campaign.1IE3ND6WZCMGH,"🔥🔥🔥DreamCalf SG2230 Cat Eye Shades | Trendy Silhouette, UV Full Protection",DreamCalf,2026-04-08,2027-04-01,10.00%,50000.0,49998.4,7,800,false
"[B0G58MYYS4, B0G58SQ73W, B0G58R5SS2]",amzn1.campaign.1S3WTO98PARCJ,"P66-Hot smart watch,over 2000 units sold per month,10% Back!",Mindimp,2026-04-08,2027-04-08,10.00%,50000.0,49903.4,0,800,false
"[B0GS1D264B, B0GRZVPF4Y]",amzn1.campaign.2193V7CUFNGAD,Delxo Trash Bags (33gal 1.0 & 1.2 mil),Delxo,2026-04-08,2026-12-31,10.00%,5000.0,4957.15,0,800,false
[B0DR89JBR4],amzn1.campaign.2KV1UTGYNQQQ1,“INSETLAN Everyday Style Glassware – Sip Your Story”（B0DR89JBR4）,INSETLAN,2026-04-08,2026-10-31,10.00%,5000.0,4953.9,6,800,false
[B0GLGQ658Z],amzn1.campaign.3KCAIGMWA1XEH,Binoculars for Adults,Wolfbird,2026-04-08,2026-12-31,10.00%,10000.0,9931.35,0,800,false
"[B0CS6JB6YP, B0CS6MFXXP, B0CS6LMM45, B0CS6HXBW7, B0CS6MBFBG, B0CSD3PK49, B0CS6L9MLB, B0CS6L9MSD]",amzn1.campaign.36D3KM8KEM0A7,Personalized Canvas Vintage Street Sign,WNNNS,2026-04-08,2027-04-08,15.00%,10000.0,10000.0,4,800,false
"[B0G3WG4NY3, B0G3WLV6YN, B0G3WGVKH6]",amzn1.campaign.3JYC2F93KFRIV,✨ 20% Commission Floating Shelves with Raised Lip 16 Inch Estantes flotantes,MODCRAFT,2026-04-08,2027-01-29,20.00%,5000.0,5000.0,11,800,false
"[B0DGT1DG9H, B0DGT2KBBZ, B0DGT3RBSG, B0DGT187KJ]",amzn1.campaign.22WXKLABA630X,Earn 30% Commission + 20% Off Folded Birthday Cards – Celebrate in Style!,Hadley Designs,2026-04-08,2026-10-08,30.00%,50000.0,50000.0,0,800,false
"[B0G3WJZMDK, B0G3WM4F7F, B0G3WN1MG9, B0G3WNZXGK, B0G3WHBJ1S, B0G3WPH6M4, B0G3WKYD22, B0G3WLSN58, B0G3WPBQXD]",amzn1.campaign.35KXHDU53VX1G,⭐ 20% Commission Picture Ledge Floating Shelves 16 24 36 Inch Estantes flotantes,MODCRAFT,2026-04-08,2027-01-29,20.00%,5000.0,5000.0,0,800,false
"[B0GL1GWCJ3, B0GL1BG1Y4]",amzn1.campaign.3GBXL0EPDBHF6,3支装镜前灯,Psylumina,2026-04-08,2027-03-31,10.00%,5000.0,4939.23,5,800,false
"[B0G3W8NWWV, B0G3W6PBMS, B0G3W9X19L]",amzn1.campaign.RC7D3CJ1FU97,🔥 20% Commission Modern Floating Shelves 24 Inch Estantes flotantes,MODCRAFT,2026-04-08,2027-02-25,20.00%,5000.0,5000.0,6,800,false
"[B0DX2FW1K8, B0DVMTCQFB, B0DVMV2C2X, B0DVN29Z4D, B0DX2H1HXV]",amzn1.campaign.265N5QYK5SPXK,Earn 30% Commission + 20% Off Flip Desk Calendar – Stay Organized in 2026!,Hadley Designs,2026-04-08,2026-10-08,30.00%,50000.0,50000.0,2,800,false
"[B0G2LQQJP4, B0G3W3DY15, B0G3W8Q7GH, B0G3WC757V, B0G3WBRYKH, B0G3W8PBX3, B0G3W3DWWR, B0G3W86FXT]",amzn1.campaign.Y91CSK6L5PK8,💥 20% Commission Modern Floating Shelves 12 Inch Estantes flotantes,MODCRAFT,2026-04-08,2027-01-29,20.00%,5000.0,4991.97,3,800,false
"[B0GBWYGQRK, B0GBWRY8VJ, B0GCF7R2SR, B0GBX9DH1F, B0GBW9RGCX, B0GBWDVZ7H, B0GBWV3H91, B0GBX4WQNZ, B0GBX1QKLW, B0GBWV3H8J, B0GBWLPM1Z, B0GBWM8Y6P, B0GBW8F8QX, B0GBWMTPVL, B0GBX8MYNB]",amzn1.campaign.KL0UNAL5TQVJ,🎁 Bogg Bag Accessories | Hooks & Charms Must-Have 💎,FENNIDICE,2026-04-06,2027-04-05,15.99%,5000.0,5000.0,30,800,false
"[B0GBWYGQRK, B0GBWRY8VJ, B0GCF7R2SR, B0GBX9DH1F, B0GBW9RGCX, B0GBWDVZ7H, B0GBWV3H91, B0GBX4WQNZ, B0GBX1QKLW, B0GBWV3H8J, B0GBWLPM1Z, B0GBWM8Y6P, B0GBW8F8QX, B0GBWMTPVL, B0GBX8MYNB]",amzn1.campaign.QQQFPT4MJJF3,🎁 Bogg Bag Accessories | Hooks & Charms Must-Have 💎,FENNIDICE,2026-04-06,2027-04-05,15.98%,5000.0,5000.0,30,800,false
"[B0GCRM6K8K, B0DNCC4188, B0GCS4DXJ8, B0GCRGT9WN, B0D382Z78H]",amzn1.campaign.1OHNWFT53S93X,Your Cat Thinks This Is the Best Toy You’ve Ever Bought,Repounce,2026-04-19,2027-04-19,20.00%,290000.0,289965.8,0,800,false
"[B0GBWYGQRK, B0GBWRY8VJ, B0GCF7R2SR, B0GBX9DH1F, B0GBW9RGCX, B0GBWDVZ7H, B0GBWV3H91, B0GBX4WQNZ, B0GBX1QKLW, B0GBWV3H8J, B0GBWLPM1Z, B0GBWM8Y6P, B0GBW8F8QX, B0GBWMTPVL, B0GBX8MYNB]",amzn1.campaign.209NJDHNTVMLI,🎁 Bogg Bag Accessories | Hooks & Charms Must-Have 💎,FENNIDICE,2026-04-06,2027-04-05,15.97%,5000.0,5000.0,28,800,false
"[B0GBWYGQRK, B0GBWRY8VJ, B0GCF7R2SR, B0GBX9DH1F, B0GBW9RGCX, B0GBWDVZ7H, B0GBWV3H91, B0GBX4WQNZ, B0GBX1QKLW, B0GBWV3H8J, B0GBWLPM1Z, B0GBWM8Y6P, B0GBW8F8QX, B0GBWMTPVL, B0GBX8MYNB]",amzn1.campaign.EWFW8UXF9C53,🎁 Bogg Bag Accessories | Hooks & Charms Must-Have 💎,FENNIDICE,2026-04-06,2027-04-05,15.96%,5000.0,5000.0,33,800,false
"[B0GBWYGQRK, B0GBWRY8VJ, B0GCF7R2SR, B0GBX9DH1F, B0GBW9RGCX, B0GBWDVZ7H, B0GBWV3H91, B0GBX4WQNZ, B0GBX1QKLW, B0GBWV3H8J, B0GBWLPM1Z, B0GBWM8Y6P, B0GBW8F8QX, B0GBWMTPVL, B0GBX8MYNB]",amzn1.campaign.6OCS7J328A98,🎁 Bogg Bag Accessories | Hooks & Charms Must-Have 💎,FENNIDICE,2026-04-06,2027-04-05,15.95%,5000.0,5000.0,33,800,false
"[B0GCRM6K8K, B0DNCC4188, B0GCS4DXJ8, B0GCRGT9WN, B0D382Z78H]",amzn1.campaign.EPLK5PWPLWGY,We Tried Every Cat Wand. None of Them Lasted. So We Fixed It.,Repounce,2026-04-17,2027-04-17,20.00%,291000.0,290893.05,0,800,false
"[B0GBWYGQRK, B0GBWRY8VJ, B0GCF7R2SR, B0GBX9DH1F, B0GBW9RGCX, B0GBWDVZ7H, B0GBWV3H91, B0GBX4WQNZ, B0GBX1QKLW, B0GBWV3H8J, B0GBWLPM1Z, B0GBWM8Y6P, B0GBW8F8QX, B0GBWMTPVL, B0GBX8MYNB]",amzn1.campaign.227Y94DW9VO86,🎁 Bogg Bag Accessories | Hooks & Charms Must-Have 💎,FENNIDICE,2026-04-06,2027-04-05,15.94%,5000.0,5000.0,28,800,false
"[B0GBWYGQRK, B0GBWRY8VJ, B0GCF7R2SR, B0GBX9DH1F, B0GBW9RGCX, B0GBWDVZ7H, B0GBWV3H91, B0GBX4WQNZ, B0GBX1QKLW, B0GBWV3H8J, B0GBWLPM1Z, B0GBWM8Y6P, B0GBW8F8QX, B0GBWMTPVL, B0GBX8MYNB]",amzn1.campaign.31FT5S0O3PO3A,🎁 Bogg Bag Accessories | Hooks & Charms Must-Have 💎,FENNIDICE,2026-04-06,2027-04-05,15.93%,5000.0,5000.0,32,800,false
"[B0DLNSK16P, B0DS81S6K7, B0DS88BNCN, B0DS88C84X, B0FXM86XXL, B0B422WSKP, B0DS85X8C6, B0FXM7ZQTT, B0DFP7RTQC, B0DLNVZKSC, B0B42316VH, B0FXM9ZF1M, B0DLNWBJRV]",amzn1.campaign.UYE9SWREFP98,Wall Mount Paper Towel Dispenser - anydry,anydry,2026-04-08,2026-09-30,12.00%,5000.0,4811.73,4,800,false
[B0FS1QCC2H],amzn1.campaign.19P7GSJPMOXF7,OTVOC DGBook Promotion,OTVOC,2026-04-08,2026-12-31,10.00%,5000.0,4446.0,0,800,false
"[B0GCRM6K8K, B0DNCC4188, B0GCS4DXJ8, B0GCRGT9WN, B0D382Z78H]",amzn1.campaign.3JTR6GL18KZ78,The One Cat Toy People Actually End Up Recommending,Repounce,2026-04-16,2027-04-16,20.00%,293000.0,292993.0,0,800,false
"[B0GBWYGQRK, B0GBWRY8VJ, B0GCF7R2SR, B0GBX9DH1F, B0GBW9RGCX, B0GBWDVZ7H, B0GBWV3H91, B0GBX4WQNZ, B0GBX1QKLW, B0GBWV3H8J, B0GBWLPM1Z, B0GBWM8Y6P, B0GBW8F8QX, B0GBWMTPVL, B0GBX8MYNB]",amzn1.campaign.1XJTF8B92MKS2,🎁 Bogg Bag Accessories | Hooks & Charms Must-Have 💎,FENNIDICE,2026-04-06,2027-04-05,15.92%,5000.0,5000.0,29,800,false
"[B0FNMRKJC8, B0FNMT2R1B]",amzn1.campaign.28BU5J3P9SBQ1,足球垫,LOLDREAM,2026-04-08,2026-10-17,10.00%,5000.0,5000.0,35,800,false
[B0F23R15QV],amzn1.campaign.G0X5UTXDRHKD,LOLDREAM Air Fryer Magnets 10%,LOLDREAM,2026-04-08,2026-11-21,10.00%,5000.0,5000.0,31,800,false
"[B0GBWYGQRK, B0GBWRY8VJ, B0GCF7R2SR, B0GBX9DH1F, B0GBW9RGCX, B0GBWDVZ7H, B0GBWV3H91, B0GBX4WQNZ, B0GBX1QKLW, B0GBWV3H8J, B0GBWLPM1Z, B0GBWM8Y6P, B0GBW8F8QX, B0GBWMTPVL, B0GBX8MYNB]",amzn1.campaign.22T47HROAL5LP,🎁 Bogg Bag Accessories | Hooks & Charms Must-Have 💎,FENNIDICE,2026-04-06,2027-04-05,15.91%,5000.0,5000.0,30,800,false
"[B0GCRM6K8K, B0DNCC4188, B0GCS4DXJ8, B0GCRGT9WN, B0D382Z78H]",amzn1.campaign.16Y5QDC043XSP,"A Cat Wand Designed to Last, Not to Be Replaced",Repounce,2026-04-15,2027-04-15,20.00%,296000.0,296000.0,0,800,false
"[B0GBWYGQRK, B0GBWRY8VJ, B0GCF7R2SR, B0GBX9DH1F, B0GBW9RGCX, B0GBWDVZ7H, B0GBWV3H91, B0GBX4WQNZ, B0GBX1QKLW, B0GBWV3H8J, B0GBWLPM1Z, B0GBWM8Y6P, B0GBW8F8QX, B0GBWMTPVL, B0GBX8MYNB]",amzn1.campaign.2U0V4DCHQ0LR7,🎁 Bogg Bag Accessories | Hooks & Charms Must-Have 💎,FENNIDICE,2026-04-06,2027-04-05,15.90%,5000.0,5000.0,32,800,false
"[B0GHNJ5Z19, B0GHNHRMR6, B0GHNRG992, B0GHNCHT73, B0GHNC56KY, B0GHN7D7LR, B0GHNGX5M1, B0GHNNRMTW, B0GHNFNM3M, B0GHNGNBC2, B0GHN7Q5VC, B0GHNJCTWX, B0GHNKLM22, B0GHNBKHN8, B0GHNJX5KS, B0GHNK9Y57, B0GHN7JH58, B0GHN44LZ1, B0GHNVWL39, B0GHNPPK5D, B0GHNMW99Y, B0GHNTGRCW, B0GHNFNXF2, B0GHNJP13N, B0GHN7GW4V, B0GHNJ2D7G, B0GHNPNK8V, B0GHN6RXFN, B0GHNLRS5X, B0GHNBXLJ7, B0GHNJQWS3, B0GHNFG26V]",amzn1.campaign.1A91VJNKMO3DP,Better Products = Better Commissions,Luckstar,2026-04-11,2027-04-09,12.00%,20000.0,20000.0,3,800,false
"[B0GBWYGQRK, B0GBWRY8VJ, B0GCF7R2SR, B0GBX9DH1F, B0GBW9RGCX, B0GBWDVZ7H, B0GBWV3H91, B0GBX4WQNZ, B0GBX1QKLW, B0GBWV3H8J, B0GBWLPM1Z, B0GBWM8Y6P, B0GBW8F8QX, B0GBWMTPVL, B0GBX8MYNB]",amzn1.campaign.2HKTNFDKCFD38,🎁 Bogg Bag Accessories | Hooks & Charms Must-Have 💎,FENNIDICE,2026-04-06,2027-04-05,15.89%,5000.0,5000.0,32,800,false
"[B0GHNJ5Z19, B0GHNHRMR6, B0GHNRG992, B0GHNCHT73, B0GHNC56KY, B0GHN7D7LR, B0GHNGX5M1, B0GHNNRMTW, B0GHNFNM3M, B0GHNGNBC2, B0GHN7Q5VC, B0GHNJCTWX, B0GHNKLM22, B0GHNBKHN8, B0GHNJX5KS, B0GHNK9Y57, B0GHN7JH58, B0GHN44LZ1, B0GHNVWL39, B0GHNPPK5D, B0GHNMW99Y, B0GHNTGRCW, B0GHNFNXF2, B0GHNJP13N, B0GHN7GW4V, B0GHNJ2D7G, B0GHNPNK8V, B0GHN6RXFN, B0GHNLRS5X, B0GHNBXLJ7, B0GHNJQWS3, B0GHNFG26V]",amzn1.campaign.Q77SDYBZ93L7,Turn Your Skills Into Extra Income,Luckstar,2026-04-11,2027-04-08,10.00%,10000.0,10000.0,15,800,false
"[B0GCRM6K8K, B0DNCC4188, B0GCS4DXJ8, B0GCRGT9WN, B0D382Z78H]",amzn1.campaign.39XV4E2TU2B6V,This Cat Toy Actually Made My Cat Go Crazy,Repounce,2026-04-14,2027-04-14,20.00%,299000.0,298977.0,0,800,false
"[B0GBWYGQRK, B0GBWRY8VJ, B0GCF7R2SR, B0GBX9DH1F, B0GBW9RGCX, B0GBWDVZ7H, B0GBWV3H91, B0GBX4WQNZ, B0GBX1QKLW, B0GBWV3H8J, B0GBWLPM1Z, B0GBWM8Y6P, B0GBW8F8QX, B0GBWMTPVL, B0GBX8MYNB]",amzn1.campaign.NUWK7UP2SW7E,🎁 Bogg Bag Accessories | Hooks & Charms Must-Have 💎,FENNIDICE,2026-04-06,2027-04-05,15.88%,5000.0,5000.0,38,800,false
"[B0GHNJ5Z19, B0GHNHRMR6, B0GHNRG992, B0GHNCHT73, B0GHNC56KY, B0GHN7D7LR, B0GHNGX5M1, B0GHNNRMTW, B0GHNFNM3M, B0GHNGNBC2, B0GHN7Q5VC, B0GHNJCTWX, B0GHNKLM22, B0GHNBKHN8, B0GHNJX5KS, B0GHNK9Y57, B0GHN7JH58, B0GHN44LZ1, B0GHNVWL39, B0GHNPPK5D, B0GHNMW99Y, B0GHNTGRCW, B0GHNFNXF2, B0GHNJP13N, B0GHN7GW4V, B0GHNJ2D7G, B0GHNPNK8V, B0GHN6RXFN, B0GHNLRS5X, B0GHNBXLJ7, B0GHNJQWS3, B0GHNFG26V]",amzn1.campaign.1TRUIEQXNH1LQ,Already Posting Hair Content? Start Earning,Luckstar,2026-04-10,2027-04-08,11.00%,20000.0,20000.0,4,800,false
"[B0GBWYGQRK, B0GBWRY8VJ, B0GCF7R2SR, B0GBX9DH1F, B0GBW9RGCX, B0GBWDVZ7H, B0GBWV3H91, B0GBX4WQNZ, B0GBX1QKLW, B0GBWV3H8J, B0GBWLPM1Z, B0GBWM8Y6P, B0GBW8F8QX, B0GBWMTPVL, B0GBX8MYNB]",amzn1.campaign.1WZCMWYAZWLTL,🎁 Bogg Bag Accessories | Hooks & Charms Must-Have 💎,FENNIDICE,2026-04-06,2027-04-05,15.87%,5000.0,5000.0,32,800,false
"[B0DWZ2BRKX, B0DT6838DB, B0DT6HBPDQ, B0DWZBHZB2, B0DT6957S3, B0DT6CFR1M, B0DT6DJ8M6, B0DWZD6SWX, B0DT65GH1B, B0DT6BKHCP]",amzn1.campaign.YH2U9IG7PFM9,Earn 30% Commission + 20% Off Desk Calendar – Stay Organized in 2026!,Hadley Designs,2026-04-08,2026-10-08,30.00%,50000.0,49982.3,0,800,false
[B0GLMCJKWR],amzn1.campaign.2I2ZJOAW21K1Y,smart801-10%,ANKRA,2026-04-08,2027-04-08,10.00%,5000.0,5000.0,17,800,false
"[B0GCRM6K8K, B0DNCC4188, B0GCS4DXJ8, B0GCRGT9WN, B0D382Z78H]",amzn1.campaign.1U1L73CWPWQFS,Stop Buying Cat Wands That Break After a Week,Repounce,2026-04-13,2027-04-13,20.00%,285000.0,285000.0,0,800,false
"[B0GBWYGQRK, B0GBWRY8VJ, B0GCF7R2SR, B0GBX9DH1F, B0GBW9RGCX, B0GBWDVZ7H, B0GBWV3H91, B0GBX4WQNZ, B0GBX1QKLW, B0GBWV3H8J, B0GBWLPM1Z, B0GBWM8Y6P, B0GBW8F8QX, B0GBWMTPVL, B0GBX8MYNB]",amzn1.campaign.XTD1WY2KXI1A,🎁 Bogg Bag Accessories | Hooks & Charms Must-Have 💎,FENNIDICE,2026-04-06,2027-04-05,15.86%,5000.0,5000.0,35,800,false
"[B0GHNJ5Z19, B0GHNHRMR6, B0GHNRG992, B0GHNCHT73, B0GHNC56KY, B0GHN7D7LR, B0GHNGX5M1, B0GHNNRMTW, B0GHNFNM3M, B0GHNGNBC2, B0GHN7Q5VC, B0GHNJCTWX, B0GHNKLM22, B0GHNBKHN8, B0GHNJX5KS, B0GHNK9Y57, B0GHN7JH58, B0GHN44LZ1, B0GHNVWL39, B0GHNPPK5D, B0GHNMW99Y, B0GHNTGRCW, B0GHNFNXF2, B0GHNJP13N, B0GHN7GW4V, B0GHNJ2D7G, B0GHNPNK8V, B0GHN6RXFN, B0GHNLRS5X, B0GHNBXLJ7, B0GHNJQWS3, B0GHNFG26V]",amzn1.campaign.1J0HCNRKJY4LA,Make Your Content Feel Premium,Luckstar,2026-04-11,2027-04-07,10.00%,10000.0,10000.0,8,800,false
"[B0GBWYGQRK, B0GBWRY8VJ, B0GCF7R2SR, B0GBX9DH1F, B0GBW9RGCX, B0GBWDVZ7H, B0GBWV3H91, B0GBX4WQNZ, B0GBX1QKLW, B0GBWV3H8J, B0GBWLPM1Z, B0GBWM8Y6P, B0GBW8F8QX, B0GBWMTPVL, B0GBX8MYNB]",amzn1.campaign.200LR3QK5VXS5,🎁 Bogg Bag Accessories | Hooks & Charms Must-Have 💎,FENNIDICE,2026-04-06,2027-04-05,15.85%,5000.0,5000.0,31,800,false
"[B0GHNJ5Z19, B0GHNHRMR6, B0GHNRG992, B0GHNCHT73, B0GHNC56KY, B0GHN7D7LR, B0GHNGX5M1, B0GHNNRMTW, B0GHNFNM3M, B0GHNGNBC2, B0GHN7Q5VC, B0GHNJCTWX, B0GHNKLM22, B0GHNBKHN8, B0GHNJX5KS, B0GHNK9Y57, B0GHN7JH58, B0GHN44LZ1, B0GHNVWL39, B0GHNPPK5D, B0GHNMW99Y, B0GHNTGRCW, B0GHNFNXF2, B0GHNJP13N, B0GHN7GW4V, B0GHNJ2D7G, B0GHNPNK8V, B0GHN6RXFN, B0GHNLRS5X, B0GHNBXLJ7, B0GHNJQWS3, B0GHNFG26V]",amzn1.campaign.2MTG94L1LWGGB,"Less Effort, Better Earnings",Luckstar,2026-04-10,2027-04-07,11.00%,10000.0,10000.0,5,800,false
"[B0DHKQL8LT, B0F23TZCM4, B0F23SF1H3, B0CLGT9W4H, B0CLGNQK9J, B0DHKRM5R9]",amzn1.campaign.L508XSHZF3MV,Stainless Steel Soap Dispenser - anydry,anydry,2026-04-08,2026-09-30,15.00%,5000.0,4951.58,7,800,false
"[B0C7R1RBCQ, B0FGCXTLKT, B0C7R1474G, B0C7R1WPQP, B0C7R1WPRV]",amzn1.campaign.1F8HX7EKYG9Z6,Personalized Name Plate for Desk,WNNNS,2026-04-08,2027-04-08,10.00%,10000.0,10000.0,11,800,false
"[B0GBWYGQRK, B0GBWRY8VJ, B0GCF7R2SR, B0GBX9DH1F, B0GBW9RGCX, B0GBWDVZ7H, B0GBWV3H91, B0GBX4WQNZ, B0GBX1QKLW, B0GBWV3H8J, B0GBWLPM1Z, B0GBWM8Y6P, B0GBW8F8QX, B0GBWMTPVL, B0GBX8MYNB]",amzn1.campaign.23N4BI4S3OBZ2,🎁 Bogg Bag Accessories | Hooks & Charms Must-Have 💎,FENNIDICE,2026-04-06,2027-04-05,15.84%,5000.0,5000.0,32,800,false
"[B0GHNJ5Z19, B0GHNHRMR6, B0GHNRG992, B0GHNCHT73, B0GHNC56KY, B0GHN7D7LR, B0GHNGX5M1, B0GHNNRMTW, B0GHNFNM3M, B0GHNGNBC2, B0GHN7Q5VC, B0GHNJCTWX, B0GHNKLM22, B0GHNBKHN8, B0GHNJX5KS, B0GHNK9Y57, B0GHN7JH58, B0GHN44LZ1, B0GHNVWL39, B0GHNPPK5D, B0GHNMW99Y, B0GHNTGRCW, B0GHNFNXF2, B0GHNJP13N, B0GHN7GW4V, B0GHNJ2D7G, B0GHNPNK8V, B0GHN6RXFN, B0GHNLRS5X, B0GHNBXLJ7, B0GHNJQWS3, B0GHNFG26V]",amzn1.campaign.Z5WKCP72ZSZQ,"Serious Creators, Real Results",Luckstar,2026-04-10,2027-04-07,10.00%,10000.0,10000.0,16,800,false
"[B0GBWYGQRK, B0GBWRY8VJ, B0GCF7R2SR, B0GBX9DH1F, B0GBW9RGCX, B0GBWDVZ7H, B0GBWV3H91, B0GBX4WQNZ, B0GBX1QKLW, B0GBWV3H8J, B0GBWLPM1Z, B0GBWM8Y6P, B0GBW8F8QX, B0GBWMTPVL, B0GBX8MYNB]",amzn1.campaign.J5A7TGAB91P2,🎁 Bogg Bag Accessories | Hooks & Charms Must-Have 💎,FENNIDICE,2026-04-06,2027-04-05,15.83%,5000.0,5000.0,36,800,false
"[B0G63FSJM8, B0G63Q8CCZ, B0G63BSMJ1, B0G63NNZSH, B0G63LPNCS, B0FLPVM1H5, B0G63N9828, B0G63JGSNF, B0G63DPT74]",amzn1.campaign.2EVUGNPJ3MQUE,Transform your space - get 20% off now! 25033,GREHOME,2026-04-08,2026-12-31,20.00%,9999.0,9464.15,0,800,false
"[B0GCRM6K8K, B0DNCC4188, B0GCS4DXJ8, B0GCRGT9WN, B0D382Z78H]",amzn1.campaign.W6VJ7DA7AY6M,A Smarter Way to Play With Your Cat Every Day,Repounce,2026-04-12,2027-04-12,20.00%,275000.0,275000.0,0,800,false
"[B0GHNJ5Z19, B0GHNHRMR6, B0GHNRG992, B0GHNCHT73, B0GHNC56KY, B0GHN7D7LR, B0GHNGX5M1, B0GHNNRMTW, B0GHNFNM3M, B0GHNGNBC2, B0GHN7Q5VC, B0GHNJCTWX, B0GHNKLM22, B0GHNBKHN8, B0GHNJX5KS, B0GHNK9Y57, B0GHN7JH58, B0GHN44LZ1, B0GHNVWL39, B0GHNPPK5D, B0GHNMW99Y, B0GHNTGRCW, B0GHNFNXF2, B0GHNJP13N, B0GHN7GW4V, B0GHNJ2D7G, B0GHNPNK8V, B0GHN6RXFN, B0GHNLRS5X, B0GHNBXLJ7, B0GHNJQWS3, B0GHNFG26V]",amzn1.campaign.31XD22RBUBAIH,Promote Something Worth Recommending,Luckstar,2026-04-09,2027-04-07,12.00%,20000.0,20000.0,7,800,false
"[B0GBWYGQRK, B0GBWRY8VJ, B0GCF7R2SR, B0GBX9DH1F, B0GBW9RGCX, B0GBWDVZ7H, B0GBWV3H91, B0GBX4WQNZ, B0GBX1QKLW, B0GBWV3H8J, B0GBWLPM1Z, B0GBWM8Y6P, B0GBW8F8QX, B0GBWMTPVL, B0GBX8MYNB]",amzn1.campaign.3T3WQURGDZDL4,🎁 Bogg Bag Accessories | Hooks & Charms Must-Have 💎,FENNIDICE,2026-04-06,2027-04-05,15.82%,5000.0,5000.0,36,800,false
"[B0G63QKS12, B0G63HD1D5, B0G63M1HJ1, B0G63K4251]",amzn1.campaign.1HYCZOO62NY1I,Transform your space - get 20% off now! 25036,GREHOME,2026-04-08,2026-12-31,20.00%,9999.0,9811.3,0,800,false
[B0FPG63R31],amzn1.campaign.2LE2NDRHFM9AC,sales growth plan for the  X1S Universal Remote ASIN B0FPG63R31,SofaBaton,2026-04-08,2026-09-30,10.00%,6666.0,6589.8,0,800,false
[B0FJLYKNX3],amzn1.campaign.1P7Q4SFFIAYAH,暖菜板-Warming Mat for Food,WOTTISH,2026-04-08,2026-09-30,10.00%,10000.0,9989.5,10,800,false
"[B0GHNJ5Z19, B0GHNHRMR6, B0GHNRG992, B0GHNCHT73, B0GHNC56KY, B0GHN7D7LR, B0GHNGX5M1, B0GHNNRMTW, B0GHNFNM3M, B0GHNGNBC2, B0GHN7Q5VC, B0GHNJCTWX, B0GHNKLM22, B0GHNBKHN8, B0GHNJX5KS, B0GHNK9Y57, B0GHN7JH58, B0GHN44LZ1, B0GHNVWL39, B0GHNPPK5D, B0GHNMW99Y, B0GHNTGRCW, B0GHNFNXF2, B0GHNJP13N, B0GHN7GW4V, B0GHNJ2D7G, B0GHNPNK8V, B0GHN6RXFN, B0GHNLRS5X, B0GHNBXLJ7, B0GHNJQWS3, B0GHNFG26V]",amzn1.campaign.MPWG300C8N3I,Content That Looks Good = Content That Sells,Luckstar,2026-04-09,2027-04-07,11.00%,20000.0,20000.0,15,800,false
"[B0GBWYGQRK, B0GBWRY8VJ, B0GCF7R2SR, B0GBX9DH1F, B0GBW9RGCX, B0GBWDVZ7H, B0GBWV3H91, B0GBX4WQNZ, B0GBX1QKLW, B0GBWV3H8J, B0GBWLPM1Z, B0GBWM8Y6P, B0GBW8F8QX, B0GBWMTPVL, B0GBX8MYNB]",amzn1.campaign.1CHOQE0GP6603,🎁 Bogg Bag Accessories | Hooks & Charms Must-Have 💎,FENNIDICE,2026-04-06,2027-04-05,15.81%,5000.0,5000.0,31,800,false
"[B0GHNJ5Z19, B0GHNHRMR6, B0GHNRG992, B0GHNCHT73, B0GHNC56KY, B0GHN7D7LR, B0GHNGX5M1, B0GHNNRMTW, B0GHNFNM3M, B0GHNGNBC2, B0GHN7Q5VC, B0GHNJCTWX, B0GHNKLM22, B0GHNBKHN8, B0GHNJX5KS, B0GHNK9Y57, B0GHN7JH58, B0GHN44LZ1, B0GHNVWL39, B0GHNPPK5D, B0GHNMW99Y, B0GHNTGRCW, B0GHNFNXF2, B0GHNJP13N, B0GHN7GW4V, B0GHNJ2D7G, B0GHNPNK8V, B0GHN6RXFN, B0GHNLRS5X, B0GHNBXLJ7, B0GHNJQWS3, B0GHNFG26V]",amzn1.campaign.38ICL6EFHMU66,Creators Wanted: Premium Audience Only,Luckstar,2026-04-09,2027-04-08,10.00%,10000.0,10000.0,10,800,false
"[B0GBWYGQRK, B0GBWRY8VJ, B0GCF7R2SR, B0GBX9DH1F, B0GBW9RGCX, B0GBWDVZ7H, B0GBWV3H91, B0GBX4WQNZ, B0GBX1QKLW, B0GBWV3H8J, B0GBWLPM1Z, B0GBWM8Y6P, B0GBW8F8QX, B0GBWMTPVL, B0GBX8MYNB]",amzn1.campaign.2IEFWXGT825XT,🎁 Bogg Bag Accessories | Hooks & Charms Must-Have 💎,FENNIDICE,2026-04-06,2027-04-05,15.80%,5000.0,5000.0,33,800,false
"[B0GHNJ5Z19, B0GHNHRMR6, B0GHNRG992, B0GHNCHT73, B0GHNC56KY, B0GHN7D7LR, B0GHNGX5M1, B0GHNNRMTW, B0GHNFNM3M, B0GHNGNBC2, B0GHN7Q5VC, B0GHNJCTWX, B0GHNKLM22, B0GHNBKHN8, B0GHNJX5KS, B0GHNK9Y57, B0GHN7JH58, B0GHN44LZ1, B0GHNVWL39, B0GHNPPK5D, B0GHNMW99Y, B0GHNTGRCW, B0GHNFNXF2, B0GHNJP13N, B0GHN7GW4V, B0GHNJ2D7G, B0GHNPNK8V, B0GHN6RXFN, B0GHNLRS5X, B0GHNBXLJ7, B0GHNJQWS3, B0GHNFG26V]",amzn1.campaign.1EN1JKW8BC0VX,Make Your Transformations Stand Out,Luckstar,2026-04-08,2027-04-08,11.00%,60000.0,60000.0,9,800,false
"[B0GCRM6K8K, B0DNCC4188, B0GCS4DXJ8, B0GCRGT9WN, B0D382Z78H]",amzn1.campaign.2IUO8T51OXVK3,The Upgrade Cat Owners Didn’t Know They Needed Until Now,Repounce,2026-04-11,2027-04-11,20.00%,250000.0,250000.0,0,800,false
"[B0GBWYGQRK, B0GBWRY8VJ, B0GCF7R2SR, B0GBX9DH1F, B0GBW9RGCX, B0GBWDVZ7H, B0GBWV3H91, B0GBX4WQNZ, B0GBX1QKLW, B0GBWV3H8J, B0GBWLPM1Z, B0GBWM8Y6P, B0GBW8F8QX, B0GBWMTPVL, B0GBX8MYNB]",amzn1.campaign.1PKPHITURU8JH,🎁 Bogg Bag Accessories | Hooks & Charms Must-Have 💎,FENNIDICE,2026-04-06,2027-04-05,15.79%,5000.0,5000.0,30,800,false
"[B0GHNJ5Z19, B0GHNHRMR6, B0GHNRG992, B0GHNCHT73, B0GHNC56KY, B0GHN7D7LR, B0GHNGX5M1, B0GHNNRMTW, B0GHNFNM3M, B0GHNGNBC2, B0GHN7Q5VC, B0GHNJCTWX, B0GHNKLM22, B0GHNBKHN8, B0GHNJX5KS, B0GHNK9Y57, B0GHN7JH58, B0GHN44LZ1, B0GHNVWL39, B0GHNPPK5D, B0GHNMW99Y, B0GHNTGRCW, B0GHNFNXF2, B0GHNJP13N, B0GHN7GW4V, B0GHNJ2D7G, B0GHNPNK8V, B0GHN6RXFN, B0GHNLRS5X, B0GHNBXLJ7, B0GHNJQWS3, B0GHNFG26V]",amzn1.campaign.3VZ6QV0OFGAM1,"Fewer Sales, Better Payouts",Luckstar,2026-04-08,2027-04-07,12.00%,20000.0,20000.0,10,800,false
"[B0GBWYGQRK, B0GBWRY8VJ, B0GCF7R2SR, B0GBX9DH1F, B0GBW9RGCX, B0GBWDVZ7H, B0GBWV3H91, B0GBX4WQNZ, B0GBX1QKLW, B0GBWV3H8J, B0GBWLPM1Z, B0GBWM8Y6P, B0GBW8F8QX, B0GBWMTPVL, B0GBX8MYNB]",amzn1.campaign.2L9UCBM0WZTJO,🎁 Bogg Bag Accessories | Hooks & Charms Must-Have 💎,FENNIDICE,2026-04-06,2027-04-05,15.78%,5000.0,5000.0,34,800,false
"[B0GHNJ5Z19, B0GHNHRMR6, B0GHNRG992, B0GHNCHT73, B0GHNC56KY, B0GHN7D7LR, B0GHNGX5M1, B0GHNNRMTW, B0GHNFNM3M, B0GHNGNBC2, B0GHN7Q5VC, B0GHNJCTWX, B0GHNKLM22, B0GHNBKHN8, B0GHNJX5KS, B0GHNK9Y57, B0GHN7JH58, B0GHN44LZ1, B0GHNVWL39, B0GHNPPK5D, B0GHNMW99Y, B0GHNTGRCW, B0GHNFNXF2, B0GHNJP13N, B0GHN7GW4V, B0GHNJ2D7G, B0GHNPNK8V, B0GHN6RXFN, B0GHNLRS5X, B0GHNBXLJ7, B0GHNJQWS3, B0GHNFG26V]",amzn1.campaign.W6OA8CWAK1CE,Stylists: Get Paid for What You Already Do,Luckstar,2026-04-09,2027-04-06,12.00%,10000.0,10000.0,21,800,false
"[B0GBWYGQRK, B0GBWRY8VJ, B0GCF7R2SR, B0GBX9DH1F, B0GBW9RGCX, B0GBWDVZ7H, B0GBWV3H91, B0GBX4WQNZ, B0GBX1QKLW, B0GBWV3H8J, B0GBWLPM1Z, B0GBWM8Y6P, B0GBW8F8QX, B0GBWMTPVL, B0GBX8MYNB]",amzn1.campaign.1KUHJFK6MAZD9,🎁 Bogg Bag Accessories | Hooks & Charms Must-Have 💎,FENNIDICE,2026-04-06,2027-04-05,15.77%,5000.0,5000.0,31,800,false
"[B0GHNJ5Z19, B0GHNHRMR6, B0GHNRG992, B0GHNCHT73, B0GHNC56KY, B0GHN7D7LR, B0GHNGX5M1, B0GHNNRMTW, B0GHNFNM3M, B0GHNGNBC2, B0GHN7Q5VC, B0GHNJCTWX, B0GHNKLM22, B0GHNBKHN8, B0GHNJX5KS, B0GHNK9Y57, B0GHN7JH58, B0GHN44LZ1, B0GHNVWL39, B0GHNPPK5D, B0GHNMW99Y, B0GHNTGRCW, B0GHNFNXF2, B0GHNJP13N, B0GHN7GW4V, B0GHNJ2D7G, B0GHNPNK8V, B0GHN6RXFN, B0GHNLRS5X, B0GHNBXLJ7, B0GHNJQWS3, B0GHNFG26V]",amzn1.campaign.4Z40530Q0D10,Turn Your Hair Videos Into Income,Luckstar,2026-04-08,2027-04-06,12.00%,50000.0,49975.49,3,800,false
"[B0GBWYGQRK, B0GBWRY8VJ, B0GCF7R2SR, B0GBX9DH1F, B0GBW9RGCX, B0GBWDVZ7H, B0GBWV3H91, B0GBX4WQNZ, B0GBX1QKLW, B0GBWV3H8J, B0GBWLPM1Z, B0GBWM8Y6P, B0GBW8F8QX, B0GBWMTPVL, B0GBX8MYNB]",amzn1.campaign.1WWX04OYLWSL2,🎁 Bogg Bag Accessories | Hooks & Charms Must-Have 💎,FENNIDICE,2026-04-06,2027-04-05,15.76%,5000.0,5000.0,32,800,false
"[B0GCRM6K8K, B0DNCC4188, B0GCS4DXJ8, B0GCRGT9WN, B0D382Z78H]",amzn1.campaign.373AXPEKYMGYX,"Finally, a Cat Wand That Survives Aggressive Play (Yes, Really)",Repounce,2026-04-10,2027-04-10,20.00%,300000.0,300000.0,0,800,false
"[B0GHNJ5Z19, B0GHNHRMR6, B0GHNRG992, B0GHNCHT73, B0GHNC56KY, B0GHN7D7LR, B0GHNGX5M1, B0GHNNRMTW, B0GHNFNM3M, B0GHNGNBC2, B0GHN7Q5VC, B0GHNJCTWX, B0GHNKLM22, B0GHNBKHN8, B0GHNJX5KS, B0GHNK9Y57, B0GHN7JH58, B0GHN44LZ1, B0GHNVWL39, B0GHNPPK5D, B0GHNMW99Y, B0GHNTGRCW, B0GHNFNXF2, B0GHNJP13N, B0GHN7GW4V, B0GHNJ2D7G, B0GHNPNK8V, B0GHN6RXFN, B0GHNLRS5X, B0GHNBXLJ7, B0GHNJQWS3, B0GHNFG26V]",amzn1.campaign.2UQQYDP4Z94X4,Upgrade Your Hair Content Quality,Luckstar,2026-04-08,2027-04-06,11.00%,10000.0,10000.0,8,800,false
"[B0GBWYGQRK, B0GBWRY8VJ, B0GCF7R2SR, B0GBX9DH1F, B0GBW9RGCX, B0GBWDVZ7H, B0GBWV3H91, B0GBX4WQNZ, B0GBX1QKLW, B0GBWV3H8J, B0GBWLPM1Z, B0GBWM8Y6P, B0GBW8F8QX, B0GBWMTPVL, B0GBX8MYNB]",amzn1.campaign.2UYGTIQEWOAQH,🎁 Bogg Bag Accessories | Hooks & Charms Must-Have 💎,FENNIDICE,2026-04-06,2027-04-05,15.75%,5000.0,5000.0,34,800,false
"[B0GBWYGQRK, B0GBWRY8VJ, B0GCF7R2SR, B0GBX9DH1F, B0GBW9RGCX, B0GBWDVZ7H, B0GBWV3H91, B0GBX4WQNZ, B0GBX1QKLW, B0GBWV3H8J, B0GBWLPM1Z, B0GBWM8Y6P, B0GBW8F8QX, B0GBWMTPVL, B0GBX8MYNB]",amzn1.campaign.277W64AFLPO88,🎁 Bogg Bag Accessories | Hooks & Charms Must-Have 💎,FENNIDICE,2026-04-06,2027-04-05,15.74%,5000.0,5000.0,33,800,false
"[B0FN7MWLY4, B0FN7N9Y5G, B0FN7S3KZS, B0FN7PX7NB, B0FN7R6SFJ, B0FN7RBKHM, B0FN7S3KZF, B0FN7PS7R2, B0FN7RXRVF, B0FN7R23QJ, B0FN7RYPZQ, B0FN7M5KV7]",amzn1.campaign.3U2M85M8RS40,4D Cloud Insoles☁️15% – Make Your Shoes Feel Like Sneakers,Lustraze,2026-04-08,2027-04-06,15.00%,11000.0,11000.0,1,800,false
"[B0GHNJ5Z19, B0GHNHRMR6, B0GHNRG992, B0GHNCHT73, B0GHNC56KY, B0GHN7D7LR, B0GHNGX5M1, B0GHNNRMTW, B0GHNFNM3M, B0GHNGNBC2, B0GHN7Q5VC, B0GHNJCTWX, B0GHNKLM22, B0GHNBKHN8, B0GHNJX5KS, B0GHNK9Y57, B0GHN7JH58, B0GHN44LZ1, B0GHNVWL39, B0GHNPPK5D, B0GHNMW99Y, B0GHNTGRCW, B0GHNFNXF2, B0GHNJP13N, B0GHN7GW4V, B0GHNJ2D7G, B0GHNPNK8V, B0GHN6RXFN, B0GHNLRS5X, B0GHNBXLJ7, B0GHNJQWS3, B0GHNFG26V]",amzn1.campaign.2ZK3BQCVC6QF0,One Sale Can Be Worth It 💸,Luckstar,2026-04-08,2027-04-07,10.00%,6000.0,6000.0,13,800,false
"[B0GBWYGQRK, B0GBWRY8VJ, B0GCF7R2SR, B0GBX9DH1F, B0GBW9RGCX, B0GBWDVZ7H, B0GBWV3H91, B0GBX4WQNZ, B0GBX1QKLW, B0GBWV3H8J, B0GBWLPM1Z, B0GBWM8Y6P, B0GBW8F8QX, B0GBWMTPVL, B0GBX8MYNB]",amzn1.campaign.HS3CYPX3VV8W,🎁 Bogg Bag Accessories | Hooks & Charms Must-Have 💎,FENNIDICE,2026-04-06,2027-04-05,15.73%,5000.0,5000.0,38,800,false
"[B0F6FH3WNC, B0F6FBFWKL, B0F6F9RJNY]",amzn1.campaign.12WST5WNKNEKD,Earn 30% Commission + 20% Off on selected Motivational Calendar – Limited Time!,Hadley Designs,2026-04-08,2026-10-08,30.00%,50000.0,49994.9,0,800,false
[B0GGH1GK5B],amzn1.campaign.3AWZWBHFAOCEL,Hiihone Dandelion Tea Bags (30 Count) - 10%,HIIHONE,2026-04-08,2027-04-08,10.00%,5000.0,4999.28,1,800,false
"[B0GBWYGQRK, B0GBWRY8VJ, B0GCF7R2SR, B0GBX9DH1F, B0GBW9RGCX, B0GBWDVZ7H, B0GBWV3H91, B0GBX4WQNZ, B0GBX1QKLW, B0GBWV3H8J, B0GBWLPM1Z, B0GBWM8Y6P, B0GBW8F8QX, B0GBWMTPVL, B0GBX8MYNB]",amzn1.campaign.38VYH0HSQ723A,🎁 Bogg Bag Accessories | Hooks & Charms Must-Have 💎,FENNIDICE,2026-04-06,2027-04-05,15.72%,5000.0,5000.0,34,800,false
"[B0GCRM6K8K, B0DNCC4188, B0GCS4DXJ8, B0GCRGT9WN, B0D382Z78H]",amzn1.campaign.2UZLD27M894IL,The Forever Stick - Redefining the Standard for Modern Cat Play,Repounce,2026-04-09,2027-04-09,20.00%,300000.0,300000.0,0,800,false
"[B0GBWYGQRK, B0GBWRY8VJ, B0GCF7R2SR, B0GBX9DH1F, B0GBW9RGCX, B0GBWDVZ7H, B0GBWV3H91, B0GBX4WQNZ, B0GBX1QKLW, B0GBWV3H8J, B0GBWLPM1Z, B0GBWM8Y6P, B0GBW8F8QX, B0GBWMTPVL, B0GBX8MYNB]",amzn1.campaign.3NJDRTRD3PKN0,🎁 Bogg Bag Accessories | Hooks & Charms Must-Have 💎,FENNIDICE,2026-04-06,2027-04-05,15.71%,5000.0,5000.0,37,800,false
"[B0GBWYGQRK, B0GBWRY8VJ, B0GCF7R2SR, B0GBX9DH1F, B0GBW9RGCX, B0GBWDVZ7H, B0GBWV3H91, B0GBX4WQNZ, B0GBX1QKLW, B0GBWV3H8J, B0GBWLPM1Z, B0GBWM8Y6P, B0GBW8F8QX, B0GBWMTPVL, B0GBX8MYNB]",amzn1.campaign.24J87ZDWJ6I,🎁 Bogg Bag Accessories | Hooks & Charms Must-Have 💎,FENNIDICE,2026-04-06,2027-04-05,15.70%,5000.0,5000.0,32,800,false
"[B0DQTQKCVP, B0963HS5X8]",amzn1.campaign.14U3USU5F03LL,Earn 30% Commission + 20% Off Classroom Motivational Posters for Your Followers!,Hadley Designs,2026-04-08,2026-10-08,30.00%,50000.0,49993.27,1,800,false
"[B0GBWYGQRK, B0GBWRY8VJ, B0GCF7R2SR, B0GBX9DH1F, B0GBW9RGCX, B0GBWDVZ7H, B0GBWV3H91, B0GBX4WQNZ, B0GBX1QKLW, B0GBWV3H8J, B0GBWLPM1Z, B0GBWM8Y6P, B0GBW8F8QX, B0GBWMTPVL, B0GBX8MYNB]",amzn1.campaign.2QB6CNH9M563T,🎁 Bogg Bag Accessories | Hooks & Charms Must-Have 💎,FENNIDICE,2026-04-06,2027-04-05,15.69%,5000.0,5000.0,35,800,false
"[B0GBWYGQRK, B0GBWRY8VJ, B0GCF7R2SR, B0GBX9DH1F, B0GBW9RGCX, B0GBWDVZ7H, B0GBWV3H91, B0GBX4WQNZ, B0GBX1QKLW, B0GBWV3H8J, B0GBWLPM1Z, B0GBWM8Y6P, B0GBW8F8QX, B0GBWMTPVL, B0GBX8MYNB]",amzn1.campaign.3PUA3N5PUFX26,🎁 Bogg Bag Accessories | Hooks & Charms Must-Have 💎,FENNIDICE,2026-04-06,2027-04-05,15.68%,5000.0,5000.0,39,800,false
"[B0GBWYGQRK, B0GBWRY8VJ, B0GCF7R2SR, B0GBX9DH1F, B0GBW9RGCX, B0GBWDVZ7H, B0GBWV3H91, B0GBX4WQNZ, B0GBX1QKLW, B0GBWV3H8J, B0GBWLPM1Z, B0GBWM8Y6P, B0GBW8F8QX, B0GBWMTPVL, B0GBX8MYNB]",amzn1.campaign.2ZL6QTWATIDEX,🎁 Bogg Bag Accessories | Hooks & Charms Must-Have 💎,FENNIDICE,2026-04-06,2027-04-05,15.67%,5000.0,5000.0,35,800,false
"[B0GBWYGQRK, B0GBWRY8VJ, B0GCF7R2SR, B0GBX9DH1F, B0GBW9RGCX, B0GBWDVZ7H, B0GBWV3H91, B0GBX4WQNZ, B0GBX1QKLW, B0GBWV3H8J, B0GBWLPM1Z, B0GBWM8Y6P, B0GBW8F8QX, B0GBWMTPVL, B0GBX8MYNB]",amzn1.campaign.2Q05OLM0NH2F2,🎁 Bogg Bag Accessories | Hooks & Charms Must-Have 💎,FENNIDICE,2026-04-06,2027-04-05,15.66%,5000.0,5000.0,34,800,false
"[B0FN7MWLY4, B0FN7N9Y5G, B0FN7S3KZS, B0FN7PX7NB, B0FN7R6SFJ, B0FN7RBKHM, B0FN7S3KZF, B0FN7PS7R2, B0FN7RXRVF, B0FN7R23QJ, B0FN7RYPZQ, B0FN7M5KV7]",amzn1.campaign.1VDAW9KRZ3563,CloudStep 4D Insoles 15% – 10-Hour Standing? No More Foot Pain!,Lustraze,2026-04-08,2027-04-07,15.00%,12000.0,12000.0,6,800,false
"[B0GBWYGQRK, B0GBWRY8VJ, B0GCF7R2SR, B0GBX9DH1F, B0GBW9RGCX, B0GBWDVZ7H, B0GBWV3H91, B0GBX4WQNZ, B0GBX1QKLW, B0GBWV3H8J, B0GBWLPM1Z, B0GBWM8Y6P, B0GBW8F8QX, B0GBWMTPVL, B0GBX8MYNB]",amzn1.campaign.23D5OIW6PXCD7,🎁 Bogg Bag Accessories | Hooks & Charms Must-Have 💎,FENNIDICE,2026-04-06,2027-04-05,15.65%,5000.0,5000.0,34,800,false
"[B08V47XMQY, B08V53GV2M, B08V4VG43T, B08V4DP5XZ]",amzn1.campaign.369GM77UI6KL7,Earn 30% Commission on Single Kid Chore Chart + 20% Off for All,Hadley Designs,2026-04-08,2026-10-08,30.00%,50000.0,50000.0,0,800,false
"[B0GBWYGQRK, B0GBWRY8VJ, B0GCF7R2SR, B0GBX9DH1F, B0GBW9RGCX, B0GBWDVZ7H, B0GBWV3H91, B0GBX4WQNZ, B0GBX1QKLW, B0GBWV3H8J, B0GBWLPM1Z, B0GBWM8Y6P, B0GBW8F8QX, B0GBWMTPVL, B0GBX8MYNB]",amzn1.campaign.P7ZB6L0ZTACB,🎁 Bogg Bag Accessories | Hooks & Charms Must-Have 💎,FENNIDICE,2026-04-06,2027-04-05,15.64%,5000.0,5000.0,41,800,false
"[B0GBWYGQRK, B0GBWRY8VJ, B0GCF7R2SR, B0GBX9DH1F, B0GBW9RGCX, B0GBWDVZ7H, B0GBWV3H91, B0GBX4WQNZ, B0GBX1QKLW, B0GBWV3H8J, B0GBWLPM1Z, B0GBWM8Y6P, B0GBW8F8QX, B0GBWMTPVL, B0GBX8MYNB]",amzn1.campaign.1KZNVV18S7OYH,🎁 Bogg Bag Accessories | Hooks & Charms Must-Have 💎,FENNIDICE,2026-04-06,2027-04-05,15.63%,5000.0,5000.0,32,800,false
"[B0GBWYGQRK, B0GBWRY8VJ, B0GCF7R2SR, B0GBX9DH1F, B0GBW9RGCX, B0GBWDVZ7H, B0GBWV3H91, B0GBX4WQNZ, B0GBX1QKLW, B0GBWV3H8J, B0GBWLPM1Z, B0GBWM8Y6P, B0GBW8F8QX, B0GBWMTPVL, B0GBX8MYNB]",amzn1.campaign.2KSDEP3J21ORG,🎁 Bogg Bag Accessories | Hooks & Charms Must-Have 💎,FENNIDICE,2026-04-06,2027-04-05,15.62%,5000.0,5000.0,36,800,false
"[B0GBWYGQRK, B0GBWRY8VJ, B0GCF7R2SR, B0GBX9DH1F, B0GBW9RGCX, B0GBWDVZ7H, B0GBWV3H91, B0GBX4WQNZ, B0GBX1QKLW, B0GBWV3H8J, B0GBWLPM1Z, B0GBWM8Y6P, B0GBW8F8QX, B0GBWMTPVL, B0GBX8MYNB]",amzn1.campaign.196ZTJQKELB1V,🎁 Bogg Bag Accessories | Hooks & Charms Must-Have 💎,FENNIDICE,2026-04-06,2027-04-05,15.61%,5000.0,5000.0,36,800,false
"[B0GBWYGQRK, B0GBWRY8VJ, B0GCF7R2SR, B0GBX9DH1F, B0GBW9RGCX, B0GBWDVZ7H, B0GBWV3H91, B0GBX4WQNZ, B0GBX1QKLW, B0GBWV3H8J, B0GBWLPM1Z, B0GBWM8Y6P, B0GBW8F8QX, B0GBWMTPVL, B0GBX8MYNB]",amzn1.campaign.1XTVW0MOB6HWU,🎁 Bogg Bag Accessories | Hooks & Charms Must-Have 💎,FENNIDICE,2026-04-06,2027-04-05,15.60%,5000.0,5000.0,35,800,false
"[B0GBWYGQRK, B0GBWRY8VJ, B0GCF7R2SR, B0GBX9DH1F, B0GBW9RGCX, B0GBWDVZ7H, B0GBWV3H91, B0GBX4WQNZ, B0GBX1QKLW, B0GBWV3H8J, B0GBWLPM1Z, B0GBWM8Y6P, B0GBW8F8QX, B0GBWMTPVL, B0GBX8MYNB]",amzn1.campaign.N8VJTU47IHDY,🎁 Bogg Bag Accessories | Hooks & Charms Must-Have 💎,FENNIDICE,2026-04-06,2027-04-05,15.59%,5000.0,5000.0,41,800,false
"[B0GBWYGQRK, B0GBWRY8VJ, B0GCF7R2SR, B0GBX9DH1F, B0GBW9RGCX, B0GBWDVZ7H, B0GBWV3H91, B0GBX4WQNZ, B0GBX1QKLW, B0GBWV3H8J, B0GBWLPM1Z, B0GBWM8Y6P, B0GBW8F8QX, B0GBWMTPVL, B0GBX8MYNB]",amzn1.campaign.3ARNWIWOG392K,🎁 Bogg Bag Accessories | Hooks & Charms Must-Have 💎,FENNIDICE,2026-04-06,2027-04-05,15.58%,5000.0,5000.0,38,800,false
"[B0GBWYGQRK, B0GBWRY8VJ, B0GCF7R2SR, B0GBX9DH1F, B0GBW9RGCX, B0GBWDVZ7H, B0GBWV3H91, B0GBX4WQNZ, B0GBX1QKLW, B0GBWV3H8J, B0GBWLPM1Z, B0GBWM8Y6P, B0GBW8F8QX, B0GBWMTPVL, B0GBX8MYNB]",amzn1.campaign.3HOF7TEFHX6PZ,🎁 Bogg Bag Accessories | Hooks & Charms Must-Have 💎,FENNIDICE,2026-04-06,2027-04-05,15.57%,5000.0,5000.0,39,800,false
"[B0D5LYWDZW, B0D5LYQTQX, B0D5LXF3GX]",amzn1.campaign.2Y83CL24S9QI2,Earn 30% Commission on 10x8 Set of 3 Chore Chart + 20% Off for All!,Hadley Designs,2026-04-08,2026-10-08,30.00%,50000.0,50000.0,0,800,false
"[B0GBWYGQRK, B0GBWRY8VJ, B0GCF7R2SR, B0GBX9DH1F, B0GBW9RGCX, B0GBWDVZ7H, B0GBWV3H91, B0GBX4WQNZ, B0GBX1QKLW, B0GBWV3H8J, B0GBWLPM1Z, B0GBWM8Y6P, B0GBW8F8QX, B0GBWMTPVL, B0GBX8MYNB]",amzn1.campaign.11R4HY4B1OW8T,🎁 Bogg Bag Accessories | Hooks & Charms Must-Have 💎,FENNIDICE,2026-04-06,2027-04-05,15.56%,5000.0,5000.0,33,800,false
"[B0FN7MWLY4, B0FN7N9Y5G, B0FN7S3KZS, B0FN7PX7NB, B0FN7R6SFJ, B0FN7RBKHM, B0FN7S3KZF, B0FN7PS7R2, B0FN7RXRVF, B0FN7R23QJ, B0FN7RYPZQ, B0FN7M5KV7]",amzn1.campaign.2SI366P0P3VR1,"4D Cloud Insoles 15% – Like Walking on Clouds, Foot Pain Relief & Breathable",Lustraze,2026-04-08,2027-04-08,15.00%,10000.0,9984.0,0,800,false
"[B0GBWYGQRK, B0GBWRY8VJ, B0GCF7R2SR, B0GBX9DH1F, B0GBW9RGCX, B0GBWDVZ7H, B0GBWV3H91, B0GBX4WQNZ, B0GBX1QKLW, B0GBWV3H8J, B0GBWLPM1Z, B0GBWM8Y6P, B0GBW8F8QX, B0GBWMTPVL, B0GBX8MYNB]",amzn1.campaign.2RE8Y5HVVQAAJ,🎁 Bogg Bag Accessories | Hooks & Charms Must-Have 💎,FENNIDICE,2026-04-06,2027-04-05,15.55%,5000.0,5000.0,37,800,false
"[B0GBWYGQRK, B0GBWRY8VJ, B0GCF7R2SR, B0GBX9DH1F, B0GBW9RGCX, B0GBWDVZ7H, B0GBWV3H91, B0GBX4WQNZ, B0GBX1QKLW, B0GBWV3H8J, B0GBWLPM1Z, B0GBWM8Y6P, B0GBW8F8QX, B0GBWMTPVL, B0GBX8MYNB]",amzn1.campaign.1F4JEA33U84FD,🎁 Bogg Bag Accessories | Hooks & Charms Must-Have 💎,FENNIDICE,2026-04-06,2027-04-05,15.54%,5000.0,5000.0,33,800,false
"[B0D5LYVTTY, B0D5M1QNH4, B0D5M1NGQ7]",amzn1.campaign.3W27G22AV4TFM,Earn 30% Commission on 14x10 Multiple Kids Chore Chart + 20% Off for All,Hadley Designs,2026-04-08,2026-10-08,30.00%,50000.0,50000.0,8,800,false
"[B0GBWYGQRK, B0GBWRY8VJ, B0GCF7R2SR, B0GBX9DH1F, B0GBW9RGCX, B0GBWDVZ7H, B0GBWV3H91, B0GBX4WQNZ, B0GBX1QKLW, B0GBWV3H8J, B0GBWLPM1Z, B0GBWM8Y6P, B0GBW8F8QX, B0GBWMTPVL, B0GBX8MYNB]",amzn1.campaign.W051ONKZDK15,🎁 Bogg Bag Accessories | Hooks & Charms Must-Have 💎,FENNIDICE,2026-04-06,2027-04-05,15.53%,5000.0,5000.0,40,800,false
"[B0GBWYGQRK, B0GBWRY8VJ, B0GCF7R2SR, B0GBX9DH1F, B0GBW9RGCX, B0GBWDVZ7H, B0GBWV3H91, B0GBX4WQNZ, B0GBX1QKLW, B0GBWV3H8J, B0GBWLPM1Z, B0GBWM8Y6P, B0GBW8F8QX, B0GBWMTPVL, B0GBX8MYNB]",amzn1.campaign.2QW0X42DMMA6C,🎁 Bogg Bag Accessories | Hooks & Charms Must-Have 💎,FENNIDICE,2026-04-06,2027-04-05,15.52%,5000.0,5000.0,38,800,false
"[B0GBWYGQRK, B0GBWRY8VJ, B0GCF7R2SR, B0GBX9DH1F, B0GBW9RGCX, B0GBWDVZ7H, B0GBWV3H91, B0GBX4WQNZ, B0GBX1QKLW, B0GBWV3H8J, B0GBWLPM1Z, B0GBWM8Y6P, B0GBW8F8QX, B0GBWMTPVL, B0GBX8MYNB]",amzn1.campaign.2GIEHBCPM2VD9,🎁 Bogg Bag Accessories | Hooks & Charms Must-Have 💎,FENNIDICE,2026-04-06,2027-04-05,15.51%,5000.0,5000.0,35,800,false
"[B0FZM3DKV2, B0FPNH7KYZ, B0DQNV3PZY, B09RKK57BG, B0FPMVTWRR, B09RKHTJJY, B0FZM2P4B1, B09RKJVHDM]",amzn1.campaign.3CSKTICTP241S,Earn 30% Commission on Kids Certificate of Achievement + 20% Off for All,Hadley Designs,2026-04-08,2026-10-08,30.00%,50000.0,49997.0,3,800,false
"[B0GBWYGQRK, B0GBWRY8VJ, B0GCF7R2SR, B0GBX9DH1F, B0GBW9RGCX, B0GBWDVZ7H, B0GBWV3H91, B0GBX4WQNZ, B0GBX1QKLW, B0GBWV3H8J, B0GBWLPM1Z, B0GBWM8Y6P, B0GBW8F8QX, B0GBWMTPVL, B0GBX8MYNB]",amzn1.campaign.2YM0UX716BY86,🎁 Bogg Bag Accessories | Hooks & Charms Must-Have 💎,FENNIDICE,2026-04-06,2027-04-05,15.50%,5000.0,5000.0,37,800,false
"[B0GBWYGQRK, B0GBWRY8VJ, B0GCF7R2SR, B0GBX9DH1F, B0GBW9RGCX, B0GBWDVZ7H, B0GBWV3H91, B0GBX4WQNZ, B0GBX1QKLW, B0GBWV3H8J, B0GBWLPM1Z, B0GBWM8Y6P, B0GBW8F8QX, B0GBWMTPVL, B0GBX8MYNB]",amzn1.campaign.1NAAUQVFGCP2P,🎁 Bogg Bag Accessories | Hooks & Charms Must-Have 💎,FENNIDICE,2026-04-06,2027-04-05,15.49%,5000.0,5000.0,34,800,false
"[B0GBWYGQRK, B0GBWRY8VJ, B0GCF7R2SR, B0GBX9DH1F, B0GBW9RGCX, B0GBWDVZ7H, B0GBWV3H91, B0GBX4WQNZ, B0GBX1QKLW, B0GBWV3H8J, B0GBWLPM1Z, B0GBWM8Y6P, B0GBW8F8QX, B0GBWMTPVL, B0GBX8MYNB]",amzn1.campaign.2ZENJ3QD93SGD,🎁 Bogg Bag Accessories | Hooks & Charms Must-Have 💎,FENNIDICE,2026-04-06,2027-04-05,15.48%,5000.0,5000.0,38,800,false
"[B0GBWYGQRK, B0GBWRY8VJ, B0GCF7R2SR, B0GBX9DH1F, B0GBW9RGCX, B0GBWDVZ7H, B0GBWV3H91, B0GBX4WQNZ, B0GBX1QKLW, B0GBWV3H8J, B0GBWLPM1Z, B0GBWM8Y6P, B0GBW8F8QX, B0GBWMTPVL, B0GBX8MYNB]",amzn1.campaign.1T5827LI2E2ZU,🎁 Bogg Bag Accessories | Hooks & Charms Must-Have 💎,FENNIDICE,2026-04-06,2027-04-05,15.47%,5000.0,5000.0,36,800,false
[B0FWKQND77],amzn1.campaign.30J1NPHWUUAW2,BBQ Gifts for Dad – King of the Grill Set,Lihome,2026-04-08,2027-04-08,15.00%,100000.0,100000.0,0,800,false
"[B0GBWYGQRK, B0GBWRY8VJ, B0GCF7R2SR, B0GBX9DH1F, B0GBW9RGCX, B0GBWDVZ7H, B0GBWV3H91, B0GBX4WQNZ, B0GBX1QKLW, B0GBWV3H8J, B0GBWLPM1Z, B0GBWM8Y6P, B0GBW8F8QX, B0GBWMTPVL, B0GBX8MYNB]",amzn1.campaign.28E0U2C2A9MAO,🎁 Bogg Bag Accessories | Hooks & Charms Must-Have 💎,FENNIDICE,2026-04-06,2027-04-05,15.46%,5000.0,5000.0,35,800,false
"[B0GBWYGQRK, B0GBWRY8VJ, B0GCF7R2SR, B0GBX9DH1F, B0GBW9RGCX, B0GBWDVZ7H, B0GBWV3H91, B0GBX4WQNZ, B0GBX1QKLW, B0GBWV3H8J, B0GBWLPM1Z, B0GBWM8Y6P, B0GBW8F8QX, B0GBWMTPVL, B0GBX8MYNB]",amzn1.campaign.2K8TLVXHNLBY6,🎁 Bogg Bag Accessories | Hooks & Charms Must-Have 💎,FENNIDICE,2026-04-06,2027-04-05,15.45%,5000.0,5000.0,36,800,false
"[B0GBWYGQRK, B0GBWRY8VJ, B0GCF7R2SR, B0GBX9DH1F, B0GBW9RGCX, B0GBWDVZ7H, B0GBWV3H91, B0GBX4WQNZ, B0GBX1QKLW, B0GBWV3H8J, B0GBWLPM1Z, B0GBWM8Y6P, B0GBW8F8QX, B0GBWMTPVL, B0GBX8MYNB]",amzn1.campaign.3RCYGTZNXRZJ0,🎁 Bogg Bag Accessories | Hooks & Charms Must-Have 💎,FENNIDICE,2026-04-06,2027-04-05,15.44%,5000.0,5000.0,40,800,false
"[B0GBWYGQRK, B0GBWRY8VJ, B0GCF7R2SR, B0GBX9DH1F, B0GBW9RGCX, B0GBWDVZ7H, B0GBWV3H91, B0GBX4WQNZ, B0GBX1QKLW, B0GBWV3H8J, B0GBWLPM1Z, B0GBWM8Y6P, B0GBW8F8QX, B0GBWMTPVL, B0GBX8MYNB]",amzn1.campaign.UDXKSO7FLSWN,🎁 Bogg Bag Accessories | Hooks & Charms Must-Have 💎,FENNIDICE,2026-04-06,2027-04-05,15.43%,5000.0,5000.0,40,800,false
"[B0GBWYGQRK, B0GBWRY8VJ, B0GCF7R2SR, B0GBX9DH1F, B0GBW9RGCX, B0GBWDVZ7H, B0GBWV3H91, B0GBX4WQNZ, B0GBX1QKLW, B0GBWV3H8J, B0GBWLPM1Z, B0GBWM8Y6P, B0GBW8F8QX, B0GBWMTPVL, B0GBX8MYNB]",amzn1.campaign.2CKKF0946VUM9,🎁 Bogg Bag Accessories | Hooks & Charms Must-Have 💎,FENNIDICE,2026-04-06,2027-04-05,15.42%,5000.0,5000.0,34,800,false
"[B0GBWYGQRK, B0GBWRY8VJ, B0GCF7R2SR, B0GBX9DH1F, B0GBW9RGCX, B0GBWDVZ7H, B0GBWV3H91, B0GBX4WQNZ, B0GBX1QKLW, B0GBWV3H8J, B0GBWLPM1Z, B0GBWM8Y6P, B0GBW8F8QX, B0GBWMTPVL, B0GBX8MYNB]",amzn1.campaign.1R9SGASDDV5GR,🎁 Bogg Bag Accessories | Hooks & Charms Must-Have 💎,FENNIDICE,2026-04-06,2027-04-05,15.41%,5000.0,5000.0,33,800,false
"[B09RKHGVKY, B0FPMX3CT2]",amzn1.campaign.3V2R0C8QXTOFR,Earn 30% Commission on Elegant Certificate of Achievement + 20% Off for All,Hadley Designs,2026-04-08,2026-10-08,30.00%,50000.0,50000.0,11,800,false
"[B0GBWYGQRK, B0GBWRY8VJ, B0GCF7R2SR, B0GBX9DH1F, B0GBW9RGCX, B0GBWDVZ7H, B0GBWV3H91, B0GBX4WQNZ, B0GBX1QKLW, B0GBWV3H8J, B0GBWLPM1Z, B0GBWM8Y6P, B0GBW8F8QX, B0GBWMTPVL, B0GBX8MYNB]",amzn1.campaign.3GIW5XPBVAF2F,🎁 Bogg Bag Accessories | Hooks & Charms Must-Have 💎,FENNIDICE,2026-04-06,2027-04-05,15.40%,5000.0,5000.0,37,800,false
"[B0GBWYGQRK, B0GBWRY8VJ, B0GCF7R2SR, B0GBX9DH1F, B0GBW9RGCX, B0GBWDVZ7H, B0GBWV3H91, B0GBX4WQNZ, B0GBX1QKLW, B0GBWV3H8J, B0GBWLPM1Z, B0GBWM8Y6P, B0GBW8F8QX, B0GBWMTPVL, B0GBX8MYNB]",amzn1.campaign.12ZTB4UD8ZSVL,🎁 Bogg Bag Accessories | Hooks & Charms Must-Have 💎,FENNIDICE,2026-04-06,2027-04-05,15.39%,5000.0,5000.0,33,800,false
"[B0GBWYGQRK, B0GBWRY8VJ, B0GCF7R2SR, B0GBX9DH1F, B0GBW9RGCX, B0GBWDVZ7H, B0GBWV3H91, B0GBX4WQNZ, B0GBX1QKLW, B0GBWV3H8J, B0GBWLPM1Z, B0GBWM8Y6P, B0GBW8F8QX, B0GBWMTPVL, B0GBX8MYNB]",amzn1.campaign.3QJP7BCCAXJ1P,🎁 Bogg Bag Accessories | Hooks & Charms Must-Have 💎,FENNIDICE,2026-04-06,2027-04-05,15.38%,5000.0,5000.0,38,800,false
"[B0GBWYGQRK, B0GBWRY8VJ, B0GCF7R2SR, B0GBX9DH1F, B0GBW9RGCX, B0GBWDVZ7H, B0GBWV3H91, B0GBX4WQNZ, B0GBX1QKLW, B0GBWV3H8J, B0GBWLPM1Z, B0GBWM8Y6P, B0GBW8F8QX, B0GBWMTPVL, B0GBX8MYNB]",amzn1.campaign.1MDLIVX9ITSJT,🎁 Bogg Bag Accessories | Hooks & Charms Must-Have 💎,FENNIDICE,2026-04-06,2027-04-05,15.37%,5000.0,5000.0,33,800,false
"[B0GBWYGQRK, B0GBWRY8VJ, B0GCF7R2SR, B0GBX9DH1F, B0GBW9RGCX, B0GBWDVZ7H, B0GBWV3H91, B0GBX4WQNZ, B0GBX1QKLW, B0GBWV3H8J, B0GBWLPM1Z, B0GBWM8Y6P, B0GBW8F8QX, B0GBWMTPVL, B0GBX8MYNB]",amzn1.campaign.2U1IWDBNBYZ24,🎁 Bogg Bag Accessories | Hooks & Charms Must-Have 💎,FENNIDICE,2026-04-06,2027-04-05,15.36%,5000.0,5000.0,37,800,false
"[B0GBWYGQRK, B0GBWRY8VJ, B0GCF7R2SR, B0GBX9DH1F, B0GBW9RGCX, B0GBWDVZ7H, B0GBWV3H91, B0GBX4WQNZ, B0GBX1QKLW, B0GBWV3H8J, B0GBWLPM1Z, B0GBWM8Y6P, B0GBW8F8QX, B0GBWMTPVL, B0GBX8MYNB]",amzn1.campaign.26RMF5VYA9MWW,🎁 Bogg Bag Accessories | Hooks & Charms Must-Have 💎,FENNIDICE,2026-04-06,2027-04-05,15.35%,5000.0,5000.0,35,800,false
"[B0F21Y7H8P, B0GQZLSKWS, B0FCFY1BV4, B0FC1XDYP1, B0G2PS9221, B0F48M5Y2J, B0GLV45G16, B0GLWQR8X2, B0FCG26SLC, B0F8Q6JQMT, B0F9L2SCG6, B0FCM3JK1Q, B0F37MNZ4D, B0G2Q5X9Y6, B0D73R7MVM, B0GLWHSYTK, B0FBGDLPNV, B0F9L3XBTW, B0GPWNY8BC, B0F4X3SVVC, B0F8VWTRLT, B0FFRR7WL4, B0FBGBYP27, B0F7XW2R55, B0G3PZDPSH, B0F8Q4NNPT, B0F8VXB38L, B0F8MLQ6X7, B0F896Q1JM, B0GRGWNCZ6, B0FCFT2592, B0F9WZCTK1, B0G3Q63F6J, B0F9L64CJ2, B0FDR32R53, B0GLWM6XLG, B0FCMP2ZSZ, B0F99SG9FN, B0GR8XYFQM, B0GQZCSBJW, B0FBFM5MZN, B0F8VWJ9Y5, B0FM3XP9LS, B0F7XQLVBC, B0FBFK5SVS, B0FCFX44HY, B0F98YK7VL, B0FCG1GZFH, B0F9SPFG26, B0F99NBWKJ, B0FDR1WLR3, B0F1Y75JWZ, B0FBGDMXPR, B0G2P85GV6, B0FCS3D514, B0F99SMFFZ, B0F9L3144W, B0FBGBSVQL, B0F9L1HPZK, B0G3PZ11WX, B0F6N58576, B0F3XCXSFX, B0DTH9VFHV, B0F8W2NT67, B0GLX4276D, B0CWRXHPTZ, B0FCFVCDZR, B0F9XVF1DL, B0FDR1M3P4, B0FCMTB4Y8, B0FCS2VS1B, B0GRH43F83, B0GRGSKLJ7, B0F9KGN9LD, B0F99SLR3B, B0F3CTWF3L, B0GDG4PBBG, B0GQZ7B132, B0FBGBDCJV, B0G415PDHZ, B0F945YJ9J, B0FDQB7R49, B0F48J86YS, B0GLWV14XK, B0FDQC4TLZ, B0GRGZ4T8D, B0GLWSPM41, B0FBFP8KKT, B0GQGL4ZRF, B0FCFVYL6Q, B0FCG3FQD6, B0FBGC4FMQ, B0CBQDRBW1, B0GLWYY1FM, B0GLWHFLYL, B0F9KYNMD1, B0FPM8WR36, B0CBQBH5TC, B0FFH6YZ85, B0G416JVYS, B0G3PZ4MXQ, B0CBQ9MPJK, B0F8W11B83, B0G2PR9YN7, B0GLX4XJMC, B0F994R8B7, B0F9L3K89F, B0G2PMDM3J, B0F4X7W4BX, B0F8VZMKRF, B0CBQCPZ7N]",amzn1.campaign.1MJVR1N5ZI4IC,🔥 Garvee Portable AC Top 30 — Lowest Price in 90 Day #SYF,Garvee,2026-04-08,2026-09-30,10.00%,5000.0,5000.0,0,800,false
"[B0GBWYGQRK, B0GBWRY8VJ, B0GCF7R2SR, B0GBX9DH1F, B0GBW9RGCX, B0GBWDVZ7H, B0GBWV3H91, B0GBX4WQNZ, B0GBX1QKLW, B0GBWV3H8J, B0GBWLPM1Z, B0GBWM8Y6P, B0GBW8F8QX, B0GBWMTPVL, B0GBX8MYNB]",amzn1.campaign.2C44UPY5MH8A,🎁 Bogg Bag Accessories | Hooks & Charms Must-Have 💎,FENNIDICE,2026-04-06,2027-04-05,15.34%,5000.0,5000.0,35,800,false
"[B0GBWYGQRK, B0GBWRY8VJ, B0GCF7R2SR, B0GBX9DH1F, B0GBW9RGCX, B0GBWDVZ7H, B0GBWV3H91, B0GBX4WQNZ, B0GBX1QKLW, B0GBWV3H8J, B0GBWLPM1Z, B0GBWM8Y6P, B0GBW8F8QX, B0GBWMTPVL, B0GBX8MYNB]",amzn1.campaign.DSFG9Y2P98HI,🎁 Bogg Bag Accessories | Hooks & Charms Must-Have 💎,FENNIDICE,2026-04-06,2027-04-05,15.33%,5000.0,5000.0,40,800,false
"[B0GBWYGQRK, B0GBWRY8VJ, B0GCF7R2SR, B0GBX9DH1F, B0GBW9RGCX, B0GBWDVZ7H, B0GBWV3H91, B0GBX4WQNZ, B0GBX1QKLW, B0GBWV3H8J, B0GBWLPM1Z, B0GBWM8Y6P, B0GBW8F8QX, B0GBWMTPVL, B0GBX8MYNB]",amzn1.campaign.BUV00I5ZCUA,🎁 Bogg Bag Accessories | Hooks & Charms Must-Have 💎,FENNIDICE,2026-04-06,2027-04-05,15.32%,5000.0,5000.0,39,800,false
"[B0GBWYGQRK, B0GBWRY8VJ, B0GCF7R2SR, B0GBX9DH1F, B0GBW9RGCX, B0GBWDVZ7H, B0GBWV3H91, B0GBX4WQNZ, B0GBX1QKLW, B0GBWV3H8J, B0GBWLPM1Z, B0GBWM8Y6P, B0GBW8F8QX, B0GBWMTPVL, B0GBX8MYNB]",amzn1.campaign.34J0RDCMCRI0E,🎁 Bogg Bag Accessories | Hooks & Charms Must-Have 💎,FENNIDICE,2026-04-06,2027-04-05,15.31%,5000.0,5000.0,37,800,false
"[B0GBWYGQRK, B0GBWRY8VJ, B0GCF7R2SR, B0GBX9DH1F, B0GBW9RGCX, B0GBWDVZ7H, B0GBWV3H91, B0GBX4WQNZ, B0GBX1QKLW, B0GBWV3H8J, B0GBWLPM1Z, B0GBWM8Y6P, B0GBW8F8QX, B0GBWMTPVL, B0GBX8MYNB]",amzn1.campaign.1K2ERKTA365KY,🎁 Bogg Bag Accessories | Hooks & Charms Must-Have 💎,FENNIDICE,2026-04-06,2027-04-05,15.30%,5000.0,5000.0,32,800,false
"[B0GBWYGQRK, B0GBWRY8VJ, B0GCF7R2SR, B0GBX9DH1F, B0GBW9RGCX, B0GBWDVZ7H, B0GBWV3H91, B0GBX4WQNZ, B0GBX1QKLW, B0GBWV3H8J, B0GBWLPM1Z, B0GBWM8Y6P, B0GBW8F8QX, B0GBWMTPVL, B0GBX8MYNB]",amzn1.campaign.2B41HI8U2OQVQ,🎁 Bogg Bag Accessories | Hooks & Charms Must-Have 💎,FENNIDICE,2026-04-06,2027-04-05,15.29%,5000.0,5000.0,37,800,false
"[B0GBWYGQRK, B0GBWRY8VJ, B0GCF7R2SR, B0GBX9DH1F, B0GBW9RGCX, B0GBWDVZ7H, B0GBWV3H91, B0GBX4WQNZ, B0GBX1QKLW, B0GBWV3H8J, B0GBWLPM1Z, B0GBWM8Y6P, B0GBW8F8QX, B0GBWMTPVL, B0GBX8MYNB]",amzn1.campaign.QVENER9G6RH3,🎁 Bogg Bag Accessories | Hooks & Charms Must-Have 💎,FENNIDICE,2026-04-06,2027-04-05,15.28%,5000.0,5000.0,39,800,false
"[B0GBWYGQRK, B0GBWRY8VJ, B0GCF7R2SR, B0GBX9DH1F, B0GBW9RGCX, B0GBWDVZ7H, B0GBWV3H91, B0GBX4WQNZ, B0GBX1QKLW, B0GBWV3H8J, B0GBWLPM1Z, B0GBWM8Y6P, B0GBW8F8QX, B0GBWMTPVL, B0GBX8MYNB]",amzn1.campaign.2QF2Q41EG3A13,🎁 Bogg Bag Accessories | Hooks & Charms Must-Have 💎,FENNIDICE,2026-04-06,2027-04-05,15.27%,5000.0,5000.0,36,800,false
"[B0GBWYGQRK, B0GBWRY8VJ, B0GCF7R2SR, B0GBX9DH1F, B0GBW9RGCX, B0GBWDVZ7H, B0GBWV3H91, B0GBX4WQNZ, B0GBX1QKLW, B0GBWV3H8J, B0GBWLPM1Z, B0GBWM8Y6P, B0GBW8F8QX, B0GBWMTPVL, B0GBX8MYNB]",amzn1.campaign.28Y70BPLHHMKJ,🎁 Bogg Bag Accessories | Hooks & Charms Must-Have 💎,FENNIDICE,2026-04-06,2027-04-05,15.26%,5000.0,5000.0,36,800,false
"[B0GBWYGQRK, B0GBWRY8VJ, B0GCF7R2SR, B0GBX9DH1F, B0GBW9RGCX, B0GBWDVZ7H, B0GBWV3H91, B0GBX4WQNZ, B0GBX1QKLW, B0GBWV3H8J, B0GBWLPM1Z, B0GBWM8Y6P, B0GBW8F8QX, B0GBWMTPVL, B0GBX8MYNB]",amzn1.campaign.2UWD8O0TYHKT2,🎁 Bogg Bag Accessories | Hooks & Charms Must-Have 💎,FENNIDICE,2026-04-06,2027-04-05,15.25%,5000.0,5000.0,37,800,false
"[B0GBWYGQRK, B0GBWRY8VJ, B0GCF7R2SR, B0GBX9DH1F, B0GBW9RGCX, B0GBWDVZ7H, B0GBWV3H91, B0GBX4WQNZ, B0GBX1QKLW, B0GBWV3H8J, B0GBWLPM1Z, B0GBWM8Y6P, B0GBW8F8QX, B0GBWMTPVL, B0GBX8MYNB]",amzn1.campaign.LF3DJJLETU3L,🎁 Bogg Bag Accessories | Hooks & Charms Must-Have 💎,FENNIDICE,2026-04-06,2027-04-05,15.24%,5000.0,5000.0,41,800,false
"[B0GBWYGQRK, B0GBWRY8VJ, B0GCF7R2SR, B0GBX9DH1F, B0GBW9RGCX, B0GBWDVZ7H, B0GBWV3H91, B0GBX4WQNZ, B0GBX1QKLW, B0GBWV3H8J, B0GBWLPM1Z, B0GBWM8Y6P, B0GBW8F8QX, B0GBWMTPVL, B0GBX8MYNB]",amzn1.campaign.10666AFLUOQ2W,🎁 Bogg Bag Accessories | Hooks & Charms Must-Have 💎,FENNIDICE,2026-04-06,2027-04-05,15.23%,5000.0,5000.0,28,800,false
"[B0GBWYGQRK, B0GBWRY8VJ, B0GCF7R2SR, B0GBX9DH1F, B0GBW9RGCX, B0GBWDVZ7H, B0GBWV3H91, B0GBX4WQNZ, B0GBX1QKLW, B0GBWV3H8J, B0GBWLPM1Z, B0GBWM8Y6P, B0GBW8F8QX, B0GBWMTPVL, B0GBX8MYNB]",amzn1.campaign.2R98L8UJWVEDN,🎁 Bogg Bag Accessories | Hooks & Charms Must-Have 💎,FENNIDICE,2026-04-06,2027-04-05,15.22%,5000.0,5000.0,38,800,false
"[B0GBWYGQRK, B0GBWRY8VJ, B0GCF7R2SR, B0GBX9DH1F, B0GBW9RGCX, B0GBWDVZ7H, B0GBWV3H91, B0GBX4WQNZ, B0GBX1QKLW, B0GBWV3H8J, B0GBWLPM1Z, B0GBWM8Y6P, B0GBW8F8QX, B0GBWMTPVL, B0GBX8MYNB]",amzn1.campaign.1TKLE6SREEWXP,🎁 Bogg Bag Accessories | Hooks & Charms Must-Have 💎,FENNIDICE,2026-04-06,2027-04-05,15.21%,5000.0,5000.0,37,800,false
"[B0GBWYGQRK, B0GBWRY8VJ, B0GCF7R2SR, B0GBX9DH1F, B0GBW9RGCX, B0GBWDVZ7H, B0GBWV3H91, B0GBX4WQNZ, B0GBX1QKLW, B0GBWV3H8J, B0GBWLPM1Z, B0GBWM8Y6P, B0GBW8F8QX, B0GBWMTPVL, B0GBX8MYNB]",amzn1.campaign.2QJFT302ZPVOM,🎁 Bogg Bag Accessories | Hooks & Charms Must-Have 💎,FENNIDICE,2026-04-06,2027-04-05,15.20%,5000.0,5000.0,38,800,false
"[B09BJT4VPN, B09BJSHYZ5, B0FDG2YHTP, B09BJSZ5JF, B0GGH8DGB8, B0913BKVBD, B0FDG3TPXX, B0913BCWTS, B09139KZP4, B0GGGMY5M6, B09BJT52HW, B0913C76R2]",amzn1.campaign.283WPTSAH4Q5U,JFATXTT Boat Trailer Rollers 10% Commission Campaign,JFATXTT,2026-04-08,2027-04-08,10.00%,20000.0,19975.2,3,800,false
"[B0GBWYGQRK, B0GBWRY8VJ, B0GCF7R2SR, B0GBX9DH1F, B0GBW9RGCX, B0GBWDVZ7H, B0GBWV3H91, B0GBX4WQNZ, B0GBX1QKLW, B0GBWV3H8J, B0GBWLPM1Z, B0GBWM8Y6P, B0GBW8F8QX, B0GBWMTPVL, B0GBX8MYNB]",amzn1.campaign.1IZBH4948UWED,🎁 Bogg Bag Accessories | Hooks & Charms Must-Have 💎,FENNIDICE,2026-04-06,2027-04-05,15.19%,5000.0,5000.0,33,800,false
"[B0GBWYGQRK, B0GBWRY8VJ, B0GCF7R2SR, B0GBX9DH1F, B0GBW9RGCX, B0GBWDVZ7H, B0GBWV3H91, B0GBX4WQNZ, B0GBX1QKLW, B0GBWV3H8J, B0GBWLPM1Z, B0GBWM8Y6P, B0GBW8F8QX, B0GBWMTPVL, B0GBX8MYNB]",amzn1.campaign.6YGXTGU8T924,🎁 Bogg Bag Accessories | Hooks & Charms Must-Have 💎,FENNIDICE,2026-04-06,2027-04-05,15.18%,5000.0,5000.0,41,800,false
"[B0GBWYGQRK, B0GBWRY8VJ, B0GCF7R2SR, B0GBX9DH1F, B0GBW9RGCX, B0GBWDVZ7H, B0GBWV3H91, B0GBX4WQNZ, B0GBX1QKLW, B0GBWV3H8J, B0GBWLPM1Z, B0GBWM8Y6P, B0GBW8F8QX, B0GBWMTPVL, B0GBX8MYNB]",amzn1.campaign.1H5V8F7MK67KZ,🎁 Bogg Bag Accessories | Hooks & Charms Must-Have 💎,FENNIDICE,2026-04-06,2027-04-05,15.17%,5000.0,5000.0,35,800,false
"[B0GBWYGQRK, B0GBWRY8VJ, B0GCF7R2SR, B0GBX9DH1F, B0GBW9RGCX, B0GBWDVZ7H, B0GBWV3H91, B0GBX4WQNZ, B0GBX1QKLW, B0GBWV3H8J, B0GBWLPM1Z, B0GBWM8Y6P, B0GBW8F8QX, B0GBWMTPVL, B0GBX8MYNB]",amzn1.campaign.2KK1FIXYP96HO,🎁 Bogg Bag Accessories | Hooks & Charms Must-Have 💎,FENNIDICE,2026-04-06,2027-04-05,15.16%,5000.0,5000.0,38,800,false
"[B0F2LLMVDT, B0CY2YVZ31, B0D5YYZD8G, B0D452279R, B0F6NR8VDZ, B0FKGQKJCM, B0D1XW4FT7, B0FKGHPMKJ]",amzn1.campaign.2RZM7V82AQAC3,Start a profitable journey with Witaxima—unlock exciting commissions today!,Witaxima,2026-04-08,2027-01-09,10.00%,5000.0,4994.7,0,800,false
"[B0FS83P556, B0F2J1Y4TK, B0FS83HX9R, B0F2J2MTBV, B0F2J3X5MY, B0GR87D3NK, B0FS82F67X, B0GR82Y3DZ, B0GR8LB4S7, B0FS846N24, B0F2J474YP, B0F2J3KMXR, B0F2J2MGSW, B0F2HZGCBT, B0F2J1TCBG, B0F2J1CKDV, B0FS83BSCB, B0F2HZNNDT]",amzn1.campaign.TNHGNHAEUD9V,Thick. Durable. Professional – 3.2mm Acrylic Felt by FabricLA,FabricLA,2026-04-08,2026-12-31,10.00%,5000.0,4967.16,15,800,false
"[B0GBWYGQRK, B0GBWRY8VJ, B0GCF7R2SR, B0GBX9DH1F, B0GBW9RGCX, B0GBWDVZ7H, B0GBWV3H91, B0GBX4WQNZ, B0GBX1QKLW, B0GBWV3H8J, B0GBWLPM1Z, B0GBWM8Y6P, B0GBW8F8QX, B0GBWMTPVL, B0GBX8MYNB]",amzn1.campaign.1LF703R338Z3D,🎁 Bogg Bag Accessories | Hooks & Charms Must-Have 💎,FENNIDICE,2026-04-06,2027-04-05,15.15%,5000.0,5000.0,35,800,false
"[B0GBWYGQRK, B0GBWRY8VJ, B0GCF7R2SR, B0GBX9DH1F, B0GBW9RGCX, B0GBWDVZ7H, B0GBWV3H91, B0GBX4WQNZ, B0GBX1QKLW, B0GBWV3H8J, B0GBWLPM1Z, B0GBWM8Y6P, B0GBW8F8QX, B0GBWMTPVL, B0GBX8MYNB]",amzn1.campaign.3KG2BBR5W7H7I,🎁 Bogg Bag Accessories | Hooks & Charms Must-Have 💎,FENNIDICE,2026-04-06,2027-04-05,15.14%,5000.0,5000.0,43,800,false
"[B0GBWYGQRK, B0GBWRY8VJ, B0GCF7R2SR, B0GBX9DH1F, B0GBW9RGCX, B0GBWDVZ7H, B0GBWV3H91, B0GBX4WQNZ, B0GBX1QKLW, B0GBWV3H8J, B0GBWLPM1Z, B0GBWM8Y6P, B0GBW8F8QX, B0GBWMTPVL, B0GBX8MYNB]",amzn1.campaign.35X9EQ37HG4ZN,🎁 Bogg Bag Accessories | Hooks & Charms Must-Have 💎,FENNIDICE,2026-04-06,2027-04-05,15.13%,5000.0,5000.0,40,800,false
"[B0GBWYGQRK, B0GBWRY8VJ, B0GCF7R2SR, B0GBX9DH1F, B0GBW9RGCX, B0GBWDVZ7H, B0GBWV3H91, B0GBX4WQNZ, B0GBX1QKLW, B0GBWV3H8J, B0GBWLPM1Z, B0GBWM8Y6P, B0GBW8F8QX, B0GBWMTPVL, B0GBX8MYNB]",amzn1.campaign.2RCA4EZ4V3AEG,🎁 Bogg Bag Accessories | Hooks & Charms Must-Have 💎,FENNIDICE,2026-04-06,2027-04-05,15.12%,5000.0,5000.0,40,800,false
"[B0GBWYGQRK, B0GBWRY8VJ, B0GCF7R2SR, B0GBX9DH1F, B0GBW9RGCX, B0GBWDVZ7H, B0GBWV3H91, B0GBX4WQNZ, B0GBX1QKLW, B0GBWV3H8J, B0GBWLPM1Z, B0GBWM8Y6P, B0GBW8F8QX, B0GBWMTPVL, B0GBX8MYNB]",amzn1.campaign.2NTX5UCTIZUPH,🎁 Bogg Bag Accessories | Hooks & Charms Must-Have 💎,FENNIDICE,2026-04-06,2027-04-05,15.11%,5000.0,5000.0,40,800,false
"[B0GBWYGQRK, B0GBWRY8VJ, B0GCF7R2SR, B0GBX9DH1F, B0GBW9RGCX, B0GBWDVZ7H, B0GBWV3H91, B0GBX4WQNZ, B0GBX1QKLW, B0GBWV3H8J, B0GBWLPM1Z, B0GBWM8Y6P, B0GBW8F8QX, B0GBWMTPVL, B0GBX8MYNB]",amzn1.campaign.14EI3P6KQ0256,🎁 Bogg Bag Accessories | Hooks & Charms Must-Have 💎,FENNIDICE,2026-04-06,2027-04-05,15.10%,5000.0,5000.0,37,800,false
"[B0GBWYGQRK, B0GBWRY8VJ, B0GCF7R2SR, B0GBX9DH1F, B0GBW9RGCX, B0GBWDVZ7H, B0GBWV3H91, B0GBX4WQNZ, B0GBX1QKLW, B0GBWV3H8J, B0GBWLPM1Z, B0GBWM8Y6P, B0GBW8F8QX, B0GBWMTPVL, B0GBX8MYNB]",amzn1.campaign.3TTG0PXTW5D9I,🎁 Bogg Bag Accessories | Hooks & Charms Must-Have 💎,FENNIDICE,2026-04-06,2027-04-05,15.09%,5000.0,5000.0,41,800,false
"[B0GBWYGQRK, B0GBWRY8VJ, B0GCF7R2SR, B0GBX9DH1F, B0GBW9RGCX, B0GBWDVZ7H, B0GBWV3H91, B0GBX4WQNZ, B0GBX1QKLW, B0GBWV3H8J, B0GBWLPM1Z, B0GBWM8Y6P, B0GBW8F8QX, B0GBWMTPVL, B0GBX8MYNB]",amzn1.campaign.3T00VB10UBBCY,🎁 Bogg Bag Accessories | Hooks & Charms Must-Have 💎,FENNIDICE,2026-04-06,2027-04-05,15.08%,5000.0,5000.0,41,800,false
"[B0GBWYGQRK, B0GBWRY8VJ, B0GCF7R2SR, B0GBX9DH1F, B0GBW9RGCX, B0GBWDVZ7H, B0GBWV3H91, B0GBX4WQNZ, B0GBX1QKLW, B0GBWV3H8J, B0GBWLPM1Z, B0GBWM8Y6P, B0GBW8F8QX, B0GBWMTPVL, B0GBX8MYNB]",amzn1.campaign.1TP1EOFBHADK9,🎁 Bogg Bag Accessories | Hooks & Charms Must-Have 💎,FENNIDICE,2026-04-06,2027-04-05,15.07%,5000.0,5000.0,39,800,false
"[B0GBWYGQRK, B0GBWRY8VJ, B0GCF7R2SR, B0GBX9DH1F, B0GBW9RGCX, B0GBWDVZ7H, B0GBWV3H91, B0GBX4WQNZ, B0GBX1QKLW, B0GBWV3H8J, B0GBWLPM1Z, B0GBWM8Y6P, B0GBW8F8QX, B0GBWMTPVL, B0GBX8MYNB]",amzn1.campaign.IOKS3WG2RM3C,🎁 Bogg Bag Accessories | Hooks & Charms Must-Have 💎,FENNIDICE,2026-04-06,2027-04-05,15.06%,5000.0,5000.0,43,800,false
"[B0GBWYGQRK, B0GBWRY8VJ, B0GCF7R2SR, B0GBX9DH1F, B0GBW9RGCX, B0GBWDVZ7H, B0GBWV3H91, B0GBX4WQNZ, B0GBX1QKLW, B0GBWV3H8J, B0GBWLPM1Z, B0GBWM8Y6P, B0GBW8F8QX, B0GBWMTPVL, B0GBX8MYNB]",amzn1.campaign.35RC93ZKAFHEY,🎁 Bogg Bag Accessories | Hooks & Charms Must-Have 💎,FENNIDICE,2026-04-06,2027-04-05,15.05%,5000.0,5000.0,40,800,false
"[B0GBWYGQRK, B0GBWRY8VJ, B0GCF7R2SR, B0GBX9DH1F, B0GBW9RGCX, B0GBWDVZ7H, B0GBWV3H91, B0GBX4WQNZ, B0GBX1QKLW, B0GBWV3H8J, B0GBWLPM1Z, B0GBWM8Y6P, B0GBW8F8QX, B0GBWMTPVL, B0GBX8MYNB]",amzn1.campaign.3UHQ22OF9I75D,🎁 Bogg Bag Accessories | Hooks & Charms Must-Have 💎,FENNIDICE,2026-04-06,2027-04-05,15.04%,5000.0,5000.0,41,800,false
"[B0GBWYGQRK, B0GBWRY8VJ, B0GCF7R2SR, B0GBX9DH1F, B0GBW9RGCX, B0GBWDVZ7H, B0GBWV3H91, B0GBX4WQNZ, B0GBX1QKLW, B0GBWV3H8J, B0GBWLPM1Z, B0GBWM8Y6P, B0GBW8F8QX, B0GBWMTPVL, B0GBX8MYNB]",amzn1.campaign.3L3LGO6IXTW2J,🎁 Bogg Bag Accessories | Hooks & Charms Must-Have 💎,FENNIDICE,2026-04-06,2027-04-05,15.03%,5000.0,5000.0,42,800,false
"[B0GBWYGQRK, B0GBWRY8VJ, B0GCF7R2SR, B0GBX9DH1F, B0GBW9RGCX, B0GBWDVZ7H, B0GBWV3H91, B0GBX4WQNZ, B0GBX1QKLW, B0GBWV3H8J, B0GBWLPM1Z, B0GBWM8Y6P, B0GBW8F8QX, B0GBWMTPVL, B0GBX8MYNB]",amzn1.campaign.3JM54RIWODDNM,🎁 Bogg Bag Accessories | Hooks & Charms Must-Have 💎,FENNIDICE,2026-04-06,2027-04-05,15.02%,5000.0,5000.0,39,800,false
"[B0GBWYGQRK, B0GBWRY8VJ, B0GCF7R2SR, B0GBX9DH1F, B0GBW9RGCX, B0GBWDVZ7H, B0GBWV3H91, B0GBX4WQNZ, B0GBX1QKLW, B0GBWV3H8J, B0GBWLPM1Z, B0GBWM8Y6P, B0GBW8F8QX, B0GBWMTPVL, B0GBX8MYNB]",amzn1.campaign.39DW6IQ8LS9M6,🎁 Bogg Bag Accessories | Hooks & Charms Must-Have 💎,FENNIDICE,2026-04-06,2027-04-05,15.01%,5000.0,5000.0,38,800,false
"[B0GBWYGQRK, B0GBWRY8VJ, B0GCF7R2SR, B0GBX9DH1F, B0GBW9RGCX, B0GBWDVZ7H, B0GBWV3H91, B0GBX4WQNZ, B0GBX1QKLW, B0GBWV3H8J, B0GBWLPM1Z, B0GBWM8Y6P, B0GBW8F8QX, B0GBWMTPVL, B0GBX8MYNB]",amzn1.campaign.H5PD14EERWEM,🎁 Bogg Bag Accessories | Hooks & Charms Must-Have 💎,FENNIDICE,2026-04-06,2027-04-05,15.00%,5000.0,5000.0,44,800,false
"[B0GJSV36B4, B0GJSYV3NZ, B0GJSRMQQ1]",amzn1.campaign.27BS3VHK3Q2WO,"BBQ Blanket  FR015,  FR014,  FR016",FIRE RIOT,2026-04-08,2027-04-08,10.00%,5000.0,5000.0,6,800,false
"[B0CCZZBY7Z, B0CZRLSQJP]",amzn1.campaign.GFWCDG3KQV2K,"1st trial April 6, 2026",MonesAli,2026-04-08,2027-04-08,15.00%,10000.0,9994.08,2,800,false
"[B0GHFSBTJX, B0GHFBQXR4, B0GHFB8M9G, B0GHF6SFRP, B0GHF6LSGF]",amzn1.campaign.2NCX0UHZWWHEC,"8.5x11"" 3-Hole Legal Pad | 15% Commission Affiliate Campaign",Glyanlee,2026-04-08,2026-10-31,15.00%,5000.0,4940.08,4,800,false
[B0FHWHDQ7V],amzn1.campaign.1FXZQDMRR58NM,Personalized Knit Baby Blanket with Embroidered Name 100% Cotton,WNNNS,2026-04-08,2027-04-08,10.00%,10000.0,9989.5,0,800,false
"[B0FCF8CZ13, B0FBR5K9PX]",amzn1.campaign.31J06MOXW7VV2,Monthly Sales: 3K | 10% Commission | ASIN:B0FBR5K9PX | Screen Extender | 40 Days,BreezyLife,2026-04-08,2026-12-29,15.00%,5000.0,4886.38,0,800,false
"[B0GL16XQD3, B0GKZZHN7V, B0GL19PNQL, B0GL13MW38, B0GKZXGDQR, B0GKZZGZT1, B0GL11G4WL, B0GKZF5Q5C, B0GL15TWTH, B0GL11FGBL]",amzn1.campaign.3CUUOBO9R3HZN,The most popular pants for styling - Sexy Lace Pants(10% Commission+Free Sample),tobyto,2026-04-08,2026-12-31,11.00%,5000.0,4673.25,12,800,false
"[B0CHVHTSHW, B0DM2P9S5P, B0BC27YGSB, B0DM2L9PJW, B0DM97H3QW, B0BC2DCNYQ, B0DM2L71NG, B0CHVJ1HMD, B0DM2PY5ZC, B0DM2N5JV5, B0BC28Y545, B0DM2N4464, B0DM97XP48, B0DM9C42WQ, B0DM9BG64L, B0CHVLFVT6]",amzn1.campaign.1J8BHNIEPS6WG,kylinlucky patio chair cover-Black-16%-4-7,KylinLucky,2026-04-09,2026-12-31,16.00%,5000.0,4990.37,0,800,false
[B0DCBNC83V],amzn1.campaign.1SD1AIA3J0REH,Electric Food Warming Mat BW614 50%off & 10%Commission,SINOPUREN,2026-04-08,2026-12-31,10.00%,5000.0,4996.96,0,800,false
"[B0CMQGP295, B0CMQH4BBC, B0CMQFFWRC, B0CMQHFSB2]",amzn1.campaign.1A66O699XU88G,Kylinlucky Patio Sectional Sofa Cover-Black-18%new-4-7,KylinLucky,2026-04-09,2026-12-31,18.00%,5000.0,5000.0,0,800,false
[B0FBRQBRTC],amzn1.campaign.2XPZ1X8FRNXN8,🚀 15% Commission – Join the KUNPHY Creator Team!- #BS 1!! 15%Off Code: SQ37R354,kunphy,2026-04-08,2027-04-08,15.00%,5000.0,4996.85,0,800,false
"[B0FL6RXGRG, B0FL733LFK]",amzn1.campaign.14NX3GTTMJXT2,AERZY 5Gal Smart HQ-JS2326 Humidifier Large Room Promotion Invitation,AERZY,2026-04-08,2026-10-31,10.00%,5000.0,5000.0,0,800,false
"[B0FFGVBMWK, B0FFGS3B17, B0FFGV22ZZ, B0FFGRPXJN, B0GLN6D9JF]",amzn1.campaign.3KB0K69PXZ6O,Porch Swing Cushion 10% commission,HCyopin,2026-04-08,2026-12-31,10.00%,5000.0,4989.6,6,800,false
"[B09S9LGLPQ, B09S9RF2YN]",amzn1.campaign.3VZJU4SRXN4TH,Earn 30% Commission on All About Me Posters – Get 20% Off for Your Followers!,Hadley Designs,2026-04-08,2026-10-08,30.00%,50000.0,50000.0,3,800,false
"[B0GMW82RS7, B0GMWTHT4F, B0GMWHVRQ8, B0GMWKLM6B, B0GMWL64VL, B0GMW7BCBF, B0GMW7BY9M, B0GMWK5776, B0GMW74BCD, B0GMWDKKV4, B0GMWKMV7M, B0GMWQPFLZ, B0GMW8BY8C, B0GMWK7M9K, B0GMWTF7XP, B0GMWLGQ4F, B0GMW74BCV, B0GMW828TY, B0GMWPX6QM, B0GMWKQTYV, B0GMWQP4H1, B0GMWJTLQM, B0GMWD8W83, B0GMWNM1RG]",amzn1.campaign.38XLNPVO4GX37,soccer cleats boys,LXONINXO,2026-04-08,2027-04-05,10.00%,5000.0,4995.06,6,800,false
"[B0GMW82RS7, B0GMWTHT4F, B0GMWHVRQ8, B0GMWKLM6B, B0GMWL64VL, B0GMW7BCBF, B0GMW7BY9M, B0GMWK5776, B0GMW74BCD, B0GMWDKKV4, B0GMWKMV7M, B0GMWQPFLZ, B0GMW8BY8C, B0GMWK7M9K, B0GMWTF7XP, B0GMWLGQ4F, B0GMW74BCV, B0GMW828TY, B0GMWPX6QM, B0GMWKQTYV, B0GMWQP4H1, B0GMWJTLQM, B0GMWD8W83, B0GMWNM1RG]",amzn1.campaign.B1K5O4UHMJ5Y,football cleats,LXONINXO,2026-04-08,2027-04-06,10.00%,5000.0,4852.02,0,800,false
"[B0965SQ9M6, B0965T3WY1, B0DTHM3GS3, B0DTHLKTNK, B0DTHJSXRN, B0965Q8KVL, B0965Q9BHH, B0965NZ1BK, B0DTHLHXTX, B076QLZJH8, B0965N5SMN]",amzn1.campaign.B2BOHS2IBUA3,Earn 30% Commission – Baby Shower Games Made Fun & Easy + 20% Off for Followers!,Hadley Designs,2026-04-08,2026-10-08,30.00%,50000.0,50000.0,3,800,false
"[B0DD498JH7, B0CBQ7WRMQ, B0DLPGBHKT, B0DLP2NGNP, B0CBQ8BM6T, B0DD4CLNV7, B0CBQ6VCY1, B0CBQ5X73N, B0DLPC8WLL, B0DD4BSV9Q, B0CBQ72LYK, B0CBQ5PM64, B0DLPDT136, B0DLPJ2H2S, B0DLVB47B1, B0DLPQ5LC8, B0CBQ8SZNR, B0DLPG2Y2J, B0DLPGY9KZ]",amzn1.campaign.1OUZELTEVMWXL,Kylinlucky Patio Table Cover-Black-18%-new-4-7,KylinLucky,2026-04-09,2026-12-31,18.00%,5000.0,4980.8,0,800,false
"[B0FYFGKK5P, B0F2HRMJDS, B0FS1QB9XT, B0F2MRT8W2, B0FYNWLBCR, B0FNR27X1G, B0FG35QSSF, B0FNR342G1, B0F2HJPDS6, B0FFS8CG9V, B0F2HHV1XV, B0F2HHL6D8, B0FS1R6PD6, B0F2HJFRKC]",amzn1.campaign.11BK660XVQVKM,💖Heart-Shaped Wax Beans (Sensitive Skin Formula) + 12% High Commission,Chulan,2026-04-12,2027-03-02,12.00%,9999.0,9999.0,5,800,false
"[B0DMNYJC9D, B0DWXBQXF9, B0DMNYZLXB, B0FS7FZX89, B0DMNXV25Q, B0FSDP8GZ6, B0FSDQ5CZZ, B0DWXD77GK, B0FJM8YJ6X, B0FS7JY4ZY, B0DWXBSB4S, B0FJMD6CXP]",amzn1.campaign.2L6IPJYRGKP0K,Gedengni led pillar candles -11%,Gedengni,2026-04-08,2026-09-30,10.00%,5000.0,4988.12,0,800,false
"[B0FYFGKK5P, B0F2HRMJDS, B0FS1QB9XT, B0F2MRT8W2, B0FYNWLBCR, B0FNR27X1G, B0FG35QSSF, B0FNR342G1, B0F2HJPDS6, B0FFS8CG9V, B0F2HHV1XV, B0F2HHL6D8, B0FS1R6PD6, B0F2HJFRKC]",amzn1.campaign.3MLGGYU0QLW66,💖Heart-Shaped Wax Beans (Sensitive Skin Formula) + 12% High Commission,Chulan,2026-04-11,2027-03-02,12.00%,9999.0,9999.0,8,800,false
"[B0FYFGKK5P, B0F2HRMJDS, B0FS1QB9XT, B0F2MRT8W2, B0FYNWLBCR, B0FNR27X1G, B0FG35QSSF, B0FNR342G1, B0F2HJPDS6, B0FFS8CG9V, B0F2HHV1XV, B0F2HHL6D8, B0FS1R6PD6, B0F2HJFRKC]",amzn1.campaign.1Y31D9ZGNFD9F,💖Heart-Shaped Wax Beans (Sensitive Skin Formula) + 12% High Commission,Chulan,2026-04-10,2027-03-02,12.00%,9999.0,9999.0,11,800,false
"[B0FYFGKK5P, B0F2HRMJDS, B0FS1QB9XT, B0F2MRT8W2, B0FYNWLBCR, B0FNR27X1G, B0FG35QSSF, B0FNR342G1, B0F2HJPDS6, B0FFS8CG9V, B0F2HHV1XV, B0F2HHL6D8, B0FS1R6PD6, B0F2HJFRKC]",amzn1.campaign.DPCXOI9BMWDE,💖Heart-Shaped Wax Beans (Sensitive Skin Formula) + 12% High Commission,Chulan,2026-04-09,2027-03-02,12.00%,9999.0,9999.0,12,800,false
[B0D3KXT1HS],amzn1.campaign.86CGUY8EB8PD,105 CINCOM Leg Massager,CINCOM,2026-04-08,2026-09-30,10.00%,10000.0,8386.81,0,800,false
"[B0FYFGKK5P, B0F2HRMJDS, B0FS1QB9XT, B0F2MRT8W2, B0FYNWLBCR, B0FNR27X1G, B0FG35QSSF, B0FNR342G1, B0F2HJPDS6, B0FFS8CG9V, B0F2HHV1XV, B0F2HHL6D8, B0FS1R6PD6, B0F2HJFRKC]",amzn1.campaign.1MPIC2QE2RYF0,💖Heart-Shaped Wax Beans (Sensitive Skin Formula) + 12% High Commission,Chulan,2026-04-08,2027-03-02,12.00%,9999.0,9999.0,9,800,false
"[B0GH3ZFHMV, B0GH4WTSRD, B0GH4PJG9V]",amzn1.campaign.3DCKOMEB8WT8E,Mesh air conditioner cover-22%-new-4-7,KylinLucky,2026-04-09,2026-12-31,22.00%,5000.0,4997.89,0,800,false
"[B0FZQLQ44H, B0CVVP897Y, B0B722QL63, B0FNRH329C, B0BZYPR5CD, B0CPXBV7GH]",amzn1.campaign.3KKAHPV4J7H2H,"Safe, Stylish & Comfortable Bone China Mug – Lead‑Free, Non‑Toxic-10% Commission",KALUMIKEY,2026-04-14,2027-04-01,10.00%,9999.0,9999.0,11,800,false
"[B0FZQLQ44H, B0CVVP897Y, B0B722QL63, B0FNRH329C, B0BZYPR5CD, B0CPXBV7GH]",amzn1.campaign.3OKVHHG97RHW3,"Safe, Stylish & Comfortable Bone China Mug – Lead‑Free, Non‑Toxic-10% Commission",KALUMIKEY,2026-04-13,2027-04-01,10.00%,9999.0,9999.0,19,800,false
"[B0GMPQL868, B0GMPVRWH5, B0GMQ3121Q, B0GMPZ1LDM, B0GMPZ94DP, B0GMPL381H, B0GMPTR7G7, B0GMPV82Z2]",amzn1.campaign.RUF1AUURHFE6,"Collaboration Inquiry: Active, Fun & Stylish Summer Gear with [ZukoCert]! 🏃‍♀️✨",ZukoCert,2026-04-08,2026-09-30,10.00%,5000.0,4993.34,3,800,false
"[B0FZQLQ44H, B0CVVP897Y, B0B722QL63, B0FNRH329C, B0BZYPR5CD, B0CPXBV7GH]",amzn1.campaign.LW4TZ5XGJOO6,"Safe, Stylish & Comfortable Bone China Mug – Lead‑Free, Non‑Toxic-10% Commission",KALUMIKEY,2026-04-12,2027-04-01,10.00%,9999.0,9999.0,22,800,false
[B0GLMXZ735],amzn1.campaign.3M0VLHB8MS2OK,GFU06,GLACIER FRESH,2026-04-08,2026-09-30,10.00%,10000.0,9879.44,0,800,false
[B0GGHDLVCP],amzn1.campaign.SS1ANBO75S8Z,Hiihone Peppermint Tea Bags (30 Count) - 10%,HIIHONE,2026-04-08,2027-04-08,10.00%,5000.0,4998.6,4,800,false
"[B0G3X2NB5B, B0G3XGLFH1, B0GCFXMDQP, B0G3X8DQSK]",amzn1.campaign.2V7ZB46QX0UG7,Slat Wall LED Recessed Lighting Kit 20% Commission 005,FamtaCare,2026-04-17,2027-04-13,20.00%,5000.0,5000.0,11,800,false
"[B0FZQLQ44H, B0CVVP897Y, B0B722QL63, B0FNRH329C, B0BZYPR5CD, B0CPXBV7GH]",amzn1.campaign.2UFRZUDEK032B,"Safe, Stylish & Comfortable Bone China Mug – Lead‑Free, Non‑Toxic-10% Commission",KALUMIKEY,2026-04-11,2027-04-01,10.00%,9999.0,9999.0,16,800,false
"[B0FZQLQ44H, B0CVVP897Y, B0B722QL63, B0FNRH329C, B0BZYPR5CD, B0CPXBV7GH]",amzn1.campaign.OV2ZGU3E6DLQ,"Safe, Stylish & Comfortable Bone China Mug – Lead‑Free, Non‑Toxic-10% Commission",KALUMIKEY,2026-04-10,2027-04-01,10.00%,9999.0,9999.0,24,800,false
"[B0G3X2NB5B, B0G3XGLFH1, B0GCFXMDQP, B0G3X8DQSK]",amzn1.campaign.16A61LIA4D6RB,Slat Wall LED Recessed Lighting Kit 20% Commission 004,FamtaCare,2026-04-17,2027-04-14,20.00%,5000.0,5000.0,11,800,false
"[B0G3X2NB5B, B0G3XGLFH1, B0GCFXMDQP, B0G3X8DQSK]",amzn1.campaign.USHJXIWMTN7V,Slat Wall LED Recessed Lighting Kit 20% Commission 003,FamtaCare,2026-04-17,2027-04-15,20.00%,5000.0,5000.0,21,800,false
"[B0FZQLQ44H, B0CVVP897Y, B0B722QL63, B0BZYPR5CD, B0CPXBV7GH]",amzn1.campaign.259EV6WXSVTHB,"Versatile Bone China Cups – No Heavy Metals, Just Elegance!",Gang Rinpoche,2026-04-11,2026-10-01,12.00%,9999.0,9999.0,15,800,false
"[B0G3X2NB5B, B0G3XGLFH1, B0GCFXMDQP, B0G3X8DQSK]",amzn1.campaign.38RICGZM9TRAA,Slat Wall LED Recessed Lighting Kit 20% Commission 002,FamtaCare,2026-04-17,2027-04-16,20.00%,5000.0,5000.0,16,800,false
"[B0GKLT6GGP, B0GKMLRF7V, B0GKMFZZMX, B0GKMG7HW2, B0GKM6LFYK, B0GKLJCW41, B0GKLJD842, B0GKM7X1PK, B0GKMJM8BZ, B0GKLTN2WD, B0GKM9QM4F, B0GKMLRV7R, B0GKMRB7TL, B0GKL1S7H9, B0GKL8GXKF, B0GKLPS3Z8, B0GKLNP38X, B0GKLTQ675, B0GKL18GGW, B0GKMBTTR2, B0GKLJDXDL, B0GKM9RPZ1, B0GKMG2ZJ2, B0GKM6Y18C, B0GKLJ5J4Y, B0GKMDZRCJ, B0GKLRF925, B0GKLTHWRW, B0GKLNQJ4B, B0GKLP15QZ, B0GKLYTP5L, B0GKLTD6MG, B0GKM9P1QY, B0GKL1G6YD, B0GKLZ42NH, B0GKLWG26T, B0GKMLJKH9, B0GKMLJKH8, B0GKLJ3F3R, B0GKML874Y, B0GKM6G586, B0GKLJVTY1, B0GKLJXX9P, B0GKLCXPL2, B0GKLTVMX7, B0GKL88WY8, B0GKLX2YFT, B0GKLX2YFS, B0GKLJXX9R, B0GKLP73HY, B0GKLPTGZZ, B0GKL88WYF, B0GKLTG7YH, B0GKL88WYD, B0GKMRQDC6, B0GKM41Z9Z, B0GKLW8385, B0GKKZXH5R, B0GKL1DQZ2, B0GKLD5V1N, B0GKM5S1XZ, B0GKL1B485, B0GKLCPF1N, B0GKL1RJ3G, B0GKLCYNFR, B0GKLPB3W1, B0GKLTJJX8, B0GKLRW4LX, B0GKM9JGCD, B0GKLJGND2, B0GKL19GX6, B0GKM43RWG, B0GKLLNT28, B0GKLPSSCJ, B0GKLVXS96, B0GKLS37B8, B0GKLRZD3P, B0GKKZYKH4, B0GKMX5XLQ, B0GKL4L33Q, B0GKL4DW1T, B0GKL8PZ2C, B0GKM9L44G, B0GKLPBRC4, B0GKLPGL7P, B0GKLNN3YW, B0GKLPPHVB, B0GKLZ7WQG, B0GKLNN3Z6, B0GKLZ2XPN, B0GKMWTC42, B0GKLZ3PMZ, B0GKM3LVC7, B0GKMDNMX6, B0GKL16W1J, B0GKL4F8PS, B0GKLT76ZP, B0GKMBFMHC, B0GKLCMB3H, B0GKMWVQJQ, B0GKM3WN1Z, B0GKLZ7DQN, B0GKLJKGF2, B0GKLYV2N6, B0GKMF5VKG, B0GKLW3MQJ, B0GKL1HML2, B0GKMR7VJQ, B0GKLCLJJ5, B0GKM3RH6C, B0GKLRVSQB, B0GKMJWQP1, B0GKMS1S8X, B0GKMC27K2, B0GKMWYVLZ, B0GKLTWZ1Z, B0GKML8K82, B0GKLWKCGR, B0GKMJMN6R, B0GKMC27K9, B0GKL1GMMS, B0GKLJC5JH, B0GKLRWHY9, B0GKL4B93G, B0GKL4PHXT, B0GKL8PMD5, B0GKLNT35S, B0GKMDYW7Z, B0GKL8PMD4, B0GKM1H88X, B0GKLXPPDC, B0GKMWWN3K, B0GKM1G9NN, B0GKMRX2CD, B0GKL11PHD, B0GKLNPMBC, B0GKLRBXRH, B0GKMBSBG3, B0GKM9TV2Y, B0GKLPTSKL, B0GSPL7VCY, B0GKMJS87Q, B0GQZ2GHV1, B0GKLXL7PD, B0GKLTXCDK, B0GKLRBXR6, B0GKLTPRZN, B0GKLJVD17, B0GKN51QJG, B0GKLWJPBT, B0GKLD5353, B0GKLT7YBH, B0GKLD5357, B0GKM3T3K9, B0GKL49JCK, B0GKMWSVR4, B0GKLX1Z8Y, B0GKMJSWZQ, B0GKL49JCN, B0GKLCNRGD, B0GKM9Y1RW, B0GKLTFXF6, B0GKLYSY74, B0GKKXFJK9, B0GKM1K1QJ, B0GKLRGC7P, B0GKM1CB9Y, B0GKM3T3KD, B0GKMRWLSR, B0GKLJK4KZ, B0GKMLSV19, B0GKM3RTBF, B0GKMFS7Z7, B0GKMRWLSG, B0GKMRWLSH, B0GKL4HQVK, B0GKL8615G, B0GKM5VNB4, B0GKL1GXWV, B0GKLJF959, B0GKL4LGVQ, B0GKMWSHWS, B0GKLD3YHT, B0GKL4LGVV, B0GKLWZM2B, B0GKM5QR8T, B0GKL1QZMX, B0GKM2SBMT, B0GKLPFWZL, B0GKL4CQ48, B0GKLD6MH5, B0GKLLM3LF, B0GKL8KHFF, B0GKL8S58V, B0GKM2PML4, B0GKLLMV2Z, B0GKLLMV38, B0GKLP435H, B0GKLWHN7D, B0GKM2N9ZB, B0GKL1D3K8, B0GKLP9S5G, B0GKLP4QQB, B0GKMJYGXG, B0GKMG2BY8, B0GKL1BGFK, B0GKL87BW5, B0GKLWBJBQ, B0GKL4PTRB, B0GKLWBJBN, B0GKL4PTR5]",amzn1.campaign.1AGBYS9R0UJ1M,10% Commission – Stylish Women’s Summer Beach Shorts for Your Audience!,BETTE BOUTIK,2026-04-10,2027-04-09,10.00%,5000.0,4979.92,0,800,false
"[B0FZQLQ44H, B0CVVP897Y, B0B722QL63, B0BZYPR5CD, B0CPXBV7GH]",amzn1.campaign.PL2OC0T0ZO5J,"Versatile Bone China Cups – No Heavy Metals, Just Elegance!",Gang Rinpoche,2026-04-10,2026-10-01,12.00%,9999.0,9999.0,26,800,false
"[B0GVDDX5NC, B0GVCY4C4H, B0GVD66P3H, B0GSQCTB1L, B0GVD79ZS2, B0GVCPZM73]",amzn1.campaign.3GYFWF256QBNC,Make Your Golf Ball Yours – Personalized Golf Ball Stamp,Lihome,2026-04-08,2027-04-08,15.00%,200000.0,199824.7,0,800,false
"[B0FPM7QFXZ, B0G47LYH84, B0G46QRDLN, B0G48K59WR, B0G48HBBSB, B0FPMB2FCL]",amzn1.campaign.FHWLST47K7MJ,Gedengni Scented Candles in Wooden Bowl -11%,Gedengni,2026-04-08,2026-09-30,10.00%,5000.0,4980.02,0,800,false
"[B0FZQLQ44H, B0CVVP897Y, B0B722QL63, B0BZYPR5CD, B0CPXBV7GH]",amzn1.campaign.II6BMJ51TA1L,"Versatile Bone China Cups – No Heavy Metals, Just Elegance!",Gang Rinpoche,2026-04-09,2026-10-01,12.00%,9999.0,9999.0,26,800,false
"[B0G3X2NB5B, B0G3XGLFH1, B0GCFXMDQP, B0G3X8DQSK]",amzn1.campaign.1SMCI4384YXSI,Slat Wall LED Recessed Lighting Kit 20% Commission 001,FamtaCare,2026-04-17,2027-04-17,20.00%,5000.0,5000.0,8,800,false
"[B0FZQLQ44H, B0CVVP897Y, B0B722QL63, B0BZYPR5CD, B0CPXBV7GH]",amzn1.campaign.3KPFUCUJJMBW5,"Versatile Bone China Cups – No Heavy Metals, Just Elegance!",Gang Rinpoche,2026-04-08,2026-10-01,12.00%,9999.0,9992.72,21,800,false
"[B0G3X2NB5B, B0G3XGLFH1, B0GCFXMDQP, B0G3X8DQSK]",amzn1.campaign.14QMZS7F4O24N,Slat Wall LED Recessed Lighting Kit 20% Commission 004,FamtaCare,2026-04-16,2027-04-12,20.00%,5000.0,5000.0,18,800,false
"[B0GFW21L82, B0GFW7Z2B4, B0GFW389BD, B0GFW2GR2G, B0GFVWB647, B0GFW8Y2HL, B0GFW9C4C9, B0GFWCR6F8, B0GFW6CTSV, B0GFW7WGCP, B0GFVWQ79F, B0GFWK59TS, B0GFWD85TV, B0GFW4G2MS, B0GFW1J259, B0GFVWJ93G, B0GFWCPZ1K, B0GFWKNY8T, B0GFWBX3ZD, B0GFWGHDQ1, B0GFWBS945, B0GFVWVTDZ, B0GFW36NBX, B0GFW1LJNQ, B0GFW5GM86, B0GFVWWQ9N, B0GFW5T6DG, B0GFW2MTFZ, B0GFW7MQC9, B0GFW1GM2C, B0GFVWQ787, B0GFVQL8ST, B0GFVY57DL, B0GFVTZBZJ, B0GFW1K32F, B0GFWKJ2GP, B0GFW2HTVW, B0GFVV3YQ6, B0GFW5TYYR, B0GFW4Z5MC, B0GFW3ZRQ5, B0GFWG91HX, B0GFWGHHZG, B0GFW71V1Y, B0GFVLL5VC, B0GFW5F1C2, B0GFVLRND3, B0GFW8S28W, B0GFVLL5V6, B0GFWDDJH4, B0GFVV239V, B0GFWFKN9C, B0GFVWR7F7, B0GFVWL4P3, B0GFW99B6Z, B0GFW4GCZN, B0GFVPLD7W, B0GFW4H92K, B0GFVWXX1V, B0GFVWFYJB, B0GFW23KCL, B0GFWDVTW2, B0GFVWNJCY, B0GFW3N66T, B0GFWDGVWY, B0GFWJZ583, B0GFW4VNBM, B0GFW528FG, B0GFW27KFT, B0GFW6Z7DM, B0GFW5R992, B0GFW1XTRP, B0GFW1W1PQ, B0GFW86744, B0GFVLR54Q, B0GFW85PHL, B0GFW84LSY, B0GFW21H1P, B0GFVPPYT5, B0GFW57MCQ, B0GFWCF1B8, B0GFW7SXKS, B0GFW4WP6C, B0GFW8QRZ2, B0GFWCR3B4, B0GFW19YGS, B0GFWDYVCC, B0GFW89SS9, B0GFW86745, B0GFW85424, B0GFW1QJ1J, B0GFVSTRRN, B0GFW7RBCR, B0GFW8B1W1, B0GFVWWX4B, B0GFW6Y751, B0GFW34VVZ, B0GFVPMWWV, B0GFW2NJMW, B0GFWB1N56, B0GFW93Q4X, B0GFW916VX, B0GFW2PR6T, B0GFVPQCCS, B0GFVPQCD8, B0GFW1HBLL, B0GFVWJNX3, B0GFW4G62D, B0GFW59PSP, B0GFW9LQZV, B0GFW6ZXCQ, B0GFVWNB35, B0GFWCHK4K, B0GFW1LY56, B0GFW571VR, B0GFW2B8FX, B0GFWDXVQ5, B0GFW8QGR9, B0GFW7X2P8, B0GFW1BVLD, B0GFVWRBFF, B0GFW1KWSS, B0GFVWD1NQ, B0GFW7T1JC, B0GFW8RR4X, B0GFWK5XK5, B0GFVWS4FX, B0GFW2FN7C, B0GFVWDG5Z, B0GFW5BHV3, B0GFVX27PP, B0GFW2M7W4, B0GFW6VKPW, B0GFW93116, B0GFVV26YT, B0GFVRM79L, B0GFWDC9RG, B0GFW22RW1, B0GFW4TCS4, B0GFWH5DVZ, B0GFW5RHDW, B0GFW86XBJ, B0GFW7ZDLN, B0GFVWD53Q, B0GFVPTMBY, B0GFVPPGC9, B0GFW54C3B, B0GFW1DPYC, B0GFVWK7T1, B0GFW1JBJQ, B0GFW896W1, B0GFW18FXW, B0GFW54C3W, B0GFW33MTH, B0GFW5VQ5F, B0GFVSVJ38, B0GFW2HQRF, B0GFW2K4PB, B0GFWCMGBK, B0GFVYCNNR, B0GFW5JSN8, B0GFW6S8S5, B0GFWCMGB2, B0GFW545CT, B0GFW4P7PY, B0GFW2CRCK, B0GFWRQDD1, B0GFW1D6KJ, B0GFW4DTMD, B0GFVSVYPY, B0GFW849J5, B0GFW3982B, B0GFW9NFYL, B0GFVTQ6NC, B0GFW9J52R, B0GFW5L3GH, B0GFWCT7M8, B0GFW7WRL5, B0GFWNKVXV, B0GFW9MJS2, B0GFW2GG32, B0GFVSW5YR, B0GFW93WXY, B0GFW8LKRW, B0GFWBWT7G, B0GFVWYX5R, B0GFWFW34H, B0GFW86DVY, B0GFW19V9Q, B0GFVLQ86C, B0GFW73XS7, B0GFWDNPQ2, B0GFWDNSW6, B0GFW873QR, B0GFW1QPFG, B0GFVRRTR8, B0GFW19CC4, B0GFW275B2, B0GFW836DM, B0GFVRPJSQ, B0GFW73PCR, B0GFW8MCQ4, B0GFWFVYRM]",amzn1.campaign.2L1QCT0KFBS41,Promote the Versatile Boho Western Casual Top!,BETTE BOUTIK,2026-04-10,2027-04-09,10.00%,5000.0,4994.55,0,800,false
"[B0G3X2NB5B, B0G3XGLFH1, B0GCFXMDQP, B0G3X8DQSK]",amzn1.campaign.3GJBIUT59PLT6,Slat Wall LED Recessed Lighting Kit 20% Commission 003,FamtaCare,2026-04-16,2027-04-13,20.00%,5000.0,5000.0,23,800,false
"[B0G3X2NB5B, B0G3XGLFH1, B0GCFXMDQP, B0G3X8DQSK]",amzn1.campaign.209HHHMARUCEA,Slat Wall LED Recessed Lighting Kit 20% Commission 002,FamtaCare,2026-04-16,2027-04-14,20.00%,5000.0,5000.0,21,800,false
"[B0G3X2NB5B, B0G3XGLFH1, B0GCFXMDQP, B0G3X8DQSK]",amzn1.campaign.C5ERGVECI7OB,Slat Wall LED Recessed Lighting Kit 20% Commission 001,FamtaCare,2026-04-16,2027-04-15,20.00%,5000.0,5000.0,23,800,false
"[B0GCK5RWZF, B0GCJKBZ72, B0GCJS7XWL, B0GCJQRJC2, B0GCJPKQQH, B0GCHJNV5F, B0GCJSGM24, B0GCHZHDJY, B0GCJPKQR6, B0GCHJVSXP, B0GCJRX26C, B0GCHJH1P9, B0GCH8JSMC, B0GCJCRKVZ, B0GCHZ7NQP, B0GCJRZ31Y, B0GCHZ434V, B0GCJBG7M8, B0GCJ748FH, B0GCHJP29P, B0GCK4LHHW, B0GCHJX45P, B0GCJPCW5C, B0GCHZMSHZ, B0GCJP1KD8, B0GCJCFJJS, B0GCJCRCYY, B0GCK4BCKK, B0GCHJDDS3, B0GCJCQG3J, B0GCHZPLQB, B0GCJQYYZB, B0GCHZ4LTK, B0GCHJYNGH, B0GCH89HL8, B0GCJC56VK, B0GCHYWQRR, B0GCHJQ1G7, B0GCHJY563, B0GCHH8YSF, B0GCHJSPMV, B0GCHYVB7J, B0GCJPHQ8J, B0GCK3H9PZ, B0GCHJMMJD, B0GCH8RL9H, B0GCJCVQ9F, B0GCJ81GN5, B0GCJM9W6X, B0GCJR599C, B0GCJCC254, B0GCH8B3QQ, B0GCJBYK9N, B0GCJP1KF7, B0GCHZ6BPM, B0GCJ9WFFC, B0GCHZ4HRT, B0GCJB4QJT, B0GCJMC1PB, B0GCK4YF1S, B0GCHZBFDV, B0GCJCW1PW, B0GCJCVXPQ, B0GCJCK94S, B0GCK3SZWF, B0GCJR6T28, B0GCH8QR2T, B0GCJSNHFQ, B0GCJSF345, B0GCH8QR1Y, B0GCHZ3RY3, B0GCJRBJJH, B0GCHZJ6M6, B0GCJRSFPB, B0GCJB18QC, B0GCH88GHB, B0GCHY3TFF, B0GCJR1WTM, B0GCHZ7W4G, B0GCHJWB28, B0GCJBSY95, B0GCJCSDCS, B0GCHJBZPJ, B0GCJS5125, B0GCHYLX32, B0GCHJJDM8, B0GCK3VTR3, B0GCK3N81R, B0GCJCPX42, B0GCH7XY8V, B0GCHHTKGS, B0GCJ7XMMN, B0GCHZFG7H, B0GCHX7VK6, B0GCH8HNGJ, B0GCHHBP68, B0GCJCS32T, B0GCHYRH22, B0GCHXL1CH, B0GCHJ1Z33, B0GCHY5V3Y, B0GCHY3TG8, B0GCHJVQ2X, B0GCHZ5XLJ, B0GCH8PBQV, B0GCJRY5QQ, B0GCHS1JD2, B0GCHJRZ9M, B0GCH8CPSR, B0GCH8H1WV, B0GCH8K6Z1, B0GCK41LJ8, B0GCHWWL9H, B0GCHJTWNG, B0GCHYQL49, B0GCH8P4F2, B0GCHZ8GYM, B0GCJCRGWG, B0GCJCLDSD, B0GMZ8ZJ3Y, B0GCJCFXML, B0GCHYLLSR, B0GCKCB14L, B0GCJMB73H, B0GCHJT9D5, B0GCH8M9JB, B0GCJ9HRPD, B0GCJQ3JXN, B0GCJ7Z67J, B0GCHJZTGK, B0GCJCR8K1, B0GCJB82DH, B0GCJQ9D6H, B0GCHXP7WJ, B0GCJBGXWH, B0GCHYZ59L, B0GCJRCBJP, B0GCK4QGNF, B0GCJSD98W, B0GCHW57VJ, B0GCH8FFZ2, B0GCHZ5144, B0GCHJL78Q, B0GCHJZHRJ, B0GCHY8R87, B0GCK38W3Z, B0GCHTC2WN, B0GCJCGVHN, B0GCHJQK23, B0GCHW57V1, B0GCJCX6FQ, B0GCKCND4X, B0GCH8MWWJ, B0GCJBYK98, B0GCHJH87Q, B0GCH8M3PC, B0GCJ932YY, B0GCHJQ1HG, B0GCH8RS98, B0GCJQZ39D, B0GCKCMHDK, B0GCHZQ83R, B0GCK4PFVH, B0GCHXM4P2, B0GCH8PTQ7, B0GCHT92DY, B0GCHY2WXY, B0GCJC7BZH, B0GCJC8BWF, B0GCH8DMG7, B0GCJCVMC4, B0GCJCS9DF, B0GCJBH23C, B0GCJKT6XC, B0GCH85QKZ, B0GCHZKQFK, B0GCHYV1C6, B0GCHJB39G, B0GCJCGN1H, B0GCK3K2HF, B0GCJSJQL8, B0GCHVVPB8, B0GCH8NLXX, B0GCJNWT4X, B0GCJBCMZ1, B0GCJSF97F, B0GCHY8BKX, B0GCK5GK8G, B0GCJS2B3R, B0GCJPFWV8, B0GCK3R6ZH, B0GCK33ZLH, B0GCJCNBFS, B0GCHJQ7WD, B0GCK429T6, B0GCJB5K1H, B0GCK3M4V6, B0GCH8RGTW, B0GCHZ2T47, B0GCH8CPS9, B0GCHZKJ6B, B0GCHXPV91, B0GCJCPJ1M, B0GCJR3X98, B0GCHJRCKN, B0GCHYWF77, B0GCJPJMGL, B0GCHZC4D2, B0GCKDBPXM, B0GCJCHYWM, B0GCHJYRDK]",amzn1.campaign.1X8L1A20KXAJN,Exclusive 10% Commission on a Must-Have Boho Chic Top!,BETTE BOUTIK,2026-04-10,2027-04-09,10.00%,5000.0,4982.35,0,800,false
"[B0G3X2NB5B, B0G3XGLFH1, B0GCFXMDQP, B0G3X8DQSK]",amzn1.campaign.193G0JC4KY57P,Slat Wall LED Recessed Lighting Kit 20% Commission,FamtaCare,2026-04-16,2027-04-16,20.00%,5000.0,5000.0,18,800,false
"[B0G5NJKTQP, B0FHPV4V4W, B0FHPWXFMM]",amzn1.campaign.229EIBOJL63TS,"56-60"" W x 76"" H Framed Double Sliding Shower Door",AVKENOEDY,2026-04-08,2026-12-31,10.00%,5000.0,4712.77,0,800,false
"[B0DNJQYPRZ, B0DNJRKT82, B0DNJPGXSP, B0G38X46TK, B0DNJSP18R, B0DNJPC3FC, B0G38Z6FVL, B0DNJQL7GG, B0DNJS7JTZ, B0G38W2P8Q, B0G3913HGS, B0DNJPKSMZ, B0DNJRPZ4Z, B0G3913HH9, B0DNJPRFP1, B0DNJP3TWW, B0DNJP1H38, B0DNJQGNDP, B0DNJQW7HD, B0G38VKGZL, B0G38X8YN7, B0DNJQ9SGS, B0DNJPMB6V, B0G38XFS88, B0G38WF2CP, B0G38W6TFY, B0G38VH5PL, B0G38YJW9Z, B0G38ZYSFV, B0DNJPH8SS, B0DNJPZ45W, B0DNJQZMLF, B0DNJPKX8R, B0G38W25VC, B0DNJPRGCN, B0DNJJ23PQ, B0G38Z6M5D, B0DNJQHSLH, B0DNJQJQ29, B0DNJRP8DL, B0DNJPZSC7, B0G38WRN82, B0DNJQ14TC, B0DNJQHXGP, B0DNJNZ47V, B0G38XGKY9, B0DNJR2M6T, B0G38TQV8J, B0G38YZNHL, B0G38Z6M4Z, B0DNJQH8HR, B0G38YMWPK, B0DNJRPSYN, B0DNJRZBZQ, B0DNJQDJ76, B0DNJSP18X, B0DNJQX5BN, B0G38WMRP6, B0DNJNDYRT, B0G38Z5DVV, B0DNJPQ9KV, B0G38TSNJD, B0G38WB73S, B0G38XF2C6, B0DNJS42ZG, B0DNJPQ5LT, B0DNJSJ2HW, B0DNJPPLLS, B0G38ZQNRL, B0G38SX6GD, B0DNJPHBQR, B0DNJS7JPX, B0DNJQ9WJM, B0G38YK1WR, B0DNJR9B4W, B0G38TSNK8, B0DNJRGXHJ, B0DNJQQ1HL, B0G38TK1Z9, B0DNJT3W8W, B0G38WBW2T, B0G38Z56DY, B0G38XG7K9, B0DNJPQX25, B0DNJNGJQY, B0G38YVX1M, B0G38XK24F, B0G38X8MBN, B0DNJNGJR3, B0G38ZN4WG, B0DNJPPVRK, B0DNJS8773, B0DNJQVYZG, B0DNJQBS8L, B0G38YHLDB, B0G38XLCS8, B0DNJPJMB3, B0G38ZVJN6, B0DNJNNGWM, B0DNJRB6T9, B0DNJRKTD5, B0G38ZBD9C, B0DNJPP19B, B0G38X3F48, B0DNJPSLF7, B0G38XLRBH, B0G391236H, B0G38Y822K, B0G38QN6NH, B0G38YRQ33, B0G38Y5H78, B0G38XF2DN, B0DNJP6Y5D, B0G391PSLW, B0G38XJHCY, B0DNJRB6VS, B0G38VC843, B0G38YDVFW, B0G38WVD3Z, B0DNJR7V47, B0DNJQQXX2, B0G38Z3YBM, B0G38SX6FQ, B0G38Y2KDS, B0DNJQBWT1, B0DNJPWS95, B0DNJQTFM1, B0DNJNP93H, B0DNJPT448, B0G38XJWBN, B0DNJQKLSJ, B0G38VG3LV, B0G38SC641, B0G38WJ3WX, B0DNJPTWJD, B0G38XDZZR, B0DNJRP47R, B0G38WG78G, B0DNJQ7ZBP, B0G38XS9W8, B0DNJQRJCK, B0DNJQNTSL, B0DNJSQ7J3, B0DNJQH8MN, B0DNJSVGJJ, B0G38WQNR4, B0DNJRV8XW, B0DNJP22NB, B0DNJR3ZRW, B0DNJSRPXD, B0G38X2HDW, B0DNJQRJBR, B0DNJQVP1X, B0G38XCR7K, B0G38TTLFG, B0DNJRRDKH, B0DNJQNTTN, B0G38YY2JG, B0G38X7LP2, B0DNJQ4H8G, B0DNJS42DL, B0G38X8WS4, B0DNJM8HKV, B0DNJQBCW2, B0DNJRWWQT, B0G38YSFTD, B0DNJPM4CW, B0G38Y5R3Q, B0DNJQGZTQ, B0G38VBJP6, B0G38XQX93, B0G38SNN8J, B0DNJRMZY5, B0G38XH6SJ, B0DNJP6D81, B0DNJRY2F6, B0DNJPK8S7, B0G38WQFCF, B0G38XCR8J, B0DNJQ1BWL, B0DNJQW2WR, B0G38X8WT7, B0DTK69HM2, B0G38PHPCG, B0G38XMWVG, B0G38Z56CM, B0DNJRN8S9, B0G38WWP52, B0G38YJWC2, B0G38WX5MC, B0DNJRMQWH, B0G38VZY9Y, B0G38V6T5C, B0G38Y9G5G, B0DNJT8NFH, B0DNJRWJJC, B0DNJQPV3H, B0DNJP3TR4, B0G38XMHWC, B0G38TRJFD, B0DNJR798P, B0DNJRZNHT, B0DNJQ6X4M, B0DNJRKTB8, B0DNJQ9WJ5, B0DNJNZN2J, B0G38X5RBV, B0G38Y4YX5, B0G38VVJZD, B0G38RVQ5V, B0DNJPKTT5, B0DNJQPHQY, B0G38Y1W5Z, B0DNJQPHR9, B0DNJQDJ91, B0G38TXH6Q, B0G38VNQ7G, B0G38V2SFD, B0DNJSXBFC, B0DNJP18PV, B0DNJP6PJH, B0G38VXX7P, B0DNJRMNJZ, B0G38ZW3TT, B0DNJSBZG9, B0DNJR24W6, B0G38WN41Z, B0G38VSG5C, B0G38V7933, B0DNJPVN7Y, B0DNJP6PJZ, B0G391491H, B0G38ZKJBZ, B0G38VVL7D, B0DNJQVK5K, B0DNJQKRDM, B0G38VKCFK, B0DNJPZ48F, B0DNJQG7KK, B0DNJQX5VW, B0G38TTDJ3, B0DNJRY3TB, B0G38VFYQJ, B0G38X1X5Q, B0DNJRWWQ6, B0DNJRP2LL, B0G38X2HD3, B0G38XNLYK, B0G38XNKWJ, B0DNJRBK6Z, B0DNJRV8X5, B0G38Y438N, B0G38RJ9YR, B0G38W7DZ3, B0DNJRB1DM, B0DNJQD631, B0G38YN2ZP, B0DNJQ6L86, B0G38XJHKS, B0DNJQBKTC, B0G391493C, B0DNJQD6TS, B0DNJQBCTP, B0G38XP6G2, B0DNJQH8LY, B0DNJS82FR, B0DNJQSD33, B0G38X7LMW, B0DNJQBTDX, B0DNJPNXVK, B0DNJSTWM4, B0DNJSMDL9, B0DNJR9F86, B0DNJPZJ5K, B0G38QJ3JT]",amzn1.campaign.3NV05SZ3NFNF,Earn 10% Commission by Promoting Our Boho Dressy Casual Shirts!,BETTE BOUTIK,2026-04-10,2027-04-09,10.00%,5000.0,4986.05,0,800,false
"[B0F29JFPS4, B0F29GGP6M, B0F29D8T5G, B0F29GF165]",amzn1.campaign.2Q2YRJSJM6W9K,Creator Collaboration – All-in-One Gift Bag Set,GEGIBOA,2026-04-08,2026-12-31,10.00%,50000.0,49996.52,0,800,false
"[B0GLDV9XJX, B0GLF537QT]",amzn1.campaign.58XZ4I7V6R31,"Collaboration Opportunity: Promote Pillow covers, 12% Commission, $50000 Budget",RABUSOFA,2026-04-08,2027-04-07,12.00%,50000.0,49998.24,0,800,false
"[B0FM7XK4LG, B0FHPXRQZ5, B0DZ244LGZ]",amzn1.campaign.Y51YH93OOEA5,"56-60"" W x 72"" H Frameless Shower Door",AVKENOEDY,2026-04-08,2026-11-30,10.00%,5000.0,4861.35,6,800,false
"[B0GVSHGZTW, B0GVSM7G2D, B0GVSPTFCL, B0GVSD7DMC, B0GVSFXVKY, B0GVSMX7VY]",amzn1.campaign.3G7ZM7175OLCS,Chevara: 12% Commission on Women's Vintage Double Breasted Military Jacket 0347,Chevara,2026-04-08,2027-04-08,12.00%,5000.0,4989.2,0,800,false
[B0GLF24RBG],amzn1.campaign.3BVP8HPVY82MZ,"Collaboration Opportunity: Promote Pillow covers, 12% Commission, $50000 Budget",RABUSOFA,2026-04-08,2027-04-07,12.00%,50000.0,49999.46,0,800,false
"[B0GLFPS612, B0GLFM17VB, B0GLF5NCJB]",amzn1.campaign.2SC0UJH05C82Y,"Collaboration Opportunity: Promote Pillow covers, 12% Commission, $50000 Budget",RABUSOFA,2026-04-08,2027-04-07,12.00%,50000.0,50000.0,0,800,false
"[B0CYC5X5XZ, B0DPFZ8RPB, B0GF11YLLJ]",amzn1.campaign.11NYFOMPXT59D,"🔥 MESWAO 15.6"" Creator Program — $40/Sale Commission + Free Creator Toolkit",MESWAO,2026-04-08,2027-04-08,10.00%,5000.0,5000.0,6,800,false
[B0GVD79ZS2],amzn1.campaign.2F725UE0FV6SQ,Custom Logo Golf Ball Stamp for Clubs,Lihome,2026-04-08,2027-04-08,15.00%,200000.0,199992.5,0,800,false
"[B0GVMX7QR6, B0GVN2847Z, B0GVN39SGP, B0GVMT36WG, B0GVMZFSH6, B0GVMWN1C7, B0GVN5FLFG, B0GVN1858T]",amzn1.campaign.1P57CDSSS4S2D,Chevara: 12% Commission on Women's Cinched Waist Pleated Poplin Shirt 0346,Chevara,2026-04-08,2027-04-08,12.00%,5000.0,4986.56,0,800,false
"[B0GJRBK9RJ, B0GJR7RK32, B0GJR864F2, B0GJRFCJK8, B0GJR28PCY, B0GJR5P99R, B0GJRBB5WX, B0GJRC2X7P, B0GJR67BXS, B0GJRFBC75]",amzn1.campaign.31UAUSO8L5SVU,MY0019,SLEITY,2026-04-08,2027-04-08,10.00%,6000.0,6000.0,8,800,false
"[B0FY2NRQM5, B0FH6TC28V, B0G19F6358, B0FC6M95GY, B0FCBZRTG6, B0FC6BNY7X, B0FY5MRC8J, B0G1YJFHDJ, B0FH6RWL3X, B0FYF7ZLCV, B0FY5WR3ZH, B0FY1HDRW7, B0FCC34C1M, B0G11PQTHS, B0FDW26Y8F, B0G19FHPGJ, B0FKLZDQJS, B0G1YD51M2, B0FY2N9BNL, B0G1B3B6MY, B0GM47HKWZ, B0FCBY8VY3, B0FWBVJCMR, B0G12YMLHL, B0FDPKW8BG, B0FC68P44B, B0G12YST67, B0FCBZGP1L, B0FCC4BP82, B0G1969B2B, B0FVDW7V93, B0FC6K4248, B0FDQRLYC4, B0G1313Z6F, B0FCBX9B19, B0FDQQHQX6, B0G2L694YH]",amzn1.campaign.1SWI4U9GT3UJR,Gratitude & Love: Healing Crochet Gifts for Moms & Family&colleague,Vkeyinf,2026-04-08,2027-04-07,21.10%,5000.0,5000.0,25,800,false
"[B0FY2NRQM5, B0FH6TC28V, B0G19F6358, B0FC6M95GY, B0FCBZRTG6, B0FC6BNY7X, B0FY5MRC8J, B0G1YJFHDJ, B0FH6RWL3X, B0FYF7ZLCV, B0FY5WR3ZH, B0FY1HDRW7, B0FCC34C1M, B0G11PQTHS, B0FDW26Y8F, B0G19FHPGJ, B0FKLZDQJS, B0G1YD51M2, B0FY2N9BNL, B0G1B3B6MY, B0GM47HKWZ, B0FCBY8VY3, B0FWBVJCMR, B0G12YMLHL, B0FDPKW8BG, B0FC68P44B, B0G12YST67, B0FCBZGP1L, B0FCC4BP82, B0G1969B2B, B0FVDW7V93, B0FC6K4248, B0FDQRLYC4, B0G1313Z6F, B0FCBX9B19, B0FDQQHQX6, B0G2L694YH]",amzn1.campaign.249X4C1UNOIML,Gratitude & Love: Healing Crochet Gifts for Moms & Family&colleague,Vkeyinf,2026-04-08,2027-04-07,21.09%,5000.0,5000.0,24,800,false
"[B0FY2NRQM5, B0FH6TC28V, B0G19F6358, B0FC6M95GY, B0FCBZRTG6, B0FC6BNY7X, B0FY5MRC8J, B0G1YJFHDJ, B0FH6RWL3X, B0FYF7ZLCV, B0FY5WR3ZH, B0FY1HDRW7, B0FCC34C1M, B0G11PQTHS, B0FDW26Y8F, B0G19FHPGJ, B0FKLZDQJS, B0G1YD51M2, B0FY2N9BNL, B0G1B3B6MY, B0GM47HKWZ, B0FCBY8VY3, B0FWBVJCMR, B0G12YMLHL, B0FDPKW8BG, B0FC68P44B, B0G12YST67, B0FCBZGP1L, B0FCC4BP82, B0G1969B2B, B0FVDW7V93, B0FC6K4248, B0FDQRLYC4, B0G1313Z6F, B0FCBX9B19, B0FDQQHQX6, B0G2L694YH]",amzn1.campaign.WH5N2ZG99GYY,Gratitude & Love: Healing Crochet Gifts for Moms & Family&colleague,Vkeyinf,2026-04-08,2027-04-07,21.08%,5000.0,5000.0,31,800,false
"[B0GV3X9H7N, B0GV3Z7R8J, B0GV3Z2FRT]",amzn1.campaign.JACW60RR3WCN,Chevara: 12% Commission on Women's Trendy Polka Dot Shirt Jacket 0344,Chevara,2026-04-08,2027-04-08,12.00%,5000.0,4995.92,0,800,false
"[B0FY2NRQM5, B0FH6TC28V, B0G19F6358, B0FC6M95GY, B0FCBZRTG6, B0FC6BNY7X, B0FY5MRC8J, B0G1YJFHDJ, B0FH6RWL3X, B0FYF7ZLCV, B0FY5WR3ZH, B0FY1HDRW7, B0FCC34C1M, B0G11PQTHS, B0FDW26Y8F, B0G19FHPGJ, B0FKLZDQJS, B0G1YD51M2, B0FY2N9BNL, B0G1B3B6MY, B0GM47HKWZ, B0FCBY8VY3, B0FWBVJCMR, B0G12YMLHL, B0FDPKW8BG, B0FC68P44B, B0G12YST67, B0FCBZGP1L, B0FCC4BP82, B0G1969B2B, B0FVDW7V93, B0FC6K4248, B0FDQRLYC4, B0G1313Z6F, B0FCBX9B19, B0FDQQHQX6, B0G2L694YH]",amzn1.campaign.1VGDG7CT9J8BB,Gratitude & Love: Healing Crochet Gifts for Moms & Family&colleague,Vkeyinf,2026-04-08,2027-04-07,21.07%,5000.0,5000.0,24,800,false
"[B0FY2NRQM5, B0FH6TC28V, B0G19F6358, B0FC6M95GY, B0FCBZRTG6, B0FC6BNY7X, B0FY5MRC8J, B0G1YJFHDJ, B0FH6RWL3X, B0FYF7ZLCV, B0FY5WR3ZH, B0FY1HDRW7, B0FCC34C1M, B0G11PQTHS, B0FDW26Y8F, B0G19FHPGJ, B0FKLZDQJS, B0G1YD51M2, B0FY2N9BNL, B0G1B3B6MY, B0GM47HKWZ, B0FCBY8VY3, B0FWBVJCMR, B0G12YMLHL, B0FDPKW8BG, B0FC68P44B, B0G12YST67, B0FCBZGP1L, B0FCC4BP82, B0G1969B2B, B0FVDW7V93, B0FC6K4248, B0FDQRLYC4, B0G1313Z6F, B0FCBX9B19, B0FDQQHQX6, B0G2L694YH]",amzn1.campaign.M28NHRHUIMQ8,Gratitude & Love: Healing Crochet Gifts for Moms & Family&colleague,Vkeyinf,2026-04-08,2027-04-07,21.06%,5000.0,5000.0,32,800,false
"[B0FY2NRQM5, B0FH6TC28V, B0G19F6358, B0FC6M95GY, B0FCBZRTG6, B0FC6BNY7X, B0FY5MRC8J, B0G1YJFHDJ, B0FH6RWL3X, B0FYF7ZLCV, B0FY5WR3ZH, B0FY1HDRW7, B0FCC34C1M, B0G11PQTHS, B0FDW26Y8F, B0G19FHPGJ, B0FKLZDQJS, B0G1YD51M2, B0FY2N9BNL, B0G1B3B6MY, B0GM47HKWZ, B0FCBY8VY3, B0FWBVJCMR, B0G12YMLHL, B0FDPKW8BG, B0FC68P44B, B0G12YST67, B0FCBZGP1L, B0FCC4BP82, B0G1969B2B, B0FVDW7V93, B0FC6K4248, B0FDQRLYC4, B0G1313Z6F, B0FCBX9B19, B0FDQQHQX6, B0G2L694YH]",amzn1.campaign.2SBKXHNZ8HWJT,Gratitude & Love: Healing Crochet Gifts for Moms & Family&colleague,Vkeyinf,2026-04-08,2027-04-07,21.05%,5000.0,5000.0,22,800,false
"[B0FY2NRQM5, B0FH6TC28V, B0G19F6358, B0FC6M95GY, B0FCBZRTG6, B0FC6BNY7X, B0FY5MRC8J, B0G1YJFHDJ, B0FH6RWL3X, B0FYF7ZLCV, B0FY5WR3ZH, B0FY1HDRW7, B0FCC34C1M, B0G11PQTHS, B0FDW26Y8F, B0G19FHPGJ, B0FKLZDQJS, B0G1YD51M2, B0FY2N9BNL, B0G1B3B6MY, B0GM47HKWZ, B0FCBY8VY3, B0FWBVJCMR, B0G12YMLHL, B0FDPKW8BG, B0FC68P44B, B0G12YST67, B0FCBZGP1L, B0FCC4BP82, B0G1969B2B, B0FVDW7V93, B0FC6K4248, B0FDQRLYC4, B0G1313Z6F, B0FCBX9B19, B0FDQQHQX6, B0G2L694YH]",amzn1.campaign.1FVWXJFGZE08O,Gratitude & Love: Healing Crochet Gifts for Moms & Family&colleague,Vkeyinf,2026-04-08,2027-04-07,21.04%,5000.0,5000.0,25,800,false
"[B0FY2NRQM5, B0FH6TC28V, B0G19F6358, B0FC6M95GY, B0FCBZRTG6, B0FC6BNY7X, B0FY5MRC8J, B0G1YJFHDJ, B0FH6RWL3X, B0FYF7ZLCV, B0FY5WR3ZH, B0FY1HDRW7, B0FCC34C1M, B0G11PQTHS, B0FDW26Y8F, B0G19FHPGJ, B0FKLZDQJS, B0G1YD51M2, B0FY2N9BNL, B0G1B3B6MY, B0GM47HKWZ, B0FCBY8VY3, B0FWBVJCMR, B0G12YMLHL, B0FDPKW8BG, B0FC68P44B, B0G12YST67, B0FCBZGP1L, B0FCC4BP82, B0G1969B2B, B0FVDW7V93, B0FC6K4248, B0FDQRLYC4, B0G1313Z6F, B0FCBX9B19, B0FDQQHQX6, B0G2L694YH]",amzn1.campaign.1A9NVYQJM4OBX,Gratitude & Love: Healing Crochet Gifts for Moms & Family&colleague,Vkeyinf,2026-04-08,2027-04-07,21.03%,5000.0,5000.0,25,800,false
"[B0DSG1Y6CM, B0DSG33FSS, B0DSG1K8J5]",amzn1.campaign.2BSQD0YGVHYAA,Top Outdoor Brand+10% commission: Gorich Pop Up Beach Tent with UPF50+,Gorich,2026-04-08,2026-09-30,10.00%,5000.0,4664.98,0,800,false
"[B0FY2NRQM5, B0FH6TC28V, B0G19F6358, B0FC6M95GY, B0FCBZRTG6, B0FC6BNY7X, B0FY5MRC8J, B0G1YJFHDJ, B0FH6RWL3X, B0FYF7ZLCV, B0FY5WR3ZH, B0FY1HDRW7, B0FCC34C1M, B0G11PQTHS, B0FDW26Y8F, B0G19FHPGJ, B0FKLZDQJS, B0G1YD51M2, B0FY2N9BNL, B0G1B3B6MY, B0GM47HKWZ, B0FCBY8VY3, B0FWBVJCMR, B0G12YMLHL, B0FDPKW8BG, B0FC68P44B, B0G12YST67, B0FCBZGP1L, B0FCC4BP82, B0G1969B2B, B0FVDW7V93, B0FC6K4248, B0FDQRLYC4, B0G1313Z6F, B0FCBX9B19, B0FDQQHQX6, B0G2L694YH]",amzn1.campaign.1YS3RJ38E3F7X,Gratitude & Love: Healing Crochet Gifts for Moms & Family&colleague,Vkeyinf,2026-04-08,2027-04-07,21.02%,5000.0,5000.0,26,800,false
"[B0FY2NRQM5, B0FH6TC28V, B0G19F6358, B0FC6M95GY, B0FCBZRTG6, B0FC6BNY7X, B0FY5MRC8J, B0G1YJFHDJ, B0FH6RWL3X, B0FYF7ZLCV, B0FY5WR3ZH, B0FY1HDRW7, B0FCC34C1M, B0G11PQTHS, B0FDW26Y8F, B0G19FHPGJ, B0FKLZDQJS, B0G1YD51M2, B0FY2N9BNL, B0G1B3B6MY, B0GM47HKWZ, B0FCBY8VY3, B0FWBVJCMR, B0G12YMLHL, B0FDPKW8BG, B0FC68P44B, B0G12YST67, B0FCBZGP1L, B0FCC4BP82, B0G1969B2B, B0FVDW7V93, B0FC6K4248, B0FDQRLYC4, B0G1313Z6F, B0FCBX9B19, B0FDQQHQX6, B0G2L694YH]",amzn1.campaign.2DEM2TB9CV3YZ,Gratitude & Love: Healing Crochet Gifts for Moms & Family&colleague,Vkeyinf,2026-04-08,2027-04-07,21.01%,5000.0,5000.0,25,800,false
"[B0FY2NRQM5, B0FH6TC28V, B0G19F6358, B0FC6M95GY, B0FCBZRTG6, B0FC6BNY7X, B0FY5MRC8J, B0G1YJFHDJ, B0FH6RWL3X, B0FYF7ZLCV, B0FY5WR3ZH, B0FY1HDRW7, B0FCC34C1M, B0G11PQTHS, B0FDW26Y8F, B0G19FHPGJ, B0FKLZDQJS, B0G1YD51M2, B0FY2N9BNL, B0G1B3B6MY, B0GM47HKWZ, B0FCBY8VY3, B0FWBVJCMR, B0G12YMLHL, B0FDPKW8BG, B0FC68P44B, B0G12YST67, B0FCBZGP1L, B0FCC4BP82, B0G1969B2B, B0FVDW7V93, B0FC6K4248, B0FDQRLYC4, B0G1313Z6F, B0FCBX9B19, B0FDQQHQX6, B0G2L694YH]",amzn1.campaign.1RK3CJJJ1QAQR,Gratitude & Love: Healing Crochet Gifts for Moms & Family&colleague,Vkeyinf,2026-04-08,2027-04-07,21.00%,5000.0,5000.0,28,800,false
"[B0FY2NRQM5, B0FH6TC28V, B0G19F6358, B0FC6M95GY, B0FCBZRTG6, B0FC6BNY7X, B0FY5MRC8J, B0G1YJFHDJ, B0FH6RWL3X, B0FYF7ZLCV, B0FY5WR3ZH, B0FY1HDRW7, B0FCC34C1M, B0G11PQTHS, B0FDW26Y8F, B0G19FHPGJ, B0FKLZDQJS, B0G1YD51M2, B0FY2N9BNL, B0G1B3B6MY, B0GM47HKWZ, B0FCBY8VY3, B0FWBVJCMR, B0G12YMLHL, B0FDPKW8BG, B0FC68P44B, B0G12YST67, B0FCBZGP1L, B0FCC4BP82, B0G1969B2B, B0FVDW7V93, B0FC6K4248, B0FDQRLYC4, B0G1313Z6F, B0FCBX9B19, B0FDQQHQX6, B0G2L694YH]",amzn1.campaign.33KOS6ZZS63XS,Gratitude & Love: Healing Crochet Gifts for Moms & Family&colleague,Vkeyinf,2026-04-08,2027-04-07,20.99%,5000.0,5000.0,26,800,false
"[B0FY2NRQM5, B0FH6TC28V, B0G19F6358, B0FC6M95GY, B0FCBZRTG6, B0FC6BNY7X, B0FY5MRC8J, B0G1YJFHDJ, B0FH6RWL3X, B0FYF7ZLCV, B0FY5WR3ZH, B0FY1HDRW7, B0FCC34C1M, B0G11PQTHS, B0FDW26Y8F, B0G19FHPGJ, B0FKLZDQJS, B0G1YD51M2, B0FY2N9BNL, B0G1B3B6MY, B0GM47HKWZ, B0FCBY8VY3, B0FWBVJCMR, B0G12YMLHL, B0FDPKW8BG, B0FC68P44B, B0G12YST67, B0FCBZGP1L, B0FCC4BP82, B0G1969B2B, B0FVDW7V93, B0FC6K4248, B0FDQRLYC4, B0G1313Z6F, B0FCBX9B19, B0FDQQHQX6, B0G2L694YH]",amzn1.campaign.3ENACRDHVYNXU,Gratitude & Love: Healing Crochet Gifts for Moms & Family&colleague,Vkeyinf,2026-04-08,2027-04-07,20.98%,5000.0,5000.0,31,800,false
"[B0FY2NRQM5, B0FH6TC28V, B0G19F6358, B0FC6M95GY, B0FCBZRTG6, B0FC6BNY7X, B0FY5MRC8J, B0G1YJFHDJ, B0FH6RWL3X, B0FYF7ZLCV, B0FY5WR3ZH, B0FY1HDRW7, B0FCC34C1M, B0G11PQTHS, B0FDW26Y8F, B0G19FHPGJ, B0FKLZDQJS, B0G1YD51M2, B0FY2N9BNL, B0G1B3B6MY, B0GM47HKWZ, B0FCBY8VY3, B0FWBVJCMR, B0G12YMLHL, B0FDPKW8BG, B0FC68P44B, B0G12YST67, B0FCBZGP1L, B0FCC4BP82, B0G1969B2B, B0FVDW7V93, B0FC6K4248, B0FDQRLYC4, B0G1313Z6F, B0FCBX9B19, B0FDQQHQX6, B0G2L694YH]",amzn1.campaign.2WZP7MECCA1Y0,Gratitude & Love: Healing Crochet Gifts for Moms & Family&colleague,Vkeyinf,2026-04-08,2027-04-07,20.97%,5000.0,5000.0,28,800,false
"[B0FY2NRQM5, B0FH6TC28V, B0G19F6358, B0FC6M95GY, B0FCBZRTG6, B0FC6BNY7X, B0FY5MRC8J, B0G1YJFHDJ, B0FH6RWL3X, B0FYF7ZLCV, B0FY5WR3ZH, B0FY1HDRW7, B0FCC34C1M, B0G11PQTHS, B0FDW26Y8F, B0G19FHPGJ, B0FKLZDQJS, B0G1YD51M2, B0FY2N9BNL, B0G1B3B6MY, B0GM47HKWZ, B0FCBY8VY3, B0FWBVJCMR, B0G12YMLHL, B0FDPKW8BG, B0FC68P44B, B0G12YST67, B0FCBZGP1L, B0FCC4BP82, B0G1969B2B, B0FVDW7V93, B0FC6K4248, B0FDQRLYC4, B0G1313Z6F, B0FCBX9B19, B0FDQQHQX6, B0G2L694YH]",amzn1.campaign.F4MFAZ6XEUIA,Gratitude & Love: Healing Crochet Gifts for Moms & Family&colleague,Vkeyinf,2026-04-08,2027-04-07,20.96%,5000.0,5000.0,35,800,false
"[B0BXS4NRWG, B0BXS9R5XN, B0BXS9CZGC, B0C3CJ1J7B, B0BXSC1BFY, B0BXRYXBPS, B0CB343WG6, B0CB3892S7, B0BXS1Y7VR, B0CB32L8G7, B0BXS8XYJD, B0C3CG12CR, B0BXS9R9M7, B0BXS9FP7J, B0BXS99VHL, B0C27C31LW, B0CB2VWJ8X, B0CB2WZZNS, B0C3CKRYMH, B0BXSB9Z4S, B0BXS83L6W, B0C3CKMGW9, B0CB2M4K54, B0CB2Z9L4R, B0C3CFFR4Q, B0CB334PLY, B0BXSBYN2Y, B0BXS7543C, B0BXS9PLFQ, B0C27C1G53, B0CB34DKCV, B0BXS9Y4SL, B0BXS94VTW]",amzn1.campaign.19L2LNO5TSJYD,Free Sample+15%Commission+Bandmax Masonic Rings 🛒⚫🔘💍 +B0BXS1JQHM,Bandmax,2026-04-08,2027-04-08,15.00%,5000.0,5000.0,0,800,false
"[B0FY2NRQM5, B0FH6TC28V, B0G19F6358, B0FC6M95GY, B0FCBZRTG6, B0FC6BNY7X, B0FY5MRC8J, B0G1YJFHDJ, B0FH6RWL3X, B0FYF7ZLCV, B0FY5WR3ZH, B0FY1HDRW7, B0FCC34C1M, B0G11PQTHS, B0FDW26Y8F, B0G19FHPGJ, B0FKLZDQJS, B0G1YD51M2, B0FY2N9BNL, B0G1B3B6MY, B0GM47HKWZ, B0FCBY8VY3, B0FWBVJCMR, B0G12YMLHL, B0FDPKW8BG, B0FC68P44B, B0G12YST67, B0FCBZGP1L, B0FCC4BP82, B0G1969B2B, B0FVDW7V93, B0FC6K4248, B0FDQRLYC4, B0G1313Z6F, B0FCBX9B19, B0FDQQHQX6, B0G2L694YH]",amzn1.campaign.1OI34Y6YLFV43,Gratitude & Love: Healing Crochet Gifts for Moms & Family&colleague,Vkeyinf,2026-04-08,2027-04-07,20.95%,5000.0,5000.0,28,800,false
"[B0DZT4HS41, B0DZT5DJNK]",amzn1.campaign.2PLXECBXFX4Q2,"Collaboration Opportunity: Promote Garden Flag, 12% Commission, $50000 Budget",RABUSOFA,2026-04-08,2027-04-07,12.00%,500000.0,499951.8,0,800,false
[B0CN4PRDGY],amzn1.campaign.2R3BGOA5OTNEE,60Pcs Tablecloth Clips,Bertork,2026-04-08,2027-04-08,10.00%,5000.0,4996.5,10,800,false
"[B0FY2NRQM5, B0FH6TC28V, B0G19F6358, B0FC6M95GY, B0FCBZRTG6, B0FC6BNY7X, B0FY5MRC8J, B0G1YJFHDJ, B0FH6RWL3X, B0FYF7ZLCV, B0FY5WR3ZH, B0FY1HDRW7, B0FCC34C1M, B0G11PQTHS, B0FDW26Y8F, B0G19FHPGJ, B0FKLZDQJS, B0G1YD51M2, B0FY2N9BNL, B0G1B3B6MY, B0GM47HKWZ, B0FCBY8VY3, B0FWBVJCMR, B0G12YMLHL, B0FDPKW8BG, B0FC68P44B, B0G12YST67, B0FCBZGP1L, B0FCC4BP82, B0G1969B2B, B0FVDW7V93, B0FC6K4248, B0FDQRLYC4, B0G1313Z6F, B0FCBX9B19, B0FDQQHQX6, B0G2L694YH]",amzn1.campaign.10UV1VCIL26QK,Gratitude & Love: Healing Crochet Gifts for Moms & Family&colleague,Vkeyinf,2026-04-08,2027-04-07,20.94%,5000.0,5000.0,25,800,false
"[B0DZTJ91TL, B0DZTGW2D8]",amzn1.campaign.3SII74OP7M6DF,"Collaboration Opportunity: Promote Garden Flag, 12% Commission, $50000 Budget",RABUSOFA,2026-04-08,2027-04-07,12.00%,500000.0,499983.61,0,800,false
"[B0FY2NRQM5, B0FH6TC28V, B0G19F6358, B0FC6M95GY, B0FCBZRTG6, B0FC6BNY7X, B0FY5MRC8J, B0G1YJFHDJ, B0FH6RWL3X, B0FYF7ZLCV, B0FY5WR3ZH, B0FY1HDRW7, B0FCC34C1M, B0G11PQTHS, B0FDW26Y8F, B0G19FHPGJ, B0FKLZDQJS, B0G1YD51M2, B0FY2N9BNL, B0G1B3B6MY, B0GM47HKWZ, B0FCBY8VY3, B0FWBVJCMR, B0G12YMLHL, B0FDPKW8BG, B0FC68P44B, B0G12YST67, B0FCBZGP1L, B0FCC4BP82, B0G1969B2B, B0FVDW7V93, B0FC6K4248, B0FDQRLYC4, B0G1313Z6F, B0FCBX9B19, B0FDQQHQX6, B0G2L694YH]",amzn1.campaign.2BJNYIXAGQLQK,Gratitude & Love: Healing Crochet Gifts for Moms & Family&colleague,Vkeyinf,2026-04-08,2027-04-07,20.93%,5000.0,5000.0,29,800,false
"[B0F83RQKY2, B0FS1KMCSQ, B0FP4DQHD2, B0F83RJDKX, B0F83SL2T3, B0FMPZXJM9, B0FMQ1DGDV, B0F83TKF59, B0FMPZZ8ZW, B0FMQ3WSKS]",amzn1.campaign.1551G10RWXCLT,Invitation to Promote Our Artificial Outdoor Flowers – Earn 10% Commission,Megapuxin,2026-04-08,2026-10-31,10.00%,50000.0,49995.65,0,800,false
"[B0FY2NRQM5, B0FH6TC28V, B0G19F6358, B0FC6M95GY, B0FCBZRTG6, B0FC6BNY7X, B0FY5MRC8J, B0G1YJFHDJ, B0FH6RWL3X, B0FYF7ZLCV, B0FY5WR3ZH, B0FY1HDRW7, B0FCC34C1M, B0G11PQTHS, B0FDW26Y8F, B0G19FHPGJ, B0FKLZDQJS, B0G1YD51M2, B0FY2N9BNL, B0G1B3B6MY, B0GM47HKWZ, B0FCBY8VY3, B0FWBVJCMR, B0G12YMLHL, B0FDPKW8BG, B0FC68P44B, B0G12YST67, B0FCBZGP1L, B0FCC4BP82, B0G1969B2B, B0FVDW7V93, B0FC6K4248, B0FDQRLYC4, B0G1313Z6F, B0FCBX9B19, B0FDQQHQX6, B0G2L694YH]",amzn1.campaign.15DCS79OP3F6P,Gratitude & Love: Healing Crochet Gifts for Moms & Family&colleague,Vkeyinf,2026-04-08,2027-04-07,20.92%,5000.0,5000.0,26,800,false
"[B0FY2NRQM5, B0FH6TC28V, B0G19F6358, B0FC6M95GY, B0FCBZRTG6, B0FC6BNY7X, B0FY5MRC8J, B0G1YJFHDJ, B0FH6RWL3X, B0FYF7ZLCV, B0FY5WR3ZH, B0FY1HDRW7, B0FCC34C1M, B0G11PQTHS, B0FDW26Y8F, B0G19FHPGJ, B0FKLZDQJS, B0G1YD51M2, B0FY2N9BNL, B0G1B3B6MY, B0GM47HKWZ, B0FCBY8VY3, B0FWBVJCMR, B0G12YMLHL, B0FDPKW8BG, B0FC68P44B, B0G12YST67, B0FCBZGP1L, B0FCC4BP82, B0G1969B2B, B0FVDW7V93, B0FC6K4248, B0FDQRLYC4, B0G1313Z6F, B0FCBX9B19, B0FDQQHQX6, B0G2L694YH]",amzn1.campaign.17KJAKKVFBZ1N,Gratitude & Love: Healing Crochet Gifts for Moms & Family&colleague,Vkeyinf,2026-04-08,2027-04-07,20.91%,5000.0,5000.0,28,800,false
"[B0F79SW7PT, B0F79BFS1F]",amzn1.campaign.3V3XI74JI66DV,"Collaboration Opportunity: Promote Garden Flag, 12% Commission, $50000 Budget",RABUSOFA,2026-04-08,2027-04-07,12.00%,500000.0,499937.48,0,800,false
"[B0FY2NRQM5, B0FH6TC28V, B0G19F6358, B0FC6M95GY, B0FCBZRTG6, B0FC6BNY7X, B0FY5MRC8J, B0G1YJFHDJ, B0FH6RWL3X, B0FYF7ZLCV, B0FY5WR3ZH, B0FY1HDRW7, B0FCC34C1M, B0G11PQTHS, B0FDW26Y8F, B0G19FHPGJ, B0FKLZDQJS, B0G1YD51M2, B0FY2N9BNL, B0G1B3B6MY, B0GM47HKWZ, B0FCBY8VY3, B0FWBVJCMR, B0G12YMLHL, B0FDPKW8BG, B0FC68P44B, B0G12YST67, B0FCBZGP1L, B0FCC4BP82, B0G1969B2B, B0FVDW7V93, B0FC6K4248, B0FDQRLYC4, B0G1313Z6F, B0FCBX9B19, B0FDQQHQX6, B0G2L694YH]",amzn1.campaign.17K2JMU9E2V6E,Gratitude & Love: Healing Crochet Gifts for Moms & Family&colleague,Vkeyinf,2026-04-08,2027-04-07,20.90%,5000.0,5000.0,28,800,false
"[B0FY2NRQM5, B0FH6TC28V, B0G19F6358, B0FC6M95GY, B0FCBZRTG6, B0FC6BNY7X, B0FY5MRC8J, B0G1YJFHDJ, B0FH6RWL3X, B0FYF7ZLCV, B0FY5WR3ZH, B0FY1HDRW7, B0FCC34C1M, B0G11PQTHS, B0FDW26Y8F, B0G19FHPGJ, B0FKLZDQJS, B0G1YD51M2, B0FY2N9BNL, B0G1B3B6MY, B0GM47HKWZ, B0FCBY8VY3, B0FWBVJCMR, B0G12YMLHL, B0FDPKW8BG, B0FC68P44B, B0G12YST67, B0FCBZGP1L, B0FCC4BP82, B0G1969B2B, B0FVDW7V93, B0FC6K4248, B0FDQRLYC4, B0G1313Z6F, B0FCBX9B19, B0FDQQHQX6, B0G2L694YH]",amzn1.campaign.2YWE1O74IQ7J8,Gratitude & Love: Healing Crochet Gifts for Moms & Family&colleague,Vkeyinf,2026-04-08,2027-04-07,20.89%,5000.0,5000.0,27,800,false
"[B0FY2NRQM5, B0FH6TC28V, B0G19F6358, B0FC6M95GY, B0FCBZRTG6, B0FC6BNY7X, B0FY5MRC8J, B0G1YJFHDJ, B0FH6RWL3X, B0FYF7ZLCV, B0FY5WR3ZH, B0FY1HDRW7, B0FCC34C1M, B0G11PQTHS, B0FDW26Y8F, B0G19FHPGJ, B0FKLZDQJS, B0G1YD51M2, B0FY2N9BNL, B0G1B3B6MY, B0GM47HKWZ, B0FCBY8VY3, B0FWBVJCMR, B0G12YMLHL, B0FDPKW8BG, B0FC68P44B, B0G12YST67, B0FCBZGP1L, B0FCC4BP82, B0G1969B2B, B0FVDW7V93, B0FC6K4248, B0FDQRLYC4, B0G1313Z6F, B0FCBX9B19, B0FDQQHQX6, B0G2L694YH]",amzn1.campaign.13ZDQ2O5GRQ25,Gratitude & Love: Healing Crochet Gifts for Moms & Family&colleague,Vkeyinf,2026-04-08,2027-04-07,20.88%,5000.0,5000.0,28,800,false
"[B0GK71T1D9, B0GK7BCRWP]",amzn1.campaign.1QDOIZ4GQQE5O,"Collaboration Opportunity: Promote Garden Flag, 12% Commission, $50000 Budget",RABUSOFA,2026-04-08,2027-04-07,12.00%,500000.0,499985.82,1,800,false
"[B09JNH25ZK, B092D2YB8R, B0D9NJZHJS, B0F8HJZDGB]",amzn1.campaign.128Z9POZZ5H0C,From Cakes to Canvas! ✨ Gocheer Pro Airbrush Kit Perfect for Hobbyists & Pros,Gocheer,2026-04-08,2027-04-08,10.00%,50000.0,49994.4,0,800,false
"[B0FY2NRQM5, B0FH6TC28V, B0G19F6358, B0FC6M95GY, B0FCBZRTG6, B0FC6BNY7X, B0FY5MRC8J, B0G1YJFHDJ, B0FH6RWL3X, B0FYF7ZLCV, B0FY5WR3ZH, B0FY1HDRW7, B0FCC34C1M, B0G11PQTHS, B0FDW26Y8F, B0G19FHPGJ, B0FKLZDQJS, B0G1YD51M2, B0FY2N9BNL, B0G1B3B6MY, B0GM47HKWZ, B0FCBY8VY3, B0FWBVJCMR, B0G12YMLHL, B0FDPKW8BG, B0FC68P44B, B0G12YST67, B0FCBZGP1L, B0FCC4BP82, B0G1969B2B, B0FVDW7V93, B0FC6K4248, B0FDQRLYC4, B0G1313Z6F, B0FCBX9B19, B0FDQQHQX6, B0G2L694YH]",amzn1.campaign.1JCIRLV50C54O,Gratitude & Love: Healing Crochet Gifts for Moms & Family&colleague,Vkeyinf,2026-04-08,2027-04-07,20.87%,5000.0,5000.0,28,800,false
"[B0FY2NRQM5, B0FH6TC28V, B0G19F6358, B0FC6M95GY, B0FCBZRTG6, B0FC6BNY7X, B0FY5MRC8J, B0G1YJFHDJ, B0FH6RWL3X, B0FYF7ZLCV, B0FY5WR3ZH, B0FY1HDRW7, B0FCC34C1M, B0G11PQTHS, B0FDW26Y8F, B0G19FHPGJ, B0FKLZDQJS, B0G1YD51M2, B0FY2N9BNL, B0G1B3B6MY, B0GM47HKWZ, B0FCBY8VY3, B0FWBVJCMR, B0G12YMLHL, B0FDPKW8BG, B0FC68P44B, B0G12YST67, B0FCBZGP1L, B0FCC4BP82, B0G1969B2B, B0FVDW7V93, B0FC6K4248, B0FDQRLYC4, B0G1313Z6F, B0FCBX9B19, B0FDQQHQX6, B0G2L694YH]",amzn1.campaign.2I29V8VBJEYU1,Gratitude & Love: Healing Crochet Gifts for Moms & Family&colleague,Vkeyinf,2026-04-08,2027-04-07,20.86%,5000.0,5000.0,28,800,false
"[B0GK6F85QH, B0GK6S8M7L, B0GK5DSX2V, B0GK66V38W]",amzn1.campaign.2HKM24IPA3O77,"Collaboration Opportunity: Promote Garden Flag, 12% Commission, $50000 Budget",RABUSOFA,2026-04-08,2027-04-07,12.00%,500000.0,499965.86,0,800,false
"[B09JNH25ZK, B092D2YB8R, B0D9NJZHJS, B0F8HJZDGB]",amzn1.campaign.3DWP9NFH4XQ9Y,Explore Your Creativity with Our Airbrush Sets,Gocheer,2026-04-08,2027-04-08,11.50%,50000.0,50000.0,0,800,false
"[B0FY2NRQM5, B0FH6TC28V, B0G19F6358, B0FC6M95GY, B0FCBZRTG6, B0FC6BNY7X, B0FY5MRC8J, B0G1YJFHDJ, B0FH6RWL3X, B0FYF7ZLCV, B0FY5WR3ZH, B0FY1HDRW7, B0FCC34C1M, B0G11PQTHS, B0FDW26Y8F, B0G19FHPGJ, B0FKLZDQJS, B0G1YD51M2, B0FY2N9BNL, B0G1B3B6MY, B0GM47HKWZ, B0FCBY8VY3, B0FWBVJCMR, B0G12YMLHL, B0FDPKW8BG, B0FC68P44B, B0G12YST67, B0FCBZGP1L, B0FCC4BP82, B0G1969B2B, B0FVDW7V93, B0FC6K4248, B0FDQRLYC4, B0G1313Z6F, B0FCBX9B19, B0FDQQHQX6, B0G2L694YH]",amzn1.campaign.1IAC0XIY8L106,Gratitude & Love: Healing Crochet Gifts for Moms & Family&colleague,Vkeyinf,2026-04-08,2027-04-07,20.85%,5000.0,5000.0,27,800,false
"[B0FY2NRQM5, B0FH6TC28V, B0G19F6358, B0FC6M95GY, B0FCBZRTG6, B0FC6BNY7X, B0FY5MRC8J, B0G1YJFHDJ, B0FH6RWL3X, B0FYF7ZLCV, B0FY5WR3ZH, B0FY1HDRW7, B0FCC34C1M, B0G11PQTHS, B0FDW26Y8F, B0G19FHPGJ, B0FKLZDQJS, B0G1YD51M2, B0FY2N9BNL, B0G1B3B6MY, B0GM47HKWZ, B0FCBY8VY3, B0FWBVJCMR, B0G12YMLHL, B0FDPKW8BG, B0FC68P44B, B0G12YST67, B0FCBZGP1L, B0FCC4BP82, B0G1969B2B, B0FVDW7V93, B0FC6K4248, B0FDQRLYC4, B0G1313Z6F, B0FCBX9B19, B0FDQQHQX6, B0G2L694YH]",amzn1.campaign.YNXQC9WYQP0F,Gratitude & Love: Healing Crochet Gifts for Moms & Family&colleague,Vkeyinf,2026-04-08,2027-04-07,20.84%,5000.0,5000.0,36,800,false
"[B0GK75TWQK, B0GK7311MC]",amzn1.campaign.2AIEGYU3ZGD3I,"Collaboration Opportunity: Promote Garden Flag, 12% Commission, $50000 Budget",RABUSOFA,2026-04-08,2027-04-07,12.00%,500000.0,499979.48,0,800,false
"[B0FY2NRQM5, B0FH6TC28V, B0G19F6358, B0FC6M95GY, B0FCBZRTG6, B0FC6BNY7X, B0FY5MRC8J, B0G1YJFHDJ, B0FH6RWL3X, B0FYF7ZLCV, B0FY5WR3ZH, B0FY1HDRW7, B0FCC34C1M, B0G11PQTHS, B0FDW26Y8F, B0G19FHPGJ, B0FKLZDQJS, B0G1YD51M2, B0FY2N9BNL, B0G1B3B6MY, B0GM47HKWZ, B0FCBY8VY3, B0FWBVJCMR, B0G12YMLHL, B0FDPKW8BG, B0FC68P44B, B0G12YST67, B0FCBZGP1L, B0FCC4BP82, B0G1969B2B, B0FVDW7V93, B0FC6K4248, B0FDQRLYC4, B0G1313Z6F, B0FCBX9B19, B0FDQQHQX6, B0G2L694YH]",amzn1.campaign.2E6AX0BLJ82YU,Gratitude & Love: Healing Crochet Gifts for Moms & Family&colleague,Vkeyinf,2026-04-08,2027-04-07,20.83%,5000.0,5000.0,28,800,false
"[B0GLFT4J8M, B0GLFTY84F]",amzn1.campaign.DY1Y6UUC9I4J,"Collaboration Opportunity: Promote Garden Flag, 12% Commission, $50000 Budget",RABUSOFA,2026-04-08,2027-04-07,12.00%,50000.0,49959.68,0,800,false
"[B0FY2NRQM5, B0FH6TC28V, B0G19F6358, B0FC6M95GY, B0FCBZRTG6, B0FC6BNY7X, B0FY5MRC8J, B0G1YJFHDJ, B0FH6RWL3X, B0FYF7ZLCV, B0FY5WR3ZH, B0FY1HDRW7, B0FCC34C1M, B0G11PQTHS, B0FDW26Y8F, B0G19FHPGJ, B0FKLZDQJS, B0G1YD51M2, B0FY2N9BNL, B0G1B3B6MY, B0GM47HKWZ, B0FCBY8VY3, B0FWBVJCMR, B0G12YMLHL, B0FDPKW8BG, B0FC68P44B, B0G12YST67, B0FCBZGP1L, B0FCC4BP82, B0G1969B2B, B0FVDW7V93, B0FC6K4248, B0FDQRLYC4, B0G1313Z6F, B0FCBX9B19, B0FDQQHQX6, B0G2L694YH]",amzn1.campaign.3NGEA26G6RZYZ,Gratitude & Love: Healing Crochet Gifts for Moms & Family&colleague,Vkeyinf,2026-04-08,2027-04-07,20.82%,5000.0,5000.0,35,800,false
"[B0GJRW2995, B0GJRM75RZ, B0GJRJ1MRN]",amzn1.campaign.2HE6RU36VPVX2,Modern Heart Hands Statue,Bertork,2026-04-08,2027-04-08,10.00%,5000.0,4994.4,6,800,false
"[B0FY2NRQM5, B0FH6TC28V, B0G19F6358, B0FC6M95GY, B0FCBZRTG6, B0FC6BNY7X, B0FY5MRC8J, B0G1YJFHDJ, B0FH6RWL3X, B0FYF7ZLCV, B0FY5WR3ZH, B0FY1HDRW7, B0FCC34C1M, B0G11PQTHS, B0FDW26Y8F, B0G19FHPGJ, B0FKLZDQJS, B0G1YD51M2, B0FY2N9BNL, B0G1B3B6MY, B0GM47HKWZ, B0FCBY8VY3, B0FWBVJCMR, B0G12YMLHL, B0FDPKW8BG, B0FC68P44B, B0G12YST67, B0FCBZGP1L, B0FCC4BP82, B0G1969B2B, B0FVDW7V93, B0FC6K4248, B0FDQRLYC4, B0G1313Z6F, B0FCBX9B19, B0FDQQHQX6, B0G2L694YH]",amzn1.campaign.2LGWCLHH3ZO3X,Gratitude & Love: Healing Crochet Gifts for Moms & Family&colleague,Vkeyinf,2026-04-08,2027-04-07,20.81%,5000.0,5000.0,29,800,false
"[B0FY2NRQM5, B0FH6TC28V, B0G19F6358, B0FC6M95GY, B0FCBZRTG6, B0FC6BNY7X, B0FY5MRC8J, B0G1YJFHDJ, B0FH6RWL3X, B0FYF7ZLCV, B0FY5WR3ZH, B0FY1HDRW7, B0FCC34C1M, B0G11PQTHS, B0FDW26Y8F, B0G19FHPGJ, B0FKLZDQJS, B0G1YD51M2, B0FY2N9BNL, B0G1B3B6MY, B0GM47HKWZ, B0FCBY8VY3, B0FWBVJCMR, B0G12YMLHL, B0FDPKW8BG, B0FC68P44B, B0G12YST67, B0FCBZGP1L, B0FCC4BP82, B0G1969B2B, B0FVDW7V93, B0FC6K4248, B0FDQRLYC4, B0G1313Z6F, B0FCBX9B19, B0FDQQHQX6, B0G2L694YH]",amzn1.campaign.3NK24R8JV499D,Gratitude & Love: Healing Crochet Gifts for Moms & Family&colleague,Vkeyinf,2026-04-08,2027-04-07,20.80%,5000.0,5000.0,36,800,false
"[B0GLFR1FTY, B0GLFW5Z98]",amzn1.campaign.161MM6O383TTH,"Collaboration Opportunity: Promote Garden Flag, 12% Commission, $50000 Budget",RABUSOFA,2026-04-08,2027-04-07,12.00%,50000.0,49988.62,0,800,false
"[B0FY2NRQM5, B0FH6TC28V, B0G19F6358, B0FC6M95GY, B0FCBZRTG6, B0FC6BNY7X, B0FY5MRC8J, B0G1YJFHDJ, B0FH6RWL3X, B0FYF7ZLCV, B0FY5WR3ZH, B0FY1HDRW7, B0FCC34C1M, B0G11PQTHS, B0FDW26Y8F, B0G19FHPGJ, B0FKLZDQJS, B0G1YD51M2, B0FY2N9BNL, B0G1B3B6MY, B0GM47HKWZ, B0FCBY8VY3, B0FWBVJCMR, B0G12YMLHL, B0FDPKW8BG, B0FC68P44B, B0G12YST67, B0FCBZGP1L, B0FCC4BP82, B0G1969B2B, B0FVDW7V93, B0FC6K4248, B0FDQRLYC4, B0G1313Z6F, B0FCBX9B19, B0FDQQHQX6, B0G2L694YH]",amzn1.campaign.245ATS9CMJ5WM,Gratitude & Love: Healing Crochet Gifts for Moms & Family&colleague,Vkeyinf,2026-04-08,2027-04-07,20.79%,5000.0,5000.0,28,800,false
"[B0FY2NRQM5, B0FH6TC28V, B0G19F6358, B0FC6M95GY, B0FCBZRTG6, B0FC6BNY7X, B0FY5MRC8J, B0G1YJFHDJ, B0FH6RWL3X, B0FYF7ZLCV, B0FY5WR3ZH, B0FY1HDRW7, B0FCC34C1M, B0G11PQTHS, B0FDW26Y8F, B0G19FHPGJ, B0FKLZDQJS, B0G1YD51M2, B0FY2N9BNL, B0G1B3B6MY, B0GM47HKWZ, B0FCBY8VY3, B0FWBVJCMR, B0G12YMLHL, B0FDPKW8BG, B0FC68P44B, B0G12YST67, B0FCBZGP1L, B0FCC4BP82, B0G1969B2B, B0FVDW7V93, B0FC6K4248, B0FDQRLYC4, B0G1313Z6F, B0FCBX9B19, B0FDQQHQX6, B0G2L694YH]",amzn1.campaign.M9KF2G7QAM49,Gratitude & Love: Healing Crochet Gifts for Moms & Family&colleague,Vkeyinf,2026-04-08,2027-04-07,20.78%,5000.0,5000.0,38,800,false
"[B0GMPG9Z6L, B0GMNW3TY7]",amzn1.campaign.5DPTGWLABHXI,"Collaboration Opportunity: Promote Garden Flag, 12% Commission, $50000 Budget",RABUSOFA,2026-04-08,2027-04-07,12.00%,50000.0,49992.71,3,800,false
"[B0FY2NRQM5, B0FH6TC28V, B0G19F6358, B0FC6M95GY, B0FCBZRTG6, B0FC6BNY7X, B0FY5MRC8J, B0G1YJFHDJ, B0FH6RWL3X, B0FYF7ZLCV, B0FY5WR3ZH, B0FY1HDRW7, B0FCC34C1M, B0G11PQTHS, B0FDW26Y8F, B0G19FHPGJ, B0FKLZDQJS, B0G1YD51M2, B0FY2N9BNL, B0G1B3B6MY, B0GM47HKWZ, B0FCBY8VY3, B0FWBVJCMR, B0G12YMLHL, B0FDPKW8BG, B0FC68P44B, B0G12YST67, B0FCBZGP1L, B0FCC4BP82, B0G1969B2B, B0FVDW7V93, B0FC6K4248, B0FDQRLYC4, B0G1313Z6F, B0FCBX9B19, B0FDQQHQX6, B0G2L694YH]",amzn1.campaign.MMBFMKHRQN9F,Gratitude & Love: Healing Crochet Gifts for Moms & Family&colleague,Vkeyinf,2026-04-08,2027-04-07,20.77%,5000.0,5000.0,37,800,false
[B0GKP8SDLG],amzn1.campaign.1TYF5JC82ZHY3,Earn Big with Us:  15% Commission Promoting Nail Brushes Women Love ✨,CAIHONGXYU,2026-04-08,2026-09-30,15.00%,5000.0,4755.79,0,800,false
"[B0FY2NRQM5, B0FH6TC28V, B0G19F6358, B0FC6M95GY, B0FCBZRTG6, B0FC6BNY7X, B0FY5MRC8J, B0G1YJFHDJ, B0FH6RWL3X, B0FYF7ZLCV, B0FY5WR3ZH, B0FY1HDRW7, B0FCC34C1M, B0G11PQTHS, B0FDW26Y8F, B0G19FHPGJ, B0FKLZDQJS, B0G1YD51M2, B0FY2N9BNL, B0G1B3B6MY, B0GM47HKWZ, B0FCBY8VY3, B0FWBVJCMR, B0G12YMLHL, B0FDPKW8BG, B0FC68P44B, B0G12YST67, B0FCBZGP1L, B0FCC4BP82, B0G1969B2B, B0FVDW7V93, B0FC6K4248, B0FDQRLYC4, B0G1313Z6F, B0FCBX9B19, B0FDQQHQX6, B0G2L694YH]",amzn1.campaign.JLE959BE9PTL,Gratitude & Love: Healing Crochet Gifts for Moms & Family&colleague,Vkeyinf,2026-04-08,2027-04-07,20.76%,5000.0,5000.0,37,800,false
"[B0F65TRS2M, B0F65VF9F5, B0F65M59WH, B0F65VTC39]",amzn1.campaign.263X3BUQ4XG0S,"Collaboration Opportunity: 4th of july Decoration, 12% Commission, $50000 Budget",RABUSOFA,2026-04-08,2027-04-07,12.00%,500000.0,500000.0,0,800,false
"[B0C1SLVKWJ, B0C1S8NMCV, B0BRCXV8LX, B0C1S9NH64, B0C1S72XM8, B0C3CFG5L2, B0C1S8N7ZX, B0C1SMXDMF, B0BRCWDCC6, B0BRK73LMJ, B0BVQWGWJ8, B0BRK7FWD3]",amzn1.campaign.20496K3OM0H56,"Complete Air Compressor Fitting for Shop Air Line Kit – Leak‑Proof, Easy Install",Redrock Performance,2026-04-10,2027-04-08,10.00%,9999.0,9999.0,17,800,false
"[B0C1SLVKWJ, B0C1S8NMCV, B0BRCXV8LX, B0C1S9NH64, B0C1S72XM8, B0C3CFG5L2, B0C1S8N7ZX, B0C1SMXDMF, B0BRCWDCC6, B0BRK73LMJ, B0BVQWGWJ8, B0BRK7FWD3]",amzn1.campaign.W88AWIGOQ6M7,"Complete Air Compressor Fitting for Shop Air Line Kit – Leak‑Proof, Easy Install",Redrock Performance,2026-04-09,2027-04-08,10.00%,9999.0,9999.0,26,800,false
"[B0C1SLVKWJ, B0C1S8NMCV, B0BRCXV8LX, B0C1S9NH64, B0C1S72XM8, B0C3CFG5L2, B0C1S8N7ZX, B0C1SMXDMF, B0BRCWDCC6, B0BRK73LMJ, B0BVQWGWJ8, B0BRK7FWD3]",amzn1.campaign.1EH121LUFTOS3,"Complete Air Compressor Fitting for Shop Air Line Kit – Leak‑Proof, Easy Install",Redrock Performance,2026-04-08,2027-04-08,10.00%,9999.0,9999.0,24,800,false
"[B0GLG324JX, B0GLFJKGG5, B0GLFSQWV1]",amzn1.campaign.3REDNW94DY1K9,"Collaboration Opportunity: 4th of july Decoration, 12% Commission, $50000 Budget",RABUSOFA,2026-04-08,2027-04-07,12.00%,500000.0,500000.0,8,800,false
"[B09JNH25ZK, B092D2YB8R, B0D9NJZHJS, B0F8HJZDGB]",amzn1.campaign.35R9IXR6IOVVS,"Gocheer Airbrush Kit for Painting, Modeling, Makeup, Nail",Gocheer,2026-04-08,2027-04-08,11.00%,50000.0,49993.0,0,800,false
"[B0GLFXZFTH, B0GLFWCZBN, B0GLG6HYLG]",amzn1.campaign.25VU025I2SNZP,"Collaboration Opportunity: 4th of july Decoration, 12% Commission, $50000 Budget",RABUSOFA,2026-04-08,2027-04-07,12.00%,500000.0,500000.0,2,800,false
"[B0B1LGF7SV, B0D1X9XQGL, B0D8LMBGPB, B0FQP2JMTG, B0D7Z77C96, B0B1M7Y2RD, B09P2S8ZX2, B0BXCPQF4J, B0BXCQ29CD, B0BXCR77LS, B0CQY98B2B, B0BXCRV11M]",amzn1.campaign.2W4MKV55EVAX7,"🏚️High value and High Quality! 3/4"" & 1/2""  Shop Air Line Kit Easy to Install",Redrock Performance,2026-04-11,2026-11-21,10.00%,9999.0,9999.0,32,800,false
"[B0B1LGF7SV, B0D1X9XQGL, B0D8LMBGPB, B0FQP2JMTG, B0D7Z77C96, B0B1M7Y2RD, B09P2S8ZX2, B0BXCPQF4J, B0BXCQ29CD, B0BXCR77LS, B0CQY98B2B, B0BXCRV11M]",amzn1.campaign.1I3W8583IJJGI,"🏚️High value and High Quality! 3/4"" & 1/2""  Shop Air Line Kit Easy to Install",Redrock Performance,2026-04-10,2026-11-21,10.00%,9999.0,9999.0,34,800,false
"[B0DY4VQHRB, B0DY4TF4BJ, B0DY4VF65S, B0DY4QBZ8H, B0DY4V8VQD, B0DY4WTSMK, B0DY4T2FFJ]",amzn1.campaign.2BD93NNRD435W,"Collaboration Opportunity: 4th of july Decoration, 12% Commission, $50000 Budget",RABUSOFA,2026-04-08,2027-04-07,12.00%,500000.0,499999.55,0,800,false
"[B0B1LGF7SV, B0D1X9XQGL, B0D8LMBGPB, B0FQP2JMTG, B0D7Z77C96, B0B1M7Y2RD, B09P2S8ZX2, B0BXCPQF4J, B0BXCQ29CD, B0BXCR77LS, B0CQY98B2B, B0BXCRV11M]",amzn1.campaign.1KK62QQ8SRQ1S,"🏚️High value and High Quality! 3/4"" & 1/2""  Shop Air Line Kit Easy to Install",Redrock Performance,2026-04-09,2026-11-21,10.00%,9999.0,9999.0,35,800,false
"[B0B1LGF7SV, B0D1X9XQGL, B0D8LMBGPB, B0FQP2JMTG, B0D7Z77C96, B0B1M7Y2RD, B09P2S8ZX2, B0BXCPQF4J, B0BXCQ29CD, B0BXCR77LS, B0CQY98B2B, B0BXCRV11M]",amzn1.campaign.35TDWOZFDMRP0,"🏚️High value and High Quality! 3/4"" & 1/2""  Shop Air Line Kit Easy to Install",Redrock Performance,2026-04-08,2026-11-21,10.00%,9999.0,9999.0,35,800,false
"[B0GCMYNLD8, B0GCMZGXJS, B0GCMS2C67, B0GCMTRKTK, B0GCMTMB77, B0GCNCP793, B0GCM3Y73C, B0GCMLJJ4Q, B0GCNLYTQP, B0GCMPGWLZ, B0GCNFCZFP, B0GCN5G6SC, B0GCLNG2H8, B0GCMV9MWQ, B0GCKC6J1F, B0GCNFHTJ6, B0GCMTQKBL, B0GCM426C2, B0GCM3LRHZ, B0GCMFQPN2, B0GCN1JSWR, B0GCMZGXJP, B0GCM1WPHH, B0GCMTBR6W]",amzn1.campaign.3G2OC7NMFB6OZ,"🔥 High‑Temp Protection That Sells Itself – Multiple Sizes, Easy to Promote",Redrock Performance,2026-04-11,2027-03-26,10.00%,9999.0,9999.0,27,800,false
"[B09JNH25ZK, B092D2YB8R, B0D9NJZHJS, B0F8HJZDGB]",amzn1.campaign.3PIM1T4NND62W,Gocheer Airbrush Kit – Flavor Meets Art: Redefine Cake & Pastry Design,Gocheer,2026-04-08,2027-04-08,12.00%,50000.0,49993.64,0,800,false
"[B0GCMYNLD8, B0GCMZGXJS, B0GCMS2C67, B0GCMTRKTK, B0GCMTMB77, B0GCNCP793, B0GCM3Y73C, B0GCMLJJ4Q, B0GCNLYTQP, B0GCMPGWLZ, B0GCNFCZFP, B0GCN5G6SC, B0GCLNG2H8, B0GCMV9MWQ, B0GCKC6J1F, B0GCNFHTJ6, B0GCMTQKBL, B0GCM426C2, B0GCM3LRHZ, B0GCMFQPN2, B0GCN1JSWR, B0GCMZGXJP, B0GCM1WPHH, B0GCMTBR6W]",amzn1.campaign.S9SMOTRC3T7,"🔥 High‑Temp Protection That Sells Itself – Multiple Sizes, Easy to Promote",Redrock Performance,2026-04-10,2027-03-26,10.00%,9999.0,9999.0,33,800,false
"[B0DY4VQHRB, B0DY4TF4BJ, B0DY4VF65S, B0DY4QBZ8H, B0DY4V8VQD, B0DY4WTSMK, B0DY4T2FFJ]",amzn1.campaign.2WXZNUPN3SXRS,"Collaboration Opportunity: Promote Table Runner, 12% Commission, $500000 Budget",RABUSOFA,2026-04-08,2027-04-08,12.00%,500000.0,499990.9,0,800,false
"[B0GCMYNLD8, B0GCMZGXJS, B0GCMS2C67, B0GCMTRKTK, B0GCMTMB77, B0GCNCP793, B0GCM3Y73C, B0GCMLJJ4Q, B0GCNLYTQP, B0GCMPGWLZ, B0GCNFCZFP, B0GCN5G6SC, B0GCLNG2H8, B0GCMV9MWQ, B0GCKC6J1F, B0GCNFHTJ6, B0GCMTQKBL, B0GCM426C2, B0GCM3LRHZ, B0GCMFQPN2, B0GCN1JSWR, B0GCMZGXJP, B0GCM1WPHH, B0GCMTBR6W]",amzn1.campaign.34A86YR1WX827,"🔥 High‑Temp Protection That Sells Itself – Multiple Sizes, Easy to Promote",Redrock Performance,2026-04-09,2027-03-26,10.00%,9999.0,9999.0,34,800,false
"[B0GCMYNLD8, B0GCMZGXJS, B0GCMS2C67, B0GCMTRKTK, B0GCMTMB77, B0GCNCP793, B0GCM3Y73C, B0GCMLJJ4Q, B0GCNLYTQP, B0GCMPGWLZ, B0GCNFCZFP, B0GCN5G6SC, B0GCLNG2H8, B0GCMV9MWQ, B0GCKC6J1F, B0GCNFHTJ6, B0GCMTQKBL, B0GCM426C2, B0GCM3LRHZ, B0GCMFQPN2, B0GCN1JSWR, B0GCMZGXJP, B0GCM1WPHH, B0GCMTBR6W]",amzn1.campaign.1W144BGXOZ6QS,"🔥 High‑Temp Protection That Sells Itself – Multiple Sizes, Easy to Promote",Redrock Performance,2026-04-08,2027-03-26,10.00%,9999.0,9999.0,31,800,false
"[B0F65TRS2M, B0F65VF9F5, B0F65M59WH, B0F65VTC39]",amzn1.campaign.3HT84VA00O7EC,"Collaboration Opportunity: Promote Table Runner, 12% Commission, $500000 Budget",RABUSOFA,2026-04-08,2027-04-08,12.00%,500000.0,499915.96,0,800,false
"[B0GLG324JX, B0GLFJKGG5, B0GLFSQWV1]",amzn1.campaign.17BSV8QLPZDNY,"Collaboration Opportunity: Promote Table Runner, 12% Commission, $500000 Budget",RABUSOFA,2026-04-08,2027-04-08,12.00%,50000.0,49994.17,7,800,false
"[B0B1LGF7SV, B0D1X9XQGL, B0D8LMBGPB, B0FQP2JMTG, B0D7Z77C96, B0B1M7Y2RD, B09P2S8ZX2, B0BXCPQF4J, B0BXCQ29CD, B0BXCR77LS, B0CQY98B2B, B0BXCRV11M]",amzn1.campaign.6Z058D9K9XUY,"🏚️High value and High Quality! 3/4"" & 1/2""  Shop Air Line Kit Easy to Install",Redrock Performance,2026-04-11,2026-11-28,10.00%,9999.0,9999.0,35,800,false
"[B0GCCBXDSV, B0GCCP3J8S, B0GCBPKC18, B0GC9RCZJ5, B0GCBNTP2L, B0GCB52HZJ, B0GCCMM7GP, B0GCCXSX7J, B0GCBM6C67, B0GCB52F3H, B0GCCCC2FP, B0GCCNF8HG]",amzn1.campaign.1ZB6EYYOYXJOG,New arrival mens house slipper- 15% commission creator campaign FREE samples 034,GOEWY,2026-04-08,2027-04-08,15.00%,5000.0,5000.0,9,800,false
"[B0B1LGF7SV, B0D1X9XQGL, B0D8LMBGPB, B0FQP2JMTG, B0D7Z77C96, B0B1M7Y2RD, B09P2S8ZX2, B0BXCPQF4J, B0BXCQ29CD, B0BXCR77LS, B0CQY98B2B, B0BXCRV11M]",amzn1.campaign.2G4S1N5DQ2ZHV,"🏚️High value and High Quality! 3/4"" & 1/2""  Shop Air Line Kit Easy to Install",Redrock Performance,2026-04-10,2026-11-28,10.00%,9999.0,9999.0,33,800,false
"[B0B1LGF7SV, B0D1X9XQGL, B0D8LMBGPB, B0FQP2JMTG, B0D7Z77C96, B0B1M7Y2RD, B09P2S8ZX2, B0BXCPQF4J, B0BXCQ29CD, B0BXCR77LS, B0CQY98B2B, B0BXCRV11M]",amzn1.campaign.278BRNSKZKRIH,"🏚️High value and High Quality! 3/4"" & 1/2""  Shop Air Line Kit Easy to Install",Redrock Performance,2026-04-09,2026-11-28,10.00%,9999.0,9999.0,34,800,false
"[B0GLFXZFTH, B0GLFWCZBN, B0GLG6HYLG]",amzn1.campaign.29ZE8RL76JB7M,"Collaboration Opportunity: Promote Table Runner, 12% Commission, $500000 Budget",RABUSOFA,2026-04-08,2027-04-08,12.00%,50000.0,49998.23,6,800,false
"[B0B1LGF7SV, B0D1X9XQGL, B0D8LMBGPB, B0FQP2JMTG, B0D7Z77C96, B0B1M7Y2RD, B09P2S8ZX2, B0BXCPQF4J, B0BXCQ29CD, B0BXCR77LS, B0CQY98B2B, B0BXCRV11M]",amzn1.campaign.1TD90VZ4DDAMO,"🏚️High value and High Quality! 3/4"" & 1/2""  Shop Air Line Kit Easy to Install",Redrock Performance,2026-04-08,2026-11-28,10.00%,9999.0,9999.0,35,800,false
"[B0DBVGLDVY, B0CY3PFM4W, B0F26HTH6P, B0F18JZ6ZP, B0F18DRSD2, B09QKGS6QF, B08Z3MTBPK, B0DK1NY5GD, B08TWFW1M5, B08TWD7J25, B0G56SPM9N, B0G561HF9F, B0DBVG1S5K]",amzn1.campaign.2C54IB9SCEO37,💰 17% Commission! Upgrade Dad's Bathroom with Toilet Wax Ring & Sealant Tape,MENNTY,2026-04-08,2027-04-06,17.00%,7777.0,7777.0,0,800,false
"[B0C1SLVKWJ, B0C1S8NMCV, B0BRCXV8LX, B0C1S9NH64, B0C1S72XM8, B0C3CFG5L2, B0C1S8N7ZX, B0C1SMXDMF, B0BRCWDCC6, B0BRK73LMJ, B0BVQWGWJ8, B0BRK7FWD3]",amzn1.campaign.3VVKZC1P4AJYW,"Complete Air Compressor Fitting for Shop Air Line Kit – Leak‑Proof, Easy Install",Redrock Performance,2026-04-11,2027-04-02,10.00%,9999.0,9999.0,37,800,false
"[B0C1SLVKWJ, B0C1S8NMCV, B0BRCXV8LX, B0C1S9NH64, B0C1S72XM8, B0C3CFG5L2, B0C1S8N7ZX, B0C1SMXDMF, B0BRCWDCC6, B0BRK73LMJ, B0BVQWGWJ8, B0BRK7FWD3]",amzn1.campaign.3FAEGYFGQE7NY,"Complete Air Compressor Fitting for Shop Air Line Kit – Leak‑Proof, Easy Install",Redrock Performance,2026-04-10,2027-04-02,10.00%,9999.0,9999.0,36,800,false
[B0GJDFFQ3D],amzn1.campaign.1AIZDZSPQ5Z5I,🩺 Posotrimed Post-Laser Wound Seal – Protects Fragile Healing Skin ✨,Posotrimed,2026-04-08,2027-03-31,14.00%,5000.0,4987.24,25,800,false
"[B0C1SLVKWJ, B0C1S8NMCV, B0BRCXV8LX, B0C1S9NH64, B0C1S72XM8, B0C3CFG5L2, B0C1S8N7ZX, B0C1SMXDMF, B0BRCWDCC6, B0BRK73LMJ, B0BVQWGWJ8, B0BRK7FWD3]",amzn1.campaign.3OQLTHMS5IWSL,"Complete Air Compressor Fitting for Shop Air Line Kit – Leak‑Proof, Easy Install",Redrock Performance,2026-04-08,2027-04-02,10.00%,9999.0,9999.0,37,800,false
"[B09QKGS6QF, B08Z3MTBPK, B0DK1NY5GD, B08TWFW1M5, B08TWD7J25, B0DBVGLDVY, B0G56SPM9N, B0CY3PFM4W, B0G561HF9F, B0DBVG1S5K, B0F26HTH6P]",amzn1.campaign.1L9DV6BSUZXQF,💰17% | 🛠️ Father’s Day Super Dad Gift: Toilet Wax Ring with Sealant Tape,MENNTY,2026-04-08,2027-04-07,17.00%,66666.0,66666.0,5,800,false
[B0GJDFFQ3D],amzn1.campaign.2SJB7PUIHJH5U,🌙 Posotrimed Overnight Pimple Patch – Wake Up to Flattened Zits 😴,Posotrimed,2026-04-08,2027-04-01,10.00%,5000.0,5000.0,38,800,false
"[B08V4L4N57, B08V5N344Q, B09L7XVXW2]",amzn1.campaign.VS1M2VHZ1G5Q,🛻Promote 3 Bestselling and High Value Auxiliary Fuel Tank Install Kits!,Redrock Performance,2026-04-11,2026-11-17,10.00%,9999.0,9999.0,34,800,false
[B0GJDFFQ3D],amzn1.campaign.4IUTEE5KHKWV,"✂️ Posotrimed Multi-Use Roll – Blisters, Pimples, Burns – One for All 🎯",Posotrimed,2026-04-08,2027-04-02,13.00%,5000.0,5000.0,40,800,false
"[B08V4L4N57, B08V5N344Q, B09L7XVXW2]",amzn1.campaign.3EHQO3YUZG92S,🛻Promote 3 Bestselling and High Value Auxiliary Fuel Tank Install Kits!,Redrock Performance,2026-04-09,2026-11-17,10.00%,9999.0,9999.0,36,800,false
[B0GJDFFQ3D],amzn1.campaign.1M23UM17SLBRQ,👵👶 Posotrimed Hydrocolloid – Tear-Free for Delicate & Elderly Skin 💖,Posotrimed,2026-04-08,2027-04-03,10.00%,5000.0,5000.0,35,800,false
"[B08V4L4N57, B08V5N344Q, B09L7XVXW2]",amzn1.campaign.3C3GR4MI57QVR,🛻Promote 3 Bestselling and High Value Auxiliary Fuel Tank Install Kits!,Redrock Performance,2026-04-08,2026-11-19,10.00%,9999.0,9999.0,29,800,false
[B0GJDFFQ3D],amzn1.campaign.3BKU2RSW1EN2O,🚿 Posotrimed Waterproof Bandages – Shower Without Worry 💦,Posotrimed,2026-04-08,2027-04-04,10.00%,5000.0,5000.0,36,800,false
"[B0CQY8KHDS, B0BRCQFLGH]",amzn1.campaign.1RJB94FXH4BZ4,Durable & Easy‑to‑Install Mini Brass Ball Valve – Perfect for Air Compressor,Redrock Performance,2026-04-11,2027-03-29,10.00%,9999.0,9999.0,37,800,false
[B0F4CG7PCJ],amzn1.campaign.IKM13UXEOIMS,💰 BACK IN STOCK - BEST SELLER!!! | Ravioli Pasta Kit | Mothers Day Gift,Feed Your Culinary Curiosity,2026-04-08,2026-12-31,20.00%,100000.0,99952.0,0,800,false
"[B0CQY8KHDS, B0BRCQFLGH]",amzn1.campaign.2P7KTFUDUTZTY,Durable & Easy‑to‑Install Mini Brass Ball Valve – Perfect for Air Compressor,Redrock Performance,2026-04-10,2027-03-29,10.00%,9999.0,9999.0,39,800,false
[B0GJDFFQ3D],amzn1.campaign.2JND2RL5KSIU2,🔥 Posotrimed Hydrocolloid for Burns – Faster Healing Waterproof Shield 🛡️,Posotrimed,2026-04-08,2027-04-05,11.00%,5000.0,5000.0,38,800,false
"[B0F2DJSQGJ, B0F2DMMSS7, B0F2DMT4XQ]",amzn1.campaign.1W8BTEN19RWPX,"100 PCS Men's Nipple Cover, The Original Sports Nipple Cover -Nipple Chafing",TZWXHDM,2026-04-08,2026-12-31,10.00%,5000.0,4991.41,7,800,false
"[B0CQY8KHDS, B0BRCQFLGH]",amzn1.campaign.1OIG9H4AB3GQQ,Durable & Easy‑to‑Install Mini Brass Ball Valve – Perfect for Air Compressor,Redrock Performance,2026-04-09,2027-03-29,10.00%,9999.0,9999.0,39,800,false
"[B0CQY8KHDS, B0BRCQFLGH]",amzn1.campaign.2OBS0GHHNSWC0,Durable & Easy‑to‑Install Mini Brass Ball Valve – Perfect for Air Compressor,Redrock Performance,2026-04-08,2027-03-29,10.00%,9999.0,9999.0,41,800,false
"[B09QKGS6QF, B08Z3MTBPK, B0DK1NY5GD, B08TWFW1M5, B08TWD7J25, B0DBVGLDVY, B0G56SPM9N, B0CY3PFM4W, B0G561HF9F, B0DBVG1S5K, B0F26HTH6P]",amzn1.campaign.1109IVZTZDN1H,Father’s Day Hero Fix: Premium Toilet Wax Ring with Flange + Sealant Tape | 17%,MENNTY,2026-04-08,2027-04-08,17.00%,5555.0,5539.54,0,800,false
[B0GJDFFQ3D],amzn1.campaign.3HC71J2L6GGZ,"🏥 Posotrimed Hydrocolloid Roll – Cut Any Size, Save $$ & Waste ✂️",Posotrimed,2026-04-08,2027-04-06,10.00%,5000.0,5000.0,44,800,false
"[B0F8BH47TM, B0FWRHW8J5, B0F8BGPRJF, B0F8BF9HY1, B0F8BJ56H7, B0FWRFPFKK, B0F8BJ2MCV, B0FWRKQ1M9, B0F8BJPT6P, B0F8BH6XL1, B0F8BFLYKY, B0F8BG7BRF, B0F8BJ9BVV, B0F8BDL6WP, B0F8BG6398, B0C8RYGRQM, B0F8BJ7TF7, B0F8BG41GJ, B0G1CQ1LV1, B0F8BKKHHC, B0F8BFSXQ4, B0FWRJ4GF1, B0FWRBQCJY, B0F8BJ2C9B, B0F8BGZP54, B0F8BHZ64D, B0F8BKK4NP, B0F8BH6434, B0F8BG856Q, B0F8BJ44TC, B0F8BDNNPJ, B0F8BG6TXT, B0F8BFY1R2, B0F8BHR51L, B0F8BJVWW3, B0FWRHTY3K, B0F8BJPS6F, B0F8BG7Y43, B0C8RRTFSR, B0F8BG63WC, B0F8BJCYMN, B0F8BKZQ26, B0F8BHL6FL, B0G4VQTB65, B0F8BH7X5L, B0FWRGRVCY, B0F8BH7M3T, B0F8BG1PM5]",amzn1.campaign.2FF5FX0O17OEX,"High‑Value, Highly‑Rated Air Manifolds – Easy to Sell with Multiple Size Options",Redrock Performance,2026-04-11,2027-03-02,10.00%,9999.0,9999.0,23,800,false
"[B0F5W6KF8S, B0F5W8S14H, B0FPCMB4T8, B0F5W2PYRP, B0F5W594K4, B0F5W6BR76, B0F5W2SV6V, B0F5W2F1V1, B0F5WLC7YG, B0F5WH1VR6, B0F5W4N4CC, B0F5W8VHV1, B0F5WHRJCH, B0FPCND61Q, B0FPCMPK3Y, B0F5VYXCP9, B0F5W4MYNZ, B0FPCM7DNP, B0FPCLPCK1, B0F5W5W4FS, B0F5WBQY46, B0F5WH9TS5, B0F5W5RVM8, B0F5W6LY3M, B0F5WC73J7, B0FPCMSGPM, B0F5W4MYNT, B0F5W5QWZT, B0FPCMT8LG, B0FPCK2P32, B0FPCMW9N7, B0FPCLL5B7, B0F5W6FTQH, B0F5WLGXGY, B0F5WHB6ZW, B0FPCLNNTY, B0FPCQ8R3H, B0FPCML6WP, B0F5W5F8C3, B0F5W5V9MC, B0F5W7MXRH, B0F5WQJD1L, B0F5W7NPR8, B0FPCMK45C, B0F5W66PJB, B0FPCQN8RR, B0FPCL14S9, B0FPCLRRPG, B0F5W28XBD, B0F5W8FQWN, B0F5WLDWP4, B0FPCLCDQ6, B0FPCKX6WP, B0FPCNXTM4, B0F5VVZ2CM, B0F5W62C4F, B0F5W5CNXM, B0F5W6SGS1, B0F5W2J4R5, B0F5W2VN8J, B0F5W677ZR, B0F5W22DLS]",amzn1.campaign.2XTW948OGAOFT,Monthly Order 80000+ Commission 10% B0F5WHB6ZW Floral Skirt January to December,Abaadlw,2026-04-13,2027-04-09,10.00%,5000.0,5000.0,5,800,false
"[B0F8BH47TM, B0FWRHW8J5, B0F8BGPRJF, B0F8BF9HY1, B0F8BJ56H7, B0FWRFPFKK, B0F8BJ2MCV, B0FWRKQ1M9, B0F8BJPT6P, B0F8BH6XL1, B0F8BFLYKY, B0F8BG7BRF, B0F8BJ9BVV, B0F8BDL6WP, B0F8BG6398, B0C8RYGRQM, B0F8BJ7TF7, B0F8BG41GJ, B0G1CQ1LV1, B0F8BKKHHC, B0F8BFSXQ4, B0FWRJ4GF1, B0FWRBQCJY, B0F8BJ2C9B, B0F8BGZP54, B0F8BHZ64D, B0F8BKK4NP, B0F8BH6434, B0F8BG856Q, B0F8BJ44TC, B0F8BDNNPJ, B0F8BG6TXT, B0F8BFY1R2, B0F8BHR51L, B0F8BJVWW3, B0FWRHTY3K, B0F8BJPS6F, B0F8BG7Y43, B0C8RRTFSR, B0F8BG63WC, B0F8BJCYMN, B0F8BKZQ26, B0F8BHL6FL, B0G4VQTB65, B0F8BH7X5L, B0FWRGRVCY, B0F8BH7M3T, B0F8BG1PM5]",amzn1.campaign.YPZTNEXYXYU6,"High‑Value, Highly‑Rated Air Manifolds – Easy to Sell with Multiple Size Options",Redrock Performance,2026-04-10,2027-03-02,10.00%,9999.0,9999.0,28,800,false
[B0G34G6QGB],amzn1.campaign.1KF839FQ66HP9,"2026 New Wrist Ball Exerciser, Curaball Torque Ball with LED Lights",TZWXHDM,2026-04-08,2026-12-31,10.00%,5000.0,5000.0,15,800,false
[B0GJDFFQ3D],amzn1.campaign.2CATKHU0YJ36N,"🏃‍♂️ Posotrimed Hydrocolloid for Knees – Flexible, No Slipping 💪",Posotrimed,2026-04-08,2027-04-07,11.00%,5000.0,5000.0,40,800,false
"[B0F8BH47TM, B0FWRHW8J5, B0F8BGPRJF, B0F8BF9HY1, B0F8BJ56H7, B0FWRFPFKK, B0F8BJ2MCV, B0FWRKQ1M9, B0F8BJPT6P, B0F8BH6XL1, B0F8BFLYKY, B0F8BG7BRF, B0F8BJ9BVV, B0F8BDL6WP, B0F8BG6398, B0C8RYGRQM, B0F8BJ7TF7, B0F8BG41GJ, B0G1CQ1LV1, B0F8BKKHHC, B0F8BFSXQ4, B0FWRJ4GF1, B0FWRBQCJY, B0F8BJ2C9B, B0F8BGZP54, B0F8BHZ64D, B0F8BKK4NP, B0F8BH6434, B0F8BG856Q, B0F8BJ44TC, B0F8BDNNPJ, B0F8BG6TXT, B0F8BFY1R2, B0F8BHR51L, B0F8BJVWW3, B0FWRHTY3K, B0F8BJPS6F, B0F8BG7Y43, B0C8RRTFSR, B0F8BG63WC, B0F8BJCYMN, B0F8BKZQ26, B0F8BHL6FL, B0G4VQTB65, B0F8BH7X5L, B0FWRGRVCY, B0F8BH7M3T, B0F8BG1PM5]",amzn1.campaign.1C4CDFDTFDJE4,"High‑Value, Highly‑Rated Air Manifolds – Easy to Sell with Multiple Size Options",Redrock Performance,2026-04-09,2027-03-02,10.00%,9999.0,9999.0,27,800,false
"[B0F5W6KF8S, B0F5W8S14H, B0FPCMB4T8, B0F5W2PYRP, B0F5W594K4, B0F5W6BR76, B0F5W2SV6V, B0F5W2F1V1, B0F5WLC7YG, B0F5WH1VR6, B0F5W4N4CC, B0F5W8VHV1, B0F5WHRJCH, B0FPCND61Q, B0FPCMPK3Y, B0F5VYXCP9, B0F5W4MYNZ, B0FPCM7DNP, B0FPCLPCK1, B0F5W5W4FS, B0F5WBQY46, B0F5WH9TS5, B0F5W5RVM8, B0F5W6LY3M, B0F5WC73J7, B0FPCMSGPM, B0F5W4MYNT, B0F5W5QWZT, B0FPCMT8LG, B0FPCK2P32, B0FPCMW9N7, B0FPCLL5B7, B0F5W6FTQH, B0F5WLGXGY, B0F5WHB6ZW, B0FPCLNNTY, B0FPCQ8R3H, B0FPCML6WP, B0F5W5F8C3, B0F5W5V9MC, B0F5W7MXRH, B0F5WQJD1L, B0F5W7NPR8, B0FPCMK45C, B0F5W66PJB, B0FPCQN8RR, B0FPCL14S9, B0FPCLRRPG, B0F5W28XBD, B0F5W8FQWN, B0F5WLDWP4, B0FPCLCDQ6, B0FPCKX6WP, B0FPCNXTM4, B0F5VVZ2CM, B0F5W62C4F, B0F5W5CNXM, B0F5W6SGS1, B0F5W2J4R5, B0F5W2VN8J, B0F5W677ZR, B0F5W22DLS]",amzn1.campaign.W88X2MV82NI,Monthly Order 80000+ Commission 10% B0F5WHB6ZW Floral Skirt January to December,Abaadlw,2026-04-12,2027-04-09,10.00%,5000.0,5000.0,13,800,false
"[B0F8BH47TM, B0FWRHW8J5, B0F8BGPRJF, B0F8BF9HY1, B0F8BJ56H7, B0FWRFPFKK, B0F8BJ2MCV, B0FWRKQ1M9, B0F8BJPT6P, B0F8BH6XL1, B0F8BFLYKY, B0F8BG7BRF, B0F8BJ9BVV, B0F8BDL6WP, B0F8BG6398, B0C8RYGRQM, B0F8BJ7TF7, B0F8BG41GJ, B0G1CQ1LV1, B0F8BKKHHC, B0F8BFSXQ4, B0FWRJ4GF1, B0FWRBQCJY, B0F8BJ2C9B, B0F8BGZP54, B0F8BHZ64D, B0F8BKK4NP, B0F8BH6434, B0F8BG856Q, B0F8BJ44TC, B0F8BDNNPJ, B0F8BG6TXT, B0F8BFY1R2, B0F8BHR51L, B0F8BJVWW3, B0FWRHTY3K, B0F8BJPS6F, B0F8BG7Y43, B0C8RRTFSR, B0F8BG63WC, B0F8BJCYMN, B0F8BKZQ26, B0F8BHL6FL, B0G4VQTB65, B0F8BH7X5L, B0FWRGRVCY, B0F8BH7M3T, B0F8BG1PM5]",amzn1.campaign.P08AM348RU96,"High‑Value, Highly‑Rated Air Manifolds – Easy to Sell with Multiple Size Options",Redrock Performance,2026-04-08,2027-03-02,10.00%,9999.0,9995.7,31,800,false
"[B0F5W6KF8S, B0F5W8S14H, B0FPCMB4T8, B0F5W2PYRP, B0F5W594K4, B0F5W6BR76, B0F5W2SV6V, B0F5W2F1V1, B0F5WLC7YG, B0F5WH1VR6, B0F5W4N4CC, B0F5W8VHV1, B0F5WHRJCH, B0FPCND61Q, B0FPCMPK3Y, B0F5VYXCP9, B0F5W4MYNZ, B0FPCM7DNP, B0FPCLPCK1, B0F5W5W4FS, B0F5WBQY46, B0F5WH9TS5, B0F5W5RVM8, B0F5W6LY3M, B0F5WC73J7, B0FPCMSGPM, B0F5W4MYNT, B0F5W5QWZT, B0FPCMT8LG, B0FPCK2P32, B0FPCMW9N7, B0FPCLL5B7, B0F5W6FTQH, B0F5WLGXGY, B0F5WHB6ZW, B0FPCLNNTY, B0FPCQ8R3H, B0FPCML6WP, B0F5W5F8C3, B0F5W5V9MC, B0F5W7MXRH, B0F5WQJD1L, B0F5W7NPR8, B0FPCMK45C, B0F5W66PJB, B0FPCQN8RR, B0FPCL14S9, B0FPCLRRPG, B0F5W28XBD, B0F5W8FQWN, B0F5WLDWP4, B0FPCLCDQ6, B0FPCKX6WP, B0FPCNXTM4, B0F5VVZ2CM, B0F5W62C4F, B0F5W5CNXM, B0F5W6SGS1, B0F5W2J4R5, B0F5W2VN8J, B0F5W677ZR, B0F5W22DLS]",amzn1.campaign.34A4YHSGH0BSF,Monthly Order 80000+ Commission 10% B0F5WHB6ZW Floral Skirt January to December,Abaadlw,2026-04-11,2027-04-09,10.00%,5000.0,5000.0,15,800,false
"[B0F5W6KF8S, B0F5W8S14H, B0FPCMB4T8, B0F5W2PYRP, B0F5W594K4, B0F5W6BR76, B0F5W2SV6V, B0F5W2F1V1, B0F5WLC7YG, B0F5WH1VR6, B0F5W4N4CC, B0F5W8VHV1, B0F5WHRJCH, B0FPCND61Q, B0FPCMPK3Y, B0F5VYXCP9, B0F5W4MYNZ, B0FPCM7DNP, B0FPCLPCK1, B0F5W5W4FS, B0F5WBQY46, B0F5WH9TS5, B0F5W5RVM8, B0F5W6LY3M, B0F5WC73J7, B0FPCMSGPM, B0F5W4MYNT, B0F5W5QWZT, B0FPCMT8LG, B0FPCK2P32, B0FPCMW9N7, B0FPCLL5B7, B0F5W6FTQH, B0F5WLGXGY, B0F5WHB6ZW, B0FPCLNNTY, B0FPCQ8R3H, B0FPCML6WP, B0F5W5F8C3, B0F5W5V9MC, B0F5W7MXRH, B0F5WQJD1L, B0F5W7NPR8, B0FPCMK45C, B0F5W66PJB, B0FPCQN8RR, B0FPCL14S9, B0FPCLRRPG, B0F5W28XBD, B0F5W8FQWN, B0F5WLDWP4, B0FPCLCDQ6, B0FPCKX6WP, B0FPCNXTM4, B0F5VVZ2CM, B0F5W62C4F, B0F5W5CNXM, B0F5W6SGS1, B0F5W2J4R5, B0F5W2VN8J, B0F5W677ZR, B0F5W22DLS]",amzn1.campaign.IYRUB6G8IUZ4,Monthly Order 80000+ Commission 10% B0F5WHB6ZW Floral Skirt January to December,Abaadlw,2026-04-10,2027-04-09,10.00%,5000.0,5000.0,23,800,false
[B0GJDFFQ3D],amzn1.campaign.2FDMJZIX9V3I5,🏥 Posotrimed Hydrocolloid Scar Tape – Gentle for Post-Surgery Skin 🌸,Posotrimed,2026-04-08,2027-04-07,10.00%,5000.0,5000.0,38,800,false
[B0G6Z1PK9D],amzn1.campaign.5WUTX4PY9XP0,Earn 15% commission by sharing YHOUSE Metal Case,YHOUSE,2026-04-08,2027-04-08,15.00%,5000.0,4997.46,0,800,false
"[B0F5W6KF8S, B0F5W8S14H, B0FPCMB4T8, B0F5W2PYRP, B0F5W594K4, B0F5W6BR76, B0F5W2SV6V, B0F5W2F1V1, B0F5WLC7YG, B0F5WH1VR6, B0F5W4N4CC, B0F5W8VHV1, B0F5WHRJCH, B0FPCND61Q, B0FPCMPK3Y, B0F5VYXCP9, B0F5W4MYNZ, B0FPCM7DNP, B0FPCLPCK1, B0F5W5W4FS, B0F5WBQY46, B0F5WH9TS5, B0F5W5RVM8, B0F5W6LY3M, B0F5WC73J7, B0FPCMSGPM, B0F5W4MYNT, B0F5W5QWZT, B0FPCMT8LG, B0FPCK2P32, B0FPCMW9N7, B0FPCLL5B7, B0F5W6FTQH, B0F5WLGXGY, B0F5WHB6ZW, B0FPCLNNTY, B0FPCQ8R3H, B0FPCML6WP, B0F5W5F8C3, B0F5W5V9MC, B0F5W7MXRH, B0F5WQJD1L, B0F5W7NPR8, B0FPCMK45C, B0F5W66PJB, B0FPCQN8RR, B0FPCL14S9, B0FPCLRRPG, B0F5W28XBD, B0F5W8FQWN, B0F5WLDWP4, B0FPCLCDQ6, B0FPCKX6WP, B0FPCNXTM4, B0F5VVZ2CM, B0F5W62C4F, B0F5W5CNXM, B0F5W6SGS1, B0F5W2J4R5, B0F5W2VN8J, B0F5W677ZR, B0F5W22DLS]",amzn1.campaign.2Q90IM8YLCYEH,Monthly Order 80000+ Commission 10% B0F5WHB6ZW Floral Skirt January to December,Abaadlw,2026-04-09,2027-04-09,10.00%,5000.0,5000.0,19,800,false
"[B0DXVFVNV7, B0DXVJYZ3B, B0DXVHJK54, B0DXVHL63C]",amzn1.campaign.4ASJKDOFD07B,4 PCS Heavy Duty Stainless Steel Ceiling Hooks,TZWXHDM,2026-04-08,2026-12-31,15.00%,5000.0,4997.6,12,800,false
[B0GJDFFQ3D],amzn1.campaign.V7W1WYRHSY28,🧖‍♀️ Posotrimed Hydrocolloid for Acne – 1 Roll = 50 Pimple Patches ✨,Posotrimed,2026-04-08,2027-04-08,10.00%,5000.0,5000.0,39,800,false
"[B0F5W6KF8S, B0F5W8S14H, B0FPCMB4T8, B0F5W2PYRP, B0F5W594K4, B0F5W6BR76, B0F5W2SV6V, B0F5W2F1V1, B0F5WLC7YG, B0F5WH1VR6, B0F5W4N4CC, B0F5W8VHV1, B0F5WHRJCH, B0FPCND61Q, B0FPCMPK3Y, B0F5VYXCP9, B0F5W4MYNZ, B0FPCM7DNP, B0FPCLPCK1, B0F5W5W4FS, B0F5WBQY46, B0F5WH9TS5, B0F5W5RVM8, B0F5W6LY3M, B0F5WC73J7, B0FPCMSGPM, B0F5W4MYNT, B0F5W5QWZT, B0FPCMT8LG, B0FPCK2P32, B0FPCMW9N7, B0FPCLL5B7, B0F5W6FTQH, B0F5WLGXGY, B0F5WHB6ZW, B0FPCLNNTY, B0FPCQ8R3H, B0FPCML6WP, B0F5W5F8C3, B0F5W5V9MC, B0F5W7MXRH, B0F5WQJD1L, B0F5W7NPR8, B0FPCMK45C, B0F5W66PJB, B0FPCQN8RR, B0FPCL14S9, B0FPCLRRPG, B0F5W28XBD, B0F5W8FQWN, B0F5WLDWP4, B0FPCLCDQ6, B0FPCKX6WP, B0FPCNXTM4, B0F5VVZ2CM, B0F5W62C4F, B0F5W5CNXM, B0F5W6SGS1, B0F5W2J4R5, B0F5W2VN8J, B0F5W677ZR, B0F5W22DLS]",amzn1.campaign.5FH6QP9810TU,Monthly Order 80000+ Commission 10% B0F5WHB6ZW Floral Skirt January to December,Abaadlw,2026-04-08,2027-03-02,10.00%,5000.0,5000.0,28,800,false
[B0FX3PC4W6],amzn1.campaign.1CK730GIZV5GR,"Locking Carabiner Clip 2 Pack, Heavy Duty 500lbs Capacity",TZWXHDM,2026-04-08,2026-12-31,12.00%,5000.0,4998.44,15,800,false
"[B0F5B36297, B0FNML2D8L, B0CZ3D7NGJ, B0FT7G2JFK, B0DYJ2V5F1, B0DYJSL2FV, B0D4YMXYFJ, B0FNMMYSMQ, B0CZ33KJ3P, B0FNMMR9MZ]",amzn1.campaign.3H0RQT89OLH6J,Mother’s Day Glow‑In‑The‑Dark Frog Toilet Decor Cover|Fun Bathroom Upgrade | 17%,MENNTY,2026-04-08,2027-04-06,17.00%,6666.0,1596.46,0,800,false
[B0FW4RJSY6],amzn1.campaign.GXS9QO3FHZ32,Upgrade Tactical Molle Tourniquet Holder,TZWXHDM,2026-04-08,2026-12-31,12.00%,5000.0,5000.0,21,800,false
[B0GVHTQTX4],amzn1.campaign.1G80TS426V85A,"4 Pack Locking Hinge 0°-90°-180°, Folding Table Brackets",TZWXHDM,2026-04-08,2026-12-31,15.00%,5000.0,4997.3,6,800,false
"[B0F5B36297, B0FNML2D8L, B0CZ3D7NGJ, B0FT7G2JFK, B0DYJ2V5F1, B0DYJSL2FV, B0D4YMXYFJ, B0FNMMYSMQ, B0CZ33KJ3P, B0FNMMR9MZ]",amzn1.campaign.1D8X69TUSVWLI,🦜 Upgrade Your Bathroom with Ceramic Bird Toilet Bolt Covers | 16% Commission,MENNTY,2026-04-08,2027-04-01,16.00%,6666.0,6666.0,4,800,false
[B0FW4NG5NB],amzn1.campaign.1ZX0XZIZT1KR3,"Molle Pouch, Sturdy 1000D Nylon Tactical Medical Pouch",TZWXHDM,2026-04-08,2026-12-31,13.00%,5000.0,5000.0,13,800,false
"[B0F5B36297, B0FNML2D8L, B0CZ3D7NGJ, B0FT7G2JFK, B0DYJ2V5F1, B0DYJSL2FV, B0D4YMXYFJ, B0FNMMYSMQ, B0CZ33KJ3P, B0FNMMR9MZ]",amzn1.campaign.3M106J1X2LZRI,Father’s Day Special: Ceramic Bird Toilet Bolt Caps | A Unique Gift for Dad,MENNTY,2026-04-08,2027-04-03,16.00%,6666.0,6666.0,2,800,false
"[B0G6DB74W3, B0G6DCSJDX]",amzn1.campaign.2MMGV52FUCRTF,10/16 Inch Side Mount Soft Close Drawer Slides,TZWXHDM,2026-04-08,2026-12-31,10.00%,5000.0,5000.0,10,800,false
"[B0F5B36297, B0FNML2D8L, B0CZ3D7NGJ, B0FT7G2JFK, B0DYJ2V5F1, B0DYJSL2FV, B0D4YMXYFJ, B0FNMMYSMQ, B0CZ33KJ3P, B0FNMMR9MZ]",amzn1.campaign.2MYDDBZQ6AOYA,Celebrate Mother's Day with Ceramic Toilet Bolt Caps |Adorable & Functional Gift,MENNTY,2026-04-08,2027-04-05,16.00%,66666.0,66666.0,0,800,false
"[B0GL2LSGLH, B0GL28TYY1]",amzn1.campaign.3NRXD40IU4VCD,reading floor lamp,Radiovix,2026-04-08,2027-04-08,10.00%,10000.0,9992.0,4,800,false
[B0FW4XM967],amzn1.campaign.3SV23V9E3HD17,"2 Pack Folding Brakcets, 0°-90°-180° Self-Lock Hinge with Screws",TZWXHDM,2026-04-08,2026-12-31,12.00%,5000.0,4984.52,9,800,false
"[B0F5B36297, B0FNML2D8L, B0CZ3D7NGJ, B0FT7G2JFK, B0DYJ2V5F1, B0DYJSL2FV, B0D4YMXYFJ, B0FNMMYSMQ, B0CZ33KJ3P, B0FNMMR9MZ]",amzn1.campaign.1FMBVR2GSMJHW,🦜💐 Mother’s Day Gift Idea: Ceramic Bird Toilet Bolt Covers | 16% Commission 💰,MENNTY,2026-04-08,2027-04-07,16.00%,6666.0,6666.0,4,800,false
"[B0DT4F4784, B0GDCHC6G6]",amzn1.campaign.1Q356ZIMB1XRV,"8pcs Dual Lock SJ3550 1"" x 2"", Heavy Duty Reusable Interlocking Tape",TZWXHDM,2026-04-08,2026-12-31,10.00%,5000.0,4997.7,14,800,false
[B0DSL4JJX4],amzn1.campaign.1IDGF316OOQN0,拼图柜10%,vonezone,2026-04-08,2027-04-08,10.00%,5000.0,4878.97,12,800,false
"[B0GJC7GFSB, B0GLM3BBW4, B0GJDDQ1PW, B0GJCSNSQM]",amzn1.campaign.3SJT4SL2J8CP9,The gift that actually gets used (and loved!)🎁,YOUERDA,2026-04-08,2026-10-08,10.00%,5000.0,4937.53,5,800,false
[B0GGXDB13S],amzn1.campaign.MLT13F3DY4PZ,📦 10-Pack Soluble Hemostatic Gauze 4x4 – Your Complete First Aid Solution 🏡,Posotrimed,2026-04-08,2027-04-02,10.00%,5000.0,5000.0,35,800,false
[B0F538H4KS],amzn1.campaign.2SJQSX6RWRT7P,10% Bonus - celiberry Cold Press Juicer,celiberry,2026-04-08,2026-10-31,10.00%,5000.0,4991.45,0,800,false
"[B0FY2NRQM5, B0FH6TC28V, B0G19F6358, B0FC6M95GY, B0FCBZRTG6, B0FC6BNY7X, B0FY5MRC8J, B0G1YJFHDJ, B0FH6RWL3X, B0FYF7ZLCV, B0FY5WR3ZH, B0FY1HDRW7, B0FCC34C1M, B0G11PQTHS, B0FDW26Y8F, B0G19FHPGJ, B0FKLZDQJS, B0G1YD51M2, B0FY2N9BNL, B0G1B3B6MY, B0GM47HKWZ, B0FCBY8VY3, B0FWBVJCMR, B0G12YMLHL, B0FDPKW8BG, B0FC68P44B, B0G12YST67, B0FCBZGP1L, B0FCC4BP82, B0G1969B2B, B0FVDW7V93, B0FC6K4248, B0FDQRLYC4, B0G1313Z6F, B0FCBX9B19, B0FDQQHQX6, B0G2L694YH]",amzn1.campaign.3HMLY7QRNU8YF,Gratitude & Love: Healing Crochet Gifts for Moms & Family&colleague,Vkeyinf,2026-04-08,2027-04-07,20.74%,5000.0,5000.0,36,800,false
"[B0FY2H2L4T, B0FY2BDQXL, B0FY2HMXG7]",amzn1.campaign.22ZYCY29WTHBS,Ansi Z87.1 Safety Sunglasses Bestseller!!🔥 🔥🔥 SG1104,SODQW,2026-04-08,2027-04-01,10.00%,999999.0,999999.0,15,800,false
[B0GGXDB13S],amzn1.campaign.3QK2RIHYP15PV,🧪 Advanced Hemostasis: CMC Na Technology 4x4 Soluble Gauze for Trauma 🩸,Posotrimed,2026-04-08,2027-04-03,12.00%,5000.0,5000.0,37,800,false
"[B0FY2NRQM5, B0FH6TC28V, B0G19F6358, B0FC6M95GY, B0FCBZRTG6, B0FC6BNY7X, B0FY5MRC8J, B0G1YJFHDJ, B0FH6RWL3X, B0FYF7ZLCV, B0FY5WR3ZH, B0FY1HDRW7, B0FCC34C1M, B0G11PQTHS, B0FDW26Y8F, B0G19FHPGJ, B0FKLZDQJS, B0G1YD51M2, B0FY2N9BNL, B0G1B3B6MY, B0GM47HKWZ, B0FCBY8VY3, B0FWBVJCMR, B0G12YMLHL, B0FDPKW8BG, B0FC68P44B, B0G12YST67, B0FCBZGP1L, B0FCC4BP82, B0G1969B2B, B0FVDW7V93, B0FC6K4248, B0FDQRLYC4, B0G1313Z6F, B0FCBX9B19, B0FDQQHQX6, B0G2L694YH]",amzn1.campaign.2EBDMTJXBCI7Q,Gratitude & Love: Healing Crochet Gifts for Moms & Family&colleague,Vkeyinf,2026-04-08,2027-04-07,20.73%,5000.0,5000.0,29,800,false
"[B0GCZV13NG, B0GCZQ8KQ9, B0GCZLKRLG, B0GCZPVMQ7, B0GD1328XF, B0GCZPYKNV, B0GD11WX2X, B0GCZTTQG8, B0GCZPNY1W, B0GD158BBS, B0GD12RV5T, B0GCZLFZ5X, B0GD1RPM8C, B0GD13L4GN, B0GCZLDXKJ, B0GCZS469W, B0GD12HCZ9, B0GCZLJVGC, B0GCZSHD9W, B0GCZY6HVM]",amzn1.campaign.27ABD47SVGLWZ,Hotselling Lulus Sleeveless Midi Cocktail Dresses 2026 Summer A line Party Dress,Zelroxa,2026-04-08,2027-01-01,10.00%,5000.0,5000.0,0,800,false
"[B0FN2XGJPM, B0DL5D4SX5, B0FN3TN91K]",amzn1.campaign.WLY23SHYQ1J7,飞镖10%,vonezone,2026-04-08,2027-04-08,10.00%,5000.0,4960.02,16,800,false
"[B0FY2NRQM5, B0FH6TC28V, B0G19F6358, B0FC6M95GY, B0FCBZRTG6, B0FC6BNY7X, B0FY5MRC8J, B0G1YJFHDJ, B0FH6RWL3X, B0FYF7ZLCV, B0FY5WR3ZH, B0FY1HDRW7, B0FCC34C1M, B0G11PQTHS, B0FDW26Y8F, B0G19FHPGJ, B0FKLZDQJS, B0G1YD51M2, B0FY2N9BNL, B0G1B3B6MY, B0GM47HKWZ, B0FCBY8VY3, B0FWBVJCMR, B0G12YMLHL, B0FDPKW8BG, B0FC68P44B, B0G12YST67, B0FCBZGP1L, B0FCC4BP82, B0G1969B2B, B0FVDW7V93, B0FC6K4248, B0FDQRLYC4, B0G1313Z6F, B0FCBX9B19, B0FDQQHQX6, B0G2L694YH]",amzn1.campaign.144LK8BFWPAQA,Gratitude & Love: Healing Crochet Gifts for Moms & Family&colleague,Vkeyinf,2026-04-08,2027-04-07,20.72%,5000.0,5000.0,28,800,false
[B0GJDMKRWF],amzn1.campaign.1VQF42BIRH188,1Mii CarEcho MK02: Perfect Upgrade for Older Car,1Mii,2026-04-08,2026-09-30,10.00%,5000.0,4951.82,0,800,false
[B0FX3TC1HY],amzn1.campaign.YUZ1R2709N27,【15% Commission】 Display Frame for Blind Box Dolls&miniFigure! Hot Seller 🔥🔥🔥,PAZYNORA,2026-04-08,2027-04-08,15.00%,5000.0,4997.75,14,800,false
"[B0FY2NRQM5, B0FH6TC28V, B0G19F6358, B0FC6M95GY, B0FCBZRTG6, B0FC6BNY7X, B0FY5MRC8J, B0G1YJFHDJ, B0FH6RWL3X, B0FYF7ZLCV, B0FY5WR3ZH, B0FY1HDRW7, B0FCC34C1M, B0G11PQTHS, B0FDW26Y8F, B0G19FHPGJ, B0FKLZDQJS, B0G1YD51M2, B0FY2N9BNL, B0G1B3B6MY, B0GM47HKWZ, B0FCBY8VY3, B0FWBVJCMR, B0G12YMLHL, B0FDPKW8BG, B0FC68P44B, B0G12YST67, B0FCBZGP1L, B0FCC4BP82, B0G1969B2B, B0FVDW7V93, B0FC6K4248, B0FDQRLYC4, B0G1313Z6F, B0FCBX9B19, B0FDQQHQX6, B0G2L694YH]",amzn1.campaign.40V5H4YXSFPO,Gratitude & Love: Healing Crochet Gifts for Moms & Family&colleague,Vkeyinf,2026-04-08,2027-04-07,20.71%,5000.0,5000.0,36,800,false
"[B0F5B36297, B0FNML2D8L, B0CZ3D7NGJ, B0FT7G2JFK, B0DYJ2V5F1, B0DYJSL2FV, B0D4YMXYFJ, B0FNMMYSMQ, B0CZ33KJ3P, B0FNMMR9MZ]",amzn1.campaign.1PZAZ5LTGXJ3J,Transform Your Bathroom with Mushroom Glow-in-the-Dark Toilet Bolt Covers | 16%,MENNTY,2026-04-08,2027-04-08,16.00%,6666.0,6666.0,4,800,false
[B0GGXDB13S],amzn1.campaign.2KAZ3H6FGJ68A,🚗 Road Trip Must-Have! 4x4 Soluble Hemostatic Gauze for Car First Aid Kit 🛣️,Posotrimed,2026-04-08,2027-04-03,10.00%,5000.0,5000.0,29,800,false
"[B0FY2NRQM5, B0FH6TC28V, B0G19F6358, B0FC6M95GY, B0FCBZRTG6, B0FC6BNY7X, B0FY5MRC8J, B0G1YJFHDJ, B0FH6RWL3X, B0FYF7ZLCV, B0FY5WR3ZH, B0FY1HDRW7, B0FCC34C1M, B0G11PQTHS, B0FDW26Y8F, B0G19FHPGJ, B0FKLZDQJS, B0G1YD51M2, B0FY2N9BNL, B0G1B3B6MY, B0GM47HKWZ, B0FCBY8VY3, B0FWBVJCMR, B0G12YMLHL, B0FDPKW8BG, B0FC68P44B, B0G12YST67, B0FCBZGP1L, B0FCC4BP82, B0G1969B2B, B0FVDW7V93, B0FC6K4248, B0FDQRLYC4, B0G1313Z6F, B0FCBX9B19, B0FDQQHQX6, B0G2L694YH]",amzn1.campaign.2WW4POD6C000Q,Gratitude & Love: Healing Crochet Gifts for Moms & Family&colleague,Vkeyinf,2026-04-08,2027-04-07,20.70%,5000.0,5000.0,28,800,false
"[B0GHQ58FDG, B0GT8NYLVB, B0GHQ91R2K, B0GHQKBQ1H]",amzn1.campaign.255ZVON6KI8LP,No‑Slip Satin Sleep Bonnet – Amazon Affiliate Promotion-0675-3,Vettres,2026-04-08,2026-12-31,10.00%,5000.0,4996.39,0,800,false
"[B0FY2NRQM5, B0FH6TC28V, B0G19F6358, B0FC6M95GY, B0FCBZRTG6, B0FC6BNY7X, B0FY5MRC8J, B0G1YJFHDJ, B0FH6RWL3X, B0FYF7ZLCV, B0FY5WR3ZH, B0FY1HDRW7, B0FCC34C1M, B0G11PQTHS, B0FDW26Y8F, B0G19FHPGJ, B0FKLZDQJS, B0G1YD51M2, B0FY2N9BNL, B0G1B3B6MY, B0GM47HKWZ, B0FCBY8VY3, B0FWBVJCMR, B0G12YMLHL, B0FDPKW8BG, B0FC68P44B, B0G12YST67, B0FCBZGP1L, B0FCC4BP82, B0G1969B2B, B0FVDW7V93, B0FC6K4248, B0FDQRLYC4, B0G1313Z6F, B0FCBX9B19, B0FDQQHQX6, B0G2L694YH]",amzn1.campaign.C9QR9SSX9ZDK,Gratitude & Love: Healing Crochet Gifts for Moms & Family&colleague,Vkeyinf,2026-04-08,2027-04-07,20.69%,5000.0,5000.0,35,800,false
[B0GGXDB13S],amzn1.campaign.1PYHE924K3THJ,🔥Burn & Ulcer Care: Non-Stick Hemostatic Gauze 4x4 – Gentle on Sensitive Skin🩹,Posotrimed,2026-04-08,2027-04-04,13.00%,5000.0,5000.0,31,800,false
"[B0FY2NRQM5, B0FH6TC28V, B0G19F6358, B0FC6M95GY, B0FCBZRTG6, B0FC6BNY7X, B0FY5MRC8J, B0G1YJFHDJ, B0FH6RWL3X, B0FYF7ZLCV, B0FY5WR3ZH, B0FY1HDRW7, B0FCC34C1M, B0G11PQTHS, B0FDW26Y8F, B0G19FHPGJ, B0FKLZDQJS, B0G1YD51M2, B0FY2N9BNL, B0G1B3B6MY, B0GM47HKWZ, B0FCBY8VY3, B0FWBVJCMR, B0G12YMLHL, B0FDPKW8BG, B0FC68P44B, B0G12YST67, B0FCBZGP1L, B0FCC4BP82, B0G1969B2B, B0FVDW7V93, B0FC6K4248, B0FDQRLYC4, B0G1313Z6F, B0FCBX9B19, B0FDQQHQX6, B0G2L694YH]",amzn1.campaign.UQQ7RJTHJ7D3,Gratitude & Love: Healing Crochet Gifts for Moms & Family&colleague,Vkeyinf,2026-04-08,2027-04-07,20.68%,5000.0,5000.0,36,800,false
"[B0FY2NRQM5, B0FH6TC28V, B0G19F6358, B0FC6M95GY, B0FCBZRTG6, B0FC6BNY7X, B0FY5MRC8J, B0G1YJFHDJ, B0FH6RWL3X, B0FYF7ZLCV, B0FY5WR3ZH, B0FY1HDRW7, B0FCC34C1M, B0G11PQTHS, B0FDW26Y8F, B0G19FHPGJ, B0FKLZDQJS, B0G1YD51M2, B0FY2N9BNL, B0G1B3B6MY, B0GM47HKWZ, B0FCBY8VY3, B0FWBVJCMR, B0G12YMLHL, B0FDPKW8BG, B0FC68P44B, B0G12YST67, B0FCBZGP1L, B0FCC4BP82, B0G1969B2B, B0FVDW7V93, B0FC6K4248, B0FDQRLYC4, B0G1313Z6F, B0FCBX9B19, B0FDQQHQX6, B0G2L694YH]",amzn1.campaign.2KM5SK4ZI2G8E,Gratitude & Love: Healing Crochet Gifts for Moms & Family&colleague,Vkeyinf,2026-04-08,2027-04-07,20.67%,5000.0,5000.0,30,800,false
"[B0GCZTWX2S, B0GCMVFSF4, B0GCZNTPX4, B0GCM3X2GL, B0GCMFFGFG]",amzn1.campaign.1HUEHM8SSOF4E,🔥Bestseller!!🔥Fashion Bayonetta Glasses Office Siren Glasses🔥🔥🔥 ABL1118,SODQW,2026-04-08,2027-04-01,10.00%,999999.0,999999.0,18,800,false
[B0GGXDB13S],amzn1.campaign.1DTU0FXCLSRPL,🚫 No More Sticky Wounds! Soluble Hemostatic Gauze 4x4 vs Traditional Gauze 👍,Posotrimed,2026-04-08,2027-04-04,14.00%,5000.0,4995.21,28,800,false
"[B0GCZV13NG, B0GCZQ8KQ9, B0GCZLKRLG, B0GCZPVMQ7, B0GD1328XF, B0GCZPYKNV, B0GD11WX2X, B0GCZTTQG8, B0GCZPNY1W, B0GD158BBS, B0GD12RV5T, B0GCZLFZ5X, B0GD1RPM8C, B0GD13L4GN, B0GCZLDXKJ, B0GCZS469W, B0GD12HCZ9, B0GCZLJVGC, B0GCZSHD9W, B0GCZY6HVM]",amzn1.campaign.2ZV355TK8AUQ7,Hotselling Lulus Sleeveless Midi Cocktail Dresses 2026 Summer A line Party Dress,Zelroxa,2026-04-08,2027-01-01,10.00%,5000.0,4989.0,0,800,false
"[B0FY2NRQM5, B0FH6TC28V, B0G19F6358, B0FC6M95GY, B0FCBZRTG6, B0FC6BNY7X, B0FY5MRC8J, B0G1YJFHDJ, B0FH6RWL3X, B0FYF7ZLCV, B0FY5WR3ZH, B0FY1HDRW7, B0FCC34C1M, B0G11PQTHS, B0FDW26Y8F, B0G19FHPGJ, B0FKLZDQJS, B0G1YD51M2, B0FY2N9BNL, B0G1B3B6MY, B0GM47HKWZ, B0FCBY8VY3, B0FWBVJCMR, B0G12YMLHL, B0FDPKW8BG, B0FC68P44B, B0G12YST67, B0FCBZGP1L, B0FCC4BP82, B0G1969B2B, B0FVDW7V93, B0FC6K4248, B0FDQRLYC4, B0G1313Z6F, B0FCBX9B19, B0FDQQHQX6, B0G2L694YH]",amzn1.campaign.2S9UFEKMX77FI,Gratitude & Love: Healing Crochet Gifts for Moms & Family&colleague,Vkeyinf,2026-04-08,2027-04-07,20.66%,5000.0,5000.0,28,800,false
"[B0DM4VJ7PG, B0FQ51VVQJ]",amzn1.campaign.3RXIV9Z5FRBVB,电子靶10%,vonezone,2026-04-08,2027-04-08,10.00%,5000.0,4988.21,13,800,false
"[B0FY2NRQM5, B0FH6TC28V, B0G19F6358, B0FC6M95GY, B0FCBZRTG6, B0FC6BNY7X, B0FY5MRC8J, B0G1YJFHDJ, B0FH6RWL3X, B0FYF7ZLCV, B0FY5WR3ZH, B0FY1HDRW7, B0FCC34C1M, B0G11PQTHS, B0FDW26Y8F, B0G19FHPGJ, B0FKLZDQJS, B0G1YD51M2, B0FY2N9BNL, B0G1B3B6MY, B0GM47HKWZ, B0FCBY8VY3, B0FWBVJCMR, B0G12YMLHL, B0FDPKW8BG, B0FC68P44B, B0G12YST67, B0FCBZGP1L, B0FCC4BP82, B0G1969B2B, B0FVDW7V93, B0FC6K4248, B0FDQRLYC4, B0G1313Z6F, B0FCBX9B19, B0FDQQHQX6, B0G2L694YH]",amzn1.campaign.3V0ZKMZKXOJOQ,Gratitude & Love: Healing Crochet Gifts for Moms & Family&colleague,Vkeyinf,2026-04-08,2027-04-07,20.65%,5000.0,5000.0,36,800,false
[B0GGXDB13S],amzn1.campaign.3HJZ1GB9R850R,⚔️ Tactical Trauma Kit Must: 4x4 Quick Clot Combat Gauze Pads 🚑,Posotrimed,2026-04-08,2027-04-05,10.00%,5000.0,5000.0,37,800,false
[B0GDCX678R],amzn1.campaign.8XWATO1AK23E,"Universal Drop Leg Holster, Tactical Thigh Pistol Gun Holster",TZWXHDM,2026-04-08,2026-12-31,15.00%,5000.0,4991.45,14,800,false
"[B0FY2NRQM5, B0FH6TC28V, B0G19F6358, B0FC6M95GY, B0FCBZRTG6, B0FC6BNY7X, B0FY5MRC8J, B0G1YJFHDJ, B0FH6RWL3X, B0FYF7ZLCV, B0FY5WR3ZH, B0FY1HDRW7, B0FCC34C1M, B0G11PQTHS, B0FDW26Y8F, B0G19FHPGJ, B0FKLZDQJS, B0G1YD51M2, B0FY2N9BNL, B0G1B3B6MY, B0GM47HKWZ, B0FCBY8VY3, B0FWBVJCMR, B0G12YMLHL, B0FDPKW8BG, B0FC68P44B, B0G12YST67, B0FCBZGP1L, B0FCC4BP82, B0G1969B2B, B0FVDW7V93, B0FC6K4248, B0FDQRLYC4, B0G1313Z6F, B0FCBX9B19, B0FDQQHQX6, B0G2L694YH]",amzn1.campaign.QS7K2JIV123A,Gratitude & Love: Healing Crochet Gifts for Moms & Family&colleague,Vkeyinf,2026-04-08,2027-04-07,20.64%,5000.0,5000.0,36,800,false
[B0GJ9NT8F7],amzn1.campaign.29JTYTJU74S3G,Basketball Hoop Laundry Basket Promotion (Kids & Teens),YRCHOFOU,2026-04-08,2026-12-31,20.00%,9999.0,9822.34,0,800,false
"[B0FY2NRQM5, B0FH6TC28V, B0G19F6358, B0FC6M95GY, B0FCBZRTG6, B0FC6BNY7X, B0FY5MRC8J, B0G1YJFHDJ, B0FH6RWL3X, B0FYF7ZLCV, B0FY5WR3ZH, B0FY1HDRW7, B0FCC34C1M, B0G11PQTHS, B0FDW26Y8F, B0G19FHPGJ, B0FKLZDQJS, B0G1YD51M2, B0FY2N9BNL, B0G1B3B6MY, B0GM47HKWZ, B0FCBY8VY3, B0FWBVJCMR, B0G12YMLHL, B0FDPKW8BG, B0FC68P44B, B0G12YST67, B0FCBZGP1L, B0FCC4BP82, B0G1969B2B, B0FVDW7V93, B0FC6K4248, B0FDQRLYC4, B0G1313Z6F, B0FCBX9B19, B0FDQQHQX6, B0G2L694YH]",amzn1.campaign.2M9Y2DYH84TQT,Gratitude & Love: Healing Crochet Gifts for Moms & Family&colleague,Vkeyinf,2026-04-08,2027-04-07,20.63%,5000.0,5000.0,30,800,false
[B0GGXDB13S],amzn1.campaign.1LODHNXMVHWEH,🦷 Tooth Extraction Bleeding? 4x4 Hemostatic Gauze for Oral Wound Protection 😁,Posotrimed,2026-04-08,2027-04-06,12.00%,5000.0,5000.0,33,800,false
"[B0FY2NRQM5, B0FH6TC28V, B0G19F6358, B0FC6M95GY, B0FCBZRTG6, B0FC6BNY7X, B0FY5MRC8J, B0G1YJFHDJ, B0FH6RWL3X, B0FYF7ZLCV, B0FY5WR3ZH, B0FY1HDRW7, B0FCC34C1M, B0G11PQTHS, B0FDW26Y8F, B0G19FHPGJ, B0FKLZDQJS, B0G1YD51M2, B0FY2N9BNL, B0G1B3B6MY, B0GM47HKWZ, B0FCBY8VY3, B0FWBVJCMR, B0G12YMLHL, B0FDPKW8BG, B0FC68P44B, B0G12YST67, B0FCBZGP1L, B0FCC4BP82, B0G1969B2B, B0FVDW7V93, B0FC6K4248, B0FDQRLYC4, B0G1313Z6F, B0FCBX9B19, B0FDQQHQX6, B0G2L694YH]",amzn1.campaign.GRS69Z4KUZWL,Gratitude & Love: Healing Crochet Gifts for Moms & Family&colleague,Vkeyinf,2026-04-08,2027-04-07,20.62%,5000.0,5000.0,38,800,false
"[B0FY2NRQM5, B0FH6TC28V, B0G19F6358, B0FC6M95GY, B0FCBZRTG6, B0FC6BNY7X, B0FY5MRC8J, B0G1YJFHDJ, B0FH6RWL3X, B0FYF7ZLCV, B0FY5WR3ZH, B0FY1HDRW7, B0FCC34C1M, B0G11PQTHS, B0FDW26Y8F, B0G19FHPGJ, B0FKLZDQJS, B0G1YD51M2, B0FY2N9BNL, B0G1B3B6MY, B0GM47HKWZ, B0FCBY8VY3, B0FWBVJCMR, B0G12YMLHL, B0FDPKW8BG, B0FC68P44B, B0G12YST67, B0FCBZGP1L, B0FCC4BP82, B0G1969B2B, B0FVDW7V93, B0FC6K4248, B0FDQRLYC4, B0G1313Z6F, B0FCBX9B19, B0FDQQHQX6, B0G2L694YH]",amzn1.campaign.30SPEQ6CYQTRF,Gratitude & Love: Healing Crochet Gifts for Moms & Family&colleague,Vkeyinf,2026-04-08,2027-04-07,20.61%,5000.0,5000.0,28,800,false
"[B0G6Z43XTN, B0G6ZPHSZR, B0G6ZMZ929, B0G6ZNGXXR, B0G6Z5C6LR, B0G6Z74JTP, B0G6ZMWGSN, B0G6ZZVSZC, B0G6ZS8WXV, B0G6ZRDY2K, B0G6ZGSN9K, B0G6ZGT2MZ, B0G6ZY39GJ, B0G6ZGF4J3, B0G6ZGQH8C, B0G6ZDJC1K, B0G6ZHKMBG, B0G6ZN7QDB, B0G6ZWCDG6, B0G6ZMMR7M, B0G6ZHNDX7, B0G6ZRDK8C, B0G6Z9MZC5, B0G6ZPVB3K, B0G6ZY2VFK]",amzn1.campaign.3KKDZZPUT0CIK,Hotselling Lulus Halter Beach Swimsuit Coverup Midi Vacation Dresses,Zelroxa,2026-04-08,2027-01-01,10.00%,5000.0,4980.71,0,800,false
"[B0FY2NRQM5, B0FH6TC28V, B0G19F6358, B0FC6M95GY, B0FCBZRTG6, B0FC6BNY7X, B0FY5MRC8J, B0G1YJFHDJ, B0FH6RWL3X, B0FYF7ZLCV, B0FY5WR3ZH, B0FY1HDRW7, B0FCC34C1M, B0G11PQTHS, B0FDW26Y8F, B0G19FHPGJ, B0FKLZDQJS, B0G1YD51M2, B0FY2N9BNL, B0G1B3B6MY, B0GM47HKWZ, B0FCBY8VY3, B0FWBVJCMR, B0G12YMLHL, B0FDPKW8BG, B0FC68P44B, B0G12YST67, B0FCBZGP1L, B0FCC4BP82, B0G1969B2B, B0FVDW7V93, B0FC6K4248, B0FDQRLYC4, B0G1313Z6F, B0FCBX9B19, B0FDQQHQX6, B0G2L694YH]",amzn1.campaign.21YHRHC99FQR8,Gratitude & Love: Healing Crochet Gifts for Moms & Family&colleague,Vkeyinf,2026-04-08,2027-04-07,20.60%,5000.0,5000.0,29,800,false
[B0GGXDB13S],amzn1.campaign.3Q88ZMSFFQS6E,🏕️ Camping Essential: Quick Clot Combat Gauze 4x4 – Stop Bleeding Anywhere ⛑️,Posotrimed,2026-04-08,2027-04-07,11.00%,5000.0,5000.0,35,800,false
"[B0FY2NRQM5, B0FH6TC28V, B0G19F6358, B0FC6M95GY, B0FCBZRTG6, B0FC6BNY7X, B0FY5MRC8J, B0G1YJFHDJ, B0FH6RWL3X, B0FYF7ZLCV, B0FY5WR3ZH, B0FY1HDRW7, B0FCC34C1M, B0G11PQTHS, B0FDW26Y8F, B0G19FHPGJ, B0FKLZDQJS, B0G1YD51M2, B0FY2N9BNL, B0G1B3B6MY, B0GM47HKWZ, B0FCBY8VY3, B0FWBVJCMR, B0G12YMLHL, B0FDPKW8BG, B0FC68P44B, B0G12YST67, B0FCBZGP1L, B0FCC4BP82, B0G1969B2B, B0FVDW7V93, B0FC6K4248, B0FDQRLYC4, B0G1313Z6F, B0FCBX9B19, B0FDQQHQX6, B0G2L694YH]",amzn1.campaign.14V1V3VW90CIW,Gratitude & Love: Healing Crochet Gifts for Moms & Family&colleague,Vkeyinf,2026-04-08,2027-04-07,20.59%,5000.0,5000.0,31,800,false
"[B0FY2NRQM5, B0FH6TC28V, B0G19F6358, B0FC6M95GY, B0FCBZRTG6, B0FC6BNY7X, B0FY5MRC8J, B0G1YJFHDJ, B0FH6RWL3X, B0FYF7ZLCV, B0FY5WR3ZH, B0FY1HDRW7, B0FCC34C1M, B0G11PQTHS, B0FDW26Y8F, B0G19FHPGJ, B0FKLZDQJS, B0G1YD51M2, B0FY2N9BNL, B0G1B3B6MY, B0GM47HKWZ, B0FCBY8VY3, B0FWBVJCMR, B0G12YMLHL, B0FDPKW8BG, B0FC68P44B, B0G12YST67, B0FCBZGP1L, B0FCC4BP82, B0G1969B2B, B0FVDW7V93, B0FC6K4248, B0FDQRLYC4, B0G1313Z6F, B0FCBX9B19, B0FDQQHQX6, B0G2L694YH]",amzn1.campaign.3J5784V8VVKRD,Gratitude & Love: Healing Crochet Gifts for Moms & Family&colleague,Vkeyinf,2026-04-08,2027-04-07,20.58%,5000.0,5000.0,35,800,false
[B0GGXDB13S],amzn1.campaign.1N1G3HGVAYOUC,Stop Household Bleeding Fast! 4x4 Soluble Hemostatic Gauze for Home 🏠,Posotrimed,2026-04-08,2027-04-08,10.00%,5000.0,5000.0,29,800,false
"[B0FY2NRQM5, B0FH6TC28V, B0G19F6358, B0FC6M95GY, B0FCBZRTG6, B0FC6BNY7X, B0FY5MRC8J, B0G1YJFHDJ, B0FH6RWL3X, B0FYF7ZLCV, B0FY5WR3ZH, B0FY1HDRW7, B0FCC34C1M, B0G11PQTHS, B0FDW26Y8F, B0G19FHPGJ, B0FKLZDQJS, B0G1YD51M2, B0FY2N9BNL, B0G1B3B6MY, B0GM47HKWZ, B0FCBY8VY3, B0FWBVJCMR, B0G12YMLHL, B0FDPKW8BG, B0FC68P44B, B0G12YST67, B0FCBZGP1L, B0FCC4BP82, B0G1969B2B, B0FVDW7V93, B0FC6K4248, B0FDQRLYC4, B0G1313Z6F, B0FCBX9B19, B0FDQQHQX6, B0G2L694YH]",amzn1.campaign.1YFMP509PSQKN,Gratitude & Love: Healing Crochet Gifts for Moms & Family&colleague,Vkeyinf,2026-04-08,2027-04-07,20.57%,5000.0,5000.0,31,800,false
"[B0FSZSLT5Y, B0FSZV8VB5]",amzn1.campaign.23WM848UCXJYV,Premium 12 Pack Black LED Recessed Lighting (commission rate is 20% per sale),Veriligt,2026-04-08,2027-04-08,20.00%,1000000.0,999903.5,0,800,false
"[B0FY2NRQM5, B0FH6TC28V, B0G19F6358, B0FC6M95GY, B0FCBZRTG6, B0FC6BNY7X, B0FY5MRC8J, B0G1YJFHDJ, B0FH6RWL3X, B0FYF7ZLCV, B0FY5WR3ZH, B0FY1HDRW7, B0FCC34C1M, B0G11PQTHS, B0FDW26Y8F, B0G19FHPGJ, B0FKLZDQJS, B0G1YD51M2, B0FY2N9BNL, B0G1B3B6MY, B0GM47HKWZ, B0FCBY8VY3, B0FWBVJCMR, B0G12YMLHL, B0FDPKW8BG, B0FC68P44B, B0G12YST67, B0FCBZGP1L, B0FCC4BP82, B0G1969B2B, B0FVDW7V93, B0FC6K4248, B0FDQRLYC4, B0G1313Z6F, B0FCBX9B19, B0FDQQHQX6, B0G2L694YH]",amzn1.campaign.39RHCW41L1SNN,Gratitude & Love: Healing Crochet Gifts for Moms & Family&colleague,Vkeyinf,2026-04-08,2027-04-07,20.56%,5000.0,5000.0,31,800,false
[B0FQCD7GL2],amzn1.campaign.3OW574KWLWVHM,Q1501-26.04.07-10,iXular,2026-04-08,2026-11-30,15.00%,5000.0,5000.0,25,800,false
"[B0FY2NRQM5, B0FH6TC28V, B0G19F6358, B0FC6M95GY, B0FCBZRTG6, B0FC6BNY7X, B0FY5MRC8J, B0G1YJFHDJ, B0FH6RWL3X, B0FYF7ZLCV, B0FY5WR3ZH, B0FY1HDRW7, B0FCC34C1M, B0G11PQTHS, B0FDW26Y8F, B0G19FHPGJ, B0FKLZDQJS, B0G1YD51M2, B0FY2N9BNL, B0G1B3B6MY, B0GM47HKWZ, B0FCBY8VY3, B0FWBVJCMR, B0G12YMLHL, B0FDPKW8BG, B0FC68P44B, B0G12YST67, B0FCBZGP1L, B0FCC4BP82, B0G1969B2B, B0FVDW7V93, B0FC6K4248, B0FDQRLYC4, B0G1313Z6F, B0FCBX9B19, B0FDQQHQX6, B0G2L694YH]",amzn1.campaign.2L39LY6GH0L0N,Gratitude & Love: Healing Crochet Gifts for Moms & Family&colleague,Vkeyinf,2026-04-08,2027-04-07,20.55%,5000.0,5000.0,30,800,false
"[B0FY2NRQM5, B0FH6TC28V, B0G19F6358, B0FC6M95GY, B0FCBZRTG6, B0FC6BNY7X, B0FY5MRC8J, B0G1YJFHDJ, B0FH6RWL3X, B0FYF7ZLCV, B0FY5WR3ZH, B0FY1HDRW7, B0FCC34C1M, B0G11PQTHS, B0FDW26Y8F, B0G19FHPGJ, B0FKLZDQJS, B0G1YD51M2, B0FY2N9BNL, B0G1B3B6MY, B0GM47HKWZ, B0FCBY8VY3, B0FWBVJCMR, B0G12YMLHL, B0FDPKW8BG, B0FC68P44B, B0G12YST67, B0FCBZGP1L, B0FCC4BP82, B0G1969B2B, B0FVDW7V93, B0FC6K4248, B0FDQRLYC4, B0G1313Z6F, B0FCBX9B19, B0FDQQHQX6, B0G2L694YH]",amzn1.campaign.20P0CW1QGBBWM,Gratitude & Love: Healing Crochet Gifts for Moms & Family&colleague,Vkeyinf,2026-04-08,2027-04-07,20.54%,5000.0,5000.0,29,800,false
[B0FQCD7GL2],amzn1.campaign.37E58MPFVMHP9,Q1501-26.04.07-09,iXular,2026-04-08,2026-11-29,15.00%,5000.0,5000.0,27,800,false
"[B0FY2NRQM5, B0FH6TC28V, B0G19F6358, B0FC6M95GY, B0FCBZRTG6, B0FC6BNY7X, B0FY5MRC8J, B0G1YJFHDJ, B0FH6RWL3X, B0FYF7ZLCV, B0FY5WR3ZH, B0FY1HDRW7, B0FCC34C1M, B0G11PQTHS, B0FDW26Y8F, B0G19FHPGJ, B0FKLZDQJS, B0G1YD51M2, B0FY2N9BNL, B0G1B3B6MY, B0GM47HKWZ, B0FCBY8VY3, B0FWBVJCMR, B0G12YMLHL, B0FDPKW8BG, B0FC68P44B, B0G12YST67, B0FCBZGP1L, B0FCC4BP82, B0G1969B2B, B0FVDW7V93, B0FC6K4248, B0FDQRLYC4, B0G1313Z6F, B0FCBX9B19, B0FDQQHQX6, B0G2L694YH]",amzn1.campaign.3BVAPTWSO12BN,Gratitude & Love: Healing Crochet Gifts for Moms & Family&colleague,Vkeyinf,2026-04-08,2027-04-07,20.53%,5000.0,5000.0,33,800,false
[B0FQCD7GL2],amzn1.campaign.3OIJBOUPIHZUX,Q1501-26.04.07-08,iXular,2026-04-08,2026-11-28,15.00%,5000.0,5000.0,30,800,false
"[B0FY2NRQM5, B0FH6TC28V, B0G19F6358, B0FC6M95GY, B0FCBZRTG6, B0FC6BNY7X, B0FY5MRC8J, B0G1YJFHDJ, B0FH6RWL3X, B0FYF7ZLCV, B0FY5WR3ZH, B0FY1HDRW7, B0FCC34C1M, B0G11PQTHS, B0FDW26Y8F, B0G19FHPGJ, B0FKLZDQJS, B0G1YD51M2, B0FY2N9BNL, B0G1B3B6MY, B0GM47HKWZ, B0FCBY8VY3, B0FWBVJCMR, B0G12YMLHL, B0FDPKW8BG, B0FC68P44B, B0G12YST67, B0FCBZGP1L, B0FCC4BP82, B0G1969B2B, B0FVDW7V93, B0FC6K4248, B0FDQRLYC4, B0G1313Z6F, B0FCBX9B19, B0FDQQHQX6, B0G2L694YH]",amzn1.campaign.3SA15JWT8O4SX,Gratitude & Love: Healing Crochet Gifts for Moms & Family&colleague,Vkeyinf,2026-04-08,2027-04-07,20.52%,5000.0,5000.0,37,800,false
"[B0FY2NRQM5, B0FH6TC28V, B0G19F6358, B0FC6M95GY, B0FCBZRTG6, B0FC6BNY7X, B0FY5MRC8J, B0G1YJFHDJ, B0FH6RWL3X, B0FYF7ZLCV, B0FY5WR3ZH, B0FY1HDRW7, B0FCC34C1M, B0G11PQTHS, B0FDW26Y8F, B0G19FHPGJ, B0FKLZDQJS, B0G1YD51M2, B0FY2N9BNL, B0G1B3B6MY, B0GM47HKWZ, B0FCBY8VY3, B0FWBVJCMR, B0G12YMLHL, B0FDPKW8BG, B0FC68P44B, B0G12YST67, B0FCBZGP1L, B0FCC4BP82, B0G1969B2B, B0FVDW7V93, B0FC6K4248, B0FDQRLYC4, B0G1313Z6F, B0FCBX9B19, B0FDQQHQX6, B0G2L694YH]",amzn1.campaign.1U4QVPEZIL34H,Gratitude & Love: Healing Crochet Gifts for Moms & Family&colleague,Vkeyinf,2026-04-08,2027-04-07,20.51%,5000.0,5000.0,31,800,false
[B0FQCD7GL2],amzn1.campaign.ZE005N1KR329,Q1501-26.04.07-07,iXular,2026-04-08,2026-11-27,15.00%,5000.0,5000.0,32,800,false
"[B0FZJSRMQM, B0FS72NPSN, B0FZJRPP8H, B0FZJW54VG]",amzn1.campaign.3NASTG4VQZEBS,🔥🔥🔥 Tangle Free Aviator Sunglasses! Bestseller!!🔥🔥SG8301,SODQW,2026-04-08,2027-04-05,10.00%,999999.0,999999.0,24,800,false
"[B0FY2NRQM5, B0FH6TC28V, B0G19F6358, B0FC6M95GY, B0FCBZRTG6, B0FC6BNY7X, B0FY5MRC8J, B0G1YJFHDJ, B0FH6RWL3X, B0FYF7ZLCV, B0FY5WR3ZH, B0FY1HDRW7, B0FCC34C1M, B0G11PQTHS, B0FDW26Y8F, B0G19FHPGJ, B0FKLZDQJS, B0G1YD51M2, B0FY2N9BNL, B0G1B3B6MY, B0GM47HKWZ, B0FCBY8VY3, B0FWBVJCMR, B0G12YMLHL, B0FDPKW8BG, B0FC68P44B, B0G12YST67, B0FCBZGP1L, B0FCC4BP82, B0G1969B2B, B0FVDW7V93, B0FC6K4248, B0FDQRLYC4, B0G1313Z6F, B0FCBX9B19, B0FDQQHQX6, B0G2L694YH]",amzn1.campaign.1Q6TBP7EGY6A0,Gratitude & Love: Healing Crochet Gifts for Moms & Family&colleague,Vkeyinf,2026-04-08,2027-04-07,20.50%,5000.0,5000.0,32,800,false
"[B0FY2NRQM5, B0FH6TC28V, B0G19F6358, B0FC6M95GY, B0FCBZRTG6, B0FC6BNY7X, B0FY5MRC8J, B0G1YJFHDJ, B0FH6RWL3X, B0FYF7ZLCV, B0FY5WR3ZH, B0FY1HDRW7, B0FCC34C1M, B0G11PQTHS, B0FDW26Y8F, B0G19FHPGJ, B0FKLZDQJS, B0G1YD51M2, B0FY2N9BNL, B0G1B3B6MY, B0GM47HKWZ, B0FCBY8VY3, B0FWBVJCMR, B0G12YMLHL, B0FDPKW8BG, B0FC68P44B, B0G12YST67, B0FCBZGP1L, B0FCC4BP82, B0G1969B2B, B0FVDW7V93, B0FC6K4248, B0FDQRLYC4, B0G1313Z6F, B0FCBX9B19, B0FDQQHQX6, B0G2L694YH]",amzn1.campaign.1R7X3S2XOTBCI,Gratitude & Love: Healing Crochet Gifts for Moms & Family&colleague,Vkeyinf,2026-04-08,2027-04-07,20.49%,5000.0,5000.0,31,800,false
"[B0FY2NRQM5, B0FH6TC28V, B0G19F6358, B0FC6M95GY, B0FCBZRTG6, B0FC6BNY7X, B0FY5MRC8J, B0G1YJFHDJ, B0FH6RWL3X, B0FYF7ZLCV, B0FY5WR3ZH, B0FY1HDRW7, B0FCC34C1M, B0G11PQTHS, B0FDW26Y8F, B0G19FHPGJ, B0FKLZDQJS, B0G1YD51M2, B0FY2N9BNL, B0G1B3B6MY, B0GM47HKWZ, B0FCBY8VY3, B0FWBVJCMR, B0G12YMLHL, B0FDPKW8BG, B0FC68P44B, B0G12YST67, B0FCBZGP1L, B0FCC4BP82, B0G1969B2B, B0FVDW7V93, B0FC6K4248, B0FDQRLYC4, B0G1313Z6F, B0FCBX9B19, B0FDQQHQX6, B0G2L694YH]",amzn1.campaign.3LWKYGDX1YI5S,Gratitude & Love: Healing Crochet Gifts for Moms & Family&colleague,Vkeyinf,2026-04-08,2027-04-07,20.48%,5000.0,5000.0,35,800,false
[B0FQCD7GL2],amzn1.campaign.3J4C1NBZES54K,Q1501-26.04.07-06,iXular,2026-04-08,2026-11-26,15.00%,5000.0,5000.0,29,800,false
"[B0FY2NRQM5, B0FH6TC28V, B0G19F6358, B0FC6M95GY, B0FCBZRTG6, B0FC6BNY7X, B0FY5MRC8J, B0G1YJFHDJ, B0FH6RWL3X, B0FYF7ZLCV, B0FY5WR3ZH, B0FY1HDRW7, B0FCC34C1M, B0G11PQTHS, B0FDW26Y8F, B0G19FHPGJ, B0FKLZDQJS, B0G1YD51M2, B0FY2N9BNL, B0G1B3B6MY, B0GM47HKWZ, B0FCBY8VY3, B0FWBVJCMR, B0G12YMLHL, B0FDPKW8BG, B0FC68P44B, B0G12YST67, B0FCBZGP1L, B0FCC4BP82, B0G1969B2B, B0FVDW7V93, B0FC6K4248, B0FDQRLYC4, B0G1313Z6F, B0FCBX9B19, B0FDQQHQX6, B0G2L694YH]",amzn1.campaign.2YMA2S3PF7AJT,Gratitude & Love: Healing Crochet Gifts for Moms & Family&colleague,Vkeyinf,2026-04-08,2027-04-07,20.47%,5000.0,5000.0,29,800,false
"[B0FY2NRQM5, B0FH6TC28V, B0G19F6358, B0FC6M95GY, B0FCBZRTG6, B0FC6BNY7X, B0FY5MRC8J, B0G1YJFHDJ, B0FH6RWL3X, B0FYF7ZLCV, B0FY5WR3ZH, B0FY1HDRW7, B0FCC34C1M, B0G11PQTHS, B0FDW26Y8F, B0G19FHPGJ, B0FKLZDQJS, B0G1YD51M2, B0FY2N9BNL, B0G1B3B6MY, B0GM47HKWZ, B0FCBY8VY3, B0FWBVJCMR, B0G12YMLHL, B0FDPKW8BG, B0FC68P44B, B0G12YST67, B0FCBZGP1L, B0FCC4BP82, B0G1969B2B, B0FVDW7V93, B0FC6K4248, B0FDQRLYC4, B0G1313Z6F, B0FCBX9B19, B0FDQQHQX6, B0G2L694YH]",amzn1.campaign.35FQLVSQD8O8A,Gratitude & Love: Healing Crochet Gifts for Moms & Family&colleague,Vkeyinf,2026-04-08,2027-04-07,20.46%,5000.0,5000.0,30,800,false
[B0FQCD7GL2],amzn1.campaign.3CBXP51WDISRF,Q1501-26.04.07-05,iXular,2026-04-08,2026-11-25,15.00%,5000.0,5000.0,27,800,false
"[B0FY2NRQM5, B0FH6TC28V, B0G19F6358, B0FC6M95GY, B0FCBZRTG6, B0FC6BNY7X, B0FY5MRC8J, B0G1YJFHDJ, B0FH6RWL3X, B0FYF7ZLCV, B0FY5WR3ZH, B0FY1HDRW7, B0FCC34C1M, B0G11PQTHS, B0FDW26Y8F, B0G19FHPGJ, B0FKLZDQJS, B0G1YD51M2, B0FY2N9BNL, B0G1B3B6MY, B0GM47HKWZ, B0FCBY8VY3, B0FWBVJCMR, B0G12YMLHL, B0FDPKW8BG, B0FC68P44B, B0G12YST67, B0FCBZGP1L, B0FCC4BP82, B0G1969B2B, B0FVDW7V93, B0FC6K4248, B0FDQRLYC4, B0G1313Z6F, B0FCBX9B19, B0FDQQHQX6, B0G2L694YH]",amzn1.campaign.3EJNRCD0HG97A,Gratitude & Love: Healing Crochet Gifts for Moms & Family&colleague,Vkeyinf,2026-04-08,2027-04-07,20.45%,5000.0,5000.0,33,800,false
[B0FMK7R9LD],amzn1.campaign.242H46XHJD3E6,5% Minoxidil-4.7-15,BLISSMATE,2026-04-08,2027-03-24,10.00%,10000.0,10000.0,18,800,false
"[B0FY2NRQM5, B0FH6TC28V, B0G19F6358, B0FC6M95GY, B0FCBZRTG6, B0FC6BNY7X, B0FY5MRC8J, B0G1YJFHDJ, B0FH6RWL3X, B0FYF7ZLCV, B0FY5WR3ZH, B0FY1HDRW7, B0FCC34C1M, B0G11PQTHS, B0FDW26Y8F, B0G19FHPGJ, B0FKLZDQJS, B0G1YD51M2, B0FY2N9BNL, B0G1B3B6MY, B0GM47HKWZ, B0FCBY8VY3, B0FWBVJCMR, B0G12YMLHL, B0FDPKW8BG, B0FC68P44B, B0G12YST67, B0FCBZGP1L, B0FCC4BP82, B0G1969B2B, B0FVDW7V93, B0FC6K4248, B0FDQRLYC4, B0G1313Z6F, B0FCBX9B19, B0FDQQHQX6, B0G2L694YH]",amzn1.campaign.1OFAACYIPJR21,Gratitude & Love: Healing Crochet Gifts for Moms & Family&colleague,Vkeyinf,2026-04-08,2027-04-07,20.44%,5000.0,5000.0,29,800,false
[B0FQCD7GL2],amzn1.campaign.1BCUTHJF6WI41,Q1501-26.04.07-04,iXular,2026-04-08,2026-11-24,15.00%,5000.0,5000.0,24,800,false
[B0FMK7R9LD],amzn1.campaign.2IDDMK1O7SDAZ,5% Minoxidil-4.7-14,BLISSMATE,2026-04-08,2027-03-25,10.00%,10000.0,10000.0,18,800,false
"[B0FY2NRQM5, B0FH6TC28V, B0G19F6358, B0FC6M95GY, B0FCBZRTG6, B0FC6BNY7X, B0FY5MRC8J, B0G1YJFHDJ, B0FH6RWL3X, B0FYF7ZLCV, B0FY5WR3ZH, B0FY1HDRW7, B0FCC34C1M, B0G11PQTHS, B0FDW26Y8F, B0G19FHPGJ, B0FKLZDQJS, B0G1YD51M2, B0FY2N9BNL, B0G1B3B6MY, B0GM47HKWZ, B0FCBY8VY3, B0FWBVJCMR, B0G12YMLHL, B0FDPKW8BG, B0FC68P44B, B0G12YST67, B0FCBZGP1L, B0FCC4BP82, B0G1969B2B, B0FVDW7V93, B0FC6K4248, B0FDQRLYC4, B0G1313Z6F, B0FCBX9B19, B0FDQQHQX6, B0G2L694YH]",amzn1.campaign.3T4T3XL0ZEJVZ,Gratitude & Love: Healing Crochet Gifts for Moms & Family&colleague,Vkeyinf,2026-04-08,2027-04-07,20.43%,5000.0,5000.0,35,800,false
[B0FMK7R9LD],amzn1.campaign.3L39QGJLK49TJ,5% Minoxidil-4.7-13,BLISSMATE,2026-04-08,2027-03-26,10.00%,10000.0,10000.0,19,800,false
"[B0FY2NRQM5, B0FH6TC28V, B0G19F6358, B0FC6M95GY, B0FCBZRTG6, B0FC6BNY7X, B0FY5MRC8J, B0G1YJFHDJ, B0FH6RWL3X, B0FYF7ZLCV, B0FY5WR3ZH, B0FY1HDRW7, B0FCC34C1M, B0G11PQTHS, B0FDW26Y8F, B0G19FHPGJ, B0FKLZDQJS, B0G1YD51M2, B0FY2N9BNL, B0G1B3B6MY, B0GM47HKWZ, B0FCBY8VY3, B0FWBVJCMR, B0G12YMLHL, B0FDPKW8BG, B0FC68P44B, B0G12YST67, B0FCBZGP1L, B0FCC4BP82, B0G1969B2B, B0FVDW7V93, B0FC6K4248, B0FDQRLYC4, B0G1313Z6F, B0FCBX9B19, B0FDQQHQX6, B0G2L694YH]",amzn1.campaign.14ER7ZNQWJLA,Gratitude & Love: Healing Crochet Gifts for Moms & Family&colleague,Vkeyinf,2026-04-08,2027-04-07,20.42%,5000.0,5000.0,29,800,false
[B0FQCD7GL2],amzn1.campaign.28SSEIEZROV4E,Q1501-26.04.07-03,iXular,2026-04-08,2026-11-23,15.00%,5000.0,5000.0,26,800,false
"[B0FY2NRQM5, B0FH6TC28V, B0G19F6358, B0FC6M95GY, B0FCBZRTG6, B0FC6BNY7X, B0FY5MRC8J, B0G1YJFHDJ, B0FH6RWL3X, B0FYF7ZLCV, B0FY5WR3ZH, B0FY1HDRW7, B0FCC34C1M, B0G11PQTHS, B0FDW26Y8F, B0G19FHPGJ, B0FKLZDQJS, B0G1YD51M2, B0FY2N9BNL, B0G1B3B6MY, B0GM47HKWZ, B0FCBY8VY3, B0FWBVJCMR, B0G12YMLHL, B0FDPKW8BG, B0FC68P44B, B0G12YST67, B0FCBZGP1L, B0FCC4BP82, B0G1969B2B, B0FVDW7V93, B0FC6K4248, B0FDQRLYC4, B0G1313Z6F, B0FCBX9B19, B0FDQQHQX6, B0G2L694YH]",amzn1.campaign.10QGMCWJMBN3S,Gratitude & Love: Healing Crochet Gifts for Moms & Family&colleague,Vkeyinf,2026-04-08,2027-04-07,20.41%,5000.0,5000.0,27,800,false
[B0FMK7R9LD],amzn1.campaign.2OL9ICZD820CF,5% Minoxidil-4.7-12,BLISSMATE,2026-04-08,2027-03-27,10.00%,10000.0,10000.0,17,800,false
[B0FQCD7GL2],amzn1.campaign.294DZZO0BKSC2,Q1501-26.04.07-02,iXular,2026-04-08,2026-11-22,15.00%,5000.0,5000.0,26,800,false
"[B0D6BC7NSV, B0D6BBTSWP, B0D6BDT7Z3, B0D6B9QBDP, B0D6B9S3L8]",amzn1.campaign.9GGI8QOYH19H,Hot！！🔥🔥Kids Over Glasses Sunglasses！🔥🔥Fit over Sunglasses！🔥🔥SG8601,SODQW,2026-04-08,2027-04-06,10.00%,999999.0,999999.0,23,800,false
"[B0FY2NRQM5, B0FH6TC28V, B0G19F6358, B0FC6M95GY, B0FCBZRTG6, B0FC6BNY7X, B0FY5MRC8J, B0G1YJFHDJ, B0FH6RWL3X, B0FYF7ZLCV, B0FY5WR3ZH, B0FY1HDRW7, B0FCC34C1M, B0G11PQTHS, B0FDW26Y8F, B0G19FHPGJ, B0FKLZDQJS, B0G1YD51M2, B0FY2N9BNL, B0G1B3B6MY, B0GM47HKWZ, B0FCBY8VY3, B0FWBVJCMR, B0G12YMLHL, B0FDPKW8BG, B0FC68P44B, B0G12YST67, B0FCBZGP1L, B0FCC4BP82, B0G1969B2B, B0FVDW7V93, B0FC6K4248, B0FDQRLYC4, B0G1313Z6F, B0FCBX9B19, B0FDQQHQX6, B0G2L694YH]",amzn1.campaign.3KPRJ67T8BEMR,Gratitude & Love: Healing Crochet Gifts for Moms & Family&colleague,Vkeyinf,2026-04-08,2027-04-07,20.40%,5000.0,5000.0,36,800,false
"[B0FY2NRQM5, B0FH6TC28V, B0G19F6358, B0FC6M95GY, B0FCBZRTG6, B0FC6BNY7X, B0FY5MRC8J, B0G1YJFHDJ, B0FH6RWL3X, B0FYF7ZLCV, B0FY5WR3ZH, B0FY1HDRW7, B0FCC34C1M, B0G11PQTHS, B0FDW26Y8F, B0G19FHPGJ, B0FKLZDQJS, B0G1YD51M2, B0FY2N9BNL, B0G1B3B6MY, B0GM47HKWZ, B0FCBY8VY3, B0FWBVJCMR, B0G12YMLHL, B0FDPKW8BG, B0FC68P44B, B0G12YST67, B0FCBZGP1L, B0FCC4BP82, B0G1969B2B, B0FVDW7V93, B0FC6K4248, B0FDQRLYC4, B0G1313Z6F, B0FCBX9B19, B0FDQQHQX6, B0G2L694YH]",amzn1.campaign.19SRN4ZJF8AJQ,Gratitude & Love: Healing Crochet Gifts for Moms & Family&colleague,Vkeyinf,2026-04-08,2027-04-07,20.39%,5000.0,5000.0,30,800,false
[B0FQCD7GL2],amzn1.campaign.17FBV2PUXISKV,Q1501-26.04.07-01,iXular,2026-04-08,2026-11-21,15.00%,5000.0,5000.0,23,800,false
"[B0FY2NRQM5, B0FH6TC28V, B0G19F6358, B0FC6M95GY, B0FCBZRTG6, B0FC6BNY7X, B0FY5MRC8J, B0G1YJFHDJ, B0FH6RWL3X, B0FYF7ZLCV, B0FY5WR3ZH, B0FY1HDRW7, B0FCC34C1M, B0G11PQTHS, B0FDW26Y8F, B0G19FHPGJ, B0FKLZDQJS, B0G1YD51M2, B0FY2N9BNL, B0G1B3B6MY, B0GM47HKWZ, B0FCBY8VY3, B0FWBVJCMR, B0G12YMLHL, B0FDPKW8BG, B0FC68P44B, B0G12YST67, B0FCBZGP1L, B0FCC4BP82, B0G1969B2B, B0FVDW7V93, B0FC6K4248, B0FDQRLYC4, B0G1313Z6F, B0FCBX9B19, B0FDQQHQX6, B0G2L694YH]",amzn1.campaign.152WAM1HDOKSE,Gratitude & Love: Healing Crochet Gifts for Moms & Family&colleague,Vkeyinf,2026-04-08,2027-04-07,20.38%,5000.0,5000.0,30,800,false
"[B0FY2NRQM5, B0FH6TC28V, B0G19F6358, B0FC6M95GY, B0FCBZRTG6, B0FC6BNY7X, B0FY5MRC8J, B0G1YJFHDJ, B0FH6RWL3X, B0FYF7ZLCV, B0FY5WR3ZH, B0FY1HDRW7, B0FCC34C1M, B0G11PQTHS, B0FDW26Y8F, B0G19FHPGJ, B0FKLZDQJS, B0G1YD51M2, B0FY2N9BNL, B0G1B3B6MY, B0GM47HKWZ, B0FCBY8VY3, B0FWBVJCMR, B0G12YMLHL, B0FDPKW8BG, B0FC68P44B, B0G12YST67, B0FCBZGP1L, B0FCC4BP82, B0G1969B2B, B0FVDW7V93, B0FC6K4248, B0FDQRLYC4, B0G1313Z6F, B0FCBX9B19, B0FDQQHQX6, B0G2L694YH]",amzn1.campaign.1RVG3B3M5LLQK,Gratitude & Love: Healing Crochet Gifts for Moms & Family&colleague,Vkeyinf,2026-04-08,2027-04-07,20.37%,5000.0,5000.0,31,800,false
"[B0FY2NRQM5, B0FH6TC28V, B0G19F6358, B0FC6M95GY, B0FCBZRTG6, B0FC6BNY7X, B0FY5MRC8J, B0G1YJFHDJ, B0FH6RWL3X, B0FYF7ZLCV, B0FY5WR3ZH, B0FY1HDRW7, B0FCC34C1M, B0G11PQTHS, B0FDW26Y8F, B0G19FHPGJ, B0FKLZDQJS, B0G1YD51M2, B0FY2N9BNL, B0G1B3B6MY, B0GM47HKWZ, B0FCBY8VY3, B0FWBVJCMR, B0G12YMLHL, B0FDPKW8BG, B0FC68P44B, B0G12YST67, B0FCBZGP1L, B0FCC4BP82, B0G1969B2B, B0FVDW7V93, B0FC6K4248, B0FDQRLYC4, B0G1313Z6F, B0FCBX9B19, B0FDQQHQX6, B0G2L694YH]",amzn1.campaign.3A02OHAGNI5D4,Gratitude & Love: Healing Crochet Gifts for Moms & Family&colleague,Vkeyinf,2026-04-08,2027-04-07,20.36%,5000.0,5000.0,32,800,false
"[B0FY2NRQM5, B0FH6TC28V, B0G19F6358, B0FC6M95GY, B0FCBZRTG6, B0FC6BNY7X, B0FY5MRC8J, B0G1YJFHDJ, B0FH6RWL3X, B0FYF7ZLCV, B0FY5WR3ZH, B0FY1HDRW7, B0FCC34C1M, B0G11PQTHS, B0FDW26Y8F, B0G19FHPGJ, B0FKLZDQJS, B0G1YD51M2, B0FY2N9BNL, B0G1B3B6MY, B0GM47HKWZ, B0FCBY8VY3, B0FWBVJCMR, B0G12YMLHL, B0FDPKW8BG, B0FC68P44B, B0G12YST67, B0FCBZGP1L, B0FCC4BP82, B0G1969B2B, B0FVDW7V93, B0FC6K4248, B0FDQRLYC4, B0G1313Z6F, B0FCBX9B19, B0FDQQHQX6, B0G2L694YH]",amzn1.campaign.1VDXQVGZ7HAL8,Gratitude & Love: Healing Crochet Gifts for Moms & Family&colleague,Vkeyinf,2026-04-08,2027-04-07,20.35%,5000.0,5000.0,30,800,false
"[B0D3BNMNK5, B0D3BNC7ZF, B0D3BN9BCB, B0D3BMDY19]",amzn1.campaign.19XES87KBFAI3,SODQW Sunglasses SG9936🔥🔥🔥,SODQW,2026-04-08,2027-04-07,10.00%,999999.0,999999.0,18,800,false
"[B0FY2NRQM5, B0FH6TC28V, B0G19F6358, B0FC6M95GY, B0FCBZRTG6, B0FC6BNY7X, B0FY5MRC8J, B0G1YJFHDJ, B0FH6RWL3X, B0FYF7ZLCV, B0FY5WR3ZH, B0FY1HDRW7, B0FCC34C1M, B0G11PQTHS, B0FDW26Y8F, B0G19FHPGJ, B0FKLZDQJS, B0G1YD51M2, B0FY2N9BNL, B0G1B3B6MY, B0GM47HKWZ, B0FCBY8VY3, B0FWBVJCMR, B0G12YMLHL, B0FDPKW8BG, B0FC68P44B, B0G12YST67, B0FCBZGP1L, B0FCC4BP82, B0G1969B2B, B0FVDW7V93, B0FC6K4248, B0FDQRLYC4, B0G1313Z6F, B0FCBX9B19, B0FDQQHQX6, B0G2L694YH]",amzn1.campaign.3L3XNGQ2CVVG6,Gratitude & Love: Healing Crochet Gifts for Moms & Family&colleague,Vkeyinf,2026-04-08,2027-04-07,20.34%,5000.0,5000.0,37,800,false
"[B0FSRXJC6C, B0FSRYSCF2]",amzn1.campaign.S1I30XFVFXZQ,Premium 12 Pack LED Recessed Lighting Solutions（commission rate is 15% per sale）,Veriligt,2026-04-08,2027-04-08,15.00%,1000000.0,999982.01,0,800,false
"[B0FY2NRQM5, B0FH6TC28V, B0G19F6358, B0FC6M95GY, B0FCBZRTG6, B0FC6BNY7X, B0FY5MRC8J, B0G1YJFHDJ, B0FH6RWL3X, B0FYF7ZLCV, B0FY5WR3ZH, B0FY1HDRW7, B0FCC34C1M, B0G11PQTHS, B0FDW26Y8F, B0G19FHPGJ, B0FKLZDQJS, B0G1YD51M2, B0FY2N9BNL, B0G1B3B6MY, B0GM47HKWZ, B0FCBY8VY3, B0FWBVJCMR, B0G12YMLHL, B0FDPKW8BG, B0FC68P44B, B0G12YST67, B0FCBZGP1L, B0FCC4BP82, B0G1969B2B, B0FVDW7V93, B0FC6K4248, B0FDQRLYC4, B0G1313Z6F, B0FCBX9B19, B0FDQQHQX6, B0G2L694YH]",amzn1.campaign.3LYRE9SLG58GL,Gratitude & Love: Healing Crochet Gifts for Moms & Family&colleague,Vkeyinf,2026-04-08,2027-04-07,20.33%,5000.0,5000.0,35,800,false
"[B0FY2NRQM5, B0FH6TC28V, B0G19F6358, B0FC6M95GY, B0FCBZRTG6, B0FC6BNY7X, B0FY5MRC8J, B0G1YJFHDJ, B0FH6RWL3X, B0FYF7ZLCV, B0FY5WR3ZH, B0FY1HDRW7, B0FCC34C1M, B0G11PQTHS, B0FDW26Y8F, B0G19FHPGJ, B0FKLZDQJS, B0G1YD51M2, B0FY2N9BNL, B0G1B3B6MY, B0GM47HKWZ, B0FCBY8VY3, B0FWBVJCMR, B0G12YMLHL, B0FDPKW8BG, B0FC68P44B, B0G12YST67, B0FCBZGP1L, B0FCC4BP82, B0G1969B2B, B0FVDW7V93, B0FC6K4248, B0FDQRLYC4, B0G1313Z6F, B0FCBX9B19, B0FDQQHQX6, B0G2L694YH]",amzn1.campaign.2DG1SR7ZB3MI6,Gratitude & Love: Healing Crochet Gifts for Moms & Family&colleague,Vkeyinf,2026-04-08,2027-04-07,20.32%,5000.0,5000.0,28,800,false
"[B0FY2NRQM5, B0FH6TC28V, B0G19F6358, B0FC6M95GY, B0FCBZRTG6, B0FC6BNY7X, B0FY5MRC8J, B0G1YJFHDJ, B0FH6RWL3X, B0FYF7ZLCV, B0FY5WR3ZH, B0FY1HDRW7, B0FCC34C1M, B0G11PQTHS, B0FDW26Y8F, B0G19FHPGJ, B0FKLZDQJS, B0G1YD51M2, B0FY2N9BNL, B0G1B3B6MY, B0GM47HKWZ, B0FCBY8VY3, B0FWBVJCMR, B0G12YMLHL, B0FDPKW8BG, B0FC68P44B, B0G12YST67, B0FCBZGP1L, B0FCC4BP82, B0G1969B2B, B0FVDW7V93, B0FC6K4248, B0FDQRLYC4, B0G1313Z6F, B0FCBX9B19, B0FDQQHQX6, B0G2L694YH]",amzn1.campaign.2CZAXBCBUMWYY,Gratitude & Love: Healing Crochet Gifts for Moms & Family&colleague,Vkeyinf,2026-04-08,2027-04-07,20.31%,5000.0,5000.0,30,800,false
"[B0FY2NRQM5, B0FH6TC28V, B0G19F6358, B0FC6M95GY, B0FCBZRTG6, B0FC6BNY7X, B0FY5MRC8J, B0G1YJFHDJ, B0FH6RWL3X, B0FYF7ZLCV, B0FY5WR3ZH, B0FY1HDRW7, B0FCC34C1M, B0G11PQTHS, B0FDW26Y8F, B0G19FHPGJ, B0FKLZDQJS, B0G1YD51M2, B0FY2N9BNL, B0G1B3B6MY, B0GM47HKWZ, B0FCBY8VY3, B0FWBVJCMR, B0G12YMLHL, B0FDPKW8BG, B0FC68P44B, B0G12YST67, B0FCBZGP1L, B0FCC4BP82, B0G1969B2B, B0FVDW7V93, B0FC6K4248, B0FDQRLYC4, B0G1313Z6F, B0FCBX9B19, B0FDQQHQX6, B0G2L694YH]",amzn1.campaign.39OM7VCQ9HF1Q,Gratitude & Love: Healing Crochet Gifts for Moms & Family&colleague,Vkeyinf,2026-04-08,2027-04-07,20.30%,5000.0,5000.0,31,800,false
"[B0DTHVZ9BR, B0DTHW33TL, B0DTHW9ZYY]",amzn1.campaign.TPJ5V3CDUT1H,"2 Pack Gallon Reusable Yard Waste Bags, Collapsible Heavy Duty Leaf Bags",TZWXHDM,2026-04-08,2026-12-31,15.00%,5000.0,4997.3,15,800,false
"[B0FY2NRQM5, B0FH6TC28V, B0G19F6358, B0FC6M95GY, B0FCBZRTG6, B0FC6BNY7X, B0FY5MRC8J, B0G1YJFHDJ, B0FH6RWL3X, B0FYF7ZLCV, B0FY5WR3ZH, B0FY1HDRW7, B0FCC34C1M, B0G11PQTHS, B0FDW26Y8F, B0G19FHPGJ, B0FKLZDQJS, B0G1YD51M2, B0FY2N9BNL, B0G1B3B6MY, B0GM47HKWZ, B0FCBY8VY3, B0FWBVJCMR, B0G12YMLHL, B0FDPKW8BG, B0FC68P44B, B0G12YST67, B0FCBZGP1L, B0FCC4BP82, B0G1969B2B, B0FVDW7V93, B0FC6K4248, B0FDQRLYC4, B0G1313Z6F, B0FCBX9B19, B0FDQQHQX6, B0G2L694YH]",amzn1.campaign.2H02XD3PV7IFB,Gratitude & Love: Healing Crochet Gifts for Moms & Family&colleague,Vkeyinf,2026-04-08,2027-04-07,20.29%,5000.0,5000.0,30,800,false
"[B0FY2NRQM5, B0FH6TC28V, B0G19F6358, B0FC6M95GY, B0FCBZRTG6, B0FC6BNY7X, B0FY5MRC8J, B0G1YJFHDJ, B0FH6RWL3X, B0FYF7ZLCV, B0FY5WR3ZH, B0FY1HDRW7, B0FCC34C1M, B0G11PQTHS, B0FDW26Y8F, B0G19FHPGJ, B0FKLZDQJS, B0G1YD51M2, B0FY2N9BNL, B0G1B3B6MY, B0GM47HKWZ, B0FCBY8VY3, B0FWBVJCMR, B0G12YMLHL, B0FDPKW8BG, B0FC68P44B, B0G12YST67, B0FCBZGP1L, B0FCC4BP82, B0G1969B2B, B0FVDW7V93, B0FC6K4248, B0FDQRLYC4, B0G1313Z6F, B0FCBX9B19, B0FDQQHQX6, B0G2L694YH]",amzn1.campaign.1V28NMRAVH8K0,Gratitude & Love: Healing Crochet Gifts for Moms & Family&colleague,Vkeyinf,2026-04-08,2027-04-07,20.28%,5000.0,5000.0,31,800,false
"[B0FY2NRQM5, B0FH6TC28V, B0G19F6358, B0FC6M95GY, B0FCBZRTG6, B0FC6BNY7X, B0FY5MRC8J, B0G1YJFHDJ, B0FH6RWL3X, B0FYF7ZLCV, B0FY5WR3ZH, B0FY1HDRW7, B0FCC34C1M, B0G11PQTHS, B0FDW26Y8F, B0G19FHPGJ, B0FKLZDQJS, B0G1YD51M2, B0FY2N9BNL, B0G1B3B6MY, B0GM47HKWZ, B0FCBY8VY3, B0FWBVJCMR, B0G12YMLHL, B0FDPKW8BG, B0FC68P44B, B0G12YST67, B0FCBZGP1L, B0FCC4BP82, B0G1969B2B, B0FVDW7V93, B0FC6K4248, B0FDQRLYC4, B0G1313Z6F, B0FCBX9B19, B0FDQQHQX6, B0G2L694YH]",amzn1.campaign.1R9BAP258LJSL,Gratitude & Love: Healing Crochet Gifts for Moms & Family&colleague,Vkeyinf,2026-04-08,2027-04-07,20.27%,5000.0,5000.0,31,800,false
"[B0FY2NRQM5, B0FH6TC28V, B0G19F6358, B0FC6M95GY, B0FCBZRTG6, B0FC6BNY7X, B0FY5MRC8J, B0G1YJFHDJ, B0FH6RWL3X, B0FYF7ZLCV, B0FY5WR3ZH, B0FY1HDRW7, B0FCC34C1M, B0G11PQTHS, B0FDW26Y8F, B0G19FHPGJ, B0FKLZDQJS, B0G1YD51M2, B0FY2N9BNL, B0G1B3B6MY, B0GM47HKWZ, B0FCBY8VY3, B0FWBVJCMR, B0G12YMLHL, B0FDPKW8BG, B0FC68P44B, B0G12YST67, B0FCBZGP1L, B0FCC4BP82, B0G1969B2B, B0FVDW7V93, B0FC6K4248, B0FDQRLYC4, B0G1313Z6F, B0FCBX9B19, B0FDQQHQX6, B0G2L694YH]",amzn1.campaign.3A3QQA7R4QDRT,Gratitude & Love: Healing Crochet Gifts for Moms & Family&colleague,Vkeyinf,2026-04-08,2027-04-07,20.26%,5000.0,5000.0,32,800,false
"[B0FY2NRQM5, B0FH6TC28V, B0G19F6358, B0FC6M95GY, B0FCBZRTG6, B0FC6BNY7X, B0FY5MRC8J, B0G1YJFHDJ, B0FH6RWL3X, B0FYF7ZLCV, B0FY5WR3ZH, B0FY1HDRW7, B0FCC34C1M, B0G11PQTHS, B0FDW26Y8F, B0G19FHPGJ, B0FKLZDQJS, B0G1YD51M2, B0FY2N9BNL, B0G1B3B6MY, B0GM47HKWZ, B0FCBY8VY3, B0FWBVJCMR, B0G12YMLHL, B0FDPKW8BG, B0FC68P44B, B0G12YST67, B0FCBZGP1L, B0FCC4BP82, B0G1969B2B, B0FVDW7V93, B0FC6K4248, B0FDQRLYC4, B0G1313Z6F, B0FCBX9B19, B0FDQQHQX6, B0G2L694YH]",amzn1.campaign.27BAUBDQPAKJJ,Gratitude & Love: Healing Crochet Gifts for Moms & Family&colleague,Vkeyinf,2026-04-08,2027-04-07,20.25%,5000.0,5000.0,29,800,false
"[B0FY2NRQM5, B0FH6TC28V, B0G19F6358, B0FC6M95GY, B0FCBZRTG6, B0FC6BNY7X, B0FY5MRC8J, B0G1YJFHDJ, B0FH6RWL3X, B0FYF7ZLCV, B0FY5WR3ZH, B0FY1HDRW7, B0FCC34C1M, B0G11PQTHS, B0FDW26Y8F, B0G19FHPGJ, B0FKLZDQJS, B0G1YD51M2, B0FY2N9BNL, B0G1B3B6MY, B0GM47HKWZ, B0FCBY8VY3, B0FWBVJCMR, B0G12YMLHL, B0FDPKW8BG, B0FC68P44B, B0G12YST67, B0FCBZGP1L, B0FCC4BP82, B0G1969B2B, B0FVDW7V93, B0FC6K4248, B0FDQRLYC4, B0G1313Z6F, B0FCBX9B19, B0FDQQHQX6, B0G2L694YH]",amzn1.campaign.9PRUFT30W0UR,Gratitude & Love: Healing Crochet Gifts for Moms & Family&colleague,Vkeyinf,2026-04-08,2027-04-07,20.24%,5000.0,5000.0,36,800,false
"[B0GJBVGZKF, B0GJBH1ST5]",amzn1.campaign.2JJ2OH1LGRF8V,OMG you guys🌿—my plants have never looked this stylish!,YOUERDA,2026-04-08,2026-10-08,10.00%,5000.0,4977.15,10,800,false
"[B0FJFMGCQR, B0FJFNM35X, B0FXLQCNCW]",amzn1.campaign.KL21DIR5ZAXR,UV INK,Aulay,2026-04-08,2026-10-01,10.00%,50000.0,50000.0,11,800,false
"[B0FY2NRQM5, B0FH6TC28V, B0G19F6358, B0FC6M95GY, B0FCBZRTG6, B0FC6BNY7X, B0FY5MRC8J, B0G1YJFHDJ, B0FH6RWL3X, B0FYF7ZLCV, B0FY5WR3ZH, B0FY1HDRW7, B0FCC34C1M, B0G11PQTHS, B0FDW26Y8F, B0G19FHPGJ, B0FKLZDQJS, B0G1YD51M2, B0FY2N9BNL, B0G1B3B6MY, B0GM47HKWZ, B0FCBY8VY3, B0FWBVJCMR, B0G12YMLHL, B0FDPKW8BG, B0FC68P44B, B0G12YST67, B0FCBZGP1L, B0FCC4BP82, B0G1969B2B, B0FVDW7V93, B0FC6K4248, B0FDQRLYC4, B0G1313Z6F, B0FCBX9B19, B0FDQQHQX6, B0G2L694YH]",amzn1.campaign.2O1VECPWMR5ZK,Gratitude & Love: Healing Crochet Gifts for Moms & Family&colleague,Vkeyinf,2026-04-08,2027-04-07,20.23%,5000.0,5000.0,30,800,false
"[B0FY2NRQM5, B0FH6TC28V, B0G19F6358, B0FC6M95GY, B0FCBZRTG6, B0FC6BNY7X, B0FY5MRC8J, B0G1YJFHDJ, B0FH6RWL3X, B0FYF7ZLCV, B0FY5WR3ZH, B0FY1HDRW7, B0FCC34C1M, B0G11PQTHS, B0FDW26Y8F, B0G19FHPGJ, B0FKLZDQJS, B0G1YD51M2, B0FY2N9BNL, B0G1B3B6MY, B0GM47HKWZ, B0FCBY8VY3, B0FWBVJCMR, B0G12YMLHL, B0FDPKW8BG, B0FC68P44B, B0G12YST67, B0FCBZGP1L, B0FCC4BP82, B0G1969B2B, B0FVDW7V93, B0FC6K4248, B0FDQRLYC4, B0G1313Z6F, B0FCBX9B19, B0FDQQHQX6, B0G2L694YH]",amzn1.campaign.37WS8GID9YB3A,Gratitude & Love: Healing Crochet Gifts for Moms & Family&colleague,Vkeyinf,2026-04-08,2027-04-07,20.22%,5000.0,5000.0,31,800,false
"[B0FY2NRQM5, B0FH6TC28V, B0G19F6358, B0FC6M95GY, B0FCBZRTG6, B0FC6BNY7X, B0FY5MRC8J, B0G1YJFHDJ, B0FH6RWL3X, B0FYF7ZLCV, B0FY5WR3ZH, B0FY1HDRW7, B0FCC34C1M, B0G11PQTHS, B0FDW26Y8F, B0G19FHPGJ, B0FKLZDQJS, B0G1YD51M2, B0FY2N9BNL, B0G1B3B6MY, B0GM47HKWZ, B0FCBY8VY3, B0FWBVJCMR, B0G12YMLHL, B0FDPKW8BG, B0FC68P44B, B0G12YST67, B0FCBZGP1L, B0FCC4BP82, B0G1969B2B, B0FVDW7V93, B0FC6K4248, B0FDQRLYC4, B0G1313Z6F, B0FCBX9B19, B0FDQQHQX6, B0G2L694YH]",amzn1.campaign.JLTSYYJ35JU9,Gratitude & Love: Healing Crochet Gifts for Moms & Family&colleague,Vkeyinf,2026-04-08,2027-04-07,20.21%,5000.0,5000.0,38,800,false
"[B0FY2NRQM5, B0FH6TC28V, B0G19F6358, B0FC6M95GY, B0FCBZRTG6, B0FC6BNY7X, B0FY5MRC8J, B0G1YJFHDJ, B0FH6RWL3X, B0FYF7ZLCV, B0FY5WR3ZH, B0FY1HDRW7, B0FCC34C1M, B0G11PQTHS, B0FDW26Y8F, B0G19FHPGJ, B0FKLZDQJS, B0G1YD51M2, B0FY2N9BNL, B0G1B3B6MY, B0GM47HKWZ, B0FCBY8VY3, B0FWBVJCMR, B0G12YMLHL, B0FDPKW8BG, B0FC68P44B, B0G12YST67, B0FCBZGP1L, B0FCC4BP82, B0G1969B2B, B0FVDW7V93, B0FC6K4248, B0FDQRLYC4, B0G1313Z6F, B0FCBX9B19, B0FDQQHQX6, B0G2L694YH]",amzn1.campaign.1KCOA8TAMG2HY,Gratitude & Love: Healing Crochet Gifts for Moms & Family&colleague,Vkeyinf,2026-04-08,2027-04-07,20.20%,5000.0,5000.0,29,800,false
"[B0FY2NRQM5, B0FH6TC28V, B0G19F6358, B0FC6M95GY, B0FCBZRTG6, B0FC6BNY7X, B0FY5MRC8J, B0G1YJFHDJ, B0FH6RWL3X, B0FYF7ZLCV, B0FY5WR3ZH, B0FY1HDRW7, B0FCC34C1M, B0G11PQTHS, B0FDW26Y8F, B0G19FHPGJ, B0FKLZDQJS, B0G1YD51M2, B0FY2N9BNL, B0G1B3B6MY, B0GM47HKWZ, B0FCBY8VY3, B0FWBVJCMR, B0G12YMLHL, B0FDPKW8BG, B0FC68P44B, B0G12YST67, B0FCBZGP1L, B0FCC4BP82, B0G1969B2B, B0FVDW7V93, B0FC6K4248, B0FDQRLYC4, B0G1313Z6F, B0FCBX9B19, B0FDQQHQX6, B0G2L694YH]",amzn1.campaign.31NQKPD10RU4H,Gratitude & Love: Healing Crochet Gifts for Moms & Family&colleague,Vkeyinf,2026-04-08,2027-04-07,20.19%,5000.0,5000.0,30,800,false
"[B0FY2NRQM5, B0FH6TC28V, B0G19F6358, B0FC6M95GY, B0FCBZRTG6, B0FC6BNY7X, B0FY5MRC8J, B0G1YJFHDJ, B0FH6RWL3X, B0FYF7ZLCV, B0FY5WR3ZH, B0FY1HDRW7, B0FCC34C1M, B0G11PQTHS, B0FDW26Y8F, B0G19FHPGJ, B0FKLZDQJS, B0G1YD51M2, B0FY2N9BNL, B0G1B3B6MY, B0GM47HKWZ, B0FCBY8VY3, B0FWBVJCMR, B0G12YMLHL, B0FDPKW8BG, B0FC68P44B, B0G12YST67, B0FCBZGP1L, B0FCC4BP82, B0G1969B2B, B0FVDW7V93, B0FC6K4248, B0FDQRLYC4, B0G1313Z6F, B0FCBX9B19, B0FDQQHQX6, B0G2L694YH]",amzn1.campaign.1YJBP4KKE6HV8,Gratitude & Love: Healing Crochet Gifts for Moms & Family&colleague,Vkeyinf,2026-04-08,2027-04-07,20.18%,5000.0,5000.0,31,800,false
"[B0FY2NRQM5, B0FH6TC28V, B0G19F6358, B0FC6M95GY, B0FCBZRTG6, B0FC6BNY7X, B0FY5MRC8J, B0G1YJFHDJ, B0FH6RWL3X, B0FYF7ZLCV, B0FY5WR3ZH, B0FY1HDRW7, B0FCC34C1M, B0G11PQTHS, B0FDW26Y8F, B0G19FHPGJ, B0FKLZDQJS, B0G1YD51M2, B0FY2N9BNL, B0G1B3B6MY, B0GM47HKWZ, B0FCBY8VY3, B0FWBVJCMR, B0G12YMLHL, B0FDPKW8BG, B0FC68P44B, B0G12YST67, B0FCBZGP1L, B0FCC4BP82, B0G1969B2B, B0FVDW7V93, B0FC6K4248, B0FDQRLYC4, B0G1313Z6F, B0FCBX9B19, B0FDQQHQX6, B0G2L694YH]",amzn1.campaign.2F87WPZ0FYZC6,Gratitude & Love: Healing Crochet Gifts for Moms & Family&colleague,Vkeyinf,2026-04-08,2027-04-07,20.17%,5000.0,5000.0,31,800,false
"[B0FY2NRQM5, B0FH6TC28V, B0G19F6358, B0FC6M95GY, B0FCBZRTG6, B0FC6BNY7X, B0FY5MRC8J, B0G1YJFHDJ, B0FH6RWL3X, B0FYF7ZLCV, B0FY5WR3ZH, B0FY1HDRW7, B0FCC34C1M, B0G11PQTHS, B0FDW26Y8F, B0G19FHPGJ, B0FKLZDQJS, B0G1YD51M2, B0FY2N9BNL, B0G1B3B6MY, B0GM47HKWZ, B0FCBY8VY3, B0FWBVJCMR, B0G12YMLHL, B0FDPKW8BG, B0FC68P44B, B0G12YST67, B0FCBZGP1L, B0FCC4BP82, B0G1969B2B, B0FVDW7V93, B0FC6K4248, B0FDQRLYC4, B0G1313Z6F, B0FCBX9B19, B0FDQQHQX6, B0G2L694YH]",amzn1.campaign.DS7YSH72MS98,Gratitude & Love: Healing Crochet Gifts for Moms & Family&colleague,Vkeyinf,2026-04-08,2027-04-07,20.16%,5000.0,5000.0,36,800,false
"[B0FY2NRQM5, B0FH6TC28V, B0G19F6358, B0FC6M95GY, B0FCBZRTG6, B0FC6BNY7X, B0FY5MRC8J, B0G1YJFHDJ, B0FH6RWL3X, B0FYF7ZLCV, B0FY5WR3ZH, B0FY1HDRW7, B0FCC34C1M, B0G11PQTHS, B0FDW26Y8F, B0G19FHPGJ, B0FKLZDQJS, B0G1YD51M2, B0FY2N9BNL, B0G1B3B6MY, B0GM47HKWZ, B0FCBY8VY3, B0FWBVJCMR, B0G12YMLHL, B0FDPKW8BG, B0FC68P44B, B0G12YST67, B0FCBZGP1L, B0FCC4BP82, B0G1969B2B, B0FVDW7V93, B0FC6K4248, B0FDQRLYC4, B0G1313Z6F, B0FCBX9B19, B0FDQQHQX6, B0G2L694YH]",amzn1.campaign.1873TBWF03CLL,Gratitude & Love: Healing Crochet Gifts for Moms & Family&colleague,Vkeyinf,2026-04-08,2027-04-07,20.15%,5000.0,5000.0,28,800,false
"[B0FY2NRQM5, B0FH6TC28V, B0G19F6358, B0FC6M95GY, B0FCBZRTG6, B0FC6BNY7X, B0FY5MRC8J, B0G1YJFHDJ, B0FH6RWL3X, B0FYF7ZLCV, B0FY5WR3ZH, B0FY1HDRW7, B0FCC34C1M, B0G11PQTHS, B0FDW26Y8F, B0G19FHPGJ, B0FKLZDQJS, B0G1YD51M2, B0FY2N9BNL, B0G1B3B6MY, B0GM47HKWZ, B0FCBY8VY3, B0FWBVJCMR, B0G12YMLHL, B0FDPKW8BG, B0FC68P44B, B0G12YST67, B0FCBZGP1L, B0FCC4BP82, B0G1969B2B, B0FVDW7V93, B0FC6K4248, B0FDQRLYC4, B0G1313Z6F, B0FCBX9B19, B0FDQQHQX6, B0G2L694YH]",amzn1.campaign.1JNAQPTV8LG33,Gratitude & Love: Healing Crochet Gifts for Moms & Family&colleague,Vkeyinf,2026-04-08,2027-04-07,20.14%,5000.0,5000.0,30,800,false
"[B0FY2NRQM5, B0FH6TC28V, B0G19F6358, B0FC6M95GY, B0FCBZRTG6, B0FC6BNY7X, B0FY5MRC8J, B0G1YJFHDJ, B0FH6RWL3X, B0FYF7ZLCV, B0FY5WR3ZH, B0FY1HDRW7, B0FCC34C1M, B0G11PQTHS, B0FDW26Y8F, B0G19FHPGJ, B0FKLZDQJS, B0G1YD51M2, B0FY2N9BNL, B0G1B3B6MY, B0GM47HKWZ, B0FCBY8VY3, B0FWBVJCMR, B0G12YMLHL, B0FDPKW8BG, B0FC68P44B, B0G12YST67, B0FCBZGP1L, B0FCC4BP82, B0G1969B2B, B0FVDW7V93, B0FC6K4248, B0FDQRLYC4, B0G1313Z6F, B0FCBX9B19, B0FDQQHQX6, B0G2L694YH]",amzn1.campaign.35XBXWKXNWNXV,Gratitude & Love: Healing Crochet Gifts for Moms & Family&colleague,Vkeyinf,2026-04-08,2027-04-07,20.13%,5000.0,5000.0,32,800,false
"[B0FY2NRQM5, B0FH6TC28V, B0G19F6358, B0FC6M95GY, B0FCBZRTG6, B0FC6BNY7X, B0FY5MRC8J, B0G1YJFHDJ, B0FH6RWL3X, B0FYF7ZLCV, B0FY5WR3ZH, B0FY1HDRW7, B0FCC34C1M, B0G11PQTHS, B0FDW26Y8F, B0G19FHPGJ, B0FKLZDQJS, B0G1YD51M2, B0FY2N9BNL, B0G1B3B6MY, B0GM47HKWZ, B0FCBY8VY3, B0FWBVJCMR, B0G12YMLHL, B0FDPKW8BG, B0FC68P44B, B0G12YST67, B0FCBZGP1L, B0FCC4BP82, B0G1969B2B, B0FVDW7V93, B0FC6K4248, B0FDQRLYC4, B0G1313Z6F, B0FCBX9B19, B0FDQQHQX6, B0G2L694YH]",amzn1.campaign.CRJ706KL50V8,Gratitude & Love: Healing Crochet Gifts for Moms & Family&colleague,Vkeyinf,2026-04-08,2027-04-07,20.12%,5000.0,5000.0,35,800,false
"[B0FY2NRQM5, B0FH6TC28V, B0G19F6358, B0FC6M95GY, B0FCBZRTG6, B0FC6BNY7X, B0FY5MRC8J, B0G1YJFHDJ, B0FH6RWL3X, B0FYF7ZLCV, B0FY5WR3ZH, B0FY1HDRW7, B0FCC34C1M, B0G11PQTHS, B0FDW26Y8F, B0G19FHPGJ, B0FKLZDQJS, B0G1YD51M2, B0FY2N9BNL, B0G1B3B6MY, B0GM47HKWZ, B0FCBY8VY3, B0FWBVJCMR, B0G12YMLHL, B0FDPKW8BG, B0FC68P44B, B0G12YST67, B0FCBZGP1L, B0FCC4BP82, B0G1969B2B, B0FVDW7V93, B0FC6K4248, B0FDQRLYC4, B0G1313Z6F, B0FCBX9B19, B0FDQQHQX6, B0G2L694YH]",amzn1.campaign.22FTTE2MYZFDJ,Gratitude & Love: Healing Crochet Gifts for Moms & Family&colleague,Vkeyinf,2026-04-08,2027-04-07,20.11%,5000.0,5000.0,31,800,false
[B0FW4HKDQY],amzn1.campaign.VXBP5MK3OFWH,"2 Pack Exterior Door Hinges, 3.5 Inch Black Heavy Duty Door Hinges",TZWXHDM,2026-04-08,2026-12-31,13.00%,5000.0,5000.0,14,800,false
"[B0FY2NRQM5, B0FH6TC28V, B0G19F6358, B0FC6M95GY, B0FCBZRTG6, B0FC6BNY7X, B0FY5MRC8J, B0G1YJFHDJ, B0FH6RWL3X, B0FYF7ZLCV, B0FY5WR3ZH, B0FY1HDRW7, B0FCC34C1M, B0G11PQTHS, B0FDW26Y8F, B0G19FHPGJ, B0FKLZDQJS, B0G1YD51M2, B0FY2N9BNL, B0G1B3B6MY, B0GM47HKWZ, B0FCBY8VY3, B0FWBVJCMR, B0G12YMLHL, B0FDPKW8BG, B0FC68P44B, B0G12YST67, B0FCBZGP1L, B0FCC4BP82, B0G1969B2B, B0FVDW7V93, B0FC6K4248, B0FDQRLYC4, B0G1313Z6F, B0FCBX9B19, B0FDQQHQX6, B0G2L694YH]",amzn1.campaign.1SHZLUIHC7UVC,Gratitude & Love: Healing Crochet Gifts for Moms & Family&colleague,Vkeyinf,2026-04-08,2027-04-07,20.10%,5000.0,5000.0,30,800,false
"[B0DHZPH983, B0DLMZSK93, B0DLNH325B]",amzn1.campaign.22Q1YD8E8ILAG,Fikeloy USB A to USB C CarPlay Cable (ASIN: B0DHZPH983)04,Fikeloy,2026-04-08,2027-04-08,15.00%,5000.0,4995.65,0,800,false
[B0DFC9YJWV],amzn1.campaign.2TT8LJVWENC80,【20% commission】Philips Fire Starting Rechargeable Flashlight with Camping Lamp,PHILIPS,2026-04-08,2026-11-30,20.00%,5000.0,4990.91,0,800,false
"[B0DHZPH983, B0DLMZSK93, B0DLNH325B]",amzn1.campaign.2RQ84M0CPW4HN,Fikeloy USB A to USB C CarPlay Cable (ASIN: B0DHZPH983)03,Fikeloy,2026-04-08,2027-04-08,10.00%,5000.0,5000.0,7,800,false
"[B0G1H1FFGD, B0GHCX61B5]",amzn1.campaign.1BEPMB6V1DZ6C,2026.4.7 电子温度计,XY-WQ,2026-04-08,2026-12-31,10.00%,5000.0,4998.8,15,800,false
[B0FW4SJM3W],amzn1.campaign.1TWWUZQEM0DOU,"Golf Divot Repair Tool, All Metal Foldable Divot Tool",TZWXHDM,2026-04-08,2026-12-31,10.00%,5000.0,5000.0,17,800,false
[B0G69ZLNQN],amzn1.campaign.V6V1DE4OG16V,💧 304 SS Ball Valve 1-1/4'' | 12% Commission + $10K Budget – Let’s Collaborate!,TAOKIHAI,2026-04-08,2026-12-30,12.00%,10000.0,10000.0,18,800,false
"[B0FWJN2GQ6, B0FWJN228Q, B0FWJVKV58, B0FWJQWM31, B0FWJWCG3T, B0FWJVFHSD, B0GBV2Y7DT]",amzn1.campaign.2K9F1BA6LNUCG,Raised Camera Protection: Say Goodbye to Lens Scratches20% Commission,Usroom,2026-04-08,2027-04-08,20.00%,5000.0,5000.0,0,800,false
"[B0FY2NRQM5, B0FH6TC28V, B0G19F6358, B0FC6M95GY, B0FCBZRTG6, B0FC6BNY7X, B0FY5MRC8J, B0G1YJFHDJ, B0FH6RWL3X, B0FYF7ZLCV, B0FY5WR3ZH, B0FY1HDRW7, B0FCC34C1M, B0G11PQTHS, B0FDW26Y8F, B0G19FHPGJ, B0FKLZDQJS, B0G1YD51M2, B0FY2N9BNL, B0G1B3B6MY, B0GM47HKWZ, B0FCBY8VY3, B0FWBVJCMR, B0G12YMLHL, B0FDPKW8BG, B0FC68P44B, B0G12YST67, B0FCBZGP1L, B0FCC4BP82, B0G1969B2B, B0FVDW7V93, B0FC6K4248, B0FDQRLYC4, B0G1313Z6F, B0FCBX9B19, B0FDQQHQX6, B0G2L694YH]",amzn1.campaign.2X4OLGI77YQLQ,Gratitude & Love: Healing Crochet Gifts for Moms & Family&colleague,Vkeyinf,2026-04-08,2027-04-07,20.01%,5000.0,5000.0,31,800,false
"[B0GGHD1M6F, B0GGHKHF1K, B0GGH2M3W5]",amzn1.campaign.NFJKM2MHZ7N6,"Catlike No.1 Ultra-stable CT21 76 ""Cat Tree",Catlike,2026-04-08,2027-03-19,10.00%,10000.0,9993.89,0,800,false
"[B0FY2NRQM5, B0FH6TC28V, B0G19F6358, B0FC6M95GY, B0FCBZRTG6, B0FC6BNY7X, B0FY5MRC8J, B0G1YJFHDJ, B0FH6RWL3X, B0FYF7ZLCV, B0FY5WR3ZH, B0FY1HDRW7, B0FCC34C1M, B0G11PQTHS, B0FDW26Y8F, B0G19FHPGJ, B0FKLZDQJS, B0G1YD51M2, B0FY2N9BNL, B0G1B3B6MY, B0GM47HKWZ, B0FCBY8VY3, B0FWBVJCMR, B0G12YMLHL, B0FDPKW8BG, B0FC68P44B, B0G12YST67, B0FCBZGP1L, B0FCC4BP82, B0G1969B2B, B0FVDW7V93, B0FC6K4248, B0FDQRLYC4, B0G1313Z6F, B0FCBX9B19, B0FDQQHQX6, B0G2L694YH]",amzn1.campaign.2IMZN70YF5D3W,Gratitude & Love: Healing Crochet Gifts for Moms & Family&colleague,Vkeyinf,2026-04-08,2027-04-07,20.00%,5000.0,5000.0,33,800,false
"[B0FC61BG4F, B0FC5QGQPR]",amzn1.campaign.3K9XBTX130P78,"Tattoo Cover Up Patch, Tattoo Aftercare Bandages,  Transparent and Waterproof",TZWXHDM,2026-04-08,2026-12-31,10.00%,5000.0,5000.0,5,800,false
"[B0FL1W5G1G, B0FL1YH5N5, B0FL1Y822P, B0FL21ZCRF]",amzn1.campaign.MOUBKP5FL3PX,XL01,Aixsix,2026-04-08,2026-12-31,10.00%,10000.0,9990.0,2,800,false
"[B0G58C2WTP, B0G58C6Z49]",amzn1.campaign.3KBQRXGRZH2W5,S&R NextGen  - 150FT & 100FT Starlink Cable,Sorae Goods,2026-04-08,2027-04-08,10.00%,1000000.0,999977.68,20,800,false
[B0F28WBZP4],amzn1.campaign.293PBTUCEPDET,"10Pcs Upgrade Silicone Cable Straps Cord Organizer, Reusable Cable Ties",TZWXHDM,2026-04-08,2026-12-31,10.00%,5000.0,4984.52,4,800,false
"[B0D8VKJVNG, B0FJLR5DBX, B0D3PS83TH, B0GFCYV553, B0GFD4TF7Q, B0CZL3JYXT, B0D1R5ZYNF, B0GFD24T67, B0FJ13XFHS, B0D3PL5YKV, B0CZL6WG1T, B0DLNQ6JQ3, B0D3LQW6S7, B0DXKYZS5K, B0D1TXX967, B0GFD52P3B, B0F1MDV79W, B0CZKYY942, B0GFD7CJ4Q]",amzn1.campaign.2VPDI4GN2DI5L,Hot！！🔥🔥Over Glasses Sunglasses！🔥🔥Fit over Sunglasses！🔥🔥SG5779,SODQW,2026-04-08,2027-04-06,10.00%,999999.0,999996.1,13,800,false
"[B093W8VF9T, B0C45DKDDJ, B0BN1S8VZF, B0CYT1L9TF, B093W7RWH6, B0CYT1ZZ2S, B093W8VBVD, B093W8V8B8, B0CYSS6LTV, B0CYSZQH65, B0CYSWN5P5, B0CYSWQ7RZ, B0CYSYCZ61, B0CYT2B87H, B0C45CT2MD, B0CYSYQNYH, B0BN2Y6QMH, B093WB98GK, B0C7MGXY2X, B093W8VKDY, B093WVBVPR, B093W9JTV2, B0CYT1VMGN, B093W8FLCX, B0C7MFJTZ4, B0CYT1FG2B, B0CYSWNL9K]",amzn1.campaign.RLFEI6MQN2WF,FLYEGO Camo Netting & Commission rate:15% & B093WB4715,FLYEGO,2026-04-08,2027-04-08,15.00%,9999.0,9935.85,6,800,false
[B0FW4Q2NK2],amzn1.campaign.JNHQ0VRLEHQ1,"Tactical Dog Collar, Heavy Duty Adjustable Military Training Nylon Dog Collar",TZWXHDM,2026-04-08,2026-12-31,10.00%,5000.0,4999.0,17,800,false
"[B0DS2HKHB7, B0DNQB11L1, B0FMK9F3RR, B0G6SKGM61, B0FMK8GXDD, B0DS2KNCWX, B0DNQ9C3RM]",amzn1.campaign.2R4BBJDGSQLKQ,"📅50-Year Bathtub? AMAPO Freestanding – No Fade, No Cracks, cUPC",AMAPO,2026-04-08,2027-03-23,10.00%,5000.0,5000.0,27,800,false
"[B0FKGY77XD, B0BPGCKZB7, B0C4D5HG51, B0CTCLR31W, B0FK2JR2F9, B09ZNRDF9B, B0FQ26MFS2, B0B42LW55P, B0CPDWPYGB, B0B4D886YF, B0CN14GMPS, B0BZP6QGCW, B0DDKXPTXZ, B0BZNQ4NMG, B0D1TVLYYZ, B0BHKQVG2Y, B0BPRVHF7G, B0BZPKBM94, B0C73X8RGH, B0B4NQZC2R, B0BVVTL3N6, B0FLDHX9CD, B0FVKLT3T3, B0DYJ75MVQ, B09Y5Q1P97, B09ZP337XK, B0DQ7GFQDK, B0CVXJ3PNL, B0FQ2PWGKC, B09Z7TH4J5, B0CCJHJC51, B0BGPG5PWV, B0FK59M92J, B0DX5SKSXR, B0C1B8RFJF, B0BY2PW4KL, B0CKN2F641, B0B48V3JHD, B0BR5M8STV, B0CVXJRD97, B0CTFDYS55, B0BP7N7YBX, B0B5H5GYRG, B0FK5DXC6Y, B0CTCLTH3T, B0BRWH2WBP, B0DS2GB9PR, B0CVXK9J37, B09XT4XSL6, B0BGPQCPZX, B0DPQCNQ13, B0CTCJLCZG, B0FK5BM41S, B0BVR3P42K, B0BVDGD7YQ, B0G8JRHP2P, B0BGPHSJ75, B0BGR8MWMP, B0FK2KW9FT, B0BHL5WD5T, B09Z813NKW, B0BPLQHZX9, B0FWJ9JRCN, B0B3RRKQ7Y, B0G8JJ6TN3, B0CPF47ZNK, B0F7R67JWF, B0B44J29XR, B0FQ297SVM, B0FCS9D7G1, B0CVXH32P7, B0CKML2H5Q, B0BZHN9JYL, B0FLDGD8TC, B0G9189KXV, B0BRSSLLGT, B0GMBNKY32, B09ZNZDGCR, B0BJ1NVB7V, B0C146KS1Y, B0B463DHCT, B0CTFFTZWB, B0G916PWDK, B0D5QTG1R8, B0DQW16J6V, B0B1J64FMD, B0CVXGKMX4, B0BVT6P4M6, B0BGPCWX8L, B0FL7MND4R, B0CTCLCRW8, B0CQG4K4XT, B0C49YFHWR, B0CTCMS9YR, B0B4C9TTB7, B0CTFBVZB9, B0FWJN34J9, B0CPF6M8TX, B0FK591CY4, B0FKH2229K, B0BNK8Z2CG, B0CKMP392Q, B0F7R3F4TC, B0CTCLCRV8, B0C4D765N6, B0F8ZT3KXJ, B0CQJXHKDN, B0D1V7T9JX, B0CPL2GKN3, B09YT6XVJQ, B0C4D62WRQ, B0G8J85RR5, B0CPDR6B8Q, B0DPQ3L7BT, B0FKB1F76X, B0F7X4L3SJ, B0CQT1YNP3, B0BRRJ9XDJ, B0CNX5GZZP, B0BNLBZYY1, B0F7RGBKPD, B0B6VKWYDB, B0CPL9VJBB, B0CTCJ75TS, B0CRB27QNS, B0BZPC6FCF, B0CVXFH7DX, B09XQ5DW2X, B09XQ5DW2Y, B0BQL63MF1, B0BNKPHYQX, B0DYNHHWH6, B0CTCK4M24, B0CVXCKK7Q, B0BGHDZ91D, B0BZPFF1YD, B0CQJFYNVK, B0D1V99W6J, B0CNWVMZPC, B0FPX224SP, B0CR9RBHM5, B0BZRFB5KR, B0CTFF3JDR, B0DPQC3QY5, B0CNX6SSNX, B0CQJT69CG, B0BGRBD8NS, B0BNKBZWN8, B09WK71XF7, B09XQKHWZX, B0C7457K1Y, B0CSXCLFPP, B0BVD58XWS, B0C1B5CJGJ, B0BHZ368LQ, B0B12KN11Y, B0CKML1R83, B0FQ1T1KVB, B0FKGTQS4F, B0BPLTWRNC, B0BNN1GY41, B0BVFD4FNT, B0F7R3CSVB, B09XQL4C2N, B0F7R5TBHN, B0FNDB7F4K, B0CNCX9WDY, B0C4D65KN8, B09Z7NHSZC, B0CHMGR1DY, B0BGS7JNVZ, B0BGRFS8QW, B0BVF699XD, B0CNWV4WYN, B0BRSP4ZV9, B0FJY864VM, B0G8HWQQYD, B0CRB1CH1Z, B0BQM8Q5V4, B0CTCJLXZ5, B0CS5C6BZ7, B0BRWDG7F8, B0FKGY53YQ, B0BJ1NYBX8, B0CP24M4D6, B0CKML1QTD, B0CTFDG8XR, B0BZNK5SF4, B0BVVZWZSN, B09WJZZV6J, B0CNX5XZMQ, B0FQ1FVNX6, B0CTCMDG8P, B0BGPMD1P5, B0BJ1Q53M7, B0CTCJ4RTZ, B0BRZZFJCD, B0DNVJ49BN, B0CTCK6PKZ, B0CTCK14D1, B0BVD812N7, B09YGH82LN, B0GMB84397, B0BM9N9KNM, B0DX6QD9RY, B0CTCJSRX2, B0CP23H83Z, B0B48KFPWW, B0CQJR9SCR, B0BHYZXS5T, B0BRSLNYQQ, B0CTCJKXWQ, B0CN14XZHC, B0BJ6BQFRF, B0BZJ3X1S2, B0BR5MFFCD, B0BGRDYBGB, B0D5QXR7YK, B0BJ23HKRB, B0BQDVYHLC, B0F7R1BJ4G, B0BZNLX91L, B0CTCJRPSG, B0BRSH6FB9, B0BGPJ8S1L, B0CNX6D5V2, B09XTR7XND, B0CN6QLFPV, B0CP43LBN9, B0CD249P3Y, B0G6ZRVQJC, B0CTCK78Y3, B0BYDQJXJ9, B0FVLQLS7R, B0CTCMDRKW, B0CTFC5Z57, B0B12GRTSD, B0B4D3XHZ2, B0GKG8SLFV, B0BGPCLZHT, B0BGPM78PM, B0DPPD7FG5, B0FMDTRKGX, B0CP3WSD2T, B0CTFCJH7R, B0CPDFY8RV, B0DNQJDKX6, B0FPX63PBF, B0BGPNNBCH, B0BGPM83CH, B0BQDRX3SC, B0D1TWK6K2, B0FWK3X2Y4, B0BY2C6WGW, B0C9BSV6NH, B0D1V8CTJT, B0BPGNX1HQ, B0D5QR7ZW2, B0CTDXN1G9, B0F7QYFTG3, B0FQ29NFKW, B0B12N9M1Y, B0FK2L3HBM, B0BNN26SWV, B0CTDXN1GB, B0BGPJ9WW5, B0BZPH18BB, B0BP7QBTTW, B0BHLBFJBQ, B0FK9ZSQTR, B0F66W9RC5, B0DPZHTT73, B0DPZS1Z5Y, B0BGR454KB, B0FK4P1H1L, B0CTCJLLY3, B0B4P1TRS3, B09W5L7GS2, B0DP5T9BT1, B0FL7BHCN5, B0CPDG5G8K, B0DPQDJBM2, B0CTFCTFQ3, B0CHMHD76L, B0CTFD97GB, B0FQVC3S67, B0CC8XZQY9, B0BRSJWBCM, B0BRSPFY5D, B0CP3RVPP1, B0G8HL8GM2, B0BVDDM6CR, B09XV38WKF, B09XTR2NBJ, B0CTCJFR6X, B0FNVM4S94, B0FLDL2BKT, B0BNN82VHB, B0CTCJYLSL, B0CTFFM1GV, B0CTFDR47C, B0BZPGLTKS, B0BNL8WLMY, B0C1BCZS1X, B0F23LHHDR, B0CTFDLKXR, B0BZPJJPTC, B0DFLRSXKC, B0FQ2HBKZF, B0BY2M2Q4J, B0DPPD5WK1, B0BY26TLDZ, B0DNVHNCH8, B0CP236RVZ, B0CTCK4V67, B0DTK8FSMK, B0CTCGHQCK, B0BQM9YPMC, B0B1MN3478, B0DPQ6ZVDR, B0GK8WGXKR, B0CTCJWJT9, B09WJ11M7L, B0BVTDBXP7, B0D5QMVH7R, B09YH6G4ZM, B0BZPJBHZV, B0BPGRVN9Z, B0CPDWG5J1, B0BR6J6ZP6, B0BGPH8VY3, B0FKMYL9ZJ, B0BGQD6ZM9, B0F7R3PM18, B0BJ1PPX1X, B0DPP8JND4, B0BGR73Z4D, B0FKM42SWP, B0B4B21RPT, B0B4B51M2P, B0BJ1N7TM7, B0CTFC3KG5, B0BZP862JJ, B0B1MNT7W1, B0B1HWPR2P, B0BGS4G4KY, B0BM9M2DC2, B0G91L4L56, B0FK54R12Q, B0BGRYL5XH, B0BGR6L269, B0BGQ2WMTB, B0FQ1WZ94L, B0CNX6FFJ8, B0F7R398LH, B0CNX55C2J, B0BHKPJ2QZ, B0BZRFJ7H3, B0BVDDR6J9, B0CTCJ7N88, B0D95KCJM8, B0CTFD1CCT, B0BP7NNQFV, B0C4DDQSJX, B0BQVC565B, B0F7RG8X86, B0BGS32YNZ, B0CKMKLT76, B0BGPCVFLH, B0FL7L4HQ8, B0BQDTPPC9, B0BPLQL23B, B0CPDYLKZP, B0CP3TRRXN, B0BGS37FZJ, B0G1C5N3DY, B0BGPH855X, B0FQ2N7Q7Q, B0CNCXLNHP, B0FPX7Z8KF, B0FNVZ5BHS, B0FK4LKP65, B0CQJYBBTS, B0D1TTPL2Y, B0CLJ5KN61, B0BGPGVP34, B0G4GWPXKQ, B0BVDK2GJQ, B0BGQH7JY6, B0FWJMNK9G, B0BGRDH1ST, B09XPZQG3D, B0CN6RV4X6, B0C9Q93JZG, B0BGPBWXQK, B0FPX45XMK, B0BNPF5WZZ, B0CTFDRBZX, B0CTFCLTLM, B09XX1M4SS, B0BPLP9TT8, B0B1MKM338, B0C73RNL5J, B0BVR7DXFY, B0BHKV9CBN, B0BY2MM7HY, B0CNG9CLMP, B0FK5C1GYW, B0F7QTMF37, B0FLK2LW1D, B0CCJ8NX5R, B0BVR7DXG3, B0DPQ99YBC, B0D95H69DB, B0BJ23BLKF, B0GGH2CNSZ, B0BHNV6X9D, B0BR6J519T, B0BVVQZY8W, B0CDL71T9V, B0CFLJ5SJW, B0DPRVN2GS, B0BZJ6JQVX, B0CTCL21PB, B0F7X7LJ1X, B0BGPCQ15V, B0BGS55MYB, B0BHYXD8LF, B0CQJRTWKZ, B0G1C5RRRJ, B0CQJZ1J6C, B0BZL3WXLY, B09XQN3XRV, B0FK54YK6G, B0F7RCWJLQ, B0C4GWY5P7, B0CTFFDNQ2, B0CTFC5NP3, B0F66QV94B, B0FWK3Z7J5, B0CPLRK9G3, B0C49Z75GJ, B0CVXK7QJ7, B0FKGHTGVR, B0FPX39QRT, B0F7R1N572, B09XXMV7M2, B0CTFBN854, B0BRSDY67Z, B0GMGSTSRM, B0FPWZ4PD5, B0DPQD2731, B0CLJ5LWXS, B0CTCK59PK, B0FQ2HSVQ4, B0BPLS27ZD, B0FLCKTCH9, B0B4B2TFZG, B0CQWZJ8XP, B0BQLRC9RD, B0CR9ZW6WB, B0B4577CMX, B0GKG51HDX, B0DNVM1DF1, B0CQJRL1N5, B0BVR3B282, B0BQMBDJ27, B0BHZ4X8TH, B0G1BZSHD4, B0CWTTPYCR, B0BGRW8WSB, B0FK5957RG, B0G8JJG14B, B0BR6J8NFX, B0CTFDB7BG, B0FQ2RHSYQ, B0C5T5FBK1, B0CPF6PVBY, B0FKMKQ3WN, B0BGPD86S6, B0BHNSHQ1J, B0BGPCYTH5, B0C73T4LT9, B0CP22QNNM, B0CP5SNWTY, B0BGPD86RR, B0BQLD8QFT, B0BR6J417X, B0FQ2B4X56, B09YY1HQF5, B0BZRDFG5Q, B0BVRHKWDS, B0CTFC931V, B0CPL8493Q, B0FKGZPBKS, B0B1LJKGK9, B0F23JTPVJ, B0BGPBR64Q, B0F61HXZ99, B0BGS8YX1R, B0FK4L787C, B0CN98QHD6, B0D1V7LS1X, B0BZR6WCWK, B0G91PLBPT, B0FK2KR64F, B0BRSL5L4C, B0BGS3SBKM, B0BRSVSRW1, B0GMBT9R46, B0C1B4CTD7, B0BRSHDLYZ, B0D1V8F5NP, B0BVDGY49L, B0BGPJTB1T, B0CGZPCZ4F, B0CTFDJZJH, B0FKGM33LR, B09YRNY7CN, B0CTFDB4XW, B0DPRN2P1S, B0BP7P98HV, B0BHKGQY77, B0CTFD2RBH, B0CQY9CL14, B0CSX2PG7H, B0B4NW7FXY, B0BZH6P3X7, B0BGPJV74G, B0B42FN6SB, B0CQK32L3Q, B0DPPNWFGJ, B0BGPD69B7, B0BHL1BY32, B0BJ1P2FQH, B0FPX1QHTC, B0BRSF4VSD, B0CPF36GK4, B0CPDX9FGV, B0FK2HYHY4, B0BVDB18VM, B0BZPHD3TV, B0FQ27G9LM, B0GK5DTMTS, B0CTCHC7RQ, B0BTYJTVGJ, B0C4DY7C68, B0CTCK4KMX, B0DPPLRRKN, B0FKBM671J, B0BGPJGWFV, B0DPPJ8CRN, B0CN99GTBM, B0CTFF6F1Y, B0D5QX92R2, B0FQV97Q6V, B0GKGD32N4, B0CTCJBLBL, B0BGPJC9Y4, B0F7R6NFG4, B0BY29D3DZ, B0CTFDPT8L, B09XXLDPY1, B09Z7KZGJX, B0C4D7M5BT, B09XQWC3CD, B0C49YPZKN, B0FWK7FBSF, B0B42K46C9, B0CN362XV6, B0BR7DHTLQ, B0B6RJVL6V, B0BQLBLWV3, B0FPX4M2F5, B0B5WV9CNX, B0BP7W2Q15, B09Y1ZQXK7, B0DNVJWQMW, B0CPL513MX, B0BGSHL89F, B0CDL2QVYW, B0B4D3R6P5, B0BHLCNT9D, B0F9FCHWCG, B0DNVY3H3L, B0DS2GLM1C, B0FN81H7P7, B09WK5S7XJ, B0FK58QCZG, B0CP2C3J3N, B0BZJ7VTGR, B09Y1YQKN1, B0CTCHZGJ2, B0CPF5568D, B0BGPH7MYD, B0CCVNJ78T, B0CP3SD42W, B09Y1WTCLY, B0CRB3NQCG, B0B1J3P2ZZ, B0CTCJW5VJ, B0B4661PV3, B0C4F1X1B1, B0CVXKQNKF, B0BHVL3JDC, B0BQLCPHR2, B0CN6BD3H2, B0BGRS1HBT, B0CN6P1LC2, B0CVXCLDK5, B0B3RV87WJ, B0FQ18K4R5, B0BGPG96F7, B0BZJ5HWR1, B0BGR8XVQ6, B0FK2DWHTP, B0FKMMKS6Y, B0BGPCHHKX, B0BZNLWYPL, B0F9DZ3H56, B0BVDTJZ7K, B0FQ261JS2, B0BV6BF3Y4, B0CR9RTH9W, B0CFLG8W1Y, B0FL1RLB1D, B0BGR7R2XJ, B0F7R66HNY, B0CPDXYZWD, B0CTFFS31Q, B0CP3XLZ8Q, B0CTCLGBD4, B0GJL6WLC9, B09XXD7GND, B0DPQCG7DK, B0FPX689Z8, B0CP5TX9F3, B0BGPHP5F2, B0F7WS62MF, B0CPL8TKB3, B0F66VX9H8, B0F9DZB8LV, B0BPG8NGQQ, B0FNW1RFJ4, B0F6SJJKNR, B0CTCJVXXX, B0BVFDL6LX, B0BJ1PTJ8S, B0FL7JKZTL, B0CTFCR3K6, B09XV6X7BS, B0BNN3P78G, B0CCJH34F5, B0CCVNJLGY, B0CNX51SSS, B0BGPD619P, B0FPX4QN37, B09WYJTS4W, B0F5B3T3M5, B0FK2LT44Y, B0CQJC9RN9, B0BJ1PYQ94, B09Z7TQ48Z, B0DPRL6LPZ, B0BGPQ4VY8, B0BGR14RYS, B0BGPTM3S8, B0CTFD252F, B09Y1YXXNB, B0CP3TRW4Z, B0BQYF3NQ1, B0CPDWJJB5, B0FQ257RNR, B09XQZMCL8, B0DQ153J9G, B0CCJFB57Y, B0CFLDYN4F, B0CTCMD64Y, B0BGPDSYTL, B0CXDXXCC5, B0F7XKJR2F, B0CTCK1XHW, B0BJ1NTSM4, B0CTCK4Q1D, B09Z7Y8KN6, B0G6ZYFRZN, B0CNWVG61T, B0BZP7CB68, B0FK2FNV7D, B0BGPJX2RL, B0BVDM6BBM, B0CPDZYWH5, B0FKGQ1J9Q, B0DPQDXWQ9, B0CKKKDRSH, B0B42C6KK1, B0CNX5MTW4, B0FQ182DLM, B0BGPHNK74, B0CNX4DW1Y, B0FVLX855P, B0BVDVQMQM, B0BZRF7TTX, B0DPQBNN72, B0CKYFML39, B0BGPCHWPH, B09Z7NVDXL, B0CP41T5SN, B0CQJBVXKG, B0BJ6HHWKF, B09WJ2HM34, B0CTFC7N5Q, B0FL1NGWVD, B0CP5P2SF2, B0CPF6LGCR, B0BGR1K3BW, B0CCJC4223, B0BY2Q4XKX, B0CTFCDMN3, B0BHSZHLGN, B0BZNR96G6, B0B1J6S39V, B0DPRVDXJW, B0FQ2JCW53, B0BR6GG4FX, B0FL795B4H, B0GGH2J8MN, B0B42GZ7GB, B0FQ284CL6, B0CNX4Y896, B0CTFC9VG2, B0CQK3S5W5, B0DPRLNRMP, B0CQK1LJKN, B0BZPCCF92, B0CTFDM2BY, B0CTFBJBGX, B0BVDKSBF7, B09Z7Z3JYX, B0BZNQKRC5, B09YV4JN5R, B0B42CVYFN, B0FQ25C45S, B0CWV1588P, B0CTC3LK2Q, B0FK5DPMVK, B0F541G13J, B0CTFDFR7L, B09YTZ57CR, B0BRSKDFFR, B0BGPJ9NGL, B0CKYXL386, B0BGPF61KF, B0B6NSJHCP, B0B4NDTB7D, B0CQJR266Y, B09ZQFX5YR, B0FPX58V97, B09XXN2L3K, B0F7RCRSF1, B0BGXLLSKC, B0FKBDSLZK, B0B469MB3R, B0F7QXW4W1, B0CNX62F2P, B0FWHSVBT3, B0FVKS2845, B0CTCKM7LR, B0BPRYW8TQ, B0CTFCZRB7, B0BRSHPFLK, B0BVVZPZ1D, B0CTFCT4YL, B0DPZQCTHN, B0CVXJG7JG, B0BP7NKMF1, B0BY2DFRML, B09W2Q4F1H, B0BPRWBM21, B0FK2FSJ7H, B0BVVT5GS8, B0CCJFHH2J, B0C9QCS4HP, B0CNX678ZN, B0BGPCY17K, B0CTFCT4YP, B0CFLH82ZJ, B0CPLDRG6S, B09XR3PY1C, B0CKMKQ7RL, B0CN6M1SPT, B0BGPL3SR4, B0CKYX3GZN, B0BHYZC527, B0BRSKVM3X, B09Y5QBT6T, B0DP5TT7XL, B0CKKQGP6Y, B0BPHL4FG2, B0BPLVLX2J, B0BGPF7CLQ, B0CFLHKL2S, B0BVR3VD78, B0BGPJPC29, B0BPRWB9MT, B0BPRW8KNY, B0BGRDSH9V, B0BGHDTDHM, B0BVZ935NB, B0BZRBV4KD, B0F7R5L4TF, B0GK8WSC3P, B0BGHF3SPM, B0BQLCB8M6, B0FWJV2L4B, B0CKMKYTR8, B0CTCMTBT3, B0BGPBN7M3, B0B5H3965M, B0BVVT3315, B0FKN65DNT, B0BRSQ2K5H, B0GGHMVZP7, B0FQ1HHHQP, B0FVM1P89J, B0G4W4FPSP, B0CNX5TRVB, B0BZR87WPM, B0FL1SGDQT, B0D1TYGJTL, B09WXQHNNB, B0BGPM31XB, B0FPWTTHVF, B0CQK1W4S3, B0CQY92QYX, B0BGPFYG3M, B0CTFBBJ8F, B0CTFBBJ8J, B0BVVNHNQP, B0CQFV2KSF, B0BZNHQ5B3, B0BPXQJVBJ, B0BJ23FG3J, B0FJY4VS31, B0C5WGYYM1, B0DPPYJJPM, B09WXR16F9, B09YHB3JPM, B0CTCLDLQV, B0DNVKD2WK, B0CTFD76T7, B0FQ2PLJLR, B0B468PDX1, B0CTCGZVNN, B0BRSDZP3T, B0CTFBBJ8D, B0FL7HFZK5, B0CVXJ9W5K, B0CVXJ9TPH, B0F7R5F9MZ, B0CFLH241D, B09WJZZZMX, B0CTCK4ZYK, B0BPS6W3VY, B0CXDXWNNZ, B0B1L69SWQ, B0F7R3GDW1, B0F7R5P8NY, B0BGH9TGJC, B0CTCJR7SW, B0BGR96M55, B0FKMWKBL4, B0BGLSWDMD, B0C49ZD64F, B0CTCK3DM9, B0CTCJR7TD, B0D1V4RVHD, B0BGPCN5FJ, B0D5MF648Q, B0FB97M49C, B0F9DTNXBD, B0BRWGDMS1, B0BRWF4Z9K, B0FK9K9HVY, B0BXWYKXLM, B0C4GW2RSF, B0CRB1J6G4, B0FK4QZ7DX, B0BYDSM4KC, B0DQ1FRPD7, B0BRSHY1KX, B0CPDYT2LN, B0BHVK5SXQ, B0BRSF7ZZN, B0B5WV9LK2, B0BPS61X1P, B0DPPNSVJ9, B0CTFC7J9V, B0FK23TFQ3, B0F7QTX7SG, B0F9DXZ3BL, B0BGPH28SB]",amzn1.campaign.2GJM99OOKM7I1,Hummer,Qiosreui,2026-04-08,2026-09-30,10.00%,5000.0,4982.32,0,800,false
"[B0GVH5NPCQ, B0GTP3NS4B, B0GJ9KZMW9]",amzn1.campaign.37KKB6EX8XR8P,monthly sales 5k+11% commission dog lick ball B0GTP3NS4B,MHREXCY,2026-04-08,2027-04-08,11.00%,5000.0,5000.0,6,800,false
"[B0CGTQ1TFG, B0CGTQ3LJ8, B0CGTS2LLJ, B0CGTPMP1F, B0CGTSLW4H, B0CGTQR2SW, B0CGTSK4VS, B0CGTRJQT5, B0CGTPMFSF, B0CGTWN3BL, B0CGTPV61M, B0CGTPPY9M, B0CGTQKYT8, B0CGTSDMWF, B0CGTSNL2H]",amzn1.campaign.HD8KEHHM9WJN,FLYEGO Camo Netting & Commission rate:15% & B0CTK3JYK2,FLYEGO,2026-04-08,2027-03-31,15.00%,9999.0,9967.61,2,800,false
"[B0DS2HKHB7, B0DNQB11L1, B0FMK9F3RR, B0G6SKGM61, B0FMK8GXDD, B0DS2KNCWX, B0DNQ9C3RM]",amzn1.campaign.VIEJPXFQLCIG,"💆‍♀️At-Home Spa: AMAPO Freestanding Tub – Ergonomic R-Shape, cUPC Certified",AMAPO,2026-04-08,2027-03-24,10.00%,5000.0,5000.0,32,800,false
"[B0GHMS9SLV, B0GHN8CR3L, B0G2B7CT9L, B0GHMWF6B9, B0G2BC56HK, B0G29ZQPCJ]",amzn1.campaign.2S4KRMHT2E7L,LWF-毛丝枕-0407Ex,DOWNSTORIA,2026-04-08,2026-12-31,12.00%,100000.0,100000.0,0,800,false
"[B0DS2HKHB7, B0DNQB11L1, B0FMK9F3RR, B0G6SKGM61, B0FMK8GXDD, B0DS2KNCWX, B0DNQ9C3RM]",amzn1.campaign.1583A0HSQDJ8I,"⚡Keep Water Hot 1hr+ – AMAPO Freestanding Tub, 8-Layer Insulation",AMAPO,2026-04-08,2027-03-25,10.00%,5000.0,5000.0,22,800,false
"[B0FN3VQMZB, B0FN3W4RV8, B0FN3XDHDZ, B0FN3YN74B]",amzn1.campaign.29CQ4FEGVRJRJ,"Super Reflective Stickers Made of DG3, 3.15"" x 1.18"" Safety Reflective Tape",TZWXHDM,2026-04-08,2026-12-31,15.00%,5000.0,4995.95,13,800,false
"[B0DS2HKHB7, B0DNQB11L1, B0FMK9F3RR, B0G6SKGM61, B0FMK8GXDD, B0DS2KNCWX, B0DNQ9C3RM]",amzn1.campaign.DKYJ2WDHPTIF,👵Safe & Stable Bathtub for Seniors – AMAPO Freestanding w/ Built-In Seat,AMAPO,2026-04-08,2027-03-26,10.00%,5000.0,5000.0,33,800,false
"[B0DS2HKHB7, B0DNQB11L1, B0FMK9F3RR, B0G6SKGM61, B0FMK8GXDD, B0DS2KNCWX, B0DNQ9C3RM]",amzn1.campaign.GSDWBB882S2Y,"🛁Spring Self-Care: AMAPO Freestanding Tub – Built-In Seat, 8-Layer Insulation",AMAPO,2026-04-08,2027-03-27,10.00%,5000.0,5000.0,33,800,false
"[B0FY2KJD35, B0F6Y2NPFW, B0G2M4PTFW, B0G2M5VSN3, B0F4JZM7YB, B0G2LY9JXH, B0F6Y31WHP, B0G2LF52JV, B0F6Y25NTT, B0F6Y2Y5L7, B0FY2MFNGF, B0G2LDWRQ9, B0F4JQCD2P, B0G2M4K55T, B0FY2NY8CM, B0FY2LR7MW, B0G2M4XJTZ, B0G2LDTC1W, B0G2M46M8P, B0F6Y4GM6Y, B0G2M4MNFX, B0FY2MCMT6, B0F4JLYM2R, B0G2M3C1QM, B0F4JR9HW5, B0F4JRKL58, B0F4JLBJNG, B0F4JPM9KV, B0G2M53WZD, B0F6XTQM7M, B0F4JRKZP6]",amzn1.campaign.1ASXYN12J2FS1,🔇No More Squeaky Tracks: AMAPO Sliding Shower Door – Silent Rollers,AMAPO,2026-04-08,2027-03-30,10.00%,5000.0,5000.0,28,800,false
"[B0F5WJ15T2, B0G198P53Z, B0G195DDG5, B0GFYPLVSV, B0GFYM6KB5, B0F5WHL1PH, B0GFYVZGXL]",amzn1.campaign.N0NWK5ER1OTS,HOT！！Office Siren Glasses🔥🔥🔥ABLt19,SODQW,2026-04-08,2027-04-01,10.00%,999999.0,999999.0,21,800,false
"[B0FY2KJD35, B0F6Y2NPFW, B0G2M4PTFW, B0G2M5VSN3, B0F4JZM7YB, B0G2LY9JXH, B0F6Y31WHP, B0G2LF52JV, B0F6Y25NTT, B0F6Y2Y5L7, B0FY2MFNGF, B0G2LDWRQ9, B0F4JQCD2P, B0G2M4K55T, B0FY2NY8CM, B0FY2LR7MW, B0G2M4XJTZ, B0G2LDTC1W, B0G2M46M8P, B0F6Y4GM6Y, B0G2M4MNFX, B0FY2MCMT6, B0F4JLYM2R, B0G2M3C1QM, B0F4JR9HW5, B0F4JRKL58, B0F4JLBJNG, B0F4JPM9KV, B0G2M53WZD, B0F6XTQM7M, B0F4JRKZP6]",amzn1.campaign.3J94I729Y2EYX,"🔧DIY Shower Door in 2 Hours? AMAPO – No Pro Needed, Spring Project",AMAPO,2026-04-08,2027-03-31,10.00%,5000.0,5000.0,33,800,false
"[B0DZXQKZT6, B0DZXNPM6T, B0DZXPN784]",amzn1.campaign.3RLWUXXTNGL5O,25SWH0007-9- 0407,Swhmc,2026-04-08,2027-03-30,15.00%,16888.0,16888.0,15,800,false
[B0DZXR26G7],amzn1.campaign.Z6WELJ4ZGYHN,25SWH0002A-0407,Swhmc,2026-04-08,2027-03-30,15.00%,16888.0,16888.0,16,800,false
"[B0FY2KJD35, B0F6Y2NPFW, B0G2M4PTFW, B0G2M5VSN3, B0F4JZM7YB, B0G2LY9JXH, B0F6Y31WHP, B0G2LF52JV, B0F6Y25NTT, B0F6Y2Y5L7, B0FY2MFNGF, B0G2LDWRQ9, B0F4JQCD2P, B0G2M4K55T, B0FY2NY8CM, B0FY2LR7MW, B0G2M4XJTZ, B0G2LDTC1W, B0G2M46M8P, B0F6Y4GM6Y, B0G2M4MNFX, B0FY2MCMT6, B0F4JLYM2R, B0G2M3C1QM, B0F4JR9HW5, B0F4JRKL58, B0F4JLBJNG, B0F4JPM9KV, B0G2M53WZD, B0F6XTQM7M, B0F4JRKZP6]",amzn1.campaign.11V6U9BL6HWI4,"🖤Matte Black Magic: AMAPO Sliding Shower Door – 60"" W, Semi-Frameless",AMAPO,2026-04-08,2027-04-01,10.00%,5000.0,5000.0,30,800,false
[B0DZXRSVTD],amzn1.campaign.FHC0DLHH0NCH,25SWH0003-0407,Swhmc,2026-04-08,2027-03-30,15.00%,16888.0,16888.0,16,800,false
[B0FMK7R9LD],amzn1.campaign.1AAQ73D51V982,5% Minoxidil-4.7-11,BLISSMATE,2026-04-08,2027-03-28,10.00%,10000.0,10000.0,19,800,false
"[B0FHWLYYHT, B0G1YMZMP2]",amzn1.campaign.1P4YUM7Z3DNQV,25SWH0015、17-0407,Swhmc,2026-04-08,2027-03-30,15.00%,16888.0,16888.0,15,800,false
[B0FJ1CNQG5],amzn1.campaign.2FEFHXJ8HFLZN,25SWH0002B-0407,Swhmc,2026-04-08,2027-03-30,15.00%,16888.0,16888.0,13,800,false
"[B0FY2KJD35, B0F6Y2NPFW, B0G2M4PTFW, B0G2M5VSN3, B0F4JZM7YB, B0G2LY9JXH, B0F6Y31WHP, B0G2LF52JV, B0F6Y25NTT, B0F6Y2Y5L7, B0FY2MFNGF, B0G2LDWRQ9, B0F4JQCD2P, B0G2M4K55T, B0FY2NY8CM, B0FY2LR7MW, B0G2M4XJTZ, B0G2LDTC1W, B0G2M46M8P, B0F6Y4GM6Y, B0G2M4MNFX, B0FY2MCMT6, B0F4JLYM2R, B0G2M3C1QM, B0F4JR9HW5, B0F4JRKL58, B0F4JLBJNG, B0F4JPM9KV, B0G2M53WZD, B0F6XTQM7M, B0F4JRKZP6]",amzn1.campaign.XPKO9CE8ETDX,"🛡️Kid & Pet Safe: AMAPO Shower Door – 1/4"" Tempered + Explosion-Proof Film",AMAPO,2026-04-08,2027-04-02,10.00%,5000.0,5000.0,31,800,false
"[B0GDCSMTZ8, B0FW4JTN2H]",amzn1.campaign.1ZIXGAZJQX6K2,"2 Pack Heavy Duty Steel Garage Storage Hooks,",TZWXHDM,2026-04-08,2026-12-31,13.00%,5000.0,5000.0,15,800,false
"[B0DZXR26G8, B0DZXLBMFD, B0DZXRCMTX]",amzn1.campaign.222KLHY6I61H5,25SWH0004-6-0407,Swhmc,2026-04-08,2027-03-30,15.00%,16888.0,16888.0,10,800,false
[B0DZXPDXNT],amzn1.campaign.1VMRK44KV90ZO,25SWH0010-0407,Swhmc,2026-04-08,2027-03-31,15.00%,16888.0,16888.0,8,800,false
"[B0FY2KJD35, B0F6Y2NPFW, B0G2M4PTFW, B0G2M5VSN3, B0F4JZM7YB, B0G2LY9JXH, B0F6Y31WHP, B0G2LF52JV, B0F6Y25NTT, B0F6Y2Y5L7, B0FY2MFNGF, B0G2LDWRQ9, B0F4JQCD2P, B0G2M4K55T, B0FY2NY8CM, B0FY2LR7MW, B0G2M4XJTZ, B0G2LDTC1W, B0G2M46M8P, B0F6Y4GM6Y, B0G2M4MNFX, B0FY2MCMT6, B0F4JLYM2R, B0G2M3C1QM, B0F4JR9HW5, B0F4JRKL58, B0F4JLBJNG, B0F4JPM9KV, B0G2M53WZD, B0F6XTQM7M, B0F4JRKZP6]",amzn1.campaign.2FYAW2ULXX0Z5,"🚿Spring Upgrade: AMAPO Sliding Shower Door – 60"" W, Matte Black",AMAPO,2026-04-08,2027-04-03,10.00%,5000.0,5000.0,31,800,false
"[B0GQB8N16V, B0GQ9XQTX8, B0GQB3BSVQ, B0GQ9R43D1, B0GQ9N73NL]",amzn1.campaign.3IZBY82MZH53H,🔥A Table That Brings People Together,FLEXISPOT,2026-04-11,2026-09-30,10.00%,10000.0,10000.0,0,800,false
"[B0GQB8N16V, B0GQ9XQTX8, B0GQB3BSVQ, B0GQ9R43D1, B0GQ9N73NL]",amzn1.campaign.3V5FMMWNU5XRY,🔥My Favorite Spot in the House,FLEXISPOT,2026-04-09,2026-09-30,10.00%,10000.0,10000.0,0,800,false
"[B0GDCSMTZ8, B0FW4JTN2H]",amzn1.campaign.F188UTKHO5Z0,"2 Pack Heavy Duty Steel Garage Storage Hooks,",TZWXHDM,2026-04-08,2026-12-31,15.00%,5000.0,5000.0,8,800,false
[B0G6DS6FX3],amzn1.campaign.1TJS8R0SM4H51,Eyelash Growth Serum-creator-30%commision-0407,NKOGOR,2026-04-08,2026-10-01,30.00%,5000.0,5000.0,0,800,false
"[B0GQB8N16V, B0GQ9XQTX8, B0GQB3BSVQ, B0GQ9R43D1, B0GQ9N73NL]",amzn1.campaign.1S5DCMTR48YFI,🔥Turn Your Corner into a Night Bar,FLEXISPOT,2026-04-08,2026-09-30,10.00%,10000.0,10000.0,0,800,false
[B0FMK7R9LD],amzn1.campaign.1DM5CYXURACIL,5% Minoxidil-4.7-10,BLISSMATE,2026-04-08,2027-03-29,10.00%,10000.0,10000.0,20,800,false
[B0FMK7R9LD],amzn1.campaign.1QVWVPFG0MC47,5% Minoxidil-4.7-9,BLISSMATE,2026-04-08,2027-03-30,10.00%,10000.0,10000.0,21,800,false
[B0FMK7R9LD],amzn1.campaign.1A6MYMQK2D70U,5% Minoxidil-4.7-8,BLISSMATE,2026-04-08,2027-03-31,10.00%,10000.0,10000.0,20,800,false
[B0FMK7R9LD],amzn1.campaign.2EXISWLIKP8RU,5% Minoxidil-4.7-7,BLISSMATE,2026-04-08,2027-04-01,10.00%,10000.0,10000.0,22,800,false
"[B0DF56WQNF, B0DF343Z4D, B0DF51VNBJ]",amzn1.campaign.VS9K7HHJ1ZUA,YRZtiles Magnetic Tiles Baby Toys Gift 15% commission,YRZtiles,2026-04-09,2026-10-31,15.00%,20000.0,20000.0,0,800,false
[B0FMK7R9LD],amzn1.campaign.3DOA5G3VLNAWJ,5% Minoxidil-4.7-6,BLISSMATE,2026-04-08,2027-04-02,10.00%,10000.0,10000.0,20,800,false
"[B0DXZ38G71, B0DXYJXGW6, B0DXZ58PBK]",amzn1.campaign.3KH39FKI9QDXB,"Aluminum Crimping Sleeves Loops, Cable Crimps Wire Ferrules",TZWXHDM,2026-04-08,2026-12-31,12.00%,5000.0,4996.52,18,800,false
"[B0F5HFX9WR, B0F5HFS6PK, B0F5H7QBM2, B0F5HK1LVJ, B0F5H94ZPP]",amzn1.campaign.MUAMPPEGG3ZC,Hybrid ANC Headphones（DBsono G901）,dbsono,2026-04-08,2026-11-08,10.00%,10000.0,9883.0,0,800,false
"[B0FMF5V2RN, B0GMQ9TCK8, B0GMQ52GFJ, B0FNJND1FG, B0GBX9CQDB, B0FLVD1NHZ, B0FLVDJNWZ, B0GMQMGDR5, B0GMQNPJMP]",amzn1.campaign.VXUJRB23ZZ9Y,"📅50-Year Bathtub? LOHCEH Freestanding – No Fade, No Cracks, Spring Buy",LOHCEH,2026-04-08,2027-04-03,10.00%,5000.0,5000.0,31,800,false
"[B0FMF5V2RN, B0GMQ9TCK8, B0GMQ52GFJ, B0FNJND1FG, B0GBX9CQDB, B0FLVD1NHZ, B0FLVDJNWZ, B0GMQMGDR5, B0GMQNPJMP]",amzn1.campaign.7TH1I0C77OG6,"📅50-Year Bathtub? LOHCEH Freestanding – No Fade, No Cracks, Spring Buy",LOHCEH,2026-04-08,2027-04-04,10.00%,5000.0,5000.0,32,800,false
[B0FSD42ZJR],amzn1.campaign.3GKKA0A1WEDVW,"20 Pcs Primer Adhesiv, High Performance Adhesion Promoter",TZWXHDM,2026-04-08,2026-12-31,10.00%,5000.0,4998.98,16,800,false
"[B0FMF5V2RN, B0GMQ9TCK8, B0GMQ52GFJ, B0FNJND1FG, B0GBX9CQDB, B0FLVD1NHZ, B0FLVDJNWZ, B0GMQMGDR5, B0GMQNPJMP]",amzn1.campaign.S0IMBVW5TFF2,💆‍♀️At-Home Spa: LOHCEH Freestanding Tub – Ergonomic Luxury for Spring,LOHCEH,2026-04-08,2027-04-05,10.00%,5000.0,5000.0,33,800,false
"[B0FL25VBG9, B0FL28861J, B0FL2855T2, B0FL27QT1K, B0FL28D3XZ, B0FL258YFG]",amzn1.campaign.1YI4DREUCZS7C,BR03,Aixsix,2026-04-08,2026-12-31,10.00%,10000.0,9981.01,0,800,false
"[B0FL24LDZ1, B0FL21TCH8, B0FL243D6X, B0FL26TMMX]",amzn1.campaign.SXDZ5Q5OOM1A,BR01,Aixsix,2026-04-08,2026-12-31,10.00%,10000.0,10000.0,5,800,false
"[B0FMF5V2RN, B0GMQ9TCK8, B0GMQ52GFJ, B0FNJND1FG, B0GBX9CQDB, B0FLVD1NHZ, B0FLVDJNWZ, B0GMQMGDR5, B0GMQNPJMP]",amzn1.campaign.2H3RA25KMRCQG,💆‍♀️At-Home Spa: LOHCEH Freestanding Tub – Ergonomic Luxury for Spring,LOHCEH,2026-04-08,2027-04-06,10.00%,5000.0,5000.0,28,800,false
[B0FMK7R9LD],amzn1.campaign.397YYMU3HRZIH,5% Minoxidil-4.7-5,BLISSMATE,2026-04-08,2027-04-03,10.00%,10000.0,10000.0,20,800,false
[B0FMK7R9LD],amzn1.campaign.A2TGNH5XUT39,5% Minoxidil-4.7-4,BLISSMATE,2026-04-08,2027-04-04,10.00%,10000.0,10000.0,26,800,false
"[B0FKSCFRH6, B0F8BJD9N6, B0DZCJXH7L, B0G1TLZM4N, B0DWSM9H3M, B0FD9S2P6T, B0DWSM9H3P, B0G1TCSXH8, B0F8B6QKBQ, B0F8B6QKBR, B0FKSBMD1X, B0G1SXL1TN, B0F8B7ZWDJ, B0G1TNG3TC, B0F89WK9SM, B0F8BJL8DT, B0FKRCCYWT, B0DZH4P7XR, B0F8B8H2FD, B0G1T3XK97, B0DWSBZKFH, B0G1TR78P2, B0G1TPQWFV, B0G1T9GCTC, B0FD9PRNVT, B0FKS1NPKK, B0DWSPYZ8M, B0G1TGX213, B0G1T1CWSN, B0F8BPK8NX, B0F89VF8JH, B0F8BPQ22B, B0DWSDZWGR, B0G1TTX9CY, B0FDFBZFDG, B0G1SXQLFQ, B0DWSF4Z4F, B0FD9QD4QY, B0F8B8Z6K5, B0F89W2RN8, B0FD9Q6NMX, B0DWSFV8M8, B0DWSP2QDP, B0FD9NZLTK, B0FKS3RRRD, B0FD9NZT6M, B0DWSNZK8Z, B0F8BMC518, B0DWSJ6GK8, B0FD9Q3TWX, B0G1TNRKV4, B0G1SVRHBH, B0F8BNV28J, B0FD9Q77RZ, B0DWSC3FYW, B0FKS4TM5X, B0DWSDHRZ2, B0G1SZY7FV, B0F8BLV4RY, B0FKSBZQYQ, B0G1TRHJTJ, B0F8B6DQX8, B0F89WLFW4, B0F8B714K5, B0F89W2GW2, B0F8BH918X, B0FD9NFJN9, B0DSFVV5ZD, B0FD9MWYGS, B0G1T28ZS7, B0DWSTNSPZ, B0DWMVDRR9, B0FD9R2G2J, B0FD9N2MRM, B0F8B4PMRP, B0FKRHC295, B0G1TRZ9JF, B0FKS93TVT, B0F8BJKWBX, B0FD9RLKMW, B0F8BJDDBF, B0G1T45QP8, B0F8B7WTW2, B0F89VYKTN, B0DWSK1L89, B0G1TQXCQX, B0G1T7SKDG, B0FD9Q8RCS, B0G1T4HP46, B0F8BMWG5T, B0F8BQ48RC, B0F89VLNNB, B0G1SXQLRF, B0FKSG2YZR, B0FD9QBGV4, B0F89X9X2S, B0FKS76878, B0DWSM932R, B0F8BLLXTV, B0DWSC7YFV, B0FKRHWWDD, B0F8B77X3R, B0FD9QTY4F, B0DWMT5JVN, B0FKRSWY7W, B0FD9S5WT6, B0FD9NXZLH, B0DWMVRVBK, B0F8BQ896S, B0DWSB5NSG, B0DWSPFB5B, B0DX1PPN71, B0F8B7STLR, B0DWS9SZHZ, B0DWS9SLQN, B0G1T17XQJ, B0DSKSCKBX, B0DWS72R5K, B0DWSM1JF3, B0FKSCHBLC, B0G1TMQKJJ, B0DWMTM3Q3, B0DZCM1S7K, B0FKSRNN3Z, B0DWSV3Z6N, B0F8B835BZ, B0F8B7SYWL, B0DWMSYQT6, B0FKS35DMQ, B0F8BKYWXW, B0FD9QFJMK, B0F89X5LTM, B0G1TNDWMT, B0F8BJGHMN, B0F8B8VQBT, B0F8BL392K, B0DZH6R7WV, B0DWSBZ78F, B0F8BP93T5, B0F89WBCFL, B0FKRL3FKC, B0DWSCCH6K, B0DWSRTZ9J, B0DWSPWGSS, B0FD9QSNDN, B0DZH8M63V, B0DZH6CXTN, B0FKSCCW58, B0DZCMNL5C, B0DWSDBB2S, B0F8BPNBQK, B0F89W8M8C, B0F8B7VQYS, B0G1SZ7GXY, B0FKS6K4J8, B0G1TPZMB5, B0F8BJC9F3, B0FD9R869G, B0FKRSMGG8, B0F89WJP7F, B0G1TM8Y7T, B0FD9M74T7, B0FKRX5GL5, B0G1SZRZZ9, B0DWMRF2G4, B0FKSRNT3K, B0F8BK9869, B0FD9Q4S8J, B0DWSBMJJY, B0DWMTQDS2, B0DZH6D5JZ, B0DZH6HX3G, B0FKS25183, B0DWSBTKXC, B0DZH6326L, B0G1SY9GN6, B0F8BN4PR7, B0FD9MLJSS, B0DWMTKCQX, B0F89VPR4N, B0FD9QJS8D, B0DWSC69Q1, B0F8BLXL59, B0FD9Q8W5J, B0G1SX47HY, B0F89TN9BR, B0DWSPDKGV, B0F8B53V6Y, B0G1TN4Z74, B0F89WNDBK, B0FD9P2XVF, B0FD9P2XVH, B0DWSRWQR3, B0FKS6TX85, B0G1T2C1GD]",amzn1.campaign.1GU1KEMPTYUT5,通用色+品牌色,Carhuewell,2026-04-08,2026-09-30,10.00%,5000.0,4842.62,8,800,false
[B0FMK7R9LD],amzn1.campaign.3I6PVT76ZXKUE,5% Minoxidil-4.7-3,BLISSMATE,2026-04-08,2027-04-05,10.00%,10000.0,10000.0,20,800,false
[B0FMK7R9LD],amzn1.campaign.3LR51I3A8BMLD,5% Minoxidil-4.7-2,BLISSMATE,2026-04-08,2027-04-06,10.00%,10000.0,10000.0,22,800,false
"[B0FL256HDQ, B0FL27DTC3, B0FL255NS9, B0FL263VRZ, B0FL266THX, B0FL25T1Y5, B0FL2BT5QZ, B0FL24V7PW]",amzn1.campaign.3O8N51U8ORLOX,BR02,Aixsix,2026-04-08,2026-12-31,10.00%,10000.0,9996.0,5,800,false
"[B0GM7HKP8Y, B0GFLX7D19, B0GM7Q6WCW, B0GFV4PP41, B0GM77YBM5, B0GMB92KJH, B0GM3N9BJH, B0GFV7KKFZ, B0GLHC3TNB, B0GQQB9V8N, B0GFV4TJHQ, B0GFL96YJ2, B0GFLV773H]",amzn1.campaign.2IFU6MNS5F9UE,Global Shop Partner | Every Item Generates Earnings 💵,FENNIDICE,2026-04-06,2027-04-05,15.36%,5000.0,5000.0,23,800,false
[B0GQSVJVVW],amzn1.campaign.1M413MPCD7WB9,牧马人JL-24-中控台手机支架-圆形磁吸款,JHD-TOGO,2026-04-08,2027-04-08,10.00%,5000.0,5000.0,16,800,false
"[B0GM7HKP8Y, B0GFLX7D19, B0GM7Q6WCW, B0GFV4PP41, B0GM77YBM5, B0GMB92KJH, B0GM3N9BJH, B0GFV7KKFZ, B0GLHC3TNB, B0GQQB9V8N, B0GFV4TJHQ, B0GFL96YJ2, B0GFLV773H]",amzn1.campaign.27FYF5X6NHR4L,Global Shop Partner | Every Item Generates Earnings 💵,FENNIDICE,2026-04-06,2027-04-05,15.35%,5000.0,5000.0,29,800,false
[B0FMK7R9LD],amzn1.campaign.F7FI7HXFL3ZX,5% Minoxidil-4.7-1,BLISSMATE,2026-04-08,2027-04-07,10.00%,10000.0,10000.0,26,800,false
"[B0GDCWZPXJ, B0FMDPM8Z9, B0G7XVJMZN, B0FM3MF4MN, B0G7X5DKHQ, B0FM3FVRRD, B0G7V8ZZ6S, B0FC62XJ93, B0FP1772WP, B0FN82H4KJ, B0G7TX7HJ8, B0FM3GF5X9, B0FM3DP88J, B0GDD43VZX, B0FP16RJBQ, B0GDF33YML, B0FC64WNJ1, B0DYDJ1VP7, B0FC634QPS, B0FPC49MXS, B0FMDDVV1D, B0FP13QG5Z, B0FP16H5GM, B0G2SKVQWZ, B0G7X5H95Y, B0FNM6FYLF, B0DT3X39LD, B0G7VL9DQT, B0FMD8SXSJ]",amzn1.campaign.PB16IBZCFGLA,"Double Sided Adhesive Pads, Heavy Duty Double Sided Tape",TZWXHDM,2026-04-08,2026-12-31,15.00%,5000.0,4964.24,15,800,false
"[B0GM7HKP8Y, B0GFLX7D19, B0GM7Q6WCW, B0GFV4PP41, B0GM77YBM5, B0GMB92KJH, B0GM3N9BJH, B0GFV7KKFZ, B0GLHC3TNB, B0GQQB9V8N, B0GFV4TJHQ, B0GFL96YJ2, B0GFLV773H]",amzn1.campaign.1QY44ALIQ0ZK8,Global Shop Partner | Every Item Generates Earnings 💵,FENNIDICE,2026-04-06,2027-04-05,15.34%,5000.0,5000.0,31,800,false
[B0G574VVRG],amzn1.campaign.2W24YP83HUUP4,阅读枕大号浅灰,Baskbed,2026-04-08,2027-01-31,10.00%,5000.0,4974.0,13,800,false
"[B0GM7HKP8Y, B0GFLX7D19, B0GM7Q6WCW, B0GFV4PP41, B0GM77YBM5, B0GMB92KJH, B0GM3N9BJH, B0GFV7KKFZ, B0GLHC3TNB, B0GQQB9V8N, B0GFV4TJHQ, B0GFL96YJ2, B0GFLV773H]",amzn1.campaign.2L7NZEWKUF19L,Global Shop Partner | Every Item Generates Earnings 💵,FENNIDICE,2026-04-06,2027-04-05,15.33%,5000.0,5000.0,33,800,false
"[B0GQSGY3DB, B0GQSV6VYG, B0GQSJGHWN, B0GQSNW5ZJ]",amzn1.campaign.3SG2NRQXBOWBP,Butter Crock-B-001-15%,Lyeec,2026-04-08,2027-03-31,15.00%,5000.0,4991.0,3,800,false
"[B0GM7HKP8Y, B0GFLX7D19, B0GM7Q6WCW, B0GFV4PP41, B0GM77YBM5, B0GMB92KJH, B0GM3N9BJH, B0GFV7KKFZ, B0GLHC3TNB, B0GQQB9V8N, B0GFV4TJHQ, B0GFL96YJ2, B0GFLV773H]",amzn1.campaign.1CJN912CWDWJ1,Global Shop Partner | Every Item Generates Earnings 💵,FENNIDICE,2026-04-06,2027-04-05,15.32%,5000.0,5000.0,31,800,false
"[B0GQSGY3DB, B0GQSV6VYG, B0GQSJGHWN, B0GQSNW5ZJ]",amzn1.campaign.2G0AEI2J7I2I3,Butter Crock-B-001-13%,Lyeec,2026-04-08,2027-03-31,13.00%,5000.0,4978.94,9,800,false
"[B0GM7HKP8Y, B0GFLX7D19, B0GM7Q6WCW, B0GFV4PP41, B0GM77YBM5, B0GMB92KJH, B0GM3N9BJH, B0GFV7KKFZ, B0GLHC3TNB, B0GQQB9V8N, B0GFV4TJHQ, B0GFL96YJ2, B0GFLV773H]",amzn1.campaign.3GM959SRT68D0,Global Shop Partner | Every Item Generates Earnings 💵,FENNIDICE,2026-04-06,2027-04-05,15.31%,5000.0,5000.0,35,800,false
"[B0GQSGY3DB, B0GQSV6VYG, B0GQSJGHWN, B0GQSNW5ZJ]",amzn1.campaign.2O24FBMX2N0YQ,Butter Crock-B-001-12%,Lyeec,2026-04-08,2027-03-31,12.00%,5000.0,5000.0,15,800,false
[B0GQSSYTPJ],amzn1.campaign.1E7A3V6M4MOXX,牧马人JL-18-中控台左侧手机支架-圆形磁吸款,JHD-TOGO,2026-04-08,2027-04-08,10.00%,5000.0,5000.0,16,800,false
"[B0GQSGY3DB, B0GQSV6VYG, B0GQSJGHWN, B0GQSNW5ZJ]",amzn1.campaign.2G5ASGCLZCAQZ,Butter Crock-B-001-10%,Lyeec,2026-04-08,2027-03-31,10.00%,5000.0,5000.0,16,800,false
"[B0GM7HKP8Y, B0GFLX7D19, B0GM7Q6WCW, B0GFV4PP41, B0GM77YBM5, B0GMB92KJH, B0GM3N9BJH, B0GFV7KKFZ, B0GLHC3TNB, B0GQQB9V8N, B0GFV4TJHQ, B0GFL96YJ2, B0GFLV773H]",amzn1.campaign.2XR324JK9RYV6,Global Shop Partner | Every Item Generates Earnings 💵,FENNIDICE,2026-04-06,2027-04-05,15.30%,5000.0,5000.0,34,800,false
[B0GBTJ7T53],amzn1.campaign.GEKAC2RF50TG,monthly sales 6k+11% 2 Pack 3D Rolling Ball Maze Cube Puzzle B0GBTJ7T53,waveglad,2026-04-08,2027-04-08,11.00%,5000.0,4917.95,10,800,false
"[B0GM7HKP8Y, B0GFLX7D19, B0GM7Q6WCW, B0GFV4PP41, B0GM77YBM5, B0GMB92KJH, B0GM3N9BJH, B0GFV7KKFZ, B0GLHC3TNB, B0GQQB9V8N, B0GFV4TJHQ, B0GFL96YJ2, B0GFLV773H]",amzn1.campaign.HPPD2G7AZAIC,Global Shop Partner | Every Item Generates Earnings 💵,FENNIDICE,2026-04-06,2027-04-05,15.29%,5000.0,5000.0,37,800,false
"[B0CQ4YGR77, B0CHRV5LNM, B0CHRWBCTL, B0CHRWHMQZ, B0CHRT3QS3, B0CQ4WK21C]",amzn1.campaign.1DAKBFR52IVZ7,2026.4.7 床盖,Blythease,2026-04-08,2026-12-31,10.00%,5000.0,5000.0,18,800,false
[B0FT4263MS],amzn1.campaign.1VK25PY7CLBUC,Aqua Puffs 3D Art Kit for Kids – Mess-Free Paint by Number Crafts,SJHSJH,2026-04-12,2027-03-04,20.00%,100000.0,100000.0,0,800,false
"[B0GM7HKP8Y, B0GFLX7D19, B0GM7Q6WCW, B0GFV4PP41, B0GM77YBM5, B0GMB92KJH, B0GM3N9BJH, B0GFV7KKFZ, B0GLHC3TNB, B0GQQB9V8N, B0GFV4TJHQ, B0GFL96YJ2, B0GFLV773H]",amzn1.campaign.3H615SQ411NSZ,Global Shop Partner | Every Item Generates Earnings 💵,FENNIDICE,2026-04-06,2027-04-05,15.28%,5000.0,5000.0,36,800,false
[B0FT4263MS],amzn1.campaign.I9GCE3AEOQND,Aqua Puffs 3D Art Kit for Kids – Mess-Free Paint by Number Crafts,SJHSJH,2026-04-11,2027-03-04,20.00%,1000000.0,1000000.0,0,800,false
[B0FT4263MS],amzn1.campaign.3VNSE1YR71U49,Aqua Puffs 3D Art Kit for Kids – Mess-Free Paint by Number Crafts,SJHSJH,2026-04-10,2027-03-04,20.00%,100000.0,100000.0,0,800,false
"[B0FQBR7DRZ, B0FQBYG3P1]",amzn1.campaign.3X52NNJZ3V7X,SHINTRENOVE Reusable Nipple Covers for Women (20 Pcs) 10% Off Campaign,SHINTRENOVE,2026-04-08,2027-04-08,10.00%,5000.0,4997.1,18,800,false
"[B0GM7HKP8Y, B0GFLX7D19, B0GM7Q6WCW, B0GFV4PP41, B0GM77YBM5, B0GMB92KJH, B0GM3N9BJH, B0GFV7KKFZ, B0GLHC3TNB, B0GQQB9V8N, B0GFV4TJHQ, B0GFL96YJ2, B0GFLV773H]",amzn1.campaign.24NVYDPFP31E1,Global Shop Partner | Every Item Generates Earnings 💵,FENNIDICE,2026-04-06,2027-04-05,15.27%,5000.0,5000.0,32,800,false
[B0FT4263MS],amzn1.campaign.3NSLAR62MDASK,Aqua Puffs 3D Art Kit for Kids – Mess-Free Paint by Number Crafts,SJHSJH,2026-04-09,2027-03-04,20.00%,100000.0,100000.0,0,800,false
[B0FT4263MS],amzn1.campaign.HYZ94W4CO50A,Aqua Puffs 3D Art Kit for Kids – Mess-Free Paint by Number Crafts,SJHSJH,2026-04-08,2027-03-04,20.00%,100000.0,100000.0,0,800,false
"[B0GM7HKP8Y, B0GFLX7D19, B0GM7Q6WCW, B0GFV4PP41, B0GM77YBM5, B0GMB92KJH, B0GM3N9BJH, B0GFV7KKFZ, B0GLHC3TNB, B0GQQB9V8N, B0GFV4TJHQ, B0GFL96YJ2, B0GFLV773H]",amzn1.campaign.3D4KE1989ECZ0,Global Shop Partner | Every Item Generates Earnings 💵,FENNIDICE,2026-04-06,2027-04-05,15.26%,5000.0,5000.0,35,800,false
"[B0GM7HKP8Y, B0GFLX7D19, B0GM7Q6WCW, B0GFV4PP41, B0GM77YBM5, B0GMB92KJH, B0GM3N9BJH, B0GFV7KKFZ, B0GLHC3TNB, B0GQQB9V8N, B0GFV4TJHQ, B0GFL96YJ2, B0GFLV773H]",amzn1.campaign.1GDBP0HHHCF61,Global Shop Partner | Every Item Generates Earnings 💵,FENNIDICE,2026-04-06,2027-04-05,15.25%,5000.0,5000.0,33,800,false
[B0GKZSD1FD],amzn1.campaign.YC06SP4RRWVK,福特烈马-BR0NCO-21-铝合金手机支架-球头款(配圆形磁吸头),JHD-TOGO,2026-04-08,2027-04-08,10.00%,5000.0,4989.02,22,800,false
[B0G5MVJ511],amzn1.campaign.1AOUZEEOC6VQ6,🏅Skyfire High Lumens Flashlights with Ignition Lens【35%OFF+12% commission】,SKYFIRE,2026-04-08,2027-04-08,12.00%,5000.0,5000.0,13,800,false
"[B0FMF5V2RN, B0GMQ9TCK8, B0GMQ52GFJ, B0FNJND1FG, B0GBX9CQDB, B0FLVD1NHZ, B0FLVDJNWZ, B0GMQMGDR5, B0GMQNPJMP]",amzn1.campaign.11EQMB2HHPNZY,💆‍♀️At-Home Spa: LOHCEH Freestanding Tub – Ergonomic Luxury for Spring,LOHCEH,2026-04-08,2027-04-07,10.00%,5000.0,5000.0,26,800,false
"[B0GM7HKP8Y, B0GFLX7D19, B0GM7Q6WCW, B0GFV4PP41, B0GM77YBM5, B0GMB92KJH, B0GM3N9BJH, B0GFV7KKFZ, B0GLHC3TNB, B0GQQB9V8N, B0GFV4TJHQ, B0GFL96YJ2, B0GFLV773H]",amzn1.campaign.Z6YTQIMCZ33U,Global Shop Partner | Every Item Generates Earnings 💵,FENNIDICE,2026-04-06,2027-04-05,15.24%,5000.0,5000.0,40,800,false
"[B0GF1S3TMP, B0GF1KZFKJ, B0GF1RQ1R7, B0GF1ZN29G, B0GF269VBP, B0GF1RVMXM, B0GF23LWG2, B0GF1TBHLG, B0GF1RT85G, B0GF1RPMGG, B0GF1N3BY6, B0GF1KZ79D, B0GF1SQX7C, B0GF1NBLPR, B0GF1P1G54, B0GF1GKCYP, B0GF1P1N6N, B0GF1S2TN2, B0GF1P24WX, B0GF1V1HZG, B0GF22L34J, B0GF21F1BH, B0GF21LQN8, B0GF1VZSK9, B0GF1KD5W2, B0GF1XGJQ9]",amzn1.campaign.2MP03V6LK6AS9,G01520,PAMUKEN,2026-04-08,2026-12-31,10.00%,10000.0,9970.6,1,800,false
"[B0FMF5V2RN, B0GMQ9TCK8, B0GMQ52GFJ, B0FNJND1FG, B0GBX9CQDB, B0FLVD1NHZ, B0FLVDJNWZ, B0GMQMGDR5, B0GMQNPJMP]",amzn1.campaign.3ET7UNK3PKUF6,"⚡Keep Water Hot 1hr Longer – LOHCEH Freestanding Tub, Spring Energy Saver",LOHCEH,2026-04-08,2027-04-08,10.00%,5000.0,5000.0,29,800,false
"[B0FKT62ZFJ, B0FKT9ZDQ4, B0FKT669XM, B0FKTB435J, B0FKT56ZT7]",amzn1.campaign.1S42WHR2J628K,2026.4.7 天鹅绒,Blythease,2026-04-08,2026-12-31,10.00%,5000.0,5000.0,17,800,false
"[B0GM7HKP8Y, B0GFLX7D19, B0GM7Q6WCW, B0GFV4PP41, B0GM77YBM5, B0GMB92KJH, B0GM3N9BJH, B0GFV7KKFZ, B0GLHC3TNB, B0GQQB9V8N, B0GFV4TJHQ, B0GFL96YJ2, B0GFLV773H]",amzn1.campaign.1HCLNYZ9QUKTR,Global Shop Partner | Every Item Generates Earnings 💵,FENNIDICE,2026-04-06,2027-04-05,15.23%,5000.0,5000.0,34,800,false
"[B0FMF5V2RN, B0GMQ9TCK8, B0GMQ52GFJ, B0FNJND1FG, B0GBX9CQDB, B0FLVD1NHZ, B0FLVDJNWZ, B0GMQMGDR5, B0GMQNPJMP]",amzn1.campaign.34UPMPH5O80QO,🧓Safe & Stable Bathtub for Seniors – LOHCEH Freestanding with Seat,LOHCEH,2026-04-08,2027-04-01,10.00%,5000.0,5000.0,32,800,false
"[B0CJRDMKMV, B0CJRCZCMC, B0CJRF9GXG, B0CJRDP9R7, B0F4DCDLK9, B0F4D63QT8, B0F4D92TL1, B0F4D3RFWM, B0CJRD1PG1, B0CJRF92SG, B0CJRF21ZX, B0CJRF23PK, B0CJRCXKML, B0CJRDJ357, B0CJRF5FM7, B0CJRDD65J, B0CJRF2N6K, B0F4D7SXQ4, B0CJRDTCS1, B0CJRFC69L, B0CJRF87Q6, B0F4D8L1VR, B0CJRF23P8, B0CJRCFXY1, B0CJRFTVRG, B0CJRDMKMG, B0F4D64MZ9, B0CJRCCJV3, B0CJRFWRR8, B0F4D1YX6H, B0CJRG4LRB, B0CJRDJBD8]",amzn1.campaign.2ZDDFYA5UG5LE,Dsource Youth Soccer Socks Team Sport Solid Softball Socks commission rate 10%,DSOURCE,2026-04-08,2027-04-08,10.00%,5000.0,4994.46,18,800,false
"[B0GM7HKP8Y, B0GFLX7D19, B0GM7Q6WCW, B0GFV4PP41, B0GM77YBM5, B0GMB92KJH, B0GM3N9BJH, B0GFV7KKFZ, B0GLHC3TNB, B0GQQB9V8N, B0GFV4TJHQ, B0GFL96YJ2, B0GFLV773H]",amzn1.campaign.3HZLHUWIRH7Q2,Global Shop Partner | Every Item Generates Earnings 💵,FENNIDICE,2026-04-06,2027-04-05,15.22%,5000.0,5000.0,39,800,false
"[B0FMF5V2RN, B0GMQ9TCK8, B0GMQ52GFJ, B0FNJND1FG, B0GBX9CQDB, B0FLVD1NHZ, B0FLVDJNWZ, B0GMQMGDR5, B0GMQNPJMP]",amzn1.campaign.1R555KOZW15X0,"🛁Spring Self-Care: LOHCEH Freestanding Tub – Deep Soak, Ergonomic Seat",LOHCEH,2026-04-08,2027-04-02,10.00%,5000.0,5000.0,29,800,false
"[B0GM7HKP8Y, B0GFLX7D19, B0GM7Q6WCW, B0GFV4PP41, B0GM77YBM5, B0GMB92KJH, B0GM3N9BJH, B0GFV7KKFZ, B0GLHC3TNB, B0GQQB9V8N, B0GFV4TJHQ, B0GFL96YJ2, B0GFLV773H]",amzn1.campaign.1AZ4T3IE0DQ8U,Global Shop Partner | Every Item Generates Earnings 💵,FENNIDICE,2026-04-06,2027-04-05,15.21%,5000.0,5000.0,36,800,false
[B0FCM871ZT],amzn1.campaign.2ERNT3LFK5HJY,4-7-50-9hao,WESSVAN IINTTERNATIONAIL,2026-04-09,2027-04-09,49.98%,10000.0,10000.0,8,800,false
[B0DS5H641D],amzn1.campaign.92N27J2URGI2,1pack 7462 50%,Hopedone,2026-04-08,2026-09-30,10.00%,5000.0,4940.23,1,800,false
"[B0GM7HKP8Y, B0GFLX7D19, B0GM7Q6WCW, B0GFV4PP41, B0GM77YBM5, B0GMB92KJH, B0GM3N9BJH, B0GFV7KKFZ, B0GLHC3TNB, B0GQQB9V8N, B0GFV4TJHQ, B0GFL96YJ2, B0GFLV773H]",amzn1.campaign.2XDQH4LTKLJAO,Global Shop Partner | Every Item Generates Earnings 💵,FENNIDICE,2026-04-06,2027-04-05,15.20%,5000.0,5000.0,38,800,false
[B0FCM871ZT],amzn1.campaign.16SBXO7GHWXH6,4-7-50-9hao,WESSVAN IINTTERNATIONAIL,2026-04-09,2027-04-09,49.97%,10000.0,10000.0,10,800,false
"[B0GM7HKP8Y, B0GFLX7D19, B0GM7Q6WCW, B0GFV4PP41, B0GM77YBM5, B0GMB92KJH, B0GM3N9BJH, B0GFV7KKFZ, B0GLHC3TNB, B0GQQB9V8N, B0GFV4TJHQ, B0GFL96YJ2, B0GFLV773H]",amzn1.campaign.1S1GIT4FLDRR2,Global Shop Partner | Every Item Generates Earnings 💵,FENNIDICE,2026-04-06,2027-04-05,15.19%,5000.0,5000.0,36,800,false
"[B0F9KR9RLN, B0F9KRYFT1]",amzn1.campaign.1S2NAMP21JBV6,Mompush Olli 7-in-1 Convertible High Chair,mompush,2026-04-08,2026-12-31,10.00%,5000.0,4801.64,0,800,false
"[B0GM7HKP8Y, B0GFLX7D19, B0GM7Q6WCW, B0GFV4PP41, B0GM77YBM5, B0GMB92KJH, B0GM3N9BJH, B0GFV7KKFZ, B0GLHC3TNB, B0GQQB9V8N, B0GFV4TJHQ, B0GFL96YJ2, B0GFLV773H]",amzn1.campaign.3GEJJTM5H0F1L,Global Shop Partner | Every Item Generates Earnings 💵,FENNIDICE,2026-04-06,2027-04-05,15.18%,5000.0,5000.0,39,800,false
[B0FCM871ZT],amzn1.campaign.3VSUQSUX7OK21,4-7-50-9hao,WESSVAN IINTTERNATIONAIL,2026-04-09,2027-04-09,49.96%,10000.0,10000.0,15,800,false
"[B0GSFT68WG, B0GSFWW54B, B0GSFT9TGD]",amzn1.campaign.1BWP210UO4XZM,10% Commission on HomKdom Beige Foam Cloud Bed Frame,Homkdom,2026-04-08,2026-10-15,10.00%,20000.0,19811.4,0,800,false
"[B0GM7HKP8Y, B0GFLX7D19, B0GM7Q6WCW, B0GFV4PP41, B0GM77YBM5, B0GMB92KJH, B0GM3N9BJH, B0GFV7KKFZ, B0GLHC3TNB, B0GQQB9V8N, B0GFV4TJHQ, B0GFL96YJ2, B0GFLV773H]",amzn1.campaign.2V6TL4WSY4RZ6,Global Shop Partner | Every Item Generates Earnings 💵,FENNIDICE,2026-04-06,2027-04-05,15.17%,5000.0,5000.0,37,800,false
[B0FCM871ZT],amzn1.campaign.DQ6R3CLBEDWY,4-7-50-9hao,WESSVAN IINTTERNATIONAIL,2026-04-09,2027-04-09,49.95%,10000.0,10000.0,16,800,false
[B0G5MVJ511],amzn1.campaign.2GTD6XMOXU8PA,Skyfire High Lumens Flashlights with Ignition Lens【35%OFF+15% commission】,SERPENT WARRIOR,2026-04-08,2027-04-08,15.00%,5000.0,5000.0,12,800,false
"[B0D8T6N39S, B0DB1TJ6WB, B0D8T9BPDR, B0D8T89Z61, B0D8T96M34]",amzn1.campaign.BBDZ7U0AJ420,2026.4.7 菱形床盖,Blythease,2026-04-08,2026-12-31,10.00%,5000.0,4993.25,25,800,false
[B0FCM871ZT],amzn1.campaign.257OP6ZJLGISP,4-7-50-9hao,WESSVAN IINTTERNATIONAIL,2026-04-09,2027-04-09,49.94%,10000.0,10000.0,13,800,false
"[B0GM7HKP8Y, B0GFLX7D19, B0GM7Q6WCW, B0GFV4PP41, B0GM77YBM5, B0GMB92KJH, B0GM3N9BJH, B0GFV7KKFZ, B0GLHC3TNB, B0GQQB9V8N, B0GFV4TJHQ, B0GFL96YJ2, B0GFLV773H]",amzn1.campaign.K98NU0LN4GDT,Global Shop Partner | Every Item Generates Earnings 💵,FENNIDICE,2026-04-06,2027-04-05,15.16%,5000.0,5000.0,42,800,false
"[B0FSKXC9GV, B0FS17MS4M, B0FS13KRLK, B08KZQHH4T, B0FDKW7HYP]",amzn1.campaign.1KT2Y52QJMARW,TOBBI Electric Ride on Car for Kids,TOBBI,2026-04-08,2026-11-23,20.00%,20000.0,19431.0,0,800,false
"[B0GM7HKP8Y, B0GFLX7D19, B0GM7Q6WCW, B0GFV4PP41, B0GM77YBM5, B0GMB92KJH, B0GM3N9BJH, B0GFV7KKFZ, B0GLHC3TNB, B0GQQB9V8N, B0GFV4TJHQ, B0GFL96YJ2, B0GFLV773H]",amzn1.campaign.3S09IIXX2Q77U,Global Shop Partner | Every Item Generates Earnings 💵,FENNIDICE,2026-04-06,2027-04-05,15.15%,5000.0,5000.0,40,800,false
[B0FCM871ZT],amzn1.campaign.1HZ7ZBOW5A57D,4-7-50-9hao,WESSVAN IINTTERNATIONAIL,2026-04-09,2027-04-09,49.93%,10000.0,10000.0,12,800,false
"[B0FCFJVGTJ, B0FCFF342N, B0FCFJ25YB, B0FCFGQK11, B0FCFDWSL4]",amzn1.campaign.1UBPDP194TJDO,🔥🔥Tangle Free Avaitor Sunglasses! Hot!!🔥🔥Designer Dupe Sunglasses SG8520,SODQW,2026-04-08,2027-04-01,10.00%,999999.0,999999.0,19,800,false
[B0FCM871ZT],amzn1.campaign.3KJ34OHVNI034,4-7-50-9hao,WESSVAN IINTTERNATIONAIL,2026-04-09,2027-04-09,49.92%,10000.0,10000.0,15,800,false
"[B0GM7HKP8Y, B0GFLX7D19, B0GM7Q6WCW, B0GFV4PP41, B0GM77YBM5, B0GMB92KJH, B0GM3N9BJH, B0GFV7KKFZ, B0GLHC3TNB, B0GQQB9V8N, B0GFV4TJHQ, B0GFL96YJ2, B0GFLV773H]",amzn1.campaign.1JE0XT9WN9REK,Global Shop Partner | Every Item Generates Earnings 💵,FENNIDICE,2026-04-06,2027-04-05,15.14%,5000.0,5000.0,36,800,false
[B0CCY67SK4],amzn1.campaign.1CDMVMQ23BUZU,Play 10 Princess Castle Tent for 2-3 Kids Playhouse commission rate 10%,PLAY 10,2026-04-08,2027-04-08,10.00%,5000.0,5000.0,12,800,false
[B0GD5M3NZG],amzn1.campaign.JMUYR5WYVUEN,2k Trail Camera Unlimited Photos & Video Transmission Trail Cameras Big Sales,TKENPRO,2026-04-08,2026-09-30,10.00%,5000.0,4938.05,0,800,false
[B0FCM871ZT],amzn1.campaign.5SHEF4XJ3UU0,4-7-50-9hao,WESSVAN IINTTERNATIONAIL,2026-04-09,2027-04-09,49.91%,10000.0,10000.0,16,800,false
"[B0GM7HKP8Y, B0GFLX7D19, B0GM7Q6WCW, B0GFV4PP41, B0GM77YBM5, B0GMB92KJH, B0GM3N9BJH, B0GFV7KKFZ, B0GLHC3TNB, B0GQQB9V8N, B0GFV4TJHQ, B0GFL96YJ2, B0GFLV773H]",amzn1.campaign.3PC1ID33G157E,Global Shop Partner | Every Item Generates Earnings 💵,FENNIDICE,2026-04-06,2027-04-05,15.13%,5000.0,5000.0,41,800,false
[B0FCM871ZT],amzn1.campaign.2HYQVYZ1YOW9O,4-7-50-9hao,WESSVAN IINTTERNATIONAIL,2026-04-09,2027-04-09,49.99%,10000.0,10000.0,9,800,false
"[B0GM7HKP8Y, B0GFLX7D19, B0GM7Q6WCW, B0GFV4PP41, B0GM77YBM5, B0GMB92KJH, B0GM3N9BJH, B0GFV7KKFZ, B0GLHC3TNB, B0GQQB9V8N, B0GFV4TJHQ, B0GFL96YJ2, B0GFLV773H]",amzn1.campaign.12BZPNMFCS7P,Global Shop Partner | Every Item Generates Earnings 💵,FENNIDICE,2026-04-06,2027-04-05,15.12%,5000.0,5000.0,36,800,false
"[B0CBPBT14B, B0CBPCQ9KV, B0CBPCD4SM, B0DJVHHQ3H]",amzn1.campaign.7ZO9OENB04F5,2026.4.7 棉床盖,Blythease,2026-04-08,2026-12-31,10.00%,5000.0,5000.0,26,800,false
"[B0GM7HKP8Y, B0GFLX7D19, B0GM7Q6WCW, B0GFV4PP41, B0GM77YBM5, B0GMB92KJH, B0GM3N9BJH, B0GFV7KKFZ, B0GLHC3TNB, B0GQQB9V8N, B0GFV4TJHQ, B0GFL96YJ2, B0GFLV773H]",amzn1.campaign.2WUFRBZXWUDC9,Global Shop Partner | Every Item Generates Earnings 💵,FENNIDICE,2026-04-06,2027-04-05,15.11%,5000.0,5000.0,39,800,false
[B0FCM871ZT],amzn1.campaign.QMX92M46W6J6,4-7-50-9hao,WESSVAN IINTTERNATIONAIL,2026-04-09,2027-04-09,49.88%,10000.0,10000.0,17,800,false
"[B0GM7HKP8Y, B0GFLX7D19, B0GM7Q6WCW, B0GFV4PP41, B0GM77YBM5, B0GMB92KJH, B0GM3N9BJH, B0GFV7KKFZ, B0GLHC3TNB, B0GQQB9V8N, B0GFV4TJHQ, B0GFL96YJ2, B0GFLV773H]",amzn1.campaign.27F498OJZT5MB,Global Shop Partner | Every Item Generates Earnings 💵,FENNIDICE,2026-04-06,2027-04-05,15.10%,5000.0,5000.0,39,800,false
[B0FCM871ZT],amzn1.campaign.1L14M2WI1QNY4,4-7-50-9hao,WESSVAN IINTTERNATIONAIL,2026-04-09,2027-04-09,49.87%,10000.0,10000.0,15,800,false
"[B0FJ684YLZ, B0FJ688BKH, B0FJ69NFWM, B0FJ67WZNF, B0FJ69SD86, B0FJ6B57ZH]",amzn1.campaign.1VBXM057SOO9O,🧽No More Water Spots! LOHCEH Shower Door – Wipe & Shine This Spring,LOHCEH,2026-04-08,2027-04-05,10.00%,5000.0,5000.0,27,800,false
"[B0GM7HKP8Y, B0GFLX7D19, B0GM7Q6WCW, B0GFV4PP41, B0GM77YBM5, B0GMB92KJH, B0GM3N9BJH, B0GFV7KKFZ, B0GLHC3TNB, B0GQQB9V8N, B0GFV4TJHQ, B0GFL96YJ2, B0GFLV773H]",amzn1.campaign.GRWJ8KUM4YUO,Global Shop Partner | Every Item Generates Earnings 💵,FENNIDICE,2026-04-06,2027-04-05,15.09%,5000.0,5000.0,44,800,false
[B0FCM871ZT],amzn1.campaign.LJ2QEFO9MWCW,4-7-50-9hao,WESSVAN IINTTERNATIONAIL,2026-04-09,2027-04-09,49.86%,10000.0,10000.0,20,800,false
"[B0FJ684YLZ, B0FJ688BKH, B0FJ69NFWM, B0FJ67WZNF, B0FJ69SD86, B0FJ6B57ZH]",amzn1.campaign.96TIH1EZECWB,🖤Matte Black Shower Door – LOHCEH Minimalist Sliding Glass for Spring,LOHCEH,2026-04-08,2027-04-06,10.00%,5000.0,5000.0,32,800,false
"[B0GM7HKP8Y, B0GFLX7D19, B0GM7Q6WCW, B0GFV4PP41, B0GM77YBM5, B0GMB92KJH, B0GM3N9BJH, B0GFV7KKFZ, B0GLHC3TNB, B0GQQB9V8N, B0GFV4TJHQ, B0GFL96YJ2, B0GFLV773H]",amzn1.campaign.35AHG4N82LBDX,Global Shop Partner | Every Item Generates Earnings 💵,FENNIDICE,2026-04-06,2027-04-05,15.08%,5000.0,5000.0,40,800,false
[B0FCM871ZT],amzn1.campaign.2CFBB9ZMM2QZV,4-7-50-9hao,WESSVAN IINTTERNATIONAIL,2026-04-09,2027-04-09,49.85%,10000.0,10000.0,18,800,false
"[B0FJ684YLZ, B0FJ688BKH, B0FJ69NFWM, B0FJ67WZNF, B0FJ69SD86, B0FJ6B57ZH]",amzn1.campaign.2C4WE6QGPO00K,"🚸Kid-Safe Shower Door – LOHCEH Tempered Glass + Film, No Splinters",LOHCEH,2026-04-08,2027-04-07,10.00%,5000.0,5000.0,28,800,false
"[B0GM7HKP8Y, B0GFLX7D19, B0GM7Q6WCW, B0GFV4PP41, B0GM77YBM5, B0GMB92KJH, B0GM3N9BJH, B0GFV7KKFZ, B0GLHC3TNB, B0GQQB9V8N, B0GFV4TJHQ, B0GFL96YJ2, B0GFLV773H]",amzn1.campaign.UPXV01JF4NK6,Global Shop Partner | Every Item Generates Earnings 💵,FENNIDICE,2026-04-06,2027-04-05,15.07%,5000.0,5000.0,44,800,false
[B0FCM871ZT],amzn1.campaign.ZKI0GB8Q4LTG,4-7-50-9hao,WESSVAN IINTTERNATIONAIL,2026-04-09,2027-04-09,49.84%,10000.0,10000.0,21,800,false
"[B0FJ684YLZ, B0FJ688BKH, B0FJ69NFWM, B0FJ67WZNF, B0FJ69SD86, B0FJ6B57ZH]",amzn1.campaign.7WL0ZSGN8BRF,🚿Spring Renovation? Get LOHCEH Shower Door – Rustproof & Safe!,LOHCEH,2026-04-08,2027-04-08,10.00%,5000.0,5000.0,32,800,false
[B0GK7GTCSK],amzn1.campaign.2N6XUB27QKQFV,"PAR (PPFD) Light Meter Clip for LED Grow Lights, with iPhone App(MoeuPLTest)",EvoDevice,2026-04-08,2027-04-08,20.00%,10000.0,9982.12,0,800,false
"[B0GM7HKP8Y, B0GFLX7D19, B0GM7Q6WCW, B0GFV4PP41, B0GM77YBM5, B0GMB92KJH, B0GM3N9BJH, B0GFV7KKFZ, B0GLHC3TNB, B0GQQB9V8N, B0GFV4TJHQ, B0GFL96YJ2, B0GFLV773H]",amzn1.campaign.26P5YSWEXDC5U,Global Shop Partner | Every Item Generates Earnings 💵,FENNIDICE,2026-04-06,2027-04-05,15.06%,5000.0,5000.0,39,800,false
[B0FCM871ZT],amzn1.campaign.22858SGST50T0,4-7-50-9hao,WESSVAN IINTTERNATIONAIL,2026-04-09,2027-04-09,49.83%,10000.0,10000.0,17,800,false
"[B0GM7HKP8Y, B0GFLX7D19, B0GM7Q6WCW, B0GFV4PP41, B0GM77YBM5, B0GMB92KJH, B0GM3N9BJH, B0GFV7KKFZ, B0GLHC3TNB, B0GQQB9V8N, B0GFV4TJHQ, B0GFL96YJ2, B0GFLV773H]",amzn1.campaign.2OSOAAVU8DXB6,Global Shop Partner | Every Item Generates Earnings 💵,FENNIDICE,2026-04-06,2027-04-05,15.05%,5000.0,5000.0,41,800,false
[B0DCBPLP93],amzn1.campaign.1ZKYD2B4G4M7Q,Membrane Solutions 12L,Membrane Solutions,2026-04-08,2026-09-30,10.00%,5000.0,4885.04,0,800,false
"[B0BBTS4TYZ, B0BBVKHRHL, B0BBTQH1VZ, B0BBTTKFZQ, B0BBTS71T6, B09XZY3VGN, B0BBTSH7GH, B0BBTSL695, B0BMQ2KXDC, B0BBTPDVPZ, B0BBTR2C2G, B09Y15Z97R, B09Y17H93F, B0BBTQQ3QS, B0BBTT1V5J, B09Y31B511, B0BBTQT5XB, B0BBTSG9R3, B0BBTT1NRJ, B0BBTR7FQQ, B09Y1DWWL8, B0BBTSYZBV, B0BBTSF63L, B0BBTVTDKR, B0BBTVYD6D, B09Y1DTR3F, B0BBVNVDTJ, B0BBTT2T1R, B0BMPZF6DS, B0BBTVBDTT, B0BBTSYNSD, B0BBVK2RFM, B0BBTSTJ9G, B0BBTSZBPK, B0BBTTFK5M, B0BBTS9LGH, B0BBTTLMPV, B0BBTX2CZW, B0BBTSZBPF, B0BBTVTBY9, B0BBVJDZR3, B09Y1C1VBL, B0BBVL4GBY, B0BBTTQ9FB, B0BBTR6T8J]",amzn1.campaign.3B362PRY3NL4Z,扎染凉毯品牌促销 26-2,Topcee,2026-04-08,2026-12-31,11.00%,20000.0,20000.0,0,800,false
[B0FCM871ZT],amzn1.campaign.6EPWIOYJ7DS,4-7-50-9hao,WESSVAN IINTTERNATIONAIL,2026-04-09,2027-04-09,49.82%,10000.0,10000.0,21,800,false
"[B0FJLPGM55, B0FJLP5WF1, B0FJLQTT35, B0FJLNXNZV]",amzn1.campaign.2AFRF6SM7X5L7,Office Siren Glasses! Bestseller!!🔥🔥🔥ABL22513,SODQW,2026-04-08,2027-04-06,10.00%,999999.0,999999.0,21,800,false
"[B0GM7HKP8Y, B0GFLX7D19, B0GM7Q6WCW, B0GFV4PP41, B0GM77YBM5, B0GMB92KJH, B0GM3N9BJH, B0GFV7KKFZ, B0GLHC3TNB, B0GQQB9V8N, B0GFV4TJHQ, B0GFL96YJ2, B0GFLV773H]",amzn1.campaign.233GPBCO33C39,Global Shop Partner | Every Item Generates Earnings 💵,FENNIDICE,2026-04-06,2027-04-05,15.04%,5000.0,5000.0,40,800,false
"[B0BRKBM261, B0BRKB7LQ5, B0DL583GRJ]",amzn1.campaign.1ZTD8BCJMZ508,2026.4.7 海岸风,HZ & HY,2026-04-08,2026-12-31,10.00%,5000.0,5000.0,19,800,false
[B0FCM871ZT],amzn1.campaign.2MJCORW0RGBDU,4-7-50-9hao,WESSVAN IINTTERNATIONAIL,2026-04-09,2027-04-09,49.81%,10000.0,10000.0,19,800,false
"[B0CYYYHSB8, B0FH24DFXJ, B0CNGQVR1M, B0CMTPKH35, B0CNGR5K22, B0GK5NQT5K, B0CQJ7Q1DR, B0D7C62XW8, B0CXWJ75GH, B0CCTBLR52, B0FH23G26Q, B0FH25C7NJ, B0FH25WV1L, B0CYZL7XLC, B0CYZP8CKK, B0FH252BWQ, B0CC4D2HKV, B0CYZMXPS2, B0BZGN7D1L, B0D7C4SKK9, B0CYZBFWZL, B0CNGRQF5R, B0C3LDW52X, B0D7C5L23L]",amzn1.campaign.102QDETNHIO7W,african net sponge,RIUOTA,2026-04-08,2027-03-05,10.00%,10000.0,10000.0,21,800,false
"[B0GM7HKP8Y, B0GFLX7D19, B0GM7Q6WCW, B0GFV4PP41, B0GM77YBM5, B0GMB92KJH, B0GM3N9BJH, B0GFV7KKFZ, B0GLHC3TNB, B0GQQB9V8N, B0GFV4TJHQ, B0GFL96YJ2, B0GFLV773H]",amzn1.campaign.1QBYCLO4N3NY5,Global Shop Partner | Every Item Generates Earnings 💵,FENNIDICE,2026-04-06,2027-04-05,15.03%,5000.0,5000.0,41,800,false
"[B0CYYYHSB8, B0FH24DFXJ, B0CNGQVR1M, B0CMTPKH35, B0CNGR5K22, B0GK5NQT5K, B0CQJ7Q1DR, B0D7C62XW8, B0CXWJ75GH, B0CCTBLR52, B0FH23G26Q, B0FH25C7NJ, B0FH25WV1L, B0CYZL7XLC, B0CYZP8CKK, B0FH252BWQ, B0CC4D2HKV, B0CYZMXPS2, B0BZGN7D1L, B0D7C4SKK9, B0CYZBFWZL, B0CNGRQF5R, B0C3LDW52X, B0D7C5L23L]",amzn1.campaign.Q2PGF6CSG549,african net sponge,RIUOTA,2026-04-08,2027-03-04,10.00%,10000.0,10000.0,34,800,false
[B0FCM871ZT],amzn1.campaign.2ZIM5BXU7VKO7,4-7-50-9hao,WESSVAN IINTTERNATIONAIL,2026-04-09,2027-04-09,49.89%,10000.0,10000.0,16,800,false
"[B0BBTS4TYZ, B0BBVKHRHL, B0BBTQH1VZ, B0BBTTKFZQ, B0BBTS71T6, B09XZY3VGN, B0BBTSH7GH, B0BBTSL695, B0BMQ2KXDC, B0BBTPDVPZ, B0BBTR2C2G, B09Y15Z97R, B09Y17H93F, B0BBTQQ3QS, B0BBTT1V5J, B09Y31B511, B0BBTQT5XB, B0BBTSG9R3, B0BBTT1NRJ, B0BBTR7FQQ, B09Y1DWWL8, B0BBTSYZBV, B0BBTSF63L, B0BBTVTDKR, B0BBTVYD6D, B09Y1DTR3F, B0BBVNVDTJ, B0BBTT2T1R, B0BMPZF6DS, B0BBTVBDTT, B0BBTSYNSD, B0BBVK2RFM, B0BBTSTJ9G, B0BBTSZBPK, B0BBTTFK5M, B0BBTS9LGH, B0BBTTLMPV, B0BBTX2CZW, B0BBTSZBPF, B0BBTVTBY9, B0BBVJDZR3, B09Y1C1VBL, B0BBVL4GBY, B0BBTTQ9FB, B0BBTR6T8J]",amzn1.campaign.3RUDLSEN0HRKZ,扎染凉毯品牌促销 26-1,Topcee,2026-04-08,2026-12-31,10.00%,20000.0,20000.0,8,800,false
"[B0GM7HKP8Y, B0GFLX7D19, B0GM7Q6WCW, B0GFV4PP41, B0GM77YBM5, B0GMB92KJH, B0GM3N9BJH, B0GFV7KKFZ, B0GLHC3TNB, B0GQQB9V8N, B0GFV4TJHQ, B0GFL96YJ2, B0GFLV773H]",amzn1.campaign.3PTLNCHMO63UM,Global Shop Partner | Every Item Generates Earnings 💵,FENNIDICE,2026-04-06,2027-04-05,15.02%,5000.0,5000.0,44,800,false
"[B0CYYYHSB8, B0FH24DFXJ, B0CNGQVR1M, B0CMTPKH35, B0CNGR5K22, B0GK5NQT5K, B0CQJ7Q1DR, B0D7C62XW8, B0CXWJ75GH, B0CCTBLR52, B0FH23G26Q, B0FH25C7NJ, B0FH25WV1L, B0CYZL7XLC, B0CYZP8CKK, B0FH252BWQ, B0CC4D2HKV, B0CYZMXPS2, B0BZGN7D1L, B0D7C4SKK9, B0CYZBFWZL, B0CNGRQF5R, B0C3LDW52X, B0D7C5L23L]",amzn1.campaign.2UQIKXE4HMX4E,african net sponge,RIUOTA,2026-04-08,2027-03-03,10.00%,10000.0,10000.0,33,800,false
[B0FCM871ZT],amzn1.campaign.1XQ1U42O6NLNN,4-7-50-9hao,WESSVAN IINTTERNATIONAIL,2026-04-09,2027-04-09,49.79%,10000.0,10000.0,19,800,false
"[B0CC8LJ816, B0BPRR3T65, B0CC8R3DCS, B0CC8RS7K4, B0BPRRWQBP, B0BPRSDNNQ, B0BPRRJ17P, B0CC8SRKHF, B0BPRTGXFF]",amzn1.campaign.25NWJF76OJ5NB,2026.4.7 提花,Blythease,2026-04-08,2026-12-31,10.00%,5000.0,5000.0,15,800,false
"[B0GM7HKP8Y, B0GFLX7D19, B0GM7Q6WCW, B0GFV4PP41, B0GM77YBM5, B0GMB92KJH, B0GM3N9BJH, B0GFV7KKFZ, B0GLHC3TNB, B0GQQB9V8N, B0GFV4TJHQ, B0GFL96YJ2, B0GFLV773H]",amzn1.campaign.16RC35OBLO8UE,Global Shop Partner | Every Item Generates Earnings 💵,FENNIDICE,2026-04-06,2027-04-05,15.01%,5000.0,5000.0,38,800,false
[B0FCM871ZT],amzn1.campaign.1170PZS78XFLV,4-7-50-9hao,WESSVAN IINTTERNATIONAIL,2026-04-09,2027-04-09,49.78%,10000.0,10000.0,19,800,false
"[B0CYYYHSB8, B0FH24DFXJ, B0CNGQVR1M, B0CMTPKH35, B0CNGR5K22, B0GK5NQT5K, B0CQJ7Q1DR, B0D7C62XW8, B0CXWJ75GH, B0CCTBLR52, B0FH23G26Q, B0FH25C7NJ, B0FH25WV1L, B0CYZL7XLC, B0CYZP8CKK, B0FH252BWQ, B0CC4D2HKV, B0CYZMXPS2, B0BZGN7D1L, B0D7C4SKK9, B0CYZBFWZL, B0CNGRQF5R, B0C3LDW52X, B0D7C5L23L]",amzn1.campaign.2PSO24HBUXP2,african net sponge,RIUOTA,2026-04-08,2027-03-02,10.00%,10000.0,10000.0,30,800,false
"[B0GM7HKP8Y, B0GFLX7D19, B0GM7Q6WCW, B0GFV4PP41, B0GM77YBM5, B0GMB92KJH, B0GM3N9BJH, B0GFV7KKFZ, B0GLHC3TNB, B0GQQB9V8N, B0GFV4TJHQ, B0GFL96YJ2, B0GFLV773H]",amzn1.campaign.2XTW9M3KUJVS6,Global Shop Partner | Every Item Generates Earnings 💵,FENNIDICE,2026-04-06,2027-04-05,15.00%,5000.0,5000.0,42,800,false
[B0FCM871ZT],amzn1.campaign.3NW8BV2Y7EMMX,4-7-50-9hao,WESSVAN IINTTERNATIONAIL,2026-04-09,2027-04-09,49.77%,10000.0,10000.0,22,800,false
[B0FCM871ZT],amzn1.campaign.2N6QNRS6N1PWH,4-7-50-9hao,WESSVAN IINTTERNATIONAIL,2026-04-09,2027-04-09,49.76%,10000.0,10000.0,19,800,false
[B0FCM871ZT],amzn1.campaign.P0LNC9RPS1B4,4-7-50-9hao,WESSVAN IINTTERNATIONAIL,2026-04-09,2027-04-09,49.75%,10000.0,10000.0,24,800,false
[B0FT1MW51D],amzn1.campaign.22IGOBBIJVTKM,Lemant Poke Root Salve | 25% Commission | Herbal Wellness & Relief,Lemant,2026-04-08,2026-12-31,25.00%,50000.0,49871.25,0,800,false
[B0FCM871ZT],amzn1.campaign.2PKSOU1ZBEQU6,4-7-50-9hao,WESSVAN IINTTERNATIONAIL,2026-04-09,2027-04-09,49.74%,10000.0,10000.0,21,800,false
[B0FCM871ZT],amzn1.campaign.1M3PSIUNVN53F,4-7-50-9hao,WESSVAN IINTTERNATIONAIL,2026-04-09,2027-04-09,49.73%,10000.0,10000.0,20,800,false
[B0FCM871ZT],amzn1.campaign.3QY8S5SGANI1B,4-7-50-9hao,WESSVAN IINTTERNATIONAIL,2026-04-09,2027-04-09,49.72%,10000.0,10000.0,22,800,false
[B0FCM871ZT],amzn1.campaign.14I8ZB3M915CW,4-7-50-9hao,WESSVAN IINTTERNATIONAIL,2026-04-09,2027-04-09,49.71%,10000.0,10000.0,20,800,false
[B0FCM871ZT],amzn1.campaign.3VQFZBD0GXWPJ,4-7-50-9hao,WESSVAN IINTTERNATIONAIL,2026-04-09,2027-04-09,49.70%,10000.0,10000.0,24,800,false
[B0DM548HTW],amzn1.campaign.1D0SZULKVL4LL,Bat and Cat Shaped  Kitchen Scissors gifts,RANGUOWEN,2026-04-08,2027-04-08,10.00%,5000.0,5000.0,9,800,false
"[B0BKJTTGZV, B0BZHX5VY7, B0BKJPBQMF, B0CZ6TRL82, B0BKKH49YR, B0BZHW1T4Z, B0BKKN7RQ6, B0BKKVMQX1, B0BKK4K1H2]",amzn1.campaign.D8F6WMF65ZRX,2026.4.7 超声波,Blythease,2026-04-08,2026-12-31,10.00%,5000.0,5000.0,23,800,false
[B0FCM871ZT],amzn1.campaign.2PBUOFCG0994J,4-7-50-9hao,WESSVAN IINTTERNATIONAIL,2026-04-09,2027-04-09,49.69%,10000.0,10000.0,23,800,false
[B0FCM871ZT],amzn1.campaign.WVATHLC284LI,4-7-50-9hao,WESSVAN IINTTERNATIONAIL,2026-04-09,2027-04-09,49.68%,10000.0,10000.0,27,800,false
"[B0GHRMQS5T, B0GHS42FKZ]",amzn1.campaign.KAOR16U8H7O3,15% - LEMEWEL Water Baseball Glove & Ball Set,LEMEWEL,2026-04-10,2027-04-10,15.00%,5000.0,5000.0,22,800,false
[B0FCM871ZT],amzn1.campaign.I6PYWF6VV2N9,4-7-50-9hao,WESSVAN IINTTERNATIONAIL,2026-04-09,2027-04-09,49.67%,10000.0,10000.0,25,800,false
"[B0GHRMQS5T, B0GHS42FKZ]",amzn1.campaign.R3IC864RYXYF,15% - LEMEWEL Water Baseball Glove & Ball Set,LEMEWEL,2026-04-09,2027-04-09,15.00%,5000.0,5000.0,30,800,false
"[B078RKMKTQ, B078RKN4H1, B078RKYBVB, B078RDRBLQ, B078RKDCB4, B078RLRXCR, B078RL4QP7, B078RK8Y42, B078RKDSB9, B078RKJHJQ]",amzn1.campaign.2UDZNQZ9T17G6,🍸Cocktail Ready: Metal Strap for Apple Watch 41/40/38mm – U191U,U191U,2026-04-08,2027-04-03,10.00%,5000.0,5000.0,17,800,false
[B0FCM871ZT],amzn1.campaign.35Y3DSL5J9RQD,4-7-50-9hao,WESSVAN IINTTERNATIONAIL,2026-04-09,2027-04-09,49.66%,10000.0,10000.0,24,800,false
"[B0GHRMQS5T, B0GHS42FKZ]",amzn1.campaign.2F7F50VAPC9I6,15% - LEMEWEL Water Baseball Glove & Ball Set,LEMEWEL,2026-04-08,2027-04-08,15.00%,5000.0,4989.85,25,800,false
"[B078RKMKTQ, B078RKN4H1, B078RKYBVB, B078RDRBLQ, B078RKDCB4, B078RLRXCR, B078RL4QP7, B078RK8Y42, B078RKDSB9, B078RKJHJQ]",amzn1.campaign.2XN7A14BVWATP,"🔩304 Steel Metal Band for Apple Watch 42/41/40mm – No Rust, No Regret",U191U,2026-04-08,2027-04-04,10.00%,5000.0,5000.0,20,800,false
[B0FCM871ZT],amzn1.campaign.2MO7Z1Z1BTO3H,4-7-50-9hao,WESSVAN IINTTERNATIONAIL,2026-04-09,2027-04-09,49.65%,10000.0,10000.0,24,800,false
"[B0DJVHQ3QH, B0DJVGM57F, B0DJVH7YJR, B0BB2Y24P1, B0BB24Q3TY, B0CZ6RMPRH]",amzn1.campaign.VOXJKRQHQ2U1,2026.4.7 变形虫,Blythease,2026-04-08,2026-12-31,10.00%,5000.0,4987.28,16,800,false
[B0BZHMG45M],amzn1.campaign.2P3NBOR9VVPIG,Bat Style 2-in-1 Car  Phone Holder,RANGUOWEN,2026-04-08,2027-04-08,10.00%,5000.0,4996.8,13,800,false
"[B078RKMKTQ, B078RKN4H1, B078RKYBVB, B078RDRBLQ, B078RKDCB4, B078RLRXCR, B078RL4QP7, B078RK8Y42, B078RKDSB9, B078RKJHJQ]",amzn1.campaign.1J3JRHS2ZZ0LH,💍His & Hers: Silver/Gold Metal Band for Apple Watch 41/40/38mm,U191U,2026-04-08,2027-04-05,10.00%,5000.0,5000.0,17,800,false
[B0FCM871ZT],amzn1.campaign.21U6ZXUNN3Q6L,4-7-50-9hao,WESSVAN IINTTERNATIONAIL,2026-04-09,2027-04-09,49.64%,10000.0,10000.0,22,800,false
[B0GK19F8RB],amzn1.campaign.3KZWBFJ73IDE0,VENTION 13-in-1 Laptop Docking Station 3 Monitors with Touchable Screen Display,VENTION,2026-04-08,2027-01-31,10.00%,9999.0,9999.0,0,800,false
"[B078RKMKTQ, B078RKN4H1, B078RKYBVB, B078RDRBLQ, B078RKDCB4, B078RLRXCR, B078RL4QP7, B078RK8Y42, B078RKDSB9, B078RKJHJQ]",amzn1.campaign.3IBMII9NEDSFH,🛠️Easy Resize: Metal Band for Apple Watch 42/41/40mm – Tool Included,U191U,2026-04-08,2027-04-06,10.00%,5000.0,5000.0,23,800,false
[B0FCM871ZT],amzn1.campaign.2DOW3LZTPJT5F,4-7-50-9hao,WESSVAN IINTTERNATIONAIL,2026-04-09,2027-04-09,49.63%,10000.0,10000.0,22,800,false
"[B078RKMKTQ, B078RKN4H1, B078RKYBVB, B078RDRBLQ, B078RKDCB4, B078RLRXCR, B078RL4QP7, B078RK8Y42, B078RKDSB9, B078RKJHJQ]",amzn1.campaign.1O6HGXYV4H4O7,⚠️Not for light-weight lovers – but U191U Metal Band 41/40/38mm,U191U,2026-04-08,2027-04-07,10.00%,5000.0,5000.0,19,800,false
[B0FCM871ZT],amzn1.campaign.2WO71RB8FJSOX,4-7-50-9hao,WESSVAN IINTTERNATIONAIL,2026-04-09,2027-04-09,49.62%,10000.0,10000.0,23,800,false
"[B0CHDS24TV, B0CHDSR7R1, B0CHDSB1HB, B0CHDRTQ64, B0CHDS31BL]",amzn1.campaign.20I2XOY5C553J,Your Campfire Deserves More Than Orange – HGD Magic Color Packets,HGD,2026-04-08,2026-11-01,10.03%,5000.0,4998.45,0,800,false
"[B078RKMKTQ, B078RKN4H1, B078RKYBVB, B078RDRBLQ, B078RKDCB4, B078RLRXCR, B078RL4QP7, B078RK8Y42, B078RKDSB9, B078RKJHJQ]",amzn1.campaign.3JY891FWTZADT,📅Metal Chain for Apple Watch 41/40/38mm – From Gym to Gala,U191U,2026-04-08,2027-04-08,10.00%,5000.0,5000.0,23,800,false
[B0FCM871ZT],amzn1.campaign.1ID345S7QHW4L,4-7-50-9hao,WESSVAN IINTTERNATIONAIL,2026-04-09,2027-04-09,49.61%,10000.0,10000.0,24,800,false
"[B078RKMKTQ, B078RKN4H1, B078RKYBVB, B078RDRBLQ, B078RKDCB4, B078RLRXCR, B078RL4QP7, B078RK8Y42, B078RKDSB9, B078RKJHJQ]",amzn1.campaign.CVHFO7SUZPMV,⭐⭐⭐⭐⭐ “Best Metal Strap for Apple Watch 42/41/40mm” – Real Buyer,U191U,2026-04-08,2027-03-19,10.00%,5000.0,5000.0,25,800,false
[B0FCM871ZT],amzn1.campaign.1E46RSYZ1K1YQ,4-7-50-9hao,WESSVAN IINTTERNATIONAIL,2026-04-09,2027-04-09,49.60%,10000.0,10000.0,23,800,false
"[B0F21K1PQ5, B0F21JSF71, B0F21LDWMH, B0F21K5R31]",amzn1.campaign.378ZS452EDHCL,Gladdon Small Women Elegant Satchel Handbags 35668-14%,Gladdon,2026-04-08,2027-04-08,14.00%,35668.0,35668.0,0,800,false
"[B0DYDNHQH7, B0B975R298, B0DYDP9VP3, B0CPF7FYBY, B0F9F62MJD, B0DYDNN33L, B0DYDMGCPC, B0DYDM199G]",amzn1.campaign.3TGQ8FEMLIVSX,【20% sales commission】3 Pcs Glasses Straps for Men Women & Kids,Enenfly,2026-04-13,2027-03-03,20.00%,100000.0,100000.0,8,800,false
[B0GGHY11WV],amzn1.campaign.1ET55GBIURRIA,Adding Glutathione to My Routine — Liposomal Drops for Energy & Glow,Nivltpure,2026-04-08,2027-04-08,20.00%,5000.0,4974.75,0,800,false
[B0FCM871ZT],amzn1.campaign.16CYCTIL4TZL7,4-7-50-9hao,WESSVAN IINTTERNATIONAIL,2026-04-09,2027-04-09,49.59%,10000.0,10000.0,22,800,false
"[B0DYDNHQH7, B0B975R298, B0DYDP9VP3, B0CPF7FYBY, B0F9F62MJD, B0DYDNN33L, B0DYDMGCPC, B0DYDM199G]",amzn1.campaign.1PF40E34V021R,【20% sales commission】3 Pcs Glasses Straps for Men Women & Kids,Enenfly,2026-04-12,2027-03-03,20.00%,100000.0,100000.0,12,800,false
"[B0DGLGMN2M, B0DGLG3SFR, B0DGLF9JW7, B0DGLG2BBM, B0DGLG4G6X, B0DGLG99XZ]",amzn1.campaign.3FVBENDP9QQHR,2026.4.7 植物,HZ & HY,2026-04-08,2026-12-31,10.00%,5000.0,5000.0,22,800,false
"[B078RKMKTQ, B078RKN4H1, B078RKYBVB, B078RDRBLQ, B078RKDCB4, B078RLRXCR, B078RL4QP7, B078RK8Y42, B078RKDSB9, B078RKJHJQ]",amzn1.campaign.1DI3626I6BO9R,🔥Metal Band for Apple Watch 41/40/38mm – Dressy & Tough,U191U,2026-04-08,2027-03-20,10.00%,5000.0,5000.0,17,800,false
"[B0DYDNHQH7, B0B975R298, B0DYDP9VP3, B0CPF7FYBY, B0F9F62MJD, B0DYDNN33L, B0DYDMGCPC, B0DYDM199G]",amzn1.campaign.3MXQ3078FWK6U,【20% sales commission】3 Pcs Glasses Straps for Men Women & Kids,Enenfly,2026-04-11,2027-03-03,20.00%,100000.0,100000.0,22,800,false
[B0GGHY11WV],amzn1.campaign.2DV4NFEZ3NUMS,7-in-1 Glutathione Drops — Antioxidant Support for Energy & Overall Wellness,Nivltpure,2026-04-08,2027-04-08,20.00%,5000.0,4974.4,0,800,false
"[B0BGH221S7, B0DJ2V7H7W, B0BRC1TLCX, B0CBLGG1ZH, B09SB7P2T4, B09SH2DGMX, B0BLK6FCYC, B0FPF34XT3, B0GVSTJKRK, B0CT34JGM9, B09QSM2PQ7, B0C3M3ZL1W, B09SDSFPZ4, B0DSLGYMSS, B0CSX91CXN, B0DYMP1K5S, B09QX472CF, B0DPMSY5J2, B0CSS1YT5P, B0BJ6FN9D9, B0CSSVWRKJ, B0C3LRG49H, B0C3LSJ458, B0DPMRQK9S, B0BGC42KBB, B0DSW7XQXY, B0BGBW5HDP, B0DPZWGYJP, B0CKR3WG8R, B0BRB2Y53Z, B09QYC5LX6, B0CNK4YH3Y, B0BGBH7NJM, B0CKL4FBQZ, B0CJMD4TJK, B0CSX849W6, B09S3LBYSQ, B0CT2T6B3D, B0BLK6P9HX, B0BGBGBWX4, B09S33F1LW, B0C3LS9R2D, B0CPDH4N3W, B0CQ2HBF7X, B0FHW9DWTY, B0BGBMBNR7, B0CJLRRZ5D, B0DPZV3LCX, B0BRBZVL83, B0CKLDX2DM, B0CSX85Q5W, B0CSX8K3ZK, B0GF1TKTYB, B0CSX8Q9CL, B0GF29WFXP, B0F1TLJ6Q9, B0BJ5TXDQP, B0BZDCCT8D, B0BZJ17WT5, B0CSRRQ5FY, B0DPSDTXS9, B0DK35W8R4, B08MBD2CPZ, B0C6T2Y1S4, B0CSX8XQKP, B0CQSBWY2J, B0GFT643WS, B0BGBDVBF7, B0CFY5XRB6, B0DPSFNF86, B0B4D97PQW, B0C3LZQXW4, B0CT31BLTJ, B0BGHS9229, B0BGHS698V, B0DJ2WT3KG, B0BLK5Z1VH, B0BHWF2JXK, B0CSX8JXCY, B0DP22WV4S, B0CSRT4418, B0CT341532, B0BGGLLJ1T, B0CQSXHPC2, B0BRBZXDYD, B0CSRQ8J39, B0DPMSK2JC, B0CSRVV9GL, B0GF1RJGKL, B0G588QG8N, B0BGGR6FHN, B0DSW86VVP, B0BLK6N3V2, B0CSRT7T71, B0CSRW4SST, B09SB7FKV9, B0CSS2TCCG, B09QS56S5D, B0CSRQHBTF, B0BGLC4G9L, B0BGBX775W, B0CS35G6P3, B0CKLHSL21, B0CT33BR8S, B0FX9B3HTV, B0BGGNWNF3, B0G48B7362, B0F6T16HM5, B0CS329L5J, B0CNK66ZS1, B0CFVBQKXL, B0CNK5FKQN, B0BLK48P79, B0CSX88RHD, B0CT2V5HLX, B0DSTRGPY1, B0BZKB7T5R, B0BHT2S8PZ, B0CKLK1G3G, B09QX5HBPS, B0F1TH9SV6, B0CKLF6G6R, B0CSX98FGR, B0CSRVLPB8, B0C3LZ361V, B0CSRMBM9P, B09SF4WWBJ, B0FXG1QM2S, B0CSX8QTV1, B0CKL23F5S, B09SB3V4J4, B0FNQ2TXT8, B0BR9WBMZM, B0CSX7LVT4, B0DSLCTYC4, B0BHZ444ZW, B0CR8FGL8W, B09S9YB2MV, B09WMGH7M8, B09SDWKYKX, B09SG6M87Y, B0BGGLJXYC, B0BHSX2V5J, B0CSS1FB43, B0BZKBM1LC, B0C3LQRRZY, B0BGGQQJZ3, B0CKKXNHBC, B0CSRVQQVZ, B0BGC35QK6, B0BLK6K6BT, B0BR8TXKZX, B0C3LQ5ZR4, B0CSX8F5GW, B0CSX97BB2, B0CSX97BB1, B0BGGV16RK, B0BZHYVWF4, B0CSX8T8D5, B0CSRRLX4M, B0DSTSXLBP, B0DRT9MZ3J, B0BP15TSMR, B0CSRWGWCW, B09SB3612F, B09SDG9WW3, B09S37H3S5, B0CSRNFQG8, B09QW5JTT5, B0BLK7GF76, B09QS5TGZ9, B0F3BZW24D, B0CS3CS9SY, B0CSRWV5XN, B09SF3HCF2, B0CKKNKRT7, B0CS3FBZSW, B0BZKC3GS1, B0FXFZZYRY, B09S9XRSJ8, B0BLK4QD95, B09QS9DXLJ, B0CTJPF1Y9, B0BHZ4FRSS, B0GF1L1J5B, B0BLK51TK1, B0CSX8YSG6, B0CT2YT6QD, B0GF262QXP, B0BRBZPS2F, B0DPMTNJP9, B0CFY8CSSC, B0CPDH7X3G, B09S5Z875P, B0DP22RK55, B0BGBRHTFS, B0BR9X7D89, B0DP44385N, B09QS63L77, B0BHWGPWYS, B0CSRQJN1Y, B0CSX8RWPV, B0DPMS4JZQ, B0CSX9QD53, B0CSX8G3ZT, B0CG8FNC1W, B0BHSYRZCB, B0C65M7P4L, B0CS66QKP6, B09SGYW3XC, B0BZKB3T4Q, B0CQPWZ2LR, B09QW2V3SM, B0CTJP4693, B0BGGLJL3Y, B0CRVHLS1F, B0CSX8YTF7, B09N41BPKG, B0BGBM221D, B0F6TBDB36, B0CSRYHWKP, B0D16RKYLM, B0C3M17JCC, B0BGBKH3ZJ, B0BLK4FS9J, B0BGBZTPNC, B0C65GVD3Q, B0CSRZ1XV5, B0DYMR1LZ8, B0DSM7ZBDD, B0BHWB4X5T, B0CKLJK4C3, B0BMWTRM8Q, B0FHWHHWVS, B0BGGPJD2R, B0CR8FVKM8, B0CSX962QL, B0BGC1SJ8P, B0G4FMKY1C, B0CQ2LZ8BF, B0CRVJ58JF, B0GF1YVLTB, B0CJBYP71B, B0BZHY7J59, B0CKLGR94L, B0CSRQ75GX, B0FX9GHL7X, B0BJ6HFD2R, B0BRB76JQY, B09S5WSPFQ, B0DSM8BJLN, B0BLK68X6R, B0BGBSF7DG, B09QVDF9G7, B0CKLB3BKN, B0BGBKVSHS, B0BXDRQ5MR, B09QSHCVPM, B0BGXPCPGX, B0CSX88ZPV, B0BGGNF4KK, B0DSW6WHHB, B0BNZQW7NP, B0BLK5FW6Q, B0CSRQ5KW3, B0CSX8CMF4, B09WMGGDQD, B0CPDJ3CMY, B0G4TRG88M, B09S5Z5ZXG, B0CS39GKJ1, B09QSLHRC9, B0CSRXXKWK, B0BGCT14HH, B0CSX95WFT, B0CKLKC9ZS, B0CB7HV3MF, B0DPMSFL3S, B0CSX9912V, B09SF3YQ96, B0CSRXQBG5, B09SDB42RG, B0CSRXQBFY, B09S5ZWNLR, B0CSRZ5K2X, B09SDRWKS9, B0BZHZQJ7N, B0CSRQQKRL, B0CSRSP19F, B0CT3347XS, B0BR93JTF8, B0BQ1NHG9G, B0CS6BMT21, B0BZJ2W9RL, B0CS3479VB, B0BQ19C471, B0BQB8312M, B0BGBN87ZK, B09WMHQ3W3, B09S328GTK, B0BP1PF9KL, B09SHBK46T, B0CSX8W271, B09QX8FYTH, B0CSX8HTFR, B0BZK8PGTS, B0DYMVMGG2, B0BGCZK5CS, B0BGBSLWN4, B0FPF2L58T, B0BR9NMRZ5, B0C3LZTL11, B09QSBCDDH, B09QS5BS74]",amzn1.campaign.1YQM0AY7Q8FDY,Tesla,Qiosreui,2026-04-08,2026-09-30,10.00%,5000.0,4936.1,3,800,false
[B0FCM871ZT],amzn1.campaign.1JN0YANLHOEXU,4-7-50-9hao,WESSVAN IINTTERNATIONAIL,2026-04-09,2027-04-09,49.58%,10000.0,10000.0,24,800,false
"[B0DYDNHQH7, B0B975R298, B0DYDP9VP3, B0CPF7FYBY, B0F9F62MJD, B0DYDNN33L, B0DYDMGCPC, B0DYDM199G]",amzn1.campaign.SWHKS2LW418D,【20% sales commission】3 Pcs Glasses Straps for Men Women & Kids,Enenfly,2026-04-10,2027-03-03,20.00%,100000.0,100000.0,23,800,false
[B0FPX44WCG],amzn1.campaign.1YCT2YJEC1JI1,Synido Live100,Synido,2026-04-08,2026-12-31,10.00%,5000.0,5000.0,22,800,false
"[B0FHKQPDCQ, B0D8V6H474, B0FHJ3Z8ZP, B0CQC5WX83, B0FGJZFGYN, B0D8VP3YNX, B0FGV95WL8]",amzn1.campaign.1XRBMALRLM7X7,Your Campsite Deserves More Than Just Warmth – HGD Tabletop Fire Pit,HGD,2026-04-08,2026-11-01,10.03%,5000.0,5000.0,0,800,false
[B0GFCTJLD9],amzn1.campaign.139WBS1C153BI,16A Raw Human Hair Bundles 18 20 22 24 Inch-20% Discount,COZHQAN,2026-04-08,2027-02-27,10.00%,999999.0,999984.0,0,800,false
"[B078RKMKTQ, B078RKN4H1, B078RKYBVB, B078RDRBLQ, B078RKDCB4, B078RLRXCR, B078RL4QP7, B078RK8Y42, B078RKDSB9, B078RKJHJQ]",amzn1.campaign.1SC1SIJ5IQ8DX,🎁Best Gift: Metal Strap for Apple Watch 42/41/40mm – U191U,U191U,2026-04-08,2027-03-21,10.00%,5000.0,5000.0,16,800,false
[B0GGHY11WV],amzn1.campaign.DNZKKFFUE9B2,Liposomal Glutathione for Daily Energy & Immune Support — My Wellness Routine,Nivltpure,2026-04-08,2027-04-08,20.00%,5000.0,4965.32,12,800,false
"[B0DYDNHQH7, B0B975R298, B0DYDP9VP3, B0CPF7FYBY, B0F9F62MJD, B0DYDNN33L, B0DYDMGCPC, B0DYDM199G]",amzn1.campaign.289ANBRVERPS2,【20% sales commission】3 Pcs Glasses Straps for Men Women & Kids,Enenfly,2026-04-09,2027-03-03,20.00%,100000.0,100000.0,22,800,false
[B0FCM871ZT],amzn1.campaign.EI9J1WDN8MLM,4-7-50-9hao,WESSVAN IINTTERNATIONAIL,2026-04-09,2027-04-09,49.57%,10000.0,10000.0,28,800,false
"[B0DYDNHQH7, B0B975R298, B0DYDP9VP3, B0CPF7FYBY, B0F9F62MJD, B0DYDNN33L, B0DYDMGCPC, B0DYDM199G]",amzn1.campaign.3GPMOUKNOB8EW,【20% sales commission】3 Pcs Glasses Straps for Men Women & Kids,Enenfly,2026-04-08,2027-03-03,20.00%,100000.0,99978.5,20,800,false
"[B078RKMKTQ, B078RKN4H1, B078RKYBVB, B078RDRBLQ, B078RKDCB4, B078RLRXCR, B078RL4QP7, B078RK8Y42, B078RKDSB9, B078RKJHJQ]",amzn1.campaign.3LNHFEW5L0EA3,⌚Metal Band for Apple Watch 41/40/38mm – Office Upgrade,U191U,2026-04-08,2027-03-22,10.00%,5000.0,5000.0,23,800,false
[B0FCM871ZT],amzn1.campaign.1Q90LHGOJH1N7,4-7-50-9hao,WESSVAN IINTTERNATIONAIL,2026-04-09,2027-04-09,49.56%,10000.0,10000.0,26,800,false
[B0C3R381FC],amzn1.campaign.DN6D7LZLFLD,内窥镜C30-1-4,Daxiongmao,2026-04-08,2026-10-31,10.00%,10000.0,9976.45,8,800,false
[B0FCM871ZT],amzn1.campaign.1ND55HTODBIV,4-7-50-9hao,WESSVAN IINTTERNATIONAIL,2026-04-09,2027-04-09,49.55%,10000.0,10000.0,25,800,false
[B0C3R381FC],amzn1.campaign.1PJ6DKSDQTQSX,内窥镜C30-1-3,Daxiongmao,2026-04-08,2026-09-30,10.00%,10000.0,9740.25,9,800,false
[B0FCM871ZT],amzn1.campaign.38UCJDCJ5WVP6,4-7-50-9hao,WESSVAN IINTTERNATIONAIL,2026-04-09,2027-04-09,49.54%,10000.0,10000.0,26,800,false
[B0FCM871ZT],amzn1.campaign.HPFJWX5MG8IP,4-7-50-9hao,WESSVAN IINTTERNATIONAIL,2026-04-09,2027-04-09,49.53%,10000.0,10000.0,29,800,false
"[B0FGCNYRRZ, B0CR6G7GX4, B0FSL65DST, B0D7VJ99Z6, B0D7VJ56T8, B0CQ898S4B, B0D1C75G9L, B0D7VH28H5]",amzn1.campaign.101XUIOL2JZFR,Your Campfire Deserves a Faster Start – HGD Fire Starters,HGD,2026-04-08,2026-11-01,10.03%,5000.0,4997.72,0,800,false
"[B0FQTWWJN8, B0FQVBFWRL, B0FVF3QMNW, B0FVDV5RPG, B0BWDQ5VG8, B0FQNPJYBW, B0FQMLH857, B0FQS3M7K4, B0FQNQDNNY, B0F6SS58PQ, B0FVDS4BBZ, B0CJND59TH, B0FX4WM5LX, B0DBLMSDKD, B0G48FL7N6, B0FQNHG1RL, B0DYV5XCV1, B0FQV2TWB6, B0FVDY5M2R, B0FGQ46F3N, B0CWV15NZB, B0FQSTLX8C, B0FQMYL2D1, B0FQNKBF7K, B0FQTX1K39, B0CJ4MZWWV, B0FQJNPJWH, B0G46LHQCM, B0FQJD9JQF, B0FQNJ9W8T, B0FQTYK7F2, B0FQNJ2YF9, B0FQVB7LXR, B0BWDSFYQX, B0G43NCD2J, B0FQV7VZ9W, B0FQM9B96L, B0FQTV38ZW, B0FX4XHFC8, B0FQT9W3RQ, B0FQTF7K8L, B0FVDM3PHJ, B0FVF5T35H, B0FQP1747M, B0FQJMQ2G5, B0DBLP3CJ5, B0CXDR81DD, B0FQV45F3H, B0FG2TK446, B0FQNGLF8X, B0C9QBBQ8H, B0G52FBB6V, B0DQY7HB14, B0GQLBSNJM, B0FQNWJGSQ, B0GJSR93V8, B0FQV5CX7T, B0CN1856D5, B0FQNJ1WBR, B0CN17HGR7, B0FQV9WLWM]",amzn1.campaign.27DQ8K8VL8LLD,Fiat 500,Qiosreui,2026-04-08,2026-10-31,10.00%,5000.0,5000.0,13,800,false
[B0FCM871ZT],amzn1.campaign.SVPHMG78IC8J,4-7-50-9hao,WESSVAN IINTTERNATIONAIL,2026-04-09,2027-04-09,49.52%,10000.0,10000.0,29,800,false
[B0FCM871ZT],amzn1.campaign.2HZ5MKZJVGAB1,4-7-50-9hao,WESSVAN IINTTERNATIONAIL,2026-04-09,2027-04-09,49.51%,10000.0,10000.0,25,800,false
[B0GGHS3HHN],amzn1.campaign.13UOO0LZRKMFU,Feeling Lighter & More Balanced — Trying 30-in-1 Lymphatic Support Drops,Nivltpure,2026-04-08,2027-04-07,20.00%,5000.0,4998.0,0,800,false
[B0FCM871ZT],amzn1.campaign.219BNOE9ITU7,4-7-50-9hao,WESSVAN IINTTERNATIONAIL,2026-04-09,2027-04-09,49.50%,10000.0,10000.0,25,800,false
"[B0F1N1TS55, B0FB334FTX, B0DCZHJ4FH, B0B2W8VBQX, B0DCZGXF5B, B0FB36K6PS, B0FB34S254, B0F12QNPFL, B0FDFWM727, B0DHZGDCM4, B0D8PJN5LG, B0D8P3L6DF, B0D3V559LX, B0DCZHNWTN, B07W7PS8R7, B0FB343CY4, B0DCZJLTWQ, B0FB32V12L, B0DCZK2FDT, B0FDFYYLWF, B0B2VZZQVG, B0DCZHYFDG, B0F8HRPR5F, B0FDFW5WCT, B0DCZH78MN, B0FDFVD6Y6, B0DCZL24LC, B0FDFTRRMR, B0DCZFR9NN, B0FB34KR77, B0FB374V47, B0FDFVMF38, B0FDFXL9QG, B0DHXL1B8L, B0FDFWGKC4, B0FDFZHCNJ, B0FB37G8D7, B0BN55BH4Z, B0BQ65JVP1, B0FB332QNP, B0FB36KX39, B0BN56L4H7, B0FLD8KCNT, B0DCZHGBBF]",amzn1.campaign.VKT0CY1245H6,🔥FLEXISPOT Lazy Day Setup Upgrade (Up to 30% Off),FLEXISPOT,2026-04-14,2026-09-30,10.00%,10000.0,10000.0,0,800,false
"[B0B8SBW5RL, B0CZ6WMYM1, B0BZHPSGLB, B0B1DK7HNZ, B0DJVHGSPN, B0CZ74RBFL, B0B1DLCKMT, B0B1DK1NQZ, B0DJVGDSFF]",amzn1.campaign.31U1I1HHID4L2,2026.4.7 超声波,HZ & HY,2026-04-08,2026-12-31,10.00%,5000.0,5000.0,17,800,false
"[B0FFLPG4ZZ, B0FFM1T5GY]",amzn1.campaign.34EQSWWLGWBV7,Gladdon Large Nylon Bag for Women Travel 34939-14%,Gladdon,2026-04-08,2027-04-08,14.00%,34939.0,34939.0,0,800,false
[B0GJ6FYJ8K],amzn1.campaign.2P2ZWIGON0GTB,Refenlan 512pcs Rotary Tool Accessories Kit-2026/4/7,Refenlan,2026-04-08,2027-04-08,10.00%,5000.0,4990.68,8,800,false
[B0GGHS3HHN],amzn1.campaign.284OEY8IX5OV3,30-in-1 Herbal Wellness Drops — My Go-To for Immune & Lymphatic Support,Nivltpure,2026-04-08,2027-04-08,20.00%,5000.0,4987.84,0,800,false
"[B0GL81ZXPC, B0GTP1SLK3, B09NXM7F9Z, B0FXXNQ592, B0GL7WR2L5, B0FQ67LQ5M, B0GL2QWDJT, B0FQ6QZD5T, B0FL7ZZXXH, B09NX4Q6SW, B09NXRFJCL, B09NX399YM, B0FSLDCXB5, B0FL7X54QL, B0FL82PLBK, B0FL7VMV11, B0C2HLK47M, B0FQC9LXNC, B0GL7WWJT2, B0FL81BQ4C, B098QMKQZL, B0FL7VT378, B0FQ68TSCZ, B0FQCBHGM9, B0FSLBRCW3, B0FX5GN5ZT, B0FL7Y3V7C, B0FL7VPVJW, B0FL81WQD2, B097XLKVXW, B0FX5R4H2W, B0BRSHF23P, B0C2HM7CW4, B0FQC37FV8, B0GL85VD3Z, B08GCC96HV, B0FLQ9RGYN, B0FQ69B4HF, B0FXXPTWFS, B0FL8121K1, B0FXXQ4DHN, B0C2HN549M, B0BRSHN7ZQ, B0FSQ3NJGR, B0FL83VZJL, B0FL82SZFV, B0FL7Y4FVX, B0FXXMH62S, B0C2HL45PW, B0FL7WX2L8, B098QKXFXK, B0FQCBH3SD, B0FMXKP41W, B0FL7THGCQ, B09NXMQVNS, B08GCC8ZMS, B09NXB3LCG, B098QJZMJW, B0FXXRW1HD, B0FL7XSFP3, B098QK4D8T, B0FSLDXSDL, B0FXXSP2KD, B0FL83KSM5, B0FX5QGT3W, B0FX5MN46V, B0FQCMV9MC, B0FXXVBXMP, B0FXXVBBG1, B0FSQMG87T, B098QLL9KK, B0FQ69GRW5, B0FQ6CQS9H, B0FSLC4RJD]",amzn1.campaign.189AV2J6V3466,👎Cheap Cases vs. Pepkoo for iPad 9/8/7 & Air3 – No Contest,pepkoo,2026-04-08,2027-04-02,10.00%,5000.0,5000.0,22,800,false
[B0GGHS3HHN],amzn1.campaign.255KRK24XRUVL,Daily Wellness Support — 30-in-1 Herbal Drops for Lymphatic Balance & Immunity,Nivltpure,2026-04-08,2027-04-08,20.00%,5000.0,4801.45,1,800,false
"[B0GL81ZXPC, B0GTP1SLK3, B09NXM7F9Z, B0FXXNQ592, B0GL7WR2L5, B0FQ67LQ5M, B0GL2QWDJT, B0FQ6QZD5T, B0FL7ZZXXH, B09NX4Q6SW, B09NXRFJCL, B09NX399YM, B0FSLDCXB5, B0FL7X54QL, B0FL82PLBK, B0FL7VMV11, B0C2HLK47M, B0FQC9LXNC, B0GL7WWJT2, B0FL81BQ4C, B098QMKQZL, B0FL7VT378, B0FQ68TSCZ, B0FQCBHGM9, B0FSLBRCW3, B0FX5GN5ZT, B0FL7Y3V7C, B0FL7VPVJW, B0FL81WQD2, B097XLKVXW, B0FX5R4H2W, B0BRSHF23P, B0C2HM7CW4, B0FQC37FV8, B0GL85VD3Z, B08GCC96HV, B0FLQ9RGYN, B0FQ69B4HF, B0FXXPTWFS, B0FL8121K1, B0FXXQ4DHN, B0C2HN549M, B0BRSHN7ZQ, B0FSQ3NJGR, B0FL83VZJL, B0FL82SZFV, B0FL7Y4FVX, B0FXXMH62S, B0C2HL45PW, B0FL7WX2L8, B098QKXFXK, B0FQCBH3SD, B0FMXKP41W, B0FL7THGCQ, B09NXMQVNS, B08GCC8ZMS, B09NXB3LCG, B098QJZMJW, B0FXXRW1HD, B0FL7XSFP3, B098QK4D8T, B0FSLDXSDL, B0FXXSP2KD, B0FL83KSM5, B0FX5QGT3W, B0FX5MN46V, B0FQCMV9MC, B0FXXVBXMP, B0FXXVBBG1, B0FSQMG87T, B098QLL9KK, B0FQ69GRW5, B0FQ6CQS9H, B0FSLC4RJD]",amzn1.campaign.2688GNVOH8K0B,😱Oops! Then Pepkoo Saved My iPad 9/8/7 & Air3 – Phew!,pepkoo,2026-04-08,2027-04-03,10.00%,5000.0,5000.0,29,800,false
"[B0GL81ZXPC, B0GTP1SLK3, B09NXM7F9Z, B0FXXNQ592, B0GL7WR2L5, B0FQ67LQ5M, B0GL2QWDJT, B0FQ6QZD5T, B0FL7ZZXXH, B09NX4Q6SW, B09NXRFJCL, B09NX399YM, B0FSLDCXB5, B0FL7X54QL, B0FL82PLBK, B0FL7VMV11, B0C2HLK47M, B0FQC9LXNC, B0GL7WWJT2, B0FL81BQ4C, B098QMKQZL, B0FL7VT378, B0FQ68TSCZ, B0FQCBHGM9, B0FSLBRCW3, B0FX5GN5ZT, B0FL7Y3V7C, B0FL7VPVJW, B0FL81WQD2, B097XLKVXW, B0FX5R4H2W, B0BRSHF23P, B0C2HM7CW4, B0FQC37FV8, B0GL85VD3Z, B08GCC96HV, B0FLQ9RGYN, B0FQ69B4HF, B0FXXPTWFS, B0FL8121K1, B0FXXQ4DHN, B0C2HN549M, B0BRSHN7ZQ, B0FSQ3NJGR, B0FL83VZJL, B0FL82SZFV, B0FL7Y4FVX, B0FXXMH62S, B0C2HL45PW, B0FL7WX2L8, B098QKXFXK, B0FQCBH3SD, B0FMXKP41W, B0FL7THGCQ, B09NXMQVNS, B08GCC8ZMS, B09NXB3LCG, B098QJZMJW, B0FXXRW1HD, B0FL7XSFP3, B098QK4D8T, B0FSLDXSDL, B0FXXSP2KD, B0FL83KSM5, B0FX5QGT3W, B0FX5MN46V, B0FQCMV9MC, B0FXXVBXMP, B0FXXVBBG1, B0FSQMG87T, B098QLL9KK, B0FQ69GRW5, B0FQ6CQS9H, B0FSLC4RJD]",amzn1.campaign.23LSAHSZ8KW7A,🚀Tough & Safe: Pepkoo iPad 9/8/7 & Air3 Case – Buy It,pepkoo,2026-04-08,2027-04-04,10.00%,5000.0,5000.0,28,800,false
[B0GQ6RYKKC],amzn1.campaign.16HURLIYUGETG,Gladdon Small Trendy Top-Handle Shoulder Handbags 35354-14%,Gladdon,2026-04-08,2027-04-08,14.00%,35354.0,35354.0,0,800,false
"[B0GCWT84TY, B0GCXCYG3K, B0GCX9545N, B0GCXGC6WQ, B0GCX12584]",amzn1.campaign.2073X0YTNMZTP,"Real 4.8 VINE reviews, no fake ratings. 20% commission",KAKAMAY,2026-04-08,2026-12-19,20.00%,5000.0,5000.0,5,800,false
"[B0GL81ZXPC, B0GTP1SLK3, B09NXM7F9Z, B0FXXNQ592, B0GL7WR2L5, B0FQ67LQ5M, B0GL2QWDJT, B0FQ6QZD5T, B0FL7ZZXXH, B09NX4Q6SW, B09NXRFJCL, B09NX399YM, B0FSLDCXB5, B0FL7X54QL, B0FL82PLBK, B0FL7VMV11, B0C2HLK47M, B0FQC9LXNC, B0GL7WWJT2, B0FL81BQ4C, B098QMKQZL, B0FL7VT378, B0FQ68TSCZ, B0FQCBHGM9, B0FSLBRCW3, B0FX5GN5ZT, B0FL7Y3V7C, B0FL7VPVJW, B0FL81WQD2, B097XLKVXW, B0FX5R4H2W, B0BRSHF23P, B0C2HM7CW4, B0FQC37FV8, B0GL85VD3Z, B08GCC96HV, B0FLQ9RGYN, B0FQ69B4HF, B0FXXPTWFS, B0FL8121K1, B0FXXQ4DHN, B0C2HN549M, B0BRSHN7ZQ, B0FSQ3NJGR, B0FL83VZJL, B0FL82SZFV, B0FL7Y4FVX, B0FXXMH62S, B0C2HL45PW, B0FL7WX2L8, B098QKXFXK, B0FQCBH3SD, B0FMXKP41W, B0FL7THGCQ, B09NXMQVNS, B08GCC8ZMS, B09NXB3LCG, B098QJZMJW, B0FXXRW1HD, B0FL7XSFP3, B098QK4D8T, B0FSLDXSDL, B0FXXSP2KD, B0FL83KSM5, B0FX5QGT3W, B0FX5MN46V, B0FQCMV9MC, B0FXXVBXMP, B0FXXVBBG1, B0FSQMG87T, B098QLL9KK, B0FQ69GRW5, B0FQ6CQS9H, B0FSLC4RJD]",amzn1.campaign.31XMV54CLU46,"📱Pepkoo Review: iPad 9/8/7 & Air3 – Dropped 10x, No Scratch!",pepkoo,2026-04-08,2027-04-05,10.00%,5000.0,5000.0,32,800,false
"[B0GC645Y1Z, B0GTZ4KLLL, B0GC542JLH, B0GC63576R, B0GC4PJ2B1, B0GC4SVMQW, B0GC5CHHS1, B0GC5R696B, B0GC4TVXDD, B0GC5PFKZV, B0GC5RMH4V, B0GVDZDKHH, B0GC5389JL, B0GC65ZQFN, B0GC553JBQ, B0GC5FP97G, B0GTQTG84G]",amzn1.campaign.267DPWBYDZML,Heyfanee 34HF Men's Linen Pants – Promote Now for 15% Commission,Heyfanee,2026-04-08,2026-10-01,15.00%,5000.0,4967.0,6,800,false
"[B0GL81ZXPC, B0GTP1SLK3, B09NXM7F9Z, B0FXXNQ592, B0GL7WR2L5, B0FQ67LQ5M, B0GL2QWDJT, B0FQ6QZD5T, B0FL7ZZXXH, B09NX4Q6SW, B09NXRFJCL, B09NX399YM, B0FSLDCXB5, B0FL7X54QL, B0FL82PLBK, B0FL7VMV11, B0C2HLK47M, B0FQC9LXNC, B0GL7WWJT2, B0FL81BQ4C, B098QMKQZL, B0FL7VT378, B0FQ68TSCZ, B0FQCBHGM9, B0FSLBRCW3, B0FX5GN5ZT, B0FL7Y3V7C, B0FL7VPVJW, B0FL81WQD2, B097XLKVXW, B0FX5R4H2W, B0BRSHF23P, B0C2HM7CW4, B0FQC37FV8, B0GL85VD3Z, B08GCC96HV, B0FLQ9RGYN, B0FQ69B4HF, B0FXXPTWFS, B0FL8121K1, B0FXXQ4DHN, B0C2HN549M, B0BRSHN7ZQ, B0FSQ3NJGR, B0FL83VZJL, B0FL82SZFV, B0FL7Y4FVX, B0FXXMH62S, B0C2HL45PW, B0FL7WX2L8, B098QKXFXK, B0FQCBH3SD, B0FMXKP41W, B0FL7THGCQ, B09NXMQVNS, B08GCC8ZMS, B09NXB3LCG, B098QJZMJW, B0FXXRW1HD, B0FL7XSFP3, B098QK4D8T, B0FSLDXSDL, B0FXXSP2KD, B0FL83KSM5, B0FX5QGT3W, B0FX5MN46V, B0FQCMV9MC, B0FXXVBXMP, B0FXXVBBG1, B0FSQMG87T, B098QLL9KK, B0FQ69GRW5, B0FQ6CQS9H, B0FSLC4RJD]",amzn1.campaign.20QJNXZG2H6JI,✨Stylish & Tough: Pepkoo Case for iPad 9/8/7 & Air3,pepkoo,2026-04-08,2027-04-06,10.00%,5000.0,5000.0,29,800,false
"[B0CNSQ92Y4, B0DR1HW2X8, B0D2NFK469, B0CNSRC3QB, B0CRR6RJPP, B0CNSQ7X6K, B0CRR75JY9, B0CNSQX2PP, B0CNSR9SGH, B0DR1NDKC4, B0CRR5PHGQ, B0CNSQJZ6K, B0DR1N9GPB, B0CNSS7MRT, B0CRR628GX, B0DR26YC6K, B0DR1N4QPB, B0CNSRLJBK, B0DR1WHFLN, B0CNSS4FB1, B0D2NFW9NB, B0D2NF85J5, B0CNSQSLX8, B0CNSRWLXZ, B0CNSQCVMB, B0D2NDVGLH, B0CNSQ831R, B0D2NDZN9G, B0CNSSGL5J, B0CNSRKSJH]",amzn1.campaign.2TD9GSY3STF1R,Super lightweight womens sun protection cardigan +15% commission,MAISON MISFITS 15,2026-04-13,2026-10-31,15.00%,5000.0,4914.24,0,800,false
"[B0GL81ZXPC, B0GTP1SLK3, B09NXM7F9Z, B0FXXNQ592, B0GL7WR2L5, B0FQ67LQ5M, B0GL2QWDJT, B0FQ6QZD5T, B0FL7ZZXXH, B09NX4Q6SW, B09NXRFJCL, B09NX399YM, B0FSLDCXB5, B0FL7X54QL, B0FL82PLBK, B0FL7VMV11, B0C2HLK47M, B0FQC9LXNC, B0GL7WWJT2, B0FL81BQ4C, B098QMKQZL, B0FL7VT378, B0FQ68TSCZ, B0FQCBHGM9, B0FSLBRCW3, B0FX5GN5ZT, B0FL7Y3V7C, B0FL7VPVJW, B0FL81WQD2, B097XLKVXW, B0FX5R4H2W, B0BRSHF23P, B0C2HM7CW4, B0FQC37FV8, B0GL85VD3Z, B08GCC96HV, B0FLQ9RGYN, B0FQ69B4HF, B0FXXPTWFS, B0FL8121K1, B0FXXQ4DHN, B0C2HN549M, B0BRSHN7ZQ, B0FSQ3NJGR, B0FL83VZJL, B0FL82SZFV, B0FL7Y4FVX, B0FXXMH62S, B0C2HL45PW, B0FL7WX2L8, B098QKXFXK, B0FQCBH3SD, B0FMXKP41W, B0FL7THGCQ, B09NXMQVNS, B08GCC8ZMS, B09NXB3LCG, B098QJZMJW, B0FXXRW1HD, B0FL7XSFP3, B098QK4D8T, B0FSLDXSDL, B0FXXSP2KD, B0FL83KSM5, B0FX5QGT3W, B0FX5MN46V, B0FQCMV9MC, B0FXXVBXMP, B0FXXVBBG1, B0FSQMG87T, B098QLL9KK, B0FQ69GRW5, B0FQ6CQS9H, B0FSLC4RJD]",amzn1.campaign.2XHLPK9KF92FE,❤️Pepkoo Safe Case for iPad 9/8/7 & Air3 – Peace of Mind,pepkoo,2026-04-08,2027-04-07,10.00%,5000.0,5000.0,28,800,false
"[B0F1N1TS55, B0FB334FTX, B0DCZHJ4FH, B0B2W8VBQX, B0DCZGXF5B, B0FB36K6PS, B0FB34S254, B0F12QNPFL, B0FDFWM727, B0DHZGDCM4, B0D8PJN5LG, B0D8P3L6DF, B0D3V559LX, B0DCZHNWTN, B07W7PS8R7, B0FB343CY4, B0DCZJLTWQ, B0FB32V12L, B0DCZK2FDT, B0FDFYYLWF, B0B2VZZQVG, B0DCZHYFDG, B0F8HRPR5F, B0FDFW5WCT, B0DCZH78MN, B0FDFVD6Y6, B0DCZL24LC, B0FDFTRRMR, B0DCZFR9NN, B0FB34KR77, B0FB374V47, B0FDFVMF38, B0FDFXL9QG, B0DHXL1B8L, B0FDFWGKC4, B0FDFZHCNJ, B0FB37G8D7, B0BN55BH4Z, B0BQ65JVP1, B0FB332QNP, B0FB36KX39, B0BN56L4H7, B0FLD8KCNT, B0DCZHGBBF]",amzn1.campaign.2RZKLZHU0VIEN,🔥Designed for Comfort & Care – FLEXISPOT Overbed Table (Up to 30% Off),FLEXISPOT,2026-04-12,2026-09-30,10.00%,10000.0,10000.0,0,800,false
"[B0B1DKH5WR, B0B1DFGHVB, B0B1DKFSXK, B0B1DHTW52, B0B1DJ4T4G]",amzn1.campaign.2PCFQA45UL09G,2026.4.7 提花,HZ & HY,2026-04-08,2026-12-31,10.00%,5000.0,5000.0,19,800,false
"[B0CYWHBM9T, B0CX8XQ76T, B0CX8ZYX7S, B0CYWMB2XY, B0CX8QSF2J, B0CX8HJYVJ, B0CX912C6V, B0CYWVCNN1, B0CYWQ3Z8B]",amzn1.campaign.U53ZF8P4MA1,F022 Croco/Alligator Leather Watch Band,Gomvadr,2026-04-08,2027-04-08,10.00%,5000.0,4999.56,6,800,false
"[B0GL81ZXPC, B0GTP1SLK3, B09NXM7F9Z, B0FXXNQ592, B0GL7WR2L5, B0FQ67LQ5M, B0GL2QWDJT, B0FQ6QZD5T, B0FL7ZZXXH, B09NX4Q6SW, B09NXRFJCL, B09NX399YM, B0FSLDCXB5, B0FL7X54QL, B0FL82PLBK, B0FL7VMV11, B0C2HLK47M, B0FQC9LXNC, B0GL7WWJT2, B0FL81BQ4C, B098QMKQZL, B0FL7VT378, B0FQ68TSCZ, B0FQCBHGM9, B0FSLBRCW3, B0FX5GN5ZT, B0FL7Y3V7C, B0FL7VPVJW, B0FL81WQD2, B097XLKVXW, B0FX5R4H2W, B0BRSHF23P, B0C2HM7CW4, B0FQC37FV8, B0GL85VD3Z, B08GCC96HV, B0FLQ9RGYN, B0FQ69B4HF, B0FXXPTWFS, B0FL8121K1, B0FXXQ4DHN, B0C2HN549M, B0BRSHN7ZQ, B0FSQ3NJGR, B0FL83VZJL, B0FL82SZFV, B0FL7Y4FVX, B0FXXMH62S, B0C2HL45PW, B0FL7WX2L8, B098QKXFXK, B0FQCBH3SD, B0FMXKP41W, B0FL7THGCQ, B09NXMQVNS, B08GCC8ZMS, B09NXB3LCG, B098QJZMJW, B0FXXRW1HD, B0FL7XSFP3, B098QK4D8T, B0FSLDXSDL, B0FXXSP2KD, B0FL83KSM5, B0FX5QGT3W, B0FX5MN46V, B0FQCMV9MC, B0FXXVBXMP, B0FXXVBBG1, B0FSQMG87T, B098QLL9KK, B0FQ69GRW5, B0FQ6CQS9H, B0FSLC4RJD]",amzn1.campaign.6B8DSMI5254W,🦸‍♂️Pepkoo Case for iPad 9/8/7 & Air3: Drop-Proof King! 👑,pepkoo,2026-04-08,2027-04-08,10.00%,5000.0,5000.0,32,800,false
"[B0F1N1TS55, B0FB334FTX, B0DCZHJ4FH, B0B2W8VBQX, B0DCZGXF5B, B0FB36K6PS, B0FB34S254, B0F12QNPFL, B0FDFWM727, B0DHZGDCM4, B0D8PJN5LG, B0D8P3L6DF, B0D3V559LX, B0DCZHNWTN, B07W7PS8R7, B0FB343CY4, B0DCZJLTWQ, B0FB32V12L, B0DCZK2FDT, B0FDFYYLWF, B0B2VZZQVG, B0DCZHYFDG, B0F8HRPR5F, B0FDFW5WCT, B0DCZH78MN, B0FDFVD6Y6, B0DCZL24LC, B0FDFTRRMR, B0DCZFR9NN, B0FB34KR77, B0FB374V47, B0FDFVMF38, B0FDFXL9QG, B0DHXL1B8L, B0FDFWGKC4, B0FDFZHCNJ, B0FB37G8D7, B0BN55BH4Z, B0BQ65JVP1, B0FB332QNP, B0FB36KX39, B0BN56L4H7, B0FLD8KCNT, B0DCZHGBBF]",amzn1.campaign.3EJ76P8X9V47D,🔥Dorm Setup Upgrade – FLEXISPOT Bedside Table (Up to 30% Off),FLEXISPOT,2026-04-10,2026-09-30,10.00%,10000.0,9991.43,0,800,false
"[B0GCWT84TY, B0GCXCYG3K, B0GCX9545N, B0GCXGC6WQ, B0GCX12584]",amzn1.campaign.21IOCZTURZ819,New Launch-20% High Commission-4.8 vine-real reviews.,KAKAMAY,2026-04-08,2026-12-18,20.00%,5000.0,5000.0,13,800,false
"[B09MHHKVTC, B0B1DLBKFL]",amzn1.campaign.34L9MHKVSJJCR,2026.4.7 生生不息,HZ & HY,2026-04-08,2026-12-31,10.00%,5000.0,5000.0,21,800,false
"[B0GCWT84TY, B0GCXCYG3K, B0GCX9545N, B0GCXGC6WQ, B0GCX12584]",amzn1.campaign.UGL0DFZ7KHQ4,4.8 VINE--New Launch Fabric storage bins-20% High Commission,KAKAMAY,2026-04-08,2026-12-17,20.00%,5000.0,5000.0,16,800,false
[B0BWX4SYMG],amzn1.campaign.1KV72XSTP7PKJ,"🛠️Earn 10% commission with Beseetop Heavy Duty Soil Probe Rod,1k Monthly Sales",Beseetop,2026-04-08,2026-12-31,10.00%,5000.0,4940.49,12,800,false
"[B09TT287WW, B0CJY49WTZ, B0GCJ6RLP4, B09Y8FV8XB, B0FVLX587F, B0G41R2JG4, B0C9QBPXJM, B0GDFFPK3W, B0GCZK46V8, B09VC68QSY, B09Y8DCBZC, B0DBLQ1WZS, B0GDCH9J5Y, B09Y8913Q8, B09TT4XJ7H, B0DQB3MS8B, B09Y83TFCZ, B09XMJ595S, B0DCVRDWYF, B0GCK52MSJ, B0GCR4V7FR, B0GDDWH24T, B09Y8FF7BV, B0F8TJXPMW, B0CJY78GWT, B09Y5PBVN2, B09Y8NC3WJ, B0G43KRYFP, B09Y8156VQ, B0DR41ZVB1, B0G41GC8CL, B0CN6427LS, B0F8T1YP9C, B0GCM9SVZW, B0GCZFXMCG, B0G43RJ1R9, B0GCL54HNT, B0GCLSLT12, B09Y8HZWBN, B0GDCTG8K1, B0F5MRGFLM, B09XM5TK46, B09TKTGRYY, B0CJY9FKJJ, B0GCDSJHLD, B0F24BLYY9, B0GD6VGY3S, B09Y5V8D7T, B0DQWSHHRK, B0GCDQRS3K, B0G58FZ6RQ, B09Y5VL4NG, B0CWTX6VN2, B0D3BZ3F16, B0GCK5FNHB, B0G43YXV2B, B0GCK213KK, B0GCRMTQKR, B0GCLR3YNX, B09XMGFN24, B0GQL3TV52, B0GCJ3QQJT, B0GCFJCJS2, B0BHYW6M6F, B0GCFJQDL5, B0DQXLP3K2, B09TZZTSD2, B0CXDS8TZG, B0CN152LCL, B09V126WR4, B0CQP98QDY, B0DR4DS2PQ, B0G43NT81B, B09TKLVXNH, B0G426Y7NG, B0GCMHPWNT, B09TR5GYL3, B0GCHHWL11, B09Y8P92D2, B09Y8BYNJY, B09Y5X8BK4, B0DR46D1YD, B0GCK4ZFMQ, B0GCHJ854C, B09TK7G81X, B0DR42NMTJ, B0G43T5PQZ, B0FVDBS635, B09TZQKBPS, B0CHMGVCB7, B0GCH3Z17J, B09TR27D6H, B0DQWQFY59, B0GCF7XSCW, B0DG2SBZ6T, B09TDVHC5B, B0GCNDFBQB, B0G48F6QZ4, B0G436L294, B0G439YYM7, B0GDDW971Y, B0GCJBTQQ2, B0G489XX8V, B0CN15LY65, B0G8YV2GKP, B0DQ9MXGN2, B09TKV9D6J, B0GCHGSH76, B0CJY97M3H, B0FVDYZWNS, B09TR4WM4Z, B0GCL9TN32, B09Y85RSWD, B09TP3TDX9, B0GCLWN6KQ, B0G43FGYJ5, B09TQZL588, B0BHYVVTBH, B0GCM2KL2B, B09TRBC1JF, B0DBLQP4SZ, B0BYZCCSN8, B0DCVS19V8, B0CJY68V8G, B0DR444K5L, B0GCS78QS8, B0F8T96HLJ, B0CMCWR7GZ, B0BYZH69KW, B0DR2M4FCR, B09VB4MGW9, B0FVDSR4C9, B0GCLTXC75, B09Y81VTHX, B0GDCTJ89H, B0GCHHQL5M, B0GCMZGVQN, B0G439QK7W, B0GCR5MC1R, B0DR4F9CXV, B09TKJ1LL5, B0C9Q87RSV, B09Y89FLLT, B0GD4X4NL9, B09VBWBTL3, B0GCDM6WPB, B0DR2L167H, B0GDF23YQW, B0GCHY62DF, B09VB6378W, B0GCRDJ119, B0CQP7H8RX, B0GFCZHDJP, B0CJ4MPHL5, B0GCDNQJXK, B0GCMCZN2J, B0DQ9KTJBK, B0GFCLFTS5, B0GCDJ4416, B0GDF28QSW, B09XMDFRVY, B09Y5W8LV9, B0DQXNPN9Y, B0GCM3Y8F2, B0CJY5KDYR, B0GDF2LW26, B0FVDG93TD, B0GD7637XB, B0G41JJJRW, B0DQW2K1DD, B0GCLV6BP4, B0GD67M7LH, B0GCHX26V3, B09Y88CZJY, B0BHYWXM6V, B0GDFJBW51, B09Y5P5PLS, B0GFCMRCPS, B0DQXRC6T5, B09XMKYZ5S, B0DR41XMJW, B09V7R87XY, B0CQP8CPT9, B0CJY3HJHQ, B09TQQ2Y86, B0BHZJHV72, B0DX165NFW, B0DR2MFFHL, B0GCDJDF6Q, B0DQ9MKVXF, B0GCSG4PG2, B0GCNMDT2G, B0CK21X95R, B0DCVSVXVZ, B0G43L12MB, B0DQWRW6YN, B0DR42C147, B09TZXVTRM, B09TQN85D8, B0GCLT2M6W, B0G425PFJG, B0GCHGJTZX, B0CJY6Z7HK, B0DR2FM3FG, B09Y5VQZQL, B09TH32S8P, B0DR4HC2TR, B09Y8B7F99, B0GCMSPK3S]",amzn1.campaign.RB243IHHOYYM,Madzda MX-5,Qiosreui,2026-04-08,2026-10-31,10.00%,5000.0,4988.45,10,800,false
"[B0BDDH9BFN, B09VS4SPH5, B09VRSN288, B09VRYRR61, B0B45HW931, B09VRRBH6Y, B09VRY2YF1, B09VN15GKF, B09VS9SDDF, B09VRQ2L13]",amzn1.campaign.2HQJWGIMHBVBE,创作者：human hair 3 bundles,WOWQUEEN,2026-04-08,2027-04-08,10.00%,200000.0,200000.0,1,800,false
[B0FQX4XHYS],amzn1.campaign.BWR26CWG4F58,Pilates Reformer Board Set - Portable Home Pilates Equipment for Women & Men,GZJ,2026-04-13,2027-03-11,20.00%,1000000.0,1000000.0,0,800,false
"[B0GCWT84TY, B0GCXCYG3K, B0GCX9545N, B0GCXGC6WQ, B0GCX12584]",amzn1.campaign.3S2BDDZ3JK5M0,New Launch Fabric cube bins-20% High Commission • 4.8 VINE,KAKAMAY,2026-04-08,2026-12-16,20.00%,5000.0,5000.0,23,800,false
[B0FQX4XHYS],amzn1.campaign.38D8HFIJSK3QY,Pilates Reformer Board Set - Portable Home Pilates Equipment for Women & Men,GZJ,2026-04-12,2027-03-11,20.00%,1000000.0,1000000.0,0,800,false
"[B0F1N1TS55, B0FB334FTX, B0DCZHJ4FH, B0B2W8VBQX, B0DCZGXF5B, B0FB36K6PS, B0FB34S254, B0F12QNPFL, B0FDFWM727, B0DHZGDCM4, B0D8PJN5LG, B0D8P3L6DF, B0D3V559LX, B0DCZHNWTN, B07W7PS8R7, B0FB343CY4, B0DCZJLTWQ, B0FB32V12L, B0DCZK2FDT, B0FDFYYLWF, B0B2VZZQVG, B0DCZHYFDG, B0F8HRPR5F, B0FDFW5WCT, B0DCZH78MN, B0FDFVD6Y6, B0DCZL24LC, B0FDFTRRMR, B0DCZFR9NN, B0FB34KR77, B0FB374V47, B0FDFVMF38, B0FDFXL9QG, B0DHXL1B8L, B0FDFWGKC4, B0FDFZHCNJ, B0FB37G8D7, B0BN55BH4Z, B0BQ65JVP1, B0FB332QNP, B0FB36KX39, B0BN56L4H7, B0FLD8KCNT, B0DCZHGBBF]",amzn1.campaign.3MSJXIC2YAWXA,🔥FLEXISPOT Adjustable Bedside Table – Work From Anywhere (Up to 30% Off),FLEXISPOT,2026-04-09,2026-09-30,10.00%,10000.0,10000.0,0,800,false
[B0FQX4XHYS],amzn1.campaign.2J8M2G6AMHLJC,Pilates Reformer Board Set - Portable Home Pilates Equipment for Women & Men,GZJ,2026-04-11,2027-03-11,20.00%,100000.0,100000.0,4,800,false
"[B09Y5MT7V1, B097MDC3D4, B0CV52GG9P, B0922NB7TL, B0922NR3NB, B0DJVH395C, B0DJVFVM2P, B0CV51SCFD]",amzn1.campaign.2SKGM7M59OGUH,2026.4.7 火腿花,HZ & HY,2026-04-08,2026-12-31,10.00%,5000.0,5000.0,16,800,false
[B0FQX4XHYS],amzn1.campaign.3FTEPV752FGXN,Pilates Reformer Board Set - Portable Home Pilates Equipment for Women & Men,GZJ,2026-04-10,2027-03-11,20.00%,100000.0,100000.0,6,800,false
"[B0GCWT84TY, B0GCXCYG3K, B0GCX9545N, B0GCXGC6WQ, B0GCX12584]",amzn1.campaign.3N9HXWFM4NBNT,20% High Commission • 4.8 VINE-New Launch,KAKAMAY,2026-04-08,2026-12-15,20.00%,5000.0,5000.0,18,800,false
[B0FQX4XHYS],amzn1.campaign.3L1691AVKHI3C,Pilates Reformer Board Set - Portable Home Pilates Equipment for Women & Men,GZJ,2026-04-09,2027-03-11,20.00%,1000000.0,1000000.0,4,800,false
[B0FQX4XHYS],amzn1.campaign.8I0Y0IR4VSXS,Pilates Reformer Board Set - Portable Home Pilates Equipment for Women & Men,GZJ,2026-04-08,2027-03-11,20.00%,100000.0,100000.0,8,800,false
"[B0GCWT84TY, B0GCXCYG3K, B0GCX9545N, B0GCXGC6WQ, B0GCX12584]",amzn1.campaign.5B1WPF5OWNCK,4.8 VINE-New Launch-20% High Commission • Earn more,KAKAMAY,2026-04-08,2026-12-14,20.00%,5000.0,5000.0,21,800,false
"[B0FR4V26GM, B0FR47B4L1, B0GS4NBKNR, B0GRV4GSZT, B0GH5Z5BW5, B0G11WBBJQ, B0FQBPZZLT, B0GRXM7B8F, B0G438CQVM, B0FR4788M1, B0FQBL8ZCM, B0GH641QKC, B0FQBNJHBD, B0GRV42Q1M, B0GRTQPGN3, B0GH672BRY, B0FQBNSZHX, B0FR4PZBP1, B0G11DY9CJ, B0FR4V76V4]",amzn1.campaign.3SZF85ODNYVKN,"Animal Hat with Moving Ears, Funny Gift for Kids",Deletoys,2026-04-08,2026-12-31,10.00%,5000.0,4996.25,1,800,false
"[B0GR8SXF31, B0GJL3VCFK, B0CJP34HKH, B0GJL36TRZ, B0FD9TF9XD, B0FD9TTYQR, B0GJLK2TTJ, B0GJ5VGDCK, B0F33NSC27, B0FD9TKHRZ, B0GJLG87PB, B0GJL6NDN5, B0GRL59BHD, B0FD9TZKXG, B0GJL9QJYR, B0GJL3Z1WK, B0GR8NSSN7, B0GJL6LZB9, B0GJL9X2W2, B0FD9W2MXC, B0GJL9MYJJ, B0GJLHBXHB, B0D8B8LCBC, B0GJL6TTC1, B0FSJJ7MLL, B0GHWTXGJX, B0CJP1XZ1Y, B0GJL39RJV, B0GJL61W12, B0GJL68DX2, B0GJKWP832, B0GJL6D2XP, B0FWXXRFV5, B0D8B8KYZL, B0FD9SHF4W, B0D8B9BCM8, B0GR93ZY52, B0FWXW61SY, B0GJL67VJF, B0FD9Y1C13, B0FD9SPMGJ, B0GRL1N5MJ, B0GJL6VFXB, B0GJLCV3P7, B0GRLB42C7, B0FD9VM23G, B0FD9X2Q9F, B0FWXW9X4X, B0GJL2ZC7P, B0D8BBXH9Y, B0DSK8S4H8, B0FD9S6RMM, B0GJLN3C6J, B0GRKQQ98M, B0GJL9Z25Q, B0FD9V6HK1, B0GRLNNXJ4, B0DB5HFQ24, B0FD9TXWTW, B0FD9TN5SS, B0GRL3MZJN, B0GR8T3P14, B0GJKRMPCV, B0GJLGRT71, B0DSKB53HX, B0GR95CY63, B0FD9VPZZ4, B0FD9VYCV9, B0GR94D9Z6, B0D8B11H6W, B0GJL7J67W, B0F338GXBW, B0D8BD6DX8, B0FD9VGYNW, B0FD9VM2XF, B0FD9WYPG1, B0DSHXX686]",amzn1.campaign.31DB1F1PXESIA,"✨ Sleep better, work happier ✨",DOERAYMI,2026-04-08,2027-04-04,10.00%,5000.0,5000.0,23,800,false
"[B0GR8SXF31, B0GJL3VCFK, B0CJP34HKH, B0GJL36TRZ, B0FD9TF9XD, B0FD9TTYQR, B0GJLK2TTJ, B0GJ5VGDCK, B0F33NSC27, B0FD9TKHRZ, B0GJLG87PB, B0GJL6NDN5, B0GRL59BHD, B0FD9TZKXG, B0GJL9QJYR, B0GJL3Z1WK, B0GR8NSSN7, B0GJL6LZB9, B0GJL9X2W2, B0FD9W2MXC, B0GJL9MYJJ, B0GJLHBXHB, B0D8B8LCBC, B0GJL6TTC1, B0FSJJ7MLL, B0GHWTXGJX, B0CJP1XZ1Y, B0GJL39RJV, B0GJL61W12, B0GJL68DX2, B0GJKWP832, B0GJL6D2XP, B0FWXXRFV5, B0D8B8KYZL, B0FD9SHF4W, B0D8B9BCM8, B0GR93ZY52, B0FWXW61SY, B0GJL67VJF, B0FD9Y1C13, B0FD9SPMGJ, B0GRL1N5MJ, B0GJL6VFXB, B0GJLCV3P7, B0GRLB42C7, B0FD9VM23G, B0FD9X2Q9F, B0FWXW9X4X, B0GJL2ZC7P, B0D8BBXH9Y, B0DSK8S4H8, B0FD9S6RMM, B0GJLN3C6J, B0GRKQQ98M, B0GJL9Z25Q, B0FD9V6HK1, B0GRLNNXJ4, B0DB5HFQ24, B0FD9TXWTW, B0FD9TN5SS, B0GRL3MZJN, B0GR8T3P14, B0GJKRMPCV, B0GJLGRT71, B0DSKB53HX, B0GR95CY63, B0FD9VPZZ4, B0FD9VYCV9, B0GR94D9Z6, B0D8B11H6W, B0GJL7J67W, B0F338GXBW, B0D8BD6DX8, B0FD9VGYNW, B0FD9VM2XF, B0FD9WYPG1, B0DSHXX686]",amzn1.campaign.3PCHLQE915AIJ,😫 Headaches from screens? Try this.,DOERAYMI,2026-04-08,2027-04-05,10.00%,5000.0,5000.0,29,800,false
"[B0GR8SXF31, B0GJL3VCFK, B0CJP34HKH, B0GJL36TRZ, B0FD9TF9XD, B0FD9TTYQR, B0GJLK2TTJ, B0GJ5VGDCK, B0F33NSC27, B0FD9TKHRZ, B0GJLG87PB, B0GJL6NDN5, B0GRL59BHD, B0FD9TZKXG, B0GJL9QJYR, B0GJL3Z1WK, B0GR8NSSN7, B0GJL6LZB9, B0GJL9X2W2, B0FD9W2MXC, B0GJL9MYJJ, B0GJLHBXHB, B0D8B8LCBC, B0GJL6TTC1, B0FSJJ7MLL, B0GHWTXGJX, B0CJP1XZ1Y, B0GJL39RJV, B0GJL61W12, B0GJL68DX2, B0GJKWP832, B0GJL6D2XP, B0FWXXRFV5, B0D8B8KYZL, B0FD9SHF4W, B0D8B9BCM8, B0GR93ZY52, B0FWXW61SY, B0GJL67VJF, B0FD9Y1C13, B0FD9SPMGJ, B0GRL1N5MJ, B0GJL6VFXB, B0GJLCV3P7, B0GRLB42C7, B0FD9VM23G, B0FD9X2Q9F, B0FWXW9X4X, B0GJL2ZC7P, B0D8BBXH9Y, B0DSK8S4H8, B0FD9S6RMM, B0GJLN3C6J, B0GRKQQ98M, B0GJL9Z25Q, B0FD9V6HK1, B0GRLNNXJ4, B0DB5HFQ24, B0FD9TXWTW, B0FD9TN5SS, B0GRL3MZJN, B0GR8T3P14, B0GJKRMPCV, B0GJLGRT71, B0DSKB53HX, B0GR95CY63, B0FD9VPZZ4, B0FD9VYCV9, B0GR94D9Z6, B0D8B11H6W, B0GJL7J67W, B0F338GXBW, B0D8BD6DX8, B0FD9VGYNW, B0FD9VM2XF, B0FD9WYPG1, B0DSHXX686]",amzn1.campaign.ZAAYVDIER2DX,🌸 Fashion + Eye Protection? Yes! 🌸,DOERAYMI,2026-04-08,2027-04-06,10.00%,5000.0,5000.0,30,800,false
"[B0GCWT84TY, B0GCXCYG3K, B0GCX9545N, B0GCXGC6WQ, B0GCX12584]",amzn1.campaign.1FDBR91CWN53T,20% High Commission • Earn more-4.8 VINE Score • Real reviews • No fakes,KAKAMAY,2026-04-08,2026-12-13,20.00%,5000.0,5000.0,12,800,false
"[B0GR8SXF31, B0GJL3VCFK, B0CJP34HKH, B0GJL36TRZ, B0FD9TF9XD, B0FD9TTYQR, B0GJLK2TTJ, B0GJ5VGDCK, B0F33NSC27, B0FD9TKHRZ, B0GJLG87PB, B0GJL6NDN5, B0GRL59BHD, B0FD9TZKXG, B0GJL9QJYR, B0GJL3Z1WK, B0GR8NSSN7, B0GJL6LZB9, B0GJL9X2W2, B0FD9W2MXC, B0GJL9MYJJ, B0GJLHBXHB, B0D8B8LCBC, B0GJL6TTC1, B0FSJJ7MLL, B0GHWTXGJX, B0CJP1XZ1Y, B0GJL39RJV, B0GJL61W12, B0GJL68DX2, B0GJKWP832, B0GJL6D2XP, B0FWXXRFV5, B0D8B8KYZL, B0FD9SHF4W, B0D8B9BCM8, B0GR93ZY52, B0FWXW61SY, B0GJL67VJF, B0FD9Y1C13, B0FD9SPMGJ, B0GRL1N5MJ, B0GJL6VFXB, B0GJLCV3P7, B0GRLB42C7, B0FD9VM23G, B0FD9X2Q9F, B0FWXW9X4X, B0GJL2ZC7P, B0D8BBXH9Y, B0DSK8S4H8, B0FD9S6RMM, B0GJLN3C6J, B0GRKQQ98M, B0GJL9Z25Q, B0FD9V6HK1, B0GRLNNXJ4, B0DB5HFQ24, B0FD9TXWTW, B0FD9TN5SS, B0GRL3MZJN, B0GR8T3P14, B0GJKRMPCV, B0GJLGRT71, B0DSKB53HX, B0GR95CY63, B0FD9VPZZ4, B0FD9VYCV9, B0GR94D9Z6, B0D8B11H6W, B0GJL7J67W, B0F338GXBW, B0D8BD6DX8, B0FD9VGYNW, B0FD9VM2XF, B0FD9WYPG1, B0DSHXX686]",amzn1.campaign.1AG2JREC51HHY,💜 No More Tired Eyes! 💜,DOERAYMI,2026-04-08,2027-04-07,10.00%,5000.0,5000.0,26,800,false
"[B0GR8SXF31, B0GJL3VCFK, B0CJP34HKH, B0GJL36TRZ, B0FD9TF9XD, B0FD9TTYQR, B0GJLK2TTJ, B0GJ5VGDCK, B0F33NSC27, B0FD9TKHRZ, B0GJLG87PB, B0GJL6NDN5, B0GRL59BHD, B0FD9TZKXG, B0GJL9QJYR, B0GJL3Z1WK, B0GR8NSSN7, B0GJL6LZB9, B0GJL9X2W2, B0FD9W2MXC, B0GJL9MYJJ, B0GJLHBXHB, B0D8B8LCBC, B0GJL6TTC1, B0FSJJ7MLL, B0GHWTXGJX, B0CJP1XZ1Y, B0GJL39RJV, B0GJL61W12, B0GJL68DX2, B0GJKWP832, B0GJL6D2XP, B0FWXXRFV5, B0D8B8KYZL, B0FD9SHF4W, B0D8B9BCM8, B0GR93ZY52, B0FWXW61SY, B0GJL67VJF, B0FD9Y1C13, B0FD9SPMGJ, B0GRL1N5MJ, B0GJL6VFXB, B0GJLCV3P7, B0GRLB42C7, B0FD9VM23G, B0FD9X2Q9F, B0FWXW9X4X, B0GJL2ZC7P, B0D8BBXH9Y, B0DSK8S4H8, B0FD9S6RMM, B0GJLN3C6J, B0GRKQQ98M, B0GJL9Z25Q, B0FD9V6HK1, B0GRLNNXJ4, B0DB5HFQ24, B0FD9TXWTW, B0FD9TN5SS, B0GRL3MZJN, B0GR8T3P14, B0GJKRMPCV, B0GJLGRT71, B0DSKB53HX, B0GR95CY63, B0FD9VPZZ4, B0FD9VYCV9, B0GR94D9Z6, B0D8B11H6W, B0GJL7J67W, B0F338GXBW, B0D8BD6DX8, B0FD9VGYNW, B0FD9VM2XF, B0FD9WYPG1, B0DSHXX686]",amzn1.campaign.X7TNUAL0NPT4,👩‍💻 Blue Light Glasses = Eye Saver! 💙,DOERAYMI,2026-04-08,2027-04-08,10.00%,5000.0,5000.0,26,800,false
"[B0C8NBWDGW, B0DFY3RLTM, B0DFSX2CPH, B0G6TDKFRP, B0G6DCT6HX, B0BYHH4BLH, B0BXKZWN7T, B0C42BHJXM, B0FZJ6SNX2, B0FZJ4WRJF, B0CC2B2T2C, B0G64NHX3T, B0G38BXGJG, B0BYCKTPJ1, B0CC4R31C9, B0CBMGKMLV, B0G6396Q6Z, B0CJF8KVJ7, B0DG2SKQ8C, B0CBK3J68D, B0BYCFPDH4, B0BYH38KV1, B0BYRT3GFH, B0CC26KSR6, B0C5D48HP3, B0CGN2ZGF3, B0G63B9GD5, B0D9K2TS4H, B0DX1XK83T, B0BYJFL6Y7, B0CBMPNQS4, B0C8N3FD9H, B0FQJ7136K, B0CGN1RV6M, B0CJ2YMSCM, B0CBP8K54M, B0G1SXPGQW, B0FX7ZC4QY, B0C8ND5RSQ, B0BYMPBW8M, B0BYJHNVZ7, B0BYMRB28R, B0CC2J5BG9, B0CBPXTMZT, B0BZRN63HW, B0CBMS9J2S, B0G5YM4C7D, B0CC29KM4M, B0BXL2S1FJ, B0DWJGQ7DD, B0BXL1MPJY, B0CC2765VS, B0C8N5LHXD, B0BYNPTKZK, B0CC2LMFVJ, B0G5MLH2PF, B0F18SCWB3, B0F82Y2QM9, B0CJ2XHW7F, B0G5YLS2WT, B0BXLBSVPD, B0CN16R828, B0G5X2XH26, B0BYJ3H1HC, B0DSTX3PVX, B0DYDDS4LT, B0CJ4NGYDK, B0FX8DQ851, B0CC26Y8X4, B0BYMJSRGX, B0CC2LZN7Q, B0C8MYFR62, B0CC2J5V4F, B0C425ZYC2, B0CBM53R37, B0BXL1RZ65, B0G5YCNKHJ, B0G5Y6TY9N, B0C42M2ZM6, B0G64HJQB2, B0CBK3XFV1, B0BY8WMLRJ, B0C3VW6CJT, B0G643KXXC, B0FMY8511B, B0FX4M9ZDT, B0G64DDQJ8, B0F835KJXZ, B0CHB3JPSR, B0CC2H4J7X, B0BYNSWWMC, B0G5Y2DG2J, B0BXKY3VHX, B0DSTSVVNQ, B0BYH6G7KM, B0BXL313N4, B0CBPN4445, B0G6SC9NLV, B0G6SMMXKY, B0F5B4T5J2, B0G633P4PS, B0FKMMMZ8P, B0CRR63KFF, B0C4H4TGS2, B0CGN1XB9B, B0BXLBDR97, B0G6SF5W5P, B0CSJRYWQK, B0CGZTRSJD, B0CC4PY5TN, B0BYDQM6Q2, B0DH1YBQM9, B0FQJ7SZZT, B0CC4CF7SL, B0CBPZFF9P, B0BXL6LJVS, B0BZ48HXRQ, B0C73G71DQ, B0DFTW7XJH, B0F18S2FNW, B0CC2GG7TC, B0DY776S7C, B0CC24XTH6, B0BYH8D67G, B0BYNXZXZP, B0G64HWLTF, B0FX983BS5, B0CC25HZG1, B0FZJ6YV1T, B0BYMV38KB, B0BYNYCRW6, B0C6567T59, B0G62QY98Y, B0CBVGFTQC, B0G5Y9HW25, B0DSTWMYBM, B0BYHLYY5F, B0C42G6H76, B0CC1VF9Z4, B0C9LT9WJ1, B0G6CYWTL7, B0BYJ3PKX6, B0CBJJFLFL, B0CC27Q2JX, B0G6DD1DHM, B0CBVGVZM7, B0C4H6DTJG, B0FGD2YBWD, B0BYH7R8N3, B0CC276JKB, B0BYJLRM2R, B0G64ZWYXP, B0CBPJQ2G6, B0C588LZJ7, B0CGZT54C3, B0G6S3LQ9V, B0CJX5HC38, B0CR3QZHMT, B0G639QD5P, B0CC264HHT, B0BZ49W9Z3, B0BYD3X5R1, B0D1VK3DCR, B0CH9ZZTN9, B0G6CR36K3, B0CBK3KQBQ, B0BXL8DY14, B0CC2KTY8D, B0DWJ8SJYV, B0G6SPM4KV, B0DX1Y1247, B0C586NTPB, B0CGN23Z68, B0BYJPXNXJ, B0CBK3HWWM, B0G5YPZ2GL, B0G6SXYCY9, B0CBM8HGC1, B0CNRJ27ZC, B0CC2HG5GD, B0C8N4NTNW, B0FHPTCF7J, B0C5SR6VPY, B0CBK3P37G, B0G6DJ86P6, B0G38CKFYG, B0C5QZZCBZ, B0CGZW27PY, B0BYNYWXZN, B0FPQ96BDT, B0CBMF8MG6, B0G64DFYV7, B0CBPYVHVT, B0BXL87FR1, B0CC2PND4K, B0CJX42TQP, B0BYJHZCVW, B0CN17H568, B0CHB1DTTR, B0CPHMYFCS, B0BYNWGXKG, B0G6DZWGL9, B0BYJNYF5V, B0BYHJLQP1, B0CBM3293T, B0BXKZNJX7, B0BYH87572, B0G5YZX2WW, B0BYRGW9YN, B0CBS4ZNY3, B0C8N7BFDV, B0CBPYNQZR, B0BXKTBJGR, B0BYJD83VF, B0C42NZ35M, B0C9QDL2Q8, B0BYJHQ2SZ, B0CC4M6HN3, B0CJ2Y6RGX, B0C8N5R8QB, B0FX9XTWR3, B0C42NZ35C, B0DSTVGVMH, B0CJWWPK51, B0DX1X1T74, B0C4H6Q6JZ, B0FQJ2LWS2, B0BXL14NNR, B0CHB1DQLV, B0C8NDWWSH, B0CBS5RN1G, B0G6SSBVT8, B0BZ41SMJ4, B0CJX824BQ, B0DSTWTN6L, B0CJ4M8Q1P, B0C4KTGBQT, B0BYHMHJTV, B0C589K8T4, B0BXKZRP8Y, B0FX8MR19X, B0FZJ4YZL4, B0BYH62T8L, B0CBPFFRSL, B0BYCH4V2R, B0G5XSJ9FL, B0BXL85PG5, B0C42JHQ9K, B0CB5ZRGXG, B0F835GX5X, B0CBLQX443, B0C5CZBHTH, B0BY8XP6FX, B0G5WMGKQJ, B0CC283X3D, B0CBLK9QCX, B0C42Z6SYQ, B0CJ2YBSRL, B0CJ2Z2QB2, B0BYMY3YB7, B0BYHBJL37, B0CGZSH7BP, B0C42C41VW, B0G64NCQDK, B0CBJHM5RL, B0CBJHM5RH, B0CXDQ33PG, B0CC2JKBX1, B0CHB1P5MF, B0CHB286ZZ, B0C4H5C53B, B0BY8W3P31, B0CGQTLQBC, B0BXL7F352, B0BYH9R4GC, B0BYHL5HXR, B0CC4QLY3L, B0BYMJVYWW, B0CBKFP5KQ, B0CR43DHJJ, B0BYH8DVLX, B0CC29MJZ4, B0DSTV1SKQ, B0GQKGRVR8, B0CC2DCZG1, B0CBPSXW7L, B0G6F1LPH6, B0G389LZYT, B0C1YFWHX4, B0G4W39MWV, B0CC246S89, B0BYR8W1F3, B0CKYG1DZS, B0C8N1LVT9, B0BYJDTKQY, B0FX4BP3TN, B0CC26Q5SZ, B0CC4GX375, B0CJX8LV66, B0C8N9ZFHY, B0BXKWZ7D1, B0CJWWP6J3, B0DYCY7MV9, B0FZ7WGFK9, B0CJFBT9P5, B0G58SRKZJ, B0C5R23RTD, B0C5D4QK7S, B0CC4JJV18, B0DXPG8YB4, B0G4R71KX2, B0G6RK6M8D, B0DFSVP8LM, B0FX4BKMV2, B0G6SCLGTP, B0G6SZKCY9, B0G5YCPXSP, B0BYH7YMWF, B0DX1R183Y, B0BYJHK4RD, B0CNRJCSTM, B0C1YGLH4V, B0BYMMJ2Z7, B0BYLZCZMQ, B0CBPYR1X6, B0CC4MB8BB, B0CJLFSG1S, B0D5472YPT, B0C42RRZTQ, B0C4KSKQVF, B0G5XY7RKJ, B0CC2H1TCD, B0G6JPZWS2, B0CC4JQR25, B0BXKVTXQ5, B0CC2K9W89, B0DQY46ZLW, B0FPFRY3YB, B0DX1VLD3X, B0BYH9YKCR, B0CBLMGFRT, B0BYNT95WV, B0CC2JRY2M, B0BYHCHZ75, B0CC4C2JG6, B0G6DC3G7M, B0BYCK2CGX, B0G6D9WZPP, B0BYJLF75X, B0CBKK1R6S, B0BYHK5KRL, B0CWTPX495, B0CJ2DNS3L, B0BXKYZ9XX, B0BXL7WJHJ, B0C69D3PSQ, B0CC1YK1MR, B0BZ7L1SLM, B0CJ2ZDWXC, B0C9T9XJ7C, B0BYJQ9JSH, B0C8N67K3R, B0BYHL9ZV5, B0CC1VPBWP, B0BYJJXD21, B0C58DS7H7, B0CCP4HHR8, B0BYRNTBSN, B0CBPY2FBV, B0CBMDKP97, B0G5Y39K1G, B0GQKMX2RC, B0BXKVND7V, B0G6RKSHTQ, B0BYJQBY52, B0BX3BB575, B0BYD6XY3Y, B0BYMFD3VK, B0BYHMXWX2, B0DDPJRV4L, B0F7XZR6MW, B0BZ463V4Y, B0CBP7D9FV, B0DFY63KC8, B0C1VPXNGL, B0F5B13S57, B0CC2HHRP5, B0BXKXPDXT, B0G62JDFBG, B0BXL67T3R, B0C73FBLHB, B0CC1W7BKR, B0G6K1RY7Q, B0CB5YFFG2, B0C9T8FJD1, B0CKYFBDHG, B0BYNPYPZW, B0G1SY8VC2, B0BYH8MK3Q, B0BYHD7XVK, B0DBLJKDRM, B0DQPL1P59, B0G5YXFB63, B0BXL3J2MS, B0C4H5Y3V9, B0CBJV5BY9, B0G6RFNHKD, B0G6RW2MDM, B0CC2KQMZV, B0CBPMPY1D, B0BXL73912, B0G4R7LG3X, B0FZ894D8K, B0BXKZ5RKB, B0G6RW3G5L, B0F5B1NL66, B0BYMZT8M9, B0G6RSK56W, B0CC262NGL, B0C8N5S3SG, B0BYJPJQWP, B0BYJNR9H4, B0C424P1GH, B0CC4PXQQW, B0DP6ZV5Q6, B0G5WXCWF7, B0BYMS7YSD, B0BXL35GW5, B0C58BC355, B0CBPXG7MZ, B0BYJNQKMY, B0BXL6FVKK, B0BZ7L76MN, B0DYD52XQK, B0DX1PYD61, B0BXL1K7GP, B0C42JC4CX, B0G6DFBG2Q, B0G5MND8FM, B0G6T9K4T2, B0BXL13J34, B0CC26V9T6, B0CC4PRXT3, B0G6S865KS, B0G64GYZB2, B0C73FZ89T, B0CC2FZ5XK, B0CVX23XPD, B0FZJBPR3F, B0BYHF2NZK, B0G5YZ666J, B0C8N992QK, B0C8N78V1T, B0CBLMPHSY, B0CC2JVNCS, B0BYRQBN41, B0DFTBH7CG, B0CJ2ZBGCT, B0G4W154FV, B0DX1K44MG, B0FX933NP7, B0C9LTDJD1, B0CC2JZKRS, B0CBJH9BBS, B0D546D7MJ, B0BXL4MJ1W, B0CBPMLF4H, B0BXL1MMRY, B0CJ2YDQMY, B0CC4RB3FL, B0CC1WKTWF, B0FX8BXTWR, B0BXKT2R6H, B0BYMH59P4, B0FHPJWTL4, B0FX4GR6JR, B0CJXJYQW3, B0BYCFVG7J, B0CB5YY5JK, B0CB5XTTVD, B0CBKHXMHR, B0BXKYZC2W, B0C8N8MWYD, B0DX1XZJWR, B0CCP2MH2F, B0CBPMG7DV, B0BYDRNYL9, B0BYH67RV2, B0CC2LFY2G, B0CC2N3ZVQ, B0G6S5PDNW, B0BYJCL9PV, B0F82LQHLN, B0CJ2X4MRG, B0CC4HDR6S, B0FX98LN8S, B0CC2D28QW, B0G6398C3B, B0BYRLJSS3, B0FYWHQ6BP, B0BYHPDZZQ, B0C42CCCBT, B0BXL5XZXM, B0CC4SD8L2, B0C5H962KX, B0CBJH75ML, B0C8N5YXM4, B0FZ8HHC6D, B0G64Q715F, B0BYNTC417, B0G654HF39, B0C8N8SYJT, B0C42JD2Y5, B0G64JFTVB, B0CSK1WC14, B0BYH9V8R5, B0C3VSJGRT]",amzn1.campaign.2DVJO8WHK8U8I,C6 Corvette,Qiosreui,2026-04-08,2026-11-30,10.00%,5000.0,4989.6,5,800,false
"[B0GCWT84TY, B0GCXCYG3K, B0GCX9545N, B0GCXGC6WQ, B0GCX12584]",amzn1.campaign.2B5ZQROHVKC1M,4.8 VINE Stars Premium Storage Bins | New Launch | Earn 20% Commission,KAKAMAY,2026-04-08,2026-12-12,20.00%,5000.0,5000.0,9,800,false
"[B0CNSYZBN2, B0DQNKTMW2, B0CNSYPGG4, B0DQNBGBSX, B0CNSXTVQD, B0DQP6LPWY, B0CRVGC7XF, B0CNSXMYYJ, B0CRTR61FY, B0CNSZJJWV, B0CNSWB684, B0CNSZHN83, B0CRTR4BFQ, B0DQNGVSXL, B0CNSZ65HD, B0CNSYKYM7, B0CNSZKVHC, B0CRV5FD8H, B0CNT1HWVB, B0DQNR8FP5, B0CNSZ9P8T, B0DQNKW8X3, B0DQNMQWVM, B0CNSZFKFP]",amzn1.campaign.2V1R3ZFB3TVHP,Plus size womens  real upf 50+ sun protetion jacket + 15% commission,MAISON MISFITS 15,2026-04-08,2026-10-31,15.00%,5000.0,4952.75,0,800,false
"[B0GCWT84TY, B0GCXCYG3K, B0GCX9545N, B0GCXGC6WQ, B0GCX12584]",amzn1.campaign.OCO9DV0E8W08,4.8 VINE Stars Premium Storage Bins | New Launch | Earn 20% Commission,KAKAMAY,2026-04-08,2026-12-11,20.00%,5000.0,5000.0,20,800,false
"[B0GCWT84TY, B0GCXCYG3K, B0GCX9545N, B0GCXGC6WQ, B0GCX12584]",amzn1.campaign.24YYASW2C9N7G,VINE Stars 4.8 Foldable Storage Bins | New Launch | 20% Commission,KAKAMAY,2026-04-08,2026-12-10,20.00%,5000.0,5000.0,8,800,false
"[B0GKZP55CJ, B0G58FGJS3, B0G58H1SCC, B0GKZSPPCT, B0GKZNNVXM, B0G58H3Q59]",amzn1.campaign.2674AZLG1CD1M,4-7-20-9hao,WESSVAN IINTTERNATIONAIL,2026-04-23,2027-04-09,21.50%,5000.0,5000.0,16,800,false
"[B0GKZP55CJ, B0G58FGJS3, B0G58H1SCC, B0GKZSPPCT, B0GKZNNVXM, B0G58H3Q59]",amzn1.campaign.2M7JMC2L3UCZ8,4-7-20-9hao,WESSVAN IINTTERNATIONAIL,2026-04-23,2027-04-09,21.49%,5000.0,5000.0,26,800,false
"[B0D7LMVRQ3, B0G478Q7XG, B0CP58K7HJ, B0CW5P15WY, B0GF86HDYD, B0CDQ5T2LG, B0DR49JBP5, B0C6C1P1RF, B0DHGCMBTL, B0CC8C5LRD, B0DR5R2VTC, B0C2Z12XKM, B0CG5PVBQR, B0GL7SWTRX, B0CP59F6YK, B0FQJ6FS16, B0DX74G98Q, B0FN75X5PP, B0BZVPCVR5, B0C33K7GHR, B0CP5KNQGR, B0C6Z1CWJL, B0G6KTHH7T, B0C4NFV92R, B0C6CVNQ8T, B0BYSFKP8K, B0CP35GTMW, B0FM6SN24C, B0C33HRL2F, B0FMYCVGRZ, B0G52N7P8V, B0CP5XGC9W, B0C33GGMS4, B0CP532328, B0C36W97QZ, B0CGZXFK6G, B0CC99DTQ9, B0C4NDBYBF, B0CPBHTQY8, B0CBBZ8CDW, B0BZYMTSH4, B0DR5PRFL6, B0FVDVC4ZP, B0CC9DLG2P, B0F53VN5QY, B0FN3Z82KM, B0C4NKN43J, B0BZYXM98W, B0C33HKYDD, B0C33LZ7BP, B0CLXWFZBM, B0C33J2GPZ, B0FP2CGWPQ, B0BZVT5LZJ, B0FP2GBSMJ, B0C5MB9Z8G, B0C6ZSMP81, B0C4NJQK46, B0DD6GTTJ9, B0C33L1476, B0CC9D7W1N, B0CPBL18C9, B0CBBW37SQ, B0D3XMHWTC, B0C5M9F8NF, B0FKFGR8R1, B0FMJZNNVW, B0BZVN2CRT, B0C33KJZT1, B0BZVCRN9J, B0BZVVYSB4, B0GQFX3321, B0BYSGHC11, B0C5MBZW77, B0FMRJB8QY, B0C5MF54JG, B0G52RKSQG, B0BZVPD86N, B0FLJKJBC5, B0FMRQT2RX, B0DBHPZ9S4, B0DR5Q76FJ, B0FMY84ZG7, B0C5MCW243, B0GF6MZQMD, B0C4NGPTYP, B0C36THV85, B0FMYFD8ZY, B0CBV18NPR, B0FX7ZG5MS, B0C36W531M, B0DDT4L2VX, B0CC84FRG9, B0D8B2PVLP, B0C33KDJCZ, B0CDBTWF5T, B0D7V5BTYL, B0CP5TQ3FS, B0C33KDJD2, B0C2Z148KP, B0DT8MS54F, B0DJ2HC976, B0BZYYNY2X, B0CP6VDPZ9, B0C6Z5SPZM, B0BZVRXFB9, B0DB828JGD, B0C3VQ7GLT, B0C5MBBC1K, B0CC99YG8N, B0CP7PZ111, B0CP5Q54PS, B0BZYY4RVP, B0CL6RZD59, B0BZY9NRW5, B0FN3XBFKK, B0C6XPMMJP, B0BZVJ2JNF, B0C4NHRTYH, B0BZYGFSQR, B0BZYNQ16V, B0FP28T532, B0CL4QFNXP, B0DR5P716T, B0BZVVFLQ1, B0BZYL37DK, B0CC8HF7L4, B0CP4ZCRBW, B0C6ZBV58B, B0BZY728PC, B0BZVM3JVH, B0C33J6BXQ, B0BZY84GKD, B0BZW2MP1P, B0CCHR7M2N, B0G4W7S574, B0DPX4N2TX, B0CG5T3PMF, B0FP4M3YVJ, B0BZYPTFQD, B0BZVSY7H2, B0BZTXP774, B0DX6YZYSF, B0C6ZRH4PL, B0C33KRDZ2, B0C6ZWFG31, B0DB5WL88M, B0BZVF1QGG, B0FMDRL97L, B0FWRL5T3J, B0DPX3VCXV, B0CPBJL6K1, B0FMRG8WGL, B0C33N951P, B0C33K1B84, B0C5MD2S41, B0CL6KB71L, B0CC8B6TQL, B0CW5Y6K2F, B0CHMS9XF8, B0GQPWP1GT, B0CC8F4RDQ, B0FG27TXYC, B0CC86NDFV, B0D9JFBDRT, B0F9L6B3KC, B0DR5QXFGV, B0C4TC15WT, B0C33KX91T, B0FM76Q7Z2, B0CDBS1M1R, B0BZVXL7C1, B0FP4CPPSQ, B0C4NG8GDP, B0GQGVYMBC, B0D3PXY52C, B0GD6MWRGV, B0DX5DJD56, B0FM3XML1K, B0CD46NV77, B0C4NF3HQR, B0CPBRXL4T, B0FMRL9CPT, B0CDQ47K8N, B0DH3FDRBP, B0CC92TV2C, B0C4NCXKYC, B0FMRH2LHM, B0C4NDPDF1, B0CLXX71Z2, B0BZYSGHGV, B0FNWRM638, B0BZY4TNFZ, B0C6ZBHJHN, B0D545F8T1, B0CC9F83FV, B0GF7N9RFP, B0D5R43DQK, B0BZV14LGP, B0CDQ7HL42, B0CP52MHNQ, B0FLX8Q7V4, B0DR44WWX7, B0CP941VZL, B0C3LRF6GF, B0G392YZFF, B0DX6VVLWW, B0C6ZHVDH8, B0CLXV6BWF, B0C6XMVN22, B0CP7QB6KM, B0CNGG47LQ, B0BZYYM6JD, B0CC57C7DH, B0C5MBBBVH, B0C4SLZ8VT, B0F9L3DB9Q, B0GFCCK3SS, B0CP6VXZY8, B0FQJ6X6VZ, B0C5MD74BV, B0BZVRDN2Y, B0C6Z3GTFQ, B0FNRHVNZF, B0C33KW9RT, B0FLQ967NP, B0BYSHP1K1, B0C6ZB1BVH, B0CW5XT8VL, B0D7GJKVM5, B0D3XL4Q4H, B0G4W75CHR, B0FLJJ4PB9, B0C6XZCHFB, B0BZVQMP8N, B0DB5WFDFF, B0BZYVXQSD, B0C33JH648, B0BZYXL8MR, B0FM42J9XT, B0FLX3X86D, B0BZY77F63, B0C5M9DPMF, B0CL6R5NBP, B0C36W6CVV, B0D4M23HRZ, B0FLXCT3M8, B0BZTVDTVJ, B0DX11BS4Z, B0D8B61K6K, B0CP7CT4CL, B0CC8LC4SV, B0CL6PVM2P, B0G391TVP6, B0FN7HNB4Q, B0BZVNN34M, B0DX1Z117Z, B0BZVBH7B3, B0FMRFD2WH, B0CY4QG91S, B0C4NF9GZP, B0CWV4FPFG, B0C4NJLZ4N, B0FMJ74CGQ, B0CC8JYBH5, B0CL6PJK4X, B0DQ84ZFFQ, B0CP5VZBWG, B0CBTGYRTB, B0FNRJ76QJ, B0FMFF286J, B0FN7HQRJH, B0CBV34XB4, B0C5MBSTJQ, B0CP7NFVXP, B0C6XSQP5L, B0CC9BZT7Y, B0BZYWK9Q5, B0BZYMSVNP, B0C3VML9KS, B0CC8MHYQY, B0FMYFFRLM, B0FLJK5Y9P, B0BZYWXQRJ, B0CP59C6RY, B0CP6QH41R, B0C4NDW4LN, B0C6XNYVG4, B0C6XZ6QYY, B0C8MNBDB5, B0C4NGWT92, B0CLXWV2RD, B0D54893QX, B0CDQ94BKG, B0C4NHKGGM, B0BZY6YZPB, B0C6Z2NLHQ, B0F7LJT2J7, B0C7QVYDXM, B0GQQ4G73J, B0CC5RGHNN, B0C6XXXH8P, B0BZV2CTY1, B0C6XVZCC5, B0C6Z2P7YM, B0GFCYHTBV, B0CC5TZ32M, B0CC8H2FVD, B0CG5VNR2H, B0C4NH9S36, B0BZVSKW6T, B0CPBJJF7G, B0DX71S863, B0FWXCM6VG, B0FLVJT3WM, B0C6ZWF34B, B0FWB2HT5H, B0DX2673JM, B0CJ4M7SQ1, B0CC9DQPDR, B0C4NG6YDX, B0DB5V63R1, B0FQMYS6VK, B0FMRCDT3K, B0BZVPVL5L, B0D7V5Q1Z9, B0BZVCCKPL, B0DBHP6SZS, B0BZYXBN32, B0CL6N9YGH, B0FMDCRH6J, B0CP5VPLV9, B0C5MB9KL6, B0CDLP4Z74, B0CL6NF1T6, B0G58HS1V5, B0DJKPZNLC, B0BZVK1ZHV, B0FQHPDX58, B0FN2NQ21M, B0CPBR41QY, B0FLJJDN4N, B0C6Y1K667, B0DB5VWPJ4, B0CGJFJHZ7, B0C4NH9JCX, B0CW65P7BS, B0C4NG7FXC, B0DD3W4NX3, B0BZW4DH3C, B0BZYXCQQ8, B0FN2H2PJ9, B0BZVBZKMS, B0CQ2N6KVT, B0C33LBQKQ, B0C9LXNHT2, B0BZVKWZ3T, B0DX243X14, B0GFD72KGN, B0CC8XTCNH, B0F42S95B6, B0CP5NZZNW, B0G47KY6G1, B0GF6N41RR, B0C4NJFB18, B0C9QF7QMR, B0CC97QPPC, B0C4NK365J, B0CC9FN5D8, B0F7XYWFXP, B0BZV1HSHN, B0GF834XYR, B0CDQ6N4Z8, B0BZY44KSB, B0FQM6RC2B, B0C4NF9PBH, B0DB7WKGLH, B0CCHS5SCT, B0DX1SNVGR, B0BZVSWDRC, B0BZYGNBG2, B0C7QVPLGB, B0BZVM3JGY, B0C33KP8M2, B0DX16SG82, B0CXD955L1, B0CP7NMB3Y, B0FMRHJ45X, B0CH8JSN3M, B0DQ566L5Y, B0CP5J9135, B0C4NG92LT, B0BZVQPYJT, B0DR5Q775V, B0CL4R5HRR, B0C5M9LJ1N, B0FMF2XXGB, B0C33K8CFH, B0C4NGQTH9, B0C4NGWT79, B0FVF4NZ43, B0FMRS9PY1, B0CJJQJYZ7, B0C5MCYKR7, B0C6ZQHD5W, B0FN7HVZDF, B0D4Z5GTRM, B0C9MF3XB5, B0DQXY7NDZ, B0GQFCQV6C, B0CG5WN56J, B0BZVDV8ZQ, B0CC8F2J4R, B0C6XTQNNM, B0C6XS43LL, B0BZVL3NJ7, B0C4ND6XW8, B0C3LQ6YLF, B0CL4PGY63, B0CCHST5JN, B0CP7PYX1G, B0C7QTX34D, B0FP2JP1VN, B0CCHSV7HD, B0DWXM15DW, B0D548FV51, B0G48FK3PH, B0BZVSKC8Q, B0CPPC28X7, B0CP6V9SZJ, B0GF8F3ZPW, B0C6XPCF8Y, B0FP4J8PYK, B0CC86RDKV, B0CGN9H3Y7, B0DQ89BM9B, B0CPBQGFHJ, B0D89PKRMZ, B0C6XWDYJ8, B0BZY72CS3, B0CP5SHMLJ, B0CGV2X52H, B0BZVSJP4Z, B0C6ZHXW9V, B0GJLDG4CX, B0C6ZXQM2L, B0DWXMNDSC, B0FN3YPZV6, B0CGJBLSR6, B0F7LHMDBJ, B0FN324VTN, B0C6D1RM2T, B0D4Z4BTJY, B0DPX5NBJ3, B0C5MCVD7B, B0DX5NZVCT, B0C4LHQ9RC, B0BZVC1NFF, B0CL6MVCHZ, B0FMRBGH7N, B0CP7NBV9J, B0CGJ4K2C2, B0DJQF71GS, B0DR4D5LWV, B0DX6Z46PJ, B0CC5QJKL5, B0C6ZWMHNC, B0C6XT14NW, B0CDQ745SZ, B0CP96K4WJ, B0C33JKMJK, B0FLTZPL43, B0CC58XJFX, B0D547S1WH, B0DJNHYN9V, B0DX6QH1CF, B0C33H71HC, B0CC9CVVY4, B0C4NFPHM1, B0BZVPVX7F, B0C4NFW6TT, B0C6XZY31B, B0C4NGSQ7G, B0FM87VHFR, B0C6Z5KPM8, B0DX15WRPQ, B0CL6SM1WG, B0DR47F19H, B0CP5RLX16, B0BZY9SPPJ, B0GGBBS342, B0DJQF6MC7, B0FWRR3SSZ, B0BZVK7VFN, B0BZY8F3ZR, B0FMRGBKDF, B0DQ56XBY3, B0FMRNJ5ZL, B0D9JGG1W4, B0CL6L6KVL, B0BZVQ31XN, B0FN7L14JV, B0C5MCX72Y, B0DQBPJGNY, B0C4SPHGBQ, B0FN345QSP, B0BZZ1NMDN, B0DX77C4LK, B0DX58SZ2Q, B0C6XTQ2N1, B0CBTVVXNN, B0CC8X7214, B0CC88X19L, B0CC8B7ZQ1, B0CGJ3M3Z6, B0GQF9ZHWK, B0BZVK6P8F, B0F7LKB7PY, B0FLJJWQM5, B0C9MCY5HB, B0FMRHGYP2, B0C6ZTTHK3, B0GF7V5YST, B0C5MC7HX8, B0BZVMYXJ4, B0DPWPMTZJ, B0CGJ48ZHP, B0CPBNNQ7G, B0C33J621L, B0BZYVJ438, B0FLJGTPHP, B0CP4X7H5L, B0DHGK2JYL, B0FMRF7MD2, B0G6KTW251, B0C5MCMSKP, B0CC9CKD79, B0C5MDZQDL, B0FP49RYH7, B0CP5XDTQ3, B0CP7SPB1Q, B0BZVQN6TH, B0CP7NX1JQ, B0DX77NF13, B0CGJD1HR9, B0C5M94SWD, B0CC7XRGY9, B0FLJJ8DQZ, B0FVXRZ4VL, B0FN6QLN57, B0DB7ZC8K3, B0CP7N8VRS, B0CP4VBJR6, B0C33MQSM5, B0CW5SN8BC, B0BZVF459M, B0CP4XKY8N, B0C4NHM51Y, B0C6Z4HKDZ, B0CP399X1Q, B0DSZ6WZ1Y, B0FMFDQPRF, B0CC585JKD, B0CPBJ6R4R, B0CL6RLQ1N, B0CPBKJMS3, B0C33MCR2R, B0C6XXGYGD, B0CC56Z1CM, B0C33L3GJD, B0C33FQPMC]",amzn1.campaign.2O82E4I3TAJMH,Honda Pilot,Qiosreui,2026-04-08,2026-10-31,10.00%,5000.0,4972.36,1,800,false
"[B0GKZP55CJ, B0G58FGJS3, B0G58H1SCC, B0GKZSPPCT, B0GKZNNVXM, B0G58H3Q59]",amzn1.campaign.31BVOQSV3424Y,4-7-20-9hao,WESSVAN IINTTERNATIONAIL,2026-04-23,2027-04-09,21.48%,5000.0,5000.0,30,800,false
"[B0GKZP55CJ, B0G58FGJS3, B0G58H1SCC, B0GKZSPPCT, B0GKZNNVXM, B0G58H3Q59]",amzn1.campaign.107WSJT9BOLCP,4-7-20-9hao,WESSVAN IINTTERNATIONAIL,2026-04-09,2027-04-09,21.47%,5000.0,5000.0,22,800,false
"[B0GKZP55CJ, B0G58FGJS3, B0G58H1SCC, B0GKZSPPCT, B0GKZNNVXM, B0G58H3Q59]",amzn1.campaign.1RFG2NS6JGTOS,4-7-20-9hao,WESSVAN IINTTERNATIONAIL,2026-04-09,2027-04-09,21.46%,5000.0,5000.0,29,800,false
"[B0FS5ZW858, B0FS6NKKNN]",amzn1.campaign.254POGIM9V4CJ,hand soap 12,FLOWHYET,2026-04-08,2026-12-31,15.00%,5000.0,4995.13,0,800,false
"[B0GKZP55CJ, B0G58FGJS3, B0G58H1SCC, B0GKZSPPCT, B0GKZNNVXM, B0G58H3Q59]",amzn1.campaign.1YIQHYTCB4ZEL,4-7-20-9hao,WESSVAN IINTTERNATIONAIL,2026-04-09,2027-04-09,21.45%,5000.0,5000.0,30,800,false
"[B0GKZP55CJ, B0G58FGJS3, B0G58H1SCC, B0GKZSPPCT, B0GKZNNVXM, B0G58H3Q59]",amzn1.campaign.3USXW9MNF3Z4F,4-7-20-9hao,WESSVAN IINTTERNATIONAIL,2026-04-09,2027-04-09,21.44%,5000.0,5000.0,34,800,false
"[B0GKZP55CJ, B0G58FGJS3, B0G58H1SCC, B0GKZSPPCT, B0GKZNNVXM, B0G58H3Q59]",amzn1.campaign.1ILX7G8ZUAHFJ,4-7-20-9hao,WESSVAN IINTTERNATIONAIL,2026-04-09,2027-04-09,21.43%,5000.0,5000.0,29,800,false
"[B0GRLN37K5, B0GRLWJXR2, B0GRLQGFYZ, B0GRM48QFH, B0GRLZJYRM, B0GRLDLBLJ, B0GRLKQY5X, B0GRLN4PMZ, B0GRLX1BDG, B0GRLKQCXP, B0GRLHDMRB, B0GRLWTGKV, B0GRM77ZGK, B0GRM6D5XG, B0GRLN481B, B0GRLV64GF, B0GRLNFTFL, B0GRLXYM52, B0GRLY5KPM, B0GRM643TF]",amzn1.campaign.2R3EXK5F2QMTI,2596,"METCR,",2026-04-08,2027-04-08,10.00%,1000000.0,1000000.0,0,800,false
"[B0GKZP55CJ, B0G58FGJS3, B0G58H1SCC, B0GKZSPPCT, B0GKZNNVXM, B0G58H3Q59]",amzn1.campaign.3PPQYN73Y7WJW,4-7-20-9hao,WESSVAN IINTTERNATIONAIL,2026-04-09,2027-04-09,21.42%,5000.0,5000.0,33,800,false
"[B0GKZP55CJ, B0G58FGJS3, B0G58H1SCC, B0GKZSPPCT, B0GKZNNVXM, B0G58H3Q59]",amzn1.campaign.3JKYAIVRW35JE,4-7-20-9hao,WESSVAN IINTTERNATIONAIL,2026-04-09,2027-04-09,21.41%,5000.0,5000.0,33,800,false
"[B0CNV926D9, B0CNV6XLYD, B0CNV9N2WL, B0CNV8S8TV, B0CNV886CJ, B0CNV8ZLB7, B0CNV872RN, B0CNV94C8L, B0CNV8S1RB, B0CNV9GZDH]",amzn1.campaign.2SC3GL7HIEWED,Womens  real upf 50+ sun protetion jacket + 15% commission,MAISON MISFITS 15,2026-04-08,2026-10-31,15.00%,5000.0,4995.5,0,800,false
"[B0GKZP55CJ, B0G58FGJS3, B0G58H1SCC, B0GKZSPPCT, B0GKZNNVXM, B0G58H3Q59]",amzn1.campaign.1FF3M7CKKJVM4,4-7-20-9hao,WESSVAN IINTTERNATIONAIL,2026-04-09,2027-04-09,21.40%,5000.0,5000.0,30,800,false
"[B0GRYDXTV5, B0GRYZKX3Z, B0GRYDX61J, B0GRZM15P7, B0GRZ2SX4V, B0GRZ15J7K, B0GRYV4K9F, B0GRZDGRLP, B0GRZ813YL, B0GRZMCVPL, B0GRZKJLFJ, B0GRYR3BDR, B0GRZ5NBMK, B0GRYZWNFG, B0GRZCBG7H, B0GRZ8RWR8, B0GRYN37YD, B0GRY3ZQR1, B0GRY3N616, B0GRYDZL1K, B0GRYZMMS4, B0GRYXMY7W, B0GRZKXL2V, B0GRZ1YNSL, B0GRYVZJ96]",amzn1.campaign.3FFZGDDA4YQGC,2593,"METCR,",2026-04-08,2027-04-08,10.00%,1000000.0,999982.08,0,800,false
"[B0GKZP55CJ, B0G58FGJS3, B0G58H1SCC, B0GKZSPPCT, B0GKZNNVXM, B0G58H3Q59]",amzn1.campaign.1T0TXGCPH5UMV,4-7-20-9hao,WESSVAN IINTTERNATIONAIL,2026-04-09,2027-04-09,21.39%,5000.0,5000.0,32,800,false
"[B0GKZP55CJ, B0G58FGJS3, B0G58H1SCC, B0GKZSPPCT, B0GKZNNVXM, B0G58H3Q59]",amzn1.campaign.2G46KIM9PRNI5,4-7-20-9hao,WESSVAN IINTTERNATIONAIL,2026-04-09,2027-04-09,21.38%,5000.0,5000.0,31,800,false
"[B0CGM1Z59S, B0CGLT5DCR]",amzn1.campaign.1IDGF2KC817XM,【20% COMMISSION】 Multifunctional Hard-Bristled Crevice Cleaning Brush,BANSTLE,2026-04-13,2027-03-31,20.00%,10000.0,10000.0,0,800,false
"[B0GKZP55CJ, B0G58FGJS3, B0G58H1SCC, B0GKZSPPCT, B0GKZNNVXM, B0G58H3Q59]",amzn1.campaign.37W070PZ3VR1J,4-7-20-9hao,WESSVAN IINTTERNATIONAIL,2026-04-09,2027-04-09,21.37%,5000.0,5000.0,33,800,false
"[B0GKZP55CJ, B0G58FGJS3, B0G58H1SCC, B0GKZSPPCT, B0GKZNNVXM, B0G58H3Q59]",amzn1.campaign.1A9IUC2SSM8AD,4-7-20-9hao,WESSVAN IINTTERNATIONAIL,2026-04-09,2027-04-09,21.36%,5000.0,5000.0,32,800,false
"[B0GKZP55CJ, B0G58FGJS3, B0G58H1SCC, B0GKZSPPCT, B0GKZNNVXM, B0G58H3Q59]",amzn1.campaign.10BI6B5WOCPRZ,4-7-20-9hao,WESSVAN IINTTERNATIONAIL,2026-04-09,2027-04-09,21.35%,5000.0,5000.0,26,800,false
"[B0F99362JX, B0F98ZSBCS, B0F9943D15, B0F993DJNV, B0F998GPN6, B0F993C3VW, B0F9946Q1W, B0F995PNN7, B0F995N2NT, B0F993XSR6, B0F9966756, B0F995WXJQ, B0F992Y94K, B0F99B83LH, B0F992ZYSJ, B0F993KRGZ, B0F993773R, B0F995PCTT, B0F9977Y33, B0F996C7RQ, B0F9963QG5, B0F993LGXJ, B0F993HMMR, B0F996152P, B0F98SQWPF, B0F996C7RN]",amzn1.campaign.39TZASK2C82AA,NE03,A ALARTAN,2026-04-08,2026-12-31,10.00%,10000.0,9960.73,0,800,false
"[B0GKZP55CJ, B0G58FGJS3, B0G58H1SCC, B0GKZSPPCT, B0GKZNNVXM, B0G58H3Q59]",amzn1.campaign.1NAKDQBAA1S3B,4-7-20-9hao,WESSVAN IINTTERNATIONAIL,2026-04-09,2027-04-09,21.34%,5000.0,5000.0,33,800,false
"[B0GTPZRRH3, B0F6T1DY2T, B0F6TMHWJ8, B0GTPTKL22, B0FGCPSVWB, B0GTPYZSGV, B0GTQ3BLXT, B0FH2B1S39, B0FH29W9QW, B0GTQ1Q7MX]",amzn1.campaign.1WAPQ6Z452F12,10% Commission + 10% Off | OVIFM Neck Fan with Cooling Plate – Review Invite,OVIFM,2026-04-08,2026-10-31,10.00%,5000.0,4786.8,1,800,false
"[B0DQXQ1MXK, B0DQXN6VL8, B0DQXRXZ6F, B0DQXQ8K8Q, B0DQXLMP4D, B0DQXN6VL1, B0DQXQ3VY1, B0DQXPF2D6, B0F6MQNY4P, B0DQXRVH9D, B0DQXP927S, B0DQXN41S3, B0DQXQWF4R, B0DQXSR95R, B0F6MJR5ZL, B0DQXRCFBL, B0DQXRL6LS, B0DQXN6SHZ, B0DQXNQR5W, B0DQXN7GDD, B0DQXPGLQZ, B0DQXNWTSS, B0F6ML73R5, B0DQXNXJHF, B0DQXP8LB2, B0DQXNG55C, B0DQXPF4WF, B0DQXRGPF4, B0F6MS3ZXS, B0F6MQPGQJ, B0DQXPVNR7, B0DQXNCSSH, B0DQXT21DC, B0DQXNP9QP, B0DQXN4J3P]",amzn1.campaign.3KI4JLZ9B1SEJ,U never seen womens Button down  sun protection cardigan 15% commission,MAISON MISFITS 15,2026-04-08,2026-10-31,15.00%,5000.0,4981.32,2,800,false
[B0G56CWBTT],amzn1.campaign.MNYM9V0CP203,Treefox Instant Camping Tent –4-Person Portable Pop Up Tent for Outdoor,treefox,2026-04-08,2026-09-30,10.00%,5000.0,4926.77,0,800,false
"[B0GKZP55CJ, B0G58FGJS3, B0G58H1SCC, B0GKZSPPCT, B0GKZNNVXM, B0G58H3Q59]",amzn1.campaign.2S1Z3TSY6KPNW,4-7-20-9hao,WESSVAN IINTTERNATIONAIL,2026-04-09,2027-04-09,21.33%,5000.0,5000.0,33,800,false
"[B0DZHCNSZL, B0CZDJLCNN, B0DZHCLRRP, B0DZHD79BW]",amzn1.campaign.3B3ZDXDFDIAUV,"【20% COMMISSION】Eyeglasses Strap , Adjustable Eyewear String Lanyard Retainer",BANSTLE,2026-04-13,2027-03-03,20.00%,1000000.0,1000000.0,0,800,false
"[B0GKZP55CJ, B0G58FGJS3, B0G58H1SCC, B0GKZSPPCT, B0GKZNNVXM, B0G58H3Q59]",amzn1.campaign.3REVXFG9NGKB8,4-7-20-9hao,WESSVAN IINTTERNATIONAIL,2026-04-09,2027-04-09,21.32%,5000.0,5000.0,37,800,false
"[B0D4HQH1GP, B0D4HP5PL1]",amzn1.campaign.8HH94NE3VRJ6,HOT Deall: Velvet V-Neck Wrap Maxi Dress 🌟 -LW-M24DR0055,BerryGo,2026-04-10,2026-11-10,10.00%,5000.0,5000.0,0,800,false
"[B0FBW98T6T, B0FPCL9516, B0FPCLS27Z, B0FPCLVTNT, B0FPCN9V1B, B0FPCL36PC, B0FPCLNGG1, B0FPCJGTY2, B0G6D11W8W, B0FPCM5X21, B0FPCL65GL, B0FPCK2LHD, B0FPCN2V4Y, B0FPCM6CQF, B0FPCMLZ2Q, B0FPCK66M1, B0FPCM4DDR, B0FPCKLTH4, B0FPCL8F35, B0FPCM3Y78, B0FPCM3WSV, B0FPCLSYBC, B0FPCKW6RP, B0G6D5YMGC, B0FPCL8JL3]",amzn1.campaign.21OK4RVPESJKZ,MONIVI Candle Sand,Monivi,2026-04-08,2026-10-31,13.00%,5000.0,4845.28,0,800,false
"[B0DZHCNSZL, B0CZDJLCNN, B0DZHCLRRP, B0DZHD79BW]",amzn1.campaign.3RXS1VNPPPY0B,"【20% COMMISSION】Eyeglasses Strap , Adjustable Eyewear String Lanyard Retainer",BANSTLE,2026-04-12,2027-03-03,20.00%,100000.0,100000.0,0,800,false
"[B0GKZP55CJ, B0G58FGJS3, B0G58H1SCC, B0GKZSPPCT, B0GKZNNVXM, B0G58H3Q59]",amzn1.campaign.S1F2L6RT9PWN,4-7-20-9hao,WESSVAN IINTTERNATIONAIL,2026-04-09,2027-04-09,21.31%,5000.0,5000.0,37,800,false
"[B0DZHCNSZL, B0CZDJLCNN, B0DZHCLRRP, B0DZHD79BW]",amzn1.campaign.1EA9B6P1VUYO9,"【20% COMMISSION】Eyeglasses Strap , Adjustable Eyewear String Lanyard Retainer",BANSTLE,2026-04-11,2027-03-03,20.00%,100000.0,100000.0,1,800,false
"[B0DZHCNSZL, B0CZDJLCNN, B0DZHCLRRP, B0DZHD79BW]",amzn1.campaign.1IOENUX3DOSAU,"【20% COMMISSION】Eyeglasses Strap , Adjustable Eyewear String Lanyard Retainer",BANSTLE,2026-04-10,2027-03-03,20.00%,100000.0,100000.0,0,800,false
"[B0GKZP55CJ, B0G58FGJS3, B0G58H1SCC, B0GKZSPPCT, B0GKZNNVXM, B0G58H3Q59]",amzn1.campaign.5X1IVSKZU547,4-7-20-9hao,WESSVAN IINTTERNATIONAIL,2026-04-09,2027-04-09,21.30%,5000.0,5000.0,37,800,false
"[B0DZHCNSZL, B0CZDJLCNN, B0DZHCLRRP, B0DZHD79BW]",amzn1.campaign.3D0MLAE8FK19X,"【20% COMMISSION】Eyeglasses Strap , Adjustable Eyewear String Lanyard Retainer",BANSTLE,2026-04-09,2027-03-03,20.00%,100000.0,100000.0,5,800,false
"[B0GKZP55CJ, B0G58FGJS3, B0G58H1SCC, B0GKZSPPCT, B0GKZNNVXM, B0G58H3Q59]",amzn1.campaign.3CDMWL7G9N0ZB,4-7-20-9hao,WESSVAN IINTTERNATIONAIL,2026-04-09,2027-04-09,21.29%,5000.0,5000.0,36,800,false
[B0DDS2MJN2],amzn1.campaign.1LIZZRVDPK0TJ,Quelgt Tree Shape Trivets - 3 Wooden Trivet + 1 Stand for Kitchen Decor,Quelgt,2026-04-08,2027-02-01,10.00%,10000.0,10000.0,19,800,false
"[B0F6SMMSDP, B0F6TYD5D1, B0F6SMLQMZ, B0F6T2Q412, B0F6TYTRD1, B0F6SMMSDR, B0F6V18ZMN, B0F6TXCQ7F, B0F6TTXD1Q, B0F6TZ2BQX, B0F6T2V4WR, B0F6T7W8VM, B0F6T4NJD2, B0F6T31DNW, B0F6T4FWC5, B0F6T893MB, B0F6V2DCX3, B0F6TXWR57, B0F6SPWWCC, B0F6V1B6VF, B0F6T512VN, B0F6SXLMJ4, B0F6TV7ZBY, B0F6TJHH1Z, B0F6TTJJYQ, B0F6T51TRM]",amzn1.campaign.2ME24JNQ5JUMH,NE02,A ALARTAN,2026-04-08,2026-12-31,10.00%,10000.0,9995.7,0,800,false
"[B0GKZP55CJ, B0G58FGJS3, B0G58H1SCC, B0GKZSPPCT, B0GKZNNVXM, B0G58H3Q59]",amzn1.campaign.JZKBE8JFY60Z,4-7-20-9hao,WESSVAN IINTTERNATIONAIL,2026-04-09,2027-04-09,21.28%,5000.0,5000.0,38,800,false
"[B0GKZP55CJ, B0G58FGJS3, B0G58H1SCC, B0GKZSPPCT, B0GKZNNVXM, B0G58H3Q59]",amzn1.campaign.35TBTJO1U313N,4-7-20-9hao,WESSVAN IINTTERNATIONAIL,2026-04-09,2027-04-09,21.27%,5000.0,5000.0,35,800,false
"[B0F59WZLG3, B0F59X1KZV, B0FHH346VK, B0F59X6L9C, B0F59X9YTJ, B0F59Y8181, B0FX9K2B7P, B0F59X6TPN, B0F59YWZV2, B0F59X94CQ, B0F59VFLG9, B0FX9G7QYG, B0F59SFQKX, B0FX9KTL2G, B0F59Z14J4, B0FHH2HG9J, B0F59TZQ78]",amzn1.campaign.32YYCR6AI0SKF,Earn 20% Commission – Bak Bo Magnetic Door Stopper in 6 Stylish Finishes!,Bak Bo,2026-04-08,2026-10-31,20.00%,5000.0,4605.84,0,800,false
"[B0GKZP55CJ, B0G58FGJS3, B0G58H1SCC, B0GKZSPPCT, B0GKZNNVXM, B0G58H3Q59]",amzn1.campaign.2S03B6RRJC92H,4-7-20-9hao,WESSVAN IINTTERNATIONAIL,2026-04-09,2027-04-09,21.26%,5000.0,5000.0,33,800,false
"[B0GKZP55CJ, B0G58FGJS3, B0G58H1SCC, B0GKZSPPCT, B0GKZNNVXM, B0G58H3Q59]",amzn1.campaign.299Y0XT1P84KQ,4-7-20-9hao,WESSVAN IINTTERNATIONAIL,2026-04-09,2027-04-09,21.25%,5000.0,5000.0,34,800,false
"[B0GKZP55CJ, B0G58FGJS3, B0G58H1SCC, B0GKZSPPCT, B0GKZNNVXM, B0G58H3Q59]",amzn1.campaign.4Q0SG4WHVRTD,4-7-20-9hao,WESSVAN IINTTERNATIONAIL,2026-04-09,2027-04-09,21.24%,5000.0,5000.0,37,800,false
"[B0GKZP55CJ, B0G58FGJS3, B0G58H1SCC, B0GKZSPPCT, B0GKZNNVXM, B0G58H3Q59]",amzn1.campaign.2QWU0LE9OUQC0,4-7-20-9hao,WESSVAN IINTTERNATIONAIL,2026-04-09,2027-04-09,21.23%,5000.0,5000.0,34,800,false
"[B0GKZP55CJ, B0G58FGJS3, B0G58H1SCC, B0GKZSPPCT, B0GKZNNVXM, B0G58H3Q59]",amzn1.campaign.1N1X75XD6JX9O,4-7-20-9hao,WESSVAN IINTTERNATIONAIL,2026-04-09,2027-04-09,21.22%,5000.0,5000.0,34,800,false
"[B0GKZP55CJ, B0G58FGJS3, B0G58H1SCC, B0GKZSPPCT, B0GKZNNVXM, B0G58H3Q59]",amzn1.campaign.MWQQ7CYD0FV,4-7-20-9hao,WESSVAN IINTTERNATIONAIL,2026-04-09,2027-04-09,21.21%,5000.0,5000.0,39,800,false
"[B0GKZP55CJ, B0G58FGJS3, B0G58H1SCC, B0GKZSPPCT, B0GKZNNVXM, B0G58H3Q59]",amzn1.campaign.1LZKQV3EZML38,4-7-20-9hao,WESSVAN IINTTERNATIONAIL,2026-04-09,2027-04-09,21.20%,5000.0,5000.0,34,800,false
"[B0GKZP55CJ, B0G58FGJS3, B0G58H1SCC, B0GKZSPPCT, B0GKZNNVXM, B0G58H3Q59]",amzn1.campaign.1FGEDMLT96CNO,4-7-20-9hao,WESSVAN IINTTERNATIONAIL,2026-04-09,2027-04-09,21.19%,5000.0,5000.0,33,800,false
"[B0CRTGBCHH, B0DQKG957L, B0CRTJ159S, B0CRT3VZ81, B0CRT3NV5L, B0CRT3W95N, B0CRTTFVWL, B0CRTL8CNG, B0CRTDQT5F, B0CRT2ZTF3, B0CRT3QHZ6, B0CRTL9273, B0CRT4V6LD, B0CRT3XRMS, B0CRT2S5D9, B0CRSZHQN5, B0DQKK7JD2, B0CRT4Q2XB, B0CRT1HKY5, B0CRT2KYX9, B0DQKJ5RKP, B0CRTMS3GR, B0CRTL1KVB, B0CRTDQHTH, B0DQKHCVHC]",amzn1.campaign.1X11DOUE1Z2QT,Mens UPF 50+ UV  Sun Jacket hot selling for 3 years,MAISON MISFITS 15,2026-04-08,2026-10-31,15.00%,5000.0,4986.95,0,800,false
"[B0GKZP55CJ, B0G58FGJS3, B0G58H1SCC, B0GKZSPPCT, B0GKZNNVXM, B0G58H3Q59]",amzn1.campaign.ZMX3BL5YXTTC,4-7-20-9hao,WESSVAN IINTTERNATIONAIL,2026-04-09,2027-04-09,21.18%,5000.0,5000.0,40,800,false
"[B0GGQHSZH9, B0GGR19ZPR]",amzn1.campaign.2HP8GWZAUD2MX,OceanBreezy New Release Bulletin Board-3,OceanBreezy,2026-04-08,2026-10-31,15.00%,5000.0,4988.29,11,800,false
"[B0GKZP55CJ, B0G58FGJS3, B0G58H1SCC, B0GKZSPPCT, B0GKZNNVXM, B0G58H3Q59]",amzn1.campaign.2ZCGBSHLXT3JV,4-7-20-9hao,WESSVAN IINTTERNATIONAIL,2026-04-09,2027-04-09,21.17%,5000.0,5000.0,36,800,false
"[B0G3WF845N, B0G3WHK6G7, B0G3WJ1CRD, B0G3W8B6M6, B0G3WBK9LB, B0G3WBJL3S, B0G3WF63D2, B0G3WDWG4X, B0G3WCYN6C, B0G3WFR68Q, B0G3WCRC3K, B0G3WFSTJ8, B0G3WBSW97, B0G3WDK59D, B0G3WJ93TN, B0G3W8MJQ7, B0G3W8PY4N, B0G3WJ89KG, B0G3WFCQ4W, B0G3WHFQR9, B0G3WH76C3, B0G3WG4PHQ, B0G3WBNSP8, B0G3WDFFRW, B0G3WJMBQ3, B0G3WCQ7W1, B0G3WBKSDP, B0G3WGCS5S, B0G3WJ4C1P, B0G3WC3H7Y, B0G3WC4551, B0G3WGP142, B0G3W893B6, B0G3WC2M1V, B0G3WDX1N2, B0G3WGN53Q, B0G3W98WSH, B0G3WBNTGG, B0G3WDFQY8, B0G3WF6MN3]",amzn1.campaign.28T4ZGG9O4FLW,COS6B272,COSSEN,2026-04-09,2027-03-30,10.00%,40000.0,40000.0,25,800,false
"[B0G3WF845N, B0G3WHK6G7, B0G3WJ1CRD, B0G3W8B6M6, B0G3WBK9LB, B0G3WBJL3S, B0G3WF63D2, B0G3WDWG4X, B0G3WCYN6C, B0G3WFR68Q, B0G3WCRC3K, B0G3WFSTJ8, B0G3WBSW97, B0G3WDK59D, B0G3WJ93TN, B0G3W8MJQ7, B0G3W8PY4N, B0G3WJ89KG, B0G3WFCQ4W, B0G3WHFQR9, B0G3WH76C3, B0G3WG4PHQ, B0G3WBNSP8, B0G3WDFFRW, B0G3WJMBQ3, B0G3WCQ7W1, B0G3WBKSDP, B0G3WGCS5S, B0G3WJ4C1P, B0G3WC3H7Y, B0G3WC4551, B0G3WGP142, B0G3W893B6, B0G3WC2M1V, B0G3WDX1N2, B0G3WGN53Q, B0G3W98WSH, B0G3WBNTGG, B0G3WDFQY8, B0G3WF6MN3]",amzn1.campaign.NP7IQLCRGBUQ,COS6B272,COSSEN,2026-04-08,2027-03-30,10.00%,50000.0,50000.0,30,800,false
"[B0GKZP55CJ, B0G58FGJS3, B0G58H1SCC, B0GKZSPPCT, B0GKZNNVXM, B0G58H3Q59]",amzn1.campaign.2XEQRBDQFS5L3,4-7-20-9hao,WESSVAN IINTTERNATIONAIL,2026-04-09,2027-04-09,21.16%,5000.0,5000.0,36,800,false
"[B0GLP93J97, B0GLNZBMN3, B0GLP19J61, B0GLP6G4YP, B0GLP6VQ63, B0GLP6H7X9, B0GLP36TB8, B0GLP98QC9, B0GLP6C5W2, B0GLPPG34F, B0GLNQF7N6]",amzn1.campaign.2DDCVBMRL376Q,"📦 Dear Amazon Shoppers, Stop Scrolling. 🛑",HydroQuin,2026-04-24,2027-04-24,10.00%,5000.0,5000.0,34,800,false
"[B0GLNN67CZ, B0GLMZVYYL, B0GLNX4JXC, B0GLNDWS5G, B0GLMGJVBR, B0GLNDNDBF, B0GLNDC3RS, B0GLNDBKPX, B0GLMNVJWN, B0GLNRD4G8, B0GLM69Z65, B0GLNDCYR1, B0GLMG1VTP, B0GLN2DQBP, B0GLNDCCN9, B0GLMSLPHT, B0GLN5CW4Y, B0GLNMX629, B0GLM9D3Q3, B0GLNMXY2Y, B0GLNXBJRC, B0GLN8MC64, B0GLN2GSFX, B0GLMNHPX6, B0GLNDWY69, B0GLMFVZDY, B0GLNMTC7H, B0GLMYBNTN, B0GLMSHZYD, B0GLN4PRH5, B0GLN4PRH7, B0GLNR3DRK, B0GLNDCNMH, B0GLNR6BQN, B0GLN8PF5Q, B0GLNDKWGN, B0GLN5F33R, B0GLNR42Q3, B0GLM98DXN, B0GLMSBHNB, B0GLNMY3W3, B0GLMNX6KJ, B0GLNR46Q2, B0GLNJT84G, B0GLMSWPFJ, B0GLM61QS8, B0GLMGGF2M, B0GLN56FDB, B0GLMZXT7Y, B0GLN16LNF, B0GLMY29PQ, B0GLNDBML5, B0GLM9BJJ1, B0GLML5XG6, B0GLN8VH37, B0GLNR48V7, B0GLMNKYFC, B0GLNMYRXW, B0GLNR1TQQ, B0GLNJP4F2]",amzn1.campaign.21MBIIYFYWPYQ,COS6B283,COSSEN,2026-04-09,2027-04-01,10.00%,50000.0,49896.29,0,800,false
"[B0GKZP55CJ, B0G58FGJS3, B0G58H1SCC, B0GKZSPPCT, B0GKZNNVXM, B0G58H3Q59]",amzn1.campaign.FLA3ZAZLQCI5,4-7-20-9hao,WESSVAN IINTTERNATIONAIL,2026-04-09,2027-04-09,21.15%,5000.0,5000.0,39,800,false
"[B0GLP93J97, B0GLNZBMN3, B0GLP19J61, B0GLP6G4YP, B0GLP6VQ63, B0GLP6H7X9, B0GLP36TB8, B0GLP98QC9, B0GLP6C5W2, B0GLPPG34F, B0GLNQF7N6]",amzn1.campaign.375RSOXF3KUHC,🎯 5 Seconds. 5 Reasons. Go.,HydroQuin,2026-04-23,2027-04-23,10.00%,5000.0,5000.0,45,800,false
"[B0GLNN67CZ, B0GLMZVYYL, B0GLNX4JXC, B0GLNDWS5G, B0GLMGJVBR, B0GLNDNDBF, B0GLNDC3RS, B0GLNDBKPX, B0GLMNVJWN, B0GLNRD4G8, B0GLM69Z65, B0GLNDCYR1, B0GLMG1VTP, B0GLN2DQBP, B0GLNDCCN9, B0GLMSLPHT, B0GLN5CW4Y, B0GLNMX629, B0GLM9D3Q3, B0GLNMXY2Y, B0GLNXBJRC, B0GLN8MC64, B0GLN2GSFX, B0GLMNHPX6, B0GLNDWY69, B0GLMFVZDY, B0GLNMTC7H, B0GLMYBNTN, B0GLMSHZYD, B0GLN4PRH5, B0GLN4PRH7, B0GLNR3DRK, B0GLNDCNMH, B0GLNR6BQN, B0GLN8PF5Q, B0GLNDKWGN, B0GLN5F33R, B0GLNR42Q3, B0GLM98DXN, B0GLMSBHNB, B0GLNMY3W3, B0GLMNX6KJ, B0GLNR46Q2, B0GLNJT84G, B0GLMSWPFJ, B0GLM61QS8, B0GLMGGF2M, B0GLN56FDB, B0GLMZXT7Y, B0GLN16LNF, B0GLMY29PQ, B0GLNDBML5, B0GLM9BJJ1, B0GLML5XG6, B0GLN8VH37, B0GLNR48V7, B0GLMNKYFC, B0GLNMYRXW, B0GLNR1TQQ, B0GLNJP4F2]",amzn1.campaign.39A8KMENP50KW,COS6B283,COSSEN,2026-04-08,2027-04-01,10.00%,50000.0,49853.9,10,800,false
"[B0GKZP55CJ, B0G58FGJS3, B0G58H1SCC, B0GKZSPPCT, B0GKZNNVXM, B0G58H3Q59]",amzn1.campaign.3IH00A0AR63Y8,4-7-20-9hao,WESSVAN IINTTERNATIONAIL,2026-04-09,2027-04-09,21.14%,5000.0,5000.0,36,800,false
"[B0GLP93J97, B0GLNZBMN3, B0GLP19J61, B0GLP6G4YP, B0GLP6VQ63, B0GLP6H7X9, B0GLP36TB8, B0GLP98QC9, B0GLP6C5W2, B0GLPPG34F, B0GLNQF7N6]",amzn1.campaign.15O6HKJZP04WM,🤔 Between us? Most “insulated” bottles are lying.,HydroQuin,2026-04-22,2027-04-22,10.00%,5000.0,5000.0,38,800,false
"[B0G7YNPXP2, B0G7YNKVRN, B0G7Z7ZT99, B0G7YWG1QJ, B0G7Z8PN2L, B0G7ZJC1W7, B0G88JKJ78, B0G7YJ3PL1, B0G7Z14MSL, B0G7YR9H2L, B0G88VYZRV, B0G7Z11D5M, B0G7YGJV85, B0G88866X6, B0G7ZKXPZP, B0G8CV5TS1, B0G7YR14NN, B0G7Z4757L, B0G8DYT77Q, B0G7YPNXGM, B0G7YRL1YQ, B0G7YN3M47, B0G882CPS4, B0G8DXW27D, B0G88DGCTR, B0G7ZC82LV, B0G87CKZ8H, B0G7Z4CSBQ, B0G7Z2Q9CF, B0G7YPMKBB, B0G7ZDZS16, B0G7ZFXYDD, B0G7YSX9JG, B0G7ZFYWKZ, B0G7Z6WTR1, B0G7ZDKDWJ, B0G7YP9549, B0G7Z8FQ73, B0G8DY1YDH, B0G7ZLLDVV]",amzn1.campaign.DKCHIIB1N1QT,COS6B260,COSSEN,2026-04-08,2027-03-31,10.00%,50000.0,49995.22,16,800,false
"[B0GLP93J97, B0GLNZBMN3, B0GLP19J61, B0GLP6G4YP, B0GLP6VQ63, B0GLP6H7X9, B0GLP36TB8, B0GLP98QC9, B0GLP6C5W2, B0GLPPG34F, B0GLNQF7N6]",amzn1.campaign.2OD5WNNZX1IJE,"🎬 2-Minute Review: HydroQuin (No Fluff, Just Facts)",HydroQuin,2026-04-21,2027-04-21,10.00%,5000.0,5000.0,43,800,false
"[B0GKZP55CJ, B0G58FGJS3, B0G58H1SCC, B0GKZSPPCT, B0GKZNNVXM, B0G58H3Q59]",amzn1.campaign.2L6BDBIGP5CXB,4-7-20-9hao,WESSVAN IINTTERNATIONAIL,2026-04-09,2027-04-09,21.13%,5000.0,5000.0,35,800,false
"[B0GLP93J97, B0GLNZBMN3, B0GLP19J61, B0GLP6G4YP, B0GLP6VQ63, B0GLP6H7X9, B0GLP36TB8, B0GLP98QC9, B0GLP6C5W2, B0GLPPG34F, B0GLNQF7N6]",amzn1.campaign.CTKXXXG78KYR,📋 The Only 4 Things You Need to Know About HydroQuin,HydroQuin,2026-04-20,2027-04-20,10.00%,5000.0,5000.0,49,800,false
"[B0GKZP55CJ, B0G58FGJS3, B0G58H1SCC, B0GKZSPPCT, B0GKZNNVXM, B0G58H3Q59]",amzn1.campaign.20TK5HM8U23GA,4-7-20-9hao,WESSVAN IINTTERNATIONAIL,2026-04-09,2027-04-09,21.12%,5000.0,5000.0,35,800,false
"[B0GKZP55CJ, B0G58FGJS3, B0G58H1SCC, B0GKZSPPCT, B0GKZNNVXM, B0G58H3Q59]",amzn1.campaign.1DWHKHQVIZABQ,4-7-20-9hao,WESSVAN IINTTERNATIONAIL,2026-04-09,2027-04-09,21.11%,5000.0,5000.0,33,800,false
"[B0GKZP55CJ, B0G58FGJS3, B0G58H1SCC, B0GKZSPPCT, B0GKZNNVXM, B0G58H3Q59]",amzn1.campaign.3PNUBGNL7Q171,4-7-20-9hao,WESSVAN IINTTERNATIONAIL,2026-04-09,2027-04-09,21.10%,5000.0,5000.0,38,800,false
"[B0GGYPRWTR, B0GGYTFNPX]",amzn1.campaign.20SMHQWFIGGX2,OceanBreezy New Release Bulletin Board-2,OceanBreezy,2026-04-08,2026-10-31,10.00%,5000.0,4609.61,0,800,false
"[B0GKZP55CJ, B0G58FGJS3, B0G58H1SCC, B0GKZSPPCT, B0GKZNNVXM, B0G58H3Q59]",amzn1.campaign.1UDN2KPZORTIJ,4-7-20-9hao,WESSVAN IINTTERNATIONAIL,2026-04-09,2027-04-09,21.09%,5000.0,5000.0,35,800,false
[B0CTQ99JBG],amzn1.campaign.11YLRWPYA9YBH,18k Gold Plated Lotus Necklace - Buddha Necklace  - Good Luck Necklace,ARTXZDZ,2026-04-08,2026-09-30,15.00%,5000.0,5000.0,0,800,false
"[B0FH45QGX4, B0F8312V4S, B0FGYDVDDL, B0F6T1DF2M, B0FH3YY55D, B0FH43LK93, B0FH4F8C7S, B0F6TVF7Q5, B0F332LB77, B0FGYC77H8, B0FH4GQ7QX, B0F83242PT, B0F42NQZ9F, B0F83B7KKH, B0F6TVY3SS, B0F331XHL1, B0GSMPNM2G, B0F82HLQPW, B0F42BVFG6, B0FGYJ4YBB, B0F6TBGQZB, B0FGYFVR82, B0FGYFT2Z1, B0F6TVNK79, B0FGYGHWF9, B0FH42WR6H, B0F42MVXLM, B0F32ZXC6R, B0F42GP468, B0F331NJJR, B0GSMGC3KM, B0F6T1CFMN, B0FGYFFL7N, B0F6TVGW2Q, B0FGYFJ1C9, B0GSMVKSCL, B0GSMMXLVF, B0F6TKYD76, B0FH4PYSCQ, B0FGYD1P2V, B0FGYCDZG2, B0FGYHXDCK, B0FH4PQDRR]",amzn1.campaign.3RANHH0S8ZEVL,Earn high commissions - promote TUREAU fashion!-M,TUREAU,2026-04-08,2026-11-01,10.00%,5000.0,4997.5,11,800,false
"[B0G8CG7JT7, B0G81VFCJT, B0GJZLFYWC, B0G81R1X1Z, B0GJZCGV31, B0GJZ7CC1C]",amzn1.campaign.N9JY77RZTA61,Top Spiral Notebook Large Leather Hardcover Top Bound Steno Pads A4 and A5 sizes,Simind,2026-04-08,2027-04-08,10.00%,100000.0,99984.5,0,800,false
"[B0GKZP55CJ, B0G58FGJS3, B0G58H1SCC, B0GKZSPPCT, B0GKZNNVXM, B0G58H3Q59]",amzn1.campaign.30EDSET2PWU1Q,4-7-20-9hao,WESSVAN IINTTERNATIONAIL,2026-04-09,2027-04-09,21.08%,5000.0,5000.0,36,800,false
"[B0GJMDTLNH, B0GL1LLTTG]",amzn1.campaign.OHGXAWU7HDG6,Activities for the Graphene Style 2,ROWMATE,2026-04-08,2026-10-07,10.00%,10000.0,10000.0,17,800,false
"[B0GKZP55CJ, B0G58FGJS3, B0G58H1SCC, B0GKZSPPCT, B0GKZNNVXM, B0G58H3Q59]",amzn1.campaign.1QB0DF0SSOABI,4-7-20-9hao,WESSVAN IINTTERNATIONAIL,2026-04-09,2027-04-09,21.07%,5000.0,5000.0,36,800,false
"[B0GKZP55CJ, B0G58FGJS3, B0G58H1SCC, B0GKZSPPCT, B0GKZNNVXM, B0G58H3Q59]",amzn1.campaign.2CJG45Z1W9RM8,4-7-20-9hao,WESSVAN IINTTERNATIONAIL,2026-04-09,2027-04-09,21.06%,5000.0,5000.0,36,800,false
"[B0GQDH3DJ6, B0GPWYG4W9]",amzn1.campaign.1T5YKJ4LPJ726,B0GPWYG4W9活动,ROWMATE,2026-04-08,2026-11-07,10.00%,10000.0,9998.15,11,800,false
"[B0GKZP55CJ, B0G58FGJS3, B0G58H1SCC, B0GKZSPPCT, B0GKZNNVXM, B0G58H3Q59]",amzn1.campaign.AA954T3M32JH,4-7-20-9hao,WESSVAN IINTTERNATIONAIL,2026-04-09,2027-04-09,21.05%,5000.0,5000.0,38,800,false
"[B0GKZP55CJ, B0G58FGJS3, B0G58H1SCC, B0GKZSPPCT, B0GKZNNVXM, B0G58H3Q59]",amzn1.campaign.1UO0IXQDBIKVC,4-7-20-9hao,WESSVAN IINTTERNATIONAIL,2026-04-09,2027-04-09,21.04%,5000.0,5000.0,36,800,false
"[B0GKZP55CJ, B0G58FGJS3, B0G58H1SCC, B0GKZSPPCT, B0GKZNNVXM, B0G58H3Q59]",amzn1.campaign.1FNK204HBNETL,4-7-20-9hao,WESSVAN IINTTERNATIONAIL,2026-04-09,2027-04-09,21.03%,5000.0,5000.0,34,800,false
"[B0GKZP55CJ, B0G58FGJS3, B0G58H1SCC, B0GKZSPPCT, B0GKZNNVXM, B0G58H3Q59]",amzn1.campaign.18VDO61LTPGKP,4-7-20-9hao,WESSVAN IINTTERNATIONAIL,2026-04-09,2027-04-09,21.02%,5000.0,5000.0,34,800,false
"[B0GKZP55CJ, B0G58FGJS3, B0G58H1SCC, B0GKZSPPCT, B0GKZNNVXM, B0G58H3Q59]",amzn1.campaign.DJUE9XCDEL76,4-7-20-9hao,WESSVAN IINTTERNATIONAIL,2026-04-09,2027-04-09,21.01%,5000.0,5000.0,38,800,false
"[B0GKZP55CJ, B0G58FGJS3, B0G58H1SCC, B0GKZSPPCT, B0GKZNNVXM, B0G58H3Q59]",amzn1.campaign.3SWDI0PXTAHMI,4-7-20-9hao,WESSVAN IINTTERNATIONAIL,2026-04-09,2027-04-09,21.00%,5000.0,5000.0,43,800,false
"[B0GKZP55CJ, B0G58FGJS3, B0G58H1SCC, B0GKZSPPCT, B0GKZNNVXM, B0G58H3Q59]",amzn1.campaign.18SD0TYIQCR38,4-7-20-9hao,WESSVAN IINTTERNATIONAIL,2026-04-09,2027-04-09,20.99%,5000.0,5000.0,38,800,false
"[B0GKZP55CJ, B0G58FGJS3, B0G58H1SCC, B0GKZSPPCT, B0GKZNNVXM, B0G58H3Q59]",amzn1.campaign.2CDYCCFV1S0GJ,4-7-20-9hao,WESSVAN IINTTERNATIONAIL,2026-04-09,2027-04-09,20.98%,5000.0,5000.0,40,800,false
"[B0GKZP55CJ, B0G58FGJS3, B0G58H1SCC, B0GKZSPPCT, B0GKZNNVXM, B0G58H3Q59]",amzn1.campaign.3EV7IR4PWF3LX,4-7-20-9hao,WESSVAN IINTTERNATIONAIL,2026-04-09,2027-04-09,20.97%,5000.0,5000.0,42,800,false
"[B0GKZP55CJ, B0G58FGJS3, B0G58H1SCC, B0GKZSPPCT, B0GKZNNVXM, B0G58H3Q59]",amzn1.campaign.33DRH9OXJRVCG,4-7-20-9hao,WESSVAN IINTTERNATIONAIL,2026-04-09,2027-04-09,20.96%,5000.0,5000.0,39,800,false
"[B0GKZP55CJ, B0G58FGJS3, B0G58H1SCC, B0GKZSPPCT, B0GKZNNVXM, B0G58H3Q59]",amzn1.campaign.1USVHA479UCEY,4-7-20-9hao,WESSVAN IINTTERNATIONAIL,2026-04-09,2027-04-09,20.95%,5000.0,5000.0,39,800,false
"[B0GKZP55CJ, B0G58FGJS3, B0G58H1SCC, B0GKZSPPCT, B0GKZNNVXM, B0G58H3Q59]",amzn1.campaign.1ISVQDZEHZCCZ,4-7-20-9hao,WESSVAN IINTTERNATIONAIL,2026-04-09,2027-04-09,20.94%,5000.0,5000.0,38,800,false
"[B0GKZP55CJ, B0G58FGJS3, B0G58H1SCC, B0GKZSPPCT, B0GKZNNVXM, B0G58H3Q59]",amzn1.campaign.3GWL3WV7XIM6Y,4-7-20-9hao,WESSVAN IINTTERNATIONAIL,2026-04-09,2027-04-09,20.93%,5000.0,5000.0,42,800,false
"[B0GKZP55CJ, B0G58FGJS3, B0G58H1SCC, B0GKZSPPCT, B0GKZNNVXM, B0G58H3Q59]",amzn1.campaign.2ESMKPE17TQ1A,4-7-20-9hao,WESSVAN IINTTERNATIONAIL,2026-04-09,2027-04-09,20.92%,5000.0,5000.0,39,800,false
[B0GGRLFB98],amzn1.campaign.KAPKSBLSIXOZ,OceanBreezy New Release Bulletin Board,OceanBreezy,2026-04-08,2026-10-31,10.00%,5000.0,4985.33,17,800,false
"[B0GKZP55CJ, B0G58FGJS3, B0G58H1SCC, B0GKZSPPCT, B0GKZNNVXM, B0G58H3Q59]",amzn1.campaign.5DZP5MFA196,4-7-20-9hao,WESSVAN IINTTERNATIONAIL,2026-04-09,2027-04-09,20.91%,5000.0,5000.0,43,800,false
"[B0GKZP55CJ, B0G58FGJS3, B0G58H1SCC, B0GKZSPPCT, B0GKZNNVXM, B0G58H3Q59]",amzn1.campaign.3SO9C30XKFSF2,4-7-20-9hao,WESSVAN IINTTERNATIONAIL,2026-04-09,2027-04-09,20.90%,5000.0,5000.0,44,800,false
"[B0GKZP55CJ, B0G58FGJS3, B0G58H1SCC, B0GKZSPPCT, B0GKZNNVXM, B0G58H3Q59]",amzn1.campaign.3DFL57XYPROLB,4-7-20-9hao,WESSVAN IINTTERNATIONAIL,2026-04-09,2027-04-09,20.89%,5000.0,5000.0,41,800,false
"[B0GKZP55CJ, B0G58FGJS3, B0G58H1SCC, B0GKZSPPCT, B0GKZNNVXM, B0G58H3Q59]",amzn1.campaign.32Y6EQXOUVOYB,4-7-20-9hao,WESSVAN IINTTERNATIONAIL,2026-04-09,2027-04-09,20.88%,5000.0,5000.0,38,800,false
"[B0FY1MMD1G, B0G1B17KS4, B0G19T94W4]",amzn1.campaign.E3IKDJC205JM,MOSLUNA Dowen Pillows with gusset,Mosluna,2026-04-08,2027-01-01,15.00%,100000.0,99782.78,0,800,false
"[B0GKZP55CJ, B0G58FGJS3, B0G58H1SCC, B0GKZSPPCT, B0GKZNNVXM, B0G58H3Q59]",amzn1.campaign.1XHX9KAFTMNCL,4-7-20-9hao,WESSVAN IINTTERNATIONAIL,2026-04-09,2027-04-09,20.87%,5000.0,5000.0,39,800,false
"[B0GKZP55CJ, B0G58FGJS3, B0G58H1SCC, B0GKZSPPCT, B0GKZNNVXM, B0G58H3Q59]",amzn1.campaign.32JPZTQXVR6O8,4-7-20-9hao,WESSVAN IINTTERNATIONAIL,2026-04-09,2027-04-09,20.86%,5000.0,5000.0,40,800,false
"[B0GKZP55CJ, B0G58FGJS3, B0G58H1SCC, B0GKZSPPCT, B0GKZNNVXM, B0G58H3Q59]",amzn1.campaign.CGA2R2BEQGG6,4-7-20-9hao,WESSVAN IINTTERNATIONAIL,2026-04-09,2027-04-09,20.85%,5000.0,5000.0,42,800,false
"[B0GKZP55CJ, B0G58FGJS3, B0G58H1SCC, B0GKZSPPCT, B0GKZNNVXM, B0G58H3Q59]",amzn1.campaign.1PNN0PFJFHN3U,4-7-20-9hao,WESSVAN IINTTERNATIONAIL,2026-04-09,2027-04-09,20.84%,5000.0,5000.0,40,800,false
"[B0GKZP55CJ, B0G58FGJS3, B0G58H1SCC, B0GKZSPPCT, B0GKZNNVXM, B0G58H3Q59]",amzn1.campaign.1GEA819TXT6BH,4-7-20-9hao,WESSVAN IINTTERNATIONAIL,2026-04-09,2027-04-09,20.83%,5000.0,5000.0,39,800,false
"[B0GKZP55CJ, B0G58FGJS3, B0G58H1SCC, B0GKZSPPCT, B0GKZNNVXM, B0G58H3Q59]",amzn1.campaign.2SHM01JXB5GS2,4-7-20-9hao,WESSVAN IINTTERNATIONAIL,2026-04-09,2027-04-09,20.82%,5000.0,5000.0,40,800,false
"[B0GKZP55CJ, B0G58FGJS3, B0G58H1SCC, B0GKZSPPCT, B0GKZNNVXM, B0G58H3Q59]",amzn1.campaign.DPAZZOV3BZ39,4-7-20-9hao,WESSVAN IINTTERNATIONAIL,2026-04-09,2027-04-09,20.81%,5000.0,5000.0,43,800,false
"[B0FQH7LLYG, B0FQHPW3X4, B0FQHCKVW1, B0FQJ76GKR, B0FQHRXJ41, B0FQJ3L24X, B0FQHPGNZJ, B0FQJ9JW67, B0FQHX825B, B0FQHC236C, B0FQH7W7BB, B0FQHPV3VG, B0FQJ89C4T, B0FQHCLZRZ, B0FQJ77M59, B0FQHSSJQ5, B0FQJ34LQ9, B0FQJ82DJN, B0FQHQ9FC3, B0FQHGMC3B, B0FQHT3XMP, B0FQHQ7D89, B0FQH5C4JK, B0FQJ9QHC3, B0FQHCT3ZW, B0FQHR7P6W, B0FQHGPH41, B0FQJ6QL6W, B0FQJ2H74D, B0FQHRVSQ1, B0FQHRN78W, B0FQHS2LB3]",amzn1.campaign.1HKABTOKTUIJU,Safety Loong Moc Toe Work Boots,SAFETY LOONG,2026-04-08,2027-04-08,10.00%,5000.0,4993.0,9,800,false
"[B0GKZP55CJ, B0G58FGJS3, B0G58H1SCC, B0GKZSPPCT, B0GKZNNVXM, B0G58H3Q59]",amzn1.campaign.2PM9Z06LSFIIK,4-7-20-9hao,WESSVAN IINTTERNATIONAIL,2026-04-09,2027-04-09,20.80%,5000.0,5000.0,39,800,false
"[B0GKZP55CJ, B0G58FGJS3, B0G58H1SCC, B0GKZSPPCT, B0GKZNNVXM, B0G58H3Q59]",amzn1.campaign.DLFDXWNEMTYF,4-7-20-9hao,WESSVAN IINTTERNATIONAIL,2026-04-09,2027-04-09,20.79%,5000.0,5000.0,43,800,false
"[B0GKZP55CJ, B0G58FGJS3, B0G58H1SCC, B0GKZSPPCT, B0GKZNNVXM, B0G58H3Q59]",amzn1.campaign.17YMHWZZTWRBI,4-7-20-9hao,WESSVAN IINTTERNATIONAIL,2026-04-09,2027-04-09,20.78%,5000.0,5000.0,37,800,false
"[B0GKZP55CJ, B0G58FGJS3, B0G58H1SCC, B0GKZSPPCT, B0GKZNNVXM, B0G58H3Q59]",amzn1.campaign.RN4PMTHOEDPN,4-7-20-9hao,WESSVAN IINTTERNATIONAIL,2026-04-09,2027-04-09,20.77%,5000.0,5000.0,43,800,false
"[B0GKZP55CJ, B0G58FGJS3, B0G58H1SCC, B0GKZSPPCT, B0GKZNNVXM, B0G58H3Q59]",amzn1.campaign.2XXW906HAGOUI,4-7-20-9hao,WESSVAN IINTTERNATIONAIL,2026-04-09,2027-04-09,20.76%,5000.0,5000.0,40,800,false
"[B0GKZP55CJ, B0G58FGJS3, B0G58H1SCC, B0GKZSPPCT, B0GKZNNVXM, B0G58H3Q59]",amzn1.campaign.NU1R7YVRVR2M,4-7-20-9hao,WESSVAN IINTTERNATIONAIL,2026-04-09,2027-04-09,20.75%,5000.0,5000.0,45,800,false
"[B0GKZP55CJ, B0G58FGJS3, B0G58H1SCC, B0GKZSPPCT, B0GKZNNVXM, B0G58H3Q59]",amzn1.campaign.3PENH67B2VLND,4-7-20-9hao,WESSVAN IINTTERNATIONAIL,2026-04-09,2027-04-09,20.74%,5000.0,5000.0,42,800,false
"[B0BCR18C6H, B0B86JZXZZ, B0B86J5MSM]",amzn1.campaign.2VC0BLS72PWJV,魔方,Nascence,2026-04-08,2027-03-31,10.00%,5000.0,5000.0,7,800,false
"[B0GKZP55CJ, B0G58FGJS3, B0G58H1SCC, B0GKZSPPCT, B0GKZNNVXM, B0G58H3Q59]",amzn1.campaign.2Z58C4M4ISS8P,4-7-20-9hao,WESSVAN IINTTERNATIONAIL,2026-04-09,2027-04-09,20.73%,5000.0,5000.0,41,800,false
"[B0GC55KZZY, B0GC5C59XL, B0GC4QF76M, B0GC4PYTHJ, B0GC6X2Z9M, B0GC5Q727F, B0GVN359PB, B0GC5QPZNK, B0GC43G11F, B0GC5BLVGD, B0GC4T3GRM, B0GC5FTNWY, B0GC5FDF52, B0GC4FTC53, B0GC43PJGZ]",amzn1.campaign.1G9IFX6SJTFF3,Rumors Are True: Creators Earn 15% Per Sale — 33HF’s Samples For Qualified Only,Heyfanee,2026-04-08,2026-10-02,15.00%,5000.0,4994.45,20,800,false
"[B0GKZP55CJ, B0G58FGJS3, B0G58H1SCC, B0GKZSPPCT, B0GKZNNVXM, B0G58H3Q59]",amzn1.campaign.2RFWJ984ZG43O,4-7-20-9hao,WESSVAN IINTTERNATIONAIL,2026-04-09,2027-04-09,20.72%,5000.0,5000.0,41,800,false
"[B0GKZP55CJ, B0G58FGJS3, B0G58H1SCC, B0GKZSPPCT, B0GKZNNVXM, B0G58H3Q59]",amzn1.campaign.2MML4G7ZUDZZP,4-7-20-9hao,WESSVAN IINTTERNATIONAIL,2026-04-09,2027-04-09,20.71%,5000.0,5000.0,41,800,false
"[B0GKZP55CJ, B0G58FGJS3, B0G58H1SCC, B0GKZSPPCT, B0GKZNNVXM, B0G58H3Q59]",amzn1.campaign.2RWY81SCLTPWQ,4-7-20-9hao,WESSVAN IINTTERNATIONAIL,2026-04-09,2027-04-09,20.70%,5000.0,5000.0,40,800,false
"[B0FX3QX13Z, B0FX3RL4YR, B0FMRQ4Y8W, B0FMRR8XP6, B0FX3QLDPK, B0FX3QD3FS, B0FX3R6P1Z]",amzn1.campaign.BYODK6AID14O,Ansi Z87.1 Safety Sunglasses Bestseller!!🔥 🔥🔥 SG1101,SODQW,2026-04-08,2027-04-01,10.00%,999999.0,999999.0,27,800,false
"[B0GKZP55CJ, B0G58FGJS3, B0G58H1SCC, B0GKZSPPCT, B0GKZNNVXM, B0G58H3Q59]",amzn1.campaign.3GCBAGHL9H6ZY,4-7-20-9hao,WESSVAN IINTTERNATIONAIL,2026-04-09,2027-04-09,20.69%,5000.0,5000.0,41,800,false
"[B0GKZP55CJ, B0G58FGJS3, B0G58H1SCC, B0GKZSPPCT, B0GKZNNVXM, B0G58H3Q59]",amzn1.campaign.85TAIIDPWE19,4-7-20-9hao,WESSVAN IINTTERNATIONAIL,2026-04-09,2027-04-09,20.68%,5000.0,5000.0,41,800,false
"[B0GKZP55CJ, B0G58FGJS3, B0G58H1SCC, B0GKZSPPCT, B0GKZNNVXM, B0G58H3Q59]",amzn1.campaign.2CDMN5Y7I6BVI,4-7-20-9hao,WESSVAN IINTTERNATIONAIL,2026-04-09,2027-04-09,20.67%,5000.0,5000.0,39,800,false
"[B0GKZP55CJ, B0G58FGJS3, B0G58H1SCC, B0GKZSPPCT, B0GKZNNVXM, B0G58H3Q59]",amzn1.campaign.22SP5MWTC3IE4,4-7-20-9hao,WESSVAN IINTTERNATIONAIL,2026-04-09,2027-04-09,20.66%,5000.0,5000.0,39,800,false
"[B0FF4BH137, B0GPWJ277Q, B0FF4D4MM5, B0GPVQ7M44, B0FF48WK7R, B0GPVV7M93, B0FF4D3M8W, B0FF4BPWML]",amzn1.campaign.12ACK9IS7PTPK,Designer Dupe! Bestseller! 🔥🔥🔥 SG943,SODQW,2026-04-08,2027-04-01,10.00%,999999.0,999988.55,17,800,false
"[B0GKZP55CJ, B0G58FGJS3, B0G58H1SCC, B0GKZSPPCT, B0GKZNNVXM, B0G58H3Q59]",amzn1.campaign.3NXI6HYKVAR5M,4-7-20-9hao,WESSVAN IINTTERNATIONAIL,2026-04-09,2027-04-09,20.65%,5000.0,5000.0,41,800,false
"[B0GKZP55CJ, B0G58FGJS3, B0G58H1SCC, B0GKZSPPCT, B0GKZNNVXM, B0G58H3Q59]",amzn1.campaign.22IH3INH3HQ57,4-7-20-9hao,WESSVAN IINTTERNATIONAIL,2026-04-09,2027-04-09,20.64%,5000.0,5000.0,39,800,false
"[B0GKZP55CJ, B0G58FGJS3, B0G58H1SCC, B0GKZSPPCT, B0GKZNNVXM, B0G58H3Q59]",amzn1.campaign.34LOUK1UFBGL5,4-7-20-9hao,WESSVAN IINTTERNATIONAIL,2026-04-09,2027-04-09,20.63%,5000.0,5000.0,39,800,false
"[B0GKZP55CJ, B0G58FGJS3, B0G58H1SCC, B0GKZSPPCT, B0GKZNNVXM, B0G58H3Q59]",amzn1.campaign.30N8EUYE0H8Q,4-7-20-9hao,WESSVAN IINTTERNATIONAIL,2026-04-09,2027-04-09,20.62%,5000.0,5000.0,40,800,false
"[B0GKZP55CJ, B0G58FGJS3, B0G58H1SCC, B0GKZSPPCT, B0GKZNNVXM, B0G58H3Q59]",amzn1.campaign.1YSS7HJWMVKSO,4-7-20-9hao,WESSVAN IINTTERNATIONAIL,2026-04-09,2027-04-09,20.61%,5000.0,5000.0,41,800,false
"[B0GKZP55CJ, B0G58FGJS3, B0G58H1SCC, B0GKZSPPCT, B0GKZNNVXM, B0G58H3Q59]",amzn1.campaign.1ZRU6FEU7DVN6,4-7-20-9hao,WESSVAN IINTTERNATIONAIL,2026-04-09,2027-04-09,20.60%,5000.0,5000.0,39,800,false
"[B0GKZP55CJ, B0G58FGJS3, B0G58H1SCC, B0GKZSPPCT, B0GKZNNVXM, B0G58H3Q59]",amzn1.campaign.1SL1SUXZRCI7H,4-7-20-9hao,WESSVAN IINTTERNATIONAIL,2026-04-09,2027-04-09,20.59%,5000.0,5000.0,39,800,false
"[B0GKZP55CJ, B0G58FGJS3, B0G58H1SCC, B0GKZSPPCT, B0GKZNNVXM, B0G58H3Q59]",amzn1.campaign.1VUZHRDVJD06B,4-7-20-9hao,WESSVAN IINTTERNATIONAIL,2026-04-09,2027-04-09,20.58%,5000.0,5000.0,40,800,false
"[B0GKZP55CJ, B0G58FGJS3, B0G58H1SCC, B0GKZSPPCT, B0GKZNNVXM, B0G58H3Q59]",amzn1.campaign.8CKNSBOEA3Z,4-7-20-9hao,WESSVAN IINTTERNATIONAIL,2026-04-09,2027-04-09,20.57%,5000.0,5000.0,44,800,false
"[B0GKZP55CJ, B0G58FGJS3, B0G58H1SCC, B0GKZSPPCT, B0GKZNNVXM, B0G58H3Q59]",amzn1.campaign.KDCP3CIKDE4I,4-7-20-9hao,WESSVAN IINTTERNATIONAIL,2026-04-09,2027-04-09,20.56%,5000.0,5000.0,46,800,false
"[B0GKZP55CJ, B0G58FGJS3, B0G58H1SCC, B0GKZSPPCT, B0GKZNNVXM, B0G58H3Q59]",amzn1.campaign.W01T3925UDE,4-7-20-9hao,WESSVAN IINTTERNATIONAIL,2026-04-09,2027-04-09,20.55%,5000.0,5000.0,46,800,false
"[B0GKZP55CJ, B0G58FGJS3, B0G58H1SCC, B0GKZSPPCT, B0GKZNNVXM, B0G58H3Q59]",amzn1.campaign.6C9C8EE92FBK,4-7-20-9hao,WESSVAN IINTTERNATIONAIL,2026-04-09,2027-04-09,20.54%,5000.0,5000.0,44,800,false
"[B0GKZP55CJ, B0G58FGJS3, B0G58H1SCC, B0GKZSPPCT, B0GKZNNVXM, B0G58H3Q59]",amzn1.campaign.3BX9XKDON51ZJ,4-7-20-9hao,WESSVAN IINTTERNATIONAIL,2026-04-09,2027-04-09,20.53%,5000.0,5000.0,42,800,false
"[B0GKZP55CJ, B0G58FGJS3, B0G58H1SCC, B0GKZSPPCT, B0GKZNNVXM, B0G58H3Q59]",amzn1.campaign.2S37TO5U5L825,4-7-20-9hao,WESSVAN IINTTERNATIONAIL,2026-04-09,2027-04-09,20.52%,5000.0,5000.0,41,800,false
"[B0GKZP55CJ, B0G58FGJS3, B0G58H1SCC, B0GKZSPPCT, B0GKZNNVXM, B0G58H3Q59]",amzn1.campaign.171GCEUBAXVCG,4-7-20-9hao,WESSVAN IINTTERNATIONAIL,2026-04-09,2027-04-09,20.51%,5000.0,5000.0,38,800,false
"[B0GKZP55CJ, B0G58FGJS3, B0G58H1SCC, B0GKZSPPCT, B0GKZNNVXM, B0G58H3Q59]",amzn1.campaign.2GSUDIJTG5MI7,4-7-20-9hao,WESSVAN IINTTERNATIONAIL,2026-04-09,2027-04-09,20.50%,5000.0,5000.0,41,800,false
"[B0GKZP55CJ, B0G58FGJS3, B0G58H1SCC, B0GKZSPPCT, B0GKZNNVXM, B0G58H3Q59]",amzn1.campaign.14B6DI7X0C87D,4-7-20-9hao,WESSVAN IINTTERNATIONAIL,2026-04-09,2027-04-09,20.49%,5000.0,5000.0,39,800,false
"[B0GKZP55CJ, B0G58FGJS3, B0G58H1SCC, B0GKZSPPCT, B0GKZNNVXM, B0G58H3Q59]",amzn1.campaign.LF9ET61ICHMO,4-7-20-9hao,WESSVAN IINTTERNATIONAIL,2026-04-09,2027-04-09,20.48%,5000.0,5000.0,46,800,false
"[B0GKZP55CJ, B0G58FGJS3, B0G58H1SCC, B0GKZSPPCT, B0GKZNNVXM, B0G58H3Q59]",amzn1.campaign.3U72WSS347KO3,4-7-20-9hao,WESSVAN IINTTERNATIONAIL,2026-04-09,2027-04-09,20.47%,5000.0,5000.0,44,800,false
"[B0GKZP55CJ, B0G58FGJS3, B0G58H1SCC, B0GKZSPPCT, B0GKZNNVXM, B0G58H3Q59]",amzn1.campaign.1RHTN8BBU54XJ,4-7-20-9hao,WESSVAN IINTTERNATIONAIL,2026-04-09,2027-04-09,20.46%,5000.0,5000.0,40,800,false
"[B0GKZP55CJ, B0G58FGJS3, B0G58H1SCC, B0GKZSPPCT, B0GKZNNVXM, B0G58H3Q59]",amzn1.campaign.WQ8GBC6PI0Z9,4-7-20-9hao,WESSVAN IINTTERNATIONAIL,2026-04-09,2027-04-09,20.45%,5000.0,5000.0,47,800,false
"[B0GKZP55CJ, B0G58FGJS3, B0G58H1SCC, B0GKZSPPCT, B0GKZNNVXM, B0G58H3Q59]",amzn1.campaign.14XG2PSCS69BG,4-7-20-9hao,WESSVAN IINTTERNATIONAIL,2026-04-09,2027-04-09,20.44%,5000.0,5000.0,40,800,false
"[B0GKZP55CJ, B0G58FGJS3, B0G58H1SCC, B0GKZSPPCT, B0GKZNNVXM, B0G58H3Q59]",amzn1.campaign.W4ZU91JHUKKS,4-7-20-9hao,WESSVAN IINTTERNATIONAIL,2026-04-09,2027-04-09,20.43%,5000.0,5000.0,46,800,false
"[B0GKZP55CJ, B0G58FGJS3, B0G58H1SCC, B0GKZSPPCT, B0GKZNNVXM, B0G58H3Q59]",amzn1.campaign.3VN682NSCYH2W,4-7-20-9hao,WESSVAN IINTTERNATIONAIL,2026-04-09,2027-04-09,20.42%,5000.0,5000.0,45,800,false
"[B0GKZP55CJ, B0G58FGJS3, B0G58H1SCC, B0GKZSPPCT, B0GKZNNVXM, B0G58H3Q59]",amzn1.campaign.115GZWSU4ITSE,4-7-20-9hao,WESSVAN IINTTERNATIONAIL,2026-04-09,2027-04-09,20.41%,5000.0,5000.0,39,800,false
"[B0GKZP55CJ, B0G58FGJS3, B0G58H1SCC, B0GKZSPPCT, B0GKZNNVXM, B0G58H3Q59]",amzn1.campaign.2S0P2TWNABU7F,4-7-20-9hao,WESSVAN IINTTERNATIONAIL,2026-04-09,2027-04-09,20.40%,5000.0,5000.0,40,800,false
"[B0GKZP55CJ, B0G58FGJS3, B0G58H1SCC, B0GKZSPPCT, B0GKZNNVXM, B0G58H3Q59]",amzn1.campaign.256FM9UJ7C7IW,4-7-20-9hao,WESSVAN IINTTERNATIONAIL,2026-04-09,2027-04-09,20.39%,5000.0,5000.0,42,800,false
"[B0GKZP55CJ, B0G58FGJS3, B0G58H1SCC, B0GKZSPPCT, B0GKZNNVXM, B0G58H3Q59]",amzn1.campaign.2A4036LEW2DUN,4-7-20-9hao,WESSVAN IINTTERNATIONAIL,2026-04-09,2027-04-09,20.38%,5000.0,5000.0,41,800,false
"[B0GKZP55CJ, B0G58FGJS3, B0G58H1SCC, B0GKZSPPCT, B0GKZNNVXM, B0G58H3Q59]",amzn1.campaign.13HD18Q321EL1,4-7-20-9hao,WESSVAN IINTTERNATIONAIL,2026-04-09,2027-04-09,20.37%,5000.0,5000.0,39,800,false
"[B0GKZP55CJ, B0G58FGJS3, B0G58H1SCC, B0GKZSPPCT, B0GKZNNVXM, B0G58H3Q59]",amzn1.campaign.21302A0P0BLW1,4-7-20-9hao,WESSVAN IINTTERNATIONAIL,2026-04-09,2027-04-09,20.36%,5000.0,5000.0,41,800,false
"[B0GKZP55CJ, B0G58FGJS3, B0G58H1SCC, B0GKZSPPCT, B0GKZNNVXM, B0G58H3Q59]",amzn1.campaign.11LIWNRBB025I,4-7-20-9hao,WESSVAN IINTTERNATIONAIL,2026-04-09,2027-04-09,20.35%,5000.0,5000.0,39,800,false
"[B0GKZP55CJ, B0G58FGJS3, B0G58H1SCC, B0GKZSPPCT, B0GKZNNVXM, B0G58H3Q59]",amzn1.campaign.2J8PH2FDGR1DZ,4-7-20-9hao,WESSVAN IINTTERNATIONAIL,2026-04-09,2027-04-09,20.34%,5000.0,5000.0,41,800,false
"[B0GKZP55CJ, B0G58FGJS3, B0G58H1SCC, B0GKZSPPCT, B0GKZNNVXM, B0G58H3Q59]",amzn1.campaign.2ZP6JTHUP7PY0,4-7-20-9hao,WESSVAN IINTTERNATIONAIL,2026-04-09,2027-04-09,20.33%,5000.0,5000.0,42,800,false
"[B0GKZP55CJ, B0G58FGJS3, B0G58H1SCC, B0GKZSPPCT, B0GKZNNVXM, B0G58H3Q59]",amzn1.campaign.W9FTUZMPZPTM,4-7-20-9hao,WESSVAN IINTTERNATIONAIL,2026-04-09,2027-04-09,20.32%,5000.0,5000.0,46,800,false
"[B0GKZP55CJ, B0G58FGJS3, B0G58H1SCC, B0GKZSPPCT, B0GKZNNVXM, B0G58H3Q59]",amzn1.campaign.FKDQG0MPDGRG,4-7-20-9hao,WESSVAN IINTTERNATIONAIL,2026-04-09,2027-04-09,20.31%,5000.0,5000.0,45,800,false
"[B0GKZP55CJ, B0G58FGJS3, B0G58H1SCC, B0GKZSPPCT, B0GKZNNVXM, B0G58H3Q59]",amzn1.campaign.9Z1ZIL5248UE,4-7-20-9hao,WESSVAN IINTTERNATIONAIL,2026-04-09,2027-04-09,20.30%,5000.0,5000.0,43,800,false
"[B0GKZP55CJ, B0G58FGJS3, B0G58H1SCC, B0GKZSPPCT, B0GKZNNVXM, B0G58H3Q59]",amzn1.campaign.2WCXDRDS1CKB6,4-7-20-9hao,WESSVAN IINTTERNATIONAIL,2026-04-09,2027-04-09,20.29%,5000.0,5000.0,42,800,false
"[B0GKZP55CJ, B0G58FGJS3, B0G58H1SCC, B0GKZSPPCT, B0GKZNNVXM, B0G58H3Q59]",amzn1.campaign.1O1ZC68YRFIUP,4-7-20-9hao,WESSVAN IINTTERNATIONAIL,2026-04-09,2027-04-09,20.28%,5000.0,5000.0,40,800,false
"[B0GKZP55CJ, B0G58FGJS3, B0G58H1SCC, B0GKZSPPCT, B0GKZNNVXM, B0G58H3Q59]",amzn1.campaign.1869MKUTPZWC2,4-7-20-9hao,WESSVAN IINTTERNATIONAIL,2026-04-09,2027-04-09,20.27%,5000.0,5000.0,39,800,false
[B0GRB2Z531],amzn1.campaign.3LYY6UFBE09UK,鼻贴,Nascence,2026-04-08,2027-03-31,10.00%,5000.0,5000.0,16,800,false
"[B0GKZP55CJ, B0G58FGJS3, B0G58H1SCC, B0GKZSPPCT, B0GKZNNVXM, B0G58H3Q59]",amzn1.campaign.31Z1IIZYFPOMG,4-7-20-9hao,WESSVAN IINTTERNATIONAIL,2026-04-09,2027-04-09,20.26%,5000.0,5000.0,41,800,false
"[B0GKZP55CJ, B0G58FGJS3, B0G58H1SCC, B0GKZSPPCT, B0GKZNNVXM, B0G58H3Q59]",amzn1.campaign.FKS9AW6GPR6Y,4-7-20-9hao,WESSVAN IINTTERNATIONAIL,2026-04-09,2027-04-09,20.25%,5000.0,5000.0,45,800,false
"[B0GKZP55CJ, B0G58FGJS3, B0G58H1SCC, B0GKZSPPCT, B0GKZNNVXM, B0G58H3Q59]",amzn1.campaign.3J94GGC8EEL72,4-7-20-9hao,WESSVAN IINTTERNATIONAIL,2026-04-09,2027-04-09,20.24%,5000.0,5000.0,43,800,false
"[B0GKZP55CJ, B0G58FGJS3, B0G58H1SCC, B0GKZSPPCT, B0GKZNNVXM, B0G58H3Q59]",amzn1.campaign.3P6OFM32BXY9S,4-7-20-9hao,WESSVAN IINTTERNATIONAIL,2026-04-09,2027-04-09,20.23%,5000.0,5000.0,44,800,false
"[B0GKZP55CJ, B0G58FGJS3, B0G58H1SCC, B0GKZSPPCT, B0GKZNNVXM, B0G58H3Q59]",amzn1.campaign.BSAF03GB2RF0,4-7-20-9hao,WESSVAN IINTTERNATIONAIL,2026-04-09,2027-04-09,20.22%,5000.0,5000.0,42,800,false
"[B0GKZP55CJ, B0G58FGJS3, B0G58H1SCC, B0GKZSPPCT, B0GKZNNVXM, B0G58H3Q59]",amzn1.campaign.2QO9FQL7ECR9I,4-7-20-9hao,WESSVAN IINTTERNATIONAIL,2026-04-09,2027-04-09,20.21%,5000.0,5000.0,40,800,false
"[B0GKZP55CJ, B0G58FGJS3, B0G58H1SCC, B0GKZSPPCT, B0GKZNNVXM, B0G58H3Q59]",amzn1.campaign.Z5J7UHZOGVOI,4-7-20-9hao,WESSVAN IINTTERNATIONAIL,2026-04-09,2027-04-09,20.20%,5000.0,5000.0,45,800,false
"[B0GKZP55CJ, B0G58FGJS3, B0G58H1SCC, B0GKZSPPCT, B0GKZNNVXM, B0G58H3Q59]",amzn1.campaign.2Z391KALZDAOM,4-7-20-9hao,WESSVAN IINTTERNATIONAIL,2026-04-09,2027-04-09,20.19%,5000.0,5000.0,41,800,false
"[B0GKZP55CJ, B0G58FGJS3, B0G58H1SCC, B0GKZSPPCT, B0GKZNNVXM, B0G58H3Q59]",amzn1.campaign.2SYTZQBWGKJ5M,4-7-20-9hao,WESSVAN IINTTERNATIONAIL,2026-04-09,2027-04-09,20.18%,5000.0,5000.0,43,800,false
"[B0GKZP55CJ, B0G58FGJS3, B0G58H1SCC, B0GKZSPPCT, B0GKZNNVXM, B0G58H3Q59]",amzn1.campaign.1DRAZ2XC1PJQU,4-7-20-9hao,WESSVAN IINTTERNATIONAIL,2026-04-09,2027-04-09,20.17%,5000.0,5000.0,39,800,false
"[B0GKZP55CJ, B0G58FGJS3, B0G58H1SCC, B0GKZSPPCT, B0GKZNNVXM, B0G58H3Q59]",amzn1.campaign.33WN8S91Y713X,4-7-20-9hao,WESSVAN IINTTERNATIONAIL,2026-04-09,2027-04-09,20.16%,5000.0,5000.0,43,800,false
"[B0GKZP55CJ, B0G58FGJS3, B0G58H1SCC, B0GKZSPPCT, B0GKZNNVXM, B0G58H3Q59]",amzn1.campaign.1ENH8NGWN5H8S,4-7-20-9hao,WESSVAN IINTTERNATIONAIL,2026-04-09,2027-04-09,20.15%,5000.0,5000.0,40,800,false
"[B0GKZP55CJ, B0G58FGJS3, B0G58H1SCC, B0GKZSPPCT, B0GKZNNVXM, B0G58H3Q59]",amzn1.campaign.4IIO1ZTXQQ99,4-7-20-9hao,WESSVAN IINTTERNATIONAIL,2026-04-09,2027-04-09,20.14%,5000.0,5000.0,44,800,false
"[B0GKZP55CJ, B0G58FGJS3, B0G58H1SCC, B0GKZSPPCT, B0GKZNNVXM, B0G58H3Q59]",amzn1.campaign.3NBV00P9OFK5N,4-7-20-9hao,WESSVAN IINTTERNATIONAIL,2026-04-09,2027-04-09,20.13%,5000.0,5000.0,44,800,false
"[B0GKZP55CJ, B0G58FGJS3, B0G58H1SCC, B0GKZSPPCT, B0GKZNNVXM, B0G58H3Q59]",amzn1.campaign.3GXB7CAH2AWPT,4-7-20-9hao,WESSVAN IINTTERNATIONAIL,2026-04-09,2027-04-09,20.12%,5000.0,5000.0,43,800,false
"[B0GKZP55CJ, B0G58FGJS3, B0G58H1SCC, B0GKZSPPCT, B0GKZNNVXM, B0G58H3Q59]",amzn1.campaign.G802J5NOINW6,4-7-20-9hao,WESSVAN IINTTERNATIONAIL,2026-04-09,2027-04-09,20.11%,5000.0,5000.0,44,800,false
"[B0GKZP55CJ, B0G58FGJS3, B0G58H1SCC, B0GKZSPPCT, B0GKZNNVXM, B0G58H3Q59]",amzn1.campaign.65UKDUD0Q8IR,4-7-20-9hao,WESSVAN IINTTERNATIONAIL,2026-04-09,2027-04-09,20.10%,5000.0,5000.0,44,800,false
"[B0GKZP55CJ, B0G58FGJS3, B0G58H1SCC, B0GKZSPPCT, B0GKZNNVXM, B0G58H3Q59]",amzn1.campaign.23KNGML8E3YWK,4-7-20-9hao,WESSVAN IINTTERNATIONAIL,2026-04-09,2027-04-09,20.09%,5000.0,5000.0,40,800,false
"[B0GKZP55CJ, B0G58FGJS3, B0G58H1SCC, B0GKZSPPCT, B0GKZNNVXM, B0G58H3Q59]",amzn1.campaign.3J4TQ38D7ILVW,4-7-20-9hao,WESSVAN IINTTERNATIONAIL,2026-04-09,2027-04-09,20.08%,5000.0,5000.0,41,800,false
"[B0GKZP55CJ, B0G58FGJS3, B0G58H1SCC, B0GKZSPPCT, B0GKZNNVXM, B0G58H3Q59]",amzn1.campaign.3G8Q9QJRKYQZI,4-7-20-9hao,WESSVAN IINTTERNATIONAIL,2026-04-09,2027-04-09,20.07%,5000.0,5000.0,41,800,false
"[B0GKZP55CJ, B0G58FGJS3, B0G58H1SCC, B0GKZSPPCT, B0GKZNNVXM, B0G58H3Q59]",amzn1.campaign.19BBLGP7C24EE,4-7-20-9hao,WESSVAN IINTTERNATIONAIL,2026-04-09,2027-04-09,20.06%,5000.0,5000.0,37,800,false
"[B0GKZP55CJ, B0G58FGJS3, B0G58H1SCC, B0GKZSPPCT, B0GKZNNVXM, B0G58H3Q59]",amzn1.campaign.1IQ4IBOCY5Q8V,4-7-20-9hao,WESSVAN IINTTERNATIONAIL,2026-04-09,2027-04-09,20.05%,5000.0,5000.0,38,800,false
"[B0GKZP55CJ, B0G58FGJS3, B0G58H1SCC, B0GKZSPPCT, B0GKZNNVXM, B0G58H3Q59]",amzn1.campaign.1YVAXXNTEQMPV,4-7-20-9hao,WESSVAN IINTTERNATIONAIL,2026-04-09,2027-04-09,20.04%,5000.0,5000.0,41,800,false
"[B0GKZP55CJ, B0G58FGJS3, B0G58H1SCC, B0GKZSPPCT, B0GKZNNVXM, B0G58H3Q59]",amzn1.campaign.3PVN9OVBUS282,4-7-20-9hao,WESSVAN IINTTERNATIONAIL,2026-04-09,2027-04-09,20.03%,5000.0,5000.0,42,800,false
"[B0GKZP55CJ, B0G58FGJS3, B0G58H1SCC, B0GKZSPPCT, B0GKZNNVXM, B0G58H3Q59]",amzn1.campaign.QHBL2URJQMQL,4-7-20-9hao,WESSVAN IINTTERNATIONAIL,2026-04-09,2027-04-09,20.02%,5000.0,5000.0,43,800,false
"[B0GKZP55CJ, B0G58FGJS3, B0G58H1SCC, B0GKZSPPCT, B0GKZNNVXM, B0G58H3Q59]",amzn1.campaign.1SVRNX396GCZW,4-7-20-9hao,WESSVAN IINTTERNATIONAIL,2026-04-09,2027-04-09,20.01%,5000.0,5000.0,38,800,false
"[B0GKZP55CJ, B0G58FGJS3, B0G58H1SCC, B0GKZSPPCT, B0GKZNNVXM, B0G58H3Q59]",amzn1.campaign.D3TRJZ9KJATT,4-7-20-9hao,WESSVAN IINTTERNATIONAIL,2026-04-09,2027-04-09,20.00%,5000.0,5000.0,45,800,false
"[B0GH89GLKC, B0GPN3X3P2, B0GPLQZVT6, B0GH8D3T6W, B0GPMRBTKS, B0GH8LRYD4, B0GPN2J8TV, B0GH83GHHW, B0GPN7XKFX, B0GPMTXWF4, B0GH8D8NTY, B0GPN4KPXR, B0GPMV61QS, B0GPN2HTSK, B0GPN6J56R, B0GPMYCM77, B0GPMYQ88N, B0GPN9LSF4, B0GPN2KP93]",amzn1.campaign.G8K70CA4BBPH,"Whole Shop Partner | Simple Promo, Reliable Payout 🎯",MOYEE,2026-04-06,2027-04-06,15.52%,5000.0,5000.0,29,800,false
"[B0GH89GLKC, B0GPN3X3P2, B0GPLQZVT6, B0GH8D3T6W, B0GPMRBTKS, B0GH8LRYD4, B0GPN2J8TV, B0GH83GHHW, B0GPN7XKFX, B0GPMTXWF4, B0GH8D8NTY, B0GPN4KPXR, B0GPMV61QS, B0GPN2HTSK, B0GPN6J56R, B0GPMYCM77, B0GPMYQ88N, B0GPN9LSF4, B0GPN2KP93]",amzn1.campaign.3QN5H4DRU4OKH,"Whole Shop Partner | Simple Promo, Reliable Payout 🎯",MOYEE,2026-04-06,2027-04-06,15.51%,5000.0,5000.0,32,800,false
"[B0GH89GLKC, B0GPN3X3P2, B0GPLQZVT6, B0GH8D3T6W, B0GPMRBTKS, B0GH8LRYD4, B0GPN2J8TV, B0GH83GHHW, B0GPN7XKFX, B0GPMTXWF4, B0GH8D8NTY, B0GPN4KPXR, B0GPMV61QS, B0GPN2HTSK, B0GPN6J56R, B0GPMYCM77, B0GPMYQ88N, B0GPN9LSF4, B0GPN2KP93]",amzn1.campaign.3S8H4J9AMTW3T,"Whole Shop Partner | Simple Promo, Reliable Payout 🎯",MOYEE,2026-04-06,2027-04-06,15.50%,5000.0,5000.0,35,800,false
"[B0GH89GLKC, B0GPN3X3P2, B0GPLQZVT6, B0GH8D3T6W, B0GPMRBTKS, B0GH8LRYD4, B0GPN2J8TV, B0GH83GHHW, B0GPN7XKFX, B0GPMTXWF4, B0GH8D8NTY, B0GPN4KPXR, B0GPMV61QS, B0GPN2HTSK, B0GPN6J56R, B0GPMYCM77, B0GPMYQ88N, B0GPN9LSF4, B0GPN2KP93]",amzn1.campaign.5I88Y1GM4LHQ,"Whole Shop Partner | Simple Promo, Reliable Payout 🎯",MOYEE,2026-04-06,2027-04-06,15.49%,5000.0,5000.0,36,800,false
"[B0GH89GLKC, B0GPN3X3P2, B0GPLQZVT6, B0GH8D3T6W, B0GPMRBTKS, B0GH8LRYD4, B0GPN2J8TV, B0GH83GHHW, B0GPN7XKFX, B0GPMTXWF4, B0GH8D8NTY, B0GPN4KPXR, B0GPMV61QS, B0GPN2HTSK, B0GPN6J56R, B0GPMYCM77, B0GPMYQ88N, B0GPN9LSF4, B0GPN2KP93]",amzn1.campaign.E8KXJHPYWE3G,"Whole Shop Partner | Simple Promo, Reliable Payout 🎯",MOYEE,2026-04-06,2027-04-06,15.48%,5000.0,5000.0,37,800,false
"[B0GH89GLKC, B0GPN3X3P2, B0GPLQZVT6, B0GH8D3T6W, B0GPMRBTKS, B0GH8LRYD4, B0GPN2J8TV, B0GH83GHHW, B0GPN7XKFX, B0GPMTXWF4, B0GH8D8NTY, B0GPN4KPXR, B0GPMV61QS, B0GPN2HTSK, B0GPN6J56R, B0GPMYCM77, B0GPMYQ88N, B0GPN9LSF4, B0GPN2KP93]",amzn1.campaign.2XWRDQE5WB19C,"Whole Shop Partner | Simple Promo, Reliable Payout 🎯",MOYEE,2026-04-06,2027-04-06,15.47%,5000.0,5000.0,34,800,false
"[B0GH89GLKC, B0GPN3X3P2, B0GPLQZVT6, B0GH8D3T6W, B0GPMRBTKS, B0GH8LRYD4, B0GPN2J8TV, B0GH83GHHW, B0GPN7XKFX, B0GPMTXWF4, B0GH8D8NTY, B0GPN4KPXR, B0GPMV61QS, B0GPN2HTSK, B0GPN6J56R, B0GPMYCM77, B0GPMYQ88N, B0GPN9LSF4, B0GPN2KP93]",amzn1.campaign.15U9ANK54YGTX,"Whole Shop Partner | Simple Promo, Reliable Payout 🎯",MOYEE,2026-04-06,2027-04-06,15.46%,5000.0,5000.0,31,800,false
"[B0GH89GLKC, B0GPN3X3P2, B0GPLQZVT6, B0GH8D3T6W, B0GPMRBTKS, B0GH8LRYD4, B0GPN2J8TV, B0GH83GHHW, B0GPN7XKFX, B0GPMTXWF4, B0GH8D8NTY, B0GPN4KPXR, B0GPMV61QS, B0GPN2HTSK, B0GPN6J56R, B0GPMYCM77, B0GPMYQ88N, B0GPN9LSF4, B0GPN2KP93]",amzn1.campaign.1N6Z5Q9NBFLPQ,"Whole Shop Partner | Simple Promo, Reliable Payout 🎯",MOYEE,2026-04-06,2027-04-06,15.45%,5000.0,5000.0,33,800,false
"[B0GH89GLKC, B0GPN3X3P2, B0GPLQZVT6, B0GH8D3T6W, B0GPMRBTKS, B0GH8LRYD4, B0GPN2J8TV, B0GH83GHHW, B0GPN7XKFX, B0GPMTXWF4, B0GH8D8NTY, B0GPN4KPXR, B0GPMV61QS, B0GPN2HTSK, B0GPN6J56R, B0GPMYCM77, B0GPMYQ88N, B0GPN9LSF4, B0GPN2KP93]",amzn1.campaign.3MBB0DQ6W53VZ,"Whole Shop Partner | Simple Promo, Reliable Payout 🎯",MOYEE,2026-04-06,2027-04-06,15.44%,5000.0,5000.0,38,800,false
"[B0GH89GLKC, B0GPN3X3P2, B0GPLQZVT6, B0GH8D3T6W, B0GPMRBTKS, B0GH8LRYD4, B0GPN2J8TV, B0GH83GHHW, B0GPN7XKFX, B0GPMTXWF4, B0GH8D8NTY, B0GPN4KPXR, B0GPMV61QS, B0GPN2HTSK, B0GPN6J56R, B0GPMYCM77, B0GPMYQ88N, B0GPN9LSF4, B0GPN2KP93]",amzn1.campaign.2EYPF864N5B6Q,"Whole Shop Partner | Simple Promo, Reliable Payout 🎯",MOYEE,2026-04-06,2027-04-06,15.43%,5000.0,5000.0,35,800,false
"[B0GH89GLKC, B0GPN3X3P2, B0GPLQZVT6, B0GH8D3T6W, B0GPMRBTKS, B0GH8LRYD4, B0GPN2J8TV, B0GH83GHHW, B0GPN7XKFX, B0GPMTXWF4, B0GH8D8NTY, B0GPN4KPXR, B0GPMV61QS, B0GPN2HTSK, B0GPN6J56R, B0GPMYCM77, B0GPMYQ88N, B0GPN9LSF4, B0GPN2KP93]",amzn1.campaign.1KQVUJG1R633R,"Whole Shop Partner | Simple Promo, Reliable Payout 🎯",MOYEE,2026-04-06,2027-04-06,15.42%,5000.0,5000.0,34,800,false
"[B0GH89GLKC, B0GPN3X3P2, B0GPLQZVT6, B0GH8D3T6W, B0GPMRBTKS, B0GH8LRYD4, B0GPN2J8TV, B0GH83GHHW, B0GPN7XKFX, B0GPMTXWF4, B0GH8D8NTY, B0GPN4KPXR, B0GPMV61QS, B0GPN2HTSK, B0GPN6J56R, B0GPMYCM77, B0GPMYQ88N, B0GPN9LSF4, B0GPN2KP93]",amzn1.campaign.2Q34FLUY3GFK9,"Whole Shop Partner | Simple Promo, Reliable Payout 🎯",MOYEE,2026-04-06,2027-04-06,15.41%,5000.0,5000.0,35,800,false
"[B0GH89GLKC, B0GPN3X3P2, B0GPLQZVT6, B0GH8D3T6W, B0GPMRBTKS, B0GH8LRYD4, B0GPN2J8TV, B0GH83GHHW, B0GPN7XKFX, B0GPMTXWF4, B0GH8D8NTY, B0GPN4KPXR, B0GPMV61QS, B0GPN2HTSK, B0GPN6J56R, B0GPMYCM77, B0GPMYQ88N, B0GPN9LSF4, B0GPN2KP93]",amzn1.campaign.1REACAHUCILFF,"Whole Shop Partner | Simple Promo, Reliable Payout 🎯",MOYEE,2026-04-06,2027-04-06,15.40%,5000.0,5000.0,35,800,false
"[B0GH89GLKC, B0GPN3X3P2, B0GPLQZVT6, B0GH8D3T6W, B0GPMRBTKS, B0GH8LRYD4, B0GPN2J8TV, B0GH83GHHW, B0GPN7XKFX, B0GPMTXWF4, B0GH8D8NTY, B0GPN4KPXR, B0GPMV61QS, B0GPN2HTSK, B0GPN6J56R, B0GPMYCM77, B0GPMYQ88N, B0GPN9LSF4, B0GPN2KP93]",amzn1.campaign.3TAQGLRM3DUH1,"Whole Shop Partner | Simple Promo, Reliable Payout 🎯",MOYEE,2026-04-06,2027-04-06,15.39%,5000.0,5000.0,40,800,false
"[B0GH89GLKC, B0GPN3X3P2, B0GPLQZVT6, B0GH8D3T6W, B0GPMRBTKS, B0GH8LRYD4, B0GPN2J8TV, B0GH83GHHW, B0GPN7XKFX, B0GPMTXWF4, B0GH8D8NTY, B0GPN4KPXR, B0GPMV61QS, B0GPN2HTSK, B0GPN6J56R, B0GPMYCM77, B0GPMYQ88N, B0GPN9LSF4, B0GPN2KP93]",amzn1.campaign.LB8XRE8JVLOB,"Whole Shop Partner | Simple Promo, Reliable Payout 🎯",MOYEE,2026-04-06,2027-04-06,15.38%,5000.0,5000.0,43,800,false
"[B0GH89GLKC, B0GPN3X3P2, B0GPLQZVT6, B0GH8D3T6W, B0GPMRBTKS, B0GH8LRYD4, B0GPN2J8TV, B0GH83GHHW, B0GPN7XKFX, B0GPMTXWF4, B0GH8D8NTY, B0GPN4KPXR, B0GPMV61QS, B0GPN2HTSK, B0GPN6J56R, B0GPMYCM77, B0GPMYQ88N, B0GPN9LSF4, B0GPN2KP93]",amzn1.campaign.3DNNW98XKXDU5,"Whole Shop Partner | Simple Promo, Reliable Payout 🎯",MOYEE,2026-04-06,2027-04-06,15.37%,5000.0,5000.0,40,800,false
"[B0GH89GLKC, B0GPN3X3P2, B0GPLQZVT6, B0GH8D3T6W, B0GPMRBTKS, B0GH8LRYD4, B0GPN2J8TV, B0GH83GHHW, B0GPN7XKFX, B0GPMTXWF4, B0GH8D8NTY, B0GPN4KPXR, B0GPMV61QS, B0GPN2HTSK, B0GPN6J56R, B0GPMYCM77, B0GPMYQ88N, B0GPN9LSF4, B0GPN2KP93]",amzn1.campaign.36LBHS8V1DQN,"Whole Shop Partner | Simple Promo, Reliable Payout 🎯",MOYEE,2026-04-06,2027-04-06,15.36%,5000.0,5000.0,39,800,false
"[B0GH89GLKC, B0GPN3X3P2, B0GPLQZVT6, B0GH8D3T6W, B0GPMRBTKS, B0GH8LRYD4, B0GPN2J8TV, B0GH83GHHW, B0GPN7XKFX, B0GPMTXWF4, B0GH8D8NTY, B0GPN4KPXR, B0GPMV61QS, B0GPN2HTSK, B0GPN6J56R, B0GPMYCM77, B0GPMYQ88N, B0GPN9LSF4, B0GPN2KP93]",amzn1.campaign.1D2ECZXTMWPV7,"Whole Shop Partner | Simple Promo, Reliable Payout 🎯",MOYEE,2026-04-06,2027-04-06,15.35%,5000.0,5000.0,37,800,false
"[B0GH89GLKC, B0GPN3X3P2, B0GPLQZVT6, B0GH8D3T6W, B0GPMRBTKS, B0GH8LRYD4, B0GPN2J8TV, B0GH83GHHW, B0GPN7XKFX, B0GPMTXWF4, B0GH8D8NTY, B0GPN4KPXR, B0GPMV61QS, B0GPN2HTSK, B0GPN6J56R, B0GPMYCM77, B0GPMYQ88N, B0GPN9LSF4, B0GPN2KP93]",amzn1.campaign.2D6H1QZXWIHBK,"Whole Shop Partner | Simple Promo, Reliable Payout 🎯",MOYEE,2026-04-06,2027-04-06,15.34%,5000.0,5000.0,40,800,false
"[B0GH89GLKC, B0GPN3X3P2, B0GPLQZVT6, B0GH8D3T6W, B0GPMRBTKS, B0GH8LRYD4, B0GPN2J8TV, B0GH83GHHW, B0GPN7XKFX, B0GPMTXWF4, B0GH8D8NTY, B0GPN4KPXR, B0GPMV61QS, B0GPN2HTSK, B0GPN6J56R, B0GPMYCM77, B0GPMYQ88N, B0GPN9LSF4, B0GPN2KP93]",amzn1.campaign.1HFICT931TVUA,"Whole Shop Partner | Simple Promo, Reliable Payout 🎯",MOYEE,2026-04-06,2027-04-06,15.33%,5000.0,5000.0,37,800,false
"[B0GH89GLKC, B0GPN3X3P2, B0GPLQZVT6, B0GH8D3T6W, B0GPMRBTKS, B0GH8LRYD4, B0GPN2J8TV, B0GH83GHHW, B0GPN7XKFX, B0GPMTXWF4, B0GH8D8NTY, B0GPN4KPXR, B0GPMV61QS, B0GPN2HTSK, B0GPN6J56R, B0GPMYCM77, B0GPMYQ88N, B0GPN9LSF4, B0GPN2KP93]",amzn1.campaign.1VZZQY4JV8VJ9,"Whole Shop Partner | Simple Promo, Reliable Payout 🎯",MOYEE,2026-04-06,2027-04-06,15.32%,5000.0,5000.0,40,800,false
"[B0GH89GLKC, B0GPN3X3P2, B0GPLQZVT6, B0GH8D3T6W, B0GPMRBTKS, B0GH8LRYD4, B0GPN2J8TV, B0GH83GHHW, B0GPN7XKFX, B0GPMTXWF4, B0GH8D8NTY, B0GPN4KPXR, B0GPMV61QS, B0GPN2HTSK, B0GPN6J56R, B0GPMYCM77, B0GPMYQ88N, B0GPN9LSF4, B0GPN2KP93]",amzn1.campaign.8XASZJFIV57W,"Whole Shop Partner | Simple Promo, Reliable Payout 🎯",MOYEE,2026-04-06,2027-04-06,15.31%,5000.0,5000.0,44,800,false
"[B0GH89GLKC, B0GPN3X3P2, B0GPLQZVT6, B0GH8D3T6W, B0GPMRBTKS, B0GH8LRYD4, B0GPN2J8TV, B0GH83GHHW, B0GPN7XKFX, B0GPMTXWF4, B0GH8D8NTY, B0GPN4KPXR, B0GPMV61QS, B0GPN2HTSK, B0GPN6J56R, B0GPMYCM77, B0GPMYQ88N, B0GPN9LSF4, B0GPN2KP93]",amzn1.campaign.377U30J03X9HP,"Whole Shop Partner | Simple Promo, Reliable Payout 🎯",MOYEE,2026-04-06,2027-04-06,15.30%,5000.0,5000.0,40,800,false
"[B0GH89GLKC, B0GPN3X3P2, B0GPLQZVT6, B0GH8D3T6W, B0GPMRBTKS, B0GH8LRYD4, B0GPN2J8TV, B0GH83GHHW, B0GPN7XKFX, B0GPMTXWF4, B0GH8D8NTY, B0GPN4KPXR, B0GPMV61QS, B0GPN2HTSK, B0GPN6J56R, B0GPMYCM77, B0GPMYQ88N, B0GPN9LSF4, B0GPN2KP93]",amzn1.campaign.2DRDTEY5Z0FSK,"Whole Shop Partner | Simple Promo, Reliable Payout 🎯",MOYEE,2026-04-06,2027-04-06,15.29%,5000.0,5000.0,40,800,false
"[B0GH89GLKC, B0GPN3X3P2, B0GPLQZVT6, B0GH8D3T6W, B0GPMRBTKS, B0GH8LRYD4, B0GPN2J8TV, B0GH83GHHW, B0GPN7XKFX, B0GPMTXWF4, B0GH8D8NTY, B0GPN4KPXR, B0GPMV61QS, B0GPN2HTSK, B0GPN6J56R, B0GPMYCM77, B0GPMYQ88N, B0GPN9LSF4, B0GPN2KP93]",amzn1.campaign.3ECQOAO4IQPFX,"Whole Shop Partner | Simple Promo, Reliable Payout 🎯",MOYEE,2026-04-06,2027-04-06,15.28%,5000.0,5000.0,42,800,false
"[B0GH89GLKC, B0GPN3X3P2, B0GPLQZVT6, B0GH8D3T6W, B0GPMRBTKS, B0GH8LRYD4, B0GPN2J8TV, B0GH83GHHW, B0GPN7XKFX, B0GPMTXWF4, B0GH8D8NTY, B0GPN4KPXR, B0GPMV61QS, B0GPN2HTSK, B0GPN6J56R, B0GPMYCM77, B0GPMYQ88N, B0GPN9LSF4, B0GPN2KP93]",amzn1.campaign.MO3EEGVU3OV2,"Whole Shop Partner | Simple Promo, Reliable Payout 🎯",MOYEE,2026-04-06,2027-04-06,15.27%,5000.0,5000.0,46,800,false
"[B0GH89GLKC, B0GPN3X3P2, B0GPLQZVT6, B0GH8D3T6W, B0GPMRBTKS, B0GH8LRYD4, B0GPN2J8TV, B0GH83GHHW, B0GPN7XKFX, B0GPMTXWF4, B0GH8D8NTY, B0GPN4KPXR, B0GPMV61QS, B0GPN2HTSK, B0GPN6J56R, B0GPMYCM77, B0GPMYQ88N, B0GPN9LSF4, B0GPN2KP93]",amzn1.campaign.HWOHZ0GYI8D5,"Whole Shop Partner | Simple Promo, Reliable Payout 🎯",MOYEE,2026-04-06,2027-04-06,15.26%,5000.0,5000.0,45,800,false
"[B0GH89GLKC, B0GPN3X3P2, B0GPLQZVT6, B0GH8D3T6W, B0GPMRBTKS, B0GH8LRYD4, B0GPN2J8TV, B0GH83GHHW, B0GPN7XKFX, B0GPMTXWF4, B0GH8D8NTY, B0GPN4KPXR, B0GPMV61QS, B0GPN2HTSK, B0GPN6J56R, B0GPMYCM77, B0GPMYQ88N, B0GPN9LSF4, B0GPN2KP93]",amzn1.campaign.329IS30G436C4,"Whole Shop Partner | Simple Promo, Reliable Payout 🎯",MOYEE,2026-04-06,2027-04-06,15.25%,5000.0,5000.0,40,800,false
"[B0GH89GLKC, B0GPN3X3P2, B0GPLQZVT6, B0GH8D3T6W, B0GPMRBTKS, B0GH8LRYD4, B0GPN2J8TV, B0GH83GHHW, B0GPN7XKFX, B0GPMTXWF4, B0GH8D8NTY, B0GPN4KPXR, B0GPMV61QS, B0GPN2HTSK, B0GPN6J56R, B0GPMYCM77, B0GPMYQ88N, B0GPN9LSF4, B0GPN2KP93]",amzn1.campaign.19ORQOQBSE87H,"Whole Shop Partner | Simple Promo, Reliable Payout 🎯",MOYEE,2026-04-06,2027-04-06,15.24%,5000.0,5000.0,38,800,false
"[B0GH89GLKC, B0GPN3X3P2, B0GPLQZVT6, B0GH8D3T6W, B0GPMRBTKS, B0GH8LRYD4, B0GPN2J8TV, B0GH83GHHW, B0GPN7XKFX, B0GPMTXWF4, B0GH8D8NTY, B0GPN4KPXR, B0GPMV61QS, B0GPN2HTSK, B0GPN6J56R, B0GPMYCM77, B0GPMYQ88N, B0GPN9LSF4, B0GPN2KP93]",amzn1.campaign.2113IWCOREQI2,"Whole Shop Partner | Simple Promo, Reliable Payout 🎯",MOYEE,2026-04-06,2027-04-06,15.23%,5000.0,5000.0,40,800,false
"[B0GH89GLKC, B0GPN3X3P2, B0GPLQZVT6, B0GH8D3T6W, B0GPMRBTKS, B0GH8LRYD4, B0GPN2J8TV, B0GH83GHHW, B0GPN7XKFX, B0GPMTXWF4, B0GH8D8NTY, B0GPN4KPXR, B0GPMV61QS, B0GPN2HTSK, B0GPN6J56R, B0GPMYCM77, B0GPMYQ88N, B0GPN9LSF4, B0GPN2KP93]",amzn1.campaign.2N5DS7I7BPARF,"Whole Shop Partner | Simple Promo, Reliable Payout 🎯",MOYEE,2026-04-06,2027-04-06,15.22%,5000.0,5000.0,40,800,false
"[B0GH89GLKC, B0GPN3X3P2, B0GPLQZVT6, B0GH8D3T6W, B0GPMRBTKS, B0GH8LRYD4, B0GPN2J8TV, B0GH83GHHW, B0GPN7XKFX, B0GPMTXWF4, B0GH8D8NTY, B0GPN4KPXR, B0GPMV61QS, B0GPN2HTSK, B0GPN6J56R, B0GPMYCM77, B0GPMYQ88N, B0GPN9LSF4, B0GPN2KP93]",amzn1.campaign.3O4JKX8DRVL70,"Whole Shop Partner | Simple Promo, Reliable Payout 🎯",MOYEE,2026-04-06,2027-04-06,15.21%,5000.0,5000.0,45,800,false
"[B0GH89GLKC, B0GPN3X3P2, B0GPLQZVT6, B0GH8D3T6W, B0GPMRBTKS, B0GH8LRYD4, B0GPN2J8TV, B0GH83GHHW, B0GPN7XKFX, B0GPMTXWF4, B0GH8D8NTY, B0GPN4KPXR, B0GPMV61QS, B0GPN2HTSK, B0GPN6J56R, B0GPMYCM77, B0GPMYQ88N, B0GPN9LSF4, B0GPN2KP93]",amzn1.campaign.2K5IL8XXZNIE4,"Whole Shop Partner | Simple Promo, Reliable Payout 🎯",MOYEE,2026-04-06,2027-04-06,15.20%,5000.0,5000.0,42,800,false
"[B0GH89GLKC, B0GPN3X3P2, B0GPLQZVT6, B0GH8D3T6W, B0GPMRBTKS, B0GH8LRYD4, B0GPN2J8TV, B0GH83GHHW, B0GPN7XKFX, B0GPMTXWF4, B0GH8D8NTY, B0GPN4KPXR, B0GPMV61QS, B0GPN2HTSK, B0GPN6J56R, B0GPMYCM77, B0GPMYQ88N, B0GPN9LSF4, B0GPN2KP93]",amzn1.campaign.2SJRD6UW2ID,"Whole Shop Partner | Simple Promo, Reliable Payout 🎯",MOYEE,2026-04-06,2027-04-06,15.19%,5000.0,5000.0,39,800,false
"[B0GH89GLKC, B0GPN3X3P2, B0GPLQZVT6, B0GH8D3T6W, B0GPMRBTKS, B0GH8LRYD4, B0GPN2J8TV, B0GH83GHHW, B0GPN7XKFX, B0GPMTXWF4, B0GH8D8NTY, B0GPN4KPXR, B0GPMV61QS, B0GPN2HTSK, B0GPN6J56R, B0GPMYCM77, B0GPMYQ88N, B0GPN9LSF4, B0GPN2KP93]",amzn1.campaign.3LCPXYZ1F05B,"Whole Shop Partner | Simple Promo, Reliable Payout 🎯",MOYEE,2026-04-06,2027-04-06,15.18%,5000.0,5000.0,45,800,false
"[B0GH89GLKC, B0GPN3X3P2, B0GPLQZVT6, B0GH8D3T6W, B0GPMRBTKS, B0GH8LRYD4, B0GPN2J8TV, B0GH83GHHW, B0GPN7XKFX, B0GPMTXWF4, B0GH8D8NTY, B0GPN4KPXR, B0GPMV61QS, B0GPN2HTSK, B0GPN6J56R, B0GPMYCM77, B0GPMYQ88N, B0GPN9LSF4, B0GPN2KP93]",amzn1.campaign.1UTGYDK3HW318,"Whole Shop Partner | Simple Promo, Reliable Payout 🎯",MOYEE,2026-04-06,2027-04-06,15.17%,5000.0,5000.0,40,800,false
"[B0GH89GLKC, B0GPN3X3P2, B0GPLQZVT6, B0GH8D3T6W, B0GPMRBTKS, B0GH8LRYD4, B0GPN2J8TV, B0GH83GHHW, B0GPN7XKFX, B0GPMTXWF4, B0GH8D8NTY, B0GPN4KPXR, B0GPMV61QS, B0GPN2HTSK, B0GPN6J56R, B0GPMYCM77, B0GPMYQ88N, B0GPN9LSF4, B0GPN2KP93]",amzn1.campaign.2KTFQXVMLWN5S,"Whole Shop Partner | Simple Promo, Reliable Payout 🎯",MOYEE,2026-04-06,2027-04-06,15.16%,5000.0,5000.0,42,800,false
"[B0GH89GLKC, B0GPN3X3P2, B0GPLQZVT6, B0GH8D3T6W, B0GPMRBTKS, B0GH8LRYD4, B0GPN2J8TV, B0GH83GHHW, B0GPN7XKFX, B0GPMTXWF4, B0GH8D8NTY, B0GPN4KPXR, B0GPMV61QS, B0GPN2HTSK, B0GPN6J56R, B0GPMYCM77, B0GPMYQ88N, B0GPN9LSF4, B0GPN2KP93]",amzn1.campaign.EBSU40WBFOEN,"Whole Shop Partner | Simple Promo, Reliable Payout 🎯",MOYEE,2026-04-06,2027-04-06,15.15%,5000.0,5000.0,45,800,false
"[B0GH89GLKC, B0GPN3X3P2, B0GPLQZVT6, B0GH8D3T6W, B0GPMRBTKS, B0GH8LRYD4, B0GPN2J8TV, B0GH83GHHW, B0GPN7XKFX, B0GPMTXWF4, B0GH8D8NTY, B0GPN4KPXR, B0GPMV61QS, B0GPN2HTSK, B0GPN6J56R, B0GPMYCM77, B0GPMYQ88N, B0GPN9LSF4, B0GPN2KP93]",amzn1.campaign.2MQ4TYLN2DD0Q,"Whole Shop Partner | Simple Promo, Reliable Payout 🎯",MOYEE,2026-04-06,2027-04-06,15.14%,5000.0,5000.0,41,800,false
"[B0GH89GLKC, B0GPN3X3P2, B0GPLQZVT6, B0GH8D3T6W, B0GPMRBTKS, B0GH8LRYD4, B0GPN2J8TV, B0GH83GHHW, B0GPN7XKFX, B0GPMTXWF4, B0GH8D8NTY, B0GPN4KPXR, B0GPMV61QS, B0GPN2HTSK, B0GPN6J56R, B0GPMYCM77, B0GPMYQ88N, B0GPN9LSF4, B0GPN2KP93]",amzn1.campaign.1H932D6SXN7LV,"Whole Shop Partner | Simple Promo, Reliable Payout 🎯",MOYEE,2026-04-06,2027-04-06,15.13%,5000.0,5000.0,39,800,false
"[B0GH89GLKC, B0GPN3X3P2, B0GPLQZVT6, B0GH8D3T6W, B0GPMRBTKS, B0GH8LRYD4, B0GPN2J8TV, B0GH83GHHW, B0GPN7XKFX, B0GPMTXWF4, B0GH8D8NTY, B0GPN4KPXR, B0GPMV61QS, B0GPN2HTSK, B0GPN6J56R, B0GPMYCM77, B0GPMYQ88N, B0GPN9LSF4, B0GPN2KP93]",amzn1.campaign.2QEN1NWCPG47H,"Whole Shop Partner | Simple Promo, Reliable Payout 🎯",MOYEE,2026-04-06,2027-04-06,15.12%,5000.0,5000.0,43,800,false
"[B0GH89GLKC, B0GPN3X3P2, B0GPLQZVT6, B0GH8D3T6W, B0GPMRBTKS, B0GH8LRYD4, B0GPN2J8TV, B0GH83GHHW, B0GPN7XKFX, B0GPMTXWF4, B0GH8D8NTY, B0GPN4KPXR, B0GPMV61QS, B0GPN2HTSK, B0GPN6J56R, B0GPMYCM77, B0GPMYQ88N, B0GPN9LSF4, B0GPN2KP93]",amzn1.campaign.1AH8PXT13FPVL,"Whole Shop Partner | Simple Promo, Reliable Payout 🎯",MOYEE,2026-04-06,2027-04-06,15.11%,5000.0,5000.0,40,800,false
"[B0GH89GLKC, B0GPN3X3P2, B0GPLQZVT6, B0GH8D3T6W, B0GPMRBTKS, B0GH8LRYD4, B0GPN2J8TV, B0GH83GHHW, B0GPN7XKFX, B0GPMTXWF4, B0GH8D8NTY, B0GPN4KPXR, B0GPMV61QS, B0GPN2HTSK, B0GPN6J56R, B0GPMYCM77, B0GPMYQ88N, B0GPN9LSF4, B0GPN2KP93]",amzn1.campaign.JFKMSBJI75EI,"Whole Shop Partner | Simple Promo, Reliable Payout 🎯",MOYEE,2026-04-06,2027-04-06,15.10%,5000.0,5000.0,48,800,false
"[B0GH89GLKC, B0GPN3X3P2, B0GPLQZVT6, B0GH8D3T6W, B0GPMRBTKS, B0GH8LRYD4, B0GPN2J8TV, B0GH83GHHW, B0GPN7XKFX, B0GPMTXWF4, B0GH8D8NTY, B0GPN4KPXR, B0GPMV61QS, B0GPN2HTSK, B0GPN6J56R, B0GPMYCM77, B0GPMYQ88N, B0GPN9LSF4, B0GPN2KP93]",amzn1.campaign.1Q5IZ4T2T5U0K,"Whole Shop Partner | Simple Promo, Reliable Payout 🎯",MOYEE,2026-04-06,2027-04-06,15.09%,5000.0,5000.0,41,800,false
"[B0GH89GLKC, B0GPN3X3P2, B0GPLQZVT6, B0GH8D3T6W, B0GPMRBTKS, B0GH8LRYD4, B0GPN2J8TV, B0GH83GHHW, B0GPN7XKFX, B0GPMTXWF4, B0GH8D8NTY, B0GPN4KPXR, B0GPMV61QS, B0GPN2HTSK, B0GPN6J56R, B0GPMYCM77, B0GPMYQ88N, B0GPN9LSF4, B0GPN2KP93]",amzn1.campaign.3GM6EGBS584E7,"Whole Shop Partner | Simple Promo, Reliable Payout 🎯",MOYEE,2026-04-06,2027-04-06,15.08%,5000.0,5000.0,44,800,false
"[B0GH89GLKC, B0GPN3X3P2, B0GPLQZVT6, B0GH8D3T6W, B0GPMRBTKS, B0GH8LRYD4, B0GPN2J8TV, B0GH83GHHW, B0GPN7XKFX, B0GPMTXWF4, B0GH8D8NTY, B0GPN4KPXR, B0GPMV61QS, B0GPN2HTSK, B0GPN6J56R, B0GPMYCM77, B0GPMYQ88N, B0GPN9LSF4, B0GPN2KP93]",amzn1.campaign.3K0MX7WVQ4936,"Whole Shop Partner | Simple Promo, Reliable Payout 🎯",MOYEE,2026-04-06,2027-04-06,15.07%,5000.0,5000.0,45,800,false
"[B0GH89GLKC, B0GPN3X3P2, B0GPLQZVT6, B0GH8D3T6W, B0GPMRBTKS, B0GH8LRYD4, B0GPN2J8TV, B0GH83GHHW, B0GPN7XKFX, B0GPMTXWF4, B0GH8D8NTY, B0GPN4KPXR, B0GPMV61QS, B0GPN2HTSK, B0GPN6J56R, B0GPMYCM77, B0GPMYQ88N, B0GPN9LSF4, B0GPN2KP93]",amzn1.campaign.3116XXSBU04V8,"Whole Shop Partner | Simple Promo, Reliable Payout 🎯",MOYEE,2026-04-06,2027-04-06,15.06%,5000.0,5000.0,41,800,false
"[B0GH89GLKC, B0GPN3X3P2, B0GPLQZVT6, B0GH8D3T6W, B0GPMRBTKS, B0GH8LRYD4, B0GPN2J8TV, B0GH83GHHW, B0GPN7XKFX, B0GPMTXWF4, B0GH8D8NTY, B0GPN4KPXR, B0GPMV61QS, B0GPN2HTSK, B0GPN6J56R, B0GPMYCM77, B0GPMYQ88N, B0GPN9LSF4, B0GPN2KP93]",amzn1.campaign.1ZUSBGII85VDW,"Whole Shop Partner | Simple Promo, Reliable Payout 🎯",MOYEE,2026-04-06,2027-04-06,15.05%,5000.0,5000.0,42,800,false
"[B0GH89GLKC, B0GPN3X3P2, B0GPLQZVT6, B0GH8D3T6W, B0GPMRBTKS, B0GH8LRYD4, B0GPN2J8TV, B0GH83GHHW, B0GPN7XKFX, B0GPMTXWF4, B0GH8D8NTY, B0GPN4KPXR, B0GPMV61QS, B0GPN2HTSK, B0GPN6J56R, B0GPMYCM77, B0GPMYQ88N, B0GPN9LSF4, B0GPN2KP93]",amzn1.campaign.234LT18DSV528,"Whole Shop Partner | Simple Promo, Reliable Payout 🎯",MOYEE,2026-04-06,2027-04-06,15.04%,5000.0,5000.0,41,800,false
"[B0GH89GLKC, B0GPN3X3P2, B0GPLQZVT6, B0GH8D3T6W, B0GPMRBTKS, B0GH8LRYD4, B0GPN2J8TV, B0GH83GHHW, B0GPN7XKFX, B0GPMTXWF4, B0GH8D8NTY, B0GPN4KPXR, B0GPMV61QS, B0GPN2HTSK, B0GPN6J56R, B0GPMYCM77, B0GPMYQ88N, B0GPN9LSF4, B0GPN2KP93]",amzn1.campaign.2VIPZZDHRSRKI,"Whole Shop Partner | Simple Promo, Reliable Payout 🎯",MOYEE,2026-04-06,2027-04-06,15.03%,5000.0,5000.0,41,800,false
"[B0GH89GLKC, B0GPN3X3P2, B0GPLQZVT6, B0GH8D3T6W, B0GPMRBTKS, B0GH8LRYD4, B0GPN2J8TV, B0GH83GHHW, B0GPN7XKFX, B0GPMTXWF4, B0GH8D8NTY, B0GPN4KPXR, B0GPMV61QS, B0GPN2HTSK, B0GPN6J56R, B0GPMYCM77, B0GPMYQ88N, B0GPN9LSF4, B0GPN2KP93]",amzn1.campaign.W67V81RMZ9K,"Whole Shop Partner | Simple Promo, Reliable Payout 🎯",MOYEE,2026-04-06,2027-04-06,15.02%,5000.0,5000.0,49,800,false
"[B0GH89GLKC, B0GPN3X3P2, B0GPLQZVT6, B0GH8D3T6W, B0GPMRBTKS, B0GH8LRYD4, B0GPN2J8TV, B0GH83GHHW, B0GPN7XKFX, B0GPMTXWF4, B0GH8D8NTY, B0GPN4KPXR, B0GPMV61QS, B0GPN2HTSK, B0GPN6J56R, B0GPMYCM77, B0GPMYQ88N, B0GPN9LSF4, B0GPN2KP93]",amzn1.campaign.M5WXT3YWNHUF,"Whole Shop Partner | Simple Promo, Reliable Payout 🎯",MOYEE,2026-04-06,2027-04-06,15.01%,5000.0,5000.0,47,800,false
"[B0GH89GLKC, B0GPN3X3P2, B0GPLQZVT6, B0GH8D3T6W, B0GPMRBTKS, B0GH8LRYD4, B0GPN2J8TV, B0GH83GHHW, B0GPN7XKFX, B0GPMTXWF4, B0GH8D8NTY, B0GPN4KPXR, B0GPMV61QS, B0GPN2HTSK, B0GPN6J56R, B0GPMYCM77, B0GPMYQ88N, B0GPN9LSF4, B0GPN2KP93]",amzn1.campaign.3BKBO9PP7G1VU,"Whole Shop Partner | Simple Promo, Reliable Payout 🎯",MOYEE,2026-04-06,2027-04-06,15.00%,5000.0,5000.0,44,800,false
[B0GHQ9R3T3],amzn1.campaign.28LYB8CQZ22Z6,"April 2026, Auva vitality Iron + Vitamin C Supplement for Women, 15% Commission",Auva Vitality,2026-04-08,2027-04-08,15.00%,100000.0,99985.0,0,800,false
[B0GTFTD4Z5],amzn1.campaign.1SPV06UU1GI8S,Earn $30 for every $100 sold — plus exclusive launch savings for your audience!,ANTROLIFE,2026-04-08,2026-09-30,30.00%,500000.0,499989.22,0,800,false
"[B0F5Z57T59, B088CQDYKH, B01DRB9CRA, B087Z6XVZH, B07D6VN1RN, B088CMYWWW, B01DRB4YCS, B087Z5WFYQ, B01HDVCX58, B01DS757S6, B0CZWG6V43, B01DS8931W, B0C3TFJ54P, B01HFQFWRM, B01DS7MXLA, B07D6VJMHR, B087Z5K8D2, B01HFRE3A8, B01HFPBQRS, B01HDUX6FK, B0F5ZD66ZW, B01HFPKQ6U, B07TBMF1SY, B01DS77P5Y, B079YVVHZB, B088D3LLFY, B0F72FXN4X, B087Z5J4HC, B01HFPE19I, B0CZW7FW9Z, B0C7LQ7C2P, B088CHF9H8, B01DS7LVHC, B01HFQ9VB0, B0C7LPKCDD, B01DR8ZK2E, B079YWFKGB, B01HDVH7SQ, B087Z5WWHF, B01DS87HHE, B0F72DY9BS, B0D1SC7PCT, B01HFQ4AR0, B088CY1DKF, B0F5YZP2HY, B01DS805D2, B07D6W42X6, B01HDVSANM, B0F72LV8YW, B01DS86HWK, B01DRBBA52, B01HDV37U8, B01HFRDJGC, B0C3T3DWLM, B01DS88GYC, B01HFQ7O78, B01HFP99KY, B0C3TGJZWS, B0F5ZCSX8Q, B01HFQ63OS, B07D6WPDSV, B0C3SXGHKF, B01HFRAIES, B01HFPMCCG, B01HFQEZXE, B0C3TBQXTY, B01HDUKKCM, B079Z1N62K, B01HFPH406, B01HFRA5BE]",amzn1.campaign.MM1664J2J5IP,Celebrate Big Achievements with PMU Graduation Decorations 🎉,PMU,2026-04-08,2027-03-09,15.00%,5000.0,5000.0,26,800,false
"[B06XP4TKVY, B0814TZ19Z, B079VRD2DR, B08155XN8S, B08156MYCP, B093X6C7Q9, B07CSYWR3J, B0D4XQ427Z, B0D5P1MXL1, B0D5PQF5YH, B0D4XMCBR5, B0D5T55GN1, B0D5T7BR4Y, B07CT1J19X, B0F7CFFPW7, B093X5DDRX, B092NVDR36, B07CT3MV1T, B07RL81QBD, B08155XQ5Y, B08156DKKV, B08YH4KN6N, B0814TV4T3, B07CT48GNY, B0BCH5YJZR, B08155ZYB7, B06XXKCXNQ, B0D5SSGCV4, B092NYLPX1, B07RM74H2C, B08156JJWB, B093X5XR4G, B07CT29JBB, B0DNLC8L5Y, B08SYS31Q1, B07CT1FXSL, B08156B6H8, B0D4N8PKQG, B08156GPKQ, B0D5TCQN5G, B08YHX5LC6, B06XP5T39J, B0D611ZSKY, B08SZ23YY5, B079VSZZG4, B0D5TCXCSK, B07P5GXBBW, B0D5TK8B1C, B00JDUR0VA, B0D4X8GR2H, B08SYX177H, B081564JZM, B0F7CPH2L6, B0BCH3VF6V, B01LZ588OJ, B07CT3R831, B0DNM2QCTZ, B092NPWF47, B07QS7BV2H, B08156H326, B07CT1V3KX, B092G7Q4FP, B08SYZMCJH, B093X7LM6R, B08156DZSQ, B0D64ZNLV6, B0F7BZQW61, B093X67PPN, B08SYHFXX1, B08156JCRS, B01LXUBDP4, B06Y1C1LC5, B08157465M, B07P5DZHWJ, B08156GNZ9, B0D615JBQV, B0D4X83SW9, B08156J96K, B07RM67NHJ, B07CT12TZ7, B092NV4NSH, B0D5TC7ST5, B07CT38L5X, B079VSBHZ6, B07P5FZW2Q, B0D4X59VHD, B092NPYV6D, B07CT55QHP, B06XP54CN8, B07P5H2BJ7, B0DNLS6PY6, B0DNLMSC5V, B08157F1B8, B093X723T7, B0D5TCYJBK, B07P43GMDB, B093X7V38H, B0D4XDR5XX, B08156XV8X, B0D615S2MH, B092NQBPLR, B07CSXXV98, B08SYDYXXP, B07CT18XXT, B07CT26H26, B07DVNJK6D, B07P5FJ1Z8, B0D4NPWRQN, B07CT1R67J, B07CT26H22, B00JDUCQ9Q, B0D5T3N1LT, B07CT25QXX, B06XP5RWL1, B07CT4FZWG, B07CSZYB5Y, B08156TP7V, B06XP5RB9K, B0D65B5R9M, B093XSV182, B0D4N3WV7N, B093X6CSML, B07CSY8T97, B08SYJYYNF, B081568XM4, B08YGZJPRC, B07CT4Q8BJ, B093X6L5H5, B0D5TBJ4H4, B0D64X8KKC, B07CSY38YL, B08155KGH9, B08154CWK7, B01LXIRXP9, B07P5FYV6J, B092FLN5J8, B0F7CT6W2S, B07CT3MNYX, B0815617R6, B092FKD375, B0D615G4RG, B07CSZ76W4, B093X7GVLP, B06XRLZGF2, B07CT41RP6, B08YH47XY2, B092FVWC67, B0D5SSFVRD, B07CSYWRJ3, B07RL82GF1, B07CT2QJQV, B0F7CGB9HL, B07CSW7VTR, B0F7CTD1PL, B0D5P1LMNM, B08155KW72, B07CT2PNDG, B07CT511RY, B06XP63CJF, B07CT33VNM, B0D4XSBKVG, B0D4XGKNW3, B092NWK7XB, B092NQ9ZV5, B0D65F46QJ, B093X6RNPW, B08156LTB5, B079VPCYPW, B0BCH5QBHH, B08156W49X, B07P5H1WQ5, B07CT28L78, B07RGWT18L, B0D5PJ1Y7Q, B07CSYS5MX, B0D5T593HP, B08SZPJBNN]",amzn1.campaign.2FJ9UDMWX8VHA,PMU Celebrates the Grad: Bright Balloons for Big Moments” 🎓✨,PMU,2026-04-08,2027-03-09,15.00%,5000.0,5000.0,22,800,false
"[B0851Q5K9T, B0851N7QQH, B08CQSYFYG, B0851PM8QD, B07P8N6ZS1, B0851QGRQM, B0851S1NLM, B08HBFCRDP, B08HBSB6NT, B0851QDXNZ, B08CRWDB9T, B0851Q6LCR, B08HBF6DT8, B0DJG9LJ2N, B07P8N76K3, B0851Q4R8W, B08CRY98P2, B0851QBKSV, B0851Q7WDD, B07P8N68PD, B0851QV7HN, B0851QD7NJ, B08CRX57TQ, B07PTT6KT3, B08HBFCKF9]",amzn1.campaign.7TVNYNI551O2,PMU Bloom & Beautify – Watering Can Collection,PMU,2026-04-08,2027-03-09,15.00%,5000.0,5000.0,17,800,false
"[B0CKWX36Y9, B0CKWV5XZN]",amzn1.campaign.2ZYO0YCC7MV06,"12"" Tall Ceramic Vase with 15 Stems of 22"" Faux",Laurel & Vine,2026-04-08,2026-12-31,15.00%,10000.0,9969.25,0,800,false
"[B0CDVM5SBV, B0CDVL6GKN]",amzn1.campaign.2Q0AUZ367O2VL,12 Inch Tall Ceramic Vase with 5 Branches of 25 Inch Faux,Laurel & Vine,2026-04-08,2026-12-31,15.00%,10000.0,9970.0,0,800,false
"[B0GK74WGVR, B0FBMP4ZWF, B0FHZW7R4N]",amzn1.campaign.28UGYHKALZ6PX,Axobotanica 120,Axobotanica,2026-04-08,2026-12-31,15.00%,10000.0,9968.97,0,800,false
"[B0FVGHFG7S, B0FVGDFY2K, B0FVGFQ9QK]",amzn1.campaign.1GLNNCZ79PCY6,Earn 50% commission for Christian Homeschool Family Learning Resources!,Hadley Designs,2026-04-09,2026-10-09,50.00%,50000.0,50000.0,0,800,false
"[B0FVGHFG7S, B0FVGDFY2K, B0FVGFQ9QK]",amzn1.campaign.Z0LAP34KJO6F,Earn 50% commission for Christian Classroom Educators - Bible Learning Posters!,Hadley Designs,2026-04-08,2026-10-08,50.00%,50000.0,49995.0,0,800,false
"[B0CLWQRL9K, B0F8DYSMLF, B0F8F4Y1MV, B0F85HDWWP, B0GV1N1FXM, B0F85LTJL5, B0GSCMHD7W, B07GSPRPDJ, B0GSCCF6CL, B0F9CF1GDW, B07GSSHWXQ, B0CV2XZQHV, B0FPZWCXGR, B0GSBXMMC7, B0CWCCVQ3X, B07GSPY4TK, B01M9J5ANW, B0FFC9FVL4, B0F8DFX58X, B0GTXXRP5F, B0FPZRML8N, B07GSPJ9R1, B0GSC9Q2J2, B0FFD1S3PC, B0CWCMD1K8, B0GSSFKTFH, B0F8DQYM42, B0CWCK8Q5Z, B0F863WNS9, B06XCDCN8R, B0GSS5S433, B0DXSF41DT, B0F86DRQKP, B0D98KLQ31, B0DX13BT9T, B0GSSBCP6S, B0F7NQBFQZ, B0F8D5FJGQ, B0GTXL3B4B, B0F81X2QZM, B0F8DJHBP8, B0GSSB56ZP, B0FQ12GDZ8, B0GSSGC8VN, B0FKBZC4N4, B0CWCCW2KL, B0F9BJL62M, B0F9CCHSNC, B0FPZLT7QZ, B0F865LP43, B0F8DW5B7P, B0FKBZ6M95, B0DZDRF5FC, B0GSSN3YB6, B0F1DTFCJD, B0CWCHV9G2, B074MM4WV9, B0F8DNPSBN, B0DZ43Y1F9, B0F9C5SLZ7, B0GV1Y6TD1, B0F85JNVQY, B0DWZZX5LQ, B0GSCCKSTV, B0CWCBKG8F, B0FPZR7J1M, B0722DKWF6, B07GSQST5M, B0GSC72KRF, B0F8F1DKRS, B0F86CK5T8, B0FPZWQZQQ, B0F8DL8CWB, B0F3B34FP4, B0FPZPZH61, B0GV23GSR4, B0F1BZNZ4V, B0F8591KGJ]",amzn1.campaign.2R5H4K35Z64FS,50 Cal Racing,50 Caliber Racing,2026-04-08,2026-12-31,14.00%,50000.0,49289.4,0,800,false
[B0DHWJCC5S],amzn1.campaign.L7Y1IWU9E61M,Q1 - P4 - 2026 - PAL,Scanmarker,2026-04-08,2027-04-08,25.00%,50000.0,49900.5,0,800,false
"[B08D71K5DB, B08GN73P6M, B08HFSDBWL, B08D71FV8Q, B08GMW68ZW]",amzn1.campaign.B53K8B88UN1V,Tahiti Trader's Tart Cherry Juice,Tahiti Trader,2026-04-08,2026-12-31,20.00%,9999.0,9875.38,0,800,false
"[B0FSDQPFLH, B0FSDPBFSF, B0FSDN8S1R]",amzn1.campaign.5T69G7YXA2AK,Oversized Shield Sunglasses for Women  86059,Kashm,2026-04-08,2026-12-31,15.00%,5000.0,4983.2,0,800,false
"[B0CF7F8CVB, B0GM16DJ4C, B0DTWY298H, B0GMXMWPTS, B0GMXF9KY6, B0DVBQF718, B0F95RPL89, B0GM16NCLX, B0GMXS5YC6, B0GMX8XVMF, B0GMXJDQMR, B0DVBB8FPF, B0GMXDKHJ9, B0DVBB19N1, B0GM1KMBS9, B0DVBSDC76, B0GMXH6MJ5, B0GMXS6D5S, B0DXJ485LP, B0GJ6FJDVY, B0GJ6B3544, B0GGS6JW9M]",amzn1.campaign.2IJSRHIGN3IC2,New Earth Healthy Living,New Earth,2026-04-08,2027-04-08,35.00%,10000.0,9872.38,0,800,false
[B0DXJ485LP],amzn1.campaign.ZP9BJR9D8EQ2,New Earth Renew Healthy Aging Supplement,New Earth,2026-04-08,2027-04-08,35.00%,10000.0,10000.0,0,800,false
"[B0CZ2BHWNB, B0CMJDYW9L, B0CLPNKJ3Z, B0GHSXXNPB, B0CLQ8Y8P7, B07RGBTM35, B0GHSYC6BN, B0GHSMK7Q1, B09ZGCW3M1, B0GHSLPN2F, B0BDGSRFNJ, B0GHSVFLPD, B09YVNMWH5, B09ZGNXMV3, B07RKKJ949, B0CMYRMQYJ, B0CMYWQ4KS, B0CZ271JQD, B0CLPXMHXG, B0GHSJYNXM, B0F88T9FKW, B0DZVWZ6KZ, B0CZ1VNGKR, B09YS5GV5B, B0CLQ456SL, B0GHSQ5K15, B09YVRBBY3, B09YBD9VMY, B0CMYMLFGB, B0GHT4YPCC, B09YS8RR3Z, B0CMYZJ1NL, B0CZ1XRM34, B09ZGGT4JS, B0CMYRN2XQ, B0F88W1M6Z, B09YSX59FN, B0CMYH5KHH, B0CMYLYM2G, B00H562MDA, B0CLPWYMJY, B0CLPMSMM5, B09ZGQ21F9, B0GHSMNXFN, B00GUNRSHE, B09YS7KS74, B0CMYW8CTM, B0GHSQWZ59, B0D1GV3BPC, B0CMYP2SRC, B0CMYSQ82R, B0GHSJ8FP2, B0D1HZS1R5, B0BDGSKW9T, B0BDNSXY4T, B0CMYMNQRN, B0DZVVNZVB, B0CMYWBPGD, B0CMYSLX96, B0CLPPGY84, B0CMY8MPGB, B0F88V4TSL, B0GHSQK84K, B0BDGJJDR5, B0GHSMK1R6, B0GHT7D79R, B0CMYTNXY6, B09ZGKX9H8, B09YS5ZSZ7, B0DZVVYSN4, B0DZVW2HPL, B0B147G9S5, B09ZGFPSRL, B0GHSL5QVH, B0F88VD2XW, B0GHSR9VYZ, B0DZVTGTFG, B0DZVW74ZV, B07RGBY4ZF, B0D1GV2F1P, B0D1H8SBCL, B0DZVVJZQ8, B0CZ2KN8GC, B0GHSQZ8Y4, B0CLQ3ZJVJ, B0D1GXNGLP, B0CMY84CYR, B09YSQQR88, B09ZGDC3XZ, B09YS5TXH6, B0CMYH7ZTQ, B07RCLMPKD, B09YS7H451, B09ZGR8NKT, B0GHSJZ28V, B0CMYKVVVC, B0CMYM895L, B0CMJC8587, B0CZ1X5DMN, B0BDNPP3RN, B0FFS13W3J, B0CZ2728DY, B0CZ2328KN, B09ZGR984F, B0BDGLZTGD, B0CMYW3NB3, B09ZGDJJ9C, B07RHG28B3, B09YSJDJ8Q, B0CZ25VPK3, B0BDGM824C, B0GHT2P47Y, B0CMYTWL7B, B09YSQRP7Q, B0B18ZSTNT, B0BDGPD77P, B0GHSVV43V, B09ZG5VGG6, B0CMYFJ1C8, B09YS89515, B07RDC4FHS, B0GHSRFYC1, B0GHSM3YMZ, B09YS7D6CN, B09ZFYYQFX, B0GHSKJKFH, B0CZ1X6Y1L, B0CMYSKRKP, B0GHSQZNV5, B0DZVW6L5L, B0CZ293422, B0CZ1YP796, B0CZ1X6Y22, B0CMY8R79M, B0CMJDLCFX, B0CZ24MYP4, B09YS66GML, B0CMYQZ23C, B09YSRYH7F, B0CZ272CV3, B0CMJFLWX3, B09ZGP5SY1, B0CZ2G13BK, B0BDGPSKG5, B09YS7TW52, B0CMYH26RX, B0CZ24JZZJ, B0CMJC2R56, B0CMYMP2C8, B0DZVWQXPQ, B0GHSWXSL3, B0DZVSY4YW, B09YVR9LH7, B09ZS4G1XH, B0DZVVKTMD, B0DZVXBH8H, B0CZ2D5K24, B09YS6H9CN, B09ZGGMC1T, B0CMYH3541, B0CMYV2BJH, B092DW76CV, B0B26TL9GX, B07RHFYZ36, B0CZ1XTPHP, B0BDGM6TC8, B09ZGQTC95, B0D1H13BW8, B0CMYH16MH, B00GVEF252, B09ZGPVM2Y, B0CLPRHZ31, B0GHSLCVZV, B0B26ZMRC4, B0CMYWVNJW]",amzn1.campaign.3FYIRXFO0A49C,Swoveralls Creator Connection campaign,Swoveralls,2026-04-08,2026-12-31,10.00%,10000.0,9992.08,0,800,false
"[B0FS5BJVZW, B0F74F1879, B0F64CFVYB, B0FWFG5K31]",amzn1.campaign.2MLJ08V0515IG,CREATOR CONNECTIONS BRIEF — PIT VIPER,Pit Viper,2026-04-09,2026-12-31,10.00%,5000.0,4710.9,0,800,false
"[B0F24Z1R4H, B0FP7M5S6B, B0DZQ64LKX, B0DZQ69SJW, B09HC1KF6C, B09HBZ4TS4, B0DZQ3QVM8, B0F24ZHBQM, B0FP6FYBCM, B09HC2277D, B0F2532F6X, B0FP6VDK8Z, B0F2TVG72P, B0DZQTV9FP, B0DZQV9MKR, B0F24Z3316, B0DZQMZ5CZ, B0FP73SR95, B0DZQC9477, B0DZQCY11P, B0F24ZZ4QR, B0FPLQ3QR1, B0DZQV27FH, B0DZQCTZ2L, B0FP6TLMLG, B0DZQJ36K8, B0F2JB2RXM, B0DZQGLSNR, B0DZQLTMQW, B0F2BGGQG6, B0DZQM53MQ, B0DZQQX4J3, B0FP6CGF18, B0DZQRKZNK, B0DZQCZD55, B0DZQHCY8R, B0FP7BL1NW, B0DZQ81J8F, B0FMQ3CVZ1, B0DZQJ36KB, B0DZQRBFB9, B0F2JD1C4D, B0DZQH87TH, B0DZQT98H9, B0DZQD8FD6, B0F2JB5DQ9, B0DZQDBGXX, B0DZQJ9NFV, B0F24ZJ41Q, B0FMQ5D839, B0F2V3N5D4, B0F2BDSPBK, B0DZQD8FCG, B0F2JCZ34V, B0F2P8WPQD, B0DZQGN8R7, B0F9TDM34S, B0DZQV8GW5, B0F9T9DQLN, B0DZQGNSFJ, B0DZQLSMFG, B0DZQGJV86, B0F9T88FVQ, B0DZQRL9XP, B0DZQ6T724, B0DZQ92P2V, B0F2NX5K2F, B09HC1HC7Z, B0F2NXDZT6, B0DZQ9N5S8, B0F2JBM4JW, B0DZQM8ZCL, B0FMQ2MLVM, B0DZQQTK66, B0FP6TG2JW, B0DZQKBXRZ, B0DZQPD4CP, B0F2JD3SSM, B0DZQC5PW2, B0DZQPD4CZ, B0F9TCJWND, B0FPL8Q8LD, B0DZQRC5RM, B0DZQHXP3N, B0DZQ3XKMZ, B0DZQ9M4TS, B0F2VFDNHG, B0DZQRK1C7, B0DZQMYT85, B0F2JB8LN5, B0DZQ95G6Q, B0DZQGJ6WZ, B0F2TVCHN2, B0FP6R6Q1N, B0DZQ9GZR8, B0DZPZB17L, B0F24ZH38C, B0DZQC6GBF, B0DZQ4J972, B0F2V3N3C6, B0DZQLX47W, B0FP6Q8T32, B0FPLRHYCC, B0F55MY4FX, B0F2P2NMRX, B0DZQJCG8L, B0DZQDBW1F, B0F2VHH8YZ, B09HBZYMYT, B0DZQLZ4T2, B0DZQMSZWT, B0F24ZFG71, B0DZQB59JN, B0F2P37974, B0FMQ2DY73, B0FP71M88K, B0DZQQJ5G7, B0DZQHWNQV, B0DZQGHKCR, B09HBYCPKJ, B0DZQD1897, B0DZQMPVGP, B0DZQRD5MH, B0FP6MLLWC, B0DZQM7865, B0DZQ3X7Y5, B0DZQCJV59, B0F25166QM, B0FP6QMXHZ, B0FPLHT6XP, B0DZQ9W6LR, B0DZQQ5X9C, B0F2BBYG5S, B0F2PCSXWM, B0DZQD3KZB, B0DZQD3WQG, B0DZQH4WKW, B0F2P7MK5L, B0DZQH4KTB, B0DZQR3J94, B0DZQV3K8V, B0DZQ9JP6V, B0DZQF5S9D, B0FP72B7J7, B0DZQ7F5X2, B0DZQM68K1, B0DZQH4KTS, B0F24XP3KC, B0DZQN4MN3, B0F2JCLYND, B0FPLT7P7T, B0DZQVBB3H, B0DZQJLCCJ, B0F9TCG4MZ, B0DZQMPJ1J, B0DZQR4VBP, B0F2VHH3D8, B0F2J9NJDP, B0DZQDJDPP, B0F2TV96RD, B0F2TTXML9, B0FMQ27YY9, B0DZQR87J5, B0DZQ742DF, B0F2VHQWPZ, B0DZQTYTJY, B0F2NCWWCK, B0DZQHB9CY, B0DZQM68KQ, B0F24YFG4C, B0FP6KVR8W, B0DZQN5ML4, B0DZQQSWVG, B0F2BZ9P9L, B0DZQ8YZZK, B0DZQ7N5MH, B0F2NTN4S9, B0DZQ9VJ9H, B0DZQZ1BHJ, B0DZQQV7MZ, B0DZQQ8DPD, B0DZQM9C9G, B0F2JD9K41, B0DZQQZX2B, B0FPL35SRD, B0F2P5K8MP, B0FP6WSJ87, B0F2TV7XJ7, B0F2JD88BK, B0FMQ3G7HN, B0DZQ93F6C, B0DZQG4J93, B0DZQH6MPY, B0GCC1XNWH, B0F252BCVG, B0DZQH8WNM, B0DZQQLFHK, B0FMQ28JFN, B0DZQ9VJ9L, B0FP6TD3HY, B0FPLL7RJV, B0DZQFY2L9, B0FMQ4RCCK, B0DZQJW8KF, B0DZQ7S94S, B0FPLM6HZW, B0DZQ814TF, B0FP6QDSMY, B0F55GWYYQ, B0F9T985QN, B0F9TCP7FZ, B0DZQB31TH, B0DZQM2XY3, B0DZQF525B, B0F24ZPCVY, B0F9TBR93J, B0F55MDF1Q, B0DZQHZCNQ, B0FP6G5KZG, B0FP6TD3KV, B0DZQ788B8, B0F2TX91DD, B0DZQY88L8, B0DZQ7M2XW, B0FP73CCW9, B0F2JBCM1S, B0DZQ3W891, B0FP6X4XRF, B0FPLCJX37, B0DZQMN74Y, B0DZQR1S3T, B0FPLL42RN, B0FP78N1TG, B0DZQG45B4, B09HBZHZ8Y, B0F2J9S374, B0F252VVR8, B0DZQJJYR5, B0DZQQLFG2, B0F2BY51QQ, B0FPLXN2WC, B0FP6P9RQZ, B0DZPZGC3B, B0F55VCWD6, B0F2VHMJ5N, B0DZQJ5D4M, B0DZQDL34H, B0DZQ7VHXX, B0FP6RZTDC, B0DZQCLW76, B0F9TDJM5D, B0DZQTZ56F, B0DZQW9YM8, B0F2J9DJNM, B0F9TDLZZF, B0FP6MNJ65, B0DZQQQ2V3, B0F2VHGFQC, B0DZQK9QG6, B0F9TDTNJJ, B0DZQM8BMM, B0F2JBRVL8, B0DZQQXM6X, B0DZQGM4RY, B0DZQGBSPK, B0F2JBKMPV, B0F2NTNTV9, B0FP6RVKPC, B0FPLK8BV3, B0DZQMM4DP, B09HC1YYGS, B0F2TVDYDD, B0FP7D23KM, B0DZQ7VHWY, B0F2BRVTW9, B0DZQ7VHWS, B0DZQDHQM6, B0DZQFNDXM, B0DZQMM4DC, B0FP74CQ6Y, B0DZQ7FHG7, B0F2BTFH4Z, B0DZQLQ6HN, B0DZQK91WD, B0DZQQ7K4L, B0F552RC1K, B0DZQG3B7P, B0DZQV1KF4, B0DZQMNJNQ, B0F24ZQGNY, B0GCC9924D, B0FP717141, B0F2TTBZXJ, B09HC16RNG, B0F24ZQ8QR, B0F55VR531, B0FP6Q6Y9R, B0GCDJ3WKV, B0F2528GHN, B0FP71L9VC, B0F2J8WDTD, B0DZQK6C26, B09HBZXDSP, B0DZQGL4SC, B0FP6YKY6R, B0F24X9YSW, B0DZQ6CKPS, B0FP6W7QKH, B0F2VCN22G, B0F2VHH1DT, B0DZQM8NHC, B0DZQJTGLN, B0DZPZ9PJ5, B0F24ZV9CN, B09HBZJZXH, B0DZQL8Y9C, B0FP73CRXS, B0DZQCRXJS, B0DZQKD7PK, B0DZQ9HCL8, B0FP6Q8SWV, B0F2V1QNRS, B0FPLT74MV, B0FPLB676H, B0FHTDX9QP, B0DZQMLSFG, B0DZPZBBSH, B0F9TCPRJ5, B0F55VT1F3]",amzn1.campaign.2UEROK8NF2RQ5,MagnaReady Creator Connection campaign,Magnaready,2026-04-08,2026-12-31,10.00%,10000.0,9898.65,0,800,false
"[B0GV3D6MNC, B0GJD7CGYS, B0GJD7Q26T, B0GR5MSRT6, B0GV96VNFB, B0GV9BBN29, B0GJDFKYWK, B0GV9HP3JK]",amzn1.campaign.3H0B8O09WJAB8,💥 Limited-time flash sale: 30% off! 💰🔥,ZYHBLZX,2026-04-08,2027-01-29,10.00%,5000.0,5000.0,19,800,false
[B0GK35VDZG],amzn1.campaign.3S5NWAMWX39HH,🧠 SHARP THINKING STARTS HERE: EarlyBird Brain Drops  — Earn 20% Commission💰,EarlyBird,2026-04-08,2027-04-07,20.00%,200000.0,200000.0,1,800,false
"[B0GFV4GZ62, B0FSZQ4JSW, B0FSZP6TDX, B0GFWF3TQ4, B0GFWJYF5B, B0GFW2NF23, B0GFTD4XFC, B0GFW982WD, B0FSZMMBW1]",amzn1.campaign.2U4CSJYCYLRC,stylish and shockproof phone cases 10% sales commission,dediciCASE,2026-04-08,2026-09-30,10.00%,5000.0,4979.4,2,800,false
"[B0CP8JB139, B0G2V1S6X1, B0G2MN9QWL]",amzn1.campaign.B17YYV1STKEV,⏰ BOOST MOOD & MOTIVATION: EarlyBird Morning Cocktail — Earn 20% Commission 💰,EarlyBird,2026-04-08,2027-04-07,20.00%,200000.0,200000.0,0,800,false
[B0FW4C2LVP],amzn1.campaign.2AYHR2U99IMLV,Starlight Reading Nook - DIY Book Nook Kit = 10% commission rate,Dolphin Island,2026-04-08,2027-04-08,10.00%,1000000.0,999944.04,0,800,false
"[B0F5SCBQMC, B0FFKV9W16, B0F4ZR4G1L, B0F2GJ7M49, B0F57FGC4V]",amzn1.campaign.909JFW8XMN1U,Creator's Connect,Munay Botanicals,2026-04-08,2026-12-31,10.00%,10000.0,9923.31,0,800,false
[B0DPCK1ZB4],amzn1.campaign.3OSOFEDF9CDEM,"PETKAO's Bestselling Grill Locking Caster for Weber(3,000+ Sold!)-10% Commission",PETKAO,2026-04-15,2027-04-15,10.00%,5000.0,4996.59,22,800,false
[B0DPCK1ZB4],amzn1.campaign.2HF962BJHLAM2,"PETKAO's Bestselling Grill Locking Caster for Weber(3,000+ Sold!)-10% Commission",PETKAO,2026-04-14,2027-04-14,10.00%,5000.0,5000.0,31,800,false
[B0DPCK1ZB4],amzn1.campaign.A247TLHOLDO1,"PETKAO's Bestselling Grill Locking Caster for Weber(3,000+ Sold!)-10% Commission",PETKAO,2026-04-13,2027-04-13,10.00%,5000.0,5000.0,36,800,false
[B0DPCK1ZB4],amzn1.campaign.2GHEWH80X1TXO,"PETKAO's Bestselling Grill Locking Caster for Weber(3,000+ Sold!)-10% Commission",PETKAO,2026-04-12,2027-04-12,10.00%,5000.0,5000.0,33,800,false
[B0DPCK1ZB4],amzn1.campaign.IA4WDNX50O3J,"PETKAO's Bestselling Grill Locking Caster for Weber(3,000+ Sold!)-10% Commission",PETKAO,2026-04-11,2027-04-11,10.00%,5000.0,5000.0,39,800,false
[B0DPCK1ZB4],amzn1.campaign.IC7MNU17E4CO,"PETKAO's Bestselling Grill Locking Caster for Weber(3,000+ Sold!)-10% Commission",PETKAO,2026-04-10,2027-04-10,10.00%,5000.0,5000.0,41,800,false
[B0DPCK1ZB4],amzn1.campaign.WUS841BXWEHE,"PETKAO's Bestselling Grill Locking Caster for Weber(3,000+ Sold!)-10% Commission",PETKAO,2026-04-09,2027-04-09,10.00%,5000.0,5000.0,42,800,false
[B0DPCK1ZB4],amzn1.campaign.1BQOUKRMK8WD7,"PETKAO's Bestselling Grill Locking Caster for Weber(3,000+ Sold!)-10% Commission",PETKAO,2026-04-08,2027-04-08,10.00%,5000.0,4967.0,33,800,false
[B01EO875SI],amzn1.campaign.1CIUVZ2USBB9E,"Organic Vaginal Moisturizer – Pure, Long Lasting Relief for Intimate Dryness",BeeFriendly,2026-04-08,2027-01-02,25.00%,500000.0,499986.95,0,800,false
[B0FMFJ6STY],amzn1.campaign.12NW59AAIYDIF,"Organic Face & Eye Serum Nourishes, Hydrates, Firms & Brightens for Radiant Skin",BeeFriendly,2026-04-08,2027-01-02,25.00%,500000.0,500000.0,0,800,false
"[B0DRRJRZ5T, B0F4D6GXFD, B0DQXPVN3J, B0DRGJ4BPC, B0DRGG2XCS, B0DRGFJMC9, B0DRGH3G3F, B0F4D66GX2, B0DRRYCNMQ, B0DRRQVY6C, B0F4D6TKFY, B0DRGJHQR9, B0DRRWX4RG, B0DRGGRFSM, B0F4D6RRKD, B0DRGGX85D, B0DRGHG3SD, B0F4D95YJB, B0DRGJFZHV, B0DRGBGXNT, B0F4D8KG1S, B0DRGG6H6W, B0DRGHG564, B0DRGJSLG7, B0F4D6KSBK, B0F4D8BHLP, B0DRGGVYN8, B0DRGH5DZZ, B0DQXQX4QT, B0F4DD1BGY, B0DRGJ93VC, B0DRGCMQ2S, B0DRGGZPQ7, B0DRGH3MBJ, B0DRGH1VJF, B0DRGJ4V9S, B0DRGJRG2H, B0DRGHVWN7, B0DRGGP46M, B0DRGKKMFV, B0DRGCMQ2W, B0DRGHF8QD, B0F4D5KBKH, B0F4D98MGQ, B0DRGH16DK, B0DRGGX48M, B0DRGJ1TXZ, B0DRGDM5W5, B0F4D6F21P, B0F4D6TZXF, B0DRGHMVQJ, B0DRGGTNXB, B0DRGH73LX, B0DRGH73LW, B0F4D8SSV2, B0DRGGS3VV, B0F4D8ZYMS, B0DRGGWZX4, B0F4D6VR1Y, B0DRGJX45H, B0DRGDKNLV, B0DRGFNKFR, B0DRGGSQB5, B0DRGGT8MR, B0DRGJ1TXR, B0DRGGBJ6P, B0DRRH8TST, B0DRGJ192F, B0DRGGH4ZT, B0DRGJ24YB, B0DRGGSPQS, B0DRGJ24YH, B0DRGJNVY6, B0DRGJCKD2, B0F4D9BR97, B0DRRH731L, B0DRGLBYX2, B0DRGGMJ79, B0DRGJ85GT, B0DRGFQLN6, B0DRRTPVX7, B0DRGJXJ22, B0DRGJQS8Q, B0DRGHR6FC, B0DRGL3X24, B0F4D8J8ZL, B0DRGKCQBK, B0DRGJKCL4, B0DRGG2GSV, B0DRGFX3X3, B0DRGHN732, B0DRGHYNPK, B0DRGF6NR5, B0F4D9L2KD, B0DRGJ9LBG, B0F4D8ZRSP, B0DRGHG6P9, B0DRGHYDF1, B0DRGHWSZ2, B0DRGJG4CZ, B0F4D9PYT7, B0DRGJHMSM, B0DRGJSXX7, B0F4D888CW, B0DRGHJDB7, B0F4D7W7CG, B0DRGHYFJZ, B0DRGF18JV, B0DRGH56F1, B0DRGGBBBJ, B0DRGGXCSS, B0DRGHYFJW, B0DRRMSKZT, B0DRGKZGWT, B0DRGH444P, B0DRGGHVHS, B0DRGGCG9J, B0DRGGHVHQ, B0F4D6CFDW, B0DRGFBFCS, B0DRGKL1RQ, B0DRGDYBPM, B0DRGHH3HP, B0DRGGM7MG, B0DRGKVD9S, B0DRRRBCB3, B0DRGKJ656, B0DRGFJL6H, B0DRRYXN4R, B0DRGH3TGZ, B0F4D6QQB2, B0DRGJ6C6D, B0DRGKWZST, B0DRGH7WBP, B0DRGGGKGL, B0DRGJC7X4, B0DRGJC7X3, B0F4D6HWZX, B0DRGHT247, B0DRGGYCS8, B0F4D8MQ5V, B0F4D5LKC1, B0DRGH9BT2, B0DRGFR1YP, B0DRGH9BT5, B0DRGHZ2BD, B0F4D8MDLX, B0F4D5TX3Z, B0DRGJ647C, B0DRGJHMT1, B0DRRQT5M6, B0DRGJC7X5, B0DRGDVGWP, B0DRGFGYP4, B0DRGHV3YP, B0DRGGZSXG, B0DRGJP57Q, B0F4D8TY79, B0DRGFS1LV, B0DRRLW2V3, B0DRGH7ZB4, B0DRGHKXS7, B0DRGGQSC8, B0DRGDWFBY, B0DRRJW2D9, B0F4D841GQ, B0DRGHFBWY, B0DRGH3CQG, B0DRGG2SDW, B0F4D841GX, B0DRGG1SH5, B0F4D6NLGM, B0F4D9DGVS, B0DRGGGGZQ, B0F4DB1CX6, B0DRGL2MZY, B0DRGHVVNS, B0DRGJMQFR, B0DRGGCYJ5, B0DRGGK1T2, B0DRGH6B6N, B0DQXNW6WM, B0DQXPWLKM, B0DRGGZ5P6, B0DRGGCYJJ, B0DRGJX5QW, B0DRGG2RRB, B0DRGFGQN3, B0DRGHBS53, B0F4D631RP, B0DQXR99VV, B0DRGJ9L9P, B0DRGJX5QT, B0F4D7YGP1, B0DRGHBCX5, B0DRGHYDDF, B0F4D3ZKF3, B0F4D5Q1D9]",amzn1.campaign.2H35IB5UWMWGG,Sholbrak Designed for iPhone Case,Sholbrak,2026-04-08,2026-10-31,30.00%,99999.0,99999.0,0,800,false
[B079WCJMRY],amzn1.campaign.1NZ781QHBMKNB,"Organic Corrective Cream, Rich Anti Aging Facial Cream For Fine Lines, Wrinkles",BeeFriendly,2026-04-08,2027-01-02,25.00%,500000.0,500000.0,0,800,false
[B0FY41KXQF],amzn1.campaign.3665HKS0P7HRK,BeeFriendly Menopause Support – SAMPLES AVAILABLE,BeeFriendly,2026-04-08,2027-01-02,25.00%,500000.0,500000.0,0,800,false
[B00IQ21TK4],amzn1.campaign.3MFVIX6D8A3XK,USDA Certified Organic Night Cream – Luxurious Moisturizer - No Toxins Ever,BeeFriendly,2026-04-08,2027-01-02,25.00%,500000.0,500000.0,0,800,false
[B00DTTYF6E],amzn1.campaign.15WT707N44Q0B,"Organic Face & Eye Cream, All in One Organic Face and Eye Cream",BeeFriendly,2026-04-08,2027-01-02,25.00%,500000.0,499992.75,0,800,false
[B0FD4254P2],amzn1.campaign.1V972G3WZJGLX,"Penile Health Cream, USDA Organic For Dry, Sore, Chafed, Irritated Male Parts",BeeFriendly,2026-04-08,2027-01-02,25.00%,500000.0,499993.75,0,800,false
[B0CQZWPHNW],amzn1.campaign.SMRCFTH6THWV,"PETKAO's Bestselling Grill Locking Caster for Weber(3,000+ Sold!)10% Commission",PETKAO,2026-04-14,2027-04-14,10.00%,5000.0,5000.0,32,800,false
[B0CQZWPHNW],amzn1.campaign.3CP8KYGT1PZNX,"PETKAO's Bestselling Grill Locking Caster for Weber(3,000+ Sold!)10% Commission",PETKAO,2026-04-13,2027-04-13,10.00%,5000.0,5000.0,33,800,false
[B0CQZWPHNW],amzn1.campaign.17LJ9CBMQD3EW,"PETKAO's Bestselling Grill Locking Caster for Weber(3,000+ Sold!)10% Commission",PETKAO,2026-04-12,2027-04-12,10.00%,5000.0,5000.0,35,800,false
[B0CQZWPHNW],amzn1.campaign.3CSEVR290VXT8,"PETKAO's Bestselling Grill Locking Caster for Weber(3,000+ Sold!)10% Commission",PETKAO,2026-04-11,2027-04-11,10.00%,5000.0,5000.0,41,800,false
[B0CQZWPHNW],amzn1.campaign.374OBO90FE7E,"PETKAO's Bestselling Grill Locking Caster for Weber(3,000+ Sold!)10% Commission",PETKAO,2026-04-10,2027-04-10,10.00%,5000.0,5000.0,42,800,false
[B0CQZWPHNW],amzn1.campaign.1TVLM66N8G35V,"PETKAO's Bestselling Grill Locking Caster for Weber(3,000+ Sold!)10% Commission",PETKAO,2026-04-09,2027-04-09,10.00%,5000.0,5000.0,41,800,false
[B0CQZWPHNW],amzn1.campaign.2HG4VWZZM5XB6,"PETKAO's Bestselling Grill Locking Caster for Weber(3,000+ Sold!)10% Commission",PETKAO,2026-04-08,2027-04-08,10.00%,5000.0,4966.69,42,800,false
"[B0C5B1JWQG, B0D1WH3VF1, B0C5B6DC6D, B0D1W2WBS2]",amzn1.campaign.3GKR6RH9OX0K7,💰 HIGH COMMISSION GEAR: Earn $43-$48 on Wolf Tactical Weighted Training Vest 🔥,WOLF TACTICAL,2026-04-08,2027-04-07,20.00%,200000.0,200000.0,0,800,false
"[B0C5B1JWQG, B0C5B6DC6D]",amzn1.campaign.1LJ1JSFD65RZN,🚨 HIGH EARNER ALERT: 4.6 Stars Wolf Tactical  Training Vest — Earn $43-$48 🔥,WOLF TACTICAL,2026-04-08,2027-04-07,20.00%,200000.0,200000.0,0,800,false
"[B0FGL1VS8X, B0FFPZ9FKF]",amzn1.campaign.2TJMXH40OV1P4,Creatine Gummies Campaign – Fitness & Performance,Puur House,2026-04-08,2026-09-30,13.00%,5000.0,5000.0,0,800,false
"[B0D1WH3VF1, B0D1W2WBS2]",amzn1.campaign.WZ3AGVPTAKX3,🎖️ START EARNING $43-$48 Per Sale with Wolf Tactical Weighted Training Vest 🔥,WOLF TACTICAL,2026-04-08,2027-04-07,20.00%,200000.0,200000.0,4,800,false
"[B0F1ZFKF5B, B0D71MHFDJ]",amzn1.campaign.HYGZ5FTNLP3K,Electric Warming Mat Campaign – PUUR Home,Puur House,2026-04-08,2026-11-29,10.00%,5000.0,5000.0,0,800,false
[B0D1WH3VF1],amzn1.campaign.1SNW5G3INTEFK,"💪 QUICK RELEASE, ZERO LIMITS: Wolf Tactical Weighted Training Vest — Earn 20%🔥",WOLF TACTICAL,2026-04-08,2027-04-07,20.00%,200000.0,200000.0,1,800,false
[B0D1W2WBS2],amzn1.campaign.1U36TTWA2EY18,⚡ BUILT FOR MEN WHO TRAIN HARD: Wolf Tactical Weighted Vest — Earn 20% 💪,WOLF TACTICAL,2026-04-08,2027-04-07,20.00%,200000.0,200000.0,0,800,false
"[B0GR6M74MB, B0GR6DH3R9, B0GR6GRD8J, B0GR6JLMVR]",amzn1.campaign.368K8ZSL86MI8,"Rubbermaid Stainless Steel Grater — Rust-Proof, Easy Clean, 15% Commission",Rubbermaid,2026-04-08,2027-02-28,15.00%,100000.0,99901.27,0,800,false
[B0C5B1JWQG],amzn1.campaign.3MZBY8BFTLITV,💪 MAXIMUM COMFORT MAXIMUM GAINS: Wolf Tactical Weighted Vest — 20% Commission⚡,WOLF TACTICAL,2026-04-08,2027-04-07,20.00%,200000.0,200000.0,1,800,false
[B0C5B6DC6D],amzn1.campaign.NJ3SBKC27NN2,🔥 FINALLY! WEIGHTED VEST FOR SERIOUS MEN: Earn $43-$48 with Wolf Tactical 🎖️,WOLF TACTICAL,2026-04-08,2027-04-07,20.00%,200000.0,200000.0,1,800,false
"[B0GDMVYMWX, B0GMK6FX3Z, B0FSKSPDZM, B0FP9MWTTP, B0GLFW9RJK, B0GLG75FFS, B0DYTS7ST1, B0FN44SC1Q, B0GLG3F9P3, B0GV77DF6D, B0GV6X5TJ4]",amzn1.campaign.1DGQT5XL8L5CT,SG500&T49M&SUB-20%Commission-0418,Butinkfly,2026-04-18,2026-12-31,20.00%,5000.0,5000.0,13,800,false
"[B0GDMVYMWX, B0GMK6FX3Z, B0FSKSPDZM, B0FP9MWTTP, B0GLFW9RJK, B0GLG75FFS, B0DYTS7ST1, B0FN44SC1Q, B0GLG3F9P3, B0GV77DF6D, B0GV6X5TJ4]",amzn1.campaign.ZLOJI9Q0PESH,SG500&T49M&SUB-20%Commission-0417,Butinkfly,2026-04-17,2026-12-31,20.00%,5000.0,5000.0,24,800,false
"[B0GDMVYMWX, B0GMK6FX3Z, B0FSKSPDZM, B0FP9MWTTP, B0GLFW9RJK, B0GLG75FFS, B0DYTS7ST1, B0FN44SC1Q, B0GLG3F9P3, B0GV77DF6D, B0GV6X5TJ4]",amzn1.campaign.1LZQ9VY9DVWHV,SG500&T49M&SUB-20%Commission-0416,Butinkfly,2026-04-16,2026-12-31,20.00%,5000.0,5000.0,18,800,false
"[B0GDMVYMWX, B0GMK6FX3Z, B0FSKSPDZM, B0FP9MWTTP, B0GLFW9RJK, B0GLG75FFS, B0DYTS7ST1, B0FN44SC1Q, B0GLG3F9P3, B0GV77DF6D, B0GV6X5TJ4]",amzn1.campaign.24NV7C9DNOXNY,SG500&T49M&SUB-20%Commission-0415,Butinkfly,2026-04-15,2026-12-31,20.00%,5000.0,5000.0,20,800,false
"[B0GDMVYMWX, B0GMK6FX3Z, B0FSKSPDZM, B0FP9MWTTP, B0GLFW9RJK, B0GLG75FFS, B0DYTS7ST1, B0FN44SC1Q, B0GLG3F9P3, B0GV77DF6D, B0GV6X5TJ4]",amzn1.campaign.2M994EAY75U7R,SG500&T49M&SUB-20%Commission-0414,Butinkfly,2026-04-14,2026-12-31,20.00%,5000.0,5000.0,21,800,false
"[B0GDMVYMWX, B0GMK6FX3Z, B0FSKSPDZM, B0FP9MWTTP, B0GLFW9RJK, B0GLG75FFS, B0DYTS7ST1, B0FN44SC1Q, B0GLG3F9P3, B0GV77DF6D, B0GV6X5TJ4]",amzn1.campaign.1D25PUZ8DMBNS,SG500&T49M&SUB-20%Commission-0413,Butinkfly,2026-04-13,2026-12-31,20.00%,5000.0,5000.0,17,800,false
[B0786YMLQ8],amzn1.campaign.3TYB9WZRU2SF8,As Seen in Food & Wine | 35% OFF + 15% Commission | High-Converting Kitchen Tool,Beckon Ware,2026-04-08,2027-04-08,15.00%,100000.0,100000.0,0,800,false
"[B0GD83VYSQ, B0GD8MSK6S, B0GD8RQFQ5, B0G93VTZMS, B0GD8ZXKYY, B0GD82LDR4, B0GD8QQ2S4, B0GD8ZZ6MB, B0GD81TJMP, B0GD83ZLNH, B0GD7YNS9Y, B0GD8HT69V, B0G93B2B7D, B0GD8W6588]",amzn1.campaign.1VC7HW2LYFEUH,BITTE Immune + Energy Shots — 20% Commission • Daily Ritual in Glass Bottles,BITTE,2026-04-11,2027-03-25,20.00%,50000.0,50000.0,0,800,false
"[B0FQKJPHF7, B0FV5DJJSR, B0FQG5DK98, B0FQG3TS1P]",amzn1.campaign.1RR6EA3Y46ZMU,Freshpack Ethylene-Absorbing Zipper Bags — 30% Commission • Free Sample,247 Freshpack,2026-04-09,2027-03-24,30.00%,50000.0,50000.0,0,800,false
"[B0FQKJPHF7, B0FV5DJJSR, B0FQG5DK98, B0FQG3TS1P]",amzn1.campaign.35GAI9FOBY6O4,Freshpack Ethylene-Absorbing Zipper Bags — 30% Commission • Free Sample,247 Freshpack,2026-04-08,2027-03-24,30.00%,50000.0,50000.0,0,800,false
"[B0DWXMZ99Z, B0DPB8Y45F, B0CVXD2F7M]",amzn1.campaign.3Q95D9VQPD5YO,WONDER FAMILY Berberine – Free Sample + 30% Commission (UGC Campaign),WONDER FAMILY,2026-04-09,2027-03-24,30.00%,50000.0,50000.0,0,800,false
"[B0DWXMZ99Z, B0DPB8Y45F, B0CVXD2F7M]",amzn1.campaign.3P655O7OBVMC4,WONDER FAMILY Berberine – Free Sample + 30% Commission (UGC Campaign),WONDER FAMILY,2026-04-08,2027-03-24,30.00%,50000.0,50000.0,0,800,false
"[B0DVRRHVVW, B0FNRNKD89, B0FNRQRQSH]",amzn1.campaign.221D8FHZWB040,WONDER FAMILY Ear Wax Removal Kit — 30% Commission • Free Sample,WONDER FAMILY,2026-04-08,2027-03-24,30.00%,50000.0,50000.0,0,800,false
[B0GKB2NTRV],amzn1.campaign.1L23MAW7R2TBF,WONDER FAMILY Lash Shampoo Kit — 31% Commission • Free Sample,WONDER FAMILY,2026-04-09,2027-03-02,31.00%,50000.0,50000.0,0,800,false
[B0GKB2NTRV],amzn1.campaign.3TH17BVHNY02S,WONDER FAMILY Lash Shampoo Kit — 31% Commission • Free Sample,WONDER FAMILY,2026-04-08,2027-03-02,31.00%,50000.0,50000.0,0,800,false
"[B0G1995F6J, B0GR68SX5Q, B0GR644P59]",amzn1.campaign.1TLMBE4SIGT8Q,WONDER FAMILY Magnesium Oil Spray — 31% Commission • Free Sample,WONDER FAMILY,2026-04-09,2026-12-23,31.00%,50000.0,50000.0,0,800,false
"[B0G1995F6J, B0GR68SX5Q, B0GR644P59]",amzn1.campaign.9KA20G64LPXR,WONDER FAMILY Magnesium Oil Spray — 31% Commission • Free Sample,WONDER FAMILY,2026-04-08,2026-12-23,31.00%,50000.0,50000.0,0,800,false
"[B0DSLMQ63Z, B0F8XLP86R]",amzn1.campaign.GNKINNKZ22A5,WONDER FAMILY LED Cordless Table Lamp — 25% Comission • Free Sample (Black/Gold),WONDER FAMILY,2026-04-09,2026-12-14,25.00%,50000.0,50000.0,0,800,false
"[B0DSLMQ63Z, B0F8XLP86R]",amzn1.campaign.1U2OLWK24T4U2,WONDER FAMILY LED Cordless Table Lamp — 25% Comission • Free Sample (Black/Gold),WONDER FAMILY,2026-04-08,2026-12-14,25.00%,50000.0,50000.0,0,800,false
"[B0D26DXT5H, B0CGRXK1B1]",amzn1.campaign.3MO0AKKO5R5ZH,WONDER FAMILY Shower Steamers — 31% Commission • Free Sample (2 Scents),WONDER FAMILY,2026-04-09,2026-12-14,31.00%,50000.0,50000.0,0,800,false
"[B0D26DXT5H, B0CGRXK1B1]",amzn1.campaign.2W59XL9FF6AJC,WONDER FAMILY Shower Steamers — 31% Commission • Free Sample (2 Scents),WONDER FAMILY,2026-04-08,2026-12-14,31.00%,50000.0,50000.0,0,800,false
"[B0F3XQLRL5, B0D8CJYFH9]",amzn1.campaign.3CLVSJGH9VT3W,WONDER FAMILY Mulberry Silk Sleep Mask — 31% • Free Sample (Multiple Colors),WONDER FAMILY,2026-04-09,2026-12-14,31.00%,50000.0,50000.0,0,800,false
"[B0F3XQLRL5, B0D8CJYFH9]",amzn1.campaign.R6Y7S4JZQ41W,WONDER FAMILY Mulberry Silk Sleep Mask — 31% • Free Sample (Multiple Colors),WONDER FAMILY,2026-04-08,2026-12-14,31.00%,50000.0,50000.0,2,800,false
"[B0CB4W6BN1, B0DD4466Z3, B0CFRDZX2C]",amzn1.campaign.1X03P0CN09YRG,WONDER FAMILY Green Tea Mask Stick — 31% Commission • Free Sample,WONDER FAMILY,2026-04-09,2027-03-30,31.00%,50000.0,50000.0,0,800,false
"[B0CB4W6BN1, B0DD4466Z3, B0CFRDZX2C]",amzn1.campaign.1QPEWKJGB5QLN,WONDER FAMILY Green Tea Mask Stick — 31% Commission • Free Sample,WONDER FAMILY,2026-04-08,2027-03-30,31.00%,50000.0,50000.0,0,800,false
"[B0DDY7J4C3, B0FBS9QQSK, B0FBS7RXWZ]",amzn1.campaign.LSZUWMF6IVUA,30 Percent Commission Free Sample WONDER FAMILY Phosphatidylserine 600 mg,WONDER FAMILY,2026-04-09,2027-03-24,30.00%,50000.0,50000.0,3,800,false
"[B0DDY7J4C3, B0FBS9QQSK, B0FBS7RXWZ]",amzn1.campaign.3YQ4B64OHDWA,30 Percent Commission Free Sample WONDER FAMILY Phosphatidylserine 600 mg,WONDER FAMILY,2026-04-08,2027-03-24,30.00%,50000.0,50000.0,10,800,false
[B0DDKTPJZ6],amzn1.campaign.30TRKNKBG7UNO,WONDER FAMILY Electric Makeup Brush Cleaner — 25% Commission • Free Sample,WONDER FAMILY,2026-04-09,2027-03-24,25.00%,50000.0,50000.0,0,800,false
[B0FB9GN9SK],amzn1.campaign.31WNFXA3IOI3F,5in1 brush wand kit,COMFYDOMUS,2026-04-08,2027-04-08,18.00%,10000.0,9974.9,0,800,false
[B0DDKTPJZ6],amzn1.campaign.GEA778EVKP3U,WONDER FAMILY Electric Makeup Brush Cleaner — 25% Commission • Free Sample,WONDER FAMILY,2026-04-08,2027-03-24,25.00%,50000.0,50000.0,0,800,false
"[B0CKRXTHW8, B0CWLTJNPL, B0CWLN7DXD, B0FJSFD1YZ, B0CWLVQ2HG]",amzn1.campaign.185NMU789V4D1,WONDER FAMILY Silicone Scalp Scrubber — 30% Commission • Free Sample Multicolors,WONDER FAMILY,2026-04-09,2027-03-24,30.00%,50000.0,50000.0,0,800,false
"[B0CKRXTHW8, B0CWLTJNPL, B0CWLN7DXD, B0FJSFD1YZ, B0CWLVQ2HG]",amzn1.campaign.3CE0THVXMMXQC,WONDER FAMILY Silicone Scalp Scrubber — 30% Commission • Free Sample Multicolors,WONDER FAMILY,2026-04-08,2027-03-24,30.00%,50000.0,50000.0,0,800,false
"[B0GP6BFRT8, B0GP6FTM6V, B0GP6V23NV, B0GP74BSXV, B0GP712KC3, B0GP6SJSZJ, B0GP6L4HX2, B0GP6NF97L, B0GP6L3TM8]",amzn1.campaign.25WN6IAFI84X7,Mia + Sophia : Style Meets Real Life,MIA + SOPHIA,2026-04-17,2027-04-17,10.00%,100000.0,100000.0,0,800,false
"[B0GMVLMQVF, B0GM7QHVMP, B0GTR58666, B0GMHT5R38]",amzn1.campaign.9WFI7GCYF7EK,Subject: 😀11% Commission – MEGAYES 4-1 Folding Sofa Bed Collaboration🤝,MEGAYES,2026-04-08,2026-12-31,11.00%,100000.0,99934.55,0,800,false
"[B0GP6BFRT8, B0GP6FTM6V, B0GP6V23NV, B0GP74BSXV, B0GP712KC3, B0GP6SJSZJ, B0GP6L4HX2, B0GP6NF97L, B0GP6L3TM8]",amzn1.campaign.1IFNVBBX9YRSD,Mia + Sophia : Mom Life Glow-Up,MIA + SOPHIA,2026-04-15,2027-04-15,10.00%,100000.0,100000.0,12,800,false
[B0CWLT1JXX],amzn1.campaign.D1YZGFN8K7CQ,WONDER FAMILY Under-Eye Balm Stick — 25% Commission • Free Sample,WONDER FAMILY,2026-04-09,2027-03-24,25.00%,50000.0,50000.0,0,800,false
[B0CWLT1JXX],amzn1.campaign.2N3P7R217N4H9,WONDER FAMILY Under-Eye Balm Stick — 25% Commission • Free Sample,WONDER FAMILY,2026-04-08,2027-03-24,25.00%,50000.0,50000.0,0,800,false
[B0CWLTG73R],amzn1.campaign.5EJQ5T2JRY5K,WONDER FAMILY Cat Tunnel Bed — 25% Commission • Free Sample,WONDER FAMILY,2026-04-09,2027-03-24,25.00%,50000.0,50000.0,0,800,false
"[B0GP6BFRT8, B0GP6FTM6V, B0GP6V23NV, B0GP74BSXV, B0GP712KC3, B0GP6SJSZJ, B0GP6L4HX2, B0GP6NF97L, B0GP6L3TM8]",amzn1.campaign.2GD0F795MQZG3,Mia + Sophia : Modern Mom Energy,MIA + SOPHIA,2026-04-13,2027-04-13,10.00%,100000.0,100000.0,20,800,false
[B0CWLTG73R],amzn1.campaign.2WZE1Q4NPUE56,WONDER FAMILY Cat Tunnel Bed — 25% Commission • Free Sample,WONDER FAMILY,2026-04-08,2027-03-24,25.00%,50000.0,50000.0,0,800,false
[B0F5Z31QSM],amzn1.campaign.1W6K2X31PQHJL,Makeup Remover Gel Balm Stick — 31% Commission • Free Sample,WONDER FAMILY,2026-04-09,2026-12-16,31.00%,10000.0,10000.0,0,800,false
[B0F5Z31QSM],amzn1.campaign.1E2F1ETXIOA6Q,Makeup Remover Gel Balm Stick — 31% Commission • Free Sample,WONDER FAMILY,2026-04-08,2026-12-16,31.00%,10000.0,9995.48,0,800,false
"[B0GP6BFRT8, B0GP6FTM6V, B0GP6V23NV, B0GP74BSXV, B0GP712KC3, B0GP6SJSZJ, B0GP6L4HX2, B0GP6NF97L, B0GP6L3TM8]",amzn1.campaign.1HJX3MTTT8K9R,Mia + Sophia : Mom Mode: Activated,MIA + SOPHIA,2026-04-10,2027-04-10,10.00%,100000.0,100000.0,20,800,false
[B0D64CH1SN],amzn1.campaign.1QZUUKW7APU0M,Urea Cream 40 Percent for Feet — 31% Commission • Free Sample,WONDER FAMILY,2026-04-09,2026-12-14,31.00%,10000.0,10000.0,0,800,false
[B0D64CH1SN],amzn1.campaign.2K765SWOSMKV,Urea Cream 40 Percent for Feet — 31% Commission • Free Sample,WONDER FAMILY,2026-04-08,2026-12-14,31.00%,10000.0,10000.0,2,800,false
[B0D547TGDG],amzn1.campaign.3JZRF0GCJYMXT,Creatine Gummies (Blueberry) — 31% Commission • Free Sample,WONDER FAMILY,2026-04-09,2027-03-02,31.00%,10000.0,10000.0,0,800,false
[B0D547TGDG],amzn1.campaign.1U3Y33AZIUYWG,Creatine Gummies (Blueberry) — 31% Commission • Free Sample,WONDER FAMILY,2026-04-08,2027-03-02,31.00%,10000.0,10000.0,0,800,false
"[B0DMGKTW81, B0FBS38S36, B0FBS532PB]",amzn1.campaign.1GGZGU8WE7CLO,Resveratrol 500 mg — 25% Commission • Free Sample,WONDER FAMILY,2026-04-09,2027-03-05,25.00%,10000.0,10000.0,1,800,false
"[B0DMGKTW81, B0FBS38S36, B0FBS532PB]",amzn1.campaign.1R2FJJL9DNUP2,Resveratrol 500 mg — 25% Commission • Free Sample,WONDER FAMILY,2026-04-08,2027-03-05,25.00%,10000.0,10000.0,10,800,false
"[B0FBS2ZMF9, B0DJ37SGSG, B0FBS59HM1]",amzn1.campaign.3LDB3HN15PFYE,WONDER FAMILY Ashwagandha Complex — 31% Commission • Free Sample,WONDER FAMILY,2026-04-09,2027-02-05,31.00%,10000.0,10000.0,0,800,false
"[B0FBS2ZMF9, B0DJ37SGSG, B0FBS59HM1]",amzn1.campaign.2R4FUXMI9DHA3,WONDER FAMILY Ashwagandha Complex — 31% Commission • Free Sample,WONDER FAMILY,2026-04-08,2027-02-05,31.00%,10000.0,10000.0,9,800,false
"[B0DBVMG6DZ, B0F547KTRW, B0F5388QLM]",amzn1.campaign.V855C4OAABC1,WONDER FAMILY Sea Moss Capsules — 31% Commission • Free Sample,WONDER FAMILY,2026-04-09,2026-12-14,31.00%,10000.0,10000.0,7,800,false
"[B0DBVMG6DZ, B0F547KTRW, B0F5388QLM]",amzn1.campaign.PUV43XQPEXYI,WONDER FAMILY Sea Moss Capsules — 31% Commission • Free Sample,WONDER FAMILY,2026-04-08,2026-12-14,31.00%,10000.0,10000.0,11,800,false
"[B0DWSX3DQZ, B0DWST3MVN, B0DWSY6NGR, B0GD695QS7]",amzn1.campaign.2UCZLRJ1QOGL0,WONDER FAMILY Self-Tanning Drops Kit — 31% Commission • Free Sample,WONDER FAMILY,2026-04-09,2026-12-14,31.00%,10000.0,10000.0,0,800,false
"[B0DWSX3DQZ, B0DWST3MVN, B0DWSY6NGR, B0GD695QS7]",amzn1.campaign.VF7PS3VJVJ1N,WONDER FAMILY Self-Tanning Drops Kit — 31% Commission • Free Sample,WONDER FAMILY,2026-04-08,2026-12-14,31.00%,10000.0,10000.0,0,800,false
[B0DSJLR594],amzn1.campaign.IPDXJ92E5EXP,WONDER FAMILY Magnesium Oil Spray — 31% Commission • Free Sample,WONDER FAMILY,2026-04-09,2026-12-14,31.00%,50000.0,50000.0,12,800,false
[B0DSJLR594],amzn1.campaign.1UZU351QYKLMQ,WONDER FAMILY Magnesium Oil Spray — 31% Commission • Free Sample,WONDER FAMILY,2026-04-08,2026-12-14,31.00%,50000.0,50000.0,12,800,false
[B0DSLLSNTK],amzn1.campaign.2HW09PTW78RHO,WONDER FAMILY Hard-Bottom Dog Car Seat Cover — 31% Commission • Free Sample,WONDER FAMILY,2026-04-09,2026-12-14,31.00%,50000.0,50000.0,0,800,false
[B0DSLLSNTK],amzn1.campaign.37DAFZC7EPO2W,WONDER FAMILY Hard-Bottom Dog Car Seat Cover — 31% Commission • Free Sample,WONDER FAMILY,2026-04-08,2026-12-14,31.00%,50000.0,50000.0,10,800,false
[B0D547TGDG],amzn1.campaign.31WUA1ID0TBW0,WONDER FAMILY Creatine Monohydrate Gummies — 31% Commission • Free Sample,WONDER FAMILY,2026-04-09,2026-12-14,31.00%,50000.0,50000.0,1,800,false
[B0D547TGDG],amzn1.campaign.2L6POWBC2OEL8,WONDER FAMILY Creatine Monohydrate Gummies — 31% Commission • Free Sample,WONDER FAMILY,2026-04-08,2026-12-14,31.00%,50000.0,50000.0,7,800,false
"[B0CL6GK919, B0CL6GTBG6, B0CL6JL5SB]",amzn1.campaign.3H2A6P1UHGPM8,🚀 Earn Up to 20% Commission Promoting CONSDAN’s Premium Wood Shoe Bench! 💰,CONSDAN,2026-04-08,2027-04-08,20.00%,5000.0,4934.0,0,800,false
"[B0DQ19LJDH, B0DQ161PX7]",amzn1.campaign.12YRC62P8ECVJ,WONDER FAMILY Portable Neck Fan — 31% Commission • Free Sample (White or Black),WONDER FAMILY,2026-04-09,2026-12-14,31.00%,50000.0,49991.01,0,800,false
"[B0DQ19LJDH, B0DQ161PX7]",amzn1.campaign.1Y8U4Z7B99807,WONDER FAMILY Portable Neck Fan — 31% Commission • Free Sample (White or Black),WONDER FAMILY,2026-04-08,2026-12-14,31.00%,50000.0,50000.0,0,800,false
[B0DY2RWJWM],amzn1.campaign.2P51JKGSAWWYO,WONDER FAMILY Batana Oil Paste Kit — 31% Commission • Free Sample,WONDER FAMILY,2026-04-09,2026-12-14,31.00%,50000.0,50000.0,0,800,false
[B0DY2RWJWM],amzn1.campaign.1AZ0YAV3WELJ5,WONDER FAMILY Batana Oil Paste Kit — 31% Commission • Free Sample,WONDER FAMILY,2026-04-08,2026-12-14,31.00%,50000.0,50000.0,2,800,false
[B0DQTW3VV6],amzn1.campaign.2R6ILA4W4QIL9,WONDER FAMILY Portable Bottle Warmer — 31% Commission • Free Sample,WONDER FAMILY,2026-04-08,2026-12-12,31.00%,50000.0,50000.0,0,800,false
[B0D73XYB66],amzn1.campaign.VPKFZIMBTHRZ,WONDER FAMILY Lash Shampoo Kit — 31% Commission • Free Sample,WONDER FAMILY,2026-04-09,2026-12-13,31.00%,50000.0,50000.0,6,800,false
[B0D73XYB66],amzn1.campaign.F1FTA44XGCTF,WONDER FAMILY Lash Shampoo Kit — 31% Commission • Free Sample,WONDER FAMILY,2026-04-08,2026-12-13,31.00%,50000.0,50000.0,9,800,false
"[B0CFYDSK7Q, B0CFYDDQZL, B0CFY9FH4V]",amzn1.campaign.2DL5UBMICF3BX,WONDER FAMILY 24K Gold Collagen Sheet Mask — 20% Commission • Free Sample,WONDER FAMILY,2026-04-09,2026-12-13,31.00%,50000.0,50000.0,0,800,false
"[B0CFYDSK7Q, B0CFYDDQZL, B0CFY9FH4V]",amzn1.campaign.GBRZEN895OT6,WONDER FAMILY 24K Gold Collagen Sheet Mask — 20% Commission • Free Sample,WONDER FAMILY,2026-04-08,2026-12-13,31.00%,50000.0,50000.0,0,800,false
"[B0CS3XXJ4B, B0CS6Y8BYQ, B0D4B112C3]",amzn1.campaign.UE91R4IBG5XQ,WONDER FAMILY Charcoal Scrub — 31% Commission • Free Sample (7/14/21 Pack),WONDER FAMILY,2026-04-09,2026-12-13,31.00%,50000.0,50000.0,0,800,false
"[B0CS3XXJ4B, B0CS6Y8BYQ, B0D4B112C3]",amzn1.campaign.2FK905I8MOOYY,WONDER FAMILY Charcoal Scrub — 31% Commission • Free Sample (7/14/21 Pack),WONDER FAMILY,2026-04-08,2026-12-13,31.00%,50000.0,50000.0,0,800,false
"[B0F48M6WG9, B0F48KJMG5, B0F48M81LP, B0F48MYJPM]",amzn1.campaign.2F0ZCNSYE1YB,WONDER FAMILY Recovery Patches — 31% Commission • Free Sample (Multiple Packs),WONDER FAMILY,2026-04-09,2026-12-13,31.00%,50000.0,50000.0,1,800,false
"[B0F48M6WG9, B0F48KJMG5, B0F48M81LP, B0F48MYJPM]",amzn1.campaign.1CFGO6YGU3LQ3,WONDER FAMILY Recovery Patches — 31% Commission • Free Sample (Multiple Packs),WONDER FAMILY,2026-04-08,2026-12-13,31.00%,50000.0,50000.0,9,800,false
[B0DRW1BFP3],amzn1.campaign.2OURV5FQULRM3,WONDER FAMILY 3-in-1 Shower Dispenser — 31% Commission • Free Sample,WONDER FAMILY,2026-04-09,2026-12-13,31.00%,50000.0,50000.0,0,800,false
[B0DRW1BFP3],amzn1.campaign.1HJUE3U233HTJ,WONDER FAMILY 3-in-1 Shower Dispenser — 31% Commission • Free Sample,WONDER FAMILY,2026-04-08,2026-12-13,31.00%,50000.0,50000.0,8,800,false
[B0DJR99YB3],amzn1.campaign.1P8DZEZG4OFNE,WONDER FAMILY Piercing Aftercare Saline Spray — 31% Commission • Free Sample,WONDER FAMILY,2026-04-09,2026-12-13,31.00%,50000.0,50000.0,0,800,false
[B0DJR99YB3],amzn1.campaign.3TTRN76GQVE5X,WONDER FAMILY Piercing Aftercare Saline Spray — 31% Commission • Free Sample,WONDER FAMILY,2026-04-08,2026-12-13,31.00%,50000.0,50000.0,9,800,false
"[B0FHWPGP79, B0FHWQMKL4, B0FHWBYHM2, B0FHWQ5K8Y]",amzn1.campaign.3BV5JZ98XFIIO,WONDER FAMILY Padel Racket — 31% Commission • Free Sample (4 Colors),WONDER FAMILY,2026-04-09,2026-12-09,31.00%,50000.0,50000.0,10,800,false
"[B0FHWPGP79, B0FHWQMKL4, B0FHWBYHM2, B0FHWQ5K8Y]",amzn1.campaign.2EN9IK21T0XC7,WONDER FAMILY Padel Racket — 31% Commission • Free Sample (4 Colors),WONDER FAMILY,2026-04-08,2026-12-09,31.00%,50000.0,50000.0,20,800,false
[B0D5YXHCJP],amzn1.campaign.156LQJ5NAI5SL,WONDER FAMILY Choline 500 mg — 31% Commission • Free Sample,WONDER FAMILY,2026-04-09,2026-12-13,31.00%,50000.0,50000.0,3,800,false
[B0D5YXHCJP],amzn1.campaign.374H1C6N4GCWT,WONDER FAMILY Choline 500 mg — 31% Commission • Free Sample,WONDER FAMILY,2026-04-08,2026-12-13,31.00%,50000.0,50000.0,17,800,false
[B0DDKQL4ZV],amzn1.campaign.1MY7MYOZAW4I6,WONDER FAMILY Hydrogen Water Bottle — 31% Commission • Free Sample,WONDER FAMILY,2026-04-09,2026-12-13,31.00%,50000.0,50000.0,5,800,false
[B0DDKQL4ZV],amzn1.campaign.30QZ6MU106NXS,WONDER FAMILY Hydrogen Water Bottle — 31% Commission • Free Sample,WONDER FAMILY,2026-04-08,2026-12-13,31.00%,50000.0,50000.0,15,800,false
[B0DTTXQXQP],amzn1.campaign.1WYTQVOVLXDZ,WONDER FAMILY 5-HTP 200 mg — 31% Commission • Free Sample,WONDER FAMILY,2026-04-09,2026-12-11,31.00%,50000.0,50000.0,7,800,false
[B0DTTXQXQP],amzn1.campaign.USM57QW089J,WONDER FAMILY 5-HTP 200 mg — 31% Commission • Free Sample,WONDER FAMILY,2026-04-08,2026-12-11,31.00%,50000.0,50000.0,22,800,false
[B0DJT3N9Q6],amzn1.campaign.ZE6S58AUK4BI,WONDER FAMILY Hypochlorous Acid Spray — 31% Commission • Free Sample,WONDER FAMILY,2026-04-09,2026-12-16,31.00%,50000.0,50000.0,0,800,false
[B0DJT3N9Q6],amzn1.campaign.2CRPLHPB0UTKP,WONDER FAMILY Hypochlorous Acid Spray — 31% Commission • Free Sample,WONDER FAMILY,2026-04-08,2026-12-16,31.00%,50000.0,50000.0,0,800,false
"[B0CTG35DCF, B087V7SXWC, B0CTG2TQBT]",amzn1.campaign.3LFW42JWTIB06,🎖️ SERIOUS RUCKERS ONLY: Wolf Tactical Premium Weighted Backpack — Earn 20% 🔥,WOLF TACTICAL,2026-04-08,2027-04-07,20.00%,200000.0,200000.0,0,800,false
"[B0CTG2TQBT, B087V6L9J4]",amzn1.campaign.1O5321UY51QM0,🔥 ERGONOMIC RUCKING GEAR: Wolf Tactical Weighted Backpack — 20% Commission 💪,WOLF TACTICAL,2026-04-08,2027-04-07,20.00%,200000.0,200000.0,0,800,false
"[B0CTG35DCF, B0CTG2TQBT]",amzn1.campaign.CRA3ZE7HKU7C,"💪 RUN, WALK, RUCK: Wolf Tactical Heavy Duty Weighted Backpack — Earn 20% 🎖️",WOLF TACTICAL,2026-04-08,2027-04-07,20.00%,200000.0,200000.0,5,800,false
[B0CSXFZ6X6],amzn1.campaign.1UNNM9FYD3V0H,Navy Blue Party Backdrop for Creators!    – Perfect for Adult Milestones!,JiaYJinX,2026-04-08,2027-04-06,10.00%,5000.0,5000.0,22,800,false
[B091TGSD7R],amzn1.campaign.7AKVPLO7GKY3,"Firefighter Themed Party Kit! 10-Min Setup, Fire Truck Backdrop – Tattoo Fun! 🔥",JiaYJinX,2026-04-08,2027-04-06,10.00%,5000.0,5000.0,22,800,false
[B0FH5TVH94],amzn1.campaign.182Q3JH1SLZ4N,🦷 WHITER TEETH WITHOUT PEROXIDE: Cinnamon Teeth Pens 3 Pack — 20% Commission ✨,Primal Life Organics,2026-04-08,2027-04-07,20.00%,200000.0,200000.0,0,800,false
[B0FPFSRQ99],amzn1.campaign.2OALZYDWJRJ2K,"🎮 Gamer’s Dream Party Kit! 10-Min Setup, Elegant Photos – Ready to Play! 🕹️",JiaYJinX,2026-04-08,2027-04-06,15.00%,5000.0,5000.0,14,800,false
[B09FG4VQ56],amzn1.campaign.1CH3HKWU0ALOM,"🎮 Video Game Party decorations Party Kit – 10-Min Setup, Photo-Ready! 🕹️📸",JiaYJinX,2026-04-08,2027-04-06,15.00%,5000.0,5000.0,7,800,false
[B08Q3K6216],amzn1.campaign.3TAI7N19NI2ZL,"🚀 Cosmic Party Kit! 10-Min Setup, Astronaut Backdrop – Adventure Awaits! 🌟",JiaYJinX,2026-04-08,2027-04-02,15.00%,5000.0,5000.0,20,800,false
[B08Q3K6216],amzn1.campaign.12YUVTCKZH7TN,"Space party for Creators!  10-Min Setup, Cosmic Vibes!",JiaYJinX,2026-04-08,2027-04-06,15.00%,5000.0,5000.0,14,800,false
[B0DH9B9SHJ],amzn1.campaign.37SH1UD4LXN4C,🍋 BRIGHT SMILE STARTS HERE: Luminous Lemon Organic Toothpowder — Earn 20% 🦷,Primal Life Organics,2026-04-08,2027-04-07,20.00%,200000.0,200000.0,0,800,false
"[B0CRDSCLWN, B0DXP583TT, B0D9DH8T98, B0CRDRN3WL, B0CRDRH6FT, B0CRDRJYZ9, B0CRHVVZVB, B0CRDQS6G7, B0CRDSXGV9, B0CRHSQC4D, B0CRDSR453, B0CRDRJ18D]",amzn1.campaign.T25PNESXBRGM,35圆木扶手,ACQUAN,2026-04-08,2026-12-31,10.00%,5000.0,4997.74,13,800,false
"[B0D8GN5J3Q, B0D8GNPFZ3, B0D8GHZ35S, B0D46S7BZ3, B0D46RFMB5, B0D8GML41P, B0D8GMB6TW, B0D8GN67LC, B0D8GHZ8ZN, B0D8GPLPNZ]",amzn1.campaign.XDSC8NEEO3IT,楼梯护栏,ACQUAN,2026-04-08,2026-12-31,10.00%,5000.0,4932.93,4,800,false
"[B0G5GZYKW2, B0G5HS3J3Z]",amzn1.campaign.2XHTW0CSHUFQI,20% commission for hair comb set,ZAICENCOCO,2026-04-08,2026-10-31,20.00%,5000.0,4997.2,0,800,false
[B08645LPXR],amzn1.campaign.3T0R4DY24NALO,🤲 FINALLY A HAND SANITIZER THAT WORKS: Alcohol-Free Silver Spray — Earn 20% ✨,Primal Life Organics,2026-04-08,2027-04-07,20.00%,200000.0,200000.0,0,800,false
[B0DVLC8114],amzn1.campaign.24FEASQBKG7QT,🎮Video Game Birthday Party Decorations Kit,JiaYJinX,2026-04-08,2027-04-07,15.00%,5000.0,5000.0,15,800,false
"[B0DVLC8114, B0CFQ9KTH2]",amzn1.campaign.3MX6PXXCMAWZ5,🎉 Gold Birthday Decorations Set 🎂,JiaYJinX,2026-04-08,2027-04-06,15.00%,5000.0,5000.0,24,800,false
"[B0F9BCKCC6, B0F9B8PBXM, B0D23V3HDY, B0D23QYWN6, B0F9B9V1WY, B0D245WKSJ, B0F9B7S198, B0F9LM12TY, B0FLLLVKRJ, B0FLL2RPQ7, B0D23KNNH9, B0D23V8ZK4, B0D23NBWRD, B0F9B87L21, B0F9BBMH2P, B0D245S4KK, B0FLLL7SX6, B0F9BBM1L9, B0F9B99QLT, B0FLLH8GGF, B0FLLSHT7L, B0F9LPRRVX, B0D23S5JPL, B0F9BBF7B8, B0D23YJGDH, B0D23TT2T9]",amzn1.campaign.1T0LDVBADCV3Z,Groove Belt Ultra,Groove Life,2026-04-08,2027-01-02,20.00%,25000.0,25000.0,0,800,false
"[B07S7FGW92, B0FFVBDT16, B0FFVZ6ZDK, B0B5HMVL74, B0FFVQ6NHZ, B0FFVRHKWD, B0FFVBW3HK, B09L57NZVW, B07VKRFJPJ, B0FFVW75FZ, B07S7FJJBW, B07VPBF33Z, B0FFV7S52L, B07S7FJ8GT, B0FFVQY1Z8, B0B5HMVKLZ, B07S7FJF2S, B0FFVS5BM7, B07S9DML9Q, B07VPD6YW8, B07VMCS3SW, B07VPB8QL7, B0FFVSC7MJ, B07S9FHNC1, B0FFVKR41B, B07VMCRTWN, B0FFVZSWGS, B0FFVNZX25, B07VL7BZFP, B0FFVDSK2X, B0FFV54M1P, B07S6CG6L4, B07VL7DLV3, B07VPCR8D6, B0FFVDTZQQ, B07VNCK45H, B0FFVFJY3W, B07SBHMR2V, B07VPDBC7X, B07VKRFD4D, B07VL7BVJJ, B0B5HMXZSF, B0B5HM8R1F, B0FFVPR7BG, B07VPDFXX9, B0B5HLXSYT, B07VPCLLN3, B07VPFV7LX, B07S8DKQNZ, B0B5HQQPQN, B07VPCJQ8Q, B0FFVS736P, B0FFVR62LW, B07S9GS9N4, B0FFVQ7CJ8, B07S6CFX6G, B07VL7BCB1, B07VL7D3DF, B0FFVKTM9L, B07VL7CLZL, B07VQK5SJK, B0FFVZWC1T, B0FFVZC8MY, B07S7FFL8H, B0FFVTXRTR, B07VNCND9Z, B07S6CDXW8, B07VNCLVL9, B07VL7CLQP, B07VNCNZ1B, B07VL7C49Y, B07VL76W5R, B0B5HLVY14, B07S9GR1N7, B0FFVNR9PF]",amzn1.campaign.1ZABHJB6WJM63,Groove Life Edge Ring,Groove Life,2026-04-08,2027-01-02,20.00%,25000.0,24965.05,0,800,false
"[B07SB1KLDG, B07Y8VS8HW, B0BH53KQDJ, B07Y8VJ3HY, B07Y8VTNJ6, B0BH53GCXP, B07Y8VGP8M, B0BH53CDVL, B07Y8TSC3S, B07Y8W3BZX, B0BH551ZZV, B07SB1L135, B07Y8WJB5X, B07Y8WF6NZ, B07SC48S78, B07SD72LYR, B0BH54B6C7, B07S8XWL98, B07Y8TLXDV, B07Y8VN3VX, B07SC19FZ8, B07SC4C7X3, B07Y8VCBS3, B07Y8W32P7, B0BH534ZR9, B0BH53XWPM, B07Y8VK7YJ, B07Y8VD1GX, B07SD7F2JN, B07Y8VGJVF, B07SD8FDC9, B07Y8VP1CT, B07SD763PB]",amzn1.campaign.2MJCVO7UQ0L28,Groove Life Mossy Oak Rings,Groove Life,2026-04-08,2027-01-02,20.00%,25000.0,24968.04,0,800,false
"[B0B52J43S4, B09ZYQJWXR, B09ZYQRWPX, B0B52JFVJK, B08KWPB9F4, B0FBY2MCLL, B0BG8V11HZ, B0B4KRNRZC, B0BG8QRBWT, B08KWSCMGQ, B08KWRS25D, B0BG8PJ5QK, B0B4KPCRMG, B08KWS4DYZ, B0BG8SF43K, B0BG8X26QL, B0BKTFQYB8, B08KWQJ6DX, B0B52K7BGY, B0BG8T9389, B08KWRJB11, B0BG8TXQV2, B0B52K6DCD, B0B4KR5XFH, B0BG8SBQGX, B0B52JQ42Y, B0BG8TPRWK, B0BG8RZRFP, B08KWRL9J3, B08KWR6JTG, B09ZYRS95T, B0B52L3HPD, B0FBZ1KT7V, B0B52J71H8, B08KWQZHJ3, B08KXMPHWD, B0B52JX26Z, B0BG8WGXYN, B09ZYPKW2C, B0BG8WLJ93, B0BG8V1L7Q, B0BG8TF2VL, B0B52KWDBX, B08KWQSXJJ, B08KWQF6NW, B0BKV28XZZ, B0BG8VW67S, B09ZYR3TTR, B0BG8YJFXX, B0B52HL6SP, B09ZYQF96W, B09ZYQ39CH, B0BG8VB14B, B0BG8WVLD3, B0BG8S9GS3, B0BG8SBCT5, B09ZYS63TL, B0B52KC5DH, B08KWQFB25, B08KWQFTF7, B08KWNYD92, B0B4KMJVPS, B08KWP2ZWC, B0BG8W3PD1, B0BG8VY77K, B0BG8X4TC8, B0BG8S8GSY, B0BG8RFGL6, B0BG8WSRSG, B0B52JTNGW, B0B4KRSH7R, B0B4KPKSRZ, B0B4KKTZP3, B0B5LZPDQB, B0BG8RPCZ1, B0B4KS3HFR, B0B52L3H9K, B0BG8WGLKP, B0BG8T9BJZ, B0BG8TYNWN, B0B52KVRVH]",amzn1.campaign.145S665ZVBPSY,Groove Belt OG,Groove Life,2026-04-08,2027-01-02,20.00%,25000.0,24922.06,0,800,false
"[B0B4Y8WGM5, B0CGVXQ6B7, B0B4Z1ZZ1Z, B0FFF8PB6T, B0CGVXHSVB, B0FFFMH8H3, B0B4YB3GBF, B0B4YJ7854, B0B4Z5QLC8, B0BPJV18YV, B0B4YV5DH7, B0B4YJ7855, B0B4Z5QJ6K, B0CGVWD5Z9, B0CGVVMPPQ, B0BPJZM7P4, B0BPJV5DDT, B0CGVX3M6N, B0B4Z5K7CG, B0B4Y8PF5K, B0CGVTBC6N, B0B4YJQBZX, B0BPK1SLC2, B0B4Y73CBZ, B0B4YN1F3K, B0B4Z9PG4H, B0BPJBQV6G, B0B4YYRSFB, B0B4YKDW69, B0CGVW825W, B0CGVT17BG, B0CGVX9H9W, B0B4Z82JNN, B0FFF4JPV1, B0CZ7D6GVJ, B0B4YD8GC1, B0B4YJ7KDG, B0B4YR7VN5, B0BPJRPYGW, B0B4Z2PPL3, B0B4YMSFPS, B0BPJX3GGQ, B0B4YQGMY8, B0B4YD6SYK, B0B4YJG8H6, B0B4YMZ4Y2, B0BPK1R598, B0CGVWVMBV, B0B4Y8R5ZF, B0BPJFYT63, B0B4Z4BDW5, B0CGVVK9SF, B0B4YSMM5C, B0BPK13LCP, B0CGVYCCXY, B0FFDTQ97P, B0FFF1YS9V, B0CGVYC26L, B0BPJP3V72, B0B4YPRT9N, B0CZ7GRZ27, B0FFDTCZB7, B0B4YPS642, B0B4YX6N5Z, B0B4Z18J3V, B0B4Z837FQ, B0B4YQFN5L, B0BPJK9ZHP, B0BPJK9ZHQ, B0B4YTF7WB, B0B4YTF5C2, B0BPJY98SP, B0B4YM6M1L, B0B4YTFMRH, B0FFF5W7LN, B0B4YYTDV8, B0B4YQCBXY, B0B4YRYM14, B0B4YTDGSX, B0B4YYRQMF, B0B4YRG27V, B0B4YYT57N, B0B4Z1ZK9L, B0CGVTMHCG, B0B4YS46VW, B0BPJTCZCT, B0B4YG33DF, B0CZ7HHW8R, B0CGVVYDY5, B0CZ7H9M94, B0FFFM76CJ, B0CGVT7M7G, B0BPJJB4V5, B0B4YLZPBW, B0B4YR4VPW, B0B4Z15WDK, B0B4YX86GH, B0B4YTWB86, B0B4YKKDXP, B0BPJHVFN9, B0CGVWP4NZ, B0B4YPKCCQ, B0FS2BPKQJ, B0B4YYSMCX, B0BPJKLHRY, B0CGVT63PY, B0FFDZY58Y, B0BPJ4ZX6Y, B0B4YXGYFN, B0CGVX9PFV, B0CGVZKTJD, B0CGVVSHD1, B0B4YYT1K3, B0BPJWX4CX, B0FFFJS9N5, B0B4YTN7XD, B0B4YRYKW7, B0FFFJS9N3, B0CZ7JSNG8, B0BPK16GF2, B0B4YG8WRR, B0B4YDC3XD, B0FFF58GG5, B0FFF4TBVH]",amzn1.campaign.FLQ3W47ZFK5D,Groove Life Zeus Ring,Groove Life,2026-04-08,2027-01-02,20.00%,25000.0,24991.76,0,800,false
[B0DYPCVZ8X],amzn1.campaign.2OU4G83ADKL3,🚀Outer Space Birthday Party Decorations  ✨,JiaYJinX,2026-04-08,2027-04-07,15.00%,5000.0,5000.0,18,800,false
"[B0G63MPL23, B0G65CHY3H, B0G656PNFF, B0GL95PH9L, B0G65215ZK]",amzn1.campaign.34NDBWWU9FNYN,8.✨ Wife Designed Golf Cigar Holder | Strong Magnetic Hold 🧲,MOYEE,2026-04-05,2027-04-03,15.99%,5000.0,5000.0,20,800,false
"[B0G63MPL23, B0G65CHY3H, B0G656PNFF, B0GL95PH9L, B0G65215ZK]",amzn1.campaign.1F5SM4Y2JUZXQ,8.✨ Wife Designed Golf Cigar Holder | Strong Magnetic Hold 🧲,MOYEE,2026-04-05,2027-04-03,15.98%,5000.0,5000.0,22,800,false
[B0FSDBSZY3],amzn1.campaign.2Q3KCBFAM8H3A,Fire Truck Birthday Party Decorations Set,JiaYJinX,2026-04-08,2027-04-07,15.00%,5000.0,5000.0,14,800,false
"[B0G63MPL23, B0G65CHY3H, B0G656PNFF, B0GL95PH9L, B0G65215ZK]",amzn1.campaign.3DYYHLOBE59UQ,8.✨ Wife Designed Golf Cigar Holder | Strong Magnetic Hold 🧲,MOYEE,2026-04-05,2027-04-03,15.97%,5000.0,5000.0,26,800,false
"[B0G63MPL23, B0G65CHY3H, B0G656PNFF, B0GL95PH9L, B0G65215ZK]",amzn1.campaign.2A4PB3LYUZX1I,8.✨ Wife Designed Golf Cigar Holder | Strong Magnetic Hold 🧲,MOYEE,2026-04-05,2027-04-03,15.96%,5000.0,5000.0,26,800,false
"[B0G63MPL23, B0G65CHY3H, B0G656PNFF, B0GL95PH9L, B0G65215ZK]",amzn1.campaign.2RSKTQKRVON5Q,8.✨ Wife Designed Golf Cigar Holder | Strong Magnetic Hold 🧲,MOYEE,2026-04-05,2027-04-03,15.95%,5000.0,5000.0,28,800,false
"[B0G63MPL23, B0G65CHY3H, B0G656PNFF, B0GL95PH9L, B0G65215ZK]",amzn1.campaign.1AYN8E0CJYB8V,8.✨ Wife Designed Golf Cigar Holder | Strong Magnetic Hold 🧲,MOYEE,2026-04-05,2027-04-03,15.94%,5000.0,5000.0,26,800,false
"[B0G63MPL23, B0G65CHY3H, B0G656PNFF, B0GL95PH9L, B0G65215ZK]",amzn1.campaign.305P77HIO0U1T,8.✨ Wife Designed Golf Cigar Holder | Strong Magnetic Hold 🧲,MOYEE,2026-04-05,2027-04-03,15.93%,5000.0,5000.0,29,800,false
[B0BZSZ4CB1],amzn1.campaign.1KGQOXDMFZCVK,Best Selling Dishwasher Cleaner & Deodorizer,RENUV,2026-04-08,2027-01-02,30.00%,300000.0,299995.16,0,800,false
"[B0G63MPL23, B0G65CHY3H, B0G656PNFF, B0GL95PH9L, B0G65215ZK]",amzn1.campaign.2Q2EUTKM9FMB8,8.✨ Wife Designed Golf Cigar Holder | Strong Magnetic Hold 🧲,MOYEE,2026-04-05,2027-04-03,15.92%,5000.0,5000.0,28,800,false
"[B0CP4PTPNN, B08BMJN33K]",amzn1.campaign.1E8KN0UTMUXKD,Heavy Duty Washing Machine Cleaner & Deodorizer,RENUV,2026-04-08,2027-01-02,30.00%,300000.0,299970.93,0,800,false
[B0F4NZ679Q],amzn1.campaign.19I15RL2DR1D8,"Citric Acid for Cleaning & Descaling Water Distillers, Kettles, Pots, Boilers",RENUV,2026-04-08,2027-01-02,30.00%,300000.0,299994.08,0,800,false
"[B0G63MPL23, B0G65CHY3H, B0G656PNFF, B0GL95PH9L, B0G65215ZK]",amzn1.campaign.13Z948BMBTUI8,8.✨ Wife Designed Golf Cigar Holder | Strong Magnetic Hold 🧲,MOYEE,2026-04-05,2027-04-03,15.91%,5000.0,5000.0,26,800,false
[B0CT93SGY9],amzn1.campaign.2KIZ4GG16CR96,TikTok Viral Coffee Maker Cleaner and Descaler,RENUV,2026-04-08,2027-01-02,30.00%,300000.0,300000.0,0,800,false
"[B0G63MPL23, B0G65CHY3H, B0G656PNFF, B0GL95PH9L, B0G65215ZK]",amzn1.campaign.2LWQ315179ZS,8.✨ Wife Designed Golf Cigar Holder | Strong Magnetic Hold 🧲,MOYEE,2026-04-05,2027-04-03,15.90%,5000.0,5000.0,31,800,false
"[B09RX3RRQ3, B09RDK96GJ]",amzn1.campaign.30OT9UGY4Z2R8,The Most Complete Dog Travel Bag —  Earns You $9.98 Per Sale | 20% Commission,Custom Empire Shop,2026-04-09,2027-01-09,15.00%,15000.0,14991.78,0,800,false
"[B0G63MPL23, B0G65CHY3H, B0G656PNFF, B0GL95PH9L, B0G65215ZK]",amzn1.campaign.SADJDM8TQAN4,8.✨ Wife Designed Golf Cigar Holder | Strong Magnetic Hold 🧲,MOYEE,2026-04-05,2027-04-03,15.89%,5000.0,5000.0,35,800,false
"[B0G63MPL23, B0G65CHY3H, B0G656PNFF, B0GL95PH9L, B0G65215ZK]",amzn1.campaign.M3TLY70UTQZZ,8.✨ Wife Designed Golf Cigar Holder | Strong Magnetic Hold 🧲,MOYEE,2026-04-05,2027-04-03,15.88%,5000.0,5000.0,40,800,false
"[B0GGYL4V2G, B0GGS11FRR]",amzn1.campaign.3RB2MOQ9YBEQA,White Tulips and Eucalyptus for Natural Styling,siqifloral,2026-04-08,2027-03-31,26.00%,50000.0,50000.0,1,800,false
"[B0G63MPL23, B0G65CHY3H, B0G656PNFF, B0GL95PH9L, B0G65215ZK]",amzn1.campaign.1RG2DSRX4C1OQ,8.✨ Wife Designed Golf Cigar Holder | Strong Magnetic Hold 🧲,MOYEE,2026-04-05,2027-04-03,15.87%,5000.0,5000.0,35,800,false
"[B0GGYL4V2G, B0GGS11FRR]",amzn1.campaign.1REDMPOZGRU9X,White Tulips and Eucalyptus for Natural Styling,siqifloral,2026-04-08,2027-03-30,21.00%,50000.0,50000.0,29,800,false
"[B0GGYL4V2G, B0GGS11FRR]",amzn1.campaign.EL1FKSJVYB5I,White Tulips and Eucalyptus for Natural Styling,siqifloral,2026-04-08,2027-03-29,24.00%,50000.0,50000.0,27,800,false
"[B0G63MPL23, B0G65CHY3H, B0G656PNFF, B0GL95PH9L, B0G65215ZK]",amzn1.campaign.1A1PV0K6H81W4,8.✨ Wife Designed Golf Cigar Holder | Strong Magnetic Hold 🧲,MOYEE,2026-04-05,2027-04-03,15.86%,5000.0,5000.0,34,800,false
"[B0GGYL4V2G, B0GGS11FRR]",amzn1.campaign.TSADEMHCC6ED,White Tulips and Eucalyptus for Natural Styling,siqifloral,2026-04-08,2027-03-28,23.00%,50000.0,50000.0,32,800,false
"[B0GGYL4V2G, B0GGS11FRR]",amzn1.campaign.1LAJBVBSIMCNI,White Tulips and Eucalyptus for Natural Styling,siqifloral,2026-04-08,2027-03-27,22.00%,50000.0,50000.0,29,800,false
"[B0G63MPL23, B0G65CHY3H, B0G656PNFF, B0GL95PH9L, B0G65215ZK]",amzn1.campaign.1JJFIVB4QASL9,8.✨ Wife Designed Golf Cigar Holder | Strong Magnetic Hold 🧲,MOYEE,2026-04-05,2027-04-03,15.85%,5000.0,5000.0,35,800,false
"[B0GGYL4V2G, B0GGS11FRR]",amzn1.campaign.104BF8DG4U6HK,White Tulips and Eucalyptus for Natural Styling,siqifloral,2026-04-08,2027-03-26,21.00%,50000.0,50000.0,31,800,false
"[B0G63MPL23, B0G65CHY3H, B0G656PNFF, B0GL95PH9L, B0G65215ZK]",amzn1.campaign.IGL3YU1DZAL5,8.✨ Wife Designed Golf Cigar Holder | Strong Magnetic Hold 🧲,MOYEE,2026-04-05,2027-04-03,15.84%,5000.0,5000.0,45,800,false
"[B0GGYL4V2G, B0GGS11FRR]",amzn1.campaign.2IHRF11G7LK3B,White Tulips and Eucalyptus for Natural Styling,siqifloral,2026-04-08,2027-03-25,23.00%,50000.0,50000.0,26,800,false
"[B0GGYL4V2G, B0GGS11FRR]",amzn1.campaign.2JV7I6VIUHXLB,White Tulips and Eucalyptus for Natural Styling,siqifloral,2026-04-08,2027-03-24,23.00%,50000.0,50000.0,27,800,false
"[B0G63MPL23, B0G65CHY3H, B0G656PNFF, B0GL95PH9L, B0G65215ZK]",amzn1.campaign.2DPCY3JKRCAT,8.✨ Wife Designed Golf Cigar Holder | Strong Magnetic Hold 🧲,MOYEE,2026-04-05,2027-04-03,15.83%,5000.0,5000.0,38,800,false
"[B0D1PJXJKY, B0CZ13J1JS, B0CXXYP6QQ, B0D1PH48CC]",amzn1.campaign.1VZ48I1X2GZSQ,The Premium Dog Blanket That Earns $7.38 | 20% Commission,Custom Empire Shop,2026-04-09,2027-01-09,20.00%,15000.0,15000.0,0,800,false
"[B0GGYL4V2G, B0GGS11FRR]",amzn1.campaign.YDUYOIIQ1G7B,White Tulips and Eucalyptus for Natural Styling,siqifloral,2026-04-08,2027-03-23,21.00%,50000.0,50000.0,40,800,false
"[B0GGYL4V2G, B0GGS11FRR]",amzn1.campaign.3A6EZZOE64AN9,White Tulips and Eucalyptus for Natural Styling,siqifloral,2026-04-08,2027-03-22,22.00%,50000.0,50000.0,30,800,false
"[B0G63MPL23, B0G65CHY3H, B0G656PNFF, B0GL95PH9L, B0G65215ZK]",amzn1.campaign.3T6JQ4HJ3Q1HK,8.✨ Wife Designed Golf Cigar Holder | Strong Magnetic Hold 🧲,MOYEE,2026-04-05,2027-04-03,15.82%,5000.0,5000.0,41,800,false
"[B0GGYL4V2G, B0GGS11FRR]",amzn1.campaign.21P1S05FO7CSN,White Tulips and Eucalyptus for Natural Styling,siqifloral,2026-04-08,2027-03-21,24.00%,50000.0,50000.0,24,800,false
"[B0GGYL4V2G, B0GGS11FRR]",amzn1.campaign.2WMCLJT3Q53QI,White Tulips and Eucalyptus for Natural Styling,siqifloral,2026-04-08,2027-03-20,24.00%,50000.0,50000.0,25,800,false
"[B0G63MPL23, B0G65CHY3H, B0G656PNFF, B0GL95PH9L, B0G65215ZK]",amzn1.campaign.2CNESILLTTHIM,8.✨ Wife Designed Golf Cigar Holder | Strong Magnetic Hold 🧲,MOYEE,2026-04-05,2027-04-03,15.81%,5000.0,5000.0,38,800,false
"[B0GGYL4V2G, B0GGS11FRR]",amzn1.campaign.JSRSFKPBIB7,White Tulips and Eucalyptus for Natural Styling,siqifloral,2026-04-08,2027-03-19,23.00%,50000.0,50000.0,35,800,false
"[B0G63MPL23, B0G65CHY3H, B0G656PNFF, B0GL95PH9L, B0G65215ZK]",amzn1.campaign.250KC0DQP662Y,8.✨ Wife Designed Golf Cigar Holder | Strong Magnetic Hold 🧲,MOYEE,2026-04-05,2027-04-03,15.80%,5000.0,5000.0,39,800,false
"[B0GGYL4V2G, B0GGS11FRR]",amzn1.campaign.1DCJ3S4M0OB56,White Tulips and Eucalyptus for Natural Styling,siqifloral,2026-04-08,2027-03-18,22.00%,50000.0,50000.0,32,800,false
"[B0GGYL4V2G, B0GGS11FRR]",amzn1.campaign.34IJPMEAKC5DA,White Tulips and Eucalyptus for Natural Styling,siqifloral,2026-04-08,2027-03-17,21.00%,50000.0,50000.0,34,800,false
"[B0G63MPL23, B0G65CHY3H, B0G656PNFF, B0GL95PH9L, B0G65215ZK]",amzn1.campaign.1CRSJV8WEBPSG,8.✨ Wife Designed Golf Cigar Holder | Strong Magnetic Hold 🧲,MOYEE,2026-04-05,2027-04-03,15.79%,5000.0,5000.0,37,800,false
"[B0GGYL4V2G, B0GGS11FRR]",amzn1.campaign.18OJR9HHD8RM7,White Tulips and Eucalyptus for Natural Styling,siqifloral,2026-04-08,2027-03-16,20.00%,50000.0,50000.0,36,800,false
"[B0GGYL4V2G, B0GGS11FRR]",amzn1.campaign.12XGEVT0PA2L5,White Tulips and Eucalyptus for Natural Styling,siqifloral,2026-04-08,2027-03-15,25.00%,50000.0,50000.0,27,800,false
"[B0G63MPL23, B0G65CHY3H, B0G656PNFF, B0GL95PH9L, B0G65215ZK]",amzn1.campaign.3RF0IWG5RQ9DP,8.✨ Wife Designed Golf Cigar Holder | Strong Magnetic Hold 🧲,MOYEE,2026-04-05,2027-04-03,15.78%,5000.0,5000.0,42,800,false
"[B0GGYL4V2G, B0GGS11FRR]",amzn1.campaign.OJQ3CG1ST3VX,White Tulips and Eucalyptus for Natural Styling,siqifloral,2026-04-08,2027-03-14,24.00%,50000.0,50000.0,32,800,false
"[B0GGYL4V2G, B0GGS11FRR]",amzn1.campaign.3DGBDCZFIWIL0,White Tulips and Eucalyptus for Natural Styling,siqifloral,2026-04-08,2027-03-13,24.00%,50000.0,50000.0,28,800,false
"[B0D79FJF37, B0C6L61MW4, B0C6L27LQK, B0C6L2PQJX]",amzn1.campaign.ZFDOZ0DASXRS,Premium Earnings on a Personalized Laundry Backpack | 20% Commission,Custom Empire Shop,2026-04-09,2027-01-09,20.00%,15000.0,14993.02,0,800,false
"[B0G63MPL23, B0G65CHY3H, B0G656PNFF, B0GL95PH9L, B0G65215ZK]",amzn1.campaign.2F4IZ548WO4LQ,8.✨ Wife Designed Golf Cigar Holder | Strong Magnetic Hold 🧲,MOYEE,2026-04-05,2027-04-03,15.77%,5000.0,5000.0,39,800,false
"[B0GGYL4V2G, B0GGS11FRR]",amzn1.campaign.2VTYYUBFDPPWU,White Tulips and Eucalyptus for Natural Styling,siqifloral,2026-04-08,2027-03-12,23.00%,50000.0,50000.0,28,800,false
"[B0G63MPL23, B0G65CHY3H, B0G656PNFF, B0GL95PH9L, B0G65215ZK]",amzn1.campaign.RQRVGI5LCOB0,8.✨ Wife Designed Golf Cigar Holder | Strong Magnetic Hold 🧲,MOYEE,2026-04-05,2027-04-03,15.76%,5000.0,5000.0,44,800,false
"[B0GGYL4V2G, B0GGS11FRR]",amzn1.campaign.16FODHQ8N0TUW,White Tulips and Eucalyptus for Natural Styling,siqifloral,2026-04-08,2027-03-11,22.00%,50000.0,50000.0,32,800,false
"[B0GGYL4V2G, B0GGS11FRR]",amzn1.campaign.1OJ20CSXVARMA,White Tulips and Eucalyptus for Natural Styling,siqifloral,2026-04-08,2027-03-10,21.00%,50000.0,50000.0,36,800,false
"[B0G63MPL23, B0G65CHY3H, B0G656PNFF, B0GL95PH9L, B0G65215ZK]",amzn1.campaign.FREA4C88XS58,8.✨ Wife Designed Golf Cigar Holder | Strong Magnetic Hold 🧲,MOYEE,2026-04-05,2027-04-03,15.75%,5000.0,5000.0,41,800,false
"[B0GGYL4V2G, B0GGS11FRR]",amzn1.campaign.17MTG20I12OTK,White Tulips and Eucalyptus for Natural Styling,siqifloral,2026-04-08,2027-03-09,20.00%,50000.0,50000.0,34,800,false
"[B0GGYL4V2G, B0GGS11FRR]",amzn1.campaign.SPKT5K3Z0DUW,White Tulips and Eucalyptus for Natural Styling,siqifloral,2026-04-08,2027-03-08,19.00%,50000.0,50000.0,47,800,false
"[B0G63MPL23, B0G65CHY3H, B0G656PNFF, B0GL95PH9L, B0G65215ZK]",amzn1.campaign.1XJ6ZMJNZA0C6,8.✨ Wife Designed Golf Cigar Holder | Strong Magnetic Hold 🧲,MOYEE,2026-04-05,2027-04-03,15.74%,5000.0,5000.0,38,800,false
"[B0GGYL4V2G, B0GGS11FRR]",amzn1.campaign.2NWY9PENOXVD0,White Tulips and Eucalyptus for Natural Styling,siqifloral,2026-04-08,2027-03-07,25.00%,50000.0,50000.0,28,800,false
"[B0GGYL4V2G, B0GGS11FRR]",amzn1.campaign.1KLIAAJN20EXW,White Tulips and Eucalyptus for Natural Styling,siqifloral,2026-04-08,2027-03-06,24.00%,50000.0,50000.0,27,800,false
"[B0G63MPL23, B0G65CHY3H, B0G656PNFF, B0GL95PH9L, B0G65215ZK]",amzn1.campaign.1HQZID8HG7KAE,8.✨ Wife Designed Golf Cigar Holder | Strong Magnetic Hold 🧲,MOYEE,2026-04-05,2027-04-03,15.73%,5000.0,5000.0,37,800,false
"[B0GGYL4V2G, B0GGS11FRR]",amzn1.campaign.32N3E8V6GHJTB,White Tulips and Eucalyptus for Natural Styling,siqifloral,2026-04-08,2027-03-05,23.00%,50000.0,50000.0,28,800,false
"[B0GGYL4V2G, B0GGS11FRR]",amzn1.campaign.1Q04U3AMA7T88,White Tulips and Eucalyptus for Natural Styling,siqifloral,2026-04-08,2027-03-04,22.00%,50000.0,50000.0,31,800,false
"[B0G63MPL23, B0G65CHY3H, B0G656PNFF, B0GL95PH9L, B0G65215ZK]",amzn1.campaign.2OLJBEBX2GV7Z,8.✨ Wife Designed Golf Cigar Holder | Strong Magnetic Hold 🧲,MOYEE,2026-04-05,2027-04-03,15.72%,5000.0,5000.0,38,800,false
"[B0GGYL4V2G, B0GGS11FRR]",amzn1.campaign.Y9JF5KTVYT5B,White Tulips and Eucalyptus for Natural Styling,siqifloral,2026-04-08,2027-03-03,21.00%,50000.0,50000.0,41,800,false
"[B0GGYL4V2G, B0GGS11FRR]",amzn1.campaign.KECEXNW1YB1J,White Tulips and Eucalyptus for Natural Styling,siqifloral,2026-04-08,2027-03-02,20.00%,50000.0,50000.0,42,800,false
"[B0G63MPL23, B0G65CHY3H, B0G656PNFF, B0GL95PH9L, B0G65215ZK]",amzn1.campaign.18APVZH0AF40B,8.✨ Wife Designed Golf Cigar Holder | Strong Magnetic Hold 🧲,MOYEE,2026-04-05,2027-04-03,15.71%,5000.0,5000.0,37,800,false
"[B0GGYL4V2G, B0GGS11FRR]",amzn1.campaign.2VSXU2S443624,White Tulips and Eucalyptus for Natural Styling,siqifloral,2026-04-08,2027-03-01,19.00%,50000.0,50000.0,41,800,false
"[B0G63MPL23, B0G65CHY3H, B0G656PNFF, B0GL95PH9L, B0G65215ZK]",amzn1.campaign.SRQVBQEEO3Z9,8.✨ Wife Designed Golf Cigar Holder | Strong Magnetic Hold 🧲,MOYEE,2026-04-05,2027-04-03,15.70%,5000.0,5000.0,43,800,false
"[B0G63MPL23, B0G65CHY3H, B0G656PNFF, B0GL95PH9L, B0G65215ZK]",amzn1.campaign.2CVRK9GXHE3YW,8.✨ Wife Designed Golf Cigar Holder | Strong Magnetic Hold 🧲,MOYEE,2026-04-05,2027-04-03,15.69%,5000.0,5000.0,40,800,false
"[B0G63MPL23, B0G65CHY3H, B0G656PNFF, B0GL95PH9L, B0G65215ZK]",amzn1.campaign.3PLVKMT280ROJ,8.✨ Wife Designed Golf Cigar Holder | Strong Magnetic Hold 🧲,MOYEE,2026-04-05,2027-04-03,15.68%,5000.0,5000.0,42,800,false
"[B0G63MPL23, B0G65CHY3H, B0G656PNFF, B0GL95PH9L, B0G65215ZK]",amzn1.campaign.1Z1E457ZDBN96,8.✨ Wife Designed Golf Cigar Holder | Strong Magnetic Hold 🧲,MOYEE,2026-04-05,2027-04-03,15.67%,5000.0,5000.0,40,800,false
"[B0G63MPL23, B0G65CHY3H, B0G656PNFF, B0GL95PH9L, B0G65215ZK]",amzn1.campaign.34TI5SDWGFTTX,8.✨ Wife Designed Golf Cigar Holder | Strong Magnetic Hold 🧲,MOYEE,2026-04-05,2027-04-03,15.66%,5000.0,5000.0,39,800,false
"[B0G63MPL23, B0G65CHY3H, B0G656PNFF, B0GL95PH9L, B0G65215ZK]",amzn1.campaign.LXMOVGZPEH1Q,8.✨ Wife Designed Golf Cigar Holder | Strong Magnetic Hold 🧲,MOYEE,2026-04-05,2027-04-03,15.65%,5000.0,5000.0,45,800,false
"[B0G63MPL23, B0G65CHY3H, B0G656PNFF, B0GL95PH9L, B0G65215ZK]",amzn1.campaign.DR3AENIJO2W0,8.✨ Wife Designed Golf Cigar Holder | Strong Magnetic Hold 🧲,MOYEE,2026-04-05,2027-04-03,15.64%,5000.0,5000.0,44,800,false
"[B0G63MPL23, B0G65CHY3H, B0G656PNFF, B0GL95PH9L, B0G65215ZK]",amzn1.campaign.9VRDHM145KXZ,8.✨ Wife Designed Golf Cigar Holder | Strong Magnetic Hold 🧲,MOYEE,2026-04-05,2027-04-03,15.63%,5000.0,5000.0,44,800,false
"[B0G63MPL23, B0G65CHY3H, B0G656PNFF, B0GL95PH9L, B0G65215ZK]",amzn1.campaign.38HISEBND36OJ,8.✨ Wife Designed Golf Cigar Holder | Strong Magnetic Hold 🧲,MOYEE,2026-04-05,2027-04-03,15.62%,5000.0,5000.0,41,800,false
"[B0G63MPL23, B0G65CHY3H, B0G656PNFF, B0GL95PH9L, B0G65215ZK]",amzn1.campaign.2QJG6B6V0MM1S,8.✨ Wife Designed Golf Cigar Holder | Strong Magnetic Hold 🧲,MOYEE,2026-04-05,2027-04-03,15.61%,5000.0,5000.0,41,800,false
"[B0G63MPL23, B0G65CHY3H, B0G656PNFF, B0GL95PH9L, B0G65215ZK]",amzn1.campaign.3Q5UMX7YZ9OPC,8.✨ Wife Designed Golf Cigar Holder | Strong Magnetic Hold 🧲,MOYEE,2026-04-05,2027-04-03,15.60%,5000.0,5000.0,45,800,false
"[B0G63MPL23, B0G65CHY3H, B0G656PNFF, B0GL95PH9L, B0G65215ZK]",amzn1.campaign.1M21NJJDJTYGS,8.✨ Wife Designed Golf Cigar Holder | Strong Magnetic Hold 🧲,MOYEE,2026-04-05,2027-04-03,15.59%,5000.0,5000.0,40,800,false
"[B0G63MPL23, B0G65CHY3H, B0G656PNFF, B0GL95PH9L, B0G65215ZK]",amzn1.campaign.3POGHXTNG0009,8.✨ Wife Designed Golf Cigar Holder | Strong Magnetic Hold 🧲,MOYEE,2026-04-05,2027-04-03,15.58%,5000.0,5000.0,45,800,false
"[B0G63MPL23, B0G65CHY3H, B0G656PNFF, B0GL95PH9L, B0G65215ZK]",amzn1.campaign.24A1MK46UO9XV,8.✨ Wife Designed Golf Cigar Holder | Strong Magnetic Hold 🧲,MOYEE,2026-04-05,2027-04-03,15.57%,5000.0,5000.0,41,800,false
"[B0G63MPL23, B0G65CHY3H, B0G656PNFF, B0GL95PH9L, B0G65215ZK]",amzn1.campaign.1E1RUF34AU152,8.✨ Wife Designed Golf Cigar Holder | Strong Magnetic Hold 🧲,MOYEE,2026-04-05,2027-04-03,15.56%,5000.0,5000.0,40,800,false
"[B0G63MPL23, B0G65CHY3H, B0G656PNFF, B0GL95PH9L, B0G65215ZK]",amzn1.campaign.32IUNIS0VB59Q,8.✨ Wife Designed Golf Cigar Holder | Strong Magnetic Hold 🧲,MOYEE,2026-04-05,2027-04-03,15.55%,5000.0,5000.0,42,800,false
"[B0G63MPL23, B0G65CHY3H, B0G656PNFF, B0GL95PH9L, B0G65215ZK]",amzn1.campaign.3SUUXP7P3GKTM,8.✨ Wife Designed Golf Cigar Holder | Strong Magnetic Hold 🧲,MOYEE,2026-04-05,2027-04-03,15.54%,5000.0,5000.0,45,800,false
"[B0G63MPL23, B0G65CHY3H, B0G656PNFF, B0GL95PH9L, B0G65215ZK]",amzn1.campaign.1NNB73CWFI2R3,8.✨ Wife Designed Golf Cigar Holder | Strong Magnetic Hold 🧲,MOYEE,2026-04-05,2027-04-03,15.53%,5000.0,5000.0,44,800,false
"[B0G63MPL23, B0G65CHY3H, B0G656PNFF, B0GL95PH9L, B0G65215ZK]",amzn1.campaign.3THYKRLVHCHHH,8.✨ Wife Designed Golf Cigar Holder | Strong Magnetic Hold 🧲,MOYEE,2026-04-05,2027-04-03,15.52%,5000.0,5000.0,48,800,false
"[B0G63MPL23, B0G65CHY3H, B0G656PNFF, B0GL95PH9L, B0G65215ZK]",amzn1.campaign.120NOS9NXWSCB,8.✨ Wife Designed Golf Cigar Holder | Strong Magnetic Hold 🧲,MOYEE,2026-04-05,2027-04-03,15.51%,5000.0,5000.0,43,800,false
"[B0G63MPL23, B0G65CHY3H, B0G656PNFF, B0GL95PH9L, B0G65215ZK]",amzn1.campaign.1BP6N5EIY1H9S,8.✨ Wife Designed Golf Cigar Holder | Strong Magnetic Hold 🧲,MOYEE,2026-04-05,2027-04-03,15.50%,5000.0,5000.0,44,800,false
"[B0G63MPL23, B0G65CHY3H, B0G656PNFF, B0GL95PH9L, B0G65215ZK]",amzn1.campaign.3V6GX3QW8XQ4I,8.✨ Wife Designed Golf Cigar Holder | Strong Magnetic Hold 🧲,MOYEE,2026-04-05,2027-04-03,15.49%,5000.0,5000.0,50,800,false
"[B0G63MPL23, B0G65CHY3H, B0G656PNFF, B0GL95PH9L, B0G65215ZK]",amzn1.campaign.U5PJAEK2BTAI,8.✨ Wife Designed Golf Cigar Holder | Strong Magnetic Hold 🧲,MOYEE,2026-04-05,2027-04-03,15.48%,5000.0,5000.0,52,800,false
"[B0G63MPL23, B0G65CHY3H, B0G656PNFF, B0GL95PH9L, B0G65215ZK]",amzn1.campaign.2D5ZPJ7EB5MLI,8.✨ Wife Designed Golf Cigar Holder | Strong Magnetic Hold 🧲,MOYEE,2026-04-05,2027-04-03,15.47%,5000.0,5000.0,46,800,false
"[B0G63MPL23, B0G65CHY3H, B0G656PNFF, B0GL95PH9L, B0G65215ZK]",amzn1.campaign.1DXE0H3FYV0FS,8.✨ Wife Designed Golf Cigar Holder | Strong Magnetic Hold 🧲,MOYEE,2026-04-05,2027-04-03,15.46%,5000.0,5000.0,45,800,false
"[B0G63MPL23, B0G65CHY3H, B0G656PNFF, B0GL95PH9L, B0G65215ZK]",amzn1.campaign.1J9QW8FKSNAOD,8.✨ Wife Designed Golf Cigar Holder | Strong Magnetic Hold 🧲,MOYEE,2026-04-05,2027-04-03,15.45%,5000.0,5000.0,45,800,false
"[B0G63MPL23, B0G65CHY3H, B0G656PNFF, B0GL95PH9L, B0G65215ZK]",amzn1.campaign.3RMRCWRQ7WC3G,8.✨ Wife Designed Golf Cigar Holder | Strong Magnetic Hold 🧲,MOYEE,2026-04-05,2027-04-03,15.44%,5000.0,5000.0,51,800,false
"[B0G63MPL23, B0G65CHY3H, B0G656PNFF, B0GL95PH9L, B0G65215ZK]",amzn1.campaign.1TU4AFHZQKN17,8.✨ Wife Designed Golf Cigar Holder | Strong Magnetic Hold 🧲,MOYEE,2026-04-05,2027-04-03,15.43%,5000.0,5000.0,45,800,false
"[B0G63MPL23, B0G65CHY3H, B0G656PNFF, B0GL95PH9L, B0G65215ZK]",amzn1.campaign.VESZUQUYONQ1,8.✨ Wife Designed Golf Cigar Holder | Strong Magnetic Hold 🧲,MOYEE,2026-04-05,2027-04-03,15.42%,5000.0,5000.0,52,800,false
"[B0G63MPL23, B0G65CHY3H, B0G656PNFF, B0GL95PH9L, B0G65215ZK]",amzn1.campaign.24HDE90KNWHAI,8.✨ Wife Designed Golf Cigar Holder | Strong Magnetic Hold 🧲,MOYEE,2026-04-05,2027-04-03,15.41%,5000.0,5000.0,44,800,false
"[B0G63MPL23, B0G65CHY3H, B0G656PNFF, B0GL95PH9L, B0G65215ZK]",amzn1.campaign.3SM2AN4GF9YEO,8.✨ Wife Designed Golf Cigar Holder | Strong Magnetic Hold 🧲,MOYEE,2026-04-05,2027-04-03,15.40%,5000.0,5000.0,49,800,false
"[B0G63MPL23, B0G65CHY3H, B0G656PNFF, B0GL95PH9L, B0G65215ZK]",amzn1.campaign.GU2R5DY8N51J,8.✨ Wife Designed Golf Cigar Holder | Strong Magnetic Hold 🧲,MOYEE,2026-04-05,2027-04-03,15.39%,5000.0,5000.0,51,800,false
"[B0G63MPL23, B0G65CHY3H, B0G656PNFF, B0GL95PH9L, B0G65215ZK]",amzn1.campaign.2IW0OLR3RODTZ,8.✨ Wife Designed Golf Cigar Holder | Strong Magnetic Hold 🧲,MOYEE,2026-04-05,2027-04-03,15.38%,5000.0,5000.0,45,800,false
"[B0G63MPL23, B0G65CHY3H, B0G656PNFF, B0GL95PH9L, B0G65215ZK]",amzn1.campaign.2QI8TF9RW3P60,8.✨ Wife Designed Golf Cigar Holder | Strong Magnetic Hold 🧲,MOYEE,2026-04-05,2027-04-03,15.37%,5000.0,5000.0,45,800,false
"[B0G63MPL23, B0G65CHY3H, B0G656PNFF, B0GL95PH9L, B0G65215ZK]",amzn1.campaign.2PUYJMIOAFY3Y,8.✨ Wife Designed Golf Cigar Holder | Strong Magnetic Hold 🧲,MOYEE,2026-04-05,2027-04-03,15.36%,5000.0,5000.0,44,800,false
"[B0G63MPL23, B0G65CHY3H, B0G656PNFF, B0GL95PH9L, B0G65215ZK]",amzn1.campaign.34QYZRMFWZXVO,8.✨ Wife Designed Golf Cigar Holder | Strong Magnetic Hold 🧲,MOYEE,2026-04-05,2027-04-03,15.35%,5000.0,5000.0,46,800,false
"[B0G63MPL23, B0G65CHY3H, B0G656PNFF, B0GL95PH9L, B0G65215ZK]",amzn1.campaign.IK9DF84TT1IZ,8.✨ Wife Designed Golf Cigar Holder | Strong Magnetic Hold 🧲,MOYEE,2026-04-05,2027-04-03,15.34%,5000.0,5000.0,51,800,false
"[B0G63MPL23, B0G65CHY3H, B0G656PNFF, B0GL95PH9L, B0G65215ZK]",amzn1.campaign.7X3W7XEKJSG2,8.✨ Wife Designed Golf Cigar Holder | Strong Magnetic Hold 🧲,MOYEE,2026-04-05,2027-04-03,15.33%,5000.0,5000.0,48,800,false
"[B0G63MPL23, B0G65CHY3H, B0G656PNFF, B0GL95PH9L, B0G65215ZK]",amzn1.campaign.2N3II63VX5HK3,8.✨ Wife Designed Golf Cigar Holder | Strong Magnetic Hold 🧲,MOYEE,2026-04-05,2027-04-03,15.32%,5000.0,5000.0,45,800,false
"[B0G63MPL23, B0G65CHY3H, B0G656PNFF, B0GL95PH9L, B0G65215ZK]",amzn1.campaign.29G3XZ3XF1K62,8.✨ Wife Designed Golf Cigar Holder | Strong Magnetic Hold 🧲,MOYEE,2026-04-05,2027-04-03,15.31%,5000.0,5000.0,45,800,false
"[B0G63MPL23, B0G65CHY3H, B0G656PNFF, B0GL95PH9L, B0G65215ZK]",amzn1.campaign.3POEPVR6FQWS5,8.✨ Wife Designed Golf Cigar Holder | Strong Magnetic Hold 🧲,MOYEE,2026-04-05,2027-04-03,15.30%,5000.0,5000.0,49,800,false
"[B0G63MPL23, B0G65CHY3H, B0G656PNFF, B0GL95PH9L, B0G65215ZK]",amzn1.campaign.2L5Z33WBBF3JJ,8.✨ Wife Designed Golf Cigar Holder | Strong Magnetic Hold 🧲,MOYEE,2026-04-05,2027-04-03,15.29%,5000.0,5000.0,45,800,false
"[B0G63MPL23, B0G65CHY3H, B0G656PNFF, B0GL95PH9L, B0G65215ZK]",amzn1.campaign.14ZOMV1WM9DGT,8.✨ Wife Designed Golf Cigar Holder | Strong Magnetic Hold 🧲,MOYEE,2026-04-05,2027-04-03,15.28%,5000.0,5000.0,44,800,false
"[B0G63MPL23, B0G65CHY3H, B0G656PNFF, B0GL95PH9L, B0G65215ZK]",amzn1.campaign.39ZQV9BLDSAHZ,8.✨ Wife Designed Golf Cigar Holder | Strong Magnetic Hold 🧲,MOYEE,2026-04-05,2027-04-03,15.27%,5000.0,5000.0,45,800,false
"[B0G63MPL23, B0G65CHY3H, B0G656PNFF, B0GL95PH9L, B0G65215ZK]",amzn1.campaign.153H0ACF0IY4P,8.✨ Wife Designed Golf Cigar Holder | Strong Magnetic Hold 🧲,MOYEE,2026-04-05,2027-04-03,15.26%,5000.0,5000.0,43,800,false
[B0GCZCSX69],amzn1.campaign.UL08KCHSOBHA,家具膏20,Awaydol,2026-04-08,2027-04-08,20.00%,100000.0,99917.8,0,800,false
"[B0G63MPL23, B0G65CHY3H, B0G656PNFF, B0GL95PH9L, B0G65215ZK]",amzn1.campaign.3CW1XN2JRS22D,8.✨ Wife Designed Golf Cigar Holder | Strong Magnetic Hold 🧲,MOYEE,2026-04-05,2027-04-03,15.25%,5000.0,5000.0,46,800,false
"[B0G63MPL23, B0G65CHY3H, B0G656PNFF, B0GL95PH9L, B0G65215ZK]",amzn1.campaign.35OW5SRV6NDQ3,8.✨ Wife Designed Golf Cigar Holder | Strong Magnetic Hold 🧲,MOYEE,2026-04-05,2027-04-03,15.24%,5000.0,5000.0,46,800,false
"[B0G63MPL23, B0G65CHY3H, B0G656PNFF, B0GL95PH9L, B0G65215ZK]",amzn1.campaign.1GYZ69HGP8WWI,8.✨ Wife Designed Golf Cigar Holder | Strong Magnetic Hold 🧲,MOYEE,2026-04-05,2027-04-03,15.23%,5000.0,5000.0,42,800,false
"[B0G63MPL23, B0G65CHY3H, B0G656PNFF, B0GL95PH9L, B0G65215ZK]",amzn1.campaign.1NCFZR5CWWKMC,8.✨ Wife Designed Golf Cigar Holder | Strong Magnetic Hold 🧲,MOYEE,2026-04-05,2027-04-03,15.22%,5000.0,5000.0,44,800,false
"[B0G63MPL23, B0G65CHY3H, B0G656PNFF, B0GL95PH9L, B0G65215ZK]",amzn1.campaign.1P3ON6BW7OVN9,8.✨ Wife Designed Golf Cigar Holder | Strong Magnetic Hold 🧲,MOYEE,2026-04-05,2027-04-03,15.21%,5000.0,5000.0,44,800,false
"[B0G63MPL23, B0G65CHY3H, B0G656PNFF, B0GL95PH9L, B0G65215ZK]",amzn1.campaign.22Z3MEO18CPJU,8.✨ Wife Designed Golf Cigar Holder | Strong Magnetic Hold 🧲,MOYEE,2026-04-05,2027-04-03,15.20%,5000.0,5000.0,45,800,false
"[B0G63MPL23, B0G65CHY3H, B0G656PNFF, B0GL95PH9L, B0G65215ZK]",amzn1.campaign.377HEXW312N3U,8.✨ Wife Designed Golf Cigar Holder | Strong Magnetic Hold 🧲,MOYEE,2026-04-05,2027-04-03,15.19%,5000.0,5000.0,46,800,false
"[B0G63MPL23, B0G65CHY3H, B0G656PNFF, B0GL95PH9L, B0G65215ZK]",amzn1.campaign.29L64VQ3N45PB,8.✨ Wife Designed Golf Cigar Holder | Strong Magnetic Hold 🧲,MOYEE,2026-04-05,2027-04-03,15.18%,5000.0,5000.0,45,800,false
"[B0G63MPL23, B0G65CHY3H, B0G656PNFF, B0GL95PH9L, B0G65215ZK]",amzn1.campaign.1SJZUDHFIKO88,8.✨ Wife Designed Golf Cigar Holder | Strong Magnetic Hold 🧲,MOYEE,2026-04-05,2027-04-03,15.17%,5000.0,5000.0,45,800,false
"[B0G63MPL23, B0G65CHY3H, B0G656PNFF, B0GL95PH9L, B0G65215ZK]",amzn1.campaign.3F4QXBHJLDYVD,8.✨ Wife Designed Golf Cigar Holder | Strong Magnetic Hold 🧲,MOYEE,2026-04-05,2027-04-03,15.16%,5000.0,5000.0,48,800,false
"[B0G63MPL23, B0G65CHY3H, B0G656PNFF, B0GL95PH9L, B0G65215ZK]",amzn1.campaign.26JRLNEM9DSEM,8.✨ Wife Designed Golf Cigar Holder | Strong Magnetic Hold 🧲,MOYEE,2026-04-05,2027-04-03,15.15%,5000.0,5000.0,47,800,false
"[B0G63MPL23, B0G65CHY3H, B0G656PNFF, B0GL95PH9L, B0G65215ZK]",amzn1.campaign.2QLULRTGQAMUV,8.✨ Wife Designed Golf Cigar Holder | Strong Magnetic Hold 🧲,MOYEE,2026-04-05,2027-04-03,15.14%,5000.0,5000.0,47,800,false
"[B0GLHVQLFF, B0GLJ24CWF, B0GLHJ5JC9, B0GLHJCS27, B0GLHBMTYS, B0GLHSCZ72]",amzn1.campaign.B4NCKTNMDWST,RCZETC Long-Term Creator Partnership - Magnetic Hair Clips,RCZETC,2026-04-08,2026-11-30,10.00%,5000.0,4940.7,0,800,false
"[B0G63MPL23, B0G65CHY3H, B0G656PNFF, B0GL95PH9L, B0G65215ZK]",amzn1.campaign.HQB0P0GWDVTA,8.✨ Wife Designed Golf Cigar Holder | Strong Magnetic Hold 🧲,MOYEE,2026-04-05,2027-04-03,15.13%,5000.0,5000.0,52,800,false
"[B0G63MPL23, B0G65CHY3H, B0G656PNFF, B0GL95PH9L, B0G65215ZK]",amzn1.campaign.W2SWG0LVXUN8,8.✨ Wife Designed Golf Cigar Holder | Strong Magnetic Hold 🧲,MOYEE,2026-04-05,2027-04-03,15.12%,5000.0,5000.0,52,800,false
"[B0G63MPL23, B0G65CHY3H, B0G656PNFF, B0GL95PH9L, B0G65215ZK]",amzn1.campaign.3GIKDBS0W6G0H,8.✨ Wife Designed Golf Cigar Holder | Strong Magnetic Hold 🧲,MOYEE,2026-04-05,2027-04-03,15.11%,5000.0,5000.0,48,800,false
"[B0G63MPL23, B0G65CHY3H, B0G656PNFF, B0GL95PH9L, B0G65215ZK]",amzn1.campaign.R0HU9FOGLL4Q,8.✨ Wife Designed Golf Cigar Holder | Strong Magnetic Hold 🧲,MOYEE,2026-04-05,2027-04-03,15.10%,5000.0,5000.0,52,800,false
"[B0G63MPL23, B0G65CHY3H, B0G656PNFF, B0GL95PH9L, B0G65215ZK]",amzn1.campaign.XK96I27I328G,8.✨ Wife Designed Golf Cigar Holder | Strong Magnetic Hold 🧲,MOYEE,2026-04-05,2027-04-03,15.09%,5000.0,5000.0,53,800,false
"[B0G63MPL23, B0G65CHY3H, B0G656PNFF, B0GL95PH9L, B0G65215ZK]",amzn1.campaign.JBDGYENGTUKF,8.✨ Wife Designed Golf Cigar Holder | Strong Magnetic Hold 🧲,MOYEE,2026-04-05,2027-04-03,15.08%,5000.0,5000.0,52,800,false
"[B0G63MPL23, B0G65CHY3H, B0G656PNFF, B0GL95PH9L, B0G65215ZK]",amzn1.campaign.1T3ZEATV0DFO6,8.✨ Wife Designed Golf Cigar Holder | Strong Magnetic Hold 🧲,MOYEE,2026-04-05,2027-04-03,15.07%,5000.0,5000.0,47,800,false
"[B0G63MPL23, B0G65CHY3H, B0G656PNFF, B0GL95PH9L, B0G65215ZK]",amzn1.campaign.301ZKGFNJYYEP,8.✨ Wife Designed Golf Cigar Holder | Strong Magnetic Hold 🧲,MOYEE,2026-04-05,2027-04-03,15.06%,5000.0,5000.0,47,800,false
"[B0G63MPL23, B0G65CHY3H, B0G656PNFF, B0GL95PH9L, B0G65215ZK]",amzn1.campaign.1NSGBEFB9Y869,8.✨ Wife Designed Golf Cigar Holder | Strong Magnetic Hold 🧲,MOYEE,2026-04-05,2027-04-03,15.05%,5000.0,5000.0,45,800,false
"[B0G63MPL23, B0G65CHY3H, B0G656PNFF, B0GL95PH9L, B0G65215ZK]",amzn1.campaign.PMRQRBZWOOJE,8.✨ Wife Designed Golf Cigar Holder | Strong Magnetic Hold 🧲,MOYEE,2026-04-05,2027-04-03,15.04%,5000.0,5000.0,53,800,false
"[B0G63MPL23, B0G65CHY3H, B0G656PNFF, B0GL95PH9L, B0G65215ZK]",amzn1.campaign.26PR3B5KE28SK,8.✨ Wife Designed Golf Cigar Holder | Strong Magnetic Hold 🧲,MOYEE,2026-04-05,2027-04-03,15.03%,5000.0,5000.0,47,800,false
"[B0G63MPL23, B0G65CHY3H, B0G656PNFF, B0GL95PH9L, B0G65215ZK]",amzn1.campaign.1U528961QGNKR,8.✨ Wife Designed Golf Cigar Holder | Strong Magnetic Hold 🧲,MOYEE,2026-04-05,2027-04-03,15.02%,5000.0,5000.0,47,800,false
"[B0G63MPL23, B0G65CHY3H, B0G656PNFF, B0GL95PH9L, B0G65215ZK]",amzn1.campaign.1LUK52CDEK3Q9,8.✨ Wife Designed Golf Cigar Holder | Strong Magnetic Hold 🧲,MOYEE,2026-04-05,2027-04-03,15.01%,5000.0,5000.0,46,800,false
"[B0DNCXZ6Q9, B0DNCX6H5X, B0DNCVKFKS, B0DNCWK1JP, B0DNCX8154, B0DNCY35HB, B0DNCW2BY4, B0DNCX9XT1, B0DNCXYRYM, B0DNCWN1ST, B0DNCWHRW8, B0DHYQVZG8, B0DNCWT12P, B0DNCZ2JHC, B0DHYN97QM, B0DNCXQHFW, B0DNCVGQWW, B0DHYNS57J, B0DHYRBXH6, B0DHYNDL3H, B0DNCXTKJ8, B0DNCXSC8L, B0DNCVF991, B0DNCXRWSS, B0DNCYB2C7, B0DNCV183F, B0DNCX8LL2, B0DNCWT8K1, B0DNCVXYCQ, B0DNCY38DW, B0DNCX89TQ, B0DNCX2C4K, B0DHYN5CFD, B0DNCWZVDJ, B0DHYN8JT1, B0DNCY5DWV, B0DNCWQBG6, B0DNCWFTG9, B0DHYQSKHN, B0DNCX87C3, B0DNCZ5Q5K, B0DHYQY2H4, B0DNCVZYX8, B0DNCX6VVH, B0DNCXSWYZ]",amzn1.campaign.111446FAJ5ET5,"#1 Anti-Radiation iPhone 16 Case on the Market - $$$",SafeSleeve,2026-04-08,2027-04-08,15.00%,100000.0,100000.0,0,800,false
"[B0G63MPL23, B0G65CHY3H, B0G656PNFF, B0GL95PH9L, B0G65215ZK]",amzn1.campaign.39XTNT1XO2C3E,8.✨ Wife Designed Golf Cigar Holder | Strong Magnetic Hold 🧲,MOYEE,2026-04-05,2027-04-03,15.00%,5000.0,5000.0,51,800,false
"[B0FYP9WRXC, B0FQL4N9WM, B0FQL4N84L, B0FQKNXZ7V, B0FYP9SD7F, B0FYPJ62V4, B0FQL1V9S1, B0FYPD6865, B0FQKW168G, B0FQL55LBY, B0FYPCVHRT, B0FQKH8TTP, B0FQL6WM53, B0FYPD7TRD, B0FYPFZCC4, B0FYPL2Y2B, B0FYPFBMZV, B0FYPDFXT4, B0FQL3N1TF, B0FQL1NYD4, B0FYPD9Q54, B0FYPCPK4N, B0FQKZVDV5, B0FQLJSQYJ, B0FYPB4CT1, B0FYPBC654, B0FYPGS8D8, B0FYPKF9VL, B0FYPHVG52, B0FYP9DQL8, B0FQKNZSBG, B0FYPH1HQ5, B0FYP9WYXB, B0FQL4QDNB, B0FQL17DQG, B0FQLJWPPP, B0FQL4QDND, B0FYPHP6ZG, B0FYPKB7JN, B0FYPD86NG, B0FYPJFLNX, B0FQL3KBG2, B0FQKMP9DZ, B0FYP9DNJF, B0FQKVP3YN, B0FYPCSNDW, B0FYPGDYQX, B0FYPBJCBF, B0FQKGSJ5K, B0FQL3GPJS, B0FYP9S97X, B0FQKJQMG5, B0FQKKMMSF, B0FQKJQ6ZC, B0FYPG3B8Q, B0FYPG3YVX, B0FQKPND3Z, B0FQKYMHBZ, B0FQKPND3W, B0FQL67Y3J, B0FQKKM1Q1, B0FQKVVN97, B0FYPDRT1Y, B0FQKV75D8, B0FYPNBGXM, B0FYPB1BVY, B0FYPH7NYW, B0FYPL7WMF, B0FQL3MBNH, B0FQL189CW]",amzn1.campaign.3TNY4XWS0J950,"#1 Anti-Radiation iPhone 17 Case on the Market - $$$",SafeSleeve,2026-04-08,2027-04-08,15.00%,100000.0,100000.0,0,800,false
[B0GJLD8N7X],amzn1.campaign.22YRU9TC9QI7X,cat toys,Mloowa,2026-04-08,2026-10-31,10.00%,5000.0,5000.0,7,800,false
"[B0G8JQQW8S, B0G8K184L3]",amzn1.campaign.2M2IFS5UHMBAN,NOURISHING FACE WASH – Boom! Beauty By Cindy Joseph,BOOM! by Cindy Joseph,2026-04-08,2027-01-02,15.00%,500000.0,499968.58,0,800,false
"[B0DZF4MQ52, B0DZ14ZZNL, B0DZDQYD1F, B0DZF2JDMH]",amzn1.campaign.9GLTAOJOKV10,Four Products,DEAD BIRD ENTERPRISES,2026-04-08,2026-12-31,20.00%,5000.0,4986.81,4,800,false
[1462112749],amzn1.campaign.1E0GQ0HYNOTH0,Old Testament Made Easier Set (Family Deluxe Edition) | 15% Commission,Cedar Fort,2026-04-08,2027-04-08,15.00%,5000.0,5000.0,11,800,false
"[B0GRHW8PQH, B0GKDZFMN8, B0GRJ417BJ, B0GKF8ZDZX, B0GKF8KRKG, B0GKFGL1XK, B0GKDNPPR7, B0GKF54S9R, B0GKFCBTW7]",amzn1.campaign.2DZYV0E0X8T27,H2座垫红人计划,FRIDADAKU,2026-04-08,2026-10-31,20.00%,20000.0,20000.0,0,800,false
[1462144160],amzn1.campaign.Y5ELEA6TZ0YB,The Old Testament Made Easier LDS Study Guide Full Set | 15% Commission,Cedar Fort,2026-04-08,2027-04-08,15.00%,5000.0,4961.75,14,800,false
[B0FMKPJ4HJ],amzn1.campaign.QIMZPOQKN4ZE,RoViar HSS Countersink Bit Set - 10% Commission - Wood & Metal Drilling,RoViar,2026-04-08,2027-04-08,10.00%,5000.0,4993.2,2,800,false
[B09VS1J5YN],amzn1.campaign.22KLG4EHRW6D9,BOOMSILK FACE MOISTURIZER - Boom! Beauty By Cindy Joseph,BOOM! by Cindy Joseph,2026-04-08,2027-01-02,15.00%,500000.0,500000.0,0,800,false
"[B0BNP7N33C, B0BNP77GCT]",amzn1.campaign.3LV6M1H9FSX3R,VEGAN TINTED BROW MOUSSE - Boom! Beauty By Cindy Joseph,BOOM! by Cindy Joseph,2026-04-08,2027-01-02,15.00%,500000.0,500000.0,4,800,false
"[B08TZD3G7J, B0FTZZW8QF, B0DKRXZ5WX, B08TZWFBG5, B0FMQJQR5K, B0C213SWD9, B0D9C3ZHVV, B0C1ZZSS9R, B0C1ZXHYM7, B0D9C5J3MM, B0D9C49GP2, B0FK35BZP5, B08V1CG1GF, B0DKRNGWXF, B08S49FM3C, B0FMQJ2M5B, B0DDFN4L9H, B0FKZKZ72N, B0FKZL1BK2, B0D3MDGSQ9, B0FKZFTVQP, B0D1SDQPL5]",amzn1.campaign.3U49T3M7FCSNQ,BOOM!  THE ORIGINAL MAKEUP STICKS,BOOM! by Cindy Joseph,2026-04-08,2027-01-02,15.00%,500000.0,500000.0,0,800,false
[B0DYRCLSNP],amzn1.campaign.GZZW392NP5UM,VEGAN COOLING EYE CREAM - Boom! Beauty By Cindy Joseph,BOOM! by Cindy Joseph,2026-04-08,2027-01-02,15.00%,500000.0,500000.0,0,800,false
[B09V2BJQ54],amzn1.campaign.Z0CNACL91RMM,DEEP PORE CLEANSING SCRUB - Boom! Beauty By Cindy Joseph,BOOM! by Cindy Joseph,2026-04-08,2027-01-02,15.00%,500000.0,500000.0,7,800,false
[B0DDWCXXZ8],amzn1.campaign.1JWE7F43CLN2B,ANTI-FRIZZ HAIR TREATMENT - Boom! Beauty By Cindy Joseph,BOOM! by Cindy Joseph,2026-04-08,2027-01-02,15.00%,500000.0,500000.0,0,800,false
[B0D73ZT89L],amzn1.campaign.1VI2O0CA5K5CE,SENSITIVE SKIN FACE SERUM - Boom! Beauty By Cindy Joseph,BOOM! by Cindy Joseph,2026-04-08,2027-01-02,15.00%,500000.0,500000.0,0,800,false
[B0BS54ZPSR],amzn1.campaign.1O9T80PIQDARF,TURMERIC HONEY FACIAL OIL - Boom! Beauty By Cindy Joseph,BOOM! by Cindy Joseph,2026-04-08,2027-01-02,15.00%,500000.0,500000.0,0,800,false
[B0BLW7MSLT],amzn1.campaign.1A9R0A7QECZ0I,MATURE SKIN LIP GLOSS - Boom! Beauty By Cindy Joseph,BOOM! by Cindy Joseph,2026-04-08,2027-01-02,15.00%,500000.0,500000.0,0,800,false
[B0CJC97GCT],amzn1.campaign.WMC2SF16SC3O,SILVER HAIR CONDITIONER - Boom! Beauty By Cindy Joseph,BOOM! by Cindy Joseph,2026-04-08,2027-01-02,15.00%,500000.0,500000.0,7,800,false
[B0B9CJ89FN],amzn1.campaign.20YBUZ594INQ1,VEGAN SPF 30 SUNSCREEN - Boom! Beauty By Cindy Joseph,BOOM! by Cindy Joseph,2026-04-08,2027-01-02,15.00%,500000.0,500000.0,0,800,false
"[B0GBWYGQRK, B0GBWRY8VJ, B0GCF7R2SR, B0GBX9DH1F, B0GBW9RGCX, B0GBWDVZ7H, B0GBWV3H91, B0GBX4WQNZ, B0GBX1QKLW, B0GBWV3H8J, B0GBWLPM1Z, B0GBWM8Y6P, B0GBW8F8QX, B0GBWMTPVL, B0GBX8MYNB]",amzn1.campaign.17DC2S4RRQ89R,🧩 Practical Bogg Bag Organizers | Hooks for Every Need 🛒,FENNIDICE,2026-04-05,2027-04-05,15.99%,5000.0,5000.0,24,800,false
"[B0GBWYGQRK, B0GBWRY8VJ, B0GCF7R2SR, B0GBX9DH1F, B0GBW9RGCX, B0GBWDVZ7H, B0GBWV3H91, B0GBX4WQNZ, B0GBX1QKLW, B0GBWV3H8J, B0GBWLPM1Z, B0GBWM8Y6P, B0GBW8F8QX, B0GBWMTPVL, B0GBX8MYNB]",amzn1.campaign.3DUG9TK4Y3H02,🧩 Practical Bogg Bag Organizers | Hooks for Every Need 🛒,FENNIDICE,2026-04-05,2027-04-05,15.98%,5000.0,5000.0,33,800,false
"[B0GBWYGQRK, B0GBWRY8VJ, B0GCF7R2SR, B0GBX9DH1F, B0GBW9RGCX, B0GBWDVZ7H, B0GBWV3H91, B0GBX4WQNZ, B0GBX1QKLW, B0GBWV3H8J, B0GBWLPM1Z, B0GBWM8Y6P, B0GBW8F8QX, B0GBWMTPVL, B0GBX8MYNB]",amzn1.campaign.1FCASU6PV5NOA,🧩 Practical Bogg Bag Organizers | Hooks for Every Need 🛒,FENNIDICE,2026-04-05,2027-04-05,15.97%,5000.0,5000.0,32,800,false
"[B0GBWYGQRK, B0GBWRY8VJ, B0GCF7R2SR, B0GBX9DH1F, B0GBW9RGCX, B0GBWDVZ7H, B0GBWV3H91, B0GBX4WQNZ, B0GBX1QKLW, B0GBWV3H8J, B0GBWLPM1Z, B0GBWM8Y6P, B0GBW8F8QX, B0GBWMTPVL, B0GBX8MYNB]",amzn1.campaign.2AVQSXDWFKNDQ,🧩 Practical Bogg Bag Organizers | Hooks for Every Need 🛒,FENNIDICE,2026-04-05,2027-04-05,15.96%,5000.0,5000.0,34,800,false
"[B0GBWYGQRK, B0GBWRY8VJ, B0GCF7R2SR, B0GBX9DH1F, B0GBW9RGCX, B0GBWDVZ7H, B0GBWV3H91, B0GBX4WQNZ, B0GBX1QKLW, B0GBWV3H8J, B0GBWLPM1Z, B0GBWM8Y6P, B0GBW8F8QX, B0GBWMTPVL, B0GBX8MYNB]",amzn1.campaign.3GFGR9SYOFE5C,🧩 Practical Bogg Bag Organizers | Hooks for Every Need 🛒,FENNIDICE,2026-04-05,2027-04-05,15.95%,5000.0,5000.0,36,800,false
"[B0GBWYGQRK, B0GBWRY8VJ, B0GCF7R2SR, B0GBX9DH1F, B0GBW9RGCX, B0GBWDVZ7H, B0GBWV3H91, B0GBX4WQNZ, B0GBX1QKLW, B0GBWV3H8J, B0GBWLPM1Z, B0GBWM8Y6P, B0GBW8F8QX, B0GBWMTPVL, B0GBX8MYNB]",amzn1.campaign.1IUV1GIMYO4V,🧩 Practical Bogg Bag Organizers | Hooks for Every Need 🛒,FENNIDICE,2026-04-05,2027-04-05,15.94%,5000.0,5000.0,33,800,false
"[B0GBWYGQRK, B0GBWRY8VJ, B0GCF7R2SR, B0GBX9DH1F, B0GBW9RGCX, B0GBWDVZ7H, B0GBWV3H91, B0GBX4WQNZ, B0GBX1QKLW, B0GBWV3H8J, B0GBWLPM1Z, B0GBWM8Y6P, B0GBW8F8QX, B0GBWMTPVL, B0GBX8MYNB]",amzn1.campaign.ZXXVTNF50Q74,🧩 Practical Bogg Bag Organizers | Hooks for Every Need 🛒,FENNIDICE,2026-04-05,2027-04-05,15.93%,5000.0,5000.0,41,800,false
"[B0GBWYGQRK, B0GBWRY8VJ, B0GCF7R2SR, B0GBX9DH1F, B0GBW9RGCX, B0GBWDVZ7H, B0GBWV3H91, B0GBX4WQNZ, B0GBX1QKLW, B0GBWV3H8J, B0GBWLPM1Z, B0GBWM8Y6P, B0GBW8F8QX, B0GBWMTPVL, B0GBX8MYNB]",amzn1.campaign.2B8YMOU30RX6V,🧩 Practical Bogg Bag Organizers | Hooks for Every Need 🛒,FENNIDICE,2026-04-05,2027-04-05,15.92%,5000.0,5000.0,37,800,false
"[B0GBWYGQRK, B0GBWRY8VJ, B0GCF7R2SR, B0GBX9DH1F, B0GBW9RGCX, B0GBWDVZ7H, B0GBWV3H91, B0GBX4WQNZ, B0GBX1QKLW, B0GBWV3H8J, B0GBWLPM1Z, B0GBWM8Y6P, B0GBW8F8QX, B0GBWMTPVL, B0GBX8MYNB]",amzn1.campaign.3JWKYMHP25WRA,🧩 Practical Bogg Bag Organizers | Hooks for Every Need 🛒,FENNIDICE,2026-04-05,2027-04-05,15.91%,5000.0,5000.0,38,800,false
"[B0GBWYGQRK, B0GBWRY8VJ, B0GCF7R2SR, B0GBX9DH1F, B0GBW9RGCX, B0GBWDVZ7H, B0GBWV3H91, B0GBX4WQNZ, B0GBX1QKLW, B0GBWV3H8J, B0GBWLPM1Z, B0GBWM8Y6P, B0GBW8F8QX, B0GBWMTPVL, B0GBX8MYNB]",amzn1.campaign.20KBWUOPEMV9H,🧩 Practical Bogg Bag Organizers | Hooks for Every Need 🛒,FENNIDICE,2026-04-05,2027-04-05,15.90%,5000.0,5000.0,35,800,false
"[B0GBWYGQRK, B0GBWRY8VJ, B0GCF7R2SR, B0GBX9DH1F, B0GBW9RGCX, B0GBWDVZ7H, B0GBWV3H91, B0GBX4WQNZ, B0GBX1QKLW, B0GBWV3H8J, B0GBWLPM1Z, B0GBWM8Y6P, B0GBW8F8QX, B0GBWMTPVL, B0GBX8MYNB]",amzn1.campaign.YESCGVG45VVC,🧩 Practical Bogg Bag Organizers | Hooks for Every Need 🛒,FENNIDICE,2026-04-05,2027-04-05,15.89%,5000.0,5000.0,43,800,false
"[B0GBWYGQRK, B0GBWRY8VJ, B0GCF7R2SR, B0GBX9DH1F, B0GBW9RGCX, B0GBWDVZ7H, B0GBWV3H91, B0GBX4WQNZ, B0GBX1QKLW, B0GBWV3H8J, B0GBWLPM1Z, B0GBWM8Y6P, B0GBW8F8QX, B0GBWMTPVL, B0GBX8MYNB]",amzn1.campaign.1OVER3EH3CYQU,🧩 Practical Bogg Bag Organizers | Hooks for Every Need 🛒,FENNIDICE,2026-04-05,2027-04-05,15.88%,5000.0,5000.0,37,800,false
"[B0GBWYGQRK, B0GBWRY8VJ, B0GCF7R2SR, B0GBX9DH1F, B0GBW9RGCX, B0GBWDVZ7H, B0GBWV3H91, B0GBX4WQNZ, B0GBX1QKLW, B0GBWV3H8J, B0GBWLPM1Z, B0GBWM8Y6P, B0GBW8F8QX, B0GBWMTPVL, B0GBX8MYNB]",amzn1.campaign.15LCOFAFDS3D2,🧩 Practical Bogg Bag Organizers | Hooks for Every Need 🛒,FENNIDICE,2026-04-05,2027-04-05,15.87%,5000.0,5000.0,36,800,false
"[B0GBWYGQRK, B0GBWRY8VJ, B0GCF7R2SR, B0GBX9DH1F, B0GBW9RGCX, B0GBWDVZ7H, B0GBWV3H91, B0GBX4WQNZ, B0GBX1QKLW, B0GBWV3H8J, B0GBWLPM1Z, B0GBWM8Y6P, B0GBW8F8QX, B0GBWMTPVL, B0GBX8MYNB]",amzn1.campaign.U40F9FORFXHZ,🧩 Practical Bogg Bag Organizers | Hooks for Every Need 🛒,FENNIDICE,2026-04-05,2027-04-05,15.86%,5000.0,5000.0,44,800,false
"[B0DZCP2DBW, B0FNW5YJM7, B0FNW7WLP2, B0FNW5DRJ5, B0FWY2BTND, B0FNVZXG6P, B0DHN76CZF, B0FNW3NW8B, B0GSJXQ3QG, B0CXLXK8MX, B0CXLRQZRV, B0DNHCS9BJ, B0CXM5SKW3, B0FNW2ZWS4, B0DHVHJ4YC, B0FNW68NGN, B0GGZV7XJC, B0F1J72H2F, B0DNHHHYP6, B0F1FFYXKN, B0GL1HZDBW, B0GS87W9TV, B0DQXPW5JG, B0FNW6G244, B0FNW6CQN1, B0CXLJ4G1Y, B0G12Y6DZ8, B0FNW7TP67, B0CXLRFZB9, B0FNW112FW, B0FNW56R8W, B0FNW3BT43, B0FNW31FP4, B0GJKM76LD, B0FCFQVYPL, B0FNW6F5B3, B0FNW636Q6, B0GTQFV28N, B0FNW54TNN, B0FNW8R1F9, B0FNVZZ8GL, B0FF4W68ZH, B0FNW69KLN, B0CXLHQK6K, B0FCFS77TW, B0FSDJB6P4, B0CXM8869F, B0GJKZNV8Q, B0G1T7HTFS, B0FNW345ZM]",amzn1.campaign.3E1QUMN7BORKL,Join the Test: Opstellen Signature Round Cloth,opstellen,2026-04-08,2026-10-01,10.00%,5000.0,5000.0,18,800,false
"[B0GBWYGQRK, B0GBWRY8VJ, B0GCF7R2SR, B0GBX9DH1F, B0GBW9RGCX, B0GBWDVZ7H, B0GBWV3H91, B0GBX4WQNZ, B0GBX1QKLW, B0GBWV3H8J, B0GBWLPM1Z, B0GBWM8Y6P, B0GBW8F8QX, B0GBWMTPVL, B0GBX8MYNB]",amzn1.campaign.GF8H6VY57KUI,🧩 Practical Bogg Bag Organizers | Hooks for Every Need 🛒,FENNIDICE,2026-04-05,2027-04-05,15.85%,5000.0,5000.0,44,800,false
"[B0GBWYGQRK, B0GBWRY8VJ, B0GCF7R2SR, B0GBX9DH1F, B0GBW9RGCX, B0GBWDVZ7H, B0GBWV3H91, B0GBX4WQNZ, B0GBX1QKLW, B0GBWV3H8J, B0GBWLPM1Z, B0GBWM8Y6P, B0GBW8F8QX, B0GBWMTPVL, B0GBX8MYNB]",amzn1.campaign.39JOC48VPCR2J,🧩 Practical Bogg Bag Organizers | Hooks for Every Need 🛒,FENNIDICE,2026-04-05,2027-04-05,15.84%,5000.0,5000.0,40,800,false
"[B0GBWYGQRK, B0GBWRY8VJ, B0GCF7R2SR, B0GBX9DH1F, B0GBW9RGCX, B0GBWDVZ7H, B0GBWV3H91, B0GBX4WQNZ, B0GBX1QKLW, B0GBWV3H8J, B0GBWLPM1Z, B0GBWM8Y6P, B0GBW8F8QX, B0GBWMTPVL, B0GBX8MYNB]",amzn1.campaign.39IY5F8IXXUK3,🧩 Practical Bogg Bag Organizers | Hooks for Every Need 🛒,FENNIDICE,2026-04-05,2027-04-05,15.83%,5000.0,5000.0,41,800,false
"[B0GBWYGQRK, B0GBWRY8VJ, B0GCF7R2SR, B0GBX9DH1F, B0GBW9RGCX, B0GBWDVZ7H, B0GBWV3H91, B0GBX4WQNZ, B0GBX1QKLW, B0GBWV3H8J, B0GBWLPM1Z, B0GBWM8Y6P, B0GBW8F8QX, B0GBWMTPVL, B0GBX8MYNB]",amzn1.campaign.20J476X3RNDYT,🧩 Practical Bogg Bag Organizers | Hooks for Every Need 🛒,FENNIDICE,2026-04-05,2027-04-05,15.82%,5000.0,5000.0,40,800,false
[B0GJ5KB7KS],amzn1.campaign.34EP5NK9VTDSW,"MFish 240W USB-C Cable Creator Campaign-15%-30,000Budget",MFish,2026-04-08,2027-04-08,15.00%,30000.0,29978.73,0,800,false
"[B0DT4D2JDS, B0DQ8JN1HN, B0DT49RN34, B0FHQ5QWLW, B0GDSQVR5F, B0GDS6DK3Q, B0DQ8QQ962, B0DQ8H47NZ, B0DQ8PT398, B0DT4CZ7Y8, B0FR49TLDR, B0DQ8QHXDS, B0FC5WB3F9, B0GDSGHM29, B0DQ8JQV14, B0FR3MBK74, B0GDSVZ187, B0DT4FJXT1, B0FR3ZW431, B0DQ8JND2D, B0GDSQK1DF, B0FB94GKRB, B0GDSVVM4X, B0FLBZCC2T, B0DT4CJ8V9, B0FG2X1NNB, B0FFMC6MPD, B0DQ8KRQZG, B0GDSV18QJ, B0GDSGTLZ1]",amzn1.campaign.2P51N1HA7PMYO,Jobunai’s Picnic Set – No More Cold Legs From Metal Benches,Jobunai,2026-04-08,2026-10-08,10.00%,5000.0,5000.0,28,800,false
"[B0GBWYGQRK, B0GBWRY8VJ, B0GCF7R2SR, B0GBX9DH1F, B0GBW9RGCX, B0GBWDVZ7H, B0GBWV3H91, B0GBX4WQNZ, B0GBX1QKLW, B0GBWV3H8J, B0GBWLPM1Z, B0GBWM8Y6P, B0GBW8F8QX, B0GBWMTPVL, B0GBX8MYNB]",amzn1.campaign.3LUKV7RIP7LV3,🧩 Practical Bogg Bag Organizers | Hooks for Every Need 🛒,FENNIDICE,2026-04-05,2027-04-05,15.81%,5000.0,5000.0,43,800,false
"[B0GBWYGQRK, B0GBWRY8VJ, B0GCF7R2SR, B0GBX9DH1F, B0GBW9RGCX, B0GBWDVZ7H, B0GBWV3H91, B0GBX4WQNZ, B0GBX1QKLW, B0GBWV3H8J, B0GBWLPM1Z, B0GBWM8Y6P, B0GBW8F8QX, B0GBWMTPVL, B0GBX8MYNB]",amzn1.campaign.M9FAU2MFSDL8,🧩 Practical Bogg Bag Organizers | Hooks for Every Need 🛒,FENNIDICE,2026-04-05,2027-04-05,15.80%,5000.0,5000.0,46,800,false
"[B0GBWYGQRK, B0GBWRY8VJ, B0GCF7R2SR, B0GBX9DH1F, B0GBW9RGCX, B0GBWDVZ7H, B0GBWV3H91, B0GBX4WQNZ, B0GBX1QKLW, B0GBWV3H8J, B0GBWLPM1Z, B0GBWM8Y6P, B0GBW8F8QX, B0GBWMTPVL, B0GBX8MYNB]",amzn1.campaign.2RNXDF53IIEHW,🧩 Practical Bogg Bag Organizers | Hooks for Every Need 🛒,FENNIDICE,2026-04-05,2027-04-05,15.79%,5000.0,5000.0,41,800,false
"[B0GBWYGQRK, B0GBWRY8VJ, B0GCF7R2SR, B0GBX9DH1F, B0GBW9RGCX, B0GBWDVZ7H, B0GBWV3H91, B0GBX4WQNZ, B0GBX1QKLW, B0GBWV3H8J, B0GBWLPM1Z, B0GBWM8Y6P, B0GBW8F8QX, B0GBWMTPVL, B0GBX8MYNB]",amzn1.campaign.YPEHD3WJR0GJ,🧩 Practical Bogg Bag Organizers | Hooks for Every Need 🛒,FENNIDICE,2026-04-05,2027-04-05,15.78%,5000.0,5000.0,47,800,false
"[B0GBWYGQRK, B0GBWRY8VJ, B0GCF7R2SR, B0GBX9DH1F, B0GBW9RGCX, B0GBWDVZ7H, B0GBWV3H91, B0GBX4WQNZ, B0GBX1QKLW, B0GBWV3H8J, B0GBWLPM1Z, B0GBWM8Y6P, B0GBW8F8QX, B0GBWMTPVL, B0GBX8MYNB]",amzn1.campaign.2O2QVA7DUG2QU,🧩 Practical Bogg Bag Organizers | Hooks for Every Need 🛒,FENNIDICE,2026-04-05,2027-04-05,15.77%,5000.0,5000.0,42,800,false
"[B0GBWYGQRK, B0GBWRY8VJ, B0GCF7R2SR, B0GBX9DH1F, B0GBW9RGCX, B0GBWDVZ7H, B0GBWV3H91, B0GBX4WQNZ, B0GBX1QKLW, B0GBWV3H8J, B0GBWLPM1Z, B0GBWM8Y6P, B0GBW8F8QX, B0GBWMTPVL, B0GBX8MYNB]",amzn1.campaign.S40EPAWJTBAX,🧩 Practical Bogg Bag Organizers | Hooks for Every Need 🛒,FENNIDICE,2026-04-05,2027-04-05,15.76%,5000.0,5000.0,45,800,false
"[B0GBWYGQRK, B0GBWRY8VJ, B0GCF7R2SR, B0GBX9DH1F, B0GBW9RGCX, B0GBWDVZ7H, B0GBWV3H91, B0GBX4WQNZ, B0GBX1QKLW, B0GBWV3H8J, B0GBWLPM1Z, B0GBWM8Y6P, B0GBW8F8QX, B0GBWMTPVL, B0GBX8MYNB]",amzn1.campaign.VY9QOSJGEYNU,🧩 Practical Bogg Bag Organizers | Hooks for Every Need 🛒,FENNIDICE,2026-04-05,2027-04-05,15.75%,5000.0,5000.0,47,800,false
"[B0GBWYGQRK, B0GBWRY8VJ, B0GCF7R2SR, B0GBX9DH1F, B0GBW9RGCX, B0GBWDVZ7H, B0GBWV3H91, B0GBX4WQNZ, B0GBX1QKLW, B0GBWV3H8J, B0GBWLPM1Z, B0GBWM8Y6P, B0GBW8F8QX, B0GBWMTPVL, B0GBX8MYNB]",amzn1.campaign.3850X5NT5EUJZ,🧩 Practical Bogg Bag Organizers | Hooks for Every Need 🛒,FENNIDICE,2026-04-05,2027-04-05,15.74%,5000.0,5000.0,42,800,false
"[B0GBWYGQRK, B0GBWRY8VJ, B0GCF7R2SR, B0GBX9DH1F, B0GBW9RGCX, B0GBWDVZ7H, B0GBWV3H91, B0GBX4WQNZ, B0GBX1QKLW, B0GBWV3H8J, B0GBWLPM1Z, B0GBWM8Y6P, B0GBW8F8QX, B0GBWMTPVL, B0GBX8MYNB]",amzn1.campaign.1T0RDTV6C3VZC,🧩 Practical Bogg Bag Organizers | Hooks for Every Need 🛒,FENNIDICE,2026-04-05,2027-04-05,15.73%,5000.0,5000.0,43,800,false
"[B0GBWYGQRK, B0GBWRY8VJ, B0GCF7R2SR, B0GBX9DH1F, B0GBW9RGCX, B0GBWDVZ7H, B0GBWV3H91, B0GBX4WQNZ, B0GBX1QKLW, B0GBWV3H8J, B0GBWLPM1Z, B0GBWM8Y6P, B0GBW8F8QX, B0GBWMTPVL, B0GBX8MYNB]",amzn1.campaign.3838MOFXV68U1,🧩 Practical Bogg Bag Organizers | Hooks for Every Need 🛒,FENNIDICE,2026-04-05,2027-04-05,15.72%,5000.0,5000.0,42,800,false
"[B0GBWYGQRK, B0GBWRY8VJ, B0GCF7R2SR, B0GBX9DH1F, B0GBW9RGCX, B0GBWDVZ7H, B0GBWV3H91, B0GBX4WQNZ, B0GBX1QKLW, B0GBWV3H8J, B0GBWLPM1Z, B0GBWM8Y6P, B0GBW8F8QX, B0GBWMTPVL, B0GBX8MYNB]",amzn1.campaign.21BGKBWE0PP1P,🧩 Practical Bogg Bag Organizers | Hooks for Every Need 🛒,FENNIDICE,2026-04-05,2027-04-05,15.71%,5000.0,5000.0,42,800,false
"[B0GBWYGQRK, B0GBWRY8VJ, B0GCF7R2SR, B0GBX9DH1F, B0GBW9RGCX, B0GBWDVZ7H, B0GBWV3H91, B0GBX4WQNZ, B0GBX1QKLW, B0GBWV3H8J, B0GBWLPM1Z, B0GBWM8Y6P, B0GBW8F8QX, B0GBWMTPVL, B0GBX8MYNB]",amzn1.campaign.RSRXW4IJ9QI1,🧩 Practical Bogg Bag Organizers | Hooks for Every Need 🛒,FENNIDICE,2026-04-05,2027-04-05,15.70%,5000.0,5000.0,47,800,false
"[B0GBWYGQRK, B0GBWRY8VJ, B0GCF7R2SR, B0GBX9DH1F, B0GBW9RGCX, B0GBWDVZ7H, B0GBWV3H91, B0GBX4WQNZ, B0GBX1QKLW, B0GBWV3H8J, B0GBWLPM1Z, B0GBWM8Y6P, B0GBW8F8QX, B0GBWMTPVL, B0GBX8MYNB]",amzn1.campaign.3RWYORI470E2Q,🧩 Practical Bogg Bag Organizers | Hooks for Every Need 🛒,FENNIDICE,2026-04-05,2027-04-05,15.69%,5000.0,5000.0,45,800,false
"[B0GBWYGQRK, B0GBWRY8VJ, B0GCF7R2SR, B0GBX9DH1F, B0GBW9RGCX, B0GBWDVZ7H, B0GBWV3H91, B0GBX4WQNZ, B0GBX1QKLW, B0GBWV3H8J, B0GBWLPM1Z, B0GBWM8Y6P, B0GBW8F8QX, B0GBWMTPVL, B0GBX8MYNB]",amzn1.campaign.26QTD383SF4B,🧩 Practical Bogg Bag Organizers | Hooks for Every Need 🛒,FENNIDICE,2026-04-05,2027-04-05,15.68%,5000.0,5000.0,42,800,false
"[B0GBWYGQRK, B0GBWRY8VJ, B0GCF7R2SR, B0GBX9DH1F, B0GBW9RGCX, B0GBWDVZ7H, B0GBWV3H91, B0GBX4WQNZ, B0GBX1QKLW, B0GBWV3H8J, B0GBWLPM1Z, B0GBWM8Y6P, B0GBW8F8QX, B0GBWMTPVL, B0GBX8MYNB]",amzn1.campaign.2VBAJZTJ233JK,🧩 Practical Bogg Bag Organizers | Hooks for Every Need 🛒,FENNIDICE,2026-04-05,2027-04-05,15.67%,5000.0,5000.0,42,800,false
"[B0GBWYGQRK, B0GBWRY8VJ, B0GCF7R2SR, B0GBX9DH1F, B0GBW9RGCX, B0GBWDVZ7H, B0GBWV3H91, B0GBX4WQNZ, B0GBX1QKLW, B0GBWV3H8J, B0GBWLPM1Z, B0GBWM8Y6P, B0GBW8F8QX, B0GBWMTPVL, B0GBX8MYNB]",amzn1.campaign.1GPO40L46ATIU,🧩 Practical Bogg Bag Organizers | Hooks for Every Need 🛒,FENNIDICE,2026-04-05,2027-04-05,15.66%,5000.0,5000.0,41,800,false
"[B0GBWYGQRK, B0GBWRY8VJ, B0GCF7R2SR, B0GBX9DH1F, B0GBW9RGCX, B0GBWDVZ7H, B0GBWV3H91, B0GBX4WQNZ, B0GBX1QKLW, B0GBWV3H8J, B0GBWLPM1Z, B0GBWM8Y6P, B0GBW8F8QX, B0GBWMTPVL, B0GBX8MYNB]",amzn1.campaign.2OE8Z6LDPTBVN,🧩 Practical Bogg Bag Organizers | Hooks for Every Need 🛒,FENNIDICE,2026-04-05,2027-04-05,15.65%,5000.0,5000.0,42,800,false
"[B0GBWYGQRK, B0GBWRY8VJ, B0GCF7R2SR, B0GBX9DH1F, B0GBW9RGCX, B0GBWDVZ7H, B0GBWV3H91, B0GBX4WQNZ, B0GBX1QKLW, B0GBWV3H8J, B0GBWLPM1Z, B0GBWM8Y6P, B0GBW8F8QX, B0GBWMTPVL, B0GBX8MYNB]",amzn1.campaign.27GS4DS8UZLRT,🧩 Practical Bogg Bag Organizers | Hooks for Every Need 🛒,FENNIDICE,2026-04-05,2027-04-05,15.64%,5000.0,5000.0,43,800,false
"[B0GBWYGQRK, B0GBWRY8VJ, B0GCF7R2SR, B0GBX9DH1F, B0GBW9RGCX, B0GBWDVZ7H, B0GBWV3H91, B0GBX4WQNZ, B0GBX1QKLW, B0GBWV3H8J, B0GBWLPM1Z, B0GBWM8Y6P, B0GBW8F8QX, B0GBWMTPVL, B0GBX8MYNB]",amzn1.campaign.3EGM3RIPJLLG4,🧩 Practical Bogg Bag Organizers | Hooks for Every Need 🛒,FENNIDICE,2026-04-05,2027-04-05,15.63%,5000.0,5000.0,44,800,false
"[B0GBWYGQRK, B0GBWRY8VJ, B0GCF7R2SR, B0GBX9DH1F, B0GBW9RGCX, B0GBWDVZ7H, B0GBWV3H91, B0GBX4WQNZ, B0GBX1QKLW, B0GBWV3H8J, B0GBWLPM1Z, B0GBWM8Y6P, B0GBW8F8QX, B0GBWMTPVL, B0GBX8MYNB]",amzn1.campaign.22YWMSPFZQVR6,🧩 Practical Bogg Bag Organizers | Hooks for Every Need 🛒,FENNIDICE,2026-04-05,2027-04-05,15.62%,5000.0,5000.0,42,800,false
"[B0GBWYGQRK, B0GBWRY8VJ, B0GCF7R2SR, B0GBX9DH1F, B0GBW9RGCX, B0GBWDVZ7H, B0GBWV3H91, B0GBX4WQNZ, B0GBX1QKLW, B0GBWV3H8J, B0GBWLPM1Z, B0GBWM8Y6P, B0GBW8F8QX, B0GBWMTPVL, B0GBX8MYNB]",amzn1.campaign.1CJ95HJ177EBC,🧩 Practical Bogg Bag Organizers | Hooks for Every Need 🛒,FENNIDICE,2026-04-05,2027-04-05,15.61%,5000.0,5000.0,42,800,false
"[B0GBWYGQRK, B0GBWRY8VJ, B0GCF7R2SR, B0GBX9DH1F, B0GBW9RGCX, B0GBWDVZ7H, B0GBWV3H91, B0GBX4WQNZ, B0GBX1QKLW, B0GBWV3H8J, B0GBWLPM1Z, B0GBWM8Y6P, B0GBW8F8QX, B0GBWMTPVL, B0GBX8MYNB]",amzn1.campaign.1S3610MGIZZFE,🧩 Practical Bogg Bag Organizers | Hooks for Every Need 🛒,FENNIDICE,2026-04-05,2027-04-05,15.60%,5000.0,5000.0,41,800,false
"[B0F9K3J9KY, B0F9KH8RG6, B07S2C6JPG, B07RX7Z67P, B0F9K6V5P8, B0747M5MT9, B07S93F3T4, B0F9KDYR44, B0F9JZ2ZVV, B07J5P6MN5, B0F9KBJKMY, B0747CW7F4, B0F9KBG699]",amzn1.campaign.1M1DPHXT9EK79,Top Selling Embark Urban Dog Leash Durable Colorful Strong - Affiliate,Embark Pets,2026-04-08,2027-04-08,15.00%,100000.0,99998.2,0,800,false
"[B0GBWYGQRK, B0GBWRY8VJ, B0GCF7R2SR, B0GBX9DH1F, B0GBW9RGCX, B0GBWDVZ7H, B0GBWV3H91, B0GBX4WQNZ, B0GBX1QKLW, B0GBWV3H8J, B0GBWLPM1Z, B0GBWM8Y6P, B0GBW8F8QX, B0GBWMTPVL, B0GBX8MYNB]",amzn1.campaign.1J5H94YLZJ5IE,🧩 Practical Bogg Bag Organizers | Hooks for Every Need 🛒,FENNIDICE,2026-04-05,2027-04-05,15.59%,5000.0,5000.0,42,800,false
"[B0GBWYGQRK, B0GBWRY8VJ, B0GCF7R2SR, B0GBX9DH1F, B0GBW9RGCX, B0GBWDVZ7H, B0GBWV3H91, B0GBX4WQNZ, B0GBX1QKLW, B0GBWV3H8J, B0GBWLPM1Z, B0GBWM8Y6P, B0GBW8F8QX, B0GBWMTPVL, B0GBX8MYNB]",amzn1.campaign.2P369MIT2NHOY,🧩 Practical Bogg Bag Organizers | Hooks for Every Need 🛒,FENNIDICE,2026-04-05,2027-04-05,15.58%,5000.0,5000.0,44,800,false
"[B0GBWYGQRK, B0GBWRY8VJ, B0GCF7R2SR, B0GBX9DH1F, B0GBW9RGCX, B0GBWDVZ7H, B0GBWV3H91, B0GBX4WQNZ, B0GBX1QKLW, B0GBWV3H8J, B0GBWLPM1Z, B0GBWM8Y6P, B0GBW8F8QX, B0GBWMTPVL, B0GBX8MYNB]",amzn1.campaign.2Z3WG701AZHCZ,🧩 Practical Bogg Bag Organizers | Hooks for Every Need 🛒,FENNIDICE,2026-04-05,2027-04-05,15.57%,5000.0,5000.0,44,800,false
"[B0GBWYGQRK, B0GBWRY8VJ, B0GCF7R2SR, B0GBX9DH1F, B0GBW9RGCX, B0GBWDVZ7H, B0GBWV3H91, B0GBX4WQNZ, B0GBX1QKLW, B0GBWV3H8J, B0GBWLPM1Z, B0GBWM8Y6P, B0GBW8F8QX, B0GBWMTPVL, B0GBX8MYNB]",amzn1.campaign.1P7MNMN5OMJW5,🧩 Practical Bogg Bag Organizers | Hooks for Every Need 🛒,FENNIDICE,2026-04-05,2027-04-05,15.56%,5000.0,5000.0,41,800,false
"[B0GBWYGQRK, B0GBWRY8VJ, B0GCF7R2SR, B0GBX9DH1F, B0GBW9RGCX, B0GBWDVZ7H, B0GBWV3H91, B0GBX4WQNZ, B0GBX1QKLW, B0GBWV3H8J, B0GBWLPM1Z, B0GBWM8Y6P, B0GBW8F8QX, B0GBWMTPVL, B0GBX8MYNB]",amzn1.campaign.11YVL6W2IA55Y,🧩 Practical Bogg Bag Organizers | Hooks for Every Need 🛒,FENNIDICE,2026-04-05,2027-04-05,15.55%,5000.0,5000.0,41,800,false
"[B0GBWYGQRK, B0GBWRY8VJ, B0GCF7R2SR, B0GBX9DH1F, B0GBW9RGCX, B0GBWDVZ7H, B0GBWV3H91, B0GBX4WQNZ, B0GBX1QKLW, B0GBWV3H8J, B0GBWLPM1Z, B0GBWM8Y6P, B0GBW8F8QX, B0GBWMTPVL, B0GBX8MYNB]",amzn1.campaign.1NFC12B75YQBG,🧩 Practical Bogg Bag Organizers | Hooks for Every Need 🛒,FENNIDICE,2026-04-05,2027-04-05,15.54%,5000.0,5000.0,42,800,false
"[B0GBWYGQRK, B0GBWRY8VJ, B0GCF7R2SR, B0GBX9DH1F, B0GBW9RGCX, B0GBWDVZ7H, B0GBWV3H91, B0GBX4WQNZ, B0GBX1QKLW, B0GBWV3H8J, B0GBWLPM1Z, B0GBWM8Y6P, B0GBW8F8QX, B0GBWMTPVL, B0GBX8MYNB]",amzn1.campaign.YKVXQG5OQESQ,🧩 Practical Bogg Bag Organizers | Hooks for Every Need 🛒,FENNIDICE,2026-04-05,2027-04-05,15.53%,5000.0,5000.0,50,800,false
"[B0GBWYGQRK, B0GBWRY8VJ, B0GCF7R2SR, B0GBX9DH1F, B0GBW9RGCX, B0GBWDVZ7H, B0GBWV3H91, B0GBX4WQNZ, B0GBX1QKLW, B0GBWV3H8J, B0GBWLPM1Z, B0GBWM8Y6P, B0GBW8F8QX, B0GBWMTPVL, B0GBX8MYNB]",amzn1.campaign.34L3TW914HRKS,🧩 Practical Bogg Bag Organizers | Hooks for Every Need 🛒,FENNIDICE,2026-04-05,2027-04-05,15.52%,5000.0,5000.0,44,800,false
"[B0GBWYGQRK, B0GBWRY8VJ, B0GCF7R2SR, B0GBX9DH1F, B0GBW9RGCX, B0GBWDVZ7H, B0GBWV3H91, B0GBX4WQNZ, B0GBX1QKLW, B0GBWV3H8J, B0GBWLPM1Z, B0GBWM8Y6P, B0GBW8F8QX, B0GBWMTPVL, B0GBX8MYNB]",amzn1.campaign.IKEKYSX5JR5Y,🧩 Practical Bogg Bag Organizers | Hooks for Every Need 🛒,FENNIDICE,2026-04-05,2027-04-05,15.51%,5000.0,5000.0,47,800,false
"[B07DWHXYCJ, B01N3CO1T0, B07MXGRR79, B014K3H73A, B0FBSWBYP1]",amzn1.campaign.2M2Q1MMK1VW21,"Vegan Liquid Vitamin D3 + K2 – Clean, Highly Absorbable Wellness Drops",Live Wise Naturals,2026-04-08,2027-01-31,15.00%,50000.0,49987.93,3,800,false
"[B0GBWYGQRK, B0GBWRY8VJ, B0GCF7R2SR, B0GBX9DH1F, B0GBW9RGCX, B0GBWDVZ7H, B0GBWV3H91, B0GBX4WQNZ, B0GBX1QKLW, B0GBWV3H8J, B0GBWLPM1Z, B0GBWM8Y6P, B0GBW8F8QX, B0GBWMTPVL, B0GBX8MYNB]",amzn1.campaign.1B2N3FGXF5TP7,🧩 Practical Bogg Bag Organizers | Hooks for Every Need 🛒,FENNIDICE,2026-04-05,2027-04-05,15.50%,5000.0,5000.0,42,800,false
"[B0813VZ5RF, B0813RRSRN]",amzn1.campaign.1S9UW49OR4218,Top Selling Embark Country Rope Dog Leash - Affiliate,Embark Pets,2026-04-10,2027-04-10,15.00%,100000.0,100000.0,2,800,false
"[B074PWBN1H, B015YDVT48, B0DRT3PD72, B071YNV95C]",amzn1.campaign.1TS6O6T0M13QE,"Liquid Vitamin B12 for Adults & Kids – Clean Energy, Focus & Daily Vitality",Live Wise Naturals,2026-04-08,2027-01-31,15.00%,50000.0,49995.2,9,800,false
"[B0GBWYGQRK, B0GBWRY8VJ, B0GCF7R2SR, B0GBX9DH1F, B0GBW9RGCX, B0GBWDVZ7H, B0GBWV3H91, B0GBX4WQNZ, B0GBX1QKLW, B0GBWV3H8J, B0GBWLPM1Z, B0GBWM8Y6P, B0GBW8F8QX, B0GBWMTPVL, B0GBX8MYNB]",amzn1.campaign.1XLWE3Q4BA9PA,🧩 Practical Bogg Bag Organizers | Hooks for Every Need 🛒,FENNIDICE,2026-04-05,2027-04-05,15.49%,5000.0,5000.0,43,800,false
"[B0GBWYGQRK, B0GBWRY8VJ, B0GCF7R2SR, B0GBX9DH1F, B0GBW9RGCX, B0GBWDVZ7H, B0GBWV3H91, B0GBX4WQNZ, B0GBX1QKLW, B0GBWV3H8J, B0GBWLPM1Z, B0GBWM8Y6P, B0GBW8F8QX, B0GBWMTPVL, B0GBX8MYNB]",amzn1.campaign.131MF3WJ95IM6,🧩 Practical Bogg Bag Organizers | Hooks for Every Need 🛒,FENNIDICE,2026-04-05,2027-04-05,15.48%,5000.0,5000.0,40,800,false
"[B0GBWYGQRK, B0GBWRY8VJ, B0GCF7R2SR, B0GBX9DH1F, B0GBW9RGCX, B0GBWDVZ7H, B0GBWV3H91, B0GBX4WQNZ, B0GBX1QKLW, B0GBWV3H8J, B0GBWLPM1Z, B0GBWM8Y6P, B0GBW8F8QX, B0GBWMTPVL, B0GBX8MYNB]",amzn1.campaign.20C0JVL69LQR2,🧩 Practical Bogg Bag Organizers | Hooks for Every Need 🛒,FENNIDICE,2026-04-05,2027-04-05,15.47%,5000.0,5000.0,43,800,false
"[B0GBWYGQRK, B0GBWRY8VJ, B0GCF7R2SR, B0GBX9DH1F, B0GBW9RGCX, B0GBWDVZ7H, B0GBWV3H91, B0GBX4WQNZ, B0GBX1QKLW, B0GBWV3H8J, B0GBWLPM1Z, B0GBWM8Y6P, B0GBW8F8QX, B0GBWMTPVL, B0GBX8MYNB]",amzn1.campaign.15QNP7U0724E5,🧩 Practical Bogg Bag Organizers | Hooks for Every Need 🛒,FENNIDICE,2026-04-05,2027-04-05,15.46%,5000.0,5000.0,40,800,false
"[B0GBWYGQRK, B0GBWRY8VJ, B0GCF7R2SR, B0GBX9DH1F, B0GBW9RGCX, B0GBWDVZ7H, B0GBWV3H91, B0GBX4WQNZ, B0GBX1QKLW, B0GBWV3H8J, B0GBWLPM1Z, B0GBWM8Y6P, B0GBW8F8QX, B0GBWMTPVL, B0GBX8MYNB]",amzn1.campaign.3ULYZYU5GU4AG,🧩 Practical Bogg Bag Organizers | Hooks for Every Need 🛒,FENNIDICE,2026-04-05,2027-04-05,15.45%,5000.0,5000.0,47,800,false
"[B0GBWYGQRK, B0GBWRY8VJ, B0GCF7R2SR, B0GBX9DH1F, B0GBW9RGCX, B0GBWDVZ7H, B0GBWV3H91, B0GBX4WQNZ, B0GBX1QKLW, B0GBWV3H8J, B0GBWLPM1Z, B0GBWM8Y6P, B0GBW8F8QX, B0GBWMTPVL, B0GBX8MYNB]",amzn1.campaign.3VYBVNRKGVL1B,🧩 Practical Bogg Bag Organizers | Hooks for Every Need 🛒,FENNIDICE,2026-04-05,2027-04-05,15.44%,5000.0,5000.0,47,800,false
"[B0GBWYGQRK, B0GBWRY8VJ, B0GCF7R2SR, B0GBX9DH1F, B0GBW9RGCX, B0GBWDVZ7H, B0GBWV3H91, B0GBX4WQNZ, B0GBX1QKLW, B0GBWV3H8J, B0GBWLPM1Z, B0GBWM8Y6P, B0GBW8F8QX, B0GBWMTPVL, B0GBX8MYNB]",amzn1.campaign.2D7CQZBKB3QGK,🧩 Practical Bogg Bag Organizers | Hooks for Every Need 🛒,FENNIDICE,2026-04-05,2027-04-05,15.43%,5000.0,5000.0,44,800,false
[B0DH8J9QR8],amzn1.campaign.3TQQMZI12SUDN,"Partner with I Heart: Ayurvedic Eucalyptus Soap for Invigorated, Refreshed Skin",iHeart Nature,2026-04-08,2027-01-02,25.00%,25000.0,25000.0,4,800,false
[B0DH8FCCCP],amzn1.campaign.29AKH44PG78VK,"Partner with I Heart Nature: Ayurvedic Oatmeal Soap for Soft, Nourished Skin",iHeart Nature,2026-04-08,2027-01-02,25.00%,25000.0,25000.0,0,800,false
"[B0GBWYGQRK, B0GBWRY8VJ, B0GCF7R2SR, B0GBX9DH1F, B0GBW9RGCX, B0GBWDVZ7H, B0GBWV3H91, B0GBX4WQNZ, B0GBX1QKLW, B0GBWV3H8J, B0GBWLPM1Z, B0GBWM8Y6P, B0GBW8F8QX, B0GBWMTPVL, B0GBX8MYNB]",amzn1.campaign.3093C36WJHZO9,🧩 Practical Bogg Bag Organizers | Hooks for Every Need 🛒,FENNIDICE,2026-04-05,2027-04-05,15.42%,5000.0,5000.0,43,800,false
[B0DH52Y2PB],amzn1.campaign.25LFDZHILFXKW,"Partner with I Heart Nature: Ayurvedic Citrus Soap for Energized, Refreshed Skin",iHeart Nature,2026-04-08,2027-01-02,25.00%,25000.0,25000.0,0,800,false
[B0DH8J27FH],amzn1.campaign.2CR2B1PQYQOMI,Share the Calming and Restorative Power of Ayurvedic Patchouli Soap,iHeart Nature,2026-04-08,2027-01-02,25.00%,25000.0,25000.0,0,800,false
[B0DNJZG4FT],amzn1.campaign.3F4TQPOM1XWSA,"Partner with I Heart Nature: Ayurvedic Neem Soap for Healthy, Balanced Skin",iHeart Nature,2026-04-08,2027-01-02,25.00%,25000.0,25000.0,4,800,false
"[B0GBWYGQRK, B0GBWRY8VJ, B0GCF7R2SR, B0GBX9DH1F, B0GBW9RGCX, B0GBWDVZ7H, B0GBWV3H91, B0GBX4WQNZ, B0GBX1QKLW, B0GBWV3H8J, B0GBWLPM1Z, B0GBWM8Y6P, B0GBW8F8QX, B0GBWMTPVL, B0GBX8MYNB]",amzn1.campaign.1TQR5RZOWDDQ6,🧩 Practical Bogg Bag Organizers | Hooks for Every Need 🛒,FENNIDICE,2026-04-05,2027-04-05,15.41%,5000.0,5000.0,42,800,false
[B0DH8GTGZF],amzn1.campaign.34PQXJLEUY59M,"Partner and Promote Ayurvedic Tea Tree Soap for Clear, Healthy Skin!",iHeart Nature,2026-04-08,2027-01-02,25.00%,25000.0,25000.0,2,800,false
[B0DH51RT8D],amzn1.campaign.3EEFNNF462D1G,Share the Soothing Power of Ayurvedic Lavender Soap,iHeart Nature,2026-04-08,2027-01-02,25.00%,25000.0,25000.0,2,800,false
[B0DD4LV2LT],amzn1.campaign.22QWJ9GS9DT3,Partner with I Heart Nature: Ayurvedic Turmeric & Clove Soap for Radiant Skin,iHeart Nature,2026-04-08,2027-01-02,25.00%,25000.0,24993.02,0,800,false
"[B0GBWYGQRK, B0GBWRY8VJ, B0GCF7R2SR, B0GBX9DH1F, B0GBW9RGCX, B0GBWDVZ7H, B0GBWV3H91, B0GBX4WQNZ, B0GBX1QKLW, B0GBWV3H8J, B0GBWLPM1Z, B0GBWM8Y6P, B0GBW8F8QX, B0GBWMTPVL, B0GBX8MYNB]",amzn1.campaign.3PMNIWCCZD2HF,🧩 Practical Bogg Bag Organizers | Hooks for Every Need 🛒,FENNIDICE,2026-04-05,2027-04-05,15.40%,5000.0,5000.0,46,800,false
"[B0GBWYGQRK, B0GBWRY8VJ, B0GCF7R2SR, B0GBX9DH1F, B0GBW9RGCX, B0GBWDVZ7H, B0GBWV3H91, B0GBX4WQNZ, B0GBX1QKLW, B0GBWV3H8J, B0GBWLPM1Z, B0GBWM8Y6P, B0GBW8F8QX, B0GBWMTPVL, B0GBX8MYNB]",amzn1.campaign.2ISRYGKPM756Z,🧩 Practical Bogg Bag Organizers | Hooks for Every Need 🛒,FENNIDICE,2026-04-05,2027-04-05,15.39%,5000.0,5000.0,42,800,false
"[B07QD1LNRX, B0813SQMS5, B07QB3ZF5S, B07QCYV7M7, B0813SPQQR, B0813T5316]",amzn1.campaign.1MOBUTB64X8WU,Top Selling Embark Sports Dog Harness Breathable Lightweight No Pull,Embark Pets,2026-04-08,2027-04-08,15.00%,100000.0,99996.4,0,800,false
"[B0GBWYGQRK, B0GBWRY8VJ, B0GCF7R2SR, B0GBX9DH1F, B0GBW9RGCX, B0GBWDVZ7H, B0GBWV3H91, B0GBX4WQNZ, B0GBX1QKLW, B0GBWV3H8J, B0GBWLPM1Z, B0GBWM8Y6P, B0GBW8F8QX, B0GBWMTPVL, B0GBX8MYNB]",amzn1.campaign.13NYD7P1PY9PJ,🧩 Practical Bogg Bag Organizers | Hooks for Every Need 🛒,FENNIDICE,2026-04-05,2027-04-05,15.38%,5000.0,5000.0,40,800,false
"[B0GBWYGQRK, B0GBWRY8VJ, B0GCF7R2SR, B0GBX9DH1F, B0GBW9RGCX, B0GBWDVZ7H, B0GBWV3H91, B0GBX4WQNZ, B0GBX1QKLW, B0GBWV3H8J, B0GBWLPM1Z, B0GBWM8Y6P, B0GBW8F8QX, B0GBWMTPVL, B0GBX8MYNB]",amzn1.campaign.1YN1FQTOAZIT9,🧩 Practical Bogg Bag Organizers | Hooks for Every Need 🛒,FENNIDICE,2026-04-05,2027-04-05,15.37%,5000.0,5000.0,43,800,false
"[B0GBWYGQRK, B0GBWRY8VJ, B0GCF7R2SR, B0GBX9DH1F, B0GBW9RGCX, B0GBWDVZ7H, B0GBWV3H91, B0GBX4WQNZ, B0GBX1QKLW, B0GBWV3H8J, B0GBWLPM1Z, B0GBWM8Y6P, B0GBW8F8QX, B0GBWMTPVL, B0GBX8MYNB]",amzn1.campaign.2DQUZSP75J6SJ,🧩 Practical Bogg Bag Organizers | Hooks for Every Need 🛒,FENNIDICE,2026-04-05,2027-04-05,15.36%,5000.0,5000.0,41,800,false
"[B0FLTDBJZB, B0FSKTMW7L]",amzn1.campaign.16Z8ZF09YHU0V,Free Pro Collar • Earn & Save 10% For Life,Petjoy,2026-04-08,2027-04-08,10.00%,99999.0,99987.0,0,800,false
"[B0GBWYGQRK, B0GBWRY8VJ, B0GCF7R2SR, B0GBX9DH1F, B0GBW9RGCX, B0GBWDVZ7H, B0GBWV3H91, B0GBX4WQNZ, B0GBX1QKLW, B0GBWV3H8J, B0GBWLPM1Z, B0GBWM8Y6P, B0GBW8F8QX, B0GBWMTPVL, B0GBX8MYNB]",amzn1.campaign.3962GOBGZKE7G,🧩 Practical Bogg Bag Organizers | Hooks for Every Need 🛒,FENNIDICE,2026-04-05,2027-04-05,15.35%,5000.0,5000.0,42,800,false
"[B0GBWYGQRK, B0GBWRY8VJ, B0GCF7R2SR, B0GBX9DH1F, B0GBW9RGCX, B0GBWDVZ7H, B0GBWV3H91, B0GBX4WQNZ, B0GBX1QKLW, B0GBWV3H8J, B0GBWLPM1Z, B0GBWM8Y6P, B0GBW8F8QX, B0GBWMTPVL, B0GBX8MYNB]",amzn1.campaign.A0Y3CRHVM7PL,🧩 Practical Bogg Bag Organizers | Hooks for Every Need 🛒,FENNIDICE,2026-04-05,2027-04-05,15.34%,5000.0,5000.0,46,800,false
"[B0GBWYGQRK, B0GBWRY8VJ, B0GCF7R2SR, B0GBX9DH1F, B0GBW9RGCX, B0GBWDVZ7H, B0GBWV3H91, B0GBX4WQNZ, B0GBX1QKLW, B0GBWV3H8J, B0GBWLPM1Z, B0GBWM8Y6P, B0GBW8F8QX, B0GBWMTPVL, B0GBX8MYNB]",amzn1.campaign.1DSBD228NUF7T,🧩 Practical Bogg Bag Organizers | Hooks for Every Need 🛒,FENNIDICE,2026-04-05,2027-04-05,15.33%,5000.0,5000.0,40,800,false
"[B0GJDN8GPG, B0GJDR61W5, B0GJDVNPDZ, B0GJF1QW7J, B0GJDZ2XV5, B0GJDZFPH1, B0GJDT6VGS, B0GJDQKH9H]",amzn1.campaign.3N2FLD3LGAZ7Y,5-Piece Rattan Outdoor Furniture Set – Collaboration Opportunity,ORMONO,2026-04-08,2026-10-31,10.00%,5000.0,5000.0,0,800,false
"[B0GBWYGQRK, B0GBWRY8VJ, B0GCF7R2SR, B0GBX9DH1F, B0GBW9RGCX, B0GBWDVZ7H, B0GBWV3H91, B0GBX4WQNZ, B0GBX1QKLW, B0GBWV3H8J, B0GBWLPM1Z, B0GBWM8Y6P, B0GBW8F8QX, B0GBWMTPVL, B0GBX8MYNB]",amzn1.campaign.1ZGHH1L8JHMJZ,🧩 Practical Bogg Bag Organizers | Hooks for Every Need 🛒,FENNIDICE,2026-04-05,2027-04-05,15.32%,5000.0,5000.0,42,800,false
"[B0GBWYGQRK, B0GBWRY8VJ, B0GCF7R2SR, B0GBX9DH1F, B0GBW9RGCX, B0GBWDVZ7H, B0GBWV3H91, B0GBX4WQNZ, B0GBX1QKLW, B0GBWV3H8J, B0GBWLPM1Z, B0GBWM8Y6P, B0GBW8F8QX, B0GBWMTPVL, B0GBX8MYNB]",amzn1.campaign.1G0N5CNW06TG4,🧩 Practical Bogg Bag Organizers | Hooks for Every Need 🛒,FENNIDICE,2026-04-05,2027-04-05,15.31%,5000.0,5000.0,41,800,false
"[B0GFL2MGN1, B0F5PXQ6J8, B0FD2ZXXX6]",amzn1.campaign.PDM7874B1HZL,Earn Passive Income From Your Multi-Dog Content,Petjoy,2026-04-08,2027-04-08,10.00%,99999.0,99992.79,0,800,false
"[B0GBWYGQRK, B0GBWRY8VJ, B0GCF7R2SR, B0GBX9DH1F, B0GBW9RGCX, B0GBWDVZ7H, B0GBWV3H91, B0GBX4WQNZ, B0GBX1QKLW, B0GBWV3H8J, B0GBWLPM1Z, B0GBWM8Y6P, B0GBW8F8QX, B0GBWMTPVL, B0GBX8MYNB]",amzn1.campaign.1PX20XNP1Z9TA,🧩 Practical Bogg Bag Organizers | Hooks for Every Need 🛒,FENNIDICE,2026-04-05,2027-04-05,15.30%,5000.0,5000.0,40,800,false
"[B0GBWYGQRK, B0GBWRY8VJ, B0GCF7R2SR, B0GBX9DH1F, B0GBW9RGCX, B0GBWDVZ7H, B0GBWV3H91, B0GBX4WQNZ, B0GBX1QKLW, B0GBWV3H8J, B0GBWLPM1Z, B0GBWM8Y6P, B0GBW8F8QX, B0GBWMTPVL, B0GBX8MYNB]",amzn1.campaign.190DT50PMLK7S,🧩 Practical Bogg Bag Organizers | Hooks for Every Need 🛒,FENNIDICE,2026-04-05,2027-04-05,15.29%,5000.0,5000.0,40,800,false
"[B0GBWYGQRK, B0GBWRY8VJ, B0GCF7R2SR, B0GBX9DH1F, B0GBW9RGCX, B0GBWDVZ7H, B0GBWV3H91, B0GBX4WQNZ, B0GBX1QKLW, B0GBWV3H8J, B0GBWLPM1Z, B0GBWM8Y6P, B0GBW8F8QX, B0GBWMTPVL, B0GBX8MYNB]",amzn1.campaign.15ATKT3HQV8BR,🧩 Practical Bogg Bag Organizers | Hooks for Every Need 🛒,FENNIDICE,2026-04-05,2027-04-05,15.28%,5000.0,5000.0,38,800,false
"[B0GBWYGQRK, B0GBWRY8VJ, B0GCF7R2SR, B0GBX9DH1F, B0GBW9RGCX, B0GBWDVZ7H, B0GBWV3H91, B0GBX4WQNZ, B0GBX1QKLW, B0GBWV3H8J, B0GBWLPM1Z, B0GBWM8Y6P, B0GBW8F8QX, B0GBWMTPVL, B0GBX8MYNB]",amzn1.campaign.D8LJ3QWO6Y8I,🧩 Practical Bogg Bag Organizers | Hooks for Every Need 🛒,FENNIDICE,2026-04-05,2027-04-05,15.27%,5000.0,5000.0,46,800,false
"[B07JNDF5SL, B07TJZDV45, B07JNQ333T]",amzn1.campaign.786F2G3I3UPH,Top Selling Embark Reflective Dog Harness High Visibility- Affiliate,Embark Pets,2026-04-11,2027-04-11,15.00%,100000.0,100000.0,8,800,false
"[B0GBWYGQRK, B0GBWRY8VJ, B0GCF7R2SR, B0GBX9DH1F, B0GBW9RGCX, B0GBWDVZ7H, B0GBWV3H91, B0GBX4WQNZ, B0GBX1QKLW, B0GBWV3H8J, B0GBWLPM1Z, B0GBWM8Y6P, B0GBW8F8QX, B0GBWMTPVL, B0GBX8MYNB]",amzn1.campaign.VEHPG69Z14ZE,🧩 Practical Bogg Bag Organizers | Hooks for Every Need 🛒,FENNIDICE,2026-04-05,2027-04-05,15.26%,5000.0,5000.0,47,800,false
"[B0GFVJ5K46, B0GFVYBP57, B0GFVRM2DK, B0GFVJ8C4W, B0GFWNCKLB]",amzn1.campaign.10KBTQ1W6DT8K,4-Piece Rattan Outdoor Furniture Set – Collaboration Opportunity,ORMONO,2026-04-08,2026-10-31,10.00%,5000.0,4960.1,0,800,false
"[B0GBWYGQRK, B0GBWRY8VJ, B0GCF7R2SR, B0GBX9DH1F, B0GBW9RGCX, B0GBWDVZ7H, B0GBWV3H91, B0GBX4WQNZ, B0GBX1QKLW, B0GBWV3H8J, B0GBWLPM1Z, B0GBWM8Y6P, B0GBW8F8QX, B0GBWMTPVL, B0GBX8MYNB]",amzn1.campaign.2RUI18YUI8SUK,🧩 Practical Bogg Bag Organizers | Hooks for Every Need 🛒,FENNIDICE,2026-04-05,2027-04-05,15.25%,5000.0,5000.0,42,800,false
"[B0GBWYGQRK, B0GBWRY8VJ, B0GCF7R2SR, B0GBX9DH1F, B0GBW9RGCX, B0GBWDVZ7H, B0GBWV3H91, B0GBX4WQNZ, B0GBX1QKLW, B0GBWV3H8J, B0GBWLPM1Z, B0GBWM8Y6P, B0GBW8F8QX, B0GBWMTPVL, B0GBX8MYNB]",amzn1.campaign.2L5NT879I8BV3,🧩 Practical Bogg Bag Organizers | Hooks for Every Need 🛒,FENNIDICE,2026-04-05,2027-04-05,15.24%,5000.0,5000.0,43,800,false
"[B0GBWYGQRK, B0GBWRY8VJ, B0GCF7R2SR, B0GBX9DH1F, B0GBW9RGCX, B0GBWDVZ7H, B0GBWV3H91, B0GBX4WQNZ, B0GBX1QKLW, B0GBWV3H8J, B0GBWLPM1Z, B0GBWM8Y6P, B0GBW8F8QX, B0GBWMTPVL, B0GBX8MYNB]",amzn1.campaign.2V2DUL952DVE9,🧩 Practical Bogg Bag Organizers | Hooks for Every Need 🛒,FENNIDICE,2026-04-05,2027-04-05,15.23%,5000.0,5000.0,42,800,false
"[B0GBWYGQRK, B0GBWRY8VJ, B0GCF7R2SR, B0GBX9DH1F, B0GBW9RGCX, B0GBWDVZ7H, B0GBWV3H91, B0GBX4WQNZ, B0GBX1QKLW, B0GBWV3H8J, B0GBWLPM1Z, B0GBWM8Y6P, B0GBW8F8QX, B0GBWMTPVL, B0GBX8MYNB]",amzn1.campaign.3HHY7OLIFFOMM,🧩 Practical Bogg Bag Organizers | Hooks for Every Need 🛒,FENNIDICE,2026-04-05,2027-04-05,15.22%,5000.0,5000.0,46,800,false
"[B0GBWYGQRK, B0GBWRY8VJ, B0GCF7R2SR, B0GBX9DH1F, B0GBW9RGCX, B0GBWDVZ7H, B0GBWV3H91, B0GBX4WQNZ, B0GBX1QKLW, B0GBWV3H8J, B0GBWLPM1Z, B0GBWM8Y6P, B0GBW8F8QX, B0GBWMTPVL, B0GBX8MYNB]",amzn1.campaign.31U7BCT7G5XTF,🧩 Practical Bogg Bag Organizers | Hooks for Every Need 🛒,FENNIDICE,2026-04-05,2027-04-05,15.21%,5000.0,5000.0,43,800,false
"[B0GBWYGQRK, B0GBWRY8VJ, B0GCF7R2SR, B0GBX9DH1F, B0GBW9RGCX, B0GBWDVZ7H, B0GBWV3H91, B0GBX4WQNZ, B0GBX1QKLW, B0GBWV3H8J, B0GBWLPM1Z, B0GBWM8Y6P, B0GBW8F8QX, B0GBWMTPVL, B0GBX8MYNB]",amzn1.campaign.1C7VHP5DLPX6J,🧩 Practical Bogg Bag Organizers | Hooks for Every Need 🛒,FENNIDICE,2026-04-05,2027-04-05,15.20%,5000.0,5000.0,42,800,false
"[B0GBWYGQRK, B0GBWRY8VJ, B0GCF7R2SR, B0GBX9DH1F, B0GBW9RGCX, B0GBWDVZ7H, B0GBWV3H91, B0GBX4WQNZ, B0GBX1QKLW, B0GBWV3H8J, B0GBWLPM1Z, B0GBWM8Y6P, B0GBW8F8QX, B0GBWMTPVL, B0GBX8MYNB]",amzn1.campaign.1PBVUKQXO4B9D,🧩 Practical Bogg Bag Organizers | Hooks for Every Need 🛒,FENNIDICE,2026-04-05,2027-04-05,15.19%,5000.0,5000.0,41,800,false
"[B0GFW5W7GS, B0GFTNV8XR, B0GFVLZYQQ, B0GFV4QFM3, B0GS9F81HG]",amzn1.campaign.3956EZF79VQ5U,"Outdoor Rattan Chairs Set (10% Commission + $5,000 Budget)",ORMONO,2026-04-08,2026-10-31,10.00%,50000.0,50000.0,2,800,false
"[B0GBWYGQRK, B0GBWRY8VJ, B0GCF7R2SR, B0GBX9DH1F, B0GBW9RGCX, B0GBWDVZ7H, B0GBWV3H91, B0GBX4WQNZ, B0GBX1QKLW, B0GBWV3H8J, B0GBWLPM1Z, B0GBWM8Y6P, B0GBW8F8QX, B0GBWMTPVL, B0GBX8MYNB]",amzn1.campaign.J5YJC7R3V8ZO,🧩 Practical Bogg Bag Organizers | Hooks for Every Need 🛒,FENNIDICE,2026-04-05,2027-04-05,15.18%,5000.0,5000.0,47,800,false
"[B0GBWYGQRK, B0GBWRY8VJ, B0GCF7R2SR, B0GBX9DH1F, B0GBW9RGCX, B0GBWDVZ7H, B0GBWV3H91, B0GBX4WQNZ, B0GBX1QKLW, B0GBWV3H8J, B0GBWLPM1Z, B0GBWM8Y6P, B0GBW8F8QX, B0GBWMTPVL, B0GBX8MYNB]",amzn1.campaign.SB5BUJUHEZPV,🧩 Practical Bogg Bag Organizers | Hooks for Every Need 🛒,FENNIDICE,2026-04-05,2027-04-05,15.18%,5000.0,5000.0,47,800,false
"[B0GBWYGQRK, B0GBWRY8VJ, B0GCF7R2SR, B0GBX9DH1F, B0GBW9RGCX, B0GBWDVZ7H, B0GBWV3H91, B0GBX4WQNZ, B0GBX1QKLW, B0GBWV3H8J, B0GBWLPM1Z, B0GBWM8Y6P, B0GBW8F8QX, B0GBWMTPVL, B0GBX8MYNB]",amzn1.campaign.2YP8H0J4YCHSK,🧩 Practical Bogg Bag Organizers | Hooks for Every Need 🛒,FENNIDICE,2026-04-05,2027-04-05,15.17%,5000.0,5000.0,44,800,false
"[B0GBWYGQRK, B0GBWRY8VJ, B0GCF7R2SR, B0GBX9DH1F, B0GBW9RGCX, B0GBWDVZ7H, B0GBWV3H91, B0GBX4WQNZ, B0GBX1QKLW, B0GBWV3H8J, B0GBWLPM1Z, B0GBWM8Y6P, B0GBW8F8QX, B0GBWMTPVL, B0GBX8MYNB]",amzn1.campaign.3F2BD1FT5CGV7,🧩 Practical Bogg Bag Organizers | Hooks for Every Need 🛒,FENNIDICE,2026-04-05,2027-04-05,15.16%,5000.0,5000.0,47,800,false
"[B0GBWYGQRK, B0GBWRY8VJ, B0GCF7R2SR, B0GBX9DH1F, B0GBW9RGCX, B0GBWDVZ7H, B0GBWV3H91, B0GBX4WQNZ, B0GBX1QKLW, B0GBWV3H8J, B0GBWLPM1Z, B0GBWM8Y6P, B0GBW8F8QX, B0GBWMTPVL, B0GBX8MYNB]",amzn1.campaign.UYK5QYWMEN5H,🧩 Practical Bogg Bag Organizers | Hooks for Every Need 🛒,FENNIDICE,2026-04-05,2027-04-05,15.15%,5000.0,5000.0,51,800,false
"[B0GBWYGQRK, B0GBWRY8VJ, B0GCF7R2SR, B0GBX9DH1F, B0GBW9RGCX, B0GBWDVZ7H, B0GBWV3H91, B0GBX4WQNZ, B0GBX1QKLW, B0GBWV3H8J, B0GBWLPM1Z, B0GBWM8Y6P, B0GBW8F8QX, B0GBWMTPVL, B0GBX8MYNB]",amzn1.campaign.AZLDQ04TRBJC,🧩 Practical Bogg Bag Organizers | Hooks for Every Need 🛒,FENNIDICE,2026-04-05,2027-04-05,15.14%,5000.0,5000.0,48,800,false
"[B0GBWYGQRK, B0GBWRY8VJ, B0GCF7R2SR, B0GBX9DH1F, B0GBW9RGCX, B0GBWDVZ7H, B0GBWV3H91, B0GBX4WQNZ, B0GBX1QKLW, B0GBWV3H8J, B0GBWLPM1Z, B0GBWM8Y6P, B0GBW8F8QX, B0GBWMTPVL, B0GBX8MYNB]",amzn1.campaign.373X9LHAX7VGD,🧩 Practical Bogg Bag Organizers | Hooks for Every Need 🛒,FENNIDICE,2026-04-05,2027-04-05,15.13%,5000.0,5000.0,44,800,false
"[B0GBWYGQRK, B0GBWRY8VJ, B0GCF7R2SR, B0GBX9DH1F, B0GBW9RGCX, B0GBWDVZ7H, B0GBWV3H91, B0GBX4WQNZ, B0GBX1QKLW, B0GBWV3H8J, B0GBWLPM1Z, B0GBWM8Y6P, B0GBW8F8QX, B0GBWMTPVL, B0GBX8MYNB]",amzn1.campaign.1KNJ0HP9YKOLC,🧩 Practical Bogg Bag Organizers | Hooks for Every Need 🛒,FENNIDICE,2026-04-05,2027-04-05,15.12%,5000.0,5000.0,42,800,false
"[B0GBWYGQRK, B0GBWRY8VJ, B0GCF7R2SR, B0GBX9DH1F, B0GBW9RGCX, B0GBWDVZ7H, B0GBWV3H91, B0GBX4WQNZ, B0GBX1QKLW, B0GBWV3H8J, B0GBWLPM1Z, B0GBWM8Y6P, B0GBW8F8QX, B0GBWMTPVL, B0GBX8MYNB]",amzn1.campaign.24O6IG6OWXEMN,🧩 Practical Bogg Bag Organizers | Hooks for Every Need 🛒,FENNIDICE,2026-04-05,2027-04-05,15.11%,5000.0,5000.0,44,800,false
"[B0GBWYGQRK, B0GBWRY8VJ, B0GCF7R2SR, B0GBX9DH1F, B0GBW9RGCX, B0GBWDVZ7H, B0GBWV3H91, B0GBX4WQNZ, B0GBX1QKLW, B0GBWV3H8J, B0GBWLPM1Z, B0GBWM8Y6P, B0GBW8F8QX, B0GBWMTPVL, B0GBX8MYNB]",amzn1.campaign.II5OAWCEU00G,🧩 Practical Bogg Bag Organizers | Hooks for Every Need 🛒,FENNIDICE,2026-04-05,2027-04-05,15.10%,5000.0,5000.0,50,800,false
"[B0GBWYGQRK, B0GBWRY8VJ, B0GCF7R2SR, B0GBX9DH1F, B0GBW9RGCX, B0GBWDVZ7H, B0GBWV3H91, B0GBX4WQNZ, B0GBX1QKLW, B0GBWV3H8J, B0GBWLPM1Z, B0GBWM8Y6P, B0GBW8F8QX, B0GBWMTPVL, B0GBX8MYNB]",amzn1.campaign.2JAYW1PJGGR6T,🧩 Practical Bogg Bag Organizers | Hooks for Every Need 🛒,FENNIDICE,2026-04-05,2027-04-05,15.09%,5000.0,5000.0,45,800,false
"[B0GBWYGQRK, B0GBWRY8VJ, B0GCF7R2SR, B0GBX9DH1F, B0GBW9RGCX, B0GBWDVZ7H, B0GBWV3H91, B0GBX4WQNZ, B0GBX1QKLW, B0GBWV3H8J, B0GBWLPM1Z, B0GBWM8Y6P, B0GBW8F8QX, B0GBWMTPVL, B0GBX8MYNB]",amzn1.campaign.266FDTZFH0MVU,🧩 Practical Bogg Bag Organizers | Hooks for Every Need 🛒,FENNIDICE,2026-04-05,2027-04-05,15.08%,5000.0,5000.0,44,800,false
"[B0GBWYGQRK, B0GBWRY8VJ, B0GCF7R2SR, B0GBX9DH1F, B0GBW9RGCX, B0GBWDVZ7H, B0GBWV3H91, B0GBX4WQNZ, B0GBX1QKLW, B0GBWV3H8J, B0GBWLPM1Z, B0GBWM8Y6P, B0GBW8F8QX, B0GBWMTPVL, B0GBX8MYNB]",amzn1.campaign.127FS3KF5CV0A,🧩 Practical Bogg Bag Organizers | Hooks for Every Need 🛒,FENNIDICE,2026-04-05,2027-04-05,15.07%,5000.0,5000.0,43,800,false
"[B0GBWYGQRK, B0GBWRY8VJ, B0GCF7R2SR, B0GBX9DH1F, B0GBW9RGCX, B0GBWDVZ7H, B0GBWV3H91, B0GBX4WQNZ, B0GBX1QKLW, B0GBWV3H8J, B0GBWLPM1Z, B0GBWM8Y6P, B0GBW8F8QX, B0GBWMTPVL, B0GBX8MYNB]",amzn1.campaign.4530QVWJUKBD,🧩 Practical Bogg Bag Organizers | Hooks for Every Need 🛒,FENNIDICE,2026-04-05,2027-04-05,15.06%,5000.0,5000.0,48,800,false
"[B0GBWYGQRK, B0GBWRY8VJ, B0GCF7R2SR, B0GBX9DH1F, B0GBW9RGCX, B0GBWDVZ7H, B0GBWV3H91, B0GBX4WQNZ, B0GBX1QKLW, B0GBWV3H8J, B0GBWLPM1Z, B0GBWM8Y6P, B0GBW8F8QX, B0GBWMTPVL, B0GBX8MYNB]",amzn1.campaign.JLC4DKZSRLYJ,🧩 Practical Bogg Bag Organizers | Hooks for Every Need 🛒,FENNIDICE,2026-04-05,2027-04-05,15.05%,5000.0,5000.0,51,800,false
"[B0GBWYGQRK, B0GBWRY8VJ, B0GCF7R2SR, B0GBX9DH1F, B0GBW9RGCX, B0GBWDVZ7H, B0GBWV3H91, B0GBX4WQNZ, B0GBX1QKLW, B0GBWV3H8J, B0GBWLPM1Z, B0GBWM8Y6P, B0GBW8F8QX, B0GBWMTPVL, B0GBX8MYNB]",amzn1.campaign.QO3NN6ZQK0O1,🧩 Practical Bogg Bag Organizers | Hooks for Every Need 🛒,FENNIDICE,2026-04-05,2027-04-05,15.04%,5000.0,5000.0,50,800,false
"[B0GBWYGQRK, B0GBWRY8VJ, B0GCF7R2SR, B0GBX9DH1F, B0GBW9RGCX, B0GBWDVZ7H, B0GBWV3H91, B0GBX4WQNZ, B0GBX1QKLW, B0GBWV3H8J, B0GBWLPM1Z, B0GBWM8Y6P, B0GBW8F8QX, B0GBWMTPVL, B0GBX8MYNB]",amzn1.campaign.34Q8DW8DHEW3Z,🧩 Practical Bogg Bag Organizers | Hooks for Every Need 🛒,FENNIDICE,2026-04-05,2027-04-05,15.03%,5000.0,5000.0,44,800,false
"[B0GBWYGQRK, B0GBWRY8VJ, B0GCF7R2SR, B0GBX9DH1F, B0GBW9RGCX, B0GBWDVZ7H, B0GBWV3H91, B0GBX4WQNZ, B0GBX1QKLW, B0GBWV3H8J, B0GBWLPM1Z, B0GBWM8Y6P, B0GBW8F8QX, B0GBWMTPVL, B0GBX8MYNB]",amzn1.campaign.1073OSVTE8I2U,🧩 Practical Bogg Bag Organizers | Hooks for Every Need 🛒,FENNIDICE,2026-04-05,2027-04-05,15.02%,5000.0,5000.0,38,800,false
"[B0GBWYGQRK, B0GBWRY8VJ, B0GCF7R2SR, B0GBX9DH1F, B0GBW9RGCX, B0GBWDVZ7H, B0GBWV3H91, B0GBX4WQNZ, B0GBX1QKLW, B0GBWV3H8J, B0GBWLPM1Z, B0GBWM8Y6P, B0GBW8F8QX, B0GBWMTPVL, B0GBX8MYNB]",amzn1.campaign.1JFA9XB4C6FR,🧩 Practical Bogg Bag Organizers | Hooks for Every Need 🛒,FENNIDICE,2026-04-05,2027-04-05,15.01%,5000.0,5000.0,42,800,false
"[B0GBWYGQRK, B0GBWRY8VJ, B0GCF7R2SR, B0GBX9DH1F, B0GBW9RGCX, B0GBWDVZ7H, B0GBWV3H91, B0GBX4WQNZ, B0GBX1QKLW, B0GBWV3H8J, B0GBWLPM1Z, B0GBWM8Y6P, B0GBW8F8QX, B0GBWMTPVL, B0GBX8MYNB]",amzn1.campaign.172EH6FLI1YRS,🧩 Practical Bogg Bag Organizers | Hooks for Every Need 🛒,FENNIDICE,2026-04-05,2027-04-05,15.00%,5000.0,5000.0,42,800,false
"[B07JNLHT8C, B07TJ1R4MZ]",amzn1.campaign.173ESEG1HY25D,Top Selling Embark Reflective Dog Collar High Visibility Night Safety- Affiliate,Embark Pets,2026-04-08,2027-04-08,15.00%,100000.0,100000.0,5,800,false
"[B0CRH845K9, B0FT131LXD, B0DT4HQB5H, B0DT4H8LDG, B0CRH8HB19, B0DQXGCGMT, B0FX2D2V1J, B0DPZLCCKF, B0CRH5XYTV, B0DQXJMQDT, B0FVF3PD1W, B0GF242YYF, B0GF27DF24, B0DB85MQF7, B0CRH81F6C, B0DQXKD9V4, B0DT4HNYGX, B0DT4J1X79, B0CRH6NCSG, B0DQXLPMM1, B0DT4GYPH1, B0GF2CWYM7, B0DB87XDJD]",amzn1.campaign.15MLQC4IHFMUB,"40-Hour Countdown! memKiya Picnic Mat – ""Water-Repellent"" for Rooftop Picnics",memKiya,2026-04-08,2026-10-08,10.00%,5000.0,5000.0,21,800,false
[B01IEJHJWK],amzn1.campaign.2SVCGTSAUJ9O7,High-Converting Travel Pillow – Creators Earning Now,Dot&Dot,2026-04-08,2027-04-08,15.00%,100000.0,99996.25,0,800,false
"[B0DK1BSZ35, B0DRBCPSNX, B0G1M6JDG6, B0GDSKRLZJ, B0CHDJTVGK, B0CR14PXG8, B0GDSW2ZC7, B0CHDN9FCC, B0GDTK11DF, B0DK1CMJB1, B0CHDBN3Z1, B0GDT73RTB, B0DB4TYP1S, B0GDSF35T6, B0CHDLNCLB, B0GDT17PTG, B0CHDK386Y, B0GDT4WXX8, B0CHDVNQ51, B0CHY5BTR6, B0GDSNCSX7, B0GDT1R329, B0GDSM7TSW, B0GDSQGKZT, B0GDT4YR4S, B0GDT5GY49, B0GDTDS2VT, B0DR8TD221, B0GDSH26Q5, B0GDSR9YT3, B0CHY5B2TG, B0G6S3Y14L, B0GDTBNH2K, B0GDTK14CZ, B0GDSLD8HS, B0FZ7S5N7Y, B0GDSQ42WH, B0GDT6XHJM, B0G1M9DXVK, B0GDT5P2CP, B0GDT1FZY1]",amzn1.campaign.29E27OW3PLQBN,Last 2 Spots! memKiya 3-Piece Picnic Set—Parent-Approved for Tiny Essentials,memKiya,2026-04-08,2026-10-08,10.00%,5000.0,5000.0,20,800,false
[B075QPNKLS],amzn1.campaign.F6RKIG7PA4LM,High-Converting Travel Bottles Creators Are Promoting,Dot&Dot,2026-04-08,2027-04-08,15.00%,100000.0,100000.0,0,800,false
[B08161DGXC],amzn1.campaign.25YKKJ4ZBJJ6I,High-Converting Packing Cubes - Creators Earning Now,Dot&Dot,2026-04-08,2027-04-08,15.00%,100000.0,100000.0,0,800,false
"[B0GPY25TFZ, B0GPXZV49S, B0GPY9WZMC, B0GPXZFZ7Y, B0GPXXQKN7, B0GPYH18YJ, B0GPXWQ7B4, B0GPXX3RTH, B0GPY9KBB3, B0GPXS7FBT, B0GPY9CWDN, B0GPY3G83T, B0GPY9BQ9C, B0GPY1XLXY, B0GPXXTDCN, B0GPXSBK8D, B0GPY9CZ71, B0GPY42ZR3, B0GPYB1Z83, B0GPY7JQNQ, B0GPY1KTVP, B0GPY1R2SR, B0GPYH6WT6, B0GPXWSDZ2, B0GPY1JDQK]",amzn1.campaign.2R2NCOZYIYYOV,2026 World Cup Soccer Tee – Game Day Must Have,AIYINO,2026-04-08,2026-09-30,10.00%,8000.0,7948.51,0,800,false
"[B0GL2G9GH8, B0FRSSDNR6, B0GJF1MYWX, B0FRST4NSR, B0GL2PW7XV, B0GLQ2QW4Y]",amzn1.campaign.2QP4PS9HOMZ36,Pest Repellent and Killer Sprays for Home,GoneNaturally,2026-04-08,2027-04-08,20.00%,5000.0,5000.0,0,800,false
"[B0GGH5Z1RC, B0GSZ5M3W8, B0GSZ7ZMLH, B0GSZ9R5DZ, B0GSZBVW7G, B0GSZC6DYX, B0GGH6BVVR, B0GSZBKBKM, B0GSZ7ZFG5, B0GGHF2F4F, B0GGGR76J6, B0GGH5183V, B0GGH2TB2M, B0GGHB7N3D, B0GGH2MF86, B0GSZ7NVPT, B0GSZ7FKTS, B0GGH5YTK5, B0GGGRB4FV, B0GSZ9MQNB, B0GGH2RQHP, B0GGHFRBDM, B0GSZHJB12, B0GGGRD7G1, B0GGGXN38Z, B0GGHB2JZR, B0GSZCD97S, B0GGH1YNN3, B0GSZ3FJSX, B0GGGRDXBW, B0GGH31HMS, B0GSZ5P9SY, B0GGH2V19X, B0GGHF71NV, B0GGGYC115, B0GGH5954V, B0GGH2BZJT, B0GSZ7DP42, B0GSZ711DF, B0GGH5GPM5, B0GSZ5MX3Z, B0GSZDFRY2, B0GGH2FLNZ, B0GGHB7TMY, B0GSZHM53S, B0GGH2LCSR, B0GSZ496MQ, B0GGGR9XNN, B0GGH2J3C5, B0GSZC4451, B0GGH2P6SG, B0GGGXTPC8, B0GSZDRBBM, B0GSZ4H8SP, B0GGH5TXXN, B0GGGY2DGV, B0GGHBLXNB, B0GGHB1FKD, B0GSZ2SHKK]",amzn1.campaign.12XEYCZMHAZ02,Monthly Sales 5000+ Commission 12% Promote B0GSZ7FKTS Magnetic Phone Case,Fsoole,2026-04-08,2027-04-08,12.00%,8000.0,7983.29,0,800,false
"[B0FRSK3TCG, B0FRSNRM1D, B0FRSS6XD6]",amzn1.campaign.2ZZK9QNZR8OG6,"Flea, Tick, and Bed Bug Sprays, Scentless",GoneNaturally,2026-04-08,2027-04-07,20.00%,10000.0,10000.0,0,800,false
"[B0FL7YBXR4, B0FL97QCXG, B0FL9GFTXS, B0FL8YK6DT, B0FDQN4HZR]",amzn1.campaign.NU90X55OVM8E,iPhone 17 Series Magnetic Case with 9H Tempered Glass Privacy Screen Protector,CENHUFO,2026-04-08,2027-04-08,10.00%,10000.0,9930.98,0,800,false
[B0G3CM1B1T],amzn1.campaign.62U3QJQI4499,25% Commission Teeth Whitening Pen for Sensitive Teeth and Easy Use,LUELLI,2026-04-15,2026-10-25,25.00%,100000.0,99977.5,0,800,false
"[B0G93JY9D8, B0G93RK7RW, B0G929FMZK]",amzn1.campaign.VF54EJKHFU3L,Earn 20% Commission | SLANA Elbow Wraps for Weightlifting,SLANA,2026-04-08,2027-03-01,20.00%,1000000.0,1000000.0,10,800,false
"[B0GDQZM4D1, B0GDQZDTBR]",amzn1.campaign.2RHPKQVI3XRIJ,Earn 20% Commission| Handheld Running Water Bottle,SLANA,2026-04-08,2027-03-02,20.00%,1000000.0,1000000.0,0,800,false
"[B0G2M7WZKY, B0G2M9Q1C7, B0G2MDS464, B0G2MCCQK8, B0G2MCFRX6]",amzn1.campaign.2S4X1UZMOGEHV,Earn 20% Commission | Fast-Drying Liquid Gym Chalk,SLANA,2026-04-08,2027-03-10,20.00%,1000000.0,1000000.0,0,800,false
[B0G44NFK3H],amzn1.campaign.1L6QSY7KX0221,Earn 20% Commission | Gym Wipes|Fitness Equipment,SLANA,2026-04-08,2027-03-01,20.00%,1000000.0,1000000.0,0,800,false
"[B0DRG2KHWQ, B0DRG2XPMB, B0DRG2FPSP, B0DRG1KK3P, B0F1K7JC35]",amzn1.campaign.2R1IXPWO9A0J3,"TENIBYC 3sxxm5x7,8.5x11,9x12,12x18,13x19, - 20%",TENIBYC,2026-04-08,2027-04-08,20.00%,5000.0,4928.5,0,800,false
"[B0GRWKZKRH, B0F1GC415C, B0G2SZD1VG, B0GRWDNJ99]",amzn1.campaign.648V6N88D0G2,15% Commission Knee Brace with Side Stabilizers and Gel Pad for Support,Fit Geno,2026-04-15,2026-09-25,15.00%,100000.0,99931.36,0,800,false
"[B0FZDRKNG9, B0FZDNWYDG, B0GR1VXQH3, B0F8C2Z9L7]",amzn1.campaign.1L1BT2LRCV5O5,15% Commission Women’s Lumbar Support Back Brace for Daily Comfort Wear,Fit Geno,2026-04-15,2026-10-25,15.00%,100000.0,99949.15,0,800,false
[B0GLN6YZY5],amzn1.campaign.2QXS4Y5YJV9JJ,"$80 Automatic Curtain Opener – 10% Commission, Easy Install, 3 Track Support",UUlianbot,2026-04-10,2027-01-31,10.00%,5000.0,5000.0,0,800,false
"[B0FTZWBZT7, B0DTMHTH46]",amzn1.campaign.24UG1O0TMDZQQ,15% Commission Women’s Adjustable Posture Corrector for Everyday Support,Fit Geno,2026-04-15,2026-09-25,15.00%,100000.0,99986.73,0,800,false
[B0GLN6YZY5],amzn1.campaign.2SGVVGF1TZ2Y3,"$80 Automatic Curtain Opener – 10% Commission, Easy Install, 3 Track Support",UUlianbot,2026-04-08,2026-11-30,10.00%,5000.0,4958.4,2,800,false
"[B09TW5MZ9K, B0DS645ZB5, B0DS6492T1, B0CCS7K83C]",amzn1.campaign.24RI3ZJHFKKFK,本子笔芯 2026-4-06开启,Monking,2026-04-08,2027-04-08,10.00%,5000.0,4959.64,7,800,false
"[B0GSPP9VXC, B0GSPQ2H2F, B0GSPRPF4R, B0GSQ7GHG9, B0GSPLHM7Z]",amzn1.campaign.2CQDDHBPWFEJQ,"5,000+ orders Monthly|10% comm| B0GSQ7GHG9|Endless Gold Thin Hoop Earrings",Senteria,2026-04-08,2026-12-31,10.00%,5000.0,4932.91,0,800,false
"[B0DKXYCF8F, B0DKXZZLXG]",amzn1.campaign.1JH6PWLM9NQ3G,红蓝色转盘,Mkzruulf,2026-04-08,2026-09-30,10.00%,5000.0,4989.07,15,800,false
[B0G528HRJM],amzn1.campaign.1GFT4LU9LNYV3,12% Commission - Turkey Tail Mushroom Vitamins Formula for Pets.,ProPetail,2026-04-08,2026-12-31,12.00%,5000.0,5000.0,7,800,false
[B0FBSTL7G1],amzn1.campaign.3F6QYS6WX4KIR,20% Commission – MORA Dry Cleansing Pads | Travel Friendly Makeup Removal Pads,bravo health,2026-04-08,2027-04-08,20.00%,100000.0,99997.0,0,800,false
"[B0FTBK9VKQ, B0FTBDS5Q2, B0FTBKDKRP, B0FTBJ74HN, B0G4SFGH3X]",amzn1.campaign.2DWMWD2WV9PYX,15% Commission Heavy Duty Arch Support Insoles for Daily Comfort and Support,Fit Geno,2026-04-15,2026-09-25,15.00%,100000.0,99987.85,1,800,false
[B0G528HRJM],amzn1.campaign.2S0V4DQUJSCK9,10% Commission - Turkey Tail Mushroom Vitamins Formula for Pets.,ProPetail,2026-04-08,2026-12-31,10.00%,5000.0,5000.0,13,800,false
"[B0GJRFQJRN, B0GJRB3MN8, B0GJRQ671K]",amzn1.campaign.2OUU0N06855CV,KSF Four Leaf Earrings for Women,KSF,2026-04-08,2026-12-31,10.00%,5000.0,4988.82,0,800,false
[B0G84B7R6X],amzn1.campaign.1BAKFJF2NKIIQ,15% Commission Sciatica Compression Brace with Dual Pads for Daily Support,Fit Geno,2026-04-15,2026-10-25,15.00%,100000.0,99988.87,1,800,false
"[B0GKC8WVZL, B0D6258C1X, B0FJF8HD6Y, B0FPBYSKBV, B0FPBZDMX2, B0G1KCZ858, B0GSZFX6FH, B0G48ZP2PC, B0FHH5L58M, B0FKGFQGVZ, B0D61YZVK9, B0GQ3D6DPF, B0GQ39CHBX, B0GTV61272, B0D62M7MTH, B0FJFCHMYK, B0GR5T1LV3, B0G492ZSJW, B0FL26ZWKJ, B0GGGHTMFB, B0DCNTGV14, B0FKFNHCCL, B0FM292STK, B0FPC13XS8, B0G494RV33, B0G48V4FY3, B0G1KJ3WCZ, B0FJFD33KG, B0G1KS3MWK, B0FKT6X3BR, B0GQ329RS4, B0FJFPFHMG, B0GSZKF9ZP, B0G495CLLY, B0G48ZFG81, B0FL25XQD2, B0DCNXN9TT, B0G49MPNY5, B0D62PP9R8, B0FKG59Y39, B0FMRL62PD, B0G492KP3S, B0FL229QMC, B0G1KS7QRM, B0G1KS7QRP, B0FKG646H1, B0FKG2LLW3, B0G1KQXWTJ, B0FPBZM9Z4, B0G1KT58K1, B0FPBYZR7P, B0G4952VTT, B0G1LFLJ4Q, B0G1KTWL3S, B0D62PK11P, B0G494PCW7, B0GQ36H9LX, B0FJFR8NJ4, B0FKT97CWJ, B0G48TNN5B, B0FPBZM9ZJ, B0G492XJCC, B0D624DDQ1, B0FL25RP4J, B0G1LJBMRD, B0FJLKJ69F, B0D62Q8W9S, B0GF8G8VQV, B0G1KRN988, B0G492D668, B0GTVB34L9, B0FPC11CSH, B0G49KGQKB, B0G1KR8RKD, B0FJF91P45, B0G1KQQ5DM, B0GQ339WHG, B0GF8F348S, B0G48T41L6, B0FKT97CWS, B0G1KSRGKX, B0FJFCJGNJ, B0DCNT9T5R, B0GKCY9GM9, B0GJCXVNT3, B0FL27YQMP, B0G494VJPH, B0FJKY3FPR, B0FKFSNYMZ, B0DCNTDRQT, B0G1KTDKN5, B0GF89JL62, B0FKT5JV45, B0G1KN6DG8, B0FPBZPCG8, B0FL24PKP2, B0GGGTFK9F, B0FJFBGRH1, B0G48QBBVH, B0FKT9FDKT, B0G48WN3KQ, B0DCNTXQTL, B0GSZJ1K25, B0FJFBHXRN, B0FX8QVQ1C, B0D62RDDXW, B0FPC1BVCP, B0FHHCKH8Z, B0G494P3VK, B0FJKS2QTS, B0G1LFK6LS, B0FM3Q5CDB, B0FL243THS, B0G1KJ8CP8, B0G495FT8C, B0G1KJ7W9N, B0GF868YM2, B0FPC2RKJX, B0G494RD5V, B0D62PYWXG, B0GTVJ9D26, B0FHHBBNGX, B0GQ3FRJK4, B0FJL7R6WK, B0FM2FZD1X, B0FPC2214P, B0D62PYWXL, B0GQ3KBWJ3, B0FKG17YR7, B0G1KVKD63, B0FJF9Z5Q4, B0G1KD3R9D, B0GSZGMB9R, B0FJFBHBYB, B0GF8DN9GY, B0FPC143NM, B0G1KQC9RR, B0G1KD4NNZ, B0G1LFPFKL, B0G1KTWBG3, B0F7H2KKC5, B0DCNTVSWG, B0FL25VV9L, B0GSZYS7R7, B0GSZKCJ8T, B0FPBZ4XBC, B0FFS71J97, B0G492VDCK, B0F7H2PHNV, B0FJFDW38C, B0FKT2J24C, B0FL2483W8, B0G48WM32F, B0DCNT737D, B0FJLDPYGV, B0FJFCHTBF, B0FL23V1V5, B0FKT61TRK, B0FL241X2L, B0G493SWV1, B0DCNSMGXP, B0FKFXGX4R, B0G1KNZD6L, B0FL22Y972, B0FL23ZZZC, B0FKT68NQW, B0GF8R3ZDG, B0GQ3JNR6K, B0G49J8H8B, B0FHD28HMJ, B0GF8N3WQ8, B0FKT6TZ4K, B0FHD28HMK, B0FHH91WF6, B0FPBYZN86, B0D62RVZQK, B0FPBZY5F2, B0D62NTVH7, B0FPBYX6NR, B0FM3PYGCL, B0D62RVJ3D, B0FJFDYJB5, B0FN4FHD9S, B0G4936M9P, B0GF8HQN4V, B0FL241TJL, B0FM2NN974, B0FJFBC4NT, B0G493XXK8, B0G1KJ7X61, B0FL23DPDW, B0FL27T3FD, B0G49HQGLG, B0FJKPB824, B0FKG9PSRZ, B0FL23PX11, B0FJF9ZGPM, B0G4998RX4, B0GGH1BSP7, B0FJLD88TG, B0FPBYN9Q9, B0FKT9B1JW, B0FKG173B4, B0G1KRL4LV, B0FPC13QP4, B0FJL5HCC2, B0FJFQR9DZ, B0FHH9VZBQ, B0FL2475YZ, B0D62RJ979, B0D62NC1P5, B0FKT4WNRQ, B0D62QQ5X3, B0FPBYXL79, B0FPC18KV5, B0G1KQYP83, B0FKFYPKGC, B0DCNTF6MD, B0FJFC1HQL, B0G499MNMX, B0FLNF5TRD, B0GSZNC46P, B0FJL839WV, B0FKT9PWJ5, B0G494BZ4Y, B0G4963KL6, B0FFR9VRZ6, B0FKT5XRZQ, B0G1KJ8RDS, B0FPBZ57Z6, B0FJFB2VY7, B0FJFB2VY8, B0FJKY51WT, B0FL26YR4L, B0FJKS46J5, B0G48TGDC3, B0FPC31RFP, B0FL238PF3, B0FJFSC73T, B0FL21ZP78, B0FPC1VPKY, B0G48QP15S, B0GSZG6LJR, B0G1KV5NR6, B0DCNT556V, B0FKT2G4XX, B0G48R563V, B0FXDDGM8N, B0FL26QGVK, B0G49KVMJQ, B0FPBZZRR9, B0FKGHTXHV, B0FMRMJDN9, B0D62R8L4M, B0FJL8TSWF, B0G4954RYC, B0FPBZW19V, B0FPC24S8D, B0G1KRWFJT, B0FKT2KH55, B0FM2R8K3B, B0FJKY514G, B0D62T64VR, B0G1KD467S, B0FJL7MY32, B0GL26WPQZ, B0G493NTFX, B0G1KTYH57, B0GGH7CLG5, B0FJF9V7JK, B0DCNXTJSN, B0G1KVFZ8G, B0G1KJ3RH9, B0G1KRNJKT, B0G1KSL828, B0FJL1KDQF, B0G1KT93DZ, B0FL24WNMW, B0FM3MMRPK, B0FL22YJQK, B0FLN8XP2Y, B0FJFB4V4M, B0FHHB32G1, B0FHCYLMGK, B0FJFQ75FP, B0G48ZQLL9, B0DCNTT5X8, B0FLNKKC44, B0G493N7PP, B0G497XQWG, B0FL262F3G, B0FHCZT6G1, B0GKCPX1DF, B0G48Z8XM3, B0FJKYW3SM, B0FM22JQ72, B0FJL8Q7D3, B0FL27C9N4, B0FKT6KJKX, B0FJF8DYZM, B0G1KMBK99, B0FJFDXG5Q, B0FKT9GCWF, B0G1KRZ2X8, B0DCNQRQHF, B0FJFBD4DZ, B0FHH92DG7, B0FJLDBNZC, B0FKG56HGZ, B0FKTBNHLG, B0G48YR3SY, B0FJF9S4GW, B0FM2G5DWQ, B0G1KRNPVK, B0FL223F7V, B0FKT6P529, B0G48VJCDH, B0D62R31SB, B0G48SKT7W, B0G49KB695, B0FKFXHM9D, B0G1KR9MLZ, B0G1KQL9HV, B0FKGFM8NZ, B0G1KVCHC4, B0FL23YSCQ, B0FKT6187R, B0DCNWP95M, B0FKT63Y31, B0FPBYMRM1, B0D62M1HDX, B0FJF9XSYF, B0FL26J7QX, B0DCNS125M, B0G1KQTL77, B0FKFT4KSH, B0FM2SNM5B, B0GR5V95MX, B0FL24HXQH, B0GF8HMWJ8, B0DCNV9XTF, B0D62L13ZZ, B0FKGFPGC1, B0FL278GJG, B0GGGPC458, B0FL27BGM4, B0FL22Z9HR, B0FL26LJRK, B0FPC153VK, B0G1LDKH95, B0FHH92L98, B0FKFSRZ27, B0GGGZ16C9, B0FFS4YKFM, B0FM3NF48M, B0GQ38K8ZD, B0G48XC9JX, B0FJKNZ918, B0FJLHM4KX, B0G4996BK4, B0G1KD3WRQ, B0DCNSQCT9, B0FJF8B8JJ, B0FJKRC2ZM, B0DCNWR6GR, B0FHH8F6QX, B0G1KS9YF6, B0FPC1P858, B0FKGCPH79, B0G1KSLNXM, B0G4939K8M, B0GF8C6TPY, B0F7H4V8T8, B0FJKPKCY7, B0FLNPW3ZD, B0G1LBWPHP, B0FKT6VQLH, B0G493G7JF, B0GSZNC7PC, B0G1KS6FHV, B0G49CMJ44, B0FM2WG4SL, B0GQ3642Q5, B0G1KT7ZQ6, B0FKGCB22L, B0D62S6T95, B0FPBZ8N1T, B0GGH8Q7PC, B0FKFQC1SX, B0FKG18BSD, B0G1KRF1JN, B0FJF9VTL8, B0G1KR9CTW, B0FJKP1RC5, B0FKFQGVPG, B0FM3KRSTC, B0FHH4Q5J4, B0GSZK3SGF, B0FKTBZ49L, B0G1LFSHTF, B0G49GT8PM, B0FL26R8BJ, B0G1KTRG1H, B0G494MLHZ, B0D62RN5RD, B0FL23K4JF, B0FL226YLL, B0GF8LR9C8, B0GSZHPRC7, B0FJFC9ZM4, B0FKT6PSFS, B0G492NV13, B0GSZMH5X2, B0FJFRPC2Z, B0FPC17BWG, B0FM3P5PQ8, B0FHH916VT, B0FKGFQ55Y, B0G49719CX, B0FJFCL2D5, B0FM3Q97VF, B0FJL53542, B0GQ3FFJCQ, B0D62PLJ9K, B0FHD1V22C, B0FKGFNB82, B0D62Q7RLH, B0FJF9VTF6, B0GGGMFZ34, B0G1KS3DJX, B0G492QLSV, B0DCNWVW96, B0D5YK5Y9S, B0FHD42DHC, B0FHHB1SP6, B0DCNVBXQ1, B0G49H5BB8, B0DCNRTHNH, B0GQ3BB2SM, B0FJFBSSNP, B0D62P4R4Q, B0FL26CYQM, B0GF8DRLNG, B0FL221BL3, B0G48ZSKNL, B0G48SNFYC, B0FL23NFBD, B0G1KRZD13, B0G1KRZD14, B0G1KD4H78, B0FM3MWCGH, B0G1KTNS7G, B0G493LRTM, B0D62SVPV2, B0G1KJ77CF, B0GF8G7392, B0FKGJ2P3M, B0FJKRKVH4, B0FPBYVLLV, B0G1KT1RMR]",amzn1.campaign.2F6THDMRQ0T8O,👣 DCX Barefoot Bliss Rug Oasis Campaign 👣,DCX,2026-04-08,2026-11-14,10.00%,5000.0,5000.0,13,800,false
"[B0GKC8WVZL, B0D6258C1X, B0FJF8HD6Y, B0FPBYSKBV, B0FPBZDMX2, B0G1KCZ858, B0GSZFX6FH, B0G48ZP2PC, B0FHH5L58M, B0FKGFQGVZ, B0D61YZVK9, B0GQ3D6DPF, B0GQ39CHBX, B0GTV61272, B0D62M7MTH, B0FJFCHMYK, B0GR5T1LV3, B0G492ZSJW, B0FL26ZWKJ, B0GGGHTMFB, B0DCNTGV14, B0FKFNHCCL, B0FM292STK, B0FPC13XS8, B0G494RV33, B0G48V4FY3, B0G1KJ3WCZ, B0FJFD33KG, B0G1KS3MWK, B0FKT6X3BR, B0GQ329RS4, B0FJFPFHMG, B0GSZKF9ZP, B0G495CLLY, B0G48ZFG81, B0FL25XQD2, B0DCNXN9TT, B0G49MPNY5, B0D62PP9R8, B0FKG59Y39, B0FMRL62PD, B0G492KP3S, B0FL229QMC, B0G1KS7QRM, B0G1KS7QRP, B0FKG646H1, B0FKG2LLW3, B0G1KQXWTJ, B0FPBZM9Z4, B0G1KT58K1, B0FPBYZR7P, B0G4952VTT, B0G1LFLJ4Q, B0G1KTWL3S, B0D62PK11P, B0G494PCW7, B0GQ36H9LX, B0FJFR8NJ4, B0FKT97CWJ, B0G48TNN5B, B0FPBZM9ZJ, B0G492XJCC, B0D624DDQ1, B0FL25RP4J, B0G1LJBMRD, B0FJLKJ69F, B0D62Q8W9S, B0GF8G8VQV, B0G1KRN988, B0G492D668, B0GTVB34L9, B0FPC11CSH, B0G49KGQKB, B0G1KR8RKD, B0FJF91P45, B0G1KQQ5DM, B0GQ339WHG, B0GF8F348S, B0G48T41L6, B0FKT97CWS, B0G1KSRGKX, B0FJFCJGNJ, B0DCNT9T5R, B0GKCY9GM9, B0GJCXVNT3, B0FL27YQMP, B0G494VJPH, B0FJKY3FPR, B0FKFSNYMZ, B0DCNTDRQT, B0G1KTDKN5, B0GF89JL62, B0FKT5JV45, B0G1KN6DG8, B0FPBZPCG8, B0FL24PKP2, B0GGGTFK9F, B0FJFBGRH1, B0G48QBBVH, B0FKT9FDKT, B0G48WN3KQ, B0DCNTXQTL, B0GSZJ1K25, B0FJFBHXRN, B0FX8QVQ1C, B0D62RDDXW, B0FPC1BVCP, B0FHHCKH8Z, B0G494P3VK, B0FJKS2QTS, B0G1LFK6LS, B0FM3Q5CDB, B0FL243THS, B0G1KJ8CP8, B0G495FT8C, B0G1KJ7W9N, B0GF868YM2, B0FPC2RKJX, B0G494RD5V, B0D62PYWXG, B0GTVJ9D26, B0FHHBBNGX, B0GQ3FRJK4, B0FJL7R6WK, B0FM2FZD1X, B0FPC2214P, B0D62PYWXL, B0GQ3KBWJ3, B0FKG17YR7, B0G1KVKD63, B0FJF9Z5Q4, B0G1KD3R9D, B0GSZGMB9R, B0FJFBHBYB, B0GF8DN9GY, B0FPC143NM, B0G1KQC9RR, B0G1KD4NNZ, B0G1LFPFKL, B0G1KTWBG3, B0F7H2KKC5, B0DCNTVSWG, B0FL25VV9L, B0GSZYS7R7, B0GSZKCJ8T, B0FPBZ4XBC, B0FFS71J97, B0G492VDCK, B0F7H2PHNV, B0FJFDW38C, B0FKT2J24C, B0FL2483W8, B0G48WM32F, B0DCNT737D, B0FJLDPYGV, B0FJFCHTBF, B0FL23V1V5, B0FKT61TRK, B0FL241X2L, B0G493SWV1, B0DCNSMGXP, B0FKFXGX4R, B0G1KNZD6L, B0FL22Y972, B0FL23ZZZC, B0FKT68NQW, B0GF8R3ZDG, B0GQ3JNR6K, B0G49J8H8B, B0FHD28HMJ, B0GF8N3WQ8, B0FKT6TZ4K, B0FHD28HMK, B0FHH91WF6, B0FPBYZN86, B0D62RVZQK, B0FPBZY5F2, B0D62NTVH7, B0FPBYX6NR, B0FM3PYGCL, B0D62RVJ3D, B0FJFDYJB5, B0FN4FHD9S, B0G4936M9P, B0GF8HQN4V, B0FL241TJL, B0FM2NN974, B0FJFBC4NT, B0G493XXK8, B0G1KJ7X61, B0FL23DPDW, B0FL27T3FD, B0G49HQGLG, B0FJKPB824, B0FKG9PSRZ, B0FL23PX11, B0FJF9ZGPM, B0G4998RX4, B0GGH1BSP7, B0FJLD88TG, B0FPBYN9Q9, B0FKT9B1JW, B0FKG173B4, B0G1KRL4LV, B0FPC13QP4, B0FJL5HCC2, B0FJFQR9DZ, B0FHH9VZBQ, B0FL2475YZ, B0D62RJ979, B0D62NC1P5, B0FKT4WNRQ, B0D62QQ5X3, B0FPBYXL79, B0FPC18KV5, B0G1KQYP83, B0FKFYPKGC, B0DCNTF6MD, B0FJFC1HQL, B0G499MNMX, B0FLNF5TRD, B0GSZNC46P, B0FJL839WV, B0FKT9PWJ5, B0G494BZ4Y, B0G4963KL6, B0FFR9VRZ6, B0FKT5XRZQ, B0G1KJ8RDS, B0FPBZ57Z6, B0FJFB2VY7, B0FJFB2VY8, B0FJKY51WT, B0FL26YR4L, B0FJKS46J5, B0G48TGDC3, B0FPC31RFP, B0FL238PF3, B0FJFSC73T, B0FL21ZP78, B0FPC1VPKY, B0G48QP15S, B0GSZG6LJR, B0G1KV5NR6, B0DCNT556V, B0FKT2G4XX, B0G48R563V, B0FXDDGM8N, B0FL26QGVK, B0G49KVMJQ, B0FPBZZRR9, B0FKGHTXHV, B0FMRMJDN9, B0D62R8L4M, B0FJL8TSWF, B0G4954RYC, B0FPBZW19V, B0FPC24S8D, B0G1KRWFJT, B0FKT2KH55, B0FM2R8K3B, B0FJKY514G, B0D62T64VR, B0G1KD467S, B0FJL7MY32, B0GL26WPQZ, B0G493NTFX, B0G1KTYH57, B0GGH7CLG5, B0FJF9V7JK, B0DCNXTJSN, B0G1KVFZ8G, B0G1KJ3RH9, B0G1KRNJKT, B0G1KSL828, B0FJL1KDQF, B0G1KT93DZ, B0FL24WNMW, B0FM3MMRPK, B0FL22YJQK, B0FLN8XP2Y, B0FJFB4V4M, B0FHHB32G1, B0FHCYLMGK, B0FJFQ75FP, B0G48ZQLL9, B0DCNTT5X8, B0FLNKKC44, B0G493N7PP, B0G497XQWG, B0FL262F3G, B0FHCZT6G1, B0GKCPX1DF, B0G48Z8XM3, B0FJKYW3SM, B0FM22JQ72, B0FJL8Q7D3, B0FL27C9N4, B0FKT6KJKX, B0FJF8DYZM, B0G1KMBK99, B0FJFDXG5Q, B0FKT9GCWF, B0G1KRZ2X8, B0DCNQRQHF, B0FJFBD4DZ, B0FHH92DG7, B0FJLDBNZC, B0FKG56HGZ, B0FKTBNHLG, B0G48YR3SY, B0FJF9S4GW, B0FM2G5DWQ, B0G1KRNPVK, B0FL223F7V, B0FKT6P529, B0G48VJCDH, B0D62R31SB, B0G48SKT7W, B0G49KB695, B0FKFXHM9D, B0G1KR9MLZ, B0G1KQL9HV, B0FKGFM8NZ, B0G1KVCHC4, B0FL23YSCQ, B0FKT6187R, B0DCNWP95M, B0FKT63Y31, B0FPBYMRM1, B0D62M1HDX, B0FJF9XSYF, B0FL26J7QX, B0DCNS125M, B0G1KQTL77, B0FKFT4KSH, B0FM2SNM5B, B0GR5V95MX, B0FL24HXQH, B0GF8HMWJ8, B0DCNV9XTF, B0D62L13ZZ, B0FKGFPGC1, B0FL278GJG, B0GGGPC458, B0FL27BGM4, B0FL22Z9HR, B0FL26LJRK, B0FPC153VK, B0G1LDKH95, B0FHH92L98, B0FKFSRZ27, B0GGGZ16C9, B0FFS4YKFM, B0FM3NF48M, B0GQ38K8ZD, B0G48XC9JX, B0FJKNZ918, B0FJLHM4KX, B0G4996BK4, B0G1KD3WRQ, B0DCNSQCT9, B0FJF8B8JJ, B0FJKRC2ZM, B0DCNWR6GR, B0FHH8F6QX, B0G1KS9YF6, B0FPC1P858, B0FKGCPH79, B0G1KSLNXM, B0G4939K8M, B0GF8C6TPY, B0F7H4V8T8, B0FJKPKCY7, B0FLNPW3ZD, B0G1LBWPHP, B0FKT6VQLH, B0G493G7JF, B0GSZNC7PC, B0G1KS6FHV, B0G49CMJ44, B0FM2WG4SL, B0GQ3642Q5, B0G1KT7ZQ6, B0FKGCB22L, B0D62S6T95, B0FPBZ8N1T, B0GGH8Q7PC, B0FKFQC1SX, B0FKG18BSD, B0G1KRF1JN, B0FJF9VTL8, B0G1KR9CTW, B0FJKP1RC5, B0FKFQGVPG, B0FM3KRSTC, B0FHH4Q5J4, B0GSZK3SGF, B0FKTBZ49L, B0G1LFSHTF, B0G49GT8PM, B0FL26R8BJ, B0G1KTRG1H, B0G494MLHZ, B0D62RN5RD, B0FL23K4JF, B0FL226YLL, B0GF8LR9C8, B0GSZHPRC7, B0FJFC9ZM4, B0FKT6PSFS, B0G492NV13, B0GSZMH5X2, B0FJFRPC2Z, B0FPC17BWG, B0FM3P5PQ8, B0FHH916VT, B0FKGFQ55Y, B0G49719CX, B0FJFCL2D5, B0FM3Q97VF, B0FJL53542, B0GQ3FFJCQ, B0D62PLJ9K, B0FHD1V22C, B0FKGFNB82, B0D62Q7RLH, B0FJF9VTF6, B0GGGMFZ34, B0G1KS3DJX, B0G492QLSV, B0DCNWVW96, B0D5YK5Y9S, B0FHD42DHC, B0FHHB1SP6, B0DCNVBXQ1, B0G49H5BB8, B0DCNRTHNH, B0GQ3BB2SM, B0FJFBSSNP, B0D62P4R4Q, B0FL26CYQM, B0GF8DRLNG, B0FL221BL3, B0G48ZSKNL, B0G48SNFYC, B0FL23NFBD, B0G1KRZD13, B0G1KRZD14, B0G1KD4H78, B0FM3MWCGH, B0G1KTNS7G, B0G493LRTM, B0D62SVPV2, B0G1KJ77CF, B0GF8G7392, B0FKGJ2P3M, B0FJKRKVH4, B0FPBYVLLV, B0G1KT1RMR]",amzn1.campaign.1CWRFUBVXMCKH,🏠 DCX Real Life Family Rug Hero Campaign 🏠,DCX,2026-04-08,2027-01-03,10.00%,5000.0,5000.0,14,800,false
"[B0GKC8WVZL, B0D6258C1X, B0FJF8HD6Y, B0FPBYSKBV, B0FPBZDMX2, B0G1KCZ858, B0GSZFX6FH, B0G48ZP2PC, B0FHH5L58M, B0FKGFQGVZ, B0D61YZVK9, B0GQ3D6DPF, B0GQ39CHBX, B0GTV61272, B0D62M7MTH, B0FJFCHMYK, B0GR5T1LV3, B0G492ZSJW, B0FL26ZWKJ, B0GGGHTMFB, B0DCNTGV14, B0FKFNHCCL, B0FM292STK, B0FPC13XS8, B0G494RV33, B0G48V4FY3, B0G1KJ3WCZ, B0FJFD33KG, B0G1KS3MWK, B0FKT6X3BR, B0GQ329RS4, B0FJFPFHMG, B0GSZKF9ZP, B0G495CLLY, B0G48ZFG81, B0FL25XQD2, B0DCNXN9TT, B0G49MPNY5, B0D62PP9R8, B0FKG59Y39, B0FMRL62PD, B0G492KP3S, B0FL229QMC, B0G1KS7QRM, B0G1KS7QRP, B0FKG646H1, B0FKG2LLW3, B0G1KQXWTJ, B0FPBZM9Z4, B0G1KT58K1, B0FPBYZR7P, B0G4952VTT, B0G1LFLJ4Q, B0G1KTWL3S, B0D62PK11P, B0G494PCW7, B0GQ36H9LX, B0FJFR8NJ4, B0FKT97CWJ, B0G48TNN5B, B0FPBZM9ZJ, B0G492XJCC, B0D624DDQ1, B0FL25RP4J, B0G1LJBMRD, B0FJLKJ69F, B0D62Q8W9S, B0GF8G8VQV, B0G1KRN988, B0G492D668, B0GTVB34L9, B0FPC11CSH, B0G49KGQKB, B0G1KR8RKD, B0FJF91P45, B0G1KQQ5DM, B0GQ339WHG, B0GF8F348S, B0G48T41L6, B0FKT97CWS, B0G1KSRGKX, B0FJFCJGNJ, B0DCNT9T5R, B0GKCY9GM9, B0GJCXVNT3, B0FL27YQMP, B0G494VJPH, B0FJKY3FPR, B0FKFSNYMZ, B0DCNTDRQT, B0G1KTDKN5, B0GF89JL62, B0FKT5JV45, B0G1KN6DG8, B0FPBZPCG8, B0FL24PKP2, B0GGGTFK9F, B0FJFBGRH1, B0G48QBBVH, B0FKT9FDKT, B0G48WN3KQ, B0DCNTXQTL, B0GSZJ1K25, B0FJFBHXRN, B0FX8QVQ1C, B0D62RDDXW, B0FPC1BVCP, B0FHHCKH8Z, B0G494P3VK, B0FJKS2QTS, B0G1LFK6LS, B0FM3Q5CDB, B0FL243THS, B0G1KJ8CP8, B0G495FT8C, B0G1KJ7W9N, B0GF868YM2, B0FPC2RKJX, B0G494RD5V, B0D62PYWXG, B0GTVJ9D26, B0FHHBBNGX, B0GQ3FRJK4, B0FJL7R6WK, B0FM2FZD1X, B0FPC2214P, B0D62PYWXL, B0GQ3KBWJ3, B0FKG17YR7, B0G1KVKD63, B0FJF9Z5Q4, B0G1KD3R9D, B0GSZGMB9R, B0FJFBHBYB, B0GF8DN9GY, B0FPC143NM, B0G1KQC9RR, B0G1KD4NNZ, B0G1LFPFKL, B0G1KTWBG3, B0F7H2KKC5, B0DCNTVSWG, B0FL25VV9L, B0GSZYS7R7, B0GSZKCJ8T, B0FPBZ4XBC, B0FFS71J97, B0G492VDCK, B0F7H2PHNV, B0FJFDW38C, B0FKT2J24C, B0FL2483W8, B0G48WM32F, B0DCNT737D, B0FJLDPYGV, B0FJFCHTBF, B0FL23V1V5, B0FKT61TRK, B0FL241X2L, B0G493SWV1, B0DCNSMGXP, B0FKFXGX4R, B0G1KNZD6L, B0FL22Y972, B0FL23ZZZC, B0FKT68NQW, B0GF8R3ZDG, B0GQ3JNR6K, B0G49J8H8B, B0FHD28HMJ, B0GF8N3WQ8, B0FKT6TZ4K, B0FHD28HMK, B0FHH91WF6, B0FPBYZN86, B0D62RVZQK, B0FPBZY5F2, B0D62NTVH7, B0FPBYX6NR, B0FM3PYGCL, B0D62RVJ3D, B0FJFDYJB5, B0FN4FHD9S, B0G4936M9P, B0GF8HQN4V, B0FL241TJL, B0FM2NN974, B0FJFBC4NT, B0G493XXK8, B0G1KJ7X61, B0FL23DPDW, B0FL27T3FD, B0G49HQGLG, B0FJKPB824, B0FKG9PSRZ, B0FL23PX11, B0FJF9ZGPM, B0G4998RX4, B0GGH1BSP7, B0FJLD88TG, B0FPBYN9Q9, B0FKT9B1JW, B0FKG173B4, B0G1KRL4LV, B0FPC13QP4, B0FJL5HCC2, B0FJFQR9DZ, B0FHH9VZBQ, B0FL2475YZ, B0D62RJ979, B0D62NC1P5, B0FKT4WNRQ, B0D62QQ5X3, B0FPBYXL79, B0FPC18KV5, B0G1KQYP83, B0FKFYPKGC, B0DCNTF6MD, B0FJFC1HQL, B0G499MNMX, B0FLNF5TRD, B0GSZNC46P, B0FJL839WV, B0FKT9PWJ5, B0G494BZ4Y, B0G4963KL6, B0FFR9VRZ6, B0FKT5XRZQ, B0G1KJ8RDS, B0FPBZ57Z6, B0FJFB2VY7, B0FJFB2VY8, B0FJKY51WT, B0FL26YR4L, B0FJKS46J5, B0G48TGDC3, B0FPC31RFP, B0FL238PF3, B0FJFSC73T, B0FL21ZP78, B0FPC1VPKY, B0G48QP15S, B0GSZG6LJR, B0G1KV5NR6, B0DCNT556V, B0FKT2G4XX, B0G48R563V, B0FXDDGM8N, B0FL26QGVK, B0G49KVMJQ, B0FPBZZRR9, B0FKGHTXHV, B0FMRMJDN9, B0D62R8L4M, B0FJL8TSWF, B0G4954RYC, B0FPBZW19V, B0FPC24S8D, B0G1KRWFJT, B0FKT2KH55, B0FM2R8K3B, B0FJKY514G, B0D62T64VR, B0G1KD467S, B0FJL7MY32, B0GL26WPQZ, B0G493NTFX, B0G1KTYH57, B0GGH7CLG5, B0FJF9V7JK, B0DCNXTJSN, B0G1KVFZ8G, B0G1KJ3RH9, B0G1KRNJKT, B0G1KSL828, B0FJL1KDQF, B0G1KT93DZ, B0FL24WNMW, B0FM3MMRPK, B0FL22YJQK, B0FLN8XP2Y, B0FJFB4V4M, B0FHHB32G1, B0FHCYLMGK, B0FJFQ75FP, B0G48ZQLL9, B0DCNTT5X8, B0FLNKKC44, B0G493N7PP, B0G497XQWG, B0FL262F3G, B0FHCZT6G1, B0GKCPX1DF, B0G48Z8XM3, B0FJKYW3SM, B0FM22JQ72, B0FJL8Q7D3, B0FL27C9N4, B0FKT6KJKX, B0FJF8DYZM, B0G1KMBK99, B0FJFDXG5Q, B0FKT9GCWF, B0G1KRZ2X8, B0DCNQRQHF, B0FJFBD4DZ, B0FHH92DG7, B0FJLDBNZC, B0FKG56HGZ, B0FKTBNHLG, B0G48YR3SY, B0FJF9S4GW, B0FM2G5DWQ, B0G1KRNPVK, B0FL223F7V, B0FKT6P529, B0G48VJCDH, B0D62R31SB, B0G48SKT7W, B0G49KB695, B0FKFXHM9D, B0G1KR9MLZ, B0G1KQL9HV, B0FKGFM8NZ, B0G1KVCHC4, B0FL23YSCQ, B0FKT6187R, B0DCNWP95M, B0FKT63Y31, B0FPBYMRM1, B0D62M1HDX, B0FJF9XSYF, B0FL26J7QX, B0DCNS125M, B0G1KQTL77, B0FKFT4KSH, B0FM2SNM5B, B0GR5V95MX, B0FL24HXQH, B0GF8HMWJ8, B0DCNV9XTF, B0D62L13ZZ, B0FKGFPGC1, B0FL278GJG, B0GGGPC458, B0FL27BGM4, B0FL22Z9HR, B0FL26LJRK, B0FPC153VK, B0G1LDKH95, B0FHH92L98, B0FKFSRZ27, B0GGGZ16C9, B0FFS4YKFM, B0FM3NF48M, B0GQ38K8ZD, B0G48XC9JX, B0FJKNZ918, B0FJLHM4KX, B0G4996BK4, B0G1KD3WRQ, B0DCNSQCT9, B0FJF8B8JJ, B0FJKRC2ZM, B0DCNWR6GR, B0FHH8F6QX, B0G1KS9YF6, B0FPC1P858, B0FKGCPH79, B0G1KSLNXM, B0G4939K8M, B0GF8C6TPY, B0F7H4V8T8, B0FJKPKCY7, B0FLNPW3ZD, B0G1LBWPHP, B0FKT6VQLH, B0G493G7JF, B0GSZNC7PC, B0G1KS6FHV, B0G49CMJ44, B0FM2WG4SL, B0GQ3642Q5, B0G1KT7ZQ6, B0FKGCB22L, B0D62S6T95, B0FPBZ8N1T, B0GGH8Q7PC, B0FKFQC1SX, B0FKG18BSD, B0G1KRF1JN, B0FJF9VTL8, B0G1KR9CTW, B0FJKP1RC5, B0FKFQGVPG, B0FM3KRSTC, B0FHH4Q5J4, B0GSZK3SGF, B0FKTBZ49L, B0G1LFSHTF, B0G49GT8PM, B0FL26R8BJ, B0G1KTRG1H, B0G494MLHZ, B0D62RN5RD, B0FL23K4JF, B0FL226YLL, B0GF8LR9C8, B0GSZHPRC7, B0FJFC9ZM4, B0FKT6PSFS, B0G492NV13, B0GSZMH5X2, B0FJFRPC2Z, B0FPC17BWG, B0FM3P5PQ8, B0FHH916VT, B0FKGFQ55Y, B0G49719CX, B0FJFCL2D5, B0FM3Q97VF, B0FJL53542, B0GQ3FFJCQ, B0D62PLJ9K, B0FHD1V22C, B0FKGFNB82, B0D62Q7RLH, B0FJF9VTF6, B0GGGMFZ34, B0G1KS3DJX, B0G492QLSV, B0DCNWVW96, B0D5YK5Y9S, B0FHD42DHC, B0FHHB1SP6, B0DCNVBXQ1, B0G49H5BB8, B0DCNRTHNH, B0GQ3BB2SM, B0FJFBSSNP, B0D62P4R4Q, B0FL26CYQM, B0GF8DRLNG, B0FL221BL3, B0G48ZSKNL, B0G48SNFYC, B0FL23NFBD, B0G1KRZD13, B0G1KRZD14, B0G1KD4H78, B0FM3MWCGH, B0G1KTNS7G, B0G493LRTM, B0D62SVPV2, B0G1KJ77CF, B0GF8G7392, B0FKGJ2P3M, B0FJKRKVH4, B0FPBYVLLV, B0G1KT1RMR]",amzn1.campaign.2WOZ78BHI6P2E,🌈 DCX Pattern Beauty Washable Rug Campaign 🌈,DCX,2026-04-08,2026-11-25,10.00%,5000.0,5000.0,18,800,false
"[B0GKC8WVZL, B0D6258C1X, B0FJF8HD6Y, B0FPBYSKBV, B0FPBZDMX2, B0G1KCZ858, B0GSZFX6FH, B0G48ZP2PC, B0FHH5L58M, B0FKGFQGVZ, B0D61YZVK9, B0GQ3D6DPF, B0GQ39CHBX, B0GTV61272, B0D62M7MTH, B0FJFCHMYK, B0GR5T1LV3, B0G492ZSJW, B0FL26ZWKJ, B0GGGHTMFB, B0DCNTGV14, B0FKFNHCCL, B0FM292STK, B0FPC13XS8, B0G494RV33, B0G48V4FY3, B0G1KJ3WCZ, B0FJFD33KG, B0G1KS3MWK, B0FKT6X3BR, B0GQ329RS4, B0FJFPFHMG, B0GSZKF9ZP, B0G495CLLY, B0G48ZFG81, B0FL25XQD2, B0DCNXN9TT, B0G49MPNY5, B0D62PP9R8, B0FKG59Y39, B0FMRL62PD, B0G492KP3S, B0FL229QMC, B0G1KS7QRM, B0G1KS7QRP, B0FKG646H1, B0FKG2LLW3, B0G1KQXWTJ, B0FPBZM9Z4, B0G1KT58K1, B0FPBYZR7P, B0G4952VTT, B0G1LFLJ4Q, B0G1KTWL3S, B0D62PK11P, B0G494PCW7, B0GQ36H9LX, B0FJFR8NJ4, B0FKT97CWJ, B0G48TNN5B, B0FPBZM9ZJ, B0G492XJCC, B0D624DDQ1, B0FL25RP4J, B0G1LJBMRD, B0FJLKJ69F, B0D62Q8W9S, B0GF8G8VQV, B0G1KRN988, B0G492D668, B0GTVB34L9, B0FPC11CSH, B0G49KGQKB, B0G1KR8RKD, B0FJF91P45, B0G1KQQ5DM, B0GQ339WHG, B0GF8F348S, B0G48T41L6, B0FKT97CWS, B0G1KSRGKX, B0FJFCJGNJ, B0DCNT9T5R, B0GKCY9GM9, B0GJCXVNT3, B0FL27YQMP, B0G494VJPH, B0FJKY3FPR, B0FKFSNYMZ, B0DCNTDRQT, B0G1KTDKN5, B0GF89JL62, B0FKT5JV45, B0G1KN6DG8, B0FPBZPCG8, B0FL24PKP2, B0GGGTFK9F, B0FJFBGRH1, B0G48QBBVH, B0FKT9FDKT, B0G48WN3KQ, B0DCNTXQTL, B0GSZJ1K25, B0FJFBHXRN, B0FX8QVQ1C, B0D62RDDXW, B0FPC1BVCP, B0FHHCKH8Z, B0G494P3VK, B0FJKS2QTS, B0G1LFK6LS, B0FM3Q5CDB, B0FL243THS, B0G1KJ8CP8, B0G495FT8C, B0G1KJ7W9N, B0GF868YM2, B0FPC2RKJX, B0G494RD5V, B0D62PYWXG, B0GTVJ9D26, B0FHHBBNGX, B0GQ3FRJK4, B0FJL7R6WK, B0FM2FZD1X, B0FPC2214P, B0D62PYWXL, B0GQ3KBWJ3, B0FKG17YR7, B0G1KVKD63, B0FJF9Z5Q4, B0G1KD3R9D, B0GSZGMB9R, B0FJFBHBYB, B0GF8DN9GY, B0FPC143NM, B0G1KQC9RR, B0G1KD4NNZ, B0G1LFPFKL, B0G1KTWBG3, B0F7H2KKC5, B0DCNTVSWG, B0FL25VV9L, B0GSZYS7R7, B0GSZKCJ8T, B0FPBZ4XBC, B0FFS71J97, B0G492VDCK, B0F7H2PHNV, B0FJFDW38C, B0FKT2J24C, B0FL2483W8, B0G48WM32F, B0DCNT737D, B0FJLDPYGV, B0FJFCHTBF, B0FL23V1V5, B0FKT61TRK, B0FL241X2L, B0G493SWV1, B0DCNSMGXP, B0FKFXGX4R, B0G1KNZD6L, B0FL22Y972, B0FL23ZZZC, B0FKT68NQW, B0GF8R3ZDG, B0GQ3JNR6K, B0G49J8H8B, B0FHD28HMJ, B0GF8N3WQ8, B0FKT6TZ4K, B0FHD28HMK, B0FHH91WF6, B0FPBYZN86, B0D62RVZQK, B0FPBZY5F2, B0D62NTVH7, B0FPBYX6NR, B0FM3PYGCL, B0D62RVJ3D, B0FJFDYJB5, B0FN4FHD9S, B0G4936M9P, B0GF8HQN4V, B0FL241TJL, B0FM2NN974, B0FJFBC4NT, B0G493XXK8, B0G1KJ7X61, B0FL23DPDW, B0FL27T3FD, B0G49HQGLG, B0FJKPB824, B0FKG9PSRZ, B0FL23PX11, B0FJF9ZGPM, B0G4998RX4, B0GGH1BSP7, B0FJLD88TG, B0FPBYN9Q9, B0FKT9B1JW, B0FKG173B4, B0G1KRL4LV, B0FPC13QP4, B0FJL5HCC2, B0FJFQR9DZ, B0FHH9VZBQ, B0FL2475YZ, B0D62RJ979, B0D62NC1P5, B0FKT4WNRQ, B0D62QQ5X3, B0FPBYXL79, B0FPC18KV5, B0G1KQYP83, B0FKFYPKGC, B0DCNTF6MD, B0FJFC1HQL, B0G499MNMX, B0FLNF5TRD, B0GSZNC46P, B0FJL839WV, B0FKT9PWJ5, B0G494BZ4Y, B0G4963KL6, B0FFR9VRZ6, B0FKT5XRZQ, B0G1KJ8RDS, B0FPBZ57Z6, B0FJFB2VY7, B0FJFB2VY8, B0FJKY51WT, B0FL26YR4L, B0FJKS46J5, B0G48TGDC3, B0FPC31RFP, B0FL238PF3, B0FJFSC73T, B0FL21ZP78, B0FPC1VPKY, B0G48QP15S, B0GSZG6LJR, B0G1KV5NR6, B0DCNT556V, B0FKT2G4XX, B0G48R563V, B0FXDDGM8N, B0FL26QGVK, B0G49KVMJQ, B0FPBZZRR9, B0FKGHTXHV, B0FMRMJDN9, B0D62R8L4M, B0FJL8TSWF, B0G4954RYC, B0FPBZW19V, B0FPC24S8D, B0G1KRWFJT, B0FKT2KH55, B0FM2R8K3B, B0FJKY514G, B0D62T64VR, B0G1KD467S, B0FJL7MY32, B0GL26WPQZ, B0G493NTFX, B0G1KTYH57, B0GGH7CLG5, B0FJF9V7JK, B0DCNXTJSN, B0G1KVFZ8G, B0G1KJ3RH9, B0G1KRNJKT, B0G1KSL828, B0FJL1KDQF, B0G1KT93DZ, B0FL24WNMW, B0FM3MMRPK, B0FL22YJQK, B0FLN8XP2Y, B0FJFB4V4M, B0FHHB32G1, B0FHCYLMGK, B0FJFQ75FP, B0G48ZQLL9, B0DCNTT5X8, B0FLNKKC44, B0G493N7PP, B0G497XQWG, B0FL262F3G, B0FHCZT6G1, B0GKCPX1DF, B0G48Z8XM3, B0FJKYW3SM, B0FM22JQ72, B0FJL8Q7D3, B0FL27C9N4, B0FKT6KJKX, B0FJF8DYZM, B0G1KMBK99, B0FJFDXG5Q, B0FKT9GCWF, B0G1KRZ2X8, B0DCNQRQHF, B0FJFBD4DZ, B0FHH92DG7, B0FJLDBNZC, B0FKG56HGZ, B0FKTBNHLG, B0G48YR3SY, B0FJF9S4GW, B0FM2G5DWQ, B0G1KRNPVK, B0FL223F7V, B0FKT6P529, B0G48VJCDH, B0D62R31SB, B0G48SKT7W, B0G49KB695, B0FKFXHM9D, B0G1KR9MLZ, B0G1KQL9HV, B0FKGFM8NZ, B0G1KVCHC4, B0FL23YSCQ, B0FKT6187R, B0DCNWP95M, B0FKT63Y31, B0FPBYMRM1, B0D62M1HDX, B0FJF9XSYF, B0FL26J7QX, B0DCNS125M, B0G1KQTL77, B0FKFT4KSH, B0FM2SNM5B, B0GR5V95MX, B0FL24HXQH, B0GF8HMWJ8, B0DCNV9XTF, B0D62L13ZZ, B0FKGFPGC1, B0FL278GJG, B0GGGPC458, B0FL27BGM4, B0FL22Z9HR, B0FL26LJRK, B0FPC153VK, B0G1LDKH95, B0FHH92L98, B0FKFSRZ27, B0GGGZ16C9, B0FFS4YKFM, B0FM3NF48M, B0GQ38K8ZD, B0G48XC9JX, B0FJKNZ918, B0FJLHM4KX, B0G4996BK4, B0G1KD3WRQ, B0DCNSQCT9, B0FJF8B8JJ, B0FJKRC2ZM, B0DCNWR6GR, B0FHH8F6QX, B0G1KS9YF6, B0FPC1P858, B0FKGCPH79, B0G1KSLNXM, B0G4939K8M, B0GF8C6TPY, B0F7H4V8T8, B0FJKPKCY7, B0FLNPW3ZD, B0G1LBWPHP, B0FKT6VQLH, B0G493G7JF, B0GSZNC7PC, B0G1KS6FHV, B0G49CMJ44, B0FM2WG4SL, B0GQ3642Q5, B0G1KT7ZQ6, B0FKGCB22L, B0D62S6T95, B0FPBZ8N1T, B0GGH8Q7PC, B0FKFQC1SX, B0FKG18BSD, B0G1KRF1JN, B0FJF9VTL8, B0G1KR9CTW, B0FJKP1RC5, B0FKFQGVPG, B0FM3KRSTC, B0FHH4Q5J4, B0GSZK3SGF, B0FKTBZ49L, B0G1LFSHTF, B0G49GT8PM, B0FL26R8BJ, B0G1KTRG1H, B0G494MLHZ, B0D62RN5RD, B0FL23K4JF, B0FL226YLL, B0GF8LR9C8, B0GSZHPRC7, B0FJFC9ZM4, B0FKT6PSFS, B0G492NV13, B0GSZMH5X2, B0FJFRPC2Z, B0FPC17BWG, B0FM3P5PQ8, B0FHH916VT, B0FKGFQ55Y, B0G49719CX, B0FJFCL2D5, B0FM3Q97VF, B0FJL53542, B0GQ3FFJCQ, B0D62PLJ9K, B0FHD1V22C, B0FKGFNB82, B0D62Q7RLH, B0FJF9VTF6, B0GGGMFZ34, B0G1KS3DJX, B0G492QLSV, B0DCNWVW96, B0D5YK5Y9S, B0FHD42DHC, B0FHHB1SP6, B0DCNVBXQ1, B0G49H5BB8, B0DCNRTHNH, B0GQ3BB2SM, B0FJFBSSNP, B0D62P4R4Q, B0FL26CYQM, B0GF8DRLNG, B0FL221BL3, B0G48ZSKNL, B0G48SNFYC, B0FL23NFBD, B0G1KRZD13, B0G1KRZD14, B0G1KD4H78, B0FM3MWCGH, B0G1KTNS7G, B0G493LRTM, B0D62SVPV2, B0G1KJ77CF, B0GF8G7392, B0FKGJ2P3M, B0FJKRKVH4, B0FPBYVLLV, B0G1KT1RMR]",amzn1.campaign.2O1IAS3RR1AR6,🐕 DCX Furry Family Rug Paradise Campaign 🐕,DCX,2026-04-08,2027-01-28,10.00%,5000.0,5000.0,15,800,false
"[B0GKC8WVZL, B0D6258C1X, B0FJF8HD6Y, B0FPBYSKBV, B0FPBZDMX2, B0G1KCZ858, B0GSZFX6FH, B0G48ZP2PC, B0FHH5L58M, B0FKGFQGVZ, B0D61YZVK9, B0GQ3D6DPF, B0GQ39CHBX, B0GTV61272, B0D62M7MTH, B0FJFCHMYK, B0GR5T1LV3, B0G492ZSJW, B0FL26ZWKJ, B0GGGHTMFB, B0DCNTGV14, B0FKFNHCCL, B0FM292STK, B0FPC13XS8, B0G494RV33, B0G48V4FY3, B0G1KJ3WCZ, B0FJFD33KG, B0G1KS3MWK, B0FKT6X3BR, B0GQ329RS4, B0FJFPFHMG, B0GSZKF9ZP, B0G495CLLY, B0G48ZFG81, B0FL25XQD2, B0DCNXN9TT, B0G49MPNY5, B0D62PP9R8, B0FKG59Y39, B0FMRL62PD, B0G492KP3S, B0FL229QMC, B0G1KS7QRM, B0G1KS7QRP, B0FKG646H1, B0FKG2LLW3, B0G1KQXWTJ, B0FPBZM9Z4, B0G1KT58K1, B0FPBYZR7P, B0G4952VTT, B0G1LFLJ4Q, B0G1KTWL3S, B0D62PK11P, B0G494PCW7, B0GQ36H9LX, B0FJFR8NJ4, B0FKT97CWJ, B0G48TNN5B, B0FPBZM9ZJ, B0G492XJCC, B0D624DDQ1, B0FL25RP4J, B0G1LJBMRD, B0FJLKJ69F, B0D62Q8W9S, B0GF8G8VQV, B0G1KRN988, B0G492D668, B0GTVB34L9, B0FPC11CSH, B0G49KGQKB, B0G1KR8RKD, B0FJF91P45, B0G1KQQ5DM, B0GQ339WHG, B0GF8F348S, B0G48T41L6, B0FKT97CWS, B0G1KSRGKX, B0FJFCJGNJ, B0DCNT9T5R, B0GKCY9GM9, B0GJCXVNT3, B0FL27YQMP, B0G494VJPH, B0FJKY3FPR, B0FKFSNYMZ, B0DCNTDRQT, B0G1KTDKN5, B0GF89JL62, B0FKT5JV45, B0G1KN6DG8, B0FPBZPCG8, B0FL24PKP2, B0GGGTFK9F, B0FJFBGRH1, B0G48QBBVH, B0FKT9FDKT, B0G48WN3KQ, B0DCNTXQTL, B0GSZJ1K25, B0FJFBHXRN, B0FX8QVQ1C, B0D62RDDXW, B0FPC1BVCP, B0FHHCKH8Z, B0G494P3VK, B0FJKS2QTS, B0G1LFK6LS, B0FM3Q5CDB, B0FL243THS, B0G1KJ8CP8, B0G495FT8C, B0G1KJ7W9N, B0GF868YM2, B0FPC2RKJX, B0G494RD5V, B0D62PYWXG, B0GTVJ9D26, B0FHHBBNGX, B0GQ3FRJK4, B0FJL7R6WK, B0FM2FZD1X, B0FPC2214P, B0D62PYWXL, B0GQ3KBWJ3, B0FKG17YR7, B0G1KVKD63, B0FJF9Z5Q4, B0G1KD3R9D, B0GSZGMB9R, B0FJFBHBYB, B0GF8DN9GY, B0FPC143NM, B0G1KQC9RR, B0G1KD4NNZ, B0G1LFPFKL, B0G1KTWBG3, B0F7H2KKC5, B0DCNTVSWG, B0FL25VV9L, B0GSZYS7R7, B0GSZKCJ8T, B0FPBZ4XBC, B0FFS71J97, B0G492VDCK, B0F7H2PHNV, B0FJFDW38C, B0FKT2J24C, B0FL2483W8, B0G48WM32F, B0DCNT737D, B0FJLDPYGV, B0FJFCHTBF, B0FL23V1V5, B0FKT61TRK, B0FL241X2L, B0G493SWV1, B0DCNSMGXP, B0FKFXGX4R, B0G1KNZD6L, B0FL22Y972, B0FL23ZZZC, B0FKT68NQW, B0GF8R3ZDG, B0GQ3JNR6K, B0G49J8H8B, B0FHD28HMJ, B0GF8N3WQ8, B0FKT6TZ4K, B0FHD28HMK, B0FHH91WF6, B0FPBYZN86, B0D62RVZQK, B0FPBZY5F2, B0D62NTVH7, B0FPBYX6NR, B0FM3PYGCL, B0D62RVJ3D, B0FJFDYJB5, B0FN4FHD9S, B0G4936M9P, B0GF8HQN4V, B0FL241TJL, B0FM2NN974, B0FJFBC4NT, B0G493XXK8, B0G1KJ7X61, B0FL23DPDW, B0FL27T3FD, B0G49HQGLG, B0FJKPB824, B0FKG9PSRZ, B0FL23PX11, B0FJF9ZGPM, B0G4998RX4, B0GGH1BSP7, B0FJLD88TG, B0FPBYN9Q9, B0FKT9B1JW, B0FKG173B4, B0G1KRL4LV, B0FPC13QP4, B0FJL5HCC2, B0FJFQR9DZ, B0FHH9VZBQ, B0FL2475YZ, B0D62RJ979, B0D62NC1P5, B0FKT4WNRQ, B0D62QQ5X3, B0FPBYXL79, B0FPC18KV5, B0G1KQYP83, B0FKFYPKGC, B0DCNTF6MD, B0FJFC1HQL, B0G499MNMX, B0FLNF5TRD, B0GSZNC46P, B0FJL839WV, B0FKT9PWJ5, B0G494BZ4Y, B0G4963KL6, B0FFR9VRZ6, B0FKT5XRZQ, B0G1KJ8RDS, B0FPBZ57Z6, B0FJFB2VY7, B0FJFB2VY8, B0FJKY51WT, B0FL26YR4L, B0FJKS46J5, B0G48TGDC3, B0FPC31RFP, B0FL238PF3, B0FJFSC73T, B0FL21ZP78, B0FPC1VPKY, B0G48QP15S, B0GSZG6LJR, B0G1KV5NR6, B0DCNT556V, B0FKT2G4XX, B0G48R563V, B0FXDDGM8N, B0FL26QGVK, B0G49KVMJQ, B0FPBZZRR9, B0FKGHTXHV, B0FMRMJDN9, B0D62R8L4M, B0FJL8TSWF, B0G4954RYC, B0FPBZW19V, B0FPC24S8D, B0G1KRWFJT, B0FKT2KH55, B0FM2R8K3B, B0FJKY514G, B0D62T64VR, B0G1KD467S, B0FJL7MY32, B0GL26WPQZ, B0G493NTFX, B0G1KTYH57, B0GGH7CLG5, B0FJF9V7JK, B0DCNXTJSN, B0G1KVFZ8G, B0G1KJ3RH9, B0G1KRNJKT, B0G1KSL828, B0FJL1KDQF, B0G1KT93DZ, B0FL24WNMW, B0FM3MMRPK, B0FL22YJQK, B0FLN8XP2Y, B0FJFB4V4M, B0FHHB32G1, B0FHCYLMGK, B0FJFQ75FP, B0G48ZQLL9, B0DCNTT5X8, B0FLNKKC44, B0G493N7PP, B0G497XQWG, B0FL262F3G, B0FHCZT6G1, B0GKCPX1DF, B0G48Z8XM3, B0FJKYW3SM, B0FM22JQ72, B0FJL8Q7D3, B0FL27C9N4, B0FKT6KJKX, B0FJF8DYZM, B0G1KMBK99, B0FJFDXG5Q, B0FKT9GCWF, B0G1KRZ2X8, B0DCNQRQHF, B0FJFBD4DZ, B0FHH92DG7, B0FJLDBNZC, B0FKG56HGZ, B0FKTBNHLG, B0G48YR3SY, B0FJF9S4GW, B0FM2G5DWQ, B0G1KRNPVK, B0FL223F7V, B0FKT6P529, B0G48VJCDH, B0D62R31SB, B0G48SKT7W, B0G49KB695, B0FKFXHM9D, B0G1KR9MLZ, B0G1KQL9HV, B0FKGFM8NZ, B0G1KVCHC4, B0FL23YSCQ, B0FKT6187R, B0DCNWP95M, B0FKT63Y31, B0FPBYMRM1, B0D62M1HDX, B0FJF9XSYF, B0FL26J7QX, B0DCNS125M, B0G1KQTL77, B0FKFT4KSH, B0FM2SNM5B, B0GR5V95MX, B0FL24HXQH, B0GF8HMWJ8, B0DCNV9XTF, B0D62L13ZZ, B0FKGFPGC1, B0FL278GJG, B0GGGPC458, B0FL27BGM4, B0FL22Z9HR, B0FL26LJRK, B0FPC153VK, B0G1LDKH95, B0FHH92L98, B0FKFSRZ27, B0GGGZ16C9, B0FFS4YKFM, B0FM3NF48M, B0GQ38K8ZD, B0G48XC9JX, B0FJKNZ918, B0FJLHM4KX, B0G4996BK4, B0G1KD3WRQ, B0DCNSQCT9, B0FJF8B8JJ, B0FJKRC2ZM, B0DCNWR6GR, B0FHH8F6QX, B0G1KS9YF6, B0FPC1P858, B0FKGCPH79, B0G1KSLNXM, B0G4939K8M, B0GF8C6TPY, B0F7H4V8T8, B0FJKPKCY7, B0FLNPW3ZD, B0G1LBWPHP, B0FKT6VQLH, B0G493G7JF, B0GSZNC7PC, B0G1KS6FHV, B0G49CMJ44, B0FM2WG4SL, B0GQ3642Q5, B0G1KT7ZQ6, B0FKGCB22L, B0D62S6T95, B0FPBZ8N1T, B0GGH8Q7PC, B0FKFQC1SX, B0FKG18BSD, B0G1KRF1JN, B0FJF9VTL8, B0G1KR9CTW, B0FJKP1RC5, B0FKFQGVPG, B0FM3KRSTC, B0FHH4Q5J4, B0GSZK3SGF, B0FKTBZ49L, B0G1LFSHTF, B0G49GT8PM, B0FL26R8BJ, B0G1KTRG1H, B0G494MLHZ, B0D62RN5RD, B0FL23K4JF, B0FL226YLL, B0GF8LR9C8, B0GSZHPRC7, B0FJFC9ZM4, B0FKT6PSFS, B0G492NV13, B0GSZMH5X2, B0FJFRPC2Z, B0FPC17BWG, B0FM3P5PQ8, B0FHH916VT, B0FKGFQ55Y, B0G49719CX, B0FJFCL2D5, B0FM3Q97VF, B0FJL53542, B0GQ3FFJCQ, B0D62PLJ9K, B0FHD1V22C, B0FKGFNB82, B0D62Q7RLH, B0FJF9VTF6, B0GGGMFZ34, B0G1KS3DJX, B0G492QLSV, B0DCNWVW96, B0D5YK5Y9S, B0FHD42DHC, B0FHHB1SP6, B0DCNVBXQ1, B0G49H5BB8, B0DCNRTHNH, B0GQ3BB2SM, B0FJFBSSNP, B0D62P4R4Q, B0FL26CYQM, B0GF8DRLNG, B0FL221BL3, B0G48ZSKNL, B0G48SNFYC, B0FL23NFBD, B0G1KRZD13, B0G1KRZD14, B0G1KD4H78, B0FM3MWCGH, B0G1KTNS7G, B0G493LRTM, B0D62SVPV2, B0G1KJ77CF, B0GF8G7392, B0FKGJ2P3M, B0FJKRKVH4, B0FPBYVLLV, B0G1KT1RMR]",amzn1.campaign.387UNWAEL25JE,💫 DCX Plush Comfort Rug Sanctuary Campaign 💫,DCX,2026-04-08,2026-12-19,10.00%,5000.0,5000.0,20,800,false
"[B0GKC8WVZL, B0D6258C1X, B0FJF8HD6Y, B0FPBYSKBV, B0FPBZDMX2, B0G1KCZ858, B0GSZFX6FH, B0G48ZP2PC, B0FHH5L58M, B0FKGFQGVZ, B0D61YZVK9, B0GQ3D6DPF, B0GQ39CHBX, B0GTV61272, B0D62M7MTH, B0FJFCHMYK, B0GR5T1LV3, B0G492ZSJW, B0FL26ZWKJ, B0GGGHTMFB, B0DCNTGV14, B0FKFNHCCL, B0FM292STK, B0FPC13XS8, B0G494RV33, B0G48V4FY3, B0G1KJ3WCZ, B0FJFD33KG, B0G1KS3MWK, B0FKT6X3BR, B0GQ329RS4, B0FJFPFHMG, B0GSZKF9ZP, B0G495CLLY, B0G48ZFG81, B0FL25XQD2, B0DCNXN9TT, B0G49MPNY5, B0D62PP9R8, B0FKG59Y39, B0FMRL62PD, B0G492KP3S, B0FL229QMC, B0G1KS7QRM, B0G1KS7QRP, B0FKG646H1, B0FKG2LLW3, B0G1KQXWTJ, B0FPBZM9Z4, B0G1KT58K1, B0FPBYZR7P, B0G4952VTT, B0G1LFLJ4Q, B0G1KTWL3S, B0D62PK11P, B0G494PCW7, B0GQ36H9LX, B0FJFR8NJ4, B0FKT97CWJ, B0G48TNN5B, B0FPBZM9ZJ, B0G492XJCC, B0D624DDQ1, B0FL25RP4J, B0G1LJBMRD, B0FJLKJ69F, B0D62Q8W9S, B0GF8G8VQV, B0G1KRN988, B0G492D668, B0GTVB34L9, B0FPC11CSH, B0G49KGQKB, B0G1KR8RKD, B0FJF91P45, B0G1KQQ5DM, B0GQ339WHG, B0GF8F348S, B0G48T41L6, B0FKT97CWS, B0G1KSRGKX, B0FJFCJGNJ, B0DCNT9T5R, B0GKCY9GM9, B0GJCXVNT3, B0FL27YQMP, B0G494VJPH, B0FJKY3FPR, B0FKFSNYMZ, B0DCNTDRQT, B0G1KTDKN5, B0GF89JL62, B0FKT5JV45, B0G1KN6DG8, B0FPBZPCG8, B0FL24PKP2, B0GGGTFK9F, B0FJFBGRH1, B0G48QBBVH, B0FKT9FDKT, B0G48WN3KQ, B0DCNTXQTL, B0GSZJ1K25, B0FJFBHXRN, B0FX8QVQ1C, B0D62RDDXW, B0FPC1BVCP, B0FHHCKH8Z, B0G494P3VK, B0FJKS2QTS, B0G1LFK6LS, B0FM3Q5CDB, B0FL243THS, B0G1KJ8CP8, B0G495FT8C, B0G1KJ7W9N, B0GF868YM2, B0FPC2RKJX, B0G494RD5V, B0D62PYWXG, B0GTVJ9D26, B0FHHBBNGX, B0GQ3FRJK4, B0FJL7R6WK, B0FM2FZD1X, B0FPC2214P, B0D62PYWXL, B0GQ3KBWJ3, B0FKG17YR7, B0G1KVKD63, B0FJF9Z5Q4, B0G1KD3R9D, B0GSZGMB9R, B0FJFBHBYB, B0GF8DN9GY, B0FPC143NM, B0G1KQC9RR, B0G1KD4NNZ, B0G1LFPFKL, B0G1KTWBG3, B0F7H2KKC5, B0DCNTVSWG, B0FL25VV9L, B0GSZYS7R7, B0GSZKCJ8T, B0FPBZ4XBC, B0FFS71J97, B0G492VDCK, B0F7H2PHNV, B0FJFDW38C, B0FKT2J24C, B0FL2483W8, B0G48WM32F, B0DCNT737D, B0FJLDPYGV, B0FJFCHTBF, B0FL23V1V5, B0FKT61TRK, B0FL241X2L, B0G493SWV1, B0DCNSMGXP, B0FKFXGX4R, B0G1KNZD6L, B0FL22Y972, B0FL23ZZZC, B0FKT68NQW, B0GF8R3ZDG, B0GQ3JNR6K, B0G49J8H8B, B0FHD28HMJ, B0GF8N3WQ8, B0FKT6TZ4K, B0FHD28HMK, B0FHH91WF6, B0FPBYZN86, B0D62RVZQK, B0FPBZY5F2, B0D62NTVH7, B0FPBYX6NR, B0FM3PYGCL, B0D62RVJ3D, B0FJFDYJB5, B0FN4FHD9S, B0G4936M9P, B0GF8HQN4V, B0FL241TJL, B0FM2NN974, B0FJFBC4NT, B0G493XXK8, B0G1KJ7X61, B0FL23DPDW, B0FL27T3FD, B0G49HQGLG, B0FJKPB824, B0FKG9PSRZ, B0FL23PX11, B0FJF9ZGPM, B0G4998RX4, B0GGH1BSP7, B0FJLD88TG, B0FPBYN9Q9, B0FKT9B1JW, B0FKG173B4, B0G1KRL4LV, B0FPC13QP4, B0FJL5HCC2, B0FJFQR9DZ, B0FHH9VZBQ, B0FL2475YZ, B0D62RJ979, B0D62NC1P5, B0FKT4WNRQ, B0D62QQ5X3, B0FPBYXL79, B0FPC18KV5, B0G1KQYP83, B0FKFYPKGC, B0DCNTF6MD, B0FJFC1HQL, B0G499MNMX, B0FLNF5TRD, B0GSZNC46P, B0FJL839WV, B0FKT9PWJ5, B0G494BZ4Y, B0G4963KL6, B0FFR9VRZ6, B0FKT5XRZQ, B0G1KJ8RDS, B0FPBZ57Z6, B0FJFB2VY7, B0FJFB2VY8, B0FJKY51WT, B0FL26YR4L, B0FJKS46J5, B0G48TGDC3, B0FPC31RFP, B0FL238PF3, B0FJFSC73T, B0FL21ZP78, B0FPC1VPKY, B0G48QP15S, B0GSZG6LJR, B0G1KV5NR6, B0DCNT556V, B0FKT2G4XX, B0G48R563V, B0FXDDGM8N, B0FL26QGVK, B0G49KVMJQ, B0FPBZZRR9, B0FKGHTXHV, B0FMRMJDN9, B0D62R8L4M, B0FJL8TSWF, B0G4954RYC, B0FPBZW19V, B0FPC24S8D, B0G1KRWFJT, B0FKT2KH55, B0FM2R8K3B, B0FJKY514G, B0D62T64VR, B0G1KD467S, B0FJL7MY32, B0GL26WPQZ, B0G493NTFX, B0G1KTYH57, B0GGH7CLG5, B0FJF9V7JK, B0DCNXTJSN, B0G1KVFZ8G, B0G1KJ3RH9, B0G1KRNJKT, B0G1KSL828, B0FJL1KDQF, B0G1KT93DZ, B0FL24WNMW, B0FM3MMRPK, B0FL22YJQK, B0FLN8XP2Y, B0FJFB4V4M, B0FHHB32G1, B0FHCYLMGK, B0FJFQ75FP, B0G48ZQLL9, B0DCNTT5X8, B0FLNKKC44, B0G493N7PP, B0G497XQWG, B0FL262F3G, B0FHCZT6G1, B0GKCPX1DF, B0G48Z8XM3, B0FJKYW3SM, B0FM22JQ72, B0FJL8Q7D3, B0FL27C9N4, B0FKT6KJKX, B0FJF8DYZM, B0G1KMBK99, B0FJFDXG5Q, B0FKT9GCWF, B0G1KRZ2X8, B0DCNQRQHF, B0FJFBD4DZ, B0FHH92DG7, B0FJLDBNZC, B0FKG56HGZ, B0FKTBNHLG, B0G48YR3SY, B0FJF9S4GW, B0FM2G5DWQ, B0G1KRNPVK, B0FL223F7V, B0FKT6P529, B0G48VJCDH, B0D62R31SB, B0G48SKT7W, B0G49KB695, B0FKFXHM9D, B0G1KR9MLZ, B0G1KQL9HV, B0FKGFM8NZ, B0G1KVCHC4, B0FL23YSCQ, B0FKT6187R, B0DCNWP95M, B0FKT63Y31, B0FPBYMRM1, B0D62M1HDX, B0FJF9XSYF, B0FL26J7QX, B0DCNS125M, B0G1KQTL77, B0FKFT4KSH, B0FM2SNM5B, B0GR5V95MX, B0FL24HXQH, B0GF8HMWJ8, B0DCNV9XTF, B0D62L13ZZ, B0FKGFPGC1, B0FL278GJG, B0GGGPC458, B0FL27BGM4, B0FL22Z9HR, B0FL26LJRK, B0FPC153VK, B0G1LDKH95, B0FHH92L98, B0FKFSRZ27, B0GGGZ16C9, B0FFS4YKFM, B0FM3NF48M, B0GQ38K8ZD, B0G48XC9JX, B0FJKNZ918, B0FJLHM4KX, B0G4996BK4, B0G1KD3WRQ, B0DCNSQCT9, B0FJF8B8JJ, B0FJKRC2ZM, B0DCNWR6GR, B0FHH8F6QX, B0G1KS9YF6, B0FPC1P858, B0FKGCPH79, B0G1KSLNXM, B0G4939K8M, B0GF8C6TPY, B0F7H4V8T8, B0FJKPKCY7, B0FLNPW3ZD, B0G1LBWPHP, B0FKT6VQLH, B0G493G7JF, B0GSZNC7PC, B0G1KS6FHV, B0G49CMJ44, B0FM2WG4SL, B0GQ3642Q5, B0G1KT7ZQ6, B0FKGCB22L, B0D62S6T95, B0FPBZ8N1T, B0GGH8Q7PC, B0FKFQC1SX, B0FKG18BSD, B0G1KRF1JN, B0FJF9VTL8, B0G1KR9CTW, B0FJKP1RC5, B0FKFQGVPG, B0FM3KRSTC, B0FHH4Q5J4, B0GSZK3SGF, B0FKTBZ49L, B0G1LFSHTF, B0G49GT8PM, B0FL26R8BJ, B0G1KTRG1H, B0G494MLHZ, B0D62RN5RD, B0FL23K4JF, B0FL226YLL, B0GF8LR9C8, B0GSZHPRC7, B0FJFC9ZM4, B0FKT6PSFS, B0G492NV13, B0GSZMH5X2, B0FJFRPC2Z, B0FPC17BWG, B0FM3P5PQ8, B0FHH916VT, B0FKGFQ55Y, B0G49719CX, B0FJFCL2D5, B0FM3Q97VF, B0FJL53542, B0GQ3FFJCQ, B0D62PLJ9K, B0FHD1V22C, B0FKGFNB82, B0D62Q7RLH, B0FJF9VTF6, B0GGGMFZ34, B0G1KS3DJX, B0G492QLSV, B0DCNWVW96, B0D5YK5Y9S, B0FHD42DHC, B0FHHB1SP6, B0DCNVBXQ1, B0G49H5BB8, B0DCNRTHNH, B0GQ3BB2SM, B0FJFBSSNP, B0D62P4R4Q, B0FL26CYQM, B0GF8DRLNG, B0FL221BL3, B0G48ZSKNL, B0G48SNFYC, B0FL23NFBD, B0G1KRZD13, B0G1KRZD14, B0G1KD4H78, B0FM3MWCGH, B0G1KTNS7G, B0G493LRTM, B0D62SVPV2, B0G1KJ77CF, B0GF8G7392, B0FKGJ2P3M, B0FJKRKVH4, B0FPBYVLLV, B0G1KT1RMR]",amzn1.campaign.2GU46AIUWESTK,🛡️ DCX Active Home Safe Rug Campaign 🛡️,DCX,2026-04-08,2026-10-25,10.00%,5000.0,5000.0,17,800,false
"[B0GKC8WVZL, B0D6258C1X, B0FJF8HD6Y, B0FPBYSKBV, B0FPBZDMX2, B0G1KCZ858, B0GSZFX6FH, B0G48ZP2PC, B0FHH5L58M, B0FKGFQGVZ, B0D61YZVK9, B0GQ3D6DPF, B0GQ39CHBX, B0GTV61272, B0D62M7MTH, B0FJFCHMYK, B0GR5T1LV3, B0G492ZSJW, B0FL26ZWKJ, B0GGGHTMFB, B0DCNTGV14, B0FKFNHCCL, B0FM292STK, B0FPC13XS8, B0G494RV33, B0G48V4FY3, B0G1KJ3WCZ, B0FJFD33KG, B0G1KS3MWK, B0FKT6X3BR, B0GQ329RS4, B0FJFPFHMG, B0GSZKF9ZP, B0G495CLLY, B0G48ZFG81, B0FL25XQD2, B0DCNXN9TT, B0G49MPNY5, B0D62PP9R8, B0FKG59Y39, B0FMRL62PD, B0G492KP3S, B0FL229QMC, B0G1KS7QRM, B0G1KS7QRP, B0FKG646H1, B0FKG2LLW3, B0G1KQXWTJ, B0FPBZM9Z4, B0G1KT58K1, B0FPBYZR7P, B0G4952VTT, B0G1LFLJ4Q, B0G1KTWL3S, B0D62PK11P, B0G494PCW7, B0GQ36H9LX, B0FJFR8NJ4, B0FKT97CWJ, B0G48TNN5B, B0FPBZM9ZJ, B0G492XJCC, B0D624DDQ1, B0FL25RP4J, B0G1LJBMRD, B0FJLKJ69F, B0D62Q8W9S, B0GF8G8VQV, B0G1KRN988, B0G492D668, B0GTVB34L9, B0FPC11CSH, B0G49KGQKB, B0G1KR8RKD, B0FJF91P45, B0G1KQQ5DM, B0GQ339WHG, B0GF8F348S, B0G48T41L6, B0FKT97CWS, B0G1KSRGKX, B0FJFCJGNJ, B0DCNT9T5R, B0GKCY9GM9, B0GJCXVNT3, B0FL27YQMP, B0G494VJPH, B0FJKY3FPR, B0FKFSNYMZ, B0DCNTDRQT, B0G1KTDKN5, B0GF89JL62, B0FKT5JV45, B0G1KN6DG8, B0FPBZPCG8, B0FL24PKP2, B0GGGTFK9F, B0FJFBGRH1, B0G48QBBVH, B0FKT9FDKT, B0G48WN3KQ, B0DCNTXQTL, B0GSZJ1K25, B0FJFBHXRN, B0FX8QVQ1C, B0D62RDDXW, B0FPC1BVCP, B0FHHCKH8Z, B0G494P3VK, B0FJKS2QTS, B0G1LFK6LS, B0FM3Q5CDB, B0FL243THS, B0G1KJ8CP8, B0G495FT8C, B0G1KJ7W9N, B0GF868YM2, B0FPC2RKJX, B0G494RD5V, B0D62PYWXG, B0GTVJ9D26, B0FHHBBNGX, B0GQ3FRJK4, B0FJL7R6WK, B0FM2FZD1X, B0FPC2214P, B0D62PYWXL, B0GQ3KBWJ3, B0FKG17YR7, B0G1KVKD63, B0FJF9Z5Q4, B0G1KD3R9D, B0GSZGMB9R, B0FJFBHBYB, B0GF8DN9GY, B0FPC143NM, B0G1KQC9RR, B0G1KD4NNZ, B0G1LFPFKL, B0G1KTWBG3, B0F7H2KKC5, B0DCNTVSWG, B0FL25VV9L, B0GSZYS7R7, B0GSZKCJ8T, B0FPBZ4XBC, B0FFS71J97, B0G492VDCK, B0F7H2PHNV, B0FJFDW38C, B0FKT2J24C, B0FL2483W8, B0G48WM32F, B0DCNT737D, B0FJLDPYGV, B0FJFCHTBF, B0FL23V1V5, B0FKT61TRK, B0FL241X2L, B0G493SWV1, B0DCNSMGXP, B0FKFXGX4R, B0G1KNZD6L, B0FL22Y972, B0FL23ZZZC, B0FKT68NQW, B0GF8R3ZDG, B0GQ3JNR6K, B0G49J8H8B, B0FHD28HMJ, B0GF8N3WQ8, B0FKT6TZ4K, B0FHD28HMK, B0FHH91WF6, B0FPBYZN86, B0D62RVZQK, B0FPBZY5F2, B0D62NTVH7, B0FPBYX6NR, B0FM3PYGCL, B0D62RVJ3D, B0FJFDYJB5, B0FN4FHD9S, B0G4936M9P, B0GF8HQN4V, B0FL241TJL, B0FM2NN974, B0FJFBC4NT, B0G493XXK8, B0G1KJ7X61, B0FL23DPDW, B0FL27T3FD, B0G49HQGLG, B0FJKPB824, B0FKG9PSRZ, B0FL23PX11, B0FJF9ZGPM, B0G4998RX4, B0GGH1BSP7, B0FJLD88TG, B0FPBYN9Q9, B0FKT9B1JW, B0FKG173B4, B0G1KRL4LV, B0FPC13QP4, B0FJL5HCC2, B0FJFQR9DZ, B0FHH9VZBQ, B0FL2475YZ, B0D62RJ979, B0D62NC1P5, B0FKT4WNRQ, B0D62QQ5X3, B0FPBYXL79, B0FPC18KV5, B0G1KQYP83, B0FKFYPKGC, B0DCNTF6MD, B0FJFC1HQL, B0G499MNMX, B0FLNF5TRD, B0GSZNC46P, B0FJL839WV, B0FKT9PWJ5, B0G494BZ4Y, B0G4963KL6, B0FFR9VRZ6, B0FKT5XRZQ, B0G1KJ8RDS, B0FPBZ57Z6, B0FJFB2VY7, B0FJFB2VY8, B0FJKY51WT, B0FL26YR4L, B0FJKS46J5, B0G48TGDC3, B0FPC31RFP, B0FL238PF3, B0FJFSC73T, B0FL21ZP78, B0FPC1VPKY, B0G48QP15S, B0GSZG6LJR, B0G1KV5NR6, B0DCNT556V, B0FKT2G4XX, B0G48R563V, B0FXDDGM8N, B0FL26QGVK, B0G49KVMJQ, B0FPBZZRR9, B0FKGHTXHV, B0FMRMJDN9, B0D62R8L4M, B0FJL8TSWF, B0G4954RYC, B0FPBZW19V, B0FPC24S8D, B0G1KRWFJT, B0FKT2KH55, B0FM2R8K3B, B0FJKY514G, B0D62T64VR, B0G1KD467S, B0FJL7MY32, B0GL26WPQZ, B0G493NTFX, B0G1KTYH57, B0GGH7CLG5, B0FJF9V7JK, B0DCNXTJSN, B0G1KVFZ8G, B0G1KJ3RH9, B0G1KRNJKT, B0G1KSL828, B0FJL1KDQF, B0G1KT93DZ, B0FL24WNMW, B0FM3MMRPK, B0FL22YJQK, B0FLN8XP2Y, B0FJFB4V4M, B0FHHB32G1, B0FHCYLMGK, B0FJFQ75FP, B0G48ZQLL9, B0DCNTT5X8, B0FLNKKC44, B0G493N7PP, B0G497XQWG, B0FL262F3G, B0FHCZT6G1, B0GKCPX1DF, B0G48Z8XM3, B0FJKYW3SM, B0FM22JQ72, B0FJL8Q7D3, B0FL27C9N4, B0FKT6KJKX, B0FJF8DYZM, B0G1KMBK99, B0FJFDXG5Q, B0FKT9GCWF, B0G1KRZ2X8, B0DCNQRQHF, B0FJFBD4DZ, B0FHH92DG7, B0FJLDBNZC, B0FKG56HGZ, B0FKTBNHLG, B0G48YR3SY, B0FJF9S4GW, B0FM2G5DWQ, B0G1KRNPVK, B0FL223F7V, B0FKT6P529, B0G48VJCDH, B0D62R31SB, B0G48SKT7W, B0G49KB695, B0FKFXHM9D, B0G1KR9MLZ, B0G1KQL9HV, B0FKGFM8NZ, B0G1KVCHC4, B0FL23YSCQ, B0FKT6187R, B0DCNWP95M, B0FKT63Y31, B0FPBYMRM1, B0D62M1HDX, B0FJF9XSYF, B0FL26J7QX, B0DCNS125M, B0G1KQTL77, B0FKFT4KSH, B0FM2SNM5B, B0GR5V95MX, B0FL24HXQH, B0GF8HMWJ8, B0DCNV9XTF, B0D62L13ZZ, B0FKGFPGC1, B0FL278GJG, B0GGGPC458, B0FL27BGM4, B0FL22Z9HR, B0FL26LJRK, B0FPC153VK, B0G1LDKH95, B0FHH92L98, B0FKFSRZ27, B0GGGZ16C9, B0FFS4YKFM, B0FM3NF48M, B0GQ38K8ZD, B0G48XC9JX, B0FJKNZ918, B0FJLHM4KX, B0G4996BK4, B0G1KD3WRQ, B0DCNSQCT9, B0FJF8B8JJ, B0FJKRC2ZM, B0DCNWR6GR, B0FHH8F6QX, B0G1KS9YF6, B0FPC1P858, B0FKGCPH79, B0G1KSLNXM, B0G4939K8M, B0GF8C6TPY, B0F7H4V8T8, B0FJKPKCY7, B0FLNPW3ZD, B0G1LBWPHP, B0FKT6VQLH, B0G493G7JF, B0GSZNC7PC, B0G1KS6FHV, B0G49CMJ44, B0FM2WG4SL, B0GQ3642Q5, B0G1KT7ZQ6, B0FKGCB22L, B0D62S6T95, B0FPBZ8N1T, B0GGH8Q7PC, B0FKFQC1SX, B0FKG18BSD, B0G1KRF1JN, B0FJF9VTL8, B0G1KR9CTW, B0FJKP1RC5, B0FKFQGVPG, B0FM3KRSTC, B0FHH4Q5J4, B0GSZK3SGF, B0FKTBZ49L, B0G1LFSHTF, B0G49GT8PM, B0FL26R8BJ, B0G1KTRG1H, B0G494MLHZ, B0D62RN5RD, B0FL23K4JF, B0FL226YLL, B0GF8LR9C8, B0GSZHPRC7, B0FJFC9ZM4, B0FKT6PSFS, B0G492NV13, B0GSZMH5X2, B0FJFRPC2Z, B0FPC17BWG, B0FM3P5PQ8, B0FHH916VT, B0FKGFQ55Y, B0G49719CX, B0FJFCL2D5, B0FM3Q97VF, B0FJL53542, B0GQ3FFJCQ, B0D62PLJ9K, B0FHD1V22C, B0FKGFNB82, B0D62Q7RLH, B0FJF9VTF6, B0GGGMFZ34, B0G1KS3DJX, B0G492QLSV, B0DCNWVW96, B0D5YK5Y9S, B0FHD42DHC, B0FHHB1SP6, B0DCNVBXQ1, B0G49H5BB8, B0DCNRTHNH, B0GQ3BB2SM, B0FJFBSSNP, B0D62P4R4Q, B0FL26CYQM, B0GF8DRLNG, B0FL221BL3, B0G48ZSKNL, B0G48SNFYC, B0FL23NFBD, B0G1KRZD13, B0G1KRZD14, B0G1KD4H78, B0FM3MWCGH, B0G1KTNS7G, B0G493LRTM, B0D62SVPV2, B0G1KJ77CF, B0GF8G7392, B0FKGJ2P3M, B0FJKRKVH4, B0FPBYVLLV, B0G1KT1RMR]",amzn1.campaign.BKEMEG1GTUJQ,🌿 DCX Mess-Free Living Rug Guardian Campaign 🌿,DCX,2026-04-08,2026-12-12,10.00%,5000.0,5000.0,26,800,false
"[B0GKC8WVZL, B0D6258C1X, B0FJF8HD6Y, B0FPBYSKBV, B0FPBZDMX2, B0G1KCZ858, B0GSZFX6FH, B0G48ZP2PC, B0FHH5L58M, B0FKGFQGVZ, B0D61YZVK9, B0GQ3D6DPF, B0GQ39CHBX, B0GTV61272, B0D62M7MTH, B0FJFCHMYK, B0GR5T1LV3, B0G492ZSJW, B0FL26ZWKJ, B0GGGHTMFB, B0DCNTGV14, B0FKFNHCCL, B0FM292STK, B0FPC13XS8, B0G494RV33, B0G48V4FY3, B0G1KJ3WCZ, B0FJFD33KG, B0G1KS3MWK, B0FKT6X3BR, B0GQ329RS4, B0FJFPFHMG, B0GSZKF9ZP, B0G495CLLY, B0G48ZFG81, B0FL25XQD2, B0DCNXN9TT, B0G49MPNY5, B0D62PP9R8, B0FKG59Y39, B0FMRL62PD, B0G492KP3S, B0FL229QMC, B0G1KS7QRM, B0G1KS7QRP, B0FKG646H1, B0FKG2LLW3, B0G1KQXWTJ, B0FPBZM9Z4, B0G1KT58K1, B0FPBYZR7P, B0G4952VTT, B0G1LFLJ4Q, B0G1KTWL3S, B0D62PK11P, B0G494PCW7, B0GQ36H9LX, B0FJFR8NJ4, B0FKT97CWJ, B0G48TNN5B, B0FPBZM9ZJ, B0G492XJCC, B0D624DDQ1, B0FL25RP4J, B0G1LJBMRD, B0FJLKJ69F, B0D62Q8W9S, B0GF8G8VQV, B0G1KRN988, B0G492D668, B0GTVB34L9, B0FPC11CSH, B0G49KGQKB, B0G1KR8RKD, B0FJF91P45, B0G1KQQ5DM, B0GQ339WHG, B0GF8F348S, B0G48T41L6, B0FKT97CWS, B0G1KSRGKX, B0FJFCJGNJ, B0DCNT9T5R, B0GKCY9GM9, B0GJCXVNT3, B0FL27YQMP, B0G494VJPH, B0FJKY3FPR, B0FKFSNYMZ, B0DCNTDRQT, B0G1KTDKN5, B0GF89JL62, B0FKT5JV45, B0G1KN6DG8, B0FPBZPCG8, B0FL24PKP2, B0GGGTFK9F, B0FJFBGRH1, B0G48QBBVH, B0FKT9FDKT, B0G48WN3KQ, B0DCNTXQTL, B0GSZJ1K25, B0FJFBHXRN, B0FX8QVQ1C, B0D62RDDXW, B0FPC1BVCP, B0FHHCKH8Z, B0G494P3VK, B0FJKS2QTS, B0G1LFK6LS, B0FM3Q5CDB, B0FL243THS, B0G1KJ8CP8, B0G495FT8C, B0G1KJ7W9N, B0GF868YM2, B0FPC2RKJX, B0G494RD5V, B0D62PYWXG, B0GTVJ9D26, B0FHHBBNGX, B0GQ3FRJK4, B0FJL7R6WK, B0FM2FZD1X, B0FPC2214P, B0D62PYWXL, B0GQ3KBWJ3, B0FKG17YR7, B0G1KVKD63, B0FJF9Z5Q4, B0G1KD3R9D, B0GSZGMB9R, B0FJFBHBYB, B0GF8DN9GY, B0FPC143NM, B0G1KQC9RR, B0G1KD4NNZ, B0G1LFPFKL, B0G1KTWBG3, B0F7H2KKC5, B0DCNTVSWG, B0FL25VV9L, B0GSZYS7R7, B0GSZKCJ8T, B0FPBZ4XBC, B0FFS71J97, B0G492VDCK, B0F7H2PHNV, B0FJFDW38C, B0FKT2J24C, B0FL2483W8, B0G48WM32F, B0DCNT737D, B0FJLDPYGV, B0FJFCHTBF, B0FL23V1V5, B0FKT61TRK, B0FL241X2L, B0G493SWV1, B0DCNSMGXP, B0FKFXGX4R, B0G1KNZD6L, B0FL22Y972, B0FL23ZZZC, B0FKT68NQW, B0GF8R3ZDG, B0GQ3JNR6K, B0G49J8H8B, B0FHD28HMJ, B0GF8N3WQ8, B0FKT6TZ4K, B0FHD28HMK, B0FHH91WF6, B0FPBYZN86, B0D62RVZQK, B0FPBZY5F2, B0D62NTVH7, B0FPBYX6NR, B0FM3PYGCL, B0D62RVJ3D, B0FJFDYJB5, B0FN4FHD9S, B0G4936M9P, B0GF8HQN4V, B0FL241TJL, B0FM2NN974, B0FJFBC4NT, B0G493XXK8, B0G1KJ7X61, B0FL23DPDW, B0FL27T3FD, B0G49HQGLG, B0FJKPB824, B0FKG9PSRZ, B0FL23PX11, B0FJF9ZGPM, B0G4998RX4, B0GGH1BSP7, B0FJLD88TG, B0FPBYN9Q9, B0FKT9B1JW, B0FKG173B4, B0G1KRL4LV, B0FPC13QP4, B0FJL5HCC2, B0FJFQR9DZ, B0FHH9VZBQ, B0FL2475YZ, B0D62RJ979, B0D62NC1P5, B0FKT4WNRQ, B0D62QQ5X3, B0FPBYXL79, B0FPC18KV5, B0G1KQYP83, B0FKFYPKGC, B0DCNTF6MD, B0FJFC1HQL, B0G499MNMX, B0FLNF5TRD, B0GSZNC46P, B0FJL839WV, B0FKT9PWJ5, B0G494BZ4Y, B0G4963KL6, B0FFR9VRZ6, B0FKT5XRZQ, B0G1KJ8RDS, B0FPBZ57Z6, B0FJFB2VY7, B0FJFB2VY8, B0FJKY51WT, B0FL26YR4L, B0FJKS46J5, B0G48TGDC3, B0FPC31RFP, B0FL238PF3, B0FJFSC73T, B0FL21ZP78, B0FPC1VPKY, B0G48QP15S, B0GSZG6LJR, B0G1KV5NR6, B0DCNT556V, B0FKT2G4XX, B0G48R563V, B0FXDDGM8N, B0FL26QGVK, B0G49KVMJQ, B0FPBZZRR9, B0FKGHTXHV, B0FMRMJDN9, B0D62R8L4M, B0FJL8TSWF, B0G4954RYC, B0FPBZW19V, B0FPC24S8D, B0G1KRWFJT, B0FKT2KH55, B0FM2R8K3B, B0FJKY514G, B0D62T64VR, B0G1KD467S, B0FJL7MY32, B0GL26WPQZ, B0G493NTFX, B0G1KTYH57, B0GGH7CLG5, B0FJF9V7JK, B0DCNXTJSN, B0G1KVFZ8G, B0G1KJ3RH9, B0G1KRNJKT, B0G1KSL828, B0FJL1KDQF, B0G1KT93DZ, B0FL24WNMW, B0FM3MMRPK, B0FL22YJQK, B0FLN8XP2Y, B0FJFB4V4M, B0FHHB32G1, B0FHCYLMGK, B0FJFQ75FP, B0G48ZQLL9, B0DCNTT5X8, B0FLNKKC44, B0G493N7PP, B0G497XQWG, B0FL262F3G, B0FHCZT6G1, B0GKCPX1DF, B0G48Z8XM3, B0FJKYW3SM, B0FM22JQ72, B0FJL8Q7D3, B0FL27C9N4, B0FKT6KJKX, B0FJF8DYZM, B0G1KMBK99, B0FJFDXG5Q, B0FKT9GCWF, B0G1KRZ2X8, B0DCNQRQHF, B0FJFBD4DZ, B0FHH92DG7, B0FJLDBNZC, B0FKG56HGZ, B0FKTBNHLG, B0G48YR3SY, B0FJF9S4GW, B0FM2G5DWQ, B0G1KRNPVK, B0FL223F7V, B0FKT6P529, B0G48VJCDH, B0D62R31SB, B0G48SKT7W, B0G49KB695, B0FKFXHM9D, B0G1KR9MLZ, B0G1KQL9HV, B0FKGFM8NZ, B0G1KVCHC4, B0FL23YSCQ, B0FKT6187R, B0DCNWP95M, B0FKT63Y31, B0FPBYMRM1, B0D62M1HDX, B0FJF9XSYF, B0FL26J7QX, B0DCNS125M, B0G1KQTL77, B0FKFT4KSH, B0FM2SNM5B, B0GR5V95MX, B0FL24HXQH, B0GF8HMWJ8, B0DCNV9XTF, B0D62L13ZZ, B0FKGFPGC1, B0FL278GJG, B0GGGPC458, B0FL27BGM4, B0FL22Z9HR, B0FL26LJRK, B0FPC153VK, B0G1LDKH95, B0FHH92L98, B0FKFSRZ27, B0GGGZ16C9, B0FFS4YKFM, B0FM3NF48M, B0GQ38K8ZD, B0G48XC9JX, B0FJKNZ918, B0FJLHM4KX, B0G4996BK4, B0G1KD3WRQ, B0DCNSQCT9, B0FJF8B8JJ, B0FJKRC2ZM, B0DCNWR6GR, B0FHH8F6QX, B0G1KS9YF6, B0FPC1P858, B0FKGCPH79, B0G1KSLNXM, B0G4939K8M, B0GF8C6TPY, B0F7H4V8T8, B0FJKPKCY7, B0FLNPW3ZD, B0G1LBWPHP, B0FKT6VQLH, B0G493G7JF, B0GSZNC7PC, B0G1KS6FHV, B0G49CMJ44, B0FM2WG4SL, B0GQ3642Q5, B0G1KT7ZQ6, B0FKGCB22L, B0D62S6T95, B0FPBZ8N1T, B0GGH8Q7PC, B0FKFQC1SX, B0FKG18BSD, B0G1KRF1JN, B0FJF9VTL8, B0G1KR9CTW, B0FJKP1RC5, B0FKFQGVPG, B0FM3KRSTC, B0FHH4Q5J4, B0GSZK3SGF, B0FKTBZ49L, B0G1LFSHTF, B0G49GT8PM, B0FL26R8BJ, B0G1KTRG1H, B0G494MLHZ, B0D62RN5RD, B0FL23K4JF, B0FL226YLL, B0GF8LR9C8, B0GSZHPRC7, B0FJFC9ZM4, B0FKT6PSFS, B0G492NV13, B0GSZMH5X2, B0FJFRPC2Z, B0FPC17BWG, B0FM3P5PQ8, B0FHH916VT, B0FKGFQ55Y, B0G49719CX, B0FJFCL2D5, B0FM3Q97VF, B0FJL53542, B0GQ3FFJCQ, B0D62PLJ9K, B0FHD1V22C, B0FKGFNB82, B0D62Q7RLH, B0FJF9VTF6, B0GGGMFZ34, B0G1KS3DJX, B0G492QLSV, B0DCNWVW96, B0D5YK5Y9S, B0FHD42DHC, B0FHHB1SP6, B0DCNVBXQ1, B0G49H5BB8, B0DCNRTHNH, B0GQ3BB2SM, B0FJFBSSNP, B0D62P4R4Q, B0FL26CYQM, B0GF8DRLNG, B0FL221BL3, B0G48ZSKNL, B0G48SNFYC, B0FL23NFBD, B0G1KRZD13, B0G1KRZD14, B0G1KD4H78, B0FM3MWCGH, B0G1KTNS7G, B0G493LRTM, B0D62SVPV2, B0G1KJ77CF, B0GF8G7392, B0FKGJ2P3M, B0FJKRKVH4, B0FPBYVLLV, B0G1KT1RMR]",amzn1.campaign.2OA3WCPYRT8XO,🎨 DCX Timeless Vintage Rug Glow Campaign 🎨,DCX,2026-04-08,2026-12-25,10.00%,5000.0,5000.0,20,800,false
"[B0GKC8WVZL, B0D6258C1X, B0FJF8HD6Y, B0FPBYSKBV, B0FPBZDMX2, B0G1KCZ858, B0GSZFX6FH, B0G48ZP2PC, B0FHH5L58M, B0FKGFQGVZ, B0D61YZVK9, B0GQ3D6DPF, B0GQ39CHBX, B0GTV61272, B0D62M7MTH, B0FJFCHMYK, B0GR5T1LV3, B0G492ZSJW, B0FL26ZWKJ, B0GGGHTMFB, B0DCNTGV14, B0FKFNHCCL, B0FM292STK, B0FPC13XS8, B0G494RV33, B0G48V4FY3, B0G1KJ3WCZ, B0FJFD33KG, B0G1KS3MWK, B0FKT6X3BR, B0GQ329RS4, B0FJFPFHMG, B0GSZKF9ZP, B0G495CLLY, B0G48ZFG81, B0FL25XQD2, B0DCNXN9TT, B0G49MPNY5, B0D62PP9R8, B0FKG59Y39, B0FMRL62PD, B0G492KP3S, B0FL229QMC, B0G1KS7QRM, B0G1KS7QRP, B0FKG646H1, B0FKG2LLW3, B0G1KQXWTJ, B0FPBZM9Z4, B0G1KT58K1, B0FPBYZR7P, B0G4952VTT, B0G1LFLJ4Q, B0G1KTWL3S, B0D62PK11P, B0G494PCW7, B0GQ36H9LX, B0FJFR8NJ4, B0FKT97CWJ, B0G48TNN5B, B0FPBZM9ZJ, B0G492XJCC, B0D624DDQ1, B0FL25RP4J, B0G1LJBMRD, B0FJLKJ69F, B0D62Q8W9S, B0GF8G8VQV, B0G1KRN988, B0G492D668, B0GTVB34L9, B0FPC11CSH, B0G49KGQKB, B0G1KR8RKD, B0FJF91P45, B0G1KQQ5DM, B0GQ339WHG, B0GF8F348S, B0G48T41L6, B0FKT97CWS, B0G1KSRGKX, B0FJFCJGNJ, B0DCNT9T5R, B0GKCY9GM9, B0GJCXVNT3, B0FL27YQMP, B0G494VJPH, B0FJKY3FPR, B0FKFSNYMZ, B0DCNTDRQT, B0G1KTDKN5, B0GF89JL62, B0FKT5JV45, B0G1KN6DG8, B0FPBZPCG8, B0FL24PKP2, B0GGGTFK9F, B0FJFBGRH1, B0G48QBBVH, B0FKT9FDKT, B0G48WN3KQ, B0DCNTXQTL, B0GSZJ1K25, B0FJFBHXRN, B0FX8QVQ1C, B0D62RDDXW, B0FPC1BVCP, B0FHHCKH8Z, B0G494P3VK, B0FJKS2QTS, B0G1LFK6LS, B0FM3Q5CDB, B0FL243THS, B0G1KJ8CP8, B0G495FT8C, B0G1KJ7W9N, B0GF868YM2, B0FPC2RKJX, B0G494RD5V, B0D62PYWXG, B0GTVJ9D26, B0FHHBBNGX, B0GQ3FRJK4, B0FJL7R6WK, B0FM2FZD1X, B0FPC2214P, B0D62PYWXL, B0GQ3KBWJ3, B0FKG17YR7, B0G1KVKD63, B0FJF9Z5Q4, B0G1KD3R9D, B0GSZGMB9R, B0FJFBHBYB, B0GF8DN9GY, B0FPC143NM, B0G1KQC9RR, B0G1KD4NNZ, B0G1LFPFKL, B0G1KTWBG3, B0F7H2KKC5, B0DCNTVSWG, B0FL25VV9L, B0GSZYS7R7, B0GSZKCJ8T, B0FPBZ4XBC, B0FFS71J97, B0G492VDCK, B0F7H2PHNV, B0FJFDW38C, B0FKT2J24C, B0FL2483W8, B0G48WM32F, B0DCNT737D, B0FJLDPYGV, B0FJFCHTBF, B0FL23V1V5, B0FKT61TRK, B0FL241X2L, B0G493SWV1, B0DCNSMGXP, B0FKFXGX4R, B0G1KNZD6L, B0FL22Y972, B0FL23ZZZC, B0FKT68NQW, B0GF8R3ZDG, B0GQ3JNR6K, B0G49J8H8B, B0FHD28HMJ, B0GF8N3WQ8, B0FKT6TZ4K, B0FHD28HMK, B0FHH91WF6, B0FPBYZN86, B0D62RVZQK, B0FPBZY5F2, B0D62NTVH7, B0FPBYX6NR, B0FM3PYGCL, B0D62RVJ3D, B0FJFDYJB5, B0FN4FHD9S, B0G4936M9P, B0GF8HQN4V, B0FL241TJL, B0FM2NN974, B0FJFBC4NT, B0G493XXK8, B0G1KJ7X61, B0FL23DPDW, B0FL27T3FD, B0G49HQGLG, B0FJKPB824, B0FKG9PSRZ, B0FL23PX11, B0FJF9ZGPM, B0G4998RX4, B0GGH1BSP7, B0FJLD88TG, B0FPBYN9Q9, B0FKT9B1JW, B0FKG173B4, B0G1KRL4LV, B0FPC13QP4, B0FJL5HCC2, B0FJFQR9DZ, B0FHH9VZBQ, B0FL2475YZ, B0D62RJ979, B0D62NC1P5, B0FKT4WNRQ, B0D62QQ5X3, B0FPBYXL79, B0FPC18KV5, B0G1KQYP83, B0FKFYPKGC, B0DCNTF6MD, B0FJFC1HQL, B0G499MNMX, B0FLNF5TRD, B0GSZNC46P, B0FJL839WV, B0FKT9PWJ5, B0G494BZ4Y, B0G4963KL6, B0FFR9VRZ6, B0FKT5XRZQ, B0G1KJ8RDS, B0FPBZ57Z6, B0FJFB2VY7, B0FJFB2VY8, B0FJKY51WT, B0FL26YR4L, B0FJKS46J5, B0G48TGDC3, B0FPC31RFP, B0FL238PF3, B0FJFSC73T, B0FL21ZP78, B0FPC1VPKY, B0G48QP15S, B0GSZG6LJR, B0G1KV5NR6, B0DCNT556V, B0FKT2G4XX, B0G48R563V, B0FXDDGM8N, B0FL26QGVK, B0G49KVMJQ, B0FPBZZRR9, B0FKGHTXHV, B0FMRMJDN9, B0D62R8L4M, B0FJL8TSWF, B0G4954RYC, B0FPBZW19V, B0FPC24S8D, B0G1KRWFJT, B0FKT2KH55, B0FM2R8K3B, B0FJKY514G, B0D62T64VR, B0G1KD467S, B0FJL7MY32, B0GL26WPQZ, B0G493NTFX, B0G1KTYH57, B0GGH7CLG5, B0FJF9V7JK, B0DCNXTJSN, B0G1KVFZ8G, B0G1KJ3RH9, B0G1KRNJKT, B0G1KSL828, B0FJL1KDQF, B0G1KT93DZ, B0FL24WNMW, B0FM3MMRPK, B0FL22YJQK, B0FLN8XP2Y, B0FJFB4V4M, B0FHHB32G1, B0FHCYLMGK, B0FJFQ75FP, B0G48ZQLL9, B0DCNTT5X8, B0FLNKKC44, B0G493N7PP, B0G497XQWG, B0FL262F3G, B0FHCZT6G1, B0GKCPX1DF, B0G48Z8XM3, B0FJKYW3SM, B0FM22JQ72, B0FJL8Q7D3, B0FL27C9N4, B0FKT6KJKX, B0FJF8DYZM, B0G1KMBK99, B0FJFDXG5Q, B0FKT9GCWF, B0G1KRZ2X8, B0DCNQRQHF, B0FJFBD4DZ, B0FHH92DG7, B0FJLDBNZC, B0FKG56HGZ, B0FKTBNHLG, B0G48YR3SY, B0FJF9S4GW, B0FM2G5DWQ, B0G1KRNPVK, B0FL223F7V, B0FKT6P529, B0G48VJCDH, B0D62R31SB, B0G48SKT7W, B0G49KB695, B0FKFXHM9D, B0G1KR9MLZ, B0G1KQL9HV, B0FKGFM8NZ, B0G1KVCHC4, B0FL23YSCQ, B0FKT6187R, B0DCNWP95M, B0FKT63Y31, B0FPBYMRM1, B0D62M1HDX, B0FJF9XSYF, B0FL26J7QX, B0DCNS125M, B0G1KQTL77, B0FKFT4KSH, B0FM2SNM5B, B0GR5V95MX, B0FL24HXQH, B0GF8HMWJ8, B0DCNV9XTF, B0D62L13ZZ, B0FKGFPGC1, B0FL278GJG, B0GGGPC458, B0FL27BGM4, B0FL22Z9HR, B0FL26LJRK, B0FPC153VK, B0G1LDKH95, B0FHH92L98, B0FKFSRZ27, B0GGGZ16C9, B0FFS4YKFM, B0FM3NF48M, B0GQ38K8ZD, B0G48XC9JX, B0FJKNZ918, B0FJLHM4KX, B0G4996BK4, B0G1KD3WRQ, B0DCNSQCT9, B0FJF8B8JJ, B0FJKRC2ZM, B0DCNWR6GR, B0FHH8F6QX, B0G1KS9YF6, B0FPC1P858, B0FKGCPH79, B0G1KSLNXM, B0G4939K8M, B0GF8C6TPY, B0F7H4V8T8, B0FJKPKCY7, B0FLNPW3ZD, B0G1LBWPHP, B0FKT6VQLH, B0G493G7JF, B0GSZNC7PC, B0G1KS6FHV, B0G49CMJ44, B0FM2WG4SL, B0GQ3642Q5, B0G1KT7ZQ6, B0FKGCB22L, B0D62S6T95, B0FPBZ8N1T, B0GGH8Q7PC, B0FKFQC1SX, B0FKG18BSD, B0G1KRF1JN, B0FJF9VTL8, B0G1KR9CTW, B0FJKP1RC5, B0FKFQGVPG, B0FM3KRSTC, B0FHH4Q5J4, B0GSZK3SGF, B0FKTBZ49L, B0G1LFSHTF, B0G49GT8PM, B0FL26R8BJ, B0G1KTRG1H, B0G494MLHZ, B0D62RN5RD, B0FL23K4JF, B0FL226YLL, B0GF8LR9C8, B0GSZHPRC7, B0FJFC9ZM4, B0FKT6PSFS, B0G492NV13, B0GSZMH5X2, B0FJFRPC2Z, B0FPC17BWG, B0FM3P5PQ8, B0FHH916VT, B0FKGFQ55Y, B0G49719CX, B0FJFCL2D5, B0FM3Q97VF, B0FJL53542, B0GQ3FFJCQ, B0D62PLJ9K, B0FHD1V22C, B0FKGFNB82, B0D62Q7RLH, B0FJF9VTF6, B0GGGMFZ34, B0G1KS3DJX, B0G492QLSV, B0DCNWVW96, B0D5YK5Y9S, B0FHD42DHC, B0FHHB1SP6, B0DCNVBXQ1, B0G49H5BB8, B0DCNRTHNH, B0GQ3BB2SM, B0FJFBSSNP, B0D62P4R4Q, B0FL26CYQM, B0GF8DRLNG, B0FL221BL3, B0G48ZSKNL, B0G48SNFYC, B0FL23NFBD, B0G1KRZD13, B0G1KRZD14, B0G1KD4H78, B0FM3MWCGH, B0G1KTNS7G, B0G493LRTM, B0D62SVPV2, B0G1KJ77CF, B0GF8G7392, B0FKGJ2P3M, B0FJKRKVH4, B0FPBYVLLV, B0G1KT1RMR]",amzn1.campaign.NEJLMWWDM30D,🐾 DCX Furry Joy Active Rug Campaign 🐾,DCX,2026-04-08,2027-01-05,10.00%,5000.0,5000.0,26,800,false
"[B0D7C26PHG, B0D6FNN68N, B0F9436NGW, B0D13VZDFB, B0DZG8H4Y3]",amzn1.campaign.3ECXJZNGPPHBF,3K+ Monthly Sales | Solar Lavender Butterfly12% Commission | ASIN:B0F9436NGW,NBQQ,2026-04-08,2026-09-30,12.00%,5000.0,4897.27,0,800,false
"[B0GJSGRXY4, B0GJSJXV8S]",amzn1.campaign.9QSOWNV1AAYI,10% Commission – Gold Virgin Mary Necklace for Women,XUANPAI,2026-04-08,2026-12-31,10.00%,5000.0,4997.6,3,800,false
"[B0GKC8WVZL, B0D6258C1X, B0FJF8HD6Y, B0FPBYSKBV, B0FPBZDMX2, B0G1KCZ858, B0GSZFX6FH, B0G48ZP2PC, B0FHH5L58M, B0FKGFQGVZ, B0D61YZVK9, B0GQ3D6DPF, B0GQ39CHBX, B0GTV61272, B0D62M7MTH, B0FJFCHMYK, B0GR5T1LV3, B0G492ZSJW, B0FL26ZWKJ, B0GGGHTMFB, B0DCNTGV14, B0FKFNHCCL, B0FM292STK, B0FPC13XS8, B0G494RV33, B0G48V4FY3, B0G1KJ3WCZ, B0FJFD33KG, B0G1KS3MWK, B0FKT6X3BR, B0GQ329RS4, B0FJFPFHMG, B0GSZKF9ZP, B0G495CLLY, B0G48ZFG81, B0FL25XQD2, B0DCNXN9TT, B0G49MPNY5, B0D62PP9R8, B0FKG59Y39, B0FMRL62PD, B0G492KP3S, B0FL229QMC, B0G1KS7QRM, B0G1KS7QRP, B0FKG646H1, B0FKG2LLW3, B0G1KQXWTJ, B0FPBZM9Z4, B0G1KT58K1, B0FPBYZR7P, B0G4952VTT, B0G1LFLJ4Q, B0G1KTWL3S, B0D62PK11P, B0G494PCW7, B0GQ36H9LX, B0FJFR8NJ4, B0FKT97CWJ, B0G48TNN5B, B0FPBZM9ZJ, B0G492XJCC, B0D624DDQ1, B0FL25RP4J, B0G1LJBMRD, B0FJLKJ69F, B0D62Q8W9S, B0GF8G8VQV, B0G1KRN988, B0G492D668, B0GTVB34L9, B0FPC11CSH, B0G49KGQKB, B0G1KR8RKD, B0FJF91P45, B0G1KQQ5DM, B0GQ339WHG, B0GF8F348S, B0G48T41L6, B0FKT97CWS, B0G1KSRGKX, B0FJFCJGNJ, B0DCNT9T5R, B0GKCY9GM9, B0GJCXVNT3, B0FL27YQMP, B0G494VJPH, B0FJKY3FPR, B0FKFSNYMZ, B0DCNTDRQT, B0G1KTDKN5, B0GF89JL62, B0FKT5JV45, B0G1KN6DG8, B0FPBZPCG8, B0FL24PKP2, B0GGGTFK9F, B0FJFBGRH1, B0G48QBBVH, B0FKT9FDKT, B0G48WN3KQ, B0DCNTXQTL, B0GSZJ1K25, B0FJFBHXRN, B0FX8QVQ1C, B0D62RDDXW, B0FPC1BVCP, B0FHHCKH8Z, B0G494P3VK, B0FJKS2QTS, B0G1LFK6LS, B0FM3Q5CDB, B0FL243THS, B0G1KJ8CP8, B0G495FT8C, B0G1KJ7W9N, B0GF868YM2, B0FPC2RKJX, B0G494RD5V, B0D62PYWXG, B0GTVJ9D26, B0FHHBBNGX, B0GQ3FRJK4, B0FJL7R6WK, B0FM2FZD1X, B0FPC2214P, B0D62PYWXL, B0GQ3KBWJ3, B0FKG17YR7, B0G1KVKD63, B0FJF9Z5Q4, B0G1KD3R9D, B0GSZGMB9R, B0FJFBHBYB, B0GF8DN9GY, B0FPC143NM, B0G1KQC9RR, B0G1KD4NNZ, B0G1LFPFKL, B0G1KTWBG3, B0F7H2KKC5, B0DCNTVSWG, B0FL25VV9L, B0GSZYS7R7, B0GSZKCJ8T, B0FPBZ4XBC, B0FFS71J97, B0G492VDCK, B0F7H2PHNV, B0FJFDW38C, B0FKT2J24C, B0FL2483W8, B0G48WM32F, B0DCNT737D, B0FJLDPYGV, B0FJFCHTBF, B0FL23V1V5, B0FKT61TRK, B0FL241X2L, B0G493SWV1, B0DCNSMGXP, B0FKFXGX4R, B0G1KNZD6L, B0FL22Y972, B0FL23ZZZC, B0FKT68NQW, B0GF8R3ZDG, B0GQ3JNR6K, B0G49J8H8B, B0FHD28HMJ, B0GF8N3WQ8, B0FKT6TZ4K, B0FHD28HMK, B0FHH91WF6, B0FPBYZN86, B0D62RVZQK, B0FPBZY5F2, B0D62NTVH7, B0FPBYX6NR, B0FM3PYGCL, B0D62RVJ3D, B0FJFDYJB5, B0FN4FHD9S, B0G4936M9P, B0GF8HQN4V, B0FL241TJL, B0FM2NN974, B0FJFBC4NT, B0G493XXK8, B0G1KJ7X61, B0FL23DPDW, B0FL27T3FD, B0G49HQGLG, B0FJKPB824, B0FKG9PSRZ, B0FL23PX11, B0FJF9ZGPM, B0G4998RX4, B0GGH1BSP7, B0FJLD88TG, B0FPBYN9Q9, B0FKT9B1JW, B0FKG173B4, B0G1KRL4LV, B0FPC13QP4, B0FJL5HCC2, B0FJFQR9DZ, B0FHH9VZBQ, B0FL2475YZ, B0D62RJ979, B0D62NC1P5, B0FKT4WNRQ, B0D62QQ5X3, B0FPBYXL79, B0FPC18KV5, B0G1KQYP83, B0FKFYPKGC, B0DCNTF6MD, B0FJFC1HQL, B0G499MNMX, B0FLNF5TRD, B0GSZNC46P, B0FJL839WV, B0FKT9PWJ5, B0G494BZ4Y, B0G4963KL6, B0FFR9VRZ6, B0FKT5XRZQ, B0G1KJ8RDS, B0FPBZ57Z6, B0FJFB2VY7, B0FJFB2VY8, B0FJKY51WT, B0FL26YR4L, B0FJKS46J5, B0G48TGDC3, B0FPC31RFP, B0FL238PF3, B0FJFSC73T, B0FL21ZP78, B0FPC1VPKY, B0G48QP15S, B0GSZG6LJR, B0G1KV5NR6, B0DCNT556V, B0FKT2G4XX, B0G48R563V, B0FXDDGM8N, B0FL26QGVK, B0G49KVMJQ, B0FPBZZRR9, B0FKGHTXHV, B0FMRMJDN9, B0D62R8L4M, B0FJL8TSWF, B0G4954RYC, B0FPBZW19V, B0FPC24S8D, B0G1KRWFJT, B0FKT2KH55, B0FM2R8K3B, B0FJKY514G, B0D62T64VR, B0G1KD467S, B0FJL7MY32, B0GL26WPQZ, B0G493NTFX, B0G1KTYH57, B0GGH7CLG5, B0FJF9V7JK, B0DCNXTJSN, B0G1KVFZ8G, B0G1KJ3RH9, B0G1KRNJKT, B0G1KSL828, B0FJL1KDQF, B0G1KT93DZ, B0FL24WNMW, B0FM3MMRPK, B0FL22YJQK, B0FLN8XP2Y, B0FJFB4V4M, B0FHHB32G1, B0FHCYLMGK, B0FJFQ75FP, B0G48ZQLL9, B0DCNTT5X8, B0FLNKKC44, B0G493N7PP, B0G497XQWG, B0FL262F3G, B0FHCZT6G1, B0GKCPX1DF, B0G48Z8XM3, B0FJKYW3SM, B0FM22JQ72, B0FJL8Q7D3, B0FL27C9N4, B0FKT6KJKX, B0FJF8DYZM, B0G1KMBK99, B0FJFDXG5Q, B0FKT9GCWF, B0G1KRZ2X8, B0DCNQRQHF, B0FJFBD4DZ, B0FHH92DG7, B0FJLDBNZC, B0FKG56HGZ, B0FKTBNHLG, B0G48YR3SY, B0FJF9S4GW, B0FM2G5DWQ, B0G1KRNPVK, B0FL223F7V, B0FKT6P529, B0G48VJCDH, B0D62R31SB, B0G48SKT7W, B0G49KB695, B0FKFXHM9D, B0G1KR9MLZ, B0G1KQL9HV, B0FKGFM8NZ, B0G1KVCHC4, B0FL23YSCQ, B0FKT6187R, B0DCNWP95M, B0FKT63Y31, B0FPBYMRM1, B0D62M1HDX, B0FJF9XSYF, B0FL26J7QX, B0DCNS125M, B0G1KQTL77, B0FKFT4KSH, B0FM2SNM5B, B0GR5V95MX, B0FL24HXQH, B0GF8HMWJ8, B0DCNV9XTF, B0D62L13ZZ, B0FKGFPGC1, B0FL278GJG, B0GGGPC458, B0FL27BGM4, B0FL22Z9HR, B0FL26LJRK, B0FPC153VK, B0G1LDKH95, B0FHH92L98, B0FKFSRZ27, B0GGGZ16C9, B0FFS4YKFM, B0FM3NF48M, B0GQ38K8ZD, B0G48XC9JX, B0FJKNZ918, B0FJLHM4KX, B0G4996BK4, B0G1KD3WRQ, B0DCNSQCT9, B0FJF8B8JJ, B0FJKRC2ZM, B0DCNWR6GR, B0FHH8F6QX, B0G1KS9YF6, B0FPC1P858, B0FKGCPH79, B0G1KSLNXM, B0G4939K8M, B0GF8C6TPY, B0F7H4V8T8, B0FJKPKCY7, B0FLNPW3ZD, B0G1LBWPHP, B0FKT6VQLH, B0G493G7JF, B0GSZNC7PC, B0G1KS6FHV, B0G49CMJ44, B0FM2WG4SL, B0GQ3642Q5, B0G1KT7ZQ6, B0FKGCB22L, B0D62S6T95, B0FPBZ8N1T, B0GGH8Q7PC, B0FKFQC1SX, B0FKG18BSD, B0G1KRF1JN, B0FJF9VTL8, B0G1KR9CTW, B0FJKP1RC5, B0FKFQGVPG, B0FM3KRSTC, B0FHH4Q5J4, B0GSZK3SGF, B0FKTBZ49L, B0G1LFSHTF, B0G49GT8PM, B0FL26R8BJ, B0G1KTRG1H, B0G494MLHZ, B0D62RN5RD, B0FL23K4JF, B0FL226YLL, B0GF8LR9C8, B0GSZHPRC7, B0FJFC9ZM4, B0FKT6PSFS, B0G492NV13, B0GSZMH5X2, B0FJFRPC2Z, B0FPC17BWG, B0FM3P5PQ8, B0FHH916VT, B0FKGFQ55Y, B0G49719CX, B0FJFCL2D5, B0FM3Q97VF, B0FJL53542, B0GQ3FFJCQ, B0D62PLJ9K, B0FHD1V22C, B0FKGFNB82, B0D62Q7RLH, B0FJF9VTF6, B0GGGMFZ34, B0G1KS3DJX, B0G492QLSV, B0DCNWVW96, B0D5YK5Y9S, B0FHD42DHC, B0FHHB1SP6, B0DCNVBXQ1, B0G49H5BB8, B0DCNRTHNH, B0GQ3BB2SM, B0FJFBSSNP, B0D62P4R4Q, B0FL26CYQM, B0GF8DRLNG, B0FL221BL3, B0G48ZSKNL, B0G48SNFYC, B0FL23NFBD, B0G1KRZD13, B0G1KRZD14, B0G1KD4H78, B0FM3MWCGH, B0G1KTNS7G, B0G493LRTM, B0D62SVPV2, B0G1KJ77CF, B0GF8G7392, B0FKGJ2P3M, B0FJKRKVH4, B0FPBYVLLV, B0G1KT1RMR]",amzn1.campaign.3HAR8BU3M766U,🏡 DCX Soft Haven Daily Rug Campaign 🏡,DCX,2026-04-08,2026-11-18,10.00%,5000.0,5000.0,25,800,false
"[B0D2SS1GMQ, B0CR1Q53WY, B0FSZZZ9FX, B0CLXP6FZ1, B0DBSKCHZC, B0FLJWQMTZ, B0D4MJSG79, B0F53N9PBY, B0G4CVD67W, B0DK8751ZG, B0CSRX13NC, B0FWK9J3JX, B0D89THPLK, B0DRC4J4PW, B0G4TBJP55, B0CTCPQ2TL, B0D9GDX1R4, B0G5YM4M8X, B0DR2HG2HH, B0CHJLW7KH, B0GV3HLLS5, B0G4Q22KBW, B0D2RJX2P5, B0FBWKSF7K, B0CR1PVYMC, B0CS2T73TG, B0DB88CDC4, B0D62V967V, B0F3WWRJDF, B0DG8ZVDTH, B0FL1F9RC4, B0CGJ9P1RV, B0CQPJVXQJ, B0CSFLZ136, B0C6SDJR53, B0C7ZV7Z6H, B0DQKWY3RP, B0DFWSD1VH, B0D7W2TJMH, B0CSFWPKWL, B0GQ7VD11M, B0D8JHP26H, B0CZP3P96X, B0CR1DKHDQ, B0CR1P7XXV, B0DMVY91DK, B0CTCR1NDZ, B0GR5FZR6Z, B0D97FCG9H, B0DQPQFFDQ, B0FP545PD1, B0CTCQZ6Y2, B0FS6Y6HDL, B0CZNZMHTT, B0GQT8TTTQ, B0CYGP71BW, B0GVSFQM4S, B0D9H463N8, B0G6XGLRCN, B0CLLFCDKN, B0D31182NV, B0GTYX1QVQ, B0G3NSP7Z5, B0CZNZ27CN, B0CQM27757, B0CF8DL1Y4, B0CGHWHZLV, B0DK4HLLR9, B0G41L7NT6, B0D8JFT12N, B0CKR2CVZ4, B0CBR7CXQZ, B0C9PG31NC, B0F638SGBJ, B0C4GF9VFN, B0C6S2RHXV, B0FMXZRXZD, B0CYLPF3D8, B0CSFW898Y, B0GQM88QMR, B0CCT8X4JK, B0FGCPGNJP, B0CQXCQSWT, B0DCY8W6DR, B0CLV2JGWF, B0DB8KMNJ6, B0DK4GPWCT, B0C6LQYYMJ, B0C5X183ZK, B0D7M84RM1, B0CR1P9FXT, B0FS65RTKS, B0C6WX2V9R, B0DQTRDV3G, B0CKQSYM5J, B0CJ8THTLW, B0GTYYPMPM, B0CLLDKS2B, B0F7K333KY, B0CLLFFXTS, B0CDQ4X4BW, B0FS66PD5H, B0CR1PH5ZV, B0D7C11GQT, B0GTVB88X2, B0GCJDNMW5, B0GTVMW5LH, B0DBCCW7TB, B0F53VYPC7, B0GBWXJ2C6, B0FFB3SN9V, B0D4MNR1CK, B0CM8MSRPQ, B0D9N3FK62, B0DFNMW5PQ, B0CSSGZZD7, B0D9GDG32Y, B0DRJ15P7D, B0GTVDHM7V, B0D73M5CNM, B0CTCPRSVX, B0D89Y48QN, B0GSVVMXPX, B0DPZYZ3BH, B0FMFD2RMF, B0GJ2SK8VV, B0GFWGNBFM, B0G4MDGRTN, B0F8NRTFVN, B0C8S1HCPS, B0CR146JGN, B0CR5V85YX, B0CP7VY8YG, B0DFB8QC5F, B0D97D2XQD, B0D9GDXN3F, B0CF5L8G6T, B0GQGP4FK8, B0D4YDX467, B0DRZJNP8N, B0FG7N41FW, B0DLKX1CVD, B0DRZBJWXW, B0DG928PZH, B0DB894M2Q, B0GFN8LGKZ, B0FSJXBV7S, B0CZL2N62W, B0FMDHGXKV, B0DB1Y6NR4, B0DRFFTD5K, B0C9HDD759, B0D73LQVJY, B0G4QDZF7Q, B0GCH7GK1K, B0FFSXVXH9, B0GQ8SWHGZ, B0D2XFB3S8, B0D73LX54C, B0D5YFS4LP, B0F7L8C72T, B0G4LC6R3J, B0F7H16VYW, B0CZNZYBB3, B0C5L852HJ, B0C9GPHQ8S, B0FP53YT6J, B0GQT7QFYW, B0GTVDMSCP, B0DWR5R8T6, B0DLVRW3TM, B0GQLY9S6V, B0G5P7YC7T, B0DJM4JC2D, B0DK4J5T75, B0DRJVLW9D, B0D97BZDDF, B0D9GF2JSR, B0FBR1Y9GQ, B0FH1QRDPH, B0DHFT6C3T, B0C5DDC6JN, B0DMVZ2TYP, B0D1R2KPS5, B0D9LXX77Y, B0CR5LM46H, B0DQTMY7W6, B0DD6CWMJZ, B0DBH1SB4H, B0C2JWVG3V, B0F637NXVC, B0FDJH8JW2, B0DLVQ54K3, B0DWMVNLK6, B0GSG28BYB, B0CKQYFBG9, B0C84BHTJR, B0FMRQ3G2D, B0DHMWLPF2, B0FFM8SFJC, B0FGXNDDRV, B0DFNXQNVN, B0D9GDJMHT, B0CP89JK7G, B0D7ZZKHG7, B0CR1PCGZH, B0D9N2B61B, B0DBC6LL74, B0GR5393T1, B0DLVSXB81, B0CN6LSSX3, B0CR1QJ4C4, B0D6TV1JCT, B0D5HGZ27P, B0CR1QS9TY, B0DRD25JSF, B0CR1PCWJL, B0GQ4B1K78, B0G259ZWJX, B0CR5HXKDH, B0DFW3V17B, B0FL1J36D2, B0DBPV65G7, B0D7M8XM68, B0G4Q98BBV, B0CN9D8TM2, B0CR1P12GG, B0CSS91S65, B0D97BWZ5Q, B0CKQTY9JF, B0G4M9XSXT, B0DWMZ7VR5, B0CSYQQ4DP, B0CCCVYFJ2, B0F3WYM25B, B0FZFKK2WL, B0D2RGM53R, B0CR1P94SK, B0DX1V5FTQ, B0C8RX9LZM, B0G4TBHFSB, B0DP8J6SVN, B0D83N48QL, B0DJKL2H8X, B0DMVYDVF1, B0D97DKKZR, B0CS3K56L9, B0D62N7TL4, B0DQPK6BYN, B0DKTK4GN8, B0DFB2BTRX, B0C5WQ4625, B0DP884NXF, B0CC27NX2H, B0FRQRJ5CM, B0GTVG6HR5, B0DLVVHHMD, B0FG6QSGMC, B0CTCQ7LV8, B0GQH2D42J, B0CHTTGHYQ, B0DB8DQ2H7, B0GQR57MWN, B0DLNSQ91C, B0C9M2HR8T, B0GF1J9MF1, B0FRG6HZH8, B0D4MNTZ7L, B0GCHXD7PW, B0CQXBX3Y1, B0D9GFH7GV, B0C6SPKRQZ, B0FP5D15SV, B0CKQTYF3S, B0CCCZ7VRC, B0F53T8BZT, B0D83V8F1K, B0GCHF6W9R, B0CBT9LHBV, B0CCDW9J5L, B0D2RHC862, B0GHSYW3MB, B0DD775TLX, B0GQ9CF28T, B0DMVXH9WL, B0DHGBMKNS, B0GQLWVF5C, B0GTVD42GN, B0G3WSQW43, B0FFLS5QCQ, B0D83Y1Z8V, B0C8S47TG9, B0FP6MN3ZX, B0CP7T58BM, B0DTKBLP27, B0DSP9L7B8, B0GCKCN11Y, B0GR51GT6Q, B0CQX9BY96, B0C6RZXZLC, B0GVDXM64R, B0DNT8D3ZW, B0DJ1CHCV7, B0C2JVRHFH, B0FX22HF1N, B0CM8RZ3H8, B0DCG1Z5CT, B0DBPP7SPR, B0DBPH4CL5, B0DKXC8HZM, B0D99VFCPZ, B0FBRYLX8C, B0DRFDBW1B, B0CS34F5BL, B0CR5TLY2K, B0CR1NBWTB, B0FNX7628H, B0CSFXWS75, B0D97CVTCC, B0DBC9QT3N, B0CJJMWNFX, B0CQXB1D13, B0CGLPQW44, B0DP8QFSD8, B0CSFV25CX, B0CHBCF271, B0FG266T4R, B0DNT8242Z, B0F53WQZ7W, B0CR1Q42NS, B0GSVVX7TZ, B0DKTGNYR3]",amzn1.campaign.31ZUTHAALK9CK,👶 Universal All-Occasion Celebration Kit Campaign 👶,Yingoto,2026-04-08,2026-10-31,10.00%,5000.0,5000.0,15,800,false
"[B0D2SS1GMQ, B0CR1Q53WY, B0FSZZZ9FX, B0CLXP6FZ1, B0DBSKCHZC, B0FLJWQMTZ, B0D4MJSG79, B0F53N9PBY, B0G4CVD67W, B0DK8751ZG, B0CSRX13NC, B0FWK9J3JX, B0D89THPLK, B0DRC4J4PW, B0G4TBJP55, B0CTCPQ2TL, B0D9GDX1R4, B0G5YM4M8X, B0DR2HG2HH, B0CHJLW7KH, B0GV3HLLS5, B0G4Q22KBW, B0D2RJX2P5, B0FBWKSF7K, B0CR1PVYMC, B0CS2T73TG, B0DB88CDC4, B0D62V967V, B0F3WWRJDF, B0DG8ZVDTH, B0FL1F9RC4, B0CGJ9P1RV, B0CQPJVXQJ, B0CSFLZ136, B0C6SDJR53, B0C7ZV7Z6H, B0DQKWY3RP, B0DFWSD1VH, B0D7W2TJMH, B0CSFWPKWL, B0GQ7VD11M, B0D8JHP26H, B0CZP3P96X, B0CR1DKHDQ, B0CR1P7XXV, B0DMVY91DK, B0CTCR1NDZ, B0GR5FZR6Z, B0D97FCG9H, B0DQPQFFDQ, B0FP545PD1, B0CTCQZ6Y2, B0FS6Y6HDL, B0CZNZMHTT, B0GQT8TTTQ, B0CYGP71BW, B0GVSFQM4S, B0D9H463N8, B0G6XGLRCN, B0CLLFCDKN, B0D31182NV, B0GTYX1QVQ, B0G3NSP7Z5, B0CZNZ27CN, B0CQM27757, B0CF8DL1Y4, B0CGHWHZLV, B0DK4HLLR9, B0G41L7NT6, B0D8JFT12N, B0CKR2CVZ4, B0CBR7CXQZ, B0C9PG31NC, B0F638SGBJ, B0C4GF9VFN, B0C6S2RHXV, B0FMXZRXZD, B0CYLPF3D8, B0CSFW898Y, B0GQM88QMR, B0CCT8X4JK, B0FGCPGNJP, B0CQXCQSWT, B0DCY8W6DR, B0CLV2JGWF, B0DB8KMNJ6, B0DK4GPWCT, B0C6LQYYMJ, B0C5X183ZK, B0D7M84RM1, B0CR1P9FXT, B0FS65RTKS, B0C6WX2V9R, B0DQTRDV3G, B0CKQSYM5J, B0CJ8THTLW, B0GTYYPMPM, B0CLLDKS2B, B0F7K333KY, B0CLLFFXTS, B0CDQ4X4BW, B0FS66PD5H, B0CR1PH5ZV, B0D7C11GQT, B0GTVB88X2, B0GCJDNMW5, B0GTVMW5LH, B0DBCCW7TB, B0F53VYPC7, B0GBWXJ2C6, B0FFB3SN9V, B0D4MNR1CK, B0CM8MSRPQ, B0D9N3FK62, B0DFNMW5PQ, B0CSSGZZD7, B0D9GDG32Y, B0DRJ15P7D, B0GTVDHM7V, B0D73M5CNM, B0CTCPRSVX, B0D89Y48QN, B0GSVVMXPX, B0DPZYZ3BH, B0FMFD2RMF, B0GJ2SK8VV, B0GFWGNBFM, B0G4MDGRTN, B0F8NRTFVN, B0C8S1HCPS, B0CR146JGN, B0CR5V85YX, B0CP7VY8YG, B0DFB8QC5F, B0D97D2XQD, B0D9GDXN3F, B0CF5L8G6T, B0GQGP4FK8, B0D4YDX467, B0DRZJNP8N, B0FG7N41FW, B0DLKX1CVD, B0DRZBJWXW, B0DG928PZH, B0DB894M2Q, B0GFN8LGKZ, B0FSJXBV7S, B0CZL2N62W, B0FMDHGXKV, B0DB1Y6NR4, B0DRFFTD5K, B0C9HDD759, B0D73LQVJY, B0G4QDZF7Q, B0GCH7GK1K, B0FFSXVXH9, B0GQ8SWHGZ, B0D2XFB3S8, B0D73LX54C, B0D5YFS4LP, B0F7L8C72T, B0G4LC6R3J, B0F7H16VYW, B0CZNZYBB3, B0C5L852HJ, B0C9GPHQ8S, B0FP53YT6J, B0GQT7QFYW, B0GTVDMSCP, B0DWR5R8T6, B0DLVRW3TM, B0GQLY9S6V, B0G5P7YC7T, B0DJM4JC2D, B0DK4J5T75, B0DRJVLW9D, B0D97BZDDF, B0D9GF2JSR, B0FBR1Y9GQ, B0FH1QRDPH, B0DHFT6C3T, B0C5DDC6JN, B0DMVZ2TYP, B0D1R2KPS5, B0D9LXX77Y, B0CR5LM46H, B0DQTMY7W6, B0DD6CWMJZ, B0DBH1SB4H, B0C2JWVG3V, B0F637NXVC, B0FDJH8JW2, B0DLVQ54K3, B0DWMVNLK6, B0GSG28BYB, B0CKQYFBG9, B0C84BHTJR, B0FMRQ3G2D, B0DHMWLPF2, B0FFM8SFJC, B0FGXNDDRV, B0DFNXQNVN, B0D9GDJMHT, B0CP89JK7G, B0D7ZZKHG7, B0CR1PCGZH, B0D9N2B61B, B0DBC6LL74, B0GR5393T1, B0DLVSXB81, B0CN6LSSX3, B0CR1QJ4C4, B0D6TV1JCT, B0D5HGZ27P, B0CR1QS9TY, B0DRD25JSF, B0CR1PCWJL, B0GQ4B1K78, B0G259ZWJX, B0CR5HXKDH, B0DFW3V17B, B0FL1J36D2, B0DBPV65G7, B0D7M8XM68, B0G4Q98BBV, B0CN9D8TM2, B0CR1P12GG, B0CSS91S65, B0D97BWZ5Q, B0CKQTY9JF, B0G4M9XSXT, B0DWMZ7VR5, B0CSYQQ4DP, B0CCCVYFJ2, B0F3WYM25B, B0FZFKK2WL, B0D2RGM53R, B0CR1P94SK, B0DX1V5FTQ, B0C8RX9LZM, B0G4TBHFSB, B0DP8J6SVN, B0D83N48QL, B0DJKL2H8X, B0DMVYDVF1, B0D97DKKZR, B0CS3K56L9, B0D62N7TL4, B0DQPK6BYN, B0DKTK4GN8, B0DFB2BTRX, B0C5WQ4625, B0DP884NXF, B0CC27NX2H, B0FRQRJ5CM, B0GTVG6HR5, B0DLVVHHMD, B0FG6QSGMC, B0CTCQ7LV8, B0GQH2D42J, B0CHTTGHYQ, B0DB8DQ2H7, B0GQR57MWN, B0DLNSQ91C, B0C9M2HR8T, B0GF1J9MF1, B0FRG6HZH8, B0D4MNTZ7L, B0GCHXD7PW, B0CQXBX3Y1, B0D9GFH7GV, B0C6SPKRQZ, B0FP5D15SV, B0CKQTYF3S, B0CCCZ7VRC, B0F53T8BZT, B0D83V8F1K, B0GCHF6W9R, B0CBT9LHBV, B0CCDW9J5L, B0D2RHC862, B0GHSYW3MB, B0DD775TLX, B0GQ9CF28T, B0DMVXH9WL, B0DHGBMKNS, B0GQLWVF5C, B0GTVD42GN, B0G3WSQW43, B0FFLS5QCQ, B0D83Y1Z8V, B0C8S47TG9, B0FP6MN3ZX, B0CP7T58BM, B0DTKBLP27, B0DSP9L7B8, B0GCKCN11Y, B0GR51GT6Q, B0CQX9BY96, B0C6RZXZLC, B0GVDXM64R, B0DNT8D3ZW, B0DJ1CHCV7, B0C2JVRHFH, B0FX22HF1N, B0CM8RZ3H8, B0DCG1Z5CT, B0DBPP7SPR, B0DBPH4CL5, B0DKXC8HZM, B0D99VFCPZ, B0FBRYLX8C, B0DRFDBW1B, B0CS34F5BL, B0CR5TLY2K, B0CR1NBWTB, B0FNX7628H, B0CSFXWS75, B0D97CVTCC, B0DBC9QT3N, B0CJJMWNFX, B0CQXB1D13, B0CGLPQW44, B0DP8QFSD8, B0CSFV25CX, B0CHBCF271, B0FG266T4R, B0DNT8242Z, B0F53WQZ7W, B0CR1Q42NS, B0GSVVX7TZ, B0DKTGNYR3]",amzn1.campaign.289DCBZXPOR31,🏆 Premium Reusable Party Essentials Kit Campaign 🏆,Yingoto,2026-04-08,2027-01-13,10.00%,5000.0,5000.0,15,800,false
"[B0D2SS1GMQ, B0CR1Q53WY, B0FSZZZ9FX, B0CLXP6FZ1, B0DBSKCHZC, B0FLJWQMTZ, B0D4MJSG79, B0F53N9PBY, B0G4CVD67W, B0DK8751ZG, B0CSRX13NC, B0FWK9J3JX, B0D89THPLK, B0DRC4J4PW, B0G4TBJP55, B0CTCPQ2TL, B0D9GDX1R4, B0G5YM4M8X, B0DR2HG2HH, B0CHJLW7KH, B0GV3HLLS5, B0G4Q22KBW, B0D2RJX2P5, B0FBWKSF7K, B0CR1PVYMC, B0CS2T73TG, B0DB88CDC4, B0D62V967V, B0F3WWRJDF, B0DG8ZVDTH, B0FL1F9RC4, B0CGJ9P1RV, B0CQPJVXQJ, B0CSFLZ136, B0C6SDJR53, B0C7ZV7Z6H, B0DQKWY3RP, B0DFWSD1VH, B0D7W2TJMH, B0CSFWPKWL, B0GQ7VD11M, B0D8JHP26H, B0CZP3P96X, B0CR1DKHDQ, B0CR1P7XXV, B0DMVY91DK, B0CTCR1NDZ, B0GR5FZR6Z, B0D97FCG9H, B0DQPQFFDQ, B0FP545PD1, B0CTCQZ6Y2, B0FS6Y6HDL, B0CZNZMHTT, B0GQT8TTTQ, B0CYGP71BW, B0GVSFQM4S, B0D9H463N8, B0G6XGLRCN, B0CLLFCDKN, B0D31182NV, B0GTYX1QVQ, B0G3NSP7Z5, B0CZNZ27CN, B0CQM27757, B0CF8DL1Y4, B0CGHWHZLV, B0DK4HLLR9, B0G41L7NT6, B0D8JFT12N, B0CKR2CVZ4, B0CBR7CXQZ, B0C9PG31NC, B0F638SGBJ, B0C4GF9VFN, B0C6S2RHXV, B0FMXZRXZD, B0CYLPF3D8, B0CSFW898Y, B0GQM88QMR, B0CCT8X4JK, B0FGCPGNJP, B0CQXCQSWT, B0DCY8W6DR, B0CLV2JGWF, B0DB8KMNJ6, B0DK4GPWCT, B0C6LQYYMJ, B0C5X183ZK, B0D7M84RM1, B0CR1P9FXT, B0FS65RTKS, B0C6WX2V9R, B0DQTRDV3G, B0CKQSYM5J, B0CJ8THTLW, B0GTYYPMPM, B0CLLDKS2B, B0F7K333KY, B0CLLFFXTS, B0CDQ4X4BW, B0FS66PD5H, B0CR1PH5ZV, B0D7C11GQT, B0GTVB88X2, B0GCJDNMW5, B0GTVMW5LH, B0DBCCW7TB, B0F53VYPC7, B0GBWXJ2C6, B0FFB3SN9V, B0D4MNR1CK, B0CM8MSRPQ, B0D9N3FK62, B0DFNMW5PQ, B0CSSGZZD7, B0D9GDG32Y, B0DRJ15P7D, B0GTVDHM7V, B0D73M5CNM, B0CTCPRSVX, B0D89Y48QN, B0GSVVMXPX, B0DPZYZ3BH, B0FMFD2RMF, B0GJ2SK8VV, B0GFWGNBFM, B0G4MDGRTN, B0F8NRTFVN, B0C8S1HCPS, B0CR146JGN, B0CR5V85YX, B0CP7VY8YG, B0DFB8QC5F, B0D97D2XQD, B0D9GDXN3F, B0CF5L8G6T, B0GQGP4FK8, B0D4YDX467, B0DRZJNP8N, B0FG7N41FW, B0DLKX1CVD, B0DRZBJWXW, B0DG928PZH, B0DB894M2Q, B0GFN8LGKZ, B0FSJXBV7S, B0CZL2N62W, B0FMDHGXKV, B0DB1Y6NR4, B0DRFFTD5K, B0C9HDD759, B0D73LQVJY, B0G4QDZF7Q, B0GCH7GK1K, B0FFSXVXH9, B0GQ8SWHGZ, B0D2XFB3S8, B0D73LX54C, B0D5YFS4LP, B0F7L8C72T, B0G4LC6R3J, B0F7H16VYW, B0CZNZYBB3, B0C5L852HJ, B0C9GPHQ8S, B0FP53YT6J, B0GQT7QFYW, B0GTVDMSCP, B0DWR5R8T6, B0DLVRW3TM, B0GQLY9S6V, B0G5P7YC7T, B0DJM4JC2D, B0DK4J5T75, B0DRJVLW9D, B0D97BZDDF, B0D9GF2JSR, B0FBR1Y9GQ, B0FH1QRDPH, B0DHFT6C3T, B0C5DDC6JN, B0DMVZ2TYP, B0D1R2KPS5, B0D9LXX77Y, B0CR5LM46H, B0DQTMY7W6, B0DD6CWMJZ, B0DBH1SB4H, B0C2JWVG3V, B0F637NXVC, B0FDJH8JW2, B0DLVQ54K3, B0DWMVNLK6, B0GSG28BYB, B0CKQYFBG9, B0C84BHTJR, B0FMRQ3G2D, B0DHMWLPF2, B0FFM8SFJC, B0FGXNDDRV, B0DFNXQNVN, B0D9GDJMHT, B0CP89JK7G, B0D7ZZKHG7, B0CR1PCGZH, B0D9N2B61B, B0DBC6LL74, B0GR5393T1, B0DLVSXB81, B0CN6LSSX3, B0CR1QJ4C4, B0D6TV1JCT, B0D5HGZ27P, B0CR1QS9TY, B0DRD25JSF, B0CR1PCWJL, B0GQ4B1K78, B0G259ZWJX, B0CR5HXKDH, B0DFW3V17B, B0FL1J36D2, B0DBPV65G7, B0D7M8XM68, B0G4Q98BBV, B0CN9D8TM2, B0CR1P12GG, B0CSS91S65, B0D97BWZ5Q, B0CKQTY9JF, B0G4M9XSXT, B0DWMZ7VR5, B0CSYQQ4DP, B0CCCVYFJ2, B0F3WYM25B, B0FZFKK2WL, B0D2RGM53R, B0CR1P94SK, B0DX1V5FTQ, B0C8RX9LZM, B0G4TBHFSB, B0DP8J6SVN, B0D83N48QL, B0DJKL2H8X, B0DMVYDVF1, B0D97DKKZR, B0CS3K56L9, B0D62N7TL4, B0DQPK6BYN, B0DKTK4GN8, B0DFB2BTRX, B0C5WQ4625, B0DP884NXF, B0CC27NX2H, B0FRQRJ5CM, B0GTVG6HR5, B0DLVVHHMD, B0FG6QSGMC, B0CTCQ7LV8, B0GQH2D42J, B0CHTTGHYQ, B0DB8DQ2H7, B0GQR57MWN, B0DLNSQ91C, B0C9M2HR8T, B0GF1J9MF1, B0FRG6HZH8, B0D4MNTZ7L, B0GCHXD7PW, B0CQXBX3Y1, B0D9GFH7GV, B0C6SPKRQZ, B0FP5D15SV, B0CKQTYF3S, B0CCCZ7VRC, B0F53T8BZT, B0D83V8F1K, B0GCHF6W9R, B0CBT9LHBV, B0CCDW9J5L, B0D2RHC862, B0GHSYW3MB, B0DD775TLX, B0GQ9CF28T, B0DMVXH9WL, B0DHGBMKNS, B0GQLWVF5C, B0GTVD42GN, B0G3WSQW43, B0FFLS5QCQ, B0D83Y1Z8V, B0C8S47TG9, B0FP6MN3ZX, B0CP7T58BM, B0DTKBLP27, B0DSP9L7B8, B0GCKCN11Y, B0GR51GT6Q, B0CQX9BY96, B0C6RZXZLC, B0GVDXM64R, B0DNT8D3ZW, B0DJ1CHCV7, B0C2JVRHFH, B0FX22HF1N, B0CM8RZ3H8, B0DCG1Z5CT, B0DBPP7SPR, B0DBPH4CL5, B0DKXC8HZM, B0D99VFCPZ, B0FBRYLX8C, B0DRFDBW1B, B0CS34F5BL, B0CR5TLY2K, B0CR1NBWTB, B0FNX7628H, B0CSFXWS75, B0D97CVTCC, B0DBC9QT3N, B0CJJMWNFX, B0CQXB1D13, B0CGLPQW44, B0DP8QFSD8, B0CSFV25CX, B0CHBCF271, B0FG266T4R, B0DNT8242Z, B0F53WQZ7W, B0CR1Q42NS, B0GSVVX7TZ, B0DKTGNYR3]",amzn1.campaign.1N2LH6545S9PC,🌟 Photo-Perfect Party Backdrop Kit Campaign 🌟,Yingoto,2026-04-08,2026-11-05,10.00%,5000.0,5000.0,13,800,false
[B0CR6RHGPC],amzn1.campaign.H9P33HI8WZ8K,Promote This & Turn Views into Earnings (20%),Stomach Bloom,2026-04-08,2027-04-04,20.00%,1000000.0,1000000.0,1,800,false
[B0GH7Y67Z9],amzn1.campaign.CEZ3V4MPT4S6,"Hunting & Golf Rangefinder – Slope Laser Range Finder, 1000YD",SG SURGOAL,2026-04-08,2027-04-08,10.00%,5000.0,4991.9,2,800,false
"[B0D2SS1GMQ, B0CR1Q53WY, B0FSZZZ9FX, B0CLXP6FZ1, B0DBSKCHZC, B0FLJWQMTZ, B0D4MJSG79, B0F53N9PBY, B0G4CVD67W, B0DK8751ZG, B0CSRX13NC, B0FWK9J3JX, B0D89THPLK, B0DRC4J4PW, B0G4TBJP55, B0CTCPQ2TL, B0D9GDX1R4, B0G5YM4M8X, B0DR2HG2HH, B0CHJLW7KH, B0GV3HLLS5, B0G4Q22KBW, B0D2RJX2P5, B0FBWKSF7K, B0CR1PVYMC, B0CS2T73TG, B0DB88CDC4, B0D62V967V, B0F3WWRJDF, B0DG8ZVDTH, B0FL1F9RC4, B0CGJ9P1RV, B0CQPJVXQJ, B0CSFLZ136, B0C6SDJR53, B0C7ZV7Z6H, B0DQKWY3RP, B0DFWSD1VH, B0D7W2TJMH, B0CSFWPKWL, B0GQ7VD11M, B0D8JHP26H, B0CZP3P96X, B0CR1DKHDQ, B0CR1P7XXV, B0DMVY91DK, B0CTCR1NDZ, B0GR5FZR6Z, B0D97FCG9H, B0DQPQFFDQ, B0FP545PD1, B0CTCQZ6Y2, B0FS6Y6HDL, B0CZNZMHTT, B0GQT8TTTQ, B0CYGP71BW, B0GVSFQM4S, B0D9H463N8, B0G6XGLRCN, B0CLLFCDKN, B0D31182NV, B0GTYX1QVQ, B0G3NSP7Z5, B0CZNZ27CN, B0CQM27757, B0CF8DL1Y4, B0CGHWHZLV, B0DK4HLLR9, B0G41L7NT6, B0D8JFT12N, B0CKR2CVZ4, B0CBR7CXQZ, B0C9PG31NC, B0F638SGBJ, B0C4GF9VFN, B0C6S2RHXV, B0FMXZRXZD, B0CYLPF3D8, B0CSFW898Y, B0GQM88QMR, B0CCT8X4JK, B0FGCPGNJP, B0CQXCQSWT, B0DCY8W6DR, B0CLV2JGWF, B0DB8KMNJ6, B0DK4GPWCT, B0C6LQYYMJ, B0C5X183ZK, B0D7M84RM1, B0CR1P9FXT, B0FS65RTKS, B0C6WX2V9R, B0DQTRDV3G, B0CKQSYM5J, B0CJ8THTLW, B0GTYYPMPM, B0CLLDKS2B, B0F7K333KY, B0CLLFFXTS, B0CDQ4X4BW, B0FS66PD5H, B0CR1PH5ZV, B0D7C11GQT, B0GTVB88X2, B0GCJDNMW5, B0GTVMW5LH, B0DBCCW7TB, B0F53VYPC7, B0GBWXJ2C6, B0FFB3SN9V, B0D4MNR1CK, B0CM8MSRPQ, B0D9N3FK62, B0DFNMW5PQ, B0CSSGZZD7, B0D9GDG32Y, B0DRJ15P7D, B0GTVDHM7V, B0D73M5CNM, B0CTCPRSVX, B0D89Y48QN, B0GSVVMXPX, B0DPZYZ3BH, B0FMFD2RMF, B0GJ2SK8VV, B0GFWGNBFM, B0G4MDGRTN, B0F8NRTFVN, B0C8S1HCPS, B0CR146JGN, B0CR5V85YX, B0CP7VY8YG, B0DFB8QC5F, B0D97D2XQD, B0D9GDXN3F, B0CF5L8G6T, B0GQGP4FK8, B0D4YDX467, B0DRZJNP8N, B0FG7N41FW, B0DLKX1CVD, B0DRZBJWXW, B0DG928PZH, B0DB894M2Q, B0GFN8LGKZ, B0FSJXBV7S, B0CZL2N62W, B0FMDHGXKV, B0DB1Y6NR4, B0DRFFTD5K, B0C9HDD759, B0D73LQVJY, B0G4QDZF7Q, B0GCH7GK1K, B0FFSXVXH9, B0GQ8SWHGZ, B0D2XFB3S8, B0D73LX54C, B0D5YFS4LP, B0F7L8C72T, B0G4LC6R3J, B0F7H16VYW, B0CZNZYBB3, B0C5L852HJ, B0C9GPHQ8S, B0FP53YT6J, B0GQT7QFYW, B0GTVDMSCP, B0DWR5R8T6, B0DLVRW3TM, B0GQLY9S6V, B0G5P7YC7T, B0DJM4JC2D, B0DK4J5T75, B0DRJVLW9D, B0D97BZDDF, B0D9GF2JSR, B0FBR1Y9GQ, B0FH1QRDPH, B0DHFT6C3T, B0C5DDC6JN, B0DMVZ2TYP, B0D1R2KPS5, B0D9LXX77Y, B0CR5LM46H, B0DQTMY7W6, B0DD6CWMJZ, B0DBH1SB4H, B0C2JWVG3V, B0F637NXVC, B0FDJH8JW2, B0DLVQ54K3, B0DWMVNLK6, B0GSG28BYB, B0CKQYFBG9, B0C84BHTJR, B0FMRQ3G2D, B0DHMWLPF2, B0FFM8SFJC, B0FGXNDDRV, B0DFNXQNVN, B0D9GDJMHT, B0CP89JK7G, B0D7ZZKHG7, B0CR1PCGZH, B0D9N2B61B, B0DBC6LL74, B0GR5393T1, B0DLVSXB81, B0CN6LSSX3, B0CR1QJ4C4, B0D6TV1JCT, B0D5HGZ27P, B0CR1QS9TY, B0DRD25JSF, B0CR1PCWJL, B0GQ4B1K78, B0G259ZWJX, B0CR5HXKDH, B0DFW3V17B, B0FL1J36D2, B0DBPV65G7, B0D7M8XM68, B0G4Q98BBV, B0CN9D8TM2, B0CR1P12GG, B0CSS91S65, B0D97BWZ5Q, B0CKQTY9JF, B0G4M9XSXT, B0DWMZ7VR5, B0CSYQQ4DP, B0CCCVYFJ2, B0F3WYM25B, B0FZFKK2WL, B0D2RGM53R, B0CR1P94SK, B0DX1V5FTQ, B0C8RX9LZM, B0G4TBHFSB, B0DP8J6SVN, B0D83N48QL, B0DJKL2H8X, B0DMVYDVF1, B0D97DKKZR, B0CS3K56L9, B0D62N7TL4, B0DQPK6BYN, B0DKTK4GN8, B0DFB2BTRX, B0C5WQ4625, B0DP884NXF, B0CC27NX2H, B0FRQRJ5CM, B0GTVG6HR5, B0DLVVHHMD, B0FG6QSGMC, B0CTCQ7LV8, B0GQH2D42J, B0CHTTGHYQ, B0DB8DQ2H7, B0GQR57MWN, B0DLNSQ91C, B0C9M2HR8T, B0GF1J9MF1, B0FRG6HZH8, B0D4MNTZ7L, B0GCHXD7PW, B0CQXBX3Y1, B0D9GFH7GV, B0C6SPKRQZ, B0FP5D15SV, B0CKQTYF3S, B0CCCZ7VRC, B0F53T8BZT, B0D83V8F1K, B0GCHF6W9R, B0CBT9LHBV, B0CCDW9J5L, B0D2RHC862, B0GHSYW3MB, B0DD775TLX, B0GQ9CF28T, B0DMVXH9WL, B0DHGBMKNS, B0GQLWVF5C, B0GTVD42GN, B0G3WSQW43, B0FFLS5QCQ, B0D83Y1Z8V, B0C8S47TG9, B0FP6MN3ZX, B0CP7T58BM, B0DTKBLP27, B0DSP9L7B8, B0GCKCN11Y, B0GR51GT6Q, B0CQX9BY96, B0C6RZXZLC, B0GVDXM64R, B0DNT8D3ZW, B0DJ1CHCV7, B0C2JVRHFH, B0FX22HF1N, B0CM8RZ3H8, B0DCG1Z5CT, B0DBPP7SPR, B0DBPH4CL5, B0DKXC8HZM, B0D99VFCPZ, B0FBRYLX8C, B0DRFDBW1B, B0CS34F5BL, B0CR5TLY2K, B0CR1NBWTB, B0FNX7628H, B0CSFXWS75, B0D97CVTCC, B0DBC9QT3N, B0CJJMWNFX, B0CQXB1D13, B0CGLPQW44, B0DP8QFSD8, B0CSFV25CX, B0CHBCF271, B0FG266T4R, B0DNT8242Z, B0F53WQZ7W, B0CR1Q42NS, B0GSVVX7TZ, B0DKTGNYR3]",amzn1.campaign.2YZJ3W88A5ZBW,🎈 Confetti Celebration Explosion Kit Campaign 🎈,Yingoto,2026-04-08,2027-01-04,10.00%,5000.0,5000.0,17,800,false
[B0CR6RHGPC],amzn1.campaign.3PIVVKS24A3EI,UGC Opportunity: Pocket Nausea Relief Drops (20%),Stomach Bloom,2026-04-08,2027-04-05,20.00%,1000000.0,1000000.0,0,800,false
[B0CR6RHGPC],amzn1.campaign.3FO2MUK9XLMKT,Earn Promoting This Anti-Nausea Innovation (20%),Stomach Bloom,2026-04-08,2027-04-06,20.00%,1000000.0,1000000.0,0,800,false
"[B0D2SS1GMQ, B0CR1Q53WY, B0FSZZZ9FX, B0CLXP6FZ1, B0DBSKCHZC, B0FLJWQMTZ, B0D4MJSG79, B0F53N9PBY, B0G4CVD67W, B0DK8751ZG, B0CSRX13NC, B0FWK9J3JX, B0D89THPLK, B0DRC4J4PW, B0G4TBJP55, B0CTCPQ2TL, B0D9GDX1R4, B0G5YM4M8X, B0DR2HG2HH, B0CHJLW7KH, B0GV3HLLS5, B0G4Q22KBW, B0D2RJX2P5, B0FBWKSF7K, B0CR1PVYMC, B0CS2T73TG, B0DB88CDC4, B0D62V967V, B0F3WWRJDF, B0DG8ZVDTH, B0FL1F9RC4, B0CGJ9P1RV, B0CQPJVXQJ, B0CSFLZ136, B0C6SDJR53, B0C7ZV7Z6H, B0DQKWY3RP, B0DFWSD1VH, B0D7W2TJMH, B0CSFWPKWL, B0GQ7VD11M, B0D8JHP26H, B0CZP3P96X, B0CR1DKHDQ, B0CR1P7XXV, B0DMVY91DK, B0CTCR1NDZ, B0GR5FZR6Z, B0D97FCG9H, B0DQPQFFDQ, B0FP545PD1, B0CTCQZ6Y2, B0FS6Y6HDL, B0CZNZMHTT, B0GQT8TTTQ, B0CYGP71BW, B0GVSFQM4S, B0D9H463N8, B0G6XGLRCN, B0CLLFCDKN, B0D31182NV, B0GTYX1QVQ, B0G3NSP7Z5, B0CZNZ27CN, B0CQM27757, B0CF8DL1Y4, B0CGHWHZLV, B0DK4HLLR9, B0G41L7NT6, B0D8JFT12N, B0CKR2CVZ4, B0CBR7CXQZ, B0C9PG31NC, B0F638SGBJ, B0C4GF9VFN, B0C6S2RHXV, B0FMXZRXZD, B0CYLPF3D8, B0CSFW898Y, B0GQM88QMR, B0CCT8X4JK, B0FGCPGNJP, B0CQXCQSWT, B0DCY8W6DR, B0CLV2JGWF, B0DB8KMNJ6, B0DK4GPWCT, B0C6LQYYMJ, B0C5X183ZK, B0D7M84RM1, B0CR1P9FXT, B0FS65RTKS, B0C6WX2V9R, B0DQTRDV3G, B0CKQSYM5J, B0CJ8THTLW, B0GTYYPMPM, B0CLLDKS2B, B0F7K333KY, B0CLLFFXTS, B0CDQ4X4BW, B0FS66PD5H, B0CR1PH5ZV, B0D7C11GQT, B0GTVB88X2, B0GCJDNMW5, B0GTVMW5LH, B0DBCCW7TB, B0F53VYPC7, B0GBWXJ2C6, B0FFB3SN9V, B0D4MNR1CK, B0CM8MSRPQ, B0D9N3FK62, B0DFNMW5PQ, B0CSSGZZD7, B0D9GDG32Y, B0DRJ15P7D, B0GTVDHM7V, B0D73M5CNM, B0CTCPRSVX, B0D89Y48QN, B0GSVVMXPX, B0DPZYZ3BH, B0FMFD2RMF, B0GJ2SK8VV, B0GFWGNBFM, B0G4MDGRTN, B0F8NRTFVN, B0C8S1HCPS, B0CR146JGN, B0CR5V85YX, B0CP7VY8YG, B0DFB8QC5F, B0D97D2XQD, B0D9GDXN3F, B0CF5L8G6T, B0GQGP4FK8, B0D4YDX467, B0DRZJNP8N, B0FG7N41FW, B0DLKX1CVD, B0DRZBJWXW, B0DG928PZH, B0DB894M2Q, B0GFN8LGKZ, B0FSJXBV7S, B0CZL2N62W, B0FMDHGXKV, B0DB1Y6NR4, B0DRFFTD5K, B0C9HDD759, B0D73LQVJY, B0G4QDZF7Q, B0GCH7GK1K, B0FFSXVXH9, B0GQ8SWHGZ, B0D2XFB3S8, B0D73LX54C, B0D5YFS4LP, B0F7L8C72T, B0G4LC6R3J, B0F7H16VYW, B0CZNZYBB3, B0C5L852HJ, B0C9GPHQ8S, B0FP53YT6J, B0GQT7QFYW, B0GTVDMSCP, B0DWR5R8T6, B0DLVRW3TM, B0GQLY9S6V, B0G5P7YC7T, B0DJM4JC2D, B0DK4J5T75, B0DRJVLW9D, B0D97BZDDF, B0D9GF2JSR, B0FBR1Y9GQ, B0FH1QRDPH, B0DHFT6C3T, B0C5DDC6JN, B0DMVZ2TYP, B0D1R2KPS5, B0D9LXX77Y, B0CR5LM46H, B0DQTMY7W6, B0DD6CWMJZ, B0DBH1SB4H, B0C2JWVG3V, B0F637NXVC, B0FDJH8JW2, B0DLVQ54K3, B0DWMVNLK6, B0GSG28BYB, B0CKQYFBG9, B0C84BHTJR, B0FMRQ3G2D, B0DHMWLPF2, B0FFM8SFJC, B0FGXNDDRV, B0DFNXQNVN, B0D9GDJMHT, B0CP89JK7G, B0D7ZZKHG7, B0CR1PCGZH, B0D9N2B61B, B0DBC6LL74, B0GR5393T1, B0DLVSXB81, B0CN6LSSX3, B0CR1QJ4C4, B0D6TV1JCT, B0D5HGZ27P, B0CR1QS9TY, B0DRD25JSF, B0CR1PCWJL, B0GQ4B1K78, B0G259ZWJX, B0CR5HXKDH, B0DFW3V17B, B0FL1J36D2, B0DBPV65G7, B0D7M8XM68, B0G4Q98BBV, B0CN9D8TM2, B0CR1P12GG, B0CSS91S65, B0D97BWZ5Q, B0CKQTY9JF, B0G4M9XSXT, B0DWMZ7VR5, B0CSYQQ4DP, B0CCCVYFJ2, B0F3WYM25B, B0FZFKK2WL, B0D2RGM53R, B0CR1P94SK, B0DX1V5FTQ, B0C8RX9LZM, B0G4TBHFSB, B0DP8J6SVN, B0D83N48QL, B0DJKL2H8X, B0DMVYDVF1, B0D97DKKZR, B0CS3K56L9, B0D62N7TL4, B0DQPK6BYN, B0DKTK4GN8, B0DFB2BTRX, B0C5WQ4625, B0DP884NXF, B0CC27NX2H, B0FRQRJ5CM, B0GTVG6HR5, B0DLVVHHMD, B0FG6QSGMC, B0CTCQ7LV8, B0GQH2D42J, B0CHTTGHYQ, B0DB8DQ2H7, B0GQR57MWN, B0DLNSQ91C, B0C9M2HR8T, B0GF1J9MF1, B0FRG6HZH8, B0D4MNTZ7L, B0GCHXD7PW, B0CQXBX3Y1, B0D9GFH7GV, B0C6SPKRQZ, B0FP5D15SV, B0CKQTYF3S, B0CCCZ7VRC, B0F53T8BZT, B0D83V8F1K, B0GCHF6W9R, B0CBT9LHBV, B0CCDW9J5L, B0D2RHC862, B0GHSYW3MB, B0DD775TLX, B0GQ9CF28T, B0DMVXH9WL, B0DHGBMKNS, B0GQLWVF5C, B0GTVD42GN, B0G3WSQW43, B0FFLS5QCQ, B0D83Y1Z8V, B0C8S47TG9, B0FP6MN3ZX, B0CP7T58BM, B0DTKBLP27, B0DSP9L7B8, B0GCKCN11Y, B0GR51GT6Q, B0CQX9BY96, B0C6RZXZLC, B0GVDXM64R, B0DNT8D3ZW, B0DJ1CHCV7, B0C2JVRHFH, B0FX22HF1N, B0CM8RZ3H8, B0DCG1Z5CT, B0DBPP7SPR, B0DBPH4CL5, B0DKXC8HZM, B0D99VFCPZ, B0FBRYLX8C, B0DRFDBW1B, B0CS34F5BL, B0CR5TLY2K, B0CR1NBWTB, B0FNX7628H, B0CSFXWS75, B0D97CVTCC, B0DBC9QT3N, B0CJJMWNFX, B0CQXB1D13, B0CGLPQW44, B0DP8QFSD8, B0CSFV25CX, B0CHBCF271, B0FG266T4R, B0DNT8242Z, B0F53WQZ7W, B0CR1Q42NS, B0GSVVX7TZ, B0DKTGNYR3]",amzn1.campaign.20GF9QMZEJ8UF,💖 Elegant Glam Table One-Box Kit Campaign 💖,Yingoto,2026-04-08,2026-10-31,10.00%,5000.0,5000.0,12,800,false
[B0CR6RHGPC],amzn1.campaign.34L689U1BJ7KN,Partner with a Natural Wellness Brand 💰 (20%),Stomach Bloom,2026-04-08,2027-04-07,20.00%,100000.0,100000.0,3,800,false
"[B0D2SS1GMQ, B0CR1Q53WY, B0FSZZZ9FX, B0CLXP6FZ1, B0DBSKCHZC, B0FLJWQMTZ, B0D4MJSG79, B0F53N9PBY, B0G4CVD67W, B0DK8751ZG, B0CSRX13NC, B0FWK9J3JX, B0D89THPLK, B0DRC4J4PW, B0G4TBJP55, B0CTCPQ2TL, B0D9GDX1R4, B0G5YM4M8X, B0DR2HG2HH, B0CHJLW7KH, B0GV3HLLS5, B0G4Q22KBW, B0D2RJX2P5, B0FBWKSF7K, B0CR1PVYMC, B0CS2T73TG, B0DB88CDC4, B0D62V967V, B0F3WWRJDF, B0DG8ZVDTH, B0FL1F9RC4, B0CGJ9P1RV, B0CQPJVXQJ, B0CSFLZ136, B0C6SDJR53, B0C7ZV7Z6H, B0DQKWY3RP, B0DFWSD1VH, B0D7W2TJMH, B0CSFWPKWL, B0GQ7VD11M, B0D8JHP26H, B0CZP3P96X, B0CR1DKHDQ, B0CR1P7XXV, B0DMVY91DK, B0CTCR1NDZ, B0GR5FZR6Z, B0D97FCG9H, B0DQPQFFDQ, B0FP545PD1, B0CTCQZ6Y2, B0FS6Y6HDL, B0CZNZMHTT, B0GQT8TTTQ, B0CYGP71BW, B0GVSFQM4S, B0D9H463N8, B0G6XGLRCN, B0CLLFCDKN, B0D31182NV, B0GTYX1QVQ, B0G3NSP7Z5, B0CZNZ27CN, B0CQM27757, B0CF8DL1Y4, B0CGHWHZLV, B0DK4HLLR9, B0G41L7NT6, B0D8JFT12N, B0CKR2CVZ4, B0CBR7CXQZ, B0C9PG31NC, B0F638SGBJ, B0C4GF9VFN, B0C6S2RHXV, B0FMXZRXZD, B0CYLPF3D8, B0CSFW898Y, B0GQM88QMR, B0CCT8X4JK, B0FGCPGNJP, B0CQXCQSWT, B0DCY8W6DR, B0CLV2JGWF, B0DB8KMNJ6, B0DK4GPWCT, B0C6LQYYMJ, B0C5X183ZK, B0D7M84RM1, B0CR1P9FXT, B0FS65RTKS, B0C6WX2V9R, B0DQTRDV3G, B0CKQSYM5J, B0CJ8THTLW, B0GTYYPMPM, B0CLLDKS2B, B0F7K333KY, B0CLLFFXTS, B0CDQ4X4BW, B0FS66PD5H, B0CR1PH5ZV, B0D7C11GQT, B0GTVB88X2, B0GCJDNMW5, B0GTVMW5LH, B0DBCCW7TB, B0F53VYPC7, B0GBWXJ2C6, B0FFB3SN9V, B0D4MNR1CK, B0CM8MSRPQ, B0D9N3FK62, B0DFNMW5PQ, B0CSSGZZD7, B0D9GDG32Y, B0DRJ15P7D, B0GTVDHM7V, B0D73M5CNM, B0CTCPRSVX, B0D89Y48QN, B0GSVVMXPX, B0DPZYZ3BH, B0FMFD2RMF, B0GJ2SK8VV, B0GFWGNBFM, B0G4MDGRTN, B0F8NRTFVN, B0C8S1HCPS, B0CR146JGN, B0CR5V85YX, B0CP7VY8YG, B0DFB8QC5F, B0D97D2XQD, B0D9GDXN3F, B0CF5L8G6T, B0GQGP4FK8, B0D4YDX467, B0DRZJNP8N, B0FG7N41FW, B0DLKX1CVD, B0DRZBJWXW, B0DG928PZH, B0DB894M2Q, B0GFN8LGKZ, B0FSJXBV7S, B0CZL2N62W, B0FMDHGXKV, B0DB1Y6NR4, B0DRFFTD5K, B0C9HDD759, B0D73LQVJY, B0G4QDZF7Q, B0GCH7GK1K, B0FFSXVXH9, B0GQ8SWHGZ, B0D2XFB3S8, B0D73LX54C, B0D5YFS4LP, B0F7L8C72T, B0G4LC6R3J, B0F7H16VYW, B0CZNZYBB3, B0C5L852HJ, B0C9GPHQ8S, B0FP53YT6J, B0GQT7QFYW, B0GTVDMSCP, B0DWR5R8T6, B0DLVRW3TM, B0GQLY9S6V, B0G5P7YC7T, B0DJM4JC2D, B0DK4J5T75, B0DRJVLW9D, B0D97BZDDF, B0D9GF2JSR, B0FBR1Y9GQ, B0FH1QRDPH, B0DHFT6C3T, B0C5DDC6JN, B0DMVZ2TYP, B0D1R2KPS5, B0D9LXX77Y, B0CR5LM46H, B0DQTMY7W6, B0DD6CWMJZ, B0DBH1SB4H, B0C2JWVG3V, B0F637NXVC, B0FDJH8JW2, B0DLVQ54K3, B0DWMVNLK6, B0GSG28BYB, B0CKQYFBG9, B0C84BHTJR, B0FMRQ3G2D, B0DHMWLPF2, B0FFM8SFJC, B0FGXNDDRV, B0DFNXQNVN, B0D9GDJMHT, B0CP89JK7G, B0D7ZZKHG7, B0CR1PCGZH, B0D9N2B61B, B0DBC6LL74, B0GR5393T1, B0DLVSXB81, B0CN6LSSX3, B0CR1QJ4C4, B0D6TV1JCT, B0D5HGZ27P, B0CR1QS9TY, B0DRD25JSF, B0CR1PCWJL, B0GQ4B1K78, B0G259ZWJX, B0CR5HXKDH, B0DFW3V17B, B0FL1J36D2, B0DBPV65G7, B0D7M8XM68, B0G4Q98BBV, B0CN9D8TM2, B0CR1P12GG, B0CSS91S65, B0D97BWZ5Q, B0CKQTY9JF, B0G4M9XSXT, B0DWMZ7VR5, B0CSYQQ4DP, B0CCCVYFJ2, B0F3WYM25B, B0FZFKK2WL, B0D2RGM53R, B0CR1P94SK, B0DX1V5FTQ, B0C8RX9LZM, B0G4TBHFSB, B0DP8J6SVN, B0D83N48QL, B0DJKL2H8X, B0DMVYDVF1, B0D97DKKZR, B0CS3K56L9, B0D62N7TL4, B0DQPK6BYN, B0DKTK4GN8, B0DFB2BTRX, B0C5WQ4625, B0DP884NXF, B0CC27NX2H, B0FRQRJ5CM, B0GTVG6HR5, B0DLVVHHMD, B0FG6QSGMC, B0CTCQ7LV8, B0GQH2D42J, B0CHTTGHYQ, B0DB8DQ2H7, B0GQR57MWN, B0DLNSQ91C, B0C9M2HR8T, B0GF1J9MF1, B0FRG6HZH8, B0D4MNTZ7L, B0GCHXD7PW, B0CQXBX3Y1, B0D9GFH7GV, B0C6SPKRQZ, B0FP5D15SV, B0CKQTYF3S, B0CCCZ7VRC, B0F53T8BZT, B0D83V8F1K, B0GCHF6W9R, B0CBT9LHBV, B0CCDW9J5L, B0D2RHC862, B0GHSYW3MB, B0DD775TLX, B0GQ9CF28T, B0DMVXH9WL, B0DHGBMKNS, B0GQLWVF5C, B0GTVD42GN, B0G3WSQW43, B0FFLS5QCQ, B0D83Y1Z8V, B0C8S47TG9, B0FP6MN3ZX, B0CP7T58BM, B0DTKBLP27, B0DSP9L7B8, B0GCKCN11Y, B0GR51GT6Q, B0CQX9BY96, B0C6RZXZLC, B0GVDXM64R, B0DNT8D3ZW, B0DJ1CHCV7, B0C2JVRHFH, B0FX22HF1N, B0CM8RZ3H8, B0DCG1Z5CT, B0DBPP7SPR, B0DBPH4CL5, B0DKXC8HZM, B0D99VFCPZ, B0FBRYLX8C, B0DRFDBW1B, B0CS34F5BL, B0CR5TLY2K, B0CR1NBWTB, B0FNX7628H, B0CSFXWS75, B0D97CVTCC, B0DBC9QT3N, B0CJJMWNFX, B0CQXB1D13, B0CGLPQW44, B0DP8QFSD8, B0CSFV25CX, B0CHBCF271, B0FG266T4R, B0DNT8242Z, B0F53WQZ7W, B0CR1Q42NS, B0GSVVX7TZ, B0DKTGNYR3]",amzn1.campaign.31Y6YRAW753H9,🥳 Family Mega Celebration Pack Campaign 🥳,Yingoto,2026-04-08,2026-11-09,10.00%,5000.0,5000.0,20,800,false
[B0GH84YBV5],amzn1.campaign.110FWZXA0YX27,Range Finder for Hunting and Golf with Slope Laser Range Finder,SG SURGOAL,2026-04-08,2027-04-08,10.00%,5000.0,5000.0,3,800,false
"[B0FCSNKQZW, B0FCSLSK12, B0FRSYRLDM, B0FCSP4CJD, B0FCSNBV6J, B0FRSY1GHJ, B0FVMMWQ5B, B0FRSWHR4J]",amzn1.campaign.2JWQGPQX4O9B7,TuffTynz - Adventurer-Combo 4,TuffTynz,2026-04-08,2027-03-31,10.00%,500000.0,500000.0,0,800,false
"[B0D2SS1GMQ, B0CR1Q53WY, B0FSZZZ9FX, B0CLXP6FZ1, B0DBSKCHZC, B0FLJWQMTZ, B0D4MJSG79, B0F53N9PBY, B0G4CVD67W, B0DK8751ZG, B0CSRX13NC, B0FWK9J3JX, B0D89THPLK, B0DRC4J4PW, B0G4TBJP55, B0CTCPQ2TL, B0D9GDX1R4, B0G5YM4M8X, B0DR2HG2HH, B0CHJLW7KH, B0GV3HLLS5, B0G4Q22KBW, B0D2RJX2P5, B0FBWKSF7K, B0CR1PVYMC, B0CS2T73TG, B0DB88CDC4, B0D62V967V, B0F3WWRJDF, B0DG8ZVDTH, B0FL1F9RC4, B0CGJ9P1RV, B0CQPJVXQJ, B0CSFLZ136, B0C6SDJR53, B0C7ZV7Z6H, B0DQKWY3RP, B0DFWSD1VH, B0D7W2TJMH, B0CSFWPKWL, B0GQ7VD11M, B0D8JHP26H, B0CZP3P96X, B0CR1DKHDQ, B0CR1P7XXV, B0DMVY91DK, B0CTCR1NDZ, B0GR5FZR6Z, B0D97FCG9H, B0DQPQFFDQ, B0FP545PD1, B0CTCQZ6Y2, B0FS6Y6HDL, B0CZNZMHTT, B0GQT8TTTQ, B0CYGP71BW, B0GVSFQM4S, B0D9H463N8, B0G6XGLRCN, B0CLLFCDKN, B0D31182NV, B0GTYX1QVQ, B0G3NSP7Z5, B0CZNZ27CN, B0CQM27757, B0CF8DL1Y4, B0CGHWHZLV, B0DK4HLLR9, B0G41L7NT6, B0D8JFT12N, B0CKR2CVZ4, B0CBR7CXQZ, B0C9PG31NC, B0F638SGBJ, B0C4GF9VFN, B0C6S2RHXV, B0FMXZRXZD, B0CYLPF3D8, B0CSFW898Y, B0GQM88QMR, B0CCT8X4JK, B0FGCPGNJP, B0CQXCQSWT, B0DCY8W6DR, B0CLV2JGWF, B0DB8KMNJ6, B0DK4GPWCT, B0C6LQYYMJ, B0C5X183ZK, B0D7M84RM1, B0CR1P9FXT, B0FS65RTKS, B0C6WX2V9R, B0DQTRDV3G, B0CKQSYM5J, B0CJ8THTLW, B0GTYYPMPM, B0CLLDKS2B, B0F7K333KY, B0CLLFFXTS, B0CDQ4X4BW, B0FS66PD5H, B0CR1PH5ZV, B0D7C11GQT, B0GTVB88X2, B0GCJDNMW5, B0GTVMW5LH, B0DBCCW7TB, B0F53VYPC7, B0GBWXJ2C6, B0FFB3SN9V, B0D4MNR1CK, B0CM8MSRPQ, B0D9N3FK62, B0DFNMW5PQ, B0CSSGZZD7, B0D9GDG32Y, B0DRJ15P7D, B0GTVDHM7V, B0D73M5CNM, B0CTCPRSVX, B0D89Y48QN, B0GSVVMXPX, B0DPZYZ3BH, B0FMFD2RMF, B0GJ2SK8VV, B0GFWGNBFM, B0G4MDGRTN, B0F8NRTFVN, B0C8S1HCPS, B0CR146JGN, B0CR5V85YX, B0CP7VY8YG, B0DFB8QC5F, B0D97D2XQD, B0D9GDXN3F, B0CF5L8G6T, B0GQGP4FK8, B0D4YDX467, B0DRZJNP8N, B0FG7N41FW, B0DLKX1CVD, B0DRZBJWXW, B0DG928PZH, B0DB894M2Q, B0GFN8LGKZ, B0FSJXBV7S, B0CZL2N62W, B0FMDHGXKV, B0DB1Y6NR4, B0DRFFTD5K, B0C9HDD759, B0D73LQVJY, B0G4QDZF7Q, B0GCH7GK1K, B0FFSXVXH9, B0GQ8SWHGZ, B0D2XFB3S8, B0D73LX54C, B0D5YFS4LP, B0F7L8C72T, B0G4LC6R3J, B0F7H16VYW, B0CZNZYBB3, B0C5L852HJ, B0C9GPHQ8S, B0FP53YT6J, B0GQT7QFYW, B0GTVDMSCP, B0DWR5R8T6, B0DLVRW3TM, B0GQLY9S6V, B0G5P7YC7T, B0DJM4JC2D, B0DK4J5T75, B0DRJVLW9D, B0D97BZDDF, B0D9GF2JSR, B0FBR1Y9GQ, B0FH1QRDPH, B0DHFT6C3T, B0C5DDC6JN, B0DMVZ2TYP, B0D1R2KPS5, B0D9LXX77Y, B0CR5LM46H, B0DQTMY7W6, B0DD6CWMJZ, B0DBH1SB4H, B0C2JWVG3V, B0F637NXVC, B0FDJH8JW2, B0DLVQ54K3, B0DWMVNLK6, B0GSG28BYB, B0CKQYFBG9, B0C84BHTJR, B0FMRQ3G2D, B0DHMWLPF2, B0FFM8SFJC, B0FGXNDDRV, B0DFNXQNVN, B0D9GDJMHT, B0CP89JK7G, B0D7ZZKHG7, B0CR1PCGZH, B0D9N2B61B, B0DBC6LL74, B0GR5393T1, B0DLVSXB81, B0CN6LSSX3, B0CR1QJ4C4, B0D6TV1JCT, B0D5HGZ27P, B0CR1QS9TY, B0DRD25JSF, B0CR1PCWJL, B0GQ4B1K78, B0G259ZWJX, B0CR5HXKDH, B0DFW3V17B, B0FL1J36D2, B0DBPV65G7, B0D7M8XM68, B0G4Q98BBV, B0CN9D8TM2, B0CR1P12GG, B0CSS91S65, B0D97BWZ5Q, B0CKQTY9JF, B0G4M9XSXT, B0DWMZ7VR5, B0CSYQQ4DP, B0CCCVYFJ2, B0F3WYM25B, B0FZFKK2WL, B0D2RGM53R, B0CR1P94SK, B0DX1V5FTQ, B0C8RX9LZM, B0G4TBHFSB, B0DP8J6SVN, B0D83N48QL, B0DJKL2H8X, B0DMVYDVF1, B0D97DKKZR, B0CS3K56L9, B0D62N7TL4, B0DQPK6BYN, B0DKTK4GN8, B0DFB2BTRX, B0C5WQ4625, B0DP884NXF, B0CC27NX2H, B0FRQRJ5CM, B0GTVG6HR5, B0DLVVHHMD, B0FG6QSGMC, B0CTCQ7LV8, B0GQH2D42J, B0CHTTGHYQ, B0DB8DQ2H7, B0GQR57MWN, B0DLNSQ91C, B0C9M2HR8T, B0GF1J9MF1, B0FRG6HZH8, B0D4MNTZ7L, B0GCHXD7PW, B0CQXBX3Y1, B0D9GFH7GV, B0C6SPKRQZ, B0FP5D15SV, B0CKQTYF3S, B0CCCZ7VRC, B0F53T8BZT, B0D83V8F1K, B0GCHF6W9R, B0CBT9LHBV, B0CCDW9J5L, B0D2RHC862, B0GHSYW3MB, B0DD775TLX, B0GQ9CF28T, B0DMVXH9WL, B0DHGBMKNS, B0GQLWVF5C, B0GTVD42GN, B0G3WSQW43, B0FFLS5QCQ, B0D83Y1Z8V, B0C8S47TG9, B0FP6MN3ZX, B0CP7T58BM, B0DTKBLP27, B0DSP9L7B8, B0GCKCN11Y, B0GR51GT6Q, B0CQX9BY96, B0C6RZXZLC, B0GVDXM64R, B0DNT8D3ZW, B0DJ1CHCV7, B0C2JVRHFH, B0FX22HF1N, B0CM8RZ3H8, B0DCG1Z5CT, B0DBPP7SPR, B0DBPH4CL5, B0DKXC8HZM, B0D99VFCPZ, B0FBRYLX8C, B0DRFDBW1B, B0CS34F5BL, B0CR5TLY2K, B0CR1NBWTB, B0FNX7628H, B0CSFXWS75, B0D97CVTCC, B0DBC9QT3N, B0CJJMWNFX, B0CQXB1D13, B0CGLPQW44, B0DP8QFSD8, B0CSFV25CX, B0CHBCF271, B0FG266T4R, B0DNT8242Z, B0F53WQZ7W, B0CR1Q42NS, B0GSVVX7TZ, B0DKTGNYR3]",amzn1.campaign.1KOT0PO4OZL5Y,✨ Instant Glam Sparkle All-Events Kit Campaign ✨,Yingoto,2026-04-08,2026-10-21,10.00%,5000.0,5000.0,14,800,false
[B0CR6RHGPC],amzn1.campaign.3U9Q2H0OAIUUO,Creators Wanted: Simple Nausea Fix (Earn 20%),Stomach Bloom,2026-04-08,2027-04-08,20.00%,1000000.0,1000000.0,0,800,false
"[B0D2SS1GMQ, B0CR1Q53WY, B0FSZZZ9FX, B0CLXP6FZ1, B0DBSKCHZC, B0FLJWQMTZ, B0D4MJSG79, B0F53N9PBY, B0G4CVD67W, B0DK8751ZG, B0CSRX13NC, B0FWK9J3JX, B0D89THPLK, B0DRC4J4PW, B0G4TBJP55, B0CTCPQ2TL, B0D9GDX1R4, B0G5YM4M8X, B0DR2HG2HH, B0CHJLW7KH, B0GV3HLLS5, B0G4Q22KBW, B0D2RJX2P5, B0FBWKSF7K, B0CR1PVYMC, B0CS2T73TG, B0DB88CDC4, B0D62V967V, B0F3WWRJDF, B0DG8ZVDTH, B0FL1F9RC4, B0CGJ9P1RV, B0CQPJVXQJ, B0CSFLZ136, B0C6SDJR53, B0C7ZV7Z6H, B0DQKWY3RP, B0DFWSD1VH, B0D7W2TJMH, B0CSFWPKWL, B0GQ7VD11M, B0D8JHP26H, B0CZP3P96X, B0CR1DKHDQ, B0CR1P7XXV, B0DMVY91DK, B0CTCR1NDZ, B0GR5FZR6Z, B0D97FCG9H, B0DQPQFFDQ, B0FP545PD1, B0CTCQZ6Y2, B0FS6Y6HDL, B0CZNZMHTT, B0GQT8TTTQ, B0CYGP71BW, B0GVSFQM4S, B0D9H463N8, B0G6XGLRCN, B0CLLFCDKN, B0D31182NV, B0GTYX1QVQ, B0G3NSP7Z5, B0CZNZ27CN, B0CQM27757, B0CF8DL1Y4, B0CGHWHZLV, B0DK4HLLR9, B0G41L7NT6, B0D8JFT12N, B0CKR2CVZ4, B0CBR7CXQZ, B0C9PG31NC, B0F638SGBJ, B0C4GF9VFN, B0C6S2RHXV, B0FMXZRXZD, B0CYLPF3D8, B0CSFW898Y, B0GQM88QMR, B0CCT8X4JK, B0FGCPGNJP, B0CQXCQSWT, B0DCY8W6DR, B0CLV2JGWF, B0DB8KMNJ6, B0DK4GPWCT, B0C6LQYYMJ, B0C5X183ZK, B0D7M84RM1, B0CR1P9FXT, B0FS65RTKS, B0C6WX2V9R, B0DQTRDV3G, B0CKQSYM5J, B0CJ8THTLW, B0GTYYPMPM, B0CLLDKS2B, B0F7K333KY, B0CLLFFXTS, B0CDQ4X4BW, B0FS66PD5H, B0CR1PH5ZV, B0D7C11GQT, B0GTVB88X2, B0GCJDNMW5, B0GTVMW5LH, B0DBCCW7TB, B0F53VYPC7, B0GBWXJ2C6, B0FFB3SN9V, B0D4MNR1CK, B0CM8MSRPQ, B0D9N3FK62, B0DFNMW5PQ, B0CSSGZZD7, B0D9GDG32Y, B0DRJ15P7D, B0GTVDHM7V, B0D73M5CNM, B0CTCPRSVX, B0D89Y48QN, B0GSVVMXPX, B0DPZYZ3BH, B0FMFD2RMF, B0GJ2SK8VV, B0GFWGNBFM, B0G4MDGRTN, B0F8NRTFVN, B0C8S1HCPS, B0CR146JGN, B0CR5V85YX, B0CP7VY8YG, B0DFB8QC5F, B0D97D2XQD, B0D9GDXN3F, B0CF5L8G6T, B0GQGP4FK8, B0D4YDX467, B0DRZJNP8N, B0FG7N41FW, B0DLKX1CVD, B0DRZBJWXW, B0DG928PZH, B0DB894M2Q, B0GFN8LGKZ, B0FSJXBV7S, B0CZL2N62W, B0FMDHGXKV, B0DB1Y6NR4, B0DRFFTD5K, B0C9HDD759, B0D73LQVJY, B0G4QDZF7Q, B0GCH7GK1K, B0FFSXVXH9, B0GQ8SWHGZ, B0D2XFB3S8, B0D73LX54C, B0D5YFS4LP, B0F7L8C72T, B0G4LC6R3J, B0F7H16VYW, B0CZNZYBB3, B0C5L852HJ, B0C9GPHQ8S, B0FP53YT6J, B0GQT7QFYW, B0GTVDMSCP, B0DWR5R8T6, B0DLVRW3TM, B0GQLY9S6V, B0G5P7YC7T, B0DJM4JC2D, B0DK4J5T75, B0DRJVLW9D, B0D97BZDDF, B0D9GF2JSR, B0FBR1Y9GQ, B0FH1QRDPH, B0DHFT6C3T, B0C5DDC6JN, B0DMVZ2TYP, B0D1R2KPS5, B0D9LXX77Y, B0CR5LM46H, B0DQTMY7W6, B0DD6CWMJZ, B0DBH1SB4H, B0C2JWVG3V, B0F637NXVC, B0FDJH8JW2, B0DLVQ54K3, B0DWMVNLK6, B0GSG28BYB, B0CKQYFBG9, B0C84BHTJR, B0FMRQ3G2D, B0DHMWLPF2, B0FFM8SFJC, B0FGXNDDRV, B0DFNXQNVN, B0D9GDJMHT, B0CP89JK7G, B0D7ZZKHG7, B0CR1PCGZH, B0D9N2B61B, B0DBC6LL74, B0GR5393T1, B0DLVSXB81, B0CN6LSSX3, B0CR1QJ4C4, B0D6TV1JCT, B0D5HGZ27P, B0CR1QS9TY, B0DRD25JSF, B0CR1PCWJL, B0GQ4B1K78, B0G259ZWJX, B0CR5HXKDH, B0DFW3V17B, B0FL1J36D2, B0DBPV65G7, B0D7M8XM68, B0G4Q98BBV, B0CN9D8TM2, B0CR1P12GG, B0CSS91S65, B0D97BWZ5Q, B0CKQTY9JF, B0G4M9XSXT, B0DWMZ7VR5, B0CSYQQ4DP, B0CCCVYFJ2, B0F3WYM25B, B0FZFKK2WL, B0D2RGM53R, B0CR1P94SK, B0DX1V5FTQ, B0C8RX9LZM, B0G4TBHFSB, B0DP8J6SVN, B0D83N48QL, B0DJKL2H8X, B0DMVYDVF1, B0D97DKKZR, B0CS3K56L9, B0D62N7TL4, B0DQPK6BYN, B0DKTK4GN8, B0DFB2BTRX, B0C5WQ4625, B0DP884NXF, B0CC27NX2H, B0FRQRJ5CM, B0GTVG6HR5, B0DLVVHHMD, B0FG6QSGMC, B0CTCQ7LV8, B0GQH2D42J, B0CHTTGHYQ, B0DB8DQ2H7, B0GQR57MWN, B0DLNSQ91C, B0C9M2HR8T, B0GF1J9MF1, B0FRG6HZH8, B0D4MNTZ7L, B0GCHXD7PW, B0CQXBX3Y1, B0D9GFH7GV, B0C6SPKRQZ, B0FP5D15SV, B0CKQTYF3S, B0CCCZ7VRC, B0F53T8BZT, B0D83V8F1K, B0GCHF6W9R, B0CBT9LHBV, B0CCDW9J5L, B0D2RHC862, B0GHSYW3MB, B0DD775TLX, B0GQ9CF28T, B0DMVXH9WL, B0DHGBMKNS, B0GQLWVF5C, B0GTVD42GN, B0G3WSQW43, B0FFLS5QCQ, B0D83Y1Z8V, B0C8S47TG9, B0FP6MN3ZX, B0CP7T58BM, B0DTKBLP27, B0DSP9L7B8, B0GCKCN11Y, B0GR51GT6Q, B0CQX9BY96, B0C6RZXZLC, B0GVDXM64R, B0DNT8D3ZW, B0DJ1CHCV7, B0C2JVRHFH, B0FX22HF1N, B0CM8RZ3H8, B0DCG1Z5CT, B0DBPP7SPR, B0DBPH4CL5, B0DKXC8HZM, B0D99VFCPZ, B0FBRYLX8C, B0DRFDBW1B, B0CS34F5BL, B0CR5TLY2K, B0CR1NBWTB, B0FNX7628H, B0CSFXWS75, B0D97CVTCC, B0DBC9QT3N, B0CJJMWNFX, B0CQXB1D13, B0CGLPQW44, B0DP8QFSD8, B0CSFV25CX, B0CHBCF271, B0FG266T4R, B0DNT8242Z, B0F53WQZ7W, B0CR1Q42NS, B0GSVVX7TZ, B0DKTGNYR3]",amzn1.campaign.15H98NT8YSY8A,🎂 Milestone Magic One-Box Kit Campaign 🎂,Yingoto,2026-04-08,2026-10-16,10.00%,5000.0,5000.0,14,800,false
"[B0D2SS1GMQ, B0CR1Q53WY, B0FSZZZ9FX, B0CLXP6FZ1, B0DBSKCHZC, B0FLJWQMTZ, B0D4MJSG79, B0F53N9PBY, B0G4CVD67W, B0DK8751ZG, B0CSRX13NC, B0FWK9J3JX, B0D89THPLK, B0DRC4J4PW, B0G4TBJP55, B0CTCPQ2TL, B0D9GDX1R4, B0G5YM4M8X, B0DR2HG2HH, B0CHJLW7KH, B0GV3HLLS5, B0G4Q22KBW, B0D2RJX2P5, B0FBWKSF7K, B0CR1PVYMC, B0CS2T73TG, B0DB88CDC4, B0D62V967V, B0F3WWRJDF, B0DG8ZVDTH, B0FL1F9RC4, B0CGJ9P1RV, B0CQPJVXQJ, B0CSFLZ136, B0C6SDJR53, B0C7ZV7Z6H, B0DQKWY3RP, B0DFWSD1VH, B0D7W2TJMH, B0CSFWPKWL, B0GQ7VD11M, B0D8JHP26H, B0CZP3P96X, B0CR1DKHDQ, B0CR1P7XXV, B0DMVY91DK, B0CTCR1NDZ, B0GR5FZR6Z, B0D97FCG9H, B0DQPQFFDQ, B0FP545PD1, B0CTCQZ6Y2, B0FS6Y6HDL, B0CZNZMHTT, B0GQT8TTTQ, B0CYGP71BW, B0GVSFQM4S, B0D9H463N8, B0G6XGLRCN, B0CLLFCDKN, B0D31182NV, B0GTYX1QVQ, B0G3NSP7Z5, B0CZNZ27CN, B0CQM27757, B0CF8DL1Y4, B0CGHWHZLV, B0DK4HLLR9, B0G41L7NT6, B0D8JFT12N, B0CKR2CVZ4, B0CBR7CXQZ, B0C9PG31NC, B0F638SGBJ, B0C4GF9VFN, B0C6S2RHXV, B0FMXZRXZD, B0CYLPF3D8, B0CSFW898Y, B0GQM88QMR, B0CCT8X4JK, B0FGCPGNJP, B0CQXCQSWT, B0DCY8W6DR, B0CLV2JGWF, B0DB8KMNJ6, B0DK4GPWCT, B0C6LQYYMJ, B0C5X183ZK, B0D7M84RM1, B0CR1P9FXT, B0FS65RTKS, B0C6WX2V9R, B0DQTRDV3G, B0CKQSYM5J, B0CJ8THTLW, B0GTYYPMPM, B0CLLDKS2B, B0F7K333KY, B0CLLFFXTS, B0CDQ4X4BW, B0FS66PD5H, B0CR1PH5ZV, B0D7C11GQT, B0GTVB88X2, B0GCJDNMW5, B0GTVMW5LH, B0DBCCW7TB, B0F53VYPC7, B0GBWXJ2C6, B0FFB3SN9V, B0D4MNR1CK, B0CM8MSRPQ, B0D9N3FK62, B0DFNMW5PQ, B0CSSGZZD7, B0D9GDG32Y, B0DRJ15P7D, B0GTVDHM7V, B0D73M5CNM, B0CTCPRSVX, B0D89Y48QN, B0GSVVMXPX, B0DPZYZ3BH, B0FMFD2RMF, B0GJ2SK8VV, B0GFWGNBFM, B0G4MDGRTN, B0F8NRTFVN, B0C8S1HCPS, B0CR146JGN, B0CR5V85YX, B0CP7VY8YG, B0DFB8QC5F, B0D97D2XQD, B0D9GDXN3F, B0CF5L8G6T, B0GQGP4FK8, B0D4YDX467, B0DRZJNP8N, B0FG7N41FW, B0DLKX1CVD, B0DRZBJWXW, B0DG928PZH, B0DB894M2Q, B0GFN8LGKZ, B0FSJXBV7S, B0CZL2N62W, B0FMDHGXKV, B0DB1Y6NR4, B0DRFFTD5K, B0C9HDD759, B0D73LQVJY, B0G4QDZF7Q, B0GCH7GK1K, B0FFSXVXH9, B0GQ8SWHGZ, B0D2XFB3S8, B0D73LX54C, B0D5YFS4LP, B0F7L8C72T, B0G4LC6R3J, B0F7H16VYW, B0CZNZYBB3, B0C5L852HJ, B0C9GPHQ8S, B0FP53YT6J, B0GQT7QFYW, B0GTVDMSCP, B0DWR5R8T6, B0DLVRW3TM, B0GQLY9S6V, B0G5P7YC7T, B0DJM4JC2D, B0DK4J5T75, B0DRJVLW9D, B0D97BZDDF, B0D9GF2JSR, B0FBR1Y9GQ, B0FH1QRDPH, B0DHFT6C3T, B0C5DDC6JN, B0DMVZ2TYP, B0D1R2KPS5, B0D9LXX77Y, B0CR5LM46H, B0DQTMY7W6, B0DD6CWMJZ, B0DBH1SB4H, B0C2JWVG3V, B0F637NXVC, B0FDJH8JW2, B0DLVQ54K3, B0DWMVNLK6, B0GSG28BYB, B0CKQYFBG9, B0C84BHTJR, B0FMRQ3G2D, B0DHMWLPF2, B0FFM8SFJC, B0FGXNDDRV, B0DFNXQNVN, B0D9GDJMHT, B0CP89JK7G, B0D7ZZKHG7, B0CR1PCGZH, B0D9N2B61B, B0DBC6LL74, B0GR5393T1, B0DLVSXB81, B0CN6LSSX3, B0CR1QJ4C4, B0D6TV1JCT, B0D5HGZ27P, B0CR1QS9TY, B0DRD25JSF, B0CR1PCWJL, B0GQ4B1K78, B0G259ZWJX, B0CR5HXKDH, B0DFW3V17B, B0FL1J36D2, B0DBPV65G7, B0D7M8XM68, B0G4Q98BBV, B0CN9D8TM2, B0CR1P12GG, B0CSS91S65, B0D97BWZ5Q, B0CKQTY9JF, B0G4M9XSXT, B0DWMZ7VR5, B0CSYQQ4DP, B0CCCVYFJ2, B0F3WYM25B, B0FZFKK2WL, B0D2RGM53R, B0CR1P94SK, B0DX1V5FTQ, B0C8RX9LZM, B0G4TBHFSB, B0DP8J6SVN, B0D83N48QL, B0DJKL2H8X, B0DMVYDVF1, B0D97DKKZR, B0CS3K56L9, B0D62N7TL4, B0DQPK6BYN, B0DKTK4GN8, B0DFB2BTRX, B0C5WQ4625, B0DP884NXF, B0CC27NX2H, B0FRQRJ5CM, B0GTVG6HR5, B0DLVVHHMD, B0FG6QSGMC, B0CTCQ7LV8, B0GQH2D42J, B0CHTTGHYQ, B0DB8DQ2H7, B0GQR57MWN, B0DLNSQ91C, B0C9M2HR8T, B0GF1J9MF1, B0FRG6HZH8, B0D4MNTZ7L, B0GCHXD7PW, B0CQXBX3Y1, B0D9GFH7GV, B0C6SPKRQZ, B0FP5D15SV, B0CKQTYF3S, B0CCCZ7VRC, B0F53T8BZT, B0D83V8F1K, B0GCHF6W9R, B0CBT9LHBV, B0CCDW9J5L, B0D2RHC862, B0GHSYW3MB, B0DD775TLX, B0GQ9CF28T, B0DMVXH9WL, B0DHGBMKNS, B0GQLWVF5C, B0GTVD42GN, B0G3WSQW43, B0FFLS5QCQ, B0D83Y1Z8V, B0C8S47TG9, B0FP6MN3ZX, B0CP7T58BM, B0DTKBLP27, B0DSP9L7B8, B0GCKCN11Y, B0GR51GT6Q, B0CQX9BY96, B0C6RZXZLC, B0GVDXM64R, B0DNT8D3ZW, B0DJ1CHCV7, B0C2JVRHFH, B0FX22HF1N, B0CM8RZ3H8, B0DCG1Z5CT, B0DBPP7SPR, B0DBPH4CL5, B0DKXC8HZM, B0D99VFCPZ, B0FBRYLX8C, B0DRFDBW1B, B0CS34F5BL, B0CR5TLY2K, B0CR1NBWTB, B0FNX7628H, B0CSFXWS75, B0D97CVTCC, B0DBC9QT3N, B0CJJMWNFX, B0CQXB1D13, B0CGLPQW44, B0DP8QFSD8, B0CSFV25CX, B0CHBCF271, B0FG266T4R, B0DNT8242Z, B0F53WQZ7W, B0CR1Q42NS, B0GSVVX7TZ, B0DKTGNYR3]",amzn1.campaign.AEN9EB5PM5ZT,🍼 Instant Joy Celebration Bundle Campaign 🍼,Yingoto,2026-04-08,2026-10-11,10.00%,5000.0,5000.0,20,800,false
"[B0D2SS1GMQ, B0CR1Q53WY, B0FSZZZ9FX, B0CLXP6FZ1, B0DBSKCHZC, B0FLJWQMTZ, B0D4MJSG79, B0F53N9PBY, B0G4CVD67W, B0DK8751ZG, B0CSRX13NC, B0FWK9J3JX, B0D89THPLK, B0DRC4J4PW, B0G4TBJP55, B0CTCPQ2TL, B0D9GDX1R4, B0G5YM4M8X, B0DR2HG2HH, B0CHJLW7KH, B0GV3HLLS5, B0G4Q22KBW, B0D2RJX2P5, B0FBWKSF7K, B0CR1PVYMC, B0CS2T73TG, B0DB88CDC4, B0D62V967V, B0F3WWRJDF, B0DG8ZVDTH, B0FL1F9RC4, B0CGJ9P1RV, B0CQPJVXQJ, B0CSFLZ136, B0C6SDJR53, B0C7ZV7Z6H, B0DQKWY3RP, B0DFWSD1VH, B0D7W2TJMH, B0CSFWPKWL, B0GQ7VD11M, B0D8JHP26H, B0CZP3P96X, B0CR1DKHDQ, B0CR1P7XXV, B0DMVY91DK, B0CTCR1NDZ, B0GR5FZR6Z, B0D97FCG9H, B0DQPQFFDQ, B0FP545PD1, B0CTCQZ6Y2, B0FS6Y6HDL, B0CZNZMHTT, B0GQT8TTTQ, B0CYGP71BW, B0GVSFQM4S, B0D9H463N8, B0G6XGLRCN, B0CLLFCDKN, B0D31182NV, B0GTYX1QVQ, B0G3NSP7Z5, B0CZNZ27CN, B0CQM27757, B0CF8DL1Y4, B0CGHWHZLV, B0DK4HLLR9, B0G41L7NT6, B0D8JFT12N, B0CKR2CVZ4, B0CBR7CXQZ, B0C9PG31NC, B0F638SGBJ, B0C4GF9VFN, B0C6S2RHXV, B0FMXZRXZD, B0CYLPF3D8, B0CSFW898Y, B0GQM88QMR, B0CCT8X4JK, B0FGCPGNJP, B0CQXCQSWT, B0DCY8W6DR, B0CLV2JGWF, B0DB8KMNJ6, B0DK4GPWCT, B0C6LQYYMJ, B0C5X183ZK, B0D7M84RM1, B0CR1P9FXT, B0FS65RTKS, B0C6WX2V9R, B0DQTRDV3G, B0CKQSYM5J, B0CJ8THTLW, B0GTYYPMPM, B0CLLDKS2B, B0F7K333KY, B0CLLFFXTS, B0CDQ4X4BW, B0FS66PD5H, B0CR1PH5ZV, B0D7C11GQT, B0GTVB88X2, B0GCJDNMW5, B0GTVMW5LH, B0DBCCW7TB, B0F53VYPC7, B0GBWXJ2C6, B0FFB3SN9V, B0D4MNR1CK, B0CM8MSRPQ, B0D9N3FK62, B0DFNMW5PQ, B0CSSGZZD7, B0D9GDG32Y, B0DRJ15P7D, B0GTVDHM7V, B0D73M5CNM, B0CTCPRSVX, B0D89Y48QN, B0GSVVMXPX, B0DPZYZ3BH, B0FMFD2RMF, B0GJ2SK8VV, B0GFWGNBFM, B0G4MDGRTN, B0F8NRTFVN, B0C8S1HCPS, B0CR146JGN, B0CR5V85YX, B0CP7VY8YG, B0DFB8QC5F, B0D97D2XQD, B0D9GDXN3F, B0CF5L8G6T, B0GQGP4FK8, B0D4YDX467, B0DRZJNP8N, B0FG7N41FW, B0DLKX1CVD, B0DRZBJWXW, B0DG928PZH, B0DB894M2Q, B0GFN8LGKZ, B0FSJXBV7S, B0CZL2N62W, B0FMDHGXKV, B0DB1Y6NR4, B0DRFFTD5K, B0C9HDD759, B0D73LQVJY, B0G4QDZF7Q, B0GCH7GK1K, B0FFSXVXH9, B0GQ8SWHGZ, B0D2XFB3S8, B0D73LX54C, B0D5YFS4LP, B0F7L8C72T, B0G4LC6R3J, B0F7H16VYW, B0CZNZYBB3, B0C5L852HJ, B0C9GPHQ8S, B0FP53YT6J, B0GQT7QFYW, B0GTVDMSCP, B0DWR5R8T6, B0DLVRW3TM, B0GQLY9S6V, B0G5P7YC7T, B0DJM4JC2D, B0DK4J5T75, B0DRJVLW9D, B0D97BZDDF, B0D9GF2JSR, B0FBR1Y9GQ, B0FH1QRDPH, B0DHFT6C3T, B0C5DDC6JN, B0DMVZ2TYP, B0D1R2KPS5, B0D9LXX77Y, B0CR5LM46H, B0DQTMY7W6, B0DD6CWMJZ, B0DBH1SB4H, B0C2JWVG3V, B0F637NXVC, B0FDJH8JW2, B0DLVQ54K3, B0DWMVNLK6, B0GSG28BYB, B0CKQYFBG9, B0C84BHTJR, B0FMRQ3G2D, B0DHMWLPF2, B0FFM8SFJC, B0FGXNDDRV, B0DFNXQNVN, B0D9GDJMHT, B0CP89JK7G, B0D7ZZKHG7, B0CR1PCGZH, B0D9N2B61B, B0DBC6LL74, B0GR5393T1, B0DLVSXB81, B0CN6LSSX3, B0CR1QJ4C4, B0D6TV1JCT, B0D5HGZ27P, B0CR1QS9TY, B0DRD25JSF, B0CR1PCWJL, B0GQ4B1K78, B0G259ZWJX, B0CR5HXKDH, B0DFW3V17B, B0FL1J36D2, B0DBPV65G7, B0D7M8XM68, B0G4Q98BBV, B0CN9D8TM2, B0CR1P12GG, B0CSS91S65, B0D97BWZ5Q, B0CKQTY9JF, B0G4M9XSXT, B0DWMZ7VR5, B0CSYQQ4DP, B0CCCVYFJ2, B0F3WYM25B, B0FZFKK2WL, B0D2RGM53R, B0CR1P94SK, B0DX1V5FTQ, B0C8RX9LZM, B0G4TBHFSB, B0DP8J6SVN, B0D83N48QL, B0DJKL2H8X, B0DMVYDVF1, B0D97DKKZR, B0CS3K56L9, B0D62N7TL4, B0DQPK6BYN, B0DKTK4GN8, B0DFB2BTRX, B0C5WQ4625, B0DP884NXF, B0CC27NX2H, B0FRQRJ5CM, B0GTVG6HR5, B0DLVVHHMD, B0FG6QSGMC, B0CTCQ7LV8, B0GQH2D42J, B0CHTTGHYQ, B0DB8DQ2H7, B0GQR57MWN, B0DLNSQ91C, B0C9M2HR8T, B0GF1J9MF1, B0FRG6HZH8, B0D4MNTZ7L, B0GCHXD7PW, B0CQXBX3Y1, B0D9GFH7GV, B0C6SPKRQZ, B0FP5D15SV, B0CKQTYF3S, B0CCCZ7VRC, B0F53T8BZT, B0D83V8F1K, B0GCHF6W9R, B0CBT9LHBV, B0CCDW9J5L, B0D2RHC862, B0GHSYW3MB, B0DD775TLX, B0GQ9CF28T, B0DMVXH9WL, B0DHGBMKNS, B0GQLWVF5C, B0GTVD42GN, B0G3WSQW43, B0FFLS5QCQ, B0D83Y1Z8V, B0C8S47TG9, B0FP6MN3ZX, B0CP7T58BM, B0DTKBLP27, B0DSP9L7B8, B0GCKCN11Y, B0GR51GT6Q, B0CQX9BY96, B0C6RZXZLC, B0GVDXM64R, B0DNT8D3ZW, B0DJ1CHCV7, B0C2JVRHFH, B0FX22HF1N, B0CM8RZ3H8, B0DCG1Z5CT, B0DBPP7SPR, B0DBPH4CL5, B0DKXC8HZM, B0D99VFCPZ, B0FBRYLX8C, B0DRFDBW1B, B0CS34F5BL, B0CR5TLY2K, B0CR1NBWTB, B0FNX7628H, B0CSFXWS75, B0D97CVTCC, B0DBC9QT3N, B0CJJMWNFX, B0CQXB1D13, B0CGLPQW44, B0DP8QFSD8, B0CSFV25CX, B0CHBCF271, B0FG266T4R, B0DNT8242Z, B0F53WQZ7W, B0CR1Q42NS, B0GSVVX7TZ, B0DKTGNYR3]",amzn1.campaign.QMQDQV9NT4RG,🎉 One-Box Party Magic Maker Campaign 🎉,Yingoto,2026-04-08,2026-10-17,10.00%,5000.0,5000.0,23,800,false
"[B0GLJ24CWF, B0GLHJ5JC9, B0GLHJCS27, B0GLHBMTYS, B0GLHSCZ72]",amzn1.campaign.1QH6NCNFUHKKC,RCZETC Magnetic Hair Clips | Long-Term Creator Partnership & 10% Commission,RCZETC,2026-04-07,2026-10-31,10.00%,5000.0,4982.4,0,800,false
"[B0GSJ3TWCX, B0GFD2C4BG, B0GTFB8WG5, B0GFCWVZT4, B0GSJB6W49, B0GFCW8N1V, B0GFD1H9PH, B0GSJ418VG, B0GSJ4R58L, B0GSJ3MD9W, B0GSHTKZJF]",amzn1.campaign.1I3B9XX9945ZR,Bamboo Reed Fence Roll  Commission rate 16%,GALTEED,2026-04-08,2027-01-31,16.00%,5000.0,4833.28,7,800,false
"[B0GQ6946DY, B0DSVRWG4Z, B0G23KLSLD, B0G13RXX3R, B0FH6KXZRW, B0FFLPMG7W, B0GR8H9LS2, B0FK9HQ9RL, B0GDZJXQ86, B0GCJS88N1, B0G5MSWCB4, B0FN7SVW5Z, B0FRGCCN54, B0GF1XS1MP, B0GFW9HCQ9, B0FY2SL66H, B0FS6NXD59, B0G4MJTWLR, B0FH6247CJ, B0FFHC84JZ, B0FJRMD7PQ, B0G23F92GG, B0FS6CCQK4, B0DSW8T694, B0GQM2H1W7, B0FMRQ2Y9D, B0FMRPFM2K, B0FS6T5F83, B0FFT44KV9, B0GS5QCPTT, B0FPDXHP8M, B0G4MLCX1J, B0FFLXP6F7, B0GFN46734, B0GFCN4DRT, B0FM79GGT8, B0G4L6B8SD, B0GD15V1B7, B0FMY1YN54, B0FYFJNYXB, B0FR422RPP, B0GQ5YQNVV, B0G42BPC59, B0FX26ZFLK, B0GQ72FPHY, B0FRGBCGW5, B0GDZSD85K, B0GR98NTBC, B0FRLV91TF, B0FJS3GZDF, B0G3W174DB, B0DWRHHS9W, B0FJS1S3C7, B0GR531G4X, B0FZ9XPKJ8, B0GJ5GQ1T8, B0G4MJM36H, B0G5LFLF1Z, B0FCM4YDZF, B0F1C87GWY, B0GBSN86YH, B0FXF7T5P2, B0FMY2CMWY, B0G11P44J2, B0FX9N4BBW, B0FFM1FFPV, B0FJRMZ943, B0GCLNNZG6, B0FBR265FD, B0GDFPKGJ5, B0FXF1WGLY, B0FS78TVZL, B0FFLMFR76, B0GVSFMS96, B0FFT61MGV, B0FFMS4DTC, B0FFLGTQV7, B0FYC1YJTS, B0G6XVCGHF, B0GQ68NHJ2, B0G4P5WSNV, B0FB385W8X, B0FRGHWWSC, B0GCFH4B1Y, B0FY561KV5, B0GC5MBW5Z, B0FH62NG2G, B0FVCCT3YB, B0DSZB25JH, B0GLP3J844, B0FXG9QPSP, B0G38XLMGT, B0FRQC9CRQ, B0GTQ4R9FP, B0FBS7ZM6L, B0G4CSQKW1, B0FKS38GH1]",amzn1.campaign.2XN75WW5XCCC0,👶 Universal All-Occasion Celebration Kit Campaign 👶,Fexivo,2026-04-08,2026-11-24,10.00%,5000.0,5000.0,15,800,false
"[B0GQ6946DY, B0DSVRWG4Z, B0G23KLSLD, B0G13RXX3R, B0FH6KXZRW, B0FFLPMG7W, B0GR8H9LS2, B0FK9HQ9RL, B0GDZJXQ86, B0GCJS88N1, B0G5MSWCB4, B0FN7SVW5Z, B0FRGCCN54, B0GF1XS1MP, B0GFW9HCQ9, B0FY2SL66H, B0FS6NXD59, B0G4MJTWLR, B0FH6247CJ, B0FFHC84JZ, B0FJRMD7PQ, B0G23F92GG, B0FS6CCQK4, B0DSW8T694, B0GQM2H1W7, B0FMRQ2Y9D, B0FMRPFM2K, B0FS6T5F83, B0FFT44KV9, B0GS5QCPTT, B0FPDXHP8M, B0G4MLCX1J, B0FFLXP6F7, B0GFN46734, B0GFCN4DRT, B0FM79GGT8, B0G4L6B8SD, B0GD15V1B7, B0FMY1YN54, B0FYFJNYXB, B0FR422RPP, B0GQ5YQNVV, B0G42BPC59, B0FX26ZFLK, B0GQ72FPHY, B0FRGBCGW5, B0GDZSD85K, B0GR98NTBC, B0FRLV91TF, B0FJS3GZDF, B0G3W174DB, B0DWRHHS9W, B0FJS1S3C7, B0GR531G4X, B0FZ9XPKJ8, B0GJ5GQ1T8, B0G4MJM36H, B0G5LFLF1Z, B0FCM4YDZF, B0F1C87GWY, B0GBSN86YH, B0FXF7T5P2, B0FMY2CMWY, B0G11P44J2, B0FX9N4BBW, B0FFM1FFPV, B0FJRMZ943, B0GCLNNZG6, B0FBR265FD, B0GDFPKGJ5, B0FXF1WGLY, B0FS78TVZL, B0FFLMFR76, B0GVSFMS96, B0FFT61MGV, B0FFMS4DTC, B0FFLGTQV7, B0FYC1YJTS, B0G6XVCGHF, B0GQ68NHJ2, B0G4P5WSNV, B0FB385W8X, B0FRGHWWSC, B0GCFH4B1Y, B0FY561KV5, B0GC5MBW5Z, B0FH62NG2G, B0FVCCT3YB, B0DSZB25JH, B0GLP3J844, B0FXG9QPSP, B0G38XLMGT, B0FRQC9CRQ, B0GTQ4R9FP, B0FBS7ZM6L, B0G4CSQKW1, B0FKS38GH1]",amzn1.campaign.3DIPLVXR9UJ0F,🏆 Premium Reusable Party Essentials Kit Campaign 🏆,Fexivo,2026-04-08,2026-10-11,10.00%,5000.0,5000.0,21,800,false
"[B0GQ6946DY, B0DSVRWG4Z, B0G23KLSLD, B0G13RXX3R, B0FH6KXZRW, B0FFLPMG7W, B0GR8H9LS2, B0FK9HQ9RL, B0GDZJXQ86, B0GCJS88N1, B0G5MSWCB4, B0FN7SVW5Z, B0FRGCCN54, B0GF1XS1MP, B0GFW9HCQ9, B0FY2SL66H, B0FS6NXD59, B0G4MJTWLR, B0FH6247CJ, B0FFHC84JZ, B0FJRMD7PQ, B0G23F92GG, B0FS6CCQK4, B0DSW8T694, B0GQM2H1W7, B0FMRQ2Y9D, B0FMRPFM2K, B0FS6T5F83, B0FFT44KV9, B0GS5QCPTT, B0FPDXHP8M, B0G4MLCX1J, B0FFLXP6F7, B0GFN46734, B0GFCN4DRT, B0FM79GGT8, B0G4L6B8SD, B0GD15V1B7, B0FMY1YN54, B0FYFJNYXB, B0FR422RPP, B0GQ5YQNVV, B0G42BPC59, B0FX26ZFLK, B0GQ72FPHY, B0FRGBCGW5, B0GDZSD85K, B0GR98NTBC, B0FRLV91TF, B0FJS3GZDF, B0G3W174DB, B0DWRHHS9W, B0FJS1S3C7, B0GR531G4X, B0FZ9XPKJ8, B0GJ5GQ1T8, B0G4MJM36H, B0G5LFLF1Z, B0FCM4YDZF, B0F1C87GWY, B0GBSN86YH, B0FXF7T5P2, B0FMY2CMWY, B0G11P44J2, B0FX9N4BBW, B0FFM1FFPV, B0FJRMZ943, B0GCLNNZG6, B0FBR265FD, B0GDFPKGJ5, B0FXF1WGLY, B0FS78TVZL, B0FFLMFR76, B0GVSFMS96, B0FFT61MGV, B0FFMS4DTC, B0FFLGTQV7, B0FYC1YJTS, B0G6XVCGHF, B0GQ68NHJ2, B0G4P5WSNV, B0FB385W8X, B0FRGHWWSC, B0GCFH4B1Y, B0FY561KV5, B0GC5MBW5Z, B0FH62NG2G, B0FVCCT3YB, B0DSZB25JH, B0GLP3J844, B0FXG9QPSP, B0G38XLMGT, B0FRQC9CRQ, B0GTQ4R9FP, B0FBS7ZM6L, B0G4CSQKW1, B0FKS38GH1]",amzn1.campaign.3QKVQK40KIQS7,🌟 Photo-Perfect Party Backdrop Kit Campaign 🌟,Fexivo,2026-04-08,2026-10-18,10.00%,5000.0,5000.0,25,800,false
"[B0G2RPH4SQ, B0G2RQSZLZ, B0G2RQMMQ9, B0G2RP8NK2, B0G2RPRDPX, B0G2RSK84J, B0G2RPGPJD]",amzn1.campaign.VIHPJEXFM2HM,StogieStay Magnetic Stogie Holder - Portable Stogie Clip for Golf Carts,HODL 21,2026-04-08,2027-04-08,10.00%,5000.0,4993.04,18,800,false
"[B0GQ6946DY, B0DSVRWG4Z, B0G23KLSLD, B0G13RXX3R, B0FH6KXZRW, B0FFLPMG7W, B0GR8H9LS2, B0FK9HQ9RL, B0GDZJXQ86, B0GCJS88N1, B0G5MSWCB4, B0FN7SVW5Z, B0FRGCCN54, B0GF1XS1MP, B0GFW9HCQ9, B0FY2SL66H, B0FS6NXD59, B0G4MJTWLR, B0FH6247CJ, B0FFHC84JZ, B0FJRMD7PQ, B0G23F92GG, B0FS6CCQK4, B0DSW8T694, B0GQM2H1W7, B0FMRQ2Y9D, B0FMRPFM2K, B0FS6T5F83, B0FFT44KV9, B0GS5QCPTT, B0FPDXHP8M, B0G4MLCX1J, B0FFLXP6F7, B0GFN46734, B0GFCN4DRT, B0FM79GGT8, B0G4L6B8SD, B0GD15V1B7, B0FMY1YN54, B0FYFJNYXB, B0FR422RPP, B0GQ5YQNVV, B0G42BPC59, B0FX26ZFLK, B0GQ72FPHY, B0FRGBCGW5, B0GDZSD85K, B0GR98NTBC, B0FRLV91TF, B0FJS3GZDF, B0G3W174DB, B0DWRHHS9W, B0FJS1S3C7, B0GR531G4X, B0FZ9XPKJ8, B0GJ5GQ1T8, B0G4MJM36H, B0G5LFLF1Z, B0FCM4YDZF, B0F1C87GWY, B0GBSN86YH, B0FXF7T5P2, B0FMY2CMWY, B0G11P44J2, B0FX9N4BBW, B0FFM1FFPV, B0FJRMZ943, B0GCLNNZG6, B0FBR265FD, B0GDFPKGJ5, B0FXF1WGLY, B0FS78TVZL, B0FFLMFR76, B0GVSFMS96, B0FFT61MGV, B0FFMS4DTC, B0FFLGTQV7, B0FYC1YJTS, B0G6XVCGHF, B0GQ68NHJ2, B0G4P5WSNV, B0FB385W8X, B0FRGHWWSC, B0GCFH4B1Y, B0FY561KV5, B0GC5MBW5Z, B0FH62NG2G, B0FVCCT3YB, B0DSZB25JH, B0GLP3J844, B0FXG9QPSP, B0G38XLMGT, B0FRQC9CRQ, B0GTQ4R9FP, B0FBS7ZM6L, B0G4CSQKW1, B0FKS38GH1]",amzn1.campaign.2GOT1SX7I3XIO,🎈 Confetti Celebration Explosion Kit Campaign 🎈,Fexivo,2026-04-08,2026-12-03,10.00%,5000.0,5000.0,21,800,false
"[B0GQ6946DY, B0DSVRWG4Z, B0G23KLSLD, B0G13RXX3R, B0FH6KXZRW, B0FFLPMG7W, B0GR8H9LS2, B0FK9HQ9RL, B0GDZJXQ86, B0GCJS88N1, B0G5MSWCB4, B0FN7SVW5Z, B0FRGCCN54, B0GF1XS1MP, B0GFW9HCQ9, B0FY2SL66H, B0FS6NXD59, B0G4MJTWLR, B0FH6247CJ, B0FFHC84JZ, B0FJRMD7PQ, B0G23F92GG, B0FS6CCQK4, B0DSW8T694, B0GQM2H1W7, B0FMRQ2Y9D, B0FMRPFM2K, B0FS6T5F83, B0FFT44KV9, B0GS5QCPTT, B0FPDXHP8M, B0G4MLCX1J, B0FFLXP6F7, B0GFN46734, B0GFCN4DRT, B0FM79GGT8, B0G4L6B8SD, B0GD15V1B7, B0FMY1YN54, B0FYFJNYXB, B0FR422RPP, B0GQ5YQNVV, B0G42BPC59, B0FX26ZFLK, B0GQ72FPHY, B0FRGBCGW5, B0GDZSD85K, B0GR98NTBC, B0FRLV91TF, B0FJS3GZDF, B0G3W174DB, B0DWRHHS9W, B0FJS1S3C7, B0GR531G4X, B0FZ9XPKJ8, B0GJ5GQ1T8, B0G4MJM36H, B0G5LFLF1Z, B0FCM4YDZF, B0F1C87GWY, B0GBSN86YH, B0FXF7T5P2, B0FMY2CMWY, B0G11P44J2, B0FX9N4BBW, B0FFM1FFPV, B0FJRMZ943, B0GCLNNZG6, B0FBR265FD, B0GDFPKGJ5, B0FXF1WGLY, B0FS78TVZL, B0FFLMFR76, B0GVSFMS96, B0FFT61MGV, B0FFMS4DTC, B0FFLGTQV7, B0FYC1YJTS, B0G6XVCGHF, B0GQ68NHJ2, B0G4P5WSNV, B0FB385W8X, B0FRGHWWSC, B0GCFH4B1Y, B0FY561KV5, B0GC5MBW5Z, B0FH62NG2G, B0FVCCT3YB, B0DSZB25JH, B0GLP3J844, B0FXG9QPSP, B0G38XLMGT, B0FRQC9CRQ, B0GTQ4R9FP, B0FBS7ZM6L, B0G4CSQKW1, B0FKS38GH1]",amzn1.campaign.2JYKTHEKNK2EW,💖 Elegant Glam Table One-Box Kit Campaign 💖,Fexivo,2026-04-08,2026-10-07,10.00%,5000.0,5000.0,19,800,false
[B0B1M58FM2],amzn1.campaign.KHG7SGELDXD1,锯片红人计划10%,SMOHIZUR,2026-04-08,2027-04-08,10.00%,6000.0,5963.55,16,800,false
"[B0GQ6946DY, B0DSVRWG4Z, B0G23KLSLD, B0G13RXX3R, B0FH6KXZRW, B0FFLPMG7W, B0GR8H9LS2, B0FK9HQ9RL, B0GDZJXQ86, B0GCJS88N1, B0G5MSWCB4, B0FN7SVW5Z, B0FRGCCN54, B0GF1XS1MP, B0GFW9HCQ9, B0FY2SL66H, B0FS6NXD59, B0G4MJTWLR, B0FH6247CJ, B0FFHC84JZ, B0FJRMD7PQ, B0G23F92GG, B0FS6CCQK4, B0DSW8T694, B0GQM2H1W7, B0FMRQ2Y9D, B0FMRPFM2K, B0FS6T5F83, B0FFT44KV9, B0GS5QCPTT, B0FPDXHP8M, B0G4MLCX1J, B0FFLXP6F7, B0GFN46734, B0GFCN4DRT, B0FM79GGT8, B0G4L6B8SD, B0GD15V1B7, B0FMY1YN54, B0FYFJNYXB, B0FR422RPP, B0GQ5YQNVV, B0G42BPC59, B0FX26ZFLK, B0GQ72FPHY, B0FRGBCGW5, B0GDZSD85K, B0GR98NTBC, B0FRLV91TF, B0FJS3GZDF, B0G3W174DB, B0DWRHHS9W, B0FJS1S3C7, B0GR531G4X, B0FZ9XPKJ8, B0GJ5GQ1T8, B0G4MJM36H, B0G5LFLF1Z, B0FCM4YDZF, B0F1C87GWY, B0GBSN86YH, B0FXF7T5P2, B0FMY2CMWY, B0G11P44J2, B0FX9N4BBW, B0FFM1FFPV, B0FJRMZ943, B0GCLNNZG6, B0FBR265FD, B0GDFPKGJ5, B0FXF1WGLY, B0FS78TVZL, B0FFLMFR76, B0GVSFMS96, B0FFT61MGV, B0FFMS4DTC, B0FFLGTQV7, B0FYC1YJTS, B0G6XVCGHF, B0GQ68NHJ2, B0G4P5WSNV, B0FB385W8X, B0FRGHWWSC, B0GCFH4B1Y, B0FY561KV5, B0GC5MBW5Z, B0FH62NG2G, B0FVCCT3YB, B0DSZB25JH, B0GLP3J844, B0FXG9QPSP, B0G38XLMGT, B0FRQC9CRQ, B0GTQ4R9FP, B0FBS7ZM6L, B0G4CSQKW1, B0FKS38GH1]",amzn1.campaign.133X8JBPUR1G9,🥳 Family Mega Celebration Pack Campaign 🥳,Fexivo,2026-04-08,2026-12-17,10.00%,5000.0,5000.0,18,800,false
"[B0GQ6946DY, B0DSVRWG4Z, B0G23KLSLD, B0G13RXX3R, B0FH6KXZRW, B0FFLPMG7W, B0GR8H9LS2, B0FK9HQ9RL, B0GDZJXQ86, B0GCJS88N1, B0G5MSWCB4, B0FN7SVW5Z, B0FRGCCN54, B0GF1XS1MP, B0GFW9HCQ9, B0FY2SL66H, B0FS6NXD59, B0G4MJTWLR, B0FH6247CJ, B0FFHC84JZ, B0FJRMD7PQ, B0G23F92GG, B0FS6CCQK4, B0DSW8T694, B0GQM2H1W7, B0FMRQ2Y9D, B0FMRPFM2K, B0FS6T5F83, B0FFT44KV9, B0GS5QCPTT, B0FPDXHP8M, B0G4MLCX1J, B0FFLXP6F7, B0GFN46734, B0GFCN4DRT, B0FM79GGT8, B0G4L6B8SD, B0GD15V1B7, B0FMY1YN54, B0FYFJNYXB, B0FR422RPP, B0GQ5YQNVV, B0G42BPC59, B0FX26ZFLK, B0GQ72FPHY, B0FRGBCGW5, B0GDZSD85K, B0GR98NTBC, B0FRLV91TF, B0FJS3GZDF, B0G3W174DB, B0DWRHHS9W, B0FJS1S3C7, B0GR531G4X, B0FZ9XPKJ8, B0GJ5GQ1T8, B0G4MJM36H, B0G5LFLF1Z, B0FCM4YDZF, B0F1C87GWY, B0GBSN86YH, B0FXF7T5P2, B0FMY2CMWY, B0G11P44J2, B0FX9N4BBW, B0FFM1FFPV, B0FJRMZ943, B0GCLNNZG6, B0FBR265FD, B0GDFPKGJ5, B0FXF1WGLY, B0FS78TVZL, B0FFLMFR76, B0GVSFMS96, B0FFT61MGV, B0FFMS4DTC, B0FFLGTQV7, B0FYC1YJTS, B0G6XVCGHF, B0GQ68NHJ2, B0G4P5WSNV, B0FB385W8X, B0FRGHWWSC, B0GCFH4B1Y, B0FY561KV5, B0GC5MBW5Z, B0FH62NG2G, B0FVCCT3YB, B0DSZB25JH, B0GLP3J844, B0FXG9QPSP, B0G38XLMGT, B0FRQC9CRQ, B0GTQ4R9FP, B0FBS7ZM6L, B0G4CSQKW1, B0FKS38GH1]",amzn1.campaign.21XWP7FXEYTF,✨ Instant Glam Sparkle All-Events Kit Campaign ✨,Fexivo,2026-04-08,2027-01-07,10.00%,5000.0,5000.0,18,800,false
"[B0GQ6946DY, B0DSVRWG4Z, B0G23KLSLD, B0G13RXX3R, B0FH6KXZRW, B0FFLPMG7W, B0GR8H9LS2, B0FK9HQ9RL, B0GDZJXQ86, B0GCJS88N1, B0G5MSWCB4, B0FN7SVW5Z, B0FRGCCN54, B0GF1XS1MP, B0GFW9HCQ9, B0FY2SL66H, B0FS6NXD59, B0G4MJTWLR, B0FH6247CJ, B0FFHC84JZ, B0FJRMD7PQ, B0G23F92GG, B0FS6CCQK4, B0DSW8T694, B0GQM2H1W7, B0FMRQ2Y9D, B0FMRPFM2K, B0FS6T5F83, B0FFT44KV9, B0GS5QCPTT, B0FPDXHP8M, B0G4MLCX1J, B0FFLXP6F7, B0GFN46734, B0GFCN4DRT, B0FM79GGT8, B0G4L6B8SD, B0GD15V1B7, B0FMY1YN54, B0FYFJNYXB, B0FR422RPP, B0GQ5YQNVV, B0G42BPC59, B0FX26ZFLK, B0GQ72FPHY, B0FRGBCGW5, B0GDZSD85K, B0GR98NTBC, B0FRLV91TF, B0FJS3GZDF, B0G3W174DB, B0DWRHHS9W, B0FJS1S3C7, B0GR531G4X, B0FZ9XPKJ8, B0GJ5GQ1T8, B0G4MJM36H, B0G5LFLF1Z, B0FCM4YDZF, B0F1C87GWY, B0GBSN86YH, B0FXF7T5P2, B0FMY2CMWY, B0G11P44J2, B0FX9N4BBW, B0FFM1FFPV, B0FJRMZ943, B0GCLNNZG6, B0FBR265FD, B0GDFPKGJ5, B0FXF1WGLY, B0FS78TVZL, B0FFLMFR76, B0GVSFMS96, B0FFT61MGV, B0FFMS4DTC, B0FFLGTQV7, B0FYC1YJTS, B0G6XVCGHF, B0GQ68NHJ2, B0G4P5WSNV, B0FB385W8X, B0FRGHWWSC, B0GCFH4B1Y, B0FY561KV5, B0GC5MBW5Z, B0FH62NG2G, B0FVCCT3YB, B0DSZB25JH, B0GLP3J844, B0FXG9QPSP, B0G38XLMGT, B0FRQC9CRQ, B0GTQ4R9FP, B0FBS7ZM6L, B0G4CSQKW1, B0FKS38GH1]",amzn1.campaign.QYJOPIOF6DXF,🎂 Milestone Magic One-Box Kit Campaign 🎂,Fexivo,2026-04-08,2026-10-22,10.00%,5000.0,5000.0,25,800,false
[B0F9V3KPTD],amzn1.campaign.O88MKDKW6NY5,2 Pack GPS Tracker and 2 Keychains for Vehicles Work,Aquilumen,2026-04-08,2026-09-30,15.00%,50000.0,50000.0,0,800,false
"[B0GQ6946DY, B0DSVRWG4Z, B0G23KLSLD, B0G13RXX3R, B0FH6KXZRW, B0FFLPMG7W, B0GR8H9LS2, B0FK9HQ9RL, B0GDZJXQ86, B0GCJS88N1, B0G5MSWCB4, B0FN7SVW5Z, B0FRGCCN54, B0GF1XS1MP, B0GFW9HCQ9, B0FY2SL66H, B0FS6NXD59, B0G4MJTWLR, B0FH6247CJ, B0FFHC84JZ, B0FJRMD7PQ, B0G23F92GG, B0FS6CCQK4, B0DSW8T694, B0GQM2H1W7, B0FMRQ2Y9D, B0FMRPFM2K, B0FS6T5F83, B0FFT44KV9, B0GS5QCPTT, B0FPDXHP8M, B0G4MLCX1J, B0FFLXP6F7, B0GFN46734, B0GFCN4DRT, B0FM79GGT8, B0G4L6B8SD, B0GD15V1B7, B0FMY1YN54, B0FYFJNYXB, B0FR422RPP, B0GQ5YQNVV, B0G42BPC59, B0FX26ZFLK, B0GQ72FPHY, B0FRGBCGW5, B0GDZSD85K, B0GR98NTBC, B0FRLV91TF, B0FJS3GZDF, B0G3W174DB, B0DWRHHS9W, B0FJS1S3C7, B0GR531G4X, B0FZ9XPKJ8, B0GJ5GQ1T8, B0G4MJM36H, B0G5LFLF1Z, B0FCM4YDZF, B0F1C87GWY, B0GBSN86YH, B0FXF7T5P2, B0FMY2CMWY, B0G11P44J2, B0FX9N4BBW, B0FFM1FFPV, B0FJRMZ943, B0GCLNNZG6, B0FBR265FD, B0GDFPKGJ5, B0FXF1WGLY, B0FS78TVZL, B0FFLMFR76, B0GVSFMS96, B0FFT61MGV, B0FFMS4DTC, B0FFLGTQV7, B0FYC1YJTS, B0G6XVCGHF, B0GQ68NHJ2, B0G4P5WSNV, B0FB385W8X, B0FRGHWWSC, B0GCFH4B1Y, B0FY561KV5, B0GC5MBW5Z, B0FH62NG2G, B0FVCCT3YB, B0DSZB25JH, B0GLP3J844, B0FXG9QPSP, B0G38XLMGT, B0FRQC9CRQ, B0GTQ4R9FP, B0FBS7ZM6L, B0G4CSQKW1, B0FKS38GH1]",amzn1.campaign.1A0M49KK90NZH,🍼 Instant Joy Celebration Bundle Campaign 🍼,Fexivo,2026-04-08,2027-01-06,10.00%,5000.0,5000.0,18,800,false
"[B0GQ6946DY, B0DSVRWG4Z, B0G23KLSLD, B0G13RXX3R, B0FH6KXZRW, B0FFLPMG7W, B0GR8H9LS2, B0FK9HQ9RL, B0GDZJXQ86, B0GCJS88N1, B0G5MSWCB4, B0FN7SVW5Z, B0FRGCCN54, B0GF1XS1MP, B0GFW9HCQ9, B0FY2SL66H, B0FS6NXD59, B0G4MJTWLR, B0FH6247CJ, B0FFHC84JZ, B0FJRMD7PQ, B0G23F92GG, B0FS6CCQK4, B0DSW8T694, B0GQM2H1W7, B0FMRQ2Y9D, B0FMRPFM2K, B0FS6T5F83, B0FFT44KV9, B0GS5QCPTT, B0FPDXHP8M, B0G4MLCX1J, B0FFLXP6F7, B0GFN46734, B0GFCN4DRT, B0FM79GGT8, B0G4L6B8SD, B0GD15V1B7, B0FMY1YN54, B0FYFJNYXB, B0FR422RPP, B0GQ5YQNVV, B0G42BPC59, B0FX26ZFLK, B0GQ72FPHY, B0FRGBCGW5, B0GDZSD85K, B0GR98NTBC, B0FRLV91TF, B0FJS3GZDF, B0G3W174DB, B0DWRHHS9W, B0FJS1S3C7, B0GR531G4X, B0FZ9XPKJ8, B0GJ5GQ1T8, B0G4MJM36H, B0G5LFLF1Z, B0FCM4YDZF, B0F1C87GWY, B0GBSN86YH, B0FXF7T5P2, B0FMY2CMWY, B0G11P44J2, B0FX9N4BBW, B0FFM1FFPV, B0FJRMZ943, B0GCLNNZG6, B0FBR265FD, B0GDFPKGJ5, B0FXF1WGLY, B0FS78TVZL, B0FFLMFR76, B0GVSFMS96, B0FFT61MGV, B0FFMS4DTC, B0FFLGTQV7, B0FYC1YJTS, B0G6XVCGHF, B0GQ68NHJ2, B0G4P5WSNV, B0FB385W8X, B0FRGHWWSC, B0GCFH4B1Y, B0FY561KV5, B0GC5MBW5Z, B0FH62NG2G, B0FVCCT3YB, B0DSZB25JH, B0GLP3J844, B0FXG9QPSP, B0G38XLMGT, B0FRQC9CRQ, B0GTQ4R9FP, B0FBS7ZM6L, B0G4CSQKW1, B0FKS38GH1]",amzn1.campaign.1RE82DP98U87Q,🎉 One-Box Party Magic Maker Campaign 🎉,Fexivo,2026-04-08,2027-01-23,10.00%,5000.0,5000.0,18,800,false
"[B0BYCCJPH2, B0BYC9X1KK, B0B4C994SF, B0BYCCQ8GD]",amzn1.campaign.VSB1TK0KBN24,Psilvam premium waterproof poly wood shower bench,Psilvam,2026-04-08,2026-10-31,10.00%,5000.0,4824.35,6,800,false
"[B0FJCWJH89, B0FGXXQQHV, B0GR4W7JT5, B0G19J17XG, B0F8LJGT8L, B0FCXRL1Z3, B0FFTB9JHP, B0G3WMZJY6, B0GQ6YD33T, B0FR46JW3F, B0F2GZTXF5, B0DZ2DWKBD, B0F1MY1LYQ, B0FG6XJ28D, B0GSVK57BS, B0FSZRDBF9, B0F2H1B6D8, B0DZMTBCJN, B0FF4HVS1N, B0F9WQ1VQ6, B0DQTQJ7KH, B0FFLT9F28, B0GGZS8PTD, B0GD6V7HKS, B0FFT239B5, B0F18PSVSF, B0G3WN8N7C, B0F9P1VGKL, B0F1D9KK4Z, B0GVF22KBX, B0GTYXF44H, B0GHQWF44M, B0DRFGFT8T, B0FH5T9DC4, B0FFML33KZ, B0FP2PPBVX, B0FMF3BXQR, B0GS9JJ8PP, B0FKS3QNY9, B0F17GG2P4, B0FKGCPLH1, B0FP5G9HH7, B0FY344RF1, B0FS1WT7DQ, B0F192D3WK, B0F982ZN2L, B0GDZHVDLN, B0F9P29TNT, B0F1RTRKBT, B0GQM4Y79B, B0FK8ZRP99, B0G1M9RPPD, B0FKMGP2SB, B0GTV62GFH, B0DQ871SQG, B0FRLBKMTD, B0FG7JCN19, B0G25BH3YR, B0F938QKCT, B0FMF5WKMK, B0GFNRDNPZ, B0FK9X8L28, B0FSCYSC8G, B0DZMSL15Y, B0FH5ZZMW8, B0F8QRPQ8Q, B0G25D5RW9, B0F2GYWWQZ, B0FF4HFSZS, B0FCM33N1Y, B0GQLTH6RZ, B0FHPSQBK1, B0GVSF1QLW, B0FFT3CX6J, B0FR49J72S, B0FFLS46Q3, B0F18V4NNR, B0FMFD27PX, B0F2RHTKRQ, B0FMXZ9PDC, B0FS6GHDNN, B0F1MZBS5B, B0GCJVYD8X, B0F93C4HT2, B0DRZ9QQKJ, B0GVSBZ7YG, B0FR4CDMLD, B0GR56Z6G3, B0FVFMG13T, B0FH62JK23, B0FR4V7Q5T, B0FFRK9T75, B0FN7SJT69, B0G259PS7V, B0DR2GKP4F, B0FFT5PHQ5, B0FQB2W8KL, B0GQ6VF2K3, B0GTVL2ZJF, B0G3WSFZQD, B0FP58YZ7S, B0FKLYPMPW, B0GQZFRW2M, B0FSZZ5F9L, B0GQGL5YRS, B0F374DKKG, B0G3P7QGT2, B0FY6FWF3L, B0F9MQM6TM, B0GQZJW6LS, B0GQ75KT6B, B0DQSQSJSB, B0FV7Z73MS, B0FDK181CH, B0F98GRN9N, B0FYFRHDSJ, B0GD6N935H, B0GQ63817L, B0GHQVVFGM, B0FJXFC1XC, B0F183VVV3, B0F1D7FQTC, B0GHQW4Y6S, B0FMY423V2, B0G4MB8RFW, B0F2GZZXZK, B0FBQW3F59, B0F2H12LZV, B0FK95VMK1, B0GQYWK8F6, B0GQ5YT5VW, B0GR981HGN, B0FH1K3HLK, B0GQT9C5NY, B0GQ9G6993, B0FJWNLKL5, B0GCH97VCT, B0FP59GWJB, B0F8QTLKC5, B0F18WY1J1, B0DQ4D8JMN, B0F18S8QHW, B0GF22ZLZ2, B0FG7FFZ1X, B0FMY4YWGT, B0F2H1RTW5, B0FP58V2Y6, B0GCJSKV1C, B0FDJM9M3J, B0DQ3YY2QB, B0FLX8JQHJ, B0FRLWMVXM, B0FCLXBTL1, B0FS1NY3CP, B0GQZ4J5BV, B0FFMLKQX7, B0FNRR4XXS, B0FMXZQCVV, B0GQ9FQ6TK, B0FSCYSQHD, B0FP4L2DW1, B0FFSF5K9Z, B0GQM523DR, B0FFLXNTD1, B0FV8DBMJ5, B0GHPWN2RK, B0GQZBVKTR, B0FFM2BCKG, B0FR41FNM2, B0FMF7HM18, B0F93FM7GG, B0FKN58D4W, B0FS6S48HY, B0FY6FJZDV, B0G77JQ67Q, B0F93GPCQH, B0G3P6JRZ8, B0FJXDBK9K, B0GH7DRYHH, B0FP4KPRMZ, B0GS7BT5WF, B0FY32FFT2, B0FCM35GZJ, B0FFLX9Q2V, B0FSCXKB7G, B0FFRVN3BS]",amzn1.campaign.13IJ8J6QC2J1W,👶 Universal All-Occasion Celebration Kit Campaign 👶,Xynic,2026-04-08,2026-11-13,10.00%,5000.0,5000.0,1,800,false
"[B0FJCWJH89, B0FGXXQQHV, B0GR4W7JT5, B0G19J17XG, B0F8LJGT8L, B0FCXRL1Z3, B0FFTB9JHP, B0G3WMZJY6, B0GQ6YD33T, B0FR46JW3F, B0F2GZTXF5, B0DZ2DWKBD, B0F1MY1LYQ, B0FG6XJ28D, B0GSVK57BS, B0FSZRDBF9, B0F2H1B6D8, B0DZMTBCJN, B0FF4HVS1N, B0F9WQ1VQ6, B0DQTQJ7KH, B0FFLT9F28, B0GGZS8PTD, B0GD6V7HKS, B0FFT239B5, B0F18PSVSF, B0G3WN8N7C, B0F9P1VGKL, B0F1D9KK4Z, B0GVF22KBX, B0GTYXF44H, B0GHQWF44M, B0DRFGFT8T, B0FH5T9DC4, B0FFML33KZ, B0FP2PPBVX, B0FMF3BXQR, B0GS9JJ8PP, B0FKS3QNY9, B0F17GG2P4, B0FKGCPLH1, B0FP5G9HH7, B0FY344RF1, B0FS1WT7DQ, B0F192D3WK, B0F982ZN2L, B0GDZHVDLN, B0F9P29TNT, B0F1RTRKBT, B0GQM4Y79B, B0FK8ZRP99, B0G1M9RPPD, B0FKMGP2SB, B0GTV62GFH, B0DQ871SQG, B0FRLBKMTD, B0FG7JCN19, B0G25BH3YR, B0F938QKCT, B0FMF5WKMK, B0GFNRDNPZ, B0FK9X8L28, B0FSCYSC8G, B0DZMSL15Y, B0FH5ZZMW8, B0F8QRPQ8Q, B0G25D5RW9, B0F2GYWWQZ, B0FF4HFSZS, B0FCM33N1Y, B0GQLTH6RZ, B0FHPSQBK1, B0GVSF1QLW, B0FFT3CX6J, B0FR49J72S, B0FFLS46Q3, B0F18V4NNR, B0FMFD27PX, B0F2RHTKRQ, B0FMXZ9PDC, B0FS6GHDNN, B0F1MZBS5B, B0GCJVYD8X, B0F93C4HT2, B0DRZ9QQKJ, B0GVSBZ7YG, B0FR4CDMLD, B0GR56Z6G3, B0FVFMG13T, B0FH62JK23, B0FR4V7Q5T, B0FFRK9T75, B0FN7SJT69, B0G259PS7V, B0DR2GKP4F, B0FFT5PHQ5, B0FQB2W8KL, B0GQ6VF2K3, B0GTVL2ZJF, B0G3WSFZQD, B0FP58YZ7S, B0FKLYPMPW, B0GQZFRW2M, B0FSZZ5F9L, B0GQGL5YRS, B0F374DKKG, B0G3P7QGT2, B0FY6FWF3L, B0F9MQM6TM, B0GQZJW6LS, B0GQ75KT6B, B0DQSQSJSB, B0FV7Z73MS, B0FDK181CH, B0F98GRN9N, B0FYFRHDSJ, B0GD6N935H, B0GQ63817L, B0GHQVVFGM, B0FJXFC1XC, B0F183VVV3, B0F1D7FQTC, B0GHQW4Y6S, B0FMY423V2, B0G4MB8RFW, B0F2GZZXZK, B0FBQW3F59, B0F2H12LZV, B0FK95VMK1, B0GQYWK8F6, B0GQ5YT5VW, B0GR981HGN, B0FH1K3HLK, B0GQT9C5NY, B0GQ9G6993, B0FJWNLKL5, B0GCH97VCT, B0FP59GWJB, B0F8QTLKC5, B0F18WY1J1, B0DQ4D8JMN, B0F18S8QHW, B0GF22ZLZ2, B0FG7FFZ1X, B0FMY4YWGT, B0F2H1RTW5, B0FP58V2Y6, B0GCJSKV1C, B0FDJM9M3J, B0DQ3YY2QB, B0FLX8JQHJ, B0FRLWMVXM, B0FCLXBTL1, B0FS1NY3CP, B0GQZ4J5BV, B0FFMLKQX7, B0FNRR4XXS, B0FMXZQCVV, B0GQ9FQ6TK, B0FSCYSQHD, B0FP4L2DW1, B0FFSF5K9Z, B0GQM523DR, B0FFLXNTD1, B0FV8DBMJ5, B0GHPWN2RK, B0GQZBVKTR, B0FFM2BCKG, B0FR41FNM2, B0FMF7HM18, B0F93FM7GG, B0FKN58D4W, B0FS6S48HY, B0FY6FJZDV, B0G77JQ67Q, B0F93GPCQH, B0G3P6JRZ8, B0FJXDBK9K, B0GH7DRYHH, B0FP4KPRMZ, B0GS7BT5WF, B0FY32FFT2, B0FCM35GZJ, B0FFLX9Q2V, B0FSCXKB7G, B0FFRVN3BS]",amzn1.campaign.2QDSTT2IK0S0R,🏆 Premium Reusable Party Essentials Kit Campaign 🏆,Xynic,2026-04-08,2026-10-15,10.00%,5000.0,5000.0,7,800,false
"[B0FJCWJH89, B0FGXXQQHV, B0GR4W7JT5, B0G19J17XG, B0F8LJGT8L, B0FCXRL1Z3, B0FFTB9JHP, B0G3WMZJY6, B0GQ6YD33T, B0FR46JW3F, B0F2GZTXF5, B0DZ2DWKBD, B0F1MY1LYQ, B0FG6XJ28D, B0GSVK57BS, B0FSZRDBF9, B0F2H1B6D8, B0DZMTBCJN, B0FF4HVS1N, B0F9WQ1VQ6, B0DQTQJ7KH, B0FFLT9F28, B0GGZS8PTD, B0GD6V7HKS, B0FFT239B5, B0F18PSVSF, B0G3WN8N7C, B0F9P1VGKL, B0F1D9KK4Z, B0GVF22KBX, B0GTYXF44H, B0GHQWF44M, B0DRFGFT8T, B0FH5T9DC4, B0FFML33KZ, B0FP2PPBVX, B0FMF3BXQR, B0GS9JJ8PP, B0FKS3QNY9, B0F17GG2P4, B0FKGCPLH1, B0FP5G9HH7, B0FY344RF1, B0FS1WT7DQ, B0F192D3WK, B0F982ZN2L, B0GDZHVDLN, B0F9P29TNT, B0F1RTRKBT, B0GQM4Y79B, B0FK8ZRP99, B0G1M9RPPD, B0FKMGP2SB, B0GTV62GFH, B0DQ871SQG, B0FRLBKMTD, B0FG7JCN19, B0G25BH3YR, B0F938QKCT, B0FMF5WKMK, B0GFNRDNPZ, B0FK9X8L28, B0FSCYSC8G, B0DZMSL15Y, B0FH5ZZMW8, B0F8QRPQ8Q, B0G25D5RW9, B0F2GYWWQZ, B0FF4HFSZS, B0FCM33N1Y, B0GQLTH6RZ, B0FHPSQBK1, B0GVSF1QLW, B0FFT3CX6J, B0FR49J72S, B0FFLS46Q3, B0F18V4NNR, B0FMFD27PX, B0F2RHTKRQ, B0FMXZ9PDC, B0FS6GHDNN, B0F1MZBS5B, B0GCJVYD8X, B0F93C4HT2, B0DRZ9QQKJ, B0GVSBZ7YG, B0FR4CDMLD, B0GR56Z6G3, B0FVFMG13T, B0FH62JK23, B0FR4V7Q5T, B0FFRK9T75, B0FN7SJT69, B0G259PS7V, B0DR2GKP4F, B0FFT5PHQ5, B0FQB2W8KL, B0GQ6VF2K3, B0GTVL2ZJF, B0G3WSFZQD, B0FP58YZ7S, B0FKLYPMPW, B0GQZFRW2M, B0FSZZ5F9L, B0GQGL5YRS, B0F374DKKG, B0G3P7QGT2, B0FY6FWF3L, B0F9MQM6TM, B0GQZJW6LS, B0GQ75KT6B, B0DQSQSJSB, B0FV7Z73MS, B0FDK181CH, B0F98GRN9N, B0FYFRHDSJ, B0GD6N935H, B0GQ63817L, B0GHQVVFGM, B0FJXFC1XC, B0F183VVV3, B0F1D7FQTC, B0GHQW4Y6S, B0FMY423V2, B0G4MB8RFW, B0F2GZZXZK, B0FBQW3F59, B0F2H12LZV, B0FK95VMK1, B0GQYWK8F6, B0GQ5YT5VW, B0GR981HGN, B0FH1K3HLK, B0GQT9C5NY, B0GQ9G6993, B0FJWNLKL5, B0GCH97VCT, B0FP59GWJB, B0F8QTLKC5, B0F18WY1J1, B0DQ4D8JMN, B0F18S8QHW, B0GF22ZLZ2, B0FG7FFZ1X, B0FMY4YWGT, B0F2H1RTW5, B0FP58V2Y6, B0GCJSKV1C, B0FDJM9M3J, B0DQ3YY2QB, B0FLX8JQHJ, B0FRLWMVXM, B0FCLXBTL1, B0FS1NY3CP, B0GQZ4J5BV, B0FFMLKQX7, B0FNRR4XXS, B0FMXZQCVV, B0GQ9FQ6TK, B0FSCYSQHD, B0FP4L2DW1, B0FFSF5K9Z, B0GQM523DR, B0FFLXNTD1, B0FV8DBMJ5, B0GHPWN2RK, B0GQZBVKTR, B0FFM2BCKG, B0FR41FNM2, B0FMF7HM18, B0F93FM7GG, B0FKN58D4W, B0FS6S48HY, B0FY6FJZDV, B0G77JQ67Q, B0F93GPCQH, B0G3P6JRZ8, B0FJXDBK9K, B0GH7DRYHH, B0FP4KPRMZ, B0GS7BT5WF, B0FY32FFT2, B0FCM35GZJ, B0FFLX9Q2V, B0FSCXKB7G, B0FFRVN3BS]",amzn1.campaign.8M45TVEIFEDI,🌟 Photo-Perfect Party Backdrop Kit Campaign 🌟,Xynic,2026-04-08,2026-11-23,10.00%,5000.0,5000.0,11,800,false
"[B0FJCWJH89, B0FGXXQQHV, B0GR4W7JT5, B0G19J17XG, B0F8LJGT8L, B0FCXRL1Z3, B0FFTB9JHP, B0G3WMZJY6, B0GQ6YD33T, B0FR46JW3F, B0F2GZTXF5, B0DZ2DWKBD, B0F1MY1LYQ, B0FG6XJ28D, B0GSVK57BS, B0FSZRDBF9, B0F2H1B6D8, B0DZMTBCJN, B0FF4HVS1N, B0F9WQ1VQ6, B0DQTQJ7KH, B0FFLT9F28, B0GGZS8PTD, B0GD6V7HKS, B0FFT239B5, B0F18PSVSF, B0G3WN8N7C, B0F9P1VGKL, B0F1D9KK4Z, B0GVF22KBX, B0GTYXF44H, B0GHQWF44M, B0DRFGFT8T, B0FH5T9DC4, B0FFML33KZ, B0FP2PPBVX, B0FMF3BXQR, B0GS9JJ8PP, B0FKS3QNY9, B0F17GG2P4, B0FKGCPLH1, B0FP5G9HH7, B0FY344RF1, B0FS1WT7DQ, B0F192D3WK, B0F982ZN2L, B0GDZHVDLN, B0F9P29TNT, B0F1RTRKBT, B0GQM4Y79B, B0FK8ZRP99, B0G1M9RPPD, B0FKMGP2SB, B0GTV62GFH, B0DQ871SQG, B0FRLBKMTD, B0FG7JCN19, B0G25BH3YR, B0F938QKCT, B0FMF5WKMK, B0GFNRDNPZ, B0FK9X8L28, B0FSCYSC8G, B0DZMSL15Y, B0FH5ZZMW8, B0F8QRPQ8Q, B0G25D5RW9, B0F2GYWWQZ, B0FF4HFSZS, B0FCM33N1Y, B0GQLTH6RZ, B0FHPSQBK1, B0GVSF1QLW, B0FFT3CX6J, B0FR49J72S, B0FFLS46Q3, B0F18V4NNR, B0FMFD27PX, B0F2RHTKRQ, B0FMXZ9PDC, B0FS6GHDNN, B0F1MZBS5B, B0GCJVYD8X, B0F93C4HT2, B0DRZ9QQKJ, B0GVSBZ7YG, B0FR4CDMLD, B0GR56Z6G3, B0FVFMG13T, B0FH62JK23, B0FR4V7Q5T, B0FFRK9T75, B0FN7SJT69, B0G259PS7V, B0DR2GKP4F, B0FFT5PHQ5, B0FQB2W8KL, B0GQ6VF2K3, B0GTVL2ZJF, B0G3WSFZQD, B0FP58YZ7S, B0FKLYPMPW, B0GQZFRW2M, B0FSZZ5F9L, B0GQGL5YRS, B0F374DKKG, B0G3P7QGT2, B0FY6FWF3L, B0F9MQM6TM, B0GQZJW6LS, B0GQ75KT6B, B0DQSQSJSB, B0FV7Z73MS, B0FDK181CH, B0F98GRN9N, B0FYFRHDSJ, B0GD6N935H, B0GQ63817L, B0GHQVVFGM, B0FJXFC1XC, B0F183VVV3, B0F1D7FQTC, B0GHQW4Y6S, B0FMY423V2, B0G4MB8RFW, B0F2GZZXZK, B0FBQW3F59, B0F2H12LZV, B0FK95VMK1, B0GQYWK8F6, B0GQ5YT5VW, B0GR981HGN, B0FH1K3HLK, B0GQT9C5NY, B0GQ9G6993, B0FJWNLKL5, B0GCH97VCT, B0FP59GWJB, B0F8QTLKC5, B0F18WY1J1, B0DQ4D8JMN, B0F18S8QHW, B0GF22ZLZ2, B0FG7FFZ1X, B0FMY4YWGT, B0F2H1RTW5, B0FP58V2Y6, B0GCJSKV1C, B0FDJM9M3J, B0DQ3YY2QB, B0FLX8JQHJ, B0FRLWMVXM, B0FCLXBTL1, B0FS1NY3CP, B0GQZ4J5BV, B0FFMLKQX7, B0FNRR4XXS, B0FMXZQCVV, B0GQ9FQ6TK, B0FSCYSQHD, B0FP4L2DW1, B0FFSF5K9Z, B0GQM523DR, B0FFLXNTD1, B0FV8DBMJ5, B0GHPWN2RK, B0GQZBVKTR, B0FFM2BCKG, B0FR41FNM2, B0FMF7HM18, B0F93FM7GG, B0FKN58D4W, B0FS6S48HY, B0FY6FJZDV, B0G77JQ67Q, B0F93GPCQH, B0G3P6JRZ8, B0FJXDBK9K, B0GH7DRYHH, B0FP4KPRMZ, B0GS7BT5WF, B0FY32FFT2, B0FCM35GZJ, B0FFLX9Q2V, B0FSCXKB7G, B0FFRVN3BS]",amzn1.campaign.2XAK9TV2IYYCY,🎈 Confetti Celebration Explosion Kit Campaign 🎈,Xynic,2026-04-08,2027-01-13,10.00%,5000.0,5000.0,9,800,false
"[B0FJCWJH89, B0FGXXQQHV, B0GR4W7JT5, B0G19J17XG, B0F8LJGT8L, B0FCXRL1Z3, B0FFTB9JHP, B0G3WMZJY6, B0GQ6YD33T, B0FR46JW3F, B0F2GZTXF5, B0DZ2DWKBD, B0F1MY1LYQ, B0FG6XJ28D, B0GSVK57BS, B0FSZRDBF9, B0F2H1B6D8, B0DZMTBCJN, B0FF4HVS1N, B0F9WQ1VQ6, B0DQTQJ7KH, B0FFLT9F28, B0GGZS8PTD, B0GD6V7HKS, B0FFT239B5, B0F18PSVSF, B0G3WN8N7C, B0F9P1VGKL, B0F1D9KK4Z, B0GVF22KBX, B0GTYXF44H, B0GHQWF44M, B0DRFGFT8T, B0FH5T9DC4, B0FFML33KZ, B0FP2PPBVX, B0FMF3BXQR, B0GS9JJ8PP, B0FKS3QNY9, B0F17GG2P4, B0FKGCPLH1, B0FP5G9HH7, B0FY344RF1, B0FS1WT7DQ, B0F192D3WK, B0F982ZN2L, B0GDZHVDLN, B0F9P29TNT, B0F1RTRKBT, B0GQM4Y79B, B0FK8ZRP99, B0G1M9RPPD, B0FKMGP2SB, B0GTV62GFH, B0DQ871SQG, B0FRLBKMTD, B0FG7JCN19, B0G25BH3YR, B0F938QKCT, B0FMF5WKMK, B0GFNRDNPZ, B0FK9X8L28, B0FSCYSC8G, B0DZMSL15Y, B0FH5ZZMW8, B0F8QRPQ8Q, B0G25D5RW9, B0F2GYWWQZ, B0FF4HFSZS, B0FCM33N1Y, B0GQLTH6RZ, B0FHPSQBK1, B0GVSF1QLW, B0FFT3CX6J, B0FR49J72S, B0FFLS46Q3, B0F18V4NNR, B0FMFD27PX, B0F2RHTKRQ, B0FMXZ9PDC, B0FS6GHDNN, B0F1MZBS5B, B0GCJVYD8X, B0F93C4HT2, B0DRZ9QQKJ, B0GVSBZ7YG, B0FR4CDMLD, B0GR56Z6G3, B0FVFMG13T, B0FH62JK23, B0FR4V7Q5T, B0FFRK9T75, B0FN7SJT69, B0G259PS7V, B0DR2GKP4F, B0FFT5PHQ5, B0FQB2W8KL, B0GQ6VF2K3, B0GTVL2ZJF, B0G3WSFZQD, B0FP58YZ7S, B0FKLYPMPW, B0GQZFRW2M, B0FSZZ5F9L, B0GQGL5YRS, B0F374DKKG, B0G3P7QGT2, B0FY6FWF3L, B0F9MQM6TM, B0GQZJW6LS, B0GQ75KT6B, B0DQSQSJSB, B0FV7Z73MS, B0FDK181CH, B0F98GRN9N, B0FYFRHDSJ, B0GD6N935H, B0GQ63817L, B0GHQVVFGM, B0FJXFC1XC, B0F183VVV3, B0F1D7FQTC, B0GHQW4Y6S, B0FMY423V2, B0G4MB8RFW, B0F2GZZXZK, B0FBQW3F59, B0F2H12LZV, B0FK95VMK1, B0GQYWK8F6, B0GQ5YT5VW, B0GR981HGN, B0FH1K3HLK, B0GQT9C5NY, B0GQ9G6993, B0FJWNLKL5, B0GCH97VCT, B0FP59GWJB, B0F8QTLKC5, B0F18WY1J1, B0DQ4D8JMN, B0F18S8QHW, B0GF22ZLZ2, B0FG7FFZ1X, B0FMY4YWGT, B0F2H1RTW5, B0FP58V2Y6, B0GCJSKV1C, B0FDJM9M3J, B0DQ3YY2QB, B0FLX8JQHJ, B0FRLWMVXM, B0FCLXBTL1, B0FS1NY3CP, B0GQZ4J5BV, B0FFMLKQX7, B0FNRR4XXS, B0FMXZQCVV, B0GQ9FQ6TK, B0FSCYSQHD, B0FP4L2DW1, B0FFSF5K9Z, B0GQM523DR, B0FFLXNTD1, B0FV8DBMJ5, B0GHPWN2RK, B0GQZBVKTR, B0FFM2BCKG, B0FR41FNM2, B0FMF7HM18, B0F93FM7GG, B0FKN58D4W, B0FS6S48HY, B0FY6FJZDV, B0G77JQ67Q, B0F93GPCQH, B0G3P6JRZ8, B0FJXDBK9K, B0GH7DRYHH, B0FP4KPRMZ, B0GS7BT5WF, B0FY32FFT2, B0FCM35GZJ, B0FFLX9Q2V, B0FSCXKB7G, B0FFRVN3BS]",amzn1.campaign.1U0E312AUIOC2,💖 Elegant Glam Table One-Box Kit Campaign 💖,Xynic,2026-04-08,2026-11-28,10.00%,5000.0,5000.0,3,800,false
"[B0FRG68M4Y, B0FRLNBV2M, B0FRGDDCVL]",amzn1.campaign.6OKR4JTADUDX,LNWQSQR portable hammock hammock swing Sell 500+｜22% OFF !!!!!,LNWQSQR,2026-04-08,2027-01-31,22.00%,5000.0,4952.79,0,800,false
"[B0GPN7HVXK, B0GPMV2HYP]",amzn1.campaign.D2RAG47UPWHP,女孩蝴蝶结,Brevicasa,2026-04-08,2026-12-31,10.00%,5000.0,4994.0,26,800,false
"[B0FJCWJH89, B0FGXXQQHV, B0GR4W7JT5, B0G19J17XG, B0F8LJGT8L, B0FCXRL1Z3, B0FFTB9JHP, B0G3WMZJY6, B0GQ6YD33T, B0FR46JW3F, B0F2GZTXF5, B0DZ2DWKBD, B0F1MY1LYQ, B0FG6XJ28D, B0GSVK57BS, B0FSZRDBF9, B0F2H1B6D8, B0DZMTBCJN, B0FF4HVS1N, B0F9WQ1VQ6, B0DQTQJ7KH, B0FFLT9F28, B0GGZS8PTD, B0GD6V7HKS, B0FFT239B5, B0F18PSVSF, B0G3WN8N7C, B0F9P1VGKL, B0F1D9KK4Z, B0GVF22KBX, B0GTYXF44H, B0GHQWF44M, B0DRFGFT8T, B0FH5T9DC4, B0FFML33KZ, B0FP2PPBVX, B0FMF3BXQR, B0GS9JJ8PP, B0FKS3QNY9, B0F17GG2P4, B0FKGCPLH1, B0FP5G9HH7, B0FY344RF1, B0FS1WT7DQ, B0F192D3WK, B0F982ZN2L, B0GDZHVDLN, B0F9P29TNT, B0F1RTRKBT, B0GQM4Y79B, B0FK8ZRP99, B0G1M9RPPD, B0FKMGP2SB, B0GTV62GFH, B0DQ871SQG, B0FRLBKMTD, B0FG7JCN19, B0G25BH3YR, B0F938QKCT, B0FMF5WKMK, B0GFNRDNPZ, B0FK9X8L28, B0FSCYSC8G, B0DZMSL15Y, B0FH5ZZMW8, B0F8QRPQ8Q, B0G25D5RW9, B0F2GYWWQZ, B0FF4HFSZS, B0FCM33N1Y, B0GQLTH6RZ, B0FHPSQBK1, B0GVSF1QLW, B0FFT3CX6J, B0FR49J72S, B0FFLS46Q3, B0F18V4NNR, B0FMFD27PX, B0F2RHTKRQ, B0FMXZ9PDC, B0FS6GHDNN, B0F1MZBS5B, B0GCJVYD8X, B0F93C4HT2, B0DRZ9QQKJ, B0GVSBZ7YG, B0FR4CDMLD, B0GR56Z6G3, B0FVFMG13T, B0FH62JK23, B0FR4V7Q5T, B0FFRK9T75, B0FN7SJT69, B0G259PS7V, B0DR2GKP4F, B0FFT5PHQ5, B0FQB2W8KL, B0GQ6VF2K3, B0GTVL2ZJF, B0G3WSFZQD, B0FP58YZ7S, B0FKLYPMPW, B0GQZFRW2M, B0FSZZ5F9L, B0GQGL5YRS, B0F374DKKG, B0G3P7QGT2, B0FY6FWF3L, B0F9MQM6TM, B0GQZJW6LS, B0GQ75KT6B, B0DQSQSJSB, B0FV7Z73MS, B0FDK181CH, B0F98GRN9N, B0FYFRHDSJ, B0GD6N935H, B0GQ63817L, B0GHQVVFGM, B0FJXFC1XC, B0F183VVV3, B0F1D7FQTC, B0GHQW4Y6S, B0FMY423V2, B0G4MB8RFW, B0F2GZZXZK, B0FBQW3F59, B0F2H12LZV, B0FK95VMK1, B0GQYWK8F6, B0GQ5YT5VW, B0GR981HGN, B0FH1K3HLK, B0GQT9C5NY, B0GQ9G6993, B0FJWNLKL5, B0GCH97VCT, B0FP59GWJB, B0F8QTLKC5, B0F18WY1J1, B0DQ4D8JMN, B0F18S8QHW, B0GF22ZLZ2, B0FG7FFZ1X, B0FMY4YWGT, B0F2H1RTW5, B0FP58V2Y6, B0GCJSKV1C, B0FDJM9M3J, B0DQ3YY2QB, B0FLX8JQHJ, B0FRLWMVXM, B0FCLXBTL1, B0FS1NY3CP, B0GQZ4J5BV, B0FFMLKQX7, B0FNRR4XXS, B0FMXZQCVV, B0GQ9FQ6TK, B0FSCYSQHD, B0FP4L2DW1, B0FFSF5K9Z, B0GQM523DR, B0FFLXNTD1, B0FV8DBMJ5, B0GHPWN2RK, B0GQZBVKTR, B0FFM2BCKG, B0FR41FNM2, B0FMF7HM18, B0F93FM7GG, B0FKN58D4W, B0FS6S48HY, B0FY6FJZDV, B0G77JQ67Q, B0F93GPCQH, B0G3P6JRZ8, B0FJXDBK9K, B0GH7DRYHH, B0FP4KPRMZ, B0GS7BT5WF, B0FY32FFT2, B0FCM35GZJ, B0FFLX9Q2V, B0FSCXKB7G, B0FFRVN3BS]",amzn1.campaign.378NR8SLY43XR,🥳 Family Mega Celebration Pack Campaign 🥳,Xynic,2026-04-08,2027-01-20,10.00%,5000.0,5000.0,7,800,false
"[B0GSQCDD8P, B0GSQC4VKY, B0GSPZJWSW, B0GSQC429M, B0GSQTYK9W, B0GSQGBRH1, B0GSQ5PVP7, B0GSQ41JW7]",amzn1.campaign.AW7BUVVNH7WE,沿海,Brevicasa,2026-04-08,2026-12-31,10.00%,5000.0,4997.6,18,800,false
"[B0FJCWJH89, B0FGXXQQHV, B0GR4W7JT5, B0G19J17XG, B0F8LJGT8L, B0FCXRL1Z3, B0FFTB9JHP, B0G3WMZJY6, B0GQ6YD33T, B0FR46JW3F, B0F2GZTXF5, B0DZ2DWKBD, B0F1MY1LYQ, B0FG6XJ28D, B0GSVK57BS, B0FSZRDBF9, B0F2H1B6D8, B0DZMTBCJN, B0FF4HVS1N, B0F9WQ1VQ6, B0DQTQJ7KH, B0FFLT9F28, B0GGZS8PTD, B0GD6V7HKS, B0FFT239B5, B0F18PSVSF, B0G3WN8N7C, B0F9P1VGKL, B0F1D9KK4Z, B0GVF22KBX, B0GTYXF44H, B0GHQWF44M, B0DRFGFT8T, B0FH5T9DC4, B0FFML33KZ, B0FP2PPBVX, B0FMF3BXQR, B0GS9JJ8PP, B0FKS3QNY9, B0F17GG2P4, B0FKGCPLH1, B0FP5G9HH7, B0FY344RF1, B0FS1WT7DQ, B0F192D3WK, B0F982ZN2L, B0GDZHVDLN, B0F9P29TNT, B0F1RTRKBT, B0GQM4Y79B, B0FK8ZRP99, B0G1M9RPPD, B0FKMGP2SB, B0GTV62GFH, B0DQ871SQG, B0FRLBKMTD, B0FG7JCN19, B0G25BH3YR, B0F938QKCT, B0FMF5WKMK, B0GFNRDNPZ, B0FK9X8L28, B0FSCYSC8G, B0DZMSL15Y, B0FH5ZZMW8, B0F8QRPQ8Q, B0G25D5RW9, B0F2GYWWQZ, B0FF4HFSZS, B0FCM33N1Y, B0GQLTH6RZ, B0FHPSQBK1, B0GVSF1QLW, B0FFT3CX6J, B0FR49J72S, B0FFLS46Q3, B0F18V4NNR, B0FMFD27PX, B0F2RHTKRQ, B0FMXZ9PDC, B0FS6GHDNN, B0F1MZBS5B, B0GCJVYD8X, B0F93C4HT2, B0DRZ9QQKJ, B0GVSBZ7YG, B0FR4CDMLD, B0GR56Z6G3, B0FVFMG13T, B0FH62JK23, B0FR4V7Q5T, B0FFRK9T75, B0FN7SJT69, B0G259PS7V, B0DR2GKP4F, B0FFT5PHQ5, B0FQB2W8KL, B0GQ6VF2K3, B0GTVL2ZJF, B0G3WSFZQD, B0FP58YZ7S, B0FKLYPMPW, B0GQZFRW2M, B0FSZZ5F9L, B0GQGL5YRS, B0F374DKKG, B0G3P7QGT2, B0FY6FWF3L, B0F9MQM6TM, B0GQZJW6LS, B0GQ75KT6B, B0DQSQSJSB, B0FV7Z73MS, B0FDK181CH, B0F98GRN9N, B0FYFRHDSJ, B0GD6N935H, B0GQ63817L, B0GHQVVFGM, B0FJXFC1XC, B0F183VVV3, B0F1D7FQTC, B0GHQW4Y6S, B0FMY423V2, B0G4MB8RFW, B0F2GZZXZK, B0FBQW3F59, B0F2H12LZV, B0FK95VMK1, B0GQYWK8F6, B0GQ5YT5VW, B0GR981HGN, B0FH1K3HLK, B0GQT9C5NY, B0GQ9G6993, B0FJWNLKL5, B0GCH97VCT, B0FP59GWJB, B0F8QTLKC5, B0F18WY1J1, B0DQ4D8JMN, B0F18S8QHW, B0GF22ZLZ2, B0FG7FFZ1X, B0FMY4YWGT, B0F2H1RTW5, B0FP58V2Y6, B0GCJSKV1C, B0FDJM9M3J, B0DQ3YY2QB, B0FLX8JQHJ, B0FRLWMVXM, B0FCLXBTL1, B0FS1NY3CP, B0GQZ4J5BV, B0FFMLKQX7, B0FNRR4XXS, B0FMXZQCVV, B0GQ9FQ6TK, B0FSCYSQHD, B0FP4L2DW1, B0FFSF5K9Z, B0GQM523DR, B0FFLXNTD1, B0FV8DBMJ5, B0GHPWN2RK, B0GQZBVKTR, B0FFM2BCKG, B0FR41FNM2, B0FMF7HM18, B0F93FM7GG, B0FKN58D4W, B0FS6S48HY, B0FY6FJZDV, B0G77JQ67Q, B0F93GPCQH, B0G3P6JRZ8, B0FJXDBK9K, B0GH7DRYHH, B0FP4KPRMZ, B0GS7BT5WF, B0FY32FFT2, B0FCM35GZJ, B0FFLX9Q2V, B0FSCXKB7G, B0FFRVN3BS]",amzn1.campaign.1QQWBCLEKD8W4,✨ Instant Glam Sparkle All-Events Kit Campaign ✨,Xynic,2026-04-08,2027-01-12,10.00%,5000.0,5000.0,5,800,false
"[B0GPNKC3WW, B0GPNJCNTM, B0GPN3Y5FF, B0GPNJRYKJ, B0GPNBDFW6, B0GPNBS7GY, B0GPNCQGGY, B0GPNF8FYQ, B0GPN9TS7Y, B0GPN7J82C, B0GPNCK7H4, B0GPN429MX, B0GPN9SGNM, B0GPN6QK17, B0GPNBSV8Z, B0GPNBF1P3, B0GPN7XXDX, B0GPN4TSXF, B0GPN6ZWS8, B0GPNB94XY, B0GPNHX5X5, B0GPNJD6JK, B0GPN4B374, B0GPN4FSGS, B0GPNFHWSQ, B0GPN9GD8P, B0GPNJ6R55]",amzn1.campaign.2538ZGW5BQHS2,全部带框,Brevicasa,2026-04-08,2026-12-31,10.00%,5000.0,4913.52,9,800,false
"[B0FJCWJH89, B0FGXXQQHV, B0GR4W7JT5, B0G19J17XG, B0F8LJGT8L, B0FCXRL1Z3, B0FFTB9JHP, B0G3WMZJY6, B0GQ6YD33T, B0FR46JW3F, B0F2GZTXF5, B0DZ2DWKBD, B0F1MY1LYQ, B0FG6XJ28D, B0GSVK57BS, B0FSZRDBF9, B0F2H1B6D8, B0DZMTBCJN, B0FF4HVS1N, B0F9WQ1VQ6, B0DQTQJ7KH, B0FFLT9F28, B0GGZS8PTD, B0GD6V7HKS, B0FFT239B5, B0F18PSVSF, B0G3WN8N7C, B0F9P1VGKL, B0F1D9KK4Z, B0GVF22KBX, B0GTYXF44H, B0GHQWF44M, B0DRFGFT8T, B0FH5T9DC4, B0FFML33KZ, B0FP2PPBVX, B0FMF3BXQR, B0GS9JJ8PP, B0FKS3QNY9, B0FKGCPLH1, B0F17GG2P4, B0FP5G9HH7, B0FY344RF1, B0FS1WT7DQ, B0F192D3WK, B0F982ZN2L, B0GDZHVDLN, B0F9P29TNT, B0F1RTRKBT, B0GQM4Y79B, B0FK8ZRP99, B0G1M9RPPD, B0FKMGP2SB, B0GTV62GFH, B0FRLBKMTD, B0FG7JCN19, B0DQ871SQG, B0G25BH3YR, B0FMF5WKMK, B0F938QKCT, B0GFNRDNPZ, B0FK9X8L28, B0FSCYSC8G, B0DZMSL15Y, B0FH5ZZMW8, B0F8QRPQ8Q, B0G25D5RW9, B0F2GYWWQZ, B0FF4HFSZS, B0FCM33N1Y, B0GQLTH6RZ, B0FHPSQBK1, B0FFT3CX6J, B0FR49J72S, B0FFLS46Q3, B0F18V4NNR, B0FMFD27PX, B0F2RHTKRQ, B0FMXZ9PDC, B0FS6GHDNN, B0F1MZBS5B, B0GCJVYD8X, B0F93C4HT2, B0DRZ9QQKJ, B0FR4CDMLD, B0GR56Z6G3, B0FVFMG13T, B0FH62JK23, B0FR4V7Q5T, B0FFRK9T75, B0FN7SJT69, B0G259PS7V, B0DR2GKP4F, B0FFT5PHQ5, B0FQB2W8KL, B0GQ6VF2K3, B0GTVL2ZJF, B0G3WSFZQD, B0FP58YZ7S, B0FKLYPMPW, B0GQZFRW2M, B0FSZZ5F9L, B0GQGL5YRS, B0G3P7QGT2, B0FY6FWF3L, B0F9MQM6TM, B0F374DKKG, B0GQZJW6LS, B0GQ75KT6B, B0DQSQSJSB, B0FV7Z73MS, B0FDK181CH, B0F98GRN9N, B0FYFRHDSJ, B0GD6N935H, B0GQ63817L, B0GHQVVFGM, B0FJXFC1XC, B0F1D7FQTC, B0GHQW4Y6S, B0FMY423V2, B0G4MB8RFW, B0F2GZZXZK, B0FBQW3F59, B0FK95VMK1, B0F2H12LZV, B0GQYWK8F6, B0GQ5YT5VW, B0GR981HGN, B0FH1K3HLK, B0GQT9C5NY, B0GQ9G6993, B0FJWNLKL5, B0GCH97VCT, B0FP59GWJB, B0F8QTLKC5, B0F18WY1J1, B0GF22ZLZ2, B0FG7FFZ1X, B0F18S8QHW, B0DQ4D8JMN, B0FMY4YWGT, B0F2H1RTW5, B0FP58V2Y6, B0GCJSKV1C, B0FDJM9M3J, B0DQ3YY2QB, B0FLX8JQHJ, B0FRLWMVXM, B0FCLXBTL1, B0FS1NY3CP, B0GQZ4J5BV, B0FNRR4XXS, B0FMXZQCVV, B0FFMLKQX7, B0GQ9FQ6TK, B0FSCYSQHD, B0FP4L2DW1, B0FFSF5K9Z, B0GQM523DR, B0FV8DBMJ5, B0FFLXNTD1, B0GQZBVKTR, B0FFM2BCKG, B0FR41FNM2, B0FMF7HM18, B0F93FM7GG, B0FKN58D4W, B0FS6S48HY, B0FY6FJZDV, B0G77JQ67Q, B0F93GPCQH, B0G3P6JRZ8, B0FJXDBK9K, B0GH7DRYHH, B0FP4KPRMZ, B0GS7BT5WF, B0FY32FFT2, B0FCM35GZJ, B0FFLX9Q2V, B0FSCXKB7G, B0FFRVN3BS]",amzn1.campaign.16K4GN27QICRX,🎂 Milestone Magic One-Box Kit Campaign 🎂,Xynic,2026-04-08,2026-11-20,10.00%,5000.0,5000.0,9,800,false
"[B0FJCWJH89, B0FGXXQQHV, B0GR4W7JT5, B0G19J17XG, B0F8LJGT8L, B0FCXRL1Z3, B0FFTB9JHP, B0G3WMZJY6, B0GQ6YD33T, B0FR46JW3F, B0F2GZTXF5, B0DZ2DWKBD, B0F1MY1LYQ, B0FG6XJ28D, B0GSVK57BS, B0FSZRDBF9, B0F2H1B6D8, B0DZMTBCJN, B0FF4HVS1N, B0F9WQ1VQ6, B0DQTQJ7KH, B0FFLT9F28, B0GGZS8PTD, B0GD6V7HKS, B0FFT239B5, B0F18PSVSF, B0G3WN8N7C, B0F9P1VGKL, B0F1D9KK4Z, B0GVF22KBX, B0GTYXF44H, B0GHQWF44M, B0DRFGFT8T, B0FH5T9DC4, B0FFML33KZ, B0FP2PPBVX, B0FMF3BXQR, B0GS9JJ8PP, B0FKS3QNY9, B0FKGCPLH1, B0F17GG2P4, B0FP5G9HH7, B0FY344RF1, B0FS1WT7DQ, B0F192D3WK, B0F982ZN2L, B0GDZHVDLN, B0F9P29TNT, B0F1RTRKBT, B0GQM4Y79B, B0FK8ZRP99, B0G1M9RPPD, B0FKMGP2SB, B0GTV62GFH, B0FRLBKMTD, B0FG7JCN19, B0DQ871SQG, B0G25BH3YR, B0FMF5WKMK, B0F938QKCT, B0GFNRDNPZ, B0FK9X8L28, B0FSCYSC8G, B0DZMSL15Y, B0FH5ZZMW8, B0F8QRPQ8Q, B0G25D5RW9, B0F2GYWWQZ, B0FF4HFSZS, B0FCM33N1Y, B0GQLTH6RZ, B0FHPSQBK1, B0FFT3CX6J, B0FR49J72S, B0FFLS46Q3, B0F18V4NNR, B0FMFD27PX, B0F2RHTKRQ, B0FMXZ9PDC, B0FS6GHDNN, B0F1MZBS5B, B0GCJVYD8X, B0F93C4HT2, B0DRZ9QQKJ, B0FR4CDMLD, B0GR56Z6G3, B0FVFMG13T, B0FH62JK23, B0FR4V7Q5T, B0FFRK9T75, B0FN7SJT69, B0G259PS7V, B0DR2GKP4F, B0FFT5PHQ5, B0FQB2W8KL, B0GQ6VF2K3, B0GTVL2ZJF, B0G3WSFZQD, B0FP58YZ7S, B0FKLYPMPW, B0GQZFRW2M, B0FSZZ5F9L, B0GQGL5YRS, B0G3P7QGT2, B0FY6FWF3L, B0F9MQM6TM, B0F374DKKG, B0GQZJW6LS, B0GQ75KT6B, B0DQSQSJSB, B0FV7Z73MS, B0FDK181CH, B0F98GRN9N, B0FYFRHDSJ, B0GD6N935H, B0GQ63817L, B0GHQVVFGM, B0FJXFC1XC, B0F1D7FQTC, B0GHQW4Y6S, B0FMY423V2, B0G4MB8RFW, B0F2GZZXZK, B0FBQW3F59, B0FK95VMK1, B0F2H12LZV, B0GQYWK8F6, B0GQ5YT5VW, B0GR981HGN, B0FH1K3HLK, B0GQT9C5NY, B0GQ9G6993, B0FJWNLKL5, B0GCH97VCT, B0FP59GWJB, B0F8QTLKC5, B0F18WY1J1, B0GF22ZLZ2, B0FG7FFZ1X, B0F18S8QHW, B0DQ4D8JMN, B0FMY4YWGT, B0F2H1RTW5, B0FP58V2Y6, B0GCJSKV1C, B0FDJM9M3J, B0DQ3YY2QB, B0FLX8JQHJ, B0FRLWMVXM, B0FCLXBTL1, B0FS1NY3CP, B0GQZ4J5BV, B0FNRR4XXS, B0FMXZQCVV, B0FFMLKQX7, B0GQ9FQ6TK, B0FSCYSQHD, B0FP4L2DW1, B0FFSF5K9Z, B0GQM523DR, B0FV8DBMJ5, B0FFLXNTD1, B0GQZBVKTR, B0FFM2BCKG, B0FR41FNM2, B0FMF7HM18, B0F93FM7GG, B0FKN58D4W, B0FS6S48HY, B0FY6FJZDV, B0G77JQ67Q, B0F93GPCQH, B0G3P6JRZ8, B0FJXDBK9K, B0GH7DRYHH, B0FP4KPRMZ, B0GS7BT5WF, B0FY32FFT2, B0FCM35GZJ, B0FFLX9Q2V, B0FSCXKB7G, B0FFRVN3BS]",amzn1.campaign.3MMGCZP6FW46I,🍼 Instant Joy Celebration Bundle Campaign 🍼,Xynic,2026-04-08,2026-11-01,10.00%,5000.0,5000.0,17,800,false
"[B0FJCWJH89, B0FGXXQQHV, B0GR4W7JT5, B0G19J17XG, B0F8LJGT8L, B0FCXRL1Z3, B0FFTB9JHP, B0G3WMZJY6, B0GQ6YD33T, B0FR46JW3F, B0F2GZTXF5, B0DZ2DWKBD, B0F1MY1LYQ, B0FG6XJ28D, B0GSVK57BS, B0FSZRDBF9, B0F2H1B6D8, B0DZMTBCJN, B0FF4HVS1N, B0F9WQ1VQ6, B0DQTQJ7KH, B0FFLT9F28, B0GGZS8PTD, B0GD6V7HKS, B0FFT239B5, B0F18PSVSF, B0G3WN8N7C, B0F9P1VGKL, B0F1D9KK4Z, B0GVF22KBX, B0GTYXF44H, B0GHQWF44M, B0DRFGFT8T, B0FH5T9DC4, B0FFML33KZ, B0FP2PPBVX, B0FMF3BXQR, B0GS9JJ8PP, B0FKS3QNY9, B0F17GG2P4, B0FKGCPLH1, B0FP5G9HH7, B0FY344RF1, B0FS1WT7DQ, B0F192D3WK, B0F982ZN2L, B0GDZHVDLN, B0F9P29TNT, B0F1RTRKBT, B0GQM4Y79B, B0FK8ZRP99, B0G1M9RPPD, B0FKMGP2SB, B0GTV62GFH, B0DQ871SQG, B0FRLBKMTD, B0FG7JCN19, B0G25BH3YR, B0F938QKCT, B0FMF5WKMK, B0GFNRDNPZ, B0FK9X8L28, B0FSCYSC8G, B0DZMSL15Y, B0FH5ZZMW8, B0F8QRPQ8Q, B0G25D5RW9, B0F2GYWWQZ, B0FF4HFSZS, B0FCM33N1Y, B0GQLTH6RZ, B0FHPSQBK1, B0GVSF1QLW, B0FFT3CX6J, B0FR49J72S, B0FFLS46Q3, B0F18V4NNR, B0FMFD27PX, B0F2RHTKRQ, B0FMXZ9PDC, B0FS6GHDNN, B0F1MZBS5B, B0GCJVYD8X, B0F93C4HT2, B0DRZ9QQKJ, B0GVSBZ7YG, B0FR4CDMLD, B0GR56Z6G3, B0FVFMG13T, B0FH62JK23, B0FR4V7Q5T, B0FFRK9T75, B0FN7SJT69, B0G259PS7V, B0DR2GKP4F, B0FFT5PHQ5, B0FQB2W8KL, B0GQ6VF2K3, B0GTVL2ZJF, B0G3WSFZQD, B0FP58YZ7S, B0FKLYPMPW, B0GQZFRW2M, B0FSZZ5F9L, B0GQGL5YRS, B0F374DKKG, B0G3P7QGT2, B0FY6FWF3L, B0F9MQM6TM, B0GQZJW6LS, B0GQ75KT6B, B0DQSQSJSB, B0FV7Z73MS, B0FDK181CH, B0F98GRN9N, B0FYFRHDSJ, B0GD6N935H, B0GQ63817L, B0GHQVVFGM, B0FJXFC1XC, B0F183VVV3, B0F1D7FQTC, B0GHQW4Y6S, B0FMY423V2, B0G4MB8RFW, B0F2GZZXZK, B0FBQW3F59, B0F2H12LZV, B0FK95VMK1, B0GQYWK8F6, B0GQ5YT5VW, B0GR981HGN, B0FH1K3HLK, B0GQT9C5NY, B0GQ9G6993, B0FJWNLKL5, B0GCH97VCT, B0FP59GWJB, B0F8QTLKC5, B0F18WY1J1, B0DQ4D8JMN, B0F18S8QHW, B0GF22ZLZ2, B0FG7FFZ1X, B0FMY4YWGT, B0F2H1RTW5, B0FP58V2Y6, B0GCJSKV1C, B0FDJM9M3J, B0DQ3YY2QB, B0FLX8JQHJ, B0FRLWMVXM, B0FCLXBTL1, B0FS1NY3CP, B0GQZ4J5BV, B0FFMLKQX7, B0FNRR4XXS, B0FMXZQCVV, B0GQ9FQ6TK, B0FSCYSQHD, B0FP4L2DW1, B0FFSF5K9Z, B0GQM523DR, B0FFLXNTD1, B0FV8DBMJ5, B0GHPWN2RK, B0GQZBVKTR, B0FFM2BCKG, B0FR41FNM2, B0FMF7HM18, B0F93FM7GG, B0FKN58D4W, B0FS6S48HY, B0FY6FJZDV, B0G77JQ67Q, B0F93GPCQH, B0G3P6JRZ8, B0FJXDBK9K, B0GH7DRYHH, B0FP4KPRMZ, B0GS7BT5WF, B0FY32FFT2, B0FCM35GZJ, B0FFLX9Q2V, B0FSCXKB7G, B0FFRVN3BS]",amzn1.campaign.37B698O9YLV74,🎉 One-Box Party Magic Maker Campaign 🎉,Xynic,2026-04-08,2026-11-22,10.00%,5000.0,5000.0,10,800,false
"[B0FPX17B5W, B0DLKS69H7, B0FLTMG9QS, B0FLTSDFJQ, B0DLKRBR4V, B0FPX1L5G9, B0DLKRG26S, B0DLKTTYWK, B0FPWVP2SP, B0DLKT5LHZ, B0FPWZZ5MM, B0FPWXSKQ6, B0DLKR2SG1, B0DLKSF9HK, B0FLT6SH5Z, B0FLTD8X67, B0DLKQXVHK, B0DLKQYX4M, B0FLTS5KHK, B0FPWXGSP4, B0FPX1XWWV, B0FPX1VJX4, B0FLTKD458, B0FPWZXM2D, B0FPWXQTJN, B0FPX2SG1R, B0FPX344HZ, B0FPWXXKGZ, B0FPX21KDB, B0DLKQNM9J, B0DLKRQT74, B0DLKS19Z2, B0DLKS2BFX, B0FPWZXXN6, B0FPWZKNYG, B0DLKQWP17, B0FPWXJCQF, B0FPX1SXZ7, B0FPWZNJV6, B0DLKNB3QW, B0DLKR6D7N, B0FPWYZB4Z, B0DLKP7JF8, B0DLKRNRZ8, B0FPWZVRMJ, B0FPX18X5V, B0FLTSCFJC, B0DLKQRF9F, B0DLKQKL9Y, B0DLKRM1WB, B0FPWXGWY5]",amzn1.campaign.26VQVBO5BURAG,Steel Toe Work Boots for Men,TOUGHSTEPS,2026-04-08,2027-04-08,10.00%,5000.0,5000.0,8,800,false
"[B0GGZ5TLWN, B0G13PQXBC, B0F5VNDCFZ, B0F9YF1LPS, B0DCF155Z5, B0G13QL45X, B0DJ76VMFQ, B0G25DBWNG, B0FX9GNGKK, B0FX9NZMQB, B0DJKRTGHC, B0FY2MSMYH, B0FX9B3SNR, B0GDZLPYZ3, B0FZC526CR, B0FSZYYTXG, B0G3NVKBNG, B0DKTHY9NG, B0G3V2D6N1, B0FX9G7GXV, B0DJLJPM2Z, B0CX1PNMRP, B0FG27WZXS, B0CX8Z27M6, B0DJKMJQHJ, B0G13QQC3Y, B0G1MCYHJM, B0G38SP3TM, B0FX98XLDB, B0FX987TQW, B0G4MM28N4, B0FX9M3RCP, B0FG24SD85, B0DKTKMSJR, B0G58JTNLT, B0G4MPGZ3T]",amzn1.campaign.FC3H35072PBJ,🏆 Premium Reusable Party Essentials Kit Campaign 🏆,wellspar,2026-04-08,2026-11-13,10.00%,5000.0,5000.0,29,800,false
"[B0GGZ5TLWN, B0G13PQXBC, B0F5VNDCFZ, B0F9YF1LPS, B0DCF155Z5, B0G13QL45X, B0DJ76VMFQ, B0G25DBWNG, B0FX9GNGKK, B0FX9NZMQB, B0DJKRTGHC, B0FY2MSMYH, B0FX9B3SNR, B0GDZLPYZ3, B0FZC526CR, B0FSZYYTXG, B0G3NVKBNG, B0DKTHY9NG, B0G3V2D6N1, B0FX9G7GXV, B0DJLJPM2Z, B0CX1PNMRP, B0FG27WZXS, B0CX8Z27M6, B0DJKMJQHJ, B0G13QQC3Y, B0G1MCYHJM, B0G38SP3TM, B0FX98XLDB, B0FX987TQW, B0G4MM28N4, B0FX9M3RCP, B0FG24SD85, B0DKTKMSJR, B0G58JTNLT, B0G4MPGZ3T]",amzn1.campaign.3KZERFKWBN2RJ,🌟 Photo-Perfect Party Backdrop Kit Campaign 🌟,wellspar,2026-04-08,2027-01-14,10.00%,5000.0,5000.0,29,800,false
"[B0GGZ5TLWN, B0G13PQXBC, B0F5VNDCFZ, B0F9YF1LPS, B0DCF155Z5, B0G13QL45X, B0DJ76VMFQ, B0G25DBWNG, B0FX9GNGKK, B0FX9NZMQB, B0DJKRTGHC, B0FY2MSMYH, B0FX9B3SNR, B0GDZLPYZ3, B0FZC526CR, B0FSZYYTXG, B0G3NVKBNG, B0DKTHY9NG, B0G3V2D6N1, B0FX9G7GXV, B0DJLJPM2Z, B0CX1PNMRP, B0FG27WZXS, B0CX8Z27M6, B0DJKMJQHJ, B0G13QQC3Y, B0G1MCYHJM, B0G38SP3TM, B0FX98XLDB, B0FX987TQW, B0G4MM28N4, B0FX9M3RCP, B0FG24SD85, B0DKTKMSJR, B0G58JTNLT, B0G4MPGZ3T]",amzn1.campaign.3R6PPFSOP45E8,🎈 Confetti Celebration Explosion Kit Campaign 🎈,wellspar,2026-04-08,2026-11-24,10.00%,5000.0,5000.0,29,800,false
"[B0GGZ5TLWN, B0G13PQXBC, B0F5VNDCFZ, B0F9YF1LPS, B0DCF155Z5, B0G13QL45X, B0DJ76VMFQ, B0G25DBWNG, B0FX9GNGKK, B0FX9NZMQB, B0DJKRTGHC, B0FY2MSMYH, B0FX9B3SNR, B0GDZLPYZ3, B0FZC526CR, B0FSZYYTXG, B0G3NVKBNG, B0DKTHY9NG, B0G3V2D6N1, B0FX9G7GXV, B0DJLJPM2Z, B0CX1PNMRP, B0FG27WZXS, B0CX8Z27M6, B0DJKMJQHJ, B0G13QQC3Y, B0G1MCYHJM, B0G38SP3TM, B0FX98XLDB, B0FX987TQW, B0G4MM28N4, B0FX9M3RCP, B0FG24SD85, B0DKTKMSJR, B0G58JTNLT, B0G4MPGZ3T]",amzn1.campaign.2KI1OPH476KZO,💖 Elegant Glam Table One-Box Kit Campaign 💖,wellspar,2026-04-08,2026-11-09,10.00%,5000.0,5000.0,23,800,false
[B0F1Y41G14],amzn1.campaign.31083FZA5HZR1,Air Duster 10off Discounted,KONPAYDE,2026-04-10,2027-02-05,10.00%,5000.0,5000.0,3,800,false
[B0F1Y41G14],amzn1.campaign.L3QPHDMBMAQ4,Air Duster 10off Discounted,KONPAYDE,2026-04-10,2027-02-04,10.00%,5000.0,5000.0,18,800,false
"[B0FRG68M4Y, B0FRLNBV2M, B0FRGDDCVL, B0FRFVBFXT, B0FRFY5PMC, B0FRFZH727]",amzn1.campaign.2NLZB2U4S07TW,LNWQSQR portable hammock Sell 500+｜20% OFF !!!!!,LNWQSQR,2026-04-08,2027-01-31,20.00%,5000.0,4971.6,5,800,false
[B0F1Y41G14],amzn1.campaign.8CW1W2HA1YPB,Air Duster 10off Discounted,KONPAYDE,2026-04-10,2027-02-03,10.00%,5000.0,5000.0,20,800,false
[B0F1Y41G14],amzn1.campaign.NW5475YF1TW1,Air Duster 10off Discounted,KONPAYDE,2026-04-10,2027-02-02,10.00%,5000.0,5000.0,22,800,false
[B0F1Y41G14],amzn1.campaign.SRF93CD694VE,Air Duster 10off Discounted,KONPAYDE,2026-04-10,2027-02-01,10.00%,5000.0,5000.0,25,800,false
[B0BKY35RHT],amzn1.campaign.RPM7C84GEJA7,SH003 10% commission,HENYU,2026-04-10,2027-01-13,10.00%,5000.0,5000.0,30,800,false
"[B0GGZ5TLWN, B0G13PQXBC, B0F5VNDCFZ, B0F9YF1LPS, B0DCF155Z5, B0G13QL45X, B0DJ76VMFQ, B0G25DBWNG, B0FX9GNGKK, B0FX9NZMQB, B0DJKRTGHC, B0FY2MSMYH, B0FX9B3SNR, B0GDZLPYZ3, B0FZC526CR, B0FSZYYTXG, B0G3NVKBNG, B0DKTHY9NG, B0G3V2D6N1, B0FX9G7GXV, B0DJLJPM2Z, B0CX1PNMRP, B0FG27WZXS, B0CX8Z27M6, B0DJKMJQHJ, B0G13QQC3Y, B0G1MCYHJM, B0G38SP3TM, B0FX98XLDB, B0FX987TQW, B0G4MM28N4, B0FX9M3RCP, B0FG24SD85, B0DKTKMSJR, B0G58JTNLT, B0G4MPGZ3T]",amzn1.campaign.U4OQ4CCNGU6U,🥳 Family Mega Celebration Pack Campaign 🥳,wellspar,2026-04-08,2026-11-02,10.00%,5000.0,5000.0,33,800,false
[B0BKY35RHT],amzn1.campaign.2SIGHX38XFIX4,SH003 10% commission,HENYU,2026-04-10,2027-01-12,10.00%,5000.0,5000.0,35,800,false
[B0BKY35RHT],amzn1.campaign.1XYJNQ3Q019F1,SH003 10% commission,HENYU,2026-04-10,2027-01-11,10.00%,5000.0,5000.0,39,800,false
[B0BKY35RHT],amzn1.campaign.31CU1DPQDINZ6,SH003 10% commission,HENYU,2026-04-10,2027-01-10,10.00%,5000.0,5000.0,38,800,false
[B0BKY35RHT],amzn1.campaign.3LD24D75TIP0W,SH003 10% commission,HENYU,2026-04-10,2027-01-09,10.00%,5000.0,5000.0,45,800,false
"[B0GGZ5TLWN, B0G13PQXBC, B0F5VNDCFZ, B0F9YF1LPS, B0DCF155Z5, B0G13QL45X, B0DJ76VMFQ, B0G25DBWNG, B0FX9GNGKK, B0FX9NZMQB, B0DJKRTGHC, B0FY2MSMYH, B0FX9B3SNR, B0GDZLPYZ3, B0FZC526CR, B0FSZYYTXG, B0G3NVKBNG, B0DKTHY9NG, B0G3V2D6N1, B0FX9G7GXV, B0DJLJPM2Z, B0CX1PNMRP, B0FG27WZXS, B0CX8Z27M6, B0DJKMJQHJ, B0G13QQC3Y, B0G1MCYHJM, B0G38SP3TM, B0FX98XLDB, B0FX987TQW, B0G4MM28N4, B0FX9M3RCP, B0FG24SD85, B0DKTKMSJR, B0G58JTNLT, B0G4MPGZ3T]",amzn1.campaign.37U9UDIJDHX03,✨ Instant Glam Sparkle All-Events Kit Campaign ✨,wellspar,2026-04-08,2026-11-07,10.00%,5000.0,5000.0,28,800,false
[B0BKY35RHT],amzn1.campaign.2YGG749H8AA3R,SH003 10% commission,HENYU,2026-04-09,2027-01-09,10.00%,5000.0,5000.0,42,800,false
[B0BKY35RHT],amzn1.campaign.2SFWIL76IF9R2,SH003 10% commission,HENYU,2026-04-09,2027-01-08,10.00%,5000.0,5000.0,41,800,false
[B0BKY35RHT],amzn1.campaign.18JQ69QCNIIZ1,SH003 10% commission,HENYU,2026-04-09,2027-01-07,10.00%,5000.0,5000.0,39,800,false
[B0BKY35RHT],amzn1.campaign.2K3KXIHP0M67S,SH003 10% commission,HENYU,2026-04-09,2027-01-06,10.00%,5000.0,5000.0,42,800,false
"[B0GGZ5TLWN, B0G13PQXBC, B0F5VNDCFZ, B0F9YF1LPS, B0DCF155Z5, B0G13QL45X, B0DJ76VMFQ, B0G25DBWNG, B0FX9GNGKK, B0FX9NZMQB, B0DJKRTGHC, B0FY2MSMYH, B0FX9B3SNR, B0GDZLPYZ3, B0FZC526CR, B0FSZYYTXG, B0G3NVKBNG, B0DKTHY9NG, B0G3V2D6N1, B0FX9G7GXV, B0DJLJPM2Z, B0CX1PNMRP, B0FG27WZXS, B0CX8Z27M6, B0DJKMJQHJ, B0G13QQC3Y, B0G1MCYHJM, B0G38SP3TM, B0FX98XLDB, B0FX987TQW, B0G4MM28N4, B0FX9M3RCP, B0FG24SD85, B0DKTKMSJR, B0G58JTNLT, B0G4MPGZ3T]",amzn1.campaign.34JVKX0LI11NJ,🎂 Milestone Magic One-Box Kit Campaign 🎂,wellspar,2026-04-08,2027-01-06,10.00%,5000.0,5000.0,28,800,false
[B0BKY35RHT],amzn1.campaign.3C2WHHY2JE4L2,SH003 10% commission,HENYU,2026-04-09,2027-01-05,10.00%,5000.0,5000.0,42,800,false
[B0BKY35RHT],amzn1.campaign.1MHDNVT2MPSKS,SH003 10% commission,HENYU,2026-04-08,2027-01-05,10.00%,5000.0,5000.0,41,800,false
[B0BKY35RHT],amzn1.campaign.1O320DBXQD9SY,SH003 10% commission,HENYU,2026-04-08,2027-01-04,10.00%,5000.0,5000.0,40,800,false
[B0BKY35RHT],amzn1.campaign.2B156I51YHAF3,SH003 10% commission,HENYU,2026-04-08,2027-01-03,10.00%,5000.0,5000.0,43,800,false
"[B0GGZ5TLWN, B0G13PQXBC, B0F5VNDCFZ, B0F9YF1LPS, B0DCF155Z5, B0G13QL45X, B0DJ76VMFQ, B0G25DBWNG, B0FX9GNGKK, B0FX9NZMQB, B0DJKRTGHC, B0FY2MSMYH, B0FX9B3SNR, B0GDZLPYZ3, B0FZC526CR, B0FSZYYTXG, B0G3NVKBNG, B0DKTHY9NG, B0G3V2D6N1, B0FX9G7GXV, B0DJLJPM2Z, B0CX1PNMRP, B0FG27WZXS, B0CX8Z27M6, B0DJKMJQHJ, B0G13QQC3Y, B0G1MCYHJM, B0G38SP3TM, B0FX98XLDB, B0FX987TQW, B0G4MM28N4, B0FX9M3RCP, B0FG24SD85, B0DKTKMSJR, B0G58JTNLT, B0G4MPGZ3T]",amzn1.campaign.2X80T8QAY7ABF,🍼 Instant Joy Celebration Bundle Campaign 🍼,wellspar,2026-04-08,2027-01-28,10.00%,5000.0,5000.0,28,800,false
[B0BKY35RHT],amzn1.campaign.1GPPR7VCQVH6Z,SH003 10% commission,HENYU,2026-04-08,2027-01-02,10.00%,5000.0,5000.0,40,800,false
[B0BKY35RHT],amzn1.campaign.10N6RE0PT1RKP,SH003 10% commission,HENYU,2026-04-08,2027-01-01,10.00%,5000.0,5000.0,37,800,false
"[B0GGZ5TLWN, B0G13PQXBC, B0F5VNDCFZ, B0F9YF1LPS, B0DCF155Z5, B0G13QL45X, B0DJ76VMFQ, B0G25DBWNG, B0FX9GNGKK, B0FX9NZMQB, B0DJKRTGHC, B0FY2MSMYH, B0FX9B3SNR, B0GDZLPYZ3, B0FZC526CR, B0FSZYYTXG, B0G3NVKBNG, B0DKTHY9NG, B0G3V2D6N1, B0FX9G7GXV, B0DJLJPM2Z, B0CX1PNMRP, B0FG27WZXS, B0CX8Z27M6, B0DJKMJQHJ, B0G13QQC3Y, B0G1MCYHJM, B0G38SP3TM, B0FX98XLDB, B0FX987TQW, B0G4MM28N4, B0FX9M3RCP, B0FG24SD85, B0DKTKMSJR, B0G58JTNLT, B0G4MPGZ3T]",amzn1.campaign.18RP6J71NQEE7,🎉 One-Box Party Magic Maker Campaign 🎉,wellspar,2026-04-08,2026-10-26,10.00%,5000.0,5000.0,27,800,false
"[B0D5YBPG1V, B0B4ZQDQ6Q, B0DR2CFT92, B0CJLP45K8, B0DF1XFG54, B0BGR1RQVC, B0GR9FC3T6, B0DRD4QF6C, B0BV22FSPP, B0GCH96ZJ2, B09XV9JQ9G, B0DG8WCKM4, B0B458BVWB, B0BXG56YJP, B0B8Y6HMYD, B0BV242DWL, B0CLQY7WSM, B0BV6G29Y2, B0DF7F5XMV, B0BMLDP99F, B0B5L2M74W, B09ZY7WKRQ, B0BV5QJXQC, B0BLC2DHQ5, B0CCCQN1PC, B0BHRVJ8M4, B0BJJMJF5W, B0BD4DGMVV, B0G3WNV7QM, B0F62PCBVC, B0GSVPKRN2, B0CZP52W15, B0CTCQPXW6, B0G4P791GH, B0B1L8F4JG, B0FBRX6ML4, B0DWDQP46M, B0CLN3K8Z9, B0BV5N4P2Y, B0D4M5WMYN, B0CZHJPJYQ, B0B5G4CYTS, B0FZZHRZJN, B0D2XDYCK1, B0BKQ99S3X, B09P5X2825, B0BQHKBXPH, B0GKGFSYK3, B0BV6D6QPQ, B0CXDKXS9Z, B0GQLZTSMX, B09H6HMFT1, B0BV25M73H, B0BTV6JTY9, B0BJJKY26B, B0BQ2ZB3NQ, B0BQ2X8LQ2, B09TSCZXTT, B0G41V7Z7J, B0DRFCVR4C, B0D4Q1HSBW, B0F7GXYMQ8, B0BV5LXHQ5, B0BG6WTXQ5, B0G7HG76BS, B0FN7WWJ11, B09LV8D7WS, B0F62C6H36, B0BK8PBCCD, B0DRHR3DS7, B0D4M82PYJ, B0GBTNYCKH, B0BKG3VZWB, B0CT23ZWC7, B0BV24XBFQ, B0BNN5XKDL, B0BRCHMMLM, B0DMNRQH6N, B0B5Q5JYYB, B0BKQ8TR84, B0FHPC9CSG, B0CM5P1J94, B0CS3D9CCZ, B0BQV6K6N5, B0DP2JZM8R, B0B6H3FLDV, B0DCJTRL7R, B0CR1P36KK, B0GRGX2F7X, B0C5WYTT8H, B0B8YL3QC5, B0BR58PQRY, B0CFD5V63F, B0DZMXK1RY, B0CR1R5FN2, B0BNK7NJPT, B0FZBCT51T, B0CS3BCN45, B09QLVXWML, B09P9Y2PJN, B0BV6GK2D1, B0BQ6M4MWB, B0F2HGLL6F, B0FV826JGR, B0F1MW55J6, B0BG9WRSBT, B0CF3WG1YV, B0B6TMXPSZ, B0CQ1S6JJJ, B0FX9TK877, B0BQXRYDN6, B09PHJCT7C, B0BR58LVH1, B0BQXQHLPY, B0G13RXQ8T, B0BHRWNFCQ, B0D97QHT8J, B0CTCQCS6N, B09VKS4LF2, B0DFPPFCTP, B0D4Q6XKVN, B09BN3K8J2, B0BJP5WF2P, B0BQHJNPTS, B0DNQRX2XF, B0BKZQH4BX, B0DHFTGVMF, B0DPX7NJBK, B0D14GRQBG, B0CJD79M9F, B09TQDCVGC, B0CG86WMQC, B0DJLTDYK3, B0CS3FZX2N, B0BQMH4RSS, B0FKSCH9W4, B0FP24LTYN, B0CWNWLC4H, B0CHBC42TW, B0BQPSZWL5, B0B87QZFD3, B0F4R8QXN5, B0BGR6SH3R, B0BN2QW2X6, B0DNDK12YF, B0BYTVQK2T, B09M88QXT2, B0FJRW6RX2, B0F2HHXJRY, B0BQHDMF11, B0B457L47Z, B09Q5SPLQK, B09MLGCMVP, B0G37DNMMT, B0BKRLWJC5, B0DZ2F5P4K, B0DHRZTZ5R, B0GJYN6RMK, B0BV5YSSN2, B0G5XZ97FT, B0B96SKF89, B09PHKV6FL, B0GC5M63TG, B0DP8NRFCS, B0DBQPGBCH, B0B96T1YNM, B0BR59RB2V, B09XMRJRC3, B09STJSFH7, B0C5PW792C, B0G2BPN3JC, B0B4CMC1ZH, B0BK8QTWSS, B0GQM3KW6Q, B0B6TN1PNK, B0B4D3B4YB, B0DWSPCPL2, B0CCP6VGVD, B0BNK8QNHH, B0FX2358V1, B0DWSP63YW, B09Y5SWDC6, B0F7XN5GPX, B099W4HD7Z, B0F32VY8NN, B0F7GY2ZL8, B09YQWSF6Q, B0B5G1RL62, B0F7GZ7WLV, B0D9RMG3FY, B0CGLLNB7D, B0DLK3C74R, B0BQXS61N4, B0B6TMPTX6, B0FP2NHT1R, B0CR1NDYP4, B09ST5TT4D, B0DRZ9T9QM, B0B5G1PZX4, B0DNQLP6J9, B0BV6GL2VQ, B0BKZP5TLH, B0F9NK2K79, B0F5VRLKJC, B0D842HQWB, B09TSDWQKW, B0BHL538CZ, B0FXF927SR, B0BV25XTDR, B0BNK8F9B2, B0CXX8TH1X, B0G4MG5S8J, B0DRFGZLTD, B0GK5CDGR1, B0D4Q5G2QY, B0CM5M8YRQ, B0BQTWKMDC, B0BKZLXD4B, B0FLQ9J8SF, B0BQ1RTMCS, B0CW9QVFHC, B0CM8QLDZ3, B0BKZMDPLB, B0DWMCF5BW, B0CDVWXQHR, B0GQ7GZTKK, B0C7QS7L8N, B0GDFZ3163, B0CW9SKVPW, B0F7XWPN37, B0DP2B8SLZ, B0CTCPZBSB, B0BNK8DMNM, B0GSVMY5Z1, B09X2NW2QN, B0D62TXRC1, B0CM8SDD8K, B0BMWML4YT, B0B87DYP6T, B0CS3BG81H, B0CGLN66Q8, B0B45HCF5F, B0F37K7J3Z, B0G5YGFHTQ, B0B188FZJG, B0CQJQXCGP, B0B8Y3LZ4P, B0BQVDWVG6, B0BQH9TH1K, B09PHJC89C, B0DFBSCJ5C, B0CQJVGGPG, B0FX1YSJSH, B0CKRFRJLP, B0BG6SS5BJ, B0BJJJ48PZ, B0BFW3CNP4, B0D629F7FP, B09M9JYTG5, B0DNQM8449, B0GFMY3FP5, B0GCJS5G7F, B0BGGFT35Y, B0BZ8BY35J, B0FH64BX4K, B0BVPQDFWS, B0CJR5Z66G, B0B1M22B8K, B0FMRSM8SP, B0F9P4CMJZ, B0CS3B9STH, B0BNK7S1HK, B0BYTW8Q52, B0B8Y2NM7Z, B0FG7HCP68, B0DQPKG1FH, B0FMRLTM1Q, B0CBR73BPZ, B0G38TNZXP, B0G3WR3PHH, B0BQ8WDSGS, B0BLV8F3LZ, B09XTN17R6, B0CBQ1FLHX, B0DBPSQR7X, B0DTHLNY8X, B0CKQRN7QL, B0BQXSPCBM, B09MDWV54B, B0CT2LF8NF, B0DFPZ3Y52, B0BHN839MH, B09Y5TCVLR, B0CLTRMFYN, B09NXY288M, B0F7GY19HK, B0GCFW1SP5, B09M3P6MGQ, B0BHKZZ8HB, B0DKHBHDHW, B0CHNGT4P2, B0DHC8TL1B, B0DJ6KSB23, B0CKLGHT4P, B0FP6CFX6D, B09NVL3VF3, B0CM5MFTXX, B09PHKV394, B0FYFKRRNC, B0CLCQY9X2, B0BXRMTZ78, B0DHZLZLYF, B0G4TF439T, B0BV5SDYYM, B0BNK8DQ9R, B0G4P9PLTT, B0G22ZQFM3, B0CFDMYX9P, B0BX871VNQ, B0DQ41WJ76, B0BV25YVBY, B0BG5K4LFD, B0B64WHK94, B0D9PVNFB7, B0CLCS966K, B0CYZVT4PQ, B0DWSFB1G9, B0GR43B197, B0DFXW9QTY, B0FXDZ192C, B0BRSFC3M8, B0B212DYPC, B0CZP3HGYF, B0GTQBCNR9, B0DKN2TFQ3, B0CZP2JFM9, B0DG8Y5QZG, B0BP6QC2DV, B0BFDFJT8D, B09SVY98W8, B0DD6KD7CV, B0B5G1D8R1, B0DQ3B6DP9, B0D258HKW2, B0CR3Z9YP2, B0B6TMKH54, B0G37TZT3X, B0D62TNPCS, B0CS38ZB6Z, B0DZ2CNQ4Z, B0CTCR8VNF, B0CWQLKT83, B0BN4VG7MK, B0CT27G7ZJ, B0CJ8SL2NS, B0CCCTVP3N, B09Q31WNMV, B0CDLS9ZRK, B09Y58KTXN, B0D31D84W7, B0CWNXFLTJ, B0FT1153MW, B0BN4ZBJ3T, B0CBTXG7FR, B0B6TKZRV6, B0D4PRQ7M9, B0DHKXMFLK, B0FG7M46ZQ, B0DRFFT298, B0B3QNKTPS, B0F7XSFYRS, B0G3WLJV86, B09PHJ762R, B0DLZPJL4S, B0BX8714HK, B0BNGZYGPK, B0B6B4ZJDF, B0FMRRJZ12, B098N3YXDL, B0DP8CP8LZ, B0BQ319Y2F, B0CZP48J3B, B0CR1L1966, B0DBH24L1V, B0CTCP9JM3, B0CHR9HMF9, B0BXN6MRL5, B0GBTHT45W, B09STBXN19, B0DRD3H3W2, B09PHHRJB3, B0DJKLVSMH, B0BN57QTK7, B0F37KX2WF, B0CG933GVN, B0D83XH1JQ, B0C6DWTJYG, B0BQXTL3QB, B0BYTX6SGC, B0CBTTYRV4, B0CFQC1HHD, B0BQ6NW96R, B0BKZBHNDN, B09NVJZZ6W, B0BBLY24D5, B0BQV5522Q, B0FG7NG18W, B0D13MZGZB, B0BHLMP8Q1, B0BNP9KPF9, B0DJNDLDHM, B0CKMTP3K6, B0B3DKR9CZ, B0CR1QMFX7, B0BP1TFXK6, B0DJKMMTLQ, B0BN51HVML, B0BB17TLL8, B0F6N5HXCZ, B0CCCWT7YN, B0CR4765CN, B0B3DHHK7F, B0GQ9XLF49, B0CBR7MV1W, B0BKRQH6L6, B0FNRKWGNH, B0F36F15VH, B0DP4V58T2, B0GVYQXGKN, B0BNK7DF6C, B0B87DGG1X, B0BQHHQ7D2, B0GV3K3WLN, B0G8GBTVD9, B0CG86YK3Y, B0DRF89THM, B0B64R43KL, B0D4PY2R62, B0BXW4Q5MY, B0DFW1KX1H, B0CBQ1W6TF, B0DJ6KMZZN, B0DZ2BTWF3, B0FWKC6LYH, B0GR59Q2X3, B0CKMT4NYK, B0CKRFHBSR, B0F1RRHS17, B0CLLH3NCP, B0BD4CTXNH, B0CZ8ZQ25F, B0987DRR7R, B09C57HDYB, B0DP4TG86N, B0DF1V9JBZ, B0F37FVGWR, B0BX8Q3LHF, B0BQQ196T1, B0CRRN8SZ3, B09Y57K7XB, B0CNV7YZMX, B0BMPQ9FJL, B0GLPGDCBJ, B0F7GYK3WM, B0CM5J8VSN, B0BTV87H23, B0DLZDBBCJ, B0DL1WFZWT, B0DRD1QJGM, B0DFWSSH1Y, B0CKRG5577, B0B5G1HN19, B0B87DV1WY, B0BV62NDT2, B0GFCD58J8, B0D251XBQN, B0BNT42GNH, B0CLV3SZ4B, B0BMWRJV77, B0DP8PR5Z6, B09T685R6B, B0F37KV4CZ, B0FS6JKQ5C, B0DJKPFRKW, B0DHS1QDPF, B0B5G3SHL8, B0DWSVKX8P, B0BRB3QVFK, B0G5Y3QRXL, B0CN6R1ZT1, B0CHR9BR6M, B0CW58WFFM, B0G3WLGQ16, B0DWMWNYGQ, B0FQBV96NS, B09C56SN11, B0GCFVWDSN, B0CHV3ZW2D, B0BD4CWT89, B0B64QJ7JD, B0DWSTNTDK, B0CCT6FL1X, B0BV5S9KL8, B0BN5B49BQ, B0DLVYG934, B0CN9FSBTD, B0B5173NQJ, B0CXDXLQ9X, B0BX883MMD, B0BTV891VF, B09Q5BS3YD, B09NXX1SV1, B0G4MB93K2, B0B87NK9B2, B0D97QT49Z, B0BVQ6YT2D, B0B8Y4QWQM, B09KGPTTSM, B0GQLZS73Q, B0BJK6BPJB, B0CWQNCMTM, B0BV5LKQ1M, B0BNK7ZHN6, B0FP48B7HZ, B0DCYGX3L3, B0CZ98YYPF, B0CT2DR79K, B0B9ZTX59N, B0CBPYWZH8, B09J8S6Q4C, B0CRTL7GMB, B0CM5MJ7FV, B0DL23LTKN, B0B87CDQCN, B0BKZMVSLR, B0BV64R658, B0FP285JCN, B0DP87PLGL, B0DBQFH7M8, B09VKVVG22, B0DLZMR57J, B0CN62MM6C, B0BJPMQZBJ, B0FSZXLD85, B0DRXLQX8X, B0BD4FDHFJ, B09Q5QZRT1, B0BMPG3WFP, B0CLCQ8NW4, B0BRSG54VB, B0B73Z22RZ, B0CKQPW1YN, B0FDQSX5XH, B0DJ1C9S5W, B0CXHZNTSY, B0CQNRPM3W, B0BQPSM9BB, B0G37HZ8BY, B0BPFBJGFY, B0BLC33TDM, B0F7GXW2Y1, B0G4MKGH2R, B0G62R5JZT, B0DLNXNRZN, B0GFWPBFXH, B0CYZWMVY1, B0BQXQG5HY, B09Y58NC6R, B0CQXDY1Z6, B0BLC443KW, B0B96QX9ZR, B0DWMDLN7Z, B0CG93MDVT, B0DRZLJKJK, B0D4PPSF5D, B0BNKD9LLK, B0B93XCSY9, B0BKRKHTLN, B0BP1VWCBJ, B0CJLBT4PP, B09X2PK9Z4, B0CM8T6R53, B0CWNXQY8B, B0987C24VL, B0FDQQWR16, B0DTHJ85ZN, B0BNK78G3J, B09DXXRTFV, B0BJJBMD3D, B09K34L2BW, B09G68L2Y6, B0F6N94BLX, B0FQC1YTV2, B0FGJ9M39R, B0FZBYPSB7, B0CT245Y9Y, B0BQPYL2GM, B09MDXZNKX, B0DLVPGGK9, B0DTHK5XKF, B0FV7YM8CP, B09K3YYL12, B0BG6W42YB, B0FRL8PCYR, B0CBS9LMD5, B0CP38BF2B, B0DLGRSFC8, B0FH6R2JFB, B0D9RN6VV5, B09ZY8VXFY, B0DWMS4N92, B09QLW4WRP, B0B3DFR9GW, B09W5GVKBQ, B0DHGB8JKJ, B0BTV7QRLL, B0GS7Q8167, B0CGQQHFSX, B0CTCQX58H, B0DQ3Y2XRM, B0CN94DWPS, B09YQVY32C, B0FP5C9LFC, B09GTHPWBQ, B0DLVVPKMT, B0CQ4WZXH7, B0DPMZV18T, B0D62THDKN, B0D2T71WYP, B0BX89K5X3, B0CTCSFRLX, B0CLN89RRL, B0CM8BFZVC, B0B96YDZPZ, B09TQFKFP7, B0CN6QPVJC, B099F5943J, B0BV5SSWYR, B0BNK7LC3H, B0F621CH9Q, B0DLVVC3F3, B0BQHCC5QS, B0DJ1CKMR9, B0C1GVH1R5, B0DB8F2SZN]",amzn1.campaign.7SH9W5RMCJYZ,👶 Universal All-Occasion Celebration Kit Campaign 👶,cocomigo,2026-04-08,2027-01-24,10.00%,5000.0,5000.0,2,800,false
"[B0D5YBPG1V, B0B4ZQDQ6Q, B0DR2CFT92, B0CJLP45K8, B0DF1XFG54, B0BGR1RQVC, B0GR9FC3T6, B0DRD4QF6C, B0BV22FSPP, B0GCH96ZJ2, B09XV9JQ9G, B0DG8WCKM4, B0B458BVWB, B0BXG56YJP, B0B8Y6HMYD, B0BV242DWL, B0CLQY7WSM, B0BV6G29Y2, B0DF7F5XMV, B0BMLDP99F, B0B5L2M74W, B09ZY7WKRQ, B0BV5QJXQC, B0BLC2DHQ5, B0CCCQN1PC, B0BHRVJ8M4, B0BJJMJF5W, B0BD4DGMVV, B0G3WNV7QM, B0F62PCBVC, B0GSVPKRN2, B0CZP52W15, B0CTCQPXW6, B0G4P791GH, B0B1L8F4JG, B0FBRX6ML4, B0DWDQP46M, B0CLN3K8Z9, B0BV5N4P2Y, B0D4M5WMYN, B0CZHJPJYQ, B0B5G4CYTS, B0FZZHRZJN, B0D2XDYCK1, B0BKQ99S3X, B09P5X2825, B0BQHKBXPH, B0GKGFSYK3, B0BV6D6QPQ, B0CXDKXS9Z, B0GQLZTSMX, B09H6HMFT1, B0BV25M73H, B0BTV6JTY9, B0BJJKY26B, B0BQ2ZB3NQ, B0BQ2X8LQ2, B09TSCZXTT, B0G41V7Z7J, B0DRFCVR4C, B0D4Q1HSBW, B0F7GXYMQ8, B0BV5LXHQ5, B0BG6WTXQ5, B0G7HG76BS, B0FN7WWJ11, B09LV8D7WS, B0F62C6H36, B0BK8PBCCD, B0DRHR3DS7, B0D4M82PYJ, B0GBTNYCKH, B0BKG3VZWB, B0CT23ZWC7, B0BV24XBFQ, B0BNN5XKDL, B0BRCHMMLM, B0DMNRQH6N, B0B5Q5JYYB, B0BKQ8TR84, B0FHPC9CSG, B0CM5P1J94, B0CS3D9CCZ, B0BQV6K6N5, B0DP2JZM8R, B0B6H3FLDV, B0DCJTRL7R, B0CR1P36KK, B0GRGX2F7X, B0C5WYTT8H, B0B8YL3QC5, B0BR58PQRY, B0CFD5V63F, B0DZMXK1RY, B0CR1R5FN2, B0BNK7NJPT, B0FZBCT51T, B0CS3BCN45, B09QLVXWML, B09P9Y2PJN, B0BV6GK2D1, B0BQ6M4MWB, B0F2HGLL6F, B0FV826JGR, B0F1MW55J6, B0BG9WRSBT, B0CF3WG1YV, B0B6TMXPSZ, B0CQ1S6JJJ, B0FX9TK877, B0BQXRYDN6, B09PHJCT7C, B0BR58LVH1, B0BQXQHLPY, B0G13RXQ8T, B0BHRWNFCQ, B0D97QHT8J, B0CTCQCS6N, B09VKS4LF2, B0DFPPFCTP, B0D4Q6XKVN, B09BN3K8J2, B0BJP5WF2P, B0BQHJNPTS, B0DNQRX2XF, B0BKZQH4BX, B0DHFTGVMF, B0DPX7NJBK, B0D14GRQBG, B0CJD79M9F, B09TQDCVGC, B0CG86WMQC, B0DJLTDYK3, B0CS3FZX2N, B0BQMH4RSS, B0FKSCH9W4, B0FP24LTYN, B0CWNWLC4H, B0CHBC42TW, B0BQPSZWL5, B0B87QZFD3, B0F4R8QXN5, B0BGR6SH3R, B0BN2QW2X6, B0DNDK12YF, B0BYTVQK2T, B09M88QXT2, B0FJRW6RX2, B0F2HHXJRY, B0BQHDMF11, B0B457L47Z, B09Q5SPLQK, B09MLGCMVP, B0G37DNMMT, B0BKRLWJC5, B0DZ2F5P4K, B0DHRZTZ5R, B0GJYN6RMK, B0BV5YSSN2, B0G5XZ97FT, B0B96SKF89, B09PHKV6FL, B0GC5M63TG, B0DP8NRFCS, B0DBQPGBCH, B0B96T1YNM, B0BR59RB2V, B09XMRJRC3, B09STJSFH7, B0C5PW792C, B0G2BPN3JC, B0B4CMC1ZH, B0BK8QTWSS, B0GQM3KW6Q, B0B6TN1PNK, B0B4D3B4YB, B0DWSPCPL2, B0CCP6VGVD, B0BNK8QNHH, B0FX2358V1, B0DWSP63YW, B09Y5SWDC6, B0F7XN5GPX, B099W4HD7Z, B0F32VY8NN, B0F7GY2ZL8, B09YQWSF6Q, B0B5G1RL62, B0F7GZ7WLV, B0D9RMG3FY, B0CGLLNB7D, B0DLK3C74R, B0BQXS61N4, B0B6TMPTX6, B0FP2NHT1R, B0CR1NDYP4, B09ST5TT4D, B0DRZ9T9QM, B0B5G1PZX4, B0DNQLP6J9, B0BV6GL2VQ, B0BKZP5TLH, B0F9NK2K79, B0F5VRLKJC, B0D842HQWB, B09TSDWQKW, B0BHL538CZ, B0FXF927SR, B0BV25XTDR, B0BNK8F9B2, B0CXX8TH1X, B0G4MG5S8J, B0DRFGZLTD, B0GK5CDGR1, B0D4Q5G2QY, B0CM5M8YRQ, B0BQTWKMDC, B0BKZLXD4B, B0FLQ9J8SF, B0BQ1RTMCS, B0CW9QVFHC, B0CM8QLDZ3, B0BKZMDPLB, B0DWMCF5BW, B0CDVWXQHR, B0GQ7GZTKK, B0C7QS7L8N, B0GDFZ3163, B0CW9SKVPW, B0F7XWPN37, B0DP2B8SLZ, B0CTCPZBSB, B0BNK8DMNM, B0GSVMY5Z1, B09X2NW2QN, B0D62TXRC1, B0CM8SDD8K, B0BMWML4YT, B0B87DYP6T, B0CS3BG81H, B0CGLN66Q8, B0B45HCF5F, B0F37K7J3Z, B0G5YGFHTQ, B0B188FZJG, B0CQJQXCGP, B0B8Y3LZ4P, B0BQVDWVG6, B0BQH9TH1K, B09PHJC89C, B0DFBSCJ5C, B0CQJVGGPG, B0FX1YSJSH, B0CKRFRJLP, B0BG6SS5BJ, B0BJJJ48PZ, B0BFW3CNP4, B0D629F7FP, B09M9JYTG5, B0DNQM8449, B0GFMY3FP5, B0GCJS5G7F, B0BGGFT35Y, B0BZ8BY35J, B0FH64BX4K, B0BVPQDFWS, B0CJR5Z66G, B0B1M22B8K, B0FMRSM8SP, B0F9P4CMJZ, B0CS3B9STH, B0BNK7S1HK, B0BYTW8Q52, B0B8Y2NM7Z, B0FG7HCP68, B0DQPKG1FH, B0FMRLTM1Q, B0CBR73BPZ, B0G38TNZXP, B0G3WR3PHH, B0BQ8WDSGS, B0BLV8F3LZ, B09XTN17R6, B0CBQ1FLHX, B0DBPSQR7X, B0DTHLNY8X, B0CKQRN7QL, B0BQXSPCBM, B09MDWV54B, B0CT2LF8NF, B0DFPZ3Y52, B0BHN839MH, B09Y5TCVLR, B0CLTRMFYN, B09NXY288M, B0F7GY19HK, B0GCFW1SP5, B09M3P6MGQ, B0BHKZZ8HB, B0DKHBHDHW, B0CHNGT4P2, B0DHC8TL1B, B0DJ6KSB23, B0CKLGHT4P, B0FP6CFX6D, B09NVL3VF3, B0CM5MFTXX, B09PHKV394, B0FYFKRRNC, B0CLCQY9X2, B0BXRMTZ78, B0DHZLZLYF, B0G4TF439T, B0BV5SDYYM, B0BNK8DQ9R, B0G4P9PLTT, B0G22ZQFM3, B0CFDMYX9P, B0BX871VNQ, B0DQ41WJ76, B0BV25YVBY, B0BG5K4LFD, B0B64WHK94, B0D9PVNFB7, B0CLCS966K, B0CYZVT4PQ, B0DWSFB1G9, B0GR43B197, B0DFXW9QTY, B0FXDZ192C, B0BRSFC3M8, B0B212DYPC, B0CZP3HGYF, B0GTQBCNR9, B0DKN2TFQ3, B0CZP2JFM9, B0DG8Y5QZG, B0BP6QC2DV, B0BFDFJT8D, B09SVY98W8, B0DD6KD7CV, B0B5G1D8R1, B0DQ3B6DP9, B0D258HKW2, B0CR3Z9YP2, B0B6TMKH54, B0G37TZT3X, B0D62TNPCS, B0CS38ZB6Z, B0DZ2CNQ4Z, B0CTCR8VNF, B0CWQLKT83, B0BN4VG7MK, B0CT27G7ZJ, B0CJ8SL2NS, B0CCCTVP3N, B09Q31WNMV, B0CDLS9ZRK, B09Y58KTXN, B0D31D84W7, B0CWNXFLTJ, B0FT1153MW, B0BN4ZBJ3T, B0CBTXG7FR, B0B6TKZRV6, B0D4PRQ7M9, B0DHKXMFLK, B0FG7M46ZQ, B0DRFFT298, B0B3QNKTPS, B0F7XSFYRS, B0G3WLJV86, B09PHJ762R, B0DLZPJL4S, B0BX8714HK, B0BNGZYGPK, B0B6B4ZJDF, B0FMRRJZ12, B098N3YXDL, B0DP8CP8LZ, B0BQ319Y2F, B0CZP48J3B, B0CR1L1966, B0DBH24L1V, B0CTCP9JM3, B0CHR9HMF9, B0BXN6MRL5, B0GBTHT45W, B09STBXN19, B0DRD3H3W2, B09PHHRJB3, B0DJKLVSMH, B0BN57QTK7, B0F37KX2WF, B0CG933GVN, B0D83XH1JQ, B0C6DWTJYG, B0BQXTL3QB, B0BYTX6SGC, B0CBTTYRV4, B0CFQC1HHD, B0BQ6NW96R, B0BKZBHNDN, B09NVJZZ6W, B0BBLY24D5, B0BQV5522Q, B0FG7NG18W, B0D13MZGZB, B0BHLMP8Q1, B0BNP9KPF9, B0DJNDLDHM, B0CKMTP3K6, B0B3DKR9CZ, B0CR1QMFX7, B0BP1TFXK6, B0DJKMMTLQ, B0BN51HVML, B0BB17TLL8, B0F6N5HXCZ, B0CCCWT7YN, B0CR4765CN, B0B3DHHK7F, B0GQ9XLF49, B0CBR7MV1W, B0BKRQH6L6, B0FNRKWGNH, B0F36F15VH, B0DP4V58T2, B0GVYQXGKN, B0BNK7DF6C, B0B87DGG1X, B0BQHHQ7D2, B0GV3K3WLN, B0G8GBTVD9, B0CG86YK3Y, B0DRF89THM, B0B64R43KL, B0D4PY2R62, B0BXW4Q5MY, B0DFW1KX1H, B0CBQ1W6TF, B0DJ6KMZZN, B0DZ2BTWF3, B0FWKC6LYH, B0GR59Q2X3, B0CKMT4NYK, B0CKRFHBSR, B0F1RRHS17, B0CLLH3NCP, B0BD4CTXNH, B0CZ8ZQ25F, B0987DRR7R, B09C57HDYB, B0DP4TG86N, B0DF1V9JBZ, B0F37FVGWR, B0BX8Q3LHF, B0BQQ196T1, B0CRRN8SZ3, B09Y57K7XB, B0CNV7YZMX, B0BMPQ9FJL, B0GLPGDCBJ, B0F7GYK3WM, B0CM5J8VSN, B0BTV87H23, B0DLZDBBCJ, B0DL1WFZWT, B0DRD1QJGM, B0DFWSSH1Y, B0CKRG5577, B0B5G1HN19, B0B87DV1WY, B0BV62NDT2, B0GFCD58J8, B0D251XBQN, B0BNT42GNH, B0CLV3SZ4B, B0BMWRJV77, B0DP8PR5Z6, B09T685R6B, B0F37KV4CZ, B0FS6JKQ5C, B0DJKPFRKW, B0DHS1QDPF, B0B5G3SHL8, B0DWSVKX8P, B0BRB3QVFK, B0G5Y3QRXL, B0CN6R1ZT1, B0CHR9BR6M, B0CW58WFFM, B0G3WLGQ16, B0DWMWNYGQ, B0FQBV96NS, B09C56SN11, B0GCFVWDSN, B0CHV3ZW2D, B0BD4CWT89, B0B64QJ7JD, B0DWSTNTDK, B0CCT6FL1X, B0BV5S9KL8, B0BN5B49BQ, B0DLVYG934, B0CN9FSBTD, B0B5173NQJ, B0CXDXLQ9X, B0BX883MMD, B0BTV891VF, B09Q5BS3YD, B09NXX1SV1, B0G4MB93K2, B0B87NK9B2, B0D97QT49Z, B0BVQ6YT2D, B0B8Y4QWQM, B09KGPTTSM, B0GQLZS73Q, B0BJK6BPJB, B0CWQNCMTM, B0BV5LKQ1M, B0BNK7ZHN6, B0FP48B7HZ, B0DCYGX3L3, B0CZ98YYPF, B0CT2DR79K, B0B9ZTX59N, B0CBPYWZH8, B09J8S6Q4C, B0CRTL7GMB, B0CM5MJ7FV, B0DL23LTKN, B0B87CDQCN, B0BKZMVSLR, B0BV64R658, B0FP285JCN, B0DP87PLGL, B0DBQFH7M8, B09VKVVG22, B0DLZMR57J, B0CN62MM6C, B0BJPMQZBJ, B0FSZXLD85, B0DRXLQX8X, B0BD4FDHFJ, B09Q5QZRT1, B0BMPG3WFP, B0CLCQ8NW4, B0BRSG54VB, B0B73Z22RZ, B0CKQPW1YN, B0FDQSX5XH, B0DJ1C9S5W, B0CXHZNTSY, B0CQNRPM3W, B0BQPSM9BB, B0G37HZ8BY, B0BPFBJGFY, B0BLC33TDM, B0F7GXW2Y1, B0G4MKGH2R, B0G62R5JZT, B0DLNXNRZN, B0GFWPBFXH, B0CYZWMVY1, B0BQXQG5HY, B09Y58NC6R, B0CQXDY1Z6, B0BLC443KW, B0B96QX9ZR, B0DWMDLN7Z, B0CG93MDVT, B0DRZLJKJK, B0D4PPSF5D, B0BNKD9LLK, B0B93XCSY9, B0BKRKHTLN, B0BP1VWCBJ, B0CJLBT4PP, B09X2PK9Z4, B0CM8T6R53, B0CWNXQY8B, B0987C24VL, B0FDQQWR16, B0DTHJ85ZN, B0BNK78G3J, B09DXXRTFV, B0BJJBMD3D, B09K34L2BW, B09G68L2Y6, B0F6N94BLX, B0FQC1YTV2, B0FGJ9M39R, B0FZBYPSB7, B0CT245Y9Y, B0BQPYL2GM, B09MDXZNKX, B0DLVPGGK9, B0DTHK5XKF, B0FV7YM8CP, B09K3YYL12, B0BG6W42YB, B0FRL8PCYR, B0CBS9LMD5, B0CP38BF2B, B0DLGRSFC8, B0FH6R2JFB, B0D9RN6VV5, B09ZY8VXFY, B0DWMS4N92, B09QLW4WRP, B0B3DFR9GW, B09W5GVKBQ, B0DHGB8JKJ, B0BTV7QRLL, B0GS7Q8167, B0CGQQHFSX, B0CTCQX58H, B0DQ3Y2XRM, B0CN94DWPS, B09YQVY32C, B0FP5C9LFC, B09GTHPWBQ, B0DLVVPKMT, B0CQ4WZXH7, B0DPMZV18T, B0D62THDKN, B0D2T71WYP, B0BX89K5X3, B0CTCSFRLX, B0CLN89RRL, B0CM8BFZVC, B0B96YDZPZ, B09TQFKFP7, B0CN6QPVJC, B099F5943J, B0BV5SSWYR, B0BNK7LC3H, B0F621CH9Q, B0DLVVC3F3, B0BQHCC5QS, B0DJ1CKMR9, B0C1GVH1R5, B0DB8F2SZN]",amzn1.campaign.1UIKJTO42117U,🏆 Premium Reusable Party Essentials Kit Campaign 🏆,cocomigo,2026-04-08,2027-01-25,10.00%,5000.0,5000.0,1,800,false
"[B0D5YBPG1V, B0B4ZQDQ6Q, B0DR2CFT92, B0CJLP45K8, B0DF1XFG54, B0BGR1RQVC, B0GR9FC3T6, B0DRD4QF6C, B0BV22FSPP, B0GCH96ZJ2, B09XV9JQ9G, B0DG8WCKM4, B0B458BVWB, B0BXG56YJP, B0B8Y6HMYD, B0BV242DWL, B0CLQY7WSM, B0BV6G29Y2, B0DF7F5XMV, B0BMLDP99F, B0B5L2M74W, B09ZY7WKRQ, B0BV5QJXQC, B0BLC2DHQ5, B0CCCQN1PC, B0BHRVJ8M4, B0BJJMJF5W, B0BD4DGMVV, B0G3WNV7QM, B0F62PCBVC, B0GSVPKRN2, B0CZP52W15, B0CTCQPXW6, B0G4P791GH, B0B1L8F4JG, B0FBRX6ML4, B0DWDQP46M, B0CLN3K8Z9, B0BV5N4P2Y, B0D4M5WMYN, B0CZHJPJYQ, B0B5G4CYTS, B0FZZHRZJN, B0D2XDYCK1, B0BKQ99S3X, B09P5X2825, B0BQHKBXPH, B0GKGFSYK3, B0BV6D6QPQ, B0CXDKXS9Z, B0GQLZTSMX, B09H6HMFT1, B0BV25M73H, B0BTV6JTY9, B0BJJKY26B, B0BQ2ZB3NQ, B0BQ2X8LQ2, B09TSCZXTT, B0G41V7Z7J, B0DRFCVR4C, B0D4Q1HSBW, B0F7GXYMQ8, B0BV5LXHQ5, B0BG6WTXQ5, B0G7HG76BS, B0FN7WWJ11, B09LV8D7WS, B0F62C6H36, B0BK8PBCCD, B0DRHR3DS7, B0D4M82PYJ, B0GBTNYCKH, B0BKG3VZWB, B0CT23ZWC7, B0BV24XBFQ, B0BNN5XKDL, B0BRCHMMLM, B0DMNRQH6N, B0B5Q5JYYB, B0BKQ8TR84, B0FHPC9CSG, B0CM5P1J94, B0CS3D9CCZ, B0BQV6K6N5, B0DP2JZM8R, B0B6H3FLDV, B0DCJTRL7R, B0CR1P36KK, B0GRGX2F7X, B0C5WYTT8H, B0B8YL3QC5, B0BR58PQRY, B0CFD5V63F, B0DZMXK1RY, B0CR1R5FN2, B0BNK7NJPT, B0FZBCT51T, B0CS3BCN45, B09QLVXWML, B09P9Y2PJN, B0BV6GK2D1, B0BQ6M4MWB, B0F2HGLL6F, B0FV826JGR, B0F1MW55J6, B0BG9WRSBT, B0CF3WG1YV, B0B6TMXPSZ, B0CQ1S6JJJ, B0FX9TK877, B0BQXRYDN6, B09PHJCT7C, B0BR58LVH1, B0BQXQHLPY, B0G13RXQ8T, B0BHRWNFCQ, B0D97QHT8J, B0CTCQCS6N, B09VKS4LF2, B0DFPPFCTP, B0D4Q6XKVN, B09BN3K8J2, B0BJP5WF2P, B0BQHJNPTS, B0DNQRX2XF, B0BKZQH4BX, B0DHFTGVMF, B0DPX7NJBK, B0D14GRQBG, B0CJD79M9F, B09TQDCVGC, B0CG86WMQC, B0DJLTDYK3, B0CS3FZX2N, B0BQMH4RSS, B0FKSCH9W4, B0FP24LTYN, B0CWNWLC4H, B0CHBC42TW, B0BQPSZWL5, B0B87QZFD3, B0F4R8QXN5, B0BGR6SH3R, B0BN2QW2X6, B0DNDK12YF, B0BYTVQK2T, B09M88QXT2, B0FJRW6RX2, B0F2HHXJRY, B0BQHDMF11, B0B457L47Z, B09Q5SPLQK, B09MLGCMVP, B0G37DNMMT, B0BKRLWJC5, B0DZ2F5P4K, B0DHRZTZ5R, B0GJYN6RMK, B0BV5YSSN2, B0G5XZ97FT, B0B96SKF89, B09PHKV6FL, B0GC5M63TG, B0DP8NRFCS, B0DBQPGBCH, B0B96T1YNM, B0BR59RB2V, B09XMRJRC3, B09STJSFH7, B0C5PW792C, B0G2BPN3JC, B0B4CMC1ZH, B0BK8QTWSS, B0GQM3KW6Q, B0B6TN1PNK, B0B4D3B4YB, B0DWSPCPL2, B0CCP6VGVD, B0BNK8QNHH, B0FX2358V1, B0DWSP63YW, B09Y5SWDC6, B0F7XN5GPX, B099W4HD7Z, B0F32VY8NN, B0F7GY2ZL8, B09YQWSF6Q, B0B5G1RL62, B0F7GZ7WLV, B0D9RMG3FY, B0CGLLNB7D, B0DLK3C74R, B0BQXS61N4, B0B6TMPTX6, B0FP2NHT1R, B0CR1NDYP4, B09ST5TT4D, B0DRZ9T9QM, B0B5G1PZX4, B0DNQLP6J9, B0BV6GL2VQ, B0BKZP5TLH, B0F9NK2K79, B0F5VRLKJC, B0D842HQWB, B09TSDWQKW, B0BHL538CZ, B0FXF927SR, B0BV25XTDR, B0BNK8F9B2, B0CXX8TH1X, B0G4MG5S8J, B0DRFGZLTD, B0GK5CDGR1, B0D4Q5G2QY, B0CM5M8YRQ, B0BQTWKMDC, B0BKZLXD4B, B0FLQ9J8SF, B0BQ1RTMCS, B0CW9QVFHC, B0CM8QLDZ3, B0BKZMDPLB, B0DWMCF5BW, B0CDVWXQHR, B0GQ7GZTKK, B0C7QS7L8N, B0GDFZ3163, B0CW9SKVPW, B0F7XWPN37, B0DP2B8SLZ, B0CTCPZBSB, B0BNK8DMNM, B0GSVMY5Z1, B09X2NW2QN, B0D62TXRC1, B0CM8SDD8K, B0BMWML4YT, B0B87DYP6T, B0CS3BG81H, B0CGLN66Q8, B0B45HCF5F, B0F37K7J3Z, B0G5YGFHTQ, B0B188FZJG, B0CQJQXCGP, B0B8Y3LZ4P, B0BQVDWVG6, B0BQH9TH1K, B09PHJC89C, B0DFBSCJ5C, B0CQJVGGPG, B0FX1YSJSH, B0CKRFRJLP, B0BG6SS5BJ, B0BJJJ48PZ, B0BFW3CNP4, B0D629F7FP, B09M9JYTG5, B0DNQM8449, B0GFMY3FP5, B0GCJS5G7F, B0BGGFT35Y, B0BZ8BY35J, B0FH64BX4K, B0BVPQDFWS, B0CJR5Z66G, B0B1M22B8K, B0FMRSM8SP, B0F9P4CMJZ, B0CS3B9STH, B0BNK7S1HK, B0BYTW8Q52, B0B8Y2NM7Z, B0FG7HCP68, B0DQPKG1FH, B0FMRLTM1Q, B0CBR73BPZ, B0G38TNZXP, B0G3WR3PHH, B0BQ8WDSGS, B0BLV8F3LZ, B09XTN17R6, B0CBQ1FLHX, B0DBPSQR7X, B0DTHLNY8X, B0CKQRN7QL, B0BQXSPCBM, B09MDWV54B, B0CT2LF8NF, B0DFPZ3Y52, B0BHN839MH, B09Y5TCVLR, B0CLTRMFYN, B09NXY288M, B0F7GY19HK, B0GCFW1SP5, B09M3P6MGQ, B0BHKZZ8HB, B0DKHBHDHW, B0CHNGT4P2, B0DHC8TL1B, B0DJ6KSB23, B0CKLGHT4P, B0FP6CFX6D, B09NVL3VF3, B0CM5MFTXX, B09PHKV394, B0FYFKRRNC, B0CLCQY9X2, B0BXRMTZ78, B0DHZLZLYF, B0G4TF439T, B0BV5SDYYM, B0BNK8DQ9R, B0G4P9PLTT, B0G22ZQFM3, B0CFDMYX9P, B0BX871VNQ, B0DQ41WJ76, B0BV25YVBY, B0BG5K4LFD, B0B64WHK94, B0D9PVNFB7, B0CLCS966K, B0CYZVT4PQ, B0DWSFB1G9, B0GR43B197, B0DFXW9QTY, B0FXDZ192C, B0BRSFC3M8, B0B212DYPC, B0CZP3HGYF, B0GTQBCNR9, B0DKN2TFQ3, B0CZP2JFM9, B0DG8Y5QZG, B0BP6QC2DV, B0BFDFJT8D, B09SVY98W8, B0DD6KD7CV, B0B5G1D8R1, B0DQ3B6DP9, B0D258HKW2, B0CR3Z9YP2, B0B6TMKH54, B0G37TZT3X, B0D62TNPCS, B0CS38ZB6Z, B0DZ2CNQ4Z, B0CTCR8VNF, B0CWQLKT83, B0BN4VG7MK, B0CT27G7ZJ, B0CJ8SL2NS, B0CCCTVP3N, B09Q31WNMV, B0CDLS9ZRK, B09Y58KTXN, B0D31D84W7, B0CWNXFLTJ, B0FT1153MW, B0BN4ZBJ3T, B0CBTXG7FR, B0B6TKZRV6, B0D4PRQ7M9, B0DHKXMFLK, B0FG7M46ZQ, B0DRFFT298, B0B3QNKTPS, B0F7XSFYRS, B0G3WLJV86, B09PHJ762R, B0DLZPJL4S, B0BX8714HK, B0BNGZYGPK, B0B6B4ZJDF, B0FMRRJZ12, B098N3YXDL, B0DP8CP8LZ, B0BQ319Y2F, B0CZP48J3B, B0CR1L1966, B0DBH24L1V, B0CTCP9JM3, B0CHR9HMF9, B0BXN6MRL5, B0GBTHT45W, B09STBXN19, B0DRD3H3W2, B09PHHRJB3, B0DJKLVSMH, B0BN57QTK7, B0F37KX2WF, B0CG933GVN, B0D83XH1JQ, B0C6DWTJYG, B0BQXTL3QB, B0BYTX6SGC, B0CBTTYRV4, B0CFQC1HHD, B0BQ6NW96R, B0BKZBHNDN, B09NVJZZ6W, B0BBLY24D5, B0BQV5522Q, B0FG7NG18W, B0D13MZGZB, B0BHLMP8Q1, B0BNP9KPF9, B0DJNDLDHM, B0CKMTP3K6, B0B3DKR9CZ, B0CR1QMFX7, B0BP1TFXK6, B0DJKMMTLQ, B0BN51HVML, B0BB17TLL8, B0F6N5HXCZ, B0CCCWT7YN, B0CR4765CN, B0B3DHHK7F, B0GQ9XLF49, B0CBR7MV1W, B0BKRQH6L6, B0FNRKWGNH, B0F36F15VH, B0DP4V58T2, B0GVYQXGKN, B0BNK7DF6C, B0B87DGG1X, B0BQHHQ7D2, B0GV3K3WLN, B0G8GBTVD9, B0CG86YK3Y, B0DRF89THM, B0B64R43KL, B0D4PY2R62, B0BXW4Q5MY, B0DFW1KX1H, B0CBQ1W6TF, B0DJ6KMZZN, B0DZ2BTWF3, B0FWKC6LYH, B0GR59Q2X3, B0CKMT4NYK, B0CKRFHBSR, B0F1RRHS17, B0CLLH3NCP, B0BD4CTXNH, B0CZ8ZQ25F, B0987DRR7R, B09C57HDYB, B0DP4TG86N, B0DF1V9JBZ, B0F37FVGWR, B0BX8Q3LHF, B0BQQ196T1, B0CRRN8SZ3, B09Y57K7XB, B0CNV7YZMX, B0BMPQ9FJL, B0GLPGDCBJ, B0F7GYK3WM, B0CM5J8VSN, B0BTV87H23, B0DLZDBBCJ, B0DL1WFZWT, B0DRD1QJGM, B0DFWSSH1Y, B0CKRG5577, B0B5G1HN19, B0B87DV1WY, B0BV62NDT2, B0GFCD58J8, B0D251XBQN, B0BNT42GNH, B0CLV3SZ4B, B0BMWRJV77, B0DP8PR5Z6, B09T685R6B, B0F37KV4CZ, B0FS6JKQ5C, B0DJKPFRKW, B0DHS1QDPF, B0B5G3SHL8, B0DWSVKX8P, B0BRB3QVFK, B0G5Y3QRXL, B0CN6R1ZT1, B0CHR9BR6M, B0CW58WFFM, B0G3WLGQ16, B0DWMWNYGQ, B0FQBV96NS, B09C56SN11, B0GCFVWDSN, B0CHV3ZW2D, B0BD4CWT89, B0B64QJ7JD, B0DWSTNTDK, B0CCT6FL1X, B0BV5S9KL8, B0BN5B49BQ, B0DLVYG934, B0CN9FSBTD, B0B5173NQJ, B0CXDXLQ9X, B0BX883MMD, B0BTV891VF, B09Q5BS3YD, B09NXX1SV1, B0G4MB93K2, B0B87NK9B2, B0D97QT49Z, B0BVQ6YT2D, B0B8Y4QWQM, B09KGPTTSM, B0GQLZS73Q, B0BJK6BPJB, B0CWQNCMTM, B0BV5LKQ1M, B0BNK7ZHN6, B0FP48B7HZ, B0DCYGX3L3, B0CZ98YYPF, B0CT2DR79K, B0B9ZTX59N, B0CBPYWZH8, B09J8S6Q4C, B0CRTL7GMB, B0CM5MJ7FV, B0DL23LTKN, B0B87CDQCN, B0BKZMVSLR, B0BV64R658, B0FP285JCN, B0DP87PLGL, B0DBQFH7M8, B09VKVVG22, B0DLZMR57J, B0CN62MM6C, B0BJPMQZBJ, B0FSZXLD85, B0DRXLQX8X, B0BD4FDHFJ, B09Q5QZRT1, B0BMPG3WFP, B0CLCQ8NW4, B0BRSG54VB, B0B73Z22RZ, B0CKQPW1YN, B0FDQSX5XH, B0DJ1C9S5W, B0CXHZNTSY, B0CQNRPM3W, B0BQPSM9BB, B0G37HZ8BY, B0BPFBJGFY, B0BLC33TDM, B0F7GXW2Y1, B0G4MKGH2R, B0G62R5JZT, B0DLNXNRZN, B0GFWPBFXH, B0CYZWMVY1, B0BQXQG5HY, B09Y58NC6R, B0CQXDY1Z6, B0BLC443KW, B0B96QX9ZR, B0DWMDLN7Z, B0CG93MDVT, B0DRZLJKJK, B0D4PPSF5D, B0BNKD9LLK, B0B93XCSY9, B0BKRKHTLN, B0BP1VWCBJ, B0CJLBT4PP, B09X2PK9Z4, B0CM8T6R53, B0CWNXQY8B, B0987C24VL, B0FDQQWR16, B0DTHJ85ZN, B0BNK78G3J, B09DXXRTFV, B0BJJBMD3D, B09K34L2BW, B09G68L2Y6, B0F6N94BLX, B0FQC1YTV2, B0FGJ9M39R, B0FZBYPSB7, B0CT245Y9Y, B0BQPYL2GM, B09MDXZNKX, B0DLVPGGK9, B0DTHK5XKF, B0FV7YM8CP, B09K3YYL12, B0BG6W42YB, B0FRL8PCYR, B0CBS9LMD5, B0CP38BF2B, B0DLGRSFC8, B0FH6R2JFB, B0D9RN6VV5, B09ZY8VXFY, B0DWMS4N92, B09QLW4WRP, B0B3DFR9GW, B09W5GVKBQ, B0DHGB8JKJ, B0BTV7QRLL, B0GS7Q8167, B0CGQQHFSX, B0CTCQX58H, B0DQ3Y2XRM, B0CN94DWPS, B09YQVY32C, B0FP5C9LFC, B09GTHPWBQ, B0DLVVPKMT, B0CQ4WZXH7, B0DPMZV18T, B0D62THDKN, B0D2T71WYP, B0BX89K5X3, B0CTCSFRLX, B0CLN89RRL, B0CM8BFZVC, B0B96YDZPZ, B09TQFKFP7, B0CN6QPVJC, B099F5943J, B0BV5SSWYR, B0BNK7LC3H, B0F621CH9Q, B0DLVVC3F3, B0BQHCC5QS, B0DJ1CKMR9, B0C1GVH1R5, B0DB8F2SZN]",amzn1.campaign.2Q5HZYA85RPXL,🌟 Photo-Perfect Party Backdrop Kit Campaign 🌟,cocomigo,2026-04-08,2026-11-10,10.00%,5000.0,5000.0,1,800,false
"[B0D5YBPG1V, B0B4ZQDQ6Q, B0DR2CFT92, B0CJLP45K8, B0DF1XFG54, B0BGR1RQVC, B0GR9FC3T6, B0DRD4QF6C, B0BV22FSPP, B0GCH96ZJ2, B09XV9JQ9G, B0DG8WCKM4, B0B458BVWB, B0BXG56YJP, B0B8Y6HMYD, B0BV242DWL, B0CLQY7WSM, B0BV6G29Y2, B0DF7F5XMV, B0BMLDP99F, B0B5L2M74W, B09ZY7WKRQ, B0BV5QJXQC, B0BLC2DHQ5, B0CCCQN1PC, B0BHRVJ8M4, B0BJJMJF5W, B0BD4DGMVV, B0G3WNV7QM, B0F62PCBVC, B0GSVPKRN2, B0CZP52W15, B0CTCQPXW6, B0G4P791GH, B0B1L8F4JG, B0FBRX6ML4, B0DWDQP46M, B0CLN3K8Z9, B0BV5N4P2Y, B0D4M5WMYN, B0CZHJPJYQ, B0B5G4CYTS, B0FZZHRZJN, B0D2XDYCK1, B0BKQ99S3X, B09P5X2825, B0BQHKBXPH, B0GKGFSYK3, B0BV6D6QPQ, B0CXDKXS9Z, B0GQLZTSMX, B09H6HMFT1, B0BV25M73H, B0BTV6JTY9, B0BJJKY26B, B0BQ2ZB3NQ, B0BQ2X8LQ2, B09TSCZXTT, B0G41V7Z7J, B0DRFCVR4C, B0D4Q1HSBW, B0F7GXYMQ8, B0BV5LXHQ5, B0BG6WTXQ5, B0G7HG76BS, B0FN7WWJ11, B09LV8D7WS, B0F62C6H36, B0BK8PBCCD, B0DRHR3DS7, B0D4M82PYJ, B0GBTNYCKH, B0BKG3VZWB, B0CT23ZWC7, B0BV24XBFQ, B0BNN5XKDL, B0BRCHMMLM, B0DMNRQH6N, B0B5Q5JYYB, B0BKQ8TR84, B0FHPC9CSG, B0CM5P1J94, B0CS3D9CCZ, B0BQV6K6N5, B0DP2JZM8R, B0B6H3FLDV, B0DCJTRL7R, B0CR1P36KK, B0GRGX2F7X, B0C5WYTT8H, B0B8YL3QC5, B0BR58PQRY, B0CFD5V63F, B0DZMXK1RY, B0CR1R5FN2, B0BNK7NJPT, B0FZBCT51T, B0CS3BCN45, B09QLVXWML, B09P9Y2PJN, B0BV6GK2D1, B0BQ6M4MWB, B0F2HGLL6F, B0FV826JGR, B0F1MW55J6, B0BG9WRSBT, B0CF3WG1YV, B0B6TMXPSZ, B0CQ1S6JJJ, B0FX9TK877, B0BQXRYDN6, B09PHJCT7C, B0BR58LVH1, B0BQXQHLPY, B0G13RXQ8T, B0BHRWNFCQ, B0D97QHT8J, B0CTCQCS6N, B09VKS4LF2, B0DFPPFCTP, B0D4Q6XKVN, B09BN3K8J2, B0BJP5WF2P, B0BQHJNPTS, B0DNQRX2XF, B0BKZQH4BX, B0DHFTGVMF, B0DPX7NJBK, B0D14GRQBG, B0CJD79M9F, B09TQDCVGC, B0CG86WMQC, B0DJLTDYK3, B0CS3FZX2N, B0BQMH4RSS, B0FKSCH9W4, B0FP24LTYN, B0CWNWLC4H, B0CHBC42TW, B0BQPSZWL5, B0B87QZFD3, B0F4R8QXN5, B0BGR6SH3R, B0BN2QW2X6, B0DNDK12YF, B0BYTVQK2T, B09M88QXT2, B0FJRW6RX2, B0F2HHXJRY, B0BQHDMF11, B0B457L47Z, B09Q5SPLQK, B09MLGCMVP, B0G37DNMMT, B0BKRLWJC5, B0DZ2F5P4K, B0DHRZTZ5R, B0GJYN6RMK, B0BV5YSSN2, B0G5XZ97FT, B0B96SKF89, B09PHKV6FL, B0GC5M63TG, B0DP8NRFCS, B0DBQPGBCH, B0B96T1YNM, B0BR59RB2V, B09XMRJRC3, B09STJSFH7, B0C5PW792C, B0G2BPN3JC, B0B4CMC1ZH, B0BK8QTWSS, B0GQM3KW6Q, B0B6TN1PNK, B0B4D3B4YB, B0DWSPCPL2, B0CCP6VGVD, B0BNK8QNHH, B0FX2358V1, B0DWSP63YW, B09Y5SWDC6, B0F7XN5GPX, B099W4HD7Z, B0F32VY8NN, B0F7GY2ZL8, B09YQWSF6Q, B0B5G1RL62, B0F7GZ7WLV, B0D9RMG3FY, B0CGLLNB7D, B0DLK3C74R, B0BQXS61N4, B0B6TMPTX6, B0FP2NHT1R, B0CR1NDYP4, B09ST5TT4D, B0DRZ9T9QM, B0B5G1PZX4, B0DNQLP6J9, B0BV6GL2VQ, B0BKZP5TLH, B0F9NK2K79, B0F5VRLKJC, B0D842HQWB, B09TSDWQKW, B0BHL538CZ, B0FXF927SR, B0BV25XTDR, B0BNK8F9B2, B0CXX8TH1X, B0G4MG5S8J, B0DRFGZLTD, B0GK5CDGR1, B0D4Q5G2QY, B0CM5M8YRQ, B0BQTWKMDC, B0BKZLXD4B, B0FLQ9J8SF, B0BQ1RTMCS, B0CW9QVFHC, B0CM8QLDZ3, B0BKZMDPLB, B0DWMCF5BW, B0CDVWXQHR, B0GQ7GZTKK, B0C7QS7L8N, B0GDFZ3163, B0CW9SKVPW, B0F7XWPN37, B0DP2B8SLZ, B0CTCPZBSB, B0BNK8DMNM, B0GSVMY5Z1, B09X2NW2QN, B0D62TXRC1, B0CM8SDD8K, B0BMWML4YT, B0B87DYP6T, B0CS3BG81H, B0CGLN66Q8, B0B45HCF5F, B0F37K7J3Z, B0G5YGFHTQ, B0B188FZJG, B0CQJQXCGP, B0B8Y3LZ4P, B0BQVDWVG6, B0BQH9TH1K, B09PHJC89C, B0DFBSCJ5C, B0CQJVGGPG, B0FX1YSJSH, B0CKRFRJLP, B0BG6SS5BJ, B0BJJJ48PZ, B0BFW3CNP4, B0D629F7FP, B09M9JYTG5, B0DNQM8449, B0GFMY3FP5, B0GCJS5G7F, B0BGGFT35Y, B0BZ8BY35J, B0FH64BX4K, B0BVPQDFWS, B0CJR5Z66G, B0B1M22B8K, B0FMRSM8SP, B0F9P4CMJZ, B0CS3B9STH, B0BNK7S1HK, B0BYTW8Q52, B0B8Y2NM7Z, B0FG7HCP68, B0DQPKG1FH, B0FMRLTM1Q, B0CBR73BPZ, B0G38TNZXP, B0G3WR3PHH, B0BQ8WDSGS, B0BLV8F3LZ, B09XTN17R6, B0CBQ1FLHX, B0DBPSQR7X, B0DTHLNY8X, B0CKQRN7QL, B0BQXSPCBM, B09MDWV54B, B0CT2LF8NF, B0DFPZ3Y52, B0BHN839MH, B09Y5TCVLR, B0CLTRMFYN, B09NXY288M, B0F7GY19HK, B0GCFW1SP5, B09M3P6MGQ, B0BHKZZ8HB, B0DKHBHDHW, B0CHNGT4P2, B0DHC8TL1B, B0DJ6KSB23, B0CKLGHT4P, B0FP6CFX6D, B09NVL3VF3, B0CM5MFTXX, B09PHKV394, B0FYFKRRNC, B0CLCQY9X2, B0BXRMTZ78, B0DHZLZLYF, B0G4TF439T, B0BV5SDYYM, B0BNK8DQ9R, B0G4P9PLTT, B0G22ZQFM3, B0CFDMYX9P, B0BX871VNQ, B0DQ41WJ76, B0BV25YVBY, B0BG5K4LFD, B0B64WHK94, B0D9PVNFB7, B0CLCS966K, B0CYZVT4PQ, B0DWSFB1G9, B0GR43B197, B0DFXW9QTY, B0FXDZ192C, B0BRSFC3M8, B0B212DYPC, B0CZP3HGYF, B0GTQBCNR9, B0DKN2TFQ3, B0CZP2JFM9, B0DG8Y5QZG, B0BP6QC2DV, B0BFDFJT8D, B09SVY98W8, B0DD6KD7CV, B0B5G1D8R1, B0DQ3B6DP9, B0D258HKW2, B0CR3Z9YP2, B0B6TMKH54, B0G37TZT3X, B0D62TNPCS, B0CS38ZB6Z, B0DZ2CNQ4Z, B0CTCR8VNF, B0CWQLKT83, B0BN4VG7MK, B0CT27G7ZJ, B0CJ8SL2NS, B0CCCTVP3N, B09Q31WNMV, B0CDLS9ZRK, B09Y58KTXN, B0D31D84W7, B0CWNXFLTJ, B0FT1153MW, B0BN4ZBJ3T, B0CBTXG7FR, B0B6TKZRV6, B0D4PRQ7M9, B0DHKXMFLK, B0FG7M46ZQ, B0DRFFT298, B0B3QNKTPS, B0F7XSFYRS, B0G3WLJV86, B09PHJ762R, B0DLZPJL4S, B0BX8714HK, B0BNGZYGPK, B0B6B4ZJDF, B0FMRRJZ12, B098N3YXDL, B0DP8CP8LZ, B0BQ319Y2F, B0CZP48J3B, B0CR1L1966, B0DBH24L1V, B0CTCP9JM3, B0CHR9HMF9, B0BXN6MRL5, B0GBTHT45W, B09STBXN19, B0DRD3H3W2, B09PHHRJB3, B0DJKLVSMH, B0BN57QTK7, B0F37KX2WF, B0CG933GVN, B0D83XH1JQ, B0C6DWTJYG, B0BQXTL3QB, B0BYTX6SGC, B0CBTTYRV4, B0CFQC1HHD, B0BQ6NW96R, B0BKZBHNDN, B09NVJZZ6W, B0BBLY24D5, B0BQV5522Q, B0FG7NG18W, B0D13MZGZB, B0BHLMP8Q1, B0BNP9KPF9, B0DJNDLDHM, B0CKMTP3K6, B0B3DKR9CZ, B0CR1QMFX7, B0BP1TFXK6, B0DJKMMTLQ, B0BN51HVML, B0BB17TLL8, B0F6N5HXCZ, B0CCCWT7YN, B0CR4765CN, B0B3DHHK7F, B0GQ9XLF49, B0CBR7MV1W, B0BKRQH6L6, B0FNRKWGNH, B0F36F15VH, B0DP4V58T2, B0GVYQXGKN, B0BNK7DF6C, B0B87DGG1X, B0BQHHQ7D2, B0GV3K3WLN, B0G8GBTVD9, B0CG86YK3Y, B0DRF89THM, B0B64R43KL, B0D4PY2R62, B0BXW4Q5MY, B0DFW1KX1H, B0CBQ1W6TF, B0DJ6KMZZN, B0DZ2BTWF3, B0FWKC6LYH, B0GR59Q2X3, B0CKMT4NYK, B0CKRFHBSR, B0F1RRHS17, B0CLLH3NCP, B0BD4CTXNH, B0CZ8ZQ25F, B0987DRR7R, B09C57HDYB, B0DP4TG86N, B0DF1V9JBZ, B0F37FVGWR, B0BX8Q3LHF, B0BQQ196T1, B0CRRN8SZ3, B09Y57K7XB, B0CNV7YZMX, B0BMPQ9FJL, B0GLPGDCBJ, B0F7GYK3WM, B0CM5J8VSN, B0BTV87H23, B0DLZDBBCJ, B0DL1WFZWT, B0DRD1QJGM, B0DFWSSH1Y, B0CKRG5577, B0B5G1HN19, B0B87DV1WY, B0BV62NDT2, B0GFCD58J8, B0D251XBQN, B0BNT42GNH, B0CLV3SZ4B, B0BMWRJV77, B0DP8PR5Z6, B09T685R6B, B0F37KV4CZ, B0FS6JKQ5C, B0DJKPFRKW, B0DHS1QDPF, B0B5G3SHL8, B0DWSVKX8P, B0BRB3QVFK, B0G5Y3QRXL, B0CN6R1ZT1, B0CHR9BR6M, B0CW58WFFM, B0G3WLGQ16, B0DWMWNYGQ, B0FQBV96NS, B09C56SN11, B0GCFVWDSN, B0CHV3ZW2D, B0BD4CWT89, B0B64QJ7JD, B0DWSTNTDK, B0CCT6FL1X, B0BV5S9KL8, B0BN5B49BQ, B0DLVYG934, B0CN9FSBTD, B0B5173NQJ, B0CXDXLQ9X, B0BX883MMD, B0BTV891VF, B09Q5BS3YD, B09NXX1SV1, B0G4MB93K2, B0B87NK9B2, B0D97QT49Z, B0BVQ6YT2D, B0B8Y4QWQM, B09KGPTTSM, B0GQLZS73Q, B0BJK6BPJB, B0CWQNCMTM, B0BV5LKQ1M, B0BNK7ZHN6, B0FP48B7HZ, B0DCYGX3L3, B0CZ98YYPF, B0CT2DR79K, B0B9ZTX59N, B0CBPYWZH8, B09J8S6Q4C, B0CRTL7GMB, B0CM5MJ7FV, B0DL23LTKN, B0B87CDQCN, B0BKZMVSLR, B0BV64R658, B0FP285JCN, B0DP87PLGL, B0DBQFH7M8, B09VKVVG22, B0DLZMR57J, B0CN62MM6C, B0BJPMQZBJ, B0FSZXLD85, B0DRXLQX8X, B0BD4FDHFJ, B09Q5QZRT1, B0BMPG3WFP, B0CLCQ8NW4, B0BRSG54VB, B0B73Z22RZ, B0CKQPW1YN, B0FDQSX5XH, B0DJ1C9S5W, B0CXHZNTSY, B0CQNRPM3W, B0BQPSM9BB, B0G37HZ8BY, B0BPFBJGFY, B0BLC33TDM, B0F7GXW2Y1, B0G4MKGH2R, B0G62R5JZT, B0DLNXNRZN, B0GFWPBFXH, B0CYZWMVY1, B0BQXQG5HY, B09Y58NC6R, B0CQXDY1Z6, B0BLC443KW, B0B96QX9ZR, B0DWMDLN7Z, B0CG93MDVT, B0DRZLJKJK, B0D4PPSF5D, B0BNKD9LLK, B0B93XCSY9, B0BKRKHTLN, B0BP1VWCBJ, B0CJLBT4PP, B09X2PK9Z4, B0CM8T6R53, B0CWNXQY8B, B0987C24VL, B0FDQQWR16, B0DTHJ85ZN, B0BNK78G3J, B09DXXRTFV, B0BJJBMD3D, B09K34L2BW, B09G68L2Y6, B0F6N94BLX, B0FQC1YTV2, B0FGJ9M39R, B0FZBYPSB7, B0CT245Y9Y, B0BQPYL2GM, B09MDXZNKX, B0DLVPGGK9, B0DTHK5XKF, B0FV7YM8CP, B09K3YYL12, B0BG6W42YB, B0FRL8PCYR, B0CBS9LMD5, B0CP38BF2B, B0DLGRSFC8, B0FH6R2JFB, B0D9RN6VV5, B09ZY8VXFY, B0DWMS4N92, B09QLW4WRP, B0B3DFR9GW, B09W5GVKBQ, B0DHGB8JKJ, B0BTV7QRLL, B0GS7Q8167, B0CGQQHFSX, B0CTCQX58H, B0DQ3Y2XRM, B0CN94DWPS, B09YQVY32C, B0FP5C9LFC, B09GTHPWBQ, B0DLVVPKMT, B0CQ4WZXH7, B0DPMZV18T, B0D62THDKN, B0D2T71WYP, B0BX89K5X3, B0CTCSFRLX, B0CLN89RRL, B0CM8BFZVC, B0B96YDZPZ, B09TQFKFP7, B0CN6QPVJC, B099F5943J, B0BV5SSWYR, B0BNK7LC3H, B0F621CH9Q, B0DLVVC3F3, B0BQHCC5QS, B0DJ1CKMR9, B0C1GVH1R5, B0DB8F2SZN]",amzn1.campaign.23A4ICEFSM11O,🎈 Confetti Celebration Explosion Kit Campaign 🎈,cocomigo,2026-04-08,2026-10-20,10.00%,5000.0,5000.0,3,800,false
"[B0D5YBPG1V, B0B4ZQDQ6Q, B0DR2CFT92, B0CJLP45K8, B0DF1XFG54, B0BGR1RQVC, B0GR9FC3T6, B0DRD4QF6C, B0BV22FSPP, B0GCH96ZJ2, B09XV9JQ9G, B0DG8WCKM4, B0B458BVWB, B0BXG56YJP, B0B8Y6HMYD, B0BV242DWL, B0CLQY7WSM, B0BV6G29Y2, B0DF7F5XMV, B0BMLDP99F, B0B5L2M74W, B09ZY7WKRQ, B0BV5QJXQC, B0BLC2DHQ5, B0CCCQN1PC, B0BHRVJ8M4, B0BJJMJF5W, B0BD4DGMVV, B0G3WNV7QM, B0F62PCBVC, B0GSVPKRN2, B0CZP52W15, B0CTCQPXW6, B0G4P791GH, B0B1L8F4JG, B0FBRX6ML4, B0DWDQP46M, B0CLN3K8Z9, B0BV5N4P2Y, B0D4M5WMYN, B0CZHJPJYQ, B0B5G4CYTS, B0FZZHRZJN, B0D2XDYCK1, B0BKQ99S3X, B09P5X2825, B0BQHKBXPH, B0GKGFSYK3, B0BV6D6QPQ, B0CXDKXS9Z, B0GQLZTSMX, B09H6HMFT1, B0BV25M73H, B0BTV6JTY9, B0BJJKY26B, B0BQ2ZB3NQ, B0BQ2X8LQ2, B09TSCZXTT, B0G41V7Z7J, B0DRFCVR4C, B0D4Q1HSBW, B0F7GXYMQ8, B0BV5LXHQ5, B0BG6WTXQ5, B0G7HG76BS, B0FN7WWJ11, B09LV8D7WS, B0F62C6H36, B0BK8PBCCD, B0DRHR3DS7, B0D4M82PYJ, B0GBTNYCKH, B0BKG3VZWB, B0CT23ZWC7, B0BV24XBFQ, B0BNN5XKDL, B0BRCHMMLM, B0DMNRQH6N, B0B5Q5JYYB, B0BKQ8TR84, B0FHPC9CSG, B0CM5P1J94, B0CS3D9CCZ, B0BQV6K6N5, B0DP2JZM8R, B0B6H3FLDV, B0DCJTRL7R, B0CR1P36KK, B0GRGX2F7X, B0C5WYTT8H, B0B8YL3QC5, B0BR58PQRY, B0CFD5V63F, B0DZMXK1RY, B0CR1R5FN2, B0BNK7NJPT, B0FZBCT51T, B0CS3BCN45, B09QLVXWML, B09P9Y2PJN, B0BV6GK2D1, B0BQ6M4MWB, B0F2HGLL6F, B0FV826JGR, B0F1MW55J6, B0BG9WRSBT, B0CF3WG1YV, B0B6TMXPSZ, B0CQ1S6JJJ, B0FX9TK877, B0BQXRYDN6, B09PHJCT7C, B0BR58LVH1, B0BQXQHLPY, B0G13RXQ8T, B0BHRWNFCQ, B0D97QHT8J, B0CTCQCS6N, B09VKS4LF2, B0DFPPFCTP, B0D4Q6XKVN, B09BN3K8J2, B0BJP5WF2P, B0BQHJNPTS, B0DNQRX2XF, B0BKZQH4BX, B0DHFTGVMF, B0DPX7NJBK, B0D14GRQBG, B0CJD79M9F, B09TQDCVGC, B0CG86WMQC, B0DJLTDYK3, B0CS3FZX2N, B0BQMH4RSS, B0FKSCH9W4, B0FP24LTYN, B0CWNWLC4H, B0CHBC42TW, B0BQPSZWL5, B0B87QZFD3, B0F4R8QXN5, B0BGR6SH3R, B0BN2QW2X6, B0DNDK12YF, B0BYTVQK2T, B09M88QXT2, B0FJRW6RX2, B0F2HHXJRY, B0BQHDMF11, B0B457L47Z, B09Q5SPLQK, B09MLGCMVP, B0G37DNMMT, B0BKRLWJC5, B0DZ2F5P4K, B0DHRZTZ5R, B0GJYN6RMK, B0BV5YSSN2, B0G5XZ97FT, B0B96SKF89, B09PHKV6FL, B0GC5M63TG, B0DP8NRFCS, B0DBQPGBCH, B0B96T1YNM, B0BR59RB2V, B09XMRJRC3, B09STJSFH7, B0C5PW792C, B0G2BPN3JC, B0B4CMC1ZH, B0BK8QTWSS, B0GQM3KW6Q, B0B6TN1PNK, B0B4D3B4YB, B0DWSPCPL2, B0CCP6VGVD, B0BNK8QNHH, B0FX2358V1, B0DWSP63YW, B09Y5SWDC6, B0F7XN5GPX, B099W4HD7Z, B0F32VY8NN, B0F7GY2ZL8, B09YQWSF6Q, B0B5G1RL62, B0F7GZ7WLV, B0D9RMG3FY, B0CGLLNB7D, B0DLK3C74R, B0BQXS61N4, B0B6TMPTX6, B0FP2NHT1R, B0CR1NDYP4, B09ST5TT4D, B0DRZ9T9QM, B0B5G1PZX4, B0DNQLP6J9, B0BV6GL2VQ, B0BKZP5TLH, B0F9NK2K79, B0F5VRLKJC, B0D842HQWB, B09TSDWQKW, B0BHL538CZ, B0FXF927SR, B0BV25XTDR, B0BNK8F9B2, B0CXX8TH1X, B0G4MG5S8J, B0DRFGZLTD, B0GK5CDGR1, B0D4Q5G2QY, B0CM5M8YRQ, B0BQTWKMDC, B0BKZLXD4B, B0FLQ9J8SF, B0BQ1RTMCS, B0CW9QVFHC, B0CM8QLDZ3, B0BKZMDPLB, B0DWMCF5BW, B0CDVWXQHR, B0GQ7GZTKK, B0C7QS7L8N, B0GDFZ3163, B0CW9SKVPW, B0F7XWPN37, B0DP2B8SLZ, B0CTCPZBSB, B0BNK8DMNM, B0GSVMY5Z1, B09X2NW2QN, B0D62TXRC1, B0CM8SDD8K, B0BMWML4YT, B0B87DYP6T, B0CS3BG81H, B0CGLN66Q8, B0B45HCF5F, B0F37K7J3Z, B0G5YGFHTQ, B0B188FZJG, B0CQJQXCGP, B0B8Y3LZ4P, B0BQVDWVG6, B0BQH9TH1K, B09PHJC89C, B0DFBSCJ5C, B0CQJVGGPG, B0FX1YSJSH, B0CKRFRJLP, B0BG6SS5BJ, B0BJJJ48PZ, B0BFW3CNP4, B0D629F7FP, B09M9JYTG5, B0DNQM8449, B0GFMY3FP5, B0GCJS5G7F, B0BGGFT35Y, B0BZ8BY35J, B0FH64BX4K, B0BVPQDFWS, B0CJR5Z66G, B0B1M22B8K, B0FMRSM8SP, B0F9P4CMJZ, B0CS3B9STH, B0BNK7S1HK, B0BYTW8Q52, B0B8Y2NM7Z, B0FG7HCP68, B0DQPKG1FH, B0FMRLTM1Q, B0CBR73BPZ, B0G38TNZXP, B0G3WR3PHH, B0BQ8WDSGS, B0BLV8F3LZ, B09XTN17R6, B0CBQ1FLHX, B0DBPSQR7X, B0DTHLNY8X, B0CKQRN7QL, B0BQXSPCBM, B09MDWV54B, B0CT2LF8NF, B0DFPZ3Y52, B0BHN839MH, B09Y5TCVLR, B0CLTRMFYN, B09NXY288M, B0F7GY19HK, B0GCFW1SP5, B09M3P6MGQ, B0BHKZZ8HB, B0DKHBHDHW, B0CHNGT4P2, B0DHC8TL1B, B0DJ6KSB23, B0CKLGHT4P, B0FP6CFX6D, B09NVL3VF3, B0CM5MFTXX, B09PHKV394, B0FYFKRRNC, B0CLCQY9X2, B0BXRMTZ78, B0DHZLZLYF, B0G4TF439T, B0BV5SDYYM, B0BNK8DQ9R, B0G4P9PLTT, B0G22ZQFM3, B0CFDMYX9P, B0BX871VNQ, B0DQ41WJ76, B0BV25YVBY, B0BG5K4LFD, B0B64WHK94, B0D9PVNFB7, B0CLCS966K, B0CYZVT4PQ, B0DWSFB1G9, B0GR43B197, B0DFXW9QTY, B0FXDZ192C, B0BRSFC3M8, B0B212DYPC, B0CZP3HGYF, B0GTQBCNR9, B0DKN2TFQ3, B0CZP2JFM9, B0DG8Y5QZG, B0BP6QC2DV, B0BFDFJT8D, B09SVY98W8, B0DD6KD7CV, B0B5G1D8R1, B0DQ3B6DP9, B0D258HKW2, B0CR3Z9YP2, B0B6TMKH54, B0G37TZT3X, B0D62TNPCS, B0CS38ZB6Z, B0DZ2CNQ4Z, B0CTCR8VNF, B0CWQLKT83, B0BN4VG7MK, B0CT27G7ZJ, B0CJ8SL2NS, B0CCCTVP3N, B09Q31WNMV, B0CDLS9ZRK, B09Y58KTXN, B0D31D84W7, B0CWNXFLTJ, B0FT1153MW, B0BN4ZBJ3T, B0CBTXG7FR, B0B6TKZRV6, B0D4PRQ7M9, B0DHKXMFLK, B0FG7M46ZQ, B0DRFFT298, B0B3QNKTPS, B0F7XSFYRS, B0G3WLJV86, B09PHJ762R, B0DLZPJL4S, B0BX8714HK, B0BNGZYGPK, B0B6B4ZJDF, B0FMRRJZ12, B098N3YXDL, B0DP8CP8LZ, B0BQ319Y2F, B0CZP48J3B, B0CR1L1966, B0DBH24L1V, B0CTCP9JM3, B0CHR9HMF9, B0BXN6MRL5, B0GBTHT45W, B09STBXN19, B0DRD3H3W2, B09PHHRJB3, B0DJKLVSMH, B0BN57QTK7, B0F37KX2WF, B0CG933GVN, B0D83XH1JQ, B0C6DWTJYG, B0BQXTL3QB, B0BYTX6SGC, B0CBTTYRV4, B0CFQC1HHD, B0BQ6NW96R, B0BKZBHNDN, B09NVJZZ6W, B0BBLY24D5, B0BQV5522Q, B0FG7NG18W, B0D13MZGZB, B0BHLMP8Q1, B0BNP9KPF9, B0DJNDLDHM, B0CKMTP3K6, B0B3DKR9CZ, B0CR1QMFX7, B0BP1TFXK6, B0DJKMMTLQ, B0BN51HVML, B0BB17TLL8, B0F6N5HXCZ, B0CCCWT7YN, B0CR4765CN, B0B3DHHK7F, B0GQ9XLF49, B0CBR7MV1W, B0BKRQH6L6, B0FNRKWGNH, B0F36F15VH, B0DP4V58T2, B0GVYQXGKN, B0BNK7DF6C, B0B87DGG1X, B0BQHHQ7D2, B0GV3K3WLN, B0G8GBTVD9, B0CG86YK3Y, B0DRF89THM, B0B64R43KL, B0D4PY2R62, B0BXW4Q5MY, B0DFW1KX1H, B0CBQ1W6TF, B0DJ6KMZZN, B0DZ2BTWF3, B0FWKC6LYH, B0GR59Q2X3, B0CKMT4NYK, B0CKRFHBSR, B0F1RRHS17, B0CLLH3NCP, B0BD4CTXNH, B0CZ8ZQ25F, B0987DRR7R, B09C57HDYB, B0DP4TG86N, B0DF1V9JBZ, B0F37FVGWR, B0BX8Q3LHF, B0BQQ196T1, B0CRRN8SZ3, B09Y57K7XB, B0CNV7YZMX, B0BMPQ9FJL, B0GLPGDCBJ, B0F7GYK3WM, B0CM5J8VSN, B0BTV87H23, B0DLZDBBCJ, B0DL1WFZWT, B0DRD1QJGM, B0DFWSSH1Y, B0CKRG5577, B0B5G1HN19, B0B87DV1WY, B0BV62NDT2, B0GFCD58J8, B0D251XBQN, B0BNT42GNH, B0CLV3SZ4B, B0BMWRJV77, B0DP8PR5Z6, B09T685R6B, B0F37KV4CZ, B0FS6JKQ5C, B0DJKPFRKW, B0DHS1QDPF, B0B5G3SHL8, B0DWSVKX8P, B0BRB3QVFK, B0G5Y3QRXL, B0CN6R1ZT1, B0CHR9BR6M, B0CW58WFFM, B0G3WLGQ16, B0DWMWNYGQ, B0FQBV96NS, B09C56SN11, B0GCFVWDSN, B0CHV3ZW2D, B0BD4CWT89, B0B64QJ7JD, B0DWSTNTDK, B0CCT6FL1X, B0BV5S9KL8, B0BN5B49BQ, B0DLVYG934, B0CN9FSBTD, B0B5173NQJ, B0CXDXLQ9X, B0BX883MMD, B0BTV891VF, B09Q5BS3YD, B09NXX1SV1, B0G4MB93K2, B0B87NK9B2, B0D97QT49Z, B0BVQ6YT2D, B0B8Y4QWQM, B09KGPTTSM, B0GQLZS73Q, B0BJK6BPJB, B0CWQNCMTM, B0BV5LKQ1M, B0BNK7ZHN6, B0FP48B7HZ, B0DCYGX3L3, B0CZ98YYPF, B0CT2DR79K, B0B9ZTX59N, B0CBPYWZH8, B09J8S6Q4C, B0CRTL7GMB, B0CM5MJ7FV, B0DL23LTKN, B0B87CDQCN, B0BKZMVSLR, B0BV64R658, B0FP285JCN, B0DP87PLGL, B0DBQFH7M8, B09VKVVG22, B0DLZMR57J, B0CN62MM6C, B0BJPMQZBJ, B0FSZXLD85, B0DRXLQX8X, B0BD4FDHFJ, B09Q5QZRT1, B0BMPG3WFP, B0CLCQ8NW4, B0BRSG54VB, B0B73Z22RZ, B0CKQPW1YN, B0FDQSX5XH, B0DJ1C9S5W, B0CXHZNTSY, B0CQNRPM3W, B0BQPSM9BB, B0G37HZ8BY, B0BPFBJGFY, B0BLC33TDM, B0F7GXW2Y1, B0G4MKGH2R, B0G62R5JZT, B0DLNXNRZN, B0GFWPBFXH, B0CYZWMVY1, B0BQXQG5HY, B09Y58NC6R, B0CQXDY1Z6, B0BLC443KW, B0B96QX9ZR, B0DWMDLN7Z, B0CG93MDVT, B0DRZLJKJK, B0D4PPSF5D, B0BNKD9LLK, B0B93XCSY9, B0BKRKHTLN, B0BP1VWCBJ, B0CJLBT4PP, B09X2PK9Z4, B0CM8T6R53, B0CWNXQY8B, B0987C24VL, B0FDQQWR16, B0DTHJ85ZN, B0BNK78G3J, B09DXXRTFV, B0BJJBMD3D, B09K34L2BW, B09G68L2Y6, B0F6N94BLX, B0FQC1YTV2, B0FGJ9M39R, B0FZBYPSB7, B0CT245Y9Y, B0BQPYL2GM, B09MDXZNKX, B0DLVPGGK9, B0DTHK5XKF, B0FV7YM8CP, B09K3YYL12, B0BG6W42YB, B0FRL8PCYR, B0CBS9LMD5, B0CP38BF2B, B0DLGRSFC8, B0FH6R2JFB, B0D9RN6VV5, B09ZY8VXFY, B0DWMS4N92, B09QLW4WRP, B0B3DFR9GW, B09W5GVKBQ, B0DHGB8JKJ, B0BTV7QRLL, B0GS7Q8167, B0CGQQHFSX, B0CTCQX58H, B0DQ3Y2XRM, B0CN94DWPS, B09YQVY32C, B0FP5C9LFC, B09GTHPWBQ, B0DLVVPKMT, B0CQ4WZXH7, B0DPMZV18T, B0D62THDKN, B0D2T71WYP, B0BX89K5X3, B0CTCSFRLX, B0CLN89RRL, B0CM8BFZVC, B0B96YDZPZ, B09TQFKFP7, B0CN6QPVJC, B099F5943J, B0BV5SSWYR, B0BNK7LC3H, B0F621CH9Q, B0DLVVC3F3, B0BQHCC5QS, B0DJ1CKMR9, B0C1GVH1R5, B0DB8F2SZN]",amzn1.campaign.3JWX8BRRDRMRG,💖 Elegant Glam Table One-Box Kit Campaign 💖,cocomigo,2026-04-08,2027-01-28,10.00%,5000.0,5000.0,2,800,false
"[B0D5YBPG1V, B0B4ZQDQ6Q, B0DR2CFT92, B0CJLP45K8, B0DF1XFG54, B0BGR1RQVC, B0GR9FC3T6, B0DRD4QF6C, B0BV22FSPP, B0GCH96ZJ2, B09XV9JQ9G, B0DG8WCKM4, B0B458BVWB, B0BXG56YJP, B0B8Y6HMYD, B0BV242DWL, B0CLQY7WSM, B0BV6G29Y2, B0DF7F5XMV, B0BMLDP99F, B0B5L2M74W, B09ZY7WKRQ, B0BV5QJXQC, B0BLC2DHQ5, B0CCCQN1PC, B0BHRVJ8M4, B0BJJMJF5W, B0BD4DGMVV, B0G3WNV7QM, B0F62PCBVC, B0GSVPKRN2, B0CZP52W15, B0CTCQPXW6, B0G4P791GH, B0B1L8F4JG, B0FBRX6ML4, B0DWDQP46M, B0CLN3K8Z9, B0BV5N4P2Y, B0D4M5WMYN, B0CZHJPJYQ, B0B5G4CYTS, B0FZZHRZJN, B0D2XDYCK1, B0BKQ99S3X, B09P5X2825, B0BQHKBXPH, B0GKGFSYK3, B0BV6D6QPQ, B0CXDKXS9Z, B0GQLZTSMX, B09H6HMFT1, B0BV25M73H, B0BTV6JTY9, B0BJJKY26B, B0BQ2ZB3NQ, B0BQ2X8LQ2, B09TSCZXTT, B0G41V7Z7J, B0DRFCVR4C, B0D4Q1HSBW, B0F7GXYMQ8, B0BV5LXHQ5, B0BG6WTXQ5, B0G7HG76BS, B0FN7WWJ11, B09LV8D7WS, B0F62C6H36, B0BK8PBCCD, B0DRHR3DS7, B0D4M82PYJ, B0GBTNYCKH, B0BKG3VZWB, B0CT23ZWC7, B0BV24XBFQ, B0BNN5XKDL, B0BRCHMMLM, B0DMNRQH6N, B0B5Q5JYYB, B0BKQ8TR84, B0FHPC9CSG, B0CM5P1J94, B0CS3D9CCZ, B0BQV6K6N5, B0DP2JZM8R, B0B6H3FLDV, B0DCJTRL7R, B0CR1P36KK, B0GRGX2F7X, B0C5WYTT8H, B0B8YL3QC5, B0BR58PQRY, B0CFD5V63F, B0DZMXK1RY, B0CR1R5FN2, B0BNK7NJPT, B0FZBCT51T, B0CS3BCN45, B09QLVXWML, B09P9Y2PJN, B0BV6GK2D1, B0BQ6M4MWB, B0F2HGLL6F, B0FV826JGR, B0F1MW55J6, B0BG9WRSBT, B0CF3WG1YV, B0B6TMXPSZ, B0CQ1S6JJJ, B0FX9TK877, B0BQXRYDN6, B09PHJCT7C, B0BR58LVH1, B0BQXQHLPY, B0G13RXQ8T, B0BHRWNFCQ, B0D97QHT8J, B0CTCQCS6N, B09VKS4LF2, B0DFPPFCTP, B0D4Q6XKVN, B09BN3K8J2, B0BJP5WF2P, B0BQHJNPTS, B0DNQRX2XF, B0BKZQH4BX, B0DHFTGVMF, B0DPX7NJBK, B0D14GRQBG, B0CJD79M9F, B09TQDCVGC, B0CG86WMQC, B0DJLTDYK3, B0CS3FZX2N, B0BQMH4RSS, B0FKSCH9W4, B0FP24LTYN, B0CWNWLC4H, B0CHBC42TW, B0BQPSZWL5, B0B87QZFD3, B0F4R8QXN5, B0BGR6SH3R, B0BN2QW2X6, B0DNDK12YF, B0BYTVQK2T, B09M88QXT2, B0FJRW6RX2, B0F2HHXJRY, B0BQHDMF11, B0B457L47Z, B09Q5SPLQK, B09MLGCMVP, B0G37DNMMT, B0BKRLWJC5, B0DZ2F5P4K, B0DHRZTZ5R, B0GJYN6RMK, B0BV5YSSN2, B0G5XZ97FT, B0B96SKF89, B09PHKV6FL, B0GC5M63TG, B0DP8NRFCS, B0DBQPGBCH, B0B96T1YNM, B0BR59RB2V, B09XMRJRC3, B09STJSFH7, B0C5PW792C, B0G2BPN3JC, B0B4CMC1ZH, B0BK8QTWSS, B0GQM3KW6Q, B0B6TN1PNK, B0B4D3B4YB, B0DWSPCPL2, B0CCP6VGVD, B0BNK8QNHH, B0FX2358V1, B0DWSP63YW, B09Y5SWDC6, B0F7XN5GPX, B099W4HD7Z, B0F32VY8NN, B0F7GY2ZL8, B09YQWSF6Q, B0B5G1RL62, B0F7GZ7WLV, B0D9RMG3FY, B0CGLLNB7D, B0DLK3C74R, B0BQXS61N4, B0B6TMPTX6, B0FP2NHT1R, B0CR1NDYP4, B09ST5TT4D, B0DRZ9T9QM, B0B5G1PZX4, B0DNQLP6J9, B0BV6GL2VQ, B0BKZP5TLH, B0F9NK2K79, B0F5VRLKJC, B0D842HQWB, B09TSDWQKW, B0BHL538CZ, B0FXF927SR, B0BV25XTDR, B0BNK8F9B2, B0CXX8TH1X, B0G4MG5S8J, B0DRFGZLTD, B0GK5CDGR1, B0D4Q5G2QY, B0CM5M8YRQ, B0BQTWKMDC, B0BKZLXD4B, B0FLQ9J8SF, B0BQ1RTMCS, B0CW9QVFHC, B0CM8QLDZ3, B0BKZMDPLB, B0DWMCF5BW, B0CDVWXQHR, B0GQ7GZTKK, B0C7QS7L8N, B0GDFZ3163, B0CW9SKVPW, B0F7XWPN37, B0DP2B8SLZ, B0CTCPZBSB, B0BNK8DMNM, B0GSVMY5Z1, B09X2NW2QN, B0D62TXRC1, B0CM8SDD8K, B0BMWML4YT, B0B87DYP6T, B0CS3BG81H, B0CGLN66Q8, B0B45HCF5F, B0F37K7J3Z, B0G5YGFHTQ, B0B188FZJG, B0CQJQXCGP, B0B8Y3LZ4P, B0BQVDWVG6, B0BQH9TH1K, B09PHJC89C, B0DFBSCJ5C, B0CQJVGGPG, B0FX1YSJSH, B0CKRFRJLP, B0BG6SS5BJ, B0BJJJ48PZ, B0BFW3CNP4, B0D629F7FP, B09M9JYTG5, B0DNQM8449, B0GFMY3FP5, B0GCJS5G7F, B0BGGFT35Y, B0BZ8BY35J, B0FH64BX4K, B0BVPQDFWS, B0CJR5Z66G, B0B1M22B8K, B0FMRSM8SP, B0F9P4CMJZ, B0CS3B9STH, B0BNK7S1HK, B0BYTW8Q52, B0B8Y2NM7Z, B0FG7HCP68, B0DQPKG1FH, B0FMRLTM1Q, B0CBR73BPZ, B0G38TNZXP, B0G3WR3PHH, B0BQ8WDSGS, B0BLV8F3LZ, B09XTN17R6, B0CBQ1FLHX, B0DBPSQR7X, B0DTHLNY8X, B0CKQRN7QL, B0BQXSPCBM, B09MDWV54B, B0CT2LF8NF, B0DFPZ3Y52, B0BHN839MH, B09Y5TCVLR, B0CLTRMFYN, B09NXY288M, B0F7GY19HK, B0GCFW1SP5, B09M3P6MGQ, B0BHKZZ8HB, B0DKHBHDHW, B0CHNGT4P2, B0DHC8TL1B, B0DJ6KSB23, B0CKLGHT4P, B0FP6CFX6D, B09NVL3VF3, B0CM5MFTXX, B09PHKV394, B0FYFKRRNC, B0CLCQY9X2, B0BXRMTZ78, B0DHZLZLYF, B0G4TF439T, B0BV5SDYYM, B0BNK8DQ9R, B0G4P9PLTT, B0G22ZQFM3, B0CFDMYX9P, B0BX871VNQ, B0DQ41WJ76, B0BV25YVBY, B0BG5K4LFD, B0B64WHK94, B0D9PVNFB7, B0CLCS966K, B0CYZVT4PQ, B0DWSFB1G9, B0GR43B197, B0DFXW9QTY, B0FXDZ192C, B0BRSFC3M8, B0B212DYPC, B0CZP3HGYF, B0GTQBCNR9, B0DKN2TFQ3, B0CZP2JFM9, B0DG8Y5QZG, B0BP6QC2DV, B0BFDFJT8D, B09SVY98W8, B0DD6KD7CV, B0B5G1D8R1, B0DQ3B6DP9, B0D258HKW2, B0CR3Z9YP2, B0B6TMKH54, B0G37TZT3X, B0D62TNPCS, B0CS38ZB6Z, B0DZ2CNQ4Z, B0CTCR8VNF, B0CWQLKT83, B0BN4VG7MK, B0CT27G7ZJ, B0CJ8SL2NS, B0CCCTVP3N, B09Q31WNMV, B0CDLS9ZRK, B09Y58KTXN, B0D31D84W7, B0CWNXFLTJ, B0FT1153MW, B0BN4ZBJ3T, B0CBTXG7FR, B0B6TKZRV6, B0D4PRQ7M9, B0DHKXMFLK, B0FG7M46ZQ, B0DRFFT298, B0B3QNKTPS, B0F7XSFYRS, B0G3WLJV86, B09PHJ762R, B0DLZPJL4S, B0BX8714HK, B0BNGZYGPK, B0B6B4ZJDF, B0FMRRJZ12, B098N3YXDL, B0DP8CP8LZ, B0BQ319Y2F, B0CZP48J3B, B0CR1L1966, B0DBH24L1V, B0CTCP9JM3, B0CHR9HMF9, B0BXN6MRL5, B0GBTHT45W, B09STBXN19, B0DRD3H3W2, B09PHHRJB3, B0DJKLVSMH, B0BN57QTK7, B0F37KX2WF, B0CG933GVN, B0D83XH1JQ, B0C6DWTJYG, B0BQXTL3QB, B0BYTX6SGC, B0CBTTYRV4, B0CFQC1HHD, B0BQ6NW96R, B0BKZBHNDN, B09NVJZZ6W, B0BBLY24D5, B0BQV5522Q, B0FG7NG18W, B0D13MZGZB, B0BHLMP8Q1, B0BNP9KPF9, B0DJNDLDHM, B0CKMTP3K6, B0B3DKR9CZ, B0CR1QMFX7, B0BP1TFXK6, B0DJKMMTLQ, B0BN51HVML, B0BB17TLL8, B0F6N5HXCZ, B0CCCWT7YN, B0CR4765CN, B0B3DHHK7F, B0GQ9XLF49, B0CBR7MV1W, B0BKRQH6L6, B0FNRKWGNH, B0F36F15VH, B0DP4V58T2, B0GVYQXGKN, B0BNK7DF6C, B0B87DGG1X, B0BQHHQ7D2, B0GV3K3WLN, B0G8GBTVD9, B0CG86YK3Y, B0DRF89THM, B0B64R43KL, B0D4PY2R62, B0BXW4Q5MY, B0DFW1KX1H, B0CBQ1W6TF, B0DJ6KMZZN, B0DZ2BTWF3, B0FWKC6LYH, B0GR59Q2X3, B0CKMT4NYK, B0CKRFHBSR, B0F1RRHS17, B0CLLH3NCP, B0BD4CTXNH, B0CZ8ZQ25F, B0987DRR7R, B09C57HDYB, B0DP4TG86N, B0DF1V9JBZ, B0F37FVGWR, B0BX8Q3LHF, B0BQQ196T1, B0CRRN8SZ3, B09Y57K7XB, B0CNV7YZMX, B0BMPQ9FJL, B0GLPGDCBJ, B0F7GYK3WM, B0CM5J8VSN, B0BTV87H23, B0DLZDBBCJ, B0DL1WFZWT, B0DRD1QJGM, B0DFWSSH1Y, B0CKRG5577, B0B5G1HN19, B0B87DV1WY, B0BV62NDT2, B0GFCD58J8, B0D251XBQN, B0BNT42GNH, B0CLV3SZ4B, B0BMWRJV77, B0DP8PR5Z6, B09T685R6B, B0F37KV4CZ, B0FS6JKQ5C, B0DJKPFRKW, B0DHS1QDPF, B0B5G3SHL8, B0DWSVKX8P, B0BRB3QVFK, B0G5Y3QRXL, B0CN6R1ZT1, B0CHR9BR6M, B0CW58WFFM, B0G3WLGQ16, B0DWMWNYGQ, B0FQBV96NS, B09C56SN11, B0GCFVWDSN, B0CHV3ZW2D, B0BD4CWT89, B0B64QJ7JD, B0DWSTNTDK, B0CCT6FL1X, B0BV5S9KL8, B0BN5B49BQ, B0DLVYG934, B0CN9FSBTD, B0B5173NQJ, B0CXDXLQ9X, B0BX883MMD, B0BTV891VF, B09Q5BS3YD, B09NXX1SV1, B0G4MB93K2, B0B87NK9B2, B0D97QT49Z, B0BVQ6YT2D, B0B8Y4QWQM, B09KGPTTSM, B0GQLZS73Q, B0BJK6BPJB, B0CWQNCMTM, B0BV5LKQ1M, B0BNK7ZHN6, B0FP48B7HZ, B0DCYGX3L3, B0CZ98YYPF, B0CT2DR79K, B0B9ZTX59N, B0CBPYWZH8, B09J8S6Q4C, B0CRTL7GMB, B0CM5MJ7FV, B0DL23LTKN, B0B87CDQCN, B0BKZMVSLR, B0BV64R658, B0FP285JCN, B0DP87PLGL, B0DBQFH7M8, B09VKVVG22, B0DLZMR57J, B0CN62MM6C, B0BJPMQZBJ, B0FSZXLD85, B0DRXLQX8X, B0BD4FDHFJ, B09Q5QZRT1, B0BMPG3WFP, B0CLCQ8NW4, B0BRSG54VB, B0B73Z22RZ, B0CKQPW1YN, B0FDQSX5XH, B0DJ1C9S5W, B0CXHZNTSY, B0CQNRPM3W, B0BQPSM9BB, B0G37HZ8BY, B0BPFBJGFY, B0BLC33TDM, B0F7GXW2Y1, B0G4MKGH2R, B0G62R5JZT, B0DLNXNRZN, B0GFWPBFXH, B0CYZWMVY1, B0BQXQG5HY, B09Y58NC6R, B0CQXDY1Z6, B0BLC443KW, B0B96QX9ZR, B0DWMDLN7Z, B0CG93MDVT, B0DRZLJKJK, B0D4PPSF5D, B0BNKD9LLK, B0B93XCSY9, B0BKRKHTLN, B0BP1VWCBJ, B0CJLBT4PP, B09X2PK9Z4, B0CM8T6R53, B0CWNXQY8B, B0987C24VL, B0FDQQWR16, B0DTHJ85ZN, B0BNK78G3J, B09DXXRTFV, B0BJJBMD3D, B09K34L2BW, B09G68L2Y6, B0F6N94BLX, B0FQC1YTV2, B0FGJ9M39R, B0FZBYPSB7, B0CT245Y9Y, B0BQPYL2GM, B09MDXZNKX, B0DLVPGGK9, B0DTHK5XKF, B0FV7YM8CP, B09K3YYL12, B0BG6W42YB, B0FRL8PCYR, B0CBS9LMD5, B0CP38BF2B, B0DLGRSFC8, B0FH6R2JFB, B0D9RN6VV5, B09ZY8VXFY, B0DWMS4N92, B09QLW4WRP, B0B3DFR9GW, B09W5GVKBQ, B0DHGB8JKJ, B0BTV7QRLL, B0GS7Q8167, B0CGQQHFSX, B0CTCQX58H, B0DQ3Y2XRM, B0CN94DWPS, B09YQVY32C, B0FP5C9LFC, B09GTHPWBQ, B0DLVVPKMT, B0CQ4WZXH7, B0DPMZV18T, B0D62THDKN, B0D2T71WYP, B0BX89K5X3, B0CTCSFRLX, B0CLN89RRL, B0CM8BFZVC, B0B96YDZPZ, B09TQFKFP7, B0CN6QPVJC, B099F5943J, B0BV5SSWYR, B0BNK7LC3H, B0F621CH9Q, B0DLVVC3F3, B0BQHCC5QS, B0DJ1CKMR9, B0C1GVH1R5, B0DB8F2SZN]",amzn1.campaign.2625ZNRN3N8SG,🥳 Family Mega Celebration Pack Campaign 🥳,cocomigo,2026-04-08,2026-12-25,10.00%,5000.0,5000.0,5,800,false
[B0F8S1J4GC],amzn1.campaign.2D9SKU2KNFEYJ,PHYTOCHOICE DIM for Men – 5 - 40% - 4/6/2026,PHYTOCHOICE,2026-04-08,2026-12-30,30.00%,5000.0,5000.0,8,800,false
[B0G18HYJ8F],amzn1.campaign.JBRZP7CBR1YV,PHYTOCHOICE Berberine - 18 - 30% - 4/6/26,PHYTOCHOICE,2026-04-08,2026-12-31,30.00%,5000.0,5000.0,0,800,false
[B0FC4T2WMR],amzn1.campaign.2CH9ILA70CL1P,PHYTOCHOICE Night Time Fat Burner – 17 - 30% - 4/6/26,PHYTOCHOICE,2026-04-08,2026-12-30,30.00%,5000.0,5000.0,0,800,false
[B0F8RYR7YH],amzn1.campaign.24TK4QJ7VXG80,PHYTOCHOICE DIM for Women – 6 - 40% - 4/6/2026,PHYTOCHOICE,2026-04-08,2027-04-08,30.00%,5000.0,5000.0,0,800,false
"[B0D5YBPG1V, B0B4ZQDQ6Q, B0DR2CFT92, B0CJLP45K8, B0DF1XFG54, B0BGR1RQVC, B0GR9FC3T6, B0DRD4QF6C, B0BV22FSPP, B0GCH96ZJ2, B09XV9JQ9G, B0DG8WCKM4, B0B458BVWB, B0BXG56YJP, B0B8Y6HMYD, B0BV242DWL, B0CLQY7WSM, B0BV6G29Y2, B0DF7F5XMV, B0BMLDP99F, B0B5L2M74W, B09ZY7WKRQ, B0BV5QJXQC, B0BLC2DHQ5, B0CCCQN1PC, B0BHRVJ8M4, B0BJJMJF5W, B0BD4DGMVV, B0G3WNV7QM, B0F62PCBVC, B0GSVPKRN2, B0CZP52W15, B0CTCQPXW6, B0G4P791GH, B0B1L8F4JG, B0FBRX6ML4, B0DWDQP46M, B0CLN3K8Z9, B0BV5N4P2Y, B0D4M5WMYN, B0CZHJPJYQ, B0B5G4CYTS, B0FZZHRZJN, B0D2XDYCK1, B0BKQ99S3X, B09P5X2825, B0BQHKBXPH, B0GKGFSYK3, B0BV6D6QPQ, B0CXDKXS9Z, B0GQLZTSMX, B09H6HMFT1, B0BV25M73H, B0BTV6JTY9, B0BJJKY26B, B0BQ2ZB3NQ, B0BQ2X8LQ2, B09TSCZXTT, B0G41V7Z7J, B0DRFCVR4C, B0D4Q1HSBW, B0F7GXYMQ8, B0BV5LXHQ5, B0BG6WTXQ5, B0G7HG76BS, B0FN7WWJ11, B09LV8D7WS, B0F62C6H36, B0BK8PBCCD, B0DRHR3DS7, B0D4M82PYJ, B0GBTNYCKH, B0BKG3VZWB, B0CT23ZWC7, B0BV24XBFQ, B0BNN5XKDL, B0BRCHMMLM, B0DMNRQH6N, B0B5Q5JYYB, B0BKQ8TR84, B0FHPC9CSG, B0CM5P1J94, B0CS3D9CCZ, B0BQV6K6N5, B0DP2JZM8R, B0B6H3FLDV, B0DCJTRL7R, B0CR1P36KK, B0GRGX2F7X, B0C5WYTT8H, B0B8YL3QC5, B0BR58PQRY, B0CFD5V63F, B0DZMXK1RY, B0CR1R5FN2, B0BNK7NJPT, B0FZBCT51T, B0CS3BCN45, B09QLVXWML, B09P9Y2PJN, B0BV6GK2D1, B0BQ6M4MWB, B0F2HGLL6F, B0FV826JGR, B0F1MW55J6, B0BG9WRSBT, B0CF3WG1YV, B0B6TMXPSZ, B0CQ1S6JJJ, B0FX9TK877, B0BQXRYDN6, B09PHJCT7C, B0BR58LVH1, B0BQXQHLPY, B0G13RXQ8T, B0BHRWNFCQ, B0D97QHT8J, B0CTCQCS6N, B09VKS4LF2, B0DFPPFCTP, B0D4Q6XKVN, B09BN3K8J2, B0BJP5WF2P, B0BQHJNPTS, B0DNQRX2XF, B0BKZQH4BX, B0DHFTGVMF, B0DPX7NJBK, B0D14GRQBG, B0CJD79M9F, B09TQDCVGC, B0CG86WMQC, B0DJLTDYK3, B0CS3FZX2N, B0BQMH4RSS, B0FKSCH9W4, B0FP24LTYN, B0CWNWLC4H, B0CHBC42TW, B0BQPSZWL5, B0B87QZFD3, B0F4R8QXN5, B0BGR6SH3R, B0BN2QW2X6, B0DNDK12YF, B0BYTVQK2T, B09M88QXT2, B0FJRW6RX2, B0F2HHXJRY, B0BQHDMF11, B0B457L47Z, B09Q5SPLQK, B09MLGCMVP, B0G37DNMMT, B0BKRLWJC5, B0DZ2F5P4K, B0DHRZTZ5R, B0GJYN6RMK, B0BV5YSSN2, B0G5XZ97FT, B0B96SKF89, B09PHKV6FL, B0GC5M63TG, B0DP8NRFCS, B0DBQPGBCH, B0B96T1YNM, B0BR59RB2V, B09XMRJRC3, B09STJSFH7, B0C5PW792C, B0G2BPN3JC, B0B4CMC1ZH, B0BK8QTWSS, B0GQM3KW6Q, B0B6TN1PNK, B0B4D3B4YB, B0DWSPCPL2, B0CCP6VGVD, B0BNK8QNHH, B0FX2358V1, B0DWSP63YW, B09Y5SWDC6, B0F7XN5GPX, B099W4HD7Z, B0F32VY8NN, B0F7GY2ZL8, B09YQWSF6Q, B0B5G1RL62, B0F7GZ7WLV, B0D9RMG3FY, B0CGLLNB7D, B0DLK3C74R, B0BQXS61N4, B0B6TMPTX6, B0FP2NHT1R, B0CR1NDYP4, B09ST5TT4D, B0DRZ9T9QM, B0B5G1PZX4, B0DNQLP6J9, B0BV6GL2VQ, B0BKZP5TLH, B0F9NK2K79, B0F5VRLKJC, B0D842HQWB, B09TSDWQKW, B0BHL538CZ, B0FXF927SR, B0BV25XTDR, B0BNK8F9B2, B0CXX8TH1X, B0G4MG5S8J, B0DRFGZLTD, B0GK5CDGR1, B0D4Q5G2QY, B0CM5M8YRQ, B0BQTWKMDC, B0BKZLXD4B, B0FLQ9J8SF, B0BQ1RTMCS, B0CW9QVFHC, B0CM8QLDZ3, B0BKZMDPLB, B0DWMCF5BW, B0CDVWXQHR, B0GQ7GZTKK, B0C7QS7L8N, B0GDFZ3163, B0CW9SKVPW, B0F7XWPN37, B0DP2B8SLZ, B0CTCPZBSB, B0BNK8DMNM, B0GSVMY5Z1, B09X2NW2QN, B0D62TXRC1, B0CM8SDD8K, B0BMWML4YT, B0B87DYP6T, B0CS3BG81H, B0CGLN66Q8, B0B45HCF5F, B0F37K7J3Z, B0G5YGFHTQ, B0B188FZJG, B0CQJQXCGP, B0B8Y3LZ4P, B0BQVDWVG6, B0BQH9TH1K, B09PHJC89C, B0DFBSCJ5C, B0CQJVGGPG, B0FX1YSJSH, B0CKRFRJLP, B0BG6SS5BJ, B0BJJJ48PZ, B0BFW3CNP4, B0D629F7FP, B09M9JYTG5, B0DNQM8449, B0GFMY3FP5, B0GCJS5G7F, B0BGGFT35Y, B0BZ8BY35J, B0FH64BX4K, B0BVPQDFWS, B0CJR5Z66G, B0B1M22B8K, B0FMRSM8SP, B0F9P4CMJZ, B0CS3B9STH, B0BNK7S1HK, B0BYTW8Q52, B0B8Y2NM7Z, B0FG7HCP68, B0DQPKG1FH, B0FMRLTM1Q, B0CBR73BPZ, B0G38TNZXP, B0G3WR3PHH, B0BQ8WDSGS, B0BLV8F3LZ, B09XTN17R6, B0CBQ1FLHX, B0DBPSQR7X, B0DTHLNY8X, B0CKQRN7QL, B0BQXSPCBM, B09MDWV54B, B0CT2LF8NF, B0DFPZ3Y52, B0BHN839MH, B09Y5TCVLR, B0CLTRMFYN, B09NXY288M, B0F7GY19HK, B0GCFW1SP5, B09M3P6MGQ, B0BHKZZ8HB, B0DKHBHDHW, B0CHNGT4P2, B0DHC8TL1B, B0DJ6KSB23, B0CKLGHT4P, B0FP6CFX6D, B09NVL3VF3, B0CM5MFTXX, B09PHKV394, B0FYFKRRNC, B0CLCQY9X2, B0BXRMTZ78, B0DHZLZLYF, B0G4TF439T, B0BV5SDYYM, B0BNK8DQ9R, B0G4P9PLTT, B0G22ZQFM3, B0CFDMYX9P, B0BX871VNQ, B0DQ41WJ76, B0BV25YVBY, B0BG5K4LFD, B0B64WHK94, B0D9PVNFB7, B0CLCS966K, B0CYZVT4PQ, B0DWSFB1G9, B0GR43B197, B0DFXW9QTY, B0FXDZ192C, B0BRSFC3M8, B0B212DYPC, B0CZP3HGYF, B0GTQBCNR9, B0DKN2TFQ3, B0CZP2JFM9, B0DG8Y5QZG, B0BP6QC2DV, B0BFDFJT8D, B09SVY98W8, B0DD6KD7CV, B0B5G1D8R1, B0DQ3B6DP9, B0D258HKW2, B0CR3Z9YP2, B0B6TMKH54, B0G37TZT3X, B0D62TNPCS, B0CS38ZB6Z, B0DZ2CNQ4Z, B0CTCR8VNF, B0CWQLKT83, B0BN4VG7MK, B0CT27G7ZJ, B0CJ8SL2NS, B0CCCTVP3N, B09Q31WNMV, B0CDLS9ZRK, B09Y58KTXN, B0D31D84W7, B0CWNXFLTJ, B0FT1153MW, B0BN4ZBJ3T, B0CBTXG7FR, B0B6TKZRV6, B0D4PRQ7M9, B0DHKXMFLK, B0FG7M46ZQ, B0DRFFT298, B0B3QNKTPS, B0F7XSFYRS, B0G3WLJV86, B09PHJ762R, B0DLZPJL4S, B0BX8714HK, B0BNGZYGPK, B0B6B4ZJDF, B0FMRRJZ12, B098N3YXDL, B0DP8CP8LZ, B0BQ319Y2F, B0CZP48J3B, B0CR1L1966, B0DBH24L1V, B0CTCP9JM3, B0CHR9HMF9, B0BXN6MRL5, B0GBTHT45W, B09STBXN19, B0DRD3H3W2, B09PHHRJB3, B0DJKLVSMH, B0BN57QTK7, B0F37KX2WF, B0CG933GVN, B0D83XH1JQ, B0C6DWTJYG, B0BQXTL3QB, B0BYTX6SGC, B0CBTTYRV4, B0CFQC1HHD, B0BQ6NW96R, B0BKZBHNDN, B09NVJZZ6W, B0BBLY24D5, B0BQV5522Q, B0FG7NG18W, B0D13MZGZB, B0BHLMP8Q1, B0BNP9KPF9, B0DJNDLDHM, B0CKMTP3K6, B0B3DKR9CZ, B0CR1QMFX7, B0BP1TFXK6, B0DJKMMTLQ, B0BN51HVML, B0BB17TLL8, B0F6N5HXCZ, B0CCCWT7YN, B0CR4765CN, B0B3DHHK7F, B0GQ9XLF49, B0CBR7MV1W, B0BKRQH6L6, B0FNRKWGNH, B0F36F15VH, B0DP4V58T2, B0BNK7DF6C, B0B87DGG1X, B0BQHHQ7D2, B0GV3K3WLN, B0G8GBTVD9, B0CG86YK3Y, B0DRF89THM, B0B64R43KL, B0D4PY2R62, B0BXW4Q5MY, B0DFW1KX1H, B0CBQ1W6TF, B0DJ6KMZZN, B0DZ2BTWF3, B0FWKC6LYH, B0GR59Q2X3, B0CKMT4NYK, B0CKRFHBSR, B0F1RRHS17, B0CLLH3NCP, B0BD4CTXNH, B0CZ8ZQ25F, B0987DRR7R, B09C57HDYB, B0DP4TG86N, B0DF1V9JBZ, B0F37FVGWR, B0BX8Q3LHF, B0BQQ196T1, B0CRRN8SZ3, B09Y57K7XB, B0CNV7YZMX, B0BMPQ9FJL, B0GLPGDCBJ, B0F7GYK3WM, B0CM5J8VSN, B0BTV87H23, B0DLZDBBCJ, B0DL1WFZWT, B0DRD1QJGM, B0DFWSSH1Y, B0CKRG5577, B0B5G1HN19, B0B87DV1WY, B0BV62NDT2, B0GFCD58J8, B0D251XBQN, B0BNT42GNH, B0CLV3SZ4B, B0BMWRJV77, B0DP8PR5Z6, B09T685R6B, B0F37KV4CZ, B0FS6JKQ5C, B0DJKPFRKW, B0DHS1QDPF, B0B5G3SHL8, B0DWSVKX8P, B0BRB3QVFK, B0G5Y3QRXL, B0CN6R1ZT1, B0CHR9BR6M, B0CW58WFFM, B0G3WLGQ16, B0DWMWNYGQ, B0FQBV96NS, B09C56SN11, B0GCFVWDSN, B0CHV3ZW2D, B0BD4CWT89, B0B64QJ7JD, B0DWSTNTDK, B0CCT6FL1X, B0BV5S9KL8, B0BN5B49BQ, B0DLVYG934, B0CN9FSBTD, B0B5173NQJ, B0CXDXLQ9X, B0BX883MMD, B0BTV891VF, B09Q5BS3YD, B09NXX1SV1, B0G4MB93K2, B0B87NK9B2, B0D97QT49Z, B0BVQ6YT2D, B0B8Y4QWQM, B09KGPTTSM, B0GQLZS73Q, B0BJK6BPJB, B0CWQNCMTM, B0BV5LKQ1M, B0BNK7ZHN6, B0FP48B7HZ, B0DCYGX3L3, B0CZ98YYPF, B0CT2DR79K, B0B9ZTX59N, B0CBPYWZH8, B09J8S6Q4C, B0CRTL7GMB, B0CM5MJ7FV, B0DL23LTKN, B0B87CDQCN, B0BKZMVSLR, B0BV64R658, B0FP285JCN, B0DP87PLGL, B0DBQFH7M8, B09VKVVG22, B0DLZMR57J, B0CN62MM6C, B0BJPMQZBJ, B0FSZXLD85, B0DRXLQX8X, B0BD4FDHFJ, B09Q5QZRT1, B0BMPG3WFP, B0CLCQ8NW4, B0BRSG54VB, B0B73Z22RZ, B0CKQPW1YN, B0FDQSX5XH, B0DJ1C9S5W, B0CXHZNTSY, B0CQNRPM3W, B0BQPSM9BB, B0G37HZ8BY, B0BPFBJGFY, B0BLC33TDM, B0F7GXW2Y1, B0G4MKGH2R, B0G62R5JZT, B0DLNXNRZN, B0GFWPBFXH, B0CYZWMVY1, B0BQXQG5HY, B09Y58NC6R, B0CQXDY1Z6, B0BLC443KW, B0B96QX9ZR, B0DWMDLN7Z, B0CG93MDVT, B0DRZLJKJK, B0D4PPSF5D, B0BNKD9LLK, B0B93XCSY9, B0BKRKHTLN, B0BP1VWCBJ, B0CJLBT4PP, B09X2PK9Z4, B0CM8T6R53, B0CWNXQY8B, B0987C24VL, B0FDQQWR16, B0DTHJ85ZN, B0BNK78G3J, B09DXXRTFV, B0BJJBMD3D, B09K34L2BW, B09G68L2Y6, B0F6N94BLX, B0FQC1YTV2, B0FGJ9M39R, B0FZBYPSB7, B0CT245Y9Y, B0BQPYL2GM, B09MDXZNKX, B0DLVPGGK9, B0DTHK5XKF, B0FV7YM8CP, B09K3YYL12, B0BG6W42YB, B0FRL8PCYR, B0CBS9LMD5, B0CP38BF2B, B0DLGRSFC8, B0FH6R2JFB, B0D9RN6VV5, B09ZY8VXFY, B0DWMS4N92, B09QLW4WRP, B0B3DFR9GW, B09W5GVKBQ, B0DHGB8JKJ, B0BTV7QRLL, B0GS7Q8167, B0CGQQHFSX, B0CTCQX58H, B0DQ3Y2XRM, B0CN94DWPS, B09YQVY32C, B0FP5C9LFC, B09GTHPWBQ, B0DLVVPKMT, B0CQ4WZXH7, B0DPMZV18T, B0D62THDKN, B0D2T71WYP, B0BX89K5X3, B0CTCSFRLX, B0CLN89RRL, B0CM8BFZVC, B0B96YDZPZ, B09TQFKFP7, B0CN6QPVJC, B099F5943J, B0BV5SSWYR, B0BNK7LC3H, B0F621CH9Q, B0DLVVC3F3, B0BQHCC5QS, B0DJ1CKMR9, B0C1GVH1R5, B0DB8F2SZN]",amzn1.campaign.3HK2FLEZE15SJ,✨ Instant Glam Sparkle All-Events Kit Campaign ✨,cocomigo,2026-04-08,2026-12-16,10.00%,5000.0,5000.0,0,800,false
"[B0D5YBPG1V, B0B4ZQDQ6Q, B0DR2CFT92, B0CJLP45K8, B0DF1XFG54, B0BGR1RQVC, B0GR9FC3T6, B0DRD4QF6C, B0BV22FSPP, B0GCH96ZJ2, B09XV9JQ9G, B0DG8WCKM4, B0B458BVWB, B0BXG56YJP, B0B8Y6HMYD, B0BV242DWL, B0CLQY7WSM, B0BV6G29Y2, B0DF7F5XMV, B0BMLDP99F, B0B5L2M74W, B09ZY7WKRQ, B0BV5QJXQC, B0BLC2DHQ5, B0CCCQN1PC, B0BHRVJ8M4, B0BJJMJF5W, B0BD4DGMVV, B0G3WNV7QM, B0F62PCBVC, B0GSVPKRN2, B0CZP52W15, B0CTCQPXW6, B0G4P791GH, B0B1L8F4JG, B0FBRX6ML4, B0DWDQP46M, B0CLN3K8Z9, B0BV5N4P2Y, B0D4M5WMYN, B0CZHJPJYQ, B0B5G4CYTS, B0FZZHRZJN, B0D2XDYCK1, B0BKQ99S3X, B09P5X2825, B0BQHKBXPH, B0GKGFSYK3, B0BV6D6QPQ, B0CXDKXS9Z, B0GQLZTSMX, B09H6HMFT1, B0BV25M73H, B0BTV6JTY9, B0BJJKY26B, B0BQ2ZB3NQ, B0BQ2X8LQ2, B09TSCZXTT, B0G41V7Z7J, B0DRFCVR4C, B0D4Q1HSBW, B0F7GXYMQ8, B0BV5LXHQ5, B0BG6WTXQ5, B0G7HG76BS, B0FN7WWJ11, B09LV8D7WS, B0F62C6H36, B0BK8PBCCD, B0DRHR3DS7, B0D4M82PYJ, B0GBTNYCKH, B0BKG3VZWB, B0CT23ZWC7, B0BV24XBFQ, B0BNN5XKDL, B0BRCHMMLM, B0DMNRQH6N, B0B5Q5JYYB, B0BKQ8TR84, B0FHPC9CSG, B0CM5P1J94, B0CS3D9CCZ, B0BQV6K6N5, B0DP2JZM8R, B0B6H3FLDV, B0DCJTRL7R, B0CR1P36KK, B0GRGX2F7X, B0C5WYTT8H, B0B8YL3QC5, B0BR58PQRY, B0CFD5V63F, B0DZMXK1RY, B0CR1R5FN2, B0BNK7NJPT, B0FZBCT51T, B0CS3BCN45, B09QLVXWML, B09P9Y2PJN, B0BV6GK2D1, B0BQ6M4MWB, B0F2HGLL6F, B0FV826JGR, B0F1MW55J6, B0BG9WRSBT, B0CF3WG1YV, B0B6TMXPSZ, B0CQ1S6JJJ, B0FX9TK877, B0BQXRYDN6, B09PHJCT7C, B0BR58LVH1, B0BQXQHLPY, B0G13RXQ8T, B0BHRWNFCQ, B0D97QHT8J, B0CTCQCS6N, B09VKS4LF2, B0DFPPFCTP, B0D4Q6XKVN, B09BN3K8J2, B0BJP5WF2P, B0BQHJNPTS, B0DNQRX2XF, B0BKZQH4BX, B0DHFTGVMF, B0DPX7NJBK, B0D14GRQBG, B0CJD79M9F, B09TQDCVGC, B0CG86WMQC, B0DJLTDYK3, B0CS3FZX2N, B0BQMH4RSS, B0FKSCH9W4, B0FP24LTYN, B0CWNWLC4H, B0CHBC42TW, B0BQPSZWL5, B0B87QZFD3, B0F4R8QXN5, B0BGR6SH3R, B0BN2QW2X6, B0DNDK12YF, B0BYTVQK2T, B09M88QXT2, B0FJRW6RX2, B0F2HHXJRY, B0BQHDMF11, B0B457L47Z, B09Q5SPLQK, B09MLGCMVP, B0G37DNMMT, B0BKRLWJC5, B0DZ2F5P4K, B0DHRZTZ5R, B0GJYN6RMK, B0BV5YSSN2, B0G5XZ97FT, B0B96SKF89, B09PHKV6FL, B0GC5M63TG, B0DP8NRFCS, B0DBQPGBCH, B0B96T1YNM, B0BR59RB2V, B09XMRJRC3, B09STJSFH7, B0C5PW792C, B0G2BPN3JC, B0B4CMC1ZH, B0BK8QTWSS, B0GQM3KW6Q, B0B6TN1PNK, B0B4D3B4YB, B0DWSPCPL2, B0CCP6VGVD, B0BNK8QNHH, B0FX2358V1, B0DWSP63YW, B09Y5SWDC6, B0F7XN5GPX, B099W4HD7Z, B0F32VY8NN, B0F7GY2ZL8, B09YQWSF6Q, B0B5G1RL62, B0F7GZ7WLV, B0D9RMG3FY, B0CGLLNB7D, B0DLK3C74R, B0BQXS61N4, B0B6TMPTX6, B0FP2NHT1R, B0CR1NDYP4, B09ST5TT4D, B0DRZ9T9QM, B0B5G1PZX4, B0DNQLP6J9, B0BV6GL2VQ, B0BKZP5TLH, B0F9NK2K79, B0F5VRLKJC, B0D842HQWB, B09TSDWQKW, B0BHL538CZ, B0FXF927SR, B0BV25XTDR, B0BNK8F9B2, B0CXX8TH1X, B0G4MG5S8J, B0DRFGZLTD, B0GK5CDGR1, B0D4Q5G2QY, B0CM5M8YRQ, B0BQTWKMDC, B0BKZLXD4B, B0FLQ9J8SF, B0BQ1RTMCS, B0CW9QVFHC, B0CM8QLDZ3, B0BKZMDPLB, B0DWMCF5BW, B0CDVWXQHR, B0GQ7GZTKK, B0C7QS7L8N, B0GDFZ3163, B0CW9SKVPW, B0F7XWPN37, B0DP2B8SLZ, B0CTCPZBSB, B0BNK8DMNM, B0GSVMY5Z1, B09X2NW2QN, B0D62TXRC1, B0CM8SDD8K, B0BMWML4YT, B0B87DYP6T, B0CS3BG81H, B0CGLN66Q8, B0B45HCF5F, B0F37K7J3Z, B0G5YGFHTQ, B0B188FZJG, B0CQJQXCGP, B0B8Y3LZ4P, B0BQVDWVG6, B0BQH9TH1K, B09PHJC89C, B0DFBSCJ5C, B0CQJVGGPG, B0FX1YSJSH, B0CKRFRJLP, B0BG6SS5BJ, B0BJJJ48PZ, B0BFW3CNP4, B0D629F7FP, B09M9JYTG5, B0DNQM8449, B0GFMY3FP5, B0GCJS5G7F, B0BGGFT35Y, B0BZ8BY35J, B0FH64BX4K, B0BVPQDFWS, B0CJR5Z66G, B0B1M22B8K, B0FMRSM8SP, B0F9P4CMJZ, B0CS3B9STH, B0BNK7S1HK, B0BYTW8Q52, B0B8Y2NM7Z, B0FG7HCP68, B0DQPKG1FH, B0FMRLTM1Q, B0CBR73BPZ, B0G38TNZXP, B0G3WR3PHH, B0BQ8WDSGS, B0BLV8F3LZ, B09XTN17R6, B0CBQ1FLHX, B0DBPSQR7X, B0DTHLNY8X, B0CKQRN7QL, B0BQXSPCBM, B09MDWV54B, B0CT2LF8NF, B0DFPZ3Y52, B0BHN839MH, B09Y5TCVLR, B0CLTRMFYN, B09NXY288M, B0F7GY19HK, B0GCFW1SP5, B09M3P6MGQ, B0BHKZZ8HB, B0DKHBHDHW, B0CHNGT4P2, B0DHC8TL1B, B0DJ6KSB23, B0CKLGHT4P, B0FP6CFX6D, B09NVL3VF3, B0CM5MFTXX, B09PHKV394, B0FYFKRRNC, B0CLCQY9X2, B0BXRMTZ78, B0DHZLZLYF, B0G4TF439T, B0BV5SDYYM, B0BNK8DQ9R, B0G4P9PLTT, B0G22ZQFM3, B0CFDMYX9P, B0BX871VNQ, B0DQ41WJ76, B0BV25YVBY, B0BG5K4LFD, B0B64WHK94, B0D9PVNFB7, B0CLCS966K, B0CYZVT4PQ, B0DWSFB1G9, B0GR43B197, B0DFXW9QTY, B0FXDZ192C, B0BRSFC3M8, B0B212DYPC, B0CZP3HGYF, B0GTQBCNR9, B0DKN2TFQ3, B0CZP2JFM9, B0DG8Y5QZG, B0BP6QC2DV, B0BFDFJT8D, B09SVY98W8, B0DD6KD7CV, B0B5G1D8R1, B0DQ3B6DP9, B0D258HKW2, B0CR3Z9YP2, B0B6TMKH54, B0G37TZT3X, B0D62TNPCS, B0CS38ZB6Z, B0DZ2CNQ4Z, B0CTCR8VNF, B0CWQLKT83, B0BN4VG7MK, B0CT27G7ZJ, B0CJ8SL2NS, B0CCCTVP3N, B09Q31WNMV, B0CDLS9ZRK, B09Y58KTXN, B0D31D84W7, B0CWNXFLTJ, B0FT1153MW, B0BN4ZBJ3T, B0CBTXG7FR, B0B6TKZRV6, B0D4PRQ7M9, B0DHKXMFLK, B0FG7M46ZQ, B0DRFFT298, B0B3QNKTPS, B0F7XSFYRS, B0G3WLJV86, B09PHJ762R, B0DLZPJL4S, B0BX8714HK, B0BNGZYGPK, B0B6B4ZJDF, B0FMRRJZ12, B098N3YXDL, B0DP8CP8LZ, B0BQ319Y2F, B0CZP48J3B, B0CR1L1966, B0DBH24L1V, B0CTCP9JM3, B0CHR9HMF9, B0BXN6MRL5, B0GBTHT45W, B09STBXN19, B0DRD3H3W2, B09PHHRJB3, B0DJKLVSMH, B0BN57QTK7, B0F37KX2WF, B0CG933GVN, B0D83XH1JQ, B0C6DWTJYG, B0BQXTL3QB, B0BYTX6SGC, B0CBTTYRV4, B0CFQC1HHD, B0BQ6NW96R, B0BKZBHNDN, B09NVJZZ6W, B0BBLY24D5, B0BQV5522Q, B0FG7NG18W, B0D13MZGZB, B0BHLMP8Q1, B0BNP9KPF9, B0DJNDLDHM, B0CKMTP3K6, B0B3DKR9CZ, B0CR1QMFX7, B0BP1TFXK6, B0DJKMMTLQ, B0BN51HVML, B0BB17TLL8, B0F6N5HXCZ, B0CCCWT7YN, B0CR4765CN, B0B3DHHK7F, B0GQ9XLF49, B0CBR7MV1W, B0BKRQH6L6, B0FNRKWGNH, B0F36F15VH, B0DP4V58T2, B0GVYQXGKN, B0BNK7DF6C, B0B87DGG1X, B0BQHHQ7D2, B0GV3K3WLN, B0G8GBTVD9, B0CG86YK3Y, B0DRF89THM, B0B64R43KL, B0D4PY2R62, B0BXW4Q5MY, B0DFW1KX1H, B0CBQ1W6TF, B0DJ6KMZZN, B0DZ2BTWF3, B0FWKC6LYH, B0GR59Q2X3, B0CKMT4NYK, B0CKRFHBSR, B0F1RRHS17, B0CLLH3NCP, B0BD4CTXNH, B0CZ8ZQ25F, B0987DRR7R, B09C57HDYB, B0DP4TG86N, B0DF1V9JBZ, B0F37FVGWR, B0BX8Q3LHF, B0BQQ196T1, B0CRRN8SZ3, B09Y57K7XB, B0CNV7YZMX, B0BMPQ9FJL, B0GLPGDCBJ, B0F7GYK3WM, B0CM5J8VSN, B0BTV87H23, B0DLZDBBCJ, B0DL1WFZWT, B0DRD1QJGM, B0DFWSSH1Y, B0CKRG5577, B0B5G1HN19, B0B87DV1WY, B0BV62NDT2, B0GFCD58J8, B0D251XBQN, B0BNT42GNH, B0CLV3SZ4B, B0BMWRJV77, B0DP8PR5Z6, B09T685R6B, B0F37KV4CZ, B0FS6JKQ5C, B0DJKPFRKW, B0DHS1QDPF, B0B5G3SHL8, B0DWSVKX8P, B0BRB3QVFK, B0G5Y3QRXL, B0CN6R1ZT1, B0CHR9BR6M, B0CW58WFFM, B0G3WLGQ16, B0DWMWNYGQ, B0FQBV96NS, B09C56SN11, B0GCFVWDSN, B0CHV3ZW2D, B0BD4CWT89, B0B64QJ7JD, B0DWSTNTDK, B0CCT6FL1X, B0BV5S9KL8, B0BN5B49BQ, B0DLVYG934, B0CN9FSBTD, B0B5173NQJ, B0CXDXLQ9X, B0BX883MMD, B0BTV891VF, B09Q5BS3YD, B09NXX1SV1, B0G4MB93K2, B0B87NK9B2, B0D97QT49Z, B0BVQ6YT2D, B0B8Y4QWQM, B09KGPTTSM, B0GQLZS73Q, B0BJK6BPJB, B0CWQNCMTM, B0BV5LKQ1M, B0BNK7ZHN6, B0FP48B7HZ, B0DCYGX3L3, B0CZ98YYPF, B0CT2DR79K, B0B9ZTX59N, B0CBPYWZH8, B09J8S6Q4C, B0CRTL7GMB, B0CM5MJ7FV, B0DL23LTKN, B0B87CDQCN, B0BKZMVSLR, B0BV64R658, B0FP285JCN, B0DP87PLGL, B0DBQFH7M8, B09VKVVG22, B0DLZMR57J, B0CN62MM6C, B0BJPMQZBJ, B0FSZXLD85, B0DRXLQX8X, B0BD4FDHFJ, B09Q5QZRT1, B0BMPG3WFP, B0CLCQ8NW4, B0BRSG54VB, B0B73Z22RZ, B0CKQPW1YN, B0FDQSX5XH, B0DJ1C9S5W, B0CXHZNTSY, B0CQNRPM3W, B0BQPSM9BB, B0G37HZ8BY, B0BPFBJGFY, B0BLC33TDM, B0F7GXW2Y1, B0G4MKGH2R, B0G62R5JZT, B0DLNXNRZN, B0GFWPBFXH, B0CYZWMVY1, B0BQXQG5HY, B09Y58NC6R, B0CQXDY1Z6, B0BLC443KW, B0B96QX9ZR, B0DWMDLN7Z, B0CG93MDVT, B0DRZLJKJK, B0D4PPSF5D, B0BNKD9LLK, B0B93XCSY9, B0BKRKHTLN, B0BP1VWCBJ, B0CJLBT4PP, B09X2PK9Z4, B0CM8T6R53, B0CWNXQY8B, B0987C24VL, B0FDQQWR16, B0DTHJ85ZN, B0BNK78G3J, B09DXXRTFV, B0BJJBMD3D, B09K34L2BW, B09G68L2Y6, B0F6N94BLX, B0FQC1YTV2, B0FGJ9M39R, B0FZBYPSB7, B0CT245Y9Y, B0BQPYL2GM, B09MDXZNKX, B0DLVPGGK9, B0DTHK5XKF, B0FV7YM8CP, B09K3YYL12, B0BG6W42YB, B0FRL8PCYR, B0CBS9LMD5, B0CP38BF2B, B0DLGRSFC8, B0FH6R2JFB, B0D9RN6VV5, B09ZY8VXFY, B0DWMS4N92, B09QLW4WRP, B0B3DFR9GW, B09W5GVKBQ, B0DHGB8JKJ, B0BTV7QRLL, B0GS7Q8167, B0CGQQHFSX, B0CTCQX58H, B0DQ3Y2XRM, B0CN94DWPS, B09YQVY32C, B0FP5C9LFC, B09GTHPWBQ, B0DLVVPKMT, B0CQ4WZXH7, B0DPMZV18T, B0D62THDKN, B0D2T71WYP, B0BX89K5X3, B0CTCSFRLX, B0CLN89RRL, B0CM8BFZVC, B0B96YDZPZ, B09TQFKFP7, B0CN6QPVJC, B099F5943J, B0BV5SSWYR, B0BNK7LC3H, B0F621CH9Q, B0DLVVC3F3, B0BQHCC5QS, B0DJ1CKMR9, B0C1GVH1R5, B0DB8F2SZN]",amzn1.campaign.2UKXK5IGW7AJS,🎂 Milestone Magic One-Box Kit Campaign 🎂,cocomigo,2026-04-08,2026-10-04,10.00%,5000.0,5000.0,8,800,false
"[B0D5YBPG1V, B0B4ZQDQ6Q, B0DR2CFT92, B0CJLP45K8, B0DF1XFG54, B0BGR1RQVC, B0GR9FC3T6, B0DRD4QF6C, B0BV22FSPP, B0GCH96ZJ2, B09XV9JQ9G, B0DG8WCKM4, B0B458BVWB, B0BXG56YJP, B0B8Y6HMYD, B0BV242DWL, B0CLQY7WSM, B0BV6G29Y2, B0DF7F5XMV, B0BMLDP99F, B0B5L2M74W, B09ZY7WKRQ, B0BV5QJXQC, B0BLC2DHQ5, B0CCCQN1PC, B0BHRVJ8M4, B0BJJMJF5W, B0BD4DGMVV, B0G3WNV7QM, B0F62PCBVC, B0GSVPKRN2, B0CZP52W15, B0CTCQPXW6, B0G4P791GH, B0B1L8F4JG, B0FBRX6ML4, B0DWDQP46M, B0CLN3K8Z9, B0BV5N4P2Y, B0D4M5WMYN, B0CZHJPJYQ, B0B5G4CYTS, B0FZZHRZJN, B0D2XDYCK1, B0BKQ99S3X, B09P5X2825, B0BQHKBXPH, B0GKGFSYK3, B0BV6D6QPQ, B0CXDKXS9Z, B0GQLZTSMX, B09H6HMFT1, B0BV25M73H, B0BTV6JTY9, B0BJJKY26B, B0BQ2ZB3NQ, B0BQ2X8LQ2, B09TSCZXTT, B0G41V7Z7J, B0DRFCVR4C, B0D4Q1HSBW, B0F7GXYMQ8, B0BV5LXHQ5, B0BG6WTXQ5, B0G7HG76BS, B0FN7WWJ11, B09LV8D7WS, B0F62C6H36, B0BK8PBCCD, B0DRHR3DS7, B0D4M82PYJ, B0GBTNYCKH, B0BKG3VZWB, B0CT23ZWC7, B0BV24XBFQ, B0BNN5XKDL, B0BRCHMMLM, B0DMNRQH6N, B0B5Q5JYYB, B0BKQ8TR84, B0FHPC9CSG, B0CM5P1J94, B0CS3D9CCZ, B0BQV6K6N5, B0DP2JZM8R, B0B6H3FLDV, B0DCJTRL7R, B0CR1P36KK, B0GRGX2F7X, B0C5WYTT8H, B0B8YL3QC5, B0BR58PQRY, B0CFD5V63F, B0DZMXK1RY, B0CR1R5FN2, B0BNK7NJPT, B0FZBCT51T, B0CS3BCN45, B09QLVXWML, B09P9Y2PJN, B0BV6GK2D1, B0BQ6M4MWB, B0F2HGLL6F, B0FV826JGR, B0F1MW55J6, B0BG9WRSBT, B0CF3WG1YV, B0B6TMXPSZ, B0CQ1S6JJJ, B0FX9TK877, B0BQXRYDN6, B09PHJCT7C, B0BR58LVH1, B0BQXQHLPY, B0G13RXQ8T, B0BHRWNFCQ, B0D97QHT8J, B0CTCQCS6N, B09VKS4LF2, B0DFPPFCTP, B0D4Q6XKVN, B09BN3K8J2, B0BJP5WF2P, B0BQHJNPTS, B0DNQRX2XF, B0BKZQH4BX, B0DHFTGVMF, B0DPX7NJBK, B0D14GRQBG, B0CJD79M9F, B09TQDCVGC, B0CG86WMQC, B0DJLTDYK3, B0CS3FZX2N, B0BQMH4RSS, B0FKSCH9W4, B0FP24LTYN, B0CWNWLC4H, B0CHBC42TW, B0BQPSZWL5, B0B87QZFD3, B0F4R8QXN5, B0BGR6SH3R, B0BN2QW2X6, B0DNDK12YF, B0BYTVQK2T, B09M88QXT2, B0FJRW6RX2, B0F2HHXJRY, B0BQHDMF11, B0B457L47Z, B09Q5SPLQK, B09MLGCMVP, B0G37DNMMT, B0BKRLWJC5, B0DZ2F5P4K, B0DHRZTZ5R, B0GJYN6RMK, B0BV5YSSN2, B0G5XZ97FT, B0B96SKF89, B09PHKV6FL, B0GC5M63TG, B0DP8NRFCS, B0DBQPGBCH, B0B96T1YNM, B0BR59RB2V, B09XMRJRC3, B09STJSFH7, B0C5PW792C, B0G2BPN3JC, B0B4CMC1ZH, B0BK8QTWSS, B0GQM3KW6Q, B0B6TN1PNK, B0B4D3B4YB, B0DWSPCPL2, B0CCP6VGVD, B0BNK8QNHH, B0FX2358V1, B0DWSP63YW, B09Y5SWDC6, B0F7XN5GPX, B099W4HD7Z, B0F32VY8NN, B0F7GY2ZL8, B09YQWSF6Q, B0B5G1RL62, B0F7GZ7WLV, B0D9RMG3FY, B0CGLLNB7D, B0DLK3C74R, B0BQXS61N4, B0B6TMPTX6, B0FP2NHT1R, B0CR1NDYP4, B09ST5TT4D, B0DRZ9T9QM, B0B5G1PZX4, B0DNQLP6J9, B0BV6GL2VQ, B0BKZP5TLH, B0F9NK2K79, B0F5VRLKJC, B0D842HQWB, B09TSDWQKW, B0BHL538CZ, B0FXF927SR, B0BV25XTDR, B0BNK8F9B2, B0CXX8TH1X, B0G4MG5S8J, B0DRFGZLTD, B0GK5CDGR1, B0D4Q5G2QY, B0CM5M8YRQ, B0BQTWKMDC, B0BKZLXD4B, B0FLQ9J8SF, B0BQ1RTMCS, B0CW9QVFHC, B0CM8QLDZ3, B0BKZMDPLB, B0DWMCF5BW, B0CDVWXQHR, B0GQ7GZTKK, B0C7QS7L8N, B0GDFZ3163, B0CW9SKVPW, B0F7XWPN37, B0DP2B8SLZ, B0CTCPZBSB, B0BNK8DMNM, B0GSVMY5Z1, B09X2NW2QN, B0D62TXRC1, B0CM8SDD8K, B0BMWML4YT, B0B87DYP6T, B0CS3BG81H, B0CGLN66Q8, B0B45HCF5F, B0F37K7J3Z, B0G5YGFHTQ, B0B188FZJG, B0CQJQXCGP, B0B8Y3LZ4P, B0BQVDWVG6, B0BQH9TH1K, B09PHJC89C, B0DFBSCJ5C, B0CQJVGGPG, B0FX1YSJSH, B0CKRFRJLP, B0BG6SS5BJ, B0BJJJ48PZ, B0BFW3CNP4, B0D629F7FP, B09M9JYTG5, B0DNQM8449, B0GFMY3FP5, B0GCJS5G7F, B0BGGFT35Y, B0BZ8BY35J, B0FH64BX4K, B0BVPQDFWS, B0CJR5Z66G, B0B1M22B8K, B0FMRSM8SP, B0F9P4CMJZ, B0CS3B9STH, B0BNK7S1HK, B0BYTW8Q52, B0B8Y2NM7Z, B0FG7HCP68, B0DQPKG1FH, B0FMRLTM1Q, B0CBR73BPZ, B0G38TNZXP, B0G3WR3PHH, B0BQ8WDSGS, B0BLV8F3LZ, B09XTN17R6, B0CBQ1FLHX, B0DBPSQR7X, B0DTHLNY8X, B0CKQRN7QL, B0BQXSPCBM, B09MDWV54B, B0CT2LF8NF, B0DFPZ3Y52, B0BHN839MH, B09Y5TCVLR, B0CLTRMFYN, B09NXY288M, B0F7GY19HK, B0GCFW1SP5, B09M3P6MGQ, B0BHKZZ8HB, B0DKHBHDHW, B0CHNGT4P2, B0DHC8TL1B, B0DJ6KSB23, B0CKLGHT4P, B0FP6CFX6D, B09NVL3VF3, B0CM5MFTXX, B09PHKV394, B0FYFKRRNC, B0CLCQY9X2, B0BXRMTZ78, B0DHZLZLYF, B0G4TF439T, B0BV5SDYYM, B0BNK8DQ9R, B0G4P9PLTT, B0G22ZQFM3, B0CFDMYX9P, B0BX871VNQ, B0DQ41WJ76, B0BV25YVBY, B0BG5K4LFD, B0B64WHK94, B0D9PVNFB7, B0CLCS966K, B0CYZVT4PQ, B0DWSFB1G9, B0GR43B197, B0DFXW9QTY, B0FXDZ192C, B0BRSFC3M8, B0B212DYPC, B0CZP3HGYF, B0GTQBCNR9, B0DKN2TFQ3, B0CZP2JFM9, B0DG8Y5QZG, B0BP6QC2DV, B0BFDFJT8D, B09SVY98W8, B0DD6KD7CV, B0B5G1D8R1, B0DQ3B6DP9, B0D258HKW2, B0CR3Z9YP2, B0B6TMKH54, B0G37TZT3X, B0D62TNPCS, B0CS38ZB6Z, B0DZ2CNQ4Z, B0CTCR8VNF, B0CWQLKT83, B0BN4VG7MK, B0CT27G7ZJ, B0CJ8SL2NS, B0CCCTVP3N, B09Q31WNMV, B0CDLS9ZRK, B09Y58KTXN, B0D31D84W7, B0CWNXFLTJ, B0FT1153MW, B0BN4ZBJ3T, B0CBTXG7FR, B0B6TKZRV6, B0D4PRQ7M9, B0DHKXMFLK, B0FG7M46ZQ, B0DRFFT298, B0B3QNKTPS, B0F7XSFYRS, B0G3WLJV86, B09PHJ762R, B0DLZPJL4S, B0BX8714HK, B0BNGZYGPK, B0B6B4ZJDF, B0FMRRJZ12, B098N3YXDL, B0DP8CP8LZ, B0BQ319Y2F, B0CZP48J3B, B0CR1L1966, B0DBH24L1V, B0CTCP9JM3, B0CHR9HMF9, B0BXN6MRL5, B0GBTHT45W, B09STBXN19, B0DRD3H3W2, B09PHHRJB3, B0DJKLVSMH, B0BN57QTK7, B0F37KX2WF, B0CG933GVN, B0D83XH1JQ, B0C6DWTJYG, B0BQXTL3QB, B0BYTX6SGC, B0CBTTYRV4, B0CFQC1HHD, B0BQ6NW96R, B0BKZBHNDN, B09NVJZZ6W, B0BBLY24D5, B0BQV5522Q, B0FG7NG18W, B0D13MZGZB, B0BHLMP8Q1, B0BNP9KPF9, B0DJNDLDHM, B0CKMTP3K6, B0B3DKR9CZ, B0CR1QMFX7, B0BP1TFXK6, B0DJKMMTLQ, B0BN51HVML, B0BB17TLL8, B0F6N5HXCZ, B0CCCWT7YN, B0CR4765CN, B0B3DHHK7F, B0GQ9XLF49, B0CBR7MV1W, B0BKRQH6L6, B0FNRKWGNH, B0F36F15VH, B0DP4V58T2, B0BNK7DF6C, B0B87DGG1X, B0BQHHQ7D2, B0GV3K3WLN, B0G8GBTVD9, B0CG86YK3Y, B0DRF89THM, B0B64R43KL, B0D4PY2R62, B0BXW4Q5MY, B0DFW1KX1H, B0CBQ1W6TF, B0DJ6KMZZN, B0DZ2BTWF3, B0FWKC6LYH, B0GR59Q2X3, B0CKMT4NYK, B0CKRFHBSR, B0F1RRHS17, B0CLLH3NCP, B0BD4CTXNH, B0CZ8ZQ25F, B0987DRR7R, B09C57HDYB, B0DP4TG86N, B0DF1V9JBZ, B0F37FVGWR, B0BX8Q3LHF, B0BQQ196T1, B0CRRN8SZ3, B09Y57K7XB, B0CNV7YZMX, B0BMPQ9FJL, B0GLPGDCBJ, B0F7GYK3WM, B0CM5J8VSN, B0BTV87H23, B0DLZDBBCJ, B0DL1WFZWT, B0DRD1QJGM, B0DFWSSH1Y, B0CKRG5577, B0B5G1HN19, B0B87DV1WY, B0BV62NDT2, B0GFCD58J8, B0D251XBQN, B0BNT42GNH, B0CLV3SZ4B, B0BMWRJV77, B0DP8PR5Z6, B09T685R6B, B0F37KV4CZ, B0FS6JKQ5C, B0DJKPFRKW, B0DHS1QDPF, B0B5G3SHL8, B0DWSVKX8P, B0BRB3QVFK, B0G5Y3QRXL, B0CN6R1ZT1, B0CHR9BR6M, B0CW58WFFM, B0G3WLGQ16, B0DWMWNYGQ, B0FQBV96NS, B09C56SN11, B0GCFVWDSN, B0CHV3ZW2D, B0BD4CWT89, B0B64QJ7JD, B0DWSTNTDK, B0CCT6FL1X, B0BV5S9KL8, B0BN5B49BQ, B0DLVYG934, B0CN9FSBTD, B0B5173NQJ, B0CXDXLQ9X, B0BX883MMD, B0BTV891VF, B09Q5BS3YD, B09NXX1SV1, B0G4MB93K2, B0B87NK9B2, B0D97QT49Z, B0BVQ6YT2D, B0B8Y4QWQM, B09KGPTTSM, B0GQLZS73Q, B0BJK6BPJB, B0CWQNCMTM, B0BV5LKQ1M, B0BNK7ZHN6, B0FP48B7HZ, B0DCYGX3L3, B0CZ98YYPF, B0CT2DR79K, B0B9ZTX59N, B0CBPYWZH8, B09J8S6Q4C, B0CRTL7GMB, B0CM5MJ7FV, B0DL23LTKN, B0B87CDQCN, B0BKZMVSLR, B0BV64R658, B0FP285JCN, B0DP87PLGL, B0DBQFH7M8, B09VKVVG22, B0DLZMR57J, B0CN62MM6C, B0BJPMQZBJ, B0FSZXLD85, B0DRXLQX8X, B0BD4FDHFJ, B09Q5QZRT1, B0BMPG3WFP, B0CLCQ8NW4, B0BRSG54VB, B0B73Z22RZ, B0CKQPW1YN, B0FDQSX5XH, B0DJ1C9S5W, B0CXHZNTSY, B0CQNRPM3W, B0BQPSM9BB, B0G37HZ8BY, B0BPFBJGFY, B0BLC33TDM, B0F7GXW2Y1, B0G4MKGH2R, B0G62R5JZT, B0DLNXNRZN, B0GFWPBFXH, B0CYZWMVY1, B0BQXQG5HY, B09Y58NC6R, B0CQXDY1Z6, B0BLC443KW, B0B96QX9ZR, B0DWMDLN7Z, B0CG93MDVT, B0DRZLJKJK, B0D4PPSF5D, B0BNKD9LLK, B0B93XCSY9, B0BKRKHTLN, B0BP1VWCBJ, B0CJLBT4PP, B09X2PK9Z4, B0CM8T6R53, B0CWNXQY8B, B0987C24VL, B0FDQQWR16, B0DTHJ85ZN, B0BNK78G3J, B09DXXRTFV, B0BJJBMD3D, B09K34L2BW, B09G68L2Y6, B0F6N94BLX, B0FQC1YTV2, B0FGJ9M39R, B0FZBYPSB7, B0CT245Y9Y, B0BQPYL2GM, B09MDXZNKX, B0DLVPGGK9, B0DTHK5XKF, B0FV7YM8CP, B09K3YYL12, B0BG6W42YB, B0FRL8PCYR, B0CBS9LMD5, B0CP38BF2B, B0DLGRSFC8, B0FH6R2JFB, B0D9RN6VV5, B09ZY8VXFY, B0DWMS4N92, B09QLW4WRP, B0B3DFR9GW, B09W5GVKBQ, B0DHGB8JKJ, B0BTV7QRLL, B0GS7Q8167, B0CGQQHFSX, B0CTCQX58H, B0DQ3Y2XRM, B0CN94DWPS, B09YQVY32C, B0FP5C9LFC, B09GTHPWBQ, B0DLVVPKMT, B0CQ4WZXH7, B0DPMZV18T, B0D62THDKN, B0D2T71WYP, B0BX89K5X3, B0CTCSFRLX, B0CLN89RRL, B0CM8BFZVC, B0B96YDZPZ, B09TQFKFP7, B0CN6QPVJC, B099F5943J, B0BV5SSWYR, B0BNK7LC3H, B0F621CH9Q, B0DLVVC3F3, B0BQHCC5QS, B0DJ1CKMR9, B0C1GVH1R5, B0DB8F2SZN]",amzn1.campaign.3PYX2XMUZKE4,🍼 Instant Joy Celebration Bundle Campaign 🍼,cocomigo,2026-04-08,2026-11-20,10.00%,5000.0,5000.0,1,800,false
"[B0DKF27P61, B0DNV6FNQ4, B0DNV81WBR, B0DNV86Z77, B0DNV3YRLX]",amzn1.campaign.OYAB5C3UG036,High Demand Anti Snoring Nose Clip,SnoreLessNow,2026-04-08,2027-04-01,15.00%,1000000.0,1000000.0,0,800,false
[B0D47W3PGH],amzn1.campaign.2UKWAZMD6VGEJ,3K+ Monthly Sales| High Commission|Anti-Snore Mouth Guard,SnoreLessNow,2026-04-08,2027-04-01,15.00%,1000000.0,999820.0,0,800,false
"[B0D5YBPG1V, B0B4ZQDQ6Q, B0DR2CFT92, B0CJLP45K8, B0DF1XFG54, B0BGR1RQVC, B0GR9FC3T6, B0DRD4QF6C, B0BV22FSPP, B0GCH96ZJ2, B09XV9JQ9G, B0DG8WCKM4, B0B458BVWB, B0BXG56YJP, B0B8Y6HMYD, B0BV242DWL, B0CLQY7WSM, B0BV6G29Y2, B0DF7F5XMV, B0BMLDP99F, B0B5L2M74W, B09ZY7WKRQ, B0BV5QJXQC, B0BLC2DHQ5, B0CCCQN1PC, B0BHRVJ8M4, B0BJJMJF5W, B0BD4DGMVV, B0G3WNV7QM, B0F62PCBVC, B0GSVPKRN2, B0CZP52W15, B0CTCQPXW6, B0G4P791GH, B0B1L8F4JG, B0FBRX6ML4, B0DWDQP46M, B0CLN3K8Z9, B0BV5N4P2Y, B0D4M5WMYN, B0CZHJPJYQ, B0B5G4CYTS, B0FZZHRZJN, B0D2XDYCK1, B0BKQ99S3X, B09P5X2825, B0BQHKBXPH, B0GKGFSYK3, B0BV6D6QPQ, B0CXDKXS9Z, B0GQLZTSMX, B09H6HMFT1, B0BV25M73H, B0BTV6JTY9, B0BJJKY26B, B0BQ2ZB3NQ, B0BQ2X8LQ2, B09TSCZXTT, B0G41V7Z7J, B0DRFCVR4C, B0D4Q1HSBW, B0F7GXYMQ8, B0BV5LXHQ5, B0BG6WTXQ5, B0G7HG76BS, B0FN7WWJ11, B09LV8D7WS, B0F62C6H36, B0BK8PBCCD, B0DRHR3DS7, B0D4M82PYJ, B0GBTNYCKH, B0BKG3VZWB, B0CT23ZWC7, B0BV24XBFQ, B0BNN5XKDL, B0BRCHMMLM, B0DMNRQH6N, B0B5Q5JYYB, B0BKQ8TR84, B0FHPC9CSG, B0CM5P1J94, B0CS3D9CCZ, B0BQV6K6N5, B0DP2JZM8R, B0B6H3FLDV, B0DCJTRL7R, B0CR1P36KK, B0GRGX2F7X, B0C5WYTT8H, B0B8YL3QC5, B0BR58PQRY, B0CFD5V63F, B0DZMXK1RY, B0CR1R5FN2, B0BNK7NJPT, B0FZBCT51T, B0CS3BCN45, B09QLVXWML, B09P9Y2PJN, B0BV6GK2D1, B0BQ6M4MWB, B0F2HGLL6F, B0FV826JGR, B0F1MW55J6, B0BG9WRSBT, B0CF3WG1YV, B0B6TMXPSZ, B0CQ1S6JJJ, B0FX9TK877, B0BQXRYDN6, B09PHJCT7C, B0BR58LVH1, B0BQXQHLPY, B0G13RXQ8T, B0BHRWNFCQ, B0D97QHT8J, B0CTCQCS6N, B09VKS4LF2, B0DFPPFCTP, B0D4Q6XKVN, B09BN3K8J2, B0BJP5WF2P, B0BQHJNPTS, B0DNQRX2XF, B0BKZQH4BX, B0DHFTGVMF, B0DPX7NJBK, B0D14GRQBG, B0CJD79M9F, B09TQDCVGC, B0CG86WMQC, B0DJLTDYK3, B0CS3FZX2N, B0BQMH4RSS, B0FKSCH9W4, B0FP24LTYN, B0CWNWLC4H, B0CHBC42TW, B0BQPSZWL5, B0B87QZFD3, B0F4R8QXN5, B0BGR6SH3R, B0BN2QW2X6, B0DNDK12YF, B0BYTVQK2T, B09M88QXT2, B0FJRW6RX2, B0F2HHXJRY, B0BQHDMF11, B0B457L47Z, B09Q5SPLQK, B09MLGCMVP, B0G37DNMMT, B0BKRLWJC5, B0DZ2F5P4K, B0DHRZTZ5R, B0GJYN6RMK, B0BV5YSSN2, B0G5XZ97FT, B0B96SKF89, B09PHKV6FL, B0GC5M63TG, B0DP8NRFCS, B0DBQPGBCH, B0B96T1YNM, B0BR59RB2V, B09XMRJRC3, B09STJSFH7, B0C5PW792C, B0G2BPN3JC, B0B4CMC1ZH, B0BK8QTWSS, B0GQM3KW6Q, B0B6TN1PNK, B0B4D3B4YB, B0DWSPCPL2, B0CCP6VGVD, B0BNK8QNHH, B0FX2358V1, B0DWSP63YW, B09Y5SWDC6, B0F7XN5GPX, B099W4HD7Z, B0F32VY8NN, B0F7GY2ZL8, B09YQWSF6Q, B0B5G1RL62, B0F7GZ7WLV, B0D9RMG3FY, B0CGLLNB7D, B0DLK3C74R, B0BQXS61N4, B0B6TMPTX6, B0FP2NHT1R, B0CR1NDYP4, B09ST5TT4D, B0DRZ9T9QM, B0B5G1PZX4, B0DNQLP6J9, B0BV6GL2VQ, B0BKZP5TLH, B0F9NK2K79, B0F5VRLKJC, B0D842HQWB, B09TSDWQKW, B0BHL538CZ, B0FXF927SR, B0BV25XTDR, B0BNK8F9B2, B0CXX8TH1X, B0G4MG5S8J, B0DRFGZLTD, B0GK5CDGR1, B0D4Q5G2QY, B0CM5M8YRQ, B0BQTWKMDC, B0BKZLXD4B, B0FLQ9J8SF, B0BQ1RTMCS, B0CW9QVFHC, B0CM8QLDZ3, B0BKZMDPLB, B0DWMCF5BW, B0CDVWXQHR, B0GQ7GZTKK, B0C7QS7L8N, B0GDFZ3163, B0CW9SKVPW, B0F7XWPN37, B0DP2B8SLZ, B0CTCPZBSB, B0BNK8DMNM, B0GSVMY5Z1, B09X2NW2QN, B0D62TXRC1, B0CM8SDD8K, B0BMWML4YT, B0B87DYP6T, B0CS3BG81H, B0CGLN66Q8, B0B45HCF5F, B0F37K7J3Z, B0G5YGFHTQ, B0B188FZJG, B0CQJQXCGP, B0B8Y3LZ4P, B0BQVDWVG6, B0BQH9TH1K, B09PHJC89C, B0DFBSCJ5C, B0CQJVGGPG, B0FX1YSJSH, B0CKRFRJLP, B0BG6SS5BJ, B0BJJJ48PZ, B0BFW3CNP4, B0D629F7FP, B09M9JYTG5, B0DNQM8449, B0GFMY3FP5, B0GCJS5G7F, B0BGGFT35Y, B0BZ8BY35J, B0FH64BX4K, B0BVPQDFWS, B0CJR5Z66G, B0B1M22B8K, B0FMRSM8SP, B0F9P4CMJZ, B0CS3B9STH, B0BNK7S1HK, B0BYTW8Q52, B0B8Y2NM7Z, B0FG7HCP68, B0DQPKG1FH, B0FMRLTM1Q, B0CBR73BPZ, B0G38TNZXP, B0G3WR3PHH, B0BQ8WDSGS, B0BLV8F3LZ, B09XTN17R6, B0CBQ1FLHX, B0DBPSQR7X, B0DTHLNY8X, B0CKQRN7QL, B0BQXSPCBM, B09MDWV54B, B0CT2LF8NF, B0DFPZ3Y52, B0BHN839MH, B09Y5TCVLR, B0CLTRMFYN, B09NXY288M, B0F7GY19HK, B0GCFW1SP5, B09M3P6MGQ, B0BHKZZ8HB, B0DKHBHDHW, B0CHNGT4P2, B0DHC8TL1B, B0DJ6KSB23, B0CKLGHT4P, B0FP6CFX6D, B09NVL3VF3, B0CM5MFTXX, B09PHKV394, B0FYFKRRNC, B0CLCQY9X2, B0BXRMTZ78, B0DHZLZLYF, B0G4TF439T, B0BV5SDYYM, B0BNK8DQ9R, B0G4P9PLTT, B0G22ZQFM3, B0CFDMYX9P, B0BX871VNQ, B0DQ41WJ76, B0BV25YVBY, B0BG5K4LFD, B0B64WHK94, B0D9PVNFB7, B0CLCS966K, B0CYZVT4PQ, B0DWSFB1G9, B0GR43B197, B0DFXW9QTY, B0FXDZ192C, B0BRSFC3M8, B0B212DYPC, B0CZP3HGYF, B0GTQBCNR9, B0DKN2TFQ3, B0CZP2JFM9, B0DG8Y5QZG, B0BP6QC2DV, B0BFDFJT8D, B09SVY98W8, B0DD6KD7CV, B0B5G1D8R1, B0DQ3B6DP9, B0D258HKW2, B0CR3Z9YP2, B0B6TMKH54, B0G37TZT3X, B0D62TNPCS, B0CS38ZB6Z, B0DZ2CNQ4Z, B0CTCR8VNF, B0CWQLKT83, B0BN4VG7MK, B0CT27G7ZJ, B0CJ8SL2NS, B0CCCTVP3N, B09Q31WNMV, B0CDLS9ZRK, B09Y58KTXN, B0D31D84W7, B0CWNXFLTJ, B0FT1153MW, B0BN4ZBJ3T, B0CBTXG7FR, B0B6TKZRV6, B0D4PRQ7M9, B0DHKXMFLK, B0FG7M46ZQ, B0DRFFT298, B0B3QNKTPS, B0F7XSFYRS, B0G3WLJV86, B09PHJ762R, B0DLZPJL4S, B0BX8714HK, B0BNGZYGPK, B0B6B4ZJDF, B0FMRRJZ12, B098N3YXDL, B0DP8CP8LZ, B0BQ319Y2F, B0CZP48J3B, B0CR1L1966, B0DBH24L1V, B0CTCP9JM3, B0CHR9HMF9, B0BXN6MRL5, B0GBTHT45W, B09STBXN19, B0DRD3H3W2, B09PHHRJB3, B0DJKLVSMH, B0BN57QTK7, B0F37KX2WF, B0CG933GVN, B0D83XH1JQ, B0C6DWTJYG, B0BQXTL3QB, B0BYTX6SGC, B0CBTTYRV4, B0CFQC1HHD, B0BQ6NW96R, B0BKZBHNDN, B09NVJZZ6W, B0BBLY24D5, B0BQV5522Q, B0FG7NG18W, B0D13MZGZB, B0BHLMP8Q1, B0BNP9KPF9, B0DJNDLDHM, B0CKMTP3K6, B0B3DKR9CZ, B0CR1QMFX7, B0BP1TFXK6, B0DJKMMTLQ, B0BN51HVML, B0BB17TLL8, B0F6N5HXCZ, B0CCCWT7YN, B0CR4765CN, B0B3DHHK7F, B0GQ9XLF49, B0CBR7MV1W, B0BKRQH6L6, B0FNRKWGNH, B0F36F15VH, B0DP4V58T2, B0GVYQXGKN, B0BNK7DF6C, B0B87DGG1X, B0BQHHQ7D2, B0GV3K3WLN, B0G8GBTVD9, B0CG86YK3Y, B0DRF89THM, B0B64R43KL, B0D4PY2R62, B0BXW4Q5MY, B0DFW1KX1H, B0CBQ1W6TF, B0DJ6KMZZN, B0DZ2BTWF3, B0FWKC6LYH, B0GR59Q2X3, B0CKMT4NYK, B0CKRFHBSR, B0F1RRHS17, B0CLLH3NCP, B0BD4CTXNH, B0CZ8ZQ25F, B0987DRR7R, B09C57HDYB, B0DP4TG86N, B0DF1V9JBZ, B0F37FVGWR, B0BX8Q3LHF, B0BQQ196T1, B0CRRN8SZ3, B09Y57K7XB, B0CNV7YZMX, B0BMPQ9FJL, B0GLPGDCBJ, B0F7GYK3WM, B0CM5J8VSN, B0BTV87H23, B0DLZDBBCJ, B0DL1WFZWT, B0DRD1QJGM, B0DFWSSH1Y, B0CKRG5577, B0B5G1HN19, B0B87DV1WY, B0BV62NDT2, B0GFCD58J8, B0D251XBQN, B0BNT42GNH, B0CLV3SZ4B, B0BMWRJV77, B0DP8PR5Z6, B09T685R6B, B0F37KV4CZ, B0FS6JKQ5C, B0DJKPFRKW, B0DHS1QDPF, B0B5G3SHL8, B0DWSVKX8P, B0BRB3QVFK, B0G5Y3QRXL, B0CN6R1ZT1, B0CHR9BR6M, B0CW58WFFM, B0G3WLGQ16, B0DWMWNYGQ, B0FQBV96NS, B09C56SN11, B0GCFVWDSN, B0CHV3ZW2D, B0BD4CWT89, B0B64QJ7JD, B0DWSTNTDK, B0CCT6FL1X, B0BV5S9KL8, B0BN5B49BQ, B0DLVYG934, B0CN9FSBTD, B0B5173NQJ, B0CXDXLQ9X, B0BX883MMD, B0BTV891VF, B09Q5BS3YD, B09NXX1SV1, B0G4MB93K2, B0B87NK9B2, B0D97QT49Z, B0BVQ6YT2D, B0B8Y4QWQM, B09KGPTTSM, B0GQLZS73Q, B0BJK6BPJB, B0CWQNCMTM, B0BV5LKQ1M, B0BNK7ZHN6, B0FP48B7HZ, B0DCYGX3L3, B0CZ98YYPF, B0CT2DR79K, B0B9ZTX59N, B0CBPYWZH8, B09J8S6Q4C, B0CRTL7GMB, B0CM5MJ7FV, B0DL23LTKN, B0B87CDQCN, B0BKZMVSLR, B0BV64R658, B0FP285JCN, B0DP87PLGL, B0DBQFH7M8, B09VKVVG22, B0DLZMR57J, B0CN62MM6C, B0BJPMQZBJ, B0FSZXLD85, B0DRXLQX8X, B0BD4FDHFJ, B09Q5QZRT1, B0BMPG3WFP, B0CLCQ8NW4, B0BRSG54VB, B0B73Z22RZ, B0CKQPW1YN, B0FDQSX5XH, B0DJ1C9S5W, B0CXHZNTSY, B0CQNRPM3W, B0BQPSM9BB, B0G37HZ8BY, B0BPFBJGFY, B0BLC33TDM, B0F7GXW2Y1, B0G4MKGH2R, B0G62R5JZT, B0DLNXNRZN, B0GFWPBFXH, B0CYZWMVY1, B0BQXQG5HY, B09Y58NC6R, B0CQXDY1Z6, B0BLC443KW, B0B96QX9ZR, B0DWMDLN7Z, B0CG93MDVT, B0DRZLJKJK, B0D4PPSF5D, B0BNKD9LLK, B0B93XCSY9, B0BKRKHTLN, B0BP1VWCBJ, B0CJLBT4PP, B09X2PK9Z4, B0CM8T6R53, B0CWNXQY8B, B0987C24VL, B0FDQQWR16, B0DTHJ85ZN, B0BNK78G3J, B09DXXRTFV, B0BJJBMD3D, B09K34L2BW, B09G68L2Y6, B0F6N94BLX, B0FQC1YTV2, B0FGJ9M39R, B0FZBYPSB7, B0CT245Y9Y, B0BQPYL2GM, B09MDXZNKX, B0DLVPGGK9, B0DTHK5XKF, B0FV7YM8CP, B09K3YYL12, B0BG6W42YB, B0FRL8PCYR, B0CBS9LMD5, B0CP38BF2B, B0DLGRSFC8, B0FH6R2JFB, B0D9RN6VV5, B09ZY8VXFY, B0DWMS4N92, B09QLW4WRP, B0B3DFR9GW, B09W5GVKBQ, B0DHGB8JKJ, B0BTV7QRLL, B0GS7Q8167, B0CGQQHFSX, B0CTCQX58H, B0DQ3Y2XRM, B0CN94DWPS, B09YQVY32C, B0FP5C9LFC, B09GTHPWBQ, B0DLVVPKMT, B0CQ4WZXH7, B0DPMZV18T, B0D62THDKN, B0D2T71WYP, B0BX89K5X3, B0CTCSFRLX, B0CLN89RRL, B0CM8BFZVC, B0B96YDZPZ, B09TQFKFP7, B0CN6QPVJC, B099F5943J, B0BV5SSWYR, B0BNK7LC3H, B0F621CH9Q, B0DLVVC3F3, B0BQHCC5QS, B0DJ1CKMR9, B0C1GVH1R5, B0DB8F2SZN]",amzn1.campaign.T42KKFBNT2S4,🎉 One-Box Party Magic Maker Campaign 🎉,cocomigo,2026-04-08,2026-12-07,10.00%,5000.0,5000.0,9,800,false
"[B0CK88MDGH, B0CXSW4JBQ, B0CK88XPD5, B0CXSGDLV4, B0C1V36S4N, B0C1V3GCQW]",amzn1.campaign.2CJEB2ZK9U4OF,4.6-扁铁（10%,HNRLOY,2026-04-07,2027-02-07,10.00%,5000.0,5000.0,0,800,false
"[B0FMBGJM69, B0D2JG86VD, B09WF43789, B0F9NXRFSF, B0B917PRXX, B0GLXR6V3B, B0FMR54VKC, B0FMBMVS1B, B0DRDZRV2Z, B0CSZ62YYN, B0DPBB2V7X]",amzn1.campaign.3UCYU8K7KRCTZ,"Hiwawind  Magnetic blocks  STEM Building Toys ,Idea gifts for kids 10%",Hiwawind,2026-04-07,2026-12-26,10.00%,5000.0,4996.6,4,800,false
"[B0CLRS1BZD, B0CLRTGW33, B0CLRS1BZF, B0CLRS84DM, B0CLRTH4TS, B0CLRRMQTW]",amzn1.campaign.207HKG722ZYN5,4.6-550皂液器(10%,EHORIA,2026-04-07,2027-02-07,10.00%,5000.0,5000.0,19,800,false
"[B0CK84QGF7, B0C2TL4HD3, B0CK83MNL4, B0C2TJPQSD]",amzn1.campaign.1WMMDCTWDF6XN,4.6马桶凳(10%,JOPSTDI,2026-04-07,2027-02-07,10.00%,5000.0,5000.0,21,800,false
"[B0DKT4WR4K, B0C2TPGSN8, B0CNP3P8HZ]",amzn1.campaign.2J1S95M2V8UBJ,4.6三角形（10%,JOPSTDI,2026-04-07,2027-02-07,10.00%,5000.0,5000.0,14,800,false
"[B0FMBGJM69, B0D2JG86VD, B09WF43789, B0F9NXRFSF, B0B917PRXX, B0GLXR6V3B, B0FMR54VKC, B0FMBMVS1B, B0DRDZRV2Z, B0CSZ62YYN, B0DPBB2V7X]",amzn1.campaign.2ZHDHVH8736DX,"Hiwawind  Magnetic blocks  STEM Building Toys ,Idea gifts for kids 10%",Hiwawind,2026-04-08,2026-12-27,10.00%,5000.0,5000.0,15,800,false
"[B0FMBGJM69, B0D2JG86VD, B09WF43789, B0F9NXRFSF, B0B917PRXX, B0GLXR6V3B, B0FMR54VKC, B0FMBMVS1B, B0DRDZRV2Z, B0CSZ62YYN, B0DPBB2V7X]",amzn1.campaign.JIA5ACKOGXT9,"Hiwawind  Magnetic blocks  STEM Building Toys ,Idea gifts for kids 10%",Hiwawind,2026-04-07,2026-12-27,10.00%,5000.0,5000.0,21,800,false
[B0DNZCWNZS],amzn1.campaign.1YS8OQZ3FGFRU,4.6黑色香水架（10%,EXIN DECHEN,2026-04-07,2027-02-07,10.00%,5000.0,5000.0,12,800,false
"[B0DTHD9DHH, B0FT8C4TRC, B0DTHDLSJ5, B0DTHF71LK, B0DTHBL7BF, B0FT7YJ51D, B0DTHD2RST, B0FT7YYKL3, B0FT87GKRG, B0FT8CLBMJ]",amzn1.campaign.156FU0FS4FTB4,4.6扇形置物架（10%,Forest Angle,2026-04-07,2027-02-07,10.00%,5000.0,5000.0,15,800,false
"[B0DPWCPV8C, B0DPWCJ7BC]",amzn1.campaign.2YHKWN924HWE2,4.6三角架（10%,Forest Angle,2026-04-07,2027-02-07,10.00%,5000.0,5000.0,12,800,false
"[B0DPWVY3PT, B0DPWV67JY, B0F1F93PVL]",amzn1.campaign.X7PNUABAXROX,4.6马桶凳（10%,Forest Angle,2026-04-07,2027-02-07,10.00%,5000.0,5000.0,29,800,false
"[B0DFWBHVNF, B0CWHBQ6B5, B0C6R2CVXV, B0C6R33PPD, B0CWHBJ1DY, B0C6R3LM8B, B0C6R1Q7ND, B0G5DZ7ZMD, B0CWH9T3KD, B0CWH9DM5F, B0C6R2HSCC, B0CWHBYQHM, B0CWHBSLHC, B0C6QZ8Y73, B0CWHB1RYM, B0CWHBQ69Z, B0CWH4SN5R, B0CWH9LSSG, B0CWHCVZNG, B0CWHDC385, B0C6R2Y21P, B0CWH9G4VL, B0C6R1PNGW, B0CWHBMPKK, B0CWH2FLHY, B0CWHBF1SJ, B0CWHCDK7F, B0CWH7Z4XZ, B0C6R1NJ5J, B0CWH3V5MY, B0C6QZCVB7, B0CWH2KP8Z, B0CWHCSHV1, B0CWH92GZT, B0CWH9G4X6, B0CWHBQNKW, B0CWHCDTJL, B0CWH9J9P8, B0CWH9F9CJ, B0CWH9B3D3, B0CWHB3BW9, B0D9XLH12F, B0CWHBJLVM, B0C6QZFY97, B0CWHB5SJ5, B0CWHBZQ7Y, B0CWHBGNZW, B0CWHCL1GZ, B0C6R3CF7Z, B0CWHCGFG1, B0G5DPFMX2, B0CWH9L88C, B0C6R41W4F, B0C6R151GF, B0C6R35BD4, B0G5DZNNWQ, B0C6R35C56, B0C6R1K73S, B0CWHBVVWP, B0C6R1DFWB, B0CWH9JLP8, B0CWH9JLP7, B0CWHBQWPH, B0C6R126B3, B0CWHB2CLV, B0CWH2MYWD, B0C6R3B2DY, B0CWH993HM, B0G5F16C5B, B0CWH7ZYF3, B0C6R3DP2W, B0CWHC3SNK, B0CWHBZQBC, B0C6R1HZ2K, B0CWHBMR1T, B0CWH9N71Y, B0CWHBFV6L, B0C6R138R6, B0C6R28NX9, B0C6R1R82H, B0CWH9BN2Y, B0G5DWWS4Q, B0C6QZ6B54, B0CWHBYQDT, B0CWH95CMT, B0CWHB7P8L, B0CWHB3NYN, B0G5DCQJG8, B0CWHBCRYV, B0C6R3C9ZV, B0CWH9JSGC, B0CWHDBQQH, B0CWHBTJFZ, B0CWHCLVJ6, B0DGCXKDFT, B0CWHBD5MY, B0CWH91RGQ, B0CWH9BXY8, B0C6R2BJ1Q, B0CWH7ZYCS]",amzn1.campaign.3E1QP8H7TXYZC,Custom Size Indoor & Outdoor Bamboo Blinds – Tiered Discount Promotion,HIAPES,2026-04-07,2027-04-07,10.00%,20000.0,19737.43,0,800,false
"[B0FKGT4FZ1, B0FKGT325F]",amzn1.campaign.1VERFJ33614SX,4.6木质香水架（10%,Forest Angle,2026-04-07,2027-02-07,10.00%,5000.0,5000.0,16,800,false
"[B0D838C8HX, B0D82KXFR5, B0D839HWT5, B0D83JQL68, B0D922B85K, B0D82Z54B1, B0D831Z722, B0D82XDNT2, B0D82X69KY, B0D832FSQ9, B0D83D11SB, B0D833L34C, B0D831KJY8, B0D83KVQ65, B0D83NK4C9, B0D83K96VK, B0D921K11G, B0D83CXVCF, B0D922FQY4, B0D82ZDN99, B0D833PTRW, B0D82X7FYT, B0D8359LMJ, B0D921BNMQ, B0D83G25NG, B0D83DS2R7, B0D921HSZC, B0D83KYKS5, B0D921SBNL, B0D831KK32, B0D836736M, B0D91ZDM49, B0D81RVCNH, B0D82Z6BJZ, B0D83PCGTZ, B0D921DGKH, B0D835HD42, B0D9215CRM]",amzn1.campaign.30AJE4OAUGIRJ,Women's Waterproof Steel Toe Work Safety Shoes,Stasslang,2026-04-07,2027-04-07,20.00%,5000.0,5000.0,0,800,false
"[B0F13FLLFT, B0F13CNYYB]",amzn1.campaign.BGCI1VUR6TO7,4.6牙刷架（10%,Forest Angle,2026-04-07,2027-02-07,10.00%,5000.0,5000.0,29,800,false
"[B099K9SYJD, B0CSSVKWZL, B0DCZH9ZW8, B099KDS6RX, B0CSSXZSKV]",amzn1.campaign.35D01DSXU89YP,✈️ EDC / Travel Friendly,IfU,2026-04-07,2027-04-07,25.32%,5000.0,4988.61,2,800,false
"[B099K9SYJD, B0CSSVKWZL, B0DCZH9ZW8, B099KDS6RX, B0CSSXZSKV]",amzn1.campaign.31GU37BA83D7Z,🧰 Tutorial / How-To Style,IfU,2026-04-07,2027-04-07,25.31%,5000.0,5000.0,9,800,false
"[B099K9SYJD, B0CSSVKWZL, B0DCZH9ZW8, B099KDS6RX, B0CSSXZSKV]",amzn1.campaign.1AOXMO0ROCEQH,❓ Q&A / Pain Point Solved,IfU,2026-04-07,2027-04-07,25.21%,5000.0,5000.0,9,800,false
"[B0FP98FQMQ, B0GHGYFZHT, B0FP9GF2ZY, B0GHGDSNS9, B0FPFS56JP, B0FP9QJNPK, B0FP59BC4M, B0FPBMNXBP, B0FP9D88HX, B0GHFK9NTG, B0FNRY384M, B0GHGFVXQD, B0FPBPLRLR, B0FPBPB3C4, B0GHFS2JXV, B0FPBMLJCC, B0GHGP33V2, B0FP5SWDQJ, B0GHGCY9H3, B0FPBK41WN, B0FP9T8VT6, B0FPBKL9N9, B0GHGCNQQF, B0FP9RCVT6, B0FP9MMZ9Y, B0GHGDGTJ6, B0FP6KD2C8]",amzn1.campaign.3OJRYEAF4ZKSK,10% Commission Awaits – Partner with Us for Long-Term Success!,YCWSPEMR,2026-04-09,2027-04-07,10.00%,10000.0,10000.0,1,800,false
"[B099K9SYJD, B0CSSVKWZL, B0DCZH9ZW8, B099KDS6RX, B0CSSXZSKV]",amzn1.campaign.3709HPI6P4R66,🚀 Hype / “Best thing ever”,IfU,2026-04-07,2027-04-07,25.11%,5000.0,5000.0,10,800,false
"[B0CRPV3SJ2, B0CRPV41F5, B0CRPTX99Q, B0CRPVKYJL, B0CRPWLSLL, B0CRPVC44Y, B0CRPTW8C5, B0CRPWWC5R, B0CRPVSFSQ, B0CRPVDVQX, B0CHHK64ZK, B0CRPVXDXS, B0CRPV5L5T, B0CRPVJ9RN, B0CRPTQC1C, B0CRPT77G5, B0CHHFLT8K, B0CRPVVR51, B0CRPTWDGW, B0CHH7TR72, B0CQCCWKK9, B0CQCHDQQ4, B0CRPTS9D9, B0CRPVKBPR, B0CRPVBMJT, B0CRPTLWSX, B0CHHM5CNS, B0CRPV6SGM, B0CRPV3BDY, B0CRPTSZDN, B0CHHL1MQW, B0CHHD4QGQ, B0CHHT7HXF, B0CRPV9H39, B0CRPVPSRN, B0CRPSDDF9, B0CHHRHT2K, B0CHH7DH1W, B0CHH1LLZ9, B0CRPVDDYB]",amzn1.campaign.36KBJDXTU69XS,方管扶手,ACQUAN,2026-04-07,2026-12-31,10.00%,8000.0,7933.32,11,800,false
"[B099K9SYJD, B0CSSVKWZL, B0DCZH9ZW8, B099KDS6RX, B0CSSXZSKV]",amzn1.campaign.1IH8DPG87EWCC,🏠 Everyday Hero,IfU,2026-04-07,2027-04-07,24.40%,5000.0,5000.0,14,800,false
"[B0FP98FQMQ, B0GHGYFZHT, B0FP9GF2ZY, B0GHGDSNS9, B0FP9QJNPK, B0FPFS56JP, B0FP59BC4M, B0FPBMNXBP, B0FP9D88HX, B0GHFK9NTG, B0FNRY384M, B0GHGFVXQD, B0FPBPLRLR, B0GHFS2JXV, B0FPBPB3C4, B0FPBMLJCC, B0GHGP33V2, B0FP5SWDQJ, B0GHGCY9H3, B0FPBK41WN, B0FP9T8VT6, B0FPBKL9N9, B0GHGCNQQF, B0FP9RCVT6, B0FP9MMZ9Y, B0GHGDGTJ6, B0FP6KD2C8]",amzn1.campaign.W3OVI79Y1E4R,Maximize Your Earnings – Unlimited 10% Commission Opportunities!,YCWSPEMR,2026-04-08,2027-02-28,10.00%,10000.0,10000.0,14,800,false
"[B099K9SYJD, B0CSSVKWZL, B0DCZH9ZW8, B099KDS6RX, B0CSSXZSKV]",amzn1.campaign.3EM4I248ZLBXE,🔧 Tech Enthusiast / Spec-Heavy,IfU,2026-04-07,2027-04-07,25.30%,5000.0,5000.0,14,800,false
"[B0FKT5TY7X, B0FKT2B1WQ]",amzn1.campaign.2MFHTMDWYQLWJ,4.6木质香水架（10%,YIOJOYD,2026-04-07,2027-02-07,10.00%,5000.0,5000.0,16,800,false
[B0FCYDSXS8],amzn1.campaign.3PFTTA5Q5I3GY,4.6黑色香水架（10%,YIOJOYD,2026-04-07,2027-02-07,10.00%,5000.0,5000.0,24,800,false
"[B0FP98FQMQ, B0GHGYFZHT, B0FP9GF2ZY, B0GHGDSNS9, B0FP9QJNPK, B0FPFS56JP, B0FP59BC4M, B0FPBMNXBP, B0FP9D88HX, B0GHFK9NTG, B0FNRY384M, B0GHGFVXQD, B0FPBPLRLR, B0GHFS2JXV, B0FPBPB3C4, B0FPBMLJCC, B0GHGP33V2, B0FP5SWDQJ, B0GHGCY9H3, B0FPBK41WN, B0FP9T8VT6, B0FPBKL9N9, B0GHGCNQQF, B0FP9RCVT6, B0FP9MMZ9Y, B0GHGDGTJ6, B0FP6KD2C8]",amzn1.campaign.1HR8PF4NBJXHG,"Long-Term Cooperation – Stable Earnings Never Stop, 10% Commission Per Order",YCWSPEMR,2026-04-07,2027-03-31,10.00%,10000.0,10000.0,6,800,false
"[B099K9SYJD, B0CSSVKWZL, B0DCZH9ZW8, B099KDS6RX, B0CSSXZSKV]",amzn1.campaign.1WAAK3DP2CCWI,⚡ Before vs. After,IfU,2026-04-07,2027-04-07,25.20%,5000.0,5000.0,13,800,false
"[B099K9SYJD, B0CSSVKWZL, B0DCZH9ZW8, B099KDS6RX, B0CSSXZSKV]",amzn1.campaign.1UHEXYSMXLSHA,📋 Bullet Point Lover,IfU,2026-04-07,2027-04-07,25.10%,5000.0,5000.0,11,800,false
"[B099K9SYJD, B0CSSVKWZL, B0DCZH9ZW8, B099KDS6RX, B0CSSXZSKV]",amzn1.campaign.1N6Q6W0DF99HR,📖 Storytelling / Relatable Fail,IfU,2026-04-07,2027-04-07,25.00%,5000.0,5000.0,18,800,false
"[B099K9SYJD, B0CSSVKWZL, B0DCZH9ZW8, B099KDS6RX, B0CSSXZSKV]",amzn1.campaign.OIXQA5GPL4RA,🎯 Short & Punchy,IfU,2026-04-08,2027-04-08,25.00%,5000.0,5000.0,27,800,false
"[B07XV6YWW8, B07XVJVJSC, B07XVFYRXN, B07XLPGXVX, B07XLPGXVY, B07XV7NCMX, B07XVF1FT2, B07XVFNFGQ, B07XVKPXKB, B07XV2Y1T7, B07XVJNFLK, B07XVFRL9Q, B07XV8BS3T, B07XLRN9CB]",amzn1.campaign.15T4EGRE18GVV,RECT-RING-2520-FBA,BIKICOCO,2026-04-07,2026-10-02,10.00%,5000.0,4999.06,5,800,false
[B0GR941WYX],amzn1.campaign.OQ1A77D8P3KL,Creator Collaboration Opportunity – Japanese Fixed Blade Knife with Sheath,Freelander,2026-04-07,2026-10-31,10.00%,5000.0,4750.02,17,800,false
"[B0GFC3NH72, B0F9PWM5KD, B0F9PW9QL1, B0F9PTSHRC, B0GFC9J7LK, B0FCG83RGP, B0GFCBG98C, B0FLQDS87R, B0GFC9CFQ3, B0GFC8WKLH, B0F9Q2GYR7, B0GFCC3TL9, B0F96P3D89, B07QL3YKSD, B07QN2BF98, B07QP48SW1, B0F9QH9KG6, B07QP3H9J9, B0GFCFWPWL, B0GFC3RTWC, B0F9PXS2GD, B0GFC9S1TH, B0GFCFXGS7, B07QP3MT58, B07QP28J53, B0FLLDLVVJ, B07QL3YNL4, B0FCGBS593, B0GFCCPGSM, B07QP25BQ1, B0GFC4FY32, B0F9Q1Q6PB, B0F9PYJP57, B0FLQD8N6M, B0F9PYLVWS, B07QN1KYGH, B0F95G7P9B, B0GFC3MMK8, B07QP4G2TD, B0F9PZMKTZ, B0F9Q1BXST, B0GFC6SJCH, B0FCDSFSJ1, B0FLQCXTY6, B0FDQ3ZSXB, B0FCG8HLYB, B0F9QVTZ42]",amzn1.campaign.19CL64F9BG38E,Teazzer Creator Promo - 15% - All - 6 months,Teazzers,2026-04-07,2026-10-07,15.00%,50000.0,49849.46,0,800,false
"[B0CY9PQKYS, B091D66DHX, B0CY9N6NNL, B0CY9MYS3B, B0B33VTYN7, B0B33KGXZG, B0B6JL5TSL, B0CY9PQRNR, B0BGCMLTWD, B0B6JKXNK9, B0B2SDP668, B0B6JMCMPZ, B0B3TSDJ89, B0BGJC9F1T, B0B6JKZYB1, B0B33WX2QC, B0B33W9PR4, B0B6JJV9K5, B0B6JM22KW, B0B348LNSW, B0B3TWJRPD, B0B33H7V14, B0CSC321RK, B0B354R57L, B0B3TWSFLX, B0B33Q2MW3, B0B6JMYDFM, B0CY9NL51X, B0B6JKFD3C, B0BGJGPPFS, B0B2SGBPG3, B0B33VG7KL, B0CJSLX4CR, B0B6JMNFD1, B0CY9MGS6W, B0CSC2DD75, B0B34295WL, B0B6JNZ9JV, B0B344VTX8, B0B33SHMRR, B0CY9PXL7J, B0B6JMTQPJ, B0CY9NVZM6, B0B33Z18M5, B0B6JLHQJL, B0CY9PYYFP, B0B345654M, B0B33VKGFJ, B0D1C7Q1C2, B0B2SD81B2, B0B6JN51HX, B0B2SD57G3, B0B33MS279, B0BGCQ5P6H, B0B6JJTPT6, B0B33XBJ79, B0B6JLW826, B0CXXX1CYC, B0D1CJ94ZS, B0D1C7LGKV, B0BGCPRBZF, B0CY9NFV3B, B0B3TS8Y1V, B0CXXRQVZ4, B0B33VTFSM, B09ZLSZ5QT, B0D9GXMNNZ, B0CY9P5XQK, B0B354C1X3, B0B33KY1KW, B0B33TS3J1, B0B3TW7HJM, B0CSC1J9N2, B0BGJD2Y5J, B0B355HP2S, B0B33F9M2Q, B0CSBZVV6D, B0B15L2LGD, B0B33FC4LJ, B0B3TV4QNX, B0B3TX8SH7, B0B33XZJJV, B0CY9ND1H6, B0B6JJBCV5, B0B33RXDD5, B0B6JLVKJW, B0D1CGZJQR, B0BGJDT7VQ, B0B3TR6Y7T, B0B2SBHBPY, B0D1C3RH4D, B0BGJF6FM5, B0B32QQPT6, B0B2SC92YG, B0D1CGCDJL, B0BGJFRQ6X, B0CY9P1Y7Y, B0B33PKPR7, B0CY9NY8NP, B0CJSS4TG3, B0B3V4M6KB, B0D1CKZL7L, B0B3491GFB, B0BGJGCZ13, B0B34BJQFV, B0B33WYTDX, B0B6JNXHQB, B0B15K2ZXM, B0B33S4XYS, B0B341BG77, B0B342QFY5, B0B33VRWDD, B0B6JKJ66T, B0B33R1G9X, B0CXXMJSJM, B0B3TV1WRJ, B0B6JN1G3C, B0B6JLJRBS, B0B345H9D2, B0CY9MRC36, B0B3565RVS, B0B3TQLRNB, B0CSC2G3YC, B0B6K1HBFG, B0B6JLZ6HZ, B0B33T3CF3, B0B33QX1FP, B0D1CG7YCL, B0B3TTGBP5, B0BGK1H3LJ, B0B2SBY7RS, B0CXXZSY9J, B0B3TT7GYK, B0B2SFP95D, B0B33KKM11, B0CXXTDR9Q, B0B33X47X3, B0D1C81DV6, B0B33YV86P, B0D1CKGRSZ, B0B3TVXDXL, B0B33Q2PVC, B0B6JPMQLX, B0B3TSZFSZ, B0B3TWW1B2, B0B33L28F1, B0B33KRWH5, B0CSC2PN3P, B0BGCQW5HM, B0B348YX6J, B0CXXZFM84, B0CY9P7888, B0B33RSBD6, B0B3TTTD4W]",amzn1.campaign.3DGHBCAZY8TPF,Ruth's Brownies -Creator Promo - 20% - All ASIN - 6 months,Ruth's Brownies,2026-04-07,2026-10-07,20.00%,50000.0,49947.0,0,800,false
"[B0DGKHZGBF, B0DGKBQ3JV, B0D9K7CG11, B0C7KPMVVS, B0DGK64B72, B0GC51JR5W]",amzn1.campaign.19YG966G0F63T,4 Inch 8ft Heavy Duty Dryer Vent Hose with 2 Clamps,LHHXX33,2026-04-07,2027-04-01,10.00%,5000.0,4880.93,2,800,false
"[B0FQMF41XK, B0FQNBGKPZ, B0FQMDZ5HS, B0FQMQ7BF7, B0FQMPZD9Q]",amzn1.campaign.2FNU21YNVSHOL,1000 Puzzle Roaming Plan: Unlock immersive time with 15% commission,HAEXU,2026-04-07,2026-10-31,15.00%,5000.0,4994.3,6,800,false
"[B0CRZ13D8W, B07V7D17C8, B0CRYYN7MM]",amzn1.campaign.N64B80O1TQC7,Marvesol - Creator Promo - 20% - 6 Months,Marvesol,2026-04-07,2026-10-07,20.00%,50000.0,49998.0,0,800,false
"[B0GJD43P9M, B0FXFDJQQH, B0GJD7VWZD, B0FXFKXXLC, B0GJDF2J9R, B0FXG12DW4, B0FXF4S2VB, B0GJ4DCTVK, B0FXFGYDGL, B0GJD7RRQQ]",amzn1.campaign.1GK7WAXJ1HZSJ,Collaboration Invite: 10% Commission on Moissanite Dangle Earrings,Aenthelia,2026-04-08,2026-12-31,10.00%,5000.0,5000.0,1,800,false
"[B0GQKC346L, B0GLF7YHY7]",amzn1.campaign.KPVIDQSLJGX5,"A4 14"" Laptop Screen Extender",FEZOBR,2026-04-07,2027-04-07,12.00%,10000.0,9754.84,0,800,false
"[B0GRHTS9J9, B0GRHWC5WD, B0GRHZLJX3]",amzn1.campaign.1HUNFSRXDMI7K,Dressy Casual Work Blouse -12%Commission,Mincib,2026-04-10,2027-04-10,12.00%,5000.0,4989.38,0,800,false
"[B0GRGPTWLR, B0GRGNBS7K, B0GRGLHXS5]",amzn1.campaign.4EQNII299NTN,Ruffle Striped Shirt-12%Commission,Mincib,2026-04-10,2027-04-10,12.00%,5000.0,4992.62,0,800,false
[B09FG4VQ56],amzn1.campaign.NABCGVCDPSZU,"🎮 Game On! 1-Box Gamer Party Kit – 10-Min Setup, Photo-Ready! 🕹️📸",JiaYJinX,2026-04-07,2027-04-07,12.00%,5000.0,5000.0,27,800,false
[B0FPFSRQ99],amzn1.campaign.1KPGFXFQS08BK,"🎮 Gamer’s Dream Party Kit! 10-Min Setup, Epic Backdrop – Ready to Play! 🕹️",JiaYJinX,2026-04-07,2027-04-07,10.00%,5000.0,5000.0,19,800,false
[B091TGSD7R],amzn1.campaign.GCE9KKBYSAYB,"🚒 Rescue-Themed Party Kit! 10-Min Setup, Fire Truck Backdrop – Tattoo Fun! 🔥",JiaYJinX,2026-04-07,2027-04-07,10.00%,5000.0,5000.0,26,800,false
[B0CSXFZ6X6],amzn1.campaign.2ZKW7SBOL7KJO,"Navy Blue Milestone Party! 10-Min Setup, Photo-Ready Backdrop – Make It Special!",JiaYJinX,2026-04-07,2027-04-02,10.00%,5000.0,5000.0,23,800,false
[B0DNDZHW8B],amzn1.campaign.3H71LSHU9FANM,"Press Start! 75PCS Gaming Party Kit – 10-Min Setup, Ready for Action!",JiaYJinX,2026-04-07,2027-04-02,10.00%,5000.0,5000.0,18,800,false
"[B0GRJ7JXG7, B0GRHRQMN8, B0GRHWLXCF]",amzn1.campaign.3NJ6GK4CFKGUV,3/4 Sleeve Shirt-12%Commission,Mincib,2026-04-10,2027-04-10,12.00%,5000.0,4992.8,3,800,false
[B08Q3K6216],amzn1.campaign.18GREK4ZMNOZV,"🚀 Cosmic Party Kit! 10-Min Setup, Astronaut Backdrop – Adventure Awaits! 🌟",JiaYJinX,2026-04-07,2027-04-07,10.00%,5000.0,5000.0,17,800,false
"[B0DSKXP6RG, B0G1FMG74S, B0FY3FF1D9, B0G6SMCJFV, B0FD38D43D, B0DSKZ72N4, B0FY5K6RB2]",amzn1.campaign.S1CELWBNRO9M,Share This Cool Mini Pocket Knife! EDC Must-Have + Earn 15% Commission,Grombolar,2026-04-07,2027-04-05,15.00%,5000.0,5000.0,15,800,false
"[B0DSKXP6RG, B0G1FMG74S, B0FY3FF1D9, B0G6SMCJFV, B0FD38D43D, B0DSKZ72N4, B0FY5K6RB2]",amzn1.campaign.2CL2BB06D9U9Y,Share This Cool Mini Pocket Knife! EDC Must-Have + Earn 15% Commission,Grombolar,2026-04-07,2027-04-06,15.00%,10000.0,10000.0,7,800,false
"[B0DSKXP6RG, B0G1FMG74S, B0FY3FF1D9, B0G6SMCJFV, B0FD38D43D, B0DSKZ72N4, B0FY5K6RB2]",amzn1.campaign.2RJZ1HNHZ8XJM,Share This Cool Mini Pocket Knife! EDC Must-Have + Earn 15% Commission,Grombolar,2026-04-10,2027-04-10,15.00%,5000.0,5000.0,0,800,false
"[B0DSKXP6RG, B0G1FMG74S, B0FY3FF1D9, B0G6SMCJFV, B0FD38D43D, B0DSKZ72N4, B0FY5K6RB2]",amzn1.campaign.1UHKCWPOU5U49,Share This Cool Mini Pocket Knife! EDC Must-Have + Earn 15% Commission,Grombolar,2026-04-09,2027-04-07,15.00%,5000.0,5000.0,9,800,false
"[B0DSKXP6RG, B0G1FMG74S, B0FY3FF1D9, B0G6SMCJFV, B0FD38D43D, B0DSKZ72N4, B0FY5K6RB2]",amzn1.campaign.3A38TDM3D7F2E,Share This Cool Mini Pocket Knife! EDC Must-Have + Earn 15% Commission,Grombolar,2026-04-08,2027-04-07,15.00%,5000.0,5000.0,19,800,false
"[B0DSKXP6RG, B0G1FMG74S, B0FY3FF1D9, B0G6SMCJFV, B0FD38D43D, B0DSKZ72N4, B0FY5K6RB2]",amzn1.campaign.1V7GQE80JZ33X,Share This Cool Mini Pocket Knife! EDC Must-Have + Earn 15% Commission,Grombolar,2026-04-07,2027-04-07,15.00%,5000.0,5000.0,14,800,false
"[B0F5PYN12M, B0FQ9MJ2M5]",amzn1.campaign.N92GUFX24VO3,Share the 5-Star Hotel Aroma Experience | Earn 15% Commission with Grombolar®,Grombolar,2026-04-10,2027-04-05,15.00%,5000.0,5000.0,13,800,false
"[B0FN41XB2Z, B0F5PYN12M, B0FQ9MJ2M5]",amzn1.campaign.1HYORVQFV0SOG,Share the 5-Star Hotel Aroma Experience | Earn 15% Commission with Grombolar®,Grombolar,2026-04-09,2027-04-05,15.00%,5000.0,5000.0,1,800,false
"[B0FN41XB2Z, B0F5PYN12M, B0FQ9MJ2M5]",amzn1.campaign.39AA62623ZPHK,Share the 5-Star Hotel Aroma Experience | Earn 15% Commission with Grombolar®,Grombolar,2026-04-08,2027-04-05,15.00%,5000.0,5000.0,5,800,false
"[B0FN41XB2Z, B0F5PYN12M, B0FQ9MJ2M5]",amzn1.campaign.3TTJT6K2T5D41,Share the 5-Star Hotel Aroma Experience | Earn 15% Commission with Grombolar®,Grombolar,2026-04-07,2027-04-05,15.00%,5000.0,5000.0,8,800,false
"[B0FN41XB2Z, B0F5PYN12M, B0FQ9MJ2M5]",amzn1.campaign.STMBGNCVURZU,Share the 5-Star Hotel Aroma Experience | Earn 15% Commission with Grombolar®,Grombolar,2026-04-07,2027-04-06,15.00%,5000.0,5000.0,6,800,false
"[B0FN41XB2Z, B0F5PYN12M, B0FQ9MJ2M5]",amzn1.campaign.25JTK1N7F1TP0,Share the 5-Star Hotel Aroma Experience | Earn 15% Commission with Grombolar®,Grombolar,2026-04-07,2027-04-07,15.00%,5000.0,5000.0,0,800,false
"[B0FN41XB2Z, B0F5PYN12M, B0FQ9MJ2M5]",amzn1.campaign.OSPJ1ZHNNAVG,Share the 5-Star Hotel Aroma Experience | Earn 15% Commission with Grombolar®,Grombolar,2026-04-07,2027-03-30,15.00%,5000.0,4997.03,12,800,false
"[B0FPFSRQ99, B091TGSD7R, B0DNDZHW8B, B08Q3K6216]",amzn1.campaign.I790B05CA0AR,"15% creator commission. Birthday party decor for everyone, every moment.",JiaYJinX,2026-04-07,2027-04-07,15.00%,5000.0,4998.05,11,800,false
"[B0FCBVS928, B0FCBV8LP9, B0FCBTRMP6, B0FCDJNSL3, B0FCBWWC8X, B0FCBVRQ7G, B0FC71GCT2, B0FCBTSSLR, B0FCBWHQD8, B0FCBWQMX4]",amzn1.campaign.2GKHI7PNT2GXZ,"All-Stock Affiliate | Stable Sales, Steady Earnings ⭐",Oulores,2026-04-05,2027-04-05,15.99%,5000.0,5000.0,24,800,false
"[B0FCBVS928, B0FCBV8LP9, B0FCBTRMP6, B0FCDJNSL3, B0FCBWWC8X, B0FCBVRQ7G, B0FC71GCT2, B0FCBTSSLR, B0FCBWHQD8, B0FCBWQMX4]",amzn1.campaign.6ZTS0QR1JDAC,"All-Stock Affiliate | Stable Sales, Steady Earnings ⭐",Oulores,2026-04-05,2027-04-05,15.98%,5000.0,5000.0,36,800,false
"[B0FCBVS928, B0FCBV8LP9, B0FCBTRMP6, B0FCDJNSL3, B0FCBWWC8X, B0FCBVRQ7G, B0FC71GCT2, B0FCBTSSLR, B0FCBWHQD8, B0FCBWQMX4]",amzn1.campaign.YRRINNK6VOG3,"All-Stock Affiliate | Stable Sales, Steady Earnings ⭐",Oulores,2026-04-05,2027-04-05,15.97%,5000.0,5000.0,41,800,false
"[B0FCBVS928, B0FCBV8LP9, B0FCBTRMP6, B0FCDJNSL3, B0FCBWWC8X, B0FCBVRQ7G, B0FC71GCT2, B0FCBTSSLR, B0FCBWHQD8, B0FCBWQMX4]",amzn1.campaign.APVG4S3XJPQ6,"All-Stock Affiliate | Stable Sales, Steady Earnings ⭐",Oulores,2026-04-05,2027-04-05,15.96%,5000.0,5000.0,40,800,false
[B0DYPCVZ8X],amzn1.campaign.2WX7VQ3CTCCP9,"🚀 15% Commission! Space Party Kit – Cosmic Backdrop, Balloons & Cake Toppers 🌟",JiaYJinX,2026-04-07,2027-04-07,15.00%,5000.0,5000.0,20,800,false
"[B0FCBVS928, B0FCBV8LP9, B0FCBTRMP6, B0FCDJNSL3, B0FCBWWC8X, B0FCBVRQ7G, B0FC71GCT2, B0FCBTSSLR, B0FCBWHQD8, B0FCBWQMX4]",amzn1.campaign.21S7GL5MNFE7G,"All-Stock Affiliate | Stable Sales, Steady Earnings ⭐",Oulores,2026-04-05,2027-04-05,15.95%,5000.0,5000.0,37,800,false
"[B0FCBVS928, B0FCBV8LP9, B0FCBTRMP6, B0FCDJNSL3, B0FCBWWC8X, B0FCBVRQ7G, B0FC71GCT2, B0FCBTSSLR, B0FCBWHQD8, B0FCBWQMX4]",amzn1.campaign.15CKFYDIYONCS,"All-Stock Affiliate | Stable Sales, Steady Earnings ⭐",Oulores,2026-04-05,2027-04-05,15.94%,5000.0,5000.0,35,800,false
[B0FSDBSZY3],amzn1.campaign.4ASRW9ME3FO0,"🚒 15% Commission! Fire Truck Backdrop Kit – 10-Min Setup, Hero Party in a Box",JiaYJinX,2026-04-07,2027-04-07,15.00%,5000.0,5000.0,21,800,false
"[B0FCBVS928, B0FCBV8LP9, B0FCBTRMP6, B0FCDJNSL3, B0FCBWWC8X, B0FCBVRQ7G, B0FC71GCT2, B0FCBTSSLR, B0FCBWHQD8, B0FCBWQMX4]",amzn1.campaign.3BCXQPP6EPO3K,"All-Stock Affiliate | Stable Sales, Steady Earnings ⭐",Oulores,2026-04-05,2027-04-05,15.93%,5000.0,5000.0,38,800,false
"[B0FCBVS928, B0FCBV8LP9, B0FCBTRMP6, B0FCDJNSL3, B0FCBWWC8X, B0FCBVRQ7G, B0FC71GCT2, B0FCBTSSLR, B0FCBWHQD8, B0FCBWQMX4]",amzn1.campaign.1QX359QQGP1XB,"All-Stock Affiliate | Stable Sales, Steady Earnings ⭐",Oulores,2026-04-05,2027-04-05,15.92%,5000.0,5000.0,37,800,false
"[B0FCBVS928, B0FCBV8LP9, B0FCBTRMP6, B0FCDJNSL3, B0FCBWWC8X, B0FCBVRQ7G, B0FC71GCT2, B0FCBTSSLR, B0FCBWHQD8, B0FCBWQMX4]",amzn1.campaign.1PZJ5DBBQN78E,"All-Stock Affiliate | Stable Sales, Steady Earnings ⭐",Oulores,2026-04-05,2027-04-05,15.91%,5000.0,5000.0,35,800,false
"[B0FCBVS928, B0FCBV8LP9, B0FCBTRMP6, B0FCDJNSL3, B0FCBWWC8X, B0FCBVRQ7G, B0FC71GCT2, B0FCBTSSLR, B0FCBWHQD8, B0FCBWQMX4]",amzn1.campaign.1RPMT84N1N81L,"All-Stock Affiliate | Stable Sales, Steady Earnings ⭐",Oulores,2026-04-05,2027-04-05,15.90%,5000.0,5000.0,36,800,false
"[B0FCBVS928, B0FCBV8LP9, B0FCBTRMP6, B0FCDJNSL3, B0FCBWWC8X, B0FCBVRQ7G, B0FC71GCT2, B0FCBTSSLR, B0FCBWHQD8, B0FCBWQMX4]",amzn1.campaign.2NRZFZUPZP0BO,"All-Stock Affiliate | Stable Sales, Steady Earnings ⭐",Oulores,2026-04-05,2027-04-05,15.89%,5000.0,5000.0,37,800,false
"[B0FCBVS928, B0FCBV8LP9, B0FCBTRMP6, B0FCDJNSL3, B0FCBWWC8X, B0FCBVRQ7G, B0FC71GCT2, B0FCBTSSLR, B0FCBWHQD8, B0FCBWQMX4]",amzn1.campaign.3PC2JJL9T00N6,"All-Stock Affiliate | Stable Sales, Steady Earnings ⭐",Oulores,2026-04-05,2027-04-05,15.88%,5000.0,5000.0,40,800,false
"[B0FCBVS928, B0FCBV8LP9, B0FCBTRMP6, B0FCDJNSL3, B0FCBWWC8X, B0FCBVRQ7G, B0FC71GCT2, B0FCBTSSLR, B0FCBWHQD8, B0FCBWQMX4]",amzn1.campaign.ANNKY4619P5Q,"All-Stock Affiliate | Stable Sales, Steady Earnings ⭐",Oulores,2026-04-05,2027-04-05,15.87%,5000.0,5000.0,43,800,false
"[B0FCBVS928, B0FCBV8LP9, B0FCBTRMP6, B0FCDJNSL3, B0FCBWWC8X, B0FCBVRQ7G, B0FC71GCT2, B0FCBTSSLR, B0FCBWHQD8, B0FCBWQMX4]",amzn1.campaign.3QEYMFOBO7AVF,"All-Stock Affiliate | Stable Sales, Steady Earnings ⭐",Oulores,2026-04-05,2027-04-05,15.86%,5000.0,5000.0,44,800,false
"[B0BB6GGW41, B0BB6DQXM1, B0BB6FXW93, B0BB6GH5VX, B0BB6HZ5M2, B0BB6GLWCQ, B0BB6H62CL, B0BB6FKPMV, B0BB6GNY9R, B0BB6GWKVQ]",amzn1.campaign.1TF1DRO01TQZ9,Mermaid Blue Glitter Number Candle – Shell Birthday Cake Topper,Variouslife,2026-04-07,2026-10-01,10.00%,5000.0,4998.54,0,800,false
"[B0FCBVS928, B0FCBV8LP9, B0FCBTRMP6, B0FCDJNSL3, B0FCBWWC8X, B0FCBVRQ7G, B0FC71GCT2, B0FCBTSSLR, B0FCBWHQD8, B0FCBWQMX4]",amzn1.campaign.DZ3O1JY249V5,"All-Stock Affiliate | Stable Sales, Steady Earnings ⭐",Oulores,2026-04-05,2027-04-05,15.85%,5000.0,5000.0,45,800,false
"[B0FCBVS928, B0FCBV8LP9, B0FCBTRMP6, B0FCDJNSL3, B0FCBWWC8X, B0FCBVRQ7G, B0FC71GCT2, B0FCBTSSLR, B0FCBWHQD8, B0FCBWQMX4]",amzn1.campaign.1P7OQ3VWCUXA7,"All-Stock Affiliate | Stable Sales, Steady Earnings ⭐",Oulores,2026-04-05,2027-04-05,15.84%,5000.0,5000.0,41,800,false
"[B0DVLC8114, B0CFQ9KTH2]",amzn1.campaign.24GXZNYGU5RAX,"10% Commission! Gold & Gaming Kits – 10-Min Setup, Everyone Loves",JiaYJinX,2026-04-07,2027-04-06,10.00%,5000.0,5000.0,22,800,false
"[B0FCBVS928, B0FCBV8LP9, B0FCBTRMP6, B0FCDJNSL3, B0FCBWWC8X, B0FCBVRQ7G, B0FC71GCT2, B0FCBTSSLR, B0FCBWHQD8, B0FCBWQMX4]",amzn1.campaign.CSZF6J37BCWS,"All-Stock Affiliate | Stable Sales, Steady Earnings ⭐",Oulores,2026-04-05,2027-04-05,15.83%,5000.0,5000.0,46,800,false
"[B0FCBVS928, B0FCBV8LP9, B0FCBTRMP6, B0FCDJNSL3, B0FCBWWC8X, B0FCBVRQ7G, B0FC71GCT2, B0FCBTSSLR, B0FCBWHQD8, B0FCBWQMX4]",amzn1.campaign.3C8RZHURACWI,"All-Stock Affiliate | Stable Sales, Steady Earnings ⭐",Oulores,2026-04-05,2027-04-05,15.82%,5000.0,5000.0,42,800,false
"[B0DVLC8114, B0CFQ9KTH2]",amzn1.campaign.188A8YEZX9DRP,"🎉 15% Commission! Gold & Gaming Kits – 10-Min Setup, Any Celebration 🎂",JiaYJinX,2026-04-07,2027-04-06,16.00%,5000.0,4964.93,0,800,false
"[B0FCBVS928, B0FCBV8LP9, B0FCBTRMP6, B0FCDJNSL3, B0FCBWWC8X, B0FCBVRQ7G, B0FC71GCT2, B0FCBTSSLR, B0FCBWHQD8, B0FCBWQMX4]",amzn1.campaign.1FYHIJJUKNG4J,"All-Stock Affiliate | Stable Sales, Steady Earnings ⭐",Oulores,2026-04-05,2027-04-05,15.81%,5000.0,5000.0,38,800,false
"[B0FCBVS928, B0FCBV8LP9, B0FCBTRMP6, B0FCDJNSL3, B0FCBWWC8X, B0FCBVRQ7G, B0FC71GCT2, B0FCBTSSLR, B0FCBWHQD8, B0FCBWQMX4]",amzn1.campaign.33DAUWLZKPB38,"All-Stock Affiliate | Stable Sales, Steady Earnings ⭐",Oulores,2026-04-05,2027-04-05,15.80%,5000.0,5000.0,41,800,false
"[B0FCBVS928, B0FCBV8LP9, B0FCBTRMP6, B0FCDJNSL3, B0FCBWWC8X, B0FCBVRQ7G, B0FC71GCT2, B0FCBTSSLR, B0FCBWHQD8, B0FCBWQMX4]",amzn1.campaign.2A7S76MOZ1E10,"All-Stock Affiliate | Stable Sales, Steady Earnings ⭐",Oulores,2026-04-05,2027-04-05,15.79%,5000.0,5000.0,39,800,false
"[B0FCBVS928, B0FCBV8LP9, B0FCBTRMP6, B0FCDJNSL3, B0FCBWWC8X, B0FCBVRQ7G, B0FC71GCT2, B0FCBTSSLR, B0FCBWHQD8, B0FCBWQMX4]",amzn1.campaign.3PG7FHMAWJEP3,"All-Stock Affiliate | Stable Sales, Steady Earnings ⭐",Oulores,2026-04-05,2027-04-05,15.78%,5000.0,5000.0,45,800,false
"[B0FCBVS928, B0FCBV8LP9, B0FCBTRMP6, B0FCDJNSL3, B0FCBWWC8X, B0FCBVRQ7G, B0FC71GCT2, B0FCBTSSLR, B0FCBWHQD8, B0FCBWQMX4]",amzn1.campaign.61MEGAX452C,"All-Stock Affiliate | Stable Sales, Steady Earnings ⭐",Oulores,2026-04-05,2027-04-05,15.77%,5000.0,5000.0,45,800,false
"[B0FCBVS928, B0FCBV8LP9, B0FCBTRMP6, B0FCDJNSL3, B0FCBWWC8X, B0FCBVRQ7G, B0FC71GCT2, B0FCBTSSLR, B0FCBWHQD8, B0FCBWQMX4]",amzn1.campaign.3VAX36G0L1WDP,"All-Stock Affiliate | Stable Sales, Steady Earnings ⭐",Oulores,2026-04-05,2027-04-05,15.76%,5000.0,5000.0,46,800,false
"[B0FCBVS928, B0FCBV8LP9, B0FCBTRMP6, B0FCDJNSL3, B0FCBWWC8X, B0FCBVRQ7G, B0FC71GCT2, B0FCBTSSLR, B0FCBWHQD8, B0FCBWQMX4]",amzn1.campaign.2PXUIUD30RFJH,"All-Stock Affiliate | Stable Sales, Steady Earnings ⭐",Oulores,2026-04-05,2027-04-05,15.75%,5000.0,5000.0,40,800,false
"[B0FCBVS928, B0FCBV8LP9, B0FCBTRMP6, B0FCDJNSL3, B0FCBWWC8X, B0FCBVRQ7G, B0FC71GCT2, B0FCBTSSLR, B0FCBWHQD8, B0FCBWQMX4]",amzn1.campaign.6R9C3DIL214M,"All-Stock Affiliate | Stable Sales, Steady Earnings ⭐",Oulores,2026-04-05,2027-04-05,15.74%,5000.0,5000.0,45,800,false
"[B0F4D623GM, B0F4D8PB9V, B0F4D4C4YY, B0F4D82C57, B0F4D4VCPC, B0F4D5H395, B0F4D484NC, B0F4D3X4DP, B0F4D83ZW9, B0F4D4NF1F, B0F4D49KXP, B0F4D39MC4]",amzn1.campaign.1CBLJSLX6TMED,Graduation Birthstone Necklace,Fervia,2026-04-07,2027-04-07,10.00%,5000.0,4941.75,0,800,false
"[B0FCBVS928, B0FCBV8LP9, B0FCBTRMP6, B0FCDJNSL3, B0FCBWWC8X, B0FCBVRQ7G, B0FC71GCT2, B0FCBTSSLR, B0FCBWHQD8, B0FCBWQMX4]",amzn1.campaign.26RN0PSA1HAJW,"All-Stock Affiliate | Stable Sales, Steady Earnings ⭐",Oulores,2026-04-05,2027-04-05,15.73%,5000.0,5000.0,42,800,false
"[B0FCBVS928, B0FCBV8LP9, B0FCBTRMP6, B0FCDJNSL3, B0FCBWWC8X, B0FCBVRQ7G, B0FC71GCT2, B0FCBTSSLR, B0FCBWHQD8, B0FCBWQMX4]",amzn1.campaign.1Y4P30IL39R5,"All-Stock Affiliate | Stable Sales, Steady Earnings ⭐",Oulores,2026-04-05,2027-04-05,15.72%,5000.0,5000.0,41,800,false
"[B0FCBVS928, B0FCBV8LP9, B0FCBTRMP6, B0FCDJNSL3, B0FCBWWC8X, B0FCBVRQ7G, B0FC71GCT2, B0FCBTSSLR, B0FCBWHQD8, B0FCBWQMX4]",amzn1.campaign.HPUFYRI7EAMA,"All-Stock Affiliate | Stable Sales, Steady Earnings ⭐",Oulores,2026-04-05,2027-04-05,15.71%,5000.0,5000.0,48,800,false
"[B0FCBVS928, B0FCBV8LP9, B0FCBTRMP6, B0FCDJNSL3, B0FCBWWC8X, B0FCBVRQ7G, B0FC71GCT2, B0FCBTSSLR, B0FCBWHQD8, B0FCBWQMX4]",amzn1.campaign.3TDVYGEY2PGWS,"All-Stock Affiliate | Stable Sales, Steady Earnings ⭐",Oulores,2026-04-05,2027-04-05,15.70%,5000.0,5000.0,44,800,false
"[B0FCBVS928, B0FCBV8LP9, B0FCBTRMP6, B0FCDJNSL3, B0FCBWWC8X, B0FCBVRQ7G, B0FC71GCT2, B0FCBTSSLR, B0FCBWHQD8, B0FCBWQMX4]",amzn1.campaign.2ZJA6DTV0GR4K,"All-Stock Affiliate | Stable Sales, Steady Earnings ⭐",Oulores,2026-04-05,2027-04-05,15.69%,5000.0,5000.0,43,800,false
"[B0FCBVS928, B0FCBV8LP9, B0FCBTRMP6, B0FCDJNSL3, B0FCBWWC8X, B0FCBVRQ7G, B0FC71GCT2, B0FCBTSSLR, B0FCBWHQD8, B0FCBWQMX4]",amzn1.campaign.B1T6PTB02GE2,"All-Stock Affiliate | Stable Sales, Steady Earnings ⭐",Oulores,2026-04-05,2027-04-05,15.68%,5000.0,5000.0,45,800,false
"[B0FCBVS928, B0FCBV8LP9, B0FCBTRMP6, B0FCDJNSL3, B0FCBWWC8X, B0FCBVRQ7G, B0FC71GCT2, B0FCBTSSLR, B0FCBWHQD8, B0FCBWQMX4]",amzn1.campaign.1PCOAWPG4U4NX,"All-Stock Affiliate | Stable Sales, Steady Earnings ⭐",Oulores,2026-04-05,2027-04-05,15.67%,5000.0,5000.0,41,800,false
"[B0FCBVS928, B0FCBV8LP9, B0FCBTRMP6, B0FCDJNSL3, B0FCBWWC8X, B0FCBVRQ7G, B0FC71GCT2, B0FCBTSSLR, B0FCBWHQD8, B0FCBWQMX4]",amzn1.campaign.PBK4GHA2SL05,"All-Stock Affiliate | Stable Sales, Steady Earnings ⭐",Oulores,2026-04-05,2027-04-05,15.66%,5000.0,5000.0,50,800,false
"[B0FCBVS928, B0FCBV8LP9, B0FCBTRMP6, B0FCDJNSL3, B0FCBWWC8X, B0FCBVRQ7G, B0FC71GCT2, B0FCBTSSLR, B0FCBWHQD8, B0FCBWQMX4]",amzn1.campaign.O3JHJ6NGA6F9,"All-Stock Affiliate | Stable Sales, Steady Earnings ⭐",Oulores,2026-04-05,2027-04-05,15.65%,5000.0,5000.0,48,800,false
"[B0FCBVS928, B0FCBV8LP9, B0FCBTRMP6, B0FCDJNSL3, B0FCBWWC8X, B0FCBVRQ7G, B0FC71GCT2, B0FCBTSSLR, B0FCBWHQD8, B0FCBWQMX4]",amzn1.campaign.2IDQPINMIMGAG,"All-Stock Affiliate | Stable Sales, Steady Earnings ⭐",Oulores,2026-04-05,2027-04-05,15.64%,5000.0,5000.0,42,800,false
"[B0DVLC8114, B0CFQ9KTH2]",amzn1.campaign.NNI5T4X2WRJO,"🎉 15% Commission! Easy Party Kits – High Quality, Low Price 🎂",JiaYJinX,2026-04-07,2027-04-06,15.00%,5000.0,5000.0,28,800,false
"[B0FCBVS928, B0FCBV8LP9, B0FCBTRMP6, B0FCDJNSL3, B0FCBWWC8X, B0FCBVRQ7G, B0FC71GCT2, B0FCBTSSLR, B0FCBWHQD8, B0FCBWQMX4]",amzn1.campaign.PB7PISSA9BLB,"All-Stock Affiliate | Stable Sales, Steady Earnings ⭐",Oulores,2026-04-05,2027-04-05,15.63%,5000.0,5000.0,48,800,false
"[B0FCBVS928, B0FCBV8LP9, B0FCBTRMP6, B0FCDJNSL3, B0FCBWWC8X, B0FCBVRQ7G, B0FC71GCT2, B0FCBTSSLR, B0FCBWHQD8, B0FCBWQMX4]",amzn1.campaign.1M84FF6ZZEP2N,"All-Stock Affiliate | Stable Sales, Steady Earnings ⭐",Oulores,2026-04-05,2027-04-05,15.62%,5000.0,5000.0,42,800,false
"[B0FCBVS928, B0FCBV8LP9, B0FCBTRMP6, B0FCDJNSL3, B0FCBWWC8X, B0FCBVRQ7G, B0FC71GCT2, B0FCBTSSLR, B0FCBWHQD8, B0FCBWQMX4]",amzn1.campaign.177U3BG6Y5W1Z,"All-Stock Affiliate | Stable Sales, Steady Earnings ⭐",Oulores,2026-04-05,2027-04-05,15.61%,5000.0,5000.0,41,800,false
"[B0FCBVS928, B0FCBV8LP9, B0FCBTRMP6, B0FCDJNSL3, B0FCBWWC8X, B0FCBVRQ7G, B0FC71GCT2, B0FCBTSSLR, B0FCBWHQD8, B0FCBWQMX4]",amzn1.campaign.13KG6FKUEGLB8,"All-Stock Affiliate | Stable Sales, Steady Earnings ⭐",Oulores,2026-04-05,2027-04-05,15.60%,5000.0,5000.0,41,800,false
"[B0FCBVS928, B0FCBV8LP9, B0FCBTRMP6, B0FCDJNSL3, B0FCBWWC8X, B0FCBVRQ7G, B0FC71GCT2, B0FCBTSSLR, B0FCBWHQD8, B0FCBWQMX4]",amzn1.campaign.GXVF7SHB5W8H,"All-Stock Affiliate | Stable Sales, Steady Earnings ⭐",Oulores,2026-04-05,2027-04-05,15.59%,5000.0,5000.0,51,800,false
"[B0FCBVS928, B0FCBV8LP9, B0FCBTRMP6, B0FCDJNSL3, B0FCBWWC8X, B0FCBVRQ7G, B0FC71GCT2, B0FCBTSSLR, B0FCBWHQD8, B0FCBWQMX4]",amzn1.campaign.KOOHIWJOOZBG,"All-Stock Affiliate | Stable Sales, Steady Earnings ⭐",Oulores,2026-04-05,2027-04-05,15.58%,5000.0,5000.0,51,800,false
"[B0FCBVS928, B0FCBV8LP9, B0FCBTRMP6, B0FCDJNSL3, B0FCBWWC8X, B0FCBVRQ7G, B0FC71GCT2, B0FCBTSSLR, B0FCBWHQD8, B0FCBWQMX4]",amzn1.campaign.1NAT16Z9SERR,"All-Stock Affiliate | Stable Sales, Steady Earnings ⭐",Oulores,2026-04-05,2027-04-05,15.57%,5000.0,5000.0,43,800,false
"[B0FCBVS928, B0FCBV8LP9, B0FCBTRMP6, B0FCDJNSL3, B0FCBWWC8X, B0FCBVRQ7G, B0FC71GCT2, B0FCBTSSLR, B0FCBWHQD8, B0FCBWQMX4]",amzn1.campaign.1DS6MRD61LI8N,"All-Stock Affiliate | Stable Sales, Steady Earnings ⭐",Oulores,2026-04-05,2027-04-05,15.56%,5000.0,5000.0,43,800,false
"[B0FCBVS928, B0FCBV8LP9, B0FCBTRMP6, B0FCDJNSL3, B0FCBWWC8X, B0FCBVRQ7G, B0FC71GCT2, B0FCBTSSLR, B0FCBWHQD8, B0FCBWQMX4]",amzn1.campaign.21WSRSSF5VWMZ,"All-Stock Affiliate | Stable Sales, Steady Earnings ⭐",Oulores,2026-04-05,2027-04-05,15.55%,5000.0,5000.0,44,800,false
"[B0FCBVS928, B0FCBV8LP9, B0FCBTRMP6, B0FCDJNSL3, B0FCBWWC8X, B0FCBVRQ7G, B0FC71GCT2, B0FCBTSSLR, B0FCBWHQD8, B0FCBWQMX4]",amzn1.campaign.39CB9B62ZEYXD,"All-Stock Affiliate | Stable Sales, Steady Earnings ⭐",Oulores,2026-04-05,2027-04-05,15.54%,5000.0,5000.0,46,800,false
"[B0FCBVS928, B0FCBV8LP9, B0FCBTRMP6, B0FCDJNSL3, B0FCBWWC8X, B0FCBVRQ7G, B0FC71GCT2, B0FCBTSSLR, B0FCBWHQD8, B0FCBWQMX4]",amzn1.campaign.2V7ZAOPOMCG9B,"All-Stock Affiliate | Stable Sales, Steady Earnings ⭐",Oulores,2026-04-05,2027-04-05,15.53%,5000.0,5000.0,45,800,false
"[B0FCBVS928, B0FCBV8LP9, B0FCBTRMP6, B0FCDJNSL3, B0FCBWWC8X, B0FCBVRQ7G, B0FC71GCT2, B0FCBTSSLR, B0FCBWHQD8, B0FCBWQMX4]",amzn1.campaign.NQ1KKTF0CJ7R,"All-Stock Affiliate | Stable Sales, Steady Earnings ⭐",Oulores,2026-04-05,2027-04-05,15.52%,5000.0,5000.0,52,800,false
"[B0FCBVS928, B0FCBV8LP9, B0FCBTRMP6, B0FCDJNSL3, B0FCBWWC8X, B0FCBVRQ7G, B0FC71GCT2, B0FCBTSSLR, B0FCBWHQD8, B0FCBWQMX4]",amzn1.campaign.1LLBGPGT3IBWJ,"All-Stock Affiliate | Stable Sales, Steady Earnings ⭐",Oulores,2026-04-05,2027-04-05,15.51%,5000.0,5000.0,44,800,false
"[B0FCBVS928, B0FCBV8LP9, B0FCBTRMP6, B0FCDJNSL3, B0FCBWWC8X, B0FCBVRQ7G, B0FC71GCT2, B0FCBTSSLR, B0FCBWHQD8, B0FCBWQMX4]",amzn1.campaign.20PLBHV3GJMF5,"All-Stock Affiliate | Stable Sales, Steady Earnings ⭐",Oulores,2026-04-05,2027-04-05,15.50%,5000.0,5000.0,45,800,false
"[B0FCBVS928, B0FCBV8LP9, B0FCBTRMP6, B0FCDJNSL3, B0FCBWWC8X, B0FCBVRQ7G, B0FC71GCT2, B0FCBTSSLR, B0FCBWHQD8, B0FCBWQMX4]",amzn1.campaign.GMRH2EAN136P,"All-Stock Affiliate | Stable Sales, Steady Earnings ⭐",Oulores,2026-04-05,2027-04-05,15.49%,5000.0,5000.0,52,800,false
"[B0FCBVS928, B0FCBV8LP9, B0FCBTRMP6, B0FCDJNSL3, B0FCBWWC8X, B0FCBVRQ7G, B0FC71GCT2, B0FCBTSSLR, B0FCBWHQD8, B0FCBWQMX4]",amzn1.campaign.3UUEFANK5RWN3,"All-Stock Affiliate | Stable Sales, Steady Earnings ⭐",Oulores,2026-04-05,2027-04-05,15.48%,5000.0,5000.0,50,800,false
"[B0FCBVS928, B0FCBV8LP9, B0FCBTRMP6, B0FCDJNSL3, B0FCBWWC8X, B0FCBVRQ7G, B0FC71GCT2, B0FCBTSSLR, B0FCBWHQD8, B0FCBWQMX4]",amzn1.campaign.233SC5O75BE01,"All-Stock Affiliate | Stable Sales, Steady Earnings ⭐",Oulores,2026-04-05,2027-04-05,15.47%,5000.0,5000.0,46,800,false
"[B0FCBVS928, B0FCBV8LP9, B0FCBTRMP6, B0FCDJNSL3, B0FCBWWC8X, B0FCBVRQ7G, B0FC71GCT2, B0FCBTSSLR, B0FCBWHQD8, B0FCBWQMX4]",amzn1.campaign.1RBSFPNO0ZNHD,"All-Stock Affiliate | Stable Sales, Steady Earnings ⭐",Oulores,2026-04-05,2027-04-05,15.46%,5000.0,5000.0,45,800,false
"[B0FCBVS928, B0FCBV8LP9, B0FCBTRMP6, B0FCDJNSL3, B0FCBWWC8X, B0FCBVRQ7G, B0FC71GCT2, B0FCBTSSLR, B0FCBWHQD8, B0FCBWQMX4]",amzn1.campaign.2VY6CXLITTL3,"All-Stock Affiliate | Stable Sales, Steady Earnings ⭐",Oulores,2026-04-05,2027-04-05,15.45%,5000.0,5000.0,46,800,false
"[B0FCBVS928, B0FCBV8LP9, B0FCBTRMP6, B0FCDJNSL3, B0FCBWWC8X, B0FCBVRQ7G, B0FC71GCT2, B0FCBTSSLR, B0FCBWHQD8, B0FCBWQMX4]",amzn1.campaign.1WMGPKUY8BYQQ,"All-Stock Affiliate | Stable Sales, Steady Earnings ⭐",Oulores,2026-04-05,2027-04-05,15.44%,5000.0,5000.0,47,800,false
"[B0FCBVS928, B0FCBV8LP9, B0FCBTRMP6, B0FCDJNSL3, B0FCBWWC8X, B0FCBVRQ7G, B0FC71GCT2, B0FCBTSSLR, B0FCBWHQD8, B0FCBWQMX4]",amzn1.campaign.ALBKNILQ2DJN,"All-Stock Affiliate | Stable Sales, Steady Earnings ⭐",Oulores,2026-04-05,2027-04-05,15.43%,5000.0,5000.0,51,800,false
"[B0FCBVS928, B0FCBV8LP9, B0FCBTRMP6, B0FCDJNSL3, B0FCBWWC8X, B0FCBVRQ7G, B0FC71GCT2, B0FCBTSSLR, B0FCBWHQD8, B0FCBWQMX4]",amzn1.campaign.1V742FOIHHFXF,"All-Stock Affiliate | Stable Sales, Steady Earnings ⭐",Oulores,2026-04-05,2027-04-05,15.42%,5000.0,5000.0,45,800,false
"[B0FCBVS928, B0FCBV8LP9, B0FCBTRMP6, B0FCDJNSL3, B0FCBWWC8X, B0FCBVRQ7G, B0FC71GCT2, B0FCBTSSLR, B0FCBWHQD8, B0FCBWQMX4]",amzn1.campaign.29KUP6Q9EI88,"All-Stock Affiliate | Stable Sales, Steady Earnings ⭐",Oulores,2026-04-05,2027-04-05,15.41%,5000.0,5000.0,46,800,false
[B0FCM871ZT],amzn1.campaign.2O3FDJE248BGI,46-50-8hao,WESSVAN IINTTERNATIONAIL,2026-04-08,2027-04-08,49.99%,10000.0,10000.0,12,800,false
"[B0FCBVS928, B0FCBV8LP9, B0FCBTRMP6, B0FCDJNSL3, B0FCBWWC8X, B0FCBVRQ7G, B0FC71GCT2, B0FCBTSSLR, B0FCBWHQD8, B0FCBWQMX4]",amzn1.campaign.3FI2TM0ECQY8G,"All-Stock Affiliate | Stable Sales, Steady Earnings ⭐",Oulores,2026-04-05,2027-04-05,15.40%,5000.0,5000.0,47,800,false
[B0FCM871ZT],amzn1.campaign.37FA4QPHL20QP,46-50-8hao,WESSVAN IINTTERNATIONAIL,2026-04-08,2027-04-08,49.98%,10000.0,10000.0,17,800,false
"[B0FCBVS928, B0FCBV8LP9, B0FCBTRMP6, B0FCDJNSL3, B0FCBWWC8X, B0FCBVRQ7G, B0FC71GCT2, B0FCBTSSLR, B0FCBWHQD8, B0FCBWQMX4]",amzn1.campaign.3LQLSK77QBXK5,"All-Stock Affiliate | Stable Sales, Steady Earnings ⭐",Oulores,2026-04-05,2027-04-05,15.39%,5000.0,5000.0,48,800,false
[B0FCM871ZT],amzn1.campaign.2F341E8L6RORK,46-50-8hao,WESSVAN IINTTERNATIONAIL,2026-04-08,2027-04-08,49.97%,10000.0,10000.0,20,800,false
"[B0FCBVS928, B0FCBV8LP9, B0FCBTRMP6, B0FCDJNSL3, B0FCBWWC8X, B0FCBVRQ7G, B0FC71GCT2, B0FCBTSSLR, B0FCBWHQD8, B0FCBWQMX4]",amzn1.campaign.1RZ0EFCYFYQP9,"All-Stock Affiliate | Stable Sales, Steady Earnings ⭐",Oulores,2026-04-05,2027-04-05,15.38%,5000.0,5000.0,44,800,false
[B0FCM871ZT],amzn1.campaign.1FLWUPVCXL9ZS,46-50-8hao,WESSVAN IINTTERNATIONAIL,2026-04-08,2027-04-08,49.96%,10000.0,10000.0,18,800,false
"[B0FCBVS928, B0FCBV8LP9, B0FCBTRMP6, B0FCDJNSL3, B0FCBWWC8X, B0FCBVRQ7G, B0FC71GCT2, B0FCBTSSLR, B0FCBWHQD8, B0FCBWQMX4]",amzn1.campaign.2KG6AWNJJCH99,"All-Stock Affiliate | Stable Sales, Steady Earnings ⭐",Oulores,2026-04-05,2027-04-05,15.37%,5000.0,5000.0,46,800,false
[B0FCM871ZT],amzn1.campaign.1KU3YQJM0WZ3R,46-50-8hao,WESSVAN IINTTERNATIONAIL,2026-04-08,2027-04-08,49.95%,10000.0,10000.0,20,800,false
[B0FCM871ZT],amzn1.campaign.1KNMAOG45Y5J8,46-50-8hao,WESSVAN IINTTERNATIONAIL,2026-04-08,2027-04-08,49.94%,10000.0,10000.0,20,800,false
"[B0FCBVS928, B0FCBV8LP9, B0FCBTRMP6, B0FCDJNSL3, B0FCBWWC8X, B0FCBVRQ7G, B0FC71GCT2, B0FCBTSSLR, B0FCBWHQD8, B0FCBWQMX4]",amzn1.campaign.2SGSZ8EMWY3PF,"All-Stock Affiliate | Stable Sales, Steady Earnings ⭐",Oulores,2026-04-05,2027-04-05,15.36%,5000.0,5000.0,45,800,false
[B0FCM871ZT],amzn1.campaign.3MSSWMOABO9BI,46-50-8hao,WESSVAN IINTTERNATIONAIL,2026-04-08,2027-04-08,49.93%,10000.0,10000.0,25,800,false
"[B0FCBVS928, B0FCBV8LP9, B0FCBTRMP6, B0FCDJNSL3, B0FCBWWC8X, B0FCBVRQ7G, B0FC71GCT2, B0FCBTSSLR, B0FCBWHQD8, B0FCBWQMX4]",amzn1.campaign.2JE6BAWWJXXGG,"All-Stock Affiliate | Stable Sales, Steady Earnings ⭐",Oulores,2026-04-05,2027-04-05,15.35%,5000.0,5000.0,47,800,false
[B0FCM871ZT],amzn1.campaign.12FC2R6HRBKR8,46-50-8hao,WESSVAN IINTTERNATIONAIL,2026-04-08,2027-04-08,49.92%,10000.0,10000.0,22,800,false
"[B0FCBVS928, B0FCBV8LP9, B0FCBTRMP6, B0FCDJNSL3, B0FCBWWC8X, B0FCBVRQ7G, B0FC71GCT2, B0FCBTSSLR, B0FCBWHQD8, B0FCBWQMX4]",amzn1.campaign.2JIGM5QUDMSI8,"All-Stock Affiliate | Stable Sales, Steady Earnings ⭐",Oulores,2026-04-05,2027-04-05,15.34%,5000.0,5000.0,45,800,false
[B0FCM871ZT],amzn1.campaign.1TEVCROWRMOAJ,46-50-8hao,WESSVAN IINTTERNATIONAIL,2026-04-08,2027-04-08,49.91%,10000.0,10000.0,20,800,false
"[B0FCBVS928, B0FCBV8LP9, B0FCBTRMP6, B0FCDJNSL3, B0FCBWWC8X, B0FCBVRQ7G, B0FC71GCT2, B0FCBTSSLR, B0FCBWHQD8, B0FCBWQMX4]",amzn1.campaign.24A58E6WV1M8R,"All-Stock Affiliate | Stable Sales, Steady Earnings ⭐",Oulores,2026-04-05,2027-04-05,15.33%,5000.0,5000.0,45,800,false
[B0FCM871ZT],amzn1.campaign.2GXYVL6QAT3XP,46-50-8hao,WESSVAN IINTTERNATIONAIL,2026-04-08,2027-04-08,49.90%,10000.0,10000.0,21,800,false
"[B0FCBVS928, B0FCBV8LP9, B0FCBTRMP6, B0FCDJNSL3, B0FCBWWC8X, B0FCBVRQ7G, B0FC71GCT2, B0FCBTSSLR, B0FCBWHQD8, B0FCBWQMX4]",amzn1.campaign.1GSYGI59O5EOK,"All-Stock Affiliate | Stable Sales, Steady Earnings ⭐",Oulores,2026-04-05,2027-04-05,15.32%,5000.0,5000.0,44,800,false
[B0FCM871ZT],amzn1.campaign.2AAEA23XH76AQ,46-50-8hao,WESSVAN IINTTERNATIONAIL,2026-04-08,2027-04-08,49.89%,10000.0,10000.0,21,800,false
[B0FCM871ZT],amzn1.campaign.1RCYMA41OHAJB,46-50-8hao,WESSVAN IINTTERNATIONAIL,2026-04-08,2027-04-08,49.88%,10000.0,10000.0,22,800,false
"[B0FCBVS928, B0FCBV8LP9, B0FCBTRMP6, B0FCDJNSL3, B0FCBWWC8X, B0FCBVRQ7G, B0FC71GCT2, B0FCBTSSLR, B0FCBWHQD8, B0FCBWQMX4]",amzn1.campaign.22PWM80TJR4PA,"All-Stock Affiliate | Stable Sales, Steady Earnings ⭐",Oulores,2026-04-05,2027-04-05,15.31%,5000.0,5000.0,46,800,false
[B0FCM871ZT],amzn1.campaign.15316C5FO6NP6,46-50-8hao,WESSVAN IINTTERNATIONAIL,2026-04-08,2027-04-08,49.87%,10000.0,10000.0,21,800,false
"[B0FCBVS928, B0FCBV8LP9, B0FCBTRMP6, B0FCDJNSL3, B0FCBWWC8X, B0FCBVRQ7G, B0FC71GCT2, B0FCBTSSLR, B0FCBWHQD8, B0FCBWQMX4]",amzn1.campaign.RF0YBS9RX115,"All-Stock Affiliate | Stable Sales, Steady Earnings ⭐",Oulores,2026-04-05,2027-04-05,15.30%,5000.0,5000.0,50,800,false
"[B0GCWT84TY, B0GCXCYG3K, B0GCX9545N, B0GCXGC6WQ, B0GCX12584]",amzn1.campaign.3R1IBOTZF6PPV,"Premium Storage Bins | 4.8 VINE Stars, 20% Commission",KAKAMAY,2026-04-08,2026-12-05,20.00%,5000.0,5000.0,13,800,false
[B0FCM871ZT],amzn1.campaign.2NL65JW3A8FP3,46-50-8hao,WESSVAN IINTTERNATIONAIL,2026-04-08,2027-04-08,49.86%,10000.0,10000.0,24,800,false
"[B0FCBVS928, B0FCBV8LP9, B0FCBTRMP6, B0FCDJNSL3, B0FCBWWC8X, B0FCBVRQ7G, B0FC71GCT2, B0FCBTSSLR, B0FCBWHQD8, B0FCBWQMX4]",amzn1.campaign.12RGGCSIJ43DI,"All-Stock Affiliate | Stable Sales, Steady Earnings ⭐",Oulores,2026-04-05,2027-04-05,15.29%,5000.0,5000.0,43,800,false
"[B0GCWT84TY, B0GCXCYG3K, B0GCX9545N, B0GCXGC6WQ, B0GCX12584]",amzn1.campaign.121291SEMSX40,"Luxury Foldable Storage Bins | 4.8 VINE Stars | New Arrival, 20% Commission",KAKAMAY,2026-04-08,2026-12-04,20.00%,5000.0,5000.0,13,800,false
[B0FCM871ZT],amzn1.campaign.2UFUIKWXK2T9R,46-50-8hao,WESSVAN IINTTERNATIONAIL,2026-04-08,2027-04-08,49.85%,10000.0,10000.0,26,800,false
"[B0FCBVS928, B0FCBV8LP9, B0FCBTRMP6, B0FCDJNSL3, B0FCBWWC8X, B0FCBVRQ7G, B0FC71GCT2, B0FCBTSSLR, B0FCBWHQD8, B0FCBWQMX4]",amzn1.campaign.2HKC7S0FWXNPF,"All-Stock Affiliate | Stable Sales, Steady Earnings ⭐",Oulores,2026-04-05,2027-04-05,15.28%,5000.0,5000.0,47,800,false
[B0FCM871ZT],amzn1.campaign.3PYP2DM6DD7L0,46-50-8hao,WESSVAN IINTTERNATIONAIL,2026-04-08,2027-04-08,49.84%,10000.0,10000.0,26,800,false
"[B0GCWT84TY, B0GCXCYG3K, B0GCX9545N, B0GCXGC6WQ, B0GCX12584]",amzn1.campaign.1ALVP54WTU7E9,New Foldable Storage Bins | 4.8 VINE Stars |  Earn 20% Commission,KAKAMAY,2026-04-08,2026-12-03,20.00%,5000.0,5000.0,15,800,false
"[B0FCBVS928, B0FCBV8LP9, B0FCBTRMP6, B0FCDJNSL3, B0FCBWWC8X, B0FCBVRQ7G, B0FC71GCT2, B0FCBTSSLR, B0FCBWHQD8, B0FCBWQMX4]",amzn1.campaign.18GX9M0N2SNG6,"All-Stock Affiliate | Stable Sales, Steady Earnings ⭐",Oulores,2026-04-05,2027-04-05,15.27%,5000.0,5000.0,43,800,false
[B0FCM871ZT],amzn1.campaign.RUBEGRL01VCP,46-50-8hao,WESSVAN IINTTERNATIONAIL,2026-04-08,2027-04-08,49.83%,10000.0,10000.0,27,800,false
[B0FCM871ZT],amzn1.campaign.1LF85J4FOAWF0,46-50-8hao,WESSVAN IINTTERNATIONAIL,2026-04-08,2027-04-08,49.82%,10000.0,10000.0,23,800,false
"[B0FCBVS928, B0FCBV8LP9, B0FCBTRMP6, B0FCDJNSL3, B0FCBWWC8X, B0FCBVRQ7G, B0FC71GCT2, B0FCBTSSLR, B0FCBWHQD8, B0FCBWQMX4]",amzn1.campaign.W48UKUTXR3RS,"All-Stock Affiliate | Stable Sales, Steady Earnings ⭐",Oulores,2026-04-05,2027-04-05,15.26%,5000.0,5000.0,52,800,false
"[B0GCWT84TY, B0GCXCYG3K, B0GCX9545N, B0GCXGC6WQ, B0GCX12584]",amzn1.campaign.295A9T4A1LNMO,Earn 20% Commission | 4.8 VINE Stars Premium Foldable Storage Bins New Launch,KAKAMAY,2026-04-08,2026-12-02,20.00%,5000.0,5000.0,11,800,false
[B0FCM871ZT],amzn1.campaign.1DISUI8MRDNBT,46-50-8hao,WESSVAN IINTTERNATIONAIL,2026-04-08,2027-04-08,49.81%,10000.0,10000.0,25,800,false
"[B0FCBVS928, B0FCBV8LP9, B0FCBTRMP6, B0FCDJNSL3, B0FCBWWC8X, B0FCBVRQ7G, B0FC71GCT2, B0FCBTSSLR, B0FCBWHQD8, B0FCBWQMX4]",amzn1.campaign.3B4Z1KE1E81ED,"All-Stock Affiliate | Stable Sales, Steady Earnings ⭐",Oulores,2026-04-05,2027-04-05,15.25%,5000.0,5000.0,47,800,false
"[B0FC1XT955, B0FRYXWDHS, B0F3VN7PHX, B0FC1G8M45, B0F82V7DQT, B0FQNPK7DC, B0FL85DB4W, B0DYTSP2FR, B0F6MLWMVD, B0FRLVPXB6, B0FBFM7844, B0F32PLY9N, B0FBG2QMKD, B0F835WQM6, B0FR2Y9TCJ, B0FJ5FKMWS, B0F1MZGRT6, B0DXL2RG52, B0DXD426FP, B0F2YSRQ99, B0F1CCQ7XC, B0FH6KSDKM, B0DXD3NX6C, B0F832WXW5, B0GG2W1YTQ]",amzn1.campaign.1QX6RC9BIW7QR,Monthly sales $80000 commission 11% Quilting rulers  for half year,HUIFARI,2026-04-07,2026-12-01,10.00%,5000.0,5000.0,38,800,false
[B0FCM871ZT],amzn1.campaign.2J5DY70NG7GNQ,46-50-8hao,WESSVAN IINTTERNATIONAIL,2026-04-08,2027-04-08,49.80%,10000.0,10000.0,24,800,false
"[B0FCBVS928, B0FCBV8LP9, B0FCBTRMP6, B0FCDJNSL3, B0FCBWWC8X, B0FCBVRQ7G, B0FC71GCT2, B0FCBTSSLR, B0FCBWHQD8, B0FCBWQMX4]",amzn1.campaign.27Y1L247MDZQM,"All-Stock Affiliate | Stable Sales, Steady Earnings ⭐",Oulores,2026-04-05,2027-04-05,15.24%,5000.0,5000.0,46,800,false
"[B0FC1XT955, B0FRYXWDHS, B0F3VN7PHX, B0FC1G8M45, B0F82V7DQT, B0FQNPK7DC, B0FL85DB4W, B0DYTSP2FR, B0F6MLWMVD, B0FRLVPXB6, B0FBFM7844, B0F32PLY9N, B0FBG2QMKD, B0F835WQM6, B0FR2Y9TCJ, B0FJ5FKMWS, B0F1MZGRT6, B0DXL2RG52, B0DXD426FP, B0F2YSRQ99, B0F1CCQ7XC, B0FH6KSDKM, B0DXD3NX6C, B0F832WXW5, B0GG2W1YTQ]",amzn1.campaign.3K1N70QJHQDNG,Monthly sales $80000 commission 11% Quilting rulers  for half year,HUIFARI,2026-04-07,2026-12-02,10.00%,5000.0,5000.0,44,800,false
"[B0FC1XT955, B0FRYXWDHS, B0F3VN7PHX, B0FC1G8M45, B0F82V7DQT, B0FQNPK7DC, B0FL85DB4W, B0DYTSP2FR, B0F6MLWMVD, B0FRLVPXB6, B0FBFM7844, B0F32PLY9N, B0FBG2QMKD, B0F835WQM6, B0FR2Y9TCJ, B0FJ5FKMWS, B0F1MZGRT6, B0DXL2RG52, B0DXD426FP, B0F2YSRQ99, B0F1CCQ7XC, B0FH6KSDKM, B0DXD3NX6C, B0F832WXW5, B0GG2W1YTQ]",amzn1.campaign.6XJ3BKAGC446,Monthly sales $80000 commission 11% Quilting rulers  for half year,HUIFARI,2026-04-07,2026-12-03,10.00%,5000.0,5000.0,48,800,false
"[B0FC1XT955, B0FRYXWDHS, B0F3VN7PHX, B0FC1G8M45, B0F82V7DQT, B0FQNPK7DC, B0FL85DB4W, B0DYTSP2FR, B0F6MLWMVD, B0FRLVPXB6, B0FBFM7844, B0F32PLY9N, B0FBG2QMKD, B0F835WQM6, B0FR2Y9TCJ, B0FJ5FKMWS, B0F1MZGRT6, B0DXL2RG52, B0DXD426FP, B0F2YSRQ99, B0F1CCQ7XC, B0FH6KSDKM, B0DXD3NX6C, B0F832WXW5, B0GG2W1YTQ]",amzn1.campaign.1WBPIM6CWV7JC,Monthly sales $80000 commission 11% Quilting rulers  for half year,HUIFARI,2026-04-07,2026-12-04,10.00%,5000.0,5000.0,44,800,false
"[B0FCBVS928, B0FCBV8LP9, B0FCBTRMP6, B0FCDJNSL3, B0FCBWWC8X, B0FCBVRQ7G, B0FC71GCT2, B0FCBTSSLR, B0FCBWHQD8, B0FCBWQMX4]",amzn1.campaign.C85686JESN2H,"All-Stock Affiliate | Stable Sales, Steady Earnings ⭐",Oulores,2026-04-05,2027-04-05,15.23%,5000.0,5000.0,49,800,false
"[B0GCWT84TY, B0GCXCYG3K, B0GCX9545N, B0GCXGC6WQ, B0GCX12584]",amzn1.campaign.XO0P5JCIAAS1,4.8VINE Stars | Premium Foldable Storage Bins | New Launch | 20% Commission,KAKAMAY,2026-04-08,2026-12-01,20.00%,5000.0,5000.0,20,800,false
"[B0FCBVS928, B0FCBV8LP9, B0FCBTRMP6, B0FCDJNSL3, B0FCBWWC8X, B0FCBVRQ7G, B0FC71GCT2, B0FCBTSSLR, B0FCBWHQD8, B0FCBWQMX4]",amzn1.campaign.1VT5FG6W3I5L8,"All-Stock Affiliate | Stable Sales, Steady Earnings ⭐",Oulores,2026-04-05,2027-04-05,15.22%,5000.0,5000.0,46,800,false
"[B0FCBVS928, B0FCBV8LP9, B0FCBTRMP6, B0FCDJNSL3, B0FCBWWC8X, B0FCBVRQ7G, B0FC71GCT2, B0FCBTSSLR, B0FCBWHQD8, B0FCBWQMX4]",amzn1.campaign.TJR3R5UGB9TV,"All-Stock Affiliate | Stable Sales, Steady Earnings ⭐",Oulores,2026-04-05,2027-04-05,15.21%,5000.0,5000.0,52,800,false
"[B0FC1XT955, B0FRYXWDHS, B0F3VN7PHX, B0FC1G8M45, B0F82V7DQT, B0FQNPK7DC, B0FL85DB4W, B0DYTSP2FR, B0F6MLWMVD, B0FRLVPXB6, B0FBFM7844, B0F32PLY9N, B0FBG2QMKD, B0F835WQM6, B0FR2Y9TCJ, B0FJ5FKMWS, B0F1MZGRT6, B0DXL2RG52, B0DXD426FP, B0F2YSRQ99, B0F1CCQ7XC, B0FH6KSDKM, B0DXD3NX6C, B0F832WXW5, B0GG2W1YTQ]",amzn1.campaign.2LZSHOOTYQNAB,Monthly sales $80000 commission 11% Quilting rulers  for half year,HUIFARI,2026-04-07,2026-12-05,10.00%,5000.0,5000.0,44,800,false
"[B0FCBVS928, B0FCBV8LP9, B0FCBTRMP6, B0FCDJNSL3, B0FCBWWC8X, B0FCBVRQ7G, B0FC71GCT2, B0FCBTSSLR, B0FCBWHQD8, B0FCBWQMX4]",amzn1.campaign.2CK8L4MNDZZY0,"All-Stock Affiliate | Stable Sales, Steady Earnings ⭐",Oulores,2026-04-05,2027-04-05,15.20%,5000.0,5000.0,47,800,false
"[B0FC1XT955, B0FRYXWDHS, B0F3VN7PHX, B0FC1G8M45, B0F82V7DQT, B0FQNPK7DC, B0FL85DB4W, B0DYTSP2FR, B0F6MLWMVD, B0FRLVPXB6, B0FBFM7844, B0F32PLY9N, B0FBG2QMKD, B0F835WQM6, B0FR2Y9TCJ, B0FJ5FKMWS, B0F1MZGRT6, B0DXL2RG52, B0DXD426FP, B0F2YSRQ99, B0F1CCQ7XC, B0FH6KSDKM, B0DXD3NX6C, B0F832WXW5, B0GG2W1YTQ]",amzn1.campaign.12Y2F2VMG9Z3O,Monthly sales $80000 commission 11% Quilting rulers  for half year,HUIFARI,2026-04-07,2026-12-06,10.00%,5000.0,5000.0,43,800,false
"[B0FC1XT955, B0FRYXWDHS, B0F3VN7PHX, B0FC1G8M45, B0F82V7DQT, B0FQNPK7DC, B0FL85DB4W, B0DYTSP2FR, B0F6MLWMVD, B0FRLVPXB6, B0FBFM7844, B0F32PLY9N, B0FBG2QMKD, B0F835WQM6, B0FR2Y9TCJ, B0FJ5FKMWS, B0F1MZGRT6, B0DXL2RG52, B0DXD426FP, B0F2YSRQ99, B0F1CCQ7XC, B0FH6KSDKM, B0DXD3NX6C, B0F832WXW5, B0GG2W1YTQ]",amzn1.campaign.36VLFHBROA6M0,Monthly sales $80000 commission 11% Quilting rulers  for half year,HUIFARI,2026-04-07,2026-12-07,10.00%,5000.0,5000.0,48,800,false
"[B0FC1XT955, B0FRYXWDHS, B0F3VN7PHX, B0FC1G8M45, B0F82V7DQT, B0FQNPK7DC, B0FL85DB4W, B0DYTSP2FR, B0F6MLWMVD, B0FRLVPXB6, B0FBFM7844, B0F32PLY9N, B0FBG2QMKD, B0F835WQM6, B0FR2Y9TCJ, B0FJ5FKMWS, B0F1MZGRT6, B0DXL2RG52, B0DXD426FP, B0F2YSRQ99, B0F1CCQ7XC, B0FH6KSDKM, B0DXD3NX6C, B0F832WXW5, B0GG2W1YTQ]",amzn1.campaign.1GNC6FNFAIFSH,Monthly sales $80000 commission 11% Quilting rulers  for half year,HUIFARI,2026-04-07,2026-12-08,10.00%,5000.0,5000.0,47,800,false
"[B0FCBVS928, B0FCBV8LP9, B0FCBTRMP6, B0FCDJNSL3, B0FCBWWC8X, B0FCBVRQ7G, B0FC71GCT2, B0FCBTSSLR, B0FCBWHQD8, B0FCBWQMX4]",amzn1.campaign.1N1KBYTN9DBDW,"All-Stock Affiliate | Stable Sales, Steady Earnings ⭐",Oulores,2026-04-05,2027-04-05,15.19%,5000.0,5000.0,45,800,false
"[B0FC1XT955, B0FRYXWDHS, B0F3VN7PHX, B0FC1G8M45, B0F82V7DQT, B0FQNPK7DC, B0FL85DB4W, B0DYTSP2FR, B0F6MLWMVD, B0FRLVPXB6, B0FBFM7844, B0F32PLY9N, B0FBG2QMKD, B0F835WQM6, B0FR2Y9TCJ, B0FJ5FKMWS, B0F1MZGRT6, B0DXL2RG52, B0DXD426FP, B0F2YSRQ99, B0F1CCQ7XC, B0FH6KSDKM, B0DXD3NX6C, B0F832WXW5, B0GG2W1YTQ]",amzn1.campaign.2BJHG08VJXY8F,Monthly sales $80000 commission 11% Quilting rulers  for half year,HUIFARI,2026-04-07,2026-12-09,10.00%,5000.0,5000.0,48,800,false
"[B0FC1XT955, B0FRYXWDHS, B0F3VN7PHX, B0FC1G8M45, B0F82V7DQT, B0FQNPK7DC, B0FL85DB4W, B0DYTSP2FR, B0F6MLWMVD, B0FRLVPXB6, B0FBFM7844, B0F32PLY9N, B0FBG2QMKD, B0F835WQM6, B0FR2Y9TCJ, B0FJ5FKMWS, B0F1MZGRT6, B0DXL2RG52, B0DXD426FP, B0F2YSRQ99, B0F1CCQ7XC, B0FH6KSDKM, B0DXD3NX6C, B0F832WXW5, B0GG2W1YTQ]",amzn1.campaign.53VXKPJAEVZF,Monthly sales $80000 commission 11% Quilting rulers  for half year,HUIFARI,2026-04-07,2026-12-10,10.00%,5000.0,5000.0,50,800,false
"[B0FCBVS928, B0FCBV8LP9, B0FCBTRMP6, B0FCDJNSL3, B0FCBWWC8X, B0FCBVRQ7G, B0FC71GCT2, B0FCBTSSLR, B0FCBWHQD8, B0FCBWQMX4]",amzn1.campaign.2MQC5KBJSEZZC,"All-Stock Affiliate | Stable Sales, Steady Earnings ⭐",Oulores,2026-04-05,2027-04-05,15.18%,5000.0,5000.0,46,800,false
"[B0FC1XT955, B0FRYXWDHS, B0F3VN7PHX, B0FC1G8M45, B0F82V7DQT, B0FQNPK7DC, B0FL85DB4W, B0DYTSP2FR, B0F6MLWMVD, B0FRLVPXB6, B0FBFM7844, B0F32PLY9N, B0FBG2QMKD, B0F835WQM6, B0FR2Y9TCJ, B0FJ5FKMWS, B0F1MZGRT6, B0DXL2RG52, B0DXD426FP, B0F2YSRQ99, B0F1CCQ7XC, B0FH6KSDKM, B0DXD3NX6C, B0F832WXW5, B0GG2W1YTQ]",amzn1.campaign.1T6BVXU5OM1GA,Monthly sales $80000 commission 11% Quilting rulers  for half year,HUIFARI,2026-04-07,2026-12-11,10.00%,5000.0,5000.0,50,800,false
"[B0FC1XT955, B0FRYXWDHS, B0F3VN7PHX, B0FC1G8M45, B0F82V7DQT, B0FQNPK7DC, B0FL85DB4W, B0DYTSP2FR, B0F6MLWMVD, B0FRLVPXB6, B0FBFM7844, B0F32PLY9N, B0FBG2QMKD, B0F835WQM6, B0FR2Y9TCJ, B0FJ5FKMWS, B0F1MZGRT6, B0DXL2RG52, B0DXD426FP, B0F2YSRQ99, B0F1CCQ7XC, B0FH6KSDKM, B0DXD3NX6C, B0F832WXW5, B0GG2W1YTQ]",amzn1.campaign.1DFVKI3YBSJWP,Monthly sales $80000 commission 11% Quilting rulers  for half year,HUIFARI,2026-04-07,2026-12-12,10.00%,5000.0,5000.0,48,800,false
"[B0FCBVS928, B0FCBV8LP9, B0FCBTRMP6, B0FCDJNSL3, B0FCBWWC8X, B0FCBVRQ7G, B0FC71GCT2, B0FCBTSSLR, B0FCBWHQD8, B0FCBWQMX4]",amzn1.campaign.3DJV2AYYIKCT9,"All-Stock Affiliate | Stable Sales, Steady Earnings ⭐",Oulores,2026-04-05,2027-04-05,15.17%,5000.0,5000.0,48,800,false
"[B0FC1XT955, B0FRYXWDHS, B0F3VN7PHX, B0FC1G8M45, B0F82V7DQT, B0FQNPK7DC, B0FL85DB4W, B0DYTSP2FR, B0F6MLWMVD, B0FRLVPXB6, B0FBFM7844, B0F32PLY9N, B0FBG2QMKD, B0F835WQM6, B0FR2Y9TCJ, B0FJ5FKMWS, B0F1MZGRT6, B0DXL2RG52, B0DXD426FP, B0F2YSRQ99, B0F1CCQ7XC, B0FH6KSDKM, B0DXD3NX6C, B0F832WXW5, B0GG2W1YTQ]",amzn1.campaign.1537CRZEQSVXG,Monthly sales $80000 commission 11% Quilting rulers  for half year,HUIFARI,2026-04-07,2026-12-13,10.00%,5000.0,5000.0,48,800,false
"[B0FC1XT955, B0FRYXWDHS, B0F3VN7PHX, B0FC1G8M45, B0F82V7DQT, B0FQNPK7DC, B0FL85DB4W, B0DYTSP2FR, B0F6MLWMVD, B0FRLVPXB6, B0FBFM7844, B0F32PLY9N, B0FBG2QMKD, B0F835WQM6, B0FR2Y9TCJ, B0FJ5FKMWS, B0F1MZGRT6, B0DXL2RG52, B0DXD426FP, B0F2YSRQ99, B0F1CCQ7XC, B0FH6KSDKM, B0DXD3NX6C, B0F832WXW5, B0GG2W1YTQ]",amzn1.campaign.21QZ4VXDFPT6N,Monthly sales $80000 commission 11% Quilting rulers  for half year,HUIFARI,2026-04-07,2026-12-14,10.00%,5000.0,5000.0,50,800,false
"[B0FCBVS928, B0FCBV8LP9, B0FCBTRMP6, B0FCDJNSL3, B0FCBWWC8X, B0FCBVRQ7G, B0FC71GCT2, B0FCBTSSLR, B0FCBWHQD8, B0FCBWQMX4]",amzn1.campaign.1UZUZQWVJO5RP,"All-Stock Affiliate | Stable Sales, Steady Earnings ⭐",Oulores,2026-04-05,2027-04-05,15.16%,5000.0,5000.0,46,800,false
"[B0FC1XT955, B0FRYXWDHS, B0F3VN7PHX, B0FC1G8M45, B0F82V7DQT, B0FQNPK7DC, B0FL85DB4W, B0DYTSP2FR, B0F6MLWMVD, B0FRLVPXB6, B0FBFM7844, B0F32PLY9N, B0FBG2QMKD, B0F835WQM6, B0FR2Y9TCJ, B0FJ5FKMWS, B0F1MZGRT6, B0DXL2RG52, B0DXD426FP, B0F2YSRQ99, B0F1CCQ7XC, B0FH6KSDKM, B0DXD3NX6C, B0F832WXW5, B0GG2W1YTQ]",amzn1.campaign.2I0DST4541JX9,Monthly sales $80000 commission 11% Quilting rulers  for half year,HUIFARI,2026-04-07,2026-12-15,10.00%,5000.0,5000.0,51,800,false
[B0GHYQMFWC],amzn1.campaign.1P6O29RCAXFIG,"💰 Earn a Premium 20% Commission on the Ultimate ""One-A-Day"" Omega-3!",FLYLEAF,2026-04-07,2026-09-30,20.00%,5000.0,4998.08,3,800,false
"[B0FC1XT955, B0FRYXWDHS, B0F3VN7PHX, B0FC1G8M45, B0F82V7DQT, B0FQNPK7DC, B0FL85DB4W, B0DYTSP2FR, B0F6MLWMVD, B0FRLVPXB6, B0FBFM7844, B0F32PLY9N, B0FBG2QMKD, B0F835WQM6, B0FR2Y9TCJ, B0FJ5FKMWS, B0F1MZGRT6, B0DXL2RG52, B0DXD426FP, B0F2YSRQ99, B0F1CCQ7XC, B0FH6KSDKM, B0DXD3NX6C, B0F832WXW5, B0GG2W1YTQ]",amzn1.campaign.E1128D9T8E39,Monthly sales $80000 commission 11% Quilting rulers  for half year,HUIFARI,2026-04-07,2026-12-16,10.00%,5000.0,5000.0,52,800,false
"[B0FCBVS928, B0FCBV8LP9, B0FCBTRMP6, B0FCDJNSL3, B0FCBWWC8X, B0FCBVRQ7G, B0FC71GCT2, B0FCBTSSLR, B0FCBWHQD8, B0FCBWQMX4]",amzn1.campaign.3T664ZOJAPN1T,"All-Stock Affiliate | Stable Sales, Steady Earnings ⭐",Oulores,2026-04-05,2027-04-05,15.15%,5000.0,5000.0,50,800,false
"[B0FC1XT955, B0FRYXWDHS, B0F3VN7PHX, B0FC1G8M45, B0F82V7DQT, B0FQNPK7DC, B0FL85DB4W, B0DYTSP2FR, B0F6MLWMVD, B0FRLVPXB6, B0FBFM7844, B0F32PLY9N, B0FBG2QMKD, B0F835WQM6, B0FR2Y9TCJ, B0FJ5FKMWS, B0F1MZGRT6, B0DXL2RG52, B0DXD426FP, B0F2YSRQ99, B0F1CCQ7XC, B0FH6KSDKM, B0DXD3NX6C, B0F832WXW5, B0GG2W1YTQ]",amzn1.campaign.2N7U116KIIIP5,Monthly sales $80000 commission 11% Quilting rulers  for half year,HUIFARI,2026-04-07,2026-12-17,10.00%,5000.0,5000.0,53,800,false
"[B0FC1XT955, B0FRYXWDHS, B0F3VN7PHX, B0FC1G8M45, B0F82V7DQT, B0FQNPK7DC, B0FL85DB4W, B0DYTSP2FR, B0F6MLWMVD, B0FRLVPXB6, B0FBFM7844, B0F32PLY9N, B0FBG2QMKD, B0F835WQM6, B0FR2Y9TCJ, B0FJ5FKMWS, B0F1MZGRT6, B0DXL2RG52, B0DXD426FP, B0F2YSRQ99, B0F1CCQ7XC, B0FH6KSDKM, B0DXD3NX6C, B0F832WXW5, B0GG2W1YTQ]",amzn1.campaign.3AEEI320G7653,Monthly sales $80000 commission 11% Quilting rulers  for half year,HUIFARI,2026-04-07,2026-12-18,10.00%,5000.0,5000.0,56,800,false
"[B0FCBVS928, B0FCBV8LP9, B0FCBTRMP6, B0FCDJNSL3, B0FCBWWC8X, B0FCBVRQ7G, B0FC71GCT2, B0FCBTSSLR, B0FCBWHQD8, B0FCBWQMX4]",amzn1.campaign.15KVHYM3OOZAL,"All-Stock Affiliate | Stable Sales, Steady Earnings ⭐",Oulores,2026-04-05,2027-04-05,15.14%,5000.0,5000.0,43,800,false
"[B0FC1XT955, B0FRYXWDHS, B0F3VN7PHX, B0FC1G8M45, B0F82V7DQT, B0FQNPK7DC, B0FL85DB4W, B0DYTSP2FR, B0F6MLWMVD, B0FRLVPXB6, B0FBFM7844, B0F32PLY9N, B0FBG2QMKD, B0F835WQM6, B0FR2Y9TCJ, B0FJ5FKMWS, B0F1MZGRT6, B0DXL2RG52, B0DXD426FP, B0F2YSRQ99, B0F1CCQ7XC, B0FH6KSDKM, B0DXD3NX6C, B0F832WXW5, B0GG2W1YTQ]",amzn1.campaign.1WYEB7645KC1H,Monthly sales $80000 commission 11% Quilting rulers  for half year,HUIFARI,2026-04-07,2026-12-19,10.00%,5000.0,5000.0,53,800,false
"[B0FC1XT955, B0FRYXWDHS, B0F3VN7PHX, B0FC1G8M45, B0F82V7DQT, B0FQNPK7DC, B0FL85DB4W, B0DYTSP2FR, B0F6MLWMVD, B0FRLVPXB6, B0FBFM7844, B0F32PLY9N, B0FBG2QMKD, B0F835WQM6, B0FR2Y9TCJ, B0FJ5FKMWS, B0F1MZGRT6, B0DXL2RG52, B0DXD426FP, B0F2YSRQ99, B0F1CCQ7XC, B0FH6KSDKM, B0DXD3NX6C, B0F832WXW5, B0GG2W1YTQ]",amzn1.campaign.1LJK8M4OGDXNO,Monthly sales $80000 commission 11% Quilting rulers  for half year,HUIFARI,2026-04-07,2026-12-20,10.00%,5000.0,5000.0,52,800,false
"[B0FCBVS928, B0FCBV8LP9, B0FCBTRMP6, B0FCDJNSL3, B0FCBWWC8X, B0FCBVRQ7G, B0FC71GCT2, B0FCBTSSLR, B0FCBWHQD8, B0FCBWQMX4]",amzn1.campaign.25L5I9BGTRQ6I,"All-Stock Affiliate | Stable Sales, Steady Earnings ⭐",Oulores,2026-04-05,2027-04-05,15.13%,5000.0,5000.0,46,800,false
"[B0FC1XT955, B0FRYXWDHS, B0F3VN7PHX, B0FC1G8M45, B0F82V7DQT, B0FQNPK7DC, B0FL85DB4W, B0DYTSP2FR, B0F6MLWMVD, B0FRLVPXB6, B0FBFM7844, B0F32PLY9N, B0FBG2QMKD, B0F835WQM6, B0FR2Y9TCJ, B0FJ5FKMWS, B0F1MZGRT6, B0DXL2RG52, B0DXD426FP, B0F2YSRQ99, B0F1CCQ7XC, B0FH6KSDKM, B0DXD3NX6C, B0F832WXW5, B0GG2W1YTQ]",amzn1.campaign.VN5TXD076YDI,Monthly sales $80000 commission 11% Quilting rulers  for half year,HUIFARI,2026-04-07,2026-12-21,10.00%,5000.0,5000.0,58,800,false
"[B0FC1XT955, B0FRYXWDHS, B0F3VN7PHX, B0FC1G8M45, B0F82V7DQT, B0FQNPK7DC, B0FL85DB4W, B0DYTSP2FR, B0F6MLWMVD, B0FRLVPXB6, B0FBFM7844, B0F32PLY9N, B0FBG2QMKD, B0F835WQM6, B0FR2Y9TCJ, B0FJ5FKMWS, B0F1MZGRT6, B0DXL2RG52, B0DXD426FP, B0F2YSRQ99, B0F1CCQ7XC, B0FH6KSDKM, B0DXD3NX6C, B0F832WXW5, B0GG2W1YTQ]",amzn1.campaign.2WVFNS15PIW74,Monthly sales $80000 commission 11% Quilting rulers  for half year,HUIFARI,2026-04-07,2026-12-22,10.00%,5000.0,5000.0,52,800,false
"[B0FCBVS928, B0FCBV8LP9, B0FCBTRMP6, B0FCDJNSL3, B0FCBWWC8X, B0FCBVRQ7G, B0FC71GCT2, B0FCBTSSLR, B0FCBWHQD8, B0FCBWQMX4]",amzn1.campaign.ZF097Q4A2H9K,"All-Stock Affiliate | Stable Sales, Steady Earnings ⭐",Oulores,2026-04-05,2027-04-05,15.12%,5000.0,5000.0,54,800,false
"[B0FC1XT955, B0FRYXWDHS, B0F3VN7PHX, B0FC1G8M45, B0F82V7DQT, B0FQNPK7DC, B0FL85DB4W, B0DYTSP2FR, B0F6MLWMVD, B0FRLVPXB6, B0FBFM7844, B0F32PLY9N, B0FBG2QMKD, B0F835WQM6, B0FR2Y9TCJ, B0FJ5FKMWS, B0F1MZGRT6, B0DXL2RG52, B0DXD426FP, B0F2YSRQ99, B0F1CCQ7XC, B0FH6KSDKM, B0DXD3NX6C, B0F832WXW5, B0GG2W1YTQ]",amzn1.campaign.HT03TXGJZFCB,Monthly sales $80000 commission 11% Quilting rulers  for half year,HUIFARI,2026-04-07,2026-12-23,10.00%,5000.0,5000.0,57,800,false
"[B0FC1XT955, B0FRYXWDHS, B0F3VN7PHX, B0FC1G8M45, B0F82V7DQT, B0FQNPK7DC, B0FL85DB4W, B0DYTSP2FR, B0F6MLWMVD, B0FRLVPXB6, B0FBFM7844, B0F32PLY9N, B0FBG2QMKD, B0F835WQM6, B0FR2Y9TCJ, B0FJ5FKMWS, B0F1MZGRT6, B0DXL2RG52, B0DXD426FP, B0F2YSRQ99, B0F1CCQ7XC, B0FH6KSDKM, B0DXD3NX6C, B0F832WXW5, B0GG2W1YTQ]",amzn1.campaign.3MQMZWAMM0IL4,Monthly sales $80000 commission 11% Quilting rulers  for half year,HUIFARI,2026-04-07,2026-12-24,10.00%,5000.0,5000.0,56,800,false
"[B0FCBVS928, B0FCBV8LP9, B0FCBTRMP6, B0FCDJNSL3, B0FCBWWC8X, B0FCBVRQ7G, B0FC71GCT2, B0FCBTSSLR, B0FCBWHQD8, B0FCBWQMX4]",amzn1.campaign.35SHSOI0XRE25,"All-Stock Affiliate | Stable Sales, Steady Earnings ⭐",Oulores,2026-04-05,2027-04-05,15.11%,5000.0,5000.0,48,800,false
"[B0FC1XT955, B0FRYXWDHS, B0F3VN7PHX, B0FC1G8M45, B0F82V7DQT, B0FQNPK7DC, B0FL85DB4W, B0DYTSP2FR, B0F6MLWMVD, B0FRLVPXB6, B0FBFM7844, B0F32PLY9N, B0FBG2QMKD, B0F835WQM6, B0FR2Y9TCJ, B0FJ5FKMWS, B0F1MZGRT6, B0DXL2RG52, B0DXD426FP, B0F2YSRQ99, B0F1CCQ7XC, B0FH6KSDKM, B0DXD3NX6C, B0F832WXW5, B0GG2W1YTQ]",amzn1.campaign.1F2Q5E0DS8TK0,Monthly sales $80000 commission 11% Quilting rulers  for half year,HUIFARI,2026-04-07,2026-12-25,10.00%,5000.0,5000.0,51,800,false
"[B0FC1XT955, B0FRYXWDHS, B0F3VN7PHX, B0FC1G8M45, B0F82V7DQT, B0FQNPK7DC, B0FL85DB4W, B0DYTSP2FR, B0F6MLWMVD, B0FRLVPXB6, B0FBFM7844, B0F32PLY9N, B0FBG2QMKD, B0F835WQM6, B0FR2Y9TCJ, B0FJ5FKMWS, B0F1MZGRT6, B0DXL2RG52, B0DXD426FP, B0F2YSRQ99, B0F1CCQ7XC, B0FH6KSDKM, B0DXD3NX6C, B0F832WXW5, B0GG2W1YTQ]",amzn1.campaign.1M997MOZQ7DR7,Monthly sales $80000 commission 11% Quilting rulers  for half year,HUIFARI,2026-04-07,2026-12-26,10.00%,5000.0,5000.0,50,800,false
"[B0FCBVS928, B0FCBV8LP9, B0FCBTRMP6, B0FCDJNSL3, B0FCBWWC8X, B0FCBVRQ7G, B0FC71GCT2, B0FCBTSSLR, B0FCBWHQD8, B0FCBWQMX4]",amzn1.campaign.3HE1DL5K6I3KL,"All-Stock Affiliate | Stable Sales, Steady Earnings ⭐",Oulores,2026-04-05,2027-04-05,15.10%,5000.0,5000.0,52,800,false
"[B0FC1XT955, B0FRYXWDHS, B0F3VN7PHX, B0FC1G8M45, B0F82V7DQT, B0FQNPK7DC, B0FL85DB4W, B0DYTSP2FR, B0F6MLWMVD, B0FRLVPXB6, B0FBFM7844, B0F32PLY9N, B0FBG2QMKD, B0F835WQM6, B0FR2Y9TCJ, B0FJ5FKMWS, B0F1MZGRT6, B0DXL2RG52, B0DXD426FP, B0F2YSRQ99, B0F1CCQ7XC, B0FH6KSDKM, B0DXD3NX6C, B0F832WXW5, B0GG2W1YTQ]",amzn1.campaign.3NRQ8RZQCCSP,Monthly sales $80000 commission 11% Quilting rulers  for half year,HUIFARI,2026-04-07,2026-12-27,10.00%,5000.0,5000.0,56,800,false
[B0FCM871ZT],amzn1.campaign.2TR20MXO4HLCF,46-50-8hao,WESSVAN IINTTERNATIONAIL,2026-04-08,2027-04-08,49.78%,10000.0,10000.0,25,800,false
"[B0FC1XT955, B0FRYXWDHS, B0F3VN7PHX, B0FC1G8M45, B0F82V7DQT, B0FQNPK7DC, B0FL85DB4W, B0DYTSP2FR, B0F6MLWMVD, B0FRLVPXB6, B0FBFM7844, B0F32PLY9N, B0FBG2QMKD, B0F835WQM6, B0FR2Y9TCJ, B0FJ5FKMWS, B0F1MZGRT6, B0DXL2RG52, B0DXD426FP, B0F2YSRQ99, B0F1CCQ7XC, B0FH6KSDKM, B0DXD3NX6C, B0F832WXW5, B0GG2W1YTQ]",amzn1.campaign.1RCEBPUVYLRAN,Monthly sales $80000 commission 11% Quilting rulers  for half year,HUIFARI,2026-04-07,2026-12-28,10.00%,5000.0,5000.0,49,800,false
"[B0FCBVS928, B0FCBV8LP9, B0FCBTRMP6, B0FCDJNSL3, B0FCBWWC8X, B0FCBVRQ7G, B0FC71GCT2, B0FCBTSSLR, B0FCBWHQD8, B0FCBWQMX4]",amzn1.campaign.4577BBF1I1RD,"All-Stock Affiliate | Stable Sales, Steady Earnings ⭐",Oulores,2026-04-05,2027-04-05,15.09%,5000.0,5000.0,50,800,false
"[B0FC1XT955, B0FRYXWDHS, B0F3VN7PHX, B0FC1G8M45, B0F82V7DQT, B0FQNPK7DC, B0FL85DB4W, B0DYTSP2FR, B0F6MLWMVD, B0FRLVPXB6, B0FBFM7844, B0F32PLY9N, B0FBG2QMKD, B0F835WQM6, B0FR2Y9TCJ, B0FJ5FKMWS, B0F1MZGRT6, B0DXL2RG52, B0DXD426FP, B0F2YSRQ99, B0F1CCQ7XC, B0FH6KSDKM, B0DXD3NX6C, B0F832WXW5, B0GG2W1YTQ]",amzn1.campaign.1XK7OMPQY6GAG,Monthly sales $80000 commission 11% Quilting rulers  for half year,HUIFARI,2026-04-07,2026-12-29,10.00%,5000.0,5000.0,50,800,false
[B0FCM871ZT],amzn1.campaign.OXSOV9CD52DC,46-50-8hao,WESSVAN IINTTERNATIONAIL,2026-04-08,2027-04-08,49.77%,10000.0,10000.0,29,800,false
"[B0FC1XT955, B0FRYXWDHS, B0F3VN7PHX, B0FC1G8M45, B0F82V7DQT, B0FQNPK7DC, B0FL85DB4W, B0DYTSP2FR, B0F6MLWMVD, B0FRLVPXB6, B0FBFM7844, B0F32PLY9N, B0FBG2QMKD, B0F835WQM6, B0FR2Y9TCJ, B0FJ5FKMWS, B0F1MZGRT6, B0DXL2RG52, B0DXD426FP, B0F2YSRQ99, B0F1CCQ7XC, B0FH6KSDKM, B0DXD3NX6C, B0F832WXW5, B0GG2W1YTQ]",amzn1.campaign.2V52JVLIEBDHY,Monthly sales $80000 commission 11% Quilting rulers  for half year,HUIFARI,2026-04-07,2026-12-30,10.00%,5000.0,5000.0,50,800,false
"[B0FCBVS928, B0FCBV8LP9, B0FCBTRMP6, B0FCDJNSL3, B0FCBWWC8X, B0FCBVRQ7G, B0FC71GCT2, B0FCBTSSLR, B0FCBWHQD8, B0FCBWQMX4]",amzn1.campaign.1I0TV16235XKW,"All-Stock Affiliate | Stable Sales, Steady Earnings ⭐",Oulores,2026-04-05,2027-04-05,15.08%,5000.0,5000.0,46,800,false
"[B0G2HV7TJF, B0FCSL5QPP, B0FGV9KYGB, B0G2HSNY7R, B0CSYX1FGQ, B0DRGN47V5, B0FB45RJML, B09261VQ6J, B0G3SMR9PZ, B0G2HV3QNX]",amzn1.campaign.3ULS9UV3RV947,"Water art kit, Magnetic  Blocks,  Birthday gifts for kids  10%",Titoclar,2026-04-20,2026-12-30,10.00%,5000.0,5000.0,24,800,false
[B0FCM871ZT],amzn1.campaign.27QSOBGDSBHWG,46-50-8hao,WESSVAN IINTTERNATIONAIL,2026-04-08,2027-04-08,49.76%,10000.0,10000.0,24,800,false
"[B0FC1XT955, B0FRYXWDHS, B0F3VN7PHX, B0FC1G8M45, B0F82V7DQT, B0FQNPK7DC, B0FL85DB4W, B0DYTSP2FR, B0F6MLWMVD, B0FRLVPXB6, B0FBFM7844, B0F32PLY9N, B0FBG2QMKD, B0F835WQM6, B0FR2Y9TCJ, B0FJ5FKMWS, B0F1MZGRT6, B0DXL2RG52, B0DXD426FP, B0F2YSRQ99, B0F1CCQ7XC, B0FH6KSDKM, B0DXD3NX6C, B0F832WXW5, B0GG2W1YTQ]",amzn1.campaign.H1HYDO75DWSU,Monthly sales $80000 commission 11% Quilting rulers  for half year,HUIFARI,2026-04-07,2026-12-31,10.00%,5000.0,5000.0,47,800,false
"[B0FCBVS928, B0FCBV8LP9, B0FCBTRMP6, B0FCDJNSL3, B0FCBWWC8X, B0FCBVRQ7G, B0FC71GCT2, B0FCBTSSLR, B0FCBWHQD8, B0FCBWQMX4]",amzn1.campaign.2FZ8D2I2AHGVW,"All-Stock Affiliate | Stable Sales, Steady Earnings ⭐",Oulores,2026-04-05,2027-04-05,15.07%,5000.0,5000.0,46,800,false
"[B0G2HV7TJF, B0FCSL5QPP, B0FGV9KYGB, B0G2HSNY7R, B0CSYX1FGQ, B0DRGN47V5, B0FB45RJML, B09261VQ6J, B0G3SMR9PZ, B0G2HV3QNX]",amzn1.campaign.25YCZ5WTSLE6O,"Water art kit, Magnetic  Blocks,  Birthday gifts for kids  10%",Titoclar,2026-04-19,2026-12-30,10.00%,5000.0,5000.0,22,800,false
[B0FCM871ZT],amzn1.campaign.2N6B4QTNJO7XI,46-50-8hao,WESSVAN IINTTERNATIONAIL,2026-04-08,2027-04-08,49.75%,10000.0,10000.0,23,800,false
[B0GGZ8Y8Z8],amzn1.campaign.1NHVHCWM9SE79,💰 20% Commission | Premium Women's GLP-1 Support & Gut Health,FLYLEAF,2026-04-07,2026-09-30,20.00%,5000.0,4841.84,0,800,false
"[B0G2HV7TJF, B0FCSL5QPP, B0FGV9KYGB, B0G2HSNY7R, B0CSYX1FGQ, B0DRGN47V5, B0FB45RJML, B09261VQ6J, B0G3SMR9PZ, B0G2HV3QNX]",amzn1.campaign.318GKOZWV50RD,"Water art kit, Magnetic  Blocks,  Birthday gifts for kids  10%",Titoclar,2026-04-18,2026-12-30,10.00%,5000.0,5000.0,22,800,false
"[B0FCBVS928, B0FCBV8LP9, B0FCBTRMP6, B0FCDJNSL3, B0FCBWWC8X, B0FCBVRQ7G, B0FC71GCT2, B0FCBTSSLR, B0FCBWHQD8, B0FCBWQMX4]",amzn1.campaign.3B3II7RL6J8Y6,"All-Stock Affiliate | Stable Sales, Steady Earnings ⭐",Oulores,2026-04-05,2027-04-05,15.06%,5000.0,5000.0,49,800,false
"[B0G2HV7TJF, B0FCSL5QPP, B0FGV9KYGB, B0G2HSNY7R, B0CSYX1FGQ, B0DRGN47V5, B0FB45RJML, B09261VQ6J, B0G3SMR9PZ, B0G2HV3QNX]",amzn1.campaign.13JQVN6KR2OMV,"Water art kit, Magnetic  Blocks,  Birthday gifts for kids  10%",Titoclar,2026-04-17,2026-12-30,10.00%,5000.0,5000.0,23,800,false
[B0FCM871ZT],amzn1.campaign.2S54XP1VC5IZO,46-50-8hao,WESSVAN IINTTERNATIONAIL,2026-04-08,2027-04-08,49.74%,10000.0,10000.0,24,800,false
"[B0G2HV7TJF, B0FCSL5QPP, B0FGV9KYGB, B0G2HSNY7R, B0CSYX1FGQ, B0DRGN47V5, B0FB45RJML, B09261VQ6J, B0G3SMR9PZ, B0G2HV3QNX]",amzn1.campaign.2ZA4HLHTWGLG5,"Water art kit, Magnetic  Blocks,  Birthday gifts for kids  10%",Titoclar,2026-04-16,2026-12-30,10.00%,5000.0,5000.0,29,800,false
"[B0DJBTMBQZ, B0DQ5Q8CCN, B0F6VB77RK, B0DQDXSKFS, B0DWFT7KVQ, B0F3JMVHMY, B0DQ5XCJ8F, B0DPDJZ4D5, B0F21DNL86, B0DYSQ7WSJ, B0DQDYW5QQ, B0DPDHGVBZ, B0F37MXH1T, B0DQ4ZB63H, B0FBFPSZL1, B0FV7LR3NC, B0DWFQM1LB, B0F18D1HZT, B0DQHBLJYY, B0F6V67W2Z, B0F6V6F77D, B0FC267M7T]",amzn1.campaign.3R45KU94SJCGL,Monthly sales $100000 commission 10% quilting rulers for half year,BUZHIFF,2026-04-07,2026-12-31,10.00%,5000.0,5000.0,25,800,false
"[B0G2HV7TJF, B0FCSL5QPP, B0FGV9KYGB, B0G2HSNY7R, B0CSYX1FGQ, B0DRGN47V5, B0FB45RJML, B09261VQ6J, B0G3SMR9PZ, B0G2HV3QNX]",amzn1.campaign.35JPMU55YI76G,"Water art kit, Magnetic  Blocks,  Birthday gifts for kids  10%",Titoclar,2026-04-15,2026-12-30,10.00%,5000.0,5000.0,30,800,false
"[B0FCBVS928, B0FCBV8LP9, B0FCBTRMP6, B0FCDJNSL3, B0FCBWWC8X, B0FCBVRQ7G, B0FC71GCT2, B0FCBTSSLR, B0FCBWHQD8, B0FCBWQMX4]",amzn1.campaign.2WUUP790D0DRY,"All-Stock Affiliate | Stable Sales, Steady Earnings ⭐",Oulores,2026-04-05,2027-04-05,15.05%,5000.0,5000.0,47,800,false
"[B0G2HV7TJF, B0FCSL5QPP, B0FGV9KYGB, B0G2HSNY7R, B0CSYX1FGQ, B0DRGN47V5, B0FB45RJML, B09261VQ6J, B0G3SMR9PZ, B0G2HV3QNX]",amzn1.campaign.10Z8MYBCZV7HB,"Water art kit, Magnetic  Blocks,  Birthday gifts for kids  10%",Titoclar,2026-04-14,2026-12-30,10.00%,5000.0,4997.6,19,800,false
"[B0DJBTMBQZ, B0DQ5Q8CCN, B0F6VB77RK, B0DQDXSKFS, B0DWFT7KVQ, B0F3JMVHMY, B0DQ5XCJ8F, B0DPDJZ4D5, B0F21DNL86, B0DYSQ7WSJ, B0DQDYW5QQ, B0DPDHGVBZ, B0F37MXH1T, B0DQ4ZB63H, B0FBFPSZL1, B0FV7LR3NC, B0DWFQM1LB, B0F18D1HZT, B0DQHBLJYY, B0F6V67W2Z, B0F6V6F77D, B0FC267M7T]",amzn1.campaign.3NZ12F3VZD6IP,Monthly sales $100000 commission 10% quilting rulers for half year,BUZHIFF,2026-04-07,2026-12-30,10.00%,5000.0,5000.0,39,800,false
[B0FCM871ZT],amzn1.campaign.MUU2UU68UZMF,46-50-8hao,WESSVAN IINTTERNATIONAIL,2026-04-08,2027-04-08,49.73%,10000.0,10000.0,28,800,false
"[B0DJBTMBQZ, B0DQ5Q8CCN, B0F6VB77RK, B0DQDXSKFS, B0DWFT7KVQ, B0F3JMVHMY, B0DQ5XCJ8F, B0DPDJZ4D5, B0F21DNL86, B0DYSQ7WSJ, B0DQDYW5QQ, B0DPDHGVBZ, B0F37MXH1T, B0DQ4ZB63H, B0FBFPSZL1, B0FV7LR3NC, B0DWFQM1LB, B0F18D1HZT, B0DQHBLJYY, B0F6V67W2Z, B0F6V6F77D, B0FC267M7T]",amzn1.campaign.2PP16M4FQFEYG,Monthly sales $100000 commission 10% quilting rulers for half year,BUZHIFF,2026-04-07,2026-12-29,10.00%,5000.0,5000.0,34,800,false
"[B0G2HV7TJF, B0FCSL5QPP, B0FGV9KYGB, B0G2HSNY7R, B0CSYX1FGQ, B0DRGN47V5, B0FB45RJML, B09261VQ6J, B0G3SMR9PZ, B0G2HV3QNX]",amzn1.campaign.19GND8C194ZMP,"Water art kit, Magnetic  Blocks,  Birthday gifts for kids  10%",Titoclar,2026-04-12,2026-12-30,10.00%,5000.0,5000.0,25,800,false
"[B0FCBVS928, B0FCBV8LP9, B0FCBTRMP6, B0FCDJNSL3, B0FCBWWC8X, B0FCBVRQ7G, B0FC71GCT2, B0FCBTSSLR, B0FCBWHQD8, B0FCBWQMX4]",amzn1.campaign.2NHFETWJ7UA8Q,"All-Stock Affiliate | Stable Sales, Steady Earnings ⭐",Oulores,2026-04-05,2027-04-05,15.04%,5000.0,5000.0,47,800,false
"[B0G2HV7TJF, B0FCSL5QPP, B0FGV9KYGB, B0G2HSNY7R, B0CSYX1FGQ, B0DRGN47V5, B0FB45RJML, B09261VQ6J, B0G3SMR9PZ, B0G2HV3QNX]",amzn1.campaign.3SSUSQD8HVS6X,"Water art kit, Magnetic  Blocks,  Birthday gifts for kids  10%",Titoclar,2026-04-11,2026-12-30,10.00%,5000.0,5000.0,29,800,false
[B0FCM871ZT],amzn1.campaign.2X0ZKGLN219LQ,46-50-8hao,WESSVAN IINTTERNATIONAIL,2026-04-08,2027-04-08,49.72%,10000.0,10000.0,24,800,false
"[B0G2HV7TJF, B0FCSL5QPP, B0FGV9KYGB, B0G2HSNY7R, B0CSYX1FGQ, B0DRGN47V5, B0FB45RJML, B09261VQ6J, B0G3SMR9PZ, B0G2HV3QNX]",amzn1.campaign.30IOV2NNX1UF0,"Water art kit, Magnetic  Blocks,  Birthday gifts for kids  10%",Titoclar,2026-04-09,2026-12-30,10.00%,5000.0,5000.0,28,800,false
"[B0DJBTMBQZ, B0DQ5Q8CCN, B0F6VB77RK, B0DQDXSKFS, B0DWFT7KVQ, B0F3JMVHMY, B0DQ5XCJ8F, B0DPDJZ4D5, B0F21DNL86, B0DYSQ7WSJ, B0DQDYW5QQ, B0DPDHGVBZ, B0F37MXH1T, B0DQ4ZB63H, B0FBFPSZL1, B0FV7LR3NC, B0DWFQM1LB, B0F18D1HZT, B0DQHBLJYY, B0F6V67W2Z, B0F6V6F77D, B0FC267M7T]",amzn1.campaign.2C01GJF0QAKNZ,Monthly sales $100000 commission 10% quilting rulers for half year,BUZHIFF,2026-04-07,2026-12-28,10.00%,5000.0,5000.0,35,800,false
"[B0G2HV7TJF, B0FCSL5QPP, B0FGV9KYGB, B0G2HSNY7R, B0CSYX1FGQ, B0DRGN47V5, B0FB45RJML, B09261VQ6J, B0G3SMR9PZ, B0G2HV3QNX]",amzn1.campaign.2WLW5TP6GZJFL,"Water art kit, Magnetic  Blocks,  Birthday gifts for kids  10%",Titoclar,2026-04-08,2026-12-30,10.00%,5000.0,5000.0,29,800,false
"[B0DJBTMBQZ, B0DQ5Q8CCN, B0F6VB77RK, B0DQDXSKFS, B0DWFT7KVQ, B0F3JMVHMY, B0DQ5XCJ8F, B0DPDJZ4D5, B0F21DNL86, B0DYSQ7WSJ, B0DQDYW5QQ, B0DPDHGVBZ, B0F37MXH1T, B0DQ4ZB63H, B0FBFPSZL1, B0FV7LR3NC, B0DWFQM1LB, B0F18D1HZT, B0DQHBLJYY, B0F6V67W2Z, B0F6V6F77D, B0FC267M7T]",amzn1.campaign.3UW61SK334NSE,Monthly sales $100000 commission 10% quilting rulers for half year,BUZHIFF,2026-04-07,2026-12-27,10.00%,5000.0,5000.0,45,800,false
[B0FCM871ZT],amzn1.campaign.3N72PIU6WGHG,46-50-8hao,WESSVAN IINTTERNATIONAIL,2026-04-08,2027-04-08,49.71%,10000.0,10000.0,28,800,false
"[B0G2HV7TJF, B0FCSL5QPP, B0FGV9KYGB, B0G2HSNY7R, B0CSYX1FGQ, B0DRGN47V5, B0FB45RJML, B09261VQ6J, B0G3SMR9PZ, B0G2HV3QNX]",amzn1.campaign.135NU0K8C8C59,"Water art kit, Magnetic  Blocks,  Birthday gifts for kids  10%",Titoclar,2026-04-07,2026-12-30,10.00%,5000.0,5000.0,27,800,false
"[B0DJBTMBQZ, B0DQ5Q8CCN, B0F6VB77RK, B0DQDXSKFS, B0DWFT7KVQ, B0F3JMVHMY, B0DQ5XCJ8F, B0DPDJZ4D5, B0F21DNL86, B0DYSQ7WSJ, B0DQDYW5QQ, B0DPDHGVBZ, B0F37MXH1T, B0DQ4ZB63H, B0FBFPSZL1, B0FV7LR3NC, B0DWFQM1LB, B0F18D1HZT, B0DQHBLJYY, B0F6V67W2Z, B0F6V6F77D, B0FC267M7T]",amzn1.campaign.17KS2HODWBQD2,Monthly sales $100000 commission 10% quilting rulers for half year,BUZHIFF,2026-04-07,2026-12-26,10.00%,5000.0,5000.0,39,800,false
"[B0G2HV7TJF, B0FCSL5QPP, B0FGV9KYGB, B0G2HSNY7R, B0CSYX1FGQ, B0DRGN47V5, B0FB45RJML, B09261VQ6J, B0G3SMR9PZ, B0G2HV3QNX]",amzn1.campaign.12NQUYMI5E2GZ,"Water art kit, Magnetic  Blocks,  Birthday gifts for kids  10%",Titoclar,2026-04-30,2026-12-31,10.00%,5000.0,5000.0,10,800,false
"[B0DJBTMBQZ, B0DQ5Q8CCN, B0F6VB77RK, B0DQDXSKFS, B0DWFT7KVQ, B0F3JMVHMY, B0DQ5XCJ8F, B0DPDJZ4D5, B0F21DNL86, B0DYSQ7WSJ, B0DQDYW5QQ, B0DPDHGVBZ, B0F37MXH1T, B0DQ4ZB63H, B0FBFPSZL1, B0FV7LR3NC, B0DWFQM1LB, B0F18D1HZT, B0DQHBLJYY, B0F6V67W2Z, B0F6V6F77D, B0FC267M7T]",amzn1.campaign.AO1A3HFZBUM7,Monthly sales $100000 commission 10% quilting rulers for half year,BUZHIFF,2026-04-07,2026-12-25,10.00%,5000.0,5000.0,45,800,false
"[B0FCBVS928, B0FCBV8LP9, B0FCBTRMP6, B0FCDJNSL3, B0FCBWWC8X, B0FCBVRQ7G, B0FC71GCT2, B0FCBTSSLR, B0FCBWHQD8, B0FCBWQMX4]",amzn1.campaign.90JLWIF1E0L7,"All-Stock Affiliate | Stable Sales, Steady Earnings ⭐",Oulores,2026-04-05,2027-04-05,15.02%,5000.0,5000.0,52,800,false
[B0FCM871ZT],amzn1.campaign.3HW9EQH2FOD8T,46-50-8hao,WESSVAN IINTTERNATIONAIL,2026-04-08,2027-04-08,49.79%,10000.0,10000.0,26,800,false
"[B0G2HV7TJF, B0FCSL5QPP, B0FGV9KYGB, B0G2HSNY7R, B0CSYX1FGQ, B0DRGN47V5, B0FB45RJML, B09261VQ6J, B0G3SMR9PZ, B0G2HV3QNX]",amzn1.campaign.EVTYJ961ZFFX,"Water art kit, Magnetic  Blocks,  Birthday gifts for kids  10%",Titoclar,2026-04-29,2026-12-31,10.00%,5000.0,5000.0,24,800,false
"[B0DJBTMBQZ, B0DQ5Q8CCN, B0F6VB77RK, B0DQDXSKFS, B0DWFT7KVQ, B0F3JMVHMY, B0DQ5XCJ8F, B0DPDJZ4D5, B0F21DNL86, B0DYSQ7WSJ, B0DQDYW5QQ, B0DPDHGVBZ, B0F37MXH1T, B0DQ4ZB63H, B0FBFPSZL1, B0FV7LR3NC, B0DWFQM1LB, B0F18D1HZT, B0DQHBLJYY, B0F6V67W2Z, B0F6V6F77D, B0FC267M7T]",amzn1.campaign.2HAQGABPE7YO6,Monthly sales $100000 commission 10% quilting rulers for half year,BUZHIFF,2026-04-07,2026-12-24,10.00%,5000.0,5000.0,39,800,false
"[B0G2HV7TJF, B0FCSL5QPP, B0FGV9KYGB, B0G2HSNY7R, B0CSYX1FGQ, B0DRGN47V5, B0FB45RJML, B09261VQ6J, B0G3SMR9PZ, B0G2HV3QNX]",amzn1.campaign.13MH4G0UKAOS,"Water art kit, Magnetic  Blocks,  Birthday gifts for kids  10%",Titoclar,2026-04-27,2026-12-31,10.00%,5000.0,5000.0,16,800,false
"[B0DJBTMBQZ, B0DQ5Q8CCN, B0F6VB77RK, B0DQDXSKFS, B0DWFT7KVQ, B0F3JMVHMY, B0DQ5XCJ8F, B0DPDJZ4D5, B0F21DNL86, B0DYSQ7WSJ, B0DQDYW5QQ, B0DPDHGVBZ, B0F37MXH1T, B0DQ4ZB63H, B0FBFPSZL1, B0FV7LR3NC, B0DWFQM1LB, B0F18D1HZT, B0DQHBLJYY, B0F6V67W2Z, B0F6V6F77D, B0FC267M7T]",amzn1.campaign.C7WGJELJMYSD,Monthly sales $100000 commission 10% quilting rulers for half year,BUZHIFF,2026-04-07,2026-12-23,10.00%,5000.0,5000.0,46,800,false
"[B0FCBVS928, B0FCBV8LP9, B0FCBTRMP6, B0FCDJNSL3, B0FCBWWC8X, B0FCBVRQ7G, B0FC71GCT2, B0FCBTSSLR, B0FCBWHQD8, B0FCBWQMX4]",amzn1.campaign.2VCZ5SQE1HMX9,"All-Stock Affiliate | Stable Sales, Steady Earnings ⭐",Oulores,2026-04-05,2027-04-05,15.01%,5000.0,5000.0,46,800,false
"[B0G2HV7TJF, B0FCSL5QPP, B0FGV9KYGB, B0G2HSNY7R, B0CSYX1FGQ, B0DRGN47V5, B0FB45RJML, B09261VQ6J, B0G3SMR9PZ, B0G2HV3QNX]",amzn1.campaign.11BIK23AIEI6Z,"Water art kit, Magnetic  Blocks,  Birthday gifts for kids  10%",Titoclar,2026-04-26,2026-12-31,10.00%,5000.0,5000.0,0,800,false
"[B0DJBTMBQZ, B0DQ5Q8CCN, B0F6VB77RK, B0DQDXSKFS, B0DWFT7KVQ, B0F3JMVHMY, B0DQ5XCJ8F, B0DPDJZ4D5, B0F21DNL86, B0DYSQ7WSJ, B0DQDYW5QQ, B0DPDHGVBZ, B0F37MXH1T, B0DQ4ZB63H, B0FBFPSZL1, B0FV7LR3NC, B0DWFQM1LB, B0F18D1HZT, B0DQHBLJYY, B0F6V67W2Z, B0F6V6F77D, B0FC267M7T]",amzn1.campaign.KDNRLPSO8XFK,Monthly sales $100000 commission 10% quilting rulers for half year,BUZHIFF,2026-04-07,2026-12-22,10.00%,5000.0,5000.0,49,800,false
"[B0G2HV7TJF, B0FCSL5QPP, B0FGV9KYGB, B0G2HSNY7R, B0CSYX1FGQ, B0DRGN47V5, B0FB45RJML, B09261VQ6J, B0G3SMR9PZ, B0G2HV3QNX]",amzn1.campaign.38ALOUO315YL0,"Water art kit, Magnetic  Blocks,  Birthday gifts for kids  10%",Titoclar,2026-04-25,2026-12-31,10.00%,5000.0,5000.0,21,800,false
"[B0G2HV7TJF, B0FCSL5QPP, B0FGV9KYGB, B0G2HSNY7R, B0CSYX1FGQ, B0DRGN47V5, B0FB45RJML, B09261VQ6J, B0G3SMR9PZ, B0G2HV3QNX]",amzn1.campaign.2Y6NANY9075N9,"Water art kit, Magnetic  Blocks,  Birthday gifts for kids  10%",Titoclar,2026-04-24,2026-12-31,10.00%,5001.0,5001.0,19,800,false
[B0FCM871ZT],amzn1.campaign.1AV1PLNXW0CY4,46-50-8hao,WESSVAN IINTTERNATIONAIL,2026-04-08,2027-04-08,49.68%,10000.0,10000.0,25,800,false
"[B0FCBVS928, B0FCBV8LP9, B0FCBTRMP6, B0FCDJNSL3, B0FCBWWC8X, B0FCBVRQ7G, B0FC71GCT2, B0FCBTSSLR, B0FCBWHQD8, B0FCBWQMX4]",amzn1.campaign.20LZFEADPR31Y,"All-Stock Affiliate | Stable Sales, Steady Earnings ⭐",Oulores,2026-04-05,2027-04-05,15.00%,5000.0,5000.0,48,800,false
"[B0G2HV7TJF, B0FCSL5QPP, B0FGV9KYGB, B0G2HSNY7R, B0CSYX1FGQ, B0DRGN47V5, B0FB45RJML, B09261VQ6J, B0G3SMR9PZ, B0G2HV3QNX]",amzn1.campaign.T0HSWB04QGLR,"Water art kit, Magnetic  Blocks,  Birthday gifts for kids  10%",Titoclar,2026-04-23,2026-12-31,10.00%,5000.0,4995.0,16,800,false
"[B0G2HV7TJF, B0FCSL5QPP, B0FGV9KYGB, B0G2HSNY7R, B0CSYX1FGQ, B0DRGN47V5, B0FB45RJML, B09261VQ6J, B0G3SMR9PZ, B0G2HV3QNX]",amzn1.campaign.13NHBLQI25WDD,"Water art kit, Magnetic  Blocks,  Birthday gifts for kids  10%",Titoclar,2026-04-22,2026-12-31,10.00%,5000.0,5000.0,18,800,false
"[B0DJBTMBQZ, B0DQ5Q8CCN, B0F6VB77RK, B0DQDXSKFS, B0DWFT7KVQ, B0F3JMVHMY, B0DQ5XCJ8F, B0DPDJZ4D5, B0F21DNL86, B0DYSQ7WSJ, B0DQDYW5QQ, B0DPDHGVBZ, B0F37MXH1T, B0DQ4ZB63H, B0FBFPSZL1, B0FV7LR3NC, B0DWFQM1LB, B0F18D1HZT, B0DQHBLJYY, B0F6V67W2Z, B0F6V6F77D, B0FC267M7T]",amzn1.campaign.2LCRMIVKNQRO1,Monthly sales $100000 commission 10% quilting rulers for half year,BUZHIFF,2026-04-07,2026-12-21,10.00%,5000.0,5000.0,40,800,false
[B0FCM871ZT],amzn1.campaign.2MBZKR6KXB1FP,46-50-8hao,WESSVAN IINTTERNATIONAIL,2026-04-08,2027-04-08,49.67%,10000.0,10000.0,26,800,false
"[B0DJBTMBQZ, B0DQ5Q8CCN, B0F6VB77RK, B0DQDXSKFS, B0DWFT7KVQ, B0F3JMVHMY, B0DQ5XCJ8F, B0DPDJZ4D5, B0F21DNL86, B0DYSQ7WSJ, B0DQDYW5QQ, B0DPDHGVBZ, B0F37MXH1T, B0DQ4ZB63H, B0FBFPSZL1, B0FV7LR3NC, B0DWFQM1LB, B0F18D1HZT, B0DQHBLJYY, B0F6V67W2Z, B0F6V6F77D, B0FC267M7T]",amzn1.campaign.K7ECHQYF7SS1,Monthly sales $100000 commission 10% quilting rulers for half year,BUZHIFF,2026-04-07,2026-12-20,10.00%,5000.0,5000.0,52,800,false
"[B0G2HV7TJF, B0FCSL5QPP, B0FGV9KYGB, B0G2HSNY7R, B0CSYX1FGQ, B0DRGN47V5, B0FB45RJML, B09261VQ6J, B0G3SMR9PZ, B0G2HV3QNX]",amzn1.campaign.2ODG91ZLKL5HL,"Water art kit, Magnetic  Blocks,  Birthday gifts for kids  10%",Titoclar,2026-04-20,2026-12-31,10.00%,5000.0,5000.0,24,800,false
"[B0DJBTMBQZ, B0DQ5Q8CCN, B0F6VB77RK, B0DQDXSKFS, B0DWFT7KVQ, B0F3JMVHMY, B0DQ5XCJ8F, B0DPDJZ4D5, B0F21DNL86, B0DYSQ7WSJ, B0DQDYW5QQ, B0DPDHGVBZ, B0F37MXH1T, B0DQ4ZB63H, B0FBFPSZL1, B0FV7LR3NC, B0DWFQM1LB, B0F18D1HZT, B0DQHBLJYY, B0F6V67W2Z, B0F6V6F77D, B0FC267M7T]",amzn1.campaign.30WSMSDPL4SNB,Monthly sales $100000 commission 10% quilting rulers for half year,BUZHIFF,2026-04-07,2026-12-19,10.00%,5000.0,5000.0,40,800,false
"[B0G2HV7TJF, B0FCSL5QPP, B0FGV9KYGB, B0G2HSNY7R, B0CSYX1FGQ, B0DRGN47V5, B0FB45RJML, B09261VQ6J, B0G3SMR9PZ, B0G2HV3QNX]",amzn1.campaign.3IV2JB0W7QTC3,"Water art kit, Magnetic  Blocks,  Birthday gifts for kids  10%",Titoclar,2026-04-19,2026-12-31,10.00%,5000.0,5000.0,26,800,false
[B0FCM871ZT],amzn1.campaign.3TNVGUSN9FQ5S,46-50-8hao,WESSVAN IINTTERNATIONAIL,2026-04-08,2027-04-08,49.66%,10000.0,10000.0,29,800,false
"[B0G2HV7TJF, B0FCSL5QPP, B0FGV9KYGB, B0G2HSNY7R, B0CSYX1FGQ, B0DRGN47V5, B0FB45RJML, B09261VQ6J, B0G3SMR9PZ, B0G2HV3QNX]",amzn1.campaign.DU31GGR5J82,"Water art kit, Magnetic  Blocks,  Birthday gifts for kids  10%",Titoclar,2026-04-18,2026-12-31,10.00%,5000.0,5000.0,28,800,false
"[B0DJBTMBQZ, B0DQ5Q8CCN, B0F6VB77RK, B0DQDXSKFS, B0DWFT7KVQ, B0F3JMVHMY, B0DQ5XCJ8F, B0DPDJZ4D5, B0F21DNL86, B0DYSQ7WSJ, B0DQDYW5QQ, B0DPDHGVBZ, B0F37MXH1T, B0DQ4ZB63H, B0FBFPSZL1, B0FV7LR3NC, B0DWFQM1LB, B0F18D1HZT, B0DQHBLJYY, B0F6V67W2Z, B0F6V6F77D, B0FC267M7T]",amzn1.campaign.1ANU58AUCFOIQ,Monthly sales $100000 commission 10% quilting rulers for half year,BUZHIFF,2026-04-07,2026-12-18,10.00%,5000.0,5000.0,42,800,false
"[B0G2HV7TJF, B0FCSL5QPP, B0FGV9KYGB, B0G2HSNY7R, B0CSYX1FGQ, B0DRGN47V5, B0FB45RJML, B09261VQ6J, B0G3SMR9PZ, B0G2HV3QNX]",amzn1.campaign.3KGPYY2AXHARR,"Water art kit, Magnetic  Blocks,  Birthday gifts for kids  10%",Titoclar,2026-04-17,2026-12-31,10.00%,5000.0,5000.0,27,800,false
"[B0DJBTMBQZ, B0DQ5Q8CCN, B0F6VB77RK, B0DQDXSKFS, B0DWFT7KVQ, B0F3JMVHMY, B0DQ5XCJ8F, B0DPDJZ4D5, B0F21DNL86, B0DYSQ7WSJ, B0DQDYW5QQ, B0DPDHGVBZ, B0F37MXH1T, B0DQ4ZB63H, B0FBFPSZL1, B0FV7LR3NC, B0DWFQM1LB, B0F18D1HZT, B0DQHBLJYY, B0F6V67W2Z, B0F6V6F77D, B0FC267M7T]",amzn1.campaign.82V2WDLU6CSI,Monthly sales $100000 commission 10% quilting rulers for half year,BUZHIFF,2026-04-07,2026-12-17,10.00%,5000.0,5000.0,51,800,false
"[B0G2HV7TJF, B0FCSL5QPP, B0FGV9KYGB, B0G2HSNY7R, B0CSYX1FGQ, B0DRGN47V5, B0FB45RJML, B09261VQ6J, B0G3SMR9PZ, B0G2HV3QNX]",amzn1.campaign.S4ABGG01F0VP,"Water art kit, Magnetic  Blocks,  Birthday gifts for kids  10%",Titoclar,2026-04-16,2026-12-31,10.00%,5000.0,5000.0,27,800,false
[B0FCM871ZT],amzn1.campaign.2Y03KSGIRICFE,46-50-8hao,WESSVAN IINTTERNATIONAIL,2026-04-08,2027-04-08,49.65%,10000.0,10000.0,27,800,false
"[B0DJBTMBQZ, B0DQ5Q8CCN, B0F6VB77RK, B0DQDXSKFS, B0DWFT7KVQ, B0F3JMVHMY, B0DQ5XCJ8F, B0DPDJZ4D5, B0F21DNL86, B0DYSQ7WSJ, B0DQDYW5QQ, B0DPDHGVBZ, B0F37MXH1T, B0DQ4ZB63H, B0FBFPSZL1, B0FV7LR3NC, B0DWFQM1LB, B0F18D1HZT, B0DQHBLJYY, B0F6V67W2Z, B0F6V6F77D, B0FC267M7T]",amzn1.campaign.191D1BV45YENY,Monthly sales $100000 commission 10% quilting rulers for half year,BUZHIFF,2026-04-07,2026-12-16,10.00%,5000.0,5000.0,45,800,false
"[B0G2HV7TJF, B0FCSL5QPP, B0FGV9KYGB, B0G2HSNY7R, B0CSYX1FGQ, B0DRGN47V5, B0FB45RJML, B09261VQ6J, B0G3SMR9PZ, B0G2HV3QNX]",amzn1.campaign.1NA6VMHHKII1K,"Water art kit, Magnetic  Blocks,  Birthday gifts for kids  10%",Titoclar,2026-04-14,2026-12-31,10.00%,5000.0,5000.0,21,800,false
"[B0DJBTMBQZ, B0DQ5Q8CCN, B0F6VB77RK, B0DQDXSKFS, B0DWFT7KVQ, B0F3JMVHMY, B0DQ5XCJ8F, B0DPDJZ4D5, B0F21DNL86, B0DYSQ7WSJ, B0DQDYW5QQ, B0DPDHGVBZ, B0F37MXH1T, B0DQ4ZB63H, B0FBFPSZL1, B0FV7LR3NC, B0DWFQM1LB, B0F18D1HZT, B0DQHBLJYY, B0F6V67W2Z, B0F6V6F77D, B0FC267M7T]",amzn1.campaign.26NUJZNCRLGZ9,Monthly sales $100000 commission 10% quilting rulers for half year,BUZHIFF,2026-04-07,2026-12-15,10.00%,5000.0,5000.0,41,800,false
"[B0G2HV7TJF, B0FCSL5QPP, B0FGV9KYGB, B0G2HSNY7R, B0CSYX1FGQ, B0DRGN47V5, B0FB45RJML, B09261VQ6J, B0G3SMR9PZ, B0G2HV3QNX]",amzn1.campaign.SXTJYK3MB0E,"Water art kit, Magnetic  Blocks,  Birthday gifts for kids  10%",Titoclar,2026-04-13,2026-12-31,10.00%,5000.0,5000.0,28,800,false
[B0FCM871ZT],amzn1.campaign.2MA7YNHLTSB8F,46-50-8hao,WESSVAN IINTTERNATIONAIL,2026-04-08,2027-04-08,49.64%,10000.0,10000.0,27,800,false
"[B0DJBTMBQZ, B0DQ5Q8CCN, B0F6VB77RK, B0DQDXSKFS, B0DWFT7KVQ, B0F3JMVHMY, B0DQ5XCJ8F, B0DPDJZ4D5, B0F21DNL86, B0DYSQ7WSJ, B0DQDYW5QQ, B0DPDHGVBZ, B0F37MXH1T, B0DQ4ZB63H, B0FBFPSZL1, B0FV7LR3NC, B0DWFQM1LB, B0F18D1HZT, B0DQHBLJYY, B0F6V67W2Z, B0F6V6F77D, B0FC267M7T]",amzn1.campaign.2E1YGTIFCM4R,Monthly sales $100000 commission 10% quilting rulers for half year,BUZHIFF,2026-04-07,2026-12-14,10.00%,5000.0,5000.0,41,800,false
"[B0DJBTMBQZ, B0DQ5Q8CCN, B0F6VB77RK, B0DQDXSKFS, B0DWFT7KVQ, B0F3JMVHMY, B0DQ5XCJ8F, B0DPDJZ4D5, B0F21DNL86, B0DYSQ7WSJ, B0DQDYW5QQ, B0DPDHGVBZ, B0F37MXH1T, B0DQ4ZB63H, B0FBFPSZL1, B0FV7LR3NC, B0DWFQM1LB, B0F18D1HZT, B0DQHBLJYY, B0F6V67W2Z, B0F6V6F77D, B0FC267M7T]",amzn1.campaign.1XL7RH0GGYZVC,Monthly sales $100000 commission 10% quilting rulers for half year,BUZHIFF,2026-04-07,2026-12-13,10.00%,5000.0,5000.0,41,800,false
"[B0G2HV7TJF, B0FCSL5QPP, B0FGV9KYGB, B0G2HSNY7R, B0CSYX1FGQ, B0DRGN47V5, B0FB45RJML, B09261VQ6J, B0G3SMR9PZ, B0G2HV3QNX]",amzn1.campaign.LFGM436J0702,"Water art kit, Magnetic  Blocks,  Birthday gifts for kids  10%",Titoclar,2026-04-12,2026-12-31,10.00%,5000.0,5000.0,33,800,false
"[B0DJBTMBQZ, B0DQ5Q8CCN, B0F6VB77RK, B0DQDXSKFS, B0DWFT7KVQ, B0F3JMVHMY, B0DQ5XCJ8F, B0DPDJZ4D5, B0F21DNL86, B0DYSQ7WSJ, B0DQDYW5QQ, B0DPDHGVBZ, B0F37MXH1T, B0DQ4ZB63H, B0FBFPSZL1, B0FV7LR3NC, B0DWFQM1LB, B0F18D1HZT, B0DQHBLJYY, B0F6V67W2Z, B0F6V6F77D, B0FC267M7T]",amzn1.campaign.2F35AGHVS9TOC,Monthly sales $100000 commission 10% quilting rulers for half year,BUZHIFF,2026-04-07,2026-12-12,10.00%,5000.0,5000.0,42,800,false
"[B0G2HV7TJF, B0FCSL5QPP, B0FGV9KYGB, B0G2HSNY7R, B0CSYX1FGQ, B0DRGN47V5, B0FB45RJML, B09261VQ6J, B0G3SMR9PZ, B0G2HV3QNX]",amzn1.campaign.1A1LG09T6EQZQ,"Water art kit, Magnetic  Blocks,  Birthday gifts for kids  10%",Titoclar,2026-04-11,2026-12-31,10.00%,5000.0,5000.0,26,800,false
[B0FCM871ZT],amzn1.campaign.2QGIP7B38EC3Y,46-50-8hao,WESSVAN IINTTERNATIONAIL,2026-04-08,2027-04-08,49.63%,10000.0,10000.0,27,800,false
"[B0G2HV7TJF, B0FCSL5QPP, B0FGV9KYGB, B0G2HSNY7R, B0CSYX1FGQ, B0DRGN47V5, B0FB45RJML, B09261VQ6J, B0G3SMR9PZ, B0G2HV3QNX]",amzn1.campaign.Q9L9NWAH15SS,"Water art kit, Magnetic  Blocks,  Birthday gifts for kids  10%",Titoclar,2026-04-10,2026-12-31,10.00%,5000.0,5000.0,31,800,false
"[B0DJBTMBQZ, B0DQ5Q8CCN, B0F6VB77RK, B0DQDXSKFS, B0DWFT7KVQ, B0F3JMVHMY, B0DQ5XCJ8F, B0DPDJZ4D5, B0F21DNL86, B0DYSQ7WSJ, B0DQDYW5QQ, B0DPDHGVBZ, B0F37MXH1T, B0DQ4ZB63H, B0FBFPSZL1, B0FV7LR3NC, B0DWFQM1LB, B0F18D1HZT, B0DQHBLJYY, B0F6V67W2Z, B0F6V6F77D, B0FC267M7T]",amzn1.campaign.1DYW1SF058SQQ,Monthly sales $100000 commission 10% quilting rulers for half year,BUZHIFF,2026-04-07,2026-12-11,10.00%,5000.0,5000.0,45,800,false
"[B0G2HV7TJF, B0FCSL5QPP, B0FGV9KYGB, B0G2HSNY7R, B0CSYX1FGQ, B0DRGN47V5, B0FB45RJML, B09261VQ6J, B0G3SMR9PZ, B0G2HV3QNX]",amzn1.campaign.1LF9YYGRNC4RG,"Water art kit, Magnetic  Blocks,  Birthday gifts for kids  10%",Titoclar,2026-04-09,2026-12-31,10.00%,5000.0,5000.0,27,800,false
"[B0DJBTMBQZ, B0DQ5Q8CCN, B0F6VB77RK, B0DQDXSKFS, B0DWFT7KVQ, B0F3JMVHMY, B0DQ5XCJ8F, B0DPDJZ4D5, B0F21DNL86, B0DYSQ7WSJ, B0DQDYW5QQ, B0DPDHGVBZ, B0F37MXH1T, B0DQ4ZB63H, B0FBFPSZL1, B0FV7LR3NC, B0DWFQM1LB, B0F18D1HZT, B0DQHBLJYY, B0F6V67W2Z, B0F6V6F77D, B0FC267M7T]",amzn1.campaign.158H5UHWVGDKF,Monthly sales $100000 commission 10% quilting rulers for half year,BUZHIFF,2026-04-07,2026-12-10,10.00%,5000.0,5000.0,42,800,false
[B0FCM871ZT],amzn1.campaign.3IBPZL3CPPTG1,46-50-8hao,WESSVAN IINTTERNATIONAIL,2026-04-08,2027-04-08,49.62%,10000.0,10000.0,28,800,false
"[B0DJBTMBQZ, B0DQ5Q8CCN, B0F6VB77RK, B0DQDXSKFS, B0DWFT7KVQ, B0F3JMVHMY, B0DQ5XCJ8F, B0DPDJZ4D5, B0F21DNL86, B0DYSQ7WSJ, B0DQDYW5QQ, B0DPDHGVBZ, B0F37MXH1T, B0DQ4ZB63H, B0FBFPSZL1, B0FV7LR3NC, B0DWFQM1LB, B0F18D1HZT, B0DQHBLJYY, B0F6V67W2Z, B0F6V6F77D, B0FC267M7T]",amzn1.campaign.WFMFY0ZVI2KA,Monthly sales $100000 commission 10% quilting rulers for half year,BUZHIFF,2026-04-07,2026-12-09,10.00%,5000.0,5000.0,52,800,false
"[B0DJBTMBQZ, B0DQ5Q8CCN, B0F6VB77RK, B0DQDXSKFS, B0DWFT7KVQ, B0F3JMVHMY, B0DQ5XCJ8F, B0DPDJZ4D5, B0F21DNL86, B0DYSQ7WSJ, B0DQDYW5QQ, B0DPDHGVBZ, B0F37MXH1T, B0DQ4ZB63H, B0FBFPSZL1, B0FV7LR3NC, B0DWFQM1LB, B0F18D1HZT, B0DQHBLJYY, B0F6V67W2Z, B0F6V6F77D, B0FC267M7T]",amzn1.campaign.36FJYQ3NUI3U9,Monthly sales $100000 commission 10% quilting rulers for half year,BUZHIFF,2026-04-07,2026-12-08,10.00%,5000.0,5000.0,43,800,false
[B0FCM871ZT],amzn1.campaign.37VB3L1S21UIT,46-50-8hao,WESSVAN IINTTERNATIONAIL,2026-04-08,2027-04-08,49.61%,10000.0,10000.0,27,800,false
"[B0DJBTMBQZ, B0DQ5Q8CCN, B0F6VB77RK, B0DQDXSKFS, B0DWFT7KVQ, B0F3JMVHMY, B0DQ5XCJ8F, B0DPDJZ4D5, B0F21DNL86, B0DYSQ7WSJ, B0DQDYW5QQ, B0DPDHGVBZ, B0F37MXH1T, B0DQ4ZB63H, B0FBFPSZL1, B0FV7LR3NC, B0DWFQM1LB, B0F18D1HZT, B0DQHBLJYY, B0F6V67W2Z, B0F6V6F77D, B0FC267M7T]",amzn1.campaign.1TFFKMVK6UJK2,Monthly sales $100000 commission 10% quilting rulers for half year,BUZHIFF,2026-04-07,2026-12-07,10.00%,5000.0,5000.0,45,800,false
"[B0DJBTMBQZ, B0DQ5Q8CCN, B0F6VB77RK, B0DQDXSKFS, B0DWFT7KVQ, B0F3JMVHMY, B0DQ5XCJ8F, B0DPDJZ4D5, B0F21DNL86, B0DYSQ7WSJ, B0DQDYW5QQ, B0DPDHGVBZ, B0F37MXH1T, B0DQ4ZB63H, B0FBFPSZL1, B0FV7LR3NC, B0DWFQM1LB, B0F18D1HZT, B0DQHBLJYY, B0F6V67W2Z, B0F6V6F77D, B0FC267M7T]",amzn1.campaign.12OEEO4V5TP49,Monthly sales $100000 commission 10% quilting rulers for half year,BUZHIFF,2026-04-07,2026-12-06,10.00%,5000.0,5000.0,45,800,false
[B0FCM871ZT],amzn1.campaign.2SMIKR937QZ2F,46-50-8hao,WESSVAN IINTTERNATIONAIL,2026-04-08,2027-04-08,49.69%,10000.0,10000.0,26,800,false
"[B0DJBTMBQZ, B0DQ5Q8CCN, B0F6VB77RK, B0DQDXSKFS, B0DWFT7KVQ, B0F3JMVHMY, B0DQ5XCJ8F, B0DPDJZ4D5, B0F21DNL86, B0DYSQ7WSJ, B0DQDYW5QQ, B0DPDHGVBZ, B0F37MXH1T, B0DQ4ZB63H, B0FBFPSZL1, B0FV7LR3NC, B0DWFQM1LB, B0F18D1HZT, B0DQHBLJYY, B0F6V67W2Z, B0F6V6F77D, B0FC267M7T]",amzn1.campaign.1Q80QUNFDXGXH,Monthly sales $100000 commission 10% quilting rulers for half year,BUZHIFF,2026-04-07,2026-12-05,10.00%,5000.0,5000.0,46,800,false
[B0FCM871ZT],amzn1.campaign.3NTMNSTSQCOD0,46-50-8hao,WESSVAN IINTTERNATIONAIL,2026-04-08,2027-04-08,49.58%,10000.0,10000.0,29,800,false
[B0FCM871ZT],amzn1.campaign.2R9R2KG8FCSKG,46-50-8hao,WESSVAN IINTTERNATIONAIL,2026-04-08,2027-04-08,49.57%,10000.0,10000.0,28,800,false
[B0FCM871ZT],amzn1.campaign.2WDN3P9XUA748,46-50-8hao,WESSVAN IINTTERNATIONAIL,2026-04-08,2027-04-08,49.56%,10000.0,10000.0,27,800,false
[B0FCM871ZT],amzn1.campaign.2NHKDEGKD8HE6,46-50-8hao,WESSVAN IINTTERNATIONAIL,2026-04-08,2027-04-08,49.55%,10000.0,10000.0,28,800,false
"[B0DJBTMBQZ, B0DQ5Q8CCN, B0F6VB77RK, B0DQDXSKFS, B0DWFT7KVQ, B0F3JMVHMY, B0DQ5XCJ8F, B0DPDJZ4D5, B0F21DNL86, B0DYSQ7WSJ, B0DQDYW5QQ, B0DPDHGVBZ, B0F37MXH1T, B0DQ4ZB63H, B0FBFPSZL1, B0FV7LR3NC, B0DWFQM1LB, B0F18D1HZT, B0DQHBLJYY, B0F6V67W2Z, B0F6V6F77D, B0FC267M7T]",amzn1.campaign.2L11XQPKXI1RI,Monthly sales $100000 commission 10% quilting rulers for half year,BUZHIFF,2026-04-07,2026-12-04,10.00%,5000.0,5000.0,41,800,false
"[B0DJBTMBQZ, B0DQ5Q8CCN, B0F6VB77RK, B0DQDXSKFS, B0DWFT7KVQ, B0F3JMVHMY, B0DQ5XCJ8F, B0DPDJZ4D5, B0F21DNL86, B0DYSQ7WSJ, B0DQDYW5QQ, B0DPDHGVBZ, B0F37MXH1T, B0DQ4ZB63H, B0FBFPSZL1, B0FV7LR3NC, B0DWFQM1LB, B0F18D1HZT, B0DQHBLJYY, B0F6V67W2Z, B0F6V6F77D, B0FC267M7T]",amzn1.campaign.XU9XKYAHVY91,Monthly sales $100000 commission 10% quilting rulers for half year,BUZHIFF,2026-04-07,2026-12-03,10.00%,5001.0,5001.0,48,800,false
[B0FCM871ZT],amzn1.campaign.3A3XI4V7S1SB6,46-50-8hao,WESSVAN IINTTERNATIONAIL,2026-04-08,2027-04-08,49.54%,10000.0,10000.0,29,800,false
[B0FCM871ZT],amzn1.campaign.1RZE4FATIPOH1,46-50-8hao,WESSVAN IINTTERNATIONAIL,2026-04-08,2027-04-08,49.53%,10000.0,10000.0,27,800,false
[B0FCM871ZT],amzn1.campaign.4LP6MY5KWNXT,46-50-8hao,WESSVAN IINTTERNATIONAIL,2026-04-08,2027-04-08,49.52%,10000.0,10000.0,29,800,false
[B0FCM871ZT],amzn1.campaign.17Y6L34K2AE0M,46-50-8hao,WESSVAN IINTTERNATIONAIL,2026-04-08,2027-04-08,49.51%,10000.0,10000.0,25,800,false
"[B0FY2H2L4T, B0FY2BDQXL, B0FY2HMXG7]",amzn1.campaign.36QEBX8QF6IHZ,Ansi Z87.1 Safety Sunglasses Bestseller!!🔥 🔥🔥 SG1104,SODQW,2026-04-07,2027-04-05,10.00%,999999.0,999999.0,17,800,false
[B0FCM871ZT],amzn1.campaign.245BJ95OQ35M5,46-50-8hao,WESSVAN IINTTERNATIONAIL,2026-04-08,2027-04-08,49.59%,10000.0,10000.0,25,800,false
"[B0G2HV7TJF, B0FCSL5QPP, B0FGV9KYGB, B0G2HSNY7R, B0CSYX1FGQ, B0DRGN47V5, B0FB45RJML, B09261VQ6J, B0G3SMR9PZ, B0G2HV3QNX]",amzn1.campaign.2VV85CNIRX3N2,"Water art kit, Magnetic  Blocks,  Birthday gifts for kids  10%",Titoclar,2026-04-08,2026-12-31,10.00%,5000.0,5000.0,29,800,false
[B0FCM871ZT],amzn1.campaign.ENINECOTWJ26,46-50-8hao,WESSVAN IINTTERNATIONAIL,2026-04-08,2027-04-08,49.48%,10000.0,10000.0,30,800,false
[B0FCM871ZT],amzn1.campaign.3SL2Y1DOF1OW6,46-50-8hao,WESSVAN IINTTERNATIONAIL,2026-04-08,2027-04-08,49.47%,10000.0,10000.0,30,800,false
"[B0GQ75K3X4, B0GQ6PFWM3, B0GQ78L64L, B0GQ78M848]",amzn1.campaign.OL1M8ERX2FFY,Leather bracelets gifts for man,MOYUXI,2026-04-07,2027-04-06,20.00%,5000.0,4993.0,0,800,false
[B0FCM871ZT],amzn1.campaign.5FANTBMMQ28D,46-50-8hao,WESSVAN IINTTERNATIONAIL,2026-04-08,2027-04-08,49.46%,10000.0,10000.0,29,800,false
[B0FCM871ZT],amzn1.campaign.34G9V8IPKOWYG,46-50-8hao,WESSVAN IINTTERNATIONAIL,2026-04-08,2027-04-08,49.45%,10000.0,10000.0,29,800,false
"[B0G1XSWS4Q, B0G1XQP8VL, B0G1XRFH32, B0G1XTMNKH, B0G1XPTGJ4, B0G1YMT4DY, B0G1XWZ219, B0G1YJLPY8, B0G1XS2SRM, B0G1XVSC7W, B0G1XPKVHQ, B0G1XPTPD3, B0G1XMT565, B0G1Y64VBM, B0G1Y64ZFP, B0G1XXYL99, B0G1XTTM7D, B0G1XQ59DP, B0G1YCV2S6, B0G1XSXC1B, B0G1XXBSLQ, B0G1XRF3WH, B0G1YCW3P9, B0G1XW5D4F, B0G1XXSNM7, B0G1YMT9ZL, B0G1XSXC15, B0G1XRB6SG, B0G1XSLYZ3, B0G1XV1PNK, B0G1YCVD5Y, B0G1XQXRVQ, B0G1YJHL8K, B0G1XM4XMP, B0G1XSXC1C, B0G1XPS8DM, B0G1YCTH8B, B0G1XSJ4RM]",amzn1.campaign.22ZZF6SBNC0Y4,Collaborations with ANRABESS Tank Tops for Women Summer(Item Code B2703),ANRABESS,2026-04-07,2026-12-31,10.00%,5000.0,4765.57,0,800,false
[B0FCM871ZT],amzn1.campaign.3DKCY1T2UCO0M,46-50-8hao,WESSVAN IINTTERNATIONAIL,2026-04-08,2027-04-08,49.44%,10000.0,10000.0,28,800,false
[B0FCM871ZT],amzn1.campaign.2S3GSWM7CCONH,46-50-8hao,WESSVAN IINTTERNATIONAIL,2026-04-08,2027-04-08,49.43%,10000.0,10000.0,28,800,false
[B0FCM871ZT],amzn1.campaign.2T9SN1JUZ5XMV,46-50-8hao,WESSVAN IINTTERNATIONAIL,2026-04-08,2027-04-08,49.42%,10000.0,10000.0,30,800,false
[B0FCM871ZT],amzn1.campaign.30OJ9VT77WXG5,46-50-8hao,WESSVAN IINTTERNATIONAIL,2026-04-08,2027-04-08,49.41%,10000.0,10000.0,28,800,false
[B0FCM871ZT],amzn1.campaign.B56NJ70FOZRI,46-50-8hao,WESSVAN IINTTERNATIONAIL,2026-04-08,2027-04-08,49.49%,10000.0,10000.0,31,800,false
"[B0DJBTMBQZ, B0DQ5Q8CCN, B0F6VB77RK, B0DQDXSKFS, B0DWFT7KVQ, B0F3JMVHMY, B0DQ5XCJ8F, B0DPDJZ4D5, B0F21DNL86, B0DYSQ7WSJ, B0DQDYW5QQ, B0DPDHGVBZ, B0F37MXH1T, B0DQ4ZB63H, B0FBFPSZL1, B0FV7LR3NC, B0DWFQM1LB, B0F18D1HZT, B0DQHBLJYY, B0F6V67W2Z, B0F6V6F77D, B0FC267M7T]",amzn1.campaign.27P1N5IQIF1Q2,Monthly sales $100000 commission 10% quilting rulers for half year,BUZHIFF,2026-04-07,2026-12-02,10.00%,5000.0,5000.0,42,800,false
[B0FCM871ZT],amzn1.campaign.2IHIRWMKXHXEP,46-50-8hao,WESSVAN IINTTERNATIONAIL,2026-04-08,2027-04-08,49.38%,10000.0,10000.0,27,800,false
"[B0DJBTMBQZ, B0DQ5Q8CCN, B0F6VB77RK, B0DQDXSKFS, B0DWFT7KVQ, B0F3JMVHMY, B0DQ5XCJ8F, B0DPDJZ4D5, B0F21DNL86, B0DYSQ7WSJ, B0DQDYW5QQ, B0DPDHGVBZ, B0F37MXH1T, B0DQ4ZB63H, B0FBFPSZL1, B0FV7LR3NC, B0DWFQM1LB, B0F18D1HZT, B0DQHBLJYY, B0F6V67W2Z, B0F6V6F77D, B0FC267M7T]",amzn1.campaign.T86QJITYTC5Z,Monthly sales $100000 commission 10% quilting rulers for half year,BUZHIFF,2026-04-07,2026-12-01,10.00%,5000.0,5000.0,50,800,false
[B0FCM871ZT],amzn1.campaign.3RCW569THWWCF,46-50-8hao,WESSVAN IINTTERNATIONAIL,2026-04-08,2027-04-08,49.37%,10000.0,10000.0,31,800,false
[B0DZMM4CK9],amzn1.campaign.95XU424EVAKN,Basketball net,Dakzhou,2026-04-07,2026-11-30,10.00%,5000.0,4972.5,17,800,false
[B0FCM871ZT],amzn1.campaign.3NEXYL08TPBOT,46-50-8hao,WESSVAN IINTTERNATIONAIL,2026-04-08,2027-04-08,49.36%,10000.0,10000.0,30,800,false
[B0FCM871ZT],amzn1.campaign.2GLU3GJIZKX3C,46-50-8hao,WESSVAN IINTTERNATIONAIL,2026-04-08,2027-04-08,49.35%,10000.0,10000.0,28,800,false
[B0FCM871ZT],amzn1.campaign.1SKVOGKOWG9YY,46-50-8hao,WESSVAN IINTTERNATIONAIL,2026-04-08,2027-04-08,49.34%,10000.0,10000.0,30,800,false
"[B0GCZTWX2S, B0GCMVFSF4, B0GCZNTPX4, B0GCM3X2GL, B0GCMFFGFG]",amzn1.campaign.2D84SFMNDGYO6,🔥Bestseller!!🔥Fashion Bayonetta Glasses Office Siren Glasses🔥🔥🔥 ABL1118,SODQW,2026-04-07,2027-04-01,10.00%,999999.0,999999.0,24,800,false
[B0FCM871ZT],amzn1.campaign.GJZZAC6PEGEM,46-50-8hao,WESSVAN IINTTERNATIONAIL,2026-04-08,2027-04-08,49.33%,10000.0,10000.0,31,800,false
[B0FCM871ZT],amzn1.campaign.RDK5ZUMXJXGF,46-50-8hao,WESSVAN IINTTERNATIONAIL,2026-04-08,2027-04-08,49.32%,10000.0,10000.0,32,800,false
[B0FCM871ZT],amzn1.campaign.1T365NRKOKDA9,46-50-8hao,WESSVAN IINTTERNATIONAIL,2026-04-08,2027-04-08,49.31%,10000.0,10000.0,28,800,false
[B0FCM871ZT],amzn1.campaign.25EL6SXCCFRMI,46-50-8hao,WESSVAN IINTTERNATIONAIL,2026-04-08,2027-04-08,49.39%,10000.0,10000.0,27,800,false
