ASIN List,Campaign Id,Campaign Name,Brand Name,Campaign Start Date,Campaign End Date,Commission Rate,Campaign Budget,Budget Remaining,Available Slot,Total Slot,Recommended
"[B0FHVQM7F2, B0FHV99S8K, B0FHV76RTV, B0FHVXFWQ7, B0FHV4QRHZ, B0FHV71LFG]",amzn1.campaign.18RY4AF7MHXM3,PIMIO womens'  Clogs with charms Promotion,PIMIO,2025-09-26,2026-09-26,15.00%,5000.0,4916.61,0,800,false
"[B0DJ2Z7DPX, B0DJ3149QL, B0DJ3299PN, B0DJ2YPDXD, B0DJ2ZYPXY, B0DJ32CRMY, B0DJ2ZH79M, B0DJ332DXX, B0DJ3382K8, B0DJ2Z1TFL, B0DJ2ZL6M7, B0DJ2ZR8W8]",amzn1.campaign.HJYWGNSTEOYX,Dusk-to-Dawn Waterproof Outdoor Pendant Light Creator Campaign,Flybling,2025-09-26,2026-09-26,10.00%,1000000.0,1000000.0,0,800,false
[B0F98ZT9FK],amzn1.campaign.1O4I0KNWS7H13,Fepoukak Beef Organ Supplement for Women - 180 Gummies,Fepoukak,2025-09-26,2026-09-26,10.00%,5000.0,4669.0,0,800,false
"[B0FR9DBT21, B0FR8WHD7R, B0DP4ZMRDY, B0FR9JX5G6, B0DP4YPTKT, B0DP4YNB1L, B0FR8WGF6H, B0FR9KSJGK, B0DP4ZT64M, B0DP4Z85VQ, B0DP4Y4BX6, B0FR9DMR4Z, B0FR9K1ND8, B0DP4Y8K99, B0DP4YTQ9Z, B0FR9JZYSN, B0DP4ZNS2Y, B0FR8WHJD1, B0DP4Y7X5M, B0FR99QS41, B0DP51KCN7, B0DP4YZK7P, B0FR9DMR51, B0DP4XVKDP, B0FR9CM3CF, B0FR8WHG2L, B0FR8DNF2V, B0FR9CP885, B0FR9JVSHS, B0FR9CR4FF, B0DP4ZBRJV, B0DP4YSQN4, B0DP4ZJQHX, B0FR9J6FJ9, B0DP4YV2HL, B0DP4XJ7VW, B0FR9CV2JJ, B0DP4WGSBW, B0DP4YWD7M, B0FR96RGBB, B0DP4Z153H, B0FR99WNWV, B0DP4Y4G68, B0FR99WS4Q, B0DP4Z1P92, B0FR96T81V, B0DP4WY43G, B0DP4ZBBWC, B0FR9815PR, B0FR9J9N94, B0DP4ZMY72, B0DP4ZY1LW, B0DP4Y4419, B0FR8WJVGX, B0FR9J6BFQ, B0DP4Z3BTN, B0DP4ZT193, B0DP4YXSXY, B0FR99T19Q, B0FR9CKXHZ, B0FR8DN5WS, B0DP4Y51QG, B0DP4YSCTC, B0DP4YN12M, B0DP4ZT8BL, B0DP4ZWR4C, B0DP4Y8CH3, B0FR991CY1, B0FR8DNRYN, B0FR9DW4TK, B0DP4ZQ2SY, B0DP4YVZP9, B0FR9KQH3N, B0DP4XJJ27, B0FR97DWTH, B0FR8WKDRS, B0FR9J1KDF, B0DP4YXW8T, B0DP4Z89TS, B0DP4XR4VH, B0DP4ZQ3JQ, B0FR9CHCDB, B0FR99PKQ1, B0FR8DPHPQ, B0DP4Y5W4N, B0FR98ZDYY, B0DP4Z8RF9, B0FR995VFS, B0DP4YSM3J, B0DP4YJF8Q]",amzn1.campaign.2S70WVUBQFV16,Faith Over Fear Hoodie,Enthowother,2025-09-26,2026-09-26,10.00%,5000.0,4983.2,0,800,false
"[B0DXBMQXHL, B0FK5BQWVW, B0FK5G6PPL, B0FK5DT88G, B0DZCJHFFB, B0DXBPQ3QG, B0FK5BGMZD, B0FK5FKGNV, B0FK5CLDRV, B0DXBP9SW9, B0DXBV1NPP, B0DZCHMYWN, B0DXBRDTVV, B0FK5CGDLC]",amzn1.campaign.2FE45NX3EQW64,8 Pods 6500K White LED Rock Lights Creator Campaign | 11% Commission,LPNSADK9,2025-09-26,2026-09-26,10.00%,1000000.0,1000000.0,0,800,false
"[B0DJKW1QQP, B0DJT2QFXK, B0DJ9PZBZ8, B0CRDCR3V6, B0DJKWPVX4, B0DJ9PHG1G, B0FP2PSW3T, B0DJT3RGND, B0DJ9QFBZM, B0DMWMYK9F, B0DJKV4NKG, B0CRDFCKWB, B0DJT5NVQC, B0DJKW97XB, B0CSK3CSSH, B0CSK4MBS2, B0CW38LJ1L, B0DJT4K5P9, B0FP2NGQ9M, B0CRDBMMVR, B0DJ9NXRWC, B0CSJQ7NNH, B0DJ9P27GV, B0CW3925VZ, B0DJT54VWF, B0DJKVS8V3, B0DJ9NNXVM]",amzn1.campaign.RCDGVLJJQJQO,"Butane Torch Lighter, Torch Lighters Butane Refillable",Enthowother,2025-09-26,2026-09-26,10.00%,5000.0,4984.1,0,800,false
"[B0FJ5SPWMS, B0FJ5TQDZ4, B0FJ5TPYJF]",amzn1.campaign.2DNH9HW1RUSF8,Motorcycle LED Light Kit with Handlebar Switch,LD DARKEAGLE,2025-09-26,2026-09-26,12.00%,5000.0,4905.48,0,800,false
[B0FHQ686TR],amzn1.campaign.27Z0MVJMFOHFR,Translucent Building Block Set with Toy Storage Bag,MAKE KIDS SMILE BUBBLE FUN,2025-09-26,2026-09-25,20.00%,5000.0,4815.98,0,800,false
"[B0FL1RCPLZ, B0FL1PRKH6, B0FL1T2KPF, B0FL1T9J8Z, B0FL1SQ2K5, B0FL1QY7RJ, B0FL1TJT1T, B0FL1NBXZN, B0FL1RZY3V, B0FL1S47S5, B0FL1TJT1R, B0FL1RB67N, B0FL1S7M5Q, B0FL1R2TQT, B0FL1TJJ58, B0FL1TBS6H, B0FL1TWH5P, B0FL1SNDN6, B0FL1ND6FD, B0FL1RF8HL, B0FL1SCVNJ, B0FL1SFFF2, B0FL1S7S1C, B0FL1V2XR2, B0FL1RDHCY, B0FL1V55ZD, B0FL1NCT1H, B0FL1SMMYH, B0FL1T88P9, B0FL1VCDQX, B0FL1SNCHG, B0FL1SJSZF, B0FL1TNRFF, B0FL1STP1G, B0FL1SXKTR, B0FL1QMV1J, B0FL1NDJ6H, B0FL1SHXH4, B0FL1VDXSC, B0FL1SRKXZ, B0FL1SQKCF, B0FL1R8JSH, B0FL1S925G, B0FL1S9PC6, B0FL1TWKQQ]",amzn1.campaign.1QYGFWD0ROQUK,Meet Your New Everyday Essential: The Creamluxe Straight Leg Pant,POSHDIVAH,2025-09-26,2026-09-26,10.00%,5000.0,5000.0,0,800,false
"[B0DY7QLB4P, B0DY7PYM3Z, B0FDFJ1Z61]",amzn1.campaign.3OXD7L5YJ6OIB,RGB-IC LED Rock Lights Kit,LD DARKEAGLE,2025-09-26,2026-09-26,10.00%,5000.0,4973.13,2,800,false
"[B07K31DCD6, B07CXSY5Y2, B07VSL4SNM, B08Z6TMWFQ, B08Z7GQJPN, B07P285HZW, B07BBLXN14, B07TZM99WP, B07V318JPP, B08Z7YS1XT, B074YYFD3G, B07V1LBP3X, B07RG9Q7TS, B074YXTGRR, B08Z76PFHW, B08Z7SWH3M, B07C13KGDT, B07PVGJCKW, B08Z85TJS7, B07WF827TP, B074YYNS1W, B07P4F1FB4, B07NLR4QCZ, B074Z1QM64, B07VQD5SKS, B074Z3L7TJ, B08Z7X8MRZ, B07W9LZ8YL, B07K32BCJX, B07NM2HBPN, B08Z7GCPTQ, B07V1LD3M2, B07V33CW1W, B07WD4CJ8Q, B07CZZGHY6, B07K32L1BW, B07C2DY5NM, B084P6NGHP, B07BBSJ9HW, B07NLZ1HFV, B07RJGQ178]",amzn1.campaign.2E6LP1LDAJWF4,Fresh Step Socks - Copper Protection,FOOTPLUS,2025-09-27,2026-09-27,10.00%,5000.0,4991.85,0,800,false
"[B0CBRMB7BY, B092D6R4L2, B0C8NKCPS2, B0BW87TG6F, B092D5K1BC, B0C8176GJQ, B0CW2Q414S, B0BW89P2RT, B092D7BHJK, B0CWG4ZLXC, B092D83DWM, B092D6RMMX, B092D4TTTR, B092D63N5D, B0BW896VMK, B092D6987Z, B0CW2MP1T6, B0BW8BZ3QR, B092D8PW6C, B0BW89C27R, B0CWGF93MM, B092D6BCJF, B092D6SS2J, B0CQZHVPXY, B0BW8BVDWQ, B0BW87XJ5S, B0CW2QPRZ5, B0CQZH81H8, B0CWGQKFFS, B0CW2NNN5L, B092D6NS26, B0CW2PJ152, B0BW8C5M4N, B092D61JNP, B092D8C988, B0CW2HL7GP, B0BW8BK4SY, B092D8X9X9, B0CWGMQZVH, B0CBRKHBST, B092D78MMF, B0BW899YW1, B0BW88PDPS, B092D6F9Y1, B092D5QFFL, B092D7M73M, B0BW89ZNN5, B0BW8BN574, B0BW8BBCJR, B0C818PYWT, B0BW89RB51, B092D7PQ9J, B0BW89KXZH]",amzn1.campaign.27HFA9AV33C66,Athletic Football Socks - Ankle Support,FOOTPLUS,2025-09-27,2026-09-27,10.00%,5000.0,4990.5,0,800,false
"[B07K34HWFS, B07V21QP9Q, B07VQCWN3F, B07K32T5RP, B07K33G7BX, B07VV256VJ, B07CNDJQ6G, B07CML68R1, B07V1ZLWHB, B07K33FQ7Q, B07CMNLF5Q, B07VW2ZG9T, B07K32DS9Y, B07K33QK2R, B07K32FX97, B07V32C7ZJ, B07K33749N, B07VW6871W, B07K32ZS24, B07K33BDSH, B07MLVSG65, B07MSCVKX8, B07WCP6QXF]",amzn1.campaign.2H266BNOMZ8KM,Copper Comfort Socks - Healthy Feet,FOOTPLUS,2025-09-27,2026-09-27,10.00%,5000.0,4998.0,9,800,false
"[B0F23LDXCP, B0FH24PG15, B0F23LF6NY, B0F23PPVX8, B0FH1ZQM5P]",amzn1.campaign.11LW53P6FIO1N,Metal RGBW LED Rock Lights Kit2,LD DARKEAGLE,2025-09-26,2026-09-26,10.00%,5000.0,4963.36,0,800,false
"[B084P3QFY8, B074YXS9HZ, B07D8Q83X8, B07NXY4J4H, B07TC865Z4, B074YYSJ5M, B099RLYJBH, B07V6772J2, B084P7FLBR, B074Z28X2Z, B07B2H2658, B07TC51J2X, B07CMNKBTG, B07RJJ159V]",amzn1.campaign.TY62K8SGUHU1,Daily Copper Socks - Foot Care,FOOTPLUS,2025-09-27,2026-09-27,10.00%,5000.0,4998.2,5,800,false
"[B0CDQ7FC4S, B0FN4JRG7S, B0FN3LDSMK, B082F996MV, B099RP89LG, B0FN4J3V4W, B0DCVQ58MW, B099RQ1FTC, B0DCVQ7LGF, B099RQLGV9, B08X1XPY66, B082FCC86W, B0DCVQDFG4, B082FB2DW6, B0DCVQ7HF2, B0DCVNXJBV, B0CJLC4JXP, B099RNX7K1, B08X1RHG3L, B08X1H79LY, B0FN4J778T, B0FN4HVZ9F, B07SH89SYH, B0FN4FGNQB, B08X1FBLH4, B0DCVRZZ2D, B0DCVQ1TL9, B0FN4G9BWL, B0DCVSPV66, B099RNZBDD]",amzn1.campaign.19Y8D5E95H5HG,Greencycle 21W 4.2A 2 Port USB Wall Outlet,greencycle,2025-09-26,2026-09-26,10.00%,100000.0,100000.0,0,800,false
"[B0FMDBWW3G, B0FMDRX3TJ]",amzn1.campaign.74UZ4IF9L1FH,Senyshilon Black Crystal Chandelier Promotion Plan,Senyshilon,2025-09-26,2026-09-26,20.00%,5000.0,4613.8,0,800,false
"[B0DPHT8L6X, B0DPHSZR3S, B0D9Y2XLDJ, B0FH2535XH, B0F98FD89C, B0D9Y3SDQG]",amzn1.campaign.XEGL6TMOUIBC,Metal Segmented RGB LED Rock Lights Kit,LD DARKEAGLE,2025-09-26,2026-09-24,12.00%,5000.0,4972.16,0,800,false
"[B0CR66MM4K, B0CR64FVL6, B0CR66TVMB, B0CR65GJSY, B0CR658254, B0CR6432R8, B0CR659Q6R, B0CR5RH63B, B0CR64FBXF, B0CR654DX5, B0CR67LBKK, B0CR66FSHH, B0CR66C754]",amzn1.campaign.ACMUFDAVD6U5,POSHDIVAH Maternity Bodysuit Shorts: Style & Comfort for Moms-to-Be,POSHDIVAH,2025-09-26,2026-09-26,10.00%,5000.0,5000.0,0,800,false
"[B0CG9F7WN3, B0FKSPS7YP, B0DK9D3N7P, B0DRNCNY7T, B0DK9CKW7C, B0CL8WJ9VB, B0CL8YV4X9, B0FD9VM2HX]",amzn1.campaign.37ZHX3NV2T666,ABS Segmented RGB LED Rock Lights Kit,LD DARKEAGLE,2025-09-26,2026-09-26,10.00%,5000.0,4867.47,0,800,false
"[B0DX29P6T6, B0DX2C1X17, B0DX29CCHM, B0DX2796TH, B0DY7Y8QC3, B0CBBQZ8XB, B0DY7Y599R, B0DX29D7SG, B0CBBSBCJK]",amzn1.campaign.1O0KDNOS37X5A,"3D Bionic Swimming Lure, Fishing Lures for Bass Trout Fishing",Enthowother,2025-09-30,2026-09-30,10.00%,5000.0,5000.0,0,800,false
"[B0D5B1PY7W, B0D5B11R2L, B0D59ZSTHC, B0D59XRCZ1, B0D5B1F1HH, B0D59Y3NDS, B0D5B297DL, B0D5B1242F, B0D59ZMG7T, B0D59ZN35Z, B0D59XW6MB, B0D59Z4HH1, B0D59ZPRVC, B0D5B1SV5G, B0D59Y7RPL, B0D5B2LP3W, B0D59XY8LD, B0D59ZNHYB, B0D59Y1P42]",amzn1.campaign.HP5Q991SNVT3,POSHDIVAH Women's Maternity Flare Leggings Over The Belly,POSHDIVAH,2025-09-26,2026-09-26,10.00%,5000.0,4941.81,0,800,false
[B07ZGFQTTL],amzn1.campaign.J2THY9W539PR,📍MOSCHE Handheld Steam Cleaner Mobility Game-Changer 10% $3M Revolution,MOSCHE,2025-09-26,2026-09-26,10.00%,5000.0,5000.0,0,800,false
"[B0FS6JYJ6T, B0FS6MH8MT, B0FS6HQKMQ]",amzn1.campaign.1S4PGXJ1087O4,Xunger:Women's Oversized Retro Polka Dot Knit Cardigan with 10% Commission​ 1120,Xunger,2025-09-26,2026-09-26,10.00%,5000.0,4051.74,0,800,false
"[B0CHW1VLJG, B0CHW2G7XF, B0CHW2PVF9, B0CHW36B1P, B0CHW3XT6W, B0CHW2524V, B0CHW13QB3, B0CHW3Y1QZ, B0CHW2NGQG, B0CHVZY2XN, B0CHW1DKDS, B0CHW3W2F5, B0CHW34SKF, B0CHW32C7L, B0CHW2QPMS, B0CHW45FTR, B0CHW4GV5X, B0CHW296XZ, B0CHW37YZG, B0CHW3Y58B, B0CHW4M3Y6, B0CHW3SC27, B0CHW3WDXW, B0CHVZVLMK, B0CHW38WFG, B0CHW2X149]",amzn1.campaign.25DBQ8X2G3GEW,POSHDIVAH Maternity Jumpsuit Short Sleeve T Shirts,POSHDIVAH,2025-09-26,2026-09-26,10.00%,5000.0,4997.0,0,800,false
[B0FP172SMZ],amzn1.campaign.2ML6ZY9WFFE8U,📍SteamFusion 18oz Steam Cleaner Supreme Creator 10% Commission  with $5M Sales,SteamFusion,2025-09-26,2026-09-26,10.00%,5000.0,4994.02,6,800,false
"[B0FKH3PTRH, B0FKH1HYJY]",amzn1.campaign.2QO0TXQFLTTIX,PinkBow Coquette Aesthetic- 2-in-1 Straw&Spout Lid-32oz water bottle- Leak Proof,KEWIXY,2025-09-26,2026-09-26,10.00%,5000.0,4943.8,0,800,false
"[B01BG0VR0E, B083D5W9X5, B07JHBV4NG, B0B5HRJB7Y, B07WM2T88R]",amzn1.campaign.1WHSNX4ZWLJP6,Tweezer - OCT - CN7,GERmanikure,2025-10-01,2026-09-24,15.00%,10000.0,10000.0,0,800,false
"[B01BG0VR0E, B083D5W9X5, B07JHBV4NG, B0B5HRJB7Y, B07WM2T88R]",amzn1.campaign.2YYBSJOUSINCX,Tweezer - OCT - CN6,GERmanikure,2025-10-01,2026-09-25,15.00%,10000.0,10000.0,0,800,false
"[B01BG0VR0E, B083D5W9X5, B07JHBV4NG, B0B5HRJB7Y, B07WM2T88R]",amzn1.campaign.2D485AH2993I6,Tweezer - OCT - CN5,GERmanikure,2025-10-01,2026-09-26,15.00%,10000.0,10000.0,0,800,false
"[B01BG0VR0E, B083D5W9X5, B07JHBV4NG, B0B5HRJB7Y, B07WM2T88R]",amzn1.campaign.BXCMLJTJPON1,Tweezer - OCT - CN3,GERmanikure,2025-10-01,2026-09-28,15.00%,10000.0,10000.0,0,800,false
"[B01BG0VR0E, B083D5W9X5, B07JHBV4NG, B0B5HRJB7Y, B07WM2T88R]",amzn1.campaign.2FCDXFCYTU2VR,Tweezer - OCT - CN2,GERmanikure,2025-10-01,2026-09-29,15.00%,10000.0,10000.0,0,800,false
"[B0DM59VKRC, B0DM5CTNHW, B0DM5BDQRD, B0DM5884GG, B0DM5BJXVC, B0DM5DG17F]",amzn1.campaign.IUY1HQ1SFSAI,2409064-Denim Mary Jane Shoes,MUSSHOE,2025-09-26,2026-09-26,10.00%,5000.0,4995.5,0,800,false
"[B0FCS763JH, B0FCS4ZFZ3, B0FLC8J8LR, B0FCS6XVM9, B0FKSXZMZH, B0FCS6X5M9, B0FL1NZ19M, B0FCS4VMSQ]",amzn1.campaign.CEI1TA6B68DV,Kids Splash Pool - Safe Play,Hanjet,2025-09-27,2026-09-27,10.00%,5000.0,5000.0,0,800,false
"[B0F5V38J3Q, B07Q1X6GHT, B079HJM65T, B079HFFQJ5, B07PWF6G9V, B079HJ42TG, B079HMT5RC, B0DZGWX146, B0F5Q6JWC9, B0DZH3VWSL, B0DZH35J4H, B0DZH6R3FG, B0DZH34LRH, B0DZH389H4, B0F5Q7VGMK]",amzn1.campaign.9K7MM7O2PQLJ,Reinforced Edges - Enhanced Durability,ChaoJin,2025-09-27,2026-09-27,10.00%,5000.0,5000.0,1,800,false
"[B0F937XXZG, B0F937PZCS, B07PRVW11N, B07PQQFBLD, B0F939BW22]",amzn1.campaign.39QYR84UNTFPB,Custom Car Mats - Precision Fit,ChaoJin,2025-09-27,2026-09-27,10.00%,5000.0,5000.0,6,800,false
"[B0FHQHC2FV, B0DM1GJYVR, B0F2H9VZ3B, B0DS2B8P2M, B0F2H97BXP, B0FNMZM923, B0DNR1P17V, B0DM1G9N2N, B0DXF5Z589, B0DT9G2988, B0DX1HDZH1, B0DP5XFK35, B0DP5XGTJG, B0FNMZCL55, B0DP5XVJJG, B0DP5Z75NJ, B0DX1LZPSG, B0DXF5P4ZW, B0DP5ZJVXK, B0DQKH6LQM, B0FNN2JQZD, B0DNQZ15NQ, B0F2HB9X43, B0FQ4ZD8H3, B0DP5X7JLF, B0F1MHD31Y, B0DM2F56MR, B0DMFQXGZW, B0F2HBBCG9, B0DNQXF6YP, B0FQ52KZBT, B0F2HB318C, B0FNMZ5W2B, B0DXF546LM, B0F3289HZ4, B0DM1NHR42, B0FNMW47BF, B0FQ4XYH6S, B0DM2FFFZX, B0DM1Q9197, B0DXF6B925, B0DSJ54YL8, B0FQ4ZY8WK, B0FHQFP2G5, B0DS29DGN9, B0DM2HWP2D, B0DS2B9MRG, B0DM1JL2S6, B0DX1LFDSY, B0DX1LFDSX, B0DP9DKWSF, B0F2H8YN23, B0FQ51BLWW, B0DM2DNXQ7, B0F2H9JBSR, B0DQKJHPQX, B0DMFNXBHL, B0DNQYS99T, B0DS2BD8DV, B0DQKGXVYJ, B0DM2G5TVR, B0DQKJT8FH, B0DM2GM5S7, B0FJR365TV, B0DX1P8RSQ, B0DQKGZ9YX, B0FNMW73Y2, B0FNMZMW7T, B0DM1QKMV7, B0DM1JQYRY, B0DM162CDT, B0DP5XCZV4, B0DX1SFY5F, B0DP9BLB82, B0DQKJN4KF, B0DT9GHMXQ, B0DM2HZXTJ, B0DRS27JWP, B0DM1TXW7P, B0DM1GJFJW, B0DM2GG1G6, B0DXF51MF9, B0DM2J55MZ, B0DP5XZ32R, B0DP5VJQ3X, B0DM1JYX3B, B0DM2F3VVW, B0F2H98QLY, B0DR8TVTP1, B0FFMW276L, B0DNR19PK4, B0F2H9XX29, B0DS27WW1M, B0FFMVDLFT, B0DX1LNZHN, B0FJQZM95K, B0DM1MNPNT, B0DQKHK8TZ, B0DP5XZVX4, B0DP9CN4KR, B0DM1MJYKN]",amzn1.campaign.3H7QYX8QV5EC1,Ultimate comfort with a power lift!🪑GarveeHome’s massage recliner with heat#TFX,GARVEETECH,2025-09-26,2026-09-26,12.00%,20000.0,19553.9,0,800,false
"[B0BQ5SL7HV, B0BQ5GBFCX]",amzn1.campaign.1SY3USQL46VEG,Best Fender Cover for Classic Car Owners,Bob's Original Fender Covers,2025-09-26,2026-09-26,10.00%,20000.0,19849.6,0,800,false
"[B0B74K4QN4, B0B742LHXV, B0C5329ZXL, B0B73ZY525, B0B73XCFCW, B0B73G4WTS, B09MD4PN2Z, B0B73ZYDJK, B0B72VYV1Y, B0C534FV7S, B0B7458GFY, B0C5369ZS6]",amzn1.campaign.2MWDKRRNYC2SA,Best Opportunity – Earn 10% Commission Promoting MDFUN Tennis Braelet&Necklace,MDFUN,2025-09-26,2026-09-26,10.00%,5000.0,4992.67,0,800,false
"[B0D96C2J1M, B0D96F7P9B, B0D969K2ZW, B0D96CLQVY, B0D96DKPRS, B0D96CWPTJ, B0D96DKPRP, B0D96CBKK9, B0D96CC378, B0D96FVNSZ, B0D96FTHL3, B0D96CXJ6Z, B0D96FQY1B, B0D96CLBZV, B0D96BP595, B0D96B9CVJ, B0D96F2T4X, B0D96D7THF, B0D96D3QVQ, B0D96CSVRM]",amzn1.campaign.T197I3X4YXGH,Collaboration Opportunity – Earn 10% Commission Promoting MDFUN Trendy Rings!,MDFUN,2025-09-26,2026-09-26,10.00%,5000.0,4996.96,6,800,false
"[B0CDL8DMQ4, B0D48NPC35]",amzn1.campaign.IWTU1AWMOROA,"10% Bird feeder with camera : 2K+monthly sales, long-term partnership–Yellow",onlyfly,2025-09-29,2026-09-27,10.00%,10000.0,10000.0,0,800,false
[B0DP2D8N3X],amzn1.campaign.ZVXTE7TMY9QR,COCOCAM 24/7 Recording AOV WiFi Security Camera Outdoor Wireless with AI Track,COCOCAM,2025-09-26,2026-09-26,15.00%,50000.0,49771.41,0,800,false
"[B0DN1296G1, B0F43H83G1, B0F5WP2ZNN, B0F43HKQF5]",amzn1.campaign.3SGT0KPX4O01L,10%-Bird Feeder Pole Accessories - $2000+ in sales - Join our creator program!,onlyfly,2025-09-29,2026-09-29,10.00%,10000.0,10000.0,0,800,false
"[B0D2RMXGNR, B0F3776B79, B0FMJLT3TS, B0CJ533T7C, B0CG2VPS8H, B0CNYTZ42R]",amzn1.campaign.OQ4C13TEICLJ,Secure & Visible: EZ Pass Holder for Smooth Toll Access!-Commission rate:10%,Zeyitian,2025-09-26,2026-09-26,10.00%,10000.0,10000.0,3,800,false
"[B0D2RMXGNR, B0F3776B79, B0FMJLT3TS, B0CJ533T7C, B0CG2VPS8H, B0CNYTZ42R]",amzn1.campaign.2NLGKSUORJ6A3,Secure & Visible: EZ Pass Holder for Smooth Toll Access!-Commission rate:15%,Zeyitian,2025-09-26,2026-09-26,15.00%,10000.0,9986.61,0,800,false
"[B09T2XQ73P, B09T33VDG2]",amzn1.campaign.1K4M8G0KTNI1U,No More Glare Squinting! Try Our Sun Visor Extender!-Commission rate:15%,Zeyitian,2025-09-26,2026-09-26,15.00%,10000.0,9945.99,4,800,false
"[B09T2XQ73P, B09T33VDG2]",amzn1.campaign.198JIPGOLENQX,No More Glare Squinting! Try Our Sun Visor Extender!-Commission rate:10%,Zeyitian,2025-09-26,2026-09-26,10.00%,10000.0,10000.0,12,800,false
"[B0D2LDT2WX, B0CSYMSYNB, B0B592RKP9]",amzn1.campaign.36PSOGDXYE34,Car Cup Holder Expander: Finally Fits All Drinks Perfectly!-Commission rate:15%,Zeyitian,2025-09-26,2026-09-26,15.00%,10000.0,9960.84,0,800,false
"[B0D2LDT2WX, B0CSYMSYNB, B0B592RKP9]",amzn1.campaign.3BWABKBONDMDT,Car Cup Holder Expander: Finally Fits All Drinks Perfectly!-Commission rate:10%,Zeyitian,2025-09-26,2026-09-26,10.00%,10000.0,10000.0,0,800,false
"[B0FM458QDL, B0FM452ZWN, B0FM471L44, B0FM4749MG, B0FM45L617, B0FM4751P4, B0FM45DTSD, B0FM45QJ9S, B0FM45XJ2T, B0FM445KYS, B0FM41XYHX, B0FM43XG36, B0FM449M9H, B0FM41X36G, B0FM45NP2Q, B0FM44CS7J, B0FM457ZN5, B0FM42TBD1, B0FM46YLYY, B0FM43NX95]",amzn1.campaign.3JL9OMR89ML41,Womens Summer Floral Rompers,MAKABO,2025-09-26,2026-09-26,10.00%,5000.0,4935.5,0,800,false
[B0F1CJ2H9P],amzn1.campaign.30FF7MMUNDS05,3-Tier Acrylic Jewelry Stand Collab – Earn Great Commissions! 💎,SHUNKAIZS,2025-09-26,2026-09-26,10.00%,1000000.0,1000000.0,0,800,false
"[B0FKH15GM1, B0FKH3M5N2, B0FKH2DY8X, B0FKH2JG5Y, B0FKH4YFY1, B0FKH38WDN, B0FKH1MKQK, B0FKH2TLV6, B0FKH1GBJT, B0FKH18MH6, B0FKH2K41Q, B0FKH478JK]",amzn1.campaign.32IHC30KBJ02M,​​Xunger: 10% Commission on New Women's Faux Suede Collar Pilot Jacket 1099,Xunger,2025-09-26,2026-09-26,10.00%,5000.0,4859.41,0,800,false
[B0FN4FHXQW],amzn1.campaign.3D03R1RLWKB73,Join WLNYUGS Fall Promotion: Earn 25% Commission on Squirrel-Proof Bird Feeder,WLNYUGS,2025-09-26,2026-09-26,25.00%,5000.0,3636.89,0,800,false
[B0FN4FHXQW],amzn1.campaign.1CDU99FIISB2J,Earn 10% Commission Promoting WLNYUGS Squirrel-Proof Bird Feeder,WLNYUGS,2025-09-26,2026-09-26,10.00%,5000.0,5000.0,0,800,false
"[B0D1K9CVB9, B0D1K6TDW6, B0CZL345DT, B0CWV4S78Q]",amzn1.campaign.1I2878FMZG5M3,Declutter Your Car: The Cup Holder Expander You’ll Ever Want-Commission rate:10%,Zeyitian,2025-09-26,2026-09-26,10.00%,10000.0,10000.0,1,800,false
[B0FN4FHXQW],amzn1.campaign.1KLHLK6IDDR97,Earn 15% Commission Promoting WLNYUGS Squirrel-Proof Bird Feeder,WLNYUGS,2025-09-26,2026-09-26,15.00%,5000.0,5000.0,0,800,false
"[B0D1K9CVB9, B0D1K6TDW6, B0CZL345DT, B0CWV4S78Q]",amzn1.campaign.VSQNOU0EGIUH,Declutter Your Car: The Cup Holder Expander You’ll Ever Want-Commission rate:15%,Zeyitian,2025-09-26,2026-09-26,15.00%,10000.0,9968.21,0,800,false
[B0FN4FHXQW],amzn1.campaign.3TW1VVW1I6A35,Earn 20% Commission Promoting WLNYUGS Squirrel-Proof Bird Feeder,WLNYUGS,2025-09-26,2026-09-26,20.00%,5000.0,5000.0,0,800,false
[B0F5Q2G9TK],amzn1.campaign.3GPJBK6SY7I4C,TJ58-15%,AVAPOW,2025-09-26,2026-09-26,15.00%,10000.0,10000.0,0,800,false
[B0FKC1M6D7],amzn1.campaign.2EXB9XER2HXSG,Butane Kitchen Torch Lighter with Fuel Gauge,LJPXHHU,2025-09-26,2026-09-26,10.00%,5000.0,4988.34,0,800,false
[B0DDXNCWPT],amzn1.campaign.2OG3T4QWZE1AX,Gifarich Chrome Crystal Entryway Chandelier Promotion Plan,Gifarich,2025-09-26,2026-09-26,15.00%,5000.0,4965.5,0,800,false
"[B0CK1HLY4R, B0DKF4Y5PX, B0CK1P63MH, B0CK1HWR55, B0DLGQQQXR, B0CK24V213, B0CK1FNYFY, B0CK1KMWP9, B0FLTKBTDQ, B0DKF4VJV1, B0CK1LYQQY, B0CK1JGWRK, B0CK1M6TNL, B0CK1TDCX4, B0CK1TKVTL, B0CK1MLT54, B0DKF53Q55, B0CK1P63P9, B0CK1JDVP8]",amzn1.campaign.1DWOZQMEUO4HW,Xunger: 10% Commission on Trendy Football Print Sequin Sweatshirt 0891,Xunger,2025-09-26,2026-09-26,10.00%,5000.0,4983.62,0,800,false
[B0DDXWNNHS],amzn1.campaign.TTJR33ZK68OA,Gifarich Gold Crystal Entryway Chandelier Promotion Plan,Gifarich,2025-09-26,2026-09-26,15.00%,5000.0,5000.0,0,800,false
"[B0FL23JVRS, B0FL23TJNF]",amzn1.campaign.3FOL8XGJQQHDV,310-1,BUDERMMY,2025-09-26,2026-09-25,10.00%,5000.0,4919.47,0,800,false
[B0CMC16SKG],amzn1.campaign.1FXF1EKF385M4,Gifarich Chrome Crystal Dining Room Chandelier Promotion Plan,Gifarich,2025-09-26,2026-09-26,15.00%,5000.0,5000.0,0,800,false
[B0C4XHSR1X],amzn1.campaign.29AAKFHHWL15Q,Gifarich Gold Crystal Dining Room Chandelier Promotion Plan,Gifarich,2025-09-26,2026-09-26,15.00%,5000.0,4895.0,0,800,false
[B0BQBZWR4M],amzn1.campaign.2MKXH6T5TMSG1,10% Commission + Cordless rivert gun,S&F STEAD & FAST,2025-09-26,2026-09-24,10.00%,5000.0,4908.2,0,800,false
"[B0FQ9Z2GF6, B0FQ9R7226, B0FQB989RP, B0FQBHJ2VP, B0FQB9B2PK, B0FQB4W35M, B0FQ9WQNSL, B0FQ9W8Y97, B0FQBL3DBG, B0FQB5VPH5, B0FQ9M5DR1, B0FQ9T5N7C, B0FQBDQMND, B0FQ9YMC2F]",amzn1.campaign.2JNHOYC5GL1QG,Moolia Enamel Bracelet Luxury Bangle Strap AWB337,Moolia,2025-09-26,2026-09-26,12.00%,5000.0,4970.91,0,800,false
"[B0FKXS7J7S, B0FPLRG2R7, B0FKXPGN9P, B0FKT2N9RR, B0FKTJ2WNG]",amzn1.campaign.19J2XDE7KPZIP,The Updated Car Cup Holder Expander – Holds Large Bottles-10%Commission Rate,FLLIK,2025-09-26,2026-09-26,10.00%,10000.0,10000.0,20,800,false
"[B0FKXS7J7S, B0FPLRG2R7, B0FKXPGN9P, B0FKT2N9RR, B0FKTJ2WNG]",amzn1.campaign.2CPEREOX438M8,The Updated Car Cup Holder Expander – Holds Large Bottles-15%Commission Rate,FLLIK,2025-09-26,2026-09-26,15.00%,10000.0,9938.26,9,800,false
"[B0FDW7ZF98, B0FDWDR84H]",amzn1.campaign.LM9S9QCS81VK,"EZ Pass Holder: For Daily Use, Secure & Sleek!-15%Commission Rate",FLLIK,2025-09-26,2026-09-26,13.00%,10000.0,10000.0,23,800,false
"[B0FM2SPRPW, B0FM2N1736, B0FM1YHMB4]",amzn1.campaign.W7QOTIQJYYGQ,柴火罩,Kipiea,2025-09-26,2026-09-26,10.00%,5000.0,4785.79,3,800,false
"[B0FDW7ZF98, B0FDWDR84H]",amzn1.campaign.13ABPFECAM2PJ,"EZ Pass Holder: For Daily Use, Secure & Sleek!-10%Commission Rate",FLLIK,2025-09-26,2026-09-26,10.00%,10000.0,10000.0,19,800,false
"[B0F9PM2YGV, B0F2J13XVF]",amzn1.campaign.3KU7NTEZK8RO1,Join Us in Sharing the Diamond Tester– Earn 15% Commission Per Sale,Valkynos,2025-09-26,2026-09-26,15.00%,100000.0,99211.57,0,800,false
"[B0CXPHVWY6, B0D4938HV4, B0D1XJTM59, B0D48R22J6, B0CX8Y4118, B0DQ8NV6SB, B0CX92QXZD, B0DF4S738M]",amzn1.campaign.2WZ0ASLVGM9AQ,"EZ Pass Holder – Sleek, Secure, and Built for Daily Driving-15%Commission Rate",FLLIK,2025-09-26,2026-09-26,15.00%,10000.0,9921.05,5,800,false
"[B0DK96T65K, B0DK966K9N, B0DK97VZP6, B0FPL3S2BH, B0DK97YZPS, B0DK95K5HB, B0DK8Q3PT1, B0DK98BZM3, B0DK9794D9, B0DK97V89Y, B0DK96SGFZ, B0DK98R111, B0DK95XP9Y, B0DK985MWY, B0FNQB1QPB, B0DK971PYY, B0DK981HN2, B0FMRMSLTJ, B0FMJ4PSGL, B0DK982BVS, B0FND7P58R, B0DK979ZV2, B0DK96S8TG, B0DK97Q4BG, B0DK976KKG, B0DK97K9VT, B0FP899TJS, B0DK999X8H, B0DK9726F6, B0FMDN52YK, B0DK9B8MFK, B0FNJGNBKC, B0DTF7T4R6, B0F1CRZX4J, B0DK96JZPM, B0DK97FF3J, B0FND71C24, B0FPWTPS8Y, B0DK97FB81, B0DK979YJG, B0FJFF3GC4, B0DK981CTW, B0FJFBKPHY, B0FNJ5G51S]",amzn1.campaign.W8I99KW2RVJH,"Hey,come on:Earn 12% Commission Promoting Luxury Italian Apple Watch Bands! 💰",Ovawda,2025-09-26,2026-09-26,12.00%,10000.0,9992.95,0,800,false
"[B0CXPHVWY6, B0D4938HV4, B0D1XJTM59, B0D48R22J6, B0CX8Y4118, B0DQ8NV6SB, B0CX92QXZD, B0DF4S738M]",amzn1.campaign.G7Q77MRZHKZ3,"EZ Pass Holder – Sleek, Secure, and Built for Daily Driving-10%Commission Rate",FLLIK,2025-09-26,2026-09-26,10.00%,10000.0,10000.0,15,800,false
"[B0F27YPL2P, B0D2NKXJD6, B0DP8D46BR, B0DP8DGH9D, B0CRHKWV45, B0F54BQCFQ, B0F5478JNL]",amzn1.campaign.25QKGCK585N7Y,Join Us Promoting the Best-Selling Bolt Extractor- Earn 10% Commission Per Sale!,Valkynos,2025-09-26,2026-09-26,10.00%,1000000.0,999875.8,0,800,false
"[B0DSC373F4, B0CNT8BZPR, B0CY2PNVC6, B0DSC361N2, B0DSC288J2]",amzn1.campaign.ZGEWBZSUNPLM,Join Us in Sharing the Drill Tap Set– Earn 10% Commission Per Sale,Valkynos,2025-09-26,2026-09-26,10.00%,100000.0,99979.75,0,800,false
"[B0DKBV19NX, B0DKBGPLW2, B0DKBJRH9J, B0DKBGVBJW, B0DKBHV76Z, B0DKBH6Q51, B0DKBJ6NM3, B0DS5HRXYK, B0DKBHX3BB, B0DKBGRZWZ, B0DKBH738C, B0DTF7CJSL, B0DKBHZJGL, B0DKBH6YDF, B0DKBHVV14, B0DK926BMR, B0DKBHGKS6, B0DKBGLDCC, B0DKBH4R9W, B0DKBGWVNN, B0DKBGTBMY, B0DKBGWVNP, B0DKBH696L, B0DKBH385F, B0DKBHGJ3M, B0DKBGWZ3G, B0DKBHJ73V, B0DKBJDRJ3, B0DKBH16LG, B0DKBH88LY, B0DKBJ1TT6, B0DKBGG91K, B0DKBH6BJD, B0DKBHFNQ5, B0DTGN38NZ, B0DKBHBJ7W, B0DKBH2GZT]",amzn1.campaign.30QQ6UPONASLX,POJUSASI:Earn 12% commission and promote our Italian Leather Apple Watch Bands!,POJUSASI,2025-09-26,2026-09-26,12.00%,10000.0,10000.0,0,800,false
"[B0FM82Q74J, B0F9PF1BK1, B0F9PJC24W, B0FJ8SXGZG, B0DJVNGGS1, B0DJVMV45N, B0DJVRW211, B0FM832RNB, B0DJVTGSHX, B0DJVSMFFT, B0DJVRS4J5, B0DJVRRPV8, B0DJVSJ45H, B0FNCVDP1L, B0DJVTS446, B0FMJVQLQ3, B0DJVSC29J, B0DJVSM27Q, B0DJVS9K25, B0DJVSQ7ZV, B0DJVT9BQL, B0DJVNFLCW, B0DJVRN4FW, B0DJVRVVDS, B0FJ8PWHQG, B0DJVPRC9V, B0DJVR7GGS, B0DJVQWX15, B0DJVTDC4X, B0F9PJYF48, B0DJVRQTXC, B0DJVRGTFY, B0DJVRYTH6, B0FNJFZLWC, B0F9PHFFN8, B0DJVNMKGC, B0DJVSPPJH, B0FJ8MDPP1, B0DJVQQCFF, B0DJVRX3MS]",amzn1.campaign.19YZM3I4UOHTW,"✨Biggyboom:Hey ,come to earn 12% commission by promoting our apple watch band！",Biggyboom,2025-09-26,2026-09-26,12.00%,10000.0,9999.07,2,800,false
[B0F299B6VY],amzn1.campaign.326HII7AJ3UUX,13% Commission for Turbo Dryer Car Blower (with 21V 4.0Ah Removable Battery),PERFORMANCE GURU,2025-09-26,2026-09-26,13.00%,8000.0,7897.15,0,800,false
"[B0FC2F46GB, B0FC2DRRLY, B0FC2FFKQM, B0FC2B8HSV, B0FC2FJZYV, B0FC2DXZZ7, B0FC2H4C4X, B0FC2HMWCB, B0FC2GY5H6, B0FC2LFKX6, B0FC2G8D59, B0FC2F4RMM, B0FC2GDS1W, B0FC2FPY3X, B0FL2CXVZS, B0FC2DKGBN, B0FC2JGCYH, B0FQTTZYL7, B0FC2DGQYN, B0FC2BC7BQ, B0FC2GLFLR, B0FPC71RJG, B0FL25MZFH, B0FC2C71CX, B0FC2FTLZ4, B0FC2C6RXH]",amzn1.campaign.EHY4BEQTHX14,"DD DEMOISELLE Bandeau Bras, Wireless Bras Strapless Bra commission rate 10%",DD DEMOISELLE,2025-09-26,2026-09-26,10.00%,5000.0,4987.95,0,800,false
"[B07QKWBS8T, B0F53K6FV2, B0BYS5S9YX, B09JSYTVL3, B0B212PQ5V, B0B211FGWN, B0BYS3CFMC, B0B1ZZ7JJK, B09JSZ2HKF, B0BYS5QFGD, B0F53HPRSS, B0BYS7JCQN, B09JSZ5W1D, B07QLS177N, B0BYS5N8TZ, B09JSYBDJJ, B0B1ZZ1HFN]",amzn1.campaign.2L8TERQXP1YY7,"Dsource Copper Socks, Soccer Running Golf Tennis Socks commission rate 10%",DSOURCE,2025-09-26,2026-09-26,10.00%,5000.0,5000.0,0,800,false
[B0DXT91RRD],amzn1.campaign.DRQQKRN39B9Y,"Commission 15% - B0DXT91RRD - 7"" Metal Weaving Loom Kit Toys",DREMTOY,2025-09-26,2026-09-26,15.00%,10000.0,9929.47,0,800,false
[B0DXT91RRD],amzn1.campaign.335H438FZF5KT,"Commission 15% - B0DXT91RRD - 7"" Metal Weaving Loom Kit Toys",DREMTOY,2025-09-26,2026-09-25,15.00%,10000.0,9751.19,0,800,false
"[B0B8NLPVTH, B0DLZHSJ8Z, B0B8GWYL13, B0B8HFFM8Q, B0DHFZW3YX, B07LBLN577, B09KRVJ4FX, B0DM22L62V, B0B7VBCCZ2, B0B8NJ9TSQ, B0DRP24ZGD, B09KLWCGYP, B0DM24PT7W, B0B8GZB2GQ, B0DM21MWTY, B0B8NLSL1Z, B0B8H9TPPL, B075WY8DGQ, B0DLZM1LDT, B0B7VW3R17, B0DM1TC4RZ, B0DRP2WQMP, B0B8H6HD67, B0B8GW24TR, B0DRP1Y9T9, B0DRP4K3Y7, B0DM1ZCNBL, B0DRP4VYK1, B0DM25JZ3J, B0B7VW2S2K, B0DRP28WHR, B0B8GWZ16H, B09KLTN6P6, B0B8NGHJWF, B07JJ4X592, B0DRP4G13T, B0CXMH798K, B0DRP42KBT, B0DRP4NHFB, B0DRP4JC7R, B0DHG45F66, B0B8NGL5FW, B0DRP42NDV, B07LBK1WYZ, B0DRP2RFJ3, B0B8H8FHD5, B07LB762R6, B0DRP4WRSS, B0DHGB6SSH, B0DRP3F21S, B0B8NDS73Y, B0B7VR985D, B0B8NL1G2Z, B076B4WRTN, B0DHG89MS8, B0DRP2SQD4, B0DHFWN461, B0B8NHZQN3, B07JGN3B3D, B0DLZRTXQ5, B0DHG8MNLW, B09KRVG6K6, B0DHFYXB8S, B0DHG76TP3, B0DRP2DFJR, B0DM11QHRM, B0B8NH1JMM, B0DLZDXBNM, B0DRP4Z4LJ, B0CXMG8LJQ, B0DRP6X7C2, B0B8H7ZWLQ, B07LBK681X, B0B8GYPZZM, B0B7VFP3TX, B0DRP3SLLS, B0DRP2BMV2, B0DRP3Y995, B0B8NGBGDG, B0B8NG44YX, B0DLZLVFQF, B0DRP2PXR7, B0DM136D5N, B0DLZVLV54, B075WSS64P, B0DRP5H8YG, B076B3YM56]",amzn1.campaign.1531R3BOVH8KM,站外推广,top4cus,2025-09-26,2026-09-26,35.00%,10000.0,9983.45,0,800,false
"[B08K2T42QS, B0CKHLYWYZ, B0851C16MB, B08QTRDC8N, B087R75Y9R, B08K2QZDKN, B08K2P427F, B08DR9SC5P, B087R6Z3YS, B08K8DP8XH, B076ZKV75Q, B08KVNW7MX, B08K2M2ZCK, B08K8D3QS8, B07R1T3CDP, B076ZM9GDH, B076Y1KGG6, B08KVPC7K6, B0D7VNHVDC, B08DQRYB4C, B08KVT7XG9, B08K2Y9WS5, B08CN4WB92, B08K3BNZMR, B076ZPGMQB, B076ZW261C, B08DQYPZPC, B08K2QVK48, B08QTWJ875, B0CKHGMW83, B08QTRPHH2, B0CKHL4HVX, B0D7VN5JDG, B07F2CMCZW, B0D7VQB8G3, B07MKM3TN7, B0D7VNR421, B07F2BY84D, B08K8DZCNS, B0CKHKX1C1, B07F2B7W1Z, B07BFQYMLT, B087R683P2, B08K8DY593, B08DQX7PSY, B087R6PPVW, B076ZHNTY7, B07QWKBRR5, B087R7DMXJ, B087R81NSZ, B0D7VNN1CB, B07WTL27RK, B07F2DDVL9, B08K3B5HTM, B0851CBCX5, B07F2C5NNC, B07BFR24Y3, B0D7VND8JD, B0D7VPHZPJ, B07QYLSK5H, B07F2CHVDQ, B08CMFY3RK, B0851CQ19P, B08KVXPY1S, B0851C8DZT, B07WTLYRTC, B08QTYFBTL, B087R6PWYV, B087R751JP, B0D7VP74PK, B07F2F6G31]",amzn1.campaign.3BFUQX6ERD1PQ,Forfoot Fluffy Bootie Slippers Soft Fleece Plush House Shoes commission rate 10%,Forfoot,2025-09-26,2026-09-26,10.00%,5000.0,5000.0,1,800,false
"[B0B1Q59F5P, B0B9N25DWB, B0C9V35FQ2, B0BJ2LLX8J, B0C9V18BP5, B0B1Q524B1, B0B1Q5RKCL, B0B1Q42LGM, B0B1Q5D933, B0BKTJKBX4, B0B1Q562F7, B0BKTGLGXN, B0DD3HMTFB, B0DD38L59B, B0BKTF5YVY]",amzn1.campaign.3A97OKCSF3PUV,🌟Handcrafted Lightweight Backpack-Perfect for Work & Daily(Earn 12% commission),NOBLEMAN,2025-09-26,2026-09-26,12.00%,10000.0,10000.0,0,800,false
"[B0B8NLPVTH, B0DLZHSJ8Z, B0B8GWYL13, B0B8HFFM8Q, B0DHFZW3YX, B07LBLN577, B09KRVJ4FX, B0DM22L62V, B0B8GZNZ9W, B0B8NJ9TSQ, B0DRP24ZGD, B09KLWCGYP, B0DM24PT7W, B0B8GZB2GQ, B0DM21MWTY, B0B8NLSL1Z, B0B8H9TPPL, B075WY8DGQ, B0DLZM1LDT, B0B7VW3R17, B0DM1TC4RZ, B0DRP2WQMP, B0B8H6HD67, B0B8GW24TR, B0DRP1Y9T9, B0DRP4K3Y7, B0DM1ZCNBL, B0DRP4VYK1, B0DM25JZ3J, B0B7VW2S2K, B0DRP28WHR, B0B8GWZ16H, B09KLTN6P6, B0B8NGHJWF, B07JJ4X592, B0DRP4G13T, B0CXMH798K, B0DRP42KBT, B0DRP4NHFB, B0DRP4JC7R, B0DHG45F66, B0B8NGL5FW, B0DRP42NDV, B07LBK1WYZ, B0DRP2RFJ3, B0B8H8FHD5, B07LB762R6, B0DRP4WRSS, B0DHGB6SSH, B0DRP3F21S, B0B8NDS73Y, B0B7VR985D, B0B8NL1G2Z, B076B4WRTN, B0DHG89MS8, B0DRP2SQD4, B0DHFWN461, B0B8NHZQN3, B07JGN3B3D, B0DLZRTXQ5, B0DHG8MNLW, B09KRVG6K6, B0DHFYXB8S, B0DHG76TP3, B0DRP2DFJR, B0DM11QHRM, B0B8NH1JMM, B0DLZDXBNM, B0DRP4Z4LJ, B0CXMG8LJQ, B0DRP6X7C2, B0B8H7ZWLQ, B07LBK681X, B0B8GYPZZM, B0B7VFP3TX, B0DRP3SLLS, B0DRP2BMV2, B0DRP3Y995, B0B8NGBGDG, B0B8NG44YX, B0DLZLVFQF, B0DRP2PXR7, B0DM136D5N, B0DLZVLV54, B075WSS64P, B0DRP5H8YG, B076B3YM56]",amzn1.campaign.1H8IC0IUJFC36,站外推广,top4cus,2025-09-26,2026-09-26,35.00%,10000.0,9995.12,0,800,false
"[B0C1SGLF3Z, B0CGHN13K9, B0C27DMND6]",amzn1.campaign.2N9WRM6LY875X,"PLAY 10 Puzzle Play Mat, Foam Floor Tiles, Foam Puzzle Mat commission rate 10%",PLAY 10,2025-09-26,2026-09-26,10.00%,5000.0,4991.99,12,800,false
"[B0B8NLPVTH, B0DLZHSJ8Z, B0B8GWYL13, B0DHFZW3YX, B07LBLN577, B09KRVJ4FX, B0DM22L62V, B0B7VBCCZ2, B0B8GZNZ9W, B0B8NJ9TSQ, B0DRP24ZGD, B09KLWCGYP, B0DM24PT7W, B0B8GZB2GQ, B0DM21MWTY, B0B8NLSL1Z, B0B8H9TPPL, B075WY8DGQ, B0DLZM1LDT, B0B7VW3R17, B0DM1TC4RZ, B0DRP2WQMP, B0B8H6HD67, B0B8GW24TR, B0DRP1Y9T9, B0DRP4K3Y7, B0DM1ZCNBL, B0DRP4VYK1, B0DM25JZ3J, B0B7VW2S2K, B0DRP28WHR, B0B8GWZ16H, B09KLTN6P6, B0B8NGHJWF, B07JJ4X592, B0DRP4G13T, B0CXMH798K, B0DRP42KBT, B0DRP4NHFB, B0DRP4JC7R, B0DHG45F66, B0B8NGL5FW, B0DRP42NDV, B07LBK1WYZ, B0DRP2RFJ3, B0B8H8FHD5, B07LB762R6, B0DRP4WRSS, B0DHGB6SSH, B0DRP3F21S, B0B8NDS73Y, B0B7VR985D, B0B8NL1G2Z, B076B4WRTN, B0DHG89MS8, B0DRP2SQD4, B0DHFWN461, B0B8NHZQN3, B07JGN3B3D, B0DLZRTXQ5, B0DHG8MNLW, B09KRVG6K6, B0DHFYXB8S, B0DHG76TP3, B0DRP2DFJR, B0DM11QHRM, B0B8NH1JMM, B0DLZDXBNM, B0DRP4Z4LJ, B0CXMG8LJQ, B0DRP6X7C2, B0B8H7ZWLQ, B07LBK681X, B0B8GYPZZM, B0B7VFP3TX, B0DRP3SLLS, B0DRP2BMV2, B0DRP3Y995, B0B8NGBGDG, B0B8NG44YX, B0DLZLVFQF, B0DRP2PXR7, B0DM136D5N, B0DLZVLV54, B075WSS64P, B0DRP5H8YG, B076B3YM56]",amzn1.campaign.16EUIB9YHPHTX,站外推广,top4cus,2025-09-26,2026-09-26,35.00%,10000.0,9997.33,0,800,false
"[B0DSVXZBF8, B0DHXKCXS5, B0DSVXRMQ3, B0DHXHZMZM, B0F13KZTSH, B0F13HSWXK, B0F13NYB4P, B0F13M28ZP]",amzn1.campaign.21OJCM4PY10VO,15% Commission Dining Room Light Fixture Promotional Program,NISIDUN,2025-09-26,2026-09-26,15.00%,5000.0,4964.76,0,800,false
"[B0FC5MDT77, B0DST1WXKS, B0FB8K54NT, B0DST4CQBH, B0FBVX8XRN, B0FB8CHFPZ]",amzn1.campaign.3ZT2Y1ZG9E06,Cancomzone 15% Commission Black Glass Wall Sconce Promotion Plan,cancomzone,2025-09-26,2026-09-26,15.00%,5000.0,4973.0,0,800,false
"[B0DLZHSJ8Z, B0B8GWYL13, B0B8HFFM8Q, B0DHFZW3YX, B07LBLN577, B09KRVJ4FX, B0DM22L62V, B0B7VBCCZ2, B0B8GZNZ9W, B0B8NJ9TSQ, B0DRP24ZGD, B09KLWCGYP, B0DM24PT7W, B0B8GZB2GQ, B0DM21MWTY, B0B8NLSL1Z, B0B8H9TPPL, B075WY8DGQ, B0DLZM1LDT, B0B7VW3R17, B0DM1TC4RZ, B0DRP2WQMP, B0B8H6HD67, B0B8GW24TR, B0DRP1Y9T9, B0DRP4K3Y7, B0DM1ZCNBL, B0DRP4VYK1, B0DM25JZ3J, B0B7VW2S2K, B0DRP28WHR, B0B8GWZ16H, B09KLTN6P6, B0B8NGHJWF, B07JJ4X592, B0DRP4G13T, B0CXMH798K, B0DRP42KBT, B0DRP4NHFB, B0DRP4JC7R, B0DHG45F66, B0B8NGL5FW, B0DRP42NDV, B07LBK1WYZ, B0DRP2RFJ3, B0B8H8FHD5, B07LB762R6, B0DRP4WRSS, B0DHGB6SSH, B0DRP3F21S, B0B8NDS73Y, B0B7VR985D, B0B8NL1G2Z, B076B4WRTN, B0DHG89MS8, B0DRP2SQD4, B0DHFWN461, B0B8NHZQN3, B07JGN3B3D, B0DLZRTXQ5, B0DHG8MNLW, B09KRVG6K6, B0DHFYXB8S, B0DHG76TP3, B0DRP2DFJR, B0DM11QHRM, B0B8NH1JMM, B0DLZDXBNM, B0DRP4Z4LJ, B0CXMG8LJQ, B0DRP6X7C2, B0B8H7ZWLQ, B07LBK681X, B0B8GYPZZM, B0B7VFP3TX, B0DRP3SLLS, B0DRP2BMV2, B0DRP3Y995, B0B8NGBGDG, B0B8NG44YX, B0DLZLVFQF, B0DRP2PXR7, B0DM136D5N, B0DLZVLV54, B075WSS64P, B0DRP5H8YG, B076B3YM56]",amzn1.campaign.2KWTJQ6J192PE,站外推广,top4cus,2025-09-26,2026-09-26,35.00%,10000.0,9997.2,0,800,false
[B0F3GX4L9G],amzn1.campaign.2V8CZG02KH1F9,Monthly sales 3K+ pcs Electric Scissors 20%commission + B0F3GX4L9G,Zeleki,2025-09-26,2026-09-25,20.00%,5000.0,4918.46,0,800,false
[B0FM4H216F],amzn1.campaign.24VOPJO641SVF,"10"" Rotating Cutting Mat + influencers +10% commission",ZAMQIU,2025-09-26,2026-09-26,10.00%,5000.0,4991.5,0,800,false
"[B0FJDTZ2KH, B0FJDLXCKM, B0FJDVYF3Y, B0FJDXYD5M, B0FJDPYL9B, B0FJDR9SJR, B0FJDSPKVB, B0FJDY7BRC, B0FJDQ3JR1, B0FJDTZDRM, B0FJDSJVP6, B0FJDSHBB9, B0FJDZ1XGB, B0FJF2QG2G, B0FJDMBJZ4, B0FJDTBLP7, B0FJF2MMHL, B0FJDWPCHP, B0FJDR3DTY, B0FJDPPMJV]",amzn1.campaign.17VENR9BBYAX,Women's Short Rompers Jumpsuits,MAKABO,2025-09-26,2026-09-26,10.00%,5000.0,4985.07,0,800,false
"[B0DLGP2R6T, B0DQW2CXJG]",amzn1.campaign.WCAWQN9H12IR,15% Commission Dining Room Light Fixture Promotional Program,LIGHTDAMY,2025-09-26,2026-09-26,15.00%,5000.0,4936.7,5,800,false
"[B0DB88HKWM, B0DBZ7P98Q, B0FHH8LXSQ, B0FHHB4P4G, B0FHHCJH2G, B0D7HL3DKZ, B0CBR5PKM2, B0DBZ99X2T, B0DS27JKRW, B0D7HKVDF1]",amzn1.campaign.3NCIZ02TJUP7L,15% Commission Dining Room Light Fixture Promotional Program,LIGHTDAMY,2025-09-26,2026-09-26,15.00%,5000.0,4856.91,0,800,false
"[B0FKZR46HC, B0FLWQRHML]",amzn1.campaign.G4X3OP8UGTD4,New Arrival:20Pcs Heavy-Duty Picture Claw hooks/60pack Clear Hanger,AFFAVON,2025-09-26,2026-09-26,10.00%,100000.0,99736.53,0,800,false
"[B0DFM6BPLQ, B0DLKR1C9X, B0DS29K2PD, B0DHZR2X9D, B0F29325FV]",amzn1.campaign.2WB9SR0K4A0WR,15% Commission Dining Room Light Fixture Promotional Program,LIGHTDAMY,2025-09-26,2026-09-26,15.00%,5000.0,4906.48,0,800,false
"[B092PYKGV2, B092PVKYG1]",amzn1.campaign.39K1O39706QAD,15% Commission Chandeliers for Dining Room Promotional Program,LIGHTDAMY,2025-09-26,2026-09-26,15.00%,5000.0,4930.57,0,800,false
[B0D6K54HCC],amzn1.campaign.1NMMGQ1DQWBU4,vegetable chopper commission 10%   B0D6K54HCC When: September 28 to November 30,QDGMXIV,2025-09-28,2026-09-26,10.00%,20000.0,20000.0,0,800,false
[B0D6K54HCC],amzn1.campaign.EVQLVVKZL5IM,vegetable chopper commission 10%   B0D6K54HCC When: September 27 to November 30,QDGMXIV,2025-09-27,2026-09-26,10.00%,20000.0,19995.7,0,800,false
[B0D6K54HCC],amzn1.campaign.236KZX4GIWDUY,vegetable chopper commission 10%   B0D6K54HCC When: September 26 to November 30,QDGMXIV,2025-09-26,2026-09-26,10.00%,20000.0,20000.0,0,800,false
[B0D6JW9M5Z],amzn1.campaign.28J474VFXJGX9,commission 10% B0D6JW9M5Z vegetable cutters  When: September 28 to November 30,QDGMXIV,2025-09-28,2026-09-24,10.00%,20000.0,19998.2,0,800,false
[B0D6JW9M5Z],amzn1.campaign.2ZA2Q8MWKYMAM,commission 10% B0D6JW9M5Z vegetable cutters  When: September 27 to November 30,QDGMXIV,2025-09-27,2026-09-24,10.00%,20000.0,19991.5,0,800,false
[B0DFX1C1Q1],amzn1.campaign.10SDWAMS2S1RN,Bracelet Making Kit commission 10%   When: September 28 to November 30,QDGMXIV,2025-09-28,2026-09-25,10.00%,20000.0,20000.0,7,800,false
[B0DFX1C1Q1],amzn1.campaign.352X4I46BMZJI,Bracelet Making Kit commission 10%   When: September 27 to November 30,QDGMXIV,2025-09-27,2026-09-25,10.00%,20000.0,20000.0,16,800,false
[B0DFX1C1Q1],amzn1.campaign.CXCIJ1DRUL13,Bracelet Making Kit commission 10%   When: September 26 to November 30,QDGMXIV,2025-09-26,2026-09-25,10.00%,20000.0,19999.0,16,800,false
"[B0DPPFK948, B0F59F2779, B0F594V1B2, B0DL55QTMY, B0CP55HJZL, B0FLD2JY12, B0FD9CJTRM, B0CPPHG19K, B0CPPB45H3, B0F8ZK65M7, B0D3HC16K7, B0DHVBH3ZX, B0DPBZ6J9F, B0CNRFPW93, B0FL679DNM, B0D3H8VGGL, B0CPPGTFFS, B0CNSVV4Z7, B0D3PVC8TV, B0CRH2QPD7, B0CRGK9GYC, B0CW2M122N, B0CW2MNNBN, B0CRGKC7CB, B0DHVBYXHY, B0DSK74RTR, B0CP567X31, B0CPP3FQWY, B0CRGXNPDY, B0DL56LSVG, B0CNRGMJ3M, B0FD9FG4GF, B0DTHJGTMH, B0CPPG79T7, B0D6JZTM97, B0FDQ9BFHL, B0DSFRNY62, B0CR9ZJ69X, B0FD9CH1DY, B0DL55GFVN, B0CP55CJK2, B0FL6LGTCX, B0DL553SSG, B0CRGRFNWY, B0F59C6PZV, B0F596HVS7, B0FL62B91J, B0CNWXK4KF, B0DSW26T61, B0CWGKN94F, B0DPPR2DCM, B0CVVR4P43, B0CW28PFFG, B0CRH125RD, B0DL55V5X7, B0DHV9YCN6, B0DSW29NS3, B0DL55R3G8, B0FG25645T, B0DPP9XRV5, B0CNSW3W7M, B0CQ4W3W3R, B0CNQQZ9PT, B0CPP21LRF, B0CPP4QM3W, B0DLGGXBKJ, B0FLCY25HS, B0DSW2LSDV, B0CW2LNCMP, B0CNQR5JW5, B0FD9CFYTB, B0D4YPTR94, B0D3PMMD9D, B0CPHM3473, B0FL69YQX2, B0CNQQN6HG, B0F5928HK4, B0D3HCDXR5, B0FL66VF3S, B0F59Q9BDG, B0CPP9N7JC, B0FD9BRGQ7, B0F5971MPX, B0CQ4WDSML, B0DSW2FMK9, B0CQ4WDSMM, B0CNSVRSFF, B0FDPYWGH5, B0CQ4TPZCK, B0CQ4TS7MV, B0CNWWLYHZ, B0CQ4VFY5F, B0CY4PF97J, B0D3HB5TJV, B0CPPJPRD5, B0CNSX93H3, B0CPHXN862, B0F59NRB3X, B0F596Z245, B0D3HB5G1D, B0FL6D3M75, B0CP55H1D5, B0DSW2NGXR, B0DM8XYZGL, B0FDPZ4RYY, B0DL551WVT, B0CPHSK772, B0D3PJK5TH, B0CNRJZMNF, B0FD9DP717, B0DPPFT97L, B0F6LNLNT9, B0D1QF113P, B0CPP8FWBH, B0D6G4TNB1, B0D1QKPGVM, B0D6KF248T, B0FD9CCQ72, B0DT4CG2DM, B0CRGKSRC2, B0FD99WV8N, B0F59NF913, B0DPPN6VQQ, B0F59KQCXJ, B0FD9CV4M9, B0DHVD4HJG, B0CPSGK31M, B0FG25VQM5, B0DQTQG77H, B0F58SCMDF, B0CRH2QBVP, B0D6JWYHLF, B0CPPFJJVS, B0DTHKKG8D, B0CRGNLN8W, B0DPPCMCH5, B0FD9FD61S, B0CPHMVCK4, B0CPPDNQ8X, B0FL627C9G, B0DPPG98KR, B0D3HB2JJQ, B0CNRFJ1K3, B0DL549GR8]",amzn1.campaign.346NJRTLCHT5Q,品牌推广,FENICE TOTEM,2025-09-26,2026-09-26,10.00%,10000.0,9909.54,0,800,false
"[B0FK5H8BJC, B0FK5DGXDJ, B0FK5FCP1G, B0FK5HWLJ2, B0FK5H7DRD, B0FK5DPWXP, B0FK5GCPXS, B0FK5CK7BG]",amzn1.campaign.3DT8P41TXQ4G4,B0FK5HWLJ2,Lawie,2025-09-26,2026-09-26,10.00%,10000.0,9970.32,0,800,false
"[B0F8HBDSTV, B0F8HFQX3X, B0F8HFLMD6]",amzn1.campaign.1KM08HY3PE51D,Gifarich Farmhouse Style Gold Dining Room Light Fixture Promotion Plan,Gifarich,2025-09-26,2026-09-26,15.00%,5000.0,4942.4,0,800,false
"[B0C77RF2TS, B0DZHB5PXX, B0D52GPSGH, B09M36V44B]",amzn1.campaign.299UPWM40BPXC,Gifarich Farmhouse Style Black Dining Room Light Fixture Promotion Plan,Gifarich,2025-09-26,2026-09-26,15.00%,5000.0,4911.59,0,800,false
[B09J8J35XQ],amzn1.campaign.ZUYBK52OAP5S,Zinc Quercetin 500 mg - 120 Capsules,Vitamatic,2025-09-26,2026-09-26,10.00%,50000.0,49992.17,0,800,false
[B0F99Z7SD2],amzn1.campaign.12Y4DIDHV71P0,Methylene Campaign 4,K2 Organics,2025-09-29,2026-09-29,13.00%,50000.0,49987.92,0,800,false
[B0F99Z7SD2],amzn1.campaign.1HI7UF5V6GVXB,Methylene campaign 3,K2 Organics,2025-09-28,2026-09-28,12.00%,50000.0,50000.0,1,800,false
[B0F99Z7SD2],amzn1.campaign.1KMQ4GGN9QBTD,Methylene Campaign 2,K2 Organics,2025-09-27,2026-09-27,11.00%,50000.0,50000.0,4,800,false
[B0F99Z7SD2],amzn1.campaign.1ZL5PJGHJ5YCL,Methylene Campaign 1,K2 Organics,2025-09-26,2026-09-26,10.00%,50000.0,50000.0,6,800,false
[B0DS62XQP6],amzn1.campaign.224JZ2N0DYCHQ,Me K2 Organics 5,K2 Organics,2025-09-30,2026-09-30,13.00%,50000.0,49993.76,1,800,false
[B0DS62XQP6],amzn1.campaign.2I0RZUQL2MTYI,Me K2 Organics 4,K2 Organics,2025-09-30,2026-09-30,12.00%,50000.0,50000.0,8,800,false
[B0DS62XQP6],amzn1.campaign.2K3VLTIAZ1SLG,Me K2 Organics 3,K2 Organics,2025-09-29,2026-09-29,12.00%,50000.0,49994.24,5,800,false
[B0DS62XQP6],amzn1.campaign.2MVTZSCX0QBWY,Me K2 Organics 2,K2 Organics,2025-09-28,2026-09-28,11.00%,50000.0,50000.0,11,800,false
[B0DS62XQP6],amzn1.campaign.2J7ZP0JODSGDR,Me K2 Organics 1,K2 Organics,2025-09-26,2026-09-26,10.00%,50000.0,50000.0,13,800,false
[B019EU28I8],amzn1.campaign.AOKG2P6S4PY1,Beauty Facial Extreme (BFE) Instant Ageless Eye Cream Free Sample.,Beauty Facial Extreme,2025-09-26,2026-09-26,15.00%,100000.0,99979.66,0,800,false
[B011YXY6W4],amzn1.campaign.3U8B098NXB55Y,Beauty Facial Extreme (BFE) Glycolic Acid 15%. Free Sample,Beauty Facial Extreme,2025-09-26,2026-09-26,15.00%,100000.0,99989.5,0,800,false
[B06ZZFDZSW],amzn1.campaign.28DBH22R0EKNU,BFE Anti-Acne Buttocks & Thigh Treatment Free Sample Available,Beauty Facial Extreme,2025-09-26,2026-09-26,15.00%,100000.0,99988.45,0,800,false
[B00WIX54GW],amzn1.campaign.R0GS03RRN9V8,Beauty Facial Extreme (BFE) Anti-Aging Resurfacing Peel Pads. Free Sample.,Beauty Facial Extreme,2025-09-26,2026-09-26,15.00%,100000.0,100000.0,0,800,false
[B00NK3VZOY],amzn1.campaign.1ZNMYIAA0B5FD,Beauty Facial Extreme (BFE) Acne Treatment Clay Mask. Free Sample.,Beauty Facial Extreme,2025-09-26,2026-09-26,15.00%,100000.0,100000.0,0,800,false
[B00UKCCZOM],amzn1.campaign.4IQFX5PT0B68,(BFE) Keratosis Pilaris Exfoliating Body Lotion. Free Sample.,Beauty Facial Extreme,2025-09-26,2026-09-26,15.00%,100000.0,100000.0,0,800,false
[B07D9TN9ZP],amzn1.campaign.97U14OEB7VC8,Instaderm Anti-Aging Resurfacing Pads Free Sample.,Instaderm,2025-09-26,2026-09-26,15.00%,100000.0,100000.0,0,800,false
[B0DYWQS9DK],amzn1.campaign.1L1VX8G9QJRL4,Instaderm Retinol Skin Booster Cream Free Sample Available,Instaderm,2025-09-26,2026-09-26,15.00%,100000.0,100000.0,0,800,false
"[B0CNFD3PFD, B0CNFQNPV6, B0CNFN5VS8, B0CNFQ25HC, B0CNFMMST4, B0CNFTGSYF, B0CNFRDDY5]",amzn1.campaign.1OAAR2KZLM42I,Canholdr,CanHoldr,2025-09-26,2026-09-26,15.00%,5000.0,4987.25,0,800,false
[B0915K4G4T],amzn1.campaign.2O7AOGUTCSQ9Z,Instaderm Complexion Renewal Pads Free Sample.,Instaderm,2025-09-26,2026-09-26,15.00%,100000.0,100000.0,0,800,false
[B07QZM3SXR],amzn1.campaign.3HOEIL77W0FLZ,Instaderm Keratosis Pilaris Treatment Free Sample.,Instaderm,2025-09-26,2026-09-26,15.00%,100000.0,100000.0,0,800,false
[B0DYWZX5W6],amzn1.campaign.1MVKMATICZLLT,Instaderm Neck and Décolleté Firming Cream Free Sample Available,Instaderm,2025-09-26,2026-09-26,15.00%,100000.0,100000.0,0,800,false
[B0DS2VN22M],amzn1.campaign.19D973IZ0GV3S,Highly Revenue/10% Commission/Multi-Position Wedge Pillow/One Year/ B0DS2VN22M,SKYTRAX COMF,2025-09-26,2026-09-26,10.00%,5000.0,5000.0,0,800,false
"[B0D9MLVP2Y, B0CJ9ZPDT7, B0CD31QJBV, B0D9MMC83H, B0DFRJCB1H, B0C7FWFHCK, B0D5SXL829, B0D9MJT849]",amzn1.campaign.6X5FRMZHITXS,"Premium Pour Spouts for Bartenders | Precision, Durable & Under $20",A Bar Above,2025-10-02,2026-10-02,16.00%,25000.0,24989.58,0,800,false
"[B0DS2TMZV7, B0D9KNKDQ4, B0D9KNS86K, B0FH7FCJDQ, B0DS2TF31G, B0DS2VKB42, B0D9KQDQZY]",amzn1.campaign.3K150HOLOW4NU,HOT SALE+ 10%+ B0FH7FCJDQ+artificial fall flowers outdoor/indoor+9/26-11/30,Florielle,2025-09-26,2026-09-26,10.00%,5000.0,4837.46,0,800,false
"[B0CJYMJ2K8, B0CLYVN5FH, B0CN3X8LXJ, B0CLYV16FS, B0CN7GP2PN, B0CJYMLHD3]",amzn1.campaign.1PR2USBP6OSL8,Lewis Bag & Hammer Set: Crush Ice in Style for Tiki Drinks + Juleps,A Bar Above,2025-09-30,2026-09-30,16.00%,25000.0,24972.42,0,800,false
"[B0D3HVWJS9, B0D3HSTVL2, B0BXNY67Q4, B0D3HSRHPK]",amzn1.campaign.1SVP6Y2W3S9D5,Garden Joy in Seconds! 🌟 These No-Tool Gnomes Brighten Any Outdoor Space,Voumsil,2025-09-26,2026-09-24,10.00%,5000.0,4999.2,5,800,false
"[B0DKNGRT4Y, B0FGX5LHJF]",amzn1.campaign.3204H5LSDVFC6,Your Garden's New Best Friend: A Trellis That GLOWS! 🌿✨,Voumsil,2025-09-26,2026-09-26,10.00%,5000.0,5000.0,16,800,false
"[B0DP2JY67L, B0DP2FNYMX, B0DP2JPGRL, B0DP2GYJFH, B0DP2JTYBD]",amzn1.campaign.R1Z8PNY2H6C5,"Custom Brass Stamp for Leather, Personalized Logo, Handcraft Gift",imotoga,2025-09-26,2026-09-26,10.00%,5000.0,4985.04,4,800,false
[B0DQL97MPH],amzn1.campaign.24GH2JUFORO81,"Custom Brass Stamp for Leather, Handcraft Gift",imotoga,2025-09-26,2026-09-26,11.00%,5000.0,4981.42,0,800,false
"[B0F5NS1C8V, B0F5NQQWZG, B0F5NRLNQR, B0F5NSW27H, B0F5NV3893, B0F5NSW7CK, B0F5NS8Q53]",amzn1.campaign.2PTC3OMMTN5T5,"Custom Stamp for Leather, Handcraft Gift",imotoga,2025-09-26,2026-09-26,10.00%,5000.0,4979.53,0,800,false
[B0DPGP3R44],amzn1.campaign.28VAFW1ITDZ8X,"Chuga Super Greens –   Green Glow, Half the Cost - 50% OFF 🌿",Chuga Shilajit,2025-09-26,2026-09-26,25.00%,20000.0,20000.0,0,800,false
"[B09BG93FMF, B0CVNL2QC3, B0CLQB5VCR, B09BG78QHM, B0DJGHW6T1, B0DNV1YR97, B0CVLX32BM]",amzn1.campaign.2F267C7W0PSIC,"Chuga Shilajit Resin & Tablets –  Peak Strength, Half the Spend - 50% OFF ⚡",Chuga Shilajit,2025-09-26,2026-09-26,25.00%,20000.0,19992.4,0,800,false
[B0DPJNM62K],amzn1.campaign.VU8HFVK8I5ZV,"Chuga Collagen & Colostrum –  Firm + Fresh, 50% Off🌟",Chuga Shilajit,2025-09-26,2026-09-26,25.00%,20000.0,20000.0,3,800,false
[B0FDKJ9B37],amzn1.campaign.2QEJK7W1E9SZ2,Construction Trash Chute Partnership Invitation,benut,2025-09-26,2026-09-26,15.00%,50000.0,50000.0,0,800,false
[B0DPQR9WR3],amzn1.campaign.22YKNPLBK6ZOB,41% CR - Enrichment Interactive Dog Treat Toy (Orange-Beginner),DollSheriffgoo,2025-09-28,2026-09-28,41.00%,5000.0,5000.0,0,800,false
[B0DPQVN6K8],amzn1.campaign.1KY6XYDA4N0SG,35% CR - Dog Puzzle Toy Mental Stimulation (Advanced-Mars Green Brainstorm),DollSheriffgoo,2025-09-28,2026-09-28,35.00%,5000.0,5000.0,0,800,false
[B0DPQWDRTL],amzn1.campaign.1WRQRVXRTBZPC,35% CR - Dog Puzzle Toy Mental Stimulation (Green Push-Intermediate),DollSheriffgoo,2025-09-28,2026-09-28,35.00%,5000.0,5000.0,0,800,false
[B0DPQWKFMS],amzn1.campaign.3VHTCRLWAYQ18,34% CR - Dog Puzzle Toy Mental Stimulation (Blue-Advanced),DollSheriffgoo,2025-09-28,2026-09-28,34.00%,5000.0,5000.0,0,800,false
"[B0DQ8JX9Q9, B0FF3V6B4X, B0DQ8R6388, B0DFWQH1KP, B0FF3TKJBN, B0DQ8PWVKV, B0FF3SWHT3, B0FF3T72WK, B0FF3WT83Q, B09136QKK1, B0DQ8M3R7S, B0FF3RGBQV, B09136QJTT, B0DQ8SS9C1, B0FF3SXZ35, B0913BPQR5, B0DQ8Q9YZX, B0FF3W4HN3, B0FF3TJ2QM, B0DPKJBY18, B0FF3SXN8C, B0FF3TR4QT, B0DFWRKQSN, B0FF3TMQH2, B0DL2YBBSD, B0FF3TD4Z6, B0FF3TD4Z5, B0FF3THVRM, B0FF3T5J7Y, B0FF3T5FFM, B09138YK6H, B09137YFM8, B0DKXZSZV6, B0DKNPSVHG, B0FF3TQTKH, B09136YZ2C, B0FF3T5P3Z]",amzn1.campaign.19895CMRA6NV8,"Greencycle Door Chime, Wireless Door Open Contact Sensor Alarm",greencycle,2025-09-26,2026-09-26,10.00%,5000.0,4989.19,1,800,false
[B0FP4QKTR7],amzn1.campaign.30FGFH5CRRESZ,椭圆挂孔U盘lightning款-512粉色,BLANBOK+,2025-09-26,2026-09-26,10.00%,5000.0,4829.71,0,800,false
[B0FP4SFY4F],amzn1.campaign.3HYFGFMEPZQ6N,椭圆挂孔U盘lightning款-512蓝色,BLANBOK+,2025-09-26,2026-09-26,10.00%,10000.0,9910.4,0,800,false
[B089SNZD4N],amzn1.campaign.2WHRQAY73IJKL,10k+ Per Month & 10% Commission Instacan Jar opener,INSTACAN,2025-09-26,2026-09-26,10.00%,5000.0,5000.0,0,800,false
"[B0CSJTQ1B9, B07P1SKJV4]",amzn1.campaign.25NGVV0IQC8QO,10k+ Monthly Sales & 10% Commission Electric Can Opener / Jar Opener,Kitchenmuh,2025-09-26,2026-09-26,10.00%,5000.0,4986.8,0,800,false
"[B0DQ8M421T, B0DQ8QLLYZ, B0DQ8SWTNP, B0DQ8V3LQR, B0DMN97CLL, B0DNJKG895, B07X9RMC4R, B0DQ8RJPTC, B091GHDRTY, B0DQ8TYM8X, B0DQ8PP446, B0DQ8JWZ1F, B091HQ7RH5, B0DQ8TV46W, B0DQ8Q8931, B0DFWRP4SC, B0DFWPDXLM, B0DNJJV2YL, B0DQ8PXRKN, B07X9RL6MF]",amzn1.campaign.3A066GV0NXGQB,Greencycle Wireless Doorbell,greencycle,2025-09-26,2026-09-26,10.00%,5000.0,5000.0,0,800,false
"[B0FS8LDP6D, B0FS8XTPCG, B0FS84WVJ7, B0FS8VY3GP, B0FS8PNK9F, B0FS8BKJYS]",amzn1.campaign.1M1T2PWDDLQWV,"Let’s Glow & Store in Style!AOGLLATI Curved Bed with LED, Storage & Charging 🛏️",AOGLLATI,2025-09-26,2026-09-24,10.00%,5000.0,4880.0,0,800,false
"[B0F7LSF3R6, B0F7LT4TPV, B0F7LRN1NQ]",amzn1.campaign.3V5PD6BT6U8YH,41% CR - Interactive Dog Treat Toy (Beginner),LiuMelinda,2025-09-28,2026-09-28,41.00%,5000.0,5000.0,14,800,false
"[B0D4LGXVV8, B0D4LP9NPH, B0D946LXLD, B0D4LDXNJF, B0CSSZ12VR, B0D4LN53Q3, B0D4LWRN14, B0CYX46F21, B0CSKHW4P8, B0D9457V96, B0CSPG2W9D, B0CRHPFYTH, B0D943D2ZG, B0CST1RD4B, B0CRR2NXB5]",amzn1.campaign.3LYIAV4PVYR12,37% CR - DOG CHEW TOYS FOR AGGRESSIVE CHEWERS,LiuMelinda,2025-09-28,2026-09-28,37.00%,5000.0,5000.0,7,800,false
[B0FB3XG9WM],amzn1.campaign.24ZDGAB2K0VQ,35% CR - Dog Treat Puzzle Feeder (Advanced-Brainstorm),LiuMelinda,2025-09-28,2026-09-28,35.00%,5000.0,5000.0,12,800,false
"[B0F2J1N4HL, B0F2J26TNQ]",amzn1.campaign.2CKT8W2H1FJFD,34% CR - Dog Treat Puzzle Feeder (Advanced),LiuMelinda,2025-09-28,2026-09-28,34.00%,5000.0,5000.0,10,800,false
[B0DXK85SBP],amzn1.campaign.2L4IOIC6DFL3H,12% Commission for 16-in-1 Air Quality Monitor Indoor with 7AQI Beep Alarm,PERFORMANCE GURU,2025-09-26,2026-09-26,12.00%,50000.0,49954.78,0,800,false
[B0DB5M166Z],amzn1.campaign.2IK0TAG5P1JD9,TCP50PRO High Lumens LED Flashlight 6000 Lumens,PFSN professioner,2025-09-26,2026-09-26,15.00%,5000.0,5000.0,0,800,false
"[B0D6BM5T5F, B0D6BJZB3D, B0D6BLV1SH, B0D6BL68WX, B0D6BJTG78, B0D6BLF8HF, B0D6BK5J4F, B0D6BKJTT9, B0D6BK4HXJ, B0D6BJHCNL, B0D6BJSJKS, B0D6BJYM4R, B0D6BK5TLH, B0D6BGQXLH, B0D6BJN8K9, B0D6BH1HXJ, B0D6BLQXB8, B0D6BHYBJV, B0D6BK8GQX, B0D6BJYM4Z, B0D6BJGTJP, B0D6BL41Q8, B0D6BKP6X8, B0D6BK3L1J, B0D6BH876J, B0D6BK6L4C, B0D6BJSX9Y, B0D6BL353C, B0D6BK1C13, B0D6BJ3SNT, B0D6BKMBYH, B0D6BH8CT3, B0D6BK3KX1, B0D6BHNG5N, B0D6BLC22S, B0D6BKRRYW, B0D6BM22V4, B0D6BLL6XG, B0D6BLFGBZ, B0D6BHJ8D4, B0D6BL1129, B0D6BHSQPF, B0D6BN5QSB, B0D6BG72MF, B0D6BHW8QM, B0D6BM1XQ8, B0D6BHTKL7, B0D6BHVWV7, B0D6BHD312, B0D6BKVK47, B0D6BKKZ6Y, B0D6BKYLNL, B0D6BKLHQH, B0D6BJPT4N]",amzn1.campaign.1GLSSF84GGUOM,M MAELREG Golf Hoodies for men Quarter Zip Heather15%COMMISSION YTB FB INS TK,M MAELREG,2025-09-26,2026-09-26,15.00%,5000.0,4832.15,0,800,false
"[B0D6XK5YB3, B0D6Y2R5L8, B0D6Y14G79, B0D6XGH8KG, B0D6XMGR38, B0D6XJNHBC, B0D6XH8BNH, B0D6XJ16HH, B0D6XMF9B6, B0D6XKS8GR, B0D6Y54NWR, B0D6XPXZ5B, B0D6XGJFXP, B0D6XR2CFL, B0D6XY5RJR, B0D6XX47F3, B0D6XR21J7, B0D6XMDWZP, B0D6XHLB6M, B0D6XM7J1Y, B0D6Y3JJTF, B0D6XLKY4J, B0D6XY5RKD, B0D6XJDV4K, B0D6XLM664, B0D6XQYLKR, B0D6XPXB8T, B0D6XJNB43, B0D6XSSNM8, B0D6XJ6634, B0D6XNB5L4, B0D6XR2QSZ, B0D6XHPWJY, B0D6XHL2F6, B0D6Y3JJT4, B0D6XZ1CB8, B0D6Y1HXKN, B0D6XHL2FL, B0D6XH9N1C, B0D6XJHVJD, B0D6XHC5X5, B0D6XYMZTJ, B0D6XS7S3T, B0D6XJPDSR, B0D6XHH8LQ, B0D6XJPDT3, B0D6XM6CMQ, B0D6XL5NSV, B0D6XZ6JRW, B0D6XR1CB6, B0D6XM4X4J, B0D6XJWRZS, B0D6XK78F6, B0D6XJ21TY, B0D6XJQX3B, B0D6XV4PYV, B0D6XHYS3B, B0D6XDNSRG, B0D6XMB5NX, B0D6XPWVH2]",amzn1.campaign.35L4UNOK2ZML2,M MAELREG Men Quarter Zip Pullover Brushed Sweatshirts 15%COMMISSION YTB INS TK,M MAELREG,2025-10-06,2026-10-06,15.00%,5000.0,4713.0,0,800,false
"[B0FPWLYPTF, B0FPX2WX7C, B0FPWM8MCR, B0FPWS29Q7, B0FPWYKC8G, B0FPWSNX73, B0FPWMJS3L, B0FPWW2WH9, B0FPWWMKDK, B0FPWMZDY8, B0FPWNZ167, B0FPWQWFN6, B0FPWQS1GZ, B0FPWK4MTP, B0FPWZ2QV2, B0FPWPWZZ6, B0FPWR23GK, B0FPW82W3D, B0FPWK7MQL, B0FPWYWHTT, B0FPWDX4J5, B0FPX4JJRV, B0FPWP39QP, B0FPWSQLG9, B0FPWW2KN1, B0FPWYQD4F, B0FPWTKN5T, B0FPWS61BF, B0FPX6GGY3, B0FPWYNZ6D]",amzn1.campaign.1YZCH8B8VOKO2,JMIERR 2531019,JMIERR,2025-09-26,2026-09-26,10.00%,5000.0,4926.61,0,800,false
"[B0FDKLKHX9, B0FDKHXR8M, B0FDKGXJDY, B0FDKHZ11P, B0FDKHCHX2, B0FDKDZG1L, B0FDKJ1G9G, B0FDKKLQSS, B0FDKLD9RW, B0FDKHX98X, B0FDKM3XK4, B0FDKHGG4T, B0FDKHK27R, B0FDKHVFJT, B0FDKHYQGK, B0FDKL4PB7, B0FDKHTR3B, B0FDKKMRGM, B0FDKG6LKX, B0FDKJSPWP, B0FDKKZKXL, B0FDKHT85J, B0FDKHGWH7, B0FDKHWMQ7, B0FDKL1Q9M]",amzn1.campaign.1ZLM9UVM26SBW,Sculpt Your Style – WAITFAIRY Cropped Zip-Up Jacket,Waitfairy,2025-09-26,2026-09-26,10.00%,5000.0,4979.25,0,800,false
"[B0DPZSP3RL, B0C7CJ5TRR, B0DPZTX88K, B0CTQJT5QN, B0CTHNKP3X, B0CR5R1BXB, B0CTHMGVGF, B0CQXN6Z8X, B0CS34PYR6, B0CQP1ZR9J, B0CQXMZPFR, B0CQNRQPR2, B0CR5NDTRK, B0CQP4NZZQ, B0CTQN3PHX, B0CS2VWV3M, B0CS2XB1S7, B0CQP39BDK, B0CS2R4NJP, B0CR5TJHT9, B095XYSTGN, B095XZCWQC, B0CP59LN67, B0CTQMP9C8, B0FQ5J8ZKC, B0CQP3X98G, B0CTQJPWNT, B0CTQLVZMS, B0FQ5FQFWC, B0CQP3KNYD, B0C7CH9MPX, B0C7CJ4692, B0CTHN8S3B, B0FQ5FHLNN, B0CTQPYWQG, B0CTQLB867, B095XYCCFR, B0CQXNKQ93, B0CQXNMYSH, B0DPZSTSVH, B0DG2KPFCT, B0DPZV2YRG, B0CS34SJK1, B0CTQLPBML, B0CQP37Q5V, B0CTQN3DPB, B0CHS3SQKG, B095XYX46R, B0FQ5FWCRD, B0CQP368Y3, B0C7CK8XGT, B095XYX59K, B0CQP4WZQR, B0DPZTRPHH, B0C7CGVXNB, B0CTQLZ79Z, B0DPZSQ98F, B0CTQLZ79X, B0CR5H3GMT, B0CHS3QBCP, B0CTQKQX3T, B0CP593DLR, B0FQ5JFRPJ, B0CS2T9GSQ, B0DPZS8S77, B0CHS289RZ, B0CQXNTC47, B0CR5KHY2V, B0CQP3PTGQ, B0C7CJ1SMH, B0CTHMGXXM, B0CS33XLZJ, B0CTQMBVC9, B0CTQNDJ8L, B0CP5C6FBP, B0CTQPY61T, B0CTQJV49K, B0CTQLCDYY, B0FQ5G4BVB, B0CS2VHQBF, B0CQXN41RW, B0BF93LKZB, B0CQNZCD11, B0CQP44P81, B0CTQL4GWW, B0CHRZP7VB, B0DG2H7DG8, B0FQ5G4CY8, B095XYNW8B, B0F6L9WCGH, B0CTQJVLTP, B0CS2PQ2XF, B0CQXN41RH, B0CP5C2B2Y, B0CQP4FWQ3, B0CR5KVVGH, B0CQP37Q2R, B0CTQKC3NV, B0FQ5GSGS7, B0CTQN6WKD, B0CTHLRFFN, B0CTQPMF72, B0C7CJD52X, B0CTQJDC78, B0CQXNP6YX, B0CTHNBYNH, B0CTHMGKTX, B0CTQJDC71, B0CTQKPBV1, B0CTQ1CNL6, B0CQP2VC6S, B0CP5B6FJC, B0CTQMKFDD, B0DG2JCMLL, B0CQNT6CB2, B0CHS1YXVV, B0CS2ZTV81, B0CQP435GK, B0CQP53L8X, B0CQP2K9CQ, B0CP58Y82S, B0CTHQ984N, B0CS2ZRX1N, B0CS2TMZB8, B0CR5PYFSL, B0CTHMT2KZ, B0CQP394C1, B0CS2TP5QK, B0CR5VXJPV, B0CHS19RJ1, B0CQP2RC1D, B0CTQKQCX5, B0CS2T9T24, B0CR5KGP9V, B0CQP435HH, B0C7CK8GQR, B0CQXMZQPC, B0FQ5H8M4K, B0CQXN7TQY, B0C7CK2ZXM, B0DPZS82RY, B0CR5GF4X9, B0CTQKT6CP, B0CTQMXDZW, B0CTQMN2DT, B0DPZSPJ9T, B0CTHLF2PQ, B0CTHLM6SZ, B0CTQKQ43T, B0FQ5FR1SN, B0CQXP1DN8, B0CQXP8NLT, B0CR5Q4DG4, B0CTHMHC6H, B0CR5NGXXW, B0FQ5FJ5BD, B0CTQKWCPW, B0CTQKMPWG, B0CQXNDGST, B0FQ5J2NM4, B0CQP462KG, B0FCBFB7G1, B0CTQQ1R95, B0CTQKQ42X, B0CQP2HCMG, B0DPZV7WX5, B0CQXPFBK3, B0CR5PWKXD, B0DPZT4QMT, B0FQ5G271S, B0CHS36J7C, B0FQ5HKSS5, B0CR5MW86Y, B0DPZV5KF5, B0CR5WRQC3, B0CTQN4BSN, B0CHRZKW66, B095XY9X5D, B0DPZRZSV9, B0CHRZ66BK, B0CQP2GZM6, B0CTHLMKR2, B0CTHMBRD7, B0CQP44VJ9, B0CTPR4YW5, B0CS2R5QCM, B0CTQKDJWV, B095XY39YZ, B0CTQL5DL3, B0DPZTXQP4, B0CP5BWMRG, B0CP5B3PSQ, B0CQXN9Q8R, B0CTQM88NG, B0CTQL4X4Z, B0CQXPN2YC, B0CHS2DHT1, B0C7CKJG2Q, B0CTQL6M56, B0CP5B19HX, B0CTHMQ427, B0CTQM9VSX, B0DG2GTF8D, B0CHRZZ9CR, B0DPZQB1SL, B0CQNN14CC, B0FQ5GY1NX, B0CTQJXJ24, B0DPZTMTV8, B0CTQN184M, B0CTQN1851, B0FQ5CTKVW, B0CTQNWL9J, B0CTQNWL9K, B0CQP3KM1Z, B0CQP337T8, B095XY9DWP, B0CS2PP32T, B0CTHNFX7P, B0CTQLQ586, B0C7CKGYQN, B0CQP2D9R4, B0CQP43BHR, B0CHS1YC51, B0CP59CC66, B0FQ5DHHFT, B0FQ5G4GJ8, B0FQ5GVSMC, B0CTHLF8DS, B0DPZQ7BX6, B0C7CHTFXK, B0CTQKQHYV, B0CP596HF8, B0CTQKPL3J, B0FQ5F7GKW, B0CQXPCZYY, B0DPZST2F9, B0CQXP4SHC, B0CR5FF8S9, B0CQP4SDNK, B0CS372XNF, B0CR5G8S52, B0CQP8VDD7, B0CTQJS7MM, B0CHS3R8J8, B0CQP4NZZL, B0DG2HG633, B0C7CH5JLR, B0CS371XQ4, B0CQP3X96H, B0CQP4HLPD, B0CR5P68VQ, B0CTQKT2TF, B0DPZT7C25, B0CTHN1X8P, B0FQ5FP9WJ]",amzn1.campaign.16J6Q90H0DACC,Greencycle Motion Sensor Alarm Outdoor Waterproof,greencycle,2025-09-26,2026-09-26,10.00%,5000.0,4903.67,0,800,false
[B0FKG8FKYS],amzn1.campaign.TGLNSG65W9QY,【2 PCS】Onion Slicer Holder,WELLFAR,2025-09-26,2026-09-26,20.00%,50000.0,49995.07,0,800,false
[B0DSZMTBYV],amzn1.campaign.3VXUL5K8U2VBZ,A5 LED Light Box for Tracing,WELLFAR,2025-09-26,2026-09-26,20.00%,50000.0,49994.6,3,800,false
"[B0FDQNXZ98, B0FDQFLRRB, B0FDQ66MBG, B0FDQB9DLX, B0FDQ7TL3V, B0FDQFHXF4, B0FDQ83CM8, B0FDQLGXC4, B0FDQ8DSR5, B0FDPZCTGD, B0FDQLWH3W, B0FDQBY26S, B0FDQ7PLDF, B0FDQBJYGC, B0FDQCD9KM, B0FDQ8CPX7, B0FDQBL1BN, B0FDQ8645V, B0FDQD7BL9, B0FDQCH4N6, B0FDQ82Y2Q, B0FDQBPGF6, B0FDQBT3K3, B0FDQ83X29, B0FDQC7G9F, B0FDQ82YP4, B0FDQLPGSJ, B0FDQ7FGC1, B0FDQBW4J3, B0FDQ77TRV, B0FDQ9DCVB, B0FDQ7WXZH, B0FDQBLQDW, B0FDQFC5BH, B0FDQBJG6S, B0FDQ89RH2, B0FDQBPKYP, B0FDQBMTKQ, B0FDQ5NXJL, B0FDQBVWNJ, B0FDQ8CBNL, B0FDQBWCCW, B0FDQBLPBD, B0FDQ83SKS, B0FDQBT115, B0FDQBZ96Z, B0FDQ7XRJB, B0FDQB9HFJ, B0FDQR7XFK, B0FDQBRH45, B0FDQPJNRN, B0FDQ7R7KB, B0FDQ7S2RK, B0FDQC97VH, B0FDQ8DKLM, B0FDQ6LZTX, B0FDQBFJL3, B0FDQ9GPLY, B0FDQCKZF1, B0FDQ9GPLQ, B0FDQ88SKZ, B0FDQ5Y5F1, B0FDQCHRJW, B0FDQ7Z8D9, B0FDQ7VKR1, B0FDQBN3NK, B0FDQQ5VDX, B0FDQBFC15, B0FDQFBSS8, B0FDQCMQJK, B0FDQMTSJ8, B0FDQBBBKF, B0FDQ88MC1, B0FDQQ5B5P, B0FDQBGZX3, B0FDQBL2N4, B0FDQ7PLMV, B0FDQBL2MY, B0FDQF9YYQ, B0FDQ9TJHR, B0FDQCQVZ1, B0FDQFGK32, B0FDQFGK2Q, B0FDQ9YGD6, B0FDQ81Q2Z, B0FDQBS6M2, B0FDQC5S9X, B0FDQPPQPC, B0FDQ84H8K, B0FDQ9ZBSS]",amzn1.campaign.3LNWCZUPHEQG9,✨ No More Boring Tables! ✨ (And it's easy to clean!),UWWGKK,2025-09-26,2026-09-25,10.00%,5000.0,4992.04,17,800,false
"[B0FDQNXZ98, B0FDQFLRRB, B0FDQ66MBG, B0FDQB9DLX, B0FDQ7TL3V, B0FDQFHXF4, B0FDQ83CM8, B0FDQLGXC4, B0FDQ8DSR5, B0FDPZCTGD, B0FDQLWH3W, B0FDQBY26S, B0FDQ7PLDF, B0FDQBJYGC, B0FDQCD9KM, B0FDQ8CPX7, B0FDQBL1BN, B0FDQ8645V, B0FDQD7BL9, B0FDQCH4N6, B0FDQ82Y2Q, B0FDQBPGF6, B0FDQBT3K3, B0FDQ83X29, B0FDQC7G9F, B0FDQ82YP4, B0FDQLPGSJ, B0FDQ7FGC1, B0FDQBW4J3, B0FDQ77TRV, B0FDQ9DCVB, B0FDQ7WXZH, B0FDQBLQDW, B0FDQFC5BH, B0FDQBJG6S, B0FDQ89RH2, B0FDQBPKYP, B0FDQBMTKQ, B0FDQ5NXJL, B0FDQBVWNJ, B0FDQ8CBNL, B0FDQBWCCW, B0FDQBLPBD, B0FDQ83SKS, B0FDQBT115, B0FDQBZ96Z, B0FDQ7XRJB, B0FDQB9HFJ, B0FDQR7XFK, B0FDQBRH45, B0FDQPJNRN, B0FDQ7R7KB, B0FDQ7S2RK, B0FDQC97VH, B0FDQ8DKLM, B0FDQ6LZTX, B0FDQBFJL3, B0FDQ9GPLY, B0FDQCKZF1, B0FDQ9GPLQ, B0FDQ88SKZ, B0FDQ5Y5F1, B0FDQCHRJW, B0FDQ7Z8D9, B0FDQ7VKR1, B0FDQBN3NK, B0FDQQ5VDX, B0FDQBFC15, B0FDQFBSS8, B0FDQCMQJK, B0FDQMTSJ8, B0FDQBBBKF, B0FDQ88MC1, B0FDQQ5B5P, B0FDQBGZX3, B0FDQBL2N4, B0FDQ7PLMV, B0FDQBL2MY, B0FDQF9YYQ, B0FDQ9TJHR, B0FDQCQVZ1, B0FDQFGK32, B0FDQFGK2Q, B0FDQ9YGD6, B0FDQ81Q2Z, B0FDQBS6M2, B0FDQC5S9X, B0FDQPPQPC, B0FDQ84H8K, B0FDQ9ZBSS]",amzn1.campaign.41K53Z5DTR2N,🧡 Spruce Up Your Space Alert! 🧡,UWWGKK,2025-09-26,2026-09-26,10.00%,5000.0,4996.09,21,800,false
[B0D9B8ZQL6],amzn1.campaign.2SV0O3E42XMWI,Gladdon Tassels Crossbody Bags for Women Medium Size Leather 37318,Gladdon,2025-09-26,2026-09-26,15.00%,37318.0,37313.65,0,800,false
"[B0F5MV6FSX, B0DSZFN5ZT, B0DSZV2ZLK, B0F8HTGWCZ, B0F5MWNZDH, B0FB96VVK8, B0F5MSX4DJ, B0F8HBNZF1, B0F5MX8Y2Y, B0DSZMT2ZF, B0F5MVB9C3, B0DSZF9CZT, B0DSZLCWB2, B0F5MTSDCJ, B0FB961TFS, B0F5MWB4YX, B0F9W1LK8Z, B0F1TJ88R3, B0DSZJ413P, B0F5MW92M8, B0DSZFJ82C, B0DSZWR3VZ, B0F5MTCMG9, B0FB9BYQ1J, B0F5MVBC11, B0F5MVJW4D, B0FB97MQ2L, B0DSZGTRHZ, B0F8HDZLQ3, B0DSZPYVN5, B0FB97KNT4, B0F5MW783P, B0DSZVCVZ3, B0DSZRM51Y, B0F5MVB4HC, B0F5MSJ83P, B0F5MTQXP7, B0F5MT9BKX, B0F8H5VDR6]",amzn1.campaign.1YR1WNFMUMXYF,"The newly launched men's two-color slippers, join our Creator program! 🚀018",GOEWY,2025-09-26,2026-09-26,10.00%,5000.0,4915.92,0,800,false
[B0FG7TKDF6],amzn1.campaign.2P8N0IMD8W596,Earn 10% Commission with Our Automatic Card Shuffler — Limited-Time Offer!,PATWING,2025-09-26,2026-09-26,10.00%,5000.0,4989.1,0,800,false
"[B0FNZQMHFG, B0FP142SJ8, B0FP19VTS8, B0FP1KMVPN, B0FP19B7F1, B0FNZQRTQ7]",amzn1.campaign.1EG9U0B6IQ18Y,SheBase Kinky Curly Half Wig Human Hair 250% Density 100% Human Hair 16-26 Inch,SheBase,2025-09-26,2026-09-24,10.00%,999999.0,999975.5,0,800,false
"[B0FNZQMHFG, B0FP142SJ8, B0FP19VTS8, B0FP1KMVPN, B0FP19B7F1, B0FNZQRTQ7]",amzn1.campaign.2S1J9S2ORAP9N,SheBase 250% Density 100% Human Hair Kinky Curly Half Wig Human Hair,SheBase,2025-09-26,2026-09-25,10.00%,90000.0,89990.0,0,800,false
[B0FG86DX2T],amzn1.campaign.1Q5UC5RFCSUWX,✨ Earn 10% Commission with Our Electronic Piggy Bank — Limited-Time Offer!,PATWING,2025-09-26,2026-09-26,10.00%,5000.0,4997.8,0,800,false
"[B0FNZQMHFG, B0FP142SJ8, B0FP19VTS8, B0FP1KMVPN, B0FP19B7F1, B0FNZQRTQ7]",amzn1.campaign.PDEF1Q6R18P5,SheBase Kinky Curly Half Wig Human Hair 250% Density 20 Inch 100% Human Hair,SheBase,2025-09-26,2026-09-26,10.00%,99999.0,99969.5,0,800,false
"[B0FJLPGM55, B0FJLP5WF1, B0FJLQTT35, B0FJLNXNZV]",amzn1.campaign.18T82630LTR3P,SODQW Sunglasses ABL22513,SODQW,2025-09-26,2026-09-26,10.00%,500000.0,499995.45,0,800,false
[B0BN5RT8P3],amzn1.campaign.3PI976RXFDFSF,ROFIELTY Custom Size Bench Cushion,ROFIELTY,2025-09-26,2026-09-26,10.00%,5000.0,4953.76,9,800,false
"[B0FFSG99GQ, B0FFSKQGQD, B0FFS9SF3G]",amzn1.campaign.1G5C4J1QRKV28,Seyxicnor Smart Permanent Outdoor Lights Pro,Seyxicnor,2025-09-29,2026-09-29,12.00%,30000.0,28024.33,0,800,false
[B0CQJFFB4P],amzn1.campaign.1H4AWZ9KCSGJP,24 Pack Easter Bunny Ears Headband Multicolor Plush Bunny Ears Headband,Olutacot,2025-09-26,2026-09-26,10.00%,5000.0,4990.0,0,800,false
[B0F5V6GHRH],amzn1.campaign.8C14XPIOVG8P,Waterdrop WD-T3-M Remineralization Reverse Osmosis Water Filter,Waterdrop,2025-09-26,2026-09-26,10.00%,20000.0,13838.32,0,800,false
[B0DH2FH1FQ],amzn1.campaign.1YRTAQNG0ACG4,"BPA-free, food-grade silicone!--Silicone Pastry Mat",TREASO,2025-09-26,2026-09-26,10.00%,5000.0,4986.9,9,800,false
[B0DZ2GT2MQ],amzn1.campaign.3LGDKRJHAME8B,"Breathe Easy. Save Easy.--Vacuum Filter Replacements for Dyson V11, V15",ARTSHU,2025-09-26,2026-09-26,10.00%,5000.0,4987.66,12,800,false
[B0DP78NYL9],amzn1.campaign.CUFDWQE0W0XB,"Breathe Easy. Save Easy. --Vacuum Filter Replacement for Dyson V7, V8",ARTSHU,2025-09-26,2026-09-26,10.00%,5000.0,4973.86,9,800,false
[B0DJ2926F7],amzn1.campaign.U0IIAN7WUUTX,Collaboration Opportunity--Ocedar Scrub Brush Mop Head,Koolstuffs,2025-09-26,2026-09-26,10.00%,5000.0,4728.27,21,800,false
[B0DHBV2X4C],amzn1.campaign.VW6WC2IZC6DI,"BPA-free, food-grade silicone!-Silicone Baking Mats",Koolstuffs,2025-09-26,2026-09-26,10.00%,5000.0,4979.25,3,800,false
[B0D2Q3TX68],amzn1.campaign.4EOG93BQLHMG,DURABLE & HEAT-RESISTANT! –Silicone Grease Cup Liners for Blackstone,Koolstuffs,2025-09-26,2026-09-26,10.00%,5000.0,4989.45,19,800,false
[B0DPKPX7WW],amzn1.campaign.3B1PXADHCDMEG,13% Commission for Turbo Dryer Car blower Infinitely Variable Speed,PERFORMANCE GURU,2025-09-26,2026-09-26,13.00%,80000.0,79927.59,0,800,false
[B0FMFPMV62],amzn1.campaign.3IVRM8R4MXUY8,三角刷+gai,BlomStorm,2025-09-26,2026-09-26,10.00%,5000.0,4998.1,6,800,false
"[B0FJDCRMXN, B0FJD8RPL1, B0FJDS9W51, B0FJD7W6SN, B0FJF1MQJ4, B0FJDQMP86, B0FJDW9H49, B0FJDKG5W5, B0FJDFQWFM, B0FJDD8JTF, B0FJDPK4RN, B0FJDZ6JPC, B0FJDRJ2WV, B0FJDPJ4SL, B0FJD9PSGF]",amzn1.campaign.TDDZFLVTDJSM,茶几,YuUniqex,2025-09-26,2026-09-26,10.00%,5000.0,4625.65,0,800,false
[B0DJQF4HBV],amzn1.campaign.2WVNHAARXBCU2,Collaboration Opportunity-Spin Mop Scrub Brush Head-B0DJQF4HBV7,Nuorest,2025-09-26,2026-09-26,10.00%,5000.0,4999.5,11,800,false
"[B0DG83NPJR, B0DG8BVLFD, B0F32GVNRY, B0DG7WJKBN, B0F32G3HK1]",amzn1.campaign.1FJ6AZS7V1VFX,Gladdon Small Leather Crossbody Purse for Women Trendy Ladies Top Handle 30694,Gladdon,2025-09-26,2026-09-26,12.00%,30694.0,30694.0,0,800,false
"[B0CSD64J63, B0CSCW9DN2, B0CSD3SXC8, B0CSDCNTF5, B0CSCZ522L, B0DX1MHT1Z, B0DRVGMMRM]",amzn1.campaign.3M2FELMPV7PA2,Gladdon Crossbody Bags for Women Shoulder Purses Cross body Bag 36063,Gladdon,2025-09-26,2026-09-26,12.00%,36063.0,36057.45,0,800,false
"[B0DRFS3Q5P, B0DRFV64NC, B0DRFSB4NB]",amzn1.campaign.3D6DWT9053907,Gladdon Bohemian Small Crossbody Bag for Women Shoulder Purses with Tassel 53046,Gladdon,2025-09-26,2026-09-26,12.00%,53046.0,53046.0,0,800,false
"[B0BYVWNL4Z, B0FDKQY9P8, B0BYVW6PQV, B0F4KN61BD, B0FDKTKTWS, B0FDKV7FLK, B0FDKVYD2C, B0BYVW4J6J, B0FDKV31HL, B0BYVXQLQ1, B0FDKTD42M, B0BYVY716T, B0FDKRXMC6, B0BYVW35RK]",amzn1.campaign.3QO6VW6TIMT3A,"13x4 lace frontal, 4x4 lace closure, body wave, Earn 10% Commission",YIBUSI,2025-09-25,2026-09-25,10.00%,20000.0,19985.4,0,800,false
[B0F7QKTJZR],amzn1.campaign.29HL1RETVZ8TK,平板拖把头,BlomStorm,2025-09-26,2026-09-26,10.00%,5000.0,4990.11,1,800,false
[B0DJBL8H3V],amzn1.campaign.3ZVJ78DKJND2,Collaboration Opportunity-Mop Head Replacement-B0DJBL8H3V7,Nuorest,2025-09-26,2026-09-26,10.00%,5000.0,4995.8,20,800,false
[B0FDKMWPG7],amzn1.campaign.1FXHOADXUV81G,Collaboration Opportunity-Spin Mop Replacement Set- B0FDKMWPG74,Nuorest,2025-09-25,2026-09-25,10.00%,5000.0,4988.01,6,800,false
"[B0FMFPMV62, B0FMJZ8DVR, B0DXT92Q9V, B0F7QKTJZR]",amzn1.campaign.2AOUAU0S0IXKN,拖把配件+投影仪,BlomStorm,2025-09-25,2026-09-25,10.00%,10000.0,9951.44,0,800,false
[B0DJY4NQ5J],amzn1.campaign.2J84BM97GLFXF,Collaboration Opportunity-Mop Heads Replacements 2-Tank System-B0DJY4NQ5J6,Nuorest,2025-09-25,2026-09-25,10.00%,5000.0,4983.06,2,800,false
[B0F21D33KS],amzn1.campaign.1AE4UG5CQDCN3,Collaboration Opportunity-New Version Scrubber Mop Head-B0F21D33KS7,Nuorest,2025-09-25,2026-09-25,10.00%,5000.0,4997.3,3,800,false
"[B0CSD11N25, B0CSD2BWFL, B0CSCZJBTP, B0CSD3CX4C]",amzn1.campaign.2HG0FC37JOZV4,Gladdon Small Crossbody Bags for Women Nylon 48056,Gladdon,2025-09-26,2026-09-26,20.00%,48056.0,48056.0,0,800,false
"[B0DQXRLTW4, B0B38NZ18B, B0CH9HQB43, B08Z3QVCXM, B0C77MX13H, B09CDDBVDX, B0CSN3KZTW, B0D2VMM9JG, B0DQXLMJ1C, B0DS221PVP, B0DQXN4285, B0DQXMXJKN, B0DQXPGBC9, B0DQXN5F64, B08Z35NN2V, B0DQXPB73L, B0DQXNDSFD]",amzn1.campaign.2SMFNKQGYFJ4F,Gladdon Quilted Shoulder Handbags for Women 36065,Gladdon,2025-09-26,2026-09-26,12.00%,36065.0,35989.96,0,800,false
[B0F4XM5CJ7],amzn1.campaign.LSB7MAH6QFOF,Collaboration Opportunity-Spin Mop Replacement Set-B0F4XM5CJ76,Nuorest,2025-09-25,2026-09-25,10.00%,5000.0,4952.99,8,800,false
"[B0D9JJDNCV, B0D9JC9L92, B0BTSMJ8YP, B0833V6J9Z, B0BTSN63MV, B07SWZS6G5, B0BTSMHKVR, B0BTSMYT15]",amzn1.campaign.1QKY38YMWPGW0,Gladdon Crossbody Bag for Girls Cat Pattern 22670,Gladdon,2025-09-26,2026-09-26,12.00%,22670.0,22670.0,0,800,false
[B0DX1NCN29],amzn1.campaign.1OQCC3IPRVNWS,"Plan Smart, Plan Big: 18-Month Desktop Calendar Giveaway & Promotion!",VALOME,2025-09-25,2026-09-24,10.00%,5000.0,4997.18,0,800,false
"[B0D3DSTDSG, B0DCJ7TNPX, B0CWQ8353R, B0CWQ6FJQ5, B0DPPWV3RK, B0CWNWY3HV]",amzn1.campaign.2GAAFAKZW3RAS,Gladdon Womens Quilted Shoulder Handbags with Chian Strap 41336,Gladdon,2025-09-26,2026-09-26,12.00%,41336.0,41322.17,0,800,false
"[B0FQJFJTBD, B0FQJK4V2N]",amzn1.campaign.1V9FB9YMKJE57,Lightweight Lightweight Adjustable Crossbody Bag 40204,GLADDON MODA,2025-09-27,2026-09-27,12.00%,88888.0,88888.0,0,800,false
"[B0BWF3L377, B0BFHR4Q36, B0FCFRZTM9, B0FCFJW32S, B0F5WKBLS5, B0C65V78NF, B0BKK6BGBG, B0FCFN9BM5, B0FDWNPJ3H, B0BWF1WRZS, B0BWF2CDVD, B0FCFLQJPF, B0BKKCJNR2, B0FDWR7M9M, B0BWF4C2SP, B0BKJPYHKQ, B0BKJKQBD7, B0FCFHP8GZ, B0FCFMS2VC, B0FCFHPQCJ, B0BWF3BPLW, B0BWF38CZ6, B0BKK1PG3C, B0BKKBDTST, B0BKKCG7YH]",amzn1.campaign.RBWSL04NH49G,宠物urns2,LINES ARTE,2025-09-25,2026-09-25,10.00%,15000.0,14978.81,0,800,false
"[B0FD3H3C5V, B0FD2QMLJH, B0FD3FGJXX, B0FD3DRJ6K, B0FGM8QNW3, B0FKMWG5XG, B0FBFN672K, B0FD21VPRP, B0FD3C9RLS, B0F8B5KFW6, B0FJRH1GXJ, B0FGM2F9C5, B0FK9T5KMR, B0FJQG15GF, B0FD3656WL, B0FKMT4T7Q, B0FD3CGZ9X, B0FCY4F7BX, B0FF3ZSYV1, B0FGMW26BQ, B0FK9TBYK7, B0FJQNZY3S, B0FD2W9XVW, B0FC6K2RXK, B0FD38BLTX, B0FD347V6D, B0FBWQYRSC, B0FBWS3X6L, B0FD39NK5D, B0FBGHJWD3, B0FD3CYRND, B0FKB735XM, B0FDFYR4CH, B0FJQ8ZFLB, B0FD3FB8R9, B0FGN2JRBS, B0FKMXRCR1, B0FJRDK1YD, B0FBGHF3Y7, B0FJRHCX25, B0FCRPNGTK, B0FJRG8Q8Q, B0FBGH2ZGZ, B0FJRJD5H9, B0FGND3VNW, B0F89YLVMS, B0FC1TQGR9, B0FBWPRSV6, B0FK9WVK3B, B0FBFDQHKK, B0FDWMRCFT, B0FD39PWLH, B0FD3BLMDP, B0FK9SG5H3, B0FC6G6GG1, B0FD3BN6Z9, B0FJRDBFKG, B0FH65MPLZ, B0FDG3BH7V, B0FDG2GGSB, B0F8GR3N44, B0FDG893K8, B0FK9VTXHW, B0FD38TJD1, B0FBGHJB7X, B0FBGHZ8MR, B0FJRDT4K4, B0FD3H4QJ8, B0FKMTW2RK, B0FH69D6KM, B0FJRJZ8VB, B0FD3CN6MK, B0FD3CDTFB, B0FGMNX7Q6, B0FBG2R74W, B0FD3FTDJ3, B0FGJ2NV7Z, B0F9XRG7VB, B0FFMDH7FB, B0FD3BZTVR, B0FLX4L1P3, B0FD3CSRT7, B0FD2P4SJ4, B0F9PF7WXY, B0FD2T63VK, B0FJQVCMHB, B0FDFZWQPT, B0FGNLQR9Y, B0FDQMLBQ9, B0FGMXWLQF, B0FH67SY34, B0FD3BZC3Q, B0FJRH7SSD, B0FK9T7GLL, B0FDWDYG7R, B0FD3FCQDZ, B0FD24KRQL, B0FKB1MBKS, B0FD3CJ55C, B0FD3DS6H3, B0FHGS1NH9, B0FBWT5YRJ, B0FJQS86FV, B0FD2VSYKK, B0FH67KNLF, B0FH69J2BQ, B0F7QV56JX, B0FD3BLN47, B0FJBN3S4M, B0F9XQY9NK, B0FD3CFKTT, B0FC6H2F99, B0FD3DVBG5, B0FD1NL459, B0FBG6B676, B0FD3C4Q5L, B0FGMMSC8R, B0FJWBR3NS, B0F7QS16JP, B0F9DZCMSF, B0F9FHJMPM, B0FH675V2X, B0F8M43CGX, B0FGM8KKCQ, B0FK9QN5YG, B0FDG1B46J, B0FD3C9LJW, B0FBWSDDFT, B0FD3CHH64, B0FD3C4MJV, B0FD3F2RGM, B0FK9WQ285, B0FCRSS7NM, B0FGMJMCW4, B0FD3C3PTS, B0FD3CDYC5, B0FF3TPJKC, B0FD3DJMWV, B0FBWPRBHC, B0FD2G8KD8, B0FD3GFVN3, B0FGMN5RSL, B0FCRTKFDP, B0FK9TD4VH, B0FJRH2DHN, B0FKMVZ11T, B0FJQL6KCH, B0FBWTD1M9, B0FD3CDZW7, B0F7QX7ZQF, B0FD3BHCYF, B0FDQPY8SS, B0F7QFRYW3, B0FD3BR4FH, B0FG2C8VQL, B0FJQH7WBR, B0F9NXYCK8, B0FK4T6WSC, B0FDQQ56WD]",amzn1.campaign.3BIPPP2V4TLUR,Unleash Your Influence with AUTO OCCAISON: A Lucrative Partnership Awaits!,AUTO OCCASION,2025-09-25,2026-09-25,10.00%,5000.0,4950.81,4,800,false
"[B0FK4TBQDH, B0FK4WCJ5D, B0FK4Y66JX, B0FK51SJG1, B0FK4YWGRZ, B0FK4Y6KB7, B0FK4W68YB, B0FK4ZD4M4, B0FK4YHNDJ, B0FK4YB9YM, B0FK4Y542J, B0FK4Z4GGY, B0FK4XFPDV, B0FK4ZFSLZ, B0FK513BWN, B0FK4YGPMH, B0FK4XDYW4, B0FK4WP758, B0FK4Y14LG, B0FK4YD7LT, B0FK4Y7C3L, B0FK4YGYGQ, B0FK4ZSJMW, B0FK4YZNRN]",amzn1.campaign.1JXF2B07AQPDV,YMN00119 Womens Chunky Fuzzy V Neck Button Cardigan-15% Commission,Yimoon,2025-09-25,2026-09-25,15.00%,5000.0,5000.0,0,800,false
"[B09QKGS6QF, B0CY3PFM4W]",amzn1.campaign.JT3VGLN9EEV6,Easy DIY Toilet Upgrade with🚽 Toilet Flange Repair Kit,MENNTY,2025-09-25,2026-09-25,10.00%,5000.0,4998.23,14,800,false
[B0FQJK5XC4],amzn1.campaign.2O63013SITPDN,Gladdon Moda  Quilted Crossbody Bag with Chain Strap  Grey 37619,GLADDON MODA,2025-09-26,2026-09-26,12.00%,8888.0,8888.0,0,800,false
"[B0DYJSL2FV, B0DYJ2V5F1]",amzn1.campaign.7Z95D733N8O4,Frog Toilet Bolt Covers Decorative-Commission rate 12%,MENNTY,2025-09-25,2026-09-25,12.00%,5000.0,4995.8,4,800,false
"[B0FH3XS3LS, B0FH4M7MC2, B0FH44CVQY, B0FH49SX43, B0FH42XPC5, B0FH493BPR, B0FH4PQY2F, B0FH4PS893, B0FH43QWLC, B0FH49YLKW, B0FH472BKK, B0FH463354, B0FH4BL53W, B0FH4MJV3D, B0FH43KCHT, B0FH4K3YBP, B0FH467PRC, B0FH4PWBCJ, B0FH3XLCW1, B0FH4681CQ]",amzn1.campaign.CE3MILECLD99,Promote Our Fluffy Fleece Pajama Set & Earn 15% Commission! YMN00117,Yimoon,2025-09-25,2026-09-25,15.00%,5000.0,4736.03,0,800,false
"[B0FBQZW1P9, B0FBM1SHR1, B0FBM1P5RK, B0FBM242FV, B0FBM18X5H]",amzn1.campaign.6AK4Y46R30CG,SODQW Night Driving Glasses NV22526,SODQW,2025-09-25,2026-09-24,10.00%,500000.0,499999.5,0,800,false
"[B0FPM5DLNN, B0FPM4R8H6, B0FPM1V8D2, B0FPM5YJVZ, B0FPM3BCPD, B0FPM47Z2L, B0FPM484WJ, B0FPM5XRJX, B0FPM2RTDM, B0FPM3825F]",amzn1.campaign.25D84N01U1LXH,Comfortable and breathable 4-pack T-shirts(Z63),SPSHODOW,2025-09-25,2026-09-25,20.00%,200000.0,200000.0,0,800,false
"[B0F47G1Y12, B0F47J4FRS, B0F47PS6LH, B0F47HQYPT, B0F47MLJJ9, B0F47MLV7S, B0F47GX32S]",amzn1.campaign.26UAXCY17T530,SODQW Sunglasses SG2848,SODQW,2025-09-25,2026-09-25,10.00%,500000.0,499999.0,11,800,false
"[B0FCFJVGTJ, B0FCFF342N, B0FCFJ25YB, B0FCFGQK11, B0FCFDWSL4]",amzn1.campaign.11S164EQ3EWWS,SODQW Sunglasses SG8520,SODQW,2025-09-25,2026-09-25,10.00%,500000.0,500000.0,0,800,false
"[B0FF47TKGC, B0FF4D19BV, B0FF4BF5KM, B0FF49SM6N, B0FF4BVG6R, B0FF4C28W9, B0FF4BBGKB]",amzn1.campaign.QV5SSPEFY1CY,SODQW Sunglasses SG108,SODQW,2025-09-25,2026-09-25,10.00%,500000.0,500000.0,11,800,false
"[B0C4GKY1C1, B0C4GJS99J, B0C4GKDX49, B0C4GKHC48, B0C4GKBRJ4, B0C4GKGGT6, B0C4GL3GM8, B0C4GJXKFM, B0C4GL2N8D, B0C4GL4V4Z, B0C4GJSZFQ, B0C4GKGYLF, B0C4GLBB2P, B0C4GLBB2K, B0C4GKL9NT, B0C4GK7TD2, B0C4GKBJYR, B0C4GJNJM9, B0DJ2RN7JT, B0DJ2RLW19, B0C4GKSC2W, B0C4GKSWC5, B0C4GLFPP3]",amzn1.campaign.17SA8QVBPNU3H,Kids' Ankle Socks - Soft & Stretchy,Sunew,2025-09-26,2026-09-26,10.00%,5000.0,4995.98,0,800,false
"[B08X47LL7V, B0DZCGBPJT, B0DZCD4HW3, B07ZV2HQL4, B0DZCCQZV1, B08MZG4DD7, B07RX715XR, B07ZV366T9, B07RY8QNK6, B08MZQXR2F, B07RY8K1ZV, B08NWTQFVT, B0DZCDV9BB, B07RZ6H3NC, B0836JJ9KF, B08MZQFX85, B08XHBCLTT, B07RX6Z7RW, B07S194TBM, B07S18TYHN]",amzn1.campaign.2DBOV417FECRZ,Low-Cut Bamboo Socks - Moisture Wicking,Sunew,2025-09-26,2026-09-26,10.00%,5000.0,5000.0,0,800,false
"[B07RZ6ZJ16, B07RY8RQSK, B07RY8PWMM, B07X3G9TG9, B07ZV32MH7, B07ZCRJ47B, B07RZ7NBGC, B08DKLQC64, B0DRG2GX1N, B085RMRFTF, B07RX6YVGR, B08DKM3YNM]",amzn1.campaign.YU8EBD32XUK,Bamboo Crew Socks - All-Season Wear,Sunew,2025-09-26,2026-09-26,10.00%,5000.0,4993.1,6,800,false
"[B0CWZW27DF, B0CCD3RK1L, B0F9DPMK24, B0CCD3YZ6H, B0F3X9YZ3X, B0CX18SDHG, B0CX14YV4B, B0CX1CVGB9, B0CCD4THV7, B0CCD196ZZ, B0DBZ6SGC7, B0F9DDYXSK, B0CX1JCTDJ, B0CX1D1HRD, B0CCD5RL9Z, B0F8B15Q85, B0DN12TV4B, B0CCD18L7X, B0F59CSK5V, B0CX16QJD2, B0F3X6YCY3, B0CCD3CB4M]",amzn1.campaign.3H1JZ4NF0AW8W,Five-Toe Design - Enhanced Breathability,Sunew,2025-09-26,2026-09-26,10.00%,5000.0,4998.0,7,800,false
"[B0FP95XGL2, B0FP8NYXSL, B0FP965XTM, B0FP981TWJ, B0FP95ZDTN, B0FP984L7K, B0FP8P2JKQ, B0FP2C4BKL, B0FP98RK5Y, B0FP88XHMP, B0FP87S4SV, B0FP97WCJK, B0FP2D68HN, B0FR8VC4D9, B0FP94WCG9, B0FP2B4YLT, B0FP8KDRV9, B0FP96KYW9, B0FR8VFBQJ, B0FR8P6SKF, B0FP8RLJ3R, B0FP95Y8TQ, B0FP8KLDH3, B0FP2BM57Y, B0FP811SCF, B0FR932C17, B0FP8BQ1GK, B0FP97MH6L]",amzn1.campaign.2LUCNT3KMA31E,"100% Human Hair Bundles,Multiple Washes Keep Texture Soft & Silky, Healthy  8",UpSuper,2025-09-27,2026-09-25,10.00%,768789.0,768789.0,0,800,false
"[B08MZPK9PM, B07YYWLZR2, B0C3V5ZQB2, B07YYWRPD5, B07TLLVMB3, B07S161SXY, B07TLL8DNX, B08HZ17K1V, B07RWL91MD, B08MZHC9VM, B07YYWLJW9, B08MZG842N, B07RX3VDW6, B099S4WDH5, B08MZDH3K4, B07RX6QJ8N, B07RZ6KFRZ, B07TKLPJJG, B095HC19JF]",amzn1.campaign.14FIJ671B7854,No-Show Bamboo Socks - Lightweight Fit,Sunew,2025-09-26,2026-09-26,10.00%,5000.0,5000.0,0,800,false
"[B0CWTXS7J1, B0CWTZPRZF, B0CWTZNXDK, B0CWTXYN8R]",amzn1.campaign.O5CFS3VIBED1,5 Pcs Jumbo Door Stoppers for Floor Rubber Door Stop Wedge Floor Black,Olutacot,2025-09-25,2026-09-25,10.00%,5000.0,4993.6,1,800,false
"[B07WCVRG29, B0BQYC3Q2D, B07WD961Q3, B07WD8ZTLR, B07WD9SX7K, B07WFCS61J, B0B1PLM14L, B07WMFWFCT, B07WD9D1YJ, B0C53BLV1R, B07WCVC6K7, B07WD92JNH, B0BQYB75D7, B07WFD6ZKX, B0BQYBKS3B, B07WD7ZLCY, B0B1PGQNB2, B07WCTCV6F, B07WCV9DFS, B07WCVK391, B07WD96CTT, B07WFD6ZL1, B07WD9HP7Y, B07WCVGX7N, B07WD9QWKJ, B07WCVKMNS, B07WD8D4KW, B0B1PJHPKF, B07WD9KWQ5, B07WD9VWGW, B0BQY9XC8C, B0BQYBJ87L, B07WCVKHF9, B07WCV5WRZ, B07WD9GBML, B07WD9GM2G, B07WD947SS, B07WD8VX6Y, B07WCTDJWX, B07WJK1FTB, B07WFCKVHC, B0C53BW7P8, B07WD9XY32, B07WCVG33P]",amzn1.campaign.1FH2HR3XYF14R,Training Socks - Lightweight Support,Sunew,2025-09-26,2026-09-26,10.00%,5000.0,5000.0,2,800,false
"[B0FP95XGL2, B0FP8NYXSL, B0FP965XTM, B0FP981TWJ, B0FP95ZDTN, B0FP984L7K, B0FP8P2JKQ, B0FP2C4BKL, B0FP98RK5Y, B0FP88XHMP, B0FP87S4SV, B0FP97WCJK, B0FP2D68HN, B0FR8VC4D9, B0FP94WCG9, B0FP2B4YLT, B0FP8KDRV9, B0FP96KYW9, B0FR8VFBQJ, B0FR8P6SKF, B0FP8RLJ3R, B0FP95Y8TQ, B0FP8KLDH3, B0FP2BM57Y, B0FP811SCF, B0FR932C17, B0FP8BQ1GK, B0FP97MH6L]",amzn1.campaign.2XGTUF36O5Z33,Upsuper Hair Bundles Are Your Preferred Human Hair Bundles Brand 6,UpSuper,2025-09-29,2026-09-26,10.00%,668998.0,668998.0,0,800,false
"[B0CBRMB7BY, B092D6R4L2, B0C8NKCPS2, B0BW87TG6F, B092D5K1BC, B0C8176GJQ, B0CW2Q414S, B0BW89P2RT, B092D7BHJK, B0CWG4ZLXC, B092D83DWM, B092D6RMMX, B092D4TTTR, B092D63N5D, B0BW896VMK, B092D6987Z, B0CW2MP1T6, B0BW8BZ3QR, B092D8PW6C, B0BW89C27R, B0CWGF93MM, B092D6BCJF, B092D6SS2J, B0CQZHVPXY, B0BW8BVDWQ, B0BW87XJ5S, B0CW2QPRZ5, B0CQZH81H8, B0CWGQKFFS, B0CW2NNN5L, B092D6NS26, B0CW2PJ152, B0BW8C5M4N, B092D61JNP, B092D8C988, B0CW2HL7GP, B0BW8BK4SY, B092D8X9X9, B0CWGMQZVH, B0CBRKHBST, B092D78MMF, B0BW899YW1, B0BW88PDPS, B092D6F9Y1, B092D5QFFL, B092D7M73M, B0BW89ZNN5, B0BW8BN574, B0BW8BBCJR, B0C818PYWT, B0BW89RB51, B092D7PQ9J, B0BW89KXZH]",amzn1.campaign.2MOP57ISYX6SJ,Athletic Knee-High Socks - Breathable,FOOTPLUS,2025-09-26,2026-09-26,10.00%,5000.0,5000.0,0,800,false
"[B084P3QFY8, B074YXS9HZ, B07D8Q83X8, B07NXY4J4H, B07TC865Z4, B074YYSJ5M, B099RLYJBH, B07V6772J2, B084P7FLBR, B074Z28X2Z, B07B2H2658, B07TC51J2X, B07CMNKBTG, B07RJJ159V]",amzn1.campaign.1LAOHFBCV9X2V,Athletic Copper Socks - Performance Wear,FOOTPLUS,2025-09-26,2026-09-26,10.00%,5000.0,4996.06,0,800,false
"[B07K34HWFS, B07V21QP9Q, B07VQCWN3F, B07K32T5RP, B07K33G7BX, B07VV256VJ, B07CNDJQ6G, B07CML68R1, B07V1ZLWHB, B07K33FQ7Q, B07CMNLF5Q, B07VW2ZG9T, B07K32DS9Y, B07K33QK2R, B07K32FX97, B07V32C7ZJ, B07K33749N, B07VW6871W, B07K32ZS24, B07K33BDSH, B07MLVSG65, B07MSCVKX8, B07WCP6QXF]",amzn1.campaign.26L8NY1U75CRL,Daily Copper Socks - Foot Care,FOOTPLUS,2025-09-26,2026-09-26,10.00%,5000.0,4998.2,8,800,false
"[B07K31DCD6, B07CXSY5Y2, B07VSL4SNM, B08Z6TMWFQ, B08Z7GQJPN, B07P285HZW, B07BBLXN14, B07TZM99WP, B07V318JPP, B08Z7YS1XT, B074YYFD3G, B07V1LBP3X, B07RG9Q7TS, B074YXTGRR, B08Z76PFHW, B08Z7SWH3M, B07C13KGDT, B07PVGJCKW, B08Z85TJS7, B07WF827TP, B074YYNS1W, B07P4F1FB4, B07NLR4QCZ, B074Z1QM64, B07VQD5SKS, B074Z3L7TJ, B08Z7X8MRZ, B07W9LZ8YL, B07K32BCJX, B07NM2HBPN, B08Z7GCPTQ, B07V1LD3M2, B07V33CW1W, B07WD4CJ8Q, B07CZZGHY6, B07K32L1BW, B07C2DY5NM, B084P6NGHP, B07BBSJ9HW, B07NLZ1HFV, B07RJGQ178]",amzn1.campaign.342XFXR9LDU7A,Copper Fiber Socks - Breathable Comfort,FOOTPLUS,2025-09-26,2026-09-26,10.00%,5000.0,4994.1,0,800,false
"[B0FP95XGL2, B0FP8NYXSL, B0FP965XTM, B0FP981TWJ, B0FP95ZDTN, B0FP984L7K, B0FP8P2JKQ, B0FP2C4BKL, B0FP98RK5Y, B0FP88XHMP, B0FP87S4SV, B0FP97WCJK, B0FP2D68HN, B0FR8VC4D9, B0FP94WCG9, B0FP2B4YLT, B0FP8KDRV9, B0FP96KYW9, B0FR8VFBQJ, B0FR8P6SKF, B0FP8RLJ3R, B0FP95Y8TQ, B0FP8KLDH3, B0FP2BM57Y, B0FP811SCF, B0FR932C17, B0FP8BQ1GK, B0FP97MH6L]",amzn1.campaign.1DPYQLMPV11KI,"UpSuper Deep Wave Human Hair Bundles 15A Raw Bundles Human Hair,100g/Bundle 5",UpSuper,2025-09-28,2026-09-26,10.00%,677788.0,677761.0,0,800,false
"[B0FCS763JH, B0FCS4ZFZ3, B0FLC8J8LR, B0FCS6XVM9, B0FKSXZMZH, B0FCS6X5M9, B0FL1NZ19M, B0FCS4VMSQ]",amzn1.campaign.VHU8KZ5FUWCF,Above Ground Pool - Easy Assembly,Hanjet,2025-09-26,2026-09-26,10.00%,5000.0,5000.0,10,800,false
"[B0F937XXZG, B0F937PZCS, B07PRVW11N, B07PQQFBLD, B0F939BW22]",amzn1.campaign.192H5XQUBRZ1O,Advanced Material Mats - Innovative Design,ChaoJin,2025-09-26,2026-09-26,10.00%,5000.0,5000.0,2,800,false
"[B0F5V38J3Q, B07Q1X6GHT, B079HJM65T, B079HFFQJ5, B07PWF6G9V, B079HJ42TG, B079HMT5RC, B0DZGWX146, B0F5Q6JWC9, B0DZH3VWSL, B0DZH35J4H, B0DZH6R3FG, B0DZH34LRH, B0DZH389H4, B0F5Q7VGMK]",amzn1.campaign.OBFQZ5GLYIJJ,Waterproof Covers - Reliable Shelter,ChaoJin,2025-09-26,2026-09-26,10.00%,5000.0,5000.0,7,800,false
"[B0FH2WY3CR, B0FH2RPGFK]",amzn1.campaign.255BORCSI7MO6,Sales exceed one million - The most beloved travel pillow of everyone 2,Keemall,2025-09-25,2026-09-25,18.00%,10000.0,9729.84,0,800,false
"[B07M8QLGFZ, B07M98CD5D]",amzn1.campaign.1MPVIFSI0YY9V,[20% Commission]  Brush Roll Compatible with Bissell Crosswave 1785 1866 Series,Fre.Filtor,2025-09-25,2026-09-24,20.00%,20000.0,19936.68,0,800,false
[B0CX1B1TKX],amzn1.campaign.1S1MDSMFFNEHY,6 pcs Cruise Ship Magnetic Whiteboard,Olutacot,2025-09-25,2026-09-25,10.00%,5000.0,4971.5,0,800,false
"[B0FLL6J5DC, B0FHZY417J, B0FHZD6HDT]",amzn1.campaign.FR7ZLLKPE68O,Matcha Moments – Gift-Worthy Japanese Tea Set 🎁🍵,Rzoklot,2025-09-25,2026-09-24,10.00%,5000.0,5000.0,3,800,false
"[B0FL1JVVLY, B0FL1MXM7P, B0FL1NS5ZH]",amzn1.campaign.2PG3QM274DMS0,WANDER Womens Fashion Slouch Socks 3 Pairs,WANDER,2025-09-25,2026-09-25,10.00%,5000.0,4983.68,0,800,false
"[B0FP95XGL2, B0FP8NYXSL, B0FP965XTM, B0FP981TWJ, B0FP95ZDTN, B0FP984L7K, B0FP8P2JKQ, B0FP2C4BKL, B0FP98RK5Y, B0FP88XHMP, B0FP87S4SV, B0FP97WCJK, B0FP2D68HN, B0FR8VC4D9, B0FP94WCG9, B0FP2B4YLT, B0FP8KDRV9, B0FP96KYW9, B0FR8VFBQJ, B0FR8P6SKF, B0FP8RLJ3R, B0FP95Y8TQ, B0FP8KLDH3, B0FP2BM57Y, B0FP811SCF, B0FR932C17, B0FP8BQ1GK, B0FP97MH6L]",amzn1.campaign.2D6U6U4Z1N57V,UpSuper Curly Bundles Human Hair Deep Wave Bundles Human Hair  3,UpSuper,2025-09-27,2026-09-26,10.00%,848888.0,848836.0,0,800,false
"[B0FP95XGL2, B0FP8NYXSL, B0FP965XTM, B0FP981TWJ, B0FP95ZDTN, B0FP984L7K, B0FP8P2JKQ, B0FP2C4BKL, B0FP98RK5Y, B0FP88XHMP, B0FP87S4SV, B0FP97WCJK, B0FP2D68HN, B0FR8VC4D9, B0FP94WCG9, B0FP2B4YLT, B0FP8KDRV9, B0FP96KYW9, B0FR8VFBQJ, B0FR8P6SKF, B0FP8RLJ3R, B0FP95Y8TQ, B0FP8KLDH3, B0FP2BM57Y, B0FP811SCF, B0FR932C17, B0FP8BQ1GK, B0FP97MH6L]",amzn1.campaign.2QG8EGXQX7413,Deep Wave Bundles 15A Bundles Human Hair No Tangle Shedding Triple Lifespan 2,UpSuper,2025-09-25,2026-09-25,10.00%,778788.0,778788.0,0,800,false
"[B0F43SDJHW, B0F48CKCSM]",amzn1.campaign.3LGCMH502CM46,Sowlvenco's Vintage Farmhouse Glass Vase Set Creator Collaboration Programet,Sowlvenco,2025-09-25,2026-09-25,10.00%,1000000.0,999996.4,0,800,false
"[B0FP95XGL2, B0FP8NYXSL, B0FP965XTM, B0FP981TWJ, B0FP95ZDTN, B0FP984L7K, B0FP8P2JKQ, B0FP2C4BKL, B0FP98RK5Y, B0FP88XHMP, B0FP87S4SV, B0FP97WCJK, B0FP2D68HN, B0FR8VC4D9, B0FP94WCG9, B0FP2B4YLT, B0FP8KDRV9, B0FP96KYW9, B0FR8VFBQJ, B0FR8P6SKF, B0FP8RLJ3R, B0FP95Y8TQ, B0FP8KLDH3, B0FP2BM57Y, B0FP811SCF, B0FR932C17, B0FP8BQ1GK, B0FP97MH6L]",amzn1.campaign.2VLU0RGU65S9M,Deep Wave Bundles Human Hair ew In Quick Weave 100% Human Hair Bundles 1,UpSuper,2025-09-26,2026-09-26,10.00%,888888.0,888858.0,0,800,false
"[B0DMN4G39J, B0DMNQ9NJM]",amzn1.campaign.2KIKHUE0X4YV3,"charred wooden whiskey glass , gifts for whiskey lovers",HWISDMIG,2025-09-25,2026-09-25,16.00%,6000.0,5888.68,0,800,false
[B0F291Y5WR],amzn1.campaign.2MH3IFCIPBHZ5,Light Up Your Ride! Promote Our 4.8★ RGBW LED Rock Lights & Earn 10%,LPNSADK9,2025-09-25,2026-09-25,10.00%,1000000.0,1000000.0,0,800,false
"[B0DJ5K64LP, B0DKD32SG8, B0DKD2S1D7, B0DJ5JQMKT, B0DJ5K1FGK, B0DJ5KSTJV, B0DJ5KDWNM, B0DKD3S7C2, B0DKD3KDC6, B0DJ5KPNBD, B0DKD35K2D, B0DKD3JJQB, B0DJ5KV5GK, B0DJ5J9Z4Q, B0DJ5JNKK6, B0DJ5JT95Y, B0DKD469ZK, B0DKD2XPH2]",amzn1.campaign.3P0QTXRM9N5E8,Gold Sphere Post Lights: Elevate Outdoor Spaces & Earn 10% Commission! ✨,Flybling,2025-09-25,2026-09-25,10.00%,1000000.0,1000000.0,0,800,false
"[B0DTGCSVX3, B0DTGDHDWK, B0DTGD9GGK, B0DTGD2NWP, B0DTGDM6FZ, B0DTGCJ2JV, B0DTGDQM5Z, B0DTGD94TV, B0DTGD3ZP4, B0DTGDQ6WJ, B0DTGDXZKC, B0DTGF8KCR, B0DTGDSXBK, B0DTGD35ZR, B0DTGDSZNQ, B0DTGD4W9R, B0DTGDVX18, B0DTGFFR44, B0DTGDPGZM, B0DTGC2QVY, B0DTGDVWXV, B0DTGFYW1R, B0DTGCDZRQ, B0DTGDW1TS, B0DTGDYZWL]",amzn1.campaign.2W7ED8NLMNKLB,10% commission Mens Casual 2 Piece Outfits Cool Oversize Loungewear Pajama Set,lexiart,2025-09-25,2026-09-25,10.00%,1000000.0,999944.84,0,800,false
[B0F2MSLJ8S],amzn1.campaign.1D2KPTMIWCPQ3,"Patent Pending! Luxe Gold Trim Purse Stand Collab (14-24"" Adjustable)",SHUNKAIZS,2025-09-25,2026-09-25,10.00%,1000000.0,1000000.0,0,800,false
"[B0CJRDMKMV, B0CJRCZCMC, B0CJRF9GXG, B0CJRDP9R7, B0F4DCDLK9, B0F4D63QT8, B0F4D92TL1, B0F4D3RFWM, B0CJRD1PG1, B0CJRF92SG, B0CJRF21ZX, B0CJRF23PK, B0CJRCXKML, B0CJRDJ357, B0CJRF5FM7, B0CJRDD65J, B0CJRF2N6K, B0F4D7SXQ4, B0CJRDTCS1, B0CJRFC69L, B0CJRF87Q6, B0F4D8L1VR, B0CJRF23P8, B0CJRCFXY1, B0CJRFTVRG, B0CJRDMKMG, B0F4D64MZ9, B0CJRCCJV3, B0CJRFWRR8, B0F4D1YX6H, B0CJRG4LRB, B0CJRDJBD8]",amzn1.campaign.2AQRARBY5HU9H,"Dsource Over Knee Sport Soccer Basketball Tube Socks, commission rate 10%",DSOURCE,2025-09-25,2026-09-25,10.00%,5000.0,5000.0,2,800,false
[B0F2MTKYQ9],amzn1.campaign.1SBSHTJM6QVRY,Elevate Your Bag Display! Collab on Adjustable Purse Stands (10% Commission),SHUNKAIZS,2025-09-25,2026-09-25,10.00%,1000000.0,1000000.0,0,800,false
"[B0D7CH35TY, B0D7CGPZ7V, B0D7CHBH16, B0F1CJPB1Q, B0D7CHC5NR, B0F839M6LH, B0D7CF2V7J, B0D7CJ381D, B0D7CHL75Y, B0F1CNSL1T, B0D7CFKRV8, B0D7CJ5NMF, B0D7CHYBNM, B0D7CJSVZZ, B0D7CH2QTN, B0F1CM6V4X, B0D7CJ263D, B0D7CDVNNF, B0F48FZQYK, B0DWRRRDVW, B0D7CJ6R3D, B0D7CGHVNR, B0D7CG6P2Q, B0F1CPR27G]",amzn1.campaign.2X4258ALYK3FU,"Forfoot Platform Slippers, Fluffy Snow House Slippers commission rate 10%",Forfoot,2025-09-25,2026-09-25,10.00%,5000.0,4951.92,0,800,false
[B0DBH4V77S],amzn1.campaign.23V5J9O23N9MY,Umbrella Straws for Drinks,Girla,2025-09-25,2026-09-25,20.00%,50000.0,49999.14,0,800,false
[B0FP4MGS49],amzn1.campaign.2QS7CC8JC52E6,🔥 Collaboration Invitation – Make Your Audience Safer (and Earn!),Bluevortex,2025-09-25,2026-09-24,10.00%,99999.0,99438.65,0,800,false
"[B0CCY67SK4, B0D2ZLWXYT]",amzn1.campaign.2OHZ8OU0PDYAH,"PLAY 10 Kids Play Tent, Toddler Toys Outdoor Playhouse  commission rate 10%",PLAY 10,2025-09-25,2026-09-25,10.00%,5000.0,5000.0,0,800,false
"[B0FMRFKQPC, B0FMRCTV93, B0FMRCT66N, B0FMRGJXH4, B0FMRDXTMZ]",amzn1.campaign.11ZAF1M6XNIRF,Kids Polarized Sports Sunglasses 10%Commission,RSQQAV,2025-09-25,2026-09-25,10.00%,60000.0,59919.06,0,800,false
[B0CXDBPQ51],amzn1.campaign.1MZUAR6BF47FP,64 Sets Baby Shower Small Bears Bulk 4.72 Inch Tiny Plush Bear Party Favors,Olutacot,2025-09-25,2026-09-25,10.00%,5000.0,4972.7,0,800,false
"[B09VRSN288, B09VRRBH6Y, B09VRY2YF1]",amzn1.campaign.TPA8UQQKN0UU,创作者：straight 3条 16-20 20-24 22-26,WOWQUEEN,2025-09-25,2026-09-24,10.00%,200000.0,199815.14,0,800,false
[B0F3GX4L9G],amzn1.campaign.1ZIT1S26550PZ,Monthly sales 3K+ pcs 20%commission for Electric Scissors+ B0F3GX4L9G,Zeleki,2025-09-25,2026-09-25,20.00%,5000.0,4927.87,0,800,false
"[B0DKBV19NX, B0DKBGPLW2, B0DKBJRH9J, B0DKBGVBJW, B0DKBHV76Z, B0DKBH6Q51, B0DKBJ6NM3, B0DS5HRXYK, B0DKBHX3BB, B0DKBGRZWZ, B0DKBH738C, B0DTF7CJSL, B0DKBHZJGL, B0DKBH6YDF, B0DKBHVV14, B0DK926BMR, B0DKBHGKS6, B0DKBGLDCC, B0DKBH4R9W, B0DKBGWVNN, B0DKBGTBMY, B0DKBGWVNP, B0DKBH696L, B0DKBH385F, B0DKBHGJ3M, B0DKBGWZ3G, B0DKBHJ73V, B0DKBJDRJ3, B0DKBH16LG, B0DKBH88LY, B0DKBJ1TT6, B0DKBGG91K, B0DKBH6BJD, B0DKBHFNQ5, B0DTGN38NZ, B0DKBHBJ7W, B0DKBH2GZT]",amzn1.campaign.2CM04KXOU755U,POJUSASI:Earn 12% commission and promote our Italian Leather Apple Watch Bands!,POJUSASI,2025-09-25,2026-09-25,12.00%,10000.0,10000.0,0,800,false
[B0F9WRMDG6],amzn1.campaign.2IGBTL01MZ5XV,"20% Commission – NEWTACNA 4 1/2"" Diamond Cut-Off Wheels for Metal (3 Pack)",NEWTACNA,2025-09-25,2026-09-25,20.00%,10000.0,9995.2,0,800,false
"[B0B1Q59F5P, B0B9N25DWB, B0C9V35FQ2, B0BJ2LLX8J, B0C9V18BP5, B0B1Q524B1, B0B1Q5RKCL, B0B1Q42LGM, B0B1Q5D933, B0BKTJKBX4, B0B1Q562F7, B0BKTGLGXN, B0DD3HMTFB, B0DD38L59B, B0BKTF5YVY]",amzn1.campaign.Y028F4TN3WFE,🌟Handcrafted Lightweight Backpack-Perfect for Work & Daily(Earn 12% commission),NOBLEMAN,2025-09-25,2026-09-25,12.00%,10000.0,10000.0,0,800,false
[B0DFX1C1Q1],amzn1.campaign.19UP360HATHWX,Bracelet Making Kit commission 10%   When: September 25 to November 30,QDGMXIV,2025-09-25,2026-09-25,10.00%,10000.0,9998.15,8,800,false
"[B0FM82Q74J, B0F9PF1BK1, B0F9PJC24W, B0FJ8SXGZG, B0DJVNGGS1, B0DJVMV45N, B0DJVRW211, B0FM832RNB, B0DJVTGSHX, B0DJVSMFFT, B0DJVRS4J5, B0DJVRRPV8, B0DJVSJ45H, B0FNCVDP1L, B0DJVTS446, B0FMJVQLQ3, B0DJVSC29J, B0DJVSM27Q, B0DJVS9K25, B0DJVSQ7ZV, B0DJVT9BQL, B0DJVNFLCW, B0DJVRN4FW, B0DJVRVVDS, B0FJ8PWHQG, B0DJVPRC9V, B0DJVR7GGS, B0DJVQWX15, B0DJVTDC4X, B0F9PJYF48, B0DJVRQTXC, B0DJVRGTFY, B0DJVRYTH6, B0FNJFZLWC, B0F9PHFFN8, B0DJVNMKGC, B0DJVSPPJH, B0FJ8MDPP1, B0DJVQQCFF, B0DJVRX3MS]",amzn1.campaign.2VXYDIPRZXRLP,"✨Biggyboom:Hey ,come to earn 12% commission by promoting our apple watch band！",Biggyboom,2025-09-25,2026-09-25,12.00%,10000.0,10000.0,4,800,false
[B0D6JW9M5Z],amzn1.campaign.1EV77FLA6JSQU,commission 10% B0D6JW9M5Z vegetable cutters  When: September 25 to November 30,QDGMXIV,2025-09-25,2026-09-24,10.00%,20000.0,19998.0,0,800,false
"[B0DK96T65K, B0DK966K9N, B0DK97VZP6, B0FPL3S2BH, B0DK97YZPS, B0DK95K5HB, B0DK8Q3PT1, B0DK98BZM3, B0DK9794D9, B0DK97V89Y, B0DK96SGFZ, B0DK98R111, B0DK95XP9Y, B0DK985MWY, B0FNQB1QPB, B0DK971PYY, B0DK981HN2, B0FMRMSLTJ, B0FMJ4PSGL, B0DK982BVS, B0FND7P58R, B0DK979ZV2, B0DK96S8TG, B0DK97Q4BG, B0DK976KKG, B0DK97K9VT, B0FP899TJS, B0DK999X8H, B0DK9726F6, B0FMDN52YK, B0DK9B8MFK, B0FNJGNBKC, B0DTF7T4R6, B0F1CRZX4J, B0DK96JZPM, B0DK97FF3J, B0FND71C24, B0FPWTPS8Y, B0DK97FB81, B0DK979YJG, B0FJFF3GC4, B0DK981CTW, B0FJFBKPHY, B0FNJ5G51S]",amzn1.campaign.1TUQUXD0193NH,"Hey,come on:Earn 12% Commission Promoting Luxury Italian Apple Watch Bands! 💰",Ovawda,2025-09-25,2026-09-25,12.00%,10000.0,10000.0,0,800,false
"[B09BG93FMF, B0CVNL2QC3, B0CLQB5VCR, B09BG78QHM, B0DJGHW6T1, B0DNV1YR97, B0CVLX32BM]",amzn1.campaign.2325M3TF2PRTU,Chuga Shilajit Resin & Tablets –  Ancient Power - Save 50% ⚡,Chuga Shilajit,2025-09-25,2026-09-25,25.00%,20000.0,19972.5,0,800,false
[B0DPGP3R44],amzn1.campaign.2RDGUL00ZLPPD,Chuga Super Greens –  Nature’s Vital Fuel – 50% Off 🌍,Chuga Shilajit,2025-09-25,2026-09-25,25.00%,20000.0,20000.0,0,800,false
[B0DPJNM62K],amzn1.campaign.2QYN0OGYWRAWI,"Chuga Collagen & Colostrum – Ageless Glow, Half the Price - 50% OFF 🌟",Chuga Shilajit,2025-09-25,2026-09-25,25.00%,20000.0,20000.0,0,800,false
"[B0F9FSBQPG, B0F9J749H7]",amzn1.campaign.10ANVXX0TG6N5,"30% commission, 7-piece grip strength set.",NILAIWO,2025-09-25,2026-09-25,30.00%,50000.0,50000.0,0,800,false
[B08HM7KQMC],amzn1.campaign.27HZ0INJD0BM9,"B08HM7KQMC – Aromasong RAW Dead Sea Salt with Lavender (2.43 lbs, Not Cleaned)",Aromasong,2025-09-25,2026-09-24,15.00%,1000000.0,1000000.0,0,800,false
[B0B25HW7W3],amzn1.campaign.3DJL2PFBTX2DX,B0B25HW7W3 – Aromasong Dead Sea Salt with Lavender (19 lbs),Aromasong,2025-09-25,2026-09-25,15.00%,1000000.0,999983.08,0,800,false
"[B0FDFLKQBK, B0FDKLM1SH]",amzn1.campaign.386FLTEJL8EA2,Monthly sales 9000+ | 10% commission | B0FDKLM1SH| GLP-1 Patches | Limited-time,ZXNZX,2025-09-25,2026-09-25,10.00%,5000.0,5000.0,20,800,false
[B0CM7PPCNK],amzn1.campaign.2804DGSCIST2J,Creators Wanted 💦 20% Per Sale + FREE Sample. Spa at Home with Foot Bath Basin,FIVONA,2025-09-25,2026-09-25,20.00%,200000.0,200000.0,0,800,false
[B0CZVWD1RR],amzn1.campaign.34MDWEKWK0L6I,B0CZVWD1RR – Aromasong Dead Sea Salt with Lavender (14 oz.),Aromasong,2025-09-25,2026-09-25,15.00%,1000000.0,999998.65,0,800,false
[B09LZ9QR5C],amzn1.campaign.2UUQVMHU0SQTJ,B09LZ9QR5C – Aromasong Dead Sea Salt with Lavender Essential Oil (2.43 lbs),Aromasong,2025-09-25,2026-09-25,15.00%,1000000.0,1000000.0,0,800,false
[B084HJYSRX],amzn1.campaign.3OTSWCA1U3EYR,B084HJYSRX – Aromasong Dead Sea Salt with 100% Natural Lavender (5 lbs),Aromasong,2025-09-25,2026-09-25,15.00%,1000000.0,1000000.0,0,800,false
[B0B25JMLL2],amzn1.campaign.EMJG9D5ONL4R,B0B25JMLL2 – Aromasong 19 lbs Raw Dead Sea Salt with Aloe Vera (Not Cleaned),Aromasong,2025-09-25,2026-09-25,15.00%,1000000.0,1000000.0,0,800,false
"[B0DYVTR4YY, B0DYVYGMBR, B0CR1LSFGF]",amzn1.campaign.38HGWP8419IQR,"Earn 15% Commission on It’s Skinny Pasta Meals, Quick Low-Carb Meals You’ll Love",IT'S SKINNY,2025-09-25,2026-09-25,14.00%,10000.0,10000.0,0,800,false
[B0843R2H8M],amzn1.campaign.14F6F961J9HWU,B0843R2H8M – Aromasong 5 lbs Raw Dead Sea Salt with Aloe Vera (Not Cleaned),Aromasong,2025-09-25,2026-09-25,15.00%,1000000.0,1000000.0,0,800,false
[B0843SF3GH],amzn1.campaign.20RDGWYBK32VY,B0843SF3GH – Dead Sea Salt with Organic Aloe Vera (19 lbs),Aromasong,2025-09-25,2026-09-25,15.00%,1000000.0,999992.52,0,800,false
[B0B25J5ZN3],amzn1.campaign.1ZJPWGON0Q85W,B0B25J5ZN3 – Dead Sea Salt with Organic Aloe Vera (5 lbs),Aromasong,2025-09-25,2026-09-24,15.00%,1000000.0,1000000.0,0,800,false
[B07WRDYFLJ],amzn1.campaign.2JUF72G8P7HLY,B07WRDYFLJ – Aromasong All-Natural 2.43 Lb Raw Dead Sea Salt,Aromasong,2025-09-25,2026-09-25,15.00%,1000000.0,1000000.0,0,800,false
[B0977N6RR6],amzn1.campaign.R3NN8N3RGE7,B0977N6RR6 | Aromasong Raw Dead Sea Salt – 10 LB (2x5 LB),Aromasong,2025-09-25,2026-09-24,17.00%,1000000.0,999961.03,0,800,false
[B07LGGPY68],amzn1.campaign.2OO1GNEHWV919,B07LGGPY68 | Aromasong Raw Dead Sea Bath Salt – 5 LB,Aromasong,2025-09-25,2026-09-25,15.00%,1000000.0,1000000.0,0,800,false
[B07DRN5RH9],amzn1.campaign.398FW6P5T3B60,B07DRN5RH9 | Aromasong Dead Sea Salt – 19 LB Bulk Pack,Aromasong,2025-09-25,2026-09-25,15.00%,1000000.0,999987.76,0,800,false
"[B07N1825NS, B07DP4YN3T, B07MZFRQH6, B07N14VJCL, B08XMDBSL7, B07VZZHXTN, B07MWDM1LF, B07W153QXX, B07PCTKF1Y, B07DP6WQK6, B07DP54PKS, B07DP5TGS8, B07DP59CML, B084JP6TW5, B07MXRQWC7, B07VYVHG6H, B084JC5VDS, B07DP59NDL, B08K3W4YMK, B084JQY7BW, B07VWSQWQD, B08K45N587, B08K3WSP61, B07P6LH4Y3, B07N139HNV, B07VXMLBZ9, B07DP6CDXR, B07MVKQD1C, B08K3VZ2W4]",amzn1.campaign.DXDF1EJLJ879,7810S - With FBA,ENA,2025-09-25,2026-09-25,10.00%,5000.0,4314.54,2,800,false
"[B0BVCJB7HV, B0BVCP5TGF, B0BWZK3667, B0BVCQ6BG5, B0BVCWGRKK, B0BWZHGNSQ, B0BVCNKHP8]",amzn1.campaign.1XKB8EYAJAFRJ,8319 - With FBA,ENA,2025-09-25,2026-09-25,10.00%,5000.0,4988.41,2,800,false
"[B0DJG5D8ZV, B0FJXW1K4W, B0DJG4M7JK, B0DJG4X6L3, B0DJG5R2F5, B0FJXR2Q4N, B0DJG4K594, B0DJG56S14, B0DJG4R392, B0DJG5BSDS, B0DJG4CGF8, B0DJG4ZMQX, B0DJG5461F, B0DJG5R2F3, B0DJG3BLMQ, B0FJXVG4C9, B0DJG5H7Z7, B0DJG4Q23G, B0DJG5DQ1L]",amzn1.campaign.1VZDWRHRU10UK,8835 - With FBA,ENA,2025-09-25,2026-09-25,10.00%,5000.0,4901.64,0,800,false
"[B0F8GMV4SS, B0CXZHPGZS, B0CZ4KCMFH, B0F646XD89, B0CXZK577P, B0CY6WQC9Z, B0F63XFHBJ, B0CY3KMW9W, B0F8GTDMTS, B0DJDW3TY4, B0CQ9H9ZR7, B0CYJ3Z847, B0F8GX2KH1, B0CZ4KX1V4, B0CZ4LWSC2, B0CYJJF9G8, B0F644MDK8, B0CYJDC8BQ, B0CZ7PN8QW, B0F8GR7P2L, B0CXZM4KXS, B0F8GCZ3YC, B0F8H2L8N6, B0D96TSSBP, B0F646ZSHZ, B0CZ4K6286, B0CY77XR7Q, B0CYJKXJ19, B0F644H8JP, B0DQVTD3H9, B0CY3HZZLF, B0CXZYHQ2P, B0F646N684, B0CY3Z5XZY, B0CZ4JMZH6, B0D96VLR2F, B0D96VXNSZ, B0CXZG359Q, B0F8GN5KHH, B0F8GN3S1F, B0CXZT74ZG, B0F8GQYGL1, B0F64M4V8P, B0F642X3BK, B0D1HBFTPB, B0CZ4L9TPQ, B0CZ4KRD26, B0D96VPYY5, B0D96VSCPF, B0CYJ4YBNJ, B0F8H2L15S, B0CZ4JM2LX, B0CXZVXH7S, B0CY3HSWW9, B0F8GQR1KT, B0CZ4JND21, B0CYJ4MXVL, B0D96W6LGX, B0F8GND8CP, B0CZ4KYKZP, B0DHFZ8TZ1, B0D1H5G2MW, B0CY773TTS, B0F8GQNFXV, B0F646HSYY, B0CY7DSH76, B0CZ4LB854]",amzn1.campaign.3N17OWNK3F0QE,7795 - With FBA,ENA,2025-09-25,2026-09-25,10.00%,5000.0,4882.52,8,800,false
[B0DW4HHLS3],amzn1.campaign.AQHGS9DMK0MT,UTI+Vaginal pH Test 2,DIAGNOX HEALTH,2025-09-25,2026-09-25,15.00%,5000.0,4970.76,0,800,false
[B0DJ15HF5L],amzn1.campaign.1OH3A0XMPOQL6,Ketonox 2,DIAGNOX HEALTH,2025-09-25,2026-09-25,15.00%,5000.0,4991.87,0,800,false
"[B0FCWXNFNZ, B0DDY1X8GP, B0FBGNJ2WZ, B0FGJ3Y5YV]",amzn1.campaign.WXWFAKV3SDBC,取暖器联盟营销10%,AGEGDXW,2025-09-25,2026-09-25,10.00%,50000.0,50000.0,0,800,false
[B0BS49YW8L],amzn1.campaign.2UAGBTMPOTGQN,Dead Sea Mud Mask,BOLD BEAUTIFUL COSMETICS BE BOLD BE BEAUTIFUL,2025-09-25,2026-09-25,20.00%,5000.0,4990.0,0,800,false
"[B0DS1G82KG, B0DS1H5K5G, B0DS1G6BYM, B0DS1GHRNM]",amzn1.campaign.2TYEVMHALXDPY,Sunbathe in Style with Premium Inflatable Tanning Pool Lounger,POOLSIDER,2025-09-25,2026-09-25,12.00%,100000.0,100000.0,0,800,false
[B0DZ32H558],amzn1.campaign.2H5IW8X4QDBK0,Double the Comfort with Pool Chair Floats – 2 Pack for Adults,POOLSIDER,2025-09-25,2026-09-25,12.00%,100000.0,100000.0,0,800,false
"[B0DRF262G3, B0DRDZMTFP, B0DRF1KFF7, B0DS1H5K5G, B0DS1G6BYM, B0DS1GHRNM, B0DRDYP557]",amzn1.campaign.Z6BQOTJB9MCZ,Luxury Sun Days with Premium Inflatable Tanning Pool Lounger,POOLSIDER,2025-09-25,2026-09-25,13.00%,100000.0,99992.21,0,800,false
[B0CWJJCB3L],amzn1.campaign.2I8D34VWCQP9G,Endless Summer Fun with Inflatable Pool Floats (3 Pack),POOLSIDER,2025-09-25,2026-09-25,12.00%,100000.0,100000.0,0,800,false
"[B0DRF1KFF7, B0DS1GHRNM, B0DRDYP557]",amzn1.campaign.2B773GE4LZRUO,Soak Up the Sun with Premium Inflatable Tanning Pool Lounger,POOLSIDER,2025-09-25,2026-09-25,18.00%,100000.0,100000.0,0,800,false
[B0DZ31CFQG],amzn1.campaign.12J4QO7D7F37D,Unwind in Style with Premium Adult Pool Floats,POOLSIDER,2025-09-25,2026-09-25,12.00%,100000.0,100000.0,0,800,false
"[B0DWZ2LVK6, B0DWZ7TDT6, B0DWYZKWYK]",amzn1.campaign.KEW9A79OP8TV,"Race, Splash & Play with POOLSIDER Premium Triple Slip and Slide Water Slide",POOLSIDER,2025-09-25,2026-09-25,15.00%,100000.0,100000.0,0,800,false
"[B0CSR8XRV3, B0CSRBBV17, B0CGFCCJXP]",amzn1.campaign.1PERWDVHNOQ4P,All-Night Comfort & Protection with Waterproof Pack N Play Mattress Topper,Babylicious,2025-09-25,2026-09-25,12.00%,100000.0,99970.84,0,800,false
"[B0D26JM6WL, B0CWPS47H1]",amzn1.campaign.VRNHCXACKTYY,Soft Security & Versatile Comfort with Muslin Swaddle Blankets – 4 Pack,Babylicious,2025-09-25,2026-09-25,12.00%,100000.0,99986.35,0,800,false
"[B0CHN262HS, B0CST8XBPG]",amzn1.campaign.2BPE648AZRQWJ,Peaceful Sleep Made Easy with Waterproof Pack and Play Mattress Topper,Babylicious,2025-09-25,2026-09-25,12.00%,100000.0,99934.69,0,800,false
"[B0CWMWY74R, B0DR3GVJRF, B0CWMRGYWV, B0CWMRHY6J]",amzn1.campaign.1DRJBGSFDB0G5,Confidence & Comfort with Muslin Nursing Cover Up for Breastfeeding,Babylicious,2025-09-25,2026-09-25,10.00%,100000.0,99991.58,0,800,false
"[B0CWPFY72J, B0CWPPB5NY, B0CWPNNWL1]",amzn1.campaign.2F9A5VOETXXF9,Stay Organized on the Go with Baby Diaper Caddy Organizer,Babylicious,2025-09-25,2026-09-25,12.00%,100000.0,100000.0,0,800,false
[B0BQNFRNYG],amzn1.campaign.3RS8BQC4QRJLB,Organized Puzzle Play with 1000 Piece Wooden Jigsaw Puzzle Table,Beyond Innoventions,2025-09-25,2026-09-25,13.00%,100000.0,99964.38,0,800,false
[B0D5G16Y7P],amzn1.campaign.3I000N0IZ52C0,Relieve & Refocus with Stress Balls for Adults – 18 Pack,Beyond Innoventions,2025-09-25,2026-09-25,10.00%,100000.0,99993.4,0,800,false
[B0DGRC1LSZ],amzn1.campaign.3LGZ51HKZ5010,Complete Every Angle with 1500 Piece Jigsaw Puzzle Board - 360°,Beyond Innoventions,2025-09-25,2026-09-25,12.00%,100000.0,100000.0,0,800,false
[B0D642YM2C],amzn1.campaign.1AUEGG0KVSMOZ,Jurassic Fun & Learning with Beyond Innoventions Dinosaur Toys for Kids,Beyond Innoventions,2025-09-25,2026-09-25,12.00%,100000.0,99994.39,0,800,false
"[B0DRF262G3, B0DS1G82KG, B0DRDZMTFP, B0DRF1KFF7, B0DS1H5K5G, B0DS1G6BYM, B0DS1GHRNM, B0DRDYP557]",amzn1.campaign.2KE8SQ0I6OY6B,Sun-Kissed Comfort with Premium Inflatable Tanning Pool Lounger,Beyond Innoventions,2025-09-25,2026-09-25,15.00%,100000.0,99996.01,0,800,false
[B0DR3G2TKT],amzn1.campaign.2QKOKUBXPI8JV,Smart Moves Anywhere with Magnetic Wooden Chess,Beyond Innoventions,2025-09-25,2026-09-25,10.00%,100000.0,99978.11,0,800,false
[B0DG43YDTG],amzn1.campaign.2N0K0402WAJYK,Save Your Progress with Portable Puzzle Roll Mat,Beyond Innoventions,2025-09-25,2026-09-25,12.00%,100000.0,99996.4,0,800,false
"[B0DR3C7SWD, B0DR3CPM5Z]",amzn1.campaign.1RMY34JHLOEHR,"Puzzle Smarter, Not Harder with Wooden Board for 1000 Pieces",Beyond Innoventions,2025-09-25,2026-09-25,10.00%,100000.0,99937.84,0,800,false
"[B0DRPRJ9VN, B0DSJYPYYT]",amzn1.campaign.ZPJURCTT42H6,"First Rides, Big Adventures with Balance Bike + Safety Light",Beyond Innoventions,2025-09-25,2026-09-25,15.00%,100000.0,99988.75,0,800,false
"[B0DJ3543LR, B0FHPHD29F, B0FGPYPPJ7, B0DJ36MLSY, B0FD7DBWLK]",amzn1.campaign.1P0XG5S406GDP,9月23日,UNR0EVS,2025-09-25,2026-09-25,15.00%,5000.0,4994.99,0,800,false
[B0F6YLLYF3],amzn1.campaign.LZRE025Q9A1Y,插棍 10%佣金 到9-24,twivah,2025-09-25,2026-09-25,10.00%,5000.0,4930.68,9,800,false
[B089SNZD4N],amzn1.campaign.2SSV925DJ3AOL,10K+ Sales Monthly & 10% Commission Instacan Jar Opener,INSTACAN,2025-09-25,2026-09-25,10.00%,5000.0,5000.0,0,800,false
"[B0CFHRMV2V, B0CF443DDC, B0CFHMSS72, B0CFHPDV9J, B0CX9BFW7P, B0CFHR1J9X]",amzn1.campaign.IENB0YCWGRGN,Staze Vacuum Sealed Storage Jars -Oct CN7,Staze,2025-10-01,2026-09-24,15.00%,10000.0,10000.0,0,800,false
"[B0CFHRMV2V, B0CF443DDC, B0CFHMSS72, B0CFHPDV9J, B0CX9BFW7P, B0CFHR1J9X]",amzn1.campaign.306QXDWGP7Z1,Staze Vacuum Sealed Storage Jars -Oct CN6,Staze,2025-10-01,2026-09-25,15.00%,10000.0,10000.0,0,800,false
"[B0CFHRMV2V, B0CF443DDC, B0CFHMSS72, B0CFHPDV9J, B0CX9BFW7P, B0CFHR1J9X]",amzn1.campaign.3EOL02FJT3UIJ,Staze Vacuum Sealed Storage Jars -Oct CN5,Staze,2025-10-01,2026-09-26,15.00%,10000.0,10000.0,0,800,false
"[B0CFHRMV2V, B0CF443DDC, B0CFHMSS72, B0CFHPDV9J, B0CX9BFW7P, B0CFHR1J9X]",amzn1.campaign.34EJL568N7MKK,Staze Vacuum Sealed Storage Jars -Oct CN4,Staze,2025-10-01,2026-09-27,15.00%,10000.0,10000.0,0,800,false
"[B0CFHRMV2V, B0CF443DDC, B0CFHMSS72, B0CFHPDV9J, B0CX9BFW7P, B0CFHR1J9X]",amzn1.campaign.LDG2GL540NFL,Staze Vacuum Sealed Storage Jars -Oct CN3,Staze,2025-10-01,2026-09-28,15.00%,10000.0,10000.0,0,800,false
"[B0CFHRMV2V, B0CF443DDC, B0CFHMSS72, B0CFHPDV9J, B0CX9BFW7P, B0CFHR1J9X]",amzn1.campaign.IMFOJHUG6PE,Staze Vacuum Sealed Storage Jars -Oct CN2,Staze,2025-10-01,2026-09-29,15.00%,10000.0,10000.0,0,800,false
"[B0CFHRMV2V, B0CF443DDC, B0CFHMSS72, B0CFHPDV9J, B0CX9BFW7P, B0CFHR1J9X]",amzn1.campaign.33YISX5CF54LF,Staze Vacuum Sealed Storage Jars -Oct CN1,Staze,2025-10-01,2026-09-30,15.00%,10000.0,10000.0,0,800,false
[B0FP9GSZGN],amzn1.campaign.1WIS2C72CIM8V,Smell Proof Bag -OCT- CN7,Staze,2025-10-01,2026-09-24,15.00%,10000.0,10000.0,7,800,false
[B0FP9GSZGN],amzn1.campaign.17VVYT92Z466E,Smell Proof Bag -OCT- CN6,Staze,2025-10-01,2026-09-25,15.00%,10000.0,10000.0,9,800,false
[B0FP9GSZGN],amzn1.campaign.1JBQEEPZ8AMEV,Smell Proof Bag -OCT- CN5,Staze,2025-10-01,2026-09-26,15.00%,10000.0,10000.0,10,800,false
[B0FP9GSZGN],amzn1.campaign.3S54G6E17JCUX,Smell Proof Bag -OCT- CN4,Staze,2025-10-01,2026-09-27,15.00%,10000.0,10000.0,12,800,false
[B0FP9GSZGN],amzn1.campaign.15OXE4S589ETP,Smell Proof Bag -OCT- CN3,Staze,2025-10-01,2026-09-28,15.00%,10000.0,10000.0,6,800,false
[B0FP9GSZGN],amzn1.campaign.3QAHHFQ956MTE,Smell Proof Bag -OCT- CN2,Staze,2025-10-01,2026-09-29,15.00%,10000.0,10000.0,12,800,false
[B0FP9GSZGN],amzn1.campaign.1GIDI4AONA6KI,Smell Proof Bag -OCT- CN1,Staze,2025-10-01,2026-09-30,15.00%,10000.0,10000.0,2,800,false
[B0DPQR9WR3],amzn1.campaign.20KIHD22208AB,41% CR - Enrichment Interactive Dog Treat Toy (Orange-Beginner),DollSheriffgoo,2025-09-27,2026-09-27,41.00%,5000.0,5000.0,0,800,false
[B0DPQWDRTL],amzn1.campaign.34447R6WGMOEA,35% CR - Dog Puzzle Toy Mental Stimulation (Green Push-Intermediate),DollSheriffgoo,2025-09-27,2026-09-27,35.00%,5000.0,5000.0,0,800,false
[B0DPQVN6K8],amzn1.campaign.ILCF1L7LHU55,35% CR - Dog Puzzle Toy Mental Stimulation (Advanced-Mars Green Brainstorm),DollSheriffgoo,2025-09-27,2026-09-27,35.00%,5000.0,5000.0,3,800,false
[B0DPQWKFMS],amzn1.campaign.E3M1KCQOJV3Z,34% CR - Dog Puzzle Toy Mental Stimulation (Blue-Advanced),DollSheriffgoo,2025-09-27,2026-09-27,34.00%,5000.0,5000.0,0,800,false
[B0D7PZ7PB3],amzn1.campaign.1DYO1GEEP8J2X,320 Pcs Breast Cancer Awareness Pink Ribbon Bracelets Bulk Silicone Wristbands,Olutacot,2025-09-25,2026-09-25,10.00%,5000.0,4986.5,0,800,false
[B0DG5DK14K],amzn1.campaign.3A60YUXHBG0LP,30 Pcs 20 oz Skinny Plastic Splash Resistant Multi-colored Tumbler Cup,Olutacot,2025-09-25,2026-09-25,10.00%,5000.0,4997.0,0,800,false
[B0FFZJVDWW],amzn1.campaign.1CS0UYZUW0L3D,The Canine Project - Daily Dog De-Odor Spray,The Canine Project,2025-09-25,2026-09-25,15.00%,15000.0,14960.92,0,800,false
[B0FJXPMTGH],amzn1.campaign.HKLFPWWTEJWE,Master Manicures Anywhere — FLORAVIC 50K RPM (10% + 50% OFF),FLORAVIC,2025-09-27,2026-09-27,10.00%,5000.0,4988.48,0,800,false
"[B0F836XM8Y, B0F82M1XZJ, B0F82SZRC2, B0F83HYH7T, B0F82LP34K]",amzn1.campaign.V3E8BOYARYXY,Full Angle Pure White LED Rock Lights Kit,LD DARKEAGLE,2025-09-25,2026-09-25,10.00%,5000.0,4899.29,0,800,false
"[B0FBRQBVSF, B0F8313524]",amzn1.campaign.3MOJTLT93RMI7,LED Work Lights-20%,LD DARKEAGLE,2025-09-25,2026-09-25,20.00%,5000.0,4946.69,0,800,false
"[B0FH9DVPJ5, B0FNMFGDRD, B0FNML43JS, B0FH9F97XR, B0FH96PL9C, B0FH9KHWFH]",amzn1.campaign.39MLWNKR244EX,Full Angle RGB LED Rock Lights Kit,LD DARKEAGLE,2025-09-25,2026-09-24,10.00%,5000.0,4921.87,0,800,false
[B0F23L5FC5],amzn1.campaign.2EMIIN3ERS9RK,4 Pcs 2 lb Pullman Loaf Pan with Dough Scrapers,LECEHIVO,2025-09-25,2026-09-25,10.00%,5000.0,4994.1,0,800,false
"[B0F13XVTSF, B0F13XD1WQ, B0F1437F2G, B0F13PR35H, B0F13NQ6TD, B0F13ZF7NX, B0F13PKDB4, B0F13X8156, B0F143MTK8, B0F141YLHC, B0F13NZWL4, B0F145CSL2, B0F13PV4KZ, B0F143HQ4H, B0F144R9NS, B0F13NCQ63, B0F143FQC4, B0F13NC9WK, B0F1456XM2, B0DZC78SR1, B0F143BSG9, B0F13RFYYG, B0F1425VFD, B0F144CZRN, B0F143W6SF, B0F143T7CR, B0F142VRL3, B0F13ZT2Q1, B0F144QZ8T, B0F13MMDJW, B0F13NTFYN, B0F1449J74, B0F1432MNR, B0F13QTGN9, B0F143C7DF]",amzn1.campaign.4MKZNH72IXAR,ASBAVA TATTOO NEEDLES,ASBAVA,2025-09-25,2026-09-25,35.00%,10000.0,10000.0,0,800,false
[B0FC6F91N2],amzn1.campaign.NSDY2GKJNXB8,10 Pcs Single Resistance Exercise Band Bulk with Handles,LECEHIVO,2025-09-25,2026-09-25,10.00%,5000.0,4996.2,0,800,false
[B0FDGF56ZC],amzn1.campaign.20HRSBD0AOSX9,20 Pcs Pink Cat Ears Headbands Set with Bows Cute Glitter Cat Hairbands,LECEHIVO,2025-09-25,2026-09-25,10.00%,5000.0,5000.0,0,800,false
"[B0F7LSF3R6, B0F7LT4TPV, B0F7LRN1NQ]",amzn1.campaign.C2KCMNG7JFPD,41% CR - Interactive Dog Treat Toy (Beginner),LiuMelinda,2025-09-27,2026-09-27,41.00%,5000.0,5000.0,11,800,false
"[B0DN6VJNDB, B0DN6TMBHZ]",amzn1.campaign.K19D2F39QRSR,K101-FBA02,Giauco,2025-09-25,2026-09-24,10.00%,5000.0,5000.0,27,800,false
"[B0D4LGXVV8, B0D4LP9NPH, B0D946LXLD, B0D4LDXNJF, B0CSSZ12VR, B0D4LN53Q3, B0D4LWRN14, B0CYX46F21, B0CSKHW4P8, B0D9457V96, B0CSPG2W9D, B0CRHPFYTH, B0D943D2ZG, B0CST1RD4B, B0CRR2NXB5]",amzn1.campaign.2MG1YLC9NF7YR,37% CR - DOG CHEW TOYS FOR AGGRESSIVE CHEWERS,LiuMelinda,2025-09-27,2026-09-27,37.00%,5000.0,4993.71,1,800,false
"[B0DN6PJYJ1, B0DN6M1YWW, B0DN6L9CVK, B0DN6N1M91, B0DPL9XXLS]",amzn1.campaign.Z8S0XU10FAB1,D97-FBM02,Giauco,2025-09-25,2026-09-25,10.00%,5000.0,5000.0,30,800,false
"[B0DN6VJNDB, B0DN6TMBHZ]",amzn1.campaign.2M9XNTCAHPKDQ,K101-FBA03,Giauco,2025-09-25,2026-09-25,10.00%,5000.0,5000.0,20,800,false
[B0DZW7CFKQ],amzn1.campaign.3FBINWYIX1K06,4G LTE Cellular Outdoor Wireless Security Camera,LIFEMOI,2025-09-28,2026-09-28,10.00%,5000.0,5000.0,0,800,false
[B0FB3XG9WM],amzn1.campaign.14LV3Y04PAIWH,35% CR - Dog Treat Puzzle Feeder (Advanced-Brainstorm),LiuMelinda,2025-09-27,2026-09-27,35.00%,5000.0,5000.0,5,800,false
"[B0F2J1N4HL, B0F2J26TNQ]",amzn1.campaign.3MGRW45FLC8UI,34% CR - Dog Treat Puzzle Feeder (Advanced),LiuMelinda,2025-09-27,2026-09-27,34.00%,5000.0,5000.0,12,800,false
[B0F18PWQ7S],amzn1.campaign.17VVOR881YY59,12 Pcs 32 oz Condiment Squeeze Bottles with Labels,LECEHIVO,2025-09-25,2026-09-25,10.00%,5000.0,4990.4,0,800,false
[B0F5WQDFBH],amzn1.campaign.I0L2R8WTIRFR,🔥🔥New Arrival: SAVILAND Dog Nail Polish Pens Set: 12% Comm! SA-ND-0002,Saviland,2025-09-25,2026-09-25,12.00%,5000.0,4829.76,0,800,false
"[B0DY83S4VC, B0DY6CRWFF]",amzn1.campaign.1K8L7QQG11432,Ring Batteries Charger,LIFEMOI,2025-09-25,2026-09-25,10.00%,50000.0,49979.63,0,800,false
[B0F26719MY],amzn1.campaign.3FUU2EUABBG5E,12 Pcs Dry Brushes for Body Exfoliating Brush and Massage Nodule,LECEHIVO,2025-09-25,2026-09-25,10.00%,5000.0,5000.0,0,800,false
[B0F2YPF11B],amzn1.campaign.2XSKXUZW8TTJM,100 Pcs Wedding Folding Hand Fans Bulk with Plastic Ribs,LECEHIVO,2025-09-25,2026-09-25,10.00%,5000.0,4985.2,0,800,false
[B0F32KFNPV],amzn1.campaign.1WH83JUXBGP47,20 Pcs Matching Game Sensory Discs with Eye Mask Sensory Pads,LECEHIVO,2025-09-25,2026-09-25,10.00%,5000.0,5000.0,0,800,false
[B0F3CVV9SQ],amzn1.campaign.3687HHK3N3WPN,12 Pcs Large Acoustic Panels 47 x 24 Inch Self Adhesive Soundproof Wall Panels,LECEHIVO,2025-09-25,2026-09-25,10.00%,5000.0,5000.0,0,800,false
"[B0FR9BW31D, B0FR9RH6V4, B0FR9LN9DK, B0FR9R8B3Y, B0FR9QRQBT, B0FR8FKVPX, B0FRLX6B1W]",amzn1.campaign.DIFQH1V5WOPH,Letter Opener Envelope Slitter 20% commission,pooutyup,2025-09-25,2026-09-25,20.00%,5000.0,4985.0,0,800,false
[B0F3HTKLJN],amzn1.campaign.1FA95DOJO6QWX,40 Pcs Magnetic Spice Tins with Clear Lids,LECEHIVO,2025-09-25,2026-09-25,10.00%,5000.0,4963.9,0,800,false
"[B0FR48H1JF, B0FR4ZMGYC]",amzn1.campaign.1BA95A2NUNPT9,Surprise Box Gift Box 20% commission,pooutyup,2025-09-25,2026-09-25,20.00%,5000.0,4998.72,0,800,false
[B0FDR9VTPY],amzn1.campaign.AWHIUTIPXWX2,Collaboration Opportunity: Promote Our TV Stand on Amazon!,LCRBOL,2025-09-25,2026-09-25,10.00%,20000.0,19940.65,0,800,false
[B0FR5CCB2F],amzn1.campaign.33S1Y56Z998Z2,10 Pcs LED Ghost Battery Operated Halloween Lights 20% commission,pooutyup,2025-09-25,2026-09-25,20.00%,5000.0,4982.73,0,800,false
[B0F4CG88G7],amzn1.campaign.V9X4ZYCWRM3H,11000 Pcs Double Round Cotton Swabs Bulk Travel Size Cotton Buds,LECEHIVO,2025-09-25,2026-09-25,10.00%,5000.0,5000.0,2,800,false
"[B0FCM6SZBD, B0FCM866YL, B0FCM5PDCK, B0FCM5HKBV, B0FCM7PZLZ, B0FCM593YP, B0FCM8S9T7, B0FCM965SR, B0FCM768XQ, B0FCM3VMMH, B0FCM763FC, B0FCMBXB2Z, B0FCM73GRR, B0FCM84KWZ, B0FCM8B416, B0FCM65PWX, B0FCM6KWLR]",amzn1.campaign.28DUL9CXGOX2T,Plus Size Lounge Pants 3-Pack: Comfort Meets Style with Pockets!,Sweetyweee,2025-09-25,2026-09-25,10.00%,5000.0,4820.01,0,800,false
"[B0FR5CNDV2, B0FRFMY82Z, B0FR4856FK]",amzn1.campaign.SS2NQ9817EP1,Peel off Lip Stain Lip Tint 20% commission,pooutyup,2025-09-25,2026-09-25,20.00%,5000.0,4995.0,0,800,false
[B0F2FJQY83],amzn1.campaign.UAJUBJ28PLUY,"9 Pcs Glass Oil Bottle Set with Spout, Olive Oil Bottle",LECEHIVO,2025-09-25,2026-09-25,10.00%,5000.0,4986.4,1,800,false
"[B0F43N5DS2, B0B1TGXVPM, B0F43QNJKS, B0F43PXPDJ, B0F43Q2KLB, B0F43QC8FV, B0B1TCDW8Y, B0F43L9MYW, B0F43NQ9SS, B0F43SDN9Q, B0B1TB3S5C, B0F43QBV3J, B0F43NP1J7, B0F43RTDCQ, B0B1T9SF8X, B0B1TJXRPC, B0F43M1NNH, B0F43NX17T, B0B1TGCK9Y, B0F43MM9T1, B0B1TDZCR9, B0F43SP7RV]",amzn1.campaign.248G197T9TL56,It’s all in the details!,SRsafety,2025-09-25,2026-09-25,10.00%,5000.0,4986.98,0,800,false
"[B0FS73LJCG, B0FRFD783N, B0FRNCF3G5]",amzn1.campaign.1D6KS6GU4SWD4,Ratcheting Tubing Cutter 20% commission,pooutyup,2025-09-25,2026-09-25,20.00%,5000.0,5000.0,0,800,false
[B0F48FCQS9],amzn1.campaign.2RNJQVX8VX9IP,"24 Pcs 48 oz Clear Buckets with Lids, Plastic Ice Cream Containers",LECEHIVO,2025-09-25,2026-09-25,10.00%,5000.0,4971.3,0,800,false
"[B0D8HLG878, B0D8HKYF15, B0D8HM92M8]",amzn1.campaign.2YXOOGEWO8Y0O,不锈钢踢脚线,Coengwui,2025-09-25,2026-09-25,10.00%,5000.0,4884.76,4,800,false
[B0F5MPR397],amzn1.campaign.21LOH5L5D07M,120 Pieces Mini Watercolor Paint Set,LECEHIVO,2025-09-25,2026-09-25,10.00%,5000.0,5000.0,0,800,false
[B0F8VJBDKX],amzn1.campaign.2H799DXF5UH7O,16 Pcs 24 oz Plastic Jars with Lids Large Food Containers,LECEHIVO,2025-09-25,2026-09-25,10.00%,5000.0,4987.8,0,800,false
[B0F23LD91Z],amzn1.campaign.3P6YCFK7FOXDL,25 Pcs Glass Jars with Lids and Lnner Iiners 4 Oz Empty Small Containers,LECEHIVO,2025-09-25,2026-09-25,10.00%,5000.0,4992.8,0,800,false
"[B0FK52RSWG, B0FK53DFQV, B0FK51KVKT, B0FK5181YC, B0FK51LDT3, B0FK52NX64, B0FK53MSGG, B0FK4ZRDTC, B0FK5198S2, B0FK52HLK7]",amzn1.campaign.NK8L25V0PTEQ,Women's Corduroy Overall Floral Midi Dress EA-IY5D01,YEXPINE,2025-09-25,2026-09-25,10.00%,5000.0,4946.8,0,800,false
[B07ZGFQTTL],amzn1.campaign.27BKUK4X14S32,✅MOSCHE Handheld Steam Cleaner Champion Exclusive 10% with $3M Sales,MOSCHE,2025-09-25,2026-09-24,10.00%,5000.0,5000.0,0,800,false
"[B07VRY26D2, B0B6W1CGL4, B0B6VYZZBN, B0B6W1RCGN, B0B6VSD25Y, B0B6VVVYQN, B0B6W1V2ZV, B07T3KZ93X, B0B6W19SBY, B07SZF6T2X, B07VMRBF3J, B0B6W1NSS9, B0B6W2SJ9Y, B07T3KPD76, B0B6W3GNS8, B07VNPMCGP, B07VQYW5HG, B0B6VT53HR, B0B6VZT712, B0B6VZQ4VX, B07VNPX2RC, B0B6VZVKDJ, B0B6W2CQMK, B07T5TLHWV, B07T4P8TXD, B07T5RMNQS, B07VLLQHV6, B0B6VXJ9V7, B0B6VWMBPQ, B0B6W41FFR, B0B6VZ5Y9J, B0B6W16CMS, B07VPTVY5G, B0B6W11PNB, B0B6W1SDF7, B0B6W2RHLJ, B07VMRC2DW, B0B6W14M6S, B0B6VZBB4S, B0B6W1HHQ2, B0B6W2CQLP, B0B6VYZGY2, B07T3L46GH, B0B6W3JKFW, B0B6VYK9X7, B0B6VZZL6Y, B07T1HNYCK, B0B6VY2YYL]",amzn1.campaign.2UGKZDNKX8HKS,00968-Classic Block Heel Pumps (Timeless Versatility Meets Comfort!),JIAJIA,2025-09-25,2026-09-25,10.00%,5000.0,4983.14,0,800,false
[B0DH8L7V8Q],amzn1.campaign.3J371LU9KYOO5,RGBIC smart led neon,FORT,2025-09-25,2026-09-25,10.00%,5000.0,4973.3,0,800,false
[B0FP172SMZ],amzn1.campaign.2GN225PFLJA9S,🔥SteamFusion Steam Cleaner Premium Partner 10% with $5M Revenue,SteamFusion,2025-09-25,2026-09-25,10.00%,5000.0,4969.14,1,800,false
"[B0F7QS55ST, B0F7QJVHQN, B0F7QWVBNZ]",amzn1.campaign.87RM92XZY9VP,Qxsnuvvlg Squeaky Dog Toy -- Dog's New Favorite,Qxsnuvvlg,2025-09-25,2026-09-25,20.00%,5000.0,4943.38,0,800,false
[B0FDPYS2BC],amzn1.campaign.35ZWNCXQZOIC4,🔥Prime Big Deal Days Motion Sensor UV Nail Lamp💅✨: Fast Cure​​ SA-NM-0013_01,Saviland,2025-09-25,2026-09-25,10.00%,5000.0,4995.32,0,800,false
"[B0D7J6TYZZ, B0D7F2QJBS, B0D7J7YPMM, B0D7J5DHYR]",amzn1.campaign.2KGHOY9QMDLX0,310,Coengwui,2025-09-25,2026-09-25,10.00%,5000.0,4907.66,0,800,false
"[B0B6PQ8XD5, B0B6PS5G3M, B07BJXT3PP, B0B6PVRYGD, B0B6PQ5PDW, B0B6PTMDGY, B0B6PLV3ZY, B07BJZNW13, B07BJXQ1MN, B0B6PS81S2, B0B6PRP4RM, B07BK3488B, B0B6PT126B, B0B6PYVJNS, B07BJXJ4W6, B0B6PSYXJ6, B0B6PV1XW3, B0B6PRMPDX, B0B6PSWJ3T, B0B6PXH6KV, B0B6PRM2LP, B0B6PTSX1L, B0B6Q1LXVD, B0B6PPX96N, B0B6PRZ321, B07BK14JDC, B0B6PS6GJ7, B0B6PTTDJL, B0B6PSMFCS, B07BJWHR8L, B07BJYFGSD, B07BJZBBNF, B0B6PV7CZJ]",amzn1.campaign.17F5XV5P2JNTK,5949419Elegant Lace Peep-Toe Heels for Brides & Bridesmaids!,JIAJIA,2025-09-25,2026-09-25,10.00%,5000.0,4985.91,0,800,false
"[B0FPFRCTM7, B0FPFQYYLQ, B0FPFNR47Z, B0FPFN35RG, B0FPFQHBFF]",amzn1.campaign.X1HBSEQAKUIX,3-Pack Women's Pants with Multiple Functional Pockets (Z62),SPSHODOW,2025-09-25,2026-09-25,20.00%,200000.0,200000.0,0,800,false
[B0FDG4YTD6],amzn1.campaign.191QE3QVCOTPH,Pamper Yourself! AORAEM Pink Nail Art Lamp Offer - Just $13.99!,AORAEM,2025-10-03,2026-10-03,20.00%,5000.0,4993.19,0,800,false
"[B0FD3DJND1, B0FD3R45C5]",amzn1.campaign.3T563F11DYOJV,T10 Wireless Earbuds 10% Commission,Haqquio,2025-09-25,2026-09-25,10.00%,5000.0,4851.82,0,800,false
[B0FDG4YTD6],amzn1.campaign.3G3IUIX223MTD,Ultimate DIY Manicure Kit Essential! AORAEM Lamp Limited Time $13.99!,AORAEM,2025-10-02,2026-10-02,20.00%,5000.0,4993.0,0,800,false
[B0FDG4YTD6],amzn1.campaign.38VA5A6X970LV,"Pro Results, Beginner-Friendly! AORAEM Nail Light, Now Only $13.99!",AORAEM,2025-10-01,2026-10-01,20.00%,5000.0,4992.78,0,800,false
[B0FDG4YTD6],amzn1.campaign.PYUZIDO97WLS,Creative Nail Art Made Easy! AORAEM Lamp with Magnifier - $13.99 Sale!,AORAEM,2025-09-30,2026-09-30,20.00%,5000.0,4996.39,0,800,false
[B0FDG4YTD6],amzn1.campaign.2DU6RMVPJ7XA5,Salon-Quality at Home! AORAEM UV/LED Lamp Offer: $13.99 Limited Time!,AORAEM,2025-09-29,2026-09-29,20.00%,5000.0,4987.13,0,800,false
"[B0FPFJ8VJY, B0FPFLZHYB, B0FPFJKRGM, B0FPFK6WVC, B0FPFJZ2FW]",amzn1.campaign.1Y2ZVMZNYE2EZ,"3-Pack Women's Pants with Deep Functional Pockets, Ultra-Soft & Breathable (Z61)",SPSHODOW,2025-09-25,2026-09-25,20.00%,20000.0,20000.0,0,800,false
[B0FDG4YTD6],amzn1.campaign.10VMIXQK4G2FQ,"Instant Manicures! AORAEM 6X Magnifier Nail Lamp, Special Price $13.99!",AORAEM,2025-09-28,2026-09-28,20.00%,5000.0,4969.09,0,800,false
[B0FDG4YTD6],amzn1.campaign.2V6GX74HMN32B,Don't Miss! AORAEM Portable UV/LED Nail Light Deal - $13.99 Today!,AORAEM,2025-09-27,2026-09-27,20.00%,5000.0,4996.39,0,800,false
[B0FDG4YTD6],amzn1.campaign.VJ720FS2YHXN,"Limited Offer: AORAEM Gooseneck Nail Art Lamp with Magnifier, Now $13.99!",AORAEM,2025-09-26,2026-09-26,20.00%,5000.0,5000.0,0,800,false
[B0F9XT92S9],amzn1.campaign.2CENMPXYUE23N,Electric Fitness Full Body Traction Bed,Aplsrhun,2025-09-24,2026-09-24,10.00%,5000.0,4940.0,0,800,false
"[B0FHW37YDW, B0FHVZXP1T]",amzn1.campaign.2T5VBPEUL4MSY,悬挂淋浴架-2025半年活动,OMAIRA,2025-09-24,2026-09-24,20.00%,50000.0,49767.99,0,800,false
"[B0FKSNHMK1, B0FKS6836C, B0FKRC1QSL, B0FKRS68RC, B0FKS4RN7Q, B0FKSFXJ9J, B0FKRH3L34, B0FKRLPGML, B0FKR7BG9P, B0FKRG8LTK, B0FKS18FRF, B0FKRBDZ84, B0FKRZ9YHX, B0FKRBDNNJ, B0FKRBJWZW, B0FKRKGLT2, B0FKRZPHC7, B0FKRB76R9, B0FKRP8NWS, B0FKRC9WY6, B0FKRYKPBC, B0FKS54MQ1, B0FKR6YC6M, B0FKRLMLF4, B0FKRFX1M5, B0FKRGTYBF, B0FKS287PP, B0FKRW41XQ, B0FKSNHPKD, B0FKSNHKHX, B0FKRG4VXQ, B0FKRS4NM9, B0FKRHWH5H, B0FKS4VB7C, B0FKRLLW41, B0FKRBKJZX]",amzn1.campaign.223MN3W1SI8A2,51011,TerraFleet,2025-09-24,2026-09-24,12.00%,10000.0,8495.77,0,800,false
[B0FHDKZ64Q],amzn1.campaign.19612WH03W0WU,Cross Bars Fit for 2019-2025 RAV4 Adventure/TRD Off-Road,wonderdriver,2025-09-24,2026-09-24,10.00%,5000.0,4990.1,0,800,false
[B0FJ7YFHSL],amzn1.campaign.T51DVFP222JK,创作者计划,MLVISION,2025-09-24,2026-09-24,10.00%,5000.0,4960.1,7,800,false
"[B0FKSVJQ9F, B0FKS52FL2, B0FKSK7JMV, B0FKRPDFLT, B0FKRC3L95, B0FKRKYKBJ, B0FKSP75TK, B0FKSK47QR, B0FKSVKXDB, B0FKSVJTQR, B0FKSP8P3L, B0FKSKKP6D, B0FKS3LDP2, B0FKS1FXCL, B0FKS3PH53, B0FKS78D6M, B0FKRW32MW, B0FKS3C8VQ, B0FKSRR98G, B0FKRSTR1L, B0FKRSRZD9, B0FKRZC8QK, B0FKS6MBCB, B0FKSRMXPC, B0FKS6NGDB, B0FKSNRCY2, B0FKRH2P95, B0FKS3QHRP, B0FKS3RS4H, B0FKS1H75J, B0FKRZ85PG, B0FKSRNFTC, B0FKSKPGGD, B0FKS522KT, B0FKRX9T51, B0FKS3PVL1]",amzn1.campaign.383UF16W2WVM3,51013,TerraFleet,2025-09-24,2026-09-24,12.00%,10000.0,9483.68,0,800,false
"[B0F21H3HWJ, B0F21GK5MQ, B0F21GLGT5, B0F21F8QDY]",amzn1.campaign.3QU8Z5E9JZ2A,TUFFKING Wired Tattoo Gun Kit - 1,Tuffking,2025-09-24,2026-09-24,10.00%,10000.0,10000.0,0,800,false
[B0FF4L1CR9],amzn1.campaign.34ALQ0EDC3D6P,Cross Bars Fit for 2013-2017 Subaru XV Crosstrek & 2012-2016 Impreza,wonderdriver,2025-09-24,2026-09-24,10.00%,5000.0,4912.5,0,800,false
"[B0F4MWDKNJ, B0F4MYKSZ4, B0F1XJKGBF, B0F4MWJHR7, B0F4MYNR8Y, B0F4MZ9259, B0F4MYMWD6, B0F1XFWPL1, B0F1XLLV96, B0F4N11Y18, B0F1XJ5MM4, B0F4MVHLX9, B0F1XJQLXB, B0F1XFVPDK, B0F4MX5VRV]",amzn1.campaign.1GO0B6YQOUI0L,TUFFKING Wireless Tattoo Gun Kit - 1,Tuffking,2025-09-24,2026-09-24,10.00%,10000.0,9994.05,0,800,false
[B0FF4GGGX9],amzn1.campaign.105Q55Y2VNJRI,Cross Bars Fit for Toyota Highlander 2008-2013,wonderdriver,2025-09-24,2026-09-24,10.00%,5000.0,4890.84,0,800,false
[B0FBQTTJ18],amzn1.campaign.19TJ5EBYRNA5Z,Cross Bars Fit for BMW X7 G07 2019-2025,wonderdriver,2025-09-24,2026-09-24,10.00%,5000.0,4761.1,0,800,false
[B0F3J5VBHP],amzn1.campaign.3KE9S9B2ZKWU7,14 Pcs 12 Inch Galvanized Metal Vase Bulk Tin Flower Buckets with Handles,LECEHIVO,2025-09-24,2026-09-24,10.00%,5000.0,4992.4,0,800,false
[B0F9PDHT7F],amzn1.campaign.29PT728HVZC2Z,70 Pcs Trauma Shears Bulk 5.9 Inch Stainless Steel Bandage Scissors,LECEHIVO,2025-09-24,2026-09-24,10.00%,5000.0,4995.8,0,800,false
[B0F26DKY5Y],amzn1.campaign.34EZ2VDYRXVM6,"12 Pcs Wooden Baby Toys Set, Colorful Multiple Shape Puzzles",LECEHIVO,2025-09-24,2026-09-24,10.00%,5000.0,5000.0,0,800,false
"[B0FCS763JH, B0FCS4ZFZ3, B0FLC8J8LR, B0FCS6XVM9, B0FKSXZMZH, B0FCS6X5M9, B0FL1NZ19M, B0FCS4VMSQ]",amzn1.campaign.3LI36AI2234TY,Foldable Pool - Compact Storage,Hanjet,2025-09-25,2026-09-25,10.00%,5000.0,5000.0,9,800,false
[B0F6LCZWHH],amzn1.campaign.3FH69IBF444AF,10 Pcs Table Tennis Paddles Kit with10 Balls Composite Professional Racquets Set,LECEHIVO,2025-09-24,2026-09-24,10.00%,5000.0,5000.0,0,800,false
"[B0F937XXZG, B0F937PZCS, B07PRVW11N, B07PQQFBLD, B0F939BW22]",amzn1.campaign.3WO1FT1HBKPT,Heavy-Duty Floor Liners - Durability,ChaoJin,2025-09-25,2026-09-25,10.00%,5000.0,5000.0,12,800,false
"[B0F5V38J3Q, B07Q1X6GHT, B079HJM65T, B079HFFQJ5, B07PWF6G9V, B079HJ42TG, B079HMT5RC, B0DZGWX146, B0F5Q6JWC9, B0DZH3VWSL, B0DZH35J4H, B0DZH6R3FG, B0DZH34LRH, B0DZH389H4, B0F5Q7VGMK]",amzn1.campaign.1TBXOX6NUO4S6,Truck Tarps - Secure Tie-Downs,ChaoJin,2025-09-25,2026-09-25,10.00%,5000.0,5000.0,0,800,false
"[B0D9QG8FKF, B0D9QFBDB3, B0D9QGN1YG]",amzn1.campaign.1RQKTD6HMRZYK,Live Christmas Tree Stand,GuuG,2025-09-24,2026-09-24,10.00%,5000.0,4997.95,0,800,false
"[B08MZPK9PM, B07YYWLZR2, B0C3V5ZQB2, B07YYWRPD5, B07TLLVMB3, B07S161SXY, B07TLL8DNX, B08HZ17K1V, B07RWL91MD, B08MZHC9VM, B07YYWLJW9, B08MZG842N, B07RX3VDW6, B099S4WDH5, B08MZDH3K4, B07RX6QJ8N, B07RZ6KFRZ, B07TKLPJJG, B095HC19JF]",amzn1.campaign.2C9XL5TM5065U,Lightweight Ankle Socks - Moisture-Wicking,Sunew,2025-09-25,2026-09-25,10.00%,5000.0,5000.0,2,800,false
"[B07WCVRG29, B0BQYC3Q2D, B07WD961Q3, B07WD8ZTLR, B07WD9SX7K, B07WFCS61J, B0B1PLM14L, B07WMFWFCT, B07WD9D1YJ, B0C53BLV1R, B07WCVC6K7, B07WD92JNH, B0BQYB75D7, B07WFD6ZKX, B0BQYBKS3B, B07WD7ZLCY, B0B1PGQNB2, B07WCTCV6F, B07WCV9DFS, B07WCVK391, B07WD96CTT, B07WFD6ZL1, B07WD9HP7Y, B07WCVGX7N, B07WD9QWKJ, B07WCVKMNS, B07WD8D4KW, B0B1PJHPKF, B07WD9KWQ5, B07WD9VWGW, B0BQY9XC8C, B0BQYBJ87L, B07WCVKHF9, B07WCV5WRZ, B07WD9GBML, B07WD9GM2G, B07WD947SS, B07WD8VX6Y, B07WCTDJWX, B07WJK1FTB, B07WFCKVHC, B0C53BW7P8, B07WD9XY32, B07WCVG33P]",amzn1.campaign.1OSQ1IJKF0A3,Moisture-Control Soccer Socks - Quick-Dry,Sunew,2025-09-25,2026-09-25,10.00%,5000.0,5000.0,0,800,false
"[B08X47LL7V, B0DZCGBPJT, B0DZCD4HW3, B07ZV2HQL4, B0DZCCQZV1, B08MZG4DD7, B07RX715XR, B07ZV366T9, B07RY8QNK6, B08MZQXR2F, B07RY8K1ZV, B08NWTQFVT, B0DZCDV9BB, B07RZ6H3NC, B0836JJ9KF, B08MZQFX85, B08XHBCLTT, B07RX6Z7RW, B07S194TBM, B07S18TYHN]",amzn1.campaign.O3TQW0P05IVO,Low-Cut Bamboo Socks - Odor-Free,Sunew,2025-09-25,2026-09-25,10.00%,5000.0,4998.2,2,800,false
"[B07RZ6ZJ16, B07RY8RQSK, B07RY8PWMM, B07X3G9TG9, B07ZV32MH7, B07ZCRJ47B, B07RZ7NBGC, B08DKLQC64, B0DRG2GX1N, B085RMRFTF, B07RX6YVGR, B08DKM3YNM]",amzn1.campaign.LLAOX2MSE24K,Bamboo Crew Socks - Moisture-Wicking,Sunew,2025-09-25,2026-09-25,10.00%,5000.0,4997.15,5,800,false
"[B0C4GKY1C1, B0C4GJS99J, B0C4GKDX49, B0C4GKHC48, B0C4GKBRJ4, B0C4GKGGT6, B0C4GL3GM8, B0C4GJXKFM, B0C4GL2N8D, B0C4GL4V4Z, B0C4GJSZFQ, B0C4GKGYLF, B0C4GLBB2P, B0C4GLBB2K, B0C4GKL9NT, B0C4GK7TD2, B0C4GKBJYR, B0C4GJNJM9, B0DJ2RN7JT, B0DJ2RLW19, B0C4GKSC2W, B0C4GKSWC5, B0C4GLFPP3]",amzn1.campaign.TECUKZRPAF7F,Kids' Ankle Socks - Soft & Comfortable,Sunew,2025-09-25,2026-09-25,10.00%,5000.0,4998.83,12,800,false
"[B0CWZW27DF, B0CCD3RK1L, B0F9DPMK24, B0CCD3YZ6H, B0F3X9YZ3X, B0CX18SDHG, B0CX14YV4B, B0CX1CVGB9, B0CCD4THV7, B0CCD196ZZ, B0DBZ6SGC7, B0F9DDYXSK, B0CX1JCTDJ, B0CX1D1HRD, B0CCD5RL9Z, B0F8B15Q85, B0DN12TV4B, B0CCD18L7X, B0F59CSK5V, B0CX16QJD2, B0F3X6YCY3, B0CCD3CB4M]",amzn1.campaign.B8W86J1SNRTK,Sports Toe Socks - Moisture-Wicking,Sunew,2025-09-25,2026-09-25,10.00%,5000.0,4996.5,6,800,false
"[B07K34HWFS, B07V21QP9Q, B07VQCWN3F, B07K32T5RP, B07K33G7BX, B07VV256VJ, B07CNDJQ6G, B07CML68R1, B07V1ZLWHB, B07K33FQ7Q, B07CMNLF5Q, B07VW2ZG9T, B07K32DS9Y, B07K33QK2R, B07K32FX97, B07V32C7ZJ, B07K33749N, B07VW6871W, B07K32ZS24, B07K33BDSH, B07MLVSG65, B07MSCVKX8, B07WCP6QXF]",amzn1.campaign.5RYSMRN1LAJU,Copper Sports Socks - Blister Protection,FOOTPLUS,2025-09-25,2026-09-25,10.00%,5000.0,5000.0,17,800,false
"[B07K31DCD6, B07CXSY5Y2, B07VSL4SNM, B08Z6TMWFQ, B08Z7GQJPN, B07P285HZW, B07BBLXN14, B07TZM99WP, B07V318JPP, B08Z7YS1XT, B074YYFD3G, B07V1LBP3X, B07RG9Q7TS, B074YXTGRR, B08Z76PFHW, B08Z7SWH3M, B07C13KGDT, B07PVGJCKW, B08Z85TJS7, B07WF827TP, B074YYNS1W, B07P4F1FB4, B07NLR4QCZ, B074Z1QM64, B07VQD5SKS, B074Z3L7TJ, B08Z7X8MRZ, B07W9LZ8YL, B07K32BCJX, B07NM2HBPN, B08Z7GCPTQ, B07V1LD3M2, B07V33CW1W, B07WD4CJ8Q, B07CZZGHY6, B07K32L1BW, B07C2DY5NM, B084P6NGHP, B07BBSJ9HW, B07NLZ1HFV, B07RJGQ178]",amzn1.campaign.2P5QT03KBTC9M,Copper No-Show Socks - Antibacterial,FOOTPLUS,2025-09-25,2026-09-25,10.00%,5000.0,4998.85,0,800,false
"[B084P3QFY8, B074YXS9HZ, B07D8Q83X8, B07NXY4J4H, B07TC865Z4, B074YYSJ5M, B099RLYJBH, B07V6772J2, B084P7FLBR, B074Z28X2Z, B07B2H2658, B07TC51J2X, B07CMNKBTG, B07RJJ159V]",amzn1.campaign.FGIIX490RN3X,Long Copper Socks - Antibacterial,FOOTPLUS,2025-09-25,2026-09-25,10.00%,5000.0,5000.0,6,800,false
[B0D9QCVL23],amzn1.campaign.189Q17KXXILNW,GuuG Artificial Christmas Tree Stand – Holiday Cheer,GuuG,2025-09-24,2026-09-24,10.00%,5000.0,4906.8,0,800,false
"[B0FRM4YM4D, B0FRGBKC6N, B0FRMRTGDK]",amzn1.campaign.2PGIWX5ZX397K,Vertical Jump Tester,WUGCHDA,2025-09-24,2026-09-24,10.00%,5000.0,4973.0,0,800,false
"[B0CQG64191, B0FHKRWFG4, B0BMV5NL2J, B0CQG8HG5N, B0BMLGM8GF, B0FHKSVSPW, B0D947B5SC, B0D946MHP7, B0DJBH1VKC, B0CQG6DLGH, B0BML2RQDW, B0BMLJ15QF, B0DCVR82XH, B0D9451ZNX, B0FHJRW2LD, B0DJBFMFJT, B0CQG3G64G, B0BTKN4X8F, B0BMLGMXNT, B0CQG51ZN5, B0FHKR61B1, B0CQG6KHH9, B0DCVPS59C, B0CQG5RK93, B0FHKP5LGH, B0DJBGKDLF, B0CQG4S4HR, B0CQG3NV9N, B0FHKQXTMM, B0BMV8CGXZ, B0FHKSLS3C, B0D945P7SR, B0BZS5Y8J5, B0D946H9KR, B0CQG6LSC7, B0BMV2165N, B0CQG59YVN, B0DJBFJ8RH, B0CQG4CBK1, B0FHJMK44V, B0FHKVMNSM, B0CQG7DBC5, B0CQG5TQY5, B0D9439C4B, B0BMV6QQ4Q, B0D945G1G2, B0BMTXMY17, B0DCVPC4RF, B0DJBGNGK8, B0CQG7JLPK, B0FHKRL9FC, B0D945B3HZ, B0CQG67MSJ, B0DCVSDXXQ, B0DCVR1H9G]",amzn1.campaign.XK1AAQYBWTO6,Aelfric Eden Fall Drop | 10% Commission + Free Jackets & Sweaters MWJ 25092301,Aelfric Eden,2025-10-09,2026-10-09,10.00%,5000.0,4361.55,0,800,false
[B0F8QQVRZG],amzn1.campaign.30XJ9A8HMQ6TS,20 Pcs Adjustable Metal Arm Display Stand with Acrylic Base Silver Easel,LECEHIVO,2025-09-24,2026-09-24,10.00%,5000.0,4989.9,0,800,false
[B0F8VC7MBX],amzn1.campaign.YR5PL2D33MFB,85 Pcs Squeakers Dog Toys Bulk with 3 Models Plastic Dog Toy,LECEHIVO,2025-09-24,2026-09-24,10.00%,5000.0,5000.0,2,800,false
[B0F8VKMBTR],amzn1.campaign.27132LE6J72XY,12 Pcs Home for Sale Signs,LECEHIVO,2025-09-24,2026-09-24,10.00%,5000.0,5000.0,0,800,false
"[B0D2RMXGNR, B0F3776B79, B0FMJLT3TS, B0CJ533T7C, B0CG2VPS8H, B0CNYTZ42R]",amzn1.campaign.WPTPFGXT2ZLL,"EZ Pass Holder: Secure, Visible, for Easy Toll Access!-Commission rate:10%",Zeyitian,2025-09-25,2026-09-25,10.00%,10000.0,10000.0,6,800,false
"[B0D2RMXGNR, B0F3776B79, B0FMJLT3TS, B0CJ533T7C, B0CG2VPS8H, B0CNYTZ42R]",amzn1.campaign.X4828WM9J0QZ,"EZ Pass Holder: Secure, Visible, for Easy Toll Access!-Commission rate:15%",Zeyitian,2025-09-25,2026-09-25,15.00%,10000.0,9976.76,0,800,false
[B0F3HRN1QB],amzn1.campaign.4XQTTQ4QE5ID,25 Pcs Glass Jars with Plastic Woodgrain Lids and Inner Liners,LECEHIVO,2025-09-24,2026-09-24,10.00%,5000.0,5000.0,0,800,false
[B0F9KY1XWJ],amzn1.campaign.288TE47WIOD4P,24 Pcs Ankle Skip Ball Flash Wheel Swingball,LECEHIVO,2025-09-24,2026-09-24,10.00%,5000.0,4990.4,0,800,false
[B0FB2PSW8R],amzn1.campaign.1DKSE7QC9C4BR,63 Pack Glass Bud Vases Bulk 4.22 oz Mini Flower Vases,LECEHIVO,2025-09-24,2026-09-24,10.00%,5000.0,5000.0,0,800,false
"[B09T2XQ73P, B09T33VDG2]",amzn1.campaign.3KPXPQOGH1VSU,No More Squinting Issues! Elevate with a Sun Visor Extender!-Commission rate:10%,Zeyitian,2025-09-25,2026-09-25,10.00%,10000.0,10000.0,15,800,false
"[B0DSWL5GSR, B0DSWM5D9X, B0DSWLFLQM]",amzn1.campaign.KHT7IY4DZ0PT,C款大码护膝-20250923,Feamero,2025-09-24,2026-09-24,15.00%,5000.0,4764.56,0,800,false
"[B09T2XQ73P, B09T33VDG2]",amzn1.campaign.3SFYTMT4EA795,No More Squinting Issues! Elevate with a Sun Visor Extender!-Commission rate:15%,Zeyitian,2025-09-25,2026-09-25,15.00%,10000.0,9960.71,6,800,false
[B0FCM7LLXB],amzn1.campaign.39H5AFN917AL,3 Pcs Flatware Dishwasher Basket with Handle,LECEHIVO,2025-09-24,2026-09-24,10.00%,5000.0,5000.0,0,800,false
[B0FD77T91X],amzn1.campaign.2W348LKTSW7HN,4 Pcs 7 Tier Acrylic Card Display Stand 12 in Versatile Stand,LECEHIVO,2025-09-24,2026-09-24,10.00%,5000.0,4996.01,0,800,false
[B0FBG95PS5],amzn1.campaign.31KOKYLMNBB5D,LECEHIVO 120 Sheets 30 x 40 Inch Acid Free Archival Tissue Paper,LECEHIVO,2025-09-24,2026-09-24,10.00%,5000.0,4985.1,0,800,false
[B0FL1XK1PG],amzn1.campaign.F056MFU93PHG,Teeth Whitening Pen,HONGDA Design,2025-09-24,2026-09-24,10.00%,5000.0,4999.4,0,800,false
[B0FCBYMY5W],amzn1.campaign.3LOA79IMATBY5,8 Pcs 34 oz Vintage Glass Jars with Lids and Spoons,LECEHIVO,2025-09-24,2026-09-24,10.00%,5000.0,4981.6,0,800,false
"[B0D1K9CVB9, B0D1K6TDW6, B0CZL345DT, B0CWV4S78Q]",amzn1.campaign.1A95MH73C8KKM,Done with Drink Spills? Get The Cup Holder Expander!-Commission rate:15%,Zeyitian,2025-09-25,2026-09-25,15.00%,10000.0,9933.54,0,800,false
[B0FCLV5XPY],amzn1.campaign.61FR2DLW5CQ4,Vrurc-YB-01,Vrurc,2025-09-24,2026-09-24,15.00%,5000.0,4967.99,0,800,false
"[B0D1K9CVB9, B0D1K6TDW6, B0CZL345DT, B0CWV4S78Q]",amzn1.campaign.1BJVICGZMOGUX,Done with Drink Spills? Get The Cup Holder Expander!-Commission rate:10%,Zeyitian,2025-09-25,2026-09-25,10.00%,10000.0,10000.0,1,800,false
"[B0FDQSJJNK, B0FDQQ8DLL]",amzn1.campaign.Q7D6GNZL7NHG,Vrurc-Cat Toy-02,Vrurc,2025-09-24,2026-09-24,15.00%,5000.0,4989.97,0,800,false
[B0FCXLXNJ5],amzn1.campaign.3A1UXTYMIE5CN,60 Pcs Place Card Holders Modern Table Number Stands,LECEHIVO,2025-09-24,2026-09-24,10.00%,5000.0,5000.0,0,800,false
"[B0FRR42F24, B0FRFQK6G4]",amzn1.campaign.T9X37NKMNQ92,Alternative Inversion Traction Table,WUGCHDA,2025-09-24,2026-09-24,12.00%,5000.0,4822.43,0,800,false
[B0FL28KFF6],amzn1.campaign.JMK8P11UU60E,2 Pack Airtag Cat Collar,HONGDA Design,2025-09-24,2026-09-24,10.00%,5000.0,4999.3,0,800,false
"[B0FRR42F24, B0FRFQK6G4]",amzn1.campaign.2XJ59QPI109U0,腰椎拉伸机,WUGCHDA,2025-09-24,2026-09-24,10.00%,5000.0,5000.0,14,800,false
[B0FL27GDTV],amzn1.campaign.234IDYXDE0T7Y,2-in-1 Waterproof Dual-Head Eyebrow Pencil,HONGDA Design,2025-09-24,2026-09-24,10.00%,5000.0,5000.0,0,800,false
[B0FL28CF65],amzn1.campaign.3EL2KC71LMWOB,Contact Lens Applicator & Remover Kit,HONGDA Design,2025-09-24,2026-09-24,10.00%,5000.0,5000.0,2,800,false
[B0F99HVSRT],amzn1.campaign.1KBGHXQ204VK9,4 Pcs Pregnancy Pillow Cover,LECEHIVO,2025-09-24,2026-09-24,10.00%,5000.0,5000.0,0,800,false
[B0FLDMLPRY],amzn1.campaign.3VQU3R7K7C7YP,77-04  Roof Rack Cross Bars Compatible with Toyota 4Runner 2025,Tuyoung,2025-09-24,2026-09-24,10.00%,5000.0,4893.9,0,800,false
[B0FDG7VMKQ],amzn1.campaign.2VH77J0ILPOZC,4 Pcs Small Round Keys Basket Fruit Woven Bowl Basket,LECEHIVO,2025-09-24,2026-09-24,10.00%,5000.0,5000.0,0,800,false
[B0FL2H4QBB],amzn1.campaign.3T58V55UOZ9CZ,Soft & Absorbent Disposable Face Towels,HONGDA Design,2025-09-24,2026-09-24,10.00%,5000.0,5000.0,0,800,false
[B0F7HBCW5Q],amzn1.campaign.1B9WNAAL7ZVWT,"Beautful & Durable New Car Dog Cover Back Seat, Limited time 5 Days, 15% off",PETURE,2025-09-24,2026-09-24,10.00%,5000.0,5000.0,0,800,false
[B0FL1X3YNM],amzn1.campaign.3BD1FOGS7HJ1D,Stainless Steel Gardening Scissors,HONGDA Design,2025-09-24,2026-09-24,10.00%,5000.0,5000.0,0,800,false
"[B0FMJ4TYDP, B0FMHX26CD, B0FMHZRV5Z, B0FMJGG7MT]",amzn1.campaign.1IHNROJLLNACJ,ILRITYLK,ILRITYLK,2025-09-24,2026-09-24,10.00%,5000.0,4971.53,0,800,false
"[B0FQJJJDTM, B0FQJHSMPW]",amzn1.campaign.CZESQ9TTWEG9,Black Leather Crossbody Bag with Gold Chain Detail 37552,GLADDON MODA,2025-09-24,2026-09-24,12.00%,8888.0,8888.0,0,800,false
"[B0FMFNW1CH, B0FMFP5XCL, B0FMFN5WRL, B0FMFNKW1J, B0FMFQ3QXX, B0FMFNJJYH]",amzn1.campaign.6BRGJNZ6CT37,✨🎁 Best Gift- Heart Layered Necklace For Women 🎉💝,Mevecco,2025-09-24,2026-09-24,20.00%,5000.0,4990.4,0,800,false
"[B0D2LDT2WX, B0CSYMSYNB, B0B592RKP9]",amzn1.campaign.1KRGXR5J5FXKJ,Car Cup Holder Expander: Finally Fits All Drinks Perfectly!-Commission rate:10%,Zeyitian,2025-09-25,2026-09-25,10.00%,10000.0,10000.0,0,800,false
"[B0D2LDT2WX, B0CSYMSYNB, B0B592RKP9]",amzn1.campaign.RQ54LUQEOTOU,Car Cup Holder Expander: Finally Fits All Drinks Perfectly!-Commission rate:15%,Zeyitian,2025-09-25,2026-09-25,15.00%,10000.0,9965.92,0,800,false
[B0FCC4G46C],amzn1.campaign.ARB3BC7IO7YK,32 Pcs Clear Paint Cans with Metal Lids 3 x 3 Inch DIY Mini Empty Bucket,LECEHIVO,2025-09-24,2026-09-24,10.00%,5000.0,4982.9,0,800,false
[B0FCLD6LD9],amzn1.campaign.5MWFDFH639BJ,28 Pcs Bamboo Hair Brush Bulk Anti Static Lightweight Paddle Brush,LECEHIVO,2025-09-24,2026-09-24,10.00%,5000.0,4993.0,0,800,false
[B0FCRXJK6S],amzn1.campaign.2YGJLKTBSIXO9,3 Pcs Concrete Brush Horsehair Bristles,LECEHIVO,2025-09-24,2026-09-24,10.00%,5000.0,5000.0,0,800,false
"[B0FQJFSNT6, B0FQJJT33F, B0FQJKN9XV, B0FQJKGD7Z]",amzn1.campaign.2806KFECQBLPV,GLADDON MODA Multi - Pocket Adjustable Crossbody Bag 40202,GLADDON MODA,2025-09-24,2026-09-24,12.00%,8888.0,8888.0,0,800,false
[B0F9WMWW5Y],amzn1.campaign.3F4BF2LUAO3JN,84 Pcs Mother's Day Empty Jewelry Gift Boxes Packing with Lids,LECEHIVO,2025-09-24,2026-09-24,10.00%,5000.0,5000.0,1,800,false
[B0FBGN57CP],amzn1.campaign.3R6A2UDR1EDLW,14 Pcs 15.7 Inch 6 Ball Waterfall Slatwall Hooks Metal Slat Wall,LECEHIVO,2025-09-24,2026-09-24,10.00%,5000.0,5000.0,8,800,false
[B0FCBVPG9G],amzn1.campaign.1JRGK9PMKVDCL,300 Pcs Forks and Spoons Silverware Set,LECEHIVO,2025-09-24,2026-09-24,10.00%,5000.0,4974.3,0,800,false
[B0FC2L68MM],amzn1.campaign.12A1U7TRZ7B3U,16 Pcs 32 oz Plastic Spice Jars with Black Shaker Cap Large Bottle,LECEHIVO,2025-09-24,2026-09-24,10.00%,5000.0,5000.0,0,800,false
"[B0FQJD5LDG, B0FQJJGZ15, B0FQJDSMN2]",amzn1.campaign.3GDIN6MRE3P15,GLADDON MODA Women's Black Ruched Leather Shoulder Bag 37557,GLADDON MODA,2025-09-24,2026-09-24,12.00%,8888.0,8888.0,0,800,false
[B0FL25MRXQ],amzn1.campaign.3O11GMG51OZ8Z,Rechargeable Wireless Pet Clipper,HONGDA Design,2025-09-24,2026-09-24,10.00%,5000.0,4996.5,0,800,false
"[B0FDVXVCQ4, B0FDWHNYHX]",amzn1.campaign.2ZT9DLYCL59LO,T169玩具鞋,crossmoon,2025-09-24,2026-09-24,10.00%,5000.0,4950.6,0,800,false
[B0DWZS2VF3],amzn1.campaign.Q8UNB4PE3TDD,The Solar Outdoor Floor Lamp with a Realistic Flame.,LIANGTUKING,2025-09-24,2026-09-24,10.00%,5000.0,4939.78,6,800,false
[B0FD7286B2],amzn1.campaign.3FO1HCJ7QTM6H,LECEHIVO 40 Pcs Shrink Plastic Sheets DIY Handprint Keychains,LECEHIVO,2025-09-24,2026-09-24,10.00%,5000.0,5000.0,0,800,false
[B0FDFZJL7Y],amzn1.campaign.1MOASNEB6I6TQ,120 Pcs Clear Drawstring Bags Bulk Clear Waterproof PVC Drawstring Backpack,LECEHIVO,2025-09-24,2026-09-24,10.00%,5000.0,5000.0,0,800,false
[B0FC2DC96C],amzn1.campaign.1NGHIIIROGNAF,8 Pcs Acrylic Guest Towel Napkin Holder,LECEHIVO,2025-09-24,2026-09-24,10.00%,5000.0,4990.81,0,800,false
"[B0B8NLPVTH, B0DLZHSJ8Z, B0B8GWYL13, B0B8HFFM8Q, B0DHFZW3YX, B07LBLN577, B09KRVJ4FX, B0DM22L62V, B0B8GZNZ9W, B0B8NJ9TSQ, B0DRP24ZGD, B09KLWCGYP, B0DM24PT7W, B0B8GZB2GQ, B0DM21MWTY, B0B8NLSL1Z, B0B8H9TPPL, B075WY8DGQ, B0DLZM1LDT, B0B7VW3R17, B0DM1TC4RZ, B0DRP2WQMP, B0B8H6HD67, B0B8GW24TR, B0DRP1Y9T9, B0DRP4K3Y7, B0DM1ZCNBL, B0DRP4VYK1, B0DM25JZ3J, B0B7VW2S2K, B0DRP28WHR, B0B8GWZ16H, B09KLTN6P6, B0B8NGHJWF, B07JJ4X592, B0DRP4G13T, B0CXMH798K, B0DRP42KBT, B0DRP4NHFB, B0DRP4JC7R, B0DHG45F66, B0B8NGL5FW, B0DRP42NDV, B07LBK1WYZ, B0DRP2RFJ3, B0B8H8FHD5, B07LB762R6, B0DRP4WRSS, B0DHGB6SSH, B0DRP3F21S, B0B8NDS73Y, B0B7VR985D, B0B8NL1G2Z, B076B4WRTN, B0DHG89MS8, B0DRP2SQD4, B0DHFWN461, B0B8NHZQN3, B07JGN3B3D, B0DLZRTXQ5, B0DHG8MNLW, B09KRVG6K6, B0DHFYXB8S, B0DHG76TP3, B0DRP2DFJR, B0DM11QHRM, B0B8NH1JMM, B0DLZDXBNM, B0DRP4Z4LJ, B0CXMG8LJQ, B0DRP6X7C2, B0B8H7ZWLQ, B07LBK681X, B0B8GYPZZM, B0B7VFP3TX, B0DRP3SLLS, B0DRP2BMV2, B0DRP3Y995, B0B8NGBGDG, B0B8NG44YX, B0DLZLVFQF, B0DRP2PXR7, B0DM136D5N, B0DLZVLV54, B075WSS64P, B0DRP5H8YG, B076B3YM56]",amzn1.campaign.2X3JQ9MAVRQOO,站外推广,top4cus,2025-09-25,2026-09-25,35.00%,10000.0,9995.12,0,800,false
"[B0FQJDC3C6, B0FQJFLNR6, B0FQJCL32P, B0FQJFFRNK]",amzn1.campaign.QSKK08ED8HFG,Woven Tote Bag with Adjustable Strap 37321,GLADDON MODA,2025-09-24,2026-09-24,12.00%,8888.0,8888.0,0,800,false
[B0FCLXR6SS],amzn1.campaign.3JMEKBJUMM5SO,32 Set Manicure Kit Bulk with Travel Bag,LECEHIVO,2025-09-24,2026-09-24,10.00%,5000.0,5000.0,0,800,false
"[B0B8NLPVTH, B0DLZHSJ8Z, B0B8GWYL13, B0DHFZW3YX, B07LBLN577, B09KRVJ4FX, B0DM22L62V, B0B7VBCCZ2, B0B8GZNZ9W, B0B8NJ9TSQ, B0DRP24ZGD, B09KLWCGYP, B0DM24PT7W, B0B8GZB2GQ, B0DM21MWTY, B0B8NLSL1Z, B0B8H9TPPL, B075WY8DGQ, B0DLZM1LDT, B0B7VW3R17, B0DM1TC4RZ, B0DRP2WQMP, B0B8H6HD67, B0B8GW24TR, B0DRP1Y9T9, B0DRP4K3Y7, B0DM1ZCNBL, B0DRP4VYK1, B0DM25JZ3J, B0B7VW2S2K, B0DRP28WHR, B0B8GWZ16H, B09KLTN6P6, B0B8NGHJWF, B07JJ4X592, B0DRP4G13T, B0CXMH798K, B0DRP42KBT, B0DRP4NHFB, B0DRP4JC7R, B0DHG45F66, B0B8NGL5FW, B0DRP42NDV, B07LBK1WYZ, B0DRP2RFJ3, B0B8H8FHD5, B07LB762R6, B0DRP4WRSS, B0DHGB6SSH, B0DRP3F21S, B0B8NDS73Y, B0B7VR985D, B0B8NL1G2Z, B076B4WRTN, B0DHG89MS8, B0DRP2SQD4, B0DHFWN461, B0B8NHZQN3, B07JGN3B3D, B0DLZRTXQ5, B0DHG8MNLW, B09KRVG6K6, B0DHFYXB8S, B0DHG76TP3, B0DRP2DFJR, B0DM11QHRM, B0B8NH1JMM, B0DLZDXBNM, B0DRP4Z4LJ, B0CXMG8LJQ, B0DRP6X7C2, B0B8H7ZWLQ, B07LBK681X, B0B8GYPZZM, B0B7VFP3TX, B0DRP3SLLS, B0DRP2BMV2, B0DRP3Y995, B0B8NGBGDG, B0B8NG44YX, B0DLZLVFQF, B0DRP2PXR7, B0DM136D5N, B0DLZVLV54, B075WSS64P, B0DRP5H8YG, B076B3YM56]",amzn1.campaign.MVQP9PXJTTYX,站外推广,top4cus,2025-09-25,2026-09-25,35.00%,10000.0,9991.97,0,800,false
[B0F9L66PLY],amzn1.campaign.19HWHNBYBC2QU,350 Pcs 3 oz Mini Dessert Cups Disposable Plastic Ice Cream Cups,LECEHIVO,2025-09-24,2026-09-24,10.00%,5000.0,5000.0,0,800,false
[B0F2YQVHRL],amzn1.campaign.10GM2T8X76WGS,240 Pieces Valentine's Day Heart Shaped Crystal Bulk with Black Flannel Bags,LECEHIVO,2025-09-24,2026-09-24,10.00%,5000.0,4993.8,0,800,false
[B0F48BPQSH],amzn1.campaign.39ENXFAD9QIKF,2 Pcs 6 Gallon Glass Jar with Lid Large Airtight Food Storage Canister,LECEHIVO,2025-09-24,2026-09-24,10.00%,5000.0,4986.0,0,800,false
[B0FBW9NH96],amzn1.campaign.351F4HG5JTSWJ,48 Pcs Shot Glass Bulk Set with Stem 1.5 oz Mini Cordial Glasses,LECEHIVO,2025-09-24,2026-09-24,10.00%,5000.0,4985.3,0,800,false
[B0FC28CKKD],amzn1.campaign.1BS59DF9JEDZP,14 Pcs 293 4 Round Shallow Electrical Box Galvanized Steel Pancake Box,LECEHIVO,2025-09-24,2026-09-24,10.00%,5000.0,4996.4,0,800,false
[B0F9YK3ZWD],amzn1.campaign.3TKT9N02TRB2E,15% Commission | Gothic Black Robe Resin Statue | Dark Fantasy Decor,SHENGTIAN,2025-09-24,2026-09-24,15.00%,50000.0,49997.9,0,800,false
[B0F5WJ83LR],amzn1.campaign.37H735EIEPV50,"30 Pcs Metal Butterfly Decorations 2.36 Inches, 3.94 Inches, 5.91 Inches",LECEHIVO,2025-09-24,2026-09-24,10.00%,5000.0,4997.8,0,800,false
"[B0FC2F46GB, B0FC2DRRLY, B0FC2FFKQM, B0FC2B8HSV, B0FC2FJZYV, B0FC2DXZZ7, B0FC2H4C4X, B0FC2HMWCB, B0FC2GY5H6, B0FC2LFKX6, B0FC2G8D59, B0FC2F4RMM, B0FC2GDS1W, B0FC2FPY3X, B0FL2CXVZS, B0FC2DKGBN, B0FC2JGCYH, B0FQTTZYL7, B0FC2DGQYN, B0FC2BC7BQ, B0FC2GLFLR, B0FPC71RJG, B0FL25MZFH, B0FC2C71CX, B0FC2FTLZ4, B0FC2C6RXH]",amzn1.campaign.SP0E7S39RDI1,"DD DEMOISELLE Bandeau Bras for Women, Wireless Strapless Bra commission rate 10%",DD DEMOISELLE,2025-09-24,2026-09-24,10.00%,5000.0,4998.25,0,800,false
"[B09NVQS5NY, B0BXWFWKS8, B0B2QZSTCT, B0B2QZVBSX, B0BXWGR5JP, B0BXWF3TZZ, B09NVNP2XP, B0BX2SD7GD, B0BX2SKGJ6, B0CM9DNNQ7, B0B1LNYQGM, B0BXWFDQWT, B0DCGB7C7G, B0D78G3PX2, B0B19YQK94, B09NVP24JZ, B0BX2SHKVM, B0BR12FR64, B0D78FPRWC, B0BX2PVLT8, B0D78F48VJ, B0D78FL5R6, B09QM44CY1, B09QM5CX3N, B0B2QMVFF3, B0BX2STBKK, B0D78FDH5H, B0B19Y97YY, B0BXWHTNKY, B0CYP89CYH, B09NVPMGLB, B09NVNY7V2, B09NVPHRTZ, B0B1LCRW5N, B0B1LHN6BQ, B0C286631N, B09NVPZCQK, B0B2QYPXZX, B09QM55RQ1, B0DCFXFF7Z, B0B19XQFB7, B09QM83XX8, B0C46DN4PW, B0BXWF7XQB, B0B2QZXJX9, B09ZL9QJ8W, B0CM9FC9X5, B0DSSS7SGZ, B09ZLC7D1W, B0B1L81S19, B0C46B989C, B0CM9DPKX1, B0B19ZN6XC, B09NVNZR3M, B0CM9HCYKK, B0CM9C9GCD, B0D78FN6RD, B0C46D3LGC, B0DCC3CFKV, B0B19Y5F59, B0D78FW8SN, B0C33FBZ7W, B0DQ78YH5G, B0CM9F4VM6, B0C46CVH3C, B0BX2W29LS, B0B2R1Y2MC, B09NVPWW87, B0C46GHJ1D, B0BX2RMZVY, B0BLSRDN9M, B0BXWHH535, B0DCFYQ2RD, B0B8NMJ5RD, B0BXWHGFCZ, B0D78FSL7B, B0B19WKZD7, B09QPDLDTQ, B09QM49419, B0B21BRF88, B0D78FC6Y5, B0CM9DWYG5, B0B2R11N7L, B0C46C5TDC, B0CYP87V1F, B0BX2T26SW, B09QPMK7QR, B09QM3PLQ6, B0BX2RNV2L, B0CYP3N1X9, B09QM41CVW, B0CYP9QW9Y, B09NVPLN1W, B0BLSR61FH]",amzn1.campaign.3N51E9BZIGOC,"Derby Hat Collab | Easy Commissions, Hot Product!🔥",YIDINGCO,2025-09-24,2026-09-24,10.00%,10000.0,10000.0,0,800,false
[B0FCM2XK55],amzn1.campaign.1DY4Z417TOU21,14 Pcs Nylon Pennants Flags 12 x 18 Inch Outdoor Blank Pennants Flags,LECEHIVO,2025-09-24,2026-09-24,10.00%,5000.0,4996.7,0,800,false
[B0FCRP3VNR],amzn1.campaign.BU942IP44NFR,30 Pcs Solar Power Tea Lights Reusable Flameless Candle,LECEHIVO,2025-09-24,2026-09-24,10.00%,5000.0,5000.0,0,800,false
"[B0CLJGQY2X, B0DPPNKPXZ, B0CR933898, B0DT9PLDSM, B0DHVZMFPH, B0CD5FBY8P, B0FCS6S416, B0CLJF5DDJ, B0DTDSM1Z9, B0CPYN39W8, B0FCSDKCWM, B0CPW4LW9D, B0DT9RWY96, B0DHVSL294]",amzn1.campaign.266LJFV0XM4Z4,High-Conversion Mini Flashlight – Earn 10% Commission,UNROEVS,2025-09-24,2026-09-24,10.00%,5000.0,4989.9,0,800,false
[B0FNZXTSTQ],amzn1.campaign.2Z4U524LC3NOS,Suntung android tablet affiliate program,SUNTUNG,2025-09-24,2026-09-24,10.00%,50000.0,49632.62,0,800,false
[B0FDGHFDKL],amzn1.campaign.13JPNSDQNW71Y,12 Pcs Bistro Aprons with Extra Long Waist Ties and Two Pockets,LECEHIVO,2025-09-24,2026-09-24,10.00%,5000.0,5000.0,0,800,false
"[B0CJRDMKMV, B0CJRCZCMC, B0CJRF9GXG, B0CJRDP9R7, B0F4DCDLK9, B0F4D63QT8, B0F4D92TL1, B0F4D3RFWM, B0CJRD1PG1, B0CJRF92SG, B0CJRF21ZX, B0CJRF23PK, B0CJRCXKML, B0CJRDJ357, B0CJRF5FM7, B0CJRDD65J, B0CJRF2N6K, B0F4D7SXQ4, B0CJRDTCS1, B0CJRFC69L, B0CJRF87Q6, B0F4D8L1VR, B0CJRF23P8, B0CJRCFXY1, B0CJRFTVRG, B0CJRDMKMG, B0F4D64MZ9, B0CJRCCJV3, B0CJRFWRR8, B0F4D1YX6H, B0CJRG4LRB, B0CJRDJBD8]",amzn1.campaign.2YYMCWUCAYJ6P,Dsource Over Knee Sport Soccer Tube School Running Socks commission rate 10%,DSOURCE,2025-09-24,2026-09-24,10.00%,5000.0,5000.0,0,800,false
[B0F9YMHJGX],amzn1.campaign.1SL48K2D0QFST,320 Pcs Kids Students Sensory Toy,LECEHIVO,2025-09-24,2026-09-24,10.00%,5000.0,4995.7,0,800,false
[B0D4215FR5],amzn1.campaign.12UHDK8L4RD4Z,15% Commission | Resin Elephant Family Statue | Lucky Home Decor,SHENGTIAN,2025-09-24,2026-09-24,15.00%,50000.0,49993.4,0,800,false
[B08CXRDNQN],amzn1.campaign.2KZV3F7QSA1C9,Monthly sales 2K+ pcs 10%commission for 87 Pc Wood Chisel Set Perfect  Promotion,KingTool,2025-09-24,2026-09-24,10.00%,5000.0,4976.45,0,800,false
"[B0B8NLPVTH, B0DLZHSJ8Z, B0B8GWYL13, B0B8HFFM8Q, B0DHFZW3YX, B07LBLN577, B09KRVJ4FX, B0DM22L62V, B0B7VBCCZ2, B0B8GZNZ9W, B0B8NJ9TSQ, B0DRP24ZGD, B09KLWCGYP, B0DM24PT7W, B0B8GZB2GQ, B0DM21MWTY, B0B8NLSL1Z, B0B8H9TPPL, B075WY8DGQ, B0DLZM1LDT, B0B7VW3R17, B0DM1TC4RZ, B0DRP2WQMP, B0B8H6HD67, B0B8GW24TR, B0DRP1Y9T9, B0DRP4K3Y7, B0DM1ZCNBL, B0DRP4VYK1, B0DM25JZ3J, B0B7VW2S2K, B0DRP28WHR, B0B8GWZ16H, B09KLTN6P6, B0B8NGHJWF, B07JJ4X592, B0DRP4G13T, B0CXMH798K, B0DRP42KBT, B0DRP4NHFB, B0DRP4JC7R, B0DHG45F66, B0B8NGL5FW, B0DRP42NDV, B07LBK1WYZ, B0DRP2RFJ3, B0B8H8FHD5, B07LB762R6, B0DRP4WRSS, B0DHGB6SSH, B0DRP3F21S, B0B8NDS73Y, B0B7VR985D, B0B8NL1G2Z, B076B4WRTN, B0DHG89MS8, B0DRP2SQD4, B0DHFWN461, B0B8NHZQN3, B07JGN3B3D, B0DLZRTXQ5, B0DHG8MNLW, B09KRVG6K6, B0DHFYXB8S, B0DHG76TP3, B0DRP2DFJR, B0DM11QHRM, B0B8NH1JMM, B0DLZDXBNM, B0DRP4Z4LJ, B0CXMG8LJQ, B0DRP6X7C2, B0B8H7ZWLQ, B07LBK681X, B0B8GYPZZM, B0B7VFP3TX, B0DRP3SLLS, B0DRP2BMV2, B0DRP3Y995, B0B8NGBGDG, B0B8NG44YX, B0DLZLVFQF, B0DRP2PXR7, B0DM136D5N, B0DLZVLV54, B075WSS64P, B0DRP5H8YG, B076B3YM56]",amzn1.campaign.EP47HWHFUCUY,站外推广,top4cus,2025-09-24,2026-09-24,35.00%,10000.0,9997.55,0,800,false
"[B0D7CH35TY, B0D7CGPZ7V, B0D7CHBH16, B0F1CJPB1Q, B0D7CHC5NR, B0F839M6LH, B0D7CF2V7J, B0D7CJ381D, B0D7CHL75Y, B0F1CNSL1T, B0D7CFKRV8, B0D7CJ5NMF, B0D7CHYBNM, B0D7CJSVZZ, B0D7CH2QTN, B0F1CM6V4X, B0D7CJ263D, B0D7CDVNNF, B0F48FZQYK, B0DWRRRDVW, B0D7CJ6R3D, B0D7CGHVNR, B0D7CG6P2Q, B0F1CPR27G]",amzn1.campaign.N9H3Q6UXTOXA,"Forfoot Platform Slippers, Snow Boots Platform Slippers commission rate 10%",Forfoot,2025-09-24,2026-09-24,10.00%,5000.0,4897.4,0,800,false
[B0FB99WJ2K],amzn1.campaign.3L2TSK7IZIJJS,18 Pcs Dominoes Mexican Train Hub Domino,LECEHIVO,2025-09-24,2026-09-24,10.00%,5000.0,5000.0,4,800,false
"[B0C5CYN9CG, B0C5D1G5XC]",amzn1.campaign.24382Z66CN1VJ,PLAY 10 Interlocking Foam Tiles City Road Track Puzzle Mat commission rate 10%,PLAY 10,2025-09-24,2026-09-24,10.00%,5000.0,4995.52,5,800,false
[B0FDKVDTPJ],amzn1.campaign.2BXIRUL0FNAEV,35 Pcs Kinesiology Tape Pre Cut Elbow Tape,LECEHIVO,2025-09-24,2026-09-24,10.00%,5000.0,5000.0,2,800,false
[B0FC6CY7YJ],amzn1.campaign.3HPUON46AMDK7,5 Pcs Liquid Laundry Detergent Dispenser 78 oz Clear Soap Powder Container,LECEHIVO,2025-09-24,2026-09-24,10.00%,5000.0,4976.0,0,800,false
[B0FCRHLPVP],amzn1.campaign.2ETWEMUX6ZROC,21 Pcs Kids Science Learning Toys 3X Easy Grasp Magnifying Glass,LECEHIVO,2025-09-24,2026-09-24,10.00%,5000.0,5000.0,0,800,false
"[B0FKGN94KM, B0D4PKBN5H, B0D4Q147PM, B0DHVPRJLM, B0D2N2LCYP, B0FKGQ51ZW, B0D3Q542JL, B0D2MX5NVB, B0D4QGG8NQ, B0DGXTF1CX, B0DKDTJFLP, B0D4LTQYPY, B0D4M1JLN8, B0D4LLMPS8, B0D4QSQFNS, B0D94FYWXN, B0D4L262VR, B0D4LMR9TB, B0D4M1MSGR, B0D2MXFQCY, B0D2N2CK81, B0D2L8CM6Z, B0D4QQKTJ1, B0FKGTZRBF, B0D4Q2Y4HB, B0D4QNYFJ8, B0D4QGPXKY, B0DFHC24J7, B0DJLL2YFZ, B0FKGS273P, B0D4L5DXJK, B0D2MZJN28, B0D4LCPWZD, B0D2MZ2RY5, B0D2MZJRFQ, B0D4L43N35, B0D4QG5L13, B0D94J2415, B0CQMFRRYW, B0D2MY53MS, B0D2MYHMQB, B0D4QJRL5S, B0FKGMBS87, B0D4QW3N96, B0D2HLNZGN, B0D2MYBHTM, B0CK6RZ7W2, B0CK6TLKBF, B0D4LQWVQM, B0D4LZ5QLS]",amzn1.campaign.2K9DQM8BC679A,"Top-Rated Cabin Air Filter | Breathe Fresh, Drive Easy | Apply Now",ZEZUT,2025-10-01,2026-10-01,10.00%,5000.0,4302.08,0,800,false
[B0F99N68DT],amzn1.campaign.3OU3SNAFO8A7O,"4 Set Nautical Candle Lantern 5.5"" x 5.5"" x 6.3 LED Battery Operated",LECEHIVO,2025-09-24,2026-09-24,10.00%,5000.0,4994.4,0,800,false
[B0FCRZGLH3],amzn1.campaign.DXUK9RSLYJCD,24 Pcs 6 Inch Steel Triangle Instrument with Striker,LECEHIVO,2025-09-24,2026-09-24,10.00%,5000.0,4995.2,0,800,false
"[B0FLF5VKXB, B0F48BYZ8S, B0F4WXSNG3, B0FLF5TRGT]",amzn1.campaign.1KDG9RQSNARWO,Earn 10% Commission: 8 Pods RGBW LED Rock Lights (Waterproof & Brake Red) 🚗💡,LPNSADK9,2025-09-24,2026-09-24,10.00%,1000000.0,1000000.0,0,800,false
[B0F9DP7GC4],amzn1.campaign.2DX2WJUM38L3V,2 Pcs Parachute with Handles and Plastic Balls 12 Ft Rainbow Parachute Toy,LECEHIVO,2025-09-24,2026-09-24,10.00%,5000.0,5000.0,0,800,false
"[B0DJ2QPTN6, B0DJ2MYDGX, B0DJ2P3HCL, B0DJ2RT828, B0DJ2Q8CMF, B0FDZS3XDD, B0DJ2R3657, B0DJ2Q86VM, B0DJ2PJ41K, B0DJ2QD2R6, B0DJ2PCH97]",amzn1.campaign.193I0BQR9O1M6,Earn 10% Commission: Dusk-to-Dawn Outdoor Globe Wall Light (Waterproof) 💡,Flybling,2025-09-24,2026-09-24,10.00%,1000000.0,1000000.0,0,800,false
[B0DG2V88W9],amzn1.campaign.3S8AYXTG65P38,Monthly sales of 1000 pcs +B0DG2V88W9 Gun Cleaning Kit+10% commission,TOPHDY,2025-09-24,2026-09-24,10.00%,5000.0,4958.0,13,800,false
[B0FC2K8LJH],amzn1.campaign.3OHFRKSOC8IMI,LECEHIVO 26 Pcs Paint Wooden Castle Crafts Kit with Paint Brushes,LECEHIVO,2025-09-24,2026-09-24,10.00%,5000.0,5000.0,3,800,false
[B0FC65M9G1],amzn1.campaign.IX9DT30Z31RM,36 Pcs Spike Tape Sets 1/2 in Wide x 65 ft Length,LECEHIVO,2025-09-24,2026-09-24,10.00%,5000.0,5000.0,10,800,false
[B0F9XVJQ88],amzn1.campaign.2074JBG1MYZJM,Earn 10% Commission: Adjustable Acrylic Purse Stand for Closets & Retail,SHUNKAIZS,2025-09-24,2026-09-24,10.00%,1000000.0,1000000.0,0,800,false
[B0FJRDDVKZ],amzn1.campaign.7LKIS8MK1EET,Invitation to Collaborate: Promote Our 5-Inch Mini Monitor with Amazon Creator,ROADOM,2025-09-24,2026-09-24,10.00%,5000.0,4959.0,0,800,false
[B0DFX1C1Q1],amzn1.campaign.1JTVM20VT8L4,Bracelet Making Kit commission 10%   When: September 24 to November 30,QDGMXIV,2025-09-24,2026-09-24,10.00%,20000.0,20000.0,13,800,false
[B0F796RG3Q],amzn1.campaign.6EFA76MO8WSA,60+ Monthly Sales | 10% Commission | Bear Golf Driver Headcover | Long-Term,Dragon tiger,2025-09-24,2026-09-24,10.00%,5000.0,4948.89,0,800,false
"[B0F79XL843, B0F79SL5RS, B0F79ST2C8]",amzn1.campaign.XV7WM4X2JENS,60+ Monthly Sales | 10% Commission | Skull Golf Head Cover | Long-Term,Dragon tiger,2025-09-24,2026-09-24,10.00%,5000.0,4982.26,9,800,false
"[B0CMCBLKRW, B09TGBTJZ8, B0D2ZBGCJX]",amzn1.campaign.VNFB8OEI70SP,76 Pcs Paper Crowns for Kids Boys Girls Adults Princess Prince King,Axeyil,2025-09-24,2026-09-24,10.00%,5000.0,4918.2,0,800,false
"[B07KXWLJ1B, B0D83QNSKV, B0DF5M4HRC, B0D7PRH6GJ, B0D83KZSPL, B0D83R5LGH, B0DF5N8Y18, B07KXWTCQD, B07KXVY7VM, B0D83NS1T6, B0D83RPYG1, B0D83PXDRF, B0DF5PLNSC, B0D83N3227, B0D83PQK22, B0DF5M3F6K]",amzn1.campaign.26LYJJGDP0MP4,z1,URRCFIO,2025-09-24,2026-09-24,10.00%,5000.0,4768.6,0,800,false
[B0D97WM1KP],amzn1.campaign.3UYOY9DMWRA1I,Gifaich Chrome Round Chandelier Promotion Plan,Gifarich,2025-09-24,2026-09-24,15.00%,5000.0,5000.0,0,800,false
[B0D97XJ87Z],amzn1.campaign.3CS5T5385L48N,Gifarich Gold Round Chandelier Promotion Plan,Gifarich,2025-09-24,2026-09-24,15.00%,5000.0,5000.0,0,800,false
"[B0DT9SV1J6, B0DT9WGZK1]",amzn1.campaign.3U6CM1K3XJHIF,Mfish 65W  Fast Wall Charger  20%,MFish,2025-09-24,2026-09-24,20.00%,100000.0,99886.4,0,800,false
"[B09VXGW8W9, B07GVRCP14, B07GVS6L1V, B09W1J721C]",amzn1.campaign.31MNTGEWHNSBI,Top Selling Oh!mino - B07GVRCP14 - MSA Powders - Creator Connections,Oh!mino,2025-09-29,2026-09-29,15.00%,100000.0,99984.33,0,800,false
"[B0DZQ4DRP5, B0DZQ7L8XW, B0DZPM6RDD, B0DZQ9H8T3]",amzn1.campaign.2LO53841E635M,Best Plant Based Toppings & Snacks + 15% Commission + Free Samples,Madly Hadley,2025-09-24,2026-09-24,15.00%,10000.0,9721.05,0,800,false
"[B0CQPP64RQ, B0CQPN8N25, B0CQPR4GT6, B0CQPPFHWF, B0CQPP1PCY, B0CQPPMWG5]",amzn1.campaign.20DTCJVK3MJLI,Kinisium SafeAlert – Portable Motion Detector for Home & Family Safety - Q4-2025,KINISIUM,2025-09-24,2026-09-24,20.00%,50000.0,49449.96,0,800,false
"[B0FBGK14FF, B0FBGDF2QZ, B0FBGDDSLX, B0FBG955HJ, B0FBGDSQXD]",amzn1.campaign.1BHHZNI75GTUS,"1.72"" Super Retina HD Display 24/7 Heart Rate HRV Spo2+Coupon20％ +15% Commission",EarlySincere,2025-09-24,2026-09-24,15.00%,5000.0,4911.08,0,800,false
"[B0FBGK14FF, B0FBGDF2QZ, B0FBGDDSLX, B0FBG955HJ, B0FBGDSQXD]",amzn1.campaign.3EXE3PZM90UG,"1.72"" Super Retina HD Display 24/7 Heart Rate HRV Spo2+Coupon20％ +14% Commission",EarlySincere,2025-09-24,2026-09-24,14.00%,5000.0,5000.0,0,800,false
"[B0FBGK14FF, B0FBGDF2QZ, B0FBGDDSLX, B0FBG955HJ, B0FBGDSQXD]",amzn1.campaign.3IDHJUFEHH5CO,"1.72"" Super Retina HD Display 24/7 Heart Rate HRV Spo2+Coupon20％ +13% Commission",EarlySincere,2025-09-24,2026-09-24,13.00%,5000.0,5000.0,0,800,false
"[B0FBGK14FF, B0FBGDF2QZ, B0FBGDDSLX, B0FBG955HJ, B0FBGDSQXD]",amzn1.campaign.AP8N1GL27VLK,"1.72"" Super Retina HD Display 24/7 Heart Rate HRV Spo2+Coupon20％ +12% Commission",EarlySincere,2025-09-24,2026-09-24,12.00%,5000.0,5000.0,0,800,false
"[B0FBGK14FF, B0FBGDF2QZ, B0FBGDDSLX, B0FBG955HJ, B0FBGDSQXD]",amzn1.campaign.2KYKCPP5IKFP8,"1.72"" Super Retina HD Display 24/7 Heart Rate HRV Spo2+Coupon20％ +11% Commission",EarlySincere,2025-09-24,2026-09-24,11.00%,5000.0,5000.0,0,800,false
"[B0FBGK14FF, B0FBGDF2QZ, B0FBGDDSLX, B0FBG955HJ, B0FBGDSQXD]",amzn1.campaign.MRL0LM4SFA93,"1.72"" Super Retina HD Display 24/7 Heart Rate HRV Spo2+Coupon20％ +10% Commission",EarlySincere,2025-09-24,2026-09-24,10.00%,5000.0,5000.0,5,800,false
"[B0FJS67R3K, B0FJS9G1NL, B0FJS7MMSV]",amzn1.campaign.2N7ICDEYX1JLC,T22 2.06 AMOLED 118 Sports Modes Silicone Smart Watch+Coupon 20%+Commission 15%,EarlySincere,2025-09-24,2026-09-24,15.00%,5000.0,4862.58,0,800,false
"[B0FJS67R3K, B0FJS9G1NL, B0FJS7MMSV]",amzn1.campaign.33WW95677SFK3,T22 2.06 AMOLED 118 Sports Modes Silicone Smart Watch+Coupon 20%+Commission 14%,EarlySincere,2025-09-24,2026-09-24,14.00%,5000.0,5000.0,0,800,false
"[B0FJS67R3K, B0FJS9G1NL, B0FJS7MMSV]",amzn1.campaign.1ASEXY7AFW15L,T22 2.06 AMOLED 118 Sports Modes Silicone Smart Watch+Coupon 20%+Commission 13%,EarlySincere,2025-09-24,2026-09-24,13.00%,5000.0,5000.0,0,800,false
"[B0FJS67R3K, B0FJS9G1NL, B0FJS7MMSV]",amzn1.campaign.YKKCW869URXA,T22 2.06 AMOLED 118 Sports Modes Silicone Smart Watch+Coupon 20%+Commission 12%,EarlySincere,2025-09-24,2026-09-24,12.00%,5000.0,5000.0,0,800,false
"[B0FJS67R3K, B0FJS9G1NL, B0FJS7MMSV]",amzn1.campaign.274JDDV1PZ28F,T22 2.06 AMOLED 118 Sports Modes Silicone Smart Watch+Coupon 20%+Commission 11%,EarlySincere,2025-09-24,2026-09-24,11.00%,5000.0,5000.0,0,800,false
"[B0FJS67R3K, B0FJS9G1NL, B0FJS7MMSV]",amzn1.campaign.52XY8SJ871YV,T22 2.06 AMOLED 118 Sports Modes Silicone Smart Watch+Coupon 20%+Commission 10%,EarlySincere,2025-09-24,2026-09-24,10.00%,5000.0,5000.0,1,800,false
"[B0FG994FGL, B0DRGN924B, B0DRGN5XCB]",amzn1.campaign.2P45Q6FP20X9C,"T22 2.06"" AMOLED Convenient Magnetic Metal Smart Watch+Coupon20％+ 15% Commission",EarlySincere,2025-09-24,2026-09-24,15.00%,5000.0,4362.36,0,800,false
"[B0FG994FGL, B0DRGN924B, B0DRGN5XCB]",amzn1.campaign.29HOR53J0X2IF,"T22 2.06"" AMOLED Convenient Magnetic Metal Smart Watch+Coupon20％+ 14% Commission",EarlySincere,2025-09-24,2026-09-24,14.00%,5000.0,5000.0,0,800,false
"[B0FG994FGL, B0DRGN924B, B0DRGN5XCB]",amzn1.campaign.25VGMJG2AXQ89,"T22 2.06"" AMOLED Convenient Magnetic Metal Smart Watch+Coupon20％+ 13% Commission",EarlySincere,2025-09-24,2026-09-24,13.00%,5000.0,5000.0,0,800,false
"[B0FG994FGL, B0DRGN924B, B0DRGN5XCB]",amzn1.campaign.3O8ORVHWILXZ2,"T22 2.06"" AMOLED Convenient Magnetic Metal Smart Watch+Coupon20％+ 12% Commission",EarlySincere,2025-09-24,2026-09-24,12.00%,5000.0,5000.0,0,800,false
"[B0FG994FGL, B0DRGN924B, B0DRGN5XCB]",amzn1.campaign.IWQ108Z86P76,"T22 2.06"" AMOLED Convenient Magnetic Metal Smart Watch+Coupon20％+ 11% Commission",EarlySincere,2025-09-24,2026-09-24,11.00%,5000.0,5000.0,0,800,false
"[B0FG994FGL, B0DRGN924B, B0DRGN5XCB]",amzn1.campaign.21E0KRBOL73F2,"T22 2.06"" AMOLED Convenient Magnetic Metal Smart Watch+Coupon20％+ 10% Commission",EarlySincere,2025-09-24,2026-09-24,10.00%,5000.0,5000.0,0,800,false
"[B0FF4W5FM6, B0FF4PF9LG, B0FF4MBDFB, B0FF4LYPDJ]",amzn1.campaign.3KJ5SOIQ4507C,"1.9"" AMOLED Elegant Milanese Magnetic AI Smartwatch+Coupon30 + 15% Commission",EarlySincere,2025-09-24,2026-09-24,15.00%,5000.0,4239.14,0,800,false
"[B0FF4W5FM6, B0FF4PF9LG, B0FF4MBDFB, B0FF4LYPDJ]",amzn1.campaign.2W44LP4TG1OLH,"1.9"" AMOLED Elegant Milanese Magnetic AI Smartwatch+Coupon30 + 14% Commission",EarlySincere,2025-09-24,2026-09-24,14.00%,5000.0,5000.0,0,800,false
"[B0FF4W5FM6, B0FF4PF9LG, B0FF4MBDFB, B0FF4LYPDJ]",amzn1.campaign.1ZR5593KCUDAK,"1.9"" AMOLED Elegant Milanese Magnetic AI Smartwatch+Coupon30 + 13% Commission",EarlySincere,2025-09-24,2026-09-24,13.00%,5001.0,5001.0,0,800,false
"[B0FF4W5FM6, B0FF4PF9LG, B0FF4MBDFB, B0FF4LYPDJ]",amzn1.campaign.IJXCR2TO740D,"1.9"" AMOLED Elegant Milanese Magnetic AI Smartwatch+Coupon30 + 12% Commission",EarlySincere,2025-09-24,2026-09-24,12.00%,5000.0,5000.0,0,800,false
"[B0FF4W5FM6, B0FF4PF9LG, B0FF4MBDFB, B0FF4LYPDJ]",amzn1.campaign.2VCHPOTOA6EGE,"1.9"" AMOLED Elegant Milanese Magnetic AI Smartwatch+Coupon30 + 11% Commission",EarlySincere,2025-09-24,2026-09-24,11.00%,5000.0,5000.0,0,800,false
"[B0FF4W5FM6, B0FF4PF9LG, B0FF4MBDFB, B0FF4LYPDJ]",amzn1.campaign.1IUPCHPW4P95P,"1.9"" AMOLED Elegant Milanese Magnetic AI Smartwatch+Coupon30 + 10% Commission",EarlySincere,2025-09-24,2026-09-24,10.00%,5000.0,5000.0,0,800,false
[B0DB5VS332],amzn1.campaign.2ACXBXQ5W4GDX,M417,Mersoco,2025-09-24,2026-09-24,20.00%,5000.0,5000.0,0,800,false
"[B0D4LT9LG1, B0D4JQ75TK, B0FDLBMHSD]",amzn1.campaign.35XL1O565TUCW,BIPROS EZ Pass Holder - 20% Sales Commission Collab,Bipros,2025-09-24,2026-09-24,20.00%,88888.0,88888.0,0,800,false
[B0F7R3Q13X],amzn1.campaign.3OQQZDIOMA8X7,15% Commission | Gold Thinker & Reader Figurine Set | Modern Decor,SHENGTIAN,2025-09-24,2026-09-24,15.00%,50000.0,49961.6,0,800,false
"[B0D4LT9LG1, B0D4JQ75TK]",amzn1.campaign.3P9NO1LAJOMQU,Promote EZ Pass Holder: Simplifies Car Life! Earn 20% Commission,Bipros,2025-09-24,2026-09-24,20.00%,100000.0,99979.5,0,800,false
[B089SNZD4N],amzn1.campaign.1WG5ZIT9B8XPH,💰 10K+ Sold Monthly · 10% Commission 🫳Effortless Jar Opener,INSTACAN,2025-09-24,2026-09-24,10.00%,5000.0,5000.0,0,800,false
"[B0CSJTQ1B9, B07P1SKJV4]",amzn1.campaign.QJYURV3DP6X0,🔥 10K+ Sold Monthly - 10% Commission 🔥 Can Opener& Jar Opener,Kitchenmuh,2025-09-24,2026-09-24,10.00%,5000.0,4996.22,0,800,false
[B0D8FY6BP3],amzn1.campaign.35Y7WN4XDNK02,15% Commission | German Shepherd Resin Pen Holder | Dog Lover Must-Have,SHENGTIAN,2025-09-24,2026-09-24,15.00%,50000.0,49967.06,0,800,false
[B0FDLCJZS3],amzn1.campaign.3BS7PB8WECYLE,EZ Pass Holder - 20% High Commission Partnership Program,Ananege,2025-09-24,2026-09-24,20.00%,100000.0,99992.21,0,800,false
"[B0DKJVCJ66, B0CXJ1PL3D, B0BGRRL2KY, B0BGRVRLNY, B0CNC67DCS, B0D5QK8469, B0DKJR6BKC, B0CPVBKW9F, B0CNG5FWBQ, B0FF9N53ZW, B0CPTR71GH, B0BGRX8GC4, B0F1FSQ4KH, B0DKJPB8SB, B0BGRSYTDC, B0BD668KR7, B0CMTCWN94, B0CXJ8SH11, B0BGRX9DK3, B0CX8YTGYW, B0CPF2TNN3, B0CRNL1J78, B0CTCMH72P, B0BD651XSF, B0CX1PRJJY, B0DKJQPD4J, B0CNGB3BQY, B0CRNMGBQT, B0DKT67YH1, B0CX1XSWJG, B0CXT5VPTN, B0DKJM7WKQ, B09ZDDHSHN, B0CYSPJGF3, B0CMT1692Q, B0DKJQ8JNY, B0B5VK3NQQ, B0D5QMK3C1, B0CXJ983JH, B0CX8SNVQ8, B0CMT84SG1, B0DKJZ72B1, B0CRTY72R3, B0FF4RNQT5, B0CMT384LF, B0CX1SN9ZR, B0D5QGXYB8, B0DKJQ76KH, B0CTCMG21R, B0CPTQ9LMM, B0DB27CR2T, B0CPTRSTJZ, B0CNCZJ5TC, B0CTCL2GG3, B0F1FT3156, B0F1FSZSHK, B0F1D9DZ8V, B0F1FS1C2N, B0BGS9BXYQ, B0CXJD3XJ5, B0FF9JY595, B0CNC3QWSJ, B0DKJRXNBL, B0BGRW9K6B, B0D5QPJQLQ, B0CX1T8886, B0CX918M4G, B0CPTXWCBG, B0CY228924, B0CXJ9Z8NB, B0FF4XQSST, B0BGRYVQW8, B0CX9219NP, B0F1FPLYRS, B0FF9PDFGL, B0CX94XDSC, B0FF9PL5NG, B0CRNPC4T1, B0DKT5ZRJN, B0FF4XMWH1, B0BGS16G1L, B0CRV43XSB, B0CRV4GD7X, B0CRV2LP21, B0CPTT6JGQ, B0DKT6M6MM, B0BD63R6SQ, B0BGS164MX, B0DKT56JTP, B0CRV31R2T, B0CY2BFQ4J, B0CPF227MY, B0CNGGDL7V, B0D5QSTQMR, B0CNGJK77H, B0CX1TWJZN, B0CTCM8RKC, B0FF4WK4HP, B0CPV99JM4, B0CNG5W9SQ, B0CRNJXTY6, B0CPF2SW7C, B0BGRQJKTG, B0CPTXTYDC, B0CX1W2YFB, B0CX8ZWKLR, B0CXJ66S1R, B0D5QKXL9J, B0CMT89B9Z, B0DKJZKFQV, B0DKT697YZ, B0CPV76SNW, B0CNCZ9B54, B0CMT1Z5D5, B0F1FT5B4Y, B0CX4HLYTV, B0F1FS7R1X, B0D5QC4HBN, B0CXJDSRZJ, B0D8JF6LDT, B0B5VK64PC, B0CX1R9XVX, B0BGRRZYZX, B0CX4W4CF3, B0CRNPQLTH, B0FF4WHZL4, B0CY25289T, B0CXJ98N42]",amzn1.campaign.DMVI4PSZDQH8,cat collar-20250626,GoldTiger,2025-09-24,2026-09-24,10.00%,5000.0,4982.9,0,800,false
"[B0CJFYRB39, B0B4W64685, B0DFWG9Q84, B0D2R6WV1Q, B0CHQFRLM5, B0B4W99F3S, B0DFWHDB41]",amzn1.campaign.XAPIYQP20PRW,Dog Doorbell-2025027,GoldTiger,2025-09-24,2026-09-24,10.00%,5000.0,4985.65,6,800,false
[B0DPQR9WR3],amzn1.campaign.1GA6NG3ZZZTMI,41% CR - Enrichment Interactive Dog Treat Toy (Orange-Beginner),DollSheriffgoo,2025-09-26,2026-09-26,41.00%,5000.0,5000.0,0,800,false
[B0DPQR9WR3],amzn1.campaign.UI1ET3ULBQDK,41% CR - Enrichment Interactive Dog Treat Toy (Orange-Beginner),DollSheriffgoo,2025-09-25,2026-09-25,41.00%,5000.0,5000.0,0,800,false
[B0DPQWDRTL],amzn1.campaign.3QBC3T672UE93,35% CR - Dog Puzzle Toy Mental Stimulation (Green Push-Intermediate),DollSheriffgoo,2025-09-26,2026-09-26,35.00%,5000.0,5000.0,2,800,false
[B0DPQWDRTL],amzn1.campaign.3P2CVD70IF45R,35% CR - Dog Puzzle Toy Mental Stimulation (Green Push-Intermediate),DollSheriffgoo,2025-09-25,2026-09-25,35.00%,5000.0,5000.0,2,800,false
[B0DPQVN6K8],amzn1.campaign.2ZHKE054NRUJ4,35% CR - Dog Puzzle Toy Mental Stimulation (Advanced-Mars Green Brainstorm),DollSheriffgoo,2025-09-26,2026-09-26,35.00%,5000.0,5000.0,0,800,false
[B0DPQVN6K8],amzn1.campaign.K21GRYL2K3VR,35% CR - Dog Puzzle Toy Mental Stimulation (Advanced-Mars Green Brainstorm),DollSheriffgoo,2025-09-25,2026-09-25,35.00%,5000.0,5000.0,3,800,false
[B0DPQWKFMS],amzn1.campaign.HH1MX5MVM891,34% CR - Dog Puzzle Toy Mental Stimulation (Blue-Advanced),DollSheriffgoo,2025-09-26,2026-09-26,34.00%,5000.0,5000.0,0,800,false
[B0DPQWKFMS],amzn1.campaign.1691TMYH1EXNU,34% CR - Dog Puzzle Toy Mental Stimulation (Blue-Advanced),DollSheriffgoo,2025-09-25,2026-09-25,34.00%,5000.0,5000.0,0,800,false
"[B0D5J5H9CX, B0D5J3MGDV, B0D5J4Y4MR, B0D5J4RJ7X, B0D5J5XD6Q, B0D5HYGJ8M, B0D5J5YGWS, B0D5J7D9TX, B0DX76CJPM, B0DX75C2X5, B0D5J5LVC1, B0D5J3CJYK, B0D5J5TL8X, B0D5J374TG, B0D5J58TGS, B0D5HYLX69, B0D5J7JNLM]",amzn1.campaign.63EW23118UST,Nanobag  -OCT- C131,Nanobag,2025-10-01,2026-09-24,15.00%,10000.0,10000.0,1,800,false
"[B0D5J5H9CX, B0D5J3MGDV, B0D5J4Y4MR, B0D5J4RJ7X, B0D5J5XD6Q, B0D5HYGJ8M, B0D5J5YGWS, B0D5J7D9TX, B0DX76CJPM, B0DX75C2X5, B0D5J5LVC1, B0D5J3CJYK, B0D5J5TL8X, B0D5J374TG, B0D5J58TGS, B0D5HYLX69, B0D5J7JNLM]",amzn1.campaign.1990725NGXRAN,Nanobag  -OCT- C130,Nanobag,2025-10-01,2026-09-25,15.00%,10000.0,10000.0,0,800,false
"[B0D5J5H9CX, B0D5J3MGDV, B0D5J4Y4MR, B0D5J4RJ7X, B0D5J5XD6Q, B0D5HYGJ8M, B0D5J5YGWS, B0D5J7D9TX, B0DX76CJPM, B0DX75C2X5, B0D5J5LVC1, B0D5J3CJYK, B0D5J5TL8X, B0D5J374TG, B0D5J58TGS, B0D5HYLX69, B0D5J7JNLM]",amzn1.campaign.26K425W95XXIL,Nanobag  -OCT- C129,Nanobag,2025-10-01,2026-09-26,15.00%,10000.0,9997.61,0,800,false
"[B0D5J5H9CX, B0D5J3MGDV, B0D5J4Y4MR, B0D5J4RJ7X, B0D5J5XD6Q, B0D5HYGJ8M, B0D5J5YGWS, B0D5J7D9TX, B0DX76CJPM, B0DX75C2X5, B0D5J5LVC1, B0D5J3CJYK, B0D5J5TL8X, B0D5J374TG, B0D5J58TGS, B0D5HYLX69, B0D5J7JNLM]",amzn1.campaign.36376UTXXBLG8,Nanobag  -OCT- C129,Nanobag,2025-10-01,2026-09-27,15.00%,10000.0,9997.31,0,800,false
"[B0D5J5H9CX, B0D5J3MGDV, B0D5J4Y4MR, B0D5J4RJ7X, B0D5J5XD6Q, B0D5HYGJ8M, B0D5J5YGWS, B0D5J7D9TX, B0DX76CJPM, B0DX75C2X5, B0D5J5LVC1, B0D5J3CJYK, B0D5J5TL8X, B0D5J374TG, B0D5J58TGS, B0D5HYLX69, B0D5J7JNLM]",amzn1.campaign.1MGVOOOJG47DI,Nanobag  -OCT- C128,Nanobag,2025-10-01,2026-09-28,15.00%,10000.0,9998.09,0,800,false
"[B0D5J5H9CX, B0D5J3MGDV, B0D5J4Y4MR, B0D5J4RJ7X, B0D5J5XD6Q, B0D5HYGJ8M, B0D5J5YGWS, B0D5J7D9TX, B0DX76CJPM, B0DX75C2X5, B0D5J5LVC1, B0D5J3CJYK, B0D5J5TL8X, B0D5J374TG, B0D5J58TGS, B0D5HYLX69, B0D5J7JNLM]",amzn1.campaign.2FC9TYAX43WPD,Nanobag  -OCT- C127,Nanobag,2025-10-01,2026-09-29,15.00%,10000.0,10000.0,0,800,false
"[B0D5J5H9CX, B0D5J3MGDV, B0D5J4Y4MR, B0D5J4RJ7X, B0D5J5XD6Q, B0D5HYGJ8M, B0D5J5YGWS, B0D5J7D9TX, B0DX76CJPM, B0DX75C2X5, B0D5J5LVC1, B0D5J3CJYK, B0D5J5TL8X, B0D5J374TG, B0D5J58TGS, B0D5HYLX69, B0D5J7JNLM]",amzn1.campaign.1KOY9WJO7GRSW,Nanobag  -OCT- C126,Nanobag,2025-10-01,2026-09-30,15.00%,10000.0,10000.0,0,800,false
[B0FDG4YTD6],amzn1.campaign.HTCC9A1IM4Q3,Flash Sale! AORAEM Double-Headed Nail Lamp $13.99 for a Limited Time!,AORAEM,2025-09-25,2026-09-25,20.00%,5000.0,5000.0,0,800,false
[B0FH9JM28R],amzn1.campaign.2CK582GC68VVK,Last Chance! AORAEM Gel Nail Lamp $8.99 Offer Ending Soon! ⏳,AORAEM,2025-09-30,2026-09-30,15.00%,5000.0,4998.7,0,800,false
[B0FH9JM28R],amzn1.campaign.3QVWCZB4113NF,Last Chance! AORAEM Gel Nail Lamp $8.99 Offer Ending Soon! ⏳,AORAEM,2025-09-29,2026-09-29,15.00%,5000.0,4997.6,0,800,false
[B0FH9JM28R],amzn1.campaign.12CER3NWLGWX1,Last Chance! AORAEM Gel Nail Lamp $8.99 Offer Ending Soon! ⏳,AORAEM,2025-09-28,2026-09-28,15.00%,5000.0,5000.0,0,800,false
[B0FH9JM28R],amzn1.campaign.3NPKL8SCKDM3O,Last Chance! AORAEM Gel Nail Lamp $8.99 Offer Ending Soon! ⏳,AORAEM,2025-09-27,2026-09-27,15.00%,5000.0,5000.0,1,800,false
[B0FH9JM28R],amzn1.campaign.3RZB44KK8266Q,Last Chance! AORAEM Gel Nail Lamp $8.99 Offer Ending Soon! ⏳,AORAEM,2025-09-26,2026-09-26,15.00%,5000.0,4998.72,0,800,false
[B0FH9JM28R],amzn1.campaign.2Z3KT4R16Y3KZ,Last Chance! AORAEM Gel Nail Lamp $8.99 Offer Ending Soon! ⏳,AORAEM,2025-09-25,2026-09-25,15.00%,5000.0,5000.0,0,800,false
"[B0D4LGXVV8, B0D4LP9NPH, B0D946LXLD, B0D4LDXNJF, B0CSSZ12VR, B0D4LN53Q3, B0D4LWRN14, B0CYX46F21, B0CSKHW4P8, B0D9457V96, B0CSPG2W9D, B0CRHPFYTH, B0D943D2ZG, B0CST1RD4B, B0CRR2NXB5]",amzn1.campaign.20O6Z7X6K42GL,37% CR - DOG CHEW TOYS FOR AGGRESSIVE CHEWERS,LiuMelinda,2025-09-26,2026-09-26,37.00%,5000.0,5000.0,2,800,false
"[B0F7LSF3R6, B0F7LT4TPV, B0F7LRN1NQ]",amzn1.campaign.2DP9M4T3VWQNZ,41% CR - Interactive Dog Treat Toy (Beginner),LiuMelinda,2025-09-26,2026-09-26,41.00%,5000.0,5000.0,5,800,false
"[B0F7LSF3R6, B0F7LT4TPV, B0F7LRN1NQ]",amzn1.campaign.3KXU7LS1A9C2M,41% CR - Interactive Dog Treat Toy (Beginner),LiuMelinda,2025-09-25,2026-09-25,41.00%,5000.0,5000.0,14,800,false
"[B0D4LGXVV8, B0D4LP9NPH, B0D946LXLD, B0D4LDXNJF, B0CSSZ12VR, B0D4LN53Q3, B0D4LWRN14, B0CYX46F21, B0CSKHW4P8, B0D9457V96, B0CSPG2W9D, B0CRHPFYTH, B0D943D2ZG, B0CST1RD4B, B0CRR2NXB5]",amzn1.campaign.1NPSGJJ6L5OSJ,37% CR - DOG CHEW TOYS FOR AGGRESSIVE CHEWERS,LiuMelinda,2025-09-25,2026-09-25,37.00%,5000.0,4993.71,0,800,false
[B0DPJNM62K],amzn1.campaign.2HHILW16W516,"Chuga Collagen & Colostrum –  Glow All Day, Pay Half Way - 50% OFF 🌟",Chuga Shilajit,2025-09-24,2026-09-24,25.00%,20000.0,20000.0,0,800,false
"[B09BG93FMF, B0CVNL2QC3, B0CLQB5VCR, B09BG78QHM, B0DJGHW6T1, B0DNV1YR97, B0CVLX32BM]",amzn1.campaign.E5S18FGT2UST,"Chuga Shilajit Resin & Tablets –  Target Power, Save 50% 🌟",Chuga Shilajit,2025-09-24,2026-09-24,25.00%,20000.0,20000.0,0,800,false
[B0FB3XG9WM],amzn1.campaign.2TJTBJBL52VYY,35% CR - Dog Treat Puzzle Feeder (Advanced-Brainstorm),LiuMelinda,2025-09-26,2026-09-26,35.00%,5000.0,5000.0,10,800,false
[B0FB3XG9WM],amzn1.campaign.21DO0TYQF1OXP,35% CR - Dog Treat Puzzle Feeder (Advanced-Brainstorm),LiuMelinda,2025-09-25,2026-09-25,35.00%,5000.0,4986.38,7,800,false
"[B0F2J1N4HL, B0F2J26TNQ]",amzn1.campaign.2SGQFUSMC8H5I,34% CR - Dog Treat Puzzle Feeder (Advanced),LiuMelinda,2025-09-26,2026-09-26,34.00%,5000.0,5000.0,5,800,false
[B0DPGP3R44],amzn1.campaign.1C89AJJAPOZVZ,"Chuga Super Greens –  Fresh Power, 50% Less ✨",Chuga Shilajit,2025-09-24,2026-09-24,25.00%,20000.0,20000.0,0,800,false
"[B0F2J1N4HL, B0F2J26TNQ]",amzn1.campaign.PIKY43ODNPRE,34% CR - Dog Treat Puzzle Feeder (Advanced),LiuMelinda,2025-09-25,2026-09-25,34.00%,5000.0,5000.0,14,800,false
"[B0D2LDT2WX, B0CSYMSYNB, B0B592RKP9]",amzn1.campaign.1S8L3UAPZ5X16,Fed Up with Drink Spills? Try The Cup Holder Expander!-Commission rate:15%,Zeyitian,2025-09-24,2026-09-24,15.00%,10000.0,9966.33,0,800,false
"[B09T2XQ73P, B09T33VDG2]",amzn1.campaign.26H0B7ZIQNTA,No More Squinting! Transform with Our Sun Visor Extender!-Commission rate:10%,Zeyitian,2025-09-24,2026-09-24,10.00%,10000.0,10000.0,13,800,false
"[B09T2XQ73P, B09T33VDG2]",amzn1.campaign.336V1OGZMZAKW,No More Squinting! Transform with Our Sun Visor Extender!-Commission rate:15%,Zeyitian,2025-09-24,2026-09-24,15.00%,10000.0,9933.68,4,800,false
"[B0FN6PZJ9Y, B0FN74Q9ZM, B0FKB27HFQ, B0FN72DRFR, B0FK9QH9GD, B0FK9SZT44]",amzn1.campaign.AX0PNG3UFJEQ,Packino Backpack,Packino,2025-09-24,2026-09-24,10.00%,5000.0,5000.0,0,800,false
"[B0FDQNXZ98, B0FDQFLRRB, B0FDQ66MBG, B0FDQB9DLX, B0FDQ7TL3V, B0FDQFHXF4, B0FDQ83CM8, B0FDQLGXC4, B0FDQ8DSR5, B0FDPZCTGD, B0FDQLWH3W, B0FDQBY26S, B0FDQ7PLDF, B0FDQBJYGC, B0FDQCD9KM, B0FDQ8CPX7, B0FDQBL1BN, B0FDQ8645V, B0FDQD7BL9, B0FDQCH4N6, B0FDQ82Y2Q, B0FDQBPGF6, B0FDQBT3K3, B0FDQ83X29, B0FDQC7G9F, B0FDQ82YP4, B0FDQLPGSJ, B0FDQ7FGC1, B0FDQBW4J3, B0FDQ77TRV, B0FDQ9DCVB, B0FDQ7WXZH, B0FDQBLQDW, B0FDQFC5BH, B0FDQBJG6S, B0FDQ89RH2, B0FDQBPKYP, B0FDQBMTKQ, B0FDQ5NXJL, B0FDQBVWNJ, B0FDQ8CBNL, B0FDQBWCCW, B0FDQBLPBD, B0FDQ83SKS, B0FDQBT115, B0FDQBZ96Z, B0FDQ7XRJB, B0FDQB9HFJ, B0FDQR7XFK, B0FDQBRH45, B0FDQPJNRN, B0FDQ7R7KB, B0FDQ7S2RK, B0FDQC97VH, B0FDQ8DKLM, B0FDQ6LZTX, B0FDQBFJL3, B0FDQ9GPLY, B0FDQCKZF1, B0FDQ9GPLQ, B0FDQ88SKZ, B0FDQ5Y5F1, B0FDQCHRJW, B0FDQ7Z8D9, B0FDQ7VKR1, B0FDQBN3NK, B0FDQQ5VDX, B0FDQBFC15, B0FDQFBSS8, B0FDQCMQJK, B0FDQMTSJ8, B0FDQBBBKF, B0FDQ88MC1, B0FDQQ5B5P, B0FDQBGZX3, B0FDQBL2N4, B0FDQ7PLMV, B0FDQBL2MY, B0FDQF9YYQ, B0FDQ9TJHR, B0FDQCQVZ1, B0FDQFGK32, B0FDQFGK2Q, B0FDQ9YGD6, B0FDQ81Q2Z, B0FDQBS6M2, B0FDQC5S9X, B0FDQPPQPC, B0FDQ84H8K, B0FDQ9ZBSS]",amzn1.campaign.2APUO6544MCOL,✨ Transform Your Dining Space with Bohemian Elegance! ✨,UWWGKK,2025-09-24,2026-09-24,10.00%,5000.0,4935.39,12,800,false
"[B0CZD3J8NH, B0CZD158KH]",amzn1.campaign.177B8NG330UM9,SPA Pump 10% Commision Rate,Mxmoonant,2025-09-24,2026-09-24,10.00%,5000.0,4852.86,0,800,false
"[B0DPH5J4WV, B0DPH54V97, B0DPH6DHC4, B0DPH6NX8L, B0DPH5P13F, B0DPH5YNS5, B0DPH68THB, B0DPH5WMHG, B0DPH5XKMN, B0DPH67LSQ, B0DQQ518TV, B0DQQ3KQSV, B0DPH56HZS, B0DQQ4SRST, B0DPH5Z839, B0DPH6X66K, B0DPH5F2SQ, B0DQQ74RS9, B0DPH5T7K6, B0DPH77872, B0DPH5HRP3, B0DPH5FX4B, B0DQQ4X5CK, B0DQQ3LQFB, B0DPH5ZC89, B0DQQ5Y4WR, B0DPH3ZPWL, B0DPH6RYHH, B0DPH58732, B0DPH6RLLV, B0DPH5QMQ2, B0DQQ5FX9L, B0DQQ33JHM, B0DPH61DGW, B0DPH5VKGW, B0DPH6WBWC, B0DPH5PC3F, B0DPH57FQ2, B0DPH3BQ9S]",amzn1.campaign.17TJEBQWKYGB6,9028  Women's Promote 3 PackLeather Fashion Belt($5000 Budget / 10% Commission),JASGOOD,2025-09-24,2026-09-24,10.00%,5000.0,4925.36,0,800,false
"[B0BVZZ686N, B0BFC3D6V3, B0FCCK88NH, B01BCQGD3S]",amzn1.campaign.2XWNFCDHMKVND,Zana quick- OCT Offer C6,zanaquick,2025-10-01,2026-09-24,20.00%,10000.0,10000.0,0,800,false
"[B0BVZZ686N, B0BFC3D6V3, B0FCCK88NH, B01BCQGD3S]",amzn1.campaign.3IRD8TMRSEPAE,Zana quick- OCT Offer C5,zanaquick,2025-10-01,2026-09-25,20.00%,10000.0,9994.01,0,800,false
"[B0BVZZ686N, B0BFC3D6V3, B0FCCK88NH, B01BCQGD3S]",amzn1.campaign.2986AVIPERSOZ,Zana quick- OCT Offer C1,zanaquick,2025-10-01,2026-09-29,20.00%,10000.0,10000.0,0,800,false
"[B0BVZZ686N, B0BFC3D6V3, B0FCCK88NH, B01BCQGD3S]",amzn1.campaign.35PA4GI0N3CAG,Zana quick- OCT Offer C4,zanaquick,2025-10-01,2026-09-26,20.00%,10000.0,9996.01,0,800,false
"[B0BVZZ686N, B0BFC3D6V3, B0FCCK88NH, B01BCQGD3S]",amzn1.campaign.LXANXIYOZNA0,Zana quick- OCT Offer C3,zanaquick,2025-10-01,2026-09-27,20.00%,10000.0,9987.64,0,800,false
"[B0BVZZ686N, B0BFC3D6V3, B0FCCK88NH, B01BCQGD3S]",amzn1.campaign.29GSSZY46OKOJ,Zana quick- OCT Offer C2,zanaquick,2025-10-01,2026-09-28,20.00%,10000.0,9994.61,0,800,false
"[B0DJVCDLL5, B0DZH76418, B0DZH7B5R5]",amzn1.campaign.2GF6QX9U1QJ2U,10% commission-LOOBMBNS Hamster cage starter kit,LOOBMBNS,2025-09-24,2026-09-24,10.00%,5000.0,4812.4,0,800,false
"[B0BYVWNL4Z, B0BYVW6PQV, B0F4KN61BD, B0BYVXQLQ1, B0BYVY716T, B0BYVW35RK, B0BYVW4J6J]",amzn1.campaign.V6BWTOM4CQXP,"13x4 lace frontal, body wave",YIBUSI,2025-09-24,2026-09-24,10.00%,10000.0,9984.43,0,800,false
"[B0F5M88WXV, B0F5LK8TMR, B0FBLR5G2M, B0FBLSLPLY, B0FB4PFS1M, B0FB45D4TP, B0F5LPG1HS, B0F5JSL6MP]",amzn1.campaign.3ND9YLUHRE27,"Influencers: Showcase Our Premium Products!""  15%",Yarvencora,2025-09-24,2026-09-24,15.00%,5000.0,4996.64,0,800,false
"[B0FKTCT169, B0FKTG2P58, B0FKTCKXS7, B0FKTCRWDM, B0FKTB9GS9, B0FKTF8KL3, B0FKTFQ897, B0FKTB38CT, B0FKTBMQ1D, B0FKTCRK2P]",amzn1.campaign.38C5V08FP3BUP,Monthly sales of 3000 + 10% commission + Cheese cloth table runners,Berracy,2025-09-24,2026-09-24,10.00%,50000.0,49987.68,0,800,false
[B0FFGRDJ23],amzn1.campaign.OGFLIAU3OOG4,水槽下收纳架,YAJUXIU,2025-09-24,2026-09-24,30.00%,5000.0,4937.0,0,800,false
"[B0DZHGYRBX, B0DZHGVL82, B0DZHDCZK1, B0DZHDX49H, B0DZHD5CNS, B0DZHBV73Z, B0DZHCFG85, B0DZHCQKG5, B0DZHDBY6M, B0DZHDYHK6, B0DZHGBZ2T, B0DZHGBZ2S, B0DZHGG8QZ, B0DZHGWRHT, B0DZHGYQ8G, B0DZHDNSYR, B0DZHCVQ2Y, B0DZHK5K5S, B0DZHDKNXW, B0DZHBTNWG, B0DZHB972S, B0DZHCMDHB, B0DZHD8YPK, B0DZHCTFGJ, B0DZHDDZ91, B0DZHFWTCN, B0DZHGV313, B0DZHDV5C9, B0DZHGDVHL, B0DZHDZ68V, B0DZHCMDH8, B0DZHCRZQ6, B0DZHDLYL5, B0DZHH8MZF, B0DZHJJ7LH, B0DZHDTRW4, B0DZHGW1ZQ, B0DZHDMRGK, B0DZHBS92R, B0DZHDXW4N, B0DZHDTC17, B0DZHD825D, B0DZHD77K9, B0DZHDYV45, B0DZHC9LNS, B0DZHDBVNZ, B0DZHDKS3N, B0DZHF1J3J, B0DZHC4MZM, B0DZHCWWZX, B0DZHD6LNJ, B0DZHDW3N5, B0DZHCKHHD, B0DZHC5RYC, B0DZHCXPDW, B0DZHCK245, B0DZHCKHGM, B0DZHCBL1Q, B0DZHDSBD1, B0DZHCW8PW]",amzn1.campaign.25WCSHOVN5UFS,gumplus,Regum-U,2025-09-24,2026-09-24,16.00%,5000.0,4931.42,0,800,false
"[B0FNML2D8L, B0FNMMYSMQ, B0FNMMR9MZ]",amzn1.campaign.16BZV21B6UWYX,"🏡Giftable Bathroom Upgrade-Small Details, Big Holiday Impact",MENNTY,2025-09-24,2026-09-24,10.00%,5000.0,4990.6,0,800,false
[B0FF9K9T5K],amzn1.campaign.1VZCHNMGUBMXA,28 Pcs Fun Pens,CONEHOY,2025-09-24,2026-09-24,10.00%,5000.0,5000.0,0,800,false
"[B0CHB7559C, B09XHRTZ48, B0B6V12DCR, B0BMLJF3WD, B0BJCXTR7R, B09XHT496N, B0CM2Y8P7B, B0BBDXDLVR, B09XHTMCCD, B0C7CFH75X, B0C2HHZ1BX, B0CM5PTLP1]",amzn1.campaign.T0UQ8TUPRVPF,"Body Wave Human Hair Bundles, Earn 10% Commission",JARAMA,2025-09-24,2026-09-24,10.00%,10000.0,9871.01,0,800,false
[B0FG2XV2T3],amzn1.campaign.3T4S7MWAG24EB,70 Pcs Cheerleading Pom Poms Bulk with Baton Handle,CONEHOY,2025-09-24,2026-09-24,10.00%,5000.0,5000.0,15,800,false
[B0C7QWBNL5],amzn1.campaign.2TIKO8MJPEJMF,48 Pcs Mini Cauldron Kettles - Black Witch Calderon Pot,CONEHOY,2025-09-24,2026-09-24,10.00%,5000.0,4963.71,0,800,false
[B0C9MBX6TK],amzn1.campaign.135E538BN0L3H,100 Pcs Baseball Plates - 7 Inch Baseball Dinner Plate,CONEHOY,2025-09-24,2026-09-24,10.00%,5000.0,5000.0,0,800,false
[B0CBMP1WY6],amzn1.campaign.2V67SLOING3SN,CONEHOY 500 Pcs Sublimation Keychain Blanks Set - 2.3×1.5 Inch,CONEHOY,2025-09-24,2026-09-24,10.00%,5000.0,5000.0,0,800,false
[B0CB5DPT68],amzn1.campaign.1AQZTGKT8Q2XG,100 Pcs Halloween Paper Cups - 9 Oz Pumpkin Style Drinking Cups,CONEHOY,2025-09-24,2026-09-24,10.00%,5000.0,5000.0,0,800,false
[B0FL1YRPGS],amzn1.campaign.3TX7J6MVHSOI,figure 8 resistance band,PRFGKO,2025-09-24,2026-09-24,20.00%,5000.0,4907.74,0,800,false
[B0FP172SMZ],amzn1.campaign.UNUUFGF9LU2Q,"🎯SteamFusion Steam Cleaner - Top Seller $5M Yearly Sales, Up to 10% Commission!",SteamFusion,2025-09-24,2026-09-24,10.00%,5000.0,4988.7,12,800,false
"[B0F7LQF1QY, B0F7PM2F44, B0F6T16LHD, B0FM3Q3XSK]",amzn1.campaign.3TQUT83TYW341,"DUDUDU Heated Eyelash Curler, Travel-Size Mini Electric Heated Lash Curler",DUDUDU,2025-09-24,2026-09-24,20.00%,10000.0,9944.63,0,800,false
[B0DPH86Q46],amzn1.campaign.2MGOXGLUVPLNI,15% for kitchen Utensils holder,Piklohas,2025-09-24,2026-09-24,15.00%,500000.0,500000.0,0,800,false
[B07ZGFQTTL],amzn1.campaign.1EOJVKTCCI9RT,⚡MOSCHE 11-Pc Steam Cleaner | 10% Commission | Chemical-Free Power! $3M Sales!,MOSCHE,2025-09-24,2026-09-24,10.00%,5000.0,5000.0,0,800,false
[B0FH6NQF4K],amzn1.campaign.E9DIXV72O8UC,3-piece set of space rotating music,lebowen,2025-09-24,2026-09-24,10.00%,5000.0,4971.34,0,800,false
"[B0FHH9HLDW, B0C7BK7LFJ, B0CBTFLBCP, B0FHH8M6SY, B0FHQ5S7G3, B0FFFZT2F8, B0FD3LYHSV, B0FHQ73FVR, B0FHHC9RJY, B0DRK41XX9, B0FD3JJ14T, B0FHH4L168, B0DRK3GRT3, B0CHY43MYF, B0CHB6B7YZ, B0FD3H89ZY, B0FFG861LM, B0FJLCC8X8, B0FHQ67VZB, B0DRK2GK3Z, B0C7BM4KZV]",amzn1.campaign.35FPXNK13D0,🔥Game Day Essential – Prime Big Deal Days 30% Off Clear Bags,BOSTANTEN,2025-09-27,2026-09-27,10.00%,5000.0,4877.61,0,800,false
"[B0F47J2L2W, B0F47JDHFY, B0F47SJL6X, B0F47VWLC2, B0F47Y77TS, B0F47LPM8L]",amzn1.campaign.1C8RHHJ4WC0UC,20% Commission! Breathe-Performace MTB Jersey Gift–Free Sample for Creators!,sponeed,2025-09-26,2026-09-26,20.00%,6600.0,6600.0,0,800,false
"[B0C6TJ3BCT, B096RZ7TP4, B094Q2M1ST]",amzn1.campaign.35A93TCR5IANK,Cacoy PU Leather Deak Mat,Cacoy,2025-09-24,2026-09-24,10.00%,5000.0,4953.69,0,800,false
[B0CNX2J3Z8],amzn1.campaign.2AUOVN9AZ7U55,42 Pcs Floating Pool Lights LED Lotus Floating Lanterns,CONEHOY,2025-09-24,2026-09-24,10.00%,5000.0,4992.0,0,800,false
[B0FDWCKLND],amzn1.campaign.QKES6U8BUNN3,9 Pcs Fish Bowl 7.09 x 6.3 Inch Clear Plastic Fish Tank,CONEHOY,2025-09-24,2026-09-24,10.00%,5000.0,4985.7,1,800,false
"[B0D1FXT828, B0D1FV1KCH, B0FH1JSRNR, B0DN1268QH, B0BPY13HQR, B0DN15B3Y4, B0FH1K6JMS, B0DDC2D8NY, B0FDWQF89H, B0FH1JS392, B0F28STDYY, B0DN14RSPB, B0FDWTJYPX, B0BPXT5KR5, B0D1G5MNZZ, B0FDW3SRVD, B0FHW3F7HQ]",amzn1.campaign.1JUGVTO193XZF,🔥Prime Big Deal Days Exclusive– BOSTANTEN Crossbody Purses,BOSTANTEN,2025-09-27,2026-09-27,10.00%,5000.0,4832.31,0,800,false
[B0FDWFQ5BX],amzn1.campaign.2S8U0RSA86UZ6,CONEHOY 3300 Pcs Craft Feathers Bulk 3-5 in Colorful Crafts Feathers,CONEHOY,2025-09-24,2026-09-24,10.00%,5000.0,4996.8,5,800,false
[B0FDW1VQ6F],amzn1.campaign.2HI6M8OAWWG25,2200 Pcs Disposable Mini Wooden Spoons 3.74 Inch Wood Small Utensils Spoons,CONEHOY,2025-09-24,2026-09-24,10.00%,5000.0,4991.4,0,800,false
[B0FDVH238W],amzn1.campaign.2HQBF83IH3QQ6,CONEHOY 3 Pcs 63 Holes Craft Paint Storage Organizer,CONEHOY,2025-09-24,2026-09-24,10.00%,5000.0,4975.0,0,800,false
[B0FF1VVJX5],amzn1.campaign.2BNYGABW4D6OX,"6 Rolls 4"" x 65.6'Black Wrestling Mat Tape",CONEHOY,2025-09-24,2026-09-24,10.00%,5000.0,5000.0,1,800,false
"[B0B7NFFCFK, B0BJVM7FQK, B0BJ6LCPX2, B0BJ6KN64L, B0DJXBG7ZX, B0D3PCFT7Y, B0B7NDCNL2, B0D3PQVT4Q, B0B7NLBKG9, B0CD7PFLS6, B0CZR121DK, B0B7NSB649, B0FJ1JJ4GS, B0FJBD7GT3, B0CZQYBQZ7, B0BJVNWDCQ, B0B7NDWBF4, B0FJ1KYSB2, B0BJVLSQ7W]",amzn1.campaign.29Y1U301N1TPH,🔥 Deal of the Day – Crossbody Phone Bags 30% Off,BOSTANTEN,2025-09-28,2026-09-28,10.00%,5000.0,4802.56,0,800,false
"[B08MZPK9PM, B07YYWLZR2, B0C3V5ZQB2, B07YYWRPD5, B07TLLVMB3, B07S161SXY, B07TLL8DNX, B08HZ17K1V, B07RWL91MD, B08MZHC9VM, B07YYWLJW9, B08MZG842N, B07RX3VDW6, B099S4WDH5, B08MZDH3K4, B07RX6QJ8N, B07RZ6KFRZ, B07TKLPJJG, B095HC19JF]",amzn1.campaign.452I1NPVU228,Low-Cut Bamboo Socks - Odor-Free,Sunew,2025-09-24,2026-09-24,10.00%,5000.0,5000.0,9,800,false
"[B0CWZW27DF, B0CCD3RK1L, B0F9DPMK24, B0CCD3YZ6H, B0F3X9YZ3X, B0CX18SDHG, B0CX14YV4B, B0CX1CVGB9, B0CCD4THV7, B0CCD196ZZ, B0DBZ6SGC7, B0F9DDYXSK, B0CX1JCTDJ, B0CX1D1HRD, B0CCD5RL9Z, B0F8B15Q85, B0DN12TV4B, B0CCD18L7X, B0F59CSK5V, B0CX16QJD2, B0F3X6YCY3, B0CCD3CB4M]",amzn1.campaign.15RIJ94LGGHW6,5-Toe Bamboo Socks - Odor-Free,Sunew,2025-09-24,2026-09-24,10.00%,5000.0,4997.3,0,800,false
"[B07WCVRG29, B0BQYC3Q2D, B07WD961Q3, B07WD8ZTLR, B07WD9SX7K, B07WFCS61J, B0B1PLM14L, B07WMFWFCT, B07WD9D1YJ, B0C53BLV1R, B07WCVC6K7, B07WD92JNH, B0BQYB75D7, B07WFD6ZKX, B0BQYBKS3B, B07WD7ZLCY, B0B1PGQNB2, B07WCTCV6F, B07WCV9DFS, B07WCVK391, B07WD96CTT, B07WFD6ZL1, B07WD9HP7Y, B07WCVGX7N, B07WD9QWKJ, B07WCVKMNS, B07WD8D4KW, B0B1PJHPKF, B07WD9KWQ5, B07WD9VWGW, B0BQY9XC8C, B0BQYBJ87L, B07WCVKHF9, B07WCV5WRZ, B07WD9GBML, B07WD9GM2G, B07WD947SS, B07WD8VX6Y, B07WCTDJWX, B07WJK1FTB, B07WFCKVHC, B0C53BW7P8, B07WD9XY32, B07WCVG33P]",amzn1.campaign.3KDF8CX64YVPC,Knee-High Team Socks - Breathable,Sunew,2025-09-24,2026-09-24,10.00%,5000.0,4998.8,6,800,false
"[B07RZ6ZJ16, B07RY8RQSK, B07RY8PWMM, B07X3G9TG9, B07ZV32MH7, B07ZCRJ47B, B07RZ7NBGC, B08DKLQC64, B0DRG2GX1N, B085RMRFTF, B07RX6YVGR, B08DKM3YNM]",amzn1.campaign.1NQEXF5UDZ596,Moisture-Wicking Bamboo Socks - Odor-Free,Sunew,2025-09-24,2026-09-24,10.00%,5000.0,4997.47,0,800,false
"[B0C4GKY1C1, B0C4GJS99J, B0C4GKDX49, B0C4GKHC48, B0C4GKBRJ4, B0C4GKGGT6, B0C4GL3GM8, B0C4GJXKFM, B0C4GL2N8D, B0C4GL4V4Z, B0C4GJSZFQ, B0C4GKGYLF, B0C4GLBB2P, B0C4GLBB2K, B0C4GKL9NT, B0C4GK7TD2, B0C4GKBJYR, B0C4GJNJM9, B0DJ2RN7JT, B0DJ2RLW19, B0C4GKSC2W, B0C4GKSWC5, B0C4GLFPP3]",amzn1.campaign.166X5FW65J34A,Easy-On Baby Socks - Stay-Put Fit,Sunew,2025-09-24,2026-09-24,10.00%,5000.0,4998.5,0,800,false
"[B08X47LL7V, B0DZCGBPJT, B0DZCD4HW3, B07ZV2HQL4, B0DZCCQZV1, B08MZG4DD7, B07RX715XR, B07ZV366T9, B07RY8QNK6, B08MZQXR2F, B07RY8K1ZV, B08NWTQFVT, B0DZCDV9BB, B07RZ6H3NC, B0836JJ9KF, B08MZQFX85, B08XHBCLTT, B07RX6Z7RW, B07S194TBM, B07S18TYHN]",amzn1.campaign.29NS015014XF0,Eco-Friendly Bamboo Socks - Comfortable Fit,Sunew,2025-09-24,2026-09-24,10.00%,5000.0,4996.2,0,800,false
"[B07K34HWFS, B07V21QP9Q, B07VQCWN3F, B07K32T5RP, B07K33G7BX, B07VV256VJ, B07CNDJQ6G, B07CML68R1, B07V1ZLWHB, B07K33FQ7Q, B07CMNLF5Q, B07VW2ZG9T, B07K32DS9Y, B07K33QK2R, B07K32FX97, B07V32C7ZJ, B07K33749N, B07VW6871W, B07K32ZS24, B07K33BDSH, B07MLVSG65, B07MSCVKX8, B07WCP6QXF]",amzn1.campaign.2255PSIR10TBB,Athletic Copper Socks - Sweat & Odor Control,FOOTPLUS,2025-09-24,2026-09-24,10.00%,5000.0,5000.0,8,800,false
"[B084P3QFY8, B074YXS9HZ, B07D8Q83X8, B07NXY4J4H, B07TC865Z4, B074YYSJ5M, B099RLYJBH, B07V6772J2, B084P7FLBR, B074Z28X2Z, B07B2H2658, B07TC51J2X, B07CMNKBTG, B07RJJ159V]",amzn1.campaign.1042MLE6O8RUY,Copper Technology Socks - Ideal for Active Lifestyles,FOOTPLUS,2025-09-24,2026-09-24,10.00%,5000.0,4998.6,0,800,false
"[B0CBRMB7BY, B092D6R4L2, B0C8NKCPS2, B0BW87TG6F, B092D5K1BC, B0C8176GJQ, B0CW2Q414S, B0BW89P2RT, B092D7BHJK, B0CWG4ZLXC, B092D83DWM, B092D6RMMX, B092D4TTTR, B092D63N5D, B0BW896VMK, B092D6987Z, B0CW2MP1T6, B0BW8BZ3QR, B092D8PW6C, B0BW89C27R, B0CWGF93MM, B092D6BCJF, B092D6SS2J, B0CQZHVPXY, B0BW8BVDWQ, B0BW87XJ5S, B0CW2QPRZ5, B0CQZH81H8, B0CWGQKFFS, B0CW2NNN5L, B092D6NS26, B0CW2PJ152, B0BW8C5M4N, B092D61JNP, B092D8C988, B0CW2HL7GP, B0BW8BK4SY, B092D8X9X9, B0CWGMQZVH, B0CBRKHBST, B092D78MMF, B0BW899YW1, B0BW88PDPS, B092D6F9Y1, B092D5QFFL, B092D7M73M, B0BW89ZNN5, B0BW8BN574, B0BW8BBCJR, B0C818PYWT, B0BW89RB51, B092D7PQ9J, B0BW89KXZH]",amzn1.campaign.2H2INLI7CTM5G,Breathable Team Socks - Lightweight & Durable,FOOTPLUS,2025-09-24,2026-09-24,10.00%,5000.0,4994.82,0,800,false
"[B07K31DCD6, B07CXSY5Y2, B07VSL4SNM, B08Z6TMWFQ, B08Z7GQJPN, B07P285HZW, B07BBLXN14, B07TZM99WP, B07V318JPP, B08Z7YS1XT, B074YYFD3G, B07V1LBP3X, B07RG9Q7TS, B074YXTGRR, B08Z76PFHW, B08Z7SWH3M, B07C13KGDT, B07PVGJCKW, B08Z85TJS7, B07WF827TP, B074YYNS1W, B07P4F1FB4, B07NLR4QCZ, B074Z1QM64, B07VQD5SKS, B074Z3L7TJ, B08Z7X8MRZ, B07W9LZ8YL, B07K32BCJX, B07NM2HBPN, B08Z7GCPTQ, B07V1LD3M2, B07V33CW1W, B07WD4CJ8Q, B07CZZGHY6, B07K32L1BW, B07C2DY5NM, B084P6NGHP, B07BBSJ9HW, B07NLZ1HFV, B07RJGQ178]",amzn1.campaign.1MCSBIZSF6LTI,Breathable Copper Ion Socks - All-Day Comfort,FOOTPLUS,2025-09-24,2026-09-24,10.00%,5000.0,4998.0,0,800,false
"[B0FCS763JH, B0FCS4ZFZ3, B0FLC8J8LR, B0FCS6XVM9, B0FKSXZMZH, B0FCS6X5M9, B0FL1NZ19M, B0FCS4VMSQ]",amzn1.campaign.30DLUCEV2CNAW,Eco-Friendly Swim Pool - Chemical-Free Material,Hanjet,2025-09-24,2026-09-24,10.00%,5000.0,5000.0,2,800,false
"[B0F937XXZG, B0F937PZCS, B07PRVW11N, B07PQQFBLD, B0F939BW22]",amzn1.campaign.738969ZV6SGT,Custom Fit Floor Liners - Max Coverage & Style,ChaoJin,2025-09-24,2026-09-24,10.00%,5000.0,5000.0,17,800,false
"[B0F5V38J3Q, B07Q1X6GHT, B079HJM65T, B079HFFQJ5, B07PWF6G9V, B079HJ42TG, B079HMT5RC, B0DZGWX146, B0F5Q6JWC9, B0DZH3VWSL, B0DZH35J4H, B0DZH6R3FG, B0DZH34LRH, B0DZH389H4, B0F5Q7VGMK]",amzn1.campaign.1EPRPON3NOVTZ,Emergency Rain Tarps - Quick Cover & Lightweight,ChaoJin,2025-09-24,2026-09-24,10.00%,5000.0,5000.0,0,800,false
"[B0FRGCV2JJ, B0FRGF2B7F, B0FRGCYX47]",amzn1.campaign.1Z9ET4SU60P38,Nasal Hair Cutter8,DSACL,2025-09-24,2026-09-24,30.00%,5000.0,4860.72,0,800,false
[B0FRGDTXL2],amzn1.campaign.35MRTZN7J59UF,Nasal Hair Cutter7,DSACL,2025-09-24,2026-09-24,30.00%,5000.0,4844.59,0,800,false
[B0F4YTGRWL],amzn1.campaign.W4FXQGMNPPGL,【2 PCS】Onion Holder for Slicing,Girla,2025-09-24,2026-09-24,20.00%,50000.0,49956.05,5,800,false
"[B0DFM6BPLQ, B0DLKR1C9X, B0DS29K2PD, B0DHZR2X9D, B0F29325FV]",amzn1.campaign.U2ZO247NVMC3,15% Commission Dining Room Chandelier Promotional Program,LIGHTDAMY,2025-09-24,2026-09-24,15.00%,5000.0,4538.01,0,800,false
"[B0FC5MDT77, B0DST1WXKS, B0FB8K54NT, B0DST4CQBH, B0FBVX8XRN, B0FB8CHFPZ]",amzn1.campaign.3JHNAJMD8WUDT,Cancomzone Black Glass Wall Sconce Promotion Plan,cancomzone,2025-09-24,2026-09-24,15.00%,5000.0,4935.2,0,800,false
"[B0DQYRZ68S, B0DLHDB4W7, B0DPN9JMGB, B0DZ789DSL, B0D9GW65TM]",amzn1.campaign.XUS9BXZTC5Q3,"Monthly sales of 5000+, Commission 15%, Wooden Track Connector, 9.26-12.31",Bunu1492,2025-09-26,2026-09-26,15.00%,5000.0,4899.9,0,800,false
[B0F9XCYPX4],amzn1.campaign.I9PHVQWYW5H9,机芯牛一年,HoCutela Kid,2025-09-24,2026-09-24,10.00%,5000.0,4590.68,0,800,false
"[B0CLJGQY2X, B0DTTY7MZ3, B0DPPNKPXZ, B0CR933898, B0F91TLTFM, B0DT9PLDSM, B0DHVZMFPH, B0CD5FBY8P, B0F91VD3MV, B0FCS6S416, B0CLJF5DDJ, B0CY5NHQFK, B0CPYN39W8, B0FCSDKCWM, B0FBKS52Z1, B0F9T2K3X3, B0CPW4LW9D, B0FBKS3QML, B0DY5YYYQ1, B0DHXB2TFK, B0DHVSL294]",amzn1.campaign.XMUD13MYQIXE,9月21日,UNROEVS,2025-09-24,2026-09-24,10.00%,5000.0,4997.5,0,800,false
"[B08P9DDBYL, B08P9DSHVJ, B08P9DZCGV, B08P9DCWLK]",amzn1.campaign.2J56G9RR6D7K7,Anjiefo+Customized pictures + personalized gifts +20% commission,Anjiefo,2025-09-24,2026-09-24,20.00%,5000.0,4997.34,0,800,false
[B0DPQR9WR3],amzn1.campaign.1MF4Z2EAO9W98,41% CR - Enrichment Interactive Dog Treat Toy (Orange-Beginner),DollSheriffgoo,2025-09-24,2026-09-24,41.00%,5000.0,5000.0,0,800,false
[B0DPQWDRTL],amzn1.campaign.2FSTJ82A9SK77,35% CR - Dog Puzzle Toy Mental Stimulation (Green Push-Intermediate),DollSheriffgoo,2025-09-24,2026-09-24,35.00%,5000.0,5000.0,0,800,false
[B0DPQVN6K8],amzn1.campaign.1UUZ0T8HTX8NY,35% CR - Dog Puzzle Toy Mental Stimulation (Advanced-Mars Green Brainstorm),DollSheriffgoo,2025-09-24,2026-09-24,35.00%,5000.0,5000.0,0,800,false
[B0DPQWKFMS],amzn1.campaign.1C02T88NY0DYQ,34% CR - Dog Puzzle Toy Mental Stimulation (Blue-Advanced),DollSheriffgoo,2025-09-24,2026-09-24,34.00%,5000.0,5000.0,0,800,false
"[B0F7LSF3R6, B0F7LT4TPV, B0F7LRN1NQ]",amzn1.campaign.1MJI0WN50Y9NC,41% CR - Interactive Dog Treat Toy (Beginner),LiuMelinda,2025-09-24,2026-09-24,41.00%,5000.0,5000.0,4,800,false
"[B0D4LGXVV8, B0D4LP9NPH, B0D946LXLD, B0D4LDXNJF, B0CSSZ12VR, B0D4LN53Q3, B0D4LWRN14, B0CYX46F21, B0CSKHW4P8, B0D9457V96, B0CSPG2W9D, B0CRHPFYTH, B0D943D2ZG, B0CST1RD4B, B0CRR2NXB5]",amzn1.campaign.N8ATUV8ZHS8W,37% CR - DOG CHEW TOYS FOR AGGRESSIVE CHEWERS,LiuMelinda,2025-09-24,2026-09-24,37.00%,5000.0,4987.43,4,800,false
[B0FB3XG9WM],amzn1.campaign.36GPKP9OXJYAO,35% CR - Dog Treat Puzzle Feeder (Advanced-Brainstorm),LiuMelinda,2025-09-24,2026-09-24,35.00%,5000.0,5000.0,7,800,false
"[B0F2J1N4HL, B0F2J1TLKX, B0F2J26TNQ]",amzn1.campaign.2V36R3YZ90N5I,34% CR - Dog Treat Puzzle Feeder (Advanced),LiuMelinda,2025-09-24,2026-09-24,34.00%,5000.0,5000.0,2,800,false
"[B0F3PFCRVH, B0FBRPXW37, B0F3PGX3W6, B0F3PGXSRV, B0F9Y7QDMF, B0F3PGD662]",amzn1.campaign.1Z7HSXCTKWI8T,自粘贴石材玻璃墙砖推广,NicesungDECO,2025-09-24,2026-09-24,15.00%,5000.0,4991.72,0,800,false
"[B0FQJFVWDH, B0FQJL5WT2]",amzn1.campaign.1GA1KGI715LC3,Small handbag and card bag for women  LB01872A,GLADDON MODA,2025-09-26,2026-09-26,12.00%,8888.0,8888.0,0,800,false
[B09NRTSJJK],amzn1.campaign.12M7G5L35QPWA,B09NRTSJJK | Aromasong Ocean Mist Pillow Spray,Aromasong,2025-09-24,2026-09-24,15.00%,1000000.0,1000000.0,0,800,false
[B07V7G7MBK],amzn1.campaign.36BO8KBUJE3NK,B07V7G7MBK | Aromasong 100% Pure Dead Sea Mud Mask – 5 Minute Mask,Aromasong,2025-09-24,2026-09-24,15.00%,1000000.0,1000000.0,0,800,false
[B09V1N7KBK],amzn1.campaign.30EUU0TLEQND3,B09V1N7KBK | Aromasong RAW Dead Sea Magnesium Flakes – 4 LB Bucket,Aromasong,2025-09-24,2026-09-24,15.00%,1000000.0,1000000.0,0,800,false
[B0CLB8WMWQ],amzn1.campaign.3C3ZT32DVVFVP,B0CLB8WMWQ | Aromasong RAW Magnesium Flakes + OptiMSM – 3 LB Pack,Aromasong,2025-09-24,2026-09-24,15.00%,1000000.0,1000000.0,0,800,false
[B0CZYSDX3M],amzn1.campaign.U3H99GV88MT6,B0CZYSDX3M | Aromasong RAW Magnesium Flakes + OptiMSM – 14 OZ Pack,Aromasong,2025-09-24,2026-09-24,15.00%,1000000.0,1000000.0,0,800,false
[B0F2GJK5XQ],amzn1.campaign.SUW00WW2SF37,B0F2GJK5XQ | Aromasong RAW Magnesium Bath Flakes with Lavender – 12 LB Bulk Pack,Aromasong,2025-09-24,2026-09-24,15.00%,1000000.0,1000000.0,0,800,false
[B08R41NZDC],amzn1.campaign.1LEYFNEVKB74D,B08R41NZDC | Aromasong RAW Magnesium Bath Flakes with Lavender – 3 LB Pack,Aromasong,2025-09-24,2026-09-24,15.00%,1000000.0,999996.4,0,800,false
[B0CLB99FPS],amzn1.campaign.1Y0FWAOJCC11O,B0CLB99FPS | Aromasong Magnesium Flakes – 12 LB Black Resealable Bag,Aromasong,2025-09-24,2026-09-24,15.00%,1000000.0,1000000.0,0,800,false
[B0BN6QLKYX],amzn1.campaign.2O5NQWQ4R7H3T,"B0BN6QLKYX | Aromasong Pillow Spray – (Lavender, Ocean Mist, Eucalyptus)",Aromasong,2025-09-24,2026-09-24,15.00%,1000000.0,1000000.0,0,800,false
[B0F71W2XYZ],amzn1.campaign.26WLEGQCRN11W,B0F71W2XYZ | Aromasong Magnesium Flakes – 4 LB Resealable Pack,Aromasong,2025-09-24,2026-09-24,15.00%,1000000.0,1000000.0,0,800,false
[B0FNRDRNRK],amzn1.campaign.1AL37NDDD76D3,Viltrox 56mm F1.2 Pro X,VILTROX,2025-09-24,2026-09-24,10.00%,5000.0,4721.6,0,800,false
"[B09LVDTCS7, B09LVBWCWL, B09H2BPG77, B09H2CKH8R, B09MNCSLK7, B09TMWZF78, B0CPPQBR18, B09873HVBJ, B09MNB38H7, B09LVD91SW, B09874Z6JT, B0BC8NW5W5, B09873FVTP, B09TYHSJSX, B0BC8NS5HJ, B09MNC7MM5, B0BC8P8SNF, B09H22HSTN]",amzn1.campaign.W4OTS776LPXG,11% Commission + Free Sample | Personalized Heart Bracelet ❤️,KeyStyle,2025-09-24,2026-09-24,11.00%,5000.0,4974.55,0,800,false
[B0CMR7LLZT],amzn1.campaign.23B2PC5YMZU06,Cigar Draw Enhancer Tool and Nubber and Cigar Repair Glue and Crack Sealer,Perfec,2025-10-27,2026-10-27,10.00%,50000.0,50000.0,0,800,false
[B0CMR7LLZT],amzn1.campaign.39605B5WLNURW,Cigar Draw Enhancer Tool and Nubber and Cigar Repair Glue and Crack Sealer,Perfec,2025-10-20,2026-10-20,10.00%,50000.0,50000.0,0,800,false
[B0CMR7LLZT],amzn1.campaign.OUCJUFOWBKP7,Cigar Draw Enhancer Tool and Nubber and Cigar Repair Glue and Crack Sealer,Perfec,2025-10-13,2026-10-13,10.00%,50000.0,50000.0,0,800,false
[B0CMR7LLZT],amzn1.campaign.VZYMBJ1O0UGL,Cigar Draw Enhancer Tool and Nubber and Cigar Repair Glue and Crack Sealer,Perfec,2025-10-06,2026-10-06,10.00%,50000.0,50000.0,0,800,false
[B0CMR7LLZT],amzn1.campaign.2G8JFKTW6NG1M,Cigar Draw Enhancer Tool and Nubber and Cigar Repair Glue and Crack Sealer,Perfec,2025-09-29,2026-09-29,10.00%,50000.0,50000.0,0,800,false
[B0CMR5KT1X],amzn1.campaign.1SQPSO8UURP8L,"Draw Enhancer, Repair Glue & Case",Perfec,2025-10-30,2026-10-30,10.00%,50000.0,50000.0,0,800,false
[B0CMR5KT1X],amzn1.campaign.3OVPJ5IMCTPC6,"Draw Enhancer, Repair Glue & Case",Perfec,2025-10-24,2026-10-24,10.00%,50000.0,50000.0,0,800,false
[B0CMR5KT1X],amzn1.campaign.XS1MOS5CIW9Q,"Draw Enhancer, Repair Glue & Case",Perfec,2025-10-17,2026-10-17,10.00%,50000.0,50000.0,0,800,false
[B0CMR5KT1X],amzn1.campaign.YAOVLX9ZZ292,"Draw Enhancer, Repair Glue & Case",Perfec,2025-10-10,2026-10-10,10.00%,50000.0,50000.0,0,800,false
[B0CMR5KT1X],amzn1.campaign.14WHTM8K0XPBN,"Draw Enhancer, Repair Glue & Case",Perfec,2025-10-03,2026-10-03,10.00%,50000.0,50000.0,0,800,false
[B0CMR5KT1X],amzn1.campaign.3IYQL852CDB4I,"Draw Enhancer, Repair Glue & Case",Perfec,2025-09-26,2026-09-26,10.00%,50000.0,50000.0,0,800,false
"[B0CN9N7WTF, B0CN9QFXVZ]",amzn1.campaign.2COAKMH8795ZH,"Draw Enhancer, Glue Sealer & Repair, 3 or 5 finger Humidifier, Strap, Case",Perfec,2025-10-30,2026-10-30,10.00%,50000.0,50000.0,0,800,false
"[B0CN9N7WTF, B0CN9QFXVZ]",amzn1.campaign.2ZFPE1BCIJVX0,"Draw Enhancer, Glue Sealer & Repair, 3 or 5 finger Humidifier, Strap, Case",Perfec,2025-10-23,2026-10-23,10.00%,50000.0,50000.0,0,800,false
"[B0CN9N7WTF, B0CN9QFXVZ]",amzn1.campaign.2SF5P9AMFG7S4,"Draw Enhancer, Glue Sealer & Repair, 3 or 5 finger Humidifier, Strap, Case",Perfec,2025-10-16,2026-10-16,10.00%,50000.0,50000.0,0,800,false
"[B0CN9N7WTF, B0CN9QFXVZ]",amzn1.campaign.NICKCK1K8REX,"Draw Enhancer, Glue Sealer & Repair, 3 or 5 finger Humidifier, Strap, Case",Perfec,2025-10-09,2026-10-09,10.00%,50000.0,50000.0,0,800,false
"[B0CN9N7WTF, B0CN9QFXVZ]",amzn1.campaign.A6GZGAG9WYSG,"Draw Enhancer, Glue Sealer & Repair, 3 or 5 finger Humidifier, Strap, Case",Perfec,2025-10-02,2026-10-02,10.00%,50000.0,50000.0,0,800,false
"[B0CN9N7WTF, B0CN9QFXVZ]",amzn1.campaign.3J398BQYSLLL2,"Draw Enhancer, Glue Sealer & Repair, 3 or 5 finger Humidifier, Strap, Case",Perfec,2025-09-25,2026-09-25,10.00%,50000.0,50000.0,0,800,false
[B0CNCN9TXJ],amzn1.campaign.164WKOAX0UH0U,3 & 5 finger case bundle,Perfec,2025-10-29,2026-10-29,10.00%,50000.0,50000.0,0,800,false
[B0CNCN9TXJ],amzn1.campaign.23V3HKWAXS8D0,3 & 5 finger case bundle,Perfec,2025-10-22,2026-10-22,10.00%,50000.0,50000.0,0,800,false
[B0CNCN9TXJ],amzn1.campaign.ZXQFDYFWO3V4,3 & 5 finger case bundle,Perfec,2025-10-15,2026-10-15,10.00%,50000.0,50000.0,0,800,false
[B0CNCN9TXJ],amzn1.campaign.1P18FVRVL8QM0,3 & 5 finger case bundle,Perfec,2025-10-08,2026-10-08,10.00%,50000.0,50000.0,0,800,false
[B0CNCN9TXJ],amzn1.campaign.MC7123BAMC3J,3 & 5 finger case bundle,Perfec,2025-10-01,2026-10-01,10.00%,50000.0,50000.0,0,800,false
[B0CNCN9TXJ],amzn1.campaign.2SLCPC1HYC6SN,3 & 5 finger case bundle,Perfec,2025-09-24,2026-09-24,10.00%,50000.0,50000.0,0,800,false
"[B0CNC5YT85, B0CNC2Z3YQ]",amzn1.campaign.1NURK7BUUX46H,"Cigar Accessories Case, Cigar Humidifier Case and Strap Bundle",Perfec,2025-10-28,2026-10-28,10.00%,50000.0,50000.0,0,800,false
"[B0CNC5YT85, B0CNC2Z3YQ]",amzn1.campaign.1OXCZBYL3ZY43,"Cigar Accessories Case, Cigar Humidifier Case and Strap Bundle",Perfec,2025-10-21,2026-10-21,10.00%,50000.0,50000.0,0,800,false
"[B0CNC5YT85, B0CNC2Z3YQ]",amzn1.campaign.G100B0NFIFK2,"Cigar Accessories Case, Cigar Humidifier Case and Strap Bundle",Perfec,2025-10-14,2026-10-14,10.00%,50000.0,50000.0,0,800,false
"[B0CNC5YT85, B0CNC2Z3YQ]",amzn1.campaign.445OE2I9F6XZ,"Cigar Accessories Case, Cigar Humidifier Case and Strap Bundle",Perfec,2025-10-06,2026-10-06,10.00%,50000.0,50000.0,0,800,false
"[B0CNC5YT85, B0CNC2Z3YQ]",amzn1.campaign.1ZII88SNMJF7L,"Cigar Accessories Case, Cigar Humidifier Case and Strap Bundle",Perfec,2025-09-30,2026-09-30,10.00%,50000.0,50000.0,0,800,false
"[B0CNC4GHTH, B0CNCGCL91]",amzn1.campaign.34MMK0KUUQWAB,PerfectCigar 5-Finger Humidier Case & Strap,Perfec,2025-10-27,2026-10-27,10.00%,50000.0,50000.0,0,800,false
"[B0CNC4GHTH, B0CNCGCL91]",amzn1.campaign.2W35TC4MRHJTR,PerfectCigar 5-Finger Humidier Case & Strap,Perfec,2025-10-20,2026-10-20,10.00%,50000.0,50000.0,0,800,false
"[B0CNC4GHTH, B0CNCGCL91]",amzn1.campaign.2V9EHI628S54,PerfectCigar 5-Finger Humidier Case & Strap,Perfec,2025-10-13,2026-10-13,10.00%,50000.0,50000.0,0,800,false
"[B0CNC4GHTH, B0CNCGCL91]",amzn1.campaign.2ZMBPT58UQO52,PerfectCigar 5-Finger Humidier Case & Strap,Perfec,2025-10-06,2026-10-06,10.00%,50000.0,50000.0,0,800,false
"[B0CNC4GHTH, B0CNCGCL91]",amzn1.campaign.K5TV5OAHCZRG,PerfectCigar 5-Finger Humidier Case & Strap,Perfec,2025-09-29,2026-09-29,10.00%,50000.0,50000.0,0,800,false
"[B0DM4T9Y38, B0DM4YZ5V7, B0DM4TN6G1, B0DM4VK3VJ, B0DM4YLG6D]",amzn1.campaign.1GWQYLIIVHR1A,Earn 15% Commission! Promote Cozy Men's Fleece Cycling Pants for Fitness Fans,sponeed,2025-09-25,2026-09-25,15.00%,6500.0,6461.23,0,800,false
"[B0FH5CSS6V, B0FH598FNP, B0FH5BNV3X, B0FH5GH9QR, B0FH58GQLG, B0FH5B98RC, B0FH533TWM, B0FH59518T, B0FH5DCKXH, B0FH57BLV3, B0FH56S2TB, B0FH5DJMC6, B0FH5B84JK]",amzn1.campaign.TKCZTAH1QU0C,Nanobag - C6 - Oct,Nanobag,2025-10-01,2026-09-24,15.00%,10000.0,10000.0,0,800,false
"[B0FH5CSS6V, B0FH598FNP, B0FH5BNV3X, B0FH5GH9QR, B0FH58GQLG, B0FH5B98RC, B0FH533TWM, B0FH59518T, B0FH5DCKXH, B0FH57BLV3, B0FH56S2TB, B0FH5DJMC6, B0FH5B84JK]",amzn1.campaign.13UMOZF9WZ9K7,Nanobag - C5 - Oct,Nanobag,2025-10-01,2026-09-26,15.00%,10000.0,9992.22,0,800,false
"[B0CCHS9XN5, B0CCHVH8LL, B086HJFHYL, B086HL29JD, B086HJBPVF, B086H1ZCR7, B08CGRT3DJ, B08CGWKNCD, B08CGL8FRP, B0CCHV53X4, B0CCHYTFZ4, B08CGP2ZFP, B086HHQG6D, B0CCHS8C6T]",amzn1.campaign.1XHGNI5ZIFKF8,10% High Commission! Partner to Promote Top-Tier Men's Short-Sleeve Cycling Set,sponeed,2025-09-25,2026-09-25,10.00%,6600.0,6576.6,0,800,false
"[B074FQ4M6Q, B083FG7BPS, B01M1CW4IB, B09TZZ1KDQ, B09TZZN4GQ, B09TZY3P85, B074FTRVL9, B09V112L37, B074FMTRVV, B01LX4HT55, B074FQGRW7, B09V11RYJY, B07RL7QZSJ, B01M0PDSZV, B09TZZLMFC, B01LY3R2I6, B074FQW7HW]",amzn1.campaign.2SDHDQXLKEK14,"""Sponeed Men’s Cycling Shorts: High-Quality, 10% Commission + Free Pics",sponeed,2025-09-25,2026-09-25,10.00%,6500.0,6500.0,0,800,false
"[B0FH5CSS6V, B0FH598FNP, B0FH5DCKXH, B0FH57BLV3, B0FH5BNV3X, B0FH5GH9QR, B0FH58GQLG, B0FH5B98RC, B0FH533TWM, B0FH5DJMC6, B0FH59518T]",amzn1.campaign.18TIYGAU6JVHU,Nanobag - C3 - Oct,Nanobag,2025-10-01,2026-09-29,15.00%,10000.0,9995.51,0,800,false
"[B0FH5CSS6V, B0FH598FNP, B0FH5DCKXH, B0FH57BLV3, B0FH5BNV3X, B0FH5GH9QR, B0FH58GQLG, B0FH5B98RC, B0FH533TWM, B0FH5DJMC6, B0FH59518T]",amzn1.campaign.8VELYCUZ2IS2,Nanotag - C2 - Oct,Nanobag,2025-10-01,2026-09-30,15.00%,10000.0,10000.0,0,800,false
[B0F99WZQ19],amzn1.campaign.Y0N0S99ESQSJ,"Clberni Punch Needle Kit  Adults Beginners,Punch Embroidery kit (May Rose) 1002",clberni,2025-10-02,2026-10-01,10.00%,6000.0,5997.92,0,800,false
[B0F99WZQ19],amzn1.campaign.1X4EQSO57GPB,"Clberni Punch Needle Kit  Adults Beginners,Punch Embroidery kit (May Rose) 1001",clberni,2025-10-01,2026-09-30,10.00%,5000.0,5000.0,0,800,false
[B0F99WZQ19],amzn1.campaign.3SN8HWSRSJQ2D,"Clberni Punch Needle Kit  Adults Beginners,Punch Embroidery kit (May Rose) 0930",clberni,2025-09-30,2026-09-29,10.00%,10000.0,9997.7,0,800,false
[B0F99WZQ19],amzn1.campaign.P1C2HAK81BWR,"Clberni Punch Needle Kit  Adults Beginners,Punch Embroidery kit (May Rose) 0922",clberni,2025-09-29,2026-09-28,10.00%,9000.0,9000.0,3,800,false
[B0F99WZQ19],amzn1.campaign.1ZIHXLBL9SYM2,"Clberni Punch Needle Kit  Adults Beginners,Punch Embroidery kit (May Rose) 0922",clberni,2025-09-26,2026-09-25,10.00%,8000.0,8000.0,5,800,false
[B0F99WZQ19],amzn1.campaign.2IVU35F4SXESB,"Clberni Punch Needle Kit  Adults Beginners,Punch Embroidery kit (May Rose) 0921",clberni,2025-09-25,2026-09-24,10.00%,8000.0,8000.0,3,800,false
"[B07WLLXKXR, B0B1XSLB3W, B0D3KRZQBY]",amzn1.campaign.1BAJCRWWKDKA6,"Jasclair Dermaplane Kit: Razor, Prep Oil & Glow Serum",jasclair,2025-11-01,2026-11-01,12.00%,225000.0,225000.0,0,800,false
"[B0DYVS52HC, B0FKGPS499, B0DX2HPBK5, B0DX2J7Q3S, B0DYVT2W5B, B0DX2GCTY7, B0F4LXT73D, B0FKG445F6, B0F4MJ8KTM, B0DX2H8L8N, B0FKG4669F, B0F4M35Y3Y]",amzn1.campaign.2AFOLEQ421FDH,🧼 – Fan Favorite Stain Remover Bar – QLEAN – A!A!,QLEAN,2025-09-27,2026-09-27,10.00%,50000.0,49966.27,0,800,false
"[B0DZ2QSZ8R, B0DZ2QW99Q, B0DZ2QSLJF, B0DZ2SL32Z]",amzn1.campaign.11IHZ1C8OKUEA,4PCS Satin Hair & Neck Scarves for Women Multi-Use Fashion Accessory ✨ 10% Comm,Fredertent,2025-10-31,2026-10-03,10.00%,5000.0,4999.0,0,800,false
"[B0DZ2QSZ8R, B0DZ2QW99Q, B0DZ2QSLJF, B0DZ2SL32Z]",amzn1.campaign.GA6HUE4RBN55,4PCS Satin Hair & Neck Scarves for Women Multi-Use Fashion Accessory ✨ 10% Comm,Fredertent,2025-10-30,2026-10-03,10.00%,5000.0,5000.0,13,800,false
"[B0DZ2QSZ8R, B0DZ2QW99Q, B0DZ2QSLJF, B0DZ2SL32Z]",amzn1.campaign.250QGHP4GP70,4PCS Satin Hair & Neck Scarves for Women Multi-Use Fashion Accessory ✨ 10% Comm,Fredertent,2025-10-29,2026-10-03,10.00%,5000.0,5000.0,9,800,false
"[B0DZ2QSZ8R, B0DZ2QW99Q, B0DZ2QSLJF, B0DZ2SL32Z]",amzn1.campaign.31BAZVZIW1WWF,4PCS Satin Hair & Neck Scarves for Women Multi-Use Fashion Accessory ✨ 10% Comm,Fredertent,2025-10-28,2026-10-03,10.00%,5000.0,5000.0,12,800,false
"[B0DZ2QSZ8R, B0DZ2QW99Q, B0DZ2QSLJF, B0DZ2SL32Z]",amzn1.campaign.3C8CA4TFRHFKS,4PCS Satin Hair & Neck Scarves for Women Multi-Use Fashion Accessory ✨ 10% Comm,Fredertent,2025-10-27,2026-10-03,10.00%,5000.0,5000.0,12,800,false
"[B0DZ2QSZ8R, B0DZ2QW99Q, B0DZ2QSLJF, B0DZ2SL32Z]",amzn1.campaign.VK6V4MTFXQHU,4PCS Satin Hair & Neck Scarves for Women Multi-Use Fashion Accessory ✨ 10% Comm,Fredertent,2025-10-26,2026-10-03,10.00%,5000.0,5000.0,18,800,false
"[B0DZ2QSZ8R, B0DZ2QW99Q, B0DZ2QSLJF, B0DZ2SL32Z]",amzn1.campaign.1CNJZAXI2K6AG,4PCS Satin Hair & Neck Scarves for Women Multi-Use Fashion Accessory ✨ 10% Comm,Fredertent,2025-10-25,2026-10-03,10.00%,5000.0,5000.0,5,800,false
"[B0DZ2QSZ8R, B0DZ2QW99Q, B0DZ2QSLJF, B0DZ2SL32Z]",amzn1.campaign.1D3BYDJEGG4IG,4PCS Satin Hair & Neck Scarves for Women Multi-Use Fashion Accessory ✨ 10% Comm,Fredertent,2025-10-24,2026-10-03,10.00%,5000.0,4999.0,3,800,false
"[B0DZ2QSZ8R, B0DZ2QW99Q, B0DZ2QSLJF, B0DZ2SL32Z]",amzn1.campaign.UNGSXPGIEGCS,4PCS Satin Hair & Neck Scarves for Women Multi-Use Fashion Accessory ✨ 10% Comm,Fredertent,2025-10-23,2026-10-03,10.00%,5000.0,5000.0,19,800,false
"[B0DZ2QSZ8R, B0DZ2QW99Q, B0DZ2QSLJF, B0DZ2SL32Z]",amzn1.campaign.IXTNIQC4Q6QE,4PCS Satin Hair & Neck Scarves for Women Multi-Use Fashion Accessory ✨ 10% Comm,Fredertent,2025-10-23,2026-10-03,10.00%,5000.0,5000.0,20,800,false
"[B0DZ2QSZ8R, B0DZ2QW99Q, B0DZ2QSLJF, B0DZ2SL32Z]",amzn1.campaign.1B5LMD3V567JX,4PCS Satin Hair & Neck Scarves for Women Multi-Use Fashion Accessory ✨ 10% Comm,Fredertent,2025-10-22,2026-10-03,10.00%,5000.0,5000.0,9,800,false
"[B0DZ2QSZ8R, B0DZ2QW99Q, B0DZ2QSLJF, B0DZ2SL32Z]",amzn1.campaign.VS0J9Y18QIEF,4PCS Satin Hair & Neck Scarves for Women Multi-Use Fashion Accessory ✨ 10% Comm,Fredertent,2025-10-21,2026-10-03,10.00%,5000.0,5000.0,20,800,false
"[B0DZ2QSZ8R, B0DZ2QW99Q, B0DZ2QSLJF, B0DZ2SL32Z]",amzn1.campaign.2UQYZZEVXP0KE,4PCS Satin Hair & Neck Scarves for Women Multi-Use Fashion Accessory ✨ 10% Comm,Fredertent,2025-10-20,2026-10-03,10.00%,5000.0,5000.0,16,800,false
"[B0DZ2QSZ8R, B0DZ2QW99Q, B0DZ2QSLJF, B0DZ2SL32Z]",amzn1.campaign.173HS5XSMYL35,4PCS Satin Hair & Neck Scarves for Women Multi-Use Fashion Accessory ✨ 10% Comm,Fredertent,2025-10-19,2026-10-03,10.00%,5000.0,5000.0,10,800,false
"[B0DZ2QSZ8R, B0DZ2QW99Q, B0DZ2QSLJF, B0DZ2SL32Z]",amzn1.campaign.2MERBILH0PUCZ,4PCS Satin Hair & Neck Scarves for Women Multi-Use Fashion Accessory ✨ 10% Comm,Fredertent,2025-10-18,2026-10-03,10.00%,5000.0,5000.0,17,800,false
"[B0DZ2QSZ8R, B0DZ2QW99Q, B0DZ2QSLJF, B0DZ2SL32Z]",amzn1.campaign.1A4J6JRAWZLSA,4PCS Satin Hair & Neck Scarves for Women Multi-Use Fashion Accessory ✨ 10% Comm,Fredertent,2025-10-17,2026-10-03,10.00%,5000.0,5000.0,13,800,false
"[B0DZ2QSZ8R, B0DZ2QW99Q, B0DZ2QSLJF, B0DZ2SL32Z]",amzn1.campaign.22HQ4Q1ZWYASE,4PCS Satin Hair & Neck Scarves for Women Multi-Use Fashion Accessory ✨ 10% Comm,Fredertent,2025-10-16,2026-10-03,10.00%,5000.0,5000.0,21,800,false
"[B0DZ2QSZ8R, B0DZ2QW99Q, B0DZ2QSLJF, B0DZ2SL32Z]",amzn1.campaign.38DSFKK91MJBE,4PCS Satin Hair & Neck Scarves for Women Multi-Use Fashion Accessory ✨ 10% Comm,Fredertent,2025-10-15,2026-10-03,10.00%,5000.0,5000.0,22,800,false
"[B0DZ2QSZ8R, B0DZ2QW99Q, B0DZ2QSLJF, B0DZ2SL32Z]",amzn1.campaign.2JSW0RZFIYT0N,4PCS Satin Hair & Neck Scarves for Women Multi-Use Fashion Accessory ✨ 10% Comm,Fredertent,2025-10-14,2026-10-03,10.00%,5000.0,5000.0,21,800,false
"[B0DZ2QSZ8R, B0DZ2QW99Q, B0DZ2QSLJF, B0DZ2SL32Z]",amzn1.campaign.3AMTEP1HQ3L62,4PCS Satin Hair & Neck Scarves for Women Multi-Use Fashion Accessory ✨ 10% Comm,Fredertent,2025-10-14,2026-10-03,10.00%,5000.0,5000.0,24,800,false
"[B0DZ2QSZ8R, B0DZ2QW99Q, B0DZ2QSLJF, B0DZ2SL32Z]",amzn1.campaign.GH7VO2MRG06I,4PCS Satin Hair & Neck Scarves for Women Multi-Use Fashion Accessory ✨ 10% Comm,Fredertent,2025-10-13,2026-10-03,10.00%,5000.0,5000.0,29,800,false
"[B0DZ2QSZ8R, B0DZ2QW99Q, B0DZ2QSLJF, B0DZ2SL32Z]",amzn1.campaign.2MSU0NSWCDUV,4PCS Satin Hair & Neck Scarves for Women Multi-Use Fashion Accessory ✨ 10% Comm,Fredertent,2025-10-12,2026-10-03,10.00%,5000.0,5000.0,22,800,false
"[B0DZ2QSZ8R, B0DZ2QW99Q, B0DZ2QSLJF, B0DZ2SL32Z]",amzn1.campaign.20Y6J9ECLNIFF,4PCS Satin Hair & Neck Scarves for Women Multi-Use Fashion Accessory ✨ 10% Comm,Fredertent,2025-10-11,2026-10-03,10.00%,5000.0,5000.0,21,800,false
"[B0DZ2QSZ8R, B0DZ2QW99Q, B0DZ2QSLJF, B0DZ2SL32Z]",amzn1.campaign.10XRU9ARYT79B,4PCS Satin Hair & Neck Scarves for Women Multi-Use Fashion Accessory ✨ 10% Comm,Fredertent,2025-10-10,2026-10-03,10.00%,5000.0,5000.0,12,800,false
"[B0DZ2QSZ8R, B0DZ2QW99Q, B0DZ2QSLJF, B0DZ2SL32Z]",amzn1.campaign.19YXIJI5D2BAV,4PCS Satin Hair & Neck Scarves for Women Multi-Use Fashion Accessory ✨ 10% Comm,Fredertent,2025-10-09,2026-10-03,10.00%,5000.0,5000.0,18,800,false
"[B0DZ2QSZ8R, B0DZ2QW99Q, B0DZ2QSLJF, B0DZ2SL32Z]",amzn1.campaign.1LECIA6KUY9N4,4PCS Satin Hair & Neck Scarves for Women Multi-Use Fashion Accessory ✨ 10% Comm,Fredertent,2025-10-08,2026-10-03,10.00%,5000.0,5000.0,18,800,false
"[B0DZ2QSZ8R, B0DZ2QW99Q, B0DZ2QSLJF, B0DZ2SL32Z]",amzn1.campaign.1V0A22FXEPG8F,4PCS Satin Hair & Neck Scarves for Women Multi-Use Fashion Accessory ✨ 10% Comm,Fredertent,2025-10-07,2026-10-03,10.00%,5000.0,5000.0,19,800,false
"[B0DZ2QSZ8R, B0DZ2QW99Q, B0DZ2QSLJF, B0DZ2SL32Z]",amzn1.campaign.24AO2H2KFHSM5,4PCS Satin Hair & Neck Scarves for Women Multi-Use Fashion Accessory ✨ 10% Comm,Fredertent,2025-10-06,2026-10-03,10.00%,5000.0,5000.0,21,800,false
"[B0DZ2QSZ8R, B0DZ2QW99Q, B0DZ2QSLJF, B0DZ2SL32Z]",amzn1.campaign.35L6OI0V4AEYY,4PCS Satin Hair & Neck Scarves for Women Multi-Use Fashion Accessory ✨ 10% Comm,Fredertent,2025-10-05,2026-10-03,10.00%,5000.0,5000.0,23,800,false
"[B0DZ2QSZ8R, B0DZ2QW99Q, B0DZ2QSLJF, B0DZ2SL32Z]",amzn1.campaign.3EBV95XNQL53Y,4PCS Satin Hair & Neck Scarves for Women Multi-Use Fashion Accessory ✨ 10% Comm,Fredertent,2025-10-04,2026-10-03,10.00%,5000.0,5000.0,25,800,false
"[B0DZ2QSZ8R, B0DZ2QW99Q, B0DZ2QSLJF, B0DZ2SL32Z]",amzn1.campaign.DCDQLA0R9Y2Q,4PCS Satin Hair & Neck Scarves for Women Multi-Use Fashion Accessory ✨ 10% Comm,Fredertent,2025-10-03,2026-10-03,10.00%,5000.0,5000.0,27,800,false
"[B0DZ2QSZ8R, B0DZ2QW99Q, B0DZ2QSLJF, B0DZ2SL32Z]",amzn1.campaign.MU4TXH5X61BY,Versatile Satin Skinny Scarves – 10% Commission 🎀,Fredertent,2025-10-31,2026-10-02,10.00%,5000.0,5000.0,27,800,false
"[B0DZ2QSZ8R, B0DZ2QW99Q, B0DZ2QSLJF, B0DZ2SL32Z]",amzn1.campaign.3FW92FKWK8ZSX,Versatile Satin Skinny Scarves – 10% Commission 🎀,Fredertent,2025-10-30,2026-10-02,10.00%,5000.0,5000.0,24,800,false
"[B0DZ2QSZ8R, B0DZ2QW99Q, B0DZ2QSLJF, B0DZ2SL32Z]",amzn1.campaign.3TCB31O86EM8V,Versatile Satin Skinny Scarves – 10% Commission 🎀,Fredertent,2025-10-29,2026-10-02,10.00%,5000.0,5000.0,29,800,false
"[B0DZ2QSZ8R, B0DZ2QW99Q, B0DZ2QSLJF, B0DZ2SL32Z]",amzn1.campaign.9XD5W15YNVXI,Versatile Satin Skinny Scarves – 10% Commission 🎀,Fredertent,2025-10-28,2026-10-02,10.00%,5000.0,5000.0,30,800,false
"[B0DZ2QSZ8R, B0DZ2QW99Q, B0DZ2QSLJF, B0DZ2SL32Z]",amzn1.campaign.1XWAIFTSMZRN9,Versatile Satin Skinny Scarves – 10% Commission 🎀,Fredertent,2025-10-27,2026-10-02,10.00%,5000.0,5000.0,23,800,false
"[B0DZ2QSZ8R, B0DZ2QW99Q, B0DZ2QSLJF, B0DZ2SL32Z]",amzn1.campaign.3R45556SLILKL,Versatile Satin Skinny Scarves – 10% Commission 🎀,Fredertent,2025-10-26,2026-10-02,10.00%,5000.0,5000.0,30,800,false
"[B0DZ2QSZ8R, B0DZ2QW99Q, B0DZ2QSLJF, B0DZ2SL32Z]",amzn1.campaign.14FHSG8EM5VXV,Versatile Satin Skinny Scarves – 10% Commission 🎀,Fredertent,2025-10-25,2026-10-02,10.00%,5000.0,5000.0,20,800,false
"[B0DZ2QSZ8R, B0DZ2QW99Q, B0DZ2QSLJF, B0DZ2SL32Z]",amzn1.campaign.16UZLEU14VS2P,Versatile Satin Skinny Scarves – 10% Commission 🎀,Fredertent,2025-10-24,2026-10-02,10.00%,5000.0,5000.0,19,800,false
"[B0DZ2QSZ8R, B0DZ2QW99Q, B0DZ2QSLJF, B0DZ2SL32Z]",amzn1.campaign.1FPSA7RJP5E14,Versatile Satin Skinny Scarves – 10% Commission 🎀,Fredertent,2025-10-23,2026-10-02,10.00%,5000.0,5000.0,22,800,false
"[B0DZ2QSZ8R, B0DZ2QW99Q, B0DZ2QSLJF, B0DZ2SL32Z]",amzn1.campaign.2NLPBQ9KNCS7E,Versatile Satin Skinny Scarves – 10% Commission 🎀,Fredertent,2025-10-22,2026-10-02,10.00%,5000.0,5000.0,25,800,false
"[B0DZ2QSZ8R, B0DZ2QW99Q, B0DZ2QSLJF, B0DZ2SL32Z]",amzn1.campaign.2HU4C7JZT2SGJ,Versatile Satin Skinny Scarves – 10% Commission 🎀,Fredertent,2025-10-21,2026-10-02,10.00%,5000.0,5000.0,27,800,false
"[B0DZ2QSZ8R, B0DZ2QW99Q, B0DZ2QSLJF, B0DZ2SL32Z]",amzn1.campaign.3628KB318OF2J,Versatile Satin Skinny Scarves – 10% Commission 🎀,Fredertent,2025-10-20,2026-10-02,10.00%,5000.0,5000.0,29,800,false
"[B0DZ2QSZ8R, B0DZ2QW99Q, B0DZ2QSLJF, B0DZ2SL32Z]",amzn1.campaign.U4LP12TOZ01T,Versatile Satin Skinny Scarves – 10% Commission 🎀,Fredertent,2025-10-19,2026-10-02,10.00%,5000.0,5000.0,37,800,false
"[B0DZ2QSZ8R, B0DZ2QW99Q, B0DZ2QSLJF, B0DZ2SL32Z]",amzn1.campaign.2AE38L4M0F7JI,Versatile Satin Skinny Scarves – 10% Commission 🎀,Fredertent,2025-10-18,2026-10-02,10.00%,5000.0,5000.0,26,800,false
"[B0DZ2QSZ8R, B0DZ2QW99Q, B0DZ2QSLJF, B0DZ2SL32Z]",amzn1.campaign.17EYFG9VQ71N5,Versatile Satin Skinny Scarves – 10% Commission 🎀,Fredertent,2025-10-17,2026-10-02,10.00%,5000.0,5000.0,24,800,false
"[B0DZ2QSZ8R, B0DZ2QW99Q, B0DZ2QSLJF, B0DZ2SL32Z]",amzn1.campaign.3QT8DVZ5X3IV5,Versatile Satin Skinny Scarves – 10% Commission 🎀,Fredertent,2025-10-16,2026-10-02,10.00%,5000.0,5000.0,35,800,false
"[B0DZ2QSZ8R, B0DZ2QW99Q, B0DZ2QSLJF, B0DZ2SL32Z]",amzn1.campaign.2F1G5Z1SA7FM8,Versatile Satin Skinny Scarves – 10% Commission 🎀,Fredertent,2025-10-15,2026-10-02,10.00%,5000.0,5000.0,28,800,false
"[B0DZ2QSZ8R, B0DZ2QW99Q, B0DZ2QSLJF, B0DZ2SL32Z]",amzn1.campaign.2XY3BLM3TMOAW,Versatile Satin Skinny Scarves – 10% Commission 🎀,Fredertent,2025-10-14,2026-10-02,10.00%,5000.0,5000.0,31,800,false
"[B0DZ2QSZ8R, B0DZ2QW99Q, B0DZ2QSLJF, B0DZ2SL32Z]",amzn1.campaign.3BKN6RLYNGURT,Versatile Satin Skinny Scarves – 10% Commission 🎀,Fredertent,2025-10-13,2026-10-02,10.00%,5000.0,5000.0,32,800,false
"[B0DZ2QSZ8R, B0DZ2QW99Q, B0DZ2QSLJF, B0DZ2SL32Z]",amzn1.campaign.XRVLPFHZMVXS,Versatile Satin Skinny Scarves – 10% Commission 🎀,Fredertent,2025-10-12,2026-10-02,10.00%,5000.0,5000.0,36,800,false
"[B0DZ2QSZ8R, B0DZ2QW99Q, B0DZ2QSLJF, B0DZ2SL32Z]",amzn1.campaign.28KGOD2XS6LRC,Versatile Satin Skinny Scarves – 10% Commission 🎀,Fredertent,2025-10-11,2026-10-02,10.00%,5000.0,5000.0,30,800,false
"[B0DZ2QSZ8R, B0DZ2QW99Q, B0DZ2QSLJF, B0DZ2SL32Z]",amzn1.campaign.2VJESPKYQP9P,Versatile Satin Skinny Scarves – 10% Commission 🎀,Fredertent,2025-10-10,2026-10-02,10.00%,5000.0,5000.0,31,800,false
"[B0DZ2QSZ8R, B0DZ2QW99Q, B0DZ2QSLJF, B0DZ2SL32Z]",amzn1.campaign.10F2FQUSDMFTF,Versatile Satin Skinny Scarves – 10% Commission 🎀,Fredertent,2025-10-09,2026-10-02,10.00%,5000.0,4999.0,14,800,false
"[B0DZ2QSZ8R, B0DZ2QW99Q, B0DZ2QSLJF, B0DZ2SL32Z]",amzn1.campaign.1WRUW78SOG4P1,Versatile Satin Skinny Scarves – 10% Commission 🎀,Fredertent,2025-10-08,2026-10-02,10.00%,5000.0,5000.0,26,800,false
"[B0DZ2QSZ8R, B0DZ2QW99Q, B0DZ2QSLJF, B0DZ2SL32Z]",amzn1.campaign.2W5Z98UWS3M0H,Versatile Satin Skinny Scarves – 10% Commission 🎀,Fredertent,2025-10-07,2026-10-02,10.00%,5000.0,5000.0,31,800,false
"[B0DZ2QSZ8R, B0DZ2QW99Q, B0DZ2QSLJF, B0DZ2SL32Z]",amzn1.campaign.ZA9FOGNQVQE7,Versatile Satin Skinny Scarves – 10% Commission 🎀,Fredertent,2025-10-06,2026-10-02,10.00%,5000.0,5000.0,37,800,false
"[B0DZ2QSZ8R, B0DZ2QW99Q, B0DZ2QSLJF, B0DZ2SL32Z]",amzn1.campaign.208H2KXTJBDO8,Versatile Satin Skinny Scarves – 10% Commission 🎀,Fredertent,2025-10-05,2026-10-02,10.00%,5000.0,4999.0,24,800,false
"[B0DZ2QSZ8R, B0DZ2QW99Q, B0DZ2QSLJF, B0DZ2SL32Z]",amzn1.campaign.7QVZK22ME7QO,Versatile Satin Skinny Scarves – 10% Commission 🎀,Fredertent,2025-10-04,2026-10-02,10.00%,5000.0,5000.0,34,800,false
"[B0DZ2QSZ8R, B0DZ2QW99Q, B0DZ2QSLJF, B0DZ2SL32Z]",amzn1.campaign.1RV96X4BJTOLB,Versatile Satin Skinny Scarves – 10% Commission 🎀,Fredertent,2025-10-03,2026-10-02,10.00%,5000.0,5000.0,27,800,false
"[B0DZ2QSZ8R, B0DZ2QW99Q, B0DZ2QSLJF, B0DZ2SL32Z]",amzn1.campaign.2CGDR7WS9V11X,Versatile Satin Skinny Scarves – 10% Commission 🎀,Fredertent,2025-10-02,2026-10-02,10.00%,5000.0,5000.0,29,800,false
"[B0DZ2QSZ8R, B0DZ2QW99Q, B0DZ2QSLJF, B0DZ2SL32Z]",amzn1.campaign.2TQPZP57PV6C7,Versatile Satin Skinny Scarves – 10% Commission 🎀,Fredertent,2025-10-01,2026-09-30,10.00%,5000.0,5000.0,31,800,false
"[B0DZ2QSZ8R, B0DZ2QW99Q, B0DZ2QSLJF, B0DZ2SL32Z]",amzn1.campaign.2AEPDXI5DF5G8,Elegant Plaid Satin Scarves Set for Women – 10% Commission 🎀,Fredertent,2025-10-31,2026-10-01,10.00%,5000.0,5000.0,17,800,false
"[B0DZ2QSZ8R, B0DZ2QW99Q, B0DZ2QSLJF, B0DZ2SL32Z]",amzn1.campaign.1764OL9UIHHU7,Elegant Plaid Satin Scarves Set for Women – 10% Commission 🎀,Fredertent,2025-10-30,2026-10-01,10.00%,5000.0,5000.0,16,800,false
"[B0DZ2QSZ8R, B0DZ2QW99Q, B0DZ2QSLJF, B0DZ2SL32Z]",amzn1.campaign.30H14PW4K6II3,Elegant Plaid Satin Scarves Set for Women – 10% Commission 🎀,Fredertent,2025-10-29,2026-10-01,10.00%,5000.0,5000.0,26,800,false
"[B0DZ2QSZ8R, B0DZ2QW99Q, B0DZ2QSLJF, B0DZ2SL32Z]",amzn1.campaign.Y7WQA7M5FWGN,Elegant Plaid Satin Scarves Set for Women – 10% Commission 🎀,Fredertent,2025-10-28,2026-10-01,10.00%,5000.0,5000.0,31,800,false
"[B0DZ2QSZ8R, B0DZ2QW99Q, B0DZ2QSLJF, B0DZ2SL32Z]",amzn1.campaign.BTJ7TGWOI192,Elegant Plaid Satin Scarves Set for Women – 10% Commission 🎀,Fredertent,2025-10-27,2026-10-01,10.00%,5000.0,5000.0,29,800,false
"[B0DZ2QSZ8R, B0DZ2QW99Q, B0DZ2QSLJF, B0DZ2SL32Z]",amzn1.campaign.1FM2FW7D49MRZ,Elegant Plaid Satin Scarves Set for Women – 10% Commission 🎀,Fredertent,2025-10-26,2026-10-01,10.00%,5000.0,5000.0,21,800,false
"[B0DZ2QSZ8R, B0DZ2QW99Q, B0DZ2QSLJF, B0DZ2SL32Z]",amzn1.campaign.2L2LPCBY9TP7W,Elegant Plaid Satin Scarves Set for Women – 10% Commission 🎀,Fredertent,2025-10-25,2026-10-01,10.00%,5000.0,5000.0,25,800,false
"[B0DZ2QSZ8R, B0DZ2QW99Q, B0DZ2QSLJF, B0DZ2SL32Z]",amzn1.campaign.QVD6F8X2YQHT,Elegant Plaid Satin Scarves Set for Women – 10% Commission 🎀,Fredertent,2025-10-24,2026-10-01,10.00%,5000.0,5000.0,33,800,false
"[B0DZ2QSZ8R, B0DZ2QW99Q, B0DZ2QSLJF, B0DZ2SL32Z]",amzn1.campaign.2FSWN062KJMTU,Elegant Plaid Satin Scarves Set for Women – 10% Commission 🎀,Fredertent,2025-10-23,2026-10-01,10.00%,5000.0,5000.0,25,800,false
"[B0DZ2QSZ8R, B0DZ2QW99Q, B0DZ2QSLJF, B0DZ2SL32Z]",amzn1.campaign.1IUDQMMP7KU32,Elegant Plaid Satin Scarves Set for Women – 10% Commission 🎀,Fredertent,2025-10-22,2026-10-01,10.00%,5000.0,5000.0,24,800,false
"[B0DZ2QSZ8R, B0DZ2QW99Q, B0DZ2QSLJF, B0DZ2SL32Z]",amzn1.campaign.2IMS0VOUGK884,Elegant Plaid Satin Scarves Set for Women – 10% Commission 🎀,Fredertent,2025-10-21,2026-10-01,10.00%,5000.0,5000.0,26,800,false
"[B0DZ2QSZ8R, B0DZ2QW99Q, B0DZ2QSLJF, B0DZ2SL32Z]",amzn1.campaign.12MI0G26KB84S,Elegant Plaid Satin Scarves Set for Women – 10% Commission 🎀,Fredertent,2025-10-20,2026-10-01,10.00%,5000.0,5000.0,23,800,false
"[B0DZ2QSZ8R, B0DZ2QW99Q, B0DZ2QSLJF, B0DZ2SL32Z]",amzn1.campaign.2FXLFOPU0SA1E,Elegant Plaid Satin Scarves Set for Women – 10% Commission 🎀,Fredertent,2025-10-19,2026-10-01,10.00%,5000.0,5000.0,28,800,false
"[B0DZ2QSZ8R, B0DZ2QW99Q, B0DZ2QSLJF, B0DZ2SL32Z]",amzn1.campaign.37UQADDUOKXMH,Elegant Plaid Satin Scarves Set for Women – 10% Commission 🎀,Fredertent,2025-10-18,2026-10-01,10.00%,5000.0,5000.0,30,800,false
"[B0DZ2QSZ8R, B0DZ2QW99Q, B0DZ2QSLJF, B0DZ2SL32Z]",amzn1.campaign.3NQM530K7SQOY,Elegant Plaid Satin Scarves Set for Women – 10% Commission 🎀,Fredertent,2025-10-17,2026-10-01,10.00%,5000.0,5000.0,35,800,false
"[B0DZ2QSZ8R, B0DZ2QW99Q, B0DZ2QSLJF, B0DZ2SL32Z]",amzn1.campaign.3RRQORCQ520II,Elegant Plaid Satin Scarves Set for Women – 10% Commission 🎀,Fredertent,2025-10-16,2026-10-01,10.00%,5000.0,5000.0,35,800,false
"[B0DZ2QSZ8R, B0DZ2QW99Q, B0DZ2QSLJF, B0DZ2SL32Z]",amzn1.campaign.1PJHQRWA8WVC,Elegant Plaid Satin Scarves Set for Women – 10% Commission 🎀,Fredertent,2025-10-15,2026-10-01,10.00%,5000.0,5000.0,25,800,false
"[B0DZ2QSZ8R, B0DZ2QW99Q, B0DZ2QSLJF, B0DZ2SL32Z]",amzn1.campaign.3BUBBU1ZYGFFN,Elegant Plaid Satin Scarves Set for Women – 10% Commission 🎀,Fredertent,2025-10-14,2026-10-01,10.00%,5000.0,5000.0,31,800,false
"[B0DZ2QSZ8R, B0DZ2QW99Q, B0DZ2QSLJF, B0DZ2SL32Z]",amzn1.campaign.1HPTEQNT7M7FI,Elegant Plaid Satin Scarves Set for Women – 10% Commission 🎀,Fredertent,2025-10-13,2026-10-01,10.00%,5000.0,5000.0,25,800,false
"[B0DZ2QSZ8R, B0DZ2QW99Q, B0DZ2QSLJF, B0DZ2SL32Z]",amzn1.campaign.6BVKASFWKQ0M,Elegant Plaid Satin Scarves Set for Women – 10% Commission 🎀,Fredertent,2025-10-12,2026-10-01,10.00%,5000.0,5000.0,36,800,false
"[B0DZ2QSZ8R, B0DZ2QW99Q, B0DZ2QSLJF, B0DZ2SL32Z]",amzn1.campaign.3AD9YYEZNC97Y,Elegant Plaid Satin Scarves Set for Women – 10% Commission 🎀,Fredertent,2025-10-11,2026-10-01,10.00%,5000.0,5000.0,31,800,false
"[B0DZ2QSZ8R, B0DZ2QW99Q, B0DZ2QSLJF, B0DZ2SL32Z]",amzn1.campaign.3OGG1HFZ7686X,Elegant Plaid Satin Scarves Set for Women – 10% Commission 🎀,Fredertent,2025-10-10,2026-10-01,10.00%,5000.0,5000.0,34,800,false
"[B0DZ2QSZ8R, B0DZ2QW99Q, B0DZ2QSLJF, B0DZ2SL32Z]",amzn1.campaign.F1IYGP2QFQ83,Elegant Plaid Satin Scarves Set for Women – 10% Commission 🎀,Fredertent,2025-10-09,2026-10-01,10.00%,5000.0,5000.0,35,800,false
"[B0DZ2QSZ8R, B0DZ2QW99Q, B0DZ2QSLJF, B0DZ2SL32Z]",amzn1.campaign.28WW6AQ6OLHZF,Elegant Plaid Satin Scarves Set for Women – 10% Commission 🎀,Fredertent,2025-10-08,2026-10-01,10.00%,5000.0,5000.0,28,800,false
"[B0DZ2QSZ8R, B0DZ2QW99Q, B0DZ2QSLJF, B0DZ2SL32Z]",amzn1.campaign.1MY7MH0JIO1ET,Elegant Plaid Satin Scarves Set for Women – 10% Commission 🎀,Fredertent,2025-10-07,2026-10-01,10.00%,5000.0,5000.0,24,800,false
"[B0DZ2QSZ8R, B0DZ2QW99Q, B0DZ2QSLJF, B0DZ2SL32Z]",amzn1.campaign.3RL48MHF03QE0,Elegant Plaid Satin Scarves Set for Women – 10% Commission 🎀,Fredertent,2025-10-06,2026-10-01,10.00%,5000.0,5000.0,34,800,false
"[B0DZ2QSZ8R, B0DZ2QW99Q, B0DZ2QSLJF, B0DZ2SL32Z]",amzn1.campaign.2SMKH9J8HARJK,Elegant Plaid Satin Scarves Set for Women – 10% Commission 🎀,Fredertent,2025-10-05,2026-10-01,10.00%,5000.0,5000.0,30,800,false
"[B0DZ2QSZ8R, B0DZ2QW99Q, B0DZ2QSLJF, B0DZ2SL32Z]",amzn1.campaign.1KURBW0EY6C4R,Elegant Plaid Satin Scarves Set for Women – 10% Commission 🎀,Fredertent,2025-10-04,2026-10-01,10.00%,5000.0,5000.0,24,800,false
"[B0DZ2QSZ8R, B0DZ2QW99Q, B0DZ2QSLJF, B0DZ2SL32Z]",amzn1.campaign.1OW3DDVWEJSMH,Elegant Plaid Satin Scarves Set for Women – 10% Commission 🎀,Fredertent,2025-10-03,2026-10-01,10.00%,5000.0,5000.0,24,800,false
"[B0DZ2QSZ8R, B0DZ2QW99Q, B0DZ2QSLJF, B0DZ2SL32Z]",amzn1.campaign.1RXN1QY6QNJ71,Elegant Plaid Satin Scarves Set for Women – 10% Commission 🎀,Fredertent,2025-10-02,2026-10-01,10.00%,5000.0,5000.0,26,800,false
"[B0DZ2QSZ8R, B0DZ2QW99Q, B0DZ2QSLJF, B0DZ2SL32Z]",amzn1.campaign.22E3CX7YFWVCQ,Elegant Plaid Satin Scarves Set for Women – 10% Commission 🎀,Fredertent,2025-10-01,2026-10-01,10.00%,5000.0,5000.0,27,800,false
"[B0C3JMQMFQ, B0CY1PPM5Y, B0CY243G4K, B0CCP5FFFY, B0CHNXLL6X, B0C2CM3V3L, B0C2CJ7XJ9]",amzn1.campaign.2ZDUZDHMH8YLU,15% High Commission Hot Product+1,KOYYTO,2025-10-16,2026-10-16,15.00%,50000.0,49998.08,0,800,false
"[B0C3JMQMFQ, B0CY1PPM5Y, B0CY243G4K, B0CCP5FFFY, B0CHNXLL6X, B0C2CM3V3L, B0C2CJ7XJ9]",amzn1.campaign.3CJWNNYQ3XPLR,15% High Commission Hot Product+1,KOYYTO,2025-10-15,2026-10-15,15.00%,50000.0,50000.0,0,800,false
"[B0C3JMQMFQ, B0CY1PPM5Y, B0CY243G4K, B0CCP5FFFY, B0CHNXLL6X, B0C2CM3V3L, B0C2CJ7XJ9]",amzn1.campaign.2OKFGIWE3ZP3,15% High Commission Hot Product+1,KOYYTO,2025-10-14,2026-10-14,15.00%,50000.0,50000.0,0,800,false
"[B0C3JMQMFQ, B0CY1PPM5Y, B0CY243G4K, B0CCP5FFFY, B0CHNXLL6X, B0C2CM3V3L, B0C2CJ7XJ9]",amzn1.campaign.3OMBXRB02KV6Q,15% High Commission Hot Product+1,KOYYTO,2025-10-13,2026-10-13,12.00%,50000.0,50000.0,0,800,false
"[B0C3JMQMFQ, B0CY1PPM5Y, B0CY243G4K, B0CCP5FFFY, B0CHNXLL6X, B0C2CM3V3L, B0C2CJ7XJ9]",amzn1.campaign.25X5AFLO3GVE0,15% High Commission Hot Product+1,KOYYTO,2025-10-12,2026-10-12,15.00%,50000.0,50000.0,0,800,false
"[B0C3JMQMFQ, B0CY1PPM5Y, B0CY243G4K, B0CCP5FFFY, B0CHNXLL6X, B0C2CM3V3L, B0C2CJ7XJ9]",amzn1.campaign.1203SI5Z25LBA,15% High Commission Hot Product+1,KOYYTO,2025-10-11,2026-10-11,15.00%,50000.0,50000.0,0,800,false
"[B0C3JMQMFQ, B0CY1PPM5Y, B0CY243G4K, B0CCP5FFFY, B0CHNXLL6X, B0C2CM3V3L, B0C2CJ7XJ9]",amzn1.campaign.3G4FU3694AILQ,15% High Commission Hot Product+1,KOYYTO,2025-10-10,2026-10-10,15.00%,50000.0,50000.0,0,800,false
"[B0C3JMQMFQ, B0CY1PPM5Y, B0CY243G4K, B0CCP5FFFY, B0CHNXLL6X, B0C2CM3V3L, B0C2CJ7XJ9]",amzn1.campaign.12H8G83PNHSN9,15% High Commission Hot Product+1,KOYYTO,2025-10-09,2026-10-09,15.00%,50000.0,50000.0,0,800,false
"[B0C3JMQMFQ, B0CY1PPM5Y, B0CY243G4K, B0CCP5FFFY, B0CHNXLL6X, B0C2CM3V3L, B0C2CJ7XJ9]",amzn1.campaign.MCV9F345TKQ,15% High Commission Hot Product+1,KOYYTO,2025-10-08,2026-10-08,15.00%,50000.0,50000.0,0,800,false
"[B0C3JMQMFQ, B0CY1PPM5Y, B0CY243G4K, B0CCP5FFFY, B0CHNXLL6X, B0C2CM3V3L, B0C2CJ7XJ9]",amzn1.campaign.2SU72600NB2VN,15% High Commission Hot Product+1,KOYYTO,2025-10-07,2026-10-07,15.00%,50000.0,50000.0,0,800,false
"[B0C3JMQMFQ, B0CY1PPM5Y, B0CY243G4K, B0CCP5FFFY, B0CHNXLL6X, B0C2CM3V3L, B0C2CJ7XJ9]",amzn1.campaign.1HTNRKK8Y8DP0,15% High Commission Hot Product+1,KOYYTO,2025-10-06,2026-10-06,15.00%,50000.0,50000.0,0,800,false
"[B0C3JMQMFQ, B0CY1PPM5Y, B0CY243G4K, B0CCP5FFFY, B0CHNXLL6X, B0C2CM3V3L, B0C2CJ7XJ9]",amzn1.campaign.1ZVGC8DEOL9MJ,15% High Commission Hot Product+1,KOYYTO,2025-10-05,2026-10-05,15.00%,50000.0,50000.0,0,800,false
"[B0C3JMQMFQ, B0CY1PPM5Y, B0CY243G4K, B0CCP5FFFY, B0CHNXLL6X, B0C2CM3V3L, B0C2CJ7XJ9]",amzn1.campaign.2K8JUNJ82RDRY,15% High Commission Hot Product+1,KOYYTO,2025-10-04,2026-10-04,15.00%,50000.0,50000.0,0,800,false
"[B0C3JMQMFQ, B0CY1PPM5Y, B0CY243G4K, B0CCP5FFFY, B0CHNXLL6X, B0C2CM3V3L, B0C2CJ7XJ9]",amzn1.campaign.A6KZBLIPPDYT,15% High Commission Hot Product+1,KOYYTO,2025-10-03,2026-10-03,15.00%,50000.0,50000.0,0,800,false
"[B0C3JMQMFQ, B0CY1PPM5Y, B0CY243G4K, B0CCP5FFFY, B0CHNXLL6X, B0C2CM3V3L, B0C2CJ7XJ9]",amzn1.campaign.WZET7FPZ2RZS,15% High Commission Hot Product+1,KOYYTO,2025-10-02,2026-10-02,15.00%,50000.0,50000.0,0,800,false
"[B0C3JMQMFQ, B0CY1PPM5Y, B0CY243G4K, B0CCP5FFFY, B0CHNXLL6X, B0C2CM3V3L, B0C2CJ7XJ9]",amzn1.campaign.2N25JNLHEQQ2Q,15% High Commission Hot Product+1,KOYYTO,2025-10-01,2026-10-01,15.00%,50000.0,50000.0,0,800,false
"[B0C3JMQMFQ, B0CY1PPM5Y, B0CY243G4K, B0CCP5FFFY, B0CHNXLL6X, B0C2CM3V3L, B0C2CJ7XJ9]",amzn1.campaign.2HD4XD613RXDN,15% High Commission Hot Product+1,KOYYTO,2025-09-30,2026-09-30,15.00%,50000.0,50000.0,0,800,false
"[B0C3JMQMFQ, B0CY1PPM5Y, B0CY243G4K, B0CCP5FFFY, B0CHNXLL6X, B0C2CM3V3L, B0C2CJ7XJ9]",amzn1.campaign.15GHKIQ933OM9,15% High Commission Hot Product+1,KOYYTO,2025-09-29,2026-09-29,15.00%,50000.0,50000.0,0,800,false
"[B0C3JMQMFQ, B0CY1PPM5Y, B0CY243G4K, B0CCP5FFFY, B0CHNXLL6X, B0C2CM3V3L, B0C2CJ7XJ9]",amzn1.campaign.3VIA6COMH75W0,15% High Commission Hot Product+1,KOYYTO,2025-09-28,2026-09-28,15.00%,50000.0,50000.0,0,800,false
"[B0C3JMQMFQ, B0CY1PPM5Y, B0CY243G4K, B0CCP5FFFY, B0CHNXLL6X, B0C2CM3V3L, B0C2CJ7XJ9]",amzn1.campaign.38BN2JOPN6STJ,15% High Commission Hot Product+1,KOYYTO,2025-09-27,2026-09-27,15.00%,50000.0,50000.0,0,800,false
"[B0C3JMQMFQ, B0CY1PPM5Y, B0CY243G4K, B0CCP5FFFY, B0CHNXLL6X, B0C2CM3V3L, B0C2CJ7XJ9]",amzn1.campaign.2WIM79QF8XUMK,15% High Commission Hot Product+1,KOYYTO,2025-09-26,2026-09-26,15.00%,50000.0,50000.0,0,800,false
"[B0C3JMQMFQ, B0CY1PPM5Y, B0CY243G4K, B0CCP5FFFY, B0CHNXLL6X, B0C2CM3V3L, B0C2CJ7XJ9]",amzn1.campaign.2JR9XDU1TQLO4,15% High Commission Hot Product+1,KOYYTO,2025-09-25,2026-09-25,15.00%,50000.0,50000.0,0,800,false
"[B0C3JMQMFQ, B0CY1PPM5Y, B0CY243G4K, B0CCP5FFFY, B0CHNXLL6X, B0C2CM3V3L, B0C2CJ7XJ9]",amzn1.campaign.3MQNMFVW49B49,15% High Commission Hot Product+1,KOYYTO,2025-09-24,2026-09-24,15.00%,50000.0,50000.0,0,800,false
"[B0DFXXJSLR, B0DWRLWQ9F, B0DWRVCH7Z, B0DGX1KVGC]",amzn1.campaign.3UB1GQ1SZOUX8,15% High Commission Hot Product,KOYYTO,2025-10-16,2026-10-16,15.00%,50000.0,50000.0,0,800,false
"[B0DFXXJSLR, B0DWRLWQ9F, B0DWRVCH7Z, B0DGX1KVGC]",amzn1.campaign.2IV53NZHE3MJD,15% High Commission Hot Product,KOYYTO,2025-10-15,2026-10-15,15.00%,50000.0,50000.0,0,800,false
"[B0DFXXJSLR, B0DWRLWQ9F, B0DWRVCH7Z, B0DGX1KVGC]",amzn1.campaign.16LQ9MVO6YAFY,15% High Commission Hot Product,KOYYTO,2025-10-14,2026-10-14,15.00%,50000.0,50000.0,0,800,false
"[B0DFXXJSLR, B0DWRLWQ9F, B0DWRVCH7Z, B0DGX1KVGC]",amzn1.campaign.VR1ZGG9W9GU4,15% High Commission Hot Product,KOYYTO,2025-10-13,2026-10-13,15.00%,50000.0,50000.0,0,800,false
"[B0DFXXJSLR, B0DWRLWQ9F, B0DWRVCH7Z, B0DGX1KVGC]",amzn1.campaign.1EI3UOH1125IY,15% High Commission Hot Product,KOYYTO,2025-10-12,2026-10-12,15.00%,50000.0,50000.0,0,800,false
"[B0DFXXJSLR, B0DWRLWQ9F, B0DWRVCH7Z, B0DGX1KVGC]",amzn1.campaign.2AGNBFH346NTP,15% High Commission Hot Product,KOYYTO,2025-10-11,2026-10-11,15.00%,50000.0,50000.0,0,800,false
"[B0DFP9BHXW, B08MC9VXZ6, B0D7QN2PPV, B0D7QPQLZ4, B0D7QGWDR1, B09YTP6252, B0B6ZQS9HX, B09YTMFVS4]",amzn1.campaign.SYY0H40GDBID,"Cost-Effective Reflective Breakaway Cat Collar (12Pack, Under$9) 15% Commission",Extodry,2025-10-30,2026-10-30,15.00%,10000.0,9998.65,0,800,false
"[B0DFP9BHXW, B08MC9VXZ6, B0D7QN2PPV, B0D7QPQLZ4, B0D7QGWDR1, B09YTP6252, B0B6ZQS9HX, B09YTMFVS4]",amzn1.campaign.25EJZI6ZDBCHG,"Cost-Effective Reflective Breakaway Cat Collar (12Pack, Under$9) 15% Commission",Extodry,2025-10-29,2026-10-29,15.00%,10000.0,10000.0,0,800,false
"[B0DFP9BHXW, B08MC9VXZ6, B0D7QN2PPV, B0D7QPQLZ4, B0D7QGWDR1, B09YTP6252, B0B6ZQS9HX, B09YTMFVS4]",amzn1.campaign.3NY6QYFV45GNF,"Cost-Effective Reflective Breakaway Cat Collar (12Pack, Under$9) 15% Commission",Extodry,2025-10-28,2026-10-28,15.00%,10000.0,9996.67,0,800,false
"[B0DFXXJSLR, B0DWRLWQ9F, B0DWRVCH7Z, B0DGX1KVGC]",amzn1.campaign.157YKJHXYP7WA,15% High Commission Hot Product,KOYYTO,2025-10-10,2026-10-10,15.00%,50000.0,50000.0,0,800,false
"[B0DFP9BHXW, B08MC9VXZ6, B0D7QN2PPV, B0D7QPQLZ4, B0D7QGWDR1, B09YTP6252, B0B6ZQS9HX, B09YTMFVS4]",amzn1.campaign.2TO5WEPB3CSI,"Cost-Effective Reflective Breakaway Cat Collar (12Pack, Under$9) 15% Commission",Extodry,2025-10-27,2026-10-27,15.00%,10000.0,9992.82,0,800,false
"[B0DFP9BHXW, B08MC9VXZ6, B0D7QN2PPV, B0D7QPQLZ4, B0D7QGWDR1, B09YTP6252, B0B6ZQS9HX, B09YTMFVS4]",amzn1.campaign.3TNJBCVEK4G6X,"Cost-Effective Reflective Breakaway Cat Collar (12Pack, Under$9) 15% Commission",Extodry,2025-10-26,2026-10-26,15.00%,10000.0,9998.72,0,800,false
"[B0DFP9BHXW, B08MC9VXZ6, B0D7QN2PPV, B0D7QPQLZ4, B0D7QGWDR1, B09YTP6252, B0B6ZQS9HX, B09YTMFVS4]",amzn1.campaign.16BVCE9ULHZ9T,"Cost-Effective Reflective Breakaway Cat Collar (12Pack, Under$9) 15% Commission",Extodry,2025-10-25,2026-10-25,15.00%,10000.0,9996.29,0,800,false
"[B0DFP9BHXW, B08MC9VXZ6, B0D7QN2PPV, B0D7QPQLZ4, B0D7QGWDR1, B09YTP6252, B0B6ZQS9HX, B09YTMFVS4]",amzn1.campaign.2K4GAHOPKMWZN,"Cost-Effective Reflective Breakaway Cat Collar (12Pack, Under$9) 15% Commission",Extodry,2025-10-24,2026-10-24,15.00%,10000.0,10000.0,0,800,false
"[B0DFP9BHXW, B08MC9VXZ6, B0D7QN2PPV, B0D7QPQLZ4, B0D7QGWDR1, B09YTP6252, B0B6ZQS9HX, B09YTMFVS4]",amzn1.campaign.TFE5ZPH64RDX,"Cost-Effective Reflective Breakaway Cat Collar (12Pack, Under$9) 15% Commission",Extodry,2025-10-23,2026-10-23,15.00%,10000.0,10000.0,0,800,false
"[B0DFP9BHXW, B08MC9VXZ6, B0D7QN2PPV, B0D7QPQLZ4, B0D7QGWDR1, B09YTP6252, B0B6ZQS9HX, B09YTMFVS4]",amzn1.campaign.2KQQ8DUI02KCL,"Cost-Effective Reflective Breakaway Cat Collar (12Pack, Under$9) 15% Commission",Extodry,2025-10-22,2026-10-22,15.00%,10000.0,10000.0,0,800,false
"[B0DFP9BHXW, B08MC9VXZ6, B0D7QN2PPV, B0D7QPQLZ4, B0D7QGWDR1, B09YTP6252, B0B6ZQS9HX, B09YTMFVS4]",amzn1.campaign.26Z1M150D2BJZ,"Cost-Effective Reflective Breakaway Cat Collar (12Pack, Under$9) 15% Commission",Extodry,2025-10-21,2026-10-21,15.00%,10000.0,10000.0,0,800,false
"[B0DFP9BHXW, B08MC9VXZ6, B0D7QN2PPV, B0D7QPQLZ4, B0D7QGWDR1, B09YTP6252, B0B6ZQS9HX, B09YTMFVS4]",amzn1.campaign.11KV9NMDJFKQ4,"Cost-Effective Reflective Breakaway Cat Collar (12Pack, Under$9) 15% Commission",Extodry,2025-10-20,2026-10-20,15.00%,10000.0,9996.4,0,800,false
"[B0DFP9BHXW, B08MC9VXZ6, B0D7QN2PPV, B0D7QPQLZ4, B0D7QGWDR1, B09YTP6252, B0B6ZQS9HX, B09YTMFVS4]",amzn1.campaign.3G83QUEQNB5KH,"Cost-Effective Reflective Breakaway Cat Collar (12Pack, Under$9) 15% Commission",Extodry,2025-10-19,2026-10-19,15.00%,10000.0,9997.0,0,800,false
"[B0DFXXJSLR, B0DWRLWQ9F, B0DWRVCH7Z, B0DGX1KVGC]",amzn1.campaign.31IQX69PREIC4,15% High Commission Hot Product,KOYYTO,2025-10-09,2026-10-09,15.00%,50000.0,50000.0,0,800,false
"[B0DFP9BHXW, B08MC9VXZ6, B0D7QN2PPV, B0D7QPQLZ4, B0D7QGWDR1, B09YTP6252, B0B6ZQS9HX, B09YTMFVS4]",amzn1.campaign.S1EGICWGXUA4,"Cost-Effective Reflective Breakaway Cat Collar (12Pack, Under$9) 15% Commission",Extodry,2025-10-18,2026-10-18,15.00%,10000.0,9998.65,0,800,false
"[B0DFP9BHXW, B08MC9VXZ6, B0D7QN2PPV, B0D7QPQLZ4, B0D7QGWDR1, B09YTP6252, B0B6ZQS9HX, B09YTMFVS4]",amzn1.campaign.UMWIAQRZE5JI,"Cost-Effective Reflective Breakaway Cat Collar (12Pack, Under$9) 15% Commission",Extodry,2025-10-17,2026-10-17,15.00%,10000.0,9998.95,0,800,false
"[B0DFP9BHXW, B08MC9VXZ6, B0D7QN2PPV, B0D7QPQLZ4, B0D7QGWDR1, B09YTP6252, B0B6ZQS9HX, B09YTMFVS4]",amzn1.campaign.38MOWQ21OURB0,"Cost-Effective Reflective Breakaway Cat Collar (12Pack, Under$9) 15% Commission",Extodry,2025-10-16,2026-10-16,15.00%,10000.0,9989.93,0,800,false
"[B0DFP9BHXW, B08MC9VXZ6, B0D7QN2PPV, B0D7QPQLZ4, B0D7QGWDR1, B09YTP6252, B0B6ZQS9HX, B09YTMFVS4]",amzn1.campaign.Y0IJGB7JLGAC,"Cost-Effective Reflective Breakaway Cat Collar (12Pack, Under$9) 15% Commission",Extodry,2025-10-15,2026-10-15,15.00%,10000.0,9988.57,0,800,false
"[B0DFP9BHXW, B08MC9VXZ6, B0D7QN2PPV, B0D7QPQLZ4, B0D7QGWDR1, B09YTP6252, B0B6ZQS9HX, B09YTMFVS4]",amzn1.campaign.STSFMRMUVI1L,"Cost-Effective Reflective Breakaway Cat Collar (12Pack, Under$9) 15% Commission",Extodry,2025-10-14,2026-10-14,15.00%,10000.0,9995.95,0,800,false
"[B0DFXXJSLR, B0DWRLWQ9F, B0DWRVCH7Z, B0DGX1KVGC]",amzn1.campaign.UYV1TFRZ1IZW,15% High Commission Hot Product,KOYYTO,2025-10-08,2026-10-08,15.00%,50000.0,50000.0,1,800,false
"[B0DFP9BHXW, B08MC9VXZ6, B0D7QN2PPV, B0D7QPQLZ4, B0D7QGWDR1, B09YTP6252, B0B6ZQS9HX, B09YTMFVS4]",amzn1.campaign.S1865UPH94J7,"Cost-Effective Reflective Breakaway Cat Collar (12Pack, Under$9) 15% Commission",Extodry,2025-10-13,2026-10-13,15.00%,10000.0,9997.22,0,800,false
"[B0DFXXJSLR, B0DWRLWQ9F, B0DWRVCH7Z, B0DGX1KVGC]",amzn1.campaign.DVU1A0Q4X4DX,15% High Commission Hot Product,KOYYTO,2025-10-07,2026-10-07,15.00%,50000.0,50000.0,2,800,false
"[B0DFP9BHXW, B08MC9VXZ6, B0D7QN2PPV, B0D7QPQLZ4, B0D7QGWDR1, B09YTP6252, B0B6ZQS9HX, B09YTMFVS4]",amzn1.campaign.19J97RN9HPTN8,"Cost-Effective Reflective Breakaway Cat Collar (12Pack, Under$9) 15% Commission",Extodry,2025-10-12,2026-10-12,15.00%,10000.0,9996.22,0,800,false
"[B0DFP9BHXW, B08MC9VXZ6, B0D7QN2PPV, B0D7QPQLZ4, B0D7QGWDR1, B09YTP6252, B0B6ZQS9HX, B09YTMFVS4]",amzn1.campaign.1S22JGGHSAUXW,"Cost-Effective Reflective Breakaway Cat Collar (12Pack, Under$9) 15% Commission",Extodry,2025-10-11,2026-10-11,15.00%,10000.0,9991.16,0,800,false
"[B0DFP9BHXW, B08MC9VXZ6, B0D7QN2PPV, B0D7QPQLZ4, B0D7QGWDR1, B09YTP6252, B0B6ZQS9HX, B09YTMFVS4]",amzn1.campaign.2BPZ0BRQQ2EJD,"Cost-Effective Reflective Breakaway Cat Collar (12Pack, Under$9) 15% Commission",Extodry,2025-10-10,2026-10-10,15.00%,10000.0,9991.0,0,800,false
"[B0DFP9BHXW, B08MC9VXZ6, B0D7QN2PPV, B0D7QPQLZ4, B0D7QGWDR1, B09YTP6252, B0B6ZQS9HX, B09YTMFVS4]",amzn1.campaign.2B0Y09Z9GQ3PJ,"Cost-Effective Reflective Breakaway Cat Collar (12Pack, Under$9) 15% Commission",Extodry,2025-10-09,2026-10-09,15.00%,10000.0,9998.92,0,800,false
"[B0DFXXJSLR, B0DWRLWQ9F, B0DWRVCH7Z, B0DGX1KVGC]",amzn1.campaign.2X202OH03VHXN,15% High Commission Hot Product,KOYYTO,2025-10-06,2026-10-06,15.00%,50000.0,50000.0,0,800,false
"[B0DFXXJSLR, B0DWRLWQ9F, B0DWRVCH7Z, B0DGX1KVGC]",amzn1.campaign.Y8MJERNSILR5,15% High Commission Hot Product,KOYYTO,2025-10-05,2026-10-05,15.00%,50000.0,49997.0,0,800,false
"[B0DFXXJSLR, B0DWRLWQ9F, B0DWRVCH7Z, B0DGX1KVGC]",amzn1.campaign.3KKMRDTQEURIC,15% High Commission Hot Product,KOYYTO,2025-10-04,2026-10-04,15.00%,50000.0,50000.0,1,800,false
"[B0DFXXJSLR, B0DWRLWQ9F, B0DWRVCH7Z, B0DGX1KVGC]",amzn1.campaign.1NVI1WSJXZ1VB,15% High Commission Hot Product,KOYYTO,2025-10-03,2026-10-03,15.00%,50000.0,50000.0,0,800,false
"[B0DFXXJSLR, B0DWRLWQ9F, B0DWRVCH7Z, B0DGX1KVGC]",amzn1.campaign.142Y9V1OC6O91,15% High Commission Hot Product,KOYYTO,2025-10-02,2026-10-02,15.00%,50000.0,50000.0,0,800,false
"[B0DFXXJSLR, B0DWRLWQ9F, B0DWRVCH7Z, B0DGX1KVGC]",amzn1.campaign.2F5ZL9XQXWNEP,15% High Commission Hot Product,KOYYTO,2025-10-01,2026-10-01,15.00%,50000.0,50000.0,2,800,false
"[B0DFXXJSLR, B0DWRLWQ9F, B0DWRVCH7Z, B0DGX1KVGC]",amzn1.campaign.3YEP984R42YD,15% High Commission Hot Product,KOYYTO,2025-09-30,2026-09-30,15.00%,50000.0,50000.0,2,800,false
"[B0DFXXJSLR, B0DWRLWQ9F, B0DWRVCH7Z, B0DGX1KVGC]",amzn1.campaign.35COTKT4M21QY,15% High Commission Hot Product,KOYYTO,2025-09-29,2026-09-29,15.00%,50000.0,50000.0,0,800,false
"[B0DFXXJSLR, B0DWRLWQ9F, B0DWRVCH7Z, B0DGX1KVGC]",amzn1.campaign.3J0EWVC8HC9FG,15% High Commission Hot Product,KOYYTO,2025-09-28,2026-09-28,15.00%,50000.0,50000.0,5,800,false
"[B0DFXXJSLR, B0DWRLWQ9F, B0DWRVCH7Z, B0DGX1KVGC]",amzn1.campaign.2BI36CV90B9X1,15% High Commission Hot Product,KOYYTO,2025-09-27,2026-09-27,15.00%,50000.0,50000.0,7,800,false
"[B0DFXXJSLR, B0DWRLWQ9F, B0DWRVCH7Z, B0DGX1KVGC]",amzn1.campaign.1H5FU7GYZU6JP,15% High Commission Hot Product,KOYYTO,2025-09-26,2026-09-26,15.00%,50000.0,50000.0,5,800,false
"[B0DFXXJSLR, B0DWRLWQ9F, B0DWRVCH7Z, B0DGX1KVGC]",amzn1.campaign.2ATQR6A8GD8XV,15% High Commission Hot Product,KOYYTO,2025-09-25,2026-09-25,15.00%,50000.0,50000.0,4,800,false
"[B0DFXXJSLR, B0DWRLWQ9F, B0DWRVCH7Z, B0DGX1KVGC]",amzn1.campaign.2015WG9LK50DU,15% High Commission Hot Product,KOYYTO,2025-09-24,2026-09-24,15.00%,50000.0,50000.0,5,800,false
"[B0BRLY8N3B, B0BRMHJFXK]",amzn1.campaign.3H1N13U0UBHL0,3008系列,Anylight,2025-10-02,2026-10-02,10.00%,5000.0,4976.1,0,800,false
"[B0BRM929GH, B0BRMM3BYT, B0CDW8DY3M, B0CDWCQQZZ]",amzn1.campaign.310U3J73IAPNC,4019系列,Anylight,2025-10-02,2026-10-02,10.00%,5000.0,4904.97,0,800,false
"[B0DLZ7JV74, B0DHGJJRJW, B0DHGM21SD, B0DHGQ4FPX, B0DHGMCWKS]",amzn1.campaign.2RE2KNVV68F2X,蜜蜂箱,JubiNatural,2025-10-02,2026-10-02,10.00%,5000.0,4937.23,0,800,false
"[B0F17B9WSP, B0DWMBWSQB, B0F17R4BVP, B0F37STC1M, B0DHGQM32S, B0DHGSWTVZ, B0F371MVTR, B0F377KN19]",amzn1.campaign.3OS5GXQZQ0TSV,猫跑步机,JubiNatural,2025-10-02,2026-10-02,10.00%,5000.0,4541.7,0,800,false
[B0DZXQZ1WN],amzn1.campaign.1YCGJWY73UHYJ,15% Commission all year round.. Scented feminine wipes individually wrapped,WipesyWiz,2025-09-24,2026-09-24,15.00%,150000.0,149978.4,0,800,false
[B0DDK9BTDS],amzn1.campaign.AYIP8ZQL3FFP,Party light Newly upgraded product 15% commission for Sept 27th,Amosamz,2025-09-27,2026-09-27,15.00%,5000.0,4967.81,0,800,false
[B0F8TVNM49],amzn1.campaign.10GGNNI57QI5R,🎄 Holiday Content Collaboration!,Asidius,2025-09-30,2026-09-30,13.00%,5333.0,5333.0,0,800,false
[B0C2BYM894],amzn1.campaign.UPOO3XOZQ4H,"15% commission, earn all year round. Everyday Humans Glow Oil with SPF 30",EVERYDAY HUMANS,2025-10-07,2026-10-07,15.00%,5000.0,4934.52,0,800,false
[B087KSD2ZD],amzn1.campaign.3GJHDZ72KXW40,"15% commission, earn all year round. Everyday Humans SPF50 Australian Formula",EVERYDAY HUMANS,2025-10-01,2026-10-01,15.00%,5000.0,4901.76,0,800,false
"[B0BDNYYJRX, B0BW3PSKJY, B0CMCGX1JB, B09PGXBHXJ, B0BN7NQ3WY, B0D94ZQRLR, B0BW3MRTC8, B0BW3NPPN8]",amzn1.campaign.1CNORCQ9PS4YW,Hands-Free Stroller Hooks – Hang Bags & Essentials | 20% Commission,LilFe,2025-09-29,2026-09-29,20.00%,5000.0,4998.0,0,800,false
"[B0BDNYYJRX, B0BW3PSKJY, B0CMCGX1JB, B09PGXBHXJ, B0BN7NQ3WY, B0D94ZQRLR, B0BW3MRTC8, B0BW3NPPN8]",amzn1.campaign.1BKA7FSP94GME,Stroller Clips & Hooks – Travel-Friendly & Strong | Earn 20% Commission,LilFe,2025-09-24,2026-09-24,20.00%,5000.0,4993.52,0,800,false
[B0CMCGX1JB],amzn1.campaign.EP41P5U2381S,Multipurpose LilFe Stroller Hooks – Keep Hands Free | 20% Commission,LilFe,2025-09-26,2026-09-26,20.00%,5000.0,5000.0,0,800,false
[B0CMCGX1JB],amzn1.campaign.RU8YHRO7WWBY,LilFe Stroller Clips & Hooks – Travel-Friendly | Earn 20% Commission,LilFe,2025-09-30,2026-09-30,20.00%,5000.0,4996.0,0,800,false
[B0CMCGX1JB],amzn1.campaign.33SPZJBSAYIEP,Multipurpose LilFe Stroller Hooks – Keep Hands Free | 20% Commission,LilFe,2025-09-25,2026-09-25,20.00%,5000.0,5000.0,0,800,false
"[B0BDNYYJRX, B0BW3PSKJY, B09PGXBHXJ, B0BN7NQ3WY, B0BW3MRTC8, B0BW3NPPN8]",amzn1.campaign.1B0DVUPIIV7RM,Stroller Hooks for Baby Bags & Shopping – Strong & Reliable | 20% Cut,LilFe,2025-09-24,2026-09-24,20.00%,6000.0,6000.0,0,800,false
[B0FH4WXF6Z],amzn1.campaign.24GGSHK5NH3O1,SEJJ ELMOR 100 — Everyday Music Enjoyment,SEJJ,2025-11-24,2026-11-24,10.00%,5000.0,5000.0,0,800,false
[B0FH4WXF6Z],amzn1.campaign.316T8KTGFQZ21,SEJJ ELMOR 100 — Content Creator Workflow,SEJJ,2025-11-17,2026-11-17,10.00%,5000.0,4994.68,5,800,false
[B0FH4WXF6Z],amzn1.campaign.2XF15Q61FGKBC,SEJJ ELMOR 100 — Content Creator Workflow,SEJJ,2025-11-10,2026-11-10,10.00%,5000.0,4989.36,6,800,false
[B0FH4WXF6Z],amzn1.campaign.1VOG0XJMANBK6,SEJJ ELMOR 100 — All-Day Comfort Test,SEJJ,2025-11-03,2026-11-03,10.00%,5000.0,4989.08,0,800,false
[B0FH4WXF6Z],amzn1.campaign.1G85DSJ7QK87N,"SEJJ ELMOR 100 — Retro Look, Studio Sound",SEJJ,2025-10-27,2026-10-27,10.00%,5000.0,4994.4,0,800,false
[B0FH4WXF6Z],amzn1.campaign.2LD54KLZNRYAR,SEJJ ELMOR 100 — Editing Without Distraction,SEJJ,2025-10-20,2026-10-20,10.00%,5000.0,4994.68,5,800,false
[B0FH4WXF6Z],amzn1.campaign.16DBB4FQG4VME,SEJJ ELMOR 100 — Instrument Practice Monito,SEJJ,2025-10-13,2026-10-13,10.00%,5000.0,4994.68,0,800,false
[B0FH4WXF6Z],amzn1.campaign.3TYN1LJB0JGS6,SEJJ ELMOR 100 — Voiceover Precision,SEJJ,2025-10-06,2026-10-06,10.00%,5000.0,4994.4,11,800,false
[B0FH4WXF6Z],amzn1.campaign.3E6S3AXPWL8J2,SEJJ ELMOR 100 — Music Mixing Companion,SEJJ,2025-09-29,2026-09-29,10.00%,5000.0,4955.21,5,800,false
"[B0D9W2894W, B0CNTHG8GG]",amzn1.campaign.2SXDH29Y12UZ9,Window and Door Alarm When Opened with Remote,METAK,2025-10-02,2026-10-02,10.00%,5000.0,4955.39,0,800,false
[B0DRW1BFP3],amzn1.campaign.1EWBPWG3O9K6X,WONDER FAMILY 3 in 1 Shampoo Conditioner Dispenser 20% Commission Free Sample,WONDER FAMILY,2025-09-30,2026-09-30,20.00%,10000.0,9996.0,0,800,false
[B0DRW1BFP3],amzn1.campaign.1AU1ZX4049U7X,WONDER FAMILY 3 in 1 Shampoo Conditioner Dispenser 20% Commission Free Sample,WONDER FAMILY,2025-09-29,2026-09-29,20.00%,10000.0,9992.6,0,800,false
[B0DRW1BFP3],amzn1.campaign.1LJ18RW5B796T,WONDER FAMILY 3 in 1 Shampoo Conditioner Dispenser 20% Commission Free Sample,WONDER FAMILY,2025-09-28,2026-09-28,20.00%,10000.0,10000.0,0,800,false
[B0DRW1BFP3],amzn1.campaign.JMGOHO3SBKVP,WONDER FAMILY 3 in 1 Shampoo Conditioner Dispenser 20% Commission Free Sample,WONDER FAMILY,2025-09-27,2026-09-27,20.00%,10000.0,9997.2,0,800,false
[B0DRW1BFP3],amzn1.campaign.3GJJZ27RU13CW,WONDER FAMILY 3 in 1 Shampoo Conditioner Dispenser 20% Commission Free Sample,WONDER FAMILY,2025-09-26,2026-09-26,20.00%,10000.0,9997.2,0,800,false
[B0DRW1BFP3],amzn1.campaign.3TGFOS4935CAQ,WONDER FAMILY 3 in 1 Shampoo Conditioner Dispenser 20% Commission Free Sample,WONDER FAMILY,2025-09-25,2026-09-25,20.00%,10000.0,10000.0,5,800,false
[B0DRW1BFP3],amzn1.campaign.37FX5CJV9C50X,WONDER FAMILY 3 in 1 Shampoo Conditioner Dispenser 20% Commission Free Sample,WONDER FAMILY,2025-09-24,2026-09-24,20.00%,10000.0,10000.0,1,800,false
"[B0D41SKXPM, B0D41QHHDN, B0F291KPG3, B0F292X5G5, B0D8B9Y825, B0F29289CT, B0DQNMML5J, B0D89X13J5, B0D41S6ZPX, B0F291KPFZ, B0D6XP3979, B0F3WQLYMX, B0F28YQL6Y, B0F293HCJN, B0D41QVW46, B0F28ZXBKN, B0F295H1L8, B0F292MYXZ, B0F2946SFD, B0DQ124R7W, B0F2923VVQ, B0F292NCQ3, B0D41SDJ2D]",amzn1.campaign.142CVAXN5TQ1R,Wyeysyt Floral Pajama Set ---15%,wyeysyt,2025-10-02,2026-10-02,15.00%,5000.0,4985.9,0,800,false
"[B0F291KPG3, B0D8B9Y825, B0F29289CT, B0D89X13J5, B0F291KPFZ, B0F28YQL6Y, B0F295H1L8, B0F292MYXZ, B0F2946SFD, B0DQ124R7W, B0F2923VVQ, B0F1Y2MSRK, B0D8B7XRBK, B0F292NCQ3, B0D41SDJ2D, B0D41SKXPM, B0D41QHHDN, B0F292X5G5, B0DQNMML5J, B0D41S6ZPX, B0D8B9J8PC, B0D6XP3979, B0F3WQLYMX, B0F293HCJN, B0D41QVW46, B0F28ZXBKN]",amzn1.campaign.1SZIVNHBGXTR1,Wyeysyt Floral Pajama Set ---15% Commission,wyeysyt,2025-10-01,2026-10-01,15.00%,5000.0,4994.9,0,800,false
"[B0DQ19LJDH, B0DQ161PX7]",amzn1.campaign.H9T4BC2ZBYDN,20 Percent Commission Free Sample Black or White WONDER FAMILY Portable Neck Fan,WONDER FAMILY,2025-09-30,2026-09-30,20.00%,10000.0,10000.0,0,800,false
"[B0DQ19LJDH, B0DQ161PX7]",amzn1.campaign.1DMIJHT6PSJAO,20 Percent Commission Free Sample Black or White WONDER FAMILY Portable Neck Fan,WONDER FAMILY,2025-09-29,2026-09-29,20.00%,10000.0,10000.0,0,800,false
"[B0DQ19LJDH, B0DQ161PX7]",amzn1.campaign.KGUJYNOIYX77,20 Percent Commission Free Sample Black or White WONDER FAMILY Portable Neck Fan,WONDER FAMILY,2025-09-28,2026-09-28,20.00%,10000.0,10000.0,0,800,false
"[B0DQ19LJDH, B0DQ161PX7]",amzn1.campaign.N44IMV5OPT7T,20 Percent Commission Free Sample Black or White WONDER FAMILY Portable Neck Fan,WONDER FAMILY,2025-09-27,2026-09-27,20.00%,10000.0,10000.0,0,800,false
"[B0DQ19LJDH, B0DQ161PX7]",amzn1.campaign.30IK8T2N71KX8,20 Percent Commission Free Sample Black or White WONDER FAMILY Portable Neck Fan,WONDER FAMILY,2025-09-26,2026-09-26,20.00%,10000.0,10000.0,0,800,false
"[B0DQ19LJDH, B0DQ161PX7]",amzn1.campaign.1HDR6GTGZSV8R,20 Percent Commission Free Sample Black or White WONDER FAMILY Portable Neck Fan,WONDER FAMILY,2025-09-25,2026-09-25,20.00%,10000.0,10000.0,0,800,false
"[B0DQ19LJDH, B0DQ161PX7]",amzn1.campaign.22ZU2PXRQ4N40,20 Percent Commission Free Sample Black or White WONDER FAMILY Portable Neck Fan,WONDER FAMILY,2025-09-24,2026-09-24,20.00%,10000.0,10000.0,0,800,false
[B0DDKQL4ZV],amzn1.campaign.1FD4T124JC7MM,WONDER FAMILY Hydrogen Water Bottle Generator 20 Percent Commission Free Sample,WONDER FAMILY,2025-09-30,2026-09-30,20.00%,10000.0,10000.0,0,800,false
[B0DDKQL4ZV],amzn1.campaign.34SO18P0ODSVJ,WONDER FAMILY Hydrogen Water Bottle Generator 20 Percent Commission Free Sample,WONDER FAMILY,2025-09-29,2026-09-29,20.00%,10000.0,10000.0,3,800,false
[B0DDKQL4ZV],amzn1.campaign.1YEFBONQCWC5E,WONDER FAMILY Hydrogen Water Bottle Generator 20 Percent Commission Free Sample,WONDER FAMILY,2025-09-28,2026-09-28,20.00%,10000.0,10000.0,7,800,false
[B0DDKQL4ZV],amzn1.campaign.388UN0FQUPBS4,WONDER FAMILY Hydrogen Water Bottle Generator 20 Percent Commission Free Sample,WONDER FAMILY,2025-09-27,2026-09-27,20.00%,10000.0,10000.0,8,800,false
[B0DDKQL4ZV],amzn1.campaign.1H6SPTS89B5T,WONDER FAMILY Hydrogen Water Bottle Generator 20 Percent Commission Free Sample,WONDER FAMILY,2025-09-26,2026-09-26,20.00%,10000.0,10000.0,5,800,false
[B0DDKQL4ZV],amzn1.campaign.271J2BPLLHBH7,WONDER FAMILY Hydrogen Water Bottle Generator 20 Percent Commission Free Sample,WONDER FAMILY,2025-09-25,2026-09-25,20.00%,10000.0,10000.0,8,800,false
[B0DDKQL4ZV],amzn1.campaign.34222W32RTTB8,WONDER FAMILY Hydrogen Water Bottle Generator 20 Percent Commission Free Sample,WONDER FAMILY,2025-09-24,2026-09-24,20.00%,10000.0,10000.0,10,800,false
[B0DJR99YB3],amzn1.campaign.JPWA1B11JM1E,WONDER FAMILY Piercing Aftercare Saline Spray 20 Percent Commission Free Sample,WONDER FAMILY,2025-09-30,2026-09-30,20.00%,10000.0,10000.0,5,800,false
[B0DJR99YB3],amzn1.campaign.2RUUSIHPFJ7D4,WONDER FAMILY Piercing Aftercare Saline Spray 20 Percent Commission Free Sample,WONDER FAMILY,2025-09-29,2026-09-29,20.00%,10000.0,9995.62,3,800,false
[B0DJR99YB3],amzn1.campaign.2TN8A47IBLFQE,WONDER FAMILY Piercing Aftercare Saline Spray 20 Percent Commission Free Sample,WONDER FAMILY,2025-09-28,2026-09-28,20.00%,10000.0,9998.21,6,800,false
[B0DJR99YB3],amzn1.campaign.34192WT5E6FGF,WONDER FAMILY Piercing Aftercare Saline Spray 20 Percent Commission Free Sample,WONDER FAMILY,2025-09-27,2026-09-27,20.00%,10000.0,10000.0,9,800,false
[B0DJR99YB3],amzn1.campaign.26RQ5QU4VE0P3,WONDER FAMILY Piercing Aftercare Saline Spray 20 Percent Commission Free Sample,WONDER FAMILY,2025-09-26,2026-09-26,20.00%,10000.0,9996.02,4,800,false
[B0DJR99YB3],amzn1.campaign.3AZLZQ86C3RAT,WONDER FAMILY Piercing Aftercare Saline Spray 20 Percent Commission Free Sample,WONDER FAMILY,2025-09-25,2026-09-25,20.00%,10000.0,10000.0,8,800,false
[B0DJR99YB3],amzn1.campaign.1E4VL8GCU93VD,WONDER FAMILY Piercing Aftercare Saline Spray 20 Percent Commission Free Sample,WONDER FAMILY,2025-09-24,2026-09-24,20.00%,10000.0,9998.01,4,800,false
"[B0FFMJPGNR, B0FFMN1RR8, B0FFMM84MQ, B0FFMJ44KT, B0FFMKP4WQ]",amzn1.campaign.1FCS2ZWJ0O5JN,Get 10% Commission! Foldable Half Moon Lamp for Nail Desk,KRYPHIXON,2025-09-30,2026-09-30,10.00%,5000.0,5000.0,0,800,false
"[B0FFMJPGNR, B0FFMN1RR8, B0FFMM84MQ, B0FFMJ44KT, B0FFMKP4WQ]",amzn1.campaign.1FJH0DP1JOFDI,Get 10% Commission! Foldable Half Moon Lamp for Nail Desk,KRYPHIXON,2025-09-29,2026-09-29,10.00%,5000.0,5000.0,0,800,false
"[B0FFMJPGNR, B0FFMN1RR8, B0FFMM84MQ, B0FFMJ44KT, B0FFMKP4WQ]",amzn1.campaign.2TW671SI2868Q,Get 10% Commission! Foldable Half Moon Lamp for Nail Desk,KRYPHIXON,2025-09-28,2026-09-28,10.00%,5000.0,5000.0,6,800,false
"[B0FFMJPGNR, B0FFMN1RR8, B0FFMM84MQ, B0FFMJ44KT, B0FFMKP4WQ]",amzn1.campaign.2KON91W5II0KE,Get 10% Commission! Foldable Half Moon Lamp for Nail Desk,KRYPHIXON,2025-09-27,2026-09-27,10.00%,5000.0,4998.1,4,800,false
"[B0FFMJPGNR, B0FFMN1RR8, B0FFMM84MQ, B0FFMJ44KT, B0FFMKP4WQ]",amzn1.campaign.2T3XH10F0JI6B,Get 10% Commission! Foldable Half Moon Lamp for Nail Desk,KRYPHIXON,2025-09-26,2026-09-26,10.00%,5000.0,5000.0,8,800,false
"[B0FFMJPGNR, B0FFMN1RR8, B0FFMM84MQ, B0FFMJ44KT, B0FFMKP4WQ]",amzn1.campaign.NUV3ZRCAV0X6,Get 10% Commission! Foldable Half Moon Lamp for Nail Desk,KRYPHIXON,2025-09-25,2026-09-25,10.00%,5000.0,5000.0,16,800,false
"[B0FFMJPGNR, B0FFMN1RR8, B0FFMM84MQ, B0FFMJ44KT, B0FFMKP4WQ]",amzn1.campaign.3F9PYTDY5U3TB,Get 10% Commission! Foldable Half Moon Lamp for Nail Desk,KRYPHIXON,2025-09-24,2026-09-24,10.00%,5000.0,5000.0,11,800,false
"[B0CS3XXJ4B, B0CS6Y8BYQ, B0D4B112C3]",amzn1.campaign.28D63INVIF38M,30% Commission + Free Sample — Korean Charcoal Peel-Off Mask,WONDER FAMILY,2025-09-30,2026-09-30,30.00%,10000.0,10000.0,0,800,false
"[B0CS3XXJ4B, B0CS6Y8BYQ, B0D4B112C3]",amzn1.campaign.11QTGZHKYRLNE,30% Commission + Free Sample — Korean Charcoal Peel-Off Mask,WONDER FAMILY,2025-09-29,2026-09-29,30.00%,10000.0,10000.0,1,800,false
"[B0CS3XXJ4B, B0CS6Y8BYQ, B0D4B112C3]",amzn1.campaign.3I6RTNEY9BJ84,30% Commission + Free Sample — Korean Charcoal Peel-Off Mask,WONDER FAMILY,2025-09-28,2026-09-28,30.00%,10000.0,10000.0,0,800,false
"[B0CS3XXJ4B, B0CS6Y8BYQ, B0D4B112C3]",amzn1.campaign.RMHIH109GBH6,30% Commission + Free Sample — Korean Charcoal Peel-Off Mask,WONDER FAMILY,2025-09-27,2026-09-27,30.00%,10000.0,10000.0,0,800,false
"[B0CS3XXJ4B, B0CS6Y8BYQ, B0D4B112C3]",amzn1.campaign.3RYJ7BGDLTL3V,30% Commission + Free Sample — Korean Charcoal Peel-Off Mask,WONDER FAMILY,2025-09-26,2026-09-26,30.00%,10000.0,10000.0,0,800,false
"[B0CS3XXJ4B, B0CS6Y8BYQ, B0D4B112C3]",amzn1.campaign.29W7G1L69EMFO,30% Commission + Free Sample — Korean Charcoal Peel-Off Mask,WONDER FAMILY,2025-09-25,2026-09-25,30.00%,10000.0,10000.0,0,800,false
"[B0CS3XXJ4B, B0CS6Y8BYQ, B0D4B112C3]",amzn1.campaign.3U9YT45C6OZ55,30% Commission + Free Sample — Korean Charcoal Peel-Off Mask,WONDER FAMILY,2025-09-24,2026-09-24,30.00%,10000.0,10000.0,0,800,false
[B0D5YXHCJP],amzn1.campaign.2PI9QC9MF85CP,WONDER FAMILY Choline 500 mg - High Commisssion 20% - Premium Product,WONDER FAMILY,2025-09-30,2026-09-30,20.00%,10000.0,10000.0,9,800,false
[B0D5YXHCJP],amzn1.campaign.2BWNEX2ERZ1L9,WONDER FAMILY Choline 500 mg - High Commisssion 20% - Premium Product,WONDER FAMILY,2025-09-29,2026-09-29,20.00%,10000.0,10000.0,17,800,false
[B0D5YXHCJP],amzn1.campaign.3QM41ZGVW4JTF,WONDER FAMILY Choline 500 mg - High Commisssion 20% - Premium Product,WONDER FAMILY,2025-09-28,2026-09-28,20.00%,10000.0,10000.0,21,800,false
[B0D5YXHCJP],amzn1.campaign.1IQLOLSW9ACG,WONDER FAMILY Choline 500 mg - High Commisssion 20% - Premium Product,WONDER FAMILY,2025-09-27,2026-09-27,20.00%,10000.0,10000.0,19,800,false
[B0D5YXHCJP],amzn1.campaign.2L7V4AN06A19M,WONDER FAMILY Choline 500 mg - High Commisssion 20% - Premium Product,WONDER FAMILY,2025-09-26,2026-09-26,20.00%,10000.0,10000.0,19,800,false
[B0D5YXHCJP],amzn1.campaign.2RCFG6OYU9SL9,WONDER FAMILY Choline 500 mg - High Commisssion 20% - Premium Product,WONDER FAMILY,2025-09-25,2026-09-25,20.00%,10000.0,10000.0,19,800,false
[B0D5YXHCJP],amzn1.campaign.2U31IDF5VUCJX,WONDER FAMILY Choline 500 mg - High Commisssion 20% - Premium Product,WONDER FAMILY,2025-09-24,2026-09-24,20.00%,10000.0,10000.0,20,800,false
[B0DTTXQXQP],amzn1.campaign.2GDCIEDXA35TF,WONDER FAMILY 5-HTP 200 mg - High Commisssion 20% - Premium Product,WONDER FAMILY,2025-09-30,2026-09-30,20.00%,10000.0,10000.0,7,800,false
[B0DTTXQXQP],amzn1.campaign.14G08Q8KY4PKT,WONDER FAMILY 5-HTP 200 mg - High Commisssion 20% - Premium Product,WONDER FAMILY,2025-09-29,2026-09-29,20.00%,10000.0,10000.0,15,800,false
[B0DTTXQXQP],amzn1.campaign.24U1KYMDJ9R9R,WONDER FAMILY 5-HTP 200 mg - High Commisssion 20% - Premium Product,WONDER FAMILY,2025-09-28,2026-09-28,20.00%,10000.0,10000.0,20,800,false
[B0DTTXQXQP],amzn1.campaign.2589K62G4KQ0F,WONDER FAMILY 5-HTP 200 mg - High Commisssion 20% - Premium Product,WONDER FAMILY,2025-09-27,2026-09-27,20.00%,10000.0,10000.0,20,800,false
[B0DTTXQXQP],amzn1.campaign.2HAACNBU8V70K,WONDER FAMILY 5-HTP 200 mg - High Commisssion 20% - Premium Product,WONDER FAMILY,2025-09-26,2026-09-26,20.00%,10000.0,10000.0,21,800,false
[B0DTTXQXQP],amzn1.campaign.23V35JP610J52,WONDER FAMILY 5-HTP 200 mg - High Commisssion 20% - Premium Product,WONDER FAMILY,2025-09-25,2026-09-25,20.00%,10000.0,10000.0,20,800,false
[B0DTTXQXQP],amzn1.campaign.2CQU5V1WP7OOJ,WONDER FAMILY 5-HTP 200 mg - High Commisssion 20% - Premium Product,WONDER FAMILY,2025-09-24,2026-09-24,20.00%,10000.0,10000.0,20,800,false
[B0DY2RWJWM],amzn1.campaign.2NZDSBMZFGIG2,WONDER FAMILY Raw Batana Oil Paste Kit - High Commisssion 20% - Premium Product,WONDER FAMILY,2025-09-30,2026-09-30,20.00%,10000.0,10000.0,0,800,false
[B0DY2RWJWM],amzn1.campaign.UC8LHYNBW04E,WONDER FAMILY Raw Batana Oil Paste Kit - High Commisssion 20% - Premium Product,WONDER FAMILY,2025-09-29,2026-09-29,20.00%,10000.0,10000.0,11,800,false
[B0DY2RWJWM],amzn1.campaign.10VCB09OJS30G,WONDER FAMILY Raw Batana Oil Paste Kit - High Commisssion 20% - Premium Product,WONDER FAMILY,2025-09-28,2026-09-28,20.00%,10000.0,10000.0,4,800,false
[B0DY2RWJWM],amzn1.campaign.1QPASSIMI76B1,WONDER FAMILY Raw Batana Oil Paste Kit - High Commisssion 20% - Premium Product,WONDER FAMILY,2025-09-27,2026-09-27,20.00%,10000.0,10000.0,8,800,false
[B0DY2RWJWM],amzn1.campaign.182KAEHBLTPTB,WONDER FAMILY Raw Batana Oil Paste Kit - High Commisssion 20% - Premium Product,WONDER FAMILY,2025-09-26,2026-09-26,20.00%,10000.0,10000.0,4,800,false
[B0DY2RWJWM],amzn1.campaign.3JKFBKIJ0HQMV,WONDER FAMILY Raw Batana Oil Paste Kit - High Commisssion 20% - Premium Product,WONDER FAMILY,2025-09-25,2026-09-25,20.00%,10000.0,10000.0,8,800,false
[B0DY2RWJWM],amzn1.campaign.3OAZD9YHU1OND,WONDER FAMILY Raw Batana Oil Paste Kit - High Commisssion 20% - Premium Product,WONDER FAMILY,2025-09-24,2026-09-24,20.00%,10000.0,10000.0,8,800,false
[B0D547TGDG],amzn1.campaign.3LUBZIENHCEPC,WONDER FAMILY Creatine Monohydrate Gummies - High Commisssion 20% - 10k budget,WONDER FAMILY,2025-09-30,2026-09-30,20.00%,10000.0,10000.0,0,800,false
[B0D547TGDG],amzn1.campaign.2MT19DUXV5PN0,WONDER FAMILY Creatine Monohydrate Gummies - High Commisssion 20% - 10k budget,WONDER FAMILY,2025-09-29,2026-09-29,20.00%,10000.0,10000.0,2,800,false
[B0D547TGDG],amzn1.campaign.1LVQVY5JW2KQX,WONDER FAMILY Creatine Monohydrate Gummies - High Commisssion 20% - 10k budget,WONDER FAMILY,2025-09-28,2026-09-28,20.00%,10000.0,10000.0,3,800,false
[B0D547TGDG],amzn1.campaign.3HKIDCFHDQD7T,WONDER FAMILY Creatine Monohydrate Gummies - High Commisssion 20% - 10k budget,WONDER FAMILY,2025-09-27,2026-09-27,20.00%,10000.0,10000.0,6,800,false
[B0D547TGDG],amzn1.campaign.2KUIQO9TLYYXZ,WONDER FAMILY Creatine Monohydrate Gummies - High Commisssion 20% - 10k budget,WONDER FAMILY,2025-09-26,2026-09-26,20.00%,10000.0,9992.52,2,800,false
[B0D547TGDG],amzn1.campaign.1CDXPQ2OIFAP1,WONDER FAMILY Creatine Monohydrate Gummies - High Commisssion 20% - 10k budget,WONDER FAMILY,2025-09-25,2026-09-25,20.00%,10000.0,10000.0,3,800,false
[B0D547TGDG],amzn1.campaign.353MAJ5JJ06XD,WONDER FAMILY Creatine Monohydrate Gummies - High Commisssion 20% - 10k budget,WONDER FAMILY,2025-09-24,2026-09-24,20.00%,10000.0,10000.0,4,800,false
[B0CWLTG73R],amzn1.campaign.1VVKWO7OSP7TN,PREMIUM Cat Tunnel 3-in-1 - HIGH Commission 20% - 10k Budget,WONDER FAMILY,2025-09-30,2026-09-30,20.00%,10000.0,9963.22,0,800,false
[B0CWLTG73R],amzn1.campaign.1BMRLTDA9UY8D,PREMIUM Cat Tunnel 3-in-1 - HIGH Commission 20% - 10k Budget,WONDER FAMILY,2025-09-29,2026-09-29,20.00%,10000.0,9985.62,0,800,false
[B0CWLTG73R],amzn1.campaign.3MMQQ0OA6XK12,PREMIUM Cat Tunnel 3-in-1 - HIGH Commission 20% - 10k Budget,WONDER FAMILY,2025-09-28,2026-09-28,20.00%,10000.0,9992.81,0,800,false
[B0CWLTG73R],amzn1.campaign.20T6SIWN0TLUT,PREMIUM Cat Tunnel 3-in-1 - HIGH Commission 20% - 10k Budget,WONDER FAMILY,2025-09-27,2026-09-27,20.00%,10000.0,9992.81,0,800,false
[B0CWLTG73R],amzn1.campaign.IS7NVJGGEJ0W,PREMIUM Cat Tunnel 3-in-1 - HIGH Commission 20% - 10k Budget,WONDER FAMILY,2025-09-26,2026-09-26,20.00%,10000.0,9993.61,0,800,false
[B0CWLTG73R],amzn1.campaign.2NPVIIMR2G94V,PREMIUM Cat Tunnel 3-in-1 - HIGH Commission 20% - 10k Budget,WONDER FAMILY,2025-09-25,2026-09-25,20.00%,10000.0,9984.82,0,800,false
[B0CWLTG73R],amzn1.campaign.2CMGGVT17CA9W,PREMIUM Cat Tunnel 3-in-1 - HIGH Commission 20% - 10k Budget,WONDER FAMILY,2025-09-24,2026-09-24,20.00%,10000.0,9993.61,0,800,false
[B0CWLQMP3V],amzn1.campaign.3CGQ9T4P0B0RJ,WONDER FAMILY Eye Balm Stick - High Commisssion 20% - 10k budget,WONDER FAMILY,2025-09-30,2026-09-30,20.00%,10000.0,9978.4,0,800,false
[B0CWLQMP3V],amzn1.campaign.2514ASG2F5YS7,WONDER FAMILY Eye Balm Stick - High Commisssion 20% - 10k budget,WONDER FAMILY,2025-09-29,2026-09-29,20.00%,10000.0,9994.0,0,800,false
[B0CWLQMP3V],amzn1.campaign.3LXYQ23QC5SHN,WONDER FAMILY Eye Balm Stick - High Commisssion 20% - 10k budget,WONDER FAMILY,2025-09-28,2026-09-28,20.00%,10000.0,9996.8,0,800,false
[B0CWLQMP3V],amzn1.campaign.2OQATYVDLQDGZ,WONDER FAMILY Eye Balm Stick - High Commisssion 20% - 10k budget,WONDER FAMILY,2025-09-27,2026-09-27,20.00%,10000.0,9996.8,0,800,false
[B0CWLQMP3V],amzn1.campaign.3P92VSXBLXPVS,WONDER FAMILY Eye Balm Stick - High Commisssion 20% - 10k budget,WONDER FAMILY,2025-09-25,2026-09-25,20.00%,10000.0,9997.0,0,800,false
[B0CWLQMP3V],amzn1.campaign.3IRR6URDFUGX0,WONDER FAMILY Eye Balm Stick - High Commisssion 20% - 10k budget,WONDER FAMILY,2025-09-24,2026-09-24,20.00%,10000.0,10000.0,0,800,false
"[B0CKRXTHW8, B0CKRZCVYX, B0CWLN7DXD]",amzn1.campaign.2CMAKVVD321UX,WONDER FAMILY Silicone Scalp Scrubber — HIGH Commission 20% - Premium Product,WONDER FAMILY,2025-09-30,2026-09-30,20.00%,10000.0,10000.0,0,800,false
"[B0CKRXTHW8, B0CKRZCVYX, B0CWLN7DXD]",amzn1.campaign.3OD4EWHSRJMQ4,WONDER FAMILY Silicone Scalp Scrubber — HIGH Commission 20% - Premium Product,WONDER FAMILY,2025-09-29,2026-09-29,20.00%,10000.0,10000.0,0,800,false
"[B0CKRXTHW8, B0CKRZCVYX, B0CWLN7DXD]",amzn1.campaign.NDV99MLOZ160,WONDER FAMILY Silicone Scalp Scrubber — HIGH Commission 20% - Premium Product,WONDER FAMILY,2025-09-28,2026-09-28,20.00%,10000.0,10000.0,0,800,false
"[B0CKRXTHW8, B0CKRZCVYX, B0CWLN7DXD]",amzn1.campaign.33R175YUQW312,WONDER FAMILY Silicone Scalp Scrubber — HIGH Commission 20% - Premium Product,WONDER FAMILY,2025-09-27,2026-09-27,20.00%,10000.0,10000.0,0,800,false
"[B0CKRXTHW8, B0CKRZCVYX, B0CWLN7DXD]",amzn1.campaign.2C4JMCLWXX2KW,WONDER FAMILY Silicone Scalp Scrubber — HIGH Commission 20% - Premium Product,WONDER FAMILY,2025-09-26,2026-09-26,20.00%,10000.0,10000.0,0,800,false
"[B0CKRXTHW8, B0CKRZCVYX, B0CWLN7DXD]",amzn1.campaign.21JJAHJI7TMJW,WONDER FAMILY Silicone Scalp Scrubber — HIGH Commission 20% - Premium Product,WONDER FAMILY,2025-09-25,2026-09-25,20.00%,10000.0,10000.0,0,800,false
"[B0CKRXTHW8, B0CKRZCVYX, B0CWLN7DXD]",amzn1.campaign.3OP5GJV9JG0E2,WONDER FAMILY Silicone Scalp Scrubber — HIGH Commission 20% - Premium Product,WONDER FAMILY,2025-09-24,2026-09-24,20.00%,10000.0,10000.0,0,800,false
"[B0DFQJS8FS, B0FHJ1MD2Y, B0DFQHM7JB, B085G779KH, B0FHBG6FYP, B08MXWRB79, B08RSCZ326, B0DFQJ7JQP, B0DFQKR712, B0DFQK42K3, B0DFQJNJZJ, B0FHKHR6W6]",amzn1.campaign.1TA6IZJPUQT0X,"Seals gaps, prevents heat loss, cuts heating/cooling energy costs.",wigtda,2025-09-30,2026-09-30,10.00%,5000.0,5000.0,0,800,false
"[B0DFQJS8FS, B0FHJ1MD2Y, B0DFQHM7JB, B085G779KH, B0FHBG6FYP, B08MXWRB79, B08RSCZ326, B0DFQJ7JQP, B0DFQKR712, B0DFQK42K3, B0DFQJNJZJ, B0FHKHR6W6]",amzn1.campaign.2T66RIM59G6AM,"Seals gaps, prevents heat loss, cuts heating/cooling energy costs.",wigtda,2025-09-29,2026-09-28,10.00%,5000.0,5000.0,0,800,false
"[B0DFQJS8FS, B0FHJ1MD2Y, B0DFQHM7JB, B085G779KH, B0FHBG6FYP, B08MXWRB79, B08RSCZ326, B0DFQJ7JQP, B0DFQKR712, B0DFQK42K3, B0DFQJNJZJ, B0FHKHR6W6]",amzn1.campaign.2E4DPQK6OLT4U,"Seals gaps, prevents heat loss, cuts heating/cooling energy costs.",wigtda,2025-09-27,2026-09-26,10.00%,5000.0,5000.0,0,800,false
"[B0DFQJS8FS, B0FHJ1MD2Y, B0DFQHM7JB, B085G779KH, B0FHBG6FYP, B08MXWRB79, B08RSCZ326, B0DFQJ7JQP, B0DFQKR712, B0DFQK42K3, B0DFQJNJZJ, B0FHKHR6W6]",amzn1.campaign.9EOW3U7270L5,"Seals gaps, prevents heat loss, cuts heating/cooling energy costs.",wigtda,2025-09-26,2026-09-26,10.00%,5000.0,5000.0,0,800,false
"[B0DFQJS8FS, B0FHJ1MD2Y, B0DFQHM7JB, B085G779KH, B0FHBG6FYP, B08MXWRB79, B08RSCZ326, B0DFQJ7JQP, B0DFQKR712, B0DFQK42K3, B0DFQJNJZJ, B0FHKHR6W6]",amzn1.campaign.1RRK9B6AID1ZN,"Seals gaps, prevents heat loss, cuts heating/cooling energy costs.",wigtda,2025-09-26,2026-09-24,10.00%,5000.0,5000.0,0,800,false
"[B0DFQJS8FS, B0FHJ1MD2Y, B0DFQHM7JB, B085G779KH, B0FHBG6FYP, B08MXWRB79, B08RSCZ326, B0DFQJ7JQP, B0DFQKR712, B0DFQK42K3, B0DFQJNJZJ, B0FHKHR6W6]",amzn1.campaign.C8I8PXBS3UN2,"Seals gaps, prevents heat loss, cuts heating/cooling energy costs.",wigtda,2025-09-25,2026-09-24,10.00%,5000.0,5000.0,0,800,false
"[B0DFQJS8FS, B0FHJ1MD2Y, B0DFQHM7JB, B085G779KH, B0FHBG6FYP, B08MXWRB79, B08RSCZ326, B0DFQJ7JQP, B0DFQKR712, B0DFQK42K3, B0DFQJNJZJ, B0FHKHR6W6]",amzn1.campaign.1AWWWLIAW71NS,"Seals gaps, prevents heat loss, cuts heating/cooling energy costs.",wigtda,2025-09-24,2026-09-24,10.00%,5000.0,5000.0,0,800,false
"[B0CSKMGH8G, B0CCVTMWQ5, B0CZ4HQ41M, B0CQ8L77BW, B08TYSCVHW, B074YH6LMN, B0C46YSNGM, B079TZT38T, B0CQPKRCWG, B0CQ8L2RX6, B01ELJ5U9Q, B0CZ7KBRPT, B07P3WT8FS, B0CQXV6YKL, B0CSKMPXN3, B0C46X8QYR, B0C46XZDZR, B0BJ576TTL, B0CQXWFK53, B0D8KW1X9V, B0CCVSLQSX, B0BJ4LZWRY, B0C46XPTYM, B09YWF2JSX, B0CSKNLLGM, B0CZ7H69G7, B0CCVVW8P6, B0D1PBC1J6, B0CQM9ZK3M, B09PRSJFZL, B07NQBW5FN, B0CCVQTTYS, B0BJ595542, B0CQ8LK64Q, B0CZ7F5BPV, B0CMTYN5T3, B07WVZX2J7, B0CZ4H4DWC, B09PRR4DCJ, B0CCVSVLJZ, B07B4F9YNV, B07KW2LS4B, B0CSKN5RXN, B07V8KPGT3, B0CQXVRG6D, B01NCWLIMT, B074S4ZSG9, B0CQKD19Y7, B01MS8SXKS, B07NVT1GRD, B074YHQJXS, B0CQXVPL5Z, B07NVVNWD6, B0CZ7F8TJX, B0CCVTM8QP, B0C46XMSPQ, B0CCPMQTZ4, B0CD85RY2K, B074YHNL57, B0C46ZCL8X, B0B4PXMR7R, B0CCPJ3JTX, B0CQXTP1T3, B0CCPKX8W5, B0CCPLDWBT, B0CQXVF6J8, B0CCPLT7TN, B07X8J4PC4, B0CCVQHJ72, B0CQ8KD5BR, B07KW9NWFQ, B09BZWZPMJ, B01N4P1S1X, B0CQXWJZWX, B0777R2QBX, B09HRB7Y2H, B075F8ZQRR, B0CCVTBD81, B0CSKN14GC, B09YWN6WSG, B0CCPKSR99, B0CCVT2K5K, B07LDTQCF5, B01N6P39KQ, B0CQ8KQ7P5, B0CCPJPVVT, B07KW8FC31, B0CQXXNLCX, B01ELJ5U8M, B06ZZDQQ6F, B0CQM99QWF, B074YGYYWW, B0CQKG8DTQ, B0B4PWKV3P, B08QMCYGH3, B0CD86WQGG, B0CXYTW1ZT, B0CCVRJ8WJ, B0D1PBDMKN, B0D1PBXKKQ, B0777SRXGQ, B01ELJ5U64, B07Q4PH2J6, B0C46Y6WJH, B01ELJ5U5K, B0BJ4QLTHY, B0CQPJHFJR, B0CCVS849Q, B0CQPM36DL, B0CCVQRPL8, B0CMTXMVX5, B07QHCMCG8, B0BJ41F7T8, B0829WYF6S, B0CQRPTPG2, B0CD85FD1Y, B0CQ8MNYYX, B072PWFTDH, B0723GGGL3, B08QN5JKY2, B0CD872PXS, B09BZV2G9L, B0CCVTT1T5, B09VJ122CM, B0CSKM8KFR, B072JF9ZP7, B0C46WXPR2, B07Q5VJ951, B0CQXTZG5V, B093TDLVPT, B0B2PM6Q9B, B0CZ4H9GR8, B0B2PZ4FKX, B0CXN6D9PG, B074YHNGWG, B0C473QKK9, B08QMR5LTX, B0C46Y6M94, B0777RZC3L, B0CQKCYSV1, B01NAR53NV, B0CZ4GCC6L, B0CCVQNDM2, B07KW8BT2G, B0CZ7FCZJ3, B07F6F8GHK, B0CCPN45BL, B0777RKW75, B0CCVRCHZ3, B0CZ7K1VHN, B0C46ZJVCT, B0CQRNM76R, B0CJFVGDDL, B0CQ8KQ2K6, B0C46XTQ35, B01E7Q6WDQ, B0CSKMZS35, B0CCVSPMPV, B0B2Q1DF6T, B0CQXW77XP, B01LAYFDJ2, B0CQXVG8G8, B0C46YK9CH, B0CP49QJ4V, B075KBLZPB, B0CZ7G3JLK, B08TZ33S4J, B0CSKNLFW3, B01FUHX4LE, B07F6KQ5K1, B0C46WPM4H, B0CCPK8R4Y, B0CD868BZD, B0CD86QW7Y, B07X7X3LFJ, B07NVTS7H1, B09BZSM55G, B072PWXY44, B07XDKY9J2, B0CCVS5C2V, B0CQMCVTWS, B0CQKG7LSR, B07Q5SY5FR, B0CZ4H3GXQ, B08TF9NMFP, B0CCVTXYKR, B0CZ7JRDZJ, B0B2PY4DFS, B0CQPKPGM9, B083HFF333, B0CQRPWYSP, B09VJ7QGNB, B09YWQFL2P, B0CQRPLTZN, B07R8T5R5Q, B0CCPKX59F, B0CZ7DZJD6, B0D8KXSBGG, B0CD83R14V, B0CSKM51YY, B0CZ7G4BQ6, B0CQRPM482, B0CD84VJPH, B0CQKG6TVS, B0CZ7FV17C, B0CQ8911LX, B0CCVSF79V, B07V9W5D4V, B0CZ7JRDYF, B0CQM936FD, B0CZ4FQJMY, B0CST811WT, B0CCVTC9J8, B0CMTXFY5J, B0CSKQ9ZNK, B0CXN8HTCK, B07262CF79, B0CQRPGDZR, B0CQXTVNDG, B07NVW9JFN, B074S5YXNP, B0777STFQP, B074S1YHLQ, B0CQXT2XBV, B09HRD6WS1, B0CCVRJTPT, B0D8KYJLGS, B089T8G8B9, B07F6F3VYH, B0CZ4FXXRM, B0CQRNZC3K, B0CCVTRX96, B0CQRQ1FDD, B0CMTYZH9N, B0CCVQRQNQ, B0CQ8L47RX, B0CD86C4Y9, B0CZ4FJT22, B0B2PDZQDR, B0CQXV1TJX, B09BZVZYDP, B074S2Q2JQ, B07NVPJ4MT, B0CCPKML7D, B0CQM89TN7, B084P67Q45, B08QMPYCLP, B07Q3SWKG9, B0CMTX2VK6, B07F6DQWXW, B074YH8BK1, B0CSKNM717, B0CCPKKWSF, B07KW222GZ, B089TWZ6SP, B082WM998M, B08QMJLBCM, B0D1PBTX8X, B0CQXTCSKS, B07NDN2DXG, B01NBSWQPM, B0CD85HS2T, B0CCVRN3YV, B0C46X1YRG, B089T81S5Z, B0CD85SBPX, B09YWMYZB3, B0CZ7D5SVT, B0CQPKKCGG, B0CQPJJCWL, B0CQPKCPJ5, B0CCPL1K6H, B0B2PBHWQJ, B0777S51WZ, B0CJFXL6GZ, B0CQKDJPHP, B0CCPL7X12, B0CQMC7DND, B0CCPJPSSG, B0CQM9FFQM, B0CD86H8LF, B0CQXT3WS4, B07R9Z8RRP, B0CCVTQC6X, B0CSGB6LZR, B07NQCNP2S, B07NVVMJ18, B09YWL15M4, B0CQ8HHFJP, B0714PNJX1, B0CCPKMNHY, B0CCPGWHN9, B0CZ7G52Q5, B07Q3R6VGJ, B074YHW6BT, B0CQXTF4T4, B0CQ8JYZCZ, B0B4PZKB2V, B0B2PZSSPG, B0CQ8RN2S1, B09YVY1KYB, B0CZ4GLV9M, B07Q82XRLX, B0BJ4V35B9, B08QMM6TXK, B07KW9Y9WR, B0CZ7J463H, B0CXN5WT27, B07JVD9B19, B0CZ7F35WC, B07H984ZDC, B0CQ8KM5TH, B07QPS2RSD, B0CMTYFLS8, B0CQM9TT53]",amzn1.campaign.3Q7ONTUSUCQJ3,Sleep Warm and Comfy This Winter with Whisper Organics Bedding,Whisper Organics,2025-11-13,2026-11-13,13.00%,5000.0,4943.69,0,800,false
"[B0C7LSLQZZ, B0C7DP2C2D, B0BNLZXH8B, B0C7LT4X18, B0C7LTHJJN, B0C7LSP2DV, B0FDGSJLW2, B0DJTGBZ6F, B0FDGQ8YCN, B0FDGQS4Q1, B0C7DZ52R4, B0FDGSHY6M, B0C7DPBV97, B0BNLZM31G, B0BNM14KW7, B0BNM17YB9]",amzn1.campaign.35ER78Q733WS8,Help Kids Relax and Sleep Naturally with Smurfs Melatonin,VITABURST,2025-11-10,2026-11-10,10.00%,15000.0,14988.81,0,800,false
"[B0C7LSLQZZ, B0C7DP2C2D, B0BNLZXH8B, B0C7LT4X18, B0C7LTHJJN, B0C7LSP2DV, B0FDGSJLW2, B0DJTGBZ6F, B0FDGQ8YCN, B0FDGQS4Q1, B0C7DZ52R4, B0FDGSHY6M, B0C7DPBV97, B0BNLZM31G, B0BNM14KW7, B0BNM17YB9]",amzn1.campaign.39SLQ8PPU24KE,Smurfs Supplements: Daily Health Made Fun for Kids,VITABURST,2025-11-13,2026-10-31,10.00%,17000.0,16996.4,0,800,false
"[B0FJ64KLZH, B0FJ6661YN, B0F9SLVV8H, B0F9SSMZD3]",amzn1.campaign.3QCMR07K0CVLX,3x7 Speed Bike Twist Shifter Set with Grips 🚴 MTB Gear Upgrade | 10% Comm,Fredertent,2025-09-30,2026-09-29,10.00%,5000.0,5000.0,16,800,false
"[B0FJ64KLZH, B0FJ6661YN, B0F9SLVV8H, B0F9SSMZD3]",amzn1.campaign.28XSPKGUABMP6,3x7 Speed Bike Twist Shifter Set with Grips 🚴 MTB Gear Upgrade | 10% Comm,Fredertent,2025-09-29,2026-09-28,10.00%,5000.0,5000.0,18,800,false
"[B0FJ64KLZH, B0FJ6661YN, B0F9SLVV8H, B0F9SSMZD3]",amzn1.campaign.1EUJE9OGYZHTZ,3x7 Speed Bike Twist Shifter Set with Grips 🚴 MTB Gear Upgrade | 10% Comm,Fredertent,2025-09-28,2026-09-27,10.00%,5000.0,5000.0,17,800,false
"[B0FJ64KLZH, B0FJ6661YN, B0F9SLVV8H, B0F9SSMZD3]",amzn1.campaign.14WRB0QCH7XU4,3x7 Speed Bike Twist Shifter Set with Grips 🚴 MTB Gear Upgrade | 10% Comm,Fredertent,2025-09-27,2026-09-26,10.00%,5000.0,5000.0,17,800,false
"[B0FJ64KLZH, B0FJ6661YN, B0F9SLVV8H, B0F9SSMZD3]",amzn1.campaign.1GJP7QHSCEOWE,3x7 Speed Bike Twist Shifter Set with Grips 🚴 MTB Gear Upgrade | 10% Comm,Fredertent,2025-09-26,2026-09-25,10.00%,5000.0,5000.0,19,800,false
"[B0FJ64KLZH, B0FJ6661YN, B0F9SLVV8H, B0F9SSMZD3]",amzn1.campaign.257WORHKKKLCS,3x7 Speed Bike Twist Shifter Set with Grips 🚴 MTB Gear Upgrade | 10% Comm,Fredertent,2025-09-25,2026-09-24,10.00%,5000.0,5000.0,22,800,false
"[B0815TZKLF, B0815C8LJD, B0BVT237PW, B0CXR81S6M, B0DDW37PPZ, B0DFHLM7XY, B0CXQZNGNZ, B0815BQFPZ]",amzn1.campaign.3B9WJ1LPADMPJ,Animal Barrier,Dig Defence,2025-09-29,2026-09-29,10.00%,50000.0,49989.4,9,800,false
"[B0DZVL7HR3, B0DZVMGGK6, B0DZVLYGJ8, B0DZVKVRF7, B0DZVN3XMP]",amzn1.campaign.1LSY6IAHN0WNB,Dog Treats 2 Pack,Dig Defence,2025-09-29,2026-09-29,10.00%,50000.0,50000.0,5,800,false
"[B0CNS4L5SB, B0F24YZD1J, B07KX87V4P]",amzn1.campaign.2VPTKNKS0KNIS,Hand & Body Cream,Silc Skin,2025-09-30,2026-09-30,10.00%,50000.0,50000.0,0,800,false
"[B0DXWR7Q3W, B0DXX97RHZ, B0DXXGQYWP, B0DXXCKP7G, B0DXXDWH8F, B0DXX5TX5S, B0DXXKD9WW, B0DXWXQCVR, B0DXX29KM3, B0DXWR5HYY]",amzn1.campaign.2OFQ5BWEERBAS,Stickerblend Customizable Patch T-Shirt & Accessory Collection | Free Sample,STICKERBLEND,2025-09-30,2026-09-30,20.00%,5000.0,5000.0,0,800,false
"[B0DXWR7Q3W, B0DXX97RHZ, B0DXXGQYWP, B0DXXCKP7G, B0DXXDWH8F, B0DXX5TX5S, B0DXXKD9WW, B0DXWXQCVR, B0DXX29KM3, B0DXWR5HYY]",amzn1.campaign.28FFR81BMCF8A,Stickerblend Customizable Patch T-Shirt & Accessory Collection | Free Sample,STICKERBLEND,2025-09-29,2026-09-29,20.00%,5000.0,5000.0,0,800,false
"[B0DXWR7Q3W, B0DXX97RHZ, B0DXXGQYWP, B0DXXCKP7G, B0DXXDWH8F, B0DXX5TX5S, B0DXXKD9WW, B0DXWXQCVR, B0DXX29KM3, B0DXWR5HYY]",amzn1.campaign.3479E3D6BRC1D,Stickerblend Customizable Patch T-Shirt & Accessory Collection | Free Sample,STICKERBLEND,2025-09-28,2026-09-28,20.00%,5000.0,5000.0,0,800,false
"[B0DXWR7Q3W, B0DXX97RHZ, B0DXXGQYWP, B0DXXCKP7G, B0DXXDWH8F, B0DXX5TX5S, B0DXXKD9WW, B0DXWXQCVR, B0DXX29KM3, B0DXWR5HYY]",amzn1.campaign.1HUNO5IZ7L0FD,Stickerblend Customizable Patch T-Shirt & Accessory Collection | Free Sample,STICKERBLEND,2025-09-27,2026-09-27,20.00%,5000.0,5000.0,0,800,false
"[B0DXWR7Q3W, B0DXX97RHZ, B0DXXGQYWP, B0DXXCKP7G, B0DXXDWH8F, B0DXX5TX5S, B0DXXKD9WW, B0DXWXQCVR, B0DXX29KM3, B0DXWR5HYY]",amzn1.campaign.3BNP6XBGKDSH1,Stickerblend Customizable Patch T-Shirt & Accessory Collection | Free Sample,STICKERBLEND,2025-09-26,2026-09-26,20.00%,5000.0,5000.0,2,800,false
"[B0DXWR7Q3W, B0DXX97RHZ, B0DXXGQYWP, B0DXXCKP7G, B0DXXDWH8F, B0DXX5TX5S, B0DXXKD9WW, B0DXWXQCVR, B0DXX29KM3, B0DXWR5HYY]",amzn1.campaign.2OUPXUD5OMDAA,Stickerblend Customizable Patch T-Shirt & Accessory Collection | Free Sample,STICKERBLEND,2025-09-25,2026-09-25,20.00%,5000.0,5000.0,4,800,false
"[B0DXWR7Q3W, B0DXX97RHZ, B0DXXGQYWP, B0DXXCKP7G, B0DXXDWH8F, B0DXX5TX5S, B0DXXKD9WW, B0DXWXQCVR, B0DXX29KM3, B0DXWR5HYY]",amzn1.campaign.2AHB4I8WN8J2T,Stickerblend Customizable Patch T-Shirt & Accessory Collection | Free Sample,STICKERBLEND,2025-09-24,2026-09-24,20.00%,5000.0,5000.0,6,800,false
"[B0DXXCKKQX, B0DXXGQYWP, B0DXXDWH8F, B0DZ82LSZQ, B0DT7GW1P7, B0FCC7C41Z, B0DT7HBPQ6, B0DT7JBCPB, B0DXWR7Q3W, B0DXX97RHZ, B0FCCLJH6R, B0FC9BS58V, B0DY6T42HV, B0FC9XP19V, B0DT7HWGLX, B0DXX5TX5S, B0DT7GNRR1, B0DXWXQCVR, B0FC9NB5HS, B0FC9RXJ9W, B0DXXFHZ7M, B0DZ8BHQJ2, B0FC9Q2P7W, B0DXXKD9WW, B0DXX29KM3, B0DT7JR7J7, B0DT7J7L5C, B0FCCHL7NH, B0DZ7VPS7D, B0DXXCKP7G, B0FC9RX5HC, B0FCB3HL3Q, B0DT7HWPR8, B0DZ84P6M6, B0DXWR5HYY, B0DZ7QQHL7, B0FCCLT1HP, B0DT7K28KB, B0DZ82D9YQ]",amzn1.campaign.3KFIJXLE2VAP,Stickerblend Customizable Patch T-Shirt & Accessory Collection | 25%| 1 year,STICKERBLEND,2025-09-30,2026-09-30,25.00%,100000.0,100000.0,0,800,false
"[B0DXXCKKQX, B0DXXGQYWP, B0DXXDWH8F, B0DZ82LSZQ, B0DT7GW1P7, B0FCC7C41Z, B0DT7HBPQ6, B0DT7JBCPB, B0DXWR7Q3W, B0DXX97RHZ, B0FCCLJH6R, B0FC9BS58V, B0DY6T42HV, B0FC9XP19V, B0DT7HWGLX, B0DXX5TX5S, B0DT7GNRR1, B0DXWXQCVR, B0FC9NB5HS, B0FC9RXJ9W, B0DXXFHZ7M, B0DZ8BHQJ2, B0FC9Q2P7W, B0DXXKD9WW, B0DXX29KM3, B0DT7JR7J7, B0DT7J7L5C, B0FCCHL7NH, B0DZ7VPS7D, B0DXXCKP7G, B0FC9RX5HC, B0FCB3HL3Q, B0DT7HWPR8, B0DZ84P6M6, B0DXWR5HYY, B0DZ7QQHL7, B0FCCLT1HP, B0DT7K28KB, B0DZ82D9YQ]",amzn1.campaign.5KVA1GZYG48P,Stickerblend Customizable Patch T-Shirt & Accessory Collection | 25%| 1 year,STICKERBLEND,2025-09-29,2026-09-29,25.00%,100000.0,100000.0,0,800,false
"[B0DXXCKKQX, B0DXXGQYWP, B0DXXDWH8F, B0DZ82LSZQ, B0DT7GW1P7, B0FCC7C41Z, B0DT7HBPQ6, B0DT7JBCPB, B0DXWR7Q3W, B0DXX97RHZ, B0FCCLJH6R, B0FC9BS58V, B0DY6T42HV, B0FC9XP19V, B0DT7HWGLX, B0DXX5TX5S, B0DT7GNRR1, B0DXWXQCVR, B0FC9NB5HS, B0FC9RXJ9W, B0DXXFHZ7M, B0DZ8BHQJ2, B0FC9Q2P7W, B0DXXKD9WW, B0DXX29KM3, B0DT7JR7J7, B0DT7J7L5C, B0FCCHL7NH, B0DZ7VPS7D, B0DXXCKP7G, B0FC9RX5HC, B0FCB3HL3Q, B0DT7HWPR8, B0DZ84P6M6, B0DXWR5HYY, B0DZ7QQHL7, B0FCCLT1HP, B0DT7K28KB, B0DZ82D9YQ]",amzn1.campaign.37TA63FM3CIU7,Stickerblend Customizable Patch T-Shirt & Accessory Collection | 25%| 1 year,STICKERBLEND,2025-09-28,2026-09-28,25.00%,100000.0,100000.0,0,800,false
"[B0DXXCKKQX, B0DXXGQYWP, B0DXXDWH8F, B0DZ82LSZQ, B0DT7GW1P7, B0FCC7C41Z, B0DT7HBPQ6, B0DT7JBCPB, B0DXWR7Q3W, B0DXX97RHZ, B0FCCLJH6R, B0FC9BS58V, B0DY6T42HV, B0FC9XP19V, B0DT7HWGLX, B0DXX5TX5S, B0DT7GNRR1, B0DXWXQCVR, B0FC9NB5HS, B0FC9RXJ9W, B0DXXFHZ7M, B0DZ8BHQJ2, B0FC9Q2P7W, B0DXXKD9WW, B0DXX29KM3, B0DT7JR7J7, B0DT7J7L5C, B0FCCHL7NH, B0DZ7VPS7D, B0DXXCKP7G, B0FC9RX5HC, B0FCB3HL3Q, B0DT7HWPR8, B0DZ84P6M6, B0DXWR5HYY, B0DZ7QQHL7, B0FCCLT1HP, B0DT7K28KB, B0DZ82D9YQ]",amzn1.campaign.1L5EJOENEOVOC,Stickerblend Customizable Patch T-Shirt & Accessory Collection | 25%| 1 year,STICKERBLEND,2025-09-27,2026-09-27,25.00%,100000.0,100000.0,0,800,false
"[B0DXXCKKQX, B0DXXGQYWP, B0DXXDWH8F, B0DZ82LSZQ, B0DT7GW1P7, B0FCC7C41Z, B0DT7HBPQ6, B0DT7JBCPB, B0DXWR7Q3W, B0DXX97RHZ, B0FCCLJH6R, B0FC9BS58V, B0DY6T42HV, B0FC9XP19V, B0DT7HWGLX, B0DXX5TX5S, B0DT7GNRR1, B0DXWXQCVR, B0FC9NB5HS, B0FC9RXJ9W, B0DXXFHZ7M, B0DZ8BHQJ2, B0FC9Q2P7W, B0DXXKD9WW, B0DXX29KM3, B0DT7JR7J7, B0DT7J7L5C, B0FCCHL7NH, B0DZ7VPS7D, B0DXXCKP7G, B0FC9RX5HC, B0FCB3HL3Q, B0DT7HWPR8, B0DZ84P6M6, B0DXWR5HYY, B0DZ7QQHL7, B0FCCLT1HP, B0DT7K28KB, B0DZ82D9YQ]",amzn1.campaign.AF7TX2G86UGA,Stickerblend Customizable Patch T-Shirt & Accessory Collection | 25%| 1 year,STICKERBLEND,2025-09-25,2026-09-25,25.00%,100000.0,100000.0,0,800,false
"[B0DXXCKKQX, B0DXXGQYWP, B0DXXDWH8F, B0DZ82LSZQ, B0DT7GW1P7, B0FCC7C41Z, B0DT7HBPQ6, B0DT7JBCPB, B0DXWR7Q3W, B0DXX97RHZ, B0FCCLJH6R, B0FC9BS58V, B0DY6T42HV, B0FC9XP19V, B0DT7HWGLX, B0DXX5TX5S, B0DT7GNRR1, B0DXWXQCVR, B0FC9NB5HS, B0FC9RXJ9W, B0DXXFHZ7M, B0DZ8BHQJ2, B0FC9Q2P7W, B0DXXKD9WW, B0DXX29KM3, B0DT7JR7J7, B0DT7J7L5C, B0FCCHL7NH, B0DZ7VPS7D, B0DXXCKP7G, B0FC9RX5HC, B0FCB3HL3Q, B0DT7HWPR8, B0DZ84P6M6, B0DXWR5HYY, B0DZ7QQHL7, B0FCCLT1HP, B0DT7K28KB, B0DZ82D9YQ]",amzn1.campaign.3TLZ47G7C2VDI,Stickerblend Customizable Patch T-Shirt & Accessory Collection | 25%| 1 year,STICKERBLEND,2025-09-24,2026-09-24,25.00%,100000.0,100000.0,0,800,false
"[B0FJ64KLZH, B0FJ6661YN, B0F9SLVV8H, B0F9SSMZD3]",amzn1.campaign.3GC5CRA55S8CW,3x7 Speed Bicycle Twist Shifter Set 🚴‍♂️ MTB Gear Upgrade | 10% Commission,Fredertent,2025-09-30,2026-09-30,10.00%,5000.0,4997.59,18,800,false
"[B0FJ64KLZH, B0FJ6661YN, B0F9SLVV8H, B0F9SSMZD3]",amzn1.campaign.O2F83BA3Q1JB,3x7 Speed Bicycle Twist Shifter Set 🚴‍♂️ MTB Gear Upgrade | 10% Commission,Fredertent,2025-09-29,2026-09-29,10.00%,5000.0,5000.0,30,800,false
"[B0FJ64KLZH, B0FJ6661YN, B0F9SLVV8H, B0F9SSMZD3]",amzn1.campaign.1R21KSZTM2S6I,3x7 Speed Bicycle Twist Shifter Set 🚴‍♂️ MTB Gear Upgrade | 10% Commission,Fredertent,2025-09-28,2026-09-28,10.00%,5000.0,5000.0,22,800,false
"[B0FJ64KLZH, B0FJ6661YN, B0F9SLVV8H, B0F9SSMZD3]",amzn1.campaign.1GXP3L2P8HHHG,3x7 Speed Bicycle Twist Shifter Set 🚴‍♂️ MTB Gear Upgrade | 10% Commission,Fredertent,2025-09-27,2026-09-27,10.00%,5000.0,5000.0,23,800,false
"[B0FJ64KLZH, B0FJ6661YN, B0F9SLVV8H, B0F9SSMZD3]",amzn1.campaign.P3K59YSOAAIX,3x7 Speed Bicycle Twist Shifter Set 🚴‍♂️ MTB Gear Upgrade | 10% Commission,Fredertent,2025-09-26,2026-09-26,10.00%,5000.0,5000.0,34,800,false
"[B0FJ64KLZH, B0FJ6661YN, B0F9SLVV8H, B0F9SSMZD3]",amzn1.campaign.1A6EP8JJ6AMTP,3x7 Speed Bicycle Twist Shifter Set 🚴‍♂️ MTB Gear Upgrade | 10% Commission,Fredertent,2025-09-25,2026-09-25,10.00%,5000.0,5000.0,23,800,false
"[B0FJ64KLZH, B0FJ6661YN, B0F9SLVV8H, B0F9SSMZD3]",amzn1.campaign.5OZKCR1KEUFF,3x7 Speed Bicycle Twist Shifter Set 🚴‍♂️ MTB Gear Upgrade | 10% Commission,Fredertent,2025-09-24,2026-09-24,10.00%,5000.0,5000.0,32,800,false
"[B0DWN7JNZC, B0FJ6282V5, B0F7HZ8D55, B0F7HPDL5C, B0FJ5Y56YD, B0DWNFQYZ7, B0FGQP6M8L, B0DWN8DDMT, B0FJ663P32, B0DWT743Y2, B0F87D4BXN, B0DLL328LZ, B0FMS1WDNT, B0DCGQ34MJ]",amzn1.campaign.20V4T5QVNPYL,Upgrade Your MTB Ride | 3x7 Speed Bike Gear Shifter Set 🚴 | 10% Comm,Tailcle,2025-09-30,2026-09-30,10.00%,5000.0,5000.0,8,800,false
"[B0DWN7JNZC, B0FJ6282V5, B0F7HZ8D55, B0F7HPDL5C, B0FJ5Y56YD, B0DWNFQYZ7, B0FGQP6M8L, B0DWN8DDMT, B0FJ663P32, B0DWT743Y2, B0F87D4BXN, B0DLL328LZ, B0FMS1WDNT, B0DCGQ34MJ]",amzn1.campaign.TEKJHONUMD6M,Upgrade Your MTB Ride | 3x7 Speed Bike Gear Shifter Set 🚴 | 10% Comm,Tailcle,2025-09-29,2026-09-29,10.00%,5000.0,5000.0,22,800,false
"[B0DWN7JNZC, B0FJ6282V5, B0F7HZ8D55, B0F7HPDL5C, B0FJ5Y56YD, B0DWNFQYZ7, B0FGQP6M8L, B0DWN8DDMT, B0FJ663P32, B0DWT743Y2, B0F87D4BXN, B0DLL328LZ, B0FMS1WDNT, B0DCGQ34MJ]",amzn1.campaign.11BGOJZVT2P33,Upgrade Your MTB Ride | 3x7 Speed Bike Gear Shifter Set 🚴 | 10% Comm,Tailcle,2025-09-28,2026-09-28,10.00%,5000.0,5000.0,12,800,false
"[B0DWN7JNZC, B0FJ6282V5, B0F7HZ8D55, B0F7HPDL5C, B0FJ5Y56YD, B0DWNFQYZ7, B0FGQP6M8L, B0DWN8DDMT, B0FJ663P32, B0DWT743Y2, B0F87D4BXN, B0DLL328LZ, B0FMS1WDNT, B0DCGQ34MJ]",amzn1.campaign.3V5BGCW3MDWKG,Upgrade Your MTB Ride | 3x7 Speed Bike Gear Shifter Set 🚴 | 10% Comm,Tailcle,2025-09-27,2026-09-27,10.00%,5000.0,5000.0,28,800,false
"[B0DWN7JNZC, B0FJ6282V5, B0F7HZ8D55, B0F7HPDL5C, B0FJ5Y56YD, B0DWNFQYZ7, B0FGQP6M8L, B0DWN8DDMT, B0FJ663P32, B0DWT743Y2, B0F87D4BXN, B0DLL328LZ, B0FMS1WDNT, B0DCGQ34MJ]",amzn1.campaign.2VOO69W2LIOF9,Upgrade Your MTB Ride | 3x7 Speed Bike Gear Shifter Set 🚴 | 10% Comm,Tailcle,2025-09-26,2026-09-26,10.00%,5000.0,5000.0,22,800,false
"[B0DWN7JNZC, B0FJ6282V5, B0F7HZ8D55, B0F7HPDL5C, B0FJ5Y56YD, B0DWNFQYZ7, B0FGQP6M8L, B0DWN8DDMT, B0FJ663P32, B0DWT743Y2, B0F87D4BXN, B0DLL328LZ, B0FMS1WDNT, B0DCGQ34MJ]",amzn1.campaign.2O08Z4N0ER629,Upgrade Your MTB Ride | 3x7 Speed Bike Gear Shifter Set 🚴 | 10% Comm,Tailcle,2025-09-25,2026-09-25,10.00%,5000.0,5000.0,22,800,false
"[B0DWN7JNZC, B0FJ6282V5, B0F7HZ8D55, B0F7HPDL5C, B0FJ5Y56YD, B0DWNFQYZ7, B0FGQP6M8L, B0DWN8DDMT, B0FJ663P32, B0DWT743Y2, B0F87D4BXN, B0DLL328LZ, B0FMS1WDNT, B0DCGQ34MJ]",amzn1.campaign.5JOXUAO35FHZ,Upgrade Your MTB Ride | 3x7 Speed Bike Gear Shifter Set 🚴 | 10% Comm,Tailcle,2025-09-24,2026-09-24,10.00%,5000.0,5000.0,27,800,false
"[B0C4YMBBDC, B0C4YHC67T, B0C4YGW1PZ, B0C4YJL34Q, B0C4YKRXVB]",amzn1.campaign.22YB3ABLQMBJI,Ettitude | High price | Premium Home Textiles | $100k Budget | 20% Commission,Ettitude,2025-09-30,2026-09-30,20.00%,100000.0,100000.0,0,800,false
"[B0C4YMBBDC, B0C4YHC67T, B0C4YGW1PZ, B0C4YJL34Q, B0C4YKRXVB]",amzn1.campaign.14TLTPZ2BZ91Y,Ettitude | High price | Premium Home Textiles | $100k Budget | 20% Commission,Ettitude,2025-09-29,2026-09-29,20.00%,100000.0,99990.82,0,800,false
"[B0C4YMBBDC, B0C4YHC67T, B0C4YGW1PZ, B0C4YJL34Q, B0C4YKRXVB]",amzn1.campaign.2AHGHDNVG4YUX,Ettitude | High price | Premium Home Textiles | $100k Budget | 20% Commission,Ettitude,2025-09-28,2026-09-28,20.00%,100000.0,99973.25,0,800,false
"[B0C4YMBBDC, B0C4YHC67T, B0C4YGW1PZ, B0C4YJL34Q, B0C4YKRXVB]",amzn1.campaign.3AMK4HU4LB18I,Ettitude | High price | Premium Home Textiles | $100k Budget | 20% Commission,Ettitude,2025-09-27,2026-09-27,20.00%,100000.0,99984.2,0,800,false
"[B0C4YMBBDC, B0C4YHC67T, B0C4YGW1PZ, B0C4YJL34Q, B0C4YKRXVB]",amzn1.campaign.SNFYNFMIWTF6,Ettitude | High price | Premium Home Textiles | $100k Budget | 20% Commission,Ettitude,2025-09-26,2026-09-26,20.00%,100000.0,99986.15,0,800,false
"[B0C4YMBBDC, B0C4YHC67T, B0C4YGW1PZ, B0C4YJL34Q, B0C4YKRXVB]",amzn1.campaign.LQBZ0DLTKVXA,Ettitude | High price | Premium Home Textiles | $100k Budget | 20% Commission,Ettitude,2025-09-25,2026-09-25,20.00%,100000.0,99988.9,0,800,false
"[B0C4YMBBDC, B0C4YHC67T, B0C4YGW1PZ, B0C4YJL34Q, B0C4YKRXVB]",amzn1.campaign.UL45L2OEF9XM,Ettitude | High price | Premium Home Textiles | $100k Budget | 20% Commission,Ettitude,2025-09-24,2026-09-24,20.00%,100000.0,100000.0,0,800,false
"[B0C73RFKG3, B0C73NQ5VQ, B0C73NK1S3, B0C73PJ23P, B0C73MKKB5]",amzn1.campaign.23KK1OPUN93W1,Ettitude | High price | Premium Sheet Set | $100k Budget | 20% Commission,Ettitude,2025-09-30,2026-09-30,20.00%,100000.0,100000.0,0,800,false
"[B0C73RFKG3, B0C73NQ5VQ, B0C73NK1S3, B0C73PJ23P, B0C73MKKB5]",amzn1.campaign.2TFZZYZA1KII2,Ettitude | High price | Premium Sheet Set | $100k Budget | 20% Commission,Ettitude,2025-09-29,2026-09-29,20.00%,100000.0,100000.0,0,800,false
"[B0C73RFKG3, B0C73NQ5VQ, B0C73NK1S3, B0C73PJ23P, B0C73MKKB5]",amzn1.campaign.5QF4NTCODBE,Ettitude | High price | Premium Sheet Set | $100k Budget | 20% Commission,Ettitude,2025-09-28,2026-09-28,20.00%,100000.0,100000.0,0,800,false
"[B0C73RFKG3, B0C73NQ5VQ, B0C73NK1S3, B0C73PJ23P, B0C73MKKB5]",amzn1.campaign.AFRFJWG8TGGW,Ettitude | High price | Premium Sheet Set | $100k Budget | 20% Commission,Ettitude,2025-09-27,2026-09-27,20.00%,100000.0,100000.0,0,800,false
"[B0C73RFKG3, B0C73NQ5VQ, B0C73NK1S3, B0C73PJ23P, B0C73MKKB5]",amzn1.campaign.3Q0QA1A527GJC,Ettitude | High price | Premium Sheet Set | $100k Budget | 20% Commission,Ettitude,2025-09-26,2026-09-26,20.00%,100000.0,100000.0,1,800,false
"[B0C73RFKG3, B0C73NQ5VQ, B0C73NK1S3, B0C73PJ23P, B0C73MKKB5]",amzn1.campaign.26P8CGBBQRBWY,Ettitude | High price | Premium Sheet Set | $100k Budget | 20% Commission,Ettitude,2025-09-25,2026-09-25,20.00%,100000.0,100000.0,0,800,false
"[B0C73RFKG3, B0C73NQ5VQ, B0C73NK1S3, B0C73PJ23P, B0C73MKKB5]",amzn1.campaign.2H1XE4X59LR8D,Ettitude | High price | Premium Sheet Set | $100k Budget | 20% Commission,Ettitude,2025-09-24,2026-09-24,20.00%,100000.0,100000.0,0,800,false
"[B0D2DX2HRP, B0C5PR99Z6, B0C5Q6WTXL, B0C5Q697PZ, B0D2DWR1C6, B0C5QNJZ8Q, B0C5Q8K7BW, B0C5PT2M33, B0C5Q37ZSG, B0C5Q38N86, B0D2FG8CR3, B0D2DW97GL, B0D2DVSC52, B0C5QGXJS3, B0D2DT8M9X, B0C5Q4MXTL, B0D2DVM7J3, B0C5QH892V, B0C5PZ3BFD, B0D2DT629B]",amzn1.campaign.1LOU9KE4IQMOJ,Ettitude | Premium Home Textiles | Sheet Set | $100k Budget | 20% Commission,Ettitude,2025-09-30,2026-09-30,20.00%,100000.0,99689.7,0,800,false
"[B0D2DX2HRP, B0C5PR99Z6, B0C5Q6WTXL, B0C5Q697PZ, B0D2DWR1C6, B0C5QNJZ8Q, B0C5Q8K7BW, B0C5PT2M33, B0C5Q37ZSG, B0C5Q38N86, B0D2FG8CR3, B0D2DW97GL, B0D2DVSC52, B0C5QGXJS3, B0D2DT8M9X, B0C5Q4MXTL, B0D2DVM7J3, B0C5QH892V, B0C5PZ3BFD, B0D2DT629B]",amzn1.campaign.206UOJA72ZU4Y,Ettitude | Premium Home Textiles | Sheet Set | $100k Budget | 20% Commission,Ettitude,2025-09-29,2026-09-29,20.00%,100000.0,99928.2,0,800,false
"[B0D2DX2HRP, B0C5PR99Z6, B0C5Q6WTXL, B0C5Q697PZ, B0D2DWR1C6, B0C5QNJZ8Q, B0C5Q8K7BW, B0C5PT2M33, B0C5Q37ZSG, B0C5Q38N86, B0D2FG8CR3, B0D2DW97GL, B0D2DVSC52, B0C5QGXJS3, B0D2DT8M9X, B0C5Q4MXTL, B0D2DVM7J3, B0C5QH892V, B0C5PZ3BFD, B0D2DT629B]",amzn1.campaign.ROXJ6NXMQE6I,Ettitude | Premium Home Textiles | Sheet Set | $100k Budget | 20% Commission,Ettitude,2025-09-28,2026-09-28,20.00%,100000.0,100000.0,0,800,false
"[B0D2DX2HRP, B0C5PR99Z6, B0C5Q6WTXL, B0C5Q697PZ, B0D2DWR1C6, B0C5QNJZ8Q, B0C5Q8K7BW, B0C5PT2M33, B0C5Q37ZSG, B0C5Q38N86, B0D2FG8CR3, B0D2DW97GL, B0D2DVSC52, B0C5QGXJS3, B0D2DT8M9X, B0C5Q4MXTL, B0D2DVM7J3, B0C5QH892V, B0C5PZ3BFD, B0D2DT629B]",amzn1.campaign.3UVC6XI3O3FEY,Ettitude | Premium Home Textiles | Sheet Set | $100k Budget | 20% Commission,Ettitude,2025-09-27,2026-09-27,20.00%,100000.0,99939.2,0,800,false
"[B0D2DX2HRP, B0C5PR99Z6, B0C5Q6WTXL, B0C5Q697PZ, B0D2DWR1C6, B0C5QNJZ8Q, B0C5Q8K7BW, B0C5PT2M33, B0C5Q37ZSG, B0C5Q38N86, B0D2FG8CR3, B0D2DW97GL, B0D2DVSC52, B0C5QGXJS3, B0D2DT8M9X, B0C5Q4MXTL, B0D2DVM7J3, B0C5QH892V, B0C5PZ3BFD, B0D2DT629B]",amzn1.campaign.11E4FG8JTMA59,Ettitude | Premium Home Textiles | Sheet Set | $100k Budget | 20% Commission,Ettitude,2025-09-26,2026-09-26,20.00%,100000.0,100000.0,0,800,false
"[B0D2DX2HRP, B0C5PR99Z6, B0C5Q6WTXL, B0C5Q697PZ, B0D2DWR1C6, B0C5QNJZ8Q, B0C5Q8K7BW, B0C5PT2M33, B0C5Q37ZSG, B0C5Q38N86, B0D2FG8CR3, B0D2DW97GL, B0D2DVSC52, B0C5QGXJS3, B0D2DT8M9X, B0C5Q4MXTL, B0D2DVM7J3, B0C5QH892V, B0C5PZ3BFD, B0D2DT629B]",amzn1.campaign.3S18ZM5TOVN4T,Ettitude | Premium Home Textiles | Sheet Set | $100k Budget | 20% Commission,Ettitude,2025-09-25,2026-09-25,20.00%,100000.0,100000.0,0,800,false
"[B0D2DX2HRP, B0C5PR99Z6, B0C5Q6WTXL, B0C5Q697PZ, B0D2DWR1C6, B0C5QNJZ8Q, B0C5Q8K7BW, B0C5PT2M33, B0C5Q37ZSG, B0C5Q38N86, B0D2FG8CR3, B0D2DW97GL, B0D2DVSC52, B0C5QGXJS3, B0D2DT8M9X, B0C5Q4MXTL, B0D2DVM7J3, B0C5QH892V, B0C5PZ3BFD, B0D2DT629B]",amzn1.campaign.1XYPJG6PZZDX5,Ettitude | Premium Home Textiles | Sheet Set | $100k Budget | 20% Commission,Ettitude,2025-09-24,2026-09-24,20.00%,100000.0,100000.0,0,800,false
[B0FMNY8T9R],amzn1.campaign.18VAWP7PAERKF,Binder Clips with Non-Slip Alphabet Grips - 52 Pack Easy Open Paper Clamps,TOAPCAYR,2025-09-25,2026-09-25,15.00%,60000.0,59989.5,0,800,false
"[B0F4Q8QGQW, B0DWGHCV6C, B0DJHD5QWR, B0DJHD7DDL, B0DJHDSTSB, B0F4Q84KHS, B0F4Q6SL71, B0DL4F2RSH, B0F4Q7SSP5, B0DL4GLKRL, B0F4Q5LHNK]",amzn1.campaign.34O4DY2LS62RO,DusterShield Mats | Premium | All-Weather Custom Fit Car Floor Mats | $10k | 30%,DusterShield,2025-09-30,2026-09-30,30.00%,10000.0,10000.0,0,800,false
"[B0F4Q8QGQW, B0DWGHCV6C, B0DJHD5QWR, B0DJHD7DDL, B0DJHDSTSB, B0F4Q84KHS, B0F4Q6SL71, B0DL4F2RSH, B0F4Q7SSP5, B0DL4GLKRL, B0F4Q5LHNK]",amzn1.campaign.10N6XX9AU0FD7,DusterShield Mats | Premium | All-Weather Custom Fit Car Floor Mats | $10k | 30%,DusterShield,2025-09-29,2026-09-29,30.00%,10000.0,10000.0,0,800,false
"[B0F4Q8QGQW, B0DWGHCV6C, B0DJHD5QWR, B0DJHD7DDL, B0DJHDSTSB, B0F4Q84KHS, B0F4Q6SL71, B0DL4F2RSH, B0F4Q7SSP5, B0DL4GLKRL, B0F4Q5LHNK]",amzn1.campaign.37A5CCIFBIHCY,DusterShield Mats | Premium | All-Weather Custom Fit Car Floor Mats | $10k | 30%,DusterShield,2025-09-28,2026-09-28,30.00%,10000.0,10000.0,2,800,false
"[B0F4Q8QGQW, B0DWGHCV6C, B0DJHD5QWR, B0DJHD7DDL, B0DJHDSTSB, B0F4Q84KHS, B0F4Q6SL71, B0DL4F2RSH, B0F4Q7SSP5, B0DL4GLKRL, B0F4Q5LHNK]",amzn1.campaign.1ZMJJ89TXVWJG,DusterShield Mats | Premium | All-Weather Custom Fit Car Floor Mats | $10k | 30%,DusterShield,2025-09-27,2026-09-27,30.00%,10000.0,10000.0,6,800,false
"[B0F4Q8QGQW, B0DWGHCV6C, B0DJHD5QWR, B0DJHD7DDL, B0DJHDSTSB, B0F4Q84KHS, B0F4Q6SL71, B0DL4F2RSH, B0F4Q7SSP5, B0DL4GLKRL, B0F4Q5LHNK]",amzn1.campaign.4XRS7DB2QPD9,DusterShield Mats | Premium | All-Weather Custom Fit Car Floor Mats | $10k | 30%,DusterShield,2025-09-26,2026-09-26,30.00%,10000.0,10000.0,11,800,false
"[B0F4Q8QGQW, B0DWGHCV6C, B0DJHD5QWR, B0DJHD7DDL, B0DJHDSTSB, B0F4Q84KHS, B0F4Q6SL71, B0DL4F2RSH, B0F4Q7SSP5, B0DL4GLKRL, B0F4Q5LHNK]",amzn1.campaign.7QPGB4G5XTY,DusterShield Mats | Premium | All-Weather Custom Fit Car Floor Mats | $10k | 30%,DusterShield,2025-09-25,2026-09-25,30.00%,10000.0,10000.0,10,800,false
"[B0F4Q8QGQW, B0DWGHCV6C, B0DJHD5QWR, B0DJHD7DDL, B0DJHDSTSB, B0F4Q84KHS, B0F4Q6SL71, B0DL4F2RSH, B0F4Q7SSP5, B0DL4GLKRL, B0F4Q5LHNK]",amzn1.campaign.2CUGTVAEKF56C,DusterShield Mats | Premium | All-Weather Custom Fit Car Floor Mats | $10k | 30%,DusterShield,2025-09-24,2026-09-24,30.00%,10000.0,10000.0,7,800,false
"[B0DJWJV1TC, B0F11NYP6G, B0DJWKKJ9D, B0DJWKTG8S, B0DJMVL3CK, B0DJL52W51, B0DJMW3ZW7, B0F11M9T7Y, B0DJMTSHH5, B0DJTX87LS, B0DJMWYK87, B0DJZHXGRM, B0DJV1TF2T, B0DJV3544V, B0F11HQF8R, B0DJL54Y1Y, B0DJMVL5NM, B0F11V7ZKC, B0DJMVXNTJ, B0F122L1FF, B0DJWJH4LB, B0DJMW2WBM, B0DJMVG9DY, B0DJZHJQY6, B0DJZFX26M, B0DJTXHSBW, B0DJWJKN5R, B0F122NGCD, B0DJZH2D5T, B0F11HWLB3, B0DJWJ2QG3, B0DJZHZSLS, B0DJHD142C, B0F11MGDP9, B0DJWDH6SP, B0DJWK1KZM, B0DJHDQZ66, B0DJZGDD11, B0DJWJRPVD, B0DYVR2PQX, B0F1183Q9L, B0F11V9FJW, B0DJWJFXVF, B0DJL3DDKL, B0DJZC2M67, B0DJMSZZGS, B0DJTX5XTH, B0DJWK8FPR, B0DJWGNX4S, B0DJZK5Y7N, B0DJZG5Z4F, B0DJWF8KXF, B0DJV8H7BT, B0DJHDVPS4, B0F122NZR9, B0F11L9NG9, B0F112CNFR, B0DJMVJ6MV, B0DJL58XJN, B0DJZJQNCW, B0DJWKLQRH, B0DJV21C2Q, B0F11HSQK8, B0DYY193TQ, B0F11L6XSN, B0DJZGXZ1G, B0DJWFQSMQ, B0F11M7NB2, B0F11P87JW, B0DJWJ5DRB, B0DJHD3LSF, B0DJZH1DX2, B0F122H5KV, B0F11RL87W, B0DJWKBPG7, B0F11SPDY8, B0DJV69X9F, B0DJWJFTP7, B0DJL5C3RG, B0F11R8RGL, B0DJWLDY5V, B0DJMVXPW3, B0DJWJZ9NP, B0DJHBZSDN, B0DJL4JY43, B0FDDDSHHW, B0DJV6ZD82, B0DJHDDZZ1, B0DJL5FJLG, B0F124VGXH, B0DJG1T941, B0DJWFN5N4, B0F11KND69, B0DJWG4N7W, B0F11GWCQ2, B0F11VFFBR, B0F11L4DPH, B0DJV784RQ, B0DJZKM69W, B0F11L3MTZ, B0DJWJ3R8L, B0DJWL6RX6, B0DJWKHBNP, B0DJWHZD7P, B0DJWKXFG3, B0DJL4FVY9, B0DJWDRQWT, B0DJTY9MTF, B0DJTXV8XN, B0DJWFNBQ5, B0DJZH69HM, B0DJHF3RJY, B0DJWJ7K7R, B0DJMWHYQF, B0F11KLY75, B0DJWJYVQ7, B0DJL4FVHR, B0DJZC2814, B0F11P442R, B0DJWF3KZT, B0F11LGCVN, B0F11KXBBT, B0DJWKVGV6, B0F11RVH7B, B0F11GFFJB, B0DJMVH4CC, B0DJWKHBDV, B0F11LV52T, B0DJWKHBDX, B0DJWJL4ZJ, B0F11YX5JN, B0DJVBDX86, B0F11V5VZH, B0DJWK1Y5Z, B0F11VXP6Q, B0DJMWBRLR, B0F11CJ2QH, B0F11V6HKB, B0DJZH1YTH, B0F11YGX9Z, B0DJL5XLXN, B0DJMTZT53, B0FDD7XP7Q, B0DJWKGBHV, B0DJTY9LP9, B0DJHDNR93, B0DJV8KNCT, B0DJHF6TD5, B0DJL4K9VN, B0F11CSXZS, B0DJZC316C, B0DJL4MY76, B0DJWJSZY2, B0F11D288H, B0F11Q6SPG, B0DJHDKWLR, B0F12DKC12, B0DJTZZFTW]",amzn1.campaign.3K8IONTJEI2DR,Waistline Shapewear Collection | XS–4XL | $10K Budget | 20% Commission,WAISTLINE,2025-09-30,2026-09-30,20.00%,10000.0,10000.0,4,800,false
"[B0DJWJV1TC, B0F11NYP6G, B0DJWKKJ9D, B0DJWKTG8S, B0DJMVL3CK, B0DJL52W51, B0DJMW3ZW7, B0F11M9T7Y, B0DJMTSHH5, B0DJTX87LS, B0DJMWYK87, B0DJZHXGRM, B0DJV1TF2T, B0DJV3544V, B0F11HQF8R, B0DJL54Y1Y, B0DJMVL5NM, B0F11V7ZKC, B0DJMVXNTJ, B0F122L1FF, B0DJWJH4LB, B0DJMW2WBM, B0DJMVG9DY, B0DJZHJQY6, B0DJZFX26M, B0DJTXHSBW, B0DJWJKN5R, B0F122NGCD, B0DJZH2D5T, B0F11HWLB3, B0DJWJ2QG3, B0DJZHZSLS, B0DJHD142C, B0F11MGDP9, B0DJWDH6SP, B0DJWK1KZM, B0DJHDQZ66, B0DJZGDD11, B0DJWJRPVD, B0DYVR2PQX, B0F1183Q9L, B0F11V9FJW, B0DJWJFXVF, B0DJL3DDKL, B0DJZC2M67, B0DJMSZZGS, B0DJTX5XTH, B0DJWK8FPR, B0DJWGNX4S, B0DJZK5Y7N, B0DJZG5Z4F, B0DJWF8KXF, B0DJV8H7BT, B0DJHDVPS4, B0F122NZR9, B0F11L9NG9, B0F112CNFR, B0DJMVJ6MV, B0DJL58XJN, B0DJZJQNCW, B0DJWKLQRH, B0DJV21C2Q, B0F11HSQK8, B0DYY193TQ, B0F11L6XSN, B0DJZGXZ1G, B0DJWFQSMQ, B0F11M7NB2, B0F11P87JW, B0DJWJ5DRB, B0DJHD3LSF, B0DJZH1DX2, B0F122H5KV, B0F11RL87W, B0DJWKBPG7, B0F11SPDY8, B0DJV69X9F, B0DJWJFTP7, B0DJL5C3RG, B0F11R8RGL, B0DJWLDY5V, B0DJMVXPW3, B0DJWJZ9NP, B0DJHBZSDN, B0DJL4JY43, B0FDDDSHHW, B0DJV6ZD82, B0DJHDDZZ1, B0DJL5FJLG, B0F124VGXH, B0DJG1T941, B0DJWFN5N4, B0F11KND69, B0DJWG4N7W, B0F11GWCQ2, B0F11VFFBR, B0F11L4DPH, B0DJV784RQ, B0DJZKM69W, B0F11L3MTZ, B0DJWJ3R8L, B0DJWL6RX6, B0DJWKHBNP, B0DJWHZD7P, B0DJWKXFG3, B0DJL4FVY9, B0DJWDRQWT, B0DJTY9MTF, B0DJTXV8XN, B0DJWFNBQ5, B0DJZH69HM, B0DJHF3RJY, B0DJWJ7K7R, B0DJMWHYQF, B0F11KLY75, B0DJWJYVQ7, B0DJL4FVHR, B0DJZC2814, B0F11P442R, B0DJWF3KZT, B0F11LGCVN, B0F11KXBBT, B0DJWKVGV6, B0F11RVH7B, B0F11GFFJB, B0DJMVH4CC, B0DJWKHBDV, B0F11LV52T, B0DJWKHBDX, B0DJWJL4ZJ, B0F11YX5JN, B0DJVBDX86, B0F11V5VZH, B0DJWK1Y5Z, B0F11VXP6Q, B0DJMWBRLR, B0F11CJ2QH, B0F11V6HKB, B0DJZH1YTH, B0F11YGX9Z, B0DJL5XLXN, B0DJMTZT53, B0FDD7XP7Q, B0DJWKGBHV, B0DJTY9LP9, B0DJHDNR93, B0DJV8KNCT, B0DJHF6TD5, B0DJL4K9VN, B0F11CSXZS, B0DJZC316C, B0DJL4MY76, B0DJWJSZY2, B0F11D288H, B0F11Q6SPG, B0DJHDKWLR, B0F12DKC12, B0DJTZZFTW]",amzn1.campaign.X955KPD5S0XS,Waistline Shapewear Collection | XS–4XL | $10K Budget | 20% Commission,WAISTLINE,2025-09-29,2026-09-29,20.00%,10000.0,10000.0,15,800,false
"[B0DJWJV1TC, B0F11NYP6G, B0DJWKKJ9D, B0DJWKTG8S, B0DJMVL3CK, B0DJL52W51, B0DJMW3ZW7, B0F11M9T7Y, B0DJMTSHH5, B0DJTX87LS, B0DJMWYK87, B0DJZHXGRM, B0DJV1TF2T, B0DJV3544V, B0F11HQF8R, B0DJL54Y1Y, B0DJMVL5NM, B0F11V7ZKC, B0DJMVXNTJ, B0F122L1FF, B0DJWJH4LB, B0DJMW2WBM, B0DJMVG9DY, B0DJZHJQY6, B0DJZFX26M, B0DJTXHSBW, B0DJWJKN5R, B0F122NGCD, B0DJZH2D5T, B0F11HWLB3, B0DJWJ2QG3, B0DJZHZSLS, B0DJHD142C, B0F11MGDP9, B0DJWDH6SP, B0DJWK1KZM, B0DJHDQZ66, B0DJZGDD11, B0DJWJRPVD, B0DYVR2PQX, B0F1183Q9L, B0F11V9FJW, B0DJWJFXVF, B0DJL3DDKL, B0DJZC2M67, B0DJMSZZGS, B0DJTX5XTH, B0DJWK8FPR, B0DJWGNX4S, B0DJZK5Y7N, B0DJZG5Z4F, B0DJWF8KXF, B0DJV8H7BT, B0DJHDVPS4, B0F122NZR9, B0F11L9NG9, B0F112CNFR, B0DJMVJ6MV, B0DJL58XJN, B0DJZJQNCW, B0DJWKLQRH, B0DJV21C2Q, B0F11HSQK8, B0DYY193TQ, B0F11L6XSN, B0DJZGXZ1G, B0DJWFQSMQ, B0F11M7NB2, B0F11P87JW, B0DJWJ5DRB, B0DJHD3LSF, B0DJZH1DX2, B0F122H5KV, B0F11RL87W, B0DJWKBPG7, B0F11SPDY8, B0DJV69X9F, B0DJWJFTP7, B0DJL5C3RG, B0F11R8RGL, B0DJWLDY5V, B0DJMVXPW3, B0DJWJZ9NP, B0DJHBZSDN, B0DJL4JY43, B0FDDDSHHW, B0DJV6ZD82, B0DJHDDZZ1, B0DJL5FJLG, B0F124VGXH, B0DJG1T941, B0DJWFN5N4, B0F11KND69, B0DJWG4N7W, B0F11GWCQ2, B0F11VFFBR, B0F11L4DPH, B0DJV784RQ, B0DJZKM69W, B0F11L3MTZ, B0DJWJ3R8L, B0DJWL6RX6, B0DJWKHBNP, B0DJWHZD7P, B0DJWKXFG3, B0DJL4FVY9, B0DJWDRQWT, B0DJTY9MTF, B0DJTXV8XN, B0DJWFNBQ5, B0DJZH69HM, B0DJHF3RJY, B0DJWJ7K7R, B0DJMWHYQF, B0F11KLY75, B0DJWJYVQ7, B0DJL4FVHR, B0DJZC2814, B0F11P442R, B0DJWF3KZT, B0F11LGCVN, B0F11KXBBT, B0DJWKVGV6, B0F11RVH7B, B0F11GFFJB, B0DJMVH4CC, B0DJWKHBDV, B0F11LV52T, B0DJWKHBDX, B0DJWJL4ZJ, B0F11YX5JN, B0DJVBDX86, B0F11V5VZH, B0DJWK1Y5Z, B0F11VXP6Q, B0DJMWBRLR, B0F11CJ2QH, B0F11V6HKB, B0DJZH1YTH, B0F11YGX9Z, B0DJL5XLXN, B0DJMTZT53, B0FDD7XP7Q, B0DJWKGBHV, B0DJTY9LP9, B0DJHDNR93, B0DJV8KNCT, B0DJHF6TD5, B0DJL4K9VN, B0F11CSXZS, B0DJZC316C, B0DJL4MY76, B0DJWJSZY2, B0F11D288H, B0F11Q6SPG, B0DJHDKWLR, B0F12DKC12, B0DJTZZFTW]",amzn1.campaign.14YYBTVTXWRQ6,Waistline Shapewear Collection | XS–4XL | $10K Budget | 20% Commission,WAISTLINE,2025-09-28,2026-09-28,20.00%,10000.0,10000.0,12,800,false
"[B0DJWJV1TC, B0F11NYP6G, B0DJWKKJ9D, B0DJWKTG8S, B0DJMVL3CK, B0DJL52W51, B0DJMW3ZW7, B0F11M9T7Y, B0DJMTSHH5, B0DJTX87LS, B0DJMWYK87, B0DJZHXGRM, B0DJV1TF2T, B0DJV3544V, B0F11HQF8R, B0DJL54Y1Y, B0DJMVL5NM, B0F11V7ZKC, B0DJMVXNTJ, B0F122L1FF, B0DJWJH4LB, B0DJMW2WBM, B0DJMVG9DY, B0DJZHJQY6, B0DJZFX26M, B0DJTXHSBW, B0DJWJKN5R, B0F122NGCD, B0DJZH2D5T, B0F11HWLB3, B0DJWJ2QG3, B0DJZHZSLS, B0DJHD142C, B0F11MGDP9, B0DJWDH6SP, B0DJWK1KZM, B0DJHDQZ66, B0DJZGDD11, B0DJWJRPVD, B0DYVR2PQX, B0F1183Q9L, B0F11V9FJW, B0DJWJFXVF, B0DJL3DDKL, B0DJZC2M67, B0DJMSZZGS, B0DJTX5XTH, B0DJWK8FPR, B0DJWGNX4S, B0DJZK5Y7N, B0DJZG5Z4F, B0DJWF8KXF, B0DJV8H7BT, B0DJHDVPS4, B0F122NZR9, B0F11L9NG9, B0F112CNFR, B0DJMVJ6MV, B0DJL58XJN, B0DJZJQNCW, B0DJWKLQRH, B0DJV21C2Q, B0F11HSQK8, B0DYY193TQ, B0F11L6XSN, B0DJZGXZ1G, B0DJWFQSMQ, B0F11M7NB2, B0F11P87JW, B0DJWJ5DRB, B0DJHD3LSF, B0DJZH1DX2, B0F122H5KV, B0F11RL87W, B0DJWKBPG7, B0F11SPDY8, B0DJV69X9F, B0DJWJFTP7, B0DJL5C3RG, B0F11R8RGL, B0DJWLDY5V, B0DJMVXPW3, B0DJWJZ9NP, B0DJHBZSDN, B0DJL4JY43, B0FDDDSHHW, B0DJV6ZD82, B0DJHDDZZ1, B0DJL5FJLG, B0F124VGXH, B0DJG1T941, B0DJWFN5N4, B0F11KND69, B0DJWG4N7W, B0F11GWCQ2, B0F11VFFBR, B0F11L4DPH, B0DJV784RQ, B0DJZKM69W, B0F11L3MTZ, B0DJWJ3R8L, B0DJWL6RX6, B0DJWKHBNP, B0DJWHZD7P, B0DJWKXFG3, B0DJL4FVY9, B0DJWDRQWT, B0DJTY9MTF, B0DJTXV8XN, B0DJWFNBQ5, B0DJZH69HM, B0DJHF3RJY, B0DJWJ7K7R, B0DJMWHYQF, B0F11KLY75, B0DJWJYVQ7, B0DJL4FVHR, B0DJZC2814, B0F11P442R, B0DJWF3KZT, B0F11LGCVN, B0F11KXBBT, B0DJWKVGV6, B0F11RVH7B, B0F11GFFJB, B0DJMVH4CC, B0DJWKHBDV, B0F11LV52T, B0DJWKHBDX, B0DJWJL4ZJ, B0F11YX5JN, B0DJVBDX86, B0F11V5VZH, B0DJWK1Y5Z, B0F11VXP6Q, B0DJMWBRLR, B0F11CJ2QH, B0F11V6HKB, B0DJZH1YTH, B0F11YGX9Z, B0DJL5XLXN, B0DJMTZT53, B0FDD7XP7Q, B0DJWKGBHV, B0DJTY9LP9, B0DJHDNR93, B0DJV8KNCT, B0DJHF6TD5, B0DJL4K9VN, B0F11CSXZS, B0DJZC316C, B0DJL4MY76, B0DJWJSZY2, B0F11D288H, B0F11Q6SPG, B0DJHDKWLR, B0F12DKC12, B0DJTZZFTW]",amzn1.campaign.3TMFMJTTAQI1L,Waistline Shapewear Collection | XS–4XL | $10K Budget | 20% Commission,WAISTLINE,2025-09-27,2026-09-27,20.00%,10000.0,10000.0,15,800,false
"[B0DJWJV1TC, B0F11NYP6G, B0DJWKKJ9D, B0DJWKTG8S, B0DJMVL3CK, B0DJL52W51, B0DJMW3ZW7, B0F11M9T7Y, B0DJMTSHH5, B0DJTX87LS, B0DJMWYK87, B0DJZHXGRM, B0DJV1TF2T, B0DJV3544V, B0F11HQF8R, B0DJL54Y1Y, B0DJMVL5NM, B0F11V7ZKC, B0DJMVXNTJ, B0F122L1FF, B0DJWJH4LB, B0DJMW2WBM, B0DJMVG9DY, B0DJZHJQY6, B0DJZFX26M, B0DJTXHSBW, B0DJWJKN5R, B0F122NGCD, B0DJZH2D5T, B0F11HWLB3, B0DJWJ2QG3, B0DJZHZSLS, B0DJHD142C, B0F11MGDP9, B0DJWDH6SP, B0DJWK1KZM, B0DJHDQZ66, B0DJZGDD11, B0DJWJRPVD, B0DYVR2PQX, B0F1183Q9L, B0F11V9FJW, B0DJWJFXVF, B0DJL3DDKL, B0DJZC2M67, B0DJMSZZGS, B0DJTX5XTH, B0DJWK8FPR, B0DJWGNX4S, B0DJZK5Y7N, B0DJZG5Z4F, B0DJWF8KXF, B0DJV8H7BT, B0DJHDVPS4, B0F122NZR9, B0F11L9NG9, B0F112CNFR, B0DJMVJ6MV, B0DJL58XJN, B0DJZJQNCW, B0DJWKLQRH, B0DJV21C2Q, B0F11HSQK8, B0DYY193TQ, B0F11L6XSN, B0DJZGXZ1G, B0DJWFQSMQ, B0F11M7NB2, B0F11P87JW, B0DJWJ5DRB, B0DJHD3LSF, B0DJZH1DX2, B0F122H5KV, B0F11RL87W, B0DJWKBPG7, B0F11SPDY8, B0DJV69X9F, B0DJWJFTP7, B0DJL5C3RG, B0F11R8RGL, B0DJWLDY5V, B0DJMVXPW3, B0DJWJZ9NP, B0DJHBZSDN, B0DJL4JY43, B0FDDDSHHW, B0DJV6ZD82, B0DJHDDZZ1, B0DJL5FJLG, B0F124VGXH, B0DJG1T941, B0DJWFN5N4, B0F11KND69, B0DJWG4N7W, B0F11GWCQ2, B0F11VFFBR, B0F11L4DPH, B0DJV784RQ, B0DJZKM69W, B0F11L3MTZ, B0DJWJ3R8L, B0DJWL6RX6, B0DJWKHBNP, B0DJWHZD7P, B0DJWKXFG3, B0DJL4FVY9, B0DJWDRQWT, B0DJTY9MTF, B0DJTXV8XN, B0DJWFNBQ5, B0DJZH69HM, B0DJHF3RJY, B0DJWJ7K7R, B0DJMWHYQF, B0F11KLY75, B0DJWJYVQ7, B0DJL4FVHR, B0DJZC2814, B0F11P442R, B0DJWF3KZT, B0F11LGCVN, B0F11KXBBT, B0DJWKVGV6, B0F11RVH7B, B0F11GFFJB, B0DJMVH4CC, B0DJWKHBDV, B0F11LV52T, B0DJWKHBDX, B0DJWJL4ZJ, B0F11YX5JN, B0DJVBDX86, B0F11V5VZH, B0DJWK1Y5Z, B0F11VXP6Q, B0DJMWBRLR, B0F11CJ2QH, B0F11V6HKB, B0DJZH1YTH, B0F11YGX9Z, B0DJL5XLXN, B0DJMTZT53, B0FDD7XP7Q, B0DJWKGBHV, B0DJTY9LP9, B0DJHDNR93, B0DJV8KNCT, B0DJHF6TD5, B0DJL4K9VN, B0F11CSXZS, B0DJZC316C, B0DJL4MY76, B0DJWJSZY2, B0F11D288H, B0F11Q6SPG, B0DJHDKWLR, B0F12DKC12, B0DJTZZFTW]",amzn1.campaign.2ZXX2L7F9ZZPD,Waistline Shapewear Collection | XS–4XL | $10K Budget | 20% Commission,WAISTLINE,2025-09-26,2026-09-26,20.00%,10000.0,10000.0,16,800,false
"[B0DJWJV1TC, B0F11NYP6G, B0DJWKKJ9D, B0DJWKTG8S, B0DJMVL3CK, B0DJL52W51, B0DJMW3ZW7, B0F11M9T7Y, B0DJMTSHH5, B0DJTX87LS, B0DJMWYK87, B0DJZHXGRM, B0DJV1TF2T, B0DJV3544V, B0F11HQF8R, B0DJL54Y1Y, B0DJMVL5NM, B0F11V7ZKC, B0DJMVXNTJ, B0F122L1FF, B0DJWJH4LB, B0DJMW2WBM, B0DJMVG9DY, B0DJZHJQY6, B0DJZFX26M, B0DJTXHSBW, B0DJWJKN5R, B0F122NGCD, B0DJZH2D5T, B0F11HWLB3, B0DJWJ2QG3, B0DJZHZSLS, B0DJHD142C, B0F11MGDP9, B0DJWDH6SP, B0DJWK1KZM, B0DJHDQZ66, B0DJZGDD11, B0DJWJRPVD, B0DYVR2PQX, B0F1183Q9L, B0F11V9FJW, B0DJWJFXVF, B0DJL3DDKL, B0DJZC2M67, B0DJMSZZGS, B0DJTX5XTH, B0DJWK8FPR, B0DJWGNX4S, B0DJZK5Y7N, B0DJZG5Z4F, B0DJWF8KXF, B0DJV8H7BT, B0DJHDVPS4, B0F122NZR9, B0F11L9NG9, B0F112CNFR, B0DJMVJ6MV, B0DJL58XJN, B0DJZJQNCW, B0DJWKLQRH, B0DJV21C2Q, B0F11HSQK8, B0DYY193TQ, B0F11L6XSN, B0DJZGXZ1G, B0DJWFQSMQ, B0F11M7NB2, B0F11P87JW, B0DJWJ5DRB, B0DJHD3LSF, B0DJZH1DX2, B0F122H5KV, B0F11RL87W, B0DJWKBPG7, B0F11SPDY8, B0DJV69X9F, B0DJWJFTP7, B0DJL5C3RG, B0F11R8RGL, B0DJWLDY5V, B0DJMVXPW3, B0DJWJZ9NP, B0DJHBZSDN, B0DJL4JY43, B0FDDDSHHW, B0DJV6ZD82, B0DJHDDZZ1, B0DJL5FJLG, B0F124VGXH, B0DJG1T941, B0DJWFN5N4, B0F11KND69, B0DJWG4N7W, B0F11GWCQ2, B0F11VFFBR, B0F11L4DPH, B0DJV784RQ, B0DJZKM69W, B0F11L3MTZ, B0DJWJ3R8L, B0DJWL6RX6, B0DJWKHBNP, B0DJWHZD7P, B0DJWKXFG3, B0DJL4FVY9, B0DJWDRQWT, B0DJTY9MTF, B0DJTXV8XN, B0DJWFNBQ5, B0DJZH69HM, B0DJHF3RJY, B0DJWJ7K7R, B0DJMWHYQF, B0F11KLY75, B0DJWJYVQ7, B0DJL4FVHR, B0DJZC2814, B0F11P442R, B0DJWF3KZT, B0F11LGCVN, B0F11KXBBT, B0DJWKVGV6, B0F11RVH7B, B0F11GFFJB, B0DJMVH4CC, B0DJWKHBDV, B0F11LV52T, B0DJWKHBDX, B0DJWJL4ZJ, B0F11YX5JN, B0DJVBDX86, B0F11V5VZH, B0DJWK1Y5Z, B0F11VXP6Q, B0DJMWBRLR, B0F11CJ2QH, B0F11V6HKB, B0DJZH1YTH, B0F11YGX9Z, B0DJL5XLXN, B0DJMTZT53, B0FDD7XP7Q, B0DJWKGBHV, B0DJTY9LP9, B0DJHDNR93, B0DJV8KNCT, B0DJHF6TD5, B0DJL4K9VN, B0F11CSXZS, B0DJZC316C, B0DJL4MY76, B0DJWJSZY2, B0F11D288H, B0F11Q6SPG, B0DJHDKWLR, B0F12DKC12, B0DJTZZFTW]",amzn1.campaign.M1NSL174TVNW,Waistline Shapewear Collection | XS–4XL | $10K Budget | 20% Commission,WAISTLINE,2025-09-25,2026-09-25,20.00%,10000.0,10000.0,16,800,false
"[B0DJWJV1TC, B0F11NYP6G, B0DJWKKJ9D, B0DJWKTG8S, B0DJMVL3CK, B0DJL52W51, B0DJMW3ZW7, B0F11M9T7Y, B0DJMTSHH5, B0DJTX87LS, B0DJMWYK87, B0DJZHXGRM, B0DJV1TF2T, B0DJV3544V, B0F11HQF8R, B0DJL54Y1Y, B0DJMVL5NM, B0F11V7ZKC, B0DJMVXNTJ, B0F122L1FF, B0DJWJH4LB, B0DJMW2WBM, B0DJMVG9DY, B0DJZHJQY6, B0DJZFX26M, B0DJTXHSBW, B0DJWJKN5R, B0F122NGCD, B0DJZH2D5T, B0F11HWLB3, B0DJWJ2QG3, B0DJZHZSLS, B0DJHD142C, B0F11MGDP9, B0DJWDH6SP, B0DJWK1KZM, B0DJHDQZ66, B0DJZGDD11, B0DJWJRPVD, B0DYVR2PQX, B0F1183Q9L, B0F11V9FJW, B0DJWJFXVF, B0DJL3DDKL, B0DJZC2M67, B0DJMSZZGS, B0DJTX5XTH, B0DJWK8FPR, B0DJWGNX4S, B0DJZK5Y7N, B0DJZG5Z4F, B0DJWF8KXF, B0DJV8H7BT, B0DJHDVPS4, B0F122NZR9, B0F11L9NG9, B0F112CNFR, B0DJMVJ6MV, B0DJL58XJN, B0DJZJQNCW, B0DJWKLQRH, B0DJV21C2Q, B0F11HSQK8, B0DYY193TQ, B0F11L6XSN, B0DJZGXZ1G, B0DJWFQSMQ, B0F11M7NB2, B0F11P87JW, B0DJWJ5DRB, B0DJHD3LSF, B0DJZH1DX2, B0F122H5KV, B0F11RL87W, B0DJWKBPG7, B0F11SPDY8, B0DJV69X9F, B0DJWJFTP7, B0DJL5C3RG, B0F11R8RGL, B0DJWLDY5V, B0DJMVXPW3, B0DJWJZ9NP, B0DJHBZSDN, B0DJL4JY43, B0FDDDSHHW, B0DJV6ZD82, B0DJHDDZZ1, B0DJL5FJLG, B0F124VGXH, B0DJG1T941, B0DJWFN5N4, B0F11KND69, B0DJWG4N7W, B0F11GWCQ2, B0F11VFFBR, B0F11L4DPH, B0DJV784RQ, B0DJZKM69W, B0F11L3MTZ, B0DJWJ3R8L, B0DJWL6RX6, B0DJWKHBNP, B0DJWHZD7P, B0DJWKXFG3, B0DJL4FVY9, B0DJWDRQWT, B0DJTY9MTF, B0DJTXV8XN, B0DJWFNBQ5, B0DJZH69HM, B0DJHF3RJY, B0DJWJ7K7R, B0DJMWHYQF, B0F11KLY75, B0DJWJYVQ7, B0DJL4FVHR, B0DJZC2814, B0F11P442R, B0DJWF3KZT, B0F11LGCVN, B0F11KXBBT, B0DJWKVGV6, B0F11RVH7B, B0F11GFFJB, B0DJMVH4CC, B0DJWKHBDV, B0F11LV52T, B0DJWKHBDX, B0DJWJL4ZJ, B0F11YX5JN, B0DJVBDX86, B0F11V5VZH, B0DJWK1Y5Z, B0F11VXP6Q, B0DJMWBRLR, B0F11CJ2QH, B0F11V6HKB, B0DJZH1YTH, B0F11YGX9Z, B0DJL5XLXN, B0DJMTZT53, B0FDD7XP7Q, B0DJWKGBHV, B0DJTY9LP9, B0DJHDNR93, B0DJV8KNCT, B0DJHF6TD5, B0DJL4K9VN, B0F11CSXZS, B0DJZC316C, B0DJL4MY76, B0DJWJSZY2, B0F11D288H, B0F11Q6SPG, B0DJHDKWLR, B0F12DKC12, B0DJTZZFTW]",amzn1.campaign.2YKZSPVX4OMWX,Waistline Shapewear Collection | XS–4XL | $10K Budget | 20% Commission,WAISTLINE,2025-09-24,2026-09-24,20.00%,10000.0,10000.0,15,800,false
"[B0DMFNG6XD, B0DMFQZM6Z]",amzn1.campaign.2ROR4ZRCGUN2T,Cat & Dog Patriotic Fabric Storage Bins | $5K Budget | 10% Commission,BigFinds,2025-09-30,2026-09-30,10.00%,5000.0,5000.0,15,800,false
"[B0DMFNG6XD, B0DMFQZM6Z]",amzn1.campaign.13XU5EFAIRQ0J,Cat & Dog Patriotic Fabric Storage Bins | $5K Budget | 10% Commission,BigFinds,2025-09-29,2026-09-29,10.00%,5000.0,5000.0,19,800,false
"[B0DMFNG6XD, B0DMFQZM6Z]",amzn1.campaign.3L3BX5MGEFDUC,Cat & Dog Patriotic Fabric Storage Bins | $5K Budget | 10% Commission,BigFinds,2025-09-28,2026-09-28,10.00%,5000.0,5000.0,35,800,false
"[B0DMFNG6XD, B0DMFQZM6Z]",amzn1.campaign.3TS1N59FISNKQ,Cat & Dog Patriotic Fabric Storage Bins | $5K Budget | 10% Commission,BigFinds,2025-09-27,2026-09-27,10.00%,5000.0,5000.0,34,800,false
"[B0DMFNG6XD, B0DMFQZM6Z]",amzn1.campaign.38GFVGLSJEHJ0,Cat & Dog Patriotic Fabric Storage Bins | $5K Budget | 10% Commission,BigFinds,2025-09-26,2026-09-26,10.00%,5000.0,5000.0,27,800,false
"[B0DMFNG6XD, B0DMFQZM6Z]",amzn1.campaign.3NAPSOIAN9MQO,Cat & Dog Patriotic Fabric Storage Bins | $5K Budget | 10% Commission,BigFinds,2025-09-25,2026-09-25,10.00%,5000.0,5000.0,34,800,false
"[B0DMFNG6XD, B0DMFQZM6Z]",amzn1.campaign.2267WQL0TDGAH,Cat & Dog Patriotic Fabric Storage Bins | $5K Budget | 10% Commission,BigFinds,2025-09-24,2026-09-24,10.00%,5000.0,5000.0,23,800,false
[B0DWST3MVN],amzn1.campaign.FSF5706Q66KY,Self Tanning - High Sales 30% Commission - High Budget 10k,WONDER FAMILY,2025-09-30,2026-09-30,30.00%,10000.0,10000.0,0,800,false
[B0DWST3MVN],amzn1.campaign.2STWXMK33ECH4,Self Tanning - High Sales 30% Commission - High Budget 10k,WONDER FAMILY,2025-09-29,2026-09-29,30.00%,10000.0,9997.31,0,800,false
[B0DWST3MVN],amzn1.campaign.18J0Y2MO1CLTU,Self Tanning - High Sales 30% Commission - High Budget 10k,WONDER FAMILY,2025-09-28,2026-09-28,30.00%,10000.0,10000.0,0,800,false
[B0DWST3MVN],amzn1.campaign.1COUAAEAS15U4,Self Tanning - High Sales 30% Commission - High Budget 10k,WONDER FAMILY,2025-09-27,2026-09-27,30.00%,10000.0,10000.0,0,800,false
[B0DWST3MVN],amzn1.campaign.1WR4VT1AKZHKX,Self Tanning - High Sales 30% Commission - High Budget 10k,WONDER FAMILY,2025-09-26,2026-09-26,30.00%,10000.0,9997.54,0,800,false
[B0DWST3MVN],amzn1.campaign.1QHYXXXJ3OMBJ,Self Tanning - High Sales 30% Commission - High Budget 10k,WONDER FAMILY,2025-09-25,2026-09-25,30.00%,10000.0,10000.0,0,800,false
[B0DWST3MVN],amzn1.campaign.26GSG2YOTREKU,Self Tanning - High Sales 30% Commission - High Budget 10k,WONDER FAMILY,2025-09-24,2026-09-24,30.00%,10000.0,10000.0,0,800,false
"[B0FG8GNXZN, B0FG8FRZJN, B0FG8GQBQ6, B0FG8H9457]",amzn1.campaign.2C40IZ1PCHHL0,11% commission for Bulk Cheerleader Gifts,VRHGL,2025-09-30,2026-09-30,11.00%,5000.0,5000.0,0,800,false
"[B0FG8GNXZN, B0FG8FRZJN, B0FG8GQBQ6, B0FG8H9457]",amzn1.campaign.2235PFP8871W3,11% commission for Bulk Cheerleader Gifts,VRHGL,2025-09-29,2026-09-29,10.00%,8888.0,8888.0,7,800,false
"[B0FG8GNXZN, B0FG8FRZJN, B0FG8GQBQ6, B0FG8H9457]",amzn1.campaign.Q335A18C21UX,11% commission for Bulk Cheerleader Gifts,VRHGL,2025-09-28,2026-09-28,10.00%,8888.0,8888.0,12,800,false
"[B0FG8GNXZN, B0FG8FRZJN, B0FG8GQBQ6, B0FG8H9457]",amzn1.campaign.CD554VSYVTLW,11% commission for Bulk Cheerleader Gifts,VRHGL,2025-09-27,2026-09-27,10.00%,8888.0,8888.0,14,800,false
"[B0FG8GNXZN, B0FG8FRZJN, B0FG8GQBQ6, B0FG8H9457]",amzn1.campaign.2HAC11XT7BCEB,11% commission for Bulk Cheerleader Gifts,VRHGL,2025-09-26,2026-09-26,11.00%,8888.0,8888.0,6,800,false
"[B0FG8GNXZN, B0FG8FRZJN, B0FG8GQBQ6, B0FG8H9457]",amzn1.campaign.88OABP2Y5IZZ,11% commission for Bulk Cheerleader Gifts,VRHGL,2025-09-25,2026-09-25,10.00%,8888.0,8888.0,18,800,false
"[B0FG8GNXZN, B0FG8FRZJN, B0FG8GQBQ6, B0FG8H9457]",amzn1.campaign.UK3LXPM69J6I,11% commission for Bulk Cheerleader Gifts,VRHGL,2025-09-24,2026-09-24,10.00%,8888.0,8888.0,17,800,false
"[B0CZ7F6PN7, B0F5N5GPR4, B0CZ7CX2PP, B0D9YSSR9N]",amzn1.campaign.2ZPDVAVGDWFF1,"Sales1000+pcs/m,10% commission for $7.97/pcs,glasses cleaner, B0CZ7CX2PP",VRHGL,2025-09-30,2026-09-30,10.00%,8888.0,8888.0,3,800,false
"[B0CZ7F6PN7, B0F5N5GPR4, B0CZ7CX2PP, B0D9YSSR9N]",amzn1.campaign.1S5RCGHHQLCQP,"Sales1000+pcs/m,10% commission for $7.97/pcs,glasses cleaner, B0CZ7CX2PP",VRHGL,2025-09-29,2026-09-29,10.00%,8888.0,8888.0,7,800,false
"[B0CZ7F6PN7, B0F5N5GPR4, B0CZ7CX2PP, B0D9YSSR9N]",amzn1.campaign.1PC3SHAJQW9J5,"Sales1000+pcs/m,10% commission for $7.97/pcs,glasses cleaner, B0CZ7CX2PP",VRHGL,2025-09-28,2026-09-28,10.00%,8888.0,8888.0,10,800,false
"[B0CZ7F6PN7, B0F5N5GPR4, B0CZ7CX2PP, B0D9YSSR9N]",amzn1.campaign.28N65K0HJYMJG,"Sales1000+pcs/m,10% commission for $7.97/pcs,glasses cleaner, B0CZ7CX2PP",VRHGL,2025-09-27,2026-09-27,10.00%,8888.0,8888.0,13,800,false
"[B0CZ7F6PN7, B0F5N5GPR4, B0CZ7CX2PP, B0D9YSSR9N]",amzn1.campaign.1470DFJ67F272,"Sales1000+pcs/m,10% commission for $7.97/pcs,glasses cleaner, B0CZ7CX2PP",VRHGL,2025-09-26,2026-09-26,10.00%,8888.0,8888.0,6,800,false
"[B0CZ7F6PN7, B0F5N5GPR4, B0CZ7CX2PP, B0D9YSSR9N]",amzn1.campaign.19RMXAKBVSHXT,"Sales1000+pcs/m,10% commission for $7.97/pcs,glasses cleaner, B0CZ7CX2PP",VRHGL,2025-09-25,2026-09-25,10.00%,8888.0,8888.0,11,800,false
"[B0CZ7F6PN7, B0F5N5GPR4, B0CZ7CX2PP, B0D9YSSR9N]",amzn1.campaign.1U2PA93VTPQRD,"Sales1000+pcs/m,10% commission for $7.97/pcs,glasses cleaner, B0CZ7CX2PP",VRHGL,2025-09-24,2026-09-24,10.00%,8888.0,8888.0,11,800,false
[B08HMNWTH9],amzn1.campaign.2GJ9S6QTSBUX1,SODOCT 8 Pack Bass Traps,SD SODOCT,2026-01-01,2026-12-31,10.00%,5000.0,4986.42,0,800,false
[B08HMNWTH9],amzn1.campaign.32GLTCVVE6Y79,SODOCT 8 Pack Bass Traps,SD SODOCT,2025-12-01,2026-11-30,10.00%,5000.0,5000.0,0,800,false
[B08HMNWTH9],amzn1.campaign.FGPIMNL8P8GR,SODOCT 8 Pack Bass Traps,SD SODOCT,2025-11-01,2026-10-31,10.00%,5000.0,5000.0,0,800,false
[B08HMNWTH9],amzn1.campaign.2BQ6GXJZMWPTB,SODOCT 8 Pack Bass Traps,SD SODOCT,2025-10-01,2026-09-30,10.00%,5000.0,4997.48,0,800,false
"[B0FD3NF6ZV, B0FD3M5SRL, B0FD3MMV26, B0FD3JFK5J, B0FD3M6HLZ]",amzn1.campaign.32HXXQ6T0HRO8,SODQW Sunglasses SG8098,SODQW,2026-09-01,2027-08-30,10.00%,500000.0,500000.0,0,800,false
"[B0C7LSLQZZ, B0C7DP2C2D, B0BNLZXH8B, B0C7LT4X18, B0C7LTHJJN, B0C7LSP2DV, B0FDGSJLW2, B0DJTGBZ6F, B0FDGQ8YCN, B0FDGQS4Q1, B0C7DZ52R4, B0FDGSHY6M, B0C7DPBV97, B0BNLZM31G, B0BNM14KW7, B0BNM17YB9]",amzn1.campaign.U5TOLFQ5YYXY,Keep Your Kids Healthy and Happy with Smurfs Supplements,VITABURST,2025-10-30,2026-10-30,10.00%,20000.0,19987.62,0,800,false
"[B0C7LSLQZZ, B0C7DP2C2D, B0BNLZXH8B, B0C7LT4X18, B0C7LTHJJN, B0C7LSP2DV, B0FDGSJLW2, B0DJTGBZ6F, B0FDGQ8YCN, B0FDGQS4Q1, B0C7DZ52R4, B0FDGSHY6M, B0C7DPBV97, B0BNLZM31G, B0BNM14KW7, B0BNM17YB9]",amzn1.campaign.22CIRX1QGGYCR,Amazon’s Best-Selling Smurfs Supplements for Everyday Wellness,VITABURST,2025-10-23,2026-10-23,10.00%,10000.0,9956.05,0,800,false
"[B0F263DYCX, B0F265XYTW, B0F2654B9Z]",amzn1.campaign.37BVUD4VINBW5,Eyelet Lace Mini Dress | V Neck Puff Sleeve Cotton Summer Outfit 10% Comm,AIWUFLY,2025-09-30,2026-09-29,10.00%,5000.0,5000.0,0,800,false
"[B0F263DYCX, B0F265XYTW, B0F2654B9Z]",amzn1.campaign.3KCXULZ32TV6W,Eyelet Lace Mini Dress | V Neck Puff Sleeve Cotton Summer Outfit 10% Comm,AIWUFLY,2025-09-29,2026-09-28,10.00%,5000.0,5000.0,0,800,false
"[B0F263DYCX, B0F265XYTW, B0F2654B9Z]",amzn1.campaign.2PD83RAELM4W9,Eyelet Lace Mini Dress | V Neck Puff Sleeve Cotton Summer Outfit 10% Comm,AIWUFLY,2025-09-28,2026-09-27,10.00%,5000.0,5000.0,0,800,false
"[B0F263DYCX, B0F265XYTW, B0F2654B9Z]",amzn1.campaign.1BBYXL9YZFZRS,Eyelet Lace Mini Dress | V Neck Puff Sleeve Cotton Summer Outfit 10% Comm,AIWUFLY,2025-09-27,2026-09-26,10.00%,5000.0,5000.0,0,800,false
"[B0F263DYCX, B0F265XYTW, B0F2654B9Z]",amzn1.campaign.2K9SU9WZIE2HH,Eyelet Lace Mini Dress | V Neck Puff Sleeve Cotton Summer Outfit 10% Comm,AIWUFLY,2025-09-26,2026-09-25,10.00%,5000.0,5000.0,0,800,false
"[B0F263DYCX, B0F265XYTW, B0F2654B9Z]",amzn1.campaign.3S55GYJOE4T18,Eyelet Lace Mini Dress | V Neck Puff Sleeve Cotton Summer Outfit 10% Comm,AIWUFLY,2025-09-25,2026-09-24,10.00%,5000.0,5000.0,0,800,false
"[B0DB26QMFK, B0DB265Z56, B0DB266QPQ]",amzn1.campaign.OZXQFW8594W4,Checkerboard Knit Cardigan | Black & White Drop Shoulder Fall Sweater 10% Comm,AIWUFLY,2025-09-30,2026-09-29,10.00%,5000.0,5000.0,3,800,false
"[B0DB26QMFK, B0DB265Z56, B0DB266QPQ]",amzn1.campaign.L4VAC2IFUMDT,Checkerboard Knit Cardigan | Black & White Drop Shoulder Fall Sweater 10% Comm,AIWUFLY,2025-09-29,2026-09-28,10.00%,5000.0,5000.0,7,800,false
"[B0DB26QMFK, B0DB265Z56, B0DB266QPQ]",amzn1.campaign.3D5XR3GIVCAKT,Checkerboard Knit Cardigan | Black & White Drop Shoulder Fall Sweater 10% Comm,AIWUFLY,2025-09-28,2026-09-27,10.00%,5000.0,5000.0,2,800,false
"[B0DB26QMFK, B0DB265Z56, B0DB266QPQ]",amzn1.campaign.1R9NP84P5I1BD,Checkerboard Knit Cardigan | Black & White Drop Shoulder Fall Sweater 10% Comm,AIWUFLY,2025-09-27,2026-09-26,10.00%,5000.0,5000.0,0,800,false
"[B0DB26QMFK, B0DB265Z56, B0DB266QPQ]",amzn1.campaign.QIH6J9Y30Z09,Checkerboard Knit Cardigan | Black & White Drop Shoulder Fall Sweater 10% Comm,AIWUFLY,2025-09-26,2026-09-25,10.00%,5000.0,5000.0,12,800,false
"[B0DB26QMFK, B0DB265Z56, B0DB266QPQ]",amzn1.campaign.18F66ZH7NRLLY,Checkerboard Knit Cardigan | Black & White Drop Shoulder Fall Sweater 10% Comm,AIWUFLY,2025-09-25,2026-09-24,10.00%,5000.0,5000.0,0,800,false
"[B0FBRYT693, B0FBRW6PRS, B0FBRTPHFQ]",amzn1.campaign.1WMS2LLRJ85AL,Women’s Cropped Military Safari Jacket Lightweight Cotton Utility Coat 10% Comm,AIWUFLY,2025-09-30,2026-09-30,10.00%,5000.0,5000.0,0,800,false
"[B0FBRYT693, B0FBRW6PRS, B0FBRTPHFQ]",amzn1.campaign.2BMCLYVBNNQRU,Women’s Cropped Military Safari Jacket Lightweight Cotton Utility Coat 10% Comm,AIWUFLY,2025-09-29,2026-09-29,10.00%,5000.0,5000.0,0,800,false
"[B0FBRYT693, B0FBRW6PRS, B0FBRTPHFQ]",amzn1.campaign.G7WVSWU1USLA,Women’s Cropped Military Safari Jacket Lightweight Cotton Utility Coat 10% Comm,AIWUFLY,2025-09-28,2026-09-28,10.00%,5000.0,5000.0,4,800,false
"[B0FBRYT693, B0FBRW6PRS, B0FBRTPHFQ]",amzn1.campaign.3398Y30BOLMHN,Women’s Cropped Military Safari Jacket Lightweight Cotton Utility Coat 10% Comm,AIWUFLY,2025-09-27,2026-09-27,10.00%,5000.0,5000.0,0,800,false
"[B0FBRYT693, B0FBRW6PRS, B0FBRTPHFQ]",amzn1.campaign.3BPMPYK7NA2CP,Women’s Cropped Military Safari Jacket Lightweight Cotton Utility Coat 10% Comm,AIWUFLY,2025-09-26,2026-09-26,10.00%,50001.0,50001.0,0,800,false
"[B0FBRYT693, B0FBRW6PRS, B0FBRTPHFQ]",amzn1.campaign.10FECODFEQWY8,Women’s Cropped Military Safari Jacket Lightweight Cotton Utility Coat 10% Comm,AIWUFLY,2025-09-25,2026-09-25,10.00%,5000.0,5000.0,0,800,false
"[B0FBRYT693, B0FBRW6PRS, B0FBRTPHFQ]",amzn1.campaign.38MQNQ67XFA4X,Women’s Cropped Military Safari Jacket Lightweight Cotton Utility Coat 10% Comm,AIWUFLY,2025-09-24,2026-09-24,10.00%,5000.0,5000.0,2,800,false
"[B09J227L4B, B09J21TNHS, B09J21Z19M]",amzn1.campaign.31ADW4WNUID0R,Ruffle Sleeve Babydoll Mini Dress | Feminine & Flowy Summer Outfit,AIWUFLY,2025-09-30,2026-09-30,10.00%,5000.0,5000.0,0,800,false
"[B09J227L4B, B09J21TNHS, B09J21Z19M]",amzn1.campaign.2CAF0OVZUI86H,Ruffle Sleeve Babydoll Mini Dress | Feminine & Flowy Summer Outfit,AIWUFLY,2025-09-29,2026-09-29,10.00%,5000.0,5000.0,0,800,false
"[B09J227L4B, B09J21TNHS, B09J21Z19M]",amzn1.campaign.393YGL8V68UTD,Ruffle Sleeve Babydoll Mini Dress | Feminine & Flowy Summer Outfit,AIWUFLY,2025-09-28,2026-09-27,10.00%,5000.0,5000.0,0,800,false
"[B09J227L4B, B09J21TNHS, B09J21Z19M]",amzn1.campaign.12S1QISHDDN35,Ruffle Sleeve Babydoll Mini Dress | Feminine & Flowy Summer Outfit,AIWUFLY,2025-09-27,2026-09-27,10.00%,5000.0,5000.0,0,800,false
"[B09J227L4B, B09J21TNHS, B09J21Z19M]",amzn1.campaign.2OPOSI50EXAF1,Ruffle Sleeve Babydoll Mini Dress | Feminine & Flowy Summer Outfit,AIWUFLY,2025-09-26,2026-09-26,10.00%,5000.0,5000.0,0,800,false
"[B09J227L4B, B09J21TNHS, B09J21Z19M]",amzn1.campaign.381KOPJZKQ0JB,Ruffle Sleeve Babydoll Mini Dress | Feminine & Flowy Summer Outfit,AIWUFLY,2025-09-25,2026-09-25,10.00%,5000.0,5000.0,0,800,false
"[B09J227L4B, B09J21TNHS, B09J21Z19M]",amzn1.campaign.3AY8DRWHQ99VI,Ruffle Sleeve Babydoll Mini Dress | Feminine & Flowy Summer Outfit,AIWUFLY,2025-09-24,2026-09-24,10.00%,5000.0,5000.0,0,800,false
"[B0F1YKC1JD, B0F1YL3X91, B0F1YKK5G7]",amzn1.campaign.L7GX8I2R5MW2,Pant Suits for Women Dressy 2 Piece Sets | Chic Business Casual Outfits 10% Comm,AIWUFLY,2025-09-30,2026-09-30,10.00%,5000.0,5000.0,0,800,false
"[B0F1YKC1JD, B0F1YL3X91, B0F1YKK5G7]",amzn1.campaign.RLJS2LFLGR9Q,Pant Suits for Women Dressy 2 Piece Sets | Chic Business Casual Outfits 10% Comm,AIWUFLY,2025-09-29,2026-09-29,10.00%,5000.0,5000.0,3,800,false
"[B0F1YKC1JD, B0F1YL3X91, B0F1YKK5G7]",amzn1.campaign.240XLS92OSYJL,Pant Suits for Women Dressy 2 Piece Sets | Chic Business Casual Outfits 10% Comm,AIWUFLY,2025-09-28,2026-09-28,10.00%,5000.0,5000.0,0,800,false
"[B0F1YKC1JD, B0F1YL3X91, B0F1YKK5G7]",amzn1.campaign.1X50QO3QGAPGJ,Pant Suits for Women Dressy 2 Piece Sets | Chic Business Casual Outfits 10% Comm,AIWUFLY,2025-09-27,2026-09-27,10.00%,5000.0,5000.0,0,800,false
"[B0F1YKC1JD, B0F1YL3X91, B0F1YKK5G7]",amzn1.campaign.AGF63ZDNIEPF,Pant Suits for Women Dressy 2 Piece Sets | Chic Business Casual Outfits 10% Comm,AIWUFLY,2025-09-26,2026-09-26,10.00%,5000.0,5000.0,5,800,false
"[B0F1YKC1JD, B0F1YL3X91, B0F1YKK5G7]",amzn1.campaign.2YHKY98H51RCW,Pant Suits for Women Dressy 2 Piece Sets | Chic Business Casual Outfits 10% Comm,AIWUFLY,2025-09-25,2026-09-25,10.00%,5000.0,5000.0,4,800,false
"[B0F1YKC1JD, B0F1YL3X91, B0F1YKK5G7]",amzn1.campaign.25F9IN9PADVW4,Pant Suits for Women Dressy 2 Piece Sets | Chic Business Casual Outfits 10% Comm,AIWUFLY,2025-09-24,2026-09-24,10.00%,5000.0,5000.0,0,800,false
"[B0BG1GSCN1, B0CGX93Q7Z, B0BG1DB9RV, B0BG1H1NXN, B0BG1G8TFB, B0BG1JYY84, B0BG1QW11L, B0BZKC6GN6, B0BG1HJL1W, B0BZKDFZBX, B0BG1HC6G5, B0BG1H8519, B0CGXB916D, B0CGX8KD7D, B0CGX9PT12, B0BG1DKHB2, B0BG1DQYZC, B0CGXB1BLJ, B0BG1JVMRN, B0BG1D6Q62, B0BG1DD85B, B0CGX9QZS7, B0CGX8KFNJ, B0CGX7BJBD, B0BZKBGHQY, B0BG1L7F8P, B0BG1BPNC7, B0BG1L59N2, B0CGX4J3JQ, B0BG1J97C5, B0BZKC1SYG, B0BG1TT8CG, B0BG1HMKG3, B0CGX94XN9, B0BG1HLV75, B0BZKC9WR1, B0BG1HTN3C, B0CGX4NPGD, B0CGX8WZF3, B0BZKFD4W5, B0BZKCJ9X4, B0BG1F278L, B0BG1K35H6, B0CGX98DVL, B0BG1F5QKC, B0BG1JWF1V, B0CGXBQ7B3, B0CGX8TY47, B0BZKBVFRK, B0CGX9XQB2, B0BG1HJZLM, B0CGX9XQB3, B0CGX9XQB4, B0BG1H8PDC, B0BZKBWZC7, B0CGXBG5WF, B0BG1K7RZT, B0BG1FW626, B0BZKCD5BV, B0BG1F6LDX, B0BG1L2CP1, B0BG1J4691, B0CGX62PH5, B0CGX7QVJK, B0CGX7JR2M, B0BZKCH69G, B0CGX8X13K, B0BG1HZ7BZ, B0BZKBR8PK, B0BG1HJF7M, B0CGX8QW7L, B0BG18SPHK]",amzn1.campaign.RKXAF7YUX1XW,Custom Blanket with Name (Personalzied Blanket 12NB),JOYXBUY,2025-10-02,2026-10-02,15.00%,1000000.0,999934.41,0,800,false
"[B09ZTF5PPZ, B09ZSKD1LV, B09ZT2D2YH, B09ZTF97T6, B09ZT8D2T7, B09ZT3HZ7K, B09ZSKLQKQ, B09ZSXRMSY, B0CJC7DVH7, B09ZT939PR, B09ZSM5RJM, B09ZSYNWHL, B09ZT5QHB4, B09ZTCBFPG, B0CJC7MPQ4, B09ZT97B4Q, B09ZT8RN8B, B09ZT97B4T, B09ZSKGQ8V, B09ZSWHB5X, B09ZSWJZHC, B09ZT6XJP8, B09ZSJ1ZPZ, B09ZSKQSX1, B09ZTC8JLV, B09ZT3SQ7K, B09ZT6GVW7, B09ZT6QLV1, B09ZTBML5X, B0CJC772ZP, B09ZT9J5RN, B09ZSKDDT8, B09ZT9ZS55, B09ZSZRJGY, B09ZT24PN6, B09ZSXJZBM, B09ZT95MGK, B09ZST2DHS, B09ZTDVB3Q, B09ZSN1FJG, B09ZSY2T8Y, B09ZTDMRH4, B09ZT331YJ, B09ZTC6VYM, B09ZT9STT1, B09ZSTSGK4, B09ZT6T2RD, B09ZSX94YM, B09ZSYJ49L, B09ZT8SMJ7, B09ZSGHR2X, B09ZT6Q512, B09ZT8VLFN, B09ZSRWN7X, B09ZT4XLF6, B09ZSS165K, B09ZSVSL9C, B09ZT7DJBF, B09ZS747KG, B0BWJTWZKP, B09ZSZNT24, B09ZSV1Y87, B09ZSVSL97, B09ZSQDFLW, B09ZS747KD, B09ZTF6S7T, B09ZT7BCB7, B09ZSW2RBV, B09ZTC4YC9, B09ZSL4LS6, B09ZTG2TQ9, B09ZSPXY34, B09ZSMVYL8, B09ZT147Q5, B09ZSND4BP, B09ZT2WKWK, B09ZSZLY1P, B09ZTFWSDH, B09ZT152T9, B09ZSV5MF6, B09ZSMDNBP, B09ZSV5MF4, B09ZT9VHXR, B0CJC7KRF8, B09ZSV79PL, B09ZSXN1ZY, B09ZSZ4L8N, B09ZT8WJLN, B09ZT9VHY2, B09ZT8PB12, B09ZSQX34W, B09ZT9DKJZ, B09ZSN3FG1, B09ZSP5FJ4, B09ZTH41TL, B09ZSL67Z8, B09ZT6C1NP, B09ZSSMC55, B09ZT28NJM, B09ZSX75DX, B0CJC635RR, B09ZSMGBHQ, B09ZT7J8TB, B09ZT3QVL2, B09ZSVY5Z1]",amzn1.campaign.22IL3RKW1GWPJ,Custom Blanket with Picture 01,JOYXBUY,2025-10-02,2026-10-02,15.00%,1000000.0,999988.97,0,800,false
"[B0DG8M6GVS, B0DG8LFRY4, B0DG8LYQVK, B0DG8K35K5, B0DG8LBVD7, B0DG8JVCRW, B0DG8LSZ9K, B0DG8JRG5X, B0DG8LDD9V, B0DG8N1VWY, B0DG8LRPY9, B0DG8LKSC8, B0DG8NLKRK, B0DG8JL2VT, B0DG8L7KWP, B0DG8LHNK8, B0DG8L7TQN, B0DG8L3NZ9, B0DG8K2LJY, B0DG8MDXF3, B0DG8M5VVY, B0DG8MKTSB, B0DG8K5V4F, B0DG8M7LVR, B0DG8L7TQP, B0DG8M7LVX, B0DG8LGYCS, B0DG8KMBYK, B0DG8L39PS, B0DG8M718W, B0DG8M2J99, B0DG8M3L21, B0DG8KMHLZ, B0DG8LCXFH, B0DG8N1WQ5, B0DG8MQNKY, B0DG8KZ5Z6, B0DG8KFGM3, B0DG8LHJD6, B0DG8K7SYH, B0DG8KB6WC, B0DG8K8VT4, B0DG8K8K8Z, B0DG8LJVRP, B0DG8LHH47, B0DG8L3QTT, B0DG8KP133, B0DG8MHQBG, B0DG8K5GRZ, B0DG8LMRB2, B0DG8M1P4K, B0DG8KN9QN, B0DG8KN6KQ, B0DG8N83TD, B0DG8N2LFW, B0DG8LRZZM, B0DG8JSNBH, B0DG8LCBXL, B0DG8N3HTL, B0DG8KY2SH, B0DG8M68W1, B0DG8KP13B, B0DG8N2H6P, B0DG8JSNBP, B0DG8KZTKB, B0DG8L1K72, B0DG8JPXX6, B0DG8LJJKT, B0DG8L8853, B0DG8LXCDD, B0DG8LPRJ7, B0DG8L9FVS, B0DG8LFSQC, B0DG8KF9SQ, B0DG8K6G5R, B0DG8KYYHG, B0DG8KQXNL, B0DG8KDLFK, B0DG8KQPFN, B0DG8L6NG3, B0DG8KL229, B0DG8L2C4R, B0DG8MSPGT, B0DG8L49L4, B0DG8KYT6H, B0DG8LN5VT, B0DG8LMD6D, B0DG8LN5VV, B0DG8LM5Z9, B0DG8LN5VW, B0DG8LJJKW, B0DG8LP3ZB, B0DG8MKZQX, B0DG8LTTG2, B0DG8LSZMW, B0DG8LSVF2, B0DG8JYQYT, B0DG8MWXRY, B0DG8JTWD3, B0DG8K2H75, B0DG8KL2P6, B0DG8LJG2K, B0DG8KQJ7L, B0DG8M5YPR, B0DG8LXXRY, B0DG8MMHGJ, B0DG8KQ3C8, B0DG8M5YPQ, B0DG8JD33P, B0DG8JMPS8, B0DG8LZJRS, B0DG8NCVDV, B0DG8L458R, B0DG8L6XPJ, B0DG8LQH92, B0DG8PD37K, B0DG8L1KF6, B0DG8KHXWS, B0DG8KP2DQ, B0DG8KHXWW, B0DG8MFYFZ, B0DG8KHXWZ, B0DG8KFXB4, B0DG8K6C7L, B0DG8K798X, B0DG8N2Q5M, B0DG8LFVRJ, B0DG8MQW7M, B0DG8KVW88, B0DG8L8JKW, B0DG8KFQ7B, B0DG8MDYJM, B0DG8LNZ25, B0DG8K8BD5, B0DG8MDYJL, B0DG8KHGS8, B0DG8KVGZ4, B0DG8NBYTX, B0DG8LJRNF, B0DG8MQVVV, B0DG8KQRMW, B0DG8MGNT9, B0DG8K9Q5P, B0DG8MN7R4, B0DG8LX7XN, B0DG8L8PHB, B0DG8JKFNQ, B0DG8LXKNV, B0DG8LG7K1, B0DG8LGKZG, B0DG8JXMMV, B0DG8K44CJ, B0DG8L4HDF, B0DG8KGMRH, B0DG8L33FH, B0DG8LVVL8, B0DG8LCZD1, B0DG8LJ7ZQ, B0DG8KKWJD, B0DG8LMTBN, B0DG8LBYLV, B0DG8L7VP8, B0DG8L2G8M, B0DG8KMDWN, B0DG8KMDWP, B0DG8MSMND, B0DG8MFW8M, B0DG8JP6GK, B0DG8JP6GM, B0DG8KGSG1, B0DG8LDHF4, B0DG8LRYV2, B0DG8KKP4H, B0DG8MFW8G, B0DG8KPC3X, B0DG8LX7HN]",amzn1.campaign.1Z31E55DHC12Q,Custom Blanket with Name (Personalized Name Blanket-11）,JOYXBUY,2025-10-02,2026-09-30,15.00%,1000000.0,999972.05,0,800,false
"[B0F27MPYF7, B0DKT742DJ, B0DFD2MS98, B0DF6JRGH2, B0DHZ7JSM9, B0DDK4WYV3]",amzn1.campaign.19FOOWDJUBGDM,11% commission for Christmas gifts,VRHGL,2025-09-29,2026-09-29,11.00%,8888.0,8886.91,0,800,false
"[B0F27MPYF7, B0DKT742DJ, B0DFD2MS98, B0DF6JRGH2, B0DHZ7JSM9, B0DDK4WYV3]",amzn1.campaign.2VVBC08YV05CG,11% commission for Christmas gifts,VRHGL,2025-09-28,2026-09-28,11.00%,8888.0,8884.89,0,800,false
"[B0F27MPYF7, B0DKT742DJ, B0DFD2MS98, B0DF6JRGH2, B0DHZ7JSM9, B0DDK4WYV3]",amzn1.campaign.UO6NBMGGV5YH,11% commission for Christmas gifts,VRHGL,2025-09-27,2026-09-27,11.00%,8888.0,8885.19,0,800,false
"[B0F27MPYF7, B0DKT742DJ, B0DFD2MS98, B0DF6JRGH2, B0DHZ7JSM9, B0DDK4WYV3]",amzn1.campaign.1I0WZOK8ACDEW,11% commission for Christmas gifts,VRHGL,2025-09-26,2026-09-26,11.00%,8888.0,8886.22,0,800,false
"[B0F27MPYF7, B0DKT742DJ, B0DFD2MS98, B0DF6JRGH2, B0DHZ7JSM9, B0DDK4WYV3]",amzn1.campaign.2MPSJNIC4OSHX,11% commission for Christmas gifts,VRHGL,2025-09-25,2026-09-25,11.00%,8888.0,8886.06,0,800,false
"[B0B258SBJP, B0B255QD8G, B0FB3JB6NJ]",amzn1.campaign.1PSX9817632T5,Women’s Faux Suede Bomber Jacket | Oversized Cropped Pilot Coat 11%,AIWUFLY,2025-09-30,2026-09-30,11.00%,5000.0,4973.71,0,800,false
"[B0B258SBJP, B0B255QD8G, B0FB3JB6NJ]",amzn1.campaign.K7F5MZFMAKS1,Women’s Faux Suede Bomber Jacket | Oversized Cropped Pilot Coat 11%,AIWUFLY,2025-09-29,2026-09-29,11.00%,5000.0,4990.54,0,800,false
"[B0B258SBJP, B0B255QD8G, B0FB3JB6NJ]",amzn1.campaign.1UZNFJQNGMPG7,Women’s Faux Suede Bomber Jacket | Oversized Cropped Pilot Coat 11%,AIWUFLY,2025-09-28,2026-09-28,11.00%,5000.0,4981.08,0,800,false
"[B0B258SBJP, B0B255QD8G, B0FB3JB6NJ]",amzn1.campaign.1KTTYPBWR7WJ5,Women’s Faux Suede Bomber Jacket | Oversized Cropped Pilot Coat 11%,AIWUFLY,2025-09-27,2026-09-27,11.00%,5000.0,4985.81,0,800,false
"[B0B258SBJP, B0B255QD8G, B0FB3JB6NJ]",amzn1.campaign.2GHI5R1E9XGL4,Women’s Faux Suede Bomber Jacket | Oversized Cropped Pilot Coat 11%,AIWUFLY,2025-09-26,2026-09-26,11.00%,5000.0,4976.35,0,800,false
"[B0B258SBJP, B0B255QD8G, B0FB3JB6NJ]",amzn1.campaign.1Z4QZR9XMAUTM,Women’s Faux Suede Bomber Jacket | Oversized Cropped Pilot Coat 11%,AIWUFLY,2025-09-25,2026-09-25,11.00%,5000.0,4965.63,0,800,false
"[B0B258SBJP, B0B255QD8G, B0FB3JB6NJ]",amzn1.campaign.2V48MKEB29ZOA,Women’s Faux Suede Bomber Jacket | Oversized Cropped Pilot Coat 11%,AIWUFLY,2025-09-24,2026-09-24,11.00%,5000.0,4991.49,0,800,false
"[B0F1Y3YK8R, B0F1Y6XQXD, B0F1Y6YCLK, B0F1Y6Z312, B0F1Y3FHG1, B0FC5DSW9B, B0F1Y3H29V, B0FC5S8TZP]",amzn1.campaign.3DPRP40NEKRMN,Women’s Summer Ruffle Cap Sleeve Mini Dress Casual Babydoll with Pockets 11%,AIWUFLY,2025-09-30,2026-09-30,11.00%,5000.0,4998.35,0,800,false
"[B0F1Y3YK8R, B0F1Y6XQXD, B0F1Y6YCLK, B0F1Y6Z312, B0F1Y3FHG1, B0FC5DSW9B, B0F1Y3H29V, B0FC5S8TZP]",amzn1.campaign.3TPEPVV7V2IA8,Women’s Summer Ruffle Cap Sleeve Mini Dress Casual Babydoll with Pockets 11%,AIWUFLY,2025-09-29,2026-09-29,11.00%,5000.0,5000.0,0,800,false
"[B0F1Y3YK8R, B0F1Y6XQXD, B0F1Y6YCLK, B0F1Y6Z312, B0F1Y3FHG1, B0FC5DSW9B, B0F1Y3H29V, B0FC5S8TZP]",amzn1.campaign.3HUKIO240BVCU,Women’s Summer Ruffle Cap Sleeve Mini Dress Casual Babydoll with Pockets 11%,AIWUFLY,2025-09-28,2026-09-28,11.00%,5000.0,5000.0,0,800,false
"[B0F1Y3YK8R, B0F1Y6XQXD, B0F1Y6YCLK, B0F1Y6Z312, B0F1Y3FHG1, B0FC5DSW9B, B0F1Y3H29V, B0FC5S8TZP]",amzn1.campaign.1LYS4A9PHD2NQ,Women’s Summer Ruffle Cap Sleeve Mini Dress Casual Babydoll with Pockets 11%,AIWUFLY,2025-09-27,2026-09-27,11.00%,5000.0,4995.27,0,800,false
"[B0F1Y3YK8R, B0F1Y6XQXD, B0F1Y6YCLK, B0F1Y6Z312, B0F1Y3FHG1, B0FC5DSW9B, B0F1Y3H29V, B0FC5S8TZP]",amzn1.campaign.CCV28TEI1XID,Women’s Summer Ruffle Cap Sleeve Mini Dress Casual Babydoll with Pockets 11%,AIWUFLY,2025-09-26,2026-09-26,11.00%,5000.0,5000.0,0,800,false
"[B0F1Y3YK8R, B0F1Y6XQXD, B0F1Y6YCLK, B0F1Y6Z312, B0F1Y3FHG1, B0FC5DSW9B, B0F1Y3H29V, B0FC5S8TZP]",amzn1.campaign.3A985XLYLZRXR,Women’s Summer Ruffle Cap Sleeve Mini Dress Casual Babydoll with Pockets 11%,AIWUFLY,2025-09-25,2026-09-25,11.00%,5000.0,5000.0,0,800,false
"[B0F1Y3YK8R, B0F1Y6XQXD, B0F1Y6YCLK, B0F1Y6Z312, B0F1Y3FHG1, B0FC5DSW9B, B0F1Y3H29V, B0FC5S8TZP]",amzn1.campaign.1OESPSC7GQ4W1,Women’s Summer Ruffle Cap Sleeve Mini Dress Casual Babydoll with Pockets 11%,AIWUFLY,2025-09-24,2026-09-24,11.00%,5000.0,5000.0,0,800,false
"[B0DB26QMFK, B0DB265Z56, B0DB266QPQ]",amzn1.campaign.Q2XU19ZIZI9Q,Women’s Checkerboard Knit Cardigan | Retro & Cozy Fall Style | 10% Commission,AIWUFLY,2025-09-30,2026-09-30,10.00%,5000.0,5000.0,9,800,false
"[B0DB26QMFK, B0DB265Z56, B0DB266QPQ]",amzn1.campaign.A3E7COVI5AJJ,Women’s Checkerboard Knit Cardigan | Retro & Cozy Fall Style | 10% Commission,AIWUFLY,2025-09-29,2026-09-29,10.00%,5000.0,5000.0,15,800,false
"[B0DB26QMFK, B0DB265Z56, B0DB266QPQ]",amzn1.campaign.HG8XER6SD4OQ,Women’s Checkerboard Knit Cardigan | Retro & Cozy Fall Style | 10% Commission,AIWUFLY,2025-09-28,2026-09-28,10.00%,5000.0,5000.0,19,800,false
"[B0DB26QMFK, B0DB265Z56, B0DB266QPQ]",amzn1.campaign.10ZVH7XUB1502,Women’s Checkerboard Knit Cardigan | Retro & Cozy Fall Style | 10% Commission,AIWUFLY,2025-09-27,2026-09-27,10.00%,5000.0,5000.0,7,800,false
"[B0DB26QMFK, B0DB265Z56, B0DB266QPQ]",amzn1.campaign.JI3DR46QAPHE,Women’s Checkerboard Knit Cardigan | Retro & Cozy Fall Style | 10% Commission,AIWUFLY,2025-09-26,2026-09-26,10.00%,5000.0,5000.0,21,800,false
"[B0DB26QMFK, B0DB265Z56, B0DB266QPQ]",amzn1.campaign.OWLYW18UOFIZ,Women’s Checkerboard Knit Cardigan | Retro & Cozy Fall Style | 10% Commission,AIWUFLY,2025-09-24,2026-09-24,10.00%,5000.0,5000.0,23,800,false
[B0DXPWJ7MP],amzn1.campaign.GRJOMX4P9UFV,15% commission for $116.49/pcs-smart projector with built in apps,Futuzen,2025-09-30,2026-09-30,15.00%,8888.0,8851.39,0,800,false
[B0DXPWJ7MP],amzn1.campaign.11NB3RWJPG1LL,15% commission for $116.49/pcs-smart projector with built in apps,Futuzen,2025-09-28,2026-09-28,15.00%,8888.0,8860.28,0,800,false
[B0DXPWJ7MP],amzn1.campaign.3DYJXVWEC91LU,15% commission for $116.49/pcs-smart projector with built in apps,Futuzen,2025-09-27,2026-09-27,15.00%,8888.0,8888.0,0,800,false
[B0DXPWJ7MP],amzn1.campaign.SPOD6H2O1DFS,15% commission for $116.49/pcs-smart projector with built in apps,Futuzen,2025-09-26,2026-09-26,15.00%,8888.0,8888.0,0,800,false
[B0DXPWJ7MP],amzn1.campaign.16JNXMZNZY3QP,15% commission for $116.49/pcs-smart projector with built in apps,Futuzen,2025-09-25,2026-09-25,15.00%,8888.0,8888.0,0,800,false
[B0DXPWJ7MP],amzn1.campaign.38SYU9A6LNQQO,15% commission for $116.49/pcs-smart projector with built in apps,Futuzen,2025-09-24,2026-09-24,15.00%,8888.0,8888.0,0,800,false
"[B0F748PMM4, B0F745WT36]",amzn1.campaign.2KWGBU7SZ00TP,Yoga Stick 4,Roenae,2025-10-31,2026-10-31,10.00%,5000.0,5000.0,0,800,false
[B0F99T1YZ1],amzn1.campaign.1POXK0NP4KQY2,"Clberni Punch Art for Beginers,Punch Needle Kit Adults0816-14",clberni,2025-09-25,2026-09-24,10.00%,5000.0,5000.0,4,800,false
[B0F99T1YZ1],amzn1.campaign.374JWOIWK59P0,"Clberni Punch Art for Beginers,Punch Needle Kit Adults0816-12",clberni,2025-10-01,2026-09-30,10.00%,9000.0,9000.0,4,800,false
"[B0DRY39ZS8, B0D69FR7SY, B0D69D4MMG, B0DR26QPR8, B0DR29GYNG, B0DR266Z7Q, B0DR2NPRNF, B0DR23W65D, B0D69D76ZM]",amzn1.campaign.37BV0PHJYUPGA,ASJ00632-Women's Floral Lace Vest-10%,Arssm,2026-01-01,2026-10-31,10.00%,5000.0,5000.0,0,800,false
"[B0719SC7QF, B0725YQ2NZ, B07743LZ1C, B0CRST7ZFP, B09W4JT8B8, B0CCSPC8YN, B0C6MY6CMS, B0CSYS3LY1, B08YNZF8J2, B08XLPHQBV, B08XLQQQH5, B074HFQYTB, B09HSP8JNS, B01D045IMM, B01B6JKBY8, B071P9LFB6, B0CH3QTVST, B07F4CQZ5H, B07PS8MVBD, B0D67FX583, B07MVNHVFS, B0CFFZWC4S, B09T4Z3NM6, B08XLDH6T6, B07SL1G866, B09ZMNYS1F, B097CJGQJ5, B0BTZ6B3MX, B0CLF571WK, B07FHR2CJ4, B0CTHZC4HV, B0723CX9L5, B0CRSN1R85, B07WT7W6Z4, B0D2PKDNPH, B0CXJL2W75, B07952WVFH, B09MR5D5YS, B07176RL5T, B07121FYRL, B07176RNWP, B0CMV32FFG, B0754JJFRH, B09ZN8RNT7, B07811QXWP, B0CRSHVNY9, B0CRS632S2, B09MR62QKD, B0CTJ18VH2, B08XLQV3XQ, B0CSG7JXZR, B0CMV5VBB8, B07F4B2KJW, B09T4BNLVK, B0CKC1HB6B, B086QBJPD8, B071LPXNYH, B0B4PDCYC8, B09W42Q368, B07F49L57C, B0CFFZRK1N, B07FPQNKLJ, B01B6JKAF8, B078QWPGJ7, B0B4PGM2NG, B0CP88CL4J, B0CP899NZJ, B0C6MV9V11, B0CZ9PP4LZ, B086JKQXHS, B0BBHF9Z8M, B07DBTPP8W, B07PR64C8F, B07F47L4RJ]",amzn1.campaign.PNKC4YDY5SI3,Unlock Better Health with Sunwarrior’s Top-Selling Amazon Picks,Sunwarrior,2025-10-09,2026-10-09,11.00%,5000.0,4952.97,0,800,false
"[B08FXSXTL8, B08QW9MR9C, B08WX1DFV8, B0BN41R3K3, B09FX1TK1W, B0F3X7K8ZL, B0DXLCHPG1, B08FXTJ9K8, B0BPF6WWWW, B09R6K2Y4C, B0F3XB6DSL, B0DH4VWTRM, B09FWX1HRX, B0DH4T8886, B0BN3ZR8YY, B09R6LTCDW]",amzn1.campaign.JDMQJOXBBTKR,Fuel Your Keto Goals with Real Ketones Powder for Instant Energy,Real Ketones,2025-10-16,2026-10-16,15.00%,5000.0,4872.77,0,800,false
"[B09K4FDK81, B081NRNDWW, B07TW9ZDNB, B09K4DF7DB, B09G8BDHWV, B08XZPDZC7, B09G8H15Y9, B07ZPGSKLS]",amzn1.campaign.PBAWU1FMU3WF,Capture Your Drive Clearly with Nexar Dash Cams,Nexar,2025-10-02,2026-09-30,10.00%,5000.0,4981.4,0,800,false
[B0F99T1YZ1],amzn1.campaign.BAVHE6QJ00PH,"Clberni Punch Art for Beginers,Punch Needle Kit Adults1101",clberni,2025-11-01,2026-10-31,10.00%,100000.0,100000.0,0,800,false
[B0F99T1YZ1],amzn1.campaign.3NS77GTSSNXKP,"Clberni Punch Art for Beginers,Punch Needle Kit Adults",clberni,2025-10-05,2026-10-04,10.00%,50000.0,49997.65,5,800,false
[B0D2TFYW34],amzn1.campaign.3II575YYE8SIP,"BAOFENG UV-5RM 10W Ham Radio Long Range, 2Pack",BAOFENG,2026-06-02,2026-12-31,10.00%,500000.0,500000.0,0,800,false
[B0D7PYT1XS],amzn1.campaign.WN8LE8GHJX22,BAOFENG 5RM 10W Ham Handheld Radio 2 Pack,BAOFENG,2025-11-01,2026-10-31,10.00%,500000.0,499728.04,0,800,false
"[B0F9FK9FRN, B0F9FKFXFG, B0F9FKVJ4G, B0F9FK4RJT, B0F9FK99J7, B0F9FNC1D8, B0F9FJYH58]",amzn1.campaign.3KDDG7I293G8Z,SODQW Sunglasses SG1927,SODQW,2027-08-01,2028-07-25,10.00%,5000.0,5000.0,4,800,false
[B0CQC6P7QV],amzn1.campaign.2JMM8TE992N1N,"# Make Windows & Blinds Sparkle – Partner with VeRosky & Earn 10% Commission!",VeRosky,2025-10-01,2026-10-01,10.00%,5000.0,4987.02,0,800,false
[B0D8T94YD6],amzn1.campaign.47SI2M4C0PN,Air Choice Convection Space Heater MH-39,Air Choice,2025-10-30,2026-10-30,10.00%,10000.0,9990.5,0,800,false
