ASIN List,Campaign Id,Campaign Name,Brand Name,Campaign Start Date,Campaign End Date,Commission Rate,Campaign Budget,Budget Remaining,Available Slot,Total Slot,Recommended
"[B07BKNQRC3, B08K2XHYL4, B075NC2VTG, B08HLJXQSY, B08J6KLNWQ, B075SYB3NF, B07YV53G6P, B08HLG1W93, B016NQV7RO, B08HHVTMTC, B08K2L6SB1, B016NQV7TM, B07YV4H72J, B016NQV7MO, B08KRTH13B]",amzn1.campaign.29MVR2Z79TF7H,"15%Commission, 10%Off Discount High Waist Wet Look Leather Leggings-26-9.3-03",Tagoo,2026-09-04,2026-10-06,15.00%,5000.0,5000.0,142,800,false
"[B0H98T1FFY, B0GTVN5G74, B0GTVCQW13, B0GTVH61CT, B0GTVM4LGR, B0H98SYXH7, B0H98SM4CR, B0H98TT3QW, B0H98WWM9S, B0H98GDL5F, B0H98RR8YZ, B0GTV9SRS1, B0H98QKFFN, B0GTVL5GGV, B0GTVKWBHD, B0GTVRGFW6, B0GTVH57WV, B0H98GLWTC]",amzn1.campaign.31BIC2N90UZTU,Earn high commissions——Experience fashion style with Hathne!0028,hathne,2026-09-01,2027-03-02,16.80%,5000.0,5000.0,155,800,false
"[B0FYLC1TYX, B0FYLFHLWC, B0FYL86Q3X, B0FYLCJPGS, B0FYLCSVV5, B0FYL63X66, B0FYL99DJN, B0FYL8TD9T, B0FYLC5V4G, B0FYL8X7M9, B0FH4B9861, B0FYLD8N4W, B0FYL5LGYX, B0FYL6BHS6, B0FYL6BHS8, B0FYLFPCJM, B0FYLCTQFZ, B0FYL9HBFR, B0FH4FTT3H, B0FYLD2NJ9, B0FYLDBJRY, B0FYLDMFW9, B0FYL75PCZ, B0FYLCB7MQ, B0FYLBDY2G, B0FYLDX73F, B0FYL8CZ8G, B0FYLG7QH7, B0FYLD3LCP, B0FYLC6LG9, B0FYL8XJCS, B0FYL8X329, B0FYLFPKKH, B0FYLG66C7, B0FYLC159X, B0FYLBX5S7, B0FYLGNK11, B0FYLG8MFH, B0FYL9B1PQ, B0FYLFHPTT, B0FYL8FLVB, B0FYLFD7GL, B0FYLC5NBQ, B0FYL9B6F2, B0FYLCSKY4, B0FYLFJVX7, B0FYLBX4YZ, B0FH4C58PR, B0FYLFCYVX, B0FYLDSL9P]",amzn1.campaign.9ZKCHVEFDPRZ,Women's Low Chunky Block Heels Pointed Toe Rhinestone Comfortable Pumps,DssXUxx,2026-09-05,2026-12-02,10.00%,5000.0,5000.0,149,800,false
"[B0G3WWLVBW, B0H1GRD347, B0G3WWQDMX, B0G3WRY9NN, B0G3WSJTX4, B0G3WWLGCL, B0G3WTPT3S, B0G3WSLH1M, B0G3WW98R9, B0G3WWNJC6, B0G3WW3X75, B0G3WVTZ63, B0G3WRGT6P, B0G3WVJ5BX, B0G3WWS9YG, B0G3WRJN5C, B0G3WXL7G2, B0G3WW3GH1, B0G3WST9SP, B0G3WWQ2F1, B0G3WV47GM, B0G3WVTCDL, B0G3WRF28G, B0G3WWFWGG]",amzn1.campaign.2QQTH78C9SR2C,Earn 15% Commission! Promoting VONMELLI Leather Belts for Women Trendy 9304,VONMELLI,2026-09-04,2026-10-13,15.00%,5000.0,5000.0,122,800,false
"[B0CFHRMV2V, B0CFHMSS72, B0CF443DDC, B0CFHQP1MK, B0CFHPDV9J, B0CX9BFW7P, B0CJLM3CL2, B0CFHR1J9X, B0CX97Q6W8]",amzn1.campaign.2MSINSWDM0L2O,Jar - Sep - C4,Staze,2026-09-04,2027-09-01,15.00%,10000.0,10000.0,152,800,false
[B0GLHKS74N],amzn1.campaign.LMIU8TDTJPAF,Silicone Door Knob Cover - Home Protection - B0GLHKS74N - Creator Connection,STRONGEST HOME,2026-09-04,2026-12-04,15.00%,100000.0,100000.0,118,800,false
"[B0F2HB61YQ, B0F2H9CF5S, B0DMDXZRX2, B0DMF17H42, B0DMF1HWZH, B0DMF4JTC4, B0DMDXK2W5, B0DMF58XZX, B0DMF3HP6H, B0F2HBMT24, B0F2HBY7KT, B0DMF2GXJZ, B0DMF5W37J, B0DMF1DGQT, B0F2HBTDP2, B0F2H9JSC9, B0DMF453T7, B0DZB5FXP2, B0DZBLHG95, B0DMDXSCR8, B0F2HCHV3L, B0DMDYJ1G9, B0DZBVXJYY, B0DZBVZ4PJ, B0F2H9Q4YF, B0F2HCNN46, B0DMDXLZ71, B0F2HBRC3P, B0DMF494HW, B0F2HC7W1B, B0F2H9Y4JH, B0F2HC4QYG, B0F2H9TMTQ, B0F2HBB1Z6, B0DMF1DS7R, B0DMDYGTZ4, B0DMDWF4NR, B0DMDXSRCY, B0DMF39XH1, B0F2HBDBJJ]",amzn1.campaign.2EKDPJ65U184Z,"4.4⭐ Wide Elastic Belt - Big Gold Buckle, Stretchy Leather, 10% Comm -B220!",XZQTIVE,2026-09-04,2026-12-31,10.00%,5000.0,5000.0,139,800,false
"[B0H98T1FFY, B0GTVN5G74, B0GTVCQW13, B0GTVH61CT, B0GTVM4LGR, B0H98SYXH7, B0H98SM4CR, B0H98TT3QW, B0H98WWM9S, B0H98GDL5F, B0H98RR8YZ, B0GTV9SRS1, B0H98QKFFN, B0GTVL5GGV, B0GTVKWBHD, B0GTVRGFW6, B0GTVH57WV, B0H98GLWTC]",amzn1.campaign.3PK204Y3INQ0S,Earn high commissions——Experience fashion style with Hathne!0028,hathne,2026-09-01,2027-03-02,16.79%,5000.0,5000.0,159,800,false
"[B0H6PXJMQ1, B0H7426G1L, B0H4SJTYM1, B0HD149WBG, B0HB4Z63KX, B0H6F8J14X, B0H6FB11KQ, B0H744LT2T, B0H2LT1KML, B0H1CWJY12, B0HBWXV1QL, B0H73T2N91, B0H8DJ8LY3, B0HCZYZ2QG, B0H3BDPG7Y, B0H3P6BS7F, B0H73Z3BY3, B0H4V68KDV, B0H4TY4TJN, B0H8D49DBJ, B0H6Q9R5HQ, B0H1CV8KFT, B0H73TW3TY, B0H1CRXGPD, B0H8DJJ5WX, B0H8DG4YS2, B0H8DKZ6JJ, B0H4V3VLD6, B0H4TVGZ4D, B0H6FD582W, B0H4SS47RQ, B0H4TYDRZY, B0HCZQF5S7, B0H73Z8Y9Q, B0H2VW622J, B0HB51Y24W, B0H7426G2J, B0H88C5935, B0H8DFND1W, B0H8DBNVFH, B0H2W81K1T, B0H2LYT4MP, B0H39KMSGL, B0H1CBWYM7, B0H87ZNMLG, B0H2LT2TYF, B0H1CG5DC1, B0H45P33Y8, B0H88B1W6K, B0H1CSJ46Q, B0HF7K2GMV, B0H6PVDXRR, B0H1CCM8SC, B0HCZTGW94, B0H1CF3HM1, B0H2W2TL4W, B0H1CL3C4D, B0H45P4TSC, B0H1CH3YNS, B0H73PBTH3, B0H73Z8GPL, B0H6Q44K2W, B0H8DBX3HX, B0H4TZZ5FN, B0H1CF79BL, B0H883JYJB, B0H45KX799, B0H9XQVHVF, B0H882DYYK, B0H2LTGXBK, B0H73HLVBQ, B0H35C6RJV, B0H45L96YB, B0H2W2LPTH, B0H1CTW1SS, B0HCZV7H4F, B0H1CJHF34, B0H2LVFYPH, B0H7RXPVR3, B0H1CJGG79, B0H73WBHMR, B0H6PTH9YB, B0HD119RGB, B0H6FJ3D34, B0H1CDY5N9, B0H3B3ZJ3N, B0H73XM7JL, B0H4SJN9ZF, B0H737BNGR, B0H73Z762P, B0H6Q2WW8G, B0H2LTLW31, B0H8DL21WZ, B0H8DH98BD, B0H45N5SFZ, B0H73ZFYM3, B0H4TXDJKC, B0H6Q62FVL, B0H1CDZ4GR, B0H4SD5N9B, B0H35P33DV, B0H4V1B8MN, B0H4V2KW23, B0H887B4TQ, B0H1CF1BCP, B0H73RLG9X, B0H2LWB23B, B0H6FHP2QF, B0H4V3LX53, B0H73MV1P2, B0H2LWQ82L, B0H2LYD3X6, B0H39K3SY4, B0HBWVVK5T, B0H2W4VVGB, B0H6JGJR36, B0H4TVDNL4, B0H2W6V4F2, B0H8D8L5HH, B0HB56YD7X, B0H2VZHXM1, B0H35JHG1P, B0H6Q31LFL, B0HCZW96JS, B0H6PYHZKH, B0H4SCTKKG, B0H6Q23J5X, B0H3BRKJS9, B0H6FKDSVT, B0H6FFP1ZK, B0HCZPLH5H, B0H4TXDJKY, B0H6PXM2J2, B0H4V1QG48, B0H8DB6P8C, B0H6PXN5LS, B0HCZWDRB5, B0HB518HZT, B0H38QX491, B0H6FGVFX2, B0HCZL5M4Z, B0H45NQNVS, B0H25QHKNC, B0H4SW8QMV, B0HCZRH9QT, B0H3PK2FB4, B0H741C5NY, B0H354S4YY, B0HCZLMJFC, B0HC344L66, B0H1CH3YND, B0H9XPJN6F, B0H7S1BCKN, B0H2LYTNF6, B0H881V618, B0H6Q4VZTT, B0H73YYPD7, B0H4V7MCPD, B0H6FHDX6B, B0H1CD7MYQ, B0H4SBXG5W, B0H45QLYC2, B0H2W6F9ZV, B0H1CKWKNM, B0H1CKV7JN, B0H8DBQLGS, B0H4V23CN8, B0H1CGJFZQ, B0H9XYRF17, B0HB4ZGYQZ, B0H741C5Q1, B0H88B47QM, B0H25RCSSM, B0H73NXCF7, B0HCZVFSSJ, B0H7S215HS, B0H6PWXZZW, B0H4TXT5ZL, B0H4SLCDPG, B0H6JQQBYR, B0H4SWFW54, B0H2W7TZYX, B0H73X2B96, B0H25PCYXR, B0H39PCHKB, B0H744QH6B, B0HBBLMQYL, B0HB4Z3HKT, B0H4SQQZCQ, B0H888FCSG, B0H6Q5VGQC, B0HB54HH3G, B0H4V6JR2Q, B0H6PZ68HC, B0H73Z8RPP, B0H7RRK18Q, B0H4TXGXDC, B0H73RL8DP, B0H6JP14ZZ, B0H6Q23TGZ, B0H25ZQJVN, B0H73YDJY7, B0H4SRR13N, B0H73V5BJT, B0H6Q467LT, B0HC3852KN, B0H1CKNTW3, B0H2LRZY6B, B0H74TSQW7, B0H9XN4TPB, B0H6Q1CM1G, B0H2LRDPFR, B0H4V3SYSW, B0H1CJTVD1, B0H3BGMMLB, B0HCZSJXBG, B0H73WGMWH, B0H1CG4RNP, B0H2M1MGQK, B0H9XQFYQG, B0H3PGD9Z8, B0H8D9XCN8, B0H73STFQM, B0H87RHHB9, B0H4TXZ911, B0H25NC4WV, B0H9XQZFPV, B0H2LR2KRD, B0H1CQQYRN, B0H743D589, B0H9XV5TPV, B0H4SHZKFL, B0H1CD9JBD, B0H1CDZ4SG, B0H1CDZ4SD, B0H2LT57HB, B0H8DJBLLR, B0H4V58SC3, B0H6PX5HW8, B0H743CC9N, B0H73ZJYTG, B0H73SJCFK, B0H73SC1XB, B0HBB4TD7R, B0H6Q44R25, B0H35H6514, B0H4V4WSCM, B0H1CFLL2Y, B0H8DCFYX6, B0H4SMXNFW, B0H2LPKCMN, B0H39P7BQP, B0H73ZKVJJ, B0H87S6W6Y, B0HD198ZTR, B0HCZJL6S9, B0H25WKM6X, B0HB54TDCF, B0H4TYN87Z, B0H73YZ22G, B0H2W48KX5, B0H32X7HC6, B0H6FN14S1, B0H2W27JQG, B0H1CQLYBY, B0H73SQS1B, B0H45QR2MN, B0H3P8RQXH, B0H6PZF3FB, B0H1CJQHN1, B0H6Q1QHZQ, B0H87THZSH, B0H4SFHLXV, B0H741Y3T1, B0H7432RKX, B0H6Q67F8V, B0H2W6GJ23, B0H73ZD1QV, B0H4SBHCW1, B0H38SG7T6, B0H4SGNVWS, B0H2LWP29D, B0H3B6CJ2J, B0H4V8C857, B0H39SF1JR, B0H2W2YTF2, B0H1CGDJKT, B0H6FBWG12, B0H9XMFVVB, B0H38P3S9Z, B0H73WKBRN, B0HB52XY7G, B0H73WSHFM, B0H4SJR2PH, B0H8DD1D49, B0H73H4SVG, B0H38HRKDS, B0H6Q4CYPH, B0H4SRMH98, B0H4TY9LC4, B0H6PX4VY4, B0HB5719L6, B0HB54KNMH, B0HF7G4D6T, B0H25N744R, B0H73T1MM7, B0H2LWP29Z, B0H4SS1YQ6, B0H73NZKZJ, B0H73P3Z23, B0HBWXLKJS, B0H2LXZJP3, B0H73WRVFQ, B0H2LZXMBL, B0H73VWRM4, B0H7434TJY, B0H73WSHHP, B0H73NZKZB, B0H35W9W2P, B0H4TXYYYD, B0H2LSMHHD, B0H741RSJT, B0H2LRDCTY, B0H3BCVSBX, B0HCZDZH8G, B0H73V2WL4, B0H743GMHB, B0HF7BZ51S, B0HD11Z6K8, B0H87YL58B, B0H1CQMXCG, B0H4MBCZ18, B0H25JN73F, B0H6PVY1KQ, B0H6Q1QQXH, B0H4TYGYV1, B0H38VV9MC, B0H73VQYSL, B0H73Z78RJ, B0H6FJGBWF, B0H73TVX8Y, B0H6PXQVTT, B0H6PXVYKM, B0HC34VQLJ, B0H8D6WDL5, B0H3B8HV26, B0H2W4BYRV, B0H2LT9HFF, B0HCZQ23N9, B0H38C8ZCG, B0H2W6BWXF, B0H1CJS9GV, B0H7RV8RKN, B0H4V4BMLT, B0H1CKLNG6, B0H73T324T, B0H6FHKDGS, B0H38JVXCN, B0H2M3V19P, B0H6Q4Z6TL, B0H1CHN8KJ, B0H73JY5NJ, B0H4V9S8CZ, B0H2M35JKZ, B0H2LZYB4F, B0H35NXZJ1, B0H6PVCC39, B0HB53BVQG, B0H1CDP5J5, B0H39T6627, B0H25P8LLS, B0HCZVY674, B0H3BCL8HF, B0H741G5S7, B0H3PJPF3P, B0H2LSSKYN, B0H1CGTYY2, B0HCZLX5LS, B0H4SKZGBV, B0HB55WST4, B0H6F8XWMF, B0H1CDW66Y, B0H73Y6YT7, B0HCZSFP7J, B0H2W4KLYF, B0H73YCB8P, B0H6FF8QT6, B0H6JRR2HY, B0HBB9PXL6, B0HF7BRDBY, B0H4SYDZ42, B0HF7BRDCP, B0H73ZP39F, B0H6JPCTX2, B0H73TYVQ9, B0H2LT4CPG, B0H6JKPR5L, B0H4V3B41S, B0H25VGG25, B0H1CHNGDN, B0H4V3B41T, B0H8D8RNS7, B0H45PVVKK, B0H6JKPR5R, B0H1CDBCW3, B0H4V86X34, B0H8DJPLT7, B0H39NLTPV, B0H73XTGLZ, B0H331QG4T, B0H6JJDPRB, B0HCZN21BT, B0H1CJL94T, B0H8DDD3SC, B0H2LY9YZ5, B0H4SR8BSM, B0H73X7BZW, B0H2LSKWN9, B0H73ZHMFF, B0H73XT8QG, B0H8DNXNQM, B0HC35FWNV, B0H331P2LR, B0H4TW2TGF, B0H3BM21PS, B0H6PZVYWS, B0HF7KDBK2, B0H2LSFVZK, B0H2LYZ867, B0H4V6J5K3, B0H8DFPNM5, B0HB4VLKFP, B0H4V5MSYK, B0H73VRKVV, B0H1CHQ361, B0H2LQQTNM, B0H87W77X1, B0H2LRHH35, B0H6JGFGRT, B0H6FKV43V, B0H7425G22, B0H4V2PGLJ, B0H4SHC6Y3, B0H1CHF4YK, B0H1CM5P47, B0H2LTDJK2, B0H4VCDNZL, B0H3B647DK, B0HF4Y3YSR, B0H45RZMRW, B0H45QRRPY, B0H4SWD7KY, B0HD1FQRCG, B0H741DPTN, B0HCZLQM49, B0HB4WXPT4, B0H3B3X1KT, B0H25VL412, B0H1CFV49D, B0H4V9S218, B0H45YWJCK, B0H3BG358R, B0H6Q52RP8, B0H6Q5QNKP, B0H3BNWGR8, B0H2W4HH67, B0H8D5S1VN, B0H4V5JJJN, B0H6Q1K9BF, B0H73YYWNH, B0H4V1HGY4, B0HCZN5PKF, B0H3P8D8BX, B0H74344W1, B0H35F9RLD, B0H4TWZ3QJ, B0H39MJN2T, B0H9XZ64QQ, B0H4SV4LG5, B0H6JVCLH1, B0H4SV4LG3, B0H884GMF6, B0H744V23T, B0H45PKCRG, B0H45KDV6L, B0H882WP13, B0H25ZHGVQ, B0H6JGMFXZ, B0HC3652QD, B0H2VX7692, B0H1CH2YXT, B0H6Q1NMC3, B0H744VC1M, B0H1CFKZBD, B0H3PG16XC, B0H2W4X5CH, B0H6FMQPWQ, B0H1CGN12B, B0H45S1FNR, B0H73PPBXW, B0H4V7DKF3, B0H45HPZJ8, B0HCZYHM92, B0H4STTBJX, B0H9XRJSPG, B0H1CW2849, B0H39NSJ5J, B0H4V91TXF, B0H87SVJW3, B0HF7HGBS5, B0H6Q1CHTN, B0H2LYP45S, B0H39TNCL6, B0H2LXSL7L, B0H4SRPC41, B0H8D82RBM, B0H9XLYL4V, B0H6PZ38WQ, B0H25KCQR6, B0H2LSG9GH, B0H6JMB2SR, B0H7RX17PT, B0H6Q2MW8Q, B0HCZYM3V8, B0H45RZY3N, B0H73Z9CDK, B0H2LPQ5WV, B0H2VZ43C6, B0H4V4YY1S, B0H4V484LB, B0H2LTKVTK, B0H2LR45S1, B0HCZVGKHH, B0HCZR37NS, B0H2W4NKH8, B0HB4Y7G1J, B0H1CN9TL2, B0H8DBHZC9, B0HCZSDRW2, B0H2WCV9RQ, B0HC34DKPD, B0H45NKVKP, B0H25M55JQ, B0H73SZBJ8, B0H4SRY1WT, B0H6JM9VS8, B0H1CCFLMW, B0H45SK5K2, B0H87ZMMS7, B0H882PJTH, B0H74373R6, B0HBBFKTWB, B0H39WZN4D, B0H87MFSW1, B0H4SLSQBT, B0H7418MZK, B0H2W37HDP, B0H1CJ9BTY, B0H4TXPYFP, B0H4S8SJJS, B0H45Z1GJT, B0HCZM8B8T, B0HCZL2BFX, B0H4SJNGSF, B0H4SJNGSC, B0H73Z3YNR, B0H4V5895J, B0H45K2V2F, B0H4V5895H, B0H744NJBF, B0H39Z1YCV, B0HCZPL62T, B0H743FM9X, B0H4TXPYFJ, B0H3B4JLW8, B0H25L16B4, B0H3B3VP7B, B0H6Q614C2, B0H4VC71V9, B0H1CQLY9F, B0H8D7VNVN, B0H9XJ5DS5, B0H6Q5B1FT, B0H2LT7GZW, B0H2W354YZ, B0HCZG1TFB, B0H4V58958, B0H6PXWH6S, B0H6FG4245, B0H7423QYF, B0H6Q4GBSV, B0HCZRSN8L, B0H4SFBHDB, B0H32Y7TDJ, B0H6FMW8SY, B0H1CQ31V4, B0H6Q9RMS9, B0H1CJZMJD, B0H73WDRCD, B0H4V2VWMM, B0H45WLZTT, B0H744TN5Z, B0H4TX1B6W, B0H4SPLN2S, B0H1CH7R37, B0H2VZGZR5, B0H73VSHZQ, B0H2LYF188, B0H8D7V9Q3, B0H4SWBMJ2, B0H4V1C23D, B0H4SVL56R, B0H3PN74YG, B0H6PYF9SH, B0H6JSRN8W, B0H4V67V6Y, B0HCZQD8X6, B0H6PXPKTP, B0H1CDNQX2, B0H2643TFM, B0HB4ZGTB7, B0HCZJMBP4, B0H8D775CX, B0H4S8RGH9, B0HB56NSZN, B0H4SQR446, B0HD11YNHY, B0H45QQVMR, B0H6FPHQ7R, B0H25SW18S, B0H73V1LMM, B0H8D8DCWM, B0H4V3ZD8W, B0H1CN5XZM, B0H4M7H7QT, B0H742DHWM, B0H73QNF46, B0H4V6BYW6, B0H6JKDNB1, B0H35C1TTP, B0H6FC3VVH, B0H8DFYK84, B0H39FW9NY, B0HF7DN3H1, B0H6PZF5ST, B0H3P9MH2N, B0HF52Z7RF, B0HB5D6BT4, B0H73N87R6, B0H4V3D16Z, B0H6FQ2LVD, B0HCZTDPNH, B0HCZP6QKX, B0H4TVP155, B0H3BP2BL3, B0H1CQDWRS, B0H1CK6HL2, B0H1CM8NW9, B0H45XXYT7, B0H73X85NH, B0H6FG6FZ4, B0H73QNF6M, B0H3P94MG4, B0H35GMTR5, B0H2VZTT9K, B0H4SLYVT8, B0H4SHX7L4, B0H1CG8ZYF, B0H6JJDZWN, B0H8D69CRW, B0H73Y41WQ, B0H87ZLFPK, B0H4TYKF8M, B0H2W7CN2G, B0H6Q5SNFR, B0H73XJZB4, B0H8DHW8BJ, B0H8DJ3BHT, B0H2W78KMS, B0H4SGLKSC, B0H8D6X4XG, B0HCZP1NTH, B0H9XVHJDH, B0H6FG87HK, B0H8DDYZGM, B0H8D9FM4Z, B0H73ZNZHC, B0H8D6FRRR, B0H7434FJP, B0HCZS8PGJ, B0H3BZ8BH9, B0H6Q2HF9M, B0H2W3M94H, B0H8DJ9DVF, B0H7432X38, B0H8DDJTHY, B0H6PZTCXV, B0H744Z3Z3, B0H4TSGH21, B0H6FP84KG, B0H3BRBQCJ, B0H4V22GLY, B0H6Q3SJFJ, B0H73VJ69T, B0H4V4HH7G, B0H6PYX91P, B0H1CQ2MXC, B0H45RWMYD, B0H73MLHP2, B0H9XR37MS, B0HB57MZ4X, B0H4V6K65D, B0H4V64PMV, B0H6F8N9FR, B0H4TXYKZP, B0HB4TGF1N, B0H6Q7PPNF, B0H87ZTRV6, B0H73P7MGY, B0H87WN5CG, B0H4V3DB4R, B0H73P7MJ8, B0H4TXJTX5, B0H87YCSF4, B0H744RW73, B0H45LH6B2, B0H73ZFNJ1, B0H2LP1N18, B0H2LV2HZ9, B0H73S8HKC, B0H7431VX4, B0H3PG9CPF, B0H39LWNT3, B0H4SPBSDP, B0H4SK1P1F, B0H73PD1LT, B0HB4VNKW5, B0H8DBPSPB, B0HB529LYY, B0H4V2Q8R1, B0H4SWF48T, B0H7RYRBSJ, B0H8DCBLQ3, B0H3PDTCTJ, B0H35RTSG4, B0H39PJR4L, B0H743JBD5, B0H741YF7N, B0H6FJZH6K, B0H3BMF3B9, B0H4V7KHYZ, B0H25VFC1T, B0H1CR35MW, B0H4V6WJ4Y, B0H4V3Y5YF, B0H87W6QF8, B0H2VZHTWL, B0H2LXLSLG, B0H73Y19W4, B0H4TYBMJB, B0H6Q5XG2L, B0H6JNJDP6, B0H1CT367B, B0H3B88V3J, B0H6JXSPQ7, B0H6PW6JY6, B0H73ZR1HZ, B0H73N25VY, B0H4TXYVSJ, B0H3PJKFGX, B0H2W6HL42, B0H3P58PZJ, B0H1CM3BFC, B0H25VJBDS, B0HCZS35YK, B0HF5155CC, B0H73XBLP3, B0H2M1852Y, B0H6Q66JPQ, B0HD11W2LB, B0H6FHHSM4, B0H38M257C, B0H6FDWCP4, B0H6Q1C6M8, B0HCZH6DM9, B0H4SCVCCR, B0H73LJYMB, B0H73T63PP, B0H4TXF7R7, B0H6Q64QD1, B0HB52VYYG, B0HC3DFT9L, B0H9XPKVRB, B0H6JPRK47, B0H45K2GFD, B0H6Q2PZRL, B0H1CJ8827, B0H1CXQDNF, B0H45JLFSX, B0HB56V5TW, B0H8DJJYCK, B0H3P82KVQ, B0H744V51Q, B0H4SJTBF2, B0H3B886CF, B0H25RPR5Z, B0H1CH1S63, B0H4VCL7SH, B0H1CTVFTZ, B0H6PWZWXS, B0H1CG2HVG, B0H87VZ8FT, B0H73N25T2, B0H25TWF13, B0HB4YMKLY, B0HB4WJWDK, B0H6PRY989, B0H73X3QGV, B0H4V7MYMJ, B0H9XTN67X, B0H4V1WG1B, B0H6F9TNKX, B0H8DC9W1Q, B0H6FBNCP3, B0H7S48DFW, B0H1CLWR18, B0H73X3QH8, B0H6Q4SYNG, B0H73X3QHC, B0H4TSCPCW, B0H8DLWWB3, B0H8DGSD5N, B0H1CHPQ87, B0H87T56L3, B0H73Z62J5, B0H4V4C1TD, B0H73X4KZX, B0H6FBNCNQ, B0H4SJ6TDM, B0H45KR3B1, B0HCZHDDWQ, B0H1CLWC4V, B0H9XRGYM5, B0H2LTJ89F, B0H9XP3JCQ, B0H4V1WK83, B0H45SB9ZD, B0H6FH2DTS, B0H35DXMHQ, B0H45KK4S3, B0HC33NDKD, B0H4V21BBS, B0H6PZCYRG, B0HC3894X2, B0H25S71HQ, B0H743GQ2Y, B0H4TYCS8X, B0H8DL9G84, B0H884T2F6, B0H2LW6SNT, B0H87LR5YJ, B0H1CFFDSX, B0H2LVRNMV, B0H8DFJKZR, B0H8D64TPX, B0H73Z55M2, B0H4M18NCT, B0HD125T1H, B0H9XWFQ74, B0H8DFXNQT, B0H6FDX5W8, B0HF4R64JZ, B0H6FNDVW9, B0H2LZGWQ1, B0H2M34FL9, B0H25WD22L, B0H73QL7P1, B0H8D3VLTP, B0H45R95F5, B0HC2Z18FG, B0H2W11PG3, B0H3PCPLBW, B0H6FLBRQ8, B0H1CJJ683, B0H87WW5RJ, B0H4TXSYT8, B0H73TY82V, B0HB4RPN24, B0HC31WFLY, B0H8DHT43M, B0H883M6B6, B0H9XZ5SWN, B0H1CGYLKS, B0H73PGF84, B0H4M3BC8Z, B0H6JQCT77, B0H261S4QZ, B0HBWTRMGC, B0H741RPJB, B0H73PF471]",amzn1.campaign.2Y66XFNLF3FIC,Top Home Decor | Erosebridal 100K+ Styles | 15% Commission 63,Erosebridal,2026-09-04,2027-09-04,15.00%,10000.0,10000.0,134,800,false
"[B0DY7H4RR9, B0DY7JNTBH, B0DY7FTB19, B0FQHR9PKC, B0DY7KXL32, B0DY7DQ657, B0D9LSDNJZ]",amzn1.campaign.DHKOPIOGRFSR,Flush Mount LED Ceiling Light Recommendation with 10% Commission+Free Sample,zouzai,2026-09-04,2026-10-04,10.00%,10000.0,9961.3,125,800,false
"[B0FN7P1XSP, B0FN7MBMJN, B0FDGGJ2BH, B0FDGFF9L8, B0FDGDR3KG, B0FDGJYD2G, B0FDGDX34R, B0FDGN7XHN, B0FN7LH8GB, B0FDGF5434, B0FDGG3CXN, B0FN7KGWZC, B0FN7L25MF, B0G58QJ26K, B0FDGJK897, B0FN7M5BB5, B0FN7LG5G2, B0G58QWT82, B0G58PSQH1, B0FN7KF7T6, B0FDGFSPMF, B0FN7L8257, B0FN7P68WD, B0FDGGTF2N, B0FN7LNMV1, B0FDGFJ1SQ, B0FDGFXM4D, B0FN7LK298, B0FN7K9DWQ, B0FN7Q3S9M, B0G58NJ74T, B0FDGGLHVD, B0FDGH5HFB, B0FDGJRGBR, B0FDGGPXN3, B0FDGGBS11, B0FDGDPK2H, B0FN7NXSCY, B0FDGGFZSL, B0FN7R8Q6N, B0FN7KJ3XJ, B0FN7NX2X9, B0FN7L2QCP, B0FN7LD2XH, B0FN7KQ6FJ, B0G58TDB5B, B0FDGFFKDH, B0FDGFK2PT, B0FDGGT5T6, B0FN7KHJLB, B0FDGK7N4J, B0G58SLTZS]",amzn1.campaign.MJZF4ZVQ8MSI,Grace Karin Girls Party Dresses | 10% Commission-CL0154A25,GRACE KARIN,2026-09-04,2027-04-30,10.00%,10000.0,10000.0,93,800,false
"[B0CFHRMV2V, B0CFHMSS72, B0CF443DDC, B0CFHQP1MK, B0CFHPDV9J, B0CX9BFW7P, B0CJLM3CL2, B0CFHR1J9X, B0CX97Q6W8]",amzn1.campaign.3BIU3XQXMM3XV,Jar - Sep - C2,Staze,2026-09-04,2027-09-02,15.00%,10000.0,10000.0,154,800,false
"[B0FYLC1TYX, B0FYLFHLWC, B0FYL86Q3X, B0FYLCJPGS, B0FYLCSVV5, B0FYL63X66, B0FYL99DJN, B0FYL8TD9T, B0FYLC5V4G, B0FYL8X7M9, B0FH4B9861, B0FYLD8N4W, B0FYL5LGYX, B0FYL6BHS6, B0FYL6BHS8, B0FYLFPCJM, B0FYLCTQFZ, B0FYL9HBFR, B0FH4FTT3H, B0FYLD2NJ9, B0FYLDBJRY, B0FYLDMFW9, B0FYL75PCZ, B0FYLCB7MQ, B0FYLBDY2G, B0FYLDX73F, B0FYL8CZ8G, B0FYLG7QH7, B0FYLD3LCP, B0FYLC6LG9, B0FYL8XJCS, B0FYL8X329, B0FYLFPKKH, B0FYLG66C7, B0FYLC159X, B0FYLBX5S7, B0FYLGNK11, B0FYLG8MFH, B0FYL9B1PQ, B0FYLFHPTT, B0FYL8FLVB, B0FYLFD7GL, B0FYLC5NBQ, B0FYL9B6F2, B0FYLCSKY4, B0FYLFJVX7, B0FYLBX4YZ, B0FH4C58PR, B0FYLFCYVX, B0FYLDSL9P]",amzn1.campaign.DXWB4AQZ6S8C,Women's Low Chunky Block Heels Pointed Toe Rhinestone Comfortable Pumps,DssXUxx,2026-09-05,2026-12-01,10.00%,5000.0,5000.0,151,800,false
"[B0G3WWLVBW, B0H1GRD347, B0G3WWQDMX, B0G3WRY9NN, B0G3WSJTX4, B0G3WWLGCL, B0G3WTPT3S, B0G3WSLH1M, B0G3WW98R9, B0G3WWNJC6, B0G3WW3X75, B0G3WVTZ63, B0G3WRGT6P, B0G3WVJ5BX, B0G3WWS9YG, B0G3WRJN5C, B0G3WXL7G2, B0G3WW3GH1, B0G3WST9SP, B0G3WWQ2F1, B0G3WV47GM, B0G3WVTCDL, B0G3WRF28G, B0G3WWFWGG]",amzn1.campaign.1AHYBUZICYXCJ,Earn 15% Commission! Promoting VONMELLI Leather Belts for Women Trendy 9304,VONMELLI,2026-09-04,2026-10-12,15.00%,5000.0,4994.69,130,800,false
"[B07BKNQRC3, B08K2XHYL4, B075NC2VTG, B08HLJXQSY, B08J6KLNWQ, B075SYB3NF, B07YV53G6P, B08HLG1W93, B016NQV7RO, B08HHVTMTC, B08K2L6SB1, B016NQV7TM, B07YV4H72J, B016NQV7MO, B08KRTH13B]",amzn1.campaign.BHRML18GY7J4,"15%Commission, 10%Off Discount Tummy Control Fleece Lined Leggings-26-9.3-02",Tagoo,2026-09-04,2026-10-05,15.00%,5000.0,5000.0,143,800,false
"[B0GQS3N6FG, B0GQS2GRTS, B0GQS5FS87, B0GQSJYD6L, B0GQRSTN49]",amzn1.campaign.3L7ECN633GYXF,红色破洞牛仔裤+9.2,Arkordi,2026-09-04,2027-01-16,14.00%,5000.0,5000.0,167,800,false
"[B0HGM8M17M, B0HGM8BH23, B0HGM8CDQ3, B0HGLW4YBF, B0HGLXXYV6]",amzn1.campaign.1GCKF030X63ZH,"200W Foldable Solar Panel for Camping, RV & Off-Grid Adventures",PFCTART,2026-09-04,2026-12-31,10.00%,5000.0,5000.0,127,800,false
"[B0H845DJHG, B0H84GKR8V, B0H8453J3H]",amzn1.campaign.1FVT4V39K3NQT,Strlink mini mount,golmotas,2026-09-04,2027-09-04,30.00%,100000.0,99984.62,121,800,false
"[B0H7WVXYB9, B0H7X6V3ZG]",amzn1.campaign.1W6OZ2YVLVY0F,👴 All-in-One Granny Kit – 100th Day & Halloween Ready,Wehhbtye,2026-09-04,2026-11-30,15.00%,5000.0,4994.3,116,800,false
"[B0CFHRMV2V, B0CFHMSS72, B0CF443DDC, B0CFHQP1MK, B0CFHPDV9J, B0CX9BFW7P, B0CJLM3CL2, B0CFHR1J9X, B0CX97Q6W8]",amzn1.campaign.1C83P4H3ZMN2F,Jar - Sep - C2,Staze,2026-09-04,2027-09-03,15.00%,10000.0,10000.0,149,800,false
"[B0H8PD1H2R, B0H8P29JZ3]",amzn1.campaign.D2OU4JFDY8OF,4K QD-OLED 240Hz Gaming Monitor: Newly Launched Collection + 10% Commission,Deco Gear,2026-09-07,2026-10-07,10.00%,5000.0,5000.0,121,800,false
[B0FH7BBPHF],amzn1.campaign.29JA9P9ODTS28,Top Selling Heavy Duty Door Stopper - B0FH7BBPHF - Creator Connection,STRONGEST HOME,2026-09-04,2026-12-04,15.00%,100000.0,100000.0,84,800,false
[B0H76VV17C],amzn1.campaign.37Z7D3PU5KQ0S,The Freeman Codex,HUNGRY MINDS,2026-09-04,2027-09-04,20.00%,500000.0,500000.0,124,800,false
[B0H6HW78ZB],amzn1.campaign.3GJ935ZDUURP0,American Mahjong Set Creator Campaign,Geofitras,2026-09-04,2027-02-28,10.00%,100000.0,100000.0,124,800,false
"[B0H35JGQ14, B0H25KG518, B0GVHPG4M2, B0H25K65D6, B0GV35337T, B0GVHRGCSD, B0GVHMW99L, B0GYRQ8NNQ, B0H1HQ6CRB, B0GZKJHLLY, B0H2GR9SQL, B0HGXC2RJG, B0GVHP6Q87, B0GXZ3QJR9, B0GT5F9Y2Z, B0GZK935RD, B0H2GNP6C3, B0GVHRCFDK, B0GVQLF9V3, B0GYCRRPHZ, B0GTLBHSQ1, B0GYCZZCZ2, B0HGX7MZ5B, B0GXYZF2FW, B0H2GSF1L5, B0H4R6K1WD, B0GV2NMQM7, B0H2ZD66FP, B0GT532QDL, B0GXZ8RRSM, B0GVJ35TTG, B0GT5743SL, B0H25W55ZD, B0H2Z4Z335, B0H25QN22L, B0GYZFSGDB, B0GT5M6F6S, B0GT5M6F6T, B0GYCTPQ64, B0H1HMTZ1V, B0GXZ4K3XT, B0GY5291Q8, B0HGX9B1K4, B0H25MXTD6, B0GQGJJKJD, B0GVHS5H7G, B0H4R6853Y, B0H1CGVM1L, B0GV2XNQTF, B0H2ZB8DRL, B0H1HLKJJN, B0GXYY4C7Z, B0GYS78SRB, B0GTLC1Q65, B0GVHPHLV2, B0H1HJFXML, B0H2G95H58, B0GYCTXGL4, B0H2GHHQSX, B0H4M54WVK, B0H6JR5H1F, B0GV2ZCP7Y, B0H2GJCBSB, B0GVQ7M4WC, B0GZK24JW2, B0GQGB6F5G, B0GXZ5XP4N, B0H337CXJD, B0GVHPWTXK, B0GXZ1JPDT, B0GV38G7NB, B0GV2VH8HH, B0H2GHN7T5, B0GQGJFGTP, B0GQGDXR94, B0H35R5455, B0GYRHQ2JP, B0H1CNFZ39, B0GV2CXXDB, B0GYS2CD76, B0GXZ3XHT3, B0H1HJJQW3, B0GYCST31N, B0H2GQMDQL, B0GVHNHQ5Z, B0H6JJVWQT, B0GZK8Q2TW, B0H1CWDRY8, B0GVHQH66S, B0H4QYKD2C, B0GXYVJFTK, B0H6JDL9T8, B0GQG9WHRJ, B0GVHLBM56, B0GVXY6959, B0H2G99RCJ, B0GXYTM1NS, B0GVHTWQJQ, B0GZKC76PK, B0GV397TYL, B0GYS547TP, B0H6JSFZJ5, B0H2GMFS1V, B0H331KGM7, B0GVHMMJS6, B0GYR7DVJ3, B0GVHYN6DZ, B0GYRQYVWP, B0GV2PSHT7, B0GXZ86DPG, B0H32V1SW9, B0H25S3V74, B0H38XX16H, B0GYCTZN5S, B0H1H46H48, B0H38TYWQH, B0GQGMNZJ2, B0GYRXVK2W, B0H2Z3YSN2, B0GXZ4BHWV, B0GZKD39D3, B0H2ZBFY64, B0GVHMBSG3, B0H4R235S2, B0GVHMN2B2, B0GQGJ8V7V, B0GQGHLLX2, B0H337CMHF, B0H2GQ457X, B0GYCVKLNP, B0H6JHHD1G, B0H2GN9S79, B0GVQ61FDL, B0H2GNHW31, B0H25S8T5J, B0GT5GKGWB, B0GQGFB1WN, B0GVHXLJ3S, B0GVQ61FDB, B0GXZ7SFLM, B0H2GHBZPB, B0GQGD6CTR, B0GVHRVGVC, B0GQGDT1XT, B0GQGBDFXQ, B0GQGWCFYG, B0GT5NMWPK, B0H35HG6JS, B0H25WMSGX, B0H38YLP5D, B0H1CGTLLD, B0GY4WTSBG, B0H1HC2RVJ, B0GYWJMMRC, B0H35K8M16, B0GZK4N9LF, B0H1HX1WMX, B0HGX1MZQD, B0GVY195YV, B0GY4Z4N74, B0H4RB9LPR, B0GY4N2HK8, B0H1CG72P7, B0GV2HDZTD, B0H2Z6GP57, B0GXZ3J7FD, B0GYCQTXX6, B0GVHTL24N, B0H4LSGTZR, B0GVHTL24M, B0GVHTL24L, B0H2Z55QGX, B0GVQQ5J5B, B0H2GGYRVH, B0GXZ3J7FR, B0H25VSTRJ, B0H2GH54JB, B0H4R3PXQN, B0GQGTTN55, B0GZK88DTM, B0H4QX32HH, B0H3954V1S, B0H25VN6DK, B0H4QXXN1Y, B0GZKJWB2Z, B0GY4K585V, B0GVQBZVRL, B0H333CMCZ, B0H6JJ1XHN, B0GXYQPGPC, B0H1J412VF, B0GQGQ3C66, B0GYD12SNN, B0GVHW48S7, B0GXYW2412, B0GV33BH7M, B0HGXB1DT2, B0H35JMC7R, B0H25YLPJ2, B0GVHRBPG8, B0H2Z4W8GT, B0GQGTN77Y, B0GXYTVR6N, B0H25QPBFV, B0H6JVMWB2, B0H1HQ6RT3, B0H6JKN52S, B0H35KC7BT, B0GXZ51RL2, B0GZK4NHNZ, B0GXZ19FJQ, B0GVJ2R6PM, B0H35N3S5Z, B0HGWV58CM, B0H4R273GQ, B0GT5LGX76, B0H35HY2KG, B0GXZ4Z7Y4, B0H4M82XW1, B0GZKH4Q48, B0GXZ4D1MG, B0H2GFPVZ1, B0GY5116VB, B0H1HM5G6T, B0H2622VHM, B0H2GD5KLZ, B0GZKCGLCG, B0GY529QS2, B0H2GLK4ZJ, B0GVHK5RZX, B0GVHTJN37, B0GYCBZJXK, B0GXZ1V5RG, B0H25WTR2L, B0H3314X9G, B0GYWQNW4D, B0GQGCYGWP, B0GZK8RJVC, B0H25NKH9N, B0H25PCYXT, B0H2ZD5LPL, B0GYCQPNSH, B0GVQS8QG5, B0GVHTP88M, B0H25VMHQ3, B0HGY28G66, B0GZKGP6K2, B0GVHXQHD6, B0GYD32P45, B0GXZ1HCXB, B0GYCN11KY, B0GXZ162MT, B0GY4RYNRN, B0GVHVG1LF, B0GVHJV2WH, B0GYWCLXL5, B0GV2HKCM2, B0GVHJNFVG, B0H1CD4WV9, B0GVHRS8HT, B0H25ZDDPW, B0H25QYG8D, B0H2Z8F5DJ, B0H25P4SZZ, B0GYCV68FJ, B0HGX47BH5, B0HF4YHB76, B0GQGNX165, B0GV2ZD8ZV, B0H2GLSYF1, B0H25SPLXD, B0H25SPLX9, B0GQGFGSC9, B0HGX1RY9G, B0GVHVS55F, B0H1HJFC2D, B0H2G9LXCV, B0GXYWF3JR, B0GVHQ4JCL, B0GT537TLR, B0H2GP1XYG, B0GV3654H6, B0H35G48ZX, B0H2625F2V, B0GVHY6TTS, B0GYWSZ3XX, B0H1HMVGY7, B0H25NC4WX, B0H2Z56Y9D, B0H2Z8DBRP, B0H25RM2GQ, B0H25QRS73, B0GV2V7J15, B0H261X8L9, B0H1CQPZX1, B0H25SC3KG, B0HGWRGBWM, B0H2GP1H8B, B0H6JR4NVR, B0H1CMMXJ5, B0GZK66SFK, B0GVHKLSSV, B0H2GKM5JH, B0GQG7T2X7, B0GVHQG5DQ, B0GYS5NCT3, B0GXZ9ZDWF, B0H2ZDBT1J, B0GVHMQF2T, B0H2GQYWCR, B0GYWK8TZ4, B0GYYPN8L7, B0HGWRCL82, B0H32Y9B3S, B0GVHDDX64, B0GYCT2DG3, B0H1CCHVGV, B0HGWRCL83, B0HF535RJP, B0GT579LFR, B0GXZ55Z8V, B0H35HL55N, B0GV38WZ5V, B0GZKN9GTS, B0GVHQ6ZZR, B0GT5BKY8D, B0GV38WZ5Y, B0H25X7G16, B0H2GH7PYS, B0HGX9TVV4, B0H4R4SQB2, B0GV2LYT99, B0H1H59TBH, B0HGX6NVZ8, B0H25Q85LV, B0GVJ1B8XH, B0GYCTSYSL, B0GXZ1XD2V, B0GQGQ63C5, B0H4M8MFKY, B0GQGWG2QR, B0GZK6CLWG, B0GVHMLBY2, B0GVQZ1DSH, B0H39337KR, B0GXZ24L2N, B0GYWMJCS8, B0GVJ28WVG, B0GVQ6RX8Q, B0GXYYPB86, B0GXZBPC37, B0GYCR2HJD, B0GYCY5PJ4, B0GXYYPB82, B0GT55HRCN, B0H331Q5J5, B0H2GJFRYJ, B0H25W5DM5, B0GYWLDJNP, B0GV37CPYH, B0H6JLDB8S, B0GV2WB6HR, B0GYCR1VKS, B0H1CKPRFM, B0GYWDRG3D, B0GZK7NSGR, B0H1HS4521, B0H1HF3RQH, B0H331ZDJ2, B0H25NZ7TL, B0GYWJRTCS, B0GXZ1BLC7, B0GVJ2RBB7, B0H38XJS2F, B0GVHL13GN, B0HF4WRBKG, B0GYCPXYTJ, B0H333FG36, B0H1CKNGY6, B0GVHMYT36, B0GY4X2XXD, B0H2GKHTY2, B0H35GKG4V, B0GZKFTQZF, B0H1HLL44J, B0H1HWPCWT, B0H2GKXLQC, B0GT596D16, B0H4ZH3QZN, B0GXYYLJFK, B0H392MGLW, B0GZK76DFZ, B0GQGXN9RW, B0GV2NWPD8, B0H38T6QQL, B0GY4WCCFS, B0H1HLB4RQ, B0GZK2NRFG, B0GT5HRV58, B0GYCRNLBN, B0GQGPBR27, B0H25X48PL, B0H25P8HC2, B0GT5JCL4W, B0GYCKCN9Q, B0GY4Q778N, B0GV36NWJL, B0GVHQKLNK, B0H1HL8SKG, B0GT5HX9GS, B0GT5HX9GR, B0GZK9Z8KW, B0GVHNHZQN, B0H4QTNSC3, B0H2GPFFNX, B0H331S82Q, B0GVHNSTDP, B0GYCSC4XK, B0H6JRQV7X, B0GV2V7PH1, B0H25Z29D8, B0GY51V6XT, B0GVHWW76S, B0GQGRHZ9C, B0HGWTSBCV, B0H332SZ8Z, B0GY4Y2Q9N, B0GVQBM2B9, B0H25XCT8K, B0GVJ18SH4, B0H331C397, B0GVHRS2HZ, B0H2Z945QG, B0H2GFSP25, B0H2GDCFG5, B0H1HHYLN9, B0H2Z4CH7R, B0GV31N2JD, B0H1CK9DN3, B0GVHJ4T35, B0GYWWBWBC, B0GQGH1K3Q, B0GVHT4CMQ, B0GVQRZBL5, B0GVHW3KK9, B0H4R68JWH, B0H1HMT194, B0GQGHPV2G, B0GXZ8PY38, B0GT5JYXQ4, B0GVHVV21W, B0H6JSTPBK, B0GXYW6358, B0GYWCTS75, B0GXZ4FB9N, B0GV29FTW2, B0H1HDJYM2, B0H2Z3VBJ8, B0GQGBN7HV, B0H1HLT7G3, B0GY53YSKF, B0GXZ68KWC, B0GXZ57Z9H, B0GVHN8QM9, B0H6JM1ZLB, B0H2GJR7YD, B0GVHLG7D5, B0H1GVJ1KN, B0GQGRNQ23, B0GVHN7TX1, B0H25M2QDT, B0H1CPFMCC, B0GVHK2BT9, B0H38VJY2B, B0GVHNFXRH, B0H4QP38JS, B0GV2YLSWH, B0GYCT63H1, B0GYS11DNQ, B0GQGJ6KRZ, B0H6JG6ZHY, B0GZK7L5MH, B0H2GNM9X4, B0H2GHH2B1, B0GZK66SF9, B0H2ZF6VVF, B0GQGDFBZC, B0GYWJ2163, B0GY522KKZ, B0GYWCYG2V, B0H3359N51, B0H261S7W8, B0GQGBLWL4, B0GQGFD71R, B0GXYPWR7X, B0H2GRS9TC, B0GXZ3P3YV, B0GQG737NL, B0GVHXN2QW, B0H4Z9XR9H, B0GZK6VGLV, B0GXZ16GFW, B0H25P1JBP, B0GZK81B8P, B0GT4ZV8C3, B0GVHMBPGW, B0GZK4XMKL, B0H25T3Q7W, B0H2GK145T, B0GVHJZQXZ, B0HGX7N9LN, B0H1HP5YSF, B0GVHS68RH, B0H25WZ6YQ, B0H38ZMWS3, B0GYCRG4N6, B0H25LS51W, B0GQGHFWFG, B0GVHJYNPJ, B0HGXLDPXR, B0GXZ4SL2X, B0H1HLW7B9, B0H1HCTS9Z, B0GVHGFBCF, B0H32YNYTL, B0H2ZDRD15, B0GVQBNJ3C, B0H2GDNC4X, B0H2GR5Q7Z, B0GVHVFFNC, B0GVHS6GS8, B0GVHVFFNH, B0GV3G16TY, B0GXZ6WZMK, B0GYCNW1KJ, B0GV2R6L5S, B0HGWP5BQW, B0GQGP9KX4, B0GQGF3YYZ, B0GVHPG7QH, B0GZK2DJLZ, B0GVHTQYHF, B0H3TLG746, B0GVHMMTN7, B0H25PL4YH, B0H6JW8D96, B0H4R1ZP41, B0GXYYMX4X, B0GQGBRHMQ, B0GV2WD3QZ, B0H1CFKZBF, B0GQGDTJSW, B0GXYY9FPS, B0GXYP6QFZ, B0H6JJGPPH, B0GT5KKL6W, B0HGWRXXB9, B0H1CMZRDZ, B0GVHMTLGK, B0H2GGPP5F, B0GY4XZV7G, B0GZK4LRMS, B0H4R12V5X, B0GQGDCP1Z, B0H1H3RQ1Q, B0GQGL3RJM, B0GQGM9R4R, B0GVHV5MR8, B0GXZ4K117, B0H1HN72D2, B0GYWPVGT3, B0H4R16LPY, B0GYRLWBB3, B0H6JVKZFK, B0GT539CX6, B0GVHZ358M, B0H394KSNV, B0H4QTVS1T, B0H25HZMVX, B0GT5B7JDV, B0GVHW3RFH, B0GXYYCF68, B0H6JSD9KV, B0GV3FQ1D2, B0GYRX7GF9, B0H6JJ8SDB, B0GYS2WR7D, B0GVHDDM5T, B0H2GK8PS7, B0GXZ6V3GL, B0GV3BQQ7W, B0GV3DDZ79, B0GY4SNT89, B0GQGBS6JG, B0GQGFDLPX, B0GYCY4HLB, B0GZK2FHFT, B0GV2CR1HD, B0GT5LVJ7F, B0GQGD3Z8K, B0GYCNDRJ3, B0H2GHQDBM, B0GYCW56BJ, B0GVHVWB55, B0H1HL391V, B0GVHW91QL, B0H4Z9MFL1, B0H25LYDXG, B0GZK7FWWS, B0GV2W4LND, B0GV3FQ1D7, B0GVHJ54DF, B0GV2J2R21, B0H25TWBF5, B0H332QNN7, B0GVHS6PHR, B0GVHHJRZS, B0GQG77FH6, B0GV2XGGP2, B0H333B3GH, B0GV32P3W5, B0GVHMY3C7, B0GYCSQ2WT, B0GY51D2JF, B0H25VHXFZ, B0GYCWMQN6, B0GVHN4MHB, B0H25RH5S2, B0GVHS91CV, B0H1HP98MS, B0GQGQ17HJ, B0GVQ8F9VR, B0H25RH5S9, B0GYCLVN72, B0GVHTD83T, B0GVHYVJ2S, B0GVHMJV3V, B0GXZ3KTPK, B0H392NN5C, B0GV33D7MC, B0H1HJVZJ2, B0GXYSP5WQ, B0GXYT24S5, B0GXYZ53QW, B0H32YT2N5, B0H4Z81P6N, B0H2Z848DL, B0GXZ8H8VZ, B0H2ZFXN3X, B0GV2Y9KTV, B0H2GD1BB2, B0GYW56QR9, B0GYCVHLW4, B0GT5FX5GR, B0H2GD5S7Q, B0HGWY164C, B0H32Z7VPM, B0GVHWS1JR, B0H6JRV45H, B0H35MKMDG, B0GVHWS1JN, B0GXYX59TP, B0GVHRNJ48, B0H2GY4FKS, B0GVHKNB3C, B0HGXC7ZRT, B0GQGQY7P1, B0H332PCGP, B0H35BRRG7, B0H2GH4XX9, B0H25YSTC5, B0H1CCHRG8, B0GVHQ515Q, B0GVHQ515P, B0GT5DF578, B0GVHL3PGG, B0GV2CY48D, B0H1HJQFS6, B0H3332M77, B0H4R3QTFW, B0GV38YB7S, B0GZKDVCB4, B0GYCW4DDL, B0H2GFJRB2, B0H32ZHV9L, B0GV38YB7T, B0H2GJ2CZM, B0GYWCWYR8, B0GY4SWKZZ, B0GXZ2P5MJ, B0H3TD1V7V, B0H336D3PL, B0H39C8CR5, B0H2GNLDCK, B0H35BD5Z8, B0GQGHJY59, B0GYYW7VDB, B0GQG78XMJ, B0GVHSMHYT, B0GVHN6QC5, B0H2GGNP8D, B0GXZ8DWCB, B0GXZ2JZDZ, B0H2GJ5ZCX, B0GQGLYH5L, B0GXYXNKQY, B0GQGHSB1W, B0H2Z4WHGY, B0GVHXJ65C, B0H2G9QLSR, B0H25LR245, B0H262VML7, B0GZK2MLQL, B0GVHQKDRH, B0GV357G82, B0GVHQKDRC, B0GVHWV4KL, B0GXZ4DTSC, B0GXYYMX4G, B0H25KCN46, B0GT5HLRT5, B0GV363MT5, B0H4LXWPXJ, B0GV2XPTYT, B0GVHQKDRM, B0GVHQKDRN, B0GZK8Q619, B0H1HLPPRT, B0GV2VG2J7, B0H25S1NDT, B0GY4N28MY, B0GVHMMQY5, B0GQGJ75T1, B0GXYS9LBK, B0GZKBD9BK, B0H2GR5772, B0GYWG5TXK, B0GYRZCYW9, B0GVHMMMQW, B0GYWMC5F3, B0GT55XBJT, B0GVJ2CKGY, B0GVQRYL6B, B0H4M41L22, B0H2GD5WF5, B0H1HL89MK, B0H2GK6JC2, B0GV38FG76, B0H6JQ5WXC, B0GVHYL866, B0GXZ3PK6N, B0HGX92W1F, B0GXZ1B95Y, B0H1HP5S6L, B0H6JMSKXF, B0GVHKLPT7, B0HGWTJ22W, B0GZK79JQW, B0GT5HNDDH, B0GVHZ6KGT, B0H2GDDM72, B0H4R537W4, B0GYWMH697, B0GZK2HKQX, B0GYCTSGKQ, B0H2Z4NYPF, B0GXYSZP63, B0H4R537VK, B0GQGJKRG5, B0GVHS9X8X, B0GVHS9X8W, B0GYCS9Y8D, B0GVHQHHFB, B0H25WGTRP, B0H4R1ZGP5, B0H3914B1G, B0GYCWTSP8, B0GXYXS91Z, B0GXYRQ3SQ, B0H2GW75CY, B0H2GGQLZM, B0GVHTRNC2, B0GXZ3ZMJM, B0GQGDJF8X, B0GVQD8L2V, B0GXZ1LPQF, B0H6JRKYHP, B0H4M1SCSY, B0H1HS1Q73, B0HGWNMVX6, B0GY51NXKD, B0H1CF4X28, B0GXYZMFF1, B0H2GQXM2G, B0GYWK6P72, B0GV2RHN91, B0GVHTGXWM, B0GXZBQC6G, B0H6JK7R73, B0GZKH2RB4, B0H2GT4CVT, B0H25RLCNM, B0H25ZV123, B0GV35384N, B0H1HMYRC2, B0GT55G6K5, B0GVXZQQNN, B0GYWB4YFS, B0H32Z4YTN, B0GQGDRMPG, B0GVHKZX5C, B0GQG9YQ3J, B0GXZ3B6D9, B0GXZB6SF7, B0GVHXPM9W, B0GZK8DWSL, B0H333Q2LD, B0GVHP54N4, B0GVQSBSH7, B0H2GRLMYM, B0GYCJJHY8, B0HGXKKC9P, B0H1HPXBSC, B0GV2TSVKD, B0GT5FXP99, B0GYCL7PHR, B0GZK2C46M, B0H25VPS6K, B0H1HLXDM3, B0GTLFW1G9, B0H35HW3K3, B0H25VPS6N, B0H4MC93SD, B0GVQM3B74, B0GXYYR45Q, B0H6JVM3CF, B0H1HRRVTC, B0GVHTYB6T, B0GV35KQ75, B0GXZ2GH2T, B0GZK9QLZW, B0GVHZ3YP2, B0GVHSVVD3, B0GXZ4NLM6, B0H6JDFDL5, B0GVQ7MCC1, B0GXYRG511, B0GYYP3GTC, B0GY4MBRX6, B0GQGB24MF, B0GVJ1T28D, B0H25NGFJF, B0H2GRS2N1, B0H1HRQ221, B0GVHJQ9LY, B0H2GKF6DD, B0GV2V7LTM, B0GVQFBLX5, B0H2Z5CK72, B0H6JSGZ78, B0GQGRF2SD, B0GQG73MQY, B0GZK7VQM7, B0H4R3M34P, B0GQGHFSQV, B0H25VJQC9, B0H1CLMD8Y, B0GYS4LV4W, B0H2GFZ41D, B0GTL6KYNQ, B0GQGQWMSG, B0H38QMFZ4, B0H331LC22, B0H25WDN1C, B0H1HP6NS5, B0H6JP7PGZ, B0H2GL23TT, B0H2GMNFKP, B0H25LWMMX, B0H32YP97J, B0GVHQCW9G, B0GVQ1VG2S, B0H3TS8RLN, B0H2GNFL2V, B0H38ZG5BD, B0GZK9TBSR, B0GVHZ2CKN, B0GXYYHMZ5, B0GQGJF5SR, B0GVQG5N3R, B0GT57K8TH, B0H6JSS52L, B0GYCN4ZJ6, B0GQGMQ6D3, B0GVHWL68R, B0GVHNTMWP, B0HGWTT9MB, B0H32VS4VX, B0GVHRT2D8, B0GVXSS4HM, B0HGWSJ29T, B0GV3CMF5J, B0GYCSWKLN, B0H4QYPTG8, B0H2GDGC2P, B0GXZ4LHWK, B0GY4VYHJS, B0H2GDGC2N, B0GQGBSL9J, B0GQGFJGYP, B0GVHK1QXR, B0GVHR2DLZ, B0GV2ZPF7V, B0H1CJ3S9C, B0HF4TT48Y, B0H2G9P7B4, B0GXZ394BK, B0GZK3BW96, B0H25SSNLN, B0H2GFBHVT, B0GVHM4YFM, B0H6JXSLV5, B0GZKH11M2, B0H2GHZ83K, B0GYWPPDRB, B0H25NT83G, B0H1HS6FZP, B0GVHP65FR, B0GVQGJQ8K, B0GXZ4CDH8, B0GYWJXW2T, B0H25R4779, B0GVHRDQRD, B0GZK2K33Q, B0GXYTRB23, B0GQGPLMKQ, B0GZKCTHGJ, B0H25ZXJ54, B0GXZ8QMW5, B0GVHPDR4M, B0GV3553FC, B0GVHP5L4D, B0GQG7GRJX, B0GY52C944, B0GVHK1MLW, B0H2GHSJS9, B0H1HN6M3K, B0GVHHJ8LM, B0H2GLRRNR, B0GZK7MWLS, B0H6JFXBQP, B0GVHTB8QP, B0H1HNRCMC, B0GV3CK2XM, B0GXZ8889Y, B0GVQK159Y, B0GVHN7BTC, B0GVHPX28K, B0GVHXPMB3, B0GXZ21S1T, B0H2GJX6CN, B0H3TNTNZF, B0H2GJK2C5, B0H2GJK2C2, B0GV3CK2XX, B0GYCST9VS, B0H2GMZ6DL, B0H25ZCHJ2, B0GYCZWCYH, B0H2ZDWBDD, B0GVHL49BV, B0GVHKDJQ2, B0GVHMCJ7T, B0GV2PSXK1, B0GQGBQS25, B0GVHRF1PG, B0GVHRF1PJ, B0GQGFG6GM, B0H1C82BXP, B0H1HG2F62, B0GT4ZRDFP, B0GYCYCD1R, B0GXYQ2V2F, B0GYRXZ78K, B0H2GNDL63, B0H35BXBKT, B0GVHT8YPP, B0GVHT8YPQ, B0H6JSQNHP, B0GVHQ4QC5, B0GVHPXQTB, B0HGWRFY56, B0GVHPPCPC, B0H4R4KK4V, B0H2GDNMY4, B0GQGRMB6G, B0H1CDM44L, B0GQG7MSYF, B0GVQYV24B]",amzn1.campaign.24R39ZG5ONWCF,Top Home Decor | Erosebridal 100K+ Styles | 15% Commission 62,Erosebridal,2026-09-04,2027-09-04,15.00%,10000.0,9989.5,132,800,false
"[B0H845DJHG, B0H84GKR8V, B0H8453J3H]",amzn1.campaign.2L7QH52PYWL13,Strlink mini mount,golmotas,2026-09-04,2027-09-04,28.00%,100000.0,100000.0,135,800,false
"[B0GQS3N6FG, B0GQS2GRTS, B0GQS5FS87, B0GQSJYD6L, B0GQRSTN49]",amzn1.campaign.58VYO8IZ687W,红色破洞牛仔裤+9.2,Arkordi,2026-09-04,2027-01-15,14.00%,5000.0,5000.0,166,800,false
"[B0F881G5Y9, B0DY7DNXTS, B0F881C2J3, B0DY79382T]",amzn1.campaign.3JF1JMBAQ19QT,3pcs Kids Playroom Wall Art11%,ESHLEUUNG,2026-09-04,2027-09-04,11.00%,6666.0,6666.0,135,800,false
[B0FM7QWRLD],amzn1.campaign.14YSMZQ3XI8TN,"Earn 10% on PS3 Wireless 2-Pack – Relive Classics, No Drift, Gift Ready!",Enstixsm,2026-09-04,2027-09-04,10.00%,5000.0,5000.0,129,800,false
"[B0H845DJHG, B0H84GKR8V, B0H8453J3H]",amzn1.campaign.317ZX3L7P3YM5,Strlink mini mount,golmotas,2026-09-05,2027-09-05,25.00%,10000.0,10000.0,139,800,false
[B0FZ99JT88],amzn1.campaign.195T8ATRIGIWX,Megneta | Saffron Supplement 88.5 mg + US-CO-01,MEGNETA,2026-09-04,2027-09-04,10.00%,8888.0,8888.0,130,800,false
"[B0CFHRMV2V, B0CFHMSS72, B0CF443DDC, B0CFHQP1MK, B0CFHPDV9J, B0CX9BFW7P, B0CJLM3CL2, B0CFHR1J9X, B0CX97Q6W8]",amzn1.campaign.2HZ0B13GXA8SG,Jar - Sep - C1,Staze,2026-09-04,2027-09-04,15.00%,10000.0,10000.0,149,800,false
[B0DKND38RW],amzn1.campaign.HMJFO94XPIPT,Dazzle Dance-Solar Floor lamp Grey–Limited Samples,Solar Yard,2026-09-04,2026-12-31,10.00%,5000.0,5000.0,124,800,false
"[B07BKNQRC3, B08K2XHYL4, B075NC2VTG, B08HLJXQSY, B08J6KLNWQ, B075SYB3NF, B07YV53G6P, B08HLG1W93, B016NQV7RO, B08HHVTMTC, B08K2L6SB1, B016NQV7TM, B07YV4H72J, B016NQV7MO, B08KRTH13B]",amzn1.campaign.2098Y8XXI7L77,"15%Commission, 10%Off Discount Tagoo Faux Leather Leggings-26-9.3-01",Tagoo,2026-09-04,2026-10-04,15.00%,5000.0,5000.0,144,800,false
"[B0GLXVMDH9, B0GLY48TCY, B0GLXWMMNJ, B0GLXXPBXC, B0GLXK57FZ, B0GLXR28G1, B0GLXNZB8C, B0GLXCJ26R, B0GLXLB973, B0GLXS7G1R, B0GLY4TJQY, B0GLXLT315, B0GLXL1V8H, B0GLXKC1S9, B0GLXT6JPD, B0GLXLHH58, B0GLXSQ9PT, B0GLY481DJ, B0GLXNPPYL, B0GLXPR3FS, B0GLXM4Z7L, B0GLXTQVXY, B0GLY7WGK2, B0GLYBMQ6D, B0GLXLLH9L, B0GLXC8568, B0GLXK9B2Q, B0GLXR2CDR, B0GLXHSW3Q, B0GLY5ZFPN, B0GLXWPGNY, B0GLXCD9BD]",amzn1.campaign.145DL5G46FGK2,Women's Low Chunky Block Heel Leather Pumps Comfortable Square Toe,QXQDQY,2026-09-05,2027-01-05,10.00%,5029.0,5029.0,149,800,false
"[B0H9K741DS, B0GHNRL5DC, B0GX8BJ5WH, B0GT96C929, B0GT4D1PH6, B0GYYW6R41, B0GT8XKGDD, B0GVMQSLGX, B0GX8TTHNH, B0GV3GX7BJ, B0GT8ZD8C7, B0GX8MFMD6, B0GTVT5YZX, B0GV3BRJCV, B0GTVYDKJL, B0GSW6G7YR, B0GTM3VH8T, B0GV3DW885, B0GSW2BCMW, B0GQBGD57T, B0GSWCNDXQ, B0GV2XDS72, B0GV3931FJ, B0GV3BRJCJ, B0GV31D21G, B0GHNN2S8T, B0GT93MB7P, B0GQBMPTNS, B0GTW4LL7F, B0GV39LVC3, B0GT8Z8HDX, B0GK6DWZGZ, B0GSFVHH43, B0GV3HKYRF, B0GT955HWZ, B0GV37SN5G, B0GT9335JT, B0GT8Z4K65, B0GMW42MK1, B0GVY55CYX, B0GTVZH1Q6, B0GTQF9ZF9, B0GHNVNWPT, B0GQBTZZXS, B0GV3JDHJH, B0GTM64XJZ, B0GVY1FC6G, B0GX88V5HT, B0GSWP3JLY, B0GHNTCYN9, B0GSFWJVMJ, B0GV3JDHJS, B0GHNWSL5M, B0GV3DSP16, B0GV2TQ4BM, B0GSQDK86V, B0GVMHJWT2, B0GV2L2PRB, B0GHNFNJVQ, B0GT95H124, B0GHP2F46D, B0GQBTZ4LS, B0GQCBKRS3, B0GK6WX82S, B0GSQNWKL2, B0H875YB2K, B0GYZ1GRD8, B0GHNT4Z8K, B0GV3H72ZP, B0GSFQJDJL, B0GQBZM5NV, B0GTL6BPCP, B0GV3CNDKH, B0GX8TG1CC, B0GSW3WZGG, B0GTQ64HQY, B0GX8DXCMW, B0GV2RHV1Z, B0GSW2H6GD, B0GSFZC6RT, B0GV3HNKFG, B0GV363JDP, B0GSFRCNVY, B0GV3HF6TW, B0GK6N4WWH, B0GQBYRQR4, B0GHNY35S5, B0GT97RKQY, B0GTVW4JR6, B0GT948MLP, B0GQBRHXH7, B0GTLLH7CJ, B0H9K8J82R, B0GV2NW9D6, B0GV2ZPR3S, B0GTVWH5LT, B0GSFW6Y38, B0GT53XVD5, B0GSQJJQJR, B0GQBVW8H6, B0GTQ8FQXM, B0GV3G6QWV, B0GMWKZQHR, B0GT4BXKDS, B0GT94DDCM, B0GSFRDKKT, B0GT96ZJVH, B0GV2GJ21T, B0GSFNT8GW, B0GK66C1LJ, B0H9K8P14N, B0GVY4PK7K, B0GV3DJSVL, B0H86YCG3J, B0GQBNW9NF, B0GTW2FNM3, B0GV3CPPQP, B0GTVL7P89, B0GSFSXB1B, B0GTLCP5JT, B0GTQKG7GY, B0GHNT29ZB, B0GHNMM9KN, B0GHNL3JTX, B0GHNDN9PN, B0GQBWSKVQ, B0H876H22V, B0GSFRFV93, B0GV2J1QVM, B0GQBGRKBC, B0GSWJKY1X, B0GQBGBWJ4, B0GVY2RCRF, B0GSFYX3P6, B0GSFLBHPS, B0GV3JHW72, B0GT92RX93, B0GHNT4Z61, B0GHNK39PT, B0GMWSPWGJ, B0H2643K4P, B0GQC8Z351, B0GT983R69, B0GTVWMP5N, B0GQBG68T1, B0GTVWMP5R, B0GQC15N7X, B0H38R8NP8, B0GT4B4PP5, B0GSQ91MVQ, B0GTQFGPPX, B0H9K46RHY, B0GVXVRQCN, B0GV3GY41M, B0GT96K1DH, B0GTQBJJLM, B0GSFPMDXR, B0GV2W15WB, B0GSFRYHBX, B0GQBT8SG3, B0GHNLCR33, B0GQC4FGB5, B0GQBY2W4N, B0GTQ2VLSF, B0GHNJ3NXK, B0GV3KDS9T, B0GT8ZG8X9, B0GVY4VTSW, B0GQBR5XWQ, B0GX92293G, B0GQBW4ZLW, B0GTVZWYVD, B0GX8Q3JRL, B0GV2Y5HVS, B0GV2M6WC7, B0GT929B53, B0GTQF89NH, B0GT9871JH, B0GT4CXKBV, B0GV3PC5PX, B0GTQKY3PJ, B0GT972B67, B0GV3FBVPM, B0GV3FC5LR, B0GT936GJV, B0GT97MQD4, B0GV3DBJ4Q, B0GX86SVFP, B0GT8ZV6DS, B0GQBNG8SN, B0GQBW2THX, B0GSW5RZ4B, B0GQBJV417, B0H9K2J52K, B0GT8TYVCX, B0GK65ZN5F, B0GQBSKW74, B0GHNYC8QQ, B0GV3BQ3RH, B0GV3DN9P9, B0GT91Z4PF, B0GX8H7B3R, B0GHNV63CS, B0GQBRDMTS, B0GT93LZLZ, B0GT8W6PM4, B0GV2D1TN4, B0GT8V2CZZ, B0GYYTX249, B0GV2KZHTH, B0GV2LDSNM, B0GQC55LFC, B0GTQGWBDC, B0GV3LP26Q, B0GV36PSK7, B0GSFLP597, B0GS2M5XDX, B0GVJKZ19N, B0GSFLZDZ2, B0GSFSLJN7, B0GSFVK2NB, B0GHNN815G, B0GTQDRRVW, B0GHNTRLY4, B0GX91JNVB, B0GTVYPGNV, B0GT94NYYR, B0GMWJ3J2X, B0GV2YW44W, B0GT466LC7, B0GTW1QKLM, B0GV3GV76H, B0GSFSLJNR, B0GVMN9FLL, B0GQC5ZYGF, B0GSQCR3FX, B0GTLBQJ36, B0GTLD11LX, B0GT93D2CB, B0GSFTKKWY, B0GT92ST5V, B0GYZ8HF7L, B0GTQBKTCQ, B0GTVT44GL, B0GV2H31MQ, B0GV3BNH8J, B0GTLKP4W8, B0GTVJCYXC, B0GHNSMH94, B0GV3P8QMP, B0GTQDT2P3, B0GTMBCKG5, B0GSFRHJ1V, B0GV3CDT2T, B0GT8Z9WPR, B0GTQD5W44, B0GVJNF9QH, B0GV2RKGBL, B0GSFSPQ1S, B0GT8WS6VF, B0GHNTLBV2, B0GVXXFTMC, B0GV3K6VD9, B0GVXZX7F3, B0GX8W68D5, B0GTVS627T, B0GV3KF98F, B0GV2M3JZR, B0GDXV33R2, B0GV3D9QXM, B0GT97P8BH, B0H9KBFS6B, B0GV3D9QXL, B0GV3K68F7, B0GQBR9WB1, B0GSW8W2VT, B0GT97S8Z2, B0GV3GJ3NX, B0GTW1MCLJ, B0GV34X68L, B0GQC24N8D, B0GV36QHXB, B0GQC3Q33J, B0GV365VG8, B0GSFD2W53, B0GSFX61YQ, B0GHNQ3LBW, B0GSWBCYSC, B0GTVPTJFL, B0GHND9J1J, B0GT8YYH2L, B0GQBWJ13X, B0GSFK2SG4, B0GQBVXJXW, B0GV3MD39K, B0GV2WB6HS, B0GVMV6HVY, B0GHNDPJN3, B0GV2VY16T, B0GQBJ7C1T, B0GV36D26D, B0GX8MQWHH, B0GSQGX517, B0GT92JX41, B0GV3FHQMX, B0GSFSJQH8, B0GQC4BHM9, B0GSFNPNNJ, B0GV2X4QKY, B0GV3L9CW5, B0GSFXLKGP, B0GTQGHY4R, B0GVJM9JZM, B0GV3HCX21, B0GQC4GQNJ, B0GT8W2Q1P, B0GSFSJQHC, B0GV3JQL8H, B0GSFSZP6S, B0GTQHLMVG, B0GV3LWR9G, B0GV36Q662, B0GSQDFRDX, B0GT956KP5, B0GQBYY571, B0GV2V43W2, B0GDXS7ZZ6, B0GHNBPJSB, B0GQBR8C17, B0GVMZVJJY, B0GV3K758Q, B0GTQ3711W, B0GTQBZZMY, B0GT95LQLF, B0GT9189VR, B0GV3CQ9PC, B0GSFW59HM, B0GX8HF31Y, B0GV35YNTL, B0GX94PJQH, B0GV3J622K, B0GTQ4NC3P, B0GYZHWGZT, B0GVJFL285, B0GSFRJ25L, B0GV345ZTM, B0GSFR2MSN, B0GHNSZL5D, B0GTQ73DDT, B0GDXTX4RW, B0GV3KHTDF, B0GV3MW6CM, B0GV2PH7GS, B0GSFV37G6, B0GT8YNMQS, B0GSFYVDDF, B0GQBM373W, B0GQBT6N41, B0GVMN851W, B0GT8YNMQ6, B0GQC2VTTB, B0GT8PZN8M, B0GSFK25HR, B0GV3NPDML, B0GSQ6HKT3, B0GV39N3Q5, B0GQC24P1Z, B0GSFK25HV, B0GHNH9NN7, B0GX8MZ429, B0GSFR1WFF, B0GSFRZ2CZ, B0GT93WWYW, B0GHNM75Y3, B0GT93WWZ5, B0GV38TS5W, B0GSFRZ2D4, B0GT43CJ85, B0GT8ZJRRJ, B0GVMQDMK3, B0GT4DGQTD, B0GV3CT8JK, B0GHNRB4BM, B0GQBSZTVB, B0GSFL6B4G, B0GT92FMSG, B0GQBW4H9S, B0GSWCBB2W, B0GK661X7M, B0GTL891RJ, B0GV3R8ZQ4, B0GHNDY7W9, B0GT8TGWK1, B0GQBQ8693, B0GHNHD2XN, B0GHNPXKJ1, B0GT535NT3, B0H25KZ3GD, B0GQC2DZYL, B0GV3DYS1Q, B0GSFYB9N7, B0GV3KMRK3, B0GYZ4WZQZ, B0GTLGN2MS, B0GV29FTWJ, B0GHNY187D, B0GHNLVT22, B0GV3NPSNX, B0GTQ8CVBD, B0GYZJLPLY, B0GVY2Z85K, B0GTL8FV5X, B0GT48NYC9, B0GQC56JF1, B0GV3LWKBC, B0GDXVW68Q, B0GT8VXRK3, B0GSQ8VPTX, B0GV32LMTL, B0GV2Z5F29, B0GSFVMKJ6, B0GV3KL888, B0GQBWCYKG, B0GT8YQ4RL, B0GV36J37G, B0GV2PFCM6, B0GT94R6YB, B0GTM5TKLH, B0GV3MDW5G, B0GV3MZ98T, B0GQBYYWLN, B0GHNT2Q1W, B0GSFVZT2T, B0GV31R83L, B0GTLJRS66, B0GV36GL13, B0GT8W7D2L, B0GTQ72W4N, B0GT99JN5M, B0GT928JC9, B0GT92XKDM, B0GVJLZD56, B0GV32FTRD, B0GSFY78PK, B0GVMSGWLH, B0GTLDZNYD, B0GK6B4HBQ, B0GT8ZSW2N, B0H38KBL2P, B0GV32SGQL, B0GX8CNCLS, B0GHNK9R4C, B0GQBN3LZL, B0GX8DMV64, B0GV3DQ7FW, B0GHNRW8JM, B0GSFYKCKZ, B0GV3695Q2, B0GQBQWGPP, B0GQBTSJLZ, B0GQBQWGPN, B0GV3H3RJR, B0GX8DMV6R, B0GTL982YF, B0GTM22TZW, B0GK6PCZZG, B0GTL87T4Z, B0GTQD4KMB, B0GYZ5M9N3, B0GDY1V8J8, B0GT4831KN, B0GQBYNNXT, B0GHNNZ4CN, B0GV2VX3PH, B0GSW1N6RP, B0GV3BQQ78, B0GHNLCFK2, B0GT8Y3JYM, B0GT8W79C1, B0GT4DTJZ3, B0GVMNGF6X, B0GX8X2BTJ, B0GSQDMMYC, B0GSQ979L8, B0GV351XCW, B0GV2CR1HN, B0GTQB7GRF, B0H25YDTS6, B0GVXZZRBT, B0GSFLM8T9, B0GV3LKTSN, B0GTQ8GT83, B0GT8XTWN9, B0GHNMR179, B0GSFHDZGM, B0GHNPXNGB, B0GX8X23V4, B0GX8JXLDB, B0GQBK9TBP, B0GV3P79V5, B0GSFY7VPB, B0GX93JPQP, B0GQBK1JF4, B0GQC3KT4W, B0GHNMJ42P, B0GSFV1W8S, B0GTL86B5L, B0GHNM2KGH, B0GTQCDKXH, B0GSWDGB1P, B0GV2MF912, B0GV3P79VC, B0GV2R6RCJ, B0GX8SRGL9, B0GX8HQMTP, B0GSWNC77Q, B0GV3BDTXY, B0GYYGY4BW, B0GQBP1QHB, B0GSQJYPBV, B0GQC79BNB, B0GV2HFSB1, B0GV3DKX39, B0GVMNWJSV, B0GT489HSX, B0GVXYDN3K, B0GT575ZGX, B0GDXVNK3N, B0GSFX87RP, B0GT8TXXFF, B0GTQHG3TT, B0GT8ZRZ4J, B0GSFX94J8, B0GSQMT4F3, B0GV3JTF18, B0GR8XM3VY, B0GV38FBQ8, B0GSFG97R1, B0GV3NQQ2B, B0GSFW6FQW, B0GMW7TCJH, B0GV3M9CF5, B0GQBMPLYM, B0GT8YJXCQ, B0GV3H4K14, B0GTQDKHN9, B0GV2XFC7G, B0GT8YX8ZK, B0GHNR6ZG2, B0GHN5CGMF, B0GT97248R, B0GT5BB7HP, B0GSW59YYK, B0GT439PJV, B0GQBSSCSX, B0GQBNZW3D, B0GTQHNMTD, B0GV3GY78H, B0GT912G16, B0GV36S5F8, B0GV38PF93, B0GTQ7W98C, B0GS2G2R2N, B0GV3GXX6T, B0GT4CZCLL, B0GHNQ4R41, B0GV35WLC6, B0GVXTTZB2, B0GSFM7ZTY, B0GTQ9Y2NP, B0GT43GHY3, B0GTVYMK2F, B0GV3B2NG3, B0GV2WCLLP, B0GSFL3W6K, B0GV36PZVP, B0GV3GMDPC, B0GT48FHH4, B0GTQCZND7, B0GV3KBKNG, B0GX8CK1G3, B0GTQBC7ZX, B0GTM5C51M, B0GSW27YYP, B0GQC21R4G, B0GHP2BYG2, B0GTLLQ2CQ, B0GQBMVS7Q, B0GQBW3L4P, B0GT92GCKS, B0GT8VMW21, B0GQBW3L4Q, B0GSQ6C3HT, B0GTQ7D5KS, B0H9K4B8WK, B0GV3NTFZ8, B0GQBN5WFQ, B0GT933GQQ, B0GVMT1BK9, B0GQC23HZR, B0GQBS4PN9, B0GVMVMLS4, B0GHNLT6MN, B0GVMRGK41, B0GTVPT79K, B0GT947N6L, B0GT933GQY, B0GVMWMC26, B0GVMTQLKK, B0GQBXB35Y, B0GK68YF2Y, B0GTQ29QNX, B0GT93QM32, B0GV39JNK4, B0GSWN8T9C, B0GV3LXKPC, B0H878T5HB, B0GT96MQV3, B0GT94G8MJ, B0GT92K9YB, B0GT93XDLH, B0GTW3P6LX, B0GTLJTNVN, B0GSFQZ3M8, B0GT97P585, B0GV3HJTXT, B0GV2XK1P8, B0GQBTLK4Q, B0GT99PLPS, B0GT8Y3YCF, B0GT8S8ZZK, B0GT97VN75, B0GVJM3YCM, B0GSFTNGFM, B0GSFTNGFN, B0GV2WDNVS, B0GX8XSK6H, B0GTQGDT1W, B0GVY1C7X3, B0GSFJB13J, B0GT8YBXS3, B0GSQJZQGW, B0GV3NQJMH, B0GHNL9VQ9, B0GSW3W3CX, B0GTQ2QFQ2, B0GSFT499H, B0GSFT6XQ8, B0GMW34MP6, B0GV3GCZW4, B0GTVQXMB6, B0GTLC23HY, B0GHNPN2BJ, B0GQBPWRQP, B0GT926J5M, B0GV3LWNV6, B0GYYW94C4, B0GTQHFX9S, B0GTQF678H, B0GHNJ5VVV, B0GSFY6CZX, B0GQBX1JXX, B0GV3M12SK, B0GSQJ5R8B, B0GTM22K7Y, B0GYYGR5V1, B0GT92THXX, B0GSQLVKVL, B0GQBN3295, B0GT8WBKVG, B0GR93QHTD, B0GHNY88YS, B0GTL72PHY, B0GV39SD7Q, B0H38KZGR8, B0GSFP8XT1, B0GT47W425, B0GT92QB4K, B0GV3DDHCW, B0GTVTFBQN, B0GV31YHRM, B0GQC9KTXS, B0GSFM7M27, B0GVMNCFRT, B0H9K1D322, B0GVMTBFJ5, B0GT8YJBSZ, B0GV2V7LTR, B0H9K3G66B, B0GV371DVS, B0GTVJY6MZ, B0GV2TLQXB, B0GQBYBLJJ, B0GV3JD622, B0GVMZN9P8, B0GTM75D5Z, B0GV3P5XGP, B0GV3JLB2G, B0GTL6D9CH, B0GV3LC38D, B0GR8Y2ZLF, B0GV2MFT78, B0GSFYRZWG, B0GK7B5H9F, B0GV376MYK, B0GHNPYZM7, B0GT9B1N12, B0GSFX5N21, B0GT91PQPV, B0GVY28P22, B0GT9589F2, B0GV39Z5D1, B0GV3P6LNX, B0GVJH851K, B0GTLJSL2Z, B0GX8WJ9FC, B0GTQCN298, B0H9K97G88, B0GK6KX1YJ, B0GVMTQ9N7, B0GV3CZVPD, B0GTL9T7W6, B0GV3M262S, B0GTVP7DT8, B0GSFW2Z24, B0GT9GWD19, B0GV36CKSQ, B0GT8PSJFF, B0GT8V3N6M, B0GHNXW2QZ, B0GT8ZRPPW, B0GX8NW282, B0GHNTC8W1, B0GVMR5SKR, B0GTQ61J2V, B0GTLJKWKD, B0GV2XGTGX, B0H9K8WRL3, B0GQBNZ7BZ, B0GV33K5F4, B0GV3K4RYX, B0GQBN6H12, B0GSFZXL1X, B0GV33HCJR, B0H25RJ8WT, B0GT91FQ8W, B0GHNPG1LC, B0GHNPJXPG, B0GSQJPF74, B0GMWT7N5Z, B0GSFNPSSY, B0GTW8RJL7, B0GV3JSB9Q, B0GV3FF354, B0GSFTLH6S, B0GSQCWH7S, B0GT96QFMR, B0GV37BG54, B0GVJLM4DR, B0GVXZV1Y3, B0GSFWFSL2, B0GTQHM228, B0GSFQFNSS, B0GX88V2JT, B0GX8RRN27, B0GQBKTX58, B0GV3R72BP, B0GDY59G1X, B0GV374TXF, B0GVML7RHR, B0GVY5H77H, B0GS31YC1L, B0GT96YTSK, B0GT92YY2P, B0GV33938Z, B0GV3HBWJN, B0GVMZVXJY, B0GTQ7F88S, B0GK6KTGTD, B0GV3K97SJ, B0GQBYT9DP, B0GSFRWCNB, B0GTQ5FHPH, B0H38KHJ41, B0GV3GBNV6, B0GVMBNY12, B0GQC37XBD, B0GTQG9DTL, B0GT8V1GT3, B0GTQHP4P4, B0GT8ZC1DN, B0GX8XX1ZZ, B0GYZC834F, B0H9K6XWKB, B0GQC15KD6, B0GR8SHK1S, B0GHNVM3QD, B0GT8TDHX1, B0GSFYSDQG, B0GSW96SWB, B0GTLLQNJX, B0GT95LTX4, B0GTQH2K61, B0GV3BM6TK, B0GQBV54LQ, B0GSQL1YDJ, B0GV36J8Y8, B0GV36J8Y9, B0GVMNGM96, B0GTLFZL8C, B0GTVX8SR8, B0GTQBH564, B0GT8VRY71, B0GSW8PZ4H, B0GT8TYNDX, B0GMWNPGDC]",amzn1.campaign.3LJELC09HZBKN,Top Home Decor | Erosebridal 100K+ Styles | 15% Commission 61,Erosebridal,2026-09-04,2027-09-04,15.00%,10000.0,10000.0,135,800,false
"[B0GQS3N6FG, B0GQS2GRTS, B0GQS5FS87, B0GQSJYD6L, B0GQRSTN49]",amzn1.campaign.5ZC4ZDMESM6Q,红色破洞牛仔裤+9.2,Arkordi,2026-09-04,2027-01-14,14.00%,5000.0,5000.0,168,800,false
"[B0B4S9LG4H, B0CMWQG6ZN, B0BXL5J8V9, B0B24L214D, B0B3XGHXFS, B09SKS9DL5, B091YJKL38, B0BLGSWW2K, B0C2BVPNJ5, B0CHJBBYM4, B09W4CB9PC, B0BN34ZRJG, B0BW954853, B0F43JJZCN, B0D8T46WRR, B0CHJB8C6K, B0CMXGN4NW, B091JYYBBR, B0B55Y7KD9, B0D8SRWT1N, B0B2R4RRKJ, B0CMWRQGXF, B09VWR3WVB, B0F6MMX6ZV, B0CMWPMSFH, B0D8SSVSV8, B0BZTQVKC2, B0C3VLJH54, B09BKWV9NC, B0BLGGR5X3, B0CHJ81X6J, B0BW95B8G5]",amzn1.campaign.1V93WM0S14M1S,10.3% commission,BIKCZEWIN,2026-09-04,2026-10-04,10.30%,5000.0,4998.87,120,800,false
"[B0GWCDMZNZ, B0GXKGC6GN, B0FNMMR9MZ, B0GWCC31T4]",amzn1.campaign.334G8P9ZP1K5V,🎃 Fun Duck Gift Pick | Quirky Bathroom Decor | 15% Commission,MENNTY,2026-09-04,2027-08-20,15.00%,60000.0,60000.0,139,800,false
[B0GVF53G3X],amzn1.campaign.2X1BT9VMRSL7E,汉堡套装,Kileubuto,2026-09-04,2026-10-31,20.00%,5000.0,4983.2,126,800,false
"[B0BXSLXB61, B0BXSJL835, B0BXSLXH32, B08FLHMQ73]",amzn1.campaign.3N9LA61KL6V5V,Campaign Name: Coaster Holder 4pcs 4Styles | 10% Comm | Home Organization,GUINIFAO,2026-09-04,2026-12-31,10.00%,5000.0,5000.0,131,800,false
"[B0H845DJHG, B0H84GKR8V, B0H8453J3H]",amzn1.campaign.300EZPU7DMU2F,Strlink mini mount,golmotas,2026-09-04,2027-09-04,25.00%,10000.0,10000.0,145,800,false
"[B0B4S9LG4H, B0CMWQG6ZN, B0BXL5J8V9, B0B24L214D, B0B3XGHXFS, B09SKS9DL5, B091YJKL38, B0BLGSWW2K, B0C2BVPNJ5, B0CHJBBYM4, B09W4CB9PC, B0BN34ZRJG, B0BW954853, B0F43JJZCN, B0D8T46WRR, B0CHJB8C6K, B0CMXGN4NW, B091JYYBBR, B0B55Y7KD9, B0D8SRWT1N, B0B2R4RRKJ, B0CMWRQGXF, B09VWR3WVB, B0F6MMX6ZV, B0CMWPMSFH, B0D8SSVSV8, B0BZTQVKC2, B0C3VLJH54, B09BKWV9NC, B0BLGGR5X3, B0CHJ81X6J, B0BW95B8G5]",amzn1.campaign.75VEKMDNK4CY,10.29% commission,BIKCZEWIN,2026-09-04,2026-10-04,10.29%,5000.0,4991.63,132,800,false
[B0H5J35B45],amzn1.campaign.18AZSMXN2LF83,AMOLEN PEBA 90A Rainbow 5-Color 3D Printer Filament,AMOLEN,2026-09-06,2026-10-06,10.00%,5000.0,5000.0,122,800,false
"[B0FD9Z8WC7, B0FD9XKCCF]",amzn1.campaign.1WSW5FFADT80Q,Limited - Time 50% Discount on Halloween LED Garden Flag 16,GOAUS,2026-09-04,2027-01-01,10.00%,5000.0,5000.0,119,800,false
"[B0GQS3N6FG, B0GQS2GRTS, B0GQS5FS87, B0GQSJYD6L, B0GQRSTN49]",amzn1.campaign.2A1UN8Y0K7HHJ,红色破洞牛仔裤+9.2,Arkordi,2026-09-04,2027-01-13,14.00%,5000.0,5000.0,164,800,false
[B08958WBQN],amzn1.campaign.3FUZZAF40AYI0,Top Selling Wall & Door Stopper - B08958WBQN - Creator Connection,STRONGEST HOME,2026-09-04,2026-12-04,15.00%,100000.0,99998.5,79,800,false
"[B0GLXVMDH9, B0GLY48TCY, B0GLXWMMNJ, B0GLXXPBXC, B0GLXK57FZ, B0GLXR28G1, B0GLXNZB8C, B0GLXCJ26R, B0GLXLB973, B0GLXS7G1R, B0GLY4TJQY, B0GLXLT315, B0GLXL1V8H, B0GLXKC1S9, B0GLXT6JPD, B0GLXLHH58, B0GLXSQ9PT, B0GLY481DJ, B0GLXNPPYL, B0GLXPR3FS, B0GLXM4Z7L, B0GLXTQVXY, B0GLY7WGK2, B0GLYBMQ6D, B0GLXLLH9L, B0GLXC8568, B0GLXK9B2Q, B0GLXR2CDR, B0GLXHSW3Q, B0GLY5ZFPN, B0GLXWPGNY, B0GLXCD9BD]",amzn1.campaign.2C82UQ33I9YSC,Women's Low Chunky Block Heel Leather Pumps Comfortable Square Toe,QXQDQY,2026-09-05,2027-01-12,10.00%,5032.0,5032.0,150,800,false
"[B0GWCDMZNZ, B0GXKGC6GN, B0FNMMR9MZ, B0GWCC31T4]",amzn1.campaign.1X6R55ZQO7TFZ,🦆 Unexpected Amazon Bathroom Find | Ceramic Duck Covers | Earn 15%,MENNTY,2026-09-04,2027-09-03,15.00%,60000.0,60000.0,142,800,false
"[B0H45GCFL4, B0H45DTY79, B0H45FBL7B, B0H45GQ7M7, B0H45HZVYV, B0H45GFMG1, B0H45CD9WM, B0H45CRCF9, B0H459Z4GY, B0H45MFN11, B0H45CJNCL, B0H4579YRN, B0H9L8S844, B0H45JP6GJ, B0H9L7Y56R, B0H9L6GL4J, B0H45LYT4K, B0H45DVC4R, B0H9L82GLJ, B0H9L4MVRG, B0H9LGFKKK, B0H45J2NH2, B0H452NXSN, B0H45CGTXS, B0H457JQHK, B0H45GKF23, B0H9L8LG9H, B0H45HYLPN, B0H4572S61, B0H45HZ2TH, B0H45FT2DS, B0H457K18D, B0H45MPJ9Z, B0H45B1DZX, B0H45FSY5T, B0H9LD7WJM, B0H9LDW9ZM, B0H45FQ7R3, B0H45HMG3C, B0H9LGCR57]",amzn1.campaign.1F9OL87HWJ5DH,Grace Karin Girls Party Dresses | 10% Commission-CL0180A26,GRACE KARIN,2026-09-04,2027-04-30,10.00%,10000.0,9993.62,90,800,false
"[B0FY1LLNFX, B0FY1NDV6N, B0G716ZM2H, B0G8J6X8VJ, B0G8HTRCPG, B0G4MR2LNM, B0G4MV2BM6, B0GTQHG2YV, B0G8HHHT9R, B0G4MVLDD6, B0G71BJ6JM, B0GDXZ6JSW, B0GTVVRKT6, B0G48VPM36, B0G6ZNDWHV, B0FX2PP55S, B0FX2NPZW5, B0GDXSQRVN, B0G8JJFQ4X, B0G713PDPZ, B0G4MVRPJH, B0G8JJF39X, B0GDY6NVP9, B0GDXNT4ZV, B0H5HPH4NN, B0G6ZJ1YTK, B0G8J1NTTF, B0FY1NQX3M, B0GFCY66K5, B0G6ZPJS6M, B0GDXV2HJV, B0GWQ5S2GL, B0G397RRKP, B0G8GJ9L61, B0FWB4BVF1, B0G48Y2RDQ, B0FX2NNNGH, B0FWBC36QG, B0FX2ML2QZ, B0G3946W6W, B0GWQZW5DW, B0FX2R9QZ5, B0G71877V3, B0G3FV1MXW, B0G8HBLCTL, B0GSQ92Z3X, B0FW9V7KX6, B0G8HN97FY, B0G43MBZB2, B0G392LH1Z, B0G398G2RX, B0G4MW352V, B0G71BK3DG, B0G48VX4G5, B0G5G6GNSK, B0GSQL3S81, B0G6ZCX3VV, B0G4MZNQDZ, B0G6ZKWMQJ, B0G6ZTGVZZ, B0FY1MKQRQ, B0G6ZW7RLT, B0G43HFNKW, B0G8HN9WBV, B0GDXTY2FX, B0G8JGMPM1, B0GDXRV3HW, B0GH5KY19V, B0G8HGSG82, B0G48VBPG1, B0G6ZSX6F5, B0G51HT3B5, B0G6ZP7BJ2, B0GDXLVGNY, B0G8HBLJD8, B0G6ZZFPN3, B0G43KW339, B0FX2RW83L, B0G8HH6QG2, B0G6ZTZQYL, B0GSQ2HXN6, B0G399DXDQ, B0G4MX61MD, B0G4MSV29S, B0G6ZP5V7T, B0GDXWJWHL, B0G4MTN2TY, B0GH5VQDQ3, B0GDXSSCX6, B0GFCWVDC9, B0G6ZZF2R2, B0GWQZPB1V, B0G8HN472Y, B0GC5PYMKV, B0GDXXM49K, B0GDXV8W7P, B0G8J1NTS7, B0GDY2PC7G, B0G39GB4G2, B0GQHT3PM9, B0G48XFGKW, B0GSQJMXP9, B0GWR9G6MD, B0G399B6HC, B0G6Z98FKL, B0G48WSP5L, B0G4VQ7C9J, B0G7142TQF, B0GCDP79P1, B0G4MTWWF6, B0G71FSPW8, B0G43LB22B, B0G43H562X, B0G3963CDL, B0G4MSP53L, B0G43H562Y, B0G2LMKVCR, B0GWQ9M1CW, B0G5GQDP3T, B0G4MSVQZ2, B0G6ZYT9P5, B0GH83LJFG, B0GSQ9G761, B0GWQ1MKZQ, B0GC5K7ZWR, B0FZTLJCLD, B0G8J1BQZM, B0G71G3KV2, B0FZBLJV51, B0G7159NJP, B0G48T5F49, B0FX2N1996, B0FY1HNWYN, B0G8J65WBR, B0G6ZWSCDW, B0FX2N5XJN, B0GTVYBH1G, B0G6ZMQ8XL, B0FY1LVSJS, B0G1MRHDN9, B0GDXSSW1B, B0GWQP8C9C, B0G4MVRQ3R, B0G8HMVHXW, B0FX2R92DW, B0G713G9MW, B0GDY1NFRS, B0FY1J4RCM, B0G1MRH9ZK, B0GSQHY5CP, B0FY1LV7TY, B0FY1MHJGN, B0GDXRC491, B0G391JXLW, B0FY1FXCN6, B0FY1HZRMS, B0GTQP48VN, B0GDXTWKPT, B0G43KS4SC, B0G8JBPVXM, B0G6ZBW4QC, B0FWKD553M, B0G6ZTGHF5, B0G8JC12R7, B0G1T7Z1X4, B0GDXZHZ6W, B0G4MWCHR2, B0G6ZZQVZN, B0G6ZQRKJ3, B0GWQZ553F, B0G43LV3N8, B0G6ZZTFR3, B0G8HXRQ1J, B0GWQVGPCY, B0G3969HQ2, B0G6ZGRGV7, B0G398QWW7, B0G8HXRQ1F, B0G6ZNG7WZ, B0G4MV2SWL, B0G4MWCHRD, B0GDXXHHN8, B0FY3D79QY, B0GWR7HDJB, B0G1THG42C, B0GQ3CZZS7, B0G1Y4WYBY, B0G4VTWS9J, B0G8HZC7T5, B0G4MW59B9, B0GDXTWTH5, B0G6ZJQKLV, B0G4MTBCB7, B0FY1KPVBP, B0FWBBT8DQ, B0G43M2WH4, B0FZBKQGBY, B0G8J6QL4Q, B0GWR812GV, B0G4MTQZCR, B0G48YFTP5, B0G8J6W7ZP, B0G4MS3PDQ, B0GWQSFDBH, B0GDXS3DMM, B0FZBGKL3D, B0G1Y4D418, B0G6ZRWZ4B, B0G48W9VXB, B0G8J6SR9Z, B0GSQCHCGQ, B0GWQ2S4DP, B0G6ZRVJ8K, B0G3979G7W, B0GDY1PJXC, B0G4MTWYQV, B0G8HBF5WC, B0G4MS4X26, B0G8HRB5YN, B0GDY4VWJD, B0GH5FS7P6, B0G1TFLT6Z, B0G1MPK8JS, B0G6ZZSLDS, B0G718M3F1, B0FY1MYGQW, B0FWKF732X, B0FX2VG9ZW, B0G717585C, B0G48Y68JW, B0G4MV8Z6D, B0GDY1NC1J, B0GDY49YG3, B0G391SY6R, B0G8J39P6C, B0GDXRBWCM, B0GCDP4TVM, B0G2LLXKKC, B0G6ZS5VXS, B0FY1NWVXJ, B0FY1PF61Y, B0G6ZVZRLX, B0GDXRKFH7, B0GWQT27MK, B0G4MWQZ48, B0G5H2623K, B0G8J2YGNZ, B0GDXX4RQF, B0GWQ4WK9X, B0G8J4NF5K, B0G7167JDC, B0G71243NY, B0G8HX13TZ, B0G43S68NG, B0G43L23QR, B0GDY7T7T4, B0G4MS77L9, B0G4MVGP8D, B0FY1P6W9L, B0G1MP6RLV, B0GC5KP6PF, B0GQHCNZYN, B0G4MY58MJ, B0G4VR56YC, B0GDY7T7T8, B0GTVXVG9N, B0G48ZTD8R, B0GWR2YN7P, B0GQ3614TX, B0FX2MDGC4, B0G397PWKM, B0GH5C1SFC, B0G398XVVX, B0G8HM6TT8, B0G6ZY5Y6K, B0G6Z9N8D1, B0GWR7LHML, B0G4ZHJY7P, B0G4MWFWMH, B0G8HTFGN1, B0G2LLWGK9, B0G6ZSCVRT, B0G71BHRZH, B0G8HCL3G3, B0G395V8NW, B0G4MV8Y7Y, B0G396TXXF, B0G719NMVT, B0G392LTZN, B0GDXTMYBH, B0GDXXK3SR, B0G43HXG7R, B0G6ZYFXBL, B0GWQXLQG4, B0GH5ZQYS9, B0FY1MS34Z, B0G8HR5PJP, B0G4MRBNX1, B0G8HB3H9N, B0GDY7D5CX, B0G4MX29XF, B0GSQGZTFG, B0G398YLZB, B0G4MS3SR8, B0GDY3NSPB, B0H5HBTVDS, B0FX2RDGZX, B0GJ5BWDQ9, B0G8HX53LV, B0FX2N3NHW, B0G6ZNS9MG, B0G6ZJBHKK, B0G391FQDZ, B0G4MVJB7Z, B0G6ZS768J, B0GSQL33P7, B0GDXV59YH, B0FY3BWHSH, B0G4MSBFMB, B0G4MXJYPF, B0G397JWYF, B0G43NFKR3, B0G6ZSLCTL, B0G711TTPB, B0FY1JBB6B, B0FZBMCJ3T, B0GH5C8G9R, B0G6ZFHGNT, B0FWKH7DSB, B0G8J1JGQW, B0G6ZFRBFT, B0GDXTDS76, B0G71FZMNV, B0FX2S9363, B0G1Y1BDHQ, B0G48YXN8D, B0G391RXQM, B0G714GM3Z, B0FWRDQ35N, B0G714GM42, B0FWRD4977, B0G1MPTXG5, B0GQHBWJ5V, B0G38YLR72, B0G39B363M, B0G6ZT3GKB, B0FY1MC6J4, B0GDXQ514K, B0G6ZGM9DW, B0G6ZW1CVH, B0G8JQF4KN, B0G4MWSLVP, B0G8J1WGN4, B0G396NK3Z, B0G8HGR1D9, B0FX2SJXJK, B0G2LPY4R2, B0FWRD7DDF, B0GWQCPM4F, B0GWPZ16H6, B0FX2MBGNW, B0GDXS7ZZB, B0G2L9Q2W1, B0GDXM6M8M, B0G8HP4WVM, B0G711HSFR, B0G1TFG12K, B0G1MS12BC, B0G8JF3GP6, B0FW9T6XRC, B0FY1J5D4V, B0G392W6WL, B0FWKKP2PH, B0G38YVVZB, B0G39915CF, B0G6ZY1YN6, B0G4MWWJL9, B0G1Y328XX, B0FY3FB7F6, B0G6ZYQL3N, B0G1Y99DTN, B0H5HS5G2K, B0G715GYFV, B0GH54FRYZ, B0G71C23HD, B0GH5QPPZK, B0G6ZNSQ61, B0FY38TN1S, B0G714V6NN, B0G6ZNSQ5Z, B0G514BH22, B0GSQ9GDTN, B0FY1MCMKC, B0G71819S9, B0FZTKNWQ5, B0FY1HYBB9, B0G43MPLBS, B0FY1LLKHG, B0H5HR6L51, B0FWB15VHG, B0G8HV43YW, B0GDXQ2BSX, B0G5GP7YDZ, B0G4MXGF4Q, B0GWQW3JH6, B0G43JYY7J, B0G43PY9VG, B0G512YWBZ, B0G8H51BL7, B0G2LMJ352, B0G4VQ486G, B0G6ZS1TLZ, B0G8J64DKY, B0G4VQRVZ1, B0GWQZN675, B0FX2T3SMS, B0FY1JVTY8, B0GWQWQSZD, B0G716N7WR, B0G5G7KXJ8, B0G1Y3CN2W, B0FY1J8WX2, B0G3916CQJ, B0G6ZS1ZZ3, B0G6ZYV9CL, B0GCDNG6MW, B0GWQXHT9V, B0FY1LVM43, B0G4MWKVKB, B0G392MG6Z, B0G1MSF7S3, B0GCCDXJMT, B0G8HQJ827, B0FZTLCJZR, B0G43KJNY5, B0G8HB3HB2, B0GSQK51J2, B0GDY4TYH2, B0GWR69GGF, B0G8HJ6735, B0FY3BBCP1, B0G711NLJM, B0FZTKHQT3, B0GSQK1T6M, B0FY1HQKNY, B0G6ZHG81N, B0G43MSX6F, B0G6ZLH328, B0G8HQJ82C, B0G8HST33P, B0G43J93QF, B0FX2SPDY6, B0G8HGWN42, B0G8HNS5J4, B0G6ZLQD99, B0G6ZYNWVD, B0FWRGYQZT, B0G4MP3KCC, B0G39BMWPH, B0G716NSM9, B0FY1MP1QQ, B0FX2P8C47, B0G4MWFFYB, B0G8HR113W, B0FX2RHCLJ, B0GWQXR19Q, B0GWQZZRJJ, B0GWR7ZN3C, B0G716JML9, B0GWRGXP5L, B0G4MX9XFJ, B0GWQWDXLX, B0G4MWFFYJ, B0G8HGWGH6, B0G2LLXHV5, B0GDY5M32W, B0G71G447V, B0G711H5BV, B0FY39RHFY, B0FY1LYYW1, B0FY1MXF7R, B0GWR33TK3, B0G711H5BT, B0G8HTZNNK, B0GDXY4KXD, B0G8J7WRPK, B0G4MYZM8Y, B0FWKJ6G7X, B0G6ZN96HG, B0GWPYX567, B0G6ZJKBXW, B0GDXV1SCW, B0FY3BRN9B, B0G8J5HTWC, B0G8JJNSB9, B0GDXPWCYZ, B0G43MYDS8, B0FY1MMD4S, B0G5GS1N1K, B0G1MPTK5M, B0GSQK2JGR, B0G48S2GR6, B0FZBF8MG2, B0GCCQ1GRH, B0G6ZSL6G6, B0FY3C7T8W, B0G8J5MFL1, B0GDXPSLY3, B0G6ZR3K1Z, B0G4MXHF9N, B0GWR7GYMG, B0GH54Q7ZT, B0GC7T39WX, B0GSQL75PX, B0FZTNX11P, B0G4MXHF9Q, B0GQ38X1PS, B0G4MX259N, B0GDXSW3DN, B0GDXPSLY5, B0G4MQWJVN, B0G8HSSJ94, B0G48Y5N41, B0G8HQN3R8, B0GWR12SD3, B0G1Y5HXG8, B0GDXNTQQM, B0GDY1V8HV, B0G2LLWT3W, B0G4MVSPF8, B0FX2N5B7S, B0GWQQPVTL, B0G8HSF796, B0G6ZZBC8K, B0G48WKQRK, B0G8HJL79P, B0G6ZJCNCV, B0G8JG2HLV, B0G8JQ93BN, B0G48Y8TQ9, B0FY1MG5LX, B0FWRGCLGN, B0FWKH6SCW, B0GDXQ1TSG, B0G6ZJNH72, B0G6ZW6TWH, B0FY1MBS65, B0GH84XTWJ, B0GDXP2DLK, B0GH5VT9R1, B0G71835CC, B0FZBHGJXL, B0G4MRB2QL, B0GFCMHR5F, B0G4VS3HYW, B0G6ZCJTBT, B0G716SSVY, B0GSQP8LKX, B0G4MR8JT2, B0G6ZZN16Z, B0G8HFCKRJ, B0FX2PLZPS, B0G399F58S, B0GDY47KWL, B0GJ5GXQNN, B0GDXXDRP1, B0GDY498L1, B0G1MK2SR4, B0G6ZP63MZ, B0FZBLFJWY, B0GH8922XN, B0G3995Z66, B0G8HZC4XC, B0GDY4J43W, B0FY1JVVW1, B0G6ZMVCB1, B0G6ZSVLZF, B0G8HR3HS8, B0GJ5P5PT4, B0GDXV1SDG, B0FZTN8KHM, B0GDY34QKH, B0G6ZHD7PZ, B0G43LMW9C, B0G8HBPSL7, B0G4MY42WL, B0G6ZJVZFQ, B0G43JJDWY, B0FY1MD2D2, B0GDXTCWDX, B0FY1MLFSQ, B0G6ZSFS85, B0FY1M5LC3, B0G43Q2777, B0FX2N5DBZ, B0G4MS2GQS, B0G2LMXNQX, B0G4MVGSWT, B0GWQ1LNLH, B0G43NGLTG, B0G43HYW9R, B0G4MXL2QY, B0G39DCZFG, B0G8HMQXFZ, B0FZTQ11XS, B0G8HX7WQ2, B0G8HJ4Z1T, B0G8HJ4Z21, B0G6Z9YPGK, B0G39DYR47, B0G6ZDK2YJ, B0G8HP3M3J, B0GH5B5Y9H, B0G397428X, B0FY1J9BYS, B0G8HMTPK3, B0G716LLQD, B0G3976227, B0GWR4B2G5, B0G4MW4S2P, B0G8HSMF8Y, B0GWR46861, B0GSQCG2JT, B0G71BTW8C, B0G399FCT4, B0GSQP21W8, B0FWKF9V6S, B0G6ZYCRXB, B0GDXPP6NG, B0G4MV62J6, B0G4MTQPMD, B0GDXNT1Z6, B0G43KRLKK, B0FY1MPBCX, B0G6ZPXN7R, B0G43LN842, B0G4MS2W3M, B0GWR4LV54, B0G717TGYW, B0G8G4KL44, B0GWR88T56, B0G4MTDHG5, B0G51SJ77Q, B0FX2Q8XS5, B0G4MVV1MG, B0GDY7NSJ1, B0G4MYL164, B0FWKH4WJH, B0G8HHW55K, B0G71785GN, B0G1Y4HCC5, B0GWPXQ8P3, B0GDXTFC98, B0G2LPHNPP, B0G8HXPTCT, B0FX2QYCGD, B0G2LPHNPT, B0G8JFCXNC, B0FX2PQ9HM, B0G6ZTC6R1, B0GWQVVB5F, B0G8J6B1KR, B0FY1FND4R, B0GDY1JLML, B0G8H554ZZ, B0G8J4NJ1N, B0G48YL7FS, B0GSQL9FY6, B0G397CWVL, B0G6ZX76CW, B0G8JQN723, B0G8HC1QQ3, B0G48ZZZFX, B0G5GD2RGD, B0G43N46CW, B0GWQ2LCYB, B0FX2RZ5KX, B0G397TLNS, B0GWQYCXH3, B0GWR4KGZ8, B0G8HXN4JJ, B0G6ZRL6PK, B0G43M3WBK, B0GH4P9611, B0G6ZJWZZR, B0G6ZMK6CD, B0FX2N495G, B0G4MRHVPN, B0GDXVVW5Q, B0G8HMP9G9, B0FWRGQ9T9, B0G8J1JKTL, B0G6ZSBV1F, B0G6ZRFLNF, B0G39826MM, B0GCD846G4, B0G48TMG1P, B0G5153DMY, B0G43KRBKS, B0GDXNGYZX, B0G8HXQDWQ, B0G8HW7VB6, B0GTVSYCPY, B0G48XQPP4, B0G713G289, B0G399MMHG, B0G8HMTLM9, B0FWRGTTZ5, B0G6ZN4TBR, B0GDY4VSZ9, B0GH5ZPQJV, B0G48YCL5J, B0FWKDZP3Y, B0G714Q7JF, B0FY1MST1F, B0FZTJQZ3W, B0FX2N2RNX, B0FZBKWHF2, B0G517NRZG, B0G6ZNBYCW, B0G8HGBBS8, B0G71CB6VS, B0G4MX26NQ, B0G38YFX86, B0FX2SYYBK, B0G1Y66X16, B0G8HSW6V9, B0FY1PLSTT, B0G43JLXF3, B0GH5JBCS6, B0G6ZSP7N6, B0G48V9NGR, B0G48TTTZN, B0FY38TJSP, B0FZTWN1H1, B0FZTVWX61, B0G514CY7X, B0G8HSW6TQ, B0G6ZQ4ZY7, B0G711NXGP, B0G8HJNLSQ, B0GCDN5DHX, B0GSQF9LSB, B0G1MKVMLJ, B0G6ZQ4ZY6, B0GWR6BHGQ, B0GFD2M44B, B0FZBKQDTV, B0GH8GLQXQ, B0GH575YL2, B0G511WJ93, B0G6ZWYXHH, B0G8J1KKWY, B0G4MZ22SB, B0GH5S6LR9, B0G6ZW44N4, B0GDY2MFV6, B0G6ZW44N3, B0G4MVFCFD, B0G8HXJDNT, B0G6ZJQMJ1, B0G8JGPR5X, B0FY1J3ZRT, B0FZBVC8PN, B0G716RZX4, B0G4MQXCRY, B0G7171H9B, B0G393HTNS, B0FZBJYNL9, B0G43N5ST6, B0G71199L8, B0G398NKYC, B0G4MVCDQ5, B0G6ZNXPLM, B0GDYBKJJT, B0FX2QND26, B0G4VRB7XM, B0G71BW67R, B0G4MSJG81, B0GJ5NDLFX, B0GDXYJ235, B0G4MTTD8G, B0GH5JV2S8, B0GWR45PSV, B0FWBH6CLH, B0G6ZP7JGX, B0G6ZJ6QC4, B0G7175N8S, B0GDXZMPK4, B0G4MTZ6LD, B0GWR62W28, B0GWR5TNXG, B0FZBNW87D, B0G71B7PLR, B0G4MTM6QT, B0G6ZV5WMQ, B0FY394TDR, B0G43QFHTH, B0G4MVTPWK, B0G8HYXGLH, B0G4MR9F5F, B0G4ZHM8D9, B0G39BQML6, B0G6Z9C7GL, B0FY3FNRY8, B0G8HYQ7Z1, B0GWQ8FDYJ, B0G48Y7894, B0G43LBJFL, B0G6ZP85Z9, B0FZTLMSRW, B0FY1HL6MW, B0G48XRR84, B0GQHBWQNK, B0G8HBR26C, B0G1MS63X6, B0G8HV6357, B0FZBHNKT8, B0G4VRLXNS, B0G6ZWKSLL, B0GDXTX7YQ, B0FX2QNF9T, B0G716GXHF, B0G3FVXWBQ, B0FY3FD3XJ, B0G1MN4SGB, B0G8J17TRT, B0G4MV9RQF, B0G6ZLQ6BD, B0G4MYV3GC, B0G4MV739R, B0G399S18S, B0G4MV9RQ9, B0G6ZPDVVG, B0G6ZP2MXW, B0G1MN4SG8, B0FZBJG4CL, B0G712SJ9K, B0FWKJFY3G, B0GWQSZXYJ, B0GH5V2X6W, B0G3FTTLP3, B0G4MWBRXG, B0G51LT4R3, B0G4MX3G1X, B0G8HB88QS, B0G8HD5MK6, B0G4MWDLG1, B0G71B713C, B0GQ35YGFR, B0FW9T7N78, B0GDXXQBP9, B0G1YD2C2Y, B0G4MXFRVB, B0FY1P3TZN, B0G39D1NXZ, B0G8J93FXT, B0GWR3PV4K, B0GSQDC984, B0FZBJZJZL, B0G8HR6J45, B0G1XYZPL2, B0G39DKJCK, B0GDXRVMCJ, B0G5139M9F, B0FZBFZNXQ, B0GDXWYJK7, B0G1Y4MGN4, B0G4MV7Q6C, B0G43N4CNP, B0G4MVG1H9, B0G719S9RV, B0G4MVG1H4, B0GH5GC3LZ, B0FZTP5P9J, B0G8JF1DLR, B0G1MKRGRV, B0G712WTC5, B0G4MZ2JHX, B0G43R5MJ9, B0GDXVRVS9, B0G391JC76, B0G6ZCY4C3, B0G8HWBT7V, B0G2LPHW14, B0G8H7SFYM, B0G6ZSQH8J, B0G4MRWFSF, B0GDXYFXBB, B0FWRJ13BM, B0G3FSPZ94, B0G8HJ3RSB, B0GTQN94KL, B0GH5J94T6, B0G1N2LBM9, B0FY1MLJLW, B0GDY23R1Y, B0FY1MLJLR, B0GDY2SPQH, B0G8HSN6K9, B0G6ZT9B95, B0G5GRKVG2, B0G4MT7S4J, B0FY1JR8MT, B0G397VLZG, B0G38X7SJW, B0G1MQQ4C4, B0G8J1BVQL, B0GDXRT24Y, B0GDY1ZPXC]",amzn1.campaign.3UMRD7VCRZYOJ,Top Home Decor | Erosebridal 100K+ Styles | 15% Commission 60,Erosebridal,2026-09-04,2027-09-04,15.00%,10000.0,9979.97,133,800,false
"[B0GXYZBCC6, B0GXXL665C]",amzn1.campaign.36R88L6CZ9Z56,14K Gold Plated Ocean Charm Anklet Duo - Beach Summer Trend Jewelry Collab ✨,CTEEGN,2026-09-04,2026-11-30,10.00%,5000.0,5000.0,127,800,false
[B0F4XZ886C],amzn1.campaign.5L86YX1GEZ5Y,画架,Kileubuto,2026-09-04,2026-10-31,30.00%,5000.0,4140.73,77,800,false
"[B0GQS3N6FG, B0GQS2GRTS, B0GQS5FS87, B0GQSJYD6L, B0GQRSTN49]",amzn1.campaign.2K17EARBG9ZKL,红色破洞牛仔裤+9.2,Arkordi,2026-09-04,2027-01-12,14.00%,5000.0,5000.0,165,800,false
[B0D7VXXZPR],amzn1.campaign.R22CW39IY5A2,Reflective Spinning Bird Deterrent | Effectively deters birds,Qualirey,2026-09-04,2026-11-15,10.00%,5000.0,5000.0,137,800,false
"[B0GLXVMDH9, B0GLY48TCY, B0GLXWMMNJ, B0GLXXPBXC, B0GLXK57FZ, B0GLXR28G1, B0GLXNZB8C, B0GLXCJ26R, B0GLXLB973, B0GLXS7G1R, B0GLY4TJQY, B0GLXLT315, B0GLXL1V8H, B0GLXKC1S9, B0GLXT6JPD, B0GLXLHH58, B0GLXSQ9PT, B0GLY481DJ, B0GLXNPPYL, B0GLXPR3FS, B0GLXM4Z7L, B0GLXTQVXY, B0GLY7WGK2, B0GLYBMQ6D, B0GLXLLH9L, B0GLXC8568, B0GLXK9B2Q, B0GLXR2CDR, B0GLXHSW3Q, B0GLY5ZFPN, B0GLXWPGNY, B0GLXCD9BD]",amzn1.campaign.2ZYQL4GURBF6D,Women's Low Chunky Block Heel Leather Pumps Comfortable Square Toe,QXQDQY,2026-09-05,2027-01-20,10.00%,5029.0,5025.3,146,800,false
"[B0B4S9LG4H, B0CMWQG6ZN, B0BXL5J8V9, B0B24L214D, B0B3XGHXFS, B09SKS9DL5, B091YJKL38, B0BLGSWW2K, B0C2BVPNJ5, B0CHJBBYM4, B09W4CB9PC, B0BN34ZRJG, B0BW954853, B0F43JJZCN, B0D8T46WRR, B0CHJB8C6K, B0CMXGN4NW, B091JYYBBR, B0B55Y7KD9, B0D8SRWT1N, B0B2R4RRKJ, B0CMWRQGXF, B09VWR3WVB, B0F6MMX6ZV, B0CMWPMSFH, B0D8SSVSV8, B0BZTQVKC2, B0C3VLJH54, B09BKWV9NC, B0BLGGR5X3, B0CHJ81X6J, B0BW95B8G5]",amzn1.campaign.1F86CLEN8J7KF,10.28% commission,BIKCZEWIN,2026-09-04,2026-10-04,10.28%,5000.0,5000.0,138,800,false
"[B0FD9Z8WC7, B0FD9XKCCF]",amzn1.campaign.1EM0RR2HSW5BN,Limited - Time 50% Discount on Halloween LED Garden Flag 15,GOAUS,2026-09-04,2026-12-06,10.00%,5000.0,5000.0,128,800,false
"[B0H8PD1H2R, B0H8P29JZ3]",amzn1.campaign.1N4K078VJ251J,Newly Launched + 10% Commission: 4K QD-OLED 240Hz Gaming Collection,Deco Gear,2026-09-04,2026-10-04,10.00%,5000.0,5000.0,140,800,false
"[B0GQS3N6FG, B0GQS2GRTS, B0GQS5FS87, B0GQSJYD6L, B0GQRSTN49]",amzn1.campaign.EF5F4DI25TJQ,红色破洞牛仔裤+9.2,Arkordi,2026-09-04,2027-01-11,14.00%,5000.0,5000.0,166,800,false
"[B0G2LRDK8L, B0G2LV2418]",amzn1.campaign.3D3M5Q7X48X2R,Framed Vintage Kitchen Canvas Wall Art11%,ESHLEUUNG,2026-09-04,2027-09-04,11.00%,6666.0,6666.0,133,800,false
"[B0FSWDCM74, B0FWCC553H, B0FP4ZPLXS, B0FWCFH2CF, B0FNCS5YK1, B0FSL533RM, B0FNCS3Z1R, B0FWRDYQH2, B0G43C96JR, B0FRFJ373G, B0FN4G9NR1, B0FN4CSKNW, B0H8NVM32L, B0FNCTYXCQ, B0FRFR95B1, B0H8T3GMQN, B0FNM78RQX, B0FW58YC94, B0FWBFNBJQ, B0FN4DDCQ2, B0G1Y3JH92, B0H8NTZVGQ, B0FW9XZRBY, B0FSL4PBX8, B0FRFK4V1N, B0FRF551HV, B0FRFGZ1L2, B0FSL37YK9, B0G4C5TNTV, B0FRFJG4TZ, B0FP4MCSQN, B0FNCS48QB, B0FWB1L9D4, B0G48WC88F, B0FW4LZNYQ, B0FW56Z6ZJ, B0FWKMD3QH, B0FWCL8S1L, B0FN4GYGK2, B0FNCSVB8C, B0FSL84LHJ, B0FSL84LHL, B0FSL2HL3C, B0FW4PJWKJ, B0FSWQVH1Z, B0FN4DK9L7, B0FW9LHH52, B0H8T3D5H6, B0FSL1VB33, B0FSL1VB34, B0FWB4BN78, B0FP4J3B6X, B0FWCGVQ5C, B0FP5BMV61, B0G1Y5QK3J, B0FP4V7R5X, B0G1Y5MBQX, B0FSL39NK1, B0FP4WH5PC, B0FN4G13ZT, B0FSL86W5Y, B0FX98VY89, B0FW4NZJYQ, B0FX9BPF5X, B0FN4HHQ36, B0FY544ZZC, B0FWKPJ259, B0FWRDDGSK, B0FX987KYD, B0FWRHM7H7, B0FSJWZZ3Z, B0FNCSMTZJ, B0FRF4M36S, B0FW4RZW11, B0FP5BQB8F, B0FWR9BZ3V, B0FZTPZ8HS, B0FWRB9XBJ, B0FNCTJVT9, B0FW58KB9V, B0FW9XWFNS, B0FRF444BJ, B0FN4J1RH1, B0FP4XL5G7, B0FNM6WNPN, B0FMXKRX15, B0FRF5GG43, B0FP4TWHJ1, B0FW9LDW3H, B0FWRCQMJF, B0FWCJRTBW, B0H8NSNPVW, B0FWRDNYNY, B0FSL5GXFN, B0FN4G7BGP, B0G3986PVC, B0FSL7N6ZK, B0G39B9T12, B0FWCG4MNR, B0G39943GL, B0FP4J8HXX, B0FSL5FM3B, B0FW4LZBLS, B0FWKDFP75, B0FMXFR5GQ, B0H8T6DHWJ, B0FN4DKWJB, B0FRF4ZNGG, B0G1YJK94F, B0FZTWLCHH, B0FNCRLVBT, B0G1Y2YTGF, B0G1XZYFT5, B0FX9BR4GY, B0G4CC2GTG, B0FWCJQNYS, B0FP4XQ1R8, B0FN4HK683, B0FP4XV4HS, B0FMXH4VFR, B0FN4CT7N2, B0FW4NBL2H, B0FP4WBCHT, B0FP4JPJXK, B0FSL1ZQ1H, B0FWBPD1ZS, B0FSL531WY, B0FP4X8612, B0FSL2CN4C, B0FSL1G3JM, B0FN4F29CM, B0FN4DGHZ7, B0G1Y19F1Z, B0FWCFCWQR, B0FN4D6VGF, B0G1C6JFKP, B0FWKD553N, B0G39943GP, B0FN4DTX1N, B0FN4H3XC1, B0FSL5FK23, B0FSL5FK22, B0FW9LHKQF, B0H8NYFCQH, B0FWKHCZHB, B0FWKJMLVF, B0FP4XWWKY, B0FN4DGHZY, B0FSL2PR66, B0G1Y3MG73, B0FN4FSVYX, B0H8NQ3RBJ, B0FP4WVRJ5, B0FRFGBVBX, B0FMWL9RJ4, B0FSL5RP6Z, B0FN4BNWD7, B0FWRH517V, B0G43FKD9X, B0FSL2VFFH, B0FSL5FJJR, B0FRFK5GWQ, B0H8SXZPG9, B0FNCS9FDZ, B0FN4DX7GL, B0FMXMWVKR, B0H8NT5VTM, B0FNCS4VSM, B0G4C94ZSR, B0FS7CPDZ4, B0FRFMB78B, B0FSL4T5S9, B0FP4WYK1B, B0FW4S7PJN, B0FWB3QJW1, B0FW4S7PJJ, B0FWKJJ978, B0FZTJ55CD, B0FN4FD5G4, B0FNM7BKRH, B0FP8H5DP8, B0FP4YHKG7, B0FWKG8MFD, B0G39858FB, B0FSVTRVQ5, B0FSL2FF7D, B0G1Y5C15D, B0FSL2K3CD, B0FN4F5V6X, B0FMX8JM8R, B0FWRF1YPN, B0FP4K5DCX, B0FSWF6XFN, B0FMWZJD13, B0FSWF6XFM, B0FSL2WXHS, B0FWCCN9GB, B0FP4TZX9X, B0FWCGZVJK, B0FNCT366T, B0FRFJG36H, B0FWCGXJ7T, B0FW4SKNGS, B0FX9BX7YQ, B0G39DCWFF, B0FWR8S758, B0FSL4FB84, B0FRFMJDZ9, B0FN4F6F3Z, B0FSL5GGBB, B0FSL47LY7, B0FVXPMHNM, B0FWRHBS6Q, B0FWRHD4TP, B0FS7FBFS9, B0FW4S19LH, B0FN4FW2JL, B0FSL7Y73R, B0FR4B5CX1, B0FWB9T1L4, B0FW4NKFRY, B0FP4WSKPP, B0FSWKQKYN, B0FWBFPJBD, B0GVHWT445, B0FNCRZYHR, B0FP4H5S62, B0FX9BSCZ3, B0FWCDXKLC, B0FSL3FTBM, B0H8NSGGR2, B0FSL56QSH, B0FP4Z121K, B0FN49T4BP, B0FP4JBS86, B0FR4DGWR2, B0FWB73SHR, B0FP4WSKP5, B0FNCSR299, B0FMJ413CC, B0FWKKSDRD, B0FWCDCPVG, B0FWCDCRZF, B0FQT3Q82M, B0FWKJ56LL, B0FWRDQD2Q, B0FY2ZDVBG, B0FRFHK76X, B0FSL19R94, B0FNCXCRXD, B0FSL1SC2M, B0FSKZXWWR, B0FWBGQC41, B0H8SZMM64, B0FN4DX6L2, B0G1Y8CMZB, B0FWKS5NBD, B0FWR9YGR4, B0FWKG7V7H, B0H8T34ZWB, B0FP4TGTWJ, B0FNM9NDNL, B0FP4YD9DZ, B0FN4GLBQY, B0FNCPP43J, B0FP5173XK, B0FN4CSFX8, B0FP4KDD9G, B0H8P6NCH9, B0G1C6JHVQ, B0FSL2YLQQ, B0FW4R18QW, B0FP4XGBBF, B0G1Y5QRSZ, B0FWBLLC6D, B0GQGFX4WV, B0FWRDZNS5, B0FP4HX2RW, B0FWKGM5P9, B0FWKJGW1X, B0FRFK9VQL, B0G1Y3D334, B0FW58P7QQ, B0FWBHRYFC, B0FQV12GRJ, B0FNCRYXMK, B0FN4GLC8Q, B0H8SW7QL3, B0FP4YCQYY, B0FSX3PH9G, B0FP4TZ1XP, B0FP4X1LW9, B0FWRF5MF3, B0G397752P, B0FNCS4B2K, B0FRF5DY5B, B0FNCXD1SP, B0FRFSNJDD, B0H8NWX91L, B0FMWL8PD4, B0FP4K3BNJ, B0FX9CF9N9, B0FY2XGTMD, B0FP4JKM7Y, B0FNCV9X83, B0FWCFRVVQ, B0FN4FVD9Y, B0FWRD2D2J, B0FMXSZV1V, B0FSL61Z66, B0FWRF2B6T, B0FP4XRBLP, B0FNCTLCN8, B0FRFJT126, B0FX98MML3, B0FN49P4LM, B0FP4HV7BW, B0FNCQXWH2, B0FNCTM5PQ, B0FNCSXSFK, B0FWRD6TGL, B0FP4YV1DH, B0FSL51HMS, B0FX991Y9G, B0FN4H15PX, B0FY2Y7KMT, B0FSL5GFHH, B0FWCFG556, B0FQTC1CSN, B0FW4M31J1, B0G433JRQZ, B0FWRF347P, B0FWBC4445, B0FSWR32FC, B0FNM4N9XP, B0FW9T6XRJ, B0FMWZQRB5, B0FMWVHQZ6, B0FSL2VPN9, B0G2VXJRJD, B0FN4BVKYZ, B0FN4GD4X9, B0FSL2DZX1, B0G1Y4XDBT, B0FSL254Z2, B0FS7C3LR2, B0FN4F4KN9, B0G1YR6KJJ, B0FWBGW9YT, B0FP4XHH5Q, B0GQGDLBBT, B0FWB2CWBX, B0FSWP1N9J, B0FSL4YV89, B0FMXH45YL, B0FSL4MD8X, B0FW59339M, B0FW59M4NY, B0H8NQ5QHM, B0FW4NL4W4, B0FS7CG1D9, B0FWRDDVV8, B0FNCSJQ73, B0FWKNPCPJ, B0FWCFCHCN, B0H8NS5KG6, B0FN4CV533, B0G2VQVGTG, B0FVXQYT2L, B0FP4W8R43, B0FNM8KRWH, B0FMWZQRBK, B0FN4FZGWZ, B0FP4WVWCZ, B0FWKKPRMK, B0FWKJ6RWN, B0FNCQPR8T, B0FQTKQH5B, B0G1Y5PVBK, B0FN4FVRXZ, B0FSL2PDDB, B0FN4FRK9R, B0FWRBX2Q7, B0FWB7P1K9, B0FRF5G2X4, B0FNCVG97G, B0FP4GYSTM, B0G1Y686RR, B0FNCRGXL5, B0FP4XFRLX, B0FW9YDFWJ, B0H8P66Y2R, B0FWRC81QH, B0FMXT18P1, B0FRF5575L, B0FW9TVK66, B0FSL4WQR7, B0FWRC81RH, B0G399VF39, B0FWBMT9WW, B0FQT7Y5MC, B0FNCRBQKJ, B0FMJ4S5V6, B0FRF4NYLD, B0FNCSVMFQ, B0FSL27W3V, B0FRFK1X51, B0FWCDNF4D, B0FWCGZSW8, B0FWRBC5V9, B0FX9FB7XH, B0FP4ZCC9Q, B0FRFJBLDP, B0FRF55F4X, B0G39CVSP4, B0FSL3Q6J8, B0FWRD5HLT, B0FMXN13K2, B0FP4V26HX, B0FNCTCGWS, B0FWRGMM57, B0FNCTCGWX, B0H8P6TFVD, B0FWR9FX23, B0G39BWZYX, B0FP4V1M5Z, B0FMXPK7MB, B0FN4F2RHM, B0FN4GZRRT, B0FWB9PT63, B0FN4B3JHF, B0FWRF6CFD, B0FWRGJY6H, B0FMXK65XT, B0H8T3SMRV, B0FWRGYQZW, B0FX9FVQPB, B0FP4W61V5, B0FX993VW8, B0FP4XTWHN, B0FP4JG268, B0FW4P14H4, B0FWRDMHBB, B0G1Y5B9XF, B0FRFJKHCZ, B0FR49L95P, B0FSL47D7Z, B0FWBFT2T7, B0FWCC545Z, B0H8T85WS8, B0FQTJWDTM, B0FMXHDXH2, B0FSKZN4N9, B0FWBC4G1C, B0FW57Y5GS, B0FN4C2MT2, B0FN4BL64H, B0H8NPQF2Y, B0FSL7JBTM, B0FW4T7G9R, B0FNCTVGK1, B0FRFJLN7M, B0FNCRSJPJ, B0FRFDJX78, B0FMWN7L64, B0FP4WC8JP, B0FWKFSBGG, B0G397PMFP, B0FN4H36ZL, B0FMWL18X4, B0G39J9X3D, B0FWKGTXSW, B0FS7CC7RR, B0FNCRD87T, B0FWKFYS7S, B0FN4HN9Q3, B0FWRHZSZ3, B0FWRCRMQ7, B0FVM45QT3, B0FMXFZJQM, B0FP4X1269, B0FWRD3GDJ, B0FMXFQ5BP, B0FWRCRMQ3, B0FWRD7WXL, B0FWKDZK9H, B0FW4JMJ4F, B0FP4Y763Y, B0FSL3DSXC, B0FSL67J8Y, B0FP4WF354, B0FSL3DSX9, B0FP4WT5PM, B0FNM92GW1, B0FNM92GW3, B0H8NPXQ6Q, B0FSL2QX65, B0FMXFXBDK, B0FWRDYGRD, B0FMWZVP8W, B0FNCS6Q59, B0FNCSCPRX, B0FRFKBM76, B0FMXPWKF8, B0FW4S7QFF, B0FNCVP5BH, B0FWRDPGKF, B0FWCCV9ZB, B0FNCR3N2R, B0FW4R64KR, B0FRFJG445, B0G1Y45NHJ, B0FRFJG446, B0FNCSNHBV, B0FP4XZK2Z, B0FNCTJBFL, B0FWRDYGR1, B0FN4H8NYJ, B0FN4D4DCD, B0FSL3WJN3, B0FWCD5WX9, B0FW4QKK59, B0FRF4K8JY, B0H8P61W6G, B0FWCFXT2S, B0FSWD9FKR, B0FSL4XBZ6, B0FNCXGJJL, B0FSL4XBZ8, B0FNCXGJJP, B0FNCSF1G2, B0FN4GTVWW, B0FP4KBV7W, B0G1Y3DGM4, B0FN4F3CM6, B0FNCR943V, B0FNCR9446, B0FVXNRPRG, B0G39BMRN7, B0FN4CSJQT, B0FMXFTDSV, B0FX9CGHWQ, B0H8T3K51S, B0FSVXR4CD, B0H8NTKMG3, B0FWKJ9TGK, B0FP4WB198, B0FSL31H5R, B0FWRB99SW, B0G43BY1Y4, B0FWRBWGT3, B0FP4WSJ7F, B0FWRBWGSL, B0FW5BK5P9, B0FSL3TVJZ, B0FQTP3SYW, B0FWKMC1NY, B0FSWP6XB6, B0FP8T3TD7, B0FWRJ2R51, B0FSL57CBB, B0FW9LKL5M, B0FNCT4BCY, B0FNCT6NVF, B0FSL2QFQ3, B0FNM4NHFX, B0G399XWGY, B0H8T2S478, B0FVM5R733, B0FSL5M6GD, B0FSL3FBM9, B0FWKDRMXK, B0FSL5M6GC, B0FSL4T94H, B0FWRB5445, B0FSL6G366, B0FWRCWH8Y, B0FX9BM7BL, B0FX98HJD2, B0FWKJNWMB, B0H8NYZBWH, B0FP4XHW4L, B0FX9BXQ4G, B0FNCRV8LD, B0H8SZTMY1, B0FW57XG8X, B0FMJ969NF, B0H8NQHL61, B0FWRCT7VS, B0FWBLHMRS, B0G4C9ZBX5, B0FP4VT1NB, B0G399K9N2, B0H8NYCCVS, B0FS7CH5WT, B0FX98Q3JX, B0FQT46D7T, B0FS7CVRG9, B0FWRC3MDH, B0FN4G3JBR, B0G4CBZFXG, B0G4C8WM1L, B0FSVSS4GG, B0FRFLYZZG, B0FRF59KGJ, B0G1Y47CSB, B0FW9TY42P, B0FRFJS13L, B0FSL6WZB1, B0FMWQQGD7, B0FP8J3RPJ, B0FWRDVG29, B0FWRB8ZKY, B0FP4KLQ1H, B0FN4F32RW, B0FSL36Z6B, B0FSL4T4WY, B0FNCQ2DGF, B0FN4H9CGK, B0FX9C77C3, B0G1Y4HCBF, B0FSL57NDQ, B0FW5B5SH9, B0FP4ZCL85, B0FRF2LXY8, B0FN4H8QF9, B0FNCS8LN3, B0G2VTHC17, B0FN4G7W1X, B0FWBFVGCL, B0FSVTRDS7, B0G1Y38FTR, B0H8NWTGGH, B0FNCRWLLS, B0FP4WBZ52, B0FNCSQQM5, B0FSWQZJBT, B0FNCRRLBS, B0FNCVPWHV, B0FWB4RYW7, B0FWBGNB8N, B0G1XZX3KY, B0FQTTYM4B, B0FWRCXWML, B0FW5CN8J6, B0FN4GDZVX, B0G39DTHTZ, B0FN4H5LKV, B0FWRDSS7H, B0FSWF45HG, B0FP4XJD42, B0FNCQC9DS, B0FVM34S7J, B0FN4H1JT9, B0FNCSJ3GM, B0FNM669RP, B0FWCJ98Z7, B0H8P671T4, B0FWRDZLVR, B0FNCS9MRC, B0FNCR3CM2, B0FP5C3RSB, B0FW9VC23M, B0FWRCNMXW, B0G1Y6YN18, B0FMXFRKP3, B0FNCT3GXK, B0FP4WV1FL, B0FP4WYP9Z, B0FN4FDJ3D, B0FNCQXMM5, B0G1YJKX2J, B0FNCSG4SV, B0FN4DKVMK, B0FP4YSCX2, B0H8T11997, B0FVXS4C8J, B0FWKGRL7H, B0FP4Y566Q, B0G39BHY2D, B0FP4XL8SF, B0H8NRDJH2, B0FSL4QBWR, B0FQV153KR, B0FSL34QGY, B0FRFHSGRC, B0FR4BQH52, B0G39B31D8, B0FS7DXGLJ, B0FSL42C4S, B0FWCDZCZ5, B0FSL332MP, B0FP4YGMPB, B0FWRBYVCK, B0FMXFPKSR, B0H8NVMYXX, B0FSL56YCM, B0FP4NZGLG, B0FRF6HWN5, B0FN4FBV2S, B0FRFJWLDD, B0FSL4SM1Q, B0FWCGXBGB, B0FW9TNHSM, B0FN4FHQ6L, B0FWKFVCPP, B0FN4F5STH, B0G1Y861JX, B0FNCR6HS5, B0FMX36ZW4, B0FRF4B5TQ, B0FMWZDNZ6, B0H8NTCXBX, B0GVHQF5FT, B0FMWZK62Z, B0FY2W7LKM, B0FQTMLQG9, B0FS7FPM3M, B0FN4FQYJZ, B0FW4RTM5B, B0FWRF69WJ, B0G1Y9FTDN, B0FWRBBBSF, B0FP4XRJ7C, B0FWRGV33X, B0FN4FDDL9, B0FWCGTFZ8, B0G1Y5GPK2, B0FWB1HCRG, B0FW9LD1CC, B0FWRKFPKG, B0FNCT9H4J, B0FVM4KK8M, B0G1Y6KTHY, B0FN49DW28, B0FWB7PD18, B0FNCTNBJT, B0FSL4RL43, B0FW4M1YB9, B0FP4XDBKZ, B0G4C5TX8F, B0FWKGC41N, B0FS7GNQB7, B0G1Y4XP5W, B0FSL2LGMZ, B0FRFJZDGK, B0FNCTMPC7, B0FP8KLFLW, B0FWCG4W77, B0GVJ1N4LD, B0G1C8SLGL, B0FSL4XWRR, B0FSL4XWRT, B0FNCSHMGX, B0FSL3LGQY, B0FW4JN4QR, B0FNCTM6Q4, B0FWRL81ZJ, B0FSL3KV2Y, B0FWRB7ZGL, B0FSL3NVK6, B0GVJ5BP82, B0FP4V1ZJP, B0FN4FWPL4, B0FSX1RQ1H, B0FWRHH8FP, B0FRF5BMCT, B0FSL2KK9M, B0FNCQSMDW, B0FNCSBY1P, B0FRF2N6LQ, B0FMWZVBR8, B0FNCSMXPB, B0FQT9T3X2, B0FWBH6CLG, B0G1YD76MT, B0FS7CN36J, B0FSX3Q4PG, B0FNCTLV2Z, B0H8NWXDHP, B0FSJTL3VF, B0FP4Z8K2M, B0FP4Z7KVP, B0FW4P3B3Y, B0FMWVLCRP, B0FWCDJGHT, B0FMXKM47K, B0FX9DVTX2, B0FX98N3V1, B0FW58B3TX, B0H8NQXVXS, B0FNCTQGGL, B0FSL429J5, B0FMHZPWCP, B0FSL48GSY, B0FN4FTN5K, B0FWKH5D4D, B0FSL66NZV, B0FSL3JLND, B0H8P24HRV, B0FNCSL5XR, B0FWRB3XD8, B0FWCDPDNR, B0FRFM7VJT, B0FP4XC188, B0FMXFWGL4, B0FY4XWY1Q, B0FNCS8WV2, B0FSL1ZDG1, B0FWRD1TKB, B0FX98JW5S, B0GQGB7DJT, B0FY4XWY1L, B0FY55NMT4, B0FY54FRS2, B0FSL375ZL, B0FWRB95LW, B0FWRKDRP5, B0H8T47KLG, B0FWKJBD8F, B0H8T8Z3X8, B0H8NTBJBS, B0FWKG5GX4, B0FRFRHP1Z, B0FP4V1GQD, B0FS7G2BTC, B0FWCHVYHW, B0FSL26D6K, B0FWRDJWF2, B0FN4DK21V, B0FWKJFCGZ, B0FWRCJQ4W, B0FNCRXJ6Q, B0G39B3S11, B0FSL4YS58, B0FNCT61Y6, B0FP4Y194G, B0FY55NMT1, B0FNCTC46P, B0FN4G8LK3, B0FP4VX21S, B0FP4TZDH2, B0FSL36WB2, B0FNCT61Y8, B0G1YMXYMC, B0FSL1QK1N, B0FY4SL4CC, B0G399HPW7, B0FY4Z5SVF, B0FQT4C1YT, B0FWKGPLLR, B0FMXT539B, B0FSL3KC4Y, B0FWB9R4SY, B0FSL2KV5T, B0FSWDXK13, B0FX9911W6, B0FP4WKQY3, B0FNM7YZZT, B0H8T1M5N3, B0FWRKGM7H, B0H8SZT9DW, B0H8SXZZK6, B0FNM7PGP2, B0FSL2568F, B0FWRDRTNN, B0FP4W195M, B0G2VT4RV8, B0FSWKQWT8, B0FP4KPNWV, B0FN4FQQGS, B0FZTQ25Q3, B0FMX986W1, B0FW9TSBMR, B0FW9T78LV, B0FNCS1K58, B0FNCQVRNC, B0FWR9Q4K7, B0FNCR1FG8, B0FWBGT1SS, B0FSL5M28M, B0G1C5CGJK, B0FSL52BH5, B0FSL632J9, B0FRFMKKTZ, B0FN4G12PM, B0FWKG21S8, B0FW9Y7TWF, B0FX9CKTL9, B0FWB4C8SP, B0FWCCLMDJ, B0G4C8RBZC, B0FWKG78RG, B0FN4DD63L, B0H8NVF6XF, B0FX9933PZ, B0GQGB1FYT, B0FN4HRVX1, B0FWKCPVTM, B0FWBFVV41]",amzn1.campaign.2485ALZZCQ0DA,Top Home Decor | Erosebridal 100K+ Styles | 15% Commission 59,Erosebridal,2026-09-04,2027-09-04,15.00%,10000.0,9987.16,127,800,false
"[B0GZKSWF3X, B0GZKR5T3Z]",amzn1.campaign.3B0JPIWBSK3LP,Vintage Tin Sign Organic Retro Metal Wall Art Rustic Farmhouse Kitchen Decor,PlikPlakey,2026-09-04,2026-11-17,10.00%,5000.0,5000.0,132,800,false
[B0F62W3HJB],amzn1.campaign.2V96LP0XJ0ML5,Megneta | Berberine With Ceylon Cinnamon Liquid Drops+DROPS-P,MEGNETA,2026-09-04,2027-09-04,10.00%,8888.0,8886.29,130,800,false
"[B0B4S9LG4H, B0CMWQG6ZN, B0BXL5J8V9, B0B24L214D, B0B3XGHXFS, B09SKS9DL5, B091YJKL38, B0BLGSWW2K, B0C2BVPNJ5, B0CHJBBYM4, B09W4CB9PC, B0BN34ZRJG, B0BW954853, B0F43JJZCN, B0D8T46WRR, B0CHJB8C6K, B0CMXGN4NW, B091JYYBBR, B0B55Y7KD9, B0D8SRWT1N, B0B2R4RRKJ, B0CMWRQGXF, B09VWR3WVB, B0F6MMX6ZV, B0CMWPMSFH, B0D8SSVSV8, B0BZTQVKC2, B0C3VLJH54, B09BKWV9NC, B0BLGGR5X3, B0CHJ81X6J, B0BW95B8G5]",amzn1.campaign.1AZRXVREXH7L3,10.27% commission,BIKCZEWIN,2026-09-04,2026-10-04,10.27%,5000.0,4991.76,136,800,false
"[B0FD9Z8WC7, B0FD9XKCCF]",amzn1.campaign.2ESZLVZIMIAHR,Limited - Time 50% Discount on Halloween LED Garden Flag 14,GOAUS,2026-09-04,2026-12-04,10.00%,5000.0,5000.0,133,800,false
[B0GCLVLMZ7],amzn1.campaign.ND780OUOISWB,Collaboration Opportunity – Viterlight Butterfly Solar Rain Gauge on Amazon US,viterlight,2026-09-04,2027-09-04,15.00%,5000.0,5000.0,133,800,false
"[B0GWCDMZNZ, B0GXKGC6GN, B0FNMMR9MZ, B0GWCC31T4]",amzn1.campaign.260WR2VEF0P98,🎃 Cute Halloween Bathroom Find | Ceramic Duck Decor | Earn 15%,MENNTY,2026-09-04,2027-09-02,15.00%,60000.0,60000.0,142,800,false
"[B0H98T1FFY, B0GTVN5G74, B0GTVCQW13, B0GTVH61CT, B0GTVM4LGR, B0H98SYXH7, B0H98SM4CR, B0H98TT3QW, B0H98WWM9S, B0H98GDL5F, B0H98RR8YZ, B0GTV9SRS1, B0H98QKFFN, B0GTVL5GGV, B0GTVKWBHD, B0GTVRGFW6, B0GTVH57WV, B0H98GLWTC]",amzn1.campaign.2DL6KKSWW5JFT,Earn high commissions——Experience fashion style with Hathne!0028,hathne,2026-09-01,2027-03-02,16.73%,5000.0,5000.0,158,800,false
"[B0GQS3N6FG, B0GQS2GRTS, B0GQS5FS87, B0GQSJYD6L, B0GQRSTN49]",amzn1.campaign.HSXBJWYZ90DX,红色破洞牛仔裤+9.2,Arkordi,2026-09-04,2027-01-10,14.00%,5000.0,5000.0,167,800,false
"[B08V4QMB3H, B08V4WVQQS, B08V52J3GG, B08V56FP5J, B08V4XXF9Z, B08V4RMRXP, B08V4L319D, B08V4WH41L, B08V518PHP, B08V4WSSG1, B08V4BCZVT, B08V52V7BX, B08V51T4P8, B08V52P74P, B08V59YGHQ, B08V5PKJV5, B08V4W7W7K, B08V5FVN92, B08V4QMZJG, B08V516VCT, B08V4XZCGM, B08V53RHFP, B08V5MKXBW, B08V54Q8FQ, B08V4YSNLK, B08V52ZXGT, B08V4S32CF, B08V56BLHZ, B08V57M5X8, B08V4VH2GS, B08V4T6RN1, B08V5FH5K4, B08V3LPJS9, B08V57T87G, B08V53TC78, B08V5RR5WF, B08V4NCBNP, B08V5CJX4T, B08V5422T9, B08V51HL49, B08V4WV2G4, B08V55J7ZP, B08V53XCPN, B08V53YWMC, B08V4VL6K4, B08V4XZCGN, B08V4VFLPF, B08V4WJYWS, B08V5MSDVS, B08V4Q99W6, B08V4TNQJX, B08V562SMZ, B08V5CSNF2, B08V52X493, B08V546K9F, B08V5FYQV9, B08V55GV8N, B08V4B9FTJ, B08V4NDMZS, B08V4SQJGF, B08V58WXH6, B08V4H2QBS, B08V5CH3B5, B08V55G9P3, B08V57N4GL, B08V57N4GK, B08V57N4GM, B08V52GGTB, B08V4VZZNW, B08V4B9R7J, B08V4XKWMX, B08V56VPC5, B08V4ZK6MY, B08V4Z8X99, B08V5381HM, B08V58M75B, B08V58BVSS, B08V4R2638, B08V53QVYR, B08V544MZJ, B08V51VMNJ, B08V4RPN4B, B08V5CF5W8, B08V55P9C7, B08V57361Z, B08V568RFW, B08V5RT1MJ, B08V573622, B08V57NFHZ, B08V4R1W1X, B08V4TYXT2, B08V36RPGD, B08V4LGXN4, B08V5RS3ST, B08V329YMV, B08V4XJY69, B08V5MYZ3Z, B08V4Z9KNZ, B08V4NMTQ9, B08V4LGMFG, B08V4X5F8F, B08V4NP5T5, B08V557C6R, B08V4Z676R, B08V4T3VHQ, B08V5M9RSC, B08V5818W2, B08V56ZKJK, B08V4Q1M15, B08V58HBLW, B08V4H815W, B08V54DVRT, B08V4QP79J, B08V59XV7W, B08V4X5F8K]",amzn1.campaign.1KN70X6YVEZ9Q,LSWL-A024-A1-back school-10,SAGUARO,2026-09-04,2026-10-31,10.00%,5000.0,4992.97,123,800,false
"[B0FD9Z8WC7, B0FD9XKCCF]",amzn1.campaign.2MRPNCA0V9AB,Limited - Time 50% Discount on Halloween LED Garden Flag 13,GOAUS,2026-09-04,2026-12-03,10.00%,5000.0,5000.0,133,800,false
[B0FJL25HXS],amzn1.campaign.7W4LHB7VH11S,An affordable and effective drip irrigation system,EverZenHub,2026-09-04,2026-10-08,20.00%,5000.0,5000.0,126,800,false
"[B0B4S9LG4H, B0CMWQG6ZN, B0BXL5J8V9, B0B24L214D, B0B3XGHXFS, B09SKS9DL5, B091YJKL38, B0BLGSWW2K, B0C2BVPNJ5, B0CHJBBYM4, B09W4CB9PC, B0BN34ZRJG, B0BW954853, B0F43JJZCN, B0D8T46WRR, B0CHJB8C6K, B0CMXGN4NW, B091JYYBBR, B0B55Y7KD9, B0D8SRWT1N, B0B2R4RRKJ, B0CMWRQGXF, B09VWR3WVB, B0F6MMX6ZV, B0CMWPMSFH, B0D8SSVSV8, B0BZTQVKC2, B0C3VLJH54, B09BKWV9NC, B0BLGGR5X3, B0CHJ81X6J, B0BW95B8G5]",amzn1.campaign.2LOQSKPVBP0BR,10.26% commission,BIKCZEWIN,2026-09-04,2026-10-04,10.26%,5000.0,4998.56,140,800,false
"[B0FD9Z8WC7, B0FD9XKCCF]",amzn1.campaign.2ZHTI44J69PLU,Limited - Time 50% Discount on Halloween LED Garden Flag 12,GOAUS,2026-09-04,2026-12-02,10.00%,5000.0,5000.0,134,800,false
"[B0H98T1FFY, B0GTVN5G74, B0GTVCQW13, B0GTVH61CT, B0GTVM4LGR, B0H98SYXH7, B0H98SM4CR, B0H98TT3QW, B0H98WWM9S, B0H98GDL5F, B0H98RR8YZ, B0GTV9SRS1, B0H98QKFFN, B0GTVL5GGV, B0GTVKWBHD, B0GTVRGFW6, B0GTVH57WV, B0H98GLWTC]",amzn1.campaign.EE7NCQJSMHFC,Earn high commissions——Experience fashion style with Hathne!0028,hathne,2026-09-01,2027-03-02,16.72%,5000.0,5000.0,159,800,false
"[B0FB34WHS1, B0FB376D7X, B0FT7KGTW4, B0FB374ZY5, B0FB353STZ, B0FB3BK4SH, B0FB37FB3T, B0FT7H3WCY, B0FB36VN14, B0FB39YQH4, B0FB3785T2, B0FB36TJZD, B0FT7D4DQC, B0FB37Z6HN, B0FB333Y5H, B0FB36YMNT, B0FB37GGVG, B0FB37N5P6, B0FB37Q3XB]",amzn1.campaign.1AM1CLJ20V4BH,Grace Karin Girls Party Dresses | 10% Commission-CL0158A25,GRACE KARIN,2026-09-04,2027-04-30,10.00%,10000.0,10000.0,89,800,false
"[B0F7XZVKTQ, B0FQV274WN, B0FHWFK2BK, B0FLD6CHNY, B0FC2DZ61R, B0FHWGG58B, B0FWK4H28G, B0FB95167M, B0FT183YLX, B0FHWGG586, B0FGHP9D7G, B0FH4WZPMG, B0H8TB9FRH, B0FC2K9J91, B0FHWFQMFQ, B0F7Y19VRP, B0FHW9PWCP, B0F7XZT96W, B0H1C1DDS5, B0FQTGNMPP, B0FHWDG6LR, B0FH4WNR4X, B0GDY7XV4B, B0FHWCK48T, B0FNRDR3HK, B0F8HJ4YRG, B0FB87LN61, B0FLD8BPGT, B0H8SY2ZKX, B0FWK28PYV, B0FQV4STJ4, B0FNW5HFTN, B0GDXX9DTB, B0FB8JTR9F, B0F7Y1BF5Z, B0FQS4K92Z, B0FNRDC3VB, B0FJRMYQDQ, B0H1C99F9Y, B0F7Y342GN, B0GDY2TFMM, B0FNRCT9KP, B0FHQ8N62N, B0F7XZFBV3, B0FHQDLDG8, B0FNRCDD11, B0FGHL3S3J, B0FHHBZ9PG, B0FC2FGCHQ, B0FCFW38FT, B0F7XYGPB4, B0F7Y159JJ, B0FNRFCKT2, B0FNW53PCS, B0FVLLMYY4, B0H1CJRBNB, B0GQLQKSFM, B0FVLLMYY3, B0FVLNFYW6, B0FC2LTFKN, B0F8HL7P9C, B0F7XXC2NP, B0FNRDVYNV, B0FLDC2BKN, B0G34PRCTD, B0FP1NPJK6, B0F7XYB47W, B0FHQDP9GW, B0FNRCKPVW, B0FNRF5878, B0FH516DDT, B0GDY7XFYW, B0H1CFN5V5, B0FHQF52QQ, B0FHPSJWM9, B0FHWDYRQR, B0FHWCW2TC, B0H8NVHL67, B0FB8CHGR8, B0FHQCHWYQ, B0FQTN9V7K, B0FQTHF59S, B0FQTMM1PD, B0F7XZC9P7, B0FC2F5ZHL, B0F7Y1FXS3, B0FNRF37Y5, B0H1CBTCMX, B0F7XY8F7K, B0FVX3238C, B0F7Y1L5Z3, B0FHQBSG4W, B0FQTN9V74, B0FVLQ67M5, B0F7Y1L5YY, B0FP1Q5D7G, B0FVLQFR1Y, B0FVLQGRP3, B0FHWD3TDL, B0FHWD9WYJ, B0FHWCDYYY, B0FHHDC6RR, B0FC2F84VL, B0F8HDPR4V, B0FB96KDS5, B0FHWG5J65, B0FQTKMJW4, B0FHWCZC1P, B0FHWF2ZBW, B0GXZ3FWSD, B0FGJ74QL1, B0FVX5P8ML, B0F7Y2318Q, B0FHH5PRMW, B0FVX6DX3F, B0FP1N45GM, B0FP1R1JKV, B0F7XYGTDX, B0F7XZ58YP, B0FJLSXMMP, B0FC2KXL96, B0FH537R8C, B0FJRSYW2K, B0FJRMCFW2, B0H8NV7J9B, B0H8P3XF7D, B0FB951C8F, B0FHQ6VGGB, B0FQTCPFBL, B0FHWF6Z8H, B0FQV13D42, B0FGHL41Y7, B0FJRL59C5, B0FP1QBZRB, B0FHWDZT5P, B0FNVZYYZQ, B0FWK3K145, B0FC2DCS5C, B0F7XZMKZ5, B0FNVZYYZM, B0FGJ3PTKK, B0GVHKXYFS, B0FB89GR28, B0GQLJ93PV, B0FHQCDTB3, B0FQTJX7JX, B0FT153CNZ, B0FC2G8M5N, B0FJLTWFF8, B0G39DDC7C, B0GVHVTFJQ, B0FNRC78YP, B0GXZ43TG5, B0GQLN19YC, B0H8T7SNY1, B0FJLX1M9L, B0FP1NDMFF, B0H1C97FH7, B0GXZ2Y4PJ, B0FNVZX6YP, B0FQTGK7GY, B0GQLCRBJ5, B0H8SV8CRX, B0FHWDTXVL, B0FJFSG7CT, B0FB82L7QP, B0FLD661KQ, B0F7XZ98PX, B0H8SVZ5QB, B0FCG1FMQ6, B0G34PQ1ZQ, B0FT16K6KM, B0FNRH1BVZ, B0FNRFQGZV, B0FN7P2J3Y, B0FVX3N1Z4, B0FHPSJNV1, B0FCG239GC, B0FHWDDR86, B0FVLP7H29, B0FT1789N1, B0FQTFVJBF, B0G34M8YDW, B0FHWDY9HP, B0F7XYF5FD, B0H1C6L5X3, B0H1C6Y9XC, B0FJLRF9Z1, B0FJLWDTJB, B0F8HDMYW7, B0FG7DGQC1, B0FP1S3TZM, B0FP1TGWJC, B0FGJ62MBY, B0FB883BHW, B0FNRFNT9W, B0FNW5KGQY, B0FHB8WM25, B0GQLJM674, B0F7Y1V8Z5, B0FJLW32YD, B0GXZ2HHDN, B0FC2HGB1J, B0FB8W18HL, B0H1C4W1GY, B0GVHQZ4GC, B0FNRDY3P4, B0FJRN9LK4, B0FVX575LR, B0FHQ8JX4Q, B0F7XXBLYY, B0H1C99B5T, B0FHWFH45K, B0H8P37PFT, B0FQTNB652, B0FNRDBB2H, B0F7XX6CKR, B0FG7DLMJD, B0F7XY33XL, B0FNRCQS7L, B0H8P12VGK, B0F7Y2LDM4, B0FG7JLNV8, B0F8HNCP2P, B0FP1LXYS2, B0FNRDC6LZ, B0H8T7SHFZ, B0FNW46DTL, B0FG7HFX26, B0FGHRD8XS, B0FVLMF9F9, B0FHQC3T9X, B0FNRFG4DR, B0FHH8Q9MT, B0F7XZRNWQ, B0FHWGLSVC, B0H8SZZS8R, B0FHBBR4XT, B0FLD8KN9V, B0FH4Z5XFH, B0FP1RS67G, B0FCG14X95, B0FCFZ9Y8W, B0FB82KFGH, B0GXYTMWMC, B0FQTWCNFG, B0FVX6KVRG, B0FC2KWJ2V, B0FHWDVVNL, B0FVX3XXBB, B0H8NV7XLM, B0FB95LT68, B0FHWG6P1Q, B0GXZB5YVH, B0FGHQTFC6, B0FHW8ZBG9, B0FC2FL3KK, B0F7Y1JMBL, B0FB95FL8S, B0FHWD9VBK, B0FHWCBMTJ, B0H8NYD8YX, B0FG7F1MNK, B0FHWHLXDH, B0FG7D2H9B, B0FNW26SDB, B0F7Y1CM7L, B0FQTRMSBL, B0H8NQTMQ8, B0FB8DNJXR, B0FWK4X4ZP, B0FG79Y31L, B0FB8697S4, B0H1CBCFY4, B0G34P1N9K, B0FHWCWSGB, B0FHW9PRDS, B0FN7QRLW5, B0FJLWYV25, B0FLD7N59C, B0FJLWYV23, B0FJRMKMYV, B0FJLWZY52, B0H8T7ZBB5, B0F7XX22P3, B0F7Y2F274, B0FLDBJYC4, B0FGHQSC7S, B0FHQBZZ3H, B0FWK4PQKL, B0FJLZGG5F, B0GQLGWFFL, B0FB8RTNBT, B0F8HNN69L, B0H8NY4C81, B0FB7X2K9N, B0FP1Q132H, B0FC2C5GJL, B0G34KS4NW, B0FJRN58X7, B0FCFY5B78, B0FJFQ7TB5, B0F7XZY7ZT, B0FHW9NTMN, B0FVX4KN4M, B0FNRC9LWX, B0F8HZ43YP, B0F7XXPDYR, B0GQLXHRVJ, B0FH4ZTGCQ, B0FNRDL528, B0FLDBSB75, B0FC2BL2YH, B0FWK4JXMD, B0F7XVN1R3, B0FNW31TXR, B0FWK259GP, B0FB8YGP3T, B0H1C9BFK8, B0H1C5QNHK, B0FC2K5LRC, B0FHQC2M7V, B0FC2HJQPV, B0FG7LLPZB, B0FHHCBQBZ, B0FJLV1BHP, B0FQTWDQT1, B0FVWZW83J, B0FJLWZLH7, B0F7Y3SFYH, B0FT166C73, B0FGHP6T83, B0FN7QBTPY, B0FHQ96XG9, B0FHWCXVLW, B0FHWCXVLY, B0FVX7NVXZ, B0FHWCXVLX, B0G34MJTRJ, B0FVX3DBM8, B0FG7DY91P, B0FVLRJJL5, B0G34Q82W2, B0FHQ8NC1J, B0FHQ8L26J, B0FNRGPGKW, B0FJRNGHB3, B0FC2MQ2RX, B0FJLW2ZWF, B0FHWDL87Z, B0FGHJG4K2, B0FHWFJZNL, B0FNRG64S7, B0FHWFJZNN, B0FHWFJZNM, B0FC2FYQHV, B0FHWDPLTV, B0H8NVFSNB, B0FVLPNNKP, B0H8NVFDQJ, B0FH513XVL, B0FHQ5W7Q1, B0FG7L3XR4, B0FJLT4ZCX, B0G397QR6Z, B0FT15YHWW, B0GDY5KRR5, B0FHWDLYY3, B0FJLX42L9, B0FJRLT4NK, B0F7Y1811J, B0F7XZ9LGH, B0FGJ467RL, B0GDYB74HZ, B0FHWCQMNR, B0H8P9F7K5, B0FNRHVMGD, B0FLDBG3ZR, B0FQV1HMVK, B0FH53CZ8X, B0FJFQHWNQ, B0FJLT8T2H, B0FJRM3CSX, B0FHWFY7Y2, B0F7Y2SWS5, B0FHWFL5ZY, B0F7XYF6Y8, B0FGJ68X64, B0FWK3H4NR, B0FG7DTG81, B0FHQ9DW76, B0FHWFMD4P, B0FHWFMD4Q, B0GDYDK97V, B0FNW6CBPF, B0FQTJXW4H, B0FG7JNPMM, B0FNRFYCH9, B0FNRCSRJL, B0FHPSLZ4M, B0H1BW4TV1, B0FGJ42ZGF, B0FGHFVWYM, B0F7XY273T, B0FVX4CW65, B0H1C1CHVV, B0FHQCDDVY, B0FCFZF34F, B0FHQ8ZXW1, B0FP1TC5B8, B0H8T4XJBN, B0FQTW45LV, B0FH515ZYK, B0FHWHTHR7, B0H1C5J6N6, B0FHWH2VS1, B0FC2DMMZ3, B0FGJ4421Q, B0FNRHDZS1, B0FT15BHR4, B0FNRDND7B, B0FHWFNKJN, B0F7Y12HM8, B0G34PG419, B0FQTKY62H, B0FT17L33G, B0FVX4HZKM, B0FHWF7JN6, B0FCFW5NPL, B0FHWFN8FK, B0FHWFN8FJ, B0F7XZK7NH, B0FG7BSCYL, B0FQTZQY13, B0F7XYGZ88, B0FGHKFJH4, B0F7XYGZ86, B0H8NQCP3W, B0FHWDJ6D5, B0FP1SZ5TY, B0FWK57689, B0FNRC45DN, B0FP1N6ZPF, B0G39B1WH9, B0FHQC5M8Q, B0FNRFF1QG, B0F7XXKNP1, B0FQV2KQS8, B0F7XZPKGQ, B0FB8P787M, B0GQLPC4XD, B0G34NXVYM, B0FJLTLSXK, B0FNRC3TCQ, B0FGJ4KS2D, B0FNW4LMQX, B0FHH9QD96, B0F7Y25KQK, B0FJFQ2TCY, B0FHWJCW4G, B0FH4WWB8W, B0H1C9X49G, B0G34PPP1W, B0FVX6JQYM, B0FNRDYS8M, B0FP1QTR2F, B0FGJ5JZGF, B0FWK379Y9, B0H1C9722Y, B0FQV3F7PQ, B0FHH92B3X, B0FJLTGYWW, B0FJLVVK85, B0FB8M1QK4, B0FCG1RVHG, B0FHWG53FQ, B0FJLWY6D6, B0FWK3XYP5, B0FLD8JD61, B0FHHB1RVJ, B0FQTNC244, B0FQV5C159, B0F7Y1TKKN, B0FHPSLGJT, B0FHWG5WNB, B0F7XZ9YL1, B0FQV1H13X, B0FLD89YQ4, B0FQV3CF4Y, B0GDXZ2W6V, B0FLD8Q9K7, B0FLD8Q9K9, B0FB89H23G, B0G34SBJXC, B0FGJ8D7C6, B0FHWD7395, B0FCFW6BPD, B0FHWD7397, B0FHQCPBY5, B0FHQGFLVV, B0H8T1WM8X, B0FCG17FZF, B0F7XYQRSP, B0FHQ8VQKK, B0FHBCP65Q, B0FLD8ZK1S, B0FB88WHQK, B0H8NSBK9X, B0FP1SGCGF, B0FG7DXYW6, B0FHWD44BQ, B0G399XWH8, B0FHWJLND1, B0F8HDP148, B0FQTT8Q4W, B0GXYY1ZRM, B0FWJXF1NC, B0FNRF8YBV, B0FHQ8THZ8, B0FQTXGWJZ, B0FNR8JMHK, B0FWJZ5PST, B0FHW9QXZQ, B0G39B7CTW, B0FH522J47, B0H8NYCNM6, B0FHWG4RR8, B0FB7Z118G, B0FN7TZ9CF, B0FVX899QQ, B0FHW9P3TB, B0FLD94M9F, B0G34PMM8B, B0H8STB53W, B0GXYVM7B9, B0FNRFD1PB, B0FNRDF3G5, B0FJLWBFQG, B0G39BG5JP, B0FT155LYQ, B0FHWCZCR6, B0FVX4KPH4, B0FNRC22Z7, B0FQTVW1H2, B0FNW65YRK, B0FQTZ6XHJ, B0F7Y127B5, B0GVJ3MM6D, B0FNRBM9SQ, B0H1CB4L5B, B0H8NV57Z4, B0H8NQH2DZ, B0FLD8HSD4, B0FJRMXBRQ, B0GQLTKRZ4, B0FVLMV7JK, B0G34R5FXZ, B0H1C4VC2G, B0F7Y1782L, B0FC2GVBH1, B0H8T3F28W, B0FJLS53B5, B0FHWFL2KB, B0H1C2HRKT, B0FQTYQW3W, B0FG7DNTVH, B0FWJX85L8, B0H1CBL1X6, B0FHWH33Y3, B0FH4Y5R9W, B0GDY7M6SK, B0FNRCMG7Q, B0FJLXHPTY, B0G34QQJPK, B0FG7F4HRY, B0FJLVHQ5H, B0FJRLLLHD, B0FHQC6J9Z, B0FC2K49CP, B0F7Y2WRJY, B0FJLWW96T, B0H8P87XGW, B0FNRDD7YD, B0FQSV3949, B0FJRLCCQZ, B0H8NZ8PRD, B0H1C8J5DF, B0GQLTV4Y8, B0G34JCDQ4, B0FLD664SK, B0FC2JNTFZ, B0FHW9HRF8, B0FB8TQG9D, B0H1CJ12K8, B0G34K4N59, B0F8H6P53H, B0FB95S1HD, B0F7XY4493, B0FVLMG5QW, B0FB8J2Y91, B0FP1QCMYC, B0FHWG29DR, B0FHQC4NJ1, B0GDY5G33T, B0F7XW3D3B, B0H8NVCZWZ, B0FLD9X3T9, B0FHWCRQFY, B0FHW9NKCT, B0FNRH4HWF, B0H1C4YVKX, B0G34MTBFR, B0H1C2WVJX, B0FC2MM46Z, B0FB8NSXLZ, B0FHWFQ7JM, B0F8H24ZY5, B0G34QQTGW, B0FHQ849RG, B0FHWGGZQX, B0H8SLQCWP, B0H1C9CHPN, B0GQL96J4G, B0FJLVDQF6, B0FC2DW4G9, B0FJRMFCP2, B0F8HF9JBV, B0F7XXXXNN, B0FHWDN8KL, B0FC2JV4CJ, B0FHQBYZ2G, B0F8HB3D73, B0FHQD5CWQ, B0FVLNNBF5, B0F7XZ9Z8K, B0FHWDVBGC, B0F8HTVWCV, B0FVLPFTHW, B0F7XZFSDM, B0FG7DRLBY, B0FJLVTP1W, B0H8T8HYPG, B0FHWJLDBP, B0FQTF84HK, B0H8NWVG7R, B0FHWF8VTL, B0H8NWVG7S, B0FJLV7SNR, B0H8NZ9T2S, B0FNRCHSTD, B0FQTY8GFV, B0H8NTN1S8, B0H8SZQMK7, B0F7XZPJ6N, B0FC2FN911, B0FHWHQWT8, B0FHWDVQBZ, B0F7Y28GPT, B0FQV2J3KN, B0F7XZ75XJ, B0FB8RHRPT, B0FHWGYCQM, B0F8HN2Z5Q, B0FHQ92WTF, B0GDY7HSSM, B0FHPSJYBC, B0FQV1QDQP, B0GDY75VQ8, B0GQLH99HY, B0FJLQZ36M, B0FT162Z41, B0FQV3H43Q, B0FH53LLK7, B0FB97SX2G, B0FJLTB5PV, B0FGHPWY51, B0F7Y2THZK, B0FHQ9CYG2, B0FJLW9V6Q, B0FVLQGLV5, B0FNRD9ZWF, B0H8T89712, B0FHWF4JGP, B0FC2F33RH, B0FHWFLRLJ, B0FQT4HXQQ, B0F7Y1LKTJ, B0FHWDVV1Q, B0F7XXR2P6, B0FWK4RGS8, B0H8P53KZK, B0F7XYQJSK, B0FH4Z8MBR, B0FQTXR9W1, B0FHWGW569, B0FNRGRZ5H, B0FHQ8Z21R, B0FB8HMN2P, B0FJLWNW6P, B0H1C9W9RL, B0H8T2K1YL, B0F7Y2K3M5, B0FJLWQ9T9, B0FVX4K7HT, B0FHQ923PR, B0FQT9SPSY, B0FCFY1L7X, B0FHWFHRZK, B0FQV1HG15, B0FHWFHRZM, B0FB98H7YZ, B0FG7JTQFW, B0FNRFGM8D, B0FT17MQYC, B0FJLTVBLF, B0H1CDDG2S, B0FNW3B7ZR, B0FWK3NYH9, B0FHW93NP1, B0FP1RH94L, B0FHQCW49F, B0G39DW1KY, B0F7XZDDTN, B0FJLV7R69, B0F7XYDP63, B0FNW36B26, B0FLD6JY2J, B0FHW9NHT4, B0GDY15SDS, B0FG7FDXH4, B0FHQ775TP, B0FHWDX1HC, B0FHQCNWXV, B0FHBD38P7, B0FHWG8B7D, B0FB8L8V8R, B0FNW55GGL, B0FB8L8V8P, B0FHWD8H2L, B0H8NW59R8, B0FP1Q1SFH, B0F7XYG6Y9, B0FHWCPKNH, B0FJLYHSTR, B0FJRMXYQ1, B0FQTNSFWJ, B0FQTXSLDR, B0F7Y1QNGS, B0FJLVPRHZ, B0FVLPMCXL, B0FH4YW7RD, B0FG7F2P8W, B0G39BML7M, B0H8SX6WNX, B0FG7FD4CD, B0F7Y16MP5, B0FVX6914G, B0F7Y22LCZ, B0FJRM5JZM, B0FNRDWM4X, B0FJRNKBM3, B0FHPSKYSK, B0FB8KY41L, B0FP1NXGTJ, B0F7XZVKPK, B0H8NPFMNB, B0FJRMR3YN, B0H8SZGM2D, B0FJLW25T9, B0FNW5BZCD, B0FNW57KFC, B0FGHR2YSR, B0FHQ79DPV, B0F7XY5VK9, B0FQV3N2Y7, B0H8STQ883, B0H1CCQM7M, B0FNW8GH75, B0FNRC1F7L, B0FJLTK3ZL, B0G34PXTZM, B0FT11K7Q9, B0FHQCK9JF, B0FHWF8CR7, B0FJLWG53V, B0GDXXYQ6L, B0FHWC7DPL, B0FNW57T6H, B0FC2K3PBV, B0FG7DPJJH, B0FJLXH85Z, B0H8P4GVYQ, B0FNRD32NG, B0F7XW6TZ7, B0FLD61HVC, B0F8H4KDGW, B0H1C2XKC8, B0H1CC8CM9, B0G34LWHVT, B0FG7F775K, B0F7Y1QF2P, B0FNW55KJX, B0FJLTLCSZ, B0FB8H9XHT, B0FG7BR8WB, B0FJRKPSWW, B0GDXXFZBB, B0FVX56XBG, B0FH4ZY3DF, B0FJLT27J3, B0FHWDQK1N, B0FJLTXT25, B0GDY8R4RB, B0FHWHF42R, B0FHWD8GTR, B0FJRP9BLT, B0F8HT3JMF, B0G34QR5R2, B0FB8G38YQ, B0FHW8YFF8]",amzn1.campaign.2AYK3TTTWAQ24,Top Home Decor | Erosebridal 100K+ Styles | 15% Commission 58,Erosebridal,2026-09-04,2027-09-04,15.00%,10000.0,10000.0,133,800,false
"[B0H71GJB2N, B0H71CCL57, B0H71FRYZX, B0H71J1G88]",amzn1.campaign.ZHKFE3LGK0AH,Unisex Gold Snake Chain Heart Charm Bracelet Couple Friendship Jewelry Promotion,CNYTPE,2026-09-04,2026-10-20,20.00%,5000.0,5000.0,121,800,false
"[B0GQS3N6FG, B0GQS2GRTS, B0GQS5FS87, B0GQSJYD6L, B0GQRSTN49]",amzn1.campaign.V23B87G3F4SI,红色破洞牛仔裤+9.2,Arkordi,2026-09-04,2027-01-09,14.00%,5000.0,5000.0,166,800,false
"[B0FD9Z8WC7, B0FD9XKCCF]",amzn1.campaign.16MDAPKKG161S,Limited - Time 50% Discount on Halloween LED Garden Flag 11,GOAUS,2026-09-04,2026-12-01,10.00%,5000.0,5000.0,134,800,false
"[B0FHHBKTL2, B0FHHC2RCR, B0FHHJ1FZK, B0FHHG816M, B0FHH5ZNB3, B0FHHD6V7R, B0FHHCYS6P, B0FHHD6GMM, B0FHHHR6D7, B0FHH9WGCZ, B0FHHG9SPG, B0FHH5YP96, B0FHHBNYF1, B0FHHCLNJ5, B0FHHDPBMW, B0FHHCYSQX, B0FHHBNCPL, B0FHHH3M3L, B0FHHGNB3T, B0FHHG7W7B, B0FHH8SD2C, B0FHHD1STL, B0FHH8VVQR, B0FHHCT2CS, B0FHH5X9TJ, B0FHHGWFXQ, B0FHHB7LP5, B0FHHF4118, B0FHHCXBMP, B0FHHD2SB4, B0FHHDCGZ1, B0FHH5XLR2, B0FHH5X6HL, B0FHHD28S4, B0FHH5XCVK, B0FHHGRRLV, B0FHH5XYDY, B0FHH5YHHP, B0FHHDGKWV, B0FHHCXSJW]",amzn1.campaign.9ZFVZHN3X403,Women's Pointed Toe Flats Diamond Bow Sequin Comfortable Slip On Flats,QXQDQY,2026-09-05,2027-01-12,10.00%,5047.0,5047.0,127,800,false
"[B0FF3RK4CJ, B0FF3RZVG8, B0FF3QV13D, B0FF3R7WZ4, B0FF3QLM6Y, B0FF3RTLJK, B0GQG6VCVD, B0FF3T6LQL, B0GQGPHW4Q, B0FF3QV3X2]",amzn1.campaign.3D0ZS9XZ43YF3,🔥13% OFF Garvee Trash Can | 900+ Bought#SHL,GarveeHome,2026-09-08,2026-11-30,10.00%,10000.0,10000.0,95,800,false
"[B0GQZP3KKK, B0GQYZ46VT, B0GQZL6ZZT, B0GQZP3KKJ, B0D4MCWHK8, B0GQZCNGBF, B0GQZ5NMQ8, B0D4MCJM36, B0GQZ8NPWQ, B0GQZ9J1WT, B0D4MCYFTW, B0GQZBLG7X, B0GQZ8BHJN, B0GQZHDPWG, B0GQZ7RW5Q, B0GQZGCD98, B0H28ZZNR5, B0D4MDZWP2, B0GQZHB5C4, B0GQZ8WJQC, B0D4MBNFG8, B0D4MB3CDW, B0D4MFGNYV, B0GQZLCQ42, B0D4MF5MHN, B0GQZ2WP7R, B0D4M9RQR6, B0GQZ8X7L2, B0D4MBXVV7, B0GQZGVD3N, B0GQZ3C847, B0D4MB1167, B0D4MCQ2PL, B0D4MB1163, B0GQZ4NJSH, B0D4MDGSWP, B0GQZBYXPH, B0D4MD8DRN, B0GQZ4KH42, B0GQZFLMNT, B0GQZ79RTN, B0GQZ9SY6Y, B0D4MBZFYR, B0GQZPKY98, B0D4M9NXLH, B0GQZ5P8VG, B0GQZDX9YH, B0GQZCG7TR, B0GQZ5YZVD, B0GQZ5MSPF, B0GQZCG7TL]",amzn1.campaign.15DQ315YW9A3V,JAG Maverick Motorcycle Pants | Earn 10% Commission,J.A.G.,2026-09-04,2026-12-31,10.00%,5000.0,4983.05,125,800,false
"[B0GL5TVTPJ, B0GL6D2HFX, B0GL5JL686, B0GL649FKT, B0GL5TT8HS, B0GL5V8D1C, B0GL5TKWG3, B0GL5K8TK3, B0GL5HM37X, B0GL5HNGFP, B0GL5Q2YCG, B0GL5ZJ6TS, B0GL6F2YN8, B0GL5Q7T3V, B0GL53LD24, B0GL5HDZT5, B0GL58C2HS, B0GL6HF6G9, B0GL63ZPVT, B0GL5MPQ3V, B0GL5RXZF4, B0GL6CXGFW, B0GL5MQYCF, B0GL5JKSYT, B0GL5CQ178, B0GL5PZPCJ, B0GL5PT69X]",amzn1.campaign.1J3GJEF7H9ZGA,"🔧 10% + Free Sample | Buckleless No-Scratch Leather Belt (TSA, Hook & Loop)",SANSTHS,2026-09-04,2027-01-04,10.00%,5000.0,5000.0,133,800,false
[B0GTZS2WDH],amzn1.campaign.193X0MK6GFKVP,36 PCS Yellow Sticky Traps | For Plants Indoor Outdoor,Mysora,2026-09-04,2026-11-11,10.00%,5000.0,4990.9,127,800,false
[B0GCN73D1M],amzn1.campaign.1P5QZNTDPP3VQ,10% Commission -20% i-baby Outlast® Baby Toddler Sleep Sack with Legs,i-baby,2026-09-04,2026-11-30,10.00%,5000.0,5000.0,137,800,false
"[B0H3P1MBXY, B0H3FG1HPP, B0GYP7S51Q, B0H3NQN8C1]",amzn1.campaign.77XZDT8EEZDE,MULTIBITES - 纯海带/蛋壳/贻贝/赖氨酸粉110g,MULTIBITES,2026-09-04,2027-02-01,10.00%,5000.0,4997.4,130,800,false
"[B0FW4F4H53, B0HD6YLYTZ, B0FW38QHTS, B0HD73PFD8, B0GCJHKQXP]",amzn1.campaign.H9RR0WM8XH0Z,"30% Commission, Anti-Slip Tub Drain Strainer, Hot Sales Bathroom Products",TRAPMATE,2026-09-03,2026-10-15,30.00%,10000.0,9958.3,73,800,false
"[B0H98T1FFY, B0GTVN5G74, B0GTVCQW13, B0GTVH61CT, B0GTVM4LGR, B0H98SYXH7, B0H98SM4CR, B0H98TT3QW, B0H98WWM9S, B0H98GDL5F, B0H98RR8YZ, B0GTV9SRS1, B0H98QKFFN, B0GTVL5GGV, B0GTVKWBHD, B0GTVRGFW6, B0GTVH57WV, B0H98GLWTC]",amzn1.campaign.QRJIOH7Q3ZKN,Earn high commissions——Experience fashion style with Hathne!0028,hathne,2026-09-01,2027-03-02,16.70%,5000.0,5000.0,163,800,false
"[B0H4SVWSYQ, B0H45KWZSC, B0H4VCV783, B0H4VN8JRR, B0HC3ZKFKB, B0H2DF6PFC, B0H2DGFM7S]",amzn1.campaign.2K1OGZBPGUWW0,🔥 Matast C16 Sports Earbuds | 25% Commission + FREE Sample 🎁,Matast,2026-09-04,2027-02-28,25.00%,500000.0,499783.25,101,800,false
"[B0FF3RK4CJ, B0FF3RZVG8, B0FF3QV13D, B0FF3R7WZ4, B0FF3QLM6Y, B0FF3RTLJK, B0GQG6VCVD, B0FF3T6LQL, B0GQGPHW4Q, B0FF3QV3X2]",amzn1.campaign.1F2NDI1JQLEXM,Amazon’s Choice 🗑️ Garvee Bin | 13% OFF#SHL,GarveeHome,2026-09-07,2026-11-30,10.00%,10000.0,9986.0,102,800,false
"[B0HBWRMS2Y, B0F9WL7D5K, B0DNH52MSN, B0FH9M48LW, B0F6T9MMR2, B0HBWHR1VL, B0GJ5XXRVG, B0FH9MDCSG, B0FCFYZ47K, B0FH9RR6FT, B0GC6T6B5X, B0F6NBCW73, B0FJLZ4ZGC, B0DL31MWVG, B0F631FSQM, B0DK4TZVBY, B0F6NCCPND, B0F6N6W5BC, B0HBWSPV3Q, B0FJM15WTZ, B0HBWNJZ9F, B0F6NJW3VW, B0GQH9XY9W, B0FP1P5VV5, B0GC7KPYWY, B0FH6STNXR, B0D7W198Y4, B0HBWPR2ZH, B0FP1S7Q3N, B0GC7VYFF6, B0FRF4MWGL, B0GTL7VRX9, B0GJ5HLV7W, B0F9T622HJ, B0FP1T9LJB, B0GVJ15VP6, B0FCFY5GMX, B0FRFM119G, B0HBWSXRXK, B0DNH4NJYS, B0FRF2733V, B0DNH1N13R, B0FRF444GQ, B0FH9MBQ4D, B0FH9MF51K, B0FH9M8C6N, B0DFM5XD6H, B0F9WKQVFY, B0DFM5XD6N, B0FPR8C2XB, B0F9WP278H, B0FQ5LBJRH, B0FCFY5J51, B0F6T6J19P, B0DFM2R31T, B0F6NCW2S8, B0HBWFMB8W, B0GJ66KCV8, B0FJLYBPBK, B0F6T5P8QL, B0F9WPN6CL, B0FQBZ6R35, B0F5WXZF5V, B0F62WCN1X, B0FQBY995R, B0F5WVXPHL, B0GC6TPH6Z, B0D7H7T28G, B0GJ5DR4YL, B0GC6LDMZ1, B0F634YLRD, B0FH6TVQD1, B0GC79J7SD, B0GQH284Q2, B0F6NBWTRV, B0F6T9Z1QJ, B0F62YS2W1, B0FSWMBSK9, B0HBWN3NFY, B0HBWLQQP2, B0HBWDQ2C4, B0F6NB3MP5, B0DF27X24D, B0FH9QGQQF, B0D87864H5, B0DNH5XF2Q, B0FSWTHL2D, B0D7W3XQ6F, B0GC67ZJVG, B0HBWFQJ9V, B0D7HQMNQJ, B0F6ND193J, B0F6329T7M, B0HBWNRCW9, B0HBWSWP1B, B0FJLZTJGM, B0D7H9NB2F, B0GJ5P73SN, B0DK4T4BKN, B0FCFXXN42, B0FH9VGD85, B0F6N9NZ79, B0FGJ3ZX71, B0HBWDRG6Y, B0HBWRMVQY, B0HBWX1R6K, B0GC78XJ62, B0FRF59LGP, B0FRFH131N, B0GTLLMMK8, B0GJ5RPNS1, B0FRF283MB, B0HBWNR2J8, B0F631H9PF, B0HBWNN38Q, B0HBWPX8LJ, B0F62YFWHX, B0DFM3KYBS, B0FGJ35MP3, B0DFM35JFS, B0GC5XGD6Y, B0F6NBJHN5, B0GC78XJ5Z, B0F9WNKTZB, B0DNH5Y3DB, B0FP1RFMTG, B0DK4VKQ4P, B0F6NCYQ61, B0F6T9Z4BY, B0GC6NFTZ9, B0F6NDJZ5Z, B0GQH89PKB, B0HBWLHYN7, B0HBWN25LK, B0F6N9Z4KJ, B0F631JYFL, B0D7W68GWH, B0FP1QHMF7, B0F6NCWPWX, B0FH9LYWR5, B0HBWL1VKR, B0HBWMKR7G, B0DNH45PFQ, B0GVHQD8LX, B0FH9S2885, B0DNH5JSQR, B0FJM1PMZ4, B0FH9LM74J, B0F6316YD9, B0GC74SNZP, B0F62YSLKC, B0FH9VLFQR, B0F5WVQL6C, B0FPR8XN7P, B0HBWHXFHW, B0F6NBZ7WP, B0F6NBR8Q9, B0GC77GPSW, B0GJ5H4RF3, B0F5WSXY3W, B0HBWQBF18, B0FGJ4D3X2, B0HBWM9242, B0FH9HWDBD, B0F632NVW9, B0DL2WYDW6, B0FH9KXGKM, B0FQ5PNS26, B0FH9TZVC4, B0GJ5L523Q, B0DNH6NSCM, B0F6TM87QR, B0F6334NZ3, B0FH6S77DY, B0GJ5KKBNB, B0GJ5JGKH9, B0F6NBNCTB, B0GJ5M6CQS, B0F6NB2YNW, B0GC5X2G7W, B0F6NBD3RJ, B0F6ND67K9, B0F634JM8L, B0F6T5S3DS, B0GQH78FZQ, B0F6T9WJTH, B0GVHZ5QQD, B0GC7LZ2G5, B0DL2WT9S1, B0F6TB77PZ, B0DL2Z6Y2N, B0FQBWRF5B, B0F5WV1Z4G, B0FH9QCP2C, B0HBWYP29P, B0FP1PP2YJ, B0FJLZ3BBM, B0FCG3M33C, B0GC7KX4MR, B0F62YSQ7X, B0F5WZ6RDT, B0F6NR8VRG, B0HBWRMVQD, B0HBWP6SGN, B0HBWRS278, B0F62Y6F9M, B0F6NC38Q4, B0FRF553B3, B0F9WNFTK1, B0FGJ5XR8T, B0GC5XBWTS, B0FH9PKXDV, B0F62YP1GH, B0HBWT7Y96, B0FCG1GPPL, B0F4R95K8L, B0GC5XFWHY, B0HBWVSJ15, B0F9WNFGGY, B0HBWD5Y93, B0F6NCRD7W, B0DNH1PGMR, B0FP1N2NX2, B0GC79R3GY, B0GVHQX4P1, B0DK4WT616, B0HBWH3WKC, B0F6N91QG4, B0F6N94L3D, B0FP1SCK48, B0DF28TG81, B0FH9MLH3B, B0HBWP6M29, B0F6NCKH62, B0F62YRM9V, B0GTLLWNY7, B0D7H6B4VY, B0HBWM9FQC, B0F9SCL6C9, B0FP1NC4NX, B0FRFBKDRK, B0F5WVH4J7, B0HBWL4NKL, B0DFM56N9C, B0HBWLL4QC, B0F9WNJ68F, B0HBWT6KBX, B0FJLYV3DZ, B0HBWW7LKH, B0F9WMR4YJ, B0F5WWDB68, B0HBX236Q4, B0GQHKSN4Q, B0DK4TQRGR, B0F6312GDG, B0FP1NTZHD, B0FQBZ4RLH, B0FH9MRZGJ, B0FPR8C718, B0HBWQKXRX, B0F6N9R3JS, B0DNH3T6KW, B0HBWM8XV4, B0HBWRGHBQ, B0F6TLN3B5, B0GC5XTT51, B0HBWHY26P, B0F6311LLG, B0FH6TWPN3, B0F6ND6BGY, B0HBWTLDMQ, B0GC6BXNMH, B0FCFZBRRS, B0FJM33GWJ, B0GC7KHRLR, B0FH9VSDCF, B0FH6T35YY, B0HBWN1RH1, B0HBWKK7VR, B0F6N93SHP, B0GQHHTVYZ, B0FP1RK91F, B0F5WXK1HD, B0FH9J1G33, B0HBX1VZQ6, B0FH9LQVY8, B0F6N7KLL7, B0F9SS9NKH, B0D876BCKH, B0F6NBF65V, B0FQBZDPTX, B0F634K14T, B0D878KBB2, B0FH9LSGXZ, B0DFM7JB7B, B0GJ5VWKXF, B0HBWRZKK9, B0DG86MLTR, B0FH9M6VP6, B0F5WZ3DZC, B0DL2WP9F3, B0FH6QN1SN, B0FCFY539R, B0FH9TCW2N, B0F5WXR3W1, B0HBWM9BK3, B0FP1S8SCJ, B0FH9QCH9P, B0HBWJ9K1F, B0FH6KB2DQ, B0HBWVPLZK, B0GJ5PB99N, B0FRF1PPJK, B0F9T1RG2N, B0D878V58V, B0DNH3QHMM, B0HBWQ38NJ, B0HBWLJCJ7, B0F6TKXQQB, B0FQ5LWGJ3, B0GC6L9KCH, B0F5WYKQPJ, B0FVX6K6KY, B0F6N9PMMT, B0HBWWNMCY, B0GJ5NXTDM, B0FH6VN4NL, B0FP1Q4PYC, B0HBWSMN6C, B0DG851MHN, B0HBWW98YJ, B0DFM1WKLC, B0F6NBZ2C4, B0DNH6MBYH, B0DL2YQ8LZ, B0FSWGWHZ9, B0F6328FMW, B0F634ZJ67, B0GTLLK6QN, B0F6NCXH4B, B0FQBYBYCX, B0D87CFZCQ, B0F6NBP7G5, B0FH6R699R, B0F62YNMJW, B0F6N7HJ7L, B0FP1R1542, B0DFM1NT53, B0F6N8YMNR, B0FRF229WK, B0F9WS1YYM, B0FH9M64GX, B0F6TL89G1, B0HBWP7DSG, B0GC7NY4H5, B0F6TLDKGF, B0FH6S4TZC, B0DNH4NS26, B0HBWPWRPB, B0F6NBKVTV, B0F5WVH8ZX, B0F4R85Q8D, B0F6TM7N6R, B0HBWHJQYB, B0FCG2K8MR, B0FH9M3X2G, B0F9SQN3WX, B0HBWMLY8L, B0F9T1Q4MJ, B0F6N86RBV, B0GC7674XQ, B0F9WPFVBD, B0F6N8MDBG, B0DFM3SRJ1, B0DFM32W3D, B0FH9M8SYK, B0DNH4TZHZ, B0FJM2VZWT, B0HBWMY6MX, B0HBWP942X, B0GVHNRSDV, B0F5WW4D73, B0FRF46Z9V, B0GVHV549J, B0GQHWJK1N, B0DNH3N2GW, B0F62WFGSL, B0GTL8GTPD, B0HBWMGR6X, B0FRF4XCCY, B0F6NBW9RJ, B0DNH6ZFZ8, B0FJLZFQ71, B0GQHJPWHR, B0F6345W9M, B0DNH6ZFZ3, B0GQH6PYDT, B0F62YTBGF, B0FSWG7Y8Q, B0FPRB165B, B0GTLDNVGV, B0F5WXMSM7, B0FJM21B78, B0FP1R198C, B0FH9SF9S6, B0FH9PRT97, B0FH9QT1S2, B0F4R6W1QT, B0GC6LY4PC, B0FQ5LXPQK, B0F6N8YGF5, B0GTLJCHN7, B0F62ZMRF1, B0DNH57T1F, B0F6N9ZHM6, B0HBWQN4P5, B0F5WSPMH4, B0HBWSH5KF, B0GTL8XQQW, B0F5WZHWRS, B0FP1SC57T, B0FH6KDH92, B0DL2WP4DS, B0FH6SDC25, B0GC5WHH1B, B0FH9QR9G5, B0F9WQ5TRH, B0FH9M73XZ, B0F62TZYTF, B0HBWRQ5MJ, B0FCFWFXPP, B0FH6SBXB3, B0HBWQ4D9T, B0FRF234DW, B0DK4TKFPZ, B0F9WLZFRF, B0GC6FF72M, B0FH9SFH1W, B0HBX1XBFT, B0GVHLBPBK, B0FP1RXMGJ, B0FH9RRFGR, B0HBWHS1V3, B0F5WXP2FG, B0DNH43MNH, B0FCFW72R4, B0F6NJPH6D, B0FH9LS5HL, B0F6N8T5W1, B0HBWNQS4K, B0FRF4MTCB, B0F6T6J26L, B0FH9SCMFW, B0F9WMW4ZC, B0F631YC74, B0FJLZW356, B0HBWWVNCY, B0HBWN3V3M, B0FP1SD1PL, B0F6NCKB7S, B0F6NC3NXF, B0FJM1LHTJ, B0D876N15B, B0F6NC4ZLC, B0F6NCQGQ3, B0HBWRP2M4, B0FSWBF11R, B0F6TKPXJ2, B0F6346ZVZ, B0DNH54S4M, B0DFM4SJF4, B0F6TB1VZB, B0HBWP7DSC, B0GC6QMKZ9, B0F9WJ7HXT, B0FH6KCC68, B0F62YB8QX, B0F62YB8QV, B0FH9QRCVQ, B0GJ5NLJXR, B0FPR9DJNH, B0HBWWGB72, B0F6NBB538, B0F6NBBGWJ, B0HBWPN97D, B0HBWSMKDT, B0F5WXYRQ3, B0FH6SD3P3, B0HBWN431N, B0HBWN8GN6, B0DFM66D5Q, B0F9SXW5NK, B0F6NLTH45, B0HBWQY8TS, B0FH9S2CHY, B0DFM6FFWQ, B0FJLYC2FD, B0FH9LNF4R, B0FRF4D3XT, B0HBWNYZN4, B0F631S4GD, B0FJLZRZN9, B0FCG17FZG, B0GTLD1XJF, B0FH9MBT6W, B0GC6MGN4J, B0HBWNPKLD, B0F632LP7N, B0D7HJTQJ4, B0DL2VZHPS, B0DK4TZWBR, B0F9S39YNL, B0FH9QHWYP, B0F9WM9K9S, B0GC66N46D, B0HBX1L6M3, B0F6NNJYS1, B0F6NCBJLL, B0DNH5K3NJ, B0F6TLH13W, B0HBWC3J4G, B0F9WLQ5D6, B0FRFJJ53Y, B0HBWPKYTH, B0GTLHKW2C, B0FH9MQHMV, B0HBWC3J48, B0F9WQ61BH, B0GC6DLX25, B0F632TM7S, B0GQHDRGCR, B0HBWSCGWF, B0HBWJ5RMZ, B0F6TBDXC4, B0GQHF34B2, B0FCFW5W8P, B0HBWN4L77, B0HBX1GST5, B0FH9M4B9Y, B0FH9M9FSS, B0F62XT2SK, B0F6T14MB9, B0D86ZTB89, B0FH9TB5FD, B0FPR7QRR9, B0D8779VJ2, B0F6NKWPK8, B0DFM38759, B0FP1QYL5T, B0F9WNR4JC, B0F6N87BNV, B0F9WM31WR, B0F6T14MBK, B0F9WQ89M2, B0GC7BCJSN, B0FH9L4TXV, B0F631NMCJ, B0FCFW6SL9, B0FH9L91DX, B0D878H5W4, B0HBWJD4HQ, B0F6TBM4CC, B0FH6VHMBX, B0FH9LZYQQ, B0F6TLJNKJ, B0FCFW117M, B0F9SKL44W, B0FH6SLNW4, B0FJM1GYNB, B0DNH44ZVT, B0GQHMGPQ7, B0F6NCB165, B0FRF2DV1Q, B0DFM4Z7SH, B0F62ZHGJX, B0F6NNVZTC, B0F6ND81ZL, B0DFM34Q2R, B0HBWW1LCB, B0F9STNB11, B0GQHNMPD1, B0F6T145VX, B0HBWSCRH7, B0DFM3219N, B0F631DXVB, B0F6NCSY3D, B0F6NC3Z4P, B0GJ65K896, B0HBWSRGGS, B0HBWWH9X2, B0FH9QSG1F, B0GC7N3KTL, B0HBWM6QXF, B0FCFW7GNJ, B0F5WSXSJS, B0FH9Q8Q4X, B0FRF41Y5W, B0F6NBVYD4, B0GC5WD58W, B0FH6KCP5P, B0HBWPBLXK, B0F6NKH9NR, B0F6NNM4C8, B0HBWLL8CZ, B0D878XGMP, B0F6T6GQGB, B0FJM1CWYJ, B0F5WS2FB1, B0HBWVL7D6, B0F6TBKCK3, B0HBX1L6MF, B0F9SJ9PF2, B0F6NC48MR, B0F6N8XT1V, B0FH6QY52L, B0F6N8XT23, B0F631Y861, B0F62ZWWB3, B0F9WMY2BH, B0FH9MNBCC, B0GVHVQ1SQ, B0DNH6CL2L, B0GVHV6LYD, B0DF2BLD5K, B0FH9QRDM9, B0FH9S54M4, B0HBWMW3R1, B0DF27BVFW, B0F6NB7FGF, B0F9T7TB4D, B0FJM2LQWG, B0F6NCTDTL, B0FH9LJZ8P, B0HBWSW95S, B0FQBWMML9, B0F6NC478H, B0F9WMVZ99, B0F6N8WD7N, B0FJLYYHBH, B0FCFVJYRY, B0F9WPVZGM, B0GC5X7PGH, B0HBWTBV1L, B0F6NBTX75, B0F6NCDHKB, B0DNH6PMQB, B0F5WW1H8W, B0HBWL6BN9, B0FH9V5YDL, B0DNH2VS4J, B0GJ5RDZ3F, B0FH9LS225, B0FQBVXR32, B0F6NS66Z5, B0FCFVY15J, B0F6N9WPTF, B0FQBYYQ76, B0FJM13K34, B0GJ5KV4TR, B0FPRBWLQR, B0GTL2774B, B0FRF4P952, B0FRF4P953, B0FRF4P951, B0F5WX7TBV, B0F636WKWH, B0F63238G4, B0FH6TFN3T, B0F62YPVP4, B0F5WXPS73, B0FP1RDWH5, B0FP1RGMKD, B0GC6L8BZN, B0D7W5H6KY, B0FH6S6X35, B0HBWSPN73, B0F5WV8RV2, B0F4R6QG25, B0FJLXNLC8, B0DNH583ZV, B0DNH2HXNM, B0HBWW6HCN, B0DFM2NRL2, B0FP1Q3G5K, B0F633QLWW, B0F5WXJSP3, B0HBWRSND3, B0GC68VY3G, B0DK4SHLRP, B0HBWT7K8B, B0F6NNCT7R, B0F9SF3NKK, B0HBWQLMT7, B0HBWT6Y73, B0GTL8GC2P, B0HBWT6Y78, B0FH9M9P7T, B0F6NC4NB7, B0HBWT7K8M, B0FQBYBMSR, B0HBWJ58WS, B0F6N9C18T, B0FH6TWR2H, B0FRF56D66, B0HBWPSY6Z, B0F6N9QC2N, B0GJ63L979, B0F6T9CQDV, B0GC7LQBYJ, B0HBWJVTNB, B0F6NC4J6M, B0F62YPXVQ, B0FRF59DMY, B0FQBX4BBV, B0FQBYFWXP, B0F5WWL9PR, B0FP1SVSJF, B0F9WNTR31, B0F6ND26ZQ, B0HBWQ9PVC, B0HBWPJ6LM, B0F6T9T37J, B0F6315V4Q, B0F634XDT2, B0F6NB8THW, B0FH6SWDV3, B0HBWWMSQS, B0GQH8BK4R, B0FH9QFTGR, B0FH6TBLFW, B0GC7H53WR, B0GQH7SRL3, B0HBWPXS1B, B0HBWSLGK5, B0FJLZN3FR, B0F62XVKL7, B0F6NC6RPM, B0DFM4N9N5, B0F6NB7JWM, B0F6N7PNDB, B0GC77GGM2, B0D7HQNFZ3, B0DFM4L7PD, B0FJM2TYWG, B0FH9LBMP7, B0F632HRSB, B0GC6SZHHC, B0HBWQKJN6, B0F5WXHR4N, B0D876D65S, B0FJM31KK1, B0F6T9SXPF, B0FRF4J6Y5, B0HBWWJPS3, B0D7H6YTN7, B0HBWPL3TT, B0FRFHPTJC, B0FRF4JD3K, B0FRF4JD3J, B0DNH5KFDF, B0F6T6HDXP, B0F6NBVSMC, B0HBWM6G13, B0FH6KCJ57, B0FRFJNLG4, B0FH9S2VD4, B0HBWRD39X, B0DNH4GFMT, B0GC75Y6S4, B0F6ND51QV, B0F9WM8L2L, B0F9WQ5V8W, B0GC7WXM8G, B0F631X9KR, B0FSX3X2MP, B0FP1V6J8R, B0GC7BHRDK, B0HBWMS3YW, B0FH9MT92W, B0FH9MT92V, B0FPR8N49R, B0F6NCK1L3, B0HBWFG4H4, B0HBWLHFZL, B0F6NCQWDY, B0HBWKM4CR, B0HBWTFJCQ, B0D877CVZ7, B0F6NR8QW9, B0F6NB99KT, B0FRFJWCX9, B0F631D17W, B0GC5WZKVL, B0HBWMKNFL, B0F63331T2, B0F6NCPXK7, B0GQHMM1SM, B0FH9PL3LZ, B0F9WMKWPC, B0F6321BWH, B0FH9SLQP2, B0GJ5PW6Q5, B0F6N9RJBB, B0DNH42L1W, B0F6NC5MBV, B0F6N8GJB8, B0GC6G3Y6Z, B0FH6SVW74, B0HBWMWWRF, B0FH9MBQZP, B0GC5VTGYN, B0HBWJ7MTY, B0F62YFV8G, B0D7H98PX1, B0HBWMSDZ1, B0HBWPPZ8H, B0F634HJFG, B0F6T9WSX1, B0F6NCZ5FF, B0FH9L9V9W]",amzn1.campaign.1T4LB2AQWQ74Y,Top Home Decor | Erosebridal 100K+ Styles | 15% Commission 57,Erosebridal,2026-09-04,2027-09-04,15.00%,10000.0,9990.45,130,800,false
"[B0GSJTTCSZ, B0GSK9KSXT, B0GSK6H46P, B0GSK499F9, B0GSK6KFSQ, B0GSK677G2]",amzn1.campaign.1FX9X8CYGUEZS,Vintage Man Motorcycle Metal Signs Funny Motorcycle Wall Decor,PlikPlakey,2026-09-04,2026-11-17,10.00%,5000.0,5000.0,134,800,false
"[B0839GQY1H, B08242V3XV, B08242FHN4, B0839GJ7DG, B0BKSM9122]",amzn1.campaign.3FJJ2MQIYCFZ1,Viral Chocolate Balm Obsession - Parent-B0DR2Z818P,RaGaNaturals,2026-09-04,2026-12-04,20.00%,1000000.0,1000000.0,133,800,false
"[B0CHXY2XN2, B0CHXY4TL6, B0CS6CC9G5, B0CHXYJQRZ, B0CHXY732W, B0CS6DXX9Z, B0CS6HFFJ7, B0CS66THTV, B0CS6FBMRW, B0CHXYPD94, B0CS66QD39, B0CHXYC3G2, B0CS6KMHRS, B0CS5YHZN6, B0CS66K9H3, B0CHXY6HMY, B0CS6BBWGV, B0CS6FMPX3, B0CHXXY3XV, B0CHXYBNQH, B0CHXYQ58Q, B0CS67RC35, B0CHXY9CQ7, B0CHXY8HX6, B0CS69VT7M, B0CHXXZHPQ, B0CS66YQYB, B0CS6CLM3X, B0CS697Q3R, B0CHXXRWMN, B0CS694Q8X, B0CHXY87P3, B0CHXY8VVX, B0CHXYFFW2, B0CHXYK6MY, B0CLFQ7Z7S, B0CHXYHXSW, B0CHXYF88G, B0CHXY5M76, B0CHXYBBZZ, B0CS66YQ34, B0CS6F2KJZ, B0CS6M6S94, B0CS695Y8Y, B0CS6F1W95, B0CS6C6RB3]",amzn1.campaign.12YDEFDMMX3GZ,🎁  Gifts for Women & Teen Girls | Gold Layered Initial Necklace,Yoosteel,2026-09-04,2027-01-31,10.00%,5000.0,4837.72,80,800,false
"[B0FF3RK4CJ, B0FF3RZVG8, B0FF3QV13D, B0FF3R7WZ4, B0FF3QLM6Y, B0FF3RTLJK, B0GQG6VCVD, B0FF3T6LQL, B0GQGPHW4Q, B0FF3QV3X2]",amzn1.campaign.7XXU9ZLSK14,🏆Garvee Trash Can | Party Essential • 13% OFF#SHL,GarveeHome,2026-09-06,2026-11-30,10.00%,10000.0,10000.0,118,800,false
"[B0HDY988TS, B0HDY26L1T, B0HDXRT9JD, B0HDYRT3FV, B0HFWCT4JX, B0HDY21DFH]",amzn1.campaign.37XGFVHIO96CX,Eisenlink Adjustable Octagonal Dumbbells,Eisenlink,2026-09-04,2027-01-01,10.00%,5000.0,4935.98,126,800,false
"[B0DBZB9WSC, B0DFW5XPCP, B0DFW52NMW, B0DFW5BXH3, B0DFW61F89, B0DFW5TNGQ, B0DFW5VJV1]",amzn1.campaign.188GFRVDLMGZE,Grace Karin Girls Party Dresses | 10% Commission-CL2969A24,GRACE KARIN,2026-09-04,2027-04-30,10.00%,10000.0,10000.0,95,800,false
"[B083DXM83M, B083DXFD2Q, B083BZQJVL]",amzn1.campaign.2FNCUQPW5T57Q,Viral Clean Moisture Routine - Parent-B08XBSRF1T,RaGaNaturals,2026-09-04,2026-12-04,20.00%,1000000.0,1000000.0,122,800,false
[B0BX6B67T8],amzn1.campaign.10E4ZWVBW4ZCP,badass affirmation cards,shoprotik,2026-09-04,2026-10-04,10.00%,5000.0,4640.03,91,800,false
"[B0FHHBKTL2, B0FHHC2RCR, B0FHHJ1FZK, B0FHHG816M, B0FHH5ZNB3, B0FHHD6V7R, B0FHHCYS6P, B0FHHD6GMM, B0FHHHR6D7, B0FHH9WGCZ, B0FHHG9SPG, B0FHH5YP96, B0FHHBNYF1, B0FHHCLNJ5, B0FHHDPBMW, B0FHHCYSQX, B0FHHBNCPL, B0FHHH3M3L, B0FHHGNB3T, B0FHHG7W7B, B0FHH8SD2C, B0FHHD1STL, B0FHH8VVQR, B0FHHCT2CS, B0FHH5X9TJ, B0FHHGWFXQ, B0FHHB7LP5, B0FHHF4118, B0FHHCXBMP, B0FHHD2SB4, B0FHHDCGZ1, B0FHH5XLR2, B0FHH5X6HL, B0FHHD28S4, B0FHH5XCVK, B0FHHGRRLV, B0FHH5XYDY, B0FHH5YHHP, B0FHHDGKWV, B0FHHCXSJW]",amzn1.campaign.2VSS8OT2XI2XF,Women's Pointed Toe Flats Diamond Bow Sequin Comfortable Slip On Flats,QXQDQY,2026-09-04,2027-01-08,10.00%,5016.0,5016.0,140,800,false
"[B0FF3RK4CJ, B0FF3RZVG8, B0FF3QV13D, B0FF3R7WZ4, B0FF3QLM6Y, B0FF3RTLJK, B0GQG6VCVD, B0FF3T6LQL, B0GQGPHW4Q, B0FF3QV3X2]",amzn1.campaign.1RRV7R5JRYUYS,900+ Bought! 🎉 Garvee Kitchen Trash Can | 13% OFF#SHL,GarveeHome,2026-09-05,2026-11-30,10.00%,10000.0,10000.0,101,800,false
"[B0GC3SQFXX, B0GC2XB7MW]",amzn1.campaign.23UBXUJOT49FV,Nourish Your Skin Naturally: Discover FreeJune Whipped Beef Tallow,FreeJune,2026-09-04,2026-12-31,10.00%,20000.0,19480.97,91,800,false
"[B0GQS3N6FG, B0GQS2GRTS, B0GQS5FS87, B0GQSJYD6L, B0GQRSTN49]",amzn1.campaign.2RTOS5TNDQ5MV,红色破洞牛仔裤+9.2,Arkordi,2026-09-04,2027-01-08,14.00%,5000.0,5000.0,164,800,false
[B0GYR1MHWL],amzn1.campaign.PXDPJ1DLIBYA,Cooperation Invitation Letter for EDC Utility Belt Bag Promotion,Kelokeli,2026-09-04,2027-09-04,20.00%,10000.0,10000.0,123,800,false
"[B0H1ZBBKBY, B0GTLC9ZNZ, B0DYJ2V5F1, B0DYJSL2FV]",amzn1.campaign.ZOHQ4VNBLMB0,🐸 Unexpected Glowing Amazon Find | Frog Toilet Covers | Earn 16%,MENNTY,2026-09-04,2027-08-31,16.00%,60000.0,60000.0,138,800,false
"[B0C1T2LRNZ, B07KVNKYKG, B07KVPHXT3, B07KVN4HP9, B0C1T3J996, B0C1T59FD6]",amzn1.campaign.1P9XZ24HK3UC1,Viral Family Skincare Favorite - Parent-B0C1T1WNZG,RaGaNaturals,2026-09-04,2026-12-04,20.00%,1000000.0,1000000.0,118,800,false
"[B0GCCQLT6L, B0GCCQV99L, B0GCDPF2SW, B0GCCWBWJB]",amzn1.campaign.3O3N2NK8OI9KP,20% Commission | TALIX X6 Open Ear Earbuds | All Affiliates,TALIX,2026-09-04,2026-10-04,20.00%,8000.0,7740.6,84,800,false
"[B0D8NMW64G, B0D7CGXJ1M, B0D7CH34XY, B0D8YD136V, B0D4YV51B2, B0FN4GQ11S, B0D8YB95ZV, B0DL5GYQX8, B0D7HF3T9D, B0D7W2NMGB, B0D7W4PQS2, B0DL5HG22S, B0D7W3LVB1, B0FN4GH4TC, B0D8J5HX8G, B0D7M18CWY, B0D7W4B5BF, B0D8Q12Q3R, B0DL5G2XZ7, B0D7W2NMFH, B0D8KZ7DLQ, B0D8KWTG14, B0D87FFRYY, B0D7D47BZT, B0D8Q3QFN5, B0D7HPJL14, B0D8KWF6WM, B0D7W3FW49, B0D7HR57RG, B0D7H7KV72, B0D6XQZF6Z, B0D7W1S1ZQ, B0D6XVZDNC, B0D7H947FZ, B0D7W3QTNL, B0D6XVYPHR, B0D8J63F3X, B0D7W1Z94M, B0D8TH44TD, B0D7M744D4, B0D8KZJTY4, B0D8NQ4PBP, B0D7LMDZ6M, B0D7H4SKYP, B0D7W4NGFJ, B0D7W4LJ1T, B0D7W3LMNF, B0D8L1DSW8, B0D7HM9L89, B0D8Q59T9B, B0D7HMXPBH, B0D8KWC1WT, B0DL5HHH9H, B0D7W34VFP, B0D7Q2JJ9K, B0D7MCZGK7, B0D8KYQ4ZB, B0D7PXSX3N, B0D7W51QMX, B0D7H93TDY, B0DL5KRXHK, B0D7W33DN7, B0D7PYTY76, B0D7W28SWL, B0D8J77TNB, B0D8Q3RVMK, B0D8KXSY7Y, B0D6XS6VH3, B0D7W2BRYJ, B0D8YBN2T8, B0D7HQ5LXH, B0D7W3X193, B0D7VYVN13, B0D7W1RLYV, B0D4YT74TY, B0D8KXG1KZ, B0D7HL9ZQL, B0D7M7756M, B0D8KYKQBR, B0D7W28SXM, B0D7Q2F16F, B0FN4CL8BB, B0D7HP6XHP, B0D7W3XQ6X, B0D7HQJ8QW, B0DL5GV9ST, B0D7HQF2R5, B0D8KXSRHF, B0D9NM26QZ, B0D9NMR5QJ, B0D8KX5DDS, B0D7LW737X, B0D8KYT5P7, B0D7M56FX4, B0D8KZ35VB, B0D87GL8S2, B0D7W2SGMG, B0D7W2FW35, B0D8Q3393H, B0D7VZ91PB, B0D7HDQF7W, B0D7M42SYM, B0DL5FZQ1K, B0D8YCQG8S, B0D6XRDTSX, B0D7H2RX5R, B0D7M1MDTZ, B0D7W1VPY7, B0D7GKV8Q4, B0D7W1V5C1, B0D7H9JPN4, B0D7H9JPMN, B0D4TZQ8KQ, B0D6XQTYZ1, B0D7W4GDYW, B0DL5KFG51, B0D7W4GDYK, B0D7W3XJNL, B0D7HLFVFR, B0D7M2Z5V8, B0D7HBC7WY, B0D7W3RQMZ, B0DL5FD5C2, B0D7MB6V8L, B0DFM4N3QD, B0D94DXVJR, B0D7W1Q4NM, B0D4YVW8DZ, B0D7W29Q1S, B0D7H8FLND, B0D4YTCQTS, B0D7H7F9DZ, B0D8YBWJDS, B0D7W41T8D, B0D7W28SYC, B0DB288B1C, B0D7W525BG, B0D7M4DSWF, B0D8PBZ7W2, B0DB1CCGTC, B0D7M5CHHQ, B0D7HMJZGY, B0D7MFQW78, B0D83J449P, B0D7H9TDXZ, B0D7GNNZ9Z, B0D8J6PVWQ, B0D4V219ZC, B0D7HPDM1L, B0D7H8HQ3V, B0D8KX4GY5, B0D7H9VQP8, B0D7W2DHFQ, B0D7M5DGK5, B0D8Q5GY56, B0D7HB7542, B0DB1C5MNF, B0D7W27YN2, B0D7PWCLX3, B0D6XKHFYZ, B0D8KYK65K, B0DL5CPFVQ, B0D7W3DNV8, B0D7W53KDR, B0D8NL4FTW, B0D6XSCN35, B0D8YCTXGD, B0D7HM6BWT, B0D8J5CJHG, B0D6XV22ZW, B0D8L34ZDJ, B0D4YSSN6R, B0D7CJ2P14, B0DB28174G, B0D7CK3RWM, B0D7MF97DZ, B0D4V5NQ8Z, B0D7W2KLXC, B0D7W35WS9, B0D7HBRFFW, B0D7M7J69K, B0D7HPJKZP, B0FN4KCCZW, B0D7H31SLY, B0D7M7T35V, B0D4V52BND, B0D7W2HH8W, B0D7W1LZKL, B0D6Y6BDKS, B0D4YWP3YT, B0D7W3KDKG, B0D8J7LNZK, B0D7M39XBY, B0D8NP9Y5Y, B0D7M7F8KM, B0D7H2ZRNF, B0D6YD1X86, B0DL5HHB9R, B0D8Q2PZRJ, B0D8L17XS1, B0D7HDQTL2, B0D7W27YM9, B0D7W2KLX2, B0FN4G8W38, B0D4YXSF7G, B0D7W3DNTB, B0D7W5458P, B0D7W2KWMD, B0D7MCDTW6, B0D8L67RCX, B0D7LQNXVD, B0D7W23MFG, B0D7W3DK4K, B0D7KX452M, B0D8KYD6XD, B0D8KZ8ZF1, B0D4V4MN57, B0D7LD2HQ8, B0D7H33TX2, B0D7H81BPM, B0D7M8GNPN, B0D8Q4KX6B, B0D6XQNJTS, B0D7CJMKRT, B0D8J39HMT, B0D6XRB515, B0D8YC76YM, B0D7M7MY1V, B0D7LYJSYP, B0D7H9J2L8, B0D7W264JD, B0D8KX6MGR, B0D7HLX13D, B0D7H6DF7Z, B0D4Z2Y6YR, B0D7GXQ38N, B0D8Q3HS2J, B0D8YDLC8C, B0D8Q3HS2H, B0D87DM99J, B0D8NZ2ZV4, B0D7M4GGNT, B0D6XQVF1L, B0D7H98GJ1, B0D8Y9B7P5, B0D7HK6DYT, B0D7W35YZR, B0D7LZ3FHY, B0D8KYWSV8, B0D8NRJGCG, B0D7LXFMWF, B0D7H4MH2Z, B0D7W2366Y, B0D7CK3LGG, B0D7HHH4RH, B0D7LXBNDZ, B0D8YCJBY2, B0D7HJC64V, B0D6XT2ZXV, B0D4V398CT, B0D7W525CN, B0D6XZ56C3, B0D7LQ5XCR, B0D7VYY7J1, B0D7W22HC1, B0D7W2V41H, B0D8L46LMY, B0D7M7H89C, B0D7W68GZ8, B0D8KYCQKH, B0D7CDM3MP, B0D8TC5MD5, B0D7W3VSRT, B0D7W3M3MM, B0D8KWYQBG, B0D7GG5HK7, B0D6XRRJGV, B0D7W4SLLN, B0D4Z574CX, B0D7VZ3D8M, B0D8YDRJMP, B0D7CGLB95, B0D7H8PBYV, B0FN4KLXQS, B0D6XTZ12Q, B0D4YX57M4, B0D7H56QJD, B0D7H56QJX, B0D8YC72LF, B0DL5DHC5M, B0D8YB9ZRK, B0D7HHF4TY, B0D6XSDRS8, B0D6XW79WR, B0D7W266SL, B0D6XSDNJT, B0D8YCBF3R, B0D7H6YR6H, B0D6XSDNJV, B0D7MH1ZPN, B0D8L5N176, B0D6Y2W22M, B0D4V2BRL2, B0D7LQDFGX, B0D7W3KT9L, B0D7HHW65L, B0D7CGWTPS, B0D7LQB3HJ, B0D8YB6LZ6, B0D7W1RKJ6, B0D7W336FB, B0D7W3S5DP, B0D8J61ZLK, B0DFM4FNNZ, B0D7LXCNY6, B0D8L7KRVC, B0D8Q16MYY, B0DB1CVSD3, B0D4Z35F1J, B0D7M5K3YW, B0DL5H2VPW, B0D8J3X19J, B0D7HHDTWF, B0D7PYY2XX, B0D8N69Q73, B0D7W1YZQQ, B0D7HB89NS, B0D7W3Y6T4, B0D7W51GXD, B0D6XQLMG8, B0D7VZYMCV, B0D7CHCVRV, B0D7W51GY4, B0D8NP354L, B0D7VZ3DB5, B0D8NCP5PT, B0D8KYMRZ9, B0D6XQWQMB, B0D7W4NB4H, B0D8YCV8XY, B0D6XNKCKW, B0D8J6WY7W, B0D7W3ZDK7, B0D7W2V1LX, B0D7W2Y2F5, B0D8YBVTLK, B0D4TVFJQL, B0D7W4LYHR, B0D9NN2K39, B0D7W1YZQZ, B0D7H5VRXN, B0D6XQT2Z4, B0DFM6RQNF, B0D7HNX9QN, B0D7HM8GM7, B0D7W4LLGJ, B0D7W2N76X, B0D7W27213, B0D8J59K5T, B0D7H5VRXL, B0D7HK22LC, B0D4V5CBK5, B0D7M84Z49, B0D8YCKGR2, B0DL5G6P9C, B0D7W4RXMW, B0D7W6M29G, B0D4YWV34T, B0D7W3WCXT, B0D7H8VDB4, B0D6Y5BCTG, B0D4TX91FM, B0D4V37CHC, B0D7CG9WS7, B0D8KYK9LK, B0D6XW3BK8, B0D7H968LC, B0D7W3WCX5, B0D8Q3MJML, B0D6XPZGKC, B0D7W1ZQBS, B0D8J56CMW, B0D7Q17Q7G, B0D4Z1PPG5, B0D8YC2BSG, B0D8KYL1YC, B0D4YWDVR1, B0D7H8ZD7G, B0D8J53GB8, B0D8Q3GQNV, B0D8P1C2HL, B0D6XW1T5W, B0D7GQGS6R, B0D7M7S82B, B0DB1BWXJC, B0D7W2XYZL, B0D7GBD75B, B0D7LZQMRC, B0FN4FB16Z, B0DL5KDK21, B0D8Q1HW12, B0D4V3JT3F, B0D7HDR37L, B0D7W3QWNV, B0D8YDY7MJ, B0D6XWBJP1, B0DL5KNYZH, B0D7GXZW34, B0D7W2TKQJ, B0D7H4HDN2, B0D8YD3432, B0D8J1FXL1, B0D4V2GQ2C, B0D8Q4CC5G, B0D6Y541NH, B0D7M18P18, B0D6Y6C7QC, B0D7HDKY49, B0D8YCF2ST, B0D8Q1LWTL, B0D8J6XJQ6, B0D8Q1LWTJ, B0DL5GHWVT, B0D7MK424B, B0D8NHL49V, B0D8YCBDBK, B0D7HMYVN2, B0D6XQRTKP, B0D8YBX9H3, B0D7HBSYSQ, B0D6YFQ2FD, B0D7LWP2NX, B0FN4HQ1X5, B0D8J8D9SD, B0DB27XB6M, B0D8YBQ2P8, B0D7GJFVLX, B0D7H35QY8, B0D8Q4KYJX, B0D7W44HPC, B0D7LVXZDH, B0D8YCDWCV, B0D7HB8Q5Q, B0D4Z41GJQ, B0D7GTCRZK, B0D8YC1C4L, B0D7M52NNY, B0D8KV78D7, B0D7HK1KGC, B0D7LV3ZRH, B0DL5C4RWC, B0D7W29X8S, B0D6XM3DYB, B0D4V2YDGK, B0D7CKMKGH, B0D7W3Z3QD, B0DFM5X5Z6, B0D7HQ4M5Y, B0D835PQNC, B0D83NHFXM, B0DL5H8WFX, B0D7W2941H, B0FN4HRRT7, B0D8J6RMGH, B0D8Y9P8X5, B0D6XQM48B, B0D6XMXYP7, B0FN4HBPCR, B0D7LWRRCY, B0D4V3MXWW, B0D7H68YJG, B0D7MGD3ZP, B0D7CL1J7S, B0D8KY23T9, B0D7VZWBYT, B0D7W4LYJD, B0D4V3MXXT, B0D4V2ZL5S, B0D7VZWBYN, B0D8PZZYYK, B0D7GM4KYW, B0D7M7KT8Q, B0D4V1ZQR1, B0D8J6K64J, B0D4Z47MB1, B0D7HHC1HV, B0D7HPSHRJ, B0D8KYV928, B0D6YHGT47, B0D7W391TM, B0D8J56H2D, B0D7LX8Q4T, B0DL5H76MG, B0D7HQZBRW, B0DFM2TQDV, B0D7W2LB8V, B0D7W5461L, B0D7HPS7P8, B0D7M47WQP, B0D7H8VD9Z, B0D7LYLLRQ, B0D7W1K292, B0D7W3KN5W, B0D7CKM45Z, B0D8NHP211, B0D7M27HMF, B0DB1BC7LR, B0D4V5P65F, B0D7ML994Z, B0D4V5FW6L, B0D6Y1LPZW, B0D7MLFND9, B0D7L2THCL, B0D6XQT75R, B0DL5HZ6KS, B0D7HF378B, B0DL5KR5P1, B0D4V2F7ZP, B0D8KY9PCL, B0D8J4DTNF, B0D8KXGNQB, B0D4YW5TDG, B0D8YBJ6CJ, B0D94GWD8C, B0D4TZHJK9, B0D7W45F1P, B0D7MFRF51, B0D7GY4KGG, B0D7W1CB5H, B0D8KYTB65, B0D7W23ZW3, B0D8YBTYKQ, B0D7M2H8N8, B0D7H3LJND, B0D7W23ZV8, B0D8YBTFGC, B0D7HLB5TP, B0D7M3M9DX, B0D4YVSYT2, B0D7HDTJ2C, B0D4V5FW7V, B0D4YWYD9R, B0D8Q24C3J, B0D7HMKC7L, B0D7H3MN3S, B0D4YSN2S1, B0D7W48NWQ, B0DL5H81D7, B0D8J4LC5Z, B0D6XX3K18, B0DL5JZGRS, B0D7W2VJ4Q, B0D6YBH3CP, B0DL5HP1CL, B0D7W3SV9X, B0D7W3YDDD, B0D94CXQC5, B0D7H9TCYX, B0D7H36FFG, B0D8KX1CYG, B0D7W1FWYV, B0D8J1DL5T, B0D7H8T34K, B0D7VZYP6F, B0D7W1SSLB, B0FN4KFF86, B0D7W67F2C, B0D7W1MKMT, B0D7W4N3B5, B0D7W37Y1C, B0D7W2TTNC, B0D8KWYQ9X, B0D7W369VH, B0D7GXYX2P, B0DL5GLBLB, B0D6XQNWB7, B0D4Z3TBY7, B0D8YC1Z4S, B0D8YCN3SB, B0D8YCN44B, B0D7W3DQZZ, B0D7H9HZM4, B0D8J7JGT1, B0D7VZXM1X, B0D8TDKQXC, B0D8J5DD5P, B0D8NKMFBK, B0D7HB6JBC, B0D7HHTWVN, B0D7PX4VZ3, B0D7M7R8H3, B0D8P1VMVJ, B0D7HDKKKV, B0DL5HKNHW, B0D8NY7WXX, B0D7W1YRVV, B0D7M148L6, B0DB1CC41X, B0D8YCLMKH, B0D4V4Y1W4, B0D7W3C9N8, B0D7W4H1RQ, B0D7H31RL3, B0D7W1YRVB, B0D7H9NWFY, B0D7W41WHZ, B0D6Y1MFL3, B0D7HQBVRS, B0D7LX1TB4, B0D7W15948, B0D7W2XTFN, B0D8Q2YLN7, B0D7W2VZYR, B0D8YBMDLP, B0D7LCYHX7, B0D8YB91C8, B0D7W1YHGG, B0D4YW1GMJ, B0D7HJZSGJ, B0D7LDLSX9, B0D7LSYQP8, B0D7VZRP6S, B0D8YD5BXH, B0D82YR4RG, B0D8YBS2XW, B0D7VZRP7H, B0D7HHQPTG, B0D8Q2TZXZ, B0D8KZMGDQ, B0D7HNKJ2T, B0DFM7L5RY, B0D8J6D6VD, B0D8KW411Q, B0D8J64BZJ, B0D7D47632, B0D7HMXQSX, B0D7HN5ZQJ, B0D7GZF6DN, B0D7M8CJ6Q, B0D7HMRPCF, B0D7M4D54Z, B0D7H2DPVP, B0D7W1V2C3, B0D8KXMG8F, B0D6XQN8NS, B0D7W33JB4, B0D8YC418J, B0DL5DQTWY, B0D7H7GVTM, B0FN4F6VX5, B0D8J72ZTZ, B0D7MKR65J, B0D7HNZSWD, B0D8J4XY67, B0D7W4W478, B0D8KXXHZ1, B0DB1BXBP2, B0D8YCDYQT, B0D8KWPL2F, B0D81ZPZ9S, B0D8Q43CXS, B0D7VXT85S, B0D7M261TP, B0D4YXP322, B0DL5F6S1Q, B0D7W3SKKY, B0DL5FSWCX, B0D7CFVNPQ, B0D6XNCZC3, B0DL5HND5S, B0D7VZCY2N, B0D8J5HVHY, B0DFM632LJ, B0D7W1T31J, B0D7W47S1S, B0D8Q1TRHW, B0D7H36H1T, B0D8KVTDT8, B0D7LSZ589, B0D8YBHNLB, B0D4V58J2N, B0D7HN488J, B0D7W1T319, B0FN4GQJYQ, B0D7M7BNXJ, B0FN4JX8K1, B0D7HF9QM5, B0DFM1JVXY, B0D7M69B7J, B0DL5K4DKN, B0D7W2R39H, B0D7W2PJMC, B0D8J7Q52M, B0D7G8NQPB, B0D7W2R39R, B0D8KX8W12, B0D7HRDXSS, B0D7W36QLP, B0D8KZ8S1L, B0D9NLS481, B0D8J3VD3J, B0D8KYR4CK, B0D8NSNTPH, B0D4V1YTHP, B0D7W2N9PR, B0D6XTZQT5, B0D7LWK7V5, B0D4Z4W8FP, B0D8NQPMVJ, B0D7HK6RYJ, B0D8YBNRDB, B0DL5KNWCL, B0DL5FY6PK, B0DB1BWQ3F, B0D7CHFXXJ, B0D7GZ2FZ1, B0D4TJV7TD, B0D7M6VHHK, B0D7H5VN2L, B0D7HCDFG2, B0D8KXRH3Y, B0D8NHH85P, B0D6YBH38F, B0D8Y9LYJK, B0D7HC3KBG, B0D4YWNVM7, B0D7M4PK5N, B0D7H9NB3M, B0D4YVTV7C, B0D8Q2945G, B0D7H65MVP, B0D8Y9LYJJ, B0D8YB9LQG, B0D7H8GGPC, B0D7M1RTWB, B0D7HDQNW4, B0FN4FZ86Q, B0D7LMGH15, B0D7W3BRNN, B0D7W3Z2HP, B0D8J6M71K, B0D7HRGSL6, B0D6XQM1M5, B0D7HCHTY9, B0D7LT8WWV, B0D7HBF7B5, B0D7HBF7B3, B0D7W1ZN5J, B0D7MFNYVG, B0D7HBBJSC, B0D7W4T7MK, B0D7M1VRCX, B0D7M9J2NP, B0D7MM8VQ6, B0DL5G3GKK, B0D7CH2GF4, B0D7LZ2M14, B0D7HDPKPY, B0D7HNSMGZ, B0D7LMRTJW, B0D7W21WFL, B0D8L8FX1X, B0D8J1D3TW, B0D7LMRTK2, B0D6Y934PZ, B0D7M995FP, B0D7W35HGD, B0D7W3F72L, B0D7W4P1FV, B0D8Q3CHFC, B0D8NN48QC, B0D7GY1B2T, B0D7W35HGG, B0D7W2P1FG, B0D7M8LKQ9, B0D4YVJD5W, B0D7CHRM93, B0D7CHD4QX, B0D7M1KVT3, B0D7W4W48K, B0D7M83WS6, B0D7W23WG2, B0DB26354C, B0D7H9PJB9, B0D6Y3JB82, B0D7W3CG9F, B0D8YC7QB6, B0D7VZW31V, B0D6XN51FH, B0DFM3947W, B0D7LMTRD9, B0D8J26LW1, B0D8YC5BJF, B0D7W1LFTZ, B0D7HMS44Q, B0D7L9DG95, B0D8NS7872, B0D7M8ZQ4J, B0D7H9F23Q, B0D94DT7M9, B0D7LKX44P, B0D4V4L2N1, B0D7CHXTSR, B0FN4H6WL8, B0D6Y8XP8B, B0D7GCL385, B0D8Q45H6S, B0D7W37CTQ, B0D8J3L5KP, B0D8NNGG26, B0D8TCMN7S, B0D8Q3JDM7, B0D7W3DH84, B0D8P3ZVSJ, B0D7CJHVLX, B0D8Q3ZGBK, B0D8P3JZJR, B0D8J5W1J9, B0D7LQ688F, B0D7W2S1ZX]",amzn1.campaign.1IA6IMFNZ20NT,Top Home Decor | Erosebridal 100K+ Styles | 15% Commission 56,Erosebridal,2026-09-04,2027-09-04,15.00%,10000.0,9987.75,130,800,false
[B0GCMFXN7C],amzn1.campaign.HBW5GDGLK1G,10% Commission -20% i-baby Outlast® Baby Toddler Sleep Sack with Legs,i-baby,2026-09-04,2026-11-30,10.00%,5000.0,5000.0,140,800,false
"[B0CX83W3NP, B0CKQSK58K, B0DB21DPZ6, B0CKQVZKV8, B0DB234JQP, B0D2N665XQ, B0CKQVPYJQ, B0CX7T7D2L, B0CX8J5QL8, B0CX7Q8TSK, B0D2N63YSN, B0CX8KZYF5, B0D2N3W8BD, B0CX88F1RJ, B0CKQV7JJJ, B0CKQVMW66, B0DB22Q2YH, B0D2N65K5G, B0CKQTN5WZ, B0CKQVJ381, B0CX7T5ZT7, B0DB212PKK, B0CX7XKXLD, B0CX8J5B2G, B0CX829F58, B0CKQTT8LD, B0CKQV2JD3, B0CX8773Y2, B0CX864VG1, B0DB21TVW8, B0DPLWLDBW, B0D2N5S61L, B0CX835NML, B0CX83YKLC, B0DPLXB498, B0CX7Q7KMW, B0CX8GTY7W, B0CKQVNK27, B0CKQWPC8X, B0DB2458N1, B0CKQTWCT1, B0CX8BZRFW, B0D2N5XCDR, B0CX81HB18, B0CX81CVGH, B0DB21RCLC, B0CKQWLGM7, B0D2N5YT2B, B0CX85PRFR, B0CKQX1JWX, B0CX7Q8TR4, B0CX8KZX9R, B0D2N34Y29, B0CKQW4NBQ, B0DB23DKR3, B0DB22SLFC, B0CKQWP1NR, B0CKQVFRC2, B0D2N8MXHH, B0CKQVKJ3B, B0CKQVK2LN, B0CKQTSKFN, B0CKQS3253]",amzn1.campaign.1GL4PS6O0CJR7,hot  hot 1/2pack Mens T Shirt Gym Workout Short Sleeve Athletic Fitness Tee,Muscle Killer,2026-09-04,2027-01-01,10.00%,5000.0,4992.5,123,800,false
"[B0FHHBKTL2, B0FHHC2RCR, B0FHHJ1FZK, B0FHHG816M, B0FHH5ZNB3, B0FHHD6V7R, B0FHHCYS6P, B0FHHD6GMM, B0FHHHR6D7, B0FHH9WGCZ, B0FHHG9SPG, B0FHH5YP96, B0FHHBNYF1, B0FHHCLNJ5, B0FHHDPBMW, B0FHHCYSQX, B0FHHBNCPL, B0FHHH3M3L, B0FHHGNB3T, B0FHHG7W7B, B0FHH8SD2C, B0FHHD1STL, B0FHH8VVQR, B0FHHCT2CS, B0FHH5X9TJ, B0FHHGWFXQ, B0FHHB7LP5, B0FHHF4118, B0FHHCXBMP, B0FHHD2SB4, B0FHHDCGZ1, B0FHH5XLR2, B0FHH5X6HL, B0FHHD28S4, B0FHH5XCVK, B0FHHGRRLV, B0FHH5XYDY, B0FHH5YHHP, B0FHHDGKWV, B0FHHCXSJW]",amzn1.campaign.2FXAOPMEEVOTS,Women's Pointed Toe Flats Diamond Bow Sequin Comfortable Slip On Flats,QXQDQY,2026-09-04,2027-01-06,10.00%,5000.0,5000.0,143,800,false
"[B0FF3RK4CJ, B0FF3RZVG8, B0FF3QV13D, B0FF3R7WZ4, B0FF3QLM6Y, B0FF3RTLJK, B0GQG6VCVD, B0FF3T6LQL, B0GQGPHW4Q, B0FF3QV3X2]",amzn1.campaign.WAS2L8VNQ3XC,🎊Party Essential! Garvee Trash Can — 13% OFF#SHL,GarveeHome,2026-09-04,2026-11-30,10.00%,10000.0,9716.4,118,800,false
"[B0FHHBKTL2, B0FHHC2RCR, B0FHHJ1FZK, B0FHHG816M, B0FHH5ZNB3, B0FHHD6V7R, B0FHHCYS6P, B0FHHD6GMM, B0FHHHR6D7, B0FHH9WGCZ, B0FHHG9SPG, B0FHH5YP96, B0FHHBNYF1, B0FHHCLNJ5, B0FHHDPBMW, B0FHHCYSQX, B0FHHBNCPL, B0FHHH3M3L, B0FHHGNB3T, B0FHHG7W7B, B0FHH8SD2C, B0FHHD1STL, B0FHH8VVQR, B0FHHCT2CS, B0FHH5X9TJ, B0FHHGWFXQ, B0FHHB7LP5, B0FHHF4118, B0FHHCXBMP, B0FHHD2SB4, B0FHHDCGZ1, B0FHH5XLR2, B0FHH5X6HL, B0FHHD28S4, B0FHH5XCVK, B0FHHGRRLV, B0FHH5XYDY, B0FHH5YHHP, B0FHHDGKWV, B0FHHCXSJW]",amzn1.campaign.236VKPBFW2ZA8,Women's Pointed Toe Flats Diamond Bow Sequin Comfortable Slip On Flats,QXQDQY,2026-09-04,2027-01-05,10.00%,5000.0,5000.0,143,800,false
"[B0G7TV86NZ, B0FC2LW764, B0FC2M2VPM, B0G7T919YR]",amzn1.campaign.3B9AOMLJWEH90,"4000+ Sales Volume, 15% Commission, 1.0MM 72""x36"" Silicone Mat, 1 Month",Goldleaf,2026-09-04,2026-12-28,15.00%,5000.0,4984.7,129,800,false
"[B0GQS3N6FG, B0GQS2GRTS, B0GQS5FS87, B0GQSJYD6L, B0GQRSTN49]",amzn1.campaign.2EMJT9S9GUV8S,红色破洞牛仔裤+9.2,Arkordi,2026-09-04,2027-01-07,15.00%,5000.0,5000.0,163,800,false
"[B0H1ZBBKBY, B0GTLC9ZNZ, B0DYJ2V5F1, B0DYJSL2FV, B0FNMMR9MZ]",amzn1.campaign.20KM1ARWKZ6RA,🎃 Halloween Bathroom Fun | Glow Frog Decor | Earn 16% Commission,MENNTY,2026-09-04,2027-09-04,16.00%,60000.0,60000.0,126,800,false
[B0GS2MWPLR],amzn1.campaign.2JDL80YYTQ981,Liquid Ant Bait Stations | For Indoor Household Ant Control,Mysora,2026-09-04,2026-11-10,10.00%,5000.0,5000.0,133,800,false
"[B0GQ3GTHSZ, B0GQ3NYTT4, B0GQ3W9D5M, B0GQ3Q7Y3J, B0GQ3PK7BJ, B0GQ3G3GRC, B0GQ3FZB53, B0GQ3MS8XK, B0GQ3R4TH1, B0GQ3JZ8KC, B0GQ3RLG5L, B0GQ366Y3G, B0GQ33VV87, B0GQ3QJ2CZ, B0GQ3NSL1W]",amzn1.campaign.3HPQG5W0V9J10,🏇 15% + Free Sample | Leather Cowboy Belt w/ Horse/Bull Buckle 🤠,SANSTHS,2026-09-04,2027-03-04,15.00%,5000.0,5000.0,135,800,false
"[B0FHHBKTL2, B0FHHC2RCR, B0FHHJ1FZK, B0FHHG816M, B0FHH5ZNB3, B0FHHD6V7R, B0FHHCYS6P, B0FHHD6GMM, B0FHHHR6D7, B0FHH9WGCZ, B0FHHG9SPG, B0FHH5YP96, B0FHHBNYF1, B0FHHCLNJ5, B0FHHDPBMW, B0FHHCYSQX, B0FHHBNCPL, B0FHHH3M3L, B0FHHGNB3T, B0FHHG7W7B, B0FHH8SD2C, B0FHHD1STL, B0FHH8VVQR, B0FHHCT2CS, B0FHH5X9TJ, B0FHHGWFXQ, B0FHHB7LP5, B0FHHF4118, B0FHHCXBMP, B0FHHD2SB4, B0FHHDCGZ1, B0FHH5XLR2, B0FHH5X6HL, B0FHHD28S4, B0FHH5XCVK, B0FHHGRRLV, B0FHH5XYDY, B0FHH5YHHP, B0FHHDGKWV, B0FHHCXSJW]",amzn1.campaign.31Y6E1XVC2315,Women's Pointed Toe Flats Diamond Bow Sequin Comfortable Slip On Flats,QXQDQY,2026-09-04,2027-01-02,10.00%,5003.0,5003.0,149,800,false
"[B0D7GXZ628, B0D7H9F9SW, B0DGTRKM4Q, B0DGTVJ11W, B0D7GXR6JL, B0DGTT2TV8, B0D6W9TSRY, B0D7HPDNH8, B0D6RDK1P4, B0D69W8MYZ, B0DB28GD2N, B0D736JQ2W, B0D8J1FSBV, B0DCJWCMY8, B0D91JC9Z7, B0D9NRV1RC, B0DGTTDHK3, B0D6WCKHBJ, B0D6B2NWVR, B0D69W8ZTF, B0D7HNXXVK, B0D8J8M4MH, B0D72ZS439, B0D7HHLRX7, B0DGTTYCCF, B0D6WDRHPQ, B0D8J4DT8K, B0D91JJZHS, B0D7H31YTP, B0D6WCMTSP, B0D8J3K8H8, B0D8J52G7N, B0DL2WV6Z3, B0D8TD1G5D, B0D8VDXWT8, B0D69X8H24, B0D7PVZQJD, B0D737Q7PV, B0D8J3JYL8, B0D8J55ZTK, B0D72ZRRQ7, B0D69XHB5T, B0D69XRZGZ, B0D72SV1K6, B0D7MD6C67, B0D9NJTNQB, B0D7H1XRHJ, B0D53J9HVF, B0DGTV7HTL, B0D69W9HPD, B0D739HBMF, B0DCJLHK8C, B0D9NK9F5F, B0D7H36BVZ, B0D69Y2K3M, B0DGTTK9SR, B0D7Q279S6, B0DGTW9Z5P, B0D8J6KH6Y, B0D87DWBYK, B0D8TCTHNH, B0D7HH9Z7N, B0D7HBVB8J, B0D731GBD7, B0D72WJDGJ, B0D7HBDD18, B0DB28TRKL, B0D69XX1KN, B0D8YCTGNC, B0D69NMGCV, B0D7H9HK3W, B0D7HQCQXK, B0D8J33CH3, B0D91J65TR, B0D8J5P7DN, B0D6XZ4X94, B0DL2ZBNTV, B0D53SNDMS, B0D7HCD2VB, B0D733YXMV, B0D7PYFSX1, B0DCJJFWK3, B0D9NPGMN8, B0DB1CPN71, B0D6WBTPWN, B0D86TL3WT, B0D6B4JKNX, B0DB27FT3K, B0D9NRPVJX, B0D8J4L5GG, B0D7H8ZYXV, B0D7PW8YG6, B0D9NHXVP4, B0D7HP13LX, B0DCJWGN4G, B0D6RD82BT, B0D8J43F2G, B0D7H6BFD7, B0D7HP2J73, B0DCJQHZDM, B0FH6WPTHD, B0D7H5G9XD, B0DCJRY5M3, B0D7HNB9CV, B0D69RB169, B0D8J3CTMX, B0D8J36GZZ, B0D7H9PTCH, B0D6XMMTS2, B0DL2VDRH6, B0D7Q1QNNZ, B0D6B49XX4, B0D8TBXL7Y, B0D69X8GZ9, B0D7HF3X96, B0DCJVJ2Q1, B0D7H9PN5Y, B0D8J4D62K, B0D9NKPG5X, B0D7HHNYFG, B0D6B2HSXS, B0D72RLZKW, B0D8J76M58, B0D7HPCP4X, B0D6W8JGJ5, B0DGTY3XGG, B0D9NGSR4Z, B0DGTXJRSZ, B0D6WC6KLP, B0D7Q17X29, B0D7CQ8GKV, B0D72WL2PP, B0D72SZ9GD, B0DCJLK6FW, B0D53KDKFR, B0D7H5Y8M6, B0DGTW2RXM, B0D6RF2FVY, B0D53J9HVT, B0D8J59BTX, B0D69TL4KH, B0DGTSRBJR, B0D69VY8VN, B0DB2BC12C, B0D72SZ9GH, B0D9NP9SM7, B0D6WB6KNV, B0D91JK16H, B0DCJWZ2ZX, B0D6WD44P4, B0D9NQYGTV, B0D7MFFYB7, B0D91J9H88, B0D69YCNNJ, B0D6WD2CT3, B0D6RDZ15C, B0D8J4VQVW, B0DCJX3231, B0D8L4G5G9, B0D7PYJWZD, B0D69XVMPY, B0D9NGWMBH, B0D7GXTSY1, B0DGTSRHV6, B0DCJWFS7K, B0D8J4RJ46, B0DDH2HC7K, B0D7Q3N521, B0D91HMF2N, B0D69YCNML, B0D9NS1H5T, B0D8J736V7, B0D737WXYZ, B0DB27N56H, B0D7PW8DFM, B0D53G3QRN, B0D69X69F2, B0D7H9K3WR, B0D7PXV2JZ, B0D91J955Y, B0D6WFZM51, B0DCJS33DS, B0D737VR17, B0D6XQN26G, B0DCJN9ZNH, B0D7MK4WCY, B0D7H2QVQ7, B0D8J1DLYZ, B0D69X69FG, B0D8YDQ9Z4, B0D6W8QZWV, B0D6WDPT8G, B0D6WC1X9D, B0D91J4HTG, B0DB1BL3WG, B0D9NJQW6R, B0D6W99VXG, B0DGTT68B7, B0D9NHDTP4, B0D69VDVSW, B0D7H7D4WP, B0D6XRMW4Q, B0D8J4QLPV, B0DB25TBL9, B0D9NJS72C, B0D7Q23M33, B0D7382S5K, B0D8YDBD4S, B0DCJPSBBL, B0DB1DHRGB, B0D8J5L581, B0D91HMSWX, B0D7382S53, B0D69W55CZ, B0D7MJSWQ8, B0DCJLFTZJ, B0D6W8T18M, B0D7PYHWMD, B0D7391GDN, B0D7CRFQXL, B0D9NK5QDL, B0D8J4764G, B0D8J6NPGW, B0D7HQDBBD, B0D7CNMPL5, B0D7H9TDR4, B0DGTSB4PQ, B0DB26JVRX, B0D739B7TL, B0D91JZGC8, B0D9NJSH59, B0D7HCCQHB, B0D7MLM4CM, B0D7PXTMSJ, B0D91HXC8T, B0D69Y3JY4, B0D91HX8D8, B0D7H98GJH, B0D8J8GCL3, B0DL2WSBM3, B0D53KBM14, B0DGTSBPNG, B0D6WBWCF1, B0DGTSBPNN, B0D737VG4K, B0D9NQ95WD, B0D9NRCQ3X, B0D7MMSWWT, B0DCJMWH2H, B0D8J5C6Y1, B0D7DJPY17, B0D7H6DS46, B0DB26SS7J, B0D6RDJL24, B0D737Q7BR, B0D7PYYF45, B0D7H661PY, B0D7HQJLJ3, B0D6B51LR1, B0D7Q3DPMX, B0DCJNCZW7, B0D72XMWY1, B0D8J4NGRW, B0DGTVJKR5, B0D6B51LR5, B0D7PXFWJL, B0D69W4XM6, B0D6W9NYZP, B0DDH5VN4J, B0D7HDMTNX, B0D7PW9G11, B0D7H56QJG, B0D9NGZH8B, B0D8VF5KXM, B0D8J56NNN, B0D9NPSFKW, B0D7MHL4TX, B0D8J6SWLN, B0D9NJ1482, B0D8J59HYX, B0DCJXCVDP, B0D8YBKRMW, B0D7H46FQK, B0D69W3Z3S, B0D9NRHV1B, B0FH6TZBLH, B0D91HK1Z3, B0D739JQ2R, B0D9NP1H3L, B0D6W9NYZK, B0D6WBNQZJ, B0D7H31PP8, B0DCJYKQ7Z, B0D9NHHZWS, B0D7CNZMYK, B0D7CNRQ8D, B0DCJRK8YD, B0D7MHJ3B6, B0D69NJ1LR, B0DB295C21, B0D7H4Z51Y, B0D6B3RCP4, B0D7HF6BWK, B0D7H7DY7W, B0D8J6Z3FP, B0D7HB6Z2B, B0D7HHD127, B0D8J5Y6KF, B0D7HHD2TM, B0D69Y4F76, B0D91GHJVD, B0D6B66WXR, B0D8J5Y6KT, B0D6YHGYPP, B0D8YD5CS3, B0D6W9SN18, B0D9NP2SL7, B0D8VF3RWL, B0D6WBBM8Z, B0DDH7FP8W, B0D7HM44QB, B0D9NJ7HQ2, B0D8J679XB, B0D7HBJSMF, B0D7PZ47V7, B0D6RF4KJ2, B0D9NPJWKY, B0DGTTW1N4, B0D6YKSRJP, B0DGTVRYTS, B0D7CMB4KR, B0D72SRK1J, B0D7HJNZC1, B0DGTTPLXY, B0D6XS9PLY, B0D69XV1C6, B0D7HB8WHP, B0D7HBYLR8, B0D7MKJBN1, B0D8TDJXT6, B0D72RTHB7, B0DL2XLZ8X, B0D9NRLFRZ, B0D8VFT12D, B0D7HPD3HM, B0D7Q17Q4M, B0D533P3KD, B0D7H8TBCK, B0D8J2CGCH, B0D7CPBRNP, B0D91HZMHY, B0D7HCGVYW, B0D69XRZG4, B0D7CNT6YP, B0D6WC82M8, B0D9NQ114V, B0D7GX361P, B0D7H4MD2M, B0D7PW8NL9, B0D91HVTB6, B0D9NGKK79, B0D6RDY865, B0D6B6T571, B0D6WB3ZFN, B0D8J5JTX6, B0DB25WMV7, B0D6WCJ37Z, B0D7HR8NJ9, B0D9NPGF87, B0D7HB8RZD, B0FH6Y7MRL, B0D8YFJ8DY, B0D8J5Y6LL, B0D9NGY3ZK, B0DB26VK66, B0D9NJ2PT3, B0D53G7YF1, B0D9NPZZCG, B0DDH6HT6J, B0DCJVP1FZ, B0DCJX6GDV, B0D93MN2H1, B0D731ZVJC, B0D7PW5P6B, B0D9NJ5442, B0D6B438WX, B0DGTTNHS6, B0D8J6D7RJ, B0D72N7KTK, B0D735GWRS, B0D8J4XFMD, B0DL2X5TVF, B0D69W7JQP, B0D7Q3R9CL, B0D7HDKY46, B0D9NPJ5TB, B0D9NGRT17, B0D7PZDWKQ, B0DDH4N6JY, B0DGTS7VFR, B0D8YCFTVG, B0D7HNZ5M7, B0D7HQRF3G, B0D7H9N1M4, B0D8Y8C98X, B0DGTT7N9Z, B0D8J5LGJT, B0D8J6B3DX, B0D7HK13VN, B0D7H97LDC, B0D7H99NBB, B0D8J4MJH9, B0D7PVRQD8, B0D9NQDL84, B0D7H8CQGZ, B0DGTSK6KF, B0D7CRN69V, B0DCJRRVHC, B0D6W9HT86, B0D69W662L, B0D53G76HJ, B0D8YDKJW3, B0D91HPMSF, B0D731TL54, B0D8J5FNL4, B0D9NPFP1W, B0D7HP3CC4, B0D91HN91N, B0D8YBTZ4L, B0D9NPC5F6, B0D738BNLL, B0DB268FXZ, B0D9NP47VS, B0D8J5S6RS, B0D7H9NT2M, B0D8J92PXW, B0D6RCKXVR, B0DGTT5XQZ, B0D6B4YPQ7, B0D9NPWYWW, B0D8J6ZPVD, B0D69Y4C75, B0D6B49KG9, B0D9NKMG98, B0D69Z4MNY, B0D6B4XP3D, B0D6WC6LG6, B0D7Q4R2ZH, B0D7HC9BXX, B0D7HHQ8WJ, B0DCJVSWT3, B0D9NH7SGP, B0D7Q53PYY, B0D6WC91P9, B0D72TZ93Y, B0DGTSF8BG, B0D53B31NQ, B0DGTVKF4Z, B0D7CMX1XJ, B0D8J6VX64, B0D738PBQS, B0D6B24YBW, B0DGTSHFXJ, B0D6WC6NRH, B0D733X91D, B0D6WBBKDN, B0D8J1CQLD, B0D6WC1GQX, B0D7H369F2, B0D69W4MJD, B0D8VDJG6W, B0DCJW6WKS, B0D6W9R2R3, B0D6RDPNT8, B0D69TK8Q1, B0D6W9R2R7, B0D69TK8PW, B0D72YM3BV, B0D7MPVJQ4, B0D9NJPZVZ, B0D6WDMC9J, B0DCJXBD2T, B0D8J5LL63, B0D6WF7TB4, B0D7HP3VLT, B0D8J1DNDJ, B0D7HMB1JL, B0D7Q3Z4H9, B0DGTVDRD9, B0D7H7PLXZ, B0D7GWLQT9, B0D7H933FR, B0D93NMLFZ, B0D7GT4WKF, B0D8J1DF58, B0DB26RG15, B0D7HR1LDM, B0D7MHJFMY, B0D9NHZWL1, B0D7H2DQDS, B0D7PYD5BL, B0D7MF7ZFY, B0D6B48NL2, B0D9NH5687, B0D6WDHFMG, B0DCJRDJTY, B0D8J7386X, B0D91HPKW5, B0DCJX9P71, B0D6WDJZ5H, B0D7MKG9SB, B0D9NHBFRH, B0D8YCLXDB, B0D8L3QNYY, B0D6RBXBYH, B0D93PDYK3, B0D69W3YGS, B0D8TCZLXT, B0DL2WWRTM, B0D8J1C9PY, B0DDH582QT, B0D7H9PHJX, B0D9NHVFX1, B0D6YBGZYH, B0D7MFBGFL, B0D8J5WR86, B0D735JV13, B0D7MLXCZX, B0DCJQ4NRT, B0DGTRY2MM, B0DCJYFGCC, B0D69Y7D95, B0D7HC6HFK, B0D7HDWRYH, B0D5388VX2, B0DB27T191, B0D9NP89VV, B0D6Y8XPDD, B0D9NJG6NZ, B0DDGZLBLM, B0D7HCWB66, B0D9NPQ6F5, B0D69XFVKD, B0D8J519X8, B0D69XTPVZ, B0D736H1W3, B0D739MCXN, B0DB28SY54, B0D6WGQVC5, B0D9NJGCJ9, B0D6RDBTBX, B0DB1CRJT2, B0D7HM8RQX, B0D7MCTXKL, B0D737CHW1, B0D7GXT2XT, B0D7Q317MY, B0D91HSQ4H, B0D8TC71NV, B0DB26RNYQ, B0D7MGTCRB, B0D6RD8PWY, B0D8YBYJZH, B0D7H94BVJ, B0D72Q6M86, B0D69QNPQR, B0D6W9QFV8, B0DB28FPHY, B0D7Q4VYHS, B0D9NH7WZ6, B0D7HHN6F9, B0D7MH76MS, B0D8J6JCG7, B0D538VP1W, B0D9NHZJYC, B0D7HBYNBM, B0D91JLRVZ, B0D736HZHS, B0D7H9JZFD, B0D6WDQ1S8, B0D735JT1S, B0D8J679L7, B0D7Q14C5B, B0D7H7NJRM, B0D8J3WKGB, B0D8J6BNTS, B0D6Y3GTSP, B0D7HQVXRB, B0DB28HL9D, B0D9NPLC27, B0D8J8GKHH, B0D9NRJVC9, B0D72RTVR5, B0D69X4L26, B0D8J55JQN, B0D7HQ9N5T, B0D7H49MNC, B0D8J5QH8L, B0D736DRDN, B0D8J5HGR8, B0D8YDD4VP, B0D72ZHZZG, B0D7HBLF7R, B0D7H73JD5, B0DB1CLRXW, B0D734SWL8, B0D8J4P7JJ, B0DCJN65X3, B0D7HC6RPT, B0D8J7P5TN, B0D8J5CBKK, B0D69X6LQF, B0D8J8CSZV, B0D8J4P7JD, B0DCJXJJQ6, B0D69XYTZS, B0D8J3J41N, B0D8J1C17R, B0D9NR1C1N, B0D69W2HQQ, B0D7HR3LPH, B0D6WBWM3R, B0D8YCGGHC, B0D9NPPFS2, B0D8J52XGQ, B0D739N5NQ, B0DB1BHNZ1, B0D8J1DKHY, B0FH6W4MYB, B0D7HHQPTH, B0DL2X4Y3W, B0D8J3Q8DN, B0DGTTBT82, B0D8J5CQJG, B0D8J7NFZ5, B0D69YC2ZQ, B0D6B2TG78, B0D736593Y, B0D7H8KMZ8, B0D7HB6PJB, B0D6XQNZS4, B0D8J75NRP, B0DCJWL2ZT, B0D6XS3VC4, B0D6Y2STXQ, B0DCJYF24J, B0D69XW196, B0D7Q1743B, B0D69WDDT1, B0D737TVT8, B0D7HRXB14, B0D8J4BZZS, B0D734ZT3N, B0D7CR7KRZ, B0DCJR917W, B0DGTY6G5K, B0D72RWQ2G, B0DDGYR6FW, B0D86SWL8P, B0D72Y22BR, B0DGTSDBM3, B0D7HDKKDQ, B0DCJYP7BC, B0D8YDHNTV, B0D8J5BJB1, B0D8J6QH5C, B0D6WCK8XJ, B0D8J73QDG, B0D7HH8YJ8, B0DGTTF7NC, B0D72TPCW7, B0D9NJHBMG, B0D7H44TSK, B0D6RBZJVV, B0DGTTF7ND, B0D733J7H7, B0D72HN7NC, B0DCJX7XJ9, B0DCJYF24P, B0D9NQ4L8S, B0D6RDN58R, B0D7H82C2L, B0DB29X6WJ, B0D7Q1PY3Z, B0D7HQ17JS, B0D8YBK9ZF, B0DGTXSWYT, B0D8J6QXVH, B0D6WCK8WV, B0D91J6N4V, B0DDH47RSR, B0D6B6P934, B0D7H2RWYZ, B0D86RHNCZ, B0D7H2LKQ1, B0D9NQJN6Z, B0D8J5CBMJ, B0D8J6NKBQ, B0DB277TPV, B0D7HJPY6C, B0D9NQV7G5, B0D8J5VCWN, B0D738L5R7, B0D69VSSBZ, B0D7MLM18V, B0D7MLM18X, B0D8YBZHMH, B0D7MFP7GJ, B0D7MFDVHC, B0D533PRPW, B0DDH5QPGH, B0DB1D8YG7, B0D91JLTB1, B0D7HB891M, B0D6B6W2NX, B0D6B6BX7N, B0D6RBZJSP, B0D8J3KKTQ, B0D6WBZL29, B0D7HRZ56F, B0D6XQT6CV, B0D8J5V756, B0DDH4MJN5, B0D8YBT5RW, B0D7H993W9, B0D6XQT6CH, B0DDH557SG, B0D9NQGDWK, B0D8J1D1MQ, B0DB26927Z, B0D7HDJD65, B0D7HHT273, B0D7Q4T8YJ, B0D8YC3KCF, B0D53YDV74, B0D7GXVGFT, B0DB27K2G7, B0D9NRPXHR, B0D9NJ113S, B0D8J6J1RT, B0D9NHPS22, B0D7MKSNHG, B0D8VFJW8Z, B0DB2738ZT, B0DGTS1C9V, B0D52XCHSB, B0D8J4SBMZ, B0D69Z6DQD, B0DCJYSLW7, B0D7PZXWGT, B0D9NGWHDZ, B0DB189RZF, B0D6B7GL1B, B0DCJYR4M3, B0D6WF57K8, B0D69NS2RG, B0D9NP2Y72, B0D7H2GQX3, B0DGTS13YY, B0D7H2WF1D, B0DCJTYTMS, B0D72SQHP4, B0D8YDNH3K, B0D7PXNP1J, B0D736VZJB, B0D9NQ1FXK, B0D9NR5DT7, B0D7H8N112, B0D8VDMHNG, B0D93M5RKT, B0D7CQVZGZ, B0D8J7N619, B0DCJL2QWF, B0D8J1CTXT, B0DCJP3HRB, B0D7HRQTJQ, B0D7Q1BSYY, B0D8J4CBBL, B0D6B5499P, B0D8TCCYHZ, B0D81ZNBYQ, B0D7HHMV6B, B0D7Q3XXJT, B0D87BT3C9, B0D9NPPT9X, B0DB27RS73, B0D7HDN6KT, B0D8VDLXKD, B0D7HHLS47, B0D69XZKPX, B0D9NGVL2X, B0D7H65KNL, B0D53G36Q9, B0D8J5J3VY, B0D7DJPWFK, B0D7H94DJD, B0D7HQ2RCJ, B0D8J1DQRK, B0D87DQ9BS, B0D8J5V76J, B0D8J4XRF6, B0D91JJH8D, B0D86RH126, B0D8TCLM7N, B0D9NPJGQ8, B0D7H934PM, B0D8J3WHQM, B0D6B4C8F9, B0D7H5PXRW, B0D73BX9RZ, B0D72PWGTP, B0DGTTY2FC, B0D7Q14Z31, B0D6WF2H1D, B0D7HQMNJ4, B0D6RFRL6S, B0D7HK5L7V, B0D8J1CRXR, B0D8J1CRY6]",amzn1.campaign.2OIQ6FG0SMIVV,Top Home Decor | Erosebridal 100K+ Styles | 15% Commission 55,Erosebridal,2026-09-04,2027-09-04,15.00%,10000.0,9989.39,131,800,false
"[B0H6LMP6HD, B0H6LXTJ67, B0H6LNCPQ2, B0H6LQX5Y6, B0H6LQBYL4, B0H6LKVCGQ, B0H6LS2V4C, B0H6LG27XH, B0H6LMYL19, B0H6LXDN8N, B0H6LRYJ7C, B0H6LGPXT2, B0H6LHGY2S, B0H6LKQ4N4, B0H6LK3B3W, B0H6LVQTMH, B0H6LP74Q9, B0H6LY2X7P, B0H6LQVZ69, B0H6LV6X3X, B0H6LRZBQG, B0H6LQJD1L, B0H6LKZBYB, B0H6LY21WK, B0H6LL3VH5, B0H6LTR6N8, B0H6LL3VH7, B0H6LPV24S, B0H6LDD6TQ, B0H6LTNZ1K, B0H6LQ9RTK, B0H6LT1FG7, B0H6LRR87H, B0H6LQ43Y5, B0H6LK5YHV, B0H6LKXSS9]",amzn1.campaign.3L67Q7JSEC5O2,"📢 New Releases! VONMELLI Women Elastic Belt | 20% Comm, Free Sample !!! KF049",VONMELLI,2026-09-04,2026-10-13,20.00%,5000.0,5000.0,121,800,false
"[B0GVY5PY51, B0GVY4MP9J, B0GVXXNLDY, B0GVY1S9GY, B0GVY1B99Y, B0GVY48GHL, B0GVY2ZP8B, B0GVY1D93Z, B0GVXZL9TL, B0GVY1VSS1, B0GVXXNLDX, B0GVXXPRDR, B0GVXXCB7F, B0GVY21HWG, B0GVXVJVML, B0GVY5PJWB, B0GVY75G13, B0GVY25W2D, B0GVXXRY1L, B0GVY6F5BY, B0GVXYHWVR, B0GVXXQ4XR, B0GVY77B6R, B0GVY4J91M, B0GVXXQ4XP, B0GVXZX8W1, B0GVY262GN, B0GVY5LY2X, B0GVY2SB23, B0GVY4WJ8M, B0GVXV39CZ, B0GVY5LY2W, B0GVXW5DCC, B0GVY72DJS, B0GVY2Y3YP]",amzn1.campaign.14ZK5MLRP7X1T,🌸 IT HAS POCKETS! And 12% Commission – Let's Go! 👗💰,KASBAH,2026-09-04,2026-12-31,12.00%,19954.65,19954.65,130,800,false
"[B0H4FNMSCQ, B0H4FXDX79, B0H4FX6JY3, B0H4G3TC7G]",amzn1.campaign.2BSK18P0X9S38,JINLING 新,JINLING,2026-09-04,2027-09-01,10.00%,5000.0,5000.0,129,800,false
"[B0FHHBKTL2, B0FHHC2RCR, B0FHHJ1FZK, B0FHHG816M, B0FHH5ZNB3, B0FHHD6V7R, B0FHHCYS6P, B0FHHD6GMM, B0FHHHR6D7, B0FHH9WGCZ, B0FHHG9SPG, B0FHH5YP96, B0FHHBNYF1, B0FHHCLNJ5, B0FHHDPBMW, B0FHHCYSQX, B0FHHBNCPL, B0FHHH3M3L, B0FHHGNB3T, B0FHHG7W7B, B0FHH8SD2C, B0FHHD1STL, B0FHH8VVQR, B0FHHCT2CS, B0FHH5X9TJ, B0FHHGWFXQ, B0FHHB7LP5, B0FHHF4118, B0FHHCXBMP, B0FHHD2SB4, B0FHHDCGZ1, B0FHH5XLR2, B0FHH5X6HL, B0FHHD28S4, B0FHH5XCVK, B0FHHGRRLV, B0FHH5XYDY, B0FHH5YHHP, B0FHHDGKWV, B0FHHCXSJW]",amzn1.campaign.269NU38R6OU2J,Women's Pointed Toe Flats Diamond Bow Sequin Comfortable Slip On Flats,QXQDQY,2026-09-04,2027-01-01,10.00%,5001.0,5001.0,151,800,false
[B0DY7DNXTS],amzn1.campaign.21FNFON91VYJ4,3pcs Kids Playroom Wall Art10%,ESHLEUUNG,2026-09-04,2027-09-04,11.00%,6666.0,6666.0,136,800,false
"[B0GVMRZVT6, B0GHNNHTX7, B0GHNN4VBB, B0GVMW76J4, B0GVMVR3XP, B0GVN368C9, B0GVMZXKT1, B0GSXXWBGJ, B0GHNTFNHH, B0GHN3J8H8, B0GHNMM5BM, B0GVMQQMXV, B0GVMNHVD1, B0GHNB45HZ, B0H3NX3Z1B, B0GHNBT22Q, B0GVMW869W, B0GVMTVHH9, B0GSXVKLFH, B0GVMNZ86Q, B0GHNNC41T, B0GSXZC271, B0GSXZ6BJV, B0GVMSC23F, B0GSY5M6YD, B0GVMRMDT7, B0GVMZ884J, B0GVMRP3DX, B0GVMW9SRM, B0GHNHW5JZ, B0GSY7TGDF, B0GVMTZHSV, B0GVMW56QD, B0GHNHWMZW, B0GVMQRFYB, B0GHNPR87P, B0GSXRYBFD, B0GVMN7L1T, B0GHN9T28L, B0GVMYX1QN, B0GHND56H7, B0GHNCP4GZ, B0GHNPPRHV, B0GHNFD25R, B0GHNJGTJX, B0GVMS7QSW, B0GVMY19PR, B0GHNLG1G1, B0GHNTGVC6, B0GHN9H45B, B0GVMN1TQB, B0GHNP5NNX, B0GVMQTMR1, B0GVMPDY6W, B0GVMZHFZR, B0GVMTG6L8, B0GVMQ6CRW, B0GSXR9V6W, B0GVMTNJF5, B0GVMQZGKH, B0GHN4NRHX, B0GVMZJ572, B0GVMWWFMS, B0GHN7NGTD, B0GVMPT83M, B0GVMRDHS2, B0GVMY8HDS, B0GVMPSK3W, B0GHN4C9N1, B0GHNCCYYC, B0GVMPP11W, B0GHN7C465, B0GHNP9QV4, B0GSXWNPN9, B0GSY3VHXS, B0GVMQX1K2, B0GHNL767Y, B0GHN7D437, B0GHN8NGJV, B0GSXWH763, B0GVMQ6GWY, B0GVN4MHXW, B0GSXSBGRG, B0GVMVCN7T, B0GVMVQQ3V]",amzn1.campaign.2EIT6WRGX6IOT,ALLABREVE Plus Size Denim Shorts Womens High Waisted Stretchy Jean Shorts Summer,ALLABREVE,2026-09-06,2026-10-06,10.00%,5000.0,4855.14,110,800,false
"[B0GZVLX8NX, B0GZV94SZW, B0GZV6HKNT, B0GZV79X3S, B0GCBYQB85, B0GZVQRMTF, B0GZVM1HML, B0GZVQPDM1, B0GC982Z78, B0GZVHTBR8, B0GCC81KS2, B0GZVDY4ZC, B0GCBNYKRT, B0GCCCTS6Z, B0GZV4ZQJY, B0GZVD1TTS, B0GZV4KR5K, B0GVSK553Q, B0GCCLKN4B, B0GCF1HFK4, B0GC9RKZ2X, B0GCCMHVDT, B0GCCB74NP, B0GCC8V6BN, B0GCFHBR16, B0GZVM9MVN, B0GCCV4JBV, B0GZVDM45B, B0GZVLDG8X, B0GZVDPPTH, B0GCC8YX4S, B0GCB3YLRH, B0GCC839L4, B0GZVDQGCR, B0GC9S2K76, B0GZVK4ZW8, B0GCBYDLQG, B0GCD5STX3, B0GZV9BM5T, B0GCBNWNY6, B0GZVPGDP1, B0GCF39BR1, B0GCC823NB, B0GCCP7WFJ, B0GZVM66XJ, B0GZV742TS, B0GZVH9W1M, B0GZV93H17, B0GCB41MTL, B0GZVLVZ2T]",amzn1.campaign.1FGXRSCSWYS1T,"! Boho Creators✨ Asymmetrical Ruffle Skirt, 10% Comm, Free Sample-B262!",XZQTIVE,2026-09-04,2026-12-31,10.00%,5000.0,5000.0,127,800,false
"[B0H98T1FFY, B0GTVN5G74, B0GTVCQW13, B0GTVH61CT, B0GTVM4LGR, B0H98SYXH7, B0H98SM4CR, B0H98TT3QW, B0H98WWM9S, B0H98GDL5F, B0H98RR8YZ, B0GTV9SRS1, B0H98QKFFN, B0GTVL5GGV, B0GTVKWBHD, B0GTVRGFW6, B0GTVH57WV, B0H98GLWTC]",amzn1.campaign.QN9KFXI07YQ6,Earn high commissions——Experience fashion style with Hathne!0028,hathne,2026-09-01,2027-03-02,16.65%,5000.0,5000.0,162,800,false
[B0CZ3N969Z],amzn1.campaign.1BFM2YEZ48XRM,Jewelry Glue for Elastic String -new 2pc,ZUAWAE,2026-09-04,2027-09-04,10.00%,5000.0,4997.68,122,800,false
"[B0H6LMP6HD, B0H6LXTJ67, B0H6LNCPQ2, B0H6LQX5Y6, B0H6LQBYL4, B0H6LKVCGQ, B0H6LS2V4C, B0H6LG27XH, B0H6LMYL19, B0H6LXDN8N, B0H6LRYJ7C, B0H6LGPXT2, B0H6LHGY2S, B0H6LKQ4N4, B0H6LK3B3W, B0H6LVQTMH, B0H6LP74Q9, B0H6LY2X7P, B0H6LQVZ69, B0H6LV6X3X, B0H6LRZBQG, B0H6LQJD1L, B0H6LKZBYB, B0H6LY21WK, B0H6LL3VH5, B0H6LTR6N8, B0H6LL3VH7, B0H6LPV24S, B0H6LDD6TQ, B0H6LTNZ1K, B0H6LQ9RTK, B0H6LT1FG7, B0H6LRR87H, B0H6LQ43Y5, B0H6LK5YHV, B0H6LKXSS9]",amzn1.campaign.24FMP9JOKX9WZ,"📢 New Releases! VONMELLI Women Elastic Belt | 20% Comm, Free Sample !!! KF049",VONMELLI,2026-09-04,2026-10-12,20.00%,5000.0,4964.74,130,800,false
"[B0H1ZBBKBY, B0GTLC9ZNZ, B0DYJ2V5F1, B0DYJSL2FV]",amzn1.campaign.HZT3HN91GSSL,🐸 Glow-in-the-Dark Frog Bathroom Find | Fun Easy Demo | Earn 16%,MENNTY,2026-09-04,2027-09-03,16.00%,60000.0,60000.0,144,800,false
"[B0GXWCT2X7, B0GXW2GNWG, B0GXWCYFP4, B0GXW5LYHG, B0GXW4Y5D8, B0GXW8CB43, B0GXW5FDWM]",amzn1.campaign.2TK5AF4XI988U,Funny Bathroom Rules Metal Sign Skeleton Tin Sign Vintage Restroom Decor,PlikPlakey,2026-09-04,2026-11-17,10.00%,5000.0,5000.0,129,800,false
"[B0FQBVB541, B0FYDF5C6W]",amzn1.campaign.2TRCWMJPVXK87,Megneta | Wormwood Black Walnut Clove Cleanse for Humans+US-CI-01,MEGNETA,2026-09-04,2027-09-04,10.00%,8888.0,8888.0,137,800,false
[B0H94C77N3],amzn1.campaign.3SUMB9Q1EHIRK,10X Magnifying Glass Lamp w/ Light,BCJJ,2026-09-04,2027-04-30,10.00%,5000.0,4997.4,130,800,false
"[B0FN4GQ11N, B0DDCBKYKD, B0DB7SB3CC, B0FN4HQJH6, B0D7LXSZZ8, B0DDBTSVTZ, B0D7LGPWQP, B0D6YNTM3L, B0DG7VCRMD, B0DG1SG4CN, B0D6YNZRLN, B0D6YNHZQQ, B0F21XJJ8T, B0D7HPK19W, B0DB7SB3BP, B0DG1JJFY1, B0D8Q45N2T, B0FN4J8GSY, B0FN4J8GSX, B0D7HDQ9DD, B0D7M3J863, B0D6YN4MRT, B0DDBZR977, B0D7H9PKXS, B0DB7488D8, B0D6YNGWN6, B0DG1L5HC1, B0FN4FGQM2, B0D5R1KVZ3, B0D7PYSZBP, B0D7HMBKZ1, B0DNPZX1S5, B0DGLL7R7Z, B0D6YJY3BN, B0DGLNJV3Y, B0DNQ52983, B0D6YPZS9G, B0DDBYVC9L, B0DGLMQ48R, B0D7W2LMK9, B0DGLKHYPD, B0DGLKHYPF, B0D7HQLXKK, B0D6YM2QZV, B0FN4G3WWN, B0D7M77B6S, B0DG1CKHY1, B0D8Q2ZZ8H, B0DQD9F7D4, B0DB732CFL, B0D8Q16TLP, B0DB1BWZR8, B0D89795S9, B0DG1LRWGM, B0D7M81YZQ, B0D7M7PG5Y, B0DGLG1QVL, B0DGLLQ5QJ, B0D6YMTQ4X, B0D7L52SSK, B0FN4FJL7W, B0D7H1XRHG, B0D8Q4PS1Q, B0D8Q3YF9M, B0DNQ4R1C9, B0DGLLS1JN, B0D6RF38PZ, B0FN4G31NW, B0DQD5YYXN, B0DB7DSKZK, B0D6YNPT23, B0D89KNHX2, B0D7H938NM, B0D7PY5J5Q, B0DGLMGNJV, B0D7W38R9S, B0DGLMGNK3, B0DGLJQX3F, B0D8VWCTXH, B0DB6ZYTZB, B0DB77GC2Z, B0DFCJP21N, B0D7M7G9PF, B0D8Q3YF94, B0D8VYCM1F, B0DB7M8BGP, B0DG12HH1V, B0D7L9512T, B0D7LJGV11, B0DGLKPCPS, B0D7LKKM83, B0D7L6SG82, B0D8VWS9W2, B0DG1FB1ZH, B0DGLKC9C4, B0DDC3GG7C, B0FN4DWN1C, B0DGLKMBXF, B0DFCM5DT1, B0FN4GDJM7, B0D9NRLF55, B0DGLKRTLV, B0D7H9FHWS, B0D7H2PM96, B0D7M5994H, B0DB7622L4, B0D7HQGV3M, B0D7M86GCY, B0FN4FXYM7, B0DDBYVGDT, B0D87CBB4P, B0D7LDKVP8, B0D6YNR5KS, B0D7HHNJGB, B0DB74P3LP, B0DGLKNNKZ, B0DB7FX7LC, B0D7M7X56N, B0DGLKYTMM, B0DDC178RP, B0DG1GF9TT, B0DGLML9FP, B0FN4FY6GM, B0D8VZRJB5, B0DG1LWHW7, B0D7M7F8L8, B0DB7BKK5J, B0D8Q3KV7D, B0D7Q19LSW, B0D8B2N8KG, B0FN4GS398, B0DDBZN7GS, B0D7H24KWH, B0D6YPK5RG, B0DGLKNY4Y, B0DGLLWPMS, B0DDBZ58S9, B0D7M9LSZW, B0DG1VMT49, B0D7M3Q3NR, B0D7H7F9DF, B0D7GXM61Z, B0D7H34H16, B0DFCLLKM7, B0DGLLRL4B, B0D7LPS7GV, B0DQD6L3VB, B0D7M68K8L, B0DGLK4LHK, B0DGLK1P8L, B0D6YN3FNW, B0D7GTWZW3, B0F21WQPRN, B0D7HQMLYP, B0D7M58YJT, B0D7GWXK5X, B0DG1SGP45, B0D6YNWMPW, B0D7H2K9M6, B0DB7M2G9S, B0DG1GJJLK, B0DG12DF3Z, B0D8Q2SQ2X, B0D8Q44NQX, B0DDBTT3VR, B0DGLJPN63, B0DB1C5C52, B0D7PY8QJ8, B0FN4GMX28, B0D6YNKHR7, B0D8Q427L7, B0D7L34JG3, B0D7M4TF53, B0DQDBDJB7, B0D7M4S68L, B0DDBZDXJP, B0FN4GXBL1, B0DB7QSCDD, B0D7HF6XM9, B0D7GXN8VM, B0D7HB753W, B0D7M839GT, B0D7MC8MG7, B0D8VXLPR5, B0D6RF96CS, B0D7D47J4Q, B0D8Q427LT, B0DG1TSYBJ, B0DG1HKZNK, B0DG1SF2VB, B0DB7FTMMV, B0D7HLFVK6, B0D7LZ5DDV, B0DB7G12CX, B0D89WJ48M, B0FN4DC8JD, B0D6YNVYPN, B0D7M3F3S8, B0DB7FVMCV, B0D8Q31GL4, B0DDC4NJ59, B0FN4H9BJ3, B0D7M3C2YM, B0DB772XRP, B0DB7FVMDG, B0DGLMMSYG, B0DG1NXGY6, B0DG1D88Z4, B0D8J6ZQS5, B0DGLK91HD, B0DGLMDST8, B0D7M39XC5, B0D8VXN344, B0D7H4S2JK, B0DDBZGJCY, B0DG8GDSQV, B0D8Q21L2F, B0DG15LPWL, B0D7M3C2ZM, B0DG15LPWK, B0DG17LDFF, B0D7H2QCKB, B0FN4H1XN9, B0D7M8L1NP, B0D8Q3J9FW, B0DDBZY4JF, B0D7M7GQ1Y, B0D6YNFHD6, B0DDBY7BF2, B0DB73TH9S, B0DDBY24YB, B0DB7FVZKR, B0DQDCYXHJ, B0D6YP16GW, B0FN4GK4ZT, B0DQDBDD9H, B0DB7CNXR6, B0D7MBWC6W, B0D7PZT6L1, B0D5R1T93H, B0D7LT152S, B0D7H4CSJH, B0F21YRMZT, B0F21VKX95, B0FN4F4488, B0DB7NPSR6, B0DB7637HG, B0DGLKTVWW, B0D7GV827J, B0DDBWP24L, B0D7M1323P, B0FN4J4L9M, B0D7L6FY8C, B0DG1L2QMN, B0D6YMNN2X, B0DGLKKW1W, B0DB76R5FB, B0DB7J6QHC, B0DGLMQTGW, B0D7PXN6VS, B0DGLL8Z4M, B0D8Q3GBV5, B0D8Q4MK9C, B0DB7FWCYX, B0D6YNKHSY, B0D5QYT1MW, B0DB7FVZJG, B0D6YGWDLW, B0D9NQCRY8, B0DFCKDYST, B0D7GXBFKR, B0D7H65RX9, B0D7M37BPK, B0FN4GB4VB, B0DGLL8Z4R, B0D7M3Y52M, B0D5R3TF8B, B0DDBZJ31N, B0DFCNBSXD, B0DGLMMH6G, B0D89NVD1V, B0DDBZX7PF, B0D7HK6C6K, B0D7M6K71B, B0D7M69N4D, B0D8J5Z82C, B0D6YNNN4F, B0D7M3LB1H, B0D7M7BPB3, B0D7H4579M, B0D8B3VGJL, B0D7H7YXCN, B0D7L8QNFQ, B0D7M95W82, B0D7M7GTTY, B0DB7KKB6J, B0D7HP4JCS, B0D6YKFF71, B0DGLK4DWK, B0D7H36QCY, B0DGLKQKP7, B0D8B3JBDS, B0D6YMY8LL, B0D7M3QJZR, B0D8KWHSZ9, B0DB763RZJ, B0DFCLSFGQ, B0D7L5J1VR, B0DGLMK38V, B0DB7FWCY7, B0D5R1VVKW, B0DG196TXG, B0DGLKW5QZ, B0F21TVWGP, B0DB7883TZ, B0DB74KZZS, B0D7L79F9D, B0DDC28KLM, B0DG1QNQL2, B0DB75GNP3, B0DB7BBZ2L, B0D7HNJPCL, B0D7HN13TZ, B0D6YQ5KGN, B0D7H7YXF6, B0FN4D96LB, B0D7LPSHDN, B0D6YRDV4Q, B0DGLLJC5K, B0D7H94S1S, B0DDBWGV6X, B0DGLLRHHH, B0DDBYTSTM, B0DGLKQKNC, B0D9NPSFKX, B0D8Q6C78W, B0D7GXZ7JJ, B0D6YNQ17J, B0D87F5RWL, B0D7HHNWPD, B0D8Q4YJ7S, B0D7HLSZWK, B0DGLMF8PH, B0DB74HT4J, B0F21TJ2DH, B0D7L759JL, B0D7D47CR7, B0DQD73CYZ, B0DB6ZZJ4S, B0DGLLJSV8, B0DGLJVRHS, B0D7M3P8VX, B0D7M56LRS, B0D8B6CJWW, B0D6YMY8J3, B0D7M64K9Q, B0FN4G9W7V, B0D7H7D7D5, B0DDBYR8CT, B0FN4GJKNC, B0DB7574M9, B0DGLJVRHC, B0D7M6945S, B0DB7QHVVB, B0DG16C6LC, B0DLN2JV1Z, B0D6YQ4FK5, B0D7LQDFGW, B0FN4JMLY5, B0DG16BJWB, B0DGLJF665, B0DG1SX2VR, B0D8Q1Q6MV, B0DG1TL4BB, B0DDBYTZH8, B0D6YP8B2G, B0DG1RP3JV, B0D7M3L779, B0D6YK4ZWJ, B0D7M1JVQR, B0DG1TPC2S, B0D7PY7QZK, B0DGLJSHRR, B0D89QN62B, B0DGLM4C19, B0DGLJGVSH, B0D8Q394ZN, B0DG1GVHSY, B0DDC25NWM, B0DB72P8YR, B0D7M3MSJG, B0D8Q4NP4N, B0DDBZLCV1, B0D7Q17NM8, B0D7M878MR, B0DGLLHSQT, B0DGLL6YS6, B0D7M564Z7, B0D6YN1ZMF, B0D8J2S8SP, B0DGLK6K2W, B0D8VQMDNR, B0DGLK6K2Z, B0D7M3QHHZ, B0DB7KFXG2, B0D6YPTVGS, B0D8VQMDNV, B0DNPZYMQB, B0D6YNXDN8, B0DG1TN28R, B0DB744FP5, B0DB7BF5K3, B0D7HB89NW, B0DFCLV426, B0D6YNTKFX, B0FN4G6N4F, B0DB78JFTY, B0DB72QYZL, B0DB74D1X6, B0D6YQLJMB, B0D6YQB6C7, B0D7LVP11Q, B0D6YLHW8B, B0DGLKS3LZ, B0FN4FSL5X, B0DB72Q5S7, B0D7M3YMYG, B0DB75NLTG, B0D8VVGJCJ, B0DGLM4QK3, B0D7LDRGZD, B0D6YGSZMW, B0DB75NLTC, B0D7HC1B8J, B0D5R4J1XH, B0DB76FQY9, B0DQD9M4QB, B0D8J6CXQT, B0D7M3PKPC, B0DDBY9JVK, B0D6YP1W3Q, B0D7LHDTJH, B0DGLJM8CS, B0DG1F9Q8X, B0D7M6989S, B0DDBTXYGL, B0D8J5X9WQ, B0DNQ2T53K, B0DGLM1PYC, B0DB761B6M, B0D7M545FZ, B0DDBWK65N, B0DB769VFK, B0D6YKBZ1W, B0DB7G2FXF, B0D7LGQN17, B0D8Q3MWF9, B0D7HNL8XM, B0DG1MPTYT, B0DB77J5WW, B0DB77J5WZ, B0DGLJ2BMN, B0D8Q3HW5R, B0DGLKMXKX, B0DB7M39N8, B0D8Q2HKZY, B0DGLKHFWX, B0DG12HVV7, B0D7H9WP8P, B0DGLJYNQW, B0DB7HC7LG, B0DB7G5H37, B0D6YPGJ2M, B0D7H9D14F, B0D7M7W2ZW, B0DGLMLSM5, B0D8J4WF12, B0D6YNL6YJ, B0D6YPDDQH, B0DGLMSBS6, B0D6YPP984, B0F21ZBQY9, B0D6YM894T, B0DGLLM6L2, B0DB75GS22, B0DGLJQSR5, B0D7HDR37H, B0D7M4M1N6, B0DGLJDR5L, B0DB761HB2, B0DB761HB4, B0DGLJQSQY, B0D7LSJJGY, B0D7GTY1JG, B0D7L8V9C4, B0DQDBLNBH, B0D6YNKDW5, B0D7GTY1JJ, B0D7PYY2W4, B0DDBZNC81, B0DB73L9DG, B0DB7CSX2X, B0DDC1NZZ6, B0D8Q3YMCR, B0DB7QHJW5, B0DB7K88GS, B0DG1TSCC8, B0FN4FTVMT, B0D7LB4Y1N, B0DB751XZJ, B0D6YGTM5J, B0DG1FWMMP, B0D7LQMPXT, B0DGLL6MTB, B0D7M7SSBF, B0D7GXBPMJ, B0DNQ3R92P, B0D7LJQDVS, B0D6YSXPD5, B0D8Q1DGLM, B0D7M7SSB7, B0DB7CNLJ4, B0DB7B3L6J, B0D8J4F4QK, B0DDCBDC59, B0D7W2D7XK, B0D6YNQBFW, B0DNQ8Y1CB, B0DG1KNW1V, B0FN4H3VZ7, B0DGLLRX59, B0D6YPB4C2, B0DB74BMP3, B0DFCP951D, B0DLMZHNH9, B0D7LF2PX9, B0D7PW8SXY, B0D6YKKBND, B0F21X1LG1, B0D6YPWNX8, B0D7HCCNPS, B0D7M3QD98, B0D7GV4MHW, B0DG1TX2Q8, B0D6RDH1VR, B0DDBYSN7W, B0D8Q3HN9D, B0DGLLCR3S, B0DG1DG9JL, B0FN4G4HWH, B0D5R2D9YX, B0D8Q4QGW1, B0DGLHV6X2, B0D6YQL5L2, B0D7HMNZSS, B0D8B42XR3, B0D7PZDK4K, B0DG1M745Z, B0D7GXQ948, B0D8Q5K3CM, B0D7H2NNF7, B0DG1MY76K, B0FN4K15G8, B0D6YN2HM7, B0D7PW94VZ, B0D6YK8CG2, B0D7M69HYY, B0D6YPSBMT, B0D8Q6581N, B0D7LVJLRL, B0FN4HRRT5, B0D7H4S3GB, B0D7L54J6S, B0D7PZC8N2, B0FN4HD8NV, B0DGLJ822K, B0D7W2DDWD, B0FN4FSBMH, B0D7LBGT3D, B0D6YNR96S, B0D6YKMJZQ, B0FN4HW9YF, B0D6YQ9ZFS, B0FN4DZBPV, B0D7H2YVQN, B0D6YK9HPW, B0F21XDMM7, B0FN4G3W93, B0DG1S2KJS, B0D7LNB11C, B0D7L4WP88, B0D6YLYCNP, B0D7M98CWJ, B0FN4GRQ2S, B0FN4JMW8C, B0DNQ1Y4HS, B0D7M5GL22, B0DQD6W9D9, B0D6YPFV5G, B0D7KX1VGT, B0D7KYMKNG, B0D8J5BK4Y, B0FN4F5J4N, B0D6YQ12RK, B0DDC12JG1, B0DGLKM39J, B0D6YNHFLN, B0D7LD35V2, B0DB7NPH2T, B0D7M3HTVJ, B0D7LF4JCT, B0D8J1CDTC, B0DGLM2D2P, B0D6YKJ4VP, B0D7M7B45B, B0D8Q5ZNQ3, B0D6RCGVY9, B0D7M51MTJ, B0DGLKZ79Q, B0FN4FGRQV, B0FN4FF49B, B0D7LQ4VRB, B0D6YPX8FP, B0FN4GFP39, B0D6YQJ5NL, B0D7M4PKP5, B0D7Q12BRR, B0DLN5BD3D, B0D7PZGN8L, B0D8Q3F4BK, B0DG1KSD52, B0D7L4SRBN, B0D7M88TPY, B0D7HHPSTC, B0D8Q3F4B9, B0DNQ465JL, B0DGLLM4VG, B0DQD9X6DT, B0D7HJMM88, B0D7HMF7PQ, B0D6YPH3VF, B0DB7FV9C8, B0DB7FSP9J, B0DG1RNFF4, B0DGLJSZG9, B0DG1VJKMS, B0D6YMY35D, B0D8KSR6KZ, B0DGLJSZG4, B0DGLLB2RH, B0DG1KNKS7, B0D7M7DJVP, B0D7LNJT5Q, B0DDBZQB33, B0D7HHJCGP, B0DG1R96GF, B0DQDBQFQY, B0D6YN152G, B0D7HCF3MW, B0D5R3RH9Q, B0DB7CTLCC, B0D8VX55H4, B0DG1GSL4C, B0DQD76HDG, B0D8J679GV, B0DG1HWQY4, B0DGLJRCYY, B0DQDBXMH2, B0DQDBXMGT, B0DB745BXF, B0DQDDZZBJ, B0D7M6BHVL, B0DB763KVL, B0DG1DDF2X, B0DG17Q79Z, B0DGLL5B57, B0DLMFRD5H, B0D8J3VTW4, B0D7H8GNPK, B0D7LPRHLW, B0D7LGPLC2, B0D7Q1M4JK, B0D8Q3X98G, B0DGLL61R6, B0D7H489MH, B0D7M68KZQ, B0D8J39PDX, B0DB76TTDL, B0DB78J4BC, B0DB7KF535, B0DQDB7KJP, B0FN4GY7RK, B0DGLLRWPX, B0DDBZ57VQ, B0D7HC4WDC, B0DG1JH4VR, B0DG19F9JZ, B0DGLMP85N, B0DDBZPP6R, B0D6YQ248F, B0D8KYP3B7, B0D7H86X89, B0DGLKXRP5, B0DGLLRWP8, B0FN4GPWMJ, B0D7L522DJ, B0DGLL9TSM, B0DQDBC4XN, B0DB74P2DJ, B0DNQ4CCZS, B0D9NP6STZ, B0DGLKMNHV, B0DGLJTNPL, B0D7H674KF, B0DB75P4LD, B0DB76NRPY, B0D6YLZ3QB, B0DG1HT9V6, B0D7GX5Q2D, B0DB7QMMGJ, B0D6YNP135, B0F21SYXXS, B0D5R34865, B0DGLL2TGK, B0FN4DM8LG, B0FN4HDPDF, B0DGLJ89XD, B0DGLL28PX, B0D8J6B7G8, B0D8Q3QJ1W, B0D7M838F6, B0DGLJN9WM, B0D6RC36NV, B0D7M6SLGN, B0D8Q4GDHG, B0D8Q1DGNF, B0F21XJ61G, B0DGLLHN8G, B0D7HLGJ2F, B0DGLLVHCX, B0DGLMVJK8, B0DDCCZ8CR, B0DG1MQ5GS, B0D8Q2ZXPR, B0F21XJ85X, B0DGLKKPQ4, B0D6YP7Y28, B0D6YP3S24, B0FN4HZBMS, B0DG1P2FHL, B0D7M5R5S4, B0D87CVQJ3, B0D7LY5QTS, B0D8Q2QSS2, B0DGLKFLNP, B0D7HHMSDW, B0DGLKRC93, B0DGLLYL8J, B0DDBYR9CF, B0D8VXY6TN, B0D7HB5WXD, B0DG1MJ6SZ, B0D8VSV9M1, B0D6YNSMG2, B0D7LW4PN8, B0DGLLBX4K, B0DGLM8J9Y, B0DDCCYKZX, B0D7PW8Z5R, B0DGLLMFPJ, B0FN4HMBTY, B0D7M21JQC, B0DDBZRHDW, B0DG1R5VGF, B0DB74M5P4, B0DB755KC1, B0D7HLQ5QG, B0D7M7GBWL, B0DG1MQS6Q, B0D7M7GBX1, B0DB7NDC7Z, B0FN4FKV9M, B0D7M87JZH, B0D6YM47QF, B0D7M21LRB, B0D7M7GBVP, B0DQDC4G4M, B0F21WJ1PT, B0DB7G2TMX, B0D6YN3GWQ, B0D7HQ52NX, B0DB7S9RGY, B0D8Q4DN8S, B0DG1Y25QY, B0DB79FQ2T, B0DGLKS32R, B0D6YKL7CD, B0D8PZDLVY, B0D6YNBPCN, B0DGLHTJX4, B0D8KXT283, B0DGLKN4JY, B0D7LZP95Z, B0DB7NFZBC, B0D7H23FSD, B0DG1SB8FK, B0D8KWHPRF, B0FN4HPD1Z, B0DB72P22C, B0DGLJL8SY, B0D7L14VN9, B0D6YQ43YJ, B0D7HDHYJ9, B0D7PZ79D3, B0FN4HT4HS, B0DGLKV5TK, B0DDC1HHS7, B0DB1B18V2, B0DB72S96D, B0DG1QSDBL, B0DGLL4HC4, B0D7HCHS79, B0DB74JH9J, B0DQDCM8RH, B0DGLL4HC2, B0DG1G59D2, B0D8J4NYVL, B0D6YQJBW4, B0DB755KB6, B0D6YNM2FW, B0DNQ1KPYN, B0D7L7NJBS, B0D7M559RQ, B0DG1M3QPF, B0DG1GR7K9, B0DB75LY68, B0D8J5CWW6, B0D8Q4BND9, B0D7LDSMVM, B0FN4CSS2N, B0D7M58R8V, B0DB7NDP5G, B0DDBYR16D, B0D7H8GD6P, B0D8J58V88, B0DGLH1FZ3, B0FN4HLRXS, B0D8Q3444Z, B0D7LCP5JW, B0DG1R29W8, B0FN4JDSZJ, B0DB7QSP23, B0D6YPB8Y6, B0D8KW674Q, B0DQD8B7XC, B0DGLKRC8Z, B0DDCBFRX4, B0D6YKF1LQ, B0D6YM681N, B0FN4HPD22, B0D6YQ41YC, B0D6YPCSJG, B0D7M4DB1G, B0D7LD9H8W, B0D6YPB8YJ, B0DDBZ4BTR, B0D8Q57CRR, B0D7H6T8RZ, B0D8VYHFC9, B0DFCLR2XT, B0F21TSZCV, B0D7H1KZ9X, B0DDBY9GR9, B0D7H9GXV7, B0D6YSBLW1, B0DB7G3KB4, B0D7M3CDJR, B0FN4GXR5V, B0DB73SZXY, B0D6YNYDL4, B0D6YPB9CN, B0D6YNYJX3, B0D6YNYJWV, B0D6YPB9CL, B0D7LNDQQ9, B0DDC12M9G, B0D6YP5PXJ, B0D7HQGDFY, B0DB7LDZ3N, B0D7LX3SQK, B0DGLM24ZD, B0D8KYLYLG, B0D87C4GSL, B0D8VX8VM5, B0FN4HRW7B, B0D6YKMGJ9, B0DDBHYX82, B0D7GXVGG2, B0D6YMJT32, B0DB76FJLY, B0D6YM1Q7J, B0DG1MSRHL, B0D7L96YK3, B0D6YKL9N9, B0D7M9J2P2, B0DGLLWMY1, B0D6RDX449, B0DB7KJPKF, B0D7H7C4SS, B0DGLKVWJC, B0FN4G38RD, B0DGLHW1S3, B0D7M3T35N, B0DGLKKWKK, B0D7H8ZX9L, B0D7H8ZX9M, B0D7GXHZ77, B0DB7QH1JG, B0DB79MWRW, B0FN4GNNKK, B0F21VC5RK, B0DB7FT619, B0DQD8M614, B0D6YP9TVT, B0D7H9DZCW, B0DGLKGWVL, B0DGLKZCVP, B0D7LFCMYB, B0DGLJLVB7, B0FN4GDMH2, B0D7M3CYRX, B0DFCKQMN6, B0DB76T442, B0DG1JDTQ5, B0DDBZ7Q2Z, B0D7GXR4RQ, B0DGLLT696, B0DGLLNCDY, B0D6RF95R1, B0DGLLT69C, B0DQDBLQGZ, B0D6YM5349, B0D7HB2GVT, B0FN4HWDF6, B0D7PVMB25, B0DB76Q7CM, B0D7HBPSV4, B0DFCJSDSZ, B0D7M7RJWX, B0D8VW62CS, B0D7M4P7T3, B0D6YGWD7R, B0FN4JXRFV, B0DB751T72, B0DGLJXJMK, B0D7KYXR2Y, B0D7L97XC2, B0DNQ1NZL6, B0DG1J758B, B0FN4FGXT9, B0D8VXSCSZ, B0DGLKG1QD, B0D8J4CBB5, B0D6YLVTPS, B0DGLKBJRH, B0D7H77C7X, B0D7M4P5NH, B0D7M817YK, B0D7LDCQSN, B0D7H4NTNM, B0D7M4LC5C, B0D7LM4JSN, B0FN4GLLPT, B0DG1JLR32, B0DG1JLR33, B0DDBY9Y5X, B0D6YM6892, B0FN4GJ9QM, B0D7H6CPKG, B0DB76DWGD, B0DB75Y1XW, B0DDBY9Y64, B0D6YPCMG1, B0DB7CTYGM, B0D7GWYYC4, B0D6YKMN93, B0FN4GP4W7, B0D7M57PPJ, B0DFCMQXN7, B0DGLHKFBM, B0DGLK7JQC, B0D5R2D5NC, B0D8KW49GR, B0D7PYFH9T, B0DB7QK4KM, B0DGLJRG5T, B0D7HBMM31, B0D7GWYYCB, B0DDBWBVP6, B0F21Z24N1]",amzn1.campaign.31T593A1S4DZZ,Top Home Decor | Erosebridal 100K+ Styles | 15% Commission 54,Erosebridal,2026-09-04,2027-09-04,15.00%,10000.0,9994.72,130,800,false
"[B0GQS3N6FG, B0GQS2GRTS, B0GQS5FS87, B0GQSJYD6L, B0GQRSTN49]",amzn1.campaign.1NHF7PSSVSBRO,红色破洞牛仔裤+9.2,Arkordi,2026-09-04,2027-01-06,14.00%,5000.0,5000.0,165,800,false
"[B0H98T1FFY, B0GTVN5G74, B0GTVCQW13, B0GTVH61CT, B0GTVM4LGR, B0H98SYXH7, B0H98SM4CR, B0H98TT3QW, B0H98WWM9S, B0H98GDL5F, B0H98RR8YZ, B0GTV9SRS1, B0H98QKFFN, B0GTVL5GGV, B0GTVKWBHD, B0GTVRGFW6, B0GTVH57WV, B0H98GLWTC]",amzn1.campaign.1AN4G3MFYPFPZ,Earn high commissions——Experience fashion style with Hathne!0028,hathne,2026-09-01,2027-03-02,16.64%,5000.0,5000.0,161,800,false
[B0H8XVZRWC],amzn1.campaign.3KKQJ0QW3VRY4,The Black Book,HUNGRY MINDS,2026-09-04,2027-09-04,20.00%,50000.0,50000.0,127,800,false
"[B0GVNNMV4W, B0GVNVVXF8, B0GVNN7S9Y, B0GVNC95WG, B0GVNWYGFT, B0GVNJTZ6D]",amzn1.campaign.3DB8NFRK3J7D9,Women's Minimalist‑Outfit Friendly Denim | Business Casual & Commuting |15%,Tenfinordi,2026-09-03,2027-01-20,15.00%,5000.0,5000.0,137,800,false
[B0H1WBDLQN],amzn1.campaign.34DJD0TII7OI4,粘毛器,kickleen,2026-09-04,2026-10-31,20.00%,5000.0,4995.49,127,800,false
"[B0GVNNMV4W, B0GVNVVXF8, B0GVNN7S9Y, B0GVNC95WG, B0GVNWYGFT, B0GVNJTZ6D]",amzn1.campaign.S7MOUDYWEI0O,Women's Mid‑Waist Classic Straight Jeans | Business Casual & Weekend Travel |15%,Tenfinordi,2026-09-03,2027-01-14,15.00%,5000.0,5000.0,143,800,false
"[B0GS6LSY46, B0GS69F5RJ, B0GS6J7C2D, B0GS63Z1DT, B0GS67JRFM, B0GS6FSDC3, B0GS688S5X, B0GS6CDWX9, B0GS6F1D78, B0GS67SLJP, B0GS6RYXYG, B0GS66BRMZ, B0GS68VFT8, B0GS6BN7PZ, B0GS65WBSV, B0GS6VC821, B0GS68NVQ5, B0GS69J4YC, B0GS64HHHL, B0GS6M7DMT, B0GS6FTH62, B0GS68XZQ2, B0GS6HW8C4, B0GS6H2QMR, B0H7RX8BSS, B0GS686NKK, B0GS6BCWQ8, B0H7RYYMF8, B0GS6K4YQ8, B0GS69LN46, B0GS62XZXD, B0GS693G25, B0GS6JLWWQ, B0GS69K5LJ, B0GS659ZHT, B0GS6FNPHM, B0GS6FJQQJ, B0GS6C2M82, B0GS67W5CR, B0GS63F5FH]",amzn1.campaign.26BTMQKMMOPD8,SFK1739,Soothfeel,2026-09-04,2027-02-28,10.00%,100000.0,99767.63,98,800,false
"[B0DWDKKR4T, B0DWF3XL65]",amzn1.campaign.3TTD8MC0DS7X4,Great Deal! All-Weather Swivel Barstools Set ✨ -ZH-WKS,Cozyman,2026-09-07,2026-10-31,10.00%,5000.0,5000.0,156,800,false
"[B0B4S9LG4H, B0CMWQG6ZN, B0BXL5J8V9, B0B24L214D, B0B3XGHXFS, B09SKS9DL5, B091YJKL38, B0BLGSWW2K, B0C2BVPNJ5, B0CHJBBYM4, B09W4CB9PC, B0BN34ZRJG, B0BW954853, B0F43JJZCN, B0D8T46WRR, B0CHJB8C6K, B0CMXGN4NW, B091JYYBBR, B0B55Y7KD9, B0D8SRWT1N, B0B2R4RRKJ, B0CMWRQGXF, B09VWR3WVB, B0F6MMX6ZV, B0CMWPMSFH, B0D8SSVSV8, B0BZTQVKC2, B0C3VLJH54, B09BKWV9NC, B0BLGGR5X3, B0CHJ81X6J, B0BW95B8G5]",amzn1.campaign.1HP3BOAB1HCVA,10.25% commission,BIKCZEWIN,2026-09-04,2026-10-04,10.25%,5000.0,5000.0,142,800,false
"[B0GVNNMV4W, B0GVNVVXF8, B0GVNN7S9Y, B0GVNC95WG, B0GVNWYGFT, B0GVNJTZ6D]",amzn1.campaign.3IMF7IW4MXM16,Women's Blouse‑Friendly Matching Denim | Commuting & Brunch Dates|15% commission,Tenfinordi,2026-09-03,2027-01-15,15.00%,5000.0,5000.0,144,800,false
"[B0GVNNMV4W, B0GVNVVXF8, B0GVNN7S9Y, B0GVNC95WG, B0GVNWYGFT, B0GVNJTZ6D]",amzn1.campaign.24PESEGME8IUG,Tall Women Non‑Shrink Easy‑Care Jeans | Office Wear & Shopping |15% commission,Tenfinordi,2026-09-03,2027-01-16,15.00%,5000.0,5000.0,145,800,false
[B0H45GXD7Y],amzn1.campaign.2V5K0CC08LNVF,Billiard Cue Shaft Polish | Caring for and Maintaining Your Golf Clubs,Mysora,2026-09-04,2026-11-07,10.00%,5000.0,5000.0,132,800,false
[B0GCC1TL6Q],amzn1.campaign.2Q1IJTKYELO8D,15 Colors Water Wave Projector Light Outdoor RGBW LED Night Light Decor Campaign,VanSmaGo,2026-09-04,2027-09-04,10.00%,5000.0,4983.5,116,800,false
"[B0GVNNMV4W, B0GVNVVXF8, B0GVNN7S9Y, B0GVNC95WG, B0GVNWYGFT, B0GVNJTZ6D]",amzn1.campaign.2U3B0T2JKTW7I,Women's Flexible‑Movement Straight‑Leg Jeans | Work & Weekend Travel |15%,Tenfinordi,2026-09-03,2027-01-17,15.00%,5000.0,5000.0,145,800,false
"[B0FJ24LXDX, B0FJ24BMY1, B0FJ2465WQ, B0FJ22FYGS, B0FJ24G7MC, B0FJ22DZ6H, B0FJ249F55, B0FJ23XRB8, B0FJ25XL42, B0FJ22D5SH, B0FJ22LR6H, B0FJ21SH6L, B0FJ23T5LP, B0FJ231S2K, B0FJ22MS9N, B0FJ233ZHY, B0FJ22MH5H, B0FJ22M9WY, B0FJ24MJ95, B0FJ238CGN, B0FJ25L42M, B0FJ22PYJV, B0FJ22MDMJ, B0FJ235FHF]",amzn1.campaign.3SKYYE1H2PGXK,Women’s Kitten High Heels 2 Inch Sequined Pointed Toe Pumps,QXQDQY,2026-09-04,2026-12-22,10.00%,5007.0,5007.0,138,800,false
"[B0GVNNMV4W, B0GVNVVXF8, B0GVNN7S9Y, B0GVNC95WG, B0GVNWYGFT, B0GVNJTZ6D]",amzn1.campaign.1Q5C1NYBUH2FO,Women's Casual‑Outfit‑Ready Denim | Business Casual & Commuting |15% commission,Tenfinordi,2026-09-03,2027-01-18,15.00%,5000.0,5000.0,148,800,false
"[B0GVNNMV4W, B0GVNVVXF8, B0GVNN7S9Y, B0GVNC95WG, B0GVNWYGFT, B0GVNJTZ6D]",amzn1.campaign.3U8E2G00BBSA3,Women's Authentic‑Look Stretch Denim Jeans | Work & Shopping |15% commission,Tenfinordi,2026-09-03,2027-01-19,15.00%,5000.0,5000.0,145,800,false
"[B0H2HBGD5Y, B0H2H3YML6, B0H2H7693Q, B0H2H5T38L, B0H2HF8L94, B0H2GZ56NN, B0H2GY9PZL, B0H2H8CP5N, B0H2HBZ3MJ, B0H2H5W2TD, B0H2HFK5JB, B0H2HDYL4M, B0H2H5ZY5G, B0H2HB6NMB, B0H2HB29T9, B0H2HBNQMB, B0H2H6WR8K, B0H2HB6Z6S, B0H2H7ZV67, B0H2GZ26H1, B0H2HP6FS3]",amzn1.campaign.1ZE85EBK7D3VC,"Lifugel Vintage Gold Framed Wall Art, Looking Forward to High-Quality Creators",Lifugel,2026-09-04,2027-09-04,20.00%,100000.0,99990.6,122,800,false
[B0H4ZG1MVH],amzn1.campaign.2E0BJ1LM8OFQ7,NatNarr 100-Pack Orange Fall Floral Napkins | 5% Coupon + 20% Commission,NatNarr,2026-09-04,2026-10-10,20.00%,5000.0,5000.0,111,800,false
[B0H4GZYM78],amzn1.campaign.2EXQZSSFQYTWA,WH23X10040 DP040-064 Washer Drain Pump - 14% Commission,Alinwirsy,2026-09-04,2027-04-30,14.00%,5000.0,5000.0,139,800,false
[B0F59SJNWW],amzn1.campaign.2S7V7NN1HXLRP,"20% Commission | 2-Way Heavy Duty Hose Splitter - Brass, 12 GPM, Leak-Proof",EverZenHub,2026-09-04,2026-10-08,20.00%,5000.0,4980.5,121,800,false
"[B0H368SGJV, B0H36CMSLF, B0H36G2CBR, B0H36BMD4C, B0H36D9TQM, B0H364VGZN, B0H36HG34Z, B0H369LD9B]",amzn1.campaign.133YODXTUOYD4,Cosplay & Ren Faire Creators – This One's for YOU! 🗡️✨,KASBAH,2026-09-04,2026-10-04,11.00%,16954.85,16954.85,132,800,false
"[B0GGG2ZG75, B0GGG7Y28L, B0F47V28N7, B0GRZ786PJ, B0F47ZPZ11, B0F4812MFR, B0F47Z3YGJ, B0F482VZLK, B0GGDKZR8X, B0F482WKVJ, B0F47WM9HL, B0F483PWTF, B0GGGK6BVS, B0GRZKF8MM, B0F47Z64B7, B0F47ZZY4W, B0F482QSLX, B0F483YTQ9, B0GRY84XYW, B0F47WSS22, B0GGFYR21X, B0GGFGLV5G, B0GRYP3X92, B0GRYX1BXM, B0GRZ8TZ31, B0GRYLTWBC, B0F483QQNZ, B0F47ZXZL7, B0F482LCYY, B0F47YRW7W, B0F47YY6S8, B0F47X2YPM, B0GRYRX58M, B0GRYWZG84, B0F47X6KYR, B0F47Z6R9M, B0GRZHDDRZ, B0GGFBMN2B, B0F482GWTK, B0GGFYS2BK, B0GRZCCR5G, B0F47TQT5Y, B0GGFYR859, B0GGFC3FXQ, B0F47YXBZQ, B0GGGK68YN, B0GGG31C8N, B0F47V7P99]",amzn1.campaign.1VO5H34ENUZTS,250368,Ruiee,2026-09-04,2026-11-30,10.00%,5000.0,4862.66,122,800,false
"[B0FV8TC9DM, B0GQZFK9HP, B0F1KPZWXG]",amzn1.campaign.OZCRHLVMXT19,Smell Proof Bag - Sep - C10,Staze,2026-09-05,2027-08-25,15.00%,10000.0,10000.0,138,800,false
"[B0DB7BJ6FM, B0D9W6S1LW, B0DB788Y3V, B0DB7BDTSN, B0DB7DVYQP, B0DB77F9HF, B0DB7317PB, B0D9W8VW77, B0D9W7XRBR, B0DB7SB3C8, B0DB7BGK8V, B0DB7635T6, B0DB7DVYPY, B0DB72ZXSZ, B0DB72Y3N7, B0DB7N94JB, B0DB7BGK8S, B0DB75Y1XT, B0DB799DND, B0DB76SH8Z, B0DB7J7299, B0DB7CKYMT, B0DB72ZXS3, B0DB72ZXS4, B0DB7M4MF5, B0DB732CCP, B0D9W7WZ3Q, B0DB75RG6Z, B0DB77F9G5, B0DB7J7282, B0DB7M2XC8, B0DB747156, B0DB752W2L, B0DB733HNM, B0DB754J33, B0DB79B3SR, B0DB75SKZF, B0DB7374ZZ, B0DB7CKYNL, B0DB752W35, B0DB735FD9, B0DB8FW37F, B0DB7374ZM, B0D9W5TKWS, B0DB737PPR, B0D9W8GYKF, B0DB7S92XY, B0DB72Y3NT, B0DB6ZYTX3, B0D9W7ZQXF, B0DB7779R6, B0DB79B3TL, B0DB75NZDG, B0DB752ZWR, B0DB76RSP1, B0DB74XLG3, B0DB74Q6PF, B0DB74RLXW, B0DB74Q6PD, B0DB7FKWS5, B0DB7S88NM, B0DB7M4MHT, B0DB799DQV, B0DB74KNQX, B0DB7S88NP, B0DB76Q79R, B0DB75SKYT, B0DB7DJZR6, B0DB75Y1TG, B0DB79H7KT, B0DB7S7LXZ, B0DB76Q79K, B0DB7DJZQN, B0D9W6HV93, B0D9W7X2FV, B0DB76NMNX, B0D9W7X2FQ, B0DB72TB4D, B0DB7NNZ8W, B0DB74CC4J, B0DB75Y1T3, B0DB7779NK, B0DB7K573W, B0DB7J4PXZ, B0DB7S7LWX, B0DB74CFWV, B0DB74K7B4, B0DB74K7BG, B0DB7KKPDZ, B0DB755M2G, B0DB7K5752, B0DB7FKWR2, B0DB8FD3NB, B0DB75Q8WX, B0DB7993RR, B0DB74RLXR, B0DB8F8RMY, B0DB74XLFB, B0DB7NRJP8, B0DB74KNPZ, B0DB7BK7N9, B0DB7526LK, B0DB7993SP, B0DB74F4HV, B0DB79K8H8, B0DB8HRVYX, B0DB72TCTR, B0DB75PHX3, B0DB8GYNQ9, B0DB79QBJC, B0D9W7CSKP, B0DB757YBP, B0DB758BRX, B0D9W73NQL, B0DB74GHNB, B0DB75Q8TD, B0DB8DZQFQ, B0DB758BS2, B0DB74PWQ2, B0DB7CSGYN, B0DB78FS62, B0DB7CSGZ7, B0DB75PHXF, B0D9W6WZ93, B0DB7J3PGK, B0DB737516, B0DB757YCN, B0DB79QBK8, B0D9W6YK4P, B0DB73PM9P, B0DB8D8XW5, B0DB72TB3P, B0DB7485RR, B0DB73TB7W, B0DB73FJ17, B0DB73TB82, B0DB7SB38H, B0D9W72P5S, B0DB72TCVD, B0DB72NYT7, B0DB7SB38D, B0DB72YM9P, B0DB72TCV3, B0DB7993W3, B0DB7SB37C, B0DB7CRT29, B0DB7QFW1C, B0DB7QFW1F, B0D9QQTJ1Q, B0D9QS47T8, B0DB732SY7, B0D9W6X75J, B0DB7G36DV, B0DB7H8NJR, B0DB76NFXX, B0DB7H8NK4, B0DB7H8NJT, B0DB6ZZP6K, B0DB78DCYC, B0DB732SXH, B0DB76NFYD, B0DB7KFX9L, B0DB7LBGHG, B0DB744T6Y, B0DB7BKK28, B0DB6ZZP64, B0DB7522B3, B0DB76F732, B0DB7KFX9Y, B0D9W8CFTH, B0DB74RYKL, B0DB7J82ZK, B0DB72QT8Z, B0DB7NCJRP, B0DB7M574K, B0DB7BKWK2, B0DB7N94H4, B0DB7QR7MB, B0DB7FTMJC, B0DB73GQ8D, B0DB76NV6C, B0DB7QSCB4, B0DB74HSZM, B0DB8DB214, B0DB7B3Z7P, B0DB7DRKGL, B0DB8DCCR2, B0DB7H8NHT, B0DB7BKWL2, B0DB7KHBK8, B0DB78BB9Y, B0DB7QR7M6, B0DB76S4DS, B0DB7BK7MC, B0DB72T553, B0DB769786, B0DB76NV5Z, B0DB7HC7H6, B0DB78GRK4, B0DB79CPWK, B0DB7KDGR8, B0DB7NT5L9, B0DB7NT5L8, B0D9W88B5X, B0D9W88B64, B0DB7KDGRJ, B0DB7KKB2Y, B0DB7NN8CC, B0DB7NN8C7, B0DB7BBJVJ, B0DB76NV4Z, B0DB7K5NM1, B0DB7G6DDH, B0DB77JXHL, B0DB7QPZMF, B0DB7G2FTH, B0D9W71L9V, B0DB7HC7HD, B0DB752GGG, B0DB75NSKH, B0DB7685V2, B0DB6ZZKTF, B0DB7M5M3Z, B0DB7637F2, B0DB744T6B, B0DB7CQK14, B0DB74MRDV, B0DB7M5M4D, B0DB6ZZKTK, B0DB8CZCL7, B0DB7N9Q4T, B0DB6ZZKSX, B0DB78BB74, B0DB75WSML, B0DB78BB6J, B0DB78BB6F, B0DB7HC7G5, B0DB79MKS8, B0D9W76D95, B0DB78HSM7, B0DB7FLRXZ, B0DB74KPHH, B0D9QSRYYZ, B0DB79J626, B0DB79DN2X, B0DB763M19, B0DB78HSMP, B0DB7M5M47, B0DB7LDF5W, B0DB79P16X, B0DB73TH5T, B0DB752SYV, B0DB8DJJ2R, B0DB75GRZC, B0DB75WSKY, B0DB7CP8HZ, B0DB7S8PNH, B0D9W8D5W3, B0DB72R6TL, B0DB79DN46, B0DB74K73Q, B0DB755NFZ, B0DB79MKSV, B0DB75DGMV, B0DB74MJ3V, B0DB72KVG9, B0D9QT8ZJB, B0DB7LCMJ5, B0DB7N9Q67, B0DB7N9Q5V, B0DB8DTLYZ, B0DB75GRZH, B0DB7CP8J2, B0DB79P17V, B0DB7KGZ32, B0DB79P186, B0DB72KVGG, B0D9W825QB, B0DB761JMD, B0DB7QV5V6, B0D9W7FZ9X, B0DB7M68LK, B0DB74P2YV, B0DB75LQG3, B0DB76F8KT, B0DB6ZYFQR, B0DB7J5ZYB, B0DB74GJCS, B0DB73J618, B0DB72Q686, B0DB73TH6S, B0DB78CQMD, B0DB8H2S7Z, B0DB76F8KD, B0DB79NNYR, B0DB72Q68D, B0DB76F8KK, B0DB7HGB9B, B0DB75GQ36, B0DB75GQ33, B0DB78JFRL, B0DB78F2FH, B0DB72Q5QN, B0DB8GBX83, B0DB74NNTL, B0DB6ZYFS9, B0DB79JMDP, B0DB789Y8T, B0DB78H451, B0DB789Y8W, B0D9QS68CH, B0DB742QLJ, B0DB798HQ1, B0DB741VZ1, B0DB72LJJ6, B0DB74HT1P, B0DB755NCL, B0DB7BG6HL, B0DB75DTBZ, B0D9W86BCC, B0DB75GHBQ, B0DB76XGQQ, B0DB7DSWML, B0DB7J429C, B0DB757CHM, B0DB78F2DS, B0DB75YNYC, B0DB752SWG, B0DB757CHG, B0DB74KZVT, B0DB798HQW, B0DB78CQJJ, B0DB714DBH, B0DB7NF2J8, B0DB797PDK, B0DB7SDHLQ, B0DB7BMV72, B0DB7QQS39, B0DB78CQJD, B0DB76W9WJ, B0DB73Y9DH, B0D9W6Z1N7, B0DB76DKSS, B0DB76V4QC, B0DB79JMG4, B0D9W7HJXZ, B0DB799RBV, B0DB76DKT3, B0DB7CNLCS, B0DB761JHG, B0DB6ZZ97V, B0DB75P9G9, B0DB799RC2, B0DB7S88PS, B0DB7QTFQR, B0DB72LJKX, B0D9QSWZDG, B0DB76FGD9, B0DB7K119B, B0DB74NNSK, B0DB743PHV, B0DB7BG6JD, B0DB7M39L6, B0DB7K119J, B0DB7BG6KB, B0DB79JMH3, B0DB744DMW, B0DB714DBT, B0DB7574HQ, B0DB746K55, B0DB74BVCK, B0DB78CQHJ, B0DB72P8W4, B0DB78CQHH, B0DB756WMJ, B0DB78CQHD, B0DB7S6W9L, B0DB779GMT, B0DB7NF2L6, B0DB7658X5, B0DB8GV666, B0DB7CQK2J, B0DB7HJBML, B0DB7HJBMP, B0D9W84FVF, B0DB74T94V, B0DB756WN6, B0DB7NQTMB, B0DB79PWL1, B0DB7J425W, B0DB779GMN, B0DB779GN1, B0D9W8P9D5, B0DB7BMHW6, B0DB7BMHVT, B0DB74YB5R, B0DB7BBYZ5, B0DB752V56, B0DB73FHZL, B0DB76488G, B0DB7QP294, B0DB7BH7DB, B0DB76QSXM, B0DB73FHZB, B0DB7DSWLM, B0D9W6TY2G, B0DB7HJBKG, B0D9W876L8, B0D9W6TY2D, B0DB7SDHQ4, B0DB7SDHQ3, B0DB72QYVN, B0DB76W9SY, B0DB76N7JS, B0DB7BF5G1, B0DB778SG6, B0DB72Q9VX, B0DB76N7HW, B0DB8GGVDG, B0D9W8Y5BP, B0DB7BM5RX, B0DB7NSTHY, B0DB7BL6X7, B0DB7HJBJH, B0DB7FN15R, B0DB76QSXF, B0DB77CSDK, B0DB7QP28B, B0DB7J92DY, B0D9QTD6W4, B0D9QTD6W3, B0DB72Q9VS, B0DB752V2Q, B0DB7QHJW6, B0DB77CSDB, B0DB7K88GR, B0DB7B3L5Z, B0DB789MZC, B0DB7NMWSS, B0DB754DJY, B0DB754DJZ, B0DB74WRZZ, B0DB7CTL7Q, B0DB7CM8FT, B0DB7FZ8N5, B0DB7CSX2D, B0DB7QH1DF, B0DB7QJ7JJ, B0DB74SZ5V, B0DB7FV98G, B0DB6ZYC74, B0DB74JM3S, B0DB72XFXX, B0DB6ZYC72, B0DB76RGZH, B0DB774FTY, B0DB7643JV, B0DB7BLJJ5, B0DB72VQT4, B0DB7K1DVV, B0DB74BMLH, B0D9W7ZYHM, B0DB7BLJKC, B0DB714CZ5, B0DB6ZYC5S, B0DB78CDGM, B0DB7538TG, B0DB761CTN, B0DB7LB3GM, B0DB752V29, B0DB74KMRY, B0DB75WPW1, B0DB759QQ7, B0DB74JM1S, B0DB76DC8X, B0DB734YFS, B0DB8CFN1V, B0DB734YFW, B0DB7FS1PH, B0DB7DPS2G, B0DB76RGXN, B0DB763H5G, B0D9W7KG6S, B0DB7LB3J5, B0DB75WPWJ, B0DB72PMW4, B0DB8FV4X6, B0DB74BML6, B0DB73NH65, B0DB7KJPG1, B0D9QRZFG4, B0D9W873NH, B0DB7G6QFY, B0DB759QNS, B0DB76NNP4, B0DB72XFTZ, B0DB7FRPN7, B0DB762Z8V, B0DB736PQH, B0DB763H2H, B0DB756WC9, B0DB756WD5, B0DB75QWT3, B0DB7B3L47, B0DB7NPH27, B0DB78CDD5, B0DB75DT52, B0DB78CDCK, B0DB74KR7G, B0DB7B3L4Q, B0DB76B6BR, B0DB7FS1NZ, B0DB74JM15, B0D9QRLJ6C, B0DB7J9F3R, B0D9QPR5TP, B0DB761H6N, B0DB7HFXXL, B0DB761H6M, B0DB7HLGDV, B0DB7LCMLS, B0D9W8ZX62, B0DB75GJ4M, B0DB769V9Y, B0DB7K6P4T, B0DB7G63ZV, B0DB7J8P97, B0DB7G1SHX, B0DB7G737J, B0DB762Z86, B0DB76KGH3, B0DB749V3C, B0DB761H77, B0DB7756KN, B0DB76KGH9, B0DB74NTNJ, B0D9W6LZY2, B0DB7BDGCV, B0DB7FSP6J, B0DB737X9K, B0DB7QMMCL, B0DB76172M, B0DB7FSP72, B0D9W5VK7G, B0DB745BXH, B0DB8D8BJR, B0D9W7W6TP, B0DB7CN7LH, B0DB751CH4, B0DB79NP17, B0DB75CF8J, B0D9W6YL58, B0DB7KF537, B0DB75SK26, B0DB757FYM, B0DB712CPM, B0DB7DPRYH, B0DB7HH4GG, B0DB7LD2XY, B0DB7QHJS8, B0DB8BYK7S, B0DB7HH4GL, B0DB72P1Y1, B0DB7QHJRX, B0D9W7YH88, B0DB72QS7N, B0DB74CZYM, B0DB7DPRZ8, B0DB78BP8H, B0DB7DPRYR, B0DB72QS89, B0DB744B4B, B0DB7QJ7H4, B0DB7LD2XP, B0DB7QG6M8, B0DB7M7WKN, B0DHS5FQN3, B0DB7QSNXX, B0DB8GJ8NS, B0DB744B43, B0DB7M7WKT, B0DB7322W1, B0DB744B3G, B0D9QSRBRP, B0DB78BP7G, B0DB74NTMQ, B0DB7QHJRB, B0DB7M7WLD, B0DB74NTMR, B0DB7QG6MW, B0DB7K1DRD, B0DB74CZVX, B0DB7NMWRD, B0DB8GD12J, B0DB74M5PB, B0DB7NMJXJ, B0DB7S9DZB, B0DB7QMMGS, B0DB73X3GW, B0DB7QG6LL, B0DB72STW7, B0D9QTJW3H, B0DB7K1DRY, B0DB73X3HG, B0DB8GCQVR, B0DB76G2D5, B0DB8DJ8FX, B0DB744YCM, B0DB7HMNHS, B0DB8FSGPT, B0DB7BJWNM, B0DB7K1DSN, B0DB79FD5F, B0DB7BGW7M, B0DB7TJSFR, B0DB76G2DB, B0DB788JGV, B0DB7HB7K8, B0DB7BFGCW, B0DB7LDYZ6, B0DB7LDYZ7, B0DB7J51NQ, B0DB8DYB2Z, B0DB7S9F37, B0DB7LBT4G, B0DB7LDYYP, B0DB7353LN, B0DB7BN7LW, B0DB7LC78K, B0DB7FSCHG, B0DB7J7FPX, B0DB757FVL, B0DB74RQWW, B0DB7J51N2, B0D9QSWDC5, B0DB7JZLWN, B0D9W8DD8G, B0DB8J52Y7, B0DB74G1Z9, B0DB7K6B2B, B0DB757FVR, B0DB74CZVP, B0DB757FVP, B0DB757FVM, B0DB77JJL3, B0DB7G3K7K, B0DB712CNP, B0DB7JZLXS, B0DB731BXY, B0DB8DC4W2, B0DB74M5LR, B0DB74J556, B0DB76FHNJ, B0DB8G8HQQ, B0DB7HL4DH, B0DB7HL4DG, B0DB7DP81V, B0DB72FCWM, B0DHS76ZNJ, B0DB7NGVWY, B0DB76QHM7, B0D9W8YBQR, B0DB7QRPXW, B0D9QT9C8J, B0DB74MLX2, B0DB745DNJ, B0DB7DKW8S, B0DB738MT6, B0DB78DQMF, B0DB74LKYK, B0DB74J52X, B0DB75C8QY, B0DB7KJB9Y, B0DB7NGVX4, B0DB7HL4CX, B0DB72R63R, B0DB7NV2BS, B0DB7QKNHN, B0DB77CGXF, B0DB8G8HL2, B0DB7353GC, B0DB79JXWV, B0DB7G4TFH, B0DB7M1TQ7, B0DB74DLT3, B0DB7CN7MT, B0DB744Y8S, B0DB72Z59F, B0DB6ZSHCR, B0DB77M5W2, B0DB77CGX4, B0DB75C8SB, B0DB7K7244, B0DB77BG8Q, B0DB8D8RWC, B0DB7BN7KF, B0DB74JH5P, B0DB7HHTLL, B0DB74JH5S, B0DB7671J1, B0DB75SS4T, B0DB7G46HH, B0DB7K2LWR, B0DB8DFQJQ, B0DB76YTJX, B0DB7QKNH7, B0DB7QRPX2, B0DB78C2Q7, B0DB7QPJP5, B0DB7CRHD7, B0DB744CQ7, B0DB74BSDQ, B0DB7CRHD8, B0DB7HLGF5, B0DB7G4TD6, B0DB7M2G62, B0DB79MWN6, B0DB7G2TJG, B0DB74MLWG, B0DB7K2LXN, B0DB7BN7L3, B0DB776JB9, B0DHS5QH5D, B0DB7K2LXZ, B0DB7NFZ66, B0DB742D37, B0D9W8QJDK, B0DB742D32, B0DB7K7X12, B0D9QSS7LQ, B0D9QRFM9G, B0DB7K7K86, B0DB7499J7, B0DB75LY3K, B0DB8CQDRV, B0DB7NB22G, B0DB7DQW3G, B0DB7KJPJP, B0DB7353D3, B0DB7K7X21, B0DB7499JH, B0DB7499JJ, B0DB7671HZ, B0DB7DHZSM, B0D9W7GG67, B0DB7DR7QR, B0DB7K7K8T, B0DB7762QH, B0DB72H8QK, B0DB75PP6P, B0DB7CPWTQ, B0DB7DS6NZ, B0DB754W53, B0DB772PW2, B0DB79MWR9, B0DB7FVM8D, B0DB75SPL1, B0DB7S794Y, B0DB7762P9, B0DB7499H9, B0D9W8SD54, B0DB7CPWV5, B0DB7DSKX3, B0DB76Q188, B0DB7NFZ71, B0DB7DRWR8, B0DB754XXK, B0DB79FPYC, B0DB7DRWQT, B0DB76Q184, B0DB77MQFZ, B0DB7QK4GK, B0DB7FVM9F, B0DB7DRWRM, B0D9W8RZDK, B0DB7DS6NB, B0DB75YQZV, B0DB79FPZN, B0DB75YQZW, B0DB72YDT3, B0DB76FJHZ, B0DB7QGNMB, B0DB74T5MN, B0DB7NTKSN, B0DB8G3HHF, B0DB8CHYZY, B0DB79FPZW, B0DB8F7TPF, B0DB745JQS, B0DB73SZTB, B0DB7NTKS7, B0DB7NTKRP, B0DB72YDS9, B0DB73TYNS, B0DB7NTKRJ, B0DB735FDL, B0DB77NTGZ, B0DB7644T5, B0DB75SD2C, B0DB73PMBB, B0DB74QF8N, B0DB76FJHS, B0DB8BBR7V, B0DB75H2MN, B0DB8H319H, B0DB7NPGYQ, B0DB6ZVZJ1, B0DB77GBYP, B0DB7NDC4K, B0DB7NPGYT, B0DB8F96M6, B0DB7DHZRZ, B0D9W7F2RT, B0DB77J4T3, B0DB79BWVX, B0DHS587WZ, B0DB735FFN, B0DB7S9RCB, B0DB8B8JHG, B0DB7QK4KY]",amzn1.campaign.38H8E47V461OP,Top Home Decor | Erosebridal 100K+ Styles | 15% Commission 53,Erosebridal,2026-09-04,2027-09-04,15.00%,10000.0,10000.0,134,800,false
"[B0FHJMKGB2, B0FHJRWP9R, B0FHKS6GG7, B0FHKP3KJT, B0FHKSMVJW, B0FHJMHSVS, B0FHJ4PW1C, B0FHJMJDLR, B0FHJMHW1B, B0FHJ4PXF4, B0FHJ4PJPJ, B0FHJRV5HK, B0FHKTTCPR, B0FHKV1XDX, B0FHKTYL2R, B0FHKS2NXD, B0FHKRS4YC, B0FHKTHWWY, B0FHJ4PR37, B0FHKWJ2MJ, B0FHKTCCPG, B0FHJRSXJN, B0FHJRTFTK, B0FHKR23KW, B0FHKV65D7, B0FHKRKD15, B0FHKPZGHT, B0FHKTX85Q, B0FHJ4MC23, B0FHKVK253, B0FHKQXB46, B0FHKQ6Y4X]",amzn1.campaign.37CVSFXM8I59V,JAG Nyra Women’s Motorcycle Jacket | Earn 12% Commission,J.A.G.,2026-09-04,2026-12-31,12.00%,5000.0,5000.0,130,800,false
"[B0H7JB5CD2, B0H73WLX36, B0H73MVGLQ, B0H73P53CX, B0H73RWS6K]",amzn1.campaign.2531434XEXPAF,"10% Commission – 5-Length Endoscope Camera for Home, Auto & DIY",Binazon,2026-09-04,2027-01-26,10.00%,5000.0,5000.0,135,800,false
"[B0F5X2LYJB, B0DRVCN3F5, B0F7H18JW6]",amzn1.campaign.2L5TQTPQ2P17D,画架,Dreamtailor,2026-09-04,2026-10-31,20.00%,5000.0,4978.8,126,800,false
"[B0HD76XK81, B0HD7649BY, B0HD7284HF, B0HD74SN47, B0HD76RVWN]",amzn1.campaign.354XS2M1E1BFV,"🏡 Family dinners start with a table. 10% DEAL – Garvee 71"" Dining Table #Eva",Garvee,2026-09-08,2026-11-30,10.00%,10000.0,10000.0,129,800,false
"[B0G58X23S7, B0G58XK28B, B0G591SL6F, B0G58WXT8G, B0G58ZGMR2, B0G58W2GQ2, B0H45XWGGD, B0G594W394, B0G58ZLG7L, B0G5914NBJ, B0G58XWXZ2, B0G58W8N5B, B0G58X8GTW, B0G58VZJXH, B0G58XTVYX, B0G58ZTMJ6, B0G5912QF2, B0G58WJKB3, B0G58ZL7H8, B0G5927NJ5, B0G58XW9GQ, B0G58XMX2B, B0G58S8CR2]",amzn1.campaign.1KWNBM8M2AIP5,Buludona Little Waist Apple Watch Band – 10% Comm | Long-Term Project,Buludona,2026-09-04,2027-09-04,10.00%,1000000.0,1000000.0,128,800,false
[B0GSS3KVJ3],amzn1.campaign.3PP89JPIEZ3EF,Fungus Gnat Spray with Sticky Traps | For Pest Control of Indoor Plants,Mysora,2026-09-04,2026-11-05,10.00%,5000.0,5000.0,134,800,false
"[B0F5QBFW1N, B0GGB4NZR6, B0DYNQNZFN, B0DYNMD2KW, B0DYNV4FJ1, B0DYNQNZFL, B0DYNSZHTV, B0C7FP9639, B0C7FYCVMV, B0DYNM9WTY, B0C7FGPZD3, B0GGBCLXRJ, B0F5QDSZRD, B0DYNPSHTK, B0F5Q9VFFM, B0DYNM8VN8, B0F5QG4SMB, B0DYNS6F2W, B0GG9WHFMB, B0C7FLCVY2, B0DYNTBPSD, B0F5QD2YBY, B0DYNRNN62, B0DYNRLBRM, B0DYNQJLD4, B0GGB78YFZ, B0C7FGS81M, B0DYNT4L2Q, B0GG9Y1H4R, B0DYNQM6WH, B0DYNVMTXQ, B0DYNSRZ5K, B0DYNQYWTQ, B0C7FP4SY2, B0DYNQBS8X, B0DYNQKKTC, B0DYNQYKRK, B0C7FG5HYV, B0C7FB4RS1, B0DYNPQCB6, B0DYNT81R7, B0DYNMCX1Z, B0GGB7M43R, B0DYNQF4MQ, B0DYNQG1DK, B0GGBC9P2Q, B0DYP1RDHW, B0DYNSLMM3, B0GGBHGF9P, B0C7FT6J8D, B0DYNSL5DW, B0GG9YJYSL, B0C7FCTWQH, B0C7FJ9B7L, B0C7FDY1F9, B0GGBH75DD, B0C7FYHM63, B0C7FNK57B, B0C7FD9CN3, B0C7FFRQ98]",amzn1.campaign.1U5O2R0FUCG3Z,1873909,Ruiee,2026-09-04,2026-11-30,10.00%,5000.0,4882.46,119,800,false
"[B0FV8TC9DM, B0GQZFK9HP, B0F1KPZWXG]",amzn1.campaign.2SGDM98XSDPY6,Smell Proof Bag - Sep - C9,Staze,2026-09-04,2027-08-26,15.00%,10000.0,10000.0,143,800,false
"[B0H7JB5CD2, B0H73WLX36, B0H73MVGLQ, B0H73P53CX, B0H73RWS6K]",amzn1.campaign.2KK71OLKR74Y6,10% Commission – Endoscope Camera for Short & Deep Inspections,Binazon,2026-09-04,2027-01-27,10.00%,5000.0,5000.0,138,800,false
"[B0D9B2S3HS, B0D7W23HM8, B0DB7CS6QB, B0D9QSR9KJ, B0D8SJDSDG, B0DB76CMTN, B0DB776J91, B0DB776J8T, B0DB7NQGGQ, B0D9QPRVVT, B0D9B4FBV2, B0D8SZHFF3, B0DKSSJDXH, B0DB8F1CCJ, B0D7VZVN6Z, B0DB76TG4D, B0D9H2JCXB, B0DB7422G3, B0D9QQ7KVT, B0DB755K5R, B0DB7899QL, B0D9H4N56D, B0DB6ZW9F4, B0D9QRHMJG, B0DB79B3S3, B0DB72Y3M7, B0D9H2H19Q, B0D9QS4T6S, B0D9H41KYB, B0D9QT2KT2, B0D7W2VS8G, B0DB7NNZ8D, B0DB7NRJMK, B0D7W28444, B0D7W2LMK5, B0DB79B3RY, B0D8SJLZXW, B0D8SF9JD6, B0D9H2SM14, B0DB735FCJ, B0D8SH7LWB, B0D9GVSWY9, B0D9QQ7939, B0DB735FCV, B0D8SRNFQR, B0DB75PKCW, B0DB7HJNMP, B0DB7HJNMW, B0D9H164M6, B0DB75PKD3, B0DB8HJ3FZ, B0D9H23ZJX, B0D9QR4MGN, B0DB7J726J, B0D8SXY92T, B0D9QSMPG9, B0D8SCZY3P, B0D9QT2N35, B0DB75DS3R, B0D8T4736F, B0DB6ZTCGJ, B0D9QRQXBC, B0DKSXKWL8, B0DB751X5Y, B0D8T2KCSR, B0DB7BGK4J, B0DB8HNNHR, B0D8SHYSXZ, B0DB74CC3N, B0DB7FXK56, B0D86MMVCR, B0DB8JSWTP, B0D7W35Z13, B0D9B4GNLV, B0D8SRMLB1, B0DB6ZTCG1, B0DB7S88MQ, B0DB7NRJMR, B0DB752W25, B0D7W35WK8, B0DB7S7LWK, B0DB7S7LWJ, B0DB7S88MB, B0D8SJ7SDX, B0DB74Q6NF, B0D9QSF1YS, B0DB7FKWQ5, B0DB74FPB9, B0DB7FKWQ4, B0D9QS5GZZ, B0DB75NZB5, B0DB7DVYNS, B0DB74RLWR, B0DB74RLX4, B0DB77DYFJ, B0D7W1MVXV, B0DB7993RH, B0DB77DYFM, B0DB8FD3NH, B0D8SXRC6J, B0DB761BLW, B0DB737PN9, B0D9H25ST5, B0D8SJYTC4, B0DB79K8G1, B0D7W56ZSY, B0DB74KNPH, B0DB74KNPJ, B0DB7779MD, B0D8SBYBCT, B0DB79K8GC, B0D9H2RZK6, B0D9H654DR, B0DB74RLXF, B0D8SRWMGQ, B0D9QN5BTZ, B0DB7476YT, B0DB7FVZCM, B0DB8DNCNH, B0DB73TB66, B0D9H2LRW8, B0DB75PHWL, B0D9H2W9DB, B0DB7779M8, B0D8SKKWT1, B0D9QRD29K, B0DB7779LP, B0DB7SBJGY, B0DB7SBJGZ, B0D9H27DZ4, B0D7W18QSR, B0DB72YM84, B0DB7NGCV6, B0DB74CFVY, B0D9QR3VRM, B0DB74CFVV, B0DB7SBJGK, B0D9B287J7, B0D7W4HTV3, B0DB89VKG8, B0D8SH9TVC, B0D9H3G2K1, B0D9QT19JT, B0D9H2617Z, B0DB73TS9H, B0DB7CP8FX, B0D8SLF7FL, B0DB74PWNZ, B0D9H2CLG7, B0D9B4NYPZ, B0D9QR3RNC, B0DB7J3PFJ, B0DB74PWNW, B0DB758BQ3, B0DB75GM8W, B0D9QSF3ZC, B0DGLKL313, B0D7W39LN3, B0DB758BQL, B0DB7KFX84, B0D7VZKJ67, B0D9H3MZHM, B0D9QQ3J9Y, B0DDGTBLGM, B0D9H2MBWH, B0D9B5YBLS, B0D7W4HTSY, B0DB6ZZP4J, B0DB7DKDQZ, B0D9QR9XGB, B0DB757YB5, B0DB76DW9K, B0DB7BFS6P, B0D9H155Z8, B0DB74PWP9, B0DDH8Q57Y, B0DB7KFX87, B0DB7DKDQT, B0DB74GHLZ, B0D9QR8WBL, B0D9H1BX79, B0D9H349M4, B0DB74RJM9, B0D8SZRGN1, B0D9QT89PN, B0D9QS47T4, B0D9QR3ZXG, B0D9H2ZZ86, B0D9GYM6TR, B0D9QS78M3, B0DB72QXBB, B0D9H1XQHS, B0DB8G8CZ2, B0DB763LVM, B0DB7S92X6, B0D9QSBN8R, B0D8SGBCS2, B0DB763LVF, B0DB732SWQ, B0D8SF2P74, B0D8SGHMTD, B0DB7448CT, B0DB7M8BB7, B0D8SG1Z2C, B0D86NMGNG, B0DB74SMMP, B0DB8G87BW, B0D9QQVN68, B0D9H38PP9, B0DDGWQ531, B0DB7M4MC1, B0D9H3P6VR, B0D9QRCWCP, B0DB78DCWR, B0DB7M573S, B0D9QNQ7KF, B0DDHF4ML4, B0DB7J82XY, B0D8SHX11D, B0D8SBGF8M, B0D9H1M3R6, B0D7W3WXNX, B0D9GVWSVH, B0DB757Y9X, B0D9H13ZSW, B0DB7G6DBY, B0DB75XY8C, B0DB76NV4K, B0DB7M5M2F, B0D9H1XP2G, B0D9B26F37, B0D9H2YHCK, B0DB767S21, B0D7W2SS43, B0D9H32BP8, B0DB7NT5KM, B0DB74K791, B0DGLK12YZ, B0D9QTBWK9, B0D9H2MMS8, B0D9QRDNHS, B0DB7LDF49, B0D9H3S7YC, B0D9QQW48P, B0DB72QT52, B0DB7HJBHM, B0DB77JXGZ, B0DB7HJBHP, B0D8SHG7N2, B0DB7HC7F2, B0DB7LCMG8, B0D8SFBGSC, B0DB72SDSS, B0DB7K28KP, B0D9H3TTQJ, B0DB77Z8YF, B0D9H3K72C, B0DB8H3KJ4, B0DB744T66, B0D9H4C1B2, B0DB744T5H, B0DB744T5G, B0D9B5XR6S, B0DB7QT1NY, B0DB78HG4R, B0D9B2MFNS, B0D99XYMW7, B0DB78BB5Y, B0D9B351PR, B0DB8C2CCC, B0DB75NSJ1, B0DB78HG4W, B0DB6ZZKS3, B0DB6ZZKRX, B0D9H1GXY9, B0DB7N9Q43, B0D9B2QLNH, B0D8SHMVY1, B0DB7BF5CW, B0DB7G6DBT, B0DB7G2FS5, B0DB7685SQ, B0D8SBTTB1, B0D9H1GXY1, B0DB7HC7F7, B0DB79P164, B0D9QRMNJZ, B0D7W3JCWZ, B0DB7HHHWB, B0DB7QMMB3, B0DB74MRD2, B0D9QSY24F, B0DB763HDH, B0D7HCV2N6, B0D9H2V4BT, B0D9B3CGWF, B0D7W4DQH6, B0DB74MRCW, B0D9QS46HS, B0D9QQYWST, B0D9QRGYR5, B0DB74KPFQ, B0D9B3KBVC, B0DB7519JQ, B0D9QS46HN, B0DB8B539R, B0DB7BBJSP, B0D8SFTGXS, B0D9QQFRBQ, B0D8T2J4H1, B0DB7FLRWS, B0DB7HHHW3, B0DB7G1F34, B0DDH9X94M, B0D9QQFRBN, B0D7W2XWPJ, B0DB7519JL, B0DB7BKJYP, B0D8SZRXYR, B0D8SJRYQ6, B0D9QRR1DT, B0DB75PYJH, B0D7W3C95B, B0D9H269M7, B0DB75N9QJ, B0DB7KG9T4, B0DB7KG9T2, B0D9QRNMH1, B0DB78H438, B0DB7FWS5F, B0D7W45KFK, B0D8SVYH69, B0D9GZW4QR, B0D9B2NKZ7, B0DB75WX47, B0D9GZSS9R, B0DB78H441, B0DF2517M9, B0DB744WSD, B0D7VZDF5F, B0DB7G7L7L, B0D8SGMCDD, B0D7W3KT8X, B0D9H3M96N, B0D9QS68CK, B0DB7NS8LQ, B0DB74P2XD, B0DB6ZWQNQ, B0DB7BG6H4, B0DB74KZV4, B0D8SJQVM7, B0D8SW29VZ, B0DB74RRQR, B0DB7CNLCB, B0DB6YRNS7, B0D8SJB33T, B0DB7CNLC9, B0DB8G77Z4, B0D8SGP188, B0DB7J9F23, B0DB72LJHT, B0D9QS2GL7, B0D9QS2GL6, B0DB7CNLBM, B0D8SBTT9F, B0D7W1RKHN, B0DB7BMV6L, B0DB72R6SD, B0D9QTWC9N, B0DB78F2CX, B0D9H2M6MW, B0D8SCHFFR, B0D9H3M74Y, B0DB72R6S4, B0DB78F2CL, B0D9H3QN4Q, B0D9QSWZDF, B0DDH36NXM, B0DB7NPSL9, B0D9QQYG1G, B0DB7HKRK6, B0D9QSWZDC, B0DB7QFVYQ, B0DB72KVDT, B0DB7SDHKS, B0DB752STL, B0DB7BMV6V, B0D7W3K46P, B0DB7HKRJV, B0D7W29K78, B0DB7J5PP8, B0DB7QTFPW, B0D9H2YFK6, B0DB7KHZFK, B0D8SZQVCH, B0D9B3HK8H, B0D9H2BXKX, B0D8SBLCVL, B0DB77HQV6, B0D9H198CC, B0D7W2Q5K5, B0DB761JG9, B0DDH9B31X, B0D9B2P6SM, B0D9QRQTBQ, B0D9QSCX8N, B0DB78CQGX, B0DB78CQGW, B0DB74JLYJ, B0D9QQMJ73, B0D9QQJ447, B0D7W1MSLY, B0D9H1DQTY, B0DB7NSTGC, B0D9H3S1QY, B0DB74JLYD, B0DB78CQGG, B0DB79J5ZJ, B0D9H1MQZW, B0D8SRL738, B0DB7NSTFT, B0D99XD17B, B0D7W3HHNM, B0DB7FTY53, B0D8SDZKCK, B0DB79J5ZX, B0D8STHHL4, B0D9QR3Q78, B0DB7FN149, B0D8SQBHQV, B0D7W2CRKQ, B0DB7KDGPL, B0D9H2FZF3, B0D9QRKS45, B0DB7K5NK4, B0DB7QP27P, B0DB7HJZ91, B0DB76W9S3, B0D9QS61SP, B0D8SZW5LL, B0DB74T93J, B0D7W1W76L, B0D8SDRJ7H, B0D9H245TC, B0DB76R59C, B0DGLLRNKD, B0DDGVPPYR, B0DB74KZPW, B0DB7KKB1T, B0D8SJMGV5, B0DB76GNKR, B0DB75QSTL, B0D8SP2CT1, B0DB76GNKT, B0D9H3DCMK, B0D9H4519Q, B0DB7HMNH9, B0DB761B2K, B0D8SG32HP, B0DB755N9X, B0DB754DJ2, B0D9QRFJKH, B0D9H16G5J, B0DB75GH8T, B0DB7284RF, B0DB7SC9L7, B0D9QPZQ5R, B0DB7K1WZN, B0DF29MQ54, B0D9H1QMQZ, B0DB7284RH, B0DB738D3R, B0DB738D41, B0D9QRMJVH, B0D7W3KN4K, B0D8SKJQTQ, B0DB7S9R9V, B0DB7FY3FW, B0D9B1N3TX, B0D9H117C8, B0D9H1YZ3Q, B0D9QQM7LR, B0D9QPQ112, B0DB7NFJPY, B0DB74KMQG, B0DB77CSBB, B0D9QR4NKF, B0D7W182M1, B0DB752V17, B0D8SHJ86G, B0D9H39PHJ, B0DB72P8SS, B0DB76NQ7K, B0D99ZRPGV, B0DB735ZJV, B0D9QSHB9B, B0D9QP389V, B0D9H3FKXT, B0DB7KF4Z3, B0DB77J5R9, B0D9H1PNYQ, B0DF253VY1, B0D8SHXTBV, B0D9B3DS5Q, B0D9H152KB, B0D9H34T9D, B0D9H2MPCP, B0DB76G6WB, B0DB7KDQ8X, B0DB7536MD, B0DB8DCX2Z, B0DB76G6WK, B0DB76G6WN, B0DB7CQJYT, B0D8SW9XKJ, B0DB76G6WZ, B0D8SHY14X, B0DDGT53Q6, B0DB74BMJW, B0D9B4LY3D, B0D9QSG8G8, B0D9QQJ717, B0D9H3VCSW, B0D9H1N7M7, B0D7VZXLK1, B0DB7B3L36, B0DB76G6W6, B0DB76SSKR, B0DB76DC6L, B0DB75DT41, B0D8SZQVHB, B0D9QR6W1V, B0DB75WPTF, B0DB8CKCM8, B0DB8DMJ8P, B0DB74BV9S, B0D9B3KFLW, B0DB76RGVT, B0D9H2SSZ9, B0DB74CCQZ, B0D9QQBZ12, B0DB75ZSQ2, B0D7W3DR3Y, B0D8SGCB5D, B0D8SBTT6B, B0DB7BCPN4, B0D7W443JJ, B0D9QTP6JB, B0D9H4PFPR, B0DB8DCBG9, B0DB76DC6D, B0D9QPYR7W, B0DB7536M1, B0DB75WPTS, B0DDGSNRJF, B0DB7QQFL6, B0DB73MYYC, B0D7W2YQ5J, B0DB78CDBM, B0DB73RP7H, B0DB72PMTM, B0DB7M7WHY, B0DB756WB4, B0DB76B6B8, B0D9QQTK83, B0D9QR6MYS, B0D9H19CN3, B0D9H3GV24, B0D8SLY81M, B0D9QRT3LN, B0DB74KR5N, B0DB7G2TGW, B0DB759QN5, B0D9H3VWFC, B0D99ZSK12, B0D8SD4F67, B0DB8CKRR2, B0D9H2HVK5, B0D8SJ8HKX, B0DB762Z7P, B0DB76DQPR, B0DKSS7DH3, B0D9QQYSXR, B0DB7HLGDD, B0D9H5L4JP, B0DB76DQPT, B0DB76NNLY, B0D7W2BXF4, B0DB74HJLL, B0DB74JLJN, B0D9QS9M5L, B0D7VZQQ3B, B0D7W45ZXY, B0D7W4JV1M, B0D9QRTYZ4, B0DB74JLK2, B0D8SC363D, B0DDGP3JZP, B0DB73MYYY, B0DB7CN7L8, B0D8SRJM1Y, B0D8SGKXFM, B0DB7LD2WH, B0D7HM6Q1T, B0D7W2YNN3, B0DB8DNYWQ, B0D9H2QZZK, B0D8SFJ7DR, B0D9H3HMYK, B0D9QQH8RC, B0D8684DG3, B0D9QLHR6V, B0DB7K88CM, B0D8SFMDNH, B0DB7HHTG3, B0DB7HHTG8, B0DGLMY7ZF, B0DB7M7K4Z, B0DB7QJ7H2, B0DGLMJL5B, B0D9QPLDZZ, B0DB75QFML, B0DB7BJWM2, B0DB75QFMK, B0DB6ZVK8N, B0DB76YTST, B0D9QSXDD4, B0DB8H81ZG, B0D9H1PFKN, B0DB7386LH, B0DB8FTM5S, B0DB751CFC, B0DB6ZVZ5D, B0D9QQH8R4, B0D7VZPT9C, B0DB7HH4FS, B0DB8K8KXF, B0DB7TJSDB, B0DB7HH4FY, B0D9H34L3J, B0DB73X3GK, B0D99ZF5SW, B0D9H2Q8S1, B0D9QT31MR, B0D9H36P4Y, B0DB7HH4F2, B0DB7NMWQQ, B0D8SK3XX2, B0D9QTJW3G, B0D7W37Y11, B0D8SVRJGS, B0D8SXTJG9, B0DB78BP69, B0D8SXSGDY, B0DB78BP65, B0D9QRG5TT, B0DB79FD4R, B0DB7S9DYD, B0D9H1RK11, B0DB78D1SM, B0DB78D1SN, B0DGLLCT3N, B0D86R7SWD, B0DB8FMHD7, B0D8SFK3VB, B0D8SQCS35, B0D8STHWWT, B0DB7S9DY3, B0D9H1LV8X, B0D9QQTFKH, B0DB8C2WKS, B0D7W296GL, B0D9H1S8RF, B0DB76KMLG, B0DB8GKJ9D, B0D9H1KYKN, B0DB8FZGD4, B0DB788JFH, B0DB75JQ2X, B0D9H2YP4M, B0DB75JQ36, B0D8SC2NB3, B0D9QTG358, B0DB7QPJMP, B0DB72FCTR, B0D9QS8WB4, B0DB7K7WYH, B0D8SJJWKK, B0DB72HY9Y, B0D9QTTNCC, B0DB7J51LZ, B0DB7J51LY, B0DB75KMHF, B0DB72HY9S, B0D8SRRNBG, B0DB744B2Y, B0D9QRKZNR, B0D8SL4YW5, B0D9B36MD1, B0DB744B32, B0DB72KJWL, B0D9B1W7NC, B0DB72KJWK, B0D8SQCRW9, B0DDH5MM24, B0DB7NDP1P, B0D9H1V9N2, B0D9H226VV, B0DF28FQWD, B0D9H3R22M, B0DB757FTJ, B0D9H1S72Q, B0DB73Q9G2, B0DB731BWF, B0DB74CZTC, B0D8SBLKHJ, B0DB75N95R, B0DB737BF2, B0D9H3GSV2, B0DB75P4FG, B0D9QRJNXR, B0D9H3G244, B0DB731BWR, B0DB79F13K, B0D9QRPPJL, B0D9B3Q8JC, B0D9QR4SCS, B0D8T2NB81, B0D8SBRFRD, B0DB73CZKT, B0DB76FHMR, B0D7W2W5QR, B0DB714CB4, B0DB73CZL8, B0D9H1TFGB, B0DB79JXVP, B0DB76FHMY, B0D9QS9T4W, B0DB72NSXX, B0DB74M5KC, B0D9QR964W, B0D9QQJHBL, B0DB78GFYJ, B0DB78GFYK, B0DB7HL4BY, B0D7W2YSCW, B0D8T2PLGZ, B0D8STDKSC, B0DB7NGCTS, B0DB78GFYV, B0D7W4FJ2F, B0DB78GFYY, B0D7W3YSHF, B0DB74MLVG, B0DB8DFQJP, B0D9H1VPWL, B0D9QSZQMM, B0DB7G8244, B0DB7G8245, B0DB7NCJM9, B0DB8D8RWZ, B0DB76M85D, B0DB76YTJ3, B0DB75YRBY, B0DB77BG82, B0DB75YRBZ, B0DB77M5TR, B0DB7M2G5R, B0D7W2GCYJ, B0DB75YRBT, B0DB7G4TCN, B0DB8HQKMB, B0DB75C8Q6, B0D7W3XPCN, B0DB74MBBV, B0DB7G4TCW, B0DB77CGV4, B0DB8BNCV8, B0D8SBDJ79, B0DB773GCJ, B0D9QRFM9H, B0D7W56VDP, B0D9B2RM5Y, B0D9B239L2, B0DB8K1DSX, B0D9H18N5Z, B0DB7NB21Y, B0DGLKXPX3, B0D9H3B3K8, B0DGLKR3Q4, B0DB78DQGX, B0D9H3WH5H, B0DB742D18, B0D8SGKZ85, B0D8SGVWR4, B0D7H6YTM7, B0D9QRC551, B0DB78DQGJ, B0DB7FVM7T, B0D7W2MF1F, B0D9QS7R5C, B0DB7QS1KD, B0D9QS7R58, B0D9QVDQX6, B0DB72Z58C, B0D7W428NX, B0D9QRDHX8, B0DB79FPY3, B0D9QQKV8S, B0DB772PV7, B0DB7NV293, B0D7W43WH9, B0D9QPJF9L, B0D7W4DTP6, B0D9QPJF9K, B0DB756TJB, B0DB769SCG, B0DB75PP4X, B0D9H1QB6R, B0DB7CLR6C, B0DB769SCH, B0DB75PP51, B0D7W27H6N, B0D9H1CKRW, B0DB75HD2B, B0D9QS635M, B0D9H23894, B0DB759FBX, B0DB759FC1, B0D9H3RSWM, B0DB7NPGX2, B0D9GTCGTN, B0D9QSXSQK, B0DB74GWWY, B0D9GTCGTJ, B0DB759FCF, B0D9QT8D6B, B0DB77FWG5, B0D9H3V867, B0D9B2YFZ9, B0DB72YDRW, B0DB7LC763, B0DKSSV1Z1, B0D8SW9NP3, B0DB7LC761, B0D7VZD5QR, B0DB73SZSV, B0D9H16XLN, B0DB8HHN2R, B0D9QRS166, B0D9H2RC4T, B0DB7LBT2Q, B0DB7NRW1Y, B0DB7QGNKJ, B0D9QT2BB7, B0D9QR4LK4, B0DB755K68, B0D8SQH24D, B0DB77MQD5, B0DB77MQD6, B0D9B4TWNX, B0D9GY1PNZ, B0DB7LBT2J, B0D8STJP1S, B0D9B37YCN, B0D8SDZ6YN, B0DB74T5L4, B0DB7G4GRN, B0DB7G4GRQ, B0D7W3BVYP, B0D9H1XJN9, B0D9H3LTL7, B0DB744L9P, B0DB744L9M, B0D9B2MD6C, B0DB74T5LB, B0D7W2HKMZ, B0D9H26GPR, B0DB7DHZQK, B0DB76CMV4, B0DB78FDBC, B0DB799DLQ, B0D8SH99NV, B0D7H9F22K, B0DB799DLN, B0DB7LDYXF, B0DB74RDPH]",amzn1.campaign.1HY0J4T5J59X4,Top Home Decor | Erosebridal 100K+ Styles | 15% Commission 52,Erosebridal,2026-09-04,2027-09-04,15.00%,10000.0,9992.11,131,800,false
[B0H4GZYM78],amzn1.campaign.2XGZUIK86MIOH,WH23X10040 DP040-064 Washer Drain Pump - 15% Commission,Alinwirsy,2026-09-04,2027-04-30,15.00%,5000.0,5000.0,145,800,false
"[B0GTQ9GJSQ, B0DN682XS5]",amzn1.campaign.18PNV46ZZP3FM,MAGNIFIQUE 6 Quart Multi-Cooker-MCP63P,MAGNIFIQUE EXPERIENCE DELIGHT,2026-09-04,2026-10-31,25.00%,50000.0,49678.25,106,800,false
"[B0H98T1FFY, B0GTVN5G74, B0GTVCQW13, B0GTVH61CT, B0GTVM4LGR, B0H98SYXH7, B0H98SM4CR, B0H98TT3QW, B0H98WWM9S, B0H98GDL5F, B0H98RR8YZ, B0GTV9SRS1, B0H98QKFFN, B0GTVL5GGV, B0GTVKWBHD, B0GTVRGFW6, B0GTVH57WV, B0H98GLWTC]",amzn1.campaign.38Y7E3V1A1NMQ,Earn high commissions——Experience fashion style with Hathne!0028,hathne,2026-09-01,2027-03-02,16.59%,5000.0,5000.0,162,800,false
"[B0FV8TC9DM, B0GQZFK9HP, B0F1KPZWXG]",amzn1.campaign.8DPB1Y7G5QC6,Smell Proof Bag - Sep - C8,Staze,2026-09-04,2027-08-27,15.00%,10000.0,10000.0,146,800,false
[B0H1M3NKFD],amzn1.campaign.20PGXC4E08CE,JoyParcel 5FT Spider Inflatable - Trunk-or-Treat Creator Campaign,JoyParcel,2026-09-04,2026-12-29,10.00%,5000.0,5000.0,136,800,false
"[B0GVYVDNS9, B0GVYY9HY9, B0GVYWKT9T, B0GVYNFLN4, B0GVYQ427Y, B0GVYRCBTW, B0GVYJ6H2B, B0GVZ1G163, B0GVYL1Z9Y, B0GVYQ8T6Q, B0GVYVR616, B0GVYM4MQ9, B0GVZ11XHG, B0GVYL9Z1D, B0GVYVMZ7B, B0GVYS5FYX, B0GVYXD5G2, B0GVYPT4YH, B0GVYT11TC, B0GVYS418B, B0GVYT4GVZ, B0GVYP4M82, B0GVYNT1BF, B0GVYTV71D, B0GVYPWG89, B0GVYRN6LX, B0GVYGGXJ2, B0GVYKM6C7, B0GVYN6Y86, B0GVYQNLYR, B0GVYXD8ZM, B0GVYTJ9DR, B0GVYW9PR5, B0GVYVH1KS, B0GVYVQHK2, B0GVYPQXSM, B0GVYQMHYB, B0GVYKDGBN, B0GVYMQVVB, B0GVYS7L4Q, B0GVYXPV1N, B0GVYXFVP8, B0GVYTYGWT, B0GVYJXYBR, B0GVYP4ZV2, B0GVYQMHY9, B0GVYFTHFT, B0GVYRWRVL, B0GVYRY72D, B0GVYV545Y, B0GVYQG6SJ, B0GVYWRCDY, B0GVYLBG2Y, B0GVYL8HX1, B0GVYTLSHZ, B0GVYVMWHN, B0GVYYTNN1, B0GVYJPHP8, B0GVYKKCHZ, B0GVYRS23S, B0GVYNPWY2, B0GVYSYK1N, B0GVYVLM3W, B0GVYPV19V, B0GVYT4RRQ, B0GVYT4RRN, B0GVYVLM41, B0GVYPV19T, B0GVYJ5WB5, B0GVYP3WV2]",amzn1.campaign.1IWFKFDKI3WIY,LP0965 10%commission Summer Lightweight Cardigan,Lepunuo,2026-09-04,2026-10-31,10.00%,5000.0,4789.49,75,800,false
"[B0GRG9XJSQ, B0GRG936GV, B0GRGG4KN8, B0GRG93TTK, B0GRG3PDCC, B0GRG4QKVS, B0GRG72G36, B0GRG3MHXD]",amzn1.campaign.YYRHWK4Q8Q7O,Vintage Tin Sign Wheat Beer Pin Up Girl Metal Art Wall Decor,PlikPlakey,2026-09-04,2026-11-17,10.00%,5000.0,5000.0,136,800,false
"[B0HD76XK81, B0HD7649BY, B0HD7284HF, B0HD74SN47, B0HD76RVWN]",amzn1.campaign.2KISH3QPJQNXZ,"🦃 THANKSGIVING SALE! 10% BEST DEAL – Garvee 71"" Dining Table #Eva",Garvee,2026-09-06,2026-11-30,10.00%,10000.0,10000.0,133,800,false
[B0H4GZYM78],amzn1.campaign.3I28IFAKAG0VZ,WH23X10040 DP040-064 Washer Drain Pump - 16% Commission,Alinwirsy,2026-09-04,2027-04-30,16.00%,5000.0,5000.0,146,800,false
[B0GYCMW51B],amzn1.campaign.2AZA82DLPM1E6,【15% Commission】Partner with Global Brand AOC: Brand-New Premium TWS Earbuds !,AOC,2026-09-04,2026-12-31,15.00%,5000.0,4982.6,81,800,false
[B0H116FBLQ],amzn1.campaign.14GGUVTV6R9UL,Keychain Flashlight 4-Pack – 1200 Lumens,doyyi,2026-09-04,2026-10-31,10.00%,10000.0,9992.9,125,800,false
"[B0GC4MXFK5, B0GC47PYYC, B0GC4DW57P, B0GC4MR4YG, B0GC3SQNHY, B0GC5LKCG7, B0GC3ZGY25, B0GC41TYJX, B0GC58612V, B0GC4JD3R5, B0GC4C7TDR, B0GC412YB8, B0GC3H2ZRY, B0GC2GX7LL, B0GC2HMFDQ, B0GC34Z3YZ, B0GC3H5XPF, B0GC34S67R, B0GC41K26L, B0GC58Q64Y, B0GC34CG9S, B0GC3CJV11, B0GC2GCP2P, B0GC3ZMLH9, B0GC2XBRRK, B0GC47K7K7, B0GC4JF7S6, B0GC3S89K1]",amzn1.campaign.1NQ5T76776KIF,"🌟 10% + Free Sample | Kids Western Belt Strap (1.1"", Ages 4-12) 🤠",SANSTHS,2026-09-04,2027-01-04,10.00%,5000.0,5000.0,134,800,false
[B0F2HHRDF1],amzn1.campaign.3N7SEZOVJ07TB,Halloween Sticky Hands|15% Commission|Amazon's Choice| Huge Hit Last Halloween!,Wondrus,2026-09-04,2026-10-04,15.00%,5000.0,4772.25,113,800,false
"[B0H7JB5CD2, B0H73WLX36, B0H73MVGLQ, B0H73P53CX, B0H73RWS6K]",amzn1.campaign.ZC7E0TC9RND8,"10% Commission – No-App Inspection Camera, 5 Lengths Available",Binazon,2026-09-04,2027-01-28,10.00%,5000.0,5000.0,144,800,false
"[B0FV8TC9DM, B0GQZFK9HP, B0F1KPZWXG]",amzn1.campaign.2UI1RNXD2THBC,Smell Proof Bag - Sep - C7,Staze,2026-09-05,2027-08-28,15.00%,10000.0,10000.0,145,800,false
"[B0D7HH6RW1, B0D7HQGWV6, B0D919P7DL, B0DB84YN3Y, B0DB86MSJQ, B0D7HDLTGG, B0D7H361YQ, B0D89RL2LZ, B0D7H361YM, B0D7H7V1KC, B0D7H9PKZ6, B0D7HC2VSB, B0D7HQGWTY, B0DB85KSMD, B0D7HQGWTT, B0D7H2RK56, B0D7W1W5YW, B0D7HCGHYR, B0D7H7L8XY, B0DCNJLKB1, B0D7W1W5YL, B0D7H2RK5G, B0D7HPJL11, B0D9J3KY61, B0D7H9PKY7, B0D7H7L8XH, B0DCNCWLBK, B0DB8CDPVX, B0D7HBMNR9, B0D9J88R2J, B0D7HBMNRS, B0D958JH2Y, B0D8BCN33H, B0D9J5DPC9, B0D7W56ZX2, B0D89RGXD9, B0D7H7K7ZJ, B0D7H6DNYC, B0D7HM9L7Y, B0D7W3Y1Q8, B0D7H7W8Z9, B0DCN11R1P, B0D7H31JWY, B0D7HNYX3D, B0D7HM9L7R, B0D7H6DNYK, B0D7HMCK71, B0D7HMCK6R, B0D7H7W8ZB, B0D7HF3T8M, B0D9Y1W7JQ, B0D7HNYX36, B0D7H92M7D, B0D7W4LJ31, B0D9J77S5K, B0D7H2T9GF, B0D7H69PVK, B0D7HJS41Q, B0D9J5SQZW, B0DDH3QV7Y, B0D7H7W8ZL, B0D9J36V16, B0D7H2T9GM, B0D7W3Q56C, B0DCNKZCPW, B0D8T4735T, B0D7HBFJ7G, B0D7HP6XHL, B0D9J3LJZG, B0D7W29Q19, B0D7H7CZZ9, B0D7VZ58L5, B0D7H7CZZ7, B0D9XBGCNS, B0D7W3CGBF, B0D7H93TDD, B0D7HQGG7W, B0D7W3Q798, B0D7H93TDK, B0D7HJNLQ4, B0D7H6G6CB, B0D7HP6XHR, B0D9J8LKNS, B0D7HC4Y1D, B0D7H9HYRW, B0D9XYDYPZ, B0D7W198YD, B0D9XZ6PLQ, B0D89MXLDQ, B0D95744N2, B0D7HCTSG7, B0D7GY1XYD, B0D6W8DNMZ, B0D9J8T3FW, B0D7HQJ8Q7, B0D9J2WZ5L, B0D7H2P3FF, B0D7W3FH9D, B0D7HHFFGX, B0DCNRJHDP, B0D9J2TD3M, B0D7H2T9FT, B0D9J6N3SM, B0D7HHFFGP, B0D7H6938R, B0DDKS9815, B0D94CLSP4, B0D7W4LN71, B0D7HFBJTG, B0DCNDZX1X, B0D7HP48TN, B0D94F7VWF, B0D7H9CCGW, B0DCNRBQGB, B0D7HBZY77, B0D7W3X7JL, B0DBPZJ975, B0D9J3DVKN, B0D7W4HLFW, B0D7W4PVD2, B0D9J6FW3Y, B0D9J7TK8P, B0D7HQLKXC, B0D7H7ZNPX, B0D7H1Z4TK, B0D7HK54TL, B0D9J5GLY6, B0D7H7ZNPS, B0DDKT9JP6, B0DB85GSQF, B0DLMYDXLN, B0D7W2R1K4, B0D7HB8MBY, B0D7W1ZVYT, B0D9XZQWN8, B0D7H6871X, B0D7HQPMQ7, B0D7HB8MCG, B0D7H6871K, B0D7HD3M9K, B0D7HB6T78, B0D7H7KBH4, B0D7HCGDLM, B0D94DB4HY, B0D7H9412N, B0D7W3XJN5, B0DCNJMGRC, B0D7HBFJ77, B0D7HFDHFW, B0D7HK54VJ, B0D8SK8N88, B0D7H7CN6L, B0D7W41T8B, B0D7H4D9HM, B0D7H322MJ, B0D7H9GZK1, B0D7W1SJ3R, B0D9J87DCK, B0DDGSBF93, B0D7H69Z1V, B0D7H7L8RR, B0D7H9TDY9, B0D7W3RQL7, B0D7W3CXG2, B0D7H9GZJY, B0D7H33G3H, B0D7H9V3QP, B0D7HBCX4N, B0D7HBFMWC, B0D7HJLYXB, B0D7W53KD3, B0DB86HND3, B0D89RKK4V, B0D9J5RX2F, B0D7H8HQ3M, B0D7H7XJS8, B0DDKVXFPV, B0D8SHR9SR, B0GBTXTZZD, B0D7H7KWSD, B0D7HB753V, B0D7H8NZT8, B0DCNXPB57, B0D7H9KKC7, B0D7H94PQM, B0D7HF57P7, B0D7H9KKCM, B0D7HHPB6Z, B0D7H92JL6, B0D7HM6BWM, B0D89RXLPW, B0D7H9J12S, B0D7H92JL7, B0D9J3L45X, B0D7W3QYDL, B0D7H6FNMS, B0D7HF57P6, B0D9XPJ9H4, B0D7H31SLL, B0DB86MFFS, B0DDH5C3Q3, B0D7W2HH8R, B0D7H7KSLZ, B0D9J67PYY, B0D7W35DN3, B0D7W4VQFS, B0D8743M9J, B0D6W6JBVX, B0D8748R4J, B0D9J6FPLL, B0D7HB4285, B0D7HB4283, B0D7HBFMXH, B0DDKTNL5B, B0D7W251CK, B0D7GXZ82P, B0D7HDRSCQ, B0D9W4QNSC, B0D7HB5LBV, B0D7H2VRFW, B0D7W2GQT9, B0D7HB5LC9, B0D9J5SPCX, B0D7W2LKZ3, B0D7H8GQJZ, B0D7HCPM8G, B0DCN3F4Q8, B0D91DBM9B, B0D7H8GQK2, B0DB85T4DH, B0D7H2VRFL, B0DDKVMVNC, B0D7W3QWDV, B0DDKWNYST, B0DCND1S83, B0D7HB8WNW, B0D9J6RDSF, B0D7H37TKD, B0D7H32XBK, B0D7H2YWHC, B0D9J7L71S, B0DDKX1NY2, B0D7H9Z2Z3, B0D7H7XWBJ, B0DCNQ1W5Z, B0D7H4DL6M, B0D7HPF9FP, B0D7H81BQG, B0D7H81BQ1, B0D7VZT37G, B0D7HDJZH8, B0D7HC3WDM, B0D7W5M23F, B0D7HQMBMH, B0D7H69VSH, B0D9J6QTXF, B0DDKVXXT8, B0D7HDJZHD, B0D8SFD8PS, B0D9J6QTXD, B0D7HJQCBQ, B0D7H7KK26, B0D7HJQCBR, B0D7H69VSC, B0DBQ1DNKR, B0D7HBLSMR, B0D9J85X8J, B0D7HBBF14, B0D7W2367J, B0DDH5YB73, B0D7HP24WW, B0D9W531V9, B0D7HBJSTM, B0D7W35YZT, B0D7H4DL62, B0D7H98TCG, B0D7H979R7, B0D7H979QW, B0D9J2Q6MZ, B0D7W39HLV, B0D89L5J9L, B0D7HHH4RC, B0DB84VFZH, B0DDKVDQZN, B0D7HFDVXP, B0D7HB8LW2, B0D9J394VF, B0D7W2XWR2, B0D9J394VD, B0D7W1N6HJ, B0D7H4MH2F, B0D7W1N6HG, B0D7HC6HXQ, B0D7H2RNFX, B0D7H5SGBB, B0D9J88VR9, B0D7H2RNFQ, B0D7W4SLL3, B0D7H6CT97, B0D7H6CT99, B0D9J2YQM1, B0D94C69PY, B0DCN4QNCD, B0D7HBM913, B0GBTMR4TZ, B0DDKSZKG5, B0D7H3488N, B0D9J3LKL9, B0D7HC6HXB, B0D7GXYL3F, B0DLMRZV4M, B0D7H4M93S, B0DCNBLQ56, B0D7H93217, B0D7HB8LVD, B0D9J5PQS9, B0D7W3WGWR, B0D9J7GBX4, B0D8SFD8KQ, B0D7H8PBYW, B0D9J65X6X, B0D9XRK2Y8, B0D7VYY7HC, B0D7H7YGD6, B0D7W2V1J3, B0D7H6Z4WQ, B0D7W3DK66, B0DB86KP7S, B0D7HB5H9B, B0D7H7YGCT, B0D9J8CKYH, B0D7HCW7TR, B0D7H33544, B0D7W74HLW, B0D9J8CTKY, B0D9XYSTKP, B0D7HMNQVN, B0D7W2SS4G, B0DB876WJ4, B0D9J6C6JF, B0D7HNW6JP, B0D7H8PBYP, B0D7H93MHW, B0D9J3DJCF, B0D7H93BT1, B0D7H9MYSF, B0D7H9DNY1, B0D7HHF4TD, B0D7HPFM86, B0D7W3878D, B0D7H36C3G, B0D7HHW658, B0D7HBRS33, B0D7HC5XX6, B0D7W3CW6G, B0D7HPFM8G, B0D7H5XNMT, B0D7HHW65J, B0DB87R2GY, B0D7W29K7V, B0DCNM1C83, B0D7W3NH8J, B0D7W3CW79, B0D7HCYWL1, B0D94CR6KK, B0D9J7NF11, B0D7H5FGTY, B0D8B3VMT9, B0D7W336DR, B0D7W3QWMF, B0D7H6DKYQ, B0D7W2YH2K, B0D7HF6ZF7, B0D7H68MMX, B0D7HHDTWQ, B0D7H9XTZM, B0D7VZDF5X, B0D9J7CF22, B0D9J655SW, B0D7H4BTW6, B0D7H4BTW4, B0DLN2K8RV, B0D9W4CGTX, B0D7W3GTCK, B0D7H8KJKW, B0D9J6FPYS, B0D7H93K95, B0D7H7ZPG1, B0D7H93K99, B0D7W3Y6SJ, B0D7HHDTVY, B0D7H8KJKK, B0D7HB8LTP, B0DDKVLJS5, B0D7H8KJKJ, B0D7W3ZHT3, B0D7H9D144, B0D7W4BQPL, B0DB82TSK6, B0D958G96D, B0D9J662MX, B0D7W4NB3Y, B0DB84S9GT, B0D9J662MW, B0DDKVJ83Z, B0DCNN3QP3, B0D7H6NBKC, B0D7H32ZKH, B0D7HBYLRP, B0DDH5LK8V, B0D7H2Y9SZ, B0D7H7D537, B0D7HBGRS4, B0D7H93DJS, B0D7H7SMVQ, B0D7HJ7JG7, B0DDH3591G, B0D7HBJ62F, B0D7H7SMVY, B0D7HBGRSD, B0DDKT62VP, B0D7W43P9H, B0D7H5VRXG, B0D7H9V3DF, B0DDKT6JM6, B0D7H2T4V5, B0D7W12FBS, B0D7W12FBT, B0D7H7XB2S, B0D7H4MD2G, B0D7W5HM9R, B0D7W17QJR, B0D7HC377T, B0D7H6DGTT, B0D7HK22KS, B0D7W6M29C, B0D7H5XPN7, B0D7HMLRH8, B0D7VZYMBH, B0DBQ36T7R, B0D7W1MSM8, B0D7W2N53K, B0D7HB8Q6G, B0D9J7FHQF, B0D7H32N1V, B0D7W29X74, B0D94D2FPX, B0D7H7XB3J, B0DCNXSKNC, B0D7HFFL59, B0D7H8TBBQ, B0D7H5Y666, B0D7H8TBBT, B0D9J2Z4Z1, B0D7HH96YH, B0D9W53XPP, B0DDKVNCYK, B0D7HF6C3H, B0D7W4Y799, B0D7HFFL5N, B0D7VZ7PLS, B0D7VZYQGV, B0D9XRHXD9, B0D7H32XBT, B0D7H95YSK, B0D9W3F9T9, B0D7W5391Z, B0D7W5FHWX, B0D7H6F8SF, B0DBPZ7QMQ, B0D9J6XG4Z, B0D7HMGDZ5, B0DDKVX6BP, B0D7HBL7K1, B0D7H9V7MJ, B0D7W3TN3P, B0D7W3SYLY, B0D7H9HW4X, B0D9J6SLMY, B0D7HQH7LJ, B0D7H9HW4Y, B0D7H8VDBL, B0D7HDTW7Z, B0D7HC47VV, B0DDGP2K2T, B0DBQ1GYKX, B0D7W375Z9, B0D7HF7F4Q, B0D7HQH7L8, B0D9J6TZF3, B0D7H2T4TY, B0D9J6TZF2, B0DBPZ7KC7, B0D9J3M3DB, B0D9J3GZC2, B0D7HDKY41, B0D9XZRHDH, B0D7HF5LDL, B0D9J7FJY2, B0D7W3BSZR, B0D9J7FJY1, B0D7HF5LDC, B0D7H5XZMH, B0D7H867ZN, B0D7GXWSTH, B0D7H33VJS, B0D7W4BVCV, B0D9W2XXYH, B0D7H9WR1S, B0DBQ1BNCP, B0D7H9XGZG, B0D8SQBX2V, B0D7H7X8SK, B0D7H7BJ8M, B0D8B9HB8Y, B0D7HBF63Q, B0D7H7XVP4, B0D7H9XGZ1, B0DDKTPJS5, B0D7H7CHRZ, B0D7HF5LDQ, B0D9Y1XHGF, B0D9J3L4KF, B0D7H34JN8, B0D7HJNZJ8, B0D9W51HXM, B0D7H9NT2B, B0D9J6B5XR, B0D7HFCSGC, B0D7H8FJ1R, B0D7H2N76C, B0DCNPZRCL, B0D896XH6M, B0D7HFCSGH, B0D7H34JNK, B0D7H4LHH3, B0D7H33VHV, B0D896XH6J, B0D7HBF7ZL, B0D9J3L4KL, B0D7W38S61, B0DB84VPCY, B0DCNB5S4F, B0D9J3L4KK, B0D7HK8L3X, B0D7W334HB, B0D7H5T8SY, B0D7W52QR6, B0D7HJNZJX, B0D7W52QQT, B0DB87DTLW, B0D7H94ZJR, B0D95943V4, B0D7H6FQYH, B0D7H5T8T2, B0D7H8W5W6, B0D7H9N1LZ, B0D7H8W5VR, B0D89RBZXL, B0D7GXZW3H, B0D7H7Y82R, B0D9J3KWTS, B0D7HHQ8WH, B0DBQ45SD8, B0D9J67R39, B0D7VZXLJZ, B0D9J5QYPG, B0D9J84LZ9, B0D7W48NW5, B0D7H8SGHG, B0D7H98QPR, B0D7W3B8HZ, B0D7HJTQHS, B0DCN589ZD, B0D7H68YJJ, B0D7HNZHW9, B0D7HC9C4N, B0D7H7ZRDH, B0D7H2MHZN, B0D7H2XSNQ, B0D7H2YVQQ, B0D7H3X5X5, B0D7HP5XLQ, B0D7H98QQD, B0D91BSP7F, B0D9J7WLMX, B0D9W392RB, B0D9J867JK, B0D9J5KC59, B0D9XY6V31, B0D7HBF3JD, B0D7W3XGDJ, B0D7H9V9G5, B0D7HHRG2S, B0DB88PJSW, B0D9J5Y8VK, B0D7HJRC23, B0D7HMM66F, B0D7H7G9MZ, B0D7HHC1HX, B0D9J6FX4G, B0D7W12WK4, B0D9J7Z5V5, B0D7H4P8XC, B0D7HBF63C, B0D7H6CJX4, B0D9J6FX47, B0D7W5461G, B0D7HF8M6L, B0D7H6CJWX, B0D9J67R4R, B0D7HM851P, B0DDGZFMH9, B0D94DMV5L, B0D7HBPXWZ, B0DCN7G69W, B0D9W4R9ZN, B0D7W3RXV6, B0D7HFF8DH, B0D9W3MPRW, B0D7VZWC8X, B0D9J3DK4S, B0D7H8R9R7, B0D7W4TD3J, B0D9XYSBZ3, B0D7H98HRV, B0DB85MP85, B0D7H98HS1, B0D7GXYWNQ, B0D7HP3VS6, B0D7W2YQ5C, B0DDGNYDXK, B0D7HB4HFF, B0D7HK3KFW, B0D7HBPVNM, B0D9J5Q1DW, B0D89RZMR6, B0D89FRJMM, B0D7W2S5QR, B0D7H9V4S1, B0D7HM93MJ, B0DCN1YJDK, B0D7H5SDXV, B0D9J6F5QQ, B0D7W3CLPL, B0D7HJLPBK, B0D9J69C39, B0D7H312RH, B0D7H7CLRX, B0D7H687RL, B0D7W2S5PF, B0D7W45F1B, B0D7W4CFHK, B0D7W3CLQB, B0D7HC6RWJ, B0DB856JS5, B0D7H9V6V2, B0DCNH49BV, B0D7W1GJ9F, B0D89MYTMV, B0D7HMM66J, B0D7W2P6ZH, B0DCN8LW4C, B0DCN156GV, B0D7HC8NLH, B0D7HM6Q32, B0DB8CD8P6, B0D7HM6Q31, B0D7W45CK6, B0D8B3K79Z, B0D7HCWB5S, B0D7HDTJ2J, B0D7W598SX, B0D7HC8NKT, B0D7HC6HF3, B0D9J3LTSY, B0D9J3K22B, B0D7HC6HF7, B0DB84X6D2, B0D7HMKC7N, B0D9586X4Q, B0D7HPGNCY, B0D7HPGNCZ, B0D7HM6Q27, B0D7H9D2DW, B0D7W28HCW, B0D7HQPYK6, B0D7W3LHLB, B0D7HQPYK5, B0DB85NNMS, B0D7W3GTZB, B0D7H7VGSC, B0D8B9LCBP, B0D7H5GB4C, B0D9J5RGR4, B0DCNMKN3F, B0D7H58JQ3, B0D7H2SBDF, B0D9J5GW23, B0DBQ42S5N, B0DDKSNDF5, B0D7HM8RQY, B0D7W3YK1C, B0D7HHN6DT, B0D7H31RLP, B0DCNBZ8SZ, B0D7H2SBDY, B0D7H86X7X, B0D7H5SG9T, B0D7W3G2V9, B0D7GXYX33, B0D9J5RGPX, B0D7H9C1H7, B0D9J7ZGCN, B0D7H8T34H, B0D7H3LJN7, B0DDKRS5TJ, B0D7W36K8J, B0DCNRDXLD, B0DCNHRZB5, B0D7H7VGSY, B0D7H58JPN, B0D91D11RX, B0D7W1TPBZ, B0D7H33TL1, B0D7W1TPBQ, B0D7H6D8HB, B0D9J8LZ3G, B0D7H974TF, B0DDKWVYC4, B0D7H97LCK, B0D7HBYNBP, B0DDKS7ZSP, B0DCNL2M8R, B0D7HDKKKL, B0D7H66G25, B0D6W5Q5DS, B0D6W8833L, B0D7HFHSKD, B0D7H867YY, B0D7HBLF7K, B0D9J2MG67, B0D7H867YZ, B0D7HPH425, B0D7W3L9SC, B0D7HC4M16, B0D7HFHSKP, B0D7H6FSYK, B0D7HFHSKS, B0DDKT3JBR, B0D9J3LRSB, B0D7HFHSKR, B0D7W4J89Y, B0D7H8MVQK, B0D7W3L9RN, B0D8B4799S, B0D7H31RL5, B0DBQ26XPD, B0D7W4511H, B0DB86FXYT, B0D89TWFLH, B0DCNT5T3S, B0D7W3BGSB, B0D9J73GYS, B0DCN142YG, B0D9J5SK8X, B0D7W35GXJ, B0D9J5SK8V, B0D7H9L9PT, B0D7H4MFR2, B0D7HMBMQ3, B0D7W2NNXS, B0D7W3L9Y4, B0D7HB8RGY, B0D7W22V94, B0D7HNYLKJ, B0D7W33JBN, B0D7H2PP1K, B0D7HMQ9YL, B0D7H6YF9D, B0D7H6XR3N, B0D7H7GVT4, B0D7W5BJCX, B0D7HB95LH, B0D7HB8RHF, B0D7HNYLJT, B0D8B3DB6K, B0D9J64YY9, B0D7H7CB7R, B0DDH9GQZJ, B0GBVVGHRC, B0D9J3L2XG, B0DB84L5VS, B0DCN76D45, B0D94FZ7MJ, B0D7HB95L2, B0D7H7ZQQK, B0D9J6F24D, B0D9J3M25T, B0DB85YHZ2, B0D7VZCY24, B0D7H3124P, B0D7H5FJP9, B0D7W2W5Q7, B0D7H6743W, B0D7H7CB8M, B0D7W2LV1S, B0D9J6V2HN, B0D7HHRR7J, B0D7H7GVTX, B0D9W3T2SM, B0D7H9TD2W, B0D89TRTS7, B0D7W33LMV, B0D7H6DV9S, B0D9Y19YQ5, B0D7HDHYJ5, B0D7H3124Z, B0D8B2MPZ9, B0D7H9TD2C, B0D7HBJRKL, B0D7H9TF6M, B0D7HBF7B6, B0D7HBJRKJ, B0DB86QTMS, B0D7H82C25, B0D7HH67L4, B0D7H2DPV5, B0D7W29RC3, B0DBPY2MLJ, B0D7HCFPX9, B0D7HCG28X, B0D7VXT846, B0D9J3LHFR, B0D7W1V955, B0D7H94T3G, B0D7HNXN65, B0D7HHNL9D, B0DCN738HR, B0D9J7KGV6, B0D9J7KGV5, B0D7HBNTFH, B0D89X1NDZ, B0D7H738XB, B0D7HBCTGN, B0D7HBCTGM, B0D7H335SW, B0D7H34TN2, B0D7H68XVB, B0D86YT798, B0D7H9L1FZ, B0D7HF9QMN, B0D957T17H, B0D7W2686T, B0D9J62BSZ, B0D7W258ZL, B0D7W4J8BM, B0D7HDJ9BX, B0D7HQMZYL, B0D7W2SC4T, B0DLMQBLXK, B0D7HDP8PH, B0D7H8NFG4, B0D7H94T35, B0D7H31248, B0D7W1GJCM, B0D7H9HK93, B0D7H9HK9B, B0D7H2RP6F, B0D7H36S2S, B0DB86CHZV, B0D89P2B88, B0D9J7K34B, B0D9W4S6FX, B0D7GXVGFX, B0D7HHTKHR, B0D9J6RJG4, B0D7H5VN2B, B0DCNPRFGT, B0DCN8FQH1, B0D9J3LNVF, B0D9J5ZVC6, B0D7W2F6HM, B0DCNPRFH1, B0D873JNFR, B0D7HPDY53, B0D7H3X3Q5, B0D7HDWTQ2, B0D7HDQNW9, B0D7VZTXJ1, B0DCN2WD1T, B0D9XY5KV5, B0D9J67ZVR, B0D7H61GVY, B0D7VZTXJ9, B0D7HCG28J, B0D7H65MVJ, B0D7HDPKPG, B0D7H94DHM, B0D7HCHTYM, B0D7W43WHY, B0D7HCG28P, B0D9588QSS, B0D7W36SSY, B0D7H98179, B0D7HDPKP8, B0D7HHCPQV, B0D7W2QZN2, B0D7HBBJSH, B0D7HCG27Z, B0D7H61GV1, B0D7HCHTY5, B0D7H6YTN8, B0D7HHCPQF, B0D9W2WG2Y, B0D7HDSCXX, B0D7HHTKJT, B0D8B1BF3F, B0D7W4DTP9, B0D9J6881D, B0D7H9BKM1, B0D7W51QMK, B0D7H94DJJ, B0D7H94DJH, B0D7HMQXDC, B0DCN9F5ZN, B0D89P2NLV, B0D7H94DK1, B0D9J6TQ2X, B0D7HBMNSX, B0DDH2XRPM, B0D7HHMV69, B0D7HQP7PP, B0D7HH84YJ, B0D7HH84YB, B0DDKV5M5V, B0D7HMQXDL, B0D7H7KKLP, B0D7H8KN69, B0D7H8KN5W, B0D7VXSQ38, B0D7HBMNRV, B0D9J8HTFN, B0D7H2CCFP, B0D7HMN7MN, B0D7H67QTN, B0D7HHSFFP, B0D7H28L8R, B0DB86T172, B0D7HHSFG7, B0D7HQKD9X, B0D7HHSFFY, B0DDH3M2XH, B0DCMVLHG1, B0D7H9B8KR, B0D9J7Y9XK, B0DBQ13P6L, B0D7H9KVKN, B0D9W55JM5, B0D7H9L9Q1, B0D7H934PN, B0D7H934PS, B0D7VZVDWW, B0D7W2P1D9, B0D7H8KN6H, B0D7H35FWN, B0D9J7L693, B0D7HCTMC1, B0D8B1Y5SW, B0D7W3Q93X, B0D7H8KN6B, B0D7H98PWR, B0D7HCTMBK, B0D7HDK9XY, B0D7H6DHYJ, B0D7HCR46Q, B0GBVGZBCB, B0D7HDK9Y2, B0D9XY6Z59, B0D89PHB3P, B0D7W3DH7Q, B0D7H4MDPK, B0D9W55PYD, B0D7W3M6YX, B0D9W3FKV7, B0D7W2VNJK]",amzn1.campaign.FMZH0CVGEFCQ,Top Home Decor | Erosebridal 100K+ Styles | 15% Commission 51,Erosebridal,2026-09-04,2027-09-04,15.00%,10000.0,10000.0,133,800,false
"[B0F47HBCRN, B0GGBFFKC9, B0GGB7RSQJ, B0F47JG2G8, B0GGBBLMSX, B0F471T77D, B0GGBJM3TY, B0GGBCW2B8, B0GGB717KF, B0GRYX1HX2, B0GGBV87KS, B0F47L3BF1, B0GRZ57Z38, B0F47MZMDN, B0F47L3RMH, B0F47C5DXG, B0GGBC68G8, B0F48287YC, B0GGBFQFTV, B0F47FWVD4, B0F47PWW7N, B0F47RQQFF, B0GGBCM173, B0F47VMT5R, B0F47J8CPB, B0GRZ84576, B0F47LLXQF, B0F47YJQ2X, B0GRZ15JLH, B0F47DLPYM, B0GGB54NZK, B0F473Y2X8, B0F47LQQHM, B0F47JDNLZ, B0F47CL58P, B0GGBGC9G9, B0GGBJ2K9H, B0F47CZY5Z, B0F47HDB7T, B0GRZ8L69C, B0F47RWGVW, B0GRZ54LRK, B0F4743XQT, B0GGBD24NH, B0F47HLMRG, B0F47L9GPC, B0F47BVBPK, B0GGBJM6QK, B0GGBLJD1T, B0F481LXTK, B0F481G49X, B0GRY3RB18, B0GGBX2Z7N, B0F47CLN79, B0GGBMJNX4, B0F47MYBYP, B0F4818YKT, B0GGBCX2B9, B0F47FD6FK, B0F478TR13, B0F481CFZ7, B0F47GVLPC, B0GRYJ5WBG, B0GGBCHVMC, B0F47KRL5S, B0GGBDP13C, B0F47MTTWQ, B0F478VRNY, B0GGB4K8TP, B0GGBD4NLR, B0GGBF9MKC, B0F47GLHVJ]",amzn1.campaign.TQRVZ1CL9B4Q,250370,Ruiee,2026-09-04,2026-11-30,10.00%,5000.0,4829.26,123,800,false
"[B0H98T1FFY, B0GTVN5G74, B0GTVCQW13, B0GTVH61CT, B0GTVM4LGR, B0H98SYXH7, B0H98SM4CR, B0H98TT3QW, B0H98WWM9S, B0H98GDL5F, B0H98RR8YZ, B0GTV9SRS1, B0H98QKFFN, B0GTVL5GGV, B0GTVKWBHD, B0GTVRGFW6, B0GTVH57WV, B0H98GLWTC]",amzn1.campaign.1PPEJIUFJL6CK,Earn high commissions——Experience fashion style with Hathne!0028,hathne,2026-09-01,2027-03-02,16.57%,5000.0,5000.0,161,800,false
"[B0GQS3N6FG, B0GQS2GRTS, B0GQS5FS87, B0GQSJYD6L, B0GQRSTN49]",amzn1.campaign.337NQQZS6MRQI,红色破洞牛仔裤+9.2,Arkordi,2026-09-04,2027-01-05,14.00%,5000.0,5000.0,165,800,false
[B0HH946PZP],amzn1.campaign.3A1R9RXW2LAGX,Skin-Soft Silicone,Luckyrao,2026-09-04,2027-09-01,20.00%,5000.0,4994.0,130,800,false
[B0H4GZYM78],amzn1.campaign.RUFWIPQKB9D9,WH23X10040 DP040-064 Washer Drain Pump - 18% Commission,Alinwirsy,2026-09-04,2027-04-30,18.00%,5000.0,5000.0,141,800,false
"[B0H98T1FFY, B0GTVN5G74, B0GTVCQW13, B0GTVH61CT, B0GTVM4LGR, B0H98SYXH7, B0H98SM4CR, B0H98TT3QW, B0H98WWM9S, B0H98GDL5F, B0H98RR8YZ, B0GTV9SRS1, B0H98QKFFN, B0GTVL5GGV, B0GTVKWBHD, B0GTVRGFW6, B0GTVH57WV, B0H98GLWTC]",amzn1.campaign.31XD9FD5JV98N,Earn high commissions——Experience fashion style with Hathne!0028,hathne,2026-09-01,2027-03-02,16.56%,5000.0,5000.0,162,800,false
"[B0H7JB5CD2, B0H73WLX36, B0H73MVGLQ, B0H73P53CX, B0H73RWS6K]",amzn1.campaign.1P3JV6EJWXZZE,10% Commission – 3.3FT to 65.6FT Borescope Camera,Binazon,2026-09-04,2027-01-29,10.00%,5000.0,5000.0,143,800,false
"[B0H6S6X2F9, B0H6S7FYNQ, B0H6S7SXCZ, B0H6S8QS64, B0H6SGJWQP, B0H6S8PRH2, B0H6S7CC7T, B0H6S8BT1P, B0H6S55YWW, B0H6SBJ5ZF, B0H6S6SR1N, B0H6S9MSY3, B0H6S9536L, B0H6SCH95G, B0H6SDTG5X, B0H6S9MSY5, B0H6S2Y7FP, B0H6S83RDS, B0H6SCV7H5, B0H6SB92WF, B0H6S9DMJ2, B0H6SBCCRX, B0H6SBCGDG, B0H6SF546H, B0H6SCV7H8, B0H6SBFRB9, B0H6SBDR1C, B0H6S53BX4, B0H6S8XQLS, B0H6S6B67N, B0H6SDKPRF, B0H6S6P1JP, B0H6S7XZZC, B0H6S5JYZZ, B0H6S4LXBK, B0H6S8WJDD, B0H6S9KT2V, B0H6S9BZTL, B0H6S8WJDF, B0H6S7855K]",amzn1.campaign.2BDHX7NCDR2CB,Men's Long Sleeve Golf Polo Shirts Moisture Wicking Quick Dry 4-Way Stretch 10%,ASYJUMPD,2026-09-04,2026-11-30,10.00%,5000.0,4988.5,123,800,false
[B0HGLZFFWT],amzn1.campaign.2AUTV2KCH3IMF,This 2-in-1 mini curling iron is a great choice for travelers-12% commission,VAV,2026-09-04,2026-10-04,12.00%,5000.0,4890.46,108,800,false
"[B0DFPX232D, B0DFPZLWF3]",amzn1.campaign.2YNAFHFO7NCBA,🍁Cozy Up to Savings🍁 - Earn 10% Commission Promoting Magnetic Chalk Board,WALGLASS,2026-09-04,2026-10-31,10.00%,5000.0,4991.93,132,800,false
"[B0H2D7V377, B0H2D97VYJ, B0H2DDTMMP, B0H2DHJ71D, B0H2DCMNCK, B0H2D8YHKX, B0H2DFK9T3, B0HGB3P7C5, B0H2DHKLN3, B0H2D85ZPX, B0H2DF3634, B0H2DCD5GY, B0H2D9NZ72, B0H2DF869Y, B0H2D9M72Q, B0H2DH3BPD, B0H2D66QC9, B0H2DCD5H1, B0H2DGR77G, B0H2DGQLSF, B0H2DK8391, B0H2DKGC9T, B0H2D92CSN, B0H2DHVRW5, B0H2DJ4N3P, B0H2DHQWS8, B0H2D9JCMT, B0H2DDC8QH, B0H2DCF2QG, B0H2D8SM63, B0H2DC1RW7, B0H2DDZPVG, B0H2DG5WPY, B0H2D41RN5, B0H2D91RGC, B0H2DD2L75]",amzn1.campaign.10QYGY6N5WZV7,"!👠 Office & Date Night - Minimalist Gold Buckle Belt,6 Colors,10% Comm",XZQTIVE,2026-09-04,2026-12-31,10.00%,5000.0,5000.0,139,800,false
"[B0FV8TC9DM, B0GQZFK9HP, B0F1KPZWXG]",amzn1.campaign.36AN1TTGJ7KR,Smell Proof Bag - Sep - C6,Staze,2026-09-04,2027-08-30,15.00%,10000.0,10000.0,144,800,false
[B0H9KKNX57],amzn1.campaign.38N55VMCK3UXK,Jewelry Glue B7000 Glue,Amzuboca,2026-09-04,2027-09-04,10.00%,5000.0,4996.26,129,800,false
"[B0HD76XK81, B0HD7649BY, B0HD7284HF, B0HD74SN47, B0HD76RVWN]",amzn1.campaign.26PP97TMAVQE3,⭐ 5-STAR + 200+ SOLD! 10% BEST DEAL – Garvee Farmhouse Table #Eva,Garvee,2026-09-04,2026-11-30,10.00%,10000.0,9964.5,135,800,false
"[B0GKD1Z4J2, B0GKCV5VWV, B0GKD8BF6Y, B0GKCMKSK1, B0GKDBC5DD, B0GKCXXDPD, B0GKDBTFRG, B0GKDJGP8K, B0GKDBVRL3, B0GKDL91BR, B0GKD1DN33]",amzn1.campaign.BFD19EGUZY7I,hot  hot  Compression Shirt Mens Tank Top Undershirt Body Shaper,Muscle Killer,2026-09-04,2027-01-01,15.00%,5000.0,4991.45,130,800,false
"[B0F47MFMY2, B0GRYR6Y2P, B0GJ5TCFFG, B0F47J29NV, B0GJ55287V, B0F47WCRWH, B0F47QH97X, B0GJ54WW3B, B0F47PRXGP, B0F47MR4XC, B0F47JG9Q1, B0F47HZQ71, B0GJ5P5DS6, B0GJ5MFTBJ, B0GJ5LYFJ7, B0GRYMK2B3, B0GJ5NKZ81, B0GJ5HCPN7, B0GJ5MF7M4, B0GJ5FHH4V, B0GJ63LN1K, B0GRZ5QM84, B0GJ5NMT5W, B0GRYY9GR9, B0GJ5NDZ8Q, B0F47N3CXY, B0GJ5KX443, B0GJ59ZKND, B0GJ54W1TN, B0F47Q5CZ2, B0GRY6SV73, B0GJ5PGFD5, B0F47ND3PJ, B0GJ5TTD2K, B0GRYR3KH5, B0F47MF6GZ, B0F47J9HK8, B0GJ5MHYCG, B0GJ5L5ZG1, B0GJ5MJNGX, B0F47RH4TC, B0GRYR3BJF, B0GJ5GG6Y9, B0GJ5P5492, B0GJ54Z67Z, B0GJ5P2W2D, B0GJ54BPRZ, B0F47QGJ5N, B0GJ5LH3LR, B0GJ5HMLPY, B0GJ5JBPDJ, B0GJ5SVFQC, B0F47G9XD1, B0GJ5SVPSW, B0GJ5GWKF2, B0GJ5RVQMK, B0F47PSFCF, B0F47Q2JZ5, B0GRZ3ZDJ6, B0GRZ93VJY, B0F47S613S, B0F47MVG6J, B0F47MV92Q, B0GJ5KZSWD, B0GJ5KLYWW, B0F47Q78WT, B0GJ5HLP4K, B0F47PB6QQ, B0F47MZKG2, B0GJ5B3R7T, B0F47LRWK1, B0F47MXCYC, B0GJ5MYW94, B0F47HNBSB, B0GRY6HB1Q, B0GJ65KB3D, B0F47SMQBN, B0GJ5MJS2V, B0F47QJ3ZJ, B0F47MXNXN, B0GRYTV5J2, B0GJ5HCWB6, B0GJ5XHV14, B0GJ68CC3S, B0GJ5GD7QN, B0GJ5N77XX, B0GJ5QK7SY, B0F47PDJRF, B0GJ5F822T, B0F47PRC9H, B0F47MNBQZ, B0GRYVFLDS, B0F47HW3X7, B0F47Y7NTM, B0GJ59W8M4, B0GRYMJ8B1]",amzn1.campaign.105VH984I7IH0,250371,Ruiee,2026-09-04,2026-11-30,10.00%,5000.0,4862.12,122,800,false
"[B0H7JB5CD2, B0H73WLX36, B0H73MVGLQ, B0H73P53CX, B0H73RWS6K]",amzn1.campaign.31U2AATO7SC7U,10% Commission – Endoscope Camera with 5 Cable Length Options,Binazon,2026-09-04,2027-01-30,10.00%,5000.0,5000.0,144,800,false
"[B0FV8TC9DM, B0GQZFK9HP, B0F1KPZWXG]",amzn1.campaign.278S7721NWWE7,Smell Proof Bag - Sep - C5,Staze,2026-09-04,2027-08-31,15.00%,10000.0,10000.0,143,800,false
"[B0H718T91C, B0H716KN8P, B0H718JS1L, B0H71FLGXQ]",amzn1.campaign.2M2BV6WIITKEQ,Gold Cable Cuff Bracelet with Cute Lemon Charm Fruit Jewelry Promotion,CNYTPE,2026-09-04,2026-10-20,20.00%,5000.0,5000.0,118,800,false
"[B0D6W6JTDQ, B0D7ZWFZV1, B0D7HB7Q6H, B0D7ZT4WWJ, B0D6YZYYS8, B0D8VMJ28Q, B0D83P42X3, B0D7HPJL1G, B0D7H8TBXK, B0D8J5NHFS, B0DB86QJLW, B0D8VVFSMX, B0D8322LL7, B0D7PYBRBM, B0D8V6Y947, B0D7GXZ622, B0D7HBNDY6, B0D7M7ZPGN, B0D9XN9QJH, B0D81PP47C, B0D9LMBGP5, B0D7M7BCW2, B0D6W6N488, B0D7H9PKXM, B0D7M7P86M, B0D7HCGHYK, B0GC7BZ5KC, B0D7HB9NJV, B0D7HC1SPH, B0D7H93ZLQ, B0D7HB99CM, B0D8VQFRSV, B0D8SG7WGN, B0D8VSJPLV, B0DFM5DH3K, B0GC7N59WK, B0D7PVZSNS, B0DB1B691N, B0DGLL2WQN, B0D8YL33VB, B0D7H6DNXZ, B0DGLKW9DK, B0D6YZFL3D, B0D8VR6KZT, B0D95RVCYB, B0D7H31JX8, B0D8BBP95H, B0D7H7DLYD, B0D8VRFQ6F, B0D9XZLRLJ, B0DGLN56V2, B0D8BGFL1L, B0D8SRP7N2, B0D7PVCTTL, B0D9XM27FS, B0D9LMFXCG, B0D7H8S5DT, B0D7HJS41S, B0D6FM3T69, B0D7YV3F48, B0D7HBP63N, B0D6FFTB1M, B0D6W62L7W, B0D7PXGW5M, B0D7BNWN64, B0D9GZWP4F, B0D9XVN3RJ, B0D8SHMRZK, B0D6Z2GWYL, B0D815RZB1, B0DF27LHB1, B0DBPWFCFM, B0DBPZKFC8, B0D8BFG6ZF, B0D87B9Y6N, B0D9XWMYC2, B0D8VR2194, B0D7H9PJ9R, B0D7HFB5LP, B0D7H93TDF, B0D8VSBBNH, B0D83333XX, B0D7PPBM62, B0DBQ1BZ68, B0D8L94TH7, B0D9XNCTV6, B0D82Z6P1C, B0GC7KZZYK, B0D8VR5X9V, B0DBQ3949S, B0D6G1SBLD, B0D6G17ZML, B0DFM5NWP8, B0D7H7VDVX, B0D81PD9J7, B0D9NJRK2V, B0D824T3YT, B0D9NMR5Q8, B0D87D9RTH, B0D7BTSLX7, B0D9XXV5QL, B0D9XXCMKC, B0D7HDNMNG, B0D8BHC5LX, B0D81Q31RK, B0D8VTZYVV, B0D7YV462J, B0D8RZ9Q6X, B0D7H9G716, B0D9Y4CWM7, B0D6YZ4ZHB, B0D9GZD9BW, B0D82WSDZQ, B0DBQ14TS6, B0D8J51TXL, B0DBQ2JHN2, B0DB1CJTZJ, B0D8VPC5YJ, B0D8SF5NMK, B0D7HFGT6R, B0D8L7KLZ3, B0D6W539G6, B0GC7G95ZD, B0D6W99RXL, B0D9Y1TVF1, B0D87BV54T, B0D8VS3WX7, B0DBQ312Q8, B0D8SHFVS4, B0DF1TYCK8, B0D7HQPMQ1, B0D81QGXD4, B0D9GZT2YB, B0D7H7KBG8, B0D6GDNDC6, B0D8VTD5FP, B0DGLK6S2W, B0D81QC6MD, B0DGLMFSJR, B0D8VTBHR7, B0DBQ13686, B0D7CR9FLN, B0D8SHCC8L, B0D8VPSVHL, B0D7HFDHG1, B0D7H8FLNG, B0D7H7L8R3, B0D7H94PQ8, B0D7H8FLN8, B0D7H7KBGL, B0DBQ148XT, B0D7M7QTCW, B0D8SFT5CB, B0D7H8HQ38, B0D8VS3WX4, B0D7H7L8RL, B0D8J6N2W7, B0D6FZJCX4, B0DBQ29P1X, B0D8L5BLL9, B0D7H5Y8LQ, B0D6G739RC, B0DBPY7YGL, B0D7H2RX5C, B0D6W6843T, B0D7B41RBZ, B0D6W4YYSH, B0D8VQR1HK, B0D7HP59PX, B0D8VS4VQY, B0GC5LBGXS, B0D7PQBDND, B0D9XXDH8Q, B0DBQ4CHLR, B0D7PSGH1L, B0D6W6MNCY, B0GC6KRNFR, B0D7PVTGX1, B0D8SBDQYQ, B0D82Z8QXN, B0D6FLFD1Y, B0D7PVNNW3, B0D7HP9PYS, B0DBQ1V6FP, B0DDGZM9VW, B0D8PXS1TP, B0D8321X9Y, B0D8VRCMTV, B0D6W4ST3W, B0D6W6C1GL, B0DFM36SQS, B0D7MKRN6Q, B0DF28M7ZL, B0D9H1RMSR, B0DFM46STM, B0D81PPVG4, B0D7HJN7P3, B0D6FYV1FK, B0D9Y116LB, B0D6W6ZGNG, B0D7HPJ6RH, B0D8VRG5ZY, B0D8Q2NRGM, B0D9H13KPD, B0D8VTV664, B0GC793381, B0D8VQ7M1Q, B0DB1B14BR, B0GC76LDFJ, B0D6W8W259, B0D8PYHSZH, B0D7HC2GM2, B0D7HC2GLN, B0D8J2TXF6, B0D9Y1TVDY, B0D8L82VW2, B0D9XZNB2R, B0D8PYWBJ8, B0D8VTV5T3, B0GC5WQX85, B0D9Y2C35P, B0D9XZMT8W, B0D8BBXXG4, B0D7PVHQL6, B0D9H1ZK9C, B0D7H2QCKD, B0D81Q9JYH, B0D6W83HMP, B0DGLLL13L, B0D9XSFF4K, B0D6G6VSDD, B0D83DGYG7, B0D9XWQPZP, B0D9XZBYDZ, B0DDH4RL9X, B0DGLHDC4G, B0D7ZX794N, B0D7H7WMPD, B0D8VV3PP9, B0GC6GB84X, B0D8VRBZDS, B0D6W5T6XR, B0D7H661V6, B0D95RQ7BC, B0D7H98GHZ, B0D8J5CXX4, B0D9XKPXXN, B0D8PZ8LX6, B0D7PV6W3D, B0DF27K813, B0D8T2Q4NY, B0DB84ZZ9Q, B0D6FX5MHK, B0D7MCZ2T4, B0D8VTWDD6, B0D8V6Y1W9, B0GC6BPBHV, B0D7H9Z2YS, B0D8VRZC19, B0D836HQWT, B0D95R9JNY, B0D6W6DL4Z, B0D8L54JY3, B0DGLK3NH3, B0D6W86BT2, B0D9XYYC2V, B0D6W9TYLH, B0D9XYYC2Z, B0FP5CLBF1, B0GC75FT6R, B0D6W6NYTM, B0D6W674PN, B0D6FSPX4W, B0D9XZW1ZC, B0D7HF4VHT, B0D81Q3LQZ, B0DFM6J6XC, B0D7H81BQ8, B0D8J6Z9WK, B0DGLLLG45, B0D8VSTJ32, B0D8BC42N3, B0D8L6BKVZ, B0D7HQMBMN, B0D9H147HS, B0D6W5ZP9L, B0D7HK6DYP, B0D7HBLSML, B0D9XQHCC4, B0D6FFDXCT, B0D7H5SGBY, B0D95RNN4D, B0D6W5XMV2, B0D7HFDVXJ, B0D7PRHPBL, B0D7HCDTFJ, B0GC7TFWLP, B0D95R5QDT, B0D7M88SC1, B0D7YV2L2K, B0D7PVTQSL, B0D9XY9D5R, B0D8YLRV1N, B0DDH471QX, B0D7H66QPT, B0D95QG64N, B0D7H82CR2, B0GC75GRVK, B0D6W94ZK1, B0DBPZMM9V, B0D7H6CT92, B0D8VT2DW5, B0D7H6CT93, B0D834SW41, B0D7HBM916, B0D7HC8BF1, B0D8VTKKZ1, B0DBQ1T76R, B0D7MHKV83, B0D8VRYRW5, B0DBQ1T76Q, B0D7PVG6BR, B0D7MK29TT, B0D8J4B87X, B0D7PW1MVF, B0D6W94ZL1, B0D7H7YXCZ, B0D8VS3XVW, B0D6W5W1BW, B0D6GDLL7G, B0D7BWW6YY, B0D8J6YVXC, B0D6FGGW8V, B0D7H5Y9SP, B0D8VS3XSY, B0D7H94S1W, B0D6FQT5BW, B0D7H7DYF9, B0D8SWCLCY, B0D7MGHRYT, B0D7PQWMNM, B0D8PVY4V8, B0D8VR32DX, B0D7HB5H9J, B0D6W5GQ1D, B0D7HMNQVV, B0D8VN545R, B0D7H7DYFK, B0DGLHQ3SV, B0D8Q1QQ17, B0D8BGVQXB, B0D9NM14B2, B0D8V6XLH3, B0D8L5YS95, B0D8VT2V6C, B0D7PRYKG7, B0D6G3XLGB, B0D81QP3QT, B0D82R4GHQ, B0D8VTGRGL, B0DDH52T57, B0D8VRJ2WD, B0DFM4LL9M, B0D9GZSVQT, B0D7H9TYR9, B0D8BFQG8X, B0D8SK4ZNK, B0D8PVPN94, B0D8SJB32Z, B0D9NM962R, B0D7H93DJB, B0D6W4Y36X, B0D6W3WQ2D, B0D8VRZHRJ, B0D7ZTHJKL, B0D9XTVPW5, B0D6W6SBMX, B0D7H6DKYD, B0D6W59KJ4, B0D8Q12PKF, B0DFM49PZ5, B0DBPXR3ZF, B0D7HB6Z2F, B0D7H7RNZ3, B0D7YV642D, B0D7M1ZNT8, B0DBQ2CWQM, B0D6W4YJCM, B0D8VQNPBS, B0DFM4D7GT, B0D7PS4CNV, B0D6W7DVDV, B0D7H9TZ54, B0D7M836WB, B0D9H1RCTY, B0GC5XQHQ5, B0D8SBPMX2, B0DDH4BGJ2, B0D6FQTHM5, B0D8VRM9YY, B0D8BFXN38, B0D6W5QV9L, B0D8SF2FZ7, B0D8VQKFVG, B0D6FZNLMP, B0D7PVGP7S, B0D9XBH2D9, B0D8V6X6YS, B0D6FP6C83, B0DBPZXMHW, B0D6W65968, B0DFM4WZS6, B0D6G1KS7R, B0D8VS18P2, B0D7HNWL9J, B0D7PRPKF7, B0D7HC5XXB, B0D7HBJ62B, B0D8VR8F27, B0DF2F3YQY, B0DBPXDK7G, B0D7HM8GM6, B0D8VR9V3M, B0D81QHY7P, B0DBQ2SKLJ, B0DBPZCTMP, B0D7HF6C31, B0D8L6NM94, B0D7H5VRX5, B0D7HDLG21, B0D6W6QT2M, B0D7BH8YMC, B0DFM3PDV3, B0D8VT2G2K, B0D9H2MKRX, B0FP5CH3G7, B0D7H32N1K, B0D7HB9BVZ, B0D7ZWSZ2N, B0D7H6DGV2, B0D7PTF9MS, B0D8VSNPNC, B0DGLKMXLB, B0D6W5HDJD, B0D6FWBWVC, B0D6W85TR1, B0D7H4KPP9, B0D8VSN2QR, B0FP5C2FNY, B0D7PWWLFN, B0D8L8JKHW, B0D9XZ1QV6, B0D8SHJ669, B0DFM69LR1, B0DB1C6RCC, B0D6W5P2R8, B0D8VRW33J, B0DGLJDR56, B0D7HMKQFN, B0DFM5124V, B0D8VRXDS4, B0D7HDR36V, B0D7M8TJ91, B0D8SBV3W4, B0D81RPXD9, B0D6G7JPPF, B0FP5C2FP2, B0D7HMGDYN, B0D7H354SX, B0D7HMKQFR, B0D7H8GQJK, B0D7H6NG92, B0D8J6F3DB, B0D7M5DQKH, B0D7ZWYS5V, B0D8V6W43R, B0D7PP3Z5P, B0D7BCB5XZ, B0D6G1XPPK, B0D7CTYMKV, B0D9XCHXNY, B0DFM2R1DY, B0D6G1W3ZN, B0D9XYCN7B, B0GC73J5XH, B0DGLNMSD3, B0D8L4ZDGT, B0D7H9XGZN, B0D7HBD1QX, B0D7PQ8JN3, B0D7H4HDN4, B0D8PZBKFZ, B0D6W5HZ1J, B0DGLL7PWD, B0D6W68LK5, B0D7HF5LD7, B0D8VVGJZ1, B0D7H9XGYX, B0D8Q1SXC6, B0D9Y5BT18, B0D7HQQT2H, B0D8VRW1GL, B0D7HB84ZC, B0D9GZZ1LW, B0D7H5XZM9, B0D9XX6NZ9, B0D8VPR8YL, B0D7H87H9T, B0D6W7GVX2, B0D7HQHWQK, B0D8VTDPBV, B0GC78G45W, B0D9H2MGVZ, B0D7PNR4FK, B0D95PM63T, B0D8VVGJZJ, B0DFM69KC2, B0DBQ2PSJK, B0D7ZWLYBJ, B0D6W7PS6L, B0DDH4ZNYJ, B0DB1BYPX4, B0D8SRL6XX, B0D8PWJ796, B0D9XS7G5F, B0D7HK13VX, B0D7H7XVPQ, B0DF2HD33G, B0D8SHNPZV, B0D9H2WWZ3, B0DB1CJ7VM, B0D7H6FQXZ, B0D7PXJY76, B0D7BYRN3H, B0D7H4LHGV, B0D6FSHLFD, B0D7H93NVP, B0D8VR9L38, B0D6FP2H64, B0D8VV9PPW, B0D7H6FQYG, B0D9XRWJ6G, B0D8BCXLF6, B0D8VQ9ZJX, B0D7BNZDZ2, B0D7PVRDGP, B0D6W8WWL5, B0D7H33VJ8, B0D8Q1N1GV, B0D8BC4ZN1, B0D7H33VJ3, B0D7PY5V4C, B0D9XZTTY9, B0DFM6DV9K, B0D7HHQ8WM, B0D6FSVJYG, B0D9GZYJCY, B0D6W5MC1H, B0D8VRX72P, B0GC7H33YC, B0D8L8P797, B0D9LMK9W3, B0D8VRNDJH, B0D8L48J3L, B0D7BYFFBF, B0D7HJMDC9, B0D9XZL3PZ, B0D7H68YJN, B0D8VPHFWL, B0D7HJQTXN, B0D8VSFVJT, B0DBPZGCHL, B0D9XB8XB6, B0D8VRNDL1, B0D8VTP1FW, B0D7H6XZX3, B0D83KQDQX, B0D81QDMSW, B0D9XZPYQ9, B0D8VPFC64, B0D8VQVXW8, B0D9XZMRKV, B0D9H1LYV8, B0GC5WPYWM, B0D6FM1S9N, B0DBQ1JSQK, B0D6W756FQ, B0D8VRSBXW, B0D81QDMTD, B0D9Y1W8G6, B0D8VN7ZHW, B0D7PVD4XX, B0D7HJMNYT, B0D7H73Q81, B0D8VPSWVY, B0D8V6XGMQ, B0D7ZS6ZTY, B0D8V6XCF2, B0D7H5SSHL, B0D8Q1BRBG, B0D7HB8B47, B0D6W7VVCG, B0D8VSL1N2, B0D8VRPPZQ, B0D7HHC1HH, B0D8BG1R6R, B0DBQ35LVJ, B0D81PPRWW, B0D8V6WX18, B0D8YK56VT, B0D8BG5649, B0D6W5ZG45, B0D8VRX724, B0DF2BNJHQ, B0D6FW69J5, B0DBPZBZGG, B0D7H2Y4NC, B0DBQ1MCFY, B0D8L7WTYK, B0D9XYY9V1, B0D7HFF8DC, B0D8VQTS12, B0DFM29YG1, B0D6FMD8J2, B0D8VRX719, B0D7HFF8DN, B0D7H2XSN7, B0DGLKXCXT, B0D7H56QHK, B0D8Q25522, B0D7M7BSMH, B0D6YWXJS3, B0DGLLGWM4, B0D8BFX86D, B0D7HBPVNT, B0D9Y1T7HQ, B0D9H165ZF, B0GC6DJFT4, B0D8VMTKDQ, B0D9XYDCGZ, B0D7H7S7XK, B0D83232N2, B0D6GD8MWX, B0D7HBD5RD, B0D8SFR4D6, B0D9Y1YSQD, B0D7H9V4RN, B0D95QMWRH, B0D7M55JXM, B0D6G42LQK, B0D7ZTW6F1, B0D6FX1NNC, B0D7M847DM, B0D8VQB1YZ, B0D7H696N3, B0D6W65ML5, B0D6W7N58Y, B0D7H687RF, B0D6FKVN3V, B0DB19Y3NX, B0D6W59JYH, B0D8VT8M7K, B0D8STHWS8, B0DBQ1QGTX, B0D6W769HX, B0D6W78LHD, B0D8VSK8RQ, B0D8L5D3VV, B0D8VR178M, B0D6W6KZFX, B0D6FLVL4P, B0D7H4QQSC, B0D6W5HPYD, B0D7H9D2F9, B0DFM4DSN8, B0D8VTDP9Z, B0D7PTP624, B0D8V6XTBQ, B0GC79NJ95, B0D8L8F8CY, B0D9XH4LQ9, B0DGLLB6WY, B0D7HC8NL3, B0D9XHZX68, B0DDH4ZDN5, B0D89ZN33D, B0D8PYKFRT, B0D9X8G8Y4, B0D6W8NNLV, B0D9XXZRCC, B0D7HP5XMQ, B0DBPZTTRN, B0D8J5NMH7, B0D8PHQK5P, B0D8Q22P3R, B0DB86FR16, B0DGLLRWPQ, B0D8322DQ5, B0D8VS3594, B0D8VSCFKS, B0D8VSKRKT, B0D8L65XJ9, B0D7HF4HSW, B0D7PPVF3P, B0D8BFGGC5, B0D7HBF5GY, B0D7HHCDGP, B0GC72QTGL, B0D7M7PMT7, B0DFM351PG, B0D8VSXL99, B0D9XY9VS4, B0D7GXYX2W, B0GC68KK1Z, B0D7H9C1H4, B0D7H6D8GK, B0D9H2ZXVB, B0D7BK5YT4, B0D7HC75X9, B0D81QJ47T, B0D8J5GDPZ, B0D7HF91XL, B0D6W6N964, B0D81QCHX4, B0DBP4RWV6, B0D8VSCFJ2, B0D83CN5YF, B0D7HC6RW9, B0D6FFCVG3, B0D9H1PFLN, B0D7H6FSXS, B0D7H66G23, B0D95RKSN9, B0D9H1N7VJ, B0D8VRTPGF, B0D7HPH424, B0D8VR45PW, B0DBQ17VF3, B0D8VTMZWC, B0D8VRGJB9, B0D8PTR3JX, B0DGLJN9WW, B0DBQ28P9G, B0D95RDJPC, B0D7H31RKY, B0D7M69HMQ, B0D9XZF74F, B0DBQ1KKTJ, B0D7H36FDX, B0D834RD69, B0D6W59HK7, B0D7HBMZ6S, B0D6W79WQG, B0D8PZY8MZ, B0D7HJZSG9, B0D8VNC9P7, B0D8BF37K8, B0D9XFDQWC, B0D8VTBHJL, B0D6FWB71K, B0D8PZ5G68, B0D9XY8RQY, B0D8BF2GMW, B0D8VR9VZ7, B0D95RQZG6, B0D7BYKM44, B0D8J75NV4, B0DFM4JJSY, B0GC6GBH42, B0D87C46YX, B0D9GZ17C2, B0D6FMDMHN, B0D8VQXNFL, B0D8VR2ZS3, B0D7H7F5TY, B0D95PRF29, B0D7H7GVSS, B0DBQ2VHST, B0DFM77VT7, B0D7ZTD523, B0D7PPMQK4, B0D7M7LGR9, B0D8J71DJW, B0D7H2TG4J, B0D7PXT7GH, B0D9H1T7PN, B0DBQ1RMFB, B0D7HPL81P, B0DDH4P443, B0D7PTCNQB, B0GC66MP96, B0D6W7XX6Q, B0D7H7GVSV, B0D7HQP7P6, B0D8PBGXXV, B0D9XZV6GH, B0D8VSY3VM, B0D7H73RGR, B0D8J5KB78, B0D8L6YP77, B0D9XSQQFC, B0D8BFQXNV, B0D8SGZJPK, B0D6W5L6L1, B0D8SJR6N4, B0D815N5SZ, B0D9H2Q6TY, B0D8J56MJR, B0D7H6743R, B0D7M54J6X, B0D8VRG62G, B0DB1CSJXY, B0D7H9J3Q1, B0D8VRCP24, B0D7CR9R96, B0D8VSBWHP, B0DFM69XP9, B0D8VSLKR8, B0D7H93CRQ, B0D7M4WZK1, B0D7ZSTM4S, B0D8BF2VGG, B0D8L6QTXR, B0D7HCFPXD, B0D7H9YM5N, B0D8YM3TN6, B0D7PQT4BQ, B0D7ZWZPSH, B0D6W69FG1, B0D9XYCQ2X, B0D8L6RBNR, B0DFM1R1XG, B0D8VPVRTF, B0D95RM8JB, B0D7H81D94, B0GC6Y1W11, B0D9XJSKVT, B0DFM3V1V8, B0D9GZP9NX, B0D6YY3PC6, B0DFM4M25X, B0D8PYLCFN, B0D7PSFDTN, B0D8BF3HK1, B0D9XXKF4N, B0D9XZQ22K, B0D7H94SQF, B0D6W9Z846, B0D6W5Q138, B0D7H34TNG, B0D8L9BJZK, B0D8L5XHFP, B0D8VV2RVH, B0D7CQ729K, B0DGLMX3P5, B0D7ZXGR4X, B0D7HNXN5X, B0D8VPQKWC, B0D9Y11L17, B0D9H1R1FN, B0DBQ13MWD, B0D9Y1LH1H, B0DBQ2MK9Y, B0D7HDMBHV, B0GC6NKYB9, B0D8VRZY3K, B0D9H1Z2ZP, B0D7H9Q5SX, B0D9XFB8TC, B0D8VQC5MH, B0DBQ13MWM, B0DBQ1WXS2, B0D7H8R93N, B0D9XYDP17, B0D828MPMK, B0D7HHPVJ7, B0D8SBT7B9, B0D8SD5M1Y, B0D7H8SYQ9, B0DBQ1RBVY, B0D8BG4TMX, B0D7ZSBXTR, B0D8L6Q9LV, B0D8BGXLR7, B0D6FL2HJJ, B0GC7GGZJV, B0GC77GGLX, B0D7HHPVJQ, B0D7H9CNM7, B0D6W4ZD3Y, B0D8BFKM6N, B0D8VRTB8Y, B0D7HCGMJS, B0D6W6T5PZ, B0D816QD89, B0DGLLWMY3, B0D9XK3HCX, B0D83J4YQR, B0D7HDPKPB, B0D818W743, B0D8VRNDLR, B0D8SKFJWK, B0GC6SK1H4, B0D7ZXXWHT, B0D83PCT2V, B0D7ZSYHMV, B0D6W8C6LZ, B0DBQ2SQ5M, B0DGLKBYHR, B0GC5WZZTY, B0D9XPQ9HC, B0D8BG26YS, B0D6W7VX3M, B0D7H325BM, B0D7PQ2JYF, B0D6FNNGPH, B0DGLLLJ21, B0D8BFZRVB, B0D6FHWL2Q, B0D7HHCPQB, B0D8VS5RX2, B0D6FM8VTS, B0D7ZV87ZY, B0D6W5BJMR, B0D7H8SYQK, B0D7BWR5SC, B0D7H93Y3K, B0D7ZZYRBQ, B0D8SHF5CY, B0D9LM4HRD, B0D7PVJQQY, B0D7M4P5HJ, B0D7H93Y3W, B0D9H1K852, B0D8BFRJXW, B0D6FT4FX5, B0D7HK2HXM, B0D6FT4FWV, B0D9H1GDQP, B0GC6Z6WMV, B0D81QY2Z7, B0DBPZNFRB, B0DF27SSK5, B0D95RVZM4, B0D6G7C5QY, B0D8VQ6R11, B0D8VTVNWC, B0D8BDVHFX, B0DBQ1D9XQ, B0D7HMN7MF, B0D6W864NZ, B0D8BFN3X3, B0D7PW2J4M, B0D8VS7RX2, B0D82SCPMX, B0D834SM7N, B0D8BDVHF7, B0D9XBLD9G, B0D8VR2GLQ, B0D8BDVHF2, B0D7H28L8M, B0DB86T16X, B0D7H5FFND, B0D7HCZJKX, B0D7PTWBLK, B0D7HHSFFQ, B0D6YX18QY, B0D95Q1714, B0D6FRHSJT, B0DGLLBSG8, B0D7H68TWG, B0D7ZTN637, B0D8VR2KQB, B0D7H6CPK5, B0D8VR3JKV, B0D8VQKCSV, B0D8VSHVK5, B0D95QTP91, B0D9H2HVXJ, B0D6YYS9NV, B0D8L59JNY, B0D8VRQCFP, B0D9XYWLY1, B0D8VSZ4QG, B0D7M3PSBZ, B0D8L7RKN1, B0D8VRYX7N, B0D7ZTKS4N, B0D7HP1SCS]",amzn1.campaign.KZIWE34HQODH,Top Home Decor | Erosebridal 100K+ Styles | 15% Commission 50,Erosebridal,2026-09-04,2027-09-04,15.00%,10000.0,10000.0,132,800,false
"[B0FKB3GY1T, B0FK9YFVNP, B0FK9TTRY1, B0FK9SBGZW, B0FK9JND93, B0FK9XF5WD, B0FK9P9LCN, B0FK9JRCLF, B0FK9RY4NG, B0FK9HWMDR, B0FKB48YRV, B0FK97HK5Z]",amzn1.campaign.35K3WCK11PMY4,10% High Commission + Wrinkle-free Business Casual Knit Sweater #RMA055,RUMIA,2026-09-04,2026-11-30,10.00%,6666.0,6618.37,99,800,false
[B0GQZPSX77],amzn1.campaign.368Q0GYF6AV80,"Pantry Moth Traps | No-Spray Sticky Catcher for Kitchen, Closet & Food Storage",Mysora,2026-09-04,2026-10-04,10.00%,5000.0,4998.6,127,800,false
"[B0H98T1FFY, B0GTVN5G74, B0GTVCQW13, B0GTVH61CT, B0GTVM4LGR, B0H98SYXH7, B0H98SM4CR, B0H98TT3QW, B0H98WWM9S, B0H98GDL5F, B0H98RR8YZ, B0GTV9SRS1, B0H98QKFFN, B0GTVL5GGV, B0GTVKWBHD, B0GTVRGFW6, B0GTVH57WV, B0H98GLWTC]",amzn1.campaign.XQGFAZFOE26B,Earn high commissions——Experience fashion style with Hathne!0028,hathne,2026-09-01,2027-03-02,16.54%,5000.0,5000.0,162,800,false
"[B0GXD7HHJF, B0GXCW1MDH, B0GXDJ83XH, B0GXDB3QFG, B0GXD17WL1, B0GXDMB6N4, B0GXDFPV65, B0GXDH59P9, B0GXDFTPFL, B0GXCYBX3X, B0GXD3MZ14, B0GXD16DZ6, B0GXDFW446, B0GXD6SZ6M, B0GXD3TYW5, B0GXDLQNKX, B0GXD9V3K5, B0GXDCP5PC, B0GXD1DHSH, B0GXD33YQ7, B0GXDB9RQV, B0GXDB866V, B0GXCWLWP6, B0GXD6DDG8, B0GXD9MVB5, B0GXDKBTJK, B0GXD1D17H, B0GXDDCNYK, B0GXD9KRYL, B0GXDJBGPX, B0GXDL7YZ9, B0GXD1B4HZ, B0GXDFJR94, B0GXD5MRP7, B0GXDJ1CG5, B0GXD3JZKJ, B0GXD9MVBK, B0GXDGGMY5, B0GXD9Q15C, B0GXD1Q79V, B0GXDJ5XHC, B0GXDKFY73, B0GXDK2D9F, B0GXDG7B8F, B0GXD69J25, B0GXDV64QF, B0GXD9HRND]",amzn1.campaign.1AYM7184KC5S9,10% Commission For BTFBM Twist Front Babydoll Tops BT868,BTFBM,2026-09-04,2026-10-05,10.00%,5000.0,4961.11,70,800,false
"[B0GQS3N6FG, B0GQS2GRTS, B0GQS5FS87, B0GQSJYD6L, B0GQRSTN49]",amzn1.campaign.34IYUKSRELV26,红色破洞牛仔裤+9.2,Arkordi,2026-09-04,2027-01-04,14.00%,5000.0,5000.0,165,800,false
"[B0H266YY6G, B0H262YHHG, B0H25ZFYGL, B0H25X4MXF, B0H261HRJK, B0H25ZDYL6, B0H25WCTMC]",amzn1.campaign.3CW2XNEPRW3X5,Molly-SK-AR-WG539-666 (1),MONTANA WEST,2026-09-04,2026-12-04,10.00%,5000.0,5000.0,96,800,false
"[B0B5ZJFKWQ, B07ZHYRLW8, B0B5ZJZHNC]",amzn1.campaign.6PRFGW6MJV0E,Campaign Name: Sanitary Disposal Bags Multi-Pack | 10% Comm | Feminine Hygiene,GUINIFAO,2026-09-04,2026-12-31,10.00%,5000.0,4997.9,134,800,false
[B0H1M3NKFD],amzn1.campaign.IQYEBFW0FDYG,JoyParcel Trunk-or-Treat Spider - Halloween Promo Opportunity,JoyParcel,2026-09-04,2026-12-31,10.00%,5000.0,5000.0,136,800,false
"[B0H98T1FFY, B0GTVN5G74, B0GTVCQW13, B0GTVH61CT, B0GTVM4LGR, B0H98SYXH7, B0H98SM4CR, B0H98TT3QW, B0H98WWM9S, B0H98GDL5F, B0H98RR8YZ, B0GTV9SRS1, B0H98QKFFN, B0GTVL5GGV, B0GTVKWBHD, B0GTVRGFW6, B0GTVH57WV, B0H98GLWTC]",amzn1.campaign.3CUVZGH0DAQI7,Earn high commissions——Experience fashion style with Hathne!0028,hathne,2026-09-01,2027-03-02,16.53%,5000.0,5000.0,163,800,false
"[B0FV8TC9DM, B0GQZFK9HP, B0F1KPZWXG]",amzn1.campaign.1RA8RDR04NOIW,Smell Proof Bag - Sep - C4,Staze,2026-09-04,2027-09-01,15.00%,10000.0,10000.0,145,800,false
[B0H6C1P3ND],amzn1.campaign.2MFN3LEZBMADW,Dumbbell Rack for Adjustable Dumbbell Storage-18%,niffgaff,2026-09-04,2026-10-04,18.00%,5000.0,4983.8,121,800,false
[B0F23K23WS],amzn1.campaign.Y1X1BD3KO1JQ,Megneta | Potassium Magnesium Glycinate Drops+DROPS-F,MEGNETA,2026-09-04,2027-09-04,10.00%,8888.0,8884.04,129,800,false
[B0F899V83R],amzn1.campaign.35J04Y3TLLPKZ,10% Commission+Monthly Sales 2000+ Explosive Lightsaber Set Promotion Invitation,TQQALCYS,2026-09-04,2027-02-28,10.00%,88888.0,88883.0,123,800,false
"[B0B2ZL9QFR, B0B2ZYS87G]",amzn1.campaign.1G6887T9DX198,CINCOM leg massager with heat and Compression CM080A,CINCOM,2026-09-04,2026-11-30,10.00%,5000.0,4089.03,91,800,false
"[B0FV8TC9DM, B0GQZFK9HP, B0F1KPZWXG]",amzn1.campaign.2YUQW5SGXC18D,Smell Proof Bag - Sep - C3,Staze,2026-09-04,2027-09-02,15.00%,10000.0,10000.0,143,800,false
"[B0GLWWVSK6, B0GLTW9QWW, B0GLWTW3S4, B0GLXDG3D5, B0GLVCGHPS, B0GLX3J5K6, B0GLWD8RX4, B0GLV11S1C]",amzn1.campaign.3HDNPMR3N3U6H,Vintage Fishing Metal Tin Sign Catch The Best With The West Retro Wall Art Decor,PlikPlakey,2026-09-04,2026-11-17,10.00%,5000.0,5000.0,134,800,false
"[B0GZV91TQR, B0GZVHPB6Y]",amzn1.campaign.2U6OKH1I5MAQI,150麻将,VIRORA MAHJONG,2026-09-04,2026-11-01,10.00%,5000.0,4978.0,117,800,false
"[B0D6YV3J2S, B0D8L6VJHH, B0D7H8TBWY, B0D7G2YLYY, B0D7HM9L79, B0D6YWJM9Q, B0D7W1PDK3, B0D7W1HN58, B0D95RKFBC, B0D8KXXYN7, B0D73GP54C, B0DB85KSM6, B0D7W1ZKZT, B0D7W2HMYT, B0D7W3FW59, B0D839GLL7, B0D7H7K7YQ, B0D7H93ZL8, B0D73CMK6V, B0D7H2RK55, B0D7HC2VS8, B0D6YWNRWT, B0D7W2FW15, B0D7GXR6HS, B0D9B88QMM, B0D7H8TBX3, B0D6YT2HH8, B0D7VZVN7S, B0D7HQGWT6, B0D8KY3WZ4, B0D9NMMS6B, B0DB85CZT8, B0D7H9PJ9J, B0D6YT526L, B0D7H6DNXS, B0D7VYVN1D, B0D91J4GDK, B0D9XZG8G2, B0D6YV25JX, B0D6YTGMTM, B0D7HBNQT7, B0D7W2MD56, B0D839MRGF, B0D7H6PKP6, B0D7HB99CG, B0D7HDLTG9, B0D7W3X19X, B0D73CXSBX, B0D7HBP637, B0D7GY1XX9, B0D7H7CZYP, B0D82YV371, B0DL5HQPV6, B0D7MHKSB8, B0D7H7CZYJ, B0D7H69PV2, B0D73F1Y7S, B0D7W47DDK, B0D73G1GZF, B0D7H93TCZ, B0D7HBKLLP, B0D7HQMNP4, B0D91HRJBP, B0D7H7XG4Y, B0D7W5TFQF, B0D7H9P514, B0D7H7T27X, B0D7HH9Z6Y, B0D9NLB2VH, B0D7H7T27T, B0D7W2Q8VW, B0D9LSJRNT, B0D7W2QW2Q, B0D73F93X9, B0D837X4HR, B0D73G8HGZ, B0D8Y9VQ9S, B0D8KZ35W8, B0D9NN3X5H, B0D7HDNMNM, B0D6YW91P6, B0D73DXDGJ, B0D7HDNMNC, B0D9B8Z97M, B0D7GY1XYK, B0D9LPD9B7, B0D7HP6XH4, B0D7H9H7PB, B0DB86QNTJ, B0D7VZ91Q2, B0D7PZR146, B0D7W1MVZG, B0D9B8SZMH, B0D73CZ7BT, B0D7PYWDHC, B0D83551TH, B0D7H9G713, B0D7Q2KBKQ, B0D73FLNV2, B0D73CR219, B0D7W42PHW, B0D9NLN288, B0DG535VZP, B0D7W1LZJ5, B0DL5HZK57, B0D6YW2BSH, B0D8YDCCZ8, B0D6YVQT68, B0D6YWNJQ2, B0D7H9TDY3, B0D6YW5Y7J, B0D9NL4RD1, B0D9XY84NF, B0D6YV5Y27, B0D7HHNYF7, B0D7PYW1MG, B0DQDD9YF8, B0D7W4G49F, B0D7HB6T6G, B0D81834J1, B0D7HFGT5W, B0D7W1S4K8, B0D7HLPM7B, B0D7MHL74H, B0D8YCFG2W, B0D83D4V1W, B0D7W3P25W, B0D6YV91Z1, B0D7HBT7DM, B0D7GXTT5H, B0DG56LGCY, B0D7H9CCGF, B0D6YX9KS9, B0D7H86ZYY, B0DL5CM38B, B0D7PW2FXT, B0D6YVJ825, B0D73FF69X, B0D7H7L8QR, B0D9XZSDBX, B0D6YYWWJ2, B0D91HSZM9, B0D6YVJHS5, B0D7W3MPYL, B0D7HH7DM7, B0D7H8HQ2W, B0D7D49GH2, B0D73F4FQ2, B0D7MKD1N7, B0D7HND4T7, B0DGTHSSBF, B0D6YT3L79, B0D7H93SXS, B0D8KX5WWX, B0D9XYVR1V, B0D7GFM625, B0D7H6FS4T, B0D7GK67JV, B0D87F17TZ, B0D7HRDLQG, B0D73CSVPK, B0D8YC855B, B0D7HMPYZ2, B0D8YBWGZ4, B0DL5DZ2WP, B0D73CNBXG, B0D6YVP4WL, B0DL5GKV6T, B0D7GXZ81P, B0DL5HY981, B0D8KXMM92, B0D8YDKN1Q, B0D7H6FNLX, B0D7HC24D3, B0D7MKCW4T, B0D7HQJXYY, B0D95QRS59, B0D7W35DNF, B0D73HM8ST, B0D8Y7YJRR, B0D7H97YZZ, B0D73F5CJ8, B0D91J9H8D, B0DG5B8HDC, B0D7HNVDBZ, B0D6YTPRJB, B0D8YBY4NN, B0D8YBVDY9, B0D6YVVL1B, B0D6YXVL6B, B0D9B8Z33Q, B0D7GXR6HL, B0D7H63BRH, B0D7H9PKXH, B0D7GXR6HQ, B0D7HC2GLY, B0D7H8Z9S8, B0D7H2WDZH, B0D6YXR2PG, B0D7HH8L5B, B0D9NLPT83, B0D7H63BR2, B0D7VZFKCC, B0D7W3ZNS5, B0D7W3KDL5, B0D7HH8L56, B0D816NH69, B0D8YBPH25, B0D9B7P3MB, B0D7VZFKCP, B0D7HH8L4N, B0D7W29NQG, B0D8Y9YDPC, B0D7H5TSLD, B0D6YTX6F9, B0D7H2YWGP, B0D7Q3Q6PY, B0D6YXZH4S, B0D7HK6DY2, B0D73CKM1L, B0D7HNY8F7, B0DG5MKYYV, B0D7HBLSM1, B0D7H4YSHC, B0D6YTVTFS, B0D7HDN89V, B0D7GHBWDH, B0D83B6DFR, B0DL5G9J8Y, B0D7H5T9H7, B0D73CKM27, B0D7W3YGNJ, B0D7W39HNK, B0D7HB5H9M, B0D7H5T9H1, B0D9XZRX4C, B0D7W318G1, B0D73FVF1J, B0D73FM2DP, B0D9NLKWT5, B0D8KXR5FY, B0D8358ZR5, B0D6YT7P8L, B0D7H98GHF, B0D7W39YPD, B0D7H4YSH6, B0D7Q1WBND, B0D6YVT2RR, B0D7H98GHB, B0D73CKM18, B0D7PYWPQP, B0D7H2VRDN, B0D7HP51J2, B0DG53NV67, B0D9NNH9FH, B0D7HQMBLX, B0D7GXYL2L, B0D8W6K98X, B0D7W5ZFTW, B0D8YCMVWZ, B0D7VZZJ2S, B0D9XZLP8G, B0D7HPF9F7, B0D7W13G4Q, B0D7H2VRF6, B0D7PZMP3S, B0D7H82CQG, B0D73G94K3, B0D7W2367M, B0D7W34W8B, B0D6YV6FR9, B0D7HPSVXM, B0D95QYKKL, B0D7Q1BCQ1, B0D7H68BNB, B0D7VZZJ1M, B0DB85RXTM, B0D6YXK586, B0D7H69VRH, B0D6YTYB9F, B0D73CPZ9V, B0D9NMPTF2, B0D6YSXDZ1, B0D9LNRHSW, B0DG531DG1, B0D91HVT9Y, B0DB86DV76, B0D7W2KDRJ, B0D7H4MH2C, B0D7W3SPVC, B0D7H9DNWT, B0D7H9DNX5, B0D9NMP6JB, B0DQD987XM, B0D9XY8C7F, B0D7H3487Z, B0D7H9DNWR, B0D7W2Z3DD, B0D73CPFQ1, B0D8YBV75H, B0D7Q37HCR, B0D73FY1CS, B0D7W3N72F, B0D7HF4VGY, B0D7HF4VGV, B0D7HP4JBP, B0DG5D4TGC, B0D8YCS1V9, B0DGTDCJTZ, B0D9LNZ54F, B0D6YRM3S8, B0D7W45KGY, B0D73F7W2R, B0D7MMBZQV, B0D7PWDDKN, B0D6YVFZFN, B0D7H73869, B0D91HW9D9, B0D7MGPGLX, B0D6YVQ24W, B0D7H7386C, B0D7W74HNC, B0D95NM2QL, B0D7W2HS5W, B0D7HB8WNH, B0D7HFFY5V, B0D73DCSTN, B0D6YT4SFW, B0D8YBDVHP, B0D9XZYP3Z, B0D8YG381J, B0D7H7B9N6, B0D6YTGW3N, B0DGTJ15XZ, B0DQD76MCS, B0D73H7VZK, B0D7HQJLH7, B0D7H7D7CK, B0DQD8WFWM, B0D73FY1F7, B0D7H5Y9S8, B0D7H2KGLG, B0D7HHW64C, B0D7W3KSQK, B0D7VZ83FZ, B0D9NMDHPJ, B0D7H7ZNPB, B0D7Q2P87T, B0D8YC6G9R, B0D7HDMTP1, B0D7W2ZDC7, B0D7HF9D38, B0D8WCLZSF, B0D7H93MHQ, B0D7PYL9BV, B0D6YWJ88Z, B0D7MHBC8B, B0D7HC1CYX, B0D7H7RNYD, B0D7HPFM7R, B0D9LP3DKT, B0D7H2GPX2, B0D8YB52HC, B0D7MMPFKN, B0D7VZMS52, B0DQDB31P5, B0D9B91DF6, B0D83KNXG4, B0D6YSKJ73, B0D6YTJDST, B0D8WD2LKG, B0D73FG7GZ, B0D9B98BLP, B0D7ZDT8N8, B0D7H7RNXT, B0D7H5XNLZ, B0D7HRF3NW, B0DQDB9YKP, B0D9B9SL1M, B0D7H4BTVC, B0D7Q2HGPD, B0D7ZG2T64, B0DL5FF8SB, B0D9XYQ56G, B0D7VZDF67, B0D7MLC1B4, B0D6YTXJ5Z, B0D95RH97X, B0D8W9TD8X, B0D7W51GXJ, B0D73H1BHZ, B0D8YCG9GQ, B0D7HQ7BQX, B0D7W3GTCS, B0D7W3C4PG, B0D7HCDTDS, B0D8YC1NRC, B0D6YV6QNB, B0D7HHDTVK, B0D7H8KJKB, B0D9B8HKMH, B0D7HCY3BJ, B0D7W44JKK, B0D8L7RHKT, B0D8YC3PQG, B0D7H7F6P8, B0D9B9WC25, B0D7HBJ622, B0D83SW81M, B0D7H7XB1Q, B0D7H7D533, B0D8YCHSWV, B0D7HQX8B5, B0D6YSY5DT, B0D8KXW1WD, B0D9BC218V, B0D7HCZR9H, B0D9Y27VLC, B0D7HM8GM3, B0D7H9V7LP, B0D8YCKGR5, B0D7HCZR9P, B0D73FB322, B0D7H5VRX8, B0D8YBW9MK, B0D7W17QK4, B0D7HM1P1P, B0D7HCGVYN, B0D6YTXMX8, B0D9LPBDCJ, B0D6YWNBKK, B0D7HLWGL2, B0D7HH72WM, B0D7HDLG1Y, B0D7H9D13W, B0D7H9V3CL, B0D73G3WKP, B0D7HB8RYY, B0D7H7XJCG, B0D7HCGVY9, B0D7HNH2Z5, B0D73CMZZ8, B0D7H6F8RK, B0D73DDRH3, B0D7VZ7PLR, B0D7HH72W1, B0D7HH96XV, B0D7W18J72, B0DQDFNQ1N, B0D9XZ6PDJ, B0DQDDZWQM, B0D7HNRQVB, B0D7H2VY5G, B0D8Y9VLXJ, B0D7H4KPNQ, B0D6YVPFHL, B0D7H9Z2Y6, B0D73G3WL7, B0DL5HFTTH, B0D7H73LX5, B0D7HBL7JQ, B0D6YXGHNM, B0DQDDQ9RN, B0D7H2T4TS, B0DB85FNXT, B0D8L5HT5D, B0D7H2T4TN, B0D7Q1NC8L, B0D6YSKXP1, B0D6YWNBHX, B0D7H661VT, B0D7W1YCHQ, B0D7HQDX8C, B0D73F9H9F, B0D8YD6QHQ, B0D6YV6QK3, B0D6YW4P1S, B0D7HCZR9B, B0D6YT5TLT, B0D7HBD1QR, B0D7HC4LZX, B0D9NLCF7M, B0D9B8N31H, B0D7H94ZJ6, B0D73F8221, B0D7W3KN62, B0D7H8W5V2, B0D7HF5LCW, B0D7HPG2HQ, B0D7W3RXTQ, B0D8KZN7R5, B0D8KYVW2B, B0D7PZL98Y, B0D7HF5LD3, B0D7W3KXHS, B0D7GXWSSY, B0D9B86YC4, B0D9NNCNR7, B0D7HPHM9D, B0D7H935BW, B0D7H32YTF, B0D7HF7F35, B0D7W38S6D, B0D7H4HDLZ, B0D8KZN7RT, B0D9Y1XHGG, B0D7PWD35J, B0D7PYGKGG, B0D6YV59M3, B0D7HC5MXS, B0D7W329TV, B0D8YCZJHV, B0D7HC7MV6, B0D8YCZJHX, B0D9LNLH6F, B0D95RHM66, B0D6YVTLTN, B0D8L71767, B0D73DGQ88, B0D7GTH7W8, B0D7H4LHGG, B0D7HRDP6C, B0D8Y9W37D, B0D9B9V6BZ, B0D73CCBBB, B0D6YSWHYZ, B0D9LPFWT7, B0D7W1PRD6, B0DL5H7XM9, B0D7HPHM84, B0D9NKZ7T8, B0D6YXC1YG, B0D7W329SV, B0D7W2YW6J, B0D73DTNK1, B0D6YTLT2Q, B0D8YDS4V9, B0D7MLDCMF, B0D7HHQ8W4, B0D7W2LB3N, B0D7W2Z61Z, B0D9NMD44B, B0D7H5T8SJ, B0D7W2YW78, B0D7HB8Q4W, B0D8YCGMFH, B0D9LP5GGM, B0D7HK8L35, B0D73DTTW3, B0D7W4SWXN, B0DB84SQPH, B0D6YXB5BW, B0D7HDCPVR, B0DL5H98MP, B0D7HP5XLM, B0DGTG94DF, B0D6YTXJ8R, B0D7PZM7ND, B0D7HFCFKX, B0D7H7ZRDD, B0D6YTTNMQ, B0D91HX9NS, B0D7HMM65B, B0D91HX9NT, B0D9BBBNZY, B0D7PZMBDB, B0D73CG9BW, B0D6YXC1X2, B0D7HNZHVB, B0D7HP5XLW, B0DL5GL7NG, B0DGTGGRX2, B0D6YXDRTZ, B0D8KVTN71, B0D91JK674, B0D7W22WQY, B0D7H9V9FT, B0D7H9V9G2, B0D7H6CJW4, B0D815QR47, B0D6YSJQK8, B0D6YV8C2W, B0D87FW9R5, B0D7HMM65V, B0D7MLL3SG, B0D7H2N75V, B0D9XZC3LB, B0D7ML5Q1P, B0D7H839MH, B0D7HB8B3V, B0D7H93HP7, B0D6YTTTX5, B0D9B7JS6G, B0D7H933FD, B0D73GQTVQ, B0D7H5SSGY, B0DQDCCF89, B0D9B8L35H, B0D7H93HPH, B0D7HHC1GW, B0D9XYZGN1, B0DL5DR8QK, B0D8W9F582, B0D7H5SSGW, B0D7Q25XYD, B0D9B8JS8Y, B0DGTDQ411, B0D8KYKRBK, B0D9NM4BDD, B0D7HDSX5M, B0D7H2Y4MN, B0D7W3KXJJ, B0D7W3XZGH, B0D8L7HLV6, B0D7HDSX5J, B0D7HMMKBG, B0D7HMT8HG, B0D7W2BXGW, B0D6YVXWH9, B0D7HC6HDJ, B0D7H98HRS, B0D82W7YYQ, B0D9B8LWFJ, B0DL5JWBV3, B0D7H56QHF, B0D6YVBHK9, B0D7HC6HD9, B0D7H7KJ4N, B0D7HBHYLQ, B0D7W545ZY, B0DGTC2FX5, B0D7H56QHP, B0D7HQ9P7N, B0DB8CBH7G, B0D7W45CLW, B0D9XZLDWR, B0D7H32X9V, B0D7H7CLRF, B0D7HBPVN6, B0DQDBTMT9, B0D6YX7X2N, B0D7H696N9, B0D7H2NQ4G, B0D7W4H1PZ, B0D9Y12RCW, B0D8W9JMV2, B0DGTDTRNH, B0D7HM93M9, B0D6YW7Z2M, B0D7HCCCRY, B0D7GXYJT1, B0D7HQVJ8M, B0D73F42GG, B0D6YSPYTT, B0D7HBPVNC, B0D7W45CLJ, B0D7W28HD2, B0D73CMKNB, B0D73F53GD, B0D9LP3BZN, B0D7W27P5V, B0DQDD7MQC, B0D7H33W1B, B0D9B8RW5Y, B0D7MJXVY7, B0D7HMP2G9, B0DG5FJPR2, B0DG523QT4, B0D7W2QDRS, B0D7H687R1, B0D7HDTJ29, B0D7GX3JGZ, B0D7PZ2K3J, B0D7HP2QHC, B0D7W3LHLN, B0D7HBD5RJ, B0D73FD17N, B0D91J8S6T, B0D7H94BTQ, B0D9LNJJG9, B0D73CRF2M, B0D7GBFYDY, B0D7HHN6DR, B0DB86JHQK, B0D7HBLF6X, B0DB87SG9Q, B0D7H8MVPR, B0DB85JK2Y, B0D7HK4D8F, B0D9XZDRNK, B0D7H58JP9, B0D7H5SG9V, B0D8WBJQYK, B0D7HHTWTX, B0D7H7TGZR, B0D7H5GB3F, B0D73CR74V, B0D7VZTDNM, B0D7H33TKX, B0D7HNYLJ9, B0D8L5CPKD, B0D8Y92YL9, B0D6YTPK8K, B0D7W178FX, B0D7H7VTNS, B0D7H58JNX, B0D73DD26V, B0D7HHR1QB, B0D7W2JBGG, B0D83K1H2H, B0D6YVJMY1, B0DQDGWV22, B0D7H66G1Q, B0D7W2TVQG, B0D83KXKC3, B0D6YVZCT7, B0D73DY9G1, B0D8KYWYVB, B0D73F2JB8, B0D7HB766F, B0D7HFHSKK, B0D9NML5KZ, B0DL5G3LHY, B0D7HC4M19, B0DB86JWRP, B0D73CGH56, B0D7Q174PQ, B0D7W2JBFB, B0D7H9HZLG, B0D7VZXM1S, B0D7W2YNR2, B0D7W1CB7K, B0D7HHBMYN, B0D73GK5RV, B0D91HC4NX, B0D6YTWN85, B0D7HQYYTL, B0D73F8TDT, B0D7W1YHH8, B0D7HMT4HN, B0D9B8M9Q4, B0D73FJ527, B0D7PZM2Y5, B0DB85DPJX, B0D8W8SWCD, B0D73F8N99, B0D6YXG8MM, B0D6YVHNN7, B0D73FDLS3, B0D8KYG93T, B0D81R9WYW, B0D7HFHSK2, B0D7H6XR2C, B0D7H7ZQNS, B0D7VZSQ83, B0D7HHQPSP, B0D8YC2Q9R, B0D8L9MMFN, B0D7HQB4NM, B0D7HHQPSY, B0D7H9L9PW, B0D9LM9KCC, B0DQD8ZG1S, B0D8KZ1Y84, B0D7H947TV, B0D73CSZ2K, B0D6YTGSSF, B0D8L21FK4, B0D7W476TK, B0D6YZBN28, B0D9NMJDRK, B0D7HMHFML, B0D9NMTRPC, B0D9Y28PKM, B0D7H9VH3J, B0D7H7GVSR, B0D7H93CRB, B0D7H93CRD, B0D7VZCY2Z, B0D7Q2G91W, B0D7H7CB6X, B0D8YCB456, B0D7HPL81L, B0D7HB6PHZ, B0D73G2NRV, B0DG5BD3TQ, B0D7HP5ZZ1, B0D7HBK432, B0D8YC1J22, B0D837G8NK, B0D87GGKZG, B0D7W2NFFD, B0D6YV6W25, B0D7HDB45C, B0DL5HX7Y5, B0D8YDFBGT, B0D7HHRR75, B0D7HK62VS, B0D7Q3N2S7, B0D6YVGMLH, B0D8KXFFK7, B0D7H7CB7Y, B0D7HQPYJY, B0D7W4GSCX, B0D9NL1YFS, B0D7H2DPTF, B0D6YTYXB7, B0D7W3CG2Z, B0D7H2DPTL, B0D7H9J3P9, B0D9B88GFF, B0DB86NMGL, B0D7H36H21, B0DL5F6S1N, B0D7H9FKL4, B0D7Z92QF3, B0D6YT66F6, B0D7H36H1K, B0D7W189PK, B0D7H9J3PG, B0D73F4TVF, B0D91HY433, B0DQD773L7, B0D7H32LFM, B0D7W5887Z, B0DL5GH7JB, B0D73F7QGH, B0D83JSBTD, B0D8YDFYNN, B0D8KWXG1B, B0D9B5Z6TZ, B0D7H9TF68, B0D7HH67KJ, B0D7PYGWJP, B0D7W3VF88, B0D7W41WL7, B0D95RGW9Z, B0D73CLCWG, B0D82XH1FV, B0D7W285LW, B0D9NLST5X, B0D7HNXN5P, B0D6YWKHX2, B0D7H335SN, B0D7H7S63R, B0D7MJYKC8, B0D7ZF1Z5Y, B0D7HH67KF, B0D7HHS2XF, B0D7HJPY5T, B0D7HNXN5H, B0D7HF9QLH, B0D7HHT3WB, B0D6YT3JY4, B0D7HQMZXX, B0D9LNMT6X, B0D6YVXYNC, B0D8L6YP5J, B0D7H82C39, B0D7W4L66J, B0D7HDJ9BK, B0D7W2MTHJ, B0D8YCGZKQ, B0D7W296JP, B0D7HQKVWH, B0D7H66F86, B0D7H4CXLS, B0D7H94T2S, B0D9NM3LKD, B0D8YBK5TJ, B0D83CMM44, B0D7W2YZ7D, B0D7HRGZ7F, B0D7W2NYW4, B0D7H2RP5X, B0D9NKWSJG, B0D6YXQ5BF, B0D7W2R9KT, B0DL5HQ1LT, B0D7W22VBL, B0D6YVY2M3, B0D8Y9RJ9L, B0D6YRKFL4, B0D838YPRT, B0D7W4CFZ9, B0D7H8R93Y, B0D7W4QY6N, B0DL5GKQZC, B0D91J9LTF, B0D73DYCQ2, B0D7H3X3PX, B0D73FBBMX, B0D73DG911, B0DB86XW9F, B0D7H7FHR5, B0D7H65MVR, B0D7W4JQYS, B0D7HPDGPR, B0D7H6YTMR, B0D6YXC59D, B0D9LNCWGC, B0D7H5VN1H, B0DL5FDG39, B0D7HR163N, B0D7Q18TX4, B0DL5HDKDS, B0D7H2GQWD, B0D6YTMM9H, B0D7H7FHRB, B0D7W36STR, B0D7HBJRKF, B0D81ZPBYN, B0D7W48T3H, B0D7HCG281, B0D7MM8VQ1, B0D7ML5QN4, B0DG5GZ8GP, B0D9B8DBGG, B0D73CLD1J, B0D7H5TTBF, B0D7H7KKK7, B0D7MGVLNK, B0D7W56N7T, B0D7PWD4NC, B0D7W2QZM8, B0D95Q944Z, B0D7HDMBHF, B0D7PXPSS7, B0D7W4625F, B0D7W535PL, B0D9NN4QZD, B0D7H93Y48, B0D7W5H6LK, B0D9B9YGR1, B0D7MKKWNV, B0D7W35FC5, B0D7H8SZ5F, B0D9LLMZDH, B0D6YTMM7R, B0D7Z3LQVY, B0D7MLLRFV, B0D835RL6W, B0D7H98PWJ, B0D73G1H1M, B0D6YVV3ST, B0D8KYL7F4, B0DL5FTL53, B0DQD9D5HN, B0D7HQKD94, B0D7H91PKW, B0D73C9JW2, B0D7HHSFF8, B0D7W3VS9Q, B0D73GMKFK, B0D7Q1NTYH, B0D7H7TXKQ, B0D7GY1B21, B0D7GY1B22, B0D7HPKPRK, B0D7HPKPRH, B0D7H8KN5J, B0D7D49KB1, B0DG56LWP5, B0D7W27CSK, B0D91J2CTL, B0D7HNXXTS, B0D7W27CT2, B0D91J2S38, B0D6YVG8HX, B0D91J2S36, B0D7H81TQ1, B0D7HNLSL2, B0D7HK7L29, B0D7H81TPS, B0DL5KP9K7, B0D73H1W61, B0D9XYDN33, B0D7H6DHXP, B0D7HP1DG5, B0D9B9ZM85, B0D7HB7LT1, B0D73DJ12Y, B0D7HCGMJ2, B0D9XYDN36, B0D7W2CFTN, B0D6YX3P9J, B0D7MH8V9Z, B0D7H6DHYG, B0D7H91PKZ, B0D7HP1SC9, B0D7HRDPL7, B0D8KX4HHY, B0D7W3M6ZL, B0D7HP1SCC, B0D9BB7VTN, B0D7HCGMHN, B0D73GGXT4, B0D6YVSRVR, B0D7H4MDPC]",amzn1.campaign.26KY3723GBCZG,Top Home Decor | Erosebridal 100K+ Styles | 15% Commission 49,Erosebridal,2026-09-04,2027-09-04,15.00%,10000.0,9990.03,129,800,false
"[B0GPWTQ79C, B0GPWT5TH1, B0GPWFNJTM, B0GPWWKRVC, B0GPWP8223, B0GPW8RDLR, B0GPWQPWDB, B0GPWCXP4N, B0GPWT9XKL, B0GPX4DNKM, B0GPWJJCB9, B0GPWGGF6V, B0GPWS7ZKT, B0GPWNSQ1J, B0GPX4BRXZ, B0GPWGP19L, B0GPWK6N69, B0GPWJGKS2, B0GPX4HNSF, B0GPWNYJND, B0GPWGDWFV, B0GPWKHVK7, B0GPWT4C5P, B0GPWSDV7J, B0GPWCZ72D, B0GPWL5883, B0GPWGGF66, B0GPX28SPD, B0GPW2NK18, B0GPW8STCW, B0GPWKH5K1]",amzn1.campaign.2MUD67RBGNCFK,JAG Buzzinga Summer Motorcycle Jacket | Earn 12% Commission,J.A.G.,2026-09-04,2026-12-31,12.00%,5000.0,5000.0,131,800,false
"[B0FJDXBVJD, B0F7R5DX5V, B0F7QSZK2H, B0FJF2VFHK]",amzn1.campaign.618TFHKN5X1H,Earn 13% Commission | 4.5-Star 3.3FT Plaster in LED Aluminum Channel,YeaLunong,2026-09-04,2026-12-31,13.00%,50000.0,50000.0,133,800,false
[B0H1WFQM68],amzn1.campaign.2EK5BGF2YDJU0,Tesong 20V Power Tool Combo Kit TK-C02 20%,TESLONG,2026-09-04,2026-10-04,20.00%,5000.0,5000.0,122,800,false
"[B0H3Z988RC, B0H3Z37C3F, B0H3ZBSTSB, B0H3YXSYKD, B0GTLXYHQK, B0H3ZCDL5G, B0H3ZGRL64, B0GTM865LX, B0H3Z1HXZ1, B0H3ZBRJKP, B0H3ZDV2T2, B0H3Z3JZ8H, B0H3YVWPSY, B0GTMFSS1X, B0H3Z3TSQS, B0H3ZGNL44, B0H3Z3Q6VL, B0H3ZDQKNL, B0H3Z15L8Q, B0H3Z4SQJR, B0H3Z16JYV, B0H3Z6GDK6, B0H3Z6NKV7, B0H3Z47RKZ]",amzn1.campaign.U25IJHNYXS3B,MANGOPOP Women's Striped Button Down Shirts 3/4 Sleeve Ruched Smocked Shirts,MANGOPOP,2026-09-04,2026-12-31,10.00%,5000.0,4994.6,83,800,false
"[B0FKGZLFV5, B0FWRF29JL]",amzn1.campaign.NP5P2BHR4FWI,Earn 15% Commission | Seuphubs Masonry Drill Bit Set | Sep-Oct 2026,Seuphubs,2026-09-04,2026-10-31,15.00%,5000.0,5000.0,130,800,false
"[B0G4W818K6, B0HBTYDPVL]",amzn1.campaign.LZU3FWTYAXS8,Clear 100% UV Protection Card Sleeves Top Loaders,RyshePro,2026-09-04,2026-12-31,15.00%,5000.0,4997.6,126,800,false
"[B0FV8TC9DM, B0GQZFK9HP, B0F1KPZWXG]",amzn1.campaign.LNTNU93YM6CM,Smell Proof Bag - Sep - C2,Staze,2026-09-04,2027-09-03,15.00%,10000.0,10000.0,140,800,false
[B0HC5PFPM2],amzn1.campaign.3EOKD5EF3XPXB,"Join MORPTRA – Promote Clean Air, Earn a 10% Commission",MORPTRA,2026-09-04,2026-10-04,10.00%,60000.0,60000.0,135,800,false
"[B0FXB5G6YK, B0F7L9WRV1, B0FXB1DJ9F]",amzn1.campaign.1VMD4G8V2OQYZ,"12% Comm - V Shape LED Channel, 4.4★ 700+ sold",YeaLunong,2026-09-04,2027-09-04,12.00%,50000.0,50000.0,128,800,false
"[B0H6M9216G, B0GV7WPHHC]",amzn1.campaign.O76T3I1VGU4A,Showcase Precision Wellness Technology & Earn 20%,OraSafe,2026-09-04,2026-12-31,20.00%,5000.0,4915.6,128,800,false
"[B0FXB59TR5, B0FXB5KSKZ]",amzn1.campaign.2JOHRGRXH42Z4,15% Comm - Aluminum LED Strip Channel,YeaLunong,2026-09-04,2026-10-31,15.00%,500000.0,500000.0,129,800,false
"[B0GQS3N6FG, B0GQS2GRTS, B0GQS5FS87, B0GQSJYD6L, B0GQRSTN49]",amzn1.campaign.9PH4U8440MYW,红色破洞牛仔裤+9.2,Arkordi,2026-09-04,2027-01-03,14.00%,5000.0,5000.0,163,800,false
"[B0H2VCHQFZ, B0H2VCWWJM, B0H2V4P4ND, B0H2VFVY5Z, B0H2V6KVK1, B0H2V79X43, B0H2V6R84K, B0H2VCVJL3, B0H2V4N7VP, B0H2V7Q3VL, B0H2VBFQBL, B0H2VBNVHV, B0H2VFY4BZ, B0H2VDDMFW, B0H2VHSCRY, B0H2VCBG2X, B0H2VBKH14, B0H2V8JL55, B0H2VDX6BK, B0H2V3FS2G, B0H2V9W3JW, B0H2V9R8QR, B0H2VFFKK2, B0H2V5C93G, B0H2VBMVKH, B0H2VDYF8K, B0H2VF9C7L, B0H2V8NMPC, B0H2V919NL, B0H2V1HD98, B0H2V8XWR9, B0H2VGQ679, B0H2V64YCX, B0H2V8LVNB, B0H2V2VVKD, B0H2VCD74R, B0H2VFPN37, B0H2VDTLLY, B0H2VF9G5W, B0H2V96DXB, B0H2V88QMY]",amzn1.campaign.PD08E4BJA8ES,10% COMMISSION long sleeves shirts FS171,Lazysmile,2026-09-04,2026-11-30,10.00%,5000.0,4991.0,108,800,false
"[B0D8L4884C, B0D7HQJ8P6, B0D4TK5J6W, B0D8NHQX34, B0D7HH6RVK, B0D8L6LKH8, B0D8VDM7RS, B0D928H3YN, B0D6B4GHWM, B0D4Z9TKBK, B0D83DQSMK, B0D92G2BZK, B0D92G6SP5, B0D8VDDZ15, B0D7H7K7YM, B0D7H7K7YP, B0D94CW5R1, B0D7H93ZKW, B0D6B5GC1Z, B0D7HQ8SZ3, B0D69H77MN, B0D7HB9NJB, B0D739LLQS, B0D7CQNXVH, B0D8P2DWHW, B0D7HLX6JQ, B0D7M979JT, B0D6XR2VST, B0D92HW5Y2, B0D92DL3C7, B0D91JC9ZC, B0D92D5KWJ, B0DHGR67FC, B0D6XVYPHD, B0D92D5KWS, B0D929B8VY, B0D6XQJKQF, B0D6XFWRGW, B0D7H8WTTZ, B0D92FCZ47, B0D8VCVV1T, B0D92G6WYR, B0D7H7DLXW, B0D8YM4HB7, B0D7HPZH8G, B0D6XFPN48, B0D7HNXXV1, B0D92FCZ4B, B0D7M4H69Q, B0D8L644BK, B0D8YJHH9R, B0D92FXJ4L, B0FN4FJL7R, B0D7H4SKXM, B0D92C82SF, B0D7G7RX8S, B0D7HJNLNX, B0D8YM2NRR, B0D92FJV71, B0D92DZQVW, B0D7HNYX2N, B0D6XC6J21, B0D6YZY1GW, B0D7HLJKBP, B0D6XTC94D, B0D7MLF9NJ, B0D92CZBVL, B0D7H66VJC, B0D635D7CP, B0D8L7519G, B0D7HBP63F, B0D7HKRQ2B, B0D8L8SH2M, B0D92CJ9JB, B0D7HDSGVJ, B0D7H6G6BN, B0D8YLTR36, B0D4TSBDLX, B0D7H4Z55H, B0D833NJ55, B0D6XP866G, B0D8PBZ7TZ, B0D91J65TQ, B0D7M1ZSYK, B0D92D27PV, B0D7HCGHY7, B0D92FZGNS, B0D92CHLTX, B0D8VCJF1N, B0D7HNQRBC, B0D8VDXSFJ, B0D92D6QDP, B0D91H6WQN, B0D7CT6SHW, B0D7HFBJSX, B0D7HQJ8PF, B0D7CRV8LS, B0D92CPJ6S, B0D8L7KRYB, B0D92CP4KW, B0D7H2T9FF, B0D8NF6PRZ, B0D8NYK8YB, B0D91HTCZR, B0D92DT31X, B0D7H68XTF, B0D7M83PWP, B0D7H7KBG5, B0FN4JDSP5, B0D8VFY4XP, B0D91JBD9P, B0D7MGHTRT, B0D92FDKYR, B0D7GM56YN, B0D7HP48T9, B0D7H7F9CX, B0D6XFP6Q4, B0GZJV9F2T, B0D92FDKYT, B0D7CT684B, B0D7M4NRYZ, B0D66JPQPW, B0D4TSXQFY, B0D6XPV9MM, B0D7M944DC, B0D7HH7DMP, B0D7GZD869, B0D7HM6BW3, B0D92G9CQN, B0D92DTB1K, B0D7H94PPR, B0D92F8BM4, B0D8L3J1WQ, B0D8L8S79H, B0D8VCNF33, B0D8NKGF1B, B0D7HP59PG, B0D8L8KFQD, B0D6X83FSQ, B0D6Y8ZDGX, B0D7H4RT3W, B0D4TMQGS3, B0D8VFCYDR, B0D72SPQSY, B0D7M88JYX, B0D69M2FDZ, B0D92F9769, B0D7HDJMSS, B0D7HMWP1V, B0D4T682FZ, B0D7GXZ81F, B0D7GXZ81G, B0D7HN42CV, B0D91HPLTB, B0D4TWFX8T, B0DS8F3565, B0D7M9THFH, B0D7H2F98Q, B0D7M8R9KL, B0D92D8JWP, B0DS8G4476, B0D664FK45, B0D91HNDKG, B0D7H6P27G, B0D92C84MS, B0D7HQRQNN, B0D92G9CQV, B0D7H7RC6Y, B0D7HBFMW2, B0D92CFWHF, B0D92DDZTG, B0D6XNHGF2, B0D8YLJYGB, B0D6YZN9PF, B0D6XXKR9F, B0D8NX36B7, B0D7H6FNMW, B0D7HKGM53, B0D7H931ZJ, B0D7HC2GLG, B0D8L9HB16, B0D8NPC1J1, B0D7H63BRJ, B0D7H2QCJL, B0D7H4S513, B0D7M7G7DS, B0D92CFFF7, B0D8YK93LR, B0D7H7V1K4, B0D8L8DRYY, B0D8L4Z4N7, B0D7H2QCJS, B0D7H5TSLV, B0D7HH8L4V, B0D7HLVHB9, B0D92GWSZQ, B0D91H85QV, B0D8NYVRRL, B0D6B3F4C2, B0D92DX2LM, B0D4TVK9V7, B0D7HP51KJ, B0D8YJCHVD, B0D7H2YWH4, B0D7H2Q1TQ, B0D6XQPYM7, B0D92DSKLH, B0D7D4BKZX, B0D6XQ9MYB, B0D7H67LH7, B0D4ZB58Q5, B0D83QJ1HD, B0D8VDMBY2, B0D8NV389P, B0D7H98TC2, B0D739FLS5, B0D6Y2RQ6N, B0D7H999K2, B0D7H5FRBT, B0D7H33369, B0D92DY1HM, B0D7HR47DD, B0D7H6DF73, B0D92DY1HZ, B0D92DQZQR, B0D7H2YWHB, B0D92G2VQ2, B0D7HNY8FH, B0D92D96R7, B0D92CFYHM, B0D8YKKPSF, B0D7HCPM7D, B0D6XQ9MYL, B0D91HC2V7, B0D7H826W9, B0D7H5ZVN9, B0D7M68YLK, B0D7HCJR6B, B0D7HN3BH8, B0D6XQMY2T, B0D92FJN7N, B0D9W4213H, B0D7HNRV2H, B0D4TLDW63, B0D8NRJR9T, B0D7M8L7WQ, B0D6XYK3R6, B0D69KKRHF, B0D7H6B4V6, B0D7HMYSVB, B0D92FB9DW, B0D7H5NQFF, B0D7HNY8DX, B0D7H4DL5C, B0D4TLF8SB, B0D7GCTNJ3, B0D92DWDVR, B0D8359WFT, B0D8PF6W6D, B0D7M53J36, B0D7MJTL79, B0D4T69BNZ, B0D6XS1NXM, B0D8YJTJL1, B0D92DKNN8, B0D731TH9H, B0D7HCV2NG, B0D92DLT6T, B0D8VF4SHK, B0D7CV911L, B0D7MMH3RB, B0D7CS3NQB, B0D72Q5XZT, B0D92DKNNS, B0D6XQX8PN, B0D7H9DNWK, B0D92FZS32, B0D4ZBPD32, B0D7HJCMCK, B0D8L8229G, B0D6B5LMC2, B0D7HLRQF1, B0D7M4MR81, B0D92CVLFR, B0D92D6ML6, B0D92DZ8WM, B0D91JH83X, B0D7H6TFLG, B0D6XM4HH9, B0D92FV9LF, B0D7HKGK8X, B0D92BT854, B0D7HCBW46, B0D7M4T2D3, B0D91HZWW3, B0D7CQPV74, B0D7MGZNZ6, B0D7M3NW9R, B0D6XRBKYP, B0D92DS6HP, B0D7HB5H8V, B0D7G7HLT4, B0D7GZGP95, B0D91HYW8G, B0D7HMNQVJ, B0D7H4M92V, B0D7H7D7C6, B0D7H4M92J, B0D7H4M92N, B0D7M3GY37, B0D7M843QH, B0D7H7ZNPD, B0D83NM24X, B0D92DF2HQ, B0D7H5Y9SB, B0D7Q27YDY, B0D91J926L, B0D7GNYCPH, B0D8NVSW1F, B0D7H5Y9S9, B0D7H9MYRT, B0D8YKCT89, B0D7MKZKBR, B0D92CZ4MW, B0D7H93BSK, B0D8PN5LRS, B0D4Z97CQ5, B0D6XPY842, B0D7HDW9ZZ, B0D8NVSW1B, B0D7M6BBXJ, B0D7HB89MP, B0D7HC5XWF, B0D8VBNPNV, B0D8L68QF7, B0D7G9NW52, B0D7MG7KCN, B0D92CBNWN, B0D8P1TQRP, B0D7H92RGH, B0D92F3WTH, B0D8VDX4DD, B0D8PYC9BM, B0D8L83WKN, B0D8L7QVLM, B0D4TSY27W, B0D7H7SMTT, B0D92FFNKY, B0D7H6NBJT, B0D92D61Z6, B0D4TRNSTL, B0D7349J9C, B0D92DVFD9, B0D7H9WQZR, B0D8V5PFKM, B0D7H4BTV2, B0D8VD6YSP, B0D7HHDTVL, B0D7MLBJ8W, B0D8NMPXQT, B0D91JBH36, B0D7HBGRRT, B0D8YJZ4V2, B0DGLJ8PQJ, B0D7HBGRRR, B0D7HBGRS2, B0D4TNCFNJ, B0D7H7D52R, B0D8L65LFC, B0D92G2PNW, B0D4ZBNTW4, B0D92FGMHP, B0GZJV113J, B0D7GB1Z4Z, B0D91HFMCG, B0D92F42KG, B0D92F42JV, B0D92CPKD1, B0D7H99YD4, B0D8NCRDFF, B0D8YLVLYZ, B0D8L7XCMV, B0D7HB8RYX, B0D8L68YQK, B0D7H5Y65M, B0D7M7ZBQ9, B0D6B52QPZ, B0D7GTFZVC, B0D7H6G7N2, B0D7HN86MW, B0D92FGSW7, B0D7H5VYCN, B0D92CP1P4, B0D8L68G13, B0D92C1X7W, B0D7HNB7RQ, B0D7HDTW78, B0D7HH72VS, B0DMSZMBJ3, B0D7MBPZGV, B0D8YKGFXN, B0D7HDTW7M, B0D91H12P7, B0D7HCB6K2, B0D7MKK93V, B0D72Y8KZ7, B0D7HF32ZM, B0D92CQTPN, B0D92CQTPL, B0D92DDPR9, B0D92GKV35, B0D92FXHND, B0D92FZ7G2, B0D6Y6FTQ4, B0D92HFFFB, B0D7HMLRG9, B0D92HFFFG, B0D91HYNPJ, B0D7HQ5ZPV, B0D7M96HKV, B0D8PLJ5FF, B0D92G91D2, B0D92CM39N, B0D7H94ZJF, B0D7HMV1MB, B0D8L81W86, B0D92G6Y9H, B0D7M3NP8Q, B0D92GZM7H, B0GZJMVTYS, B0D7H7KW87, B0D7HJNZHF, B0D7M4XHP8, B0D7CTCGD7, B0D4TMPVHV, B0GZJZ662G, B0D7MK6V5L, B0D6XTNDGC, B0D7HDXMX6, B0D7H7Y81X, B0D7Q1PJDB, B0D7HHDW3Y, B0D4TN3MS7, B0D6B758XM, B0D7H9V9FL, B0D7HNPZR4, B0D7H34JMP, B0D91DZ751, B0D7MBHRSZ, B0D832DKS7, B0D6B758XQ, B0D7HJNZHZ, B0D6XQZWZ5, B0D7H8TB9V, B0D92HP4HR, B0D7H9NT1D, B0D8YL336S, B0D7GXMCSQ, B0D8L8VKRD, B0D7HK1KFZ, B0D7DJPRNH, B0D7H4LHG2, B0D92C59J8, B0D6XNKSRY, B0D91JPH25, B0D92D9HGF, B0D8NTMGNX, B0D7HDCPW3, B0D92DHF6C, B0D92F7Z96, B0D8VDL5MN, B0D7HNH5FK, B0D7HB1Y4B, B0D7M991RJ, B0D7HJMDBW, B0D92DBYNV, B0D92CGQBR, B0D7H2MHZH, B0D8VDKGSS, B0D7H7G9LV, B0D6YZBDRB, B0D6XS2HXF, B0D7MM28N5, B0D8VF5596, B0D8YK6JZ8, B0D7HDRVW7, B0D8PX8779, B0D7HDRVW9, B0D7HJRC1L, B0D92H8CQ8, B0D7H34JMJ, B0D7H6CJW7, B0D92DBYP5, B0D91HFLJZ, B0D7H883QP, B0D6B71JDS, B0D8L84JP5, B0D7M7NNF7, B0D7HHDJ6C, B0D7HJMNYG, B0D7GWZRKM, B0D6B5TTF7, B0D7M5FLTN, B0D7HM93L8, B0D92CLBTK, B0D7H2DQDC, B0D4ZBJTVW, B0DGLL5M75, B0D7M7NNG4, B0D7MJVZYD, B0D6Y7M2T6, B0D92DDDB6, B0D7H3X5W8, B0D7HF45TW, B0D92D3SRW, B0D7H3X5W3, B0D8VCM6KR, B0D6XR835P, B0D7H2YVQ5, B0D8NMB3NW, B0D72WQGWM, B0D7H3YHFD, B0D91J1Y5G, B0D7HP3VRQ, B0D7HP3VS1, B0D8L5YS4G, B0D8VCMVSD, B0D7H3YHF6, B0D7HJB9RF, B0D92DQJHN, B0D7M84HDH, B0D7GFJDVP, B0D7HMMKC2, B0D7GXYWMT, B0D69WZ71J, B0D7GXYWMV, B0D8YL7CQF, B0D7M4WVFD, B0D92DL8V3, B0D91F7HQG, B0D8VF3WNT, B0D91G8Y2F, B0D7H696MC, B0D7H9V4QJ, B0D8P216YG, B0D8NVMW1T, B0D7HJMZ2C, B0D7M55QDQ, B0D92CGYLX, B0D7H9P3CQ, B0D69GGJ6D, B0D7HL4LLN, B0D8NCMVK7, B0D92F47BQ, B0D7HPTJ5Y, B0D7HNFJX3, B0D8P2RH6J, B0D92G194K, B0D8P57RGL, B0D8P2GTQ6, B0D6Z1VY9T, B0D8VFJL5G, B0D92FVDX8, B0D7CRXWFY, B0D7M7LD3Y, B0DGLL61QV, B0D92D9JSG, B0D6B5H3F1, B0D7H312Q8, B0D91HQLQL, B0D7H9JZDG, B0D8V5P4V9, B0D7HF91WR, B0D91HVT1V, B0D7H6D8G5, B0D7HBLF6Z, B0D92FC4TB, B0D7H5GB3S, B0DS8D6L32, B0D6XFVWBB, B0D7HB7669, B0D7H6DN1Y, B0D91HQFFJ, B0D92FRGKH, B0D7M7BSJC, B0D6XT8WJ9, B0D92FRGKL, B0D8PZW76B, B0D7H6D8GM, B0D7MKBF5V, B0DGLM2GRM, B0D7HLJS96, B0D7H92P77, B0D92D8ZX2, B0D8YLLDXB, B0D92F16M4, B0D92FBFYV, B0D92C21Z1, B0D7H9JZCW, B0D7HJSNML, B0D7H7VTNT, B0D7HQTVT1, B0D6B6N4VL, B0D8YKM4S8, B0D7H92VFG, B0D4ZC8XPX, B0D7H8MZZT, B0D8L7WM19, B0D7GHZCP4, B0D7CS1R7Y, B0D6XBF6B9, B0D91HTSZ4, B0D8L78S9V, B0D91JFYV6, B0D7M94JJJ, B0D92DR8HS, B0D7HBYNB1, B0D7M78RGB, B0D92DYJ74, B0D6XD2ZKH, B0D92DYJ6T, B0D8NNTKCT, B0DMT1837V, B0D7CS214W, B0D7HQ5W2Q, B0D7H7BGQN, B0D7HB75P7, B0D7HPSZCQ, B0D7HB6PHB, B0D8P1W3TW, B0D92F7QSR, B0D6Y6GY7X, B0DS8HZ8NJ, B0D8VDS6NB, B0D6XPPP5G, B0D92F4HJH, B0D92FP2N2, B0D8YKYNDJ, B0D7HQNSJ1, B0D6B56B22, B0D91JCZKH, B0D6B782VC, B0D8P56J49, B0D6X8GFTS, B0D91HKWDP, B0D92CTC62, B0D72ZMNJ4, B0D91HWQW9, B0D6XPL6PD, B0D7HC5DVS, B0D8NM7NS8, B0D7H7CB6Q, B0D4ZBHD19, B0D7H7GVS9, B0D7H6DC1X, B0D7D4CKYK, B0D7M59PNW, B0D7H2SW6X, B0D7M75BMD, B0D4TSH9NB, B0D92HR53Y, B0D8VF9PY2, B0D7HB8RG5, B0DMSWRS5G, B0D92FP2N7, B0D8NRPCJP, B0D8V5PH7N, B0D69V8D2W, B0D92H6FJN, B0D7HQP7P5, B0D92H6FJM, B0D8V5P76G, B0D8L7X5LK, B0D7HK62W4, B0D8VC9CLV, B0DHGS2ZMN, B0D7H2DPTK, B0D82W6NS5, B0D92CX9ZN, B0D92FFT17, B0D92GJ3HL, B0D4TKLF6N, B0D7H94T1T, B0D7HHJF82, B0D8PYRG7P, B0D7HK6RY5, B0D7M1ZH1Q, B0D7HDHYJ4, B0D7H7FFZ8, B0D8NNH2Q8, B0D6Y6FDX5, B0D7H7S633, B0D91HTPZ9, B0D83D11VH, B0D7H5FJNZ, B0D7H7S62Y, B0D6XD3VFM, B0D8L6JJ5Q, B0D7H2TG3L, B0D7H32LFR, B0D7HHNL8X, B0D6B3F2XK, B0D8VFQ4X8, B0D8Q1H5H2, B0D92DGGNF, B0D8VF3HX4, B0D7HKW2YQ, B0D7GXYJSL, B0D91J166K, B0D7HB6J9Y, B0D4TW2T5S, B0D92G2C1B, B0D6XZ5Q4Z, B0D7H34TMX, B0D8NRMDRD, B0D8NNJPD5, B0D7H31243, B0D92FXKKG, B0D6YKSK9G, B0D92DPW41, B0D92CYTP6, B0D7HDHYHK, B0D72VQV4H, B0D7HHTKH5, B0D7H8R93F, B0D7H8R93C, B0D7H97QWY, B0D8NW5J3S, B0D7H6CPDX, B0D92GZGDH, B0D7H8R93K, B0D7MC5GQ2, B0D635WCX4, B0D7H8SYPR, B0D69SCZXM, B0D7M6N1S7, B0D92FS87P, B0D7HPDY4B, B0D92G244G, B0D7H9C37C, B0D6XD6PV2, B0D7GG8YH9, B0FN4HRW78, B0D7H3XDS4, B0D92F9KJS, B0D92CLM6M, B0D6XGFP4G, B0D6YD27JH, B0D8NVJ7M4, B0D7D4BBR1, B0D92GBTGM, B0D7H6YTMN, B0D7H6YTML, B0D8VDK1FJ, B0D8VCNVB3, B0D92BJDG4, B0D7H2GQX4, B0D7M55RVY, B0D7HCHTXR, B0D92GVPD9, B0D8L7J38W, B0D91HRBQX, B0D7H9WHGW, B0D8NR62N3, B0D92GH5XG, B0D91J2YF9, B0D7GP5QKC, B0D7H36S2F, B0DMSV6LPX, B0FN4GDMH3, B0D92FLFLB, B0D8L6JGZK, B0D7HMQXCX, B0D92DMC9N, B0D72VF69V, B0D7MK9B9W, B0D7H9GF5G, B0D92FK8TF, B0D7HCK5M6, B0D7387J2S, B0D92FQT8R, B0D8V5NH36, B0D7HQKD97, B0D7LY9NW1, B0D92D4LX3, B0D8NVSK3X, B0D7HDPKNW, B0D7Q2PS35, B0D7HPQ4J9, B0D91J2CTQ, B0D7HDPKP5, B0D7GY1B24, B0D7H2GQW5, B0D7Q1BQW5, B0D8NZZ1WG, B0D7H9P4ZS, B0D8L47JQN, B0D92CBVB7, B0D7MHKRZC, B0D92DV4CW, B0D92F36XP, B0D92H89Y2, B0D7H9F235, B0D92FRRTD, B0D7HDK9X2, B0D7HPWV8W, B0D4TY3JR7, B0D7H68TVT, B0D8P7SVWC, B0D6993BDT, B0D7H2H354, B0D8YKGF81, B0D7H4MDP6, B0D7HP1SC8, B0D6XZVRMV, B0D7H9KVJM, B0D7CTY37Q, B0D8NZ74GH, B0D8L6ZM5P, B0D7H9B8JX]",amzn1.campaign.2OWHF5BPLTPGD,Top Home Decor | Erosebridal 100K+ Styles | 15% Commission 48,Erosebridal,2026-09-04,2027-09-04,15.00%,10000.0,10000.0,128,800,false
"[B0FTS1LN4R, B0FTS3XTW7, B0FTS4GHVB, B0FTS7G5YL, B0FTS749J2, B0DMVVVQRH, B0DMVXL7VM, B0FTS1CQYT, B0DMVX3GKP, B0DMVWW14R, B0DMVVMNWL, B0DMVT2PFH, B0FTSHCGBM, B0FTS7C7YV, B0FTS4KGQ6, B0DMVYTXNP, B0DMVWG9FW, B0DMVYXMMD, B0DMVWP95X, B0FTS6X6H8, B0DMVV1F8Z, B0DMVYS22D, B0DMVV816G, B0DMVVDG35, B0FTS6CWDB, B0DMVTLCLY, B0DMVVS1WZ, B0DMVV8YZG, B0DMVXRH6D, B0DMVV3R6Y, B0FTS1PD1M, B0DMVXV2BT, B0FTS8CRYT, B0FTS4CLFT, B0DMVTM3MR, B0FTS4CLFX, B0DMVWP531, B0DMVSG422, B0DMVVG5VJ, B0DMVTFNZ6, B0FTS415NM, B0FTS1DR27, B0FTS81Y2W, B0FTS1Q5NS, B0DMVV3MHN, B0DMVWZ8YK, B0DMVTJ78J, B0DMVWGTHF, B0FTS78C1L, B0FTS1RDG3, B0DMVVVMXG, B0DMVT839T, B0DMVXMQZ3, B0DMVVCQCT, B0DMVVNLZ8, B0DMVVYBHY, B0DMVW55NT, B0DMVVDYYH, B0FTS1SG57, B0FTS6XCWW, B0FTS1Q2VG, B0DMVRRJCG, B0DMVXXG7P, B0FTS49PWP, B0FTS44CDG, B0FTS8MBZK, B0FTSHD1T7, B0FTS47ZHN, B0DMVVX35J, B0FTS4Q6PG]",amzn1.campaign.32V7NU9TYXA5Q,10% Commission On Strapless Maxi Dresses For Women BT571,BTFBM,2026-09-04,2026-10-16,10.00%,8000.0,7986.73,46,800,false
"[B0FR4RZ7LD, B0FR4RN379, B0FR4GR4LB]",amzn1.campaign.XLJXI3QLHBPN,MAGNIFIQUE Clay Pot Multi-Cooker-MCR51P,MAGNIFIQUE EXPERIENCE DELIGHT,2026-09-04,2026-10-31,20.00%,50000.0,49604.0,102,800,false
"[B0GCRPSD8R, B0GCRWST42, B0GCS6TMT4]",amzn1.campaign.3SKMWG2EWPBVV,翻牌游戏,Dreamtailor,2026-09-04,2026-10-31,10.00%,5000.0,4986.0,127,800,false
"[B0GXT3SP6S, B0GGYQG6ZJ, B0GXTCG3ZP, B0GGYKK65Z, B0GGZ1FGJQ, B0GGYKMZR6, B0GGYNR8QM, B0GGYMMYBC, B0GXTJGCRY]",amzn1.campaign.1VL33EWNV9KQL,Molly-SK-WG455-8130 (1),MONTANA WEST,2026-09-04,2026-12-04,10.00%,5000.0,5000.0,78,800,false
"[B0FXB14VSV, B0FKG252KJ, B0FX9X98N3, B0F7LT76KG, B0FXB2YMD9]",amzn1.campaign.1VL7IXQ43EEOY,12% Commission + Top‑Rated LED Channel for Your Audience,YeaLunong,2026-09-04,2027-09-04,12.00%,50000.0,50000.0,125,800,false
"[B0H4FB98BY, B0H4F7SCX5, B0H4F5R43N, B0H4F2XPCV, B0H4F9WQL7, B0H4F18RZK, B0H4F2HR7C, B0H4FD3RMM, B0H4DZP8SH, B0H4DVV7NZ, B0H4F58W4M, B0H4F9L2JZ, B0H4F1MH4S, B0H4F63DXX, B0H4FB1Y8C, B0H4DZ7SJ2, B0H4DZ48MJ, B0H4F4QSM9, B0H4F9WJGD, B0H4F2DLFP, B0H4FDLQDB, B0H4FDM8LC, B0H4DX7VHN, B0H4DS8N87, B0H4F7PRHN, B0H4FGWMR2, B0H4F3SBZ5, B0H4F2F76H, B0H4FBL7F3, B0H4DYL4NJ, B0H4DYJJWY, B0H4FDF46X, B0H4F687YT, B0H4F65W8V, B0H4F4S2C4, B0H4DYSHKG, B0H4F2G172, B0H4FB9GCM, B0H4F47YWN, B0H4F444CJ, B0H4F7PK4D, B0H4F2GZSS, B0H4F5MVTV, B0H4DSBK1Z, B0H4F7XJ5F, B0H4F5CS7H, B0H4F54Y7R, B0H4F5GK81, B0H4F99QXD, B0H4F2LNHK]",amzn1.campaign.2XAWSRDM3G8CN,E026    2 piece outfits,KBKBSN,2026-09-04,2026-12-31,20.00%,5000.0,4990.14,112,800,false
[B0FQTB33VY],amzn1.campaign.1ZUC1KNFCFRQC,HY-M3-B0FQTB33VY-10%,Lefant,2026-09-04,2026-10-07,10.00%,50000.0,49971.5,115,800,false
"[B0H98T1FFY, B0GTVN5G74, B0GTVCQW13, B0GTVH61CT, B0GTVM4LGR, B0H98SYXH7, B0H98SM4CR, B0H98TT3QW, B0H98WWM9S, B0H98GDL5F, B0H98RR8YZ, B0GTV9SRS1, B0H98QKFFN, B0GTVL5GGV, B0GTVKWBHD, B0GTVRGFW6, B0GTVH57WV, B0H98GLWTC]",amzn1.campaign.37JSOCDUVDZB2,Earn high commissions——Experience fashion style with Hathne!0028,hathne,2026-09-01,2027-03-02,16.49%,5000.0,5000.0,158,800,false
"[B0B4S9LG4H, B0CMWQG6ZN, B0BXL5J8V9, B0B24L214D, B0B3XGHXFS, B09SKS9DL5, B091YJKL38, B0BLGSWW2K, B0C2BVPNJ5, B0CHJBBYM4, B09W4CB9PC, B0BN34ZRJG, B0BW954853, B0F43JJZCN, B0D8T46WRR, B0CHJB8C6K, B0CMXGN4NW, B091JYYBBR, B0B55Y7KD9, B0D8SRWT1N, B0B2R4RRKJ, B0CMWRQGXF, B09VWR3WVB, B0F6MMX6ZV, B0CMWPMSFH, B0D8SSVSV8, B0BZTQVKC2, B0C3VLJH54, B09BKWV9NC, B0BLGGR5X3, B0CHJ81X6J, B0BW95B8G5]",amzn1.campaign.2MW4DXR4R6PYJ,10.24% commission,BIKCZEWIN,2026-09-04,2026-10-04,10.24%,5000.0,4997.19,138,800,false
"[B0HCV9DWDR, B0H7BJRGTW]",amzn1.campaign.20MRIFYXW28UO,NEW ACT3512 Wireless Earbuds - Creator Collaboration - 20% Commission,AOC,2026-09-04,2027-06-30,20.00%,50000.0,49457.2,72,800,false
[B0FVSCB4Y7],amzn1.campaign.1P1V1TXIUBZJQ,Updated 10 in 1 Upgraded Nut Milk Maker Machine-10% commission,Nutrikeep,2026-09-04,2026-11-30,10.00%,5000.0,4994.6,124,800,false
"[B0FXB59TR5, B0FXB5KSKZ, B0FXB63XWP]",amzn1.campaign.3CPRADRHW5C77,12% Comm | Top-Rated Bendable LED Channels (4.8★ & 1k+ Monthly Sales),YeaLunong,2026-09-04,2026-12-31,12.00%,50000.0,50000.0,131,800,false
"[B0GTKF9H53, B0GTKCVJZB, B0GTL1PBSX, B0GTKF886N]",amzn1.campaign.2FSDBAGB6ZLSZ,🎁 Quirky Owl Gift | A Bathroom Find with a Blue Glow Twist,neexan,2026-09-04,2027-09-02,15.00%,100000.0,100000.0,140,800,false
"[B0FJB7SL7H, B0DQNNZ8N1, B0FJBVQ7MD, B0D1G8W272, B0FJB7YMQ3, B0DQNCM7HY, B0FJBVZSJF, B0H24XQ154, B0FLPZ5ZSB, B0FJBGH75G, B0DQNM23LR, B0CL9S1JWR, B0DQNKVDCM, B0H256X6N4, B0FJBNWVTL, B0FJBLG5L3, B0H257MFY5, B0H251YTGP, B0DQNCXT93, B0FJBW93X8, B0H25FRRMK, B0DQNTQQ3W, B0FJBR1F7T, B0BVGZVDR5, B0H258TM57, B0D1G5RCKC, B0FJBHNFFH, B0H25GGYGR, B0FJBJ2723, B0BVBF7FMJ, B0CL9TL3HK, B0D591JWCF, B0FJBHFD9L, B0BVH37H9V, B0DQNGRSD1, B0FJBKY8Y4, B0H2523M5G, B0C9CMSZDD, B0D1G6RKMZ, B0FJBBBL3P, B0FJBPLFYM, B0CL9WWDKJ, B0BVH2TGLY, B0FJBNKP2B, B0CL9SVGFM, B0DQNQQVS7, B0DQNJ7PLP, B0CL9VYRHZ, B0C9CMHXL1, B0FLQ2P625, B0GZMYXZNM, B0GZNDTK9H, B0DQNS1QXK, B0FJBDH12R, B0D1G87VRC, B0H2551DRK, B0FJ9MCJYY, B0DQNSKJD6, B0D1G682P7, B0FJBP4D4S, B0FJBDGGPN, B0D1G5PSW9, B0H255R5BK, B0FJB612GJ, B0DQNTV7F2, B0D59RW2QB, B0FJB1RB7V, B0C9CLCFM3, B0FJBD9668, B0DQN6DNKK, B0H256HLJZ, B0CL9TWYLX, B0DQNSJS2J, B0H25BYJS3, B0BVGZJFNP, B0C9DBJHR6, B0C9CQMBTN, B0DQNT88ZC, B0D1G5GWWP, B0BVH3LPGK, B0FLPSRM6J, B0D1G67LCR, B0H252YSLB, B0DQN6DYZQ, B0H258JG2B, B0D1G64FRB, B0FLPGHRZ1, B0FJBVD49N, B0BVGZ4NWP, B0DQN6DYZJ, B0H256K1F2, B0H259B6HW, B0H258MTT8, B0CL9TNZBN, B0H25HF6GH, B0CL9T5PRS, B0BVGZW9L8, B0BVH2NRXM, B0DQNGSC69, B0FJBCZ49L, B0H25DBKH2, B0H25B29TZ, B0CL9V6CF2, B0FJBVZSBH, B0H25H8LV3, B0FJBRQ4JH, B0H256QJ6R, B0DQNMBCGC, B0FJBNBCX4, B0H25F4KP2, B0C9CQWN3Z, B0H24YNB61, B0H257N2D7]",amzn1.campaign.3LA4P9NO5KDET,15% Commission Avaliable - Fleece Sheet Set （Up to 54% Off),BEDELITE,2026-09-04,2026-10-31,15.00%,5000.0,3958.36,97,800,false
"[B0GSK4GMYV, B0GSJVWTFG, B0GSJZ8FS5, B0GSK44NK2, B0GSK85SQT]",amzn1.campaign.3NQF2XW9QOXVH,Funny Swimming Pool Warning Metal Tin Signs Summer Artwork Wall Decor,PlikPlakey,2026-09-04,2026-11-17,10.00%,5000.0,5000.0,129,800,false
"[B0H14YWW6N, B0H157JX87, B0H1534ZQW, B0H156DXMX, B0H153G18H, B0H155C9ZB, B0H158DLDR, B0H1578VLS, B0H15CCGML, B0H1545W1N, B0H1572FTX, B0H15D8NS1, B0H151MY7S, B0H15C7WDN, B0H152B6J9, B0H1581BNZ, B0H151VDN2, B0H1533153, B0H1548D32, B0H14XJJWP, B0H156K7RQ, B0H1573FWW, B0H156NXG4, B0H15918HS, B0H152RLBM, B0H156R857, B0H14ZH8KD, B0H14ZH8KC, B0H14V87LV, B0H153794Y]",amzn1.campaign.1XXJI4RDZLDWR,Partnership Opportunity for Promoting Striped Track Pants for Women-11,EGOCKAL,2026-09-04,2026-10-04,11.00%,5000.0,4941.7,111,800,false
"[B0GK9BVYSN, B0GK98T83H, B0GK98YGDS, B0GK9C23Y8, B0GK8XGVZW, B0GK991PJ2, B0GK8XZMK3, B0GK9PGC3T, B0GK9Q5ZZY, B0GK981Q7T, B0GK972RHQ, B0GK8ZY21S, B0GK9894Z4, B0GK9DJDTR, B0GK981LCW, B0GK93N7MT, B0GK9K2J85, B0GK953HN7]",amzn1.campaign.2KFGC4D1JSXSZ,"🧒 10% + Free Sample | Kids Elastic Braided Belt (Non-Metal, Ages 3-16)",SANSTHS,2026-09-04,2027-01-04,10.00%,5000.0,5000.0,130,800,false
"[B0H98T1FFY, B0GTVN5G74, B0GTVCQW13, B0GTVH61CT, B0GTVM4LGR, B0H98SYXH7, B0H98SM4CR, B0H98TT3QW, B0H98WWM9S, B0H98GDL5F, B0H98RR8YZ, B0GTV9SRS1, B0H98QKFFN, B0GTVL5GGV, B0GTVKWBHD, B0GTVRGFW6, B0GTVH57WV, B0H98GLWTC]",amzn1.campaign.2CWNRDC8VE837,Earn high commissions——Experience fashion style with Hathne!0028,hathne,2026-09-01,2027-03-02,16.48%,5000.0,5000.0,158,800,false
[B0F89D8CZL],amzn1.campaign.1UIZG5M6F63FJ,15% Commission+Monthly Sales 2000+ Explosive Lightsaber Set Promotion Invitation,TQQALCYS,2026-09-04,2027-02-28,15.00%,88888.0,88888.0,120,800,false
"[B0CVVT82BN, B0FMXS6Q2F, B0BZ72N2T3, B07TWRNPYL, B0FMXRYL3K, B0BZ88MTWM, B0CVVSL219]",amzn1.campaign.WP5SRURLFJ9J,🍁Fall for New Deals🍁 - Cork White Combo Boards – Earn 10% Affiliate Bonus!,WALGLASS,2026-09-04,2026-10-31,10.00%,5000.0,4975.67,125,800,false
[B0F23JFV5Q],amzn1.campaign.2V80DX1VC86RQ,Megneta | Chlorophyll Liquid Drops+DROPS-E,MEGNETA,2026-09-04,2027-09-04,10.00%,8888.0,8886.0,123,800,false
"[B09KXGN1T3, B07K3WTMB3, B07K3Z3L5V, B09KXGFKRB, B07K41FFBP, B07K3TZC6N, B08XGDSRCS, B09KXGBM24, B07K3YC35P, B08XHFN4N9, B08XH1ZWBH, B09KXJ482G, B09L4T4K4D, B0B49Z4MG1, B07K3THF8Y, B09KXLQR27, B07K42BRJ5, B07K3XD92S, B07K3Z6GJQ, B09KXFNHN2, B09KXGHWYY, B0B4B16TRX, B09KXGHC1C, B09L4RQLXZ, B08XH2PB9F, B07K3RJ9KY, B07K3YHXP4, B07K445DT8, B09KXFSWDX, B09L4SDMGM, B085SZLB78, B09KXLVRM7, B07K3SBRDZ, B09KXFTYW8, B09KXFVHWK, B09KXGGNL1, B09L4RVCRW, B07K41553Z, B07K3Z46RW, B09KXGMN8R, B09KXG3Q56, B09KXHK96K, B09KXHJ1ZP, B09L4T891V, B07K438WBP, B07K42KPPL, B07ZJ49MWS, B09KXGG1SL, B09KXK9C66, B09KXDHWPP]",amzn1.campaign.K156IYUFBSK3,HR0140-10%-Womens Velvet Button Down T Shirts Swing Mini Dress,Caitefaso,2026-09-04,2026-10-31,10.00%,5000.0,4926.0,106,800,false
"[B0GVH83S3S, B0GVGVC6KP, B0GVH6TP8K]",amzn1.campaign.EGMU6MRL153L,Perfect for Product Demonstrations — Earn 10%,OraSafe,2026-09-04,2026-12-31,10.00%,5000.0,4995.1,134,800,false
"[B0D93B2V36, B0D92FK98W, B0D92FK998, B0D92FCFJP, B0D92DBXHK, B0D92CFG5S, B0D7HM9L73, B0D93BMN3N, B0D92FV2K8, B0D92G2BYV, B0D939Z77V, B0DB5SD73T, B0D92G9J3M, B0D7H2RK4M, B0D93BPS4P, B0DB5TCG9T, B0D92FV2KK, B0D7LXSZYH, B0D92DJ1D8, B0D92FK99P, B0D93B396B, B0D92HW5X7, B0D7HQJ8NS, B0D92HW5XL, B0DB5T4ZMZ, B0D93B4HSK, B0D939KWBZ, B0D7H31SKD, B0DBLQRLR7, B0D7GKCLGV, B0D7HQGWTK, B0D7H8TBWK, B0D7H9PKXK, B0D7HQGWTH, B0D92HW5XY, B0D8L87LR1, B0D92DKGMT, B0D92GRLMF, B0D93B373H, B0D92FV2K7, B0D8B3K278, B0D7H31SKT, B0D7H8TP2D, B0D92GXRFX, B0D92FCFJL, B0D7H9FX1X, B0D93B36T7, B0D7H31JVY, B0DB5SFXR1, B0D92FCZ3N, B0D92BZHVZ, B0DGLJFWM2, B0D92DZQV3, B0D92H4GC8, B0D9NSGVN2, B0D7H4S2H1, B0D92F9XNQ, B0D7HB99C2, B0D92DXMTN, B0D9NSX5YR, B0DB5W9WDK, B0D7H7W8YH, B0D92DXMTQ, B0DB5RB78S, B0D92BYY9N, B0DB5SM4W1, B0D7G9TC11, B0D92F5NH6, B0D92D5J6X, B0DFM59TK5, B0D8BCJDFV, B0D92C82RK, B0DB5SKRXH, B0D939JMXH, B0D9NS3QX8, B0D92FHXD5, B0D7H923GP, B0D5Y29XM3, B0DB5TRJX8, B0DF25KSGY, B0D92D6HQS, B0DB5VM9MJ, B0D92CJJKL, B0DB5SMB3R, B0D92C82RB, B0D65XTPKG, B0D92FJ3TK, B0D939MHCV, B0D939YT82, B0D93BGZYJ, B0D5Y1K8SZ, B0D92DVXRD, B0D89L7RRG, B0D92GXW4D, B0D92CJJJX, B0D939MHCY, B0D92GG3D2, B0D92GF8PX, B0DGLJXC3S, B0D92DMKTB, B0D92FSBZ4, B0D92CJYGW, B0D9NSFHPY, B0D92FKRQJ, B0DB5TS6PY, B0D7CQNCGN, B0D92CJJJD, B0D93BS84R, B0D92FDKY2, B0D7M7CT16, B0DB5TS6PS, B0D92HD784, B0D7HHNYD3, B0D92GF8Q5, B0D92DRLGK, B0D92DPNR1, B0D8B48NH5, B0D92FDKY7, B0D5Y47HH2, B0D92GVS58, B0D7CTLWN2, B0D92F8SL4, B0D7GXVGDV, B0D92GVS4Q, B0D939Q77T, B0D7H9H7NT, B0D939Q77S, B0D939YML5, B0D7GG2LNP, B0D7HML42L, B0D8B3HYJT, B0D92D85HG, B0D92D3L56, B0D939F78N, B0D7G97G2R, B0D89MHL4F, B0D92F6V6C, B0D92DVVPF, B0D7HB9NHR, B0D92D1717, B0DB5SF75M, B0D92CNNDL, B0D9NT6K3D, B0D92D1CHY, B0D92D27NL, B0D91N46ZW, B0D92F5LGN, B0D92F3NQT, B0D92FLC1Y, B0D7M81K2T, B0D92D1PB9, B0D9NT6K3G, B0D92DT31R, B0D92FBW5K, B0D92FHXFF, B0D92F9VQ7, B0D92FKRQS, B0D93BSM79, B0D93BVZH3, B0D92D5TPG, B0D8L72VXT, B0D91M2LH6, B0D8B1LL3K, B0DMJFVJJP, B0D7HRMFPH, B0D7HMYDRY, B0DGLK6S34, B0D5Y25CK3, B0D92F8BKN, B0D93BN576, B0D9NSVZMW, B0D7CTGPR5, B0D9NRB26K, B0D92CL6YV, B0D7H9TBW6, B0D92CQ7LC, B0D91P64WQ, B0D7HM6BVQ, B0D939BGZB, B0D896WB5W, B0D7H322LR, B0D7H9411L, B0D9NRH82W, B0D92D8YSN, B0D7CQPP5T, B0D92D8JVJ, B0D92DZKRW, B0D5R21WVP, B0D92FCBLS, B0D92D61JY, B0D7GXSJJR, B0D92FY7XQ, B0DBLSHN8T, B0D7H4D9GS, B0D92H8P38, B0D92FYG6T, B0D92D67WQ, B0D9NSB3Z6, B0D92BCVMC, B0D91MXWGK, B0D5XZRJ88, B0D92DL5RD, B0D91NCVGX, B0D92FY7Y5, B0D92GSVJS, B0D92GSVK5, B0D92D61KY, B0D939XD2G, B0D92FS4C5, B0D92BWVPR, B0D92CP4FJ, B0D92FTPWR, B0D92CLTQJ, B0D92D61LD, B0DB5SP3VF, B0D92CD9TB, B0D92D63Q1, B0DB5STWQ1, B0D9NT3J5Q, B0D929B8TQ, B0D7H7KJZQ, B0D92CNRFT, B0D91NRKFF, B0DB5SZYD6, B0D7HBC7VR, B0D92C84LR, B0D9396QTL, B0D92DKS16, B0D89NR3B8, B0D89JP2XG, B0D89DDSFG, B0D7GKZR9D, B0D732277C, B0DB5VPL1C, B0D939QRG8, B0D92DRFCK, B0D91N2LDS, B0DB5RVYLN, B0D92FG5JR, B0D939JKM1, B0D92BXWMY, B0D7HF57MT, B0D92GSVKZ, B0D92FTJN9, B0D7H5TSLL, B0D8J6T95N, B0D92CQYJ2, B0D89SRDT4, B0D7HRC4QC, B0D92FZ4SK, B0D92G5SB9, B0D92FTM5F, B0D939DWHW, B0D5XXFNFJ, B0D7HLG1DQ, B0D7H4T9D2, B0D92GWZKF, B0D92D1P9V, B0D92FBYCG, B0D9398XMS, B0D89MJWV9, B0D92DQZPM, B0D92DM533, B0D9NT7VNY, B0D7H2YWGG, B0D92CWV1Z, B0DGLJFR5M, B0D7GFG5HD, B0D7H2QR5T, B0D92CQYHF, B0D89MJ7XF, B0D5XZG22Z, B0D92FTM4D, B0D7HCCQG8, B0D5R4V6TQ, B0D92DLSQZ, B0DB5SPHC9, B0D7M31L7Z, B0DB5TG36P, B0D7HNW6HK, B0D92HGFZ5, B0D7M7792H, B0D7H61HPN, B0D7H4L7X3, B0D7H683RJ, B0D92HGFYZ, B0D7CV5LNP, B0DB5SK6NG, B0D92FTM56, B0D92CY1DV, B0D93BPBC8, B0D92F37LX, B0D7HL2GMF, B0D93B6WZN, B0D5XZCL1H, B0D92FB9D5, B0D93B6WZK, B0D7HQWD2B, B0D8B2PNGG, B0D92DH6F1, B0D92DD2J6, B0D89NV31B, B0D5Y3T537, B0D5XZCL18, B0D91PZD87, B0D92G17Z9, B0D929949G, B0D93BF91F, B0D93C2J2C, B0D92FV9KG, B0D7H69VSB, B0D7HDRSC4, B0D92FSTGX, B0D5Y1JKNQ, B0D92F9JC2, B0D8979HHV, B0D92C51JS, B0D92CVLDG, B0D92CFYFV, B0D7H4R2YQ, B0D92F61ZZ, B0DB5STF4D, B0D92F61ZS, B0D89KWQ6P, B0DB5T9GJS, B0D7HDN89D, B0D7HQ77S8, B0D7M7QGCH, B0D7HLZ2NN, B0DB5T4WYP, B0D7HQZDKP, B0D939PVDM, B0D92D6ZCH, B0D92FGZ9V, B0D92FCMLK, B0D7HHH4QY, B0D92GVJRV, B0D7CR7FGX, B0D93BWG3X, B0D92DK155, B0D5Y17B3F, B0D5Y1HTDM, B0D5XXS8X5, B0DGLMMRPQ, B0D939X7R7, B0D92FWR9M, B0DB5TRNP6, B0DB5SVGSM, B0D7HHH4Q7, B0D939FQ9W, B0DB5TJSQM, B0D93BS49Z, B0D92GWKQ4, B0D7HP4JBT, B0DB5TKF4L, B0D7H9DNW1, B0D92CW44D, B0D92DFPBM, B0D7GDD6QT, B0D92DGLXH, B0D7CTVRWL, B0D89JL5B5, B0D939M5QC, B0D92DF2H6, B0D92D68C2, B0D92CR478, B0DB5T9TGR, B0D91MDKRF, B0D92GCMRW, B0D89TXFCC, B0D92BJRFD, B0D93B4QQB, B0D81ZQYX7, B0D7G812H8, B0D92DTHJ4, B0D9NSN5CM, B0D7GXTT3W, B0D5Y5LG9Q, B0DGLKXVMN, B0DS8DW25W, B0D91NJT4W, B0D9394NM8, B0DB5SBY38, B0DB5QNYYR, B0D939MJZS, B0D91NM8VH, B0D92D3NYH, B0D93BMTGR, B0D92DFW1V, B0D8L5JQMF, B0D91K9VMH, B0D93BR13C, B0DB5SGJHV, B0D92D8STN, B0D91NLKM6, B0D92DN5XW, B0D92DW3ZG, B0D91MRYQT, B0D92D35WN, B0D92DFW2J, B0DB5VH8NR, B0D7CS1Z1N, B0D5QYJLDZ, B0DB5V8BR1, B0D5Y1XW69, B0D93BKCKB, B0D89SCV9N, B0D7HPFM73, B0D93B6QFW, B0D93B6QFX, B0D5Y1ZXRZ, B0D93B4V64, B0D92CWBTC, B0D8972Q8Q, B0D9NRVRK9, B0D7HBRS1S, B0D92D61XV, B0D92DKPX8, B0D7HJ7JDS, B0D7CPQ93X, B0D92CBNVX, B0D92FC6BT, B0D92FLZR2, B0D91MSL35, B0DFH8885L, B0D92CXB17, B0D7H6NBK4, B0D7H2Y9SD, B0D7M4VBR8, B0D7H968KB, B0D7H68MLS, B0D92D824V, B0D89PNYRC, B0D91MFKWY, B0D7G8SQ4Z, B0D91MZVR9, B0D5XXVJV5, B0D92DKPY5, B0D92DG84V, B0D9NRYFLN, B0D93BQXDW, B0D8L5TCV4, B0D92F42JG, B0D939FD5Z, B0D91MNSQ3, B0D5XZSNTN, B0DB5SXTLF, B0D93BC7NL, B0DB5SW3PC, B0D92DYDYL, B0FWJB6XRN, B0D7HDLG1F, B0D92FGMHK, B0D5Y2731N, B0D92DYDYP, B0DMHXX89R, B0D93BBTCM, B0D7HC47TY, B0D9NSG15X, B0D93B2WZ1, B0D89RZ4LL, B0D7HM1SY7, B0D92CPKCY, B0D5Y1XZYG, B0D92BN23G, B0D92CGWVC, B0D92DYKGZ, B0D92CYMH3, B0DB5S3NQG, B0D92CYMH1, B0D7H9HW3Q, B0DB5SSKL7, B0D9NSM92Q, B0D92CYMH5, B0D91NTLS9, B0D92G5BKV, B0D92F2F8S, B0D92DYKGN, B0D8B3C2X7, B0D92FWCH3, B0D939XHMZ, B0D939FB7D, B0D9392VZ7, B0D7H8GQHX, B0D939FB7F, B0D7H93V32, B0D5XXC8NS, B0D92DQNFH, B0DGLLS5XM, B0D92DQNFD, B0D92CM7CB, B0D896F9LH, B0D92DDD9K, B0DB5RKF6V, B0DB5RKF6W, B0D7HH96X5, B0D92GXHRB, B0D7HBL7JL, B0D92DDD9F, B0D5Y1YFL9, B0D92HFFF5, B0D92D5K3Q, B0D92CN3Y4, B0DF2MJ2V8, B0D92FVQF3, B0D91N81NV, B0D939TMC8, B0D92F9JPF, B0D9NR94M3, B0D92G1VCT, B0D5Y277VY, B0DB5SZWQY, B0D92F369M, B0DMJCFFLY, B0D7CRRWNL, B0D9396YDY, B0D92DJH14, B0D91LQBL2, B0D92FWCJ8, B0DBLT9T8P, B0D93B5Z2T, B0D7GXZW29, B0D92GSNNV, B0D7GXZW23, B0D92DHXXB, B0D7H7KW7S, B0D92CGDLL, B0D93B5M9C, B0D92GSNNP, B0D5QZBS8C, B0D92F479R, B0D92C8KFC, B0D7HDTW76, B0D5XZKYGJ, B0D92CMJFC, B0D92CQTNC, B0D93BBFDZ, B0D92D44LJ, B0D7H7KW7F, B0D7H7KW7H, B0D92F7QCT, B0D8B37TRF, B0D92DXPXX, B0D92D8XGN, B0D92D8XGT, B0D92DZLL5, B0D93BFTVY, B0D92CQTN3, B0D92H8CPJ, B0D92D5Z4B, B0D92CXWBW, B0D92GSWC9, B0D92DYQXL, B0DB5TMMKR, B0D5XZ7PLW, B0D7H9V9F7, B0D92GSWC3, B0D91NC9HY, B0DS8HNNKY, B0DF25HKDK, B0D92FJRPJ, B0DS8DNXPG, B0D92FF198, B0D93B4H4L, B0D92DYP7F, B0D7HB8Q4T, B0D92D9HFX, B0D7HM3ML5, B0D7HMMK9S, B0D7D448R1, B0D92C3M6T, B0D7H9NT1J, B0DB5S36HD, B0D92FQ5CQ, B0D92GKC4Y, B0D87FXL1X, B0DB5T27R6, B0D9NTN3QS, B0D5Y31J5L, B0D7G7YHL9, B0D91MP53V, B0D89DC64Z, B0D91MG4MG, B0D92FHPTR, B0DB5RMG8S, B0D92FHPTN, B0D92CPV19, B0D7HHRG26, B0D92CNMF2, B0D92DRT5K, B0D5XZ9CRX, B0D92DRMGW, B0D7HQLPVX, B0D91MG6RJ, B0D7HC9C43, B0FWJ1NYZ1, B0D92F8PC8, B0DB5T5ZNC, B0D7CSDCZ7, B0D5QZM2SV, B0D7H946FN, B0D7HB84YH, B0DB5T5N7R, B0D92FHPV9, B0D92DGBTF, B0D7HBQBJC, B0D92GN8Z3, B0DB5T1ND5, B0D92G6TWY, B0D92DWL7Q, B0D89QLJS2, B0D92G6TX3, B0D92DRT6T, B0D93B4L6P, B0D7HM7DSC, B0D7H92RG2, B0D938CQ1N, B0D92DFHCL, B0D92CTWTJ, B0D92DMSDM, B0D92D3SRM, B0D7H6DKX6, B0DB5SKZK2, B0D7HDSX5L, B0D7HBQBJ4, B0DB5SQX4N, B0D92DQ2Y3, B0D92DW93J, B0D9NSMRNZ, B0D7H323CH, B0D91NXR85, B0DS8DJJ6Y, B0D92H4DD9, B0D5XYGWQY, B0D92FLCRP, B0D92G5R7F, B0D7CQ69ZB, B0D92FLCSC, B0D92C4R92, B0D92G9657, B0D7H9GNRK, B0D7H9D2D8, B0D92C4R94, B0DB5SHDK7, B0DB5VH1PR, B0D7GXYWMN, B0D5XXTQ9L, B0D92DRDZZ, B0D92FRZMJ, B0D93BL26R, B0D92C1NZ2, B0D89ZWPTC, B0DB5VWK9W, B0D92DWRGB, B0D92D88PY, B0D92DQQ81, B0D7HK4D7J, B0D92D68WG, B0D92DCZSG, B0D92C1WJF, B0D92G58FM, B0D9294Y8X, B0D8B7Y1RN, B0D92DZYMV, B0D92C1WJL, B0D92H4HMK, B0D92C1WJ4, B0D7HK4D7Y, B0D92F5BX3, B0DB5VP18P, B0DB5R5JW4, B0D7H7TGY5, B0D93BR7QF, B0D92FH9L3, B0D92DCZTT, B0D7H8T332, B0D92D88RL, B0DB5SGRK9, B0D7H8T336, B0D92D8ZV1, B0D8J44ZL8, B0D92FNF2Y, B0D939FZ1Q, B0D92F5BXQ, B0D92G5XGX, B0D92DHS8F, B0D92DYZTV, B0D92D5SQN, B0D92CFXKN, B0D92GPPH2, B0D8BCJ2L7, B0DB5V6FT9, B0D92C54WN, B0DGLKMNJ2, B0D92F5BWZ, B0D92F16KS, B0D9NV7LY1, B0D92DYZV1, B0D92CMY85, B0D7HMQ9XR, B0D92FLD6L, B0D92DXX42, B0D87BZ7K3, B0DGLMJL58, B0D89MLY95, B0D92FNW5Y, B0D5Y1HY5K, B0D92DWGV2, B0D92BVGV3, B0D92FNW73, B0D5Y23SKT, B0D7M96B2N, B0D9NT6ZM3, B0D7CTNTHH, B0D7MF2KBM, B0D7HCCCRM, B0D7H674K1, B0D7CQ5H35, B0D939Z87P, B0D7H9HZLH, B0DB5W3S8Y, B0D92CVV2P, B0D92FQ3JK, B0D8J61WY5, B0D92D77VY, B0D939DWX9, B0D92C21XR, B0DB5TSDRZ, B0D7H9HZL7, B0D92GFHX2, B0D8J5H2GZ, B0D7H9HZKM, B0D92CVV3L, B0D92F97YW, B0D92DYJ73, B0D92DL78T, B0D5Y2T4JK, B0D91NMTDZ, B0DFH77YKP, B0D92DYW1W, B0D92CRR8R, B0D92F1KZ3, B0D92D8754, B0D92GS7RC, B0D5XXV4D9, B0D5Y1RH2Q, B0D8B5J31Y, B0D7HNHHX9, B0D92CJDTG, B0D92F7QSB, B0D7GM1YPY, B0D92GB29B, B0FWJ9N2D2, B0D92DP6LY, B0D92DWVWW, B0D92C8BDW, B0D5Y1KQYQ, B0D939VY5W, B0D7HF3GQP, B0D92D6F9B, B0DB5T22TP, B0DB5SRFYB, B0D92GB291, B0D92GB28R, B0D7H4MDNF, B0D9NSRZB1, B0D92FP2LQ, B0DB5RCBZF, B0D92D3B6X, B0D92F1KZJ, B0D7MGNQBD, B0D92CMVN3, B0D92CMVMM, B0DMJ4NN3L, B0D93B985B, B0D7H6DC1J, B0D92DMQL6, B0DB5T6J8L, B0D92BYDBB, B0DF1WFXDX, B0D92DPKWG, B0D7H94SNJ, B0D92DMQKW, B0D7G8P1GP, B0D9NPNT1K, B0D92G25RG, B0DB5TJ2P5, B0D92DYTNJ, B0D7H2SW6W, B0D92F58KJ, B0D7H9NYL7, B0D91MTKGB, B0DB5SLZTZ, B0D92DNRLQ, B0D5Y23TGQ, B0D92F7GBF, B0D92GBMQ4, B0D93B985F, B0D9NS42NH, B0D93B985D, B0D92CJ1KH, B0D92CCK2P, B0D7DJPHP9, B0D939X6PW, B0D92GYRZH, B0DFM4D1Q9, B0D93BYJ3S, B0D93BYJ3R, B0D92FPCRL, B0D7GZNSLM, B0DB5T5HZH, B0D939GHG3, B0D939LX6S, B0D89ND5DC, B0D89P9WPP, B0D89R95Y2, B0D7MFLWTZ, B0D92D7T5G, B0D7H7FFYR, B0D93B5KB8, B0D92DSFGH, B0D92F1W5L, B0D7HQMZX4, B0D9NQMLJC, B0D92C4HXZ, B0D939WBJF, B0D92DQHQV, B0D7H2TG3F, B0D92FC14L, B0D92H54KY, B0D896RTXB, B0D7H8LYS5, B0D92DPW2B, B0D939WV47, B0D9NQWBZ3, B0DGLL3ZGX, B0DB5W6158, B0D92D1RXQ, B0D92FHG3Q, B0D7M7XDCR, B0D66BGC8D, B0D7HDHYH8, B0D92CYTNY, B0D7H34TMV, B0D7HF9QL5, B0D92FC164, B0D92G3F2R, B0D92DPW3C, B0D93BLNCQ, B0D92FQ7YK, B0DB5SWVPD, B0D93B2PVW, B0D7GNVB6M, B0D7GP44HZ, B0D92D833R, B0D928YSVZ, B0D92D748T, B0D92D833Q, B0D92FQ7Z6, B0D9NSWL52, B0D93B1N4K, B0D9NSSW6D, B0D92CKCHK, B0D89X2G2S, B0D92GBN67, B0DB5SC6KS, B0D939XJ8Y, B0D939XJ8Z, B0D92DRTHJ, B0D939XJ91, B0D7CS2WHD, B0D92CTMQF, B0D7H8SYP9, B0D92CKCH4, B0D92G6DJ3, B0D9NR4VW6, B0D7HRH4J8, B0D92DVKKD, B0D92CTMQQ, B0DBLSPNN8, B0DB5TJRTN, B0D92DQX2X, B0D89DFFPP, B0D5Y3348V, B0D72J6QVY, B0D7H6YTLL, B0D5R2RMNG, B0DB5T1XJL, B0D5Y1JLJG, B0D7H6CPF1, B0D938Y13G, B0D92CXT3L, B0D92FF45D, B0DB5TJ11P, B0D92FS878, B0D92DRTJJ, B0D7HQ2CC1, B0D7CR12MB, B0D939YJK9, B0D9NQZ7FX, B0D93991Y2, B0D939YFBY, B0D7H6YTMC, B0D91NCB2C, B0D92DLPV5, B0DB5SXX2V, B0D5Y1Q3BK, B0D939XXJ4, B0D92GVPD3, B0D92CRLB5, B0D92DMC97, B0D92G3D2V, B0D7HCHTWX, B0D92BJDF5, B0D92DDFZW, B0D92GH5WY, B0D92DMC9K, B0D91PND4W, B0D92GJ62V, B0D92GVPC8, B0D7M4YQLB, B0D92D6WF1, B0D92FK8T5, B0D92FQT8J, B0D7H8KN4Z, B0D92GR391, B0D7H91PKD, B0D92DYD91, B0D92D4LW4, B0D92GR38X, B0D92BGVQ1, B0D92D4K48, B0D7GQ4PL6, B0D92GGQ44, B0DFH8N8NP, B0D9NQYP49, B0DB5VN148, B0D92FQT8Z, B0D87DLMXB, B0D93BNZMN, B0D7H28L81, B0D91N8PM5, B0DB5T95PM, B0D92G334R, B0D7H98LML, B0DGLJPKFQ, B0D92D4M8M, B0D92F1PPR, B0DB5RHS7F, B0D7HR6P2Y, B0D5Y1QYKJ, B0DB5SXSM8, B0D92D1CTB, B0D92FWWL5, B0DGLJXJMC, B0D7H98LMQ, B0D939ML2T, B0D92FLFKN, B0D89XQKDP, B0D92G3348, B0D93BLL69, B0D7GY1B1T, B0D7H8SZ4W, B0DB5TPJ5L, B0D92D16ZD, B0D92FML3Y, B0D92D9DYX, B0D93BRSS8, B0DB5S4D9T, B0D7HNBJ6X, B0D92DV8LB, B0D92FB8PC, B0D9NSX3J5, B0D92GRLM8, B0D92G34YL, B0D7H8FHZW, B0D92F6K7T, B0D92F36XL, B0D92D98BB, B0DB5VNLH4, B0D92GHDZQ, B0D9395ZXK, B0D9NT6CS4, B0D9NSK3PX, B0D92CSZ47, B0D92FBL68, B0FWK22X55, B0D92BXDXK, B0D92CSZ4D, B0D9NSW96Q, B0D939XN8S, B0D93BB7N3, B0D92C814N, B0D7HK7L1L, B0D89K6MMX, B0D93BNN6C, B0D92G34Y5, B0D92D9XBL, B0D7M38FRC]",amzn1.campaign.1WO99BTW6M9RH,Top Home Decor | Erosebridal 100K+ Styles | 15% Commission 47,Erosebridal,2026-09-04,2027-09-04,15.00%,10000.0,10000.0,128,800,false
[B0H8HZ1K44],amzn1.campaign.HJ2I1TVXWQLX,33% OFF TEVIKE Foot Massager (MSRP $59.99 ➔ $39.99!),TEVIKE,2026-09-04,2026-11-30,10.00%,50000.0,50000.0,116,800,false
"[B0GQS3N6FG, B0GQS2GRTS, B0GQS5FS87, B0GQSJYD6L, B0GQRSTN49]",amzn1.campaign.1AO2HBS2OUA2Y,红色破洞牛仔裤+9.2,Arkordi,2026-09-04,2027-01-02,14.00%,5000.0,5000.0,161,800,false
"[B0H8F8P6GQ, B0H8FF9SBG, B0H8F71Q3G, B0H8FB58H1, B0H8F5S1H9, B0H8F5Z24C, B0H8F8K42D, B0H8F5QLBN, B0H8FD1W8F, B0H8F9BHYF, B0H8FF9SB9, B0H8F6QQR7, B0H8F954XY, B0H8DYWH6M, B0H8F73577, B0H8FBNT4K, B0H8F2549H, B0H8F3ZVTG, B0H8F8SSYC, B0H8F929KP, B0H8F4JGJ8, B0H8FDK4GX, B0H8FFFBZD, B0H8FB38LP, B0H8F3FZ71, B0H8DXP6BG, B0H8FBKQWC, B0H8F7XK5N, B0H8FFCLW4, B0H8F845YX, B0H8F48S4T, B0H8F5H72S, B0H8FCJVGR, B0H8FKWJLX, B0H8F8NJ3Z, B0H8F845YM, B0H8F4F6SL, B0H8F8J691, B0H8F9546W, B0H8F84S43, B0H8FBW9D7, B0H8F9YG4J, B0H8F1W73M, B0H8FG1FC8, B0H8FD78HL, B0H8F9BSPW, B0H8FBH4J2, B0H8FB61YK, B0H8FCD49M, B0H8F8VNGM, B0H8F4858C, B0H8DVSBGR, B0H8FCM9HM, B0H8F5BB8K, B0H8FCBPVW, B0H8F8LVV1, B0H8F6KBH4, B0H8F7GCZ3, B0H8F7K63D, B0H8F7K63B, B0H8DY1ZGG, B0H8F8JDVN, B0H8F8TC67, B0H8FC9DYG, B0H8F9G6GK, B0H8F636R7, B0H8F62W58, B0H8FFTWXQ, B0H8F6SNHX, B0H8F8RLNZ, B0H8FMGPQX, B0H8F4C2RJ, B0H8F8RLNW, B0H8F83B7F, B0H8F84CWC, B0H8F91WK1, B0H8F76VRY, B0H8FPWTTV, B0H8F6LPB5, B0H8F3M5TY, B0H8FFW9SB, B0H8FDS82V, B0H8DZ2CZW, B0H8F94JK1, B0H8FBQWNM, B0H8F7HHB3, B0H8F99MB3, B0H8F9L368, B0H8F7JW9D, B0H8F3K5ZQ, B0H8F842W8, B0H8F7Y5JB, B0H8F5WSZQ, B0H8FBF3GW, B0H8F6V1H3, B0H8FJMYGZ, B0H8FBYY8R, B0H8FDD4YS, B0H8FHZPHZ, B0H8F9TQXZ, B0H8F8N9WB, B0H8FC27NC, B0H8F642DW, B0H8FC6P2R, B0H8F3H9LC, B0H8F9NGWH, B0H8FBL1PV, B0H8F5WSZB, B0H8FFXTDH, B0H8F6HLGK, B0H8F5Z54V, B0H8FHSM7N, B0H8DVX6FS, B0H8F198L2, B0H8FC35G2, B0H8F983QD, B0H8F1B8Q5, B0H8F7PMV2, B0H8F7PMV5, B0H8FHWR5P, B0H8DZBG3F, B0H8FCNSQT, B0H8F54JNX, B0H8F6L2HX, B0H8FF5JWC, B0H8F9BPNT, B0H8F55P6P, B0H8FBYT28, B0H8F4F6NH, B0H8FCTFFL, B0H8FGL7QG, B0H8FCTFFM, B0H8FBQWP5, B0H8DY99Q4, B0H8F7XK9X, B0H8F4BRQT, B0H8F6Q18F, B0H8F62W1B, B0H8F5VRZ6, B0H8F2VPHR, B0H8F3LLD3, B0H8FD2WT1, B0H8FB61TF, B0H8F81DF3, B0H8F2VLB6, B0H8FGHB1R, B0H8F8RLS7, B0H8FB5C9Y, B0H8F1WDKD, B0H8F93FFJ, B0H8F8P6MD, B0H8F8HVDV, B0H8F7MF1L, B0H8F8R6GD, B0H8F7M9YB, B0H8F88H7X, B0H8F4WKD9, B0H8F9DF3P, B0H8F8JQ3Y, B0H8F8W4WP, B0H8FD96HS, B0H8F94JNJ, B0H8FBRTQN, B0H8F1SVX7, B0H8F8W22T, B0H8F58V8K, B0H8F94JNW, B0H8F5ZNCK, B0H8F77G6S, B0H8FBWP9Q, B0H8F4778R, B0H8F4YHWQ, B0H8F5W3X3, B0H8FD61HR, B0H8F463VH, B0H8F4XTPS, B0H8F7HHH1, B0H8FBRTQ4, B0H8F4YX4J, B0H8F798TK, B0H8FB6L2W, B0H8F69T3S, B0H8FDMCHT, B0H8F3K5WN, B0H8FF9QFY, B0H8F8YTPB, B0H8F7V2S5, B0H8F271FZ, B0H8F7WCQ9, B0H8F6NZ58, B0H8F5F7PZ, B0H8F2WTLS, B0H8FF7MDQ, B0H8FHV77P, B0H8F8NHYL, B0H8F5V272, B0H8F8KKH6, B0H8F7YJZR, B0H8F47HYY, B0H8F56CWF, B0H8FHT11W, B0H8F5D7W1, B0H8FB9BZF, B0H8F78GV8, B0H8F6BHVM, B0H8F1WWKJ, B0H8F49GRJ, B0H8FC8ZP3, B0H8F6MH5B, B0H8F2RLHZ, B0H8FCYGF6, B0H8F8F8RS, B0H8FDMWN1, B0H8FB55K8, B0H8F7QGM8, B0H8DVVH15, B0H8F6DYS7, B0H8F5QL7M, B0H8F159XH, B0H8F8QL8V, B0H8DZRY5B, B0H8DVRC3F, B0H8F23LF7, B0H8F62K4N, B0H8FJ1933, B0H8F94JPF, B0H8F6ZQB4, B0H8F583P5, B0H8F7ZY6D, B0H8F8NT4C, B0H8F72VGC, B0H8FCCLMY, B0H8F7ZY5W, B0H8F7ZY68, B0H8F5Z83Z, B0H8FF6TQG, B0H8FDMCCL, B0H8FBRTLP, B0H8F2XMW9, B0H8F7VNLP, B0H8F75CYX, B0H8F79GV8, B0H8F94TFF, B0H8F1SVTD, B0H8FB38Q4, B0H8FFX1G9, B0H8F26BFP, B0H8F8JQ9H, B0H8FD1591, B0H8F9J6HR, B0H8F6BDQJ, B0H8DY8X6N, B0H8F7XKB3, B0H8F634CF, B0H8FFHJH1, B0H8FHPVJZ, B0H8FBLN21, B0H8FFCY45, B0H8FBV8HQ, B0H8F294BY, B0H8F88S3J, B0H8F7XV71, B0H8F6HHH6, B0H8DSVWJT, B0H8F5N621, B0H8FBQ54K, B0H8F6BHZP, B0H8F5V58C, B0H8F8GK8V, B0H8F7SNXF, B0H8F3K3LM, B0H8F6CFSQ, B0H8DTTH3G, B0H8DSVWJD, B0H8F52ZM6, B0H8F7C79M, B0H8FC6L5N, B0H8FC8ZL9, B0H8F43D8B, B0H8F198FK, B0H8F2X8KP, B0H8F8G4KP, B0H8F24X5C, B0H8FHPKW6, B0H8FC4BHM, B0H8FKKDBR, B0H8F583LQ, B0H8F2XMVG, B0H8F7LQ2N, B0H8F2W4GR, B0H8FCKJ2S, B0H8F53QW7, B0H8FCJFNJ, B0H8F698X7, B0H8F1T95X, B0H8F9JDG6, B0H8F66SV9, B0H8F16MX8, B0H8F4HCYC, B0H8F6JLL8, B0H8FCJFMV, B0H8F8D68W, B0H8FD4VS6, B0H8F19GBT, B0H8F71BFM, B0H8F154DX, B0H8F7MDXM, B0H8F6GXLX, B0H8FBKG3C, B0H8F9T969, B0H8F76C9B, B0H8F4ZFGR, B0H8F78VZ1, B0H8DZP124, B0H8FC1MQY, B0H8F7R6N5, B0H8F1XRYJ, B0H8F6MW93, B0H8F8TCF8, B0H8FFCB3K, B0H8F6Q6M4, B0H8F3LL7R, B0H8F8YTYG, B0H8F65TZ1, B0H8F89S5D, B0H8F931G9, B0H8F84Z1P, B0H8F8W1XP, B0H8F8T5HW, B0H8FFRTJ8, B0H8F61CC6, B0H8F9JDHB, B0H8F41KL6, B0H8F84Z1V, B0H8F18SXM, B0H8FFFV17, B0H8F7Y56S, B0H8F7GSGL, B0H8F247T9, B0H8F67RNS, B0H8FB8L4Y, B0H8FJTMHB, B0H8F5YJVB, B0H8FBRJCY, B0H8DVVGZX, B0H8F8QHXP, B0H8FMCCRR, B0H8F795WV, B0H8F74N78, B0H8FBZK16, B0H8F1TYPF, B0H8F74N6N, B0H8FCTF9V, B0H8F17GFL, B0H8FC872W, B0H8F62ZLJ, B0H8F5Y818, B0H8F5YY1V, B0H8F4YTDZ, B0H8F67V4P, B0H8F3FZCR, B0H8FCHP42, B0H8F7QCL6, B0H8F48GN2, B0H8F654XP, B0H8F9T96R, B0H8F7V8HK, B0H8F84SFL, B0H8DVQMRL, B0H8F3L3FP, B0H8F7VGF6, B0H8FD36BX, B0H8F72Y3J, B0H8FCPLTQ, B0H8FMXNK3, B0H8F93G48, B0H8F8CBY3, B0H8F9F3V2, B0H8F61YL8, B0H8DW9CJH, B0H8F5BBHJ, B0H8FDJBRF, B0H8F1CT5S, B0H8FGCC5L, B0H8FMX9FG, B0H8FC96HH, B0H8F63JGS, B0H8F17MLF, B0H8F66QLZ, B0H8FCFLLS, B0H8FFXT59, B0H8FJCTLB, B0H8F5RJGN, B0H8F8J3HH, B0H8FHQZFV, B0H8F8VFHN, B0H8F49KNR, B0H8F1VMQQ, B0H8F6KQ7F, B0H8F3YYGB, B0H8FB1PMY, B0H8F75L2M, B0H8F8JJ3N, B0H8F8LNVR, B0H8FD83KB, B0H8FB27ZM, B0H8F8S7TT, B0H8F58M9Q, B0H8F6SZ1Z, B0H8FBQ4XC, B0H8F8QLD2, B0H8F97WJV, B0H8F9BWM2, B0H8F94TPC, B0H8F58BBX, B0H8F9PRZ9, B0H8F6LGB9, B0H8F54VVP, B0H8F9PRYZ, B0H8FFCXYQ, B0H8F7VGHX, B0H8F9KH3F, B0H8F63MKX, B0H8F4ZP63, B0H8F6Z67H, B0H8FHLRGS, B0H8FMXNNM, B0H8F2947Q, B0H8F2TBBW, B0H8F6QTN7, B0H8F97WMW, B0H8F6S924, B0H8F2947M, B0H8F5XM93, B0H8F97J1T, B0H8FBQ4ZR, B0H8F71F51, B0H8FC443N, B0H8F44W49, B0H8F5XM8L, B0H8FBRR23, B0H8F93FWB, B0H8F6QQHF, B0H8F2XMNH, B0H8FJ3JL2, B0H8F54G77, B0H8FCTF78, B0H8FD64QF, B0H8FCDL2Y, B0H8FFX1N5, B0H8F9DFDM, B0H8F53C2H, B0H8F23L9N, B0H8F52Q15, B0H8F9MN94, B0H8F5S57L, B0H8F84GS8, B0H8DYB8MH, B0H8F8NLQF, B0H8FD8LFV, B0H8DZV2K3, B0H8F8NLQG, B0H8FC5165, B0H8DYFCWH, B0H8FHQSM7, B0H8F8JQFX, B0H8F2RDK3, B0H8FC7PMW, B0H8FD8LGC, B0H8FBNWS1, B0H8F5T89R, B0H8F568TB, B0H8F4C8HX, B0H8F8ST24, B0H8FFZJGS, B0H8F93FZT, B0H8DYFNMM, B0H8F9K3MG, B0H8FD2WML, B0H8F7GCPV, B0H8FC35BV, B0H8FB9JW3, B0H8FCHNVS, B0H8FCHNW4, B0H8FCLSTL, B0H8FHSQCF, B0H8FD8PPF, B0H8F5DJM9, B0H8F7143L, B0H8F6MWB5, B0H8F62RV1, B0H8F14P4P, B0H8F95X64, B0H8F1F5K5, B0H8F583C1, B0H8F9LVNF, B0H8F18T16, B0H8F21BJL, B0H8F9LVND, B0H8FF4DLB, B0H8FC2RB9, B0H8F68SDR, B0H8F4CNRD, B0H8F8342Z, B0H8F9MK8H, B0H8F7MM2F, B0H8F2BPQ2, B0H8F63MGG, B0H8F7JKXN, B0H8F3NRTM, B0H8F427VM, B0H8DZ3ZBZ, B0H8FBSQZK, B0H8F53V4Y, B0H8F4X5BL, B0H8F4FPN3, B0H8F8ZZL2, B0H8F4CR9Y, B0H8FC844J, B0H8F2RDJ9, B0H8FCJVB9, B0H8DZ239S, B0H8F1F2GP, B0H8F65G4P, B0H8F8246W, B0H8FD8PNC, B0H8F56L6W, B0H8F1F2GF, B0H8F98WN4, B0H8F8246J, B0H8F612X8, B0H8FF8MMW, B0H8FB8KXQ, B0H8F84CPC, B0H8F2V8D1, B0H8F5ZRXF, B0H8F61KH6, B0H8DYFCSL, B0H8FF8MML, B0H8FFCQ56, B0H8F6T5N8, B0H8FBWPF5, B0H8F8NBB1, B0H8FC9J6Q, B0H8FC547D, B0H8F75955, B0H8DY6HT1, B0H8F47Q85, B0H8F3G3J8, B0H8F5WM64, B0H8F1Q5HX, B0H8F6GBNB, B0H8F6KBB8, B0H8FMJLNP, B0H8FC43Y2, B0H8F9G9GS, B0H8F5Z27P, B0H8FC61NN, B0H8F8RLHL, B0H8F66X11, B0H8FHSX59, B0H8F6GBNQ, B0H8F9MK8J, B0H8F8XJ2C, B0H8F7GCTR, B0H8DYCMR2, B0H8FD3FCZ, B0H8F2V8DC, B0H8F9G6B8, B0H8FHSBK6, B0H8FD36HH, B0H8F7PP3Y, B0H8FBPLV1, B0H8F91ZM8, B0H8FBQWHD, B0H8FJM4J4, B0H8F61NKT, B0H8F8DKRN, B0H8F46PXC, B0H8F77GLT, B0H8FHMGFX, B0H8DZTRMF, B0H8F5S86S, B0H8F1R7H5, B0H8F4ZS3B, B0H8FHSBKY, B0H8F9C9WD, B0H8FB9MZQ, B0H8F5384N, B0H8FC96QM, B0H8F1GLSY, B0H8F6B9N2, B0H8F83B3P, B0H8DVQG26, B0H8FD52Z2, B0H8F9DSFD, B0H8FJYJR6, B0H8FGH9XH, B0H8FD8LBF, B0H8F2WTVV, B0H8F73566, B0H8FFGSJS, B0H8F6ML2B, B0H8F3L2XG, B0H8F6DRYZ, B0H8DZ2CVF]",amzn1.campaign.382RISNXE9OVC,InkRain Pillow Covers Sofa of 2 Decor Set 28x28 Inch Cotton Linen-13,InkRain,2026-09-04,2027-09-04,20.00%,5000.0,5000.0,122,800,false
[B0F6D239Q3],amzn1.campaign.25E9ADPWVXME9,🚀Top Post Battery Disconnect Switch: 10% Commission+Top 10 Get 15% +Free Sample,VSTM,2026-09-04,2026-10-31,15.00%,10000.0,10000.0,130,800,false
"[B0GTKF9H53, B0GTKCVJZB, B0GTL1PBSX, B0GTKF886N]",amzn1.campaign.1SOPC8DEIRUO2,"✨ Cute by Day, Blue Glow by Night | Owl Bathroom Decor",neexan,2026-09-04,2027-09-03,15.00%,10000.0,10000.0,147,800,false
"[B0FV8TC9DM, B0GQZFK9HP, B0F1KPZWXG]",amzn1.campaign.33ML96QXLWXQD,Smell Proof Bag - Sep - C1,Staze,2026-09-04,2027-07-25,15.00%,10000.0,10000.0,141,800,false
"[B0G5FY99CP, B0D86R92KL, B0FDQZCXTN, B0FPR5QYQD, B0D6YQ4VR8, B0D7M98KLJ, B0D8J64BLM, B0FHV6Y4N1, B0D7CSYS57, B0FKTHY1NG, B0FPR46PJF, B0FDQYR29B, B0FLJV78TW, B0FH4MP8MX, B0FPQZ76SX, B0FY2XX5NN, B0FHWPTBTF, B0FLDWQH66, B0D6YNJZK1, B0D8L6DRKX, B0D7H93TC3, B0FLJRJ3B5, B0D6B5PKDF, B0DGLKWB5H, B0FPWQQKZB, B0G3DN7KSQ, B0FHB7NWHK, B0FCM7B3G5, B0FHH5NF66, B0FPR31KLC, B0FH2M68KD, B0DLFTL56C, B0FDQX64N6, B0FY315NFZ, B0G3DMMC7Y, B0FH2LZF5N, B0FHBBG6K5, B0FCM424DQ, B0FKBC66LZ, B0FY315545, B0DF2H8CVW, B0D6YQ1MLB, B0G3DHW93S, B0D6YQ7HPT, B0FQJ1LNCK, B0FH2NWQZM, B0FH2N297G, B0DGLLBL16, B0FKTGCG94, B0FXM435X5, B0DGLHM63G, B0FHWN1V5D, B0FPQYHT3D, B0FDR1LX1Q, B0D6YR3HZ5, B0D6YP55FJ, B0GJ63KXHS, B0G2M39VMV, B0D7W33DN9, B0D6YNGG22, B0D6YQ3YXT, B0FPR3KT1S, B0D6YPZNJX, B0FPR4BG7W, B0D7M9YMHZ, B0FXM2GSQ8, B0D7M1ZSYP, B0FLDSD2CB, B0FCMCL1TY, B0FXM39PY1, B0D7W35Z1D, B0FPQY4211, B0FHHBT5XK, B0G3DLZC1W, B0G2LM4M76, B0FH2MQH38, B0DGLKRTLB, B0FHVPZQ8P, B0FQP1WGD7, B0FQJ4K8FB, B0FPQZ5W7G, B0D6B63FPQ, B0D6YQD9HT, B0FLJPGTB1, B0D7CWSZJG, B0FY2YK3SY, B0D6YPGV3M, B0FH4LJB4K, B0FY33NMDP, B0GSQQNVBW, B0FDQY4RMJ, B0DGLJXC3Y, B0FKTF5Q3Z, B0G2M3CBN3, B0FHWN9SD4, B0DF28P8NG, B0FHB9MY16, B0FH2LW5W5, B0D86PNYZ7, B0FPR4P6RQ, B0FHWQ2D7K, B0FHH8Q8DD, B0FLDSRLS1, B0D7W3RQP2, B0FHV4Y8DG, B0FP2TNP1G, B0D6B4HVGZ, B0GN6Q1GZR, B0FXLZJYVP, B0FPQYW3RP, B0FHH51KKB, B0G3DFFKXY, B0D6YL5B9K, B0FH2PCVCL, B0D7W4PVD9, B0FLJTCBB9, B0D8J4CH9C, B0FHWNLRHM, B0DF24Y92J, B0FCM8MG6C, B0FHH8TW7P, B0D7W3KDJ2, B0GSQS1J31, B0D8L4Q6NK, B0FH2MX34L, B0FHHCWLLK, B0FPR2Q5DP, B0FH2JLBH4, B0D7CT9CB5, B0FH4MPKJH, B0FPWYFZG4, B0FHHDBXC3, B0FWK7498T, B0FH4NMFN1, B0D7HBKLKW, B0FPR5HHP9, B0FDQYSCN5, B0DGLL6RT6, B0D6YQ7SN7, B0DGLL8GY2, B0FLDWH565, B0D8L83V5W, B0D86S64CH, B0FH2P5WLH, B0FJMNHW3D, B0DGLM5KKV, B0DF2PGMHX, B0G5GKQJPR, B0FKN281BG, B0D6YL5B88, B0FH4MTFX8, B0DGLLWD4P, B0FH4M5HWB, B0FKN4X6SC, B0FH4LG1PK, B0FHBBX4CG, B0FPR6TVM3, B0D7H5Y8LM, B0FPR4P6RR, B0FH4QL4Z6, B0G3DLD3GM, B0FY33W3JP, B0FPR4XC3T, B0D7CV3PVR, B0D6YRS7B3, B0FKMZT5S5, B0FPX6HFB2, B0D6YPYZLQ, B0FPQWYWNP, B0DGLL8RSK, B0FPR31L7P, B0D8KY7WTB, B0FHB7NJDY, B0FKTD97ZF, B0FH4P3N85, B0D8KXWRFQ, B0DGLMHDLB, B0D6YQMYR5, B0DF271Y16, B0FHWJD6TB, B0FPR48133, B0FPR5KN95, B0FPR4H1C4, B0FDQVWFYQ, B0FQP283SF, B0DGLLP4Q3, B0FH4MNL6B, B0FPR2QBC5, B0DF1RW8Q8, B0FHBDR116, B0DGLMW384, B0FY2Z3MGS, B0FPR558LV, B0FKN5PHPD, B0D7M4H67X, B0D7M9SP7P, B0FDQW2TF8, B0FHBC3LBT, B0FDQY4CHV, B0FHBC3LBR, B0FPWY2G8B, B0D7M7L1JY, B0FPR61W98, B0FH2JS5WV, B0D6YQ86N7, B0FH2J6BFJ, B0DLFP17GR, B0FPR61W9J, B0GSQPWGP9, B0DF2B8BS5, B0D7CRK6PN, B0FH4LYGKJ, B0FH4M4JBY, B0FLJR7ZK6, B0DF2B8BRQ, B0DLFV353V, B0FDQVHKQQ, B0D86VWRDB, B0D8L6X2W4, B0FH2LYZ46, B0D7M75VYL, B0D6YQSLHG, B0FH4N6F7C, B0FJ4Z3XLC, B0FH4NKT3Y, B0FKBBRG2S, B0D6YRCCK1, B0FPR6375R, B0FH4LTDSP, B0FKBBZ6ZV, B0DF2MKSBS, B0D86SFMNP, B0D86P8TY6, B0FHB7PTNR, B0GSQQLNL1, B0D8L6BGMR, B0D6YNNCBT, B0DGLKW83Y, B0FY33SNDT, B0D8YLL8DT, B0FH2N99XD, B0FLJRBZ3M, B0FY2W4FFP, B0D6YPB1L7, B0FHHC5BC2, B0FPR54XSW, B0FHHB5NWH, B0DGLMZXTB, B0D6YM5HQN, B0FH2L42NV, B0D8KWZGNS, B0D6YPDX2T, B0FY321T26, B0D7CQLTDL, B0FLJW1XZC, B0FPQW6F6V, B0FN7VN9W2, B0D7CTPFJL, B0G5FM2KVS, B0G3DJTCJF, B0DGLMYX77, B0FH4V2B1B, B0D7VZT38G, B0FHHC9Q39, B0FH2K42K8, B0D6YNJY7Y, B0DF2DTYRC, B0FY31FZYL, B0FHH8JB3Q, B0FPR3DS1C, B0FHH8ZBGQ, B0FHBBVH6W, B0FPR36GF5, B0DGLLQMR9, B0D6YQ27ML, B0FDQZH8TP, B0FKB91P44, B0D8KXTYFX, B0FH2KZPY4, B0FH4V563H, B0FXM3VP28, B0D7CR48WQ, B0FH2KFHCT, B0DGLJDXDL, B0DF2QXMCD, B0FXM4J7HT, B0FH4MWDBD, B0D7W3XWNN, B0FHVT7LZ1, B0G3DJTCHM, B0D6YQF9WB, B0FKTF6FH7, B0FPR3XYDD, B0DGLJWLV4, B0FPR4HF1F, B0DGLK5F1R, B0D7CRXH1B, B0D7M6M2BD, B0DGLMP859, B0D6YNVLZ7, B0FXM32FGT, B0FHBBJT43, B0FPR4QRRS, B0FH2JGZ8W, B0D8L87H4L, B0D7M56FJD, B0FXM1XHRP, B0FH2LNN5B, B0D7CRG9GW, B0FH2K2XXZ, B0FY33QHC3, B0FDQXBD2V, B0G2M2SSG7, B0DLG6LLZ9, B0FHWN6TRS, B0FPR3718K, B0D8L7K8W2, B0FDQXHP8L, B0FPR5STVC, B0FY2W1VLW, B0FHHBW1TJ, B0FJMJ99MP, B0G2Y912SG, B0D7M3QX43, B0D6YQZYSF, B0FDQYPSMF, B0FPR5KV1B, B0FPR5KHW1, B0DGLM3JN3, B0FDQYCWXQ, B0FH2JV5CY, B0FHH9X469, B0D86TMZRD, B0FPWPT1MC, B0D7CNYK9W, B0GJ5MZ1LB, B0D6YNMHQZ, B0FPWDG7FB, B0FPQX9SP1, B0FHH98B4G, B0FH4SBQ1F, B0D7CQBRXY, B0FHB94JP7, B0G2YC86G4, B0FH4LFKD1, B0D86T74GR, B0FDQYLR3R, B0DF26N68H, B0DF1TQ4HH, B0DF29N2J2, B0DGLM5LJ8, B0G2YFH73L, B0FN7SGB78, B0FH2JDD9D, B0FPR1HZRK, B0D86P5GFT, B0GKFS5LG8, B0FPR5CXKJ, B0DGLMF8P8, B0D6YMKDJN, B0G5G1W8JS, B0D6YQ95QG, B0FH4NH7Q5, B0D6YNM7VH, B0FXM11CGQ, B0FLJT93SW, B0FPR3MLS3, B0GN6DRB55, B0D8VFH3ZR, B0D7W3KML5, B0FH2JWP31, B0D86QVJ6V, B0DGLMSKGG, B0FH2JPV1N, B0D7CTFH55, B0G3DJKN1R, B0FQJ5819F, B0DGLL6YS4, B0FLDXFYSY, B0FPR3HNCY, B0D8YLLMV1, B0FXM1WTWW, B0D6YQF422, B0D6YNLRLK, B0DF2GYMLZ, B0FDQYSVC9, B0FH2PB3P1, B0D7W43GHZ, B0FKTDJ7NQ, B0FDQYXY9W, B0FPWTF419, B0FKB8M61S, B0FDQY866S, B0FKN7GF6M, B0DGLM5Y7M, B0FKB8WH7Z, B0D7CS9W68, B0DLFG3814, B0FXM2N361, B0FQP76ZMZ, B0FPR4JTPC, B0FH4J894R, B0FHH7WNK9, B0D8L5K6VF, B0FKTJQH1C, B0DF22MVY1, B0D7M542YY, B0G2M7CWYD, B0D8KYNT9R, B0FKTFM91B, B0DGLLDP4H, B0G2YC3SL1, B0DGLLW848, B0FJMGV9CL, B0FH2JX6Y3, B0DF1WX5DN, B0FHBBWBJX, B0FKBB5CPW, B0D7CPV9B3, B0FHB6PR9K, B0FPR4X3HH, B0FPR618NS, B0FDQZZVPF, B0FQJ1YNDR, B0FKBFP68Z, B0FHWLXBJW, B0D8L5PLN3, B0D6YPD3NP, B0FHWBCBDP, B0GN79TLHH, B0D8VCGF25, B0DGLKP9FD, B0FHWN4PWX, B0D6YPB1QH, B0FPR45414, B0DF27W8JF, B0D7W3BQQZ, B0FJMJ3843, B0DGLMZMT6, B0FHHCRSQT, B0FKTF5NF9, B0FKTJ8C4J, B0FP2VWHBL, B0D6YQF9ZC, B0D6YNWNH6, B0FPR3KQHC, B0D7M7XXDL, B0D6YM2HDF, B0DGLK7VGG, B0FPQVJLMV, B0FHH8JZ24, B0FCM5Y46S, B0DGLLBL7S, B0DF2MJ2VH, B0FPR5ZDFV, B0D6YMZ7MQ, B0FH2N4513, B0FPR2ZNPH, B0FH4NHHWF, B0FPQZ4V17, B0D8YL2D7N, B0FKTF2ZGT, B0FWK6PN62, B0DF2MG6FB, B0D6YNS9HR, B0FPR5MDNP, B0D6YM68ZR, B0FXM1GTDW, B0DLFM1TG3, B0D7CPS8FJ, B0FPQY16Y9, B0FHWL2HDX, B0FH4NW7GW, B0D6YQZ5WB, B0FH2KD4V1, B0FPR64RXV, B0D6YQ6HPX, B0D6YQXL3J, B0DGLNMSCT, B0FKBBYNPG, B0FPWYMQ5Y, B0D7CRFTKV, B0FPR3JMDZ, B0D6YRTCSC, B0FPR46FWB, B0FKN3RFZP, B0D8L5BT2K, B0FXM2NNV6, B0D7CS4J1S, B0D8L7ZC3P, B0D8L795ZR, B0FH2HVFRF, B0FQJ5714M, B0FH4LBCHQ, B0D6YQM6J7, B0FKBC23QC, B0FXM2ZQXY, B0FHH96XNS, B0G3DHQT8X, B0FPWH72QB, B0D7CRY44Y, B0FKBCFT5X, B0FH4NVTW4, B0FH2KQBFW, B0FHH5MF8M, B0FKTG25FF, B0FJMNH3W7, B0FH4N1M9K, B0D6YPDKJR, B0FHWBG9GZ, B0FJ4Z48WW, B0D86VLM6X, B0D7CRJL21, B0D6YPH89J, B0G2M4CY8G, B0FDQXB93C, B0FLJRKJL5, B0D8KVYNJ3, B0FJMKMBXD, B0FXM4MKZ1, B0FH4LV54D, B0FPR2QQVW, B0D8V5PPXB, B0FDR16GNJ, B0D7W329SX, B0FH4KPHGP, B0FQJ64RGY, B0FHWNNLLV, B0FH2J3P74, B0D7W2Z638, B0G3DLVYDM, B0FHBD77KP, B0G3DJ4MKB, B0G3DTH3GW, B0FPR59H5Q, B0D6YPZ229, B0FCM75522, B0FH4M59CW, B0G3DKN1PT, B0D6YNQ87Z, B0FH2KY2JG, B0FHH8T5S1, B0FH2JWF2R, B0FPR4RM4N, B0D6YP67GL, B0FKTGDV3R, B0D6YSJT13, B0D7W2QQJF, B0G3DGHC2C, B0FJMJTXDY, B0D7CTCGHG, B0D6YQKJ2L, B0DGLKHPBY, B0DF27R1CF, B0FHBF44P8, B0FPR5MCW6, B0FH2JW8WJ, B0FY2YZJ58, B0FY2T9R5M, B0FLDX5N4D, B0D6YQN7DD, B0G2M6LD6J, B0D8YMWDRZ, B0FDQZ8X1V, B0FKN6B1HB, B0G2M491CZ, B0FQP1ZC27, B0FLJS3LXJ, B0FPQZ31RT, B0D7CTZLP1, B0DGLMJY5G, B0D7W3H5PC, B0FLJQZ8TV, B0GN6G239D, B0D6YP1XYL, B0FLJQ8WVL, B0D7M8M1TT, B0FDR1M9Q4, B0DGLKTZ1W, B0D86J2XJK, B0D6B7JG32, B0FXM1N37Y, B0DF2BPNLJ, B0FH2P9KLW, B0DGLJTM4G, B0FPX6KRKY, B0D6YQ4X4P, B0FCM7CM9B, B0FXM2CNPK, B0D8L8DSSS, B0D7MC2M29, B0FH4LNJYK, B0DGLJPZ9F, B0FHB8LRCN, B0D6YQ4SKC, B0FHH8KYTY, B0GN6DMTWQ, B0DGLLGWM9, B0FH2KK1MF, B0DF22CM38, B0FDQXGGVJ, B0DF27YLVQ, B0FLJT4LBP, B0FPR49F55, B0FDQYV8QD, B0FP2TGH6L, B0FY2Y8FL7, B0D7W545ZK, B0FY33VBLJ, B0FH2L9K9C, B0FH2M6378, B0FWK61PJ7, B0FPR4WBTQ, B0FJ4Q2YLL, B0FHBCHVWL, B0FH2M5MMF, B0FPR2DZTY, B0FHHDPV7W, B0FH4M3VVY, B0FH4V3SY5, B0FY2Y8FL5, B0FJMMTKRK, B0FKB92Y81, B0GSQPTVX2, B0DF25GWGW, B0D8KXN5L3, B0FKB92Y7Y, B0FN7T2Y8W, B0DGLJCZ66, B0FHWLQBS9, B0FHBDHJCX, B0FY2YB6QM, B0D8KVSX6S, B0FPQY86V8, B0FJML3MW5, B0G5G777RF, B0FPR2TQ3S, B0D6YQ5LF6, B0D7M79BGT, B0D86XLJVV, B0DGLJ6G52, B0FH4LWWM8, B0DGLKBTNN, B0FKTGXXBK, B0FKTJW7MH, B0D7CPXCB9, B0FHHBB2RM, B0FPR5186M, B0FLJQDQ2S, B0FDQZ58VC, B0FHHBB2RJ, B0D6YNT4HF, B0G2Y7S4MG, B0FPR36T7W, B0D86QP8Y1, B0FXM5V15N, B0D7M57LTP, B0FP2X94NR, B0D6YPHR5Q, B0FQHTXMZF, B0FH4JSHSQ, B0FPR39Y84, B0FH2KB62T, B0FY2WH7YH, B0D6YPH8C2, B0D6YPJ5WK, B0D7M3RK9X, B0FY2XS3NW, B0FH2N9QJR, B0FPR4N1RG, B0G2Y9TT4Z, B0FKB919YP, B0FQP2YH9F, B0FDQWRMZ8, B0DGLL2CGP, B0FH4NHQY7, B0FKTKJC6H, B0FPR35WB4, B0G5F6TLZX, B0DGLJXY96, B0D6YPKGQ7, B0D7W3HR1R, B0D6YQ2R4M, B0FPWDCPK8, B0FPR36XBB, B0D6YQ54QT, B0FPQZYW3J, B0FPR2W44S, B0FPQZYW3F, B0D86SNRV6, B0FH4LHT43, B0FH4TV3FD, B0DF21Q1HZ, B0FKTFQG2N, B0FHWP9N7P, B0FH2KFLM4, B0D86PB63D, B0FDQXHQB4, B0FN7V4VXV, B0D6YM5N7D, B0D6YM5N7B, B0FH2MFYMS, B0D7CRNN5F, B0FJMKVKBS, B0FPR1KRPT, B0D7CT4B3N, B0FH4NTCX2, B0D7CRDM1M, B0FLJV8Y3G, B0FHH7S12P, B0DGLJTB72, B0FY2W67K8, B0D8KYC1B7, B0FXM1XL33, B0D8J3ZCMV, B0FLJT2PMR, B0DF2BBKGR, B0D7W2V6K6, B0FKTG9ZF3, B0FH4WCH4K, B0FJMPXMT6, B0DGLMBJFX, B0D6YPWFML, B0FH2JVWQD, B0FHH8LGW2, B0FH2L5215, B0FPR1XH6Z, B0D6YQ8YSB, B0FXM5KJCM, B0FQP2ZQJY, B0D8J1DP1F, B0FPR5QMHV, B0D7CSK7XP, B0FQP2L6Z3, B0FH2KZP5S, B0FKN1TTX3, B0FPR3XT8C, B0FHBDXV2P, B0D8VGW8TR, B0D6YRPWVT, B0FHWLZMW5, B0D6YPZRDX, B0FPR2XSSW, B0FPR3J7JC, B0DF23PVKJ, B0D86SYVH5, B0FPR3KP7J, B0DGLKRC8S, B0FH4L5FDK, B0D7W2SC4C, B0D7M4WMMW, B0FPW9ZKGQ, B0FLDSFX53, B0DGLLNKY8, B0FPR3Z3QJ, B0DGLKRSWF, B0FH4L35K3, B0D86T33XZ, B0D6YPLMFL, B0FPQYZF6J, B0FHWNDGRM, B0FDQWSJKV, B0FKTDCXXK, B0FH2L598S, B0FLJTNX3N, B0FHB7QJ6P, B0FPR3SYQB, B0FH2P15NC, B0FQP3PPFN, B0FQP34JN5, B0GKG2J4XG, B0D6B756CT, B0FHHB8Q5F, B0G2M4FB2J, B0FH4SH5M4, B0G2YDP3C4, B0G2M61P5C, B0FH4MWXJT, B0FHH9BNK6, B0FPQXHXHM, B0DLFR86VG, B0FQJ1DPJ7, B0D6YQKCZX, B0FH2NB51R, B0FXM113C9, B0GKFWY9P4, B0D7M75BLM, B0FPR39FZY, B0D7M8M7TS, B0D7CRMLZD, B0FH4RL2R6, B0DF2F47T6, B0D7CRSNLP, B0D8KX9SKY, B0FDQZCJH2, B0FLJW6P8G, B0FH4LDNJJ, B0FY31X261, B0D8L5J72P, B0FY31X267, B0G5FX4GZ8, B0FLJYN92B, B0GSQT1FXX, B0FY361HP2, B0D86RWN5D, B0GN6NPQHS, B0FLDWDVDS, B0D7W4B576, B0FPR3HWS6, B0FHBDJ2RQ, B0G2M4SH1C, B0DF22LH1M, B0D7CVGY6W, B0D7CRS2X6, B0DF2BJ4YJ, B0D7M7LGMF, B0FY2WN7XR, B0D86TL4M5, B0G2M637WY, B0FH2MLG3F, B0FKBBMV5X, B0FHWM9L51, B0FQP6J1D8, B0FHWMK2M9, B0FXM3DVSS, B0FPQZNV9P, B0FHWMK2M7, B0FKTDPBN1, B0FQP18TLW, B0FKBCLPTY, B0D6YPCYV1, B0FLDWJ65H, B0FPQZN24M, B0D6B6KDVP, B0FDQXD9Z4, B0D7CRFHJG, B0FY2XDD5R, B0FLJR87KK, B0D6YQDZY7, B0GN6KV74F, B0D7CQZ465, B0D7CVGY8V, B0FPR419B6, B0FPR2QSLS, B0FH2LBGLT, B0FH2MBXPV, B0DLFQNVJY, B0FJMM1YN2, B0D6YKGNBK, B0DGLJL8SJ, B0D8L5Y28P, B0FHH5MVMP, B0FH2NNZ4P, B0FY2YCR85, B0GN7PG2WN, B0FDQZ921Z, B0GJ5QQJFD, B0D6YQXRMR, B0FHWPFB2P, B0D6YKGNBZ, B0D7W23D6W, B0D7W3XPCP, B0FPR3S85G, B0GJ5FDT9Y, B0D8L7J8XQ, B0FLJQLSCQ, B0D8L5ZK1L, B0FJ5B3WKT, B0FPWW97MX, B0D6YQBWBR, B0FHHBLSDQ, B0FPR3MKPH, B0FKN5GQR3, B0D8L6TT9X, B0FCM9YPZN, B0FLDWZ71P, B0FHWMPJYY, B0G2M6JB5Y, B0D7CQ7XCQ, B0FXM41QQ1, B0GSQRV5JD, B0GSQRM5CJ, B0FPWM4LZB, B0D8L6ZLYY, B0FQP5HNY9, B0FH2LC9HR, B0DGLJGDP6, B0FH4MR1B1, B0D6YP9W9K, B0FKN3ZB3R, B0FH4LJ274, B0D7CPH9NQ, B0D6YNZL7B, B0FH2MRTXH, B0FH2N578F, B0D6YNJT5V, B0FPR57ZVG, B0FPR56G36, B0FH2JKZJ8, B0FH4L3PX3, B0D8KWWCVZ, B0FPR4684F, B0DGLM8ZR1, B0FLJT94WT, B0GKFLNR56, B0FPR52KJK, B0FCM6CQ1J, B0FLJR5D8Q, B0FKBBK5RN, B0D6YNF8JZ, B0FCM41XXG, B0DGLM6XSM, B0FHHBMMWS, B0FH2KHHVB, B0FPR2DDZJ, B0FWKB658K, B0FPR3ZSZT, B0DGLJLVBB, B0D86RDZ25, B0D6YNMZY4, B0D6YP1G3X, B0FPR54BQR, B0FPQZFPTW, B0FXM1FPDB, B0FH4LL8B3, B0DF2PCDZN, B0D8KX7BV9, B0D7CTRGT3, B0DF2PK9M2, B0FH2JQFLV, B0FKBC9JWD, B0FPR2S9ZR, B0FPR3CNXC, B0FH4LX4VY, B0FCM3ZG73, B0FKTGFNWC, B0FH4MMS7M, B0FPR68WX5, B0D6YQ2RCK, B0FLDRXGFF, B0FKTJ3J41, B0D86SG8G6, B0FH4L2J12, B0DF1W1PN6, B0D7M522FF, B0FPR58QF7, B0G2YH1NTK, B0FPR3TH7V, B0FDQX64NB, B0FPR3FSWQ, B0FPR5C9XM, B0FPR4V2L3, B0FKBB79VJ, B0D6YR8T9R, B0FKN5VFJG, B0DF28SHYS, B0G2M61QYJ, B0FPR52KK9, B0D7CTCNMT, B0FPR3TH7Z, B0FHWHWRZS, B0DF2BLZWJ, B0D7M4WC44, B0FPQWBHBF, B0D6YNDTL4, B0D6YP3DCB, B0FLDWNX4G, B0FPR4YHQ8, B0D6YPCSQP, B0D8L6DM8W, B0FPR1RNCP, B0D7CSCS53, B0FDQZK3W9, B0FKN4TZ2G, B0D7H67QSX, B0D6YPG9SB, B0G2M7B67L, B0FHB7PWG6, B0FCM3YVV5, B0G5FCD34J, B0FH2LHJZ2, B0D6YQ5M46, B0FPR5JSTR, B0FH2KQ3LN, B0D6YNQVHD, B0FDQZK3WC, B0FPQYYR88, B0G3DM3SQK, B0FKTG6LBN, B0FH4LY5VY, B0FH4KXD43, B0FH2N268L, B0D6YQLQXH, B0G2M76JB1, B0FH2KD214, B0D7M69CT6, B0FHWMFGK4, B0DGLK5HS2, B0FH4LDW7X]",amzn1.campaign.1X7020WWNGJ8R,Top Home Decor | Erosebridal 100K+ Styles | 15% Commission 46,Erosebridal,2026-09-04,2027-09-04,15.00%,10000.0,9979.86,123,800,false
"[B0H7JB5CD2, B0H73WLX36, B0H73MVGLQ, B0H73P53CX, B0H73RWS6K]",amzn1.campaign.3X3OY2LPPVQT,10% Commission – No-App Endoscope Camera for DIY,Binazon,2026-09-04,2027-01-31,10.00%,5000.0,5000.0,136,800,false
"[B0GJ5HCNZ6, B0GJ54X1VH, B0GJ5F8B8T, B0GJ5NGSJ5, B0GJ5N83FS, B0GJ5P7MJF, B0GJ5HMPD9, B0GJ5K8PGD, B0GJ5L58DJ, B0GJ5JQNY6, B0GJ5LG15N, B0GJ5NHW31, B0GJ5J746J, B0GJ5RXTD4, B0GJ5HB2V4, B0GJ59G4WV, B0GJ5L4KM2, B0GJ59DTWS, B0GJ5K96LP, B0GJ5PQTKZ, B0GJ5RZQLC, B0GJ5L1RSD, B0GJ5GYRLR, B0GJ5H7WSP, B0GJ54WB4L, B0GJ5RW41Q, B0GJ5KCKL5, B0GJ5KY9G1, B0GJ5NXYJY, B0GJ5QH883, B0GJ5H49F9, B0GJ5FNS3W, B0GJ5P7QH8, B0GJ5SL4ND, B0GJ5RYQHG, B0GJ5QFSH1, B0GJ5H93GW, B0GJ5P32FX, B0GJ5HMKXT, B0GJ5LYLQ5, B0GJ5KSNLY, B0GJ5KRG9L, B0GJ5N5ZVS, B0GJ54X4YY, B0GJ5MGGGG, B0GJ5VV3FY, B0GJ5HX22J, B0GJ5TPQ29, B0GJ5HQLBW, B0GJ56F7JQ, B0GJ65K99L, B0GJ5YNDX7, B0GJ63FMV6, B0GJ5J5YFJ, B0GJ5NWP1G, B0GJ5M5YF2, B0GJ5P1N1K, B0GJ5KYH5F, B0GJ54RW6B, B0GJ636BC1]",amzn1.campaign.IKLUE65G3CBB,251065,Ruiee,2026-09-04,2026-12-01,10.00%,5000.0,4983.0,122,800,false
[B0H98YJQPK],amzn1.campaign.3TF5N74KKYNOO,"2-in-1 Super Glue with Brush and Nozzle Applicator, Fast-Setting Adhesive",Amzuboca,2026-09-04,2027-09-04,10.00%,5000.0,4996.26,128,800,false
"[B0H8DVQDT1, B0H8F1GKM9, B0H8F5Z48K, B0H8F9TQ5B, B0H8FCDSTZ, B0H8FC4Z11, B0H8F69BZR, B0H8F913BF, B0H8F9D8TD, B0H8F66HNS, B0H8F2SWFK, B0H8F427QX, B0H8F6JSK6, B0H8F9BRL7, B0H8DYX96F, B0H8FDMKP7, B0H8F4TMVR, B0H8F24WBL, B0H8FCXP56, B0H8DVQDSG, B0H8F5WNSS, B0H8F3RL76, B0H8F3VBXB, B0H8FDPD5S, B0H8F3FZ3N, B0H8F8MPF9, B0H8F491NQ, B0H8DZKPPT, B0H8DZKPPR, B0H8DZKPQ3, B0H8F9HL19, B0H8F8R5BD, B0H8F885NK, B0H8F24S7D, B0H8F9J1VV, B0H8F7MVMC, B0H8F4GRFL, B0H8F8K2R6, B0H8F5SHRW, B0H8FBS3FX, B0H8FC6NV8, B0H8F3YPH3, B0H8FBNS34, B0H8F9TQ5L, B0H8F3ZFQP, B0H8F4B1T5, B0H8F153SZ, B0H8F7XJ59, B0H8F48TVM, B0H8F85TW9, B0H8FHSL4J, B0H8DY5B2F, B0H8F9HTCC, B0H8F23KHX, B0H8F3LTTB, B0H8FBM3SG, B0H8DXHBVL, B0H8F5CS5G, B0H8F7M8TG, B0H8F8PNZN, B0H8F4K3ZP, B0H8F62JZS, B0H8F998X4, B0H8FHR5L2, B0H8FBGN89, B0H8FKR5WM, B0H8DZXW1B, B0H8F3DX4B, B0H8F4H7KK, B0H8F9539C, B0H8F51XSG, B0H8F7V78Z, B0H8F3GN5B, B0H8F9JVBK, B0H8F23258, B0H8FC4WJK, B0H8DWYJNH, B0H8F46D7L, B0H8F62FPY, B0H8F7YHR5, B0H8F3QWK3, B0H8F4BG9K, B0H7BJ4S5C, B0H8F946CY, B0H8F7FVGG, B0H7BLGZRG, B0H8F351RL, B0H8FHRK96, B0H8F8S6DC, B0H8F4X43D, B0H8F46S5S, B0H8F9RFJM, B0H8F1TV7J, B0H8F52HNV, B0H8F8ZVR4, B0H8F7SN1F, B0H8F4NH71, B0H8F781HF, B0H8FBQ3ST, B0H8F794KF, B0H8F5KXCP, B0H8F8VD9R, B0H8DY9Y97, B0H8F99LCQ, B0H8F3G8GY, B0H8FBP362, B0H8F3LCNL, B0H8F2WPCN, B0H8F1M3C5, B0H8F3CY3Z, B0H8DY8WYH, B0H8DYB588, B0H8F691PD, B0H8F9BNKZ, B0H8F54JKL, B0H8F43N3C, B0H8F3GGG2, B0H8FD5CP4, B0H8F88V61, B0H8F5DYYW, B0H8F43QZ8, B0H8F6QP7Z, B0H8F5TXGY, B0H8F5S7J9, B0H8DY59CK, B0H8FC52JG, B0H8F5XT3B, B0H8F17FLF, B0H8F1F15X, B0H8F691NY, B0H8FC4WW8, B0H8F3G8F2, B0H8DZ22GL, B0H8F78V3B, B0H8F7QGL4, B0H8DYFTKG, B0H8F2X7N3, B0H8F9JVFY, B0H8F1T7VJ, B0H8FCX8KT, B0H8F6SMNS, B0H8F8QGP4, B0H8F3GMQ4, B0H8FBQ3T9, B0H8FG7TTP, B0H8FFCWS6, B0H8FDMVKX, B0H8F51TFG, B0H8F5DHW3, B0H8F4BFSG, B0H8DYZ6NM, B0H8FB1PFS, B0H7BRPPQV, B0H8F686ZD, B0H8FDJ9Y3, B0H8F4YZVJ, B0H8DZL3VT, B0H8F5QSDB, B0H8DY9XSW, B0H7BJGKH3, B0H8F5WRQ4, B0H8F5ZYV1, B0H8F6SMPP, B0H8F9N498, B0H8F4W4PL, B0H8F66S76, B0H8F9N48D, B0H8F8DGZ5, B0H8DZ3YLP, B0H8DZ22BJ, B0H8F8W1TZ, B0H8F8HTFM, B0H8F582M7, B0H8FF9937, B0H8F7MVXK, B0H8FHXRKH, B0H8DYX8ZS, B0H8DY59GL, B0H8F3LTK5, B0H8F6BD1G, B0H8F7C678, B0H8F8KM25, B0H8F4YL91, B0H8FDJBHD, B0H8F77B2K, B0H8F6QZR7, B0H8F3ZQ9W, B0H8DTTGS7, B0H8FB54DQ, B0H8F18ZKP, B0H8F84GJW, B0H8F49FJX, B0H8F1T7S4, B0H8FBX1WK, B0H8F3XYPY, B0H8F2R46D, B0H8F2RKCY, B0H8F34PJM, B0H8FBX1WR, B0H8F468YK, B0H8F3YGJP, B0H8F9DCYT, B0H8F6YDPF, B0H8DY392L, B0H8DXZQL2, B0H8F6FL87, B0H8F95Z2S, B0H8F42B5G, B0H8F3ZQ9P, B0H8FBW82C, B0H8F8ZVY8, B0H8F8YT6M, B0H8F46CML, B0H8FBF282, B0H8FBV72V, B0H8F48RCL, B0H8FB6K8T, B0H8DWHWGB, B0H8F6DY8H, B0H8FFXCWB, B0H8F8NKG5, B0H8FHT3NN, B0H7BJJYN3, B0H8F43BSX, B0H8F3CXL5, B0H8F53MM8, B0H8F4Y6K3, B0H8FCC3GC, B0H8F8CSYV, B0H8FFRSG4, B0H8F98VD5, B0H8FC37B9, B0H8FB69YH, B0H8F484FR, B0H8DY1Y5K, B0H8F4J4RB, B0H8F16TC7, B0H8F9BWHG, B0H8FBF1ZN, B0H8F82H4T, B0H8F6BLFG, B0H8F844HD, B0H8F7VFCY, B0H8F8SPBV, B0H8F2SH71, B0H8F4FNPF, B0H8F42NM7, B0H8FJMX57, B0H8F435XR, B0H8F664TJ, B0H8F8G3NW, B0H8FCYFMD, B0H8F794WY, B0H8F9GV9C, B0H8F7SXQN, B0H8F43G8K, B0H8F23Z66, B0H8F3R3QS, B0H8F1QY78, B0H8F8JGP7, B0H8F5YZRH, B0H8F82VSJ, B0H8F4F9DK, B0H8F1HZRS, B0H8F5YTF8, B0H8F1FY5M, B0H8F1QXVS, B0H8F1QXW3, B0H8F25WL7, B0H8F49JMG, B0H8DY1RLY, B0H8F5YZQC, B0H8F43FX9, B0H8FCTD5H, B0H8F2934T, B0H8F4TYYR, B0H8DXZX73, B0H8FBLDJ7, B0H8F6KM11, B0H8F77FC6, B0H8FMXMLG, B0H8F3KJQM, B0H8FFTWDW, B0H7BMWLZR, B0H8F44PG4, B0H8F4GBQT, B0H8F9F2X7, B0H8F582BW, B0H8FF999D, B0H8DXZQJZ, B0H8F97SDQ, B0H8F8FLFP, B0H8F8SPH6, B0H8F23JRR, B0H8F4C8HG, B0H8F13WGN, B0H8F5DHHX, B0H8DZ3JB3, B0H8F9J53M, B0H8DY7CBJ, B0H8F41MFD, B0H8F9T7ZN, B0H8F3CMMD, B0H7BQXF5M, B0H8F8LTGM, B0H7BM398N, B0H8F8LMXG, B0H8FFW8KZ, B0H8F1BRPV, B0H8F9BYQV, B0H8F8SVV1, B0H8FFWZNP, B0H8FBCSK9, B0H8F8TQHR, B0H8F935X5, B0H8FC9GTR, B0H8F533R8, B0H8FBW89G, B0H8F8T9ZD, B0H8F4CN2Y, B0H8F47HKP, B0H8F42F5X, B0H8DY5936, B0H7BNXZRK, B0H8F9C8Q7, B0H8FHS957, B0H8F9M5M5, B0H8F3YKG9, B0H8F8MNZV, B0H8F82D5M, B0H8F822RG, B0H8F6FPJB, B0H8F8J2LH, B0H8F24ZN5, B0H8F1MTVL, B0H8F822RJ, B0H8FJM3BZ, B0H8F92NMC, B0H8FCHGJK, B0H8FCGLWV, B0H8FHVHKX, B0H8F9M5LF, B0H8F973J6, B0H8F53DQG, B0H8F97HV9, B0H8FF7HG3, B0H8F8VDN1, B0H8F8TV6P, B0H8F1M2N6, B0H8F3M4ZY, B0H8FC85QV, B0H8DXF3WP, B0H8F5TSL4, B0H8F84TQH, B0H8F8ZYKV, B0H8FFVHKT, B0H8FFCP39, B0H8FF718H, B0H8F1FGKL, B0H8F7RFYD, B0H8FCHN24, B0H8F5WL3T, B0H8F5YZJ8, B0H8F9DNZH, B0H8FC861L, B0H8DW9KGG, B0H8FBF1ZX, B0H8FCJDY7, B0H8FBNWN2, B0H8FC861Q, B0H8F62RQV, B0H8FF7HGJ, B0H8FJVDM4, B0H8F62RQP, B0H8F1HQXQ, B0H8F91GDX, B0H8F15PNX, B0H8F1HQXL, B0H8F6YQWH, B0H8F62RQH, B0H8F6V7LS, B0H8DZNDD1, B0H8F3GSGH, B0H8DXHBLZ, B0H8FFRSJL, B0H8F9JRSX, B0H8F4MHDW, B0H8FHLXKY, B0H8F54TK4, B0H8FGFVY2, B0H8F7XK23, B0H8DYCLPL, B0H8F3QXSC, B0H8F7LZTC, B0H8F4FND7, B0H8FBW883, B0H8FB2XDS, B0H8F8RP1M, B0H8F42Y65, B0H8F98RH2, B0H8F779S4, B0H8F6F2TS, B0H8F811Y4, B0H8F5F6XK, B0H8F4FPFQ, B0H8DZT1W6, B0H8F6PP21, B0H8F62TRY, B0H8F94S7Q, B0H8F5QRNH, B0H8FC3Z3T, B0H8F74H9R, B0H8F6WRB6, B0H8DVQF7J, B0H8F662BY, B0H8F528WY, B0H8F8NCFC, B0H8F44GKF, B0H8FCFW5H, B0H8F644LN, B0H8F4NZB1, B0H8F9M5S7, B0H8F92HH1, B0H8F194GF, B0H8F777PV, B0H8F8K5TY, B0H8F653FS, B0H8F4XS4W, B0H8F71P3G, B0H8F4YT3V, B0H8F9W2RB, B0H8F7W4M1, B0H8F4XS55, B0H8F6YN52, B0H8FFC8NJ, B0H8DY7YTM, B0H8F1HR8T, B0H8F5Z6ZY, B0H8DW9B8R, B0H8FC9YBS, B0H8DR3S8L, B0H8F7QB9B, B0H8FCBYGY, B0H8F5Z6ZQ, B0H8FC3Z5C, B0H8F4ZGWK, B0H8F4N3T1, B0H8F5TSDK, B0H8F76TNC, B0H8FBRWPP, B0H8F635P6, B0H8FCGSLM, B0H8F4XB2W, B0H8FD35PV, B0H8F9D5QZ, B0H8F657LZ, B0H8F3Y5QQ, B0H8F44N3C, B0H8F1XRDP, B0H8FJLWGJ, B0H8F4ZXXL, B0H8F2W3NM, B0H8F1BY22, B0H8F622K8, B0H8F8J9BF, B0H8F1GQ38, B0H8FHNVXQ, B0H8F8HQ8X, B0H8F3GYNB, B0H8FBZ72Z, B0H8DY678Y, B0H8FC2J2Z, B0H8F1GPR1, B0H8F65M5Y, B0H8FF7M92, B0H8FBKPR2, B0H8F44VDB, B0H8F6BHQQ, B0H8F8DX24, B0H8F63HRJ, B0H8F1NDGZ, B0H8F5V7DK, B0H8F3LV5K, B0H8FHXR3Q, B0H8F5X59Z, B0H8F1686N, B0H8FCKHGV, B0H8F5WZF9, B0H8F158ZB, B0H8DZ4TZ5, B0H8DVK7NM, B0H7BC2D5D, B0H8F76NFF, B0H8FHLQ6D, B0H8F3YSJ9, B0H8FBKQ4M, B0H8F8JS88, B0H8F61G3R, B0H8DVK7N2, B0H8F1RTZM, B0H8DWXX23, B0H8FC9NSY, B0H8F55B9J, B0H8F9KN1B, B0H8F7L4ST, B0H8F1W5JQ, B0H8DY6RT4, B0H8F635JB, B0H8FCGMGN, B0H8F84RYP, B0H8F9C34F, B0H8F7QFGL, B0H8F91L9S, B0H8F8DV2G, B0H8F1RTWV, B0H8F4YYXH, B0H8F88W7S, B0H8F94NVH, B0H8F57D74, B0H8FHPTC7, B0H8FB5BBY, B0H8FBZPSW, B0H8FC2PNF, B0H8F6DHPC, B0H8FHPVGB, B0H8F6C8SY, B0H8F54MPP, B0H8F9MSXG, B0H8F4RYL4, B0H8F61JWQ, B0H8F44R4M, B0H8F2WSGM, B0H8F6C4LN, B0H8FBH8XV, B0H8F68C41, B0H8F91GRT, B0H8F35F7V, B0H8FC95CK, B0H8F1597C, B0H8F321WM, B0H8FC42M2, B0H8FBZPRH, B0H8F3YSF4, B0H8FC9NTK, B0H8FFC8V9, B0H8F7Y515, B0H8F22C74, B0H8F8856L, B0H8F17J2D, B0H8F7QBBJ, B0H8F9MSWN, B0H8FHT3Y3, B0H8F1PHDB, B0H8F58DQG, B0H8F4V6Y7, B0H8F6YPCJ, B0H8F3LJYG, B0H8F1CRZX, B0H8F3RLJV, B0H8FDCGHS, B0H8FD1QQH, B0H8F7745C, B0H8F41FDL, B0H8DZND14, B0H8DVYTH6, B0H8FC9HBJ, B0H8F6FHMB, B0H8F6QSB2, B0H8F1FFYB, B0H8F5NHVW, B0H8F25W2W, B0H8F1FFXW, B0H8F4HGBH, B0H8F5F6K1, B0H8F76TYJ, B0H8FC9HBB, B0H8F42KLN, B0H8F32243, B0H8FBSPDC, B0H8F55TWM, B0H8FC31K1, B0H8FCRDT2, B0H8F57D23, B0H8DYZ7RZ, B0H7BHG2KZ, B0H8F8TVJ3, B0H8DY7C41, B0H8F5NQG4, B0H8F8Z1MS, B0H8F5FL3Z, B0H8F8J5DZ, B0H8F5F6HQ, B0H8FHSLPK, B0H8FMFMJS, B0H8F9CCZH, B0H8FCF4VM, B0H8F1XKNM, B0H8F7ZWWH, B0H8F76B86, B0H8FHYPX9, B0H8F9GRNM, B0H8DVYSJ3, B0H7BL122W, B0H8F7W37L, B0H8FCKSP1, B0H8DZT82Z, B0H8FC75PC, B0H8F156HH, B0H8FHYPWW, B0H8F941CZ, B0H8FBKFQK, B0H8F9HFS3, B0H8F2PS6T, B0H8F72LXP, B0H8FFD7ZQ, B0H8F2PS6K, B0H8DVYDJX, B0H8F18RVN, B0H8FKKCSW, B0H8F19T64, B0H8F4K51X, B0H8F8YQ1F, B0H8F567WS, B0H8F269NJ, B0H8FC82HV, B0H8F85TCY, B0H8DZV1B6, B0H8FFCNJ9, B0H8F6XFZ2, B0H8F7YTWF, B0H8FDMBLC, B0H8FCB866, B0H8F694KV, B0H8F2KKTP, B0H8F58LZ9, B0H8F62VCG, B0H8FDMBLT, B0H8F1TTGR, B0H8F91W9W, B0H8F7YJBP, B0H8F67Y9M, B0H8FFSJR2, B0H7BRV6DQ, B0H8FC672H, B0H8F93F56, B0H8FBWN9Y, B0H8FDNTJ6, B0H8F1BR59, B0H8F5P9LF, B0H8FDC94Q, B0H8F147J7, B0H8F5XKXN, B0H8F4C7K5, B0H8F8KJ28, B0H8FC9YM2, B0H8F1F1H5, B0H8F4F27W, B0H8FBHD1H, B0H8F615CN, B0H8F1DFWH, B0H7BTLDF9, B0H8F4HBPS, B0H8F8264Z, B0H8F27P7G, B0H8F9DP66, B0H8F91RRV, B0H8F617FT, B0H8F447WM, B0H8FBHD1R, B0H8F91LG7, B0H8F5Z6FV, B0H7BNTDWF, B0H8F5ZTB1, B0H8FFDBK7, B0H8F218X3, B0H8FGFYVD, B0H8F2W2ZW, B0H8F18RTW, B0H8F734KK, B0H8F825TM, B0H8DYZF7N, B0H8F9C5FS, B0H8F74LXH, B0H8FDK3PZ, B0H8F665RX, B0H8FC79V1, B0H8DY13NP, B0H8FDNTHF, B0H7BNB1GD, B0H8F8PQ1N, B0H8F3J5LL, B0H8F7926H, B0H8F8TVQ4, B0H7BN97MM, B0H7BJ8R6Y, B0H8DY231V, B0H8FHR6Q9, B0H8FBBBLW, B0H8F8DQXK, B0H8F9466Y, B0H8F8JYWJ, B0H8FHS9TC, B0H8F54HYL, B0H8F9H3VL, B0H8F9JG63, B0H8F6ZKD2, B0H8FFW9MZ, B0H8F5W5K1, B0H8F8Z28Z, B0H8F5RJC2, B0H8F3QWXS, B0H8F7591W, B0H8F56JVM, B0H8F5V4KC, B0H8F55H4H, B0H8DZVFRN, B0H8F4YWCK, B0H8F1GKSH, B0H8F3M8G6, B0H8F55H4F, B0H8F8KXR4, B0H8DTR187, B0H8F64WY9, B0H8FGFBV9, B0H8FCW4VK, B0H7BTLPXH, B0H8F92P1S, B0H8F6MQWV, B0H8F6WQ9M, B0H8FDHHNF, B0H8F61JG9, B0H8F4DBW1, B0H8F5RVYC, B0H8F6SFPY, B0H8F61B76, B0H8DY4ZW7, B0H8FCC2P7, B0H8FC82PT, B0H8F72WXQ, B0H8F72WXP, B0H8FC8329, B0H8F5PYD6, B0H8F8ZZK6, B0H8F6KL47, B0H7BKMJGX, B0H8F6MQYM, B0H8DYG7XZ, B0H8FFBGDG, B0H8DZNGGK, B0H8F73XXD, B0H8F92GBF, B0H8FFBGDJ, B0H8FC7DRH, B0H8F75KYM, B0H8F9J225, B0H8F8ZL1D, B0H8F2W35Q, B0H8F8RNMT, B0H8F6YNPC, B0H8F543L3, B0H8FF9P19, B0H8FDMV97, B0H8FBLTN3, B0H8DY3689, B0H8F2193M, B0H8FBPKPZ, B0H8F7PLKG, B0H8F1WVYH, B0H8FBLF28, B0H8F4925D, B0H8FD2WHP, B0H8FDHHN1, B0H8F7WBBH, B0H8FGJ5LM, B0H8F2Y6X9, B0H8F69GFK, B0H8F9ZVKT, B0H8F4XP2V, B0H8F56K1Z, B0H8F9315P, B0H8FCW4RK, B0H8FFCD9Q, B0H8F56K2K, B0H8FF6NSH, B0H8F6W9NP, B0H8F3F7S9, B0H8F491SJ, B0H8F8P5C4, B0H8F97GTS, B0H8FKKCQ8, B0H7BNR43Y, B0H8F6XVF9, B0H8F823YT, B0H8F9J22M, B0H7BLHY48, B0H8DY13VC]",amzn1.campaign.2PYB2SY5ZLK38,InkRain Pillow Covers Sofa of 2 Decor Set 28x28 Inch Cotton Linen-12,InkRain,2026-09-04,2027-09-04,20.00%,5000.0,5000.0,121,800,false
[B0GT4MHBQ8],amzn1.campaign.2A54VSX6WRAA0,"💧 10% Comm | 720GPH, 2x4000mAh for Pools/Backyards - Cordless Stick Pump",Jivoxia,2026-09-04,2026-10-11,10.00%,5000.0,5000.0,123,800,false
[B0H6F54TQ8],amzn1.campaign.38BYN0MTQIIEX,4681EA2001T WM3370HWA WM4370HKA Washer Drain Pump Motor - 20% commission,Xiwrdok,2026-09-04,2027-04-30,20.00%,5000.0,5000.0,124,800,false
"[B0DZX4V43H, B0DKMYFLHS, B0DZX6VZH6, B0FPX2XH8P, B0FPWX8V22, B0DZX84YBN, B0DKMQ8598, B0DKMPW6CB, B0DZX4RJ2Y, B0DZX44ZCQ, B0DKMKKDTN, B0DZX5MFF4, B0DZX43ZWC, B0DKMJ6DMS, B0FPWZQJ8J, B0DKMRYWPQ, B0FPWXVS23, B0FPWXBC5Y, B0DZX6ZQT7, B0DZX44TWB, B0DZX5ST1D, B0FPX3PY5K, B0DKMHHJML, B0DKN2DWK6, B0DKMP4FZF, B0DKMKJRJ9, B0FPWXXJRK, B0FPX1FGNC, B0DZX65C1G, B0DKMH2VJF, B0DZX59RSW, B0FPX3BS1Y, B0DZX4XRT5, B0DKMPGZ7F, B0FPX298BR, B0FPWVL6YD, B0DKMQ8H45, B0DKMBMBTZ, B0DZX56RD2, B0FPX18G81, B0DKMJ7ZPB, B0DKMW8V3F, B0FPWXL174, B0DKMSNN2X, B0FPX28QXS, B0FPWY9P7Z, B0DKMPLCK7, B0DZX4KYF9, B0FPWZ2131, B0FPWZFRHG, B0DKMYFK2Z, B0FPWXWS8C, B0DKML51HN, B0DKMD8T8W, B0DKMQ5R79, B0DZX5W816, B0DKMNFCRQ, B0DZX7829Z, B0DKMD8T8Z, B0DKMSMKLF, B0DZX5LNM8, B0FPX1NR26, B0DZX66YQB, B0DKMPTL2P, B0DZX4CRD2, B0DZX4RCZ7, B0FPWX8T1K, B0DZX44RW9, B0DKMFNH7V, B0DKMG7QJC, B0DZX5HRGM, B0FPWZ21QP, B0FQ4QQLQ5, B0FQ4QWFKB, B0DZX43NRQ, B0FPWXDJMD, B0DKMG7DXJ, B0FPX18RZ1, B0DKMPFC8S, B0DKMPRZKJ, B0DKML3VR1, B0FPWXQW7R, B0FPX366PT, B0FPX17PSY, B0DKMW76S6, B0DKMNSK95, B0DKMFNH7N, B0FPWXJ6KS, B0FPWZRC1T, B0DZX5D2WJ, B0DKMGWTXK, B0DKMYG358, B0DZX5VZFP, B0DZX5TQSC, B0DKMQTF72, B0DZX5T7H2, B0DZX4F8HR, B0DZX4ZLD2, B0FPWXGDFP, B0DKMGWHGL, B0FPWYX9RK, B0DKMBQ8PH, B0FPX1VN9C, B0FPWZKTR6, B0FPX1C194]",amzn1.campaign.3QJF1CQ1RS77O,10% Commission On BTFBM Women Summer Maxi Dresses BT558,BTFBM,2026-09-04,2026-10-10,10.00%,5000.0,4985.09,48,800,false
"[B0DGPVJ6G4, B0F9FHZR3D, B0D4PHJY6H, B0F9FK667T, B0DGGVGGCW, B0D4PSVJHP, B0F9FKRSPF, B0D4Q2F9G2, B0DGGWKLJ9, B0F9FNTT12, B0DGGVJRKR, B0CT5SWJDH, B0D4Q2R41Z]",amzn1.campaign.1GOT7Y6GNBDOG,10% Commission – Give Old Chairs a Brand-New Look!,KEYROAL,2026-09-04,2026-10-04,10.00%,5000.0,4999.0,123,800,false
"[B0H716XDV3, B0H711X8GX, B0H6ZZDJ2X, B0H71CYS2B]",amzn1.campaign.2LXWAH2TJMUG0,Gold Cable Cuff Bracelet with Butterfly Charm Modern Statement Jewelry Promotion,CNYTPE,2026-09-04,2026-10-20,20.00%,5000.0,5000.0,112,800,false
"[B0GW85W75R, B0GW8DMY5V, B0GW8G5RQN, B0GW8FQ67S, B0GW8CGZPC, B0GW8RYJFX, B0GW87N51G, B0GW8J28T3, B0GW8FWRGT, B0GW8HFYNN]",amzn1.campaign.L1N0O5UJZGCZ,👓 ANZIW Retro Round Blue Light Blocking Glasses + 10% Commission & 50% OFF Code,ANZIW,2026-09-04,2026-10-15,10.00%,5000.0,5000.0,117,800,false
"[B0GVNN3LCY, B0GVNKQCNC, B0GVNLMXTC, B0GVNMB5ZJ, B0GVNQ6XSF]",amzn1.campaign.3SS3BRC6IN0C3,Play Guitar Metal Tin Sign Bar Wall Art Music Party Pub Garden Yard Home,PlikPlakey,2026-09-04,2026-11-17,10.00%,5000.0,5000.0,131,800,false
"[B0F5WWZKY6, B0F7LL3K5C, B0F5WVXKZJ, B0FN7J7PCK, B0F38B9TH2, B0FJ5N2TF4, B0F8MSF4DW, B0F29JYKW6, B0F7LMD37V, B0FJ5PKLTN, B0F48Q5NVK, B0F36TVY9Z, B0F4KL1BYL, B0F29L5KHJ, B0F5WVFVDD, B0F18JSTCF, B0F38G4ZYP, B0F48LPCZT, B0FB93D78D, B0F8MWZ15Z, B0FC26VZGZ, B0F38BW9ZV, B0F36L1KGK, B0FN7KD2GG, B0F29DWG7J, B0F6T55T5K, B0F4KFY5PK, B0F7XJDWZS, B0F4KK1R5K, B0F48JYTX4, B0FN7FZYZR, B0F36SQKJQ, B0FDWSFSYS, B0F42WVN8P, B0F4KDXVHC, B0F48S4J82, B0F4KG8KD1, B0F29HWVJ2, B0FN7FV6B8, B0F38CXVX3, B0F5WWLYZW, B0F8N3B6R8, B0F48MVD1X, B0F5WTQMJG, B0FN7H7P7F, B0F4KGKB84, B0F29FWQZ1, B0F29JTSSK, B0F29L9SL4, B0F8N3HMLK, B0F5WSFV8M, B0FDWPKR51, B0F4KFD74B, B0F42V2X4F, B0F29F4GML, B0FN7J9CGN, B0F29HP466, B0F8N5DVNN, B0F48TFHJ9, B0F48RS551, B0F8MZLNJ6, B0F42LYDK3, B0FDWT8NVX, B0F7XJDMK8, B0F29GT7LP, B0F183ZBBD, B0F29F8BPT, B0F6T2JGTV, B0F5WX5WFB, B0F7XN2QYK, B0F8MWYN5J, B0F4KCQG7W, B0F48SS58D, B0F7XN5LH8, B0F48S22W9, B0FFMF98MP, B0F36SRLKZ, B0F8MZFYPN, B0F6T92FVK, B0F29KYKWD, B0FJ5N8YXN, B0F7RFLPMN, B0FDWRR4PC, B0FB959TVN, B0F38DH8K4, B0F48GZLX4, B0F6TYYBGC, B0F5WYLT9X, B0F6TYYBGF, B0F4KL567K, B0F48SCCB6, B0F8MWXM94, B0FDWPLCZH, B0F5WT1HDN, B0FC26QV3R, B0F8N3KY7H, B0F29DP81M, B0F29K22WB, B0F429YJCV, B0F8MXY2DF, B0F48L395P, B0F5WV1NVH, B0FJ5PDPM2, B0F7XG11SV, B0F4313HQF, B0F8MX79XK, B0F5WYJXJQ, B0FJ5P6MPD, B0F29GVJMD, B0F4KG1BJH, B0FJ5N973Y, B0F48N6BVS, B0F29JS4VF, B0F48JT6G5, B0FFMF797L, B0F7XMZ4D6, B0F48MGM4T, B0F36GDW31, B0F29HHJ4R, B0F29JJPD7, B0F5WXQXYP, B0F8MZH3CR, B0F48J1RCS, B0F5WXKLSQ, B0FFMBZDNX, B0FC289N4Y, B0F4KG8ZF6, B0F7XMTH1J, B0F7RGPS66, B0F48KPW4T, B0F8MXQFG7, B0F48PZ59Z, B0F5WSWK6G, B0F8MZHK1B, B0F48RKYY7, B0F38CKHGS, B0F48HX617, B0FN7HGCHX, B0F48PZ9B4, B0F48LJFHW, B0FN7JQ256, B0F8MZGH1K, B0FDWRGPD2, B0F8MZKXFC, B0F7XLMC71, B0F36J2KVW, B0F7RFKMVW, B0FDWN4TN2, B0FFM8HGLJ, B0F5WXLBZH, B0F5WV98VR, B0F4KHB3BL, B0F36LXHH8, B0FDVJMTHV, B0FN7LSZFB, B0F29GTFFT, B0FN7H9HZF, B0FJ5MYC4T, B0F48VH842, B0F5WV81M7, B0FB9577MS, B0F7XM2FSF, B0F48QGT4J, B0F8N5G9FP, B0F7LM44Q9, B0F48SYZS4, B0F8N136H7, B0F422MDL1, B0F389CNC2, B0F48PPQTB, B0FB96KM8X, B0FC26BKQR, B0F8MX7MDY, B0F5WTXJ9L, B0F4KHQ4YP, B0FB96FTWL, B0FJS6RGKB, B0F36J6T6T, B0FN7J4WP1, B0FN7K14WK, B0F4KFSPC4, B0F185YWHS, B0F36T5JJC, B0F8MWNZWS, B0F48J9WRF, B0FC2981GY, B0FB955QDG, B0F48RL76B, B0FN7JV8MQ, B0F29K5LXZ, B0F29K5LY8, B0F7RF2BFF, B0F48L9V63, B0F8N5VW1C, B0F7RCWRKH, B0F7XN3F64, B0F6TKSQMT, B0F48NQ53V, B0F29HPV1M, B0F36LX2YD, B0F48QPR9N, B0F5WY7HKZ, B0FDWSWQ4Y, B0F42V2DYW, B0FB96LMZ4, B0FN7KY7GV, B0FN7HP4RS, B0F29HLVZ4, B0F42CTK36, B0F18R1KJ3, B0F8N5THX5, B0FFMFRMB9, B0FHB92YZH, B0F48NPPN1, B0F4KJ6R1G, B0F7RD3J3P, B0F8MX24G9, B0FDWQ8JVX, B0F29HJ7BB, B0F38C7LSD, B0F7XMKQY3, B0F48NG77F, B0F4KFDXCN, B0F6V267MY, B0F29JHYTY, B0F36DDCL4, B0F7XM5XG4, B0FJ5LF2NG, B0F29GKT3Q, B0F36GXJLJ, B0F48MHK7S, B0F36GXJLC, B0FDWRPZ2D, B0F29HQZ3P, B0F48NGCQ7, B0FN7HLW89, B0F6SYTN4K, B0FB96NMG1, B0F8MS5SBD, B0F8MWFGNG, B0F48SWMGF, B0F48P81B8, B0F48P81B6, B0F42T3VXF, B0F48R3B6Y, B0F29KTXPT, B0FN7J47N3, B0F48SWMGJ, B0FN7JGNC2, B0F3X3LBMH, B0F7LLLDLL, B0F7LLYK2M, B0F48PMJ53, B0F8MWQ923, B0FB96CMGH, B0F8N2WSXN, B0F48JNLWK, B0FJ5N9LRR, B0F29JKGFC, B0F48RRWFH, B0FJ5N3MF9, B0F5WV6ZKF, B0F48R5B2F, B0F6SYWB4F, B0F5WWYR67, B0F8N2WC81, B0F7XJDYRW, B0F8NFK8ZD, B0F48RG9Q1, B0F38C5LSZ, B0F8MZV1BX, B0FHBC6QFJ, B0F48QBCNB, B0FN7HX3T4, B0F18D1P1F, B0FN7HX3T5, B0FN7H9HZC, B0F5WVQCRS, B0F29HJQ12, B0F7RGQC7H, B0F4KF6LYB, B0F8N3H8N5, B0FDWR5NGZ, B0F6TYF4WH, B0F48Q4QS1, B0F48R6C75, B0FN7JYVXF, B0F48JGS91, B0F36WJMHG, B0FDWR5S15, B0F7XMX27P, B0FJ5KYX94, B0F29KSHRX, B0F7XJLPHF, B0F4KHSKHC, B0F48QMTN5, B0F5WXKQG6, B0F29FLKYF, B0F36DRJWP, B0F29FLKYK, B0F36RBXSZ, B0F48JZKNZ, B0F7RF3H6P, B0F48P83JV, B0F186HJN8, B0F29FMK54, B0F36S2Z7N, B0F48KT591, B0FB96C3YL, B0F5WP79FM, B0FB93GF7B, B0F48Q8FS9, B0FB955VTW, B0F388GCYJ, B0F18D7WMB, B0FDW3H2M1, B0F8MWYMGF, B0FN7LBGH4, B0F48PBRHR, B0F48Q8FS6, B0FDWRH1QZ, B0F29GP29K, B0F38969L2, B0F7XMKSSH, B0F29GP29G, B0F8MZWKX4, B0F36LZ3H7, B0FN7JF7N5, B0F36LK5Y9, B0FJ5N8962, B0FN7HGR7D, B0FB93YWSP, B0F18TKFSN, B0F7RGSQZB, B0FN7F6MX8, B0F48LYHC9, B0F8MWDLDL, B0F424ZTYJ, B0F29GXK3P, B0F36KZJQL, B0F4KGZN98, B0F4KHS1YX, B0F8MXFGZC, B0F4KH1YM6, B0FN7HPVCR, B0F48RBLJF, B0F4KJ7LLS, B0FB96SKJM, B0FDWPVJ22, B0F48QHKS6, B0F7XJBJNJ, B0F29KQ84F, B0F7RG8QFY, B0F38B8VHC, B0F4KJ2XT1, B0F48T31FP, B0F48V13YZ, B0F7LLXVTN, B0F36SZ1TX, B0F29HNCGP, B0F5WXDK2Q, B0F18N773Y, B0FN7HK9YB, B0F48QC1N7, B0F4KGV2QR, B0F48QC1N5, B0F29K7BSV, B0F42J5T94, B0F48Q2XM3, B0F7LMY42P, B0F8N6F569, B0F8MZX9R9, B0F42HLRJ4, B0F42HLRJ5, B0F8MWPV6S, B0F18N5NHS, B0F4KGR9J8, B0FN7H75K4, B0F7LLFKTW, B0F42XPMDF, B0F48NQN13, B0F48QZCJQ, B0F48QCWXB, B0FN7H35W6, B0F36ML59H, B0F4KGW655, B0F48MVH2K, B0F48NL84D, B0F48SRWQN, B0FHBD3QBG, B0FC24KD8B, B0F38B9HKT, B0F48JL5HQ, B0F36YV9M2, B0F7LN15MF, B0F29KGZQH, B0F29J3BY8, B0F48QP5QX, B0F48QP5QY, B0F4KCLBFJ, B0FN7HC2GV, B0F38F4YF5, B0F7RF9VFX, B0F7XJV7RC, B0F18DLXYR, B0F29FYC7G, B0F4KH5Q5S, B0F36MHRZM, B0F8MX6KTF, B0F29JXHXJ, B0F36LWPDL, B0F4KHHXJK, B0F8N1247P, B0FHBF4ZQZ, B0F7XJPZGN, B0FJ5N1BXT, B0F7LJWDGS, B0F48S361X, B0F48M4MHH, B0F4KF4R2Y, B0F7XKBBF5, B0FN7KJ7C9, B0F29JYJ8Q, B0F7RBMKFT, B0F48R5DDW, B0F18182CZ, B0F5WVTQKQ, B0F4KK9168, B0F8MWWMSX, B0F48NSR69, B0F8MZBSJP, B0F48JWM3B, B0F4KGKQ2J, B0F29FRSNQ, B0F36YMS8S, B0F48R35JW, B0F18BJND5, B0F36QW5CB, B0F29GTV21, B0FN7KDG6D, B0FJ5MJW57, B0F18DVT2B, B0FHB8TR3K, B0FDWSXJ4X, B0FFMGDD1T, B0F4KHRJSF, B0F5WX4D8H, B0F29G34L4, B0F48NXBJF, B0FDWP81PB, B0F29FMDZT, B0F48NXBJC, B0F48RQ219, B0F8MWMKP3, B0F29HQKDY, B0F29HQKDZ, B0F36SJ51H, B0FB9667QH, B0FN7GQCQ6, B0F8MWLM6D, B0FN7J1N1M, B0F4KKK8VK, B0F42R6MBQ, B0F42LKDVY, B0F8MZQN4L, B0F29HZMM4, B0F8N3NY2T, B0F389JYYK, B0F6V26R2S, B0F5WXB217, B0F42TH8KT, B0F48S9N19, B0F7RCSQR8, B0F4KGCW9C, B0F48NB89L, B0F29H4YY6, B0F48LCVDT, B0FDWRTSJS, B0FB96GD98, B0F4KGD5ST, B0F5WZ9MN7, B0F7LMKGHL, B0FJ5MPY2V, B0F36T6TQK, B0F38DDG6N, B0F8MZ4C7G, B0F29H7ZPM, B0F8MYN3GD, B0FDWPBS1R, B0F7XMB9RD, B0F48R3Y5C, B0F48LRWYS, B0F4354VCZ, B0FN7J327G, B0F29GZQSS, B0F6T4W1JT, B0F29JHKCV, B0F4KHR2L1, B0F8MXDGJZ, B0F29K554L, B0FN7HQRVJ, B0F5WVRZLQ, B0F7RBWYKQ, B0F4KHB6BT, B0F36W7XCN, B0FN7HHPM6, B0F29GSQBW, B0F48JZ2PF, B0F7RCT6SM, B0F4KGWJH6, B0F4KGFG3Y, B0F29HP572, B0F42H9WCN, B0FN7H7HMW, B0F48QX6DR, B0F18M1PRG, B0F7RBS62H, B0F5WT79R7, B0FC25ZZQT, B0FJ5N1TC9, B0F29FPF16, B0F8MZZPBM, B0F7RF9VR3, B0FN7K9YQZ, B0F8MW7MNL, B0F8N6ZFPR, B0F8MZXD44, B0F7LNBP5N, B0F4KFFZ62, B0F7XKPZFS, B0F48MMV3K, B0F5WSCTC5, B0F48NGL5K, B0F7XPN52R, B0F48M77YF, B0F36JFV4H, B0FJ5P8RS5, B0F48SCHKT, B0F29HCB8X, B0F48GGFBJ, B0F29HWYKR, B0F29JQBWD, B0F8MWSR1W, B0FHB74W1H, B0F8MW6RZK, B0F4KDSY7R, B0F5WSRT58, B0F29K17DM, B0FN7GPV9C, B0F8N2Z9GH, B0F48HLX9Q, B0FC24FBXB, B0F48T4451, B0F5WW8XYK, B0F48MZ82J, B0F29HYS9D, B0F7RC5D5Y, B0FDWNYNWH, B0F5WXH9W1, B0FB96SJY7, B0F8MYVS58, B0F29JFZD2, B0F4KGKXJR, B0F3X252GP, B0F48JCX9G, B0FJ5P7ZSH, B0F29GTN5C, B0F29HB3ZT, B0F7XPX7T1, B0F29JFZD5, B0FB953S2M, B0F36H2JJ6, B0F38B7T3R, B0F48NPRK4, B0F8MMW3MK, B0F48KTYMW, B0F7XJ41W7, B0F7RCC3M1, B0F42T31D3, B0FN7HWBWK, B0FN7JQCW1, B0F4KJ3135, B0FJ5LVBW9, B0F18BS6KG, B0F4KJ3137, B0F18FN913, B0F18158M9, B0F8MWQGF1, B0F5WY7XGX, B0F8MZQPDP, B0F48KDLB1, B0F4KH8WGF, B0F48M2F2Z, B0FJ5MZT43, B0F48RWK69, B0F29K5VQ9, B0FJ5PTGWR, B0F36W7L1G, B0F48T5S47, B0F29KCDCD, B0F48T2GF5, B0FN7J6GP9, B0F4KGSX2Y, B0FC265CPK, B0F5WXY4WN, B0F48Q4X5L, B0F428Y6CF, B0F18CHPCZ, B0F36W7L16, B0F48R8JR3, B0F48P7P9G, B0F5WX8Q25, B0F8MWW63H, B0F42DM6JL, B0F48S5F61, B0F5WX1CL9, B0FDWSQRMW, B0F7RGK7MF, B0F8MZGDJ3, B0F4KFQYZR, B0F48PT511, B0F18B13H8, B0F4KL6279, B0F18171X6, B0FB94B8JG, B0F5WV23FN, B0F7RDMRKF, B0F18HV5PH, B0F7RDGWFT, B0FN7KTWSP, B0FFMC77DD, B0FC247XK9, B0FB976JVB, B0F7RGXNQS, B0F8N57LZT, B0F7RBS5Z3, B0F8MWWMBH, B0FN7BMXKL, B0F5WT2PVX, B0F48RKGYQ, B0F4KDYT5K, B0F4KGNRYV, B0F29HWB73, B0F38BWF92, B0F48SFL2K, B0F6THZPM9, B0F7XJ846W, B0F7XJWP2F, B0F4KCD51T, B0FJS7Q4Q4, B0F48L6SYR, B0F48NLPWC, B0F29H4LSQ, B0F29K2T17, B0F36LMR8T, B0F1814M5L, B0F48QH45V, B0F4KKD71R, B0F4KF25RF, B0F5WVT6FX, B0FN7KK5NQ, B0FJ5LCH87, B0FHBDBFM2, B0F29HZG6C, B0FFMFC4BD, B0F48PG57Y, B0F36P65RK, B0F29GWPNG, B0FB94RCLY, B0F17NFL2K, B0F8N125DT, B0F6V28MRJ, B0F7RJ3KQD, B0F5WVNB5C, B0FN7HH8HX, B0F431JHDH, B0F38CL5FT, B0F29HG3C5, B0FJS7PRXC, B0F7XMW3XW, B0F48R42X5, B0FN7JFY8Z, B0F29DS86L, B0F38CYHDT, B0F48LZY9D, B0FN7GJDX7, B0F4KHCZRT, B0FB94VX8V, B0F48LR6K6, B0FJ5LJK2N, B0F5WVRPFH, B0F36TRZ5Y, B0F7XMXJCX, B0FB938KV6, B0F7XMMJDD, B0F29DS86H, B0FN7GSC8M, B0F7XMKFBM, B0F48TPPGN, B0FN7H6V8D, B0F29GM6SM, B0F48QX7SP, B0FDWLRFM6, B0F7RBXCRJ, B0F29H646H, B0F29DSDNB, B0F29GTLKQ, B0FJ5LKMWZ, B0F29LP25S, B0F7LMWY9C, B0F29HSVFY, B0F18LSYDN, B0F48SMWXF, B0F8N5SX6W, B0F29LP25X, B0F5WWM6CT, B0F29HSVFS, B0FHB9NKHL, B0FHBBT1KF, B0F48PRMLL, B0FJS6GGZL, B0F4KGK5PK, B0F8N65GRZ, B0FN7J7WD8, B0F7XJXGQD, B0F8MXB25D, B0FJ5MXMTQ, B0F29FGQ7P, B0FJ5MH7XY, B0F7LLD5FY, B0F48QWY6M, B0FHBCLRN7, B0F8MW8BHD, B0F48RJCWF, B0F29J271P, B0FJ5N7L7D, B0F4KH6Y7N, B0FDWRNF37, B0F29JHY34, B0F4KG97HT, B0FDWQ9YTF, B0F3897CXN, B0F29GNDGF, B0F29JMTWQ, B0F4KG3MGR, B0F4KJ8RPM, B0F8MX36KV, B0F6V2JL6J, B0F4KJRJ2T, B0F29K7B8R, B0FJ5NPB63, B0F48L1CBP, B0FN7JL274, B0F29KNBVL, B0F48RJ7DK, B0F48PB82R, B0F29H3TZW, B0F8MZNWDD, B0FJ5NLJS3, B0F38DBZLY, B0F29LPT5Z, B0F8N1ZFKW, B0FB971F59, B0FN7K7S9Z, B0F38F1PSM, B0FN7HK148, B0F18FS28F, B0F6TKHXT2, B0F29G8YTH, B0F29G8YTG, B0F8N12M22, B0F48RFDFV, B0F8MZMMWD, B0F7RBTPTW, B0FN7H8X8V, B0F186TPVJ, B0F424YVZD, B0FN7HF8R2, B0F3X2L77R, B0F48KFQ9S, B0F8MWK8G5, B0F42KFY7W, B0F7RF1DTX, B0F8N3GY36, B0F48P3SWC, B0FDWVGVRS, B0FN7GV328, B0F48L4CX7, B0FDVJN6G9, B0F18J97LZ, B0FFMF4K3F, B0F8N4SYRK, B0F5WX1TZ5, B0F4KF5SLJ, B0F4KFHB1K, B0F5WX1TZ4, B0F18JJXNC, B0F6T41RPG, B0F29HRLL3, B0F29K1SHF, B0F5WXKCQR, B0F48LMJZB, B0F8MZYM4M, B0F5WVF8B1, B0F29JHZNG, B0F17S3QCN, B0F42CRVGG, B0F29GJSLD, B0F6T3CHC6, B0F4KK5KT7, B0FB95RR6T, B0F29JRBB6, B0FDWNQXQH, B0F48RLNPP, B0F48QPZXH, B0F36DX1GP, B0F8MWQSLC, B0F42X87D5, B0F29HXZTJ, B0F7XNBRPB, B0F29HXZTN, B0F29H4BPQ, B0F5WS3L2Z, B0F29FBL2Q, B0F7XJCNSL, B0F7RDP8CM, B0FJ5NV8ZT, B0F48QZDL6, B0F29MFNGB, B0F29JQJ16, B0F5WWH45N, B0F48R9V4M, B0F5WWJ63Q, B0FN7HYDDB, B0F29GS474, B0FN7J1DH4, B0F48S1ZYT, B0F8N45QWG, B0FJ5RX4RZ, B0F48QJJGG, B0FN7LG7VN, B0F48QW6YV, B0F8N38D27, B0FN7HN7JJ, B0F36T3V63, B0F48HX157, B0F29GM92M, B0F29K6XBQ, B0FN7H4G74, B0F48MNN5W, B0F48L589R, B0F8MZJBLY, B0F7XPP1S8, B0F29HVTPW, B0F4KJRXWC, B0F7LMQWMJ, B0F48QDWXK, B0FB94D1FJ, B0F7RD2CNC, B0F36W5QTN, B0F29JFMVT, B0F5WTX1YQ, B0F186S8P5, B0FC24KSV4, B0F5WVTD2J, B0F7LKXX1M, B0F48PKQSD, B0F7RHFSDR, B0F8MWX6BH, B0F4KGTZFK, B0F42WVN88, B0F5WV6X49, B0F6T8Y66K, B0FB949SHM, B0F5WYB6Z7, B0FN7GKPFD, B0F4KK4JYG, B0F48RVTB3, B0F4KGD83Q, B0F29DCNMV, B0F3X216NC, B0FN7JP9R7, B0FB93ZM77, B0F18494SW, B0F48S4FP6, B0F38CR597, B0F8N1B5J4, B0FN7FT2N2, B0F6T54V4V, B0FN7K734C, B0F29GZ1YG, B0F48Q5MS8, B0FB94FDD9, B0F29HVF28, B0FJ5PHMQQ, B0FB98D1S6, B0F29GZ1YJ, B0F48JR3P9, B0F7XPYQR8, B0F48QZ7VZ, B0F8N2W74C, B0FB95549D, B0F8N3FDDV, B0F29J3RYF, B0F7RDVDFQ, B0F48RDT56, B0F29FJQBV, B0F48QWPQZ, B0F8MZCK78, B0FB95J9DG]",amzn1.campaign.2S32PGNFCJSQ4,Top Home Decor | Erosebridal 100K+ Styles | 15% Commission 45,Erosebridal,2026-09-04,2027-09-04,15.00%,10000.0,10000.0,129,800,false
"[B0GTKF9H53, B0GTKCVJZB, B0GTL1PBSX, B0GTKF886N]",amzn1.campaign.8Y0XNGF3C92G,🦉 15% Commission | Easy-to-Demo Glow Owl Bathroom Find,neexan,2026-09-04,2027-09-04,15.00%,100000.0,100000.0,143,800,false
"[B0FXXD2F2P, B0F88BLXZC]",amzn1.campaign.193CH9JYKSLOP,10% Commission+Monthly Sales 2000+ Explosive Lightsaber Set Promotion Invitation,TQQALCYS,2026-09-04,2027-09-04,10.00%,88888.0,88840.0,109,800,false
"[B0DJ14FLFT, B0DJ13BZ1Y, B0DDKQ4DMR]",amzn1.campaign.ZW3V2QHURX2T,Test Le Maple Bleu’s Heavy-Duty Log Splitter Cover,Le maple bleu,2026-09-04,2027-03-01,10.00%,10000.0,10000.0,130,800,false
"[B0DHXKYXXQ, B0DHGHWXXN, B0D5PSPZKP, B0D5PMJ3Y1, B0D5PZSXP4]",amzn1.campaign.1AVSN1VNRS0N8,🍂Fall for New Deals🍂 - Promoting Rolling Whiteboard - Earn 10% Commission,WALGLASS,2026-09-04,2026-10-31,10.00%,5000.0,4991.0,118,800,false
"[B0G2LFDCZB, B0G2LB48CN, B0G2LDM8JW, B0G2LGZDWT, B0G2LGBCZQ, B0G2LCRL2F, B0G2LCK7FF, B0G2LBN2SK, B0G2LD9J29, B0G2L97NL7, B0G2LC2PSW, B0G2LD19YC, B0G2LDNGVG, B0G2LC6FCS, B0G2LBPVRX, B0G2LFSCQ3, B0G2LD878Z, B0G2LDBKZ4, B0G2LC5LSM, B0G2LBXJR4, B0G2LBWY3B, B0G2LDCTD3, B0G2L9Y32Y, B0G2LDCWXF, B0G2L1QNDP, B0G2L9WSZ3, B0G2LC6NQD, B0G2LC2WRR, B0G2LCGXV7, B0G2LC1RP1, B0G2LCYFSB, B0G2LCYFSC, B0G2LB53WY, B0G2LD3WNZ, B0G2LCS4YJ, B0G2LDQ5HG, B0G2LCT67F, B0G2LH49V3, B0G2LD4P3R, B0G2LGSR1R, B0G2LGG8C1, B0G2LD74TR, B0G2L9RQCR, B0G2LDBHNX]",amzn1.campaign.391SPFOCTZ1BD,hot Men Acid Wash tank top，casual tee.,Muscle Killer,2026-09-04,2027-01-01,10.00%,5000.0,4985.5,125,800,false
[B0H6F54TQ8],amzn1.campaign.100BXHUV4S7RS,4681EA2001T WM3370HWA WM4370HKA Washer Drain Pump Motor - 18% commission,Xiwrdok,2026-09-04,2027-04-30,18.00%,5000.0,5000.0,136,800,false
[B0HBXBRFHR],amzn1.campaign.31AEN5VJMG5X6,20% Commissions for Doll Eye Glueless Lashes Black Band &  Black Adhesive L08,Obeyalash,2026-09-04,2026-10-31,20.00%,5000.0,4968.8,112,800,false
"[B0F87Y7TB2, B0DPSGQMFQ, B0DPSVBDQS, B0DPSGZ9C4, B0F87ST53X, B0DPSJC5CS, B0F87VV4ZW, B0DPSJ87NY, B0DPSNBJT9, B0F87YJS8R, B0DXP4LDNX, B0DPSLB78P, B0DXP6GVZC, B0DPSHZXG8, B0DPSGVRT8, B0F87XD7TR, B0DPSHL42V, B0DXPCGHJJ, B0DPSLNMC1, B0DPSH73PL, B0F87W7TYH, B0DPSN4VB5, B0F87W1VN1, B0F87W7R5S, B0DPSKJ5JN, B0DPSKSRMW, B0DPSRX1M3, B0DPSLS8RK, B0F87YD2H4, B0DXNH4JY8, B0F87SWPFK, B0DPSJMQRG, B0DPSJR8YY, B0DXP8RX6S, B0DPSRWCPT]",amzn1.campaign.280WLGK3L3TK3,🐮 15% + Free Sample | Genuine Leather Cowboy Belt w/ Longhorn Big Buckle 🤠,SANSTHS,2026-09-04,2026-12-04,15.00%,5000.0,5000.0,129,800,false
"[B0DWDKKR4T, B0DWF3XL65]",amzn1.campaign.VA6GBPUAEBVV,HOT Deal! Swivel Outdoor Bar Stools Set 🪑 -ZH-WKS,Cozyman,2026-09-07,2026-10-30,10.00%,5000.0,5000.0,147,800,false
"[B0DWXLND56, B0F1YLR8VY, B0HFRPMRRR, B0F1YKKR9G, B0F5WS4HR2, B0H8CV5R7Z, B0H7SBY1RR, B0H9S51RLB, B0DZWJQVF5, B0F1YKGGQ6, B0F1YMJYTW, B0F1YMZC8R, B0DTTND64K, B0DTTND64J, B0HFRW1VLT, B0F1YJ12BP, B0F1YJ12BR, B0DX1LXMBQ, B0DWXMKVFV, B0F38B9VM9, B0H8CG8322, B0DZWJ72L1, B0H83FP1V3, B0HFRQXYD9, B0F1MNKWGC, B0FWCRXY66, B0FC2PTBNY, B0DZNVBG8X, B0F1YMY7FB, B0F38BH29V, B0F13Y62K5, B0H8CN6SVQ, B0DZWL2KT2, B0H8CCH553, B0F1YM4WRK, B0F5WTH1NK, B0F13ZSWFT, B0HGRL7CSP, B0HFRSJW41, B0DYTXBDCP, B0HBBVKT48, B0F1YPR182, B0F1Y8RT7Z, B0DZNYBVGH, B0F1YLF3T2, B0HFRQGX6L, B0HBC2NC6S, B0H83GKSPD, B0F1YLD26N, B0F1Y7B188, B0F1YLF3SV, B0DTTNB5WW, B0H7SDL958, B0HBBYCLNZ, B0F48M76T5, B0HFRV4CY6, B0F1YLW7HD, B0F1YLJFLS, B0F1YMY7F2, B0HBC2NC6Z, B0HFRQZ52F, B0H8CRQJHX, B0HFRT3SNW, B0HBBQNQMZ, B0FB36CPCD, B0FC2Q38FS, B0H98WWCDK, B0HFRKQC6K, B0F1Y6QRPB, B0DYTRSFY7, B0F1YQ3B7P, B0F141SV1K, B0H7SPXVYX, B0DTTNGXM8, B0DWXM6NXT, B0H83CNZCT, B0HFRRBQ3Z, B0DWDTMZ47, B0H83L5VFH, B0DWDTMZ46, B0DX1N1KWV, B0H83GX3DB, B0H83J4B6S, B0HFRXJLMX, B0F5WTCK1H, B0F1YKMKD6, B0H98XSVZQ, B0DYTZNPH6, B0DX1Z18P7, B0FC2P99R9, B0F38DH6DK, B0H89V1G61, B0DTTCB933, B0HFRTF154, B0HFRTQD9Q, B0DYTMY54Y, B0H8CLDY3H, B0HFRPZ6RS, B0HFRRFF4Z, B0H9S3RMR6, B0F1JRVRXP, B0H8CLJ3WQ, B0HFRR7Q73, B0H8CLDY37, B0DTTRLBMB, B0F1Y4T5CC, B0F48KYD7H, B0F1YKKR8Q, B0H8CCHF45, B0DTTPDBP2, B0HFRRC3ZR, B0HFRH2DJ9, B0DZNVZQH4, B0H83H5WYD, B0FC2P1QW2, B0F1YJWB1K, B0H8CC39XV, B0H98RPFLC, B0H7SBV381, B0H8CDK3HR, B0F13XM819, B0F1Y8F383, B0HGRC3SRK, B0DZWKZW4Z, B0F1YMHSKM, B0F1YM5KTS, B0HBBSC3XT, B0H7SKDZR8, B0H83FW518, B0HFRWP6YF, B0F5WQBQXY, B0H8CN5JMP, B0FB35PTM6, B0H833VVR5, B0F1YL45B2, B0DTTMFQHF, B0F1YKC98H, B0DZNWQ45Y, B0HFRT9JWG, B0HFRV811X, B0DZNV1Y86, B0F1MKZGHZ, B0F1YLHHM6, B0FC2NDTT3, B0DX1K8RR1, B0F5WVCMDR, B0F1YKY74H, B0HFRSMK7M, B0DTTPWS8J, B0F1Z4CQJ1, B0F38DB7CX, B0HFRP6KNW, B0FC2LYYWH, B0H8CL98W2, B0F5WQFC28, B0F38BC43P, B0DWXMYYJR, B0H7SGGW2L, B0H8B8MNSK, B0H83L4G52, B0H83LS5W6, B0DTD8QN8R, B0F1YJ75ND, B0DYTZZ893, B0H83L4G4Z, B0F1YJ9WJC, B0H7S9214L, B0F1YKJB7Q, B0F5WPN13T, B0H83L6LZH, B0HBC6JXTF, B0HFRXCQ6D, B0H7SLBJ8T, B0H83M8YRX, B0DWXM32MW, B0H8CLB2RR, B0DTTN7MPV, B0HBC4L8FY, B0F1Y7VSGW, B0F1YNQT1N, B0DWDQ7K4D, B0DZNYFMRX, B0HFRZCRWH, B0HFRRQNKD, B0HFRX2DMT, B0DTTPC9KW, B0FC2PFCXC, B0F1Y9L529, B0H8CKFMXT, B0F1YPGS19, B0DTTQ2HXV, B0FC2PSCQL, B0H8CLCDT4, B0HFRSJ8Z9, B0H7SB89YD, B0F1YKL99S, B0DYTX6P4N, B0F1YHSTVG, B0DYTJBWJ4, B0DTTNGRGF, B0DX1LX69M, B0HBBZNJWJ, B0HFSHKSTX, B0H8CG88P8, B0HFRMZZZ9, B0HFRMCMF3, B0H7SDRZNT, B0H8CJSGBX, B0H8CX78KB, B0DWDSFFGN, B0DZWJJV4Z, B0F38BG7K5, B0H83LRS2H, B0HFRT4PLP, B0HFRN39QC, B0F38CZW3P, B0F5WV6QX6, B0HFRW6CYX, B0HFRR9FDD, B0H83DP8F4, B0F1Y9F3BH, B0F38B8BPZ, B0H8CM2PD2, B0HBC6S72V, B0H83J1H6T, B0H8CFJZVY, B0H8CN1FY3, B0H83CK9S2, B0H8CNN1Y9, B0DYTMXG35, B0HBC9V4N6, B0F389RKRM, B0DTTQ4WRX, B0H7SCTMLQ, B0H8C92SC4, B0H83CT3LW, B0F1YN4NYK, B0DYV45PQ9, B0F1YMRTH1, B0FH9ML3Q3, B0HFRP3WQD, B0F5WW31BK, B0F1Y99X36, B0F1YLLNCN, B0HFRRGLQ8, B0F1Y6GWCG, B0H83FM44S, B0HFRRL7YN, B0F38D3G83, B0H83LTPRB, B0HFRRGLPL, B0F1YKX7NK, B0DZNVTDQK, B0H83RLVQG, B0F1YL459Z, B0H8CD39MN, B0DTTQQLYZ, B0H7SCX8YL, B0H8CBKRPP, B0F1YMYW1G, B0DWXPCDYL, B0H83R2YD7, B0DYTL64C7, B0HFRMJM48, B0DTTQ4FCH, B0H83JB6JZ, B0DYTJG9SF, B0DYTPVQRJ, B0F1YJ7FGY, B0HFRYY6PP, B0H8CLMB5Y, B0HFRQBH43, B0H7SM43G7, B0H8396KP3, B0F13YZNGK, B0HFRTBJFC, B0HBBVSZYN, B0HFRM6PS3, B0DTTRR2GZ, B0F1JWH6PD, B0H98NQFFF, B0HFRQRWBR, B0HFRYZHRH, B0F13YMS79, B0DTTNLZRS, B0DTTQDWWQ, B0H7SKZ7Q8, B0HFRL9YY6, B0H83HQ694, B0F5WW66HB, B0DZWK8XHV, B0DWDWKQJL, B0F1YL77XG, B0H83GF65C, B0H7SCNX7P, B0F1YJ59RH, B0H8CP77RX, B0DZWK6MYY, B0F1Y9DD75, B0HFRWCN44, B0F1Y59VJF, B0H83MG7H9, B0HFRR6QHT, B0F38C3LZH, B0DZWK5QGF, B0F1JP4X15, B0F5WXCTF8, B0F38D4KZ3, B0DWDQB576, B0F1YHZYBC, B0FB2RVMHF, B0HFRZX3TJ, B0HBBWDRWZ, B0DWXPFKZ3, B0HFS26G12, B0H83MM519, B0HFS26G11, B0F1Y6SMPS, B0HFRNCHGV, B0DTTNH78L, B0H83JC9JV, B0H7SJ8CNT, B0F1YBHQMY, B0DX1LPZB2, B0F5WTJKMW, B0H8CH55N2, B0HFRQ1D9S, B0H9RWZ22T, B0HFRMHX3V, B0DZNTQ31L, B0H98RYS9B, B0HFRV1HXZ, B0HFRV1HXY, B0DYV1187R, B0DYTD89B4, B0HBC5SKR3, B0H7SC1GCK, B0HFRNTVPD, B0F1YMXG25, B0HFRY6CK5, B0DZNWLY38, B0F5WTKHCY, B0F1YLBSH9, B0F1YMTC5P, B0HFRQLZ5J, B0F1Y7H4C2, B0H83LTS4K, B0HFRMHX3C, B0HFRNDP1D, B0F38BQVRW, B0HFRNTGPZ, B0DTTN167L, B0F1Y5DL2V, B0DYT8XY62, B0F13ZKYNT, B0DTTPZ882, B0F1YNMFX4, B0DWDQQKTM, B0F38D6KTZ, B0HBC6VPTR, B0H833QBT4, B0F1YLJPM3, B0HFRKLRTH, B0HFRPDGF9, B0F1YL3QS5, B0F1YK4W6L, B0F1YLZNZ5, B0H8CG6KQC, B0F13Z4TKH, B0DWXMWV3B, B0HBBZJGFV, B0H83JCLPZ, B0DTTNH994, B0F1YL1QY2, B0DZNXJ57N, B0H8CCCSLR, B0DWXPLSZP, B0HFRTYMB1, B0F1YLVG6F, B0DWXPLSZM, B0HFRNTGPP, B0F1YKXDFW, B0HBBZS2C9, B0F1K2MMVR, B0F1YKW93Q, B0F48GTJ37, B0HFRYZM16, B0HGRDMLVX, B0HFRYZPX7, B0H8CFQRGQ, B0HFRN1B3N, B0HFS65WQH, B0HFRNBKTP, B0DZWJMS3P, B0H8CC661S, B0H7SJQ5NS, B0H7S9FFTQ, B0H83GNHFV, B0FB31X1N2, B0F5WVRT46, B0HFRRTYM8, B0HFS2VD7K, B0H83MLN18, B0HFRKPXXG, B0F13XCSL7, B0H98NRTK1, B0HFRQVCWS, B0F1K2CLWR, B0HFRN6LZS, B0F1YM1GC6, B0H8CRGTM4, B0H83N9NNL, B0F38F1CFF, B0H8CFMPPS, B0FB3C9DP7, B0DTTPSLGF, B0F1YBTKSC, B0HFRS9VZM, B0F1YHK13B, B0F1YLGR3P, B0DTDD51X8, B0H83F2QD9, B0F5WWGSVX, B0F1Y9FPP4, B0F1Y7LKGP, B0F1YKL6K1, B0HFRJVP1W, B0DYTNX18S, B0H8BMNNM2, B0H83F9T4S, B0HBC9Y1KD, B0H7SLQR25, B0DWXLQN61, B0H8CVDH37, B0H9S2HW8K, B0H83NY8BF, B0H83D75WC, B0F1YM6RKR, B0HFRJZBJD, B0F1416WCK, B0DX1LXX35, B0DYT5V2HG, B0F1YMLW37, B0DYTD1TSG, B0HFRW57WC, B0HFRMCFFM, B0DWF4D935, B0HFRX6D14, B0DTTNHHB4, B0DX1LDLQV, B0H83FF3SZ, B0DYTD1GZP, B0FB2P7QK9, B0DWDLJDPH, B0DZNXNZZM, B0DWXLRNYS, B0H992BJ4W, B0HFRPJDTJ, B0HFS11M5K, B0DW93XC79, B0HBBW4ZMZ, B0DYTQX7QG, B0H83DHZ2K, B0FWCT3MGC, B0HBBZTK6B, B0H8C7Z2W8, B0F38DB81H, B0H8CQG73L, B0DTDBBZ5T, B0DTTPV5V6, B0H98TJBSS, B0H83KXCNF, B0F1YJ46M4, B0H83GLLRK, B0F1YJN1VB, B0HFRS5LPL, B0HFRS5LPY, B0DTTR6Q48, B0F1YTQ7YC, B0F1YJ46LX, B0F1YM7K5F, B0H98NRTKG, B0HFRT46LY, B0DTTNM1CQ, B0F1YMWJ5Q, B0F1YMWCHK, B0F1Y7H93H, B0H7S9LHHT, B0HFRJZ1MT, B0F1YBHQH9, B0HFRNRD91, B0HFSFFPF3, B0F1YLSF47, B0DTTMW4HM, B0HFRJSSDV, B0DZNV7BKF, B0DTTPL547, B0H7SJQ5NW, B0HFRRBB1Z, B0H8C84ZXR, B0F1YMJNCG, B0F38CQJGT, B0H83RK3KZ, B0DTTNG26M, B0HFRNCSBF, B0HFS2BCQ9, B0FC2NL4NC, B0HFS2BCQ6, B0H8CP9QPY, B0HFRTWFNW, B0H83F2WZM, B0H83GK758, B0DTTPZ2W3, B0HGRJ6H4D, B0H8CP9QQ1, B0HFRP2DF3, B0F1YMZQ4F, B0DYT95VFK, B0H8CRPCYJ, B0HFRH9H74, B0DTTN2ZT3, B0DTTN2L7D, B0H9RZJYHZ, B0F1YLTSG3, B0DWXLBS72, B0F1YLFTS6, B0FB2XHY5G, B0F1YLFTS2, B0H8CGDXWD, B0H8CNDJXM, B0F1YLNT9R, B0F1YLT9SQ, B0H8CG9CNZ, B0F38CFM7L, B0F389JYYM, B0F1YMH6TV, B0H98X2GBN, B0F13ZRHKG, B0HFRWY3P6, B0HFRZNKP2, B0H836372Y, B0H83JM371, B0DTTQ4PH4, B0FB2K1T9G, B0DTTRB832, B0F1YKVQ9L, B0H8CN5P2S, B0H83JM374, B0DYTJLHTF, B0H8CLVMCY, B0HFRK471N, B0DTDGPL5D, B0DTTN999G, B0FB2PQX8X, B0H98V19B7, B0F38DF83F, B0DTDX3GN3, B0F1YM2322, B0H8CTTS8Q, B0HFRS7ZQQ, B0DYTZP1BP, B0F38FKXL5, B0F1MN3Y7H, B0DYTGK4DS, B0F5WSJ2HL, B0HBBRD69S, B0FB31YVWS, B0H83BG91Y, B0FB3FDXW3, B0DWXM471K, B0HBC1YTND, B0F38CKT39, B0H8CG536D, B0HFRJP5Y3, B0F5WSWKRF, B0F38CPGJX, B0FN7TGX43, B0F1YLC47D, B0DZNTX8XF, B0H8BNNL4M, B0F1YJ6BVV, B0H83F2T5K, B0H83L7LJJ, B0F1MN9N1Z, B0DTTN6T44, B0H8CLG4BB, B0HBBXB5CL, B0F1YSTN3S, B0H8CKJF8N, B0F1YLBHBQ, B0H7SBZBKB, B0H89TZ3N1, B0HFRT8DCK, B0F1YKDRN3, B0HGRJSFBC, B0DTTMW7VW, B0H83GWDK5, B0HFRQWHDD, B0H8CG72M9, B0F1YMXNQY, B0F5WVHFBB, B0DYT95L7P, B0DZNXP3RW, B0F1MKN6YY, B0HFRRWNSF, B0HFRXCX72, B0H8CLBDR2, B0H83C6PWF, B0HFRJ4H2N, B0H8C7YNW8, B0HFRQWHD6, B0H9RYCL7W, B0DZNWD9FN, B0DTTPPV22, B0DYSQ41ZF, B0F1Y5MZK9, B0F1YJ5F6P, B0H8CC93TT, B0F1YJX4M9, B0HFRR1YC6, B0F1YJX4M7, B0HFRR6X1F, B0H7SNRCHZ, B0HFRL68ZP, B0H89VC56R, B0F1Y81PWN, B0F5WRT7V9, B0H83DQ5ZG, B0H83QRKN5, B0DYTRS8ZH, B0H8BCY8W3, B0HFRMNTNN, B0HFRNM68Z, B0DTTC1QYP, B0DZNRPYMY, B0H83FVCNT, B0FN7SF2MD, B0F1YLKRWJ, B0H83GPZ5C, B0DTDFLMX9, B0F5WV18MV, B0F1Y8BTK4, B0F1JD8XWR, B0H83BJPZR, B0DTTQC8CT, B0HBC323H4, B0F1Y9J288, B0F5WXL186, B0F38D2YXS, B0HBBX4XVJ, B0DTTPWKK2, B0HFRPGTRQ, B0HBC5NS8G, B0DTTN8T9K, B0H7SL3QTD, B0HFRHDCVD, B0F1YJ8YR2, B0HBCBCK7S, B0H8CN65BF, B0H98V32W7, B0DYTQ2536, B0HFRNWNHQ, B0H83MGMNL, B0HFRX8MNR, B0F1YB5T1Z, B0H8C7Y3MT, B0H83G7Y87, B0F1YH3NC9, B0FWCRSNYQ, B0H83RRN84, B0FWCP4PJS, B0DYT98M4B, B0DZNYJS1V, B0H98QY2S7, B0H83CLPYS, B0FC2MY2L9, B0F1YJ6MF6, B0F38B8H6D, B0DWDJYZVJ, B0H8CC62WS, B0H8C826JF, B0H8CJ7D5T, B0F5WRP6B8, B0F38GPYGN, B0DTTMZ8Y7, B0H8CN6NWQ, B0FC2NKL16, B0FC2NS9TT, B0H7SBV68X, B0H83FTRX2, B0F48KWT6N, B0H83PCJ74, B0HFRW737J, B0H8CHCX29, B0DYTSX7HV, B0FN7S31FW, B0H7S9425C, B0HBBP1R9Y, B0FC2PHWY6, B0DWDTL5Y8, B0HFRYZ6YL, B0H8CFZN1C, B0HBC39SKT, B0HFRZ142D, B0DTTMXRS2, B0H9RX4CQF, B0HFRQ8RZG, B0F1Y8WQFN, B0DYTZPWWX, B0DYTNKNLP, B0F1YL646W, B0H7SLD7P1, B0DTTPVNWR, B0F1YJTPN7, B0DTTMR7KX, B0H8CJ7TSW, B0F1YX4VM7, B0H8CG2R1N, B0F5WT4PT4, B0H7S5R8WP, B0DTDB8FZW, B0F38DM3Z4, B0F1YBZFN6, B0H8CFFBT7, B0F1YJ5W9H, B0DZNVNQTY, B0FC2R9CB4, B0HFRNVKJL, B0DZWJ22Y8, B0H8C7K6YC, B0H83NKSMK, B0FB2DZSP5, B0H83H7RQS, B0DTTQTWDX, B0HFRVRH9K, B0H98YVTFF, B0HFRVRH9G, B0H83LJ11V, B0DZWJRH7F, B0DYTCSXMY, B0H8CG5CJ5, B0FN7PWD7Q, B0H7SFV6FX, B0F1YLL7VG, B0H7SBXJ6F, B0F1Y8SHKT, B0DZNXDKVB, B0H9RZSNJF, B0FC2RHF4Y, B0HBBVR77M, B0HFRKPK5W, B0F1YMC629, B0HFRTLLJ6, B0F1JLC6L9, B0DYTXB3SF, B0HGRPG8M3, B0HFRTJM11, B0FH9QMS8C, B0DZWJR8X9, B0F1Y7X9YH, B0HFRVW5FD, B0F1Y58MYG, B0H8CP61KX, B0F1Y7SQ6P, B0F38BLPYB, B0F1YJ6WM1, B0H8CLF7WV, B0F1MN8RHV, B0DYTRWMQK, B0F1MLFLJZ, B0HFRNF6V8, B0DZNWC3HF, B0F1Y851SS, B0HBBZQYQX, B0HFRNNZBW, B0H83HM7FZ, B0DTDHJY2F, B0H8CG9GCW, B0HFRTHLX7, B0H8CH58WF, B0H8CFGF4J, B0HGRLGFXV, B0DTTNR6ZQ, B0DTTNR6ZP, B0F5WYPJQ1, B0F1YK5CQT, B0F38CFZD3, B0F1YHHBDB, B0H8CF4M6Y, B0DTDCCYNV, B0FH9S8Z1G, B0H9S58FSH, B0H8CF4M6S, B0H9S8NZG4, B0HFS28MW7, B0DTTQB4YL, B0DTTP4QP4, B0H83K9PZC, B0H7SGYDBR, B0H7SHKW63, B0DYTJCCWS, B0FH9QP3MB, B0HFRQKYVB, B0HFRMWZL8, B0DTTPKNNN, B0DZWJ9N19, B0H7SCV1V7, B0H8CC2PWR, B0F5WT6TZK, B0F38DSV1V, B0DTTPZ98M, B0DZNRRVMZ, B0HFRQW2FK, B0H83S7RNK, B0DZWL1JL8, B0HFRPG5YC, B0DTDFRQJ4, B0F5WVFQLX, B0H8CFDC1V, B0F1MMSRYT, B0H83DVPKH, B0HBC2X9SZ, B0HFS21QV5, B0HFRJMD26, B0DTDL6Q2P, B0H98XX478, B0DTTMPLC9, B0F1YMZJ4V, B0HBC9JTYL, B0HFRTB1QC, B0F1YLMZVJ, B0DZWJ3789, B0DZWJ5Y4X, B0H8CNFGCF, B0DWDQQ7MC, B0HFS2YGK6, B0F38DPYDM, B0DTTQ3YQK, B0F1YJ6JVD, B0F1YBFPTS, B0DTTNHWTV, B0HBBS73PM, B0DYTV13Y7, B0H98QCBWP, B0F5WX5J8Y, B0DYT4ZHPG, B0F5WSD86Z, B0DTDL71P6, B0DYT8DYQF, B0F5WTLLJT, B0HFRK7B4Y, B0DYTKKQSL, B0HFRY1DHX, B0HFRSLRZS, B0F1JSK1S1, B0F5WT1J9N, B0DYTLD7YN, B0F1YDSRKN, B0F1YPY3QL, B0DTDQY9HQ, B0DYT9DJZW, B0H83F11K5, B0F1Y8RRJL, B0H8CRNQSN, B0F1MLC3XP, B0DZWK8NLL, B0F38FH4DR, B0HFRRJ5CK, B0DZWJNCQ8, B0H83P598T, B0HFRQ9YY1, B0F1YLZ8GQ, B0DTTN4SWV, B0F1YZD3LY, B0H83GZPSL, B0HFRNBSC4, B0F1Y5KDVM, B0F5WSLYBV, B0HFRZ1HFR, B0HBBX5QTP, B0HFRWB2JB, B0DYV45VGZ, B0F1YBPG7M, B0HFRTSFPQ, B0DZWL1Y8Y, B0HFS1L4TY, B0HFRTJLZS, B0F13YQM7H, B0HFRRTCBZ, B0DWDQ2K4B, B0H83JNZXL, B0F1Y6LVX9, B0DZNXT3C5, B0DTTNRB95, B0DZNW5162, B0H8CHQ41N, B0F38C74N3, B0HFRRJ5CR, B0F38C445Z, B0H8B8FCBR, B0F1YPY3QB, B0DWDGXPQ5, B0F1YLKZZ6, B0F1YLJV43, B0F1YLPPVT, B0F1Y2Y6CW, B0F1YLQ27V, B0H83KJPSQ, B0DWXLNJ7P, B0DZWK82W4, B0HFRWJWYT, B0F1YTBLLR, B0F1YPQKTZ, B0F1Y7SDK6, B0HGRHGLVB, B0F5WWCYT4, B0H7SK8KKF, B0F5WWY3GV, B0F1YKPF86, B0F1YBP68J, B0F1YK9ZCM, B0DYT9966V, B0H8CRKDFJ, B0F1YBPG9T, B0DW95LL57, B0DTTPGFHP, B0DZNXJMMW, B0F1MNSTVQ, B0H83KD1C7, B0HBC1TNZ3, B0DW961ZCF, B0F1YJ2G4S, B0H7SJR3K5, B0F1MQFWQ8, B0DTTMVJ7X, B0F5WRDBNF, B0HFRW8DH1, B0H9S1XQVX, B0F1YHRMXW, B0DWXKPXM1, B0H7SDHWX2, B0H9RZYR99, B0F1YL34PM, B0HFRQ88WS, B0F5WT3TMR, B0H8CD4B36, B0F1Y7SM9M, B0H7SC4YV2, B0H8CNJR51, B0HFRN3QMR, B0F1YM4V3N, B0F1YCJRGB, B0F38F59DM, B0H8CP5JJ5, B0DW95FRST, B0F1Z4C8BX, B0F5WSZBRL, B0H835XM1Z, B0HFRZYBJ4, B0DTTR5YGJ, B0DTDFQVNC, B0F1Y7XZCN, B0F1Y85MVL, B0DTTNDVG7, B0DTDSPPSB, B0F1YN9ZR4, B0F38D2SZ6, B0DTDP2QCP, B0F1YN9ZR5]",amzn1.campaign.36XM4PRBD0VQC,Top Home Decor | Erosebridal 100K+ Styles | 15% Commission 44,Erosebridal,2026-09-04,2027-09-04,15.00%,10000.0,10000.0,127,800,false
[B0H6F54TQ8],amzn1.campaign.226UKX3SSJ4XU,4681EA2001T WM3370HWA WM4370HKA Washer Drain Pump Motor - 16% commission,Xiwrdok,2026-09-04,2027-04-30,16.00%,5000.0,5000.0,140,800,false
[B0F8NGPH76],amzn1.campaign.1F5WG6FKUCTX4,10% Commission for Bamboo Pull Out Spice Rack - Wave2 (800filled),SpaceAid,2026-09-04,2027-08-17,10.00%,999999.0,999988.09,21,800,false
[B0H1LQTFXB],amzn1.campaign.30W035CSOM9E7,JoyParcel Halloween Inflatable - Seasonal Creator Promo,JoyParcel,2026-09-04,2026-12-30,10.00%,5000.0,5000.0,124,800,false
"[B0H7BMP4Q6, B0H7BMHK59, B0H7BGGSMZ, B0H7BKFDDY, B0H7BKFDDZ, B0H7BHRT2T, B0H7BK8H5F, B0H7BHL6JD, B0H7BJ18G2, B0H7BBN3CH, B0H7BJXJX9, B0H7BCP7KB, B0H7B9P1RH, B0H7BDLC1H, B0H7BK8GSG, B0H7BHQCW1, B0H7BN5XM8, B0H7BFR7Q5, B0H7BHKHR3, B0H7BH2H8P, B0H7BDYQHJ, B0H7BN4BCN, B0H7BKW52W, B0H7BKC8V9, B0H7BDDY65, B0H7BGYGC1, B0H7BMWB8Z, B0H7BL9FR8, B0H7BQ92CY, B0H7BHBYJP, B0H7BFZS38, B0H7BKW52C, B0H7BJ588G, B0H7BPTXZZ, B0H7BDFVL6, B0H7BHRT1C, B0H7BLKR8F, B0H7BK8GQH, B0H7BFNR36, B0H7B9P1P9, B0H7BRKD3K, B0H7BPW1CS, B0H7BH2LC7, B0H7BM2SJ5, B0H7BNXZJ2, B0H7BKPGJ4, B0H7BGJGN8, B0H7BK9YRC, B0H7BC4T29, B0H7BR798Z, B0H7BGSZXP, B0H7BK962W, B0H7BDPSJB, B0H7BJLTS1, B0H7BHGKFS, B0H7BRHZDL, B0H7BH7YRB, B0H7BPK4GT, B0H7BQ8DD2, B0H7BRMZVH, B0H7BHYMV1, B0H7BLG2F4, B0H7BFDPP2, B0H7BHQRX7, B0H7BRNQC1, B0H7BBJDM3, B0H7BMFDJF, B0H7BP9R6R, B0H7BRMKYN, B0H7BGMJLN, B0H7BJPKTP, B0H7BBJG1F, B0H7BGSPFJ, B0H7BJ7899, B0H7BKJ38Y, B0H7BN23J2, B0H7BK86TQ, B0H7BM56BD, B0H7BPSMCP, B0H7BMQK7X, B0H7BBFMHD, B0H7BF77H7, B0H7BL2K38, B0H7BHL2DL, B0H7BKJ38T, B0H7BN54BF, B0H7BKJ37Z, B0H7BMQ7S7, B0H7B8VPZW, B0H7BFSVQJ, B0H7BJ6XZH, B0H7BPC5BJ, B0H7BKYW1Y, B0H7BKHNT1, B0H7BM8VZR, B0H7BKXJT7, B0H7BG6P1K, B0H7BHRZ6V, B0H7BQ3Y7Y, B0H7BJV1CF, B0H7BFDY5F, B0H7BBF4F9, B0H7BJNXHB, B0H7BG625Y, B0H7BJ254Y, B0H7BN2LTX, B0H7B75WLQ, B0H7BFWQMW, B0H7BRC7K4, B0H7BM3GDG, B0H7BMM5T3, B0H7BFR9M1, B0H7BHXCZ4, B0H7BJ8P9W, B0H7BPW19M, B0H7BC3M28, B0H7BG625R, B0H7BK8L3Z, B0H7BBVCS4, B0H7BHSGQ8, B0H7BRC7KP, B0H7BGTNTB, B0H7BP9247, B0H7BFG9N8, B0H7BL6VRM, B0H7BCF2CY, B0H7BFHXGJ, B0H7BFZH4Y, B0H7BN5XF5, B0H7BFC7XD, B0H7BB5LDT, B0H7BJ6CCF, B0H7BHM37G, B0H7BHFNB4, B0H7BDFVCG, B0H7BGS8NG, B0H7BG6P2H, B0H7BKJVR7, B0H7BJ1KC7, B0H7BFZH4C, B0H7BG6P2T, B0H7BGMJBW, B0H7BK6KWB, B0H7BGM599, B0H7BKKK83, B0H7BBJV97, B0H7BJ4KZL, B0H7BBJKCG, B0H7BD8WPQ, B0H7BSB6NQ, B0H7BRC7J7, B0H7BRH3SC, B0H7BBG18D, B0H7BM5682, B0H7B8VDMM, B0H7BMZLW6, B0H7BMFWGK, B0H7BG1FR9, B0H7BKSYBV, B0H7BLLTL8, B0H7BMSS7W, B0H7BRLNYS, B0H7B8VSJC, B0H7BKSYBH, B0H7BJWZTX, B0H7BF6BV6, B0H7BG3HMV, B0H7BMRP5S, B0H7BPFFQT, B0H7BJ8XMH, B0H7BJXJRQ, B0H7BCCK9V, B0H7BPGY6X, B0H7BN744L, B0H7BQYLHL, B0H7BPGZZ3, B0H7BM3P3B, B0H7B9DWJJ, B0H7BT1WBK, B0H7BLHNMY, B0H7BP197P, B0H7BPVXGY, B0H7BGRZ7G, B0H7BF5PVD, B0H7BMZHR8, B0H7BHRX5S, B0H7BMWF5W, B0H7BHFPK4, B0H7BPN59Q, B0H7BGMJFR, B0H7BRLSB4, B0H7BBJV4P, B0H7BJJW37, B0H7B942Q8, B0H7BM49DG, B0H7BRMZM5, B0H7BQGTP6, B0H7BGMJFL, B0H7BMFK27, B0H7BNBMF8, B0H7BSXWHF, B0H7BKPD6S, B0H7BJR72H, B0H7BH49G6, B0H7BKXVBQ, B0H7BLMCBN, B0H7BN7XVK, B0H7BGBYXZ, B0H7BLMCC2, B0H7BHCNDK, B0H7BPKJGK, B0H7BLQR53, B0H7BJW9GN, B0H7BKKTDL, B0H7BBJGFC, B0H7BR5DFK, B0H7BMWHTZ, B0H7BJN4XZ, B0H7BP3LQN, B0H7BMMCGK, B0H7BHNH95, B0H7BRMNSH, B0H7BDXLQM, B0H7BGRMP7, B0H7BSVWMQ, B0H7BP8V9B, B0H7BL76H4, B0H7BQR1CY, B0H7BF2B7T, B0H7BDZ7BM, B0H7BQ35KF, B0H7BJ5ZKN, B0H7BG329H, B0H7BPSXM9, B0H7BG3P3H, B0H7BLNJQ4, B0H7BL76G2, B0H7BH417P, B0H7BLFV8T, B0H7BKVVF6, B0H7BN1LS1, B0H7BP8V7S, B0H7BJ5ZLB, B0H7BJKKSR, B0H7BPLKC2, B0H7BKGNJ1, B0H7BKMXKL, B0H7BG6S3M, B0H7BM353W, B0H7BRQ6T6, B0H7BRF51R, B0H7BBRSBK, B0H7BRN3VK, B0H7BKVVM1, B0H7BR3DHF, B0H7BDSD2Q, B0H7BJHZ8G, B0H7B9FHPJ, B0H7BB2VFJ, B0H7BC2TFM, B0H7BHBSVW, B0H7BL5Y6N, B0H7BWB145, B0H7BGC74J, B0H7BFDHPB, B0H7BWB15K, B0H7BFDBG5, B0H7BPK148, B0H7BK265S, B0H7BFSNR6, B0H7BRKRZQ, B0H7BJ78FD, B0H7BJNCXD, B0H7BF4PQ7, B0H7BKFST4, B0H7BL3F5W, B0H7BNWWS3, B0H7BMZZMB, B0H7BKMXHP, B0H7BG82N3, B0H7BGJS8V, B0H7BMPNRN, B0H7BNVPH6, B0H7BGNY93, B0H7BJHZ6X, B0H7BPMF69, B0H7BPFMYP, B0H7BL2JXM, B0H7BG5FR8, B0H7BCKB76, B0H7BPBY6W, B0H7BFK1C7, B0H7BG4Y8X, B0H7BJ4NQ4, B0H7BHGKKB, B0H7BHWNB7, B0H7BRN3T9, B0H7BWB18L, B0H7BFC1Z8, B0H7BRRHQJ, B0H7BHGR98, B0H7BJBT2F, B0H7BQ2VDK, B0H7BJJS93, B0H7BDXPQR, B0H7BN94B9, B0H7BFKBCG, B0H7BM32KZ, B0H7BMNNRN, B0H7BPBY5T, B0H7BK4WFY, B0H7BMNFD4, B0H7BRNDRB, B0H7B7H16L, B0H7BG9K18, B0H7BDLZJ5, B0H7B9G6MG, B0H7BL3XNG, B0H7BMPCXF, B0H7BH3499, B0H7BHMSG4, B0H7BHYN8Q, B0H7BH8J3D, B0H7BHX5KQ, B0H7BQ6MHS, B0H7BLHBCN, B0H7BH2HBR, B0H7BHWGRZ, B0H7BPVTSR, B0H7BL9FXR, B0H7BGFPSL, B0H7BN5757, B0H7BFVBDF, B0H7BM2SJG, B0H7BQBNC2, B0H7BKWRZV, B0H7BMD47M, B0H7BQ3YDJ, B0H7BKPD2K, B0H7BHX5PY, B0H7BBSPB8, B0H7BL7ZM7, B0H7BM1RL5, B0H7BKWRZF, B0H7BGJLBM, B0H7BK283Y, B0H7BJWYCY, B0H7BLH5QC, B0H7BHTSXM, B0H7B7PGRC, B0H7BLL9G3, B0H7BF4RJP, B0H7BJY6X8, B0H7BLSJTK, B0H7B5GXBN, B0H7BJVSZT, B0H7BLV1ZH, B0H7BFTFTJ, B0H7BHYGRW, B0H7BC9NMZ, B0H7BGSB6C, B0H7BHTSVC, B0H7BJJYGY, B0H7BFCCCP, B0H7BPN5KV, B0H7BPFMRF, B0H7BCJL3G, B0H7BK8RTG, B0H7BF4D29, B0H7BRKS3H, B0H7BQ28H3, B0H7BC9NLV, B0H7BK5P7D, B0H7BJ8D49, B0H7BPD4FH, B0H7BHB5QJ, B0H7BQBNB6, B0H7BK9T41, B0H7BK4HKN, B0H7BC296T, B0H7BMQ5W1, B0H7BJBT4S, B0H7BMQ5VW, B0H7BH678T, B0H7BD8CN1, B0H7BHNHGK, B0H7BN7FBC, B0H7BPY4BM, B0H7BTD41S, B0H7BRMWTB, B0H7BP366Z, B0H7BDM3P7, B0H7BG32G4, B0H7BDH7GF, B0H7BJL5PC, B0H7BR86S1, B0H7BP2S1K, B0H7BL7W9C, B0H7BPTQJ3, B0H7BD8CNN, B0H7BFX3WW, B0H7BP2S2D, B0H7BF1H3T, B0H7BG3Y34, B0H7BJFZL2, B0H7BTDHYX, B0H7BMZD46, B0H7BGZMH7, B0H7BG9BXF, B0H7BHL9NV, B0H7BJ7Y2Y, B0H7BHLHLH, B0H7BJK51Y, B0H7BFL7F4, B0H7BHXVCZ, B0H7BHG4ST, B0H7BNHF15, B0H7BP2LH9, B0H7BLKB8T, B0H7BCV68V, B0H7BL5NLW, B0H7BBTBMG, B0H7BKX976, B0H7BLXTVL, B0H7BJV4NS, B0H7BTLPP7, B0H7BPLXQL, B0H7BB33Q4, B0H7BJ6G3S, B0H7BPTQKP, B0H7BN46NF, B0H7BMG7TZ, B0H7BRPZPH, B0H7BHP9D4, B0H7BHPD8S, B0H7BLRFMK, B0H7BD1L7C, B0H7BKX55N, B0H7BN4TBP, B0H7BVPJGS, B0H7BJKVYW, B0H7BRMSHM, B0H7BFVTCB, B0H7BLWQMC, B0H7BLCT4K, B0H7BMPFP4, B0H7BRJD2K, B0H7BRBZ69, B0H7BNCT75, B0H7BQ2CST, B0H7BKSMSF, B0H7BTBSQ9, B0H7BPV7M9, B0H7BH3D1R, B0H7BJSP45, B0H7BKH8J4, B0H7BBVK5Q, B0H7BPD7B3, B0H7BFDKF1, B0H7BJTCY8, B0H7BPMPXP, B0H7BNVHHN, B0H7BQKJVL, B0H7BN1SKW, B0H7BM4GFN, B0H7BRT3RW, B0H7B8YQ3L, B0H7BFRTQJ, B0H7BMC5WB, B0H7BHPRX7, B0H7BMM34G, B0H7BBVK4L, B0H7BH7KWK, B0H7BKMF4V, B0H7BJL1L2, B0H7BH21S6, B0H7BDN4TX, B0H7BD3CC8, B0H7BL7PNG, B0H7BP2LBJ, B0H7BH65ND, B0H7BDL9F1, B0H7BN3SFR, B0H7BLG7MH, B0H7BRV3N9, B0H7BMKWCL, B0H7BL9TP8, B0H7BL2MW6, B0H7BNBJH7, B0H7BN3SFF, B0H7BPCN3J, B0H7BBV7LS, B0H7BP2D2G, B0H7BMPQHK, B0H7BKH3V5, B0H7BC6Q26, B0H7BGBQQ1, B0H7BMZPB5, B0H7BM4BX1, B0H7BPPSS6, B0H7BF62SB, B0H7BMD4KX, B0H7BFCXWZ, B0H7BHTVJB, B0H7BH3L6H, B0H7BTHWCG, B0H7BNC1MC, B0H7BBJB46, B0H7B8NQ9P, B0H7BLGQ5Y, B0H7BJMXJG, B0H7BPLVCB, B0H7BF984K, B0H7BDDWJP, B0H7BHRH55, B0H7BFGZNL, B0H7BN2ZQK, B0H7BHRH4Q, B0H7BDXHQM, B0H7B8NQ9X, B0H7BH4M7Z, B0H7BJ9BYH, B0H7B8NFCF, B0H7BFB68Q, B0H7BKVKYN, B0H7BH3L8R, B0H7BRL8Q2, B0H7BLWBMF, B0H7BKQ26G, B0H7BLTPRC, B0H7BLP3DK, B0H7BF8TRL, B0H7B8NFD5, B0H7BBWW5F, B0H7BM4BYS, B0H7BPTQDG, B0H7BHB3XW, B0H7B8NQ8T, B0H7BLSP4H, B0H7BMP7Q1, B0H7BQ6KV4, B0H7BNCT4R, B0H7BMRWJR, B0H7BFW4W4, B0H7BPFTT6, B0H7BM4ZJ3, B0H7BGM238, B0H7BMBVXN, B0H7BM4ZJ8, B0H7BPKFHD, B0H7BMN7X2, B0H7BRPZGT, B0H7BLRWFT, B0H7BLPK4N, B0H7BKQ258, B0H7BJV4N5, B0H7BD6W68, B0H7B7JX43, B0H7BM688P, B0H7BRKZ46, B0H7BLG7HG, B0H7BGP4RC, B0H7BRV3FS, B0H7BT9DFP, B0H7BHW5CB, B0H7BMS3YQ, B0H7BLMZTP, B0H7BLH1Z3, B0H7BPCC4L, B0H7BKG9H9, B0H7BL83LJ, B0H7BLH8FS, B0H7BPMTYM, B0H7BJWWNT, B0H7BK2SXQ, B0H7BKZMVP, B0H7BH7MPF, B0H7BMBY7P, B0H7BPMTY5, B0H7BBH145, B0H7BHTJ6W, B0H7BMYSH4, B0H7BJLJVN, B0H7BJV94X, B0H7B7B8K6, B0H7BBRZG2, B0H7BHGY7B, B0H7BC8CK3, B0H7B97KYS, B0H7BPYMG6, B0H7BKBVN5, B0H7BPMPSY, B0H7BH43HV, B0H7BHQ5SP, B0H7BPMPSZ, B0H7BK7KZ9, B0H7BLY7MY, B0H7BKTPLX, B0H7BML1M5, B0H7BL5NHS, B0H7BGJ3C3, B0H7BJRCTK, B0H7BFVR7Q, B0H7BG3L84, B0H7BFXMHG, B0H7BN57B1, B0H7BK98LK, B0H7BMMCN1, B0H7BQ7HGT, B0H7BKH3VN, B0H7BFSJQB, B0H7BQ7HGQ, B0H7BBH11T, B0H7BDMFTF, B0H7BMYSJ1, B0H7BFXSTG, B0H7BK7J5P, B0H7BD91FF, B0H7BFYF75, B0H7BMXSF8, B0H7BMZM3N, B0H7BK2VT5, B0H7BB97ZD, B0H7BC95ZM, B0H7BLJ749, B0H7BL24TY, B0H7BMY6JZ, B0H7BH7RQ3, B0H7B9G9KX, B0H7BM2NMP, B0H7BP6138, B0H7BPM69D, B0H7BHVB4P, B0H7B9X6T8, B0H7BCB8DC, B0H7BN14B2, B0H7BMJVVY, B0H7BFXCFD, B0H7BT2ZBJ, B0H7BGRNQV, B0H7BLSTTD, B0H7BPWJBD, B0H7BWB3VC, B0H7BQP4PN, B0H7BBLTYQ, B0H7BMN2DQ, B0H7BG41TW, B0H7BGM51P, B0H7BFCWP6, B0H7BMY6KG, B0H7BQ3CFQ, B0H7BF2XD9, B0H7BBS7K2, B0H7BLR48Q, B0H7BGCQFF, B0H7BDRS2J, B0H7BD6M9K, B0H7BN29K9, B0H7BPXBRJ, B0H7BLK9Y6, B0H7BNHQ85, B0H7BMPL1Q, B0H7BQ6NRY, B0H7BL37TL, B0H7BHCX78, B0H7BKSY3R, B0H7BMFQ9V, B0H7BCC58H, B0H7B8YZ81, B0H7BPCY97, B0H7B8YZ7C, B0H7B9M574, B0H7BF7Y8J, B0H7BKFQ1K, B0H7BQZSMY, B0H7BMQ2WB, B0H7BK121L, B0H7BKXJNR, B0H7BBQJSY, B0H7BPJB5F, B0H7BPKSTX, B0H7BMNMTN, B0H7BB986R, B0H7BMMNZ6, B0H7BLQD65, B0H7BLGZCK, B0H7BGT167, B0H7BPC53J, B0H7BH2THB, B0H7BJHH3X, B0H7BM88MY, B0H7BMZLP8, B0H7BKYGD1, B0H7BRKKLL, B0H7BHBRQX, B0H7BQ3VGP, B0H7BMLXRS, B0H7BNCJ59, B0H7BFHXDX, B0H7BCMKRB, B0H7BTNB9R, B0H7BHFRG4, B0H7BM29BK, B0H7BQ2YL7, B0H7BL8T9R, B0H7BB1F73, B0H7BJS4BJ, B0H7BKGYSQ, B0H7BHN7NC, B0H7BHGNPR, B0H7BLP687, B0H7BLC1TQ, B0H7BPT254, B0H7BHGNPX, B0H7BG87K1, B0H7BMXQ8Z, B0H7BDDSR9, B0H7BQ1VGW, B0H7BN5QG2, B0H7BKY7ZP, B0H7BHGNQJ, B0H7BCP8V2, B0H7BL8T94, B0H7BCB6HK, B0H7B97139, B0H7BR6LHT, B0H7BCWD8Z, B0H7BHRCXK, B0H7BJJ26X, B0H7BBZR34, B0H7BT2Z8J, B0H7BNF7B3, B0H7BFN5CY, B0H7BD2JX2, B0H7BFMGJD, B0H7B6LDM6, B0H7BCGKX2, B0H7BBFQKS, B0H7BLNMNH, B0H7BKVTZF, B0H7BKVRVJ, B0H7BHR2WX, B0H7BMNXH7, B0H7BF76HZ, B0H7BFS1KX, B0H7BJNQGW, B0H7BKX569, B0H7BGBMYT, B0H7BPM1DP, B0H7BRQ9R7, B0H7BLKFBC, B0H7BMXQ5J, B0H7BFBJ1S, B0H7BTFWVK, B0H7BF72D3, B0H7BC8PVQ, B0H7BH9KXM, B0H7BNV9QQ, B0H7BFTXZ4, B0H7BMPBP9, B0H7BJKHFB, B0H7BHWWWF, B0H7BMG7V1, B0H7BKMJGN, B0H7BRHDBM, B0H7BMPBQH, B0H7BLP7WK, B0H7BPXFM1, B0H7BP2LHN, B0H7BSWLHT, B0H7BHYWQX, B0H7BTD3T8, B0H7BK7RXQ, B0H7BKBCZL, B0H7BRKKGF, B0H7BLZVWJ, B0H7BKKLQ6, B0H7BHNZ4G, B0H7BMQ4TF, B0H7BH7H97, B0H7BNTZ9V, B0H7BM99DQ, B0H7BTK6CL, B0H7BJ6C6R, B0H7BKD56W, B0H7BMN27V, B0H7BKC47R, B0H7BMNQV9, B0H7BFM6LT, B0H7BJG3DS, B0H7BCK8JD, B0H7BBN34D, B0H7BB8LG8, B0H7BC8PT4, B0H7BB968Y, B0H7BRJCXV, B0H7BMQ4TK, B0H7B9Y1PG, B0H7BKD6Y5, B0H7BK9VXK]",amzn1.campaign.D3W2CJEYQKV3,InkRain Pillow Covers Sofa of 2 Decor Set 28x28 Inch Cotton Linen-11,InkRain,2026-09-04,2027-09-04,20.00%,5000.0,5000.0,123,800,false
"[B0H98T1FFY, B0GTVN5G74, B0GTVCQW13, B0GTVH61CT, B0GTVM4LGR, B0H98SYXH7, B0H98SM4CR, B0H98TT3QW, B0H98WWM9S, B0H98GDL5F, B0H98RR8YZ, B0GTV9SRS1, B0H98QKFFN, B0GTVL5GGV, B0GTVKWBHD, B0GTVRGFW6, B0GTVH57WV, B0H98GLWTC]",amzn1.campaign.2XKOJ8QBF3FBZ,Earn high commissions——Experience fashion style with Hathne!0028,hathne,2026-09-01,2027-03-02,16.42%,5000.0,5000.0,158,800,false
[B0H6F54TQ8],amzn1.campaign.11BT5G8B4T11X,4681EA2001T WM3370HWA WM4370HKA Washer Drain Pump Motor - 15% commission,Xiwrdok,2026-09-04,2027-04-30,15.00%,5000.0,5000.0,141,800,false
"[B0GQS3N6FG, B0GQS2GRTS, B0GQS5FS87, B0GQSJYD6L, B0GQRSTN49]",amzn1.campaign.1FZZ2IZ9GWAWC,红色破洞牛仔裤+9.2,Arkordi,2026-09-04,2027-01-01,14.00%,5000.0,5000.0,161,800,false
"[B08KPW95D5, B08F54TX8K]",amzn1.campaign.2KNAMB911AD6J,Rollaway Bed Storage Cover,Le maple bleu,2026-09-04,2027-03-01,10.00%,10000.0,10000.0,126,800,false
"[B0FKT4FZVK, B0FKT7MG8Q, B0FKT4JQWB, B0FKT4QND8, B0FKT5JW1V, B0FKT1QS3T, B0FKSYKN46, B0FKSZVRF3, B0FKT3FS3Q, B0FKT1YRHR, B0FKT66HTX, B0FKT4ZWMX, B0FKT4R3PX, B0FKSZXHZ8, B0FKSZ5WDB, B0FKT19RHG, B0FKSZX9R7, B0FKT3NG7K, B0FKT4ZVTN, B0FKT16F13, B0FKSXDSVC, B0FKSY3X1K, B0FKT49QMP, B0FKT5F86K, B0FKT5LHVY, B0FKSY5PFH, B0FKSY5PFF, B0FKT1XFHM]",amzn1.campaign.I7GAYSPQDMFK,JAG Rift Motorcycle Jacket | Earn 12% Commission,J.A.G.,2026-09-04,2026-12-31,12.00%,5000.0,5000.0,131,800,false
[B0H6WSWCS3],amzn1.campaign.1ST00FKYRMZH6,Megneta | Nattokinase Liquid Drops+DROPS-S,MEGNETA,2026-09-04,2027-09-04,10.00%,8888.0,8882.9,130,800,false
"[B0H7S9Z3LL, B0H6PGMXRN, B0H6M4RQGY, B0H6M29F2P, B0H7X9FD43, B0H7SFZZ23, B0HBWY4PVQ, B0H6M7H9CH, B0H7X5B513, B0H7C1JWTQ, B0H7SHFSHN, B0H6MF7QGD, B0H8B8QLMB, B0H7GGQN1J, B0H7X7NV7R, B0H94PQQ59, B0H6P9LSM4, B0H7X1QQKP, B0H6PNGP3G, B0H7X6K12Q, B0H7GCYCSY, B0H6PKPG7X, B0H7X2NHH3, B0H94KHR91, B0H7C2S235, B0H7GKCDWR, B0H7WZGKJ6, B0H6M8QQ9W, B0H6XCV8NL, B0H7X3XRBL, B0H6MHDBNN, B0H6M5F9B3, B0H6XPDMB4, B0H7C2QBZ9, B0H94S64WT, B0H6MFHYG2, B0H7SCR68N, B0H7X7KTYY, B0H6PHX97P, B0H7X25KYC, B0H7WW22DG, B0H6M99QFQ, B0H7X423YF, B0H7GG12ZY, B0H7WRVTKQ, B0H7GCWRZC, B0H7GDSYWD, B0H7GCMSYS, B0H7X4WZ7G, B0H94GQKBT, B0H7CB5RVB, B0H7GCMSYN, B0H7C5LQPN, B0H7GCDQHF, B0H6XK7FJW, B0H7X8SKSQ, B0H7X7V9BD, B0H6M5B3DM, B0H7WYR3XR, B0H6PJTK4R, B0H6XBKKJ9, B0H7C1T6QT, B0H6M9ZV2W, B0H7SBP9Z3, B0H6PJW1ZH, B0H6PJH71D, B0H7X17KGZ, B0H6PHWC3C, B0H7GCZG39, B0H7GLWZRZ, B0H94KTHHZ, B0H7G4ZDK1, B0H6M8Q1BH, B0H6M6RBVL, B0H6M611XJ, B0H7X8BLFC, B0H6PNHD52, B0H7GSMZLW, B0H7X82MXV, B0H7C3337D, B0H7C3B4M1, B0H7WYTT35, B0H94SMDQZ, B0H6MDT5L8, B0H6M5B3DR, B0H7C3337G, B0H6MCH2FQ, B0H7GBPVQ8, B0H6PGLFTL, B0H94F65GB, B0H7C88RDN, B0H7GF8LQK, B0H6PGMTPT, B0HBWZ1MXM, B0H6M8WW87, B0H6M6Y6LJ, B0H7C72NK4, B0H6MBNHZ1, B0H94GW5JY, B0HBV2LK69, B0H7SB7CTG, B0H7G8VXN1, B0H6MFG8MH, B0H6PCK486, B0H7X21W86, B0H7GDQHX7, B0H7S8W4T9, B0H7XBD4CB, B0H6PFC5L3, B0H6XPMKHH, B0H7WYSB5F, B0H94J63S3, B0H7X9BNLQ, B0H7G36327, B0H6PKVM3Q, B0H7BYP8R9, B0H7SB7CTP, B0H7X6KLC6, B0H7C635CY, B0H7X2LHJ8, B0H7X6FP6B, B0H7GPFWT8, B0H7X6FP6G, B0H7XH5898, B0H7X4MGH2, B0H94VBQSX, B0H6XH3B5C, B0H7X4MGGJ, B0H94HC2V7, B0H8B1FTG2, B0H7C7R25H, B0H7BYW59R, B0H94QKZ3Q, B0HBBP15CT, B0H6PKYN43, B0H6M6V5VD, B0H7GDNW67, B0H6MD84K4, B0H7X45L74, B0H6M53KDZ, B0H6PDBMYL, B0H6MD7BH7, B0H7X9F8SS, B0H6PCRW8Z, B0H8B6GYSH, B0H7GBKG5L, B0H7CDFB3M, B0H6P64FCV, B0H94GTN5F, B0HBC1DCGS, B0H6XJ8KSP, B0H7WWV591, B0H94X7D52, B0H6XJ8KSZ, B0H6PKDNQ7, B0H7GH1CV4, B0H6M81H2J, B0H94V8TTW, B0H6MCHCRS, B0H6PPHBFQ, B0H6XF1TTX, B0H7XCY65V, B0H6PGDXVQ, B0H8BMV2MJ, B0H7G8BJ9W, B0H7GFSQG4, B0H6PH7S6H, B0H7GBYKZ3, B0H6MDBLYG, B0H6PJWMQN, B0H7G13N42, B0H7C7QNSY, B0H6PMKMGV, B0H6M8KR6V, B0H7X4SMBC, B0H7SCLH69, B0HBVSTTR4, B0H94NJZN3, B0H7C4R142, B0H6XRZXMG, B0H7S9HCW2, B0H7C4ZKPL, B0HBX2KPK4, B0H94LSC6M, B0H7C5B2JF, B0H94GWYDB, B0H6M8X69K, B0H8B6JKPL, B0H8BMSSW4, B0H7C7QNT4, B0H7X9SJF3, B0H6M4KV23, B0H7WYMX77, B0H7GF9BPV, B0HBWZ7FRH, B0H6MGZJS6, B0H6M4NXMD, B0H7X772GX, B0H6M2RJDQ, B0H6XPH1M9, B0H7S8XFP9, B0H6M4FWCJ, B0H6PLDJS7, B0H8BJG58Y, B0H7C78VNZ, B0H94L81HX, B0H7G79XJY, B0H6M8NTXX, B0H6M9JLYB, B0H7C9SHJK, B0H94SMYRL, B0H94M74VD, B0H7C9PXS9, B0H94PKNTH, B0H7C3ZGC6, B0H7XB7TRR, B0H7X9TDYB, B0H6P9V96Q, B0HBV5TNZW, B0H7C1P99G, B0H94D97W4, B0H8BC9VLJ, B0H7XC15FT, B0H6M8FG6H, B0H94QRX9J, B0H6M4PMTM, B0H94R7BBX, B0H7X5DR67, B0H94GZC58, B0H6MH743G, B0H6MCVDG7, B0H7GBKT25, B0H7X2GJ2Z, B0H7X4JBCV, B0H7X4JBCX, B0H6MGZJSR, B0H7C46K7S, B0H7X4JBCD, B0H6PPP74C, B0H6MCXFCL, B0H7SBCYT8, B0H7C8RTD8, B0H7GLK2RR, B0H7G9D4WR, B0H7X1TNKM, B0H7G8RYS9, B0H7X9CGSF, B0H6XM79F6, B0H8B8CS3R, B0H94M6QG8, B0H94NZJ31, B0H6PHTJVM, B0H6PG1QGQ, B0H6PG1QGR, B0H7WVQ15N, B0H7C6MRHL, B0H7C6ZCDJ, B0H94M6QGG, B0H6PPJ7QS, B0H6M29PWS, B0H94VZ9TM, B0HBWWWXG8, B0H6MH11T9, B0H94LWHNH, B0H7BYWN1T, B0H94DT9VP, B0H94KJYT2, B0HBC25D1F, B0H7C2LGDP, B0H6M77YCN, B0H6PKHNNB, B0H7X2BGXB, B0H7GL6R13, B0H7WYKJGS, B0H7GCVY8F, B0H7C88C2P, B0H6MCV6X5, B0H7XGMH2W, B0H7C3FW72, B0H6M96ZPD, B0H7WZJVFK, B0H6PGN1TR, B0H7S61VKR, B0H7C9NMJV, B0H6M9SVRH, B0H7GP9LMV, B0H7X4DPMS, B0H7XD1339, B0H7X1SSZP, B0H7C748F4, B0H7XCT6NW, B0H7WYJXGD, B0H7X35B8X, B0H6MHPQWM, B0H7FXBS6T, B0H6M7T7LY, B0H7C76C5F, B0H6MG84BM, B0H7BYBFCD, B0H6XKSXJJ, B0H7FVVD61, B0H94J174J, B0H6MDB77H, B0H7SC1KN1, B0H7BW6SYS, B0H6M4LV5X, B0H6MCNM9K, B0H6M6R5N2, B0H6M5F93T, B0H7X7MFFW, B0H6PC2F8K, B0H6M5X4V9, B0HBX53S4R, B0H6PC2F8L, B0H89ZHPCH, B0H6M7CSZ5, B0H6MB4MBD, B0H94KGS3M, B0H6PHXNW7, B0H6PD1FHH, B0H7C3RQF8, B0H6M98XLH, B0H94HLLK7, B0H7C9NBWK, B0H6M5X4VF, B0H6M7ZD73, B0H7CB1GV2, B0H7S7H61K, B0H7G3ZMHP, B0H6M6B2X6, B0H7C1Z96B, B0H6M9MSCW, B0H7BYZRVQ, B0H94R77C2, B0H6M3VTRQ, B0H7C5GSSD, B0H7C2LR57, B0H6MHDM3W, B0H7C3RQFS, B0H6MD2ZJ6, B0H7CCS5R1, B0H7C9MJGX, B0H7SC9HNH, B0HBBY4N14, B0H6XRPH1H, B0H6PKV44M, B0H7G1Z9ZC, B0H94KGS3W, B0H6XLMPR7, B0H7BYJH3Z, B0H7X2F4CW, B0H7X9PFQC, B0H94SH72S, B0H6XL57J7, B0H6PJRC8S, B0H7CBZ3WG, B0H6M8P3VP, B0H6MCB92Y, B0H6XDYFQG, B0H6MCB92W, B0H6P9ZBTG, B0H94M17DV, B0H94JNYDV, B0H7C7FGR6, B0H7GL3SSQ, B0H7WZRX7P, B0H7G365FZ, B0H7X84XV5, B0H7WZ9155, B0H6MFTHVQ, B0H94QQZXR, B0H6MF9NS8, B0H7C8KJML, B0HBV8MBGH, B0H94HTVFV, B0H6MB4MB1, B0H7C31Z7Z, B0H94HTVFR, B0H94LJ9ZS, B0H94HTVFS, B0H6M7CSZF, B0H6MCJ7XP, B0H7XGJ429, B0H94GP2HP, B0H7C6583L, B0H7X7N8F9, B0H6M4NV3Z, B0H6X9R1TY, B0H7X7LMT7, B0H94VVX5K, B0H6MCVLLD, B0H7GHZVSK, B0H6M8C8M9, B0H6M9B5NM, B0H7C7W27J, B0H6XF1FK6, B0H7C3CMF6, B0H7X6Q6RR, B0H94K12HG, B0H94H6RKM, B0H7S5XK8D, B0H7BW57JB, B0H6M3V593, B0H6M6GFS3, B0H94KBR51, B0H6XDXY1V, B0H7SCVJKF, B0H7X283F6, B0H7X5WDZN, B0H7X45NKQ, B0H94HQFBC, B0H7S8X1QH, B0H7FVRBHF, B0H7C817Y1, B0H89TJFJ2, B0H6MHQF73, B0H7C89CY3, B0H6M5SVMJ, B0H6PSF6NX, B0H6PPNBF4, B0H7X4FGND, B0H6MD7JFL, B0H6PG7M6Q, B0H7C246BJ, B0H6M78N4X, B0H6XFBGYF, B0H6XHB2Y9, B0H94F2NHW, B0H7X4FGNC, B0H94NYWJG, B0H6MC1LX9, B0H6PD2VL4, B0H6XKRDNG, B0H7C239JT, B0H7SDPMHR, B0H6MBPFLY, B0HBWTQXCC, B0H7GC9KLG, B0H6M4N5X9, B0H6PSH6J7, B0H7X6Q6RP, B0H7C239K3, B0H7X6Q6RC, B0H6M8SPKJ, B0H7X61WQQ, B0H7SPCHXN, B0H94N23QK, B0H94MG52F, B0H7G21YDQ, B0H6PK3MPR, B0HBWW1FJJ, B0H94J99ZB, B0H89KTHNC, B0H7BZ9NZ6, B0H94KMDWP, B0H7C3GM8S, B0H94J99ZC, B0H94KMDWM, B0H6M5NC83, B0H7WPS86Z, B0H7GC1VZM, B0H94VBK2K, B0HBC36WM7, B0H6PVGWQ8, B0H7WXPG8Z, B0H6M8XZ5F, B0H6PFXJMQ, B0H6PMG8TR, B0H6XL62D7, B0H8BFS78B, B0H7X5C7WS, B0H7X2XVFZ, B0H6MFD4TV, B0H6M9W547, B0H6PJLVZJ, B0H6M82B4L, B0HBVQKD41, B0H7G347W6, B0H6M82B4K, B0H6PJB1P3, B0H7C1N9PG, B0H8BFRSRW, B0H6PKN55H, B0H7BW472M, B0H7X21YBX, B0H6XJG5P5, B0H94TBQ47, B0H6MF188T, B0H7C5F6RZ, B0H7XGJSW1, B0H6MGNR6L, B0H6X7FNCK, B0H6MCYBJC, B0H7GDYRZP, B0H94QNZ96, B0H6PKK8DG, B0H94PKVWK, B0H7C9WKXF, B0H6PHCGN5, B0H7WYQB21, B0H6PHSTXN, B0H7X4F6H3, B0H7FXBWBQ, B0H6PG6Y4C, B0H6XK9YDX, B0H7X4JDWZ, B0H7C51Z6T, B0H7C5P9ZH, B0H7GCP34W, B0H7G5DL86, B0H6PGJ4PW, B0H7C44P6X, B0H6MBSC99, B0H6M5LKPR, B0H7C6V5CQ, B0H6PHDK31, B0H7C6QRL4, B0HBC4LK7S, B0H6MFXPCG, B0H6XJP6YP, B0H7C9JX9B, B0H6PMH67Y, B0H7C1WGNN, B0H94ZWD55, B0H94MGRFS, B0H7GFR46V, B0H7XGJM7T, B0H94RNYVW, B0H7G14V65, B0H7X54PP1, B0H7X7C4V4, B0H6PJJ9L5, B0H6M798NF, B0H7BZFRBL, B0H6XF2PTB, B0H6MHF4K8, B0H6MBWS9M, B0H94MGRFR, B0H6M65J99, B0H7S5RW9N, B0H7GNF1YB, B0H7C4VMJZ, B0H6XQ5HLC, B0H6PJSK2K, B0H7X9VXMT, B0H7WZWSGR, B0H94L93ND, B0H6M85VXD, B0H6M97LDJ, B0H6XF6XY8, B0H7X7C4TT, B0H7X4B5KC, B0H6M8S8G8, B0H6PFG5ZW, B0HBVFZ891, B0H7X6WLDW, B0H7SBDBQR, B0H6PG3QPS, B0H7X77C5S, B0HBC34LXT, B0H7G617ZB, B0H7C9QR84, B0H7C52WLQ, B0HBWV8K55, B0H7X35WTC, B0H89Y6G7X, B0H94R6BRH, B0H6M774NF, B0H6M7Y9S6, B0H6MDTH48, B0H7X4KMBG, B0H94NWLRY, B0H7BXHQTN, B0H6P9PZLT, B0H7C1TDRP, B0H6MDYJHW, B0H7C8574F, B0H6M9DH3M, B0H6M9PZ41, B0H6MCSX1W, B0H7FX8L5H, B0H6PBQVHL, B0H9516Z22, B0H7FZKN1P, B0H7X8FK97, B0H7FZDV5Y, B0H7G3T37N, B0H8BFPM2Z, B0H94T2L46, B0H7G4537D, B0H6PDNGDM, B0H7SP9MBB, B0H6M7V78T, B0H7X72JP4, B0H7X7YF22, B0H6PLJ84F, B0H7FVTSGH, B0H7C5G6HP, B0H7XBYXHQ, B0H6M53PKH, B0H6M5H5WP, B0H94WK3PB, B0H6PHTMQV, B0H6P7M5KM, B0H6XGYZTF, B0H6MFB311, B0H7SGFRHD, B0H6PL1CSY, B0H6M9BS2M, B0H7GF1T5B, B0H7GHDPZX, B0H7X3S77C, B0H94PHT37, B0H6MHNC61, B0H6M53PL2, B0H6M7KCSW, B0H6PPVF8M, B0H8BSJYMY, B0H7S84KK1, B0H6MDLNT1, B0H7C885LT, B0H6MCNB12, B0H7XCS9CK, B0H7G8VK3M, B0H7GKHDC9, B0H8B937DF, B0H6PH64Y3, B0H94TQ8P8, B0H7C625FS, B0H7C5K1QB, B0H6M67KZZ, B0H6MG28PJ, B0H6M5TCQ9, B0H6M94N3B, B0H6PG2Q8X, B0H6MGMCG6, B0H6M6BNB6, B0H6PCVJS1, B0H7SDV53W, B0H7C3BFL1, B0H7SBRTDS, B0H6PJ2V2S, B0H8B34SBD, B0H7G44MYY, B0H6MC9P9F, B0H7C3BFKX, B0H7X5S56S, B0H89XYQ5M, B0H6MDZ4DX, B0H8B8TCJT, B0H6M892N1, B0H7BY9Y9R, B0H7C42YD5, B0H94TWFW3, B0H6M98T8W, B0H7X4GQKS, B0H7X5JF3P, B0H6XS2CYY, B0H7C9N1HP, B0H6XKDCC7, B0H6M9JTCT, B0H7C4JPKQ, B0H7X2DF8Z, B0HBV8H87G, B0H6XBP1F1, B0H6XNWSV6, B0H6MDLYVP, B0H6LZKZ2V, B0H7GJ1P7D, B0H7X3MLP6, B0H7C3CVF1, B0H6M8QXQ8, B0H94JQ58N, B0H7X4TSKR, B0H6P9KWMQ, B0H7SKW94Y, B0H6XPD9D8, B0H7C9N87F, B0H7GHXDDW, B0H7GDY3S1, B0H7S94QLL, B0H7BW1LRH, B0H6M8QXQT, B0H6MF441T, B0H6MB2G7G, B0H6MFSMGH, B0H7GL6WV5, B0H6MFJFV4, B0H94MCRNX, B0H6XP5X1L, B0H7GMPYPV, B0H7S3CD2J, B0H7GJ5FW2, B0H8B9GHCB, B0H6M92Y8F, B0H6M92NC5, B0H6PFX1KM, B0H7WZ2N93, B0H6M9LZNJ, B0H6M2MSDQ, B0H6PHZ21H, B0H7C7ZTFV, B0H6PM76PD, B0H6XKN9W4, B0H94J5SNR, B0H8B49G5L, B0H7G8128J, B0H94NJWBH, B0H94GWKMK, B0H94W9H9X, B0HBC4YF62, B0H6XJLX5V, B0H7G5CP21, B0H6M71Z4T, B0H6MHPK6M, B0H6MFMTK8, B0H6M98MMZ, B0H7C7KB11, B0H7BXJZJS, B0H6MFMTK3, B0HBWSZFML, B0H7X9NK9J, B0H6M98MN2, B0H7X89DGF, B0H7X4Z58R, B0H6PGQ7RB, B0H6MBY145, B0H6MBY13V, B0H7C2XYG4, B0H6XNBLL5, B0H6MHPK78, B0H7C4VK7D, B0H6M7YSPR, B0H6M5BW5B, B0H6MBY142, B0H7X4CCV1, B0H7G9CTZ3, B0H6MC9HRM, B0H7C5DZN2, B0H7FXBZGS, B0H89QGBGQ, B0H94RJK5H, B0H7C1S3BD, B0H6M8G534, B0H94RJK5D, B0H6M3QWBQ, B0H6XKWW92, B0H7GJJG63, B0H6XKWW95, B0H94QFG5Q, B0H7WXX886, B0H7G97QW7, B0H94N99RY, B0H6MJVRP2, B0H6MCDYRL, B0H6XPPB9W, B0H8BKWX7J, B0H7C9N57L, B0H6PMB2SY, B0H6XLHHLJ, B0H94KKDGH, B0H6M5KC5C, B0H6M7DWYB, B0H6XHHSPT, B0H6PNP64Y, B0H7WRTMR7, B0H6MC84NC, B0H6M6SYM5, B0H6MDDDMK, B0H6M7SFK3, B0H6M6SYLQ, B0H94L5QD1, B0H6M22SP4, B0H6XRGPXR, B0H7WZWLLY, B0H7X721P2, B0H7C5GLGH, B0H7SCH9L9, B0H94KGYZB, B0H6XKDSLL, B0H6M6TL27, B0HBX4SJFW, B0H7X3MQQQ, B0H7SC89VT, B0H7C7TGCB, B0H7X48YBK, B0H6M5XG97, B0H6M8BKL2, B0H6MBDDC8, B0H94JL8F9, B0H6M5J2XM, B0H7X3MQQG, B0H94L1FYN, B0H6PGGCKN, B0H7C6P2BV, B0H7GC232R, B0H94TWK5J, B0H6XR3TZJ, B0H94SNNT8, B0H6PJBXNR, B0H6PJBXNS, B0H6M976GY, B0H6M9484F, B0H6M4S18B, B0H6M5JNPH, B0H7SFRVSM, B0H7WXBCJN, B0H6MGK935, B0H6PKWSPS, B0H7BZ5CKD, B0H7BW7T8Y, B0H7GFSFD2, B0H6MBTX8T, B0H6M6YLFF, B0HBC1R68H, B0H6M8W5GF, B0H7C2M1QY, B0H7BY6WKQ, B0H7SKC212, B0H7X1RBV4, B0H6XDXV18, B0H94DBR9G, B0H6PK7PJ6, B0H7X7NNTP, B0H6M8SDRD, B0H6MJ4QTX, B0H7GHB1VQ, B0H7WZ3J63, B0H6XJBBP1, B0H6M2C16L, B0H6MJ4QTT, B0H6PHSQM5, B0H7FX965M, B0H6M8SDRK, B0H7SG2QNM, B0H7C6WNGZ, B0HBC71PF1, B0H7SG58X6, B0H7X4PXVM, B0H7G7F5DB, B0H7G9B5Z7, B0H7C827R2, B0H6M7QQMY, B0H94HJVFD, B0H6MBT1K8, B0H7C297ZC, B0H7G21HVV, B0H7XGMZ39, B0H7C7VQV8, B0H94R3J5N, B0H7C7VQV7, B0HBBX1L36, B0H6M734LQ, B0H7GBXLRF, B0H94HPX72, B0H6M5V27Z, B0H6M7F3RP, B0H6XK73Y8, B0H7X3Q7LV, B0H7X3FZ25, B0H8BCTH5D, B0HBBX1L3G, B0H94M71G3, B0H6PQ9YH7, B0H6PM2MW3, B0H6XKXQQR, B0H7X15G8C, B0H6MDR1XK, B0H7WZKCBK, B0H7X1T1JM, B0H6M8HT4D, B0H7WVRY9C, B0H7WVRY9B, B0H6PK6ZD1, B0H6PPS12C, B0H7X9Z1LK, B0H7X1TBKG, B0H6PMBYH4, B0H6M8SSSH, B0H7G4YVN1, B0H7GGH5CR, B0H7X3H2YG, B0H6MFZYWQ, B0H6M9NDGR, B0H7X5QDJT, B0H7WYS1DV, B0H6XHPLBH, B0H6PJRYJ2, B0H6MHWYH8, B0H6XFQZ43, B0H7XDC6KM, B0H94K94VC, B0H94LCQTD, B0H94XWDDT, B0H7X9SLWZ, B0H6PK7LDT, B0H7X45ZBQ, B0H6P3JNX5, B0H7C5WM1T, B0H6XP2R97, B0H7WYNJFY, B0H6PKY86T, B0H7C3BC2W, B0H7X4N4QK, B0H7S56HXY, B0H7X9NS3T, B0H7C1QLTG, B0H7C21ZS7, B0H7X86M6C, B0H7X32Q8J, B0HBV6BTH3, B0H94R4FGW, B0H7X1RQQZ, B0HBX9YLBM, B0H7C38NFD, B0H6M98JRY, B0H7G1254Y, B0H7G1254X, B0H7X16XRP, B0H7C1NH3Q, B0H7C9TXW7, B0H7X7Q661, B0H6M4C56Q, B0H7G7BQRV, B0H7SD5L5Y, B0H7G8LLP3, B0H7S5VPFN, B0H7BYSQNV, B0H6M5C38C, B0H7C14PPL, B0H6M7BZNT, B0H7C3NF68, B0H7X2RR71, B0H6PG2MF6, B0H94R8JB4, B0H94L6MPV, B0H6XHRZVG, B0H6PLBTV8, B0H7XCQQ4C, B0H8BJD8T7, B0H6XGFYTW, B0H7X9XMLQ, B0H94TMN26, B0H7XDCZMB, B0H7BYD6HX, B0H7G8LLNT, B0H7C39V11, B0H6MH3W2K, B0H6M878SY, B0H7C15BMM, B0H7X5R4D8, B0H6M785G8, B0H7SL3HXQ, B0H6XFK476, B0H7X56NHS, B0H7GLBBZ8, B0H6PHC5M2, B0H7BZXCLL, B0H7GBWSZ9, B0H94M51FN, B0H94M51FP, B0H6PHWZ9Z, B0H7X4BSJL, B0H6M9LSPM, B0H94NLGM5, B0H7X4216S, B0H6MH5RCT, B0H7C3XWXL, B0H7CFDBN2, B0H7X8BP5Z, B0H7GQ8624, B0H7X7W9F2, B0H7CCT5YZ, B0H8B44X6N, B0H7C5FDNG, B0H6PKJKN3, B0H94PXWS5, B0H94LJJ3M, B0H7C5QX4K, B0H94LZPQ1, B0H7S9VDC4, B0H94K7YDX, B0H7BYV2LY, B0H7CBBDFN, B0H6M7MVJZ, B0H7C4Y2MR, B0H6PGLJW7, B0H94PY6M8, B0H7C22WDD, B0H6M7MVJQ, B0H7X8JJQ7, B0H6M5MN37, B0H7CCSD88, B0H6XJQX87, B0H7X89ZBW, B0H94Q6337, B0H7G52Q84, B0H7G52Q85, B0H94MP1TB, B0H6M6HV4W]",amzn1.campaign.37VGD48TRUXSM,Top Home Decor | Erosebridal 100K+ Styles | 15% Commission 43,Erosebridal,2026-09-04,2027-09-04,15.00%,10000.0,10000.0,132,800,false
"[B0GQS3N6FG, B0GQS2GRTS, B0GQS5FS87, B0GQSJYD6L, B0GQRSTN49]",amzn1.campaign.1EZLHCTXREVMS,红色破洞牛仔裤+9.2,Arkordi,2026-09-04,2027-01-31,15.00%,5000.0,5000.0,152,800,false
"[B0H98T1FFY, B0GTVN5G74, B0GTVCQW13, B0GTVH61CT, B0GTVM4LGR, B0H98SYXH7, B0H98SM4CR, B0H98TT3QW, B0H98WWM9S, B0H98GDL5F, B0H98RR8YZ, B0GTV9SRS1, B0H98QKFFN, B0GTVL5GGV, B0GTVKWBHD, B0GTVRGFW6, B0GTVH57WV, B0H98GLWTC]",amzn1.campaign.36IBNR8O5MZO4,Earn high commissions——Experience fashion style with Hathne!0028,hathne,2026-09-01,2027-03-02,16.40%,5000.0,5000.0,159,800,false
"[B0H4GT84XQ, B0H4GHH6NC, B0H4GGL5B4, B0H4GPTD58, B0H4GK6BGV, B0H4GGFQNR, B0H4GLRDML, B0H4GTKW6Q, B0H4GN393Y, B0H4GK3VVG, B0H4GL2GF7, B0H4GMWHC6, B0H4GMNH5W, B0H4G9QHC7, B0H4GJFNR3, B0H4G9J5W5, B0H4GR6NKS, B0H4GHM8B5, B0H4GK8V8C, B0H4GQQGH7, B0H4GLZDYF, B0H4GJR9B4, B0H4GNVW8K, B0H4GMQHB5, B0H4GKMW43, B0H4GGW5GT, B0H4GJJWNF, B0H4GGF4DP, B0H4GMYBPW, B0H4GJ9JGG]",amzn1.campaign.39B5NYWRMJ2UD,20% Commission For BTFBM Casual Tunic Oversized Sweaters For Women BT903,BTFBM,2026-09-04,2026-10-10,20.00%,5000.0,4546.35,44,800,false
"[B0H3KRGC83, B0H2VMZJJD, B0GYX2SS3J, B0GWG7B4QY, B0H3KY1TZ3, B0H4M3NPSK, B0GXF5HT9J, B0H3KT73QM, B0GY8BLSYM, B0H4ZD945Q, B0H2J24SM1, B0GWPY8NF7, B0H3KS2CZT, B0GWGT2MQW, B0GXFCTB1C, B0GZWC9FWP, B0H4ZL77CZ, B0GXY1Z131, B0GWPWJCSS, B0HDTNQBV5, B0GZPMZYJ9, B0GWPWHNMG, B0GWPWWY68, B0H7G59FXX, B0GYS92CJJ, B0H3L85L5V, B0H2J2QBTS, B0H4555N1Z, B0GWPTBWBS, B0H1HRKZDQ, B0HDTKNPLS, B0GZPMZYJQ, B0H454C52X, B0GXYB1MN9, B0H44YSXB9, B0GZPHBRKD, B0GXY7Y2QG, B0GWZWQKBK, B0GWPYN31P, B0GWPVQPPV, B0GZSX7MF9, B0GXXY443C, B0GWPPS8F5, B0GYS8D4TM, B0GWHBQ8GJ, B0H1QHM55C, B0H3KXSHWF, B0GYS7XTTC, B0HDTQXNFT, B0GWPXJ4VW, B0GZWCLQ14, B0H3KWK4CP, B0H456725K, B0GWPYVKK8, B0H2J64QY1, B0GWPQ9VSR, B0H3KZ7GVP, B0H3L1JGK8, B0GWZNMS4K, B0H1Q61F9M, B0H2J3BY2T, B0H4ZDPF93, B0H3KYKTHQ, B0GY7YZFX3, B0GZZDRM56, B0H4M31CSP, B0GXYM39NN, B0H4LZX179, B0H4Y6SYFY, B0GXY3HJG1, B0GXXSNH53, B0H4LYHZT6, B0GY87QCVT, B0GYS9R41H, B0GXY3ZNYL, B0H3KSLPCP, B0H4LZX17F, B0H8CLNX1C, B0GZTBCR75, B0H3KZH1ZB, B0GWGT7VZG, B0GWGQPB8Y, B0GXY24XZQ, B0GZPY9RMP, B0GWZKWC2T, B0GYS53CPG, B0GWPZXBYM, B0GZP83RP2, B0GZPJ6MLH, B0GXY1CN5H, B0H4LSWSHJ, B0H3KZDH3F, B0H4LSWSHH, B0H4LSWSHF, B0GWZJ2XFF, B0H4Z7JDGN, B0HDTKWTSZ, B0H4M5H1RR, B0H4XSS359, B0H4ZDXR6W, B0GWZK85PP, B0HDTTNKL8, B0GYSCJ878, B0H4ZJV4Y3, B0H3L5J12C, B0HDTTTG1K, B0GWG7BRG2, B0GWPWMBB4, B0H4XXD5XB, B0GZSX6F72, B0HDTTMWFH, B0H1HLRQF9, B0HDTK97RW, B0H3L51XJ2, B0GWGK3FSJ, B0GY8CSY37, B0GWGYWVJM, B0GWGP1CVY, B0H7GFV4HF, B0GWQ119JX, B0GWH2L9V4, B0H454BV98, B0GWGP4HWV, B0GXF3LPZ2, B0GWPSTPZX, B0H38V6285, B0HDTM1962, B0GYS5RW96, B0H3L5DQB5, B0H3L1J8QT, B0GWPW5YVV, B0HDTNKXYX, B0H4ZHXXQP, B0GWZPV1B3, B0H3KXH5ML, B0GYRWMLN1, B0H4M6H292, B0H7G3RMRD, B0H4ZHTNJ8, B0GXF3NLY2, B0GYSF9LGT, B0GXYB33ND, B0GXY7Z5MZ, B0H7GDNW6H, B0H4M17KM4, B0GXF4YJXC, B0GY4BPXN1, B0GZP8NQ9H, B0GWPY728Q, B0H4M2133B, B0H4ZCVV6Z, B0GZT3F54F, B0H3KZBD5B, B0H1HHZVLM, B0H3L16SXB, B0H1J5T38K, B0H3KWDG72, B0H3L3T7S6, B0GYS8Q6XR, B0H7G54HW3, B0GWGWYDTK, B0H4LSGTZN, B0GZT9FDLH, B0H393DBTM, B0GWGQCCYH, B0GWGMLYCJ, B0H38ZVNZL, B0GWGWCV8F, B0GWPTWGMD, B0H3KPKLKB, B0GZSQC3TX, B0HDTPYDTH, B0H1HSK91V, B0GXY4DM21, B0GWPSM7JV, B0H4M824JW, B0GWGWJKNV, B0GWPSM7JR, B0H3L29HB3, B0HCBJFKW1, B0GWGZB3D1, B0GWPWF3D4, B0H4M91BLR, B0GYS6XCWN, B0GXYDXMN5, B0GZNVV6PJ, B0HCBL1JY2, B0H3L2JMZD, B0GWGP9SQ8, B0GXY89629, B0GXYJ4KJQ, B0H3L5GXCK, B0H3L3CMSB, B0H4LYX1B8, B0GWH6BH1Z, B0GYRZHS89, B0GXY3KDH4, B0H2J76WYW, B0GWGP9SQD, B0GWH6MY35, B0GWGPN4VG, B0GWH6MY33, B0H4ZBDYNF, B0H1HM57R4, B0H2J3BMTB, B0GWHCTJR2, B0H394QMJ4, B0HDTG6BYX, B0GZPV3H7M, B0GXXSS58G, B0GXF3FZFN, B0GWH6K58Z, B0GYS9MFLJ, B0H3KW6S34, B0GZT7DJTH, B0H4Z9CX1N, B0H4Z9CX1M, B0H4Z8DMVR, B0GWPVY4GJ, B0GWGWHMS7, B0H1Q594JJ, B0H7GBTSQY, B0GY897VC1, B0H8CR99V2, B0H4M3FR9D, B0GWPX7KB4, B0GWPWMX5T, B0GY8GY6T3, B0H2JNH5WX, B0H3KW3XGZ, B0GYSCBKYX, B0H7GKK56B, B0HDTS77P9, B0GWH9G3FR, B0H3KZVLNH, B0H4M5J1XF, B0GWPVGN11, B0GWH3FDVQ, B0GWGYH2H3, B0H4MG8G45, B0GXXVZZ8H, B0GXFCWWH6, B0HDTPKJMK, B0H25WTR2K, B0GZT4R678, B0H3KXFYSG, B0H3KXK8BT, B0H4M1BXKQ, B0GZW3H2S1, B0GXF99B1W, B0H3L1KWDJ, B0GY86FGPV, B0GWGYS2H1, B0H1HNVG78, B0H4MBF7ZR, B0H2HX61KK, B0GZT2LXGY, B0GXYHLBMS, B0H4Z86QGT, B0H41H6ZNC, B0GWH2LLRZ, B0H2JDC1ZW, B0GWGF8R39, B0GZW2QCVY, B0H4ZB8W1J, B0H4ZF9QQP, B0GZPDSV7K, B0GY8CZS9J, B0GWPSV75J, B0GWPQ67KY, B0H4ZKKRK6, B0GWH5P2TR, B0GWPYJF17, B0GWH9NX63, B0GXY7RLJW, B0GWPZRKHF, B0H3KT1NGM, B0H4M3GM1H, B0H7GLFKS5, B0GYSCCSS9, B0H3KWG5B8, B0H3KZWLNF, B0GZPVPDVL, B0GZQ1BGJR, B0GXY1M9ZD, B0GWGK5M1N, B0H4MC8SR3, B0H3L2745Y, B0GXY7R9DJ, B0H7G3SSLR, B0GWZPC66C, B0H4M9V5R7, B0HDTQ8QXX, B0GXY6W9SK, B0GWPTYDLN, B0GYS5L2YM, B0GWH71TZK, B0GYSB6247, B0H3KZH83Q, B0GXYBD1NB, B0GWGQPY1B, B0GYS4ND24, B0H1QB1Q7Q, B0H452QGS2, B0GWPVN1MB, B0GWGTBMPT, B0GWH6R2PZ, B0HCB1T2QV, B0GXYBDQLK, B0GWHB8T8H, B0GXF5L1X2, B0GWGQBFYS, B0GY4LX9ZB, B0HBB9GQJP, B0GZT62CCV, B0GWGX1Z1N, B0GWGW1WBR, B0H25STHDS, B0H7GKQ7BX, B0GWH2744R, B0H3L2Q1FC, B0H3L1YRKG, B0H7GDPNZL, B0GZPS4BVD, B0HDTTW4PR, B0H4ZCN4C6, B0GWH3LRVB, B0GY4C1SWJ, B0GWPX1QHL, B0GYRZ8NJG, B0GZT1BVFJ, B0H3KXWDR9, B0GXY6GB6Z, B0H4M96H81, B0GXF7G3PW, B0GY8DCX2K, B0GWGZF6P3, B0H3KXJKF5, B0GXFBZ8RZ, B0GZSX7Q79, B0H3KS3ZRF, B0HDTMJGZJ, B0GZPTX2V3, B0GWH2P4MS, B0GXY5VW13, B0GWPWHKTB, B0GYS5JWBY, B0H3KXZMYL, B0H3L54LVL, B0H3KVZXGQ, B0GWPM4193, B0GWPQBN28, B0HDTGQ8ND, B0H4M23JHK, B0H3KWM2DT, B0GZPG3JSN, B0H393XNM8, B0GXY341C7, B0GWGQWJGC, B0H3KTJWN8, B0HDTQCZR1, B0GZPHM39L, B0H2HZGVPN, B0H1GJD53D, B0GZW71MTY, B0H3L5DSWT, B0H3L2X3QH, B0H4M12BXY, B0H3KW63LC, B0HDTKLZQ2, B0H2JBCWF8, B0H4M54L3P, B0H4553FZR, B0GZZLG8KB, B0H458FYR6, B0GZSYJJ4V, B0GXYGSLW9, B0H1HMT7H7, B0HDTTY4TT, B0GZTCHQNL, B0GXY1Z9L4, B0GZQ4QGCR, B0GXYB549N, B0H3KT1XSL, B0GZPS4436, B0H392F8CH, B0HDTK1WXK, B0H7GBRY6L, B0H4Z9QFYY, B0H3KZ85DZ, B0H1HMFGQS, B0H3KTLS8W, B0H7GGLMGG, B0GZSN7QWP, B0H4ZJMMMH, B0H4M9437J, B0H4Z5ZJW4, B0GWH6QFTL, B0H4Y5V8VD, B0H4Z7D5WJ, B0HDTMTG86, B0H391SHZ7, B0H4ZJMMMY, B0H3KZ85F2, B0GYS7B1GK, B0GWPXQPRD, B0H3L1Z5F3, B0HCBJ388B, B0GXY7287R, B0GXXSQZ5K, B0GZNJYWPK, B0H1HKKXY4, B0GWGYMF47, B0GXY142PH, B0GWZLM47S, B0H4M91MSD, B0H4M51G5P, B0H4YR7JQS, B0H4M51G5M, B0H3L2KQNB, B0GXY15WW6, B0GYX3J7SF, B0GWZGHVYR, B0H4M3VLLT, B0GZQ19C5S, B0HDTKJZRT, B0HCBC2MT9, B0GXY7S3L2, B0GYSFKDPV, B0H3L286RG, B0GWPSZ2HR, B0GWPQL5QT, B0GZSVH8ZB, B0GXF6DM1M, B0H3KWDVBN, B0GWGYXH19, B0GXY9KVPM, B0H3KT9HXR, B0GYX5ZN6P, B0GXY3XT36, B0GYS7VBPX, B0H2J39D14, B0H4LYGZMY, B0GWH985G6, B0GYSFDDBZ, B0GXF7345Y, B0GXY9X6L5, B0H41CJMZ7, B0GYSHHQ8X, B0GWPXVHPT, B0H7GGYG14, B0GWGWYQ8M, B0GWHBFHCH, B0GZPBG9MM, B0GWGX5ZYF, B0H1HPJCFN, B0H4M3YBR7, B0H1Q2RYML, B0H4Z88LFR, B0GZPN82SB, B0GY8JGR6Q, B0GZNPRC74, B0GWPXR1NQ, B0GXF3CQQ4, B0H3L2GBXG, B0GWGQ3KKX, B0GWPTC1LM, B0GWGTYLFT, B0GWPWMQ79, B0H4M1KNMG, B0H4ZFFWGN, B0H1HS5C2K, B0H3KXXMVD, B0H1HLN1JM, B0GZPKVBQS, B0H3L821KX, B0H4ZKVXJV, B0HDTR744F, B0H7G7YBLW, B0H4ZKVXJZ, B0GXY5YRTG, B0GWPJQYMH, B0HDTT73ZM, B0HDTR744G, B0GWPZZPYS, B0GXF2PJVR, B0GYS7LF8R, B0H1HLHL23, B0GXYCPXLC, B0GWH5RVNY, B0H1HQJ8WP, B0GZNT97W8, B0GWQ5J8D4, B0H4XY624Z, B0GWPPZMP5, B0GZWCV2S2, B0GXY5YRTP, B0GXYBBY41, B0GXF3T9YK, B0H3KX5YSQ, B0HDTQ4HCQ, B0H3KY9M46, B0GXYD74TP, B0H8CJ3Z8P, B0H4Z3XH6M, B0H3KYCL3H, B0GZPL6JRH, B0H38VCPK9, B0H4Y7FGSQ, B0H3L3Z4B2, B0GXY56BQ3, B0H391JL38, B0H4Y9YN15, B0GYSJVRG7, B0GZT4S7QK, B0GY4BDH9F, B0H4ZDM149, B0GYSJW9TY, B0GXYBS3XW, B0H1Q2CWYS, B0H3L6FJ76, B0H3KYSCS3, B0H4MHBXCV, B0GZNX5DL5, B0GWPX4C6Y, B0H8CJ7HHW, B0H393T9XB, B0H1HLKMRD, B0GYWSDPC9, B0GWH6CF4Y, B0GWQ5H7RF, B0GYS3274Y, B0H4M69K23, B0GXY3GB7Q, B0H4Z82B2B, B0GWQ34LQL, B0GZNSC7S4, B0H2J7JJS7, B0HCB9RQH8, B0GZPKPLC1, B0H4M1XB25, B0H1Q59RXB, B0H4M1VB83, B0GWGQKX1G, B0GWGRGKF6, B0GXFC68YS, B0H1HJPTHJ, B0H3KWVQ9Z, B0H38YGD6C, B0H4M2C494, B0H7G13TY9, B0GWPTYB5S, B0GWGTY944, B0GXYKRCDQ, B0H2JDDBM8, B0GWPX7F27, B0H1HMQ87P, B0GXYGXWDL, B0GWH2CGGF, B0H4M55WSG, B0H4ZBKQ4B, B0GYS2JP98, B0GWPX28DD, B0GYS1XRP3, B0GWGQ2119, B0GWPLXNS7, B0GZNVDJGQ, B0GWZR8DFR, B0H3L22R2G, B0GXY3CBFG, B0H396DBJX, B0HDTJQMTY, B0GZPNQTBH, B0H1HLG514, B0GWH2M7MC, B0GY8B8LCS, B0GWG9RKSM, B0H3L45Y9N, B0GWH63KRY, B0H4LZMXCY, B0GZNVY6B2, B0GZPNQXKS, B0H4M2P68D, B0GZPHD3GT, B0H454FZWZ, B0GXYFSF42, B0H3L2Y195, B0GWPVRD28, B0GWH6RZSY, B0GWH6RZSX, B0GWPGFVCL, B0GYS932JT, B0GWPY6X8W, B0GYS48ZHM, B0GXYB5RFD, B0GZT4FDR8, B0GWPXMVMM, B0H4Y8SVGM, B0GXYB5RFJ, B0H3KTX8VR, B0H1HLP2Q2, B0H2J6T8L7, B0H1Q5YKN4, B0GYS7YNJK, B0GYX2Q6DB, B0GYSJZCD4, B0H3KXHH2J, B0H4MB3WKB, B0GXFKL473, B0GWH9MP7L, B0GWPSQWPW, B0H4Y45PQX, B0GXY7427X, B0H3KXPX93, B0H3L1JNTH, B0H3L1JNTD, B0GYS6T8K8, B0HDTMKNQR, B0GWZK4PGR, B0H2J3385Z, B0H3KZGN9H, B0GWPXYSR2, B0H3KPQ9V3, B0GYS9RF8P, B0H3L4LZ1H, B0HDTN7PTT, B0GZQBJ6SX, B0GWPTQ1TH, B0GYSFK6FP, B0H1FXQ8S6, B0H4XLC791, B0H3KRHX6L, B0H1HLGPKL, B0H4M4X7RF, B0GXXZTV1C, B0GXYFXHJ9, B0GWH688RX, B0GWGP711V, B0GZZGT6LS, B0GWZK9FFB, B0HDTPZHVX, B0GXY81YPQ, B0H4M5SRWG, B0H3KXS4H5, B0GWGSSVSY, B0H4ZCTB2N, B0GWGSSVSV, B0GZNSFBX3, B0GWQ26FC6, B0HCB4ZGBD, B0H7GCN9YV, B0GWPYL667, B0H38VNCFN, B0H4LV49K5, B0H3KS85G2, B0GZQBLJ7W, B0H4ZDCWSQ, B0GXFF8ZWN, B0GZPK9KMW, B0H4Z648ZC, B0GXYGTDSD, B0H3KW11BS, B0GZZGFYXZ, B0H3KZQHRX, B0H2VTJKV8, B0GWH9N9CZ, B0GXYCBD9T, B0H3KXG5M4, B0H3KYM2Y8, B0H3KZW9CV, B0GZPD4PLP, B0GXXXT7PM, B0H1G8HVFB, B0GWGWDT2L, B0GYX59Q64, B0GZQ6MFJJ, B0GXYD5YP2, B0GYS87ZP9, B0H4M7H7QK, B0H4Y19MNL, B0H4M1Z38S, B0GZPDTHVW, B0GZW7HZR8, B0GWZNS7K9, B0HDTY1HSX, B0H4Z93SWL, B0HDTK5D2W, B0GYS5NSWS, B0GXF5HPWJ, B0GZNTYQY7, B0GXYBQZXB, B0H4ZD1YTG, B0GWPLP8H6, B0GXY724FN, B0GWHB4PY7, B0GXY7L478, B0GXY9Q6R5, B0H41DKKD6, B0H1HJJJST, B0H4ZBYX2L, B0GZQ4HZV5, B0HDTNR4DC, B0GXXZV3F4, B0GYS15CTD, B0GWGR2VY9, B0GWGR2VY8, B0GZPNCM7N, B0H38ZS3JH, B0HDTK7XR8, B0H4ZG9NPC, B0H3KXX6YB, B0GZNN9SGW, B0H3L3VKRV, B0H2J13WPT, B0GYSCC94B, B0GWPW5D4T, B0GWZR483F, B0H4M5MFW5, B0H1J5R6BD, B0GXY72CBF, B0H4M5RTC7, B0GWGQ9JG1, B0H4XSB8YF, B0H4YCVCFZ, B0GWPV2SY3, B0H3KW9W12, B0GWGQZPPZ, B0H3KT4X7D, B0H4MBH6T3, B0H393CXY9, B0GWH5MJLF, B0H1Q5XWWP, B0GWZQ8PN2, B0GYS7NWF4, B0H2J7J5WX, B0GYSBNW66, B0H3L18Z7X, B0H45H3GM6, B0H4M1MJPW, B0HDTNCPJQ, B0H7GLLTRX, B0H4M4FHNN, B0GWH73QP4, B0H4M5DX95, B0H4M2WRG7, B0GXYCNLLR, B0GWH139FQ, B0GWH9R4DJ, B0GXY5SVTS, B0GYSD7R78, B0H7GLC6ST, B0GZNSTHRG, B0H1Q6MSRW, B0GXYF3NKW, B0H4M2WRGB, B0H3L1MZYK, B0H392HJL5, B0HDTLNBBW, B0H4YK1H8L, B0GY8G1524, B0H4Z7Q4GH, B0H3KW216K, B0H392NVQG, B0GY89LFJ9, B0GYSB2HLS, B0GWGSWC9G, B0GXXY3GM5, B0HDTQ9QYS, B0H44YPQPK, B0HDTPKXMW, B0GZSX5L8V, B0GWPQL6L6, B0H1GZ9R1Q, B0HDTTBPFB, B0H1HS4QMB, B0H4MB1KNB, B0H4LZ9H6Y, B0GZPL9ZW5, B0H4M4JJFP, B0H4M393HN, B0GXY71XBT, B0GWGYP8WX, B0H2J3VQY2, B0GWZHKB3H, B0H7GH18Z3, B0GZSXJYSY, B0GYSCHDGD, B0GZNVB4RT, B0H4Y2HZHB, B0GZSS5BS7, B0H4564MJN, B0GXYBLM2Q, B0GXYBLM2V, B0H3KXS17P, B0GWPXRPDY, B0GYS7WFN7, B0H1Q21XBX, B0H3KZM5BK, B0H3KZGV4Q, B0GWH98GQX, B0GYS7W7P7, B0GWPWZBN2, B0H3KVMSCG, B0H3KTKDC3, B0H7G923FC, B0GXFFLJSC, B0H3KZP487, B0HDTJ1W7R, B0GXXVVG7T, B0HCBBKDX2, B0H4M749WS, B0GWZPQNXX, B0H3KZBWG9, B0H3KZN8F5, B0H2JBJH13, B0GZNWW5ZK, B0GWH6B5K1, B0HDTMYJSP, B0H7GT5181, B0H1QC1TF5, B0H391M3N9, B0H3L27W7J, B0GXXXYCK5, B0GYSB981W, B0GYS2KH7X, B0H3KRN41K, B0H1Q3C95T, B0H4ZDQVFG, B0H2VPYM1K, B0H3KZYP5B, B0GWPTVZ97, B0GWQ5VFRG, B0H4Z9TFFW, B0GXY6TQLF, B0H3KX9Z2X, B0H1HRQ21V, B0GZPVKL1K, B0GWZJKSBB, B0H38Z2VHD, B0GZNRXRQ7, B0GWH75MCW, B0GWGPVD9D, B0H38Z8WY8, B0GYS99J94, B0H3L6DRZ6, B0H1HJKJXN, B0GWGZ2K6H, B0GYRZD6W1, B0GXYB8HZP, B0H7G6XJSX, B0H25SL2VB, B0GWG9R79H, B0H4M3GCC9, B0H3KYG8JN, B0H1HQVZMJ, B0H4528NQ2, B0GWZK4H1R, B0H4M86HR2, B0GZSX23M8, B0GWQ662NX, B0H38XFXK1, B0GWGPVD9C, B0GWPTZM4V, B0GWZLVZ3T, B0H7G99YYV, B0GWPXQ3KM, B0H38Y8WV7, B0HDTLDZKN, B0HDTNPTSB, B0GWH9V7VB, B0GWPWPTZZ, B0GXYHYC78, B0HDTL376M, B0H4YH4W9Z, B0H4M19FLF, B0GYSFCSGY, B0H1HNTN94, B0H1HLMBN2, B0GWZR38JD, B0HDTQLWRH, B0H4M6G56L, B0H1HJLTJH, B0HBBP8P4X, B0H4M7PJJ3, B0GZPKJQX7, B0H41B1TG7, B0H4MK74PM, B0GWZS7ZCN, B0HDTKHX5N, B0GZW7PDCG, B0H44TQFX1, B0H3KVFD7N, B0GZPNJSZT, B0GZNQ28HS, B0H3L23NK5, B0HDTRQXL7, B0GZQC55DG, B0GXY6QCN8, B0GZSX8K6Y, B0H4M512LJ, B0GYX5JW9K, B0GY8GXZPD, B0H4ZHWZCN, B0H4YBK2V4, B0GZPBL6TR, B0GYS5NZ8B, B0H44ZNZD2, B0GYX93H5J, B0GZSWW1CW, B0H3KXT3RN, B0GXY3F4H9, B0H2HYQS6V, B0H7GL1TX8, B0GYS92L3W, B0GWH9DK53, B0GY84M8K7, B0GWPLPZ49, B0GXY6F2MV, B0GWGMMKTK, B0H39KSV9V, B0GWGMMKTF, B0H2VLNN9Z, B0GWH98GR3, B0GY8D2Z69, B0HBBPRBMW, B0H4M53J73, B0H1Q2KT1D, B0GWGF84KX, B0GXY87SBG, B0H3KYLPFH, B0GZNS48GX, B0HDTPP7DK, B0GWH6M147, B0H1Q1ZM7L, B0GYS4K8XK, B0GWH2QZNY, B0GZPZV6NP, B0H3KW9RYM, B0H4ZC483K, B0GWGTRWSN, B0GWQ1DPT2, B0GWGZM3MR, B0GWQ1DPSS, B0H25W8YF4, B0H4Y67QB1, B0GYS7ZMZH, B0GYS5S8DB, B0GZP8ZVLC, B0GZNX5YRG, B0H1HZDYG5, B0H4LXVCQ3, B0GXY74516, B0GXY72RQ5, B0H4ZJ1HRV, B0GWGK18YG, B0H3L26WRW, B0GWPZ5XTJ, B0HDTHNGQ4, B0GWZJPX4G, B0H4ZJW49R, B0GZSTSNWW, B0H456SG9L, B0H1FXP12W, B0H3KY88Q1, B0H2J543GT, B0H4ZDP17T, B0GXFGZ48V, B0GWPW7P7Z, B0GZQ41GG6, B0GWPXTVR1, B0H4Z4C5N5, B0H1Q6TVKT, B0H3KWF2R6, B0GZPNFGTF, B0H7GBWSZN, B0H4ZB6JP7, B0H4M8M73L, B0GXYGNDY1, B0HBBFB8B8, B0HDTHLVW8, B0GYS58JW6, B0GWZS7ZC8, B0H3L18M8N, B0GZSTQ82W, B0H2J2B3R8, B0H3942K1Q, B0H3KWQ79R, B0H4LXG7H2, B0GZNFJGRT, B0GZSTN564, B0H4XVSPNY, B0GWGTR82J, B0GZT9F3XX, B0H4M27T8H, B0H2J1569K, B0GWH67YHN, B0GZNW3SJ7, B0GXYGT9QQ, B0GWGZ5C4F, B0H4MBRZLK]",amzn1.campaign.1BQ2T4ZGZNICF,Top Home Decor | Erosebridal 100K+ Styles | 15% Commission 42,Erosebridal,2026-09-04,2027-09-04,15.00%,10000.0,10000.0,128,800,false
"[B0GYGZNL12, B0GYGJRPLL, B0GYGQFGBJ, B0GYHBMBY3, B0GYGF7CNF]",amzn1.campaign.3I958AHQJ92K9,Vintage Lake House Metal Sign Boat Wall Art Rustic Lake House Decor,PlikPlakey,2026-09-04,2026-11-17,10.00%,5000.0,5000.0,130,800,false
[B0DZXL2QTQ],amzn1.campaign.2ERENRCTZJ2H3,10% Commission for Toy Storage Organizer Rack with 12 Bins- Wave3 (800filled),SpaceAid,2026-09-04,2027-05-23,10.00%,999999.0,999966.9,3,800,false
"[B0FNCJBSN1, B0G72QZWBL, B0FNCM3NYQ, B0GXVL7PZX, B0F8PZ4V5V, B0GMGR9BGV, B0FBWCFJ2L, B0FNCJW6YM]",amzn1.campaign.1MWK1N3ABO79H,🔥 C16 Sports Earbuds | 25% Commission | 🎁 Free Sample,Matast,2026-09-04,2027-02-28,25.00%,500000.0,499985.0,100,800,false
"[B0H483BB5X, B0H48NT9HR, B0H48NT9HP, B0H48RZYF2, B0H489JW6C, B0H48P9DK7, B0H488WQJ7, B0H48RJZBX, B0H47ZZ779, B0H48D9M3G, B0H488YGHF, B0H47W1JPG, B0H48HBH4V, B0H48RSCQ2, B0H48CJCLY, B0H48KHNVZ, B0H48RL8J2, B0H48RZN76, B0H487MW49, B0H48RXPWC, B0H48HBSKP, B0H48G57RS, B0H48D9B2J, B0H48R96YV, B0H48C84CS, B0H48CPDHY, B0H4835VN1, B0H48TT4DJ, B0H47SZFQK, B0H48LCY1B, B0H48GBLSG, B0H48TRT6B, B0H481847W, B0H48TVT6N, B0H48KTLP9, B0H48H2Y7F, B0H48L862T, B0H48CCYKW, B0H47ZGBZT, B0H48CB1F7]",amzn1.campaign.37QB9SF2435P1,15% Commission On  BTFBM Lace Trim Satin Skirts For Women BT898,BTFBM,2026-09-04,2026-10-10,15.00%,5000.0,4634.67,51,800,false
"[B0FGPYMWZ6, B0FV24DBLG, B0FV2C6NGN, B0DP51ZKCS, B0FV2PMHWC, B0DP5271CK, B0FV1SYJZ3, B0FV24G7FH, B0FGPBTMB9, B0FV2BY4WS, B0FGQ12H24, B0FV1YMG6X, B0FV2M5SXB, B0FV1YDSYJ, B0FGPSN87Q, B0FGPJM7MQ, B0DP4YC59B, B0DP52J2MR, B0FV1WYRGJ, B0DP521P93]",amzn1.campaign.GKUW96OAAS9A,🎵 10% + Free Sample | Floral Engraved Cowboy Belt w/ Big Buckle (9 Holes) 🤠,SANSTHS,2026-09-04,2026-12-04,10.00%,5000.0,5000.0,127,800,false
[B0DY7MQ11D],amzn1.campaign.3R5LO5IYDWSJX,Sleep Under the Stars: Ultimate Galaxy Projector & Night Light Combo,VanSmaGo,2026-09-04,2027-09-04,10.00%,5000.0,5000.0,124,800,false
"[B0GHWVBPLY, B0DT15VPTC, B0DMWPLW1Y, B0DN65233V]",amzn1.campaign.3C5G8UE12N59E,MAGNIFIQUE Clay Pot Multi-Cooker-MCP41P,MAGNIFIQUE EXPERIENCE DELIGHT,2026-09-04,2026-10-31,15.00%,50000.0,48244.26,71,800,false
"[B0H79SGRS6, B0H79DYQ8V, B0H79JNXB7, B0H792JPTH, B0H79JTFLV, B0H79H6T7W, B0H7BGTLYF, B0H79L4F36, B0H7BFXYB1, B0H7BC3Q25, B0H7BM2SGK, B0H79S7CBR, B0H79H1WLH, B0H79HG7LK, B0H79KS771, B0H7BF2RDZ, B0H7967ZR4, B0H79MQWC9, B0H79MRKHJ, B0H79D4QF8, B0H79WN464, B0H7B9YC8W, B0H7BK6RMM, B0H7BFG7TD, B0H799LBT5, B0H79C1VVX, B0H7BGQW99, B0H793R6M1, B0H79HVLH4, B0H7BFVYJR, B0H79HKTWN, B0H79FRHD6, B0H79DH42Z, B0H79CQSRD, B0H7984R6N, B0H79T7GTD, B0H79KYGFJ, B0H79Q9KC6, B0H79HXTQ6, B0H7B8BLQ5, B0H79CSWNR, B0H79HNDN3, B0H79FKZZ9, B0H796C197, B0H7BFFLC7, B0H7B2GCV1, B0H79CZ5WG, B0H79FVF1G, B0H79FWG16, B0H79H2KMQ, B0H792DJV4, B0H7BD517R, B0H79JV3G8, B0H7BF3K82, B0H7984R8S, B0H7BG4J6B, B0H79282J3, B0H797FT7N, B0H79JV3FM, B0H797CLQT, B0H798MNGV, B0H79NP8PV, B0H7B8YMM1, B0H7B9C6DS, B0H79F3TS4, B0H79JYN2R, B0H78ZT84H, B0H79CZ5XY, B0H7BHSXZT, B0H7BKJPSD, B0H7BLK1ST, B0H7969C8K, B0H7BG2W9Q, B0H7B7GHSD, B0H79QB6CM, B0H79W2VGK, B0H793ZBHD, B0H7BM8VYR, B0H79RRVWD, B0H79KWCGM, B0H7B7HZT6, B0H7BL8PKD, B0H7BDCKCK, B0H7BG497B, B0H79G21VC, B0H795N2SZ, B0H7BG497F, B0H79P2K8C, B0H7BF77G4, B0H7BFV5GC, B0H798MNHN, B0H79QB6C1, B0H798YHZ2, B0H7BL8PJT, B0H7BG4W21, B0H7BG4W1S, B0H7BKL6XP, B0H7BG4W28, B0H793SSLD, B0H79YW6NW, B0H7BBF2B2, B0H7B2BZV6, B0H795VH5V, B0H7BG98ZV, B0H79HX6PF, B0H79LYGQK, B0H798PLN1, B0H7B8Q4ZC, B0H79K99P9, B0H7B24T39, B0H79HXVNW, B0H79FKCHV, B0H79D14MK, B0H7BG7D5V, B0H79CGRC2, B0H7BBN1FW, B0H79Q594D, B0H7BGS8KZ, B0H793V4FV, B0H799DCCJ, B0H79NHDGN, B0H7977D16, B0H79BNY8M, B0H79JQTZZ, B0H7B28818, B0H7B9MFK4, B0H7BF6BTJ, B0H7BJ5WND, B0H7B7DPPQ, B0H7BK4F3W, B0H794BKQF, B0H7BK1SWK, B0H79JGQST, B0H7BK13W1, B0H795YYKR, B0H79JC6K2, B0H7B245Z2, B0H7B82W82, B0H7BHTM78, B0H79D7XDX, B0H79CNVYH, B0H7B245ZJ, B0H79QRVW7, B0H79D14P5, B0H7BK1SVL, B0H79VGX3T, B0H7BM6LHB, B0H79FC7CR, B0H79CX65X, B0H7BD8836, B0H7BM567N, B0H79SDKR6, B0H7B7HLB6, B0H79MRTG7, B0H7BCHSVC, B0H79KGVC3, B0H79KW51H, B0H7976G6V, B0H7BD883S, B0H7976G6X, B0H798W84F, B0H7BH188P, B0H79YTJZG, B0H793YPQQ, B0H79KXG3P, B0H799H1Z3, B0H7B95SPJ, B0H798W863, B0H792RGMY, B0H7B8HTVB, B0H798VW59, B0H7BGRZ55, B0H79QR2V9, B0H79WBS76, B0H797M95W, B0H79JHPQM, B0H7BDRYHK, B0H7B7D9G3, B0H7BMM5QV, B0H7BBR2XL, B0H794HG36, B0H7942WSV, B0H7B8VDKP, B0H79HDN4B, B0H79CQ5KF, B0H79ZFS7S, B0H7B94PLV, B0H79CGRBG, B0H79FGRL4, B0H79QR2TX, B0H7BPGVQ8, B0H7BDMVS9, B0H7BLSRV4, B0H7BPGVQ3, B0H7997W7Q, B0H792GH1M, B0H79MRTHQ, B0H7B9DK18, B0H797NJSJ, B0H7BLFYJX, B0H7993PW3, B0H7B4Z8Z8, B0H7BBRFMS, B0H7BH9HVF, B0H798LZM2, B0H79NNBY9, B0H79VR326, B0H7B95C59, B0H7B8XK96, B0H7BG3P1R, B0H7B9P4GT, B0H793LJWS, B0H79JYZ4J, B0H794HR5W, B0H7B8XK9J, B0H79G142P, B0H7BD3636, B0H79LZVRT, B0H792KCFL, B0H798TX1F, B0H79S6D7M, B0H794DTGY, B0H7BD3YYB, B0H7B8MK8L, B0H79QT5YC, B0H79LPQFN, B0H7B8KMCC, B0H794M973, B0H79WTS16, B0H7B93GBP, B0H7BCKJQ1, B0H79JPJS5, B0H79VTNCC, B0H7BJ3ZQW, B0H7B9X9Y4, B0H79BKVV9, B0H79L6BXN, B0H79LZTQJ, B0H79TB1W2, B0H79S88Z1, B0H7BHD7S9, B0H79WH46T, B0H7BKMN18, B0H79YXY6W, B0H79LQPDL, B0H79LD53Y, B0H794M95M, B0H79T1999, B0H7BFCL7T, B0H79KH6GP, B0H79NCBZ5, B0H7BFSPQ5, B0H799GQQ9, B0H79CZJ58, B0H79T199K, B0H798RX9M, B0H7BJG957, B0H7BC8233, B0H79HSNC1, B0H79KJGDJ, B0H79YXJ6K, B0H79FMB3J, B0H79FGFMK, B0H7941B6Y, B0H79FW49X, B0H79F46FN, B0H79Q789Z, B0H7BF5464, B0H799HD66, B0H79NKYT5, B0H79H5HNX, B0H79LY21M, B0H7BBPZ5F, B0H79H275W, B0H7B1VCVW, B0H79CQGDD, B0H79K9XZC, B0H7BMPNPS, B0H79D7Y8C, B0H7BBPZ59, B0H792CLKY, B0H79S4YJL, B0H79P2YBX, B0H79VPTX9, B0H79M3QH4, B0H79CJ225, B0H7BD259G, B0H7BMPNQP, B0H7989JKR, B0H7BHXSRJ, B0H79ML6GZ, B0H7925GNV, B0H7B8XDNB, B0H7BFSNQH, B0H79LPDS1, B0H79XXN9C, B0H79J98Y7, B0H7BPLV94, B0H7BJ4WN7, B0H798BHN5, B0H79Q8KZC, B0H7BF5C45, B0H79NG45B, B0H79M1T1Q, B0H79NKBDW, B0H79FP834, B0H79NFRWV, B0H7B54W5X, B0H7BH347M, B0H79LR9ZH, B0H79M3QJ5, B0H7BNG58P, B0H798P85K, B0H79D3RTC, B0H7B7HHF8, B0H7B7HHF9, B0H7986ZFC, B0H7B7FWK8, B0H7BBSGT5, B0H79QDFS5, B0H79M3QHT, B0H79NJCP9, B0H7BJ23BJ, B0H7B875XK, B0H799DRRW, B0H79TFSW1, B0H797YX7H, B0H7BLZC5L, B0H79LZHBB, B0H79PB5PX, B0H7BCBJNN, B0H7BLZC5X, B0H7BKDWVJ, B0H79F6QPD, B0H79KSH2H, B0H79FP821, B0H7B79825, B0H7B7K216, B0H7BGG3WY, B0H797Y7XQ, B0H794L1PT, B0H7BF7K1R, B0H7B1SRBG, B0H79FY5QT, B0H7BHQB9Z, B0H79DFSZ7, B0H79P82NW, B0H798LP46, B0H79LK3FX, B0H79XPFJ9, B0H7991421, B0H7B8Q859, B0H794KCTN, B0H7BCQW2L, B0H7BDF556, B0H79HM35M, B0H79FY5PH, B0H797LMQJ, B0H797LMQG, B0H794K35S, B0H79WH48B, B0H79C7N7K, B0H796YBQ4, B0H7B5C915, B0H7B5HNL6, B0H7BFW2CQ, B0H799DD9F, B0H799DD9G, B0H79BMKNC, B0H792JDRY, B0H79JBLL8, B0H79JTFJY, B0H7BKWRXQ, B0H797B9G2, B0H7B9D5XM, B0H7BJP73F, B0H7BGQHH4, B0H79QR91J, B0H7BJ769Z, B0H79JBWBD, B0H79DBKVV, B0H79HDY9F, B0H79PN99T, B0H79F72LH, B0H795YBJT, B0H794DH1Q, B0H79MRKG8, B0H79G8SNN, B0H79Q9898, B0H7BF3T3G, B0H79XXW28, B0H7BGP6FG, B0H7BDJY1M, B0H79L4F1V, B0H79JL9K8, B0H79NP9Q8, B0H79YVKSD, B0H792QTGF, B0H799NXWM, B0H79CR5RJ, B0H79KHHYD, B0H79QNBVF, B0H7B8S1F3, B0H79P13HV, B0H7BBMYR8, B0H79T1P42, B0H7BF8S65, B0H79LWYQN, B0H79H2JP2, B0H79CR5QS, B0H79SH2R4, B0H7925S6L, B0H79Q5LS1, B0H7B8MC92, B0H79QBHDB, B0H797S37N, B0H79DGG8Y, B0H7BBHPMQ, B0H7B4ZYLG, B0H798P919, B0H7B5M1KT, B0H7BMLP56, B0H798WW83, B0H7BDR8MC, B0H7BC9K39, B0H79QLXDF, B0H7BCJB3R, B0H7BKX96R, B0H7B1WZMT, B0H7B1WZNK, B0H797NKQJ, B0H7BDL35N, B0H79SYL4G, B0H79T6XY8, B0H79JRH9M, B0H7BLGLS1, B0H79Q9W9X, B0H7BDR8ML, B0H792RSBM, B0H79HGVGC, B0H79626WR, B0H79WJ15Q, B0H7B8FBQF, B0H79KWK62, B0H7B7P6WR, B0H7996RVZ, B0H7BLMH8B, B0H79C5PYD, B0H79F1MM8, B0H79LHSX9, B0H79S6ZXB, B0H79C5PXY, B0H79KXN85, B0H7B2BFKF, B0H7996RX6, B0H79HDZ55, B0H7BPJCGT, B0H79Q6L2S, B0H79HLGYN, B0H79L8WNM, B0H7B8LFG8, B0H7989878, B0H79K3TTS, B0H79P13KL, B0H79LCSH3, B0H79FYTB6, B0H798987H, B0H79T2366, B0H7947CVQ, B0H79LCHS5, B0H79FS4TL, B0H792CWTS, B0H7BB44MB, B0H79JS3PS, B0H79P6R92, B0H798MMFN, B0H7BJ1LQB, B0H79K52LG, B0H79KCYP1, B0H79HP2B1, B0H79K5F3Q, B0H7BHFZFB, B0H7BGS414, B0H79K52M1, B0H795YCCC, B0H7BK247Q, B0H7B7F694, B0H7B1VYTK, B0H7BDKFT7, B0H793YZGQ, B0H79HMG1L, B0H7B22D9N, B0H79J83BT, B0H79JC7JF, B0H79WP598, B0H793ZNN4, B0H79KCYQ7, B0H7BH1GS6, B0H798H346, B0H78ZWRQ4, B0H79FGQPD, B0H79S6NCG, B0H7BFCXVX, B0H7BCM9PW, B0H7BJRCRW, B0H7BB5BSG, B0H79D96ZN, B0H79D5PYT, B0H793YBZM, B0H79J83CY, B0H79FTQG5, B0H79KCLZ7, B0H7BGWD6K, B0H7BPJCFT, B0H79C2TH5, B0H79KXY3S, B0H7BPJCFV, B0H7BFH9N5, B0H7B6RTJT, B0H79KBXT4, B0H7BRF4ZH, B0H79HDM73, B0H798KDNP, B0H79TB5VX, B0H7B23T8S, B0H797KC28, B0H78ZW4WY, B0H7BKTPH8, B0H7B6ZG9T, B0H797JD6R, B0H797P6J7, B0H7993QTV, B0H7B8FSTK, B0H7BH2BG8, B0H79QSW4H, B0H7BLB8Z9, B0H7BHC7C3, B0H798W72J, B0H79PKSGF, B0H7BGRKYY, B0H79VM22K, B0H795LRD5, B0H7B8JBN8, B0H79Q31Q2, B0H79Z9GJ5, B0H79BTRTZ, B0H7BG1PDV, B0H7B55KP8, B0H7BJK96G, B0H79HLH26, B0H7964GY2, B0H7BFVR5L, B0H79CYV14, B0H797DWLT, B0H7BDFM3P, B0H795JW1Y, B0H7BJLZ57, B0H7BFH3BN, B0H7BL8SK5, B0H79N7B6G, B0H79CSKNK, B0H79Z8HMT, B0H7BDN94S, B0H79MPDLP, B0H79LMCRR, B0H7B28ZZ5, B0H79HVX38, B0H7BCW2J1, B0H79K449P, B0H79S9821, B0H79DX4YK, B0H79S6NFJ, B0H79K5PNG, B0H79NHCFH, B0H799L2PB, B0H79J5466, B0H79QF2XK, B0H79TMWTZ, B0H79D7YBG, B0H79LZ4MK, B0H798NY2T, B0H79J8DK8, B0H79LZJ8C, B0H7B1YRDD, B0H7BFD65H, B0H7BJV93Q, B0H79YS87H, B0H79DFH3M, B0H797X9SP, B0H795DPV3, B0H797L96N, B0H79SDJT1, B0H79J8CJ2, B0H79P5993, B0H79JB86G, B0H7B8H1VY, B0H7B7GYBH, B0H79HJ5PK, B0H79J45YH, B0H792KYRD, B0H79VHF3N, B0H79KVC62, B0H7985ZQX, B0H79CH2Z7, B0H79WCTBH, B0H79Q796Q, B0H79LC55C, B0H79LHHLR, B0H79T72YD, B0H79ML9FH, B0H7B6SQLV, B0H7977R4H, B0H7977R42, B0H7972K4S, B0H79KZ85G, B0H792KBGN, B0H798QC21, B0H79BV3PH, B0H79FBKGY, B0H796BC18, B0H7BHRPZ9, B0H797RGT4, B0H7BLTDRL, B0H7BCLYL7, B0H79YYJ6B, B0H7BDJBGY, B0H7BHCG4F, B0H79KG4F2, B0H7BH5156, B0H7BC9C2D, B0H79843J2, B0H79TGHVM, B0H79BVDS7, B0H79J99W2, B0H78ZRLMF, B0H79P8SBQ, B0H79D5P1T, B0H79M5TB9, B0H79YYJ54, B0H7BG9VNK, B0H794HS77, B0H79BV3PV, B0H79S5CVZ, B0H7B8WX36, B0H7BJMB53, B0H79JYY66, B0H79J4G95, B0H7B87F4L, B0H79VS6QG, B0H798FR1J, B0H7B7CHQW, B0H7B95Q4G, B0H79CXJVD, B0H79KZ86V, B0H79CP6G6, B0H79KZ86S, B0H79DXSKW, B0H79Q4P25, B0H7B19XKJ, B0H79MJ5J2, B0H79M4HQJ, B0H79KJFBF, B0H79Q4P1X, B0H7BB51VT, B0H79CXJVP, B0H79DCGQV, B0H797Q66W, B0H7947QCT, B0H79G6PZ3, B0H79SYQGY, B0H7BKRSQL, B0H79LV1ZK, B0H7BH5CZR, B0H79H5TG7, B0H7BCPPR3, B0H79VGX5W, B0H7BD67R5, B0H79DHFD3, B0H7B7F6BP, B0H7BDJ7W1, B0H79LPCR9, B0H795V5SF, B0H7944GW3, B0H79923W9, B0H79KVR7X, B0H79SYQJ6, B0H7966PL7, B0H7B1YF3K, B0H7BC5BYP, B0H7BC5BZ1, B0H7BG1DGF, B0H7B9BLC1, B0H79T9XZT, B0H7BDHC4H, B0H795YCDF, B0H795YN9V, B0H79JKC82, B0H79H18Z1, B0H793W2B6, B0H79Z16F2, B0H794KQFH, B0H7BHZPGH, B0H79T6SZZ, B0H794FHD2, B0H79CXJX2, B0H7BLF2MX, B0H79FJNQ6, B0H79ZPW7Z, B0H7BF1NHN, B0H7BCG6KF, B0H79C8L3J, B0H79JD5SK, B0H7BBJHPW, B0H79VTBR9, B0H7BCN78K, B0H797FV8N, B0H79ZBR8B, B0H7BKD6VJ, B0H7BJTWCH, B0H7968B65, B0H7B8L1PY, B0H798MMHS, B0H7BJM78R, B0H7BF67KV, B0H793X1L7, B0H79KFG4K, B0H78ZWFHH, B0H7BDN357, B0H7991GTX, B0H7BGT763, B0H797G53P, B0H7986YF1, B0H79JW2VR, B0H79SPKCX, B0H79XYW29, B0H79FJPRK, B0H7BGT312, B0H79XYW2B, B0H792F5CR, B0H79Q2ZLQ, B0H7BDPGYT, B0H79Q7XZN, B0H7B1HM94, B0H7BJTHDC, B0H7BDG6RZ, B0H7BBBXDD, B0H797V27F, B0H79Q4ZMV, B0H79D6Y46, B0H79T3YT7, B0H79QCST3, B0H79LS1L7, B0H7B6WV4H, B0H7BBBXD5, B0H79ZK8G8, B0H7BHV6Z1, B0H79PD97P, B0H79JJNW5, B0H79WDWJC, B0H7BGMGP5, B0H7BL4GPC, B0H79DFTZT, B0H799FQMY, B0H79TCQVF, B0H7BLJKPP, B0H79FRGHD, B0H79VP1X8, B0H79L98FD, B0H79G6Q1P, B0H79LH64L, B0H7B6WV5G, B0H792BM7V, B0H79G6Q1M, B0H79D7M8L, B0H794CW42, B0H79PC1LQ, B0H7BD7GF1, B0H7BH1JP3, B0H79MPHGS, B0H79GVR2N, B0H7B8ZXWL, B0H7B9HXQK, B0H79Q8V7R, B0H79L7MWD, B0H7986NTM, B0H797CB4C, B0H797CB4F, B0H7BBLRY9, B0H79M3PN4, B0H7BCBQXC, B0H79LS1LL, B0H79K6NY4, B0H7BLF2NN, B0H79WLW1Z, B0H79SD4XH, B0H79BYXDF, B0H798R98K, B0H79SZ33Z, B0H79JH3JK, B0H79C5DKX]",amzn1.campaign.24O7G694MSQWU,InkRain Pillow Covers Sofa of 2 Decor Set 28x28 Inch Cotton Linen-10,InkRain,2026-09-04,2027-09-04,20.00%,5000.0,5000.0,122,800,false
[B0H9F6YYYV],amzn1.campaign.2XSM8YH796MUY,Silicone Glue for Squish,Amzuboca,2026-09-04,2027-09-04,10.00%,5000.0,4986.97,129,800,false
"[B0GSYQHYBP, B0GT3PCVK3, B0GSYTZDQS, B0GT447R2M, B0GT3PCVK4, B0GTVWMC5Z, B0GY8GH7DC, B0GTVTRSZN, B0GSYYKNH8, B0GXF9HY5Q, B0GXF58DJK, B0GXFB3W7P, B0GY85QW9F, B0GTVVM44B, B0GXFJS11L, B0GY88PN7S, B0GVF3Q7BS, B0GXF5Y1CW, B0GVJJCY88, B0GTVNBH96, B0GTQ8S429, B0GXF7Q2DY, B0GSYWYHJ4, B0GT3SRZTM, B0GT4KG876, B0GY888XT7, B0GXF4JFV4, B0GT43CCLY, B0GTVT8CF9, B0GVRWTC7M, B0GSYTJPWQ, B0GVRWTC7F, B0GT447R26, B0GVRZ9P11, B0GXFBQKGX, B0GX62ZX45, B0GXF1JSC4, B0GSYV6DFQ, B0GSYGK6FY, B0GVF7JK32, B0GYNQK18F, B0GSYN2H6K, B0GVF5NTPT, B0GT3N278F, B0GTVPTYPK, B0GXF1JSC3, B0GXF7WC2K, B0GXF6XGTP, B0GXF3S9ZW, B0GT3XMY41, B0GTQ9XL5F, B0GT3ZR3D7, B0GX6C6YJS, B0GXF9ZS5S, B0GVF7QDQD, B0GX667Y18, B0GZQ3CS5T, B0GX68KCTB, B0GXF8MRX8, B0GTVLWYRZ, B0GXFG5YJY, B0GSYZC871, B0GXF6V793, B0GXFD78YN, B0GXF5XXQ7, B0GSYZC86Z, B0GTQ2R1SQ, B0GXF7SKML, B0GTVKJBGX, B0GXF5H49C, B0GTVW8PRF, B0GSYNHGVR, B0GXF35KTD, B0GTW1YKGR, B0GTVX8WD9, B0GTVQ1214, B0GSYMHJ6W, B0GYNSWCG8, B0GYNKJHL9, B0GXF5M4GW, B0GXF7BRLY, B0GSW3ZVW6, B0GSYQPKSR, B0GX67M6K3, B0GXFC597R, B0GX68VVRL, B0GVRTNXLG, B0GX6CDMPQ, B0H2YT9D2V, B0GVRRXCZR, B0GSYYSC6R, B0GSYK1Q7F, B0GSYQBQJH, B0H2YM96D2, B0GSYQ765C, B0GXF5ZGGC, B0GTVYCB7Y, B0GXF9KWN3, B0GTPY5382, B0GYNFHNQ4, B0GTVM9MV1, B0GXF49P7P, B0GSZ1PZNG, B0GTVYCJGV, B0GVRVBDQ8, B0GSZ1V5SX, B0GT3ZW5VN, B0GXF4Z8CL, B0GSYQZFJD, B0GTVYDR56, B0H2YT9S3T, B0GXF6Z8M4, B0GXF3ZV9R, B0GSYQZFJ5, B0GVF71VX8, B0GTVZ47SV, B0GVJSCMFF, B0GSW67K3B, B0GY8FKQDF, B0GSW75SMD, B0GSW71XBP, B0GXFG758H, B0GVJH2F4K, B0GTVMCDC8, B0GTQCPXNQ, B0GXF5PHF5, B0GVJNXZPN, B0H2DNZ8N1, B0GXF6359W, B0GY8NJBX7, B0GXFFBNFW, B0GVRZ5N78, B0GX6C5KWG, B0GTVR4TR4, B0GXFJPZSD, B0GSYTZDR2, B0GSYK2SVS, B0GX65LYM1, B0GSVWPDZQ, B0GT49GFK4, B0GX5WRD75, B0GVS21HHR, B0GSYM6N87, B0GTW1MJN4, B0GSYTLLRD, B0GTVKLFBM, B0GXFC133K, B0GX64NW7X, B0GSWCXWGC, B0GSWF1CC1, B0GSZ1KV8F, B0GT43P532, B0GXFG7587, B0GTW3GZFT, B0GVRXLH5C, B0GX6CDXJ4, B0GX665TDN, B0GVF6VT2F, B0GX64NW92, B0GTW3D7JX, B0GSYN1QTC, B0GTPWXW2P, B0GVF3W2NG, B0GVF3KMFW, B0GT4C97PJ, B0GSYV7PCP, B0GT3RHLWR, B0GY8BTFQW, B0H2DQ5QDV, B0GSYXQTFK, B0GTVR6NDP, B0GSYN4XXF, B0GT447XD9, B0GSYMT3MZ, B0GX6C3XZX, B0GXFCVMZH, B0H2YRZNMB, B0GSZ9QL64, B0GSYYPQF6, B0GXF4YJX4, B0GXF58V3K, B0GY8FBX9G, B0GTQ142CF, B0GSZ1L52R, B0GVRZZDQG, B0GYNP5DC5, B0GXF4H26K, B0GX6CBTKC, B0GTVS64WJ, B0GX63ZWSL, B0GTPYNBS3, B0GXF9HGNZ, B0GXF7KPVT, B0GTQ7LZ9S, B0H2YSBRZH, B0GVS7V7TC, B0GT43G4QF, B0GX67SYVM, B0GX67SYVK, B0GTQ5WHMX, B0GVJLYW7R, B0GVJFSW6H, B0GXF61DFH, B0GTQ5YPWS, B0GXFCSX3M, B0GXF3CFH9, B0GSYQK29T, B0GXF3ST5L, B0GYNQC1V6, B0GVDVKQM2, B0GSYMTFT7, B0GTW1GC5L, B0GVF4Z5FL, B0GXF83QBL, B0GSWBVK71, B0GXFBBMLG, B0GVF9B8J4, B0GX64Y74L, B0GTW5HLWJ, B0GT42MT8P, B0GSYWQXD5, B0GTQBZ7VH, B0GX6DN9VV, B0GSYGDWTR, B0GYNLX2BX, B0GXF84L4G, B0GX6DW5S2, B0GT3ZBCVK, B0GSW5RZ49, B0GSW8VFJG, B0GXF3P175, B0GSYVDZM4, B0GSYNBSJ4, B0GSYY7LDF, B0GTQCHHMC, B0GVS94YB6, B0GXF3NLS9, B0GXF4VNBD, B0GVS5QH8X, B0GTQ815GS, B0GY84JT4R, B0GSYX6T37, B0GVDZQ1GX, B0GXF872XP, B0GT3YB31S, B0GTQ4BLTY, B0GTQ8YJZG, B0GSYNJ56N, B0GSYS8Q4Z, B0GSYVJSM3, B0GXF576SS, B0GSYMRC77, B0GTQ7RHF8, B0GSYNBSHL, B0GX666Q9V, B0GVDX9HTW, B0GX6HKLR2, B0GSYMYVFC, B0GX67SYVS, B0GVRZ7218, B0GX67TKXC, B0GSWCH4XV, B0GX66D22N, B0GXFCCB9H, B0GY8CZS9H, B0GSYVSFYT, B0GYNDNY74, B0GSYPB358, B0GXF6GG87, B0GXF372QH, B0GSYW4YGX, B0GTVWG8BT, B0GTQ61192, B0GTVP2SWR, B0GSYPB35G, B0GSYQL29D, B0GT3YYHDT, B0GSYTSNK9, B0GSYWFFNN, B0GY8DY61N, B0GXF7TG4N, B0GYND4Q2P, B0GSYYRY9C, B0GXFBNFXB, B0GVF8X7VR, B0GSYMV8W4, B0GXF6RG63, B0GTVTP3RN, B0GYNL8WWN, B0GVS55T7H, B0GXF4WC8M, B0GX63RJCZ, B0GX69KJRX, B0GXFCWKLB, B0GVJGBGY8, B0GXF739ZQ, B0GSYXQG4V, B0GTQ8BS3G, B0GT3ZSG81, B0GVF6X9RM, B0GT46899X, B0GXFFZPVC, B0GXFCKWGP, B0GSYWPF2B, B0GSYXQG52, B0GTPZVNYQ, B0GYNQYKRJ, B0GVRYVY9N, B0GT3ZSG7Z, B0GXF54CB1, B0GXF4FGPT, B0HBWSZTDF, B0GY8BBY5K, B0GSYQL293, B0GT3YYHDS, B0GTQ5TRQ9, B0GXF6S95D, B0GXF62Y6M, B0GVFBN47T, B0GVRV2YST, B0GVF5Y6G4, B0GZPHNQSX, B0GXF5CV8V, B0GTVXD835, B0GVDWS64D, B0GZPVM392, B0GTVXD837, B0GXF7MNTW, B0GXF7ZDC8, B0GXFBYFR2, B0GXFBZ8SC, B0GXF6RYWX, B0GXFFVWMW, B0GTVSS8PM, B0GYNRQDGW, B0GSYYT2BT, B0GSYYFYYR, B0GXF7ZDCN, B0GTVSS8PP, B0GVJP2HY8, B0GX6287MD, B0GY884WG4, B0GVF5FPT6, B0GTQ6Z6MV, B0GTVPHZHT, B0GXFF9M19, B0GTVWLPDW, B0GX6C7G7D, B0GSYYWPRH, B0GSYQSKYL, B0GXF83V35, B0GX5WXYDV, B0GSYS7DFP, B0H2YG5S1M, B0H2YJDMTR, B0GSYX7ZDB, B0GT3Q5DFJ, B0GSYS7DFV, B0GTVWLPDJ, B0GYNQ6CFR, B0H2YHD3XT, B0GXF914H1, B0GX666SVJ, B0GVDXMVN3, B0GTW39VVJ, B0GTVPX4PW, B0GVJL73P6, B0GXF6T5W5, B0GVRWT8L2, B0GXF35NVH, B0GXF7NVMM, B0GVF2Q8Z9, B0GSYQVYQM, B0GXH5L12P, B0GXF35NVK, B0GX6BF1B5, B0GYNRMYQ4, B0GX67D6R8, B0GTQFPBM4, B0GX67L69N, B0GSYVJLPW, B0GVS1NC47, B0GXFK11SL, B0GXF7VG6Z, B0GT3YPJL9, B0GVJ8R9V3, B0GT46N79V, B0GSYMTRWK, B0GVF38BZP, B0GXF6HCTW, B0GVF128QC, B0GTQ2VB23, B0GX69M2Y7, B0GT4KMN8R, B0GX62Y129, B0GY8FVK65, B0GSYXC17T, B0GTVVQJL5, B0GXFG1QQH, B0GSW8NF4S, B0GSYYJSNG, B0GTVXTN57, B0GSYGHMHV, B0GX62Y125, B0GT42TG4L, B0GTVWZYR5, B0GXF9T66T, B0GSW4FVY1, B0GTQF96WJ, B0GTVXW9DB, B0GY8J42XN, B0GSYQZYC8, B0GSYQL8KV, B0GX6BMMBQ, B0GTQ5ZY4J, B0GXFBZ8RW, B0GX642DR6, B0GSYRXDCD, B0GTQBFGCL, B0GXF7Y8NV, B0GSYJF8N1, B0GSZ1LN3W, B0GT3Z8X18, B0GT4NQN5J, B0GTQDYK94, B0GVJTDN5P, B0GSYNHKST, B0GX69M9DJ, B0GSYGDKNZ, B0GZQDJ3KT, B0GSZ3P6FY, B0GVRV7ZD9, B0GT412F8P, B0GX67V2PR, B0GVRTW77C, B0GSYXZ471, B0GTVTR3WV, B0GVS3147Z, B0GSYMSZP2, B0GXFFWZHK, B0GTQ1R2WF, B0GTVWG2BR, B0GSYN79F2, B0GT3W6LPN, B0GXFFH949, B0GXFFWZHS, B0GXFCMTLL, B0GVJMV62J, B0GTVRHW15, B0GVRX8RYG, B0GXF7RMJX, B0GSYS9SGW, B0GTVKSQQ9, B0GXF2PJTW, B0H2YJ3B6C, B0GSYX16WD, B0GT441L33, B0GSYH2SRT, B0GSYM2XNP, B0GX644DQC, B0GSYR5HXH, B0GYNRC4NJ, B0GTVY8PMM, B0GTVYL38Q, B0GXFFB14C, B0GT3ZSR1H, B0GT48KXK6, B0GXFFWZH8, B0GSYQD7G7, B0GVRXZ474, B0GY8C9NBZ, B0GXFBYYRG, B0GYNHLSLH, B0GT3MF749, B0GT45DYVJ, B0GVDZFP48, B0GT3SB881, B0GX668829, B0GVF2BD6B, B0GT3VQ7TM, B0GSYXPNHV, B0GTVWNJ9P, B0GYNLXPPC, B0GT3SFXSB, B0GTW3F1QT, B0GX6BBS8G, B0GSWGL63R, B0GSYKZ1DW, B0GVS9BCRP, B0GT3QGM1D, B0GTVV8FV5, B0GX663423, B0GXFFPNBB, B0GT3QGM1F, B0GTVT9L4R, B0GTVTHQTB, B0GTVQG74Z, B0GXF9H846, B0GVJMYSXB, B0GSYNZT68, B0GXF9H83Z, B0GXF25YP3, B0GX5Z8CWN, B0GSYQJFWS, B0GT3W59ZJ, B0GT49DLY1, B0GT3SBVZC, B0GSZ1PWCX, B0GX6FCVLF, B0GSZ2XTJN, B0GSW9D2H6, B0GXF9CRY4, B0GX6746XG, B0GXF4VFR7, B0GX67T5X3, B0GT3SBVZ9, B0GSW8WJZQ, B0GXF9NHBV, B0H2YMDCYD, B0GT46HZZR, B0GSYV1T4G, B0GXFD6GZQ, B0GXF7N2LK, B0GT3S7S35, B0GTQJB3TP, B0GT43FTDZ, B0GVJKW1TK, B0GSYGG9Z4, B0GSYVH76X, B0GSYQQC9Y, B0GXFJL626, B0GTQ4SP5D, B0GVF1N2WM, B0GXFGQFQB, B0GY86WFHJ, B0GXFGM256, B0GSZ1PB7J, B0GVJH58W4, B0GVF1YTYV, B0GSYV1T4J, B0GX67DHN3, B0GXF4WY24, B0GTVXVNZ1, B0GTVNZYPF, B0GTVT3S5K, B0GTVRYQ8N, B0GXF74S9B, B0GXF6WY8P, B0GSYLFFPT, B0GX5ZPH7W, B0GVJFJNXM, B0GXF9YB9X, B0GVRWGHN6, B0GTQ9L762, B0GX5X3R6J, B0GXF3P46P, B0GSYX1MJ6, B0GSYSN3T6, B0GSYPNJT4, B0GVDXDGXB, B0GTQ999QP, B0GSYJJTPG, B0GY8R67NF, B0GSYN8WF7, B0GTW3PWBV, B0GSYZNTJT, B0GVF1V4BY, B0GVF1YTYP, B0GT43JGDC, B0GXF2LKK5, B0GYNMQS4J, B0GT47FTSS, B0GXF9J83K, B0GTQ7MWHR, B0GSYX1MJ4, B0GXF6NY23, B0GSYWDPSN, B0GT46MJGT, B0GTVZY8FG, B0GX622XMF, B0GXFD1KMB, B0GTVTMGSM, B0GX65WL17, B0GX6C1V6J, B0GT3XXHNY, B0GXF934QX, B0GVRV4T5T, B0GXF934QY, B0GVRZQZZQ, B0GT3VJZWG, B0GT3SV38X, B0GT3ZKR1B, B0GTQ8GC9H, B0GXF7PCCF, B0GXF54RLS, B0GSYN4BJJ, B0GY88BS1C, B0GYNQV497, B0GSYV5DFX, B0GVS8NX4H, B0GVJJHGM7, B0H2YSHNZ1, B0GVJS7T8J, B0H2YGF5TM, B0GT3SFXSQ, B0GVJRLQ11, B0GSW6H66D, B0GTQ7B5HQ, B0GVF3ZP26, B0GY8GQ4L6, B0GX62SZF3, B0GSYXDJY2, B0GVS7BN7D, B0GX66188P, B0GVF528BD, B0GTVTFJ43, B0GYNX3RZG, B0GX6CCXKW, B0GVJRPP9V, B0GT3NY7JV, B0GSZ1B6TL, B0GVJJ54R4, B0H2YHPFLC, B0GXFBBFBV, B0GTQFYXM6, B0GSWC111B, B0GTVWBNTH, B0GSYMT6PQ, B0GTVVSCH1, B0GVDXRK1K, B0GX61LBFZ, B0GX5WP8DJ, B0GSYWL8Y1, B0GTVR6YX2, B0GXF53N53, B0GSYTMWCM, B0GT41B4T3, B0GX67QS2D, B0GX66TFM9, B0GSYTMWCC, B0GSW8QZDJ, B0GXF53KMB, B0GX68XBCL, B0GT3RQY5R, B0GSYVVWVL, B0GXF4VV6C, B0GTVT87Z4, B0GSYR3YK9, B0GSYKZBQ4, B0GXF7H1CP, B0GVF4XRBW, B0GXF7H1CN, B0GVJM55B5, B0GTVP3536, B0GXF597T4, B0GSZ1HBXL, B0GT3SQF9D, B0GVF7MCSF, B0GSYX73ST, B0GSYQ1FGW, B0GTVQH469, B0GXF5MBML, B0GTQ5KDGW, B0GXF5P93Y, B0GX68HF9W, B0GY8DHDZH, B0GX65QY9N, B0GXFFCH2S, B0GSYYBT4W, B0GXF7QZ8R, B0GXFC55MY, B0GT3MMXMG, B0GSYQTRXR, B0GSYGDH8B, B0GSYGDH8C, B0GSYYBT4Z, B0GTVRZ6HY, B0GSYP4C6C, B0GT44C3X9, B0GYX81MR7, B0GT3RS4F9, B0GVS2QNXB, B0GXF4VV6R, B0GXF63L2H, B0GSZ1L7X5, B0GSYQLC7C, B0GXF6WNK7, B0GSYYL56Y, B0GX69C6HZ, B0GXF82Z83, B0GVJFTRK2, B0GT3Y29P5, B0GX66G82S, B0GXF6WNKC, B0GT49FHNC, B0H2DP2LYH, B0GTW2QXDN, B0GSYYS5BW, B0GT41DW4Q, B0GXF3F2XG, B0GSYRJL3V, B0GSYRJL3W, B0GVJKN5PR, B0GSYQFY3Z, B0GX64ZJ6Q, B0GT3S33MD, B0GXF9SDHV, B0GX69JTPR, B0GX69GZDY, B0GT485673, B0GYNSS9XQ, B0GX642ZRN, B0GX68FCT6, B0GY8977F8, B0GYX1DZTF, B0GZPPB2P3, B0GSYLHSP5, B0GT3S75D2, B0GSYTSCJV, B0GSYMQ3YQ, B0GVDZSXNX, B0H2YLRKD3, B0GXF5VDTR, B0GVF7Y1P7, B0GY87GTJY, B0GX671X8R, B0GTQ2S1D1, B0GSYJSZW7, B0GSYV2D6R, B0GVRZSN5R, B0GX67Z377, B0GTQ2T4FX, B0GTQ2T4G8, B0GVF4DRCZ, B0GSYGHZLH, B0GTVW2CP7, B0GY85QSBS, B0GY88BWBD, B0GXF8JLR4, B0GTVSK4YZ, B0GY878RSB, B0GVDVC1BT, B0GXFD3892, B0H2YB68K2, B0GXF5LFBY, B0GXF6TGQY, B0GT3LRKG3, B0GXF5B1X9, B0GVRZ77TQ, B0GTVPX9SW, B0GXFCFQHJ, B0GT3TMRFL, B0GTQ4GPL7, B0GVRWN28S, B0GXF75KYW, B0GXFC2Z4K, B0H2YXG7X6, B0GT3MDDFZ, B0GVS5YYZ1, B0GTVVV93H, B0GVS5QKV4, B0GSZ1QQDQ, B0GSYYVLSV, B0GTVWVGSR, B0GT428S8D, B0H2DLSWH7, B0GVF3X5ZZ, B0GT3VL5XY, B0GTQ2F3ND, B0GX68VN5Y, B0GX6FB2XR, B0GTQBP24J, B0GVF4W5BY, B0GXF8PNV5, B0GVFDF246, B0GX5ZJ3RS, B0GT48JMRH, B0GTVDK9CV, B0GX5ZJ3S9, B0GXF6GRMK, B0GYNQBVM9, B0GTQ6X7QZ, B0GSYQGTM2, B0GT3SH3RP, B0GT43YQ72, B0GY88KKRH, B0GY84XJ3V, B0GTVP2PSK, B0GTQ593C4, B0GYWXC4WG, B0GVDW68PP, B0GXF382PC, B0GX68JBDT, B0HBX9XP5L, B0GVRS777V, B0GTVQNRGW, B0H2YN2FDQ, B0GX67NS54, B0GXFBY573, B0GX69DZH9, B0GTVRGCCH, B0GSYSFDVC, B0GXF6394P, B0GXFDF68F, B0GT3YQCRJ, B0GVJM755C, B0GXF9W5WD, B0GT44L3KY, B0GT42CLNZ, B0GXF375RW, B0GSW8XCTW, B0GX67LD96, B0GSWJJQJ2, B0GXF4YNCJ, B0GXF8TB4L, B0GTVVMCG2, B0GSYRTH4S, B0GXF9NSMM, B0GT3W841B, B0GVJMWWZ3, B0GXFB2WGQ, B0GTVG7NT1, B0GXF8L3PG, B0GSYN3P5Y, B0HBWWFZ98, B0GTQFX841, B0GX6C24DR, B0GSYX7PN2, B0GTVWBVP5, B0GXDX1XCW, B0GTVSG6P4, B0GXDX1XCT, B0GYNNKGC3, B0GSYWZ6QB, B0GVF7FN8B, B0GX63YZRJ, B0GT3PTCDR, B0GT3ZQRP7, B0GSYP9QQ9, B0GT48JMQH, B0GTVM8RP8, B0GTVQ3XGL, B0GT3SRPNF, B0GXFCSLW5, B0GXF8NYVW, B0GVJJDVF5, B0GTVXS3Y4, B0GXF97PLX, B0GT3SQT8V, B0GSYYBYBP, B0GT41SSFT, B0GSYJM45P, B0GX5ZRCTF, B0GSYTW3H9, B0GTQ2JRYT, B0GSYXGSF8, B0GTQ4LJJF, B0GTVVZ6BL, B0GTPWTGJS, B0GY8GLPTX, B0GVS8DS8R, B0HBWYNRWC, B0GT3RWWKJ, B0GX5ZKZVN, B0GY88V8RF, B0GTVSHJVJ, B0GXF5DG6G, B0GSZ12K7T, B0GSYXTYK3, B0GSYWQGLR, B0GY8DT6J2, B0GX61J6DR, B0GT3T3FCV, B0GXF81DD8, B0GX6FQ36L, B0GXFBCPC1, B0GTQ4TJ13, B0GTVRBQTX, B0GX63CR91, B0GTVT9P58, B0GVF45PCS, B0GXF7JT4B, B0GY89RNMR, B0GYX1YC6F, B0GXF393TQ, B0GT42W3GM, B0GTVJWMZX, B0GY8GVF11, B0GSYND64L, B0GSYTPFLH, B0GXF9Z6DS, B0GSYTPFLG, B0GXF82GF3, B0GSYMHM22, B0GX5V5KF8, B0GSYMKSV2, B0GT42XN8F, B0GY8BY745, B0GXFB7SN3, B0GSYS6G4L, B0GT3YVV1R, B0GZPG5RFB, B0GTVWJZBF, B0GTVV6Z8V, B0GVS7HZL7, B0GVF1ZHWY, B0GSYSQGCQ, B0GT3VBPW4, B0GSYTPYSD, B0GTVV6Z8P, B0GTQBC2D5, B0GTVV6Z8B, B0GSYX4F1C, B0GT3P3PDJ, B0GTVXRFLK, B0H2YB6R84, B0GTPYKJ4L, B0GY84JLZB, B0GT43VW2C, B0GVJHTL8M, B0GX692X2H, B0GVS955BG, B0GT3SCK6P, B0H2Y7LGR5, B0GXF9TLD1, B0GTVXQRGY, B0GY8D2Z67, B0GY8FFMHL, B0GXFB3ZHX, B0GX69LB96, B0GYNKGCCH, B0GX698F8G, B0GTQ84Z4W, B0GXFLXTLM, B0GT3ML2XJ, B0GXFLXTLZ, B0GXF7FP58, B0GVSBYPTB, B0GXF4ZFZ9, B0GXF5PD6C, B0GXFGD3XM, B0GT3ZDDCL, B0GXF62V6M, B0GTQ6NW91, B0GX5Z925X, B0GX63X9N3, B0GVSDSMB1, B0GX6D57MY, B0GT3VBTWH, B0GSYZ1QT9, B0GVDVQPHW, B0GXF6S5TL, B0GXF6Y5C1, B0GVF5BGDY, B0GSYV3DBY, B0GVRZWL3B, B0GSW4KPCG, B0GTVWLSSS, B0GX69LB79, B0GXFH89LW, B0GXF53GT3, B0GX67DWN8, B0GXFCCTKB, B0GTQ9XL59, B0GTVQGZWS, B0GXFK6X5W, B0GY85NHFS, B0GXF39WZL, B0GTQ6D7ZX, B0GY8GKCDX, B0GSVYRSHW, B0GZQ4W4NY, B0GZQDLKSH, B0GXFK6X5T, B0H2Y8FFHY, B0GT3Q1RVC, B0GXF94BRM, B0GX67NH4X, B0GSYR4SPJ, B0GSYG5YTR, B0GVRX9CXC, B0GTVPLRVQ, B0GSWDNS7W, B0GT3S3LMB, B0GXFBNMZK, B0GX5WNGVV, B0GXFG2QH7, B0GX64S4RZ, B0GSYX8QVQ, B0GXF7463N, B0GTVR131P, B0GTVR2WW4, B0GX6C8C5H, B0GTVWRNVZ, B0GXF97F15, B0GTQ9LJRZ, B0GXFDLB1B, B0GXF58B8C, B0GY86Z1YM, B0GSYTBY9R]",amzn1.campaign.1C3KY0WYQZ87R,Top Home Decor | Erosebridal 100K+ Styles | 15% Commission 41,Erosebridal,2026-09-04,2027-09-04,15.00%,10000.0,10000.0,131,800,false
"[B0GS95XVR2, B0H6MBB5NF, B0H6MLWGBX, B0H7MK2ZLQ, B0H6MLNWV7, B0GS9BXYFH, B0H6MQSCNT, B0GS8ZLVMR]",amzn1.campaign.34OP3KYMUJ72P,PDC创造者链接,ORICO,2026-09-04,2026-12-31,10.00%,5000.0,4966.9,124,800,false
"[B0H98T1FFY, B0GTVN5G74, B0GTVCQW13, B0GTVH61CT, B0GTVM4LGR, B0H98SYXH7, B0H98SM4CR, B0H98TT3QW, B0H98WWM9S, B0H98GDL5F, B0H98RR8YZ, B0GTV9SRS1, B0H98QKFFN, B0GTVL5GGV, B0GTVKWBHD, B0GTVRGFW6, B0GTVH57WV, B0H98GLWTC]",amzn1.campaign.1PFFNLUEJT039,Earn high commissions——Experience fashion style with Hathne!0028,hathne,2026-09-01,2027-03-02,16.38%,5000.0,5000.0,158,800,false
"[B0FFM4PG5M, B0D9L4JP8G, B0D9L8T7YF]",amzn1.campaign.1QDTN1FKHFAHZ,BeYoutiful Face Care — Kids & Teen Acne Care,BeYoutiful,2026-09-04,2027-02-28,12.00%,5000.0,4945.22,107,800,false
"[B0GQS3N6FG, B0GQS2GRTS, B0GQS5FS87, B0GQSJYD6L, B0GQRSTN49]",amzn1.campaign.FYUZFP52JSW2,红色破洞牛仔裤+9.2,Arkordi,2026-09-04,2027-01-30,15.00%,5000.0,5000.0,156,800,false
"[B0H6G13N7R, B0H6G4XDPQ, B0H6FRT487, B0H6G3LDV8, B0H6FVBNW5, B0H6G1M51F, B0H6FXNB1L, B0H6G1B6M7, B0H6FZCGGJ, B0H6G1QGGL, B0H6FWBDSZ, B0H6FRP7BD, B0H6FZNJPD, B0H6GCHGTW, B0H6FW8VJZ, B0H6G476YN, B0H6FTNDQL, B0H6FWQ29B, B0H6FX9GCY, B0H6FWS799, B0H6FVCKYN, B0H6G1XYN4, B0H6FWTL3Z, B0H6FZLY8Q, B0H6G369D6, B0H6FMS9GT, B0H6FTYH8N, B0H6FZ4MXS, B0H6FY5L8G, B0H6G7GR44, B0H6FX985G, B0H6FZ42CN, B0H6FX985C, B0H6GD2T7N, B0H6G6W48T, B0H6FXMH2X, B0H6G3RY4D, B0H6FZN4Y1, B0H6G4WF9N, B0H6FXPDS5]",amzn1.campaign.1L6UPNEYKVFGC,20% Commission For BTFBM Women Lace Long Sleeve Tops BT914,BTFBM,2026-09-04,2026-10-10,20.00%,5000.0,4718.21,35,800,false
"[B0FN81VLGT, B0DZNT6XQY]",amzn1.campaign.3ALPGXG404Y1W,🔥 Extra Large Bamboo Cutting Board | LIMITED TIME DEAL | HUGE DISCOUNT,Socisen,2026-09-04,2026-10-04,20.00%,5000.0,4958.8,113,800,false
"[B0H98T1FFY, B0GTVN5G74, B0GTVCQW13, B0GTVH61CT, B0GTVM4LGR, B0H98SYXH7, B0H98SM4CR, B0H98TT3QW, B0H98WWM9S, B0H98GDL5F, B0H98RR8YZ, B0GTV9SRS1, B0H98QKFFN, B0GTVL5GGV, B0GTVKWBHD, B0GTVRGFW6, B0GTVH57WV, B0H98GLWTC]",amzn1.campaign.35RDVJYTANRK8,Earn high commissions——Experience fashion style with Hathne!0028,hathne,2026-09-01,2027-03-02,16.37%,5000.0,5000.0,158,800,false
"[B0DHV9QQJQ, B0DRWNFYVF, B0GS1KRWGT, B0H24M99ZW, B0H24SFPD7, B0DHV8BDVC, B0DHVB7F7D, B0H24Q96QM, B0DHVBSNSF, B0DHVD8X2N, B0GS1XRZNR, B0DHVCGNQJ, B0DHVFB1V9]",amzn1.campaign.2C8F4IG0MPI1,Molly-SK-WG119-2061 （1）,MONTANA WEST,2026-09-04,2026-12-04,10.00%,5000.0,4997.3,70,800,false
"[B0GQS3N6FG, B0GQS2GRTS, B0GQS5FS87, B0GQSJYD6L, B0GQRSTN49]",amzn1.campaign.17O0VVIR6U6HO,红色破洞牛仔裤+9.2,Arkordi,2026-09-04,2027-01-29,15.00%,5000.0,5000.0,156,800,false
"[B0CYLPPQ8G, B08SW5T5KY, B088RCWY4C, B0B3J1ZWBH, B0BV9W2GF4, B0CYLP5HNV, B088RBYVDN]",amzn1.campaign.ZKIZPSQOFUT8,Where the World Stops — NTBAY EVA Shower Curtain Liner Creator Collaboration✨,NTBAY,2026-09-04,2027-09-04,11.00%,100000.0,99909.76,104,800,false
[B0FRMZ6YN7],amzn1.campaign.1H16FG5E7M66I,High sales|Trucozie Cordless Vacuum Cleaner T553 +11% Commission+$30000 Budget,Trucozie,2026-09-04,2026-10-05,11.00%,30000.0,29976.68,89,800,false
"[B0GS9CXRRM, B0GVJ38SFY, B0GLGBMSMM, B0GS9DT9R5, B0GQSXBSZ1, B0GVHWQ737, B0GVF9S65W, B0GTMBGQ8N, B0GT8SNQZ6, B0H1V1W6D7, B0GVY6GJZF, B0GTLFJQY4, B0GS9D5LQT, B0GQSMLX62, B0GVHQPTVT, B0GR3QSN63, B0GS9LM6B7, B0GVHV2ZQW, B0GVF9241F, B0GXYX9KT8, B0GQSM1JJZ, B0GSF5VTMH, B0GSF4LSDH, B0GS9FTX8R, B0GTQ2BK5L, B0GVHWZRLT, B0H2H3CW97, B0GS96JTGR, B0GX9PBF96, B0GVHZB5FP, B0GVY9FNRN, B0GT8TTQMC, B0GT8XRJ2B, B0GT8ZHBJN, B0GTQ1CZLR, B0GVHYL4BN, B0GVJ5QKV2, B0GVJ6B35L, B0GTLLH193, B0GT8YNS3R, B0GT113YFN, B0GT8W1KV3, B0GSF77H94, B0GWPKJPXM, B0GX9QCSSH, B0GVHWZRL2, B0GSRN6MXJ, B0GVJ955S2, B0GT94FQ3P, B0GLFW78K9, B0GVJ955S3, B0GVJ38DF2, B0GWPN7Y1N, B0GTQ4S16R, B0GSF3KGQW, B0GVHVSGM3, B0GWPJNPKM, B0GVJ5RYKQ, B0GLFW1NGC, B0GWMJL6DP, B0GVJ735GR, B0GTPZ3FGF, B0GS931LY3, B0GR3NK51L, B0GVHVDRPR, B0GVF94BKZ, B0GSRJMS1M, B0GSRDW6VQ, B0GSFDS6B4, B0GTLLKSRG, B0GLGB6CTM, B0GVJ7627H, B0GVJ38DGS, B0GSF2HQKL, B0GTQ3YZPB, B0GT12G3FC, B0GVJ5NG13, B0GLX8QMXD, B0GT8YDKFX, B0GVHTSZKX, B0GTPYHQWK, B0H1V36GHH, B0GSFBFKKZ, B0GR4JYGZR, B0GT8V8GZF, B0GS98RC6L, B0GTM4GYR7, B0GTPY8627, B0GTQ7LFKW, B0GT8TXSK8, B0GTQ7LFKR, B0GVFCZHL8, B0GT949NJ6, B0GTQ1FPLL, B0H1V5QCYH, B0GVFGM4HF, B0GVF4DHHK, B0GTPZDPFL, B0GS9DSF4G, B0GTMBJV32, B0GVXY5YZ9, B0GVJ5NWQ9, B0GVF7MQYZ, B0GVJ4LX1T, B0GVHTBW9F, B0GT8Y12D4, B0GT8Y1VK6, B0GT91H961, B0GQSNRQB1, B0GT8RV7R3, B0GT8VKX4M, B0GVJ5RNRD, B0GX9SNXKL, B0GQSR64MS, B0GTPYCV5V, B0GVJ4LX1J, B0GT8ZBC7X, B0GWMMXNR9, B0GVJ855TF, B0GR9NR4SL, B0GTPZDLDP, B0GVJ855TP, B0GVJ1P775, B0GLWVSVL9, B0GTM8YFYQ, B0GSF5ZVNR, B0GTQ63TQ2, B0GWMKBJB3, B0GQSWNRWK, B0GLWV9S3R, B0GVJ5X2HD, B0GWMH7NL8, B0GSF57VWQ, B0GTQ1GDQ1, B0GT8XJQ3K, B0GVJ1RJ6Q, B0GVJ39MNZ, B0GTQXCJQQ, B0GWMNJ6PW, B0GR4MQL78, B0GT91YZC2, B0GVJ3QSSS, B0GVHXKSFV, B0GVY336V3, B0GTL6YHNK, B0H2H538M7, B0GTQDHV13, B0GQSLC5Q4, B0GTLFKM48, B0GTQ9G9NG, B0GWMRY54J, B0GVJ1B29W, B0GT92SCLC, B0GVF9G95Q, B0GLX6KQ3J, B0GVJ3MZMN, B0GLFPVYN9, B0GQSLY7TN, B0GT92FLBS, B0GTQ4KFR5, B0GT8TCKMG, B0GS9J22Z6, B0GWMQQPXR, B0GVHWTWPP, B0GLWVG1DY, B0GTQ1Q8YF, B0GQSGJPHV, B0GVJ4TH75, B0GTQ4Z24C, B0H2H1RFYQ, B0GVHWFNN6, B0GVJ4GF99, B0GVFJFF1R, B0GQSP2GYX, B0GVJ4GF9B, B0GS9FVM7W, B0GS9C2TJZ, B0GVJ7CX53, B0GVJ1RXNQ, B0GVJ587NF, B0GVFC3V4F, B0GVF3V1LD, B0GVJ19V49, B0GXYVQ67K, B0GS942786, B0GS9GPXB3, B0GVFCBM62, B0GVJ216RD, B0GTQZT3PN, B0GLWV85XN, B0GS98WLBQ, B0GT955FP7, B0GVJ5VXSK, B0GSFK8P6F, B0GSRMH2W1, B0GWMWDZJB, B0GT4WM163, B0GT8T86GQ, B0GQSKDBJC, B0GTQ5WFKW, B0GVHTRSH4, B0GVJBGDFP, B0GSFCK2H4, B0GVJ9GKTW, B0GVHQKVX6, B0GVFQRXLN, B0GS9JMQJS, B0GS937PYD, B0GTMBCLLM, B0GVY99LHL, B0GT8XJPTG, B0GT8SG67P, B0GQSW5X4Q, B0GVHZGZTB, B0GTPXPYZD, B0GT8X55S3, B0GVJ6W958, B0GTQ4KK52, B0GTQ18WZM, B0GVJ5RC1Y, B0GT8SRK1F, B0GS9JWL8K, B0GVHXHPSP, B0GS99NQQD, B0GSRC1W93, B0GSFBH4CJ, B0GT948YXC, B0GVJ1R7LQ, B0GTQ1ZZY6, B0GVJ2MPQD, B0GVY2BDXL, B0GT8X6VMY, B0GVHW4TPN, B0GVJ92VL3, B0GSRD9KP7, B0GVHZ2JPH, B0GR3WQSN9, B0GS9JXNWJ, B0GS9JZYFQ, B0GVHXQ5B1, B0GQSD1RBY, B0GT4TBRR9, B0GVHT37R8, B0GX9S95KR, B0GVJ1C7YV, B0GVJ2NV8Z, B0GQSSJBY9, B0GT8X6VNM, B0GWPBYR5R, B0GS9C5ZW6, B0GVJ1GK35, B0GVJ8CFW6, B0GLFSZ2Z2, B0GX9X5998, B0GTQ4LGH9, B0GTQ1ZZYG, B0GR3NCG6Z, B0GVJ45K45, B0GT92YDBG, B0GVJ1KJF6, B0GVJ985YZ, B0GT8QQC8F, B0GTPWY3P7, B0GWPRPD8G, B0GVHXDFPD, B0GSFBG1D9, B0GVJ5NQWY, B0GSRBQBHH, B0GVF21NWB, B0GT8XCJ63, B0GVHTXWDJ, B0GTPZYL1X, B0GTPZYL22, B0GTPZYL23, B0GVJ59CYL, B0GWMQLZ93, B0GT8ZDX5J, B0GSF5VM45, B0GVJ6XLSS, B0GQSRP84H, B0GVJ7FLM1, B0GLFYSY9J, B0GQSTXQ4M, B0GVFB1LY1, B0GVJ2QXMN, B0GSRNK9CH, B0GWMGF4L6, B0GS9MK232, B0GWPN3XM7, B0GS99HW1Y, B0GVJ2MH8Y, B0GVHYQZ3B, B0GLWRKGYB, B0GS8ZSCMZ, B0GT8X82DQ, B0GLXGCZM8, B0GQSHN9F3, B0GQSR9GTJ, B0GT8VB9PF, B0GVY1W9D2, B0GVJ1YWT1, B0GT8V46TB, B0GQSVXYHQ, B0GVJ5SGSK, B0GLX8SH73, B0GS97S8KK, B0GVFD3K7Q, B0GQSQYK7V, B0GT8W455F, B0GVJ79PZ3, B0GS96SQYF, B0GVJ3SL3W, B0GTQ1KB1W, B0GTMGHJ34, B0GTPZVLXF, B0GT8RBJ2T, B0GS9K71HY, B0GTM6STZK, B0GT95NQSZ, B0GVHTDS8T, B0GVJ9G5PV, B0GVFNQYNJ, B0GVHQWSW5, B0GVJ5X15W, B0GLWVW8VJ, B0GVY2FLVW, B0GT8WWP5R, B0GVJ3X2PH, B0GS93LSHR, B0GTPWH8SF, B0GSF7C2DV, B0GVJ8C23N, B0GT93F93T, B0GS9BMTK9, B0GVJ74Y78, B0GQT8S9FN, B0GTLKS5TK, B0GS9711FB, B0GQT8S9FM, B0GVHZ47MR, B0GT8VC3SG, B0H2GWDGG1, B0GVJ74Y76, B0GVJ74Y71, B0GLFT5HKZ, B0GLX5L4D5, B0GS98QTPR, B0GVHTK3JC, B0GVF52J6R, B0GVJ2QXLZ, B0GWMMV68S, B0GVF124FF, B0GVY59R34, B0GVJ2QXLV, B0GLFT2W5D, B0GT8ZGT7T, B0GVJ3X2NK, B0GVXW4R2G, B0GT8SRFB6, B0GVY4L2Y5, B0GVHXFFM3, B0GVF7C8JZ, B0GS9BL1FX, B0GTPZF39M, B0GSF7BK6J, B0GLFTNZFC, B0GSDZN1HP, B0GTR312QP, B0GT8TJZF8, B0GT8ZR1QW, B0GT8Z5HVW, B0GQ36MZTG, B0GSF5TZ64, B0GS99TJXB, B0GVJ7BLRL, B0GLG2MNGV, B0GSRGC9PR, B0GTQ6PSJV, B0GT8PGB8J, B0GVHXFFL8, B0GLX5KDDH, B0GVJ6BNQD, B0GT4S28TB, B0GVJ9QF9N, B0GVYB784P, B0GTQ9P8DC, B0GVJ3WT14, B0GVHX1KZB, B0GS965WF4, B0GT8W2VRT, B0GWPKCVSS, B0GS9611FT, B0GQSW8ZSV, B0GVJ9KK4M, B0GT91RLJV, B0GS9611FZ, B0GTQ5KQ2B, B0GVJ59VVS, B0GVJ9QF8W, B0GTQ5KQ2C, B0GT8TQMXM, B0GVHNSMW6, B0GVY4L9K2, B0GLWW7BH8, B0GX9RW14P, B0GXYR59WM, B0GSFC4QXT, B0GS9D4QRK, B0GS9CGNPD, B0GVJ69359, B0GVYB9K44, B0GT91RPQS, B0GTQ5WQPJ, B0GT4SKHKF, B0GVJ9MFHB, B0GVFTXXT2, B0GT92QMQP, B0GVJ7MLKD, B0GQSLZKKQ, B0GS9DR14V, B0GS93Z4HW, B0GVJ1CK45, B0GVHX5BZX, B0GVJ172FL, B0GS96TLSM, B0GSFDYDWR, B0GVF4RX3Q, B0GVHSSTSY, B0GT8ZHB5C, B0GT8ZHB5D, B0GLFN1Q2N, B0GTQCQ8C2, B0GS9MGKLF, B0GVHQ6XKQ, B0GVJ9MFGG, B0GLFWH578, B0GT8VZ34J, B0GT91BKVX, B0GTQ5CBP5, B0GWPPD6BY, B0GSFMZ66J, B0GVHWWVZF, B0GQSGPTJB, B0GWMLL6VK, B0GT8ZRMMR, B0GVJ6PHXW, B0GXYRNKMS, B0GT8ZTMGF, B0GVJ1CK39, B0GSFKTGBR, B0GQSVVX5B, B0GXYR79NZ, B0GS95QGQ4, B0GQS8MVC1, B0GS9GTLCT, B0GRB2CGQ9, B0GQSV8V3D, B0GT92KQYG, B0GT8Z59RL, B0GQSVY5QK, B0GVF7HL8H, B0GQSFM8TY, B0GVHZ56QL, B0GQSP6Q4D, B0GT92MR4Z, B0GVJ3ZJQS, B0GR4QS7QP, B0GWMT8GGV, B0GVJ5VC7T, B0GS9F9ZKY, B0GT917R1T, B0GT93SBFZ, B0GTLCH12X, B0GVJ9Q3ZD, B0GT93PTSV, B0GQSNWGWB, B0GLWWLLJ6, B0GVF8ZB5K, B0GVJ9L81L, B0GVJ9P17V, B0GT8X6KKR, B0GT8THBRH, B0GQSJ8R78, B0GVJ2FLJN, B0GTQFS8WC, B0GVJ4QM5X, B0GVJ2NMTT, B0GT8YQPHN, B0GT8VMF53, B0GT8VZ8SP, B0GTQ4HQYK, B0GWPCTKJW, B0GT8WM4S8, B0GSF8NB1R, B0GR3C9V22, B0GVF9ZJFF, B0GWMM5Y6T, B0GQSNJ13C, B0GVFDNFT4, B0GT95LZ5S, B0GVJ7RGWL, B0GXZ1DVDW, B0GTLG5P6S, B0GVHSXYSF, B0GWPKYG7M, B0GS931XMX, B0GVJ45V8T, B0GT8ZXLMB, B0GTPY893X, B0GT92RVJR, B0GSDWV7YT, B0GVJ3ZJQ7, B0GVJ8F49X, B0GT8R2X1T, B0GT8RSM9R, B0GT8SM4FB, B0GVJ9N7MW, B0GTPYP8PW, B0GT8YVK3D, B0GTQ26FMW, B0GT91WVWM, B0GWMQ1G3C, B0GVF7K7JS, B0GQSHWT1G, B0GVY53ZRR, B0GS9DJ1CL, B0GTQ267P4, B0GVJ4HB7J, B0GVJ6S5DN, B0GSRS3WLC, B0GTQ2CJPF, B0GTQ9C4J4, B0GS9BLF3Y, B0GY8RQR23, B0GLG6GHRJ, B0GS96HBKJ, B0GWMG6TKG, B0GVHRDWGN, B0GS99C3K8, B0GVYC36HL, B0GS9BYJ5V, B0GTPY49FY, B0GVHS33X9, B0GVJ2NMTK, B0GLXFXG8G, B0GS9CLCRM, B0GWMN7TM6, B0GSFF4LQC, B0GTQ5V9LQ, B0GWMNJWZS, B0GVJ21DXC, B0GVJ6ZYVD, B0GVHZPJGT, B0GT8X6KLP, B0GT8XPMCG, B0GVHS82GK, B0GVY8G2QD, B0GTQCX742, B0GTQ7B3CV, B0GVFCHC73, B0GVJ5CGQK, B0GVHXPCSS, B0GS96R6XQ, B0GT9BTJ25, B0GX9QBSZ6, B0GS97Z8FQ, B0H1V1VZHF, B0GT91CJ8J, B0GXB2RVJQ, B0GVJ9PM4N, B0GVHW47QN, B0GS9D2WYD, B0GT91PVWZ, B0GVJK5TTM, B0GTLCBG7J, B0GT8WNZ47, B0GS98X73Q, B0GVFCXJ27, B0GT963PGD, B0GT92N7DG, B0GS9FR73X, B0GVJ6VV8T, B0GVHTNTPF, B0GLWVM284, B0GVDZWP4J, B0GTQ39GGX, B0GXB2JQ5C, B0GT8WW62X, B0GQSHMW1K, B0GTPYL4XZ, B0GVJ8DKSK, B0GVF51181, B0GTQB7JCZ, B0GS9F3TJ3, B0GS991K3X, B0GVY5BJZV, B0GVJ7S3SN, B0GT97KGRV, B0H2GMVN45, B0GS995NNL, B0GWMKZFR2, B0GTQ64TNK, B0H2GQLG4W, B0GT4Y5VK7, B0GT8YQVLX, B0GQSM53ZG, B0GS9DQ9T8, B0GTPYBKDT, B0GVHW47RV, B0GVHTHLTT, B0GVHVGJ7Q, B0GX9QMZL8, B0GTQBQH1W, B0GVFBBN4W, B0GSF6Z9XQ, B0GQ3JWNT1, B0GX9QJSG1, B0GLWJ465R, B0GSFFMK8Z, B0GVXSNN8D, B0GVJ9J24L, B0GSF9B4FM, B0GTPZ86Z9, B0GTPZ86ZC, B0GTQ4TTRX, B0GX9QRGWQ, B0GVJ4R3V3, B0GSF6Z9XD, B0GVY4MDFY, B0GT8SJM84, B0GSRSLKKZ, B0GT8WNDHQ, B0GVY49WHQ, B0GSF3JRN9, B0GVJ7NWL5, B0GTQ4J7VR, B0GTQ5RSQC, B0GR4T5B7S, B0GLFR4QF7, B0GS9DXT75, B0GLFQSFPW, B0GVHX1CZB, B0GVY87BTN, B0GVJ6VG7G, B0GLFSPLLT, B0GS94KTF1, B0GVHXJG6W, B0GTQG77PP, B0GR3LX7PF, B0GVHX45VQ, B0GLFVTQ7H, B0GVFJ3RB7, B0GVHZD6KG, B0GVF53B7T, B0GQSQTD17, B0GVJ59NV7, B0GVJ9NQK4, B0GVJ1KFC1, B0GY94QV12, B0GWPSGD18, B0GVJ1RBF5, B0GQSFYB9F, B0GVHY8X17, B0GXZ3LQPL, B0GT8Y4ZMB, B0GVY29JKP, B0GVHWYLPG, B0GT195GVV, B0GVY1SPF9, B0GVHSHYNF, B0GQSQVW29, B0GVJ3ZTXN, B0GWMQMF3G, B0GVJ3D13Z, B0GSFJR99K, B0GQSP8ZQQ, B0GVJ4T2HB, B0GS9BMJNZ, B0GS94KK8P, B0GVJ1FJSQ, B0GT93YY2M, B0GT93YXQJ, B0GVHQ7W46, B0GVJ5461T, B0GSDZJF85, B0GVJ5FDZH, B0GT8XBL8Q, B0GT945R3D, B0GS9CZ9JJ, B0GTPWS5CT, B0GVHYR9LS, B0GVHYPZ39, B0GS995L1T, B0GS94DQ9H, B0GT93VQKL, B0GTQ47MTC, B0GS9CJCM1, B0GVF8XNCT, B0GLX8H219, B0GT13Q29H, B0GVJ1LQ15, B0GT8YPYKC, B0GTQCS4QW, B0GVHTM1Y3, B0GWMP1FX3, B0GVF3QK91, B0GS9J5CHV, B0GTPZ6M58, B0GWML8HZC, B0GVY2BQ1H, B0GS9LW5QT, B0GS9CBYNY, B0GTPZ14S3, B0GTPZ1TQQ, B0GVJ1D3NN, B0GT4WLJLY, B0GY9BTQ5N, B0GVXXLJH1, B0GSFG1YDZ, B0GVFCQ1M4, B0GX9S6V62, B0GLFN1XCY, B0GVJ52G62, B0GVJ3LQ3Q, B0GS9DH7DT, B0GVJ447LN, B0GTQ4DMJT, B0GVF6RS8R, B0GT8X2P3B, B0GVJ5CNRL, B0GS9B64C3, B0GT8YRYJX, B0GQSVCQ4M, B0GVJ9KN2P, B0GT8SPTMN, B0GVJ13R7J, B0GSF9LK89, B0GS98PF4J, B0GVJ4QG6Q, B0GX9TJKMT, B0GVJ9PF5R, B0GVFHXDXP, B0GVHTLLR5, B0GQSQZWPN, B0GVJ5LNVX, B0GVJ76G1S, B0GVJ9F5RL, B0GVYG1JXS, B0GWPL1Q9F, B0GVJ9PF57, B0GTLK8T4S, B0GQSLXCZ4, B0GVJ9F5QZ, B0GT93MYR8, B0GVJ5MKLJ, B0GLG39BT2, B0GT8WKF33, B0GT8PJ6LD, B0GQ2WKBM6, B0GTPZC9JW, B0GWMQ3STM, B0GS9C9PTQ, B0GVJ5MKLW, B0GVHNGVPK, B0GVJ5RRKT, B0GT8RLJ62, B0GQSHS8V9, B0GWMMNSV9, B0GT95FDQD, B0GS9FZSRP, B0GT8YK324, B0GQSK4RR6, B0GVJ1W78D, B0GQSGKYLP, B0GT4VY14B, B0GVYB14XV, B0GLXFGLD4, B0GLG24LS2, B0GWMJJ3VW, B0GS9CHVRX, B0GS9BY47Z, B0H2GT31QN, B0GQSQSFB4, B0GSF52BHZ, B0GLWVSBFX, B0GLFYV8R7, B0GT92R5VQ, B0GS93VJY9, B0GQSRBDZ8, B0GQSP88VS, B0GS95N98N, B0GWMQKWJW, B0GLGB4GY7, B0GVFBD85R, B0GVHWBNDQ, B0GY8ZT34L, B0GWMT348Z, B0GSFG4DKK, B0GTQ965FM, B0GVFD1NCC, B0GVF9YBDY, B0GS9DX3BD, B0GTPY596N, B0GVHWBNFM, B0GVJ9R75W, B0GLWQZV13, B0GLWZTNKM, B0GTLZWKGM, B0GLX22K2S, B0GTQ83J3L, B0GLG78YP2, B0GWMT99RV, B0GT8X1RQ4, B0GX9PT32N, B0GVJ5M8C4, B0GQSL2B7Q, B0GT8Z113T, B0GVF6PRSH, B0GSRD1HYM, B0GVF5QQJ6, B0GSF7WX1Y, B0GWMPNKCP, B0GSF3LNNR, B0GTQ7BP21, B0GLFVR2TG, B0GTQ157Z3, B0GSFB3ZFD, B0GTPZH5XS, B0GS9MD6H7, B0GS96FJXF, B0H2GVJZXD, B0GS9G49H3, B0GS98H5N4, B0GS93DWL2, B0GS99M8HG, B0GLG7LWMV, B0GVFJ45TG, B0GS995VL6, B0GTL7492R, B0GSF2CCRB, B0GVJ9R77G, B0GT93Y2JZ, B0GTLXNYXZ, B0GT8WXP6D, B0GWMBLGRK, B0GVJ4659W, B0GWMRR1KQ, B0GLFTMKHP, B0GWMMDH37, B0GVJ43MSJ, B0GS9J132V, B0GXYZJY1N, B0GT8PKYWY, B0GVHZHY35, B0GS9FY6PP, B0GS96LPT5, B0GLFWDN54, B0GT94RXGW, B0GS98K2FD, B0GVDVC26L, B0GS9J2G8D, B0GVHV2KP4, B0GTMFHWNX, B0GS99JYXZ, B0GLG2Q5DT, B0GQSL6TM4, B0GT4MG8CN, B0GTLGJ1YL, B0GTQGDFRT, B0GT8WCPSY, B0GQSHJL1T, B0GVHVKS4Q, B0GTM3SHN8, B0GVFBGN5P, B0GTQLW3GG, B0GTM994KM, B0GTPYR9BH, B0GT8SVSSH, B0GVJ9HV5Y, B0GVJ965JS, B0GQSNNGPH, B0GQ39VR7H, B0GVJ1MFM6, B0GQSLT87Z, B0GVFYQ66X, B0GLG2W551, B0GVJ9JJY3, B0GVHX2TF8, B0GS98DP28, B0GLFSVGBR, B0GLFPXWQJ, B0GVJ4659B, B0GVJ3MX63, B0GVJ3L6W5, B0GVHX8BRT, B0GS9BHTS1, B0GLWJ5HK1, B0GT8RS177, B0GT8Q215Q, B0GS98XN3R, B0GVHQQ7YB, B0GT97GGTX, B0GVJ1MFLN, B0GT95B45P, B0GS9K353R, B0GX9YFDCX, B0GT936F6K, B0GQSWTCVD, B0GT93N4KV, B0GT8X96CC]",amzn1.campaign.HDOWYJJX91VG,Top Home Decor | Erosebridal 100K+ Styles | 15% Commission 40,Erosebridal,2026-09-04,2027-09-04,15.00%,10000.0,9988.0,128,800,false
"[B0DWDKKR4T, B0DWF3XL65]",amzn1.campaign.QQC61M1T1L34,Great Deal! Swivel Outdoor Bar Stools Ergonomic Design 🛋️ -ZH-WKS,Cozyman,2026-09-07,2026-10-28,10.00%,5000.0,5000.0,149,800,false
"[B0GQS3N6FG, B0GQS2GRTS, B0GQS5FS87, B0GQSJYD6L, B0GQRSTN49]",amzn1.campaign.KGV3RBFXZY3V,红色破洞牛仔裤+9.2,Arkordi,2026-09-04,2027-01-28,15.00%,5000.0,5000.0,160,800,false
"[B0H718SCTH, B0H713NRTS, B0H71GMV13, B0H713NVNQ, B0H6ZVTV77, B0H71BB9Z6]",amzn1.campaign.2BWI6SPUD5P9B,Gold Cable Seashell Coastal Cuff Bracelet for Women Jewelry Promotion,CNYTPE,2026-09-04,2026-10-20,20.00%,5000.0,4996.6,113,800,false
"[B0G52F5WMP, B0G52HHY8X]",amzn1.campaign.VKLHOHHCLU1J,🔥🔥🔥Seal the Deal on Effortless Tortillas🌯-15% Commission🔥🔥🔥,Aopigavi,2026-09-04,2027-01-01,15.00%,10000.0,9998.5,134,800,false
"[B0GLX68JWC, B0GLX1PKXT, B0GLX1TXXL, B0GLXMM7J5, B0GLXJ64XJ, B0GLXBFPZN, B0GLX968P7, B0GLXFXQH2]",amzn1.campaign.1POTGOZ7BG45X,Vintage Wolf Tin Sign Round Metal Wall Art Decor for Rustic Farmhouse Yard,PlikPlakey,2026-09-04,2026-11-17,10.00%,5000.0,5000.0,129,800,false
"[B0H4TJPNGG, B0H4TGVRPM, B0H4TLYVSS, B0H4T9Q8TM, B0H4TM2RMG, B0H4TSMWGP, B0H4T6J8X6, B0H4TMLP29, B0H4TQ7JDG, B0H4TQ7JDK, B0H4TJNZKK, B0H4TGV7KY, B0H4TRQFYM, B0H4T9NM4Q, B0H4TKPQQ9, B0H4TH75VQ, B0H4TLYRTS, B0H4TPSW7B, B0H4TFY3Z3, B0H4TDYN8J, B0H4TGMWCX, B0H4TGPKL1, B0H4TYY5G9, B0H4T6RL3D, B0H4T644B7, B0H4THTPGC, B0H4T9HL64, B0H4TG1BSD, B0H4T1D9NZ, B0H4TH67ZG]",amzn1.campaign.3OIJX55J0ETDB,20% Commission On BTFBM Women Business Casual Blazers BT908,BTFBM,2026-09-04,2026-10-10,20.00%,5000.0,2008.63,44,800,false
"[B0B4S9LG4H, B0CMWQG6ZN, B0BXL5J8V9, B0B24L214D, B0B3XGHXFS, B09SKS9DL5, B091YJKL38, B0BLGSWW2K, B0C2BVPNJ5, B0CHJBBYM4, B09W4CB9PC, B0BN34ZRJG, B0BW954853, B0F43JJZCN, B0D8T46WRR, B0CHJB8C6K, B0CMXGN4NW, B091JYYBBR, B0B55Y7KD9, B0D8SRWT1N, B0B2R4RRKJ, B0CMWRQGXF, B09VWR3WVB, B0F6MMX6ZV, B0CMWPMSFH, B0D8SSVSV8, B0BZTQVKC2, B0C3VLJH54, B09BKWV9NC, B0BLGGR5X3, B0CHJ81X6J, B0BW95B8G5]",amzn1.campaign.7SPET4EL0OEO,10.23% commission,BIKCZEWIN,2026-09-04,2026-10-04,10.23%,5000.0,4994.96,138,800,false
[B0H1LQTFXB],amzn1.campaign.3SMHXQL3GDVMP,JoyParcel Inflatable Halloween Promotion Opportunity  - Creator Invite,JoyParcel,2026-09-04,2026-12-31,10.00%,5000.0,5000.0,136,800,false
[B0F7LJVF3Q],amzn1.campaign.1DFH46GAO83F6,Megneta | Vaginal Moisturizer Capsules+BH-02,MEGNETA,2026-09-04,2027-09-04,10.00%,8888.0,8874.14,126,800,false
"[B0H8X6Z37H, B0H8WML7F5, B0H8X7MLT8, B0GVJ7HH2V, B0GFDZRMTS, B0GQ3H274Y, B0H8WZB21M, B0GVJ5XRPG, B0GFF4FPFL, B0H8X7MLTK, B0GWPLQ1JD, B0GC6C7YV4, B0GQ3NVZJH, B0GTM5S4B7, B0H8WMP56J, B0GFDXH343, B0GQ3BGTW6, B0H8XC8ST1, B0GQ36VNGK, B0GRGT4R47, B0H8X9K66C, B0GLFT4WDN, B0GVJ2BXN9, B0H8X2C9TQ, B0GWPLQX81, B0GRGP93W2, B0GVJ7ZCWC, B0GR5XZGBN, B0H8WN6NYY, B0H9K4W2PL, B0GLFY2P69, B0GLFZD97Y, B0H8WP7L7P, B0GC79L3JL, B0H8XG9WMT, B0GLFY2P6F, B0GVJ3K75S, B0GVJ441SF, B0H8XKHYT1, B0H8WML7DP, B0H8XKBT99, B0H8WML7DT, B0GC68GXRH, B0GQ3G9RTB, B0GLFZ8FVZ, B0GLFSWCSY, B0GK6LDSVP, B0GFDVCMQH, B0GR5XCLP5, B0H8WZF61V, B0H8WHQ2ZZ, B0H9KBJLL8, B0H8WFM2X6, B0GTV9VDYC, B0GWPKZ87Y, B0H8X8VK9L, B0GFF6QCVH, B0GXYVTGVH, B0H8X3WMBF, B0GFDXF5BY, B0H8X533BS, B0GC7K2XJB, B0H8X23HFB, B0GVJ3NWJS, B0H8X8S2NZ, B0GTVMN7LB, B0GTZCCNXY, B0H9K5H7QQ, B0H9KG45Y5, B0GQ3F7Q58, B0GQ36KB47, B0GRGNW6XT, B0GLG6H9R8, B0H8WSK37J, B0GFDSM97G, B0GT4Y4XN7, B0H8WMTW26, B0GC74989Q, B0GVHWZD65, B0H8XYN78B, B0GTMC7F19, B0H8X1XPC5, B0GC6F38J7, B0GTVHD3L4, B0GVJ5KCTP, B0GC5W1ZRF, B0GTV9R6CJ, B0GLG66YBJ, B0H8XYQBHB, B0H8XTDNTC, B0GVJ4RNNT, B0GC5VNTLV, B0GQ33WZ5Y, B0H8WHVFW5, B0H8X2TCVB, B0GFDT5121, B0GRGFZY9X, B0GQ3B27TN, B0GVJ2ZMML, B0GRGGL8FS, B0GQ9CF24D, B0H8WVJMYN, B0GC6DLW5Y, B0H8WXQ2W7, B0GXZ3CCGC, B0GC5KVXX4, B0GTMB4WW2, B0GLFYJZH4, B0GVHWP42P, B0GQ38KM2J, B0GLG6RTFD, B0GC7567GS, B0GVJ67PJ7, B0GFDRJN1D, B0H9K1CZGJ, B0GFDYQPQH, B0GVJ1F87Q, B0GV46JGQR, B0GC6CVM96, B0GFDTG7VQ, B0GQ3RBXJ7, B0GFFBL7YJ, B0GFDVBNLV, B0GTLXHGQM, B0GLGC9ZDJ, B0H8X7PKS9, B0GFDVBNLG, B0H8WHMHXH, B0GTM6X2K9, B0H8XPKPZN, B0H8X28662, B0GLFVX1P7, B0GTLZKYXZ, B0H9K74Q92, B0GFDRPHRH, B0GVJ1SQDZ, B0GQ39GSQL, B0GQ39GSQM, B0GFDSRDJ2, B0H8WZ4YNM, B0H8WZ4YNN, B0GTZGL1WJ, B0GTVDDNGW, B0GFF3Q2RN, B0GQ3K4W1R, B0GTVFVSL2, B0H8WNQC8Z, B0GFFGDWGW, B0GVJ4SFYN, B0GVJ4SFYM, B0GVJ3G6ZB, B0H8WRDB42, B0H8WR9S67, B0GTVTRL7N, B0GQ3K1ZF6, B0H8WXRMTH, B0GVJ53PLW, B0H8XGBJKB, B0GTM5PYQ9, B0GV486XZN, B0GVHW57SD, B0H8WY6S6S, B0GFF1FGTF, B0GLG6V447, B0GVJ1DFVB, B0H8WNYFLL, B0H8XDRFGM, B0GQ3F96S9, B0GFDYSPP2, B0GVJ7CX4T, B0GR67K741, B0GQ3F3FD4, B0GFDY6CJ7, B0GLFM2L3R, B0GC6R5MPB, B0GTM2YM27, B0GTM263FS, B0H8WSJGJC, B0GTVQD3D6, B0GLFWHK2M, B0GVJ4S5V8, B0GQ3MLGY8, B0GC5WQ7Z7, B0GQ3LPGHS, B0H8X1JR8G, B0GTM2L1BH, B0GC5WT2D2, B0GFF2295H, B0GQ3CVY99, B0GFF24CCY, B0GFDND1WK, B0GTVR6F7W, B0GQ3G7CWT, B0H8WFDY2Z, B0H8WQSZN7, B0GFF68MYG, B0GQ3KJ98H, B0GVJ9KT8L, B0GLFY5NVL, B0GVHSR7MT, B0GVJ39MMY, B0GLFVTMP1, B0GTM57NF9, B0GC6LQT6H, B0H8XMXW8T, B0GFDY8RCF, B0GLFYZCTC, B0H8XKRMPQ, B0GLFYZPMJ, B0GFDXHD36, B0H8X5GT1G, B0GVJ66SLD, B0GFF3TQB3, B0GTM3QR98, B0H8WP617S, B0GTM2V7BZ, B0GLFZ2W6D, B0H8XN2KWR, B0GT54VVY3, B0GFDY6GF8, B0GQ3JYV71, B0GC77D8Q5, B0GRGBFKRR, B0H8X9FCQ4, B0GFDRTZV1, B0GFDSXKP1, B0GC7GKCZG, B0H8WSRLG9, B0H8XSW4SN, B0GQ3DLFC2, B0GC77P7JL, B0GVHQ6GX7, B0GFDV8YY2, B0H8WVZPF6, B0H8X9718N, B0H8WX6ZLN, B0GLGB6NVY, B0GQ3Q8TVK, B0GQ373W7L, B0GQ3B73RF, B0GFDPH3D8, B0H9K11VNJ, B0GC5WTFWL, B0GVJ1T7FF, B0GQ373W81, B0GLFT4F5N, B0GC6RZT42, B0GC7LDZ2Q, B0H8WHQPDG, B0H8X7FXNR, B0GTVCV434, B0GVHQM2MZ, B0GFF3XLX2, B0GVJ4ZNLL, B0H8X1SWJC, B0GTVF6184, B0H8X5CZ55, B0GC71DWV7, B0H8X7FXP7, B0GLFSSCJW, B0GVJ5NBZD, B0GTMFDGTC, B0H8WWC41R, B0H8WWC41S, B0H8WTT313, B0GVJ1JT6N, B0GQBD9D5W, B0GFDRGTK8, B0GLFGYW2F, B0GLFWD834, B0GFDQK8D4, B0GTVH14V5, B0GTVCZYVP, B0H8WKZPXG, B0H8WZ75D5, B0GLFZBDG6, B0GQ33FWR1, B0GQ3FS3X5, B0GVJ5NBZ3, B0H8XFL69R, B0GFDYC1X5, B0H8XCPFFP, B0GK98XFWG, B0GRGCYK7K, B0GFDZ5YSV, B0H8WW54ZC, B0H8WS7ZR4, B0GR61K4QM, B0GFDV649B, B0GRG223Q1, B0H8WTYJQL, B0GTMG3JSC, B0GC5J5ZHG, B0GQ3MFNNW, B0GVJ1YWRZ, B0GFDZXJNF, B0H8XM84LT, B0H9KG4LSY, B0GFF5FM27, B0GFDZ7HMJ, B0GVJ5QGXL, B0GTVRLP1S, B0GVJ5CKJ4, B0GVJ1CG3H, B0GFDXV9LS, B0GLG2PHPX, B0H8XJDHBL, B0GC7JB38T, B0GLGCRWCN, B0GQ3KRFHR, B0GK96HCJ9, B0GC5X2FJ1, B0GC6SHC56, B0GC5L156L, B0GVJ3L3VG, B0GLFWPTBH, B0GFDSMGPN, B0H8WTT2ZR, B0GVJ77K2J, B0H9JVVPFC, B0GLFC692G, B0GT4YN99N, B0GVJ4QCKD, B0H8WTY7V6, B0GVJ1QXF3, B0GQ3Q7G4L, B0GTVF7BPZ, B0GTM3PQDH, B0GLGFMNLD, B0H8WSL3PK, B0GC6PTVJ6, B0GVJ3LT45, B0GTM97JYL, B0GLFH1P5Y, B0GVHXHYKX, B0GQ3LM34Z, B0GK9G4VRW, B0GFF55N47, B0H9K7RYF2, B0GLFS7RYK, B0GQ3DGS1D, B0GFDSLJVD, B0H8WMW4VW, B0GLFH676W, B0GVJ2QXL8, B0GQ3DM4BB, B0H8XC16V4, B0GTVH8JKG, B0H9KJD2FS, B0GRG7DNDN, B0GTLXV7VY, B0GQ3FXKN1, B0H8WMW4VT, B0GTZHJ58S, B0GTM3VHDP, B0GVJ97NWK, B0H8X2DKK5, B0GVJ3V2QV, B0H8X2DKJX, B0GTVH84Y3, B0GLFW5V2L, B0GQ3GL7Q4, B0GQ3GL7Q9, B0GC7K55D9, B0GLFN1Q4Q, B0H9K2D642, B0GC72VGNW, B0H9K7JFRM, B0GC78FW1D, B0H8XM3MFK, B0GFF4VFXD, B0H8WYT1J9, B0H8X6QJ1D, B0GC6FCKGJ, B0GLFVK9RB, B0GC6DHL73, B0GLFH99V3, B0GFFG612S, B0GT4L8LPK, B0H9K9558J, B0H8X91V3X, B0GVJ5PG3G, B0H9KC7SS9, B0H9K45KRK, B0GT4Y5KH6, B0H9K44YQ4, B0GFDSGVY7, B0H8X2JSKP, B0GVJ9PSZD, B0H8X7K2YZ, B0GFDWWDSP, B0GVJ28BF7, B0GFF49BHF, B0H8X6QTH4, B0GTVG2YS1, B0H8XC4WR6, B0GVJ94RJK, B0GVJ59VV6, B0H8XM4XW6, B0H8WNLL37, B0GTVLDM43, B0H8X7FMJK, B0GC6D67YY, B0H8X2WW5C, B0GVJ2XFJG, B0GQ33RSR5, B0GFDRP8M6, B0GFF4D68T, B0GK6GK8T3, B0GQ376JC4, B0GC6DGQ8Z, B0GLFVMLPG, B0GC66XXYN, B0GVJ56NKP, B0H8XCD42D, B0GRGCD179, B0GLFSW5VL, B0GK6BCJ9Q, B0GVHTLPF8, B0GFF179Y8, B0GLFMR8QF, B0H8X46HBZ, B0H8X47QRC, B0GQ3KH8CR, B0GVHTL6S9, B0H9K9K5RB, B0H8WHMTGL, B0GQ3JNJNR, B0GQ32QW53, B0GQ9CNSZB, B0H8WHMTGR, B0H8XFPJJY, B0H8WX19H7, B0GLFW9NQQ, B0GLFYL4SC, B0GLG6RFND, B0GLFSK37T, B0GLFTZGTX, B0GC5XDF9M, B0GT4WZHP5, B0GC6F8T88, B0GRG9J17Q, B0H8WSBMKY, B0GQ36CH58, B0H8WXBH1Y, B0GVJ1TX5M, B0GQ3MBRMN, B0GLG619XF, B0H9K2GWB4, B0H9K7V5L6, B0GVHSXYQX, B0GFF13T6P, B0GTVKMNVX, B0H8WW4G76, B0GQ3JV71P, B0H8WNKYNQ, B0GQ3G78H3, B0GTVL4GSY, B0H9K6XNSP, B0H8XKH2CL, B0H9KG42QV, B0GQ3K8HVN, B0GK9VDNL4, B0H9JVHKYW, B0GXYWTDVK, B0GVJ2FLH6, B0GVJ5V224, B0GWDB7J6R, B0GTM8VJ73, B0GVJ4HB66, B0H8X9M2F3, B0GLG6RDH6, B0GTMBWCJ6, B0H9K1CWMK, B0GLG61X21, B0H8WZDVNW, B0GVJ5X5QZ, B0GC5WMS3Q, B0GQ3G5CCY, B0H8X5BQPM, B0H8WZ83MH, B0H8WSP4JB, B0GRGPL8CH, B0GC7JSWC8, B0H8WQTMHS, B0GFDVK2FM, B0H8WSP4JK, B0GQ34348P, B0GTZJNRXX, B0GV487CCN, B0GFF1WTQZ, B0GC6QJDWK, B0H8WNKM9J, B0GQ3F2BHG, B0GC6NR4SJ, B0H8WQPKR2, B0H8X4G2BH, B0GQ3N4L3T, B0GRGR4VPD, B0GV43FK3Q, B0H8XDZ464, B0H9KCCKF5, B0H8WLMLM1, B0GC6ZD7NF, B0H8X9MZR2, B0GRGHBMPW, B0GQ3FHX2B, B0H8WS2HMG, B0GVJ47YS9, B0GVJ5H2XF, B0GC6PNLYC, B0H8WRS9SF, B0H8X6PWD7, B0GWDB816S, B0GFDRQWNY, B0GFF44FPJ, B0H8X2FHSP, B0GQ2ZK4SY, B0GVJ9HGBC, B0H8WYD2PM, B0GTM5YMZF, B0H8X2FHSW, B0GLG6LDWQ, B0H8XPD5W1, B0GQ3D86VT, B0GC5X5FRD, B0GTMBKLZJ, B0GQ9916QS, B0H8WXWQQ6, B0GVJ6ZYS6, B0H8WQLB5W, B0GC5KW6RW, B0H8WNCZS5, B0GWD4KD53, B0H8XJ995X, B0GC6JSCL6, B0GWD94TS8, B0H8WNJ99P, B0GLFSTRSM, B0GTZFGTGG, B0H8X77PBT, B0GQ331QDB, B0GVJ7NWJF, B0GFF1YY8J, B0GLG24X42, B0H8WRZV92, B0GC6DMCH1, B0H8X73CY3, B0GTZJ4C3Q, B0GLFTHXCN, B0H9K2Y17S, B0GQ3JXKK7, B0H8X4SZ8Z, B0GTZ9HNTQ, B0GLFVWMHY, B0GTMJRZ1S, B0H8WJ48LJ, B0GLFZCD9L, B0GRGGRXX6, B0GC5SC64B, B0GLFW9NHL, B0GQB9KR4L, B0GTM1PMGC, B0GC7J6TR4, B0GVJ6KQMM, B0GVJ9JC76, B0H8WP86Y3, B0H8X44FHL, B0GQ3FD7SK, B0H8WRR2DC, B0H8WXZZV8, B0GVJ9NQHJ, B0H8X1KP32, B0GTVMP47L, B0GLFMP4LD, B0GFDPFJHS, B0GQ373H3C, B0GC73RJVH, B0GQBHKH2M, B0H8WRR2D6, B0H9K4H1XQ, B0H8WNVFX2, B0GFDV9DX8, B0GT4YRRKW, B0GLG6J3XJ, B0GC717GVL, B0GT4Y8NW6, B0GTLZJ1FX, B0H8X6R4TG, B0GVJ5N8MN, B0GQ395H82, B0GLFS5J7W, B0GQ3FL2SX, B0H8X427SG, B0GK9CZT8C, B0H9JYCGG5, B0GFDWGLCL, B0GXYQJ1S2, B0GVJ7CJ7Y, B0GVJ7CJ7S, B0GTVHPNVX, B0GLG5XCFS, B0GVJ3D12P, B0GQ3PQW1H, B0GK9LHZ9X, B0GC4B3SQP, B0GLG5B948, B0GTLZCFFS, B0H8WZ3DCY, B0GQ3B5DNK, B0GTMCQD6N, B0H8WNBFPM, B0H8WFJTWM, B0H8WHRBC1, B0GTVDSX2G, B0GC6Y7QLV, B0GLFZH3MD, B0GTMCSSMY, B0H8WVPJ6M, B0H8X8XR2W, B0GVJ7B744, B0GFDYH5N9, B0GC62DJVC, B0GVJ4T2GR, B0GTZ8145B, B0GVJ2X1QD, B0GFDVW4RL, B0GVJ4T2GJ, B0GQ3QNMDQ, B0GLG6HSWJ, B0GTMC9295, B0GLG5BL7F, B0GTMC928Y, B0GLFWDNBG, B0GT4VTMYG, B0GC752B27, B0H8X6LD14, B0GVHX1NTZ, B0H8WKT2JY, B0GLFR5KRN, B0GTZM3X1V, B0H8WR6CF1, B0GC6RP21F, B0GVJ5B8N4, B0GQ3G6RJG, B0GTM8G7J5, B0GK9DSMBV, B0H9K9CLG6, B0GC6DFX8M, B0GVHQ7W2K, B0GLFW6C3D, B0GVJ4SK9M, B0GLFPV1X8, B0H8X57X5B, B0GC5KWQT6, B0H9K5VK8T, B0GRG8FKC9, B0GVJ98VYV, B0GC6S5WL6, B0GLFLVLVH, B0GC6S5WKT, B0H8WRGT4Y, B0H8XPFQQQ, B0GFDRB9H2, B0GQ39TBR2, B0H8XJPFB2, B0H8WZN5HM, B0GRGGTMD1, B0H8WRZ7DY, B0H8XRYWLP, B0GFF7DXZF, B0H8XFQQF2, B0GQ39J6Y3, B0H9K1BNKL, B0GVHY8WYY, B0H8WN1K4Q, B0GWPTV643, B0GTMDYCDS, B0H8WN5Q4L, B0GT4T5P61, B0H8WZ5L81, B0GC5NRC57, B0GVJ1XX54, B0H9K9CRMZ, B0H8WWXT2B, B0GTM5QC9R, B0GTVG11L5, B0GTVNJJQD, B0H8WY4FKN, B0GC6BTN7P, B0H8WP6N3L, B0GLFSYPQM, B0GQ3L7L3Y, B0H8WS46RQ, B0GTVPZJTJ, B0GTM7V4WZ, B0H8WW9V2Y, B0GC6DG78Y, B0GRGGL2HH, B0GVHTPF9C, B0H8XPK71B, B0GQ8X4FKK, B0H8WRKM7M, B0GLGTJB67, B0H8WX9V4Q, B0GRGPRQ58, B0GQ39DZ3R, B0GVHQL2TR, B0H9K7S9GL, B0GLFYW5GH, B0GQ3FYGN9, B0GQ39WW4W, B0GLFWMXTY, B0GVHQM5XW, B0GC73HXVM, B0GVJ5MKL5, B0GFF13KYN, B0GK9NLSR4, B0GQ3H7FZ6, B0GLFTLM6J, B0GQ3FSQ46, B0GT4ZX2HN, B0H8WRDM5W, B0GRG89V8S, B0H8XMBJ8P, B0H8XJH85W, B0GRGBMLXD, B0GVJ5MR8C, B0GVJ93H3C, B0GTVKYL8B, B0GTVTHWXV, B0GLFTJHQ5, B0GFDQD7CB, B0GT4GDTMP, B0H9K23RZM, B0GTZ5XGQR, B0H8WST25L, B0GVHV6SP6, B0GLFS45FC, B0GQ3KK3YL, B0GC742PRK, B0GLFVCM6R, B0GLGTBFJT, B0GQ376F1N, B0GQ36TV7L, B0H8WZ7GS2, B0H8WZ8QC9, B0H8X8WPXW, B0H8X8SJY1, B0GLFH67VF, B0GVHZBB7P, B0GLG2JB7F, B0GVJ1BV17, B0GTZ5GWC6, B0H8WSJRW4, B0GC6DQ5Q8, B0GRG97P6K, B0GTZKFPN4, B0GRGL7ZLL, B0GLFBDMJR, B0GTVGNBVM, B0H9K9P953, B0H8XC5LTX, B0H8WRZJS8, B0H8WTWNJG, B0GFDN977H, B0H8XMY9GZ, B0H8XMY9GV, B0GTVRF3QM, B0GTVFBRV2, B0GLFSCD3J, B0H8XFJ551, B0H8X2VBCW, B0GVJ3TP2L, B0GFDVLY72, B0GLG2QYJM, B0GLFZ65SW, B0GQ3G9NTY, B0H8WRZ7F6, B0GC67PHJ2, B0GFDRSTPQ, B0H8WQP8BH, B0GVJ3TP2Y, B0GTVHPX99, B0GLGC79V2, B0H8XJBGC4, B0H8WMX373, B0H8XJBGBW, B0GLGC79VD, B0H8XJBGBZ, B0GFDS53L2, B0GVHX8BR7, B0GVJ3YXQX, B0H8WS4JBH, B0GLFMMWGD, B0GFF18SC3, B0H8WMXF8X, B0H8WYV4HW, B0GRGNYBBC, B0H8WSCKWV, B0GFDX1XQC, B0GTMJ34XL, B0GLG2741G, B0GQ36DWLR, B0GC7K4WM6, B0GK6KG4XY, B0GTVV3JGR, B0H9K9LTS1, B0GC6N9LDY, B0GFF2RQ3R, B0H8XQQL74, B0GC67PHHB, B0GFDXPW13, B0H8WYGW93, B0GVJ9MXKY, B0H8WV6LKR, B0GVJ63RC8, B0GFDPPX74, B0GQBCBKQR, B0GQ3GL4KT]",amzn1.campaign.32I94NGHEW1W6,Top Home Decor | Erosebridal 100K+ Styles | 15% Commission 39,Erosebridal,2026-09-04,2027-09-04,15.00%,10000.0,10000.0,127,800,false
[B0F8C6GP1V],amzn1.campaign.NNS5VEP7T7RQ,10% Commission+Monthly Sales 2000+ Explosive Lightsaber Set Promotion Invitation,TQQALCYS,2026-09-04,2027-09-04,10.00%,88888.0,88888.0,124,800,false
"[B0H79643MX, B0H79M1R93, B0H79BRJ6R, B0H797GQ4C, B0H79HN89J, B0H79KBJMY, B0H795RVVN, B0H79FV8Z1, B0H7929Z9Z, B0H79821YY, B0H79LFD9K, B0H79S1S46, B0H79FB6R9, B0H79HQXP7, B0H79L6XS1, B0H79LXLTV, B0H79FCSHK, B0H79JWN4M, B0H79LJZZN, B0H797BTHF, B0H79GVNHV, B0H7996DWV, B0H79JSCKC, B0H79M1R89, B0H794LLPG, B0H79HDY7L, B0H798FZP6, B0H794JNZJ, B0H794L7D4, B0H79F87NP, B0H79VRSBZ, B0H797MJ2S, B0H79JWN4S, B0H79KHF6C, B0H794LLLX, B0H79C154S, B0H79HPX14, B0H798QL3N, B0H792JYGK, B0H798QL4D, B0H79JZJFC, B0H79W2TGC, B0H79C5MZL, B0H79FB6PJ, B0H7966BBN, B0H792D5R1, B0H797K95R, B0H795ZT79, B0H795ZT6X, B0H79C78CT, B0H79RXXCW, B0H79CJK13, B0H798GFGR, B0H79JWN6S, B0H7B1WYMF, B0H79N961K, B0H79G2P31, B0H798C3NT, B0H79D9SXF, B0H79JWN7D, B0H79BXV9M, B0H79G19K2, B0H794LLM4, B0H79D7KLW, B0H79N6B1H, B0H794FDNV, B0H795YLHT, B0H795MXCR, B0H7973RM3, B0H79CWQ5M, B0H79KHCSW, B0H78ZKYPV, B0H79L5WYD, B0H79JJXSX, B0H79K3SRG, B0H79G117F, B0H79JZ7D5, B0H79BWB5S, B0H79GZVH5, B0H797BXKH, B0H7997CX7, B0H799NSS2, B0H79BPW3G, B0H795XMLY, B0H79LPMTP, B0H793MDT5, B0H79GP9KB, B0H79CDFZY, B0H78ZKM7Q, B0H78ZKM77, B0H79RXXGL, B0H79HXTM3, B0H79BVP4W, B0H7B1S1NN, B0H79GYJPV, B0H79LNKYZ, B0H79H5322, B0H794BTCZ, B0H79FW3DW, B0H79698QT, B0H79HN9TM, B0H79FKCH4, B0H797QQPV, B0H79DHK6B, B0H79Q3Y9D, B0H79JRC5T, B0H79C9SP8, B0H79FFP13, B0H793PS69, B0H79LJ2SZ, B0H7967Y75, B0H79SBH6R, B0H79LS7DX, B0H79HXJ62, B0H79LJD97, B0H79YZFCM, B0H79FBGHR, B0H79LJD9B, B0H79C9SPW, B0H79FLJQ2, B0H79632V6, B0H79C4NX2, B0H79DYNKW, B0H797TXXP, B0H79LKC2Z, B0H79LRN48, B0H79DBSZL, B0H79C5N2Y, B0H79H5F39, B0H798GCZM, B0H799GYJ4, B0H7B1TD4F, B0H79LS7FS, B0H79LDSK7, B0H79885JY, B0H797DVL5, B0H7993LJV, B0H79SBRF6, B0H79G32MJ, B0H79C8TP8, B0H79FY2XV, B0H79RWJZW, B0H79JM7PH, B0H79VR1B7, B0H79K3R5X, B0H79JMLZD, B0H79BP6K7, B0H792JYHW, B0H79H3RQ1, B0H79JQPW1, B0H79CFNZT, B0H79BLPJ4, B0H79LQLVC, B0H798FMRJ, B0H79CCF3C, B0H79J6BP9, B0H79H3RQC, B0H78ZRJVZ, B0H79D9445, B0H7997TR1, B0H794NJH2, B0H7961TZL, B0H79CCF5Y, B0H798ZN8K, B0H79N95ZY, B0H79J71GS, B0H79VR1CK, B0H79643Q1, B0H79FD48Q, B0H79HDKP1, B0H79G8FCS, B0H793ZWZ9, B0H799DZVK, B0H79FKXLH, B0H7968K1F, B0H79BYVQG, B0H79C34BM, B0H79GQV91, B0H79CBG9V, B0H793ZWZF, B0H796CK1K, B0H79J6PHP, B0H79VR1BJ, B0H79KCW2P, B0H798ZZQZ, B0H79821XV, B0H79N5ZMZ, B0H79N6YHX, B0H79452PF, B0H79C4C5W, B0H79DFRCG, B0H7979LDN, B0H79CXTML, B0H79SNRN9, B0H79VTY6P, B0H79J33XY, B0H79KBW73, B0H7968WZ3, B0H79FXRW4, B0H79LS8N7, B0H79LZH7M, B0H79BKF2V, B0H796Y7XK, B0H79Q4LDZ, B0H79NGMCR, B0H78ZS4YJ, B0H79HZQ5V, B0H79HZ175, B0H7941LPR, B0H79DXNDT, B0H7968WY3, B0H798T5MJ, B0H79YVS1Q, B0H79LBS3L, B0H79FLMQP, B0H7961SCK, B0H79FWC9Z, B0H799JY6D, B0H798TJWX, B0H7975Q7V, B0H79VTY99, B0H79FT3CX, B0H794N5JJ, B0H798DPRQ, B0H79JTCZ7, B0H798FCSK, B0H79234T3, B0H78ZWRJQ, B0H79BX96N, B0H7964SZG, B0H79NJ915, B0H79CVF8N, B0H79BZGM2, B0H79Q9HLK, B0H797G3G6, B0H798SVS5, B0H79498P4, B0H793NHLR, B0H79JS1ZM, B0H7961SBX, B0H79NJ91M, B0H79GW8GB, B0H79FPSLZ, B0H795TD89, B0H79NGBQY, B0H79DH29R, B0H79SPGNS, B0H79Q38FF, B0H79G9RS8, B0H799J2MC, B0H79LZ313, B0H79SC4Q7, B0H794FP5Q, B0H795DZSR, B0H79DDRCS, B0H79L6KM3, B0H79FC3V2, B0H79LWVB3, B0H79278K9, B0H79FD2N3, B0H79Q38CY, B0H794BJ31, B0H79S9V21, B0H79CYSFW, B0H79LR9WH, B0H7B1VLJ3, B0H796HGBQ, B0H7967Y8J, B0H79C3RVG, B0H79879QB, B0H79FWSVW, B0H7B1SZNY, B0H79278JL, B0H79S36FM, B0H79K1X2M, B0H79LZ32Z, B0H79432QP, B0H795TPN3, B0H79VSDYC, B0H797T9GL, B0H79FB56B, B0H7B1VLJJ, B0H79DTD63, B0H79VSDYG, B0H79FWST5, B0H79CFP35, B0H78ZXM3C, B0H79C85FF, B0H792MGQC, B0H79D4BR1, B0H793T2XY, B0H79D1NPS, B0H79KFNCH, B0H79NJXYD, B0H79GR5KK, B0H7941JTM, B0H79CTVTQ, B0H79S4HN2, B0H79FBTV8, B0H79C1S76, B0H795MPPK, B0H793T2ZC, B0H79HCZDQ, B0H79GC3TZ, B0H79K7B7Q, B0H7B1V9FK, B0H79S7XCL, B0H79S1TN6, B0H794D4N7, B0H7944QVL, B0H799HZWD, B0H79F1K21, B0H79M4CLZ, B0H79FCSLS, B0H794JP27, B0H79C247Y, B0H79M4CMG, B0H79NKK8Z, B0H78ZWMYQ, B0H79CNSD6, B0H79DDVJB, B0H79FJKJ4, B0H798CR1G, B0H79LZCWD, B0H7979LJ4, B0H795YWXH, B0H79JSRBR, B0H797HZXV, B0H79QCRR7, B0H79G5B76, B0H79LMWGP, B0H796JGGR, B0H798XD9P, B0H79J5BD2, B0H799FPJD, B0H79234V1, B0H799H96N, B0H79PZDM3, B0H794887J, B0H798X2X5, B0H79HP7VB, B0H79HT5DW, B0H79LZRWN, B0H79BP57Z, B0H79DV4L3, B0H796GJVS, B0H79D7TFX, B0H7947NFH, B0H79Q1RFK, B0H79FJKGH, B0H79HZ2N6, B0H79SCPQ3, B0H795VRTD, B0H79CST29, B0H79G6MGX, B0H79JHL9H, B0H79YXD15, B0H79NGZFQ, B0H797FRKQ, B0H79LVK7D, B0H7B1SY2S, B0H79DGS7K, B0H7965FC6, B0H79LZ18C, B0H79SFBM3, B0H79C6JV8, B0H79F1LQQ, B0H7993YXC, B0H79DTD35, B0H7973FKT, B0H797FRJS, B0H79QD1JM, B0H79Q1CFM, B0H797G3JL, B0H799KYPN, B0H79BPJD1, B0H79CPHCC, B0H79HBD6F, B0H79S6WFP, B0H79HNWXV, B0H79CHWXZ, B0H79GBPK6, B0H79CC1WG, B0H79SCGHP, B0H79LB6L1, B0H79J8LL7, B0H79FWF21, B0H79973QY, B0H79HVT8R, B0H79688LQ, B0H79CJ91W, B0H79G4NN7, B0H79M3LH2, B0H7963674, B0H79GY73D, B0H79FXG1N, B0H7987HY1, B0H79CD12M, B0H797XK7X, B0H792FGN1, B0H79J5N69, B0H7964ZZM, B0H78ZWB7Y, B0H79LDQZZ, B0H79BZVZ2, B0H798HNRR, B0H79DXDDC, B0H79GZJTP, B0H7977BDD, B0H79HMQLL, B0H796Z15Y, B0H79CT5MN, B0H79LQXBV, B0H79CRSNR, B0H79C22NC, B0H7965YSB, B0H795QVVB, B0H79CT5MJ, B0H79S5YRF, B0H79K78NZ, B0H79FXQCD, B0H797LTHN, B0H798GN6P, B0H7943SFB, B0H796Y6C4, B0H7997245, B0H795NC7T, B0H798QWKK, B0H792HMQ1, B0H78ZSHV6, B0H798KZCW, B0H79DFF75, B0H7929XS9, B0H79CZD3Y, B0H79BJVB3, B0H794DF6K, B0H798QWM5, B0H79496Z3, B0H79C6VBV, B0H799724R, B0H79HJPPB, B0H792M6SR, B0H7943SCM, B0H798XFWG, B0H79H4Q2X, B0H792HBZC, B0H798KZCY, B0H79HM1K7, B0H797QFGK, B0H797KWP4, B0H79NMVY2, B0H79FL8TD, B0H79HPL6C, B0H79K6WPQ, B0H79L76R7, B0H79CZ2RT, B0H79FNL21, B0H793QGLR, B0H792CV28, B0H79LGRZW, B0H79HF5DS, B0H7992LYJ, B0H796YSXT, B0H79626RW, B0H7B1VYSF, B0H79FGC5S, B0H79LLZ9Q, B0H79DFCRM, B0H79S4VSG, B0H795Q98Q, B0H79HF5D4, B0H797524S, B0H79F5YTT, B0H79LC3K8, B0H7949JKH, B0H799CVL4, B0H79CKWB7, B0H79JFP21, B0H799214V, B0H796K3RM, B0H79GVZ8Z, B0H79HRXDZ, B0H79F7WKJ, B0H79BTQ81, B0H798RT7F, B0H79PYXBP, B0H79QBDCZ, B0H79VQYWR, B0H79QBDCP, B0H799LXVD, B0H799NL7F, B0H79L8SJG, B0H79JKW27, B0H79GR3XF, B0H796B1FH, B0H793Y8BX, B0H79BY64C, B0H7984CQ6, B0H7B23T8C, B0H79CX36R, B0H78ZXBPV, B0H79JF1X2, B0H795FLK3, B0H7948KNS, B0H7B1SNJ5, B0H79M4P53, B0H7B1VX55, B0H79J6D5S, B0H79NMVZH, B0H79DD2T9, B0H79GSTSP, B0H79HTV8D, B0H79C5PXL, B0H796J54R, B0H792LKMR, B0H79H1GC2, B0H79NMVZR, B0H79JCJS3, B0H7B1VX5B, B0H79NK7BV, B0H79H1GC6, B0H79S6Y6F, B0H79F2TRV, B0H79FLL51, B0H79LZ4J7, B0H79GZ7F7, B0H79C41WQ, B0H794M7G5, B0H79CG9NW, B0H792JN3W, B0H794GG7Y, B0H7926XBK, B0H794JXPM, B0H794D2X4, B0H79D4XHT, B0H797BJZ8, B0H79LPYSK, B0H7929W89, B0H79GZ7DT, B0H798TV9K, B0H79NJMWD, B0H79Q18BJ, B0H79FH8XH, B0H79JVXX3, B0H798H9DF, B0H79HD9M8, B0H79K8X3J, B0H79FK9R5, B0H7974599, B0H79GNKNX, B0H79H6CJB, B0H792C686, B0H79LMXYN, B0H792GDGV, B0H79HWGP9, B0H79N4N6W, B0H79JMTJF, B0H7964F6B, B0H79H8N7Z, B0H79H8ZPG, B0H79GN1ZM, B0H79JYWMV, B0H79GN1ZS, B0H79FXRXW, B0H79GRFXM, B0H7964GXG, B0H79688NQ, B0H7967WNN, B0H796J6SY, B0H7963T1W, B0H799K23M, B0H79JVXYK, B0H797XLY9, B0H79LKYC9, B0H79FK9NW, B0H79KD715, B0H79H7Z1Y, B0H79NG1H8, B0H79JMW28, B0H79HK1FL, B0H79CH8KG, B0H79NBJH4, B0H7929W98, B0H79J8WQC, B0H79FGZYK, B0H797HM9V, B0H79C872H, B0H795XBLN, B0H79NH9XZ, B0H79BV9ZK, B0H79BT21B, B0H795PL7L, B0H7949WLX, B0H798HZ7P, B0H795TR7J, B0H79CJLGT, B0H79486P2, B0H79Q85ML, B0H79H3RN4, B0H79CCCJW, B0H79M9T4X, B0H798W5BR, B0H79CNH3F, B0H797HM95, B0H79YX3M5, B0H7994X48, B0H79GWYKG, B0H79H32N5, B0H798MKMP, B0H79HHFWG, B0H79DXG6G, B0H79HMCB9, B0H79G58PK, B0H79HMCB2, B0H79HS7Y5, B0H79486PN, B0H79HDKLM, B0H7949SBZ, B0H798D276, B0H7927Z1G, B0H79JCH4H, B0H79H5GP3, B0H79BS38K, B0H79BLPG9, B0H795NY4T, B0H79Q5TQH, B0H79N21L8, B0H79BLPG1, B0H79CX641, B0H79Q5TQJ, B0H79PZXGJ, B0H79LKMQ4, B0H794B83D, B0H79JNTLR, B0H79S59CT, B0H79C5BSM, B0H79NH9WJ, B0H7962HKS, B0H795JTXQ, B0H7983ZYW, B0H795T3XC, B0H79HP9BT, B0H79SDGYN, B0H79DB697, B0H795Q7HQ, B0H795ZK4P, B0H794MWQJ, B0H798GD32, B0H793S2RV, B0H79NP6ZY, B0H794L8VV, B0H795D9TM, B0H798V4G7, B0H795TR57, B0H79CJLHZ, B0H79L5MSD, B0H79LJDBY, B0H7929LJG, B0H798T72V, B0H79D3QVJ, B0H79J1PSR, B0H79HCNRW, B0H79FNTTH, B0H79LNJD1, B0H7979WV4, B0H795D9RW, B0H79N2QKR, B0H79GQSMR, B0H79LKMR6, B0H79J138P, B0H79M1CR6, B0H79SF91L, B0H79C8H1Y, B0H7991CYY, B0H7966PJY, B0H79N4YY3, B0H799L7RG, B0H797LVZN, B0H79K5N24, B0H79CZFJ8, B0H7979WTS, B0H79L8TYZ, B0H7B1TN2G, B0H79CHB7L, B0H79GBDZN, B0H793V9RN, B0H79JN4R5, B0H79L8TZ1, B0H79F7ZBK, B0H79YXFLD, B0H793R44H, B0H79FN4TX, B0H79H65DB, B0H7B1VBW7, B0H79F4PYG, B0H79L8JG4, B0H79LYQ1H, B0H79S59FS, B0H79JZ5Q2, B0H79G29V1, B0H792D7LS, B0H7992LZN, B0H79DFPXB, B0H79CT42F, B0H79C2RR5, B0H798N79M, B0H79BSRKK, B0H7989428, B0H799BSY4, B0H79HYCW3, B0H79D95GP, B0H795LCYN, B0H7983MVD, B0H794NGY9, B0H79L8JHZ, B0H79D95GF, B0H79LJDFF, B0H79N8JP6, B0H79JCF7Y, B0H79LX6B1, B0H797M6DF, B0H79242R2, B0H79LM1YC, B0H79Q2MVB, B0H79NMXLV, B0H796HHRC, B0H79F5C6J, B0H795PVQZ, B0H797YTPN, B0H79K6NTK, B0H79K6NTJ, B0H795D88M, B0H79CQ2ZG, B0H79JZV5B, B0H79CRR3N, B0H792S14Q, B0H79FYGV8, B0H79NL9TH, B0H79N5XVM, B0H792SD9S, B0H79LMKMY, B0H798Q85D, B0H79G8CQ2, B0H79S6N8H, B0H795LPP3, B0H795MC2D, B0H792R24W, B0H797L7FW, B0H7968LGF, B0H79NFQZ2, B0H793PZNW, B0H79LDQWM, B0H79FSQ6S, B0H79CPR5G, B0H79BYT9D, B0H79G4Q76, B0H798YF9V, B0H79JZV61, B0H798SHPX, B0H7B227TR, B0H794C73Z, B0H7967P1X, B0H79Q19VV, B0H7963GM8, B0H796CTV7, B0H79HLRVP, B0H79L7L3M, B0H79DTQKC, B0H79L7L3F, B0H796YPM8, B0H798LWCB, B0H79FXDQ5, B0H7961J72, B0H793M1H8, B0H79CP3X5, B0H79GNXY7, B0H79634FJ, B0H79BS4MF, B0H797YTSX, B0H79QDPHV, B0H79Q57D4, B0H795XBNY, B0H797WYCP, B0H79F79Z8, B0H798RVQP, B0H799DC8D, B0H795VZBK, B0H79SF8Z1, B0H795RTBH, B0H79HDV37, B0H79W324X, B0H79CGC2W, B0H79H5P49, B0H79J8LJW, B0H792LJ6H, B0H7961J4S, B0H79N3CVT, B0H7966CZ1, B0H79G7QMT, B0H79H3TC4]",amzn1.campaign.1FC1SIWUBXBDU,InkRain Pillow Covers Sofa of 2 Decor Set 28x28 Inch Cotton Linen-9,InkRain,2026-09-04,2027-09-04,20.00%,5000.0,5000.0,122,800,false
"[B0GQS3N6FG, B0GQS2GRTS, B0GQS5FS87, B0GQSJYD6L, B0GQRSTN49]",amzn1.campaign.A6593IQGDUDG,红色破洞牛仔裤+9.2,Arkordi,2026-09-04,2027-01-27,15.00%,5000.0,5000.0,162,800,false
"[B0H98T1FFY, B0GTVN5G74, B0GTVCQW13, B0GTVH61CT, B0GTVM4LGR, B0H98SYXH7, B0H98SM4CR, B0H98TT3QW, B0H98WWM9S, B0H98GDL5F, B0H98RR8YZ, B0GTV9SRS1, B0H98QKFFN, B0GTVL5GGV, B0GTVKWBHD, B0GTVRGFW6, B0GTVH57WV, B0H98GLWTC]",amzn1.campaign.2LR495ONTTL8B,Earn high commissions——Experience fashion style with Hathne!0028,hathne,2026-09-01,2027-03-02,16.34%,5000.0,5000.0,161,800,false
[B0G5YP45VL],amzn1.campaign.2JU5OSH088BZM,Earn 15% Commission | Seuphubs Diamond Drill Bits  | Sep-Oct 2026,Seuphubs,2026-09-04,2026-10-31,15.00%,5000.0,5000.0,129,800,false
"[B0G3X52J8L, B0G3X8WW5V, B0G3X4JWSD, B0G3X9ZPCS, B0GMGLZB1X, B0G3X8QWXB, B0G3XC7M9W, B0G3XC8H4Q, B0GMH27LLM, B0GMGJKVJ6, B0GMGQDKSV, B0G3X8LM25, B0G3XBDJNJ, B0G3X7SVFN, B0GMH29WFN, B0G3X5MTQS, B0G3XCS6NL, B0GMGDBBYV, B0GMGM56CH, B0G3X9MZ7M, B0G3X8JRMV, B0G3X8XXCL, B0GMGF66PK, B0GMGMMR6T, B0GMH5NFP9, B0G3XCBGT6, B0G3X8JK2K, B0G3XBGZMZ, B0G3X7RJYM, B0GMGM5QLS, B0GMH1C312, B0G3X9H8PP, B0GMGZ1NY4, B0G3X6PJZS, B0G3X867GG, B0G3XDLF4K, B0G3XDY3DT, B0G3XCB1DF, B0G3XC9SNB, B0G3XBC7MN, B0GMGQH83T, B0G3X8GGD6, B0G3X991ZM, B0G3X7YY5J, B0GMGMD3D7, B0G3X4ZKCC, B0GMGDJ1BH, B0GMGZJ7WX, B0GMGJ2R6N, B0G3XCL3P9, B0G3XB4DZB, B0G3X8PP1J, B0G3XC7T64, B0GMGPNTPM, B0GMGHXPGM, B0G3X8NPGT, B0G3X96GR4, B0G3XB8F4L, B0G3XCKKQP, B0G3XF4FBW]",amzn1.campaign.283HRJQAJ52LN,10% Commission On Women Floral Mini Skirt Flowy Skorts  BT791,BTFBM,2026-09-04,2026-10-10,10.00%,5000.0,5000.0,58,800,false
"[B0H7SGY2SK, B0H7SGNY1J, B0H7SMHRMX, B0H7SNWH79]",amzn1.campaign.E82Z1QM5A4I1,"🗣️ ""Can we keep the catio?"" – ""YES!"" 20% FRESH DEAL – Garvee Walk-in #Eva",Garvee,2026-09-08,2026-11-30,10.00%,10000.0,10000.0,125,800,false
"[B0H2V67CB1, B0H2V84HBC, B0H2V99GW8, B0H2VB99L3, B0H2V3MJHP, B0H2VFKYTC, B0H2VG1HG2, B0H2VB967Y, B0H2V9JBCY]",amzn1.campaign.2E6K7WGIU3H0A,"📢 VONMELLI Women 2Pack Skinny Belt | 20% Commission, Free Sample !!! NP035",VONMELLI,2026-09-20,2026-10-20,20.00%,5000.0,5000.0,118,800,false
"[B0GHQXRNSK, B0GQB4J14K, B0GQ9TCBJL, B0GQ9N2KCK, B0F43FQMP3]",amzn1.campaign.2GJ7586ICJPY6,🎁 Mushroom Lover Gift | Quirky Glow-in-the-Dark Bathroom Decor,neexan,2026-09-04,2027-08-31,16.00%,100000.0,100000.0,137,800,false
[B0GYR61XJT],amzn1.campaign.2HNRK0O0ROMXX,Cooperation Invitation Letter for Water Bottle Bag Promotion,Kelokeli,2026-09-04,2027-09-04,20.00%,10000.0,10000.0,122,800,false
"[B0GQS3N6FG, B0GQS2GRTS, B0GQS5FS87, B0GQSJYD6L, B0GQRSTN49]",amzn1.campaign.3U4PYTAVKKW0D,红色破洞牛仔裤+9.2,Arkordi,2026-09-04,2027-01-26,15.00%,5000.0,5000.0,161,800,false
[B0FHHGLMLR],amzn1.campaign.LX15T5POEG6V,Earn 15% Commission –Promote INSEETECH AOV 4K Dual-Len Solar Security Camera 007,INSEETECH,2026-09-04,2026-11-30,15.00%,5000.0,5000.0,121,800,false
"[B0H2VJB93S, B0H2VLDK48, B0H2VK9T5X, B0H2VPCXLY]",amzn1.campaign.19SZOOH5VWQZZ,Ear piercing pillow,Zantle,2026-09-04,2026-12-31,10.00%,10000.0,9997.12,121,800,false
"[B0FP1H6V5L, B0FP19MKHY, B0FP19MKHX, B0FP18HGQN, B0FP1DNQW8]",amzn1.campaign.2OU3X7Z3SVAL4,🎁Promotion Season🎁QUEENLINK Trading Card Storage Boxes -10% Affiliate Bonus,QUEENLINK,2026-09-04,2026-10-31,10.00%,5000.0,4997.0,128,800,false
[B0H6M921QV],amzn1.campaign.CNUDQMNHZZM8,WAGON CART NEW 10% NEW,GloworPath,2026-09-04,2026-10-04,10.00%,5000.0,5000.0,132,800,false
"[B0H7SGY2SK, B0H7SGNY1J, B0H7SMHRMX, B0H7SNWH79]",amzn1.campaign.2KR11Z2D703J,🐱 GIVE YOUR CAT THE OUTDOORS – Garvee Catio 20% FRESH DEAL #Eva,Garvee,2026-09-06,2026-11-30,10.00%,10000.0,10000.0,134,800,false
"[B0G2LTCFVQ, B0GRV7317Q, B0FGQ8HX77, B0FXG1C6MB, B0GL8LG9VT, B0G5MSJYRS, B0GG6317QT, B0FK4W3CN5, B0F7L6PY9W, B0G3PFKH4D, B0FPVP5CR4, B0FCFB3BB6, B0DL5B28D3, B0GL8Q5BSX, B0F89T1KH2, B0GQGCZ87F, B0BMGY1SZQ, B0GMXNBGM6, B0D2W662H7, B0FG34W6QK, B0FZCRQQBM, B0G3NVC386, B0H2L4KLVY, B0DY7QKTQB, B0FYPF919H, B0FNN2JF3N, B0GSQRR1TQ, B0FH73X573, B0D5ZF6NHN, B0F7L6D5XX, B0GDY219ZT, B0DY7R3CZL, B0GRV5FQXL, B0DP7DXPT4, B0C3CP9NPM, B0GK8Y5J6R, B0G39BBV2V, B0GDTDQ1R2, B0GJ8Q6DXG, B0GDTBW9FP, B0C7JY6JHK, B0GVRXG8LT, B0GWM45QVR, B0GDT8K527, B0CMMLHFRX, B0DP7G6VMS, B0D7VMLHSX, B0C7K1HP6T, B0G6HSZS7M, B0G6HSF6Z1, B0DSB6W6GZ, B0FK55XT25, B0GRT1J4QP, B0GVLQQTTH, B0GVJ1PLK4, B0G6JDMYXK, B0GG6QGYWB, B0FSK2VVXM, B0GY8P11BQ, B0GRSZMCQ4, B0FM2FDC66, B0F9VN7PNN, B0F28P49PL, B0D2QQCZRV, B0F23QMD2C, B0G6J8XR5S, B0GK96QSHX, B0GG92SYFK, B0GY8FM7PT, B0FZCN9YJR, B0FD9PH7GQ, B0FNBY9QCH, B0GQRQQKXH, B0FK4X461G, B0GT8D66J5, B0CMMM3NCB, B0GDTG7Y3K, B0FL1SK865, B0G3NWPPSJ, B0G6JPMWGW, B0DP8MPWKF, B0GCH6XGWM, B0H3KQLP9V, B0FCFBYBN8, B0GG8LQJ43, B0GGZ3JKCT, B0D93G3WCV, B0GGGZQCNB, B0DX1GGMD2, B0CYFN6CDK, B0DBH618NW, B0FH13QVW1, B0FPV9R8DL, B0F43X756F, B0GHM843HY, B0G6JTQ7P4, B0GG6FLCQ3, B0GVJHQ4Y5, B0GVRV2FDH, B0FQPFK26F, B0DP7F5HWY, B0GCHY33Y6, B0FCFLXCF6, B0GG6FLCQ6, B0GDX39589, B0GK9BDWCY, B0G6J1BNN4, B0GVLMHR62, B0F89VQ5BC, B0GDTFNWFN, B0GXXN5S69, B0GFW8N37J, B0D5Z2X77F, B0GDTQ1TRD, B0G4L9Z83T, B0GK94SD3H, B0GVJ78BQP, B0GDTM8728, B0GG6BSPG4, B0B1V187RP, B0FPVS7137, B0FXXCKVZC, B0FDX18RT4, B0DR8XPHNN, B0DP7H217Q, B0FK57PNKC, B0GVJJG6MF, B0FCFK67MQ, B0FWJ97JN5, B0FQ5QXCBQ, B0GG5Z6YFR, B0FK565N6C, B0DF76GBHH, B0GGGHHDZ4, B0FXG28W3R, B0DCP24Z3M, B0GF1X56KZ, B0FM2G7KLW, B0FVXBZSCH, B0GG6R7YG2, B0FSKN993M, B0FPVJZ3MJ, B0DN14FBYT, B0GMXCX6ZP, B0B942W7XH, B0GRVB4WRH, B0FG36QK8G, B0GCGXJL1J, B0CZ3829CK, B0G6HMPHNJ, B0FRR537H7, B0GV3W8ZM8, B0DF76JZMV, B0GVJ46G53, B0GRV2NJB1, B0G6Z841KH, B0GJ8S517M, B0CS6MM8YX, B0FSJXVWRK, B0FDWV4SQQ, B0G4L8BSZF, B0G6YW8FR6, B0CNK18SF2, B0FPWZ2T8H, B0GK99JFFK, B0H267R23D, B0DN114K84, B0DL594CCK, B0GDT8F91Q, B0GDT56LZL, B0FQTDG9GV, B0GVLQTFY3, B0GT7ZDZ5M, B0GMXNF42M, B0FD9NYY75, B0FH762GS9, B0GYXSHG6R, B0G4WNVMRW, B0GF1VRH9X, B0BNQDBZFB, B0DY1MLNTC, B0GG6V95Z3, B0GVJ1WQ66, B0FCFFSH9V, B0GVJ3S67H, B0GRHC45QD, B0GG634XRN, B0GG63JXPV, B0GG5YFBRB, B0GRT72K3T, B0GT8CFLH5, B0G3PCYCJC, B0FMRLL9CX, B0FSJMQP47, B0GG6C1241, B0DN11DMNN, B0DBH6924W, B0G3NTGPC4, B0GRV9JGNL, B0BF4THMZL, B0GVRYJHCJ, B0BMGYT3K7, B0GC6SSFHT, B0FDPX26H7, B0GVJ587NS, B0C7JY47R5, B0G1LJT9JX, B0G3PB4337, B0GDTB4TWJ, B0FPV9YR4K, B0GJ8JDWRB, B0GG63XPYD, B0GK929K2D, B0G19JNCYP, B0FXFWJ49F, B0DMZZLCYS, B0GK9LM17D, B0CX1B14KN, B0B1TZS9NS, B0BRW47YBF, B0FPVNFR8F, B0GTP9ZP4M, B0G6K1B7QM, B0GDTLJ4Z1, B0GRV2YRWK, B0BW9CPBBR, B0DLWBBQYK, B0G6YWXCHT, B0F23RLX8G, B0FZCR8989, B0GG6RNSP6, B0CTY5GR4P, B0GDX428PY, B0FWJMJ3G2, B0GL91HTMZ, B0FVXCF9WB, B0DFW45YK6, B0G4WTYJS4, B0GSQLR84T, B0FGX7H3KB, B0GZ3P2RXT, B0GDT8SQWP, B0GJ8SPGHD, B0GTPS6GPG, B0GDTSYQDH, B0G6Z5WQBF, B0GG6H6TV4, B0FJF9VNKL, B0GG6TTLY7, B0G6K1B7QD, B0G6J8YD51, B0GG62ZNM1, B0GG6M1F6F, B0GQSQ564C, B0D5Z6TZ2F, B0GJ8WP32J, B0GWPLFBYH, B0FVXH8Z5L, B0CM36SFJ2, B0GRSZB8MQ, B0GRT4L4SN, B0DFW4KPW4, B0CWL1MPBZ, B0FWHP6PMS, B0FP28J8PM, B0GV47H2TR, B0GVHZK1M6, B0GG6PYQCX, B0G2LQ28JX, B0GJ94ZWK2, B0G6HZJ9JG, B0F28NGH7N, B0BGKVTZMT, B0GG6QHP51, B0F89SR3H5, B0GG5XQYWH, B0GVJWZCTC, B0GK95V3S2, B0C7QG9YFW, B0CX1142H8, B0FH7553FT, B0FSSC1G3H, B0BGKYLJRX, B0CMMHWCV7, B0CX4S4PBN, B0GMXJ4FDF, B0G48MXW8R, B0CX4RLQZ9, B0GG6XYK37, B0D2VT767B, B0GDTH2696, B0GVRRXCTX, B0DBVDDJM3, B0FYPGRQCG, B0GV433SDB, B0GDTN2YTX, B0GV433SDC, B0G4L99445, B0GMXYWPF7, B0FNM3N67W, B0FCFCV5G1, B0F23R7VP8, B0DN11MKSW, B0GG8QN6LL, B0G6K1GVB1, B0FL1NFQQ6, B0FZCM8QVZ, B0GXDMKJZR, B0C3CN4CQF, B0DLW8GKW9, B0DT5V8LK8, B0BGKVMN46, B0DX1HD2HK, B0G4WMCBYN, B0GRT7SNQL, B0FDVKN7LJ, B0G6Z4463T, B0GJ92VDKM, B0F1G15NTN, B0GL883XF1, B0GZ3GKXMS, B0G2Q5KJ8H, B0GJ8WJ8RP, B0GRT13YK3, B0G4L6GG2H, B0B941RF2P, B0GVJ45K5C, B0DC5ZGN56, B0GJ8DRMNP, B0FSJBQ4TJ, B0CX19QVMW, B0F89SN3LM, B0GRV23MK9, B0GJ92DYHM, B0GQRQT9ZR, B0FRQL4MVM, B0G6HJXK6T, B0FY6CSLBH, B0GCJ9HJY5, B0FV8MN5ZH, B0GCHSZZBV, B0D93DBS4R, B0GVYJG6YZ, B0GCGHD9GP, B0G6J5YLKL, B0FVXFTBW7, B0FSJWYD99, B0G6J5YB9M, B0GH7Q5FKZ, B0GCM3PTPW, B0CX4PF2J1, B0CZ36XW7W, B0DN11HQS7, B0C7QDD6KQ, B0DP8N8JG3, B0GQGCST5Y, B0GRVG67SW, B0G6J5XP93, B0FXG1Y3SV, B0FXXHWCT7, B0CPY4KCZK, B0B74LC1PP, B0FCFLM41Y, B0F28NYFBT, B0G6YW92QQ, B0DFW4ZW83, B0GRHNMGR9, B0FZCSR48T, B0G52C65BT, B0BW83XTW1, B0GZ3DDV3W, B0GZ2WJ7K9, B0GG6G2RML, B0GVHW4TQL, B0GN1S4CP9, B0GCHGY7HN, B0GDTP4V3F, B0G6J5Y17F, B0GK9KMPZ9, B0C6K4FMJH, B0FHQB84LN, B0F89W495T, B0GVRQYGJG, B0F7LDK9VS, B0D5WLL9QJ, B0GCJPQ1TS, B0GDTFRL5R, B0FGX689R1, B0DHRCVQJK, B0GG67QD21, B0FMRHWVQL, B0H3KPYMZS, B0GCHX2ZRZ, B0GG6QV74B, B0GVM5RT2V, B0FQ5P4Q31, B0GL8MNYR2, B0GG6V5TN9, B0GY8BQ3X8, B0FMRH8Y1H, B0G5N8MGL8, B0FP24SDRM, B0GRSVB67Q, B0GG6V5TN7, B0FZCJXGB6, B0G6JTP8CC, B0FP27Z8TP, B0FL1RG17D, B0GVJ2PZ4H, B0FNM2SSYG, B0FSJF4B8G, B0GCJBH51B, B0DPX4C9DY, B0GG6V7L93, B0G6J45TG5, B0G48Q2CVZ, B0FRRBHMTX, B0BGKVM6BV, B0C6ST4MN4, B0DMZYQWKX, B0FL1RGPTB, B0BLRGJFQ3, B0C9ZBHR6D, B0G19JT95Y, B0FDX1BZTX, B0DP8N91W6, B0CH9W2JGB, B0GG6LZQGZ, B0DF771Q8F, B0GDTKZX77, B0FZCS1KLF, B0GF21NYZ9, B0FD9PVX2C, B0DJXYDRPL, B0GDTFND2C, B0GN1W3ZJQ, B0H2VFCTNR, B0FVLTBCKN, B0F23R6DGH, B0DJXTG37R, B0GG6N6LR8, B0GRSZ1ZWR, B0FH73HB8R, B0G5MZLJVJ, B0GZ3JM4FJ, B0G3NX4NJS, B0G5878QNT, B0GT87DZ3T, B0G6K1BPWB, B0G6J8T51H, B0FXFW2G77, B0GG6H4RBQ, B0FZCP1SCC, B0GV3ZTD2X, B0FCFC8C17, B0FXXJHC13, B0FRRYFPQD, B0FZCM7NK3, B0DN11H8H3, B0FMRL6WS8, B0GGZCTR5G, B0G6J5B1RB, B0GDTHNJCX, B0GRSPLV24, B0G6JDNVZ4, B0FSKP9RB9, B0C7QF5D3L, B0FZCR22GQ, B0CYFHGRC8, B0GRV6HT3J, B0D1276RVQ, B0GDTP5XZT, B0GJDM5LZY, B0GCGLN37D, B0FXG1PSVK, B0GVM524V9, B0GJDPVSTZ, B0GV3X2X7J, B0F1FXWCVD, B0BMHWZDZJ, B0G6HSVCL4, B0D7VPJGXR, B0GRSWNPC3, B0GL8S92VT, B0GDTKCLRM, B0FDQB2K8C, B0GCG7FYMX, B0F9XC39H4, B0GMXVDVM7, B0GRSSQY4W, B0BMGXGJMD, B0GL8T5LZ4, B0DBH44SN2, B0GDT8G6XQ, B0GKYCNTV7, B0G2LVHL51, B0G6ZBTVKK, B0CM323YVW, B0FWJ4MC9Q, B0DY7T5CVD, B0FH75FFLN, B0GCHWQ1V1, B0FDWW31CZ, B0DFWP7RBH, B0G6J43XJS, B0G6JCN75K, B0FRF1Z66S, B0F89V4ZKX, B0GG934KRT, B0GJ8MDRBZ, B0G1LNPJ4W, B0GQRK8X6K, B0GG6QXTBF, B0GWQYYWSM, B0FXG3V1H9, B0FHQDKVHL, B0F89WYDTT, B0FL1VGFBL, B0GDTSBWDS, B0GG6BXN9R, B0GMXCVS3M, B0G3P298NL, B0GG6GD34W, B0FRR4LZSY, B0FRRFPKJ8, B0FSKT9VYG, B0FXFX6JQL, B0FL1WMF4F, B0F23RVGBX, B0FSKVYN48, B0BW83MCX8, B0GMF2J4LM, B0GN1T9JDM, B0C7K734XT, B0G586M2KL, B0G2PT7VFL, B0GCGHWJ7G, B0GFWKK2J6, B0G6J44WH2, B0GV3TT8F2, B0DMZXDWFR, B0H3KKNSNQ, B0G6JTQM1Q, B0GG6V9H2K, B0F9VMV4YG, B0D5WLTPQ8, B0G4L9MWPJ, B0GG6V61P3, B0FXG14757, B0CYFRQW47, B0G6JJKZWR, B0CPY6JXS1, B0GYPCPQDL, B0GCMLJHY9, B0DPX5991Y, B0G4L6XRY7, B0GC5VJVTV, B0G48STXJG, B0GCNCMF8Q, B0CX54NPC1, B0DLW85DT8, B0FXFX6JQJ, B0FRRBFRJ8, B0G6Z1V8T2, B0BGKV5W5T, B0DMZXHW7X, B0CX4KLSTD, B0H1BYM41Q, B0GYXS18TN, B0CH9PXS6S, B0GMXGHZVD, B0GG6W92N4, B0G2W59VP4, B0DL59Z9MQ, B0CX1K56WQ, B0GDTSF4QX, B0FXXLJFT3, B0FCFDDCKV, B0FL1NDWS3, B0FXXBXYKN, B0FGX698QV, B0FPVK4XGX, B0CX18JCJ5, B0GDTK93Z2, B0GJ8HYDK1, B0D93FRTBB, B0GG6YXHGS, B0GRSZN2KF, B0FCFDWM65, B0GRTBJR3F, B0FQ2GFRJN, B0B6Z28X9D, B0GG6YXHGY, B0D9GF2PFL, B0GMXNJF2C, B0FPVBVKB1, B0GG67TVZF, B0GVJ3ZJQM, B0FSJMQCQY, B0FGX6HN6N, B0GMXCPJ7G, B0FSSFYBGN, B0GV46R4JT, B0GVLWDD59, B0GTPBB92N, B0FVXGKJW8, B0GVS42WSF, B0F4K313M2, B0DFW5GLMY, B0F89W52XL, B0GRV92FLC, B0G19LDB5X, B0DLW9BHT2, B0FV8PF1HC, B0G6JKLPKQ, B0GJ91SPX1, B0DY7S5266, B0GCJNWPDS, B0F23SY9GS, B0FP26KKX7, B0CM33K536, B0FQ5Q7M3H, B0G6HSXVBK, B0FQ5L9VG5, B0GDXNG1YR, B0DSB5TTHP, B0FXFWJ8YH, B0F89VLYZ2, B0FGX8275Z, B0DMZWYQJB, B0GY8FL84G, B0DJXWBQ8M, B0D97GTLSM, B0GMXYNG9S, B0CX11ZXCX, B0G3P4BPSF, B0GJ8WMVSH, B0F1FZSPXR, B0GG6QKZM7, B0G5892M9Z, B0G6Z7DM2N, B0CH9WS2K2, B0BW81TBFV, B0G6JPLSC6, B0F7L6WBTV, B0GRSYNZQQ, B0CPY59VB1, B0FDWXD898, B0GHLLNXT2, B0GVHX2654, B0G6K79D7L, B0GHLX6VKD, B0CH9NP53N, B0FGJLSWKX, B0GMF2MJ5V, B0G6HZR61L, B0G6JJK1QC, B0GK91QWTW, B0DSB652D5, B0GRV2ZRM7, B0FV8LQ6ZH, B0GG6HBLJ5, B0G48PFKVG, B0CH9RV78H, B0GDTJ95SX, B0BW96J9PN, B0GVHWZ5ZP, B0FCFBNCQG, B0DMZXBNTJ, B0C4LNG9MY, B0G19KHMXL, B0FPD4RHSP, B0FZCPQTB7, B0GDT5R84K, B0GRV9QG96, B0H2VHLXTY, B0G6J8V1B5, B0GMXGRVW4, B0FWJKV31K, B0GCH3Q2W7, B0DT5WGMWL, B0D2VTRQ3M, B0GDTCXYC6, B0FWJG82N4, B0FZCLPTJM, B0GV43KQRN, B0FXFYFYJW, B0FVLTXQV7, B0FK4WQPPX, B0FWJXP6YV, B0G46QHYYB, B0FL1SK51Y, B0G6HSK93P, B0GV3YB93J, B0GVRWCFT9, B0G3P6RG4S, B0G19L9W9K, B0G6ZMWFDQ, B0FVLWRRRJ, B0BGL5B94W, B0GRT7253R, B0BLS6WBCW, B0H2KY8QY2, B0GRT833QC, B0G3NTSBWW, B0GJ8X6C8R, B0FXG9WZW3, B0CTY4DSWF, B0CX4ZQTCF, B0GV3V4YRY, B0D2W61LR5, B0GDTBZCNW, B0BLRB1N8K, B0CM32MXJZ, B0GKYNK4SW, B0FGJQ1DLY, B0H5B2GRXY, B0G6K1D8H4, B0FXG1B6QB, B0FDQ45843, B0GPW9Y4MF, B0DN114XR9, B0C4LRLNDG, B0GG6K6MPJ, B0G6JC4SLH, B0GG6QL9BD, B0F7L7DTQD, B0GT8FZRFD, B0D97HQ9CN, B0FPVTNNWH, B0FRR2DLC3, B0BYYR8TK9, B0GWR7L27L, B0DL5BBT2G, B0GVS1BSGP, B0GCH2W21J, B0FNM2HJT1, B0GQSVSGNK, B0FBRFHRWV, B0FQTVPNVW, B0FG32RKZQ, B0DJY1QGB8, B0GCK1ZG9L, B0BMH3C8ZT, B0FH1B91PX, B0GYP6X39N, B0C7K9NBWR, B0GZ3C3V5L, B0GG6BPB45, B0BLRMTT8P, B0GWR1NPPR, B0FHQ439N4, B0DY7QT1YJ, B0BLRYXPKM, B0DR91KRKC, B0CWKL1JXN, B0G6Z6TV2V, B0G2PPZBR8, B0F7L9DB3Q, B0GDX166NG, B0FJRNQFQ9, B0G48PZLBM, B0B93WWFM7, B0F23QSNNW, B0G6J78V2J, B0DP7FWJHB, B0CWZXTS9J, B0GCGTJGNQ, B0G6HZV2ZF, B0GDXCBN88, B0FD9NM2Q8, B0CR9MSWC4, B0DPP99TTL, B0FG34CM3D, B0GMXNH74L, B0FSKXMNPZ, B0GXXTP19G, B0F7L7WKGW, B0G4WN1V11, B0GG7Q1ZYF, B0G3PG5WRQ, B0GMXJV9K6, B0G3NZH55P, B0GG69H6KC, B0F89V4V2S, B0FL2FG7PH, B0GDTQZ14M, B0GRV5Y2HQ, B0FHQGL145, B0DLW7FCPZ, B0G19JC8DN, B0GJ8Q8KX6, B0GVJTV28Y, B0BLRTXH3C, B0FPWGVL6F, B0GJ8WBHDL, B0CYFS92HX, B0BW9C8H4N, B0BLRCRN44, B0C3CNJ9XY, B0GYP95WJK, B0CFF28687, B0GVJ4QNKP, B0G48RSVVD, B0GRV7B44Q, B0FCFCFC2Z, B0GDTKRVGL, B0GDTCF8N3, B0GXXNDV87, B0G1MQS8VS, B0GG6243HH, B0GCHHBL8T, B0B93ZS6HC, B0GG6243HK, B0F28MRSKX, B0FRRJKRG4, B0DP7G486G, B0D128GFD4, B0GG63SSQ8, B0GJ8WCR42, B0GRV6VSTW, B0G6YZTL4D, B0GCHHSFZQ, B0GDTCQ6J1, B0CPSMD82T, B0G6HZBNGW, B0GG67Q93L, B0GRSST38G, B0GG8L2DKV, B0GRVCBHD6, B0GCH6RQS2, B0DP7DBR45, B0GG5Y6P91, B0GDTKNF24, B0GRVG4B2Y, B0GN2638FQ, B0DP7DBR44, B0BLRN3TBC, B0G4L7VTVB, B0GVM57H98, B0GRSSJFYD, B0GZ3DRSPV, B0CX54R8X4, B0BVQLN3PH, B0GDTLSP85, B0GV3X8HSY, B0FCFF7TLN, B0FQTMQZMP, B0GG68NT4D, B0G48P9YBD, B0FZCPQKKR, B0G6JM376L, B0CTY5KVS7, B0FNM2CCNV, B0F9NY4518, B0F9NCKBXK, B0G4L6W9ZT, B0DLW8WKLM, B0F28MCT9M, B0FQ5KFBX9, B0FXXN8P2K, B0D93FTHWV, B0CZ396BTN, B0GCGSQ79L, B0G1L89MFL, B0FNN2TTL9, B0CP8X5JCR, B0GG6CJWM6, B0GGH4P89C, B0FZCLMR68, B0GKY53GHR, B0GMXHJ9NV, B0G4L8267F, B0BMV9XYXW, B0G4L72V1P, B0FXFWY22J, B0GJ8KTQPH, B0FPVY4V1B, B0GVYKM9S6, B0DN11HRSL, B0GMF3VJ3T, B0GVM33N5C, B0GMXLJDV8, B0F4JZCZ8B, B0GVJB8MN3, B0CB37LZMR, B0BLS1QBTM, B0G6K1CLDH, B0FP26WW7T, B0FNM1TST8, B0DYSZ4Q8X, B0GK9HP95Q, B0BMVDNP3B, B0DPX2RSHZ, B0FV8N9R3Y, B0GZ3QCDLB, B0FJRMJ6J5, B0GCH3BFW4, B0DFW5F88W, B0FPWJTD4G, B0GSQNYDFC, B0G6JMPR9K, B0H3KPJKDB, B0GDTCWBM1, B0GG6VZPVC, B0G587PD6Z, B0FXFYYBYP, B0GG6CPKVC, B0CX18HYLV, B0GV3Y48PD, B0GY8F5N3B, B0GDTQV9WR, B0FNM3PCGD, B0G6J8SJDR, B0G3NSLJLN, B0C7K66N1X, B0GRVC8ZB9, B0FNM3K25C, B0BL7K5K9Q, B0FCFKN9WQ, B0FVLVD82H, B0BGKS9ZYZ, B0GRV9LL8Q, B0FM2SD6L9, B0DJXTG3SW, B0CP8WZ2F8, B0FNBQZTSK, B0FNM2RXGM, B0GT87JBY2, B0BGKW236R, B0GQSWV4NF, B0GKXKGNVJ, B0DN11NGM3, B0G6Z4W4FM, B0GVM8PSDH, B0GDT8R813, B0FQ5LZSLT, B0G6JPMMCS, B0FH1B5KLY, B0G2QMDBCZ, B0FWJF2RM1, B0FPVCTJ6M, B0G3NYBYFM, B0GJDK71T5, B0FDGGCTNC, B0DHTJ973T, B0FPW1BQ3C, B0GVLSV26S, B0F7L88KZD, B0G5N1YRXR, B0DMZYSZLL, B0FV8RG7CC, B0GQG6YF1N, B0FH72SFPZ, B0FPD5Z2C6, B0FK57KR2F, B0D1295JKY, B0FH72SFPR, B0FG2ZJFC3, B0FWJC9J9M, B0GRSVQZQR, B0FBPYBP1W, B0GG66L9GZ, B0GG6C4JK8, B0B1V1QDRD, B0DLW79KYX, B0GDTGWKGW, B0CWZY3NZC, B0GWM2PW4S, B0DHZF63VQ, B0DT5WSRJ5, B0G19K7BB9, B0FSJB48JJ, B0G2PSXJPD, B0H2M6RY95, B0GG6M2J55, B0CH9R9V7R, B0GJ8L1P6Z, B0GVS7RHVL, B0FDVKN6HV, B0G19C2DYQ, B0GCJ6JX86, B0C9ZDV26V, B0D2W611JY, B0GDTKBHR7, B0FZCLPQTT, B0FXFZT49M, B0GDTT1ZW2, B0C1BY821K, B0G6K1F822, B0G6Z1R62J, B0FDQ7PS2C, B0BMGXPXYX, B0G3NWSCCG, B0GH7HWS41, B0F9VNH3N7, B0GY8JC64W, B0FWJ63HKR, B0GCJBNJL9, B0GKYFSCLX, B0BYYRVMNN, B0BNQGLS3J, B0FVLVLPNN, B0C7JVXFCG, B0GYP98BT5, B0GDTKGQT7, B0DL596KCW, B0GDTMDYC9, B0GCGTC36R, B0FNM22TX6, B0GQGJ8HCF, B0GDTSFQHW, B0GVJNTB1H, B0FZCP3VBY, B0DP7CSZ75, B0DJR6R1M1, B0G2LNMD29, B0D5WLQ9FZ, B0BBLFH11B, B0G4WQ5PWC, B0DY7Q44N3, B0DBTJX2N7, B0DFW4HP36, B0FD9L4WJ7, B0F89VBQRZ, B0FVLRPSKD, B0GK975GNT, B0BL7K79Z6, B0FXFVR7VF, B0CTY495NQ, B0FJ25S2RH, B0F28N4S55, B0CM37G4YC, B0F89W6FDC, B0DHZG5NPJ, B0FVLVTT3D, B0G2QLHLQZ, B0C3CNSMQZ, B0G6JTN1HG, B0FGX5X3F1, B0F23TD58T, B0DPPK7KX3, B0FV8P9J7N, B0GGH3K7WV, B0BMVCV2XD, B0CB2FGSLW, B0DFT22JYD, B0GF1XGWPQ, B0G6JD2GMN, B0GRV66XN6, B0GRSPSPV2, B0GGH3T5YN, B0FRRXRNFW, B0FMRJFS45, B0GDWTLQGN, B0GRSXKNL2, B0DL54LLF9, B0GRSPSPV3, B0GRT3Q3GC, B0DFW4V2BR, B0GVLZ98RZ, B0GRT127DT, B0DFW4TCJL, B0F59G7R8Y, B0FCFJ54M1, B0DJXX53Q7, B0DN12MSSM, B0FPXM2BCT, B0DMZX87FN, B0G1LGCS3V, B0GKX6WJV1, B0GJ98TXZR, B0BR54NLDX, B0G6J74Y3G, B0CNKHG193, B0G4WP5NLB, B0FL1T59V1, B0FXG5NV5J, B0GJ8B2BK4, B0GXDGPST8, B0FSJRN9QW, B0GRV91KNJ, B0F89SSD44, B0GDTP6D53, B0GCJQ3MPM, B0GG6BCJ83, B0DZCN3Y3S, B0FCFMKLK9, B0CFDZNWWK, B0G6HYZMLF, B0C7QF546Z, B0GV43PQ8K, B0GG69DXQ7, B0FRRXBH35, B0DBV9LF8V, B0FMRL5G1H, B0G6J8TC21, B0DRBWYLHV, B0G6K1CD73, B0GHLPVZQH, B0GDTSZR38, B0GWM1D9T8, B0D2QNSJBS, B0GCN55GMX, B0C7K5WMTS, B0GVHT4FVY, B0GJ8JBLLC, B0CZ33MG33, B0GVHXHRBM, B0CSSM45MY, B0DP7G9VQS, B0FL1T1T7F, B0FSJWJVB1, B0BNQFQ1DS, B0FK4WF5TV, B0G6JH4J4H, B0F89WJHHJ, B0CR9MJH32, B0CX15QY8B, B0FCFFLNNX, B0GJDPDY9Q, B0BMGZMP32, B0BMV9B3LT, B0GHLJGKKX, B0GMXMQN6S, B0FRS5ZMC9, B0FY6LLVD5, B0C7QDVJWL, B0DBH58XJY, B0FV8N65L8, B0GDTLZB89, B0DMZWQT4P, B0DBVB8X4F, B0FPXMP2H5, B0FCFMWMFW, B0GG6545JS, B0GDTP6D5X, B0FXXBYNS6, B0GG6HVL4B, B0DMZXH3RG, B0GG6FDSQJ, B0CX4WTLXK, B0DX1JB4BQ, B0GQT3S1CP, B0DF78DYLM]",amzn1.campaign.1HZFTTU92Y133,Women Fashion Clearance at Low Prices 3,OYOANGLE,2026-09-04,2026-11-30,10.00%,5000.0,4947.9,72,800,false
"[B0GKGQD585, B0GKGZ1VF2, B0GKHBHCYS, B0GKH35XVX, B0GKGWCXKG, B0GKGN45DQ, B0GKGN1Z27, B0GKH332NM, B0GKGP7HSH, B0GKGNJWZK, B0GKGQNHSQ, B0GKGKJWKV, B0GKGMSG47, B0GKGY1X56, B0GKGR7K7R]",amzn1.campaign.PGZ61XUORRAM,Metal Tin Sign Deer Hunting Vintage Hunting Home Wall Decor,PlikPlakey,2026-09-04,2026-11-17,10.00%,5000.0,5000.0,132,800,false
"[B0DWDKKR4T, B0DWF3XL65]",amzn1.campaign.3467D024O3XEA,Limited Time Deal! Boho Wicker Swivel Bar Stools Outdoor 🍸 -ZH-WKS,Cozyman,2026-09-05,2026-10-27,10.00%,5000.0,5000.0,147,800,false
"[B0DWMSQ3S9, B0FPRCJ3CL, B0DPZN9WL5, B0DWMTV2WY, B0DPZNYMST, B0FVSYT8YQ]",amzn1.campaign.1HY9MFD7Q3FQ5,Earn 10% on Wired Controller for luna-6 ASIN,Enstixsm,2026-09-04,2027-09-04,10.00%,5000.0,4979.4,119,800,false
"[B0FP1VQZCF, B0FP1Y6STY, B0FP1VY7VJ, B0FP1VCBX6]",amzn1.campaign.C2QK7JOS11ZH,10% Commission + 50% Off | Exclusive Deal Partners Wanted *MFK14,LifeChé,2026-09-04,2026-10-04,10.00%,5000.0,5000.0,128,800,false
[B0GXBVBDF7],amzn1.campaign.3QZ8862HJW087,Truck Bed Tent 10% Commission Creator Program,Nyiar,2026-09-04,2026-10-04,10.00%,5000.0,4992.4,123,800,false
"[B0H6PMN6FS, B0H75V9BG5, B0H79C4M9X, B0H75JL17Q, B0H6PRNPPM, B0H6PS23NF, B0H75F3BR8, B0H75GJD6F, B0H6PRZDTR, B0H6PVWG4N, B0H75GT265, B0H793VMPK, B0H6PPCRJV, B0H6PVXCL4, B0H6PJPHVT, B0H75HTGCR, B0H6PLFNH9, B0H75MW81F, B0H6PKHJ5Z, B0H6PRTGMB, B0H6PS1PK4, B0H6PPMX7P, B0H6PX5NPW, B0H75GN6PP, B0H75F9WHJ, B0H75HGN7C, B0H6PYDLCD, B0H75HVR4G, B0H75DK7K6, B0H6PLQJBS, B0H6PJ3HJS, B0H7594S92, B0H75DT81P, B0H6PM5Z9L, B0H759899F, B0H75J23KT, B0H6PQXSRV, B0H6PK72Y7, B0H6PG8K8F, B0H75KRPFP, B0H75JDKDX, B0H798Q6J7, B0H6PJZPFF, B0H6PGSQT8, B0H75VNVMW, B0H7983YH9, B0H75FVQL9, B0H797GNL4, B0H796157X, B0H6PJ7B91, B0H6PRY566, B0H6PKV5HC, B0H79N4LLT, B0H75L3LCW, B0H75HZ881, B0H758ZYRJ, B0H79N4LMB, B0H7584B4J, B0H75D9B2T, B0H6PNM9P2, B0H75JRH6Z, B0H6PGV55M, B0H6PJ3Z2X, B0H6PQ5MK1, B0H6PQNF4F, B0H6PKV5GB, B0H6PS34JD, B0H79K7JST, B0H75BYBN6, B0H6PPL8Y6, B0H6PYHGQT, B0H6PVGFHD, B0H6PJQXWW, B0H797VVXX, B0H6PLF2TW, B0H6PLJPCJ, B0H6PJNDYL, B0H6PJPG8C, B0H6PWGLX5, B0H6PMLVHW, B0H6PKV5FD, B0H6PY2W4V, B0H75C5WBD, B0H796F446, B0H6PHYHV8, B0H75SR7Y6, B0H75MV51F, B0H6PP8TMX, B0H6PMLKTX, B0H6PNNL3H, B0H75JJHQH, B0H79C49PR, B0H6PQY4NS, B0H75CC7ZP, B0H75GGMWX, B0H75SR7XB, B0H6PML2C7, B0H6PKZJC3, B0H6PQ1GLV, B0H6PL6L5D, B0H6PYCZHD, B0H6PPFHKN, B0H75P63X7, B0H6PJV198, B0H7973RJT, B0H6NYY7FP, B0H6PGPM7N, B0H6PSRGPV, B0H75C3WVP, B0H75JLRR1, B0H79885G5, B0H7591J5X, B0H6PQ7KMS, B0H75P6WX2, B0H75MVCD3, B0H75GYL15, B0H6PM5FYC, B0H6PJ1DS8, B0H6PQRNCZ, B0H75D31PX, B0H7592BBD, B0H79S4T52, B0H75C55NG, B0H75JC51J, B0H6PJ2PGW, B0H6PGL5WF, B0H75FNH3T, B0H6PNWD3F, B0H6PH13FV, B0H75GPP4X, B0H6PMJD77, B0H6PLXDJJ, B0H75GS2S1, B0H75J5XBW, B0H6PKHW68, B0H6PM1ZN7, B0H6PKVSDR, B0H75C4Y5B, B0H6PVTTR8, B0H6PNNW4X, B0H6PJ5M5L, B0H6PCJLFT, B0H79GYJN6, B0H7597KGM, B0H6PJRJZN, B0H75L73ZK, B0H75J1ZQW, B0H7597SWG, B0H79D76B4, B0H79JJW76, B0H75D71BJ, B0H6PZ1QCL, B0H75C57Q4, B0H75JLVZK, B0H79L8GTW, B0H75C44JG, B0H79JJW7D, B0H6PJL4GJ, B0H75KCTXY, B0H75B4L4D, B0H6PQ9T4S, B0H6PLCTJ2, B0H75DQ12T, B0H75FR5Z7, B0H6PGDH8F, B0H6PNBX4J, B0H6PLRSTQ, B0H79632SL, B0H6PQ9T4F, B0H75JCD3J, B0H6PN4B2T, B0H75KRRHQ, B0H75KGY71, B0H6PNBX4L, B0H6PPBMGS, B0H6PJDPWS, B0H75KTZSC, B0H6PJDJKH, B0H6PTB2D5, B0H6PT4BMH, B0H795KPB1, B0H75LBMRV, B0H796JQKF, B0H6PP8S12, B0H79BVMF4, B0H758KP2M, B0H75SP1G5, B0H6PQ7KL8, B0H75FYKQV, B0H7598LKP, B0H75BYKD7, B0H6PQLJGL, B0H75M7N5Y, B0H6PQZFVS, B0H75GWCLK, B0H75JDBP9, B0H75C3Z5F, B0H79H2R1N, B0H75NB8PC, B0H75GWCL5, B0H6PL7K8N, B0H6P25DTD, B0H758GZVM, B0H6P7KMWH, B0H75GDLWK, B0H75MQT4F, B0H6PL1KJV, B0H6PL3238, B0H6PTLFKS, B0H75PB72Z, B0H75CCGBN, B0H75GFLQX, B0H75HT1VS, B0H6PN2FDM, B0H75PS3Z7, B0H6PTLZ2Q, B0H75DSVB8, B0H6PJMBCY, B0H6PLZBFG, B0H75G9PPQ, B0H6PMMC2K, B0H75K1P97, B0H79RVT58, B0H75KT3YJ, B0H6PJ2S4X, B0H75M86ZN, B0H6PKKV56, B0H6PKKV4V, B0H75C9VK4, B0H79LJN2V, B0H75NCYCL, B0H6PJTBNN, B0H6PQJDPZ, B0H7592VRJ, B0H6PVQ4S7, B0H759SY83, B0H6PNCRTH, B0H6PSFZPR, B0H6PLJ9C1, B0H6PJYMV1, B0H6PSJKF9, B0H6PVQ4SK, B0H75GJ8PP, B0H6PKFJLG, B0H6PPSSM4, B0H6PKMK8N, B0H6PS5NHG, B0H6PHYDZH, B0H6PSFZMS, B0H6PLP8RY, B0H6PJDJLG, B0H6PL4LHV, B0H6PQ94DB, B0H75J6PHB, B0H79957R3, B0H6PMKKL1, B0H6PXQHDG, B0H75L7WYB, B0H758YSWC, B0H79CH8HM, B0H6PLL6V7, B0H6PJDPWX, B0H75PDP9P, B0H75R2P6D, B0H6PHNSY6, B0H6PPG57W, B0H795X8WV, B0H79HZ15D, B0H75GJGP1, B0H6PL1GFS, B0H6PKMK6Y, B0H6PGD34P, B0H75FDVTJ, B0H75R76VM, B0H79JB4RG, B0H6PQ1YCF, B0H6PMYF86, B0H75KZDHG, B0H75HJJ8J, B0H75GBPZ7, B0H75GXPYB, B0H75HKJXB, B0H6PP87C2, B0H75JJNKH, B0H75BMKR9, B0H79HCKKW, B0H6PLRQXS, B0H6PMRKPG, B0H797M4V8, B0H7583JXW, B0H75KGMWW, B0H6PN1J4L, B0H75LJ9LB, B0H75GNZK7, B0H6PVMM31, B0H75G1V92, B0H75M283X, B0H75JLGVL, B0H6PN9QKD, B0H6PJYCF9, B0H75BJBJF, B0H6PL9Z9K, B0H6PLK1T4, B0H79LCP17, B0H75JJ9CY, B0H75Q1CY7, B0H75KC999, B0H6PHPDXS, B0H75FN7W2, B0H75GTG3R, B0H75QK8V2, B0H759SY9C, B0H6PNNGZJ, B0H75MLHCT, B0H75LFDKM, B0H795TPLW, B0H6PZZ9V1, B0H75LJQ8V, B0H6Q129ZQ, B0H759RSRH, B0H7963PT2, B0H6PKX9WD, B0H6PGH6RS, B0H79LTWM6, B0H79LGDN6, B0H75HNZPZ, B0H79FG9SH, B0H6PHXJS9, B0H75F4H2B, B0H75HTYNV, B0H6PKBBQC, B0H75JR441, B0H6PLGVMW, B0H794B4VK, B0H75JF34W, B0H6PQ19L1, B0H75C2XKW, B0H75DRQCJ, B0H75M77X2, B0H6PJ2JKK, B0H7992Y3F, B0H75TCJWY, B0H75MWPK9, B0H6PPW1FR, B0H759Y4DZ, B0H6PPGPSX, B0H6PM3959, B0H6PN5CH5, B0H6PQPDG9, B0H75JBNVP, B0H75JR42S, B0H6PJVBQF, B0H75M983H, B0H6PK7MG7, B0H757XNQH, B0H6PNJ5ML, B0H6PN32LC, B0H75FQL74, B0H6PSFXR7, B0H75KFRVB, B0H75CD4N1, B0H6PJ2JJ4, B0H6PPLFSD, B0H6PP5F7G, B0H757VDG8, B0H759Y6GG, B0H6PRC5R9, B0H6PPGYGH, B0H6PLLNM6, B0H75GW25X, B0H75DT5DQ, B0H6PMTH36, B0H75FKYN1, B0H6PPPM46, B0H6PMV4FB, B0H75F15T5, B0H75F3Z61, B0H75CCHY5, B0H6PXQNFS, B0H75KJ8WZ, B0H79HSTGR, B0H75C3PX3, B0H79S4HL7, B0H75PCWCB, B0H6PQPDF4, B0H6PQ5RR9, B0H6PKRTB1, B0H75J7FHW, B0H6PP4T4J, B0H79BYHBG, B0H799KLTR, B0H75GF6RS, B0H6PJTQZ1, B0H75CB6TW, B0H6PR5JB6, B0H792G13M, B0H75VTHH4, B0H75FS4DQ, B0H6PQ58Z5, B0H6PY4VRV, B0H6PWDQ26, B0H6PL2HT6, B0H75LY4MZ, B0H6PJ8LC8, B0H7599DF5, B0H6PJPZV8, B0H75C3LMK, B0H6PQ9N7V, B0H75FHKY8, B0H75G6MPY, B0H75FSGK7, B0H795FVN3, B0H75MQJT7, B0H6PJPZVL, B0H75GP3Q7, B0H79J5BBP, B0H6PGKWPR, B0H75P8D8L, B0H6PTVB85, B0H75CB4RG, B0H75LJS6F, B0H6PK7ZBP, B0H75QHG43, B0H75FLR9D, B0H75DV4Y2, B0H75K71HZ, B0H79HT5DK, B0H6PMSZ4M, B0H75JJ77R, B0H6PPK985, B0H6PM8Q35, B0H6PP41N3, B0H75BJ7YY, B0H6PFNP8W, B0H6PJYTNP, B0H75MNNCH, B0H6P32H82, B0H6PM8Q2Y, B0H75JJF52, B0H79N57ZN, B0H6PJCVTJ, B0H6PJCVTH, B0H759WGSP, B0H6PRZZSN, B0H75HHNCH, B0H6PGNN8B, B0H75D6BSY, B0H75HS2KP, B0H75922YH, B0H6PW7PZ9, B0H6PTJBZF, B0H75D6BT5, B0H75JRMK4, B0H75J4PJ7, B0H6PJ82MK, B0H6PNGGXL, B0H75CQ4CC, B0H75C9DWL, B0H6PKH7QV, B0H6PSGQK8, B0H6PQ13GX, B0H6PSQLD2, B0H75D1GYP, B0H75GQXJ3, B0H75MHCTL, B0H6PNGCYQ, B0H75HLC1P, B0H7B1WVCN, B0H79FJW9P, B0H795LMW9, B0H75GWG5D, B0H758QVB8, B0H6PMZMQW, B0H75KJ8R2, B0H79CXRYF, B0H75JLKJL, B0H79DTQG2, B0H75BVQWS, B0H6PPW5VL, B0H75C2HTZ, B0H6PQZTQX, B0H6PJ5KMM, B0H6PXX44M, B0H75FNHLN, B0H6PZYQ5J, B0H6PSGQKF, B0H6PL1RNB, B0H75DSFQ9, B0H6PSJJ1V, B0H6PSLQZZ, B0H75JBRYP, B0H75J8271, B0H79J5N5B, B0H6P3XNGZ, B0H6PSRHWK, B0H75MHCRP, B0H6PVYY45, B0H6PSQXZJ, B0H6PLHWRY, B0H6PKLWBF, B0H793Z75R, B0H6PJ8LBY, B0H6PGMZ79, B0H75HY65D, B0H6PHL2N7, B0H6PPW5XX, B0H6PN8Z64, B0H75R179J, B0H6PK7QTM, B0H75JFGVF, B0H6PLTY93, B0H75KD383, B0H75MCMV9, B0H759DH5Q, B0H7944P9J, B0H6PC9F42, B0H75BYRKN, B0H75DMBYG, B0H6PPSR7D, B0H6PL4DNM, B0H79YYD8G, B0H75PD83W, B0H75FKH1K, B0H6PN9XH7, B0H6PKQ5WD, B0H6PXPGWS, B0H79DVFH7, B0H75T3VRK, B0H6PLNJFV, B0H75BVQSQ, B0H79H7YZY, B0H75KHD2L, B0H6PMDBYG, B0H75MTSTH, B0H75CTTCQ, B0H75B88XZ, B0H75FJDM1, B0H75JDD7K, B0H75C2FML, B0H75F21NF, B0H75KFRV3, B0H6PNKCL5, B0H6PK6JNG, B0H75H291G, B0H759HVD8, B0H75G83PJ, B0H79S5X4P, B0H79DTQF2, B0H75GPSGV, B0H758PYR3, B0H7959VYK, B0H6PK6JNW, B0H75KKM8Z, B0H75C3TBT, B0H75GT19F, B0H75CL36L, B0H75BT1XC, B0H75GPK8C, B0H75H291L, B0H6PNRNKX, B0H75DTL3Q, B0H6PMF48R, B0H75NFDB5, B0H79Q188Q, B0H75FDMNC, B0H75G5B83, B0H6P9RVBG, B0H75SPB1R, B0H79FYZNP, B0H6PQL5XK, B0H78ZWYKQ, B0H6PM5XST, B0H6PQXWD1, B0H75BRXY8, B0H6PN8QJ1, B0H6PPGHTV, B0H75B8YFQ, B0H75GHV7Y, B0H6PNFZR3, B0H79LBF2X, B0H75MW4CK, B0H6PPBQ2Z, B0H6PMB6T2, B0H6PMCK9B, B0H75CDQZ5, B0H6PXK3QR, B0H75P77VH, B0H75P7G4Y, B0H798BDGQ, B0H6PN7LC4, B0H75D8LWB, B0H6P3VCN9, B0H75FS64W, B0H75M9PST, B0H79HJPLR, B0H75MBJLP, B0H75D7TFV, B0H75BQ7XM, B0H6PLMY3V, B0H75DTW77, B0H75HTRS7, B0H6PPMQ5J, B0H757W439, B0H6PGVQT8, B0H75CF1PZ, B0H6PPRG2J, B0H6PLT2ST, B0H6PGHDCC, B0H6PPMQ55, B0H6PN1DFN, B0H79JVXTW, B0H6PGYNCY, B0H6PGLRS4, B0H75GKRJC, B0H6PPM2XH, B0H6PLT2TC, B0H6PGLRRJ, B0H6PCT7VN, B0H75GZVF6, B0H75FPRX3, B0H6PFMHWQ, B0H79CX353, B0H6PVYGJY, B0H7995KBM, B0H6P1XTD2, B0H6PM43YN, B0H75FPRWV, B0H6PGW33R, B0H756T35M, B0H75861SQ, B0H75MKDD3, B0H75LH6MX, B0H6PRG689, B0H75J4KNN, B0H6PJ34QM, B0H75DS7YJ, B0H79NHKXH, B0H75J4KNR, B0H6PSRKC7, B0H6PN9934, B0H79KBTNG, B0H79SCZRR, B0H6PMRS7X, B0H6PR31FM, B0H6PK41MK, B0H6PJWFKD, B0H79JMTJ2, B0H75LFLCR, B0H6PL2BXX, B0H6PN9VLC, B0H6PYCXZR, B0H6PLL86Q, B0H6Q11WMS, B0H6PL881N, B0H6PR1QM1, B0H6PNB2L3, B0H6PJ65KF, B0H75BRZYH, B0H6PNFZNR, B0H6PL2BXL, B0H759RG3X, B0H6PMT2RJ, B0H79C6V9T, B0H6PJKTGL, B0H6PMM6P9, B0H75MKYQT, B0H75C8RWR, B0H6PMHP17, B0H6PN8QH1, B0H6PPBQ2C, B0H75GKRN4, B0H75C5TDT, B0H79CB346, B0H6PNPYP1, B0H75C93YB, B0H79DV2ZG, B0H6PMN3H1, B0H6PLSBS5, B0H6PLC7N7, B0H6PP96X9, B0H6PNFZPN, B0H75L7NSY, B0H75KG84K, B0H6PJ1PRT, B0H6PJ4QL3, B0H6PSQFGS, B0H75N5YM3, B0H6PRYY12, B0H6PLPYR5, B0H75GFDRG, B0H75CGKKX, B0H79CMFRZ, B0H6PMPX3P, B0H6PSN6QZ, B0H75QP6DM, B0H6PVSK92, B0H798V4D6, B0H6PR4B1N, B0H75J69XR, B0H759TCJG, B0H6PSWH8W, B0H75R73NN, B0H75C1ZKM, B0H75QP6F2, B0H75MNKBB, B0H79HLZ22, B0H75HG55Y, B0H75MFZY9, B0H6PPHTP6, B0H75MH2CJ, B0H6PPZLJC, B0H6PP8N2W, B0H6PL15DP, B0H6PSDLZX, B0H6PPJXQQ, B0H6PVLHJ8, B0H6PL4QS5, B0H75MWQRD, B0H795GVD3, B0H79CCZZJ, B0H75GTTJZ, B0H6PGZ223, B0H75NWZGT, B0H6PM3FHS, B0H75QL6RP, B0H6PQY6FC, B0H6PLXW7Y, B0H79CXDQ1, B0H75MV2WK, B0H6PKW83P, B0H75GR4RN, B0H75FPF6V, B0H75C7JXG, B0H6PNBQ6J, B0H6PB49VK, B0H79486NS, B0H6PKL83S, B0H6PK87NK, B0H75GY16T, B0H6PJ5F18, B0H794KX7W, B0H6PJ5F11, B0H6PJKCPC, B0H6PYHKK5, B0H75M825W, B0H79DGZLF, B0H796C74H, B0H75FXGBN, B0H6PVSHWD, B0H75C9HJW, B0H6PKHKMP, B0H6PHVRDP, B0H6PLKYCB, B0H6PFJHKM, B0H75R3DW2, B0H6PLKCXH, B0H7594YVR, B0H75BTYYR, B0H75C3BRB, B0H79DBFS9, B0H6PSF9L6, B0H75J9RDF, B0H75GDXDN, B0H6PLN837, B0H6PNC5WF, B0H6PQ3G3V, B0H6PQ3G47, B0H75FPVYS, B0H75FPRR1, B0H6PLCYZV, B0H6PJV4QS, B0H75LYSRN, B0H7947X1J, B0H75GRNH3, B0H6P4CBD7, B0H75M826P, B0H75Q7LWY, B0H6PL7567, B0H75C233J, B0H759TTM8, B0H75C342T, B0H75MB14L, B0H75C57SG, B0H75FXGDZ, B0H6PL8HXT, B0H799L7R3, B0H6PLHGFY, B0H75KJSY5, B0H75MYBSR, B0H6PKDY27, B0H6PVTPF5, B0H75HRRTD, B0H75GVY1K, B0H793W8MJ, B0H6PHG6XW, B0H6PKZTFF, B0H6PQG3RN, B0H75KNFT7, B0H6PJRD9Z, B0H6PLKLFZ, B0H7B1X68F, B0H75K4KKK, B0H6PPHTMF, B0H75GG116, B0H79BS352, B0H6PK1SDP, B0H75P2W1Q, B0H75GMSSF, B0H75GGMZ4, B0H6PQ99TR, B0H75JDQX4, B0H75JHWWN, B0H6PJYJY8, B0H6PS2HNZ, B0H75LHMKZ, B0H6PXJWM8, B0H75J67MQ, B0H79JTN4B, B0H75CW6ZT, B0H75DR93Z, B0H75P7PWD, B0H6P787QY, B0H6PTBSZ8, B0H75DR92N, B0H758YPVQ, B0H75BT1WH, B0H79938QK, B0H75FNRXQ, B0H75M9J6P, B0H6PKF8P6, B0H75F16W4, B0H6PMP46F, B0H75N779C, B0H75NXCPK, B0H6P6P2Z7, B0H75C9QFH, B0H75GYF7W, B0H75DVP36, B0H78ZVZVG, B0H6PLZ2R6, B0H6PQ6CS8, B0H75DMBSH, B0H75QDQ6P, B0H75JMXKP, B0H75M87RK, B0H6PQH9FV, B0H79RWSVB, B0H6PKDY4W, B0H6PMSVRM, B0H6PL1WNK, B0H6PGLBBJ, B0H75GFWRW, B0H6PWQHXP, B0H75DY78D, B0H75HJNYQ, B0H75NGDCK, B0H6P5PYCZ, B0H6PN7JR4, B0H75DM44H, B0H75GZFX1, B0H75C4YBX, B0H6PPXM73, B0H75G8LGZ, B0H75F2FPY, B0H6PPVX25, B0H7585TLY, B0H79FXDPL, B0H6PHMTKP, B0H6PNGBM6, B0H75KRNQN, B0H6PGY5DD, B0H6PHMTLF, B0H75J6BF8, B0H75DKC81, B0H7981314, B0H75JN9PG, B0H6PZ54TK, B0H75MJ3YT, B0H75KNM7Q, B0H6PZQZHC, B0H6PNGBLZ, B0H6PRGN1V, B0H75GSBF9, B0H75LJ47J, B0H6PJK2SY, B0H75R2577, B0H79D2NL7, B0H75GD47G, B0H6PJHQZD, B0H6PTM5XK, B0H758ZP91, B0H79FYCHX, B0H6PVSK86, B0H6PTM5X8, B0H75GRH5F, B0H75N7TWB, B0H6PKZW3J, B0H75CV681, B0H75G91SH]",amzn1.campaign.1OS5F1M0T0YVD,InkRain Pillow Covers Sofa of 2 Decor Set 28x28 Inch Cotton Linen-8,InkRain,2026-09-04,2027-09-04,20.00%,5000.0,5000.0,121,800,false
[B0FJY9CPGJ],amzn1.campaign.4BHR1RG720DG,Earn 10% Commission | Dream Catcher LED String Lights Amazon Collaboration,DOMORA HOME,2026-09-04,2026-10-14,10.00%,5000.0,4999.0,122,800,false
"[B0D142Z8FY, B0DGKP2DQ4, B0G5LTBYXR, B0D14CZN4G, B0G5LRWN5N, B0D142LTXB, B0G5LTSQ39, B0G5LVLDRT, B0G5LT98TP, B0G5LWM39W, B0G5LT4RYV, B0DGL1HYZ8, B0D13V486J, B0D141WNLB, B0D14GLRTT, B0G5LY8MJT, B0D14GQ1GM, B0DGKZJ38K, B0DGKKCQ1G, B0D145NGXR]",amzn1.campaign.3E1N75CEVKD5J,WDCOZY Cloud Quilt | 10% Commission | $200K Budget | Permanent,WDCOZY,2026-09-04,2027-09-04,10.00%,200000.0,199988.03,85,800,false
"[B07FX1FK51, B07FXL782M, B09FF31FZS, B099JXBJNT, B09FF3V8QR, B099JWTYHY, B07X2FT3P4, B08CRBF5SG, B07WYWCQVS, B08CRJ84Z2, B07X2D656N, B08CRLVHW2, B07X2CPSSJ, B099K4KG94, B099K5Y765, B07X2GBQRN, B07WYWCMWG, B08CRGQM14, B09FF317XD, B07X2CZ8PM, B07X2G24H6, B07FXVF6YZ, B099K58G7H, B07X2G54S8, B07WD493T1, B07FXDW4G1, B07FX8FGNP, B07WPRCDV5, B07FXCX5NJ, B07X2CMB7T, B08CR1F27L, B08CQTRBCQ]",amzn1.campaign.JTWGN7HUGJER,"15%Commission, 10%Off Discount Ginasy High Rise Black Leather Pants-26-9.3-15",Ginasy,2026-09-04,2026-10-18,15.00%,5000.0,5000.0,133,800,false
[B0B4WNCMD2],amzn1.campaign.3OWQK5F618US5,10000mAh Rechargeable Hand Warmer Pouch for Winter Camping & Xmas Gifts!,VanSmaGo,2026-09-04,2027-09-04,10.00%,5000.0,4974.8,115,800,false
"[B0H7B7MRT5, B0H7B4QLKT, B0H7B2MLCN, B0H7B4JYJ7, B0H7BCWNYR, B0H79XPTZQ, B0H7B2JKBN, B0H7B3BVCQ, B0H7B87T77, B0H79YKSXB, B0H79YQ4WC, B0H7B6F85Q, B0H79Y5KY1, B0H79VKTGS, B0H7B6FJJK]",amzn1.campaign.2AJGJWDSOXXGS,A503 creator 11% 2026.9.2,Abonlen,2026-09-04,2026-11-01,11.00%,5200.0,5041.6,97,800,false
"[B0GHQXRNSK, B0GQB4J14K, B0GQ9TCBJL, B0GQ9N2KCK, B0F43FQMP3]",amzn1.campaign.FZZR8TQAMQD4,🍄 Unexpected Amazon Find | Mushrooms with a Glow-in-the-Dark Twist,neexan,2026-09-04,2027-09-01,16.00%,1000000.0,1000000.0,140,800,false
"[B0H98T1FFY, B0GTVN5G74, B0GTVCQW13, B0GTVH61CT, B0GTVM4LGR, B0H98SYXH7, B0H98SM4CR, B0H98TT3QW, B0H98WWM9S, B0H98GDL5F, B0H98RR8YZ, B0GTV9SRS1, B0H98QKFFN, B0GTVL5GGV, B0GTVKWBHD, B0GTVRGFW6, B0GTVH57WV, B0H98GLWTC]",amzn1.campaign.X5KCOSRRTC65,Earn high commissions——Experience fashion style with Hathne!0028,hathne,2026-09-01,2027-03-02,16.30%,5000.0,5000.0,164,800,false
"[B0H7SGY2SK, B0H7SGNY1J, B0H7SMHRMX, B0H7SNWH79]",amzn1.campaign.1OR15SPCL62RO,"🌿 Outdoor freedom, indoor safety. 20% OFF – Garvee Walk-in Catio #Eva",Garvee,2026-09-04,2026-11-30,10.00%,10000.0,10000.0,134,800,false
[B099DTQVDZ],amzn1.campaign.1E3HFV2X6C2JP,Campaign Name: Kitchen Sponges 24pcs | 10% Comm | Home & Travel Essentials,GUINIFAO,2026-09-04,2026-12-31,10.00%,5000.0,5000.0,123,800,false
"[B0GQS3N6FG, B0GQS2GRTS, B0GQS5FS87, B0GQSJYD6L, B0GQRSTN49]",amzn1.campaign.3K9AZ2U9O0HOY,红色破洞牛仔裤+9.2,Arkordi,2026-09-04,2027-01-25,15.00%,5000.0,5000.0,162,800,false
"[B0F8B6RRHB, B0F8B7JNZB, B0F8HG5M2Y]",amzn1.campaign.22UK8UHISDGIC,新品睫毛促销,Houldhowd,2026-09-04,2026-12-31,20.00%,5000.0,5000.0,125,800,false
"[B0FJQKQYWS, B0H7JB8NHV, B0H7JK1VQP]",amzn1.campaign.3UUNK5B96RECL,C2-902 10s,ToLife,2026-09-04,2026-10-04,10.00%,5000.0,5000.0,96,800,false
"[B07FX1FK51, B07FXL782M, B09FF31FZS, B099JXBJNT, B09FF3V8QR, B099JWTYHY, B07X2FT3P4, B08CRBF5SG, B07WYWCQVS, B08CRJ84Z2, B07X2D656N, B08CRLVHW2, B07X2CPSSJ, B099K4KG94, B099K5Y765, B07X2GBQRN, B07WYWCMWG, B08CRGQM14, B09FF317XD, B07X2CZ8PM, B07X2G24H6, B07FXVF6YZ, B099K58G7H, B07X2G54S8, B07WD493T1, B07FXDW4G1, B07FX8FGNP, B07WPRCDV5, B07FXCX5NJ, B07X2CMB7T, B08CR1F27L, B08CQTRBCQ]",amzn1.campaign.1PX2B1JV1IR3L,"15%Commission, 10%Off Discount PU Fleece Lined Shiny Leggings Women-26-9.3-14",Ginasy,2026-09-04,2026-10-17,15.00%,5000.0,5000.0,138,800,false
"[B0H98T1FFY, B0GTVN5G74, B0GTVCQW13, B0GTVH61CT, B0GTVM4LGR, B0H98SYXH7, B0H98SM4CR, B0H98TT3QW, B0H98WWM9S, B0H98GDL5F, B0H98RR8YZ, B0GTV9SRS1, B0H98QKFFN, B0GTVL5GGV, B0GTVKWBHD, B0GTVRGFW6, B0GTVH57WV, B0H98GLWTC]",amzn1.campaign.URUPM0BGCSH7,Earn high commissions——Experience fashion style with Hathne!0028,hathne,2026-09-01,2027-03-02,16.28%,5000.0,5000.0,160,800,false
"[B0GQS3N6FG, B0GQS2GRTS, B0GQS5FS87, B0GQSJYD6L, B0GQRSTN49]",amzn1.campaign.H4OW3XG9MFPO,红色破洞牛仔裤+9.2,Arkordi,2026-09-04,2027-01-24,15.00%,5000.0,5000.0,162,800,false
"[B0H6PB1J33, B0H6P1XZ4D, B0H6MJ2G2X, B0H6P4R6LK, B0H6P92BYM, B0H6NX34QM, B0H6PCPTPP, B0H6P9NSGC, B0H6P6H879, B0H6PFYHJM, B0H6P5Q86V, B0H6PFCK1V, B0H6NZMGS2, B0H6P438MG, B0H6P5K6DW, B0H6NZQP9J, B0H6P5Q86C, B0H6PDDMK3, B0H6MKG2RH, B0H6PBLB2L, B0H6P5QJZM, B0H6P91JKD, B0H6P2NY52, B0H6P787JC, B0H6P53L76, B0H6P32NY5, B0H6PD3Y5C, B0H6P6CQ54, B0H6P9JQMY, B0H6P14H8Z, B0H6P36S62, B0H6PDRF41, B0H6P3VSXM, B0H6P98FMW, B0H6MJN37V, B0H6MB1QF8, B0H6P9MY33, B0H6MDZ38K, B0H6NYKF1K, B0H6P5V8J3, B0H6P3963Y, B0H6MLH67V, B0H6MLH684, B0H6P3VSWW, B0H6PCX1WS, B0H6MHN34D, B0H6NX4SH4, B0H6MDLKQ5, B0H6PB438Y, B0H6PDYJJG, B0H6P45VF1, B0H6P7W3HW, B0H6M97KFB, B0H6P9QCBL, B0H6P6H7YX, B0H6MB1QD2, B0H6P23P6Y, B0H6P3YRP3, B0H6NYS43Z, B0H6P9DKYC, B0H6P6HFXG, B0H6NWM8CM, B0H6MFDK9B, B0H6NZ8FKV, B0H6NWYNK5, B0H6PDH41S, B0H6P5T8R6, B0H6NZTF8C, B0H6PB438G, B0H6NZC1B6, B0H6MJ9XFB, B0H6P15K7T, B0H6P6HQJN, B0H6MLK8WZ, B0H6PDQDY2, B0H6PCP4X8, B0H6NZFZFW, B0H6P99XRL, B0H6PDCWG6, B0H6PC84R3, B0H6P8GYFM, B0H6NZFZG1, B0H6P7M2CN, B0H6M9C55P, B0H6PDC9M6, B0H6P4283V, B0H6MJQ69Q, B0H6P2Z9YC, B0H6P7Q3YW, B0H6P97NBW, B0H6P9NWPK, B0H6P8N1B6, B0H6P9K4KP, B0H6P73CGC, B0H6MG587G, B0H6P5QK55, B0H6PB7WT4, B0H6P3DK2H, B0H6P7LJKD, B0H6P9RS32, B0H6P2THYG, B0H6P2N6GM, B0H6PDLFM6, B0H6P5WTVV, B0H6MKM27J, B0H6NWZX7P, B0H6NWYLC1, B0H6P72BJ4, B0H6P1983D, B0H6PCWHMS, B0H6NWYPND, B0H6PB33VT, B0H6PK8N3H, B0H6MCXM5Z, B0H6P86PZS, B0H6MG62KX, B0H6NZZ8F1, B0H6P6F5MQ, B0H6PC97PF, B0H6MJQ3GH, B0H6MCSGZR, B0H6NY5N9R, B0H6P89C6K, B0H6P4CZYM, B0H6P3PKPY, B0H6MHDFM4, B0H6P73CF7, B0H6P1K5N1, B0H6PD684N, B0H6P4W54N, B0H6PCJRRP, B0H6P4VT4Q, B0H6MBXPYB, B0H6P4V5Y9, B0H6P1K5N4, B0H6PDD4CH, B0H6P8B1YZ, B0H6M1RD65, B0H6P2MDHZ, B0H6P2VSKS, B0H6PB33VF, B0H6MGJLD2, B0H6PC2RZ6, B0H6P8FDYZ, B0H6P34RTJ, B0H6NXD3QF, B0H6NWPY3H, B0H6P3LXXZ, B0H6M4XYQN, B0H6NYWLNV, B0H6PCCKXK, B0H6P3T8BZ, B0H6NYPPM4, B0H6P6HBH2, B0H6P2KDQR, B0H6PB1BWG, B0H6M7Z86G, B0H6P56PRT, B0H6P438H3, B0H6P4DYW2, B0H6NXBQTZ, B0H6P6FSLD, B0H6NWZX72, B0H6PBZ5BJ, B0H6MFWPDQ, B0H6P6CS4Q, B0H6PBKJYD, B0H6PBZ5BN, B0H6MLMN4F, B0H6P95CM7, B0H6PB2D6R, B0H6P32NTH, B0H6P5JPZ8, B0H6PD4STG, B0H6P62K9Z, B0H6P89KLS, B0H6PFGYNS, B0H6P5DV6B, B0H6PG9D2L, B0H6MFM7QW, B0H6MBL6DJ, B0H6MD3HZD, B0H6P6MSYN, B0H6P2SB77, B0H6P1S2TW, B0H6NV6B1D, B0H6P73CJN, B0H6P6M884, B0H6P6WH9T, B0H6PD9CG9, B0H6NZH8TQ, B0H6P782P1, B0H6P5J6XV, B0H6P1XNN6, B0H6P6DZ5P, B0H6P43BQ6, B0H6P5SCWN, B0H6PB22RC, B0H6PB4H6Q, B0H6PB1DXQ, B0H6PDF8KT, B0H6PDF8KS, B0H6P7YH9F, B0H6NZH8V8, B0H6P6XQJ9, B0H6PH99CG, B0H6P5J6WT, B0H6PH99BV, B0H6NVYLWR, B0H6P337WC, B0H6P8M24C, B0H6MJ7QG8, B0H6NZZS21, B0H6PDHQXG, B0H6MBLDL7, B0H6P5B3M7, B0H6P7GGJF, B0H6P27PZ7, B0H6P68J88, B0H6PBQB23, B0H6P6JLG4, B0H6P292Y6, B0H6P58H2N, B0H6P8YNF8, B0H6P2PC5T, B0H6P1CFY4, B0H6P4C6JF, B0H6PC8N7B, B0H6P5R8F4, B0H6NZ8MLG, B0H6P59Z2K, B0H6P886ZM, B0H6P9TMX6, B0H6P16R5P, B0H6P782N4, B0H6NYWP13, B0H6MJ18J4, B0H6P16C7W, B0H6MFBM1D, B0H6ML6B51, B0H6P69Z5Q, B0H6MBGS5K, B0H6MJSWF4, B0H6P17S3T, B0H6P57YZK, B0H6P2MHJM, B0H6P3NXKP, B0H6NZGYTC, B0H6MJLF98, B0H6P3LY1N, B0H6P4KDR3, B0H6P3L6MH, B0H6PBHF31, B0H6MH3DV4, B0H6P7YRP6, B0H6P7Y4VV, B0H6MNM6G9, B0H6P8H7QC, B0H6P2LJ1M, B0H6P6FHQZ, B0H6P784WY, B0H6PCM6SM, B0H6PCTCY8, B0H6M6SXNV, B0H6P8CCXR, B0H6P91542, B0H6M8NN14, B0H6P6FFJL, B0H6P5DQF7, B0H6P4QFDR, B0H6P1QPLF, B0H6P5JS6R, B0H6MB14YL, B0H6NX5CW7, B0H6MJW31G, B0H6P9152L, B0H6P6FFKL, B0H6P27DFJ, B0H6P6XHZN, B0H6MCW7QK, B0H6MD17F6, B0H6M959WR, B0H6MHWRH8, B0H6P32TY9, B0H6MFZ9FX, B0H6P3TWYL, B0H6P93PC1, B0H6PD13FN, B0H6M4V38K, B0H6NZCT1J, B0H6M9WCKG, B0H6P3S936, B0H6PFBFCC, B0H6P2L3WT, B0H6P2XLDV, B0H6P2LQS5, B0H6P19WB5, B0H6P2LMJW, B0H6P5WRBC, B0H6PCS8HZ, B0H6P5VJT2, B0H6P7KG92, B0H6P33BCV, B0H6M9WCL8, B0H6P3CMJB, B0H6NZ8BPH, B0H6P9X66X, B0H6P9X66Y, B0H6NYKQ17, B0H6P4S8XF, B0H6P7T5XR, B0H6NX1YJR, B0H6PCWQP4, B0H6P1YMB2, B0H6PCCSZM, B0H6P8J11Z, B0H6P9X66B, B0H6NWQGCW, B0H6MK2RTS, B0H6PFKM7W, B0H6P7TZB1, B0H6PFF4TW, B0H6PPV8Z1, B0H6NX9L7Z, B0H6PPV8Z3, B0H6P7QQ8D, B0H6M5L1Z6, B0H6NYNJYM, B0H6P96D5T, B0H6PB7S8C, B0H6P83C9J, B0H6MG8BWL, B0H6P7XBL7, B0H6NWJ7SK, B0H6PDBCY7, B0H6P1GDH6, B0H6P1DRSY, B0H6P9NPNB, B0H6P194YV, B0H6PBFVQ3, B0H6NZX8ZD, B0H6MGX7B6, B0H6P3382R, B0H6P217TT, B0H6PCHPBJ, B0H6NZD96N, B0H6MGMNR4, B0H6PDMNNH, B0H6P86S73, B0H6P75KF7, B0H6P25PZM, B0H6P886XM, B0H6P53G8F, B0H6P3L6FN, B0H6NZ1NZ4, B0H6P1B2Z9, B0H6PDMLJW, B0H6NZD95Z, B0H6P7YVQ9, B0H6P1B2YR, B0H6P6WF38, B0H6P1MJCB, B0H6P6BZ99, B0H6P8525N, B0H6PBGLXW, B0H6M637WJ, B0H6MHWKSS, B0H6P68RCM, B0H6P6GMMF, B0H6P9PCLF, B0H6M83KFZ, B0H6P36GK8, B0H6P36GJX, B0H6MGRG4Y, B0H6PD5LRT, B0H6P75KBL, B0H6PB1YST, B0H6MG6GHG, B0H6P8Q5J2, B0H6P5L6PG, B0H6P5W92H, B0H6P5TC1F, B0H6NX3D6L, B0H6MDYMBQ, B0H6PBKJGP, B0H6PB85VW, B0H6P5DYM3, B0H6NV7MV2, B0H6P5MJTJ, B0H6P215SH, B0H6NX1YDZ, B0H6NWHFXN, B0H6P8XDR5, B0H6P91MR7, B0H6P37LCC, B0H6P8DWHQ, B0H6P8VX4V, B0H6NYBK6R, B0H6MNHPVC, B0H6P811VC, B0H6MNMSLZ, B0H6NWM5C3, B0H6PDN27B, B0H6PBNFV7, B0H6P5CR3D, B0H6NZPMV5, B0H6P7FS65, B0H6P4MS39, B0H6NWTSGV, B0H6P4HCBG, B0H6PCCT4F, B0H6PBKB5N, B0H6P2FL3K, B0H6MNKSR7, B0H6NWNSZ7, B0H6MJMLP7, B0H6P75X3C, B0H6PB9PFV, B0H6MGXTRG, B0H6P7NN2C, B0H6PB52W6, B0H6P2L43K, B0H6P8F15S, B0H6P9W6R7, B0H6PBHMSB, B0H6PB8YYS, B0H6PB8YZ4, B0H6P1VNF1, B0H6P2PK62, B0H6P7FS5C, B0H6NYHNJD, B0H6NWKSDS, B0H6MK5HPH, B0H6P4DVVH, B0H6PH7897, B0H6P39XWY, B0H6NX51FL, B0H6P2LFZ3, B0H6MFQ4DW, B0H6PB52TJ, B0H6MCZT47, B0H6MKTX99, B0H6P2LFYZ, B0H6P9HYJ2, B0H6P36275, B0H6P31Z4J, B0H6PHD9YB, B0H6NXBJLL, B0H6P5TYSW, B0H6NX79KC, B0H6P1VNGD, B0H6MJWN7W, B0H6P5TYSR, B0H6P5R881, B0H6NYJ74K, B0H6PB8YX7, B0H6P8FQ9R, B0H6P21Z12, B0H6NXBJL2, B0H6P6LJ39, B0H6MJKQC8, B0H6MGSL2K, B0H6P5R86Z, B0H6NWV7FM, B0H6NX2RJS, B0H6P23PY8, B0H6P3LXBS, B0H6P75X3V, B0H6P5T84G, B0H6P21Z1L, B0H6P2YWVJ, B0H6P2MLDB, B0H6PCCDPQ, B0H6P7Y8JX, B0H6PC7TSM, B0H6P1Z943, B0H6PBGPXF, B0H6P48ZG8, B0H6PFGVB3, B0H6PBL7XK, B0H6P5SF1Z, B0H6P3KWDS, B0H6P7T7Z1, B0H6NWSGQW, B0H6P5L8L5, B0H6P1ZL9N, B0H6P3W3YT, B0H6MJZHBW, B0H6PD48WW, B0H6PD7WKM, B0H6PCFZR1, B0H6P6GMG8, B0H6P91244, B0H6MHJV8Z, B0H6P2YM47, B0H6NYNBZC, B0H6M5YHND, B0H6P8KDG8, B0H6P9KK8R, B0H6P5VTYF, B0H6PC6C2Q, B0H6P36BK8, B0H6P4BGV7, B0H6P1JDKQ, B0H6PC3RYS, B0H6P5KPPD, B0H6P1CYXB, B0H6NYQS2N, B0H6P5997T, B0H6P7JXN8, B0H6P3BGR8, B0H6P953J7, B0H6P2QBWP, B0H6PC3RXS, B0H6P3ZVGG, B0H6P55PTH, B0H6PBF8H4, B0H6MCJ5PW, B0H6PB67V3, B0H6MGL61P, B0H6P6M57Y, B0H6P83FP5, B0H6MLHKZ4, B0H6P1VTHX, B0H6P4PDGS, B0H6P8YR6Q, B0H6P6B4X4, B0H6PG3GH9, B0H6P9ZHCT, B0H6PFBHYY, B0H6NWPV2W, B0H6MKZVVZ, B0H6P6M599, B0H6P28Z23, B0H6MLRFR1, B0H6P7HY37, B0H6NXMNQ7, B0H6P87M1B, B0H6P6FTKY, B0H6P47VV6, B0H6P3NK78, B0H6P9ZHC4, B0H6NXQVPF, B0H6P66KN3, B0H6P28M9R, B0H6P6VPYX, B0H6PGCNGJ, B0H6MFZP8Q, B0H6PFDFQM, B0H6P94CR4, B0H6P72Y9Y, B0H6PBNK1V, B0H6P953MX, B0H6MKCKJM, B0H6PBHQPT, B0H6NWLFZW, B0H6P2LG47, B0H6P4GJPK, B0H6PB8HNN, B0H6P6SXSG, B0H6PG831V, B0H6MJXS7W, B0H6P7QRPS, B0H6P2ZJ18, B0H6P737R9, B0H6P8XWGD, B0H6P5DGZN, B0H6MG4KG3, B0H6P4DVT3, B0H6NZD13M, B0H6P8CGFV, B0H6P7ZJC4, B0H6PDKWWP, B0H6P4MD54, B0H6P3FVGX, B0H6P3FVGZ, B0H6M9Z59P, B0H6NWNT19, B0H6P1DGKF, B0H6PC54R7, B0H6MCTCJ6, B0H6MJ848L, B0H6P23S7P, B0H6P24BSW, B0H6P8H76W, B0H6P47RR2, B0H6P6FF3M, B0H6P2L1JS, B0H6P6V7G6, B0H6M9DN18, B0H6P98C8J, B0H6P8JZMD, B0H6NWPMXX, B0H6P45H65, B0H6P35THP, B0H6P596JR, B0H6P98QV4, B0H6NXYGWV, B0H6PHD3YP, B0H6P79H6X, B0H6P2NJG7, B0H6NX47DC, B0H6MCQ9NN, B0H6PC87LS, B0H6MF9KFF, B0H6P4DKNH, B0H6PB376R, B0H6P91WTV, B0H6P17C76, B0H6NYCJCP, B0H6P5W5RM, B0H6MF4HPC, B0H6NXVT75, B0H6P6GJKL, B0H6PF9SQH, B0H6NYGRCY, B0H6PDXBKH, B0H6M7X3ZQ, B0H6PDD81Y, B0H6P66C31, B0H6P5NJVH, B0H6P3F494, B0H6P35XS4, B0H6M7ZKBP, B0H6NXXBNV, B0H6NYG8R1, B0H6P9GG1Z, B0H6LZHC59, B0H6MFTZW4, B0H6NYL15G, B0H6P24Z6F, B0H6P5RRYC, B0H6P1JSCX, B0H6P238X4, B0H6P5SDZM, B0H6PDBX8H, B0H6P5YJXH, B0H6P93SKR, B0H6MD5T5F, B0H6PD2M2L, B0H6P78KD7, B0H6P1FV62, B0H6NYLS4J, B0H6M8VTGC, B0H6M3NVMN, B0H6M9HV8H, B0H6M9Y5F1, B0H6P539FT, B0H6NXYGSW, B0H6LZL7YP, B0H6P9QW9W, B0H6P5C84G, B0H6MJGWJC, B0H6NZZV52, B0H6P9HTNS, B0H6MHH46S, B0H6P1H5PL, B0H6P1VTCH, B0H6PDFM8F, B0H6P9QNHB, B0H6PCY4KN, B0H6P3FKJ7, B0H6P556YZ, B0H6MDN94Z, B0H6PBDKHN, B0H6P4K4QC, B0H6P8VLQG, B0H6MJHP68, B0H6PDMBP5, B0H6P334VK, B0H6MLPG5H, B0H6P48HT3, B0H6P5VCTY, B0H6MBH322, B0H6P6Y867, B0H6P5YJVS, B0H6P1JSG3, B0H6NZN6XV, B0H6P9CGC2, B0H6PDD86B, B0H6MNDPSP, B0H6NYWRRG, B0H6P78KC5, B0H6P7LR53, B0H6PDXSQJ, B0H6PDXSQK, B0H6P1Q21J, B0H6P7PWSV, B0H6P75192, B0H6M5DV5K, B0H6P5643Z, B0H6P6B31P, B0H6P2RVZC, B0H6NXXBKX, B0H6P6VQ1H, B0H6NXDBGC, B0H6P3GYCR, B0H6NWZM32, B0H6MB4JHL, B0H6P6KW34, B0H6P3Q3N6, B0H6MD91R3, B0H6P7K54B, B0H6MJ4881, B0H6M9R2Y5, B0H6NZDSMC, B0H6NWM5JH, B0H6P11CR9, B0H6P3G73B, B0H6P7VXZS, B0H6NYZJX7, B0H6P9W3V3, B0H6P7K558, B0H6PFLM1K, B0H6PDP97Y, B0H6P7SSYG, B0H6P5156Q, B0H6P8BRLG, B0H6P5WM91, B0H6P1H9M5, B0H6P7SSY8, B0H6P5K6LC, B0H6P1JS9Q, B0H6P7L882, B0H6P349P9, B0H6P5K6LD, B0H6P7SSXZ, B0H6NWJ4SS, B0H6P56HR2, B0H6P3PW8W, B0H6PCXQM4, B0H6P316T2, B0H6P72KHD, B0H6P6NYLX, B0H6NYTR54, B0H6NXCGR5, B0H6P62KG6, B0H6MF9QKY, B0H6P45VLF, B0H6PDDV5G, B0H6MBFHNK, B0H6MGX3ZB, B0H6PCNXYF, B0H6P4CYFP, B0H6P3YPPN, B0H6NWPN2R, B0H6PG52H5, B0H6P36WFS, B0H6P367GS, B0H6P2F61Z, B0H6P6NYN1, B0H6NWLY4N, B0H6P56X2D, B0H6NZCJ9N, B0H6P81BBZ, B0H6PBSM7P, B0H6P3C2XY, B0H6P4S416, B0H6P2S3G2, B0H6P9VWC8, B0H6P1Q5ML, B0H6PDSBDZ, B0H6PDP6W7, B0H6P3CRYH, B0H6PFD1VX, B0H6PBRL8B, B0H6PD6PW5, B0H6P8XPJS, B0H6P2Q5QV, B0H6P3CRXL, B0H6P7BD14, B0H6PFYHF1, B0H6MHKY1V, B0H6NZDSGD, B0H6PCWYBT, B0H6M9CK8B, B0H6NWVZ6F, B0H6P8LKCH, B0H6NZ9BFR, B0H6NZ6GYB, B0H6P35TFN, B0H6P6CM9C, B0H6NWX3CP, B0H6PCWCY6, B0H6MDB1QD, B0H6PDP6WP, B0H6P37P9V, B0H6P687P3, B0H6P2NLJC, B0H6P7LV4Y, B0H6NZDSHM, B0H6NZVKC3, B0H6P17P2F, B0H6PDFMCK, B0H6NXCGM1, B0H6P1C4Y1, B0H6NWVK7K, B0H6MGJ9S3, B0H6NZLD1X]",amzn1.campaign.15JWFF7AIAPRZ,InkRain Pillow Covers Sofa of 2 Decor Set 28x28 Inch Cotton Linen-7,InkRain,2026-09-04,2027-09-04,20.00%,5000.0,5000.0,119,800,false
[B0H7HW2RRF],amzn1.campaign.3JTT8TDDNAXH1,Earn 20% Commission Promoting 136GB Magnetic Voice Recorder,Zutiifeu,2026-09-09,2026-10-09,20.00%,5000.0,5000.0,124,800,false
"[B0GHQXRNSK, B0GQ9TCBJL, B0GQB4J14K, B0GQ9N2KCK, B0F43FQMP3]",amzn1.campaign.KGCJ3WVKQB6Q,Before & After 🍄 | Hide Ugly Toilet Bolts with Mushroom Decor,neexan,2026-09-04,2027-09-02,16.00%,999999.0,999999.0,130,800,false
"[B0FR5132V2, B0GC67B1Y5, B0FR56H16V, B0FR56JKSM, B0GC6MKZBW, B0FR56JBX1]",amzn1.campaign.21CRBTWI0FGSA,Durable Canvas Work Apron‑Creator Review Campaign,BOUND DUO,2026-09-04,2027-09-04,10.00%,5000.0,4987.41,121,800,false
"[B07FX1FK51, B07FXL782M, B09FF31FZS, B099JXBJNT, B09FF3V8QR, B099JWTYHY, B07X2FT3P4, B08CRBF5SG, B07WYWCQVS, B08CRJ84Z2, B07X2D656N, B08CRLVHW2, B07X2CPSSJ, B099K4KG94, B099K5Y765, B07X2GBQRN, B07WYWCMWG, B08CRGQM14, B09FF317XD, B07X2CZ8PM, B07X2G24H6, B07FXVF6YZ, B099K58G7H, B07X2G54S8, B07WD493T1, B07FXDW4G1, B07FX8FGNP, B07WPRCDV5, B07FXCX5NJ, B07X2CMB7T, B08CR1F27L, B08CQTRBCQ]",amzn1.campaign.1H1WQTA6F915A,"15%Commission, 10%Off Discount Fan Exclusive Faux Leather Leggings-26-9.3-13",Ginasy,2026-09-04,2026-10-16,15.00%,5000.0,5000.0,140,800,false
[B0H7HW2RRF],amzn1.campaign.166PHUMXF04VW,Easy 20% Commission Collaboration for High-Performance Voice Recorder,Zutiifeu,2026-09-08,2026-10-08,20.00%,5000.0,5000.0,127,800,false
"[B0GRFNT482, B0GRFQYKGJ, B0GRFKTNLV, B0GRG8CPX8, B0GRG74KTK, B0GRFRSP5K]",amzn1.campaign.2NQJN3HN2THOI,Fun Dragon Metal Tin Sign Keep Gate Closed Wall Art Decor,PlikPlakey,2026-09-04,2026-11-17,10.00%,5000.0,5000.0,128,800,false
"[B0F1XKTHY8, B0D9N5W5XR, B0F8B6RRHB]",amzn1.campaign.1K7Y9JNCTRY1N,眼睫毛促销广告,Houldhowd,2026-09-04,2026-12-31,20.00%,5000.0,5000.0,125,800,false
"[B0CHR5G2HV, B0DQZX8MTQ, B0BW8S7YPQ]",amzn1.campaign.12UC1I2JUE32E,promotion for synthetic lace wig,Fabunity,2026-09-04,2026-10-04,10.00%,5000.0,4997.63,123,800,false
"[B0GQS3N6FG, B0GQS2GRTS, B0GQS5FS87, B0GQSJYD6L, B0GQRSTN49]",amzn1.campaign.GB3O612XIWR7,红色破洞牛仔裤+9.2,Arkordi,2026-09-04,2027-01-23,15.00%,5000.0,5000.0,165,800,false
"[B0HCVSX9ZJ, B0HCVRGTTN, B0HCVQSFG4, B0HCVR6DN8, B0HCVSFLFK, B0HCVRLB5Y]",amzn1.campaign.2PIRFS49DM9NF,🧸New on Amazon! IDEALHOUSE Rug • Coupon Inside#SHL,IDEALHOUSE,2026-09-05,2026-11-30,10.00%,20000.0,20000.0,131,800,false
[B0H7HW2RRF],amzn1.campaign.1MDMZIQIRG14T,20% Commission Partnership – Multi-Functional Magnetic Voice Recorder,Zutiifeu,2026-09-06,2026-10-06,20.00%,5000.0,5000.0,138,800,false
"[B07FX1FK51, B07FXL782M, B09FF31FZS, B099JXBJNT, B09FF3V8QR, B099JWTYHY, B07X2FT3P4, B08CRBF5SG, B07WYWCQVS, B08CRJ84Z2, B07X2D656N, B08CRLVHW2, B07X2CPSSJ, B099K4KG94, B099K5Y765, B07X2GBQRN, B07WYWCMWG, B08CRGQM14, B09FF317XD, B07X2CZ8PM, B07X2G24H6, B07FXVF6YZ, B099K58G7H, B07X2G54S8, B07WD493T1, B07FXDW4G1, B07FX8FGNP, B07WPRCDV5, B07FXCX5NJ, B07X2CMB7T, B08CR1F27L, B08CQTRBCQ]",amzn1.campaign.8PK4ZZKW2U3,"15%Commission, 10%Off Discount Easy Styling Faux Leather Leggings-26-9.3-12",Ginasy,2026-09-04,2026-10-15,15.00%,5000.0,5000.0,143,800,false
"[B0H4YXMMQQ, B0H4YY1WY3, B0H4Z1VF5C, B0H4Z3GL2B, B0H4Z21DT1, B0H4YVG8M8, B0H4YZV9ZP, B0H4YTCGSP, B0H4Z4N71T, B0H4YYSWW1, B0H4YZSDPD, B0H4Z19TXS, B0H4YXY7KX, B0H4YXLG3J, B0H4YYQFBK, B0H4Z6BYX3, B0H4Z6SN4T, B0H4YXWJ8J, B0H4Z4TQMM, B0H4Z2QTYV, B0H4Z6LTKQ, B0H4YZ72JY, B0H4YNMJZT, B0H4YY1SV1, B0H4Z73JD6, B0H4Z22JB4, B0H4YQLY34, B0H4Z3BKJ6, B0H4YZ9XPS, B0H4Z69RHX, B0H4YY8CY4, B0H4YYGP2M]",amzn1.campaign.30EKCG91IGGZ8,10% Commission On BTFBM Women Casual Wide Leg Jeans Trendy BT907,BTFBM,2026-09-04,2026-10-04,10.00%,5000.0,4955.56,60,800,false
"[B0GHQXRNSK, B0GQB4J14K, B0GQ9TCBJL, B0GQ9N2KCK, B0F43FQMP3]",amzn1.campaign.1HP70W6HKZO4I,✨ Day-to-Night Demo | Glow Mushroom Toilet Bolt Covers,neexan,2026-09-04,2027-09-03,16.00%,100000.0,100000.0,141,800,false
"[B0H6LMV6LF, B0H6LVL2J5, B0H6LQHKPQ, B0H6LVPKNZ, B0H6LTDCZ7, B0H6M7RSXS, B0GZJXL2CD, B0H6LMJBFX, B0H6LHHCZ5, B0H6LV7YSZ, B0H6M3THLZ, B0H6LQHKPB, B0H6L97X2X, B0H6LVPKNJ, B0H6LM3RJ4, B0H6LNFBYH, B0H6LG9JP1, B0H6LJ2M7T, B0H6M62PMR, B0H6LT92ZH, B0H6M6B7LP, B0H6M6J742, B0H6MBTZ1F, B0GZK5LFXB, B0H6LHN4HS, B0H6LGF2Z4, B0H6L87YRQ, B0H6LRPX8N, B0GZK19C6W, B0H6LPZJ2N, B0H6LPZJ2H, B0H6LRK7BF, B0H6M4BHGV, B0H6LN2SVF, B0H6MB72VZ, B0H6LG3WXC, B0H6M62PNM, B0H6LZJDBM, B0H6M4BHHJ, B0H6LJG4K3, B0H6LM5VN9, B0H6LMJBHR, B0H6M2CYXH, B0H6LJKP4X, B0H6LPK54V, B0H6LM54KK, B0H6LG6H27, B0H6M1B6SG, B0H6MDZ37Y, B0H6M4BHHS, B0H6LJ4B75, B0H6M3T9S2, B0H6LDR7W9, B0H6L7PKBL, B0H6L8XLQP, B0H6LFD5DZ, B0H6M6ZDCS, B0H6MD79KL, B0H6L8BFG7, B0H6M79BDW, B0H6LKTMT9, B0H6L6GSPH, B0H6MB1DJB, B0H6LQL66Z, B0H6LMVXJN, B0H6LN7GHX, B0H6M773LY, B0H6LSD7BZ, B0H6LFD5F4, B0H6LJ9X4J, B0H6LRS6Q5, B0H6LPNYQT, B0H6M7V66C, B0H6L4YT4B, B0H6LQ5JBF, B0GZJW5JVZ, B0H6M4N1ZJ, B0H6L96ZVS, B0H6LHK3TB, B0H6LGHQ3P, B0H6LK69DR, B0H6MD79JN, B0H6LKM23R, B0H6L9TWYS, B0H6LK1ZVD, B0GZJZC4HL, B0H6LGK87S, B0H6L4ZXWZ, B0GZK5PV1D, B0GZJXKX32, B0H6LPW7SN, B0H6LMFWZV, B0H6LSL4GJ, B0H6LXFBFT, B0H6LRDTL4, B0H6LG674N, B0H6LGPVCS, B0GZJVLZLP, B0GZJVLZLJ, B0H6M3CFRX, B0H6LFKJXQ, B0H6LD11MP, B0H6M3CFS3, B0H6LP3NJQ, B0H6LGK87R, B0H6LLL9HV, B0H6LGSNB8, B0H6L9MFVW, B0H6LM5ZM6, B0H6LFYBTL, B0H6LP7L7S, B0H6LG7HHW, B0GZJWB9B8, B0H6LL38KW, B0H6LFZVXY, B0H6LKB65Z, B0H6LGSNBH, B0H6L3KJJF, B0H6M3TSJG, B0H6LG57M9, B0H6M9SQCV, B0H6L7Y914, B0H6M6V1M6, B0H6LJKFXJ, B0H6LSSCS8, B0H6M77X98, B0H6LM3MXF, B0GZK483BR, B0H6LXJSBL, B0H6LMZMGG, B0H6LC76SW, B0H6LKFBC8, B0H6M8DDSF, B0H6LF6P52, B0H6L4R9VJ, B0H6LS8KSJ, B0H6MB2F42, B0H6M4KJXX, B0H6LKYRLD, B0H6LQ9GL7, B0H6M8L12C, B0H6LB554M, B0H6M89QLN, B0H6LT7G2Q, B0H6LP4V3L, B0H6LDGDF3, B0H6LNJYPC, B0H6MH6S13, B0H6L97ZB2, B0H6LP4V3C, B0H6LTKDRL, B0H6L9BFZ6, B0H6LFW8DQ, B0H6M5CRDR, B0GZJTTS2T, B0H6LSSCTK, B0H6M9LNPT, B0H6M4JNDP, B0H6M6NXW3, B0H6LZHC3Z, B0H6MHRL1M, B0H6M93725, B0H6LLZ9W6, B0H6M98LM1, B0H6LF7YJ5, B0GZK4HMJR, B0H6M2JSNJ, B0H6M4RSWY, B0H6M6QSD3, B0H6LQL82S, B0H6LJH36B, B0H6MC6ZRC, B0H6M58H43, B0H6LCFL5J, B0H6LKYTHR, B0H6M3NN69, B0H6LJJ558, B0H6M9H86S, B0H6L9LY9L, B0GZK18JM8, B0GZK53CY1, B0H6LJM5LP, B0H6M3NN6R, B0GZJV9NCF, B0H6LRT7Y7, B0H6M24646, B0H6LLZ1HL, B0H6M7T6GY, B0H6LCQ8PZ, B0H6LCQ8PY, B0H6L94PRH, B0H6LPVKV9, B0H6MCJJ64, B0H6LF6L1C, B0H6M7SDF7, B0H6L7KYWZ, B0H6LSTDW2, B0H6LSXQD1, B0H6LV7DYW, B0H6LCYSMR, B0H6LF26SG, B0H6LKYTJV, B0H6LGVDFN, B0H6LF7YHR, B0GZJNRRF2, B0H6L4H4ND, B0H6LC6DXG, B0H6M1KNZ9, B0H6M6FRF8, B0H6LFYW54, B0GZJWWV4X, B0H6LMBCPV, B0GZK5K4H6, B0GZK412LC, B0GZJZCT9L, B0H6LNNKB8, B0H6LPTJX5, B0GZK81HK7, B0H6LB5X11, B0H6LDK7VN, B0H6M672S5, B0H6LDC2CR, B0H6LMBCPC, B0H6M4HBYD, B0H6LC6J4S, B0H6LLN825, B0H6LX7SBJ, B0H6LJ6HRT, B0H6MGYP43, B0H6LVVYH2, B0H6M7847S, B0H6LC7BCB, B0GZJX3JJB, B0H6L4PSWM, B0H6MB793M, B0H6L2HRGN, B0H6M8HH2W, B0H6M2F58L, B0H6LQF4WJ, B0H6L7DZ9J, B0H6MCDXNX, B0H6LJ6HSQ, B0H6LZGC8S, B0H6L8ZQJS, B0H6M9STNP, B0H6MCDXNS, B0H6LFWD2Y, B0H6LPJ6L4, B0H6LMFGNG, B0H6LDL8X2, B0H6LRN3GC, B0H6LLX6SL, B0H6M7NSVC, B0H6LKWSJY, B0H6M5WMG3, B0GZJXBXYC, B0H6LBBK2G, B0GZJYY1KX, B0H6LK5RP7, B0H6LFLPLY, B0H6LTG7LB, B0H6L7KR5Y, B0H6LK2C9N, B0H6LTHL1R, B0H6L2P3QR, B0H6M561SB, B0H6LZ2M11, B0H6M4P3FP, B0H6LFZFV2, B0H6LCYVK2, B0H6LJGD2C, B0H6LLMKXH, B0GZK2SJRT, B0GZJXSKTJ, B0H6LBRT73, B0H6LK6QBQ, B0H6LTG7MD, B0H6MHLTLL, B0GZJZT5FF, B0H6LKST1X, B0H6M999N4, B0GZJSV2BH, B0H6MHLTK9, B0H6LJBN63, B0H6M2HW2B, B0H6LCJ4T1, B0H6LHRH7X, B0H6M4VRSB, B0H6M54QZH, B0H6LBJY7W, B0H6MB7935, B0H6LS7VXB, B0H6LG7P1W, B0H6LKL5LY, B0H6L9CVYN, B0H6M9S54T, B0H6LT8KC2, B0H6M29HB1, B0H6LQH4M4, B0H6LX5SK4, B0H6M2PBPY, B0H6LCBBH6, B0H6M4V9CV, B0H6LBRT7Q, B0H6LVJ8PT, B0H6LQ5K26, B0H6LQ48PJ, B0H6M4FCG9, B0H6LPJZN6, B0H6LNV4XS, B0H6LV53DS, B0GZJRFWKD, B0H6LG27FC, B0H6M78XGR, B0H6M3RYKC, B0GZJW74HN, B0H6LJ2G2J, B0H6LM89SJ, B0H6LW3G8P, B0H6M713T1, B0H6MB9CL1, B0GZJM8L8V, B0H6M7Q6ZX, B0GZJW2BS9, B0GZK2K5V7, B0H6M1WT9Y, B0H6LQBB8Q, B0H6LH527T, B0H6LZ3ZLW, B0H6LGW6X9, B0H6LS3DBL, B0H6L7GW17, B0H6LZGKT6, B0H6LJ1535, B0H6LT59KY, B0H6LFWW3W, B0H6MBKQ2V, B0H6LVJ8RY, B0H6M8HLFP, B0H6M3RYM6, B0H6LDCXFB, B0H6M35DF6, B0GZJYF8KW, B0H6LZ744H, B0H6LGLTRN, B0H6MFCT35, B0H6LB3SFF, B0H6M7MM5J, B0H6M5Z4V9, B0H6LL3PM9, B0H6LDTHXH, B0GZJY9MZW, B0H6LLZZM1, B0H6LK7MVK, B0H6LJFC1X, B0H6LB3SF9, B0H6LD7JR6, B0H6M3FRNF, B0H6M531BN, B0H6L6HLQ7, B0H6M4SL61, B0H6LMMH2L, B0H6LW9NVP, B0H6M13YLY, B0H6M4SL64, B0GZJY9MZR, B0GZJQ5VCK, B0H6L6KBSZ, B0GZJVHX7X, B0H6M26P4T, B0H6M9JCQ2, B0GZK4Q7QR, B0GZJR1RC7, B0H6LGWXWQ, B0H6LTBRZB, B0H6LW8XPD, B0H6LNXY2Y, B0H6LTBRZ9, B0H6M9CY62, B0H6LL76GX, B0H6M88XP9, B0H6M59NLM, B0H6M8V64G, B0H6LGR8NK, B0H6LS1G1H, B0GZK19G4L, B0H6MCJMLW, B0H6LG8GYR, B0GZK42QCV, B0H6LN5H8B, B0H6LNXY3Y, B0H6LYSYJG, B0H6LDNP9S, B0H6LK4SFK, B0H6LR3HPT, B0H6LKXZH8, B0H6LMVH1P, B0H6LPRDDF, B0H6M2M4WS, B0H6LD88LC, B0H6LS1G32, B0H6M9DZ5B, B0H6LNW86H, B0H6M3M2SJ, B0H6LGM424, B0GZJPDYW9, B0H6LK287R, B0H6M8HLGD, B0H6M6GC3L, B0H6LPX4S1, B0H6L9XKNH, B0H6L97P7X, B0H6LDG26D, B0GZK27MHR, B0H6LM17B6, B0H6MBW3NZ, B0H6LFMQHK, B0H6LNW1FY, B0GZJQRMW6, B0H6LP28JW, B0H6LJ6NTL, B0H6LVGMJC, B0H6LG4YF8, B0H6M76KYX, B0GZK47XDH, B0H6LGSFCV, B0H6M88XPR, B0H6LMMKTZ, B0H6LNDN8J, B0GZK1QTTH, B0H6M6V4KT, B0H6M8HP4F, B0H6MHD99M, B0H6MHD99N, B0H6MDPB6G, B0GZJQ3MC5, B0H6M2CGWV, B0H6LM2F5D, B0H6M2CGY3, B0H6MC8176, B0GZK6VBY2, B0H6LFX6FV, B0H6LF9GDT, B0H6LLTJV7, B0H6MGY61Z, B0GZK6VBXY, B0H6L9FZKK, B0H6M4RPG9, B0H6LK2GPX, B0H6LKZCPT, B0GZJN8DVH, B0H6LB75VH, B0H6LH1LNZ, B0H6MDPB58, B0H6LF9GF2, B0H6L7B6DF, B0H6L7P2WT, B0H6LSSFQP, B0H6LZ3SCY, B0H6LH9N8W, B0H6M1MX57, B0H6LHBKY8, B0H6LZBQ3R, B0H6M2J2WT, B0GZJYLDGY, B0H6LT6LY5, B0H6M8WV2V, B0GZK1XQ5M, B0GZJRX5N8, B0H6L96G6B, B0GZJRX5N2, B0H6MD591W, B0H6M7H265, B0GZJVT8MH, B0H6L9HZFK, B0H6MDT4KN, B0H6LM9NMR, B0H6LMJZRW, B0H6M4JK73, B0H6LCZC16, B0H6LLN1RR, B0H6LBK27H, B0H6LPN92X, B0H6LM28WL, B0H6MFK113, B0H6M2W6VV, B0GZJMZVKW, B0H6MFPZ2G, B0H6LQWXZD, B0H6LHPYPX, B0H6L77CD7, B0H6M6M8S8, B0H6LG94G8, B0GZJTCD1S, B0H6LC82TL, B0H6LK1JV9, B0H6LM1SN4, B0H6LBCD47, B0H6LMJZQP, B0H6LBCD3M, B0H6LR9HW4, B0H6M53NFT, B0H6MBRL87, B0H6MBP4LK, B0H6L6HWSN, B0H6LSXL1M, B0H6L98JRS, B0GZJZDCCD, B0H6LBFWR7, B0H6LGDN8M, B0H6LRWM2L, B0H6LBCD4C, B0H6LCMP43, B0H6L96YV7, B0H6LQVG8Q, B0H6LKCKBD, B0GZJVPLCH, B0H6LLQVS9, B0H6LRTJ6F, B0H6LG5XYT, B0H6LKYSQG, B0H6LJKCYC, B0GZK6V1ZD, B0H6M4RW9W, B0H6LF5ZYT, B0H6M13R28, B0H6LQY8R8, B0H6LLN1SG, B0H6M2SD9Z, B0H6M8PZ8H, B0H6LZ5YTT, B0H6LKBD1F, B0H6LJJR11, B0H6LTC9QN, B0GZK36MWT, B0H6LMHZTP, B0H6LV4XCS, B0H6LB3V9K, B0H6LN7PWJ, B0GZK56CM2, B0H6L9C7VG, B0H6M1VZ8D, B0H6M9D4VF, B0H6LK39HP, B0GZJS498M, B0H6LKJ3XV, B0H6LK37F9, B0H6LVNJZS, B0H6LXDJBH, B0H6MCMMXJ, B0H6M9D4WW, B0H6LWPSLF, B0H6M2S9D8, B0H6L9C7VZ, B0GZJRDB7Y, B0H6LKSN5C, B0H6LS7J3J, B0H6M2BZ5B, B0H6LKSN5L, B0H6M5FQZB, B0GZJT53R2, B0H6M6WFW7, B0GZKMH6ZG, B0H6M5FQYP, B0GZJPG47M, B0H6LVB56H, B0H6LG1GXD, B0H6M9F8WP, B0H6LKCMCY, B0H6LGQ1L6, B0H6MH1LS3, B0H6LSS5Z3, B0H6LMJKRB, B0GZJMQJ9D, B0H6LX59KP, B0GZK2H6SV, B0H6M7XRN1, B0GZJPWL68, B0H6LL7D33, B0H6LMGHPL, B0H6LK6MC6, B0H6LL997M, B0H6L7V6PF, B0H6LFZSW1, B0H6LKSQW7, B0H6M54C4K, B0H6LSP9JJ, B0H6LR9K4J, B0H6LFX6DL, B0H6M45W5W, B0H6LVKYDM, B0H6LGHT18, B0H6M4SZD8, B0H6LK9KXC, B0H6LCL31X, B0GZK3JNBP, B0H6LQ695K, B0H6LJ45X5, B0H6LGTTNN, B0H6M7FRDZ, B0H6LM85YR, B0H6M4PHJB, B0H6M5J1RX, B0GZJSWCKZ, B0GZKC59RV, B0H6LJRNQ7, B0H6LGVXP1, B0H6MDSMDW, B0H6L7P7F2, B0H6LDPH6G, B0H6LXQF5T, B0H6MH732T, B0H6LDY795, B0H6LL3M1J, B0H6LDFWRD, B0H6LDFJXJ, B0H6LTPWLD, B0H6LNTJR3, B0H6M7XRR2, B0GZJR5HGV, B0H6MCFM4Y, B0H6LDBPBP, B0H6MCH183, B0H6M9157R, B0H6LBH886, B0H6L7J27G, B0H6LJWGML, B0H6MCRZLJ, B0H6LRTKBD, B0H6LBH41L, B0H6M4FNVT, B0GZK5FD53, B0H6LFCX8M, B0H6LFWMHD, B0GZK3RK87, B0H6LM4CZC, B0H6LSPTDH, B0H6MCHQ6W, B0H6LHFVSY, B0H6MBQYFC, B0H6MD2YJT, B0H6M93743, B0GZK5V7P9, B0H6L9FRM3, B0H6LDKLBJ, B0H6MC8ZVS, B0H6LJJXWS, B0GZJYFHRG, B0H6LNY8ZV, B0H6LYNFGC, B0H6LCL9VM, B0H6LJHLF8, B0H6LZR9DH, B0H6LFK2V6, B0H6LKWCKR, B0H6LFK2V3, B0GZJVWCJN, B0GZJXQYMY, B0H6LG2J1K, B0H6M8DSVV, B0H6LDDGLC, B0H6LCXGM3, B0GZJXVKD4, B0H6MF9MMC, B0H6M1PW7S, B0GZK6T45N, B0H6LP5N5N, B0H6LMJLFW, B0H6M2J3H8, B0H6M8NHGN, B0H6M77P6S, B0H6LC4KBN, B0H6LGT3FL, B0H6LJDB89, B0H6LFKRYG, B0H6MG8DCS, B0H6LGWR8T, B0H6MCN918, B0H6LFCR1D, B0H6M9T4T6, B0H6LK9YK1, B0H6LL6981, B0H6LG35L3, B0GZK3M187, B0H6LLNJ1P, B0H6LHSH55, B0H6LSC75R, B0H6LRK2DZ, B0H6LK8GL7, B0H6LH31F5, B0H6LQW9JZ, B0H6M9J9Y2, B0H6M5M47G, B0H6LCR9GT, B0H6LK5V1T, B0H6LGFVRY, B0H6M55QY6, B0H6LJ7WJF, B0H6LG11G9, B0H6M7HJZS, B0GZK6CCGB, B0H6M1B3XG, B0H6LDDKY5, B0H6LKMDHS, B0GZK6CCG6, B0H6LB3F9H, B0H6LJHLBJ, B0H6M2JNYT, B0GZJR4J64, B0H6LKKJZD, B0H6LFF94V, B0H6LM8Y1H, B0H6LGNQFW, B0H6MHNB5P, B0H6M7QDVJ, B0H6M3Y73P, B0H6LHVTYG, B0H6LFK4QZ, B0H6LJJ916, B0H6LGLT18, B0H6LCMP4B, B0H6MFV8CF, B0H6M3LPM2, B0H6M8K8VL, B0H6LH7PLZ, B0H6LLF2WN, B0H6MC1GQ5, B0H6LFXY4C, B0H6LC6YKT, B0GZJZ8F3Q, B0H6LKJKZW, B0H6MBXYZ8, B0H6LTC36T, B0H6M6LDBK, B0H6LMWF26, B0H6LQW7BH, B0H6LRBQXS, B0H6LGJT6J, B0H6M93PNG, B0H6M72BQ5, B0H6M5B8D5, B0H6M93B1Q, B0H6MGYD5Y, B0H6LGVVVK, B0H6M5QG65, B0H6M9W1G6, B0H6LH4ZGB, B0H6M4DQM7, B0H6LGF8K8, B0H6LK2F7P, B0H6LXDTD9, B0H6LHDXT6, B0H6LL2S57, B0H6MH6NYG, B0H6LFFVH5, B0H6M4K8G8, B0H6MFQSJ6, B0H6MF3KT5, B0GZJZ833S, B0H6LDHFYQ, B0H6LFLBND, B0H6LDH21B, B0H6LKFCR3, B0H6LMRSTN, B0H6M5QG7T, B0H6LRYGY6, B0H6L4YFR4, B0H6LGJXCS, B0H6LMTSMZ, B0H6LKDNLV, B0H6LCPNLR, B0H6MCHJN2, B0H6MBSB9D, B0H6LV5CJG, B0H6LQCS22, B0H6M8WSHQ, B0H6M64Z8M, B0H6LGC1JH, B0H6M8S1R8, B0H6LJ7PTF, B0H6LJ83XR, B0H6LGGYMM, B0H6M53Y4J, B0GZJY4HD9, B0GZJY8PGW, B0H6LQY547, B0H6LG7TRC, B0H6LFWG55, B0H6MCRZNS, B0H6LMF16Z, B0H6MF3KVH, B0H6LGNDNH, B0H6LMGKG8, B0H6M4HK86, B0H6LP4JHG, B0H6M7RPPC, B0H6LHVTZN, B0H6LQY52Y, B0H6LJNDYV, B0H6M7MJ1T]",amzn1.campaign.27V4YJ2H03PMX,InkRain Pillow Covers Sofa of 2 Decor Set 28x28 Inch Cotton Linen-6,InkRain,2026-09-04,2027-09-04,20.00%,5000.0,5000.0,122,800,false
"[B0H98T1FFY, B0GTVN5G74, B0GTVCQW13, B0GTVH61CT, B0GTVM4LGR, B0H98SYXH7, B0H98SM4CR, B0H98TT3QW, B0H98WWM9S, B0H98GDL5F, B0H98RR8YZ, B0GTV9SRS1, B0H98QKFFN, B0GTVL5GGV, B0GTVKWBHD, B0GTVRGFW6, B0GTVH57WV, B0H98GLWTC]",amzn1.campaign.167638Y26LWN,Earn high commissions——Experience fashion style with Hathne!0028,hathne,2026-09-01,2027-03-02,16.25%,5000.0,5000.0,160,800,false
"[B0GQS3N6FG, B0GQS2GRTS, B0GQS5FS87, B0GQSJYD6L, B0GQRSTN49]",amzn1.campaign.1RG1TZDPITQG9,红色破洞牛仔裤+9.2,Arkordi,2026-09-04,2027-01-22,15.00%,5000.0,5000.0,164,800,false
[B0FF4T7YMW],amzn1.campaign.G4AARH48TO1W,50% OFF – 8 Dual-Tip Pens = 16 Glitter Colors!,ANYUKE,2026-09-04,2026-10-04,10.00%,5000.0,4988.07,126,800,false
"[B0H7LJM86V, B0H7LLLR6F, B0H7LC52ZD, B0H7LMDZ72, B0H7LT15D6]",amzn1.campaign.1PFJOO4YHMX9M,Gold Butterfly Heart Snake Chain Charm Bracelet for Women Jewelry Promotion,CNYTPE,2026-09-04,2026-10-20,20.00%,5000.0,5000.0,115,800,false
"[B0DDXLDWS3, B0C4L99XJL, B0CC8Z1GV5, B0DPG5JLGS, B0CFTL33QW, B0DFH2Z2DV, B0FR1C873T, B0CFTHQ3FG, B0DPG45SKV, B0CP7K9G59, B0C4L8Z1PG, B0C4L992TH, B0CC1L3SVF, B0C4LBSQRR, B0C4L7TZJP, B0C4L9FPSL, B0DYTLYC2V, B0DYSPSS17, B0BX5N7YQX, B0CP7KW7SH, B0DYT258V2, B0CFTKFMRN, B0DPG5M5XP, B0DPG5M2JB, B0DPG3538C, B0C4L7T355, B0FQZYY5XR, B0DPG6G9Z3, B0DDX91VHS, B0DDX6N4YC, B0CFTKLNRJ, B0DPG4JYBZ, B0FR1D7KQX, B0CFTK6LC9, B0CC8Y2BC3, B0CC8XNNP3, B0BX5RWY98, B0DYT74SXY, B0DPG36NWY, B0DDXHFNRQ, B0DYT2DNQN, B0CP7M1CHP, B0DYT2BGWF, B0DPG5QRD9, B0CP7LP8XQ, B0C4LB7QSD, B0CFTHRV7F, B0C4LB3B4T, B0DPG2PHCX, B0C4L81M6J, B0FQZVYF7V, B0C4L9Y89G, B0D8KFQRMP, B0CB5XV8GF, B0BX5PWFBM, B0DPG4PV9L, B0C4L8TJTF, B0DPG58R8V, B0DYTDPTMW]",amzn1.campaign.PHK9BAK487EA,50% Commission - VONMELLI Most Popular Womens Belt M,VONMELLI,2026-09-04,2026-10-06,50.00%,5000.0,4992.51,113,800,false
[B0CRF576FF],amzn1.campaign.1QEFV7OBOJMSZ,NeaLia Magnetic Wireless Trailer Lights-33,NeaLia,2026-09-04,2026-10-05,20.00%,10000.0,9575.35,108,800,false
"[B0FFM15JSL, B0D9L5TDK4]",amzn1.campaign.SF4OO72QJF9T,BeYoutiful Face Mask Sets — Kids & Tween Skincare,BeYoutiful,2026-09-04,2027-02-28,10.00%,5000.0,4950.05,98,800,false
"[B0F65VF1FR, B0H1LMN3H8, B0H1LHP3SZ]",amzn1.campaign.1GBAG2K4UDEUQ,High sales|Trucozie Cordless Vacuum Cleaner T550 +11% Commission+$500 Budget,Trucozie,2026-09-04,2026-10-05,11.00%,50000.0,49736.99,31,800,false
"[B0GQS3N6FG, B0GQS2GRTS, B0GQS5FS87, B0GQSJYD6L, B0GQRSTN49]",amzn1.campaign.2YJ86KD01IFF9,红色破洞牛仔裤+9.2,Arkordi,2026-09-04,2027-01-21,15.00%,5000.0,5000.0,163,800,false
[B0HBVJVDVQ],amzn1.campaign.MIGL97UD3HWU,🔥😍15% commission for Dual Phone 4in1 Magnetic Charging Station,KPON,2026-09-05,2027-09-05,15.00%,5500.0,5500.0,128,800,false
"[B0HC6SJJVD, B0GDX9DNQH, B0FQVCKF9Y, B0G11HVBJ6, B0HC6J13JW, B0GDWTDJ6Y, B0HC6QNBJ1, B0HF4H16NH, B0HC6T75HV, B0FR7CL27S, B0FQVHTG6Y, B0HC6K5DM4, B0HC6WBL2D, B0GDXFF7WX, B0GQGXRWJ5, B0HC77XJ9T, B0GQH4ZNQY, B0FQVGVZ2X, B0FSZJ5CYN, B0G119WF3K, B0HC6RZCDP, B0HC6CQ6K2, B0HC6L6S3V, B0G11HV9HR, B0HC6KNBGQ, B0HF4L38VB, B0HC6V2S2W, B0HC6KQX1F, B0FSZGH85C, B0HF4S2YX6, B0FQVFVKXP, B0G119FN4Z, B0HC6R26B6, B0FQVK7NWT, B0GDXC8RJ6, B0GQH6CGS5, B0FR8LKD5M, B0HC6NXGXF, B0FR7NJZ5G, B0HC6PPFPS, B0HC6H3VBC, B0HC6TX9QB, B0HC6TX9QC, B0HC6PHWJ4, B0HC6NYCCZ, B0HC6NHMC3, B0FQVCL4F4, B0HC6M6DHQ, B0FSZK93PR, B0FQVCCGVG, B0FQVDHDQW, B0HC6TKY2B, B0GDXL1G4F, B0FQVCKQ65, B0FQVCKQ5R, B0FR7C8BTT, B0HF4WTX4X, B0HF4GXJCG, B0HC6T11TQ, B0G11BFY5S, B0HC6N1NPC, B0HC6K78YH, B0HC6H3GF2, B0HC6FB2ZS, B0FQVHTTKV, B0HC6W75MD, B0HF4MB7NM, B0HC6QZSHM, B0G11CMJ75, B0HF4HPZVR, B0FQVCDJH7, B0GDXMDN5W, B0FR7BQBN3, B0G115BC7X, B0FQVFNG5R, B0FQVMVWF9, B0HC6PSQGC, B0HC6PCS9X, B0HF4LX2W1, B0HC6W7YSF, B0GDXBPRD7, B0FQVSTHL9, B0FQVDQ4HJ, B0FR7XZPKH, B0FR7P6TR1, B0FR7BXBL6, B0HC6MJHKF, B0FR8TBZTJ, B0HC6PXM8Y, B0FSZHM8GY, B0FR7BHMYL, B0FQVC2DD2, B0FQVBD6WB, B0FQVFVR21, B0FQVFVR1Z, B0HC6JK559, B0FQVFQ8FG, B0HC6K5ZST, B0FQVHL9QB, B0HF4J8X7H, B0FSZF2QZB, B0FQVF9K1J, B0FR8T3H4V, B0FQW5FRVX, B0GDX9QHT5, B0GDX35ML4, B0FR7NWCV4, B0FSZCFN9F, B0GDX424X3, B0GDXJL553, B0HCBKQHGY, B0HC6GJ4SD, B0FR7BX2W2, B0FQVBX9CX, B0HC6M5GMM, B0FQVBH3GQ, B0FQVG3RDV, B0HC6N65CM, B0FQW5JQ3Q, B0FQVH16WY, B0GDWTBBSL, B0HC6QZ6L7, B0HC6MJ4Z8, B0FQVCBH62, B0HC6PFJBK, B0GDXC8RJF, B0FSZCFZXY, B0FSZCCSZK, B0HC6R2L8Y, B0GDXF1928, B0HC6LCYKG, B0HC6LD5S1, B0FQVBXMJJ, B0HC6J4PXG, B0HC6L86H5, B0HC71CYZD, B0HC6KK1YY, B0HC6PQJK1, B0FQVH26SP, B0FQVH2DWG, B0G11BVZKB, B0FQVPR1ND, B0HF46Q4MM, B0GDXN8DFQ, B0HC6SYR59, B0HC6M3RJ8, B0FQVY42Z4, B0FQVGSBDN, B0GDWZQVLK, B0GQH3SP84]",amzn1.campaign.33NAJ0ZVE9F9A,🔥Create Stunning Outfits With Viral Opal Rollneck Sweater,ReachMe,2026-09-04,2026-10-04,10.00%,10000.0,9789.73,118,800,false
[B0CDCGMFGP],amzn1.campaign.14CVB42ZR6NCI,Earn 10% Commission | Dream Catcher LED String Lights Amazon Collaboration,DOMORA HOME,2026-09-04,2026-10-14,10.00%,5000.0,5000.0,121,800,false
"[B0CYPVZ1MQ, B0CYPWJ92C, B0CYPWJH5Q, B0CKQ9QK5L, B0CKQBJW1H, B0CKQB4L2C, B0CYPY25NR, B0CYPWQZKQ, B0CKQ9M7XY, B0CYPY4TXX, B0CKQBPW7Q, B0CKQ8JDH3, B0CKQCPWZL, B0CKQ8R6DR, B0CKQ9N79N, B0CKQ9TGTK, B0CKQB4HRS, B0CYPW4DSK, B0CKQBWVC5, B0CYPVNX73, B0CKQB4DXN, B0CKQ9YSQV, B0CYPVCPBP, B0CKQ9MSZ2, B0CKQ8TZW9, B0CKQ92MKY, B0CYPVKQ4C]",amzn1.campaign.3IXF3O1PDZDHS,Holiday Travel Essentials: Earn 11% Commission on Every Mini Pillow 2-Pack⛷️🏄,NTBAY,2026-09-04,2027-09-04,11.00%,100000.0,99841.9,96,800,false
[B0FDJLSD83],amzn1.campaign.3RY8DQF78CRM2,Earn 15% Commission – Promote INSEETECH Smart WiFi Security Cameras WF840,INSEETECH,2026-09-04,2026-11-30,15.00%,5000.0,5000.0,120,800,false
"[B0GHQXRNSK, B0GQB4J14K, B0GQ9TCBJL, B0GQ9N2KCK, B0F43FQMP3]",amzn1.campaign.1241EL3K9FUGR,🍄 16% Commission | Glow-in-the-Dark Mushroom Bathroom Find,neexan,2026-09-04,2027-09-04,16.00%,999999.0,999999.0,139,800,false
"[B0GMC3H6KR, B0FGQ8HX77, B0BN2R35R8, B0CN6KJFKL, B0G5MSJYRS, B0GVDPWT8T, B0G3PFKH4D, B0FPVP5CR4, B0GVF6M3TT, B0GQSVN51K, B0G888ZT3J, B0GQGCZ87F, B0BMGY1SZQ, B0F9WQHPRB, B0F9WRRXGS, B0C1Z822RV, B0GMCFV5TQ, B0GKZRX6R9, B0GQXHZS83, B0GGB6SZHX, B0GJD53Y9J, B0FQ5Q2Z9C, B0FCFMPNSF, B0GRV5FQXL, B0GMCCZ35Z, B0DP7DXPT4, B0G6Y669BF, B0C5X62YYT, B0DX6VQXDB, B0GSTKJXTC, B0F1MQJ79L, B0C3CP9NPM, B0BVPV4Y6B, B0DM97YLYD, B0F1MRD9RP, B0DPWYYHT1, B0GHM2B9VD, B0GMC4JL2Y, B0D12J417K, B0CYBV5YZR, B0C7JY6JHK, B0F6MJ5VVJ, B0H3LK2QZ2, B0FF432ND8, B0H3L9SV1J, B0DP7G6VMS, B0FQ5PWM1B, B0DJ2ZKKWY, B0H3LNR41V, B0G4L8X7XN, B0FS6LM4K8, B0C7K1HP6T, B0G4L8PJ52, B0F2B2Q6FF, B0G8DHM82K, B0F5Q8C9YM, B0H3LHVKWM, B0GVDJR8VH, B0D2QQCZRV, B0FMRHR7Y9, B0F8VM3W55, B0H1CFFL46, B0FXXF53BY, B0FQ5S36Z6, B0GVF8K4F3, B0FS6D3BNH, B0F5Q34Z79, B0H3LRRMXW, B0GMBX8VXP, B0GCH6XGWM, B0G88TB3QW, B0GMC91Y2W, B0D93G3WCV, B0G8D4SXCD, B0CYFN6CDK, B0DBH618NW, B0GVDHCTMS, B0FQ5SCYSS, B0GST3H3MG, B0GMC4P1K8, B0FQ5SXTLS, B0GHM843HY, B0FQ5QS1L2, B0GVDWJJGX, B0GRVCV8PR, B0FGXM2XM9, B0FS5TZ7JF, B0H3LP7Z7F, B0H3LLXRLP, B0GRVNBC7M, B0DP7F5HWY, B0GMC9LS8C, B0DP7H413J, B0GHMMDLDX, B0DHRWT29G, B0GVDV97WF, B0H3LG198N, B0GVDMHDST, B0FVXFG517, B0GL1KNZCW, B0H3LNQ9BJ, B0GMCB519D, B0GFW8N37J, B0GST3G8YK, B0G4L9Z83T, B0H3LJY7K9, B0B1V187RP, B0GMC6P5YZ, B0FPVS7137, B0G2Q4P4LL, B0DP7H217Q, B0C5X7H1KD, B0G4MHQ48Q, B0G5N1SPT2, B0H3LNQD91, B0GRVMZ658, B0DL5RKQ86, B0H3LFBC99, B0DHRWSWHX, B0G8CT24DL, B0GKZVLVKW, B0DP22R1HT, B0F6MJJ21H, B0DPX1T5R2, B0GF1X56KZ, B0FXX6Z4J6, B0GKZZYRLV, B0B942W7XH, B0GN8YKX3M, B0CJ8QGXP9, B0CZ3829CK, B0DP7F5DM6, B0H3LNFLJS, B0GJDF2R3Y, B0BN2T5KGN, B0BN2R9113, B0G8F1Z92H, B0GJD8QH2L, B0FX3P2P58, B0GJDFQT8P, B0GMC4LT76, B0CS6MM8YX, B0DZHQXSPL, B0G4L8BSZF, B0G6YW8FR6, B0GSTQNVWY, B0BXJCQHHP, B0H1C73SBY, B0GRVP9L12, B0FS648C82, B0H3LCHFHM, B0GVFBQJCR, B0FS5VDNWT, B0GF1VRH9X, B0BNQDBZFB, B0H3LGTF65, B0GSTBJQFC, B0FF3VW2YN, B0G4L956JY, B0F6MK3Q1Q, B0GMC4N63R, B0FCFGXFLP, B0G3PCYCJC, B0FQ5SHFQL, B0G4L81ZXD, B0GMCB5JX1, B0DBH6924W, B0GRV9JGNL, B0FXXC17MC, B0H3LP9HDZ, B0G8DXNPNP, B0H1C1K6H3, B0BMGYT3K7, B0G5NF5GSK, B0DFWLT531, B0GHLXKS5L, B0H3LLPMDP, B0GMC9JM72, B0C7JY47R5, B0GJDH43TF, B0GCM12W23, B0GMCLR54P, B0G3PB4337, B0C1Z6RMDZ, B0GXVWKMP7, B0DL5R7CVR, B0DP7CT14K, B0CQWYMZXZ, B0H3LF9VF1, B0C5X7GJJM, B0F9WNNBKT, B0G8FSS789, B0FQ5RHLZJ, B0FQ5PN784, B0C5X8C5QN, B0GMC6RDM2, B0GSTQMMHL, B0GXVMQ5L9, B0B1TZS9NS, B0DL5S6469, B0BRW47YBF, B0DHRX55YS, B0GQFJZSXD, B0H3LFY9GB, B0GJD84KKH, B0BW9CPBBR, B0DLWBBQYK, B0G1LX67X5, B0G6YWXCHT, B0G6XRXWQQ, B0GX1XYGW6, B0FNCZQ5TF, B0BM4JTNNS, B0GSTN53L6, B0DHRYHFG5, B0DFW45YK6, B0GHLSYCYS, B0G1LSCNHN, B0DP2548S9, B0DM99HGD5, B0GQSVLCX3, B0FXX6W9W2, B0G1M233ZV, B0C5X5TXSK, B0GMC4M4RT, B0GX1RD6ZG, B0GN8TH1TD, B0G2KW3HJV, B0H3LGQMJ5, B0BRW3NSM7, B0GMBVZCTP, B0DFW4KPW4, B0G8D9WW27, B0DP22L3TB, B0GFWJMCRG, B0G5MS7VGL, B0CWL1MPBZ, B0C5X5Q686, B0GSTFYJRB, B0CQWZTQ6Z, B0GRVCHX1D, B0BGKVTZMT, B0GGBCJZ13, B0G4MMTPMV, B0DK2R44X6, B0FNCZG979, B0D8JDWC1B, B0GMC63LTN, B0G8DHGMC3, B0F6MKDTB6, B0GCM3BQ83, B0FS62YQNY, B0BGKYLJRX, B0GMCFWW5X, B0DR8LB19S, B0FS6797LF, B0CX4S4PBN, B0G48MXW8R, B0H3LJR5BK, B0GVFGHKKZ, B0GJDLYLC2, B0CX4RLQZ9, B0H3LGPNQ4, B0D2VT767B, B0GJDDDBPP, B0GVF6V499, B0DBVDDJM3, B0FCFJDG98, B0G8FN774N, B0FQ5VBNC4, B0G4L99445, B0H3LJPM95, B0B4P1WRN6, B0GMC5M6XS, B0GMCG5C91, B0GST98BY4, B0GZ39RX3G, B0G4L8RN9S, B0GRVMF5XH, B0GGB87142, B0D12JQNVT, B0BRW3GV4B, B0GHM5BZ1G, B0C3CN4CQF, B0DLW8GKW9, B0G5N1RDTT, B0BGKVMN46, B0H3LMVCNJ, B0C5X8CFZK, B0GSTH29B8, B0G4MJQ2LF, B0G6Z4463T, B0FXXCH731, B0GXVQ9NQD, B0G8DGK1V4, B0DL5S5J9H, B0G4L92D83, B0GJDG9YF9, B0GRVK28R6, B0DL5QX298, B0G2Q5KJ8H, B0H3LJZKF6, B0FL2C62WF, B0FS5M1X2T, B0G4L6GG2H, B0B941RF2P, B0H3LMBH41, B0FS67FBRC, B0GSTH29BM, B0FX3N5NFY, B0DPWYQ6VX, B0G1LX5V1M, B0GHZ18TD8, B0H3LL7XNS, B0GVF74322, B0F8VQT658, B0GCJ9HJY5, B0DPG67CY9, B0FQ5R6B1Y, B0GCHSZZBV, B0D93DBS4R, B0F6MKSBMJ, B0GST81T2M, B0DP22VPK8, B0G8D45HRC, B0G2QB26X2, B0GCM3PTPW, B0CX4PF2J1, B0G8DNYTRJ, B0FS5SLCW6, B0GQGCST5Y, B0GXVYRR4P, B0G8DSR9BZ, B0FX3NHC88, B0GVF4DLDV, B0DPWYH98C, B0CPY4KCZK, B0B74LC1PP, B0G4MHNX49, B0G6YW92QQ, B0DP22BF4N, B0F6MN19N6, B0DFW4ZW83, B0BW83XTW1, B0G4MKS4PC, B0F2B1HJV2, B0FLX8D977, B0GXVXG1QC, B0F9WRMJM3, B0GN1S4CP9, B0BXJBSMC8, B0G8D3YMND, B0G8CTZWDY, B0GRVMV93M, B0CN6KNH1Y, B0G8D45HRV, B0BRW3KNVH, B0DWMYRNG2, B0GXVQLGLD, B0D5WLL9QJ, B0GMC5RP7V, B0GCJPQ1TS, B0DC6RCY6R, B0DR8M69H2, B0D12H4JRW, B0G8FBXJWL, B0GMC12CHV, B0GFW552C7, B0G5N8MGL8, B0DM97PR1W, B0GMCH2XWX, B0H3LNTFB8, B0G5MXQ6CV, B0GRVCJB6L, B0GJDKP9ZM, B0GST94CQ1, B0DHRW89JV, B0GCJBH51B, B0GJDT7ZDN, B0FQ5PB3N6, B0FGXNMWQB, B0H3LFLY3G, B0G48Q2CVZ, B0DHRY17CP, B0BGKVM6BV, B0C6ST4MN4, B0G2PNFK4W, B0FGXN5V6M, B0BWRVNMYL, B0GVDPTKFF, B0F8VQTZB9, B0BLRGJFQ3, B0H3LFLGT4, B0C9ZBHR6D, B0F9WS7LRT, B0GJD8FQ46, B0GMBVMWYS, B0CH9W2JGB, B0G8CZTTR7, B0FNMVY3DD, B0G88ZN5DX, B0FQ5PTSZ3, B0GF21NYZ9, B0B7NDS947, B0G2Q7RNTK, B0D12HFV6V, B0DJXYDRPL, B0GMC8BM7S, B0F29Z9Q3P, B0GN1W3ZJQ, B0GMC81KXB, B0DJXTG37R, B0G8FB6Y99, B0G8F3222V, B0DHRWXTC8, B0G5MZLJVJ, B0GRVCXJYY, B0GMC3VWKP, B0GL15Z822, B0FGXMQD5F, B0GVDV84YD, B0F8VP5FSV, B0GMBYPTG4, B0F5Q4ZVXZ, B0GJDJBPPJ, B0F5Q5NBYP, B0FQ5R73K3, B0H3LJ76M2, B0G6Y9QX5N, B0CYFHGRC8, B0F1MT5BDH, B0GJDM5LZY, B0CQWZC9G4, B0GMC5QPV6, B0F1MSYKH5, B0F6MJHLVS, B0GJDPVSTZ, B0BMHWZDZJ, B0GQT539VX, B0G8D55R24, B0GVFGC3WM, B0G2Q28F26, B0G6Y3SW5H, B0GST4B2WH, B0GMCF7YMH, B0BMGXGJMD, B0C5X79JF4, B0BRW4Q797, B0DBH44SN2, B0FS5S8CHG, B0GKYCNTV7, B0GHM716KQ, B0GRW4XJN4, B0FQ5WSBP7, B0G89ND8NH, B0GCLMK9QC, B0GZ3423DH, B0GMCKFJMW, B0FQ5TNY7W, B0GVDN7HLK, B0DPWY6ZQG, B0GMCB6MKJ, B0GJDH8MM3, B0G6Y8NXYD, B0GSTH48QR, B0GCHWQ1V1, B0GX1TTJMK, B0DM957CL8, B0FCFMJ35M, B0H3LHTMZD, B0GN8MGTQN, B0F6MJD5WJ, B0FLX93RXZ, B0BN2RLQC8, B0FXXBQYBT, B0G8DRNX5J, B0DX6TDFCT, B0F1MRWR96, B0G6Y1849L, B0GX1P87LP, B0C5X8HH27, B0GQXYFCJS, B0G6XQHZSV, B0GVDJ5Q23, B0GKZNHQY2, B0BW83MCX8, B0FXX9TCNF, B0GN1T9JDM, B0C7K734XT, B0DP21RNCK, B0G2PT7VFL, B0GFWKK2J6, B0BN2R76KC, B0GJDXB791, B0F5Q7NRCX, B0GHLZFT6R, B0F5Q5WZRD, B0D5WLTPQ8, B0G4L9MWPJ, B0F2B38D3P, B0FS5SR8JR, B0CYFRQW47, B0CPY6JXS1, B0GCMBPSXV, B0GRVCQM17, B0BWRW49K8, B0GYPCPQDL, B0FMRHQZ4H, B0GCMLJHY9, B0GMCJZ7L7, B0FS67HWND, B0G7JKWWSG, B0F4K6MB44, B0GQFZKFS6, B0G4L6XRY7, B0BXJCD6B1, B0GMCB4279, B0H3LDM1DM, B0GRVGSYQQ, B0D12H7BTV, B0GCNCMF8Q, B0GJDPX3QB, B0GJDFTPRZ, B0F6MKH7MX, B0CX54NPC1, B0DLW85DT8, B0GSTGK3DN, B0F5Q8LXX8, B0G6Z1V8T2, B0BGKV5W5T, B0H3LM7976, B0CX4KLSTD, B0GMCCYG6C, B0CH9PXS6S, B0GRVJYPZN, B0GMBYM5X1, B0F9WQ41VP, B0DR8HG89G, B0F1MS1YXX, B0G8DY6CLV, B0FXXG64ZK, B0G4L9T43W, B0FQ5SNH83, B0GCMP7JBC, B0FXXBXYKN, B0G8DLQ9ZX, B0GHLPSV66, B0DHRYRSG7, B0FGXNR764, B0GHYR3RG4, B0GSTN7VWB, B0G8B5YZLH, B0D93FRTBB, B0G2PXW2HH, B0GHM2S246, B0GXVLXYDS, B0GJDDKX22, B0FQ5NP9SZ, B0C5X7KDJ4, B0FQ2GFRJN, B0F8VRSFKG, B0D9GF2PFL, B0GVDP1716, B0F8VL42DH, B0G8DH98KQ, B0C5X5JZQ6, B0GTPBB92N, B0GVFB47ZR, B0GJDQYDYW, B0H3LMSSGT, B0FCFGH6BH, B0FVWTQ2FF, B0DFW5GLMY, B0GL1DYT6D, B0GMC9NV3K, B0DLW9BHT2, B0BN2T21WX, B0BN2Q1RJF, B0F1MSKB7C, B0GCJNWPDS, B0FGXMNPQF, B0FMRFMT7Z, B0H3LHTFSB, B0DSB5TTHP, B0GX1SCS7D, B0GX1R2WLG, B0GRVDBWR9, B0GJDDL6NK, B0DHRYKLLN, B0DPWZS5CS, B0GMC2XFYW, B0GN94RXNQ, B0G8DFB6FY, B0H3LGNP5R, B0FNMV7LQ3, B0FQ5QNGCP, B0DJXWBQ8M, B0FMRJD6GY, B0D97GTLSM, B0GQT4G31M, B0GSTDL2HK, B0G8DZ3Z1B, B0GRVGJQ8L, B0GMCLP8GJ, B0G4MJW772, B0G5MHTKFG, B0D8JC9LMQ, B0F5Q7Y4JD, B0FMRGGW59, B0GHLPSV6C, B0FRRMYBMM, B0GQDWP62R, B0F5Q8FM7B, B0GQT6L5WL, B0F1MRMTKN, B0G6Z7DM2N, B0FS5XPG34, B0CH9WS2K2, B0GVDNF5J8, B0BW81TBFV, B0GX1ZK9MJ, B0CPY59VB1, B0H3LCNX6M, B0GJDBWMKX, B0CH9NP53N, B0FS5H74X6, B0DSB652D5, B0GQTBVJ7H, B0G48PFKVG, B0GN8TFLY2, B0CH9RV78H, B0GN8N3623, B0BN2SXH2B, B0BW96J9PN, B0H3LWXDCC, B0GMC5Y4ZB, B0C4LNG9MY, B0DWMYFHR6, B0DHRY827P, B0GCMSZVRR, B0GSTC9D6M, B0FQ5PT81R, B0GSTQW1YS, B0FXWBWR8S, B0DP7DTKZ8, B0FXX9YQ2C, B0GRVJLLS7, B0FVX93DYT, B0GMC5F645, B0D2VTRQ3M, B0DP27TZ21, B0G8D9FV8Z, B0GJDHMFTT, B0DC6NT6DH, B0GVDM35T3, B0GMC9ZH9V, B0G3P6RG4S, B0FGXNN6ZQ, B0BGL5B94W, B0GF29MRZ5, B0BLS6WBCW, B0GHM24T7D, B0FQ5RWVLR, B0CX4ZQTCF, B0G8CYYWG3, B0FQ5QW915, B0GMC1P8LF, B0F5Q7Y2J1, B0GMC5ZC1L, B0BLRB1N8K, B0GKYNK4SW, B0G5MHXSND, B0GVDJTJNW, B0DP7GZKP6, B0DP7FQDZ5, B0G8DXM6S7, B0CYSRYG2V, B0FXX9QHWT, B0FXX9MXBM, B0DPG5BMN3, B0CYBWBXLD, B0GJD11DKN, B0FNMWMLJV, B0C4LRLNDG, B0GVF9GFQD, B0D97HQ9CN, B0GXVT193Q, B0BYYR8TK9, B0GHYRJQHH, B0H1C42B7H, B0DJY1QGB8, B0B4P37X96, B0FQ5TM5FQ, B0G6XZDLP5, B0FXXCC4T1, B0C5X7M3JD, B0BMH3C8ZT, B0GSTQMD8G, B0GYP6X39N, B0C7K9NBWR, B0GVDP4CXL, B0GRV836NB, B0BLRMTT8P, B0GVDRH5GT, B0GCMYWRHK, B0FGXN2WJG, B0G4L96ZNT, B0F9WP3CJT, B0G8DG7R97, B0BLRYXPKM, B0BN2SM1X8, B0CWKL1JXN, B0FXXBSHF3, B0G2PPZBR8, B0FQ5PHXL6, B0G48PZLBM, B0B93WWFM7, B0GHM1N9W3, B0FMRM19Y9, B0GMBVN16Q, B0DP7FWJHB, B0GCGTJGNQ, B0GRVKH616, B0CR9MSWC4, B0GSTQNC11, B0DPWY3GDL, B0GVDXZ8XF, B0G3PG5WRQ, B0G2PMV49C, B0FQ5RPX8Z, B0FNMX2W3H, B0FSKBDFNN, B0DP22GZV3, B0DWMZXQVT, B0G8CTG76Q, B0GHLLQHCK, B0FQ5T3X7F, B0GZ3738FT, B0FXX9PVRF, B0DLW7FCPZ, B0FNCXR1D1, B0D12GYB81, B0BLRTXH3C, B0C5X9J9GG, B0G5N4TX72, B0GMC9M2ZW, B0C1Z9HL1T, B0DHRWVPHM, B0H3LGX9NV, B0CYFS92HX, B0GHLXHS87, B0DP23GGPD, B0H3LLD21F, B0BW9C8H4N, B0BLRCRN44, B0FXX9KSYP, B0C3CNJ9XY, B0GMC8HL8Z, B0G8FHQ94X, B0GYP95WJK, B0GXVWRBF9, B0CFF28687, B0G48RSVVD, B0F5Q8WFF5, B0GJDG124V, B0FS6CJHJ2, B0FQ5R274Z, B0GCHHBL8T, B0B93ZS6HC, B0CB2CZ6CP, B0F5Q9ZR1L, B0DP7G486G, B0DPWXY4HT, B0F1MTBTMH, B0GCHHSFZQ, B0GVDHPFRW, B0GJDB1HL5, B0C5X8M865, B0G6XXGT7H, B0G8DY61WT, B0G4MKQLGH, B0DPG5FZ5B, B0FVXFJ2K7, B0F5Q81D27, B0GHM1776Y, B0F29Z19V2, B0FL2CL3J4, B0GCH6RQS2, B0DHRVKPG1, B0GVDM6769, B0GJD9ZDL9, B0DP7DBR45, B0GVDKKWNX, B0GQSPRCR3, B0G4L7VTVD, B0GN2638FQ, B0DP7DBR44, B0BLRN3TBC, B0DP22QLYX, B0G4L7VTVB, B0F2BG4MJ5, B0GRVK1H4P, B0CX54R8X4, B0BVQLN3PH, B0H3LFJH32, B0G89DSY4R, B0C5X6NXJR, B0G48P9YBD, B0G8DNXV48, B0F245KD71, B0BWRRX56F, B0BM4J17ND, B0G8CZ87VK, B0FL2C1RWG, B0G6Y5XRQY, B0GVDRTMXV, B0CQWZDBLF, B0GVF5VB28, B0G4L6W9ZT, B0DLW8WKLM, B0DP7FQ656, B0GVDTTTMP, B0DP22WRQN, B0G1M2JT8V, B0D12JWG5Y, B0D93FTHWV, B0CZ396BTN, B0C5X999VG, B0GMC24CR2, B0CYSHKCZW, B0H3LCHZR1, B0CP8X5JCR, B0DP2269BS, B0GKY53GHR, B0G4L8267F, B0BMV9XYXW, B0CYBN3P8N, B0G4L72V1P, B0G1M4HHJ3, B0GVDKW31V, B0FQ5XLGX3, B0C5X87DZL, B0DFWKFXWR, B0DFWL8QXB, B0DJ2X5G4S, B0DP7DTS3B, B0GVFCH9XN, B0GVDHR212, B0H3LMKWWJ, B0G8DGZCLP, B0FS5SMPJ1, B0G8FFRFY2, B0CB37LZMR, B0BLS1QBTM, B0F29Z9ZH5, B0GVDPS1P4, B0BMVDNP3B, B0GHLPYGVL, B0H3LFS1TV, B0DFW5F88W, B0GVDD1SB8, B0F1MRB8F9, B0G4L8VJ1Y, B0GJDBT48P, B0GMCCZ9V7, B0FS5VBFC8, B0D12HXYC4, B0F5Q5Y77S, B0C7K66N1X, B0GJDVV5MZ, B0FS63W1NV, B0BL7K5K9Q, B0C5X7SM58, B0F8VPBR9B, B0BGKS9ZYZ, B0DJXTG3SW, B0CP8WZ2F8, B0F29YH3MQ, B0DP22P6L8, B0BGKW236R, B0FXX94Q2K, B0DPWX84TV, B0GVFG8PK1, B0F6MK31MQ, B0B7NKHXP9, B0GMC4RB94, B0G8F46H9T, B0DPWZTF48, B0FQ5QHL26, B0B4P1YTGD, B0G8DNJGFF, B0GMCG2YV9, B0G2QMDBCZ, B0F5Q97W2F, B0H3LNTMPD, B0H1C9XJ1M, B0G8CTGW8V, B0GMC89PM6, B0DP22T47W, B0DL5Q3M8C, B0GMC7D52B, B0GJDK71T5, B0GVDM3ZNS, B0GJDDPXNG, B0G5N1YRXR, B0G8F7V9S1, B0GQG6YF1N, B0GSTF1577, B0DPWYNPWJ, B0GJDG1VV1, B0FS68PGF3, B0GHMK9NS7, B0B1V1QDRD, B0G8DLB7L9, B0GSTLLKGZ, B0D12H8KK1, B0DLW79KYX, B0H3LHDH4T, B0G2PPLGDJ, B0FS6FX8Q3, B0DHZF63VQ, B0DL5RLRG7, B0GQF97TLQ, B0GMC6WHZB, B0FXWSR82X, B0G2PSXJPD, B0G5N9MQBJ, B0H2M6RY95, B0GVDFZCQ5, B0CH9R9V7R, B0FQ5PZCHT, B0FX2B4QRC, B0FXXBR2J7, B0C9ZDV26V, B0FXXFQMPD, B0DP7GQY6W, B0GMCGGZX5, B0FS5XC92Z, B0C1BY821K, B0BMGXPXYX, B0CYSKFYVM, B0FGXPSKLP, B0G5MW343P, B0FGXPSKLQ, B0GCJBNJL9, B0G4L6C55Q, B0GKYFSCLX, B0BYYRVMNN, B0BNQGLS3J, B0C7JVXFCG, B0G8DLB7KL, B0GCLMMXM3, B0FF4478Y5, B0G8DHGM92, B0GYP98BT5, B0GJD7BC1X, B0G6Y6T4MQ, B0GRVCC1N6, B0FX3R583V, B0FXX9XLYW, B0GVDGT7ZD, B0GQGJ8HCF, B0GMC5CBBC, B0FQ5SZCGQ, B0GJF143BW, B0FQ5SZCGP, B0DP7CSZ75, B0DHRX4ZPX, B0G8DZ6C2N, B0GVFF1NJR, B0GSTQBYQS, B0D5WLQ9FZ, B0GSTNCSTT, B0GJD451Y5, B0BBLFH11B, B0DPX12XTB, B0G8DSNY97, B0DBTJX2N7, B0DFW4HP36, B0G8DD7KMK, B0BL7K79Z6, B0DP21HY9P, B0BM4KHTNR, B0GVF7WWHZ, B0DR8KHMDC, B0GQXYX7ZS, B0DHZG5NPJ, B0GQXYX7ZR, B0G2QLHLQZ, B0C3CNSMQZ, B0GHYN2T22, B0FXXC8WHP, B0H3LHV3BJ, B0GVDLT2CM, B0GJDDC967, B0GHYS24MF, B0G4L9665Y, B0BMVCV2XD, B0BN2RHLG1, B0GF1XGWPQ, B0FQ5VHVMZ, B0F8VS247L, B0G5N4MCTS, B0D8JG8JTN, B0G4L98HTW, B0DHRVGYP3, B0H3LN46Y8, B0G8D9RV1X, B0GMBZN679, B0GFWG9B3K, B0DFW4V2BR, B0C5X72BJV, B0F8VSRYBP, B0DFW4TCJL, B0D12J2CHG, B0GJDT2S35, B0DJXX53Q7, B0GSTQ48YB, B0F5Q81HCH, B0D12JDCSH, B0GJDT2S2Z, B0GVDTWMC1, B0CN6HWSL2, B0CF11SCN9, B0GMC96QKV, B0GMBZ4XG5, B0DPG5W2JB, B0C1Z99JKL, B0F5Q4NRX2, B0GCJQ3MPM, B0D8JCSYRY, B0DJ2XYF4L, B0CFDZNWWK, B0FQ5T7JF2, B0DBV9LF8V, B0GZ39CY4W, B0FLX6WCJZ, B0G4L9BPDF, B0FS5SC3JK, B0D2QNSJBS, B0GSTD6VZC, B0DP2186BH, B0G895CBTT, B0GCN55GMX, B0C7K5WMTS, B0GHYPS6DY, B0FS6KTZ9N, B0GJDMQ286, B0GHYQPHTS, B0FF3YX2XW, B0DP7G9VQS, B0BNQFQ1DS, B0DC6MQP6B, B0GVDCPYZP, B0DPX2FTRX, B0CR9MJH32, B0G8DY4DRQ, B0GJDPDY9Q, B0BMGZMP32, B0GMC8XZWV, B0BMV9B3LT, B0GHYVGQR2, B0GHLJGKKX, B0G8DHCSJH, B0G5MZ6GSW, B0DP21JY2N, B0D8JFTVYM, B0DPWZXKM4, B0GMC4SHTZ, B0G8CNWD6L, B0GST4C15J, B0F1MTZ3VL, B0DBH58XJY, B0GRVK4331, B0GHYQN64R, B0FQ5S7GZJ, B0F8VS5VX8, B0D8JG6662, B0DJ2WM84W, B0DBVB8X4F, B0GSTMR7LP, B0GJDTKK62, B0GMCBTBZ1, B0CYBQ96BN, B0DP7FFN63, B0CX4WTLXK, B0CJ8QVD3R, B0D12HYQMS, B0F5Q4NRWY, B0GJDGPPC2]",amzn1.campaign.RFK7GCJU8V8L,Women Fashion Clearance at Low Prices 2,OYOANGLE,2026-09-04,2026-11-30,10.00%,5000.0,4932.21,91,800,false
"[B0DDXLDWS3, B0C4L99XJL, B0CC8Z1GV5, B0DPG5JLGS, B0CFTL33QW, B0DFH2Z2DV, B0FR1C873T, B0CFTHQ3FG, B0DPG45SKV, B0CP7K9G59, B0C4L8Z1PG, B0C4L992TH, B0CC1L3SVF, B0C4LBSQRR, B0C4L7TZJP, B0C4L9FPSL, B0DYTLYC2V, B0DYSPSS17, B0BX5N7YQX, B0CP7KW7SH, B0DYT258V2, B0CFTKFMRN, B0DPG5M5XP, B0DPG5M2JB, B0DPG3538C, B0C4L7T355, B0FQZYY5XR, B0DPG6G9Z3, B0DDX91VHS, B0DDX6N4YC, B0CFTKLNRJ, B0DPG4JYBZ, B0FR1D7KQX, B0CFTK6LC9, B0CC8Y2BC3, B0CC8XNNP3, B0BX5RWY98, B0DYT74SXY, B0DPG36NWY, B0DDXHFNRQ, B0DYT2DNQN, B0CP7M1CHP, B0DYT2BGWF, B0DPG5QRD9, B0CP7LP8XQ, B0C4LB7QSD, B0CFTHRV7F, B0C4LB3B4T, B0DPG2PHCX, B0C4L81M6J, B0FQZVYF7V, B0C4L9Y89G, B0D8KFQRMP, B0CB5XV8GF, B0BX5PWFBM, B0DPG4PV9L, B0C4L8TJTF, B0DPG58R8V, B0DYTDPTMW]",amzn1.campaign.1RHCYUBC18OTP,50% Commission - VONMELLI Most Popular Womens Belt M,VONMELLI,2026-09-04,2026-10-08,50.00%,5000.0,4745.25,88,800,false
[B0H397KX3B],amzn1.campaign.1OU5G2JZPSDLO,Hilizart Wrestling Headgear – Lightweight Breathable Ear Guard 15% commission,Hilizart,2026-09-04,2027-05-31,15.00%,5000.0,5000.0,138,800,false
"[B0GK8X14RX, B0GK8T5YPD]",amzn1.campaign.1V0GSKM294KN2,The Dirt Stops Here,Ezzomy,2026-09-04,2026-10-04,20.00%,5000.0,5000.0,126,800,false
"[B0H98T1FFY, B0GTVN5G74, B0GTVCQW13, B0GTVH61CT, B0GTVM4LGR, B0H98SYXH7, B0H98SM4CR, B0H98TT3QW, B0H98WWM9S, B0H98GDL5F, B0H98RR8YZ, B0GTV9SRS1, B0H98QKFFN, B0GTVL5GGV, B0GTVKWBHD, B0GTVRGFW6, B0GTVH57WV, B0H98GLWTC]",amzn1.campaign.1X535YR8R0W0F,Earn high commissions——Experience fashion style with Hathne!0028,hathne,2026-09-01,2027-03-02,16.22%,5000.0,5000.0,160,800,false
"[B0GRB5MFYX, B0GRB2DVQX, B0GR9YZZ25, B0GR9VZ1W3, B0GR9VWGZ9, B0GRB1JDVK, B0GRB6CHHY, B0GRB3TXR6, B0GR9VBWPP]",amzn1.campaign.6WY6O9028YSX,Funny Western Cowboy Metal Tin Sign Vintage Girl Cowboy Wall Decor,PlikPlakey,2026-09-04,2026-11-17,10.00%,5000.0,5000.0,131,800,false
"[B0GZJV91Q1, B0GXDZV4D4, B0GZJRFWC9, B0GZJXL2BV, B0GZJZPN6R, B0GZJV91PL, B0GZJS29H5, B0GZJXL2BY, B0GXK67KJY, B0GZK926WZ, B0GZJZZL59, B0GXDZV4CZ, B0GXHV6SPH, B0GZJVDBQL, B0GXDVGN1H, B0GZJQP1VT, B0GXHN3CW5, B0GZJN182D, B0GXF2YJFR, B0GZJMDGTG, B0GZKBD2C3, B0GZJQMTDP, B0GZJQ4CLD, B0GZK926WQ, B0GZJZ796N, B0GZK4KQN6, B0GXHVQPZT, B0GZK35GW1, B0GXDZN1TY, B0GXF8LYFP, B0GZJTQ7KP, B0GZKCM98G, B0GZJRX9TB, B0GZJSV6W9, B0GZKCM98D, B0GZJVPLC1, B0GZJYMM7X, B0GZJVPLC2, B0GZJS5F8P, B0GZJWPRS7, B0GZJTMGWJ, B0GZJTH7FG, B0GXHK9R41, B0GXJ1LQYB, B0GZJXVK4S, B0GXF43S2N, B0GXHQZDSV, B0GXJ3ZXGW, B0GZJXY7F7, B0GZJS7PG8, B0GXF8WMNJ, B0GXHJQ1GJ, B0GZK3XYS7, B0GZJYZ19Z, B0GXHJTNXB, B0GXHY8TXQ, B0GXF8J4DD, B0GXHGY1B4, B0GXHV6SS1, B0GZJXMLR1, B0GZK11V3R, B0GZK1Y14N, B0GXHNVWXV, B0GZJY4H78, B0GZJQV71N, B0GZJRLSL9, B0GZJNTFDZ, B0GXHGY2D4, B0GXHN3HB9, B0GZK2PR93, B0GZK968NJ, B0GZJVT8M8, B0GZJNJNQY, B0GXHWJ18M, B0GXJBFCYZ, B0GZK1B8FN, B0GZK19C6F, B0GXHRJNWW, B0GXDSB7GJ, B0GZJN1KV9, B0GZJX1TSC, B0GZJV4HKH, B0GXF959R1, B0GXJ64YGK, B0GZJXZDZR, B0GZK5HHJ3, B0GZJW9YBD, B0GZJSD817, B0GXHSZJCZ, B0GZK5HHJ5, B0GZK12Z7P, B0GXJ1HLYN, B0GZJV4HL5, B0GZJXZDZZ, B0GXF35DKM, B0GXF31LG9, B0GXHJ1VN7, B0GZJX9JH5, B0GZK937V3, B0GZK2GQ2J, B0GXHS18ZZ, B0GZJRX5MQ, B0GZK1JJ13, B0GXFFR91H, B0GXF36DH1, B0GXF95TH5, B0GXHGZ3DJ, B0GZK4TYD4, B0GZJYY7GB, B0GXHMDL45, B0GZK3JBPW, B0GZJS3Q64, B0GZJPZRYZ, B0GXJ1LYMS, B0GZK3LV35, B0GZK7LPZ3, B0GZJSZX27, B0GXHW6CZ3, B0GZK4YW31, B0GXHTPLHT, B0GZK3B3M1, B0GZJWP1TW, B0GZJT59GK, B0GXF2VJKM, B0GZJYRNQ2, B0GXF48PZF, B0GZJSDDLZ, B0GZK1GFR8, B0GXF4LL5Z, B0GZJTMPMN, B0GZK1GFQT, B0GZJYBSJ3, B0GZK44KHM, B0GZK3VW8H, B0GXHYFRP1, B0GZJRZ91H, B0GXF4V93Y, B0GXJ4SCQZ, B0GZJWFCWJ, B0GXHT42GV, B0GZJTMPLX, B0GZJYMHS9, B0GXHQWPPN, B0GZK672WL, B0GZJVZ381, B0GZJVTKYQ, B0GXDYMLL9, B0GXHKGTRW, B0GZJTCD1F, B0GZJVZNM2, B0GXF6LPFK, B0GXF3VWKQ, B0GXJB9LX8, B0GZJTGZ18, B0GXF564MF, B0GZJYMHS7, B0GZJYMHS6, B0GZJS3LNN, B0GZJMDGPY, B0GZJYFXG2, B0GZK3LV3H, B0GXF564MM, B0GXF37LRH, B0GZJSPH1V, B0GXF4SV34, B0GXF7MZ9Z, B0GZJW5ZSW, B0GZJVMZH8, B0GXFGQCH1, B0GXJ5WNC5, B0GZK3HMP5, B0GZJYPLPW, B0GZJXXCBJ, B0GXJD5S77, B0GXJ3PYCY, B0GZK3G9K2, B0GZJYJDRL, B0GXFB5XS3, B0GZJXDZKX, B0GZK1Q624, B0GXHWGXSF, B0GXF8QPKM, B0GXJ1DRV1, B0GZJWY1Z3, B0GZK1KMQL, B0GXHX297X, B0GZJRLSQ8, B0GZJWXP6Q, B0GZJRLSQ4, B0GZJWHRM4, B0GZJMP7KV, B0GZJN2N5J, B0GZJXR2RC, B0GZK4SYJD, B0GZK1R3HL, B0GXF22728, B0GXHXGV16, B0GZK1CD5Q, B0GXF3BVCR, B0GZK1QTLQ, B0GZJKFYDR, B0GXF5KVPB, B0GZJR27G8, B0GZJR27G7, B0GZK5L3XL, B0GXF43GW2, B0GZJXVWP4, B0GZK15KND, B0GXDY3L7H, B0GZJX36WH, B0GZJS7M7Q, B0GZK5L6QL, B0GZK483B8, B0GXJ2JPZT, B0GZK2S82M, B0GXHG22R1, B0GZJXKP94, B0GXJ66V1X, B0GZJKDBHM, B0GZK1JV3R, B0GZJV73S9, B0GZJX92SX, B0GZJRGG7Q, B0GXHXNMNF, B0GZJT3C4K, B0GXJ23WKN, B0GZJV91HS, B0GXF2TF58, B0GXHQPGMS, B0GZJVDXV2, B0GZK36MWM, B0GXF4656C, B0GZJZT8Y9, B0GZJVTFC7, B0GZK6W7XS, B0GZJYY7B1, B0GZJSQ4Z2, B0GZJMZD59, B0GZK92H3D, B0GZJT212W, B0GZJT2Q27, B0GXF6MCV8, B0GXFCMVDM, B0GZK5HD6R, B0GZJTD4DC, B0GXHMSZ98, B0GZJZ2X9D, B0GXHNMYLM, B0GZK6XGV9, B0GXHVG2F7, B0GZJXR963, B0GXJ49N18, B0GZJS356B, B0GXHRB5VY, B0GZJQNS8Y, B0GZJMCB1Q, B0GZJQP21H, B0GZK1BDG6, B0GZJR2791, B0GZJYD131, B0GXFCN8J7, B0GZKMH6YZ, B0GZJKGJR4, B0GZJXBSXS, B0GZJTDHNR, B0GXF33Q31, B0GZJX92PJ, B0GZJXDW7Y, B0GZJSGLGZ, B0GZJMZ67M, B0GXJ7DTHX, B0GXF2VBJ1, B0GZJYDR2P, B0GZJQC1Y1, B0GZJQDPS3, B0GXF16LYC, B0GXDWR9C1, B0GXDWV96F, B0GXHQWVV3, B0GXF6PGSH, B0GZJTGHDQ, B0GZK13BNQ, B0GXF3B725, B0GZJZ51B6, B0GZJKHHJ2, B0GZJR3NDQ, B0GXHQWVV8, B0GZJSWCGH, B0GXF6D86Y, B0GZK97HHH, B0GZJYDMPH, B0GZK269WF, B0GXF3SQP2, B0GZJY8P8S, B0GXHCQ3JL, B0GZK96YMK, B0GXHS1934, B0GXJ5BHKV, B0GZJYDMPF, B0GZJLFKTP, B0GZK4TCSV, B0GZJWF5R9, B0GZK4TCST, B0GZJZ9DBF, B0GZJP2FXM, B0GXF6SLQS, B0GXHWT3HH, B0GZJZ7923, B0GZJZJL9S, B0GXF59KZW, B0GZK1133K, B0GZJRGLH8, B0GZK1133M, B0GXF58NBB, B0GXHVF1K7, B0GXF4L5RY, B0GZJYYLNX, B0GZJR1R4G, B0GZJMM1SC, B0GZK15H1N, B0GXHZLW5C, B0GZJPHFV3, B0GZJLDKZ1, B0GZK5LFSZ, B0GXF9YNJG, B0GZJXXGC7, B0GZJY386J, B0GZJQVVKL, B0GXJ6673D, B0GZK2FR2L, B0GXF6JS8F, B0GZK2PR4N, B0GXDYG8MJ, B0GZK1Y18J, B0GZK1KTGM, B0GZJR453D, B0GXF8MPP7, B0GZJS8931, B0GXHKQK9G, B0GZJTYTKH, B0GZK5JB3Z, B0GXJ4YR8J, B0GXHQ445G, B0GXHLH1BJ, B0GXHCWSZW, B0GXF77NJX, B0GZK2HQLG, B0GZJVSNXK, B0GZK3YVH3, B0GZJT8XTP, B0GXHRYX1R, B0GXFBSFNG, B0GZJWRZ5M, B0GZK3YVH1, B0GZJTYTK4, B0GZJMDW65, B0GZK1LLT2, B0GXDWYK4V, B0GZJTW411, B0GXF2RN3B, B0GXJ213BS, B0GZJZWQ88, B0GZJN5GTP, B0GZJM98FG, B0GZJYDTRH, B0GZK1XCN7, B0GXHPPMN8, B0GXHPZ6BD, B0GZJSWJKS, B0GZJXFWMQ, B0GZJXZF15, B0GXHSFWLL, B0GXF1T58F, B0GZK45XKF, B0GXHT51X6, B0GZJSN1V9, B0GXF46RXB, B0GXHWTQHM, B0GZJSD1SY, B0GXJ632L3, B0GXDWRLBG, B0GZJS91TQ, B0GZJSNCX9, B0GXDY7J4Y, B0GZK26B2R, B0GZJZBR9J, B0GZK4P2Q9, B0GXF36461, B0GXHQVRJJ, B0GZJVDXNK, B0GZJXWLDZ, B0GZJVHLJR, B0GZK4P2Q7, B0GXHT9XWX, B0GXJ63Y7P, B0GXF96TRY, B0GXDWTGRW, B0GZJVHLJL, B0GXF15WYH, B0GXJ5WVFQ, B0GZK5JZXP, B0GZJVSKDR, B0GZJMNNRC, B0GXDXMM4H, B0GZJRC254, B0GXHMG8T9, B0GXHL5SZF, B0GZJV3225, B0GZJSVCBQ, B0GZJV3229, B0GXFB7MK8, B0GXHMXZCF, B0GZK57GKN, B0GZK1B4NX, B0GZJT49XY, B0GZJZ2CGG, B0GZJQBTX9, B0GZK57YNS, B0GZK2LC7S, B0GZK1YLZC, B0GZJS91TV, B0GXHTXJDJ, B0GZJYFHR7, B0GZJYSTC1, B0GZJRZ33P, B0GXHWLVK6, B0GZJQ6PMF, B0GZJXVKCH, B0GZJWBSLK, B0GXHVG5VM, B0GZK3CPQP, B0GZK3ZB15, B0GZJT3XX4, B0GZJZYQ53, B0GXF37PMC, B0GXHZQ8LR, B0GZJXD8T9, B0GZK2ZHYD, B0GZK1H1VM, B0GZJWBSL6, B0GXF3CCP2, B0GZJXVKCY, B0GXFGQWCH, B0GZJSFTSR, B0GXJ1HQ1P, B0GZJVC2CZ, B0GXF6R8WW, B0GXHMVHFP, B0GXF34LMR, B0GZJXX1QX, B0GZJYLHFS, B0GZJYNR3W, B0GXHTRNWJ, B0GZJWPHRF, B0GZJP6PH1, B0GZJPSP1G, B0GXDZBG7M, B0GXF9BQLC, B0GXHVSMC3, B0GZJWQVJG, B0GZJQSJ1V, B0GXJ2QN5J, B0GZJXDSPF, B0GZJVM74W, B0GZK3Y49C, B0GZK1PYLJ, B0GZJPHQ41, B0GXHZK26V, B0GZJVSBYF, B0GZK5P2YW, B0GZJS5K56, B0GXF32HG1, B0GXHTPGNS, B0GZK2P4PV, B0GZJT5JYR, B0GXK7JVZD, B0GZK13BTL, B0GXF9RTCH, B0GXHTR6G5, B0GZJS6L64, B0GZJS6L63, B0GZJQMT99, B0GZKC59KY, B0GXJ1L1MR, B0GXF3DDHP, B0GZK1HQ2T, B0GZK1N6M4, B0GXHYX1KJ, B0GXHV8P8S, B0GZK1XCHF, B0GXF3DDHH, B0GZK3J4G9, B0GZJMDBWN, B0GZJWHYKT, B0GXDSCNDP, B0GZK3M17L, B0GXF33Q3J, B0GZK1HQ32, B0GXHWDMT8, B0GZK6ST9K, B0GXHQWZ31, B0GZJVSNR9, B0GZJTDHJJ, B0GZJZ2CLB, B0GZJSTX5K, B0GXHWD7K1, B0GZJMPD43, B0GZJYV1ZJ, B0GXF5Z99W, B0GXHYG9K4, B0GZK112YR, B0GZJQC251, B0GZK13BT9, B0GZK1JHZZ, B0GXHRJHWP, B0GXF6RWPJ, B0GZJRC6B7, B0GZJYYBQV, B0GZJQVZLM, B0GZJY35HB, B0GZK1B1DD, B0GXF7K7JK, B0GZK15VT7, B0GZJKMZC1, B0GXF3CVQH, B0GXHWPQ8L, B0GZK6W7RT, B0GZJTR9BH, B0GZJQ7H5L, B0GZJMHG21, B0GZK6CCFF, B0GZK1B1D5, B0GZJTDHJ5, B0GZJQBGBL, B0GZK2PV6D, B0GXHVXVHG, B0GZK13T5F, B0GXJ2LBQ2, B0GZJV21YG, B0GZK12ZDK, B0GZK2VJMF, B0GXHXLF2W, B0GXF1SMGV, B0GXF5CGZM, B0GZJVS3ZZ, B0GZK2C9DD, B0GXHRSF8X, B0GZJRC6B4, B0GXF26PRX, B0GXDY1D3R, B0GXHX2M13, B0GXHXX6TF, B0GZJYB1KD, B0GZJTP2MB, B0GXF2ZX6W, B0GZK2Q8J8, B0GZJX5CQJ, B0GZJM8L8P, B0GXF6RCY2, B0GXHVYWHC, B0GZJNLQKH, B0GZK4TYJN, B0GZJN7YYZ, B0GZJXW1GH, B0GXHY3NSY, B0GZJWBHPM, B0GZJTP2M5, B0GZJTW3ZD, B0GZJWRZDF, B0GZJYZHPH, B0GZJZRXMV, B0GXHY755Y, B0GZK2XG2B, B0GZJWBHPX, B0GXFB84LZ, B0GZJM8Y2V, B0GZJTWLJQ, B0GZJSGGM4, B0GXF1CG4Z, B0GZK1JN37, B0GXHHP2N9, B0GXHQNMQ8, B0GZJXDZQF, B0GZJYPVHL, B0GZJKNMSG, B0GZKBD2HH, B0GXJ21HB7, B0GZK457DK, B0GZJYPVHH, B0GXJ25SKW, B0GXHN1LXC, B0GXDZSPNM, B0GXJ3Z6MQ, B0GZJXG15P, B0GXF9MZS7, B0GZJVL8LK, B0GXDX185G, B0GZJRQN9S, B0GZJX3T4J, B0GZJZP86F, B0GZJYMWRP, B0GZJQPDG3, B0GZK4RFKQ, B0GZK1SNWS, B0GZJVLDDH, B0GZK7Z3ZP, B0GZK931QY, B0GZK55LQZ, B0GXHQ5RBF, B0GXHVX8QM, B0GXDSNJ25, B0GZJSN1NS, B0GZJT1ZZ6, B0GZJR1RBK, B0GZK7Z3ZC, B0GZJSNCRR, B0GZJV59SZ, B0GZJVS1JM, B0GXH9Y1ZW, B0GZK5P5X8, B0GXHTTS2C, B0GXF1MX5C, B0GXF6B5GS, B0GZK26SZL, B0GZJRF8S7, B0GZJNKWVR, B0GXF5ZD9S, B0GXF2RK14, B0GZK2SMQH, B0GZJWXWQ4, B0GZJVBGN7, B0GZJWH2VG, B0GZJY866C, B0GZK19G4C, B0GXF4N1SK, B0GZJV2C51, B0GZJXD8SN, B0GXF967TS, B0GZJXD8SL, B0GXHYWBWX, B0GZK3YQJJ, B0GZJYG8MW, B0GZJVSV7S, B0GZK5KMTW, B0GXJP6D4B, B0GZK2ZPC1, B0GZK1QFKM, B0GXHX7GZD, B0GZJVC5GQ, B0GXF6K6NB, B0GZK5JBB4, B0GXHGZ3RJ, B0GZK5PTSV, B0GXHHJXNV, B0GZJXS9G7, B0GZK1GXLQ, B0GZJTGSM1, B0GXF3SMXZ, B0GXHWSZGW, B0GZK1Y99B, B0GZJZQ6JR, B0GZJN1KM4, B0GXF58KM8, B0GZJVC5GZ, B0GZJXS9GF, B0GXHXGK1G, B0GZJX3D9V, B0GXF45MRS, B0GXDSMQG4, B0GZJYNDNY, B0GZK2KNM1, B0GZK81HCX, B0GXHZPH9N, B0GZK11M65, B0GXJ6HZSC, B0GZJR1DJG, B0GZJV53K1, B0GXHVYRDK, B0GZJMNNV8, B0GXHNLV7X, B0GZJW3RQJ, B0GZJV53JS, B0GZK56XKN, B0GZJWHNJV, B0GXJD7HSJ, B0GZJXJV9P, B0GZJYWLC7, B0GXHWH8H7, B0GZJQRMW4, B0GZJQRMVW, B0GZJWH2V3, B0GXHYP991, B0GZJRW9DH, B0GXF6PNLZ, B0GXF4NZC2, B0GZJWMK6N, B0GZJY7F5L, B0GZJTCXCW, B0GZJYG5DS, B0GZJTMKM2]",amzn1.campaign.1PUBDQU6VJPB,InkRain Pillow Covers Sofa of 2 Decor Set 28x28 Inch Cotton Linen-5,InkRain,2026-09-04,2027-09-04,20.00%,5000.0,5000.0,122,800,false
"[B0FDF4M34P, B0GS16QNSM]",amzn1.campaign.3UEOQ12K8O3SP,Kintiwe Pro Heated Shawl Blanket With Battery - 10% commission,Kintiwe Pro,2026-09-04,2026-10-04,10.00%,5000.0,4983.8,109,800,false
"[B07FX1FK51, B07FXL782M, B09FF31FZS, B099JXBJNT, B09FF3V8QR, B099JWTYHY, B07X2FT3P4, B08CRBF5SG, B07WYWCQVS, B08CRJ84Z2, B07X2D656N, B08CRLVHW2, B07X2CPSSJ, B099K4KG94, B099K5Y765, B07X2GBQRN, B07WYWCMWG, B08CRGQM14, B09FF317XD, B07X2CZ8PM, B07X2G24H6, B07FXVF6YZ, B099K58G7H, B07X2G54S8, B07WD493T1, B07FXDW4G1, B07FX8FGNP, B07WPRCDV5, B07FXCX5NJ, B07X2CMB7T, B08CR1F27L, B08CQTRBCQ]",amzn1.campaign.39SJIRZMSJR1Y,"15%Commission, 10%Off Discount Long Term Collab Faux Leather Leggings-26-9.3-11",Ginasy,2026-09-04,2026-10-14,15.00%,5000.0,5000.0,141,800,false
[B0D9N5W5XR],amzn1.campaign.3LCK1ST3BQ1MU,眼睫毛促销广告,Houldhowd,2026-09-04,2026-12-31,20.00%,5000.0,4987.84,134,800,false
[B0H397KX3B],amzn1.campaign.1TMDOJPQR7L1H,Hilizart Wrestling Headgear – Lightweight Breathable Ear Guard 16% commission,Hilizart,2026-09-04,2027-05-31,16.00%,5000.0,5000.0,143,800,false
"[B0G5WT773Z, B0GLXGP2MZ]",amzn1.campaign.TA2A7KB1KKVO,605 35off,Saitake,2026-09-04,2026-10-04,25.00%,5000.0,5000.0,121,800,false
"[B0H1MDSNXT, B0H1M3VMH9, B0G6DVCHXC, B0H1MBH6HT, B0H1MDKJZ5, B0H1M8RH94, B0H1M31LRH, B0GD6CCQBG]",amzn1.campaign.281TEE46TORUU,Matte PLA + 3D Printer Filament,Fancypop,2026-09-04,2026-10-31,15.00%,5000.0,4935.27,117,800,false
"[B0H98T1FFY, B0GTVN5G74, B0GTVCQW13, B0GTVH61CT, B0GTVM4LGR, B0H98SYXH7, B0H98SM4CR, B0H98TT3QW, B0H98WWM9S, B0H98GDL5F, B0H98RR8YZ, B0GTV9SRS1, B0H98QKFFN, B0GTVL5GGV, B0GTVKWBHD, B0GTVRGFW6, B0GTVH57WV, B0H98GLWTC]",amzn1.campaign.2OBA50FB0332I,Earn high commissions——Experience fashion style with Hathne!0028,hathne,2026-09-01,2027-03-02,16.20%,5000.0,5000.0,160,800,false
"[B0FP58GT2J, B0FP57VHZG, B0FP58RX8Q]",amzn1.campaign.28NWOGR5P09YP,Collaboration Invitation: Promote Watercolor Cards with Envelopes,FLOZIVON,2026-09-04,2026-10-04,10.00%,15000.0,15000.0,141,800,false
"[B0H98T1FFY, B0GTVN5G74, B0GTVCQW13, B0GTVH61CT, B0GTVM4LGR, B0H98SYXH7, B0H98SM4CR, B0H98TT3QW, B0H98WWM9S, B0H98GDL5F, B0H98RR8YZ, B0GTV9SRS1, B0H98QKFFN, B0GTVL5GGV, B0GTVKWBHD, B0GTVRGFW6, B0GTVH57WV, B0H98GLWTC]",amzn1.campaign.30KUYPW5JYMED,Earn high commissions——Experience fashion style with Hathne!0028,hathne,2026-09-01,2027-03-02,16.19%,5000.0,5000.0,160,800,false
"[B0HCVSX9ZJ, B0HCVRGTTN, B0HCVQSFG4, B0HCVR6DN8, B0HCVSFLFK, B0HCVRLB5Y]",amzn1.campaign.Z7RLJ2OEOOVB,✨Heated Rug | New Home Refresh + Coupon#SHL,IDEALHOUSE,2026-09-04,2026-12-04,10.00%,20000.0,20000.0,131,800,false
[B0FB579JPB],amzn1.campaign.2GLM3GZL4DM3L,💜 Fungiments Super Berberine: Smarter Supplements for Your Wellness Era ✨,Fungiments,2026-09-05,2027-02-28,10.00%,10000.0,9997.0,126,800,false
"[B0F535X11R, B0F1MDNKZZ, B0F1MF74D7, B0F52MLSY1, B0F53XCXSV, B0F53YVWGS, B0F535DMFX, B0FKRTHMRN, B0F1MD3L4B, B0F52WQL1H, B0F1MF8SK4, B0F1MFGFM1, B0F52G4RTN, B0F52J4YFK, B0F52W11XG, B0F53193P1, B0F527NGXY, B0FJL14KG3, B0F52YXBBX, B0FJL434RD, B0F5287K6C, B0GW8632RJ, B0F52WDTK4, B0GW8CW9HW, B0FJLHLXWD, B0F52TJG7T, B0F531V9XF, B0F52CKSZZ, B0F52J3G36, B0F7LMHRQ5, B0F52ZD2WY, B0FJL5PGHQ, B0F52H7HXL, B0F53CD9GP, B0F52G74QJ, B0F53FSXXW, B0F52LM353, B0F52BN84C]",amzn1.campaign.1AT6YT769LFJG,From Our Best Seller to Your Content — Let’s Make Magic,AYWFCBF,2026-09-04,2026-10-31,10.00%,20000.0,19370.01,80,800,false
"[B0H98T1FFY, B0GTVN5G74, B0GTVCQW13, B0GTVH61CT, B0GTVM4LGR, B0H98SYXH7, B0H98SM4CR, B0H98TT3QW, B0H98WWM9S, B0H98GDL5F, B0H98RR8YZ, B0GTV9SRS1, B0H98QKFFN, B0GTVL5GGV, B0GTVKWBHD, B0GTVRGFW6, B0GTVH57WV, B0H98GLWTC]",amzn1.campaign.3PKIQ1G70CAQS,Earn high commissions——Experience fashion style with Hathne!0028,hathne,2026-09-01,2027-03-02,16.18%,5000.0,5000.0,164,800,false
[B0DCMQF2SN],amzn1.campaign.329H894QMFSED,"🔥 43% OFF+12% Commission – 62"" Travel Tripod Your Followers Need",Vimose,2026-09-04,2026-10-10,12.00%,5000.0,4155.28,0,800,false
[B0H397KX3B],amzn1.campaign.RKPT366YHDHX,Hilizart Wrestling Headgear – Lightweight Breathable Ear Guard 18% commission,Hilizart,2026-09-04,2027-05-31,18.00%,5000.0,5000.0,147,800,false
[B0H7HW2RRF],amzn1.campaign.3DPAQB245HHCM,20% Commission for Easy Use Magnetic Voice Recorder,Zutiifeu,2026-09-04,2026-10-04,20.00%,5000.0,5000.0,141,800,false
"[B0GLX9DSMW, B0GLWMZCL8, B0GLXBLBVN, B0GLWR84PN, B0GLXFSX71, B0GLX94VVZ]",amzn1.campaign.FCY954GV4U0O,PlikPlakey Metal Tin Sign Cat Quilting Sewing Room Wall Decor,PlikPlakey,2026-09-04,2026-11-17,10.00%,5000.0,5000.0,133,800,false
"[B0GQS3N6FG, B0GQS2GRTS, B0GQS5FS87, B0GQSJYD6L, B0GQRSTN49]",amzn1.campaign.1XNPE85K3LFO3,红色破洞牛仔裤+9.2,Arkordi,2026-09-04,2027-01-20,15.00%,5000.0,5000.0,162,800,false
[B0FY34MHM6],amzn1.campaign.SQNP1FO514IG,Megneta | Potassium Magnesium Supplement +US-CN-01,MEGNETA,2026-09-04,2027-09-04,10.00%,8888.0,8865.2,127,800,false
[B0CRF65SLB],amzn1.campaign.3AC83BDN5G65M,NeaLia Wireless Trailer Lights-28,NeaLia,2026-09-04,2026-10-04,20.00%,10000.0,9611.6,120,800,false
"[B0FJ24LXDX, B0FJ24BMY1, B0FJ2465WQ, B0FJ22FYGS, B0FJ24G7MC, B0FJ22DZ6H, B0FJ249F55, B0FJ23XRB8, B0FJ25XL42, B0FJ22D5SH, B0FJ22LR6H, B0FJ21SH6L, B0FJ23T5LP, B0FJ231S2K, B0FJ22MS9N, B0FJ233ZHY, B0FJ22MH5H, B0FJ22M9WY, B0FJ24MJ95, B0FJ238CGN, B0FJ25L42M, B0FJ22PYJV, B0FJ22MDMJ, B0FJ235FHF]",amzn1.campaign.10979Z0VDZQQA,Women’s Kitten High Heels 2 Inch Sequined Pointed Toe Pumps,QXQDQY,2026-09-04,2026-12-21,10.00%,5000.0,5000.0,140,800,false
"[B0GH6YGKF5, B0GH6YL8MC, B0GH6S6QLQ, B0GH7CSDXJ, B0GH7CPFWZ, B0GH71QZBF]",amzn1.campaign.3E62DRXYYTLQV,"（15% Commission ）10,000mAh Magsafe Power Bank with 2 Built-in Cables/Keychain",MOSKIZ,2026-09-03,2026-10-31,15.00%,5000.0,4819.4,113,800,false
"[B07FX1FK51, B07FXL782M, B09FF31FZS, B099JXBJNT, B09FF3V8QR, B099JWTYHY, B07X2FT3P4, B08CRBF5SG, B07WYWCQVS, B08CRJ84Z2, B07X2D656N, B08CRLVHW2, B07X2CPSSJ, B099K4KG94, B099K5Y765, B07X2GBQRN, B07WYWCMWG, B08CRGQM14, B09FF317XD, B07X2CZ8PM, B07X2G24H6, B07FXVF6YZ, B099K58G7H, B07X2G54S8, B07WD493T1, B07FXDW4G1, B07FX8FGNP, B07WPRCDV5, B07FXCX5NJ, B07X2CMB7T, B08CR1F27L, B08CQTRBCQ]",amzn1.campaign.3SVCE80QFV9HB,"15%Commission, 10%Off Discount Free Returns Faux Leather Leggings-26-9.3-10",Ginasy,2026-09-04,2026-10-13,15.00%,5000.0,5000.0,144,800,false
"[B0GKN9VY89, B0GKMHGXKG, B0GKN4DHDM, B0GKMV41CH]",amzn1.campaign.1F44EFNL16FGR,懒人沙发-10%sale,Gosopha,2026-09-04,2026-12-31,10.00%,10000.0,9955.3,95,800,false
[B0HBVJVDVQ],amzn1.campaign.1BQDS4NFH1TE5,🔥😍15% commission for Magsafe 4in1 Charging Station,KPON,2026-09-04,2027-09-01,15.00%,5000.0,5000.0,138,800,false
"[B0H98T1FFY, B0GTVN5G74, B0GTVCQW13, B0GTVH61CT, B0GTVM4LGR, B0H98SYXH7, B0H98SM4CR, B0H98TT3QW, B0H98WWM9S, B0H98GDL5F, B0H98RR8YZ, B0GTV9SRS1, B0H98QKFFN, B0GTVL5GGV, B0GTVKWBHD, B0GTVRGFW6, B0GTVH57WV, B0H98GLWTC]",amzn1.campaign.1GVQVWMBRYR6Z,Earn high commissions——Experience fashion style with Hathne!0028,hathne,2026-09-01,2027-03-02,16.16%,5000.0,5000.0,159,800,false
"[B0FJ24LXDX, B0FJ24BMY1, B0FJ2465WQ, B0FJ22FYGS, B0FJ24G7MC, B0FJ22DZ6H, B0FJ249F55, B0FJ23XRB8, B0FJ25XL42, B0FJ22D5SH, B0FJ22LR6H, B0FJ21SH6L, B0FJ23T5LP, B0FJ231S2K, B0FJ22MS9N, B0FJ233ZHY, B0FJ22MH5H, B0FJ22M9WY, B0FJ24MJ95, B0FJ238CGN, B0FJ25L42M, B0FJ22PYJV, B0FJ22MDMJ, B0FJ235FHF]",amzn1.campaign.PKAL8P1JAESP,Women’s Kitten High Heels 2 Inch Sequined Pointed Toe Pumps,QXQDQY,2026-09-04,2026-12-20,10.00%,5010.0,5010.0,146,800,false
[B0GJ5PNY6P],amzn1.campaign.MGNM4MHE4Q4T,Product Ventilation Fan,NOVELUX,2026-09-04,2026-12-31,15.00%,5000.0,5000.0,132,800,false
"[B0H98T1FFY, B0GTVN5G74, B0GTVCQW13, B0GTVH61CT, B0GTVM4LGR, B0H98SYXH7, B0H98SM4CR, B0H98TT3QW, B0H98WWM9S, B0H98GDL5F, B0H98RR8YZ, B0GTV9SRS1, B0H98QKFFN, B0GTVL5GGV, B0GTVKWBHD, B0GTVRGFW6, B0GTVH57WV, B0H98GLWTC]",amzn1.campaign.1C8T2HUNLHOB7,Earn high commissions——Experience fashion style with Hathne!0028,hathne,2026-09-01,2027-03-02,16.15%,5000.0,5000.0,161,800,false
"[B07FX1FK51, B07FXL782M, B09FF31FZS, B099JXBJNT, B09FF3V8QR, B099JWTYHY, B07X2FT3P4, B08CRBF5SG, B07WYWCQVS, B08CRJ84Z2, B07X2D656N, B08CRLVHW2, B07X2CPSSJ, B099K4KG94, B099K5Y765, B07X2GBQRN, B07WYWCMWG, B08CRGQM14, B09FF317XD, B07X2CZ8PM, B07X2G24H6, B07FXVF6YZ, B099K58G7H, B07X2G54S8, B07WD493T1, B07FXDW4G1, B07FX8FGNP, B07WPRCDV5, B07FXCX5NJ, B07X2CMB7T, B08CR1F27L, B08CQTRBCQ]",amzn1.campaign.2224DJIAW5XUS,"15%Commission, 10%Off Discount Fall Winter Fleece Lined Leggings-26-9.3-09",Ginasy,2026-09-04,2026-10-12,15.00%,5000.0,5000.0,137,800,false
[B0G5WT773Z],amzn1.campaign.1XK5OJNMDXBJV,605 35off,Saitake,2026-09-04,2026-10-04,35.00%,5000.0,5000.0,116,800,false
"[B0FJ24LXDX, B0FJ24BMY1, B0FJ2465WQ, B0FJ22FYGS, B0FJ24G7MC, B0FJ22DZ6H, B0FJ249F55, B0FJ23XRB8, B0FJ25XL42, B0FJ22D5SH, B0FJ22LR6H, B0FJ21SH6L, B0FJ23T5LP, B0FJ231S2K, B0FJ22MS9N, B0FJ233ZHY, B0FJ22MH5H, B0FJ22M9WY, B0FJ24MJ95, B0FJ238CGN, B0FJ25L42M, B0FJ22PYJV, B0FJ22MDMJ, B0FJ235FHF]",amzn1.campaign.ZG7HJN939BXF,Women’s Kitten High Heels 2 Inch Sequined Pointed Toe Pumps,QXQDQY,2026-09-04,2026-12-18,10.00%,5000.0,5000.0,148,800,false
"[B0H98T1FFY, B0GTVN5G74, B0GTVCQW13, B0GTVH61CT, B0GTVM4LGR, B0H98SYXH7, B0H98SM4CR, B0H98TT3QW, B0H98WWM9S, B0H98GDL5F, B0H98RR8YZ, B0GTV9SRS1, B0H98QKFFN, B0GTVL5GGV, B0GTVKWBHD, B0GTVRGFW6, B0GTVH57WV, B0H98GLWTC]",amzn1.campaign.1AD6YXL98G0EU,Earn high commissions——Experience fashion style with Hathne!0028,hathne,2026-09-01,2027-03-02,16.14%,5000.0,5000.0,160,800,false
"[B0FP58GT2J, B0FP57VHZG, B0FP57QLX4]",amzn1.campaign.1XZ30ZOLL3WND,Collaboration Invitation: Promote Watercolor Cards with Envelopes,FLOZIVON,2026-09-04,2026-10-04,10.00%,25000.0,25000.0,146,800,false
[B0H9L33BWV],amzn1.campaign.3UDZHA5WGGHC7,Deal on Rabbit Chew Balls,Fvdozrb,2026-09-04,2026-10-04,10.00%,5000.0,4993.7,127,800,false
[B0D8W7G8XZ],amzn1.campaign.2K0AX9RG1BL8M,NeaLia Wireless Trailer Lights-46,NeaLia,2026-09-04,2026-10-04,20.00%,10000.0,9661.2,113,800,false
[B0CW1F2S8K],amzn1.campaign.28AP9NAJUL2E5,"WOEBYAS TN450 Toner Cartridge DR420 Drum Unit, 2 Toner +1 Drum",WOEBYAS,2026-09-04,2026-12-31,10.00%,10000.0,9978.3,130,800,false
"[B0GVQQHZG6, B0GVQSQVMD, B0GXF2T1DN, B0GWHJ45Z3, B0GVR27H5D, B0GVR36D4P, B0GXF4QNPC, B0GVQ8H84S, B0GVQSJYGL, B0GWHJV3QR, B0GVRKWRYZ, B0GVQMM15V, B0GVQZPTKY, B0GWHMRSHS, B0GVQSLC5F, B0GVQYK2RQ, B0GVQWS2QR, B0GWHP73G3, B0GVQLQ5LS, B0GWHK1N8D, B0GWHKBTRQ, B0GVRNGCWJ, B0GVQRSR9M, B0GXFCZL1R, B0GXF97XFY, B0GXDQDBL3, B0GVRL6N83, B0GVQP6QGH, B0GVQK4R8S, B0GVQHZNRC, B0GVQMNS51, B0GVR7TCL4, B0GVQGTJY4, B0GVR32N3P, B0GVQK5S7Y, B0GVRD3FMY, B0GXF3SFWQ, B0GXF19463, B0GVQV1VYV, B0GVRDPHZ3, B0GVR2ZL3S, B0GVQVH442, B0GVQGT5M6, B0GWJ19Z7T, B0GVQDWT6N, B0GXF6NGQK, B0GXDYMLFS, B0GVQRVG9M, B0GWHZM4S4, B0GWHWBGND, B0GVQLXQ26, B0GXDZYGBS, B0GVQJ6PGD, B0GVQQHJDJ, B0GWHSDTQV, B0GWHPQ4Z4, B0GVQFCPQ1, B0GXF922M2, B0GVQXVPGQ, B0GXF1PTRK, B0GVQQ8VN2, B0GXDZXJLJ, B0GVQK17GX, B0GVQTDZCC, B0GVQK5S9W, B0GXF8PSR6, B0GVQMNS74, B0GVQQJGZ5, B0GVQZS5BN, B0GXF6X96L, B0GVQSCH74, B0GVQS8G64, B0GVQQGXCY, B0GVR42JNF, B0GXDY3L3C, B0GVR6XJF1, B0GWHVPGC2, B0GVQZ7V4D, B0GVQNWM7F, B0GXF5WTJC, B0GXF935QJ, B0GXF4BDD7, B0GVQH3NB2, B0GVQG2J7P, B0GVQK8S1N, B0GVR5HMW7, B0GXF43YZR, B0GVR7PVZJ, B0GVQQBQJM, B0GWHHY3C1, B0GVQN4FRD, B0GWHVLTH8, B0GVQP6QJD, B0GXF19MBK, B0GVQN8M37, B0GXF5J4PZ, B0GVQH2F5C, B0GVQTB1RJ, B0GVRN7YN6, B0GXF1HLTG, B0GVR21L3S, B0GVQDXGT7, B0GVQQBQL3, B0GVQZ53VV, B0GWHKHXD7, B0GWHS8TLS, B0GVQHR41R, B0GXF6JPM1, B0GVR6SVM1, B0GWHZBBT4, B0GWHPJFPT, B0GVQZ4P1Z, B0GVQTMJD6, B0GXF14NW1, B0GVQMBGGL, B0GVQQB3MZ, B0GXF657Y1, B0GXF6KPH8, B0GXF5RQR6, B0GXF36L48, B0GVQSQ2GT, B0GVQJL2G9, B0GVQF4DCJ, B0GVQ9R146, B0GVQQK69J, B0GXFCZL18, B0GXF67YVC, B0GVQLXGBY, B0GVQSGSF5, B0GWHYD84B, B0GVR744KY, B0GXF6HJD7, B0GVQN4WTR, B0GVQV1VWZ, B0GVQWPJFN, B0GVQTDQN5, B0GWHK5S55, B0GWHW7K99, B0GVQHF328, B0GXDSBM7M, B0GVQSJ1YT, B0GWHJ45Z9, B0GXF36DCS, B0GVQYL5Q1, B0GWHRQQ61, B0GWKWYJPY, B0GVQFBTDC, B0GWHVN46Z, B0GXF1SXXW, B0GVQGTDTP, B0GVQGT6YB, B0GWHJF2FF, B0GXF3MFP3, B0GVQS8XT4, B0GWHLVDBW, B0GWHJHHLC, B0GVQJ48GS, B0GXF5F9S4, B0GXF3CVKM, B0GVQWB5B9, B0GXF2YTBC, B0GVQTD3L5, B0GVQWDD9D, B0GVQWXQ6R, B0GVQJ7T4R, B0GVR28NX7, B0GWHWZ4Z6, B0GVQM8QKR, B0GVR3CBB1, B0GVQMB1MP, B0GVQMPHQC, B0GWHKVXFZ, B0GVQZ6411, B0GWHNYNXS, B0GVQC8KCG, B0GXF74WKR, B0GXF4KD6K, B0GVQKPN68, B0GXF5XG94, B0GXF71SLQ, B0GVQSQGF5, B0GWHW8KHR, B0GVR7JXJR, B0GVQLZGPR, B0GVQB5RX7, B0GVRB4K4K, B0GWHSNGR6, B0GVQZ8TGL, B0GXF152GH, B0GVQK3PQR, B0GVQZ57WY, B0GVQGL82F, B0GXF2XM8Q, B0GVQWGT17, B0GXF12B13, B0GVQPVKS2, B0GXF3CVMH, B0GVQZ4RQJ, B0GVQM93P4, B0GVQK6CP4, B0GVQMKRVP, B0GWHQY1GK, B0GXF47PH7, B0GXF461MV, B0GVQZ4D4J, B0GVQLS6CN, B0GXF1YZL1, B0GWHTV1T6, B0GXF3KHYM, B0GVQK6V4Z, B0GVQJ4JHH, B0GVQW7ZGN, B0GWHQL78N, B0GVQZ2B3T, B0GVQCNY98, B0GVQGCZN9, B0GVQM9H9H, B0GVR2ZL22, B0GVRHGHKS, B0GVR8PGXY, B0GVQHVZ9L, B0GVQWSCGK, B0GWHNHX7Q, B0GWHYD5GS, B0GXF4651X, B0GVQK6F6J, B0GXDZ6Q75, B0GXDZMPQ6, B0GXF8ZCNC, B0GVQGCZNY, B0GVRL6CFB, B0GVQKFM5F, B0GXDSB7BQ, B0GXF2RXZZ, B0GVQKL65X, B0GWHV8NNM, B0GWHW3NB7, B0GVQ9N6QH, B0GXF2W4DX, B0GVQWDBQL, B0GWHX53MM, B0GVQLS9KZ, B0GVR3XPC2, B0GVQK7WVP, B0GVQJBV44, B0GVQZPXFL, B0GVQWCS4G, B0GVQK7PHR, B0GVR7PW1Y, B0GVQPSFX8, B0GXFCKTC9, B0GVQK7WW8, B0GVQSW621, B0GWHKDXY2, B0GWHRW1P1, B0GXF1RRK7, B0GXDZMPP7, B0GVQSM87H, B0GWHJFKV2, B0GXF1FBR6, B0GXF152CR, B0GXF3JF27, B0GVQMQWRX, B0GWHMBGFZ, B0GVQJVXYQ, B0GWHLN37C, B0GWHK63ZS, B0GXF96FCW, B0GWHQSQVB, B0GVQMRKX1, B0GXF9NQ2R, B0GVRHGTF7, B0GXDS9B54, B0GXF2TQHP, B0GVQSLWWB, B0GVR29KPT, B0GVQKL67V, B0GVQH56SW, B0GVR6V26K, B0GVQ8H1XX, B0GWHHVPJ7, B0GVRB4K6T, B0GVQMRKXC, B0GWHMJ8PD, B0GVQGMM4M, B0GVRB3Z7R, B0GXF1DQ46, B0GVQH7K5R, B0GVQC5NPW, B0GXF6NRZ3, B0GVQR4DKC, B0GVR7Q9QQ, B0GWHVTYFF, B0GXF5BKJP, B0GVRQ7XN7, B0GXF391HV, B0GWHKZKHL, B0GXF429RF, B0GXF6KZR4, B0GVQWQPC9, B0GVS7HSGD, B0GVQHN1ML, B0GVQWY2PB, B0GXF5P42J, B0GVRKVHYM, B0GVRKVHZ1, B0GVQSQ132, B0GXDZBG2T, B0GVRNG6N3, B0GVQSQ12M, B0GXF5XR5Q, B0GVRKVHYY, B0GWHKC5BK, B0GWHR9PR4, B0GVQY2HZ3, B0GWHQTMY3, B0GVQVX8ZR, B0GVQNK564, B0GWHFLBKB, B0GVQSRBQB, B0GVRG8BR6, B0GVQFT33K, B0GXF6R8XM, B0GVQH4P46, B0GXF4RJSB, B0GVQJSH5S, B0GXF323CS, B0GVQCP23V, B0GVQR3TKV, B0GVQQH6N5, B0GVQR4VM8, B0GXF1TT6S, B0GWHLWCHS, B0GVQNZBFM, B0GWHWQYRR, B0GVQSRYBV, B0GWHRKL2L, B0GVQD8GJG, B0GVR7417X, B0GWHXQ4MJ, B0GXFB6MN1, B0GVQH7F91, B0GVQ5YLLQ, B0GVQH7F94, B0GVQD9Q8V, B0GVQSMFFH, B0GXF994LJ, B0GVQ9GK4Q, B0GXF75DHN, B0GXDWKJQY, B0GVQSRBP2, B0GVQHN4PG, B0GVQJSY94, B0GVQJPQS4, B0GXF8X729, B0GVQWFCJX, B0GWHP69DJ, B0GVQHF91L, B0GVQG6PKR, B0GVQQD5XL, B0GVR23G2V, B0GWHL6K37, B0GVRKQBX3, B0GVQWM6XB, B0GWHTL1JQ, B0GVQTMSCK, B0GXF2QJK9, B0GXF35B1V, B0GVQMV2QB, B0GXF8RWCM, B0GWHSHR2L, B0GVR23G2Y, B0GXF8RWCT, B0GVQZ4BFM, B0GVQVBXWK, B0GVQK24WM, B0GXF5SFK9, B0GXF46RT5, B0GVR6SLGY, B0GWHP94NR, B0GVQBMJBT, B0GVQL6CLJ, B0GWHT39DS, B0GXDYVFVW, B0GVQKWK68, B0GVQ8TXF8, B0GWHPX4RS, B0GVQVNWPP, B0GVQPH4M8, B0GWHMH7ZZ, B0GWHKQX9K, B0GVQML411, B0GXF17K5M, B0GXF43NVB, B0GXF78GCG, B0GVR58K2S, B0GVQH1KRF, B0GVQMK3SQ, B0GVQK7RDP, B0GVQBZW5S, B0GVQLYWLT, B0GVQZ1MC3, B0GWHGK1RN, B0GVQYPMC8, B0GWHHW9BY, B0GVQXBKGR, B0GWHQ2WJV, B0GVQRDYG7, B0GXF4WS1D, B0GVQK8M85, B0GVQD9JHS, B0GVRL7Z62, B0GWHXW193, B0GWHR5M2P, B0GWHXW18P, B0GVQD8XGK, B0GVQPWXCR, B0GVQMKRSP, B0GVQSBVKG, B0GVR5LY4C, B0GVQGHQSB, B0GWHJ297P, B0GVQH315N, B0GVQMKDVM, B0GXF15HXV, B0GVQGTQQ6, B0GVQKSC57, B0GVQSW4GQ, B0GVQF8ZRS, B0GVQWPTKC, B0GXF2MFPF, B0GVQNMV7Q, B0GWHLQLG7, B0GVQSWWLV, B0GVRHBB9C, B0GWHWNDWC, B0GXF47686, B0GVQH4ZDN, B0GVR1Q4P8, B0GXF1CM78, B0GVR3363F, B0GVQF8ZRH, B0GVQTCXNX, B0GVQKBQCW, B0GWHN63N6, B0GWKSMLTH, B0GVQMWNZ7, B0GVQTTSJY, B0GVR3PY9L, B0GWHJHSQQ, B0GVQ614QD, B0GXF5CWFZ, B0GVQMNFDK, B0GVQWHP4K, B0GVRH87K8, B0GVQSWQ9Q, B0GVQMDYGJ, B0GVQMQJCM, B0GVRF1XWW, B0GVQMMKQK, B0GVQF9H69, B0GWHW3R67, B0GVQDJNHG, B0GVQXBG8S, B0GVQ9J3BD, B0GVQMYPWZ, B0GVR43K6P, B0GWHQR2PX, B0GVQMVMZ3, B0GXF4P2TY, B0GVQLJFLT, B0GVQH6GHB, B0GVQXBG8F, B0GVQR3XLV, B0GXDZXLVY, B0GVQJ2MFR, B0GXF7MH2Q, B0GXF5HT2B, B0GVQH5HM4, B0GWHQVVKM, B0GXF4H8XR, B0GVQFDBM9, B0GVQJV1XD, B0GVR6PJJ3, B0GXF8J71Z, B0GWHGPY5T, B0GWHLC9XF, B0GXF2PFTF, B0GVQXD767, B0GVQ9P44C, B0GVQK4J1M, B0GVR6JW5W, B0GVQH2XS3, B0GVQMDKN7, B0GVQK4YPC, B0GVQF3XJG, B0GVQLDBWG, B0GVRHJ2M9, B0GXF7NL6Q, B0GXF668ST, B0GXDZ2FWR, B0GVQ3NNBP, B0GVQSF5RP, B0GXF379GY, B0GXF45K2L, B0GVQSNT73, B0GVQQBCRQ, B0GVQQGMX1, B0GVQF92LY, B0GWHRPB7Z, B0GVR6PVD9, B0GXF67K3X, B0GVQLRW7P, B0GVQSNCV8, B0GVQB1S5R, B0GVQW9TJM, B0GVR8QTD9, B0GVQLB8JT, B0GVQMJTLR, B0GVRHCFK1, B0GVQMRFYP, B0GXF2NTTG, B0GVQK6LR5, B0GVRD2WGS, B0GVQK6LR6, B0GVQSPRLW, B0GVQDKWY9, B0GXDV8LBJ, B0GVRD2WH9, B0GVQFCD17, B0GVQFCD19, B0GWHW4YB8, B0GVQZ3SC2, B0GXF6YP8B, B0GVRDPHWV, B0GVQR32G5, B0GWHJT9VV, B0GWHTKQDS, B0GXF43Z3M, B0GVQF4D9H, B0GVR5HVPD, B0GXF67K2X, B0GVRQ3WSY, B0GXF2SMS5, B0GXF72MK8, B0GXF7599W, B0GVQKSXTH, B0GXF8RPNT, B0GWHTHNHL, B0GVQWSJDG, B0GWHND6PT, B0GXF3T4DD, B0GWHGTDFG, B0GVQKBHH5, B0GVR4RTKY, B0GWHR6WLC, B0GVQMKHTW, B0GXF9RQ4N, B0GVR7V2HG, B0GVQH3N9Y, B0GXF4JKSZ, B0GVQWWRGM, B0GVQDRQTQ, B0GVQXBNF5, B0GVR39T5B, B0GVQFC8TR, B0GXF6L9P6, B0GVQHWT8T, B0GWHS73F8, B0GVQJWXF7, B0GVQLNKP2, B0GWHR6HN7, B0GVQMMVLQ, B0GXF6H65Q, B0GXF11WGW, B0GVQH9G6W, B0GXDXG9ZZ, B0GVQX632V, B0GVQX6336, B0GVQHPJYL, B0GVQG5SY2, B0GWHK7L8P, B0GWHTSRRH, B0GVQJJ91F, B0GWJ1L826, B0GVQH8RQV, B0GWHP6HFM, B0GXF6J5LX, B0GXF4F999, B0GVQRYRS6, B0GVQYWF8K, B0GVQG6LGW, B0GVQKPR48, B0GVR425PR, B0GXDSGP6L, B0GXF8X9RW, B0GVQJLGFZ, B0GVR3GTKP, B0GXF7KBGF, B0GXF8QHDQ]",amzn1.campaign.E6415ZRFPMS5,InkRain Pillow Covers Sofa of 2 Decor Set 28x28 Inch Cotton Linen-4,InkRain,2026-09-04,2027-09-04,20.00%,5000.0,5000.0,124,800,false
"[B0FJ24LXDX, B0FJ24BMY1, B0FJ2465WQ, B0FJ22FYGS, B0FJ24G7MC, B0FJ22DZ6H, B0FJ249F55, B0FJ23XRB8, B0FJ25XL42, B0FJ22D5SH, B0FJ22LR6H, B0FJ21SH6L, B0FJ23T5LP, B0FJ231S2K, B0FJ22MS9N, B0FJ233ZHY, B0FJ22MH5H, B0FJ22M9WY, B0FJ24MJ95, B0FJ238CGN, B0FJ25L42M, B0FJ22PYJV, B0FJ22MDMJ, B0FJ235FHF]",amzn1.campaign.3ISDWTO57Q32Z,Women’s Kitten High Heels 2 Inch Sequined Pointed Toe Pumps,QXQDQY,2026-09-04,2027-01-01,10.00%,5000.0,4995.59,143,800,false
"[B07FX1FK51, B07FXL782M, B09FF31FZS, B099JXBJNT, B09FF3V8QR, B099JWTYHY, B07X2FT3P4, B08CRBF5SG, B07WYWCQVS, B08CRJ84Z2, B07X2D656N, B08CRLVHW2, B07X2CPSSJ, B099K4KG94, B099K5Y765, B07X2GBQRN, B07WYWCMWG, B08CRGQM14, B09FF317XD, B07X2CZ8PM, B07X2G24H6, B07FXVF6YZ, B099K58G7H, B07X2G54S8, B07WD493T1, B07FXDW4G1, B07FX8FGNP, B07WPRCDV5, B07FXCX5NJ, B07X2CMB7T, B08CR1F27L, B08CQTRBCQ]",amzn1.campaign.1NSJWXYTR2206,"15%Commission, 10%Off Discount Multi Color Faux Leather Leggings-26-9.3-08",Ginasy,2026-09-04,2026-10-11,15.00%,5000.0,5000.0,140,800,false
"[B0H399WW81, B0H4SW7HPP]",amzn1.campaign.1M2ROZOQ16IIN,Electric Train Set,Annexfun,2026-09-04,2027-02-28,10.00%,5000.0,4981.1,124,800,false
"[B0HCVSX9ZJ, B0HCVRGTTN, B0HCVQSFG4, B0HCVR6DN8, B0HCVSFLFK, B0HCVRLB5Y]",amzn1.campaign.W83GTWXWHEJQ,🏠Coupon Inside | IDEALHOUSE Heated Rug — NEW#SHL,IDEALHOUSE,2026-09-03,2026-12-05,10.00%,20000.0,20000.0,131,800,false
[B08ZD67LTZ],amzn1.campaign.5S0MJXWPFLNR,Campaign Name: Kitchen Sponges 24pcs | 10% Comm | Home & Travel Essentials,GUINIFAO,2026-09-04,2026-12-31,10.00%,5000.0,5000.0,133,800,false
"[B0G6DM4GDR, B0G51V8NY6, B0FRST1QSD, B0GYP1KCS2, B0FGX4YYVM, B0D8TB8D2Y, B0GF6MNX6C, B0FC1L3NC6, B0F1F5BL6Q, B0GY7SGJDK, B0G51XPSD4, B0F6V8XFXX, B0FC24PVKZ, B0GCM355N3, B0FFGXL17R, B0D4QNT87H, B0D6FXSDY9, B0D8TCH96B, B0CY2Z7R5P, B0GVS5HMRN, B0FGX6CJZS, B0FGQ6PPL1, B0GF6NRDDJ, B0DZXP3GSP, B0H5QFR58B, B0D7MM51G7, B0FGX71MDJ, B0D7MLB6P2, B0D9NL7VB3, B0F6X1HZ3S, B0H5BZCHCR, B0FGQ7PY17, B0DGG7GWWS, B0G1MBZW65, B0H5RC5MTZ, B0G1YNMVVM, B0GF73WR46, B0D31MMGZ3, B0FGXXPFFG, B0D8TD7XBM, B0H68TZ5F2, B0GCMV6686, B0FGXLL62N, B0D8TFJSSV, B0D7ML4DWY, B0GX64ZDDK, B0G7FRXB6M, B0GX9YX2CS, B0G43SJW5L, B0FNMXZZG1, B0CY31Y7KS, B0DS5C7D38, B0GF68JGZQ, B0G6F62B1T, B0D4V8XVX5, B0G352SJTG, B0G43NM3PP, B0GF6R5JQ6, B0D8TCVNR8, B0D3PZQS1H, B0D4QR81HL, B0FC23QPBD, B0F9KPNWP5, B0D454LP31, B0H6M3C8PC, B0G8JYXFBC, B0FDQGHLDV, B0FFGZNVQY, B0DY7JKQYR, B0H5QQ8TFD, B0H6LYL3GS, B0DY7MZQJY, B0H5C87RNH, B0H5QKN9NT, B0CY2YWB77, B0H5JTYFBH, B0DS5HJSKZ, B0D8TCJTQM, B0H41GJPKJ, B0D3PQXG2G, B0H68RCTBJ, B0H878K71D, B0FMY9Q8BL, B0G351J599, B0GF6CRTCZ, B0D8TC71Y8, B0G6F1Y2NZ]",amzn1.campaign.BC48PC5I49MF,"woric | 80+ kinds of Fall Party Decoration ,15% Commission!",woric,2026-09-03,2026-10-03,15.00%,5000.0,4955.1,40,800,false
[B09STNB6KJ],amzn1.campaign.16VX30OW9U245,Emitter Plates for Charbroil Commercial Tru Infrared 4-Burner Grill,DcYourHome,2026-09-04,2027-03-31,10.00%,5000.0,5000.0,130,800,false
"[B0CK4C87MY, B0CK4DS4NR]",amzn1.campaign.25M9QR8Y52P5O,Earn 10% Commission | Wine Bottle Cork Lights Amazon Collaboration,DOMORA HOME,2026-09-04,2026-10-14,10.00%,5000.0,5000.0,122,800,false
"[B0GFCLTTSS, B0GYWY3VD6, B0GFCFD791, B0GYWXTBM2, B0GYWXSDLL, B0GYX7ZSQR, B0GYWXZG36, B0GYWV85P8, B0GYX3MG97, B0GYWWBQGG, B0GYWV421M, B0GYX1ZQLV, B0GYWXV92P, B0GYX1QFBG, B0GFCRJLX8, B0GYX7RV1P, B0GYX5R1LT, B0GYY94TBF, B0GYX3N9FD, B0GFCJ96VV]",amzn1.campaign.3E2NOWB1SFFF8,WDCOZY Paisley Quilt | 10% Commission | $200K Budget | Permanent,WDCOZY,2026-09-04,2027-09-04,10.00%,200000.0,199836.5,95,800,false
"[B07FX1FK51, B07FXL782M, B09FF31FZS, B099JXBJNT, B09FF3V8QR, B099JWTYHY, B07X2FT3P4, B08CRBF5SG, B07WYWCQVS, B08CRJ84Z2, B07X2D656N, B08CRLVHW2, B07X2CPSSJ, B099K4KG94, B099K5Y765, B07X2GBQRN, B07WYWCMWG, B08CRGQM14, B09FF317XD, B07X2CZ8PM, B07X2G24H6, B07FXVF6YZ, B099K58G7H, B07X2G54S8, B07WD493T1, B07FXDW4G1, B07FX8FGNP, B07WPRCDV5, B07FXCX5NJ, B07X2CMB7T, B08CR1F27L, B08CQTRBCQ]",amzn1.campaign.25ZK406Q4BNKR,"15%Commission, 10%Off Discount Full Size XS-4XL Faux Leather Leggings-26-9.3-07",Ginasy,2026-09-04,2026-10-10,15.00%,5000.0,5000.0,141,800,false
[B089SNZD4N],amzn1.campaign.1VNU1YHY4GJBY,A Better Way to Open Jars – Electric Jar Opener Creator 🔋🔓,INSTACAN,2026-09-04,2026-10-05,10.00%,10000.0,10000.0,120,800,false
"[B0DWDKKR4T, B0DWF3XL65]",amzn1.campaign.LP7WWFHQJTOR,Great Deal! Swivel Outdoor Bar Stools Set of 2/3/4/6 🍹 -ZH-WKS,Cozyman,2026-09-05,2026-10-25,10.00%,5000.0,5000.0,150,800,false
"[B0FP57VHZG, B0FP58RX8Q]",amzn1.campaign.15AA8IHB16NUM,Collaboration Invitation: Promote Watercolor Cards with Envelopes,FLOZIVON,2026-09-04,2026-10-04,10.00%,10000.0,10000.0,141,800,false
"[B0H6XL1M9F, B0H6XFKBGV, B0H6XL38S9, B0H6XPSB88, B0H6XL41G3, B0H6XSVFHJ, B0H6XLFLBV, B0H6XJRK97, B0H6XMNJTF, B0H6XGBS3M, B0H6XL7QKS, B0H6XJ8DD9, B0H6XBWPPB, B0H6XP9T6M, B0H6XH212Y, B0H6XH9ZFL, B0H6XJN1BN, B0H6XJKY68, B0H6XNWTG7, B0H6XP8CJ7, B0H6XF1G84, B0H6XRBX6V, B0H6XQKSSM, B0H6XHSXY5]",amzn1.campaign.MJIFKYK3O7Y0,RP6697-Womens Fringe Sweater Dress-15% Commission Rate,Wenrine,2026-09-04,2026-10-05,15.00%,5000.0,5000.0,89,800,false
[B0HBVJVDVQ],amzn1.campaign.W5K7G7OJRHUK,🔥😍15% commission for Magsafe 4in1 Charging Station🔋,KPON,2026-09-04,2027-09-04,15.00%,5000.0,5000.0,143,800,false
"[B07FX1FK51, B07FXL782M, B09FF31FZS, B099JXBJNT, B09FF3V8QR, B099JWTYHY, B07X2FT3P4, B08CRBF5SG, B07WYWCQVS, B08CRJ84Z2, B07X2D656N, B08CRLVHW2, B07X2CPSSJ, B099K4KG94, B099K5Y765, B07X2GBQRN, B07WYWCMWG, B08CRGQM14, B09FF317XD, B07X2CZ8PM, B07X2G24H6, B07FXVF6YZ, B099K58G7H, B07X2G54S8, B07WD493T1, B07FXDW4G1, B07FX8FGNP, B07WPRCDV5, B07FXCX5NJ, B07X2CMB7T, B08CR1F27L, B08CQTRBCQ]",amzn1.campaign.3CKO827N8F5DQ,"15%Commission, 10%Off Discount Best Selling Faux Leather Leggings-26-9.3-06",Ginasy,2026-09-04,2026-10-09,15.00%,5000.0,5000.0,142,800,false
[B0HHCV7RQQ],amzn1.campaign.1ELKGQBRPOYKZ,B0HHCV7RQQ+Zordin Portable Coffee Maker with Removeable Battery,Zordin,2026-09-04,2026-10-04,10.00%,5000.0,5000.0,119,800,false
"[B0FK4LBN1K, B0FK4K2Q2F, B0FVF6YHHP, B0GHND4SLW, B0G6J91G7D, B0H455K8FV, B0H458PBX1, B0H45BFCRP, B0HD63N1S4, B0DZP2CVSV, B0HB9SCY6Z, B0FVF71T9P, B0H4G69GCZ, B0HBB44LSQ, B0FVF9FLVZ, B0DZP121ZB, B0GSYK3BJF, B0G6J97S1Q, B0H453ZX9C, B0HC6MBJ7L, B0GLFFPZK7, B0G6J9BP48, B0H4GBC69G, B0DZNZKWG1, B0H4534R5F, B0HB9ZXQ1V, B0H458FDB7, B0GSYCPN3S, B0GSYJCBM9, B0FVF75LDW]",amzn1.campaign.1ZKQ4HIRYJ4X4,💻🪑 DurayLoly | Work-From-Home Upgrades Made to Stand Out,DurayLoly,2026-09-04,2026-10-04,12.00%,8000.0,7495.06,111,800,false
"[B0GVQDWT56, B0GTLLWTSD, B0GVNML8LN, B0GTLX3FWD, B0GTKCVGL8, B0GVNQ38GS, B0GTNJ4YM7, B0GTLJJF4X, B0GVNP7G58, B0GTNRT9SK, B0GTKC6DDZ, B0GTNNYWMB, B0GTNLZMMK, B0GTLJCKRR, B0GTNNXTKN, B0GVQPQN16, B0GTLJLXR1, B0GTLGXS93, B0GTLN3TGB, B0GVQCLFWB, B0GTLZNTM3, B0GTNWTVBS, B0GTLVBJK1, B0GTLFF6NY, B0GTKW1HV1, B0GTLN8B1H, B0GTLFQ6LT, B0GTLJ11WF, B0GTP1RSLX, B0GTLN8B19, B0GTNTMK5S, B0GVQSJ1VT, B0GTNNK525, B0GTNWL32S, B0GTNT6ZY2, B0GVNRXSSV, B0GTNLG2QM, B0GTM2WQFH, B0GTNZVZN9, B0GTNNVVRZ, B0GTNT3T43, B0GTL76KHV, B0GVQQDMX9, B0GTLN3P9V, B0GVNJN9X5, B0GTLN3P9T, B0GTLJVQBX, B0GTP1494J, B0GTKKDCY4, B0GTLRBND2, B0GTLYK67W, B0GTNV5G6B, B0GTLV9B8G, B0GVNP9QGG, B0GTLZCY1K, B0GVQPXRHK, B0GTL8NYZM, B0GTNY5QYK, B0GTLL1N1N, B0GTLZ91B2, B0GTNMXRGC, B0GTNNXPFW, B0GTLL1N19, B0GTM2WFRK, B0GTNH9WLK, B0GTLBVPGX, B0GTLSZF2G, B0GTNQW1X7, B0GTMBRD95, B0GTNKTCMP, B0GTL9M2X6, B0GTP14968, B0GTKQ4BFR, B0GTM53FKH, B0GTKL86R4, B0GTLVYQW2, B0GTNRDB1T, B0GVNQ4WG9, B0GTNGP1WD, B0GTNX3ZJB, B0GTM5G3J7, B0GVQMF5XD, B0GTLD6QNX, B0GTLPD45R, B0GTM2H1XB, B0GTLY84J3, B0GTNVC4HZ, B0GTL5JJY5, B0GTNTB867, B0GVQM9626, B0GTNS5SN1, B0GVQGPXGF, B0GTKW9PCR, B0GTNF64CT, B0GTLHSNHZ, B0GTNNNFTY, B0GVQBNBLC, B0GTLLGH31, B0GVNZHGW4, B0GVQPKZR3, B0GTP16H14, B0GVNTGTXQ, B0GTM252CM, B0GVQH4TWT, B0GTM8FY88, B0GTLQFC26, B0GTNMBH5J, B0GTM12QT2, B0GTKVCZ5B, B0GTNSBBGC, B0GVNR91VR, B0GTP1Q2VB, B0GTNNMLCZ, B0GTLW4XHN, B0GTLXMJGL, B0GTNRPQXL, B0GTLC9J8T, B0GTNGWKR7, B0GTLYFD3K, B0GTLJXV3F, B0GVQYWCGF, B0GTLJXV3B, B0GTLMXZG6, B0GTL85Q2F, B0GTM3YNV7, B0GTP16H2N, B0GTL85Q2J, B0GVQPXKLD, B0GTLZ9JJ3, B0GTNLN7RD, B0GVQQBJ4G, B0GTLG4RLK, B0GTNM3M15, B0GTKLS797, B0GTLRHC2Z, B0GTLXQNJ3, B0GTNTS9BX, B0GVNQ1VTX, B0GTP3VV99, B0GTLM2823, B0GTNQLL64, B0GTKVWX12, B0GTK4C74M, B0GTL9PYPP, B0GTNM5PPY, B0GTKVW7PV, B0GTLLS5FP, B0GTNTNXMP, B0GVNKB95J, B0GVQW9PN3, B0GTLYS554, B0GTNXR2J1, B0GTLD1WT9, B0GTMBSG3V, B0GTNXSFNB, B0GTNJBGMJ, B0GTLHPBXC, B0GTNFMNN8, B0GTLRM8QX, B0GVQQRCVQ, B0GTLYF36V, B0GTNFMPQP, B0GTLYZD9S, B0GTLXJ92X, B0GTM5622K, B0GTLRM8QG, B0GTKFKD8K, B0GTNKFKN5, B0GTNVM1NM, B0GTNF3M8Z, B0GVNKSZBT, B0GTM8D4WZ, B0GTNTG6BF, B0GTLZBLVP, B0GTLLVBV5, B0GTKQWJGD, B0GTMCT73N, B0GVQVZD1C, B0GTLGRT2T, B0GTNZ1GZM, B0GTLZ2PNM, B0GTL5KTHV, B0GTKQWJG4, B0GVQVZD15, B0GVQRTF95, B0GTNXC7KH, B0GTNH59RH, B0GTNRSHC9, B0GTNFJN41, B0GTLXD412, B0GTLFN4CM, B0GTNKFKP7, B0GTNXJV2L, B0GTLLW5G6, B0GTNWN9KJ, B0GTP1BXV9, B0GTM29D2S, B0GTNQMZ1L, B0GTM7ZK4K, B0GTM59NRS, B0GTNJZ8LD, B0GTNJ2SY1, B0GTNX5H6W, B0GTNY3TXW, B0GTP1H29P, B0GTKGDKHX, B0GTNJ83H7, B0GTNKX75S, B0GTLBXVZ6, B0GVNCT4SV, B0GTL9W898, B0GTL8QMQF, B0GTNF3FFY, B0GTKX1YL5, B0GTNVS85S, B0GTP1LV44, B0GVNM1XHH, B0GVQZ2GYQ, B0GTNKVF81, B0GVNPZB4L, B0GTMBPWWF, B0GTNV2YYH, B0GTL6NPXM, B0GVNWV4F8, B0GTLGLTJ9, B0GTNZXPCJ, B0GTNYZN5L, B0GTMBPWX2, B0GTNSQYR5, B0GTKFN595, B0GTNMMQ3N, B0GTKFFYX9, B0GTKQDFPT, B0GTM5212M, B0GVQFFQX3, B0GTLZC12S, B0GTNLDCN9, B0GTM2B2YW, B0GTLCWXGZ, B0GTP3SMY8, B0GTNMCT6B, B0GTP3SMY4, B0GVNPVWL5, B0GTNKVVZW, B0GVQF4BM6, B0GTNLP7RW, B0GTNWFMFV, B0GVNN1HV8, B0GTNQDHN8, B0GTNZ8JTF, B0GTNTPH29, B0GTNT8H8Z, B0GTNJWQL9, B0GVNXY9FK, B0GVNVNPKF, B0GTNX8WDB, B0GTLC7JKX, B0GTK5WQHJ, B0GTLCHH26, B0GTP3W29H, B0GTNQPP8H, B0GTNQDHM4, B0GTNLTDCF, B0GTM7Q5FS, B0GTNXRCQT, B0GTNTL4XK, B0GVQJ3HKV, B0GVNPTSLL, B0GTNSZYSS, B0GTNNXJJ3, B0GTM2G7VF, B0GTLGTSSM, B0GTM4G5YT, B0GTNJWQM2, B0GVNJKLTK, B0GTP3Y46K, B0GVQMPCF4, B0GTLGTSSP, B0GTLVQM56, B0GVQMK22B, B0GTLC6XHZ, B0GVNTJNMV, B0GTL9BJ5N, B0GTNNTJZX, B0GTNSZX9X, B0GTLTGDNG, B0GTLVZ9HZ, B0GTNHY695, B0GTLWP8J2, B0GTM5M2Y2, B0GTNN9HG7, B0GTP3ZTVD, B0GTNKVCZM, B0GVQYLMLR, B0GTNC5RF1, B0GTNMWP9B, B0GTLX6531, B0GVQSRY8V, B0GVQF92JX, B0GVNQ4GZ8, B0GTNMBFBC, B0GTNS25LX, B0GTLX6535, B0GVQH2H4L, B0GVQLZ35X, B0GTL2453J, B0GTLJX1YZ, B0GTNWYSBT, B0GTNMKFJQ, B0GTNPSJCY, B0GTLX84JH, B0GTLLWK6J, B0GTLMSSX7, B0GTNTB6DF, B0GTNNP24T, B0GTNJLKCN, B0GTNXB73C, B0GTLZG4KG, B0GTKTW2V4, B0GVNNNC9J, B0GTM2JQTB, B0GTNFCDLL, B0GTLXSD98, B0GTK92J4F, B0GTLZ29MQ, B0GTNC5RFF, B0GTNHQ2FB, B0GTM5BRYF, B0GTM4DGZK, B0GTM2PLZ9, B0GTM4DGZS, B0GTNXSP2Q, B0GTLX457N, B0GTLBVSD3, B0GVQG2N7Q, B0GTLPV55X, B0GTLFW32Q, B0GTNPNTM7, B0GTLGP4FT, B0GTNX6634, B0GTNT5ZLD, B0GTNMSW6B, B0GTNXVNCW, B0GTKHKGW8, B0GTNM2D1H, B0GTNXBKZ3, B0GTNJ4ZKJ, B0GVNRV47Z, B0GTM9XHYQ, B0GVQSNJJ4, B0GTM8FYK2, B0GVQFYSJP, B0GTLFPJ3W, B0GVNN8XGX, B0GVNLRG6B, B0GTM2JMNX, B0GTLGT3ZM, B0GTKLK2Y2, B0GTLCD9KS, B0GVNTBSYJ, B0GTKW29WV, B0GTNZ3YJ7, B0GTM51X9M, B0GTM34P9V, B0GTLKKXM3, B0GVNS2K5C, B0GTNWQMK9, B0GTNR7T74, B0GTNWQT7X, B0GTM5C8HJ, B0GTLJ4YQJ, B0GTNP1ZKW, B0GTLCPT9G, B0GTLH4HGH, B0GVNTYTW6, B0GTNKWN29, B0GTLJ4YQ9, B0GTNR8PKW, B0GTKW1VTN, B0GTNTP31G, B0GVQSKGJP, B0GVRLLC1S, B0GTLN7ZZ5, B0GTP3P49P, B0GTLRR9VG, B0GTL4MG5V, B0GVNRV47W, B0GTNT7BZF, B0GTK95NP9, B0GTLD64MT, B0GTP41KFV, B0GTLD64MZ, B0GTNNNN6T, B0GVNJQ4JM, B0GTNY41S4, B0GVQJT7P5, B0GTNNDDF2, B0GTNVKRPB, B0GTL65QPV, B0GTNH1LSK, B0GTNM585H, B0GTLZC1FR, B0GTNTRS48, B0GTNDZSVN, B0GTNF2C59, B0GVNVVYX5, B0GTNTRS3Y, B0GTM2M7MD, B0GTNT3D1X, B0GTNNJD49, B0GTLR4RR1, B0GTNLGWZH, B0GTLM81NJ, B0GTM83J9D, B0GTLLKNKT, B0GTNH643N, B0GTLH6SB5, B0GTNRDZD4, B0GTNRDZCX, B0GTNMNMTM, B0GTLGRJ98, B0GTNNVQJT, B0GTLL21ZH, B0GTNRVN6X, B0GTL11SHK, B0GTM3NGNV, B0GTNH1LS6, B0GTLSYJ76, B0GTNJZ79J, B0GTL9Z24Q, B0GTNLRV5G, B0GTP1D23N, B0GTNVDKV3, B0GTP15ZQG, B0GTNWFGKG, B0GTKT5V3M, B0GTM4W2Q9, B0GTLDJNHJ, B0GTM1Q13B, B0GTKPX125, B0GTM4D5P3, B0GTL1YKBK, B0GTM2KBKS, B0GTP1RF2H, B0GTLTVR5V, B0GTLVR4LS, B0GTM718WD, B0GTLG7ZDB, B0GTNPZLZX, B0GTNRF44N, B0GTLHDR87, B0GTM4W2Q1, B0GTNVKVY8, B0GTNJ4VJK, B0GTKJDT62, B0GTKVPF19, B0GTP13GRL, B0GTLC322H, B0GTM4RKPL, B0GTLFHWNR, B0GTNL31NB, B0GTLT14KG, B0GVQHSSMD, B0GTM2KBLY, B0GTNL31NG, B0GTP3M6N3, B0GTLJJ1HG, B0GVQLF4P5, B0GTM5G6N3, B0GTLKWYSK, B0GTL929RH, B0GTNXBVXX, B0GTL8RXM7, B0GTLCDHQS, B0GTLPYL3Z, B0GTP3RQ63, B0GTNTS41S, B0GTLKPM2K, B0GTNQYS3L, B0GTL7K1S3, B0GTNT6YPS, B0GTL9NRSS, B0GTLWPCYZ, B0GTLTCLGF, B0GTLKY5HY, B0GTNVLFRQ, B0GTLVJBDZ, B0GTNVDKTF, B0GTKX1CK5, B0GTNX427Z, B0GTLBXYS3, B0GTNWMY6L, B0GTNZ7RV9, B0GTLTCLG8, B0GTLD9QF8, B0GTNJXYHX, B0GTKKX714, B0GTNX997J, B0GTKMJ1VV, B0GTLVVN8H, B0GTKN9H9G, B0GTNWKLD4, B0GTLCM7XB, B0GTNH4SPJ, B0GTKSFW97, B0GTLZJ7VJ, B0GTP1WM8H, B0GTLBSLJZ, B0GTLS7M9Y, B0GTM2N3ZY, B0GTLYDP3Q, B0GVQJ3HK9, B0GTLBSLJQ, B0GTNMDK6K, B0GTNJYP4T, B0GTNXKJPL, B0GTLJJBV7, B0GTNQ3J8T, B0GTKSFW91, B0GTLKHN5J, B0GTNZJPGL, B0GTLWC9BD, B0GTL5MLTX, B0GTNXG663, B0GTLMMQ7T, B0GTM4L93F, B0GTKXM1NL, B0GTNNFSFR, B0GTM5F9MJ, B0GTLBS7CH, B0GTM2SRJY, B0GTMBWXMM, B0GVNT5X3Q, B0GTNRHV8W, B0GVQH19HF, B0GTNTJQQW, B0GTP3XY7G, B0GTLYYLQF, B0GTNX9D8C, B0GVNXZ461, B0GTNZ79R9, B0GTNLJVYD, B0GTNMKR13, B0GTNGP36H, B0GTKRPQHH, B0GTLHQR9C, B0GTLD16LD, B0GTLD16LF, B0GTKQ17NX, B0GTLLC7YK, B0GTLZ5H16, B0GTLCFZ4T, B0GTP16FQ5, B0GTNKH9C4, B0GTNZ2W8M, B0GTLW93X4, B0GTK5BNL3, B0GTL9J9D5, B0GTNWNBQ4, B0GTLZ5VMT, B0GTNN97YS, B0GTM8BQWK, B0GVQZ2486, B0GVQWS9SY, B0GTLJW871, B0GVQMQCJ4, B0GTM2B3C3, B0GTLDCCVZ, B0GTNHK6NL, B0GTNZMFGC, B0GTNLJVZ9, B0GVNZKXMB, B0GTKX2WDY, B0GTNXXCYZ, B0GTNHXP9Z, B0GTNGP356, B0GTLMGX2G, B0GTNMKR28, B0GTNK8VKX, B0GTNH3XWG, B0GVNLYWLV, B0GTNQLK2S, B0GTL9NCNG, B0GTLGHSPX, B0GVNRB5DL, B0GVQMM13G, B0GTM51XLX, B0GTKRGG2S, B0GTLPZHBZ, B0GTNZ167T, B0GTNZ1688, B0GTM3X81J, B0GTNHDKJD, B0GVNK97K6, B0GTLG1NJR, B0GTL9NVRY, B0GTLC3N5S, B0GTM8BQVM, B0GTNH2WWV, B0GTNH4DLF, B0GTNHT2HW, B0GTLC6TYM, B0GTM3LGS8, B0GTLZ464K, B0GTL85SSL, B0GTNLKDXP, B0GTNWHRML, B0GTNKRGDY, B0GVNK3VYF, B0GTNVQLB7, B0GTLVD4GR, B0GTNTQKXP, B0GVQD6L5Y, B0GTP12B7Q, B0GTNNMR6Q, B0GTNNCPQH, B0GTNRTPPN, B0GTM59KLF, B0GVNQC19J, B0GTNNH7R2, B0GVQLS69R, B0GVQDJRFR, B0GTKQQ6GJ, B0GTKN4Z5D, B0GTNP9XG9, B0GTLZ9Q4H, B0GTLZ4H1N, B0GTNX9FGJ, B0GTLDLJK1, B0GTLX623V, B0GTLJ6KKX, B0GTNKKKCP, B0GVQGL4RM, B0GTLWTCYQ, B0GTLJ6KL2, B0GTLF3XYJ, B0GTP1JTWG, B0GTLC6JK1, B0GTLHVPND, B0GTNTGLXZ, B0GTLR1RLC, B0GTLTYJN6, B0GTP19HRX, B0GTL3XCMB, B0GTNQ54M3, B0GVQ8PTHJ, B0GTM2JJNS, B0GVNP3Y5H, B0GTNR7J62, B0GTP1MWTV, B0GVQVYPHG, B0GTLKSXRT, B0GTLVBZY1, B0GTNKLS25, B0GVNJ6DCM, B0GVQD9JFL, B0GTNLQZ5H, B0GTLLQ4RC, B0GTNKT29R, B0GVNPBKPL, B0GTNT85QY, B0GTKPPK31, B0GVQGYJ3Z, B0GTNZBZ6Z, B0GTM56G1M, B0GTLJX55R, B0GTLB1XRF, B0GTP1KT6M, B0GTP1BBNL, B0GTLW4XH3, B0GTNQT2ST, B0GTLG7NBH, B0GTNN6SB3, B0GVNTNBM2, B0GTLNWVKD, B0GTNKT28X, B0GTM2S82C, B0GTNZ3C5P, B0GTLNQ9D8, B0GTNL1J6G, B0GVNQTW4S, B0GTM1Q7SS, B0GTM356M3, B0GTNR1JN5, B0GTNXCKLX, B0GTLPZ671, B0GVQFB1B1, B0GTLKLXDM, B0GVNQD4C9, B0GVNNR2HN, B0GVNHLTXS, B0GTM4R2TB, B0GVNRWSHY, B0GTM4R2TH, B0GTNLXZC3, B0GTNX2NDV, B0GTNVPT1H, B0GTNRRLLY, B0GVNRDTD8, B0GTLGP7GT, B0GTM2NPRW, B0GTLM4XQX, B0GTM78X4V, B0GTLGXL9D, B0GTKN5CL6, B0GTLCZSTD, B0GTLQGPGQ, B0GVQMH1ZR, B0GTNQXKVJ, B0GTM25FZP, B0GTNYZ619, B0GTP1M5WF, B0GTK63XCW, B0GVNKMN47, B0GTLL31PB, B0GTNPT362, B0GTNWW2JF, B0GTLJ6N6M, B0GTLJ48R7, B0GTNR41YC, B0GTK63XCH, B0GTM54K3M, B0GTKQ5GTF, B0GTLHXLH6, B0GTNR1DFM, B0GVNPXN7X, B0GTP3QMB7, B0GTL8NP4D, B0GTLD61F4, B0GTL9QCYV, B0GTLJTFQL, B0GTM9FVCL, B0GTNT5JS5, B0GTLHD2Q2, B0GTLVBXK1, B0GTNTQGZY, B0GTM5G8Y1, B0GTLHWZG5, B0GTNWPN3B, B0GTNTNQX2, B0GTNTP463, B0GTLNWRM8, B0GTLBR2KQ, B0GTKHLGVY, B0GTLY4MJK, B0GTNN8HHN, B0GTNQL7W1, B0GTNH62VY, B0GTLC7MTL, B0GTNSZZZS, B0GTM1W52V, B0GVQDRQRL, B0GTM89RCX, B0GTM4CQ2K, B0GTNRPYQT, B0GVNGJ558, B0GTL9MNTT, B0GVNLVN22, B0GTKZVSM4, B0GTNLSQF9, B0GTP1PW47, B0GTNL9BW4, B0GTK631SD, B0GTLS1VQL, B0GTNW59WK, B0GTNQZ72V, B0GTNF5G8Z, B0GVNMK8M6, B0GTLWZN9X, B0GTLD4BMT, B0GTLCPQ3N, B0GTNQRHL6, B0GTNH1MWR, B0GVNDG3P2, B0GVQGJ15Z, B0GTLZ8MDR, B0GTNFNJ27, B0GVNP3LHV, B0GTLYDH5T, B0GTNH7V7B, B0GTLDRB3R, B0GTNQRHKF, B0GTNM8YKS, B0GTLR8CV2, B0GTNLP35C, B0GTLZ5HDD, B0GTNM8LRL, B0GTLVRJCQ, B0GTNQ1JPB, B0GTLVGQ2W, B0GTNLH61S, B0GTLKR3R4, B0GTLKYGD3, B0GTLC3551, B0GTNNW9T4, B0GTNN1D9T, B0GTNKPPJG, B0GTNXDM64, B0GTNT46K4, B0GTNXGSYR]",amzn1.campaign.QETN1V78AMJK,InkRain Pillow Covers Sofa of 2 Decor Set 28x28 Inch Cotton Linen-3,InkRain,2026-09-04,2027-09-04,20.00%,5000.0,5000.0,124,800,false
"[B0HCNRZGS2, B0H1Q6B6MS]",amzn1.campaign.397ONFGPP47TT,New-Releases Smoothie Blender | Save 37% Off Now!,Savorfuze,2026-09-05,2026-10-05,10.00%,5000.0,4597.1,54,800,false
[B0H397KX3B],amzn1.campaign.2JYIE4ME6HAJW,Hilizart Wrestling Headgear – Lightweight Breathable Ear Guard 20% commission,Hilizart,2026-09-04,2027-05-31,20.00%,5000.0,5000.0,140,800,false
[B0DBLR164F],amzn1.campaign.1LVQWXOPK6GZC,High sales|Trucozie T356 Air Purifier+11% Commission+$500 Budget,Trucozie,2026-09-04,2026-10-04,11.00%,30000.0,29992.3,97,800,false
"[B07FX1FK51, B07FXL782M, B09FF31FZS, B099JXBJNT, B09FF3V8QR, B099JWTYHY, B07X2FT3P4, B08CRBF5SG, B07WYWCQVS, B08CRJ84Z2, B07X2D656N, B08CRLVHW2, B07X2CPSSJ, B099K4KG94, B099K5Y765, B07X2GBQRN, B07WYWCMWG, B08CRGQM14, B09FF317XD, B07X2CZ8PM, B07X2G24H6, B07FXVF6YZ, B099K58G7H, B07X2G54S8, B07WD493T1, B07FXDW4G1, B07FX8FGNP, B07WPRCDV5, B07FXCX5NJ, B07X2CMB7T, B08CR1F27L, B08CQTRBCQ]",amzn1.campaign.2A2X1BNNFTCZ9,"15%Commission, 10%Off Discount Shiny Clubbing Halloween Leggings-26-9.3-05",Ginasy,2026-09-04,2026-10-08,15.00%,5000.0,5000.0,136,800,false
"[B0FR7WZSCR, B0G13RNPXY, B0DPQLFHHB]",amzn1.campaign.1UKBCYRZIZ2M0,Earn 15% Commission – Promote INSEETECH Three Lens Outdoor Security CameraINC004,INSEETECH,2026-09-04,2026-11-30,15.00%,5000.0,5000.0,121,800,false
"[B0GQS3N6FG, B0GQS2GRTS, B0GQS5FS87, B0GQSJYD6L, B0GQRSTN49]",amzn1.campaign.1L5RQG4XHRIQB,红色破洞牛仔裤+9.2,Arkordi,2026-09-04,2027-01-19,15.00%,5000.0,5000.0,163,800,false
"[B0GY88CNPJ, B0GY877J4S, B0GY839W8G, B0GY84WVB4]",amzn1.campaign.2WLYMPNOEZFU3,Woven Shoulder Bag for Women Promotion | Creator Partnership | 20% | Sep 3-Oct 3,AFKOMST,2026-09-03,2026-10-03,20.00%,5000.0,4944.38,123,800,false
"[B0GKMCN2TL, B0GKN1LZ2X, B0GKM47JXP, B0GKLS4JBJ, B0GKN13VWX, B0GKMX7GPW, B0GKMXSGM5, B0GKM48GZB, B0GKMPQ43B, B0GKMJQ45H]",amzn1.campaign.EP33GA8IVIYA,PlikPlakey Garden Retro Funny Tin Sign Pot Head Fence Metal Wall Decor,PlikPlakey,2026-09-04,2026-11-17,10.00%,5000.0,4999.17,131,800,false
"[B07FX1FK51, B07FXL782M, B09FF31FZS, B099JXBJNT, B09FF3V8QR, B099JWTYHY, B07X2FT3P4, B08CRBF5SG, B07WYWCQVS, B08CRJ84Z2, B07X2D656N, B08CRLVHW2, B07X2CPSSJ, B099K4KG94, B099K5Y765, B07X2GBQRN, B07WYWCMWG, B08CRGQM14, B09FF317XD, B07X2CZ8PM, B07X2G24H6, B07FXVF6YZ, B099K58G7H, B07X2G54S8, B07WD493T1, B07FXDW4G1, B07FX8FGNP, B07WPRCDV5, B07FXCX5NJ, B07X2CMB7T, B08CR1F27L, B08CQTRBCQ]",amzn1.campaign.2GRRDIJUMCR4C,"15%Commission, 10%Off Discount Non See-Through Faux Leather Leggings-26-9.3-04",Ginasy,2026-09-04,2026-10-07,15.00%,5000.0,5000.0,141,800,false
"[B0GQS3N6FG, B0GQS2GRTS, B0GQS5FS87, B0GQSJYD6L, B0GQRSTN49]",amzn1.campaign.AFZHLWKMWIZG,红色破洞牛仔裤+9.2,Arkordi,2026-09-04,2027-01-18,15.00%,5000.0,5000.0,164,800,false
[B0CW9MW7R1],amzn1.campaign.3GRR37U418SIF,"WOEBYAS 137 Compatible Toner Cartridge, 4-Pack",WOEBYAS,2026-09-04,2026-12-31,10.00%,10000.0,9991.58,130,800,false
"[B0GT9B1X9N, B0GT9FPFLR, B0GTK8L3QV, B0GT9RSW9V, B0GT9TFM4X, B0GT3MB16T, B0GTKHLZDN, B0GT3MGYX4, B0GT9Q1FYP, B0GT9CGQP6, B0GTKCZHB6, B0GTK7JV7K, B0GT9H6JJ3, B0GTKHD64Q, B0GTK2TVDR, B0GT9QTQGQ, B0GT3P7J77, B0GTK97SRG, B0GT9T9KZ5, B0GT9P5WJZ, B0GTK6MRD8, B0GT9K2DVP, B0GTK91LVP, B0GT9KQXCX, B0GTKD1MK7, B0GT9NLR28, B0GTKBZB28, B0GTKCBLR5, B0GTK86W7P, B0GTL1737J, B0GT9S3DVQ, B0GTK8KWZM, B0GT9TLDTD, B0GTKHD65L, B0GTK8CTKW, B0GTKC5FLX, B0GT3MB16J, B0GT3NYSYL, B0GT9CHFWX, B0GTK5Q219, B0GTK5PR2Z, B0GT9NM54P, B0GT9K7J1R, B0GTKYBM1D, B0GTB1JW39, B0GTKC8PXY, B0GTL3NRZ4, B0GT9HPW91, B0GTKCTHVM, B0GTK7GMMM, B0GT3TQWW8, B0GTKBDD93, B0GTK6TPH8, B0GTL13FLJ, B0GT9J5HTS, B0GTKC73B8, B0GT31FLG4, B0GT9TLY9N, B0GTKKRTX1, B0GTK89J4R, B0GTKBXGCR, B0GT2YSC7D, B0GT9HNBVW, B0GT9TLY9J, B0GT2TY8TY, B0GT9L33V9, B0GT9D45TJ, B0GT9QCPZX, B0GTKF79ZV, B0GT9THGBM, B0GTJZQXZS, B0GTKTWH8R, B0GTKF5JB2, B0GTL89KBR, B0GTKKZM1G, B0GT9P5MZG, B0GT9S5CPN, B0GT9BLGHG, B0GT9GD5W8, B0GT9GD5W7, B0GT9KLXQT, B0GTKCTSLF, B0GT3XNHR4, B0GT9MLH8H, B0GTKHLLGS, B0GTKJ1H6Z, B0GT9TK32K, B0GTK94156, B0GT3NTQF6, B0GT9H5XLV, B0GT9RCQYW, B0GT9KDWKN, B0GTK5PC3Y, B0GT9LFL3D, B0GT3TC21C, B0GTKRXSDC, B0GTK75WSQ, B0GT9P3Z1T, B0GTK921ZW, B0GT9KVH8H, B0GT2Y8TKC, B0GT9H2RK6, B0GT9JNXJM, B0GTKDS5QF, B0GTL8NYZL, B0GT9LBWX4, B0GTK3KQ4J, B0GT9JGB36, B0GT9JXMZK, B0GT9LWG8F, B0GTKKXBDZ, B0GT9SNZN6, B0GT9F82G3, B0GT9HYQTB, B0GTKB9QSL, B0GT9TB61C, B0GT3SSFFP, B0GTKTM1D7, B0GTKCDC66, B0GT9LMX7C, B0GTKHP4JS, B0GT9L3R62, B0GT9RV821, B0GTKCJL6Z, B0GTKCWZLR, B0GTKF16BJ, B0GTKTM941, B0GT3P675C, B0GT9HZPQY, B0GTK3LS8M, B0GTK7KXT8, B0GT9V39HT, B0GTKCT3GY, B0GTKF16CF, B0GTK632KC, B0GT3Z3R6Z, B0GTK4ZG7V, B0GTKB9TXX, B0GT9J73HD, B0GT9JZ6CV, B0GTKKX81K, B0GT9F686F, B0GTKLNDLK, B0GT9NQ1DJ, B0GT9L71JN, B0GT9L9GPH, B0GT9D6K53, B0GTKVCMBQ, B0GT9LGXH9, B0GT9FSXNP, B0GTK8PLPK, B0GT9DV2CF, B0GTJZXLRB, B0GT9KVH83, B0GT9L3R6N, B0GTK5TFN2, B0GTK7QS5P, B0GT9P8ZFK, B0GTK7KXS9, B0GT3QPM83, B0GTKN4PY6, B0GT9SRD7Y, B0GTKCG5TH, B0GTK845VD, B0GT3GMWB4, B0GTK7QC6R, B0GT9J6PFR, B0GT3QW1SB, B0GT3JBGMT, B0GT9S8V3V, B0GTKVCZ4V, B0GTKF7115, B0GT9QFP5R, B0GT9J6PFZ, B0GTKNKPFD, B0GT9CS5LR, B0GT9K9X29, B0GT99C8WF, B0GT99D5N4, B0GTK3NZZX, B0GTK76FJV, B0GT9PR22J, B0GT398P21, B0GT9HMXJR, B0GTK3LF7L, B0GT9QYHMP, B0GTKFCWXK, B0GT9G1H8X, B0GTKSM1YL, B0GT9PGD7J, B0GTKCRLK8, B0GT9T737T, B0GTK98HQD, B0GT9LHVFS, B0GTKC6QGV, B0GTKFGWKQ, B0GT9RBSL8, B0GT9X63J4, B0GTK3NZZ3, B0GTKDSP1Z, B0GT9GLM2Q, B0GTKDRNQZ, B0GTJT89DV, B0GTK1WKZJ, B0GT9L3GGX, B0GTKCY4GP, B0GTL11FJR, B0GT9K1L3H, B0GTL8NYZ7, B0GT9Y4KWJ, B0GT9GNJHT, B0GTKF4JN6, B0GTKCHS71, B0GTKHGGTZ, B0GT9M9DQL, B0GT2YB4CC, B0GT9J32WJ, B0GT9P2S54, B0GT9C92QX, B0GTKC69ZB, B0GT9GJY1B, B0GTJZ573P, B0GTKBMVJH, B0GT3QWBR6, B0GT9NM13Q, B0GTL7PL5N, B0GT9FPV6J, B0GT9PG9DJ, B0GTKC44VD, B0GTK86Z3Q, B0GT9DVWHB, B0GTJY1111, B0GTK22QZT, B0GT9FPV72, B0GT9KG9K2, B0GT9JK5TJ, B0GT9HW7M9, B0GT9PHR27, B0GT9RDZ5F, B0GT9QLXVM, B0GTKBFP3P, B0GTKDPDF6, B0GTL3ZBN6, B0GT3LVM8G, B0GTK94431, B0GT9CDSSG, B0GTKH82XV, B0GT9JRVD5, B0GTKC8ZNH, B0GTK5VJHF, B0GTKFWS1H, B0GT9MXRX5, B0GT9GQBRV, B0GT9MMB7W, B0GTKDZWHB, B0GT9DZ466, B0GT9P89JP, B0GT3YYF4Q, B0GT9R6Y87, B0GT3ZMYCF, B0GT9GKJSQ, B0GT3DJDRH, B0GTK8NZLF, B0GTKKSF1V, B0GTK5BS4N, B0GTKN871N, B0GT9PD8DP, B0GTKNBZ97, B0GT9R2XBD, B0GTK14G58, B0GT9KVLJ7, B0GT9X9QYB, B0GT9LR9TW, B0GT9V2YW7, B0GT9Y1D4H, B0GT9LQPDL, B0GTKTTYV9, B0GT9J3RWJ, B0GTKCXNYK, B0GT9HBHP1, B0GT9GVSF9, B0GT43V9M4, B0GT9C9S15, B0GTK2KX68, B0GT9GKJTS, B0GT9C92PV, B0GT9RGXC7, B0GT9HK71Q, B0GT9FPNJ5, B0GT9MXRWH, B0GTKHGYVM, B0GTK7KCC4, B0GT9PQ1QM, B0GT44QQJL, B0GT9TBSSG, B0GTK9M8JQ, B0GTKFC982, B0GTKLB4FK, B0GT9JP5K9, B0GT3TGVW6, B0GTK5JQWS, B0GT9FPNJF, B0GT9NGY9L, B0GT9MBB6P, B0GT9GT6TC, B0GT9QSRRN, B0GT9NDMKQ, B0GTKJS7VR, B0GT9RMVPN, B0GT9LHVH9, B0GTKCYLRY, B0GT33TQR1, B0GT9JVD2P, B0GT9LY6W1, B0GTKL5741, B0GT9HBHPB, B0GTKBGT45, B0GTKJVZQK, B0GT3GMW9T, B0GTKF91HJ, B0GT9DQVR6, B0GT9K3NSR, B0GT35V38S, B0GTKB8WHH, B0GT9CGVLL, B0GTKDRR6P, B0GT9GS4TB, B0GT3VX8QQ, B0GTKCKPDM, B0GTKCXL66, B0GT3FNVR4, B0GTKTTH5Q, B0GTKC41M1, B0GTL5KTHM, B0GT39KHQ8, B0GT9JNX3H, B0GT3HD42H, B0GT9KLRQQ, B0GTKC8ZQL, B0GT9PL3F8, B0GTKD699Q, B0GT9SB9ZY, B0GTKHF623, B0GT9P5SJ3, B0GTK9TNC6, B0GT9D6KLQ, B0GT9MKKTK, B0GTKD36FD, B0GT9L174N, B0GTKCMDQ8, B0GT3HW138, B0GT9DX11X, B0GTK5SMSL, B0GT34F435, B0GT9KDSP7, B0GT9J7CRX, B0GT9Q6D5L, B0GTK87LQ7, B0GTKFBWCB, B0GT9JYGVL, B0GT3PGZ5Q, B0GTKHGRT4, B0GT9N9MRH, B0GTKTCZCR, B0GT9TZ4Z4, B0GT9J9J9D, B0GTK7SSH4, B0GT9M9RXN, B0GTKBNYSZ, B0GT9WV88X, B0GT9FSX86, B0GT9VWFN6, B0GTJZZM6Z, B0GTK2V4JX, B0GT9FVFL4, B0GT9FS8YM, B0GTL18WNX, B0GT9DWJF1, B0GTKFNPR1, B0GT3XRHWF, B0GTK22R1G, B0GT9JRZQM, B0GTJZZM81, B0GT9FSG6S, B0GTKHKSJT, B0GT9QXXY7, B0GTK3L1FB, B0GT9HLVQ1, B0GT3RH5SD, B0GT9R1SFJ, B0GTK7F2LV, B0GTK2KJ74, B0GT9P9VMR, B0GTKCR9NH, B0GT9KDPGW, B0GT9RK8G2, B0GT9SFXYM, B0GT9PL7YN, B0GTK8QWXG, B0GT9J13G1, B0GTK7HJ3Y, B0GTK93516, B0GTKC1ZQD, B0GT9V25XM, B0GTK85CC3, B0GT3Q9114, B0GT9F6M4J, B0GTK7WP33, B0GTK3BQF7, B0GTKC6B2Q, B0GTKH55NP, B0GT3GMNCB, B0GT3FBH49, B0GT9QTQZC, B0GTK7FRJT, B0GT9JQKVR, B0GT3X1VTV, B0GT9HJVXC, B0GTK486RG, B0GTK79G9G, B0GTKCXW89, B0GT9MXS9W, B0GT9NYR9M, B0GTL5CS2X, B0GT9KQHS4, B0GT9XMLCT, B0GT9X1KNY, B0GTKFDB4S, B0GT9PXND7, B0GTK5M1LC, B0GT9SQYYL, B0GTKN4ZXF, B0GT9L95XR, B0GT3HD74F, B0GTK1C5D9, B0GTL18JSZ, B0GT9XMLDC, B0GT9PL31D, B0GT3RBDFY, B0GT9FR4X1, B0GTK7NTTV, B0GT9NZ7HV, B0GT9DVBVN, B0GTK9SPNW, B0GT9HNBGR, B0GTKKQX39, B0GT9J3GJG, B0GT9N8TG7, B0GT9QSR7W, B0GT9M59V2, B0GTK7HTFH, B0GT9NHJBW, B0GTL231ZS, B0GTKC6QJR, B0GT3VXVSG, B0GTKD2WF8, B0GT9QYH14, B0GTKKQX48, B0GT359YCZ, B0GT9PLDMY, B0GT9M53JV, B0GT9KPD2Y, B0GTK4TRRW, B0GTK8MLJT, B0GT9S7BSH, B0GTK62KQZ, B0GT9SSDCR, B0GTK7VP33, B0GTKD2HJ9, B0GTKH7L3F, B0GTK5DKYH, B0GT9PVNBZ, B0GTK1BKLZ, B0GTK81Z8Y, B0GT9R6JB8, B0GTK8P6VJ, B0GTKGDKHF, B0GT9M59VD, B0GTKN2VXR, B0GT9XPW2K, B0GTK6TLLJ, B0GTKFC49N, B0GTK7KC9G, B0GT9V28ZY, B0GTK55T2S, B0GT387BFN, B0GT9HW1N6, B0GTKN7LXN, B0GTL58RWM, B0GT9PY6M6, B0GT9G34YW, B0GTK87PS4, B0GTKHK9PQ, B0GTKBZZP9, B0GTKC1ZMH, B0GT9P8HRK, B0GT9MJ4LH, B0GTKCYTJG, B0GTKD2P9G, B0GTK2MNY1, B0GTK7R6KR, B0GTK158NZ, B0GTK62YJP, B0GTKCCJ7M, B0GTKFR848, B0GT387BF4, B0GT3FNNYS, B0GT9HJCW6, B0GT9RLD66, B0GT3VWDSR, B0GTKKZSRJ, B0GTKN94B5, B0GTKN3GZ1, B0GT9JBTXJ, B0GTK8XDY6, B0GTK3BTG4, B0GTKBTD6K, B0GTKF8D7W, B0GT3NRVJ9, B0GT9LFNFT, B0GT9SGSG5, B0GT9LGRL3, B0GT3NN547, B0GTKBW2JN, B0GTKX2578, B0GT3JM8P9, B0GTK1G2GT, B0GTKTXLBX, B0GT2V86V9, B0GT9JNNL2, B0GT9NBCL9, B0GT9JRZ85, B0GT9D3KJZ, B0GT9P6D9T, B0GT9VWF6N, B0GT9K5915, B0GT9R153T, B0GTK5LQH2, B0GTK3ZLKC, B0GTKKT248, B0GTKFJ73P, B0GT9QRKZL, B0GT9H28JB, B0GTJZYHZZ, B0GT395QMT, B0GT9F5QYQ, B0GT9GL1LX, B0GTKBZHW9, B0GTK89F5D, B0GT3FFYDQ, B0GTKCDG9F, B0GTKD33HX, B0GT3JGVK9, B0GT9KYSZV, B0GTK15N4Y, B0GT9FCHPZ, B0GT38YNYW, B0GT9L3RMS, B0GTKF4FRY, B0GTKGNYRD, B0GT2TYL4C, B0GT9X9MD1, B0GT9CJSPZ, B0GT9W8H81, B0GTKHGQY3, B0GT42B7K2, B0GTKB84PS, B0GTK4FGC4, B0GTKFFSZN, B0GT9H15J7, B0GT9CBRFJ, B0GT9FQN3D, B0GT9M3TS1, B0GTKBC3N9, B0GTKDYGB4, B0GTK5BZ53, B0GT9N5DRQ, B0GT9JT3CM, B0GT9CC5J3, B0GT471W4Z, B0GT9R22MN, B0GTKG7ZV2, B0GTK8QHQS, B0GT414HR7, B0GTKFCFHG, B0GTK92Y1Y, B0GT9GK596, B0GTK2FKC9, B0GTK85HD2, B0GT9KGRLC, B0GT9C5WXH, B0GTK5QQX9, B0GT9KYSYL, B0GT9JQ2LS, B0GTKCFGVF, B0GTK4WYR4, B0GT9M3TT5, B0GTKB6LDF, B0GTKF2MGY, B0GT9H15JH, B0GT9KCPTY, B0GTKF7J2S, B0GT9DXG2Q, B0GTBH29GJ, B0GT9MDM1Q, B0GTKLGJQD, B0GTK7PWMS, B0GTK3RQHW, B0GTKTZKWN, B0GT9PRLRX, B0GT9Y51SH, B0GTL8QRLH, B0GT9HC561, B0GTKD21CH, B0GTK5VFPY, B0GTKZVSLZ, B0GTK5PN1L, B0GT9Z9MB9, B0GT41451S, B0GTKBFNZ3, B0GTKDNPNJ, B0GTKCNH8R, B0GT2TXXLZ, B0GT9DWHWX, B0GTKFDRXB, B0GTK7JNM2, B0GTK89F35, B0GT33RGTG, B0GTKXNPV3, B0GTK6JT2F, B0GT9DL2M8, B0GTK1CXZS, B0GT3W958L, B0GT9JSCM2, B0GTKNC3Y7, B0GT3F5TG2, B0GT9DZMWG, B0GT9J1418, B0GT9LSLFY, B0GTKLK2XL, B0GT9GS7H9, B0GTKDXB3B, B0GTKCD87W, B0GTKF4BFZ, B0GTK883P4, B0GT9GR7K8, B0GT9LSLFQ, B0GTKBCDTN, B0GT9DVWWJ, B0GTK18NHM, B0GTKCZ6SS, B0GTKG7ZTS, B0GT9LKSKW, B0GTKCNH9T, B0GTKFCB9H, B0GTKFHLBB, B0GTK8M41X, B0GT9MVG5D, B0GTL21C8M, B0GT9NFJP3, B0GTKCY78Z, B0GT9Z978Q, B0GTJZYT6P, B0GT9J6NZ1, B0GT9JYCXK, B0GTKX41GF, B0GT9MGZGS, B0GT9MVG4T, B0GT9RR626, B0GT379WN3, B0GT9H8RR8, B0GT3VNTWL, B0GT9MVG5M, B0GT9DPVF8, B0GTK8M41D, B0GTK6VW35, B0GTL7PH8B, B0GT9JM7G6, B0GT3C81NX, B0GTK6VW31, B0GT9J7DB8, B0GTK4WYMF, B0GT99BVGB, B0GTKDY22K, B0GTKFJ71M, B0GT9PF4J3, B0GTK8N3LP, B0GTKY6QD8, B0GTK7LFT3, B0GT9WVSPJ, B0GTKVW2YC, B0GT9JSCJY, B0GT9R1DNT, B0GTK873QJ, B0GTKH467Y, B0GT9QWML5, B0GT9P18PS, B0GT9MFVBB, B0GT9HR5L7, B0GTKMQHWB]",amzn1.campaign.2601JGAMUN23A,InkRain Pillow Covers Sofa of 2 Decor Set 28x28 Inch Cotton Linen-2,InkRain,2026-09-03,2027-09-03,20.00%,5000.0,5000.0,124,800,false
"[B0H9S11JD5, B0H9S3JDYN, B0H9S5MJK9, B0H9RY8RDM, B0H9S3R9ZK, B0H9S7TWXV, B0H9S4GXCG, B0H9RZPXZT, B0H9S6NC7W, B0H9RS5MKL, B0H9S1Y168, B0H9RT1YKR, B0H9S37B7C, B0H9RVKQZJ, B0H9RQK3G1, B0H9S3HTG2, B0H9S445K5, B0H9RSZW1P, B0H9RTDCZL, B0H9RYHBKZ, B0H9RML97X, B0H9S1GPCM, B0H9RS61FB, B0H9S5YQLD, B0H9RXDSVD, B0H9S7LQMQ, B0H9S3HJH1, B0H9S1XJF4, B0H9RYPH2G, B0H9S3J1DD, B0H9S2ZTCN, B0H9S113ZG, B0H9S3HJGH, B0H9S1XM8Z, B0H9RZBKPQ, B0H9RY8NKV, B0H9RWRZV2, B0H9S5NJ4V, B0H9S12M69, B0H9RMKZ2C, B0H9S1DN5S, B0H9S5BGBN, B0H9S39PY5, B0H9RZBN5L, B0H9RXB1L1, B0H9RVVHHG, B0H9RQ7TRY, B0H9RRN1BN]",amzn1.campaign.2WEJHTGXZE30X,LSWL-XZF0167女-A1-10,SAGUARO,2026-09-04,2027-01-31,10.00%,5000.0,4985.3,129,800,false
"[B07FX1FK51, B07FXL782M, B09FF31FZS, B099JXBJNT, B09FF3V8QR, B099JWTYHY, B07X2FT3P4, B08CRBF5SG, B07WYWCQVS, B08CRJ84Z2, B07X2D656N, B08CRLVHW2, B07X2CPSSJ, B099K4KG94, B099K5Y765, B07X2GBQRN, B07WYWCMWG, B08CRGQM14, B09FF317XD, B07X2CZ8PM, B07X2G24H6, B07FXVF6YZ, B099K58G7H, B07X2G54S8, B07WD493T1, B07FXDW4G1, B07FX8FGNP, B07WPRCDV5, B07FXCX5NJ, B07X2CMB7T, B08CR1F27L, B08CQTRBCQ]",amzn1.campaign.2PJCHZ3L99718,"15%Commission, 10%Off Discount High Waist Wet Look Leather Leggings-26-9.3-03",Ginasy,2026-09-04,2026-10-06,15.00%,5000.0,5000.0,145,800,false
"[B0F637TN47, B0DPQSB8VK]",amzn1.campaign.3H0CBUUZ39WDS,Earn 15% Commission – Promote INSEETECH Wireless Solar Security Camera INC005,INSEETECH,2026-09-04,2026-11-30,15.00%,5000.0,5000.0,122,800,false
"[B07FX1FK51, B07FXL782M, B09FF31FZS, B099JXBJNT, B09FF3V8QR, B099JWTYHY, B07X2FT3P4, B08CRBF5SG, B07WYWCQVS, B08CRJ84Z2, B07X2D656N, B08CRLVHW2, B07X2CPSSJ, B099K4KG94, B099K5Y765, B07X2GBQRN, B07WYWCMWG, B08CRGQM14, B09FF317XD, B07X2CZ8PM, B07X2G24H6, B07FXVF6YZ, B099K58G7H, B07X2G54S8, B07WD493T1, B07FXDW4G1, B07FX8FGNP, B07WPRCDV5, B07FXCX5NJ, B07X2CMB7T, B08CR1F27L, B08CQTRBCQ]",amzn1.campaign.22O5PDGUIWSDP,"15%Commission, 10%Off Discount Tummy Control Fleece Lined Leggings-26-9.3-02",Ginasy,2026-09-04,2026-10-05,15.00%,5000.0,5000.0,144,800,false
"[B0CPZTT7H2, B0F8SJJWB7]",amzn1.campaign.3K3QU58EL7G4,💜 Fungiments Super Prune Gummies: Your Daily Dose of Good Gut Energy 🍑,Fungiments,2026-09-04,2027-01-31,10.00%,10000.0,9993.4,133,800,false
"[B0H98T1FFY, B0GTVN5G74, B0GTVCQW13, B0GTVH61CT, B0GTVM4LGR, B0H98SYXH7, B0H98SM4CR, B0H98TT3QW, B0H98WWM9S, B0H98GDL5F, B0H98RR8YZ, B0GTV9SRS1, B0H98QKFFN, B0GTVL5GGV, B0GTVKWBHD, B0GTVRGFW6, B0GTVH57WV, B0H98GLWTC]",amzn1.campaign.2VH78LY5GHAFQ,Earn high commissions——Experience fashion style with Hathne!0028,hathne,2026-09-01,2027-03-02,16.07%,5000.0,5000.0,161,800,false
"[B0CK4C142G, B0CK4BVLH4]",amzn1.campaign.DZSUY20BHS87,Earn 10% Commission | Wine Bottle Cork Lights Amazon Collaboration,DOMORA HOME,2026-09-04,2026-10-14,10.00%,5000.0,4999.3,121,800,false
"[B0G2LTCFVQ, B0GRV7317Q, B0F2MM7BCL, B0FXG1C6MB, B0GL8LG9VT, B0GG6317QT, B0FK4W3CN5, B0DL5B28D3, B0GXDNTDTS, B0GL8Q5BSX, B0F89T1KH2, B0GMXNBGM6, B0FVWPNGH4, B0CTX3SDY8, B0BPWXNT41, B0GGBCNJQ7, B0D12L2SG5, B0GGBN73Y8, B0H2L4KLVY, B0FYPF919H, B0GGZNS1RQ, B0GSQRR1TQ, B0FG26PMT1, B0FH73X573, B0GDY219ZT, B0GK8Y5J6R, B0G39BBV2V, B0GDTDQ1R2, B0C1YWLPB9, B0GJ8Q6DXG, B0GDTBW9FP, B0F2SKYDQ3, B0G19K2LYC, B0GWM45QVR, B0GDT8K527, B0BPWHGFDZ, B0G6HSZS7M, B0G6HSF6Z1, B0GJRYYKCR, B0GRT1J4QP, B0H1BTBH2X, B0GVLQQTTH, B0GVJ1PLK4, B0BPX258GZ, B0GGZVCCJD, B0FVT3P18V, B0G6JDMYXK, B0GG6QGYWB, B0FSK2VVXM, B0GY8P11BQ, B0GRSZMCQ4, B0H45Y7S1X, B0F9VN7PNN, B0GWQH4NQ2, B0F23QMD2C, B0G6J8XR5S, B0GK96QSHX, B0GG92SYFK, B0GY8FM7PT, B0GVCFT9VG, B0FNBY9QCH, B0GSPHBHZP, B0FK4X461G, B0GT8D66J5, B0DY7DD99K, B0GDTG7Y3K, B0FL1SK865, B0CX19RD44, B0GKYBHWWZ, B0CX18FWYM, B0G6JPMWGW, B0DP8MPWKF, B0G3959T26, B0H3KQLP9V, B0GG8LQJ43, B0GGZ3JKCT, B0DX1GGMD2, B0FPV9R8DL, B0F43X756F, B0GSQPJXLF, B0G6JTQ7P4, B0GG6FLCQ3, B0C1BVXNR7, B0F89VWNBF, B0H3KKF8J5, B0G19FF592, B0GVJHQ4Y5, B0FQPFK26F, B0GCHY33Y6, B0FCFLXCF6, B0GG6FLCQ6, B0GDX39589, B0G8F7KBTN, B0GK9BDWCY, B0G6J1BNN4, B0GVLMHR62, B0F89VQ5BC, B0GDTFNWFN, B0H7GCRZRC, B0GDTQ1TRD, B0GK94SD3H, B0G2L138N6, B0GVJ78BQP, B0GDTM8728, B0GG6BSPG4, B0BPWNBYTL, B0FXXCKVZC, B0GV3YS11Y, B0GVJJG6MF, B0GV3Z895X, B0FLXCY2GL, B0CWZXVQD3, B0FWJ97JN5, B0GG5Z6YFR, B0FSR34MG5, B0DF76GBHH, B0FXG28W3R, B0H2MKBH3B, B0GG6R7YG2, B0FPVJZ3MJ, B0DN14FBYT, B0GMXCX6ZP, B0GWQC13NZ, B0GRVB4WRH, B0GCGXJL1J, B0GSFR4QFD, B0G397WPVL, B0G6HMPHNJ, B0H45SR561, B0GV3W8ZM8, B0BL2NRGG4, B0GVJ46G53, B0GRV2NJB1, B0G6Z841KH, B0GG8P66Y2, B0GWQGMFNF, B0GJ8S517M, B0FSJXVWRK, B0G4L6DG2L, B0FPWZ2T8H, B0GK99JFFK, B0H267R23D, B0DN114K84, B0DL594CCK, B0GDT8F91Q, B0GDT56LZL, B0GVLQTFY3, B0G2KSSP5L, B0GT7ZDZ5M, B0GMXNF42M, B0FJRQT66V, B0FH762GS9, B0GYXSHG6R, B0G4WNVMRW, B0DY1MLNTC, B0GG6V95Z3, B0GVJ1WQ66, B0GCCZHDWM, B0GVJ3S67H, B0GRHC45QD, B0GG634XRN, B0GG63JXPV, B0GG5YFBRB, B0D7W19D7K, B0GRT72K3T, B0GT8CFLH5, B0BM4SFHN9, B0H7G3RZV8, B0F3DGYQ9S, B0FSJMQP47, B0FSR3X59F, B0GG6C1241, B0DN11DMNN, B0BF4THMZL, B0CYT6GF65, B0BPX5DVK4, B0FDPX26H7, B0GVJ587NS, B0G1LJT9JX, B0GDTB4TWJ, B0FPV9YR4K, B0GJ8JDWRB, B0GG63XPYD, B0GK929K2D, B0FVT37ND7, B0CYT28KF5, B0D7W3K9RF, B0G5MHKS8H, B0G19JNCYP, B0FXFWJ49F, B0GSPGTP7N, B0DMZZLCYS, B0GK9LM17D, B0CX1B14KN, B0C1BV13BQ, B0GGBQZN93, B0GN1692YV, B0BPX6BRBP, B0FPVNFR8F, B0G6K1B7QM, B0H1BY4XTJ, B0GDTLJ4Z1, B0GRV2YRWK, B0F23RLX8G, B0GG6RNSP6, B0GDX428PY, B0FWJMJ3G2, B0GL91HTMZ, B0G4WTYJS4, B0FWK1RYGS, B0GSQLR84T, B0FGX7H3KB, B0GZ3P2RXT, B0GDT8SQWP, B0GJ8SPGHD, B0GDTSYQDH, B0G6Z5WQBF, B0GGZK6LSW, B0GG6H6TV4, B0FJF9VNKL, B0GG6TTLY7, B0G6K1B7QD, B0G6J8YD51, B0GG62ZNM1, B0GG6M1F6F, B0CYT2N3TJ, B0GQSQ564C, B0GJ8WP32J, B0GWPLFBYH, B0GRSZB8MQ, B0GRT4L4SN, B0BPWS5J7Z, B0FWHP6PMS, B0BL2JMD6Q, B0FP28J8PM, B0GV47H2TR, B0GVHZK1M6, B0GG6PYQCX, B0G2LQ28JX, B0C1YZN6W7, B0GJ94ZWK2, B0G6HZJ9JG, B0GG6QHP51, B0G2KZQRPG, B0F89SR3H5, B0GG5XQYWH, B0GVJWZCTC, B0GK95V3S2, B0GJSCHFSG, B0FH7553FT, B0FLXJPBQ6, B0GG8V71ZM, B0FSSC1G3H, B0GMXJ4FDF, B0H7FZCWV2, B0GCDQ1L23, B0GG6XYK37, B0FWK1W9XF, B0GDTH2696, B0FYPGRQCG, B0GV433SDB, B0GDTN2YTX, B0GV433SDC, B0GMXYWPF7, B0FNM3N67W, B0F23R7VP8, B0DN11MKSW, B0GVYHW2QC, B0GG8QN6LL, B0G6K1GVB1, B0FL1NFQQ6, B0GWQ9RZMM, B0GXDMKJZR, B0GQT3ZRF8, B0DX1HD2HK, B0H1BXRKJ2, B0G4WMCBYN, B0DHWRKJFR, B0GRT7SNQL, B0GJ92VDKM, B0GL883XF1, B0GZ3GKXMS, B0F3DGGSJR, B0GJ8WJ8RP, B0GRT13YK3, B0GVJ45K5C, B0GJ8DRMNP, B0FSJBQ4TJ, B0F89SN3LM, B0GRV23MK9, B0GJ92DYHM, B0DR7RFLHG, B0G6HJXK6T, B0FY6CSLBH, B0GKYFP2VQ, B0FV8MN5ZH, B0GVYJG6YZ, B0CWZZLNVS, B0GCGHD9GP, B0G6J5YLKL, B0GGBCG954, B0GVCLPN9P, B0FSJWYD99, B0G6J5YB9M, B0DN11HQS7, B0FVWQWRV5, B0GKY7VK2Z, B0DP8N8JG3, B0GRVG67SW, B0GVCLQNWB, B0G6J5XP93, B0FQP8S4YM, B0FXG1Y3SV, B0FCFLM41Y, B0GRHNMGR9, B0GQYQK5L6, B0GZ3DDV3W, B0GZ2WJ7K9, B0GG6G2RML, B0GVHW4TQL, B0GCHGY7HN, B0GDTP4V3F, B0G394LPZ3, B0GF15YGZL, B0G6J5Y17F, B0GVCHR3NX, B0H1BSSGLC, B0GK9KMPZ9, B0C6K4FMJH, B0G2KWY6M4, B0F89W495T, B0F2S77GSR, B0CX1GFHN3, B0H1BNQMHD, B0GDTFRL5R, B0FGX689R1, B0DHRCVQJK, B0GG67QD21, B0H3KPYMZS, B0GSQHPLYD, B0FGY1BV7F, B0GCHX2ZRZ, B0GG6QV74B, B0GJS7CPNM, B0GVM5RT2V, B0GL8MNYR2, B0DY7D75GY, B0GG6V5TN9, B0G2KYXFYQ, B0GY8BQ3X8, B0DX6XRW56, B0GX2QWGWD, B0FP24SDRM, B0GRSVB67Q, B0GG6V5TN7, B0G6JTP8CC, B0FP27Z8TP, B0FL1RG17D, B0GQT8SRN1, B0GVCL7DS3, B0GVJ2PZ4H, B0FNM2SSYG, B0FSJF4B8G, B0GG6V7L93, B0G6J45TG5, B0GJS47DVD, B0BY7YLZZ9, B0GGZKT6VJ, B0G8F9DTH7, B0G2KWYXQQ, B0BY7WXYHR, B0DMZYQWKX, B0FL1RGPTB, B0GXD87B31, B0G3945VL9, B0G19JT95Y, B0DP8N91W6, B0GG6LZQGZ, B0DF771Q8F, B0GDTKZX77, B0G39491YD, B0DP7C95HJ, B0GDTFND2C, B0H3KMSNFT, B0DY7DRMFJ, B0FVLTBCKN, B0GSPKJRTT, B0F23R6DGH, B0GG6N6LR8, B0GRSZ1ZWR, B0FH73HB8R, B0GZ3JM4FJ, B0GDZWJHQP, B0G2KZRP74, B0G5878QNT, B0GT87DZ3T, B0GT8T6MD9, B0G6K1BPWB, B0G6J8T51H, B0FXFW2G77, B0GG6H4RBQ, B0GV3ZTD2X, B0H1C2KYCB, B0GXDF1RKK, B0DN11H8H3, B0GGZCTR5G, B0GV3ZNSBN, B0G6J5B1RB, B0GDTHNJCX, B0GRSPLV24, B0G2KW44M7, B0H7G7BQ62, B0G6JDNVZ4, B0H1BRV16L, B0GRV6HT3J, B0D1276RVQ, B0GDTP5XZT, B0GGBHBXNW, B0GCGLN37D, B0FXG1PSVK, B0GVM524V9, B0GV3X2X7J, B0FJRV57ZZ, B0F1FXWCVD, B0FQP9ZHGX, B0GY8G6ZX1, B0FLXLSP7D, B0G6HSVCL4, B0FLXKXH4D, B0GRSWNPC3, B0GL8S92VT, B0GDTKCLRM, B0CP9CQ2ZC, B0FDQB2K8C, B0GCG7FYMX, B0G2KY4D67, B0G2KXV1HB, B0GMXVDVM7, B0GRSSQY4W, B0GL8T5LZ4, B0GDT8G6XQ, B0GVCLZJL7, B0G2LVHL51, B0G6ZBTVKK, B0H1BX29N4, B0FWJ4MC9Q, B0FH75FFLN, B0H5B1TYQ4, B0G6J43XJS, B0G6JCN75K, B0FRF1Z66S, B0F89V4ZKX, B0GG934KRT, B0GJ8MDRBZ, B0G1LNPJ4W, B0H7G12QNG, B0GG6QXTBF, B0GVC7ZLF8, B0FXG3V1H9, B0F89WYDTT, B0D7W27BQF, B0GKYDQDY2, B0FL1VGFBL, B0GDTSBWDS, B0GG6BXN9R, B0GMXCVS3M, B0G3P298NL, B0GG6GD34W, B0GVYS5WT1, B0CP9DL2GS, B0GGZP2H4S, B0FXFX6JQL, B0FL1WMF4F, B0GKYF1PVZ, B0F23RVGBX, B0CP96RXL6, B0GCCDS2N5, B0FYGHB3R5, B0BY7ZQBGG, B0G586M2KL, B0GCGHWJ7G, B0G6J44WH2, B0GV3TT8F2, B0DMZXDWFR, B0H3KKNSNQ, B0G6JTQM1Q, B0GG6V9H2K, B0F9VMV4YG, B0GY8L7FVW, B0GCCDWCBV, B0GG6V61P3, B0FXG14757, B0G398JWVC, B0G6JJKZWR, B0GKYCRPFY, B0G2KWCZPN, B0G2KWJ2M9, B0H7FSRS9V, B0BY7YJYDY, B0GVCWRLPS, B0G5MW67JS, B0FGY2CJ6R, B0FXFX6JQJ, B0DMZXHW7X, B0H1BYM41Q, B0BPWXNGHB, B0G8B1HX7H, B0GYXS18TN, B0GMXGHZVD, B0G2KX7YVZ, B0GG6W92N4, B0G2W59VP4, B0GH11L2K4, B0DL59Z9MQ, B0CX1K56WQ, B0GDTSF4QX, B0FL1NDWS3, B0FGX698QV, B0FPVK4XGX, B0CX18JCJ5, B0FQP93SK5, B0GDTK93Z2, B0GJ8HYDK1, B0GG6YXHGS, B0GVCQ29MW, B0GRSZN2KF, B0GRTBJR3F, B0G5N8WPKT, B0H7GCPV2Q, B0B6Z28X9D, B0GG6YXHGY, B0GMXNJF2C, B0CP96M22S, B0GGZXTLPK, B0FPVBVKB1, B0GG67TVZF, B0GVJ3ZJQM, B0FSJMQCQY, B0FGX6HN6N, B0GMXCPJ7G, B0FSSFYBGN, B0G8F7RQ9T, B0FP2DNYDM, B0GV46R4JT, B0DP7H662Z, B0GVLWDD59, B0GGBPY8G9, B0F89W52XL, B0GRV92FLC, B0G19LDB5X, B0FV8PF1HC, B0G6JKLPKQ, B0GJ91SPX1, B0FSQK9Y55, B0F23SY9GS, B0FP26KKX7, B0G6HSXVBK, B0GDXNG1YR, B0C1BV8Q24, B0FXFWJ8YH, B0F89VLYZ2, B0FGX8275Z, B0DMZWYQJB, B0GY8FL84G, B0GMXYNG9S, B0GJRW6LHN, B0GJS23NYD, B0G3P4BPSF, B0GJ8WMVSH, B0BM4QVGJJ, B0FGY2Q1XH, B0F1FZSPXR, B0GG6QKZM7, B0GT8SWK5C, B0G5892M9Z, B0FNCWD2CW, B0F3DFRDY3, B0BPX1Y7XB, B0H5B2KY67, B0G6JPLSC6, B0CTX9ZZF6, B0GRSYNZQQ, B0GHLLNXT2, B0GVHX2654, B0G6K79D7L, B0FGJLSWKX, B0G6HZR61L, B0G6JJK1QC, B0FSR7NDD4, B0GK91QWTW, B0GRV2ZRM7, B0FV8LQ6ZH, B0GG6HBLJ5, B0DY7CFNZ6, B0GDTJ95SX, B0GVHWZ5ZP, B0BJDQV87R, B0DMZXBNTJ, B0G19KHMXL, B0GVCMT7Y4, B0GDT5R84K, B0GRV9QG96, B0GWQ7135L, B0G6J8V1B5, B0GMXGRVW4, B0FWJKV31K, B0G3924T2F, B0DY7DXC1N, B0BPX14ZDJ, B0GCH3Q2W7, B0GDTCXYC6, B0FWJG82N4, B0GVCYNFQR, B0GV43KQRN, B0GQYRHM2S, B0FXFYFYJW, B0FVLTXQV7, B0FK4WQPPX, B0FWJXP6YV, B0G46QHYYB, B0FL1SK51Y, B0G6HSK93P, B0GV3YB93J, B0BPWWJYLN, B0G19L9W9K, B0G6ZMWFDQ, B0FVLWRRRJ, B0GVCQ51VQ, B0C1YY74NH, B0GRT7253R, B0GVYNQ78M, B0H2KY8QY2, B0GRT833QC, B0G3962ZW7, B0H1BZ2BHL, B0H45NBN5W, B0GJ8X6C8R, B0FXG9WZW3, B0H7GCWR4V, B0GV3V4YRY, B0GDTBZCNW, B0GT8FZN99, B0GVYQNF9P, B0FP2C6HGT, B0FNCTSYVC, B0FGJQ1DLY, B0G6K1D8H4, B0G394RHKD, B0FXG1B6QB, B0FDQ45843, B0DY7FB8CJ, B0GPW9Y4MF, B0DN114XR9, B0F2S13TSX, B0GG6K6MPJ, B0G6JC4SLH, B0G2KW3KL9, B0FWHWVDKS, B0GG6QL9BD, B0GT8FZRFD, B0FPVTNNWH, B0CX1DC8F9, B0H1C462MC, B0D6XKBFNS, B0DL5BBT2G, B0GCH2W21J, B0GJS81VP9, B0FNM2HJT1, B0GQSVSGNK, B0GMZY9JFX, B0H45TRZ2Y, B0G19BQ3N6, B0GCK1ZG9L, B0GVCKXH71, B0CX1532VC, B0H45TGK7D, B0H1FR1PCS, B0GSP8WQC7, B0GZ3C3V5L, B0GG6BPB45, B0GVCDHMCW, B0G2L2JRM7, B0G393DP6F, B0G6Z6TV2V, B0GDX166NG, B0H7GFRWVF, B0FJRNQFQ9, B0GH11D78C, B0F23QSNNW, B0G6J78V2J, B0GJS4BWLV, B0G6HZV2ZF, B0GDXCBN88, B0GVCDLFGH, B0GGZKMJMG, B0DPP99TTL, B0GMXNH74L, B0G4WN1V11, B0DY7FVWZF, B0G4L72KTD, B0GG7Q1ZYF, B0GMXJV9K6, B0G4L72KT7, B0C1YV245Y, B0GG69H6KC, B0F89V4V2S, B0GDTQZ14M, B0GRV5Y2HQ, B0G8DNB3NJ, B0GF16QJ1X, B0G19JC8DN, B0DP7H5GMW, B0GJ8Q8KX6, B0GVJTV28Y, B0H45XP8H4, B0GJS57X24, B0FPWGVL6F, B0GJ8WBHDL, B0G4L8WQTL, B0GVJ4QNKP, B0GRV7B44Q, B0F89TNB33, B0GDTKRVGL, B0GDTCF8N3, B0GG6243HH, B0GG6243HK, B0GJS7JD9W, B0D128GFD4, B0G393GYBS, B0GG63SSQ8, B0GJ8WCR42, B0GRV6VSTW, B0CP9DN2RQ, B0G6YZTL4D, B0GDTCQ6J1, B0FVWQ4LVD, B0GY8DPRWM, B0G6HZBNGW, B0GG67Q93L, B0GRSST38G, B0GG8L2DKV, B0GRVCBHD6, B0G8CTX3VY, B0GVCLB7B7, B0GG5Y6P91, B0GDTKNF24, B0GRVG4B2Y, B0GVM57H98, B0GRSSJFYD, B0GZ3DRSPV, B0GSPD8G4M, B0GDTLSP85, B0GV3X8HSY, B0GG68NT4D, B0G6JM376L, B0H5B7QRTQ, B0FNM2CCNV, B0GKY9TT4Y, B0F9NY4518, B0F9NCKBXK, B0DHWQ9VZM, B0H1BRJ8ZK, B0C1YX9RGL, B0GCGSQ79L, B0G1L89MFL, B0H1BY9P4K, B0GG6CJWM6, B0GGBG2WBS, B0GMXHJ9NV, B0FXFWY22J, B0GJ8KTQPH, B0FPVY4V1B, B0CX1GG5HY, B0GVYKM9S6, B0GJS4SP5M, B0DN11HRSL, B0GVM33N5C, B0GMXLJDV8, B0GVJB8MN3, B0BM4VM916, B0G6K1CLDH, B0FP26WW7T, B0H5B3KP9Y, B0FNM1TST8, B0FP2BP2Z4, B0DYSZ4Q8X, B0FWHZXKYY, B0GK9HP95Q, B0FV8N9R3Y, B0GZ3QCDLB, B0FJRMJ6J5, B0GCH3BFW4, B0FPWJTD4G, B0GSQNYDFC, B0GSQDX25T, B0H1FFS626, B0G6JMPR9K, B0H3KPJKDB, B0GDTCWBM1, B0GWQ85XGV, B0GG6VZPVC, B0G587PD6Z, B0FXFYYBYP, B0GG6CPKVC, B0CX18HYLV, B0GV3Y48PD, B0GY8F5N3B, B0GDTQV9WR, B0GSPD6NLF, B0FNM3PCGD, B0G6J8SJDR, B0GRVC8ZB9, B0FNM3K25C, B0FCFKN9WQ, B0FVLVD82H, B0GRV9LL8Q, B0FNBQZTSK, B0FNM2RXGM, B0GT87JBY2, B0GQSWV4NF, B0GKXKGNVJ, B0DN11NGM3, B0G6Z4W4FM, B0GVM8PSDH, B0GDT8R813, B0GGBHPZKV, B0G6JPMMCS, B0FWHZZXGY, B0H1BVGNCH, B0BY7YR2XC, B0FWJF2RM1, B0FPVCTJ6M, B0FGXYT62Z, B0G8DNJGFX, B0GRT356MC, B0FDGGCTNC, B0FPW1BQ3C, B0FG23D1F9, B0GVLSV26S, B0DMZYSZLL, B0FV8RG7CC, B0DY7C16YT, B0FH72SFPZ, B0H1BYJQN9, B0G4L4TSVN, B0D1295JKY, B0FH72SFPR, B0GSPNBB8S, B0FWJC9J9M, B0BL2NSW51, B0DR7SCJM3, B0GRSVQZQR, B0GG66L9GZ, B0GG6C4JK8, B0GDTGWKGW, B0GKY1P6B9, B0GWM2PW4S, B0G19K7BB9, B0FSJB48JJ, B0GF1DR7Q2, B0FLXJJ73C, B0GG6M2J55, B0GJ8L1P6Z, B0G393FTRN, B0G19C2DYQ, B0GGBM86LF, B0GCJ6JX86, B0GDTKBHR7, B0FXFZT49M, B0GGBW26BM, B0GDTT1ZW2, B0G6K1F822, B0G6Z1R62J, B0FDQ7PS2C, B0FYGCQ62K, B0F9VNH3N7, B0GY8JC64W, B0FWJ63HKR, B0FG24DDN1, B0FVLVLPNN, B0GDTKGQT7, B0CYT7667S, B0BW42LX3M, B0BPWP24RJ, B0DL596KCW, B0GDTMDYC9, B0GCGTC36R, B0H1BXCHKX, B0GWQ9PPGJ, B0FNM22TX6, B0GXDBTTWD, B0GWM3ZV83, B0GDTSFQHW, B0GVCT84FM, B0G2L2MT5W, B0GVJNTB1H, B0DJR6R1M1, B0G2LNMD29, B0G2KZ1LPN, B0CX18CTG5, B0FWJDDGSR, B0G4WQ5PWC, B0F89VBQRZ, B0FVLRPSKD, B0GK975GNT, B0FXFVR7VF, B0G394QPDF, B0FJ25S2RH, B0C1YYKBFT, B0H1BP741H, B0F89W6FDC, B0FVLVTT3D, B0G6JTN1HG, B0FGX5X3F1, B0F23TD58T, B0DPPK7KX3, B0FV8P9J7N, B0CB2FGSLW, B0DFT22JYD, B0GKYRWV4Z, B0G6JD2GMN, B0GRV66XN6, B0GRSPSPV2, B0G4L9KPL7, B0GDWTLQGN, B0GJS9KDVG, B0GRSYX2T2, B0GGBCV2TD, B0GRSXKNL2, B0GRSPSPV3, B0GRT3Q3GC, B0GSFQW8WH, B0GVLZ98RZ, B0GRT127DT, B0F59G7R8Y, B0DN12MSSM, B0FPXM2BCT, B0DMZX87FN, B0G1LGCS3V, B0GKX6WJV1, B0GJ98TXZR, B0GG8TT6Q2, B0G6J74Y3G, B0CNKHG193, B0G4WP5NLB, B0FL1T59V1, B0FXG5NV5J, B0GJ8B2BK4, B0GXDGPST8, B0FSJRN9QW, B0GRV91KNJ, B0F89SSD44, B0GDTP6D53, B0GG6BCJ83, B0H59ZGXNZ, B0DZCN3Y3S, B0FCFMKLK9, B0DP7H628K, B0G6HYZMLF, B0GV43PQ8K, B0GH1CKRNL, B0GG69DXQ7, B0GSP652TW, B0GN181DNT, B0G6J8TC21, B0DRBWYLHV, B0G6K1CD73, B0GHLPVZQH, B0GDTSZR38, B0GWM1D9T8, B0GVHT4FVY, B0DMN5MWQL, B0GJ8JBLLC, B0GVHXHRBM, B0FL1T1T7F, B0FSJWJVB1, B0GVYTSMK1, B0FWHPHTPT, B0G19KKBRP, B0FNCV7JHB, B0H1C52FRH, B0FK4WF5TV, B0G6JH4J4H, B0F89WJHHJ, B0CX15QY8B, B0GGZS4SRZ, B0GVCFJHGH, B0FVT18FVD, B0GMXMQN6S, B0D12JR5SV, B0FY6LLVD5, B0DR7RWD6G, B0FWHR5X4C, B0CRP56KWN, B0FV8N65L8, B0FLXK5QSF, B0GDTLZB89, B0DMZWQT4P, B0GV47ZXXS, B0FPXMP2H5, B0FCFMWMFW, B0GG6545JS, B0GDTP6D5X, B0G3949TVD, B0FXXBYNS6, B0GG6HVL4B, B0DMZXH3RG, B0GG6FDSQJ, B0DX1JB4BQ, B0FDVZSVG5, B0GQT3S1CP, B0DF78DYLM]",amzn1.campaign.KYXLSWVOVOFJ,Women Fashion Clearance at Low Prices 1,OYOANGLE,2026-09-04,2026-11-30,10.00%,5000.0,4965.3,101,800,false
[B0BHT6SQ4N],amzn1.campaign.3RF176O5IEVWO,Jripars Funny Knitting Socks Gifts For Women Mom Grandma-YLD-SOCK-A79,Jripars,2026-09-03,2026-10-03,10.00%,5000.0,4988.01,114,800,false
[B0GX9TTZ3J],amzn1.campaign.3VMO4ZRU2RXCC,Heavy Duty Clothes Drying Rack with Drying Net Foldable Laundry Rack,BIREN,2026-09-04,2026-10-04,10.00%,5000.0,4989.2,124,800,false
"[B0CC9BYWK3, B0CDBT4YQD, B0CDBR6S9Y, B0CDBP6Y38]",amzn1.campaign.3NM25Q3Q3G32I,HOMESTEC Astrodraw,HOMESTEC,2026-09-07,2027-09-07,10.00%,10000.0,9974.81,89,800,false
"[B0GQS3N6FG, B0GQS2GRTS, B0GQS5FS87, B0GQSJYD6L, B0GQRSTN49]",amzn1.campaign.2LCUFJGS4ES3J,红色破洞牛仔裤+9.2,Arkordi,2026-09-04,2027-01-17,15.00%,5000.0,5000.0,164,800,false
"[B0D78W84TS, B0BX9QWS38, B0D78X6QZL, B0BFVYQFG1, B0B7MQPXGX, B0BX9QZZY4]",amzn1.campaign.3I9BYEGJCYOZX,Keze 1540 Pcs O Rings Kit | 600+ Monthly Sales | 13% Commission,Keze,2026-09-03,2027-08-11,13.00%,5008.0,5008.0,135,800,false
[B09NQ7MQL2],amzn1.campaign.VMZVXSB1BQIK,Empower Her Wellness: Yoni Steamer. Earn 30% Commission Free Sample V Steam Kit,FIVONA,2026-09-03,2027-09-03,30.00%,500000.0,500000.0,116,800,false
[B0H7JMXQY3],amzn1.campaign.3BEV5N0Y5FIT7,Flexible Magnetic Tool Mat | Earn 10% Commission,SETHDA,2026-09-04,2026-10-04,10.00%,5000.0,4997.34,129,800,false
"[B0H9RW6FTL, B0H9RGLRNK, B0H9RMBBK7, B0H9RZQL38, B0H9RRR1Y2, B0H9RTT8JN, B0H9RT9SGN, B0H9S3K2Y9, B0H9RQJTRR, B0H9S2LLHY, B0H9S15LCS, B0H9RX6PZQ, B0H9RTCF5W, B0H9RVWPW8, B0H9RV8LMC, B0H9RQNXHP, B0H9RYBSGJ, B0H9RZDW2B, B0H9RVFSVW, B0H9S2KGXW, B0H9RZNWDN, B0H9RSCC33, B0H9RSKHZC, B0H9S5SVK9, B0H9RYPXMJ, B0H9RWQ67T, B0H9RQR4FJ, B0H9RS3PD8, B0H9RRS8F7, B0H9RPJY8F, B0H9RPRFTB, B0H9S599P9, B0H9RTKCQX, B0H9RQ9NX9, B0H9RTVXMH, B0H9RPFJ5Z, B0H9RTKPKZ, B0H9RXMJY6, B0H9RPHR5W]",amzn1.campaign.1KQRNPR5WPTGH,LSWL-XZF0167男-A1-10,SAGUARO,2026-09-04,2027-01-31,10.00%,5000.0,5000.0,130,800,false
"[B07FX1FK51, B07FXL782M, B09FF31FZS, B099JXBJNT, B09FF3V8QR, B099JWTYHY, B07X2FT3P4, B08CRBF5SG, B07WYWCQVS, B08CRJ84Z2, B07X2D656N, B08CRLVHW2, B07X2CPSSJ, B099K4KG94, B099K5Y765, B07X2GBQRN, B07WYWCMWG, B08CRGQM14, B09FF317XD, B07X2CZ8PM, B07X2G24H6, B07FXVF6YZ, B099K58G7H, B07X2G54S8, B07WD493T1, B07FXDW4G1, B07FX8FGNP, B07WPRCDV5, B07FXCX5NJ, B07X2CMB7T, B08CR1F27L, B08CQTRBCQ]",amzn1.campaign.1VRO8O8FDD8PJ,"15%Commission, 10%Off Discount Ginasy Faux Leather Leggings-26-9.3-01",Ginasy,2026-09-04,2026-10-04,15.00%,5000.0,5000.0,146,800,false
[B0FNRGQX6J],amzn1.campaign.SI1SEMZDCT80,"Megneta | Nattokinase Supplement 4,000 FU+US-AZ-01",MEGNETA,2026-09-04,2027-09-04,10.00%,8888.0,8873.09,125,800,false
[B0GLH6QZ9W],amzn1.campaign.218MUQSH9NDNX,Makeup brush cleaner machine B0GLH6QZ9W 15%off,Norate,2026-09-04,2026-10-19,15.00%,5000.0,4944.8,119,800,false
"[B0GKL83JC6, B0GKLJLJ14, B0GKM5DDM1, B0GKLJJ37V, B0GKLPNT8Z, B0GKLJ4342, B0GKKZXQV8]",amzn1.campaign.1CN9BL0H9Y767,Vintage Metal Tin Sign Ice Cream Retro Sweet Food Diner Wall Decor Kitchen Cafe,PlikPlakey,2026-09-04,2026-11-17,10.00%,5000.0,5000.0,130,800,false
"[B0B4S9LG4H, B0CMWQG6ZN, B0BXL5J8V9, B0B24L214D, B0B3XGHXFS, B09SKS9DL5, B091YJKL38, B0BLGSWW2K, B0C2BVPNJ5, B0CHJBBYM4, B09W4CB9PC, B0BN34ZRJG, B0BW954853, B0F43JJZCN, B0D8T46WRR, B0CHJB8C6K, B0CMXGN4NW, B091JYYBBR, B0B55Y7KD9, B0D8SRWT1N, B0B2R4RRKJ, B0CMWRQGXF, B09VWR3WVB, B0F6MMX6ZV, B0CMWPMSFH, B0D8SSVSV8, B0BZTQVKC2, B0C3VLJH54, B09BKWV9NC, B0BLGGR5X3, B0CHJ81X6J, B0BW95B8G5]",amzn1.campaign.3EU2P6D69CWSI,10.22% commission,BIKCZEWIN,2026-09-03,2026-10-03,10.22%,5000.0,4998.77,143,800,false
"[B0H7QWK3ZS, B0H7R254H2, B0H7R67N1H, B0H7R2KWQK, B0H83FJTD2, B0H7VW8TRY, B0H7R6KGM5, B0H7R67N1J, B0H7VGZ823]",amzn1.campaign.C074H67ZFH8N,Fake Hostas for Planters and Faux Silk Mums Artificial Flowers with Eucalyptus,KDFGVXSI,2026-09-03,2026-10-03,15.00%,5000.0,4969.21,115,800,false
"[B0GQS3N6FG, B0GQS2GRTS, B0GQS5FS87, B0GQSJYD6L, B0GQRSTN49]",amzn1.campaign.1KXE51HFW6NK4,红色破洞牛仔裤+9.2,Arkordi,2026-09-03,2027-01-16,15.00%,5000.0,5000.0,164,800,false
"[B0GX8KKLQM, B0FKGZXC64, B0FSDQYYH7, B0FLDNSG8D, B0FSDRCDMP, B0FKH1SG5W]",amzn1.campaign.1FY2GG4PD274C,ELLE Signature Logo Print Collection | Creator Collaboration | 12% | 09/02/2026,ELLE,2026-09-03,2026-10-17,12.00%,5000.0,5000.0,123,800,false
"[B073VZYFNV, B01ENY46EY, B011ACIRT2, B07CTZYZKN]",amzn1.campaign.W646ARA1KJ8Y,HerStyler Hair Straightening Comb | Easy Styling & Parting (09/02/2026),HerStyler,2026-09-03,2027-09-03,20.00%,100000.0,99998.48,56,800,false
"[B0GLN6L995, B0G922VMGZ]",amzn1.campaign.16VHKO5TUS0AJ,Stained Glass Window Hanging,Yeesingsen,2026-09-03,2026-12-24,10.00%,10000.0,10000.0,126,800,false
[B0GV3WR3PK],amzn1.campaign.40BNY37UA1N2,"Earn 10% on Wired Controller for Xbox– 1000Hz, No Drift, Pro Back Buttons!",Enstixsm,2026-09-04,2027-09-03,10.00%,5000.0,5000.0,132,800,false
[B0H1GNJ6TL],amzn1.campaign.30LAUC7CZ1FOF,深蓝色麻将垫子,VIRORA MAHJONG,2026-09-03,2026-11-01,10.00%,5000.0,4976.6,112,800,false
[B0GLH6QZ9W],amzn1.campaign.D9CFM4CM7CMM,Makeup brush cleaner machine B0GLH6QZ9W 12%off,Norate,2026-09-03,2026-10-03,12.00%,5000.0,5000.0,142,800,false
[B0GDF3MFD2],amzn1.campaign.2OV8WGTQQHWXE,Earn 10% Commission – Promote NSEETECH 1080P Magnetic WiFi Backup Camera WF897 !,INSEETECH,2026-09-03,2026-11-30,10.00%,5000.0,5000.0,123,800,false
[B0H6J5V91K],amzn1.campaign.125QHI66HU0F5,Trunk or Treat Car Decorations Kit -B0H6J5V91K,Wizcave,2026-09-03,2026-10-31,15.00%,5000.0,5000.0,130,800,false
"[B0H98T1FFY, B0GTVN5G74, B0GTVCQW13, B0GTVH61CT, B0GTVM4LGR, B0H98SYXH7, B0H98SM4CR, B0H98TT3QW, B0H98WWM9S, B0H98GDL5F, B0H98RR8YZ, B0GTV9SRS1, B0H98QKFFN, B0GTVL5GGV, B0GTVKWBHD, B0GTVRGFW6, B0GTVH57WV, B0H98GLWTC]",amzn1.campaign.3PJNW3VPTINNO,Earn high commissions——Experience fashion style with Hathne!0028,hathne,2026-09-01,2027-03-02,16.03%,5000.0,5000.0,166,800,false
"[B0H837B231, B0H8358HGQ, B0H832J675, B0H838XTRS, B0H833BHVG]",amzn1.campaign.L0M89LUMVPO6,Djbdesi Women Tie Front Crop Top 13% off,Djbdesi,2026-09-03,2026-12-31,13.00%,5000.0,5000.0,116,800,false
[B0H73WW7QM],amzn1.campaign.C25SFTV1LMPF,🍬 Turn Your Christmas Tree into a Giant Candy Cane Moment 🎀🎄,Zesua,2026-09-03,2026-12-31,10.00%,5000.0,4840.88,122,800,false
"[B0H71KGC14, B0H71FYH7S]",amzn1.campaign.DSKGHM0D6QAA,Trendy Y2K Dopamine Colorful Chunky Acrylic Beaded Choker Promotion,CNYTPE,2026-09-04,2026-10-20,20.00%,5000.0,5000.0,121,800,false
"[B0G38Y87NZ, B0G6DLJJ57, B0GL74NN81, B0GC64H119, B0G4QSHTDH, B0G4C1C5FW, B0G8ZR1M8R, B0GCF58D4P, B0G4C2QQY6, B0G8ZHZWGW, B0GFDRXTMK, B0G51CPRYJ, B0G8YQZQZP, B0GWQ2J3XV, B0GH5Z3RQK, B0G8Z3Z8NT, B0G4MGDKF2, B0G4W5W5L8, B0G43LJRXY, B0G43LFJTW, B0G5FBQYWN, B0GCDQJGR5, B0G4QTWXBP, B0G24YSRC2, B0G4W26NRC, B0G4W3TJ2X, B0G4VZL8LH, B0G4MC325B, B0G4W5W5LG, B0G6F1KN53, B0GDFYR3T8, B0GTZG757X, B0GF264JMT, B0GFCN9JY3, B0GCDQF12M, B0GFNS2S3H, B0GV495HY1, B0GFSQ9XKT, B0G8ZKBV7L, B0G6F343NX, B0G4RPFCB4, B0GCD2M35Q, B0G69H8ZZN, B0GTZ7KTVV, B0H36C66V4, B0G8HTRTS9, B0G4RM2T45, B0G4RB1WMB, B0G39BFWK2, B0GCF3RQWJ, B0G4RLR542, B0G43CMZV9, B0G4W4T6N9, B0G43HFD7Q, B0G4W2P97Y, B0GCD9DQKQ, B0G8Y3N17S, B0GCDNRWGX, B0G43HFD7N, B0GGHNKDVF, B0G24Z6ZJC, B0G4MXKPJT, B0G4RM1RW2, B0G4W3KGMJ, B0G4W2GTMK, B0G6DTQDSS, B0G4W3GVWL, B0G4W1DQMJ, B0GCCQ77CN, B0GQLPBHHK, B0GC6L4R29, B0GCDC31Q3, B0G397ZWZ4, B0GCD9C78F, B0G4RRC5X9, B0GCFJ4VFR, B0GCDW2V1X, B0GGJ539KB, B0G4RPK37X, B0G8Z1N9DM, B0GQLPF2QY, B0G4W18RPG, B0GTZC32Q3, B0GFF163SN, B0G5F1PGNB, B0G4W369MK, B0G4MCVC61, B0G4RQ9559, B0G51QZN7D, B0GWQ75HPD, B0G43DZ6GL, B0GL6M3NSS, B0G4W47L45, B0GWDF6Q87, B0G6DHK74G, B0GCF5TQW6, B0G43LL4XB, B0GV47FCS7, B0G8Z2NWPH, B0G4RMF3ZG, B0G8YZDHPK, B0GCFXQMRQ, B0GGHTKJ4K, B0GFCXHTNX, B0G4W25ZMZ, B0G4QTXW7R, B0GWPYMZG9, B0G8ZJN2N1, B0GFD31NRJ, B0G6B5MX1R, B0G4M9TXPL, B0G4MDFK7S, B0G4MFWLN4, B0G6DTV8PV, B0GC729Z2N, B0G1SZ4P8S, B0G4MSVQZ3, B0G43LBKDF, B0G4W449X1, B0G4W6M4JB, B0G8Y6L7XY, B0G8ZBJ9ZV, B0G4RM1RWB, B0G8YQX8X3, B0GCD9C189, B0G4MW8DKN, B0G514ZT5L, B0GGHX274V, B0GHNVGCXX, B0GCD115RG, B0GWDL1JK9, B0G8GR4NF7, B0G4W32DF7, B0GH55959Q, B0GCDVJJTD, B0GCD3NKP5, B0G4RLR362, B0G4RMF8K7, B0GCF5HRXV, B0GTQ9KNLC, B0G69RMF5R, B0G4QS5JNZ, B0G4RMT6ZP, B0G6F19ZKN, B0G4QTJVM4, B0G43HHKX7, B0G4W1TBQT, B0GCDQCL92, B0GCDVPCT7, B0G43HV7GK, B0G8Z5FRNT, B0G43LDDBZ, B0G4W38RLB, B0G38ZYYKK, B0GCF2WGHL, B0G38Z5GTW, B0G4W1LF1D, B0G4W2QLT3, B0G4MG4Q6J, B0GFSJNCSG, B0G39CJK11, B0G4W59MGX, B0G4MWBW19, B0G43KLL81, B0G43F3X17, B0G4RP24G7, B0GTZ9W1MH, B0G4RP24G5, B0GH5QCN6M, B0G43KLL7X, B0G8JF5XZV, B0G58MD65K, B0GTZ51TNB, B0G58H7JRR, B0GWDBVK16, B0G4W55THD, B0G6DTNWJH, B0G43G183C, B0G4RM1DBM, B0G6BPQPQC, B0GWDFX1FX, B0GFCX3BDP, B0G6DR114F, B0GFCHL8GX, B0G4RP2H4V, B0GTZF4CDK, B0GV44Q8ZG, B0GTZBRLJM, B0GCCCT9CY, B0GCCQ2VYW, B0G4W36HF8, B0G43H5WJH, B0GTQ5ZMP2, B0G4MVM8W3, B0G69F1GB3, B0G43GVNRN, B0GH26Q8Y9, B0G8JJBBPG, B0G6DHSG5T, B0G58JKX35, B0G43GRQDB, B0G43FHL8F, B0G4W1545C, B0G4MC44S8, B0G6D362V4, B0G4RN9Y6F, B0GGHTK6X1, B0G5F3XDPS, B0G4W32WL2, B0GCCQH4SB, B0GFD4J886, B0GQLGDQ9P, B0G4RLRQ7D, B0G4QVK1BL, B0G4RM15FJ, B0G69ZWJZJ, B0GFDV64BG, B0G43HYKHQ, B0G4RN8HYY, B0G4QV1T3Z, B0G251J32N, B0GF8DLXHP, B0GCCD6KFZ, B0G4W2DZ8P, B0GTZ4392S, B0GCDDY8FZ, B0G24ZW6V7, B0G43KTV7T, B0GH1MGHWY, B0G43HB7XK, B0G43HDX2F, B0G4MTJF3V, B0G4RLLGYB, B0G7HKN4ZF, B0G43FH117, B0G4RM8W7G, B0GF83XWRF, B0G4RNP2LG, B0G43DFRPG, B0G43KLJMS, B0G43GG1YY, B0G4RMZSKB, B0G4W3G5B4, B0GWDC2X2L, B0GTZ2XM9M, B0G8G854T1, B0G8FWJ3SW, B0G4RNZ5V8, B0G4W39RDD, B0G4W5733W, B0G8YSNNPP, B0G6F691Y2, B0G4W24MF6, B0G6BKSL7L, B0G8HP78GN, B0G6D4RZCY, B0G4MC7KMW, B0G4W47RLG, B0GF865N1X, B0GFDZWGGL, B0GCFD1KHP, B0G69HCYHT, B0G5F63NRV, B0G4RM3N66, B0G51C18PR, B0GCD3DGL7, B0G4QW2YRK, B0GFD38G9W, B0G4W22QPK, B0GDFSZ2R2, B0GHR8X19M, B0G4MDZ25T, B0GFDQLHBX, B0G58MJ6LH, B0GFCXTR2B, B0G4RPCPTB, B0G4RPHFQF, B0G4MDQT48, B0G4MDZ26B, B0G4W2L81Y, B0G8ZK479G, B0G4RNXBY5, B0GFCR48KH, B0H368LDW6, B0GF8JKCRQ, B0GTQ7L22X, B0G4RHXLQN, B0G51HT4TQ, B0G43HGN9X, B0GFCWQM3Z, B0G4MS5V1M, B0G4RPTCNH, B0G4W39H2X, B0G8JWVBMG, B0G38Z9S23, B0GTZ92FWZ, B0G43JMKK7, B0G43JC2WT, B0G4W55Q8H, B0GFNH8H2B, B0G4W1ZXK7, B0GQL84K3T, B0GFCR48KR, B0G4W1T4V5, B0GF221FP8, B0GF23KHHC, B0G4VZ5897, B0GFD2JXFR, B0G4QTWKTN, B0G69R68VV, B0G43B9XVX, B0GFT9PY4J, B0G4C6XCLB, B0G43HK1WD, B0G3977TNS, B0G8YLXBXK, B0G8YSXMW1, B0GTQBSSGH, B0G6CZK6V4, B0G38ZCBTZ, B0G4QTGC2F, B0GQLBN947, B0GF22G9RV, B0G4W3TXXD, B0GWD2QX3F, B0G4W34X67, B0GQLYC9BG, B0G43HQB8K, B0GCDDP5JD, B0G4W43B26, B0G4W5HBY9, B0G4QX8VVJ, B0G4W2X6D8, B0GQL5DR2B, B0G4W1FBMM, B0GWQCSMDM, B0G43LHBDZ, B0G4BXXGWB, B0GQL7YLQD, B0G43J9FPY, B0GCDNFFV7, B0G8Y2MNJ7, B0GCDDP5K7, B0G4W2LJQ2, B0GWDF4LZ8, B0G6DVV9ST, B0G6BLCN76, B0G7GXCNG1, B0GH595ZQB, B0G511Z268, B0G8Z1WRZW, B0G4RNFV9J, B0G4RPQSZZ, B0G4RMND9Q, B0G8YBZ2B1, B0GTZ5B859, B0GHR9M2WZ, B0G43HRMLL, B0GGHWJMG4, B0G43J4LJX, B0G24YG679, B0G4QWFK1L, B0GF1YYCY4, B0G6DK2NZC, B0GCFY67G1, B0GGJ2SVJ8, B0G4R9R91F, B0G43CHPFW, B0GGJ2DPN6, B0GGJ34ZRJ, B0GTZMBXPQ, B0GWD4KL3M, B0GFCXCZMV, B0G6DVJVSC, B0G6DY7HZH, B0G43GV9WW, B0G43FDK59, B0GCFY5XJ8, B0G8J3FWQZ, B0GGHZW5PS, B0G4W3267Y, B0GGHRKKLR, B0GGHXYYSQ, B0G48JHZXK, B0G43F785L, B0G4MBL6YV, B0GH1L4QRW, B0H36CMTCW, B0G6DSMS7Z, B0G8ZJ68D4, B0G43HB1FH, B0G24ZWP3L, B0G43H6F2Z, B0G4QVWPGQ, B0GFTF4PQL, B0GFDWXPFZ, B0G6DTP62X, B0G399PWG8, B0GF223G27, B0G4QZXXGC, B0G697KZR1, B0G43LYCZW, B0G4RJWD3T, B0G4W3JX7Z, B0GF24671Z, B0G4RJC76Y, B0G58HZGN5, B0GCFDVSR3, B0G6DX2JFT, B0G4RNZQXN, B0GC6C7TW5, B0G4RP94HJ, B0G4VZHCRD, B0GWD5KKX5, B0GC5SDPQ6, B0GGHTJJQL, B0G4RPBZX2, B0G58FWDMG, B0G6DH1VFZ, B0G48PPN87, B0GFD387X4, B0G4W3JDPK, B0G515H8FQ, B0GQLP649P, B0G4MDVP8C, B0GCCZGTDM, B0G4W1SG2F, B0G4RP5XZS, B0GC6Y8MPP, B0G7HGP3X2, B0G38Z9W3K, B0G4W6JP17, B0G4MBY78D, B0G4W2CM1V, B0G4RNHWWS, B0G516R5GG, B0G8Z6CV5B, B0GWQ4NFPL, B0G6DVW4DC, B0G4MX9XFM, B0G4W4SXWN, B0G4RQSYN2, B0GC6Q7Y27, B0GWDG55FG, B0GQKYLQWB, B0G4RNT5VV, B0G4MCGJJG, B0G8Z5VR52, B0GDFSLTKX, B0GQLPNPP2, B0GQLQ1RMR, B0G4W2QJ7M, B0G4M9R42D, B0G4QY861R, B0G4W5MK3W, B0GCD118PC, B0GCCQ12GS, B0G8YFMV94, B0GTQ59TSB, B0G4RPD7QK, B0G4MVFLCP, B0G4RPD7QJ, B0G4W58ZNK, B0GH5PJHMB, B0G8YWT6QG, B0G4RPBBN2, B0G43FCNGR, B0G4RL9NMM, B0G43M8T4F, B0G3912BND, B0GCF6LXGV, B0GCF5LSVP, B0G4RMS4QH, B0G4W5DQ81, B0G4RNYXJR, B0GWD5KRQF, B0GF21TCGK, B0G4RNKQFF, B0G8YQVX5V, B0G5FNV2N9, B0G4W1NG4M, B0GFTDXT7Y, B0G4QWN7MT, B0G43KXTKW, B0G43HGGZL, B0G4MBW9X8, B0G8Z97CCW, B0G4W34KRG, B0GCDV8FWP, B0GQLCBMVN, B0G69H7F4Z, B0G8GTXYCZ, B0G69QY571, B0G4RNCXM2, B0GTZBRDRZ, B0G4QTP991, B0G24WFLV1, B0G43MC43D, B0G8JXN9JL, B0G6DWSPW9, B0G43GT4L9, B0G8JXN9JJ, B0G38YLW3G, B0G43NB37H, B0G4R6WFHW, B0G4R8V8WM, B0G4MTJKPK, B0G4W4QCPT, B0G4W33FLH, B0G4W3Y1QY, B0GFDV1F9N, B0G51WVKW7, B0GFF7L7MR, B0G4W4CKQ6, B0G4W3CBZZ, B0GV461NCY, B0G4W4CKQ3, B0G252LSTK, B0GCF5TJJG, B0GF2245TG, B0G43HW1C2, B0G4W4HS1C, B0G43L8SS4, B0GGHWY4N2, B0G4W2G5PX, B0G4W3BHHL, B0G24ZMGJ4, B0GQLKHJDL, B0G8HDBLP6, B0GTQJ2M87, B0GCD3MP85, B0GC71LHQX, B0G519LHBK, B0G4QT38KC, B0G43JLYYB, B0G4MD1WKW, B0G4RMTV7Z, B0G4W1TM5W, B0G4QTJ17Z, B0G7GWKB7N, B0GWDBFZHZ, B0G4RRB1T4, B0G6BTKYH4, B0GF87Q8DR, B0G43N912G, B0GWD96MS5, B0GTZ8HHGJ, B0G4W3KHMJ, B0G43LBVXX, B0G4RHSXJR, B0GWDBFZJ2, B0G51SQ9R6, B0G43LVNMG, B0G6B5BRFX, B0GQLTKTQL, B0GCDP5GQQ, B0G4MXTC54, B0GDFYY143, B0G6DN85NK, B0G4W3C1X8, B0GH1S42RG, B0GFD5V1QR, B0G4MHJTKR, B0GH4P6B8J, B0GWD8V9G5, B0G4RPM3XJ, B0G6DJLNW7, B0GCFK9Z6S, B0G4MGPJZ3, B0G4MF9RHL, B0GFF27P1P, B0G43Q2PGV, B0G4MF9RHS, B0GC5KKBNY, B0G8GNGRCQ, B0GC5V2CJX, B0G8ZK1FDW, B0G4QTQFZK, B0G8HXGXBM, B0GFCW27HG, B0G4W419V7, B0GC6Z5P4T, B0G43GGRBR, B0G6DBFL1C, B0G4W2K4Y6, B0G4RMFWGM, B0GQLJJP86, B0GWQ4XP87, B0GWD6GDLV, B0GFNF9XHN, B0G4W2PLXK, B0GWD6GDLL, B0G4MX2LR9, B0G8Z6DR8K, B0G8YRCCPC, B0G43KQR6V, B0GHR9NHP2, B0G6DRTK9P, B0GC6RBD34, B0GCDDKKRR, B0GFSWJQRP, B0G4QWDZGC, B0G8JLS2DB, B0G8J1SRKJ, B0GC6WSYDK, B0GCFGHS92, B0GCDN3KF6, B0G4W3G3CZ, B0GWQ4486J, B0G4MXDQBS, B0G43HSQCQ, B0GCCDSBD8, B0G4MTFB2R, B0G6DNNWSD, B0G1T2QTF2, B0GF24PG52, B0G51CY8SB, B0G4MCHT3N, B0G4M9RC8G, B0GWDC5ZTW, B0G4RJYKJP, B0GWD4L5SL, B0G4QY6YW6, B0G4W32VG1, B0G4BZMKYN, B0G5DGR67B, B0G8JXCHPH, B0G8HX2LGV, B0GF88M59M, B0G43H8CXJ, B0G398Y1M3, B0G4MCRLJ6, B0G51DKZHK, B0G4RPJHNG, B0G4RMMDPQ, B0G517BZ1C, B0G4W3CMGY, B0G38ZDS9V, B0GGHVCH8S, B0G6BPG6ZQ, B0G391K4D6, B0G51C3XGW, B0GFCX78CV, B0G396C5TC, B0G4BZ5GRN, B0G4RLLF13, B0GCDTQY8Y, B0G4VYD7S1, B0G6F5J9M8, B0GF23TNRL, B0G8ZM8DRM, B0GFT9WSP4, B0GFCWPH4L, B0G6BBSXFV, B0G4RR78J3, B0G6DHTBHD, B0G39556YZ, B0G58JKF1J, B0G6BTHKLZ, B0G4W2WMFP, B0G39BDNJ3, B0G4W1XTN9, B0G8HWJ52F, B0G6D28FVY, B0GWDBPNLN, B0G4MGKPVL, B0GCD846GS, B0GF8J2ZPB, B0G4MDGNR7, B0G4W5BHGL, B0G4W53JXS, B0G4RQ5CD2, B0GFD3C1ZT, B0GCF3VXLW, B0GTQF35RF, B0G4W35LNH, B0G4W3YQM9, B0G8J1NQSK, B0GH5667MD, B0G43K17CY, B0GV48PWG2, B0GFDVJYPQ, B0G4W448MK, B0GF1ZCRGB, B0G43LD4HR, B0GQKYWP1W, B0G4MD1T34, B0G4RN2TH7, B0G4ZWJF1W, B0GC6CF3MQ, B0G4QTP5D4, B0G4MCRHVJ, B0G43GKGXM, B0G4R7CFTR, B0G4W2K3LT, B0G4MCXPT6, B0G43HC1HX, B0G6DMVRV4, B0G48KJ7Z8, B0GF8G8XJ7, B0G4R67Y7Z, B0GHNT2LX9, B0G6BTKLWQ, B0GTQL43VD, B0GTZDD7WP, B0G43JBTYG, B0G51BXCQF, B0G58K9WVJ, B0GWDF5DNB, B0GCF5QPRC, B0G43HV33Z, B0G48N26JP, B0G6DXF27L, B0H36JQWYR, B0G43F4X84, B0G1T4WW6W, B0G5DY8MKX, B0G4RN3HKK, B0G8JK4KTQ, B0G43FF3YZ, B0GC7MY9XP, B0GTZF1XXR, B0GWDDKFGP, B0G3912TCT, B0G69F713W, B0G4R6N61Y, B0G5FG46KH, B0GWCY9Z7D, B0G43JJL44, B0G4W4LW75, B0G4RKJ22T, B0G4W3H14F, B0G8Z4MNVZ, B0G4W3GKKF, B0G5DNWZX3, B0G4BZFC6R, B0GFN8Z8FX, B0G4W375P7, B0GGHPR792, B0G38Z47PM, B0GCF4SH5H, B0G43HBPKV, B0GCFKX5KF, B0G43KR873, B0G4R6JSYK, B0G8HQNCC5, B0GF8DRFHV, B0G6D3ZR2Z, B0GQLT67JZ, B0GL7HHCYD, B0GF1Z8T4T, B0GCFHS4NC, B0G24YYWHB, B0G4C5BX3F, B0G43DWWBZ, B0G6DS876W, B0G4RNY493, B0G51Q9F7J, B0G43HP9VJ, B0GF8QP95G, B0G43J31F1, B0G3941T62, B0GCF47FDY, B0G4RMB13S, B0G251W8PS, B0GWDFR8DW, B0G8YFSC66, B0GHR99GH3, B0G51Q9F7P, B0G4RQGQTB, B0G4MDJXWF, B0GWPZPM6N, B0G4W3B65Y, B0G43HGDGC, B0GC5N8GL6, B0G5DDQ7XR, B0G4VZST9Z, B0G4W3DX2P, B0G69HLCD1, B0G43LTFVP, B0G4QV4L1J, B0GH5SXXDP, B0GCDVDK45, B0G4W2GBXY, B0G6DNPMDC, B0G4W2GBXW, B0GCDVK7W4, B0G43JL4BX, B0G43GXVVG, B0G8HMSSXR, B0G439Z6NT, B0G5FCB569, B0G43NDJTW, B0GQL4773T, B0G6F52XYP, B0G4QW68J6, B0GTZHVNCP, B0GF1QRCDM, B0GWDCCMN4, B0G6BBXNKN, B0G6B5QBKH, B0G4W69MFF, B0GCF3FVRB, B0GF8L62C9, B0GQLY89WD, B0G4QW5K2D, B0G43HNMF9, B0G6DTTMYN, B0G514HCZ8, B0G4W4Y6JT, B0G3915546, B0G4QTP817, B0GQLVK78T, B0G43HLZ6C, B0G8YGX6GY, B0G4RQ2Q6G, B0GQLCFKLF, B0G4W42CW3, B0G8Z5LGTS, B0G6DXF8KQ, B0G4RL4MS9, B0G4QW2MS2, B0G4MQTNPC, B0G4MCPQCV, B0GF22HDK5, B0G4RPJW64, B0G4W31QRG, B0GGJ69N85, B0GCFYHPBQ, B0G4MX88F2, B0G4W32TRN, B0G517M3ZS, B0GWD8W34Z, B0GWD98JC4, B0G43KKLJK, B0GQLYB13R, B0G4RQFHGP, B0G4QVNDJC, B0GHNNX4Y4, B0G24ZD8FR, B0GL7JDHVJ, B0G51SVQ59, B0G8Z925MP, B0G4QTF8LX, B0G4W2PV9Z, B0GFCSL33M, B0G4W1ZS1D, B0GCDMZZZM, B0GWDD9W6C, B0G4W4R22Z, B0G3914V97, B0G4QWHXGM, B0G4MF81Z9, B0GGHPTVXG, B0G43BH5KX, B0G4W41MRD, B0GF85M2VG, B0G43B9C34, B0GGHXTR1Z, B0G4W41MRF, B0G4RPXWRN, B0G8GQ1VMY, B0G4W31BWP, B0G3997YSW, B0G39HQ127, B0G8YFS1KL, B0G4RHR9G4, B0G4RMVFJS, B0G4W4JCT7, B0G5DRLF9K, B0G1T262BL, B0GTZGBW75, B0GTZ6C65P, B0GV45FRC5, B0G692LV7S, B0G8HZ4HXF, B0G4MGSNKZ, B0GF1ZH8XC, B0G8XXDJ5W, B0G8GV7J1V, B0G8HMP3LL, B0G4QTZZR8, B0G43F1184, B0G43HW9ZF, B0G43HVPLC, B0G43HMXVZ, B0G43QTKH3, B0G43GV2LX, B0GCF5KM12, B0GCCPW8Z6, B0GHNVKSW2, B0GFT6NX7J, B0GQLGQ8RW, B0G4W2JZW8, B0G4W5XZ6Q, B0G43HN5P6, B0G396QRQW, B0G38ZQHP3, B0G4W7BV9F, B0GGHW124Y, B0G4RP6F1L, B0G4RMQ55V, B0G6DSDQKD, B0GTZ4FGF7, B0G8YSVG8H]",amzn1.campaign.1I7UE357MWJQK,Top Home Decor | Erosebridal 100K+ Styles | 15% Commission 38,Erosebridal,2026-09-03,2027-09-03,15.00%,10000.0,9978.94,129,800,false
[B0GYCJ4NDP],amzn1.campaign.1XJI0UJ1EFTI4,Halloween Decorations Indoor - Black Plastic Witches Cauldron Bowl with Skeleton,Jnaurb,2026-09-03,2026-10-03,10.00%,5000.0,4935.95,110,800,false
[B0GXK4DK9Q],amzn1.campaign.YBVU5S02M0CY,Backseat Dog Car Bed | 10% Creator Commission | 30-Day Campaign,Ckin pet,2026-09-07,2026-10-07,10.00%,10000.0,10000.0,117,800,false
"[B0GQS3N6FG, B0GQS2GRTS, B0GQS5FS87, B0GQSJYD6L, B0GQRSTN49]",amzn1.campaign.ZPIGAETQKLGY,红色破洞牛仔裤+9.2,Arkordi,2026-09-03,2027-01-15,15.00%,5000.0,5000.0,165,800,false
"[B0C8SSWQVF, B0C2PR5P9N, B0DCFWMNYS]",amzn1.campaign.2DYLCK1C269ZJ,Promote QUEENLINK Tabletop Magnetic Chalkboard – 10% Affiliate Bonus!,QUEENLINK,2026-09-03,2026-10-31,10.00%,5000.0,4993.62,127,800,false
"[B0GMX41DS1, B0GMX5GMW9, B0GMWLRGFM, B0GMX7VSFC, B0GMWZV983, B0GMX9YW4B]",amzn1.campaign.2PV3TB9HDFE2H,Gym Metal Signs Workout Room Wall Art Decor Gym Motivational Vintage Poster,PlikPlakey,2026-09-03,2026-11-17,10.00%,5000.0,5000.0,130,800,false
"[B0B4S9LG4H, B0CMWQG6ZN, B0BXL5J8V9, B0B24L214D, B0B3XGHXFS, B09SKS9DL5, B091YJKL38, B0BLGSWW2K, B0C2BVPNJ5, B0CHJBBYM4, B09W4CB9PC, B0BN34ZRJG, B0BW954853, B0F43JJZCN, B0D8T46WRR, B0CHJB8C6K, B0CMXGN4NW, B091JYYBBR, B0B55Y7KD9, B0D8SRWT1N, B0B2R4RRKJ, B0CMWRQGXF, B09VWR3WVB, B0F6MMX6ZV, B0CMWPMSFH, B0D8SSVSV8, B0BZTQVKC2, B0C3VLJH54, B09BKWV9NC, B0BLGGR5X3, B0CHJ81X6J, B0BW95B8G5]",amzn1.campaign.2SAW2H76JGNXZ,10.21% commission,BIKCZEWIN,2026-09-03,2026-10-03,10.21%,5000.0,4991.8,141,800,false
"[B0DQD4J98B, B0H1LJVT4X, B0DL9SX2VK, B0D97NF4C4, B0DCNPY8GM, B0CR69YPRZ, B0CSFP2LCX]",amzn1.campaign.3H3DMJDVKZW2V,Dust Cover,lasesasies,2026-09-03,2026-10-31,10.00%,5000.0,4993.24,128,800,false
[B0F2FJX58N],amzn1.campaign.2VRDAORP03X7F,Foldable  Clothes Drying Rack with 16 Clips Collapsible Clothing Rack,BIREN,2026-09-03,2026-10-03,10.00%,5000.0,4976.0,121,800,false
"[B0B9M6FBQ8, B0CKYT14GG, B0FF425PV8, B0D46KTSZT, B0C3QGZ73T, B0DKTBYPBH, B0DXPWWKZB, B0FN3Y7ZTC, B0DFM8DX6S, B0DHVRBV7K, B0CFTK158Q, B0H8PCS6QZ, B0CVVJTMPR, B0D7BPYQ49, B0F61PGFZ3, B0FJX62NW2, B0DHWZCQ2S, B0H68SNK9Z, B0CH3983JZ, B0DPMC6QDD]",amzn1.campaign.C9L9QLEE7W7W,MUNBYN Rugged Tablet and Laptop for new creators SEP,MUNBYN,2026-09-03,2027-03-31,10.00%,100000.0,100000.0,98,800,false
"[B0GQS3N6FG, B0GQS2GRTS, B0GQS5FS87, B0GQSJYD6L, B0GQRSTN49]",amzn1.campaign.ZFI1RNU06G2G,红色破洞牛仔裤+9.2,Arkordi,2026-09-03,2027-01-13,15.00%,5000.0,5000.0,165,800,false
"[B0H1WP1GL1, B0H1WYDQCF]",amzn1.campaign.1V30JVTB4255V,36 PCS Halloween Wall Decor,Jnaurb,2026-09-03,2026-10-03,10.00%,5000.0,4830.2,105,800,false
[B0H8XXQMCP],amzn1.campaign.1SYWW2P16EEZ7,15% Commission on PS5 Horizontal Stand – $5000 Total Budget,NANANINO,2026-09-03,2026-12-31,15.00%,5000.0,4997.3,127,800,false
[B0H2HG6QZN],amzn1.campaign.L0C9F9FNXDYH,Earn 10% Commission – Promote INSEETECH AI Solar Wireless Backup Camera System,INSEETECH,2026-09-03,2026-11-30,10.00%,5000.0,5000.0,121,800,false
"[B0H98T1FFY, B0GTVN5G74, B0GTVCQW13, B0GTVH61CT, B0GTVM4LGR, B0H98SYXH7, B0H98SM4CR, B0H98TT3QW, B0H98WWM9S, B0H98GDL5F, B0H98RR8YZ, B0GTV9SRS1, B0H98QKFFN, B0GTVL5GGV, B0GTVKWBHD, B0GTVRGFW6, B0GTVH57WV, B0H98GLWTC]",amzn1.campaign.33TD317I8ZSW2,Earn high commissions——Experience fashion style with Hathne!0028,hathne,2026-09-01,2027-03-02,16.00%,5000.0,5000.0,163,800,false
[B0H1LM1T75],amzn1.campaign.2DJD9EZGUCS27,EPUMP Journal Advent Calendar 2026 for Girls Teens,EPUMP,2026-09-03,2026-12-31,10.00%,5000.0,4965.35,106,800,false
"[B0FT6XMZZQ, B0G1FTBS15, B0H8824JN9, B0FXR74TNX, B0FXWGNT34, B0FPDZ9RSY, B0H87L3BJN, B0G1MRFZG6, B0FQP9VMWH, B0FXR73BNK, B0G1G33B2N, B0FT6X2ZJ1, B0FXR7TQJ2, B0G1MPRRK7, B0FRGCKSPB, B0FVFFGC58, B0FXR51JZH, B0FXR9CGQ1, B0FSD91KRD, B0GV4GKFP8, B0FSDC8P4K, B0FXR9CGQ2, B0FXR7WMZP, B0G1MMNPFS, B0FX9VZVQC, B0G1FNNF8D, B0FVFHZK68, B0FXR7VWPP, B0FPF1XC6M, B0FRG4F9FT, B0G1MPNTZD, B0FP92MY3Z, B0H87X26J1, B0G5H2JHTG, B0FWCRXY5H, B0FXR7K83J, B0FT72F7KG, B0FVLM18QS, B0FQPGF1L7, B0GGYHNTBP, B0FYLJYYYJ, B0G3DYGCB2, B0FVFKQDM7, B0G519DCR9, B0FXWDVH4Q, B0FXR74RLS, B0FQPDRMVG, B0FSD8XG1D, B0FSD85C47, B0G4CWK1PJ, B0H87TVGRR, B0H87NWRH2, B0H87SZZHB, B0H87X5LLV, B0FPF2FKC3, B0FMP8245W, B0G1G165HX, B0G264YFH8, B0FSD8X84R, B0H87WCSNN, B0G1MPW9L4, B0FPF12HTZ, B0FQP8RCHK, B0G51C7RBN, B0FXRGCJ1C, B0FP919919, B0FQPB3R49, B0FY2VK9QN, B0FXR4ZF8V, B0FQP9CHB1, B0H87RZQKP, B0FW3LR1P2, B0FW34LPTF, B0FXR6TDHL, B0G51CMGPK, B0G2XB84P8, B0FSDBD2MX, B0FX9X24JD, B0FT16Q1XB, B0G1FVVB8L, B0H87LMFBP, B0FVFFH2SM, B0G1MPT972, B0FXR8VLZK, B0FSD742ST, B0FPDZQ2PG, B0FXR52VRL, B0FZTMVR7N, B0FXR4ZGZN, B0FXR7SVSR, B0FPDZVYNZ, B0FPDZXHGF, B0FT6X333X, B0FMP3YD27, B0FVFHJ12N, B0FPF1FSHM, B0FXR5G5SK, B0FXRGD3GN, B0FPDYQGW7, B0FX9TZKPZ, B0FVFL1D56, B0H87XB9CR, B0FXR7MYM6, B0FPF29R21, B0FSS7L92J, B0G266841P, B0G5G485JW, B0FVFGDQD4, B0FVFKK8L8, B0FQPCXK7N, B0FX8CWRQH, B0FSDCFTN9, B0G4CXL36K, B0FSD8WTSQ, B0FW3WM58M, B0G1MR9ZPW, B0FQPCTBRY, B0H87S5N47, B0FVFL4Z4Q, B0H87YLZLS, B0FRFZ5Y72, B0G2Y5H7Y6, B0FXR6SH69, B0G1MNRTM5, B0H87TT2TD, B0FXR6SH65, B0FVFJ2Z8Z, B0G1MM4NG7, B0H87VC681, B0FRG413SC, B0FSDFD7DK, B0FP8ZY8R2, B0FRFXNLDC, B0H882SHF9, B0H8813ZCG, B0FSS9R2JQ, B0FXR7J4F8, B0FXR9HLDS, B0FPDZP27Y, B0FW3MS9L3, B0FXRG4LN1, B0FXR6SKV8, B0G1H6TNY5, B0H87Q3BXQ, B0FSDDGBGW, B0G2Y38PPY, B0FX9TFZRZ, B0FWCV2CSG, B0FXR6SKVC, B0FQP96PS7, B0FX9TFZS4, B0FVFJZC5Y, B0FWQTDTS9, B0FZTXHB56, B0FQPC4JHR, B0FQPCG6LL, B0G1MRHFSB, B0FXR526GW, B0G1G5D6HV, B0FNBG59XR, B0FQPCM22B, B0G516W81V, B0FVFKVL5B, B0FVFJTVJZ, B0FXR587WR, B0FVFKRCPV, B0FQPB2YH5, B0FRFSG5X1, B0FXR59Y6K, B0FXR4VPKC, B0G3DWFK69, B0FVFHCD3Z, B0FW3PJHBN, B0FXRCVHNP, B0FQP9NRMZ, B0G1FZHGZH, B0G1MSJWP3, B0G25TP2VD, B0H87ZC6GF, B0H87XBHG8, B0G1MSFMGT, B0FRFXY59N, B0FXR4YFN6, B0FPR4R2DQ, B0G25ZP22X, B0FXR6ZNB5, B0FXR8F6VY, B0G4ZWJLZY, B0H87TSKMV, B0FX9TWWXF, B0FT7CMVBP, B0FSDB338G, B0FXR4WSTK, B0G1FZVM7T, B0FPDZWGQH, B0FWQKXQLC, B0FPDZLVN8, B0FSRSFCVM, B0FXR57LH1, B0H87HHSXC, B0FXR5H4FR, B0FVFJV4HW, B0FVFGGTF9, B0G1MSNK1H, B0FT72GST5, B0FXR5C44H, B0FSS9171P, B0G1MSNJNX, B0H87WMM1R, B0FXR92CQZ, B0FXR69VZ1, B0FP8ZS2QL, B0FX8DPCCN, B0G5FRF69R, B0G266TS3T, B0G1MSK4LS, B0FRG3THVY, B0FQPCSFDL, B0FP8YCZJF, B0FQPD9FVY, B0G1MKMQCN, B0GGXZS7JC, B0FXR79TVG, B0FWCRLKDG, B0G3DZHDRZ, B0FT16TNCC, B0FT714RH6, B0FQPCRXLH, B0G267QVDR, B0FXR7J4F3, B0FP8Z9Q9P, B0FX2X6RDR, B0FVFG9DR2, B0FX2X26ZC, B0FXR7GQFX, B0FXK44QXL, B0FVFJ1D3W, B0G1HK9N4W, B0G1MKQ2ZC, B0H87YTMC2, B0H87YTMBT, B0G514VZMD, B0G1MR34DQ, B0FSDCJ35D, B0FX2XZ81V, B0FXRKNVN7, B0G3F3MZWV, B0G1MPT49T, B0H881GDV5, B0G3F1FKF2, B0H87W2794, B0FPDZ4RR2, B0FVFLHZHV, B0FVFHM294, B0FVLMDLR2, B0FXR7HFGP, B0FXR9814Y, B0FXR5DHN9, B0G519T22X, B0FQPFM8QJ, B0FXR9BXDV, B0G1MSS3H2, B0FSD6P2HK, B0FVLLTG2G, B0FRFZ2L87, B0H87VBQ7C, B0FSRSFKQP, B0FSDBFM1G, B0G2X5PNNQ, B0FXR75BZP, B0FRFXH8HM, B0FX9QVPJ2, B0FRG3MDWR, B0FQP9QWH5, B0FVFGYRST, B0FXR7CW9C, B0FXR4V7QP, B0FQPCVVH6, B0FW59QGN1, B0G1HG8XCH, B0FXR5DYMZ, B0FY2YP2WS, B0FVFJV4J1, B0FPDZY6L4, B0FQPFNYRF, B0G4CW12NT, B0H87VL8JH, B0G517D2ZW, B0FQPCCYFM, B0FWCT2PNN, B0FXR5DYN3, B0G1G51TRK, B0G3DWHTKM, B0FVFG836R, B0G1HF7S7T, B0FPDZHNM8, B0FSS91QP3, B0FT6XQTVN, B0FXK471CR, B0G1H6ZLZ9, B0G43FQ5C3, B0FT74JCKR, B0FPF1G594, B0FPDZSNRQ, B0FPDZSNRS, B0FSDBJ2KM, B0G1G17ZB4, B0G1MNQ9H7, B0FVFH1NGJ, B0G1MSFMG1, B0GGY9TPYY, B0FRFSJM6T, B0G1H6X3SB, B0G266XMW8, B0FVFJXTHQ, B0FXR5Y71R, B0FXR7LTTZ, B0FP8ZGHYL, B0FRFZKB6K, B0FQPCP8Z3, B0G2Y36XJS, B0FPF1NYM9, B0FVFJYK55, B0FW57M75G, B0G1MPXWVK, B0FXK5C94H, B0G2Y4QYK3, B0FXR4X5MB, B0G3DZXSFB, B0H8825QDS, B0FXR69WT4, B0G1MNTFYL, B0H87Q46RY, B0FXR69WT5, B0FXK65QRB, B0FQPBGRGG, B0FT74DPYN, B0G1MS9DYM, B0FX9T9CWB, B0G1MPTXG9, B0FWQZ8TQB, B0FVFGMGDN, B0FSRZZG2J, B0G1MPF1CD, B0FXR7VBTM, B0FT7CXXP2, B0FXR75ZF3, B0FXK4SLJN, B0FXWG3W1M, B0FQPC7QXQ, B0FWQZ4LNL, B0FXRBMVN9, B0FT15S4GB, B0FPDZMYWN, B0FXK5P4FR, B0G5G3D9LV, B0FXR5JXTX, B0FNBWWQH2, B0H87Z3N7Z, B0G3F1F5S7, B0H882YP3J, B0G51NQYMF, B0FSD5YXM7, B0FXR568PK, B0G1MKT83Q, B0FQPBJ1C6, B0FPF16JR7, B0G1MPYTB4, B0FRF71JV1, B0FXR7H7B8, B0FRFZL3RY, B0H87XTP2F, B0G266TL39, B0G25RZK3Z, B0FXK858C4, B0FVFF6NV3, B0FSD95TB9, B0FXK4VJT3, B0G2XX3TD8, B0FQP9B1BM, B0FPDZSJMJ, B0FXRGH6V3, B0H87R1STW, B0G4PYB8ZQ, B0FW59Z6KQ, B0FX8CH1J8, B0FSDBDYH5, B0FVFHR4V4, B0FSD8ZBN2, B0G51DJZ6V, B0FQP9GKF7, B0H87ZQZ55, B0FPF1PQ3F, B0G1H6XBB5, B0G2XX4HFF, B0G2Y5FCYZ, B0FPF1BL2G, B0FNC1M8H8, B0FW467TW4, B0FT78L558, B0FP8NBDFR, B0H881KPXW, B0FX8D9P43, B0FWCMVF6G, B0FVFJ7TN9, B0FP92CVRX, B0G1HGMLTW, B0FW56TZWZ, B0G1MKS8TR, B0FXK6QNVS, B0FPDZQZ17, B0FT14WWY1, B0FT6WW2MX, B0FVFHQT8Y, B0FSSB6K3Y, B0FVFKCX4Y, B0FXR6TX6V, B0FSD6RTB4, B0FXR5J52V, B0FXR6TX6N, B0G2Y5CMXM, B0H87Q4J15, B0FQPDCHK6, B0FP91RGL1, B0FRFYMRBS, B0FW3JXBMS, B0FVFGT6TT, B0G2Y36KZ7, B0FZTZD49G, B0FX9THNC6, B0G1MLXQ1S, B0G2Y4232X, B0FRG3V45Y, B0G519TFNJ, B0FPF1JSCD, B0G1G37MHS, B0G1FV397V, B0FT6XDK9P, B0G1MKRDLZ, B0FW595RTX, B0G1MMG1K2, B0FQPCKZS8, B0FXR4VK5C, B0G1MPCGMK, B0FXR4VK5D, B0FW44TJJN, B0FT78LGW9, B0FSD7WD6V, B0FVFJZXTB, B0FY2YYPLB, B0H87YF3KM, B0G1MRLNJZ, B0H87TFD6J, B0FXR79NZ7, B0G26776F7, B0FWCQM18J, B0FXRJ64T4, B0FT6XKV5R, B0FQPDXZRB, B0FT74LGGH, B0FPF1QC14, B0FW48N8BY, B0FQPDXZR8, B0FXR7675K, B0FT6WVDQT, B0FPDZZ7VS, B0FX9WTMKD, B0FWCSDFG1, B0H885KSH7, B0FWQV5SR1, B0G2612Q39, B0G3F672NF, B0FMP72F2S, B0G2Y3KSFX, B0FX9VPXHP, B0FT72K9G3, B0G262JD4K, B0H882PMBG, B0FW57VVQV, B0FPF17MSV, B0FRG48GZF, B0G1MQMBJJ, B0FPF13W2H, B0G2X8XMZ5, B0G3F2H644, B0H87VDYP1, B0H87RYMK7, B0FYLH4F6L, B0FT15YMWW, B0FT6XXSL4, B0G1MPTFN1, B0FW48HK3W, B0FW42CXB3, B0H87WVSW2, B0H87Z7MRC, B0FT186JFD, B0G5156ZYP, B0G3DXGQ8B, B0G5FCLVCS, B0G2Y413K7, B0FW587VCV, B0FW41HGLW, B0FW3ZL7N4, B0FT1818PS, B0FT11LSYT, B0H87ZH61L, B0FW5DZ9YK, B0FVFHYHT9, B0FYLHXZ1V, B0H87TQ9DD, B0H881MPKS, B0G1MPTK5H, B0H87Q8BS5, B0FXR565B7, B0FPDYWS7K, B0FXR98JWX, B0G1MKRQ11, B0G1MKRLGL, B0FPDZQ9YP, B0FSS924BY, B0FQP8NDWH, B0FW58HBMJ, B0FXR7KVQ8, B0G517N536, B0FXR7PRZQ, B0G43HTPFG, B0G517FLXZ, B0FVFKB2VQ, B0FT73P7T7, B0FWCNNFZC, B0H87L4FR1, B0G5FC4TH7, B0FVLKX6V9, B0FPDZJLST, B0FW3JC2WF, B0FW3GV258, B0H87L4FQZ, B0FXR5JFFS, B0H87L4FQX, B0H882Z522, B0FWCQ7Z1F, B0FXRG69XW, B0G3F3FHW4, B0FRF726DM, B0FVFHMCLT, B0FT6R11BQ, B0FQP94912, B0H87X6B66, B0FXR7L1F4, B0FXR4QWNF, B0FQPF3DH6, B0FSDBBSWZ, B0FXR4QWNG, B0FT6XB843, B0G1G3WXQR, B0FZTWZ278, B0FWCVT6N3, B0FVFJ7VZV, B0G1FSXYTS, B0FPDZWB7S, B0FRFYCN7Q, B0FXR4TQZL, B0FXRGF4DQ, B0G1MKRPMP, B0G3F3X6CY, B0FT6XZBHP, B0G1MPG5WG, B0G1H6XL3M, B0FXR4WRZV, B0G2Y354WQ, B0FXR8SC25, B0FW5BMFLW, B0H87X89DC, B0FX88T3W3, B0G1HH8V4G, B0FSD9LT8S, B0G1MK3F3Q, B0G1MRLVSB, B0FVFJWN12, B0FSDC95YK, B0FXR5TTJD, B0G1MRXBH3, B0FPDZGTQ7, B0G5G9RRKW, B0FNBRV1JT, B0G1MPWXJW, B0FT194JJR, B0G2X8M9HN, B0FVFH19MZ, B0FXR54HQJ, B0H87S22GS, B0FXK5V4C2, B0FVFH3YJ4, B0FRF728CX, B0G511YR16, B0H87WCPN3, B0FWCRJPJZ, B0FVFK4TF3, B0FP8ZV4TT, B0H87XTVGH, B0FXRK6P71, B0G1G3MYVY, B0H87V6374, B0G1HGNHVJ, B0FX8C9PDQ, B0FX9VZSK3, B0G1MNBQ4N, B0G1MNMB8G, B0H87KR8W1, B0FVFHYQG6, B0FXR73GWL, B0H87PSP3Q, B0G1FZVNB5, B0H881X6QL, B0GGYB126Y, B0FQP9YSSD, B0FSDB6YBZ, B0G2XXK1R3, B0FXK5R768, B0FW3VT8GJ, B0FVFH1LV1, B0H87STWYQ, B0G1MR2HBC, B0FW45BHV4, B0FY2W94CJ, B0FSDBCLBY, B0FXRJS6T9, B0FXR8LM5Q, B0FWCRG2C3, B0FXR7H83X, B0FW3Q9CNG, B0FVFL1C88, B0FVFK2XZ9, B0G264DYCY, B0FX9VHBG4, B0FXR8YJJR, B0FWCR5SZL, B0FXR5BQMN, B0FSRSFQVH, B0FQPCL48F, B0G5G8JCV5, B0FQPBH1Y8, B0FVFH5S91, B0FXR5BFXJ, B0FXWGJFJQ, B0H87YTH75, B0G1HGNZ9Z, B0G1MTCN8C, B0FW3T9YH7, B0G51997S8, B0FW54XYQB, B0G4PW1J57, B0FWQZBXYY, B0H87W5VCP, B0FT6XP75W, B0FT18RN55, B0H87XDQR3, B0FX9X8M6V, B0G1MLL9TV, B0H87TWRN7, B0G5GVHFRX, B0FPF25HFN, B0H87S68C7, B0FVFH2GN8, B0FXRFBZZC, B0FXR5CVSC, B0FT16G1ST, B0G266HTVK, B0G25VP91D, B0FXK5PNDV, B0G1FZPPRQ, B0H881GPTN, B0FW3YQ1HH, B0FW42FTJV, B0H87WBSZJ, B0H87SRP4K, B0FXR952K3, B0FVFHV161, B0FXR952K4, B0FPF17LDN, B0G4PTXBDH, B0FRF72BSD, B0FPF17LDP, B0G1MRGQJB, B0G51LZPG1, B0FXR7KL4P, B0FXR4TZCY, B0FQP9DVSB, B0FWCQNGWG, B0FRGCDH8V, B0H87XYB5Q, B0FXR9NHLD, B0FPR995G8, B0G266KK9H, B0H87GYXF1, B0FXR8V8QC, B0FXR5G6NM, B0FQPCZ2FL, B0FW3GY6VJ, B0FRFY2RCB, B0FVFJRDST, B0G1FZ9GCD, B0FXK856LT, B0FT74BZY7, B0FWCQ8F4Z, B0G1MPKNSW, B0FWCSRMYL, B0FPR6PC82, B0FRGBNSNM, B0FPF1GPWZ, B0FWCSNNFV, B0FSD9C7T6, B0FX9SBSPS, B0G517DNSG, B0FPF19ZTQ, B0G1MRNZMB, B0FXR738P4, B0FSD8MZTL, B0H87VVKM9, B0FVLLP9XJ, B0FVFGX321, B0FQPD6SX5, B0H881NHN2, B0FSSCKZN2, B0FT6X4VNV, B0G1MKTB22, B0FXR5BDWT, B0FXR7W39Z, B0FT6XSZ5H, B0FP91H315, B0FPDZXMYF, B0FPDZJHWS, B0H87VDBSB, B0FRFXZCMF, B0FXR9JX3F, B0FXK3329M, B0FXR9JX3B, B0FT6X3JYF, B0FW44HXWB, B0FT7CKYPM, B0FXR5W11Z, B0G1MKFKMC, B0FW44H8Y7, B0G5FC1MQ7, B0G1G4V1HG, B0H88178Q3, B0FXR4MDPZ, B0G51R1C7Z, B0FXR7KN4N, B0G1MPSJ4N, B0FPDZLWNN, B0H87SPL6S, B0FXR56NMJ, B0H87SPL6P, B0FPF1KRR7, B0H882T32N, B0H87VCHCL, B0G1MPWBMD, B0G2Y5KVW4, B0FQPDZ2X2, B0FVFH7FBJ, B0FXRFD3Q2, B0FVFL4PQ1, B0FSD8XPV7, B0FQPDG1N4, B0FSD7J8JQ, B0H87RXY4L, B0FW3S6TZS, B0FVFK697Z, B0FXRLPFLJ, B0FT78KNT5, B0G1HB3GYH, B0G1HB7J2D, B0H87WT74M, B0G2XZCN8B, B0FPDZ2SYJ, B0FRFYJ2YS, B0FPF1BK7W, B0FW44MKDZ, B0H882R9BL, B0FWCPYCMT, B0G1MSPV4Q, B0FW56W6MN, B0G43FGTY7, B0FW3Q88S8, B0FPDZQ8H9, B0FXR4XL5X, B0FW58JB3C, B0FVLL2T1N, B0H87XKPF4, B0FXR8WXBZ, B0H87V6NV9, B0FXR6YJZZ, B0FRFZ36KN, B0G512YL61, B0FXR6TB9T, B0G4CW99F3, B0H87XJG2W, B0FVFJ84BF, B0FT6X5YM4, B0FW42764W, B0FVFHC1WK, B0FT6X4L5N, B0FW43VKCH, B0G5FL988X, B0G25TJKS7, B0FT7B8P8R, B0FRG4H4J1, B0GV4325PG, B0FPF1F5C7, B0FPDZMCGJ, B0H87ZRQ6Z, B0G2641QCR, B0FPDZTNHB, B0FVFH26SK, B0FXK6DW75, B0H87XDN4H, B0FT76WWXF, B0FW3WWFR9, B0G3F3GXB9, B0FW3X5TVG, B0FT7CX614, B0G515947V, B0FQPDHY4J, B0FVLPMCNW, B0FXK8L1VJ, B0G51C7NPH, B0FXR6HP2Z, B0FW5CDNK6, B0FXK2MCD4, B0FXR5J3WW, B0FWCS9MJ6, B0FZTVCQCT, B0FPF2Q18R, B0FXR5J3WS, B0H87ZRM6N, B0FPF1JY7X, B0FSDBRJDB, B0FVFG1X5Q, B0G1HGX8FC, B0FWCVS1TQ, B0FPDZWWWK, B0G1MSRMB1, B0FQPC1WWP, B0FSD9256L, B0H87V5KVV, B0FX9R7DXV, B0FXR4VH89, B0FVFF83X5, B0FQPDNP2Y, B0H882JX28, B0G1MKPVMB, B0FXR7VD85, B0FVLPKLDB, B0FT6XGD6K, B0FZV3QBJF, B0G1MRB9D5, B0FT6Y5CNR, B0FPDZPM7G, B0FXR4WWRJ, B0FSDD1JK7, B0FPDZL421, B0FVFF7CYX, B0G1MPRLTZ, B0FT76RB9H, B0FSD8ZHBM, B0G1MKGN6V, B0G1MRL28Z, B0FXR69J7J, B0H87VGF91, B0FXR7CHZG, B0FRG4JJ1Q, B0H87VGF93, B0FXRKML9R, B0FT6XP2ZT, B0FT6X1LZ6, B0FXK57KW8, B0G1MPX8NN, B0G4CTVCLQ, B0FXR6XTGH, B0FPF1HGVP, B0FP8Z5TBQ, B0FW34JJZN, B0FXR9NT1D, B0FRG4BGX9, B0FRG4C3MC, B0H87YWBQQ, B0G1HGC9KR, B0FX9V6X8M, B0FT6X6P13, B0G4PVS6TR, B0FXK37ZKZ, B0FPDZD8WB, B0G5F8FBFB, B0G1MPS43N, B0FSD97LM5, B0FXR8J3YZ, B0G516QQCS, B0FXR4SJYZ, B0FWQZ1V7Y, B0G263WV2Q, B0G1MKR76G, B0G4CW5S95, B0FXR7FP9T, B0FX9TK8TG, B0FSSBF4XB, B0FZTXDVZR, B0G3DW69RM, B0FVFCY25R, B0FXR5TGSG, B0GV46FXLP, B0FW3K48K6, B0G1MP94DK, B0FRG4CBLP, B0FQP8RF6Z, B0FW3YSSWF, B0FVFJVMBK, B0FXR587FW, B0FP8YT8JG, B0FX8CR7WF, B0FMP5R8LT, B0FSS7T6RY, B0FT6QTVH1, B0FVFH5DN6, B0FXK4WM42, B0FXR7FGJL, B0H87VFSYT, B0FXK58YL4, B0FQPBGZ9W, B0FT14WH9X, B0H87YKB3P, B0FVFH3V63, B0G3F3LXKB, B0FYLJ21DM, B0FX9TSC3B, B0G43DYHGT, B0G1MRY643, B0FW58W74X, B0G1MSMRSW, B0FT6WVPL3, B0FXR53RPQ, B0FVFHC2CR, B0G5156H91, B0G51C26WT, B0FSS138BF, B0FRG42MWP, B0FXRD91Q2, B0G1MSWBW1, B0FP927D9F, B0FSD9GWW3, B0FRFXLRBB, B0G1G2JR5M, B0FZTWKQ17, B0FW3ZJ7XS, B0G1MKTL73, B0FPR56FVF, B0FW43RXGJ, B0GV417KP4, B0G1MRWQQ6, B0FVFHL6PB, B0G4CVBPM1, B0FX2STGQF, B0FXRCBC2G, B0FXR6SC1P, B0FVFHH4WZ, B0G1MPDL32, B0G1MPMCFV, B0FX9V794B, B0FVFF7LRM, B0G264LQRD, B0FVFHH4WP, B0FXR93PXT, B0FXK238R3, B0FSRSHDCC, B0G1MPL87M, B0FSD8WXB7, B0H882WWB2, B0FSD8WXB6, B0FX8BS8LW, B0FVFH784Q, B0FXR7SSW8, B0FVFJR8J1, B0FW597SNC, B0FPF19158, B0H87WSSYQ, B0FRFZKSS9, B0G4CV8DW8, B0H87QMZDL, B0H87SBKNP, B0G1MXRMJ7, B0G51C26VR, B0FXK798SF, B0FXK7CHTX, B0H87QMZDF, B0FPF1SF1B, B0H882GPC5, B0G1MQW658, B0FSDCG54M, B0FP8YSJL8, B0G1MXRMJB]",amzn1.campaign.208UK5YUX5ZQW,Top Home Decor | Erosebridal 100K+ Styles | 15% Commission 37,Erosebridal,2026-09-03,2027-09-03,15.00%,10000.0,9982.81,128,800,false
"[B0GDCMMXCX, B0FK99S688, B0GDD4BGN4, B0FK971M13, B0GDDHCJ3Z, B0FK9GSKGG, B0FK96X79T, B0GDCWPXX7, B0FK9GSBJ2, B0GDCWW2P7, B0FK96Y7CP, B0GDCXZ6WY, B0FK8ZDVLF, B0GDD8MKC3, B0GDD4BS52, B0FK93J1ZN, B0GDDDGY8L, B0FK8Y3L66, B0GDCNH1X5, B0FK938PM2, B0FK8RCMMY, B0FK95R28J, B0GDDWQKDD, B0GDCZ99DD, B0FK9NN4C1, B0FK9LFZFH, B0GDCKX42B, B0GDCWB5M9, B0GDDQQ6HV, B0FK9H4DFH, B0GDCMYV4R, B0GDDH8BXR, B0FK9LJ559, B0FK94QG2H, B0GDDT33SF, B0GDCKY22X, B0FK99N27Z, B0FK94LZ2T, B0FK95K22G, B0FK93KP6P, B0FK97YZ6Q, B0FK98B9F4, B0FK952J7W, B0FK8ZKMDT, B0GDDDMDJZ, B0FK95WRB3, B0FK9LFWTC, B0GDDGS5JD, B0FK8NHQXL, B0FK96XCCW, B0FK9DH42T, B0GDDWT3MK, B0FK8N3GBC, B0GDCSZ9HZ, B0GDDDK93G, B0FK93F1PQ, B0FK94PTDG, B0GDCZD595, B0GDDX5ZB1, B0FK9NJSJJ, B0GDDNJP7X, B0FK9LJH3C, B0FK8N7WJ6, B0FK9NJF8K, B0GDDNB1WR, B0FK92S4KY, B0FK937MLB, B0FK8N54FP, B0FK95V95V, B0FK8VDL8F, B0FK96WVLY, B0FK94M33Z, B0FK94MWX8, B0GDCN72XG, B0GDCX3FLQ, B0GDDWSNM9, B0FK9DH42X, B0GDDQSXT1, B0GDDC9CT1, B0GDDSWZJM, B0FK8RSLQ1, B0GDCY7FP2, B0GDDBRWLT, B0GDDDGQ7G, B0FK9GY9HX, B0GDDGRPDQ, B0GDD486D8, B0GDC76V19, B0FK99H22Y, B0GDDWTFKJ, B0GDDN3V8W, B0FK9LN9WB, B0FXK5YC99]",amzn1.campaign.37OP8N6CPQ14R,SAK1465,SANTINY,2026-09-03,2027-09-03,10.00%,100000.0,99869.4,68,800,false
"[B0GSVX27F4, B0GL24814B, B0GSQ8D5TN, B0GSYK2XGG, B0GJL9PHY8, B0GKZZNH6H, B0GSQC71BR, B0GL14BC1T, B0GSQ144C9, B0GSVKDWVC, B0GSPYWPZX, B0GSQ5M1DV, B0GT31G5TT, B0GSYMBQ1X, B0GMN3Z425, B0GSYJZTCX, B0GKZYN4LB, B0GT43X1KK, B0GL1N46V8, B0GKZJCXP2, B0GSQ74NP3, B0GKZDCYY3, B0GSQ6F9M1, B0GSQCN4DB, B0GSVTB7DW, B0GL188HKC, B0GKZQYBC1, B0GSVMZT9G, B0GKZWQLGN, B0GSQ94FJD, B0GL24ZSQM, B0GSYDR8MF, B0GSYJZMV4, B0GL186YPG, B0GSQ468T7, B0GL23ZWTZ, B0GSYN5K3Y, B0GKZSX8XN, B0GSPZG4TP, B0GKZDCYYN, B0GL1T3Y56, B0GSQ6JLGZ, B0GSQ244D4, B0GSQ38MMW, B0GSVL51YM, B0GSQ4YL47, B0GKZSKB1N, B0GL11LCK3, B0GSQ244DB, B0GSYRZLVB, B0GKZZP8P8, B0GSVX6JBF, B0GSYPFCYC, B0GSQBRQLB, B0GSQH2SLV, B0GSVKB456, B0GL17KY3D, B0GJLD9L8K, B0GSVNL7QC, B0GSQGG2KK, B0GKZSZKVL, B0GSVKHM2G, B0GSVMWK36, B0GSVW7DHN, B0GSQ7G91L, B0GJL3LLW4, B0GT3QXV4W, B0GT43Z63B, B0GT3XLJXJ, B0GL1TDT6H, B0GSVVCRCH, B0GT3BPKLN, B0GKZQB8NY, B0GL1BBX4N, B0GL1H557N, B0GL11H2VX, B0GSYLWZFB, B0GL13J2Z8, B0GSQ6CF1X, B0GJLB98H9, B0GSQ5RP59, B0GSQ6CF1T, B0GSQCJRFR, B0GSQ2D786, B0GKZNGCH6, B0GSQ2D77W, B0GKZWMZ2G, B0GSVWMQB9, B0GSQC3G68, B0GKZM856H, B0GSVWMQBQ, B0GSPWV1YQ, B0GSYQ73LJ, B0GL17BTC6, B0GL159BV4, B0GJLGF73G, B0GSPWV1YZ, B0GKG6369L, B0GKZNN12C, B0GSQ8HYR9, B0GSVT9TZT, B0GSQD37ZF, B0GSVHV7RR, B0GSVSSKWT, B0GSYT67CY, B0GL1NJVP4, B0GT31STN2, B0GSVSSKWS, B0GSYG58JZ, B0GT3Q8ZZQ, B0GL17Q23K, B0GL2146ZM, B0GL1WZTLG, B0GL1SGRBS, B0GSQGW9KP, B0GSQ6C6VB, B0GSVS7Q7C, B0GKFSWKPJ, B0GSYHPNHN, B0GL1PJ56G, B0GSQ6BMF7, B0GSVGZB6V, B0GSVTQ324, B0GT3GYD68, B0GSVPBKS6, B0GSYGLQ2P, B0GKZWL6D6, B0GMMD27HR, B0GSVPQT7F, B0GSVSY9XK, B0GJLD14VF, B0GKZT8R84, B0GSQ8BV33, B0GSVRG19X, B0GSPWM3NS, B0GL13YXZH, B0GKZTDTY5, B0GSPZQFSL, B0GT45G6ZR, B0GKZCW1RY, B0GKZX9S8G, B0GSQ8QFHN, B0GSPWN4MH, B0GKFXZJXQ, B0GJL9TJX4, B0GSQ6ZYGW, B0GKZSRJW5, B0GSQ3YQPQ, B0GMMP8F8X, B0GT3VP9P4, B0GKZN1Q32, B0GJLLNQZT, B0GL1LKLMG, B0GSYK2MGX, B0GSQ5Z17F, B0GSVVRDMS, B0GJL6LSX5, B0GSVVRDMQ, B0GSYD6NCB, B0GL1CLPK4, B0GSQH4WWX, B0GSQ3S4K8, B0GSVZY73R, B0GSQCCBW3, B0GSQ2CXFG, B0GKZNNM3Y, B0GSVR3LJW, B0GSQ8JNJK, B0GT3GLHD4, B0GMN3T98B, B0GSVMYJC7, B0GSYS5GF1, B0GSPZQX3J, B0GSVW1MD4, B0GSPWKQN8, B0GSVMB8LJ, B0GSPWZWM8, B0GSVQ2ZGT, B0GSVNT94F, B0GT3QNB2J, B0GSQ3VJNC, B0GSZ6CQ6V, B0GL23VHYG, B0GSPWSM37, B0GT35CLD8, B0GSPWZYW2, B0GSVMKJ3P, B0GKZSRLWV, B0GT3WVGX7, B0GL1DBDWK, B0GT2Y9ZJH, B0GSQ2ZD8W, B0GL1RNCGP, B0GSVRW3SN, B0GT3B3WSR, B0GSQH7L8Z, B0GSPX3N8X, B0GL1WTK32, B0GKZSNV5F, B0GSVTN46H, B0GSPWTMPZ, B0GSYK2FVX, B0GSYDF9DN, B0GJLHDGQQ, B0GL245R2B, B0GSQ6PVFV, B0GSVLWHFW, B0GSQCNBRS, B0GSPZ2Z8R, B0GSPZ45JK, B0GSVNRNFW, B0GJLGFL4L, B0GSPYZDSL, B0GL214F2G, B0GSQC5FCM, B0GL158LSQ, B0GL158LT1, B0GKFJR145, B0GSPX38KV, B0GSVS76ZD, B0GSQ9747V, B0GSQ7P8N6, B0GSVNDGCG, B0GSVPXJ4B, B0GSQFBGJJ, B0GL228GKJ, B0GSQFK94M, B0GSVZJBMG, B0GSVKCLST, B0GSQ71C2V, B0GT3X1VSJ, B0GKZP7TW9, B0GSQJDF4K, B0GSPX5V62, B0GSQ36V7C, B0GKZTZ5CM, B0GSVVND2C, B0GSYPRJTB, B0GSQJDF4W, B0GKZWVMJT, B0GKZWYF46, B0GL1ZJNHQ, B0GMMNR92S, B0GJL386RJ, B0GL1RT3RJ, B0GKZNTTW5, B0GL174Q4V, B0GSPX5V5Z, B0GL1R4D2D, B0GL1HF89W, B0GSQ5NT7Y, B0GSQ6HW48, B0GT32KBYV, B0GL2288KR, B0GKZNBPGM, B0GSVVJ9GK, B0GKFPF1ZN, B0GT2W5W8N, B0GSPWR23D, B0GL177G67, B0GSVMXTQM, B0GJLGSR3W, B0GL13917F, B0GT312DD4, B0GSQ62W4F, B0GSQ65M7T, B0GSQ8ZYHJ, B0GJL9VTNK, B0GL1K4YYY, B0GKZJNTTX, B0GSQ62W4M, B0GJLHZ6LL, B0GSQ2SQPX, B0GT2WJZGV, B0GSQ2GRVX, B0GSQ2GPRD, B0GSQ4ZLBQ, B0GSQBCFQ4, B0GKZXJ9PB, B0GJLLM13Q, B0GSYFQKH1, B0GSVRD3C6, B0GKZ4ZC69, B0GSQ71C73, B0GJL9NPYQ, B0GL1197S5, B0GSPX4YCY, B0GMMN9T5Q, B0GSPZRJ3K, B0GJL9NPYL, B0GMMN9T5R, B0GSPWQ7G7, B0GJL9TXVW, B0GSVMJ426, B0GKZJQ1KY, B0GL21NR4N, B0GKZZYPXF, B0GL1RJ2GJ, B0GSQ9H2YB, B0GT3L3HC7, B0GSYFZN1D, B0GSQ66ZSW, B0GSVMY1LT, B0GSQ87JW3, B0GSQ61R2B, B0GL1HGY8Z, B0GKZJQ1KW, B0GJLB3N7F, B0GSVPD9H9, B0GT2V5H46, B0GKZNYM8J, B0GSYJCWYK, B0GMMBXQ78, B0GKZJ6LPD, B0GT2W684C, B0GT3C6NWL, B0GSQ6VZ3K, B0GSVKX1ZD, B0GL1ZD816, B0GSVPXM2C, B0GSVPSTP7, B0GSQ2T4PZ, B0GSQ7HPML, B0GSVMQVNS, B0GSQ71C7T, B0GSVVRZT5, B0GMMJ652L, B0GL1XHRTP, B0GSQDDXVP, B0GL17FG38, B0GSQ2GM7N, B0GSVQZ6VS, B0GSQF556F, B0GJL37BT8, B0GSPZ6CNR, B0GSQ2W46C, B0GSPWYP2F, B0GSYD5P94, B0GSQ91KDJ, B0GT34PHF4, B0GSVML3WL, B0GJLKYDP3, B0GJL9WFVN, B0GSPZ7K8K, B0GSYP44K8, B0GSYD3L88, B0GSQC6QJS, B0GSPZLY5N, B0GSPZD5G5, B0GSQCK562, B0GMNBN16V, B0GSQCLWVS, B0GT33QQQ7, B0GL1LG563, B0GSQCQN3M, B0GSQ5YHWL, B0GSVTQD79, B0GSVPLQS2, B0GSYJD4LP, B0GKZXFWL5, B0GSVTQD7G, B0GKZS7YRV, B0GL171KXX, B0GKZLF28T, B0GSVLVLCM, B0GMMD9YBT, B0GJL3MBX8, B0GL23MQ4X, B0GT3VQZ77, B0GSPWQ4WV, B0GL1614KC, B0GSQG842J, B0GSVVH9KN, B0GSVV42YG, B0GL217LD1, B0GSQ5SCBM, B0GKFZJS4Y, B0GSYPFCVM, B0GSQD8X43, B0GL11PBVV, B0GSVMQP7K, B0GJLDLQ36, B0GSQ8CP8K, B0GSYJZTH6, B0GSYSN71P, B0GL21V58T, B0GL1DTSP1, B0GT33TTJB, B0GSYN1JXZ, B0GSYXF88N, B0GSPZD5KY, B0GSQ2DJ4H, B0GSYBXYWZ, B0GMNDPHKZ, B0GT2WCSM6, B0GKZNC1JY, B0GSYJZMYM, B0GSVLLSMT, B0GKFKLFCB, B0GSPX7NZB, B0GT2WQZMZ, B0GSYFB6DJ, B0GKZXP8VH, B0GT2WQZMV, B0GSVGTXN4, B0GSVTKFS8, B0GJLGNCZ1, B0GT3MB15P, B0GKZSLJ2X, B0GSYFZDWC, B0GSPWQ4VZ, B0GSVG56FS, B0GT3DCB36, B0GSYKWSP7, B0GKZJYQ9V, B0GL1HPCKT, B0GL1T8ZKM, B0GL1SR9YM, B0GJL9ZVJJ, B0GSQF8FVN, B0GKZXK8X6, B0GSPZJY5W, B0GSYV1MDY, B0GSQDGFB2, B0GSVSX25C, B0GSVQNF1C, B0GL1112V5, B0GSVMP69V, B0GSQGPBM9, B0GSYVKJS1, B0GSYKYXTR, B0GSVPVBNF, B0GL1S15Q9, B0GL1T24R3, B0GL1BK58W, B0GKZSJLJP, B0GSVXDKYK, B0GSQ6QGGB, B0GSVKWR2H, B0GSQ2MC99, B0GSQ1QQDP, B0GSQHRV15, B0GSYG4ZS6, B0GSVPX1DW, B0GSVS1GSQ, B0GKFPKMNV, B0GSYW68RH, B0GT45HZVL, B0GSYGP47D, B0GJLGLS98, B0GKZGQWZ3, B0GT2Z8J5W, B0GKZXP192, B0GSQ71K1B, B0GSQ1V28Y, B0GSQGVWCP, B0GSQ8FVPQ, B0GSVHWDJ8, B0GMN1J23N, B0GSVJ2ZNM, B0GKZXN3C3, B0GSYJRXBL, B0GKZZVLDG, B0GSVQMHZQ, B0GSQ3TF1V, B0GSVTKMTR, B0GKFT25ZF, B0GSQC4X5H, B0GSVST8K8, B0GKZF12JZ, B0GL1596Y6, B0GSW171K6, B0GSVRJ2ZG, B0GKFKX7DZ, B0GL11JFVT, B0GSVV1357, B0GT38SF4V, B0GT3KGVLB, B0GL116K49, B0GSQ28B36, B0GKZJL7QR, B0GL1T11L1, B0GSQ2QG2F, B0GSPXXQ26, B0GJLK6FLZ, B0GSYT1BK8, B0GSVQG2BS, B0GSQD7THL, B0GSQ6L5XF, B0GJLH4JN7, B0GSVGLFGC, B0GSVVKH88, B0GKZZVJFW, B0GKZWYJQM, B0GL1QFL3D, B0GSVX796W, B0GL23CHYC, B0GSQCSG83, B0GKZJJT79, B0GSVX796K, B0GKZXCZ56, B0GSQ3XKS7, B0GSVGLFFL, B0GL1724VC, B0GSQ323JK, B0GSVY753S, B0GL26L4BY, B0GSVN6H49, B0GL18W711, B0GSPWVJM8, B0GMM86W41, B0GSVX1JL1, B0GSYWQPM3, B0GKG1W4VS, B0GSQ67796, B0GT37FZVL, B0GKZSZFJY, B0GSQ2P2JQ, B0GSVWBL8Z, B0GL19NRCX, B0GSVW1JKS, B0GSPWV7DS, B0GSVY7TRQ, B0GSPZ693W, B0GSVK4P16, B0GSQ6YG6C, B0GSQ8N22K, B0GT34HBSW, B0GL1MGRMM, B0GSVLS6G9, B0GL1TK5BK, B0GKZZDRJ2, B0GJLD93F3, B0GSVNMFN4, B0GL1WG2BW, B0GL2278ZD, B0GSQC2FVN, B0GSYLM281, B0GT3NV4KB, B0GJLF12D6, B0GSQD87J3, B0GSQ2VSXD, B0GSQGFD3H, B0GT395QLG, B0GT2YBFDY, B0GSVGSQTZ, B0GSQJLW6G, B0GKZXJLZG, B0GSYKHTW7, B0GT3R1856, B0GKFR5W4F, B0GKFPDR69, B0GT3KFSN1, B0GMNCY674, B0GMNCY672, B0GSYD5GVC, B0GL15Z9DG, B0GSW1X5FK, B0GSQC6FFJ, B0GKZNWTF5, B0GL187X68, B0GL1FTLV3, B0GSPWLBNY, B0GSVLRDS3, B0GSVVF65S, B0GSVXDL25, B0GSQ2LZ12, B0GKZJN62V, B0GT4283SC, B0GSQ35VR8, B0GSQ8GNRT, B0GJLKFR2H, B0GL1W748X, B0GT387BC4, B0GSPZ1BHT, B0GSVMPYZK, B0GKFSLFS7, B0GSQ8LV2G, B0GSQ8LQJB, B0GSYFBF81, B0GSVRD3DR, B0GMMTJVVP, B0GKZZSC4K, B0GSQ98DPT, B0GSQ75F67, B0GSPWM97L, B0GSYFXW7D, B0GSYD5GZB, B0GSVX7PCF, B0GKZT3THJ, B0GT35VPVC, B0GSYJSW44, B0GT4N3J7C, B0GKZNMBB9, B0GSQ3L9J9, B0GSVW4WNQ, B0GKZSKMNW, B0GSQJGXL4, B0GKZP42PB, B0GSQ9KYFS, B0GSQ3L9JJ, B0GSZ3ZS26, B0GSVPF184, B0GT3FZXS7, B0GSY9R9Z3, B0GSQ91K8K, B0GSVSBSTX, B0GSVKHJ3H, B0GT3KNYFQ, B0GSVM3V1R, B0GL1M4WFB, B0GSVS8F86, B0GSVPTBNS, B0GL1QQBYR, B0GSQ29MLD, B0GSVV6NYP, B0GT355HFJ, B0GKZSBQPH, B0GL23HDYG, B0GSPX61TV, B0GSYG28M1, B0GSQJNW2R, B0GSQCQV18, B0GSYN5NFS, B0GSQC21CC, B0GKZNTQGL, B0GSYD3LCP, B0GSQCKN2Y, B0GKZWPLHK, B0GSVSSNW9, B0GSPZ2W21, B0GSQCKR9R, B0GSQG9LSM, B0GSVYC9QB, B0GL11D75Z, B0GSVNRG97, B0GSVMG7XN, B0GL11KRWG, B0GT3NZ6KH, B0GJLCT7SC, B0GKZDNJGG, B0GL1VLS91, B0GSQ5YM55, B0GL1S6FW7, B0GSVQZLVP, B0GKZXJFRL, B0GSQC49L9, B0GL11NRNZ, B0GL1796Q1, B0GKZP58DP, B0GMMYXZQR, B0GSYQSWNH, B0GT3PCS4G, B0GSPZHKQG, B0GMN7KVC1, B0GL16Z4FS, B0GL11HWJT, B0GSY9SJKC, B0GSQ8B8PQ, B0GL11SFHV, B0GSVNNXXZ, B0GSQ2TQQC, B0GSQFSW7S, B0GSY98J9P, B0GSPX4BS3, B0GL11H7LK, B0GKZN5T22, B0GSYV5PQ5, B0GSQ34RV1, B0GL16X8V9, B0GSYTHFYV, B0GJLGZPZM, B0GSVK5JYZ, B0GMMSW2KY, B0GKG4614Y, B0GSVRBCB3, B0GT2V2Q3F, B0GJLF2NDC, B0GKZF4T4G, B0GSQ38TLN, B0GT35Z13X, B0GMNCVMCF, B0GSQD5N3S, B0GT3QB8DG, B0GSVVK38G, B0GSQ2R8D8, B0GSQ5TVJR, B0GT3KFPRM, B0GT34NC79, B0GL1WPB1F, B0GT46X547, B0GT3JHK8C, B0GJL9SB4H, B0GSYJMQS7, B0GL1GTWHR, B0GL1DVRND, B0GSQ6N2Z3, B0GKZTG2RB, B0GKFKPSDG, B0GKZJSZQJ, B0GT3D71B4, B0GSPWL1CS, B0GSPWPYFG, B0GKZXM9CL, B0GKZTG2R7, B0GSQ5X29L, B0GL1NSM1P, B0GL163HDG, B0GSQ5XBZJ, B0GSVSP7K2, B0GSQ5XBZM, B0GSVRBRF2, B0GT385HZQ, B0GT3NN53C, B0GKZSH9XC, B0GSYZNR5Y, B0GKZPHJLV, B0GT3GNRGJ, B0GKGCSLPV, B0GJL42MXP, B0GSVQV4J6, B0GKZX7WBK, B0GKZWZXYG, B0GL169ZXJ, B0GJLF257S, B0GL1WPQ2K, B0GMNBJB3K, B0GSPWTTVV, B0GKFVC9DT, B0GSYPBZH2, B0GL13C9KN, B0GL11TTFN, B0GSQ1HXZM, B0GSQP9L7M, B0GT3VPYS7, B0GSPWQR8J, B0GT3QD8BM, B0GSVQV4LK, B0GT32Z6QX, B0GSQCL32C, B0GT37GBSW, B0GKZT9C9Y, B0GSVQCFHM, B0GSQ355TD, B0GKZMCTBT, B0GSQ2K1G3, B0GJLKZ3NK, B0GSVGWBQR, B0GSVN6NRF, B0GT3BNR1P, B0GSY9X46X, B0GSYNJ2XN, B0GSQBG6DH, B0GSQ355SR, B0GSVJSTK7, B0GSQ5TVN6, B0GSYP4HM4, B0GSVQHC1G, B0GKZXLXGY, B0GKZNWPCH, B0GSVQVJ69, B0GSVS8Q8S, B0GSYD44CN, B0GL11X1XM, B0GJLDDZY4, B0GKFP5KDF, B0GSVQMDYJ, B0GSYK21C3, B0GSPWL7HZ, B0GT31ZLBV, B0GKFW56KB, B0GKZDPNTW, B0GSVN1J8K, B0GKZP2FQ1, B0GSVMQHDB, B0GSPWQG9Z, B0GMMY2QYM, B0GT3FFYDR, B0GSQCDFMP, B0GSVQ9MDV, B0GSYN528S, B0GT3PJ82W, B0GL157XWG, B0GKZJGQN1, B0GSQ2ZHTN, B0GL13MJ4G, B0GSVTJ1GC, B0GKZ5BD4S, B0GL16Z71Y, B0GSVLCTML, B0GSPXFKCS, B0GMNL8HQY, B0GSVN1J74, B0GT358GLW, B0GL18Q8XG, B0GSQ6GL9H, B0GSYKFWP4, B0GSVNSRX8, B0GJLG5YM4, B0GT2WGKJJ, B0GL12VZVW, B0GL1PXT5V, B0GMMTVMR2, B0GKZJFTTL, B0GSPZ5GVW, B0GJL9WTT6, B0GSY2R617, B0GSQ62QCJ, B0GSQCRR7Z, B0GSQ3DK59, B0GJL3PV5C, B0GSQ6FDNX, B0GT33R5QJ, B0GSPWPTZ9, B0GSQ2WF65, B0GSQDF7JY, B0GSVK55SP, B0GSVRCQ8R, B0GSVMJB6J, B0GSVMWTNC, B0GL1GK4XW, B0GL1613HC, B0GSVHJZQ1, B0GSVJ1KGV, B0GSQ47SR6, B0GSYP3TMH, B0GL1BDVB3, B0GKFWG346, B0GL1G8YYX, B0GSPWL7N7, B0GKZTZ6C1, B0GSQ6KL1F, B0GSVMGXJ8, B0GSYPBZM5, B0GL18V9P2, B0GMNFRGHP, B0GT33HGSZ, B0GL1LM7K1, B0GSQ96LYN, B0GSQ3J36W, B0GKZNQJRF, B0GSQCYCC7, B0GSVK55RV, B0GL1BHMC5, B0GT3LQ82L, B0GT3J1XJK, B0GSPX5XTS, B0GSPX5XTZ, B0GSVQL7FR, B0GSVR9ZGR]",amzn1.campaign.340IGC07G36B7,InkRain Pillow Covers Sofa of 2 Decor Set 28x28 Inch Cotton Linen-1,InkRain,2026-09-03,2027-09-03,20.00%,5000.0,5000.0,125,800,false
"[B0H98T1FFY, B0GTVN5G74, B0GTVCQW13, B0GTVH61CT, B0GTVM4LGR, B0H98SYXH7, B0H98SM4CR, B0H98TT3QW, B0H98WWM9S, B0H98GDL5F, B0H98RR8YZ, B0GTV9SRS1, B0H98QKFFN, B0GTVL5GGV, B0GTVKWBHD, B0GTVRGFW6, B0GTVH57WV, B0H98GLWTC]",amzn1.campaign.77Z7V2GIGR1B,Earn high commissions——Experience fashion style with Hathne!0028,hathne,2026-09-01,2027-03-02,15.99%,5000.0,5000.0,164,800,false
[B0BPD45XG6],amzn1.campaign.2GW7ULZ6ZLGKW,"AOLIBE MLT-D111S Toner Cartridge, 2 Black",AOLIBE,2026-09-03,2026-12-31,10.00%,10000.0,9978.9,127,800,false
"[B0GYDYH79G, B0GYF82F7X]",amzn1.campaign.CIQ1JTSUQKXO,FlyMeaning Collaboration: 4pack 16colors highlighter (10% Commission),FlyMeaning,2026-09-03,2026-10-03,10.00%,10000.0,9997.15,127,800,false
[B0GFD39K5K],amzn1.campaign.3OSQBFN9B5B86,Promote the WolfPawn Aluminum Alloy Red Door Hinge Jig,WolfPawn,2026-09-03,2027-09-03,10.00%,5000.0,5000.0,138,800,false
"[B0B4S9LG4H, B0CMWQG6ZN, B0BXL5J8V9, B0B24L214D, B0B3XGHXFS, B09SKS9DL5, B091YJKL38, B0BLGSWW2K, B0C2BVPNJ5, B0CHJBBYM4, B09W4CB9PC, B0BN34ZRJG, B0BW954853, B0F43JJZCN, B0D8T46WRR, B0CHJB8C6K, B0CMXGN4NW, B091JYYBBR, B0B55Y7KD9, B0D8SRWT1N, B0B2R4RRKJ, B0CMWRQGXF, B09VWR3WVB, B0F6MMX6ZV, B0CMWPMSFH, B0D8SSVSV8, B0BZTQVKC2, B0C3VLJH54, B09BKWV9NC, B0BLGGR5X3, B0CHJ81X6J, B0BW95B8G5]",amzn1.campaign.3TO8K3PJHDR19,10.2% commission,BIKCZEWIN,2026-09-03,2026-10-03,10.20%,5000.0,5000.0,144,800,false
"[B0GKLZBL7K, B0GKM4TP3C, B0GKM5MW92, B0GKLYRW9Y, B0GKLS1SCJ, B0GKM8MSKK, B0GKM1LVHS, B0GKMY1FLY, B0GKM7D8CL]",amzn1.campaign.3AR10VH3TET4I,Vintage Dragonfly Metal Tin Sign Whisper Words of Wisdom Dragonfly Wall Decor,PlikPlakey,2026-09-03,2026-11-17,10.00%,5000.0,5000.0,134,800,false
[B0GXFFJYYN],amzn1.campaign.H3B61SB40DIN,B0GXFFJYYN,EO Living,2026-09-03,2026-12-31,10.00%,5000.0,4991.88,119,800,false
"[B0GQS3N6FG, B0GQS2GRTS, B0GQS5FS87, B0GQSJYD6L, B0GQRSTN49]",amzn1.campaign.16RAJA6C7DF8H,红色破洞牛仔裤+9.2,Arkordi,2026-09-03,2027-01-12,15.00%,5000.0,5000.0,162,800,false
"[B0FNTDXPQQ, B0HCP84TJF]",amzn1.campaign.3G0NZF8KX1UCB,49-inch 120Hz Dual-QHD Curved Monitor: Historic Lowest Price+ 10% Commission,Deco Gear,2026-09-05,2026-10-05,10.00%,5000.0,5000.0,126,800,false
[B0H7R8RBQD],amzn1.campaign.2NUZX88A2V50I,WH11X29539 Washer Drain Pump Replacement 13% commission,Emnrod,2026-09-03,2027-04-30,13.00%,5000.0,5000.0,134,800,false
"[B0FKTJCKK5, B0FMP5SLXG, B0FLJT2V42, B0FN82KSMT, B0FNC12V79, B0FMP5YLG9, B0FWKMPXZQ, B0FF9MTJ6C, B0FNBN6JM7, B0FH6DQY54, B0FH9LL245, B0FLJNH2QZ, B0FJFLXFCD, B0FLJTG78F, B0FDQXH333, B0FH6C5NPB, B0FSWDR13R, B0FH4LYGM4, B0FN82HTWQ, B0FPFK55TC, B0FN7YN7PN, B0FQJCSM62, B0FMP6927H, B0FDQYMQBS, B0FZG2KRJ4, B0FKN57GTF, B0FKN1S84D, B0FH9JDXQP, B0H9XLBGRH, B0FNBZZJWY, B0FJFNWCHX, B0FMP3JLLH, B0FF9B7XW4, B0FH6F6VK9, B0FMP4LB5K, B0FJFPBG86, B0FPR5NW3V, B0FRR5BRLH, B0FZG3V76T, B0FH6CYT2V, B0FZG1VL8X, B0FNC7MRX9, B0FMP5151J, B0FKN5TJBM, B0FH9J8HVL, B0FF9B8YVY, B0FLJPDSDH, B0H9XKLWQS, B0FLJRSHQ4, B0FT16LT27, B0FZFYHS8L, B0FDQYNCF5, B0FSWZ5WR4, B0FLJT5KX6, B0FMP4XZBH, B0FZG17H1N, B0FMP6L3D6, B0FN7XZ6JS, B0FH9VBL62, B0H9XF6YDF, B0FPFG6266, B0FNBQYJMH, B0FWKG7HFS, B0FWKFHVKC, B0FNBRJV62, B0FDQZ9Z1F, B0FF8ZBZ7R, B0FMP5JWLM, B0FNBXVV45, B0FSVTRW95, B0FL1Z1D8N, B0FNBSVF82, B0FRQ7B2N5, B0FMP3YD2C, B0FZFZGVD5, B0FKN5Y9PF, B0FWK85M2G, B0FJ5QBHFT, B0FN81TZ76, B0FZG4TPXN, B0FRPP9T1J, B0FZG3W3RX, B0FQTPMW1X, B0FF96ZZZX, B0FF998N6H, B0FMP5SHSZ, B0FS7JP9SL, B0FJ5QRX62, B0FMP5GW74, B0FKMQD45W, B0H9X1M36N, B0H8YCYL38, B0FPFDL5PC, B0FS7HJDFY, B0H9X8M42N, B0FKN23RG4, B0FH9M9H9Y, B0FJ5SN4QC, B0FDQWZPQ2, B0FKTK9PZ2, B0FH9LTHFH, B0FDQYV9VK, B0FJ5N92JX, B0FKN3Y177, B0FNBYS5B6, B0FH9QMJQD, B0FPFFVCVB, B0FRQPT8J5, B0H9X9WLG7, B0FRQNMYXZ, B0FN7YSBYK, B0FDQWZPPY, B0FPFD8DJ7, B0FH6BXNK4, B0FH9MLBVB, B0FSVQW2ZP, B0FKN5F8ST, B0FNC2LG9P, B0FH6DRHZJ, B0FNBFYXDQ, B0FWKKDLVG, B0FMP5PQ28, B0FJFJP7MR, B0FQJDCWGB, B0FNBWD4WR, B0FNBGJRJ8, B0FH9M8G5J, B0FLJR4JVL, B0H9XCZZ3D, B0FS7JM56S, B0FWK786DN, B0FLJPCCRW, B0FQJHL3YH, B0FLJSWK3Z, B0G631YYRW, B0FNC7FYD9, B0FPFGT3LT, B0FSVTX6BT, B0FL21N3KJ, B0FF93NDTF, B0FNBZY8LG, B0FR1M3YHG, B0FJ5Q7Z77, B0FDQXK7J1, B0FF8ZPH5Z, B0FSWD87RV, B0FN81QF2W, B0FLJQJM94, B0FRQGQ8F2, B0H9XCMJWV, B0FH4LX9NY, B0FQJ8KXNH, B0FLJQCHDN, B0FMP7KTP1, B0FRQXBWL9, B0FLJQCHDG, B0FPFHP1WV, B0FJFGR8ZL, B0FH9LTJFK, B0FJFGR8ZK, B0FN7ZL263, B0FH6D3643, B0FWK7MJP1, B0FPR56PWC, B0FN7YHGGR, B0FWKNDBKR, B0FDR18B5F, B0H9XH2G5G, B0FZFZVC8G, B0FSX1TH3F, B0FSWQBP53, B0H9X7GR1N, B0FR1JQXK4, B0FN7ZH4MD, B0FKN4Y7QT, B0FWK7G3NX, B0FKN24G45, B0FDQZ1233, B0H9XFNPLZ, B0FL21SC5Y, B0FPR3Z63N, B0FH9HZDYK, B0FN7Z7WC7, B0FSDMKLKS, B0H9XHP2T9, B0FZG4TZ3C, B0FWKKLTJF, B0FN84C187, B0FWK5T7H4, B0FRQR2DGJ, B0FH9LXPBZ, B0FZG26249, B0FRQQ1MW1, B0FPR6LK25, B0FF93QZT1, B0FRQFL84L, B0FPR6P12B, B0H8Y6V47M, B0FH9MD8SG, B0FRQPH9FF, B0FF8X79W6, B0FH6CJY54, B0FKN4J67Y, B0FDQXF51T, B0FZG511N8, B0FLJT4FTF, B0FKN48SHH, B0G6356P5X, B0FZG1BH97, B0FZG2B2RP, B0FN812GMK, B0FKN5X2KC, B0FJFK6T71, B0FH6D2LFZ, B0FJFJVLDF, B0FMP5DL47, B0FMP4Z1ZL, B0FMP4Z1ZN, B0FH9L59X7, B0FH6DNTDW, B0H9XF2V5V, B0FH9ML6QZ, B0FWK9C2NP, B0FJ56WQXP, B0FXG4BBDF, B0FKN1PTBQ, B0FH9L59XB, B0FH9ML6R1, B0FJ5NSCSV, B0H9XB6F9Y, B0FDQYQW4W, B0FRQPB7T6, B0FJFHZJCP, B0FDQX9XY5, B0FKMQBSPS, B0FQJBZFBP, B0FMP56WTK, B0FKMXX8VX, B0FZG23HP5, B0FNC2P6SL, B0FZFY6PWQ, B0FKN5FX9H, B0FT12ZXLN, B0H8Y1NGDT, B0FKN4M49J, B0FJ5QB683, B0FJ5QB684, B0FLJPLMVR, B0FKN1YJ33, B0FSVSPK4K, B0FKN4M49Q, B0H9XD8CWC, B0FH9MRR52, B0FNC4PRV9, B0H8Y7GGRR, B0FMP5336Z, B0H9XD69FQ, B0H9XFNDBB, B0FNC12JS3, B0FF9DTTR7, B0FH9S7YQQ, B0H9XGXZTY, B0FXFSW6QN, B0FF99J6BM, B0FNBT4G2Z, B0FJFKFFFQ, B0FKN4L166, B0H9XJ8V7T, B0FWK942YY, B0FZG6SQ64, B0FWKJJ7MB, B0FN814N18, B0FLJQR1T3, B0FRR2NXQW, B0FDQY4ZQR, B0FWK5JVQN, B0FMP5CZ48, B0FF9CKRBS, B0FMP5CZ49, B0FMP7VB3H, B0FRQXDQC2, B0FDQZN3ZV, B0FRQXD3H7, B0FDR12LT7, B0FS7K5BGW, B0FZG4FYDH, B0FMP45PH8, B0FMP5KNH4, B0FKMYVYFQ, B0FWK7LVMB, B0FH9J9S1Q, B0FSWP7FMK, B0FF96M4H4, B0FH9J9S1R, B0FH9LS6TT, B0FZG4FYDS, B0FQJ61YH6, B0FF9C9TB3, B0FMP4H1S8, B0FMP5SR6H, B0FMP4WX3V, B0FNBPYRH3, B0FDQZYQS8, B0FJLWYV28, B0FNBSTH23, B0FMP4JC13, B0FJ5Q1ZMD, B0FLJPXHDN, B0FLJRK5N7, B0FH9SJ6WZ, B0FDQXQGKD, B0FF8YN211, B0H9XKXVZ5, B0FNBS2BKL, B0H9XKXVZ8, B0FH9SJ6X2, B0FN7Z3T13, B0FJFLLD1M, B0FMP4GWC7, B0FKN264SS, B0FSDSR5FM, B0FH6D64T7, B0FLJQY6BK, B0FS7JYKM8, B0FLJT9SH8, B0FMP5W7XM, B0FMP7J1YV, B0H8Y5KZFC, B0G62LKPSB, B0FL2367SJ, B0FSWDC4YF, B0FKN79L93, B0H9X9SVWP, B0FZFYTVFX, B0FNBNDM74, B0FJFPFSP6, B0FPR45JWG, B0FMP4FKNS, B0FL21592S, B0FRPBLJW8, B0FRPBLJW5, B0FJFMNY85, B0FDQY978P, B0FLJQYMQL, B0FWKJ8W9Y, B0FH9TD9VN, B0FPFFFGHD, B0FH4L9Z8D, B0FH6B1RFH, B0H9X69VSJ, B0FWKBMVX6, B0FRQ88M8X, B0FMP4ZL6W, B0FS7KMYRK, B0FMP46HYN, B0FH6BKG3K, B0FMP61SGC, B0FNBWWQGZ, B0FMP61SGF, B0FKN56JWH, B0FWK8SWKV, B0FF9CMQW6, B0FKN44Z67, B0FN7ZRR5G, B0FMP5XW6S, B0FDR1BQDG, B0FNBND87H, B0FQTP81ZP, B0FNBND87D, B0H9XH8X9Z, B0FKN83TQ3, B0FKN83TQ6, B0FDQXL3NW, B0FJLX1C3Y, B0FDQY3Q7H, B0FS7GL6NR, B0FF9BSLW4, B0FT17GQDT, B0FDQZCT1S, B0FZG1SKXB, B0FF99KDCN, B0FZG22W4B, B0FJFKMNZT, B0FQTWM1Y3, B0FKN1YNFN, B0FNC13KZ4, B0FKN5GLFC, B0FZFZM4GK, B0FJFJJCJ5, B0FMP4HR96, B0FLJRM668, B0FSVYMNVQ, B0FL1W9TJB, B0FQJBJLF8, B0FMP49KZB, B0FWK8QQDD, B0FH9KZD3S, B0FJFJXDC9, B0FZG55MDT, B0FNBGGDGW, B0FKN61157, B0FKN2QYW6, B0FF98XTZK, B0FF9CM3Y3, B0FMP5CFV8, B0FKN67TGW, B0FLJQKBQP, B0FNBWXTNT, B0FDQYB6TJ, B0FNC2MZHS, B0H9XM5WRQ, B0FWK5KWR1, B0FSWDZ1XK, B0FF8YDQ4C, B0FN822XDW, B0FH6C6D3S, B0FDQY4BTX, B0FQTPQLGW, B0FDQY6MD9, B0FH6DD3MM, B0FKN39SRW, B0FKN2XC2F, B0FRQXFFTY, B0FSDQ26F5, B0FKN1PJ22, B0FN7ZB1GD, B0FN82DRBF, B0H9XDPWB4, B0FJFKVFJS, B0FNBXTPXD, B0FH6DSWH7, B0FPR691JQ, B0FRQFDDXC, B0FLJQX1BP, B0FNBSSV81, B0FH6CR4BM, B0FWK6SB3Q, B0FF92SFVH, B0FH6D1KVF, B0FZG3565R, B0FF91X6D1, B0FKMQBC4T, B0G8KCSZV3, B0FS7M7T7V, B0H9XG7NBF, B0FMP4XF6L, B0FKN64X5G, B0FVX7JHN7, B0FL22RZZL, B0FH6CQDFQ, B0FL2387F3, B0FH9PXZ3P, B0FH9LTYQH, B0FKN5Q43Z, B0FDQY6SRD, B0FWKGSF93, B0FH9QLTPN, B0H9XCD8BQ, B0FDQYTYBP, B0H9XBPPKP, B0FJ5S4YPS, B0FS7MVR7F, B0H9X9XLM1, B0FDQYTYBQ, B0FMP4Y894, B0FMP4HGHX, B0FMP4V13N, B0FKN55J28, B0FH6CZBHG, B0FMP5HL5G, B0FH9LYC4P, B0FWK3ZD9Z, B0FXG5YY76, B0FZG2XM56, B0FSW2N7G6, B0FPR49BC2, B0FWK62M85, B0FF9CGGL9, B0FJFJZSP7, B0FMP4S6HF, B0FNC7BP6Y, B0FPFG2LYW, B0FH6DZ1ML, B0FLJNQSZ6, B0FWK5PXR6, B0FWKGW7KH, B0FF8ZXY96, B0G8KCM7WP, B0FDQXM6K7, B0FNBP86FJ, B0FNBP79QJ, B0FQTSFYSB, B0FJFJ3XMT, B0FDQYBTJ7, B0FNBYKF4Y, B0FWKKMPLC, B0FJFMS7Z1, B0FH9KQ3CM, B0FJ5PZT6Y, B0FKN2T5PR, B0FNBYSSXC, B0FKN6SHJP, B0FH6DF1HM, B0FKMQD7CS, B0FPFF721G, B0FH6G12T2, B0FDQY47ZK, B0FNC78HD9, B0FWK79QNX, B0FNBQV7SS, B0FRQGPY1Q, B0FMP2L85K, B0FH9M18X4, B0FKTK36RV, B0FMP4GZ3Z, B0FRQF8RGM, B0FLJP4DXF, B0FNBJWHRJ, B0FH9LWS6Z, B0FPR7DVWT, B0FH6CRZS5, B0FZFZGJMJ, B0FZFZYSHZ, B0FDQY8QDC, B0FQTNY3XL, B0FNC1T5SV, B0H9XF5NKB, B0FJ5RTCNG, B0FQJDGFR8, B0FF93V1QB, B0FH9MHK6Z, B0FQTM61Y9, B0FDQYPM33, B0FZFYW3MX, B0FH6DBKJ1, B0FJLWTDTZ, B0FN82NHK4, B0FNC1SVRT, B0FJFJLB2N, B0FPR5KS9V, B0FNBK98VJ, B0FH6FQ25N, B0FWK6DJYW, B0FWKHCPWZ, B0FWKDHDFW, B0H9XM3SXT, B0FMP5D4YY, B0FMP6WKS8, B0FN7YVSTV, B0FDQZWG2R, B0FJFL1NC9, B0FH6DRGTX, B0FSW8XSLM, B0FLJN6G3K, B0FMP3TPY9, B0FSWNG9KH, B0FH4N2RBC, B0FMP3TPY6, B0FH9JKSMT, B0FN7ZQZ3F, B0FJFJD1K7, B0FDR16H1D, B0FKN6DZ36, B0FDQYL5N9, B0FH6CT8MG, B0FN7YVMGD, B0FKTGBMG8, B0FMP4XB5F, B0FLJP1K38, B0FXG6MNP3, B0FH6CT8MH, B0FH6CQ7T3, B0FPFHHBF7, B0FN7XQYJL, B0FPR4LWYW, B0FSWDDBD6, B0FH6DC38M, B0H9XJ6KR7, B0FRPPK7C6, B0FWKBCGTG, B0FH6F61BV, B0FH6FBMZF, B0FT1BSRNQ, B0FMP1RTSP, B0FMP5LXK4, B0FPR7QGY1, B0FMP53SJD, B0FDQYNDBC, B0FL1WCMKC, B0FL213BYW, B0FQJ67Q7P, B0H9XLJ528, B0FMP611RQ, B0FMP5KNZN, B0FDQTQYTC, B0FDQTQYTD, B0FSVTH57W, B0FSVTQNM4, B0FMP5LXK9, B0FH9LMSQX, B0FNC2Q38Y, B0FXG4D545, B0FH9LYCN3, B0FNBYNG41, B0FMP4SGPW, B0FKN23SHH, B0FDQYYPZY, B0FQV4VMNX, B0FDQZMXQS, B0FNBN3YRY, B0FWKMGLWP, B0FLJR7S5C, B0FKN25LTT, B0H9XBGRRX, B0FWK8FHWY, B0FWK791N2, B0FLJPSZHY, B0FDQZ6873, B0FLJR9H9Q, B0FSDQV6D1, B0FWK8FX74, B0H9XK95C4, B0FDQZ686Z, B0FMP3WXB7, B0FKN3TC6H, B0FKN45MK4, B0FKN1H6XF, B0H9XB69XS, B0FDQX7VBQ, B0FPFHB918, B0FKN4KC5M, B0FF91HS97, B0FKN5JPW7, B0FLJSZLNB, B0FDQZV2HW, B0FDQZJQJG, B0FKTJGCVS, B0FQJBRYVG, B0FMP5KYQY, B0FKN233TB, B0FDQY36TJ, B0FF9CKSPH, B0FSVCJ6PM, B0FDQXNCYC, B0FSDQ5J7N, B0FSWLLC4V, B0FSWBW6LW, B0H8XY37VF, B0FMP5S4P9, B0FMP4X2ZW, B0FMP43QDN, B0FDQXH842, B0FL21X5QP, B0FKN56PR9, B0FQJCZ39J, B0GQC4J6W3, B0FPR5RHV7, B0FF91Z9PG, B0FMP3MQ42, B0FDQY91WK, B0FQJD6942, B0FL21ZHQ4, B0FNBY1CX1, B0FKN26Y88, B0FKN3VHYK, B0FDR1LXCR, B0FH9LQNY1, B0FSDPPB4T, B0FJ5NBP84, B0FH6CY159, B0FN7ZFFPV, B0FLJQ9TZ5, B0FNBYF27R, B0FN7YV496, B0FNBW9SWK, B0FH9RB6K2, B0FH9RB6K4, B0FNC9WDCQ, B0FH9L4S66, B0FPR66XJ7, B0FKN3LCMN, B0H9XGNXGH, B0FWK6155X, B0FF971Q4D, B0FMP5M5FB, B0FRQLH3R9, B0FNCF4LRY, B0FLJPBF7Z, B0FMP5M5F9, B0FKN4J36P, B0FNBTK4C3, B0FPFDC8WD, B0FJLVHQ5G, B0FZG327PW, B0FLJQS6K3, B0FF9QTL97, B0FKN4TR4M, B0FDQWBKCL, B0FH9JDQ57, B0FXG7PKP4, B0FL22YRFG, B0FNBWNNQS, B0FNBNPR2N, B0FMP6DWJ8, B0GQCM42HR, B0FRR2JR85, B0FLJQ6MPC, B0FKN68794, B0FKN4VDQY, B0FWK9487R, B0FMP6TT79, B0FNCF3XH5, B0FWKGQHSX, B0FWK9DMRV, B0FKN4TQQH, B0FPFFBXCS, B0FF95HX1M, B0FDQXTJ3B, B0H9XKJ6Z5, B0FJ5MZQK2, B0FJFKC75L, B0FQJD9WGM, B0FWK9FDZY, B0FJ5QJ7V1, B0FZG5PCV7, B0FWK7NWBN, B0H9XLB87Y, B0FH9LXDK3, B0FNBT7R5D, B0FPR6YGDN, B0FJ4QYPKX, B0FMP4TBL8, B0FN826FBW, B0FWKKGLGF, B0FDQZ34PQ, B0FNBWSHYR, B0FLJRMFBV, B0FLJRMFBS, B0FNC27HX5, B0FPFD95QL, B0FKN4JW9L, B0FJ5G1457, B0FDQXBBXX, B0FLJSR5VG, B0FN82KQYQ, B0FNBVKFYN, B0FKN1WV29, B0FH6CG343, B0FQTHW4XN, B0FSVQJD13, B0FF9FG4CH, B0FVXC7TDB, B0FS7KTZWX, B0FLJP3Y5S, B0FDQWVQQF, B0G62DHZJY, B0FPFHBG4R, B0FQJBTVRQ, B0FLJN832S, B0FKN24T9Q, B0FRQXB8Y8, B0FPR79MY4, B0FRQN67M9, B0FF8XQBH8, B0FH9LMGLC, B0FQJCX2DL, B0FNBV872R, B0FKN25B31, B0FMP2QRMT, B0FDQX4WDS, B0FZG1L2VJ, B0FQTW3NWJ, B0FJ5LGGTM, B0FZG29QP7, B0FLJP1TR2, B0FNCB2PGV, B0FSDPTFXW, B0FKN41WSN, B0FWKK24TY, B0FDQWQ9PH, B0FH9QSL7W, B0FKTKFDH4, B0H9XJ75X3, B0FF8ZP58Q, B0FSDRL4SV, B0FH6FXY88, B0FMP4SCTC, B0FDQWQZ39, B0FKN42GMP, B0H9XP1YN9, B0FNC4L4BS, B0FKN4RK79, B0FWKG2ZNN, B0FSX3PHW7, B0FDQYP52P, B0H9XFQ9DM, B0FH6DDTCW, B0H9XF81YV, B0FL21HD33, B0FKN5M7BL, B0G8J5R7P6, B0FH6C4MBF, B0FNBX1735, B0FLJPLHN9, B0FLJRN3GD, B0FMP5CGNW, B0FWK7CZ4B, B0FH9QSRBX, B0FLJQTXZZ, B0FWKKLN8R, B0FJFJY1B7, B0FWK3GJ2V, B0FZG39247, B0FH9M118N, B0FN82B482, B0FH6C4QL1, B0FDQV8PFN, B0H9XH787P, B0H9XHQRXL, B0FH6FRBBF, B0FDQYXT5N, B0FRQTNQ87, B0FJFJ2V7M, B0H9X9RD7B, B0FWK5SQG4, B0FSX1T31G, B0FPR5KVQC, B0FZG2NLJH, B0FH6D7RHY, B0H9X4CH68, B0FJ5QVD3M, B0FNBMYPYF, B0FLJN6HGM, B0FNC4L4BP, B0FJ5PH26L, B0H9X9GJDY, B0FKTJHWGV, B0FPR5TVX8, B0FNBKTGT3, B0H9X87P8C, B0FF9SRLQM, B0FMP5HRXR, B0FN81L2PV, B0FKTGN8JP, B0FF9L19BM, B0FJFJM8NZ, B0FDQWSWCQ, B0FLJP1RQ3, B0FDQYKGDJ, B0FSX24MFJ, B0FMP3KG37, B0FKN699B6, B0FKTFTV2D, B0FF983QWL, B0FDQY4JMX, B0FWK99944, B0FRQG2JBG, B0FN82KBTX, B0FH9JCQ2G, B0FJ5P5TQB, B0FJFJM8P3, B0FN82Q7LZ, B0FLJP818R, B0FH9J1PFY, B0FKN24R2B, B0FPR5WLY9, B0FLJP818K, B0H9XTSF5Z, B0FDQX896N, B0FZG62XJW, B0FH9KY4VY, B0FS7HXY47, B0FJ5Q3BDM, B0FKN4TG36, B0FLJT7TZY, B0FR12QB9D, B0FN826RQN, B0FKTHTDYS, B0FDQY6F9Y, B0FJFGRCC6, B0FJ4ZWZ7B, B0GQC4G722, B0FNBFZ82V, B0FRQLXDRJ, B0H9X9CJL9, B0FWK8DW81, B0FXG48Z8P, B0FZG5D935, B0H9XC1V3W, B0FMP72FN7, B0FH6DHZKY, B0FH6CB6S1, B0FR1HHFNM, B0FPFG5QR8, B0FQTJ2YNN, B0FPFG5QR7, B0FJFK83BJ, B0FZFZFHG1, B0FS7NP873, B0FNBQZJDY, B0FMP5Y8W7, B0FXG4C1HX, B0FDR147ZM, B0FMP73L5C, B0FLJRSP69, B0FJ5Q81S2, B0H8Y45JHG, B0FMP5YH84, B0FPFFLRMY, B0FKN78N2T, B0FSWD6MTM, B0FNBV34B9, B0FMP46W8D, B0FPFGLTT1, B0H9XL9GDJ, B0FNBRJCKG, B0FDQXQK1R, B0FH6C2P69, B0FF9DTSFV, B0FL21ZB18, B0FKN2293Z, B0FS7JFP2P, B0FS7L6SRC, B0FPR6QN62, B0FMP4PZSN, B0FWK7WT5H, B0FRQ63WRJ, B0FDR143TZ, B0FMP5R8LX, B0H9XH1Y2W, B0FH9MF23T, B0FH6CZ6N4, B0FKMQD2P9, B0FMP53N52, B0FDQX1KQ6, B0FS7M2KQF, B0FDQX1KQ5, B0FMP5GN8R, B0FH6DBLCB, B0G8KTXHYH, B0FLJP5LBG, B0FDQXWY66, B0FH6DJBZB, B0FNC7GL4B, B0FH6F5WJB, B0FJ5W1BY9, B0FZG23RNZ, B0FH6C4T9R, B0FLJT1HPY, B0FQJCQTHR, B0H9X5B3L6, B0FWKMCKKX, B0FH6CWG86, B0FJ5PGSCG, B0FWK74SV9, B0FNBWMG69, B0FPR4NSCW, B0FDQX6Y6M, B0FLJNWJPT, B0FN81RR52, B0FS7L94MX, B0FPR7CDVH, B0FKTHY76D, B0FPR56FV9, B0FPR5VS37, B0FH6DV9CV, B0FZG2JFSN, B0FJFJC39G, B0FKTMQC45, B0H9XL8NQW, B0FNBYQBK5, B0FMP4HNW4, B0FMP47V89, B0FSWKMBXY, B0FLJQV6SY, B0FN7XYJJM, B0FNC4QS53, B0FL23CN28, B0FQTRFKRR, B0FNBFZX88, B0GQCHSQHF, B0H9XNRD8Z, B0FWKBFWP6, B0FN7YBMY9, B0FLJQZVHG, B0FL23QTTR, B0FRQJJ4QY, B0FJFJXZJJ, B0FKN57NTH, B0H8YCB99F, B0H9XB4TFM, B0H9X7MMGL, B0FH9LYTVX, B0FLJPLJW4, B0FNC2M2ZQ, B0FF923HWL, B0FMP4HNVY, B0FDQYCPDC, B0FLJP9TC3, B0FVXBQKGD]",amzn1.campaign.1UMAF9XFMTVR0,Top Home Decor | Erosebridal 100K+ Styles | 15% Commission 36,Erosebridal,2026-09-03,2027-09-03,15.00%,10000.0,9978.9,129,800,false
"[B0H98T1FFY, B0GTVN5G74, B0GTVCQW13, B0GTVH61CT, B0GTVM4LGR, B0H98SYXH7, B0H98SM4CR, B0H98TT3QW, B0H98WWM9S, B0H98GDL5F, B0H98RR8YZ, B0GTV9SRS1, B0H98QKFFN, B0GTVL5GGV, B0GTVKWBHD, B0GTVRGFW6, B0GTVH57WV, B0H98GLWTC]",amzn1.campaign.POQRMH6S47WD,Earn high commissions——Experience fashion style with Hathne!0028,hathne,2026-09-01,2027-03-02,15.97%,5000.0,5000.0,162,800,false
"[B0B4S9LG4H, B0CMWQG6ZN, B0BXL5J8V9, B0B24L214D, B0B3XGHXFS, B09SKS9DL5, B091YJKL38, B0BLGSWW2K, B0C2BVPNJ5, B0CHJBBYM4, B09W4CB9PC, B0BN34ZRJG, B0BW954853, B0F43JJZCN, B0D8T46WRR, B0CHJB8C6K, B0CMXGN4NW, B091JYYBBR, B0B55Y7KD9, B0D8SRWT1N, B0B2R4RRKJ, B0CMWRQGXF, B09VWR3WVB, B0F6MMX6ZV, B0CMWPMSFH, B0D8SSVSV8, B0BZTQVKC2, B0C3VLJH54, B09BKWV9NC, B0BLGGR5X3, B0CHJ81X6J, B0BW95B8G5]",amzn1.campaign.16NWUYD3DQMEK,10.19% commission,BIKCZEWIN,2026-09-03,2026-10-03,10.19%,5000.0,4998.24,140,800,false
[B0H8CLFFD5],amzn1.campaign.2RG7WR15NSEUE,10双装筷子,Lazycorner,2026-09-03,2026-10-03,20.00%,5000.0,4802.69,114,800,false
[B0DCF86NGS],amzn1.campaign.FNPG1WVAJDCO,Megneta’s Liposomal NAD+ Supplement+LIQ-A,MEGNETA,2026-09-03,2027-09-03,10.00%,8888.0,8842.98,123,800,false
[B0B28NL477],amzn1.campaign.HZFPVWBBSX6E,Campaign Name: Sanitary Disposal Bags 200pcs | 10% Comm | Feminine Hygiene,GUINIFAO,2026-09-03,2026-12-31,10.00%,5000.0,4997.02,131,800,false
"[B0H832D45P, B0H85YQZXR]",amzn1.campaign.1KPIFL78PQNMW,B0H85YQZXR B0H832D45P Makeup brush cleaner 13%off,Norate,2026-09-03,2026-10-03,13.00%,5000.0,5000.0,127,800,false
"[B0B9W9GFDK, B0BX9V55HB, B0BJ1QWQ1T, B0BBQ46L11]",amzn1.campaign.3TTO879NYZMVL,Keze 114 PCS Faucet Washers Kit  | 1000+ Monthly Sales | 13% Commission,Keze,2026-09-03,2027-06-18,13.00%,5030.0,5023.61,120,800,false
"[B0F61HZGQP, B0FDJZBBP3, B0FB9BXJFK, B0FC2G4X22, B0G3B362ZB, B0DZHC7QHN, B0F61VGWGS, B0FDB6RQ84, B0FB94LZK2, B0FJ5NMS4Q, B0FGHM2KLK, B0FDB89W97, B0F1MCLCMZ, B0F1YSSJ44, B0F1YRWT81, B0FDBBCYJK, B0F88BNZ86, B0FHBFX94Y, B0FB8RJMR1, B0F9WQ5FXH, B0F88BL43F, B0FHBD4G1Z, B0FNW5TW6F, B0F7LNHY9S, B0F1MBJF7F, B0FDK8SCTH, B0FDK2BZTY, B0GN68V98S, B0FB9CRG4D, B0FDK58BP4, B0FKYK2P4K, B0FC2DNNBV, B0FDK9DNYW, B0F1YP2GBV, B0FHBGH3ZY, B0F889NRBG, B0FJ5KPYLS, B0FB9BNKG1, B0FHBDSQKD, B0FB9DZPT6, B0GN6G644B, B0FDB6WG6L, B0F7LM24NT, B0F13K9K8K, B0F1YTJCJR, B0F88DFY8Y, B0F8893T74, B0FNW6N1D8, B0FDK37S1G, B0GN6DVJ4L, B0F889JW12, B0F888QYCR, B0FDJPNJSF, B0FB9BX4WY, B0FDJZS7BM, B0FGHV2LT3, B0FF9F55GD, B0F1YRCV4D, B0FCFZS7ZW, B0FJ5L553D, B0FHBF69T7, B0GHNKNN4N, B0F13LJQ2L, B0FB96JD2V, B0FHBF2694, B0FHBCWHCR, B0FDBB6HKS, B0F13NVC8X, B0GYDXGV8V, B0FF95BRQ5, B0FDJZFM2C, B0FGHFVMMN, B0FHBG45Y2, B0F1YS9PHH, B0FHBCYNJN, B0FDB7YWWL, B0F1MBFJGH, B0F8881C56, B0F1MBLL8Y, B0FJ5PT7KW, B0FJ5MXTNF, B0F13MCPH6, B0F9WMC482, B0F1MBJXXW, B0GYDVWVDM, B0F1MBXBC2, B0FKYK2DY7, B0FGHJ1YC6, B0FCG26XDL, B0FHQF4QSJ, B0FHBDXRCQ, B0FC2FN5DC, B0G3B46FN6, B0FJ5MKHGC, B0FHBD9L2X, B0FHBGQVNM, B0F9WM778Z, B0FDB9KFM4, B0F1MCZDMY, B0FDKC2ZZV, B0F1MB8PGD, B0F88CMPD2, B0F7LLRDVD, B0F1YV7X9M, B0F88BT31D, B0FB8N8X42, B0GYDXJCSD, B0F88BPFC4, B0FCG29ZZG, B0FHBD444N, B0F88DS6D8, B0FJ5KZW1F, B0FDJLPVJ5, B0F88B59F3, B0FGHLJSX3, B0FJ5LJGFL, B0F1YRC7QP, B0DZH5KBWP, B0G39YZL1K, B0FC2D9ST1, B0FB9DP63X, B0FKYK7NJF, B0FC2D9SSZ, B0FB89GR27, B0FGHM22BK, B0F889XBMP, B0F1YQQC9Y, B0FB99VV2J, B0FDZW9YZC, B0FKYJV2R6, B0FKYPBYGK, B0FNW3C9J4, B0FGHLD95W, B0FDB7Y1R2, B0FGHR73NL, B0F13JR8N5, B0FHBGHCBQ, B0FHBFVLBR, B0FCFXBRB6, B0FKYMHTB2, B0FDQVC5R2, B0G8J5Y82F, B0FHBF7VS8, B0F7LLTK7F, B0FHBFNX15, B0F1YSXLXJ, B0FHBGD2HG, B0FDK83BC4, B0FB9F7NTP, B0F1MB77V1, B0FDJNTTCF, B0F13N8FC4, B0F9WP1DNK, B0G39Y425M, B0FDJW2RCX, B0FCFZQZN3, B0FGHP77HS, B0FDB8HCQM, B0GHNPMHRV, B0FGHLG1CX, B0FB9F7NTK, B0F9WMJN13, B0FHBDWJSN, B0FB9D1WQJ, B0FJ5KV6YM, B0FKYNHCFW, B0FJ5MN3SZ, B0FB89ZHB1, B0FCFZZH24, B0FKYPTG3F, B0F888X3G7, B0FDJHQ37X, B0F1YQSWZ7, B0F1YQSWZ9, B0F13HZYJT, B0FDJVWQSR, B0GN75SZJC, B0FB9DVB5T, B0F1MCJ2XC, B0FDB6PG8C, B0F1YQ245T, B0FB943SHK, B0FCFW7JSP, B0DZH5WB6V, B0FCBK71BM, B0F1YQ246B, B0F88C1NYK, B0FGHP2CRB, B0FDQZVJSS, B0FDB8HY9N, B0FDJWRJX1, B0FCFY6MCC, B0FDJNCXS9, B0FJ5L8ZG7, B0F13MPP69, B0F13K9D9J, B0F21DMC96, B0FNVZW52N, B0F1YVNTVQ, B0FKYPX55X, B0FJ5L3JVC, B0FKYMFBYR, B0GYDPFM4N, B0FJ5LR1HH, B0FF8Z6N75, B0FB941Q7Z, B0FDB8HRSD, B0FDB8JGWQ, B0FJ5Q84R5, B0FCB4KSK2, B0FHQCF7J2, B0FDK34YRV, B0FHBBWK9S, B0F1MB6R9X, B0F88C5WR4, B0FGHLRKY4, B0F613T3ML, B0FDJQH5JF, B0F13P8H8J, B0FJ5NW2CK, B0FC2DV8PK, B0FHBL1MW1, B0F9WLFDX7, B0FB8MQ1D1, B0FC2DV8PP, B0FB9CCJWF, B0F889FQGQ, B0FDKJS44K, B0F8878Y3J, B0FKYQXJBV, B0FDK81K87, B0FDB7JCHM, B0FF8SFT7W, B0FF8SFT7Q, B0F1YT4KDP, B0GN5LB85H, B0F88DRQSS, B0FC2FL3KN, B0FDK4F45K, B0GN6D8K9Q, B0FB95BZZF, B0F889CNL3, B0F1YRMKS9, B0F9WNMKXH, B0FGHNK8NL, B0FB8S5GX1, B0F1YRS66M, B0FKYJXQQL, B0FJ5PG8GJ, B0FGHLLYKK, B0FDJXFXRD, B0FHBHH6QT, B0FJ5L68F1, B0F1YS8K3K, B0FDK8RDC2, B0FCFXKVWW, B0FF9F1YJ5, B0FB9DMY8M, B0F9WP76XB, B0F888TZM3, B0F13KYT5X, B0FNW8H571, B0F13P6PLN, B0FJ5N7WGW, B0FHBF24DY, B0FKYK2QCC, B0FF958YJW, B0FCFXB522, B0GYDRV3VN, B0FJ5LM378, B0DZGVR235, B0FGHLWLQG, B0G39YF3Y2, B0FJ5P6GT5, B0FF1J5FNR, B0F9WPQ92C, B0FB9C21X3, B0FHQCPJ7Q, B0F889VMLN, B0F1MBB35N, B0FNW2Y9GD, B0F7LMK74H, B0FCFW5SCY, B0FDJHLHZ3, B0DZGNM962, B0FHBLJFH3, B0F1YMDFMM, B0F13MFTW8, B0FGHNVGNW, B0FKYJWB1V, B0FCBGV5H2, B0FF95GTVM, B0F1YPQ9XJ, B0FB94HKBG, B0FB97143R, B0F61MF2BV, B0FDJZSY3S, B0FCFW912M, B0G3B2ZGLH, B0FDK2XV62, B0F13L18FH, B0FDKN5M63, B0GJ5T6VHJ, B0FCG156JK, B0F1YTTXKF, B0FDJHW1YS, B0F13JT84H, B0F9WQ9NBQ, B0F1YS36TP, B0FB8JC93R, B0FDQXZJ2J, B0F13N745Y, B0GN6HWZFF, B0FHBF77H6, B0F886ZK7T, B0F5ZYYTWN, B0FDK5BZMH, B0FDJPMWV4, B0F7LMB2V9, B0GN5WTBHW, B0FDK5BZMG, B0F88B95BP, B0F1YR2SLG, B0FDB855ZQ, B0FF8ZFLLS, B0F13L5X7D, B0FB9CJT11, B0FDB9TN1D, B0F88CRJXW, B0FNW4PZ81, B0FDB87DNM, B0FDJZ8T65, B0F88G42QM, B0FDK1M3JV, B0FKYHTKQB, B0FB9BHT2H, B0FJ5S9QKR, B0DZGN3JGG, B0F1MC7FKP, B0F9WN27ZF, B0FGHLFT3Y, B0FF964VC1, B0FGHPD533, B0FKYMJX22, B0FGHLQKD3, B0FF8Z3BNQ, B0FDB8FFFZ, B0F88B48VB, B0FC2C4671, B0FDQXLWXW, B0F21C8ZYK, B0FHBGFYD2, B0FKYK6K5P, B0F8899GCL, B0FB8PSFYW, B0FJ5N7DL1, B0FJ5PDYWR, B0FKYM687G, B0FHBFG7VG, B0FDJHTYLB, B0F88B7LSM, B0G3B1ZN1L, B0G3B44ZFW, B0FF9L37SG, B0G6DC4N9Z, B0GYF2GFF4, B0GHNGD6YJ, B0FKYJ91TG, B0FB8WFF2Y, B0FGHNCWRM, B0GHNT67W7, B0FHBD3HJ5, B0GYDPRMFZ, B0FB9CHSPV, B0GYDZ2ZC9, B0FKYNH242, B0DZGNQN9G, B0FHBG4Y41, B0GYDPYZKK, B0FKYN9MVW, B0FCFZJVJV, B0FGHKQC4R, B0FDJZXS34, B0FDJLMWHG, B0F1YRRTJG, B0GYDM5LNS, B0GYF737WS, B0F1YRRTJL, B0FKYMQSX5, B0FHBGBFHD, B0FB9DHT41, B0GYDX8LN4, B0FF9SQ7P7, B0F1YS43F8, B0F1MBM9HS, B0F13NN4K1, B0F1YTJ3FS, B0F88CPSVX, B0F88CPSVY, B0F9WQN7SQ, B0FKYRP1JZ, B0FDJQCW8F, B0FKYRP1JY, B0FDJNB5ND, B0FB9B7VCV, B0FDK7XXMG, B0F13KZPTT, B0F13LSPM9, B0FGHLVQJC, B0FDBB2PK1, B0F61FS4Y2, B0F13KCG1X, B0G8K1CGDP, B0G3B3MS6Z, B0FNVZZC57, B0FDJPT7XP, B0FGHFNYXN, B0FDJMC45Y, B0F1MBSBTG, B0FB93VGBN, B0FDJXD8KP, B0GHNCNMJP, B0F1YT1W6H, B0F88BLNG9, B0F88B4JBH, B0F9WLZFRD, B0G6DNH26C, B0FHBHBWVV, B0FB9BBP4M, B0FHBFHNN5, B0F88B4JB1, B0F1YRNPJR, B0F7LMB1Y4, B0GHN93MN2, B0FCFYQ4TS, B0G6D7D7BN, B0F61Q4KSH, B0GHNMYFFL, B0G3B1B79X, B0FGHSQKKC, B0FDB86PQV, B0F13NVHFS, B0F88943L8, B0F88DWLKF, B0FB94RJ5X, B0F13KVRPQ, B0FC2CB76H, B0FGJ14WTY, B0FCBD6TFJ, B0FJ5MM3M1, B0FCB4NT91, B0FJ5MMWT2, B0F1YS9WYB, B0F1M97LVB, B0F1MC8LWC, B0FJ5NH7HH, B0F889J9W9, B0F7LLP4NV, B0G8JYXL3B, B0FC2F9LBS, B0FJ5NH7HK, B0FJ5NH7HN, B0FDJN6XLB, B0FKYV4J81, B0F889SHZR, B0GJ5RD11Q, B0GYDZ9TJQ, B0FDQV2WPF, B0F88C1KY5, B0G6D6RZ6Y, B0FHBH31WW, B0FHBGT5Z8, B0FDK4H5GJ, B0F1MCRCXN, B0G3B2PK5P, B0FDQY596L, B0G3B4FCKP, B0FKYM3N22, B0F88C1KYJ, B0FDJN5YQT, B0F88BM44K, B0F888B8MM, B0FB9D3H1S, B0FDJQW4PD, B0G3B14SW6, B0F7LMFG3C, B0FDB9SZ74, B0FCFVV4QT, B0F1Z164N4, B0FJ5KP1Y9, B0FDJQ6RLG, B0FHBG651C, B0FGHLFFDS, B0FJ5NGXK1, B0F7LM3XNY, B0FGHSNWGK, B0FJ5MW2NH, B0F1YS3ZMN, B0F88DQQJK, B0F88B694S, B0F13MCX7N, B0FCFZT441, B0GN758J45, B0FDB821DX, B0F61DD797, B0FF9CDBBG, B0F1YSP954, B0FJ5KLVXD, B0FHBFFSD7, B0F9WMKDX1, B0FDB6DMBJ, B0FC2FFNN4, B0FB9CTGHF, B0FDJD944D, B0FKYN1GM5, B0FGHR5VY8, B0G8JMWQXP, B0FKYN99ZK, B0FHBFTMNC, B0FCBC9RZQ, B0F1YS876T, B0F1YR7FSX, B0FDBCJNKN, B0F6192DFF, B0F13NH6Y3, B0F888M2F4, B0F1YPQ2YF, B0FF9BX9RQ, B0F13L39R4, B0FJ5MQ3KD, B0FDJYVTL3, B0FDB8P592, B0F88CGR91, B0FB96G2MM, B0FB9D1CJM, B0FGHLWW8H, B0FF8RLLJK, B0FDBCC8T6, B0FDK58Y4M, B0FDK7CB3H, B0F9WQHBPY, B0F889PWMV, B0G39ZB3M3, B0FJ5MXBWH, B0FDB9GGXX, B0FGHRTPQX, B0FB9FHV3C, B0FGHNQFPZ, B0FGHNQFPX, B0FF14BFVM, B0GN5RNDVT, B0F7LMMMXD, B0F1YTZKS1, B0GYF758H7, B0GYDV69QS, B0FHBB1G4Y, B0FKYR3GY8, B0F13LW1XF, B0FDJNX2RL, B0GN621SG9, B0FF8X4MK9, B0FHBHK28K, B0FHBDFTYP, B0F9WQBMR3, B0G3B4Z39R, B0FDK56PP6, B0FB9DFDLX, B0G39SQJ4D, B0F88GW7J7, B0FB9C2M47, B0F9WQMMR1, B0FHBF8H3N, B0FKYM5GGY, B0GJ5PB39H, B0GYF24XQZ, B0FKYK4Q71, B0FJ5NFG5H, B0F21BF94B, B0FGHLC582, B0FF8YSXDS, B0FDBB3T4F, B0FDB9GLHK, B0G8K45KGR, B0FHBGY99J, B0FCBMBRGC, B0FJ5L8GVM, B0GJ5PSTK4, B0GN6RFQ6K, B0F1YXXNS7, B0FJ5MQ3K6, B0F88C62QW, B0F88BJB15, B0FC2DKB7L, B0FDK1PQQP, B0FNW5JXVP, B0F889SP24, B0FB9FCYF8, B0FJ5P3J8V, B0FKYJWH78, B0F61PYVBN, B0FB9DZBK8, B0G8K3LF6P, B0F61L4Q8X, B0F13KFVLV, B0F88FTVJ9, B0FB9BMG5H, B0F13KL3VJ, B0FCG1QNTH, B0F61PYVBR, B0G3B139QB, B0F88CV23F, B0F1YR4W7C, B0F1YR4XZK, B0FKYQDP87, B0FCBCPZL7, B0F88BQLR2, B0FHBDQ39P, B0GHNMFKCR, B0F88CY4NQ, B0G3B2NC6D, B0FDJXGRKJ, B0FB9CH9HH, B0FB9BN6LB, B0FDK4919K, B0FHBHTH4P, B0F1YSB9VP, B0FDJXPD17, B0FGHP8956, B0F13GNJ4N, B0F88C5L9M, B0FB8NSXM4, B0FCBLD8VS, B0FDB8K73Y, B0F1MBZ1NG, B0G39YR67H, B0F9WMKYWV, B0FJ5N487C, B0F1YTHGFR, B0F1YRPGCP, B0GYDMH9ZS, B0F9WPVZGN, B0F1Z56KD7, B0F1YRP28R, B0FGHLNSTH, B0FF9BBNR1, B0F9WP2JTB, B0FCFWJ841, B0F7LMKSPV, B0FDB7PJDG, B0FCBKJBQ2, B0FB9FND76, B0FDBBBDQJ, B0FDJYQ1JY, B0FF9BZ34D, B0FNW3BDHT, B0FKYQND4V, B0FDKN58DQ, B0F1YRQS65, B0F88C5TLL, B0F887S49P, B0F88C6LZD, B0F13NGRXK, B0GHN7W9CV, B0FJ5L4DJF, B0FKYK3QBL, B0F13MFSZ8, B0FJ5PDVL6, B0F9WPRPB8, B0FDJVXQL7, B0GHNK6FX7, B0FDB9J7YH, B0F61LD3HR, B0FGHP8GLR, B0F1YSXH6W, B0F9WPW577, B0F13JVSYZ, B0FJ5NL5H9, B0FDB7W9SP, B0F7LKZ7C2, B0G39YL4K5, B0FGHS1CFR, B0FB9GK5MY, B0FGHP8GLV, B0F61MKDYF, B0F7LLFNPP, B0FJ5MQBMK, B0FJ5NFMJG, B0FDBB55Z6, B0FDB8V77B, B0GHNNM14Z, B0FCFXZSFF, B0F7LM5FX5, B0FDZQ9RXX, B0FGHNY8G5, B0F5ZZJ8X9, B0FGHL33HR, B0FGHL33HM, B0FB9C4112, B0GHNFYLLJ, B0FDBBCCHL, B0FGHL33HP, B0FNW6H85N, B0G3B4YRCF, B0F88BKTK3, B0FKYM2H8D, B0FJ5PNLWH, B0FDJNRNY5, B0FDB9JT6F, B0FDB9MZY7, B0FDJTCXLJ, B0FDJSWZRK, B0FB941KFM, B0FCB9D9CV, B0FCFY6B5D, B0FGHLDJCJ, B0FKYSN5D3, B0FHBHQDR5, B0G8K9QH7K, B0G39XWZDC, B0F9WP5C2X, B0FHBF32KC, B0FCFXHPXT, B0FHBG36X2, B0FDBBTRBG, B0FB9D46ZH, B0FDJLRGSZ, B0F13M6SR2, B0FJ5RZ93Y, B0FB9DR1WC, B0FDKF5PZN, B0FDBF2V13, B0FKYJ2TSH, B0F13KF273, B0FJ5L6YSX, B0FJ5L6YSW, B0FC2FXT2S, B0FGHXNZ18, B0FKYPTT68, B0F13MV4VT, B0F888TK19, B0FDB9ZH2J, B0FDB7TF7L, B0DZGHTHTJ, B0F6119QX9, B0F1MC2QQ6, B0F9WM55HZ, B0FHBGGVZD, B0FDK8QNWH, B0GYDRMZYC, B0F21FN242, B0FCG1Y8DP, B0FJ5LD8KM, B0FHBF8DB6, B0FDK5VBD5, B0FB96LTSZ, B0FB8FN9CY, B0FF942HDJ, B0FKYT8146, B0F9WPWW8R, B0F1YS5YQV, B0FB9FD1FB, B0FKYN211H, B0FKYFZ8TN, B0G8K5GWCS, B0F1YQR3HJ, B0F9WM2753, B0GYF4X24F, B0FF959M6N, B0FDJQDW6N, B0F1MC5MZF, B0FKYLJY9C, B0F1YQ1YSY, B0FHBDKMLN, B0FDK4G5T3, B0FCFZY7BC, B0FDB76SP6, B0FDB92GLW, B0FDB7D2FV, B0FCB9Z96T, B0F7LNYD42, B0FC2DC2BV, B0FDK78XKF, B0FC2FM63L, B0FHBCWW8K, B0FDK33LX7, B0FDKBZRCQ, B0F88FSR6V, B0G39Z62C4, B0FHBFWFC6, B0FDB7QKRR, B0FB9693MG, B0FNW693P8, B0GYF75Y6M, B0FJ5MTH6Z, B0FB9CQ36V, B0FJ5L5GPQ, B0F88B3GSP, B0F88D1D88, B0F88B5RBR, B0FDKJJD2N, B0F889MNPS, B0FDBB9YZ9, B0FDK7CMWG, B0F61BPD8R, B0FJ5PHMQF, B0FHBLB79C, B0FHQCQ99S, B0F9WN6J5Z, B0FB9D2B25, B0FHBDYF7R, B0FB9BQ4TV, B0G3B1F9G9, B0FHBDYF7P, B0F1YT51BD, B0FB9FHNPP, B0FKYRLCZ8, B0F88BCPSS, B0FJ5N9ZR4, B0FHBH2SSW]",amzn1.campaign.2Y6H8TAOXN1S4,Top Home Decor | Erosebridal 100K+ Styles | 15% Commission 35,Erosebridal,2026-09-03,2027-09-03,15.00%,10000.0,9988.44,130,800,false
[B0CQXPP4X6],amzn1.campaign.1GLPUC0RLWV6O,Earn 10% Commission | Butterfly Curtain String Lights Amazon Collaboration,DOMORA HOME,2026-09-03,2026-10-14,10.00%,5000.0,5000.0,122,800,false
"[B0C5C35B6Q, B0BX2W1WY5, B0D1KGW5FC, B0D1KDXQ4S, B0D93WKG87, B0D1KF1SV7, B0C69CK5MM, B0D1KDWTJP, B0D941QVND, B0CQP45CKQ, B0D1KFFC72, B0CQP2B8VZ, B0D93V4MKP, B0CQP3J23H, B0C5C56MF9, B0D9415N94, B0CQP4GWND, B0CQP2W4KC, B0BX2X7DPN, B0FQ4TD4C4, B0FQ4SF9QC, B0D1KCFSH9, B0D93Y5SXN, B0FQ4T6R5F, B0D1KJ8NNH, B0D1KBS11N, B0BX3GLD32, B0FQ4RBSGJ, B0D1KCGY4C, B0C5C79PJX, B0C5C67GNZ, B0C5C99SMX, B0D941HSPZ, B0BX4BX17V, B0CQP4648L, B0C5C6RM64, B0CQP5K49R, B0BX4345B7, B0D1KGXXMF, B0C69GQ783, B0BX2X17JT, B0D93V74FF, B0FQ4TJCYD, B0C69FKV6S, B0D1KFDLZK, B0FQ4VZFZ8, B0FQ4TNMPN, B0D93VNLYY, B0C69H41ZZ, B0CQP4C42X, B0FQ4T9S5Z, B0D1KC7VR5]",amzn1.campaign.1VQRIWDE72W0I,WDCOZY Bubble Quilt | 10% Commission | $200K Budget | Permanent,WDCOZY,2026-09-03,2027-09-03,10.00%,200000.0,199888.12,58,800,false
"[B0GQS3N6FG, B0GQS2GRTS, B0GQS5FS87, B0GQSJYD6L, B0GQRSTN49]",amzn1.campaign.2WHGA2O1X9Y2M,红色破洞牛仔裤+9.2,Arkordi,2026-09-03,2027-01-11,15.00%,5000.0,5000.0,164,800,false
"[B0B4S9LG4H, B0CMWQG6ZN, B0BXL5J8V9, B0B24L214D, B0B3XGHXFS, B09SKS9DL5, B091YJKL38, B0BLGSWW2K, B0C2BVPNJ5, B0CHJBBYM4, B09W4CB9PC, B0BN34ZRJG, B0BW954853, B0F43JJZCN, B0D8T46WRR, B0CHJB8C6K, B0CMXGN4NW, B091JYYBBR, B0B55Y7KD9, B0D8SRWT1N, B0B2R4RRKJ, B0CMWRQGXF, B09VWR3WVB, B0F6MMX6ZV, B0CMWPMSFH, B0D8SSVSV8, B0BZTQVKC2, B0C3VLJH54, B09BKWV9NC, B0BLGGR5X3, B0CHJ81X6J, B0BW95B8G5]",amzn1.campaign.353GT028R95I5,10.18% commission,BIKCZEWIN,2026-09-03,2026-10-03,10.18%,5000.0,4999.08,145,800,false
[B0F2FMJW3H],amzn1.campaign.2K428SHAGAHG7,Clothes Drying Rack Heavy Duty Clothing Racks Foldable Laundry Rack,BIREN,2026-09-03,2026-10-03,10.00%,5000.0,4957.26,123,800,false
"[B0H832D45P, B0H85YQZXR]",amzn1.campaign.1LT9D3ZMXELUX,B0H85YQZXR B0H832D45P Makeup brush cleaner 12%off,Norate,2026-09-03,2026-10-03,12.00%,5000.0,5000.0,134,800,false
"[B0H98T1FFY, B0GTVN5G74, B0GTVCQW13, B0GTVH61CT, B0GTVM4LGR, B0H98SYXH7, B0H98SM4CR, B0H98TT3QW, B0H98WWM9S, B0H98GDL5F, B0H98RR8YZ, B0GTV9SRS1, B0H98QKFFN, B0GTVL5GGV, B0GTVKWBHD, B0GTVRGFW6, B0GTVH57WV, B0H98GLWTC]",amzn1.campaign.13Z2Q56WOCU5,Earn high commissions——Experience fashion style with Hathne!0028,hathne,2026-09-01,2027-03-02,15.95%,5000.0,5000.0,162,800,false
[B0H9RJF9SZ],amzn1.campaign.13UOIEV1WAIAM,Wear-Resistant Lacrosse Rebounder Net for Artificial Turf Field Training,ZVFOTN,2026-09-08,2026-10-08,10.00%,5000.0,5000.0,131,800,false
"[B0DT3F3J9N, B0DT3KMYDQ, B0FKNGVQLX, B0GCH4YHK8, B0DT3F35JN, B0DT3RJNQL, B0GCHTWT8S, B0GCJQRLDD, B0DT3QJ33Z, B0DT3Y7VCR, B0GCJ9VDXC, B0DT4164HN, B0FKN9NCP1, B0FKN9QDV4, B0GCHF7ZP1, B0FKNB4SD4, B0GCK1ZFHD, B0GCGTJFWM, B0GCHT8ZXZ, B0GCJBN3LS, B0DT3Z24HZ, B0GCHX1HYV, B0DT3SW3QC, B0GCHH38X1, B0GCHT6H82, B0DT3XZ3Y8, B0FKNCBJ6G, B0FKN9F18B, B0FKNCNQ57, B0GCJBNLPC, B0GCHH7FZ1, B0DT41BRNW, B0DT3WDB7C, B0DT3JWPWG, B0DT3SKC8F]",amzn1.campaign.1EVNSFC2Z2ERI,Mexican Embroidered Shirt Women Mexico Shirts Boho Floral Embroidery Top,VILOVE,2026-09-03,2026-10-31,10.00%,5000.0,4889.18,107,800,false
"[B0HCVMDL2P, B0HCVMHQ6Y, B0HDNVGF2C, B0HCVSNZNS, B0HDNTWGN3, B0HCVNQ5NJ, B0HDNGZ4HQ, B0HD6TYDF7, B0HDNQPY25]",amzn1.campaign.1QTWP5M7IBUQH,🧑‍🔧 Hey man🪛 work beeter 10%off here #TFX,IDEALHOUSE,2026-09-04,2026-12-05,10.00%,20000.0,20000.0,125,800,false
"[B0GN5SW163, B0GN695JB1, B0GN5QCW2W, B0FY4T8CJ9, B0GHYBPBK1, B0GHQ3Y1GY, B0G7JF5VRT, B0FVXXYZ7D, B0GWQCPMF4, B0GHPZ58BX, B0GH7QXV4Z, B0GHQ1HV9V, B0G7SPRW97, B0GHQ6TDJ6, B0GXK5GTGW, B0GJBVJYVM, B0GN6ZJVMZ, B0G7HS8CK4, B0F6TSV3V7, B0DZH4NJ36, B0GYDCDMS6, B0GN6HNSLM, B0H2DJQ647, B0GN6MVX35, B0GN69TJGN, B0GN5Q1VFR, B0GQGDQBKK, B0F61Q47K3, B0GN6MVX39, B0DZGVKXG7, B0DBQ22WL8, B0DXBPXJC7, B0GN651LB4, B0DZH4YZQL, B0GJBH21MK, B0DW463Z8G, B0GH7WY1BH, B0FY4SLGPP, B0DW93GPHP, B0G7J8GQ6G, B0GN6KZ33P, B0GN6NN915, B0DXVLKDXK, B0G7J5JYQN, B0FVXYLSTH, B0FY4T5MD3, B0GJC28L77, B0GN6KRBJZ, B0FY4T6W5J, B0GH871Q5N, B0DTY36GRK, B0DXYXWWNJ, B0DXQ2JKL9, B0F13ZD3MH, B0GYDL632G, B0DW92K8CN, B0DW93968R, B0F14167L6, B0GHPY9BBN, B0GN5TFSSN, B0DXVH7WLT, B0GHPQGFCY, B0DW463Z8V, B0F142HQV4, B0G7JS929X, B0GHQGMZ7B, B0FVY1P6M1, B0D9NK9F53, B0DXYN6DWG, B0F5PKG7T8, B0F21554LQ, B0F5PK5PYY, B0F6TX8JVH, B0GHQ3XF88, B0G7J7G9DK, B0G7JG2ZBL, B0GHQ15J4T, B0GH7PJ38M, B0G7J573WT, B0DBQ3JK2G, B0DBQ1CVLQ, B0GJBWHSX5, B0FY4S64JD, B0GJ9ZJ43N, B0GH7JVB9R, B0GN7DLV2V, B0GN68S7ZS, B0FVXW36XB, B0GWQ7CMSJ, B0G7HSN545, B0DW45QXRV, B0DTY5X48C, B0GHQ5VYMN, B0GH7PVBT7, B0FY517CWT, B0GHY87FVX, B0GHQ18PX5, B0GN5Q1RBR, B0GXK3K8BB, B0FWCHKFPP, B0DZH7QHQZ, B0DXY55JXJ, B0DW954ST5, B0G2RZLXTD, B0GHQ96ND9, B0G7J2QJHR, B0DXZ4JTXQ, B0DXVHRHYQ, B0GN6NNN5L, B0FVXTVL1Z, B0G7JGW3SW, B0DTYJQH24, B0G7JDVKLZ, B0DXQ2SVBV, B0F13ZGP97, B0GN7BGGPL, B0DXQ25D83, B0DW42SKJ8, B0DXVFY1QP, B0DXVGX17G, B0DW963HDB, B0DXBS7DNC, B0F5PJBS4M, B0F5PJ4N4Z, B0F61V8G5J, B0G7J8X8VV, B0GHQ4C1DP, B0GZ3RZQLQ, B0G3PRB6HV, B0GZ3RZQLP, B0D9NK4L3H, B0FY4T9BM3, B0GYDB9QNG, B0G7J11T4C, B0FY4V3GR8, B0F13RVCHM, B0DXQ27PGF, B0F5PKSCCT, B0G7J11T46, B0F5PHCFK3, B0DXVH7B7J, B0GYDLZQ93, B0GJBM9HDW, B0GBVXK18N, B0G7JFZCF3, B0DTYK39CH, B0GHPWZB24, B0GYDCQX8C, B0DWFC6CPD, B0GHPXGWY9, B0GH7W3NTJ, B0DXBS51PW, B0D9NG2LWK, B0F5PLCMKW, B0FVXYLYX6, B0F5PJ7B1G, B0GBWN7YLJ, B0GHPZVMDJ, B0GJBP6GXR, B0F1TJXNB2, B0GJB53FY9, B0DXVJTBLJ, B0GN6CCCLJ, B0GJB53FY5, B0GN67S8FP, B0F5PHD6JR, B0DWDM28QF, B0DXVH7LN9, B0DXYXSYTX, B0G7JMRBJW, B0GHQC1FBJ, B0GHQC1FBK, B0FVXZJ22P, B0GH7TQMPY, B0FVXVZZDZ, B0DXYX3XS2, B0GC51QF1B, B0GZJXW8CQ, B0GZJR1D73, B0GYDCJQBK, B0DW95R5BX, B0GHXZ9Z7K, B0DTYTYRM9, B0GWQ9DBKM, B0DW95RPXZ, B0GZ368FP7, B0GWQ6CJ3C, B0GZ3VJZRN, B0DW93C7MB, B0GQKYKMMY, B0G7J62QW4, B0GN5XGJQ7, B0FY4SKWYG, B0DXVFZH6L, B0DXYV91L6, B0DWF3TN89, B0F5PK2ZN3, B0F2164KHR, B0FVY2VV4S, B0G7JRRMTQ, B0GHPTQ2FS, B0GJBQMSMF, B0GN66H1PK, B0D9NJL284, B0DXBTX68M, B0GZ3FB6LD, B0GN66H1PC, B0G7JJKYBZ, B0GWQ2DXYD, B0DXYV91L4, B0GQL4BNW9, B0DTY1D4RN, B0GHPY9M63, B0GHPR5562, B0GHPXJF1L, B0GHQ731FG, B0G7JJ6DYJ, B0G7HR4NVZ, B0GH7NCTPQ, B0FY4RBX25, B0GZ3VQRQB, B0G7HYWDRF, B0GN6DKXGD, B0D9NJGFRC, B0FVY2651P, B0GJBLZ4VP, B0GXJZ9N67, B0GHQ2FR9C, B0FY4XJDF3, B0GN5L562P, B0G7JRDQGL, B0GN6L2CD1, B0DXYX3TG3, B0GH7MMZ8Y, B0GH7JTSKN, B0GN5VVPHS, B0DBPZF4YB, B0FY4SLXWC, B0DWF73582, B0GWQCZ4MK, B0DW43KND1, B0G7J3SVWG, B0DXYRTDP8, B0GWQDQY3Z, B0DW94M4PQ, B0DW95GYNP, B0FVY18GKT, B0G7HXCFNQ, B0DXBSSDBF, B0GHQ1GJDP, B0GJBWT8K6, B0FY4T4LX3, B0F13RPW9N, B0DXQ2SBPZ, B0GHPX4M5P, B0GJBWT8K3, B0GN6J2NN3, B0DXYX9SKR, B0DTY8CH6S, B0GHQ3DD9X, B0FVY2HXX2, B0GXK71LS1, B0GHXVQY4V, B0GXJRVL3L, B0GN61QYYD, B0GZ3J6MC6, B0GN61QYYC, B0GZ3J6MBT, B0GHPSWGM8, B0F5PJNDFY, B0F141FZ3T, B0GJBKNHGG, B0GXK6M2GK, B0F5PHDZHX, B0F5PJXJ6M, B0FVXXGGYN, B0FVXXGGYR, B0DXVHPTJN, B0GHQFFJ2Q, B0FY51MX2C, B0G7JWMKP7, B0GHQ2NDYY, B0DXZ4TQBQ, B0GH83DFDD, B0DXZ4TQBS, B0F5ZSDNYS, B0FVXXP4VH, B0FY4QGZP6, B0G2S1CBBS, B0GZJT594P, B0GYD2QWFQ, B0GXJZNVD8, B0GN6HXLSK, B0DZGVM5N1, B0DW434VLP, B0GXJYG1M4, B0FY4ZTJQC, B0GZ3PBQDD, B0DXVD2CMC, B0FVXXMGCX, B0GHQ4BSDW, B0GXK3HYV1, B0F13YW8DD, B0GHQ39PTP, B0DZGTZ2T4, B0G7TZ47ZD, B0GN6CZVGB, B0F5PJZN6P, B0GHQ41SVN, B0DZH11LR1, B0GJBPJ1Y4, B0G7J4S432, B0G7J13GNB, B0GN66CBNG, B0FY4RY4QJ, B0G7JL1JPW, B0GHQ3SNCT, B0GHY13H35, B0G7HS1TRP, B0GJBH7DS9, B0DXQ3KZXG, B0GC559WPL, B0DXVK3VLQ, B0GHQ3FS6F, B0DXBT8RXG, B0GN5W2XMR, B0GN6ZDL68, B0DXQ274CV, B0FY4Z6N3G, B0DXVGXJVD, B0GYDCF7TK, B0FY4ZQ2LN, B0G7JK7D1W, B0FVY3PML6, B0FY4XK36R, B0FY4Y6MLQ, B0GN6V23RN, B0H2D7B397, B0GBVJP3TW, B0GXK4D4CF, B0GZ3JL5WB, B0G7JNTHQP, B0GJC66584, B0DTYCLXHY, B0GWQ8JVCN, B0F13TDTCL, B0GJBLH7VW, B0DWDWWVKF, B0DXZ1CFWY, B0G7J9CM32, B0F5PHCWC6, B0GXJYY24C, B0DXVKK4D9, B0DXYT6913, B0DW96Q444, B0GH81MJKL, B0FY4VW3NL, B0DXQ46WSF, B0GN6PWY5P, B0GN5VZVQ5, B0GN7J7578, B0GJBJ21FY, B0DXYGTG64, B0G7HYGHS8, B0F1TMK78N, B0GN75X3WP, B0GZ3QJH8C, B0F13QHFT4, B0DTXY2DN3, B0FY4ZR9XL, B0FY4QTZCN, B0GN5LZSG2, B0F5PJTF63, B0GHQC2XW1, B0DXQ2P11Z, B0F13Z99FH, B0GZ3MGLTV, B0DBQ3995H, B0F2123MSS, B0F5PK488K, B0F13QKBSY, B0F5PHR963, B0FY4VDL7N, B0FY4RVP9S, B0DWDDVSSS, B0DXQ1TVHX, B0G7HYVYR9, B0GYDMM4YQ, B0GXJXRWFZ, B0GZJQCKZ8, B0G7HYDHDQ, B0F13TC39N, B0GH7NHTJD, B0DZH18DT3, B0F1TJYPSN, B0GN6HWZG6, B0GN657RT9, B0FY4TNLS3, B0G7HYVYS9, B0GH7TWLLD, B0GHQ43WQB, B0G2XFBT52, B0GZ3TLLBT, B0G7JDGZQX, B0F1TG3ZN2, B0G7JC8CPD, B0GHQ7YXLG, B0DW44V5HD, B0FVXV8XWZ, B0FY4WZP4Z, B0F5PJN7GQ, B0GHQC6N3B, B0F13T4JW9, B0F13T4JW8, B0GYXTMDXN, B0GHQ3JGJ5, B0GHQ2THHH, B0F5PHTVKQ, B0GN5QJ628, B0GN69FQ42, B0GHQC6N37, B0G7JNMY94, B0GN6HXRVC, B0GN5VWZN3, B0GJBKRLLS, B0DXVJHJP5, B0DZGP9D1X, B0GXYNQW1G, B0GH7GRB9H, B0G7J6HJWZ, B0DXVH9LR3, B0GQGMS2R4, B0DXBS4QDZ, B0GN61K745, B0DXYRRK3F, B0GJBPC25T, B0DXVJX3N9, B0DW94FSPD, B0GZ3R57RP, B0GN74T6MB, B0G7JLW413, B0GHQ17Q4T, B0GN6K99GG, B0GZ3F16PL, B0GN6K99GH, B0GHQ3R1FZ, B0G7HR49ZQ, B0GWQ97NXH, B0GHQ3TK3K, B0GN91QKSH, B0GN6FSP34, B0DXVKMBNY, B0D9NHMPYY, B0GXJYVPNB, B0G7JFKMRR, B0DZGRJRHN, B0GN69ZQ7G, B0D9NJRR5S, B0DTYKTCLK, B0DXBQ3RHQ, B0G7J9JT48, B0GN69C1YT, B0DXPZX9B1, B0GHXZ5HVH, B0FVXYBQQ9, B0F5PKBZMK, B0G2RYZ3DM, B0FY4SRCK5, B0GXJXRHHV, B0GN6JJCFQ, B0H2D3ZQWG, B0GZ3GJZ1R, B0GN5W86BZ, B0DZGPW8F5, B0DXYX4D3P, B0GN5PSMFP, B0FVXXWPMJ, B0GN5WJ6M2, B0F13T7N8B, B0GBVH2GHQ, B0GHPVHPS7, B0GN6SMBZT, B0GWQ2LYTP, B0F5PJ1TRK, B0DWDSDB6Z, B0GH7PKW9B, B0GYD8D881, B0G7J2G7GH, B0GJBS46CN, B0DZGLDYPJ, B0GZJQ33PB, B0GN5M8LLT, B0GHQ3437N, B0GN6C61ZZ, B0DXYX9FC4, B0DZH82ZY6, B0GHPWDN53, B0GN5Q6DSZ, B0DW94G42X, B0FWCCX9V5, B0DXYKN4FM, B0GZ39DDN3, B0FVY31LY2, B0F61J4M66, B0DBPYJM14, B0DXQ3NNJK, B0H2D9KCSR, B0GN5WH9BV, B0FVXXG6GQ, B0GHPZ87YM, B0GN66VJRK, B0F616TQFR, B0F1TH3Z8H, B0GWQ42YS3, B0GHPVMKPM, B0FVXXG6GW, B0GJBM7R5R, B0F13T6NN4, B0DW43RN7N, B0FY4SX937, B0GZ3RT84Z, B0G7JFH6Z9, B0GHPVMKPC, B0DWDXNXDJ, B0FVY29W12, B0GN6HZDK6, B0G7J72RS9, B0FY4ZJPJT, B0GHQ2C4LB, B0DTY82LC8, B0F5PJ174W, B0FY4SXJ1F, B0DXQ6TVXQ, B0H2DC1Y6K, B0DZGN6Q45, B0DZGN6Q48, B0FY4SJYYX, B0F5PJDC3Q, B0FVY1G2XY, B0GZ3KH3LZ, B0DXYNFV22, B0G7J5FCS2, B0GN6Q7RYK, B0GHQ41ZTM, B0GHQ7LDCD, B0GH7RL232, B0FY4ZLPFW, B0GJC2KJ9N, B0GN6L6LS3, B0GJBLX5TM, B0D9NGKLRH, B0GJBY14GJ, B0F5ZZFCGF, B0GN61WSP1, B0GXYZ6PTV, B0GN5PQ8L7, B0GWPZPMG5, B0FY4ZG298, B0GN6Y8S4B, B0DXVHQ3RL, B0F5PH9YT2, B0GWQ1T68Y, B0G7S5VFX2, B0GN65NQR4, B0FVXWXYQZ, B0GHQ46S95, B0GZ3PBLD7, B0GWQCB1ZN, B0GN6V1XMT, B0GN6J18Q9, B0F13PQVWF, B0F5PJGJ1W, B0GH7T6XHQ, B0GN6FJY8C, B0GZ3QHL58, B0GN78X5WZ, B0GJBSJVH9, B0DZGTKB2R, B0GHXYBPSC, B0GHPY3WBZ, B0FY4Z8RHB, B0G7J8PJ2C, B0GH7VLH12, B0DXYXVK3J, B0GZJSGL5C, B0GN758J4Q, B0G7HYFRZ2, B0G7HSZ71P, B0GHPWDN56, B0GXK1NBCS, B0FVXY9K89, B0DZGYXJMX, B0GZ3MYBBC, B0FY4RRXYH, B0GN6JKXD9, B0GN65187L, B0DXYRN5LT, B0G7J9GVGZ, B0GHXTX23J, B0GZ3JZ1T8, B0DXVJGJFC, B0GYDHYQ2K, B0F1TM4NZX, B0GZ42QZTZ, B0G7HTHL9V, B0F13P22YH, B0GHQ1XQ7T, B0G7HYXQJW, B0GH82H6NQ, B0GWQ94ZMZ, B0FY4VF793, B0FY4SW1NB, B0DZGP4SMV, B0F13NVJVF, B0GHQ3GP1S, B0GN64ZYDF, B0DWDJMYTW, B0GZJZTY9P, B0F5PKJWFP, B0FY4RM2JT, B0DXYT467Z, B0GXYKY124, B0GN5L2X9H, B0G7JK99ZB, B0G7JGYP9F, B0G7HY3XGF, B0F1TJZFM3, B0FVY26Z86, B0D9NJMR2V, B0GXJZ7856, B0DZGYNGRY, B0GHPQ37YR, B0FVXZ5228, B0G7JDJ97N, B0DBQ1K4LH, B0G7HTHL8F, B0FVY2RQ1C, B0DXZ4SFV8, B0DZGLD7BK, B0FVY12DRR, B0G7JQLV8W, B0GXK4NBCD, B0GN6DBCST, B0GHQCDMNL, B0G7JN36SL, B0GN5V7G68, B0GYDSRVLG, B0GXYKTGNW, B0G2RYYVY4, B0GN655889, B0F5PJL4RM, B0GXKDQCXH, B0GN6LX46G, B0DXBRZ2BX, B0DXQ1TSNY, B0GHQ4M64R, B0DXYKX1HG, B0DZGV46KB, B0DW9462MX, B0G7JGM1C4, B0FY4TDJ76, B0DXYS12YV, B0DXYN3ZRT, B0G7JF4TV1, B0GHYKBZ7S, B0FVXZKV5B, B0GN61F6RQ, B0GN78PB1G, B0DXBT1QBQ, B0GHQFN83G, B0G7JKSSCW, B0DW9477W8, B0DXYH1WY9, B0G7HWVX7V, B0GH85GC47, B0GJBWGST2, B0DXYDGK48, B0GJBDKYLM, B0DXQ5H9NR, B0DXYT4FZ1, B0FY4Q9ZM4, B0F5ZBZV5J, B0GN5VRQWJ, B0GN61NHZT, B0DXYT4FYZ, B0DXYMWD65, B0GZ43PK97, B0GN68PGM8, B0GN6D7S8L, B0GBVFCR3L, B0G7JNW3DK, B0GQL33RHS, B0FVY12246, B0FVXXRQN8, B0GZK5KC1Q, B0GZ3PHKJ7, B0G3PRJ52P, B0F5PH95FC, B0FWCGV1M5, B0GJBWR7NW, B0DXYNFB7G, B0DZGL1XVY, B0H2D99R6L, B0DW94RLRY, B0GQGN63Z2, B0GN66ZDKZ, B0GZ3RV2SH, B0DW92XXPH, B0GN7SPWWY, B0GHQ1DDRW, B0GN6P2BQG, B0G2X8M419, B0GJBLDM1V, B0FVXZLVP5, B0G7JF4MRG, B0DXYGQ27K, B0G7JF626J, B0G7HXXST3, B0F13N78W9, B0DBQ1RX9L, B0G7JK18GK, B0GHQBYQ6Y, B0DXZ1C2JT, B0G7J68HXC, B0DXZ2Z9X7, B0GXJVCH3P, B0GHQG9SP6, B0GN6P8K1C, B0GWQ7V29C, B0F61GN8D1, B0DW94ZPBV, B0DW94Y7TZ, B0GN6MNX9G, B0DXVK6N8Y, B0G7J9GQL2, B0F14115H7, B0DXYBZ9TP, B0F61C58YN, B0GHQBXMQX, B0GXK6W6PY, B0DZGYHGM6, B0DBQ13PBR, B0GN7119CY, B0G2X515X4, B0GHQ3H65H, B0GZ4BXBR3, B0F5PJ4VZV, B0G7JRHXD4, B0DXVJHH3M, B0GBWQ17DF, B0DXVH7PMV, B0GJB87FW2, B0DXVH2TDQ, B0FWCJHPBL, B0DXYRT6H6, B0F1TKGDS3, B0GN6K8SK7, B0F141LC1Z, B0F5PJHHBB, B0DW96QW3T, B0FY4VV63F, B0GYDJ9QF7, B0G7J4XLTD, B0F5PJ6TJG, B0GZ3G3X92, B0GXK2LZM8, B0G7J58N9X, B0DXVJDTR4, B0GWQ253BG, B0GXK42LFR, B0F13Q8MDP, B0GHQBTCGK, B0GN78Z9L1, B0G7J8R9ZD, B0DXVCQBQ2, B0FY4VZJPS, B0GN6CS9GL, B0DXBWXK8M, B0GHQ36WMJ, B0FY4W4523, B0GH7NTKT6, B0FY4QWZ99, B0GHPYPWY7, B0DZGWRD8X, B0F5PJ7JSV, B0G7JNLNW1, B0G7J7MD9V, B0GN6RCFRD, B0GHPVRZ2R, B0FVXXQ783, B0FVXTR7BX, B0FVY3MKQJ, B0GHQ2G53W, B0F61C7D1R, B0GBWXJSTS, B0DZH4WWFH, B0DXYC67DP, B0GN6DP4KC, B0DZGWXXP5, B0GN6JKGQ2, B0GH83GS7X, B0DTY2RWH1, B0G7JFVJBJ, B0GHQ3CHL5, B0G7J3YDZW, B0F5PHD2WM, B0F5PK7626, B0DXBRY43H, B0DXVHK58T, B0GH7YKK2V, B0GHQ3QQTR, B0FY4SX4T3, B0G7J65LND, B0DXVFMRG6, B0GHQ45W6T, B0DTYH9PPP, B0F13YHDLT, B0GHQ5XGQM, B0DXBRDK1X, B0F6T2TXJD, B0DWDW8NY3, B0GZ3QBCFK, B0FY4TFVPT, B0F13PV6WW, B0FVY1JM8N, B0FVXXV9K4, B0GWPZCSL3, B0GN6QQN74, B0F5PJM5J9, B0D9NGL1G1, B0DTY7FZRS, B0DW96CBYR, B0DXBSKJNR, B0GN61WXGY, B0H2DCTBLV, B0GN61WXGV, B0DXYX731K, B0GN64DLSW, B0DXYXRYLM, B0FY4XXJRY, B0GN5VYQ49, B0G3PTYMJX, B0GN65JWD7, B0GHQ1BSMR, B0GZ3QDKN1, B0FY4WF4XN, B0GN69HV9K, B0F13T1MCC, B0GN6KMVK4, B0GHXY8S8H, B0G7J4D9DR, B0GHPXWC1T, B0GXJXKDW1, B0GJBSNJGC, B0DTY8YQNV, B0DXBVFHFB, B0DBQ3XG77, B0DXYH1BBG, B0GN6D9FH7, B0DWDQZDQR, B0F145FRMR, B0F6SYF8ZL, B0D9NJ7L6Y, B0F214S4K2, B0G7JSB4HX, B0DXVGFR7D, B0F5PJTG1W, B0G7RWRF5Y, B0GN6JTPCM, B0G2X84RPK, B0DXVK9W6M, B0DXVHRHDF, B0G7HYTGT5, B0DXQ2CMKN, B0FVXZT3HY, B0DW94VLQ7, B0F13QP1DV, B0GHQ15XL3, B0GH7RN81Y, B0FVXXWT7Q, B0GHQ1D1G9, B0GN6KXMV8, B0GN6TZB1R, B0DW96DJKF, B0DTY9Y24Z, B0GH7YVFVM, B0GHPYSL76, B0GN65D42D, B0GHPXDZVS, B0F5PJBHLF, B0GN7SVW9W, B0GC4R28JP, B0DXYT3ZPV, B0GHPS285K, B0DXZ4MQN5, B0GN6QTHFS, B0GN5TD7Z5, B0G7J8H77W, B0DXYDRW5P, B0DXBRQ6V2, B0G7J7XNRG, B0DTYKN3Y4, B0F13XLW5J, B0GHQ6K4KG, B0GN65HYQ2, B0DTYRRW3V, B0FVXYKHHH, B0DXVKYFY3, B0GJBWMZZ3, B0GN65WVWV, B0DXZ4RVMX, B0GWQ1GMDG, B0FVXZZ4WN, B0GXK4Y8D2, B0GH7QNFP6, B0GWQGRL24, B0GC5F9W2K, B0GN6P6698, B0G7HX5XP2, B0GYDKBZ8X, B0D9X8FGL3, B0GQGXZYQN, B0G3PQLSSF, B0GJBPB3ZL, B0DZGWP5KB, B0GN6HYGWQ, B0F13P181T, B0F13P181V, B0F5PHCV6V, B0GBVX55WC, B0G7JD63W6, B0D9NK5S1J, B0F5PKNN1B, B0DW945LW2, B0G7J4WZGZ, B0G7JJQ2XD, B0GHXZZP3R, B0GQL7Y286, B0GN6JJFM1, B0GHQ3MQXT, B0GZ3RSFV1, B0GN6D9FHC, B0H2DBZGZV, B0GYDBD941, B0DZGNW58L, B0GN6RSKXB, B0GHPZ9CSZ, B0D9XXZXBC, B0GHQ2FBL3, B0GN68ZZBL, B0DBQ193JT, B0FY4YDQDV, B0DBPXN5L8, B0GHY44NJK, B0GJBKFHCS, B0F61LWCG9, B0GZ3M8H7V, B0DWDSG313, B0DTYMP8GC, B0GZ3FFTNB, B0FY4XWRKK, B0GYDQHV79]",amzn1.campaign.2RFQ42NZH5QXK,Top Home Decor | Erosebridal 100K+ Styles | 15% Commission 34,Erosebridal,2026-09-03,2027-09-03,15.00%,10000.0,10000.0,132,800,false
"[B0GKM1JH6Y, B0GKM2VDTZ, B0GKL4F16M, B0GKLHQXTQ, B0GKMQXNCR, B0GKMG2DFN, B0GKLZ43ZL, B0GKL4XDCD, B0GKLCP4SM, B0GKM9WR8B, B0GKLHWPZ7, B0GKMX2655]",amzn1.campaign.10VRBV30E07ZG,Funny Chicken Tin Sign Rooster Metal Wall Decor Home Farm Chicken Coop,PlikPlakey,2026-09-03,2026-11-17,10.00%,5000.0,5000.0,129,800,false
"[B0DWDKKR4T, B0DWF3XL65]",amzn1.campaign.2NGY0TFR6261M,HOT Deal! Swivel Outdoor Bar Stools Set of 2/3/4/6 🪑 -ZH-WKS,Cozyman,2026-09-08,2026-10-23,10.00%,5000.0,5000.0,150,800,false
"[B0H832D45P, B0H85YQZXR]",amzn1.campaign.TFV3PKVXFUOD,B0H85YQZXR B0H832D45P Makeup brush cleaner 10%off,Norate,2026-09-03,2026-10-03,10.00%,5000.0,5000.0,139,800,false
[B0H6Q1MKGT],amzn1.campaign.34B01F608U7DX,Bring the Cosmos Home: HD Lunar Eclipse Space Projector,TOBTOS,2026-09-03,2026-10-03,30.00%,5000.0,4990.28,112,800,false
[B0DBHT8F76],amzn1.campaign.22R4KF536LEAF,Earn 10% Commission – Promote INSEETECH 1080P Solar WiFi Backup Camera WF818PB,INSEETECH,2026-09-03,2026-11-30,10.00%,5000.0,4991.85,115,800,false
"[B0H6ZWPWKQ, B0H716VDVV, B0H6ZWFBD6, B0H6ZTVLLJ]",amzn1.campaign.UCZZARPXCGDL,Gold Butterfly Moon Star Celestial Pendant Necklace Jewelry Promotion,CNYTPE,2026-09-03,2026-10-20,20.00%,5000.0,5000.0,115,800,false
"[B0H8X6VKC3, B0H8X41V47]",amzn1.campaign.3BIQ91P2F5AB0,Easily earn a 20% commission by sharing the L LOHAS LED Night Light!,L LOHAS LED,2026-09-03,2026-10-05,20.00%,9999.0,9963.14,122,800,false
[B0H9RJF9SZ],amzn1.campaign.3EXY8Y73HREGJ,Lacrosse Rebounder Net for Post-Match Technical Error Correction & Fixing,ZVFOTN,2026-09-07,2026-10-07,10.00%,5000.0,5000.0,138,800,false
"[B0B4S9LG4H, B0CMWQG6ZN, B0BXL5J8V9, B0B24L214D, B0B3XGHXFS, B09SKS9DL5, B091YJKL38, B0BLGSWW2K, B0C2BVPNJ5, B0CHJBBYM4, B09W4CB9PC, B0BN34ZRJG, B0BW954853, B0F43JJZCN, B0D8T46WRR, B0CHJB8C6K, B0CMXGN4NW, B091JYYBBR, B0B55Y7KD9, B0D8SRWT1N, B0B2R4RRKJ, B0CMWRQGXF, B09VWR3WVB, B0F6MMX6ZV, B0CMWPMSFH, B0D8SSVSV8, B0BZTQVKC2, B0C3VLJH54, B09BKWV9NC, B0BLGGR5X3, B0CHJ81X6J, B0BW95B8G5]",amzn1.campaign.37TODSA1N3RPQ,10.17% commission,BIKCZEWIN,2026-09-03,2026-10-03,10.17%,5000.0,5000.0,143,800,false
"[B0H98T1FFY, B0GTVN5G74, B0GTVCQW13, B0GTVH61CT, B0GTVM4LGR, B0H98SYXH7, B0H98SM4CR, B0H98TT3QW, B0H98WWM9S, B0H98GDL5F, B0H98RR8YZ, B0GTV9SRS1, B0H98QKFFN, B0GTVL5GGV, B0GTVKWBHD, B0GTVRGFW6, B0GTVH57WV, B0H98GLWTC]",amzn1.campaign.19S0GUUTHZBUC,Earn high commissions——Experience fashion style with Hathne!0028,hathne,2026-09-01,2027-03-02,15.93%,5000.0,5000.0,161,800,false
"[B0FNTDXPQQ, B0HCP84TJF]",amzn1.campaign.GMG72CSK785K,Best Price + 10% Commission: 49-inch 120Hz White Dual-QHD Curved Monitor,Deco Gear,2026-09-03,2026-10-03,10.00%,5000.0,4387.0,125,800,false
[B0GYR9NNVT],amzn1.campaign.RGZR7M27RT1K,20% Commission | 5MM PC Fold Down Golf Cart Windshield for EZGO TXT 1995-2013,moveland,2026-09-03,2026-11-03,20.00%,5000.0,5000.0,128,800,false
"[B0H832D45P, B0H85YQZXR]",amzn1.campaign.2L5MMQZ5W0O6V,B0H85YQZXR B0H832D45P Makeup brush cleaner 15%off,Norate,2026-09-03,2026-10-19,15.00%,5000.0,4924.82,125,800,false
[B0H1VF8STX],amzn1.campaign.1FNA560S89LFT,Purple & Orange Halloween String Lights | 20% off+10% Commission,RUMCU LIFE,2026-09-03,2026-10-25,10.00%,5000.0,5000.0,113,800,false
"[B0H98T1FFY, B0GTVN5G74, B0GTVCQW13, B0GTVH61CT, B0GTVM4LGR, B0H98SYXH7, B0H98SM4CR, B0H98TT3QW, B0H98WWM9S, B0H98GDL5F, B0H98RR8YZ, B0GTV9SRS1, B0H98QKFFN, B0GTVL5GGV, B0GTVKWBHD, B0GTVRGFW6, B0GTVH57WV, B0H98GLWTC]",amzn1.campaign.2YDEOG56RJ1LW,Earn high commissions——Experience fashion style with Hathne!0028,hathne,2026-09-01,2027-03-02,15.92%,5000.0,5000.0,164,800,false
"[B0H5HGZXC3, B0H5J14TP6]",amzn1.campaign.G1AJ4ONLHE0L,Remote Control Steam Train Set | Holiday Demo | 10% Bonus Commission,BrilliPlay,2026-09-03,2026-12-03,10.00%,5000.0,4983.0,108,800,false
"[B0GQS3N6FG, B0GQS2GRTS, B0GQS5FS87, B0GQSJYD6L, B0GQRSTN49]",amzn1.campaign.3KTFY2VAL7IXI,红色破洞牛仔裤+9.2,Arkordi,2026-09-03,2027-01-10,15.00%,5000.0,5000.0,165,800,false
"[B0HF87YY57, B0HF7WG3Z5, B0HF83MVZV, B0HF83HLGW, B0HF7TWWRM]",amzn1.campaign.1E5QVJWT3U8XO,"🏡 Family dinners start with a table. 10% OFF – IDEALHOUSE 71"" Dining Table #Eva",IDEALHOUSE,2026-09-07,2026-11-30,10.00%,10000.0,10000.0,127,800,false
"[B0B4S9LG4H, B0CMWQG6ZN, B0BXL5J8V9, B0B24L214D, B0B3XGHXFS, B09SKS9DL5, B091YJKL38, B0BLGSWW2K, B0C2BVPNJ5, B0CHJBBYM4, B09W4CB9PC, B0BN34ZRJG, B0BW954853, B0F43JJZCN, B0D8T46WRR, B0CHJB8C6K, B0CMXGN4NW, B091JYYBBR, B0B55Y7KD9, B0D8SRWT1N, B0B2R4RRKJ, B0CMWRQGXF, B09VWR3WVB, B0F6MMX6ZV, B0CMWPMSFH, B0D8SSVSV8, B0BZTQVKC2, B0C3VLJH54, B09BKWV9NC, B0BLGGR5X3, B0CHJ81X6J, B0BW95B8G5]",amzn1.campaign.2LEE3X98Z6EVF,10.16% commission,BIKCZEWIN,2026-09-03,2026-10-03,10.16%,5000.0,5000.0,144,800,false
