ASIN List,Campaign Id,Campaign Name,Brand Name,Campaign Start Date,Campaign End Date,Commission Rate,Campaign Budget,Budget Remaining,Available Slot,Total Slot,Recommended
"[B0D414SQX4, B0D4D81ZCL, B0CP3TRTX9, B0FLK65DLK, B0FLK4DQ1B, B0GLY4CW1N, B0CLRY388X, B0GWPTZCG3, B0GWMHX1Z4, B0CLRWFP8N, B0FLJZL3MW, B0DK2TXNXG, B0D4YZ7SQZ, B0DP77M8ZW, B0GLYFR86J, B0BNBRZ7NY, B0CXXGQZH7, B0C6Y1LXHG, B0G57TSMXG, B0FY2XPWLR, B0CLRX3C8M, B0BXNXWBCJ, B0C6Y23BZZ, B0FLK1VJ2V, B0CLRXN14V, B0CNJVQ3B5, B0CLRXLGWN, B0D41584P3, B0FLJY498Y, B0CP4V8FKK, B0DHZNT2RS, B0CLRVXXL2, B0CLRWN4VY, B0CSXBS978, B0GLY6R1VL, B0FLK5X89N, B0CLRVSVXG, B0FLK3PKPD, B0CLRVCKQQ, B0GQLR5SG6, B0BNBTFNLX, B0CP4VH232, B0GQLQ3XC8, B0C6Y2TT1J, B0DFHJSXM6, B0DFHJF9W8, B0G57PN771, B0GQLLPVXQ, B0DHZPR94Y, B0CLRVPDJT, B0D41577GC, B0FLJX3WQM, B0FLK4ZVW2, B0DFHK8L32, B0CLRW5HWC, B0FLJZ82JX, B0DFHJ9S8R, B0G57V2XR6, B0D41581GN, B0CLRXNQC2, B0G57SFBW7, B0GWHX3ZGJ, B0FY2WVFP8, B0FLJZX8GQ, B0BXNVFJWZ, B0DK2V93ZV, B0CLRW2Q1P, B0GQLKHQ1Q, B0CLRVCLB4, B0DFHJLN7V, B0GQL8WJZZ, B0DFHGJ6XZ, B0CNJM3YNF, B0FMX41DYP, B0CLRY77WH, B0DFHGC252, B0DK2TSWKH, B0CP4WYGT4, B0G57TQYQR, B0CLRW5Z7T, B0G57MY8B5, B0FLK3PRYQ, B0D41673MQ, B0CLRXN1S1, B0FY2V7LCM, B0CLRW1Z2Z, B0CLRWHKT2, B0FY2XD46Q, B0DK2STHY8, B0FXDXTK4F, B0DK2RJ4MJ, B0CLRXK3N9, B0G57Q4K34, B0CLRX2YBL, B0D415C6NL, B0DK2R6RCL, B0FXDV4WFG, B0DFHHMWB8, B0C6XXMSRC, B0BNC18Q21, B0D414DNW5, B0CXX14K8V, B0D416FPLL, B0D415W4NY, B0DHZLXB7M, B0G57TMCKW, B0CP3WQJKK, B0G588N36D, B0CLRX6NPG, B0DFHGJQ1T, B0GQLRH7QR, B0DFHL2BR5, B0DFHKNQXH, B0D415L2KR, B0FLK6D5KG, B0G57PWWCQ, B0G57S6XDR, B0D4D547QS, B0DK2T9N9S, B0FY2TDPF8, B0FXDZN7PY, B0DK2S7MK1, B0CLRXDLRW, B0DFHL7S49, B0D415FDQN, B0G57VQYSR, B0DFHGCJZ4, B0CLRWHDSV, B0G57PV3PS, B0FLK29PP6, B0BNDMNZXL, B0DFHHQR4D, B0CLRXW147, B0CXX8M2YP, B0D415444C, B0DFHGYYDR, B0CLRXKH4R, B0CLRW7JQS, B0FLK4WLFQ, B0G29VP5JT, B0FLK1R8SC, B0D4169CJW, B0CXXG4BWH, B0DK2SKQXV, B0CLRX194L, B0FXDWVV7D, B0FLK2NJF6, B0D4DD5KVB, B0CLRWLMXX, B0D4DVW3DV, B0FXDR83WH, B0FY2Y2YS1, B0CLRWKFMN, B0CLRY8NM7, B0CLRWL8MF, B0DHV47LRW, B0D4156Z7Y, B0DHZQGN4Q, B0FLK2CR7L, B0FY2ZM2ZK, B0BNBXCFSY, B0CLRWZW12, B0FLJZCL39, B0FDQSYPJM, B0FLJXPSN3, B0CLRY5HHP, B0G57VST76, B0DP784SGP, B0DFHG8RFB, B0GWHPGFD3, B0G584R2TX, B0C6XYCDYW, B0CP3VVX68, B0DFHK6L6S, B0G57PD2BY, B0D414YGVH, B0FY2S6FVG, B0C9ZZTYBS, B0BNBV3123, B0D415W2NQ, B0DHZNNV8Z, B0CLRXJ1XP, B0FP5HVLCT, B0CNJMG3Q7, B0DHV5KFBM, B0DK2SVX7D, B0CLRWWMTV, B0CLRX1C57, B0FLJZFWRS, B0FLK4BPHC, B0DHV1DNLB, B0D4DGJSZ6, B0FLJXXK39, B0D414G3SC, B0DK2RLY4B, B0D4D6TLN9, B0CLRYHHYQ, B0G588XPN1, B0G57MSPHR, B0FP5GJ3SZ, B0FLJZKHG9, B0CLRWWP8V, B0DP7B51QK, B0D415M6W2, B0G57RRMZM, B0CSXBSB3K, B0DHV2HP6P, B0G57MR8NN, B0CLRWJZ23, B0DFHHMWKD, B0BXNVB1HL, B0CXXLTLB5, B0FY2VKX81, B0D415TGCJ, B0DFHJ8LZG, B0CSXBH2F4, B0CLRVVHGM, B0GQL8BPJR, B0G584PQK5, B0FLK4LM6R, B0FY2TVDZQ, B0FXDWWL2L, B0D4D7Y2QL, B0FP5GP2N3, B0DFHH9XWH, B0DK2RT9PN, B0D415RCBJ, B0BYYQ6TPL, B0DP7B2RKK]",amzn1.campaign.1WDSF7PH8TSEU,Rug Creator Promo-2026/08/11,GENIMO,2026-08-13,2026-11-16,10.00%,5000.0,5000.0,0,800,false
"[B0F21MF9KJ, B0F21P3TSC, B0F21P4PTH, B0F21L7TS8, B0F21MCRK1, B0FDQVMLCH, B0F21Q3M2Z, B0F21KQQJJ, B0F21L9D6P, B0FDQSWCS9, B0FDQQX5X6, B0FDQSFX4P, B0F21NJL2Y, B0F21L1VVG, B0F21LWVNR]",amzn1.campaign.33GGUWV5YYO2P,Limited Time Deal: 🌟 Glamaker Casual Romper Collab -WYN-M25JU0023,Glamaker,2026-08-16,2026-11-29,10.00%,5000.0,5000.0,5,800,false
"[B0DS3ZSFRV, B0CTHK431D, B0G7ZHF1RS, B0FH9M4YMW, B0CTHDLL4R, B0DS4G6M2G, B0C3CDVZN1, B0CTHGTG8L, B0C3CB5MV1, B0D5Y2NR7R, B0CTHFQ9J2, B0D5Y35X1T, B0CTHCGKF9, B0C3CDJBS7, B0D5Y2Q324, B0C3CGSKMH, B0DS46W9XK, B0B56PWK26, B0F1TFMZQX, B0DS4441DX, B0F1SVF5SJ, B0C3CDHQ5N, B0CTHJSPCW, B0D5Y2SBJK, B0C3CD65B7, B0CTH9YNZJ, B0CTHBX8Z2, B0FH9Q9Q7J, B0DS44ZD94, B0C3CCTQCH, B0CTHDGP1T, B0CTHC2SKM, B0B56NLH6Q, B0B56PJ5HL, B0C3CC95HC, B0CTHC4K3Q, B0CTHFGPWJ, B0F1T6TGP2, B0CTHCRLN8, B0B56Q9N7H, B0B56NRDMC, B0D5XXV9TN, B0CTHC49YP, B0B56LMDWJ, B0D5XYHKLP, B0C3CFV6W4, B0CTHCKN5K, B0CTHF96NF, B0CTHC1YGF, B0D5Y3K71X, B0CTHFHW27, B0CTHD94SP, B0B56N9M9Y, B0FH9J7XXX, B0CTHFJF2P, B0B56PJ5GY, B0CTHDM8P3, B0FH9KYHX8, B0CTHDGVDG, B0CTHC5R5Z, B0DS488VFD, B0CTH9SR9F, B0C3CDNZLT, B0C3CFS89L, B0CTHCL6J4, B0C3CFNFJV, B0CTH354BZ, B0B56PZMBN, B0B56PZMBR, B0CTHD87SW, B0CTHCS415, B0F1SPJ754, B0FH9LCJCT, B0B56L1V3J, B0CTHC4KRY, B0CTHD4BLP, B0C3CH9SJX, B0CTHCRJFD, B0B56NH9Q3, B0F1SYGNLX, B0C3CCQCF5, B0CTHBMBZ2, B0D5Y47MXD, B0CTHFWZ5H, B0CTHH7JM6, B0CTHFL5N2, B0B56MRY5H, B0CTHDBPV2, B0CTHH69VH, B0CTHGXT1J, B0CTHC6865, B0B56QPVLM, B0F1T48HQ2, B0DS3W98LQ, B0CTHB92T7, B0C3CDZWF8, B0CTHCBGFV, B0C3CG8B67, B0F1SZK4CC, B0CTHD93VF, B0DS4DJSH7, B0B56R4TK6, B0C3CBL21J, B0B56P4FGV, B0CTHH83F7, B0CTHJCN8Z, B0FH9J68PP, B0DS43SG9V, B0CTHBMJWK, B0C3CFKX45, B0CTHF3LFS, B0D5Y1W3DH, B0F1SRVSKP, B0CTHDD188, B0C3CHTHZ3, B0CTHCNRXR, B0B56PM7WF, B0CTHFLSRN, B0DS4885QP, B0B56MW75Y, B0CTHBK8RH]",amzn1.campaign.3B8SNJDWNXRJ0,10% Earn | Les umes Women's Cropped Pants with Pockets-CAS028,Les umes,2026-08-13,2026-10-31,10.00%,10000.0,10000.0,12,800,false
"[B0DBRCWFYB, B0GYLN7RTK, B0H36G7L97, B0DBR1RB39, B0DBR16W7J, B0H36HFS44, B0DHPKKVHG, B0H36PWZ7B, B0DHPKQGTB]",amzn1.campaign.9QTKRN7Q9JNL,Fall Halloween Tote Bag Gifts,Gezred,2026-08-13,2026-11-30,14.00%,5000.0,4975.92,12,800,false
"[B0G87S94CW, B0G87F978J, B0G8735S6W]",amzn1.campaign.19SIUAZOQ4CD5,Creator Test: Hume Supernatural Body Wash - Morning-to-Night Routine,HUME SUPERNATURAL,2026-08-13,2027-06-29,19.50%,704761.0,704761.0,11,800,false
"[B0CYHG8PBD, B09N41XJGZ, B0FYR9HRKJ, B0DYF4ZZ1Z, B0FYR8YGC7, B09N43QXJY, B09N447SL8, B0CWSBKN1S, B0BCH6KHFK, B0H7286D71, B08STDBT3L, B09N44H9L3, B0H3M1KQM6]",amzn1.campaign.34UW33B5DHCAA,End Summer on a High Note with Havasu,HAVASU NUTRITION,2026-08-19,2026-09-30,11.00%,10000.0,10000.0,17,800,false
"[B0D414SQX4, B0D4D81ZCL, B0CP3TRTX9, B0FLK65DLK, B0FLK4DQ1B, B0GLY4CW1N, B0CLRY388X, B0GWPTZCG3, B0GWMHX1Z4, B0CLRWFP8N, B0FLJZL3MW, B0DK2TXNXG, B0D4YZ7SQZ, B0DP77M8ZW, B0GLYFR86J, B0BNBRZ7NY, B0CXXGQZH7, B0C6Y1LXHG, B0G57TSMXG, B0FY2XPWLR, B0CLRX3C8M, B0BXNXWBCJ, B0C6Y23BZZ, B0FLK1VJ2V, B0CLRXN14V, B0CNJVQ3B5, B0CLRXLGWN, B0D41584P3, B0FLJY498Y, B0CP4V8FKK, B0DHZNT2RS, B0CLRVXXL2, B0CLRWN4VY, B0CSXBS978, B0GLY6R1VL, B0FLK5X89N, B0CLRVSVXG, B0FLK3PKPD, B0CLRVCKQQ, B0GQLR5SG6, B0BNBTFNLX, B0CP4VH232, B0GQLQ3XC8, B0C6Y2TT1J, B0DFHJSXM6, B0DFHJF9W8, B0G57PN771, B0GQLLPVXQ, B0DHZPR94Y, B0CLRVPDJT, B0D41577GC, B0FLJX3WQM, B0FLK4ZVW2, B0DFHK8L32, B0CLRW5HWC, B0FLJZ82JX, B0DFHJ9S8R, B0G57V2XR6, B0D41581GN, B0CLRXNQC2, B0G57SFBW7, B0GWHX3ZGJ, B0FY2WVFP8, B0FLJZX8GQ, B0BXNVFJWZ, B0DK2V93ZV, B0CLRW2Q1P, B0GQLKHQ1Q, B0CLRVCLB4, B0DFHJLN7V, B0GQL8WJZZ, B0DFHGJ6XZ, B0CNJM3YNF, B0FMX41DYP, B0CLRY77WH, B0DFHGC252, B0DK2TSWKH, B0CP4WYGT4, B0G57TQYQR, B0CLRW5Z7T, B0G57MY8B5, B0FLK3PRYQ, B0D41673MQ, B0CLRXN1S1, B0FY2V7LCM, B0CLRW1Z2Z, B0CLRWHKT2, B0FY2XD46Q, B0DK2STHY8, B0FXDXTK4F, B0DK2RJ4MJ, B0CLRXK3N9, B0G57Q4K34, B0CLRX2YBL, B0D415C6NL, B0DK2R6RCL, B0FXDV4WFG, B0DFHHMWB8, B0C6XXMSRC, B0BNC18Q21, B0D414DNW5, B0CXX14K8V, B0D416FPLL, B0D415W4NY, B0DHZLXB7M, B0G57TMCKW, B0CP3WQJKK, B0G588N36D, B0CLRX6NPG, B0DFHGJQ1T, B0GQLRH7QR, B0DFHL2BR5, B0DFHKNQXH, B0D415L2KR, B0FLK6D5KG, B0G57PWWCQ, B0G57S6XDR, B0D4D547QS, B0DK2T9N9S, B0FY2TDPF8, B0FXDZN7PY, B0DK2S7MK1, B0CLRXDLRW, B0DFHL7S49, B0D415FDQN, B0G57VQYSR, B0DFHGCJZ4, B0CLRWHDSV, B0G57PV3PS, B0FLK29PP6, B0BNDMNZXL, B0DFHHQR4D, B0CLRXW147, B0CXX8M2YP, B0D415444C, B0DFHGYYDR, B0CLRXKH4R, B0CLRW7JQS, B0FLK4WLFQ, B0G29VP5JT, B0FLK1R8SC, B0D4169CJW, B0CXXG4BWH, B0DK2SKQXV, B0CLRX194L, B0FXDWVV7D, B0FLK2NJF6, B0D4DD5KVB, B0CLRWLMXX, B0D4DVW3DV, B0FXDR83WH, B0FY2Y2YS1, B0CLRWKFMN, B0CLRY8NM7, B0CLRWL8MF, B0DHV47LRW, B0D4156Z7Y, B0DHZQGN4Q, B0FLK2CR7L, B0FY2ZM2ZK, B0BNBXCFSY, B0CLRWZW12, B0FLJZCL39, B0FDQSYPJM, B0FLJXPSN3, B0CLRY5HHP, B0G57VST76, B0DP784SGP, B0DFHG8RFB, B0GWHPGFD3, B0G584R2TX, B0C6XYCDYW, B0CP3VVX68, B0DFHK6L6S, B0G57PD2BY, B0D414YGVH, B0FY2S6FVG, B0C9ZZTYBS, B0BNBV3123, B0D415W2NQ, B0DHZNNV8Z, B0CLRXJ1XP, B0FP5HVLCT, B0CNJMG3Q7, B0DHV5KFBM, B0DK2SVX7D, B0CLRWWMTV, B0CLRX1C57, B0FLJZFWRS, B0FLK4BPHC, B0DHV1DNLB, B0D4DGJSZ6, B0FLJXXK39, B0D414G3SC, B0DK2RLY4B, B0D4D6TLN9, B0CLRYHHYQ, B0G588XPN1, B0G57MSPHR, B0FP5GJ3SZ, B0FLJZKHG9, B0CLRWWP8V, B0DP7B51QK, B0D415M6W2, B0G57RRMZM, B0CSXBSB3K, B0DHV2HP6P, B0G57MR8NN, B0CLRWJZ23, B0DFHHMWKD, B0BXNVB1HL, B0CXXLTLB5, B0FY2VKX81, B0D415TGCJ, B0DFHJ8LZG, B0CSXBH2F4, B0CLRVVHGM, B0GQL8BPJR, B0G584PQK5, B0FLK4LM6R, B0FY2TVDZQ, B0FXDWWL2L, B0D4D7Y2QL, B0FP5GP2N3, B0DFHH9XWH, B0DK2RT9PN, B0D415RCBJ, B0BYYQ6TPL, B0DP7B2RKK]",amzn1.campaign.15WBH76DLR3Z6,Rug Creator Promo-2026/08/11,GENIMO,2026-08-13,2026-11-15,10.00%,5000.0,5000.0,3,800,false
"[B0CHMR2LQR, B0D22YV2G2, B0D5QPB7HM, B0FMR1MS37, B0D22XDTNN, B0CPHR2RC8, B0GXCZXMZS, B0GXCSYBJT, B0G3ZKP3YQ, B0CWRVRTQS, B0CWRTG9SR, B0CHMNLVWC, B0FMR1738J, B0FMR17SXJ, B0GXCXCJVX, B0D22Z944P, B0GXDCLDG4, B0FMR12Y6N, B0CHMP52N3, B0CRRWPNBQ, B0D22TZQ4B, B0CRRWCVZ4, B0D22W8SDR, B0D22XWKV5, B0GXD5GNL4, B0DK6S76LR, B0D22ZT4PB, B0CRV13T4F, B0G3ZLJLC8, B0D22ZRVY2, B0F8H7465X, B0FMQZZLBB, B0H6Z4WKTG, B0D22YDZS5, B0FRFNJ1YF, B0D5QQYKS3, B0DK6QDZ55, B0CWRWYTWL, B0G3ZRFKG5, B0CPHN33CN, B0G3ZM1Z7X, B0F8HTS2RC, B0GXDC42M7, B0G3ZRPTGJ, B0G3ZS99FQ, B0H6Z7Y89B, B0GXDFPZVS, B0GXD46PKM, B0GXD6656K, B0D7ZT18LK, B0CWRVFHFL, B0D22XDQNL, B0GXCXTNJ2, B0D22ZVBCV, B0G3ZMSTYB, B0FMR1V7FW, B0GXD2HW3S, B0CRRWRTF4, B0G3ZNT27F, B0D7ZVCXNV, B0CWRWYPXJ, B0G3ZNLHC4, B0D22Y6QZ4, B0D22ZLTQ5, B0CWRVFJ5H, B0CPHTB4DR, B0CHMN3149, B0FMR23XZ2, B0G3ZQCTL8, B0G3ZKYMNP, B0F8HLGRTX, B0FRF4Q28M, B0G3ZMYC69, B0GXCZY9T3, B0GXD2L87P, B0GXD5V9FW]",amzn1.campaign.QWKTRMT250BX,Great Deal! Bring Comfort Home-YL-KCJ,PureCozy,2026-08-14,2026-10-23,10.00%,5000.0,5000.0,18,800,false
"[B0CGM2T7XX, B0CGM32845, B0D1Y6CHPZ, B0CGLZXXMT, B0DPJZNMDS]",amzn1.campaign.3QQEM1U0SO6CX,HOT Deal! Outdoor Aluminum Bar Stools Set 🍹 -ZH-LKS**  **,Cozyman,2026-08-17,2026-09-25,10.00%,5000.0,5000.0,46,800,false
"[B0F21MF9KJ, B0F21P3TSC, B0F21P4PTH, B0F21L7TS8, B0F21MCRK1, B0FDQVMLCH, B0F21Q3M2Z, B0F21KQQJJ, B0F21L9D6P, B0FDQSWCS9, B0FDQQX5X6, B0FDQSFX4P, B0F21NJL2Y, B0F21L1VVG, B0F21LWVNR]",amzn1.campaign.2J4YPGUX06HJI,HOT Deal: 💫 Glamaker Trendy Denim Romper Collab -WYN-M25JU0023,Glamaker,2026-08-16,2027-02-28,10.00%,5000.0,4995.4,0,800,false
"[B0H3MD1WTN, B0H8QFXXW7, B0GTBZJTNN, B0H8QFBY8P, B0H8QBJ593, B0BHH3328V, B0H8QPZ14T, B0H8QQY5K2, B0GX7MDMZY, B0H8QJC4KR, B0H7YTYWWX, B0H1XFWMVS, B0H8QMTM4D, B0GWSBMZB7, B0H5TGKRPR, B0H733YQLT, B0GVL2LL7D, B0GWS7ZZ41, B0H5FD34QR, B0H37RBPK3, B0H1XWPBYK, B0H7286D71, B0GWS6XQPX, B0GXC2WHFL, B0H72M6MYP, B0GTBT2JPP, B0H84GMLLZ, B0GX859JM1, B0GWS6D1VY, B0H8QG9ZCC, B0H5DG2D3K, B0H84PHW6L, B0H8QKLWFW, B0GTC16T5X, B0GTC2GS7V, B0H85268F6, B0H7Z589WZ, B0H7YNN7HX, B0H1XJ1D8C, B0H72MBY7J, B0GVZX58L6, B0H3M1KQM6, B0GX7R4KZX]",amzn1.campaign.3BSV90YBWBPKZ,Keep Your Summer Momentum Going with Havasu,HAVASU NUTRITION,2026-08-18,2026-09-30,15.00%,10000.0,9992.8,24,800,false
"[B0D414SQX4, B0D4D81ZCL, B0CP3TRTX9, B0FLK65DLK, B0FLK4DQ1B, B0GLY4CW1N, B0CLRY388X, B0GWPTZCG3, B0GWMHX1Z4, B0CLRWFP8N, B0FLJZL3MW, B0DK2TXNXG, B0D4YZ7SQZ, B0DP77M8ZW, B0GLYFR86J, B0BNBRZ7NY, B0CXXGQZH7, B0C6Y1LXHG, B0G57TSMXG, B0FY2XPWLR, B0CLRX3C8M, B0BXNXWBCJ, B0C6Y23BZZ, B0FLK1VJ2V, B0CLRXN14V, B0CNJVQ3B5, B0CLRXLGWN, B0D41584P3, B0FLJY498Y, B0CP4V8FKK, B0DHZNT2RS, B0CLRVXXL2, B0CLRWN4VY, B0CSXBS978, B0GLY6R1VL, B0FLK5X89N, B0CLRVSVXG, B0FLK3PKPD, B0CLRVCKQQ, B0GQLR5SG6, B0BNBTFNLX, B0CP4VH232, B0GQLQ3XC8, B0C6Y2TT1J, B0DFHJSXM6, B0DFHJF9W8, B0G57PN771, B0GQLLPVXQ, B0DHZPR94Y, B0CLRVPDJT, B0D41577GC, B0FLJX3WQM, B0FLK4ZVW2, B0DFHK8L32, B0CLRW5HWC, B0FLJZ82JX, B0DFHJ9S8R, B0G57V2XR6, B0D41581GN, B0CLRXNQC2, B0G57SFBW7, B0GWHX3ZGJ, B0FY2WVFP8, B0FLJZX8GQ, B0BXNVFJWZ, B0DK2V93ZV, B0CLRW2Q1P, B0GQLKHQ1Q, B0CLRVCLB4, B0DFHJLN7V, B0GQL8WJZZ, B0DFHGJ6XZ, B0CNJM3YNF, B0FMX41DYP, B0CLRY77WH, B0DFHGC252, B0DK2TSWKH, B0CP4WYGT4, B0G57TQYQR, B0CLRW5Z7T, B0G57MY8B5, B0FLK3PRYQ, B0D41673MQ, B0CLRXN1S1, B0FY2V7LCM, B0CLRW1Z2Z, B0CLRWHKT2, B0FY2XD46Q, B0DK2STHY8, B0FXDXTK4F, B0DK2RJ4MJ, B0CLRXK3N9, B0G57Q4K34, B0CLRX2YBL, B0D415C6NL, B0DK2R6RCL, B0FXDV4WFG, B0DFHHMWB8, B0C6XXMSRC, B0BNC18Q21, B0D414DNW5, B0CXX14K8V, B0D416FPLL, B0D415W4NY, B0DHZLXB7M, B0G57TMCKW, B0CP3WQJKK, B0G588N36D, B0CLRX6NPG, B0DFHGJQ1T, B0GQLRH7QR, B0DFHL2BR5, B0DFHKNQXH, B0D415L2KR, B0FLK6D5KG, B0G57PWWCQ, B0G57S6XDR, B0D4D547QS, B0DK2T9N9S, B0FY2TDPF8, B0FXDZN7PY, B0DK2S7MK1, B0CLRXDLRW, B0DFHL7S49, B0D415FDQN, B0G57VQYSR, B0DFHGCJZ4, B0CLRWHDSV, B0G57PV3PS, B0FLK29PP6, B0BNDMNZXL, B0DFHHQR4D, B0CLRXW147, B0CXX8M2YP, B0D415444C, B0DFHGYYDR, B0CLRXKH4R, B0CLRW7JQS, B0FLK4WLFQ, B0G29VP5JT, B0FLK1R8SC, B0D4169CJW, B0CXXG4BWH, B0DK2SKQXV, B0CLRX194L, B0FXDWVV7D, B0FLK2NJF6, B0D4DD5KVB, B0CLRWLMXX, B0D4DVW3DV, B0FXDR83WH, B0FY2Y2YS1, B0CLRWKFMN, B0CLRY8NM7, B0CLRWL8MF, B0DHV47LRW, B0D4156Z7Y, B0DHZQGN4Q, B0FLK2CR7L, B0FY2ZM2ZK, B0BNBXCFSY, B0CLRWZW12, B0FLJZCL39, B0FDQSYPJM, B0FLJXPSN3, B0CLRY5HHP, B0G57VST76, B0DP784SGP, B0DFHG8RFB, B0GWHPGFD3, B0G584R2TX, B0C6XYCDYW, B0CP3VVX68, B0DFHK6L6S, B0G57PD2BY, B0D414YGVH, B0FY2S6FVG, B0C9ZZTYBS, B0BNBV3123, B0D415W2NQ, B0DHZNNV8Z, B0CLRXJ1XP, B0FP5HVLCT, B0CNJMG3Q7, B0DHV5KFBM, B0DK2SVX7D, B0CLRWWMTV, B0CLRX1C57, B0FLJZFWRS, B0FLK4BPHC, B0DHV1DNLB, B0D4DGJSZ6, B0FLJXXK39, B0D414G3SC, B0DK2RLY4B, B0D4D6TLN9, B0CLRYHHYQ, B0G588XPN1, B0G57MSPHR, B0FP5GJ3SZ, B0FLJZKHG9, B0CLRWWP8V, B0DP7B51QK, B0D415M6W2, B0G57RRMZM, B0CSXBSB3K, B0DHV2HP6P, B0G57MR8NN, B0CLRWJZ23, B0DFHHMWKD, B0BXNVB1HL, B0CXXLTLB5, B0FY2VKX81, B0D415TGCJ, B0DFHJ8LZG, B0CSXBH2F4, B0CLRVVHGM, B0GQL8BPJR, B0G584PQK5, B0FLK4LM6R, B0FY2TVDZQ, B0FXDWWL2L, B0D4D7Y2QL, B0FP5GP2N3, B0DFHH9XWH, B0DK2RT9PN, B0D415RCBJ, B0BYYQ6TPL, B0DP7B2RKK]",amzn1.campaign.3UPDPZTHQCXJZ,Rug Creator Promo-2026/08/11,GENIMO,2026-08-13,2026-11-14,10.00%,5000.0,5000.0,19,800,false
"[B0GQZCQ7XD, B0FFTMHZQB, B0DCS52FD2, B0DZC5F5GJ, B0DR25LQW2, B0FFTQPD8J, B0GHT5SHL6, B0DCSG3TGM, B0GYLY7LRQ, B0H2SSS83H, B0DCRV4JHP, B0DCS62GDP, B0DK8DTS17, B0H18XM2WP, B0DCSCZ8YQ, B0FFTPQXVL, B0DCSG7LZ6, B0DCRYGZVV, B0DCSBJQ4C, B0H2T5DR2H, B0H36KKYRG, B0H36MZC53, B0DCRV3JJB, B0DCSBM1JT, B0DCS34HGN, B0FTPR5CYG, B0DCRYRDSD, B0DCS3FV33, B0FFTNFRVX, B0FFTMX8F9]",amzn1.campaign.DOMAIWH147G,Aesthetic Tote Bag Gifts,Gezred,2026-08-13,2026-12-31,14.00%,5000.0,4923.94,20,800,false
[B07MQCNT9B],amzn1.campaign.CNPRK2EZLEMI,Creative Fun for Kids – KAZOKU 3D Coloring Puzzle Set(12% commission),KAZOKU,2026-08-13,2026-10-31,12.00%,5000.0,5000.0,35,800,false
[B0C2GWWXVQ],amzn1.campaign.1OTCLCQRNZTQP,"FITBAKE Chocolate Cake Mix - Sweet Treats, Keto Lifestyle (17%)",FitBake,2026-08-13,2026-12-11,17.00%,12000.0,12000.0,23,800,false
"[B0D414SQX4, B0D4D81ZCL, B0CP3TRTX9, B0FLK65DLK, B0FLK4DQ1B, B0GLY4CW1N, B0CLRY388X, B0GWPTZCG3, B0GWMHX1Z4, B0CLRWFP8N, B0FLJZL3MW, B0DK2TXNXG, B0D4YZ7SQZ, B0DP77M8ZW, B0GLYFR86J, B0BNBRZ7NY, B0CXXGQZH7, B0C6Y1LXHG, B0G57TSMXG, B0FY2XPWLR, B0CLRX3C8M, B0BXNXWBCJ, B0C6Y23BZZ, B0FLK1VJ2V, B0CLRXN14V, B0CNJVQ3B5, B0CLRXLGWN, B0D41584P3, B0FLJY498Y, B0CP4V8FKK, B0DHZNT2RS, B0CLRVXXL2, B0CLRWN4VY, B0CSXBS978, B0GLY6R1VL, B0FLK5X89N, B0CLRVSVXG, B0FLK3PKPD, B0CLRVCKQQ, B0GQLR5SG6, B0BNBTFNLX, B0CP4VH232, B0GQLQ3XC8, B0C6Y2TT1J, B0DFHJSXM6, B0DFHJF9W8, B0G57PN771, B0GQLLPVXQ, B0DHZPR94Y, B0CLRVPDJT, B0D41577GC, B0FLJX3WQM, B0FLK4ZVW2, B0DFHK8L32, B0CLRW5HWC, B0FLJZ82JX, B0DFHJ9S8R, B0G57V2XR6, B0D41581GN, B0CLRXNQC2, B0G57SFBW7, B0GWHX3ZGJ, B0FY2WVFP8, B0FLJZX8GQ, B0BXNVFJWZ, B0DK2V93ZV, B0CLRW2Q1P, B0GQLKHQ1Q, B0CLRVCLB4, B0DFHJLN7V, B0GQL8WJZZ, B0DFHGJ6XZ, B0CNJM3YNF, B0FMX41DYP, B0CLRY77WH, B0DFHGC252, B0DK2TSWKH, B0CP4WYGT4, B0G57TQYQR, B0CLRW5Z7T, B0G57MY8B5, B0FLK3PRYQ, B0D41673MQ, B0CLRXN1S1, B0FY2V7LCM, B0CLRW1Z2Z, B0CLRWHKT2, B0FY2XD46Q, B0DK2STHY8, B0FXDXTK4F, B0DK2RJ4MJ, B0CLRXK3N9, B0G57Q4K34, B0CLRX2YBL, B0D415C6NL, B0DK2R6RCL, B0FXDV4WFG, B0DFHHMWB8, B0C6XXMSRC, B0BNC18Q21, B0D414DNW5, B0CXX14K8V, B0D416FPLL, B0D415W4NY, B0DHZLXB7M, B0G57TMCKW, B0CP3WQJKK, B0G588N36D, B0CLRX6NPG, B0DFHGJQ1T, B0GQLRH7QR, B0DFHL2BR5, B0DFHKNQXH, B0D415L2KR, B0FLK6D5KG, B0G57PWWCQ, B0G57S6XDR, B0D4D547QS, B0DK2T9N9S, B0FY2TDPF8, B0FXDZN7PY, B0DK2S7MK1, B0CLRXDLRW, B0DFHL7S49, B0D415FDQN, B0G57VQYSR, B0DFHGCJZ4, B0CLRWHDSV, B0G57PV3PS, B0FLK29PP6, B0BNDMNZXL, B0DFHHQR4D, B0CLRXW147, B0CXX8M2YP, B0D415444C, B0DFHGYYDR, B0CLRXKH4R, B0CLRW7JQS, B0FLK4WLFQ, B0G29VP5JT, B0FLK1R8SC, B0D4169CJW, B0CXXG4BWH, B0DK2SKQXV, B0CLRX194L, B0FXDWVV7D, B0FLK2NJF6, B0D4DD5KVB, B0CLRWLMXX, B0D4DVW3DV, B0FXDR83WH, B0FY2Y2YS1, B0CLRWKFMN, B0CLRY8NM7, B0CLRWL8MF, B0DHV47LRW, B0D4156Z7Y, B0DHZQGN4Q, B0FLK2CR7L, B0FY2ZM2ZK, B0BNBXCFSY, B0CLRWZW12, B0FLJZCL39, B0FDQSYPJM, B0FLJXPSN3, B0CLRY5HHP, B0G57VST76, B0DP784SGP, B0DFHG8RFB, B0GWHPGFD3, B0G584R2TX, B0C6XYCDYW, B0CP3VVX68, B0DFHK6L6S, B0G57PD2BY, B0D414YGVH, B0FY2S6FVG, B0C9ZZTYBS, B0BNBV3123, B0D415W2NQ, B0DHZNNV8Z, B0CLRXJ1XP, B0FP5HVLCT, B0CNJMG3Q7, B0DHV5KFBM, B0DK2SVX7D, B0CLRWWMTV, B0CLRX1C57, B0FLJZFWRS, B0FLK4BPHC, B0DHV1DNLB, B0D4DGJSZ6, B0FLJXXK39, B0D414G3SC, B0DK2RLY4B, B0D4D6TLN9, B0CLRYHHYQ, B0G588XPN1, B0G57MSPHR, B0FP5GJ3SZ, B0FLJZKHG9, B0CLRWWP8V, B0DP7B51QK, B0D415M6W2, B0G57RRMZM, B0CSXBSB3K, B0DHV2HP6P, B0G57MR8NN, B0CLRWJZ23, B0DFHHMWKD, B0BXNVB1HL, B0CXXLTLB5, B0FY2VKX81, B0D415TGCJ, B0DFHJ8LZG, B0CSXBH2F4, B0CLRVVHGM, B0GQL8BPJR, B0G584PQK5, B0FLK4LM6R, B0FY2TVDZQ, B0FXDWWL2L, B0D4D7Y2QL, B0FP5GP2N3, B0DFHH9XWH, B0DK2RT9PN, B0D415RCBJ, B0BYYQ6TPL, B0DP7B2RKK]",amzn1.campaign.RDR1U4B6ZPC9,Rug Creator Promo-2026/08/11,GENIMO,2026-08-13,2026-11-13,10.00%,5000.0,5000.0,23,800,false
"[B0HCW54P7T, B0HD7NRFBQ, B0HD7R9XLH, B0HD7X4D4Y, B0HD7KBFQ4]",amzn1.campaign.3J8FJLVBC1SWT,Dzlhayf Personalized Rose Flower Blanket Creator Campaign-花束毯,Dzlhayf,2026-08-13,2026-12-31,10.00%,1000000.0,1000000.0,18,800,false
"[B091MLSF82, B08CSTT8B7, B08DWJS48C, B09FJ44DHC, B0D3NRQ3WG, B08H7RJRYG, B08GY8HJZX, B08DWB5LWP, B00ICVHYSA, B0DJCCZDVZ, B09FJ6CQ1F, B08H8FQBP9, B09K91QLYL, B07KNBPZHS, B09K8ZR6H2, B09FJ5XZ2L, B08F4Y1JFS, B08H8KDBZM, B08DW49KN3, B09FJ4LZQS, B08DVZG2BM, B09FJ5GTM1, B097FDNF7D, B08H8KQ3GW, B09FJ5JS9X, B09FJ4PP3S, B091MDJ36L, B0DJ3FGJZV, B0DJ3G3NSZ, B0D3NMMZRT, B08H7M99TQ, B08H8N4KCH, B097FDQWKW, B08CSTCP62, B08GYGYGKQ, B08H87C4HM, B07KX825YR, B07KX7VS49, B07KX7C4Y7, B09FJ3WM29, B08GY18RSY, B09K8Z4Z15, B08GY6Y7R4, B0DJCDH17B, B09K96LY3P, B08HBX886G]",amzn1.campaign.3IUVYYS9M58KT,"Creator Challenge: Grinds Coffee Pouches - Hot, Cold, and Convenient",GRINDS,2026-08-13,2027-03-14,16.00%,668399.0,668399.0,12,800,false
"[B078TWQ6ZS, B0C1RWPCSW]",amzn1.campaign.2GHJW9EUL5DFW,HYH American Flag LED Lights-Shine Your Patriotism with 420 LEDs,HYH,2026-08-13,2026-10-31,12.00%,5000.0,5000.0,16,800,false
"[B0F21MF9KJ, B0F21P3TSC, B0F21P4PTH, B0F21L7TS8, B0F21MCRK1, B0FDQVMLCH, B0F21Q3M2Z, B0F21KQQJJ, B0F21L9D6P, B0FDQSWCS9, B0FDQQX5X6, B0FDQSFX4P, B0F21NJL2Y, B0F21L1VVG, B0F21LWVNR]",amzn1.campaign.9KP37CUD8TGQ,Limited Time Deal: 🌟 Glamaker Summer Overalls Collab -WYN-M25JU0023,Glamaker,2026-08-16,2026-11-26,10.00%,5000.0,5000.0,9,800,false
"[B09Q4Q4XFH, B09RTS11KK, B0BV1C73PX, B08X4X3ZZ9, B0B3Q7GNSV]",amzn1.campaign.1EX38X37PFEX4,Creator Test: Hume Desert Bloom Deodorant - Morning-to-Night Routine,HUME SUPERNATURAL,2026-08-13,2027-06-29,19.50%,701963.0,701963.0,6,800,false
"[B0CP69773Y, B0FH2MVSVV, B0FH2JLY5X, B0FZDCH9NF, B0F1N87DNY, B09XP5PD6D, B0BRTGVWFH, B0FZDJVR5V, B0H7YTYWWX, B0FH2MJ711, B0F1N9PB38, B0F1NBZWWL, B0H733YQLT, B0DFQN99FN, B0984V6YKY, B0F24TBMWB, B0DTMH9JLP, B0H1XWPBYK, B0B3CW5KVK, B0H7286D71, B0D216FD99, B0H72M6MYP, B09WRRXC1Z, B0DYF4ZZ1Z, B0934R9BJ5, B08FCM28R5, B0D6NLZNN6, B0DVZSN76Y, B087KR31J9, B0H7Z589WZ, B0B41BC895, B0BF7N19V9, B0F24W7B5G, B0DFQML999, B0H1XJ1D8C, B0F1N8KMT4, B0H3M1KQM6, B0GX7R4KZX, B0BTTS2TW6]",amzn1.campaign.ACOR2WKLLSJK,Upgrade Your August Wellness with Havasu Gummies,HAVASU NUTRITION,2026-08-17,2026-09-30,14.00%,10000.0,10000.0,27,800,false
"[B0DS3ZSFRV, B0CTHK431D, B0CTHDLL4R, B0DS4G6M2G, B0CTHGTG8L, B0CTH4CZDF, B0CTHFQ9J2, B0CTHGP63C, B0CTHCGKF9, B0CTHCV6XL, B0DSZFB3JK, B0DS46W9XK, B0DS4441DX, B0CTHJSPCW, B0CTHC68J1, B0CTH9YNZJ, B0CTHBX8YP, B0DSZRVHL3, B0CTHBX8Z2, B0CTHFZ5XG, B0CTHFL3V2, B0DSZJWMJ7, B0DS44ZD94, B0CTHDGP1T, B0DT124WKT, B0CTHC2SKM, B0CTHFLHHK, B0DSZWSY6N, B0DSZNMS59, B0DSZWSY6L, B0CTHC4K3Q, B0CTHFGPWJ, B0CTHCRLN8, B0CTHC49YP, B0DSZW7SVD, B0CTHCKN5K, B0CTHF96NF, B0CTHC1YGF, B0CTHFHW27, B0CTHHJV18, B0CTHD94SP, B0DSZJVMNK, B0CTHD6J7G, B0CTHFJF2P, B0DSZRK66R, B0CTHDM8P3, B0CTHD85GV, B0CTHDGVDG, B0CTHC5R5Z, B0DS488VFD, B0CTH9SR9F, B0CTHCL6J4, B0CTHBSG9M, B0CTH354BZ, B0DSZP15H9, B0CTHD87SW, B0CTHCS415, B0CTHFRJCY, B0DSZV13WM, B0CTHC4KRY, B0CTHD4BLP, B0CTHC5GXG, B0DT126P42, B0CTHCRJFD, B0DSZG3DYM, B0CTHDMDF2, B0DSZPTYQ1, B0CTHDYFHD, B0CTHBMBZ2, B0F2SRZJBM, B0CTHFWZ5H, B0CTHB7R39, B0DSZXQ6GL, B0CTHH9J5H, B0CTHH7JM6, B0CTHFL5N2, B0CTHDCQ3X, B0CTHDBPV2, B0CTHH69VH, B0CTHGXT1J, B0CTHC6865, B0CTHB73NB, B0DS3W98LQ, B0CTHB92T7, B0CTHCBGFV, B0CTHBNYBD, B0CTHDLG4R, B0DSZP53NZ, B0CTHD93VF, B0DS4DJSH7, B0CTHH83F7, B0CTHJCN8Z, B0DSZM4QZT, B0DS43SG9V, B0CTHBMJWK, B0CTHF3LFS, B0CTHB76RR, B0CTHDD188, B0DSZSQ23Q, B0CTHCNRXR, B0CTHFLSRN, B0DS4885QP, B0DSZQ677H, B0CTHBK8RH, B0CTH1YQMX]",amzn1.campaign.5VVCO4WII8NP,10% Earn |Les umes Women's Wide Leg Drawstring Pants Trousers-CAS114,Les umes,2026-08-13,2026-10-31,10.00%,10000.0,10000.0,8,800,false
"[B0F21MF9KJ, B0F21P3TSC, B0F21P4PTH, B0F21L7TS8, B0F21MCRK1, B0FDQVMLCH, B0F21Q3M2Z, B0F21KQQJJ, B0F21L9D6P, B0FDQSWCS9, B0FDQQX5X6, B0FDQSFX4P, B0F21NJL2Y, B0F21L1VVG, B0F21LWVNR]",amzn1.campaign.3TJF26CVALOZ9,HOT Deal: 🌞 Glamaker Casual Denim Romper Collab -WYN-M25JU0023,Glamaker,2026-08-16,2026-11-25,10.00%,5000.0,5000.0,11,800,false
"[B0G6YFWKLY, B0FZRJNZKT, B0FZRNF5TM, B0H6BFF8RC, B0H69XDWVT, B0H6BBW29Z, B0H3K9629X, B0H6BBFKN1, B0FZRYBZYB, B0H33H4YP8, B0H6BFVS7M, B0H337VK42, B0FZRKQPJV, B0DPN7CWTV, B0DPN253XB, B0H6B9BS1X, B0FZS22VW5, B0H6B68GT4, B0DPN6SMMV, B0H6BGPLYM, B0H6B4ZGF2, B0GY48CYY9, B0H6BHGLVY, B0H6BHVMD7, B0FZRSRMTV, B0GSVQG2W5, B0H6B9J2S6, B0G6YPV8DR, B0DPN39T31, B0G6YH1WD9, B0FZRRQ2XC, B0GYRPZ4DJ, B0DPN51YTG, B0FZRTD2MH, B0H6B99NTD, B0FZRXFJHN, B0G6YL8TJN, B0H6B51GHM, B0H6BDSXL8, B0FZRPMXBX, B0H3KC14KQ, B0FZRJTYMX, B0DPN3LDDB, B0H6B6NP96, B0H6B5J24Y, B0DPN3GFX4, B0H6B7Q5H1, B0H6B7TP2H, B0H6B9F9DX, B0H3KGYD74, B0H6BC8R45, B0H3KHFCJ9, B0H6BG97R3, B0FZRMYJCK, B0H6BFJR7W, B0FZRTVVDS, B0H6BF4J2H, B0G6YFFKHK, B0H6BHQJ2N, B0H6B7PNJJ, B0H6B5WPRP, B0H6B9RLWS, B0GVRZXNBH, B0H6BB9VV7, B0FZRTSYKH, B0H6B4HW95, B0FZRGV2GN, B0H6B6NSNR, B0H6BGXTDC, B0H6BDDT9Z, B0DPN1W1X4, B0H6BDVXDH, B0DPN2YX1Z, B0H69X7N66, B0H6BL8FF1, B0H6BHRQDK, B0G6YJJSY4, B0H6BGCL1M, B0DPN363NB, B0H6B4ZC8S, B0FZRQ46V5, B0H33CVND7, B0GY4LY7RP, B0H3KKJSSH, B0H6B93LDZ, B0H6B7LQBG, B0H6B52DVX, B0H6B4DZHP, B0H6B4DZHN, B0H6BC2HD1, B0GYPH6BPQ, B0FZRQS972, B0FZRMTZL5, B0GYPG8YTN, B0H6BB8YY5, B0H6BF642T, B0H6B37YW4, B0FZRGJ3SP, B0FZRJ6939, B0H6B4H6BH, B0DPN33XZ7, B0H3KF3CHP, B0H6B6TCYZ, B0FZRH23C5, B0H6B8XF8D, B0H6BHSSL5, B0H6BH6WYM, B0FZRGJ3SC, B0FZRNGHDZ, B0H6B6TV75, B0H3KHQQXY, B0H6BBRVF1, B0H6B7QSW1, B0H3KK1LS3, B0H6BGGSKT, B0H3KGT26G, B0H6B8WHXV, B0H6B76TGF, B0FZRNDJ9M, B0DPN1WSWQ, B0H3KJFNK7, B0H6BHRHXN, B0H69ZFXZT, B0H6B5PFPB, B0H6BG94HJ, B0H6BHTPZN, B0H3KHT1R8, B0GY474X4Q]",amzn1.campaign.3RFIDQ151EWC7,Mat Creator Promo-2026/08/11,GENIMO,2026-08-13,2026-11-16,10.00%,5000.0,5000.0,28,800,false
"[B0CGM2T7XX, B0CGM32845, B0D1Y6CHPZ, B0CGLZXXMT, B0DPJZNMDS]",amzn1.campaign.1AYLPTBJJQJAK,Great Deal! Carving Upholstered End of Bed Bench 🛋️ -ZH-ZLY,Cozyman,2026-08-15,2026-10-14,10.00%,5000.0,5000.0,41,800,false
"[B0F21MF9KJ, B0F21P3TSC, B0F21P4PTH, B0F21L7TS8, B0F21MCRK1, B0FDQVMLCH, B0F21Q3M2Z, B0F21KQQJJ, B0F21L9D6P, B0FDQSWCS9, B0FDQQX5X6, B0FDQSFX4P, B0F21NJL2Y, B0F21L1VVG, B0F21LWVNR]",amzn1.campaign.3F08ARNOCOPWB,Great Deal: 🌟 Glamaker Overall Shorts Collab Invite -WYN-M25JU0023,Glamaker,2026-08-16,2026-11-24,10.00%,5000.0,5000.0,13,800,false
"[B0G6YFWKLY, B0FZRJNZKT, B0FZRNF5TM, B0H6BFF8RC, B0H69XDWVT, B0H6BBW29Z, B0H3K9629X, B0H6BBFKN1, B0FZRYBZYB, B0H33H4YP8, B0H6BFVS7M, B0H337VK42, B0FZRKQPJV, B0DPN7CWTV, B0DPN253XB, B0H6B9BS1X, B0FZS22VW5, B0H6B68GT4, B0DPN6SMMV, B0H6BGPLYM, B0H6B4ZGF2, B0GY48CYY9, B0H6BHGLVY, B0H6BHVMD7, B0FZRSRMTV, B0GSVQG2W5, B0H6B9J2S6, B0G6YPV8DR, B0DPN39T31, B0G6YH1WD9, B0FZRRQ2XC, B0GYRPZ4DJ, B0DPN51YTG, B0FZRTD2MH, B0H6B99NTD, B0FZRXFJHN, B0G6YL8TJN, B0H6B51GHM, B0H6BDSXL8, B0FZRPMXBX, B0H3KC14KQ, B0FZRJTYMX, B0DPN3LDDB, B0H6B6NP96, B0H6B5J24Y, B0DPN3GFX4, B0H6B7Q5H1, B0H6B7TP2H, B0H6B9F9DX, B0H3KGYD74, B0H6BC8R45, B0H3KHFCJ9, B0H6BG97R3, B0FZRMYJCK, B0H6BFJR7W, B0FZRTVVDS, B0H6BF4J2H, B0G6YFFKHK, B0H6BHQJ2N, B0H6B7PNJJ, B0H6B5WPRP, B0H6B9RLWS, B0GVRZXNBH, B0H6BB9VV7, B0FZRTSYKH, B0H6B4HW95, B0FZRGV2GN, B0H6B6NSNR, B0H6BGXTDC, B0H6BDDT9Z, B0DPN1W1X4, B0H6BDVXDH, B0DPN2YX1Z, B0H69X7N66, B0H6BL8FF1, B0H6BHRQDK, B0G6YJJSY4, B0H6BGCL1M, B0DPN363NB, B0H6B4ZC8S, B0FZRQ46V5, B0H33CVND7, B0GY4LY7RP, B0H3KKJSSH, B0H6B93LDZ, B0H6B7LQBG, B0H6B52DVX, B0H6B4DZHP, B0H6B4DZHN, B0H6BC2HD1, B0GYPH6BPQ, B0FZRQS972, B0FZRMTZL5, B0GYPG8YTN, B0H6BB8YY5, B0H6BF642T, B0H6B37YW4, B0FZRGJ3SP, B0FZRJ6939, B0H6B4H6BH, B0DPN33XZ7, B0H3KF3CHP, B0H6B6TCYZ, B0FZRH23C5, B0H6B8XF8D, B0H6BHSSL5, B0H6BH6WYM, B0FZRGJ3SC, B0FZRNGHDZ, B0H6B6TV75, B0H3KHQQXY, B0H6BBRVF1, B0H6B7QSW1, B0H3KK1LS3, B0H6BGGSKT, B0H3KGT26G, B0H6B8WHXV, B0H6B76TGF, B0FZRNDJ9M, B0DPN1WSWQ, B0H3KJFNK7, B0H6BHRHXN, B0H69ZFXZT, B0H6B5PFPB, B0H6BG94HJ, B0H6BHTPZN, B0H3KHT1R8, B0GY474X4Q]",amzn1.campaign.25DGOQ1HOFUAK,Mat Creator Promo-2026/08/11,GENIMO,2026-08-13,2026-11-15,10.00%,5000.0,5000.0,32,800,false
"[B0HBLMLMMZ, B0H9SNBPN9]",amzn1.campaign.3VKGXXBW4WS47,Dzlhayf Personalized Knit Beach Tote Creator Campaign-针织草编包,Dzlhayf,2026-08-13,2026-12-31,10.00%,1000000.0,1000000.0,8,800,false
"[B0HD74FZHY, B0HBR2TCKC, B0HBQXXHM8, B0HCBH2FJ7, B0HC9W2RGY, B0HCB8JT76, B0HCB881TN, B0HC9WLGK9, B0GZHV4DKS, B0H2GDQT2L]",amzn1.campaign.3NWFEEV9R0UGR,🔥🔥10% + 5% for Creators🔥Best Seller No.1_20K Sold Monthly_Strapless Bodysuits,SIMIYA,2026-08-16,2026-10-10,10.00%,5000.0,5000.0,26,800,false
"[B0G6YFWKLY, B0FZRJNZKT, B0FZRNF5TM, B0H6BFF8RC, B0H69XDWVT, B0H6BBW29Z, B0H3K9629X, B0H6BBFKN1, B0FZRYBZYB, B0H33H4YP8, B0H6BFVS7M, B0H337VK42, B0FZRKQPJV, B0DPN7CWTV, B0DPN253XB, B0H6B9BS1X, B0FZS22VW5, B0H6B68GT4, B0DPN6SMMV, B0H6BGPLYM, B0H6B4ZGF2, B0GY48CYY9, B0H6BHGLVY, B0H6BHVMD7, B0FZRSRMTV, B0GSVQG2W5, B0H6B9J2S6, B0G6YPV8DR, B0DPN39T31, B0G6YH1WD9, B0FZRRQ2XC, B0GYRPZ4DJ, B0DPN51YTG, B0FZRTD2MH, B0H6B99NTD, B0FZRXFJHN, B0G6YL8TJN, B0H6B51GHM, B0H6BDSXL8, B0FZRPMXBX, B0H3KC14KQ, B0FZRJTYMX, B0DPN3LDDB, B0H6B6NP96, B0H6B5J24Y, B0DPN3GFX4, B0H6B7Q5H1, B0H6B7TP2H, B0H6B9F9DX, B0H3KGYD74, B0H6BC8R45, B0H3KHFCJ9, B0H6BG97R3, B0FZRMYJCK, B0H6BFJR7W, B0FZRTVVDS, B0H6BF4J2H, B0G6YFFKHK, B0H6BHQJ2N, B0H6B7PNJJ, B0H6B5WPRP, B0H6B9RLWS, B0GVRZXNBH, B0H6BB9VV7, B0FZRTSYKH, B0H6B4HW95, B0FZRGV2GN, B0H6B6NSNR, B0H6BGXTDC, B0H6BDDT9Z, B0DPN1W1X4, B0H6BDVXDH, B0DPN2YX1Z, B0H69X7N66, B0H6BL8FF1, B0H6BHRQDK, B0G6YJJSY4, B0H6BGCL1M, B0DPN363NB, B0H6B4ZC8S, B0FZRQ46V5, B0H33CVND7, B0GY4LY7RP, B0H3KKJSSH, B0H6B93LDZ, B0H6B7LQBG, B0H6B52DVX, B0H6B4DZHP, B0H6B4DZHN, B0H6BC2HD1, B0GYPH6BPQ, B0FZRQS972, B0FZRMTZL5, B0GYPG8YTN, B0H6BB8YY5, B0H6BF642T, B0H6B37YW4, B0FZRGJ3SP, B0FZRJ6939, B0H6B4H6BH, B0DPN33XZ7, B0H3KF3CHP, B0H6B6TCYZ, B0FZRH23C5, B0H6B8XF8D, B0H6BHSSL5, B0H6BH6WYM, B0FZRGJ3SC, B0FZRNGHDZ, B0H6B6TV75, B0H3KHQQXY, B0H6BBRVF1, B0H6B7QSW1, B0H3KK1LS3, B0H6BGGSKT, B0H3KGT26G, B0H6B8WHXV, B0H6B76TGF, B0FZRNDJ9M, B0DPN1WSWQ, B0H3KJFNK7, B0H6BHRHXN, B0H69ZFXZT, B0H6B5PFPB, B0H6BG94HJ, B0H6BHTPZN, B0H3KHT1R8, B0GY474X4Q]",amzn1.campaign.2MF48WPY8Q52Y,Mat Creator Promo-2026/08/11,GENIMO,2026-08-13,2026-11-14,10.00%,5000.0,5000.0,32,800,false
"[B0CWPMVVBL, B0CWPN1V1L, B0CV5ZKLRW]",amzn1.campaign.1JQB806GX9SLK,Lockrap Affiliate Campaign,Lockwrap,2026-08-13,2026-12-31,12.00%,10000.0,9192.63,1,800,false
"[B0HD74FZHY, B0HBR2TCKC, B0HBQXXHM8, B0HCBH2FJ7, B0HC9W2RGY, B0HCB8JT76, B0HCB881TN, B0HC9WLGK9, B0GZHV4DKS, B0H2GDQT2L]",amzn1.campaign.300Z2XBKIO4T4,🔥🔥10% + 5% for Creators🔥Best Seller No.1_20K Sold Monthly_Strapless Bodysuits,SIMIYA,2026-08-15,2026-10-10,10.00%,5000.0,5000.0,28,800,false
"[B0F21MF9KJ, B0F21P3TSC, B0F21P4PTH, B0F21L7TS8, B0F21MCRK1, B0FDQVMLCH, B0F21Q3M2Z, B0F21KQQJJ, B0F21L9D6P, B0FDQSWCS9, B0FDQQX5X6, B0FDQSFX4P, B0F21NJL2Y, B0F21L1VVG, B0F21LWVNR]",amzn1.campaign.1TXT5SXBL23OL,Limited Time Deal: 💥 Glamaker Denim Overalls Collab -WYN-M25JU0023,Glamaker,2026-08-16,2026-11-23,10.00%,5000.0,5000.0,9,800,false
"[B0GHPHL7P3, B0FYR9HRKJ, B0F1N9NVY8, B0CQMFQPQR, B0FYR8YGC7, B0FH2MVSVV, B0FH2FBVM9, B09N447SL8, B08MT7L8RK, B0CWSBKN1S, B0DLX3DJLL, B0FH5LPBXG, B0D6NLTJZT, B08STDBT3L, B09N4PH795, B0D216FD99, B0CYHG8PBD, B09N41XJGZ, B09N43QXJY, B01MS461VC, B0D6NLZNN6, B0DLX4T8VH, B08B1WYGRM, B0F1TXPBHD, B0DLWZPX4Z, B0H72MBY7J, B09N44H9L3, B0GX7R4KZX, B07S424N6V]",amzn1.campaign.2F62G6GXNNYRZ,Get Your Summer Wellness with Havasu L-Arginine,HAVASU NUTRITION,2026-08-16,2026-09-30,13.00%,10000.0,10000.0,11,800,false
"[B0HD74FZHY, B0HBR2TCKC, B0HBQXXHM8, B0HCBH2FJ7, B0HC9W2RGY, B0HCB8JT76, B0HCB881TN, B0HC9WLGK9, B0GZHV4DKS, B0H2GDQT2L]",amzn1.campaign.106J4HPXACYLL,🔥🔥10% + 5% for Creators🔥Best Seller No.1_20K Sold Monthly_Strapless Bodysuits,SIMIYA,2026-08-14,2026-10-10,10.00%,5000.0,5000.0,26,800,false
"[B0H2FHQ7K6, B0HBKQSW23, B0HBKJ4FN6]",amzn1.campaign.NKPIOKWVFM91,"Pet Creator Opportunity｜zoVVzo Dog Slow Feeder 2000+ Daily Sales, 10% Commission",zoVVzo,2026-08-13,2027-05-31,10.00%,9999.0,9999.0,0,800,false
"[B0FY4DRL9Q, B0FSLQDY5D, B0FS39HDSW, B0H389M4NW, B0DWV7M97D, B0GQZSBGZ6, B0DWVB41YT, B0H2NN1NB2, B0GR124TZF, B0FSLQ12NV, B0DWVB3DT5, B0GQZL4B4Z, B0DK81C9LY, B0FS423VCQ, B0H3865MCZ, B0FY44ZMZB, B0FSLS1LF4]",amzn1.campaign.2A36CHOR5KGYU,Creator Challenge: Grinds Focus Energy Pouches - First Use to Final Take,GRINDS,2026-08-13,2027-03-13,15.00%,663408.0,663408.0,0,800,false
"[B0G87S94CW, B0G87F978J, B0G8735S6W]",amzn1.campaign.2ZDTUZMXAGF6I,Creator Test: Hume Supernatural Body Wash - Texture and Application,HUME SUPERNATURAL,2026-08-13,2027-06-26,19.00%,698616.0,698616.0,15,800,false
[B0HCBXG3T8],amzn1.campaign.1XUM8FA0VOMTT,30% Off 12×18 Inch Happy Halloween Pumpkin Haunted House Ghost Yard Flag,Pfzye,2026-08-13,2026-09-21,15.00%,5000.0,5000.0,28,800,false
"[B0HD74FZHY, B0HBR2TCKC, B0HBQXXHM8, B0HCBH2FJ7, B0HC9W2RGY, B0HCB8JT76, B0HCB881TN, B0HC9WLGK9, B0GZHV4DKS, B0H2GDQT2L]",amzn1.campaign.1I128FN5B8MQ4,🔥🔥10% + 5% for Creators🔥Best Seller No.1_20K Sold Monthly_Strapless Bodysuits,SIMIYA,2026-08-13,2026-10-10,10.00%,5000.0,5000.0,30,800,false
"[B0G6YFWKLY, B0FZRJNZKT, B0FZRNF5TM, B0H6BFF8RC, B0H69XDWVT, B0H6BBW29Z, B0H3K9629X, B0H6BBFKN1, B0FZRYBZYB, B0H33H4YP8, B0H6BFVS7M, B0H337VK42, B0FZRKQPJV, B0DPN7CWTV, B0DPN253XB, B0H6B9BS1X, B0FZS22VW5, B0H6B68GT4, B0DPN6SMMV, B0H6BGPLYM, B0H6B4ZGF2, B0GY48CYY9, B0H6BHGLVY, B0H6BHVMD7, B0FZRSRMTV, B0GSVQG2W5, B0H6B9J2S6, B0G6YPV8DR, B0DPN39T31, B0G6YH1WD9, B0FZRRQ2XC, B0GYRPZ4DJ, B0DPN51YTG, B0FZRTD2MH, B0H6B99NTD, B0FZRXFJHN, B0G6YL8TJN, B0H6B51GHM, B0H6BDSXL8, B0FZRPMXBX, B0H3KC14KQ, B0FZRJTYMX, B0DPN3LDDB, B0H6B6NP96, B0H6B5J24Y, B0DPN3GFX4, B0H6B7Q5H1, B0H6B7TP2H, B0H6B9F9DX, B0H3KGYD74, B0H6BC8R45, B0H3KHFCJ9, B0H6BG97R3, B0FZRMYJCK, B0H6BFJR7W, B0FZRTVVDS, B0H6BF4J2H, B0G6YFFKHK, B0H6BHQJ2N, B0H6B7PNJJ, B0H6B5WPRP, B0H6B9RLWS, B0GVRZXNBH, B0H6BB9VV7, B0FZRTSYKH, B0H6B4HW95, B0FZRGV2GN, B0H6B6NSNR, B0H6BGXTDC, B0H6BDDT9Z, B0DPN1W1X4, B0H6BDVXDH, B0DPN2YX1Z, B0H69X7N66, B0H6BL8FF1, B0H6BHRQDK, B0G6YJJSY4, B0H6BGCL1M, B0DPN363NB, B0H6B4ZC8S, B0FZRQ46V5, B0H33CVND7, B0GY4LY7RP, B0H3KKJSSH, B0H6B93LDZ, B0H6B7LQBG, B0H6B52DVX, B0H6B4DZHP, B0H6B4DZHN, B0H6BC2HD1, B0GYPH6BPQ, B0FZRQS972, B0FZRMTZL5, B0GYPG8YTN, B0H6BB8YY5, B0H6BF642T, B0H6B37YW4, B0FZRGJ3SP, B0FZRJ6939, B0H6B4H6BH, B0DPN33XZ7, B0H3KF3CHP, B0H6B6TCYZ, B0FZRH23C5, B0H6B8XF8D, B0H6BHSSL5, B0H6BH6WYM, B0FZRGJ3SC, B0FZRNGHDZ, B0H6B6TV75, B0H3KHQQXY, B0H6BBRVF1, B0H6B7QSW1, B0H3KK1LS3, B0H6BGGSKT, B0H3KGT26G, B0H6B8WHXV, B0H6B76TGF, B0FZRNDJ9M, B0DPN1WSWQ, B0H3KJFNK7, B0H6BHRHXN, B0H69ZFXZT, B0H6B5PFPB, B0H6BG94HJ, B0H6BHTPZN, B0H3KHT1R8, B0GY474X4Q]",amzn1.campaign.5X5ZCB5F3W5K,Mat Creator Promo-2026/08/11,GENIMO,2026-08-13,2026-11-13,10.00%,5000.0,5000.0,37,800,false
"[B0DTKP39B1, B0F6LR5JSJ, B0F6LP87Z8, B0DTKNN4V2, B0DTKNWRP9, B0F6LWCZ1M]",amzn1.campaign.2VVT0L6BL7O44,From Game Day to Movie Night | Personalized Blanket | Earn 15%,Custom Empire Shop,2026-08-13,2026-11-15,15.00%,10000.0,10000.0,19,800,false
"[B0F21MF9KJ, B0F21P3TSC, B0F21P4PTH, B0F21L7TS8, B0F21MCRK1, B0FDQVMLCH, B0F21Q3M2Z, B0F21KQQJJ, B0F21L9D6P, B0FDQSWCS9, B0FDQQX5X6, B0FDQSFX4P, B0F21NJL2Y, B0F21L1VVG, B0F21LWVNR]",amzn1.campaign.23WGVUO2K74UM,HOT Deal: ✨ Glamaker Chic Denim Romper Collab -WYN-M25JU0023,Glamaker,2026-08-16,2026-11-22,10.00%,5000.0,5000.0,7,800,false
[B0FMFJ6STY],amzn1.campaign.1RSPTMOC2SENI,"Organic Face & Eye Serum Nourishes, Hydrates, Firms & Brightens for Radiant Skin",BeeFriendly,2026-08-13,2027-01-02,25.00%,50000.0,50000.0,5,800,false
"[B0CGM2T7XX, B0CGM32845, B0D1Y6CHPZ, B0CGLZXXMT, B0DPJZNMDS]",amzn1.campaign.1AJS9HUTBLHEF,Limited Time Deal! French Vintage Tufted Entryway Bench 🪑 -ZH-ZLY,Cozyman,2026-08-15,2026-10-13,10.00%,5000.0,5000.0,39,800,false
"[B0CYHG8PBD, B09N41XJGZ, B0FYR9HRKJ, B0DYF4ZZ1Z, B0FYR8YGC7, B09N43QXJY, B09N447SL8, B0CWSBKN1S, B0BCH6KHFK, B0H7286D71, B08STDBT3L, B09N44H9L3, B0H3M1KQM6]",amzn1.campaign.3TNZFTMY7I17L,Keep Your Summer Momentum Going this August,HAVASU NUTRITION,2026-08-15,2026-09-30,12.00%,10000.0,10000.0,21,800,false
"[B0HD74FZHY, B0HBR2TCKC, B0HBQXXHM8, B0HCBH2FJ7, B0HC9W2RGY, B0HCB8JT76, B0HCB881TN, B0HC9WLGK9, B0GZHV4DKS, B0H2GDQT2L]",amzn1.campaign.1092A18P4TDGW,🔥🔥15% High Commission_🔥Best Seller No.1_20K Sold Monthly_Strapless Bodysuits,SIMIYA,2026-08-16,2026-09-30,10.00%,5000.0,5000.0,26,800,false
[B0GM1DSGWG],amzn1.campaign.3TV1HMU4LOZHV,HYPOCHLOROUS ACID FACE & BODY SPRAY – BeeFriendly,BeeFriendly,2026-08-13,2027-02-28,25.00%,50000.0,50000.0,8,800,false
"[B0HD74FZHY, B0HBR2TCKC, B0HBQXXHM8, B0HCBH2FJ7, B0HC9W2RGY, B0HCB8JT76, B0HCB881TN, B0HC9WLGK9, B0GZHV4DKS, B0H2GDQT2L]",amzn1.campaign.2Z189VFRNVCKL,🔥🔥15% High Commission_🔥Best Seller No.1_20K Sold Monthly_Strapless Bodysuits,SIMIYA,2026-08-15,2026-09-30,10.00%,5000.0,5000.0,36,800,false
"[B0F21MF9KJ, B0F21P3TSC, B0F21P4PTH, B0F21L7TS8, B0F21MCRK1, B0FDQVMLCH, B0F21Q3M2Z, B0F21KQQJJ, B0F21L9D6P, B0FDQSWCS9, B0FDQQX5X6, B0FDQSFX4P, B0F21NJL2Y, B0F21L1VVG, B0F21LWVNR]",amzn1.campaign.23LYPTJPE8BXD,Great Deal: 🌟 Glamaker Summer Romper Collab -WYN-M25JU0023,Glamaker,2026-08-16,2026-11-21,10.00%,5000.0,5000.0,11,800,false
[B00IQ21TK4],amzn1.campaign.MX3521AGA07N,USDA Certified Organic Night Cream – Luxurious Moisturizer - No Toxins Ever,BeeFriendly,2026-08-13,2027-01-02,25.00%,50000.0,50000.0,14,800,false
"[B0HD74FZHY, B0HBR2TCKC, B0HBQXXHM8, B0HCBH2FJ7, B0HC9W2RGY, B0HCB8JT76, B0HCB881TN, B0HC9WLGK9, B0GZHV4DKS, B0H2GDQT2L]",amzn1.campaign.12W8M1CDFWOPL,🔥🔥15% High Commission_🔥Best Seller No.1_20K Sold Monthly_Strapless Bodysuits,SIMIYA,2026-08-14,2026-09-30,10.00%,5000.0,5000.0,33,800,false
"[B0CGM2T7XX, B0CGM32845, B0D1Y6CHPZ, B0CGLZXXMT, B0DPJZNMDS]",amzn1.campaign.2I554AO2LAIRP,HOT Deal! Carving Upholstered End of Bed Bench 🛋️ -ZH-ZLY,Cozyman,2026-08-15,2026-10-12,10.00%,5000.0,5000.0,43,800,false
"[B0HD74FZHY, B0HBR2TCKC, B0HBQXXHM8, B0HCBH2FJ7, B0HC9W2RGY, B0HCB8JT76, B0HCB881TN, B0HC9WLGK9, B0GZHV4DKS, B0H2GDQT2L]",amzn1.campaign.Z8Y4PKTMUMJ,🔥🔥15% High Commission_🔥Best Seller No.1_20K Sold Monthly_Strapless Bodysuits,SIMIYA,2026-08-13,2026-09-30,10.00%,5000.0,4988.0,39,800,false
"[B0FDQ4PBKD, B0BY1XYXYF, B0DRKFP5DQ, B0DK2VTB3G, B0DK2W37TL, B0DQSK43BH, B0BY1Z43FP, B0CLNGCRLJ, B0D9NP6H3C, B0GWHW19C3, B0BN5JDDSJ, B0D9NN286Z, B0GLMS8FRH, B0D17FPZLT, B0FWJQ4DND, B0G2BLXC75, B0BZ87R1H6, B0D9NP9RN2, B0CLNGNG3J, B0H454V5JW, B0G1RHBGNN, B0BN58WZX3, B0FHJTGN24, B0H2DBM2TZ, B0CLNJ4M9D, B0H1VBBTYH, B0DK1RKRR5, B0DK1QC3KX, B0F43RWBQN, B0GWJ16V9M, B0FDPRPBZ2, B0H1V73V8P, B0GSVNGZBM, B0BY1YTGN5, B0C5R23TX8, B0F43W1TPQ, B0G2BPB8TT, B0DK2T5TN4, B0DK2TZJJV, B0H4542MCB, B0H45324NY, B0C4LJH4Q4, B0GYDX4WB1, B0CLNJ4M9X, B0C5R56QTF, B0FWJTN2XG, B0DKF4HDFX, B0BN59R6PG, B0G2BQHL2R, B0H2D5JX32, B0GSVQKBVN, B0DP2G3N88, B0GLMSS262, B0DRKD4LQC, B0CLNF6T4G, B0GWJ3L2DJ, B0C4LM1QP6, B0H2QPFRTD, B0D3ZZZL9J, B0BN5D7454, B0GSVQ2M54, B0BN59PRLC, B0H4544DQL, B0F43PS6J4, B0FLJVQC99, B0D3ZZ84QR, B0CLNKQ3JR, B0FLK2X5BQ, B0CLNHTJTD, B09PVGGRV1, B0H2H46BWH, B0FWJRTXZT, B0H1V86V7Z, B0H458QXML, B0FDPST8Z2, B0BN5988BX, B0DP2J1FFP, B0FDPX7RCZ, B0H2D8QNV6, B0CLNJJCY3, B0D9NP1SJS, B0FWJV22DG, B0FFMF6VSL, B0BY1Y7H32, B0DJ4LVY8F, B0CLNHVM12, B0H2DD8JTG, B0G2BVT6C5, B0FDQ1LZHL, B0GWJ3RGLY, B0G2BR41K6, B0D9NNRS63, B0CLNGLRZ5, B0H1VHT1P6, B0DK2W6P3Z, B0FLJXPMTG, B0CLNG3NKH, B0DK2V4FSD, B0D9NNXWMB, B0D9NNB8P9, B0D9NNHN8S, B0FWJRJ1VC, B0DK1R5QKS, B0DP2HBWNY, B0CLNK6GWQ, B0FWJMV7Y6, B0DZXJ2FD6, B0G2BSBN47, B0C5R3CXJR, B0GLY711RF, B0H4587JWX, B0GSVVSF24, B0CLNJH915, B0FJ264PMY, B0D17FZ86F, B0DQSDS8XT, B0FWJRHG7T, B0DJ4JLNLZ, B0GVRX7XS2, B0BY1WBKV1, B0BY1Y913X, B0BN59SFJ9, B0FDPY3ZV3, B0CLNGQXXP, B0D9NMB7Y2, B0G2BQP6QL, B09YC9QBKC, B0BZ89KM8J, B0H2DB2JJS, B0H2DB153M, B0CLNG3NLP, B0GWJ1VJLR, B0H45958RQ, B0DK2VW4XX, B0FDPRMG2F, B0FLJZMMJ2, B0CLNGF9N5, B0FLJYB3K4, B0GLY88N65, B0GLYKMLY2, B0GLMJD7DB, B0DJ4R9T4X, B0G2BVHD8V, B0H2D5FBL5, B0CNJSHFVT, B0G2BVVKNH, B0GVM2221L, B0CSF8ZPDY, B09YCPDM5J, B0H453MGPS, B0FWJV5N8Z, B0GLY69JSD, B0DK1Q5KNM, B0CNJZGH2W, B0DK1R45L1, B0H4565Y69, B0C9C34MHG, B0H2D7M6YJ, B0CLNHB6WL, B09YCTD74F, B0FDQ7BYCS, B0G2BT98VL, B0BY1YQN5S, B09PVJVS15, B0C4LKRFXD, B0BN5BVPN4, B0BN59K4H8, B0CLNGJ2BR, B0FWJP42T8, B0BZ8BDCSQ, B09PVHFYQS, B0BY1XKWZX, B0CLNGV1Q6, B0GSVK9TRX, B0F43RXB23, B0H454NZTR, B0CLNFD7MY, B0GVM3NKSJ, B0H454SKXJ, B0D9NPKTX6, B0H44XHQ5V, B0DK1LBCXP, B0BN59QLGX, B0DK2VFFSD, B0BN5CJFCX, B0H1VJBT8S, B0H4565Y62, B09PVHNTS3, B0F43QQ6ND, B0H1VDDLMB, B0DK2TVN9X, B0G4GHBR76, B0CNJSCG51, B0D9NNFV1L, B0CLNGY9VH, B0H2DDF4FD, B0FLJZD3TW, B0H2D4QJ7W]",amzn1.campaign.1RBTTKEDVPR2K,Rug Creator Promo-2026/08/11,GENIMO,2026-08-13,2026-11-16,10.00%,5000.0,4994.0,0,800,false
[B0FY41KXQF],amzn1.campaign.1ZCVVWMAP9J0V,BeeFriendly Menopause Support – SAMPLES AVAILABLE,BeeFriendly,2026-08-13,2027-01-02,25.00%,50000.0,50000.0,14,800,false
"[B0DP1HPL24, B0DP1P2TPK, B0DNKJ5CDV, B0DNKHS439]",amzn1.campaign.1VOZ2IJUDYV5N,"Creator Challenge: Hydrofy Hydrogen Electrolytes - Prep, Flavor, Daily Use",Hydrofy,2026-08-13,2027-03-18,12.00%,689598.0,689598.0,0,800,false
"[B0GLRTQJ1T, B0GLSVN343, B0GLRG6NK6]",amzn1.campaign.15HZIMZM2P0EV,KOVE Kommuter Splittable Waterproof Bluetooth Speaker System,KOVE,2026-08-13,2027-01-31,20.00%,10000.0,9970.2,0,800,false
[B079WCJMRY],amzn1.campaign.2XETA65Y8ZHQB,"Organic Corrective Cream, Rich Anti Aging Facial Cream For Fine Lines, Wrinkles",BeeFriendly,2026-08-13,2027-01-02,25.00%,50000.0,50000.0,18,800,false
[B00DTTYF6E],amzn1.campaign.3D68U8BCRPTMB,"Organic Face & Eye Cream, All in One Organic Face and Eye Cream",BeeFriendly,2026-08-13,2027-01-02,25.00%,50000.0,50000.0,4,800,false
"[B0F21MF9KJ, B0F21P3TSC, B0F21P4PTH, B0F21L7TS8, B0F21MCRK1, B0FDQVMLCH, B0F21Q3M2Z, B0F21KQQJJ, B0F21L9D6P, B0FDQSWCS9, B0FDQQX5X6, B0FDQSFX4P, B0F21NJL2Y, B0F21L1VVG, B0F21LWVNR]",amzn1.campaign.3S5V90MVSSHPA,Limited Time Deal: 🌈 Glamaker Overalls Romper Collab -WYN-M25JU0023,Glamaker,2026-08-16,2026-11-20,10.00%,5000.0,5000.0,14,800,false
"[B0FDQ4PBKD, B0BY1XYXYF, B0DRKFP5DQ, B0DK2VTB3G, B0DK2W37TL, B0DQSK43BH, B0BY1Z43FP, B0CLNGCRLJ, B0D9NP6H3C, B0GWHW19C3, B0BN5JDDSJ, B0D9NN286Z, B0GLMS8FRH, B0D17FPZLT, B0FWJQ4DND, B0G2BLXC75, B0BZ87R1H6, B0D9NP9RN2, B0CLNGNG3J, B0H454V5JW, B0G1RHBGNN, B0BN58WZX3, B0FHJTGN24, B0H2DBM2TZ, B0CLNJ4M9D, B0H1VBBTYH, B0DK1RKRR5, B0DK1QC3KX, B0F43RWBQN, B0GWJ16V9M, B0FDPRPBZ2, B0H1V73V8P, B0GSVNGZBM, B0BY1YTGN5, B0C5R23TX8, B0F43W1TPQ, B0G2BPB8TT, B0DK2T5TN4, B0DK2TZJJV, B0H4542MCB, B0H45324NY, B0C4LJH4Q4, B0GYDX4WB1, B0CLNJ4M9X, B0C5R56QTF, B0FWJTN2XG, B0DKF4HDFX, B0BN59R6PG, B0G2BQHL2R, B0H2D5JX32, B0GSVQKBVN, B0DP2G3N88, B0GLMSS262, B0DRKD4LQC, B0CLNF6T4G, B0GWJ3L2DJ, B0C4LM1QP6, B0H2QPFRTD, B0D3ZZZL9J, B0BN5D7454, B0GSVQ2M54, B0BN59PRLC, B0H4544DQL, B0F43PS6J4, B0FLJVQC99, B0D3ZZ84QR, B0CLNKQ3JR, B0FLK2X5BQ, B0CLNHTJTD, B09PVGGRV1, B0H2H46BWH, B0FWJRTXZT, B0H1V86V7Z, B0H458QXML, B0FDPST8Z2, B0BN5988BX, B0DP2J1FFP, B0FDPX7RCZ, B0H2D8QNV6, B0CLNJJCY3, B0D9NP1SJS, B0FWJV22DG, B0FFMF6VSL, B0BY1Y7H32, B0DJ4LVY8F, B0CLNHVM12, B0H2DD8JTG, B0G2BVT6C5, B0FDQ1LZHL, B0GWJ3RGLY, B0G2BR41K6, B0D9NNRS63, B0CLNGLRZ5, B0H1VHT1P6, B0DK2W6P3Z, B0FLJXPMTG, B0CLNG3NKH, B0DK2V4FSD, B0D9NNXWMB, B0D9NNB8P9, B0D9NNHN8S, B0FWJRJ1VC, B0DK1R5QKS, B0DP2HBWNY, B0CLNK6GWQ, B0FWJMV7Y6, B0DZXJ2FD6, B0G2BSBN47, B0C5R3CXJR, B0GLY711RF, B0H4587JWX, B0GSVVSF24, B0CLNJH915, B0FJ264PMY, B0D17FZ86F, B0DQSDS8XT, B0FWJRHG7T, B0DJ4JLNLZ, B0GVRX7XS2, B0BY1WBKV1, B0BY1Y913X, B0BN59SFJ9, B0FDPY3ZV3, B0CLNGQXXP, B0D9NMB7Y2, B0G2BQP6QL, B09YC9QBKC, B0BZ89KM8J, B0H2DB2JJS, B0H2DB153M, B0CLNG3NLP, B0GWJ1VJLR, B0H45958RQ, B0DK2VW4XX, B0FDPRMG2F, B0FLJZMMJ2, B0CLNGF9N5, B0FLJYB3K4, B0GLY88N65, B0GLYKMLY2, B0GLMJD7DB, B0DJ4R9T4X, B0G2BVHD8V, B0H2D5FBL5, B0CNJSHFVT, B0G2BVVKNH, B0GVM2221L, B0CSF8ZPDY, B09YCPDM5J, B0H453MGPS, B0FWJV5N8Z, B0GLY69JSD, B0DK1Q5KNM, B0CNJZGH2W, B0DK1R45L1, B0H4565Y69, B0C9C34MHG, B0H2D7M6YJ, B0CLNHB6WL, B09YCTD74F, B0FDQ7BYCS, B0G2BT98VL, B0BY1YQN5S, B09PVJVS15, B0C4LKRFXD, B0BN5BVPN4, B0BN59K4H8, B0CLNGJ2BR, B0FWJP42T8, B0BZ8BDCSQ, B09PVHFYQS, B0BY1XKWZX, B0CLNGV1Q6, B0GSVK9TRX, B0F43RXB23, B0H454NZTR, B0CLNFD7MY, B0GVM3NKSJ, B0H454SKXJ, B0D9NPKTX6, B0H44XHQ5V, B0DK1LBCXP, B0BN59QLGX, B0DK2VFFSD, B0BN5CJFCX, B0H1VJBT8S, B0H4565Y62, B09PVHNTS3, B0F43QQ6ND, B0H1VDDLMB, B0DK2TVN9X, B0G4GHBR76, B0CNJSCG51, B0D9NNFV1L, B0CLNGY9VH, B0H2DDF4FD, B0FLJZD3TW, B0H2D4QJ7W]",amzn1.campaign.3ID403EDCE6ZT,Rug Creator Promo-2026/08/11,GENIMO,2026-08-13,2026-11-15,10.00%,5000.0,5000.0,7,800,false
"[B0CGM2T7XX, B0CGM32845, B0D1Y6CHPZ, B0CGLZXXMT, B0DPJZNMDS]",amzn1.campaign.3KDMWO5WZTMDU,Great Deal! French Vintage Tufted Entryway Bench 🛏️ -ZH-ZLY,Cozyman,2026-08-15,2026-10-11,10.00%,5000.0,5000.0,49,800,false
"[B0DS3ZSFRV, B0CTHCL6J4, B0CTHK431D, B0CTH354BZ, B0CTHDLL4R, B0DS4G6M2G, B0CTHD87SW, B0CTHCS415, B0CTHGTG8L, B0CTHFQ9J2, B0CTHC4KRY, B0CTHD4BLP, B0CTHCGKF9, B0CTHCRJFD, B0DS46W9XK, B0DS4441DX, B0CTHJSPCW, B0CTHBMBZ2, B0CTHFWZ5H, B0CTHH7JM6, B0CTHFL5N2, B0CTH9YNZJ, B0CTHBX8Z2, B0DS44ZD94, B0CTHDGP1T, B0CTHDBPV2, B0CTHC2SKM, B0CTHH69VH, B0CTHGXT1J, B0CTHC6865, B0DS3W98LQ, B0CTHB92T7, B0CTHCBGFV, B0CTHC4K3Q, B0CTHFGPWJ, B0CTHCRLN8, B0CTHD93VF, B0DS4DJSH7, B0CTHC49YP, B0CTHCKN5K, B0CTHH83F7, B0CTHF96NF, B0CTHC1YGF, B0CTHJCN8Z, B0CTHFHW27, B0CTHD94SP, B0DS43SG9V, B0CTHBMJWK, B0CTHF3LFS, B0CTHFJF2P, B0CTHDD188, B0CTHDM8P3, B0CTHCNRXR, B0CTHDGVDG, B0CTHC5R5Z, B0DS488VFD, B0CTHFLSRN, B0CTH9SR9F, B0DS4885QP, B0CTHBK8RH]",amzn1.campaign.1E2VIGFJMSDLC,10% Earn | Les umes Women's High Waist Wide Leg Pants Trousers-CAS113,Les umes,2026-08-13,2026-10-31,10.00%,10000.0,9993.8,3,800,false
"[B0H3MD1WTN, B0H8QFXXW7, B0GTBZJTNN, B0H8QFBY8P, B0H8QBJ593, B0BHH3328V, B0H8QPZ14T, B0H8QQY5K2, B0GX7MDMZY, B0H8QJC4KR, B0H7YTYWWX, B0H1XFWMVS, B0H8QMTM4D, B0GWSBMZB7, B0H5TGKRPR, B0H733YQLT, B0GVL2LL7D, B0GWS7ZZ41, B0H5FD34QR, B0H37RBPK3, B0H1XWPBYK, B0H7286D71, B0GWS6XQPX, B0GXC2WHFL, B0H72M6MYP, B0GTBT2JPP, B0H84GMLLZ, B0GX859JM1, B0GWS6D1VY, B0H8QG9ZCC, B0H5DG2D3K, B0H84PHW6L, B0H8QKLWFW, B0GTC16T5X, B0GTC2GS7V, B0H85268F6, B0H7Z589WZ, B0H7YNN7HX, B0H1XJ1D8C, B0H72MBY7J, B0GVZX58L6, B0H3M1KQM6, B0GX7R4KZX]",amzn1.campaign.3TV42Z34VLVYU,Power Your August Routine with Havasu,HAVASU NUTRITION,2026-08-14,2026-09-30,11.00%,10000.0,10000.0,31,800,false
"[B0HC7DJ8DT, B0HC3WHL31, B0HC3SL665, B0HC3T7XB5, B0HC44N3TW, B0HC7MFX36, B0HC3NG56N, B0HC3MLLWY, B0HC3VQR5L, B0HC3P5XW9, B0HC3PXG17, B0HC3RF9XL, B0HC3N7RXF, B0HC7FFGG1, B0HCCSQ9QD, B0HC3TG25P, B0HC7K2B8D, B0HC46TV3F, B0HC7MK5R1, B0HC3QNWPF, B0HC7J9RL3, B0HC3Z6Y4R, B0HC3Z4V7S, B0HC7H5G4L, B0HC3VBT8X, B0HCCV9J6L, B0HC7P8C37, B0HCCX2F68, B0HC3NC21C, B0HC41TLCF, B0HC7RBPLS, B0HC3NJ21C, B0HC3PZ741, B0HC7LJWDN, B0HC3NRW7Y, B0HC3W4JRL, B0HC7SNY18]",amzn1.campaign.3QK4Q1Q682V8,Dzlhayf Personalized Diaper Bag Creator Campaign-妈咪包,Dzlhayf,2026-08-13,2026-12-31,10.00%,100000.0,99997.25,23,800,false
[B0FD4254P2],amzn1.campaign.25K0F808J4KVW,"Penile Health Cream, USDA Organic For Dry, Sore, Chafed, Irritated Male Parts",BeeFriendly,2026-08-13,2027-01-02,25.00%,50000.0,50000.0,19,800,false
"[B0FDQ4PBKD, B0BY1XYXYF, B0DRKFP5DQ, B0DK2VTB3G, B0DK2W37TL, B0DQSK43BH, B0BY1Z43FP, B0CLNGCRLJ, B0D9NP6H3C, B0GWHW19C3, B0BN5JDDSJ, B0D9NN286Z, B0GLMS8FRH, B0D17FPZLT, B0FWJQ4DND, B0G2BLXC75, B0BZ87R1H6, B0D9NP9RN2, B0CLNGNG3J, B0H454V5JW, B0G1RHBGNN, B0BN58WZX3, B0FHJTGN24, B0H2DBM2TZ, B0CLNJ4M9D, B0H1VBBTYH, B0DK1RKRR5, B0DK1QC3KX, B0F43RWBQN, B0GWJ16V9M, B0FDPRPBZ2, B0H1V73V8P, B0GSVNGZBM, B0BY1YTGN5, B0C5R23TX8, B0F43W1TPQ, B0G2BPB8TT, B0DK2T5TN4, B0DK2TZJJV, B0H4542MCB, B0H45324NY, B0C4LJH4Q4, B0GYDX4WB1, B0CLNJ4M9X, B0C5R56QTF, B0FWJTN2XG, B0DKF4HDFX, B0BN59R6PG, B0G2BQHL2R, B0H2D5JX32, B0GSVQKBVN, B0DP2G3N88, B0GLMSS262, B0DRKD4LQC, B0CLNF6T4G, B0GWJ3L2DJ, B0C4LM1QP6, B0H2QPFRTD, B0D3ZZZL9J, B0BN5D7454, B0GSVQ2M54, B0BN59PRLC, B0H4544DQL, B0F43PS6J4, B0FLJVQC99, B0D3ZZ84QR, B0CLNKQ3JR, B0FLK2X5BQ, B0CLNHTJTD, B09PVGGRV1, B0H2H46BWH, B0FWJRTXZT, B0H1V86V7Z, B0H458QXML, B0FDPST8Z2, B0BN5988BX, B0DP2J1FFP, B0FDPX7RCZ, B0H2D8QNV6, B0CLNJJCY3, B0D9NP1SJS, B0FWJV22DG, B0FFMF6VSL, B0BY1Y7H32, B0DJ4LVY8F, B0CLNHVM12, B0H2DD8JTG, B0G2BVT6C5, B0FDQ1LZHL, B0GWJ3RGLY, B0G2BR41K6, B0D9NNRS63, B0CLNGLRZ5, B0H1VHT1P6, B0DK2W6P3Z, B0FLJXPMTG, B0CLNG3NKH, B0DK2V4FSD, B0D9NNXWMB, B0D9NNB8P9, B0D9NNHN8S, B0FWJRJ1VC, B0DK1R5QKS, B0DP2HBWNY, B0CLNK6GWQ, B0FWJMV7Y6, B0DZXJ2FD6, B0G2BSBN47, B0C5R3CXJR, B0GLY711RF, B0H4587JWX, B0GSVVSF24, B0CLNJH915, B0FJ264PMY, B0D17FZ86F, B0DQSDS8XT, B0FWJRHG7T, B0DJ4JLNLZ, B0GVRX7XS2, B0BY1WBKV1, B0BY1Y913X, B0BN59SFJ9, B0FDPY3ZV3, B0CLNGQXXP, B0D9NMB7Y2, B0G2BQP6QL, B09YC9QBKC, B0BZ89KM8J, B0H2DB2JJS, B0H2DB153M, B0CLNG3NLP, B0GWJ1VJLR, B0H45958RQ, B0DK2VW4XX, B0FDPRMG2F, B0FLJZMMJ2, B0CLNGF9N5, B0FLJYB3K4, B0GLY88N65, B0GLYKMLY2, B0GLMJD7DB, B0DJ4R9T4X, B0G2BVHD8V, B0H2D5FBL5, B0CNJSHFVT, B0G2BVVKNH, B0GVM2221L, B0CSF8ZPDY, B09YCPDM5J, B0H453MGPS, B0FWJV5N8Z, B0GLY69JSD, B0DK1Q5KNM, B0CNJZGH2W, B0DK1R45L1, B0H4565Y69, B0C9C34MHG, B0H2D7M6YJ, B0CLNHB6WL, B09YCTD74F, B0FDQ7BYCS, B0G2BT98VL, B0BY1YQN5S, B09PVJVS15, B0C4LKRFXD, B0BN5BVPN4, B0BN59K4H8, B0CLNGJ2BR, B0FWJP42T8, B0BZ8BDCSQ, B09PVHFYQS, B0BY1XKWZX, B0CLNGV1Q6, B0GSVK9TRX, B0F43RXB23, B0H454NZTR, B0CLNFD7MY, B0GVM3NKSJ, B0H454SKXJ, B0D9NPKTX6, B0H44XHQ5V, B0DK1LBCXP, B0BN59QLGX, B0DK2VFFSD, B0BN5CJFCX, B0H1VJBT8S, B0H4565Y62, B09PVHNTS3, B0F43QQ6ND, B0H1VDDLMB, B0DK2TVN9X, B0G4GHBR76, B0CNJSCG51, B0D9NNFV1L, B0CLNGY9VH, B0H2DDF4FD, B0FLJZD3TW, B0H2D4QJ7W]",amzn1.campaign.3O37G2Y7Y520E,Rug Creator Promo-2026/08/11,GENIMO,2026-08-13,2026-11-14,10.00%,5000.0,5000.0,11,800,false
"[B0GBTFZ392, B0GBSCBFYH]",amzn1.campaign.3L7910QZ3JZON,KOVE KASITA Split Bluetooth Speaker System,KOVE,2026-08-13,2027-01-31,20.00%,10000.0,10000.0,13,800,false
[B01EO875SI],amzn1.campaign.3NMWZLXIKHNWE,"Organic Vaginal Moisturizer – Pure, Long Lasting Relief for Intimate Dryness",BeeFriendly,2026-08-13,2027-01-02,25.00%,50000.0,50000.0,11,800,false
"[B0F21MF9KJ, B0F21P3TSC, B0F21P4PTH, B0F21L7TS8, B0F21MCRK1, B0FDQVMLCH, B0F21Q3M2Z, B0F21KQQJJ, B0F21L9D6P, B0FDQSWCS9, B0FDQQX5X6, B0FDQSFX4P, B0F21NJL2Y, B0F21L1VVG, B0F21LWVNR]",amzn1.campaign.2UTQJ0CR3Y5Q5,HOT Deal: 🔥 Glamaker Romper Collab Opportunity -WYN-M25JU0023,Glamaker,2026-08-16,2026-11-19,10.00%,5000.0,5000.0,12,800,false
"[B091MLSF82, B08CSTT8B7, B08DWJS48C, B09FJ44DHC, B0D3NRQ3WG, B08H7RJRYG, B08GY8HJZX, B08DWB5LWP, B00ICVHYSA, B0DJCCZDVZ, B09FJ6CQ1F, B08H8FQBP9, B09K91QLYL, B07KNBPZHS, B09K8ZR6H2, B09FJ5XZ2L, B08F4Y1JFS, B08H8KDBZM, B08DW49KN3, B09FJ4LZQS, B08DVZG2BM, B09FJ5GTM1, B097FDNF7D, B08H8KQ3GW, B09FJ5JS9X, B09FJ4PP3S, B091MDJ36L, B0DJ3FGJZV, B0DJ3G3NSZ, B0D3NMMZRT, B08H7M99TQ, B08H8N4KCH, B097FDQWKW, B08CSTCP62, B08GYGYGKQ, B08H87C4HM, B07KX825YR, B07KX7VS49, B07KX7C4Y7, B09FJ3WM29, B08GY18RSY, B09K8Z4Z15, B08GY6Y7R4, B0DJCDH17B, B09K96LY3P, B08HBX886G]",amzn1.campaign.2TV9441ML50TF,Creator Challenge: Grinds Coffee Pouches - Morning-to-Afternoon Test,GRINDS,2026-08-13,2027-03-13,15.50%,662776.0,662776.0,11,800,false
[B0GS8715YN],amzn1.campaign.3GXTQNR9CALLM,40 Colors （40000pcs） Rhinestone Kit | Craft & Nail Art Creator Campaign,Agqbsl,2026-08-13,2026-10-13,14.00%,50000.0,50000.0,20,800,false
"[B0FDQ4PBKD, B0BY1XYXYF, B0DRKFP5DQ, B0DK2VTB3G, B0DK2W37TL, B0DQSK43BH, B0BY1Z43FP, B0CLNGCRLJ, B0D9NP6H3C, B0GWHW19C3, B0BN5JDDSJ, B0D9NN286Z, B0GLMS8FRH, B0D17FPZLT, B0FWJQ4DND, B0G2BLXC75, B0BZ87R1H6, B0D9NP9RN2, B0CLNGNG3J, B0H454V5JW, B0G1RHBGNN, B0BN58WZX3, B0FHJTGN24, B0H2DBM2TZ, B0CLNJ4M9D, B0H1VBBTYH, B0DK1RKRR5, B0DK1QC3KX, B0F43RWBQN, B0GWJ16V9M, B0FDPRPBZ2, B0H1V73V8P, B0GSVNGZBM, B0BY1YTGN5, B0C5R23TX8, B0F43W1TPQ, B0G2BPB8TT, B0DK2T5TN4, B0DK2TZJJV, B0H4542MCB, B0H45324NY, B0C4LJH4Q4, B0GYDX4WB1, B0CLNJ4M9X, B0C5R56QTF, B0FWJTN2XG, B0DKF4HDFX, B0BN59R6PG, B0G2BQHL2R, B0H2D5JX32, B0GSVQKBVN, B0DP2G3N88, B0GLMSS262, B0DRKD4LQC, B0CLNF6T4G, B0GWJ3L2DJ, B0C4LM1QP6, B0H2QPFRTD, B0D3ZZZL9J, B0BN5D7454, B0GSVQ2M54, B0BN59PRLC, B0H4544DQL, B0F43PS6J4, B0FLJVQC99, B0D3ZZ84QR, B0CLNKQ3JR, B0FLK2X5BQ, B0CLNHTJTD, B09PVGGRV1, B0H2H46BWH, B0FWJRTXZT, B0H1V86V7Z, B0H458QXML, B0FDPST8Z2, B0BN5988BX, B0DP2J1FFP, B0FDPX7RCZ, B0H2D8QNV6, B0CLNJJCY3, B0D9NP1SJS, B0FWJV22DG, B0FFMF6VSL, B0BY1Y7H32, B0DJ4LVY8F, B0CLNHVM12, B0H2DD8JTG, B0G2BVT6C5, B0FDQ1LZHL, B0GWJ3RGLY, B0G2BR41K6, B0D9NNRS63, B0CLNGLRZ5, B0H1VHT1P6, B0DK2W6P3Z, B0FLJXPMTG, B0CLNG3NKH, B0DK2V4FSD, B0D9NNXWMB, B0D9NNB8P9, B0D9NNHN8S, B0FWJRJ1VC, B0DK1R5QKS, B0DP2HBWNY, B0CLNK6GWQ, B0FWJMV7Y6, B0DZXJ2FD6, B0G2BSBN47, B0C5R3CXJR, B0GLY711RF, B0H4587JWX, B0GSVVSF24, B0CLNJH915, B0FJ264PMY, B0D17FZ86F, B0DQSDS8XT, B0FWJRHG7T, B0DJ4JLNLZ, B0GVRX7XS2, B0BY1WBKV1, B0BY1Y913X, B0BN59SFJ9, B0FDPY3ZV3, B0CLNGQXXP, B0D9NMB7Y2, B0G2BQP6QL, B09YC9QBKC, B0BZ89KM8J, B0H2DB2JJS, B0H2DB153M, B0CLNG3NLP, B0GWJ1VJLR, B0H45958RQ, B0DK2VW4XX, B0FDPRMG2F, B0FLJZMMJ2, B0CLNGF9N5, B0FLJYB3K4, B0GLY88N65, B0GLYKMLY2, B0GLMJD7DB, B0DJ4R9T4X, B0G2BVHD8V, B0H2D5FBL5, B0CNJSHFVT, B0G2BVVKNH, B0GVM2221L, B0CSF8ZPDY, B09YCPDM5J, B0H453MGPS, B0FWJV5N8Z, B0GLY69JSD, B0DK1Q5KNM, B0CNJZGH2W, B0DK1R45L1, B0H4565Y69, B0C9C34MHG, B0H2D7M6YJ, B0CLNHB6WL, B09YCTD74F, B0FDQ7BYCS, B0G2BT98VL, B0BY1YQN5S, B09PVJVS15, B0C4LKRFXD, B0BN5BVPN4, B0BN59K4H8, B0CLNGJ2BR, B0FWJP42T8, B0BZ8BDCSQ, B09PVHFYQS, B0BY1XKWZX, B0CLNGV1Q6, B0GSVK9TRX, B0F43RXB23, B0H454NZTR, B0CLNFD7MY, B0GVM3NKSJ, B0H454SKXJ, B0D9NPKTX6, B0H44XHQ5V, B0DK1LBCXP, B0BN59QLGX, B0DK2VFFSD, B0BN5CJFCX, B0H1VJBT8S, B0H4565Y62, B09PVHNTS3, B0F43QQ6ND, B0H1VDDLMB, B0DK2TVN9X, B0G4GHBR76, B0CNJSCG51, B0D9NNFV1L, B0CLNGY9VH, B0H2DDF4FD, B0FLJZD3TW, B0H2D4QJ7W]",amzn1.campaign.26D72SNMF5MBO,Rug Creator Promo-2026/08/11,GENIMO,2026-08-13,2026-11-13,10.00%,5000.0,4986.0,11,800,false
"[B0CP69773Y, B0FH2MVSVV, B0FH2JLY5X, B0FZDCH9NF, B0F1N87DNY, B09XP5PD6D, B0BRTGVWFH, B0FZDJVR5V, B0H7YTYWWX, B0FH2MJ711, B0F1N9PB38, B0F1NBZWWL, B0H733YQLT, B0DFQN99FN, B0984V6YKY, B0F24TBMWB, B0DTMH9JLP, B0H1XWPBYK, B0B3CW5KVK, B0H7286D71, B0D216FD99, B0H72M6MYP, B09WRRXC1Z, B0DYF4ZZ1Z, B0934R9BJ5, B08FCM28R5, B0D6NLZNN6, B0DVZSN76Y, B087KR31J9, B0H7Z589WZ, B0B41BC895, B0BF7N19V9, B0F24W7B5G, B0DFQML999, B0H1XJ1D8C, B0F1N8KMT4, B0H3M1KQM6, B0GX7R4KZX, B0BTTS2TW6]",amzn1.campaign.12ZHJZ7M0PZQ2,Sweeten the Rest of Summer with Havasu Gummies,HAVASU NUTRITION,2026-08-13,2026-09-30,15.00%,10000.0,10000.0,22,800,false
"[B0CHMR2LQR, B0D22YV2G2, B0D5QPB7HM, B0FMR1MS37, B0D22XDTNN, B0CPHR2RC8, B0GXCZXMZS, B0GXCSYBJT, B0G3ZKP3YQ, B0CWRVRTQS, B0CWRTG9SR, B0CHMNLVWC, B0FMR1738J, B0FMR17SXJ, B0GXCXCJVX, B0D22Z944P, B0GXDCLDG4, B0FMR12Y6N, B0CHMP52N3, B0CRRWPNBQ, B0D22TZQ4B, B0CRRWCVZ4, B0D22W8SDR, B0D22XWKV5, B0GXD5GNL4, B0DK6S76LR, B0D22ZT4PB, B0CRV13T4F, B0G3ZLJLC8, B0D22ZRVY2, B0F8H7465X, B0FMQZZLBB, B0H6Z4WKTG, B0D22YDZS5, B0FRFNJ1YF, B0D5QQYKS3, B0DK6QDZ55, B0CWRWYTWL, B0G3ZRFKG5, B0CPHN33CN, B0G3ZM1Z7X, B0F8HTS2RC, B0GXDC42M7, B0G3ZRPTGJ, B0G3ZS99FQ, B0H6Z7Y89B, B0GXDFPZVS, B0GXD46PKM, B0GXD6656K, B0D7ZT18LK, B0CWRVFHFL, B0D22XDQNL, B0GXCXTNJ2, B0D22ZVBCV, B0G3ZMSTYB, B0FMR1V7FW, B0GXD2HW3S, B0CRRWRTF4, B0G3ZNT27F, B0D7ZVCXNV, B0CWRWYPXJ, B0G3ZNLHC4, B0D22Y6QZ4, B0D22ZLTQ5, B0CWRVFJ5H, B0CPHTB4DR, B0CHMN3149, B0FMR23XZ2, B0G3ZQCTL8, B0G3ZKYMNP, B0F8HLGRTX, B0FRF4Q28M, B0G3ZMYC69, B0GXCZY9T3, B0GXD2L87P, B0GXD5V9FW]",amzn1.campaign.3J3BGKHZ1POD1,Limited Time Deal! Transform Home Style-YL-KCJ,PureCozy,2026-08-14,2026-10-22,10.00%,5000.0,5000.0,15,800,false
"[B0CGM2T7XX, B0CGM32845, B0D1Y6CHPZ, B0CGLZXXMT, B0DPJZNMDS]",amzn1.campaign.2Q1PSERTT26BJ,Limited Time Deal! Carving Upholstered End of Bed Bench 🪑 -ZH-ZLY,Cozyman,2026-08-15,2026-10-10,10.00%,5000.0,5000.0,43,800,false
"[B0F21MF9KJ, B0F21P3TSC, B0F21P4PTH, B0F21L7TS8, B0F21MCRK1, B0FDQVMLCH, B0F21Q3M2Z, B0F21KQQJJ, B0F21L9D6P, B0FDQSWCS9, B0FDQQX5X6, B0FDQSFX4P, B0F21NJL2Y, B0F21L1VVG, B0F21LWVNR]",amzn1.campaign.3PFHPA235XG79,Great Deal: 💥 Glamaker Denim Romper Collab -WYN-M25JU0023,Glamaker,2026-08-16,2026-11-18,10.00%,5000.0,5000.0,11,800,false
"[B0DZSS6W5D, B0DZT3RLM9]",amzn1.campaign.1A8E4203UBBX7,Garbage Disposal Cleaner & Deodorizer,RENUV,2026-08-13,2027-01-02,30.00%,30000.0,30000.0,6,800,false
"[B0GHPHL7P3, B0FYR9HRKJ, B0F1N9NVY8, B0CQMFQPQR, B0FYR8YGC7, B0FH2MVSVV, B0FH2FBVM9, B09N447SL8, B08MT7L8RK, B0CWSBKN1S, B0DLX3DJLL, B0FH5LPBXG, B0D6NLTJZT, B08STDBT3L, B09N4PH795, B0D216FD99, B0CYHG8PBD, B09N41XJGZ, B09N43QXJY, B01MS461VC, B0D6NLZNN6, B0DLX4T8VH, B08B1WYGRM, B0F1TXPBHD, B0DLWZPX4Z, B0H72MBY7J, B09N44H9L3, B0GX7R4KZX, B07S424N6V]",amzn1.campaign.P0JH0LBUP9RC,Why Havasu L-Arginine Is My Summer Essential,HAVASU NUTRITION,2026-08-13,2026-09-30,14.00%,10000.0,10000.0,17,800,false
[B0CT93SGY9],amzn1.campaign.17TXKJXR6NBRT,TikTok Viral Coffee Maker Cleaner and Descaler,RENUV,2026-08-13,2027-01-02,30.00%,30000.0,30000.0,2,800,false
"[B0CGM2T7XX, B0CGM32845, B0D1Y6CHPZ, B0CGLZXXMT, B0DPJZNMDS]",amzn1.campaign.21F9ODH6I91EP,HOT Deal! French Vintage Tufted Entryway Bench 🛋️ -ZH-ZLY,Cozyman,2026-08-15,2026-10-09,10.00%,5000.0,5000.0,44,800,false
"[B0F21MF9KJ, B0F21P3TSC, B0F21P4PTH, B0F21L7TS8, B0F21MCRK1, B0FDQVMLCH, B0F21Q3M2Z, B0F21KQQJJ, B0F21L9D6P, B0FDQSWCS9, B0FDQQX5X6, B0FDQSFX4P, B0F21NJL2Y, B0F21L1VVG, B0F21LWVNR]",amzn1.campaign.2Y0BIPEY3FVX3,Limited Time Deal: ✨ Glamaker Romper Collab Invite -WYN-M25JU0023,Glamaker,2026-08-16,2026-11-17,10.00%,5000.0,5000.0,12,800,false
"[B0H4S9HJ7Z, B0H4S71CV1, B0H4S3SSSK, B0H4S6GYJ9]",amzn1.campaign.3GU8QMLKVYP2E,Campaign Name [20% COMMISSION] Bloom & Bloom Air Bag Nose Pads |,BLOOM & BLOOM,2026-08-13,2026-12-13,20.00%,25000.0,24947.84,17,800,false
"[B0G87S94CW, B0G87F978J, B0G8735S6W]",amzn1.campaign.3OOF9U6QLAWNZ,Real-Life Review: Hume Supernatural Body Wash - Full-Experience Review,HUME SUPERNATURAL,2026-08-13,2027-06-23,18.50%,692384.0,692384.0,19,800,false
"[B0HCCXR9G1, B0HBMP42RD, B0HCCKPX41, B0HBMLRXSN, B0HBMH9C4T, B0HBMKRZ95, B0HCCRKGGQ, B0HBMR8RTT, B0HCD1FCYL, B0HBMGDGF1, B0HCCS541D, B0HBMLD6NG, B0HCCZ3ZPL, B0HCCVHCYW, B0HCCWCHRV]",amzn1.campaign.1CZB8P333MGRV,Dzlhayf Personalized Soccer Water Bottle Creator Campaign-保温杯,Dzlhayf,2026-08-13,2026-12-31,10.00%,1000000.0,999995.96,7,800,false
[B0DT9R7F74],amzn1.campaign.2QOXOK9855YB8,54mm Bottomless Portafilter for Breville,Frossvt,2026-08-13,2026-09-21,10.00%,6000.0,5956.24,18,800,false
[B0F4NZ679Q],amzn1.campaign.3P19R6GUZPIUK,"Citric Acid for Cleaning & Descaling Water Distillers, Kettles, Pots, Boilers",RENUV,2026-08-13,2027-01-02,30.00%,30000.0,30000.0,10,800,false
"[B0H9SHNYGG, B0H9SHSQ7W, B0H9STS2HV, B0H9SHXJCQ, B0H9SSK9B3, B0H9SQ3CKY, B0H9SMWP12, B0H9SFB4XX, B0H9SMMKCW, B0H9SSWYM8, B0H9SFBJL4, B0H9SJZPJJ, B0H9SHXJCB, B0H9SJ4PCD, B0H9SMMKCQ, B0H9SHYFRP, B0H9SC421K, B0H9SH5V3M, B0H25T31KS, B0H9SN5THW, B0H9Y5W4DN, B0H9SM7KF9, B0H9SGLH8F, B0H9XMXG6F, B0H9SCG41Z, B0H9SPV4KW, B0H9S89V9Z, B0H9SF9G5X, B0H25S89T9, B0H9SD3KGF, B0H9SJ2NP9, B0H9S86Q9J, B0H9SKM3KP, B0H9SL6VYH, B0H9SM2Y6F, B0H9SD37Z6, B0H9SDJQXY, B0H9SSL9H7, B0H9SQ64H1, B0H9SLRJWB, B0H9SLQHF2, B0H9SW2TGL, B0H9SHVRM4, B0H9SJY6CD, B0H9SKN6WK, B0H9SQKDHX, B0H9SGNTLL, B0H9SF3FMN, B0H262DFHS, B0H9SJY6C6, B0H261F9VD, B0H25L3WCF, B0H9SQNTP3, B0H25WGR4B, B0H9SN4814, B0H9SJ3L9R, B0H9SQ8S7N, B0H9S8ZKMP, B0H9SHZ2BN, B0H25KBJVF, B0H9SKQV9J, B0H9SCLSGL, B0H9S7DP43, B0H9SB1TDN, B0H9SFXS98, B0H9SPWJF7, B0H9SHJCKV, B0H9SHGVQR, B0H9SSTL7C, B0H9SHGVQQ, B0H9SHXFGF, B0H25QZ1YJ, B0H9STP7Y1, B0H9SHXFGG, B0H9SNBR1Q, B0H9SDPHYT, B0H9SM8W72, B0H9SCNJ8G, B0H9SKQMZ6, B0H9SC47Q4, B0H9SSDGMG, B0H9SGVCMH, B0H9STNGNL, B0H9SSN3X8, B0H9SGTS24, B0H9S7KBSJ, B0H9SCZ24Y, B0H9SD8X8P, B0H9SJ4SFZ, B0H9SGCQR8, B0H9SJV6QV, B0H9SFM9LG, B0H9SGDJPX, B0H9SLLNSS, B0H9SR6MY5, B0H9SGK8HK, B0H9SLLNST, B0H9SJQZ72, B0H9SQ1H8J, B0H9XLKNYX, B0H9SQH29K, B0H9SSH5HX, B0H9SKTHSP, B0H9SMBYS8, B0H9SR8QZP, B0H9SQ7W4R, B0H9SR8QZG, B0H9SPPC6Y, B0H9SQP7T1, B0H9SQSLKX, B0H9SF8CN9, B0H9SFRPRD, B0H9SJYZG6, B0H9SMJ2V8, B0H9SJGL8J, B0H9SLQTH9, B0H25YDTLG, B0H9SHDSGZ, B0H9SPVRCY, B0H9SGQ6L8, B0H9SGDBJH, B0H9S81L12, B0H9SQLLZY, B0H9S8L4SD, B0H9SL9LY1, B0H9SDS1R3, B0H9SJNM4Y, B0H9SJ7MJ8, B0H9SKTW9V, B0H9SS9X11, B0H9SQ75T2, B0H9SLB4FZ, B0H9S8H3TT, B0H25L163Y, B0H9SGMXKD, B0H9SFHWLP]",amzn1.campaign.10A2A0YQCNX4C,Modern Washable NonSlip Runner Creator Promo-2026/08/11,GENIMO,2026-08-13,2026-11-16,10.00%,5000.0,5000.0,36,800,false
"[B0CGM2T7XX, B0CGM32845, B0D1Y6CHPZ, B0CGLZXXMT, B0DPJZNMDS]",amzn1.campaign.3S0015KPFTOHB,🔥 HOT Deal! French Vintage Tufted Entryway Bench 🪑 -ZH-ZLY,Cozyman,2026-08-15,2026-10-08,10.00%,5000.0,5000.0,50,800,false
"[B0GKF6FK3B, B0DZWMVVDG, B0GKFF7TPQ, B0DZWJVLH2, B0GKF5QJLX, B0DZWN5R65, B0DZWNBKK5, B0GKFH3B96, B0GKF4C7CZ, B0GKFGY37G, B0DZWM9TB4, B0DZWNT8HC, B0GKFJ8VCL, B0GKF6Q653, B0DZWP52L2, B0GKF9SWNW, B0GKFV7BP2, B0DZWN8Y3S, B0DZWN5LVG, B0GKFDMGZQ, B0GKFCHC5W, B0GKF7QXVY, B0GKFQD1HS, B0DZWP5BNY, B0GKFM7KY2, B0GKFFLDT9, B0DZWP9L1K, B0GKFDNDVG, B0GKF61V2D, B0GKFBCFXL, B0GKDYNRZ3, B0GKF9VYM7, B0GKFN31TX, B0GKDYNRZ1, B0GKFDW8CM, B0DZWLC476, B0DZWN7VJN, B0GKFHPGTB, B0DZWLYT99, B0DZWP24FX, B0GKFVF28Z, B0DZWN1K5W, B0GKDTBC8M, B0DZWP5BR2, B0GKFDL71D, B0GKF2L1XH, B0GKFMQ6NF, B0DZWNB98X, B0GKF6NY8N, B0GKFCXDTG, B0DZWPS4VL, B0GKFB25NG, B0DZWPXHT4, B0GKDV1WPF, B0GKFCSFRC, B0DZWNZ6G6, B0GKFGY37N, B0GKF5VGQY, B0GKF5Q4W8, B0DZWN1HQP, B0DZWNM459, B0GKDR68FD, B0DZWPQBM2, B0DZWLZ5B4, B0GKF628WJ, B0DZWNPMRX, B0GKFRPMQH, B0GKFQYZLS, B0GKFLWJ57, B0GKFBGQWX, B0GKFB987J]",amzn1.campaign.GSDNTZPVCXOM,10% Earn |  Les umes Mens Polo Shirts Vintage V-Neck Short-knt084,Les umes,2026-08-13,2026-11-30,10.00%,10000.0,10000.0,20,800,false
"[B0CP4PTPNN, B08BMJN33K]",amzn1.campaign.5MYWPYVT4PE0,Heavy Duty Washing Machine Cleaner & Deodorizer,RENUV,2026-08-13,2027-01-02,30.00%,30000.0,29989.8,2,800,false
"[B0FDVVQ37J, B0FR49XY6R, B0FDW536N3, B0FR4CKLTJ, B0F21Q3M2Z, B0D7685YXJ, B0FDW72GSG, B0FR4BW88B, B0FDVF1PN2, B0FDQSFX4P, B0D767N3NJ, B0F21NJL2Y, B0FDWH1DXC, B0F21MF9KJ, B0D766XGR3, B0D765M25M, B0F21L7TS8, B0D767LTBK, B0D768JL2M, B0DKXJ4D7T, B0FR3MPLT8, B0D765WFRR, B0FR3MPKQR, B0FR4C2STS, B0FDW5QPJ3, B0FDVXM7C7, B0D766XMHW, B0FR49MGM6, B0F21LWVNR, B0FR3MQ4DP, B0FR4BBZK9, B0FR4CNL2D, B0FR42M9DJ, B0D768H9TX, B0D767TVHB, B0F21P3TSC, B0F21P4PTH, B0D767PY9L, B0FR42FB1N, B0DKXD9SJ7, B0FDWB6RSL, B0F21MCRK1, B0FDQVMLCH, B0D766YB9C, B0FR42L8HW, B0F21KQQJJ, B0FR4D6KJY, B0D76641ZD, B0FDW76LGC, B0D767NB9T, B0D767VFRS, B0FR4CFYG8, B0FDQSWCS9, B0D76811NX, B0FDQQX5X6, B0FR3Z5M26, B0D766YC73, B0DKXPK87G, B0FR4BVHDL, B0FR3MP3LQ, B0D767STCZ, B0FR49YWT1, B0D76741WC, B0FR421XK1, B0DKXFX294, B0FR4HFQH6, B0F21L9D6P, B0FR4CBXPF, B0D767Y9CW, B0F21L1VVG, B0FR49QSFK, B0FR41M3GC, B0FR4D1BT2, B0D7673NWJ]",amzn1.campaign.16TUB8E7F69L7,HOT Deal: 🌟 Glamaker Denim Romper Collab -WYN-M25JU0023,Glamaker,2026-08-16,2027-02-16,10.00%,5000.0,5000.0,0,800,false
"[B0H9SHNYGG, B0H9SHSQ7W, B0H9STS2HV, B0H9SHXJCQ, B0H9SSK9B3, B0H9SQ3CKY, B0H9SMWP12, B0H9SFB4XX, B0H9SMMKCW, B0H9SSWYM8, B0H9SFBJL4, B0H9SJZPJJ, B0H9SHXJCB, B0H9SJ4PCD, B0H9SMMKCQ, B0H9SHYFRP, B0H9SC421K, B0H9SH5V3M, B0H25T31KS, B0H9SN5THW, B0H9Y5W4DN, B0H9SM7KF9, B0H9SGLH8F, B0H9XMXG6F, B0H9SCG41Z, B0H9SPV4KW, B0H9S89V9Z, B0H9SF9G5X, B0H25S89T9, B0H9SD3KGF, B0H9SJ2NP9, B0H9S86Q9J, B0H9SKM3KP, B0H9SL6VYH, B0H9SM2Y6F, B0H9SD37Z6, B0H9SDJQXY, B0H9SSL9H7, B0H9SQ64H1, B0H9SLRJWB, B0H9SLQHF2, B0H9SW2TGL, B0H9SHVRM4, B0H9SJY6CD, B0H9SKN6WK, B0H9SQKDHX, B0H9SGNTLL, B0H9SF3FMN, B0H262DFHS, B0H9SJY6C6, B0H261F9VD, B0H25L3WCF, B0H9SQNTP3, B0H25WGR4B, B0H9SN4814, B0H9SJ3L9R, B0H9SQ8S7N, B0H9S8ZKMP, B0H9SHZ2BN, B0H25KBJVF, B0H9SKQV9J, B0H9SCLSGL, B0H9S7DP43, B0H9SB1TDN, B0H9SFXS98, B0H9SPWJF7, B0H9SHJCKV, B0H9SHGVQR, B0H9SSTL7C, B0H9SHGVQQ, B0H9SHXFGF, B0H25QZ1YJ, B0H9STP7Y1, B0H9SHXFGG, B0H9SNBR1Q, B0H9SDPHYT, B0H9SM8W72, B0H9SCNJ8G, B0H9SKQMZ6, B0H9SC47Q4, B0H9SSDGMG, B0H9SGVCMH, B0H9STNGNL, B0H9SSN3X8, B0H9SGTS24, B0H9S7KBSJ, B0H9SCZ24Y, B0H9SD8X8P, B0H9SJ4SFZ, B0H9SGCQR8, B0H9SJV6QV, B0H9SFM9LG, B0H9SGDJPX, B0H9SLLNSS, B0H9SR6MY5, B0H9SGK8HK, B0H9SLLNST, B0H9SJQZ72, B0H9SQ1H8J, B0H9XLKNYX, B0H9SQH29K, B0H9SSH5HX, B0H9SKTHSP, B0H9SMBYS8, B0H9SR8QZP, B0H9SQ7W4R, B0H9SR8QZG, B0H9SPPC6Y, B0H9SQP7T1, B0H9SQSLKX, B0H9SF8CN9, B0H9SFRPRD, B0H9SJYZG6, B0H9SMJ2V8, B0H9SJGL8J, B0H9SLQTH9, B0H25YDTLG, B0H9SHDSGZ, B0H9SPVRCY, B0H9SGQ6L8, B0H9SGDBJH, B0H9S81L12, B0H9SQLLZY, B0H9S8L4SD, B0H9SL9LY1, B0H9SDS1R3, B0H9SJNM4Y, B0H9SJ7MJ8, B0H9SKTW9V, B0H9SS9X11, B0H9SQ75T2, B0H9SLB4FZ, B0H9S8H3TT, B0H25L163Y, B0H9SGMXKD, B0H9SFHWLP]",amzn1.campaign.2BQNYK0CVT9HS,Modern Washable NonSlip Runner Creator Promo-2026/08/11,GENIMO,2026-08-13,2026-11-15,10.00%,5000.0,5000.0,44,800,false
"[B0FY4DRL9Q, B0FSLQDY5D, B0FS39HDSW, B0H389M4NW, B0DWV7M97D, B0GQZSBGZ6, B0DWVB41YT, B0H2NN1NB2, B0GR124TZF, B0FSLQ12NV, B0DWVB3DT5, B0GQZL4B4Z, B0DK81C9LY, B0FS423VCQ, B0H3865MCZ, B0FY44ZMZB, B0FSLS1LF4]",amzn1.campaign.1L7ZXUXLDCN2F,Creator Challenge: Grinds Focus Energy Pouches - Real Daily-Routine Test,GRINDS,2026-08-13,2027-03-12,14.50%,655656.0,655656.0,0,800,false
[B0BZSZ4CB1],amzn1.campaign.25U7UGO6FHG2V,Best Selling Dishwasher Cleaner & Deodorizer,RENUV,2026-08-13,2027-01-02,30.00%,30000.0,30000.0,0,800,false
[B0H5K9X82J],amzn1.campaign.3CNGM3FLH8B4K,"Brushless Cordless Die Grinder, 1/4"" Collet, for DEWALT 20V MAX Battery",XINTRAVEX,2026-08-13,2026-10-31,10.00%,10000.0,10000.0,10,800,false
"[B0DZWLC476, B0DZWN7VJN, B0DZWMVVDG, B0GKFF7TPQ, B0DZWLYT99, B0GKFVF28Z, B0DZWN1K5W, B0GKDTBC8M, B0GKFH3B96, B0GKF4C7CZ, B0GKFDL71D, B0GKFGY37G, B0DZWM9TB4, B0DZWNT8HC, B0GKFJ8VCL, B0GKFMQ6NF, B0GKFCXDTG, B0GKF6Q653, B0GKFV7BP2, B0DZWN5LVG, B0GKFDMGZQ, B0GKF7QXVY, B0GKFQD1HS, B0DZWPXHT4, B0GKDV1WPF, B0DZWNZ6G6, B0GKFGY37N, B0GKF5VGQY, B0GKDR68FD, B0DZWPQBM2, B0DZWLZ5B4, B0GKF628WJ, B0GKFDNDVG, B0GKFQYZLS, B0GKDYNRZ3, B0GKFN31TX, B0GKDYNRZ1]",amzn1.campaign.23OZR1X0Y3INB,10% Earn | Les umes Men's Polo Shirts Short Casual Shirt-knt083,Les umes,2026-08-13,2026-10-31,10.00%,10000.0,10000.0,25,800,false
"[B0H9SHNYGG, B0H9SHSQ7W, B0H9STS2HV, B0H9SHXJCQ, B0H9SSK9B3, B0H9SQ3CKY, B0H9SMWP12, B0H9SFB4XX, B0H9SMMKCW, B0H9SSWYM8, B0H9SFBJL4, B0H9SJZPJJ, B0H9SHXJCB, B0H9SJ4PCD, B0H9SMMKCQ, B0H9SHYFRP, B0H9SC421K, B0H9SH5V3M, B0H25T31KS, B0H9SN5THW, B0H9Y5W4DN, B0H9SM7KF9, B0H9SGLH8F, B0H9XMXG6F, B0H9SCG41Z, B0H9SPV4KW, B0H9S89V9Z, B0H9SF9G5X, B0H25S89T9, B0H9SD3KGF, B0H9SJ2NP9, B0H9S86Q9J, B0H9SKM3KP, B0H9SL6VYH, B0H9SM2Y6F, B0H9SD37Z6, B0H9SDJQXY, B0H9SSL9H7, B0H9SQ64H1, B0H9SLRJWB, B0H9SLQHF2, B0H9SW2TGL, B0H9SHVRM4, B0H9SJY6CD, B0H9SKN6WK, B0H9SQKDHX, B0H9SGNTLL, B0H9SF3FMN, B0H262DFHS, B0H9SJY6C6, B0H261F9VD, B0H25L3WCF, B0H9SQNTP3, B0H25WGR4B, B0H9SN4814, B0H9SJ3L9R, B0H9SQ8S7N, B0H9S8ZKMP, B0H9SHZ2BN, B0H25KBJVF, B0H9SKQV9J, B0H9SCLSGL, B0H9S7DP43, B0H9SB1TDN, B0H9SFXS98, B0H9SPWJF7, B0H9SHJCKV, B0H9SHGVQR, B0H9SSTL7C, B0H9SHGVQQ, B0H9SHXFGF, B0H25QZ1YJ, B0H9STP7Y1, B0H9SHXFGG, B0H9SNBR1Q, B0H9SDPHYT, B0H9SM8W72, B0H9SCNJ8G, B0H9SKQMZ6, B0H9SC47Q4, B0H9SSDGMG, B0H9SGVCMH, B0H9STNGNL, B0H9SSN3X8, B0H9SGTS24, B0H9S7KBSJ, B0H9SCZ24Y, B0H9SD8X8P, B0H9SJ4SFZ, B0H9SGCQR8, B0H9SJV6QV, B0H9SFM9LG, B0H9SGDJPX, B0H9SLLNSS, B0H9SR6MY5, B0H9SGK8HK, B0H9SLLNST, B0H9SJQZ72, B0H9SQ1H8J, B0H9XLKNYX, B0H9SQH29K, B0H9SSH5HX, B0H9SKTHSP, B0H9SMBYS8, B0H9SR8QZP, B0H9SQ7W4R, B0H9SR8QZG, B0H9SPPC6Y, B0H9SQP7T1, B0H9SQSLKX, B0H9SF8CN9, B0H9SFRPRD, B0H9SJYZG6, B0H9SMJ2V8, B0H9SJGL8J, B0H9SLQTH9, B0H25YDTLG, B0H9SHDSGZ, B0H9SPVRCY, B0H9SGQ6L8, B0H9SGDBJH, B0H9S81L12, B0H9SQLLZY, B0H9S8L4SD, B0H9SL9LY1, B0H9SDS1R3, B0H9SJNM4Y, B0H9SJ7MJ8, B0H9SKTW9V, B0H9SS9X11, B0H9SQ75T2, B0H9SLB4FZ, B0H9S8H3TT, B0H25L163Y, B0H9SGMXKD, B0H9SFHWLP]",amzn1.campaign.3S37XMEVOMVCP,Modern Washable NonSlip Runner Creator Promo-2026/08/11,GENIMO,2026-08-13,2026-11-14,10.00%,5000.0,5000.0,51,800,false
[B0H255B37Z],amzn1.campaign.2YU3EECY13MKN,"Propane Torch Weed Burner Kit, Heavy Duty 1,800,000 BTU, Built-in Igniter",XINTRAVEX,2026-08-13,2026-10-31,10.00%,10000.0,10000.0,18,800,false
"[B0DGTKPZDZ, B0CNSSR791, B0DBKTQWTM, B0CJ8MNY22, B0DBL2YSWW, B0DFPYR624, B0DFPX82BF, B0CJ8KNB89, B0CMSVZ4KM, B0DFBP42F3, B0CJ8M6TTB, B0CJ8LJTPN, B0DNDPXDQD, B0CJ8LVKBW, B0FNRJVFSF, B0DDGS81FL, B0CJ8LL86X, B0CJ8MDZVP, B0FNRKJYXT, B0CNST6L97, B0DNDS6Q8K, B0CJ8MFSS2, B0CJ8NCSFQ, B0DBL14Q73, B0DBKNN77Y, B0FNRD46ZP, B0DNDQ9RF8, B0CMT62C3F, B0DBKZVZBF, B0CJ8M8NY9, B0CJ8LNN78, B0DNDQRK1J, B0DDGY7GZT, B0CJ8N845L, B0CJ8MFYDM, B0DDGNK66P, B0DBKXWW6C, B0CJ8MVK1L, B0DFBZT647, B0CNSRQWB8, B0CJ8N65MF, B0CJ8LVF86, B0CNSV5W6Y, B0DGTKPNSJ, B0FNRGW571, B0CJ8LSD14, B0DBKTTH87, B0DBKR4ZTX, B0CNSSH7ZD, B0DBKHMW3Y, B0CNSTCP96, B0DBL2GKFQ, B0DGTJV4W5, B0DBKT78ZD, B0DBKMSSV3, B0DBL2K8MS, B0DFPZFLL2, B0DBKXBW83, B0DGTL1RWM, B0DBKV33XV, B0DNDQCNQW, B0CNSSPN1V, B0FNRJ2XNT, B0CMT4269P, B0FNRGBP18, B0CJ8LVYYB, B0CJ8M8GZS, B0DBL5CPRL, B0CJ8M1BZ4, B0DBKHGZZ3, B0DNDQXMZZ, B0DBKKXCZ7, B0CMTHYK7B, B0DDGXBZVY, B0DFB5CJWD, B0CJ8MXPD5, B0DFBMMWW4, B0DBKZ9W5F, B0DBKYF53K, B0CNST3NNY, B0CJ8L5SRM, B0DFBMTYZS, B0DBKL8T8Q, B0DBKQV5LZ, B0DBL39HH7, B0DNDRWW7H, B0DFPY6T2N, B0DNDSL4C6, B0FNRHKB1G, B0CJ8LZ2KF, B0DBKZYBDV, B0FNRJ5Q3T, B0DFBY63SH]",amzn1.campaign.M0TONSFUWEJK,VIMPUNEC Fall Waffle Knit Hoodie Sweater for Everyday | 12% Commission #25,VIMPUNEC,2026-08-13,2026-10-07,12.00%,5000.0,5000.0,16,800,false
"[B0DP1HPL24, B0DP1P2TPK, B0DNKJ5CDV, B0DNKHS439]",amzn1.campaign.10W1J7I9GIXH5,Creator Challenge: Hydrofy Hydrogen Electrolytes - Taste-Test What Matters,Hydrofy,2026-08-13,2027-03-17,11.50%,680007.0,680007.0,0,800,false
"[B0FLRD4CXT, B0FLR4FXVL, B0FLRDQ9WP, B09Y699GHH, B08KWPB9F4, B0BG8V11HZ, B0FWN4WZF7, B09Y69D2VB, B08KWSCMGQ, B08KWRS25D, B0FLRMHGLH, B0B4KPCRMG, B08KWS4DYZ, B0BG8SF43K, B0BKTFQYB8, B0FLRKK97X, B0FLRKYBQ5, B08KWQJ6DX, B0FLRN94QC, B0B52K7BGY, B0FWMFSR7D, B08KWRJB11, B0BG8TXQV2, B0BG8SBQGX, B0FLRMDWX2, B08KWRL9J3, B08KWR6JTG, B0FWN9YZM2, B0FLR9J7VZ, B0FLRRPGDP, B09Y69BDY5, B08KWQZHJ3, B08KXMPHWD, B0FLRNBFRV, B09ZYPKW2C, B0BG8WLJ93, B0BG8V1L7Q, B0BKV28XZZ, B09ZYR3TTR, B09ZYQ39CH, B0FLRWL4RB, B0B52JZV57, B08KWQFB25, B08KWQFTF7, B09Y6CR2VH, B0B4KMJVPS, B0FLRKXBGT, B0FLRZK48C, B0FLRFJFZ5, B0FLRRM3L4, B0BG8WSRSG, B0B4KPKSRZ, B0B4KS3HFR, B09Y69CSYF, B0FLRCKWLC, B09Y6BBSKB, B0BG8TYNWN, B0B52KVRVH, B0B52J43S4, B09ZYQJWXR, B0FLR9GP4S, B0FWNFN6DS, B0FWNFN6DN, B09ZYQRWPX, B0FLRPCPFJ, B0B4KRNRZC, B0FLRN98LK, B0BG8QRBWT, B0BG8PJ5QK, B0FWMXCG4S, B0BG8T9389, B0B4KR5XFH, B09ZYRS95T, B0FLRH1NT1, B0B52L3HPD, B0FBZ1KT7V, B0FLR43W8B, B0FLR4FK1Q, B0FLRQ2M93, B0FLR8MQFY, B0FLRMWNTX, B0BG8TF2VL, B08KWQSXJJ, B08KWQF6NW, B0BG8VW67S, B09Y6BTKJL, B09ZYQF96W, B0FLRC2WCK, B0BG8VB14B, B0BG8WVLD3, B0BG8S9GS3, B09ZYS63TL, B0FLRCLV44, B08KWNYD92, B08KWP2ZWC, B0BG8X4TC8, B0BG8S8GSY, B0B4KRSH7R, B0FLRGGFXZ, B0B4KKTZP3, B0BG8RPCZ1, B0FWN6Z2R5, B0B52L3H9K, B0BG8T9BJZ, B0FLRQ37JJ]",amzn1.campaign.BUXFEU9UVM9M,Groove Life - Groove Belt - 20% - Adjustable Magnetic Stretch Belt for Men,Groove Life,2026-08-13,2027-01-31,20.00%,25000.0,24987.01,0,800,false
"[B09Q4Q4XFH, B09RTS11KK, B0BV1C73PX, B08X4X3ZZ9, B0B3Q7GNSV]",amzn1.campaign.28TIGR3ADGSAW,Real-Life Review: Hume Desert Bloom Deodorant - Full-Experience Review,HUME SUPERNATURAL,2026-08-13,2027-06-23,18.50%,691470.0,691470.0,3,800,false
"[B0CGM2T7XX, B0CGM32845, B0D1Y6CHPZ, B0CGLZXXMT, B0DPJZNMDS]",amzn1.campaign.21MDH6YJ2T9NW,🔥 Great Deal! French Vintage Tufted Entryway Bench 🪑 -ZH-ZLY,Cozyman,2026-08-15,2026-10-07,10.00%,5000.0,5000.0,50,800,false
"[B0H9SHNYGG, B0H9SHSQ7W, B0H9STS2HV, B0H9SHXJCQ, B0H9SSK9B3, B0H9SQ3CKY, B0H9SMWP12, B0H9SFB4XX, B0H9SMMKCW, B0H9SSWYM8, B0H9SFBJL4, B0H9SJZPJJ, B0H9SHXJCB, B0H9SJ4PCD, B0H9SMMKCQ, B0H9SHYFRP, B0H9SC421K, B0H9SH5V3M, B0H25T31KS, B0H9SN5THW, B0H9Y5W4DN, B0H9SM7KF9, B0H9SGLH8F, B0H9XMXG6F, B0H9SCG41Z, B0H9SPV4KW, B0H9S89V9Z, B0H9SF9G5X, B0H25S89T9, B0H9SD3KGF, B0H9SJ2NP9, B0H9S86Q9J, B0H9SKM3KP, B0H9SL6VYH, B0H9SM2Y6F, B0H9SD37Z6, B0H9SDJQXY, B0H9SSL9H7, B0H9SQ64H1, B0H9SLRJWB, B0H9SLQHF2, B0H9SW2TGL, B0H9SHVRM4, B0H9SJY6CD, B0H9SKN6WK, B0H9SQKDHX, B0H9SGNTLL, B0H9SF3FMN, B0H262DFHS, B0H9SJY6C6, B0H261F9VD, B0H25L3WCF, B0H9SQNTP3, B0H25WGR4B, B0H9SN4814, B0H9SJ3L9R, B0H9SQ8S7N, B0H9S8ZKMP, B0H9SHZ2BN, B0H25KBJVF, B0H9SKQV9J, B0H9SCLSGL, B0H9S7DP43, B0H9SB1TDN, B0H9SFXS98, B0H9SPWJF7, B0H9SHJCKV, B0H9SHGVQR, B0H9SSTL7C, B0H9SHGVQQ, B0H9SHXFGF, B0H25QZ1YJ, B0H9STP7Y1, B0H9SHXFGG, B0H9SNBR1Q, B0H9SDPHYT, B0H9SM8W72, B0H9SCNJ8G, B0H9SKQMZ6, B0H9SC47Q4, B0H9SSDGMG, B0H9SGVCMH, B0H9STNGNL, B0H9SSN3X8, B0H9SGTS24, B0H9S7KBSJ, B0H9SCZ24Y, B0H9SD8X8P, B0H9SJ4SFZ, B0H9SGCQR8, B0H9SJV6QV, B0H9SFM9LG, B0H9SGDJPX, B0H9SLLNSS, B0H9SR6MY5, B0H9SGK8HK, B0H9SLLNST, B0H9SJQZ72, B0H9SQ1H8J, B0H9XLKNYX, B0H9SQH29K, B0H9SSH5HX, B0H9SKTHSP, B0H9SMBYS8, B0H9SR8QZP, B0H9SQ7W4R, B0H9SR8QZG, B0H9SPPC6Y, B0H9SQP7T1, B0H9SQSLKX, B0H9SF8CN9, B0H9SFRPRD, B0H9SJYZG6, B0H9SMJ2V8, B0H9SJGL8J, B0H9SLQTH9, B0H25YDTLG, B0H9SHDSGZ, B0H9SPVRCY, B0H9SGQ6L8, B0H9SGDBJH, B0H9S81L12, B0H9SQLLZY, B0H9S8L4SD, B0H9SL9LY1, B0H9SDS1R3, B0H9SJNM4Y, B0H9SJ7MJ8, B0H9SKTW9V, B0H9SS9X11, B0H9SQ75T2, B0H9SLB4FZ, B0H9S8H3TT, B0H25L163Y, B0H9SGMXKD, B0H9SFHWLP]",amzn1.campaign.NP1Z29HUNULZ,Modern Washable NonSlip Runner Creator Promo-2026/08/11,GENIMO,2026-08-13,2026-11-13,10.00%,5000.0,5000.0,52,800,false
"[B0CJLTZCKN, B0CJLTH26G, B0CJLMLL27]",amzn1.campaign.33BFDELPATCYZ,"Nick Stenson - Conditioner, Root Lifter Spray - 2 - 25%",NICK STENSON,2026-08-13,2026-12-31,25.00%,100000.0,99991.5,10,800,false
"[B0BGJB5S47, B09WB32G7Q, B0FHX2R5D7, B083TGNF5P, B0CC9ZCJBQ, B0BH53KQDJ, B0B23N5KN7, B09ZZDNMCK, B07SD5SB1R, B083TQPCF2, B0B5F83NDD, B0BGJFL8M5, B09ZYQND27, B083TD82B6, B07S8XX3GQ, B07Y8VGP8M, B0B5F7MVRY, B07Y8TSC3S, B09ZYR4SQR, B0FHX1HHRR, B09ZYS41CY, B0FHX29DM4, B0BGJCXBQF, B0FHWZRQRF, B07SC48S78, B0CC9ZC36F, B09ZYSHSZR, B0CFM6J243, B09WB31GJ7, B0FHWZH9Q9, B09ZYRFQ8Z, B083TJ8Q99, B07YN4ZHLG, B0CC9ZDWKG, B083THN46Z, B0CFM8L2J8, B0FHX1R5PF, B0CCB22BRW, B07Y8VS8HW, B0BFFPL6CH, B0BFFMY992, B0CFM5L7FY, B09ZYP5Y3B, B0BFFNZF4L, B0BGJDWSFF, B07Y8VJ3HY, B09ZYS78G4, B083TRKFNB, B09ZYSJS34, B0CFM5MKJV, B083TL3DJP, B07Y8W2XNT, B07SB1L135, B083TPL98J, B07Y8WF6NZ, B0BGJCC2MW, B0B23B8455, B083TD3CF4, B07SC4BJZS, B07YMZ3NZH, B07Y8TLXDV, B0B23BTYKJ, B0CFM63BL4, B0BGKFD8NX, B0CFM47RWQ, B07SC19FZ8, B083TQZBV3, B07YN3JTN8, B0FHX28WW6, B0CCB2S9LW, B07Y8W32P7, B083TCVDKL, B07Y8VD1GX, B07Y8VP1CT, B07SD763PB, B0FHX3S7MT, B07SD6K1YF, B07YMKK7NL, B083TW6D38, B0FHX2NXYH, B0BGJC4DZZ, B09ZYQN2TB, B0FHX1RNDP, B0CFM82Q5L, B0B23Q1J7S, B0FHWYG7GG, B0FHX1YJ7K, B083TG35GQ, B083TL3DDD, B083TCNLDG, B09ZYR7BKF, B0BGJBV76Q, B07Y8W3BZX, B0FHXDKBWB, B0B5F8CWLB, B0BGJF5L2P, B0CC9YYWLJ, B0FHX13VQT, B07YM3ZMTT, B0CCB1C2Q1, B09ZYSCZJK, B0BGJKCT75, B07YN4QV5W, B09ZYQL9YB, B083TKNJMF, B0FHX13CLN, B0B2399Z7H, B07Y8VZC2Y, B09WQ14JDT, B07YN5GWJ2, B083TZJL5N, B09WB1BJ1X, B083TPNRSB, B07YMGSPXS, B0FHWZQRF4, B0BGJ9QNFD, B07Y8NPCH7, B083TKSYLK, B083TT4FW5, B0FHX23CQN, B0BGJCGDPQ, B0CFM792B1, B09WB33Q6Z, B07Y8TF1GZ, B0B5F4ZNJ4, B0FHWZY2P7, B083TS1K4L, B09ZYQX8P8, B07Y8WJB5X, B07SD72LYR, B0CC9YYS1S, B0BGJC928L, B0CCB3GPDJ, B09ZYRC2X6, B0BGJ9LMB5, B07SD7F2JN, B09ZYSNY67, B0B23KWBQ3, B09ZYSYXCC, B0FHX2BYPL, B0CC9YTXL5, B0B234YSHF, B0FHWY5NW4, B09ZYRGYN3, B0FGXJL9RX, B09ZYRTP56, B07YM5J33X, B09ZYQQWXC, B0CCB38XYF, B09WP9FHL4, B0FGXK3VYT, B0BGJBSC2Z, B07Y8VRKGY, B0FHX2FYGF, B0CCB2P21J, B0FHWZF5W8, B083TLDPFH, B0FHWZWP8M, B083TQHZTY, B07SC4C7X3, B083TNJKB7, B09ZYS6JF9, B07Y8VCBS3, B0BH534ZR9, B0BH53XWPM, B0BFFN7F21, B09WB5LDFY, B07Y8VGJVF, B07SD8FDC9, B0BFFPPJJR, B083THK249, B0CFM7GBLK, B083TD7MDG, B07SB1KLDG, B0FHX37W4R, B07SD8JZT5, B09ZYR1DSN, B0CFM74LXQ, B0FHX2TMWT, B083TNQXYV, B0FHWZMDRR, B083TBTVGY, B0BGJDDJDQ, B083TLY417, B09WB25XF3, B07Y8VTNJ6, B09ZYRJ9BN, B0B22WZHTR, B0BH54B6C7, B09WB3JM5H, B0CCB3BBCM, B09ZYQWY8K, B0BGJ9C2KY, B083TNK66J, B07Y8VN3VX, B083TQVH51, B0BGJDX2L9, B0FHWZYGT8, B083TRGZYN, B083TLHK2H, B083T894D7, B09WPJN3T7, B09ZYR8FSD, B0FHX4B1LY, B0FHWZQ221, B0CFM6BVPF, B083TBJDKY, B0B5F84Y2S, B0CCB1VYMW, B0CFM7F4F3, B07SD5M9FD, B0B5F872N5, B0BGJB9XFB, B0BGJ98RNK, B0CFM47M5P, B083TPKYQ4, B083TNXT73, B0BH53GCXP, B0CFM6SJFR, B09ZYR9FDQ, B0BH53CDVL, B09ZYSCFM6, B083TKCH78, B0CCB388MP, B0BGJBN63X, B0B231YXPC, B0CFM61PGH, B07S8XWL98, B0FHX27CLR, B09ZYR3XL3, B0B5FBRS21, B09WPCTLSF, B07SB1KDV9, B0FHX1Y8MV, B09WPM9RBN, B09ZYRQZ56, B0BGJBKL7L, B083TRKG4G, B0FHX2GHVF, B0CFM7JFLB, B083TSW4P7, B09WPPRZSK, B07SB1L6W7, B0CCB2QVYZ, B0FHWZHJHV, B083TGDT8N, B083TJ8VN3, B07SD8PQ2W, B0BGJ7326Q, B0FHX1DDDZ, B07YN3TFQZ, B0CC9Z9NBT, B0CC9ZJ72S, B0B23B8FLJ, B0FHX1YS2W, B0CCB2FCCK, B0CCB136N5, B0CC9ZD62G, B0B22TXJHT, B083TKSHCG, B0BH551ZZV, B083TK1PJX, B083TKL78N, B0B5F9NM45, B0BH52NH67, B0FHX2QBN6, B09WPC1F1R, B0BGJFXYKZ, B09WPC1YXM, B07YN3XW4N, B0CC9ZZZ91, B083TJYTFP, B0BFFQK82L, B083TS3WMS, B0CC9Z85VH, B0CCB2B2MH, B0CCB3TFRR, B09WB2JLLB, B0FHX2SR7C, B0FHX2QZMP, B083TN2QSS]",amzn1.campaign.3H8O4F3EGDD8G,Groove Life - Men's Printed Wedding Band - 20% - Comfortable & Breathable Ring,Groove Life,2026-08-13,2027-01-31,20.00%,25000.0,24992.01,7,800,false
"[B0C1HN83W1, B0C1HNBXWX, B0C1HPP33Z, B0FLQMQFMW, B0C1HPXJJ8, B0C1HP5PTN, B0C1HLS6JV, B0C1HN3PDC, B0C1HNGJW3, B0C1HL7TBL, B0FLQN3K9F, B0C1HPDXBP]",amzn1.campaign.2ZC47IUO3219G,Groove Life - Groove Belt Low Profile - 20% - Adjustable Magnetic Stretch Belt,Groove Life,2026-08-13,2027-01-31,20.00%,25000.0,25000.0,19,800,false
"[B0CZ7L9J87, B07S7FGW92, B072MPYHWM, B07VNHKQ17, B011MP1J2Y, B0FFVZ6ZDK, B09GBL4PH5, B0B5HMVL74, B0FFVRHKWD, B07N34J3F1, B07VMPF3P7, B07VPBF33Z, B01N6QF6XO, B0FFV7S52L, B07VQX2153, B0CZ7GP9ML, B0B5HMVKLZ, B0CZ7HJT7C, B07S9DML9Q, B07VPD6YW8, B0CZ7HQZFK, B01BM8PVWA, B09GBKG9M6, B09L57X7P3, B07VMHLSHQ, B09GBMXWXS, B0CZ7GSWH3, B09L578S6R, B07VMPFKF1, B0CZ7GHRNS, B07S6CG6L4, B07JC9K4QS, B0FFVDTZQQ, B07VQX2BF9, B07J6SWTG1, B07VNHKFRY, B0721CK7CS, B07J6SWH6T, B09GBN8WCW, B09GBMHDSM, B0C74W8JW7, B07VPDBC7X, B07N34DLQS, B07VL7BVJJ, B0CZ7KYBL2, B01N4NS8ZB, B07N336L6Y, B01DHLXAVE, B07VQP2G6R, B0FFVPR7BG, B011MP1YGK, B07VPCLLN3, B09GBMS8GP, B0CZ7KX3QR, B0CZ7JN34W, B07S6CFX6G, B07VL7BCB1, B07VL7D3DF, B07TDCRJQZ, B07VL7CLZL, B0CZ7J44TF, B07VQK5SJK, B011MP1ODS, B0FFVZC8MY, B07S7FFL8H, B0FFVTXRTR, B0C74WBGYK, B07S6CDXW8, B07VL7CLQP, B07VNCNZ1B, B07TCBB17P, B07N33P7WH, B07VL7C49Y, B07VL76W5R, B07S9GR1N7, B07VNPBW4P, B0CZ7HRVWB, B07VQN6V7Q, B0FFVNR9PF, B07VQNCGF7, B01N7RTMEN, B0FFVBDT16, B07JCG5BWR, B07VQN5MKH, B07VNP8NJW, B0FFVBW3HK, B09L57NZVW, B07VKRFJPJ, B0FFVW75FZ, B07S7FJJBW, B07N331S57, B0C74X5265, B011MP224I, B07S7FJ8GT, B0CZ7H2567, B0CZ7HP8C4, B07S7FJF2S, B0FFVS5BM7, B07N33CXCB, B07VMCS3SW, B07VPB8QL7, B0FFVSC7MJ, B07N33TSWZ, B0CZ7GMKNF, B07S9FHNC1, B0CZ7GDX1L, B07JBM2R7P, B07N32G53Q, B0FFVKR41B, B07VMCRTWN, B01MUAFNNK, B07VL7BZFP, B0FFV54M1P, B07VL7DLV3, B07VPCR8D6, B09L56R5WP, B09L575Z1G, B01MT8TEQ6, B0CZ7J7YFJ, B07VNCK45H, B09L57LN55, B07SBHMR2V, B07VKRFD4D, B07VMPFFX2, B0B5HMXZSF, B0B5HM8R1F, B011MP1NN4, B07VPDFXX9, B0B5HLXSYT, B01MUAFMYQ, B011MP26CG, B09GBKZNDK, B0CZ7JTM37, B09GBMRKCL, B07VPFV7LX, B07S8DKQNZ, B0B5HQQPQN, B0CZ7L5H1Y, B07VPCJQ8Q, B0FT4PW712, B07S9GS9N4, B0FFVQ7CJ8, B0CZ7J6JFJ, B0CZ7HLX6V, B0C74W3DRY, B07N33TXFP, B07VMPHX4D, B07VLC96CK, B01ABS8U3E, B0CZ7J9BM5, B0CZ7FFVXN, B07VLJT73H, B0CZ7JP699, B0FFVZWC1T, B0CZ7GPQSC, B07N33X2Q4, B07VPL817W, B01N224ULD, B09L599SDF, B09GBLGRYG, B07VNCND9Z, B07VNCLVL9, B09GBL825S, B07N34TFGQ, B0CZ7GG452, B01ABS8UKC, B0B5HLVY14, B09L5715K7, B09L5656V1]",amzn1.campaign.16H26OWFXI3KM,Groove Life - Silicone Wedding Ring for Men - 20% - Comfortable & Breathable,Groove Life,2026-08-13,2027-01-31,20.00%,25000.0,24993.08,0,800,false
"[B0CGM2T7XX, B0CGM32845, B0D1Y6CHPZ, B0CGLZXXMT, B0DPJZNMDS]",amzn1.campaign.2OU1PBHX12J1D,🔥 Limited Time Deal! Carving Upholstered End of Bed Bench 🪑 -ZH-ZLY,Cozyman,2026-08-15,2026-10-06,10.00%,5000.0,5000.0,48,800,false
"[B08H3QL93P, B07VQX2BFC, B09GBJZPFB, B08H3PP81D, B0FFDN7TDF, B0C67FQ378, B08H4CPD7V, B0B4SXR2RY, B0C672RX68, B09L57H8JV, B09GBKKVB5, B0FFR96BPB, B07V2HJG44, B07VRSMWBK, B07VZLB6HV, B0B5B6ZP7M, B0FWLK17CB, B08H3SJH1V, B07VTRS2BT, B07VPRXZ3N, B07N98TGC4, B0B4SZ5SPN, B07VPRZNW8, B0FFDC2SS5, B098KK1H9W, B07VLJVC2J, B08H4CNRXV, B0B5B6XFMQ, B0B5B2W1X1, B07VTRRCFF, B0B5B6Q7TT, B07TBBBNTR, B0C679T5W6, B07VYG497P, B0BX7CPT71, B07VYG41HB, B09GBLQDBN, B0FFDVWDZY, B0C673P82Q, B07VLC8R8H, B0FFDKXHPM, B0FFDJMHVV, B07V6MSHZJ, B08H43TSXS, B0FWLKBZDB, B0FFRKDR9M, B07T86365R, B0C66YNXY8, B08H3P9DRZ, B0FFDDFWDV, B08H3TTJXS, B09GBM4YQB, B09GBLGTK2, B07SH2ZVH6, B07N9BZHF4, B07VRXFZWB, B0B5B83TT8, B07VLC923V, B09GBLYLDN, B098KN173X, B0B5B4H5V8, B07TCCQ4KB, B07V3M1W9S, B0B4T1KW6N, B0B5B8QNL5, B07VLC99B7, B0B5B4YT21, B08H3TM65N, B098KN6TQX, B07VRTQWQY, B07VLJV1TB, B0FFDKWVJD, B07VYBSGJ1, B07N99QLVC, B09L55YXY2, B09L5685ZB, B07VRVJM7N, B0C66YCWD6, B07N98RP7D, B0FWM5DC2N, B07VNHJ8GZ, B072MQW5K8, B07VLJTGCM, B098KLNDSL, B08H3VBQ3J, B07VMPH3SQ, B0FWM5SJ4H, B08H44PNJL, B09GBMYMLM, B0FFDCZD1K, B0B5B8N89B, B0FFDM63ZP, B0B5B3W3TY, B07VXB569F, B07VPXFKLP, B09GBM6LNB, B0C67836PN, B0BX4S2W8F, B07VRWY439, B0B5B4FBHP, B0B4T2HRY1, B09GBLQFMX, B07N9B3MFY, B0FWM7P4LV, B07T86442N, B0C66XT8XD, B07VQX2VFF, B098KK43RL, B07VQX1BQ3, B0B5B7QS7K, B07VMHLSHR, B098KLYWB5, B0B5BMWTZ9, B0FFRFWFGF, B0B4SY8XVC, B0FFD8V3PN, B0C66VV8JD, B09L55DP1J, B0B5B5ZJQ7, B07TBBCF75, B07VR29GFC, B09L56LWP4, B098KLV2BL, B0B4T113MC, B098KLP7NN, B07SH1FV6P, B07VPRYQGG, B07T99FFJ2, B07VLJV9WS, B0FFRNHMHB, B0B5B5NY49, B07SH2LB5P, B072MRJS3R, B0C6778PB6, B0C67724LQ, B0FFDMQPDV, B07VQMQDYT, B07SG16B8V, B07VMPGZWC, B0B5B3NL2K, B07VQMQDYV, B08H3ZP8SN, B0B5B33G9D, B0FFCZ4C16, B0B4SZ9FDB, B0C74VXST1, B0FFR7PVXR, B08H3W8D7N, B07VTRS2Z7, B0B5B53TLT, B07VYBRTL5, B07TCC3BFM, B0C675NFG3, B0B5B5CBZR, B0B5B63P9F, B07VLJTQBM, B0FFDNJGWV, B09GBL9H52, B0FWM1QY2V, B09GBM6TYZ, B098KKLB64, B0C675NKP7, B07VRTXY4D, B07VX864BX, B09L55PFJN, B0FFR76SF8, B0C676ZLF1, B07VPRXZ7N, B0C74XNK45, B098KLLFTG, B0FWM37G3G, B07VMP6VVW, B0FFDLH76H, B0C67DM8F8, B0C6782KP4, B07VMPGW62, B0B5B6T5TK, B07VPL7YR7, B0B5B7S8NC, B0FFRG54T6, B09GBLZRY6, B07VQWYRSR, B09GBP7FF4, B09GBP7FF2, B07YXD3W5L, B098KKFZJ2, B07SH1Z3Y8, B09L55NKXD, B07TCCQH8G, B0B5B5KWM4, B0C67FH8KB, B07VQLSDSX, B07VZLBPFC, B0C675FSJ1, B098KM318T, B07N981KHN]",amzn1.campaign.2B6OGVL290DJ3,Groove Life - Women's Silicone Wedding Ring - 20% - Comfortable & Breathable,Groove Life,2026-08-13,2027-01-31,20.00%,25000.0,25000.0,12,800,false
"[B0H4TYPM62, B0H4TXCXVF, B0H4TPYR9F, B0H4V1THHM]",amzn1.campaign.19J9EYPJ831K,Campaign Name [20% COMMISSION] Bloom & Bloom Pressure-Relief Nose Pads |,BLOOM & BLOOM,2026-08-13,2026-12-12,20.00%,25000.0,24918.23,16,800,false
"[B0H2XZJ4LY, B0H9Y2GDJ2, B0H9Y6WL2V, B0H9Y6Y25V, B0H9Y1CPTP, B0H9Y5PR42, B0H9XYHK81, B0H9XXSSG8, B0H9Y44DVS, B0H9Y475D5, B0H9XYWGT1, B0H1GT29JS, B0H9XW3HVN, B0H9XY3QBG, B0H2XWHLKQ, B0H9XZDGLS, B0H9Y2PVRG, B0H9XYCF5J, B0H9Y2C8RR, B0H9Y1GTVC, B0H2XTQ3QY, B0H9XYKBWJ, B0H9YCHHGH, B0H9Y9V4BF, B0H9Y6WP4Z, B0H9XVVJ4D, B0H9Y73MW6, B0H9Y8NQSL, B0H2Y5ZXLD, B0H9XXGH5B, B0H9Y1HQRL, B0H9Y2TMT9, B0H1H24YYJ, B0H9YBDQTD, B0H9Y7P8LD, B0H9Y71G7G, B0H1GQSBCG, B0H9Y6JV33, B0H9Y3CX5P, B0H9Y67RQH, B0H9XYFV9V, B0H1H3PM93, B0H9XQRJ1G, B0H9XYJCDT, B0H9Y3V58Y, B0H2Y1P13Q, B0H9XY8FY5, B0H9Y24MNW, B0H9Y2CD3N, B0H2Y1DWK5, B0H9Y62WNH, B0H9Y5BCWT, B0H9Y67KT5, B0H1H27Z4N]",amzn1.campaign.10ELNQRP0QUV,Washable Rug Creator Promo-2026/08/11,GENIMO,2026-08-13,2026-11-16,10.00%,5000.0,5000.0,45,800,false
"[B0FDVVQ37J, B0FR49XY6R, B0FDW536N3, B0FR4CKLTJ, B0D7685YXJ, B0FDW72GSG, B0FR4BW88B, B0FDVF1PN2, B0D767N3NJ, B0FDWH1DXC, B0D766XGR3, B0D765M25M, B0D767LTBK, B0D768JL2M, B0DKXJ4D7T, B0FR3MPLT8, B0D765WFRR, B0FR3MPKQR, B0FR4C2STS, B0FDW5QPJ3, B0FDVXM7C7, B0D766XMHW, B0FR49MGM6, B0FR3MQ4DP, B0FR4BBZK9, B0FR4CNL2D, B0FR42M9DJ, B0D768H9TX, B0D767TVHB, B0D767PY9L, B0FR42FB1N, B0DKXD9SJ7, B0FDWB6RSL, B0D766YB9C, B0FR42L8HW, B0FR4D6KJY, B0D76641ZD, B0FDW76LGC, B0D767NB9T, B0D767VFRS, B0FR4CFYG8, B0D76811NX, B0FR3Z5M26, B0D766YC73, B0DKXPK87G, B0FR4BVHDL, B0FR3MP3LQ, B0D767STCZ, B0FR49YWT1, B0D76741WC, B0FR421XK1, B0DKXFX294, B0FR4HFQH6, B0FR4CBXPF, B0D767Y9CW, B0FR49QSFK, B0FR41M3GC, B0FR4D1BT2, B0D7673NWJ]",amzn1.campaign.FRY608WBJ5GG,Great Deal: Glamaker Everyday Modal Sweatshirt Collab -LW-M24TP0027,Glamaker,2026-08-16,2027-05-27,10.00%,5000.0,5000.0,5,800,false
"[B0B4YTF7WB, B0B4Y8WGM5, B0CGVXQ6B7, B0B4Z1ZZ1Z, B0B4YM6M1L, B0B4YTFMRH, B0B4YB3GBF, B0FFF5W7LN, B0B4YYTDV8, B0B4YJ7854, B0B4YQCBXY, B0B4Z5QLC8, B0B4YRYM14, B0B4Z5QJ6K, B0B4YTDGSX, B0CGVX3M6N, B0B4YYRQMF, B0B4YYT57N, B0B4Z5K7CG, B0B4YS46VW, B0B4Y8PF5K, B0CGVTBC6N, B0B4YG33DF, B0CZ7HHW8R, B0CZ7H9M94, B0B4YJQBZX, B0B4Y73CBZ, B0B4YLZPBW, B0B4YR4VPW, B0B4YX86GH, B0B4YTWB86, B0B4YKKDXP, B0B4YYRSFB, B0B4YKDW69, B0CGVWP4NZ, B0CGVX9H9W, B0B4Z82JNN, B0CZ7D6GVJ, B0B4YD8GC1, B0B4YJ7KDG, B0B4Z2PPL3, B0FFDZY58Y, B0B4YMSFPS, B0B4YQGMY8, B0B4YD6SYK, B0BPJ4ZX6Y, B0B4YXGYFN, B0CGVX9PFV, B0CGVZKTJD, B0B4Y8R5ZF, B0B4Z4BDW5, B0B4YSMM5C, B0CGVVSHD1, B0CGVYCCXY, B0FFDTQ97P, B0B4YYT1K3, B0FFFJS9N5, B0B4YTN7XD, B0CZ7HPN98, B0CZ7JSNG8, B0B4YG8WRR, B0B4YDC3XD, B0FFDTCZB7, B0FFF58GG5, B0B4YPS642, B0B4YX6N5Z, B0B4Z18J3V, B0B4Z837FQ, B0B4YQFN5L, B0FFF4TBVH]",amzn1.campaign.1TPXYTK2PTCMN,Groove Life - Zeus Ring - 20% - Comfortable & Breathable Silicone Ring for Men,Groove Life,2026-08-13,2027-01-31,20.00%,25000.0,25000.0,11,800,false
"[B0FDSGLQXQ, B0FDS1KQSM, B0FDRX91L4]",amzn1.campaign.2UJE4CL6RRLN5,Groove Life - Groove Wallet Stealth - 20% - Minimalist 14-Card Holder for Men,Groove Life,2026-08-13,2027-01-31,20.00%,25000.0,25000.0,14,800,false
"[B0H8Q9NM4D, B0H8Q8D2FY, B0H8Q6R1PV, B0H8Q9Z2XW, B0H8QLB4G9, B0H8Q72S4Y, B0H8Q7L9LK, B0H8Q9JFYT, B0H8PXSXRY, B0H8Q4VX95, B0H8Q5RCR2, B0H8QFHNMZ, B0H8Q7QDRQ, B0H8QD224P, B0H8Q7F8BQ, B0H8PV2C19, B0H8Q8JTKL, B0H8QFRV3Q, B0H8Q57YS7, B0H8QCTYP6]",amzn1.campaign.2HKUX8R5MAKWD,NEW Groove Golf Belt Pro | 20% | Magnetic Stretch Belt for Men,Groove Life,2026-08-13,2027-01-31,20.00%,25000.0,25000.0,19,800,false
"[B0G6FKFN3F, B0H46RLM8R, B0H3G4ZQ84, B0G6G5TYFB, B0G6FJJLG2]",amzn1.campaign.1OGV5INVFZ3YZ,CC QUOKKA Kids Adventure Games Scavenger Hunt,QUOKKA,2026-08-20,2027-02-19,10.00%,10000.0,9989.25,17,800,false
"[B091MLSF82, B08CSTT8B7, B08DWJS48C, B09FJ44DHC, B0D3NRQ3WG, B08H7RJRYG, B08GY8HJZX, B08DWB5LWP, B00ICVHYSA, B0DJCCZDVZ, B09FJ6CQ1F, B08H8FQBP9, B09K91QLYL, B07KNBPZHS, B09K8ZR6H2, B09FJ5XZ2L, B08F4Y1JFS, B08H8KDBZM, B08DW49KN3, B09FJ4LZQS, B08DVZG2BM, B09FJ5GTM1, B097FDNF7D, B08H8KQ3GW, B09FJ5JS9X, B09FJ4PP3S, B091MDJ36L, B0DJ3FGJZV, B0DJ3G3NSZ, B0D3NMMZRT, B08H7M99TQ, B08H8N4KCH, B097FDQWKW, B08CSTCP62, B08GYGYGKQ, B08H87C4HM, B07KX825YR, B07KX7VS49, B07KX7C4Y7, B09FJ3WM29, B08GY18RSY, B09K8Z4Z15, B08GY6Y7R4, B0DJCDH17B, B09K96LY3P, B08HBX886G]",amzn1.campaign.3PM06M9GD21DM,Creator Challenge: Grinds Coffee Pouches - First Sip to Final Take,GRINDS,2026-08-13,2027-03-12,15.00%,658437.0,658437.0,15,800,false
"[B0BGJB5S47, B0CXF8P3NW, B0FHX2R5D7, B0CC9ZCJBQ, B0CXF9TMJY, B0B23N5KN7, B0CXF8RQ3J, B09ZZDNMCK, B07YBGVQ2P, B0BGJFL8M5, B09ZYQND27, B09TTVC99T, B09ZYR4SQR, B0FHX1HHRR, B083TL48NH, B09ZYS41CY, B0B57CWQNW, B0FHX29DM4, B0BGJCXBQF, B0B57DSVGP, B0FHWZRQRF, B0B57C2VFQ, B0CC9ZC36F, B09ZYSHSZR, B083TD35XT, B0FHWZH9Q9, B09ZYRFQ8Z, B07SFZJT4Q, B0CC9ZDWKG, B0CXF5B6QK, B0B578Y3N3, B0B578HYKL, B0FHX1R5PF, B0CXF6WV53, B0B578VTH6, B0B57L7ZFM, B0CCB22BRW, B0B57B3YFK, B0CXF6SB89, B0CXF9H85R, B09ZYP5Y3B, B0BGJDWSFF, B0CXF7HWFD, B09ZYS78G4, B09ZYSJS34, B0FD4ZKMYM, B083TJJ2DJ, B07SFZKZLV, B0BGJCC2MW, B0B23B8455, B083TH3XLY, B0CXF8N9CG, B0B23BTYKJ, B0BGKFD8NX, B0CXF7TMNL, B0B57BHFSW, B07YBFTKY2, B0FHX28WW6, B0CCB2S9LW, B0CXF8MVPG, B0B57BK2BV, B07YBFXR9Y, B0CXF7N9HQ, B0B57CBYQ2, B0FHX3S7MT, B0FHX2NXYH, B0CXF6DFBR, B0BGJC4DZZ, B09ZYQN2TB, B0FHX1RNDP, B0B23Q1J7S, B0CXF7HR32, B0FHWYG7GG, B0CFM59QTC, B0FHX1YJ7K, B0CXFGYJFZ, B0B57CKSZV, B0CXFB85JM, B09ZYR7BKF, B0BGJBV76Q, B0FHXDKBWB, B0B57CKS8L, B0BGJF5L2P, B0CC9YYWLJ, B0CXF8MXMM, B0FHX13VQT, B0B57F232P, B0CCB1C2Q1, B09ZYSCZJK, B09TTWL9NQ, B0CXF8XHMM, B0CXF8JQYL, B0BGJKCT75, B0B578ZK5F, B09ZYQL9YB, B0FHX13CLN, B0B2399Z7H, B0CXF8B7RL, B0CXF8THZK, B0FHWZQRF4, B0B57BHLBN, B0BGJ9QNFD, B0CXF8CQRG, B0CXF8173T, B07SFXQ7D3, B0FHX23CQN, B0BGJCGDPQ, B0FHWZY2P7, B0CFM7JLC5, B09ZYQX8P8, B07SFYS1CP, B0B57CYM5F, B0CC9YYS1S, B0B57CNRPN, B0CXF94K3H, B0BGJC928L, B0CCB3GPDJ, B09ZYRC2X6, B0BGJ9LMB5, B0B578V1PX, B0B57BZDML, B0B57J38W7, B0B57D2W12, B09ZYSNY67, B0B23KWBQ3, B09ZYSYXCC, B0FHX2BYPL, B07YBGFQN3, B0CXF7N4BP, B0CC9YTXL5, B0B578G7RL, B0B234YSHF, B0B57CY1QX, B0FHWY5NW4, B09ZYRGYN3, B0FGXJL9RX, B09ZYRTP56, B09ZYQQWXC, B07YBHWVFV, B0CCB38XYF, B0FGXK3VYT, B0B57BXSTD, B0CFWS5S39, B0BGJBSC2Z, B07SGZ2JH5, B0CXF8YRZC, B0FHX2FYGF, B0CCB2P21J, B0CXF8KZ32, B0FHWZF5W8, B0B578YMYV, B0CXF9Y3QQ, B0CXF9JG4W, B0FHWZWP8M, B0CXFCB2P2, B0B578X8S5, B09ZYS6JF9, B0CXF8PCH2, B07YBH6D4X, B07YBGS9F1, B0CXF7JYMY, B0CXF8J164, B0FHX37W4R, B0B57FY8K8, B09ZYR1DSN, B0FHX2TMWT, B09TTWQ2Q8, B09TTW3G1W, B0FHWZMDRR, B0BGJDDJDQ, B0B57B9HJP, B0CXF5ZDJT, B09ZYRJ9BN, B0B22WZHTR, B07SGZQ5G5, B09TTW8YFD, B07SGZ6XL4, B0CCB3BBCM, B09ZYQWY8K, B0CXFCBGJX, B0BGJ9C2KY, B07YBGY58R, B0BGJDX2L9, B0FHWZYGT8, B0B57BMWND, B0B57C2JYC, B09ZYR8FSD, B0FHX4B1LY, B0FHWZQ221, B0CXF84HP5, B07YBFRCG6, B0B57C5DCG, B07YBGMLJZ, B0B57CLJML, B0B57CM9YN, B0B579RXSN, B0CXF9JMLG, B0CCB1VYMW, B0BGJB9XFB, B0BGJ98RNK, B0CXFGTG7V, B0CXF8GFT1, B0B57C9JVJ, B0CFM5Y1P2, B07SFZHNJL, B09ZYR9FDQ, B0CFM921TR, B09ZYSCFM6, B0CCB388MP, B07SGZPZDH, B0BGJBN63X, B0B231YXPC, B0CXF95C6W, B0FHX27CLR, B09ZYR3XL3, B0CFM7GBN5, B0B57DNP5X, B0CXF7VQNR, B0FHX1Y8MV, B0CXF8T3XZ, B0B57DFHNB, B09ZYRQZ56, B0B57CTMKC, B0B57DF8NQ, B0BGJBKL7L, B0FHX2GHVF, B0B57C6P9M, B0CCB2QVYZ, B0B57CYBVP, B09TTVQ1CM, B0FHWZHJHV, B083TKYB4R, B0B5783XLL, B0B57CG8K1, B0B57DR46D, B0B578SC49, B0B57D98XT, B0BGJ7326Q, B0FHX1DDDZ, B07YBGMWLC, B07SFK8G7B, B0CC9Z9NBT, B0CC9ZJ72S, B0B23B8FLJ, B0FHX1YS2W, B0CCB2FCCK, B0B57B4582, B0CCB136N5, B0CC9ZD62G, B0B22TXJHT, B0CXF96DXL, B083TJ6RK7, B083T878V3, B0FHX2QBN6, B0B57CHXF6, B0BGJFXYKZ, B07YBFDDNR, B0CC9ZZZ91, B0CXF6662M, B0B57DBNH2, B0B579ZBQZ, B0CXF6Q3M7, B0CC9Z85VH, B0CCB2B2MH, B0CCB3TFRR, B0FHX2SR7C, B0FHX2QZMP]",amzn1.campaign.VOWPP7TIUZBF,Groove Life - Women's Printed Wedding Band - 20% - Comfortable & Breathable Ring,Groove Life,2026-08-13,2027-01-31,20.00%,25000.0,25000.0,19,800,false
"[B0FBZ38QKN, B0FBZMJ19K, B0FBZBV8ZR, B0GLFFV92N, B0FBZ5XMN2, B0FBZ4RRD1, B0H9P8GHWN, B0FBZ5S2ZR, B0H9P5XM2V, B0FBZ2HXVJ]",amzn1.campaign.2SSFGRVWA7NRU,Groove Max Leather Belt - 15% | Leather Belt for Men,Groove Life,2026-08-13,2027-01-31,15.00%,25000.0,25000.0,31,800,false
"[B0H2XZJ4LY, B0H9Y2GDJ2, B0H9Y6WL2V, B0H9Y6Y25V, B0H9Y1CPTP, B0H9Y5PR42, B0H9XYHK81, B0H9XXSSG8, B0H9Y44DVS, B0H9Y475D5, B0H9XYWGT1, B0H1GT29JS, B0H9XW3HVN, B0H9XY3QBG, B0H2XWHLKQ, B0H9XZDGLS, B0H9Y2PVRG, B0H9XYCF5J, B0H9Y2C8RR, B0H9Y1GTVC, B0H2XTQ3QY, B0H9XYKBWJ, B0H9YCHHGH, B0H9Y9V4BF, B0H9Y6WP4Z, B0H9XVVJ4D, B0H9Y73MW6, B0H9Y8NQSL, B0H2Y5ZXLD, B0H9XXGH5B, B0H9Y1HQRL, B0H9Y2TMT9, B0H1H24YYJ, B0H9YBDQTD, B0H9Y7P8LD, B0H9Y71G7G, B0H1GQSBCG, B0H9Y6JV33, B0H9Y3CX5P, B0H9Y67RQH, B0H9XYFV9V, B0H1H3PM93, B0H9XQRJ1G, B0H9XYJCDT, B0H9Y3V58Y, B0H2Y1P13Q, B0H9XY8FY5, B0H9Y24MNW, B0H9Y2CD3N, B0H2Y1DWK5, B0H9Y62WNH, B0H9Y5BCWT, B0H9Y67KT5, B0H1H27Z4N]",amzn1.campaign.3MF0578L4Y63R,Washable Rug Creator Promo-2026/08/11,GENIMO,2026-08-13,2026-11-15,10.00%,5000.0,5000.0,58,800,false
[B0HCBZC9TX],amzn1.campaign.CXZ4H1PYBEOT,30% Off 12×18 Inch Halloween Black Cat Pumpkin Trick or Treat Yard Flag,Pfzye,2026-08-13,2026-09-22,15.00%,5000.0,4998.26,33,800,false
"[B0G87S94CW, B0G87F978J, B0G8735S6W]",amzn1.campaign.2KF9QPUH7EVSW,Real-Life Review: Hume Supernatural Body Wash - Formula and Format Test,HUME SUPERNATURAL,2026-08-13,2027-06-20,18.00%,688403.0,688403.0,19,800,false
[B0H9WK4JQS],amzn1.campaign.2BBXGBC8A187H,"Groove Money Clip Knife - 15% | Folding Pocket Knife, Box Cutter",Groove Life,2026-08-13,2027-01-31,15.00%,25000.0,25000.0,22,800,false
"[B0CGM2T7XX, B0CGM32845, B0D1Y6CHPZ, B0CGLZXXMT, B0DPJZNMDS]",amzn1.campaign.1QIACNRW5WR98,🔥 HOT Deal! Carving Upholstered End of Bed Bench 🪑 -ZH-ZLY,Cozyman,2026-08-15,2026-10-05,10.00%,5000.0,5000.0,48,800,false
"[B0DB4FH7RL, B0F7HKLTVX, B0D46WWYSD, B0D46YXWK9, B0F7HNNDFH, B0D46YNZJJ, B0F7HJSY53, B0D46WM1XB, B0D46Y318V, B0D46XXW82, B0F7HMTLVB, B0D46YMSCK, B0DB4N5VLL, B0DB4Q9PB4, B0F7HKC7KX, B0D46Y4J8W, B0DB4LWP7C, B0D46YTZLL, B0D46YBMHK, B0DB4NFS28, B0D46YB9YS, B0F7HPBQL6, B0D46ZP2YY, B0F7HJLDX3, B0D46Y63L9, B0DB4QXKCF, B0D46YG3K1, B0D46XFNMS, B0D46XCCDQ, B0F7HDGLBR, B0D46YNZHL, B0D46Z96RD, B0D4712936, B0F7HJ8ZGZ, B0D46XXGCJ, B0DB4LBQTQ, B0F7HL9S3T, B0F7HJMBWL, B0F7HMXX2M, B0D46WYJVG, B0DB4VHTYX, B0F7HPZC63, B0D46YJVXF]",amzn1.campaign.11XPPBJNKQV1N,Dookttker 100% Cotton Gauze Tops for Women Oversized Button Down Shirts Casual,Dookttker,2026-08-13,2026-09-30,10.00%,5000.0,4979.2,2,800,false
"[B0H2XZJ4LY, B0H9Y2GDJ2, B0H9Y6WL2V, B0H9Y6Y25V, B0H9Y1CPTP, B0H9Y5PR42, B0H9XYHK81, B0H9XXSSG8, B0H9Y44DVS, B0H9Y475D5, B0H9XYWGT1, B0H1GT29JS, B0H9XW3HVN, B0H9XY3QBG, B0H2XWHLKQ, B0H9XZDGLS, B0H9Y2PVRG, B0H9XYCF5J, B0H9Y2C8RR, B0H9Y1GTVC, B0H2XTQ3QY, B0H9XYKBWJ, B0H9YCHHGH, B0H9Y9V4BF, B0H9Y6WP4Z, B0H9XVVJ4D, B0H9Y73MW6, B0H9Y8NQSL, B0H2Y5ZXLD, B0H9XXGH5B, B0H9Y1HQRL, B0H9Y2TMT9, B0H1H24YYJ, B0H9YBDQTD, B0H9Y7P8LD, B0H9Y71G7G, B0H1GQSBCG, B0H9Y6JV33, B0H9Y3CX5P, B0H9Y67RQH, B0H9XYFV9V, B0H1H3PM93, B0H9XQRJ1G, B0H9XYJCDT, B0H9Y3V58Y, B0H2Y1P13Q, B0H9XY8FY5, B0H9Y24MNW, B0H9Y2CD3N, B0H2Y1DWK5, B0H9Y62WNH, B0H9Y5BCWT, B0H9Y67KT5, B0H1H27Z4N]",amzn1.campaign.1AKMFIDY8HGSI,Washable Rug Creator Promo-2026/08/11,GENIMO,2026-08-13,2026-11-14,10.00%,5000.0,5000.0,56,800,false
"[B0D6ZDJY8X, B0D8H1LB2F, B0CC5NS3R9, B0D6Z9YSZM, B0D8GZLR54, B0CTQTJ6R8]",amzn1.campaign.24I32PW8Q6IC1,Fall Tailgate Season Starts Here | Personalized Picnic Blanket | Earn 15%,Custom Empire Shop,2026-08-13,2026-11-15,15.00%,10000.0,10000.0,15,800,false
"[B0FTP3RJLM, B0FTMZBKQX, B0FTMZBQMN, B0FTNRMKQ8, B0FTNR9CD6, B0FTNMZCLM, B0FTMV7N1H, B0FTNGZC67, B0FTNVVRDQ, B0FTMY5TD1, B0FTNW3Z64, B0FTNKXWGB, B0FTP3K8C8, B0FTNVVZ5D, B0FTNCYRS2, B0FTMZR21D, B0FTMVCZCD, B0FTN1YQ2C, B0FTN17GV5, B0FTNMZ1ZQ, B0FTMYF4JT, B0FTNVWGLF, B0FTNKY8VH, B0FTNKZS68, B0FTNVVY6C, B0FTNVVY6D, B0FTP3P8Z6]",amzn1.campaign.1BMEZZCREXUQ,Dookttker Women's Deep V Neck Open Back Sexy Halter Going Out Tops Y2K Backless,Dookttker,2026-08-13,2026-09-30,10.00%,5000.0,5000.0,4,800,false
"[B0H2XZJ4LY, B0H9Y2GDJ2, B0H9Y6WL2V, B0H9Y6Y25V, B0H9Y1CPTP, B0H9Y5PR42, B0H9XYHK81, B0H9XXSSG8, B0H9Y44DVS, B0H9Y475D5, B0H9XYWGT1, B0H1GT29JS, B0H9XW3HVN, B0H9XY3QBG, B0H2XWHLKQ, B0H9XZDGLS, B0H9Y2PVRG, B0H9XYCF5J, B0H9Y2C8RR, B0H9Y1GTVC, B0H2XTQ3QY, B0H9XYKBWJ, B0H9YCHHGH, B0H9Y9V4BF, B0H9Y6WP4Z, B0H9XVVJ4D, B0H9Y73MW6, B0H9Y8NQSL, B0H2Y5ZXLD, B0H9XXGH5B, B0H9Y1HQRL, B0H9Y2TMT9, B0H1H24YYJ, B0H9YBDQTD, B0H9Y7P8LD, B0H9Y71G7G, B0H1GQSBCG, B0H9Y6JV33, B0H9Y3CX5P, B0H9Y67RQH, B0H9XYFV9V, B0H1H3PM93, B0H9XQRJ1G, B0H9XYJCDT, B0H9Y3V58Y, B0H2Y1P13Q, B0H9XY8FY5, B0H9Y24MNW, B0H9Y2CD3N, B0H2Y1DWK5, B0H9Y62WNH, B0H9Y5BCWT, B0H9Y67KT5, B0H1H27Z4N]",amzn1.campaign.36BGJKXPFCXNR,Washable Rug Creator Promo-2026/08/11,GENIMO,2026-08-13,2026-11-13,10.00%,5000.0,5000.0,60,800,false
"[B0CGM2T7XX, B0CGM32845, B0D1Y6CHPZ, B0CGLZXXMT, B0DPJZNMDS]",amzn1.campaign.1X5X8780EDLCL,🔥 Great Deal! French Vintage Tufted Entryway Bench 🪑 -ZH-ZLY,Cozyman,2026-08-15,2026-10-04,10.00%,5000.0,5000.0,48,800,false
"[B0FWKG7MFH, B0FWKGMQV5, B0FWKH5W86, B0FWKH9L6L, B0FWKKLPKX, B0FWKH2143, B0FWKFT2X9, B0FWKCYTH6, B0FWKFDNQM, B0FWKFWWML, B0FWKKQZYK, B0FWKGSBGP, B0FWKGQ6VH, B0FWKJYFQG, B0FWKF2HT6, B0FWKJJB64, B0FWKJCCQN, B0FWKFPJVX, B0FWKFC86Z, B0FWKKHWV7, B0FWKHFW6B, B0FWKGMMBJ, B0FWKJMJ6T, B0FWKKJMWG, B0FWKHH8ZY, B0FWKJLDWC, B0FWKK5B11, B0FWKGVJ5N, B0FWKK8MZG, B0FWKNF27Z, B0FWKG6VHF, B0FWKJ5FHP, B0FWKKSF3G, B0FWKKP832, B0FWKJH7SX, B0FWKG8N9R, B0FWKKPJMB, B0FWKGW1LV]",amzn1.campaign.2A565T11JIC94,Dookttker Womens Ruffle Waist Boxer Shorts Pajama Gingham Shorts 100% Cotton,Dookttker,2026-08-13,2026-09-30,10.00%,5000.0,4982.2,7,800,false
"[B0CHMR2LQR, B0D22YV2G2, B0D5QPB7HM, B0FMR1MS37, B0D22XDTNN, B0CPHR2RC8, B0GXCZXMZS, B0GXCSYBJT, B0G3ZKP3YQ, B0CWRVRTQS, B0CWRTG9SR, B0CHMNLVWC, B0FMR1738J, B0FMR17SXJ, B0GXCXCJVX, B0D22Z944P, B0GXDCLDG4, B0FMR12Y6N, B0CHMP52N3, B0CRRWPNBQ, B0D22TZQ4B, B0CRRWCVZ4, B0D22W8SDR, B0D22XWKV5, B0GXD5GNL4, B0DK6S76LR, B0D22ZT4PB, B0CRV13T4F, B0G3ZLJLC8, B0D22ZRVY2, B0F8H7465X, B0FMQZZLBB, B0H6Z4WKTG, B0D22YDZS5, B0FRFNJ1YF, B0D5QQYKS3, B0DK6QDZ55, B0CWRWYTWL, B0G3ZRFKG5, B0CPHN33CN, B0G3ZM1Z7X, B0F8HTS2RC, B0GXDC42M7, B0G3ZRPTGJ, B0G3ZS99FQ, B0H6Z7Y89B, B0GXDFPZVS, B0GXD46PKM, B0GXD6656K, B0D7ZT18LK, B0CWRVFHFL, B0D22XDQNL, B0GXCXTNJ2, B0D22ZVBCV, B0G3ZMSTYB, B0FMR1V7FW, B0GXD2HW3S, B0CRRWRTF4, B0G3ZNT27F, B0D7ZVCXNV, B0CWRWYPXJ, B0G3ZNLHC4, B0D22Y6QZ4, B0D22ZLTQ5, B0CWRVFJ5H, B0CPHTB4DR, B0CHMN3149, B0FMR23XZ2, B0G3ZQCTL8, B0G3ZKYMNP, B0F8HLGRTX, B0FRF4Q28M, B0G3ZMYC69, B0GXCZY9T3, B0GXD2L87P, B0GXD5V9FW]",amzn1.campaign.2J4UQHP15FGL4,HOT Deal! Limited Rug Promotion-YL-KCJ,PureCozy,2026-08-14,2026-10-21,10.00%,5000.0,5000.0,14,800,false
"[B0FY6KPXSB, B0FY6HGTW5, B0FY6K51SB, B0FY6H6KK5, B0FY6MG14S, B0FY6MRFVK, B0FY6JN5Z2, B0FY6QFXCL, B0FY6MHBGD, B0FY6MTGWL, B0FY6N5WGS, B0FY6LJT29, B0FY6N668Y, B0FY6JRYQB, B0FY6JCNLV, B0FY6P4LQP, B0FY6J6KW2, B0FY6L57ZY, B0FY6P2P48, B0FY6KS53Q, B0FY6HPLH7, B0FY6N9SFD, B0FY6NZTHY, B0FY6KM6C8]",amzn1.campaign.37EBKN7WPPZLG,Dookttker Y2k Mini Skirt for Women with Shorts Underneath Tight Skirt Sexy Short,Dookttker,2026-08-13,2026-09-30,10.00%,5000.0,4994.25,11,800,false
"[B0FDVVQ37J, B0FR49XY6R, B0FDW536N3, B0FR4CKLTJ, B0D7685YXJ, B0FDW72GSG, B0FR4BW88B, B0FDVF1PN2, B0D767N3NJ, B0FDWH1DXC, B0D766XGR3, B0D765M25M, B0D767LTBK, B0D768JL2M, B0DKXJ4D7T, B0FR3MPLT8, B0D765WFRR, B0FR3MPKQR, B0FR4C2STS, B0FDW5QPJ3, B0FDVXM7C7, B0D766XMHW, B0FR49MGM6, B0FR3MQ4DP, B0FR4BBZK9, B0FR4CNL2D, B0FR42M9DJ, B0D768H9TX, B0D767TVHB, B0D767PY9L, B0FR42FB1N, B0DKXD9SJ7, B0FDWB6RSL, B0D766YB9C, B0FR42L8HW, B0FR4D6KJY, B0D76641ZD, B0FDW76LGC, B0D767NB9T, B0D767VFRS, B0FR4CFYG8, B0D76811NX, B0FR3Z5M26, B0D766YC73, B0DKXPK87G, B0FR4BVHDL, B0FR3MP3LQ, B0D767STCZ, B0FR49YWT1, B0D76741WC, B0FR421XK1, B0DKXFX294, B0FR4HFQH6, B0FR4CBXPF, B0D767Y9CW, B0FR49QSFK, B0FR41M3GC, B0FR4D1BT2, B0D7673NWJ]",amzn1.campaign.QNP3FNH6KYBZ,Great Deal: Glamaker Easy-Care Modal Sweatshirt Collab -LW-M24TP0027,Glamaker,2026-08-16,2027-02-24,10.00%,5000.0,5000.0,17,800,false
[B0FR8CV87V],amzn1.campaign.3L7NB7Q7QI9W9,DYHOO Auto Curler | 15% Commission | Effortless Beach Wave Tutorials,DYHOO,2026-08-13,2027-08-13,15.00%,99999.0,99999.0,2,800,false
"[B0GGH2XWSV, B0GGH5P9YN, B0GGHFM7YH, B0GGHCCMHL, B0GGH293VJ, B0GGHJGF3P, B0GGHBHG6R, B0GGHCVMDY, B0GGH59R9K, B0GGH24MK5, B0GGH28TBM, B0GGHF6XS9, B0GGGRLM7V, B0GGHDSXV4, B0GGGRTZFC, B0GGH25HP7, B0GGHB3C1P, B0GGGY5LD3, B0GGH9XTCC, B0GGHDQ7MM, B0GGH5CJXP, B0GGHF2WYM, B0GGH2XMQ4, B0GGH5DYPQ, B0GGGY438K, B0GGGRWHVY, B0GGH5RT3C, B0GGH6BNV7, B0GGGRTSDW, B0GGH2PFRJ, B0GGH2LX73, B0GGHDMNXX, B0GGHCJ2LV, B0GGGYBNZR, B0GGHFP1SV]",amzn1.campaign.QHBP7M9LAYSR,Dookttker Women Cotton Gingham Button Down Cropped Shirts Short Sleeve Tops,Dookttker,2026-08-13,2026-09-30,10.00%,5000.0,4994.8,11,800,false
"[B0GYCLYJWK, B0GYCMK6R2, B0GYCG7KSX, B0GYC7TFL3, B0H4QWY4S9, B0GYCDXL3S, B0GDXJCD8N, B0GYRJ6GV6, B0GDXBX1Y1, B0GYCCG3MT, B0GYRNPN8S, B0GYCGNFY8, B0GDX36YX9, B0GYRQRFS7, B0GYCDTP32, B0GYRJLNJ6, B0GYCK791Y, B0GYRGPW9V, B0GDX62WB3, B0GYCLVQPT, B0GYCK1Q76, B0GYCCCVYR, B0GDXLJJVH, B0GYCM9CYJ, B0GYCK7VZR, B0GDXG6FCX, B0GYCK1Q7H, B0H4R1B9LC, B0GYCDPXY6, B0GDX9LNFD, B0GDXH8WFS]",amzn1.campaign.Z99ABMGNXDKJ,Vintage Washable NonSlip LowPile Rug Campaign-2026/08/11,GENIMO,2026-08-13,2026-11-16,10.00%,5000.0,5000.0,21,800,false
"[B09Q4Q4XFH, B09RTS11KK, B0BV1C73PX, B08X4X3ZZ9, B0B3Q7GNSV]",amzn1.campaign.2NHMTHQK58FFI,Real-Life Review: Hume Desert Bloom Deodorant - Formula and Format Test,HUME SUPERNATURAL,2026-08-13,2027-06-20,18.00%,685882.0,685882.0,6,800,false
[B0D9TDCB9Y],amzn1.campaign.3DBLFF66NNE7D,Sister Ornament 10%,JUNQIU US,2026-08-13,2026-10-31,10.00%,5000.0,5000.0,29,800,false
"[B0GJFQCZXQ, B0GJFWL3QL, B0GJFDQXQY, B0GJFSYVCY, B0GJFGSWDS, B0GJFKM12W, B0GJFVMGKD, B0GJFL4B8N, B0GJFR5ZTB, B0GJFBXMS5, B0GJFN8GF3, B0GJFP2LJS, B0GJFNYB5T, B0GJFP4S7R, B0GJFR8T11, B0GJFQCWLX, B0GJFGTW1Q, B0GJFGJ1SK, B0GJG1F8SR, B0GJFGLKW6, B0GJFN738L, B0GJFJTVBP, B0GJFK6BHP, B0GJG2LWWX, B0GJFGP6MQ, B0GJFW9XX8, B0GJFRVNGP, B0GJFW71YB, B0GJFR5X4H, B0GJFW71Y8, B0GJFNCSJD, B0GJFJZHYL, B0GJFP439T, B0GJFN6VDJ, B0GJFZHPVR, B0GJF83BSC, B0GJG13YRL, B0GJG1LVPY, B0GJG1DTMT, B0GJFGB9HM, B0GJFP3S7J, B0GJFND3DW, B0GJFH46ZB, B0GJFHG72C, B0GJFHLD98, B0GJFGJ93P]",amzn1.campaign.QCYP37K1TK2A,Dookttker Womens Cotton Linen Button Down Shirts Sleeveless Blouses Tank Tops,Dookttker,2026-08-13,2026-09-30,10.00%,5000.0,5000.0,18,800,false
"[B0BR7RZDB7, B0BR7QD4T5, B00ACBGOJI, B0BR7RY514, B0BR7RTN6H, B0BR7RHLTW, B0BR7RJTNK, B00ACBGLOG, B0BR7R77TV, B00ACBGM72, B00ACBGDSK, B0BR7RH7QV, B0BR7NGK8V, B00ACBGGAK, B0BR7QGFJX, B00ACBGEIY, B0BR7QTYZK, B0BR7PY3QS, B0BR7NFR85, B0BR7QMWFS, B0BR7SH8K3, B07F3DQGHN, B07F3FBWFW, B0066AWT5W, B0BR7STX4L, B002VLYR3M, B0BR8151TS, B0BR7QPKJS, B0BR7T5FZF, B00ACBGH7M, B0BR7SXWT5, B0BR7QD12J, B00ACBGNZI, B0BR7R8FB2]",amzn1.campaign.2M8MWRAT05AUW,CA - Howard miller,Howard Miller Memorial,2026-08-13,2026-09-30,15.00%,5000.0,4989.65,23,800,false
"[B0GYCLYJWK, B0GYCMK6R2, B0GYCG7KSX, B0GYC7TFL3, B0H4QWY4S9, B0GYCDXL3S, B0GDXJCD8N, B0GYRJ6GV6, B0GDXBX1Y1, B0GYCCG3MT, B0GYRNPN8S, B0GYCGNFY8, B0GDX36YX9, B0GYRQRFS7, B0GYCDTP32, B0GYRJLNJ6, B0GYCK791Y, B0GYRGPW9V, B0GDX62WB3, B0GYCLVQPT, B0GYCK1Q76, B0GYCCCVYR, B0GDXLJJVH, B0GYCM9CYJ, B0GYCK7VZR, B0GDXG6FCX, B0GYCK1Q7H, B0H4R1B9LC, B0GYCDPXY6, B0GDX9LNFD, B0GDXH8WFS]",amzn1.campaign.6U71A4HTJMT7,Vintage Washable NonSlip LowPile Rug Campaign-2026/08/11,GENIMO,2026-08-13,2026-11-15,10.00%,5000.0,5000.0,25,800,false
"[B0CGM2T7XX, B0CGM32845, B0D1Y6CHPZ, B0CGLZXXMT, B0DPJZNMDS]",amzn1.campaign.NMVMP7A8BU9E,🔥 Limited Time Deal! French Vintage Tufted Entryway Bench 🪑 -ZH-ZLY,Cozyman,2026-08-15,2026-10-03,10.00%,5000.0,5000.0,54,800,false
"[B0GYCLYJWK, B0GYCMK6R2, B0GYCG7KSX, B0GYC7TFL3, B0H4QWY4S9, B0GYCDXL3S, B0GDXJCD8N, B0GYRJ6GV6, B0GDXBX1Y1, B0GYCCG3MT, B0GYRNPN8S, B0GYCGNFY8, B0GDX36YX9, B0GYRQRFS7, B0GYCDTP32, B0GYRJLNJ6, B0GYCK791Y, B0GYRGPW9V, B0GDX62WB3, B0GYCLVQPT, B0GYCK1Q76, B0GYCCCVYR, B0GDXLJJVH, B0GYCM9CYJ, B0GYCK7VZR, B0GDXG6FCX, B0GYCK1Q7H, B0H4R1B9LC, B0GYCDPXY6, B0GDX9LNFD, B0GDXH8WFS]",amzn1.campaign.YK772TU6D0Q2,Vintage Washable NonSlip LowPile Rug Campaign-2026/08/11,GENIMO,2026-08-13,2026-11-14,10.00%,5000.0,5000.0,31,800,false
"[B0FY4DRL9Q, B0FSLQDY5D, B0FS39HDSW, B0H389M4NW, B0DWV7M97D, B0GQZSBGZ6, B0DWVB41YT, B0H2NN1NB2, B0GR124TZF, B0FSLQ12NV, B0DWVB3DT5, B0GQZL4B4Z, B0DK81C9LY, B0FS423VCQ, B0H3865MCZ, B0FY44ZMZB, B0FSLS1LF4]",amzn1.campaign.26PHMCXET9Y9Q,Creator Challenge: Grinds Focus Energy Pouches - Routine and Ease of Use,GRINDS,2026-08-13,2027-03-11,14.00%,650214.0,650214.0,0,800,false
"[B0FDVVQ37J, B0FR49XY6R, B0FDW536N3, B0FR4CKLTJ, B0D7685YXJ, B0FDW72GSG, B0FR4BW88B, B0FDVF1PN2, B0D767N3NJ, B0FDWH1DXC, B0D766XGR3, B0D765M25M, B0D767LTBK, B0D768JL2M, B0DKXJ4D7T, B0FR3MPLT8, B0D765WFRR, B0FR3MPKQR, B0FR4C2STS, B0FDW5QPJ3, B0FDVXM7C7, B0D766XMHW, B0FR49MGM6, B0FR3MQ4DP, B0FR4BBZK9, B0FR4CNL2D, B0FR42M9DJ, B0D768H9TX, B0D767TVHB, B0D767PY9L, B0FR42FB1N, B0DKXD9SJ7, B0FDWB6RSL, B0D766YB9C, B0FR42L8HW, B0FR4D6KJY, B0D76641ZD, B0FDW76LGC, B0D767NB9T, B0D767VFRS, B0FR4CFYG8, B0D76811NX, B0FR3Z5M26, B0D766YC73, B0DKXPK87G, B0FR4BVHDL, B0FR3MP3LQ, B0D767STCZ, B0FR49YWT1, B0D76741WC, B0FR421XK1, B0DKXFX294, B0FR4HFQH6, B0FR4CBXPF, B0D767Y9CW, B0FR49QSFK, B0FR41M3GC, B0FR4D1BT2, B0D7673NWJ]",amzn1.campaign.436XF16WS7JT,HOT Deall: Glamaker Drapey Modal Pullover Collab -LW-M24TP0027,Glamaker,2026-08-16,2026-11-22,10.00%,5000.0,5000.0,17,800,false
"[B0CGM2T7XX, B0CGM32845, B0D1Y6CHPZ, B0CGLZXXMT, B0DPJZNMDS]",amzn1.campaign.1G891KJ0PTL76,🔥 HOT Deal! French Vintage Tufted Entryway Bench 🪑 -ZH-ZLY,Cozyman,2026-08-15,2026-10-02,10.00%,5000.0,5000.0,49,800,false
"[B0GYCLYJWK, B0GYCMK6R2, B0GYCG7KSX, B0GYC7TFL3, B0H4QWY4S9, B0GYCDXL3S, B0GDXJCD8N, B0GYRJ6GV6, B0GDXBX1Y1, B0GYCCG3MT, B0GYRNPN8S, B0GYCGNFY8, B0GDX36YX9, B0GYRQRFS7, B0GYCDTP32, B0GYRJLNJ6, B0GYCK791Y, B0GYRGPW9V, B0GDX62WB3, B0GYCLVQPT, B0GYCK1Q76, B0GYCCCVYR, B0GDXLJJVH, B0GYCM9CYJ, B0GYCK7VZR, B0GDXG6FCX, B0GYCK1Q7H, B0H4R1B9LC, B0GYCDPXY6, B0GDX9LNFD, B0GDXH8WFS]",amzn1.campaign.27IL6LNEDU0K8,Vintage Washable NonSlip LowPile Rug Campaign-2026/08/11,GENIMO,2026-08-13,2026-11-13,10.00%,5000.0,5000.0,31,800,false
"[B0CGM2T7XX, B0CGM32845, B0D1Y6CHPZ, B0CGLZXXMT, B0DPJZNMDS]",amzn1.campaign.F9EBMGQDW6DM,HOT Deal! French Style Carving Upholstered Bench 🎁 -ZH-ZLY,Cozyman,2026-08-15,2026-10-01,10.00%,5000.0,5000.0,50,800,false
"[B0FDVVQ37J, B0FR49XY6R, B0FDW536N3, B0FR4CKLTJ, B0D7685YXJ, B0FDW72GSG, B0FR4BW88B, B0FDVF1PN2, B0D767N3NJ, B0FDWH1DXC, B0D766XGR3, B0D765M25M, B0D767LTBK, B0D768JL2M, B0DKXJ4D7T, B0FR3MPLT8, B0D765WFRR, B0FR3MPKQR, B0FR4C2STS, B0FDW5QPJ3, B0FDVXM7C7, B0D766XMHW, B0FR49MGM6, B0FR3MQ4DP, B0FR4BBZK9, B0FR4CNL2D, B0FR42M9DJ, B0D768H9TX, B0D767TVHB, B0D767PY9L, B0FR42FB1N, B0DKXD9SJ7, B0FDWB6RSL, B0D766YB9C, B0FR42L8HW, B0FR4D6KJY, B0D76641ZD, B0FDW76LGC, B0D767NB9T, B0D767VFRS, B0FR4CFYG8, B0D76811NX, B0FR3Z5M26, B0D766YC73, B0DKXPK87G, B0FR4BVHDL, B0FR3MP3LQ, B0D767STCZ, B0FR49YWT1, B0D76741WC, B0FR421XK1, B0DKXFX294, B0FR4HFQH6, B0FR4CBXPF, B0D767Y9CW, B0FR49QSFK, B0FR41M3GC, B0FR4D1BT2, B0D7673NWJ]",amzn1.campaign.3R44QVK1J755V,Great Deal: Glamaker Versatile Modal Sweatshirt Collab -LW-M24TP0027,Glamaker,2026-08-16,2027-02-21,10.00%,5000.0,5000.0,19,800,false
"[B0H3K2GND1, B0FQMLM5GS]",amzn1.campaign.X4FTTDS09DSS,Monthly sales 800+ commission 10% /B0H3K2GND1 /82 Pc nut and bolt thread checker,Keasue,2026-08-13,2026-09-30,10.00%,5000.0,4945.05,29,800,false
"[B0CGM2T7XX, B0CGM32845, B0D1Y6CHPZ, B0CGLZXXMT, B0DPJZNMDS]",amzn1.campaign.LM4PK2UW0Q83,Great Deal! Linen Ottoman Seat Entryway Bench 🛋️ -ZH-ZLY,Cozyman,2026-08-15,2026-09-30,10.00%,5000.0,5000.0,51,800,false
"[B0H5P3RYCY, B0H4VF8LZN, B0H4VCHP8W, B0H4V8HTHV, B0H2HM7X2Z, B0H2HHVFS4, B0H4V49S8W, B0H2HHVCHF, B0H2HDTFX1, B0H5NYPMDG, B0H4TX65YF, B0H4V8M1DJ, B0H4VD8TXZ, B0H5P81M6X, B0H2HL29DB, B0H5P3GJBF, B0H2HDDR1N, B0H4VF8Q2S, B0H3NRGLP1, B0H4V6BV8L, B0H4V977MR, B0H4V4JCC8, B0GXZQYMH1, B0H4V6XL7G, B0H2HGR5T9, B0H4V6VPQX, B0H3NWLBS3, B0H2HCJ396, B0H4V8Y7NG, B0H4V7Q1MR, B0H2HHG2LW, B0GY14C177, B0H4V3H9ZX, B0H4V6VPR1, B0H5P5LD5W, B0H4V4ZT57, B0GY1132RL, B0H4V7HWGT, B0H2HMWB5P, B0H2HJG9R9, B0H2HC64B5, B0H4V4DWZ8, B0H4VBGP2V, B0H4QLDMSL, B0H2H8Z6TH, B0H4QLPB9N, B0H2HDF4RC, B0H5P5566J, B0H2HFY6XT, B0H2HJ1J8M, B0GXZX2VSQ, B0H4VCRJVH, B0H2H8GPRF, B0H4V9JQKR, B0H4V8NGP9, B0GXZTMWVM, B0H5PFY91D, B0H2H84C3G, B0H4V2HYG2, B0H4V9PJ85, B0GXZWZQMQ, B0H4V76FGG, B0H4V4NDGD, B0H5NT44QS, B0H2HKLC4H, B0H5PCQ6ZK, B0H2HJ7JCV, B0H4V9BSZP, B0H4V3QDNQ, B0H2HKQNCY, B0H2HGCX2Q, B0H2HMLHY3, B0H4V5CZ71, B0H4V9TBC9, B0H2HMSMRR, B0H4V3GB8P, B0H4V26T8B, B0H4V43X7S, B0H2HFHS4W, B0H4TSJMXB, B0H2HCTQX2, B0H5PG1HX8, B0GXZRJGC3, B0H5PCBBSK, B0H5PM7Q8T, B0H4VDKNV5, B0H4V7NLZQ, B0H4V3MCQQ, B0H4V9H39M, B0H2HMK1G7, B0H4VC5VG8]",amzn1.campaign.2534M324FFNJ,Floral Washable NonSlip LowPile Runner Campaign-2026/08/11,GENIMO,2026-08-13,2026-11-16,10.00%,5000.0,5000.0,47,800,false
[B0D9TF33VH],amzn1.campaign.1M8556QZMWY6,Best Thing I Found On The Internet 10%,JUNQIU US,2026-08-13,2026-10-31,10.00%,5000.0,5000.0,24,800,false
"[B0CGM2T7XX, B0CGM32845, B0D1Y6CHPZ, B0CGLZXXMT, B0DPJZNMDS]",amzn1.campaign.EW8N4ANYI040,Limited Time Deal! Tufted Upholstered Ottoman Bench 🎉 -ZH-ZLY,Cozyman,2026-08-15,2026-09-29,10.00%,5000.0,5000.0,48,800,false
"[B0H5P3RYCY, B0H4VF8LZN, B0H4VCHP8W, B0H4V8HTHV, B0H2HM7X2Z, B0H2HHVFS4, B0H4V49S8W, B0H2HHVCHF, B0H2HDTFX1, B0H5NYPMDG, B0H4TX65YF, B0H4V8M1DJ, B0H4VD8TXZ, B0H5P81M6X, B0H2HL29DB, B0H5P3GJBF, B0H2HDDR1N, B0H4VF8Q2S, B0H3NRGLP1, B0H4V6BV8L, B0H4V977MR, B0H4V4JCC8, B0GXZQYMH1, B0H4V6XL7G, B0H2HGR5T9, B0H4V6VPQX, B0H3NWLBS3, B0H2HCJ396, B0H4V8Y7NG, B0H4V7Q1MR, B0H2HHG2LW, B0GY14C177, B0H4V3H9ZX, B0H4V6VPR1, B0H5P5LD5W, B0H4V4ZT57, B0GY1132RL, B0H4V7HWGT, B0H2HMWB5P, B0H2HJG9R9, B0H2HC64B5, B0H4V4DWZ8, B0H4VBGP2V, B0H4QLDMSL, B0H2H8Z6TH, B0H4QLPB9N, B0H2HDF4RC, B0H5P5566J, B0H2HFY6XT, B0H2HJ1J8M, B0GXZX2VSQ, B0H4VCRJVH, B0H2H8GPRF, B0H4V9JQKR, B0H4V8NGP9, B0GXZTMWVM, B0H5PFY91D, B0H2H84C3G, B0H4V2HYG2, B0H4V9PJ85, B0GXZWZQMQ, B0H4V76FGG, B0H4V4NDGD, B0H5NT44QS, B0H2HKLC4H, B0H5PCQ6ZK, B0H2HJ7JCV, B0H4V9BSZP, B0H4V3QDNQ, B0H2HKQNCY, B0H2HGCX2Q, B0H2HMLHY3, B0H4V5CZ71, B0H4V9TBC9, B0H2HMSMRR, B0H4V3GB8P, B0H4V26T8B, B0H4V43X7S, B0H2HFHS4W, B0H4TSJMXB, B0H2HCTQX2, B0H5PG1HX8, B0GXZRJGC3, B0H5PCBBSK, B0H5PM7Q8T, B0H4VDKNV5, B0H4V7NLZQ, B0H4V3MCQQ, B0H4V9H39M, B0H2HMK1G7, B0H4VC5VG8]",amzn1.campaign.18HEZKIXXZ51N,Floral Washable NonSlip LowPile Runner Campaign-2026/08/11,GENIMO,2026-08-13,2026-11-15,10.00%,5000.0,5000.0,50,800,false
"[B0FDVVQ37J, B0FR49XY6R, B0FDW536N3, B0FR4CKLTJ, B0D7685YXJ, B0FDW72GSG, B0FR4BW88B, B0FDVF1PN2, B0D767N3NJ, B0FDWH1DXC, B0D766XGR3, B0D765M25M, B0D767LTBK, B0D768JL2M, B0DKXJ4D7T, B0FR3MPLT8, B0D765WFRR, B0FR3MPKQR, B0FR4C2STS, B0FDW5QPJ3, B0FDVXM7C7, B0D766XMHW, B0FR49MGM6, B0FR3MQ4DP, B0FR4BBZK9, B0FR4CNL2D, B0FR42M9DJ, B0D768H9TX, B0D767TVHB, B0D767PY9L, B0FR42FB1N, B0DKXD9SJ7, B0FDWB6RSL, B0D766YB9C, B0FR42L8HW, B0FR4D6KJY, B0D76641ZD, B0FDW76LGC, B0D767NB9T, B0D767VFRS, B0FR4CFYG8, B0D76811NX, B0FR3Z5M26, B0D766YC73, B0DKXPK87G, B0FR4BVHDL, B0FR3MP3LQ, B0D767STCZ, B0FR49YWT1, B0D76741WC, B0FR421XK1, B0DKXFX294, B0FR4HFQH6, B0FR4CBXPF, B0D767Y9CW, B0FR49QSFK, B0FR41M3GC, B0FR4D1BT2, B0D7673NWJ]",amzn1.campaign.3A86PS9B67YMR,HOT Deall: Glamaker Soft Modal Pullover Collab Invite -LW-M24TP0027,Glamaker,2026-08-16,2027-02-19,10.00%,5000.0,5000.0,13,800,false
[B0GML8YM2D],amzn1.campaign.1D9QJZ1WG4RS9,"Immune Boost, Natural Energy, & Detox Support with Premium, Fermented Chlorella",The Chlorella Company,2026-08-12,2026-11-30,10.00%,5000.0,5000.0,23,800,false
[B0H1MGGJ3P],amzn1.campaign.34JY61M5WFX5G,Triangle Roll Up Dish Drying Rack,ERIUZB,2026-08-13,2027-07-31,10.00%,5000.0,5000.0,32,800,false
"[B0CGM2T7XX, B0CGM32845, B0D1Y6CHPZ, B0CGLZXXMT, B0DPJZNMDS]",amzn1.campaign.UAEQV26B5B3V,HOT Deal! Distressed Wood Legs Bedroom Bench 🛏️ -ZH-ZLY,Cozyman,2026-08-15,2026-09-28,10.00%,5000.0,5000.0,47,800,false
"[B0H5P3RYCY, B0H4VF8LZN, B0H4VCHP8W, B0H4V8HTHV, B0H2HM7X2Z, B0H2HHVFS4, B0H4V49S8W, B0H2HHVCHF, B0H2HDTFX1, B0H5NYPMDG, B0H4TX65YF, B0H4V8M1DJ, B0H4VD8TXZ, B0H5P81M6X, B0H2HL29DB, B0H5P3GJBF, B0H2HDDR1N, B0H4VF8Q2S, B0H3NRGLP1, B0H4V6BV8L, B0H4V977MR, B0H4V4JCC8, B0GXZQYMH1, B0H4V6XL7G, B0H2HGR5T9, B0H4V6VPQX, B0H3NWLBS3, B0H2HCJ396, B0H4V8Y7NG, B0H4V7Q1MR, B0H2HHG2LW, B0GY14C177, B0H4V3H9ZX, B0H4V6VPR1, B0H5P5LD5W, B0H4V4ZT57, B0GY1132RL, B0H4V7HWGT, B0H2HMWB5P, B0H2HJG9R9, B0H2HC64B5, B0H4V4DWZ8, B0H4VBGP2V, B0H4QLDMSL, B0H2H8Z6TH, B0H4QLPB9N, B0H2HDF4RC, B0H5P5566J, B0H2HFY6XT, B0H2HJ1J8M, B0GXZX2VSQ, B0H4VCRJVH, B0H2H8GPRF, B0H4V9JQKR, B0H4V8NGP9, B0GXZTMWVM, B0H5PFY91D, B0H2H84C3G, B0H4V2HYG2, B0H4V9PJ85, B0GXZWZQMQ, B0H4V76FGG, B0H4V4NDGD, B0H5NT44QS, B0H2HKLC4H, B0H5PCQ6ZK, B0H2HJ7JCV, B0H4V9BSZP, B0H4V3QDNQ, B0H2HKQNCY, B0H2HGCX2Q, B0H2HMLHY3, B0H4V5CZ71, B0H4V9TBC9, B0H2HMSMRR, B0H4V3GB8P, B0H4V26T8B, B0H4V43X7S, B0H2HFHS4W, B0H4TSJMXB, B0H2HCTQX2, B0H5PG1HX8, B0GXZRJGC3, B0H5PCBBSK, B0H5PM7Q8T, B0H4VDKNV5, B0H4V7NLZQ, B0H4V3MCQQ, B0H4V9H39M, B0H2HMK1G7, B0H4VC5VG8]",amzn1.campaign.ZAPJN5UKULCO,Floral Washable NonSlip LowPile Runner Campaign-2026/08/11,GENIMO,2026-08-13,2026-11-14,10.00%,5000.0,5000.0,57,800,false
"[B091MLSF82, B08CSTT8B7, B08DWJS48C, B09FJ44DHC, B0D3NRQ3WG, B08H7RJRYG, B08GY8HJZX, B08DWB5LWP, B00ICVHYSA, B0DJCCZDVZ, B09FJ6CQ1F, B08H8FQBP9, B09K91QLYL, B07KNBPZHS, B09K8ZR6H2, B09FJ5XZ2L, B08F4Y1JFS, B08H8KDBZM, B08DW49KN3, B09FJ4LZQS, B08DVZG2BM, B09FJ5GTM1, B097FDNF7D, B08H8KQ3GW, B09FJ5JS9X, B09FJ4PP3S, B091MDJ36L, B0DJ3FGJZV, B0DJ3G3NSZ, B0D3NMMZRT, B08H7M99TQ, B08H8N4KCH, B097FDQWKW, B08CSTCP62, B08GYGYGKQ, B08H87C4HM, B07KX825YR, B07KX7VS49, B07KX7C4Y7, B09FJ3WM29, B08GY18RSY, B09K8Z4Z15, B08GY6Y7R4, B0DJCDH17B, B09K96LY3P, B08HBX886G]",amzn1.campaign.1FCOYM43H5QIW,Creator Challenge: Grinds Coffee Pouches - Flavor and Mixability,GRINDS,2026-08-13,2027-03-11,14.50%,651448.0,651448.0,13,800,false
"[B0F6JN9GF8, B0F9KGNL2J, B0GH7B98QF, B0F6JYQ95Z, B0GSZDDT18, B0F6JN11CK, B0GH6HQX71, B0F6JWXFBT, B0F6K7Q66Y]",amzn1.campaign.2H41UNDRQJXZU,Women's Silicone Arch Support Insoles | Influencer Partnership Recruitment,PLERE,2026-08-13,2027-08-10,20.00%,5000.0,5000.0,10,800,false
"[B0CGM2T7XX, B0CGM32845, B0D1Y6CHPZ, B0CGLZXXMT, B0DPJZNMDS]",amzn1.campaign.14UPWWFOP0EJM,Great Deal! French Vintage Tufted Entryway Bench 🪑 -ZH-ZLY,Cozyman,2026-08-15,2026-09-27,10.00%,5000.0,5000.0,43,800,false
"[B09Q4Q4XFH, B09RTS11KK, B0BV1C73PX, B08X4X3ZZ9, B0B3Q7GNSV]",amzn1.campaign.3ADYVR5H6STXV,Real-Life Review: Hume Desert Bloom Deodorant - Simple Daily-Routine Fit,HUME SUPERNATURAL,2026-08-13,2027-06-17,17.50%,680751.0,680751.0,10,800,false
"[B0H5P3RYCY, B0H4VF8LZN, B0H4VCHP8W, B0H4V8HTHV, B0H2HM7X2Z, B0H2HHVFS4, B0H4V49S8W, B0H2HHVCHF, B0H2HDTFX1, B0H5NYPMDG, B0H4TX65YF, B0H4V8M1DJ, B0H4VD8TXZ, B0H5P81M6X, B0H2HL29DB, B0H5P3GJBF, B0H2HDDR1N, B0H4VF8Q2S, B0H3NRGLP1, B0H4V6BV8L, B0H4V977MR, B0H4V4JCC8, B0GXZQYMH1, B0H4V6XL7G, B0H2HGR5T9, B0H4V6VPQX, B0H3NWLBS3, B0H2HCJ396, B0H4V8Y7NG, B0H4V7Q1MR, B0H2HHG2LW, B0GY14C177, B0H4V3H9ZX, B0H4V6VPR1, B0H5P5LD5W, B0H4V4ZT57, B0GY1132RL, B0H4V7HWGT, B0H2HMWB5P, B0H2HJG9R9, B0H2HC64B5, B0H4V4DWZ8, B0H4VBGP2V, B0H4QLDMSL, B0H2H8Z6TH, B0H4QLPB9N, B0H2HDF4RC, B0H5P5566J, B0H2HFY6XT, B0H2HJ1J8M, B0GXZX2VSQ, B0H4VCRJVH, B0H2H8GPRF, B0H4V9JQKR, B0H4V8NGP9, B0GXZTMWVM, B0H5PFY91D, B0H2H84C3G, B0H4V2HYG2, B0H4V9PJ85, B0GXZWZQMQ, B0H4V76FGG, B0H4V4NDGD, B0H5NT44QS, B0H2HKLC4H, B0H5PCQ6ZK, B0H2HJ7JCV, B0H4V9BSZP, B0H4V3QDNQ, B0H2HKQNCY, B0H2HGCX2Q, B0H2HMLHY3, B0H4V5CZ71, B0H4V9TBC9, B0H2HMSMRR, B0H4V3GB8P, B0H4V26T8B, B0H4V43X7S, B0H2HFHS4W, B0H4TSJMXB, B0H2HCTQX2, B0H5PG1HX8, B0GXZRJGC3, B0H5PCBBSK, B0H5PM7Q8T, B0H4VDKNV5, B0H4V7NLZQ, B0H4V3MCQQ, B0H4V9H39M, B0H2HMK1G7, B0H4VC5VG8]",amzn1.campaign.144H99F2U1N74,Floral Washable NonSlip LowPile Runner Campaign-2026/08/11,GENIMO,2026-08-13,2026-11-13,10.00%,5000.0,5000.0,52,800,false
"[B0FDVVQ37J, B0FR49XY6R, B0FDW536N3, B0FR4CKLTJ, B0D7685YXJ, B0FDW72GSG, B0FR4BW88B, B0FDVF1PN2, B0D767N3NJ, B0FDWH1DXC, B0D766XGR3, B0D765M25M, B0D767LTBK, B0D768JL2M, B0DKXJ4D7T, B0FR3MPLT8, B0D765WFRR, B0FR3MPKQR, B0FR4C2STS, B0FDW5QPJ3, B0FDVXM7C7, B0D766XMHW, B0FR49MGM6, B0FR3MQ4DP, B0FR4BBZK9, B0FR4CNL2D, B0FR42M9DJ, B0D768H9TX, B0D767TVHB, B0D767PY9L, B0FR42FB1N, B0DKXD9SJ7, B0FDWB6RSL, B0D766YB9C, B0FR42L8HW, B0FR4D6KJY, B0D76641ZD, B0FDW76LGC, B0D767NB9T, B0D767VFRS, B0FR4CFYG8, B0D76811NX, B0FR3Z5M26, B0D766YC73, B0DKXPK87G, B0FR4BVHDL, B0FR3MP3LQ, B0D767STCZ, B0FR49YWT1, B0D76741WC, B0FR421XK1, B0DKXFX294, B0FR4HFQH6, B0FR4CBXPF, B0D767Y9CW, B0FR49QSFK, B0FR41M3GC, B0FR4D1BT2, B0D7673NWJ]",amzn1.campaign.39L7V88DLZWC6,Limited Time Deal: Glamaker Cozy Modal Top Collab -LW-M24TP0027,Glamaker,2026-08-16,2027-02-17,10.00%,5000.0,5000.0,16,800,false
[B0H7T8PZT7],amzn1.campaign.TLQUCWW2PI0C,Jock Extra Creamy Water-Based Lube 8 Oz,CURVE TOYS,2026-08-13,2027-01-31,10.00%,5000.0,4995.0,26,800,false
"[B0CGM2T7XX, B0CGM32845, B0D1Y6CHPZ, B0CGLZXXMT, B0DPJZNMDS]",amzn1.campaign.1YE5EWVX5XIRB,Limited Time Deal! Carving Upholstered End Bench 🎀 -ZH-ZLY,Cozyman,2026-08-15,2026-09-26,10.00%,5000.0,5000.0,46,800,false
"[B0GX1D1TPJ, B0GV3QCHCN, B0GYRQVM1H, B0H1G5LM7T, B0H1GC55JT, B0GYRRX72P, B0GX19NMXX, B0GYRKRZWR, B0GX1BZVTS, B0GZPQ7D6Q, B0GYRGPH75, B0H1GB4V44, B0GYRNYZS4, B0H1FQWQGP, B0H4QYP44M, B0GYRJ84H7, B0GYRQYWYM, B0GS1SHXKL, B0H1GBKGL2, B0GV3LL22B, B0GX186DJ8, B0GYP7BXKY, B0GZP6T647, B0GX166VLM, B0H1FTNTMM, B0GZP9MTQY, B0GV3QQH2Z, B0H1G3F1GF, B0GX1CQKLC, B0GS1FN1GK, B0GX1882YS, B0GS1H4LDV, B0GZP6N3QC, B0GX1474VG, B0GV3SL2GX]",amzn1.campaign.3OWSR958ZCD10,Vintage Washable NonSlip Rug Creator Promo-2026/08/11,GENIMO,2026-08-13,2026-11-16,10.00%,5000.0,5000.0,49,800,false
"[B0CHMR2LQR, B0D22YV2G2, B0D5QPB7HM, B0FMR1MS37, B0D22XDTNN, B0CPHR2RC8, B0GXCZXMZS, B0GXCSYBJT, B0G3ZKP3YQ, B0CWRVRTQS, B0CWRTG9SR, B0CHMNLVWC, B0FMR1738J, B0FMR17SXJ, B0GXCXCJVX, B0D22Z944P, B0GXDCLDG4, B0FMR12Y6N, B0CHMP52N3, B0CRRWPNBQ, B0D22TZQ4B, B0CRRWCVZ4, B0D22W8SDR, B0D22XWKV5, B0GXD5GNL4, B0DK6S76LR, B0D22ZT4PB, B0CRV13T4F, B0G3ZLJLC8, B0D22ZRVY2, B0F8H7465X, B0FMQZZLBB, B0H6Z4WKTG, B0D22YDZS5, B0FRFNJ1YF, B0D5QQYKS3, B0DK6QDZ55, B0CWRWYTWL, B0G3ZRFKG5, B0CPHN33CN, B0G3ZM1Z7X, B0F8HTS2RC, B0GXDC42M7, B0G3ZRPTGJ, B0G3ZS99FQ, B0H6Z7Y89B, B0GXDFPZVS, B0GXD46PKM, B0GXD6656K, B0D7ZT18LK, B0CWRVFHFL, B0D22XDQNL, B0GXCXTNJ2, B0D22ZVBCV, B0G3ZMSTYB, B0FMR1V7FW, B0GXD2HW3S, B0CRRWRTF4, B0G3ZNT27F, B0D7ZVCXNV, B0CWRWYPXJ, B0G3ZNLHC4, B0D22Y6QZ4, B0D22ZLTQ5, B0CWRVFJ5H, B0CPHTB4DR, B0CHMN3149, B0FMR23XZ2, B0G3ZQCTL8, B0G3ZKYMNP, B0F8HLGRTX, B0FRF4Q28M, B0G3ZMYC69, B0GXCZY9T3, B0GXD2L87P, B0GXD5V9FW]",amzn1.campaign.1X2I6IBYSJ0ZL,Great Deal! Share Cozy Rug Inspiration-YL-KCJ,PureCozy,2026-08-14,2026-10-20,10.00%,5000.0,5000.0,16,800,false
"[B0CGM2T7XX, B0CGM32845, B0D1Y6CHPZ, B0CGLZXXMT, B0DPJZNMDS]",amzn1.campaign.51PME0TT0OQ6,HOT Deal! French Vintage Tufted Bedroom Bench 🛋️ -ZH-ZLY,Cozyman,2026-08-15,2026-09-25,10.00%,5000.0,5000.0,48,800,false
"[B0GX1D1TPJ, B0GV3QCHCN, B0GYRQVM1H, B0H1G5LM7T, B0H1GC55JT, B0GYRRX72P, B0GX19NMXX, B0GYRKRZWR, B0GX1BZVTS, B0GZPQ7D6Q, B0GYRGPH75, B0H1GB4V44, B0GYRNYZS4, B0H1FQWQGP, B0H4QYP44M, B0GYRJ84H7, B0GYRQYWYM, B0GS1SHXKL, B0H1GBKGL2, B0GV3LL22B, B0GX186DJ8, B0GYP7BXKY, B0GZP6T647, B0GX166VLM, B0H1FTNTMM, B0GZP9MTQY, B0GV3QQH2Z, B0H1G3F1GF, B0GX1CQKLC, B0GS1FN1GK, B0GX1882YS, B0GS1H4LDV, B0GZP6N3QC, B0GX1474VG, B0GV3SL2GX]",amzn1.campaign.1HV3QC0WCDO7S,Vintage Washable NonSlip Rug Creator Promo-2026/08/11,GENIMO,2026-08-13,2026-11-15,10.00%,5000.0,5000.0,50,800,false
"[B0G87S94CW, B0G87F978J, B0G8735S6W]",amzn1.campaign.WMH8TBZV6NPW,"Real-Life Review: Hume Supernatural Body Wash - Unbox, Apply, and Review",HUME SUPERNATURAL,2026-08-13,2027-06-14,17.00%,677529.0,677529.0,21,800,false
[B0H7SZ4HHT],amzn1.campaign.9ILDY9IWNKMD,Jock Cherry Flavored Lube 8 Oz,CURVE TOYS,2026-08-13,2027-02-28,10.00%,5000.0,4996.63,30,800,false
"[B0H5YVFGW7, B0GD878K33]",amzn1.campaign.35G9AZS600Q9B,CC QUOKKA Tracing Books Kids,QUOKKA,2026-08-13,2027-08-13,10.00%,10000.0,9897.6,9,800,false
"[B0DS2HBBFC, B0DS2J6LBJ, B0DS2FXY6M, B0DS2HMY6H, B0DS2FDVN7, B0DS2G3CS8, B0DS2H4HLF, B0DS2FH3Z9, B0DS2GHBT1, B0DS2FQT1S, B0DS2GBN9W, B0DS2H1DR2]",amzn1.campaign.WNWC4J9IL396,HOT Deal: 🌟 Glamaker Pocket Mini Collab Invite -LW-M25DR0058,Glamaker,2026-08-16,2026-11-04,10.00%,5000.0,5000.0,6,800,false
"[B0FY4DRL9Q, B0FSLQDY5D, B0FS39HDSW, B0H389M4NW, B0DWV7M97D, B0GQZSBGZ6, B0DWVB41YT, B0H2NN1NB2, B0GR124TZF, B0FSLQ12NV, B0DWVB3DT5, B0GQZL4B4Z, B0DK81C9LY, B0FS423VCQ, B0H3865MCZ, B0FY44ZMZB, B0FSLS1LF4]",amzn1.campaign.2N5R2F39416CA,Practical Review: Grinds Focus Energy Pouches - What Makes It Different,GRINDS,2026-08-13,2027-03-10,13.50%,645502.0,645502.0,0,800,false
[B0GRQ18N8Y],amzn1.campaign.LJRHWIW2SR6H,"Lrduarsc's Fun Prank Set - 10 Items, High Conversion Funny Gifts!",Lrduarsc,2026-08-22,2026-09-24,10.00%,5000.0,4997.75,35,800,false
"[B0H1VYK1WN, B0H1VPP2DC, B0H1VP5K4Z, B0H1VMJ69L, B0H1VWB4ZK, B0H1VMF91Q, B0H1VXSRZD, B0H1VXQ2G2, B0H1VQ4T1V, B0H1VRRH9T, B0H1VRGR2Q, B0H1VQFQBW, B0H1VNS6TQ, B0H1VP1736, B0H1VNQVX1, B0H1VCG3KG]",amzn1.campaign.1YDN10C7TN8GS,VIMPUNEC Fall Cable Knit Sweater Dress for Holiday | 12% Commission #22,VIMPUNEC,2026-08-13,2026-10-04,12.00%,5000.0,5000.0,11,800,false
"[B0GX1D1TPJ, B0GV3QCHCN, B0GYRQVM1H, B0H1G5LM7T, B0H1GC55JT, B0GYRRX72P, B0GX19NMXX, B0GYRKRZWR, B0GX1BZVTS, B0GZPQ7D6Q, B0GYRGPH75, B0H1GB4V44, B0GYRNYZS4, B0H1FQWQGP, B0H4QYP44M, B0GYRJ84H7, B0GYRQYWYM, B0GS1SHXKL, B0H1GBKGL2, B0GV3LL22B, B0GX186DJ8, B0GYP7BXKY, B0GZP6T647, B0GX166VLM, B0H1FTNTMM, B0GZP9MTQY, B0GV3QQH2Z, B0H1G3F1GF, B0GX1CQKLC, B0GS1FN1GK, B0GX1882YS, B0GS1H4LDV, B0GZP6N3QC, B0GX1474VG, B0GV3SL2GX]",amzn1.campaign.1MCATX1Y88HCK,Vintage Washable NonSlip Rug Creator Promo-2026/08/11,GENIMO,2026-08-13,2026-11-14,10.00%,5000.0,5000.0,50,800,false
[B0GRQ18N8Y],amzn1.campaign.3D7U7ZZ2EI9D4,"Lrduarsc's Fun Prank Set - 10 Items, High Conversion Funny Gifts!",Lrduarsc,2026-08-19,2026-09-21,10.00%,5000.0,5000.0,40,800,false
[B0H15565HH],amzn1.campaign.DCTESCP7X3ZP,Beat the Summer Heat: Powerful Cordless Fan for Jobsites & Outdoor Adventures,Paxwrenx,2026-08-13,2026-09-30,15.00%,20000.0,20000.0,26,800,false
"[B0GX1D1TPJ, B0GV3QCHCN, B0GYRQVM1H, B0H1G5LM7T, B0H1GC55JT, B0GYRRX72P, B0GX19NMXX, B0GYRKRZWR, B0GX1BZVTS, B0GZPQ7D6Q, B0GYRGPH75, B0H1GB4V44, B0GYRNYZS4, B0H1FQWQGP, B0H4QYP44M, B0GYRJ84H7, B0GYRQYWYM, B0GS1SHXKL, B0H1GBKGL2, B0GV3LL22B, B0GX186DJ8, B0GYP7BXKY, B0GZP6T647, B0GX166VLM, B0H1FTNTMM, B0GZP9MTQY, B0GV3QQH2Z, B0H1G3F1GF, B0GX1CQKLC, B0GS1FN1GK, B0GX1882YS, B0GS1H4LDV, B0GZP6N3QC, B0GX1474VG, B0GV3SL2GX]",amzn1.campaign.2HQ6276XW9JT3,Vintage Washable NonSlip Rug Creator Promo-2026/08/11,GENIMO,2026-08-13,2026-11-13,10.00%,5000.0,5000.0,54,800,false
"[B0FJY686MC, B0FJY98QDQ, B0FJY2RCKB, B0FJY6487N]",amzn1.campaign.3A4VNPSR2YGQU,Great Deal! Teak Shower Stool with Shelf for Bathroom 🚿 -ZH-JBL,Compsia,2026-08-15,2026-10-14,10.00%,5000.0,5000.0,31,800,false
"[B0DS2HBBFC, B0DS2J6LBJ, B0DS2FXY6M, B0DS2HMY6H, B0DS2FDVN7, B0DS2G3CS8, B0DS2H4HLF, B0DS2FH3Z9, B0DS2GHBT1, B0DS2FQT1S, B0DS2GBN9W, B0DS2H1DR2]",amzn1.campaign.3Q4Y31OSZG11Z,Great Deal: ✨ Glamaker Fresh Denim Mini Collab -LW-M25DR0058,Glamaker,2026-08-16,2026-11-03,10.00%,5000.0,5000.0,12,800,false
"[B09Q4Q4XFH, B09RTS11KK, B0BV1C73PX, B08X4X3ZZ9, B0B3Q7GNSV]",amzn1.campaign.3LDXQD7EICRHF,"Real-Life Review: Hume Desert Bloom Deodorant - Unbox, Apply, and Review",HUME SUPERNATURAL,2026-08-13,2027-06-14,17.00%,679106.0,679106.0,13,800,false
"[B0GL81RM9M, B0F2MGC9J9, B0F2MCZHJ5, B0F2M6127Y, B0GL7NYQ26, B0F2LR261K, B0GL7MX2PF, B0GL85NXGF, B0GL8218ZX, B0F2MBYCNJ, B0GL8F1KDG, B0F2MFQQ9D, B0F2M8L5VB, B0GL7YFGLY, B0GL7PC3G1, B0GL7QXVSG, B0F2M66DV7, B0GL7W54CG, B0F2MC231C, B0F2M3MY7J, B0F2M7S32H, B0GL89D57J, B0F2M3LNYQ, B0F2M8PR4Z, B0GL81LSZZ, B0F2LWJY8G, B0F2M329K4, B0GL7RNWR5, B0GL7L64SF, B0F2LQL3LC, B0GL88LHQV, B0F2LZ1P9Y, B0F2M7BW9W, B0GL7S3HCD, B0GL7R6F2L, B0GL7YVV7Q, B0GL7WMPXC, B0F2M9Q9QC, B0GL7WCHXJ]",amzn1.campaign.YBRKE5GW9QW,10% Earn | Les umes Mens Waffle Knit Polo Shirts Casual Shirt -Knt081,Les umes,2026-08-13,2026-10-31,10.00%,10000.0,10000.0,22,800,false
"[B0DS2HBBFC, B0DS2J6LBJ, B0DS2FXY6M, B0DS2HMY6H, B0DS2FDVN7, B0DS2G3CS8, B0DS2H4HLF, B0DS2FH3Z9, B0DS2GHBT1, B0DS2FQT1S, B0DS2GBN9W, B0DS2H1DR2]",amzn1.campaign.13C7UMAD684IL,Limited Time Deal: 🌟 Glamaker Stylish Jean Mini Collab -LW-M25DR0058,Glamaker,2026-08-16,2026-11-02,10.00%,5000.0,5000.0,8,800,false
"[B0FRMWJ88M, B0GTLQ3RL2, B0GTM4G7H9, B0GTLWRL1Y, B0FRMLF166, B0G4W7BPSD, B0GTM1X4C4, B0GTLSSP9T, B0G4WFG511, B0GTLT555Q, B0G4W9F9RC, B0G4W76JVK, B0GTLRZZ8T, B0FRMWHQWL, B0GTLTJR2W, B0GTLN1HMV, B0GTLSPGH3, B0GTLQGK33, B0G4W68KX6, B0GTLS5KQG, B0GTLTT93X, B0G4WBTQNY, B0FRMXMV1F, B0GTLN9ZYG, B0FRMWNNHC, B0GTLS7WFM, B0GTLPW3QJ, B0GTLQ8N9W, B0G4W72HSS, B0G4W8FB5L, B0FRMLCP1N, B0GTLWF1NT, B0FRMS9ZFQ, B0GTLQ98PY, B0GTLW1YL6, B0FRMLDBH5, B0G4W9BGP1, B0G4W8MN97, B0GTLS32G3, B0FRMVL248, B0G4W96T4S, B0GTLPLJJX, B0FRMVX3BM, B0GTLF7HMW, B0GTLST93B, B0FRMVKMXZ, B0G4W7XCWP, B0FRMTSGF1, B0G4W8LDSG, B0GTLSXRGZ, B0G4W9NV8N, B0GTLL6224, B0GTLX5PN2, B0G4W6RWPC, B0G4W6HV77, B0G4W5ZXZC, B0G4W9G7HM, B0GTLN446W, B0G4W9V3Y6, B0GTLZVHK1, B0GTLW3K74, B0G4W7RZMQ, B0GTLQS9WD]",amzn1.campaign.3I9W164MXHWS8,VIMPUNEC Swimsuit Coverup Dress for Beach & Resort | 12% Commission #21,VIMPUNEC,2026-08-13,2026-10-03,12.00%,5000.0,5000.0,22,800,false
"[B0H37BNXYB, B0H37SJYYZ, B0H379QQRR, B0H377J32H, B0H43Y6FD4, B0GVQP5F2P, B0H37M2JPJ, B0H379SJFP, B0H37BV7Y1, B0H448JJXR, B0H44CX6XN, B0H379CQLB, B0H377SKP2, B0H33SCKY6, B0H33VMRM9, B0GL23PQH9, B0H44RX21T, B0H37679KC, B0H44KQFNT, B0GL1VP891, B0H37M1928, B0H37JDXZT, B0GR8R6K5H, B0H33P7CMP, B0GL1MVVRQ, B0H44NVTR1, B0H44LWB1C, B0H44MHKKL, B0H44B2QZF, B0GL1HVVMR, B0H44KX7CT, B0H44MMLNV, B0H37C4GQV, B0H44L2VGJ, B0H448DRS2, B0H37JC3DL, B0H37JC3DM, B0H44S566J, B0H449YV6B, B0H448P9ND, B0H33SQXNT, B0H44C9NZR, B0H4QWCPKD, B0H37C87ML, B0H2VVZYND, B0H44JGNQQ, B0H441TRRL, B0H448DRRX, B0H44HG1HC, B0H44C6BZF, B0H4489Y5C, B0H37CT7M2, B0H44K7Z12, B0H44B2F91, B0H44DLYZV, B0H375S6D5, B0H37H6KWB, B0GRV5SZ82, B0GRV5S5WV, B0H44LQ5PS, B0H442NSYD, B0H441LQX2, B0H37B5QWL, B0GVR9PJMM, B0H44LLCK9, B0H448BWX6, B0H44KZ6D6, B0H44H5MDT, B0H44KWXH2, B0H44PMC3H, B0H44MM9WS, B0H448H4R4, B0H445741W, B0H44MQ3P9, B0H445741Q, B0H44KVKGG, B0GL21WGXL, B0H33KRWWN, B0H44K3YTX, B0H44749D4, B0H444J85J, B0H375FDFG, B0H4415P85, B0H443RSWC, B0GVRSL7YM, B0H2W1WP15, B0H44DP6XZ, B0H44F5D1X, B0H44CC34B, B0H2VXCLRG, B0H44J5ZDC, B0H33KXK5H, B0H44J19GB, B0H44PF67C, B0H37HS2WJ, B0H37CD2QP, B0H3754PC7, B0H44FLGLH, B0H44QNJ2F, B0H37M3DC6, B0H37KYV5X, B0H44H7LKY, B0H4475KCV, B0H441FZQ2, B0H44L3QF7, B0H44JW1KW, B0H37DGPJP, B0H375MN9Y, B0H33SDQ44, B0H33SZ388, B0GL1M7915, B0H37FZ2GL, B0H37CZT5N, B0GL1HP2KX, B0H37GYYDK, B0H44GCK55, B0H447P8BN, B0H43Y2W5D, B0GR852QJ2, B0H44D7HLW, B0H37BNC1Y, B0H37H7KRJ, B0H33WDN8P, B0H37C9C4J, B0H377J8Y8, B0H44KSSNB, B0H33NQ5GW, B0H33MJPGC, B0GL1N1GTG, B0H33JTSPZ, B0H37F6BCD, B0GVR7XD5D, B0GL1J3P57, B0H3797DBL, B0GL1VRZJY, B0H44K2DKW, B0H44JL51G, B0H33TTYP6, B0GRTZQN2Z, B0H442P4JH, B0H37CQHRV, B0H2VYQQZ4, B0H443Y646, B0H37CM3V9, B0H44JQLHW, B0H447GRNR, B0H379CHY7, B0H37C49JT, B0H44MJLRH, B0GVRB7RN3, B0H44PF9BN, B0H441VS8M, B0H33S6QPN, B0H37HCFYR, B0H444WD2D, B0H44PGT37, B0H44CXVH5, B0H448NHT1, B0H44PCRDV, B0GL23335C, B0H44C6YZW, B0H441FCH4, B0H34141LL, B0H44G7FHV, B0H37598YJ, B0H37DC5K2, B0GVR5LJY4, B0H448TQK3, B0H44LC3YH, B0H44KVPN9, B0H44H6PK3, B0H37D8RTD, B0H33LV85N, B0H377H6WS, B0H44KXFLK, B0H44BRKPK, B0H448MJB3, B0H44VYB86]",amzn1.campaign.MT5SJLKJFCBI,Floral Washable Rug Creator Promo-2026/08/11,GENIMO,2026-08-13,2026-11-16,10.00%,5000.0,5000.0,42,800,false
"[B0FJY686MC, B0FJY98QDQ, B0FJY2RCKB, B0FJY6487N]",amzn1.campaign.2M81Y0Z6XE44,Limited Time Deal! Waterproof Teak Shower Bench & Stool 🛁 -ZH-JBL,Compsia,2026-08-15,2026-10-13,10.00%,5000.0,5000.0,34,800,false
"[B0DS2HBBFC, B0DS2J6LBJ, B0DS2FXY6M, B0DS2HMY6H, B0DS2FDVN7, B0DS2G3CS8, B0DS2H4HLF, B0DS2FH3Z9, B0DS2GHBT1, B0DS2FQT1S, B0DS2GBN9W, B0DS2H1DR2]",amzn1.campaign.39CC8L76QLL0G,HOT Deal: 🔥 Glamaker Everyday Pinafore Invite -LW-M25DR0058,Glamaker,2026-08-16,2026-11-01,10.00%,5000.0,5000.0,12,800,false
"[B0H37BNXYB, B0H37SJYYZ, B0H379QQRR, B0H377J32H, B0H43Y6FD4, B0GVQP5F2P, B0H37M2JPJ, B0H379SJFP, B0H37BV7Y1, B0H448JJXR, B0H44CX6XN, B0H379CQLB, B0H377SKP2, B0H33SCKY6, B0H33VMRM9, B0GL23PQH9, B0H44RX21T, B0H37679KC, B0H44KQFNT, B0GL1VP891, B0H37M1928, B0H37JDXZT, B0GR8R6K5H, B0H33P7CMP, B0GL1MVVRQ, B0H44NVTR1, B0H44LWB1C, B0H44MHKKL, B0H44B2QZF, B0GL1HVVMR, B0H44KX7CT, B0H44MMLNV, B0H37C4GQV, B0H44L2VGJ, B0H448DRS2, B0H37JC3DL, B0H37JC3DM, B0H44S566J, B0H449YV6B, B0H448P9ND, B0H33SQXNT, B0H44C9NZR, B0H4QWCPKD, B0H37C87ML, B0H2VVZYND, B0H44JGNQQ, B0H441TRRL, B0H448DRRX, B0H44HG1HC, B0H44C6BZF, B0H4489Y5C, B0H37CT7M2, B0H44K7Z12, B0H44B2F91, B0H44DLYZV, B0H375S6D5, B0H37H6KWB, B0GRV5SZ82, B0GRV5S5WV, B0H44LQ5PS, B0H442NSYD, B0H441LQX2, B0H37B5QWL, B0GVR9PJMM, B0H44LLCK9, B0H448BWX6, B0H44KZ6D6, B0H44H5MDT, B0H44KWXH2, B0H44PMC3H, B0H44MM9WS, B0H448H4R4, B0H445741W, B0H44MQ3P9, B0H445741Q, B0H44KVKGG, B0GL21WGXL, B0H33KRWWN, B0H44K3YTX, B0H44749D4, B0H444J85J, B0H375FDFG, B0H4415P85, B0H443RSWC, B0GVRSL7YM, B0H2W1WP15, B0H44DP6XZ, B0H44F5D1X, B0H44CC34B, B0H2VXCLRG, B0H44J5ZDC, B0H33KXK5H, B0H44J19GB, B0H44PF67C, B0H37HS2WJ, B0H37CD2QP, B0H3754PC7, B0H44FLGLH, B0H44QNJ2F, B0H37M3DC6, B0H37KYV5X, B0H44H7LKY, B0H4475KCV, B0H441FZQ2, B0H44L3QF7, B0H44JW1KW, B0H37DGPJP, B0H375MN9Y, B0H33SDQ44, B0H33SZ388, B0GL1M7915, B0H37FZ2GL, B0H37CZT5N, B0GL1HP2KX, B0H37GYYDK, B0H44GCK55, B0H447P8BN, B0H43Y2W5D, B0GR852QJ2, B0H44D7HLW, B0H37BNC1Y, B0H37H7KRJ, B0H33WDN8P, B0H37C9C4J, B0H377J8Y8, B0H44KSSNB, B0H33NQ5GW, B0H33MJPGC, B0GL1N1GTG, B0H33JTSPZ, B0H37F6BCD, B0GVR7XD5D, B0GL1J3P57, B0H3797DBL, B0GL1VRZJY, B0H44K2DKW, B0H44JL51G, B0H33TTYP6, B0GRTZQN2Z, B0H442P4JH, B0H37CQHRV, B0H2VYQQZ4, B0H443Y646, B0H37CM3V9, B0H44JQLHW, B0H447GRNR, B0H379CHY7, B0H37C49JT, B0H44MJLRH, B0GVRB7RN3, B0H44PF9BN, B0H441VS8M, B0H33S6QPN, B0H37HCFYR, B0H444WD2D, B0H44PGT37, B0H44CXVH5, B0H448NHT1, B0H44PCRDV, B0GL23335C, B0H44C6YZW, B0H441FCH4, B0H34141LL, B0H44G7FHV, B0H37598YJ, B0H37DC5K2, B0GVR5LJY4, B0H448TQK3, B0H44LC3YH, B0H44KVPN9, B0H44H6PK3, B0H37D8RTD, B0H33LV85N, B0H377H6WS, B0H44KXFLK, B0H44BRKPK, B0H448MJB3, B0H44VYB86]",amzn1.campaign.25XQJAY8N7X97,Floral Washable Rug Creator Promo-2026/08/11,GENIMO,2026-08-13,2026-11-15,10.00%,5000.0,5000.0,38,800,false
[B0H45C9F3V],amzn1.campaign.1R3NBKIBRXSME,Let’s Create Together! | 20% Commission,BIYSBER,2026-08-13,2026-09-30,20.00%,5000.0,4956.68,14,800,false
[B0H7TJLCT7],amzn1.campaign.RNLVZI1XGYTP,Jock Creamy Hybrid Lube 8 Oz,CURVE TOYS,2026-08-13,2027-03-31,10.00%,5000.0,4988.55,27,800,false
[B0D7M9GYQ7],amzn1.campaign.6H9K5X806XVX,2026 Annual Crystal Snowflake Ornaments  10%,JUNQIU US,2026-08-13,2026-09-30,10.00%,5000.0,4958.64,14,800,false
"[B0H4MKZ754, B0H4MJM667, B0H4MY5FFK]",amzn1.campaign.H3NGWQYS5PX4,Promoting our pumpkin throw pillows earns you a 10% sales commission,Szcxyy,2026-08-13,2027-03-31,10.00%,10000.0,9998.0,4,800,false
"[B0FJY686MC, B0FJY98QDQ, B0FJY2RCKB, B0FJY6487N]",amzn1.campaign.1DH19DAJERVJR,HOT Deal! Teak Shower Stool with Shelf & Handle 🚿 -ZH-JBL,Compsia,2026-08-15,2026-10-12,10.00%,5000.0,5000.0,41,800,false
[B0GXJQW2W1],amzn1.campaign.K4IKEBO68S3D,Crytone_Connectors Aug-Sep 02,CryoTone,2026-08-13,2026-10-31,10.00%,5000.0,5000.0,30,800,false
"[B091MLSF82, B08CSTT8B7, B08DWJS48C, B09FJ44DHC, B0D3NRQ3WG, B08H7RJRYG, B08GY8HJZX, B08DWB5LWP, B00ICVHYSA, B0DJCCZDVZ, B09FJ6CQ1F, B08H8FQBP9, B09K91QLYL, B07KNBPZHS, B09K8ZR6H2, B09FJ5XZ2L, B08F4Y1JFS, B08H8KDBZM, B08DW49KN3, B09FJ4LZQS, B08DVZG2BM, B09FJ5GTM1, B097FDNF7D, B08H8KQ3GW, B09FJ5JS9X, B09FJ4PP3S, B091MDJ36L, B0DJ3FGJZV, B0DJ3G3NSZ, B0D3NMMZRT, B08H7M99TQ, B08H8N4KCH, B097FDQWKW, B08CSTCP62, B08GYGYGKQ, B08H87C4HM, B07KX825YR, B07KX7VS49, B07KX7C4Y7, B09FJ3WM29, B08GY18RSY, B09K8Z4Z15, B08GY6Y7R4, B0DJCDH17B, B09K96LY3P, B08HBX886G]",amzn1.campaign.3D1K0F3Y3D3RB,"Practical Review: Grinds Coffee Pouches - Unbox, Sip, and Review",GRINDS,2026-08-13,2027-03-10,14.00%,647779.0,647779.0,14,800,false
"[B0H37BNXYB, B0H37SJYYZ, B0H379QQRR, B0H377J32H, B0H43Y6FD4, B0GVQP5F2P, B0H37M2JPJ, B0H379SJFP, B0H37BV7Y1, B0H448JJXR, B0H44CX6XN, B0H379CQLB, B0H377SKP2, B0H33SCKY6, B0H33VMRM9, B0GL23PQH9, B0H44RX21T, B0H37679KC, B0H44KQFNT, B0GL1VP891, B0H37M1928, B0H37JDXZT, B0GR8R6K5H, B0H33P7CMP, B0GL1MVVRQ, B0H44NVTR1, B0H44LWB1C, B0H44MHKKL, B0H44B2QZF, B0GL1HVVMR, B0H44KX7CT, B0H44MMLNV, B0H37C4GQV, B0H44L2VGJ, B0H448DRS2, B0H37JC3DL, B0H37JC3DM, B0H44S566J, B0H449YV6B, B0H448P9ND, B0H33SQXNT, B0H44C9NZR, B0H4QWCPKD, B0H37C87ML, B0H2VVZYND, B0H44JGNQQ, B0H441TRRL, B0H448DRRX, B0H44HG1HC, B0H44C6BZF, B0H4489Y5C, B0H37CT7M2, B0H44K7Z12, B0H44B2F91, B0H44DLYZV, B0H375S6D5, B0H37H6KWB, B0GRV5SZ82, B0GRV5S5WV, B0H44LQ5PS, B0H442NSYD, B0H441LQX2, B0H37B5QWL, B0GVR9PJMM, B0H44LLCK9, B0H448BWX6, B0H44KZ6D6, B0H44H5MDT, B0H44KWXH2, B0H44PMC3H, B0H44MM9WS, B0H448H4R4, B0H445741W, B0H44MQ3P9, B0H445741Q, B0H44KVKGG, B0GL21WGXL, B0H33KRWWN, B0H44K3YTX, B0H44749D4, B0H444J85J, B0H375FDFG, B0H4415P85, B0H443RSWC, B0GVRSL7YM, B0H2W1WP15, B0H44DP6XZ, B0H44F5D1X, B0H44CC34B, B0H2VXCLRG, B0H44J5ZDC, B0H33KXK5H, B0H44J19GB, B0H44PF67C, B0H37HS2WJ, B0H37CD2QP, B0H3754PC7, B0H44FLGLH, B0H44QNJ2F, B0H37M3DC6, B0H37KYV5X, B0H44H7LKY, B0H4475KCV, B0H441FZQ2, B0H44L3QF7, B0H44JW1KW, B0H37DGPJP, B0H375MN9Y, B0H33SDQ44, B0H33SZ388, B0GL1M7915, B0H37FZ2GL, B0H37CZT5N, B0GL1HP2KX, B0H37GYYDK, B0H44GCK55, B0H447P8BN, B0H43Y2W5D, B0GR852QJ2, B0H44D7HLW, B0H37BNC1Y, B0H37H7KRJ, B0H33WDN8P, B0H37C9C4J, B0H377J8Y8, B0H44KSSNB, B0H33NQ5GW, B0H33MJPGC, B0GL1N1GTG, B0H33JTSPZ, B0H37F6BCD, B0GVR7XD5D, B0GL1J3P57, B0H3797DBL, B0GL1VRZJY, B0H44K2DKW, B0H44JL51G, B0H33TTYP6, B0GRTZQN2Z, B0H442P4JH, B0H37CQHRV, B0H2VYQQZ4, B0H443Y646, B0H37CM3V9, B0H44JQLHW, B0H447GRNR, B0H379CHY7, B0H37C49JT, B0H44MJLRH, B0GVRB7RN3, B0H44PF9BN, B0H441VS8M, B0H33S6QPN, B0H37HCFYR, B0H444WD2D, B0H44PGT37, B0H44CXVH5, B0H448NHT1, B0H44PCRDV, B0GL23335C, B0H44C6YZW, B0H441FCH4, B0H34141LL, B0H44G7FHV, B0H37598YJ, B0H37DC5K2, B0GVR5LJY4, B0H448TQK3, B0H44LC3YH, B0H44KVPN9, B0H44H6PK3, B0H37D8RTD, B0H33LV85N, B0H377H6WS, B0H44KXFLK, B0H44BRKPK, B0H448MJB3, B0H44VYB86]",amzn1.campaign.3C7SK76OWW2CK,Floral Washable Rug Creator Promo-2026/08/11,GENIMO,2026-08-13,2026-11-14,10.00%,5000.0,5000.0,43,800,false
"[B0DS2HBBFC, B0DS2J6LBJ, B0DS2FXY6M, B0DS2HMY6H, B0DS2FDVN7, B0DS2G3CS8, B0DS2H4HLF, B0DS2FH3Z9, B0DS2GHBT1, B0DS2FQT1S, B0DS2GBN9W, B0DS2H1DR2]",amzn1.campaign.21P9UCLD5XFBS,Great Deal: 🌟 Glamaker Sleek Denim Mini Collab -LW-M25DR0058,Glamaker,2026-08-16,2026-11-30,10.00%,5000.0,5000.0,10,800,false
"[B0G87S94CW, B0G87F978J, B0G8735S6W]",amzn1.campaign.1PPYMNBOJYH4W,Real-Life Review: Hume Supernatural Body Wash - No-Script Texture Review,HUME SUPERNATURAL,2026-08-13,2027-06-11,16.50%,672497.0,672497.0,15,800,false
[B0HBXRNH8K],amzn1.campaign.3829V0MWXOKKO,William Morris Inspired Wooden Fridge Magnets Set of 2,Ahantper,2026-08-13,2027-08-13,10.00%,100000.0,100000.0,23,800,false
"[B0FSL6CTGV, B0FSL8B622, B0FSL74Y46, B0FSL63VJX, B0FGJGQ8WY, B0FGJJM9LM, B0FSL79DK9, B0FGJKH88G, B0FSL5VHC5, B0FGJGPCXK, B0FGJJW11R, B0FGJGQ8XB, B0FSL72RNX, B0FSL2BP16, B0FGJJQ9TM, B0FSL73PDK, B0FGJJH9ZC, B0FSL4PLF3, B0FGJFZQ3C, B0FSL1MXYY, B0FGJKVBJX, B0FGJD651N, B0FGJD7PW8, B0FGJJVD5V, B0FSL46MYM, B0FSL539VM, B0FGJGMX76, B0FGJLFM3P, B0FSL5YPRJ, B0FSL54YYL, B0FGJJF289, B0FGJJGSFG, B0FGJK9RMH, B0FSL3CRBT, B0FGJKDTHJ, B0FSL649MJ, B0FSL59LVL, B0FGJKX8F2]",amzn1.campaign.QYKEMXL1M1D8,VIMPUNEC Fall Long Cardigan for Work & Weekends | 15% Commission #20,VIMPUNEC,2026-08-13,2026-10-02,15.00%,5000.0,5000.0,12,800,false
"[B0FJY686MC, B0FJY98QDQ, B0FJY2RCKB, B0FJY6487N]",amzn1.campaign.2WRRTEEKYZ22J,Great Deal! Waterproof Teak Shower Stool for Bathroom 🛁 -ZH-JBL,Compsia,2026-08-15,2026-10-11,10.00%,5000.0,5000.0,49,800,false
"[B0H37BNXYB, B0H37SJYYZ, B0H379QQRR, B0H377J32H, B0H43Y6FD4, B0GVQP5F2P, B0H37M2JPJ, B0H379SJFP, B0H37BV7Y1, B0H448JJXR, B0H44CX6XN, B0H379CQLB, B0H377SKP2, B0H33SCKY6, B0H33VMRM9, B0GL23PQH9, B0H44RX21T, B0H37679KC, B0H44KQFNT, B0GL1VP891, B0H37M1928, B0H37JDXZT, B0GR8R6K5H, B0H33P7CMP, B0GL1MVVRQ, B0H44NVTR1, B0H44LWB1C, B0H44MHKKL, B0H44B2QZF, B0GL1HVVMR, B0H44KX7CT, B0H44MMLNV, B0H37C4GQV, B0H44L2VGJ, B0H448DRS2, B0H37JC3DL, B0H37JC3DM, B0H44S566J, B0H449YV6B, B0H448P9ND, B0H33SQXNT, B0H44C9NZR, B0H4QWCPKD, B0H37C87ML, B0H2VVZYND, B0H44JGNQQ, B0H441TRRL, B0H448DRRX, B0H44HG1HC, B0H44C6BZF, B0H4489Y5C, B0H37CT7M2, B0H44K7Z12, B0H44B2F91, B0H44DLYZV, B0H375S6D5, B0H37H6KWB, B0GRV5SZ82, B0GRV5S5WV, B0H44LQ5PS, B0H442NSYD, B0H441LQX2, B0H37B5QWL, B0GVR9PJMM, B0H44LLCK9, B0H448BWX6, B0H44KZ6D6, B0H44H5MDT, B0H44KWXH2, B0H44PMC3H, B0H44MM9WS, B0H448H4R4, B0H445741W, B0H44MQ3P9, B0H445741Q, B0H44KVKGG, B0GL21WGXL, B0H33KRWWN, B0H44K3YTX, B0H44749D4, B0H444J85J, B0H375FDFG, B0H4415P85, B0H443RSWC, B0GVRSL7YM, B0H2W1WP15, B0H44DP6XZ, B0H44F5D1X, B0H44CC34B, B0H2VXCLRG, B0H44J5ZDC, B0H33KXK5H, B0H44J19GB, B0H44PF67C, B0H37HS2WJ, B0H37CD2QP, B0H3754PC7, B0H44FLGLH, B0H44QNJ2F, B0H37M3DC6, B0H37KYV5X, B0H44H7LKY, B0H4475KCV, B0H441FZQ2, B0H44L3QF7, B0H44JW1KW, B0H37DGPJP, B0H375MN9Y, B0H33SDQ44, B0H33SZ388, B0GL1M7915, B0H37FZ2GL, B0H37CZT5N, B0GL1HP2KX, B0H37GYYDK, B0H44GCK55, B0H447P8BN, B0H43Y2W5D, B0GR852QJ2, B0H44D7HLW, B0H37BNC1Y, B0H37H7KRJ, B0H33WDN8P, B0H37C9C4J, B0H377J8Y8, B0H44KSSNB, B0H33NQ5GW, B0H33MJPGC, B0GL1N1GTG, B0H33JTSPZ, B0H37F6BCD, B0GVR7XD5D, B0GL1J3P57, B0H3797DBL, B0GL1VRZJY, B0H44K2DKW, B0H44JL51G, B0H33TTYP6, B0GRTZQN2Z, B0H442P4JH, B0H37CQHRV, B0H2VYQQZ4, B0H443Y646, B0H37CM3V9, B0H44JQLHW, B0H447GRNR, B0H379CHY7, B0H37C49JT, B0H44MJLRH, B0GVRB7RN3, B0H44PF9BN, B0H441VS8M, B0H33S6QPN, B0H37HCFYR, B0H444WD2D, B0H44PGT37, B0H44CXVH5, B0H448NHT1, B0H44PCRDV, B0GL23335C, B0H44C6YZW, B0H441FCH4, B0H34141LL, B0H44G7FHV, B0H37598YJ, B0H37DC5K2, B0GVR5LJY4, B0H448TQK3, B0H44LC3YH, B0H44KVPN9, B0H44H6PK3, B0H37D8RTD, B0H33LV85N, B0H377H6WS, B0H44KXFLK, B0H44BRKPK, B0H448MJB3, B0H44VYB86]",amzn1.campaign.2Y9ZOG56RGGZW,Floral Washable Rug Creator Promo-2026/08/11,GENIMO,2026-08-13,2026-11-13,10.00%,5000.0,5000.0,43,800,false
[B0H7TDWVG7],amzn1.campaign.1OW28S9NCFR81,Jock Extreme Anal Lubricant 8 Fl Oz,CURVE TOYS,2026-08-13,2027-04-30,10.00%,5000.0,4987.77,23,800,false
"[B0DS2HBBFC, B0DS2J6LBJ, B0DS2FXY6M, B0DS2HMY6H, B0DS2FDVN7, B0DS2G3CS8, B0DS2H4HLF, B0DS2FH3Z9, B0DS2GHBT1, B0DS2FQT1S, B0DS2GBN9W, B0DS2H1DR2]",amzn1.campaign.3L86S3TFZ7RN1,Limited Time Deal: ✨ Glamaker Mini Pinafore Collab -LW-M25DR0058,Glamaker,2026-08-16,2026-11-29,10.00%,5000.0,5000.0,16,800,false
"[B0CN5V9GSQ, B0DJZDGGX6, B0CMQK3V3N, B0CMQK7536, B0FHFPSJRB, B0DJZ9MR9C, B0FHG5SBQT, B0DJZDR582, B0FHG3XZSH, B0CTGCQJ3Y, B0CMQLWB7C, B0CMQLPT4T, B0FHFPRV1D, B0FHG3YC6M, B0FHG7WB7M, B0CTGBMNLM, B07L96YV7N, B0FHG54PQN, B0CN1H7DCV, B0DJZ7GZGM, B0DJZCWTFC, B0FHG4TMXZ, B0FHG5853P, B0FHG5K5LP, B0CH6XF3RB, B0FHG36C93, B0FHG5K5LN, B0FHG55XVY, B0FHG2ZWZB, B0CN1JWC52, B0CN1KBBN3, B0DJZCVXRP, B0FHG38782, B0FHG5147J, B0CMD62ZP6, B0FHG5BNLT, B0FHG5BNLV, B0FHG3Y1V9, B0DJLY1SN7, B0CTGB9G77, B0BZ8XLG1Q, B0CN5V684K, B0FHFPSZQG, B0FHG3YBJK, B0FHG6BL96, B0CN5TSYCG, B0FHG5W3MS, B0CMD71521, B0BZ8YMGL6, B0CN5TVK2K, B0CMP1PMDD, B0DJZ6XP2X, B0FHG53NNM, B0CN5VK2RD, B0CMD39PYS, B0FHFPS3KV]",amzn1.campaign.OTRFR1XAADW2,The Photography Gear Upgrade Worth Featuring | Camera Strap | Earn 15%,Art Tribute,2026-08-13,2026-11-15,15.00%,10000.0,10000.0,23,800,false
"[B0FJY686MC, B0FJY98QDQ, B0FJY2RCKB, B0FJY6487N]",amzn1.campaign.JEA3E1WIPK36,Limited Time Deal! Teak Shower Bench with Shelf & Handle 🚿 -ZH-JBL,Compsia,2026-08-15,2026-10-10,10.00%,5000.0,5000.0,52,800,false
[B0GZGXX6QN],amzn1.campaign.PPPN08AXILCI,Crystal Snowflake Ornaments 2026 10%,JUNQIU US,2026-08-13,2026-09-30,10.00%,5000.0,4998.2,29,800,false
[B0H67LKV64],amzn1.campaign.TBUK1CX82Y58,Promoting our  Knitted Christmas Tree Skirt  earns you a 10% sales commission,Szcxyy,2026-08-13,2027-03-31,10.00%,10000.0,10000.0,12,800,false
"[B0G18QXZ5Q, B0G18XZ3F5, B0G18C5X8L, B0G18TMLKH, B0G18ML7LJ, B0G18V4PHY, B0G19H36CM]",amzn1.campaign.1PKHRPYZ5FOY2,Boho NonSlip Runner Creator Promo-2026/08/11,GENIMO,2026-08-13,2026-11-16,10.00%,5000.0,5000.0,34,800,false
[B0H67FRQW2],amzn1.campaign.2Y3GKP6M0T4I0,Promoting our jewelry making chain kit  earns you a 10% sales commission,Szcxyy,2026-08-13,2027-03-31,10.00%,10000.0,9998.3,26,800,false
"[B0DS2HBBFC, B0DS2J6LBJ, B0DS2FXY6M, B0DS2HMY6H, B0DS2FDVN7, B0DS2G3CS8, B0DS2H4HLF, B0DS2FH3Z9, B0DS2GHBT1, B0DS2FQT1S, B0DS2GBN9W, B0DS2H1DR2]",amzn1.campaign.39LW0AEH5VT09,HOT Deal: 🌸 Glamaker Classic Jean Pinafore Collab -LW-M25DR0058,Glamaker,2026-08-16,2026-11-28,10.00%,5000.0,5000.0,16,800,false
[B0H45C9F3V],amzn1.campaign.1R8IHVLQ91W98,Your Next Beauty Best-Seller Is Here! 🔥,BIYSBER,2026-08-13,2026-09-30,20.00%,5000.0,5000.0,21,800,false
"[B0G18QXZ5Q, B0G18XZ3F5, B0G18C5X8L, B0G18TMLKH, B0G18ML7LJ, B0G18V4PHY, B0G19H36CM]",amzn1.campaign.Z1WY0K6CEO8D,Boho NonSlip Runner Creator Promo-2026/08/11,GENIMO,2026-08-13,2026-11-15,10.00%,5000.0,5000.0,42,800,false
"[B0FDWTYXDX, B0FR7CHLSL, B0FDWY48SX, B0FR7PDQ7H, B0FDWVN2L8, B0FR7PLTY5, B0FDVKF5HF, B0FR8RJFBL, B0FR8CG7G2, B0FDWX2JHW, B0FR8ZT1VB, B0FDVKBHPN, B0FR7NLMQB, B0FDX1BK4M, B0FDWTRC2Q, B0FR7BTP82, B0FDWTRC2R, B0FR7VCCDS, B0FDWTZCMY, B0FDWWVMZX, B0FDWV2QNG, B0FDWV2QNF, B0FR8NZ78J, B0FR9258QV, B0FR8RPX1Z, B0FDVKC218, B0FR8QJJHG, B0FDWXVT61, B0FDWY4TX1, B0FR7NTDTJ, B0FR7PMBS9, B0FR7CFHYG, B0FR8CDT3K, B0FR7C81CJ, B0FR7NSD4Q]",amzn1.campaign.1QYTSQAVUF79J,VIMPUNEC Fall Cable Knit Cardigan for Everyday Layering | 15% Commission #22,VIMPUNEC,2026-08-13,2026-10-04,15.00%,5000.0,5000.0,5,800,false
"[B09Q4Q4XFH, B09RTS11KK, B0BV1C73PX, B08X4X3ZZ9, B0B3Q7GNSV]",amzn1.campaign.XOCXAM6SUV46,Real-Life Review: Hume Desert Bloom Deodorant - No-Script Texture Review,HUME SUPERNATURAL,2026-08-13,2027-06-11,16.50%,671296.0,671296.0,10,800,false
"[B0FY4DRL9Q, B0FSLQDY5D, B0FS39HDSW, B0H389M4NW, B0DWV7M97D, B0GQZSBGZ6, B0DWVB41YT, B0H2NN1NB2, B0GR124TZF, B0FSLQ12NV, B0DWVB3DT5, B0GQZL4B4Z, B0DK81C9LY, B0FS423VCQ, B0H3865MCZ, B0FY44ZMZB, B0FSLS1LF4]",amzn1.campaign.1TQX7G9ZME1ZW,"Practical Review: Grinds Focus Energy Pouches - Practical, Hype-Free Take",GRINDS,2026-08-13,2027-03-09,13.00%,642702.0,642702.0,0,800,false
"[B0G18QXZ5Q, B0G18XZ3F5, B0G18C5X8L, B0G18TMLKH, B0G18ML7LJ, B0G18V4PHY, B0G19H36CM]",amzn1.campaign.3TWB5II24Z22N,Boho NonSlip Runner Creator Promo-2026/08/11,GENIMO,2026-08-13,2026-11-14,10.00%,5000.0,5000.0,47,800,false
"[B0FJY686MC, B0FJY98QDQ, B0FJY2RCKB, B0FJY6487N]",amzn1.campaign.WU8J4FO8VJF2,HOT Deal! Waterproof Teak Shower Stool with Shelf 🛁 -ZH-JBL,Compsia,2026-08-15,2026-10-09,10.00%,5000.0,5000.0,51,800,false
"[B0DS2HBBFC, B0DS2J6LBJ, B0DS2FXY6M, B0DS2HMY6H, B0DS2FDVN7, B0DS2G3CS8, B0DS2H4HLF, B0DS2FH3Z9, B0DS2GHBT1, B0DS2FQT1S, B0DS2GBN9W, B0DS2H1DR2]",amzn1.campaign.2ZULRNQ777P7I,Great Deal: 🔥 Glamaker Everyday Denim Collab -LW-M25DR0058,Glamaker,2026-08-16,2026-11-27,10.00%,5000.0,5000.0,16,800,false
"[B0H637TD2Q, B0H62V9X6L]",amzn1.campaign.3J8UNM49HBYMZ,Promoting our gnome christmas decorations earns you a 10% sales commission,Szcxyy,2026-08-13,2027-03-31,10.00%,100000.0,100000.0,14,800,false
"[B0CHMR2LQR, B0D22YV2G2, B0D5QPB7HM, B0FMR1MS37, B0D22XDTNN, B0CPHR2RC8, B0GXCZXMZS, B0GXCSYBJT, B0G3ZKP3YQ, B0CWRVRTQS, B0CWRTG9SR, B0CHMNLVWC, B0FMR1738J, B0FMR17SXJ, B0GXCXCJVX, B0D22Z944P, B0GXDCLDG4, B0FMR12Y6N, B0CHMP52N3, B0CRRWPNBQ, B0D22TZQ4B, B0CRRWCVZ4, B0D22W8SDR, B0D22XWKV5, B0GXD5GNL4, B0DK6S76LR, B0D22ZT4PB, B0CRV13T4F, B0G3ZLJLC8, B0D22ZRVY2, B0F8H7465X, B0FMQZZLBB, B0H6Z4WKTG, B0D22YDZS5, B0FRFNJ1YF, B0D5QQYKS3, B0DK6QDZ55, B0CWRWYTWL, B0G3ZRFKG5, B0CPHN33CN, B0G3ZM1Z7X, B0F8HTS2RC, B0GXDC42M7, B0G3ZRPTGJ, B0G3ZS99FQ, B0H6Z7Y89B, B0GXDFPZVS, B0GXD46PKM, B0GXD6656K, B0D7ZT18LK, B0CWRVFHFL, B0D22XDQNL, B0GXCXTNJ2, B0D22ZVBCV, B0G3ZMSTYB, B0FMR1V7FW, B0GXD2HW3S, B0CRRWRTF4, B0G3ZNT27F, B0D7ZVCXNV, B0CWRWYPXJ, B0G3ZNLHC4, B0D22Y6QZ4, B0D22ZLTQ5, B0CWRVFJ5H, B0CPHTB4DR, B0CHMN3149, B0FMR23XZ2, B0G3ZQCTL8, B0G3ZKYMNP, B0F8HLGRTX, B0FRF4Q28M, B0G3ZMYC69, B0GXCZY9T3, B0GXD2L87P, B0GXD5V9FW]",amzn1.campaign.1A99J9LYDUZKV,HOT Deal! Upgrade Your Space Today-YL-KCJ,PureCozy,2026-08-14,2026-10-19,10.00%,5000.0,5000.0,13,800,false
"[B0G18QXZ5Q, B0G18XZ3F5, B0G18C5X8L, B0G18TMLKH, B0G18ML7LJ, B0G18V4PHY, B0G19H36CM]",amzn1.campaign.1JDUDXG2UUDN8,Boho NonSlip Runner Creator Promo-2026/08/11,GENIMO,2026-08-13,2026-11-13,10.00%,5000.0,5000.0,45,800,false
"[B0FJY686MC, B0FJY98QDQ, B0FJY2RCKB, B0FJY6487N]",amzn1.campaign.2KKMOH8J8QHW2,HOT Deal! Teak Shower Stool with Double Shelf Storage 🛀 -ZH-JBL,Compsia,2026-08-15,2026-10-08,10.00%,5000.0,5000.0,46,800,false
"[B0DS2HBBFC, B0DS2J6LBJ, B0DS2FXY6M, B0DS2HMY6H, B0DS2FDVN7, B0DS2G3CS8, B0DS2H4HLF, B0DS2FH3Z9, B0DS2GHBT1, B0DS2FQT1S, B0DS2GBN9W, B0DS2H1DR2]",amzn1.campaign.Y2OQBK23MRPE,Limited Time Deal: 🌟 Glamaker Pocketed Jean Mini -LW-M25DR0058,Glamaker,2026-08-16,2026-11-26,10.00%,5000.0,5000.0,18,800,false
"[B0FNWNGKMV, B0FT13SYGS, B0F8NXPM2Y, B0FSZZMNWG, B0F8NXXHZK, B0FSZYB82S, B0F8NQT8L4, B0FNWLVCQH, B0FT114DR2, B0FNWMHVXT, B0F8NZ3W56, B0F8NZ1Y78, B0FX3SLWGT, B0FSZZKGWW, B0FNWQ4BZM, B0FNWMTW5K, B0FNWQ4JZK, B0FT1146B7, B0F8NY6P2D, B0F8NWQ9CY, B0F8NTKFNZ, B0FT111H23, B0FSZXS4Z3, B0FNWLPZ8J, B0FNWPL32Q, B0F8NXCP4L, B0F8NZ16CF, B0F8NYBY1N, B0FNWNNYCY, B0FNWMNKQJ, B0FT13B6LW, B0FT113P98, B0FNWMRVBR, B0FNWP1HDC, B0F8NWD62W, B0FT13Z926, B0FT1144X9, B0FT13L224, B0FX3NT4D4, B0FNWLK858, B0FNWNRR6C, B0FT155XMD, B0F8NY5TG4, B0FNWLXVF3, B0FSZXX5W1, B0F8NXZXMR, B0FNWNDZNF, B0FT137HKK, B0FT1147V9, B0FT14NQQW, B0FT141KCD, B0F8NTD8J5, B0FNWN5GYV, B0FNWNWYQ1, B0FNWQSS4H, B0FNWPJQ34, B0FNWMPRBN, B0FT1387X5, B0FNWPBQ6B, B0F8NYVY78, B0FNWLBXTH, B0FSZZYXQL, B0F8NWGT8G, B0FNWNX94J, B0F8NXJC7X, B0F8NYFFS8, B0F8NY9Q5Z, B0FSZXQ5H6, B0FT15JB8K, B0FT15FX3M, B0FNWNX94S, B0FSZZTP6B, B0FX3QW2TN, B0FNWM4P25, B0FT137VRM, B0FSZWHY27, B0FT1135ZZ, B0FNWPCRQ5, B0FNWQB4PF]",amzn1.campaign.2JE6H9DJ6KJWE,VIMPUNEC Fall Long Cardigan for Travel & Office Casual | 12% Commission #22,VIMPUNEC,2026-08-13,2026-10-04,12.00%,5000.0,5000.0,7,800,false
"[B0FGNB8JRT, B0FGNJQ97F, B0FGNQMPX8, B0FGNDW37J, B0FGNKZQ7W, B0FGNZNM83, B0FGNSSCXX, B0FGNLBFV4, B0FGNFYNJD, B0FGNKTP7G, B0FGNNRQ6J, B0FGN6R551]",amzn1.campaign.X81YNAAK5B7C,NonSlip Mat Creator Promo-2026/08/11,GENIMO,2026-08-13,2026-11-16,10.00%,5000.0,5000.0,36,800,false
[B0GXRV3YLN],amzn1.campaign.3M7HY8UZ2TISG,"Ocean Montessori Busy Book, Portable Felt Quiet Travel Toy",KAWITLO,2026-08-13,2027-08-13,10.00%,5000.0,4993.02,20,800,false
"[B0FJY686MC, B0FJY98QDQ, B0FJY2RCKB, B0FJY6487N]",amzn1.campaign.VD2PIPFNM19O,Great Deal! Teak Shower Bench with Handle & Shelf 🚿 -ZH-JBL,Compsia,2026-08-15,2026-10-07,10.00%,5000.0,5000.0,52,800,false
"[B0H66DQL4V, B0H66P31D7]",amzn1.campaign.15CEEKSYSORO5,Promoting our cheesecloth table runner earns you a 10% sales commission,Szcxyy,2026-08-13,2027-03-31,10.00%,10000.0,10000.0,21,800,false
"[B0DS2HBBFC, B0DS2J6LBJ, B0DS2FXY6M, B0DS2HMY6H, B0DS2FDVN7, B0DS2G3CS8, B0DS2H4HLF, B0DS2FH3Z9, B0DS2GHBT1, B0DS2FQT1S, B0DS2GBN9W, B0DS2H1DR2]",amzn1.campaign.ZX6SUJLKHED7,HOT Deal: ✨ Glamaker Easy Wear Denim Collab -LW-M25DR0058,Glamaker,2026-08-16,2026-11-25,10.00%,5000.0,5000.0,16,800,false
"[B0H62MG6K1, B0H62TF1ZR, B0H62Q8WPF]",amzn1.campaign.6VM3DDZIPRT6,Promoting our lace table runner earns you a 10% sales commission,Szcxyy,2026-08-13,2027-03-31,10.00%,10000.0,10000.0,25,800,false
"[B0GY8SK1JP, B0GY8MF3L3, B0GY8QWP6L, B0GY8VJ587, B0GY8T72R8, B0GY946Q49, B0GY8Q5QFY, B0GY94DYX3, B0GY8Y83DC, B0GY8V5KQZ]",amzn1.campaign.1UGJYSVN1TPVD,3 Blades 52 Inch Ceiling Fan with Light,Depuley,2026-08-13,2026-09-30,12.00%,5000.0,4941.92,20,800,false
"[B0G87S94CW, B0G87F978J, B0G8735S6W]",amzn1.campaign.2GZU0RH373U,Real-Life Review: Hume Supernatural Body Wash - Real Care-Routine Test,HUME SUPERNATURAL,2026-08-13,2027-06-08,16.00%,667485.0,667485.0,17,800,false
"[B0FJY686MC, B0FJY98QDQ, B0FJY2RCKB, B0FJY6487N]",amzn1.campaign.EO6U5XL0CEY4,Limited Time Deal! Waterproof Teak Shower Stool for Bathroom 🛁 -ZH-JBL,Compsia,2026-08-15,2026-10-06,10.00%,5000.0,5000.0,51,800,false
"[B0FGNB8JRT, B0FGNJQ97F, B0FGNQMPX8, B0FGNDW37J, B0FGNKZQ7W, B0FGNZNM83, B0FGNSSCXX, B0FGNLBFV4, B0FGNFYNJD, B0FGNKTP7G, B0FGNNRQ6J, B0FGN6R551]",amzn1.campaign.1089Q4ZJPC0N4,NonSlip Mat Creator Promo-2026/08/11,GENIMO,2026-08-13,2026-11-15,10.00%,5000.0,5000.0,29,800,false
"[B0DS2HBBFC, B0DS2J6LBJ, B0DS2FXY6M, B0DS2HMY6H, B0DS2FDVN7, B0DS2G3CS8, B0DS2H4HLF, B0DS2FH3Z9, B0DS2GHBT1, B0DS2FQT1S, B0DS2GBN9W, B0DS2H1DR2]",amzn1.campaign.1CSQ021VFGBBU,Great Deal: 🌈 Glamaker Trendy Denim Mini Collab -LW-M25DR0058,Glamaker,2026-08-16,2026-11-24,10.00%,5000.0,5000.0,13,800,false
"[B091MLSF82, B08CSTT8B7, B08DWJS48C, B09FJ44DHC, B0D3NRQ3WG, B08H7RJRYG, B08GY8HJZX, B08DWB5LWP, B00ICVHYSA, B0DJCCZDVZ, B09FJ6CQ1F, B08H8FQBP9, B09K91QLYL, B07KNBPZHS, B09K8ZR6H2, B09FJ5XZ2L, B08F4Y1JFS, B08H8KDBZM, B08DW49KN3, B09FJ4LZQS, B08DVZG2BM, B09FJ5GTM1, B097FDNF7D, B08H8KQ3GW, B09FJ5JS9X, B09FJ4PP3S, B091MDJ36L, B0DJ3FGJZV, B0DJ3G3NSZ, B0D3NMMZRT, B08H7M99TQ, B08H8N4KCH, B097FDQWKW, B08CSTCP62, B08GYGYGKQ, B08H87C4HM, B07KX825YR, B07KX7VS49, B07KX7C4Y7, B09FJ3WM29, B08GY18RSY, B09K8Z4Z15, B08GY6Y7R4, B0DJCDH17B, B09K96LY3P, B08HBX886G]",amzn1.campaign.3G4US4AYDU789,Practical Review: Grinds Coffee Pouches - No-Script Sip Test,GRINDS,2026-08-13,2027-03-09,13.50%,642641.0,642641.0,15,800,false
"[B0FJY686MC, B0FJY98QDQ, B0FJY2RCKB, B0FJY6487N]",amzn1.campaign.27FMQ2D7RYO6I,HOT Deal! Teak Shower Bench with Double Shelf & Handle 🚿 -ZH-JBL,Compsia,2026-08-15,2026-10-05,10.00%,5000.0,5000.0,47,800,false
"[B0F4WV5QCQ, B0F4WY16XC, B0F4X7N9C1, B0DSLFTG5N, B0F4WQ7V8Y, B0F4WK4H7W, B0F4WQDF41, B0DSLL1S3Q, B0F18SJV1J, B0F4WKJSDR, B0F4WWLW2S, B0F18VPF56, B0F18QFL8T, B0DSLDB2VP, B0F4XDHB41, B0F18XFWYZ, B0F4WK7L3D, B0F18W48M8, B0GVYHHZJ2, B0F4X2TV2G, B0F4X7W28Y, B0DSLHJ9NL, B0F18V93YQ, B0F4XB3FGH, B0F4X5LFNP, B0F18SYG6H, B0F18RZTDZ, B0F18Q66JD, B0GVYHRJPN, B0F4X7RLSW, B0F4X2Z2F8, B0GVYLSDTG, B0F4WKPRVK, B0GVY91HRX, B0F18VGYW5, B0DSLFSY89, B0F4WPLFPP, B0F18V7W5Y, B0F4WY5GRY, B0F4WMMVZH, B0F4X2G7MF, B0GVYKWNHC, B0F4WP2B1C, B0GVYXLYPW, B0F18S417F, B0F4WYKJ44, B0F18VZZV9, B0GVYJVDFJ, B0F4W9YTZ3, B0DSLDC964, B0F4WXZVBK, B0GVYLR6LK, B0F4WB6SSG, B0F18TR16Q, B0F4WMN6WB, B0F4WF4SBL, B0DSLKZR1J, B0F4X5M3K4, B0F18T3P86, B0F18VZRC1, B0DSLH3X71, B0DSLGXDVL, B0GVYHBNMY, B0F4WLKHB5, B0GVYJXS4Y, B0F4WFT9R6, B0GVYHQJQZ, B0F18W26W8, B0F18T4S5J, B0GVYMHV9D, B0F18W6B5N, B0F18RL5MK, B0DSLDD21Z, B0F4WNL9B7, B0F4WKGGVD, B0F18S4Z3G, B0F18T4937, B0DSLG7TT7, B0F4WB3XG8, B0F18YJCFX, B0F18VHGRJ, B0F4WQCFTZ, B0DSLKY6DZ, B0F4WW7Q6K]",amzn1.campaign.LI9X2MBDG25G,VIMPUNEC One Piece Swim Dress for Beach & Cruise | 10% Commission #14,VIMPUNEC,2026-08-13,2026-09-26,10.00%,5000.0,5000.0,17,800,false
"[B0FGNB8JRT, B0FGNJQ97F, B0FGNQMPX8, B0FGNDW37J, B0FGNKZQ7W, B0FGNZNM83, B0FGNSSCXX, B0FGNLBFV4, B0FGNFYNJD, B0FGNKTP7G, B0FGNNRQ6J, B0FGN6R551]",amzn1.campaign.21KWLMAI9UZY1,NonSlip Mat Creator Promo-2026/08/11,GENIMO,2026-08-13,2026-11-14,10.00%,5000.0,5000.0,40,800,false
"[B0DS2HBBFC, B0DS2J6LBJ, B0DS2FXY6M, B0DS2HMY6H, B0DS2FDVN7, B0DS2G3CS8, B0DS2H4HLF, B0DS2FH3Z9, B0DS2GHBT1, B0DS2FQT1S, B0DS2GBN9W, B0DS2H1DR2]",amzn1.campaign.3LYFHGCTLM8PK,Limited Time Deal: 🔥 Glamaker Versatile Denim Collab -LW-M25DR0058,Glamaker,2026-08-16,2026-11-23,10.00%,5000.0,5000.0,19,800,false
"[B0FJY686MC, B0FJY98QDQ, B0FJY2RCKB, B0FJY6487N]",amzn1.campaign.F7ZZV34O10IT,Great Deal! Waterproof Teak Shower Bench with Shelf 🛀 -ZH-JBL,Compsia,2026-08-15,2026-10-04,10.00%,5000.0,5000.0,53,800,false
"[B0FGNB8JRT, B0FGNJQ97F, B0FGNQMPX8, B0FGNDW37J, B0FGNKZQ7W, B0FGNZNM83, B0FGNSSCXX, B0FGNLBFV4, B0FGNFYNJD, B0FGNKTP7G, B0FGNNRQ6J, B0FGN6R551]",amzn1.campaign.1O3B0GJDUW55K,NonSlip Mat Creator Promo-2026/08/11,GENIMO,2026-08-13,2026-11-13,10.00%,5000.0,5000.0,41,800,false
"[B0DS2HBBFC, B0DS2J6LBJ, B0DS2FXY6M, B0DS2HMY6H, B0DS2FDVN7, B0DS2G3CS8, B0DS2H4HLF, B0DS2FH3Z9, B0DS2GHBT1, B0DS2FQT1S, B0DS2GBN9W, B0DS2H1DR2]",amzn1.campaign.1LZWSUA9IVZ8J,HOT Deal: 🌟 Glamaker Jean Pinafore Invite -LW-M25DR0058,Glamaker,2026-08-16,2026-11-22,10.00%,5000.0,5000.0,14,800,false
"[B0FJY686MC, B0FJY98QDQ, B0FJY2RCKB, B0FJY6487N]",amzn1.campaign.P5DN9LWIXSRQ,Limited Time Deal! Teak Shower Stool with Shelf & Handle 🚿 -ZH-JBL,Compsia,2026-08-15,2026-10-03,10.00%,5000.0,5000.0,54,800,false
"[B0FDK5C1QD, B0FDK9D3H2]",amzn1.campaign.18NEBHMT8P80X,Washable NonSlip Mat Creator Promo-2026/08/11,GENIMO,2026-08-13,2026-11-16,10.00%,5000.0,5000.0,47,800,false
"[B0GWQSMHRY, B0CSJYWCTF, B0GWQV2128, B0FB96N5VC, B0GWQVFGS2, B0FB984PHL, B0GWQVBP7H, B0CSK2DF5Q, B0CSJN2GYR, B0GWQZBK88, B0GWQN7TM7, B0D4VGCQ3L, B0CYL9T25G, B0GWQNVSHH, B0DZ65PCH1, B0CYLHRD2B, B0F8J7SP6Y, B0GWQMWHD6, B0FB98YLZB, B0F8J3GW79, B0CSK2WWFL, B0CSJZF8KV, B0GWQQ2VKL, B0DZ69TKDN, B0CYLJHXB4, B0D7BQF4MV, B0GWQV5DQC, B0D7BS7KY2, B0GWQSL3BC, B0GWQL9VPN, B0D7BQVT4K, B0GWQJSP6L, B0DZ67NK48, B0GWQMDN93, B0F8J6LC85, B0CSJVKQ2L, B0FB993G7B, B0D7BLVN7L, B0GWQNBHPH, B0D6Z1F2DN, B0GWQJCW2M, B0CYL7X1JY, B0F8J5Z2JH, B0CSJWJVJN, B0CSJWJVJM, B0GWQJ8GN1, B0CYLNRKHR, B0FB9CP3M3, B0DZ67HLQQ, B0CYLB2762, B0FB97GWKV, B0D4VG5TWD, B0CYLBVP79, B0GWQV1WTK, B0GWQRG2Q7, B0D7BQRC4X, B0GWQLNYVV, B0DZ6699QH, B0GWQMWW3L, B0CSKBH25P, B0GWR1RHBF, B0GWQLPCMS, B0GWQMP799, B0DZ69Q7C8, B0CSJRT4MB, B0DZ69PJKK, B0FB994MK3, B0DZ6BM5JB, B0F8J57H56, B0DZ67ZZF9, B0GWQQ9S4V, B0FB98PG6K, B0GWQMWSN3, B0D6YY734J, B0CYLC7BRP, B0FB99XFDC, B0GWQSDSWR, B0CSJV58XQ, B0FB99K43B, B0CSK52DB2, B0GWQLGL6Z, B0CYLDVP8K, B0DZ667SHH, B0D6YZ6JJH, B0CYLDHHXK, B0GWQLRFX2, B0D6YZKMJD, B0F8J58HZ2, B0GWQLRFX8, B0CSKBTSML, B0D4VD6Z7H, B0F8J3VZBW, B0FB98PK11, B0DZ686LF6, B0GWQJBZ17, B0CSJYHNTR, B0GWQJHWJC, B0D7Z3H6HM, B0GWQPTGD2, B0GWQPTGD3, B0D4VFZQZJ, B0CYLM4T2X, B0D4VGYDN5, B0GWQLVWVG, B0DZ68M7XT, B0D7BRCKN2, B0GWQLMD35, B0CYL53VNF, B0D7BS48XP, B0FB96X8TY, B0FB951N89, B0F8HYLYQZ, B0D7BN4BJB, B0GWQVMJC3]",amzn1.campaign.293GXKMJLZ7LF,VIMPUNEC Summer Lounge Jogger Set for Travel | 15% Commission #22,VIMPUNEC,2026-08-13,2026-10-04,15.00%,5000.0,5000.0,17,800,false
"[B09Q4Q4XFH, B09RTS11KK, B0BV1C73PX, B08X4X3ZZ9, B0B3Q7GNSV]",amzn1.campaign.316MTLCVG4337,Real-Life Review: Hume Desert Bloom Deodorant - Real Care-Routine Test,HUME SUPERNATURAL,2026-08-13,2027-06-08,16.00%,666240.0,666240.0,8,800,false
[B0F9FGXQZP],amzn1.campaign.3JB2DVZ094XDX,2026 Annual Edition Crystal Ornaments 10%,JUNQIU US,2026-08-13,2026-09-30,10.00%,5000.0,4974.84,19,800,false
"[B0DS2HBBFC, B0DS2J6LBJ, B0DS2FXY6M, B0DS2HMY6H, B0DS2FDVN7, B0DS2G3CS8, B0DS2H4HLF, B0DS2FH3Z9, B0DS2GHBT1, B0DS2FQT1S, B0DS2GBN9W, B0DS2H1DR2]",amzn1.campaign.CBJXUULZ32DU,Great Deal: ✨ Glamaker Casual Pinafore Collab -LW-M25DR0058,Glamaker,2026-08-16,2026-11-21,10.00%,5000.0,5000.0,18,800,false
"[B0FDK5C1QD, B0FDK9D3H2]",amzn1.campaign.38PRHLSXX6HN0,Washable NonSlip Mat Creator Promo-2026/08/11,GENIMO,2026-08-13,2026-11-15,10.00%,5000.0,5000.0,53,800,false
"[B0FY4DRL9Q, B0FSLQDY5D, B0FS39HDSW, B0H389M4NW, B0DWV7M97D, B0GQZSBGZ6, B0DWVB41YT, B0H2NN1NB2, B0GR124TZF, B0FSLQ12NV, B0DWVB3DT5, B0GQZL4B4Z, B0DK81C9LY, B0FS423VCQ, B0H3865MCZ, B0FY44ZMZB, B0FSLS1LF4]",amzn1.campaign.2SB2K8HX8VD0U,Practical Review: Grinds Focus Energy Pouches - Put the Format to Work,GRINDS,2026-08-13,2027-03-08,12.50%,637242.0,637242.0,0,800,false
"[B0FJY686MC, B0FJY98QDQ, B0FJY2RCKB, B0FJY6487N]",amzn1.campaign.24ZQW5ELC970X,HOT Deal! Waterproof Teak Shower Stool with Shelf & Handle 🛁 -ZH-JBL,Compsia,2026-08-15,2026-10-02,10.00%,5000.0,5000.0,50,800,false
"[B0CX99HX97, B0CC9XPQJC, B0CX98YZGL, B0CC9ZYW91, B0CC9ZMYLW]",amzn1.campaign.1ZUVM4H7HOC2T,Pack the Outfit. Protect the Look. | Garment Bag | Earn 15%,Custom Empire Shop,2026-08-13,2026-11-15,15.00%,10000.0,10000.0,22,800,false
"[B0DS2HBBFC, B0DS2J6LBJ, B0DS2FXY6M, B0DS2HMY6H, B0DS2FDVN7, B0DS2G3CS8, B0DS2H4HLF, B0DS2FH3Z9, B0DS2GHBT1, B0DS2FQT1S, B0DS2GBN9W, B0DS2H1DR2]",amzn1.campaign.3NMBKJXOBMEUE,Limited Time Deal: 🌺 Glamaker Button Mini Collab -LW-M25DR0058,Glamaker,2026-08-16,2026-11-20,10.00%,5000.0,5000.0,19,800,false
"[B0FDK5C1QD, B0FDK9D3H2]",amzn1.campaign.1UX0JRJ3HK8QF,Washable NonSlip Mat Creator Promo-2026/08/11,GENIMO,2026-08-13,2026-11-14,10.00%,5000.0,5000.0,59,800,false
[B0GXRNX446],amzn1.campaign.1HVGQM3VBL5FY,"Montessori Farm Animals Busy Book, Toddler Sensory Quiet Travel Toys for 1-4",KAWITLO,2026-08-13,2027-08-13,10.00%,5000.0,4997.52,19,800,false
"[B0H1ZMJP2J, B0GZYW4TCT, B0GZZ5DBFV]",amzn1.campaign.19TZ43AFS8GE8,9/12 Inch Square Catch Basin Drain Grate,Avanhitch,2026-08-13,2027-06-30,10.00%,5000.0,4992.4,20,800,false
"[B0FJY686MC, B0FJY98QDQ, B0FJY2RCKB, B0FJY6487N]",amzn1.campaign.271RJEZ3VTQ0,HOT Deal! Teak Shower Bench with Shelf 🚀 -ZH-JBL,Compsia,2026-08-15,2026-10-01,10.00%,5000.0,5000.0,47,800,false
"[B0FDK5C1QD, B0FDK9D3H2]",amzn1.campaign.3ODT0XIOU4XAF,Washable NonSlip Mat Creator Promo-2026/08/11,GENIMO,2026-08-13,2026-11-13,10.00%,5000.0,5000.0,64,800,false
"[B0GSR39FXS, B0GSQX5M4Q, B0GSQWBL1S, B0GSQMV4TV, B0GXVV798V, B0GSQJXGH2, B0GXVTDGMP, B0GXVQNPG4]",amzn1.campaign.2TFJKRCCKR7TC,GooCare Summer Pet Cooling Essentials,GooCare,2026-08-13,2026-09-30,10.00%,10000.0,9970.68,9,800,false
"[B0DK1G1GJM, B0F6MJ7YXT, B0DZ58JVLC, B0DSDZZ73M, B0GZ3DB5W3, B0GZ3D93VB, B0DSDYT6GR, B0DSDX49G3, B0DZ5H2H5Y, B0F8J5Z67M, B0GZ3KHVLL, B0F6MJ1M1F, B0DK1BQM9N, B0DSDX1G2T, B0DSDXHQ28, B0DZ643QLN, B0DSDVYDF7, B0DSF1VQHH, B0GZ3CNBYT, B0DSDW7WLJ, B0F8J7WJX8, B0GYXSD739, B0GZ3M9SMD, B0GZ3FGZ87, B0F6MJJ3NX, B0DZ5R1JR8, B0DZ63YL5S, B0GZ3H5L9Z, B0F6MJC3Y7, B0F6MJYFXM, B0F6MJG69X, B0DZ648S1N, B0DSDWSGQZ, B0DK1F7WF7, B0GZ3DBFB4, B0DK1FL4C8, B0F6MK1B34, B0DZ5PDBNG, B0GZ3GKKW3, B0DSDX9C5X, B0GZ3Q488H, B0DSDT3XKD, B0F23F8CHK, B0DK1DRVTB, B0F8J54RTP, B0F6MMLDY7, B0DSDYRZZT, B0DK1FB8WZ, B0DK1CY53Q, B0DSDZC5C4, B0GZ3FV7YV, B0GZ3K9Z5H, B0DSDY31FB, B0F6MML6SK, B0F6MJQBYV, B0DZ5V7JQ2, B0DSF1M9FC, B0DZ5NXZ11, B0DK1DHQ8F, B0DSDX4T53, B0F6MJXNM5, B0DK1CZVYT, B0DZ54ZGJ9, B0DK1DHQ8G, B0DZ5YW1S1, B0F6MJ1SB7, B0DK1D5NSK, B0DZ64DQWJ, B0F6MJRTS6, B0DK1CZT4L, B0F8J51QR8, B0GZ37LCX3, B0DSDYF48S, B0GZ3LK9L9, B0DZ5TF6H8, B0DSF18PQT, B0DZ6C5W95, B0GZ3PVXHK, B0DK1CJJQ3, B0DZ5VX24M, B0DK1CT62H, B0DZ6113W1, B0F6MMQFVG, B0F6MK1BVR, B0DZ5V33DF, B0GZ3HY59F, B0DK1D59Y7, B0DK1D1LZB, B0DSDVS5G2, B0DK1CD33K, B0F6MMQJ5P, B0F6MJLQ7Y, B0F6MJNS5W, B0DK1CN2D8, B0DK1CSDHM, B0DSDW3Z4J, B0F6MJQHXS, B0DZ5WKXXM, B0F6MHXRRY, B0F8J4L781, B0F8J4QX9K, B0DZ5BS4H5, B0DK1CHRCG, B0DZ5MQ95N, B0GZ3G7SM7, B0DSF1F45T, B0DSDX1XQZ, B0F8J4LJLS, B0DSF14QM4, B0DSDY38PX]",amzn1.campaign.2P24Z3LG8V0AO,VIMPUNEC Summer Crochet Tank Top for Vacation | 12% Commission #20,VIMPUNEC,2026-08-13,2026-10-02,12.00%,5000.0,5000.0,1,800,false
"[B0DS2HBBFC, B0DS2J6LBJ, B0DS2FXY6M, B0DS2HMY6H, B0DS2FDVN7, B0DS2G3CS8, B0DS2H4HLF, B0DS2FH3Z9, B0DS2GHBT1, B0DS2FQT1S, B0DS2GBN9W, B0DS2H1DR2]",amzn1.campaign.1MKEWO16HJ5ZA,HOT Deal: 💫 Glamaker Chic Denim Dress Collab -LW-M25DR0058,Glamaker,2026-08-16,2026-11-19,10.00%,5000.0,5000.0,10,800,false
"[B0G87S94CW, B0G87F978J, B0G8735S6W]",amzn1.campaign.1BX215AUJOXH,Real-Life Review: Hume Supernatural Body Wash - Finish and Daily Comfort,HUME SUPERNATURAL,2026-08-13,2027-06-05,15.50%,663076.0,663076.0,16,800,false
"[B0CHMR2LQR, B0D22YV2G2, B0D5QPB7HM, B0FMR1MS37, B0D22XDTNN, B0CPHR2RC8, B0GXCZXMZS, B0GXCSYBJT, B0G3ZKP3YQ, B0CWRVRTQS, B0CWRTG9SR, B0CHMNLVWC, B0FMR1738J, B0FMR17SXJ, B0GXCXCJVX, B0D22Z944P, B0GXDCLDG4, B0FMR12Y6N, B0CHMP52N3, B0CRRWPNBQ, B0D22TZQ4B, B0CRRWCVZ4, B0D22W8SDR, B0D22XWKV5, B0GXD5GNL4, B0DK6S76LR, B0D22ZT4PB, B0CRV13T4F, B0G3ZLJLC8, B0D22ZRVY2, B0F8H7465X, B0FMQZZLBB, B0H6Z4WKTG, B0D22YDZS5, B0FRFNJ1YF, B0D5QQYKS3, B0DK6QDZ55, B0CWRWYTWL, B0G3ZRFKG5, B0CPHN33CN, B0G3ZM1Z7X, B0F8HTS2RC, B0GXDC42M7, B0G3ZRPTGJ, B0G3ZS99FQ, B0H6Z7Y89B, B0GXDFPZVS, B0GXD46PKM, B0GXD6656K, B0D7ZT18LK, B0CWRVFHFL, B0D22XDQNL, B0GXCXTNJ2, B0D22ZVBCV, B0G3ZMSTYB, B0FMR1V7FW, B0GXD2HW3S, B0CRRWRTF4, B0G3ZNT27F, B0D7ZVCXNV, B0CWRWYPXJ, B0G3ZNLHC4, B0D22Y6QZ4, B0D22ZLTQ5, B0CWRVFJ5H, B0CPHTB4DR, B0CHMN3149, B0FMR23XZ2, B0G3ZQCTL8, B0G3ZKYMNP, B0F8HLGRTX, B0FRF4Q28M, B0G3ZMYC69, B0GXCZY9T3, B0GXD2L87P, B0GXD5V9FW]",amzn1.campaign.1AZ55EKQD7SIC,Limited Time Deal! 40% Savings Inside-YL-KCJ,PureCozy,2026-08-14,2026-10-18,10.00%,5000.0,5000.0,17,800,false
"[B0DYVC1S69, B0DYV1YM3M, B0DYV756PB, B0DYVFLJWZ, B0DYV2RYTJ, B0DYV2MMNW, B0DYV99B7X, B0DYV5MG3Z]",amzn1.campaign.36E8ZKL9I3L7A,Vintage Washable NonSlip Rug Creator Promo-2026/08/11,GENIMO,2026-08-13,2026-11-16,10.00%,5000.0,5000.0,45,800,false
"[B0DS2HBBFC, B0DS2J6LBJ, B0DS2FXY6M, B0DS2HMY6H, B0DS2FDVN7, B0DS2G3CS8, B0DS2H4HLF, B0DS2FH3Z9, B0DS2GHBT1, B0DS2FQT1S, B0DS2GBN9W, B0DS2H1DR2]",amzn1.campaign.U3WL9SC8F7Y5,Great Deal: 🔥 Glamaker Sleeveless Overall Invite -LW-M25DR0058,Glamaker,2026-08-16,2026-11-18,10.00%,5000.0,5000.0,20,800,false
"[B0FJY686MC, B0FJY98QDQ, B0FJY2RCKB, B0FJY6487N]",amzn1.campaign.5XYB8G770U9H,Great Deal! Waterproof Teak Shower Stool 🛁 -ZH-JBL,Compsia,2026-08-15,2026-09-30,10.00%,5000.0,5000.0,51,800,false
"[B0DYVC1S69, B0DYV1YM3M, B0DYV756PB, B0DYVFLJWZ, B0DYV2RYTJ, B0DYV2MMNW, B0DYV99B7X, B0DYV5MG3Z]",amzn1.campaign.2UMB4YASP5A15,Vintage Washable NonSlip Rug Creator Promo-2026/08/11,GENIMO,2026-08-13,2026-11-15,10.00%,5000.0,5000.0,52,800,false
"[B0DS2HBBFC, B0DS2J6LBJ, B0DS2FXY6M, B0DS2HMY6H, B0DS2FDVN7, B0DS2G3CS8, B0DS2H4HLF, B0DS2FH3Z9, B0DS2GHBT1, B0DS2FQT1S, B0DS2GBN9W, B0DS2H1DR2]",amzn1.campaign.6GA84I1OTOPA,Limited Time Deal: ✨ Glamaker Jean Mini -LW-M25DR0058,Glamaker,2026-08-16,2026-11-17,10.00%,5000.0,5000.0,19,800,false
"[B0FJY686MC, B0FJY98QDQ, B0FJY2RCKB, B0FJY6487N]",amzn1.campaign.2LX0IMQUQT4T1,Limited Time Deal! Teak Shower Stool 300 lbs 🚿 -ZH-JBL,Compsia,2026-08-15,2026-09-29,10.00%,5000.0,5000.0,48,800,false
"[B0DYDTMW5F, B0F6MKH377, B0F6ML492J, B0GVY8PYMB, B0DPQQHXSK, B0F62Q91HF, B0F62W4X4T, B0DQXZMGMH, B0F6ML5SBQ, B0F6MK4Y5N, B0DQY293Y2, B0DQXY7RPP, B0DPQS5LTL, B0DPQQVWQT, B0DYJW4NXR, B0DPQQT5TX, B0DQY1NHWT, B0DQXZQPRS, B0DX249WKW, B0DYJWMSQ9, B0DYJW7J78, B0DYDTNYVT, B0DJ973GGW, B0F62ZGXM3, B0DJ972CJY, B0DQXXZWN9, B0F62TK71F, B0DQXXZWMX, B0DJ96TGS6, B0DQY1RS3F, B0DYDRV3J3, B0F6MMGYPL, B0DJ968Y43, B0DYJSZGZJ, B0GWQNCV79, B0GWQP8DV2, B0DYJS67LZ, B0DPQQGBHT, B0F6ML14CH, B0GVYDDZMJ, B0GWQS6D3T, B0DPQP2X9C, B0DYJW69FC, B0GWQLMT5M, B0DX22PLF2, B0DYJW7PYB, B0DJ969Q95, B0DYJTLW74, B0DYJTKFHX, B0DYDTT492, B0GWQP5T4C, B0DYDTGT6B, B0DPQNQJQV, B0GVYP9N9F, B0DJ95Z52Z, B0F6MMH14S, B0DPQS9CTS, B0GVYLVYBF, B0F6MKYMBS, B0DPQRXN24, B0GVY52GYT, B0F6MR7H76, B0DPQPKGTQ, B0DYJVP6HP, B0DYDTDNTS, B0DJ978KSH, B0DPQQ175K, B0DJ95W8J5, B0DPQS8LPC, B0DPQR2YWF, B0DQY5DVWH, B0DYDRV89D, B0DJ95JXFJ, B0DJ974KH3, B0F6MP1NKF, B0DJ97NKB7, B0DYDRL9Z6, B0DQY33FXT, B0DQXX8QJF, B0GVYJXLWH, B0DJ96CYZ6, B0GVYD5BHN, B0GWQPD2HG, B0DJ963XFD, B0DQXXXX9X, B0DQY1DW7L, B0F6MJP53X, B0DX23V75X, B0GVYC9Q3R, B0DYJVYV1G, B0F6MMX8VP, B0GWQSLBMC, B0DYJVLQ6V, B0F6MMWLXH, B0DQY275W7, B0DYDX91TS, B0DS9KN84Z, B0DYJWTYC9, B0GVY7Q75Z, B0DQY182TB, B0DPQQLBW9, B0F62TK8H7, B0F6ML3S75, B0DYDS9DQQ, B0DWMYFHLR, B0DYJTY991, B0F6MMNGL6, B0DPQSHH77, B0DPQSBC5X, B0DJ961DLB, B0DYJV23YS, B0DQXWS8WH, B0DS9MKX18, B0GWQQJVYN, B0GWQRTC8L, B0F62ZV4QV, B0DJ95XX2H, B0DYDWLVBV, B0DJ95YRL4, B0DPQR9ZKC, B0GWQQ4TPG, B0DPQRG5P1, B0GVY74768, B0DYJVGTZQ, B0DPQPQXPN, B0DPQNTBTQ, B0F6MK57X7, B0GVYY53TP, B0GVYFVNCN, B0DYDQZBDF, B0DPQPTP6S]",amzn1.campaign.CX0D38QW4NBW,VIMPUNEC One Piece Swim Dress for Vacation & Pool | 15% Commission #21,VIMPUNEC,2026-08-13,2026-10-03,15.00%,5000.0,5000.0,15,800,false
"[B0DYVC1S69, B0DYV1YM3M, B0DYV756PB, B0DYVFLJWZ, B0DYV2RYTJ, B0DYV2MMNW, B0DYV99B7X, B0DYV5MG3Z]",amzn1.campaign.31ENG5IOTXDDV,Vintage Washable NonSlip Rug Creator Promo-2026/08/11,GENIMO,2026-08-13,2026-11-14,10.00%,5000.0,5000.0,55,800,false
"[B09Q4Q4XFH, B09RTS11KK, B0BV1C73PX, B08X4X3ZZ9, B0B3Q7GNSV]",amzn1.campaign.F2GTXKS9Z735,Real-Life Review: Hume Desert Bloom Deodorant - Finish and Daily Comfort,HUME SUPERNATURAL,2026-08-13,2027-06-05,15.50%,662269.0,662269.0,11,800,false
"[B091MLSF82, B08CSTT8B7, B08DWJS48C, B09FJ44DHC, B0D3NRQ3WG, B08H7RJRYG, B08GY8HJZX, B08DWB5LWP, B00ICVHYSA, B0DJCCZDVZ, B09FJ6CQ1F, B08H8FQBP9, B09K91QLYL, B07KNBPZHS, B09K8ZR6H2, B09FJ5XZ2L, B08F4Y1JFS, B08H8KDBZM, B08DW49KN3, B09FJ4LZQS, B08DVZG2BM, B09FJ5GTM1, B097FDNF7D, B08H8KQ3GW, B09FJ5JS9X, B09FJ4PP3S, B091MDJ36L, B0DJ3FGJZV, B0DJ3G3NSZ, B0D3NMMZRT, B08H7M99TQ, B08H8N4KCH, B097FDQWKW, B08CSTCP62, B08GYGYGKQ, B08H87C4HM, B07KX825YR, B07KX7VS49, B07KX7C4Y7, B09FJ3WM29, B08GY18RSY, B09K8Z4Z15, B08GY6Y7R4, B0DJCDH17B, B09K96LY3P, B08HBX886G]",amzn1.campaign.285VDR9OFXV75,"Practical Review: Grinds Coffee Pouches - Prep, Flavor, Daily Use",GRINDS,2026-08-13,2027-03-08,13.00%,635278.0,635278.0,15,800,false
"[B0FJY686MC, B0FJY98QDQ, B0FJY2RCKB, B0FJY6487N]",amzn1.campaign.39VE0GJTEKOHV,HOT Deal! Teak Bathroom Stool with Handle 🛀 -ZH-JBL,Compsia,2026-08-15,2026-09-28,10.00%,5000.0,5000.0,47,800,false
"[B0DP1HPL24, B0DP1P2TPK, B0DNKJ5CDV, B0DNKHS439]",amzn1.campaign.12TSIFW66KEVO,Creator Challenge: Hydrofy Hydrogen Electrolytes - Flavor and Mixability,Hydrofy,2026-08-13,2027-03-11,14.00%,652483.0,652483.0,0,800,false
"[B0D81G3KVS, B0DS2J6LBJ, B0DS2FDVN7, B0DS2G3CS8, B0DS2GBN9W, B0D81CYGYP, B0D81HTPJ3, B0D81FTBBS, B0DS2FH3Z9, B0D81HZ98N, B0D81GS52P, B0DS2FXY6M, B0D81GBBMG, B0D81CRCY7, B0DS2HBBFC, B0D81HKKMN, B0D81CZN2F, B0DS2HMY6H, B0D7ZB1J8W, B0DS2H4HLF, B0D81GZ1GT, B0DS2GHBT1, B0DS2FQT1S, B0D81HGVHY, B0DS2H1DR2]",amzn1.campaign.2OCI3WJMTKGQF,HOT Deal: 🌟 Glamaker Denim Pinafore Collab -LW-M25DR0058,Glamaker,2026-08-16,2027-02-16,10.00%,5000.0,5000.0,0,800,false
"[B0DYVC1S69, B0DYV1YM3M, B0DYV756PB, B0DYVFLJWZ, B0DYV2RYTJ, B0DYV2MMNW, B0DYV99B7X, B0DYV5MG3Z]",amzn1.campaign.1DPWKBYUEPZOV,Vintage Washable NonSlip Rug Creator Promo-2026/08/11,GENIMO,2026-08-13,2026-11-13,10.00%,5000.0,5000.0,54,800,false
"[B0FJY686MC, B0FJY98QDQ, B0FJY2RCKB, B0FJY6487N]",amzn1.campaign.31E4XGY5CO9UC,Great Deal! Waterproof Teak Shower Bench 🚀 -ZH-JBL,Compsia,2026-08-15,2026-09-27,10.00%,5000.0,5000.0,49,800,false
"[B0G392B1CY, B0G38YYWW3, B0G392NXQS, B0G38Z98PF, B0G395M8K6, B0G394S3NT, B0G3925RL7, B0G394W87X, B0G3927VKW, B0G394SQWT, B0G395CVR3, B0G392JFR6, B0G392CZ8W, B0G393H38R, B0G394S3NG, B0G392LB75, B0G394VTB4, B0G392PZHN, B0G392BXB1, B0G395PJJD, B0G392R6J7, B0G39568CF, B0G3916TZ6, B0G393KSMX, B0G393R6KS, B0G39437P7, B0G3955TSK, B0G38YLLM1, B0G3964HJ7, B0G392JWCK, B0G392V6XZ, B0G3965JHM, B0G391MN94, B0G392JXKL, B0G392W7XB]",amzn1.campaign.1FBTDHV0MGVSG,Multi-Arch Support Insoles | Amazon Creator Partnership Recruitment,TECRUN,2026-08-13,2027-08-10,20.00%,5000.0,5000.0,5,800,false
"[B0DYVB1H2D, B0DYV5P7NS, B0DYV4VM98, B0DYV9PQRY, B0DYVDRF9Y, B0DYV2V75V, B0DYTVBJGS, B0DYTQCLBZ, B0DYTXY2HB, B0DYTY4P2G, B0DYVFXS5C, B0DYTS1ZHN]",amzn1.campaign.36I78N7YZ0SLN,Boho Washable NonSlip Rug Creator Promo-2026/08/11,GENIMO,2026-08-13,2026-11-16,10.00%,5000.0,5000.0,44,800,false
[B0HCF4W1V3],amzn1.campaign.3OMBKHPZZ6DC,12% commission smart desktop aquarium,JOVJOYER,2026-08-13,2027-05-31,12.00%,5000.0,5000.0,34,800,false
"[B0FJY686MC, B0FJY98QDQ, B0FJY2RCKB, B0FJY6487N]",amzn1.campaign.1HX3IQM0ZJ99H,Limited Time Deal! Teak Shower Stool with Shelf 🛁 -ZH-JBL,Compsia,2026-08-15,2026-09-26,10.00%,5000.0,5000.0,47,800,false
"[B0CCP5PF98, B0D5CW3XGC, B0CCP6R167, B0D7HGVTWS, B0D5CT63XY, B0CCP7Z44R, B0CCP5B434, B0C3VND32H, B0C3VNBD1L, B0D4MDDBWY, B0CCP5GPKZ, B0D4MC78S1, B0D7HGRC96, B0D5CV9NMV, B0D5CW2S82, B0CCP3NWTK, B0D7D3TDC9, B0D5CTJFP8, B0CCP6G9D1, B0D4MF7X8R, B0CCP5GKFP, B0D4MBGXWB, B0CCP7C8QX, B0CCP4H5R6, B0CCP51M8K, B0D4MD5SW2, B0D7HGJ7Y9, B0D4MFG9TD, B0CCP57VLY, B0D7HHZ9PQ, B0D4MCZBCX, B0D5CSLMH9, B0D4MCP8ZY, B0D5CRKSVR, B0D7D3SFXM, B0CCP4QNWQ, B0CCP4RHDK, B0C3VN7ZH2, B0D7HD6MPC, B0D7HG575C, B0CCP5RHF1, B0CCP5QV4H, B0D7HJKC1J, B0CCP63D5W, B0D5CTTD7N, B0D4MCVG24, B0D4MD2GQH, B0CCP5M57Q, B0D4MD3K5N, B0C3VLVM1D, B0D4MD9XMZ, B0C3VN5KCC, B0D4MF347Q, B0D4MG6YCH]",amzn1.campaign.1OSDFATBN2F6T,VIMPUNEC Wedding Guest Halter Mini Dress | 15% Commission #20,VIMPUNEC,2026-08-13,2026-10-02,15.00%,5000.0,5000.0,3,800,false
"[B0DYVB1H2D, B0DYV5P7NS, B0DYV4VM98, B0DYV9PQRY, B0DYVDRF9Y, B0DYV2V75V, B0DYTVBJGS, B0DYTQCLBZ, B0DYTXY2HB, B0DYTY4P2G, B0DYVFXS5C, B0DYTS1ZHN]",amzn1.campaign.1FAU5I4JIHVFL,Boho Washable NonSlip Rug Creator Promo-2026/08/11,GENIMO,2026-08-13,2026-11-15,10.00%,5000.0,5000.0,46,800,false
"[B0G87S94CW, B0G87F978J, B0G8735S6W]",amzn1.campaign.EWMPDC17EHBV,Real-Life Review: Hume Supernatural Body Wash - First Use to Honest Take,HUME SUPERNATURAL,2026-08-13,2027-06-02,15.00%,656615.0,656615.0,22,800,false
[B0G5WFQ37N],amzn1.campaign.1CF42D27UM4YA,12% commission turtle tank basking platform,JOVJOYER,2026-08-13,2027-05-31,12.00%,5000.0,5000.0,34,800,false
"[B0FJY686MC, B0FJY98QDQ, B0FJY2RCKB, B0FJY6487N]",amzn1.campaign.1HSQJ0NVWJPIF,HOT Deal! Waterproof Teak Shower Stool 🚿 -ZH-JBL,Compsia,2026-08-15,2026-09-25,10.00%,5000.0,5000.0,47,800,false
"[B0D81HZ98N, B0D81G3KVS, B0D81GS52P, B0D81GBBMG, B0D81CRCY7, B0D81CYGYP, B0D81HTPJ3, B0D81HKKMN, B0D81CZN2F, B0D7ZB1J8W, B0D81FTBBS, B0D81GZ1GT, B0D81HGVHY]",amzn1.campaign.26PYMVFR1Y90H,HOT Deal: Comfy Oversized Hoodie $14.99 — Partner! 🚀 -LW-M24TP0002,Glamaker,2026-08-16,2026-11-02,10.00%,5000.0,5000.0,0,800,false
"[B0DYVB1H2D, B0DYV5P7NS, B0DYV4VM98, B0DYV9PQRY, B0DYVDRF9Y, B0DYV2V75V, B0DYTVBJGS, B0DYTQCLBZ, B0DYTXY2HB, B0DYTY4P2G, B0DYVFXS5C, B0DYTS1ZHN]",amzn1.campaign.2QYGY837DA5ZM,Boho Washable NonSlip Rug Creator Promo-2026/08/11,GENIMO,2026-08-13,2026-11-14,10.00%,5000.0,5000.0,52,800,false
"[B0G1SSYQRH, B0G1SYPDCH, B0G1SXDGHZ, B0G1STWYRY, B0G1SXJM78, B0G1SY5Q49, B0G1SSGLZC, B0G1SWMT75, B0G1SVKZMJ]",amzn1.campaign.3NDVPWTZQ592H,Fun‑Focused 3D Wooden Puzzle for Adult Hobby Time,BLOCKABODE,2026-08-15,2027-02-01,15.00%,10000.0,10000.0,28,800,false
"[B0D81HZ98N, B0D81G3KVS, B0D81GS52P, B0D81GBBMG, B0D81CRCY7, B0D81CYGYP, B0D81HTPJ3, B0D81HKKMN, B0D81CZN2F, B0D7ZB1J8W, B0D81FTBBS, B0D81GZ1GT, B0D81HGVHY]",amzn1.campaign.34TSMEIWPI87L,Great Deal: $14.99 Cozy Oversized Hoodie Collab ✨ -LW-M24TP0002,Glamaker,2026-08-16,2026-11-01,10.00%,5000.0,5000.0,0,800,false
"[B0FY4DRL9Q, B0FSLQDY5D, B0FS39HDSW, B0H389M4NW, B0DWV7M97D, B0GQZSBGZ6, B0DWVB41YT, B0H2NN1NB2, B0GR124TZF, B0FSLQ12NV, B0DWVB3DT5, B0GQZL4B4Z, B0DK81C9LY, B0FS423VCQ, B0H3865MCZ, B0FY44ZMZB, B0FSLS1LF4]",amzn1.campaign.202ZGMYMT28BR,"Practical Review: Grinds Focus Energy Pouches - Unbox, Setup, Daily Use",GRINDS,2026-08-13,2027-03-07,12.00%,631133.0,631133.0,0,800,false
[B0H79FFDXL],amzn1.campaign.3C24OKQL339RM,12% commission sand and water table,JOVJOYER,2026-08-13,2027-05-31,12.00%,5000.0,5000.0,34,800,false
"[B0DKF27P61, B0DNV6FNQ4, B0DNV81WBR, B0DNV86Z77, B0DNV3YRLX]",amzn1.campaign.AM8YYNJSE5MS,Earn 20% Commission with High Demand Anti Snoring Nose Clip,SnoreLessNow,2026-08-13,2027-02-18,20.00%,1000000.0,1000000.0,6,800,false
"[B0DYVB1H2D, B0DYV5P7NS, B0DYV4VM98, B0DYV9PQRY, B0DYVDRF9Y, B0DYV2V75V, B0DYTVBJGS, B0DYTQCLBZ, B0DYTXY2HB, B0DYTY4P2G, B0DYVFXS5C, B0DYTS1ZHN]",amzn1.campaign.1JZISZV9UPM8W,Boho Washable NonSlip Rug Creator Promo-2026/08/11,GENIMO,2026-08-13,2026-11-13,10.00%,5000.0,5000.0,52,800,false
"[B0GWQDF29J, B0DYTYRNW9, B0CBC5JWG4, B0FDG88NM4, B0D4M9N627, B0FDG5NR5F, B0CBC6GCCN, B0GZMXKDTB, B0GZMY3FBY, B0D17QDX4S, B0GZMSC5G1, B0GWQ68X95, B0FDG866BP, B0GWQDGDSS, B0FDG7MFCC, B0FDG52T3D, B0GWQJ1LWC, B0GWQ5RH5R, B0GZMXCH41, B0CBBRGHRR, B0GZMY484C, B0DYV235LQ, B0GWQ8GMFR, B0FDG6BTHB, B0D17H1ND2, B0C5MSL65M, B0GZMPVD7H, B0GWQ1Y4CW, B0DYTMTWT3, B0C5MW39SD, B0D17T6YPQ, B0GWQHJTXZ, B0GZMMZH4D, B0GWQ99X7R, B0C5MVWX8X, B0FDG788SB, B0C5MY93BJ, B0GWQC7ZFH, B0FDG8CZ8N, B0D17HSJGR, B0GWQC2S6S, B0GWQBVBNT, B0D17G2VF3, B0GZN617X8, B0C14T6Y4N, B0FDG7MSBQ, B0GWQ8BDYT, B0GWQ9JF1D, B0GWQJTXSD, B0CYZX9PBJ, B0GZMVCD79, B0C5MSXW9N, B0D17GDNHY, B0GZMVSBCM, B0D17HN7ZT, B0GZMWRMPT, B0D17M6L3X, B0GZMXPC5F, B0D17GSDQF, B0GWQHD7GD, B0GWQBXYM8, B0CSCRLV1Q, B0C5MW556N, B0GWQCRKX2, B0FDG6BQ7B, B0C14TFGF6, B0GZMZZWZ5, B0CBBNVFKP, B0CSCQKXMK, B0CSCGPYSQ, B0FDG5VLF7, B0D17GGJQV, B0DYTY9F32, B0C5MVB833, B0CSD3FYC9, B0GWQ4BWSJ, B0FDG6BMG3, B0CBBNJFWY, B0D17G5QN8, B0D17R7C2X, B0GZMGW65F, B0D17HDC8M, B0GWQ43LRM, B0D17RV6N5, B0DYV4VYJB, B0DYTSCRL8, B0D4MB1T4F, B0GZN39TYJ, B0GZMV1WYH, B0DYVFVVZQ, B0D17JD221, B0GZMP5T67, B0GWQD3TC9, B0FDG62RT2, B0C14QCYVL, B0CBC8VHYX, B0GWQHC42B, B0FDG8NX7X, B0GWQ94MFD, B0D17G9WFW, B0D17RMSTV, B0CBBNSPYG, B0GWQHKRNF, B0DYV85BS1, B0CSCYV13H, B0GWQGL9HL, B0C14R6YBB, B0CBBPTYY5, B0C5MWFVWL, B0GWQ543CY, B0GZN1Y57K, B0C14SL78K, B0GWQFD12V, B0C5MT2LDL, B0GWQJGGTP, B0D17G2VJT, B0D17GJSV4, B0GWQ81WVN, B0CYZZKK6C, B0GZMZ4VB2, B0GWQ9MKNR, B0GZN388WG, B0FDG88TBT, B0D17J9YNR]",amzn1.campaign.3KB1JYZCILJRW,VIMPUNEC Off Shoulder Blouse for Vacation & Beach | 12% Commission #23,VIMPUNEC,2026-08-13,2026-10-05,12.00%,5000.0,5000.0,17,800,false
"[B0D81HZ98N, B0D81G3KVS, B0D81GS52P, B0D81GBBMG, B0D81CRCY7, B0D81CYGYP, B0D81HTPJ3, B0D81HKKMN, B0D81CZN2F, B0D7ZB1J8W, B0D81FTBBS, B0D81GZ1GT, B0D81HGVHY]",amzn1.campaign.19BK4B0I8BF6X,Limited Time Deal: $14.99 Oversized Hoodie — Collab 🧥 -LW-M24TP0002,Glamaker,2026-08-16,2026-11-30,10.00%,5000.0,5000.0,0,800,false
[B0G67GSW7C],amzn1.campaign.2PSPNW2P96G96,Passion Make It Thick Cream 1.5 Oz,PASSION LUBE,2026-08-13,2027-04-30,10.00%,5000.0,4998.4,23,800,false
"[B0DXTDGXNY, B0DXV13DT6, B0DXTP3QLZ, B0DXTTN9YW, B0DXT7GKZN, B0DXTXWFWN, B0DXVBJNZ8]",amzn1.campaign.1IHZOPLVJ3RHD,Modern Washable NonSlip Runner Creator Promo-2026/08/11,GENIMO,2026-08-13,2026-11-16,10.00%,5000.0,5000.0,43,800,false
"[B0GXKMSJZL, B0GXKS17PL, B0GXKLYP8Z, B0GXKQ3RD8, B0H7C7ZMZP]",amzn1.campaign.17FF8NUUZ2M5A,3/4/6 Inch Atrium Drain Grate-8月11日,Avanhitch,2026-08-13,2027-08-13,10.00%,5000.0,4995.2,27,800,false
"[B09Q4Q4XFH, B09RTS11KK, B0BV1C73PX, B08X4X3ZZ9, B0B3Q7GNSV]",amzn1.campaign.1NXA7OPSIVL0,Real-Life Review: Hume Desert Bloom Deodorant - First Use to Honest Take,HUME SUPERNATURAL,2026-08-13,2027-06-02,15.00%,656798.0,656798.0,11,800,false
"[B0DXTDGXNY, B0DXV13DT6, B0DXTP3QLZ, B0DXTTN9YW, B0DXT7GKZN, B0DXTXWFWN, B0DXVBJNZ8]",amzn1.campaign.16IX8ZNHZ6T17,Modern Washable NonSlip Runner Creator Promo-2026/08/11,GENIMO,2026-08-13,2026-11-15,10.00%,5000.0,5000.0,50,800,false
"[B0D81HZ98N, B0D81G3KVS, B0D81GS52P, B0D81GBBMG, B0D81CRCY7, B0D81CYGYP, B0D81HTPJ3, B0D81HKKMN, B0D81CZN2F, B0D7ZB1J8W, B0D81FTBBS, B0D81GZ1GT, B0D81HGVHY]",amzn1.campaign.135D4KSHIPHVX,HOT Deal: Stylish Oversized Hoodie $14.99 🤍 -LW-M24TP0002,Glamaker,2026-08-16,2027-05-29,10.00%,5000.0,5000.0,0,800,false
"[B0CHMR2LQR, B0D22YV2G2, B0D5QPB7HM, B0FMR1MS37, B0D22XDTNN, B0CPHR2RC8, B0GXCZXMZS, B0GXCSYBJT, B0G3ZKP3YQ, B0CWRVRTQS, B0CWRTG9SR, B0CHMNLVWC, B0FMR1738J, B0FMR17SXJ, B0GXCXCJVX, B0D22Z944P, B0GXDCLDG4, B0FMR12Y6N, B0CHMP52N3, B0CRRWPNBQ, B0D22TZQ4B, B0CRRWCVZ4, B0D22W8SDR, B0D22XWKV5, B0GXD5GNL4, B0DK6S76LR, B0D22ZT4PB, B0CRV13T4F, B0G3ZLJLC8, B0D22ZRVY2, B0F8H7465X, B0FMQZZLBB, B0H6Z4WKTG, B0D22YDZS5, B0FRFNJ1YF, B0D5QQYKS3, B0DK6QDZ55, B0CWRWYTWL, B0G3ZRFKG5, B0CPHN33CN, B0G3ZM1Z7X, B0F8HTS2RC, B0GXDC42M7, B0G3ZRPTGJ, B0G3ZS99FQ, B0H6Z7Y89B, B0GXDFPZVS, B0GXD46PKM, B0GXD6656K, B0D7ZT18LK, B0CWRVFHFL, B0D22XDQNL, B0GXCXTNJ2, B0D22ZVBCV, B0G3ZMSTYB, B0FMR1V7FW, B0GXD2HW3S, B0CRRWRTF4, B0G3ZNT27F, B0D7ZVCXNV, B0CWRWYPXJ, B0G3ZNLHC4, B0D22Y6QZ4, B0D22ZLTQ5, B0CWRVFJ5H, B0CPHTB4DR, B0CHMN3149, B0FMR23XZ2, B0G3ZQCTL8, B0G3ZKYMNP, B0F8HLGRTX, B0FRF4Q28M, B0G3ZMYC69, B0GXCZY9T3, B0GXD2L87P, B0GXD5V9FW]",amzn1.campaign.2XO5RJX9U4T3O,HOT Deal! Cozy Home Rug Offer-YL-KCJ,PureCozy,2026-08-14,2026-10-17,10.00%,5000.0,5000.0,17,800,false
"[B0DXTDGXNY, B0DXV13DT6, B0DXTP3QLZ, B0DXTTN9YW, B0DXT7GKZN, B0DXTXWFWN, B0DXVBJNZ8]",amzn1.campaign.3UNXJP0ZAHCT1,Modern Washable NonSlip Runner Creator Promo-2026/08/11,GENIMO,2026-08-13,2026-11-14,10.00%,5000.0,5000.0,57,800,false
"[B0DJ91NQCP, B0DJ8ZSVBR, B0FGDBH1QY, B0DCZKBRRJ, B0DCZHSP2Q, B0DCZJC474, B0FGDCFHQZ, B0DJ8Y915J, B0DCZJXF9D, B0DCZH4TZL, B0FGDD8HJQ, B0FGDBWTRX, B0DCZHYKPB, B0FGDDKH1R, B0DJ917GXK, B0DCZKGRCN, B0FGDCRT22, B0FGD94H97, B0FGDD66VW, B0FGDCVJ6D, B0DJ92466D, B0DJ91HDBX, B0DCZK2W5Z, B0FGDD74KW, B0DCZHTGGC, B0DCZJ6P24, B0DCZHXZYV, B0DJ91ZLD8, B0FGD99NVL, B0DCZHLGCL, B0DCZL7WD1, B0FGD9WK9Y, B0DJ8ZQ2PG, B0FGDDD2S3, B0DCZGNQHR, B0FGD9YJX9, B0DJ91MN9Y, B0DCZKPL6P, B0DJ929FWX, B0FGDBLW2W, B0DCZJLQZ6, B0DJ8XLMSP, B0FGD97GHK, B0FGDD9VRX, B0DCZJRVP2, B0DCZLY58B, B0FGDD263T, B0FGDFR5NV, B0DCZGKK58, B0DJ92GQ84, B0DCZJHNFF, B0FGDD9VRS]",amzn1.campaign.D07HWZZCLW95,VIMPUNEC Long Cardigan for Work & Weekend | 12% Commission #25,VIMPUNEC,2026-08-13,2026-10-07,12.00%,5000.0,5000.0,13,800,false
[B0H4LZX9KN],amzn1.campaign.15F7W950IR8F8,Passion Stay Hard Lidocaine Gel 1.5 Oz,PASSION LUBE,2026-08-13,2027-04-30,10.00%,5000.0,4992.64,24,800,false
"[B091MLSF82, B08CSTT8B7, B08DWJS48C, B09FJ44DHC, B0D3NRQ3WG, B08H7RJRYG, B08GY8HJZX, B08DWB5LWP, B00ICVHYSA, B0DJCCZDVZ, B09FJ6CQ1F, B08H8FQBP9, B09K91QLYL, B07KNBPZHS, B09K8ZR6H2, B09FJ5XZ2L, B08F4Y1JFS, B08H8KDBZM, B08DW49KN3, B09FJ4LZQS, B08DVZG2BM, B09FJ5GTM1, B097FDNF7D, B08H8KQ3GW, B09FJ5JS9X, B09FJ4PP3S, B091MDJ36L, B0DJ3FGJZV, B0DJ3G3NSZ, B0D3NMMZRT, B08H7M99TQ, B08H8N4KCH, B097FDQWKW, B08CSTCP62, B08GYGYGKQ, B08H87C4HM, B07KX825YR, B07KX7VS49, B07KX7C4Y7, B09FJ3WM29, B08GY18RSY, B09K8Z4Z15, B08GY6Y7R4, B0DJCDH17B, B09K96LY3P, B08HBX886G]",amzn1.campaign.2TCA94O6LQSS8,Practical Review: Grinds Coffee Pouches - Taste-Test What Matters,GRINDS,2026-08-13,2027-03-07,12.50%,630854.0,630854.0,17,800,false
"[B0DXTDGXNY, B0DXV13DT6, B0DXTP3QLZ, B0DXTTN9YW, B0DXT7GKZN, B0DXTXWFWN, B0DXVBJNZ8]",amzn1.campaign.UXIVGF5C4L54,Modern Washable NonSlip Runner Creator Promo-2026/08/11,GENIMO,2026-08-13,2026-11-13,10.00%,5000.0,5000.0,58,800,false
[B0D94M6S61],amzn1.campaign.2XTA2W81Q61II,VIORY Garcinia Cambogia Patches – 15% Commission – Men & Women's Wellness,VIORY,2026-08-13,2027-08-13,15.00%,5000.0,5000.0,30,800,false
"[B0FH45QGX4, B0FGYDVDDL, B0GXB6WH7M, B0F6T1DF2M, B0F4MJQ3BF, B0FKGKCV3D, B0FH3YY55D, B0GVRXBJYM, B0FH43LK93, B0FH4F8C7S, B0FKGH8M4W, B0GVFDY3C3, B0GVRZDW8B, B0GVRWPK57, B0F42NQZ9F, B0GX5C6ZDS, B0F6TVY3SS, B0F4MHGJCX, B0F82HLQPW, B0FGYFT2Z1, B0F6TVNK79, B0GSTLY4X5, B0GVRYZ6CR, B0FGYGHWF9, B0GVFLHWYB, B0F42MVXLM, B0F32ZXC6R, B0GSTYNP1D, B0DG21MYT5, B0FKGKL5KJ, B0GWXM8XR7, B0FKGHTSG4, B0GVRXT21Z, B0GVS2PXLL, B0F6TVGW2Q, B0F4ML87VP, B0FGYHXDCK, B0GX4W8F5H, B0FGYDCH2B, B0GTZ1V82Q, B0F4ML49RV, B0F8312V4S, B0GVS52KRS, B0F6TVF7Q5, B0F332LB77, B0D95R6JB8, B0FGYC77H8, B0FH4GQ7QX, B0GVRXDHLJ, B0F83242PT, B0F83B7KKH, B0F331XHL1, B0GVFMJNC4, B0GSTJN55R, B0FGYJ4YBB, B0F6TBGQZB, B0GSTM1JX4, B0FGYFVR82, B0GWXKCFFV, B0GTYZ74RN, B0FH42WR6H, B0GX56XWJM, B0F331NJJR, B0F6T1CFMN, B0FGYFFL7N, B0GX5385LS, B0FGYFJ1C9, B0F6TKYD76, B0FH4PYSCQ, B0FGYD1P2V, B0GVRQ4CPW, B0FKGHHBP4, B0GVRTL145, B0GVRTKKFL, B0FGYCDZG2, B0GTZ4JXXB, B0GVS4WZLV, B0GTYXN81M, B0FH4PQDRR]",amzn1.campaign.3P39DUOCVN6KJ,Earn high commissions - promote TUREAU fashion!-M,TUREAU,2026-08-14,2027-07-07,10.00%,5000.0,5000.0,48,800,false
"[B0DXV53GM1, B0DXTXYB8Q, B0DXTRTCBS, B0DXTXGHHC, B0DXVDMWQH, B0DXTM5VGT]",amzn1.campaign.3DBIU26BFIW4A,Modern Washable NonSlip LowPile Rug Creator Promo-2026/08/11,GENIMO,2026-08-13,2026-11-16,10.00%,5000.0,5000.0,48,800,false
"[B0D81HZ98N, B0D81G3KVS, B0D81GS52P, B0D81GBBMG, B0D81CRCY7, B0D81CYGYP, B0D81HTPJ3, B0D81HKKMN, B0D81CZN2F, B0D7ZB1J8W, B0D81FTBBS, B0D81GZ1GT, B0D81HGVHY]",amzn1.campaign.2EQC6WNHTZQ24,HOT Deal: Affordable Oversized Hoodie $14.99 🎯 -LW-M24TP0002,Glamaker,2026-08-16,2026-11-26,10.00%,5000.0,5000.0,0,800,false
"[B0FH45QGX4, B0FGYDVDDL, B0GXB6WH7M, B0F6T1DF2M, B0F4MJQ3BF, B0FKGKCV3D, B0FH3YY55D, B0GVRXBJYM, B0FH43LK93, B0FH4F8C7S, B0FKGH8M4W, B0GVFDY3C3, B0GVRZDW8B, B0GVRWPK57, B0F42NQZ9F, B0GX5C6ZDS, B0F6TVY3SS, B0F4MHGJCX, B0F82HLQPW, B0FGYFT2Z1, B0F6TVNK79, B0GSTLY4X5, B0GVRYZ6CR, B0FGYGHWF9, B0GVFLHWYB, B0F42MVXLM, B0F32ZXC6R, B0GSTYNP1D, B0DG21MYT5, B0FKGKL5KJ, B0GWXM8XR7, B0FKGHTSG4, B0GVRXT21Z, B0GVS2PXLL, B0F6TVGW2Q, B0F4ML87VP, B0FGYHXDCK, B0GX4W8F5H, B0FGYDCH2B, B0GTZ1V82Q, B0F4ML49RV, B0F8312V4S, B0GVS52KRS, B0F6TVF7Q5, B0F332LB77, B0D95R6JB8, B0FGYC77H8, B0FH4GQ7QX, B0GVRXDHLJ, B0F83242PT, B0F83B7KKH, B0F331XHL1, B0GVFMJNC4, B0GSTJN55R, B0FGYJ4YBB, B0F6TBGQZB, B0GSTM1JX4, B0FGYFVR82, B0GWXKCFFV, B0GTYZ74RN, B0FH42WR6H, B0GX56XWJM, B0F331NJJR, B0F6T1CFMN, B0FGYFFL7N, B0GX5385LS, B0FGYFJ1C9, B0F6TKYD76, B0FH4PYSCQ, B0FGYD1P2V, B0GVRQ4CPW, B0FKGHHBP4, B0GVRTL145, B0GVRTKKFL, B0FGYCDZG2, B0GTZ4JXXB, B0GVS4WZLV, B0GTYXN81M, B0FH4PQDRR]",amzn1.campaign.1LUXXQ393HF1F,Earn high commissions - promote TUREAU fashion!-M,TUREAU,2026-08-14,2027-07-06,10.00%,5000.0,5000.0,52,800,false
"[B0FH45QGX4, B0FGYDVDDL, B0GXB6WH7M, B0F6T1DF2M, B0F4MJQ3BF, B0FKGKCV3D, B0FH3YY55D, B0GVRXBJYM, B0FH43LK93, B0FH4F8C7S, B0FKGH8M4W, B0GVFDY3C3, B0GVRZDW8B, B0GVRWPK57, B0F42NQZ9F, B0GX5C6ZDS, B0F6TVY3SS, B0F4MHGJCX, B0F82HLQPW, B0FGYFT2Z1, B0F6TVNK79, B0GSTLY4X5, B0GVRYZ6CR, B0FGYGHWF9, B0GVFLHWYB, B0F42MVXLM, B0F32ZXC6R, B0GSTYNP1D, B0DG21MYT5, B0FKGKL5KJ, B0GWXM8XR7, B0FKGHTSG4, B0GVRXT21Z, B0GVS2PXLL, B0F6TVGW2Q, B0F4ML87VP, B0FGYHXDCK, B0GX4W8F5H, B0FGYDCH2B, B0GTZ1V82Q, B0F4ML49RV, B0F8312V4S, B0GVS52KRS, B0F6TVF7Q5, B0F332LB77, B0D95R6JB8, B0FGYC77H8, B0FH4GQ7QX, B0GVRXDHLJ, B0F83242PT, B0F83B7KKH, B0F331XHL1, B0GVFMJNC4, B0GSTJN55R, B0FGYJ4YBB, B0F6TBGQZB, B0GSTM1JX4, B0FGYFVR82, B0GWXKCFFV, B0GTYZ74RN, B0FH42WR6H, B0GX56XWJM, B0F331NJJR, B0F6T1CFMN, B0FGYFFL7N, B0GX5385LS, B0FGYFJ1C9, B0F6TKYD76, B0FH4PYSCQ, B0FGYD1P2V, B0GVRQ4CPW, B0FKGHHBP4, B0GVRTL145, B0GVRTKKFL, B0FGYCDZG2, B0GTZ4JXXB, B0GVS4WZLV, B0GTYXN81M, B0FH4PQDRR]",amzn1.campaign.1D1W8A5QU5XIL,Earn high commissions - promote TUREAU fashion!-M,TUREAU,2026-08-14,2027-07-05,10.00%,5000.0,5000.0,54,800,false
"[B0FN7RWH44, B0FWK7KYVW, B0FWK7QVM9, B0FWK95VVW, B0FN7QGD78, B0FN7NVNCG, B0FN7M28JG, B0FN7QLHZY, B0FWK7GS81, B0FN7P86CF, B0FWK6TTD4, B0FWK9DYZW, B0FWK8LJPK, B0FN7MZZ5Y, B0FWKB62DK, B0FN7R572G, B0FN7R2DZD, B0FN7R2LWB, B0FWK87WDQ, B0FN7MVY7C, B0FN7RRW9J, B0FN7MXRXL, B0FWK9VGTM, B0FWK7PHSC, B0FN7PTC5N, B0FWK5FF39, B0FWK8CXZK, B0FN7PV81P, B0FN7ST1MV, B0FN7QLP4H, B0FN7SLWXQ, B0FWK83BDP, B0FN7PDZ55, B0FN7SBS81, B0FWK83ZJ8, B0FWKBWXB1, B0FWKC64QB]",amzn1.campaign.3K5NBY6245HIJ,CiCiBird Long Cardigan Sweater for Work & Weekend | 12% Commission #19,CiCiBird,2026-08-13,2026-10-01,12.00%,5000.0,4958.31,10,800,false
[B0D94P7Q41],amzn1.campaign.3F41AIXURWTPJ,VIORY Energy Patches – 15% Commission – Men & Women's Wellness,VIORY,2026-08-13,2027-08-13,15.00%,5000.0,5000.0,31,800,false
"[B0FH45QGX4, B0FGYDVDDL, B0GXB6WH7M, B0F6T1DF2M, B0F4MJQ3BF, B0FKGKCV3D, B0FH3YY55D, B0GVRXBJYM, B0FH43LK93, B0FH4F8C7S, B0FKGH8M4W, B0GVFDY3C3, B0GVRZDW8B, B0GVRWPK57, B0F42NQZ9F, B0GX5C6ZDS, B0F6TVY3SS, B0F4MHGJCX, B0F82HLQPW, B0FGYFT2Z1, B0F6TVNK79, B0GSTLY4X5, B0GVRYZ6CR, B0FGYGHWF9, B0GVFLHWYB, B0F42MVXLM, B0F32ZXC6R, B0GSTYNP1D, B0DG21MYT5, B0FKGKL5KJ, B0GWXM8XR7, B0FKGHTSG4, B0GVRXT21Z, B0GVS2PXLL, B0F6TVGW2Q, B0F4ML87VP, B0FGYHXDCK, B0GX4W8F5H, B0FGYDCH2B, B0GTZ1V82Q, B0F4ML49RV, B0F8312V4S, B0GVS52KRS, B0F6TVF7Q5, B0F332LB77, B0D95R6JB8, B0FGYC77H8, B0FH4GQ7QX, B0GVRXDHLJ, B0F83242PT, B0F83B7KKH, B0F331XHL1, B0GVFMJNC4, B0GSTJN55R, B0FGYJ4YBB, B0F6TBGQZB, B0GSTM1JX4, B0FGYFVR82, B0GWXKCFFV, B0GTYZ74RN, B0FH42WR6H, B0GX56XWJM, B0F331NJJR, B0F6T1CFMN, B0FGYFFL7N, B0GX5385LS, B0FGYFJ1C9, B0F6TKYD76, B0FH4PYSCQ, B0FGYD1P2V, B0GVRQ4CPW, B0FKGHHBP4, B0GVRTL145, B0GVRTKKFL, B0FGYCDZG2, B0GTZ4JXXB, B0GVS4WZLV, B0GTYXN81M, B0FH4PQDRR]",amzn1.campaign.2G2MNOXE1OMI5,Earn high commissions - promote TUREAU fashion!-M,TUREAU,2026-08-14,2027-07-04,10.00%,5000.0,5000.0,55,800,false
"[B0FR9LDQKP, B0H3SJYCV8, B0FR8FC2G2]",amzn1.campaign.1GXLF4RRAGNLT,🍎LOYPARNER Back to School Porch Goose Outfit-Earn 15% Commission💰,LOYPARNER,2026-08-13,2026-09-30,15.00%,5000.0,4645.82,8,800,false
"[B0FH45QGX4, B0FGYDVDDL, B0GXB6WH7M, B0F6T1DF2M, B0F4MJQ3BF, B0FKGKCV3D, B0FH3YY55D, B0GVRXBJYM, B0FH43LK93, B0FH4F8C7S, B0FKGH8M4W, B0GVFDY3C3, B0GVRZDW8B, B0GVRWPK57, B0F42NQZ9F, B0GX5C6ZDS, B0F6TVY3SS, B0F4MHGJCX, B0F82HLQPW, B0FGYFT2Z1, B0F6TVNK79, B0GSTLY4X5, B0GVRYZ6CR, B0FGYGHWF9, B0GVFLHWYB, B0F42MVXLM, B0F32ZXC6R, B0GSTYNP1D, B0DG21MYT5, B0FKGKL5KJ, B0GWXM8XR7, B0FKGHTSG4, B0GVRXT21Z, B0GVS2PXLL, B0F6TVGW2Q, B0F4ML87VP, B0FGYHXDCK, B0GX4W8F5H, B0FGYDCH2B, B0GTZ1V82Q, B0F4ML49RV, B0F8312V4S, B0GVS52KRS, B0F6TVF7Q5, B0F332LB77, B0D95R6JB8, B0FGYC77H8, B0FH4GQ7QX, B0GVRXDHLJ, B0F83242PT, B0F83B7KKH, B0F331XHL1, B0GVFMJNC4, B0GSTJN55R, B0FGYJ4YBB, B0F6TBGQZB, B0GSTM1JX4, B0FGYFVR82, B0GWXKCFFV, B0GTYZ74RN, B0FH42WR6H, B0GX56XWJM, B0F331NJJR, B0F6T1CFMN, B0FGYFFL7N, B0GX5385LS, B0FGYFJ1C9, B0F6TKYD76, B0FH4PYSCQ, B0FGYD1P2V, B0GVRQ4CPW, B0FKGHHBP4, B0GVRTL145, B0GVRTKKFL, B0FGYCDZG2, B0GTZ4JXXB, B0GVS4WZLV, B0GTYXN81M, B0FH4PQDRR]",amzn1.campaign.3G7XUNT36Z6J5,Earn high commissions - promote TUREAU fashion!-M,TUREAU,2026-08-14,2027-07-03,10.00%,5000.0,5000.0,57,800,false
"[B0FH45QGX4, B0FGYDVDDL, B0GXB6WH7M, B0F6T1DF2M, B0F4MJQ3BF, B0FKGKCV3D, B0FH3YY55D, B0GVRXBJYM, B0FH43LK93, B0FH4F8C7S, B0FKGH8M4W, B0GVFDY3C3, B0GVRZDW8B, B0GVRWPK57, B0F42NQZ9F, B0GX5C6ZDS, B0F6TVY3SS, B0F4MHGJCX, B0F82HLQPW, B0FGYFT2Z1, B0F6TVNK79, B0GSTLY4X5, B0GVRYZ6CR, B0FGYGHWF9, B0GVFLHWYB, B0F42MVXLM, B0F32ZXC6R, B0GSTYNP1D, B0DG21MYT5, B0FKGKL5KJ, B0GWXM8XR7, B0FKGHTSG4, B0GVRXT21Z, B0GVS2PXLL, B0F6TVGW2Q, B0F4ML87VP, B0FGYHXDCK, B0GX4W8F5H, B0FGYDCH2B, B0GTZ1V82Q, B0F4ML49RV, B0F8312V4S, B0GVS52KRS, B0F6TVF7Q5, B0F332LB77, B0D95R6JB8, B0FGYC77H8, B0FH4GQ7QX, B0GVRXDHLJ, B0F83242PT, B0F83B7KKH, B0F331XHL1, B0GVFMJNC4, B0GSTJN55R, B0FGYJ4YBB, B0F6TBGQZB, B0GSTM1JX4, B0FGYFVR82, B0GWXKCFFV, B0GTYZ74RN, B0FH42WR6H, B0GX56XWJM, B0F331NJJR, B0F6T1CFMN, B0FGYFFL7N, B0GX5385LS, B0FGYFJ1C9, B0F6TKYD76, B0FH4PYSCQ, B0FGYD1P2V, B0GVRQ4CPW, B0FKGHHBP4, B0GVRTL145, B0GVRTKKFL, B0FGYCDZG2, B0GTZ4JXXB, B0GVS4WZLV, B0GTYXN81M, B0FH4PQDRR]",amzn1.campaign.21XN5KCW0ZO7T,Earn high commissions - promote TUREAU fashion!-M,TUREAU,2026-08-14,2027-07-02,10.00%,5000.0,5000.0,55,800,false
[B0H4MCPN5F],amzn1.campaign.18OR4H1IHFVDH,Passion Cherry Nipple Cream  B0H4MCPN5F,PASSION LUBE,2026-08-13,2027-03-31,10.00%,5000.0,4991.6,25,800,false
"[B0FH45QGX4, B0FGYDVDDL, B0GXB6WH7M, B0F6T1DF2M, B0F4MJQ3BF, B0FKGKCV3D, B0FH3YY55D, B0GVRXBJYM, B0FH43LK93, B0FH4F8C7S, B0FKGH8M4W, B0GVFDY3C3, B0GVRZDW8B, B0GVRWPK57, B0F42NQZ9F, B0GX5C6ZDS, B0F6TVY3SS, B0F4MHGJCX, B0F82HLQPW, B0FGYFT2Z1, B0F6TVNK79, B0GSTLY4X5, B0GVRYZ6CR, B0FGYGHWF9, B0GVFLHWYB, B0F42MVXLM, B0F32ZXC6R, B0GSTYNP1D, B0DG21MYT5, B0FKGKL5KJ, B0GWXM8XR7, B0FKGHTSG4, B0GVRXT21Z, B0GVS2PXLL, B0F6TVGW2Q, B0F4ML87VP, B0FGYHXDCK, B0GX4W8F5H, B0FGYDCH2B, B0GTZ1V82Q, B0F4ML49RV, B0F8312V4S, B0GVS52KRS, B0F6TVF7Q5, B0F332LB77, B0D95R6JB8, B0FGYC77H8, B0FH4GQ7QX, B0GVRXDHLJ, B0F83242PT, B0F83B7KKH, B0F331XHL1, B0GVFMJNC4, B0GSTJN55R, B0FGYJ4YBB, B0F6TBGQZB, B0GSTM1JX4, B0FGYFVR82, B0GWXKCFFV, B0GTYZ74RN, B0FH42WR6H, B0GX56XWJM, B0F331NJJR, B0F6T1CFMN, B0FGYFFL7N, B0GX5385LS, B0FGYFJ1C9, B0F6TKYD76, B0FH4PYSCQ, B0FGYD1P2V, B0GVRQ4CPW, B0FKGHHBP4, B0GVRTL145, B0GVRTKKFL, B0FGYCDZG2, B0GTZ4JXXB, B0GVS4WZLV, B0GTYXN81M, B0FH4PQDRR]",amzn1.campaign.2VMISQV0XFG2B,Earn high commissions - promote TUREAU fashion!-M,TUREAU,2026-08-14,2027-07-01,10.00%,5000.0,5000.0,55,800,false
"[B0DXV53GM1, B0DXTXYB8Q, B0DXTRTCBS, B0DXTXGHHC, B0DXVDMWQH, B0DXTM5VGT]",amzn1.campaign.2TH08T6Z1VJAE,Modern Washable NonSlip LowPile Rug Creator Promo-2026/08/11,GENIMO,2026-08-13,2026-11-15,10.00%,5000.0,5000.0,54,800,false
[B0D983V74V],amzn1.campaign.HV9PK7Y3215H,VIORY Zinc Patches – 15% Commission – Men & Women's Wellness,VIORY,2026-08-13,2027-08-13,15.00%,5000.0,5000.0,35,800,false
"[B0D81HZ98N, B0D81G3KVS, B0D81GS52P, B0D81GBBMG, B0D81CRCY7, B0D81CYGYP, B0D81HTPJ3, B0D81HKKMN, B0D81CZN2F, B0D7ZB1J8W, B0D81FTBBS, B0D81GZ1GT, B0D81HGVHY]",amzn1.campaign.1JLWK72BJJR2Y,Great Deal: Comfy Oversized Hoodie for $14.99 🧡 -LW-M24TP0002,Glamaker,2026-08-16,2026-11-25,10.00%,5000.0,5000.0,1,800,false
"[B0DXV53GM1, B0DXTXYB8Q, B0DXTRTCBS, B0DXTXGHHC, B0DXVDMWQH, B0DXTM5VGT]",amzn1.campaign.3OTW97S4S515Q,Modern Washable NonSlip LowPile Rug Creator Promo-2026/08/11,GENIMO,2026-08-13,2026-11-14,10.00%,5000.0,5000.0,57,800,false
[B0D9BL83KR],amzn1.campaign.1L5IU33MQQYMP,VIORY Magnesium Patches– 15% Commission – Men & Women's Wellness,VIORY,2026-08-13,2027-08-13,15.00%,5000.0,4967.88,26,800,false
"[B0FY4DRL9Q, B0FSLQDY5D, B0FS39HDSW, B0H389M4NW, B0DWV7M97D, B0GQZSBGZ6, B0DWVB41YT, B0H2NN1NB2, B0GR124TZF, B0FSLQ12NV, B0DWVB3DT5, B0GQZL4B4Z, B0DK81C9LY, B0FS423VCQ, B0H3865MCZ, B0FY44ZMZB, B0FSLS1LF4]",amzn1.campaign.6YW1U1B86AN0,Practical Review: Grinds Focus Energy Pouches - Consistent Wellness Fit,GRINDS,2026-08-13,2027-03-06,11.50%,626332.0,626332.0,0,800,false
"[B0D81HZ98N, B0D81G3KVS, B0D81GS52P, B0D81GBBMG, B0D81CRCY7, B0D81CYGYP, B0D81HTPJ3, B0D81HKKMN, B0D81CZN2F, B0D7ZB1J8W, B0D81FTBBS, B0D81GZ1GT, B0D81HGVHY]",amzn1.campaign.2QXD7JOT50VE,Limited Time Deal: Cozy Fleece Hoodie $14.99 🔥 -LW-M24TP0002,Glamaker,2026-08-16,2026-11-24,10.00%,5000.0,5000.0,10,800,false
"[B0DXV53GM1, B0DXTXYB8Q, B0DXTRTCBS, B0DXTXGHHC, B0DXVDMWQH, B0DXTM5VGT]",amzn1.campaign.QRF40UPBPR5R,Modern Washable NonSlip LowPile Rug Creator Promo-2026/08/11,GENIMO,2026-08-13,2026-11-13,10.00%,5000.0,5000.0,56,800,false
"[B09Q4Q4XFH, B09RTS11KK, B0BV1C73PX, B08X4X3ZZ9, B0B3Q7GNSV]",amzn1.campaign.9HK7BQQ8PJWV,Real-Life Review: Hume Desert Bloom Deodorant - Morning-to-Night Routine,HUME SUPERNATURAL,2026-08-13,2027-05-30,14.50%,654329.0,654329.0,14,800,false
"[B0D81HZ98N, B0D81G3KVS, B0D81GS52P, B0D81GBBMG, B0D81CRCY7, B0D81CYGYP, B0D81HTPJ3, B0D81HKKMN, B0D81CZN2F, B0D7ZB1J8W, B0D81FTBBS, B0D81GZ1GT, B0D81HGVHY]",amzn1.campaign.V6XCJTFBZVXX,HOT Deal: Trendy Oversized Hoodie $14.99 ✨🧥 -LW-M24TP0002,Glamaker,2026-08-16,2026-11-23,10.00%,5000.0,4998.5,6,800,false
"[B0D81HZ98N, B0D81G3KVS, B0D81GS52P, B0D81GBBMG, B0D81CRCY7, B0D81CYGYP, B0D81HTPJ3, B0D81HKKMN, B0D81CZN2F, B0D7ZB1J8W, B0D81FTBBS, B0D81GZ1GT, B0D81HGVHY]",amzn1.campaign.2LF1LJ8F1W1M7,Great Deal: $14.99 Oversized Hoodie Collab 🤩 -LW-M24TP0002,Glamaker,2026-08-16,2026-11-22,10.00%,5000.0,5000.0,6,800,false
"[B0DYDN81JP, B0DYDKJZ6K, B0DYDHRF49, B0DYDL9ZMW, B0DYD8X4WQ, B0DX25J97B, B0F23X1J3C, B0DX24HLC3, B0DX26WJN2, B0DYDG1J1F, B0FC6HTD6X, B0DYDVLH5W, B0DYD4KSBW, B0FC6KQGNQ, B0DYD7HB52, B0DYDKVTT8, B0DYDRCHGF, B0DYDH9WDX, B0DYD49HGB, B0DX27SPVL, B0DYDBF3QL, B0FC6K2THD, B0DYD1Y3LM, B0DYDFY37Y, B0DYD9S5CF, B0DYCWX3ZQ, B0F23WLPK5, B0DYD4MQGW, B0DX272TJ9, B0DYD56XNR, B0DYD7T928, B0DYDGMLCK, B0DYDDRYXC, B0DYDHLFPH, B0DYDHKP6G]",amzn1.campaign.QL9M384HP40M,Boho Washable NonSlip Runner Creator Promo-2026/08/11,GENIMO,2026-08-13,2026-11-16,10.00%,5000.0,5000.0,46,800,false
"[B0H3HMM3T9, B0GHFWFBDQ]",amzn1.campaign.36414B3AUJK09,"Vexiora 40""x 20"" Assembly A-Frame Chalkboard - 10% Commission",VEXIORA,2026-08-13,2026-10-31,10.00%,5000.0,4990.5,31,800,false
"[B0D81HZ98N, B0D81G3KVS, B0D81GS52P, B0D81GBBMG, B0D81CRCY7, B0D81CYGYP, B0D81HTPJ3, B0D81HKKMN, B0D81CZN2F, B0D7ZB1J8W, B0D81FTBBS, B0D81GZ1GT, B0D81HGVHY]",amzn1.campaign.3UO5JLQBB2FGQ,HOT Deal: Must-Have Oversized Hoodie $14.99 🛍️ -LW-M24TP0002,Glamaker,2026-08-16,2026-11-21,10.00%,5000.0,5000.0,6,800,false
"[B0DYDN81JP, B0DYDKJZ6K, B0DYDHRF49, B0DYDL9ZMW, B0DYD8X4WQ, B0DX25J97B, B0F23X1J3C, B0DX24HLC3, B0DX26WJN2, B0DYDG1J1F, B0FC6HTD6X, B0DYDVLH5W, B0DYD4KSBW, B0FC6KQGNQ, B0DYD7HB52, B0DYDKVTT8, B0DYDRCHGF, B0DYDH9WDX, B0DYD49HGB, B0DX27SPVL, B0DYDBF3QL, B0FC6K2THD, B0DYD1Y3LM, B0DYDFY37Y, B0DYD9S5CF, B0DYCWX3ZQ, B0F23WLPK5, B0DYD4MQGW, B0DX272TJ9, B0DYD56XNR, B0DYD7T928, B0DYDGMLCK, B0DYDDRYXC, B0DYDHLFPH, B0DYDHKP6G]",amzn1.campaign.1OUB49HPM0HN4,Boho Washable NonSlip Runner Creator Promo-2026/08/11,GENIMO,2026-08-13,2026-11-15,10.00%,5000.0,5000.0,50,800,false
"[B091MLSF82, B08CSTT8B7, B08DWJS48C, B09FJ44DHC, B0D3NRQ3WG, B08H7RJRYG, B08GY8HJZX, B08DWB5LWP, B00ICVHYSA, B0DJCCZDVZ, B09FJ6CQ1F, B08H8FQBP9, B09K91QLYL, B07KNBPZHS, B09K8ZR6H2, B09FJ5XZ2L, B08F4Y1JFS, B08H8KDBZM, B08DW49KN3, B09FJ4LZQS, B08DVZG2BM, B09FJ5GTM1, B097FDNF7D, B08H8KQ3GW, B09FJ5JS9X, B09FJ4PP3S, B091MDJ36L, B0DJ3FGJZV, B0DJ3G3NSZ, B0D3NMMZRT, B08H7M99TQ, B08H8N4KCH, B097FDQWKW, B08CSTCP62, B08GYGYGKQ, B08H87C4HM, B07KX825YR, B07KX7VS49, B07KX7C4Y7, B09FJ3WM29, B08GY18RSY, B09K8Z4Z15, B08GY6Y7R4, B0DJCDH17B, B09K96LY3P, B08HBX886G]",amzn1.campaign.GREMQ2OW08YR,Practical Review: Grinds Coffee Pouches - Fit for a Busy Routine,GRINDS,2026-08-13,2027-03-06,12.00%,628807.0,628807.0,18,800,false
"[B0DYDN81JP, B0DYDKJZ6K, B0DYDHRF49, B0DYDL9ZMW, B0DYD8X4WQ, B0DX25J97B, B0F23X1J3C, B0DX24HLC3, B0DX26WJN2, B0DYDG1J1F, B0FC6HTD6X, B0DYDVLH5W, B0DYD4KSBW, B0FC6KQGNQ, B0DYD7HB52, B0DYDKVTT8, B0DYDRCHGF, B0DYDH9WDX, B0DYD49HGB, B0DX27SPVL, B0DYDBF3QL, B0FC6K2THD, B0DYD1Y3LM, B0DYDFY37Y, B0DYD9S5CF, B0DYCWX3ZQ, B0F23WLPK5, B0DYD4MQGW, B0DX272TJ9, B0DYD56XNR, B0DYD7T928, B0DYDGMLCK, B0DYDDRYXC, B0DYDHLFPH, B0DYDHKP6G]",amzn1.campaign.LNLM20DAQFKD,Boho Washable NonSlip Runner Creator Promo-2026/08/11,GENIMO,2026-08-13,2026-11-14,10.00%,5000.0,5000.0,58,800,false
"[B0D81HZ98N, B0D81G3KVS, B0D81GS52P, B0D81GBBMG, B0D81CRCY7, B0D81CYGYP, B0D81HTPJ3, B0D81HKKMN, B0D81CZN2F, B0D7ZB1J8W, B0D81FTBBS, B0D81GZ1GT, B0D81HGVHY]",amzn1.campaign.NR5E9MKOIYPC,Limited Time Deal: Cozy Hoodie Collab $14.99 🎁 -LW-M24TP0002,Glamaker,2026-08-16,2026-11-20,10.00%,5000.0,5000.0,15,800,false
"[B0GT3TMRLJ, B0GSQC2F9W, B0GSQYXD9M, B0GXVZ2154, B0GXVNTQ8Z, B0GSQMJMN1, B0GXVWSG1C, B0GSQGZVXH]",amzn1.campaign.1X6V9EC17VUEH,GooCare Summer Pet Cooling Essentials,GooCare,2026-08-13,2026-09-30,10.00%,10000.0,9935.92,0,800,false
"[B0G87S94CW, B0G87F978J, B0G8735S6W]",amzn1.campaign.31PDQHBKMP6O3,Routine Upgrade: Hume Supernatural Body Wash - Full-Experience Review,HUME SUPERNATURAL,2026-08-13,2027-05-27,14.00%,647774.0,647774.0,20,800,false
"[B0DYDN81JP, B0DYDKJZ6K, B0DYDHRF49, B0DYDL9ZMW, B0DYD8X4WQ, B0DX25J97B, B0F23X1J3C, B0DX24HLC3, B0DX26WJN2, B0DYDG1J1F, B0FC6HTD6X, B0DYDVLH5W, B0DYD4KSBW, B0FC6KQGNQ, B0DYD7HB52, B0DYDKVTT8, B0DYDRCHGF, B0DYDH9WDX, B0DYD49HGB, B0DX27SPVL, B0DYDBF3QL, B0FC6K2THD, B0DYD1Y3LM, B0DYDFY37Y, B0DYD9S5CF, B0DYCWX3ZQ, B0F23WLPK5, B0DYD4MQGW, B0DX272TJ9, B0DYD56XNR, B0DYD7T928, B0DYDGMLCK, B0DYDDRYXC, B0DYDHLFPH, B0DYDHKP6G]",amzn1.campaign.96VA9BOW4NO9,Boho Washable NonSlip Runner Creator Promo-2026/08/11,GENIMO,2026-08-13,2026-11-13,10.00%,5000.0,5000.0,57,800,false
"[B0CHMR2LQR, B0D22YV2G2, B0D5QPB7HM, B0FMR1MS37, B0D22XDTNN, B0CPHR2RC8, B0GXCZXMZS, B0GXCSYBJT, B0G3ZKP3YQ, B0CWRVRTQS, B0CWRTG9SR, B0CHMNLVWC, B0FMR1738J, B0FMR17SXJ, B0GXCXCJVX, B0D22Z944P, B0GXDCLDG4, B0FMR12Y6N, B0CHMP52N3, B0CRRWPNBQ, B0D22TZQ4B, B0CRRWCVZ4, B0D22W8SDR, B0D22XWKV5, B0GXD5GNL4, B0DK6S76LR, B0D22ZT4PB, B0CRV13T4F, B0G3ZLJLC8, B0D22ZRVY2, B0F8H7465X, B0FMQZZLBB, B0H6Z4WKTG, B0D22YDZS5, B0FRFNJ1YF, B0D5QQYKS3, B0DK6QDZ55, B0CWRWYTWL, B0G3ZRFKG5, B0CPHN33CN, B0G3ZM1Z7X, B0F8HTS2RC, B0GXDC42M7, B0G3ZRPTGJ, B0G3ZS99FQ, B0H6Z7Y89B, B0GXDFPZVS, B0GXD46PKM, B0GXD6656K, B0D7ZT18LK, B0CWRVFHFL, B0D22XDQNL, B0GXCXTNJ2, B0D22ZVBCV, B0G3ZMSTYB, B0FMR1V7FW, B0GXD2HW3S, B0CRRWRTF4, B0G3ZNT27F, B0D7ZVCXNV, B0CWRWYPXJ, B0G3ZNLHC4, B0D22Y6QZ4, B0D22ZLTQ5, B0CWRVFJ5H, B0CPHTB4DR, B0CHMN3149, B0FMR23XZ2, B0G3ZQCTL8, B0G3ZKYMNP, B0F8HLGRTX, B0FRF4Q28M, B0G3ZMYC69, B0GXCZY9T3, B0GXD2L87P, B0GXD5V9FW]",amzn1.campaign.32NHM5RPXJXDG,Great Deal! Vintage Style Rug Collaboration-YL-KCJ,PureCozy,2026-08-14,2026-10-16,10.00%,5000.0,5000.0,19,800,false
"[B0D81HZ98N, B0D81G3KVS, B0D81GS52P, B0D81GBBMG, B0D81CRCY7, B0D81CYGYP, B0D81HTPJ3, B0D81HKKMN, B0D81CZN2F, B0D7ZB1J8W, B0D81FTBBS, B0D81GZ1GT, B0D81HGVHY]",amzn1.campaign.3GPZEFIBA6I6N,HOT Deal: Viral Oversized Hoodie — Only $14.99 🔥 -LW-M24TP0002,Glamaker,2026-08-16,2026-11-19,10.00%,5000.0,5000.0,5,800,false
"[B08K2WC1TW, B0D8SNBKVJ, B08DMY4S4H, B0DFCBBQRJ, B0D8SHPZ6Z, B08DMYCGDM, B0CJY2XN1S, B0D8SLXRXH, B08K2V17PV, B0DGTB4JZ6, B0DCHSRV43, B08DMYGJ9Y, B0CJY1RPT5, B0FQJ1C2KN, B08MTFYWGJ, B08K2JK29R, B08MT4XBZH, B0DCHYQPBH, B08K2MYRXP, B08K39R7BL, B08K2T4NSY, B08K3B8F8Y, B0CLZFW3JR, B0CJY28BFJ, B0DCHSBTRM, B08MTM7T2L, B0FQJ2SHM1, B0CLZGN5MG, B0DFCBYFGK, B0DFCCNG8J, B0D8SL1V1C, B0FQJ12MRB, B0D8SKNJPN, B0DFC9X2QX, B0DCHSZ7K3, B0CLZC4NW6, B08DMXVHLX, B0DFC9DP1Q, B0CLZF41L2, B08K2WX7VY, B08MT3S9VX, B0FQJ5M8BR, B0DFC7T6DT]",amzn1.campaign.PWWXRPKPR529,VIMPUNEC Off Shoulder Sweater for Fall Outfits | 12% Commission #24,VIMPUNEC,2026-08-13,2026-10-06,12.00%,5000.0,5000.0,15,800,false
"[B0DRFPDGP4, B0DRFT6N9V, B0DRFS6FQJ, B0DRFQKT7D, B0DRFPZD2S, B0DRFSS8RZ, B0DRFRMS2G, B0DRFRP99F, B0DRFQTPCP, B0DRFN949R, B0DRFT238V, B0DRFS58PK, B0DRFRKCLC, B0DRFPGRS5]",amzn1.campaign.29MGCYL21B2H3,Vintage Washable NonSlip LowPile Rug Campaign-2026/08/11,GENIMO,2026-08-13,2026-11-16,10.00%,5000.0,5000.0,46,800,false
"[B0D81HZ98N, B0D81G3KVS, B0D81GS52P, B0D81GBBMG, B0D81CRCY7, B0D81CYGYP, B0D81HTPJ3, B0D81HKKMN, B0D81CZN2F, B0D7ZB1J8W, B0D81FTBBS, B0D81GZ1GT, B0D81HGVHY]",amzn1.campaign.KH92LZ90EXIZ,Great Deal: $14.99 Oversized Hoodie Collab Invite 🧡 -LW-M24TP0002,Glamaker,2026-08-16,2026-11-18,10.00%,5000.0,5000.0,10,800,false
"[B0DRFPDGP4, B0DRFT6N9V, B0DRFS6FQJ, B0DRFQKT7D, B0DRFPZD2S, B0DRFSS8RZ, B0DRFRMS2G, B0DRFRP99F, B0DRFQTPCP, B0DRFN949R, B0DRFT238V, B0DRFS58PK, B0DRFRKCLC, B0DRFPGRS5]",amzn1.campaign.YVX9XG4EQPP1,Vintage Washable NonSlip LowPile Rug Campaign-2026/08/11,GENIMO,2026-08-13,2026-11-15,10.00%,5000.0,5000.0,52,800,false
"[B09Q4Q4XFH, B09RTS11KK, B0BV1C73PX, B08X4X3ZZ9, B0B3Q7GNSV]",amzn1.campaign.3RZO9NTEAUWI5,Routine Upgrade: Hume Desert Bloom Deodorant - Full-Experience Review,HUME SUPERNATURAL,2026-08-13,2027-05-27,14.00%,649817.0,649817.0,13,800,false
"[B0D81HZ98N, B0D81G3KVS, B0D81GS52P, B0D81GBBMG, B0D81CRCY7, B0D81CYGYP, B0D81HTPJ3, B0D81HKKMN, B0D81CZN2F, B0D7ZB1J8W, B0D81FTBBS, B0D81GZ1GT, B0D81HGVHY]",amzn1.campaign.28AI6SEDKBNVD,Limited Time Deal: Oversized Fleece Hoodie Only $14.99 ✨ -LW-M24TP0002,Glamaker,2026-08-16,2026-11-17,10.00%,5000.0,5000.0,3,800,false
"[B0F2T2L7PV, B0F2T5QJQ3, B0F2T32LM7]",amzn1.campaign.2V3NJBAZTJ3MJ,Limited Time Deal! Barstools with PU Leather Seat Set 🍹 -ZH-LKS,Compsia,2026-08-15,2026-10-14,15.00%,5000.0,5000.0,30,800,false
"[B0DRFPDGP4, B0DRFT6N9V, B0DRFS6FQJ, B0DRFQKT7D, B0DRFPZD2S, B0DRFSS8RZ, B0DRFRMS2G, B0DRFRP99F, B0DRFQTPCP, B0DRFN949R, B0DRFT238V, B0DRFS58PK, B0DRFRKCLC, B0DRFPGRS5]",amzn1.campaign.2DG23INZXKN3E,Vintage Washable NonSlip LowPile Rug Campaign-2026/08/11,GENIMO,2026-08-13,2026-11-14,10.00%,5000.0,5000.0,54,800,false
"[B0D81G3KVS, B0GS2K4V8P, B0GS2DZPZV, B0GS247THW, B0D81CYGYP, B0D81HTPJ3, B0D81FTBBS, B0GS2CKBMC, B0GS2KC8GS, B0GS33MQL6, B0D81HZ98N, B0GS2GBKZ6, B0D81GS52P, B0GS2CM7ZJ, B0GS2C8JYZ, B0D81GBBMG, B0D81CRCY7, B0GS2PJJX4, B0GS29CMWJ, B0GS2FYM45, B0GS27W8LX, B0D81HKKMN, B0GS2CGCJ7, B0D81CZN2F, B0D7ZB1J8W, B0D81GZ1GT, B0GS2WD21K, B0D81HGVHY]",amzn1.campaign.DPEB7W9647JP,HOT Deal: Cozy Oversized Fleece Hoodie $14.99 🧥 -LW-M24TP0002,Glamaker,2026-08-16,2027-02-16,10.00%,5000.0,5000.0,0,800,false
"[B0B7R2S7P5, B08K4NBF63, B07VFKCHTQ, B0CG8SM5KZ, B0B7R3T22C, B0CJFR2TV5]",amzn1.campaign.36LHY43VC1WDJ,VIMPUNEC Fall Plaid Poncho for Everyday Layering | 12% Commission #24,VIMPUNEC,2026-08-13,2026-10-06,12.00%,5000.0,5000.0,12,800,false
"[B0FY4DRL9Q, B0FSLQDY5D, B0FS39HDSW, B0H389M4NW, B0DWV7M97D, B0GQZSBGZ6, B0DWVB41YT, B0H2NN1NB2, B0GR124TZF, B0FSLQ12NV, B0DWVB3DT5, B0GQZL4B4Z, B0DK81C9LY, B0FS423VCQ, B0H3865MCZ, B0FY44ZMZB, B0FSLS1LF4]",amzn1.campaign.1XC4S3PWCASBH,Practical Review: Grinds Focus Energy Pouches - No-Script Routine Review,GRINDS,2026-08-13,2027-03-05,11.00%,624584.0,624584.0,0,800,false
"[B0DP1HPL24, B0DP1P2TPK, B0DNKJ5CDV, B0DNKHS439]",amzn1.campaign.BHUKWD8FSD9Q,"Practical Review: Hydrofy Hydrogen Electrolytes - Prep, Flavor, Daily Use",Hydrofy,2026-08-13,2027-03-08,12.50%,636852.0,636852.0,0,800,false
"[B0DRFPDGP4, B0DRFT6N9V, B0DRFS6FQJ, B0DRFQKT7D, B0DRFPZD2S, B0DRFSS8RZ, B0DRFRMS2G, B0DRFRP99F, B0DRFQTPCP, B0DRFN949R, B0DRFT238V, B0DRFS58PK, B0DRFRKCLC, B0DRFPGRS5]",amzn1.campaign.6MYUEZM7ROEH,Vintage Washable NonSlip LowPile Rug Campaign-2026/08/11,GENIMO,2026-08-13,2026-11-13,10.00%,5000.0,5000.0,57,800,false
"[B0G87S94CW, B0G87F978J, B0G8735S6W]",amzn1.campaign.KFTMTVUR6AN4,Routine Upgrade: Hume Supernatural Body Wash - Formula and Format Test,HUME SUPERNATURAL,2026-08-13,2027-05-24,13.50%,644546.0,644546.0,23,800,false
[B09Z99RRD6],amzn1.campaign.3MZXAWIRATRZ6,BEEDECOR GLASS FRAMES - From Memory Box to Wall Showcase (23%),BeeDecor,2026-08-13,2026-12-11,23.00%,13000.0,13000.0,30,800,false
"[B0F2T2L7PV, B0F2T5QJQ3, B0F2T32LM7]",amzn1.campaign.1H4DOF6QU9H6Q,HOT Deal! Counter Stools Set of 4 Saddle Design 🖤 -ZH-LKS,Compsia,2026-08-15,2026-10-13,15.00%,5000.0,5000.0,38,800,false
[B09ZDFT41H],amzn1.campaign.2DSFLUKK9Y5TD,"TIDYTEDS TOY HAMMOCK - Stuffed Animals Up, Floor Space Back (17%)",TIDYTEDS,2026-08-13,2026-12-11,17.00%,14000.0,14000.0,10,800,false
[B0C2GR8XGP],amzn1.campaign.1D7V42N35FE7I,FITBAKE Chocolate Frosting - Frosting Goals: Zero Sugar Edition (15%),FitBake,2026-08-13,2026-12-11,15.00%,12000.0,12000.0,28,800,false
"[B0DBKTDNFQ, B0DHXFJ38N, B0DPFYSSWM, B0DHXDDPDR, B0DPFXMW3M, B0DK4MYR5Z, B0DHXDNP17, B0DHXHLPMX, B0DHXG53JV, B0DHXDB9PR, B0DPFXF9Z4, B0DPFWY7BZ, B0G3376B18, B0DPFXYJMD, B0G34GYJC1, B0DPFZK9T8, B0DPFWXTD5, B0DHXHJJGQ, B0DPFX158F, B0DPFY8HJY, B0DHXFLN46, B0DHXGGX99, B0G34FSDC4, B0DBKHMZS5]",amzn1.campaign.J2OXIIW5933W,Vintage Washable NonSlip LowPile Rug Campaign-2026/08/11,GENIMO,2026-08-13,2026-11-16,10.00%,5000.0,5000.0,43,800,false
"[B0GS2GBKZ6, B0GS2K4V8P, B0GS2CM7ZJ, B0GS2C8JYZ, B0GS2DZPZV, B0GS2PJJX4, B0GS247THW, B0GS29CMWJ, B0GS2FYM45, B0GS27W8LX, B0GS2CGCJ7, B0GS2CKBMC, B0GS2KC8GS, B0GS33MQL6, B0GS2WD21K]",amzn1.campaign.2V8L6FC1P3N4S,HOT Deal: 💫 Glamaker Everyday Jean Skirt Collab -LW-M26SK0001,Glamaker,2026-08-16,2026-11-01,10.00%,5000.0,5000.0,7,800,false
"[B0DBKTDNFQ, B0DHXFJ38N, B0DPFYSSWM, B0DHXDDPDR, B0DPFXMW3M, B0DK4MYR5Z, B0DHXDNP17, B0DHXHLPMX, B0DHXG53JV, B0DHXDB9PR, B0DPFXF9Z4, B0DPFWY7BZ, B0G3376B18, B0DPFXYJMD, B0G34GYJC1, B0DPFZK9T8, B0DPFWXTD5, B0DHXHJJGQ, B0DPFX158F, B0DPFY8HJY, B0DHXFLN46, B0DHXGGX99, B0G34FSDC4, B0DBKHMZS5]",amzn1.campaign.3GBLXLQQCZT7W,Vintage Washable NonSlip LowPile Rug Campaign-2026/08/11,GENIMO,2026-08-13,2026-11-15,10.00%,5000.0,5000.0,42,800,false
[B0CRSNMV6C],amzn1.campaign.4E9D24L4RA3K,Top Selling Large Cutting Board Plastic- B0CRSNMV6C - Creator Connections - V2,Belwares,2026-08-13,2026-10-13,15.00%,10000.0,10000.0,28,800,false
"[B0GS2GBKZ6, B0GS2K4V8P, B0GS2CM7ZJ, B0GS2C8JYZ, B0GS2DZPZV, B0GS2PJJX4, B0GS247THW, B0GS29CMWJ, B0GS2FYM45, B0GS27W8LX, B0GS2CGCJ7, B0GS2CKBMC, B0GS2KC8GS, B0GS33MQL6, B0GS2WD21K]",amzn1.campaign.3MWDHOBKSY2FQ,Great Deal: ✨ Glamaker Sleek Denim Maxi Collab -LW-M26SK0001,Glamaker,2026-08-16,2026-11-30,10.00%,5000.0,5000.0,20,800,false
"[B0F2T2L7PV, B0F2T5QJQ3, B0F2T32LM7]",amzn1.campaign.3HDHFQJB4USST,Great Deal! 24Inch PU Leather Bar Stools Set of 4 🍸 -ZH-LKS,Compsia,2026-08-15,2026-10-12,15.00%,5000.0,5000.0,43,800,false
"[B0DBKTDNFQ, B0DHXFJ38N, B0DPFYSSWM, B0DHXDDPDR, B0DPFXMW3M, B0DK4MYR5Z, B0DHXDNP17, B0DHXHLPMX, B0DHXG53JV, B0DHXDB9PR, B0DPFXF9Z4, B0DPFWY7BZ, B0G3376B18, B0DPFXYJMD, B0G34GYJC1, B0DPFZK9T8, B0DPFWXTD5, B0DHXHJJGQ, B0DPFX158F, B0DPFY8HJY, B0DHXFLN46, B0DHXGGX99, B0G34FSDC4, B0DBKHMZS5]",amzn1.campaign.13YTUDOK54GB3,Vintage Washable NonSlip LowPile Rug Campaign-2026/08/11,GENIMO,2026-08-13,2026-11-14,10.00%,5000.0,5000.0,42,800,false
"[B0CS6LZQXC, B073CKHD9C, B0747R1VDQ, B09CGVQ69B, B073FCC8H9, B0GLZMT8YQ, B0DJQYW1FS, B0F9NYH9Z4, B09CPMD9LG, B09CGXDXLG, B073Y8LDYB, B0CS6LH5W3, B0F9NX4BB9, B0CJY7RSQ8, B0747Q9M6F, B0CS6K87D9, B073FB2Y4S, B0CTTPJ6VG, B073Y724CF, B085BN4GPM, B085CBPNB3, B073Y724D1, B073FBG1GW, B0747R6VTN, B0GLYWHTV6, B0GLZG4NK6, B0CS6PNFZ7, B0DJQYS45X, B0F9NTYZPC, B0CVNBGJLC, B0DJ97D9JG, B0GLYPL834, B0CVQNRWY1, B074P21GQY, B073Y3FMDW, B073CKDSDZ, B0CJY877KV, B0DJ98Q2ZP, B0CVQJ6G5C, B0CJRNXW17, B0CS6KW7GM, B073FCGHZV, B0F9NY23P8, B0F9NZG57J, B085CBZX5J, B0F9NXGVS2, B0747QWZVC, B09CPLXBB5, B09CGT2FP4, B0DSQ5G881, B0F9NXBP4K, B0CJY8CZMP, B0F9NXC9DT, B0CTTQTBTT, B0CTTMR5K3, B085BNPQS7, B073Y9NMK7, B0CTTRJB5F, B0CS6NQZHW, B073Y8PBMN, B0CTTQ8RJ7, B085CC6S77, B074P4CDDV, B0CVQBTDYX, B0DP33V3ML, B0F9NXC2S2, B0DJ95XLMW, B085CCHLTF, B0F9NXBR3H, B073FDHYB8, B0CVQNQRJZ, B0F9NXLPRT, B073Y9S8TT, B085CBSHHT, B0F9NYL9HC, B085BNKLS2, B073FC1C52, B0DSQ1HL2Y, B0DP36XBPJ, B0CTZYZZD2, B0CVQDTZMN, B09CGVSQKF, B09CPMS2X8, B073CLWTLN, B074P3GXZW, B073Y7JMRQ, B0F9NX47JC, B0DP35L4WK, B073Y7W26H, B0CJYBL86N, B0747P4CPB, B0DJR1162J, B085CBJRTB, B073FDSD64, B073CHZD99, B0CS6P425M, B0F9NTXX26, B073CKHNJT, B073FCHTRY, B0CVQ8NS9H, B0CS6KXXB5, B0DJ95V9L4, B0F9NX6LM5, B0F9NX9V79, B09CGV7VJL, B085CBG6FV, B085CB9FPH, B074P4JQG5, B0DSQ7KX5R, B0BS3T1XTQ, B0DSPZRCF2, B073Y8M16X, B0DSPZX45W, B0F9NY2QR8, B0CS6MYJYW, B0F9NYK749, B085BN8T75, B0F9NVB1VB, B0F9P1JZMT, B073Y6H1NP, B0CVQGX3VH, B0F9NYG2VK, B0F9NX6BDL, B06XKTZTY9, B073Y9F2TX, B073CKPMLZ, B0GLZRH6H7, B0DJ95T854, B0747Q7BPX, B0747SD457, B06XKY75XJ, B0F9NX52FR, B0F9NVCJF2, B0F9NXH89W, B0CS6LY1D8, B0CJY6CWW3, B085BNZVY9, B0CS6J38Y3, B0CS6MLFXN, B074P5SBHL, B0GLZ28V9Q, B074P43L64, B0F9NYZP7C, B0F9NYVRGR, B085CBW9HV, B0DJ951BPM, B073CLV62P, B073Y91ZCN, B0747QWTR5, B085BN6KLR, B09CPP4K4K, B0F9NV18Z5, B09CGTQK51, B0GLYRJN9L, B073Y7FF5V, B0CVQ2YPCS, B0747QB3V3, B073Y9KG28, B0DP36KC1K, B0CS6N3JJF, B0DSQ1PHJX, B0CS6RT5HP, B0BS3SQV4K, B073Y96KXG, B0CVQ6WDDP, B0GLZC4J34, B085BNK14S, B073Y9586G, B0DJQY1S6K, B0CJY9JXV4, B0CS6NZVN3, B073FFBBVV, B073FDSM2C, B0F9NYTTPN, B0CS6MLG5Z, B073CLCXGH, B0F9NX8NPW, B085BNR5KF, B0BS3S45HZ, B085BNR5KG, B0747M9M1B, B0CJRQ8C4W, B0GLZ1F412, B0GLZ2N1TP, B073Y9WY46, B0DSQ3GYNB, B085BP2J82, B0F9NX2MCC, B085CC3J3R, B085BMZ72Z, B0DSQ2MY6M, B085CBYF7L, B0DJQYML45, B085BNHCCM, B0DJ9679SY, B085BNHCCN, B0CS6L1RVC, B0CJY9CKNX, B0747LP26S, B0CVQD7WXV, B073FCBYWC, B0CS6M17DJ, B073Y9NVHQ, B0CJRMNZ4S, B0747Q2K29, B0DJ95Q2TR, B085BN61V2, B0F9NRVWW5, B0CVQD46QK, B09CGWKSXY, B0CS6K7V48, B0CS6N1F48, B09CGWKSXZ, B0CVQFCZTS, B0747S5LZV, B073Y8S3RS, B0CVQD4J81, B0F9NYLDS6, B0CVQBCMJL, B085BNWW9Z, B0C1ZTNZ87, B0DSW9F9W2, B09CGST7W8, B0GLYXDDWP, B073CKQV2X, B0DSQ1YLMF, B0DJQX8C26, B09CPMR3GV, B0CTTXN13G, B073Y6SFQD, B073CJV1WK, B073Y6MLKN, B0F9NXL61P, B085CBX7LX, B0CS6NKKPJ, B073Y9GJGS, B0CVQNFXMB, B085BNKZDR, B0CS6PBXPL, B074P3FM31, B073CL7L2C, B085BNMWXZ, B09CGVXDR6, B074P2HB49, B0CVQN8QH4, B0GLZ9ZC1T, B0F9NWFN1R, B0CJY97C7G, B073Y776K4, B073Y9RYFM, B09CGWCPKB, B0CTZYLSRR, B0747NBXW3, B085CCKYXD, B073Y8443Y, B0CS6LFK2H, B09CPNNXDC, B0GLZ9BP99, B09CPPR25P, B0CS6LNGSJ, B0CS6LNGSM, B073FGB1B2, B0DSQ34469, B0CS6LNGT2, B073Y7L9ST, B0CS6L9K9L, B0GLYWJDFW, B073CN1RQT, B0CJYB6XJC, B074P193BY, B0CVQJQSRK, B0CS6PYBCF, B0CS6L62S2, B073CLCD83, B0DJ95TJDY, B074P193BQ, B0CVQ74RRY, B0DSQ2D6H8, B0DP34NQ4S, B0CS6L62S9, B0F9NV9BXD, B073FD8ZDR, B085BNRKNV, B073Y75H66, B0F9NYVCMW, B0DJ9B7TJS, B0F9NYVCMX, B085BNBDPS, B0BS3R5DJ1, B0CVNCZCVH, B0CS6MYCMY, B09CPN35R3, B0F9NX7H34, B0DJQXC1P3, B09CGTR8HT, B085BMV645, B0DJ96CFR9, B0CS6M3GFZ, B085BNVWXR, B0GLYS9YRK, B09CPMLXJ8, B09CGSR9X9, B073FBN3QB, B073FD7LNZ, B073FF585N, B0DSQ2JYNF, B0CJY8KDSM, B085BNTT4S, B0747R64LB, B073Y9MW89, B0CS62F6RH, B073FD7LPB, B073CNFFZG, B09CGST9RW, B0F9NYDD15, B085CBJ4XG, B06XJ7JY9B, B0GLZ1MBMB, B0DSQ2YTZ5, B0CTTQCDR2, B0F9NZKLSW, B0CS6LPS1D, B0GLY61K1B, B085CBJ11W, B085CBQHGR, B09CGT68NT, B073Y86BPP, B09CGW88VL, B0CS6MQ5VK, B0DP35XXG9, B074P5K67D, B0DSQ34LY1, B0CTZYDXJX, B0DSQ1RJ3J, B09CGVNMYJ, B0GLZ3YZVC, B074P11MCV, B0747MZRG3, B09CPN9YJW, B0DP33BSP4, B074P4WGPZ, B09CGTT3M7, B073Y8Y7SG, B0CS6M16WJ, B0BS3V6D8V, B073Y885R8, B0F9NXC1GN, B0CVNDHVH1, B0DJQZFGTX, B073FCVLS8, B0CVQ6V23C, B073Y81SBM, B0F9NVB8PD, B09CPMJGS6, B085BNBSBR, B073CN5ZN1, B09CGV66TZ, B0DJ98X14P, B0F9NV61FG, B0DSQ34FT7, B0747PK1C9, B073YB9QL2, B073CMH3CD, B0CJRM9KCT, B073CM47GD, B0DP35K4B2, B073Y77PHZ, B085CC2RXK, B0F9NXHXHK, B0CJY99Z9L, B074P4F9MH, B0BS3SYTK6, B0CS6L4JLZ, B0CS6LWYB7, B09CGW75VZ, B0CS6LQBFN, B073Y6WZ9K, B085CBRKGQ, B085BNB3F6, B0GLZJ47TD, B0GLZ5H9RK, B09CGTMM91, B073Y64QRG, B0CJYC1K7F, B0CVQN4QH5, B09CGSPSWX, B073CKN8WN, B0GM134CTT, B0GLYM86C9, B0GLYRX3QG, B0747KJ4Z6, B0CTTQR17Q, B0CJRNPVDF, B0CS6MPXGS, B073FD56QJ, B0F9NV4BYV, B0CV12763C, B0DJ95QHW1, B0DJ97H66J, B074P457QY, B073Y7R8LL, B073FDZZLC, B085CBP7TQ, B073Y75SWR, B085BP21VG, B0GLZM3DQL, B0CS6MPKMF, B0DJ97KKXK, B085BNW3CY, B073CLS28F, B073FD8LTX, B0F9NX1865, B085CBF4LG, B0DSQ1D3K3, B0F9NXP65P, B0CVQ883YH, B074P5B5HY, B073FDP9F2, B073CNGDHC, B0CTTRLSRV, B0DSQ1W8Z6, B0BS3T1LZL, B0DJQY53M6, B074P3HY48, B0BS3SMLB9, B0747NZT6K, B0DSQ386ZR, B0CVQRKGZB, B0F9NZ33Q2, B0CVNBFWH8, B073FCNB9W, B0DSPZQ2KD, B0CTTPFN1T, B0F9NX4L6M, B0CJYBZM8R, B0GLZ9BGXD, B0GLYZ184L, B073Y9FDSX, B073FD2R4N, B0CVQLKT7Q, B0747P795F, B0DSQ3RVRK, B0CS6N1XDB, B074NZZC5P, B073CN7F7T, B0F9NZ8N33, B085CBPZ4H, B0CS6N5DP2, B074P34VQV, B0BS3STPX7, B0CW9TN86F, B0DSQ2NTV7, B0747LNRQP, B085BN2JXT, B09CPN1DCN, B085BNHQHD, B073FD1PS6, B073FC5PFB, B0DSQ3D5XJ, B0CS6N1QTB, B0DSQ4B6CZ, B0GLZMRWZQ, B085CBW89R, B0F9NXDS1R, B073FFK4WK, B0DP34SGBZ, B0BS3S2TFV, B0CVQFYR67, B0CS6N562T, B073FFQ8MK, B0CS6KR1FN, B073FD2R47, B073CK5GWD, B0747NHYZX, B085BNZBRZ, B0CVNCGXG3, B0CJRQ7C2K, B073Y79SQS, B0GLZM2LF8, B0CS6Q69P8, B0747QGWDB, B0CS6JC223, B0CVNBDFGX, B0F9NXHJ3C, B073Y688LL, B085BNCRWS, B0GLZ9LDQY, B0F9NZ35PF, B09CPN5Q2J, B0CW9TQ6GF, B0DJQZCPDL, B0DJ96ZGG1, B0F9NX88JB, B09CPMKNHZ, B0CV122PMX, B0F9NX6924, B0CVQBJX2B, B0F9NXH4T1, B073Y7DMFG, B074P4B2Z7, B073CKHWXQ, B073Y7NNL2, B073FD9XQV, B0CJYB2PS3, B073Y9QR13, B073FD9XR4, B09CGVS6JT, B0GLZ4JK54, B0DP358YW3, B0GLZ7NZ68, B0CTZX1HSP, B073Y7H1DL, B073FCRLLC, B09CPMN1HJ, B0F9NTV4VS, B073FCBXSN, B074P18X1L, B0CVNC99QK, B085CBR3NV, B0CVQG6BVX, B074P2K4WK, B09CPNQCH3, B09CPN7JC8, B085BNYCSF, B0FWR1SPHV, B072KBVS4N, B0GLYLZRCV, B0CVQNB8BB, B0DJ96135J, B074P66KT1, B0BS3SBS7S, B0CVQJKBDP, B073Y7TRCR, B0747MFR1K, B085BN282N, B0DSQ2CL8M, B0DSQ5KP2V, B0DSQ1M3F5, B0CS6LYMZ2, B0DSQ3Q9M7, B0DJQY2GVR, B073FC249Q, B073Y97GKR, B0DSQ5S3BC, B085CBMQ2M, B0F9NXVYNT, B0F9NX64DJ, B073FB12Y7, B073Y74YR2, B0DSQ4MR45, B073Y7P2RB, B0GLYVXTP2, B073Y54RBX, B09CPLPYPS, B0F9NTPQF8, B0CJRN4LHV, B0DJQX9RZB, B0CJYF74R4, B073FBS229, B0CTZW773X, B0CS6LF7DT, B0GLZ2QX6V, B0747RTJQF, B0747PYBHN, B073FD9TJQ, B0CS6LS6YW, B073CM9KS3, B0CJYBBM69, B085BNJ9K6, B0DSQ2WH82, B0GLZ9RYRS, B0CVQK8THZ, B073Y79R6N, B0CS6MK63V, B0CS6MYXP6, B0CJRMNL8V, B0F9NZ3C42, B085CBS4GD, B0F9NX9164, B0F9NTV9C5, B073FF7TXS, B0747PJR4L, B0DJ97W3KV, B073CLR2RB, B0CTZYHTDG, B0CJRMWVS2, B085CBF6RQ, B0CVNBFMG2, B0GLZ4DMTD, B085CBS5W1, B0F9NRVRRD, B0GLZC1PSZ, B074P3Z6MM, B073FF3XSK, B0GLYZZ7G1, B0747NB7TT, B0F9NXD9QG, B0CVQDNFDS, B073CMCN3F, B0DTHMCDZ2, B085BNFGL1, B073CLH731, B074P3PM75, B0DJ95W2HR, B0DSQ1G5V6, B09CGVPJT2, B0CVQJTHP4, B0CJRJ9MVB, B09CPNFQJX, B0GCHYS3DC, B0747L84CY, B073FFB8FV, B0CS6MZRLC, B073Y8P6D1, B0GLZ1C5XS, B0CTZV8J1R, B0CVQ8FQZZ, B0CVQ74T12, B0GLZTZXSJ, B0DSQ2R43J, B085CB5H5G, B0CJY9L3ZR, B073CMBLV8, B0GLZG8P37, B0F9NVDJKW, B09CPMJNW6, B074P4MW6W, B074P5733W, B0F9NZ18PX, B085BN9ZZ6, B074P3FN64, B073FCSHG1, B085BMXTMS, B0CS6NQRK3, B0DJR198TJ, B0GLZDSGF4, B085CBSDSS, B0CJY7QN8C, B073CNGMGM, B073Y7STSV, B085BN532X, B073Y6Y8FN, B085CC136P, B074P55YM6, B0CS6NFZYV, B0BS3SJG45, B085CCJV1R, B0BS3TM8S8, B0CJY6T39R, B085BNVGZG, B0CVQDLBG9, B0GLYZCXH9, B0F9NYNVL6, B0DJ96B42L, B0F9NY5X8Y, B09CPMG2K4, B085BN78W2, B0CS6NR1D5, B0CTZYRN4Q, B074P1H8BT, B073CKJN3R, B074P1KRML, B073CJX4SH, B0CS6LDZXG, B0F9NVG89G, B085BNM728, B073CKZ8YD, B073CJXCQD, B0GLZ5KS51, B0CVQHG9SD, B0747M3SYQ, B073Y8Q9JQ, B084KJ7B7Z, B0F9NXBFNK, B0F9NXJF5W, B0CVQJC1XB, B0CVQSSSK8, B0GLZYC5PQ, B073CNBNWD, B073CMF6ZV, B073CMF6ZW, B0CVQJ3X3J, B0BS3RYPX6, B09CGW1BJ9, B073Y75X6C, B0GLY9PXPZ, B073Y5ZHT2, B0CVQNFJM2, B0DSQ4VSQL, B085CBMGFG, B0F9NTZW9D, B0F9NXK5R5, B0BS3TGHCG, B0747TJSVJ, B0CW9TLM2N, B09CPLHZDX, B073CQ4D71, B0DJQY71MJ, B073CLCC2N, B085CBQN4T, B073Y5SPX4, B073CLNKB6, B0DSQ2Q51S, B0CW9V1J5Z, B073Y5CTNR, B074P55PNL, B0CS6NTHXX, B073Y7J4T3, B0747SCWMZ, B09CPMYJH1, B0F9NXQ7NL, B0F9NXJPTT, B0DSQ488K7, B0CVQ8KCYL, B0747RQDZF, B0F9NX8H8Q, B085CBXCLS, B073CL35FT, B085CC3Q5X, B0DJ95VC46, B073Y7N8QD, B09CPM6JQS, B073Y75QLP, B0CVQBJRYB, B0CS6MP21K, B073CLMLHZ, B0CS6NCZLY, B0GLYTMD53, B0CS6NDHFK, B073CLP658, B073FFDVBN, B0DJQXP6FQ, B0CVQ6TPMN, B09CPMJBGB, B085CBT35T, B0CVQKD4Y3, B0F9NXKC7Z, B0DJ985ZV9, B0CS6PZQ4D, B073F9X2YT, B085CBHMMY, B074P3NDBF, B085CBWBKM, B0CS6NNVC9, B0DJQYTBWJ, B073CMRBDZ, B09CPMQT6L, B0F9NXM1JH, B085CCBPFC, B0DJ965GGX, B073Y82HJ8, B085CBST6S, B0F9NZ725S, B085BN5Y5X, B073Y864WJ, B0F9NRRSKX, B0747MBKBG, B0DSQ2NQW9, B0DJ97WQ33, B0DJ983XPF, B074P1TJ9Q, B0CVQFHST1, B0CS6LF2JV, B0F9NX787N, B073CLBNFJ, B0F9NV2LH2, B085CB8YS3, B0DJ96ZSKF, B073Y7TT8Q, B074P598VJ, B0BS3S9ZSP, B073Y6DJVL, B0GLZQ7ZJ2, B073FC1CPS, B0CS6LN5W3, B0DSPYR2GB, B0CS6L3NWV, B073Y7KT4F, B073CKV57V, B073FCNB4R, B0F9NYDFTT, B0747PQ447, B0F9NV6J8N, B0F9NYKSYL, B0DTHLMQ9G, B0CS6PPR6M, B073FD8NSC, B085CC5NGR, B0F9NV7WPT, B0GLZ1PYL4, B0F9NV7JWJ, B0DJQZ9MCR, B0CS6PSLC4, B09CGSRVWR, B0DJ94M3NM, B0GLYWHD23, B073CNGJZ9, B073Y9Q84B, B0DJQW8PBX, B0CS6MP66B, B073Y8QHPT, B0GLZVGYHB, B0GLZB4V43, B0GLZ7STMJ, B0CJYBPKXX]",amzn1.campaign.3HTXV4M9UBV1L,"SELTERM — Pro-Grade Copper Lugs for DIY, Marine, Solar & Auto Projects",SELTERM,2026-08-13,2026-12-31,20.00%,500000.0,500000.0,13,800,false
[B0CRSNMV6C],amzn1.campaign.3RG4KTCVJ27YT,Top Selling Large Cutting Board Plastic- B0CRSNMV6C - Creator Connections - V1,Belwares,2026-08-13,2026-10-13,10.00%,10000.0,10000.0,34,800,false
"[B09Q4Q4XFH, B09RTS11KK, B0BV1C73PX, B08X4X3ZZ9, B0B3Q7GNSV]",amzn1.campaign.3JV0H2AMWE9H1,Routine Upgrade: Hume Desert Bloom Deodorant - Formula and Format Test,HUME SUPERNATURAL,2026-08-13,2027-05-24,13.50%,642118.0,642118.0,14,800,false
"[B0DBKTDNFQ, B0DHXFJ38N, B0DPFYSSWM, B0DHXDDPDR, B0DPFXMW3M, B0DK4MYR5Z, B0DHXDNP17, B0DHXHLPMX, B0DHXG53JV, B0DHXDB9PR, B0DPFXF9Z4, B0DPFWY7BZ, B0G3376B18, B0DPFXYJMD, B0G34GYJC1, B0DPFZK9T8, B0DPFWXTD5, B0DHXHJJGQ, B0DPFX158F, B0DPFY8HJY, B0DHXFLN46, B0DHXGGX99, B0G34FSDC4, B0DBKHMZS5]",amzn1.campaign.KMV6ZEGJW0KQ,Vintage Washable NonSlip LowPile Rug Campaign-2026/08/11,GENIMO,2026-08-13,2026-11-13,10.00%,5000.0,5000.0,52,800,false
"[B0HBJDK6W4, B0HCVNBFT3, B0HDQ1BWXQ, B0H9S57BJF, B0HC3Q24K7, B0HCVK949K]",amzn1.campaign.INLH8IKP5TEP,Habioer Bunion Corrector - Toe Separators For Men and Women  B0HBJDK6W4-jz,Habioer,2026-08-13,2026-10-31,10.00%,5000.0,4986.25,30,800,false
"[B0GS2GBKZ6, B0GS2K4V8P, B0GS2CM7ZJ, B0GS2C8JYZ, B0GS2DZPZV, B0GS2PJJX4, B0GS247THW, B0GS29CMWJ, B0GS2FYM45, B0GS27W8LX, B0GS2CGCJ7, B0GS2CKBMC, B0GS2KC8GS, B0GS33MQL6, B0GS2WD21K]",amzn1.campaign.RJW6SQ56XN6U,Limited Time Deal: 🌸 Glamaker Chic Denim Maxi Collab -LW-M26SK0001,Glamaker,2026-08-16,2026-11-29,10.00%,5000.0,5000.0,20,800,false
"[B091MLSF82, B08CSTT8B7, B08DWJS48C, B09FJ44DHC, B0D3NRQ3WG, B08H7RJRYG, B08GY8HJZX, B08DWB5LWP, B00ICVHYSA, B0DJCCZDVZ, B09FJ6CQ1F, B08H8FQBP9, B09K91QLYL, B07KNBPZHS, B09K8ZR6H2, B09FJ5XZ2L, B08F4Y1JFS, B08H8KDBZM, B08DW49KN3, B09FJ4LZQS, B08DVZG2BM, B09FJ5GTM1, B097FDNF7D, B08H8KQ3GW, B09FJ5JS9X, B09FJ4PP3S, B091MDJ36L, B0DJ3FGJZV, B0DJ3G3NSZ, B0D3NMMZRT, B08H7M99TQ, B08H8N4KCH, B097FDQWKW, B08CSTCP62, B08GYGYGKQ, B08H87C4HM, B07KX825YR, B07KX7VS49, B07KX7C4Y7, B09FJ3WM29, B08GY18RSY, B09K8Z4Z15, B08GY6Y7R4, B0DJCDH17B, B09K96LY3P, B08HBX886G]",amzn1.campaign.2KR3LPGEOD6VF,"Practical Review: Grinds Coffee Pouches - Mix, Sip, Honest Reaction",GRINDS,2026-08-13,2027-03-05,11.50%,624884.0,624884.0,18,800,false
"[B0GS2GBKZ6, B0GS2K4V8P, B0GS2CM7ZJ, B0GS2C8JYZ, B0GS2DZPZV, B0GS2PJJX4, B0GS247THW, B0GS29CMWJ, B0GS2FYM45, B0GS27W8LX, B0GS2CGCJ7, B0GS2CKBMC, B0GS2KC8GS, B0GS33MQL6, B0GS2WD21K]",amzn1.campaign.2ZHC1DH983KQH,HOT Deal: 🌟 Glamaker Slim-Fit Denim Maxi Collab -LW-M26SK0001,Glamaker,2026-08-16,2026-11-28,10.00%,5000.0,5000.0,20,800,false
"[B0H3NHJKWL, B0H8DGRNF6, B0H8F119TT, B0H8DW419T, B0H3NL4TGB, B0GYY8D81W, B0H8DPDBCQ, B0H8DS1VQ7, B0H3NJ9XYQ, B0H8DW8G7L, B0H3NF6DB5, B0H3NBWR2L, B0H3NG2ZLZ, B0GYX89RJW, B0H8DSNYZP, B0H8DLVDQS, B0H8DCYT68, B0H8DT4NYC, B0H8DP2BR1, B0H8DQKZ14, B0H8DWMGCY, B0GYWY4Q5Q, B0H8DT8YPK, B0H8DMBYL6, B0H8DL2HRF, B0H8DGKYB1, B0H8DPPSC1, B0H3NPGJQV, B0H3NPJ6X1, B0GYYFGJWN, B0H3N6N9GQ, B0GYX2LMZJ, B0H8DTWG63, B0H8DH7RC8]",amzn1.campaign.MXO4R0R4JHGO,Washable Runner Creator Promo-2026/08/11,GENIMO,2026-08-13,2026-11-16,10.00%,5000.0,5000.0,52,800,false
"[B0CHMR2LQR, B0D22YV2G2, B0D5QPB7HM, B0FMR1MS37, B0D22XDTNN, B0CPHR2RC8, B0GXCZXMZS, B0GXCSYBJT, B0G3ZKP3YQ, B0CWRVRTQS, B0CWRTG9SR, B0CHMNLVWC, B0FMR1738J, B0FMR17SXJ, B0GXCXCJVX, B0D22Z944P, B0GXDCLDG4, B0FMR12Y6N, B0CHMP52N3, B0CRRWPNBQ, B0D22TZQ4B, B0CRRWCVZ4, B0D22W8SDR, B0D22XWKV5, B0GXD5GNL4, B0DK6S76LR, B0D22ZT4PB, B0CRV13T4F, B0G3ZLJLC8, B0D22ZRVY2, B0F8H7465X, B0FMQZZLBB, B0H6Z4WKTG, B0D22YDZS5, B0FRFNJ1YF, B0D5QQYKS3, B0DK6QDZ55, B0CWRWYTWL, B0G3ZRFKG5, B0CPHN33CN, B0G3ZM1Z7X, B0F8HTS2RC, B0GXDC42M7, B0G3ZRPTGJ, B0G3ZS99FQ, B0H6Z7Y89B, B0GXDFPZVS, B0GXD46PKM, B0GXD6656K, B0D7ZT18LK, B0CWRVFHFL, B0D22XDQNL, B0GXCXTNJ2, B0D22ZVBCV, B0G3ZMSTYB, B0FMR1V7FW, B0GXD2HW3S, B0CRRWRTF4, B0G3ZNT27F, B0D7ZVCXNV, B0CWRWYPXJ, B0G3ZNLHC4, B0D22Y6QZ4, B0D22ZLTQ5, B0CWRVFJ5H, B0CPHTB4DR, B0CHMN3149, B0FMR23XZ2, B0G3ZQCTL8, B0G3ZKYMNP, B0F8HLGRTX, B0FRF4Q28M, B0G3ZMYC69, B0GXCZY9T3, B0GXD2L87P, B0GXD5V9FW]",amzn1.campaign.96TXEYZ1YFIW,Limited Time Deal! Save Big With Rug Promo-YL-KCJ,PureCozy,2026-08-14,2026-10-15,10.00%,5000.0,5000.0,22,800,false
"[B0F2T2L7PV, B0F2T5QJQ3, B0F2T32LM7]",amzn1.campaign.SVODB6YAB9JA,Limited Time Deal! Modern Saddle Bar Stools Set of 4 🥂 -ZH-LKS,Compsia,2026-08-15,2026-10-11,15.00%,5000.0,5000.0,45,800,false
"[B0H3NHJKWL, B0H8DGRNF6, B0H8F119TT, B0H8DW419T, B0H3NL4TGB, B0GYY8D81W, B0H8DPDBCQ, B0H8DS1VQ7, B0H3NJ9XYQ, B0H8DW8G7L, B0H3NF6DB5, B0H3NBWR2L, B0H3NG2ZLZ, B0GYX89RJW, B0H8DSNYZP, B0H8DLVDQS, B0H8DCYT68, B0H8DT4NYC, B0H8DP2BR1, B0H8DQKZ14, B0H8DWMGCY, B0GYWY4Q5Q, B0H8DT8YPK, B0H8DMBYL6, B0H8DL2HRF, B0H8DGKYB1, B0H8DPPSC1, B0H3NPGJQV, B0H3NPJ6X1, B0GYYFGJWN, B0H3N6N9GQ, B0GYX2LMZJ, B0H8DTWG63, B0H8DH7RC8]",amzn1.campaign.1M2Q0DKXMBLEX,Washable Runner Creator Promo-2026/08/11,GENIMO,2026-08-13,2026-11-15,10.00%,5000.0,5000.0,51,800,false
"[B0GS2GBKZ6, B0GS2K4V8P, B0GS2CM7ZJ, B0GS2C8JYZ, B0GS2DZPZV, B0GS2PJJX4, B0GS247THW, B0GS29CMWJ, B0GS2FYM45, B0GS27W8LX, B0GS2CGCJ7, B0GS2CKBMC, B0GS2KC8GS, B0GS33MQL6, B0GS2WD21K]",amzn1.campaign.3OAE9TFV846OV,Great Deal: 🌿 Glamaker Versatile Denim Maxi Collab -LW-M26SK0001,Glamaker,2026-08-16,2027-02-27,10.00%,5000.0,5000.0,21,800,false
"[B0H6WMLZ7Z, B0H6WPPS8D]",amzn1.campaign.CHV16R03GNGN,Basement Drain Cover-8月11日,Avanhitch,2026-08-13,2027-08-13,10.00%,6000.0,5924.05,23,800,false
"[B0H3NHJKWL, B0H8DGRNF6, B0H8F119TT, B0H8DW419T, B0H3NL4TGB, B0GYY8D81W, B0H8DPDBCQ, B0H8DS1VQ7, B0H3NJ9XYQ, B0H8DW8G7L, B0H3NF6DB5, B0H3NBWR2L, B0H3NG2ZLZ, B0GYX89RJW, B0H8DSNYZP, B0H8DLVDQS, B0H8DCYT68, B0H8DT4NYC, B0H8DP2BR1, B0H8DQKZ14, B0H8DWMGCY, B0GYWY4Q5Q, B0H8DT8YPK, B0H8DMBYL6, B0H8DL2HRF, B0H8DGKYB1, B0H8DPPSC1, B0H3NPGJQV, B0H3NPJ6X1, B0GYYFGJWN, B0H3N6N9GQ, B0GYX2LMZJ, B0H8DTWG63, B0H8DH7RC8]",amzn1.campaign.JRPRJJCVLW9,Washable Runner Creator Promo-2026/08/11,GENIMO,2026-08-13,2026-11-14,10.00%,5000.0,5000.0,59,800,false
"[B0F2T2L7PV, B0F2T5QJQ3, B0F2T32LM7]",amzn1.campaign.3HFZZ79WQ1ULK,HOT Deal! Bar Stools Set of 4 with PU Leather Seats ☕ -ZH-LKS,Compsia,2026-08-15,2026-10-10,15.00%,5000.0,5000.0,42,800,false
"[B0H4FNJCT6, B0H4FB578K, B0H4FHJ3MR, B0H4FHFDBM, B0H4FQ2R4C, B0H4FHKZ6K, B0H4FDDZVH, B0H4FF1SVK, B0H4FL49KM, B0H4FL619H, B0H4FNC37M, B0H4FHBW49, B0H4FBKVXX, B0H4FL61B4, B0H4FKW6B3, B0H4FC9R9L, B0H4FDSFJN, B0H4FG5Q9N, B0H4FL8MG9, B0H4FKD2BD, B0H4FG93PN, B0H4F96VLK, B0H4FBWT1X, B0H4FK3NHX, B0H4FJSBFF, B0H4FFDHYG, B0H4F6Z1NB, B0H4FGTTQM, B0H4FFP1KW, B0H4FF3PSG, B0H4F8YGK3, B0H4FHQSW9, B0H4F9KV22, B0H4F7FNRX, B0H4FJ8HCB, B0H4FM86JB, B0H4F6KJ7L, B0H4FDTR5F, B0H4FBXKYY, B0H4F5KKS2, B0H4F6HYVZ, B0H4FD4NR3, B0H4F9KG7Q, B0H4FHPY9N, B0H4FCL5YM, B0H4FCLLS4, B0H4FH21DJ, B0H4F8J8JV, B0H4FBM4VP, B0H4FL669S, B0H4FNP2FH, B0H4FGLPNJ, B0H4FJGWLJ, B0H4FHZ9LJ, B0H4F4JJ41, B0H4FC7Z5K, B0H4FHL5QN, B0H4FKXK22, B0H4F9DD8C, B0H4F6WLKH, B0H4FNB6CC, B0H4FG6B6R, B0H4FC29L2, B0H4FJFP9H, B0H4F8M5HR, B0H4F8HBYC, B0H4FKGX64, B0H4FF9B6K, B0H4FCPWT1, B0H4FL4MHX, B0H4FG4ZB2, B0H4FCDMR3, B0H4FFJFHZ, B0H4FD4VFN, B0H4FHZWRR, B0H4FCHZSV, B0H4F3RLZN, B0H4FJKW5B, B0H4FBXKWX, B0H4FC3PC9, B0H4FFGHNQ, B0H4F9PDF2, B0H4FBCTWT, B0H4FCKPKJ, B0H4FDBCY5, B0H4FHGVTZ, B0H4F8HFRD, B0H4FBGMJ7, B0H4F96BSP, B0H4F382TV, B0H4FFKF1L]",amzn1.campaign.2RSGZAQ6HARGJ,B2PMR26TAC-Knee High Boots-10% of Commission rate-20260817,IDIFU,2026-08-17,2026-10-16,10.00%,5000.0,4669.28,13,800,false
"[B0G87S94CW, B0G87F978J, B0G8735S6W]",amzn1.campaign.33NMC1W0SE661,Routine Upgrade: Hume Supernatural Body Wash - Simple Daily-Routine Fit,HUME SUPERNATURAL,2026-08-13,2027-05-21,13.00%,636102.0,636102.0,21,800,false
"[B0BWHZKS7L, B0F1CV5344, B0FSKK6Q17]",amzn1.campaign.2HR37BZ8OBR5L,"Portable Plastic Storage Cases for Battery, Coin, Card & Small Gadgets",FULLCASE,2026-08-13,2026-09-30,20.00%,5000.0,5000.0,10,800,false
"[B0FY4DRL9Q, B0FSLQDY5D, B0FS39HDSW, B0H389M4NW, B0DWV7M97D, B0GQZSBGZ6, B0DWVB41YT, B0H2NN1NB2, B0GR124TZF, B0FSLQ12NV, B0DWVB3DT5, B0GQZL4B4Z, B0DK81C9LY, B0FS423VCQ, B0H3865MCZ, B0FY44ZMZB, B0FSLS1LF4]",amzn1.campaign.19HCZ7W1JA5IP,Practical Review: Grinds Focus Energy Pouches - Convenience and Daily Fit,GRINDS,2026-08-13,2027-03-04,10.50%,617729.0,617729.0,0,800,false
"[B0H588HNWG, B0H57YSN3P]",amzn1.campaign.2JLRFSW0WAOM,Collaboration Invitation: Promote Our Teak Wooden Meat Chopper,AXKYPRO,2026-08-13,2027-08-11,12.00%,10000.0,10000.0,26,800,false
"[B0H3NHJKWL, B0H8DGRNF6, B0H8F119TT, B0H8DW419T, B0H3NL4TGB, B0GYY8D81W, B0H8DPDBCQ, B0H8DS1VQ7, B0H3NJ9XYQ, B0H8DW8G7L, B0H3NF6DB5, B0H3NBWR2L, B0H3NG2ZLZ, B0GYX89RJW, B0H8DSNYZP, B0H8DLVDQS, B0H8DCYT68, B0H8DT4NYC, B0H8DP2BR1, B0H8DQKZ14, B0H8DWMGCY, B0GYWY4Q5Q, B0H8DT8YPK, B0H8DMBYL6, B0H8DL2HRF, B0H8DGKYB1, B0H8DPPSC1, B0H3NPGJQV, B0H3NPJ6X1, B0GYYFGJWN, B0H3N6N9GQ, B0GYX2LMZJ, B0H8DTWG63, B0H8DH7RC8]",amzn1.campaign.2IMI51PUT2TI3,Washable Runner Creator Promo-2026/08/11,GENIMO,2026-08-13,2026-11-13,10.00%,5000.0,5000.0,56,800,false
"[B0GS2GBKZ6, B0GS2K4V8P, B0GS2CM7ZJ, B0GS2C8JYZ, B0GS2DZPZV, B0GS2PJJX4, B0GS247THW, B0GS29CMWJ, B0GS2FYM45, B0GS27W8LX, B0GS2CGCJ7, B0GS2CKBMC, B0GS2KC8GS, B0GS33MQL6, B0GS2WD21K]",amzn1.campaign.19CLI54BODV8F,HOT Deal: ✨ Glamaker High-Waist Jean Skirt Collab -LW-M26SK0001,Glamaker,2026-08-16,2027-02-25,10.00%,5000.0,5000.0,8,800,false
[B0H224L66Z],amzn1.campaign.21A433CAOLU9M,Collaboration Invitation: Promote Our Adjustable Bread Knife for Homemade Bread,AXKYPRO,2026-08-13,2027-07-20,12.00%,10000.0,10000.0,20,800,false
"[B0FP46GL41, B0FSRH9HR1, B0D178NXRH, B0DCVL7PY6, B0DN1LBXWZ, B0FFGKFCCQ, B0DFYKQVTR, B0D1X7YHM1, B0D1XN217C, B0F189PZM5, B0GZVTCQ1B, B0GDXVYH6W, B0DCG24C1J, B0D1X5R7WP, B0DFYMVHSQ, B0DBV83CDJ, B0GXZV3NLS, B0F2MD47P2, B0HBB42JY5, B0FSRH4DX6, B0FRFND857, B0D478GHMP, B0CP3ZQMGT, B0CQJD5P1G, B0FV32S46J, B0H364PLV4, B0DP77JSHJ, B0FV32QP3K, B0DFYH8TL9, B0GXY1V7KY, B0F18CHZ1W, B0FSR5JP96, B0FSRH3YBK, B0CLHVX3PJ, B0GDXL1LJ8, B0H2V1VJZF, B0FSR5HCF9, B0GWM29VKX, B0DFYPYX52, B0DN63KVWF, B0F52H4FYV, B0CY2B8PXX, B0DN62YN65, B0FPFTRM7Y, B0DN1MWB3S, B0FSRFDQ7B, B0CP41C5WB, B0D1XL3XZW, B0HBBBCRQ3, B0DFYL7DDQ, B0D66NCDGH, B0CP5J75MP, B0FY2Y64Y9, B0DN1NRVKN, B0DP7B4BYR, B0G4M6SK1M, B0DP7CCB14, B0H36J99S8, B0F1815TLY, B0F2M8684J, B0DP3YS8LN, B0DCVKKNRT, B0H36G4G28, B0D66MH44H, B0DP7D45H6, B0FRFT18J7, B0D173PXSD, B0FV313SPX, B0FFGNL9HJ, B0FRFK8NWG, B0DJR36RGG, B0G7X6KYFV, B0F3XM9H6P, B0FSRJVFB1, B0F18X7HZH, B0GDXCKDCB, B0DCVLGZ9W, B0G2RQGTMR, B0CRNK1T56, B0DXP4X57N, B0DCG6FVWV, B0GXD6QQPW, B0GXK13C29, B0DQ4MB7XV, B0DFYJGWKY, B0FP4D9JT6, B0CP5DL63Q, B0FFGG68P1, B0GXDH5Q2R, B0DCG4LLB9, B0F527SQG6, B0G2RQDT1G, B0FPFGYLC6, B0FV313GRT, B0GXKC72X8, B0F2M83MDY, B0GXY7HY5Y, B0CP3YS6JF, B0F2MCMMHS, B0GDXKPKC7, B0DFYMQCTR, B0F3XKTD1K, B0GXZV55R2, B0GXYCK4ZV, B0FPFV9CRR, B0DP7B8LDD, B0DPM4SRXB, B0GT3SNY9X, B0FFGN9T5B, B0DP78W5GF, B0FRFJZD7Q, B0DPM19RWQ, B0DPM4B5QJ, B0F3XL8K56, B0DP7B832C, B0GXK8T97B, B0FSR67271, B0GPXBQ1KV, B0DGQ5GXX3, B0DFYL2XTG, B0GXDF5RLX, B0D1XL4DS6, B0GZ3VZ52V, B0D1XTBZPZ, B0GXDH4HBN, B0CTQV5FXS, B0DCGC4QWK, B0GDFF7Y3L, B0GXKFJPDZ, B0DP7BMT6N, B0D1Y1K1XY, B0CP3Y8LGV, B0DP77SJYJ, B0FW4R2QMX, B0GY12LV5X, B0GHQQRP6J, B0GHQHJR2K, B0GPX4DZBW, B0CLHV84LX, B0DN1MVRRK, B0D176JGQF, B0D1X43MTG, B0GHQQPZRD, B0F3XP3Z38, B0F2M9T66M, B0FY2Z3HHF, B0CTQV3LH4, B0GHQBJ68B, B0GZ18R6ZT, B0FV2YY748, B0DCVL7SYP, B0GXDDFSS6, B0CY29SQH3, B0GPWRRHRQ, B0GRGFSL4T, B0HBBF63TS, B0FSR5L5XX, B0DFYN4X6H, B0H36BXLTQ, B0D1XV83JJ, B0GXY813QC, B0FW4QVK1V, B0D1XWJNN2, B0DP7BYV6G, B0CY2GFK4Q, B0CTQV9K8J, B0DFYLQ2ZG, B0D66MB6PN, B0CQJCDGYN, B0DPM4LDN9, B0CP3YJRY4, B0H4QRDZX5, B0GDFPQD78, B0DFYL6SK3, B0GDFPHTQR, B0GXD6X3VH, B0F2MFZ24W, B0FFGKWH25, B0HBB8LQRF, B0F2MG352K, B0DP3YHBWG, B0F2M3M9FT, B0FMR1XMCX, B0GDXL9HRX, B0CLHVC9RD, B0DCVKRBQV, B0FW4QWCMJ, B0FMR23YMD, B0GDXRCDVM, B0F2M8SJKG, B0DCVJN1XH, B0H335Y3LF, B0FPFGKYSD, B0CLHTMPZ8, B0GDFFR59C, B0FSRHQJ7V, B0GDFJDWKQ, B0GXKC98C9, B0DP417J3H, B0F52KXYMB, B0DPMRWQLV, B0H36C8452, B0FV2ZJ7Y3, B0FY2Y2NP6, B0DP3Y7G58, B0DCVLDGFZ, B0DP7C3KJ4, B0CP5FGBSD, B0G3WYCZL6, B0DQ4NKBVP, B0GXDRT6F3, B0DP3ZC4PS, B0HBB7L3S7, B0D1XHLJ6K, B0G2RP9YF8, B0H25STXL2, B0FPFT64M1, B0GZVZPLGH, B0H1C4MBLM, B0FPFGR8XD, B0F186QN13, B0DP3Z2Q5Q, B0D1XJ3MNC, B0DCVKB7FK, B0D1X44BDH, B0CLHV9M1F, B0FV31MHP4, B0GHQZ9V6S, B0FRFKYCDC, B0HBB9N385, B0DXPTVKCG, B0DN6319NJ, B0FMR2ZW7S, B0DCG6WVP3, B0DP7DFPD5, B0DP41CK4L, B0GDXT7ZT1, B0DCVKDMLQ, B0DXPCFFN9, B0GDXN87W7, B0FSR8JX2V, B0FSRGFWW7, B0DFYMSBV6, B0DFYLJ6QD, B0CLHV5CH8, B0GXKBQDQH, B0CP3Z4HHK, B0DPMRCJW9, B0GXKBFNFZ, B0DP78B2HZ, B0D1XS446S, B0D1XJ2LM6, B0DCGBKSWV, B0GHR389BR, B0H3664SLS, B0F52NQMPK, B0GDFBVQ28, B0DPM6H36Z, B0CP3YQZ16, B0DP7CWMGK, B0DCG3X6DZ, B0GDFJVPLY, B0DJR38Z5H, B0D66MXDGV, B0F2M3TK1D, B0DCVLGQLD, B0CP41L68G, B0GRGRLFP4, B0HBB7HLTH, B0DFYLN9N1, B0GDFLRKVV, B0G2RQ939H, B0D1XPRBMV, B0DCVJN35H, B0DP3Z4T8C, B0DN646D76, B0GSXT731W, B0DFYJQ1N4, B0HBBGM737, B0DP7BLHZV, B0FMR2WPQZ, B0GRGRZYL9, B0HBB4L3L7, B0DP3Y1RS5, B0DN611FJB, B0HBBCBZZC, B0FPFQPCKT, B0F18JQ37N, B0FP47Z8HP, B0GXY1Z4HW, B0D478QQ2H, B0DJR42SN1, B0FN3DDS5Z, B0GSY68MSZ, B0F2MB26YS, B0DFYM6D8B, B0FFGJPD25, B0GDFBJTWZ, B0D1XMCF95, B0FFGJPVVK, B0FPFR922F, B0GXK8YG86, B0F2MJ5HYB, B0DBVD4K7N, B0GWMF9VVC, B0GDFX9H37, B0DGQ6WBXG, B0FY2ZZZM3, B0GPWYB2B4, B0CLHV3X6K, B0G7XPRKZP, B0GDX4CBHC, B0GDFG3NBQ, B0GHND4LHY, B0D1717YG4, B0G4M7CGMR, B0DCVLJMHP, B0DCVLJMHK, B0HBB8M1VR, B0D66LCWSV, B0H366TG8P, B0GDFQ7BLH, B0GDFBX9Z3, B0DP3YVVNP, B0FMR1FBXQ, B0GDFXW64K, B0D66M612C, B0GSY66FJM, B0G4M653F9, B0FP4DQW77, B0DP7BTW2W, B0DP3YBZ33, B0DCG6W65M, B0GXKBL3DZ, B0FD9JV4KC, B0GHQHW18W, B0D66PZS5P, B0GDFRHP79, B0HBBH9VCK, B0GPX1QCQC, B0FPFSH7R3, B0DPMR7XSH, B0D4M29XNQ, B0FPFSS2FK, B0FFGL9MRM, B0H33FB4PD, B0F18F25BF, B0GRGR4CYX, B0DCVL3LHC, B0D66SB81T, B0GDFQR6J3, B0GY11T7NS, B0DFYMD611, B0DN1P7BJ5, B0D4M1LL37, B0GXZYR69B, B0GDXN94X2, B0CP5L1RVH, B0GXKBSPL3, B0F3XN52H2, B0HB9WLB2T, B0GXKBSPL5, B0F531KMT7, B0DQ4K6GKF, B0H3688MCH, B0H369KLNM, B0FSRHGW9Y, B0CLHV9NLS, B0GSXZ91TQ, B0CP5GS7FB, B0GDFSR4GP, B0GDFMT84Z, B0G2RT4GF2, B0H1WKQR1M, B0CP5L4V64, B0GXZWH2GL, B0H33DC4DR, B0GXYHRBFM, B0HBB5XLBH, B0FMR2WNGZ, B0CTQS2YH5, B0DN1Q88WQ, B0DP789W2B, B0FMR1MZYY, B0DCVKST54, B0DP7CNVLS, B0FW4TGHC3, B0H4QKX8DL, B0DN5YM8J9, B0DBVDG7V8, B0GRGR5ZF9, B0GXYMCZRF, B0CP3YB7R4, B0GPX7PJ95, B0D16YWL26, B0FPFRTTGK, B0DXPB1RLD, B0FV2ZFYC9, B0H361V6TH, B0DFYK4ST2, B0DFYGT8Q8, B0DP7B7VMB, B0DN5ZRW8W, B0F2MBD6F5, B0HBBHPQZ1, B0H362XR6Q, B0H4QJZW7M, B0D1XSGHLL, B0DP7C5QLG, B0H36C5PY5, B0H1WF6T2X, B0CY2CXD1B, B0GDFPYK7L, B0DN5XHRZ9, B0GZVTCVBY, B0F17XVJ3F, B0G2RQGGKK, B0H367876P, B0DQ4QMW4B, B0GXDJL1LJ, B0D1XND9J1, B0D1XFJ38Z, B0F52FY499, B0DCVK8H8R, B0FFGLJDFS, B0H1C8CJWP, B0GXK2JYCS, B0DP3Y78G3, B0FY2ZWPZK, B0CLHTP9Q2, B0FW4NPZTV, B0DCVGRD1M, B0G2RQN522, B0GXKDMDPT, B0CTQT3FFS, B0DP3YHPCS, B0GXDH48XJ, B0DFYKSM38, B0GRGQHN9W, B0DFYKW21Z, B0GXD1PJ27, B0DP79HW5H, B0DCVLB35Z, B0H366ZXMX, B0FRFPH3T5, B0GXZZWKWR, B0GPWTXV81, B0DP77B8D4, B0GXDG7YK5, B0GHR1K5RW, B0D477ZND6, B0F52WRRBJ, B0FSRK6D9D, B0DXP1RMFB, B0FRFNZYKV, B0FP46TJ3Y, B0GXY46D9V, B0H36FVKZB, B0GXK8PKT5, B0CLHV45FC, B0FSRGHYGR, B0G7XLKDJK, B0FSRGGPXZ, B0DPM371R6, B0CLHV1K9J, B0FPFRJTXZ, B0DN634ZZ3, B0HBBFBLFK, B0H33CRX4Q, B0GRGSVWKF, B0H1C5TF2C, B0DN1MJ3CP, B0FPFR5QQV, B0F18QVL46, B0FFGJHXFL, B0GSY5KQBQ, B0FPFQHVDD, B0GHQVNW97, B0FPFRY7ZP, B0FPFD5BCB, B0GXY4C4VZ, B0DGQ4YPGM, B0G7XCXXNR, B0FD9JXJG7, B0H25LQ712, B0FY32H7QP, B0DP3YZ6X7, B0HB9THMVL, B0D1X88P49, B0D4M2CGR8, B0GXYF5HFF, B0FN397K17, B0DCVKJKG3, B0DBV9FJ1J, B0FPFGWQKH, B0DFYL9W4B, B0GXYC61KK, B0GHMW1JHS, B0GDXR4SW5, B0DP7BJM9R, B0DP7BTJWJ, B0CY2CXRVL, B0DXPJR429, B0GXD9ZJWT, B0HBBF1TKM, B0FY2Z38QM, B0D3GH2JL3, B0FSRC3BG2, B0FPFQ7FV7, B0DCG4B4VM, B0D9VRJJHL, B0CTQT9TXG, B0F52H1B72, B0H368848L, B0FV322JZS, B0GWLVR32L, B0GDXB1L7M, B0DN1MFSJY, B0FSRJ2WKH, B0GXZXVDK6, B0H1WG19J3, B0FY2YZ5QX, B0DPM3GFFY, B0FRFPB967, B0GHQW1ND9, B0DCG8CVBX, B0D66PJBHB, B0DFYKQZQW]",amzn1.campaign.IKN3MSQPD4S4,Boho Washable NonSlip Runner Creator Promo-2026/08/11,GENIMO,2026-08-13,2026-11-16,10.00%,5000.0,5000.0,7,800,false
"[B0F2T2L7PV, B0F2T5QJQ3, B0F2T32LM7]",amzn1.campaign.21JZLS590FN7K,Great Deal! Counter Height Bar Stools Set of 4 🪑 -ZH-LKS,Compsia,2026-08-15,2026-10-09,15.00%,5000.0,5000.0,46,800,false
[B0DKG5TNQP],amzn1.campaign.2MQO4FOIGXW1B,40:1 Myo-Inositol + D-Chiro Inositol for Hormone Balance - 30% COMMISSION,Pink Stork,2026-08-13,2026-12-31,30.00%,20000.0,19740.26,12,800,false
"[B0CRYX82TN, B0CRZ1L8DP, B0CRYXQGDH]",amzn1.campaign.3FD1DZPFGEDXZ,Best Selling Shower Curtain Hooks! 15% Comms! 💰,BigFoot,2026-08-13,2027-08-01,15.00%,100000.0,100000.0,31,800,false
"[B0H6Q6RX2L, B0H6Q9D35H, B0H6QGY97V, B0H6Q6NQVF, B0H6QC8PW8, B0H6Q546WD, B0H6Q6ZYL4, B0H6Q54QLY, B0H6QKB9WZ, B0H6Q8LBD3, B0H6QCK7H5, B0H6Q52MXM, B0H6QHXYGH, B0H6QJWRPK, B0H6Q88X14, B0H6QJCWCG, B0H6QBTCSG, B0H6QFJ9DH, B0H6QD9JN4]",amzn1.campaign.3GPQVN09TEYMY,YOOLIFE Personalized Gifts for Women PU Initial Sling Bag (B261079),YOOLIFE,2026-08-13,2026-10-01,10.00%,5000.0,4940.76,14,800,false
"[B0FP46GL41, B0FSRH9HR1, B0D178NXRH, B0DCVL7PY6, B0DN1LBXWZ, B0FFGKFCCQ, B0DFYKQVTR, B0D1X7YHM1, B0D1XN217C, B0F189PZM5, B0GZVTCQ1B, B0GDXVYH6W, B0DCG24C1J, B0D1X5R7WP, B0DFYMVHSQ, B0DBV83CDJ, B0GXZV3NLS, B0F2MD47P2, B0HBB42JY5, B0FSRH4DX6, B0FRFND857, B0D478GHMP, B0CP3ZQMGT, B0CQJD5P1G, B0FV32S46J, B0H364PLV4, B0DP77JSHJ, B0FV32QP3K, B0DFYH8TL9, B0GXY1V7KY, B0F18CHZ1W, B0FSR5JP96, B0FSRH3YBK, B0CLHVX3PJ, B0GDXL1LJ8, B0H2V1VJZF, B0FSR5HCF9, B0GWM29VKX, B0DFYPYX52, B0DN63KVWF, B0F52H4FYV, B0CY2B8PXX, B0DN62YN65, B0FPFTRM7Y, B0DN1MWB3S, B0FSRFDQ7B, B0CP41C5WB, B0D1XL3XZW, B0HBBBCRQ3, B0DFYL7DDQ, B0D66NCDGH, B0CP5J75MP, B0FY2Y64Y9, B0DN1NRVKN, B0DP7B4BYR, B0G4M6SK1M, B0DP7CCB14, B0H36J99S8, B0F1815TLY, B0F2M8684J, B0DP3YS8LN, B0DCVKKNRT, B0H36G4G28, B0D66MH44H, B0DP7D45H6, B0FRFT18J7, B0D173PXSD, B0FV313SPX, B0FFGNL9HJ, B0FRFK8NWG, B0DJR36RGG, B0G7X6KYFV, B0F3XM9H6P, B0FSRJVFB1, B0F18X7HZH, B0GDXCKDCB, B0DCVLGZ9W, B0G2RQGTMR, B0CRNK1T56, B0DXP4X57N, B0DCG6FVWV, B0GXD6QQPW, B0GXK13C29, B0DQ4MB7XV, B0DFYJGWKY, B0FP4D9JT6, B0CP5DL63Q, B0FFGG68P1, B0GXDH5Q2R, B0DCG4LLB9, B0F527SQG6, B0G2RQDT1G, B0FPFGYLC6, B0FV313GRT, B0GXKC72X8, B0F2M83MDY, B0GXY7HY5Y, B0CP3YS6JF, B0F2MCMMHS, B0GDXKPKC7, B0DFYMQCTR, B0F3XKTD1K, B0GXZV55R2, B0GXYCK4ZV, B0FPFV9CRR, B0DP7B8LDD, B0DPM4SRXB, B0GT3SNY9X, B0FFGN9T5B, B0DP78W5GF, B0FRFJZD7Q, B0DPM19RWQ, B0DPM4B5QJ, B0F3XL8K56, B0DP7B832C, B0GXK8T97B, B0FSR67271, B0GPXBQ1KV, B0DGQ5GXX3, B0DFYL2XTG, B0GXDF5RLX, B0D1XL4DS6, B0GZ3VZ52V, B0D1XTBZPZ, B0GXDH4HBN, B0CTQV5FXS, B0DCGC4QWK, B0GDFF7Y3L, B0GXKFJPDZ, B0DP7BMT6N, B0D1Y1K1XY, B0CP3Y8LGV, B0DP77SJYJ, B0FW4R2QMX, B0GY12LV5X, B0GHQQRP6J, B0GHQHJR2K, B0GPX4DZBW, B0CLHV84LX, B0DN1MVRRK, B0D176JGQF, B0D1X43MTG, B0GHQQPZRD, B0F3XP3Z38, B0F2M9T66M, B0FY2Z3HHF, B0CTQV3LH4, B0GHQBJ68B, B0GZ18R6ZT, B0FV2YY748, B0DCVL7SYP, B0GXDDFSS6, B0CY29SQH3, B0GPWRRHRQ, B0GRGFSL4T, B0HBBF63TS, B0FSR5L5XX, B0DFYN4X6H, B0H36BXLTQ, B0D1XV83JJ, B0GXY813QC, B0FW4QVK1V, B0D1XWJNN2, B0DP7BYV6G, B0CY2GFK4Q, B0CTQV9K8J, B0DFYLQ2ZG, B0D66MB6PN, B0CQJCDGYN, B0DPM4LDN9, B0CP3YJRY4, B0H4QRDZX5, B0GDFPQD78, B0DFYL6SK3, B0GDFPHTQR, B0GXD6X3VH, B0F2MFZ24W, B0FFGKWH25, B0HBB8LQRF, B0F2MG352K, B0DP3YHBWG, B0F2M3M9FT, B0FMR1XMCX, B0GDXL9HRX, B0CLHVC9RD, B0DCVKRBQV, B0FW4QWCMJ, B0FMR23YMD, B0GDXRCDVM, B0F2M8SJKG, B0DCVJN1XH, B0H335Y3LF, B0FPFGKYSD, B0CLHTMPZ8, B0GDFFR59C, B0FSRHQJ7V, B0GDFJDWKQ, B0GXKC98C9, B0DP417J3H, B0F52KXYMB, B0DPMRWQLV, B0H36C8452, B0FV2ZJ7Y3, B0FY2Y2NP6, B0DP3Y7G58, B0DCVLDGFZ, B0DP7C3KJ4, B0CP5FGBSD, B0G3WYCZL6, B0DQ4NKBVP, B0GXDRT6F3, B0DP3ZC4PS, B0HBB7L3S7, B0D1XHLJ6K, B0G2RP9YF8, B0H25STXL2, B0FPFT64M1, B0GZVZPLGH, B0H1C4MBLM, B0FPFGR8XD, B0F186QN13, B0DP3Z2Q5Q, B0D1XJ3MNC, B0DCVKB7FK, B0D1X44BDH, B0CLHV9M1F, B0FV31MHP4, B0GHQZ9V6S, B0FRFKYCDC, B0HBB9N385, B0DXPTVKCG, B0DN6319NJ, B0FMR2ZW7S, B0DCG6WVP3, B0DP7DFPD5, B0DP41CK4L, B0GDXT7ZT1, B0DCVKDMLQ, B0DXPCFFN9, B0GDXN87W7, B0FSR8JX2V, B0FSRGFWW7, B0DFYMSBV6, B0DFYLJ6QD, B0CLHV5CH8, B0GXKBQDQH, B0CP3Z4HHK, B0DPMRCJW9, B0GXKBFNFZ, B0DP78B2HZ, B0D1XS446S, B0D1XJ2LM6, B0DCGBKSWV, B0GHR389BR, B0H3664SLS, B0F52NQMPK, B0GDFBVQ28, B0DPM6H36Z, B0CP3YQZ16, B0DP7CWMGK, B0DCG3X6DZ, B0GDFJVPLY, B0DJR38Z5H, B0D66MXDGV, B0F2M3TK1D, B0DCVLGQLD, B0CP41L68G, B0GRGRLFP4, B0HBB7HLTH, B0DFYLN9N1, B0GDFLRKVV, B0G2RQ939H, B0D1XPRBMV, B0DCVJN35H, B0DP3Z4T8C, B0DN646D76, B0GSXT731W, B0DFYJQ1N4, B0HBBGM737, B0DP7BLHZV, B0FMR2WPQZ, B0GRGRZYL9, B0HBB4L3L7, B0DP3Y1RS5, B0DN611FJB, B0HBBCBZZC, B0FPFQPCKT, B0F18JQ37N, B0FP47Z8HP, B0GXY1Z4HW, B0D478QQ2H, B0DJR42SN1, B0FN3DDS5Z, B0GSY68MSZ, B0F2MB26YS, B0DFYM6D8B, B0FFGJPD25, B0GDFBJTWZ, B0D1XMCF95, B0FFGJPVVK, B0FPFR922F, B0GXK8YG86, B0F2MJ5HYB, B0DBVD4K7N, B0GWMF9VVC, B0GDFX9H37, B0DGQ6WBXG, B0FY2ZZZM3, B0GPWYB2B4, B0CLHV3X6K, B0G7XPRKZP, B0GDX4CBHC, B0GDFG3NBQ, B0GHND4LHY, B0D1717YG4, B0G4M7CGMR, B0DCVLJMHP, B0DCVLJMHK, B0HBB8M1VR, B0D66LCWSV, B0H366TG8P, B0GDFQ7BLH, B0GDFBX9Z3, B0DP3YVVNP, B0FMR1FBXQ, B0GDFXW64K, B0D66M612C, B0GSY66FJM, B0G4M653F9, B0FP4DQW77, B0DP7BTW2W, B0DP3YBZ33, B0DCG6W65M, B0GXKBL3DZ, B0FD9JV4KC, B0GHQHW18W, B0D66PZS5P, B0GDFRHP79, B0HBBH9VCK, B0GPX1QCQC, B0FPFSH7R3, B0DPMR7XSH, B0D4M29XNQ, B0FPFSS2FK, B0FFGL9MRM, B0H33FB4PD, B0F18F25BF, B0GRGR4CYX, B0DCVL3LHC, B0D66SB81T, B0GDFQR6J3, B0GY11T7NS, B0DFYMD611, B0DN1P7BJ5, B0D4M1LL37, B0GXZYR69B, B0GDXN94X2, B0CP5L1RVH, B0GXKBSPL3, B0F3XN52H2, B0HB9WLB2T, B0GXKBSPL5, B0F531KMT7, B0DQ4K6GKF, B0H3688MCH, B0H369KLNM, B0FSRHGW9Y, B0CLHV9NLS, B0GSXZ91TQ, B0CP5GS7FB, B0GDFSR4GP, B0GDFMT84Z, B0G2RT4GF2, B0H1WKQR1M, B0CP5L4V64, B0GXZWH2GL, B0H33DC4DR, B0GXYHRBFM, B0HBB5XLBH, B0FMR2WNGZ, B0CTQS2YH5, B0DN1Q88WQ, B0DP789W2B, B0FMR1MZYY, B0DCVKST54, B0DP7CNVLS, B0FW4TGHC3, B0H4QKX8DL, B0DN5YM8J9, B0DBVDG7V8, B0GRGR5ZF9, B0GXYMCZRF, B0CP3YB7R4, B0GPX7PJ95, B0D16YWL26, B0FPFRTTGK, B0DXPB1RLD, B0FV2ZFYC9, B0H361V6TH, B0DFYK4ST2, B0DFYGT8Q8, B0DP7B7VMB, B0DN5ZRW8W, B0F2MBD6F5, B0HBBHPQZ1, B0H362XR6Q, B0H4QJZW7M, B0D1XSGHLL, B0DP7C5QLG, B0H36C5PY5, B0H1WF6T2X, B0CY2CXD1B, B0GDFPYK7L, B0DN5XHRZ9, B0GZVTCVBY, B0F17XVJ3F, B0G2RQGGKK, B0H367876P, B0DQ4QMW4B, B0GXDJL1LJ, B0D1XND9J1, B0D1XFJ38Z, B0F52FY499, B0DCVK8H8R, B0FFGLJDFS, B0H1C8CJWP, B0GXK2JYCS, B0DP3Y78G3, B0FY2ZWPZK, B0CLHTP9Q2, B0FW4NPZTV, B0DCVGRD1M, B0G2RQN522, B0GXKDMDPT, B0CTQT3FFS, B0DP3YHPCS, B0GXDH48XJ, B0DFYKSM38, B0GRGQHN9W, B0DFYKW21Z, B0GXD1PJ27, B0DP79HW5H, B0DCVLB35Z, B0H366ZXMX, B0FRFPH3T5, B0GXZZWKWR, B0GPWTXV81, B0DP77B8D4, B0GXDG7YK5, B0GHR1K5RW, B0D477ZND6, B0F52WRRBJ, B0FSRK6D9D, B0DXP1RMFB, B0FRFNZYKV, B0FP46TJ3Y, B0GXY46D9V, B0H36FVKZB, B0GXK8PKT5, B0CLHV45FC, B0FSRGHYGR, B0G7XLKDJK, B0FSRGGPXZ, B0DPM371R6, B0CLHV1K9J, B0FPFRJTXZ, B0DN634ZZ3, B0HBBFBLFK, B0H33CRX4Q, B0GRGSVWKF, B0H1C5TF2C, B0DN1MJ3CP, B0FPFR5QQV, B0F18QVL46, B0FFGJHXFL, B0GSY5KQBQ, B0FPFQHVDD, B0GHQVNW97, B0FPFRY7ZP, B0FPFD5BCB, B0GXY4C4VZ, B0DGQ4YPGM, B0G7XCXXNR, B0FD9JXJG7, B0H25LQ712, B0FY32H7QP, B0DP3YZ6X7, B0HB9THMVL, B0D1X88P49, B0D4M2CGR8, B0GXYF5HFF, B0FN397K17, B0DCVKJKG3, B0DBV9FJ1J, B0FPFGWQKH, B0DFYL9W4B, B0GXYC61KK, B0GHMW1JHS, B0GDXR4SW5, B0DP7BJM9R, B0DP7BTJWJ, B0CY2CXRVL, B0DXPJR429, B0GXD9ZJWT, B0HBBF1TKM, B0FY2Z38QM, B0D3GH2JL3, B0FSRC3BG2, B0FPFQ7FV7, B0DCG4B4VM, B0D9VRJJHL, B0CTQT9TXG, B0F52H1B72, B0H368848L, B0FV322JZS, B0GWLVR32L, B0GDXB1L7M, B0DN1MFSJY, B0FSRJ2WKH, B0GXZXVDK6, B0H1WG19J3, B0FY2YZ5QX, B0DPM3GFFY, B0FRFPB967, B0GHQW1ND9, B0DCG8CVBX, B0D66PJBHB, B0DFYKQZQW]",amzn1.campaign.MZ70RHPD0QKT,Boho Washable NonSlip Runner Creator Promo-2026/08/11,GENIMO,2026-08-13,2026-11-15,10.00%,5000.0,5000.0,14,800,false
"[B0GS2GBKZ6, B0GS2K4V8P, B0GS2CM7ZJ, B0GS2C8JYZ, B0GS2DZPZV, B0GS2PJJX4, B0GS247THW, B0GS29CMWJ, B0GS2FYM45, B0GS27W8LX, B0GS2CGCJ7, B0GS2CKBMC, B0GS2KC8GS, B0GS33MQL6, B0GS2WD21K]",amzn1.campaign.MLP25HU9O4C7,Limited Time Deal: 🌟 Glamaker Classic Denim Skirt Collab -LW-M26SK0001,Glamaker,2026-08-16,2027-02-23,10.00%,5000.0,5000.0,19,800,false
"[B09Q4Q4XFH, B09RTS11KK, B0BV1C73PX, B08X4X3ZZ9, B0B3Q7GNSV]",amzn1.campaign.2GAGJC3HJRMPE,Routine Upgrade: Hume Desert Bloom Deodorant - Simple Daily-Routine Fit,HUME SUPERNATURAL,2026-08-13,2027-05-21,13.00%,638257.0,638257.0,12,800,false
"[B0FP46GL41, B0FSRH9HR1, B0D178NXRH, B0DCVL7PY6, B0DN1LBXWZ, B0FFGKFCCQ, B0DFYKQVTR, B0D1X7YHM1, B0D1XN217C, B0F189PZM5, B0GZVTCQ1B, B0GDXVYH6W, B0DCG24C1J, B0D1X5R7WP, B0DFYMVHSQ, B0DBV83CDJ, B0GXZV3NLS, B0F2MD47P2, B0HBB42JY5, B0FSRH4DX6, B0FRFND857, B0D478GHMP, B0CP3ZQMGT, B0CQJD5P1G, B0FV32S46J, B0H364PLV4, B0DP77JSHJ, B0FV32QP3K, B0DFYH8TL9, B0GXY1V7KY, B0F18CHZ1W, B0FSR5JP96, B0FSRH3YBK, B0CLHVX3PJ, B0GDXL1LJ8, B0H2V1VJZF, B0FSR5HCF9, B0GWM29VKX, B0DFYPYX52, B0DN63KVWF, B0F52H4FYV, B0CY2B8PXX, B0DN62YN65, B0FPFTRM7Y, B0DN1MWB3S, B0FSRFDQ7B, B0CP41C5WB, B0D1XL3XZW, B0HBBBCRQ3, B0DFYL7DDQ, B0D66NCDGH, B0CP5J75MP, B0FY2Y64Y9, B0DN1NRVKN, B0DP7B4BYR, B0G4M6SK1M, B0DP7CCB14, B0H36J99S8, B0F1815TLY, B0F2M8684J, B0DP3YS8LN, B0DCVKKNRT, B0H36G4G28, B0D66MH44H, B0DP7D45H6, B0FRFT18J7, B0D173PXSD, B0FV313SPX, B0FFGNL9HJ, B0FRFK8NWG, B0DJR36RGG, B0G7X6KYFV, B0F3XM9H6P, B0FSRJVFB1, B0F18X7HZH, B0GDXCKDCB, B0DCVLGZ9W, B0G2RQGTMR, B0CRNK1T56, B0DXP4X57N, B0DCG6FVWV, B0GXD6QQPW, B0GXK13C29, B0DQ4MB7XV, B0DFYJGWKY, B0FP4D9JT6, B0CP5DL63Q, B0FFGG68P1, B0GXDH5Q2R, B0DCG4LLB9, B0F527SQG6, B0G2RQDT1G, B0FPFGYLC6, B0FV313GRT, B0GXKC72X8, B0F2M83MDY, B0GXY7HY5Y, B0CP3YS6JF, B0F2MCMMHS, B0GDXKPKC7, B0DFYMQCTR, B0F3XKTD1K, B0GXZV55R2, B0GXYCK4ZV, B0FPFV9CRR, B0DP7B8LDD, B0DPM4SRXB, B0GT3SNY9X, B0FFGN9T5B, B0DP78W5GF, B0FRFJZD7Q, B0DPM19RWQ, B0DPM4B5QJ, B0F3XL8K56, B0DP7B832C, B0GXK8T97B, B0FSR67271, B0GPXBQ1KV, B0DGQ5GXX3, B0DFYL2XTG, B0GXDF5RLX, B0D1XL4DS6, B0GZ3VZ52V, B0D1XTBZPZ, B0GXDH4HBN, B0CTQV5FXS, B0DCGC4QWK, B0GDFF7Y3L, B0GXKFJPDZ, B0DP7BMT6N, B0D1Y1K1XY, B0CP3Y8LGV, B0DP77SJYJ, B0FW4R2QMX, B0GY12LV5X, B0GHQQRP6J, B0GHQHJR2K, B0GPX4DZBW, B0CLHV84LX, B0DN1MVRRK, B0D176JGQF, B0D1X43MTG, B0GHQQPZRD, B0F3XP3Z38, B0F2M9T66M, B0FY2Z3HHF, B0CTQV3LH4, B0GHQBJ68B, B0GZ18R6ZT, B0FV2YY748, B0DCVL7SYP, B0GXDDFSS6, B0CY29SQH3, B0GPWRRHRQ, B0GRGFSL4T, B0HBBF63TS, B0FSR5L5XX, B0DFYN4X6H, B0H36BXLTQ, B0D1XV83JJ, B0GXY813QC, B0FW4QVK1V, B0D1XWJNN2, B0DP7BYV6G, B0CY2GFK4Q, B0CTQV9K8J, B0DFYLQ2ZG, B0D66MB6PN, B0CQJCDGYN, B0DPM4LDN9, B0CP3YJRY4, B0H4QRDZX5, B0GDFPQD78, B0DFYL6SK3, B0GDFPHTQR, B0GXD6X3VH, B0F2MFZ24W, B0FFGKWH25, B0HBB8LQRF, B0F2MG352K, B0DP3YHBWG, B0F2M3M9FT, B0FMR1XMCX, B0GDXL9HRX, B0CLHVC9RD, B0DCVKRBQV, B0FW4QWCMJ, B0FMR23YMD, B0GDXRCDVM, B0F2M8SJKG, B0DCVJN1XH, B0H335Y3LF, B0FPFGKYSD, B0CLHTMPZ8, B0GDFFR59C, B0FSRHQJ7V, B0GDFJDWKQ, B0GXKC98C9, B0DP417J3H, B0F52KXYMB, B0DPMRWQLV, B0H36C8452, B0FV2ZJ7Y3, B0FY2Y2NP6, B0DP3Y7G58, B0DCVLDGFZ, B0DP7C3KJ4, B0CP5FGBSD, B0G3WYCZL6, B0DQ4NKBVP, B0GXDRT6F3, B0DP3ZC4PS, B0HBB7L3S7, B0D1XHLJ6K, B0G2RP9YF8, B0H25STXL2, B0FPFT64M1, B0GZVZPLGH, B0H1C4MBLM, B0FPFGR8XD, B0F186QN13, B0DP3Z2Q5Q, B0D1XJ3MNC, B0DCVKB7FK, B0D1X44BDH, B0CLHV9M1F, B0FV31MHP4, B0GHQZ9V6S, B0FRFKYCDC, B0HBB9N385, B0DXPTVKCG, B0DN6319NJ, B0FMR2ZW7S, B0DCG6WVP3, B0DP7DFPD5, B0DP41CK4L, B0GDXT7ZT1, B0DCVKDMLQ, B0DXPCFFN9, B0GDXN87W7, B0FSR8JX2V, B0FSRGFWW7, B0DFYMSBV6, B0DFYLJ6QD, B0CLHV5CH8, B0GXKBQDQH, B0CP3Z4HHK, B0DPMRCJW9, B0GXKBFNFZ, B0DP78B2HZ, B0D1XS446S, B0D1XJ2LM6, B0DCGBKSWV, B0GHR389BR, B0H3664SLS, B0F52NQMPK, B0GDFBVQ28, B0DPM6H36Z, B0CP3YQZ16, B0DP7CWMGK, B0DCG3X6DZ, B0GDFJVPLY, B0DJR38Z5H, B0D66MXDGV, B0F2M3TK1D, B0DCVLGQLD, B0CP41L68G, B0GRGRLFP4, B0HBB7HLTH, B0DFYLN9N1, B0GDFLRKVV, B0G2RQ939H, B0D1XPRBMV, B0DCVJN35H, B0DP3Z4T8C, B0DN646D76, B0GSXT731W, B0DFYJQ1N4, B0HBBGM737, B0DP7BLHZV, B0FMR2WPQZ, B0GRGRZYL9, B0HBB4L3L7, B0DP3Y1RS5, B0DN611FJB, B0HBBCBZZC, B0FPFQPCKT, B0F18JQ37N, B0FP47Z8HP, B0GXY1Z4HW, B0D478QQ2H, B0DJR42SN1, B0FN3DDS5Z, B0GSY68MSZ, B0F2MB26YS, B0DFYM6D8B, B0FFGJPD25, B0GDFBJTWZ, B0D1XMCF95, B0FFGJPVVK, B0FPFR922F, B0GXK8YG86, B0F2MJ5HYB, B0DBVD4K7N, B0GWMF9VVC, B0GDFX9H37, B0DGQ6WBXG, B0FY2ZZZM3, B0GPWYB2B4, B0CLHV3X6K, B0G7XPRKZP, B0GDX4CBHC, B0GDFG3NBQ, B0GHND4LHY, B0D1717YG4, B0G4M7CGMR, B0DCVLJMHP, B0DCVLJMHK, B0HBB8M1VR, B0D66LCWSV, B0H366TG8P, B0GDFQ7BLH, B0GDFBX9Z3, B0DP3YVVNP, B0FMR1FBXQ, B0GDFXW64K, B0D66M612C, B0GSY66FJM, B0G4M653F9, B0FP4DQW77, B0DP7BTW2W, B0DP3YBZ33, B0DCG6W65M, B0GXKBL3DZ, B0FD9JV4KC, B0GHQHW18W, B0D66PZS5P, B0GDFRHP79, B0HBBH9VCK, B0GPX1QCQC, B0FPFSH7R3, B0DPMR7XSH, B0D4M29XNQ, B0FPFSS2FK, B0FFGL9MRM, B0H33FB4PD, B0F18F25BF, B0GRGR4CYX, B0DCVL3LHC, B0D66SB81T, B0GDFQR6J3, B0GY11T7NS, B0DFYMD611, B0DN1P7BJ5, B0D4M1LL37, B0GXZYR69B, B0GDXN94X2, B0CP5L1RVH, B0GXKBSPL3, B0F3XN52H2, B0HB9WLB2T, B0GXKBSPL5, B0F531KMT7, B0DQ4K6GKF, B0H3688MCH, B0H369KLNM, B0FSRHGW9Y, B0CLHV9NLS, B0GSXZ91TQ, B0CP5GS7FB, B0GDFSR4GP, B0GDFMT84Z, B0G2RT4GF2, B0H1WKQR1M, B0CP5L4V64, B0GXZWH2GL, B0H33DC4DR, B0GXYHRBFM, B0HBB5XLBH, B0FMR2WNGZ, B0CTQS2YH5, B0DN1Q88WQ, B0DP789W2B, B0FMR1MZYY, B0DCVKST54, B0DP7CNVLS, B0FW4TGHC3, B0H4QKX8DL, B0DN5YM8J9, B0DBVDG7V8, B0GRGR5ZF9, B0GXYMCZRF, B0CP3YB7R4, B0GPX7PJ95, B0D16YWL26, B0FPFRTTGK, B0DXPB1RLD, B0FV2ZFYC9, B0H361V6TH, B0DFYK4ST2, B0DFYGT8Q8, B0DP7B7VMB, B0DN5ZRW8W, B0F2MBD6F5, B0HBBHPQZ1, B0H362XR6Q, B0H4QJZW7M, B0D1XSGHLL, B0DP7C5QLG, B0H36C5PY5, B0H1WF6T2X, B0CY2CXD1B, B0GDFPYK7L, B0DN5XHRZ9, B0GZVTCVBY, B0F17XVJ3F, B0G2RQGGKK, B0H367876P, B0DQ4QMW4B, B0GXDJL1LJ, B0D1XND9J1, B0D1XFJ38Z, B0F52FY499, B0DCVK8H8R, B0FFGLJDFS, B0H1C8CJWP, B0GXK2JYCS, B0DP3Y78G3, B0FY2ZWPZK, B0CLHTP9Q2, B0FW4NPZTV, B0DCVGRD1M, B0G2RQN522, B0GXKDMDPT, B0CTQT3FFS, B0DP3YHPCS, B0GXDH48XJ, B0DFYKSM38, B0GRGQHN9W, B0DFYKW21Z, B0GXD1PJ27, B0DP79HW5H, B0DCVLB35Z, B0H366ZXMX, B0FRFPH3T5, B0GXZZWKWR, B0GPWTXV81, B0DP77B8D4, B0GXDG7YK5, B0GHR1K5RW, B0D477ZND6, B0F52WRRBJ, B0FSRK6D9D, B0DXP1RMFB, B0FRFNZYKV, B0FP46TJ3Y, B0GXY46D9V, B0H36FVKZB, B0GXK8PKT5, B0CLHV45FC, B0FSRGHYGR, B0G7XLKDJK, B0FSRGGPXZ, B0DPM371R6, B0CLHV1K9J, B0FPFRJTXZ, B0DN634ZZ3, B0HBBFBLFK, B0H33CRX4Q, B0GRGSVWKF, B0H1C5TF2C, B0DN1MJ3CP, B0FPFR5QQV, B0F18QVL46, B0FFGJHXFL, B0GSY5KQBQ, B0FPFQHVDD, B0GHQVNW97, B0FPFRY7ZP, B0FPFD5BCB, B0GXY4C4VZ, B0DGQ4YPGM, B0G7XCXXNR, B0FD9JXJG7, B0H25LQ712, B0FY32H7QP, B0DP3YZ6X7, B0HB9THMVL, B0D1X88P49, B0D4M2CGR8, B0GXYF5HFF, B0FN397K17, B0DCVKJKG3, B0DBV9FJ1J, B0FPFGWQKH, B0DFYL9W4B, B0GXYC61KK, B0GHMW1JHS, B0GDXR4SW5, B0DP7BJM9R, B0DP7BTJWJ, B0CY2CXRVL, B0DXPJR429, B0GXD9ZJWT, B0HBBF1TKM, B0FY2Z38QM, B0D3GH2JL3, B0FSRC3BG2, B0FPFQ7FV7, B0DCG4B4VM, B0D9VRJJHL, B0CTQT9TXG, B0F52H1B72, B0H368848L, B0FV322JZS, B0GWLVR32L, B0GDXB1L7M, B0DN1MFSJY, B0FSRJ2WKH, B0GXZXVDK6, B0H1WG19J3, B0FY2YZ5QX, B0DPM3GFFY, B0FRFPB967, B0GHQW1ND9, B0DCG8CVBX, B0D66PJBHB, B0DFYKQZQW]",amzn1.campaign.H054N7BMKPWQ,Boho Washable NonSlip Runner Creator Promo-2026/08/11,GENIMO,2026-08-13,2026-11-14,10.00%,5000.0,5000.0,18,800,false
[B0H1BMNV55],amzn1.campaign.19D33II0PETI5,3D Filament Vacuum Storage Kit | 15% Commission + Exclusive Promo,SHUAIAIW,2026-08-13,2027-08-13,15.00%,10000.0,9979.24,16,800,false
"[B0F2T2L7PV, B0F2T5QJQ3, B0F2T32LM7]",amzn1.campaign.3HYWGWVYGEXEY,HOT Deal! Counter Height Bar Stools Set of 4 🪑 Saddle Seat Design -ZH-LKS,Compsia,2026-08-15,2026-10-08,15.00%,5000.0,5000.0,42,800,false
"[B0FP46GL41, B0FSRH9HR1, B0D178NXRH, B0DCVL7PY6, B0DN1LBXWZ, B0FFGKFCCQ, B0DFYKQVTR, B0D1X7YHM1, B0D1XN217C, B0F189PZM5, B0GZVTCQ1B, B0GDXVYH6W, B0DCG24C1J, B0D1X5R7WP, B0DFYMVHSQ, B0DBV83CDJ, B0GXZV3NLS, B0F2MD47P2, B0HBB42JY5, B0FSRH4DX6, B0FRFND857, B0D478GHMP, B0CP3ZQMGT, B0CQJD5P1G, B0FV32S46J, B0H364PLV4, B0DP77JSHJ, B0FV32QP3K, B0DFYH8TL9, B0GXY1V7KY, B0F18CHZ1W, B0FSR5JP96, B0FSRH3YBK, B0CLHVX3PJ, B0GDXL1LJ8, B0H2V1VJZF, B0FSR5HCF9, B0GWM29VKX, B0DFYPYX52, B0DN63KVWF, B0F52H4FYV, B0CY2B8PXX, B0DN62YN65, B0FPFTRM7Y, B0DN1MWB3S, B0FSRFDQ7B, B0CP41C5WB, B0D1XL3XZW, B0HBBBCRQ3, B0DFYL7DDQ, B0D66NCDGH, B0CP5J75MP, B0FY2Y64Y9, B0DN1NRVKN, B0DP7B4BYR, B0G4M6SK1M, B0DP7CCB14, B0H36J99S8, B0F1815TLY, B0F2M8684J, B0DP3YS8LN, B0DCVKKNRT, B0H36G4G28, B0D66MH44H, B0DP7D45H6, B0FRFT18J7, B0D173PXSD, B0FV313SPX, B0FFGNL9HJ, B0FRFK8NWG, B0DJR36RGG, B0G7X6KYFV, B0F3XM9H6P, B0FSRJVFB1, B0F18X7HZH, B0GDXCKDCB, B0DCVLGZ9W, B0G2RQGTMR, B0CRNK1T56, B0DXP4X57N, B0DCG6FVWV, B0GXD6QQPW, B0GXK13C29, B0DQ4MB7XV, B0DFYJGWKY, B0FP4D9JT6, B0CP5DL63Q, B0FFGG68P1, B0GXDH5Q2R, B0DCG4LLB9, B0F527SQG6, B0G2RQDT1G, B0FPFGYLC6, B0FV313GRT, B0GXKC72X8, B0F2M83MDY, B0GXY7HY5Y, B0CP3YS6JF, B0F2MCMMHS, B0GDXKPKC7, B0DFYMQCTR, B0F3XKTD1K, B0GXZV55R2, B0GXYCK4ZV, B0FPFV9CRR, B0DP7B8LDD, B0DPM4SRXB, B0GT3SNY9X, B0FFGN9T5B, B0DP78W5GF, B0FRFJZD7Q, B0DPM19RWQ, B0DPM4B5QJ, B0F3XL8K56, B0DP7B832C, B0GXK8T97B, B0FSR67271, B0GPXBQ1KV, B0DGQ5GXX3, B0DFYL2XTG, B0GXDF5RLX, B0D1XL4DS6, B0GZ3VZ52V, B0D1XTBZPZ, B0GXDH4HBN, B0CTQV5FXS, B0DCGC4QWK, B0GDFF7Y3L, B0GXKFJPDZ, B0DP7BMT6N, B0D1Y1K1XY, B0CP3Y8LGV, B0DP77SJYJ, B0FW4R2QMX, B0GY12LV5X, B0GHQQRP6J, B0GHQHJR2K, B0GPX4DZBW, B0CLHV84LX, B0DN1MVRRK, B0D176JGQF, B0D1X43MTG, B0GHQQPZRD, B0F3XP3Z38, B0F2M9T66M, B0FY2Z3HHF, B0CTQV3LH4, B0GHQBJ68B, B0GZ18R6ZT, B0FV2YY748, B0DCVL7SYP, B0GXDDFSS6, B0CY29SQH3, B0GPWRRHRQ, B0GRGFSL4T, B0HBBF63TS, B0FSR5L5XX, B0DFYN4X6H, B0H36BXLTQ, B0D1XV83JJ, B0GXY813QC, B0FW4QVK1V, B0D1XWJNN2, B0DP7BYV6G, B0CY2GFK4Q, B0CTQV9K8J, B0DFYLQ2ZG, B0D66MB6PN, B0CQJCDGYN, B0DPM4LDN9, B0CP3YJRY4, B0H4QRDZX5, B0GDFPQD78, B0DFYL6SK3, B0GDFPHTQR, B0GXD6X3VH, B0F2MFZ24W, B0FFGKWH25, B0HBB8LQRF, B0F2MG352K, B0DP3YHBWG, B0F2M3M9FT, B0FMR1XMCX, B0GDXL9HRX, B0CLHVC9RD, B0DCVKRBQV, B0FW4QWCMJ, B0FMR23YMD, B0GDXRCDVM, B0F2M8SJKG, B0DCVJN1XH, B0H335Y3LF, B0FPFGKYSD, B0CLHTMPZ8, B0GDFFR59C, B0FSRHQJ7V, B0GDFJDWKQ, B0GXKC98C9, B0DP417J3H, B0F52KXYMB, B0DPMRWQLV, B0H36C8452, B0FV2ZJ7Y3, B0FY2Y2NP6, B0DP3Y7G58, B0DCVLDGFZ, B0DP7C3KJ4, B0CP5FGBSD, B0G3WYCZL6, B0DQ4NKBVP, B0GXDRT6F3, B0DP3ZC4PS, B0HBB7L3S7, B0D1XHLJ6K, B0G2RP9YF8, B0H25STXL2, B0FPFT64M1, B0GZVZPLGH, B0H1C4MBLM, B0FPFGR8XD, B0F186QN13, B0DP3Z2Q5Q, B0D1XJ3MNC, B0DCVKB7FK, B0D1X44BDH, B0CLHV9M1F, B0FV31MHP4, B0GHQZ9V6S, B0FRFKYCDC, B0HBB9N385, B0DXPTVKCG, B0DN6319NJ, B0FMR2ZW7S, B0DCG6WVP3, B0DP7DFPD5, B0DP41CK4L, B0GDXT7ZT1, B0DCVKDMLQ, B0DXPCFFN9, B0GDXN87W7, B0FSR8JX2V, B0FSRGFWW7, B0DFYMSBV6, B0DFYLJ6QD, B0CLHV5CH8, B0GXKBQDQH, B0CP3Z4HHK, B0DPMRCJW9, B0GXKBFNFZ, B0DP78B2HZ, B0D1XS446S, B0D1XJ2LM6, B0DCGBKSWV, B0GHR389BR, B0H3664SLS, B0F52NQMPK, B0GDFBVQ28, B0DPM6H36Z, B0CP3YQZ16, B0DP7CWMGK, B0DCG3X6DZ, B0GDFJVPLY, B0DJR38Z5H, B0D66MXDGV, B0F2M3TK1D, B0DCVLGQLD, B0CP41L68G, B0GRGRLFP4, B0HBB7HLTH, B0DFYLN9N1, B0GDFLRKVV, B0G2RQ939H, B0D1XPRBMV, B0DCVJN35H, B0DP3Z4T8C, B0DN646D76, B0GSXT731W, B0DFYJQ1N4, B0HBBGM737, B0DP7BLHZV, B0FMR2WPQZ, B0GRGRZYL9, B0HBB4L3L7, B0DP3Y1RS5, B0DN611FJB, B0HBBCBZZC, B0FPFQPCKT, B0F18JQ37N, B0FP47Z8HP, B0GXY1Z4HW, B0D478QQ2H, B0DJR42SN1, B0FN3DDS5Z, B0GSY68MSZ, B0F2MB26YS, B0DFYM6D8B, B0FFGJPD25, B0GDFBJTWZ, B0D1XMCF95, B0FFGJPVVK, B0FPFR922F, B0GXK8YG86, B0F2MJ5HYB, B0DBVD4K7N, B0GWMF9VVC, B0GDFX9H37, B0DGQ6WBXG, B0FY2ZZZM3, B0GPWYB2B4, B0CLHV3X6K, B0G7XPRKZP, B0GDX4CBHC, B0GDFG3NBQ, B0GHND4LHY, B0D1717YG4, B0G4M7CGMR, B0DCVLJMHP, B0DCVLJMHK, B0HBB8M1VR, B0D66LCWSV, B0H366TG8P, B0GDFQ7BLH, B0GDFBX9Z3, B0DP3YVVNP, B0FMR1FBXQ, B0GDFXW64K, B0D66M612C, B0GSY66FJM, B0G4M653F9, B0FP4DQW77, B0DP7BTW2W, B0DP3YBZ33, B0DCG6W65M, B0GXKBL3DZ, B0FD9JV4KC, B0GHQHW18W, B0D66PZS5P, B0GDFRHP79, B0HBBH9VCK, B0GPX1QCQC, B0FPFSH7R3, B0DPMR7XSH, B0D4M29XNQ, B0FPFSS2FK, B0FFGL9MRM, B0H33FB4PD, B0F18F25BF, B0GRGR4CYX, B0DCVL3LHC, B0D66SB81T, B0GDFQR6J3, B0GY11T7NS, B0DFYMD611, B0DN1P7BJ5, B0D4M1LL37, B0GXZYR69B, B0GDXN94X2, B0CP5L1RVH, B0GXKBSPL3, B0F3XN52H2, B0HB9WLB2T, B0GXKBSPL5, B0F531KMT7, B0DQ4K6GKF, B0H3688MCH, B0H369KLNM, B0FSRHGW9Y, B0CLHV9NLS, B0GSXZ91TQ, B0CP5GS7FB, B0GDFSR4GP, B0GDFMT84Z, B0G2RT4GF2, B0H1WKQR1M, B0CP5L4V64, B0GXZWH2GL, B0H33DC4DR, B0GXYHRBFM, B0HBB5XLBH, B0FMR2WNGZ, B0CTQS2YH5, B0DN1Q88WQ, B0DP789W2B, B0FMR1MZYY, B0DCVKST54, B0DP7CNVLS, B0FW4TGHC3, B0H4QKX8DL, B0DN5YM8J9, B0DBVDG7V8, B0GRGR5ZF9, B0GXYMCZRF, B0CP3YB7R4, B0GPX7PJ95, B0D16YWL26, B0FPFRTTGK, B0DXPB1RLD, B0FV2ZFYC9, B0H361V6TH, B0DFYK4ST2, B0DFYGT8Q8, B0DP7B7VMB, B0DN5ZRW8W, B0F2MBD6F5, B0HBBHPQZ1, B0H362XR6Q, B0H4QJZW7M, B0D1XSGHLL, B0DP7C5QLG, B0H36C5PY5, B0H1WF6T2X, B0CY2CXD1B, B0GDFPYK7L, B0DN5XHRZ9, B0GZVTCVBY, B0F17XVJ3F, B0G2RQGGKK, B0H367876P, B0DQ4QMW4B, B0GXDJL1LJ, B0D1XND9J1, B0D1XFJ38Z, B0F52FY499, B0DCVK8H8R, B0FFGLJDFS, B0H1C8CJWP, B0GXK2JYCS, B0DP3Y78G3, B0FY2ZWPZK, B0CLHTP9Q2, B0FW4NPZTV, B0DCVGRD1M, B0G2RQN522, B0GXKDMDPT, B0CTQT3FFS, B0DP3YHPCS, B0GXDH48XJ, B0DFYKSM38, B0GRGQHN9W, B0DFYKW21Z, B0GXD1PJ27, B0DP79HW5H, B0DCVLB35Z, B0H366ZXMX, B0FRFPH3T5, B0GXZZWKWR, B0GPWTXV81, B0DP77B8D4, B0GXDG7YK5, B0GHR1K5RW, B0D477ZND6, B0F52WRRBJ, B0FSRK6D9D, B0DXP1RMFB, B0FRFNZYKV, B0FP46TJ3Y, B0GXY46D9V, B0H36FVKZB, B0GXK8PKT5, B0CLHV45FC, B0FSRGHYGR, B0G7XLKDJK, B0FSRGGPXZ, B0DPM371R6, B0CLHV1K9J, B0FPFRJTXZ, B0DN634ZZ3, B0HBBFBLFK, B0H33CRX4Q, B0GRGSVWKF, B0H1C5TF2C, B0DN1MJ3CP, B0FPFR5QQV, B0F18QVL46, B0FFGJHXFL, B0GSY5KQBQ, B0FPFQHVDD, B0GHQVNW97, B0FPFRY7ZP, B0FPFD5BCB, B0GXY4C4VZ, B0DGQ4YPGM, B0G7XCXXNR, B0FD9JXJG7, B0H25LQ712, B0FY32H7QP, B0DP3YZ6X7, B0HB9THMVL, B0D1X88P49, B0D4M2CGR8, B0GXYF5HFF, B0FN397K17, B0DCVKJKG3, B0DBV9FJ1J, B0FPFGWQKH, B0DFYL9W4B, B0GXYC61KK, B0GHMW1JHS, B0GDXR4SW5, B0DP7BJM9R, B0DP7BTJWJ, B0CY2CXRVL, B0DXPJR429, B0GXD9ZJWT, B0HBBF1TKM, B0FY2Z38QM, B0D3GH2JL3, B0FSRC3BG2, B0FPFQ7FV7, B0DCG4B4VM, B0D9VRJJHL, B0CTQT9TXG, B0F52H1B72, B0H368848L, B0FV322JZS, B0GWLVR32L, B0GDXB1L7M, B0DN1MFSJY, B0FSRJ2WKH, B0GXZXVDK6, B0H1WG19J3, B0FY2YZ5QX, B0DPM3GFFY, B0FRFPB967, B0GHQW1ND9, B0DCG8CVBX, B0D66PJBHB, B0DFYKQZQW]",amzn1.campaign.J0XNU4Q1YUK5,Boho Washable NonSlip Runner Creator Promo-2026/08/11,GENIMO,2026-08-13,2026-11-13,10.00%,5000.0,5000.0,16,800,false
"[B0DK7KVX2P, B0DK7MTW2R, B0DK7KND3Q, B0DK7MSM14, B0F1FJXY8B]",amzn1.campaign.H8005DMZSCR1,The American Boxer Skincare,THE AMERICAN BOXER,2026-08-13,2026-09-30,20.00%,5000.0,4989.79,16,800,false
"[B0GS2GBKZ6, B0GS2K4V8P, B0GS2CM7ZJ, B0GS2C8JYZ, B0GS2DZPZV, B0GS2PJJX4, B0GS247THW, B0GS29CMWJ, B0GS2FYM45, B0GS27W8LX, B0GS2CGCJ7, B0GS2CKBMC, B0GS2KC8GS, B0GS33MQL6, B0GS2WD21K]",amzn1.campaign.25UYTDCCJ8MLB,Great Deal: ✨ Glamaker Trendy Denim Maxi Collab -LW-M26SK0001,Glamaker,2026-08-16,2027-02-21,10.00%,5000.0,5000.0,18,800,false
"[B0DGTWLWCX, B0G4R72CQL, B0H6ZSF676, B0FV2Y2CY8, B0FV2Y589D, B0DZGD9JPF, B0G4R9L9J9, B0H7155YT3, B0H7N9C4P5, B0DW8SH9B6, B0DSC7GMKT, B0GDDFM9QH, B0G4R7Z7RZ, B0H71731CY, B0H5TYC28L, B0F2M23CK3, B0G4R785LF, B0DTPG42M8, B0GV3VKZX1, B0DSC9DGT5, B0FVXG7G4S, B0DSC66K4W, B0FD391JFR, B0GFLFL6VX, B0DSC9D17S, B0FHW4BLJ8, B0FPKK1SVN, B0DSBWSXDF, B0H6ZWRSNL, B0GFKC4S67, B0DTNTPRVX, B0F8XPJL1G, B0GFL68MNY, B0DGTSFX3Q, B0H7NGRTN7, B0GV3SVCV8, B0DZFW1RXZ, B0DSC5S36D, B0GDDJCKN3, B0FHW44CK8, B0DW8MB8R7, B0H5V4V45C, B0DSC6269S, B0DW8TTRGD, B0GFLBMYPT, B0GFL3GQDD, B0G4R7GP62, B0DZG13D7D, B0G4R5H632, B0GFKX8PMV, B0DZFV9387, B0DSC7ZC11, B0DZFV9385, B0G2HMX5JF, B0FVXF8TV8, B0GTLLQRP4, B0FPKQ6ZY1, B0DW91N9XX, B0GFL79287, B0G4R7RZRQ, B0G4R8KSDM, B0DTP89QW9, B0F8XFVJDV, B0H6ZTT8B9, B0DGTQR3FM, B0DTP3DT9N, B0GFLSC76C, B0FKT6VXKS, B0H6ZXNHZL, B0DZG1J81V, B0DSC8G2P6, B0FHW3F6YV, B0F2MPHRB9, B0DSC585LP, B0G4R5MJ1G, B0DSC7KNG2, B0FHW6YNN1, B0H6ZWTZS6, B0DSC4RW6B, B0DZFRWB8H, B0DW8RSQ8C, B0DSC7GY6Y, B0DWWYSNNT, B0H6ZWT6TX, B0DGTC46FC, B0G4MJVBHL, B0GV3YY8DR, B0DSC59QY7, B0DSC75FXN, B0GDDY7BL1, B0DSC6YKK3, B0DSBV1QR7, B0DSBVMHCZ, B0G4R5MGCS, B0FW4DK34K, B0DSC88XMX, B0H716WD6T, B0GV456QXK, B0DSC3BB6H, B0DW8XG8G3, B0DSC74JYZ, B0DZG3RTZM, B0DT15Z99N, B0F4JZYJKG, B0GFL24DSM, B0DW8N5MYW, B0DZFZTN4Z, B0DSBXHX51, B0G4R6JTDD, B0DSC5BR8S, B0DSC7N7GC, B0G4R71SHW, B0DGTPCBCL, B0H8DVMVWC, B0FD3973G1, B0H5WG2N84, B0DSC8HNV6, B0FV2Y62MN, B0DSC6CNYY, B0H6ZXKDQ6, B0DZFTVKPG, B0DSC6QR9P, B0H7NKYH6C, B0DSC78HM5, B0DZFX1Z7X, B0DZGCV4YG, B0DZFPT1QT, B0H7JSB6D8, B0DZFWXK2L, B0GFLN7695, B0DSC663MK, B0G4R6LNCK, B0DGTGDQ2C, B0DSC66GM9, B0GFLCSYNF, B0GFK7ZF28, B0GFKKSCBB, B0DW8XWFPQ, B0FD3667CW, B0DZG8J2D9, B0DSC62YJY, B0DSC69BZY, B0DSC6TVQQ, B0FD35GS4G, B0FX3MKGP9, B0DSC8CKL4, B0G4RB8TFC, B0F2LZNZVX, B0DTP3H3QW, B0DSC6WFXG, B0DSC7J62K, B0FX3KYNKF, B0DZGCW348, B0FKT2N2VD, B0GFL666YG, B0DSC6C8P8, B0DGTSLNR1, B0F2M141XN, B0GFKK73TY, B0GDDVPS4F, B0FPKM4Q9D, B0H5V191Z7, B0DGTG3W2G, B0DGTJ4339, B0DZGBVJZQ, B0G2HNMP6Z]",amzn1.campaign.3D2FSXP1X2YIR,Abstract Washable NonSlip Runner Creator Promo-2026/08/11,GENIMO,2026-08-13,2026-11-16,10.00%,5000.0,5000.0,15,800,false
"[B0G87S94CW, B0G87F978J, B0G8735S6W]",amzn1.campaign.1PYYSZ6RNXA0T,"Routine Upgrade: Hume Supernatural Body Wash - Unbox, Apply, and Review",HUME SUPERNATURAL,2026-08-13,2027-05-18,12.50%,630333.0,630333.0,22,800,false
"[B0F2T2L7PV, B0F2T5QJQ3, B0F2T32LM7]",amzn1.campaign.E6UUY480LF0U,Great Deal! Thick PU Leather Saddle Seat Barstools 🍺 -ZH-LKS,Compsia,2026-08-15,2026-10-07,15.00%,5000.0,5000.0,52,800,false
"[B0DGTWLWCX, B0G4R72CQL, B0H6ZSF676, B0FV2Y2CY8, B0FV2Y589D, B0DZGD9JPF, B0G4R9L9J9, B0H7155YT3, B0H7N9C4P5, B0DW8SH9B6, B0DSC7GMKT, B0GDDFM9QH, B0G4R7Z7RZ, B0H71731CY, B0H5TYC28L, B0F2M23CK3, B0G4R785LF, B0DTPG42M8, B0GV3VKZX1, B0DSC9DGT5, B0FVXG7G4S, B0DSC66K4W, B0FD391JFR, B0GFLFL6VX, B0DSC9D17S, B0FHW4BLJ8, B0FPKK1SVN, B0DSBWSXDF, B0H6ZWRSNL, B0GFKC4S67, B0DTNTPRVX, B0F8XPJL1G, B0GFL68MNY, B0DGTSFX3Q, B0H7NGRTN7, B0GV3SVCV8, B0DZFW1RXZ, B0DSC5S36D, B0GDDJCKN3, B0FHW44CK8, B0DW8MB8R7, B0H5V4V45C, B0DSC6269S, B0DW8TTRGD, B0GFLBMYPT, B0GFL3GQDD, B0G4R7GP62, B0DZG13D7D, B0G4R5H632, B0GFKX8PMV, B0DZFV9387, B0DSC7ZC11, B0DZFV9385, B0G2HMX5JF, B0FVXF8TV8, B0GTLLQRP4, B0FPKQ6ZY1, B0DW91N9XX, B0GFL79287, B0G4R7RZRQ, B0G4R8KSDM, B0DTP89QW9, B0F8XFVJDV, B0H6ZTT8B9, B0DGTQR3FM, B0DTP3DT9N, B0GFLSC76C, B0FKT6VXKS, B0H6ZXNHZL, B0DZG1J81V, B0DSC8G2P6, B0FHW3F6YV, B0F2MPHRB9, B0DSC585LP, B0G4R5MJ1G, B0DSC7KNG2, B0FHW6YNN1, B0H6ZWTZS6, B0DSC4RW6B, B0DZFRWB8H, B0DW8RSQ8C, B0DSC7GY6Y, B0DWWYSNNT, B0H6ZWT6TX, B0DGTC46FC, B0G4MJVBHL, B0GV3YY8DR, B0DSC59QY7, B0DSC75FXN, B0GDDY7BL1, B0DSC6YKK3, B0DSBV1QR7, B0DSBVMHCZ, B0G4R5MGCS, B0FW4DK34K, B0DSC88XMX, B0H716WD6T, B0GV456QXK, B0DSC3BB6H, B0DW8XG8G3, B0DSC74JYZ, B0DZG3RTZM, B0DT15Z99N, B0F4JZYJKG, B0GFL24DSM, B0DW8N5MYW, B0DZFZTN4Z, B0DSBXHX51, B0G4R6JTDD, B0DSC5BR8S, B0DSC7N7GC, B0G4R71SHW, B0DGTPCBCL, B0H8DVMVWC, B0FD3973G1, B0H5WG2N84, B0DSC8HNV6, B0FV2Y62MN, B0DSC6CNYY, B0H6ZXKDQ6, B0DZFTVKPG, B0DSC6QR9P, B0H7NKYH6C, B0DSC78HM5, B0DZFX1Z7X, B0DZGCV4YG, B0DZFPT1QT, B0H7JSB6D8, B0DZFWXK2L, B0GFLN7695, B0DSC663MK, B0G4R6LNCK, B0DGTGDQ2C, B0DSC66GM9, B0GFLCSYNF, B0GFK7ZF28, B0GFKKSCBB, B0DW8XWFPQ, B0FD3667CW, B0DZG8J2D9, B0DSC62YJY, B0DSC69BZY, B0DSC6TVQQ, B0FD35GS4G, B0FX3MKGP9, B0DSC8CKL4, B0G4RB8TFC, B0F2LZNZVX, B0DTP3H3QW, B0DSC6WFXG, B0DSC7J62K, B0FX3KYNKF, B0DZGCW348, B0FKT2N2VD, B0GFL666YG, B0DSC6C8P8, B0DGTSLNR1, B0F2M141XN, B0GFKK73TY, B0GDDVPS4F, B0FPKM4Q9D, B0H5V191Z7, B0DGTG3W2G, B0DGTJ4339, B0DZGBVJZQ, B0G2HNMP6Z]",amzn1.campaign.3MQEI6DJUWP4B,Abstract Washable NonSlip Runner Creator Promo-2026/08/11,GENIMO,2026-08-13,2026-11-15,10.00%,5000.0,5000.0,27,800,false
"[B0CHMR2LQR, B0D22YV2G2, B0D5QPB7HM, B0FMR1MS37, B0D22XDTNN, B0CPHR2RC8, B0GXCZXMZS, B0GXCSYBJT, B0G3ZKP3YQ, B0CWRVRTQS, B0CWRTG9SR, B0CHMNLVWC, B0FMR1738J, B0FMR17SXJ, B0GXCXCJVX, B0D22Z944P, B0GXDCLDG4, B0FMR12Y6N, B0CHMP52N3, B0CRRWPNBQ, B0D22TZQ4B, B0CRRWCVZ4, B0D22W8SDR, B0D22XWKV5, B0GXD5GNL4, B0DK6S76LR, B0D22ZT4PB, B0CRV13T4F, B0G3ZLJLC8, B0D22ZRVY2, B0F8H7465X, B0FMQZZLBB, B0H6Z4WKTG, B0D22YDZS5, B0FRFNJ1YF, B0D5QQYKS3, B0DK6QDZ55, B0CWRWYTWL, B0G3ZRFKG5, B0CPHN33CN, B0G3ZM1Z7X, B0F8HTS2RC, B0GXDC42M7, B0G3ZRPTGJ, B0G3ZS99FQ, B0H6Z7Y89B, B0GXDFPZVS, B0GXD46PKM, B0GXD6656K, B0D7ZT18LK, B0CWRVFHFL, B0D22XDQNL, B0GXCXTNJ2, B0D22ZVBCV, B0G3ZMSTYB, B0FMR1V7FW, B0GXD2HW3S, B0CRRWRTF4, B0G3ZNT27F, B0D7ZVCXNV, B0CWRWYPXJ, B0G3ZNLHC4, B0D22Y6QZ4, B0D22ZLTQ5, B0CWRVFJ5H, B0CPHTB4DR, B0CHMN3149, B0FMR23XZ2, B0G3ZQCTL8, B0G3ZKYMNP, B0F8HLGRTX, B0FRF4Q28M, B0G3ZMYC69, B0GXCZY9T3, B0GXD2L87P, B0GXD5V9FW]",amzn1.campaign.SF4NJKCTE22G,HOT Deal! 40% Off Rug Creator Bonus-YL-KCJ,PureCozy,2026-08-14,2026-10-14,10.00%,5000.0,4581.36,14,800,false
"[B0DGTWLWCX, B0G4R72CQL, B0H6ZSF676, B0FV2Y2CY8, B0FV2Y589D, B0DZGD9JPF, B0G4R9L9J9, B0H7155YT3, B0H7N9C4P5, B0DW8SH9B6, B0DSC7GMKT, B0GDDFM9QH, B0G4R7Z7RZ, B0H71731CY, B0H5TYC28L, B0F2M23CK3, B0G4R785LF, B0DTPG42M8, B0GV3VKZX1, B0DSC9DGT5, B0FVXG7G4S, B0DSC66K4W, B0FD391JFR, B0GFLFL6VX, B0DSC9D17S, B0FHW4BLJ8, B0FPKK1SVN, B0DSBWSXDF, B0H6ZWRSNL, B0GFKC4S67, B0DTNTPRVX, B0F8XPJL1G, B0GFL68MNY, B0DGTSFX3Q, B0H7NGRTN7, B0GV3SVCV8, B0DZFW1RXZ, B0DSC5S36D, B0GDDJCKN3, B0FHW44CK8, B0DW8MB8R7, B0H5V4V45C, B0DSC6269S, B0DW8TTRGD, B0GFLBMYPT, B0GFL3GQDD, B0G4R7GP62, B0DZG13D7D, B0G4R5H632, B0GFKX8PMV, B0DZFV9387, B0DSC7ZC11, B0DZFV9385, B0G2HMX5JF, B0FVXF8TV8, B0GTLLQRP4, B0FPKQ6ZY1, B0DW91N9XX, B0GFL79287, B0G4R7RZRQ, B0G4R8KSDM, B0DTP89QW9, B0F8XFVJDV, B0H6ZTT8B9, B0DGTQR3FM, B0DTP3DT9N, B0GFLSC76C, B0FKT6VXKS, B0H6ZXNHZL, B0DZG1J81V, B0DSC8G2P6, B0FHW3F6YV, B0F2MPHRB9, B0DSC585LP, B0G4R5MJ1G, B0DSC7KNG2, B0FHW6YNN1, B0H6ZWTZS6, B0DSC4RW6B, B0DZFRWB8H, B0DW8RSQ8C, B0DSC7GY6Y, B0DWWYSNNT, B0H6ZWT6TX, B0DGTC46FC, B0G4MJVBHL, B0GV3YY8DR, B0DSC59QY7, B0DSC75FXN, B0GDDY7BL1, B0DSC6YKK3, B0DSBV1QR7, B0DSBVMHCZ, B0G4R5MGCS, B0FW4DK34K, B0DSC88XMX, B0H716WD6T, B0GV456QXK, B0DSC3BB6H, B0DW8XG8G3, B0DSC74JYZ, B0DZG3RTZM, B0DT15Z99N, B0F4JZYJKG, B0GFL24DSM, B0DW8N5MYW, B0DZFZTN4Z, B0DSBXHX51, B0G4R6JTDD, B0DSC5BR8S, B0DSC7N7GC, B0G4R71SHW, B0DGTPCBCL, B0H8DVMVWC, B0FD3973G1, B0H5WG2N84, B0DSC8HNV6, B0FV2Y62MN, B0DSC6CNYY, B0H6ZXKDQ6, B0DZFTVKPG, B0DSC6QR9P, B0H7NKYH6C, B0DSC78HM5, B0DZFX1Z7X, B0DZGCV4YG, B0DZFPT1QT, B0H7JSB6D8, B0DZFWXK2L, B0GFLN7695, B0DSC663MK, B0G4R6LNCK, B0DGTGDQ2C, B0DSC66GM9, B0GFLCSYNF, B0GFK7ZF28, B0GFKKSCBB, B0DW8XWFPQ, B0FD3667CW, B0DZG8J2D9, B0DSC62YJY, B0DSC69BZY, B0DSC6TVQQ, B0FD35GS4G, B0FX3MKGP9, B0DSC8CKL4, B0G4RB8TFC, B0F2LZNZVX, B0DTP3H3QW, B0DSC6WFXG, B0DSC7J62K, B0FX3KYNKF, B0DZGCW348, B0FKT2N2VD, B0GFL666YG, B0DSC6C8P8, B0DGTSLNR1, B0F2M141XN, B0GFKK73TY, B0GDDVPS4F, B0FPKM4Q9D, B0H5V191Z7, B0DGTG3W2G, B0DGTJ4339, B0DZGBVJZQ, B0G2HNMP6Z]",amzn1.campaign.CKSWKH2HJ7U,Abstract Washable NonSlip Runner Creator Promo-2026/08/11,GENIMO,2026-08-13,2026-11-14,10.00%,5000.0,5000.0,33,800,false
"[B0GS2GBKZ6, B0GS2K4V8P, B0GS2CM7ZJ, B0GS2C8JYZ, B0GS2DZPZV, B0GS2PJJX4, B0GS247THW, B0GS29CMWJ, B0GS2FYM45, B0GS27W8LX, B0GS2CGCJ7, B0GS2CKBMC, B0GS2KC8GS, B0GS33MQL6, B0GS2WD21K]",amzn1.campaign.3V7W0SZBFVV69,HOT Deal: 🔥 Glamaker Stretch Denim Maxi Collab -LW-M26SK0001,Glamaker,2026-08-16,2027-02-19,10.00%,5000.0,5000.0,22,800,false
"[B0H9K11YJF, B0HDNP4MLG, B0HC9RFYMV]",amzn1.campaign.3DKLNPNEN0N8W,single serve coffee maker,Horavie,2026-08-13,2026-12-31,10.00%,5000.0,4962.5,12,800,false
"[B0FY4DRL9Q, B0FSLQDY5D, B0FS39HDSW, B0H389M4NW, B0DWV7M97D, B0GQZSBGZ6, B0DWVB41YT, B0H2NN1NB2, B0GR124TZF, B0FSLQ12NV, B0DWVB3DT5, B0GQZL4B4Z, B0DK81C9LY, B0FS423VCQ, B0H3865MCZ, B0FY44ZMZB, B0FSLS1LF4]",amzn1.campaign.3MVYFC66T5XG5,Practical Review: Grinds Focus Energy Pouches - First Use to Final Take,GRINDS,2026-08-13,2027-03-03,10.00%,614616.0,614616.0,0,800,false
"[B0DGTWLWCX, B0G4R72CQL, B0H6ZSF676, B0FV2Y2CY8, B0FV2Y589D, B0DZGD9JPF, B0G4R9L9J9, B0H7155YT3, B0H7N9C4P5, B0DW8SH9B6, B0DSC7GMKT, B0GDDFM9QH, B0G4R7Z7RZ, B0H71731CY, B0H5TYC28L, B0F2M23CK3, B0G4R785LF, B0DTPG42M8, B0GV3VKZX1, B0DSC9DGT5, B0FVXG7G4S, B0DSC66K4W, B0FD391JFR, B0GFLFL6VX, B0DSC9D17S, B0FHW4BLJ8, B0FPKK1SVN, B0DSBWSXDF, B0H6ZWRSNL, B0GFKC4S67, B0DTNTPRVX, B0F8XPJL1G, B0GFL68MNY, B0DGTSFX3Q, B0H7NGRTN7, B0GV3SVCV8, B0DZFW1RXZ, B0DSC5S36D, B0GDDJCKN3, B0FHW44CK8, B0DW8MB8R7, B0H5V4V45C, B0DSC6269S, B0DW8TTRGD, B0GFLBMYPT, B0GFL3GQDD, B0G4R7GP62, B0DZG13D7D, B0G4R5H632, B0GFKX8PMV, B0DZFV9387, B0DSC7ZC11, B0DZFV9385, B0G2HMX5JF, B0FVXF8TV8, B0GTLLQRP4, B0FPKQ6ZY1, B0DW91N9XX, B0GFL79287, B0G4R7RZRQ, B0G4R8KSDM, B0DTP89QW9, B0F8XFVJDV, B0H6ZTT8B9, B0DGTQR3FM, B0DTP3DT9N, B0GFLSC76C, B0FKT6VXKS, B0H6ZXNHZL, B0DZG1J81V, B0DSC8G2P6, B0FHW3F6YV, B0F2MPHRB9, B0DSC585LP, B0G4R5MJ1G, B0DSC7KNG2, B0FHW6YNN1, B0H6ZWTZS6, B0DSC4RW6B, B0DZFRWB8H, B0DW8RSQ8C, B0DSC7GY6Y, B0DWWYSNNT, B0H6ZWT6TX, B0DGTC46FC, B0G4MJVBHL, B0GV3YY8DR, B0DSC59QY7, B0DSC75FXN, B0GDDY7BL1, B0DSC6YKK3, B0DSBV1QR7, B0DSBVMHCZ, B0G4R5MGCS, B0FW4DK34K, B0DSC88XMX, B0H716WD6T, B0GV456QXK, B0DSC3BB6H, B0DW8XG8G3, B0DSC74JYZ, B0DZG3RTZM, B0DT15Z99N, B0F4JZYJKG, B0GFL24DSM, B0DW8N5MYW, B0DZFZTN4Z, B0DSBXHX51, B0G4R6JTDD, B0DSC5BR8S, B0DSC7N7GC, B0G4R71SHW, B0DGTPCBCL, B0H8DVMVWC, B0FD3973G1, B0H5WG2N84, B0DSC8HNV6, B0FV2Y62MN, B0DSC6CNYY, B0H6ZXKDQ6, B0DZFTVKPG, B0DSC6QR9P, B0H7NKYH6C, B0DSC78HM5, B0DZFX1Z7X, B0DZGCV4YG, B0DZFPT1QT, B0H7JSB6D8, B0DZFWXK2L, B0GFLN7695, B0DSC663MK, B0G4R6LNCK, B0DGTGDQ2C, B0DSC66GM9, B0GFLCSYNF, B0GFK7ZF28, B0GFKKSCBB, B0DW8XWFPQ, B0FD3667CW, B0DZG8J2D9, B0DSC62YJY, B0DSC69BZY, B0DSC6TVQQ, B0FD35GS4G, B0FX3MKGP9, B0DSC8CKL4, B0G4RB8TFC, B0F2LZNZVX, B0DTP3H3QW, B0DSC6WFXG, B0DSC7J62K, B0FX3KYNKF, B0DZGCW348, B0FKT2N2VD, B0GFL666YG, B0DSC6C8P8, B0DGTSLNR1, B0F2M141XN, B0GFKK73TY, B0GDDVPS4F, B0FPKM4Q9D, B0H5V191Z7, B0DGTG3W2G, B0DGTJ4339, B0DZGBVJZQ, B0G2HNMP6Z]",amzn1.campaign.2VTANN1CZEBTQ,Abstract Washable NonSlip Runner Creator Promo-2026/08/11,GENIMO,2026-08-13,2026-11-13,10.00%,5000.0,5000.0,30,800,false
"[B0F2T2L7PV, B0F2T5QJQ3, B0F2T32LM7]",amzn1.campaign.XM6U6RQTKWMG,"Limited Stock Special! Kitchen Counter Stools, 24Inch 🪑 -ZH-LKS",Compsia,2026-08-15,2026-10-06,15.00%,5000.0,5000.0,46,800,false
"[B09Q4Q4XFH, B09RTS11KK, B0BV1C73PX, B08X4X3ZZ9, B0B3Q7GNSV]",amzn1.campaign.17JX99DN1GH05,"Routine Upgrade: Hume Desert Bloom Deodorant - Unbox, Apply, and Review",HUME SUPERNATURAL,2026-08-13,2027-05-18,12.50%,634843.0,634843.0,12,800,false
"[B0H8PTXFR8, B0H8PQ573T, B0H8PYGZCD, B0H8PPRKF8, B0H8Q3T9R9]",amzn1.campaign.3KMII3PTO3SCQ,10% Personalized Camping Tapestry for Bachelorette Party,Eadabok,2026-08-13,2027-07-27,10.00%,5000.0,5000.0,39,800,false
"[B0H8PTXFR8, B0H8PQ573T, B0H8PYGZCD, B0H8PPRKF8, B0H8Q3T9R9]",amzn1.campaign.2MQGWITAZOX58,10% Personalized Camping Tapestry for Bachelorette Party,Eadabok,2026-08-13,2027-07-29,10.00%,5000.0,5000.0,40,800,false
"[B0CRZ2PQ1H, B0FQNQKHNW, B0GWPHWWR9, B0DFGPR6PK, B0DFPTRRT5, B0D964KBZY, B0FQNXBX7L, B0FLJNS7H3, B0CLLPGBFZ, B0FRFLYDSX, B0CNLQB1FF, B0DFGRD9GY, B0CCYJHKJB, B0FQNZ4QCD, B0GWP9K7WL, B0DK4Q19Z6, B0D62RP36Y, B0CLLNRN54, B0DQTFFRCN, B0DK4SFFYS, B0DMVZSFSW, B0CT8NWYM7, B0C6XPZWJ3, B0DQXL3ZK4, B0D965BDW4, B0FR91HDCY, B0DMVZDZB1, B0CLLL91NN, B0CNLQ3JN5, B0DQT9D78R, B0FRFJC3Q9, B0CNLNDC66, B0DK4Q2N7L, B0CLLPCL3F, B0GLY86BM8, B0D1K9GXPS, B0CLLKDB7J, B0DFPQC62M, B0C6XR3BX7, B0DMVZ9T5F, B0FLJN3548, B0FRF4SKFL, B0GWPGGHYR, B0FR8QYKP9, B0GSVLL3K3, B0DQTRW53Y, B0CLLLQBZ5, B0D9667GFM, B0CLLNP7CX, B0FRF2KRT7, B0C6XQ8VK5, B0DFPXPVF5, B0FQP21LKD, B0CLLLZB3D, B0FRFHVZ9Y, B0FRFMCT4Q, B0DMVXWPF3, B0FQNWSRZM, B0FRF2KWTD, B0FRFJC27R, B0CLLMNXJT, B0D62V328N, B0CNLR9HM2, B0CNLNJ5NJ, B0FRFJM3HN, B0C6XLSXSM, B0CLLMRFJV, B0D5Q61MX4, B0D964MBLV]",amzn1.campaign.2IGAKHK5MX0Q3,Rug Creator Promo-2026/08/11,GENIMO,2026-08-13,2026-11-16,10.00%,5000.0,5000.0,39,800,false
"[B0H8PTXFR8, B0H8PQ573T, B0H8PYGZCD, B0H8PPRKF8, B0H8Q3T9R9]",amzn1.campaign.QBJ105H4L2O8,10% Personalized Camping Tapestry for Bachelorette Party,Eadabok,2026-08-13,2027-08-01,10.00%,5000.0,5000.0,44,800,false
"[B0H8PTXFR8, B0H8PQ573T, B0H8PYGZCD, B0H8PPRKF8, B0H8Q3T9R9]",amzn1.campaign.39VC1MSHMGDFK,10% Personalized Camping Tapestry for Bachelorette Party,Eadabok,2026-08-13,2027-08-02,10.00%,5000.0,5000.0,42,800,false
"[B0CRZ2PQ1H, B0FQNQKHNW, B0GWPHWWR9, B0DFGPR6PK, B0DFPTRRT5, B0D964KBZY, B0FQNXBX7L, B0FLJNS7H3, B0CLLPGBFZ, B0FRFLYDSX, B0CNLQB1FF, B0DFGRD9GY, B0CCYJHKJB, B0FQNZ4QCD, B0GWP9K7WL, B0DK4Q19Z6, B0D62RP36Y, B0CLLNRN54, B0DQTFFRCN, B0DK4SFFYS, B0DMVZSFSW, B0CT8NWYM7, B0C6XPZWJ3, B0DQXL3ZK4, B0D965BDW4, B0FR91HDCY, B0DMVZDZB1, B0CLLL91NN, B0CNLQ3JN5, B0DQT9D78R, B0FRFJC3Q9, B0CNLNDC66, B0DK4Q2N7L, B0CLLPCL3F, B0GLY86BM8, B0D1K9GXPS, B0CLLKDB7J, B0DFPQC62M, B0C6XR3BX7, B0DMVZ9T5F, B0FLJN3548, B0FRF4SKFL, B0GWPGGHYR, B0FR8QYKP9, B0GSVLL3K3, B0DQTRW53Y, B0CLLLQBZ5, B0D9667GFM, B0CLLNP7CX, B0FRF2KRT7, B0C6XQ8VK5, B0DFPXPVF5, B0FQP21LKD, B0CLLLZB3D, B0FRFHVZ9Y, B0FRFMCT4Q, B0DMVXWPF3, B0FQNWSRZM, B0FRF2KWTD, B0FRFJC27R, B0CLLMNXJT, B0D62V328N, B0CNLR9HM2, B0CNLNJ5NJ, B0FRFJM3HN, B0C6XLSXSM, B0CLLMRFJV, B0D5Q61MX4, B0D964MBLV]",amzn1.campaign.1CD0HYDREHTX8,Rug Creator Promo-2026/08/11,GENIMO,2026-08-13,2026-11-15,10.00%,5000.0,5000.0,43,800,false
"[B0H8PTXFR8, B0H8PQ573T, B0H8PYGZCD, B0H8PPRKF8, B0H8Q3T9R9]",amzn1.campaign.Z4406B7WVA79,10% Personalized Camping Tapestry for Bachelorette Party,Eadabok,2026-08-13,2027-08-05,10.00%,5000.0,5000.0,42,800,false
"[B0GS2GBKZ6, B0GS2K4V8P, B0GS2CM7ZJ, B0GS2C8JYZ, B0GS2DZPZV, B0GS2PJJX4, B0GS247THW, B0GS29CMWJ, B0GS2FYM45, B0GS27W8LX, B0GS2CGCJ7, B0GS2CKBMC, B0GS2KC8GS, B0GS33MQL6, B0GS2WD21K]",amzn1.campaign.1WM1F5L06DVJY,Limited Time Deal: ✨ Glamaker Denim Maxi Collab -LW-M26SK0001,Glamaker,2026-08-16,2027-02-17,10.00%,5000.0,5000.0,20,800,false
"[B0H8PTXFR8, B0H8PQ573T, B0H8PYGZCD, B0H8PPRKF8, B0H8Q3T9R9]",amzn1.campaign.1RVRCGD37ZH2X,10% Personalized Camping Tapestry for Bachelorette Party,Eadabok,2026-08-13,2027-08-11,10.00%,5000.0,4997.25,30,800,false
"[B0HD73QNL4, B0HD76H4K4, B0HC757GHF, B0HDPSLMBK, B0HCVFKK6S, B0HCVMRHMC, B0HC6WXN18, B0HD7G2G6T, B0HC73FMN4, B0HCVGDDKN, B0HC79P53F, B0HD763455, B0HC7KGSYF, B0HCVLZQLG, B0HD7HFSKT, B0HC793X47, B0HC78SV18, B0HD7J52ZN, B0HC7B72N7, B0HDPHL27C, B0HBWL5ZX2, B0HCVDX167, B0HBWRNFP6, B0HDPK66CH, B0HC78FZ5T, B0HBWQ376Z, B0HBWK16VS, B0HBWS2TQ7]",amzn1.campaign.1HYE4KEDZ8QM9,书灯+购物袋+两款圣诞树+工具,Atallit,2026-08-13,2026-10-31,25.00%,100000.0,99927.15,14,800,false
"[B0CRZ2PQ1H, B0FQNQKHNW, B0GWPHWWR9, B0DFGPR6PK, B0DFPTRRT5, B0D964KBZY, B0FQNXBX7L, B0FLJNS7H3, B0CLLPGBFZ, B0FRFLYDSX, B0CNLQB1FF, B0DFGRD9GY, B0CCYJHKJB, B0FQNZ4QCD, B0GWP9K7WL, B0DK4Q19Z6, B0D62RP36Y, B0CLLNRN54, B0DQTFFRCN, B0DK4SFFYS, B0DMVZSFSW, B0CT8NWYM7, B0C6XPZWJ3, B0DQXL3ZK4, B0D965BDW4, B0FR91HDCY, B0DMVZDZB1, B0CLLL91NN, B0CNLQ3JN5, B0DQT9D78R, B0FRFJC3Q9, B0CNLNDC66, B0DK4Q2N7L, B0CLLPCL3F, B0GLY86BM8, B0D1K9GXPS, B0CLLKDB7J, B0DFPQC62M, B0C6XR3BX7, B0DMVZ9T5F, B0FLJN3548, B0FRF4SKFL, B0GWPGGHYR, B0FR8QYKP9, B0GSVLL3K3, B0DQTRW53Y, B0CLLLQBZ5, B0D9667GFM, B0CLLNP7CX, B0FRF2KRT7, B0C6XQ8VK5, B0DFPXPVF5, B0FQP21LKD, B0CLLLZB3D, B0FRFHVZ9Y, B0FRFMCT4Q, B0DMVXWPF3, B0FQNWSRZM, B0FRF2KWTD, B0FRFJC27R, B0CLLMNXJT, B0D62V328N, B0CNLR9HM2, B0CNLNJ5NJ, B0FRFJM3HN, B0C6XLSXSM, B0CLLMRFJV, B0D5Q61MX4, B0D964MBLV]",amzn1.campaign.1MNFGW83K5G6J,Rug Creator Promo-2026/08/11,GENIMO,2026-08-13,2026-11-14,10.00%,5000.0,5000.0,47,800,false
"[B0F2T2L7PV, B0F2T5QJQ3, B0F2T32LM7]",amzn1.campaign.1ISLLY3W974ZJ,HOT Deal! Barstools with Saddle Seat & Black Metal Legs 🍸 -ZH-LKS,Compsia,2026-08-15,2026-10-05,15.00%,5000.0,5000.0,43,800,false
"[B0FBRJJSN7, B0CTHB7PPP, B0FB9NDXXL, B0CTHCQXVK, B0FBRKPKLZ, B0FBRL2TP9, B0FBRP6WV7, B0FB9LH2BF, B0FBRN4BQJ, B0FBRKDHN5, B0FB9LG3H1, B0FB9M6TSR, B0FB9LJ4KC, B0CYC8NR8Q, B0F8BZN24M, B0CTC87H3K, B0F8C1BH1X, B0FBRLJ99X, B0FBRM3KLF, B0FB9MYZ82, B0FB9M19SN, B0FB9L6ZDW, B0FB9L1R3L, B0FBRJXT2C, B0FB9N4NPF, B0CYC9RFVJ, B0FBRMY392, B0FB9MD9QM, B0D5HDNY74, B0C7ZYRCFK, B0D22LGT9F, B0FBRN79B6]",amzn1.campaign.32IOTBCKLAHM6,Laaioo Necklace-20%commission,Laaioo,2026-08-13,2026-09-30,20.00%,5000.0,5000.0,20,800,false
"[B0CRZ2PQ1H, B0FQNQKHNW, B0GWPHWWR9, B0DFGPR6PK, B0DFPTRRT5, B0D964KBZY, B0FQNXBX7L, B0FLJNS7H3, B0CLLPGBFZ, B0FRFLYDSX, B0CNLQB1FF, B0DFGRD9GY, B0CCYJHKJB, B0FQNZ4QCD, B0GWP9K7WL, B0DK4Q19Z6, B0D62RP36Y, B0CLLNRN54, B0DQTFFRCN, B0DK4SFFYS, B0DMVZSFSW, B0CT8NWYM7, B0C6XPZWJ3, B0DQXL3ZK4, B0D965BDW4, B0FR91HDCY, B0DMVZDZB1, B0CLLL91NN, B0CNLQ3JN5, B0DQT9D78R, B0FRFJC3Q9, B0CNLNDC66, B0DK4Q2N7L, B0CLLPCL3F, B0GLY86BM8, B0D1K9GXPS, B0CLLKDB7J, B0DFPQC62M, B0C6XR3BX7, B0DMVZ9T5F, B0FLJN3548, B0FRF4SKFL, B0GWPGGHYR, B0FR8QYKP9, B0GSVLL3K3, B0DQTRW53Y, B0CLLLQBZ5, B0D9667GFM, B0CLLNP7CX, B0FRF2KRT7, B0C6XQ8VK5, B0DFPXPVF5, B0FQP21LKD, B0CLLLZB3D, B0FRFHVZ9Y, B0FRFMCT4Q, B0DMVXWPF3, B0FQNWSRZM, B0FRF2KWTD, B0FRFJC27R, B0CLLMNXJT, B0D62V328N, B0CNLR9HM2, B0CNLNJ5NJ, B0FRFJM3HN, B0C6XLSXSM, B0CLLMRFJV, B0D5Q61MX4, B0D964MBLV]",amzn1.campaign.FAR0NN1WS9PX,Rug Creator Promo-2026/08/11,GENIMO,2026-08-13,2026-11-13,10.00%,5000.0,5000.0,54,800,false
"[B091MLSF82, B08CSTT8B7, B08DWJS48C, B09FJ44DHC, B0D3NRQ3WG, B08H7RJRYG, B08GY8HJZX, B08DWB5LWP, B00ICVHYSA, B0DJCCZDVZ, B09FJ6CQ1F, B08H8FQBP9, B09K91QLYL, B07KNBPZHS, B09K8ZR6H2, B09FJ5XZ2L, B08F4Y1JFS, B08H8KDBZM, B08DW49KN3, B09FJ4LZQS, B08DVZG2BM, B09FJ5GTM1, B097FDNF7D, B08H8KQ3GW, B09FJ5JS9X, B09FJ4PP3S, B091MDJ36L, B0DJ3FGJZV, B0DJ3G3NSZ, B0D3NMMZRT, B08H7M99TQ, B08H8N4KCH, B097FDQWKW, B08CSTCP62, B08GYGYGKQ, B08H87C4HM, B07KX825YR, B07KX7VS49, B07KX7C4Y7, B09FJ3WM29, B08GY18RSY, B09K8Z4Z15, B08GY6Y7R4, B0DJCDH17B, B09K96LY3P, B08HBX886G]",amzn1.campaign.XIG5ETSLXCRE,Practical Review: Grinds Coffee Pouches - Morning-to-Afternoon Test,GRINDS,2026-08-13,2027-03-03,10.50%,613987.0,613987.0,21,800,false
"[B0HDT7391C, B0HDCJSVKD, B0HDCKJBQC, B0HDCQFJ4V, B0HDT5TRVM, B0HDTGPFR9]",amzn1.campaign.13DW1ZCPA6GOY,水彩笔+狗洗澡吊床,AULCTR,2026-08-13,2026-10-31,20.00%,100000.0,99936.12,21,800,false
"[B0G87S94CW, B0G87F978J, B0G8735S6W]",amzn1.campaign.29YTABZNNWC07,Routine Upgrade: Hume Supernatural Body Wash - No-Script Texture Review,HUME SUPERNATURAL,2026-08-13,2027-05-15,12.00%,626767.0,626767.0,22,800,false
"[B0FHHC9J58, B0FHHGHB2C, B0FHH85QK7, B0FHHDTLT8, B0FHHDGPVC, B0FHHCJ9ZW, B0FHHBJLJJ, B0FHHDVVR4, B0FHHDZ7PS, B0FHHBVLRV, B0FHHF3CKJ, B0FHHCBW4P, B0FHHDCKZT, B0FHHF2N85, B0FHH9HN1F, B0FHH8SMFS, B0FHHGPJHP, B0FHHB5W3D, B0FHH8ZLD3, B0FHHC2NS4, B0FHH99RSZ, B0FHHCH493, B0FHHGXD2H, B0FHH5SX9H, B0FHHCFH3W, B0FHH97BXR, B0FHHB6LKC, B0FHHDJ26N, B0FHHBWYXQ, B0FHHDMV2F]",amzn1.campaign.3EGKZ2V86BIWZ,Limited Time Deal: 💥 Glamaker Striped Set Collab -WYN-M25TZ0022,Glamaker,2026-08-16,2026-11-05,10.00%,5000.0,5000.0,0,800,false
[B0DM6VVC88],amzn1.campaign.377K9ZH3P33AM,Snack Hack That Went Viral – 50% Commission Campaign - B0DM6VVC88,Where You Bean,2026-08-13,2026-11-13,50.00%,1000000.0,1000000.0,0,800,false
"[B0GLXQ176M, B0CLLF8NFV, B0CLLGJCPF, B0D9NJV43B, B0FDPYTHV3, B0CLLDMCJ5, B09YV97F99, B0CLLG44SN, B0FDQDZTFZ, B0CX8VBSRW, B0GLXCCP4Z, B0DP1WGYV7, B0D9NL61M7, B0GWH81F2G, B0CX8SZ5ZH, B0FLJV48ML, B0DG2YLWVT, B0FLJW58WG, B0DG2XZ3S2, B0CX8VY2N9, B0F6CBV8C9, B0B2L6NSBY, B0GLY82XXN, B0FH8WYC8M, B0CLLFGSRX, B09YCTM6DR, B0GLXVNXRT, B0D9NHGX7Q, B0FNMNTNY9, B0C5X1B5RV, B0DG2XZ92N, B0CLLGR816, B0DG2Y9QPV, B0BWXCTNQR, B0GLXVVF68, B0CX8WTKWG, B0DFWVPXP9, B0DG2VZW7L, B0DHS22XC7, B0CNLQWKQJ, B0CNLRGQPJ, B0BNBQQLV5, B0GLXHTH7N, B0CLLDMN1G, B0DG2XVRZF, B0DG2YZHC1, B0DG2YT7BP, B0FR8SSZ53, B0FDQB2381, B0FLJW185L, B0DG2XPXBY, B0GLXXZYT2, B0C9ZWDFRH, B0CLLH1B7X, B0CLLHBV4T, B0B1TM9LTP, B0G1SSC132, B0C5WXQ9GL, B0DP1XD3M5, B0DHRR8HJK, B0CCP1R78Z, B0CX8SKVLY, B0D9NJ9R8Q, B0CLLMVKS5, B0CLLG8MKR, B0DHS53G79, B0GSYGJS24, B0DG2XX1HP, B0CLLGYZ5Y, B0DGQ6LTXR, B0GLXKFG7R, B0CLLPFMMF, B0DHS4VP4B, B0DG2YDW78, B0DHRQ8BQR, B0BY42QBZ7, B0D9NK9ZX3, B0DG2XRDGK, B0CLLF3TGR, B0CLLCXDLX, B0C5X15FFB, B0FDPRPYRW, B0FV8KKJJ3, B0GLY68SB1, B0BNBQBGMQ, B0FLJYLT8G, B0DG3135B5, B0FLJZ7HSV, B0GLY68SB5, B0FNMMNVS1, B09Q5VQ7NS, B0FLJVLS5J, B0DGPXVLTB, B0DFWXHXTK, B0BNBSMDMJ, B0G1SM8637, B0DG2Y632S, B0DP1XXZWF, B0FV8JZBJR, B0GZ2KG4Q1, B0D9NKWL8D, B0BNBTQ2QD, B0G1SNKPJ9]",amzn1.campaign.26IFC79LQBYFU,Rug Creator Promo-2026/08/11,GENIMO,2026-08-13,2026-11-16,10.00%,5000.0,5000.0,24,800,false
"[B0F2T2L7PV, B0F2T5QJQ3, B0F2T32LM7]",amzn1.campaign.34NUI0XUH8J60,Great Deal! Counter Height Bar Stools Set of 4 🍹 -ZH-LKS,Compsia,2026-08-15,2026-10-04,15.00%,5000.0,5000.0,45,800,false
[B0CZ75557X],amzn1.campaign.B3H0B165NVF,Healthy Snack But Make It SPICY - B0CZ75557X,Where You Bean,2026-08-13,2026-11-13,25.00%,1000000.0,1000000.0,23,800,false
"[B0FHHC9J58, B0FHHGHB2C, B0FHH85QK7, B0FHHDTLT8, B0FHHDGPVC, B0FHHCJ9ZW, B0FHHBJLJJ, B0FHHDVVR4, B0FHHDZ7PS, B0FHHBVLRV, B0FHHF3CKJ, B0FHHCBW4P, B0FHHDCKZT, B0FHHF2N85, B0FHH9HN1F, B0FHH8SMFS, B0FHHGPJHP, B0FHHB5W3D, B0FHH8ZLD3, B0FHHC2NS4, B0FHH99RSZ, B0FHHCH493, B0FHHGXD2H, B0FHH5SX9H, B0FHHCFH3W, B0FHH97BXR, B0FHHB6LKC, B0FHHDJ26N, B0FHHBWYXQ, B0FHHDMV2F]",amzn1.campaign.3AF7FRH3F4II7,HOT Deal: 🎀 Glamaker 2-Piece Fall Set Collab -WYN-M25TZ0022,Glamaker,2026-08-16,2026-11-04,10.00%,5000.0,5000.0,0,800,false
"[B0GLXQ176M, B0CLLF8NFV, B0CLLGJCPF, B0D9NJV43B, B0FDPYTHV3, B0CLLDMCJ5, B09YV97F99, B0CLLG44SN, B0FDQDZTFZ, B0CX8VBSRW, B0GLXCCP4Z, B0DP1WGYV7, B0D9NL61M7, B0GWH81F2G, B0CX8SZ5ZH, B0FLJV48ML, B0DG2YLWVT, B0FLJW58WG, B0DG2XZ3S2, B0CX8VY2N9, B0F6CBV8C9, B0B2L6NSBY, B0GLY82XXN, B0FH8WYC8M, B0CLLFGSRX, B09YCTM6DR, B0GLXVNXRT, B0D9NHGX7Q, B0FNMNTNY9, B0C5X1B5RV, B0DG2XZ92N, B0CLLGR816, B0DG2Y9QPV, B0BWXCTNQR, B0GLXVVF68, B0CX8WTKWG, B0DFWVPXP9, B0DG2VZW7L, B0DHS22XC7, B0CNLQWKQJ, B0CNLRGQPJ, B0BNBQQLV5, B0GLXHTH7N, B0CLLDMN1G, B0DG2XVRZF, B0DG2YZHC1, B0DG2YT7BP, B0FR8SSZ53, B0FDQB2381, B0FLJW185L, B0DG2XPXBY, B0GLXXZYT2, B0C9ZWDFRH, B0CLLH1B7X, B0CLLHBV4T, B0B1TM9LTP, B0G1SSC132, B0C5WXQ9GL, B0DP1XD3M5, B0DHRR8HJK, B0CCP1R78Z, B0CX8SKVLY, B0D9NJ9R8Q, B0CLLMVKS5, B0CLLG8MKR, B0DHS53G79, B0GSYGJS24, B0DG2XX1HP, B0CLLGYZ5Y, B0DGQ6LTXR, B0GLXKFG7R, B0CLLPFMMF, B0DHS4VP4B, B0DG2YDW78, B0DHRQ8BQR, B0BY42QBZ7, B0D9NK9ZX3, B0DG2XRDGK, B0CLLF3TGR, B0CLLCXDLX, B0C5X15FFB, B0FDPRPYRW, B0FV8KKJJ3, B0GLY68SB1, B0BNBQBGMQ, B0FLJYLT8G, B0DG3135B5, B0FLJZ7HSV, B0GLY68SB5, B0FNMMNVS1, B09Q5VQ7NS, B0FLJVLS5J, B0DGPXVLTB, B0DFWXHXTK, B0BNBSMDMJ, B0G1SM8637, B0DG2Y632S, B0DP1XXZWF, B0FV8JZBJR, B0GZ2KG4Q1, B0D9NKWL8D, B0BNBTQ2QD, B0G1SNKPJ9]",amzn1.campaign.UNCJ4GLSM9ZC,Rug Creator Promo-2026/08/11,GENIMO,2026-08-13,2026-11-15,10.00%,5000.0,5000.0,33,800,false
[B0DM6YKSHL],amzn1.campaign.25EAJ3L0NX1RF,Viral Heat Test: 50% Commission Creator Drop - B0DM6YKSHL,Where You Bean,2026-08-13,2026-11-13,50.00%,1000000.0,1000000.0,20,800,false
[B0FPDLS4B1],amzn1.campaign.18WOUTY1IDXA4,VIORY Berberine Patches – 15% Commission – Men & Women's Wellness,VIORY,2026-08-13,2027-08-13,15.00%,5000.0,5000.0,21,800,false
"[B09Q4Q4XFH, B09RTS11KK, B0BV1C73PX, B08X4X3ZZ9, B0B3Q7GNSV]",amzn1.campaign.2X7Z8HYVJK6MU,Routine Upgrade: Hume Desert Bloom Deodorant - No-Script Texture Review,HUME SUPERNATURAL,2026-08-13,2027-05-15,12.00%,625940.0,625940.0,14,800,false
[B0DM6ZXM23],amzn1.campaign.3V9WND722WBLM,Viral Sweet Heat Snack Craze - B0DM6ZXM23,Where You Bean,2026-08-13,2026-11-13,25.00%,1000000.0,1000000.0,24,800,false
"[B0GLXQ176M, B0CLLF8NFV, B0CLLGJCPF, B0D9NJV43B, B0FDPYTHV3, B0CLLDMCJ5, B09YV97F99, B0CLLG44SN, B0FDQDZTFZ, B0CX8VBSRW, B0GLXCCP4Z, B0DP1WGYV7, B0D9NL61M7, B0GWH81F2G, B0CX8SZ5ZH, B0FLJV48ML, B0DG2YLWVT, B0FLJW58WG, B0DG2XZ3S2, B0CX8VY2N9, B0F6CBV8C9, B0B2L6NSBY, B0GLY82XXN, B0FH8WYC8M, B0CLLFGSRX, B09YCTM6DR, B0GLXVNXRT, B0D9NHGX7Q, B0FNMNTNY9, B0C5X1B5RV, B0DG2XZ92N, B0CLLGR816, B0DG2Y9QPV, B0BWXCTNQR, B0GLXVVF68, B0CX8WTKWG, B0DFWVPXP9, B0DG2VZW7L, B0DHS22XC7, B0CNLQWKQJ, B0CNLRGQPJ, B0BNBQQLV5, B0GLXHTH7N, B0CLLDMN1G, B0DG2XVRZF, B0DG2YZHC1, B0DG2YT7BP, B0FR8SSZ53, B0FDQB2381, B0FLJW185L, B0DG2XPXBY, B0GLXXZYT2, B0C9ZWDFRH, B0CLLH1B7X, B0CLLHBV4T, B0B1TM9LTP, B0G1SSC132, B0C5WXQ9GL, B0DP1XD3M5, B0DHRR8HJK, B0CCP1R78Z, B0CX8SKVLY, B0D9NJ9R8Q, B0CLLMVKS5, B0CLLG8MKR, B0DHS53G79, B0GSYGJS24, B0DG2XX1HP, B0CLLGYZ5Y, B0DGQ6LTXR, B0GLXKFG7R, B0CLLPFMMF, B0DHS4VP4B, B0DG2YDW78, B0DHRQ8BQR, B0BY42QBZ7, B0D9NK9ZX3, B0DG2XRDGK, B0CLLF3TGR, B0CLLCXDLX, B0C5X15FFB, B0FDPRPYRW, B0FV8KKJJ3, B0GLY68SB1, B0BNBQBGMQ, B0FLJYLT8G, B0DG3135B5, B0FLJZ7HSV, B0GLY68SB5, B0FNMMNVS1, B09Q5VQ7NS, B0FLJVLS5J, B0DGPXVLTB, B0DFWXHXTK, B0BNBSMDMJ, B0G1SM8637, B0DG2Y632S, B0DP1XXZWF, B0FV8JZBJR, B0GZ2KG4Q1, B0D9NKWL8D, B0BNBTQ2QD, B0G1SNKPJ9]",amzn1.campaign.1XGOW7D1MIS9G,Rug Creator Promo-2026/08/11,GENIMO,2026-08-13,2026-11-14,10.00%,5000.0,5000.0,33,800,false
"[B0FHHC9J58, B0FHHGHB2C, B0FHH85QK7, B0FHHDTLT8, B0FHHDGPVC, B0FHHCJ9ZW, B0FHHBJLJJ, B0FHHDVVR4, B0FHHDZ7PS, B0FHHBVLRV, B0FHHF3CKJ, B0FHHCBW4P, B0FHHDCKZT, B0FHHF2N85, B0FHH9HN1F, B0FHH8SMFS, B0FHHGPJHP, B0FHHB5W3D, B0FHH8ZLD3, B0FHHC2NS4, B0FHH99RSZ, B0FHHCH493, B0FHHGXD2H, B0FHH5SX9H, B0FHHCFH3W, B0FHH97BXR, B0FHHB6LKC, B0FHHDJ26N, B0FHHBWYXQ, B0FHHDMV2F]",amzn1.campaign.2Y4RRZPH5FNDO,Great Deal: 💖 Glamaker Cozy Knit Midi Collab -WYN-M25TZ0022,Glamaker,2026-08-16,2026-11-03,10.00%,5000.0,5000.0,6,800,false
[B0GS6MJ24D],amzn1.campaign.M7ZZ1FOWHZXA,Viral Healthy Snack Hack for Busy Days - B0GS6MJ24D,Where You Bean,2026-08-13,2026-11-13,25.00%,1000000.0,1000000.0,29,800,false
"[B0GLXQ176M, B0CLLF8NFV, B0CLLGJCPF, B0D9NJV43B, B0FDPYTHV3, B0CLLDMCJ5, B09YV97F99, B0CLLG44SN, B0FDQDZTFZ, B0CX8VBSRW, B0GLXCCP4Z, B0DP1WGYV7, B0D9NL61M7, B0GWH81F2G, B0CX8SZ5ZH, B0FLJV48ML, B0DG2YLWVT, B0FLJW58WG, B0DG2XZ3S2, B0CX8VY2N9, B0F6CBV8C9, B0B2L6NSBY, B0GLY82XXN, B0FH8WYC8M, B0CLLFGSRX, B09YCTM6DR, B0GLXVNXRT, B0D9NHGX7Q, B0FNMNTNY9, B0C5X1B5RV, B0DG2XZ92N, B0CLLGR816, B0DG2Y9QPV, B0BWXCTNQR, B0GLXVVF68, B0CX8WTKWG, B0DFWVPXP9, B0DG2VZW7L, B0DHS22XC7, B0CNLQWKQJ, B0CNLRGQPJ, B0BNBQQLV5, B0GLXHTH7N, B0CLLDMN1G, B0DG2XVRZF, B0DG2YZHC1, B0DG2YT7BP, B0FR8SSZ53, B0FDQB2381, B0FLJW185L, B0DG2XPXBY, B0GLXXZYT2, B0C9ZWDFRH, B0CLLH1B7X, B0CLLHBV4T, B0B1TM9LTP, B0G1SSC132, B0C5WXQ9GL, B0DP1XD3M5, B0DHRR8HJK, B0CCP1R78Z, B0CX8SKVLY, B0D9NJ9R8Q, B0CLLMVKS5, B0CLLG8MKR, B0DHS53G79, B0GSYGJS24, B0DG2XX1HP, B0CLLGYZ5Y, B0DGQ6LTXR, B0GLXKFG7R, B0CLLPFMMF, B0DHS4VP4B, B0DG2YDW78, B0DHRQ8BQR, B0BY42QBZ7, B0D9NK9ZX3, B0DG2XRDGK, B0CLLF3TGR, B0CLLCXDLX, B0C5X15FFB, B0FDPRPYRW, B0FV8KKJJ3, B0GLY68SB1, B0BNBQBGMQ, B0FLJYLT8G, B0DG3135B5, B0FLJZ7HSV, B0GLY68SB5, B0FNMMNVS1, B09Q5VQ7NS, B0FLJVLS5J, B0DGPXVLTB, B0DFWXHXTK, B0BNBSMDMJ, B0G1SM8637, B0DG2Y632S, B0DP1XXZWF, B0FV8JZBJR, B0GZ2KG4Q1, B0D9NKWL8D, B0BNBTQ2QD, B0G1SNKPJ9]",amzn1.campaign.1ZICFUFRS5ZKJ,Rug Creator Promo-2026/08/11,GENIMO,2026-08-13,2026-11-13,10.00%,5000.0,5000.0,34,800,false
"[B0FY4DRL9Q, B0FSLQDY5D, B0FS39HDSW, B0H389M4NW, B0DWV7M97D, B0GQZSBGZ6, B0DWVB41YT, B0H2NN1NB2, B0GR124TZF, B0FSLQ12NV, B0DWVB3DT5, B0GQZL4B4Z, B0DK81C9LY, B0FS423VCQ, B0H3865MCZ, B0FY44ZMZB, B0FSLS1LF4]",amzn1.campaign.5N2O81CGY8OS,Practical Review: Grinds Focus Energy Pouches - Real Daily-Routine Test,GRINDS,2026-08-13,2027-03-02,15.00%,606114.0,606114.0,0,800,false
[B0GS6JLX2T],amzn1.campaign.2CJAXILD7TJOK,Viral Sweet Heat Crunch Challenge - B0GS6JLX2T,Where You Bean,2026-08-13,2026-11-13,25.00%,1000000.0,1000000.0,25,800,false
"[B0FHHC9J58, B0FHHGHB2C, B0FHH85QK7, B0FHHDTLT8, B0FHHDGPVC, B0FHHCJ9ZW, B0FHHBJLJJ, B0FHHDVVR4, B0FHHDZ7PS, B0FHHBVLRV, B0FHHF3CKJ, B0FHHCBW4P, B0FHHDCKZT, B0FHHF2N85, B0FHH9HN1F, B0FHH8SMFS, B0FHHGPJHP, B0FHHB5W3D, B0FHH8ZLD3, B0FHHC2NS4, B0FHH99RSZ, B0FHHCH493, B0FHHGXD2H, B0FHH5SX9H, B0FHHCFH3W, B0FHH97BXR, B0FHHB6LKC, B0FHHDJ26N, B0FHHBWYXQ, B0FHHDMV2F]",amzn1.campaign.3MCJFQ3BMG1FR,Limited Time Deal: ✨ Glamaker Sweater Dress Set -WYN-M25TZ0022,Glamaker,2026-08-16,2026-11-02,10.00%,5000.0,5000.0,6,800,false
[B0DM955MGZ],amzn1.campaign.18HLH5OIT8BUU,Snack Like You Have Your Life Together - B0DM955MGZ,Where You Bean,2026-08-13,2026-11-13,25.00%,1000000.0,1000000.0,12,800,false
[B0HCBZC9TX],amzn1.campaign.X1H8R393KL7U,30% Off 12×18 Inch Halloween Black Cat Pumpkin Trick or Treat Yard Flag,Pfzye,2026-08-13,2026-09-21,15.00%,5000.0,5000.0,42,800,false
[B0GTZJNJWV],amzn1.campaign.1WFPT5H88AV2Q,Berberine Supplement,Lofei,2026-08-13,2026-12-31,25.00%,5000.0,4979.2,14,800,false
"[B0DGTCKDQQ, B0DGTBDNV1, B0DGTBM831, B0DWW796WG, B0DW42C46F, B0FPDX69S7, B0GVDL28R6, B0DWWF54XT, B0DW3SL33J, B0F998V5GV, B0DW44MTJ8, B0H1HB2FRK, B0FZFP9561, B0F996496B, B0H1GTC7QJ, B0DGTC5GZ4, B0FPDZ7MNP, B0H1H2LSBG, B0H1H4ZFJF, B0DGTBN2V6, B0FJDV16VC, B0FJBK2WVL, B0GCMVGH1N, B0DW3MLZYF, B0DGTCGB5S, B0F995XMG6, B0DGTB8GDG, B0DGT9XV6B, B0DW3N25M8, B0GCN4WR75, B0GCMLW5V6, B0FGNQ7JNW, B0DGT5GVKN, B0FZFRWL3N, B0H1GT811D, B0GCMCYR4D, B0H1H72R9T, B0H1H72R9V, B0F998H2NB, B0H1H1H82R, B0FGNZ7B7D, B0DGX4GC4Q, B0DGTBT2YZ, B0DW3V3WCX, B0GVDSQTB4, B0FJDQ5RJ1, B0DWWLJZML, B0DW3L68FF, B0F998ZFQC, B0FGNMSR62, B0FVSN7JSF, B0FZFT73H4, B0F995XBPC, B0GCN55F6Q, B0FZFRPDFP, B0FZFXZH6G, B0DGTD64G5, B0DW45GSTQ, B0GFMWVL1Z, B0DGTGWT4V, B0F996139N, B0F99CDDDJ, B0DW458D2S, B0F998V8M2, B0GFMPNCY7]",amzn1.campaign.1Z22OK8FFFSC3,Washable NonSlip Mat Creator Promo-2026/08/11,GENIMO,2026-08-13,2026-11-16,10.00%,5000.0,5000.0,28,800,false
[B0CZ76132T],amzn1.campaign.1IY9JGCRXOBUV,I Wasn’t Expecting This Flavor - B0CZ76132T,Where You Bean,2026-08-13,2026-11-13,25.00%,1000000.0,1000000.0,18,800,false
"[B0F2T2L7PV, B0F2T5QJQ3, B0F2T32LM7]",amzn1.campaign.4QUKNP507HYU,HOT Deal! Counter Height Bar Stools Set of 4 🍸 -ZH-LKS,Compsia,2026-08-15,2026-10-02,15.00%,5000.0,5000.0,53,800,false
[B0G3XRH3FV],amzn1.campaign.1HZXT286QH20T,Healthy Snack That Actually Tastes Good - B0G3XRH3FV,Where You Bean,2026-08-13,2026-11-13,25.00%,1000000.0,1000000.0,17,800,false
"[B0FHHC9J58, B0FHHGHB2C, B0FHH85QK7, B0FHHDTLT8, B0FHHDGPVC, B0FHHCJ9ZW, B0FHHBJLJJ, B0FHHDVVR4, B0FHHDZ7PS, B0FHHBVLRV, B0FHHF3CKJ, B0FHHCBW4P, B0FHHDCKZT, B0FHHF2N85, B0FHH9HN1F, B0FHH8SMFS, B0FHHGPJHP, B0FHHB5W3D, B0FHH8ZLD3, B0FHHC2NS4, B0FHH99RSZ, B0FHHCH493, B0FHHGXD2H, B0FHH5SX9H, B0FHHCFH3W, B0FHH97BXR, B0FHHB6LKC, B0FHHDJ26N, B0FHHBWYXQ, B0FHHDMV2F]",amzn1.campaign.2QQJO0QGAHJFU,HOT Deal: 🌈 Glamaker Striped Midi Set Collab -WYN-M25TZ0022,Glamaker,2026-08-16,2027-02-01,10.00%,5000.0,5000.0,8,800,false
"[B0DGTCKDQQ, B0DGTBDNV1, B0DGTBM831, B0DWW796WG, B0DW42C46F, B0FPDX69S7, B0GVDL28R6, B0DWWF54XT, B0DW3SL33J, B0F998V5GV, B0DW44MTJ8, B0H1HB2FRK, B0FZFP9561, B0F996496B, B0H1GTC7QJ, B0DGTC5GZ4, B0FPDZ7MNP, B0H1H2LSBG, B0H1H4ZFJF, B0DGTBN2V6, B0FJDV16VC, B0FJBK2WVL, B0GCMVGH1N, B0DW3MLZYF, B0DGTCGB5S, B0F995XMG6, B0DGTB8GDG, B0DGT9XV6B, B0DW3N25M8, B0GCN4WR75, B0GCMLW5V6, B0FGNQ7JNW, B0DGT5GVKN, B0FZFRWL3N, B0H1GT811D, B0GCMCYR4D, B0H1H72R9T, B0H1H72R9V, B0F998H2NB, B0H1H1H82R, B0FGNZ7B7D, B0DGX4GC4Q, B0DGTBT2YZ, B0DW3V3WCX, B0GVDSQTB4, B0FJDQ5RJ1, B0DWWLJZML, B0DW3L68FF, B0F998ZFQC, B0FGNMSR62, B0FVSN7JSF, B0FZFT73H4, B0F995XBPC, B0GCN55F6Q, B0FZFRPDFP, B0FZFXZH6G, B0DGTD64G5, B0DW45GSTQ, B0GFMWVL1Z, B0DGTGWT4V, B0F996139N, B0F99CDDDJ, B0DW458D2S, B0F998V8M2, B0GFMPNCY7]",amzn1.campaign.WOM03VTC0XJI,Washable NonSlip Mat Creator Promo-2026/08/11,GENIMO,2026-08-13,2026-11-15,10.00%,5000.0,5000.0,40,800,false
"[B0HD9YBNKB, B0H2XW5FB4, B0H274Q29M, B0H3TZ8F1Z]",amzn1.campaign.QO2SJDG374GW,14% Commission – $4.99. Simple. Knee pain -Effective.!!!,teyy,2026-08-13,2027-02-22,14.00%,5000.0,5000.0,36,800,false
[B0F9D4M768],amzn1.campaign.1194OL3N2Q25U,This Snack Feels Way Too Premium - B0F9D4M768,Where You Bean,2026-08-13,2026-11-13,25.00%,1000000.0,1000000.0,0,800,false
[B0GZTHMCST],amzn1.campaign.2ZDR56Q8H25QA,S1138-30%-20260813,STEM MATCH,2026-08-13,2026-09-30,30.00%,5000.0,4931.6,9,800,false
"[B0G87S94CW, B0G87F978J, B0G8735S6W]",amzn1.campaign.13AJMLZE569MP,Routine Upgrade: Hume Supernatural Body Wash - Real Care-Routine Test,HUME SUPERNATURAL,2026-08-13,2027-05-12,11.50%,624022.0,624022.0,21,800,false
"[B0DGTCKDQQ, B0DGTBDNV1, B0DGTBM831, B0DWW796WG, B0DW42C46F, B0FPDX69S7, B0GVDL28R6, B0DWWF54XT, B0DW3SL33J, B0F998V5GV, B0DW44MTJ8, B0H1HB2FRK, B0FZFP9561, B0F996496B, B0H1GTC7QJ, B0DGTC5GZ4, B0FPDZ7MNP, B0H1H2LSBG, B0H1H4ZFJF, B0DGTBN2V6, B0FJDV16VC, B0FJBK2WVL, B0GCMVGH1N, B0DW3MLZYF, B0DGTCGB5S, B0F995XMG6, B0DGTB8GDG, B0DGT9XV6B, B0DW3N25M8, B0GCN4WR75, B0GCMLW5V6, B0FGNQ7JNW, B0DGT5GVKN, B0FZFRWL3N, B0H1GT811D, B0GCMCYR4D, B0H1H72R9T, B0H1H72R9V, B0F998H2NB, B0H1H1H82R, B0FGNZ7B7D, B0DGX4GC4Q, B0DGTBT2YZ, B0DW3V3WCX, B0GVDSQTB4, B0FJDQ5RJ1, B0DWWLJZML, B0DW3L68FF, B0F998ZFQC, B0FGNMSR62, B0FVSN7JSF, B0FZFT73H4, B0F995XBPC, B0GCN55F6Q, B0FZFRPDFP, B0FZFXZH6G, B0DGTD64G5, B0DW45GSTQ, B0GFMWVL1Z, B0DGTGWT4V, B0F996139N, B0F99CDDDJ, B0DW458D2S, B0F998V8M2, B0GFMPNCY7]",amzn1.campaign.3R2K99KWSA79,Washable NonSlip Mat Creator Promo-2026/08/11,GENIMO,2026-08-13,2026-11-14,10.00%,5000.0,5000.0,44,800,false
[B0G3XX474C],amzn1.campaign.1RL7V7FU9S61T,Bold Dill Pickle Crunch with Protein - B0G3XX474C,Where You Bean,2026-08-13,2026-11-13,25.00%,100000.0,100000.0,20,800,false
[B0F9B3QKTX],amzn1.campaign.3MCYO1K8Y12HC,NMNH Supplement,Lofei,2026-08-13,2026-11-30,20.00%,5000.0,5000.0,26,800,false
"[B0HD9YBNKB, B0H274Q29M, B0H2XW5FB4, B0H3TZ8F1Z]",amzn1.campaign.2HR5TXTE38YP,14% Commission – The Support Your Audience Will Actually Use,teyy,2026-08-13,2027-03-31,14.00%,5000.0,5000.0,27,800,false
"[B0DGTCKDQQ, B0DGTBDNV1, B0DGTBM831, B0DWW796WG, B0DW42C46F, B0FPDX69S7, B0GVDL28R6, B0DWWF54XT, B0DW3SL33J, B0F998V5GV, B0DW44MTJ8, B0H1HB2FRK, B0FZFP9561, B0F996496B, B0H1GTC7QJ, B0DGTC5GZ4, B0FPDZ7MNP, B0H1H2LSBG, B0H1H4ZFJF, B0DGTBN2V6, B0FJDV16VC, B0FJBK2WVL, B0GCMVGH1N, B0DW3MLZYF, B0DGTCGB5S, B0F995XMG6, B0DGTB8GDG, B0DGT9XV6B, B0DW3N25M8, B0GCN4WR75, B0GCMLW5V6, B0FGNQ7JNW, B0DGT5GVKN, B0FZFRWL3N, B0H1GT811D, B0GCMCYR4D, B0H1H72R9T, B0H1H72R9V, B0F998H2NB, B0H1H1H82R, B0FGNZ7B7D, B0DGX4GC4Q, B0DGTBT2YZ, B0DW3V3WCX, B0GVDSQTB4, B0FJDQ5RJ1, B0DWWLJZML, B0DW3L68FF, B0F998ZFQC, B0FGNMSR62, B0FVSN7JSF, B0FZFT73H4, B0F995XBPC, B0GCN55F6Q, B0FZFRPDFP, B0FZFXZH6G, B0DGTD64G5, B0DW45GSTQ, B0GFMWVL1Z, B0DGTGWT4V, B0F996139N, B0F99CDDDJ, B0DW458D2S, B0F998V8M2, B0GFMPNCY7]",amzn1.campaign.1721SPDEC3X4,Washable NonSlip Mat Creator Promo-2026/08/11,GENIMO,2026-08-13,2026-11-13,10.00%,5000.0,5000.0,40,800,false
"[B0F2T2L7PV, B0F2T5QJQ3, B0F2T32LM7]",amzn1.campaign.417QPEFJ8C4O,HOT Deal! PU Leather Saddle Seat Barstools 🎉 -ZH-LKS**,Compsia,2026-08-15,2026-10-01,15.00%,5000.0,5000.0,49,800,false
"[B0FHHC9J58, B0FHHGHB2C, B0FHH85QK7, B0FHHDTLT8, B0FHHDGPVC, B0FHHCJ9ZW, B0FHHBJLJJ, B0FHHDVVR4, B0FHHDZ7PS, B0FHHBVLRV, B0FHHF3CKJ, B0FHHCBW4P, B0FHHDCKZT, B0FHHF2N85, B0FHH9HN1F, B0FHH8SMFS, B0FHHGPJHP, B0FHHB5W3D, B0FHH8ZLD3, B0FHHC2NS4, B0FHH99RSZ, B0FHHCH493, B0FHHGXD2H, B0FHH5SX9H, B0FHHCFH3W, B0FHH97BXR, B0FHHB6LKC, B0FHHDJ26N, B0FHHBWYXQ, B0FHHDMV2F]",amzn1.campaign.2RZEDN7ABFXF7,Limited Time Deal: 🎉 Glamaker Trendy Skirt Set -WYN-M25TZ0022,Glamaker,2026-08-16,2026-11-29,10.00%,5000.0,5000.0,10,800,false
"[B0FHHC9J58, B0FHHGHB2C, B0FHH85QK7, B0FHHDTLT8, B0FHHDGPVC, B0FHHCJ9ZW, B0FHHBJLJJ, B0FHHDVVR4, B0FHHDZ7PS, B0FHHBVLRV, B0FHHF3CKJ, B0FHHCBW4P, B0FHHDCKZT, B0FHHF2N85, B0FHH9HN1F, B0FHH8SMFS, B0FHHGPJHP, B0FHHB5W3D, B0FHH8ZLD3, B0FHHC2NS4, B0FHH99RSZ, B0FHHCH493, B0FHHGXD2H, B0FHH5SX9H, B0FHHCFH3W, B0FHH97BXR, B0FHHB6LKC, B0FHHDJ26N, B0FHHBWYXQ, B0FHHDMV2F]",amzn1.campaign.3ER290ZXCH75B,HOT Deal: 👗 Glamaker Casual Knit Dress Collab -WYN-M25TZ0022,Glamaker,2026-08-16,2026-11-28,10.00%,5000.0,5000.0,12,800,false
"[B091MLSF82, B08CSTT8B7, B08DWJS48C, B09FJ44DHC, B0D3NRQ3WG, B08H7RJRYG, B08GY8HJZX, B08DWB5LWP, B00ICVHYSA, B0DJCCZDVZ, B09FJ6CQ1F, B08H8FQBP9, B09K91QLYL, B07KNBPZHS, B09K8ZR6H2, B09FJ5XZ2L, B08F4Y1JFS, B08H8KDBZM, B08DW49KN3, B09FJ4LZQS, B08DVZG2BM, B09FJ5GTM1, B097FDNF7D, B08H8KQ3GW, B09FJ5JS9X, B09FJ4PP3S, B091MDJ36L, B0DJ3FGJZV, B0DJ3G3NSZ, B0D3NMMZRT, B08H7M99TQ, B08H8N4KCH, B097FDQWKW, B08CSTCP62, B08GYGYGKQ, B08H87C4HM, B07KX825YR, B07KX7VS49, B07KX7C4Y7, B09FJ3WM29, B08GY18RSY, B09K8Z4Z15, B08GY6Y7R4, B0DJCDH17B, B09K96LY3P, B08HBX886G]",amzn1.campaign.P67TA6FKLYKK,Practical Review: Grinds Coffee Pouches - First Sip to Final Take,GRINDS,2026-08-13,2027-03-02,10.00%,609697.0,609697.0,23,800,false
"[B0HD9YBNKB, B0H2XW5FB4, B0H274Q29M, B0H3TZ8F1Z]",amzn1.campaign.HV97IPVZ3Q6Q,14% Commission – Your Audience Has Nothing to Lose but Knee Pain!!!,teyy,2026-08-13,2027-02-06,14.00%,5000.0,5000.0,36,800,false
"[B0FP46GL41, B0FRSCM7ZN, B0HB43TGNZ, B0FSRH9HR1, B0D178NXRH, B0GS5FYRZM, B0DN1LBXWZ, B0FFGKFCCQ, B0GS5FWLTN, B0FGXLBB22, B0DFYKQVTR, B0DHZS6KV5, B0D1XN217C, B0D171TMKT, B0GF1R61H3, B0F189PZM5, B0GZVTCQ1B, B0GDXVYH6W, B0DCG24C1J, B0D1X5R7WP, B0DFYMVHSQ, B0DBV83CDJ, B0G2RTNFK4, B0GRTXXGWX, B0FV2YX82V, B0FSRH4DX6, B0D16YQ5NJ, B0FSRKY59D, B0FDGHLGT5, B0FRFND857, B0D478GHMP, B0CP3ZQMGT, B0CQJD5P1G, B0H364PLV4, B0DP77JSHJ, B0FGXLHNXK, B0G2QLNDXX, B0GXY1V7KY, B0F18CHZ1W, B0FSR5JP96, B0FSRH3YBK, B0CLHVX3PJ, B0GDXL1LJ8, B0GRV76KCC, B0FSR5HCF9, B0G2RSVJW8, B0FV2YGLMT, B0GWM29VKX, B0DFYPYX52, B0DN63KVWF, B0F52H4FYV, B0CY2B8PXX, B0FSR5G8RW, B0DN62YN65, B0DN1MWB3S, B0FSRFDQ7B, B0CP41C5WB, B0HB4534VG, B0H2HDH4PW, B0DFYL7DDQ, B0D66NCDGH, B0FV2ZJHB6, B0FRSFHW6V, B0G2RT7FKG, B0HB489W1Y, B0FY2Y64Y9, B0HB3YGTPK, B0DN1NRVKN, B0DP7B4BYR, B0G4M6SK1M, B0DP7CCB14, B0H36J99S8, B0F1815TLY, B0DP3YS8LN, B0H36G4G28, B0D66MH44H, B0H2HHBLHH, B0DP7D45H6, B0FRFT18J7, B0D173PXSD, B0HB43TGP7, B0FFGNL9HJ, B0FRFK8NWG, B0G2RPSFJM, B0H1GLV22Z, B0H11DRN3T, B0DPFC4PZ6, B0G7X6KYFV, B0F3XM9H6P, B0FSRJVFB1, B0F18X7HZH, B0GDXCKDCB, B0FV2XM9MK, B0G2QQCVPM, B0G2RQQW58, B0H7RK24L7, B0H7RHQK24, B0FV31YJNJ, B0G2RQGTMR, B0CRNK1T56, B0DXP4X57N, B0DCG6FVWV, B0GXK13C29, B0GRTZWBVC, B0DQ4MB7XV, B0FP4D9JT6, B0FFGG68P1, B0HB499MHR, B0F9L4V335, B0DCG4LLB9, B0F527SQG6, B0G2RQDT1G, B0GXKC72X8, B0GXY7HY5Y, B0CP3YS6JF, B0GHY8PHNP, B0H2HBJXFN, B0GDXKPKC7, B0DFYMQCTR, B0F3XKTD1K, B0DHZTDRZW, B0GXYCK4ZV, B0DP7B8LDD, B0DPM4SRXB, B0GT3SNY9X, B0FFGN9T5B, B0DP78W5GF, B0FRFJZD7Q, B0DPM19RWQ, B0DPM4B5QJ, B0F3XL8K56, B0G2RPNVS7, B0DP7B832C, B0GS567QYQ, B0HB3S4QHN, B0GXK8T97B, B0FSR67271, B0GPXBQ1KV, B0DGQ5GXX3, B0DFYL2XTG, B0D1XL4DS6, B0GZ3VZ52V, B0D1XTBZPZ, B0G2QKSGH8, B0HB43GG98, B0HB49G7SD, B0CTQV5FXS, B0DCGC4QWK, B0HB4B17TM, B0FFGNQ3LS, B0H7RL38RS, B0DP2RLMCG, B0GDFF7Y3L, B0GXKFJPDZ, B0DP7BMT6N, B0D1Y1K1XY, B0H7RLDMF3, B0CP3Y8LGV, B0HB4819RS, B0DP77SJYJ, B0HB3YXPR2, B0HB3Z8NQ1, B0FV324CMD, B0GPX4DZBW, B0G2RQRVMY, B0CLHV84LX, B0H1G49YNB, B0FQTY3PSH, B0DN1MVRRK, B0GS5FRFZ6, B0D176JGQF, B0H7RDSY5Y, B0FV3112T9, B0FGXKTKGQ, B0F3XP3Z38, B0FY2Z3HHF, B0CTQV3LH4, B0GGGWWGXT, B0HB48QFLK, B0CY29SQH3, B0GPWRRHRQ, B0GRV257GN, B0FSR5L5XX, B0DFYN4X6H, B0FFB26PNJ, B0HB4344NM, B0H36BXLTQ, B0D1XV83JJ, B0HB3ZSDMR, B0H7RH1FCT, B0GXY813QC, B0FV2YKTXF, B0D1XS2T2H, B0D1XWJNN2, B0FV2YZ4KZ, B0DP7BYV6G, B0HB4344NP, B0GRVGD6RV, B0CY2GFK4Q, B0DCG71HCH, B0CTQV9K8J, B0GS59TTKJ, B0DHZVNMGF, B0G2QMKV23, B0G2QMDL39, B0DFYLQ2ZG, B0D66MB6PN, B0CQJCDGYN, B0DPM4LDN9, B0CP3YJRY4, B0DB56QX5M, B0H2HLJYQ1, B0G2RR88ND, B0DYDC73TZ, B0H4QRDZX5, B0GDFPQD78, B0D174PB7D, B0DFYL6SK3, B0DYDFJTKY, B0H7RL77P6, B0GDFPHTQR, B0FFGKWH25, B0DP3YHBWG, B0FMR1XMCX, B0FDGKTT7R, B0GDXL9HRX, B0CLHVC9RD, B0FFGL2SZ8, B0FRSN8NNT, B0FMR23YMD, B0G2QLY5BB, B0GDXRCDVM, B0GS5CPPK5, B0G339Q8F5, B0G2QPMF96, B0GGH1Y65X, B0H335Y3LF, B0HB3V4HFT, B0HB4CYBWF, B0CLHTMPZ8, B0G2RQS79N, B0GDFFR59C, B0FSRHQJ7V, B0GDFJDWKQ, B0GXKC98C9, B0DP417J3H, B0F52KXYMB, B0DPMRWQLV, B0GS59R675, B0G2QLR35K, B0H36C8452, B0FY2Y2NP6, B0GRV3CFKJ, B0FDGKM8V2, B0DP3Y7G58, B0FSRJTWRX, B0DP7C3KJ4, B0G2QPDZZ5, B0FGXLJCVD, B0G3WYCZL6, B0DQ4NKBVP, B0GXYSBSYJ, B0H7RLTMC6, B0DPFCG41H, B0DP3ZC4PS, B0GRTWMZQ7, B0HBB7L3S7, B0DPFCJLXY, B0D1XHLJ6K, B0GZVZPLGH, B0HB3YZPQX, B0H1C4MBLM, B0F186QN13, B0GS5BX27R, B0DP3Z2Q5Q, B0D1XJ3MNC, B0G2RV3LRV, B0CLHV9M1F, B0FGXMM5Q7, B0GHQZ9V6S, B0GRTMPHBZ, B0FDGN5NK7, B0FRFKYCDC, B0DXPTVKCG, B0DN6319NJ, B0FMR2ZW7S, B0DCG6WVP3, B0HB3XPKH9, B0H7RQCSN2, B0DP7DFPD5, B0DP41CK4L, B0HB45Z7ST, B0GDXT7ZT1, B0GRTX9SG4, B0FFB2M6PM, B0H7RFTHC2, B0DXPCFFN9, B0GRV19STN, B0GDXN87W7, B0FFB5DG77, B0FSR8JX2V, B0FSRGFWW7, B0FGXLXM9G, B0DFYMSBV6, B0H7RFXH1H, B0DFYLJ6QD, B0CLHV5CH8, B0GXKBQDQH, B0H7RFB8XZ, B0CP3Z4HHK, B0FRSJFK6N, B0DPMRCJW9, B0GXKBFNFZ, B0DP78B2HZ, B0D1XS446S, B0DCGBKSWV, B0HB483HRD, B0H3664SLS, B0F52NQMPK, B0GDFBVQ28, B0DPM6H36Z, B0G323LRG5, B0CP3YQZ16, B0GGH4DFZZ, B0DP7CWMGK, B0DCG3X6DZ, B0FV2ZWV1S, B0GDFJVPLY, B0G2QPTSXW, B0HB42G37V, B0D66MXDGV, B0CP41L68G, B0FW51D19P, B0HB42N6J8, B0DFYLN9N1, B0FRSJC88T, B0GHYB7G5L, B0GDFLRKVV, B0H7RG7677, B0G2RSKY6L, B0D1XPRBMV, B0DP3Z4T8C, B0DN646D76, B0H335R8QH, B0GSXT731W, B0DFYJQ1N4, B0HB43TKDB, B0HBBGM737, B0DP7BLHZV, B0FMR2WPQZ, B0GF1NXMTV, B0G2QP1L1Y, B0H7R91F6F, B0HBB4L3L7, B0HB3YWTNM, B0FRSJZ28F, B0GGGPDBSD, B0DP3Y1RS5, B0DN611FJB, B0H1GCVRZK, B0F18JQ37N, B0H2HD1N9V, B0HB4DN5Y6, B0FGXKHVT5, B0FFB4P91D, B0GHY3GR35, B0GRV74828, B0FP47Z8HP, B0GXY1Z4HW, B0D478QQ2H, B0FN3DDS5Z, B0GSY68MSZ, B0GXYP2GMH, B0HB3ZKT5J, B0G2RMR7Q7, B0DFYM6D8B, B0FFGJPD25, B0D16Z69ZR, B0GDFBJTWZ, B0D1XMCF95, B0HB4826YH, B0GS5F7685, B0FFGJPVVK, B0H44SS6W2, B0DB4ZGQF2, B0GXK8YG86, B0DBVD4K7N, B0GWMF9VVC, B0HB4BPXLT, B0GDFX9H37, B0DGQ6WBXG, B0FY2ZZZM3, B0GPWYB2B4, B0FV2ZFNJ1, B0CLHV3X6K, B0G7XPRKZP, B0GDX4CBHC, B0FV2ZGSPP, B0HB4CHYNL, B0GDFG3NBQ, B0GHND4LHY, B0D1717YG4, B0G4M7CGMR, B0FRSHR3H6, B0FW51XCN4, B0HB45ZY6V, B0H2HKGGKS, B0FV3114D5, B0G2RRMCM3, B0H366TG8P, B0FRSDNN9N, B0GDFQ7BLH, B0GDFBX9Z3, B0DP3YVVNP, B0FMR1FBXQ, B0GS5M26F2, B0GDFXW64K, B0FSRD1Q9K, B0D66M612C, B0GSY66FJM, B0G4M653F9, B0FP4DQW77, B0DP7BTW2W, B0H2H85YR7, B0DP3YBZ33, B0DCG6W65M, B0FV2Y1FND, B0FSRFJRWH, B0GXKBL3DZ, B0HB41C8NB, B0HB3ZZ9X2, B0D66PZS5P, B0GDFRHP79, B0GPX1QCQC, B0G2QMDFP6, B0DPMR7XSH, B0D4M29XNQ, B0FFGL9MRM, B0G2RQT54S, B0H2HMPDVR, B0GRTWCGCX, B0H33FB4PD, B0G2QLWRFQ, B0F18F25BF, B0H2HM78HX, B0GDFQR6J3, B0H4584M31, B0DFYMD611, B0DN1P7BJ5, B0D4M1LL37, B0GDXN94X2, B0G2QLQQVG, B0FFB6X171, B0GXKBSPL3, B0F3XN52H2, B0HB9WLB2T, B0GXKBSPL5, B0F531KMT7, B0DQ4K6GKF, B0H3688MCH, B0H369KLNM, B0FRSFLHWX, B0FSRHGW9Y, B0H7RGWPPR, B0CLHV9NLS, B0GSXZ91TQ, B0GGGQK9NB, B0GDFSR4GP, B0GDFMT84Z, B0FQTYB1XL, B0FGXKQG6K, B0G2RT4GF2, B0H33DC4DR, B0GXYHRBFM, B0FMR2WNGZ, B0CTQS2YH5, B0DN1Q88WQ, B0H2HHTNJ5, B0DP789W2B, B0FMR1MZYY, B0DP7CNVLS, B0FQTZ2GY7, B0H4QKX8DL, B0DN5YM8J9, B0DBVDG7V8, B0HB3ZK3SP, B0GGH3V7K3, B0GXYMCZRF, B0CP3YB7R4, B0DPFCRWYV, B0GGGJ3YZQ, B0GPX7PJ95, B0HB3ZLSP8, B0D16YWL26, B0G2QMDTF5, B0FV31HLPM, B0FV2Y8P6M, B0H2HHBPCQ, B0GRTVT3GT, B0DXPB1RLD, B0DHZSZX2G, B0FSRCC9MN, B0H361V6TH, B0DFYK4ST2, B0GGGM3LJK, B0G2QMDTFG, B0FFB6PS3Y, B0HB45W1W4, B0DP7B7VMB, B0DN5ZRW8W, B0FFGPTQBR, B0G2QMB1GH, B0G33M2RFK, B0HB49HQR5, B0H362XR6Q, B0H4QJZW7M, B0DHZTN1M6, B0DP7C5QLG, B0H36C5PY5, B0H334VTQ3, B0FV318GWJ, B0GGGXCP99, B0GDFPYK7L, B0HB4BBJ4D, B0DN5XHRZ9, B0GZVTCVBY, B0F17XVJ3F, B0FQTYRD9C, B0GS5K9GQ5, B0H367876P, B0DHZSN246, B0GQ3BCB57, B0DQ4QMW4B, B0D1XND9J1, B0GS5B9TC3, B0GF7PLWTK, B0F52FY499, B0GS5939GX, B0FFGLJDFS, B0H1C8CJWP, B0GXK2JYCS, B0DP3Y78G3, B0FY2ZWPZK, B0CLHTP9Q2, B0G2RQN522, B0HB3WH25N, B0GXKDMDPT, B0H44ZV8FB, B0CTQT3FFS, B0DP3YHPCS, B0DFYKSM38, B0H7RMDNK5, B0DFYKW21Z, B0GS63ZFJT, B0HB453HR8, B0DP79HW5H, B0HB3X7H7N, B0HB3YXSRY, B0H366ZXMX, B0G2RNZYJD, B0DHZTFT5D, B0FRFPH3T5, B0GPWTXV81, B0G2QLTM3D, B0FRSHQVX4, B0DP77B8D4, B0GHR1K5RW, B0D477ZND6, B0HB3YXSSL, B0F52WRRBJ, B0FRSHW5DS, B0HB416RZP, B0GXYS8QBZ, B0FSRK6D9D, B0DXP1RMFB, B0FRFNZYKV, B0FP46TJ3Y, B0GXY46D9V, B0DPFD9G2R, B0H36FVKZB, B0GXK8PKT5, B0G2QLMDW2, B0CLHV45FC, B0FSRGHYGR, B0G7XLKDJK, B0FGXK9SV9, B0FSRGGPXZ, B0DPM371R6, B0CLHV1K9J, B0DN634ZZ3, B0H33CRX4Q, B0H1C5TF2C, B0DN1MJ3CP, B0F18QVL46, B0FFGJHXFL, B0GSY5KQBQ, B0FGXKLB3V, B0FDGJJ1Z6, B0H7RJGR85, B0HB3Z63X2, B0GRV57SZX, B0GXY4C4VZ, B0G2RR1LVP, B0GS5BJPLG, B0G2QPFC4T, B0HB3WTB74, B0DGQ4YPGM, B0G7XCXXNR, B0FRSJKK94, B0FGXMFSP7, B0FY32H7QP, B0G2QPLLTR, B0DP3YZ6X7, B0H7RHMGHW, B0D4M2CGR8, B0GXYF5HFF, B0FV31YFY2, B0FN397K17, B0DBV9FJ1J, B0H1GN8J5S, B0GGH18NPC, B0G2QQ1B3R, B0DFYL9W4B, B0DPFCM3LB, B0GXYC61KK, B0GHMW1JHS, B0GDXR4SW5, B0DP7BJM9R, B0DP7BTJWJ, B0G2QMH6FC, B0FW55YKL9, B0FV2YK1Z1, B0CY2CXRVL, B0DXPJR429, B0HB3ZK7BG, B0FY2Z38QM, B0D3GH2JL3, B0G2RSMPMT, B0FSRC3BG3, B0FSRC3BG2, B0H7RP3G4P, B0DCG4B4VM, B0D9VRJJHL, B0CTQT9TXG, B0F52H1B72, B0H368848L, B0GWLVR32L, B0GDXB1L7M, B0DN1MFSJY, B0FSRJ2WKH, B0FY2YZ5QX, B0DPM3GFFY, B0HB4B31XF, B0G33GQ8HW, B0HB4677MP, B0FRFPB967, B0GHQW1ND9, B0DCG8CVBX, B0D66PJBHB, B0DHZTYKFQ, B0GS59M878, B0DFYKQZQW]",amzn1.campaign.28WO6TDX7R0HS,Washable NonSlip Rug Creator Promo-2026/08/11,GENIMO,2026-08-13,2026-11-16,10.00%,5000.0,5000.0,0,800,false
[B0H33BRT4M],amzn1.campaign.3SCQFOGBY4AWU,PortaMax PX5 Pro Hot New Arrivals!!!🔥🔥🔥10% Commission—💲10K Waiting for You,PORTAMAX,2026-08-13,2026-12-31,10.00%,10000.0,9977.0,11,800,false
"[B0FP46GL41, B0FRSCM7ZN, B0HB43TGNZ, B0FSRH9HR1, B0D178NXRH, B0GS5FYRZM, B0DN1LBXWZ, B0FFGKFCCQ, B0GS5FWLTN, B0FGXLBB22, B0DFYKQVTR, B0DHZS6KV5, B0D1XN217C, B0D171TMKT, B0GF1R61H3, B0F189PZM5, B0GZVTCQ1B, B0GDXVYH6W, B0DCG24C1J, B0D1X5R7WP, B0DFYMVHSQ, B0DBV83CDJ, B0G2RTNFK4, B0GRTXXGWX, B0FV2YX82V, B0FSRH4DX6, B0D16YQ5NJ, B0FSRKY59D, B0FDGHLGT5, B0FRFND857, B0D478GHMP, B0CP3ZQMGT, B0CQJD5P1G, B0H364PLV4, B0DP77JSHJ, B0FGXLHNXK, B0G2QLNDXX, B0GXY1V7KY, B0F18CHZ1W, B0FSR5JP96, B0FSRH3YBK, B0CLHVX3PJ, B0GDXL1LJ8, B0GRV76KCC, B0FSR5HCF9, B0G2RSVJW8, B0FV2YGLMT, B0GWM29VKX, B0DFYPYX52, B0DN63KVWF, B0F52H4FYV, B0CY2B8PXX, B0FSR5G8RW, B0DN62YN65, B0DN1MWB3S, B0FSRFDQ7B, B0CP41C5WB, B0HB4534VG, B0H2HDH4PW, B0DFYL7DDQ, B0D66NCDGH, B0FV2ZJHB6, B0FRSFHW6V, B0G2RT7FKG, B0HB489W1Y, B0FY2Y64Y9, B0HB3YGTPK, B0DN1NRVKN, B0DP7B4BYR, B0G4M6SK1M, B0DP7CCB14, B0H36J99S8, B0F1815TLY, B0DP3YS8LN, B0H36G4G28, B0D66MH44H, B0H2HHBLHH, B0DP7D45H6, B0FRFT18J7, B0D173PXSD, B0HB43TGP7, B0FFGNL9HJ, B0FRFK8NWG, B0G2RPSFJM, B0H1GLV22Z, B0H11DRN3T, B0DPFC4PZ6, B0G7X6KYFV, B0F3XM9H6P, B0FSRJVFB1, B0F18X7HZH, B0GDXCKDCB, B0FV2XM9MK, B0G2QQCVPM, B0G2RQQW58, B0H7RK24L7, B0H7RHQK24, B0FV31YJNJ, B0G2RQGTMR, B0CRNK1T56, B0DXP4X57N, B0DCG6FVWV, B0GXK13C29, B0GRTZWBVC, B0DQ4MB7XV, B0FP4D9JT6, B0FFGG68P1, B0HB499MHR, B0F9L4V335, B0DCG4LLB9, B0F527SQG6, B0G2RQDT1G, B0GXKC72X8, B0GXY7HY5Y, B0CP3YS6JF, B0GHY8PHNP, B0H2HBJXFN, B0GDXKPKC7, B0DFYMQCTR, B0F3XKTD1K, B0DHZTDRZW, B0GXYCK4ZV, B0DP7B8LDD, B0DPM4SRXB, B0GT3SNY9X, B0FFGN9T5B, B0DP78W5GF, B0FRFJZD7Q, B0DPM19RWQ, B0DPM4B5QJ, B0F3XL8K56, B0G2RPNVS7, B0DP7B832C, B0GS567QYQ, B0HB3S4QHN, B0GXK8T97B, B0FSR67271, B0GPXBQ1KV, B0DGQ5GXX3, B0DFYL2XTG, B0D1XL4DS6, B0GZ3VZ52V, B0D1XTBZPZ, B0G2QKSGH8, B0HB43GG98, B0HB49G7SD, B0CTQV5FXS, B0DCGC4QWK, B0HB4B17TM, B0FFGNQ3LS, B0H7RL38RS, B0DP2RLMCG, B0GDFF7Y3L, B0GXKFJPDZ, B0DP7BMT6N, B0D1Y1K1XY, B0H7RLDMF3, B0CP3Y8LGV, B0HB4819RS, B0DP77SJYJ, B0HB3YXPR2, B0HB3Z8NQ1, B0FV324CMD, B0GPX4DZBW, B0G2RQRVMY, B0CLHV84LX, B0H1G49YNB, B0FQTY3PSH, B0DN1MVRRK, B0GS5FRFZ6, B0D176JGQF, B0H7RDSY5Y, B0FV3112T9, B0FGXKTKGQ, B0F3XP3Z38, B0FY2Z3HHF, B0CTQV3LH4, B0GGGWWGXT, B0HB48QFLK, B0CY29SQH3, B0GPWRRHRQ, B0GRV257GN, B0FSR5L5XX, B0DFYN4X6H, B0FFB26PNJ, B0HB4344NM, B0H36BXLTQ, B0D1XV83JJ, B0HB3ZSDMR, B0H7RH1FCT, B0GXY813QC, B0FV2YKTXF, B0D1XS2T2H, B0D1XWJNN2, B0FV2YZ4KZ, B0DP7BYV6G, B0HB4344NP, B0GRVGD6RV, B0CY2GFK4Q, B0DCG71HCH, B0CTQV9K8J, B0GS59TTKJ, B0DHZVNMGF, B0G2QMKV23, B0G2QMDL39, B0DFYLQ2ZG, B0D66MB6PN, B0CQJCDGYN, B0DPM4LDN9, B0CP3YJRY4, B0DB56QX5M, B0H2HLJYQ1, B0G2RR88ND, B0DYDC73TZ, B0H4QRDZX5, B0GDFPQD78, B0D174PB7D, B0DFYL6SK3, B0DYDFJTKY, B0H7RL77P6, B0GDFPHTQR, B0FFGKWH25, B0DP3YHBWG, B0FMR1XMCX, B0FDGKTT7R, B0GDXL9HRX, B0CLHVC9RD, B0FFGL2SZ8, B0FRSN8NNT, B0FMR23YMD, B0G2QLY5BB, B0GDXRCDVM, B0GS5CPPK5, B0G339Q8F5, B0G2QPMF96, B0GGH1Y65X, B0H335Y3LF, B0HB3V4HFT, B0HB4CYBWF, B0CLHTMPZ8, B0G2RQS79N, B0GDFFR59C, B0FSRHQJ7V, B0GDFJDWKQ, B0GXKC98C9, B0DP417J3H, B0F52KXYMB, B0DPMRWQLV, B0GS59R675, B0G2QLR35K, B0H36C8452, B0FY2Y2NP6, B0GRV3CFKJ, B0FDGKM8V2, B0DP3Y7G58, B0FSRJTWRX, B0DP7C3KJ4, B0G2QPDZZ5, B0FGXLJCVD, B0G3WYCZL6, B0DQ4NKBVP, B0GXYSBSYJ, B0H7RLTMC6, B0DPFCG41H, B0DP3ZC4PS, B0GRTWMZQ7, B0HBB7L3S7, B0DPFCJLXY, B0D1XHLJ6K, B0GZVZPLGH, B0HB3YZPQX, B0H1C4MBLM, B0F186QN13, B0GS5BX27R, B0DP3Z2Q5Q, B0D1XJ3MNC, B0G2RV3LRV, B0CLHV9M1F, B0FGXMM5Q7, B0GHQZ9V6S, B0GRTMPHBZ, B0FDGN5NK7, B0FRFKYCDC, B0DXPTVKCG, B0DN6319NJ, B0FMR2ZW7S, B0DCG6WVP3, B0HB3XPKH9, B0H7RQCSN2, B0DP7DFPD5, B0DP41CK4L, B0HB45Z7ST, B0GDXT7ZT1, B0GRTX9SG4, B0FFB2M6PM, B0H7RFTHC2, B0DXPCFFN9, B0GRV19STN, B0GDXN87W7, B0FFB5DG77, B0FSR8JX2V, B0FSRGFWW7, B0FGXLXM9G, B0DFYMSBV6, B0H7RFXH1H, B0DFYLJ6QD, B0CLHV5CH8, B0GXKBQDQH, B0H7RFB8XZ, B0CP3Z4HHK, B0FRSJFK6N, B0DPMRCJW9, B0GXKBFNFZ, B0DP78B2HZ, B0D1XS446S, B0DCGBKSWV, B0HB483HRD, B0H3664SLS, B0F52NQMPK, B0GDFBVQ28, B0DPM6H36Z, B0G323LRG5, B0CP3YQZ16, B0GGH4DFZZ, B0DP7CWMGK, B0DCG3X6DZ, B0FV2ZWV1S, B0GDFJVPLY, B0G2QPTSXW, B0HB42G37V, B0D66MXDGV, B0CP41L68G, B0FW51D19P, B0HB42N6J8, B0DFYLN9N1, B0FRSJC88T, B0GHYB7G5L, B0GDFLRKVV, B0H7RG7677, B0G2RSKY6L, B0D1XPRBMV, B0DP3Z4T8C, B0DN646D76, B0H335R8QH, B0GSXT731W, B0DFYJQ1N4, B0HB43TKDB, B0HBBGM737, B0DP7BLHZV, B0FMR2WPQZ, B0GF1NXMTV, B0G2QP1L1Y, B0H7R91F6F, B0HBB4L3L7, B0HB3YWTNM, B0FRSJZ28F, B0GGGPDBSD, B0DP3Y1RS5, B0DN611FJB, B0H1GCVRZK, B0F18JQ37N, B0H2HD1N9V, B0HB4DN5Y6, B0FGXKHVT5, B0FFB4P91D, B0GHY3GR35, B0GRV74828, B0FP47Z8HP, B0GXY1Z4HW, B0D478QQ2H, B0FN3DDS5Z, B0GSY68MSZ, B0GXYP2GMH, B0HB3ZKT5J, B0G2RMR7Q7, B0DFYM6D8B, B0FFGJPD25, B0D16Z69ZR, B0GDFBJTWZ, B0D1XMCF95, B0HB4826YH, B0GS5F7685, B0FFGJPVVK, B0H44SS6W2, B0DB4ZGQF2, B0GXK8YG86, B0DBVD4K7N, B0GWMF9VVC, B0HB4BPXLT, B0GDFX9H37, B0DGQ6WBXG, B0FY2ZZZM3, B0GPWYB2B4, B0FV2ZFNJ1, B0CLHV3X6K, B0G7XPRKZP, B0GDX4CBHC, B0FV2ZGSPP, B0HB4CHYNL, B0GDFG3NBQ, B0GHND4LHY, B0D1717YG4, B0G4M7CGMR, B0FRSHR3H6, B0FW51XCN4, B0HB45ZY6V, B0H2HKGGKS, B0FV3114D5, B0G2RRMCM3, B0H366TG8P, B0FRSDNN9N, B0GDFQ7BLH, B0GDFBX9Z3, B0DP3YVVNP, B0FMR1FBXQ, B0GS5M26F2, B0GDFXW64K, B0FSRD1Q9K, B0D66M612C, B0GSY66FJM, B0G4M653F9, B0FP4DQW77, B0DP7BTW2W, B0H2H85YR7, B0DP3YBZ33, B0DCG6W65M, B0FV2Y1FND, B0FSRFJRWH, B0GXKBL3DZ, B0HB41C8NB, B0HB3ZZ9X2, B0D66PZS5P, B0GDFRHP79, B0GPX1QCQC, B0G2QMDFP6, B0DPMR7XSH, B0D4M29XNQ, B0FFGL9MRM, B0G2RQT54S, B0H2HMPDVR, B0GRTWCGCX, B0H33FB4PD, B0G2QLWRFQ, B0F18F25BF, B0H2HM78HX, B0GDFQR6J3, B0H4584M31, B0DFYMD611, B0DN1P7BJ5, B0D4M1LL37, B0GDXN94X2, B0G2QLQQVG, B0FFB6X171, B0GXKBSPL3, B0F3XN52H2, B0HB9WLB2T, B0GXKBSPL5, B0F531KMT7, B0DQ4K6GKF, B0H3688MCH, B0H369KLNM, B0FRSFLHWX, B0FSRHGW9Y, B0H7RGWPPR, B0CLHV9NLS, B0GSXZ91TQ, B0GGGQK9NB, B0GDFSR4GP, B0GDFMT84Z, B0FQTYB1XL, B0FGXKQG6K, B0G2RT4GF2, B0H33DC4DR, B0GXYHRBFM, B0FMR2WNGZ, B0CTQS2YH5, B0DN1Q88WQ, B0H2HHTNJ5, B0DP789W2B, B0FMR1MZYY, B0DP7CNVLS, B0FQTZ2GY7, B0H4QKX8DL, B0DN5YM8J9, B0DBVDG7V8, B0HB3ZK3SP, B0GGH3V7K3, B0GXYMCZRF, B0CP3YB7R4, B0DPFCRWYV, B0GGGJ3YZQ, B0GPX7PJ95, B0HB3ZLSP8, B0D16YWL26, B0G2QMDTF5, B0FV31HLPM, B0FV2Y8P6M, B0H2HHBPCQ, B0GRTVT3GT, B0DXPB1RLD, B0DHZSZX2G, B0FSRCC9MN, B0H361V6TH, B0DFYK4ST2, B0GGGM3LJK, B0G2QMDTFG, B0FFB6PS3Y, B0HB45W1W4, B0DP7B7VMB, B0DN5ZRW8W, B0FFGPTQBR, B0G2QMB1GH, B0G33M2RFK, B0HB49HQR5, B0H362XR6Q, B0H4QJZW7M, B0DHZTN1M6, B0DP7C5QLG, B0H36C5PY5, B0H334VTQ3, B0FV318GWJ, B0GGGXCP99, B0GDFPYK7L, B0HB4BBJ4D, B0DN5XHRZ9, B0GZVTCVBY, B0F17XVJ3F, B0FQTYRD9C, B0GS5K9GQ5, B0H367876P, B0DHZSN246, B0GQ3BCB57, B0DQ4QMW4B, B0D1XND9J1, B0GS5B9TC3, B0GF7PLWTK, B0F52FY499, B0GS5939GX, B0FFGLJDFS, B0H1C8CJWP, B0GXK2JYCS, B0DP3Y78G3, B0FY2ZWPZK, B0CLHTP9Q2, B0G2RQN522, B0HB3WH25N, B0GXKDMDPT, B0H44ZV8FB, B0CTQT3FFS, B0DP3YHPCS, B0DFYKSM38, B0H7RMDNK5, B0DFYKW21Z, B0GS63ZFJT, B0HB453HR8, B0DP79HW5H, B0HB3X7H7N, B0HB3YXSRY, B0H366ZXMX, B0G2RNZYJD, B0DHZTFT5D, B0FRFPH3T5, B0GPWTXV81, B0G2QLTM3D, B0FRSHQVX4, B0DP77B8D4, B0GHR1K5RW, B0D477ZND6, B0HB3YXSSL, B0F52WRRBJ, B0FRSHW5DS, B0HB416RZP, B0GXYS8QBZ, B0FSRK6D9D, B0DXP1RMFB, B0FRFNZYKV, B0FP46TJ3Y, B0GXY46D9V, B0DPFD9G2R, B0H36FVKZB, B0GXK8PKT5, B0G2QLMDW2, B0CLHV45FC, B0FSRGHYGR, B0G7XLKDJK, B0FGXK9SV9, B0FSRGGPXZ, B0DPM371R6, B0CLHV1K9J, B0DN634ZZ3, B0H33CRX4Q, B0H1C5TF2C, B0DN1MJ3CP, B0F18QVL46, B0FFGJHXFL, B0GSY5KQBQ, B0FGXKLB3V, B0FDGJJ1Z6, B0H7RJGR85, B0HB3Z63X2, B0GRV57SZX, B0GXY4C4VZ, B0G2RR1LVP, B0GS5BJPLG, B0G2QPFC4T, B0HB3WTB74, B0DGQ4YPGM, B0G7XCXXNR, B0FRSJKK94, B0FGXMFSP7, B0FY32H7QP, B0G2QPLLTR, B0DP3YZ6X7, B0H7RHMGHW, B0D4M2CGR8, B0GXYF5HFF, B0FV31YFY2, B0FN397K17, B0DBV9FJ1J, B0H1GN8J5S, B0GGH18NPC, B0G2QQ1B3R, B0DFYL9W4B, B0DPFCM3LB, B0GXYC61KK, B0GHMW1JHS, B0GDXR4SW5, B0DP7BJM9R, B0DP7BTJWJ, B0G2QMH6FC, B0FW55YKL9, B0FV2YK1Z1, B0CY2CXRVL, B0DXPJR429, B0HB3ZK7BG, B0FY2Z38QM, B0D3GH2JL3, B0G2RSMPMT, B0FSRC3BG3, B0FSRC3BG2, B0H7RP3G4P, B0DCG4B4VM, B0D9VRJJHL, B0CTQT9TXG, B0F52H1B72, B0H368848L, B0GWLVR32L, B0GDXB1L7M, B0DN1MFSJY, B0FSRJ2WKH, B0FY2YZ5QX, B0DPM3GFFY, B0HB4B31XF, B0G33GQ8HW, B0HB4677MP, B0FRFPB967, B0GHQW1ND9, B0DCG8CVBX, B0D66PJBHB, B0DHZTYKFQ, B0GS59M878, B0DFYKQZQW]",amzn1.campaign.2457YIWRF13O6,Washable NonSlip Rug Creator Promo-2026/08/11,GENIMO,2026-08-13,2026-11-15,10.00%,5000.0,5000.0,8,800,false
"[B0F2T2L7PV, B0F2T5QJQ3, B0F2T32LM7]",amzn1.campaign.C86D2WQ39DBN,Great Deal! Counter Stools with Black Metal Legs 🖤 -ZH-LKS**,Compsia,2026-08-15,2026-09-30,15.00%,5000.0,5000.0,51,800,false
"[B0HD9YBNKB, B0H274Q29M, B0H2XW5FB4, B0H3TZ8F1Z]",amzn1.campaign.3U0COG3HOD4ZJ,"14% Commission – Finally, Support That Actually Stays",teyy,2026-08-13,2027-02-27,14.00%,5000.0,5000.0,34,800,false
"[B0FHHC9J58, B0FHHGHB2C, B0FHH85QK7, B0FHHDTLT8, B0FHHDGPVC, B0FHHCJ9ZW, B0FHHBJLJJ, B0FHHDVVR4, B0FHHDZ7PS, B0FHHBVLRV, B0FHHF3CKJ, B0FHHCBW4P, B0FHHDCKZT, B0FHHF2N85, B0FHH9HN1F, B0FHH8SMFS, B0FHHGPJHP, B0FHHB5W3D, B0FHH8ZLD3, B0FHHC2NS4, B0FHH99RSZ, B0FHHCH493, B0FHHGXD2H, B0FHH5SX9H, B0FHHCFH3W, B0FHH97BXR, B0FHHB6LKC, B0FHHDJ26N, B0FHHBWYXQ, B0FHHDMV2F]",amzn1.campaign.29IU4G9N070ME,Great Deal: 🌟 Glamaker Fall Fashion Collab -WYN-M25TZ0022,Glamaker,2026-08-16,2026-11-27,10.00%,5000.0,5000.0,7,800,false
[B0FB8X8H1N],amzn1.campaign.3TDX4FKL8WNAS,Partner with BosilunLife: Elevate Homes with our Ceramic Smart Soap Dispenser,BosilunLife,2026-08-13,2027-08-13,30.00%,5000.0,4994.0,11,800,false
"[B0FP46GL41, B0FRSCM7ZN, B0HB43TGNZ, B0FSRH9HR1, B0D178NXRH, B0GS5FYRZM, B0DN1LBXWZ, B0FFGKFCCQ, B0GS5FWLTN, B0FGXLBB22, B0DFYKQVTR, B0DHZS6KV5, B0D1XN217C, B0D171TMKT, B0GF1R61H3, B0F189PZM5, B0GZVTCQ1B, B0GDXVYH6W, B0DCG24C1J, B0D1X5R7WP, B0DFYMVHSQ, B0DBV83CDJ, B0G2RTNFK4, B0GRTXXGWX, B0FV2YX82V, B0FSRH4DX6, B0D16YQ5NJ, B0FSRKY59D, B0FDGHLGT5, B0FRFND857, B0D478GHMP, B0CP3ZQMGT, B0CQJD5P1G, B0H364PLV4, B0DP77JSHJ, B0FGXLHNXK, B0G2QLNDXX, B0GXY1V7KY, B0F18CHZ1W, B0FSR5JP96, B0FSRH3YBK, B0CLHVX3PJ, B0GDXL1LJ8, B0GRV76KCC, B0FSR5HCF9, B0G2RSVJW8, B0FV2YGLMT, B0GWM29VKX, B0DFYPYX52, B0DN63KVWF, B0F52H4FYV, B0CY2B8PXX, B0FSR5G8RW, B0DN62YN65, B0DN1MWB3S, B0FSRFDQ7B, B0CP41C5WB, B0HB4534VG, B0H2HDH4PW, B0DFYL7DDQ, B0D66NCDGH, B0FV2ZJHB6, B0FRSFHW6V, B0G2RT7FKG, B0HB489W1Y, B0FY2Y64Y9, B0HB3YGTPK, B0DN1NRVKN, B0DP7B4BYR, B0G4M6SK1M, B0DP7CCB14, B0H36J99S8, B0F1815TLY, B0DP3YS8LN, B0H36G4G28, B0D66MH44H, B0H2HHBLHH, B0DP7D45H6, B0FRFT18J7, B0D173PXSD, B0HB43TGP7, B0FFGNL9HJ, B0FRFK8NWG, B0G2RPSFJM, B0H1GLV22Z, B0H11DRN3T, B0DPFC4PZ6, B0G7X6KYFV, B0F3XM9H6P, B0FSRJVFB1, B0F18X7HZH, B0GDXCKDCB, B0FV2XM9MK, B0G2QQCVPM, B0G2RQQW58, B0H7RK24L7, B0H7RHQK24, B0FV31YJNJ, B0G2RQGTMR, B0CRNK1T56, B0DXP4X57N, B0DCG6FVWV, B0GXK13C29, B0GRTZWBVC, B0DQ4MB7XV, B0FP4D9JT6, B0FFGG68P1, B0HB499MHR, B0F9L4V335, B0DCG4LLB9, B0F527SQG6, B0G2RQDT1G, B0GXKC72X8, B0GXY7HY5Y, B0CP3YS6JF, B0GHY8PHNP, B0H2HBJXFN, B0GDXKPKC7, B0DFYMQCTR, B0F3XKTD1K, B0DHZTDRZW, B0GXYCK4ZV, B0DP7B8LDD, B0DPM4SRXB, B0GT3SNY9X, B0FFGN9T5B, B0DP78W5GF, B0FRFJZD7Q, B0DPM19RWQ, B0DPM4B5QJ, B0F3XL8K56, B0G2RPNVS7, B0DP7B832C, B0GS567QYQ, B0HB3S4QHN, B0GXK8T97B, B0FSR67271, B0GPXBQ1KV, B0DGQ5GXX3, B0DFYL2XTG, B0D1XL4DS6, B0GZ3VZ52V, B0D1XTBZPZ, B0G2QKSGH8, B0HB43GG98, B0HB49G7SD, B0CTQV5FXS, B0DCGC4QWK, B0HB4B17TM, B0FFGNQ3LS, B0H7RL38RS, B0DP2RLMCG, B0GDFF7Y3L, B0GXKFJPDZ, B0DP7BMT6N, B0D1Y1K1XY, B0H7RLDMF3, B0CP3Y8LGV, B0HB4819RS, B0DP77SJYJ, B0HB3YXPR2, B0HB3Z8NQ1, B0FV324CMD, B0GPX4DZBW, B0G2RQRVMY, B0CLHV84LX, B0H1G49YNB, B0FQTY3PSH, B0DN1MVRRK, B0GS5FRFZ6, B0D176JGQF, B0H7RDSY5Y, B0FV3112T9, B0FGXKTKGQ, B0F3XP3Z38, B0FY2Z3HHF, B0CTQV3LH4, B0GGGWWGXT, B0HB48QFLK, B0CY29SQH3, B0GPWRRHRQ, B0GRV257GN, B0FSR5L5XX, B0DFYN4X6H, B0FFB26PNJ, B0HB4344NM, B0H36BXLTQ, B0D1XV83JJ, B0HB3ZSDMR, B0H7RH1FCT, B0GXY813QC, B0FV2YKTXF, B0D1XS2T2H, B0D1XWJNN2, B0FV2YZ4KZ, B0DP7BYV6G, B0HB4344NP, B0GRVGD6RV, B0CY2GFK4Q, B0DCG71HCH, B0CTQV9K8J, B0GS59TTKJ, B0DHZVNMGF, B0G2QMKV23, B0G2QMDL39, B0DFYLQ2ZG, B0D66MB6PN, B0CQJCDGYN, B0DPM4LDN9, B0CP3YJRY4, B0DB56QX5M, B0H2HLJYQ1, B0G2RR88ND, B0DYDC73TZ, B0H4QRDZX5, B0GDFPQD78, B0D174PB7D, B0DFYL6SK3, B0DYDFJTKY, B0H7RL77P6, B0GDFPHTQR, B0FFGKWH25, B0DP3YHBWG, B0FMR1XMCX, B0FDGKTT7R, B0GDXL9HRX, B0CLHVC9RD, B0FFGL2SZ8, B0FRSN8NNT, B0FMR23YMD, B0G2QLY5BB, B0GDXRCDVM, B0GS5CPPK5, B0G339Q8F5, B0G2QPMF96, B0GGH1Y65X, B0H335Y3LF, B0HB3V4HFT, B0HB4CYBWF, B0CLHTMPZ8, B0G2RQS79N, B0GDFFR59C, B0FSRHQJ7V, B0GDFJDWKQ, B0GXKC98C9, B0DP417J3H, B0F52KXYMB, B0DPMRWQLV, B0GS59R675, B0G2QLR35K, B0H36C8452, B0FY2Y2NP6, B0GRV3CFKJ, B0FDGKM8V2, B0DP3Y7G58, B0FSRJTWRX, B0DP7C3KJ4, B0G2QPDZZ5, B0FGXLJCVD, B0G3WYCZL6, B0DQ4NKBVP, B0GXYSBSYJ, B0H7RLTMC6, B0DPFCG41H, B0DP3ZC4PS, B0GRTWMZQ7, B0HBB7L3S7, B0DPFCJLXY, B0D1XHLJ6K, B0GZVZPLGH, B0HB3YZPQX, B0H1C4MBLM, B0F186QN13, B0GS5BX27R, B0DP3Z2Q5Q, B0D1XJ3MNC, B0G2RV3LRV, B0CLHV9M1F, B0FGXMM5Q7, B0GHQZ9V6S, B0GRTMPHBZ, B0FDGN5NK7, B0FRFKYCDC, B0DXPTVKCG, B0DN6319NJ, B0FMR2ZW7S, B0DCG6WVP3, B0HB3XPKH9, B0H7RQCSN2, B0DP7DFPD5, B0DP41CK4L, B0HB45Z7ST, B0GDXT7ZT1, B0GRTX9SG4, B0FFB2M6PM, B0H7RFTHC2, B0DXPCFFN9, B0GRV19STN, B0GDXN87W7, B0FFB5DG77, B0FSR8JX2V, B0FSRGFWW7, B0FGXLXM9G, B0DFYMSBV6, B0H7RFXH1H, B0DFYLJ6QD, B0CLHV5CH8, B0GXKBQDQH, B0H7RFB8XZ, B0CP3Z4HHK, B0FRSJFK6N, B0DPMRCJW9, B0GXKBFNFZ, B0DP78B2HZ, B0D1XS446S, B0DCGBKSWV, B0HB483HRD, B0H3664SLS, B0F52NQMPK, B0GDFBVQ28, B0DPM6H36Z, B0G323LRG5, B0CP3YQZ16, B0GGH4DFZZ, B0DP7CWMGK, B0DCG3X6DZ, B0FV2ZWV1S, B0GDFJVPLY, B0G2QPTSXW, B0HB42G37V, B0D66MXDGV, B0CP41L68G, B0FW51D19P, B0HB42N6J8, B0DFYLN9N1, B0FRSJC88T, B0GHYB7G5L, B0GDFLRKVV, B0H7RG7677, B0G2RSKY6L, B0D1XPRBMV, B0DP3Z4T8C, B0DN646D76, B0H335R8QH, B0GSXT731W, B0DFYJQ1N4, B0HB43TKDB, B0HBBGM737, B0DP7BLHZV, B0FMR2WPQZ, B0GF1NXMTV, B0G2QP1L1Y, B0H7R91F6F, B0HBB4L3L7, B0HB3YWTNM, B0FRSJZ28F, B0GGGPDBSD, B0DP3Y1RS5, B0DN611FJB, B0H1GCVRZK, B0F18JQ37N, B0H2HD1N9V, B0HB4DN5Y6, B0FGXKHVT5, B0FFB4P91D, B0GHY3GR35, B0GRV74828, B0FP47Z8HP, B0GXY1Z4HW, B0D478QQ2H, B0FN3DDS5Z, B0GSY68MSZ, B0GXYP2GMH, B0HB3ZKT5J, B0G2RMR7Q7, B0DFYM6D8B, B0FFGJPD25, B0D16Z69ZR, B0GDFBJTWZ, B0D1XMCF95, B0HB4826YH, B0GS5F7685, B0FFGJPVVK, B0H44SS6W2, B0DB4ZGQF2, B0GXK8YG86, B0DBVD4K7N, B0GWMF9VVC, B0HB4BPXLT, B0GDFX9H37, B0DGQ6WBXG, B0FY2ZZZM3, B0GPWYB2B4, B0FV2ZFNJ1, B0CLHV3X6K, B0G7XPRKZP, B0GDX4CBHC, B0FV2ZGSPP, B0HB4CHYNL, B0GDFG3NBQ, B0GHND4LHY, B0D1717YG4, B0G4M7CGMR, B0FRSHR3H6, B0FW51XCN4, B0HB45ZY6V, B0H2HKGGKS, B0FV3114D5, B0G2RRMCM3, B0H366TG8P, B0FRSDNN9N, B0GDFQ7BLH, B0GDFBX9Z3, B0DP3YVVNP, B0FMR1FBXQ, B0GS5M26F2, B0GDFXW64K, B0FSRD1Q9K, B0D66M612C, B0GSY66FJM, B0G4M653F9, B0FP4DQW77, B0DP7BTW2W, B0H2H85YR7, B0DP3YBZ33, B0DCG6W65M, B0FV2Y1FND, B0FSRFJRWH, B0GXKBL3DZ, B0HB41C8NB, B0HB3ZZ9X2, B0D66PZS5P, B0GDFRHP79, B0GPX1QCQC, B0G2QMDFP6, B0DPMR7XSH, B0D4M29XNQ, B0FFGL9MRM, B0G2RQT54S, B0H2HMPDVR, B0GRTWCGCX, B0H33FB4PD, B0G2QLWRFQ, B0F18F25BF, B0H2HM78HX, B0GDFQR6J3, B0H4584M31, B0DFYMD611, B0DN1P7BJ5, B0D4M1LL37, B0GDXN94X2, B0G2QLQQVG, B0FFB6X171, B0GXKBSPL3, B0F3XN52H2, B0HB9WLB2T, B0GXKBSPL5, B0F531KMT7, B0DQ4K6GKF, B0H3688MCH, B0H369KLNM, B0FRSFLHWX, B0FSRHGW9Y, B0H7RGWPPR, B0CLHV9NLS, B0GSXZ91TQ, B0GGGQK9NB, B0GDFSR4GP, B0GDFMT84Z, B0FQTYB1XL, B0FGXKQG6K, B0G2RT4GF2, B0H33DC4DR, B0GXYHRBFM, B0FMR2WNGZ, B0CTQS2YH5, B0DN1Q88WQ, B0H2HHTNJ5, B0DP789W2B, B0FMR1MZYY, B0DP7CNVLS, B0FQTZ2GY7, B0H4QKX8DL, B0DN5YM8J9, B0DBVDG7V8, B0HB3ZK3SP, B0GGH3V7K3, B0GXYMCZRF, B0CP3YB7R4, B0DPFCRWYV, B0GGGJ3YZQ, B0GPX7PJ95, B0HB3ZLSP8, B0D16YWL26, B0G2QMDTF5, B0FV31HLPM, B0FV2Y8P6M, B0H2HHBPCQ, B0GRTVT3GT, B0DXPB1RLD, B0DHZSZX2G, B0FSRCC9MN, B0H361V6TH, B0DFYK4ST2, B0GGGM3LJK, B0G2QMDTFG, B0FFB6PS3Y, B0HB45W1W4, B0DP7B7VMB, B0DN5ZRW8W, B0FFGPTQBR, B0G2QMB1GH, B0G33M2RFK, B0HB49HQR5, B0H362XR6Q, B0H4QJZW7M, B0DHZTN1M6, B0DP7C5QLG, B0H36C5PY5, B0H334VTQ3, B0FV318GWJ, B0GGGXCP99, B0GDFPYK7L, B0HB4BBJ4D, B0DN5XHRZ9, B0GZVTCVBY, B0F17XVJ3F, B0FQTYRD9C, B0GS5K9GQ5, B0H367876P, B0DHZSN246, B0GQ3BCB57, B0DQ4QMW4B, B0D1XND9J1, B0GS5B9TC3, B0GF7PLWTK, B0F52FY499, B0GS5939GX, B0FFGLJDFS, B0H1C8CJWP, B0GXK2JYCS, B0DP3Y78G3, B0FY2ZWPZK, B0CLHTP9Q2, B0G2RQN522, B0HB3WH25N, B0GXKDMDPT, B0H44ZV8FB, B0CTQT3FFS, B0DP3YHPCS, B0DFYKSM38, B0H7RMDNK5, B0DFYKW21Z, B0GS63ZFJT, B0HB453HR8, B0DP79HW5H, B0HB3X7H7N, B0HB3YXSRY, B0H366ZXMX, B0G2RNZYJD, B0DHZTFT5D, B0FRFPH3T5, B0GPWTXV81, B0G2QLTM3D, B0FRSHQVX4, B0DP77B8D4, B0GHR1K5RW, B0D477ZND6, B0HB3YXSSL, B0F52WRRBJ, B0FRSHW5DS, B0HB416RZP, B0GXYS8QBZ, B0FSRK6D9D, B0DXP1RMFB, B0FRFNZYKV, B0FP46TJ3Y, B0GXY46D9V, B0DPFD9G2R, B0H36FVKZB, B0GXK8PKT5, B0G2QLMDW2, B0CLHV45FC, B0FSRGHYGR, B0G7XLKDJK, B0FGXK9SV9, B0FSRGGPXZ, B0DPM371R6, B0CLHV1K9J, B0DN634ZZ3, B0H33CRX4Q, B0H1C5TF2C, B0DN1MJ3CP, B0F18QVL46, B0FFGJHXFL, B0GSY5KQBQ, B0FGXKLB3V, B0FDGJJ1Z6, B0H7RJGR85, B0HB3Z63X2, B0GRV57SZX, B0GXY4C4VZ, B0G2RR1LVP, B0GS5BJPLG, B0G2QPFC4T, B0HB3WTB74, B0DGQ4YPGM, B0G7XCXXNR, B0FRSJKK94, B0FGXMFSP7, B0FY32H7QP, B0G2QPLLTR, B0DP3YZ6X7, B0H7RHMGHW, B0D4M2CGR8, B0GXYF5HFF, B0FV31YFY2, B0FN397K17, B0DBV9FJ1J, B0H1GN8J5S, B0GGH18NPC, B0G2QQ1B3R, B0DFYL9W4B, B0DPFCM3LB, B0GXYC61KK, B0GHMW1JHS, B0GDXR4SW5, B0DP7BJM9R, B0DP7BTJWJ, B0G2QMH6FC, B0FW55YKL9, B0FV2YK1Z1, B0CY2CXRVL, B0DXPJR429, B0HB3ZK7BG, B0FY2Z38QM, B0D3GH2JL3, B0G2RSMPMT, B0FSRC3BG3, B0FSRC3BG2, B0H7RP3G4P, B0DCG4B4VM, B0D9VRJJHL, B0CTQT9TXG, B0F52H1B72, B0H368848L, B0GWLVR32L, B0GDXB1L7M, B0DN1MFSJY, B0FSRJ2WKH, B0FY2YZ5QX, B0DPM3GFFY, B0HB4B31XF, B0G33GQ8HW, B0HB4677MP, B0FRFPB967, B0GHQW1ND9, B0DCG8CVBX, B0D66PJBHB, B0DHZTYKFQ, B0GS59M878, B0DFYKQZQW]",amzn1.campaign.1FL86T73OYTCB,Washable NonSlip Rug Creator Promo-2026/08/11,GENIMO,2026-08-13,2026-11-14,10.00%,5000.0,5000.0,11,800,false
"[B09Q4Q4XFH, B09RTS11KK, B0BV1C73PX, B08X4X3ZZ9, B0B3Q7GNSV]",amzn1.campaign.1ZUZA7KD53ZO2,Routine Upgrade: Hume Desert Bloom Deodorant - Real Care-Routine Test,HUME SUPERNATURAL,2026-08-13,2027-05-12,11.50%,623333.0,623333.0,13,800,false
[B0HCBQJKL3],amzn1.campaign.15OSL5PTT6K8H,30% Off 12×18 Inch Halloween Witch Pumpkin Ghost Double Sided Yard Flag,Pfzye,2026-08-13,2026-09-21,15.00%,5000.0,5000.0,28,800,false
"[B0FP46GL41, B0FRSCM7ZN, B0HB43TGNZ, B0FSRH9HR1, B0D178NXRH, B0GS5FYRZM, B0DN1LBXWZ, B0FFGKFCCQ, B0GS5FWLTN, B0FGXLBB22, B0DFYKQVTR, B0DHZS6KV5, B0D1XN217C, B0D171TMKT, B0GF1R61H3, B0F189PZM5, B0GZVTCQ1B, B0GDXVYH6W, B0DCG24C1J, B0D1X5R7WP, B0DFYMVHSQ, B0DBV83CDJ, B0G2RTNFK4, B0GRTXXGWX, B0FV2YX82V, B0FSRH4DX6, B0D16YQ5NJ, B0FSRKY59D, B0FDGHLGT5, B0FRFND857, B0D478GHMP, B0CP3ZQMGT, B0CQJD5P1G, B0H364PLV4, B0DP77JSHJ, B0FGXLHNXK, B0G2QLNDXX, B0GXY1V7KY, B0F18CHZ1W, B0FSR5JP96, B0FSRH3YBK, B0CLHVX3PJ, B0GDXL1LJ8, B0GRV76KCC, B0FSR5HCF9, B0G2RSVJW8, B0FV2YGLMT, B0GWM29VKX, B0DFYPYX52, B0DN63KVWF, B0F52H4FYV, B0CY2B8PXX, B0FSR5G8RW, B0DN62YN65, B0DN1MWB3S, B0FSRFDQ7B, B0CP41C5WB, B0HB4534VG, B0H2HDH4PW, B0DFYL7DDQ, B0D66NCDGH, B0FV2ZJHB6, B0FRSFHW6V, B0G2RT7FKG, B0HB489W1Y, B0FY2Y64Y9, B0HB3YGTPK, B0DN1NRVKN, B0DP7B4BYR, B0G4M6SK1M, B0DP7CCB14, B0H36J99S8, B0F1815TLY, B0DP3YS8LN, B0H36G4G28, B0D66MH44H, B0H2HHBLHH, B0DP7D45H6, B0FRFT18J7, B0D173PXSD, B0HB43TGP7, B0FFGNL9HJ, B0FRFK8NWG, B0G2RPSFJM, B0H1GLV22Z, B0H11DRN3T, B0DPFC4PZ6, B0G7X6KYFV, B0F3XM9H6P, B0FSRJVFB1, B0F18X7HZH, B0GDXCKDCB, B0FV2XM9MK, B0G2QQCVPM, B0G2RQQW58, B0H7RK24L7, B0H7RHQK24, B0FV31YJNJ, B0G2RQGTMR, B0CRNK1T56, B0DXP4X57N, B0DCG6FVWV, B0GXK13C29, B0GRTZWBVC, B0DQ4MB7XV, B0FP4D9JT6, B0FFGG68P1, B0HB499MHR, B0F9L4V335, B0DCG4LLB9, B0F527SQG6, B0G2RQDT1G, B0GXKC72X8, B0GXY7HY5Y, B0CP3YS6JF, B0GHY8PHNP, B0H2HBJXFN, B0GDXKPKC7, B0DFYMQCTR, B0F3XKTD1K, B0DHZTDRZW, B0GXYCK4ZV, B0DP7B8LDD, B0DPM4SRXB, B0GT3SNY9X, B0FFGN9T5B, B0DP78W5GF, B0FRFJZD7Q, B0DPM19RWQ, B0DPM4B5QJ, B0F3XL8K56, B0G2RPNVS7, B0DP7B832C, B0GS567QYQ, B0HB3S4QHN, B0GXK8T97B, B0FSR67271, B0GPXBQ1KV, B0DGQ5GXX3, B0DFYL2XTG, B0D1XL4DS6, B0GZ3VZ52V, B0D1XTBZPZ, B0G2QKSGH8, B0HB43GG98, B0HB49G7SD, B0CTQV5FXS, B0DCGC4QWK, B0HB4B17TM, B0FFGNQ3LS, B0H7RL38RS, B0DP2RLMCG, B0GDFF7Y3L, B0GXKFJPDZ, B0DP7BMT6N, B0D1Y1K1XY, B0H7RLDMF3, B0CP3Y8LGV, B0HB4819RS, B0DP77SJYJ, B0HB3YXPR2, B0HB3Z8NQ1, B0FV324CMD, B0GPX4DZBW, B0G2RQRVMY, B0CLHV84LX, B0H1G49YNB, B0FQTY3PSH, B0DN1MVRRK, B0GS5FRFZ6, B0D176JGQF, B0H7RDSY5Y, B0FV3112T9, B0FGXKTKGQ, B0F3XP3Z38, B0FY2Z3HHF, B0CTQV3LH4, B0GGGWWGXT, B0HB48QFLK, B0CY29SQH3, B0GPWRRHRQ, B0GRV257GN, B0FSR5L5XX, B0DFYN4X6H, B0FFB26PNJ, B0HB4344NM, B0H36BXLTQ, B0D1XV83JJ, B0HB3ZSDMR, B0H7RH1FCT, B0GXY813QC, B0FV2YKTXF, B0D1XS2T2H, B0D1XWJNN2, B0FV2YZ4KZ, B0DP7BYV6G, B0HB4344NP, B0GRVGD6RV, B0CY2GFK4Q, B0DCG71HCH, B0CTQV9K8J, B0GS59TTKJ, B0DHZVNMGF, B0G2QMKV23, B0G2QMDL39, B0DFYLQ2ZG, B0D66MB6PN, B0CQJCDGYN, B0DPM4LDN9, B0CP3YJRY4, B0DB56QX5M, B0H2HLJYQ1, B0G2RR88ND, B0DYDC73TZ, B0H4QRDZX5, B0GDFPQD78, B0D174PB7D, B0DFYL6SK3, B0DYDFJTKY, B0H7RL77P6, B0GDFPHTQR, B0FFGKWH25, B0DP3YHBWG, B0FMR1XMCX, B0FDGKTT7R, B0GDXL9HRX, B0CLHVC9RD, B0FFGL2SZ8, B0FRSN8NNT, B0FMR23YMD, B0G2QLY5BB, B0GDXRCDVM, B0GS5CPPK5, B0G339Q8F5, B0G2QPMF96, B0GGH1Y65X, B0H335Y3LF, B0HB3V4HFT, B0HB4CYBWF, B0CLHTMPZ8, B0G2RQS79N, B0GDFFR59C, B0FSRHQJ7V, B0GDFJDWKQ, B0GXKC98C9, B0DP417J3H, B0F52KXYMB, B0DPMRWQLV, B0GS59R675, B0G2QLR35K, B0H36C8452, B0FY2Y2NP6, B0GRV3CFKJ, B0FDGKM8V2, B0DP3Y7G58, B0FSRJTWRX, B0DP7C3KJ4, B0G2QPDZZ5, B0FGXLJCVD, B0G3WYCZL6, B0DQ4NKBVP, B0GXYSBSYJ, B0H7RLTMC6, B0DPFCG41H, B0DP3ZC4PS, B0GRTWMZQ7, B0HBB7L3S7, B0DPFCJLXY, B0D1XHLJ6K, B0GZVZPLGH, B0HB3YZPQX, B0H1C4MBLM, B0F186QN13, B0GS5BX27R, B0DP3Z2Q5Q, B0D1XJ3MNC, B0G2RV3LRV, B0CLHV9M1F, B0FGXMM5Q7, B0GHQZ9V6S, B0GRTMPHBZ, B0FDGN5NK7, B0FRFKYCDC, B0DXPTVKCG, B0DN6319NJ, B0FMR2ZW7S, B0DCG6WVP3, B0HB3XPKH9, B0H7RQCSN2, B0DP7DFPD5, B0DP41CK4L, B0HB45Z7ST, B0GDXT7ZT1, B0GRTX9SG4, B0FFB2M6PM, B0H7RFTHC2, B0DXPCFFN9, B0GRV19STN, B0GDXN87W7, B0FFB5DG77, B0FSR8JX2V, B0FSRGFWW7, B0FGXLXM9G, B0DFYMSBV6, B0H7RFXH1H, B0DFYLJ6QD, B0CLHV5CH8, B0GXKBQDQH, B0H7RFB8XZ, B0CP3Z4HHK, B0FRSJFK6N, B0DPMRCJW9, B0GXKBFNFZ, B0DP78B2HZ, B0D1XS446S, B0DCGBKSWV, B0HB483HRD, B0H3664SLS, B0F52NQMPK, B0GDFBVQ28, B0DPM6H36Z, B0G323LRG5, B0CP3YQZ16, B0GGH4DFZZ, B0DP7CWMGK, B0DCG3X6DZ, B0FV2ZWV1S, B0GDFJVPLY, B0G2QPTSXW, B0HB42G37V, B0D66MXDGV, B0CP41L68G, B0FW51D19P, B0HB42N6J8, B0DFYLN9N1, B0FRSJC88T, B0GHYB7G5L, B0GDFLRKVV, B0H7RG7677, B0G2RSKY6L, B0D1XPRBMV, B0DP3Z4T8C, B0DN646D76, B0H335R8QH, B0GSXT731W, B0DFYJQ1N4, B0HB43TKDB, B0HBBGM737, B0DP7BLHZV, B0FMR2WPQZ, B0GF1NXMTV, B0G2QP1L1Y, B0H7R91F6F, B0HBB4L3L7, B0HB3YWTNM, B0FRSJZ28F, B0GGGPDBSD, B0DP3Y1RS5, B0DN611FJB, B0H1GCVRZK, B0F18JQ37N, B0H2HD1N9V, B0HB4DN5Y6, B0FGXKHVT5, B0FFB4P91D, B0GHY3GR35, B0GRV74828, B0FP47Z8HP, B0GXY1Z4HW, B0D478QQ2H, B0FN3DDS5Z, B0GSY68MSZ, B0GXYP2GMH, B0HB3ZKT5J, B0G2RMR7Q7, B0DFYM6D8B, B0FFGJPD25, B0D16Z69ZR, B0GDFBJTWZ, B0D1XMCF95, B0HB4826YH, B0GS5F7685, B0FFGJPVVK, B0H44SS6W2, B0DB4ZGQF2, B0GXK8YG86, B0DBVD4K7N, B0GWMF9VVC, B0HB4BPXLT, B0GDFX9H37, B0DGQ6WBXG, B0FY2ZZZM3, B0GPWYB2B4, B0FV2ZFNJ1, B0CLHV3X6K, B0G7XPRKZP, B0GDX4CBHC, B0FV2ZGSPP, B0HB4CHYNL, B0GDFG3NBQ, B0GHND4LHY, B0D1717YG4, B0G4M7CGMR, B0FRSHR3H6, B0FW51XCN4, B0HB45ZY6V, B0H2HKGGKS, B0FV3114D5, B0G2RRMCM3, B0H366TG8P, B0FRSDNN9N, B0GDFQ7BLH, B0GDFBX9Z3, B0DP3YVVNP, B0FMR1FBXQ, B0GS5M26F2, B0GDFXW64K, B0FSRD1Q9K, B0D66M612C, B0GSY66FJM, B0G4M653F9, B0FP4DQW77, B0DP7BTW2W, B0H2H85YR7, B0DP3YBZ33, B0DCG6W65M, B0FV2Y1FND, B0FSRFJRWH, B0GXKBL3DZ, B0HB41C8NB, B0HB3ZZ9X2, B0D66PZS5P, B0GDFRHP79, B0GPX1QCQC, B0G2QMDFP6, B0DPMR7XSH, B0D4M29XNQ, B0FFGL9MRM, B0G2RQT54S, B0H2HMPDVR, B0GRTWCGCX, B0H33FB4PD, B0G2QLWRFQ, B0F18F25BF, B0H2HM78HX, B0GDFQR6J3, B0H4584M31, B0DFYMD611, B0DN1P7BJ5, B0D4M1LL37, B0GDXN94X2, B0G2QLQQVG, B0FFB6X171, B0GXKBSPL3, B0F3XN52H2, B0HB9WLB2T, B0GXKBSPL5, B0F531KMT7, B0DQ4K6GKF, B0H3688MCH, B0H369KLNM, B0FRSFLHWX, B0FSRHGW9Y, B0H7RGWPPR, B0CLHV9NLS, B0GSXZ91TQ, B0GGGQK9NB, B0GDFSR4GP, B0GDFMT84Z, B0FQTYB1XL, B0FGXKQG6K, B0G2RT4GF2, B0H33DC4DR, B0GXYHRBFM, B0FMR2WNGZ, B0CTQS2YH5, B0DN1Q88WQ, B0H2HHTNJ5, B0DP789W2B, B0FMR1MZYY, B0DP7CNVLS, B0FQTZ2GY7, B0H4QKX8DL, B0DN5YM8J9, B0DBVDG7V8, B0HB3ZK3SP, B0GGH3V7K3, B0GXYMCZRF, B0CP3YB7R4, B0DPFCRWYV, B0GGGJ3YZQ, B0GPX7PJ95, B0HB3ZLSP8, B0D16YWL26, B0G2QMDTF5, B0FV31HLPM, B0FV2Y8P6M, B0H2HHBPCQ, B0GRTVT3GT, B0DXPB1RLD, B0DHZSZX2G, B0FSRCC9MN, B0H361V6TH, B0DFYK4ST2, B0GGGM3LJK, B0G2QMDTFG, B0FFB6PS3Y, B0HB45W1W4, B0DP7B7VMB, B0DN5ZRW8W, B0FFGPTQBR, B0G2QMB1GH, B0G33M2RFK, B0HB49HQR5, B0H362XR6Q, B0H4QJZW7M, B0DHZTN1M6, B0DP7C5QLG, B0H36C5PY5, B0H334VTQ3, B0FV318GWJ, B0GGGXCP99, B0GDFPYK7L, B0HB4BBJ4D, B0DN5XHRZ9, B0GZVTCVBY, B0F17XVJ3F, B0FQTYRD9C, B0GS5K9GQ5, B0H367876P, B0DHZSN246, B0GQ3BCB57, B0DQ4QMW4B, B0D1XND9J1, B0GS5B9TC3, B0GF7PLWTK, B0F52FY499, B0GS5939GX, B0FFGLJDFS, B0H1C8CJWP, B0GXK2JYCS, B0DP3Y78G3, B0FY2ZWPZK, B0CLHTP9Q2, B0G2RQN522, B0HB3WH25N, B0GXKDMDPT, B0H44ZV8FB, B0CTQT3FFS, B0DP3YHPCS, B0DFYKSM38, B0H7RMDNK5, B0DFYKW21Z, B0GS63ZFJT, B0HB453HR8, B0DP79HW5H, B0HB3X7H7N, B0HB3YXSRY, B0H366ZXMX, B0G2RNZYJD, B0DHZTFT5D, B0FRFPH3T5, B0GPWTXV81, B0G2QLTM3D, B0FRSHQVX4, B0DP77B8D4, B0GHR1K5RW, B0D477ZND6, B0HB3YXSSL, B0F52WRRBJ, B0FRSHW5DS, B0HB416RZP, B0GXYS8QBZ, B0FSRK6D9D, B0DXP1RMFB, B0FRFNZYKV, B0FP46TJ3Y, B0GXY46D9V, B0DPFD9G2R, B0H36FVKZB, B0GXK8PKT5, B0G2QLMDW2, B0CLHV45FC, B0FSRGHYGR, B0G7XLKDJK, B0FGXK9SV9, B0FSRGGPXZ, B0DPM371R6, B0CLHV1K9J, B0DN634ZZ3, B0H33CRX4Q, B0H1C5TF2C, B0DN1MJ3CP, B0F18QVL46, B0FFGJHXFL, B0GSY5KQBQ, B0FGXKLB3V, B0FDGJJ1Z6, B0H7RJGR85, B0HB3Z63X2, B0GRV57SZX, B0GXY4C4VZ, B0G2RR1LVP, B0GS5BJPLG, B0G2QPFC4T, B0HB3WTB74, B0DGQ4YPGM, B0G7XCXXNR, B0FRSJKK94, B0FGXMFSP7, B0FY32H7QP, B0G2QPLLTR, B0DP3YZ6X7, B0H7RHMGHW, B0D4M2CGR8, B0GXYF5HFF, B0FV31YFY2, B0FN397K17, B0DBV9FJ1J, B0H1GN8J5S, B0GGH18NPC, B0G2QQ1B3R, B0DFYL9W4B, B0DPFCM3LB, B0GXYC61KK, B0GHMW1JHS, B0GDXR4SW5, B0DP7BJM9R, B0DP7BTJWJ, B0G2QMH6FC, B0FW55YKL9, B0FV2YK1Z1, B0CY2CXRVL, B0DXPJR429, B0HB3ZK7BG, B0FY2Z38QM, B0D3GH2JL3, B0G2RSMPMT, B0FSRC3BG3, B0FSRC3BG2, B0H7RP3G4P, B0DCG4B4VM, B0D9VRJJHL, B0CTQT9TXG, B0F52H1B72, B0H368848L, B0GWLVR32L, B0GDXB1L7M, B0DN1MFSJY, B0FSRJ2WKH, B0FY2YZ5QX, B0DPM3GFFY, B0HB4B31XF, B0G33GQ8HW, B0HB4677MP, B0FRFPB967, B0GHQW1ND9, B0DCG8CVBX, B0D66PJBHB, B0DHZTYKFQ, B0GS59M878, B0DFYKQZQW]",amzn1.campaign.E31XB1QYRXG,Washable NonSlip Rug Creator Promo-2026/08/11,GENIMO,2026-08-13,2026-11-13,10.00%,5000.0,5000.0,18,800,false
"[B0HD9YBNKB, B0H2XW5FB4, B0H274Q29M, B0H3TZ8F1Z]",amzn1.campaign.2EJ88JM8T90Y0,14% Commission – Try It Free Before You Share,teyy,2026-08-13,2027-01-31,14.00%,5000.0,4999.02,35,800,false
"[B0FHHC9J58, B0FHHGHB2C, B0FHH85QK7, B0FHHDTLT8, B0FHHDGPVC, B0FHHCJ9ZW, B0FHHBJLJJ, B0FHHDVVR4, B0FHHDZ7PS, B0FHHBVLRV, B0FHHF3CKJ, B0FHHCBW4P, B0FHHDCKZT, B0FHHF2N85, B0FHH9HN1F, B0FHH8SMFS, B0FHHGPJHP, B0FHHB5W3D, B0FHH8ZLD3, B0FHHC2NS4, B0FHH99RSZ, B0FHHCH493, B0FHHGXD2H, B0FHH5SX9H, B0FHHCFH3W, B0FHH97BXR, B0FHHB6LKC, B0FHHDJ26N, B0FHHBWYXQ, B0FHHDMV2F]",amzn1.campaign.3DQTK3LJ41P34,Limited Time Deal: 💃 Glamaker 2-Piece Midi Set -WYN-M25TZ0022,Glamaker,2026-08-16,2027-02-26,10.00%,5000.0,5000.0,7,800,false
[B0H334X6FT],amzn1.campaign.BGHAOTSHWCBE,PortaMax PX5 Laptop Screen Extender 10% Commission! Hot New Arrivals!!!🔥🔥🔥,PORTAMAX,2026-08-13,2026-12-31,10.00%,10000.0,9949.0,6,800,false
"[B0F2T2L7PV, B0F2T5QJQ3, B0F2T32LM7]",amzn1.campaign.SPIXN3AE9XO6,Limited Time Deal! Modern Saddle Seat Bar Stools 🍸 -ZH-LKS**,Compsia,2026-08-15,2026-09-29,15.00%,5000.0,5000.0,48,800,false
"[B0FL2M4CJC, B0FL2NVCPD, B0FL2LFYSF, B0FL2FHZ82]",amzn1.campaign.2TC5TE351T604,CC QUOKKA Search Find Busy Book,QUOKKA,2026-08-13,2027-08-13,10.00%,10000.0,9953.64,16,800,false
"[B0H94CKKYZ, B0H4Z5VC2W, B0H94KJN59, B0H9476P3G, B0H949QLMW, B0H94CBGLF, B0H94Y6WXN, B0H94CGWLR, B0H94F3JD9, B0H94SBWS1, B0H4Z8R4GB, B0H94MW4CP, B0H94573HK, B0H949DSZZ, B0H9458HFK, B0GSVMK6XQ, B0H5PHDYFR, B0GWQV4WHR, B0H94K6HV4, B0H45KGV5L, B0H94RJTRG, B0H94GXHPY, B0H946PL4L, B0H45JBNV6, B0H946DPHQ, B0GXDWN55P, B0H94CJL3F, B0H949T6GL, B0H93QRLYV, B0H9472WPC, B0H944N8B9, B0H4Z9RN7D, B0H94966XB, B0H94573HS, B0H949HPMD, B0H947D9FN, B0H267JN11, B0H94BB1KK, B0H261L4B5, B0H26H3X3G, B0H94B4XQC, B0H944DRTL, B0H94C4RQ7, B0H4ZD8KN3, B0H946MS1L, B0H9479PD9, B0H4Z7D45Z, B0H4Z3SYM1, B0H269P7Q1, B0H94WJC85, B0H944DRTP, B0H4ZDFVZ5, B0GSVM3WV1, B0H94N31QY, B0GSVFNVM4, B0H94C94V1, B0H4ZDT7P9, B0H946ZF4Y, B0H94VFHQP, B0H4Z34GK3, B0H94SDX9X, B0H26396G8, B0H947Q6F8, B0H947542H, B0H94C75CZ, B0H94PR8L1, B0H9475DS4, B0H942HRXP, B0H9475PJJ, B0H4ZC8ZJC, B0H94HGKF8, B0H9471HVN, B0H942N5TY, B0H946YHSC, B0H94CDDCM, B0H942HW8F, B0H94C7N3P, B0GSVRY43L, B0H265PH5H, B0H947RHKT, B0H946G5FM, B0H942JVQD, B0H9471LR1, B0H264SQNL, B0GSVLKLRB, B0H94BWZ95, B0H94H1DM1, B0H94CCH4X, B0H949PLSD, B0H94H9MFZ, B0H5PR2J44, B0H9456ZM2, B0H942JRHQ, B0H4ZDGNZ4, B0H946XSFM, B0H4ZD147M, B0H946V3N4, B0H94FCF9R, B0H9478LD4, B0H948XLX8, B0H9477DG2, B0H94BVRT5, B0GSVNLH4J, B0H262WH8F, B0H4ZD2KC1, B0H949P93X, B0H5PM3N6L, B0H4Z2Z74S, B0H942F9RQ, B0H946YLLZ, B0H4ZKMZQG, B0H4ZF7K2Q, B0H94DQ5QC, B0H5PW3VB3]",amzn1.campaign.3DJ360X3QO8AJ,Modern Washable NonSlip Rug Creator Promo-2026/08/11,BESBLEE,2026-08-13,2026-11-20,10.00%,5000.0,5000.0,44,800,false
"[B0FY4DRL9Q, B0FSLQDY5D, B0FS39HDSW, B0H389M4NW, B0DWV7M97D, B0GQZSBGZ6, B0DWVB41YT, B0H2NN1NB2, B0GR124TZF, B0FSLQ12NV, B0DWVB3DT5, B0GQZL4B4Z, B0DK81C9LY, B0FS423VCQ, B0H3865MCZ, B0FY44ZMZB, B0FSLS1LF4]",amzn1.campaign.2KBZSUOLT9L6T,Practical Review: Grinds Focus Energy Pouches - Routine and Ease of Use,GRINDS,2026-08-13,2027-03-01,14.50%,601083.0,601083.0,0,800,false
"[B07F1HTTW9, B09J15F13D, B0B4DWDDQK, B0DG33Z51M, B09J17D1G3, B07FGZHQ5L, B09J18DFPV, B07F1B568C, B01IE33YAM, B01NCL3M04, B09QGTFLDP, B09SVQ2KZ5, B076DMKZLV, B09QGSXK5C, B07DXCYX8W, B0DG3257CJ, B01IE33YRU, B08J1DXCGW, B0D234MDVL, B09GHGMK9V, B08HZJJ15Q, B0DG34W6HV, B09SVR13LQ, B08J1P7RGL, B0DF41V2SY, B0D3818RDQ, B0DG348F3K, B07F1KVKS2, B0D2379YFF, B09QGTQMN5, B0D382M463, B07F1724C3, B09QCW131L, B0D382MMF2, B01NCKT6XI, B076DP62GH, B0FB9JC9XS, B0D382GT15, B0DF3ZN9K4, B09QGT9464, B0DG35FXN7, B0DG33JMWZ, B08J19YZCC, B0DF41QS83, B0DF3Y8XPB, B07F1769M5, B09QCYNZV5, B0DG34N1TN, B07F15PJ4S, B0DG33SYPN, B0FB9LW4HZ, B07V1DVMJT, B0FB9JMB2J, B0D2354GF3, B09PBWSGVJ, B09QGSCVH4, B0CYHB4MVY, B0937DS3DL, B01MXXSALP, B09J16GDXG, B01MU08CSV, B0B4DP855K, B0FB9LFGV2]",amzn1.campaign.1VAAWGJ4RX3TA,"Dr. Arthritis –Línea de Soporte para Piernas, Cadera y Parte Inferior del Cuerpo",Dr. Arthritis,2026-08-13,2026-11-30,25.00%,10000.0,9581.44,9,800,false
"[B0H94CKKYZ, B0H4Z5VC2W, B0H94KJN59, B0H9476P3G, B0H949QLMW, B0H94CBGLF, B0H94Y6WXN, B0H94CGWLR, B0H94F3JD9, B0H94SBWS1, B0H4Z8R4GB, B0H94MW4CP, B0H94573HK, B0H949DSZZ, B0H9458HFK, B0GSVMK6XQ, B0H5PHDYFR, B0GWQV4WHR, B0H94K6HV4, B0H45KGV5L, B0H94RJTRG, B0H94GXHPY, B0H946PL4L, B0H45JBNV6, B0H946DPHQ, B0GXDWN55P, B0H94CJL3F, B0H949T6GL, B0H93QRLYV, B0H9472WPC, B0H944N8B9, B0H4Z9RN7D, B0H94966XB, B0H94573HS, B0H949HPMD, B0H947D9FN, B0H267JN11, B0H94BB1KK, B0H261L4B5, B0H26H3X3G, B0H94B4XQC, B0H944DRTL, B0H94C4RQ7, B0H4ZD8KN3, B0H946MS1L, B0H9479PD9, B0H4Z7D45Z, B0H4Z3SYM1, B0H269P7Q1, B0H94WJC85, B0H944DRTP, B0H4ZDFVZ5, B0GSVM3WV1, B0H94N31QY, B0GSVFNVM4, B0H94C94V1, B0H4ZDT7P9, B0H946ZF4Y, B0H94VFHQP, B0H4Z34GK3, B0H94SDX9X, B0H26396G8, B0H947Q6F8, B0H947542H, B0H94C75CZ, B0H94PR8L1, B0H9475DS4, B0H942HRXP, B0H9475PJJ, B0H4ZC8ZJC, B0H94HGKF8, B0H9471HVN, B0H942N5TY, B0H946YHSC, B0H94CDDCM, B0H942HW8F, B0H94C7N3P, B0GSVRY43L, B0H265PH5H, B0H947RHKT, B0H946G5FM, B0H942JVQD, B0H9471LR1, B0H264SQNL, B0GSVLKLRB, B0H94BWZ95, B0H94H1DM1, B0H94CCH4X, B0H949PLSD, B0H94H9MFZ, B0H5PR2J44, B0H9456ZM2, B0H942JRHQ, B0H4ZDGNZ4, B0H946XSFM, B0H4ZD147M, B0H946V3N4, B0H94FCF9R, B0H9478LD4, B0H948XLX8, B0H9477DG2, B0H94BVRT5, B0GSVNLH4J, B0H262WH8F, B0H4ZD2KC1, B0H949P93X, B0H5PM3N6L, B0H4Z2Z74S, B0H942F9RQ, B0H946YLLZ, B0H4ZKMZQG, B0H4ZF7K2Q, B0H94DQ5QC, B0H5PW3VB3]",amzn1.campaign.21LU85ULSSOYK,Modern Washable NonSlip Rug Creator Promo-2026/08/11,BESBLEE,2026-08-13,2026-11-19,10.00%,5000.0,5000.0,49,800,false
"[B0G87S94CW, B0G87F978J, B0G8735S6W]",amzn1.campaign.1MOY8B8VDONHJ,Routine Upgrade: Hume Supernatural Body Wash - Finish and Daily Comfort,HUME SUPERNATURAL,2026-08-13,2027-05-09,11.00%,618298.0,618298.0,23,800,false
"[B0FHHC9J58, B0FHHGHB2C, B0FHH85QK7, B0FHHDTLT8, B0FHHDGPVC, B0FHHCJ9ZW, B0FHHBJLJJ, B0FHHDVVR4, B0FHHDZ7PS, B0FHHBVLRV, B0FHHF3CKJ, B0FHHCBW4P, B0FHHDCKZT, B0FHHF2N85, B0FHH9HN1F, B0FHH8SMFS, B0FHHGPJHP, B0FHHB5W3D, B0FHH8ZLD3, B0FHHC2NS4, B0FHH99RSZ, B0FHHCH493, B0FHHGXD2H, B0FHH5SX9H, B0FHHCFH3W, B0FHH97BXR, B0FHHB6LKC, B0FHHDJ26N, B0FHHBWYXQ, B0FHHDMV2F]",amzn1.campaign.36OWTKKAB8Y11,Great Deal: 🎉 Glamaker Long Sleeve Midi Collab -WYN-M25TZ0022,Glamaker,2026-08-16,2026-11-24,10.00%,5000.0,5000.0,10,800,false
"[B0H94CKKYZ, B0H4Z5VC2W, B0H94KJN59, B0H9476P3G, B0H949QLMW, B0H94CBGLF, B0H94Y6WXN, B0H94CGWLR, B0H94F3JD9, B0H94SBWS1, B0H4Z8R4GB, B0H94MW4CP, B0H94573HK, B0H949DSZZ, B0H9458HFK, B0GSVMK6XQ, B0H5PHDYFR, B0GWQV4WHR, B0H94K6HV4, B0H45KGV5L, B0H94RJTRG, B0H94GXHPY, B0H946PL4L, B0H45JBNV6, B0H946DPHQ, B0GXDWN55P, B0H94CJL3F, B0H949T6GL, B0H93QRLYV, B0H9472WPC, B0H944N8B9, B0H4Z9RN7D, B0H94966XB, B0H94573HS, B0H949HPMD, B0H947D9FN, B0H267JN11, B0H94BB1KK, B0H261L4B5, B0H26H3X3G, B0H94B4XQC, B0H944DRTL, B0H94C4RQ7, B0H4ZD8KN3, B0H946MS1L, B0H9479PD9, B0H4Z7D45Z, B0H4Z3SYM1, B0H269P7Q1, B0H94WJC85, B0H944DRTP, B0H4ZDFVZ5, B0GSVM3WV1, B0H94N31QY, B0GSVFNVM4, B0H94C94V1, B0H4ZDT7P9, B0H946ZF4Y, B0H94VFHQP, B0H4Z34GK3, B0H94SDX9X, B0H26396G8, B0H947Q6F8, B0H947542H, B0H94C75CZ, B0H94PR8L1, B0H9475DS4, B0H942HRXP, B0H9475PJJ, B0H4ZC8ZJC, B0H94HGKF8, B0H9471HVN, B0H942N5TY, B0H946YHSC, B0H94CDDCM, B0H942HW8F, B0H94C7N3P, B0GSVRY43L, B0H265PH5H, B0H947RHKT, B0H946G5FM, B0H942JVQD, B0H9471LR1, B0H264SQNL, B0GSVLKLRB, B0H94BWZ95, B0H94H1DM1, B0H94CCH4X, B0H949PLSD, B0H94H9MFZ, B0H5PR2J44, B0H9456ZM2, B0H942JRHQ, B0H4ZDGNZ4, B0H946XSFM, B0H4ZD147M, B0H946V3N4, B0H94FCF9R, B0H9478LD4, B0H948XLX8, B0H9477DG2, B0H94BVRT5, B0GSVNLH4J, B0H262WH8F, B0H4ZD2KC1, B0H949P93X, B0H5PM3N6L, B0H4Z2Z74S, B0H942F9RQ, B0H946YLLZ, B0H4ZKMZQG, B0H4ZF7K2Q, B0H94DQ5QC, B0H5PW3VB3]",amzn1.campaign.2GQSSTSAC0KUJ,Modern Washable NonSlip Rug Creator Promo-2026/08/11,BESBLEE,2026-08-13,2026-11-18,10.00%,5000.0,5000.0,53,800,false
"[B0F2T2L7PV, B0F2T5QJQ3, B0F2T32LM7]",amzn1.campaign.3U6MDGT4483LI,HOT Deal! 24Inch Kitchen Counter Stools Set 🪑 -ZH-LKS**,Compsia,2026-08-15,2026-09-28,15.00%,5000.0,5000.0,46,800,false
"[B0FHHC9J58, B0FHHGHB2C, B0FHH85QK7, B0FHHDTLT8, B0FHHDGPVC, B0FHHCJ9ZW, B0FHHBJLJJ, B0FHHDVVR4, B0FHHDZ7PS, B0FHHBVLRV, B0FHHF3CKJ, B0FHHCBW4P, B0FHHDCKZT, B0FHHF2N85, B0FHH9HN1F, B0FHH8SMFS, B0FHHGPJHP, B0FHHB5W3D, B0FHH8ZLD3, B0FHHC2NS4, B0FHH99RSZ, B0FHHCH493, B0FHHGXD2H, B0FHH5SX9H, B0FHHCFH3W, B0FHH97BXR, B0FHHB6LKC, B0FHHDJ26N, B0FHHBWYXQ, B0FHHDMV2F]",amzn1.campaign.1JOE27R6LN2A7,Limited Time Deal: 🔥 Glamaker Knit Skirt Set -WYN-M25TZ0022,Glamaker,2026-08-16,2026-11-23,10.00%,5000.0,5000.0,10,800,false
"[B0H94CKKYZ, B0H4Z5VC2W, B0H94KJN59, B0H9476P3G, B0H949QLMW, B0H94CBGLF, B0H94Y6WXN, B0H94CGWLR, B0H94F3JD9, B0H94SBWS1, B0H4Z8R4GB, B0H94MW4CP, B0H94573HK, B0H949DSZZ, B0H9458HFK, B0GSVMK6XQ, B0H5PHDYFR, B0GWQV4WHR, B0H94K6HV4, B0H45KGV5L, B0H94RJTRG, B0H94GXHPY, B0H946PL4L, B0H45JBNV6, B0H946DPHQ, B0GXDWN55P, B0H94CJL3F, B0H949T6GL, B0H93QRLYV, B0H9472WPC, B0H944N8B9, B0H4Z9RN7D, B0H94966XB, B0H94573HS, B0H949HPMD, B0H947D9FN, B0H267JN11, B0H94BB1KK, B0H261L4B5, B0H26H3X3G, B0H94B4XQC, B0H944DRTL, B0H94C4RQ7, B0H4ZD8KN3, B0H946MS1L, B0H9479PD9, B0H4Z7D45Z, B0H4Z3SYM1, B0H269P7Q1, B0H94WJC85, B0H944DRTP, B0H4ZDFVZ5, B0GSVM3WV1, B0H94N31QY, B0GSVFNVM4, B0H94C94V1, B0H4ZDT7P9, B0H946ZF4Y, B0H94VFHQP, B0H4Z34GK3, B0H94SDX9X, B0H26396G8, B0H947Q6F8, B0H947542H, B0H94C75CZ, B0H94PR8L1, B0H9475DS4, B0H942HRXP, B0H9475PJJ, B0H4ZC8ZJC, B0H94HGKF8, B0H9471HVN, B0H942N5TY, B0H946YHSC, B0H94CDDCM, B0H942HW8F, B0H94C7N3P, B0GSVRY43L, B0H265PH5H, B0H947RHKT, B0H946G5FM, B0H942JVQD, B0H9471LR1, B0H264SQNL, B0GSVLKLRB, B0H94BWZ95, B0H94H1DM1, B0H94CCH4X, B0H949PLSD, B0H94H9MFZ, B0H5PR2J44, B0H9456ZM2, B0H942JRHQ, B0H4ZDGNZ4, B0H946XSFM, B0H4ZD147M, B0H946V3N4, B0H94FCF9R, B0H9478LD4, B0H948XLX8, B0H9477DG2, B0H94BVRT5, B0GSVNLH4J, B0H262WH8F, B0H4ZD2KC1, B0H949P93X, B0H5PM3N6L, B0H4Z2Z74S, B0H942F9RQ, B0H946YLLZ, B0H4ZKMZQG, B0H4ZF7K2Q, B0H94DQ5QC, B0H5PW3VB3]",amzn1.campaign.3WD8AWJXQ3MA,Modern Washable NonSlip Rug Creator Promo-2026/08/11,BESBLEE,2026-08-13,2026-11-17,10.00%,5000.0,5000.0,57,800,false
"[B0H2VXG44X, B0H2VZ1F9Q, B0H2W3LZMY]",amzn1.campaign.3A04RI1HV5F02,🎃20% Commission Promoting Fulighture Halloween Light Bulbs with Great Deals!👻,Fulighture,2026-08-13,2026-12-31,20.00%,5000.0,5000.0,17,800,false
"[B0FHHC9J58, B0FHHGHB2C, B0FHH85QK7, B0FHHDTLT8, B0FHHDGPVC, B0FHHCJ9ZW, B0FHHBJLJJ, B0FHHDVVR4, B0FHHDZ7PS, B0FHHBVLRV, B0FHHF3CKJ, B0FHHCBW4P, B0FHHDCKZT, B0FHHF2N85, B0FHH9HN1F, B0FHH8SMFS, B0FHHGPJHP, B0FHHB5W3D, B0FHH8ZLD3, B0FHHC2NS4, B0FHH99RSZ, B0FHHCH493, B0FHHGXD2H, B0FHH5SX9H, B0FHHCFH3W, B0FHH97BXR, B0FHHB6LKC, B0FHHDJ26N, B0FHHBWYXQ, B0FHHDMV2F]",amzn1.campaign.1R4Y7FJ3YYVX1,HOT Deal: 🌟 Glamaker Casual Polo Neck Set -WYN-M25TZ0022,Glamaker,2026-08-16,2026-11-22,10.00%,5000.0,5000.0,9,800,false
"[B0FS9SY6TZ, B0GWY46QFZ, B0DMFNSS2P, B0FMLM47MR, B0DM9RL34V, B0G5229YM7, B0FS9DVYLR, B0G26M115J, B0DM9QLVQ4, B0GWYMG63P, B0DMFJV9GX, B0G522BJBZ, B0DM2H7Q52, B0FS8Z9HTQ, B0DMFQS7J5, B0G64YZ8PW, B0DM9RS7WX, B0DM9PJQLQ, B0G522DHRZ, B0DMF9VDLB, B0FS9GD67V, B0DMDTG4KQ, B0FS9FPSH2, B0FMLMKXMS, B0FS97VY5V, B0DM9QXWC5, B0DMFN9Y8M, B0DMFK5CWF, B0DM9R1NSN, B0DM9PFY52, B0GWYB4Y15]",amzn1.campaign.1ZLDCX3HWU3GT,"Premium G6 Covers, 30 Count",CUKICUKIGO,2026-08-13,2027-08-01,10.00%,5000.0,5000.0,50,800,false
"[B0F2T2L7PV, B0F2T5QJQ3, B0F2T32LM7]",amzn1.campaign.3CQXA3X3PCIIE,Great Deal! Barstools with Thick PU Leather Saddle 🛋️ -ZH-LKS**,Compsia,2026-08-15,2026-09-27,15.00%,5000.0,5000.0,47,800,false
"[B0F3MLSCPP, B0F3N8LHML, B0GMYSDGDS, B0GKJ1DB6J, B0F3N6PSWV, B0GP9B9XRS, B0GMLFJW8Q, B0GML6PLV2, B0F3NM6TFC, B0F3MVB3JW, B0GML81MPW, B0GMYLV5SC, B0GMYK1KBW, B0GMLLZVF3, B0GMLBNTHK, B0GP91V73Z, B0F3NL8N7P]",amzn1.campaign.1OM4KLHR3AKD1,Routine Upgrade: What's Barking Soft Dog Treats - Everyday Dog Routine,What's Barking,2026-08-13,2027-03-30,13.50%,746098.0,746098.0,21,800,false
"[B0H94CKKYZ, B0H4Z5VC2W, B0H94KJN59, B0H9476P3G, B0H949QLMW, B0H94CBGLF, B0H94Y6WXN, B0H94CGWLR, B0H94F3JD9, B0H94SBWS1, B0H4Z8R4GB, B0H94MW4CP, B0H94573HK, B0H949DSZZ, B0H9458HFK, B0GSVMK6XQ, B0H5PHDYFR, B0GWQV4WHR, B0H94K6HV4, B0H45KGV5L, B0H94RJTRG, B0H94GXHPY, B0H946PL4L, B0H45JBNV6, B0H946DPHQ, B0GXDWN55P, B0H94CJL3F, B0H949T6GL, B0H93QRLYV, B0H9472WPC, B0H944N8B9, B0H4Z9RN7D, B0H94966XB, B0H94573HS, B0H949HPMD, B0H947D9FN, B0H267JN11, B0H94BB1KK, B0H261L4B5, B0H26H3X3G, B0H94B4XQC, B0H944DRTL, B0H94C4RQ7, B0H4ZD8KN3, B0H946MS1L, B0H9479PD9, B0H4Z7D45Z, B0H4Z3SYM1, B0H269P7Q1, B0H94WJC85, B0H944DRTP, B0H4ZDFVZ5, B0GSVM3WV1, B0H94N31QY, B0GSVFNVM4, B0H94C94V1, B0H4ZDT7P9, B0H946ZF4Y, B0H94VFHQP, B0H4Z34GK3, B0H94SDX9X, B0H26396G8, B0H947Q6F8, B0H947542H, B0H94C75CZ, B0H94PR8L1, B0H9475DS4, B0H942HRXP, B0H9475PJJ, B0H4ZC8ZJC, B0H94HGKF8, B0H9471HVN, B0H942N5TY, B0H946YHSC, B0H94CDDCM, B0H942HW8F, B0H94C7N3P, B0GSVRY43L, B0H265PH5H, B0H947RHKT, B0H946G5FM, B0H942JVQD, B0H9471LR1, B0H264SQNL, B0GSVLKLRB, B0H94BWZ95, B0H94H1DM1, B0H94CCH4X, B0H949PLSD, B0H94H9MFZ, B0H5PR2J44, B0H9456ZM2, B0H942JRHQ, B0H4ZDGNZ4, B0H946XSFM, B0H4ZD147M, B0H946V3N4, B0H94FCF9R, B0H9478LD4, B0H948XLX8, B0H9477DG2, B0H94BVRT5, B0GSVNLH4J, B0H262WH8F, B0H4ZD2KC1, B0H949P93X, B0H5PM3N6L, B0H4Z2Z74S, B0H942F9RQ, B0H946YLLZ, B0H4ZKMZQG, B0H4ZF7K2Q, B0H94DQ5QC, B0H5PW3VB3]",amzn1.campaign.22SYV1OWSVEHX,Modern Washable NonSlip Rug Creator Promo-2026/08/11,BESBLEE,2026-08-13,2026-11-16,10.00%,5000.0,5000.0,53,800,false
"[B0FS9SY6TZ, B0GWY46QFZ, B0DMFNSS2P, B0FMLM47MR, B0DM9RL34V, B0G5229YM7, B0FS9DVYLR, B0G26M115J, B0DM9QLVQ4, B0GWYMG63P, B0DMFJV9GX, B0G522BJBZ, B0DM2H7Q52, B0FS8Z9HTQ, B0DMFQS7J5, B0G64YZ8PW, B0DM9RS7WX, B0DM9PJQLQ, B0G522DHRZ, B0DMF9VDLB, B0FS9GD67V, B0DMDTG4KQ, B0FS9FPSH2, B0FMLMKXMS, B0FS97VY5V, B0DM9QXWC5, B0DMFN9Y8M, B0DMFK5CWF, B0DM9R1NSN, B0DM9PFY52, B0GWYB4Y15]",amzn1.campaign.1WXV3Y5M70O7Q,Secure Your CGM with This Patch,CUKICUKIGO,2026-08-13,2027-08-08,10.00%,5000.0,5000.0,53,800,false
"[B091MLSF82, B08CSTT8B7, B08DWJS48C, B09FJ44DHC, B0D3NRQ3WG, B08H7RJRYG, B08GY8HJZX, B08DWB5LWP, B00ICVHYSA, B0DJCCZDVZ, B09FJ6CQ1F, B08H8FQBP9, B09K91QLYL, B07KNBPZHS, B09K8ZR6H2, B09FJ5XZ2L, B08F4Y1JFS, B08H8KDBZM, B08DW49KN3, B09FJ4LZQS, B08DVZG2BM, B09FJ5GTM1, B097FDNF7D, B08H8KQ3GW, B09FJ5JS9X, B09FJ4PP3S, B091MDJ36L, B0DJ3FGJZV, B0DJ3G3NSZ, B0D3NMMZRT, B08H7M99TQ, B08H8N4KCH, B097FDQWKW, B08CSTCP62, B08GYGYGKQ, B08H87C4HM, B07KX825YR, B07KX7VS49, B07KX7C4Y7, B09FJ3WM29, B08GY18RSY, B09K8Z4Z15, B08GY6Y7R4, B0DJCDH17B, B09K96LY3P, B08HBX886G]",amzn1.campaign.3EOD6OCEN94CG,Practical Review: Grinds Coffee Pouches - Flavor and Mixability,GRINDS,2026-08-13,2027-03-01,20.00%,601928.0,601928.0,13,800,false
"[B09Q4Q4XFH, B09RTS11KK, B0BV1C73PX, B08X4X3ZZ9, B0B3Q7GNSV]",amzn1.campaign.XPXTSJUYYHBM,Routine Upgrade: Hume Desert Bloom Deodorant - Finish and Daily Comfort,HUME SUPERNATURAL,2026-08-13,2027-05-09,11.00%,617284.0,617284.0,16,800,false
"[B0GCRBSMGR, B0GC4XYHCK, B0GCPWLBGC]",amzn1.campaign.2MNCQX5OANO0L,"3/4"" Pop Up Drainage Emitter with Elbow-8月11日",Avanhitch,2026-08-13,2027-06-30,10.00%,5000.0,4911.06,27,800,false
"[B0FS9SY6TZ, B0GWY46QFZ, B0DMFNSS2P, B0FMLM47MR, B0DM9RL34V, B0G5229YM7, B0FS9DVYLR, B0G26M115J, B0DM9QLVQ4, B0GWYMG63P, B0DMFJV9GX, B0G522BJBZ, B0DM2H7Q52, B0FS8Z9HTQ, B0DMFQS7J5, B0G64YZ8PW, B0DM9RS7WX, B0DM9PJQLQ, B0G522DHRZ, B0DMF9VDLB, B0FS9GD67V, B0DMDTG4KQ, B0FS9FPSH2, B0FMLMKXMS, B0FS97VY5V, B0DM9QXWC5, B0DMFN9Y8M, B0DMFK5CWF, B0DM9R1NSN, B0DM9PFY52, B0GWYB4Y15]",amzn1.campaign.35UR72GYNBTO1,"Guardian Overpatch, Trusted Quality",CUKICUKIGO,2026-08-13,2027-08-12,10.00%,5000.0,5000.0,47,800,false
"[B09WHHWQNY, B09WMBS2PC, B09LD6RB19, B098KZVKMZ, B0CSMRM5J2, B098L186DM, B09WRS2732, B09KXCDWWB, B09K4DQCGY, B09WRSL425]",amzn1.campaign.259VCIX82TVU,MagSafe Accessories Set | 15% Commission | Long-Term Collab,Python Trend One,2026-08-13,2026-09-30,15.00%,5000.0,5000.0,36,800,false
"[B0FHHC9J58, B0FHHGHB2C, B0FHH85QK7, B0FHHDTLT8, B0FHHDGPVC, B0FHHCJ9ZW, B0FHHBJLJJ, B0FHHDVVR4, B0FHHDZ7PS, B0FHHBVLRV, B0FHHF3CKJ, B0FHHCBW4P, B0FHHDCKZT, B0FHHF2N85, B0FHH9HN1F, B0FHH8SMFS, B0FHHGPJHP, B0FHHB5W3D, B0FHH8ZLD3, B0FHHC2NS4, B0FHH99RSZ, B0FHHCH493, B0FHHGXD2H, B0FHH5SX9H, B0FHHCFH3W, B0FHH97BXR, B0FHHB6LKC, B0FHHDJ26N, B0FHHBWYXQ, B0FHHDMV2F]",amzn1.campaign.3O078WMBW60QJ,Great Deal: ✨ Glamaker Striped Knit Dress Collab -WYN-M25TZ0022,Glamaker,2026-08-16,2026-11-21,10.00%,5000.0,5000.0,7,800,false
"[B0H94CKKYZ, B0H4Z5VC2W, B0H94KJN59, B0H9476P3G, B0H949QLMW, B0H94CBGLF, B0H94Y6WXN, B0H94CGWLR, B0H94F3JD9, B0H94SBWS1, B0H4Z8R4GB, B0H94MW4CP, B0H94573HK, B0H949DSZZ, B0H9458HFK, B0GSVMK6XQ, B0H5PHDYFR, B0GWQV4WHR, B0H94K6HV4, B0H45KGV5L, B0H94RJTRG, B0H94GXHPY, B0H946PL4L, B0H45JBNV6, B0H946DPHQ, B0GXDWN55P, B0H94CJL3F, B0H949T6GL, B0H93QRLYV, B0H9472WPC, B0H944N8B9, B0H4Z9RN7D, B0H94966XB, B0H94573HS, B0H949HPMD, B0H947D9FN, B0H267JN11, B0H94BB1KK, B0H261L4B5, B0H26H3X3G, B0H94B4XQC, B0H944DRTL, B0H94C4RQ7, B0H4ZD8KN3, B0H946MS1L, B0H9479PD9, B0H4Z7D45Z, B0H4Z3SYM1, B0H269P7Q1, B0H94WJC85, B0H944DRTP, B0H4ZDFVZ5, B0GSVM3WV1, B0H94N31QY, B0GSVFNVM4, B0H94C94V1, B0H4ZDT7P9, B0H946ZF4Y, B0H94VFHQP, B0H4Z34GK3, B0H94SDX9X, B0H26396G8, B0H947Q6F8, B0H947542H, B0H94C75CZ, B0H94PR8L1, B0H9475DS4, B0H942HRXP, B0H9475PJJ, B0H4ZC8ZJC, B0H94HGKF8, B0H9471HVN, B0H942N5TY, B0H946YHSC, B0H94CDDCM, B0H942HW8F, B0H94C7N3P, B0GSVRY43L, B0H265PH5H, B0H947RHKT, B0H946G5FM, B0H942JVQD, B0H9471LR1, B0H264SQNL, B0GSVLKLRB, B0H94BWZ95, B0H94H1DM1, B0H94CCH4X, B0H949PLSD, B0H94H9MFZ, B0H5PR2J44, B0H9456ZM2, B0H942JRHQ, B0H4ZDGNZ4, B0H946XSFM, B0H4ZD147M, B0H946V3N4, B0H94FCF9R, B0H9478LD4, B0H948XLX8, B0H9477DG2, B0H94BVRT5, B0GSVNLH4J, B0H262WH8F, B0H4ZD2KC1, B0H949P93X, B0H5PM3N6L, B0H4Z2Z74S, B0H942F9RQ, B0H946YLLZ, B0H4ZKMZQG, B0H4ZF7K2Q, B0H94DQ5QC, B0H5PW3VB3]",amzn1.campaign.3IVU09VXC5PVK,Modern Washable NonSlip Rug Creator Promo-2026/08/11,BESBLEE,2026-08-13,2026-11-15,10.00%,5000.0,5000.0,56,800,false
"[B0DCVN4TNR, B0DXVJQKN2, B0DCVMZYDQ, B0DCVLGN2P]",amzn1.campaign.2KY18I4YC85EO,Phone Lanyard | 15% Commission | Long-Term Collab,Python Trend One,2026-08-13,2026-09-30,15.00%,5000.0,5000.0,29,800,false
"[B0G21YJBPL, B0G22C1K46, B0G22HVFLL]",amzn1.campaign.2Q12KPZSDHY6J,Vanilla 30,GOLDEN POD VANILLA,2026-08-13,2027-04-30,30.00%,500000.0,499927.52,14,800,false
[B0GZX2CXLJ],amzn1.campaign.3TFT8G9F69V2Z,Electric Grill Brush AA260811,DEISLOWZI,2026-08-13,2027-08-02,10.00%,22222.0,22185.18,9,800,false
[B0F143226V],amzn1.campaign.1SSI2RUA5KUD1,Wagner Cast Iron Griddle – Heritage Story & Unboxing,Wagner,2026-08-13,2027-08-13,15.00%,10000.0,10000.0,27,800,false
"[B0H94CKKYZ, B0H4Z5VC2W, B0H94KJN59, B0H9476P3G, B0H949QLMW, B0H94CBGLF, B0H94Y6WXN, B0H94CGWLR, B0H94F3JD9, B0H94SBWS1, B0H4Z8R4GB, B0H94MW4CP, B0H94573HK, B0H949DSZZ, B0H9458HFK, B0GSVMK6XQ, B0H5PHDYFR, B0GWQV4WHR, B0H94K6HV4, B0H45KGV5L, B0H94RJTRG, B0H94GXHPY, B0H946PL4L, B0H45JBNV6, B0H946DPHQ, B0GXDWN55P, B0H94CJL3F, B0H949T6GL, B0H93QRLYV, B0H9472WPC, B0H944N8B9, B0H4Z9RN7D, B0H94966XB, B0H94573HS, B0H949HPMD, B0H947D9FN, B0H267JN11, B0H94BB1KK, B0H261L4B5, B0H26H3X3G, B0H94B4XQC, B0H944DRTL, B0H94C4RQ7, B0H4ZD8KN3, B0H946MS1L, B0H9479PD9, B0H4Z7D45Z, B0H4Z3SYM1, B0H269P7Q1, B0H94WJC85, B0H944DRTP, B0H4ZDFVZ5, B0GSVM3WV1, B0H94N31QY, B0GSVFNVM4, B0H94C94V1, B0H4ZDT7P9, B0H946ZF4Y, B0H94VFHQP, B0H4Z34GK3, B0H94SDX9X, B0H26396G8, B0H947Q6F8, B0H947542H, B0H94C75CZ, B0H94PR8L1, B0H9475DS4, B0H942HRXP, B0H9475PJJ, B0H4ZC8ZJC, B0H94HGKF8, B0H9471HVN, B0H942N5TY, B0H946YHSC, B0H94CDDCM, B0H942HW8F, B0H94C7N3P, B0GSVRY43L, B0H265PH5H, B0H947RHKT, B0H946G5FM, B0H942JVQD, B0H9471LR1, B0H264SQNL, B0GSVLKLRB, B0H94BWZ95, B0H94H1DM1, B0H94CCH4X, B0H949PLSD, B0H94H9MFZ, B0H5PR2J44, B0H9456ZM2, B0H942JRHQ, B0H4ZDGNZ4, B0H946XSFM, B0H4ZD147M, B0H946V3N4, B0H94FCF9R, B0H9478LD4, B0H948XLX8, B0H9477DG2, B0H94BVRT5, B0GSVNLH4J, B0H262WH8F, B0H4ZD2KC1, B0H949P93X, B0H5PM3N6L, B0H4Z2Z74S, B0H942F9RQ, B0H946YLLZ, B0H4ZKMZQG, B0H4ZF7K2Q, B0H94DQ5QC, B0H5PW3VB3]",amzn1.campaign.18U60EN6J36P9,Modern Washable NonSlip Rug Creator Promo-2026/08/11,BESBLEE,2026-08-13,2026-11-14,10.00%,5000.0,5000.0,51,800,false
"[B0FHHC9J58, B0FHHGHB2C, B0FHH85QK7, B0FHHDTLT8, B0FHHDGPVC, B0FHHCJ9ZW, B0FHHBJLJJ, B0FHHDVVR4, B0FHHDZ7PS, B0FHHBVLRV, B0FHHF3CKJ, B0FHHCBW4P, B0FHHDCKZT, B0FHHF2N85, B0FHH9HN1F, B0FHH8SMFS, B0FHHGPJHP, B0FHHB5W3D, B0FHH8ZLD3, B0FHHC2NS4, B0FHH99RSZ, B0FHHCH493, B0FHHGXD2H, B0FHH5SX9H, B0FHHCFH3W, B0FHH97BXR, B0FHHB6LKC, B0FHHDJ26N, B0FHHBWYXQ, B0FHHDMV2F]",amzn1.campaign.1E6DICYCEQGOA,Limited Time Deal: 👗 Glamaker Fall Outfit Collab -WYN-M25TZ0022,Glamaker,2026-08-16,2026-11-20,10.00%,5000.0,5000.0,10,800,false
[B0GCNTT1YN],amzn1.campaign.1XQ8PYKDAPZ4B,Silicone Foam Dressing 5x5 Pack of 20 - Problem-Solution - B0GCNTT1YN - 10%,JJ CARE,2026-08-13,2026-11-13,10.00%,5000.0,5000.0,45,800,false
"[B0DP1HPL24, B0DP1P2TPK, B0DNKJ5CDV, B0DNKHS439]",amzn1.campaign.1O5BBYFW1UV58,First-Impression Check: Hydrofy Hydrogen Electrolytes - First Sip to Final Take,Hydrofy,2026-08-13,2027-03-02,15.00%,605195.0,605195.0,0,800,false
"[B0H94CKKYZ, B0H4Z5VC2W, B0H94KJN59, B0H9476P3G, B0H949QLMW, B0H94CBGLF, B0H94Y6WXN, B0H94CGWLR, B0H94F3JD9, B0H94SBWS1, B0H4Z8R4GB, B0H94MW4CP, B0H94573HK, B0H949DSZZ, B0H9458HFK, B0GSVMK6XQ, B0H5PHDYFR, B0GWQV4WHR, B0H94K6HV4, B0H45KGV5L, B0H94RJTRG, B0H94GXHPY, B0H946PL4L, B0H45JBNV6, B0H946DPHQ, B0GXDWN55P, B0H94CJL3F, B0H949T6GL, B0H93QRLYV, B0H9472WPC, B0H944N8B9, B0H4Z9RN7D, B0H94966XB, B0H94573HS, B0H949HPMD, B0H947D9FN, B0H267JN11, B0H94BB1KK, B0H261L4B5, B0H26H3X3G, B0H94B4XQC, B0H944DRTL, B0H94C4RQ7, B0H4ZD8KN3, B0H946MS1L, B0H9479PD9, B0H4Z7D45Z, B0H4Z3SYM1, B0H269P7Q1, B0H94WJC85, B0H944DRTP, B0H4ZDFVZ5, B0GSVM3WV1, B0H94N31QY, B0GSVFNVM4, B0H94C94V1, B0H4ZDT7P9, B0H946ZF4Y, B0H94VFHQP, B0H4Z34GK3, B0H94SDX9X, B0H26396G8, B0H947Q6F8, B0H947542H, B0H94C75CZ, B0H94PR8L1, B0H9475DS4, B0H942HRXP, B0H9475PJJ, B0H4ZC8ZJC, B0H94HGKF8, B0H9471HVN, B0H942N5TY, B0H946YHSC, B0H94CDDCM, B0H942HW8F, B0H94C7N3P, B0GSVRY43L, B0H265PH5H, B0H947RHKT, B0H946G5FM, B0H942JVQD, B0H9471LR1, B0H264SQNL, B0GSVLKLRB, B0H94BWZ95, B0H94H1DM1, B0H94CCH4X, B0H949PLSD, B0H94H9MFZ, B0H5PR2J44, B0H9456ZM2, B0H942JRHQ, B0H4ZDGNZ4, B0H946XSFM, B0H4ZD147M, B0H946V3N4, B0H94FCF9R, B0H9478LD4, B0H948XLX8, B0H9477DG2, B0H94BVRT5, B0GSVNLH4J, B0H262WH8F, B0H4ZD2KC1, B0H949P93X, B0H5PM3N6L, B0H4Z2Z74S, B0H942F9RQ, B0H946YLLZ, B0H4ZKMZQG, B0H4ZF7K2Q, B0H94DQ5QC, B0H5PW3VB3]",amzn1.campaign.1OMYEYN3LECKJ,Modern Washable NonSlip Rug Creator Promo-2026/08/11,BESBLEE,2026-08-13,2026-11-13,10.00%,5000.0,5000.0,51,800,false
"[B0F2T2L7PV, B0F2T5QJQ3, B0F2T32LM7]",amzn1.campaign.2KOQHEM8C93N7,Limited Time Deal! Kitchen Counter Stools Set of 4 💺 -ZH-LKS**,Compsia,2026-08-15,2026-09-26,15.00%,5000.0,5000.0,43,800,false
"[B0GVVPGVNQ, B0GVW6S9NC, B0GVVP5HT6, B0FSMXFLK4, B0GBZ4D1ZV]",amzn1.campaign.1FCBF7SUHCX57,"Unfiltered Trial: VeryVery Herbal Tea - Unbox, Sip, and Review",VeryVery Good Tea,2026-08-13,2027-03-02,13.00%,996103.0,996103.0,10,800,false
"[B0G87S94CW, B0G87F978J, B0G8735S6W]",amzn1.campaign.211A374LFGX38,Routine Upgrade: Hume Supernatural Body Wash - First Use to Honest Take,HUME SUPERNATURAL,2026-08-13,2027-05-06,10.50%,611734.0,611734.0,23,800,false
"[B0FHHC9J58, B0FHHGHB2C, B0FHH85QK7, B0FHHDTLT8, B0FHHDGPVC, B0FHHCJ9ZW, B0FHHBJLJJ, B0FHHDVVR4, B0FHHDZ7PS, B0FHHBVLRV, B0FHHF3CKJ, B0FHHCBW4P, B0FHHDCKZT, B0FHHF2N85, B0FHH9HN1F, B0FHH8SMFS, B0FHHGPJHP, B0FHHB5W3D, B0FHH8ZLD3, B0FHHC2NS4, B0FHH99RSZ, B0FHHCH493, B0FHHGXD2H, B0FHH5SX9H, B0FHHCFH3W, B0FHH97BXR, B0FHHB6LKC, B0FHHDJ26N, B0FHHBWYXQ, B0FHHDMV2F]",amzn1.campaign.2AQ6Z3BZBIVR4,HOT Deal: 💃 Glamaker Midi Sweater Dress Collab -WYN-M25TZ0022,Glamaker,2026-08-16,2026-11-19,10.00%,5000.0,5000.0,0,800,false
"[B0FH45QGX4, B0FGYDVDDL, B0GXB6WH7M, B0F6T1DF2M, B0F4MJQ3BF, B0FKGKCV3D, B0FH3YY55D, B0GVRXBJYM, B0FH43LK93, B0FH4F8C7S, B0FKGH8M4W, B0GVFDY3C3, B0GVRZDW8B, B0GVRWPK57, B0F42NQZ9F, B0GX5C6ZDS, B0F6TVY3SS, B0F4MHGJCX, B0F82HLQPW, B0FGYFT2Z1, B0F6TVNK79, B0GSTLY4X5, B0GVRYZ6CR, B0FGYGHWF9, B0GVFLHWYB, B0F42MVXLM, B0F32ZXC6R, B0GSTYNP1D, B0DG21MYT5, B0FKGKL5KJ, B0GWXM8XR7, B0FKGHTSG4, B0GVRXT21Z, B0GVS2PXLL, B0F6TVGW2Q, B0F4ML87VP, B0FGYHXDCK, B0GX4W8F5H, B0FGYDCH2B, B0GTZ1V82Q, B0F4ML49RV, B0F8312V4S, B0GVS52KRS, B0F6TVF7Q5, B0F332LB77, B0D95R6JB8, B0FGYC77H8, B0FH4GQ7QX, B0GVRXDHLJ, B0F83242PT, B0F83B7KKH, B0F331XHL1, B0GVFMJNC4, B0GSTJN55R, B0FGYJ4YBB, B0F6TBGQZB, B0GSTM1JX4, B0FGYFVR82, B0GWXKCFFV, B0GTYZ74RN, B0FH42WR6H, B0GX56XWJM, B0F331NJJR, B0F6T1CFMN, B0FGYFFL7N, B0GX5385LS, B0FGYFJ1C9, B0F6TKYD76, B0FH4PYSCQ, B0FGYD1P2V, B0GVRQ4CPW, B0FKGHHBP4, B0GVRTL145, B0GVRTKKFL, B0FGYCDZG2, B0GTZ4JXXB, B0GVS4WZLV, B0GTYXN81M, B0FH4PQDRR]",amzn1.campaign.4UC3SRMZTG61,Earn high commissions - promote TUREAU fashion!-M,TUREAU,2026-08-13,2027-08-05,12.00%,5000.0,5000.0,47,800,false
"[B0HB54TFRB, B0HB51DBCW, B0HB4YJZZ7, B0H1CDVYR8, B0H1CFQKQX, B0GYWT5XPG, B0HB5352ZB, B0HB559P58, B0H1C7GHWW, B0HB4YXN7B, B0HB56PX1R, B0H1CHZCGP, B0H1CC4XTN, B0HB517H5G, B0HB54ZLTW, B0HB4VRFLW, B0H1CC8H4D, B0HB57Z3L3, B0HB57VVMS, B0HB5B42GN, B0HB549NS1, B0HB4RQHBW, B0HB51XFVQ, B0GYWWC91N, B0HB565177, B0HB59GZYV, B0GYWTYLKY, B0HB545LSM, B0HB5D45KR, B0HB55T729, B0H1CH98VQ, B0HB5D5VQM, B0HB4ZMSHT, B0GWQS4948, B0HB5546TG, B0HB51W4MT, B0HB4RW5TS, B0HB57BJW7, B0HB4Z6YCT, B0H1CJPC7Q, B0HB4XBF2Z, B0HB55BKVR, B0HB52ZS2T, B0HB4WHRDZ, B0HB5DCVMT, B0H1C7FFKS, B0HB4XQHB4, B0HB55VZPG, B0HB4YLWZF, B0HB51JK7X]",amzn1.campaign.1JGDFQLAQ2NWR,Washable NonSlip Runner Creator Promo-2026/08/11,BESBLEE,2026-08-13,2026-11-20,10.00%,5000.0,5000.0,44,800,false
"[B0F3MLSCPP, B0F3N8LHML, B0GMYSDGDS, B0GKJ1DB6J, B0F3N6PSWV, B0GP9B9XRS, B0GMLFJW8Q, B0GML6PLV2, B0F3NM6TFC, B0F3MVB3JW, B0GML81MPW, B0GMYLV5SC, B0GMYK1KBW, B0GMLLZVF3, B0GMLBNTHK, B0GP91V73Z, B0F3NL8N7P]",amzn1.campaign.23SYBW61A6B0D,Routine Upgrade: What's Barking Soft Dog Treats - No-Script Pet Review,What's Barking,2026-08-13,2027-03-29,13.00%,744661.0,744661.0,22,800,false
"[B0FH45QGX4, B0FGYDVDDL, B0GXB6WH7M, B0F6T1DF2M, B0F4MJQ3BF, B0FKGKCV3D, B0FH3YY55D, B0GVRXBJYM, B0FH43LK93, B0FH4F8C7S, B0FKGH8M4W, B0GVFDY3C3, B0GVRZDW8B, B0GVRWPK57, B0F42NQZ9F, B0GX5C6ZDS, B0F6TVY3SS, B0F4MHGJCX, B0F82HLQPW, B0FGYFT2Z1, B0F6TVNK79, B0GSTLY4X5, B0GVRYZ6CR, B0FGYGHWF9, B0GVFLHWYB, B0F42MVXLM, B0F32ZXC6R, B0GSTYNP1D, B0DG21MYT5, B0FKGKL5KJ, B0GWXM8XR7, B0FKGHTSG4, B0GVRXT21Z, B0GVS2PXLL, B0F6TVGW2Q, B0F4ML87VP, B0FGYHXDCK, B0GX4W8F5H, B0FGYDCH2B, B0GTZ1V82Q, B0F4ML49RV, B0F8312V4S, B0GVS52KRS, B0F6TVF7Q5, B0F332LB77, B0D95R6JB8, B0FGYC77H8, B0FH4GQ7QX, B0GVRXDHLJ, B0F83242PT, B0F83B7KKH, B0F331XHL1, B0GVFMJNC4, B0GSTJN55R, B0FGYJ4YBB, B0F6TBGQZB, B0GSTM1JX4, B0FGYFVR82, B0GWXKCFFV, B0GTYZ74RN, B0FH42WR6H, B0GX56XWJM, B0F331NJJR, B0F6T1CFMN, B0FGYFFL7N, B0GX5385LS, B0FGYFJ1C9, B0F6TKYD76, B0FH4PYSCQ, B0FGYD1P2V, B0GVRQ4CPW, B0FKGHHBP4, B0GVRTL145, B0GVRTKKFL, B0FGYCDZG2, B0GTZ4JXXB, B0GVS4WZLV, B0GTYXN81M, B0FH4PQDRR]",amzn1.campaign.2RVAGQLP2I07Z,Earn high commissions - promote TUREAU fashion!-M,TUREAU,2026-08-13,2027-08-06,12.00%,5000.0,5000.0,44,800,false
"[B0FY4DRL9Q, B0FSLQDY5D, B0FS39HDSW, B0H389M4NW, B0DWV7M97D, B0GQZSBGZ6, B0DWVB41YT, B0H2NN1NB2, B0GR124TZF, B0FSLQ12NV, B0DWVB3DT5, B0GQZL4B4Z, B0DK81C9LY, B0FS423VCQ, B0H3865MCZ, B0FY44ZMZB, B0FSLS1LF4]",amzn1.campaign.3L1497M0KOKC6,Day-in-the-Life Test: Grinds Focus Energy Pouches - What Makes It Different,GRINDS,2026-08-13,2027-02-28,14.00%,595077.0,595077.0,0,800,false
"[B0FH45QGX4, B0FGYDVDDL, B0GXB6WH7M, B0F6T1DF2M, B0F4MJQ3BF, B0FKGKCV3D, B0FH3YY55D, B0GVRXBJYM, B0FH43LK93, B0FH4F8C7S, B0FKGH8M4W, B0GVFDY3C3, B0GVRZDW8B, B0GVRWPK57, B0F42NQZ9F, B0GX5C6ZDS, B0F6TVY3SS, B0F4MHGJCX, B0F82HLQPW, B0FGYFT2Z1, B0F6TVNK79, B0GSTLY4X5, B0GVRYZ6CR, B0FGYGHWF9, B0GVFLHWYB, B0F42MVXLM, B0F32ZXC6R, B0GSTYNP1D, B0DG21MYT5, B0FKGKL5KJ, B0GWXM8XR7, B0FKGHTSG4, B0GVRXT21Z, B0GVS2PXLL, B0F6TVGW2Q, B0F4ML87VP, B0FGYHXDCK, B0GX4W8F5H, B0FGYDCH2B, B0GTZ1V82Q, B0F4ML49RV, B0F8312V4S, B0GVS52KRS, B0F6TVF7Q5, B0F332LB77, B0D95R6JB8, B0FGYC77H8, B0FH4GQ7QX, B0GVRXDHLJ, B0F83242PT, B0F83B7KKH, B0F331XHL1, B0GVFMJNC4, B0GSTJN55R, B0FGYJ4YBB, B0F6TBGQZB, B0GSTM1JX4, B0FGYFVR82, B0GWXKCFFV, B0GTYZ74RN, B0FH42WR6H, B0GX56XWJM, B0F331NJJR, B0F6T1CFMN, B0FGYFFL7N, B0GX5385LS, B0FGYFJ1C9, B0F6TKYD76, B0FH4PYSCQ, B0FGYD1P2V, B0GVRQ4CPW, B0FKGHHBP4, B0GVRTL145, B0GVRTKKFL, B0FGYCDZG2, B0GTZ4JXXB, B0GVS4WZLV, B0GTYXN81M, B0FH4PQDRR]",amzn1.campaign.1M0TT7AQ52NCL,Earn high commissions - promote TUREAU fashion!-M,TUREAU,2026-08-13,2027-08-07,12.00%,5000.0,5000.0,43,800,false
"[B0FHHC9J58, B0FHHGHB2C, B0FHH85QK7, B0FHHDTLT8, B0FHHDGPVC, B0FHHCJ9ZW, B0FHHBJLJJ, B0FHHDVVR4, B0FHHDZ7PS, B0FHHBVLRV, B0FHHF3CKJ, B0FHHCBW4P, B0FHHDCKZT, B0FHHF2N85, B0FHH9HN1F, B0FHH8SMFS, B0FHHGPJHP, B0FHHB5W3D, B0FHH8ZLD3, B0FHHC2NS4, B0FHH99RSZ, B0FHHCH493, B0FHHGXD2H, B0FHH5SX9H, B0FHHCFH3W, B0FHH97BXR, B0FHHB6LKC, B0FHHDJ26N, B0FHHBWYXQ, B0FHHDMV2F]",amzn1.campaign.27RCTN93KV2MB,Great Deal: 🎉 Glamaker 2-Piece Skirt Set -WYN-M25TZ0022,Glamaker,2026-08-16,2026-11-18,10.00%,5000.0,5000.0,11,800,false
[B0FQ5YS2VD],amzn1.campaign.UZ3EWSPFIMVI,VIORY Unpuff Patches – 15% Commission – Men & Women's Wellness,VIORY,2026-08-13,2027-08-13,15.00%,5000.0,4997.15,34,800,false
[B0HDTHCKBM],amzn1.campaign.37NZBBG2K5GSY,Create Content with the Future of Smart Communication 🚀,Neliangia,2026-08-13,2026-10-31,10.00%,5000.0,4987.99,21,800,false
"[B0FH45QGX4, B0FGYDVDDL, B0GXB6WH7M, B0F6T1DF2M, B0F4MJQ3BF, B0FKGKCV3D, B0FH3YY55D, B0GVRXBJYM, B0FH43LK93, B0FH4F8C7S, B0FKGH8M4W, B0GVFDY3C3, B0GVRZDW8B, B0GVRWPK57, B0F42NQZ9F, B0GX5C6ZDS, B0F6TVY3SS, B0F4MHGJCX, B0F82HLQPW, B0FGYFT2Z1, B0F6TVNK79, B0GSTLY4X5, B0GVRYZ6CR, B0FGYGHWF9, B0GVFLHWYB, B0F42MVXLM, B0F32ZXC6R, B0GSTYNP1D, B0DG21MYT5, B0FKGKL5KJ, B0GWXM8XR7, B0FKGHTSG4, B0GVRXT21Z, B0GVS2PXLL, B0F6TVGW2Q, B0F4ML87VP, B0FGYHXDCK, B0GX4W8F5H, B0FGYDCH2B, B0GTZ1V82Q, B0F4ML49RV, B0F8312V4S, B0GVS52KRS, B0F6TVF7Q5, B0F332LB77, B0D95R6JB8, B0FGYC77H8, B0FH4GQ7QX, B0GVRXDHLJ, B0F83242PT, B0F83B7KKH, B0F331XHL1, B0GVFMJNC4, B0GSTJN55R, B0FGYJ4YBB, B0F6TBGQZB, B0GSTM1JX4, B0FGYFVR82, B0GWXKCFFV, B0GTYZ74RN, B0FH42WR6H, B0GX56XWJM, B0F331NJJR, B0F6T1CFMN, B0FGYFFL7N, B0GX5385LS, B0FGYFJ1C9, B0F6TKYD76, B0FH4PYSCQ, B0FGYD1P2V, B0GVRQ4CPW, B0FKGHHBP4, B0GVRTL145, B0GVRTKKFL, B0FGYCDZG2, B0GTZ4JXXB, B0GVS4WZLV, B0GTYXN81M, B0FH4PQDRR]",amzn1.campaign.1T3LUV8G37MLI,Earn high commissions - promote TUREAU fashion!-M,TUREAU,2026-08-13,2027-08-08,12.00%,5000.0,5000.0,43,800,false
"[B0HB54TFRB, B0HB51DBCW, B0HB4YJZZ7, B0H1CDVYR8, B0H1CFQKQX, B0GYWT5XPG, B0HB5352ZB, B0HB559P58, B0H1C7GHWW, B0HB4YXN7B, B0HB56PX1R, B0H1CHZCGP, B0H1CC4XTN, B0HB517H5G, B0HB54ZLTW, B0HB4VRFLW, B0H1CC8H4D, B0HB57Z3L3, B0HB57VVMS, B0HB5B42GN, B0HB549NS1, B0HB4RQHBW, B0HB51XFVQ, B0GYWWC91N, B0HB565177, B0HB59GZYV, B0GYWTYLKY, B0HB545LSM, B0HB5D45KR, B0HB55T729, B0H1CH98VQ, B0HB5D5VQM, B0HB4ZMSHT, B0GWQS4948, B0HB5546TG, B0HB51W4MT, B0HB4RW5TS, B0HB57BJW7, B0HB4Z6YCT, B0H1CJPC7Q, B0HB4XBF2Z, B0HB55BKVR, B0HB52ZS2T, B0HB4WHRDZ, B0HB5DCVMT, B0H1C7FFKS, B0HB4XQHB4, B0HB55VZPG, B0HB4YLWZF, B0HB51JK7X]",amzn1.campaign.2J4ZJPC67TUV7,Washable NonSlip Runner Creator Promo-2026/08/11,BESBLEE,2026-08-13,2026-11-19,10.00%,5000.0,5000.0,52,800,false
"[B0FH45QGX4, B0FGYDVDDL, B0GXB6WH7M, B0F6T1DF2M, B0F4MJQ3BF, B0FKGKCV3D, B0FH3YY55D, B0GVRXBJYM, B0FH43LK93, B0FH4F8C7S, B0FKGH8M4W, B0GVFDY3C3, B0GVRZDW8B, B0GVRWPK57, B0F42NQZ9F, B0GX5C6ZDS, B0F6TVY3SS, B0F4MHGJCX, B0F82HLQPW, B0FGYFT2Z1, B0F6TVNK79, B0GSTLY4X5, B0GVRYZ6CR, B0FGYGHWF9, B0GVFLHWYB, B0F42MVXLM, B0F32ZXC6R, B0GSTYNP1D, B0DG21MYT5, B0FKGKL5KJ, B0GWXM8XR7, B0FKGHTSG4, B0GVRXT21Z, B0GVS2PXLL, B0F6TVGW2Q, B0F4ML87VP, B0FGYHXDCK, B0GX4W8F5H, B0FGYDCH2B, B0GTZ1V82Q, B0F4ML49RV, B0F8312V4S, B0GVS52KRS, B0F6TVF7Q5, B0F332LB77, B0D95R6JB8, B0FGYC77H8, B0FH4GQ7QX, B0GVRXDHLJ, B0F83242PT, B0F83B7KKH, B0F331XHL1, B0GVFMJNC4, B0GSTJN55R, B0FGYJ4YBB, B0F6TBGQZB, B0GSTM1JX4, B0FGYFVR82, B0GWXKCFFV, B0GTYZ74RN, B0FH42WR6H, B0GX56XWJM, B0F331NJJR, B0F6T1CFMN, B0FGYFFL7N, B0GX5385LS, B0FGYFJ1C9, B0F6TKYD76, B0FH4PYSCQ, B0FGYD1P2V, B0GVRQ4CPW, B0FKGHHBP4, B0GVRTL145, B0GVRTKKFL, B0FGYCDZG2, B0GTZ4JXXB, B0GVS4WZLV, B0GTYXN81M, B0FH4PQDRR]",amzn1.campaign.1TOH7TOYR3PWR,Earn high commissions - promote TUREAU fashion!-M,TUREAU,2026-08-13,2027-08-09,12.00%,5000.0,5000.0,43,800,false
"[B0F2T2L7PV, B0F2T5QJQ3, B0F2T32LM7]",amzn1.campaign.PW52RB327NDS,HOT Deal! Counter Height Bar Stools Set of 4 🪑 -ZH-LKS**,Compsia,2026-08-15,2026-09-25,15.00%,5000.0,5000.0,50,800,false
"[B0FH45QGX4, B0FGYDVDDL, B0GXB6WH7M, B0F6T1DF2M, B0F4MJQ3BF, B0FKGKCV3D, B0FH3YY55D, B0GVRXBJYM, B0FH43LK93, B0FH4F8C7S, B0FKGH8M4W, B0GVFDY3C3, B0GVRZDW8B, B0GVRWPK57, B0F42NQZ9F, B0GX5C6ZDS, B0F6TVY3SS, B0F4MHGJCX, B0F82HLQPW, B0FGYFT2Z1, B0F6TVNK79, B0GSTLY4X5, B0GVRYZ6CR, B0FGYGHWF9, B0GVFLHWYB, B0F42MVXLM, B0F32ZXC6R, B0GSTYNP1D, B0DG21MYT5, B0FKGKL5KJ, B0GWXM8XR7, B0FKGHTSG4, B0GVRXT21Z, B0GVS2PXLL, B0F6TVGW2Q, B0F4ML87VP, B0FGYHXDCK, B0GX4W8F5H, B0FGYDCH2B, B0GTZ1V82Q, B0F4ML49RV, B0F8312V4S, B0GVS52KRS, B0F6TVF7Q5, B0F332LB77, B0D95R6JB8, B0FGYC77H8, B0FH4GQ7QX, B0GVRXDHLJ, B0F83242PT, B0F83B7KKH, B0F331XHL1, B0GVFMJNC4, B0GSTJN55R, B0FGYJ4YBB, B0F6TBGQZB, B0GSTM1JX4, B0FGYFVR82, B0GWXKCFFV, B0GTYZ74RN, B0FH42WR6H, B0GX56XWJM, B0F331NJJR, B0F6T1CFMN, B0FGYFFL7N, B0GX5385LS, B0FGYFJ1C9, B0F6TKYD76, B0FH4PYSCQ, B0FGYD1P2V, B0GVRQ4CPW, B0FKGHHBP4, B0GVRTL145, B0GVRTKKFL, B0FGYCDZG2, B0GTZ4JXXB, B0GVS4WZLV, B0GTYXN81M, B0FH4PQDRR]",amzn1.campaign.LBCVPK7IY0FZ,Earn high commissions - promote TUREAU fashion!-M,TUREAU,2026-08-13,2027-08-10,12.00%,5000.0,5000.0,48,800,false
"[B0FH45QGX4, B0FGYDVDDL, B0GXB6WH7M, B0F6T1DF2M, B0F4MJQ3BF, B0FKGKCV3D, B0FH3YY55D, B0GVRXBJYM, B0FH43LK93, B0FH4F8C7S, B0FKGH8M4W, B0GVFDY3C3, B0GVRZDW8B, B0GVRWPK57, B0F42NQZ9F, B0GX5C6ZDS, B0F6TVY3SS, B0F4MHGJCX, B0F82HLQPW, B0FGYFT2Z1, B0F6TVNK79, B0GSTLY4X5, B0GVRYZ6CR, B0FGYGHWF9, B0GVFLHWYB, B0F42MVXLM, B0F32ZXC6R, B0GSTYNP1D, B0DG21MYT5, B0FKGKL5KJ, B0GWXM8XR7, B0FKGHTSG4, B0GVRXT21Z, B0GVS2PXLL, B0F6TVGW2Q, B0F4ML87VP, B0FGYHXDCK, B0GX4W8F5H, B0FGYDCH2B, B0GTZ1V82Q, B0F4ML49RV, B0F8312V4S, B0GVS52KRS, B0F6TVF7Q5, B0F332LB77, B0D95R6JB8, B0FGYC77H8, B0FH4GQ7QX, B0GVRXDHLJ, B0F83242PT, B0F83B7KKH, B0F331XHL1, B0GVFMJNC4, B0GSTJN55R, B0FGYJ4YBB, B0F6TBGQZB, B0GSTM1JX4, B0FGYFVR82, B0GWXKCFFV, B0GTYZ74RN, B0FH42WR6H, B0GX56XWJM, B0F331NJJR, B0F6T1CFMN, B0FGYFFL7N, B0GX5385LS, B0FGYFJ1C9, B0F6TKYD76, B0FH4PYSCQ, B0FGYD1P2V, B0GVRQ4CPW, B0FKGHHBP4, B0GVRTL145, B0GVRTKKFL, B0FGYCDZG2, B0GTZ4JXXB, B0GVS4WZLV, B0GTYXN81M, B0FH4PQDRR]",amzn1.campaign.31YJLFLB8NM8R,Earn high commissions - promote TUREAU fashion!-M,TUREAU,2026-08-13,2027-08-11,12.00%,5000.0,5000.0,43,800,false
"[B0FH45QGX4, B0FGYDVDDL, B0GXB6WH7M, B0F6T1DF2M, B0F4MJQ3BF, B0FKGKCV3D, B0FH3YY55D, B0GVRXBJYM, B0FH43LK93, B0FH4F8C7S, B0FKGH8M4W, B0GVFDY3C3, B0GVRZDW8B, B0GVRWPK57, B0F42NQZ9F, B0GX5C6ZDS, B0F6TVY3SS, B0F4MHGJCX, B0F82HLQPW, B0FGYFT2Z1, B0F6TVNK79, B0GSTLY4X5, B0GVRYZ6CR, B0FGYGHWF9, B0GVFLHWYB, B0F42MVXLM, B0F32ZXC6R, B0GSTYNP1D, B0DG21MYT5, B0FKGKL5KJ, B0GWXM8XR7, B0FKGHTSG4, B0GVRXT21Z, B0GVS2PXLL, B0F6TVGW2Q, B0F4ML87VP, B0FGYHXDCK, B0GX4W8F5H, B0FGYDCH2B, B0GTZ1V82Q, B0F4ML49RV, B0F8312V4S, B0GVS52KRS, B0F6TVF7Q5, B0F332LB77, B0D95R6JB8, B0FGYC77H8, B0FH4GQ7QX, B0GVRXDHLJ, B0F83242PT, B0F83B7KKH, B0F331XHL1, B0GVFMJNC4, B0GSTJN55R, B0FGYJ4YBB, B0F6TBGQZB, B0GSTM1JX4, B0FGYFVR82, B0GWXKCFFV, B0GTYZ74RN, B0FH42WR6H, B0GX56XWJM, B0F331NJJR, B0F6T1CFMN, B0FGYFFL7N, B0GX5385LS, B0FGYFJ1C9, B0F6TKYD76, B0FH4PYSCQ, B0FGYD1P2V, B0GVRQ4CPW, B0FKGHHBP4, B0GVRTL145, B0GVRTKKFL, B0FGYCDZG2, B0GTZ4JXXB, B0GVS4WZLV, B0GTYXN81M, B0FH4PQDRR]",amzn1.campaign.3NOU5IBLPA3TD,Earn high commissions - promote TUREAU fashion!-M,TUREAU,2026-08-13,2027-08-12,12.00%,5000.0,5000.0,44,800,false
"[B0FJFQT6ZC, B0FBGJC424]",amzn1.campaign.1JHBETATZDIM2,Stay Organized at the Beach – Try Our Bogg Bag Insert!,Utook,2026-08-13,2026-11-30,15.00%,100000.0,99995.5,20,800,false
"[B0HB54TFRB, B0HB51DBCW, B0HB4YJZZ7, B0H1CDVYR8, B0H1CFQKQX, B0GYWT5XPG, B0HB5352ZB, B0HB559P58, B0H1C7GHWW, B0HB4YXN7B, B0HB56PX1R, B0H1CHZCGP, B0H1CC4XTN, B0HB517H5G, B0HB54ZLTW, B0HB4VRFLW, B0H1CC8H4D, B0HB57Z3L3, B0HB57VVMS, B0HB5B42GN, B0HB549NS1, B0HB4RQHBW, B0HB51XFVQ, B0GYWWC91N, B0HB565177, B0HB59GZYV, B0GYWTYLKY, B0HB545LSM, B0HB5D45KR, B0HB55T729, B0H1CH98VQ, B0HB5D5VQM, B0HB4ZMSHT, B0GWQS4948, B0HB5546TG, B0HB51W4MT, B0HB4RW5TS, B0HB57BJW7, B0HB4Z6YCT, B0H1CJPC7Q, B0HB4XBF2Z, B0HB55BKVR, B0HB52ZS2T, B0HB4WHRDZ, B0HB5DCVMT, B0H1C7FFKS, B0HB4XQHB4, B0HB55VZPG, B0HB4YLWZF, B0HB51JK7X]",amzn1.campaign.1W16E2T30BYDE,Washable NonSlip Runner Creator Promo-2026/08/11,BESBLEE,2026-08-13,2026-11-18,10.00%,5000.0,5000.0,53,800,false
"[B0FH45QGX4, B0FGYDVDDL, B0GXB6WH7M, B0F6T1DF2M, B0F4MJQ3BF, B0FKGKCV3D, B0FH3YY55D, B0GVRXBJYM, B0FH43LK93, B0FH4F8C7S, B0FKGH8M4W, B0GVFDY3C3, B0GVRZDW8B, B0GVRWPK57, B0F42NQZ9F, B0GX5C6ZDS, B0F6TVY3SS, B0F4MHGJCX, B0F82HLQPW, B0FGYFT2Z1, B0F6TVNK79, B0GSTLY4X5, B0GVRYZ6CR, B0FGYGHWF9, B0GVFLHWYB, B0F42MVXLM, B0F32ZXC6R, B0GSTYNP1D, B0DG21MYT5, B0FKGKL5KJ, B0GWXM8XR7, B0FKGHTSG4, B0GVRXT21Z, B0GVS2PXLL, B0F6TVGW2Q, B0F4ML87VP, B0FGYHXDCK, B0GX4W8F5H, B0FGYDCH2B, B0GTZ1V82Q, B0F4ML49RV, B0F8312V4S, B0GVS52KRS, B0F6TVF7Q5, B0F332LB77, B0D95R6JB8, B0FGYC77H8, B0FH4GQ7QX, B0GVRXDHLJ, B0F83242PT, B0F83B7KKH, B0F331XHL1, B0GVFMJNC4, B0GSTJN55R, B0FGYJ4YBB, B0F6TBGQZB, B0GSTM1JX4, B0FGYFVR82, B0GWXKCFFV, B0GTYZ74RN, B0FH42WR6H, B0GX56XWJM, B0F331NJJR, B0F6T1CFMN, B0FGYFFL7N, B0GX5385LS, B0FGYFJ1C9, B0F6TKYD76, B0FH4PYSCQ, B0FGYD1P2V, B0GVRQ4CPW, B0FKGHHBP4, B0GVRTL145, B0GVRTKKFL, B0FGYCDZG2, B0GTZ4JXXB, B0GVS4WZLV, B0GTYXN81M, B0FH4PQDRR]",amzn1.campaign.3ICA8D95J3JCX,Earn high commissions - promote TUREAU fashion!-M,TUREAU,2026-08-13,2027-08-13,12.00%,5000.0,4995.2,36,800,false
"[B0FHHC9J58, B0FHHGHB2C, B0FHH85QK7, B0FHHDTLT8, B0FHHDGPVC, B0FHHCJ9ZW, B0FHHBJLJJ, B0FHHDVVR4, B0FHHDZ7PS, B0FHHBVLRV, B0FHHF3CKJ, B0FHHCBW4P, B0FHHDCKZT, B0FHHF2N85, B0FHH9HN1F, B0FHH8SMFS, B0FHHGPJHP, B0FHHB5W3D, B0FHH8ZLD3, B0FHHC2NS4, B0FHH99RSZ, B0FHHCH493, B0FHHGXD2H, B0FHH5SX9H, B0FHHCFH3W, B0FHH97BXR, B0FHHB6LKC, B0FHHDJ26N, B0FHHBWYXQ, B0FHHDMV2F]",amzn1.campaign.1L9QT5668XA1T,Limited Time Deal: 🌟 Glamaker Dress Collab -WYN-M25TZ0022,Glamaker,2026-08-16,2026-11-17,10.00%,5000.0,5000.0,9,800,false
"[B09Q4Q4XFH, B09RTS11KK, B0BV1C73PX, B08X4X3ZZ9, B0B3Q7GNSV]",amzn1.campaign.2GTYGKFRYVZXR,Routine Upgrade: Hume Desert Bloom Deodorant - First Use to Honest Take,HUME SUPERNATURAL,2026-08-13,2027-05-06,10.50%,612173.0,612173.0,17,800,false
"[B0HB54TFRB, B0HB51DBCW, B0HB4YJZZ7, B0H1CDVYR8, B0H1CFQKQX, B0GYWT5XPG, B0HB5352ZB, B0HB559P58, B0H1C7GHWW, B0HB4YXN7B, B0HB56PX1R, B0H1CHZCGP, B0H1CC4XTN, B0HB517H5G, B0HB54ZLTW, B0HB4VRFLW, B0H1CC8H4D, B0HB57Z3L3, B0HB57VVMS, B0HB5B42GN, B0HB549NS1, B0HB4RQHBW, B0HB51XFVQ, B0GYWWC91N, B0HB565177, B0HB59GZYV, B0GYWTYLKY, B0HB545LSM, B0HB5D45KR, B0HB55T729, B0H1CH98VQ, B0HB5D5VQM, B0HB4ZMSHT, B0GWQS4948, B0HB5546TG, B0HB51W4MT, B0HB4RW5TS, B0HB57BJW7, B0HB4Z6YCT, B0H1CJPC7Q, B0HB4XBF2Z, B0HB55BKVR, B0HB52ZS2T, B0HB4WHRDZ, B0HB5DCVMT, B0H1C7FFKS, B0HB4XQHB4, B0HB55VZPG, B0HB4YLWZF, B0HB51JK7X]",amzn1.campaign.27E4VEWNA60DO,Washable NonSlip Runner Creator Promo-2026/08/11,BESBLEE,2026-08-13,2026-11-17,10.00%,5000.0,5000.0,55,800,false
[B0H6Z9SR52],amzn1.campaign.WN1GLPKZ62MC,CLEVAST Dehumidifier with Drain Hose,CLEVAST,2026-08-13,2027-02-28,10.00%,5000.0,4609.05,11,800,false
"[B0CC3R3T3Y, B0F1ZYQHHG, B0C547CP7K, B0CC45KB4N]",amzn1.campaign.SRUJNC7IG30B,"Routine Upgrade: Perfy Better-For-You Soda - Unbox, Sip, and Review",PERFY,2026-08-13,2027-03-30,13.50%,746554.0,746554.0,41,800,false
[B0H82HLCJP],amzn1.campaign.Y4IOGY5W6NK0,"""Spin to Find It"" — 360° Rotating Checkerboard Acacia Wood Utensil Caddy",MaxVibe,2026-08-13,2026-11-30,15.00%,5000.0,5000.0,15,800,false
[B0DBDMM2D4],amzn1.campaign.1GXSVKPH15MZE,MONIER B12 Patches – 15% Commission – Men & Women's Wellness,MONIER,2026-08-13,2027-08-13,15.00%,5000.0,5000.0,22,800,false
[B0GQJ2PNJH],amzn1.campaign.20BQV9F9RA6TN,OSTMEKT Medical adhesive  remover spray,Ostmekt,2026-08-13,2027-01-31,15.00%,5000.0,5000.0,27,800,false
"[B0FHHC9J58, B0FHHGHB2C, B0FHH85QK7, B0FHHDTLT8, B0FHHDGPVC, B0FHHCJ9ZW, B0FHHBJLJJ, B0FHHDVVR4, B0FHHDZ7PS, B0FHHBVLRV, B0FHHF3CKJ, B0FHHCBW4P, B0FHHDCKZT, B0FHHF2N85, B0FHH9HN1F, B0FHH8SMFS, B0FHHGPJHP, B0FHHB5W3D, B0FHH8ZLD3, B0FHHC2NS4, B0FHH99RSZ, B0FHHCH493, B0FHHGXD2H, B0FHH5SX9H, B0FHHCFH3W, B0FHH97BXR, B0FHHB6LKC, B0FHHDJ26N, B0FHHBWYXQ, B0FHHDMV2F]",amzn1.campaign.6IR87NAFDM0G,HOT Deal: 🔥 Glamaker Skirt Set Collab -WYN-M25TZ0022,Glamaker,2026-08-16,2026-11-16,10.00%,5000.0,5000.0,16,800,false
"[B0HB54TFRB, B0HB51DBCW, B0HB4YJZZ7, B0H1CDVYR8, B0H1CFQKQX, B0GYWT5XPG, B0HB5352ZB, B0HB559P58, B0H1C7GHWW, B0HB4YXN7B, B0HB56PX1R, B0H1CHZCGP, B0H1CC4XTN, B0HB517H5G, B0HB54ZLTW, B0HB4VRFLW, B0H1CC8H4D, B0HB57Z3L3, B0HB57VVMS, B0HB5B42GN, B0HB549NS1, B0HB4RQHBW, B0HB51XFVQ, B0GYWWC91N, B0HB565177, B0HB59GZYV, B0GYWTYLKY, B0HB545LSM, B0HB5D45KR, B0HB55T729, B0H1CH98VQ, B0HB5D5VQM, B0HB4ZMSHT, B0GWQS4948, B0HB5546TG, B0HB51W4MT, B0HB4RW5TS, B0HB57BJW7, B0HB4Z6YCT, B0H1CJPC7Q, B0HB4XBF2Z, B0HB55BKVR, B0HB52ZS2T, B0HB4WHRDZ, B0HB5DCVMT, B0H1C7FFKS, B0HB4XQHB4, B0HB55VZPG, B0HB4YLWZF, B0HB51JK7X]",amzn1.campaign.30822MGM8QYPW,Washable NonSlip Runner Creator Promo-2026/08/11,BESBLEE,2026-08-13,2026-11-16,10.00%,5000.0,5000.0,57,800,false
"[B0F3MLSCPP, B0F3N8LHML, B0GMYSDGDS, B0GKJ1DB6J, B0F3N6PSWV, B0GP9B9XRS, B0GMLFJW8Q, B0GML6PLV2, B0F3NM6TFC, B0F3MVB3JW, B0GML81MPW, B0GMYLV5SC, B0GMYK1KBW, B0GMLLZVF3, B0GMLBNTHK, B0GP91V73Z, B0F3NL8N7P]",amzn1.campaign.21IJ55RKNE8K4,Routine Upgrade: What's Barking Soft Dog Treats - Training and Reward Fit,What's Barking,2026-08-13,2027-03-28,12.50%,736672.0,736672.0,27,800,false
[B0C9LX83LX],amzn1.campaign.3AUDJJ064NEGV,MONIER Recovery Patches – 15% Commission – Men & Women's Wellness,MONIER,2026-08-13,2027-08-13,15.00%,5000.0,5000.0,25,800,false
"[B0DWDKKR4T, B0DWF3XL65]",amzn1.campaign.2QYT9QV76UZAB,⏳ HOT Deal! Swivel Outdoor Bar Stools with Armrest 🌿 -ZH-WKS,Cozyman,2026-08-15,2026-10-14,10.00%,5000.0,5000.0,45,800,false
"[B0HB54TFRB, B0HB51DBCW, B0HB4YJZZ7, B0H1CDVYR8, B0H1CFQKQX, B0GYWT5XPG, B0HB5352ZB, B0HB559P58, B0H1C7GHWW, B0HB4YXN7B, B0HB56PX1R, B0H1CHZCGP, B0H1CC4XTN, B0HB517H5G, B0HB54ZLTW, B0HB4VRFLW, B0H1CC8H4D, B0HB57Z3L3, B0HB57VVMS, B0HB5B42GN, B0HB549NS1, B0HB4RQHBW, B0HB51XFVQ, B0GYWWC91N, B0HB565177, B0HB59GZYV, B0GYWTYLKY, B0HB545LSM, B0HB5D45KR, B0HB55T729, B0H1CH98VQ, B0HB5D5VQM, B0HB4ZMSHT, B0GWQS4948, B0HB5546TG, B0HB51W4MT, B0HB4RW5TS, B0HB57BJW7, B0HB4Z6YCT, B0H1CJPC7Q, B0HB4XBF2Z, B0HB55BKVR, B0HB52ZS2T, B0HB4WHRDZ, B0HB5DCVMT, B0H1C7FFKS, B0HB4XQHB4, B0HB55VZPG, B0HB4YLWZF, B0HB51JK7X]",amzn1.campaign.224K3TK86LRBM,Washable NonSlip Runner Creator Promo-2026/08/11,BESBLEE,2026-08-13,2026-11-15,10.00%,5000.0,5000.0,56,800,false
"[B0H8281JYP, B0H822PHKB]",amzn1.campaign.3EHYANGITXQAB,XL Checkerboard Acacia Wood Utensil Caddy (Countertop & Wall-Mount),MaxVibe,2026-08-13,2026-11-30,15.00%,5000.0,5000.0,29,800,false
"[B091MLSF82, B08CSTT8B7, B08DWJS48C, B09FJ44DHC, B0D3NRQ3WG, B08H7RJRYG, B08GY8HJZX, B08DWB5LWP, B00ICVHYSA, B0DJCCZDVZ, B09FJ6CQ1F, B08H8FQBP9, B09K91QLYL, B07KNBPZHS, B09K8ZR6H2, B09FJ5XZ2L, B08F4Y1JFS, B08H8KDBZM, B08DW49KN3, B09FJ4LZQS, B08DVZG2BM, B09FJ5GTM1, B097FDNF7D, B08H8KQ3GW, B09FJ5JS9X, B09FJ4PP3S, B091MDJ36L, B0DJ3FGJZV, B0DJ3G3NSZ, B0D3NMMZRT, B08H7M99TQ, B08H8N4KCH, B097FDQWKW, B08CSTCP62, B08GYGYGKQ, B08H87C4HM, B07KX825YR, B07KX7VS49, B07KX7C4Y7, B09FJ3WM29, B08GY18RSY, B09K8Z4Z15, B08GY6Y7R4, B0DJCDH17B, B09K96LY3P, B08HBX886G]",amzn1.campaign.3DITWCYXGC8IT,"Day-in-the-Life Test: Grinds Coffee Pouches - Unbox, Sip, and Review",GRINDS,2026-08-13,2027-02-28,19.50%,598368.0,598368.0,12,800,false
"[B0FDVVQ37J, B0FR49XY6R, B0FDW536N3, B0FR4CKLTJ, B0D7685YXJ, B0FDW72GSG, B0FR4BW88B, B0FDVF1PN2, B0D767N3NJ, B0FDWH1DXC, B0D766XGR3, B0D765M25M, B0D767LTBK, B0D768JL2M, B0DKXJ4D7T, B0FR3MPLT8, B0D765WFRR, B0FR3MPKQR, B0FR4C2STS, B0FDW5QPJ3, B0FDVXM7C7, B0D766XMHW, B0FR49MGM6, B0FR3MQ4DP, B0FR4BBZK9, B0FR4CNL2D, B0FR42M9DJ, B0D768H9TX, B0D767TVHB, B0D767PY9L, B0FR42FB1N, B0DKXD9SJ7, B0FDWB6RSL, B0D766YB9C, B0FR42L8HW, B0FR4D6KJY, B0D76641ZD, B0FDW76LGC, B0D767NB9T, B0D767VFRS, B0FR4CFYG8, B0D76811NX, B0FR3Z5M26, B0D766YC73, B0DKXPK87G, B0FR4BVHDL, B0FR3MP3LQ, B0D767STCZ, B0FR49YWT1, B0D76741WC, B0FR421XK1, B0DKXFX294, B0FR4HFQH6, B0FR4CBXPF, B0D767Y9CW, B0FR49QSFK, B0FR41M3GC, B0FR4D1BT2, B0D7673NWJ]",amzn1.campaign.1OIBMCX7WA4HN,Great Deal: 🔥 Stylish Lightweight Pullover Collab -LW-M24TP0027,Glamaker,2026-08-16,2026-11-03,10.00%,5000.0,4998.3,13,800,false
"[B0DWDKKR4T, B0DWF3XL65]",amzn1.campaign.1UKT40IK02VOX,🌟 Great Deal! Swivel Outdoor Bar Stools Set of 2/4/6 🍹 -ZH-WKS,Cozyman,2026-08-15,2026-10-13,10.00%,5000.0,5000.0,52,800,false
[B0DKP86SX6],amzn1.campaign.18O5F6QV9FQ2A,MONIER Recovery Patches – 15% Commission – Men & Women's Wellness,MONIER,2026-08-13,2027-08-13,15.00%,5000.0,4968.2,26,800,false
"[B0HB54TFRB, B0HB51DBCW, B0HB4YJZZ7, B0H1CDVYR8, B0H1CFQKQX, B0GYWT5XPG, B0HB5352ZB, B0HB559P58, B0H1C7GHWW, B0HB4YXN7B, B0HB56PX1R, B0H1CHZCGP, B0H1CC4XTN, B0HB517H5G, B0HB54ZLTW, B0HB4VRFLW, B0H1CC8H4D, B0HB57Z3L3, B0HB57VVMS, B0HB5B42GN, B0HB549NS1, B0HB4RQHBW, B0HB51XFVQ, B0GYWWC91N, B0HB565177, B0HB59GZYV, B0GYWTYLKY, B0HB545LSM, B0HB5D45KR, B0HB55T729, B0H1CH98VQ, B0HB5D5VQM, B0HB4ZMSHT, B0GWQS4948, B0HB5546TG, B0HB51W4MT, B0HB4RW5TS, B0HB57BJW7, B0HB4Z6YCT, B0H1CJPC7Q, B0HB4XBF2Z, B0HB55BKVR, B0HB52ZS2T, B0HB4WHRDZ, B0HB5DCVMT, B0H1C7FFKS, B0HB4XQHB4, B0HB55VZPG, B0HB4YLWZF, B0HB51JK7X]",amzn1.campaign.2AIJ8ZC3YBQTY,Washable NonSlip Runner Creator Promo-2026/08/11,BESBLEE,2026-08-13,2026-11-14,10.00%,5000.0,5000.0,56,800,false
[B0H8281JYP],amzn1.campaign.1X9BI1V3NMDDA,2-Pack Silicone Batter Dispenser with 9 Accessories,MaxVibe,2026-08-13,2026-11-30,15.00%,5000.0,4971.2,24,800,false
"[B0DWDKKR4T, B0DWF3XL65]",amzn1.campaign.35LPBZ0GQP0ND,🔥 Limited Time Deal! Swivel Outdoor Bar Stools Boho Style 🪑 -ZH-WKS,Cozyman,2026-08-15,2026-10-12,10.00%,5000.0,5000.0,53,800,false
[B0DNQWWV7Z],amzn1.campaign.7K8TKEFSRFYG,MONIER Garcinia Cambogia Patches – 15% Commission – Men & Women's Wellness,MONIER,2026-08-13,2027-08-13,15.00%,5000.0,5000.0,30,800,false
"[B0HB54TFRB, B0HB51DBCW, B0HB4YJZZ7, B0H1CDVYR8, B0H1CFQKQX, B0GYWT5XPG, B0HB5352ZB, B0HB559P58, B0H1C7GHWW, B0HB4YXN7B, B0HB56PX1R, B0H1CHZCGP, B0H1CC4XTN, B0HB517H5G, B0HB54ZLTW, B0HB4VRFLW, B0H1CC8H4D, B0HB57Z3L3, B0HB57VVMS, B0HB5B42GN, B0HB549NS1, B0HB4RQHBW, B0HB51XFVQ, B0GYWWC91N, B0HB565177, B0HB59GZYV, B0GYWTYLKY, B0HB545LSM, B0HB5D45KR, B0HB55T729, B0H1CH98VQ, B0HB5D5VQM, B0HB4ZMSHT, B0GWQS4948, B0HB5546TG, B0HB51W4MT, B0HB4RW5TS, B0HB57BJW7, B0HB4Z6YCT, B0H1CJPC7Q, B0HB4XBF2Z, B0HB55BKVR, B0HB52ZS2T, B0HB4WHRDZ, B0HB5DCVMT, B0H1C7FFKS, B0HB4XQHB4, B0HB55VZPG, B0HB4YLWZF, B0HB51JK7X]",amzn1.campaign.8WLU766WSD5O,Washable NonSlip Runner Creator Promo-2026/08/11,BESBLEE,2026-08-13,2026-11-13,10.00%,5000.0,5000.0,59,800,false
[B0GHQDNHD9],amzn1.campaign.3S8GXQ0JRZ6UO,All Region HDMI DVD Player for TV with USB,OTIC,2026-08-13,2026-09-30,10.00%,5000.0,5000.0,30,800,false
"[B0F3MLSCPP, B0F3N8LHML, B0GMYSDGDS, B0GKJ1DB6J, B0F3N6PSWV, B0GP9B9XRS, B0GMLFJW8Q, B0GML6PLV2, B0F3NM6TFC, B0F3MVB3JW, B0GML81MPW, B0GMYLV5SC, B0GMYK1KBW, B0GMLLZVF3, B0GMLBNTHK, B0GP91V73Z, B0F3NL8N7P]",amzn1.campaign.2M4RMJWS8K3H6,Routine Upgrade: What's Barking Soft Dog Treats - Unbox to Final Reaction,What's Barking,2026-08-13,2027-03-27,12.00%,733283.0,733283.0,28,800,false
"[B0FDVVQ37J, B0FR49XY6R, B0FDW536N3, B0FR4CKLTJ, B0D7685YXJ, B0FDW72GSG, B0FR4BW88B, B0FDVF1PN2, B0D767N3NJ, B0FDWH1DXC, B0D766XGR3, B0D765M25M, B0D767LTBK, B0D768JL2M, B0DKXJ4D7T, B0FR3MPLT8, B0D765WFRR, B0FR3MPKQR, B0FR4C2STS, B0FDW5QPJ3, B0FDVXM7C7, B0D766XMHW, B0FR49MGM6, B0FR3MQ4DP, B0FR4BBZK9, B0FR4CNL2D, B0FR42M9DJ, B0D768H9TX, B0D767TVHB, B0D767PY9L, B0FR42FB1N, B0DKXD9SJ7, B0FDWB6RSL, B0D766YB9C, B0FR42L8HW, B0FR4D6KJY, B0D76641ZD, B0FDW76LGC, B0D767NB9T, B0D767VFRS, B0FR4CFYG8, B0D76811NX, B0FR3Z5M26, B0D766YC73, B0DKXPK87G, B0FR4BVHDL, B0FR3MP3LQ, B0D767STCZ, B0FR49YWT1, B0D76741WC, B0FR421XK1, B0DKXFX294, B0FR4HFQH6, B0FR4CBXPF, B0D767Y9CW, B0FR49QSFK, B0FR41M3GC, B0FR4D1BT2, B0D7673NWJ]",amzn1.campaign.1CAYPUDTG9S1Z,Limited Time Deal: 🌟 Comfy Everyday Pullover Collab -LW-M24TP0027,Glamaker,2026-08-16,2026-11-02,10.00%,5000.0,5000.0,16,800,false
"[B0CC3R3T3Y, B0F1ZYQHHG, B0C547CP7K, B0CC45KB4N]",amzn1.campaign.13JSOFLOJX30B,Routine Upgrade: Perfy Better-For-You Soda - No-Script Sip Test,PERFY,2026-08-13,2027-03-29,13.00%,744265.0,744265.0,40,800,false
[B0DNQXSB8K],amzn1.campaign.1LTYY0ZSS5KLU,MONIER Vitamin D – 15% Commission – Men & Women's Wellness,MONIER,2026-08-13,2027-08-13,15.00%,5000.0,4997.44,20,800,false
"[B0DWDKKR4T, B0DWF3XL65]",amzn1.campaign.1HC7W0JWG33N9,🚀 Great Deal! Swivel Outdoor Bar Stools Set with Armrest 🍂 -ZH-WKS,Cozyman,2026-08-15,2026-10-11,10.00%,5000.0,5000.0,53,800,false
"[B0FDVVQ37J, B0FR49XY6R, B0FDW536N3, B0FR4CKLTJ, B0D7685YXJ, B0FDW72GSG, B0FR4BW88B, B0FDVF1PN2, B0D767N3NJ, B0FDWH1DXC, B0D766XGR3, B0D765M25M, B0D767LTBK, B0D768JL2M, B0DKXJ4D7T, B0FR3MPLT8, B0D765WFRR, B0FR3MPKQR, B0FR4C2STS, B0FDW5QPJ3, B0FDVXM7C7, B0D766XMHW, B0FR49MGM6, B0FR3MQ4DP, B0FR4BBZK9, B0FR4CNL2D, B0FR42M9DJ, B0D768H9TX, B0D767TVHB, B0D767PY9L, B0FR42FB1N, B0DKXD9SJ7, B0FDWB6RSL, B0D766YB9C, B0FR42L8HW, B0FR4D6KJY, B0D76641ZD, B0FDW76LGC, B0D767NB9T, B0D767VFRS, B0FR4CFYG8, B0D76811NX, B0FR3Z5M26, B0D766YC73, B0DKXPK87G, B0FR4BVHDL, B0FR3MP3LQ, B0D767STCZ, B0FR49YWT1, B0D76741WC, B0FR421XK1, B0DKXFX294, B0FR4HFQH6, B0FR4CBXPF, B0D767Y9CW, B0FR49QSFK, B0FR41M3GC, B0FR4D1BT2, B0D7673NWJ]",amzn1.campaign.6V4270YMHOXL,HOT Deal: ✨ Versatile Long Pullover Collab -LW-M24TP0027,Glamaker,2026-08-16,2027-02-01,10.00%,5000.0,5000.0,22,800,false
"[B0H5Q8BM5V, B0F28HT57D, B0F28HJPJL, B0H2DLL3V8, B0GYCQ1FR5, B0GYCQL5PC, B0H5PX9TBZ, B0H2DNP67T, B0FV8DRBPJ, B0GYRTG39R, B0H5Q59DBP, B0GYRY35P8, B0GYCTPFCT, B0H5Q4CFSC, B0H2DKQ8KK, B0GYCQQ3M7, B0H5Q6JZPZ, B0GYRVLN9T, B0GYD118RX, B0GYCTFZHJ, B0GYD54FGB, B0GYCQK99Z, B0H5PT1JCY, B0H3SZH7F4, B0GYCRNLJG, B0GYNY7V23, B0GYDB2L1T, B0FV8JR2Z3, B0GYCQSZFC, B0GYRR9LJF, B0GYCWLXR8, B0GYCX31C4, B0H3T1YL2V, B0GYCYSFRP, B0FW3T8T5J, B0H5Q6D126, B0H5Q76JQV, B0F28H27NB, B0H2DQJJQJ, B0GYNVBDRL, B0FV8DPBHG, B0H2558TM6, B0GYCXYLX7, B0GYD1LWR8, B0H2DNWWH3, B0H5Q9Q27Y, B0GYNV2WFF, B0H5QC8PZ7, B0GYCSWCBZ, B0GYRPZGX3, B0H5Q4MHX3, B0F28HNF7F, B0GYCTQS81, B0GYCS6TFH, B0H5Q8VLZM, B0H5QDHBRV, B0GYCSQDG8, B0GYCSTW7R, B0GYCT5L1V, B0GYD53251, B0GYCKX39Y, B0F28HXD4N, B0H5PXT24G, B0GYCTWCKN, B0FV7CX3W3, B0GYRSYB8Y, B0FW42CH5G, B0H5Q45DDK, B0H5PZ3F6S, B0H2553JB6, B0GYCQCMM5, B0GYRQWY5Q, B0GYCN6TKL, B0GYCNF9RN, B0FV827CVR, B0H25686PD, B0FV7Z6BHR, B0H3SZJC5H, B0H5Q51N73, B0H2DN7QZ7, B0H257PSGT, B0FW3TBZXS, B0GYCZFRPN, B0H3T4BGK4, B0GYCSG9R7, B0H5Q9F54F, B0H5PWZD2G, B0GYNRZLNM, B0H5Q6PLH3, B0H5Q5XH4S, B0GYRN3J77, B0H2DNKXYT, B0GYDHN3Y2, B0H5PYXH6R, B0F28H46R1, B0GYCTGZXH, B0GYNQR6HH, B0H5Q3V1FN, B0GYCSGNLJ, B0GYCXW7QD, B0F28J7P2W, B0H5Q37JBW, B0H25DPB9G, B0FV8GSPMR, B0H5PZPYJC, B0GYCR7D7Z, B0GYCTYGR9, B0FV8D1PDD, B0H5Q7DFWQ, B0GYP18M6S, B0GYCWZK4Z, B0GYCKQBYZ, B0GYCX428S, B0H5PXM669, B0H3T2G7XQ, B0H5PXFFGS, B0GYRRGPT1, B0GYNZNKT2, B0H3T9DJ6V, B0GYCKS4WV, B0GYNT15V7, B0GYCTWVCL, B0GYD2T1JS, B0GYCKKZ6Q, B0H5Q2SRZG, B0H25FF6VM, B0H5Q2TZWH, B0GYCQD75N, B0GYCSKNCC, B0FW2ZLK1N, B0GYD6KJBT, B0GYCY3RQL, B0F28H2FRW, B0GYRY17B6, B0H5QC81DS, B0FW3YTVYM, B0GYCND5W3, B0H5Q2LX9S, B0GYCS81HB, B0GYCRKSNS, B0GYS2XFCZ, B0H5Q3V47Y, B0H8NHJ218, B0H5QBW59D, B0H25D8Z35, B0GYCSH9YS, B0H5QC5QJ3, B0H3T9J32V, B0H3T4L65F, B0H5Q68L55, B0F28JQL1X, B0H2593HF5, B0H5Q26G6R, B0GYRRCW98, B0GYD2SPL3, B0H5Q2VPZK, B0GYCX2B9Y, B0H5PY6863, B0H5Q196ZB, B0GYCSQ5G8, B0H2DTGQGH, B0GYRM5BSW, B0H5Q6KHFB, B0F28HRYGK, B0GYCX7GVL, B0H5PZYSFW, B0FV89GD8R, B0H5Q17SZ5, B0H2DH38C5, B0FV855DQH, B0H3T5ZQTF, B0GYCVQF2C, B0H5PTD3NF, B0GYCV3JT9, B0H5PZTZRK, B0GYCZXDXR, B0H3TJTTTR, B0H3TGLVFB, B0GYCN5FJD, B0GYRMLDTG, B0FW3PM59F, B0FV7L2LNX, B0F28H45HT, B0GYCKWGZD, B0GYCS6D1X, B0GYCQ7K67, B0H2DG6F4F, B0H3T4XR89, B0GYCV34WD, B0H5Q4VM91, B0GYP2Z76W, B0H2DLPL47, B0GYCT6C54, B0GYCNN38F, B0H5PX6MK6, B0GYCS9QTH]",amzn1.campaign.3C53OX9LPBZZG,Floral Washable NonSlip LowPile Rug Creator Promo-2026/08/11,BESBLEE,2026-08-13,2026-11-20,10.00%,5000.0,5000.0,41,800,false
"[B0G7VSY73C, B0H287H5K2, B0FRMKJ8VK, B0FRMNMJ9P, B0FC68TVFT, B0DHV13HN4, B0GH7HVZ5M, B0FC68DKFN, B0GGZ5KBGG, B0G7TKH19M, B0GGZBPQQ2, B0GGYPJWRN, B0F48D5F42, B0G7VWBRXX, B0FC693STT, B0F48C93H5, B0GH7SGS58, B0FRMJCWL4, B0FRMB7TBL, B0DHTZ252K, B0DHTYQZRF, B0FRMK6KWZ, B0GH7WL8ZD, B0G7TWHJSG, B0F48BK8WJ, B0DHTZ2757, B0FC67TH14, B0GGYZQH6P, B0GH7FMV2G, B0F4881Q52, B0DHTZSSZ9, B0F48CQ4V8, B0DHTZ6F26, B0G7W4S851, B0FC67W9QT, B0GH7JTH9V, B0GGZ5K7KB, B0FC66CFV2]",amzn1.campaign.D2C5PCCT95ZZ,🎯 Baggy Trousers Street Style by Aelfric Eden MWJ 26081108,Aelfric Eden,2026-08-13,2026-10-07,10.00%,5000.0,5000.0,0,800,false
[B0H82J7W5D],amzn1.campaign.3TJDF6SIEAQ4Q,Terracotta Slow-Release Watering Spikes (8-Pack),MaxVibe,2026-08-13,2026-11-30,15.00%,5000.0,5000.0,31,800,false
"[B0H2W24GRR, B0H2W1H11Z, B0H2W6JBG7]",amzn1.campaign.3DSYR2SA5IF9J,QIHAI Storage Shelves Unit 10%,QIHAI,2026-08-14,2027-01-31,10.00%,5000.0,4988.7,20,800,false
"[B0GVVPGVNQ, B0GVW6S9NC, B0GVVP5HT6, B0FSMXFLK4, B0GBZ4D1ZV]",amzn1.campaign.1P8PAPIHRAETB,Unfiltered Trial: VeryVery Herbal Tea - Taste-Test What Matters,VeryVery Good Tea,2026-08-13,2027-02-27,11.50%,996928.0,996928.0,14,800,false
[B0H6NX3BF9],amzn1.campaign.24TIBDAE7NHZR,侏儒9折+10%的佣金,ZALMUNIA,2026-08-13,2026-10-31,10.00%,10000.0,9998.2,21,800,false
"[B0H5Q8BM5V, B0F28HT57D, B0F28HJPJL, B0H2DLL3V8, B0GYCQ1FR5, B0GYCQL5PC, B0H5PX9TBZ, B0H2DNP67T, B0FV8DRBPJ, B0GYRTG39R, B0H5Q59DBP, B0GYRY35P8, B0GYCTPFCT, B0H5Q4CFSC, B0H2DKQ8KK, B0GYCQQ3M7, B0H5Q6JZPZ, B0GYRVLN9T, B0GYD118RX, B0GYCTFZHJ, B0GYD54FGB, B0GYCQK99Z, B0H5PT1JCY, B0H3SZH7F4, B0GYCRNLJG, B0GYNY7V23, B0GYDB2L1T, B0FV8JR2Z3, B0GYCQSZFC, B0GYRR9LJF, B0GYCWLXR8, B0GYCX31C4, B0H3T1YL2V, B0GYCYSFRP, B0FW3T8T5J, B0H5Q6D126, B0H5Q76JQV, B0F28H27NB, B0H2DQJJQJ, B0GYNVBDRL, B0FV8DPBHG, B0H2558TM6, B0GYCXYLX7, B0GYD1LWR8, B0H2DNWWH3, B0H5Q9Q27Y, B0GYNV2WFF, B0H5QC8PZ7, B0GYCSWCBZ, B0GYRPZGX3, B0H5Q4MHX3, B0F28HNF7F, B0GYCTQS81, B0GYCS6TFH, B0H5Q8VLZM, B0H5QDHBRV, B0GYCSQDG8, B0GYCSTW7R, B0GYCT5L1V, B0GYD53251, B0GYCKX39Y, B0F28HXD4N, B0H5PXT24G, B0GYCTWCKN, B0FV7CX3W3, B0GYRSYB8Y, B0FW42CH5G, B0H5Q45DDK, B0H5PZ3F6S, B0H2553JB6, B0GYCQCMM5, B0GYRQWY5Q, B0GYCN6TKL, B0GYCNF9RN, B0FV827CVR, B0H25686PD, B0FV7Z6BHR, B0H3SZJC5H, B0H5Q51N73, B0H2DN7QZ7, B0H257PSGT, B0FW3TBZXS, B0GYCZFRPN, B0H3T4BGK4, B0GYCSG9R7, B0H5Q9F54F, B0H5PWZD2G, B0GYNRZLNM, B0H5Q6PLH3, B0H5Q5XH4S, B0GYRN3J77, B0H2DNKXYT, B0GYDHN3Y2, B0H5PYXH6R, B0F28H46R1, B0GYCTGZXH, B0GYNQR6HH, B0H5Q3V1FN, B0GYCSGNLJ, B0GYCXW7QD, B0F28J7P2W, B0H5Q37JBW, B0H25DPB9G, B0FV8GSPMR, B0H5PZPYJC, B0GYCR7D7Z, B0GYCTYGR9, B0FV8D1PDD, B0H5Q7DFWQ, B0GYP18M6S, B0GYCWZK4Z, B0GYCKQBYZ, B0GYCX428S, B0H5PXM669, B0H3T2G7XQ, B0H5PXFFGS, B0GYRRGPT1, B0GYNZNKT2, B0H3T9DJ6V, B0GYCKS4WV, B0GYNT15V7, B0GYCTWVCL, B0GYD2T1JS, B0GYCKKZ6Q, B0H5Q2SRZG, B0H25FF6VM, B0H5Q2TZWH, B0GYCQD75N, B0GYCSKNCC, B0FW2ZLK1N, B0GYD6KJBT, B0GYCY3RQL, B0F28H2FRW, B0GYRY17B6, B0H5QC81DS, B0FW3YTVYM, B0GYCND5W3, B0H5Q2LX9S, B0GYCS81HB, B0GYCRKSNS, B0GYS2XFCZ, B0H5Q3V47Y, B0H8NHJ218, B0H5QBW59D, B0H25D8Z35, B0GYCSH9YS, B0H5QC5QJ3, B0H3T9J32V, B0H3T4L65F, B0H5Q68L55, B0F28JQL1X, B0H2593HF5, B0H5Q26G6R, B0GYRRCW98, B0GYD2SPL3, B0H5Q2VPZK, B0GYCX2B9Y, B0H5PY6863, B0H5Q196ZB, B0GYCSQ5G8, B0H2DTGQGH, B0GYRM5BSW, B0H5Q6KHFB, B0F28HRYGK, B0GYCX7GVL, B0H5PZYSFW, B0FV89GD8R, B0H5Q17SZ5, B0H2DH38C5, B0FV855DQH, B0H3T5ZQTF, B0GYCVQF2C, B0H5PTD3NF, B0GYCV3JT9, B0H5PZTZRK, B0GYCZXDXR, B0H3TJTTTR, B0H3TGLVFB, B0GYCN5FJD, B0GYRMLDTG, B0FW3PM59F, B0FV7L2LNX, B0F28H45HT, B0GYCKWGZD, B0GYCS6D1X, B0GYCQ7K67, B0H2DG6F4F, B0H3T4XR89, B0GYCV34WD, B0H5Q4VM91, B0GYP2Z76W, B0H2DLPL47, B0GYCT6C54, B0GYCNN38F, B0H5PX6MK6, B0GYCS9QTH]",amzn1.campaign.2H03ZJY680G6C,Floral Washable NonSlip LowPile Rug Creator Promo-2026/08/11,BESBLEE,2026-08-13,2026-11-19,10.00%,5000.0,5000.0,50,800,false
[B0GHRBNXVN],amzn1.campaign.OTOJG600DY4R,Subject: Collaboration Invitation Award Winning 3-in-1 Outdoor Camping Inflator,TowerTop,2026-08-13,2027-08-13,15.00%,80000.0,80000.0,20,800,false
"[B0FY4DRL9Q, B0FSLQDY5D, B0FS39HDSW, B0H389M4NW, B0DWV7M97D, B0GQZSBGZ6, B0DWVB41YT, B0H2NN1NB2, B0GR124TZF, B0FSLQ12NV, B0DWVB3DT5, B0GQZL4B4Z, B0DK81C9LY, B0FS423VCQ, B0H3865MCZ, B0FY44ZMZB, B0FSLS1LF4]",amzn1.campaign.3BPR5FBYP0EYA,"Day-in-the-Life Test: Grinds Focus Energy Pouches - Practical, Hype-Free Take",GRINDS,2026-08-13,2027-02-27,13.50%,593769.0,593769.0,0,800,false
"[B0CC3R3T3Y, B0F1ZYQHHG, B0C547CP7K, B0CC45KB4N]",amzn1.campaign.CBKZOSP6W8P,"Routine Upgrade: Perfy Better-For-You Soda - Prep, Flavor, Daily Use",PERFY,2026-08-13,2027-03-28,12.50%,737946.0,737946.0,47,800,false
"[B09Q4Q4XFH, B09RTS11KK, B0BV1C73PX, B08X4X3ZZ9, B0B3Q7GNSV]",amzn1.campaign.3F6VA0TXX4AJF,Routine Upgrade: Hume Desert Bloom Deodorant - Morning-to-Night Routine,HUME SUPERNATURAL,2026-08-13,2027-05-03,10.00%,607122.0,607122.0,17,800,false
"[B0H5Q8BM5V, B0F28HT57D, B0F28HJPJL, B0H2DLL3V8, B0GYCQ1FR5, B0GYCQL5PC, B0H5PX9TBZ, B0H2DNP67T, B0FV8DRBPJ, B0GYRTG39R, B0H5Q59DBP, B0GYRY35P8, B0GYCTPFCT, B0H5Q4CFSC, B0H2DKQ8KK, B0GYCQQ3M7, B0H5Q6JZPZ, B0GYRVLN9T, B0GYD118RX, B0GYCTFZHJ, B0GYD54FGB, B0GYCQK99Z, B0H5PT1JCY, B0H3SZH7F4, B0GYCRNLJG, B0GYNY7V23, B0GYDB2L1T, B0FV8JR2Z3, B0GYCQSZFC, B0GYRR9LJF, B0GYCWLXR8, B0GYCX31C4, B0H3T1YL2V, B0GYCYSFRP, B0FW3T8T5J, B0H5Q6D126, B0H5Q76JQV, B0F28H27NB, B0H2DQJJQJ, B0GYNVBDRL, B0FV8DPBHG, B0H2558TM6, B0GYCXYLX7, B0GYD1LWR8, B0H2DNWWH3, B0H5Q9Q27Y, B0GYNV2WFF, B0H5QC8PZ7, B0GYCSWCBZ, B0GYRPZGX3, B0H5Q4MHX3, B0F28HNF7F, B0GYCTQS81, B0GYCS6TFH, B0H5Q8VLZM, B0H5QDHBRV, B0GYCSQDG8, B0GYCSTW7R, B0GYCT5L1V, B0GYD53251, B0GYCKX39Y, B0F28HXD4N, B0H5PXT24G, B0GYCTWCKN, B0FV7CX3W3, B0GYRSYB8Y, B0FW42CH5G, B0H5Q45DDK, B0H5PZ3F6S, B0H2553JB6, B0GYCQCMM5, B0GYRQWY5Q, B0GYCN6TKL, B0GYCNF9RN, B0FV827CVR, B0H25686PD, B0FV7Z6BHR, B0H3SZJC5H, B0H5Q51N73, B0H2DN7QZ7, B0H257PSGT, B0FW3TBZXS, B0GYCZFRPN, B0H3T4BGK4, B0GYCSG9R7, B0H5Q9F54F, B0H5PWZD2G, B0GYNRZLNM, B0H5Q6PLH3, B0H5Q5XH4S, B0GYRN3J77, B0H2DNKXYT, B0GYDHN3Y2, B0H5PYXH6R, B0F28H46R1, B0GYCTGZXH, B0GYNQR6HH, B0H5Q3V1FN, B0GYCSGNLJ, B0GYCXW7QD, B0F28J7P2W, B0H5Q37JBW, B0H25DPB9G, B0FV8GSPMR, B0H5PZPYJC, B0GYCR7D7Z, B0GYCTYGR9, B0FV8D1PDD, B0H5Q7DFWQ, B0GYP18M6S, B0GYCWZK4Z, B0GYCKQBYZ, B0GYCX428S, B0H5PXM669, B0H3T2G7XQ, B0H5PXFFGS, B0GYRRGPT1, B0GYNZNKT2, B0H3T9DJ6V, B0GYCKS4WV, B0GYNT15V7, B0GYCTWVCL, B0GYD2T1JS, B0GYCKKZ6Q, B0H5Q2SRZG, B0H25FF6VM, B0H5Q2TZWH, B0GYCQD75N, B0GYCSKNCC, B0FW2ZLK1N, B0GYD6KJBT, B0GYCY3RQL, B0F28H2FRW, B0GYRY17B6, B0H5QC81DS, B0FW3YTVYM, B0GYCND5W3, B0H5Q2LX9S, B0GYCS81HB, B0GYCRKSNS, B0GYS2XFCZ, B0H5Q3V47Y, B0H8NHJ218, B0H5QBW59D, B0H25D8Z35, B0GYCSH9YS, B0H5QC5QJ3, B0H3T9J32V, B0H3T4L65F, B0H5Q68L55, B0F28JQL1X, B0H2593HF5, B0H5Q26G6R, B0GYRRCW98, B0GYD2SPL3, B0H5Q2VPZK, B0GYCX2B9Y, B0H5PY6863, B0H5Q196ZB, B0GYCSQ5G8, B0H2DTGQGH, B0GYRM5BSW, B0H5Q6KHFB, B0F28HRYGK, B0GYCX7GVL, B0H5PZYSFW, B0FV89GD8R, B0H5Q17SZ5, B0H2DH38C5, B0FV855DQH, B0H3T5ZQTF, B0GYCVQF2C, B0H5PTD3NF, B0GYCV3JT9, B0H5PZTZRK, B0GYCZXDXR, B0H3TJTTTR, B0H3TGLVFB, B0GYCN5FJD, B0GYRMLDTG, B0FW3PM59F, B0FV7L2LNX, B0F28H45HT, B0GYCKWGZD, B0GYCS6D1X, B0GYCQ7K67, B0H2DG6F4F, B0H3T4XR89, B0GYCV34WD, B0H5Q4VM91, B0GYP2Z76W, B0H2DLPL47, B0GYCT6C54, B0GYCNN38F, B0H5PX6MK6, B0GYCS9QTH]",amzn1.campaign.2YL35OFO6WNP6,Floral Washable NonSlip LowPile Rug Creator Promo-2026/08/11,BESBLEE,2026-08-13,2026-11-18,10.00%,5000.0,5000.0,53,800,false
"[B0DWDKKR4T, B0DWF3XL65]",amzn1.campaign.14J2N7B6W9J8S,⏳ Limited Time Deal! Swivel Outdoor Bar Stools Boho Wicker 🪑 -ZH-WKS,Cozyman,2026-08-15,2026-10-10,10.00%,5000.0,5000.0,52,800,false
"[B0H87B2JWB, B0H8DFY5LN]",amzn1.campaign.K8AI5J7GC8VP,YK12/K304-smart watch for men,LVHOP,2026-08-13,2027-06-30,15.00%,5000.0,4992.8,24,800,false
"[B0FDVVQ37J, B0FR49XY6R, B0FDW536N3, B0FR4CKLTJ, B0D7685YXJ, B0FDW72GSG, B0FR4BW88B, B0FDVF1PN2, B0D767N3NJ, B0FDWH1DXC, B0D766XGR3, B0D765M25M, B0D767LTBK, B0D768JL2M, B0DKXJ4D7T, B0FR3MPLT8, B0D765WFRR, B0FR3MPKQR, B0FR4C2STS, B0FDW5QPJ3, B0FDVXM7C7, B0D766XMHW, B0FR49MGM6, B0FR3MQ4DP, B0FR4BBZK9, B0FR4CNL2D, B0FR42M9DJ, B0D768H9TX, B0D767TVHB, B0D767PY9L, B0FR42FB1N, B0DKXD9SJ7, B0FDWB6RSL, B0D766YB9C, B0FR42L8HW, B0FR4D6KJY, B0D76641ZD, B0FDW76LGC, B0D767NB9T, B0D767VFRS, B0FR4CFYG8, B0D76811NX, B0FR3Z5M26, B0D766YC73, B0DKXPK87G, B0FR4BVHDL, B0FR3MP3LQ, B0D767STCZ, B0FR49YWT1, B0D76741WC, B0FR421XK1, B0DKXFX294, B0FR4HFQH6, B0FR4CBXPF, B0D767Y9CW, B0FR49QSFK, B0FR41M3GC, B0FR4D1BT2, B0D7673NWJ]",amzn1.campaign.3U6H7DHN9FP9Q,Limited Time Deal: ✨ Everyday Pullover Collab -LW-M24TP0027,Glamaker,2026-08-16,2026-11-29,10.00%,5000.0,5000.0,20,800,false
"[B0FPHVNFFG, B0FBXV21VB]",amzn1.campaign.1E5Y63KHFBA00,Routine Upgrade: Forward Farms Grass-Fed Tallow - Claims vs. Real Taste,Forward Farms,2026-08-13,2027-03-30,13.50%,745963.0,745963.0,0,800,false
"[B0G5WQ4YPV, B0G5XQVPRJ]",amzn1.campaign.6OHR1RQT1FF2,Collaboration Opportunity –  10 % Commission for DPFHDCIC Golf Hitting Mat,DPFHDCIC,2026-08-13,2027-01-31,10.00%,5000.0,5000.0,31,800,false
"[B0H5Q8BM5V, B0F28HT57D, B0F28HJPJL, B0H2DLL3V8, B0GYCQ1FR5, B0GYCQL5PC, B0H5PX9TBZ, B0H2DNP67T, B0FV8DRBPJ, B0GYRTG39R, B0H5Q59DBP, B0GYRY35P8, B0GYCTPFCT, B0H5Q4CFSC, B0H2DKQ8KK, B0GYCQQ3M7, B0H5Q6JZPZ, B0GYRVLN9T, B0GYD118RX, B0GYCTFZHJ, B0GYD54FGB, B0GYCQK99Z, B0H5PT1JCY, B0H3SZH7F4, B0GYCRNLJG, B0GYNY7V23, B0GYDB2L1T, B0FV8JR2Z3, B0GYCQSZFC, B0GYRR9LJF, B0GYCWLXR8, B0GYCX31C4, B0H3T1YL2V, B0GYCYSFRP, B0FW3T8T5J, B0H5Q6D126, B0H5Q76JQV, B0F28H27NB, B0H2DQJJQJ, B0GYNVBDRL, B0FV8DPBHG, B0H2558TM6, B0GYCXYLX7, B0GYD1LWR8, B0H2DNWWH3, B0H5Q9Q27Y, B0GYNV2WFF, B0H5QC8PZ7, B0GYCSWCBZ, B0GYRPZGX3, B0H5Q4MHX3, B0F28HNF7F, B0GYCTQS81, B0GYCS6TFH, B0H5Q8VLZM, B0H5QDHBRV, B0GYCSQDG8, B0GYCSTW7R, B0GYCT5L1V, B0GYD53251, B0GYCKX39Y, B0F28HXD4N, B0H5PXT24G, B0GYCTWCKN, B0FV7CX3W3, B0GYRSYB8Y, B0FW42CH5G, B0H5Q45DDK, B0H5PZ3F6S, B0H2553JB6, B0GYCQCMM5, B0GYRQWY5Q, B0GYCN6TKL, B0GYCNF9RN, B0FV827CVR, B0H25686PD, B0FV7Z6BHR, B0H3SZJC5H, B0H5Q51N73, B0H2DN7QZ7, B0H257PSGT, B0FW3TBZXS, B0GYCZFRPN, B0H3T4BGK4, B0GYCSG9R7, B0H5Q9F54F, B0H5PWZD2G, B0GYNRZLNM, B0H5Q6PLH3, B0H5Q5XH4S, B0GYRN3J77, B0H2DNKXYT, B0GYDHN3Y2, B0H5PYXH6R, B0F28H46R1, B0GYCTGZXH, B0GYNQR6HH, B0H5Q3V1FN, B0GYCSGNLJ, B0GYCXW7QD, B0F28J7P2W, B0H5Q37JBW, B0H25DPB9G, B0FV8GSPMR, B0H5PZPYJC, B0GYCR7D7Z, B0GYCTYGR9, B0FV8D1PDD, B0H5Q7DFWQ, B0GYP18M6S, B0GYCWZK4Z, B0GYCKQBYZ, B0GYCX428S, B0H5PXM669, B0H3T2G7XQ, B0H5PXFFGS, B0GYRRGPT1, B0GYNZNKT2, B0H3T9DJ6V, B0GYCKS4WV, B0GYNT15V7, B0GYCTWVCL, B0GYD2T1JS, B0GYCKKZ6Q, B0H5Q2SRZG, B0H25FF6VM, B0H5Q2TZWH, B0GYCQD75N, B0GYCSKNCC, B0FW2ZLK1N, B0GYD6KJBT, B0GYCY3RQL, B0F28H2FRW, B0GYRY17B6, B0H5QC81DS, B0FW3YTVYM, B0GYCND5W3, B0H5Q2LX9S, B0GYCS81HB, B0GYCRKSNS, B0GYS2XFCZ, B0H5Q3V47Y, B0H8NHJ218, B0H5QBW59D, B0H25D8Z35, B0GYCSH9YS, B0H5QC5QJ3, B0H3T9J32V, B0H3T4L65F, B0H5Q68L55, B0F28JQL1X, B0H2593HF5, B0H5Q26G6R, B0GYRRCW98, B0GYD2SPL3, B0H5Q2VPZK, B0GYCX2B9Y, B0H5PY6863, B0H5Q196ZB, B0GYCSQ5G8, B0H2DTGQGH, B0GYRM5BSW, B0H5Q6KHFB, B0F28HRYGK, B0GYCX7GVL, B0H5PZYSFW, B0FV89GD8R, B0H5Q17SZ5, B0H2DH38C5, B0FV855DQH, B0H3T5ZQTF, B0GYCVQF2C, B0H5PTD3NF, B0GYCV3JT9, B0H5PZTZRK, B0GYCZXDXR, B0H3TJTTTR, B0H3TGLVFB, B0GYCN5FJD, B0GYRMLDTG, B0FW3PM59F, B0FV7L2LNX, B0F28H45HT, B0GYCKWGZD, B0GYCS6D1X, B0GYCQ7K67, B0H2DG6F4F, B0H3T4XR89, B0GYCV34WD, B0H5Q4VM91, B0GYP2Z76W, B0H2DLPL47, B0GYCT6C54, B0GYCNN38F, B0H5PX6MK6, B0GYCS9QTH]",amzn1.campaign.2Z2ROQ16SXV4V,Floral Washable NonSlip LowPile Rug Creator Promo-2026/08/11,BESBLEE,2026-08-13,2026-11-17,10.00%,5000.0,5000.0,52,800,false
"[B0F3MLSCPP, B0F3N8LHML, B0GMYSDGDS, B0GKJ1DB6J, B0F3N6PSWV, B0GP9B9XRS, B0GMLFJW8Q, B0GML6PLV2, B0F3NM6TFC, B0F3MVB3JW, B0GML81MPW, B0GMYLV5SC, B0GMYK1KBW, B0GMLLZVF3, B0GMLBNTHK, B0GP91V73Z, B0F3NL8N7P]",amzn1.campaign.3FG03P1TM1Y62,Routine Upgrade: What's Barking Soft Dog Treats - The Tail-Wag Test,What's Barking,2026-08-13,2027-03-26,11.50%,727813.0,727813.0,29,800,false
[B0H82VMDF3],amzn1.campaign.SQPWX06M0GMA,Self-Rinsing Ceramic Berry Bowl That Cleans Itself,MaxVibe,2026-08-13,2026-11-30,15.00%,5000.0,4955.09,29,800,false
"[B0C3Y56MBG, B0C15QCSXY, B0DF7VNSWC, B0C3Y51NJD, B075VRP6CQ, B0C15QW1Q8, B0DF7YTPVD, B0DTJ3DB5K, B075VRB8NM, B0C15Q3YX4, B08WKRRSQL, B075VQN4JP, B075VRB23F, B0C15PLFYL, B08WKRJLT7, B0DTJ2MTKR]",amzn1.campaign.3B01UNAXMZ26M,WYOX Brand Awareness Campaign - IGGH,WYOX,2026-08-13,2026-09-30,15.00%,50000.0,49954.04,16,800,false
"[B0H8CVPDQ5, B0H7MKZWDG, B0H7MG9ZQ9]",amzn1.campaign.2C67JDJWOGQ4D,K77/K307-smart watch for men,LVHOP,2026-08-13,2027-06-30,10.00%,5000.0,5000.0,22,800,false
"[B0H5Q8BM5V, B0F28HT57D, B0F28HJPJL, B0H2DLL3V8, B0GYCQ1FR5, B0GYCQL5PC, B0H5PX9TBZ, B0H2DNP67T, B0FV8DRBPJ, B0GYRTG39R, B0H5Q59DBP, B0GYRY35P8, B0GYCTPFCT, B0H5Q4CFSC, B0H2DKQ8KK, B0GYCQQ3M7, B0H5Q6JZPZ, B0GYRVLN9T, B0GYD118RX, B0GYCTFZHJ, B0GYD54FGB, B0GYCQK99Z, B0H5PT1JCY, B0H3SZH7F4, B0GYCRNLJG, B0GYNY7V23, B0GYDB2L1T, B0FV8JR2Z3, B0GYCQSZFC, B0GYRR9LJF, B0GYCWLXR8, B0GYCX31C4, B0H3T1YL2V, B0GYCYSFRP, B0FW3T8T5J, B0H5Q6D126, B0H5Q76JQV, B0F28H27NB, B0H2DQJJQJ, B0GYNVBDRL, B0FV8DPBHG, B0H2558TM6, B0GYCXYLX7, B0GYD1LWR8, B0H2DNWWH3, B0H5Q9Q27Y, B0GYNV2WFF, B0H5QC8PZ7, B0GYCSWCBZ, B0GYRPZGX3, B0H5Q4MHX3, B0F28HNF7F, B0GYCTQS81, B0GYCS6TFH, B0H5Q8VLZM, B0H5QDHBRV, B0GYCSQDG8, B0GYCSTW7R, B0GYCT5L1V, B0GYD53251, B0GYCKX39Y, B0F28HXD4N, B0H5PXT24G, B0GYCTWCKN, B0FV7CX3W3, B0GYRSYB8Y, B0FW42CH5G, B0H5Q45DDK, B0H5PZ3F6S, B0H2553JB6, B0GYCQCMM5, B0GYRQWY5Q, B0GYCN6TKL, B0GYCNF9RN, B0FV827CVR, B0H25686PD, B0FV7Z6BHR, B0H3SZJC5H, B0H5Q51N73, B0H2DN7QZ7, B0H257PSGT, B0FW3TBZXS, B0GYCZFRPN, B0H3T4BGK4, B0GYCSG9R7, B0H5Q9F54F, B0H5PWZD2G, B0GYNRZLNM, B0H5Q6PLH3, B0H5Q5XH4S, B0GYRN3J77, B0H2DNKXYT, B0GYDHN3Y2, B0H5PYXH6R, B0F28H46R1, B0GYCTGZXH, B0GYNQR6HH, B0H5Q3V1FN, B0GYCSGNLJ, B0GYCXW7QD, B0F28J7P2W, B0H5Q37JBW, B0H25DPB9G, B0FV8GSPMR, B0H5PZPYJC, B0GYCR7D7Z, B0GYCTYGR9, B0FV8D1PDD, B0H5Q7DFWQ, B0GYP18M6S, B0GYCWZK4Z, B0GYCKQBYZ, B0GYCX428S, B0H5PXM669, B0H3T2G7XQ, B0H5PXFFGS, B0GYRRGPT1, B0GYNZNKT2, B0H3T9DJ6V, B0GYCKS4WV, B0GYNT15V7, B0GYCTWVCL, B0GYD2T1JS, B0GYCKKZ6Q, B0H5Q2SRZG, B0H25FF6VM, B0H5Q2TZWH, B0GYCQD75N, B0GYCSKNCC, B0FW2ZLK1N, B0GYD6KJBT, B0GYCY3RQL, B0F28H2FRW, B0GYRY17B6, B0H5QC81DS, B0FW3YTVYM, B0GYCND5W3, B0H5Q2LX9S, B0GYCS81HB, B0GYCRKSNS, B0GYS2XFCZ, B0H5Q3V47Y, B0H8NHJ218, B0H5QBW59D, B0H25D8Z35, B0GYCSH9YS, B0H5QC5QJ3, B0H3T9J32V, B0H3T4L65F, B0H5Q68L55, B0F28JQL1X, B0H2593HF5, B0H5Q26G6R, B0GYRRCW98, B0GYD2SPL3, B0H5Q2VPZK, B0GYCX2B9Y, B0H5PY6863, B0H5Q196ZB, B0GYCSQ5G8, B0H2DTGQGH, B0GYRM5BSW, B0H5Q6KHFB, B0F28HRYGK, B0GYCX7GVL, B0H5PZYSFW, B0FV89GD8R, B0H5Q17SZ5, B0H2DH38C5, B0FV855DQH, B0H3T5ZQTF, B0GYCVQF2C, B0H5PTD3NF, B0GYCV3JT9, B0H5PZTZRK, B0GYCZXDXR, B0H3TJTTTR, B0H3TGLVFB, B0GYCN5FJD, B0GYRMLDTG, B0FW3PM59F, B0FV7L2LNX, B0F28H45HT, B0GYCKWGZD, B0GYCS6D1X, B0GYCQ7K67, B0H2DG6F4F, B0H3T4XR89, B0GYCV34WD, B0H5Q4VM91, B0GYP2Z76W, B0H2DLPL47, B0GYCT6C54, B0GYCNN38F, B0H5PX6MK6, B0GYCS9QTH]",amzn1.campaign.21LA9M8TAVQLG,Floral Washable NonSlip LowPile Rug Creator Promo-2026/08/11,BESBLEE,2026-08-13,2026-11-16,10.00%,5000.0,5000.0,52,800,false
"[B0FDVVQ37J, B0FR49XY6R, B0FDW536N3, B0FR4CKLTJ, B0D7685YXJ, B0FDW72GSG, B0FR4BW88B, B0FDVF1PN2, B0D767N3NJ, B0FDWH1DXC, B0D766XGR3, B0D765M25M, B0D767LTBK, B0D768JL2M, B0DKXJ4D7T, B0FR3MPLT8, B0D765WFRR, B0FR3MPKQR, B0FR4C2STS, B0FDW5QPJ3, B0FDVXM7C7, B0D766XMHW, B0FR49MGM6, B0FR3MQ4DP, B0FR4BBZK9, B0FR4CNL2D, B0FR42M9DJ, B0D768H9TX, B0D767TVHB, B0D767PY9L, B0FR42FB1N, B0DKXD9SJ7, B0FDWB6RSL, B0D766YB9C, B0FR42L8HW, B0FR4D6KJY, B0D76641ZD, B0FDW76LGC, B0D767NB9T, B0D767VFRS, B0FR4CFYG8, B0D76811NX, B0FR3Z5M26, B0D766YC73, B0DKXPK87G, B0FR4BVHDL, B0FR3MP3LQ, B0D767STCZ, B0FR49YWT1, B0D76741WC, B0FR421XK1, B0DKXFX294, B0FR4HFQH6, B0FR4CBXPF, B0D767Y9CW, B0FR49QSFK, B0FR41M3GC, B0FR4D1BT2, B0D7673NWJ]",amzn1.campaign.1XGN5KYZ2JLIV,HOT Deal: 🌟 Sleek Casual Sweatshirt Collab -LW-M24TP0027,Glamaker,2026-08-16,2026-11-28,10.00%,5000.0,5000.0,18,800,false
[B0FHK915C9],amzn1.campaign.2FW1HZ14FNMIQ,Plaque Disclosing Tablets | Berry Flavor of 48 - Home Care - B0FHK915C9 - 10%,JJ CARE,2026-08-13,2026-11-13,10.00%,5000.0,5000.0,32,800,false
"[B0DWDKKR4T, B0DWF3XL65]",amzn1.campaign.1FUEDDNQFA428,🔥 HOT Deal! Swivel Outdoor Bar Stools Set with Armrest 🍹 -ZH-WKS,Cozyman,2026-08-15,2026-10-09,10.00%,5000.0,5000.0,54,800,false
"[B0HC76CXH6, B0GFB9XKMG, B0GFB7YZQ8, B0GF9WVJ3Y]",amzn1.campaign.27GTSB7IJZC7P,CC QUOKKA Coloring Sticker Book,QUOKKA,2026-08-13,2027-08-13,10.00%,10000.0,9986.5,18,800,false
"[B0H5Q8BM5V, B0F28HT57D, B0F28HJPJL, B0H2DLL3V8, B0GYCQ1FR5, B0GYCQL5PC, B0H5PX9TBZ, B0H2DNP67T, B0FV8DRBPJ, B0GYRTG39R, B0H5Q59DBP, B0GYRY35P8, B0GYCTPFCT, B0H5Q4CFSC, B0H2DKQ8KK, B0GYCQQ3M7, B0H5Q6JZPZ, B0GYRVLN9T, B0GYD118RX, B0GYCTFZHJ, B0GYD54FGB, B0GYCQK99Z, B0H5PT1JCY, B0H3SZH7F4, B0GYCRNLJG, B0GYNY7V23, B0GYDB2L1T, B0FV8JR2Z3, B0GYCQSZFC, B0GYRR9LJF, B0GYCWLXR8, B0GYCX31C4, B0H3T1YL2V, B0GYCYSFRP, B0FW3T8T5J, B0H5Q6D126, B0H5Q76JQV, B0F28H27NB, B0H2DQJJQJ, B0GYNVBDRL, B0FV8DPBHG, B0H2558TM6, B0GYCXYLX7, B0GYD1LWR8, B0H2DNWWH3, B0H5Q9Q27Y, B0GYNV2WFF, B0H5QC8PZ7, B0GYCSWCBZ, B0GYRPZGX3, B0H5Q4MHX3, B0F28HNF7F, B0GYCTQS81, B0GYCS6TFH, B0H5Q8VLZM, B0H5QDHBRV, B0GYCSQDG8, B0GYCSTW7R, B0GYCT5L1V, B0GYD53251, B0GYCKX39Y, B0F28HXD4N, B0H5PXT24G, B0GYCTWCKN, B0FV7CX3W3, B0GYRSYB8Y, B0FW42CH5G, B0H5Q45DDK, B0H5PZ3F6S, B0H2553JB6, B0GYCQCMM5, B0GYRQWY5Q, B0GYCN6TKL, B0GYCNF9RN, B0FV827CVR, B0H25686PD, B0FV7Z6BHR, B0H3SZJC5H, B0H5Q51N73, B0H2DN7QZ7, B0H257PSGT, B0FW3TBZXS, B0GYCZFRPN, B0H3T4BGK4, B0GYCSG9R7, B0H5Q9F54F, B0H5PWZD2G, B0GYNRZLNM, B0H5Q6PLH3, B0H5Q5XH4S, B0GYRN3J77, B0H2DNKXYT, B0GYDHN3Y2, B0H5PYXH6R, B0F28H46R1, B0GYCTGZXH, B0GYNQR6HH, B0H5Q3V1FN, B0GYCSGNLJ, B0GYCXW7QD, B0F28J7P2W, B0H5Q37JBW, B0H25DPB9G, B0FV8GSPMR, B0H5PZPYJC, B0GYCR7D7Z, B0GYCTYGR9, B0FV8D1PDD, B0H5Q7DFWQ, B0GYP18M6S, B0GYCWZK4Z, B0GYCKQBYZ, B0GYCX428S, B0H5PXM669, B0H3T2G7XQ, B0H5PXFFGS, B0GYRRGPT1, B0GYNZNKT2, B0H3T9DJ6V, B0GYCKS4WV, B0GYNT15V7, B0GYCTWVCL, B0GYD2T1JS, B0GYCKKZ6Q, B0H5Q2SRZG, B0H25FF6VM, B0H5Q2TZWH, B0GYCQD75N, B0GYCSKNCC, B0FW2ZLK1N, B0GYD6KJBT, B0GYCY3RQL, B0F28H2FRW, B0GYRY17B6, B0H5QC81DS, B0FW3YTVYM, B0GYCND5W3, B0H5Q2LX9S, B0GYCS81HB, B0GYCRKSNS, B0GYS2XFCZ, B0H5Q3V47Y, B0H8NHJ218, B0H5QBW59D, B0H25D8Z35, B0GYCSH9YS, B0H5QC5QJ3, B0H3T9J32V, B0H3T4L65F, B0H5Q68L55, B0F28JQL1X, B0H2593HF5, B0H5Q26G6R, B0GYRRCW98, B0GYD2SPL3, B0H5Q2VPZK, B0GYCX2B9Y, B0H5PY6863, B0H5Q196ZB, B0GYCSQ5G8, B0H2DTGQGH, B0GYRM5BSW, B0H5Q6KHFB, B0F28HRYGK, B0GYCX7GVL, B0H5PZYSFW, B0FV89GD8R, B0H5Q17SZ5, B0H2DH38C5, B0FV855DQH, B0H3T5ZQTF, B0GYCVQF2C, B0H5PTD3NF, B0GYCV3JT9, B0H5PZTZRK, B0GYCZXDXR, B0H3TJTTTR, B0H3TGLVFB, B0GYCN5FJD, B0GYRMLDTG, B0FW3PM59F, B0FV7L2LNX, B0F28H45HT, B0GYCKWGZD, B0GYCS6D1X, B0GYCQ7K67, B0H2DG6F4F, B0H3T4XR89, B0GYCV34WD, B0H5Q4VM91, B0GYP2Z76W, B0H2DLPL47, B0GYCT6C54, B0GYCNN38F, B0H5PX6MK6, B0GYCS9QTH]",amzn1.campaign.1FP73GCWAP51Y,Floral Washable NonSlip LowPile Rug Creator Promo-2026/08/11,BESBLEE,2026-08-13,2026-11-15,10.00%,5000.0,5000.0,52,800,false
"[B0DP1HPL24, B0DP1P2TPK, B0DNKJ5CDV, B0DNKHS439]",amzn1.campaign.1V4V5AWZSDRVK,"Creator Test: Hydrofy Hydrogen Electrolytes - Unbox, Sip, and Review",Hydrofy,2026-08-13,2027-02-28,14.00%,599504.0,599504.0,0,800,false
"[B0G87S94CW, B0G87F978J, B0G8735S6W]",amzn1.campaign.H26FTHET7T06,Routine Upgrade: Hume Supernatural Body Wash - Texture and Application,HUME SUPERNATURAL,2026-08-13,2027-04-30,20.00%,602472.0,602472.0,18,800,false
"[B0H5Q8BM5V, B0F28HT57D, B0F28HJPJL, B0H2DLL3V8, B0GYCQ1FR5, B0GYCQL5PC, B0H5PX9TBZ, B0H2DNP67T, B0FV8DRBPJ, B0GYRTG39R, B0H5Q59DBP, B0GYRY35P8, B0GYCTPFCT, B0H5Q4CFSC, B0H2DKQ8KK, B0GYCQQ3M7, B0H5Q6JZPZ, B0GYRVLN9T, B0GYD118RX, B0GYCTFZHJ, B0GYD54FGB, B0GYCQK99Z, B0H5PT1JCY, B0H3SZH7F4, B0GYCRNLJG, B0GYNY7V23, B0GYDB2L1T, B0FV8JR2Z3, B0GYCQSZFC, B0GYRR9LJF, B0GYCWLXR8, B0GYCX31C4, B0H3T1YL2V, B0GYCYSFRP, B0FW3T8T5J, B0H5Q6D126, B0H5Q76JQV, B0F28H27NB, B0H2DQJJQJ, B0GYNVBDRL, B0FV8DPBHG, B0H2558TM6, B0GYCXYLX7, B0GYD1LWR8, B0H2DNWWH3, B0H5Q9Q27Y, B0GYNV2WFF, B0H5QC8PZ7, B0GYCSWCBZ, B0GYRPZGX3, B0H5Q4MHX3, B0F28HNF7F, B0GYCTQS81, B0GYCS6TFH, B0H5Q8VLZM, B0H5QDHBRV, B0GYCSQDG8, B0GYCSTW7R, B0GYCT5L1V, B0GYD53251, B0GYCKX39Y, B0F28HXD4N, B0H5PXT24G, B0GYCTWCKN, B0FV7CX3W3, B0GYRSYB8Y, B0FW42CH5G, B0H5Q45DDK, B0H5PZ3F6S, B0H2553JB6, B0GYCQCMM5, B0GYRQWY5Q, B0GYCN6TKL, B0GYCNF9RN, B0FV827CVR, B0H25686PD, B0FV7Z6BHR, B0H3SZJC5H, B0H5Q51N73, B0H2DN7QZ7, B0H257PSGT, B0FW3TBZXS, B0GYCZFRPN, B0H3T4BGK4, B0GYCSG9R7, B0H5Q9F54F, B0H5PWZD2G, B0GYNRZLNM, B0H5Q6PLH3, B0H5Q5XH4S, B0GYRN3J77, B0H2DNKXYT, B0GYDHN3Y2, B0H5PYXH6R, B0F28H46R1, B0GYCTGZXH, B0GYNQR6HH, B0H5Q3V1FN, B0GYCSGNLJ, B0GYCXW7QD, B0F28J7P2W, B0H5Q37JBW, B0H25DPB9G, B0FV8GSPMR, B0H5PZPYJC, B0GYCR7D7Z, B0GYCTYGR9, B0FV8D1PDD, B0H5Q7DFWQ, B0GYP18M6S, B0GYCWZK4Z, B0GYCKQBYZ, B0GYCX428S, B0H5PXM669, B0H3T2G7XQ, B0H5PXFFGS, B0GYRRGPT1, B0GYNZNKT2, B0H3T9DJ6V, B0GYCKS4WV, B0GYNT15V7, B0GYCTWVCL, B0GYD2T1JS, B0GYCKKZ6Q, B0H5Q2SRZG, B0H25FF6VM, B0H5Q2TZWH, B0GYCQD75N, B0GYCSKNCC, B0FW2ZLK1N, B0GYD6KJBT, B0GYCY3RQL, B0F28H2FRW, B0GYRY17B6, B0H5QC81DS, B0FW3YTVYM, B0GYCND5W3, B0H5Q2LX9S, B0GYCS81HB, B0GYCRKSNS, B0GYS2XFCZ, B0H5Q3V47Y, B0H8NHJ218, B0H5QBW59D, B0H25D8Z35, B0GYCSH9YS, B0H5QC5QJ3, B0H3T9J32V, B0H3T4L65F, B0H5Q68L55, B0F28JQL1X, B0H2593HF5, B0H5Q26G6R, B0GYRRCW98, B0GYD2SPL3, B0H5Q2VPZK, B0GYCX2B9Y, B0H5PY6863, B0H5Q196ZB, B0GYCSQ5G8, B0H2DTGQGH, B0GYRM5BSW, B0H5Q6KHFB, B0F28HRYGK, B0GYCX7GVL, B0H5PZYSFW, B0FV89GD8R, B0H5Q17SZ5, B0H2DH38C5, B0FV855DQH, B0H3T5ZQTF, B0GYCVQF2C, B0H5PTD3NF, B0GYCV3JT9, B0H5PZTZRK, B0GYCZXDXR, B0H3TJTTTR, B0H3TGLVFB, B0GYCN5FJD, B0GYRMLDTG, B0FW3PM59F, B0FV7L2LNX, B0F28H45HT, B0GYCKWGZD, B0GYCS6D1X, B0GYCQ7K67, B0H2DG6F4F, B0H3T4XR89, B0GYCV34WD, B0H5Q4VM91, B0GYP2Z76W, B0H2DLPL47, B0GYCT6C54, B0GYCNN38F, B0H5PX6MK6, B0GYCS9QTH]",amzn1.campaign.3FADIVRJDJ337,Floral Washable NonSlip LowPile Rug Creator Promo-2026/08/11,BESBLEE,2026-08-13,2026-11-14,10.00%,5000.0,5000.0,55,800,false
"[B0FDVVQ37J, B0FR49XY6R, B0FDW536N3, B0FR4CKLTJ, B0D7685YXJ, B0FDW72GSG, B0FR4BW88B, B0FDVF1PN2, B0D767N3NJ, B0FDWH1DXC, B0D766XGR3, B0D765M25M, B0D767LTBK, B0D768JL2M, B0DKXJ4D7T, B0FR3MPLT8, B0D765WFRR, B0FR3MPKQR, B0FR4C2STS, B0FDW5QPJ3, B0FDVXM7C7, B0D766XMHW, B0FR49MGM6, B0FR3MQ4DP, B0FR4BBZK9, B0FR4CNL2D, B0FR42M9DJ, B0D768H9TX, B0D767TVHB, B0D767PY9L, B0FR42FB1N, B0DKXD9SJ7, B0FDWB6RSL, B0D766YB9C, B0FR42L8HW, B0FR4D6KJY, B0D76641ZD, B0FDW76LGC, B0D767NB9T, B0D767VFRS, B0FR4CFYG8, B0D76811NX, B0FR3Z5M26, B0D766YC73, B0DKXPK87G, B0FR4BVHDL, B0FR3MP3LQ, B0D767STCZ, B0FR49YWT1, B0D76741WC, B0FR421XK1, B0DKXFX294, B0FR4HFQH6, B0FR4CBXPF, B0D767Y9CW, B0FR49QSFK, B0FR41M3GC, B0FR4D1BT2, B0D7673NWJ]",amzn1.campaign.IC2JRYIBXUG9,Great Deal: 🔥 Effortless Pullover Collab Invite -LW-M24TP0027,Glamaker,2026-08-16,2026-11-27,10.00%,5000.0,5000.0,22,800,false
"[B0DWDKKR4T, B0DWF3XL65]",amzn1.campaign.39XL4X1AUE1P5,** Limited Time Deal! Swivel Bar Stools for Patio Garden 🏡 -ZH-WKS **,Cozyman,2026-08-15,2026-10-08,10.00%,5000.0,5000.0,49,800,false
[B0FVMNPDH6],amzn1.campaign.2M22PKV7G3QLU,Plaque Disclosing Tablets | Grape Pack of 96 - Home Care - B0FVMNPDH6 - 10%,JJ CARE,2026-08-13,2026-11-13,10.00%,5000.0,5000.0,28,800,false
"[B0BQBVV2PR, B0C1Z751S8, B0B593CKHR, B0B58Z7FMY, B0C1Z7TJXX, B0B591Z2S8, B0FK9QDNJB, B0BQBTK3K1, B0FK9RD789, B0BQBTL936, B0B5913784, B0B58Z5W3Y, B0FKB9RK5Y, B0BQBPZMVY, B0B58YMKBY, B0B592ZXQH, B0BQBWM8B6, B0BQBV9X7N, B0FK9HVTXC, B0C1Z5XBK5, B0C1Z7N2CN, B0B58XY5GK, B0FKB3W2KY, B0FKB9RK61, B0BQBTJYHL, B0B592CN9B, B0B591RCLJ, B0BQBVWZKS, B0C1ZB6B1H, B0C1Z5BM9L, B0BQBVP7SM, B0FK9YN969, B0B58ZDJ6R, B0C1Z6V3FS, B0BQBTM1YW, B0B59247ZB, B0B5919ZCY, B0BQBXZD1F, B0C1Z6LJ98, B0BQBV5PWG, B0BQBXDVST, B0C1Z88BZ6, B0FKB7FWSP, B0FK9YMDPX, B0B592DSSV, B0C1Z6KXXM, B0BQBV3PTW, B0C1Z54W4M, B0B59292ZQ, B0B596LM4C, B0FK9M3ZQ4, B0C1Z8BZD1, B0BQBVWQ4C, B0BQBW191T, B0FK9W39T5, B0B58VNTJ7, B0C1Z8PRJ9, B0C1Z764BM, B0C1Z9RS2P, B0FKB4PCML, B0B58XMSPC, B0C1Z9R8VT, B0C1ZBGGRR, B0C1Z9DQ8K, B0FK97HBDP, B0BQBRT1H1, B0B58XQBKG, B0FK9HRPV9, B0BQBV55JN, B0B592V2CP, B0FK9XK958, B0BQBTT4LY, B0BQBS4V2Z, B0BQBTZCQ6, B0FKB4QR62, B0B58YR23W, B0C1Z7F429, B0BQBVFVXL, B0C1Z8139M, B0BQBW8GPJ, B0B593NTS7, B0B59273JY, B0B5926V3T, B0FK9NQWTB, B0BQBV8M1R, B0BQBTFGTF, B0BQBSJZ8N, B0FK9JQ9X7, B0C1Z75K18, B0B591F1WT, B0B591CPV7, B0C1Z95GZP, B0B592K95H, B0FK9VN1MQ, B0C1ZB649F, B0C1Z8CRK3, B0BQDZRV1M, B0C1Z6ZLQM, B0FK92B5B6, B0BQBVS5ZS, B0B591S126, B0C1ZBSS7Z, B0FKB17WF5, B0BQBV9KRX, B0B5925SJG, B0C1Z7WB3Z, B0C1Z82XQZ, B0BQBS96KD, B0FK91X4ZN, B0C1Z9G7NG, B0C1Z8XBN6, B0B58ZV142, B0C1Z9JK3Y, B0B58YMJDM, B0BQBVNPW8, B0B591ST6B, B0B58ZBK4F, B0B591TLN6, B0FK9VLFBD, B0FK9W1L1R, B0C1Z6MMHF, B0C1Z7H5HF, B0C1Z99X9R, B0FK9GTXH7, B0C1Z9HLF7, B0B592TPRC, B0B58ZYG18, B0B58XSK28, B0B59366TX, B0BQBRWX89, B0C1Z78XH2, B0C1Z4YQKD, B0B592K17P, B0C1Z6SK9L, B0B58YCCVC, B0BQBT8ZF9, B0C1Z865K7, B0C1Z6M9XP, B0C1Z9M7WC, B0B58ZZFCM, B0FK9YQ53D, B0FKB3HRRL, B0C1Z7T3RN, B0BQBVYJLF, B0B591ZQ5K, B0FK99MYVF, B0FKB4C1KP, B0BQBTRQWW, B0B5917L3W, B0FK9NLBMQ]",amzn1.campaign.N5HTGUFPQPEZ,G2K194,Coutgo,2026-08-13,2027-08-13,19.00%,10000.0,10000.0,0,800,false
"[B0BQBVV2PR, B0C1Z751S8, B0B593CKHR, B0B58Z7FMY, B0C1Z7TJXX, B0B591Z2S8, B0FK9QDNJB, B0BQBTK3K1, B0FK9RD789, B0BQBTL936, B0B5913784, B0B58Z5W3Y, B0FKB9RK5Y, B0BQBPZMVY, B0B58YMKBY, B0B592ZXQH, B0BQBWM8B6, B0BQBV9X7N, B0FK9HVTXC, B0C1Z5XBK5, B0C1Z7N2CN, B0B58XY5GK, B0FKB3W2KY, B0FKB9RK61, B0BQBTJYHL, B0B592CN9B, B0B591RCLJ, B0BQBVWZKS, B0C1ZB6B1H, B0C1Z5BM9L, B0BQBVP7SM, B0FK9YN969, B0B58ZDJ6R, B0C1Z6V3FS, B0BQBTM1YW, B0B59247ZB, B0B5919ZCY, B0BQBXZD1F, B0C1Z6LJ98, B0BQBV5PWG, B0BQBXDVST, B0C1Z88BZ6, B0FKB7FWSP, B0FK9YMDPX, B0B592DSSV, B0C1Z6KXXM, B0BQBV3PTW, B0C1Z54W4M, B0B59292ZQ, B0B596LM4C, B0FK9M3ZQ4, B0C1Z8BZD1, B0BQBVWQ4C, B0BQBW191T, B0FK9W39T5, B0B58VNTJ7, B0C1Z8PRJ9, B0C1Z764BM, B0C1Z9RS2P, B0FKB4PCML, B0B58XMSPC, B0C1Z9R8VT, B0C1ZBGGRR, B0C1Z9DQ8K, B0FK97HBDP, B0BQBRT1H1, B0B58XQBKG, B0FK9HRPV9, B0BQBV55JN, B0B592V2CP, B0FK9XK958, B0BQBTT4LY, B0BQBS4V2Z, B0BQBTZCQ6, B0FKB4QR62, B0B58YR23W, B0C1Z7F429, B0BQBVFVXL, B0C1Z8139M, B0BQBW8GPJ, B0B593NTS7, B0B59273JY, B0B5926V3T, B0FK9NQWTB, B0BQBV8M1R, B0BQBTFGTF, B0BQBSJZ8N, B0FK9JQ9X7, B0C1Z75K18, B0B591F1WT, B0B591CPV7, B0C1Z95GZP, B0B592K95H, B0FK9VN1MQ, B0C1ZB649F, B0C1Z8CRK3, B0BQDZRV1M, B0C1Z6ZLQM, B0FK92B5B6, B0BQBVS5ZS, B0B591S126, B0C1ZBSS7Z, B0FKB17WF5, B0BQBV9KRX, B0B5925SJG, B0C1Z7WB3Z, B0C1Z82XQZ, B0BQBS96KD, B0FK91X4ZN, B0C1Z9G7NG, B0C1Z8XBN6, B0B58ZV142, B0C1Z9JK3Y, B0B58YMJDM, B0BQBVNPW8, B0B591ST6B, B0B58ZBK4F, B0B591TLN6, B0FK9VLFBD, B0FK9W1L1R, B0C1Z6MMHF, B0C1Z7H5HF, B0C1Z99X9R, B0FK9GTXH7, B0C1Z9HLF7, B0B592TPRC, B0B58ZYG18, B0B58XSK28, B0B59366TX, B0BQBRWX89, B0C1Z78XH2, B0C1Z4YQKD, B0B592K17P, B0C1Z6SK9L, B0B58YCCVC, B0BQBT8ZF9, B0C1Z865K7, B0C1Z6M9XP, B0C1Z9M7WC, B0B58ZZFCM, B0FK9YQ53D, B0FKB3HRRL, B0C1Z7T3RN, B0BQBVYJLF, B0B591ZQ5K, B0FK99MYVF, B0FKB4C1KP, B0BQBTRQWW, B0B5917L3W, B0FK9NLBMQ]",amzn1.campaign.FP13FPPLBXCH,G2K194,Coutgo,2026-08-13,2027-08-13,18.00%,10000.0,10000.0,0,800,false
"[B0H5Q8BM5V, B0F28HT57D, B0F28HJPJL, B0H2DLL3V8, B0GYCQ1FR5, B0GYCQL5PC, B0H5PX9TBZ, B0H2DNP67T, B0FV8DRBPJ, B0GYRTG39R, B0H5Q59DBP, B0GYRY35P8, B0GYCTPFCT, B0H5Q4CFSC, B0H2DKQ8KK, B0GYCQQ3M7, B0H5Q6JZPZ, B0GYRVLN9T, B0GYD118RX, B0GYCTFZHJ, B0GYD54FGB, B0GYCQK99Z, B0H5PT1JCY, B0H3SZH7F4, B0GYCRNLJG, B0GYNY7V23, B0GYDB2L1T, B0FV8JR2Z3, B0GYCQSZFC, B0GYRR9LJF, B0GYCWLXR8, B0GYCX31C4, B0H3T1YL2V, B0GYCYSFRP, B0FW3T8T5J, B0H5Q6D126, B0H5Q76JQV, B0F28H27NB, B0H2DQJJQJ, B0GYNVBDRL, B0FV8DPBHG, B0H2558TM6, B0GYCXYLX7, B0GYD1LWR8, B0H2DNWWH3, B0H5Q9Q27Y, B0GYNV2WFF, B0H5QC8PZ7, B0GYCSWCBZ, B0GYRPZGX3, B0H5Q4MHX3, B0F28HNF7F, B0GYCTQS81, B0GYCS6TFH, B0H5Q8VLZM, B0H5QDHBRV, B0GYCSQDG8, B0GYCSTW7R, B0GYCT5L1V, B0GYD53251, B0GYCKX39Y, B0F28HXD4N, B0H5PXT24G, B0GYCTWCKN, B0FV7CX3W3, B0GYRSYB8Y, B0FW42CH5G, B0H5Q45DDK, B0H5PZ3F6S, B0H2553JB6, B0GYCQCMM5, B0GYRQWY5Q, B0GYCN6TKL, B0GYCNF9RN, B0FV827CVR, B0H25686PD, B0FV7Z6BHR, B0H3SZJC5H, B0H5Q51N73, B0H2DN7QZ7, B0H257PSGT, B0FW3TBZXS, B0GYCZFRPN, B0H3T4BGK4, B0GYCSG9R7, B0H5Q9F54F, B0H5PWZD2G, B0GYNRZLNM, B0H5Q6PLH3, B0H5Q5XH4S, B0GYRN3J77, B0H2DNKXYT, B0GYDHN3Y2, B0H5PYXH6R, B0F28H46R1, B0GYCTGZXH, B0GYNQR6HH, B0H5Q3V1FN, B0GYCSGNLJ, B0GYCXW7QD, B0F28J7P2W, B0H5Q37JBW, B0H25DPB9G, B0FV8GSPMR, B0H5PZPYJC, B0GYCR7D7Z, B0GYCTYGR9, B0FV8D1PDD, B0H5Q7DFWQ, B0GYP18M6S, B0GYCWZK4Z, B0GYCKQBYZ, B0GYCX428S, B0H5PXM669, B0H3T2G7XQ, B0H5PXFFGS, B0GYRRGPT1, B0GYNZNKT2, B0H3T9DJ6V, B0GYCKS4WV, B0GYNT15V7, B0GYCTWVCL, B0GYD2T1JS, B0GYCKKZ6Q, B0H5Q2SRZG, B0H25FF6VM, B0H5Q2TZWH, B0GYCQD75N, B0GYCSKNCC, B0FW2ZLK1N, B0GYD6KJBT, B0GYCY3RQL, B0F28H2FRW, B0GYRY17B6, B0H5QC81DS, B0FW3YTVYM, B0GYCND5W3, B0H5Q2LX9S, B0GYCS81HB, B0GYCRKSNS, B0GYS2XFCZ, B0H5Q3V47Y, B0H8NHJ218, B0H5QBW59D, B0H25D8Z35, B0GYCSH9YS, B0H5QC5QJ3, B0H3T9J32V, B0H3T4L65F, B0H5Q68L55, B0F28JQL1X, B0H2593HF5, B0H5Q26G6R, B0GYRRCW98, B0GYD2SPL3, B0H5Q2VPZK, B0GYCX2B9Y, B0H5PY6863, B0H5Q196ZB, B0GYCSQ5G8, B0H2DTGQGH, B0GYRM5BSW, B0H5Q6KHFB, B0F28HRYGK, B0GYCX7GVL, B0H5PZYSFW, B0FV89GD8R, B0H5Q17SZ5, B0H2DH38C5, B0FV855DQH, B0H3T5ZQTF, B0GYCVQF2C, B0H5PTD3NF, B0GYCV3JT9, B0H5PZTZRK, B0GYCZXDXR, B0H3TJTTTR, B0H3TGLVFB, B0GYCN5FJD, B0GYRMLDTG, B0FW3PM59F, B0FV7L2LNX, B0F28H45HT, B0GYCKWGZD, B0GYCS6D1X, B0GYCQ7K67, B0H2DG6F4F, B0H3T4XR89, B0GYCV34WD, B0H5Q4VM91, B0GYP2Z76W, B0H2DLPL47, B0GYCT6C54, B0GYCNN38F, B0H5PX6MK6, B0GYCS9QTH]",amzn1.campaign.2GRN74YLH6BO3,Floral Washable NonSlip LowPile Rug Creator Promo-2026/08/11,BESBLEE,2026-08-13,2026-11-13,10.00%,5000.0,5000.0,55,800,false
"[B0BQBVV2PR, B0C1Z751S8, B0B593CKHR, B0B58Z7FMY, B0C1Z7TJXX, B0B591Z2S8, B0FK9QDNJB, B0BQBTK3K1, B0FK9RD789, B0BQBTL936, B0B5913784, B0B58Z5W3Y, B0FKB9RK5Y, B0BQBPZMVY, B0B58YMKBY, B0B592ZXQH, B0BQBWM8B6, B0BQBV9X7N, B0FK9HVTXC, B0C1Z5XBK5, B0C1Z7N2CN, B0B58XY5GK, B0FKB3W2KY, B0FKB9RK61, B0BQBTJYHL, B0B592CN9B, B0B591RCLJ, B0BQBVWZKS, B0C1ZB6B1H, B0C1Z5BM9L, B0BQBVP7SM, B0FK9YN969, B0B58ZDJ6R, B0C1Z6V3FS, B0BQBTM1YW, B0B59247ZB, B0B5919ZCY, B0BQBXZD1F, B0C1Z6LJ98, B0BQBV5PWG, B0BQBXDVST, B0C1Z88BZ6, B0FKB7FWSP, B0FK9YMDPX, B0B592DSSV, B0C1Z6KXXM, B0BQBV3PTW, B0C1Z54W4M, B0B59292ZQ, B0B596LM4C, B0FK9M3ZQ4, B0C1Z8BZD1, B0BQBVWQ4C, B0BQBW191T, B0FK9W39T5, B0B58VNTJ7, B0C1Z8PRJ9, B0C1Z764BM, B0C1Z9RS2P, B0FKB4PCML, B0B58XMSPC, B0C1Z9R8VT, B0C1ZBGGRR, B0C1Z9DQ8K, B0FK97HBDP, B0BQBRT1H1, B0B58XQBKG, B0FK9HRPV9, B0BQBV55JN, B0B592V2CP, B0FK9XK958, B0BQBTT4LY, B0BQBS4V2Z, B0BQBTZCQ6, B0FKB4QR62, B0B58YR23W, B0C1Z7F429, B0BQBVFVXL, B0C1Z8139M, B0BQBW8GPJ, B0B593NTS7, B0B59273JY, B0B5926V3T, B0FK9NQWTB, B0BQBV8M1R, B0BQBTFGTF, B0BQBSJZ8N, B0FK9JQ9X7, B0C1Z75K18, B0B591F1WT, B0B591CPV7, B0C1Z95GZP, B0B592K95H, B0FK9VN1MQ, B0C1ZB649F, B0C1Z8CRK3, B0BQDZRV1M, B0C1Z6ZLQM, B0FK92B5B6, B0BQBVS5ZS, B0B591S126, B0C1ZBSS7Z, B0FKB17WF5, B0BQBV9KRX, B0B5925SJG, B0C1Z7WB3Z, B0C1Z82XQZ, B0BQBS96KD, B0FK91X4ZN, B0C1Z9G7NG, B0C1Z8XBN6, B0B58ZV142, B0C1Z9JK3Y, B0B58YMJDM, B0BQBVNPW8, B0B591ST6B, B0B58ZBK4F, B0B591TLN6, B0FK9VLFBD, B0FK9W1L1R, B0C1Z6MMHF, B0C1Z7H5HF, B0C1Z99X9R, B0FK9GTXH7, B0C1Z9HLF7, B0B592TPRC, B0B58ZYG18, B0B58XSK28, B0B59366TX, B0BQBRWX89, B0C1Z78XH2, B0C1Z4YQKD, B0B592K17P, B0C1Z6SK9L, B0B58YCCVC, B0BQBT8ZF9, B0C1Z865K7, B0C1Z6M9XP, B0C1Z9M7WC, B0B58ZZFCM, B0FK9YQ53D, B0FKB3HRRL, B0C1Z7T3RN, B0BQBVYJLF, B0B591ZQ5K, B0FK99MYVF, B0FKB4C1KP, B0BQBTRQWW, B0B5917L3W, B0FK9NLBMQ]",amzn1.campaign.3IUZZPFXIKCC5,G2K194,Coutgo,2026-08-13,2027-08-13,17.00%,10000.0,10000.0,0,800,false
"[B0DWDKKR4T, B0DWF3XL65]",amzn1.campaign.3TU97M5U0ZNCR,** HOT Deal! Ergonomic Swivel Outdoor Bar Stools Set 🍸 -ZH-WKS **,Cozyman,2026-08-15,2026-10-07,10.00%,5000.0,5000.0,53,800,false
"[B0F3MLSCPP, B0F3N8LHML, B0GMYSDGDS, B0GKJ1DB6J, B0F3N6PSWV, B0GP9B9XRS, B0GMLFJW8Q, B0GML6PLV2, B0F3NM6TFC, B0F3MVB3JW, B0GML81MPW, B0GMYLV5SC, B0GMYK1KBW, B0GMLLZVF3, B0GMLBNTHK, B0GP91V73Z, B0F3NL8N7P]",amzn1.campaign.2IAX5DEJF0AH1,"Routine Upgrade: What's Barking Soft Dog Treats - Serving, Texture, Daily Use",What's Barking,2026-08-13,2027-03-25,11.00%,722586.0,722586.0,27,800,false
"[B0BQBVV2PR, B0C1Z751S8, B0B593CKHR, B0B58Z7FMY, B0C1Z7TJXX, B0B591Z2S8, B0FK9QDNJB, B0BQBTK3K1, B0FK9RD789, B0BQBTL936, B0B5913784, B0B58Z5W3Y, B0FKB9RK5Y, B0BQBPZMVY, B0B58YMKBY, B0B592ZXQH, B0BQBWM8B6, B0BQBV9X7N, B0FK9HVTXC, B0C1Z5XBK5, B0C1Z7N2CN, B0B58XY5GK, B0FKB3W2KY, B0FKB9RK61, B0BQBTJYHL, B0B592CN9B, B0B591RCLJ, B0BQBVWZKS, B0C1ZB6B1H, B0C1Z5BM9L, B0BQBVP7SM, B0FK9YN969, B0B58ZDJ6R, B0C1Z6V3FS, B0BQBTM1YW, B0B59247ZB, B0B5919ZCY, B0BQBXZD1F, B0C1Z6LJ98, B0BQBV5PWG, B0BQBXDVST, B0C1Z88BZ6, B0FKB7FWSP, B0FK9YMDPX, B0B592DSSV, B0C1Z6KXXM, B0BQBV3PTW, B0C1Z54W4M, B0B59292ZQ, B0B596LM4C, B0FK9M3ZQ4, B0C1Z8BZD1, B0BQBVWQ4C, B0BQBW191T, B0FK9W39T5, B0B58VNTJ7, B0C1Z8PRJ9, B0C1Z764BM, B0C1Z9RS2P, B0FKB4PCML, B0B58XMSPC, B0C1Z9R8VT, B0C1ZBGGRR, B0C1Z9DQ8K, B0FK97HBDP, B0BQBRT1H1, B0B58XQBKG, B0FK9HRPV9, B0BQBV55JN, B0B592V2CP, B0FK9XK958, B0BQBTT4LY, B0BQBS4V2Z, B0BQBTZCQ6, B0FKB4QR62, B0B58YR23W, B0C1Z7F429, B0BQBVFVXL, B0C1Z8139M, B0BQBW8GPJ, B0B593NTS7, B0B59273JY, B0B5926V3T, B0FK9NQWTB, B0BQBV8M1R, B0BQBTFGTF, B0BQBSJZ8N, B0FK9JQ9X7, B0C1Z75K18, B0B591F1WT, B0B591CPV7, B0C1Z95GZP, B0B592K95H, B0FK9VN1MQ, B0C1ZB649F, B0C1Z8CRK3, B0BQDZRV1M, B0C1Z6ZLQM, B0FK92B5B6, B0BQBVS5ZS, B0B591S126, B0C1ZBSS7Z, B0FKB17WF5, B0BQBV9KRX, B0B5925SJG, B0C1Z7WB3Z, B0C1Z82XQZ, B0BQBS96KD, B0FK91X4ZN, B0C1Z9G7NG, B0C1Z8XBN6, B0B58ZV142, B0C1Z9JK3Y, B0B58YMJDM, B0BQBVNPW8, B0B591ST6B, B0B58ZBK4F, B0B591TLN6, B0FK9VLFBD, B0FK9W1L1R, B0C1Z6MMHF, B0C1Z7H5HF, B0C1Z99X9R, B0FK9GTXH7, B0C1Z9HLF7, B0B592TPRC, B0B58ZYG18, B0B58XSK28, B0B59366TX, B0BQBRWX89, B0C1Z78XH2, B0C1Z4YQKD, B0B592K17P, B0C1Z6SK9L, B0B58YCCVC, B0BQBT8ZF9, B0C1Z865K7, B0C1Z6M9XP, B0C1Z9M7WC, B0B58ZZFCM, B0FK9YQ53D, B0FKB3HRRL, B0C1Z7T3RN, B0BQBVYJLF, B0B591ZQ5K, B0FK99MYVF, B0FKB4C1KP, B0BQBTRQWW, B0B5917L3W, B0FK9NLBMQ]",amzn1.campaign.T7JDUADLDD42,G2K194,Coutgo,2026-08-13,2027-08-13,16.00%,10000.0,10000.0,0,800,false
[B0FWT7JS7L],amzn1.campaign.12K22OXWYZFKQ,The Only Supplement You Actually Need - B0FWT7JS7L,The Fittest Ever,2026-08-13,2026-11-13,25.00%,1000000.0,1000000.0,19,800,false
"[B0FDVVQ37J, B0FR49XY6R, B0FDW536N3, B0FR4CKLTJ, B0D7685YXJ, B0FDW72GSG, B0FR4BW88B, B0FDVF1PN2, B0D767N3NJ, B0FDWH1DXC, B0D766XGR3, B0D765M25M, B0D767LTBK, B0D768JL2M, B0DKXJ4D7T, B0FR3MPLT8, B0D765WFRR, B0FR3MPKQR, B0FR4C2STS, B0FDW5QPJ3, B0FDVXM7C7, B0D766XMHW, B0FR49MGM6, B0FR3MQ4DP, B0FR4BBZK9, B0FR4CNL2D, B0FR42M9DJ, B0D768H9TX, B0D767TVHB, B0D767PY9L, B0FR42FB1N, B0DKXD9SJ7, B0FDWB6RSL, B0D766YB9C, B0FR42L8HW, B0FR4D6KJY, B0D76641ZD, B0FDW76LGC, B0D767NB9T, B0D767VFRS, B0FR4CFYG8, B0D76811NX, B0FR3Z5M26, B0D766YC73, B0DKXPK87G, B0FR4BVHDL, B0FR3MP3LQ, B0D767STCZ, B0FR49YWT1, B0D76741WC, B0FR421XK1, B0DKXFX294, B0FR4HFQH6, B0FR4CBXPF, B0D767Y9CW, B0FR49QSFK, B0FR41M3GC, B0FR4D1BT2, B0D7673NWJ]",amzn1.campaign.1NPGEC4LAGTO1,Limited Time Deal: 🌸 Stylish Loose Pullover Collab -LW-M24TP0027,Glamaker,2026-08-16,2027-02-26,10.00%,5000.0,5000.0,15,800,false
"[B0FPHVNFFG, B0FBXV21VB]",amzn1.campaign.6BREHBFR15XB,"Routine Upgrade: Forward Farms Grass-Fed Tallow - Craving Test, No Script",Forward Farms,2026-08-13,2027-03-29,13.00%,740860.0,740860.0,0,800,false
"[B0BQBVV2PR, B0C1Z751S8, B0B593CKHR, B0B58Z7FMY, B0C1Z7TJXX, B0B591Z2S8, B0FK9QDNJB, B0BQBTK3K1, B0FK9RD789, B0BQBTL936, B0B5913784, B0B58Z5W3Y, B0FKB9RK5Y, B0BQBPZMVY, B0B58YMKBY, B0B592ZXQH, B0BQBWM8B6, B0BQBV9X7N, B0FK9HVTXC, B0C1Z5XBK5, B0C1Z7N2CN, B0B58XY5GK, B0FKB3W2KY, B0FKB9RK61, B0BQBTJYHL, B0B592CN9B, B0B591RCLJ, B0BQBVWZKS, B0C1ZB6B1H, B0C1Z5BM9L, B0BQBVP7SM, B0FK9YN969, B0B58ZDJ6R, B0C1Z6V3FS, B0BQBTM1YW, B0B59247ZB, B0B5919ZCY, B0BQBXZD1F, B0C1Z6LJ98, B0BQBV5PWG, B0BQBXDVST, B0C1Z88BZ6, B0FKB7FWSP, B0FK9YMDPX, B0B592DSSV, B0C1Z6KXXM, B0BQBV3PTW, B0C1Z54W4M, B0B59292ZQ, B0B596LM4C, B0FK9M3ZQ4, B0C1Z8BZD1, B0BQBVWQ4C, B0BQBW191T, B0FK9W39T5, B0B58VNTJ7, B0C1Z8PRJ9, B0C1Z764BM, B0C1Z9RS2P, B0FKB4PCML, B0B58XMSPC, B0C1Z9R8VT, B0C1ZBGGRR, B0C1Z9DQ8K, B0FK97HBDP, B0BQBRT1H1, B0B58XQBKG, B0FK9HRPV9, B0BQBV55JN, B0B592V2CP, B0FK9XK958, B0BQBTT4LY, B0BQBS4V2Z, B0BQBTZCQ6, B0FKB4QR62, B0B58YR23W, B0C1Z7F429, B0BQBVFVXL, B0C1Z8139M, B0BQBW8GPJ, B0B593NTS7, B0B59273JY, B0B5926V3T, B0FK9NQWTB, B0BQBV8M1R, B0BQBTFGTF, B0BQBSJZ8N, B0FK9JQ9X7, B0C1Z75K18, B0B591F1WT, B0B591CPV7, B0C1Z95GZP, B0B592K95H, B0FK9VN1MQ, B0C1ZB649F, B0C1Z8CRK3, B0BQDZRV1M, B0C1Z6ZLQM, B0FK92B5B6, B0BQBVS5ZS, B0B591S126, B0C1ZBSS7Z, B0FKB17WF5, B0BQBV9KRX, B0B5925SJG, B0C1Z7WB3Z, B0C1Z82XQZ, B0BQBS96KD, B0FK91X4ZN, B0C1Z9G7NG, B0C1Z8XBN6, B0B58ZV142, B0C1Z9JK3Y, B0B58YMJDM, B0BQBVNPW8, B0B591ST6B, B0B58ZBK4F, B0B591TLN6, B0FK9VLFBD, B0FK9W1L1R, B0C1Z6MMHF, B0C1Z7H5HF, B0C1Z99X9R, B0FK9GTXH7, B0C1Z9HLF7, B0B592TPRC, B0B58ZYG18, B0B58XSK28, B0B59366TX, B0BQBRWX89, B0C1Z78XH2, B0C1Z4YQKD, B0B592K17P, B0C1Z6SK9L, B0B58YCCVC, B0BQBT8ZF9, B0C1Z865K7, B0C1Z6M9XP, B0C1Z9M7WC, B0B58ZZFCM, B0FK9YQ53D, B0FKB3HRRL, B0C1Z7T3RN, B0BQBVYJLF, B0B591ZQ5K, B0FK99MYVF, B0FKB4C1KP, B0BQBTRQWW, B0B5917L3W, B0FK9NLBMQ]",amzn1.campaign.29NTRSTDKZQCN,G2K194,Coutgo,2026-08-13,2027-08-13,15.00%,10000.0,10000.0,0,800,false
"[B091MLSF82, B08CSTT8B7, B08DWJS48C, B09FJ44DHC, B0D3NRQ3WG, B08H7RJRYG, B08GY8HJZX, B08DWB5LWP, B00ICVHYSA, B0DJCCZDVZ, B09FJ6CQ1F, B08H8FQBP9, B09K91QLYL, B07KNBPZHS, B09K8ZR6H2, B09FJ5XZ2L, B08F4Y1JFS, B08H8KDBZM, B08DW49KN3, B09FJ4LZQS, B08DVZG2BM, B09FJ5GTM1, B097FDNF7D, B08H8KQ3GW, B09FJ5JS9X, B09FJ4PP3S, B091MDJ36L, B0DJ3FGJZV, B0DJ3G3NSZ, B0D3NMMZRT, B08H7M99TQ, B08H8N4KCH, B097FDQWKW, B08CSTCP62, B08GYGYGKQ, B08H87C4HM, B07KX825YR, B07KX7VS49, B07KX7C4Y7, B09FJ3WM29, B08GY18RSY, B09K8Z4Z15, B08GY6Y7R4, B0DJCDH17B, B09K96LY3P, B08HBX886G]",amzn1.campaign.1YBXD475JKNFX,Day-in-the-Life Test: Grinds Coffee Pouches - No-Script Sip Test,GRINDS,2026-08-13,2027-02-27,19.00%,592577.0,592577.0,12,800,false
[B09CWTQWWJ],amzn1.campaign.3OCAOADAG9C4G,Queen Mode Activated: Hormone & Energy Support - B09CWTQWWJ,The Fittest Ever,2026-08-13,2026-11-13,25.00%,1000000.0,1000000.0,32,800,false
"[B0BQBVV2PR, B0C1Z751S8, B0B593CKHR, B0B58Z7FMY, B0C1Z7TJXX, B0B591Z2S8, B0FK9QDNJB, B0BQBTK3K1, B0FK9RD789, B0BQBTL936, B0B5913784, B0B58Z5W3Y, B0FKB9RK5Y, B0BQBPZMVY, B0B58YMKBY, B0B592ZXQH, B0BQBWM8B6, B0BQBV9X7N, B0FK9HVTXC, B0C1Z5XBK5, B0C1Z7N2CN, B0B58XY5GK, B0FKB3W2KY, B0FKB9RK61, B0BQBTJYHL, B0B592CN9B, B0B591RCLJ, B0BQBVWZKS, B0C1ZB6B1H, B0C1Z5BM9L, B0BQBVP7SM, B0FK9YN969, B0B58ZDJ6R, B0C1Z6V3FS, B0BQBTM1YW, B0B59247ZB, B0B5919ZCY, B0BQBXZD1F, B0C1Z6LJ98, B0BQBV5PWG, B0BQBXDVST, B0C1Z88BZ6, B0FKB7FWSP, B0FK9YMDPX, B0B592DSSV, B0C1Z6KXXM, B0BQBV3PTW, B0C1Z54W4M, B0B59292ZQ, B0B596LM4C, B0FK9M3ZQ4, B0C1Z8BZD1, B0BQBVWQ4C, B0BQBW191T, B0FK9W39T5, B0B58VNTJ7, B0C1Z8PRJ9, B0C1Z764BM, B0C1Z9RS2P, B0FKB4PCML, B0B58XMSPC, B0C1Z9R8VT, B0C1ZBGGRR, B0C1Z9DQ8K, B0FK97HBDP, B0BQBRT1H1, B0B58XQBKG, B0FK9HRPV9, B0BQBV55JN, B0B592V2CP, B0FK9XK958, B0BQBTT4LY, B0BQBS4V2Z, B0BQBTZCQ6, B0FKB4QR62, B0B58YR23W, B0C1Z7F429, B0BQBVFVXL, B0C1Z8139M, B0BQBW8GPJ, B0B593NTS7, B0B59273JY, B0B5926V3T, B0FK9NQWTB, B0BQBV8M1R, B0BQBTFGTF, B0BQBSJZ8N, B0FK9JQ9X7, B0C1Z75K18, B0B591F1WT, B0B591CPV7, B0C1Z95GZP, B0B592K95H, B0FK9VN1MQ, B0C1ZB649F, B0C1Z8CRK3, B0BQDZRV1M, B0C1Z6ZLQM, B0FK92B5B6, B0BQBVS5ZS, B0B591S126, B0C1ZBSS7Z, B0FKB17WF5, B0BQBV9KRX, B0B5925SJG, B0C1Z7WB3Z, B0C1Z82XQZ, B0BQBS96KD, B0FK91X4ZN, B0C1Z9G7NG, B0C1Z8XBN6, B0B58ZV142, B0C1Z9JK3Y, B0B58YMJDM, B0BQBVNPW8, B0B591ST6B, B0B58ZBK4F, B0B591TLN6, B0FK9VLFBD, B0FK9W1L1R, B0C1Z6MMHF, B0C1Z7H5HF, B0C1Z99X9R, B0FK9GTXH7, B0C1Z9HLF7, B0B592TPRC, B0B58ZYG18, B0B58XSK28, B0B59366TX, B0BQBRWX89, B0C1Z78XH2, B0C1Z4YQKD, B0B592K17P, B0C1Z6SK9L, B0B58YCCVC, B0BQBT8ZF9, B0C1Z865K7, B0C1Z6M9XP, B0C1Z9M7WC, B0B58ZZFCM, B0FK9YQ53D, B0FKB3HRRL, B0C1Z7T3RN, B0BQBVYJLF, B0B591ZQ5K, B0FK99MYVF, B0FKB4C1KP, B0BQBTRQWW, B0B5917L3W, B0FK9NLBMQ]",amzn1.campaign.3Q2DDMU2R90KD,G2K194,Coutgo,2026-08-13,2027-08-13,14.00%,10000.0,10000.0,1,800,false
[B0H4Z6B4Y6],amzn1.campaign.VZD9S814ZTJ0,OSTMEKT Medical adhesive spray,Ostmekt,2026-08-13,2027-01-31,15.00%,5000.0,4991.0,33,800,false
"[B0GQ7G16YV, B0GQ5ZFLHV, B0GQ63F439]",amzn1.campaign.2C2XY78EYLPWV,10% Commission – Small Frame Polarized Sunglasses (6220-26-65),TJUTR,2026-09-09,2027-09-09,10.00%,5000.0,5000.0,38,800,false
[B0FVMKKRNY],amzn1.campaign.1CG6SBO6XJVRX,Plaque Disclosing Tablets | Grape Pack of 48 - Home Care - B0FVMKKRNY - 10%,JJ CARE,2026-08-13,2026-11-13,10.00%,5000.0,5000.0,31,800,false
"[B0D6YGTZ65, B0D6YCWNJB, B0D6YHSW4Z, B0D6Y9JZSD, B0D6YC928G, B0D6YFDW1Q]",amzn1.campaign.DSXQM3NZT7OW,WYOX Brand Awareness Campaign -knuckle guard,WYOX,2026-08-13,2026-09-30,15.00%,500000.0,500000.0,34,800,false
[B0GXTJRZ5V],amzn1.campaign.3HJ29Y8MHVWRO,Zessfit Golf Chipping Game Set,Zessfit,2026-08-13,2026-10-31,20.00%,5000.0,4982.6,26,800,false
[B0G6DB5BVP],amzn1.campaign.1IW6NQ0AENG19,MELSYLODY Insulin Fridge Holder Storage Case;Commission: 10%;20260811,MELSYLODY,2026-08-13,2026-12-31,10.00%,5000.0,4995.1,24,800,false
"[B0H6LHFTBM, B0H6L95HLW, B0FGMT8ZJJ, B0H6L1X2T6, B0GWM5MTNS]",amzn1.campaign.Z2811HT4VT4Y,Waterproof Removable Write-on Color Border Labels for Home School Office Daycare,OWMYOWL,2026-08-13,2027-08-13,20.00%,5000.0,4893.11,18,800,false
"[B0H98S9Q38, B0GD73JGPV, B0DYD8QB53, B0H98VQYQW, B0H98VTYQ7, B0F997K7PF, B0H98VQCVK, B0D4TJ2M8Y, B0H993DXTH, B0H98Y2GP3, B0GXZ3KXNZ, B0GT961QG1, B0H98TT6K4, B0D9XFRVHH, B0DJLLRCLX, B0D9XZ6T6K, B0H98WWLB4, B0H98TT6K7, B0CYPD5GND, B0F997SYD1, B0H98Y7JW9, B0H98V9ZT3, B0GXYNX6SQ, B0H98TR9F9, B0GXYW2TWS, B0DQXCWMM9, B0D9XPYT43, B0DYCXF1GG, B0H991KXNF, B0D9XLMS45, B0F1CHY49W, B0F9DLPNZN, B0H98X3H1R, B0H98TMT1F, B0D9XVW15W, B0CYPF8J2T, B0DJLMH11J, B0H98QZ3X7, B0H98WTWYY, B0H991RKWL, B0G2S2DVPR, B0CZQQTZ5Q, B0H99271XK, B0F99829D2, B0H98NQGQB, B0GXYXSN78, B0DG8FQLP5, B0H995KLBR, B0DK5C1C58, B0H98VN873, B0DJLMCQS6, B0H98VN875, B0CZQT9Z6F, B0H98S87DR, B0H98TSLJW, B0F996FR4P, B0H9923QZQ, B0H36PFLY1, B0F1CJ239H, B0GXYVCHJ5, B0H98T6GXK, B0H98Z74LS, B0H9968RSK, B0H98PY27L, B0DJLKR1NB, B0D9XB8VTJ, B0H98RPYVJ, B0H98VBHCD, B0D9Y1H775, B0DQXHL5W5, B0GXYT4775, B0DJLMR43X, B0H991W92L, B0DQXBTQP8, B0H98SCWTV, B0H98QLPTC, B0GXYT4776, B0DJLMB2Y1, B0F9DM58PN, B0DQX78NWQ, B0GXYXTFSL, B0DJLMPD94, B0H98XZN6Z, B0H98SCWTL, B0H991VYM4, B0DJLLJVKC, B0F1CJZ3J6, B0F2SKZMMM, B0H98Q1YFL, B0DG8FSDXF, B0CYPGKQJW, B0CZQQD7NJ, B0GXYSTBYF, B0H98Y94YD, B0DG8BC8MR, B0DG8FP9BP, B0H98K6HL1, B0DJLL3RQR, B0H98QPZ3Z, B0F995XX4X, B0H36M764H, B0F9DT3KQR, B0H98TKWC7, B0H98X9FWS, B0DYDBYQBN, B0D4TBN2RD, B0CYPG4983, B0F99BQYWD, B0DJLMLBTT, B0D4TJ7CRS, B0H98YB184, B0H98YMFHF, B0D3GZNMJL, B0H98XCYWH, B0H991JJYT, B0F997VCTS, B0DG8DMR2W, B0GXYYBWSG, B0GXYYZMH9, B0D9MDV9MZ, B0F2SDWPZS, B0F995XX52, B0H98YH4CT, B0F1CHFZZC, B0DJLMYX7Z, B0H98VTKJT, B0GXZ3PM54, B0F9946VBJ, B0G2RMMS9K, B0F99DCYVW, B0H9925NC4, B0DJLL6XDT, B0H98ZD3HY, B0H98ZZSZW, B0CYPBW1SX, B0CZQRC7SY, B0GXYTX4P6, B0H9929K8H, B0DJLM6WYM, B0H98VGJL7, B0GD6YG9BL, B0H98R3LDR, B0GXYYK9ZY, B0DQXCY3WS, B0GT9BHFM2, B0H98YTRZS, B0H98XNLTN, B0DQXCZ455, B0H98R5122, B0CZQSCZ11, B0H98Y71P5, B0H98WBL1J, B0GXYTZTZ7, B0H98R36RF, B0H98VB3MQ, B0H98NVB39, B0H98XT42C, B0H98STQBC, B0GXYV979M, B0F2SL91HW, B0GXYRK2TZ, B0H993SZC6, B0H98ZWMHR, B0H995BF3Y, B0H98W88R6, B0H99BJFJP, B0DG8FQS7F, B0FL6MWZ73, B0G2S1CJ5G, B0F2S4VZ4V, B0H98VVVY7, B0D9X948XX, B0H1WT6L4Y, B0H98LXQ4B, B0H98R3WTS, B0H98Z4QR8, B0H98YTLLZ, B0H98P6Z1H, B0D3H2V14Z]",amzn1.campaign.2859EN4Q8LGMR,Boho Washable NonSlip LowPile Rug Creator Promo-2026/08/11,BESBLEE,2026-08-13,2026-11-20,10.00%,5000.0,5000.0,36,800,false
[B09CWC2H6X],amzn1.campaign.1XPZT7IAWSH4Z,Train Hard. Recover Strong. Perform Like Never Before. - B09CWC2H6X,The Fittest Ever,2026-08-13,2026-11-13,25.00%,1000000.0,1000000.0,27,800,false
[B09V5MTXJS],amzn1.campaign.1SQOHMT97WVJT,Upgrade Your Protein. Upgrade Your Performance. - B09V5MTXJS,The Fittest Ever,2026-08-13,2026-11-13,25.00%,1000000.0,1000000.0,26,800,false
"[B09Q4Q4XFH, B09RTS11KK, B0BV1C73PX, B08X4X3ZZ9, B0B3Q7GNSV]",amzn1.campaign.73H3HRRNG3DN,Routine Upgrade: Hume Desert Bloom Deodorant - Texture and Application,HUME SUPERNATURAL,2026-08-13,2027-04-30,20.00%,602165.0,602165.0,10,800,false
"[B0H98S9Q38, B0GD73JGPV, B0DYD8QB53, B0H98VQYQW, B0H98VTYQ7, B0F997K7PF, B0H98VQCVK, B0D4TJ2M8Y, B0H993DXTH, B0H98Y2GP3, B0GXZ3KXNZ, B0GT961QG1, B0H98TT6K4, B0D9XFRVHH, B0DJLLRCLX, B0D9XZ6T6K, B0H98WWLB4, B0H98TT6K7, B0CYPD5GND, B0F997SYD1, B0H98Y7JW9, B0H98V9ZT3, B0GXYNX6SQ, B0H98TR9F9, B0GXYW2TWS, B0DQXCWMM9, B0D9XPYT43, B0DYCXF1GG, B0H991KXNF, B0D9XLMS45, B0F1CHY49W, B0F9DLPNZN, B0H98X3H1R, B0H98TMT1F, B0D9XVW15W, B0CYPF8J2T, B0DJLMH11J, B0H98QZ3X7, B0H98WTWYY, B0H991RKWL, B0G2S2DVPR, B0CZQQTZ5Q, B0H99271XK, B0F99829D2, B0H98NQGQB, B0GXYXSN78, B0DG8FQLP5, B0H995KLBR, B0DK5C1C58, B0H98VN873, B0DJLMCQS6, B0H98VN875, B0CZQT9Z6F, B0H98S87DR, B0H98TSLJW, B0F996FR4P, B0H9923QZQ, B0H36PFLY1, B0F1CJ239H, B0GXYVCHJ5, B0H98T6GXK, B0H98Z74LS, B0H9968RSK, B0H98PY27L, B0DJLKR1NB, B0D9XB8VTJ, B0H98RPYVJ, B0H98VBHCD, B0D9Y1H775, B0DQXHL5W5, B0GXYT4775, B0DJLMR43X, B0H991W92L, B0DQXBTQP8, B0H98SCWTV, B0H98QLPTC, B0GXYT4776, B0DJLMB2Y1, B0F9DM58PN, B0DQX78NWQ, B0GXYXTFSL, B0DJLMPD94, B0H98XZN6Z, B0H98SCWTL, B0H991VYM4, B0DJLLJVKC, B0F1CJZ3J6, B0F2SKZMMM, B0H98Q1YFL, B0DG8FSDXF, B0CYPGKQJW, B0CZQQD7NJ, B0GXYSTBYF, B0H98Y94YD, B0DG8BC8MR, B0DG8FP9BP, B0H98K6HL1, B0DJLL3RQR, B0H98QPZ3Z, B0F995XX4X, B0H36M764H, B0F9DT3KQR, B0H98TKWC7, B0H98X9FWS, B0DYDBYQBN, B0D4TBN2RD, B0CYPG4983, B0F99BQYWD, B0DJLMLBTT, B0D4TJ7CRS, B0H98YB184, B0H98YMFHF, B0D3GZNMJL, B0H98XCYWH, B0H991JJYT, B0F997VCTS, B0DG8DMR2W, B0GXYYBWSG, B0GXYYZMH9, B0D9MDV9MZ, B0F2SDWPZS, B0F995XX52, B0H98YH4CT, B0F1CHFZZC, B0DJLMYX7Z, B0H98VTKJT, B0GXZ3PM54, B0F9946VBJ, B0G2RMMS9K, B0F99DCYVW, B0H9925NC4, B0DJLL6XDT, B0H98ZD3HY, B0H98ZZSZW, B0CYPBW1SX, B0CZQRC7SY, B0GXYTX4P6, B0H9929K8H, B0DJLM6WYM, B0H98VGJL7, B0GD6YG9BL, B0H98R3LDR, B0GXYYK9ZY, B0DQXCY3WS, B0GT9BHFM2, B0H98YTRZS, B0H98XNLTN, B0DQXCZ455, B0H98R5122, B0CZQSCZ11, B0H98Y71P5, B0H98WBL1J, B0GXYTZTZ7, B0H98R36RF, B0H98VB3MQ, B0H98NVB39, B0H98XT42C, B0H98STQBC, B0GXYV979M, B0F2SL91HW, B0GXYRK2TZ, B0H993SZC6, B0H98ZWMHR, B0H995BF3Y, B0H98W88R6, B0H99BJFJP, B0DG8FQS7F, B0FL6MWZ73, B0G2S1CJ5G, B0F2S4VZ4V, B0H98VVVY7, B0D9X948XX, B0H1WT6L4Y, B0H98LXQ4B, B0H98R3WTS, B0H98Z4QR8, B0H98YTLLZ, B0H98P6Z1H, B0D3H2V14Z]",amzn1.campaign.1INUX5XMSB84R,Boho Washable NonSlip LowPile Rug Creator Promo-2026/08/11,BESBLEE,2026-08-13,2026-11-19,10.00%,5000.0,5000.0,41,800,false
"[B0DGJ4SFW4, B0FR9Q83SD, B0BG48F1CK, B0CJ7V934N, B0FQFL2C9J, B0FRCF5GHM, B0BG48855N, B0FQFTQ97C, B0FRB6HNTQ, B0FQFBWKCM]",amzn1.campaign.2BZROTL9UMKX4,Top Selling Atomic Slim iPhone 17 Pro Max MagSafe Case Prismatic B0FQFPCN83 -20%,Ghostek,2026-08-18,2027-08-15,20.00%,100000.0,100000.0,12,800,false
"[B0DWDKKR4T, B0DWF3XL65]",amzn1.campaign.3UZ88S21WBWZW,** Great Deal! Swivel Bar Stools with Olefin Rope Backrest 🍹 -ZH-WKS **,Cozyman,2026-08-15,2026-10-06,10.00%,5000.0,5000.0,53,800,false
[B09V5PYHV8],amzn1.campaign.3B02XOZBN159D,Eat Like Strength Was Built In - B09V5PYHV8,The Fittest Ever,2026-08-13,2026-11-13,25.00%,1000000.0,999985.6,23,800,false
"[B0FDVVQ37J, B0FR49XY6R, B0FDW536N3, B0FR4CKLTJ, B0D7685YXJ, B0FDW72GSG, B0FR4BW88B, B0FDVF1PN2, B0D767N3NJ, B0FDWH1DXC, B0D766XGR3, B0D765M25M, B0D767LTBK, B0D768JL2M, B0DKXJ4D7T, B0FR3MPLT8, B0D765WFRR, B0FR3MPKQR, B0FR4C2STS, B0FDW5QPJ3, B0FDVXM7C7, B0D766XMHW, B0FR49MGM6, B0FR3MQ4DP, B0FR4BBZK9, B0FR4CNL2D, B0FR42M9DJ, B0D768H9TX, B0D767TVHB, B0D767PY9L, B0FR42FB1N, B0DKXD9SJ7, B0FDWB6RSL, B0D766YB9C, B0FR42L8HW, B0FR4D6KJY, B0D76641ZD, B0FDW76LGC, B0D767NB9T, B0D767VFRS, B0FR4CFYG8, B0D76811NX, B0FR3Z5M26, B0D766YC73, B0DKXPK87G, B0FR4BVHDL, B0FR3MP3LQ, B0D767STCZ, B0FR49YWT1, B0D76741WC, B0FR421XK1, B0DKXFX294, B0FR4HFQH6, B0FR4CBXPF, B0D767Y9CW, B0FR49QSFK, B0FR41M3GC, B0FR4D1BT2, B0D7673NWJ]",amzn1.campaign.ZXDK10K4N6M7,Great Deal: ✨ Cozy Drapey Sweatshirt Collab -LW-M24TP0027,Glamaker,2026-08-16,2026-11-24,10.00%,5000.0,5000.0,20,800,false
"[B0BQBVV2PR, B0C1Z751S8, B0B593CKHR, B0B58Z7FMY, B0C1Z7TJXX, B0B591Z2S8, B0FK9QDNJB, B0BQBTK3K1, B0FK9RD789, B0BQBTL936, B0B5913784, B0B58Z5W3Y, B0FKB9RK5Y, B0BQBPZMVY, B0B58YMKBY, B0B592ZXQH, B0BQBWM8B6, B0BQBV9X7N, B0FK9HVTXC, B0C1Z5XBK5, B0C1Z7N2CN, B0B58XY5GK, B0FKB3W2KY, B0FKB9RK61, B0BQBTJYHL, B0B592CN9B, B0B591RCLJ, B0BQBVWZKS, B0C1ZB6B1H, B0C1Z5BM9L, B0BQBVP7SM, B0FK9YN969, B0B58ZDJ6R, B0C1Z6V3FS, B0BQBTM1YW, B0B59247ZB, B0B5919ZCY, B0BQBXZD1F, B0C1Z6LJ98, B0BQBV5PWG, B0BQBXDVST, B0C1Z88BZ6, B0FKB7FWSP, B0FK9YMDPX, B0B592DSSV, B0C1Z6KXXM, B0BQBV3PTW, B0C1Z54W4M, B0B59292ZQ, B0B596LM4C, B0FK9M3ZQ4, B0C1Z8BZD1, B0BQBVWQ4C, B0BQBW191T, B0FK9W39T5, B0B58VNTJ7, B0C1Z8PRJ9, B0C1Z764BM, B0C1Z9RS2P, B0FKB4PCML, B0B58XMSPC, B0C1Z9R8VT, B0C1ZBGGRR, B0C1Z9DQ8K, B0FK97HBDP, B0BQBRT1H1, B0B58XQBKG, B0FK9HRPV9, B0BQBV55JN, B0B592V2CP, B0FK9XK958, B0BQBTT4LY, B0BQBS4V2Z, B0BQBTZCQ6, B0FKB4QR62, B0B58YR23W, B0C1Z7F429, B0BQBVFVXL, B0C1Z8139M, B0BQBW8GPJ, B0B593NTS7, B0B59273JY, B0B5926V3T, B0FK9NQWTB, B0BQBV8M1R, B0BQBTFGTF, B0BQBSJZ8N, B0FK9JQ9X7, B0C1Z75K18, B0B591F1WT, B0B591CPV7, B0C1Z95GZP, B0B592K95H, B0FK9VN1MQ, B0C1ZB649F, B0C1Z8CRK3, B0BQDZRV1M, B0C1Z6ZLQM, B0FK92B5B6, B0BQBVS5ZS, B0B591S126, B0C1ZBSS7Z, B0FKB17WF5, B0BQBV9KRX, B0B5925SJG, B0C1Z7WB3Z, B0C1Z82XQZ, B0BQBS96KD, B0FK91X4ZN, B0C1Z9G7NG, B0C1Z8XBN6, B0B58ZV142, B0C1Z9JK3Y, B0B58YMJDM, B0BQBVNPW8, B0B591ST6B, B0B58ZBK4F, B0B591TLN6, B0FK9VLFBD, B0FK9W1L1R, B0C1Z6MMHF, B0C1Z7H5HF, B0C1Z99X9R, B0FK9GTXH7, B0C1Z9HLF7, B0B592TPRC, B0B58ZYG18, B0B58XSK28, B0B59366TX, B0BQBRWX89, B0C1Z78XH2, B0C1Z4YQKD, B0B592K17P, B0C1Z6SK9L, B0B58YCCVC, B0BQBT8ZF9, B0C1Z865K7, B0C1Z6M9XP, B0C1Z9M7WC, B0B58ZZFCM, B0FK9YQ53D, B0FKB3HRRL, B0C1Z7T3RN, B0BQBVYJLF, B0B591ZQ5K, B0FK99MYVF, B0FKB4C1KP, B0BQBTRQWW, B0B5917L3W, B0FK9NLBMQ]",amzn1.campaign.2453OMLS9UY9T,G2K194,Coutgo,2026-08-13,2027-08-13,13.00%,10000.0,10000.0,0,800,false
"[B0BQBVV2PR, B0C1Z751S8, B0B593CKHR, B0B58Z7FMY, B0C1Z7TJXX, B0B591Z2S8, B0FK9QDNJB, B0BQBTK3K1, B0FK9RD789, B0BQBTL936, B0B5913784, B0B58Z5W3Y, B0FKB9RK5Y, B0BQBPZMVY, B0B58YMKBY, B0B592ZXQH, B0BQBWM8B6, B0BQBV9X7N, B0FK9HVTXC, B0C1Z5XBK5, B0C1Z7N2CN, B0B58XY5GK, B0FKB3W2KY, B0FKB9RK61, B0BQBTJYHL, B0B592CN9B, B0B591RCLJ, B0BQBVWZKS, B0C1ZB6B1H, B0C1Z5BM9L, B0BQBVP7SM, B0FK9YN969, B0B58ZDJ6R, B0C1Z6V3FS, B0BQBTM1YW, B0B59247ZB, B0B5919ZCY, B0BQBXZD1F, B0C1Z6LJ98, B0BQBV5PWG, B0BQBXDVST, B0C1Z88BZ6, B0FKB7FWSP, B0FK9YMDPX, B0B592DSSV, B0C1Z6KXXM, B0BQBV3PTW, B0C1Z54W4M, B0B59292ZQ, B0B596LM4C, B0FK9M3ZQ4, B0C1Z8BZD1, B0BQBVWQ4C, B0BQBW191T, B0FK9W39T5, B0B58VNTJ7, B0C1Z8PRJ9, B0C1Z764BM, B0C1Z9RS2P, B0FKB4PCML, B0B58XMSPC, B0C1Z9R8VT, B0C1ZBGGRR, B0C1Z9DQ8K, B0FK97HBDP, B0BQBRT1H1, B0B58XQBKG, B0FK9HRPV9, B0BQBV55JN, B0B592V2CP, B0FK9XK958, B0BQBTT4LY, B0BQBS4V2Z, B0BQBTZCQ6, B0FKB4QR62, B0B58YR23W, B0C1Z7F429, B0BQBVFVXL, B0C1Z8139M, B0BQBW8GPJ, B0B593NTS7, B0B59273JY, B0B5926V3T, B0FK9NQWTB, B0BQBV8M1R, B0BQBTFGTF, B0BQBSJZ8N, B0FK9JQ9X7, B0C1Z75K18, B0B591F1WT, B0B591CPV7, B0C1Z95GZP, B0B592K95H, B0FK9VN1MQ, B0C1ZB649F, B0C1Z8CRK3, B0BQDZRV1M, B0C1Z6ZLQM, B0FK92B5B6, B0BQBVS5ZS, B0B591S126, B0C1ZBSS7Z, B0FKB17WF5, B0BQBV9KRX, B0B5925SJG, B0C1Z7WB3Z, B0C1Z82XQZ, B0BQBS96KD, B0FK91X4ZN, B0C1Z9G7NG, B0C1Z8XBN6, B0B58ZV142, B0C1Z9JK3Y, B0B58YMJDM, B0BQBVNPW8, B0B591ST6B, B0B58ZBK4F, B0B591TLN6, B0FK9VLFBD, B0FK9W1L1R, B0C1Z6MMHF, B0C1Z7H5HF, B0C1Z99X9R, B0FK9GTXH7, B0C1Z9HLF7, B0B592TPRC, B0B58ZYG18, B0B58XSK28, B0B59366TX, B0BQBRWX89, B0C1Z78XH2, B0C1Z4YQKD, B0B592K17P, B0C1Z6SK9L, B0B58YCCVC, B0BQBT8ZF9, B0C1Z865K7, B0C1Z6M9XP, B0C1Z9M7WC, B0B58ZZFCM, B0FK9YQ53D, B0FKB3HRRL, B0C1Z7T3RN, B0BQBVYJLF, B0B591ZQ5K, B0FK99MYVF, B0FKB4C1KP, B0BQBTRQWW, B0B5917L3W, B0FK9NLBMQ]",amzn1.campaign.1DSLLTDZVOCUY,G2K194,Coutgo,2026-08-13,2027-08-13,12.00%,10000.0,10000.0,0,800,false
"[B0CC3R3T3Y, B0F1ZYQHHG, B0C547CP7K, B0CC45KB4N]",amzn1.campaign.12LYYUASU489D,Routine Upgrade: Perfy Better-For-You Soda - Fit for a Busy Routine,PERFY,2026-08-13,2027-03-26,11.50%,726622.0,726622.0,45,800,false
[B0FVMKKCCP],amzn1.campaign.3B41FQX57XOJU,Plaque Disclosing Tablets | Grape Pack of 192 - Home Care - B0FVMKKCCP - 10%,JJ CARE,2026-08-13,2026-11-13,10.00%,5000.0,5000.0,44,800,false
"[B0H98S9Q38, B0GD73JGPV, B0DYD8QB53, B0H98VQYQW, B0H98VTYQ7, B0F997K7PF, B0H98VQCVK, B0D4TJ2M8Y, B0H993DXTH, B0H98Y2GP3, B0GXZ3KXNZ, B0GT961QG1, B0H98TT6K4, B0D9XFRVHH, B0DJLLRCLX, B0D9XZ6T6K, B0H98WWLB4, B0H98TT6K7, B0CYPD5GND, B0F997SYD1, B0H98Y7JW9, B0H98V9ZT3, B0GXYNX6SQ, B0H98TR9F9, B0GXYW2TWS, B0DQXCWMM9, B0D9XPYT43, B0DYCXF1GG, B0H991KXNF, B0D9XLMS45, B0F1CHY49W, B0F9DLPNZN, B0H98X3H1R, B0H98TMT1F, B0D9XVW15W, B0CYPF8J2T, B0DJLMH11J, B0H98QZ3X7, B0H98WTWYY, B0H991RKWL, B0G2S2DVPR, B0CZQQTZ5Q, B0H99271XK, B0F99829D2, B0H98NQGQB, B0GXYXSN78, B0DG8FQLP5, B0H995KLBR, B0DK5C1C58, B0H98VN873, B0DJLMCQS6, B0H98VN875, B0CZQT9Z6F, B0H98S87DR, B0H98TSLJW, B0F996FR4P, B0H9923QZQ, B0H36PFLY1, B0F1CJ239H, B0GXYVCHJ5, B0H98T6GXK, B0H98Z74LS, B0H9968RSK, B0H98PY27L, B0DJLKR1NB, B0D9XB8VTJ, B0H98RPYVJ, B0H98VBHCD, B0D9Y1H775, B0DQXHL5W5, B0GXYT4775, B0DJLMR43X, B0H991W92L, B0DQXBTQP8, B0H98SCWTV, B0H98QLPTC, B0GXYT4776, B0DJLMB2Y1, B0F9DM58PN, B0DQX78NWQ, B0GXYXTFSL, B0DJLMPD94, B0H98XZN6Z, B0H98SCWTL, B0H991VYM4, B0DJLLJVKC, B0F1CJZ3J6, B0F2SKZMMM, B0H98Q1YFL, B0DG8FSDXF, B0CYPGKQJW, B0CZQQD7NJ, B0GXYSTBYF, B0H98Y94YD, B0DG8BC8MR, B0DG8FP9BP, B0H98K6HL1, B0DJLL3RQR, B0H98QPZ3Z, B0F995XX4X, B0H36M764H, B0F9DT3KQR, B0H98TKWC7, B0H98X9FWS, B0DYDBYQBN, B0D4TBN2RD, B0CYPG4983, B0F99BQYWD, B0DJLMLBTT, B0D4TJ7CRS, B0H98YB184, B0H98YMFHF, B0D3GZNMJL, B0H98XCYWH, B0H991JJYT, B0F997VCTS, B0DG8DMR2W, B0GXYYBWSG, B0GXYYZMH9, B0D9MDV9MZ, B0F2SDWPZS, B0F995XX52, B0H98YH4CT, B0F1CHFZZC, B0DJLMYX7Z, B0H98VTKJT, B0GXZ3PM54, B0F9946VBJ, B0G2RMMS9K, B0F99DCYVW, B0H9925NC4, B0DJLL6XDT, B0H98ZD3HY, B0H98ZZSZW, B0CYPBW1SX, B0CZQRC7SY, B0GXYTX4P6, B0H9929K8H, B0DJLM6WYM, B0H98VGJL7, B0GD6YG9BL, B0H98R3LDR, B0GXYYK9ZY, B0DQXCY3WS, B0GT9BHFM2, B0H98YTRZS, B0H98XNLTN, B0DQXCZ455, B0H98R5122, B0CZQSCZ11, B0H98Y71P5, B0H98WBL1J, B0GXYTZTZ7, B0H98R36RF, B0H98VB3MQ, B0H98NVB39, B0H98XT42C, B0H98STQBC, B0GXYV979M, B0F2SL91HW, B0GXYRK2TZ, B0H993SZC6, B0H98ZWMHR, B0H995BF3Y, B0H98W88R6, B0H99BJFJP, B0DG8FQS7F, B0FL6MWZ73, B0G2S1CJ5G, B0F2S4VZ4V, B0H98VVVY7, B0D9X948XX, B0H1WT6L4Y, B0H98LXQ4B, B0H98R3WTS, B0H98Z4QR8, B0H98YTLLZ, B0H98P6Z1H, B0D3H2V14Z]",amzn1.campaign.3A85QI8P7ZWCL,Boho Washable NonSlip LowPile Rug Creator Promo-2026/08/11,BESBLEE,2026-08-13,2026-11-18,10.00%,5000.0,5000.0,47,800,false
"[B0BQBVV2PR, B0C1Z751S8, B0B593CKHR, B0B58Z7FMY, B0C1Z7TJXX, B0B591Z2S8, B0FK9QDNJB, B0BQBTK3K1, B0FK9RD789, B0BQBTL936, B0B5913784, B0B58Z5W3Y, B0FKB9RK5Y, B0BQBPZMVY, B0B58YMKBY, B0B592ZXQH, B0BQBWM8B6, B0BQBV9X7N, B0FK9HVTXC, B0C1Z5XBK5, B0C1Z7N2CN, B0B58XY5GK, B0FKB3W2KY, B0FKB9RK61, B0BQBTJYHL, B0B592CN9B, B0B591RCLJ, B0BQBVWZKS, B0C1ZB6B1H, B0C1Z5BM9L, B0BQBVP7SM, B0FK9YN969, B0B58ZDJ6R, B0C1Z6V3FS, B0BQBTM1YW, B0B59247ZB, B0B5919ZCY, B0BQBXZD1F, B0C1Z6LJ98, B0BQBV5PWG, B0BQBXDVST, B0C1Z88BZ6, B0FKB7FWSP, B0FK9YMDPX, B0B592DSSV, B0C1Z6KXXM, B0BQBV3PTW, B0C1Z54W4M, B0B59292ZQ, B0B596LM4C, B0FK9M3ZQ4, B0C1Z8BZD1, B0BQBVWQ4C, B0BQBW191T, B0FK9W39T5, B0B58VNTJ7, B0C1Z8PRJ9, B0C1Z764BM, B0C1Z9RS2P, B0FKB4PCML, B0B58XMSPC, B0C1Z9R8VT, B0C1ZBGGRR, B0C1Z9DQ8K, B0FK97HBDP, B0BQBRT1H1, B0B58XQBKG, B0FK9HRPV9, B0BQBV55JN, B0B592V2CP, B0FK9XK958, B0BQBTT4LY, B0BQBS4V2Z, B0BQBTZCQ6, B0FKB4QR62, B0B58YR23W, B0C1Z7F429, B0BQBVFVXL, B0C1Z8139M, B0BQBW8GPJ, B0B593NTS7, B0B59273JY, B0B5926V3T, B0FK9NQWTB, B0BQBV8M1R, B0BQBTFGTF, B0BQBSJZ8N, B0FK9JQ9X7, B0C1Z75K18, B0B591F1WT, B0B591CPV7, B0C1Z95GZP, B0B592K95H, B0FK9VN1MQ, B0C1ZB649F, B0C1Z8CRK3, B0BQDZRV1M, B0C1Z6ZLQM, B0FK92B5B6, B0BQBVS5ZS, B0B591S126, B0C1ZBSS7Z, B0FKB17WF5, B0BQBV9KRX, B0B5925SJG, B0C1Z7WB3Z, B0C1Z82XQZ, B0BQBS96KD, B0FK91X4ZN, B0C1Z9G7NG, B0C1Z8XBN6, B0B58ZV142, B0C1Z9JK3Y, B0B58YMJDM, B0BQBVNPW8, B0B591ST6B, B0B58ZBK4F, B0B591TLN6, B0FK9VLFBD, B0FK9W1L1R, B0C1Z6MMHF, B0C1Z7H5HF, B0C1Z99X9R, B0FK9GTXH7, B0C1Z9HLF7, B0B592TPRC, B0B58ZYG18, B0B58XSK28, B0B59366TX, B0BQBRWX89, B0C1Z78XH2, B0C1Z4YQKD, B0B592K17P, B0C1Z6SK9L, B0B58YCCVC, B0BQBT8ZF9, B0C1Z865K7, B0C1Z6M9XP, B0C1Z9M7WC, B0B58ZZFCM, B0FK9YQ53D, B0FKB3HRRL, B0C1Z7T3RN, B0BQBVYJLF, B0B591ZQ5K, B0FK99MYVF, B0FKB4C1KP, B0BQBTRQWW, B0B5917L3W, B0FK9NLBMQ]",amzn1.campaign.2DMQALRQEHGFF,G2K194,Coutgo,2026-08-13,2027-08-13,11.00%,10000.0,10000.0,0,800,false
"[B0DWDKKR4T, B0DWF3XL65]",amzn1.campaign.2BSSNNRTTUAJ3,** Limited Time Deal! Boho Wicker Swivel Bar Stools 🏖️ -ZH-WKS **,Cozyman,2026-08-15,2026-10-05,10.00%,5000.0,5000.0,51,800,false
"[B0BQBVV2PR, B0C1Z751S8, B0B593CKHR, B0B58Z7FMY, B0C1Z7TJXX, B0B591Z2S8, B0FK9QDNJB, B0BQBTK3K1, B0FK9RD789, B0BQBTL936, B0B5913784, B0B58Z5W3Y, B0FKB9RK5Y, B0BQBPZMVY, B0B58YMKBY, B0B592ZXQH, B0BQBWM8B6, B0BQBV9X7N, B0FK9HVTXC, B0C1Z5XBK5, B0C1Z7N2CN, B0B58XY5GK, B0FKB3W2KY, B0FKB9RK61, B0BQBTJYHL, B0B592CN9B, B0B591RCLJ, B0BQBVWZKS, B0C1ZB6B1H, B0C1Z5BM9L, B0BQBVP7SM, B0FK9YN969, B0B58ZDJ6R, B0C1Z6V3FS, B0BQBTM1YW, B0B59247ZB, B0B5919ZCY, B0BQBXZD1F, B0C1Z6LJ98, B0BQBV5PWG, B0BQBXDVST, B0C1Z88BZ6, B0FKB7FWSP, B0FK9YMDPX, B0B592DSSV, B0C1Z6KXXM, B0BQBV3PTW, B0C1Z54W4M, B0B59292ZQ, B0B596LM4C, B0FK9M3ZQ4, B0C1Z8BZD1, B0BQBVWQ4C, B0BQBW191T, B0FK9W39T5, B0B58VNTJ7, B0C1Z8PRJ9, B0C1Z764BM, B0C1Z9RS2P, B0FKB4PCML, B0B58XMSPC, B0C1Z9R8VT, B0C1ZBGGRR, B0C1Z9DQ8K, B0FK97HBDP, B0BQBRT1H1, B0B58XQBKG, B0FK9HRPV9, B0BQBV55JN, B0B592V2CP, B0FK9XK958, B0BQBTT4LY, B0BQBS4V2Z, B0BQBTZCQ6, B0FKB4QR62, B0B58YR23W, B0C1Z7F429, B0BQBVFVXL, B0C1Z8139M, B0BQBW8GPJ, B0B593NTS7, B0B59273JY, B0B5926V3T, B0FK9NQWTB, B0BQBV8M1R, B0BQBTFGTF, B0BQBSJZ8N, B0FK9JQ9X7, B0C1Z75K18, B0B591F1WT, B0B591CPV7, B0C1Z95GZP, B0B592K95H, B0FK9VN1MQ, B0C1ZB649F, B0C1Z8CRK3, B0BQDZRV1M, B0C1Z6ZLQM, B0FK92B5B6, B0BQBVS5ZS, B0B591S126, B0C1ZBSS7Z, B0FKB17WF5, B0BQBV9KRX, B0B5925SJG, B0C1Z7WB3Z, B0C1Z82XQZ, B0BQBS96KD, B0FK91X4ZN, B0C1Z9G7NG, B0C1Z8XBN6, B0B58ZV142, B0C1Z9JK3Y, B0B58YMJDM, B0BQBVNPW8, B0B591ST6B, B0B58ZBK4F, B0B591TLN6, B0FK9VLFBD, B0FK9W1L1R, B0C1Z6MMHF, B0C1Z7H5HF, B0C1Z99X9R, B0FK9GTXH7, B0C1Z9HLF7, B0B592TPRC, B0B58ZYG18, B0B58XSK28, B0B59366TX, B0BQBRWX89, B0C1Z78XH2, B0C1Z4YQKD, B0B592K17P, B0C1Z6SK9L, B0B58YCCVC, B0BQBT8ZF9, B0C1Z865K7, B0C1Z6M9XP, B0C1Z9M7WC, B0B58ZZFCM, B0FK9YQ53D, B0FKB3HRRL, B0C1Z7T3RN, B0BQBVYJLF, B0B591ZQ5K, B0FK99MYVF, B0FKB4C1KP, B0BQBTRQWW, B0B5917L3W, B0FK9NLBMQ]",amzn1.campaign.3N2FAVZI1IZQJ,G2K194,Coutgo,2026-08-13,2027-08-13,10.00%,10000.0,10000.0,0,800,false
"[B0F3MLSCPP, B0F3N8LHML, B0GMYSDGDS, B0GKJ1DB6J, B0F3N6PSWV, B0GP9B9XRS, B0GMLFJW8Q, B0GML6PLV2, B0F3NM6TFC, B0F3MVB3JW, B0GML81MPW, B0GMYLV5SC, B0GMYK1KBW, B0GMLLZVF3, B0GMLBNTHK, B0GP91V73Z, B0F3NL8N7P]",amzn1.campaign.1XO4K3WCNLAMG,Routine Upgrade: What's Barking Soft Dog Treats - Real-Life Dog Taste Test,What's Barking,2026-08-13,2027-03-24,10.50%,716573.0,716573.0,27,800,false
"[B0FDVVQ37J, B0FR49XY6R, B0FDW536N3, B0FR4CKLTJ, B0D7685YXJ, B0FDW72GSG, B0FR4BW88B, B0FDVF1PN2, B0D767N3NJ, B0FDWH1DXC, B0D766XGR3, B0D765M25M, B0D767LTBK, B0D768JL2M, B0DKXJ4D7T, B0FR3MPLT8, B0D765WFRR, B0FR3MPKQR, B0FR4C2STS, B0FDW5QPJ3, B0FDVXM7C7, B0D766XMHW, B0FR49MGM6, B0FR3MQ4DP, B0FR4BBZK9, B0FR4CNL2D, B0FR42M9DJ, B0D768H9TX, B0D767TVHB, B0D767PY9L, B0FR42FB1N, B0DKXD9SJ7, B0FDWB6RSL, B0D766YB9C, B0FR42L8HW, B0FR4D6KJY, B0D76641ZD, B0FDW76LGC, B0D767NB9T, B0D767VFRS, B0FR4CFYG8, B0D76811NX, B0FR3Z5M26, B0D766YC73, B0DKXPK87G, B0FR4BVHDL, B0FR3MP3LQ, B0D767STCZ, B0FR49YWT1, B0D76741WC, B0FR421XK1, B0DKXFX294, B0FR4HFQH6, B0FR4CBXPF, B0D767Y9CW, B0FR49QSFK, B0FR41M3GC, B0FR4D1BT2, B0D7673NWJ]",amzn1.campaign.3EQTQHRMCFEFA,Limited Time Deal: ✨ Trendy Pullover Collab Offer -LW-M24TP0027,Glamaker,2026-08-16,2026-11-23,10.00%,5000.0,5000.0,20,800,false
"[B0H98S9Q38, B0GD73JGPV, B0DYD8QB53, B0H98VQYQW, B0H98VTYQ7, B0F997K7PF, B0H98VQCVK, B0D4TJ2M8Y, B0H993DXTH, B0H98Y2GP3, B0GXZ3KXNZ, B0GT961QG1, B0H98TT6K4, B0D9XFRVHH, B0DJLLRCLX, B0D9XZ6T6K, B0H98WWLB4, B0H98TT6K7, B0CYPD5GND, B0F997SYD1, B0H98Y7JW9, B0H98V9ZT3, B0GXYNX6SQ, B0H98TR9F9, B0GXYW2TWS, B0DQXCWMM9, B0D9XPYT43, B0DYCXF1GG, B0H991KXNF, B0D9XLMS45, B0F1CHY49W, B0F9DLPNZN, B0H98X3H1R, B0H98TMT1F, B0D9XVW15W, B0CYPF8J2T, B0DJLMH11J, B0H98QZ3X7, B0H98WTWYY, B0H991RKWL, B0G2S2DVPR, B0CZQQTZ5Q, B0H99271XK, B0F99829D2, B0H98NQGQB, B0GXYXSN78, B0DG8FQLP5, B0H995KLBR, B0DK5C1C58, B0H98VN873, B0DJLMCQS6, B0H98VN875, B0CZQT9Z6F, B0H98S87DR, B0H98TSLJW, B0F996FR4P, B0H9923QZQ, B0H36PFLY1, B0F1CJ239H, B0GXYVCHJ5, B0H98T6GXK, B0H98Z74LS, B0H9968RSK, B0H98PY27L, B0DJLKR1NB, B0D9XB8VTJ, B0H98RPYVJ, B0H98VBHCD, B0D9Y1H775, B0DQXHL5W5, B0GXYT4775, B0DJLMR43X, B0H991W92L, B0DQXBTQP8, B0H98SCWTV, B0H98QLPTC, B0GXYT4776, B0DJLMB2Y1, B0F9DM58PN, B0DQX78NWQ, B0GXYXTFSL, B0DJLMPD94, B0H98XZN6Z, B0H98SCWTL, B0H991VYM4, B0DJLLJVKC, B0F1CJZ3J6, B0F2SKZMMM, B0H98Q1YFL, B0DG8FSDXF, B0CYPGKQJW, B0CZQQD7NJ, B0GXYSTBYF, B0H98Y94YD, B0DG8BC8MR, B0DG8FP9BP, B0H98K6HL1, B0DJLL3RQR, B0H98QPZ3Z, B0F995XX4X, B0H36M764H, B0F9DT3KQR, B0H98TKWC7, B0H98X9FWS, B0DYDBYQBN, B0D4TBN2RD, B0CYPG4983, B0F99BQYWD, B0DJLMLBTT, B0D4TJ7CRS, B0H98YB184, B0H98YMFHF, B0D3GZNMJL, B0H98XCYWH, B0H991JJYT, B0F997VCTS, B0DG8DMR2W, B0GXYYBWSG, B0GXYYZMH9, B0D9MDV9MZ, B0F2SDWPZS, B0F995XX52, B0H98YH4CT, B0F1CHFZZC, B0DJLMYX7Z, B0H98VTKJT, B0GXZ3PM54, B0F9946VBJ, B0G2RMMS9K, B0F99DCYVW, B0H9925NC4, B0DJLL6XDT, B0H98ZD3HY, B0H98ZZSZW, B0CYPBW1SX, B0CZQRC7SY, B0GXYTX4P6, B0H9929K8H, B0DJLM6WYM, B0H98VGJL7, B0GD6YG9BL, B0H98R3LDR, B0GXYYK9ZY, B0DQXCY3WS, B0GT9BHFM2, B0H98YTRZS, B0H98XNLTN, B0DQXCZ455, B0H98R5122, B0CZQSCZ11, B0H98Y71P5, B0H98WBL1J, B0GXYTZTZ7, B0H98R36RF, B0H98VB3MQ, B0H98NVB39, B0H98XT42C, B0H98STQBC, B0GXYV979M, B0F2SL91HW, B0GXYRK2TZ, B0H993SZC6, B0H98ZWMHR, B0H995BF3Y, B0H98W88R6, B0H99BJFJP, B0DG8FQS7F, B0FL6MWZ73, B0G2S1CJ5G, B0F2S4VZ4V, B0H98VVVY7, B0D9X948XX, B0H1WT6L4Y, B0H98LXQ4B, B0H98R3WTS, B0H98Z4QR8, B0H98YTLLZ, B0H98P6Z1H, B0D3H2V14Z]",amzn1.campaign.YJLAMPCDWZIL,Boho Washable NonSlip LowPile Rug Creator Promo-2026/08/11,BESBLEE,2026-08-13,2026-11-17,10.00%,5000.0,5000.0,50,800,false
[B0HCBKMC7J],amzn1.campaign.1LUNMKNX5211,30% Off 12×18 Inch Halloween Haunted House Pumpkin Yard Flag,Pfzye,2026-08-13,2026-09-21,15.00%,5000.0,5000.0,31,800,false
"[B0DWDKKR4T, B0DWF3XL65]",amzn1.campaign.DDWSIHKEU7RZ,** HOT Deal! All-Weather Swivel Bar Stools with Cushion 🍸 -ZH-WKS **,Cozyman,2026-08-15,2026-10-04,10.00%,5000.0,5000.0,54,800,false
[B0H1H6WKK5],amzn1.campaign.3LELST7VFVHTH,20260811-B0H1H6WKK5-20%,Ruxacty,2026-08-13,2027-08-11,20.00%,100000.0,100000.0,21,800,false
"[B0FY4DRL9Q, B0FSLQDY5D, B0FS39HDSW, B0H389M4NW, B0DWV7M97D, B0GQZSBGZ6, B0DWVB41YT, B0H2NN1NB2, B0GR124TZF, B0FSLQ12NV, B0DWVB3DT5, B0GQZL4B4Z, B0DK81C9LY, B0FS423VCQ, B0H3865MCZ, B0FY44ZMZB, B0FSLS1LF4]",amzn1.campaign.O6O5A1RK9K14,Day-in-the-Life Test: Grinds Focus Energy Pouches - Put the Format to Work,GRINDS,2026-08-13,2027-02-26,13.00%,589845.0,589845.0,0,800,false
"[B0H98S9Q38, B0GD73JGPV, B0DYD8QB53, B0H98VQYQW, B0H98VTYQ7, B0F997K7PF, B0H98VQCVK, B0D4TJ2M8Y, B0H993DXTH, B0H98Y2GP3, B0GXZ3KXNZ, B0GT961QG1, B0H98TT6K4, B0D9XFRVHH, B0DJLLRCLX, B0D9XZ6T6K, B0H98WWLB4, B0H98TT6K7, B0CYPD5GND, B0F997SYD1, B0H98Y7JW9, B0H98V9ZT3, B0GXYNX6SQ, B0H98TR9F9, B0GXYW2TWS, B0DQXCWMM9, B0D9XPYT43, B0DYCXF1GG, B0H991KXNF, B0D9XLMS45, B0F1CHY49W, B0F9DLPNZN, B0H98X3H1R, B0H98TMT1F, B0D9XVW15W, B0CYPF8J2T, B0DJLMH11J, B0H98QZ3X7, B0H98WTWYY, B0H991RKWL, B0G2S2DVPR, B0CZQQTZ5Q, B0H99271XK, B0F99829D2, B0H98NQGQB, B0GXYXSN78, B0DG8FQLP5, B0H995KLBR, B0DK5C1C58, B0H98VN873, B0DJLMCQS6, B0H98VN875, B0CZQT9Z6F, B0H98S87DR, B0H98TSLJW, B0F996FR4P, B0H9923QZQ, B0H36PFLY1, B0F1CJ239H, B0GXYVCHJ5, B0H98T6GXK, B0H98Z74LS, B0H9968RSK, B0H98PY27L, B0DJLKR1NB, B0D9XB8VTJ, B0H98RPYVJ, B0H98VBHCD, B0D9Y1H775, B0DQXHL5W5, B0GXYT4775, B0DJLMR43X, B0H991W92L, B0DQXBTQP8, B0H98SCWTV, B0H98QLPTC, B0GXYT4776, B0DJLMB2Y1, B0F9DM58PN, B0DQX78NWQ, B0GXYXTFSL, B0DJLMPD94, B0H98XZN6Z, B0H98SCWTL, B0H991VYM4, B0DJLLJVKC, B0F1CJZ3J6, B0F2SKZMMM, B0H98Q1YFL, B0DG8FSDXF, B0CYPGKQJW, B0CZQQD7NJ, B0GXYSTBYF, B0H98Y94YD, B0DG8BC8MR, B0DG8FP9BP, B0H98K6HL1, B0DJLL3RQR, B0H98QPZ3Z, B0F995XX4X, B0H36M764H, B0F9DT3KQR, B0H98TKWC7, B0H98X9FWS, B0DYDBYQBN, B0D4TBN2RD, B0CYPG4983, B0F99BQYWD, B0DJLMLBTT, B0D4TJ7CRS, B0H98YB184, B0H98YMFHF, B0D3GZNMJL, B0H98XCYWH, B0H991JJYT, B0F997VCTS, B0DG8DMR2W, B0GXYYBWSG, B0GXYYZMH9, B0D9MDV9MZ, B0F2SDWPZS, B0F995XX52, B0H98YH4CT, B0F1CHFZZC, B0DJLMYX7Z, B0H98VTKJT, B0GXZ3PM54, B0F9946VBJ, B0G2RMMS9K, B0F99DCYVW, B0H9925NC4, B0DJLL6XDT, B0H98ZD3HY, B0H98ZZSZW, B0CYPBW1SX, B0CZQRC7SY, B0GXYTX4P6, B0H9929K8H, B0DJLM6WYM, B0H98VGJL7, B0GD6YG9BL, B0H98R3LDR, B0GXYYK9ZY, B0DQXCY3WS, B0GT9BHFM2, B0H98YTRZS, B0H98XNLTN, B0DQXCZ455, B0H98R5122, B0CZQSCZ11, B0H98Y71P5, B0H98WBL1J, B0GXYTZTZ7, B0H98R36RF, B0H98VB3MQ, B0H98NVB39, B0H98XT42C, B0H98STQBC, B0GXYV979M, B0F2SL91HW, B0GXYRK2TZ, B0H993SZC6, B0H98ZWMHR, B0H995BF3Y, B0H98W88R6, B0H99BJFJP, B0DG8FQS7F, B0FL6MWZ73, B0G2S1CJ5G, B0F2S4VZ4V, B0H98VVVY7, B0D9X948XX, B0H1WT6L4Y, B0H98LXQ4B, B0H98R3WTS, B0H98Z4QR8, B0H98YTLLZ, B0H98P6Z1H, B0D3H2V14Z]",amzn1.campaign.24GW8W1AX300R,Boho Washable NonSlip LowPile Rug Creator Promo-2026/08/11,BESBLEE,2026-08-13,2026-11-16,10.00%,5000.0,5000.0,48,800,false
"[B0H2TGSD82, B0H2TP6S5M, B0H2TH6XKN, B0H2TN6MDF, B0H2TP1VQF, B0H2TK8S34, B0H2TRF4WZ, B0H2TGJXPV, B0H2TSD7M9, B0H2TG7RNL, B0H2TGYGKH, B0H2TSJ4PZ, B0H2TFZHQ3, B0H2THHYF5, B0H2TD34VX, B0H2TV4KRN, B0H2TPKK6K, B0H2TG7GTL, B0H2TG5TGQ, B0H2TKX9Z9]",amzn1.campaign.3NOHQKEPFB2DW,WM5002-Mock Neck Long Sleeve Mini Dress for Women-B0H2TL7NJ2,IWD,2026-08-13,2027-02-28,10.00%,5000.0,4986.4,14,800,false
[B0H1LGZXNR],amzn1.campaign.3IRTE2B7U5XQU,Queen Mattress Limited Time Deals,Looallyy,2026-08-13,2026-09-30,10.00%,5000.0,4838.0,17,800,false
"[B0C4P184F1, B0BHYXG5DN, B0C4NZHQC3, B0FVRVD7TS, B0FVRWYG1H, B0FVS8Q7ZT, B0BHYVF2R2, B0BHYR3FX6, B0BHYT75BS, B0BHYTF8KP, B0C4NXH7WQ, B0FVRV8XH9, B0C4NXYJBY, B0BHYSX1ST, B0FVRX2PLW, B0C4P1R2NC, B0C4NZHF3V, B0FVRRQ8GJ, B0FVRTZBGG, B0C4NZ4LLY, B0BHYVCN23, B0FVRPZX14, B0C4NZBTZR, B0BHYWZVPY, B0C4NXZZ6N, B0BHYXJ6MM, B0C4NWY1NB, B0BHYTKRX1, B0BHYT3GYM, B0C4P1JYS5, B0BHYVY2FR, B0BHYRJXHF, B0FVRSDJBG, B0BHZ8SQRM, B0C4NXGWBL, B0FVRTZGXW, B0BHYTY29G, B0BHYW86M5, B0C4NZV2W1, B0C4NYM1BK, B0C4P1D4XJ, B0FVRXT779, B0FVS8SYZP, B0BHYWBQT8, B0BHYT41LH, B0FVRSDW4N, B0BHYXD4HF, B0C4NWHRLN, B0FVS5JVN6, B0BHYVMG4C, B0BHYSVJ48, B0FVRSQFN7, B0FVRTWJ5T, B0FVRV6T35, B0BHYTHWCP, B0FVRXLQCC, B0FVRT7QD4, B0C4NW59RX, B0C4NY6MPB, B0C4NYSBLK, B0BHYXJRYG, B0BHYV3QRF, B0FVRXK1PW, B0C4NWK2CF, B0BHYV77T8, B0C4NXX3SQ, B0BHYRMCGS, B0BHYVWXDS, B0C4NV9FLW, B0BHYWJ6DJ, B0C4NXVPBJ, B0BHYX6WNX, B0C4NWNPMD, B0BHYV3P8D, B0C4NWSKVT, B0FVRJYJL5, B0BHYVV6FG, B0BHYWQ83F, B0FVRXTRH1, B0BHYSHVY1, B0C4NW9W89, B0BHYXKMSN, B0C4P1PF42, B0BHZ5D363, B0C4NY3251, B0C4NW7XGW, B0C4NZBSWF, B0C4NZKK4B, B0C4NYX42Y, B0FVRSHZBM, B0C4NWL77N, B0FVRTTF3V, B0BHYVCNSL, B0C4NZ4LR3, B0C4NW7XGM, B0BHYTTDP3, B0FVS2NF3G, B0FVRSJ5CK, B0BHYSV452, B0FVS5KJGD, B0BHYRCH1V, B0C4NY71YJ, B0BHYVCMZJ, B0BHYTLJBH, B0BHYS3V9D, B0BHYTN9SQ, B0FVRS3RJ4, B0BHYWFLSG, B0FVRXZCZY, B0BHYTWFJ6, B0FVRVK7PP, B0BHYXVZJ8, B0BHYTHJNF, B0BHYWKB7Q]",amzn1.campaign.R68MQIHAABB1,B5Q309,Reoplty,2026-08-13,2027-08-13,20.00%,10000.0,9986.2,0,800,false
[B0H1HFX1JQ],amzn1.campaign.2L1PBJBY4WSE3,DS601,ACASIS,2026-08-13,2026-12-31,10.00%,5000.0,4963.92,28,800,false
"[B0C4P184F1, B0BHYXG5DN, B0C4NZHQC3, B0FVRVD7TS, B0FVRWYG1H, B0FVS8Q7ZT, B0BHYVF2R2, B0BHYR3FX6, B0BHYT75BS, B0BHYTF8KP, B0C4NXH7WQ, B0FVRV8XH9, B0C4NXYJBY, B0BHYSX1ST, B0FVRX2PLW, B0C4P1R2NC, B0C4NZHF3V, B0FVRRQ8GJ, B0FVRTZBGG, B0C4NZ4LLY, B0BHYVCN23, B0FVRPZX14, B0C4NZBTZR, B0BHYWZVPY, B0C4NXZZ6N, B0BHYXJ6MM, B0C4NWY1NB, B0BHYTKRX1, B0BHYT3GYM, B0C4P1JYS5, B0BHYVY2FR, B0BHYRJXHF, B0FVRSDJBG, B0BHZ8SQRM, B0C4NXGWBL, B0FVRTZGXW, B0BHYTY29G, B0BHYW86M5, B0C4NZV2W1, B0C4NYM1BK, B0C4P1D4XJ, B0FVRXT779, B0FVS8SYZP, B0BHYWBQT8, B0BHYT41LH, B0FVRSDW4N, B0BHYXD4HF, B0C4NWHRLN, B0FVS5JVN6, B0BHYVMG4C, B0BHYSVJ48, B0FVRSQFN7, B0FVRTWJ5T, B0FVRV6T35, B0BHYTHWCP, B0FVRXLQCC, B0FVRT7QD4, B0C4NW59RX, B0C4NY6MPB, B0C4NYSBLK, B0BHYXJRYG, B0BHYV3QRF, B0FVRXK1PW, B0C4NWK2CF, B0BHYV77T8, B0C4NXX3SQ, B0BHYRMCGS, B0BHYVWXDS, B0C4NV9FLW, B0BHYWJ6DJ, B0C4NXVPBJ, B0BHYX6WNX, B0C4NWNPMD, B0BHYV3P8D, B0C4NWSKVT, B0FVRJYJL5, B0BHYVV6FG, B0BHYWQ83F, B0FVRXTRH1, B0BHYSHVY1, B0C4NW9W89, B0BHYXKMSN, B0C4P1PF42, B0BHZ5D363, B0C4NY3251, B0C4NW7XGW, B0C4NZBSWF, B0C4NZKK4B, B0C4NYX42Y, B0FVRSHZBM, B0C4NWL77N, B0FVRTTF3V, B0BHYVCNSL, B0C4NZ4LR3, B0C4NW7XGM, B0BHYTTDP3, B0FVS2NF3G, B0FVRSJ5CK, B0BHYSV452, B0FVS5KJGD, B0BHYRCH1V, B0C4NY71YJ, B0BHYVCMZJ, B0BHYTLJBH, B0BHYS3V9D, B0BHYTN9SQ, B0FVRS3RJ4, B0BHYWFLSG, B0FVRXZCZY, B0BHYTWFJ6, B0FVRVK7PP, B0BHYXVZJ8, B0BHYTHJNF, B0BHYWKB7Q]",amzn1.campaign.1AWTLF4YF6IJW,B5Q309,Reoplty,2026-08-13,2027-08-13,19.00%,10000.0,10000.0,29,800,false
