ASIN List,Campaign Id,Campaign Name,Brand Name,Campaign Start Date,Campaign End Date,Commission Rate,Campaign Budget,Budget Remaining,Available Slot,Total Slot,Recommended
"[B0H2H4PZP1, B0GXFD4VCJ, B0G7C4K52Z, B0HB4BN4DX, B0H2GQJD4P, B0GY7VNG32, B0GXD6YPD3, B0HB4JBK9D, B0GY7RYZWY, B0H6RKRJRK, B0G7DNDTR8, B0G6CG1N97, B0H2H4PZNN, B0GY7FVZCL, B0G8JX6N47, B0G8JQJJHW, B0GXFBBHWM, B0H2H2RPNL, B0GY7W1XVD, B0H6S9XYQF, B0HB4MT31R, B0H6RMH9FD, B0H2GX7KR1, B0G8JQNNDK, B0GXDR8JVP, B0GXF75WHJ, B0H2H1BRRF, B0GXF7FZL3, B0GXF3TPGX, B0H2H381J6, B0GXDGFRQV, B0GXCYG9T7, B0GY7RPC1H, B0HB4CT7XD, B0G7D1FM6N, B0G8JBYCP3, B0G7DNSJSB, B0HB4C5496, B0GY7RWG4P, B0G7CWT1J7, B0H6ZTST2K, B0HB4F2H39, B0H2GZVQY4, B0HB4NFLJL, B0GXF8D6BZ, B0G6CVKSLW, B0G6CDR3WR, B0H6RV4FZX, B0GY7M6J64, B0H6RQ8R49, B0GXDDSLYX, B0GXF4FKQ1, B0GY7KD486, B0H2GXXK95, B0G8JN8RYD, B0G7CSJL5C, B0H2H558F7, B0GXDFLYGB, B0G8JTBKSS, B0GY79367X, B0GXDF6ZCH, B0GXDFRV7D, B0G8JQ1DN3, B0HB4DQ8GP, B0G8JML192, B0GY7L8GLN, B0G1C8HSVR, B0H6RVDY62, B0H2GVBK3X, B0G7DJ7QD3, B0H2GZW26H, B0H2GXJFTN, B0GXDXB1D3, B0H2GVVTK9, B0H6RZN2VL, B0G1C367WB, B0GY7V5JNZ, B0H2H2HB34, B0GY7Y5GW1, B0G8JJMX12, B0HB4GPG5B, B0H6S2LZ8X, B0GY7NDTDK, B0GY7WBNW3, B0GXF5T9MJ, B0GWPC5R2V, B0GXDLW4V5, B0HB47NLVF, B0GWPJRDR8, B0H6RS4PLV, B0HB4NP8ZT, B0H2GWVV4N, B0H6RJN2M9, B0HB49B395, B0H2H749TH, B0GXDTZMLM, B0HB4K4LSC, B0GY7XN6XW, B0HB4KQW9Y, B0H2GZXLM4, B0GXFDMCZL, B0G1BZX814, B0GY7WLGLC, B0G1C1738G, B0G1BXBG9M, B0G8K5G7XF, B0GXDJGMZN, B0G8JXNR76, B0GY81MJWP, B0HB4SCC6Y, B0G1C146W1, B0GXFKJP4F, B0GY7G8BWM, B0GY7WS8ZW, B0H6RRGP1M, B0GY7NCWXH, B0GY7PZ2YX]",amzn1.campaign.3FMNNAVWHE46C,Washable Rug Creator Promo-2026/07/28,Bavni,2026-07-30,2026-11-02,10.00%,5000.0,5000.0,30,800,false
[B0GQYP6JJS],amzn1.campaign.3KMXF3Z2MP9F6,🥾 Trail mix is boring. This blender makes real trail smoothies!,Liebe&Lecker,2026-07-31,2027-05-28,25.00%,5000.0,5000.0,12,800,false
[B0D1CFHPP4],amzn1.campaign.BS4REIA7WLIS,ZEBORA- Joint Supplement for Dogs - 10% Commission Rate,ZEBORA,2026-07-30,2026-10-31,10.00%,5000.0,4983.86,0,800,false
[B0GQYP6JJS],amzn1.campaign.3J9KES0ZZO2UU,🥣 Sad desk salad? This blender makes smoothie bowls instead!,Liebe&Lecker,2026-07-31,2027-05-29,25.00%,5000.0,5000.0,13,800,false
"[B0G1T29PBP, B0G1SZDWY6, B0G1T1QT4F, B0G1SZJD1Z, B0G1SYD12Z, B0G1T4FYPN]",amzn1.campaign.DYHJ6MSV4QE0,HOS01453-Fall Dress for Women Versatile Daily Patchwork  Knit Mini Dress,HOULENGS,2026-07-30,2026-09-30,10.00%,5000.0,5000.0,0,800,false
[B0FPY7D55L],amzn1.campaign.EAPKHKT9F4ME,The Bone Health Upgrade - B0FPY7D55L,Strong Jaw,2026-07-30,2026-10-30,40.00%,1000000.0,1000000.0,2,800,false
"[B0FPLYYVSL, B0CQYBPPGS, B0FPWDXFG2, B0FKBJ1CYK, B0FPLYMV5S]",amzn1.campaign.Y5BHIRFIKU1U,Subject: 34% Commission | False Eyelashes — Last Chance to Cash In,B&Qaugen,2026-07-30,2027-07-30,34.00%,5000.0,5000.0,10,800,false
"[B0D1XWFJQN, B0D1XVKN53, B0FH66KYBF, B0DC6VH8SX, B0DC6V23YL, B0D1VG61YZ]",amzn1.campaign.2GU0KJCQAKBOG,蓝花和黑花,HLEOXPY,2026-07-30,2027-07-30,10.00%,5000.0,5000.0,4,800,false
[B0BN2GYJB7],amzn1.campaign.38JY1KRY3Y4CS,A Smarter Way to Support Teeth & Gums - B0BN2GYJB7,Strong Jaw,2026-07-30,2026-10-30,40.00%,1000000.0,1000000.0,0,800,false
"[B0H2H4PZP1, B0GXFD4VCJ, B0G7C4K52Z, B0HB4BN4DX, B0H2GQJD4P, B0GY7VNG32, B0GXD6YPD3, B0HB4JBK9D, B0GY7RYZWY, B0H6RKRJRK, B0G7DNDTR8, B0G6CG1N97, B0H2H4PZNN, B0GY7FVZCL, B0G8JX6N47, B0G8JQJJHW, B0GXFBBHWM, B0H2H2RPNL, B0GY7W1XVD, B0H6S9XYQF, B0HB4MT31R, B0H6RMH9FD, B0H2GX7KR1, B0G8JQNNDK, B0GXDR8JVP, B0GXF75WHJ, B0H2H1BRRF, B0GXF7FZL3, B0GXF3TPGX, B0H2H381J6, B0GXDGFRQV, B0GXCYG9T7, B0GY7RPC1H, B0HB4CT7XD, B0G7D1FM6N, B0G8JBYCP3, B0G7DNSJSB, B0HB4C5496, B0GY7RWG4P, B0G7CWT1J7, B0H6ZTST2K, B0HB4F2H39, B0H2GZVQY4, B0HB4NFLJL, B0GXF8D6BZ, B0G6CVKSLW, B0G6CDR3WR, B0H6RV4FZX, B0GY7M6J64, B0H6RQ8R49, B0GXDDSLYX, B0GXF4FKQ1, B0GY7KD486, B0H2GXXK95, B0G8JN8RYD, B0G7CSJL5C, B0H2H558F7, B0GXDFLYGB, B0G8JTBKSS, B0GY79367X, B0GXDF6ZCH, B0GXDFRV7D, B0G8JQ1DN3, B0HB4DQ8GP, B0G8JML192, B0GY7L8GLN, B0G1C8HSVR, B0H6RVDY62, B0H2GVBK3X, B0G7DJ7QD3, B0H2GZW26H, B0H2GXJFTN, B0GXDXB1D3, B0H2GVVTK9, B0H6RZN2VL, B0G1C367WB, B0GY7V5JNZ, B0H2H2HB34, B0GY7Y5GW1, B0G8JJMX12, B0HB4GPG5B, B0H6S2LZ8X, B0GY7NDTDK, B0GY7WBNW3, B0GXF5T9MJ, B0GWPC5R2V, B0GXDLW4V5, B0HB47NLVF, B0GWPJRDR8, B0H6RS4PLV, B0HB4NP8ZT, B0H2GWVV4N, B0H6RJN2M9, B0HB49B395, B0H2H749TH, B0GXDTZMLM, B0HB4K4LSC, B0GY7XN6XW, B0HB4KQW9Y, B0H2GZXLM4, B0GXFDMCZL, B0G1BZX814, B0GY7WLGLC, B0G1C1738G, B0G1BXBG9M, B0G8K5G7XF, B0GXDJGMZN, B0G8JXNR76, B0GY81MJWP, B0HB4SCC6Y, B0G1C146W1, B0GXFKJP4F, B0GY7G8BWM, B0GY7WS8ZW, B0H6RRGP1M, B0GY7NCWXH, B0GY7PZ2YX]",amzn1.campaign.3LDBX1PSLU95L,Washable Rug Creator Promo-2026/07/28,Bavni,2026-07-30,2026-11-01,10.00%,5000.0,5000.0,31,800,false
"[B0DZM8KGWN, B0FPVXHTRN, B0DZMTCH2Q, B0DZMD6H92, B0FPWDPLYC, B0DZMNTBMQ, B0DZMXRMKY, B0DZM7KDTR, B0DZMX7BVJ, B0DZN3WSNL, B0DZML31Q8, B0DZMW36W9, B0DZM4MRWZ, B0DZMQDT8F, B0DZMCY921, B0DZMJLKZ4, B0DZMSGP4H, B0DZMQJ3G3]",amzn1.campaign.J302PDCRJO8E,"2000+ Monthly Sales, 10% Commission丨3.5“, 4"",4.5"" Self Closing Door Hinges",Bubxo,2026-07-30,2027-07-30,10.00%,5000.0,4984.27,2,800,false
[B0GQYP6JJS],amzn1.campaign.16OEQWLTIES42,🚗 Road trip snack stops are overpriced. This blender saves the day!,Liebe&Lecker,2026-07-31,2027-05-30,25.00%,5000.0,5000.0,8,800,false
"[B0H2GQK4K1, B0GXV9GW7H, B0DRCC838T, B0FZBW2ZYD, B0DPGVBRYN, B0DPGWPTL4, B0GYNN3LZ7, B0GXTYZMCV, B0F2DQNNBV, B0H2GWX587, B0H2GWT26K, B0DRCC19ZR, B0GXV45RLS, B0FZBCSPWD, B0GXV8TRJX, B0FCFH2ZRJ, B0DRCF7SGT, B0FZGMHR77, B0DPGVDPT5, B0FZBH444V, B0GYMXVMS7, B0G6D98QV6, B0H2H21MN2, B0GXH8ZRFP, B0DPGY2FPV, B0H2H1M5L1, B0G1FF6F4K, B0DQKCQ5W2, B0G1F7CHQ4, B0GXV7SJCJ, B0FRFXPRP5, B0H2GY25PC, B0G6D3FC6C, B0G6D17RS6, B0FZGT86B4, B0GXV66BNY, B0G1DVMYBW, B0G1GMYZVB, B0H2G7F14C, B0GXTYB8T1, B0GYMQCJQB, B0GTYVL952, B0H2H1HKW5, B0GXV9BT1V, B0DQK8C9W3, B0F2DXK6Z6, B0FRFXF1YJ, B0G1FFZX4G, B0DRCF4H99, B0H2GZWXD1, B0FZBBQMTX, B0H2H4CH3P, B0FZGQY4YT, B0GYMV11FR, B0GYNRW5VJ, B0DM47YTRN, B0F2DJRV52, B0FRF71H73, B0DQK9N63Y, B0FCFJHKNB, B0FG78PLHZ, B0DM4LFDB8, B0GXTY8Z2X, B0DPGX58VH, B0FRF6XVYY, B0GTYSP6GH, B0DZNKBNH4, B0DZNGJYB9, B0F2DF663X, B0H2GDFSLF, B0F2DXGHF4, B0H2H7PLGX, B0H2GZKGZS, B0H2GTPQNV, B0GYNL5G5V, B0H2GK9LYL, B0DPGVQYMC, B0DPGY5D21, B0DRCB9TQ7, B0DQK8S76C, B0H2GYYTJX, B0DQGXWT2R, B0H2GXW2NN, B0F2DPWDQX, B0F2DYKQNW]",amzn1.campaign.39CD966K0MFOA,Recruit US Amazon Influencers | Free Jewelry For Honest Reviews,YOIHUR,2026-07-30,2027-07-30,10.00%,5000.0,5000.0,0,800,false
[B0H1R8Z7HW],amzn1.campaign.3EFYHBW4P6OFM,Daily Tanning Gummies Vitamin C Infused Natural Tan Booster,Giayiute,2026-07-30,2026-09-30,10.00%,5000.0,5000.0,2,800,false
[B0BN2DM53L],amzn1.campaign.ERGQOGVXOMNZ,A Smarter Way to Support Gum Health - B0BN2DM53L,Strong Jaw,2026-07-30,2026-10-30,40.00%,1000000.0,1000000.0,0,800,false
[B0FRLJKQFP],amzn1.campaign.3DF55ULIDAX4Z,🎁 10%/$1M! Personalized Whiskey – Holiday Forever,Argefkeen,2026-07-31,2027-01-09,10.00%,1000000.0,1000000.0,12,800,false
"[B0H2H4PZP1, B0GXFD4VCJ, B0G7C4K52Z, B0HB4BN4DX, B0H2GQJD4P, B0GY7VNG32, B0GXD6YPD3, B0HB4JBK9D, B0GY7RYZWY, B0H6RKRJRK, B0G7DNDTR8, B0G6CG1N97, B0H2H4PZNN, B0GY7FVZCL, B0G8JX6N47, B0G8JQJJHW, B0GXFBBHWM, B0H2H2RPNL, B0GY7W1XVD, B0H6S9XYQF, B0HB4MT31R, B0H6RMH9FD, B0H2GX7KR1, B0G8JQNNDK, B0GXDR8JVP, B0GXF75WHJ, B0H2H1BRRF, B0GXF7FZL3, B0GXF3TPGX, B0H2H381J6, B0GXDGFRQV, B0GXCYG9T7, B0GY7RPC1H, B0HB4CT7XD, B0G7D1FM6N, B0G8JBYCP3, B0G7DNSJSB, B0HB4C5496, B0GY7RWG4P, B0G7CWT1J7, B0H6ZTST2K, B0HB4F2H39, B0H2GZVQY4, B0HB4NFLJL, B0GXF8D6BZ, B0G6CVKSLW, B0G6CDR3WR, B0H6RV4FZX, B0GY7M6J64, B0H6RQ8R49, B0GXDDSLYX, B0GXF4FKQ1, B0GY7KD486, B0H2GXXK95, B0G8JN8RYD, B0G7CSJL5C, B0H2H558F7, B0GXDFLYGB, B0G8JTBKSS, B0GY79367X, B0GXDF6ZCH, B0GXDFRV7D, B0G8JQ1DN3, B0HB4DQ8GP, B0G8JML192, B0GY7L8GLN, B0G1C8HSVR, B0H6RVDY62, B0H2GVBK3X, B0G7DJ7QD3, B0H2GZW26H, B0H2GXJFTN, B0GXDXB1D3, B0H2GVVTK9, B0H6RZN2VL, B0G1C367WB, B0GY7V5JNZ, B0H2H2HB34, B0GY7Y5GW1, B0G8JJMX12, B0HB4GPG5B, B0H6S2LZ8X, B0GY7NDTDK, B0GY7WBNW3, B0GXF5T9MJ, B0GWPC5R2V, B0GXDLW4V5, B0HB47NLVF, B0GWPJRDR8, B0H6RS4PLV, B0HB4NP8ZT, B0H2GWVV4N, B0H6RJN2M9, B0HB49B395, B0H2H749TH, B0GXDTZMLM, B0HB4K4LSC, B0GY7XN6XW, B0HB4KQW9Y, B0H2GZXLM4, B0GXFDMCZL, B0G1BZX814, B0GY7WLGLC, B0G1C1738G, B0G1BXBG9M, B0G8K5G7XF, B0GXDJGMZN, B0G8JXNR76, B0GY81MJWP, B0HB4SCC6Y, B0G1C146W1, B0GXFKJP4F, B0GY7G8BWM, B0GY7WS8ZW, B0H6RRGP1M, B0GY7NCWXH, B0GY7PZ2YX]",amzn1.campaign.2GI3MKBU0YHG2,Washable Rug Creator Promo-2026/07/28,Bavni,2026-07-30,2026-10-31,10.00%,5000.0,5000.0,27,800,false
"[B0FM8D9HDR, B0FM8BJTX8, B0FM8DYC9V, B0H1LTQF6Z, B0FM8DVKJW, B0G4R91Y5V, B0FM8CN7HQ, B0DL9JDQD9, B0FM8FMFDV, B0FM8C6SS7, B0DL9FK9F6, B0FM8C2VNM, B0FM8G1469, B0FM8FXGDM, B0FM8CJ63T, B0FM8FTL7Z, B0DL9GFMRL, B0DL9HXD85, B0FM89SGN4, B0DLB4NH8D, B0FM8DT6Q7, B0FM8FRWVQ, B0FM8DW2L7, B0FM8CB4MS, B0FM8GWS3M, B0FM8CHXG1, B0FM8BMX2M, B0FM8CZBN4, B0FM89QH8H, B0DL9RN3WM, B0DL9X8851, B0DL9WD3M7, B0FM8C9PC3, B0DL98VD2F, B0DLBB98YT, B0FM8BRH2S, B0FM8G9N4P, B0FM8DHQZK, B0H1M5LXNF]",amzn1.campaign.1OZT4OW3QQ6ZS,"Plifal Cute Badge Reel Holder Clip, Best-selling, High Commission-B0DL9WGS63",Plifal,2026-07-30,2026-12-31,10.00%,5000.0,4948.6,3,800,false
"[B0FLJB166T, B0FLJSSKYC, B0DB7GGBXF, B0DK75RJYC, B0DS1R7CJB, B0FLJ337F9, B0FLJLRVMJ]",amzn1.campaign.284IRYX6VO8EO,"💸 15% COMMISSION – 1000LB CAPACITY, SMOOTH SPIN, DUAL MARKINGS.",HANDBODE,2026-07-30,2027-07-30,15.00%,5000.0,5000.0,0,800,false
[B0GQYP6JJS],amzn1.campaign.554RKEW29739,🏖️ Beach drinks are watered-down. This cordless blender fixes that!,Liebe&Lecker,2026-07-31,2027-05-31,25.00%,5000.0,5000.0,17,800,false
"[B0DC6W5DVH, B0D2NM58Q1, B0DC6VL8TW, B0DC6TXDB3, B0D2NQZ9FQ, B0D2NMZ1R1, B0D2NP7FTP]",amzn1.campaign.1CG6QDYRTYU71,太阳,HLEOXPY,2026-07-30,2027-07-30,10.00%,5000.0,5000.0,3,800,false
[B0FRLJKQFP],amzn1.campaign.2VZVC5ZYB7Y53,⛄10%! Initial Bourbon Tumbler – Good=Infinite Run,Argefkeen,2026-07-31,2027-01-08,10.00%,1000000.0,1000000.0,12,800,false
[B0FLCPY8G1],amzn1.campaign.1UQYOU12B8W7S,V Shape Grout Cleaner Brush,CLEANGOR,2026-07-30,2027-07-30,10.00%,100000.0,100000.0,17,800,false
"[B0FY26CGYN, B0FY1XQSBL, B0FY249WHZ, B0FY269TNY]",amzn1.campaign.26ZIKM1NUISFM,"Cute Bouffant Scrub Cap , $50K Annual Sales, High Commission-B0FY22D9H2",Plifal,2026-07-30,2026-12-31,10.00%,5000.0,4961.2,3,800,false
"[B0H2H4PZP1, B0GXFD4VCJ, B0G7C4K52Z, B0HB4BN4DX, B0H2GQJD4P, B0GY7VNG32, B0GXD6YPD3, B0HB4JBK9D, B0GY7RYZWY, B0H6RKRJRK, B0G7DNDTR8, B0G6CG1N97, B0H2H4PZNN, B0GY7FVZCL, B0G8JX6N47, B0G8JQJJHW, B0GXFBBHWM, B0H2H2RPNL, B0GY7W1XVD, B0H6S9XYQF, B0HB4MT31R, B0H6RMH9FD, B0H2GX7KR1, B0G8JQNNDK, B0GXDR8JVP, B0GXF75WHJ, B0H2H1BRRF, B0GXF7FZL3, B0GXF3TPGX, B0H2H381J6, B0GXDGFRQV, B0GXCYG9T7, B0GY7RPC1H, B0HB4CT7XD, B0G7D1FM6N, B0G8JBYCP3, B0G7DNSJSB, B0HB4C5496, B0GY7RWG4P, B0G7CWT1J7, B0H6ZTST2K, B0HB4F2H39, B0H2GZVQY4, B0HB4NFLJL, B0GXF8D6BZ, B0G6CVKSLW, B0G6CDR3WR, B0H6RV4FZX, B0GY7M6J64, B0H6RQ8R49, B0GXDDSLYX, B0GXF4FKQ1, B0GY7KD486, B0H2GXXK95, B0G8JN8RYD, B0G7CSJL5C, B0H2H558F7, B0GXDFLYGB, B0G8JTBKSS, B0GY79367X, B0GXDF6ZCH, B0GXDFRV7D, B0G8JQ1DN3, B0HB4DQ8GP, B0G8JML192, B0GY7L8GLN, B0G1C8HSVR, B0H6RVDY62, B0H2GVBK3X, B0G7DJ7QD3, B0H2GZW26H, B0H2GXJFTN, B0GXDXB1D3, B0H2GVVTK9, B0H6RZN2VL, B0G1C367WB, B0GY7V5JNZ, B0H2H2HB34, B0GY7Y5GW1, B0G8JJMX12, B0HB4GPG5B, B0H6S2LZ8X, B0GY7NDTDK, B0GY7WBNW3, B0GXF5T9MJ, B0GWPC5R2V, B0GXDLW4V5, B0HB47NLVF, B0GWPJRDR8, B0H6RS4PLV, B0HB4NP8ZT, B0H2GWVV4N, B0H6RJN2M9, B0HB49B395, B0H2H749TH, B0GXDTZMLM, B0HB4K4LSC, B0GY7XN6XW, B0HB4KQW9Y, B0H2GZXLM4, B0GXFDMCZL, B0G1BZX814, B0GY7WLGLC, B0G1C1738G, B0G1BXBG9M, B0G8K5G7XF, B0GXDJGMZN, B0G8JXNR76, B0GY81MJWP, B0HB4SCC6Y, B0G1C146W1, B0GXFKJP4F, B0GY7G8BWM, B0GY7WS8ZW, B0H6RRGP1M, B0GY7NCWXH, B0GY7PZ2YX]",amzn1.campaign.371HTALOZVXJ2,Washable Rug Creator Promo-2026/07/28,Bavni,2026-07-30,2026-10-30,10.00%,5000.0,5000.0,28,800,false
[B07SYP437P],amzn1.campaign.3C5ERLYJKNKK7,5/8 Inch Trailer Hitch Lock Set or Class III IV Receivers Towing Hitch Lock,KOHREE,2026-07-30,2026-12-31,10.00%,5000.0,4987.66,1,800,false
"[B0FVSTY244, B0GQSHL59R, B0GRW2TFSB, B0FVSLZMBX, B0GSBHBFPD, B0FVSXD4GX, B0FVSN24R5, B0FVSM68YV, B0FVSNSK4S, B0FVSQGN3C, B0FVSNRFG1, B0GQSR563Q, B0GQYY5T1M, B0FVSNZ7QV, B0GQSPXZD4, B0GQSPXZD3, B0GSBGWYL5, B0GQZ4KHFC, B0GQSR2FMH, B0FVSMBKYY, B0FVSPL2RG, B0FVSTLZJX, B0GQSLB7NX, B0GQT7NQZB, B0GRVYYF8K, B0FVSQXJ75, B0FVSYVYVJ, B0FVSRV8VJ, B0GQZ6J16R, B0FVSX9JRG, B0GRW7R16Q, B0GSB17QW6, B0GQSTSJ18, B0FVSVVJWF, B0FVSTWQHY, B0GSBHCFFJ, B0GS9WKVBZ, B0FVSMRWLP, B0FVSLWBHV, B0GQYZG2YH, B0FVSP77FT, B0FVSXC25B, B0FVSV63Z9, B0FVSPYF8K, B0FVSVVJX1, B0GSB2CZ7Y, B0GS9YXMBD, B0FVSPDS8C, B0GSBBZS71, B0FVSRN9WB, B0FVSRN9WC, B0GSB93ZJG, B0GS9VCHDY, B0FVSW9HDK, B0GQSYHZ9S, B0GSB8HZ76, B0FVSP34VV, B0FVSQ1XFL, B0FVSR6K18, B0FVSPMM9L, B0FVSRJ4HP, B0FVSNPFL7, B0GSBGTBJ3, B0GQYY7H9C, B0GQSSK92D, B0GSBGCKNB, B0GQSSVTND, B0FVSNS7QT, B0FVSTNR7P, B0FVSQ3591, B0GQSWJFGB, B0GSB9VM46, B0GSBDTN4T, B0FVSVY31W, B0FVSPKCZ6, B0GQSLYJKH, B0FVSMFVYJ, B0GSB9BCBP, B0GS9Y662Y, B0GRVP4MN7, B0FVSP7RT5, B0GQYLKQWM, B0GQYW32R4, B0FVSLX9LT, B0FVSMFVX5, B0GSBKJKDP, B0GQYRHPH3, B0FVSS8QQG, B0GS9Y8W6Q, B0FVSMSTDW, B0GQSS6CSR, B0FVSS4DBW, B0FVSWSVPH, B0GQYV2JTH, B0FVSNV8HM, B0FVSRF8R4, B0GRW1Y862, B0FVSNDGWQ, B0FVSL9SVZ, B0FVSQF32R, B0GQSNZT61, B0FVSM58JC, B0GS9YKG25, B0GSBH2T95, B0GQSXFH63, B0FVSNZG2P, B0GQSPLHGT, B0FVSVB37M, B0GS9VF5JX, B0GQSX5JBX, B0GRVWQDWR, B0GQT1K38H, B0FVSR7VXX, B0FVSXSLW8, B0GRW5DPKK, B0GQSPXHBX, B0FVSNRV8T, B0GQYS24GW, B0GRVJ37ZG, B0GQY81B74]",amzn1.campaign.XJ7ZW7HEG2ZT,🌸 15% Comm: Lightweight Breathable Golf Tank – Stays Cool & Dry All Round,Casei,2026-07-31,2026-10-31,13.00%,5000.0,4930.84,2,800,false
"[B0GYD6R3NV, B0D2NMNMK6, B0GYD9SB5W, B0D2NPK9PZ, B0F748TL76, B0F74KVWFL, B0D2NPDBVM]",amzn1.campaign.19YPJTEQY8PAH,粉花,HLEOXPY,2026-07-30,2027-07-30,10.00%,5000.0,5000.0,5,800,false
[B0H26733CN],amzn1.campaign.2U03P5E6Z5PYV,Bud K 6PCS Hand-Made Knitted Bags,Bud K,2026-07-30,2026-09-30,10.00%,10000.0,10000.0,0,800,false
"[B0FQNR77P9, B0FQNVFLCJ, B0FQNTZHDS]",amzn1.campaign.WMNKHA46IWU,15% commssion! PLA Matte 3D Printing Filament Bestseller!!!🔥🔥🔥,SHIMMERFIL,2026-07-30,2026-10-30,15.00%,10000.0,10000.0,1,800,false
"[B0GCZP1CX3, B0GWHTCQLC]",amzn1.campaign.2OAJ54TA2KAT,PANCKY  Metal Detector Accessories Sales Website Collaboration,PANCKY,2026-07-30,2027-07-30,50.00%,5000.0,5000.0,0,800,false
"[B0GYTGQX2W, B0GYT89LLY, B0GYTGT227]",amzn1.campaign.2MOQ771QU4PFQ,"See More, Earn More – WOOCARTY Rv Backup Camera 10% Commission",WOOCARTY,2026-07-30,2026-11-01,10.00%,80000.0,80000.0,0,800,false
"[B0G5G8L12C, B0G5GBQQQJ, B0G5GKSHW6, B0G5GD5CPM, B0G5GD9P1K, B0G5GGK2PL, B0G5FD4TJ6, B0G5GPDJHW, B0G5GBZXGL, B0G5GN8XMM, B0G5F8BZ64, B0G5F8FKT4, B0G5FV17H5, B0G5G8YJDW, B0G5G8RDJJ, B0G5GKVGVT, B0G5FPXJXX, B0G5GCZ3GS, B0G5G399VZ, B0G5FXD2YP]",amzn1.campaign.3Q8RBQXZD2B0H,Meceeos Girls Heart Back Dance Leotard | 25% Commission,Mecceos,2026-07-30,2026-09-30,25.00%,5000.0,4985.25,0,800,false
"[B0FW4RVH3L, B0GV2P2LT4]",amzn1.campaign.2PT0PI3UV7RVQ,PANCKY Kids Metal Detector Sales Website Collaboration,PANCKY,2026-07-30,2027-07-30,50.00%,5000.0,4985.01,0,800,false
[B0FRLJKQFP],amzn1.campaign.1HHCYNVXPLBBO,🎄 10%/$1M! Wooden Whiskey Cup – Holiday + Forever,Argefkeen,2026-07-31,2027-01-07,10.00%,1000000.0,1000000.0,9,800,false
"[B0CTKGYL5R, B0D5LRR2QD, B09N6PGZM7, B0F66ZZYKR, B0D5LSN9WL, B08SHHSD8D, B0F66ZP5NM, B0DSPHRW36, B0DSG23MHD, B0DSPDZY1D, B08SHVQQZR, B0GHMGPXPL, B0DSPH2CK1, B09CFP2PHZ, B0F66SL3H1, B09N6KZCYH, B0DRVCVYPF, B08SJ91XP4, B08SJ8FT4W, B08SHGP1WS, B09CFP6YRZ, B0CTKDSCQ6, B09CG5ZHMJ, B0F66YC73B, B08SJ2B7YZ, B08SHNYNQ7, B0DSG1PBL9, B09CGKM89H, B09CG3N12K, B0DSPJBZHF, B0DRVCXXT4, B0DXF3KNQZ, B0DXDV3XQV, B0DRVFQ4HS, B0DXDTLNWR, B0CTKFXFGL, B0DSG2BXWJ, B0DSG29XJQ, B0DXDTKSPF, B0CTKD7GHD, B0D5LRSPJ5, B0DSPK1VRX, B0F66XQJQT, B09572W8NK, B0DSPLR3C1, B0CTKFKVJ1, B08SJ9HPRZ, B0DRVD2RT5, B0DRVD7QVY, B0CTKFRGFM, B0GHMKZ9Z8, B0DXDVPWC4, B0DXDV22B5, B0DSPJDDFL, B0D5LT192Z, B08SJGLN2N, B0F66WPJCK, B0D5LS1RP5, B0CTKG48N5, B0DXDWZ2CK, B08SHKKWVK, B09CG9RQ2B, B0DSPHWBVN, B0F671FXKS, B09CFDC59P, B0F66YPNB7, B0DXDTLT8H, B09CG1SQX2, B09N6LKXBP, B0DXDSVY5P, B0DRVD9R1G, B0DXDTFQ4M, B09CG2PJMS, B0DXDVXG6D, B0DSFXR874, B0DSPJZH2P, B0DXDW366W, B0DSPNQ96J, B09CG7YK66, B0F66SN1V7, B09N6TFBWG]",amzn1.campaign.3NQZLQ5IQRXPN,Win-Win Collaboration:Promote GINGTTO 20g Mens Skinny Jorts &Earn 15% Commission,GINGTTO,2026-07-30,2026-10-31,15.00%,5000.0,5000.0,5,800,false
"[B0H3KQ8LYG, B0H3KW7XWX, B0H3KQ4JGS, B0H3NN1N3M, B0H3KX27Z3, B0H3KLN5WH, B0H3KLP277, B0H3KSSFZ9, B0H3N9Y13N, B0H3KNZKPK]",amzn1.campaign.23N3OQX58KHTF,30% Commission on PierShine 4.5★ Adhesive Bra (12H Lift & Hold),PierShine,2026-07-30,2026-09-30,30.00%,5000.0,5000.0,0,800,false
"[B0GHRJF7SS, B0GHRJZV76, B0GHRDTX5X, B0GHR9P5LZ, B0GHRVW242, B0GHRKZGLL, B0GHRDMWV9, B0GHR99M43, B0GHRBFQ91, B0GHRHHC7M, B0GHRCQQC3, B0GHRLSGMG, B0GHRJK9W6, B0GHRBJM3K, B0GHRHT6VG, B0GHRSVGS4, B0GHRHWLHH, B0GHRBXS8N, B0GHRJVQS3, B0GHRLGSP1, B0GHRTZV9V, B0GHRP6T59, B0GHRJMK6G, B0GHRT2V45, B0GHRPZGX8, B0GHRCFJBY, B0GHRP6PKX, B0GHRLHGNJ, B0GHRLH7YC, B0GHRL3C79, B0GHRBC7BK, B0GHRC7RX2, B0GHRJW7WM, B0GHR8FGF4, B0GHRBR1VJ]",amzn1.campaign.288TLQUGKOJ8G,YOKGO Womens Tops Short Sleeve VZ5T456 Get 10%,YOKGO,2026-07-30,2026-09-30,10.00%,5000.0,4995.25,0,800,false
"[B0GT94WWTZ, B0GT95HX5B, B0GT93N2SH, B0GT985BKD, B0GT96BNPV, B0GT9B8L63, B0GT99GHVV, B0GT95C54V]",amzn1.campaign.2SIDUZJJA196H,10% Commission for Nissan Altima Automotive Amazon Finds and Product Reviews,FaiFani,2026-07-31,2027-04-01,10.00%,5000.0,5000.0,2,800,false
"[B0HBQZ4RBN, B0HBRCFGRV, B0HBQZ5Y5W]",amzn1.campaign.WLVP1WTY4FU8,1.0-040-Lighted Halloween Centerpiece – Table Decor Creator Collaboration,KTMIES,2026-07-30,2027-01-01,12.00%,10000.0,10000.0,0,800,false
[B0GJZ6KS5K],amzn1.campaign.2YJI30UM8M723,🧁 Lumpy cake batter? This stick blender = smooth every time!,Liebe&Lecker,2026-07-31,2027-05-27,20.00%,5000.0,5000.0,6,800,false
[B0FB3P6H48],amzn1.campaign.3N83GMADKIT36,[FLASH 12% Comm] NEW ONO3 Pro 2.0 Netflix Certified 4K Smart Projector,ONOAYO,2026-07-30,2026-12-31,12.00%,5000.0,5000.0,0,800,false
[B0FRLJKQFP],amzn1.campaign.2XPFORHV1L7GS,🎅 10%! Custom Bourbon Glass – $1M + Infinite,Argefkeen,2026-07-31,2027-01-06,10.00%,1000000.0,1000000.0,13,800,false
"[B0D25DB9N5, B0D25NZ2C6, B0FK4XPC95, B0D21SJ6BR, B0D21R3RQ3, B0D21TVJ8Q, B0D25P9G97, B0FK4XDVDN, B0D25H8D18, B0D21QZCFX]",amzn1.campaign.3JTIRRQUG6POE,暗黑,HSHFKLH,2026-07-30,2027-07-30,10.00%,5000.0,5000.0,8,800,false
"[B0H6FC3J2D, B0H6FPMG8Y, B0H6FH2F3B, B0GS68LWDT, B0H6FF9N6D, B0GSZ5KFQP, B0H71KYQJJ, B0H6FJ4326, B0H6FNBRH6, B0H6FHHPVB, B0H71FTTGY, B0H71RSVVR, B0H71KJQVR, B0H71CGV4K, B0GSZNZ74R, B0H6FFMGF9, B0H1MB4XL8, B0H71DPQWL, B0H71DGPXY, B0H71CJG62, B0GS6M33MK, B0H71FP1GH, B0H71LY8P8, B0H71KDYXC, B0H71KFXXD, B0H71QNJYZ, B0H71GWBST, B0H71KFJSB, B0H3ZVYJBP, B0H71QL19Z, B0H3ZTH5K8, B0H3ZTJ8K5, B0H71QFR4V, B0H6FPMLMV, B0H71JVMMN, B0H71G51VK, B0H71P77L6, B0H1M3M8R6, B0H71MXJ1H, B0H6FHZBP7, B0H71FB4JC, B0H719BXSH, B0GS6CC41J, B0H6FMW323, B0H6F9HKGX, B0H416G9P5, B0H71JXWZP, B0H3ZXSS3F, B0H3ZZC2C5, B0H6FQ6LM2, B0H419XMVL, B0H411Z4C5, B0H71L9M1L, B0H71DZ9TL, B0H71GB287, B0H7177P3P, B0H71LJR16, B0H415MC4T, B0H6FGZ8ZM, B0H71HKH8L, B0H4157R47, B0H6FG7V43, B0H71DYZQQ, B0H71FR9VB, B0H412DSK2, B0H6FHKDRT, B0H71QH1TZ, B0H6FP5KD5, B0H71DQN8P, B0H6FLT779, B0H1M97TW1, B0H6F8FLRC, B0H71L96TM, B0H6FPBZLJ, B0H6FQ14FD, B0H411NCJK, B0GS67VJTX, B0H6FMT5QT, B0H71FHKF5, B0GSZHW2HB, B0H6FK2M38, B0H71HV422, B0H71MHN4F, B0H6FP5YPG, B0H71GMCSQ, B0H6FD46H8, B0H71TKMF3, B0H1MGY1LC, B0H6FBYBHM, B0H71KRFKW, B0H6FPF4NZ, B0H71D7MVS, B0H6FDLJP1, B0H3ZTG8X7, B0H71NWGQ3, B0H719D7XB, B0H6FFR2BX, B0H71KQFG7, B0H6FG6C38, B0GS69X434, B0H6F8L6JT, B0H6F4M21B, B0H1M296LJ, B0H6FP48BZ, B0H71HX7GG, B0H411XTTS, B0H71CLYLS, B0H71CDMFL, B0H6FGNTMJ, B0H1M1XSL6, B0H71L471P, B0H6FCV1L3, B0H71MZVQW, B0H413LPX6, B0H6FHPKB5, B0H6FM96W7, B0H6FPF4NJ, B0H6F3RZWJ, B0H6FBYBHF, B0H71P77GB, B0H71FNTXV, B0H4113VFC]",amzn1.campaign.99DYISEZJNN,Floral Washable NonSlip LowPile Rug Creator Promo-2026/07/28,Bavni,2026-07-30,2026-11-06,10.00%,5000.0,5000.0,23,800,false
"[B0GJ3HWVY6, B0GQX9SSJJ, B0GJ3XCL43, B0GQXW3QKY]",amzn1.campaign.27H8V6JX4BLRO,"Commission 15% + 3/8"" Pivot Shower Door + L03+ Sept.30",Dverreoor,2026-07-30,2026-09-30,15.00%,5000.0,5000.0,2,800,false
"[B0CXDGV6TQ, B0CXDSDVDV, B0CXDXQX4N, B0CXDLM8L1, B0CXD8Z4MB, B0CXDK9SXZ, B0CXNNC5XZ]",amzn1.campaign.18893HP3VBHQB,"Hot-sale Handmade Figure 8 Harness & Leash for Ferrets,Guinea Pigs,Small Animals",GOMICRAFT,2026-07-30,2027-07-30,15.00%,5000.0,4992.5,0,800,false
"[B0GMHXP1VB, B0GMHNMP3X, B0GMHYB115, B0GMHP6235, B0GMHSS9T2, B0GMHY852T, B0GMHXMXQB, B0GMLS77NT, B0GMHZ41ZK, B0GMHM9W68, B0GMHS2RMY, B0GMHKL3QB, B0GMHX4XFZ, B0GMHDK42B, B0GMHXDQ8W]",amzn1.campaign.1VKDE2E2IIVAT,Partner with Heyfanee: 15% Commission for 35HF,Heyfanee,2026-07-30,2026-11-02,15.00%,5000.0,5000.0,12,800,false
[B0GJZ6KS5K],amzn1.campaign.10QQRMVZZOS0J,🥗 Homemade pesto without scratching bowls? Finally!,Liebe&Lecker,2026-07-31,2027-05-28,20.00%,5000.0,5000.0,10,800,false
[B0FRLJKQFP],amzn1.campaign.3C5DL7E4I00IM,🎁 10%/$1M! Hand-Carved Whiskey – Holiday Keepsake,Argefkeen,2026-07-31,2027-01-05,10.00%,100000.0,100000.0,17,800,false
"[B0GSF7D36X, B0GRSYKTSG]",amzn1.campaign.3KERUTH6CIPA4,Nature Echo Moringa Capsules 1000mg-20%,Nature Echo,2026-07-30,2026-10-28,20.00%,5000.0,4958.31,0,800,false
"[B0H6FC3J2D, B0H6FPMG8Y, B0H6FH2F3B, B0GS68LWDT, B0H6FF9N6D, B0GSZ5KFQP, B0H71KYQJJ, B0H6FJ4326, B0H6FNBRH6, B0H6FHHPVB, B0H71FTTGY, B0H71RSVVR, B0H71KJQVR, B0H71CGV4K, B0GSZNZ74R, B0H6FFMGF9, B0H1MB4XL8, B0H71DPQWL, B0H71DGPXY, B0H71CJG62, B0GS6M33MK, B0H71FP1GH, B0H71LY8P8, B0H71KDYXC, B0H71KFXXD, B0H71QNJYZ, B0H71GWBST, B0H71KFJSB, B0H3ZVYJBP, B0H71QL19Z, B0H3ZTH5K8, B0H3ZTJ8K5, B0H71QFR4V, B0H6FPMLMV, B0H71JVMMN, B0H71G51VK, B0H71P77L6, B0H1M3M8R6, B0H71MXJ1H, B0H6FHZBP7, B0H71FB4JC, B0H719BXSH, B0GS6CC41J, B0H6FMW323, B0H6F9HKGX, B0H416G9P5, B0H71JXWZP, B0H3ZXSS3F, B0H3ZZC2C5, B0H6FQ6LM2, B0H419XMVL, B0H411Z4C5, B0H71L9M1L, B0H71DZ9TL, B0H71GB287, B0H7177P3P, B0H71LJR16, B0H415MC4T, B0H6FGZ8ZM, B0H71HKH8L, B0H4157R47, B0H6FG7V43, B0H71DYZQQ, B0H71FR9VB, B0H412DSK2, B0H6FHKDRT, B0H71QH1TZ, B0H6FP5KD5, B0H71DQN8P, B0H6FLT779, B0H1M97TW1, B0H6F8FLRC, B0H71L96TM, B0H6FPBZLJ, B0H6FQ14FD, B0H411NCJK, B0GS67VJTX, B0H6FMT5QT, B0H71FHKF5, B0GSZHW2HB, B0H6FK2M38, B0H71HV422, B0H71MHN4F, B0H6FP5YPG, B0H71GMCSQ, B0H6FD46H8, B0H71TKMF3, B0H1MGY1LC, B0H6FBYBHM, B0H71KRFKW, B0H6FPF4NZ, B0H71D7MVS, B0H6FDLJP1, B0H3ZTG8X7, B0H71NWGQ3, B0H719D7XB, B0H6FFR2BX, B0H71KQFG7, B0H6FG6C38, B0GS69X434, B0H6F8L6JT, B0H6F4M21B, B0H1M296LJ, B0H6FP48BZ, B0H71HX7GG, B0H411XTTS, B0H71CLYLS, B0H71CDMFL, B0H6FGNTMJ, B0H1M1XSL6, B0H71L471P, B0H6FCV1L3, B0H71MZVQW, B0H413LPX6, B0H6FHPKB5, B0H6FM96W7, B0H6FPF4NJ, B0H6F3RZWJ, B0H6FBYBHF, B0H71P77GB, B0H71FNTXV, B0H4113VFC]",amzn1.campaign.3O05BY53FLE4I,Floral Washable NonSlip LowPile Rug Creator Promo-2026/07/28,Bavni,2026-07-30,2026-11-05,10.00%,5000.0,5000.0,33,800,false
[B0GC6SXMDY],amzn1.campaign.2R4KW9HY68F8X,240Pcs 12 x 16 Inch Unbleached Parchment Paper Sheets,CLEANGOR,2026-07-30,2027-07-30,10.00%,100000.0,100000.0,16,800,false
"[B09ZL6N1ZC, B0G5N4Z85X, B0DSL1N4HC, B0GHM1JV8J, B0DSPLKC81, B0CWG63CBP, B09ZL613SH, B0DSKZB3D6, B0G5N5165C, B0G5N58HSJ, B0CWGC97G9, B09ZL4P2G2, B0G5N26Y8M, B0G5N5KKPS, B09CG7JPHB, B0G5N28BSN, B0CWGGNVF1, B0G5N31T8H, B0G5N1JWKG, B0CWGBH1WX, B0GHMT17VD, B09ZL5ZLZR, B0CWG3HPCX, B09ZL5TVML, B0G5N5T4MX, B0DSL25H2B, B0GHMBSRW4, B09CG2RHTY, B0G5N4D8FB, B0G5N5G3ZX, B09MLM1MP1, B0CWGQ12ST, B0CWGQS9M4, B0CWGH3F2F, B093SS1GPR, B09MLLZ3N2, B093SQW1WM, B0G5N2FWNL, B0DSKZ5XVX, B09MLLRSZK, B09CG7LV2B, B0G5N1Z9J9, B09CG6TG1B, B093STMWFJ, B0G5N28B9X, B0GHMH42J5]",amzn1.campaign.11DRODCIZQO9P,Win-Win Collaboration:Promote GINGTTO 20g Mens Ripped Jorts &Earn 15% Commission,GINGTTO,2026-07-30,2026-10-31,15.00%,5000.0,5000.0,0,800,false
[B0GJZ6KS5K],amzn1.campaign.J3BRP4SBD9FE,🥤 Chunky smoothie ruining your morning? Stick blender fixes it!,Liebe&Lecker,2026-07-31,2027-05-29,20.00%,5000.0,5000.0,16,800,false
"[B0D254JYFY, B0D21LJ88Q, B0D25973HH, B0D24Y6V11, B0D21Z5FSM, B0D259JZVP, B0F6XZTY22, B0D2546ML3, B0D21R1C2P, B0D22FKCHH, B0F6WB7PH2, B0D2587PBH, B0D24X2WPL, B0D21RLVKJ, B0D21L5SZL, B0D251859Y, B0D25H18W8]",amzn1.campaign.D1MZ1SGNM5KR,单联,HSHFKLH,2026-07-30,2027-07-30,10.00%,5000.0,5000.0,8,800,false
[B0G2SY8Y2T],amzn1.campaign.1WZ490WRZR3KG,Clean UP After Your Dog Signs ( B0G2SY8Y2T),Gulsoar,2026-07-30,2027-07-30,18.00%,5000.0,4998.2,1,800,false
[B0GV55Q4JG],amzn1.campaign.1GCSDDGLPAMNH,ROFIEJOX Custom Bench Cushions | Save 8%–12%,ROFIEJOX,2026-07-30,2027-07-30,10.00%,5000.0,4984.27,5,800,false
"[B0H7JRCKV8, B0H7JTD5R6, B0H7JW7J36]",amzn1.campaign.FTXCOSUU3QOQ,Dad Gifts - Personalized Bracelet,Soleus,2026-07-30,2027-04-01,30.00%,1000000.0,1000000.0,0,800,false
[B0GJZ6KS5K],amzn1.campaign.3LR6EWYQ6ADW3,👶 Fresh baby puree in seconds? No big blender to wash!,Liebe&Lecker,2026-07-31,2027-05-30,20.00%,5000.0,5000.0,12,800,false
[B0H298N27L],amzn1.campaign.SLOZCZLLZ0Y1,Collaborate with Us for Dual Lens Borescope Launch to Get 10% Commission!,FFXET,2026-07-30,2026-10-31,10.00%,5000.0,5000.0,8,800,false
"[B0GHTRCDM1, B0GHT72KGJ, B0GHT5QQDW, B0GHTP878D, B0GHTCV41V, B0GHTH8QG4, B0GHTDVQRW, B0GHTHGS1K, B0GHTCRK42, B0GHTDSJWH, B0GHTCTTD7, B0GHTGGD78, B0GHTW7XWL, B0GHTLL4WF, B0GHTDC87P, B0GHT7XMXJ, B0GHTDTFQS, B0GHT6CSZD, B0GHTMPFWW, B0GHTH6BYY, B0GHTGYDVY, B0GHTDVXPV, B0GHTSGP7P, B0GHTC9X9K, B0GHTDGNRG, B0GHTGXZDW, B0GHTD8STK, B0GHTGVWZ1, B0GHTH84GD, B0GHT659YB]",amzn1.campaign.BUYGQ911V9FX,YOKGO Womens Tops Short Sleeve VZ5T374 Get 10%,YOKGO,2026-07-30,2026-09-30,10.00%,5000.0,4995.5,0,800,false
"[B0GK5ZJZYD, B0GK74V5NN, B0GK6WGTKD, B0GK5WGNQ6, B0GK6WYVVS, B0GK5X7K5S, B0GK71TZYZ, B0GK6Q2X9V, B0GK6785TC, B0GK6LYFRD, B0GK6LG1W4, B0GK6W7MHD, B0GK53V4XQ, B0GK6HM4DX, B0GK5SKZWG, B0GK6PK3HN, B0GK5ZVNBL, B0GK5X6M22, B0GK5VGCGR, B0GK6Q47G4, B0GK5DJYDM, B0GK6ZX9TB, B0GK63QL46, B0GK4P787V, B0GK6F6JPH, B0GK62DQDD, B0GK5N9JTG, B0GK61PGJM, B0GK6WTX5Q, B0GK67CQQ5, B0GK6DNT34, B0GK53C9MX, B0GK6WBPJK, B0GK6KQ741, B0GK71S11H]",amzn1.campaign.3H33JERYP7XPU,OS08301,ONLYSTORY,2026-07-30,2026-09-30,10.00%,5000.0,4872.9,0,800,false
[B0GJZ6KS5K],amzn1.campaign.JNRFDI0B7PIQ,🍲 Hot soup without splatters? This stick blender blends IN the pot!,Liebe&Lecker,2026-07-31,2027-05-31,20.00%,5000.0,5000.0,18,800,false
"[B0GQLKDDJF, B0GQLKS71F, B0GQH3Z9LW]",amzn1.campaign.9UC47IQCE85L,SUNBEAUTY Paper 3D Large Butterfly Decorations(16inch-20inch),SUNBEAUTY,2026-07-30,2026-10-31,10.00%,5000.0,4991.0,5,800,false
"[B0DDPK5P2K, B0DDPK1BLQ, B0DDPHVHRN]",amzn1.campaign.7M6J7HS95RQW,儿童浴室,HSHFKLH,2026-07-30,2027-07-30,10.00%,5000.0,5000.0,11,800,false
"[B0DP2T5G25, B0DP2XCR7Z, B0GWSZTYP7, B0GWSQT98M, B0DP2SWPT7, B0DP9FPD3F, B0DP2SMC71, B0G5ZNGRPY, B0DP2T7L69, B0DP2SYQGF, B0GWT5S4WP, B0GWT2C92G, B0DP2QNWT1, B0GWT1TDRP, B0DP2SSQHP, B0DP2RYKGL, B0H3K35KCY, B0FZT4RWC1, B0F2F1DZL6, B0GWT8P17R, B0DP2RW8HJ, B0DP2SMC6Z, B0DP2SQF8T, B0DP2TH83K, B0DP2QMDHD, B0DP2VD1SR, B0DP9DV2VC, B0DP2TJHP1, B0DP2RLRTT, B0FLXW3HCZ, B0GWT68WP7, B0DP9GHSNM, B0FF4JNC8Y, B0DP2S5WFQ, B0FF4KJGT3, B0H3KG63ZF, B0GWT6T8XP, B0GWT28CG5, B0DP2RNJGD, B0H3KBGH1B, B0DP2TJHNZ, B0DP2TBL68, B0DP2RYX9Y, B0DP2QDSFH, B0DP9GH29W, B0F3J3Q6V7, B0DP9GRB3N, B0DP2T7Z3M, B0FZT6WV3D, B0GWT4WY5S, B0H261GSMF, B0DP9J1NZR, B0DP9H4XDF, B0FZT5VZRR, B0DP2SZ1G8, B0DP2STYGM, B0DP2T5WD3, B0DP2WMLZ4, B0DP9H3FMJ, B0DP2QJFZZ, B0FF4GBS2D, B0DP2S8MLK, B0DP2V2NS9, B0H263SM4K, B0DP2QFBVB, B0F2DP5FGH, B0DP2V126Q, B0DP9F5GZP, B0DP2TFMFN, B0H3K6ZZ43, B0DP2QKTS7, B0DP9FGST9, B0H265D9B4, B0F2DH182G, B0FZT8XMM5, B0DP2V1F91, B0FZT92SC4, B0FF4J54C4, B0GWTJJ9TX, B0H3JX572R, B0DP2STY1K, B0H3K6RXB5, B0H3JYY7V1, B0DP2T7JG5, B0DP9F87M4, B0DP9F8CTM, B0FLXW958T, B0DP2QFBV7, B0DP2RN58P, B0DP2RVQPZ, B0FF4HVY1D, B0GWT5C3HD, B0DP2VTWRS, B0GWT82WNN, B0DP2RYMXD, B0FZSZ6TQR, B0FLXYDYY1, B0DP2XNL8P, B0H262NKXF, B0DP2TBC99, B0DP2SX61P, B0DP2TGS9F, B0H3K9RG3L, B0H264G575, B0DP9FQKLH, B0G5ZQNF6C, B0FH22NV3R, B0FZT23CXW, B0DP9H2WFZ, B0H3JYX27L, B0DP2SMZJP, B0F2DKXLM9, B0FZTFNNQY, B0H26BPNSM, B0G618WLCK, B0DP2RMB6L, B0DP2QLHML, B0DP9J5TNT, B0DP2QLHMN, B0GWT6BKMP, B0H267N619, B0GWSSVXKG, B0H268GNQR, B0FLXVR5V4, B0DP2VGFQZ, B0DP2S9R5W, B0DP2QLQNR, B0DP2R86PZ, B0DP9GPVDW, B0H26BTKHS, B0DP2RX39C, B0GWSP16L9, B0DP2QR4KY, B0GWT3PMSX, B0DP9DGRW1, B0GWSYLSTJ, B0DP9FTJFV, B0DP2VPC8D, B0FZT4H4J7, B0DP9HJ19X, B0FLXVZRTV, B0GWTJ3HBQ, B0FH22J41Z, B0F2DV3FVR, B0H26K7FT8, B0DP2VJ9NG, B0DP2TQT7G, B0GWT581D1, B0F2DQCJM9, B0FZT3VJG5, B0DP2SKK3R, B0DP2V3FLM]",amzn1.campaign.CAU9KE6EEXE0,HM5691,Heymoments,2026-07-30,2027-07-30,10.00%,50000.0,50000.0,0,800,false
[B0FRLJKQFP],amzn1.campaign.3G4GKZ2GSGO6B,⛄10%! Wooden Bourbon Cup – Good=Never Ends,Argefkeen,2026-07-31,2027-01-04,10.00%,1000000.0,1000000.0,13,800,false
"[B0F8BLZVMS, B0F8BHMS1N, B0F8BKRS3Y, B0CHFH2RYC, B0CHFDNNC4, B0CT83S96C, B0CHFD9LGR, B0F8BJF26W, B0CHFDK4YS, B0F8BKP8V2, B0CHFDKF1B, B0CJQWJ8FZ, B0CHFFZKMZ, B0CHFGD5HX, B0F8BJ7NW7]",amzn1.campaign.3GDPNRT4GWDE6,AR-WG119-W002+Molly+0728 10%,MONTANA WEST,2026-07-30,2026-10-30,10.00%,5000.0,5000.0,0,800,false
"[B0H6FC3J2D, B0H6FPMG8Y, B0H6FH2F3B, B0GS68LWDT, B0H6FF9N6D, B0GSZ5KFQP, B0H71KYQJJ, B0H6FJ4326, B0H6FNBRH6, B0H6FHHPVB, B0H71FTTGY, B0H71RSVVR, B0H71KJQVR, B0H71CGV4K, B0GSZNZ74R, B0H6FFMGF9, B0H1MB4XL8, B0H71DPQWL, B0H71DGPXY, B0H71CJG62, B0GS6M33MK, B0H71FP1GH, B0H71LY8P8, B0H71KDYXC, B0H71KFXXD, B0H71QNJYZ, B0H71GWBST, B0H71KFJSB, B0H3ZVYJBP, B0H71QL19Z, B0H3ZTH5K8, B0H3ZTJ8K5, B0H71QFR4V, B0H6FPMLMV, B0H71JVMMN, B0H71G51VK, B0H71P77L6, B0H1M3M8R6, B0H71MXJ1H, B0H6FHZBP7, B0H71FB4JC, B0H719BXSH, B0GS6CC41J, B0H6FMW323, B0H6F9HKGX, B0H416G9P5, B0H71JXWZP, B0H3ZXSS3F, B0H3ZZC2C5, B0H6FQ6LM2, B0H419XMVL, B0H411Z4C5, B0H71L9M1L, B0H71DZ9TL, B0H71GB287, B0H7177P3P, B0H71LJR16, B0H415MC4T, B0H6FGZ8ZM, B0H71HKH8L, B0H4157R47, B0H6FG7V43, B0H71DYZQQ, B0H71FR9VB, B0H412DSK2, B0H6FHKDRT, B0H71QH1TZ, B0H6FP5KD5, B0H71DQN8P, B0H6FLT779, B0H1M97TW1, B0H6F8FLRC, B0H71L96TM, B0H6FPBZLJ, B0H6FQ14FD, B0H411NCJK, B0GS67VJTX, B0H6FMT5QT, B0H71FHKF5, B0GSZHW2HB, B0H6FK2M38, B0H71HV422, B0H71MHN4F, B0H6FP5YPG, B0H71GMCSQ, B0H6FD46H8, B0H71TKMF3, B0H1MGY1LC, B0H6FBYBHM, B0H71KRFKW, B0H6FPF4NZ, B0H71D7MVS, B0H6FDLJP1, B0H3ZTG8X7, B0H71NWGQ3, B0H719D7XB, B0H6FFR2BX, B0H71KQFG7, B0H6FG6C38, B0GS69X434, B0H6F8L6JT, B0H6F4M21B, B0H1M296LJ, B0H6FP48BZ, B0H71HX7GG, B0H411XTTS, B0H71CLYLS, B0H71CDMFL, B0H6FGNTMJ, B0H1M1XSL6, B0H71L471P, B0H6FCV1L3, B0H71MZVQW, B0H413LPX6, B0H6FHPKB5, B0H6FM96W7, B0H6FPF4NJ, B0H6F3RZWJ, B0H6FBYBHF, B0H71P77GB, B0H71FNTXV, B0H4113VFC]",amzn1.campaign.19QV8ZPJYW54S,Floral Washable NonSlip LowPile Rug Creator Promo-2026/07/28,Bavni,2026-07-30,2026-11-04,10.00%,5000.0,5000.0,28,800,false
"[B0DDPJXW8P, B0GQS7MMMY, B0DDPQHBT9, B0GQS2YYV5, B0GQRQP9NP, B0DDP5G7R6, B0DDPF2R8C]",amzn1.campaign.2MNK6XNS3WBFS,沿海野花和抽象花,HSHFKLH,2026-07-30,2027-07-30,10.00%,5000.0,5000.0,5,800,false
[B0FRLJKQFP],amzn1.campaign.3TIN0WUO7FN1D,🎄 10%/$1M! Personalized Whiskey Tumbler – Xmas Win,Argefkeen,2026-07-30,2027-01-03,10.00%,1000000.0,1000000.0,13,800,false
"[B0FLPZTKNG, B0H1CCCL4C, B0H1CJZBRK, B0H1BZW1XR, B0FLQ6Z7LB, B0FLQ434PM, B0FLQ26YC5, B0FLQ3FG7Z, B0GGH2LSHL, B0H1CDLVYH, B0H1C4R4L5, B0GGHCTZMS, B0FLQ43F86, B0H1C6WYXB, B0FLQ5X29R, B0FLQ4RS93, B0H1C7FY5Q, B0FLX37KNG, B0H1CC31GK]",amzn1.campaign.9HHBHJFCEDPG,IronStar,SIRUI,2026-07-30,2027-07-30,10.00%,5000.0,5000.0,0,800,false
[B07T9HC65T],amzn1.campaign.IGLHOIUK1HGD,12V Marine Socket Panel USB Outlet with Individual Switch USB C Charging Ports,KOHREE,2026-07-30,2026-12-31,10.00%,5000.0,4996.63,3,800,false
[B0FHGSTC2Y],amzn1.campaign.OT99DTV1P04Y,Compressed Air Duster,CLEANGOR,2026-07-30,2027-07-30,10.00%,100000.0,100000.0,22,800,false
[B0GZ2NVG6W],amzn1.campaign.2YIP720M6YJN1,Artificial Mums for Outdoors,CLEANGOR,2026-07-30,2027-07-30,10.00%,100000.0,100000.0,8,800,false
"[B0H6FC3J2D, B0H6FPMG8Y, B0H6FH2F3B, B0GS68LWDT, B0H6FF9N6D, B0GSZ5KFQP, B0H71KYQJJ, B0H6FJ4326, B0H6FNBRH6, B0H6FHHPVB, B0H71FTTGY, B0H71RSVVR, B0H71KJQVR, B0H71CGV4K, B0GSZNZ74R, B0H6FFMGF9, B0H1MB4XL8, B0H71DPQWL, B0H71DGPXY, B0H71CJG62, B0GS6M33MK, B0H71FP1GH, B0H71LY8P8, B0H71KDYXC, B0H71KFXXD, B0H71QNJYZ, B0H71GWBST, B0H71KFJSB, B0H3ZVYJBP, B0H71QL19Z, B0H3ZTH5K8, B0H3ZTJ8K5, B0H71QFR4V, B0H6FPMLMV, B0H71JVMMN, B0H71G51VK, B0H71P77L6, B0H1M3M8R6, B0H71MXJ1H, B0H6FHZBP7, B0H71FB4JC, B0H719BXSH, B0GS6CC41J, B0H6FMW323, B0H6F9HKGX, B0H416G9P5, B0H71JXWZP, B0H3ZXSS3F, B0H3ZZC2C5, B0H6FQ6LM2, B0H419XMVL, B0H411Z4C5, B0H71L9M1L, B0H71DZ9TL, B0H71GB287, B0H7177P3P, B0H71LJR16, B0H415MC4T, B0H6FGZ8ZM, B0H71HKH8L, B0H4157R47, B0H6FG7V43, B0H71DYZQQ, B0H71FR9VB, B0H412DSK2, B0H6FHKDRT, B0H71QH1TZ, B0H6FP5KD5, B0H71DQN8P, B0H6FLT779, B0H1M97TW1, B0H6F8FLRC, B0H71L96TM, B0H6FPBZLJ, B0H6FQ14FD, B0H411NCJK, B0GS67VJTX, B0H6FMT5QT, B0H71FHKF5, B0GSZHW2HB, B0H6FK2M38, B0H71HV422, B0H71MHN4F, B0H6FP5YPG, B0H71GMCSQ, B0H6FD46H8, B0H71TKMF3, B0H1MGY1LC, B0H6FBYBHM, B0H71KRFKW, B0H6FPF4NZ, B0H71D7MVS, B0H6FDLJP1, B0H3ZTG8X7, B0H71NWGQ3, B0H719D7XB, B0H6FFR2BX, B0H71KQFG7, B0H6FG6C38, B0GS69X434, B0H6F8L6JT, B0H6F4M21B, B0H1M296LJ, B0H6FP48BZ, B0H71HX7GG, B0H411XTTS, B0H71CLYLS, B0H71CDMFL, B0H6FGNTMJ, B0H1M1XSL6, B0H71L471P, B0H6FCV1L3, B0H71MZVQW, B0H413LPX6, B0H6FHPKB5, B0H6FM96W7, B0H6FPF4NJ, B0H6F3RZWJ, B0H6FBYBHF, B0H71P77GB, B0H71FNTXV, B0H4113VFC]",amzn1.campaign.3HCS5JGLNIRFE,Floral Washable NonSlip LowPile Rug Creator Promo-2026/07/28,Bavni,2026-07-30,2026-11-03,10.00%,5000.0,5000.0,34,800,false
"[B0DQWTRGV7, B0D8PZL2JC, B0DQXLL8FK, B0DQWWQ5JC, B0D8Q2N6Y3, B0D8Q2YW96, B0D8PYY8WX, B0DQX3J6Z1, B0D8Q327PC, B0D8Q17N1Z, B0D8Q3J6FD, B0DQWZLWS9, B0D8Q2VSP7, B0F1FHYLXV, B0DQXLFP3W, B0F1FGWSPQ, B0F1FK7QCY, B0DQWXM52Q, B0D8Q33D82, B0DQXP8VN8, B0F1FG9TMS, B0DQXNG94W, B0D8Q12H95, B0F1FGR9DD, B0DQWXBZNJ, B0D8PZT7F4, B0F1FJ73RK, B0DQX26H6S, B0D8PZZQLS, B0D8Q1QMTN, B0D8Q1CZN6, B0D8Q39NFV, B0D8Q3KLWV]",amzn1.campaign.1LESKKQB5FSN9,YOKGO Knit Lounge Sets for Women VC4R47551&1001 Get 10%,YOKGO,2026-07-30,2026-09-30,10.00%,5000.0,4989.5,0,800,false
"[B0FNWSF9LW, B0FNWPGKVY]",amzn1.campaign.BLMSFLV9ZVKO,"💸 15% COMMISSION – 500LB CAPACITY, ADJUSTABLE DEPTH, RUST-PROOF.",HANDBODE,2026-07-30,2027-07-30,15.00%,5000.0,5000.0,13,800,false
"[B0H48157CB, B0H27VXBYD, B0H27WLWXB, B0H27RXGGG, B0H27WH14C, B0H483GFRY, B0H27VXN5K, B0H27QD841, B0H48B1S3H, B0H485QZ2D]",amzn1.campaign.1QF0WHZ69C74Y,金框,HSHFKLH,2026-07-30,2027-07-30,10.00%,5000.0,5000.0,7,800,false
"[B0H6FC3J2D, B0H6FPMG8Y, B0H6FH2F3B, B0GS68LWDT, B0H6FF9N6D, B0GSZ5KFQP, B0H71KYQJJ, B0H6FJ4326, B0H6FNBRH6, B0H6FHHPVB, B0H71FTTGY, B0H71RSVVR, B0H71KJQVR, B0H71CGV4K, B0GSZNZ74R, B0H6FFMGF9, B0H1MB4XL8, B0H71DPQWL, B0H71DGPXY, B0H71CJG62, B0GS6M33MK, B0H71FP1GH, B0H71LY8P8, B0H71KDYXC, B0H71KFXXD, B0H71QNJYZ, B0H71GWBST, B0H71KFJSB, B0H3ZVYJBP, B0H71QL19Z, B0H3ZTH5K8, B0H3ZTJ8K5, B0H71QFR4V, B0H6FPMLMV, B0H71JVMMN, B0H71G51VK, B0H71P77L6, B0H1M3M8R6, B0H71MXJ1H, B0H6FHZBP7, B0H71FB4JC, B0H719BXSH, B0GS6CC41J, B0H6FMW323, B0H6F9HKGX, B0H416G9P5, B0H71JXWZP, B0H3ZXSS3F, B0H3ZZC2C5, B0H6FQ6LM2, B0H419XMVL, B0H411Z4C5, B0H71L9M1L, B0H71DZ9TL, B0H71GB287, B0H7177P3P, B0H71LJR16, B0H415MC4T, B0H6FGZ8ZM, B0H71HKH8L, B0H4157R47, B0H6FG7V43, B0H71DYZQQ, B0H71FR9VB, B0H412DSK2, B0H6FHKDRT, B0H71QH1TZ, B0H6FP5KD5, B0H71DQN8P, B0H6FLT779, B0H1M97TW1, B0H6F8FLRC, B0H71L96TM, B0H6FPBZLJ, B0H6FQ14FD, B0H411NCJK, B0GS67VJTX, B0H6FMT5QT, B0H71FHKF5, B0GSZHW2HB, B0H6FK2M38, B0H71HV422, B0H71MHN4F, B0H6FP5YPG, B0H71GMCSQ, B0H6FD46H8, B0H71TKMF3, B0H1MGY1LC, B0H6FBYBHM, B0H71KRFKW, B0H6FPF4NZ, B0H71D7MVS, B0H6FDLJP1, B0H3ZTG8X7, B0H71NWGQ3, B0H719D7XB, B0H6FFR2BX, B0H71KQFG7, B0H6FG6C38, B0GS69X434, B0H6F8L6JT, B0H6F4M21B, B0H1M296LJ, B0H6FP48BZ, B0H71HX7GG, B0H411XTTS, B0H71CLYLS, B0H71CDMFL, B0H6FGNTMJ, B0H1M1XSL6, B0H71L471P, B0H6FCV1L3, B0H71MZVQW, B0H413LPX6, B0H6FHPKB5, B0H6FM96W7, B0H6FPF4NJ, B0H6F3RZWJ, B0H6FBYBHF, B0H71P77GB, B0H71FNTXV, B0H4113VFC]",amzn1.campaign.8P9MD4QBDVLS,Floral Washable NonSlip LowPile Rug Creator Promo-2026/07/28,Bavni,2026-07-30,2026-11-02,10.00%,5000.0,5000.0,35,800,false
[B0FRLJKQFP],amzn1.campaign.4LAS73HJL6WY,👨 10%! Wooden Bourbon Cup – Good=Never Ends,Argefkeen,2026-07-30,2027-01-02,10.00%,1000000.0,1000000.0,16,800,false
"[B0FLD2HJXQ, B0FLCVQ6YN, B0FLCYZ5XR, B0FLCXX6M1]",amzn1.campaign.1VKTPWZRG1TA0,AU35,SIRUI,2026-07-30,2027-07-30,10.00%,5000.0,5000.0,0,800,false
"[B0FMF31CKF, B0DP22VGKC, B0H2616G58, B0GVYHV47W, B0H269YTC7, B0H2654N1P, B0GVYDLWJ5, B0GVYM2Y9M, B0H262Y71N, B0DP237P4T, B0H2621Z5P, B0H26FSZ96, B0FMDZS94D, B0DP22F5W2, B0H267K6QK, B0DP225LN4, B0FMF1F7MV, B0GVYC2K8H, B0GVYMZX1T, B0FMF3X55B, B0FMF3S8GR, B0FMF3N9HG, B0FMF43YCF, B0DP23B2RY, B0GVYJFQ8T, B0FMF1HKVV, B0FMDZTZ9M, B0F58T5RS3, B0FMF17HXX, B0FMF4C7DM, B0DP21CTBD, B0FMF3L2PD, B0FMF4DTSN, B0DP22GJ6K, B0H266DDJ9, B0FMDZVTD1, B0DP22Y1MM, B0GVYPXL1X, B0F5979CG9, B0DP22J7Q2, B0DP22TM34, B0GVYHJR9C, B0FPR3PYMG, B0GVYDQKQ4, B0FMF2WC3P, B0GVYGFJLB, B0FR23Z4N9, B0DP231524, B0DP22PB3H, B0FMF4VQHX, B0FMF3MN2K, B0H26BDJ9F, B0GVYD4KP2, B0FMF37FM3, B0FMWS42RV, B0H268G8ZG, B0DP22JPHQ, B0H26BVQ8Q, B0DP22LV5R, B0GVYMCJ8T, B0GVYF8D3G, B0H267NCV2, B0GVYF8D3L, B0GVYF3HC1, B0DP221752, B0FMF3L1CF, B0H263RZV2, B0FMDZRLZD, B0FMF1KMM5, B0GVYLPGF5, B0FMF3R8WZ, B0FJWJ8LNH, B0FMF1H3RR, B0DP22BHT4, B0DP22HSX6, B0FMF3N671, B0GVYVKPJB, B0FMF37WDQ, B0GVYSXX4F, B0F593T3BD, B0GVYGS35B, B0GVYLVWLG, B0FMF3DQ15, B0GVZ1MCNN, B0H25XQF8V, B0GVYH3SGJ, B0FMF3F8JD, B0H269FVYQ, B0H266CZP8, B0DP21NBH1, B0GVYGYGVZ, B0H26BWT5S, B0H2681XXT, B0H26722TP, B0H266KMKD, B0FMDZQ3VD, B0H261XCX7, B0DP22JF1M, B0FPR2J7S6, B0FPR4FCNX, B0DP226F51, B0H26CFPVF, B0GVYGTP1Q, B0FMF158BM, B0H26B3MVJ, B0DP21YDDR, B0H265YPDC, B0GVYDYRLG, B0DP228G8G, B0DP22VYRB, B0FMF3BY57, B0FR23VBJV, B0FMF3BY54, B0FMF1BGK3, B0GVYFMBGB, B0H2676QW2, B0GVY2YVTB]",amzn1.campaign.2V05AJETJGSRS,HM5686,Heymoments,2026-07-30,2027-07-30,10.00%,50000.0,50000.0,0,800,false
"[B0H6FC3J2D, B0H6FPMG8Y, B0H6FH2F3B, B0GS68LWDT, B0H6FF9N6D, B0GSZ5KFQP, B0H71KYQJJ, B0H6FJ4326, B0H6FNBRH6, B0H6FHHPVB, B0H71FTTGY, B0H71RSVVR, B0H71KJQVR, B0H71CGV4K, B0GSZNZ74R, B0H6FFMGF9, B0H1MB4XL8, B0H71DPQWL, B0H71DGPXY, B0H71CJG62, B0GS6M33MK, B0H71FP1GH, B0H71LY8P8, B0H71KDYXC, B0H71KFXXD, B0H71QNJYZ, B0H71GWBST, B0H71KFJSB, B0H3ZVYJBP, B0H71QL19Z, B0H3ZTH5K8, B0H3ZTJ8K5, B0H71QFR4V, B0H6FPMLMV, B0H71JVMMN, B0H71G51VK, B0H71P77L6, B0H1M3M8R6, B0H71MXJ1H, B0H6FHZBP7, B0H71FB4JC, B0H719BXSH, B0GS6CC41J, B0H6FMW323, B0H6F9HKGX, B0H416G9P5, B0H71JXWZP, B0H3ZXSS3F, B0H3ZZC2C5, B0H6FQ6LM2, B0H419XMVL, B0H411Z4C5, B0H71L9M1L, B0H71DZ9TL, B0H71GB287, B0H7177P3P, B0H71LJR16, B0H415MC4T, B0H6FGZ8ZM, B0H71HKH8L, B0H4157R47, B0H6FG7V43, B0H71DYZQQ, B0H71FR9VB, B0H412DSK2, B0H6FHKDRT, B0H71QH1TZ, B0H6FP5KD5, B0H71DQN8P, B0H6FLT779, B0H1M97TW1, B0H6F8FLRC, B0H71L96TM, B0H6FPBZLJ, B0H6FQ14FD, B0H411NCJK, B0GS67VJTX, B0H6FMT5QT, B0H71FHKF5, B0GSZHW2HB, B0H6FK2M38, B0H71HV422, B0H71MHN4F, B0H6FP5YPG, B0H71GMCSQ, B0H6FD46H8, B0H71TKMF3, B0H1MGY1LC, B0H6FBYBHM, B0H71KRFKW, B0H6FPF4NZ, B0H71D7MVS, B0H6FDLJP1, B0H3ZTG8X7, B0H71NWGQ3, B0H719D7XB, B0H6FFR2BX, B0H71KQFG7, B0H6FG6C38, B0GS69X434, B0H6F8L6JT, B0H6F4M21B, B0H1M296LJ, B0H6FP48BZ, B0H71HX7GG, B0H411XTTS, B0H71CLYLS, B0H71CDMFL, B0H6FGNTMJ, B0H1M1XSL6, B0H71L471P, B0H6FCV1L3, B0H71MZVQW, B0H413LPX6, B0H6FHPKB5, B0H6FM96W7, B0H6FPF4NJ, B0H6F3RZWJ, B0H6FBYBHF, B0H71P77GB, B0H71FNTXV, B0H4113VFC]",amzn1.campaign.2Y2BB05YCYDIA,Floral Washable NonSlip LowPile Rug Creator Promo-2026/07/28,Bavni,2026-07-30,2026-11-01,10.00%,5000.0,5000.0,31,800,false
"[B0DKX6QY2H, B0DRGPHBB3, B0F22JJVF8, B0DKX7BBDB, B0DKXHSW8D, B0DQ8G13N8, B0DRGNZNQY]",amzn1.campaign.1OOIXR499VIRH,AU85,SIRUI,2026-07-30,2027-07-30,10.00%,5000.0,5000.0,0,800,false
"[B0F2HWZP3C, B0F9NFJ3B3, B0F9NFYKL2, B0D9W22QL8, B0D8TXV74H]",amzn1.campaign.13O4F7CTUN6XD,OFEWPAGA Wind Spinners 07.28,OFEWPAGA,2026-07-30,2026-12-31,20.00%,10000.0,10000.0,0,800,false
"[B0GHPCJNYQ, B0GHPGP2R5, B0GHPJQTZG, B0GHPCRYHK, B0GHPRVD1Z]",amzn1.campaign.3E3BOAP64UA6W,Chicken Shredder,CLEANGOR,2026-07-30,2027-07-30,10.00%,100000.0,100000.0,9,800,false
"[B0FNR8RG6J, B0FNRBJ4TQ, B0FNR7WTPR, B0FNR6RPXJ, B0FNRBJ69R, B0FNR9QNMG, B0FNRBG6JY, B0FNR8Q44D, B0FNRDF8CN, B0FNR9ZVWX, B0FNRBTM6Z, B0FNR6M44J, B0FNR7H283, B0FNRF1P17, B0FNR8TN48, B0FNR8H7ZL, B0FNR99MP8, B0FNR94C9H]",amzn1.campaign.WJXJMP27QIDO,🛠️Quality Obsessed! Durable Western Gemstone Chain Belt (15% Commission),JKEEMI,2026-07-30,2026-12-31,15.00%,8000.0,8000.0,10,800,false
"[B0CRDY4CVN, B0CRDZPD4N, B0CRF17XVD]",amzn1.campaign.Y6ADF3CP8QP6,Weight Lifting Straps 28.07.2026,YAGHZU,2026-07-30,2026-09-21,10.00%,5000.0,5000.0,24,800,false
"[B0CXPG63DJ, B0G4C66296, B0G4CBGBX7, B0G4CC3HBC, B07MZVK8TC, B0G4CBR6C9, B0827DDRTQ, B0CXPMK61K, B0G4C9C8L3, B0CXPFKC8N, B0G4C93J35, B07MZVJCV1, B07MZVPNV4, B0G4CB5PHT, B0G4C8QD9V, B0827F1ZVZ, B0CX91FTY3, B0G4C9B3V7, B0DX21KLB2, B0CX8KBTFS, B0855LKVTM, B0DX222WZH, B0G4C8LMKJ, B0G4CB9MKQ, B0827DRG84, B0G4CC11H7, B07MZWFR3Q, B0DX231HZY, B0827F83NB, B07PS32QR8, B0G4C7DM36, B0G4CC4MWZ, B0855VCGMP, B0855D4YMV, B0G4C7MZF3, B0827DRCL4, B0DX21S3TC, B0CX91CYK3, B07PNMYCQD, B082LTXYJF, B0G4C8C4W5, B0G4C8P8D7, B0G4C92HPK, B0G4CB1Z63, B0G4CCGWS7, B07MZVCZ59, B0855FHRNQ, B0G4C8G1MF, B0855QK1T5, B0G4CC7HR3, B0G4C8H523, B082M44GR1, B07PQV2927, B0G4C93CPC, B0G4C8MTDC]",amzn1.campaign.BRKLH7EOIMHA,Win-Win Collaboration:Promote GINGTTO 76g Mens Denim Shorts &Earn 15% Commission,GINGTTO,2026-07-30,2026-10-31,15.00%,5000.0,5000.0,4,800,false
[B0H4F9X53C],amzn1.campaign.3A3Q1LNMN31YW,🌿Red Light Mat Full Body 2704 LEDs | Anti-Aging – 💰10% Commission,BingSkyer,2026-08-05,2026-11-30,10.00%,5000.0,5000.0,19,800,false
[B0FRLJKQFP],amzn1.campaign.19ZG3O1KR8C0L,👔10%/$1M! Personalized Whiskey Tumbler – Dad Win,Argefkeen,2026-07-30,2027-01-01,10.00%,1000000.0,1000000.0,8,800,false
"[B0DP78YQL6, B0DP7CDTHH, B0DP7FNDXP, B0DP7CHRHW, B0H325KQ6N, B0DP7DWYFB, B0DP7BX1CJ, B0GRTZVLFX, B0FMD5WWRH, B0H329MX7L, B0FF4HQRWF, B0H32C7VYR, B0H327VQWJ, B0DP79FQHQ, B0H3256FH7, B0FF4H1S5T, B0GRV4CSFC, B0FMCT5L97, B0DP7FGS9K, B0GRV5MQ9W, B0DP7CT7G8, B0GRV8PN71, B0DP7H444Q, B0DP7GVL41, B0GRV41SST, B0DP7CYXPY, B0DP7CDZK6, B0FF4JNQTQ, B0FSRQ268F, B0F58SC89H, B0H321HFBK, B0DP7CMSVC, B0H32CGQRT, B0DP7H1NHB, B0FGCHJL7N, B0H328WKX7, B0DP7DKH6F, B0DP7CP598, B0DP7GZS3C, B0H325JB2R, B0DP7FDN8D, B0DP7FW9N2, B0FSRMX26H, B0DP7GQDHM, B0FSRKX6H8, B0DP7CHPDX, B0GRV3DHSJ, B0H3257PWZ, B0DP7CKWB3, B0DP7GPB82, B0DP7D6Y3B, B0H327CFMX, B0H26N66H5, B0DP7G53QN, B0DP7BTLHK, B0FSRN6G5T, B0DP7FLNN6, B0DP7G1V9Y, B0H26NS4NF, B0FGD3ZTWB, B0H32D7DX3, B0DP7FJRSM, B0GRV72HD7, B0DP7GVHYD, B0DP7BQX16, B0DP7D8NP8, B0H323726V, B0DP7CLMVB, B0F598G3G1, B0F597BWH8, B0DP7F9VWK, B0H323C6L9, B0DP7FJX84, B0DP7G2PBF, B0DP7F453L, B0FSRQDZFD, B0H325MRP5, B0DP7F1YTC, B0GRV26YLY, B0GRTSC94Q, B0DP7GNQJ6, B0FGD3YY1X, B0GRV9PM4C, B0DP7D39DD, B0FF4K5T7Q, B0GRTY1YSZ, B0DP7C8LRD, B0GRV77S8W, B0H328YJBZ, B0H26K2RCT, B0DP7CKPZ5, B0DP7DMPM3, B0DP7DX6QH, B0DP7BT4CZ, B0DP7DSY3Y, B0DP7DHX32, B0DP7CTMPQ, B0DP7GF34P, B0DP7F38S4, B0DP7D7S67, B0F47675FG, B0H321CFDP, B0DP7BWK84, B0FF4HQKN4, B0H26GPJ9V, B0DP7F9L8N, B0GRV5YJSY, B0GRV937NC, B0DP7DTCX1, B0DP79TZ54, B0DP7H5FXV, B0H32BPWLW, B0FGCHDWLW, B0F59B64KW, B0DP7DMGTC, B0GRV46Q6B, B0FGCH8VVG, B0DP7DP3CK, B0F598FQRW, B0H3297HR1, B0DP7F1WND, B0DP7F4489, B0DP7D7S52, B0H32CHJ61, B0H26TS7JR]",amzn1.campaign.1FMH1PE98GVW9,HM5681,Heymoments,2026-07-30,2027-07-30,10.00%,50000.0,50000.0,0,800,false
"[B0BXSMSS7M, B0CJC65Q9P]",amzn1.campaign.2UBIOZF056OOG,内窥镜G30-3,Daxiongmao,2026-08-01,2026-12-31,10.00%,10000.0,10000.0,7,800,false
"[B0F6XWQS7X, B0D5CQC946, B0D5CHXHMZ, B0D5CPMHXL, B0GDDT38QH, B0D5CDN1GF, B0D5B3S44N, B0F6Y2WYGT, B0D56YGZCP, B0D5B68NHG, B0GYWBXB5X, B0D56YQY4X]",amzn1.campaign.3L4UTI67M070A,太阳-基督教-牛,SXHANJXT,2026-07-30,2027-07-30,10.00%,5000.0,5000.0,9,800,false
[B0H3DBSMS5],amzn1.campaign.1NBBFRCM8UEYS,🏥 Recovery meals that actually taste good? This blender delivers!,Liebe&Lecker,2026-07-31,2027-05-27,25.00%,5000.0,5000.0,2,800,false
"[B0F1TLKZRB, B0GZ45LWT8, B0F1TMTW1C, B0GZ3R3F9S, B0GZ3TW6TR, B0F1TLYB66, B0F1TS8BRH, B0GZ48R54Y, B0F1TNFM1P, B0HBQM3RQB, B0GZ3W41BD, B0GZ4BJX68, B0F1TMSS58, B0F1TL6LH1, B0GZ3XBKVD, B0HBQ51G9G, B0F1TPYRP2, B0GZ47SGB7]",amzn1.campaign.V8Y1ESJYFQ0H,VP-1,SIRUI,2026-07-30,2027-07-30,10.00%,5000.0,5000.0,0,800,false
"[B0G3VKCJRR, B0GYP961PV, B0GYPDS6DT, B0GYPG7S5H, B0H1DC4K5T, B0G3X324QN, B0GYP6XYF8, B0G3VKPQ8V, B0GYPCPR7P, B0GYPH9FJF, B0G3V91969, B0GYPGMKDY, B0GYP4LM8Q, B0G3VKB1CT, B0GYP7TYV3, B0GYPDZZ6R, B0G3X2H9DB, B0G3VDW9NC, B0GYPH7MP2, B0G3VMZB5Q, B0G3VH6RRW, B0GYPHQLWS, B0GYP935S8, B0GYP9LHNG, B0GVYGSRVW, B0G3VDDM4F, B0G3VF5K8L, B0G3VGHG3H, B0GYPDPX7Q, B0GYP595L6, B0GYP6WVXZ, B0G3X5G6MQ, B0G3X3LZ8K, B0GYPFQ3L4, B0GYPJDP4C, B0G3V9NCW8, B0GYPC1LZN, B0GYPHY9QN, B0GYPF8JNS, B0G3X3M4K8, B0G3VMPNVL, B0GYP263HH, B0G3VH9443, B0G3VL1LJW, B0GVYFNR6S, B0G3X29QD4, B0GYP9JZHV, B0G3X53GT6, B0GYPBWBT6, B0GYPLXJSW, B0G48C99ZY, B0G3WYNS3V, B0H2L2BNDM, B0GYPV1V9Z, B0GYPG7C5Q, B0G3X21H13, B0GVYPDVHN, B0GYNZZ242, B0G3VLTZMH, B0GYPHXN2Q, B0G48CSXPN, B0H1C5Y7PH, B0G3VF5QWX, B0G3WZLJWH, B0GYPGLMH1, B0G3VLPS5Z, B0GYP6ZPRF, B0G3X17ZQ2, B0GVYBTC4K, B0GYP91DYZ, B0G3VMXHLG, B0GYPGHF6Q, B0G3VQ1BV3, B0G3X38S73, B0GYPHNC1M, B0GYPLY1R5, B0G48H6JQF, B0G3VKN8BT, B0G3WZ25JN, B0GYPG51FF, B0GYPL7PCG, B0GYP68CMB, B0G3VCPHJS, B0GYP9CXDT, B0G3VG55JY, B0G3VFP9FN, B0GYPG5NDK, B0G3X2GWJ9, B0G48GPKBH, B0G3VGKRT7, B0GYPFB7WW, B0G48FSK5F, B0GYPF2TGV, B0G3VK8BZT, B0G3X1RKVD, B0GYP91XSG, B0G3X2V2KH, B0G3WYZBCR, B0G3VCFL6W, B0GVYCLCYF, B0GYPF5BJY, B0GYP9GFW6, B0GYPBG2WS, B0GYPGNSLP, B0G3X1DJDR, B0GYPP2MTR, B0GYPDXW44, B0G3VHFH15]",amzn1.campaign.25VSI1QN0EOJA,HM5633,Heymoments,2026-07-30,2027-07-30,10.00%,50000.0,50000.0,0,800,false
"[B0BXSMSS7M, B0CJC65Q9P]",amzn1.campaign.B5A2MZYH8TEP,内窥镜G30-2,Daxiongmao,2026-08-01,2026-11-30,10.00%,10000.0,10000.0,13,800,false
"[B0H47WMT2Q, B0H4854M82, B0H48P7JLR, B0FVFRMSX7, B0CLFZV9TX, B0C1NMJBW8, B0FSCL9QNC, B0H48CHRJM, B0C1NN7NYS, B0C1NP3F68, B0CLFX419T, B0C1NKGVM8, B0C1NLBKHD, B0H48643VH, B0C1NL5SX3, B0CLFX7LM8, B0CLFYHQL8, B0H48DSRN1, B0H489S8L5, B0DBHLJLBQ, B0H47ZJL9M]",amzn1.campaign.BAHBSUR4GISF,v part wig kinky curly and body wave human hair glueless wear and go,RAGMZZE,2026-08-01,2026-12-31,10.00%,5000.0,4961.11,3,800,false
[B0H3DBSMS5],amzn1.campaign.2ZQIGIH021NYW,🥫 Leftover veggies? This blender turns them into gourmet sauces!,Liebe&Lecker,2026-07-31,2027-05-28,25.00%,5000.0,5000.0,9,800,false
[B0GYS95CFG],amzn1.campaign.3EKQ6PVVR8CX0,"Professional Dog Grass（Model,AG10080-G）0728",Averbro,2026-07-30,2026-09-30,10.00%,5000.0,5000.0,20,800,false
"[B0GN58SP27, B0GN55HT4K, B0GN6D91PM, B0GN54HKTW, B0GN4YQV4P]",amzn1.campaign.2R1VHCV9E9PJR,Reusable Individual Avocado Saver,CLEANGOR,2026-07-30,2027-07-30,10.00%,100000.0,100000.0,11,800,false
[B0H3DBSMS5],amzn1.campaign.7LI0V5QV3HVS,🥗 30-day clean eating? This blender makes greens taste GOOD!,Liebe&Lecker,2026-07-31,2027-05-29,25.00%,5000.0,5000.0,14,800,false
"[B0DJK37RCS, B0DJK1RLX4, B0DJK1W6SK]",amzn1.campaign.2BTLOHJYAZDTD,Crevice Cleaning Brushes,CLEANGOR,2026-07-30,2027-07-30,10.00%,100000.0,100000.0,18,800,false
[B09FJLD3FF],amzn1.campaign.3KI51GHB2ZMWO,"Rain Gauge Outdoor (Model,RM-BS7-001)0728",Toiclebor,2026-07-30,2026-09-30,10.00%,5000.0,5000.0,13,800,false
"[B0GKGH8RZ4, B0GKG8C5DQ, B0GKG3RMQX, B0GKGHBCL8, B0GKGDRL2F, B0GKH7FTQF, B0GKGKRRT4, B0GKGGVVFB, B0GKGR3942, B0GKGLQBKY, B0GKGM9WS6, B0GKG9VSVB, B0GKGY11R1, B0GKGBCZQM, B0GKGB5MRG, B0GKG6YW59, B0GKGDYRMR, B0GKGKSSCP, B0GKGMDTT7, B0GKGJRBRD, B0GKGSQBBJ, B0GKGBH1D6, B0GKGJ63J8, B0GKHBGVZ3, B0GKG9L9SZ, B0GKGDB59D, B0GKGF5R3F, B0GKGCR8D1, B0GKG9CSQZ, B0GKGF5V1N, B0GKG4DKFF, B0GKGWFX69, B0GKFXMMZG, B0GKGCWRY7, B0GKGBTQNT, B0GKGHDFSY, B0GKGJQ664, B0GKGM9T16, B0GKGQSD8F, B0GKGHMPNL, B0GKGKNWKM, B0GKGDT4CV, B0GKGMG9TW]",amzn1.campaign.3J3QG9HJ2JKRL,HM3277,Heymoments,2026-07-30,2027-07-30,10.00%,50000.0,50000.0,0,800,false
"[B0H6BBVM98, B0H6BFQWRT, B0H6B8L8JN, B0H6B62Y3L, B0H6BC5L2V, B0H6BBTMZC, B0H6BGXT4N, B0H6B94ZH7, B0H6B4ZMDC, B0H6BFQ692, B0H6BBLVD5, B0H6BFYQY5, B0H6B31FTF, B0H6BCDMCC, B0H6BCDQGC]",amzn1.campaign.33E7FIXCQ40CD,10% commission rate for frenchie muzzle,DORA BRIDAL,2026-07-30,2026-11-30,10.00%,5000.0,4991.26,0,800,false
"[B0BXSMSS7M, B0CJC65Q9P]",amzn1.campaign.3CV2Y4ALN6BS3,内窥镜G30-1,Daxiongmao,2026-07-30,2026-10-31,10.00%,10000.0,9812.9,5,800,false
"[B0F6Y2DCX8, B0D56X7W5J, B0D56ZS35P, B0F6Y3MK7Z, B0D56YSLQJ, B0D56WYF4G, B0D56ZM5HD]",amzn1.campaign.3UOQKEN021UC,雏菊和白牛,SXHANJXT,2026-07-30,2027-07-30,10.00%,5000.0,5000.0,11,800,false
[B0DS2G3P8G],amzn1.campaign.GPBZ7L7CMKLM,"Rain Gauge Replacement Tube（Model,RM-T09）0728",Toiclebor,2026-07-30,2026-09-30,10.00%,5000.0,5000.0,12,800,false
"[B0FSZ543JH, B0FSZ5P2T5, B0FSYS8WMD, B0FSZ5GVJV, B0FSZ5TST2, B0FSZ33719, B0FSZ55RD5, B0FSZ6VQ2K, B0FSZ4G5ZH, B0FSZ6DQYJ, B0FSZ43THK, B0FSZ7DTVW, B0FSZDM2P7, B0FSZ8K97W, B0FSZ7867Q, B0FSYS94PF, B0FSZ55Q98, B0FSZ7VVNS, B0FSZ71MNG, B0FSZ72GX8, B0FSZ767ZV, B0FSZ5L4LC, B0FSZ6KPPT, B0FSZ3T2ZQ, B0FSYS94PH, B0FSYS8B8B, B0FSZ5CKGV, B0FSZ5YJB8, B0FSZ6DCFF, B0FSYS7YT6]",amzn1.campaign.5U5BTVAQ0WSR,YOKGO Knit Lounge Sets for Women VZ5R318 Get 10%,YOKGO,2026-07-30,2026-09-30,10.00%,5000.0,4996.58,0,800,false
[B0FRLJKQFP],amzn1.campaign.B4WAAQW4QIO0,👨 10%! Bourbon Glass – $1M + Good=Infinite,Argefkeen,2026-07-30,2026-12-09,10.00%,1000000.0,1000000.0,15,800,false
[B0H3DBSMS5],amzn1.campaign.J6R8799IJAB2,🎉 Smoothies for 6 people in 30 sec? This 50oz pitcher delivers!,Liebe&Lecker,2026-07-31,2027-05-30,25.00%,5000.0,5000.0,18,800,false
"[B0DH1YZ8KS, B0F1STMLGZ, B0DHNQ8PCS, B0FD8VMZH5, B0F1SVF2FG, B0DH1TH8BY, B0DH1YQTHY, B0DHNR1RR3, B0F1SJY7P9, B0DH1Z1ZP5, B0DH1V7WL2, B0F1T1JZJP, B0F1SRPS7G, B0F1S5GJHV, B0DP1ZFY8G, B0F1SZY6BH, B0DHNLW7ZK, B0DHNNHT42, B0DH1XH4KL, B0DHNLS5B9, B0DP1Y6NF9, B0F1SV6KSQ, B0DH1V89VV, B0DH1VVYGQ, B0F1SJNNW9, B0DHNNPJTS, B0F1SJ9P8R, B0G658ZF69, B0DHNN491D, B0F1SP8TQP, B0DP1ZKWZ2, B0DHNNDLKV, B0DHNL8XPD, B0F1T1FX2X, B0DHP1NBBN, B0DH1NXQY7, B0DHNP2ZFW, B0F1SM3CVP, B0DHNMTBB3, B0DHNNN6DB, B0DP1Z82PG, B0DH22Q6YB, B0F1SVTY78, B0DH25D4XS, B0DHNTT1FX, B0DHP2MDY6, B0F1T366W1, B0F1SZZJJV, B0DH22B8J5, B0DHNNHXXX, B0DH1TC4T8, B0F1S7JQTY, B0F1SGB3KW, B0F1SZYVML, B0DH1FQ11S, B0DH225TGR, B0DH1V1PQT, B0DP1WRZDG, B0DH1RGJ2R, B0F1STL3M8, B0DH1YXBHD, B0DP1YBW1F, B0DHNTQJ7W, B0DH1NXQX1, B0F1STTMM2, B0DH1YY2ZR, B0DH1MMYML, B0FHVZ5362, B0DH27D4ZY, B0DHNXVH2F, B0DP1XZRDT, B0DH25DJ36, B0DHP5MQX4, B0DP213X8M, B0DH275V5P, B0DH1XB5F7, B0F1SGVP27, B0DH1TQNLG, B0F1T1KXBM, B0DH1R7T5Z, B0DH1K4GYJ, B0F1SMCKBB, B0F1SBRDMB, B0F1T19656, B0F1T373DH]",amzn1.campaign.ZARECV6NNZQM,HM3117,Heymoments,2026-07-30,2027-07-30,10.00%,50000.0,50000.0,0,800,false
"[B0G2SYK69J, B0G2SVFDXM, B0G2T258QS, B0G2SYF18L, B0G2SWG5M2, B0G2SZZWMQ, B0G2SY4H8C, B0G2SWCB4B, B0G2SYFD1C, B0G2T1BYQ3, B0G2SY4VCJ, B0G2T22J8P, B0G2SZTT1G, B0G2SYSYX8, B0G2SW5F5P, B0G2T22J8J, B0G2SX3S22]",amzn1.campaign.22T9KBUSL25BV,Men's Safari Shirt,Edywdfew,2026-07-30,2027-07-30,10.00%,100000.0,100000.0,6,800,false
"[B0FX4YQTLG, B0FX4VZKWC, B0FX51JFGR, B0FX4HBJGT, B0FX5GZ4H7, B0FX4YGXSS, B0FX58LWPN, B0FX5B2GKX, B0FX4SLGYF, B0FX4ZZZCV, B0FX5615ZK, B0FX5CKS93, B0FX4TXHSP, B0FX552DLV, B0FX4WFMLV, B0FX55G8RC, B0FX52VH9L, B0FX526H7D, B0FX53RR4R, B0FX4S3542, B0FX4ZDT8V, B0FX4WDHKG, B0FX4RY3CR, B0FX4L3993, B0FX53T2LW, B0FX55224Y, B0FX57TLMJ, B0FX55ZBSY, B0FX4QDKXW, B0FX546DCG, B0FX53YPSP, B0FX57RHSF, B0FX5BQ14N, B0FX53LLBM, B0FX4RMSP4, B0FX5563TM, B0FX4YGDTT, B0FX4X837M, B0FX4YX73G]",amzn1.campaign.1E5KA50YB2824,Wedding Gifts - Personalized Towels,Soleus,2026-07-30,2027-04-01,30.00%,1000000.0,1000000.0,0,800,false
"[B0GT915RZZ, B0GT96WGNQ, B0GT99K4GK, B0GT95TQKJ, B0GT955L8Z, B0GT93PNCW, B0GT97MZYR, B0GT96ZBMC]",amzn1.campaign.3BK0ZAKPCIE0I,10% Commission on Creator Friendly Nissan Versa 2007-2024 Full Set Seat Covers,FaiFani,2026-07-31,2026-12-05,10.00%,5000.0,4989.0,1,800,false
[B0D1XSVFP7],amzn1.campaign.2VSHQUOA1A2JM,"Rain Gauge Outdoor (Model,RM-BS7-002)0728",Toiclebor,2026-07-30,2026-09-30,10.00%,5000.0,5000.0,21,800,false
[B0GC7WR3SL],amzn1.campaign.2JOWGERBW2GEI,70Pcs Sewing Needle Set,CLEANGOR,2026-07-30,2027-07-30,10.00%,100000.0,100000.0,20,800,false
"[B0FH5GMDMX, B0H5KGRLY1, B0H5KDN7GR, B0FH5FV3NW]",amzn1.campaign.2TV0Z7IG0W5XW,2Pcs Norfolk Pine Garlands - Christmas Decorations,CLEANGOR,2026-07-30,2027-07-30,10.00%,100000.0,100000.0,0,800,false
"[B0G3TC94GY, B0DPK2MTHG, B0BZKYKKCS, B0DPK32L4D, B0G3TPFX9B, B0G3TJZ4MR, B0BB7H6LX3, B0G3TPFDK3, B0F2YQP1RK, B0DPK35G9G, B0F1S4S9X8, B0F28ZJRND, B0F2SXRPCG, B0BZKZRBB4, B0DPK3FQC7, B0BZKX7PD8, B0BZL11ZVQ, B0C3LD4BXX, B0F2917187, B0F2YHZ2X1, B0G3T93WBT, B0FSXD7376, B0G3TBRFTM, B0G3TPQ64T, B0F2Y5MR6Y, B0BGP63NHV, B0G3TM8BSV, B0BB7JTQ1Z, B0G3TFGKXH, B0G3TG23KC, B0BB7M5HQQ, B0F2Y7XJJ3, B0BB7K7GR7, B0G3TJ6RKL, B0BGP4MW1V, B0BXLHPRXJ, B0BZKZ4Q9D, B0BB7HNNLB, B0F1SBKGZL, B0G3TKHBR9, B0DPK2JD8X, B0BZKYW9NJ, B0BZL2R4LW, B0DPK1CYYX, B0F1SGQTPY, B0F2Y77GJN, B0BGP3VM2G, B0FGCNPHV7, B0BZL12WXB, B0DPK195XB, B0BGP31FK9, B0FSXDYRBC, B0F2XWZ3PC, B0DPK1VK53, B0G3TLM97H, B0BZL16CD7, B0FSX8MVM1, B0F28YW17S, B0F2Y8M496, B0BB7HV5NN, B0BB7J15CL, B0G3THZH6F, B0FSX8VNZJ, B0FGCLLH14, B0F2Y8XMY5, B0F2927BD3, B0BGP6DWFD, B0G3TPG3C2, B0F28ZHTDZ, B0DPK3LL4M, B0F28YR83K, B0FSX8S35L, B0BGP1BNQC, B0F28XXHW8, B0BZKZRBYB, B0F2Y2MY2X, B0G3TBZXJ3, B0BB7GVMHV, B0F2Y4S5B7, B0DPK1NXX2, B0BZL1NCH1, B0G3TPG4CW, B0DPK2PTL2, B0BGP3RQQC, B0FSX9C37X, B0F2XT95W9, B0FGCDCSL1, B0BB7GZDM6, B0FSXCT9MV, B0FF4FKBTL, B0FSX5F46R, B0F2Y2KHYN, B0F2SZZSX4, B0FGCW1VBY, B0FGCY1BTV, B0F28YLC1Z, B0FGCQLM4V, B0F291RKGF, B0F28ZKPZN, B0F28ZDVBD, B0FF4K26SF, B0BGP4PK67, B0BGP1K7BB, B0C3LD14KB, B0FGCFWJ83, B0DPK2PSXV, B0F28XSWYQ, B0BB7GXLKK, B0FSXCNLD6, B0FGCM5RSS, B0BXLJ3QXT, B0BGP3B47B, B0BXLHXMZN, B0G3TKRTSC, B0FSX8D432, B0DPK2LBKK, B0BZL1S44B, B0BZKYFHS2, B0FGCMWY2P, B0F1S6ZYVP, B0BXLKM8LN, B0F28YWR67, B0DPK1H11V, B0BZL2TYVF, B0F1SGJWNB, B0BZL1M9Y4, B0BGP1J8XN, B0F1SDDYMB, B0BB7QCW27, B0DPK2J9GP, B0F1RY87XM, B0F28Z4K2J, B0BXLHNQ41, B0G3T9CDD1, B0FGC74P24, B0BZL1GW18, B0F1RR3HZF, B0F28W5F12, B0BZKZWZTL, B0FSX5QMS9, B0BZL28WJB, B0FGD41874, B0FSX8G7N6, B0DPK1XMX2, B0F1S9MXVP, B0BZKZCP35, B0BB7SFPVN, B0FGCRQWZM, B0BZL17QHG, B0FGC7C7V4, B0BB7LPKSZ, B0DPK44C27, B0FSWX5W57, B0FGCR42F1, B0F28ZRS8K, B0DPK2NQ7S, B0DPK3KHTP, B0F1SBTKYT, B0F291NQDR, B0FGCW5GF3, B0BZL1YHH2, B0F2XXSBB1, B0BB889WPB, B0BZKZMYHK, B0F1SDS9GT, B0F2XZ9MT7, B0FSX9V4FT, B0BGP25HL7, B0F28XBJP7, B0FGC4GTG7, B0DPK2MD9Y]",amzn1.campaign.2S7N2PKI8IZEX,HM3116,Heymoments,2026-07-30,2027-07-30,10.00%,50000.0,50000.0,0,800,false
"[B0H6FC3J2D, B0H6FPMG8Y, B0H6FH2F3B, B0GS68LWDT, B0H6FF9N6D, B0GSZ5KFQP, B0H71KYQJJ, B0H6FJ4326, B0H6FNBRH6, B0H6FHHPVB, B0H71FTTGY, B0H71RSVVR, B0H71KJQVR, B0H71CGV4K, B0GSZNZ74R, B0H6FFMGF9, B0H1MB4XL8, B0H71DPQWL, B0H71DGPXY, B0H71CJG62, B0GS6M33MK, B0H71FP1GH, B0H71LY8P8, B0H71KDYXC, B0H71KFXXD, B0H71QNJYZ, B0H71GWBST, B0H71KFJSB, B0H3ZVYJBP, B0H71QL19Z, B0H3ZTH5K8, B0H3ZTJ8K5, B0H71QFR4V, B0H6FPMLMV, B0H71JVMMN, B0H71G51VK, B0H71P77L6, B0H1M3M8R6, B0H71MXJ1H, B0H6FHZBP7, B0H71FB4JC, B0H719BXSH, B0GS6CC41J, B0H6FMW323, B0H6F9HKGX, B0H416G9P5, B0H71JXWZP, B0H3ZXSS3F, B0H3ZZC2C5, B0H6FQ6LM2, B0H419XMVL, B0H411Z4C5, B0H71L9M1L, B0H71DZ9TL, B0H71GB287, B0H7177P3P, B0H71LJR16, B0H415MC4T, B0H6FGZ8ZM, B0H71HKH8L, B0H4157R47, B0H6FG7V43, B0H71DYZQQ, B0H71FR9VB, B0H412DSK2, B0H6FHKDRT, B0H71QH1TZ, B0H6FP5KD5, B0H71DQN8P, B0H6FLT779, B0H1M97TW1, B0H6F8FLRC, B0H71L96TM, B0H6FPBZLJ, B0H6FQ14FD, B0H411NCJK, B0GS67VJTX, B0H6FMT5QT, B0H71FHKF5, B0GSZHW2HB, B0H6FK2M38, B0H71HV422, B0H71MHN4F, B0H6FP5YPG, B0H71GMCSQ, B0H6FD46H8, B0H71TKMF3, B0H1MGY1LC, B0H6FBYBHM, B0H71KRFKW, B0H6FPF4NZ, B0H71D7MVS, B0H6FDLJP1, B0H3ZTG8X7, B0H71NWGQ3, B0H719D7XB, B0H6FFR2BX, B0H71KQFG7, B0H6FG6C38, B0GS69X434, B0H6F8L6JT, B0H6F4M21B, B0H1M296LJ, B0H6FP48BZ, B0H71HX7GG, B0H411XTTS, B0H71CLYLS, B0H71CDMFL, B0H6FGNTMJ, B0H1M1XSL6, B0H71L471P, B0H6FCV1L3, B0H71MZVQW, B0H413LPX6, B0H6FHPKB5, B0H6FM96W7, B0H6FPF4NJ, B0H6F3RZWJ, B0H6FBYBHF, B0H71P77GB, B0H71FNTXV, B0H4113VFC]",amzn1.campaign.1JNO79FYAFIB6,Floral Washable NonSlip LowPile Rug Creator Promo-2026/07/28,Bavni,2026-07-30,2026-10-31,10.00%,5000.0,5000.0,29,800,false
[B0H3DBSMS5],amzn1.campaign.3AG3SF12RSVWK,🍲 Hot soup straight from the stove? This blender handles it!,Liebe&Lecker,2026-07-31,2027-05-31,25.00%,5000.0,5000.0,11,800,false
[B0F4X99CXV],amzn1.campaign.1V6DUZ7A7PC89,3 in 1 Multifunctional Cup Lid Cleaning Brush,CLEANGOR,2026-07-30,2027-07-30,10.00%,100000.0,100000.0,22,800,false
"[B0GSJG2PCP, B0GSJ8LQ6F, B0G41SK9Q5, B0G429DH8H, B0GSJ3JFQD, B0GKM9D9DF, B0G41Z2HFZ, B0GVYFRVVL, B0GSJ6S2M8, B0GKMC4D4G, B0GKLZ4W7R, B0GKM3V8T8, B0GKMSYCLZ, B0G41YS9D6, B0G41TLZD1, B0GSJ9SP2P, B0G4W96SGR, B0GKMC32F3, B0GSJ6PC7J, B0G4228NHT, B0GSJH9BVX, B0GSJPTN1D, B0GKMR7P4T, B0GSJCZNW3, B0GKMLZTL8, B0GKMLW6J2, B0G42DW2GD, B0GKMF49P6, B0GSJ71ZS7, B0GVYM2RK5, B0G42NSL1G, B0GSJ5QM3Z, B0GKMBFSGB, B0G41QVB9H, B0G422P5B5, B0GSJG1SN6, B0GSJ6GWYX, B0GKLRSSTK, B0GKMRXFQY, B0G41QSHNK, B0GKM4CYCD, B0G41Z6CBJ, B0GKM5MJN5, B0G4WB5RF1, B0GKM8JZ31, B0GSJ82QGZ, B0GSJCM2SW, B0GKMJSFQ4, B0GVY8VF8S, B0GSHZV63M, B0GSJ9SH96, B0G41WZ23P, B0GKMF3VN8, B0G4WCGTZH, B0G4WCPFT9, B0GKM9LZSD, B0G41YP84X, B0G424GWLF, B0GSHZJBPM, B0G42D89RY, B0GSHT5G3B, B0GKM8RRML, B0G41ZP52X, B0GVYH2KJD, B0G41WC2ZK, B0G41S1KC1, B0GSJ1516C, B0GKM71QHN, B0G41Z9HPY, B0G423H99V, B0GS1LP38Y, B0G42BNNDG, B0G422MFQF, B0GVYCLCXV, B0GSJ79L2R, B0G41YPYY1, B0G41XMSBN, B0G4273GQL, B0GSJB9KY8, B0GSJ7C5YJ, B0G41T6RWW, B0GSJBFKRJ, B0GKM71J9H, B0GKMC8VH3, B0GKM4HCM9, B0GSJ3B2XK, B0G41XVXR1, B0GKMR8CG5, B0G429YB6C, B0G427CFWG, B0G41S1DKF, B0GKLVXY7K, B0GSJ8RSQ4, B0G421H5M8, B0G41ZRMZB, B0G41T37P3, B0GKMXDBGJ, B0G4216QGS, B0GKM4MXHS, B0G41YYNT2, B0GSJ27RSW, B0GSJ6H2D2, B0G41YPXPF, B0GSJ7BW4D, B0G424GLJK, B0GSJ15BDZ, B0GKN1QBN9, B0GKM48N3Z, B0GVY8ZPLV, B0GKMXHCNP, B0G42HK2BG, B0GKMXRFW8, B0GSJ33BVY, B0GSJFX5D3, B0GVY8TQ2G, B0GKMN4Y4X, B0G41W47XK, B0GSJG4Q9P, B0GSJ57K5Y, B0GKLW7F8T, B0GVYDNBH7, B0GKM4L7LT, B0GKMRT5DQ, B0GSHVNZPX, B0GKMBF3QW, B0GKM5LZFR, B0G422J93C, B0G41VSXXC, B0G41V5QS9, B0G41VXN52, B0G41R5YTZ, B0G423XCPY, B0GSHVQQ4N, B0GVYKD2Y1, B0G422KZQQ, B0GSJ4ZHCB, B0GVYN3ZTG, B0G42G9F9J, B0G4216TS8, B0GSJBWDLQ, B0GVYP548G, B0GVYGKQQW, B0G41V92Q8, B0GSJ8FYD2, B0GSJ1TC7T, B0GSJD98W1, B0GKMRD284, B0G41YY2Y9, B0GVYF52B1, B0GSJJT1K9, B0GKN5WTKX, B0GVYGCBKK, B0G41Z26H9, B0GKMXMXL6, B0G421RBKF, B0GSHZZJYM, B0GVYGL443, B0GSJ3RHZV, B0GSJ1FKPP, B0GKMMZTKF, B0GKMSQ7B9, B0GVYBY5J2, B0G41XRNP5, B0GKMN35VH, B0G422HXY3, B0GSJD7L1V, B0GKMRDSY7, B0GSJ74KKK, B0G424F5QP, B0GSJCTBTN, B0GSJ326FJ, B0G41YP91L, B0GKM7LDXC, B0GSJ6Y1S5, B0G4W9F4S9, B0GKMX5DMN, B0GSJ7MW4C, B0GVZ1MCMN, B0GVYFMJGX, B0GSJDF5DV, B0GKMFSF8D, B0G42F4VH7, B0G41Y851L, B0GKMLWWD7, B0GSJ9WYSR, B0G41VSDDQ, B0GKMJXPLR, B0GKMS55PH, B0GSHZV2CT, B0GVY9L7WG, B0GKM1KLSG, B0GKMDZH1P, B0GKMJCVG7, B0G41TTK7P, B0G41ZRS1R, B0GKM764H4, B0G41W1GBX, B0GKM4V3KX, B0GKMLGGDL, B0G41W4LCJ, B0GSJ825H1, B0GVYJQDMF, B0G41X1FDD]",amzn1.campaign.3S9COKVA2GQ8L,HM1070,Heymoments,2026-07-30,2027-07-30,10.00%,50000.0,50000.0,0,800,false
"[B0F8PYW1XJ, B0F8PXT1MN, B0F8PY9GP7, B0F8PYVVYC, B0F8PY8SYD, B0G4L62B44, B0FTSJJZT4, B0G4L5NSSK, B0F8PY1R11]",amzn1.campaign.A3I5G1D5A376,磁带-面包和蒙娜丽莎,SXHANJXT,2026-07-30,2027-07-30,10.00%,5000.0,5000.0,12,800,false
"[B0H4Y4MZCM, B0H7571Y3H, B0H49G3M12, B0H4PXZ6XK, B0H49KFGH1, B0H4PTNQG7, B0H4Q1SVKG, B0H4YB8CPC, B0H73XFXW8, B0H49F1RR3]",amzn1.campaign.2G6NE29BA2T8A,15% Commission!!! OXLION Starlink Mini Accessories New Arrival,OXLION,2026-07-30,2026-11-30,15.00%,5000.0,4991.17,0,800,false
"[B0G6JMSBTY, B0G6K471MN, B0G6JDXSBL]",amzn1.campaign.9334IBEVBSIX,Plant Labels,CLEANGOR,2026-07-30,2027-07-30,10.00%,100000.0,100000.0,23,800,false
"[B0FJ61Q43D, B0FSRVQ91R, B0DFM71NSJ, B0DHGLQ2HF, B0DFM6TJ6K, B0DFM67G77, B0F43NW3DN, B0F8V5N2SY, B0DHJXW5SF, B0D81P8KCK, B0FDWWNHSY, B0FSRNMZTF, B0DFM6LPSR, B0D824MZXZ, B0FN7YWK5F, B0DFM5N99Z, B0DHKFD7YK, B0FVVVP3CX, B0FJ5YFNVY, B0DNF7CW3C, B0F43PS8ZK, B0DHJZ42LP, B0GVT5SNLN, B0FJ5ZV3VV, B0DNF9RP9C, B0FVVY4968, B0GVSVTSVH, B0FSRQ5CJ3, B0D7VXTFFT, B0D82Y6NPY, B0D7W2NVGR, B0FJ5Y5QQ8, B0FFT78M29, B0GVT2GMS8, B0D7W25J2V, B0DHCSWM6P, B0FSRQYTL2, B0FJ5Z65QP, B0D81QJQMW, B0FSRCLFN3, B0FJ5YH983, B0FSRND9W5, B0DFM62P5C, B0D7VZK5GW, B0FJ5XRQ61, B0DFM6CGV4, B0DHK8CZDR, B0FVVZ29XG, B0D7W1PMJM, B0D7W1QM6Z, B0DHKPSX78, B0FSRQZH14, B0D8318XT4, B0FSRM1R48, B0GVT7KKZP, B0FSRPFLTN, B0DFM644PK, B0GVSV57L6, B0DHZNR7K7, B0FJ61M68Q, B0DHZM6B1N, B0F43JPF21, B0FSRP2HH2, B0D81R1YG7, B0DNYYBN18, B0DNF7TQ2Y, B0DNYZFNC6, B0DHZKJ8T9, B0DHKFWP6X, B0DS8RWZTC, B0D7VZXX4D, B0F2Y8BP91, B0DNF4JZ9V, B0D83229DK, B0FSRL51SQ, B0DFM6L748, B0DFM69NZQ, B0DFM7K1PB, B0DHZKXNTR, B0F43NRRT7, B0GVSWKMBT, B0D7VXQMKS, B0D7VZPJ7C, B0DFM64JBC, B0DFM76BXN, B0F43PW3VC, B0FSRP57LN, B0DFM72JKR, B0D7W1S76F, B0DHKB9F87, B0FSRM12D2, B0FSRQW4M5, B0F43NQZN6, B0GVT3VZR8, B0DHK63V6S, B0D7VYX9SR, B0DHKSK155, B0D7W13SB4, B0GVSXHT75, B0D7VZGH4W, B0GVT2KFKX, B0D7W111M5, B0FJ5ZMRS8, B0D81QJ496, B0DFM4VQB2, B0DHZMX56S, B0D7W1PJ9P, B0DNYXXMLM, B0GVSS9NYM, B0FVVY4J54, B0GVSYTFD4, B0DFM7B7PX, B0FSR8TZ93, B0FSRVCKLH, B0D7W2SH97, B0F43L1J3S, B0GVT3NBPP, B0D7VZYDWJ, B0GVSNSKXW, B0DFM6D7NJ, B0F43PVJHX, B0FJ5ZZDXV, B0D82FFWPY, B0D7W13VHN, B0DHZKCM1J, B0FSRQ8236, B0GVSYSJ5L, B0D7VZH6NK, B0DHJTKY88, B0FSRQXN5X, B0DFM7F97L, B0D7VXTJCG, B0D7VZ388Z, B0DHKHXSP5, B0F59LBRF6, B0FJ5XCCHB, B0DNF6MN1W, B0DHK58Y5H, B0DHKPC39B, B0DHKSKTLL, B0DNZ4B6HC, B0DTJYKXGS, B0F43LRKCT, B0D7VZD1NP, B0DHKB388K, B0DFM86VNC, B0FVVY377S, B0D7W1R1QL, B0D7W1LKMY, B0DFM5X4JG, B0D7VZZZWM, B0DFM649F4, B0D7VXMC6P, B0DHZJZM51, B0FJ5WRW71, B0D7VZ2XHJ, B0F43MQNMY, B0GVSYZF9F, B0D7VYTT79, B0GVSYC4TW, B0DHZJWWY8, B0FSRNXXS4, B0GVSXMH9C, B0D7W1DQSD, B0DHZMTNK2, B0D7VX853D, B0GVSYC4TY, B0FJ5Y3B1M, B0D7W1DJ49, B0D82DHK55, B0DHKC42P4, B0DHKG6YD9, B0FSRP5TR8, B0FJ61DTT7, B0FJ5VYN63, B0DHK9KY3P, B0DHKLSXV9, B0DFM7619V, B0FSRTZ9D5, B0GVT1VTK1]",amzn1.campaign.W2AVCN7WHOEV,HM5688,Heymoments,2026-07-30,2027-07-30,10.00%,50000.0,49998.5,0,800,false
"[B0FXRSTJQZ, B0FF1W8XNG, B0FF1TR76H, B0FF1TR76J, B0FF1VBKJS, B0FF1WCFS7, B0FF1VC1BP, B0FF1RP51Y, B0FXRQP959, B0FF21R3KX, B0FF1W31TZ, B0FF21X532, B0FXRW7LGF, B0FXRTVPCN, B0FF1W91Q9, B0FF1Z8Y4J, B0FF1TTGYL, B0FF1VGLPT, B0FF1Z8MT5, B0FF2184SS, B0FF1VF7Q4, B0FF1V9DTP, B0FXRWXN26, B0FF1ZMLC3, B0FF1V5GTD, B0FF1V7822, B0FF21933L, B0FF215SYP, B0FF1WCYHX, B0FF1VK87D, B0FF1WBLQ1, B0FF1W49RS, B0FF1VYBDD, B0FXRT4SNB, B0FF1VDMHG, B0FF1VQ1LJ, B0FF1VV24X, B0FF1V2NXL, B0FF1RJ296, B0FF1TS52V, B0FF1VWF9M, B0FXRSH8NB]",amzn1.campaign.2M4ECJ874ADS8,🎁The Ultimate Festive Gift! JKEEMI Chic Metallic Corset Belt (15% Commission),JKEEMI,2026-07-30,2026-12-31,15.00%,8000.0,8000.0,5,800,false
"[B0GYRH89NW, B0GYRP435D, B0GYPBFN2D, B0GYNYZ149, B0GYQNLG45, B0GYQV2T9N, B0GYQTK4S1, B0GYQVVQDM, B0GYQTXNW9, B0GYQW616Z, B0GYQZCX6L, B0GYRCGT6T, B0GYRJG17S, B0GYR25G7Y, B0GYQNB6PY, B0GYR6HKG5]",amzn1.campaign.1Q3RD4N55PX3V,红人推广2026.7.28,EOGCKSYJ,2026-07-30,2027-07-30,10.00%,5000.0,4988.48,3,800,false
[B0GY3BKC7G],amzn1.campaign.23B2EFK4R4KAM,🔥 Travel Vacuum Seal Bags with Electric Pump | Earn Up to 10% Commission,MOVOCA,2026-07-30,2026-12-31,10.00%,5000.0,4965.62,0,800,false
"[B0BG1KFKZ3, B0FL29RZFQ, B0BG2JD2RM, B0CNWW53GH, B0FYP6959G, B0GVYF4CRD, B0BYH9QRTL, B0D62MW2GB, B0BG1MZ93C, B0BG1LKQ23, B0FL1PJNBQ, B0GVYGG59J, B0G3WR5P6Z, B0DHTFLRDT, B0FL24KCHQ, B0GVYBDDBB, B0BG1NLSTL, B0CHJ96S5V, B0D62M4RW9, B0G3WP4Y2M, B0DHTGJCYJ, B0GVY6FRKW, B0CNXDGS6C, B0FL26313K, B0BG1N1NS8, B0FYP9JJNY, B0D62PD9J5, B0D62Q4PM4, B0FL29M7Z6, B0BG1J8RKC, B0CHJ9LWX3, B0FL24XMND, B0GVYJF1B4, B0DNHQ73D1, B0GVYQJZPB, B0D62RPWKR, B0FL1RYBG2, B0DP24495M, B0FF9H6SD1, B0CHJ98SPB, B0F3D4SBT4, B0CNWVH83B, B0G3WTR27M, B0D62NXLCG, B0GVYF5HHH, B0BG231R9H, B0DNHNZDKN, B0FL1S89S5, B0BG1L3R59, B0BG1NHHTT, B0BYHD6Y3F, B0BG1SCPDR, B0D62PXK4P, B0BYH6CN5Q, B0GVYBLR8K, B0BYHH1754, B0DNHRD9XW, B0GVY5QKNN, B0D62NWXDN, B0GVY21FFF, B0D62P6S4R, B0G3WP2VN1, B0CHJ8N8LG, B0FYPDSMYF, B0BG1JDT9H, B0D62NS8S1, B0GVY67YY3, B0BG1JCMNX, B0FYPBL4WR, B0DNHRFFKB, B0FL1QWDRZ, B0GVYGZSHH, B0D62PC1C1, B0FL28BBSW, B0GVY8HY54, B0BG1JY826, B0CHJ7K521, B0CHJBNBZF, B0GVYGDCD6, B0BG1NMLLT, B0GVY9CMPJ, B0G3WPLH4L, B0CHJ6M9YS, B0DHTDJ41D, B0BG1LN54H, B0GVYG92BD, B0FL25YJ39, B0BG1QRC5M, B0D62PN8G7, B0DHTGT17V, B0BG1JDRLY, B0CHJ8KJH1, B0BG1LDJ3C, B0CHJ6W6N7, B0DHTHMWCN, B0GVY86GXN, B0BG21XNCV, B0D62PL6Z4, B0D62M6HXS, B0BG1LN6HM, B0DHTBWGHR, B0GVY4S612, B0D62P7QDB, B0CNWXJ4SV, B0FL2BYYSP, B0G3WRK6VW, B0D62PL8N4, B0DHTHJX36, B0D62PVSMG, B0FL1S84NK, B0DHTGD8YK, B0CHJ56Z5W, B0DHTHTP5F, B0DNHQ9QVV, B0GVXZ8B7D, B0FYP8GQCT, B0FL26PK6B, B0BG244NBF, B0GVYCJPZN, B0DHTHSV54, B0DHTGF8BB, B0FL1SC6HY, B0CHJ8R4F3, B0FL27159G, B0BG1KWJ1P, B0DP24PK9V, B0FL1N996B, B0FL1V4WCZ, B0GVYCYS3K, B0DHTHD4X5, B0DP24YH99, B0FL1V612T, B0DP24BF8X, B0FL1T7KDK, B0F3D43V1H, B0CNXCHL4Y, B0BG1LPZZG, B0F3D6XDCN, B0FL26TDD5, B0CNXC7H7S, B0G3WW76X2, B0GVYGZPV6, B0DHTCVPCM, B0D62M8JTS, B0FL1QZXNK, B0BG1J6NL8, B0FL1R9PCX, B0GVYCKHM3, B0FL275R9Q, B0CNWWLYCN, B0BYHG9F67, B0BG1NQ6S3, B0FL274YSB, B0BG1LK9YL, B0D62NZHYN, B0BYHFW5H4, B0GVYBSDCM, B0D62NKM6J, B0G3WQZSQV, B0D62PP9VJ, B0BG1N1ZXT, B0FYPB9R6G, B0GVY9Q2G3, B0FYP7SV89, B0G3WQCPHD, B0CHJ61626, B0FYPB4QL8, B0GVYD71P1, B0BG1NS2CD, B0DP25GYQJ, B0DHTHRTC6, B0G3WR7V1Y, B0D62ML4W6, B0D62Q6V8L, B0FYPB3RXN, B0GVY6BNFQ, B0CNWWXTTX, B0CNXC4F2P, B0G3WVP38N, B0FL1RBB56, B0DHTH1FJ4, B0BG1LK3F6]",amzn1.campaign.3OXEXS5BTUUUC,⛳ Earn 12% | Casei Cool & Comfortable Casual 3/4 Sleeve Polo,Casei,2026-07-31,2026-10-31,12.00%,5000.0,4985.6,0,800,false
"[B0GK6SGJ91, B0GK6PRSJN]",amzn1.campaign.2D47E9DXAN2G1,From the World’s Top Podium to Your Wheels: 35 Years of Invisible Mastery.,JUCEO,2026-07-30,2027-01-01,15.00%,50000.0,49993.73,0,800,false
[B0FXF47S63],amzn1.campaign.3D1M49B8KLQVF,Jumping Spider Habitat Decor Collaboration - Free Sample,ZREVSB,2026-07-30,2026-12-31,10.00%,5000.0,4980.68,0,800,false
[B0GX13WBH6],amzn1.campaign.7FBK47ASVREE,Unleash Creativity: 700+ Stickers Mega Pack,Sakcoo,2026-07-30,2027-07-30,10.00%,50000.0,49990.0,4,800,false
"[B0H6FC3J2D, B0H6FPMG8Y, B0H6FH2F3B, B0GS68LWDT, B0H6FF9N6D, B0GSZ5KFQP, B0H71KYQJJ, B0H6FJ4326, B0H6FNBRH6, B0H6FHHPVB, B0H71FTTGY, B0H71RSVVR, B0H71KJQVR, B0H71CGV4K, B0GSZNZ74R, B0H6FFMGF9, B0H1MB4XL8, B0H71DPQWL, B0H71DGPXY, B0H71CJG62, B0GS6M33MK, B0H71FP1GH, B0H71LY8P8, B0H71KDYXC, B0H71KFXXD, B0H71QNJYZ, B0H71GWBST, B0H71KFJSB, B0H3ZVYJBP, B0H71QL19Z, B0H3ZTH5K8, B0H3ZTJ8K5, B0H71QFR4V, B0H6FPMLMV, B0H71JVMMN, B0H71G51VK, B0H71P77L6, B0H1M3M8R6, B0H71MXJ1H, B0H6FHZBP7, B0H71FB4JC, B0H719BXSH, B0GS6CC41J, B0H6FMW323, B0H6F9HKGX, B0H416G9P5, B0H71JXWZP, B0H3ZXSS3F, B0H3ZZC2C5, B0H6FQ6LM2, B0H419XMVL, B0H411Z4C5, B0H71L9M1L, B0H71DZ9TL, B0H71GB287, B0H7177P3P, B0H71LJR16, B0H415MC4T, B0H6FGZ8ZM, B0H71HKH8L, B0H4157R47, B0H6FG7V43, B0H71DYZQQ, B0H71FR9VB, B0H412DSK2, B0H6FHKDRT, B0H71QH1TZ, B0H6FP5KD5, B0H71DQN8P, B0H6FLT779, B0H1M97TW1, B0H6F8FLRC, B0H71L96TM, B0H6FPBZLJ, B0H6FQ14FD, B0H411NCJK, B0GS67VJTX, B0H6FMT5QT, B0H71FHKF5, B0GSZHW2HB, B0H6FK2M38, B0H71HV422, B0H71MHN4F, B0H6FP5YPG, B0H71GMCSQ, B0H6FD46H8, B0H71TKMF3, B0H1MGY1LC, B0H6FBYBHM, B0H71KRFKW, B0H6FPF4NZ, B0H71D7MVS, B0H6FDLJP1, B0H3ZTG8X7, B0H71NWGQ3, B0H719D7XB, B0H6FFR2BX, B0H71KQFG7, B0H6FG6C38, B0GS69X434, B0H6F8L6JT, B0H6F4M21B, B0H1M296LJ, B0H6FP48BZ, B0H71HX7GG, B0H411XTTS, B0H71CLYLS, B0H71CDMFL, B0H6FGNTMJ, B0H1M1XSL6, B0H71L471P, B0H6FCV1L3, B0H71MZVQW, B0H413LPX6, B0H6FHPKB5, B0H6FM96W7, B0H6FPF4NJ, B0H6F3RZWJ, B0H6FBYBHF, B0H71P77GB, B0H71FNTXV, B0H4113VFC]",amzn1.campaign.28795ZDKSATQX,Floral Washable NonSlip LowPile Rug Creator Promo-2026/07/28,Bavni,2026-07-30,2026-10-30,10.00%,5000.0,5000.0,29,800,false
[B0G5Q7VMXW],amzn1.campaign.QXCDZ6DMA309,Plant Clips,CLEANGOR,2026-07-30,2027-07-30,10.00%,100000.0,100000.0,15,800,false
[B0H444TQZX],amzn1.campaign.33WX35PPGKWC8,DVRMEDIA Tacoma 1995-2004 Car Stereo | 10% Commission,DVRMEDIA,2026-07-30,2026-12-31,10.00%,5000.0,5000.0,6,800,false
[B0FRLJKQFP],amzn1.campaign.1HYW21M7DXWAB,🥃 10%/$1M! Whiskey Lover Glass – Good=Infinite!,Argefkeen,2026-07-30,2026-12-28,10.00%,100000.0,100000.0,16,800,false
[B0FHGVX6QY],amzn1.campaign.C6DO2L4NIQBA,Dish Scrub Brush,CLEANGOR,2026-07-30,2027-07-30,10.00%,100000.0,100000.0,26,800,false
"[B0GYYKQGD6, B0GYX7WS1Z, B0GYX7XHHZ]",amzn1.campaign.2TI5M9SCPETBV,Artificial Fall Lavender Flowers for Outdoors,CLEANGOR,2026-07-30,2027-07-30,10.00%,100000.0,100000.0,6,800,false
"[B0H4G44H63, B0FT7GZV45, B0H4GDXYWF, B0FT7HK63Y, B0G6Y7678F]",amzn1.campaign.6H1YCPAZ5ZXF,恐龙和农舍,SXHANJXT,2026-07-30,2027-07-30,10.00%,5000.0,5000.0,10,800,false
"[B09Y5L5ZCW, B09N6YK7CS]",amzn1.campaign.2F4O0F3V8OMAG,ALL-IN-ONE Golf Storage Rack,Mythinglogic,2026-07-30,2026-12-31,10.00%,10000.0,9896.1,0,800,false
"[B083BG9SZ5, B0DX21KRW9, B0CTZHB2F5, B0G4CD8VGT, B083BB1GWJ, B0CGRX3NG8, B0CGRPM6LJ, B083BHRT5Z, B0G4CDFD76, B0DX22NBS1, B0DX2423T4, B0CGRJHL2X, B07MZVXYQQ, B083BDHLSB, B083BJ5BHZ, B0CTYWPSGT, B083BMG883, B0G4CFH832, B083B9KQWY, B0G4C8YJBL, B0G4C7FTDD, B0G4CCRHF5, B0CGRMVD3Q, B0CTZL3B3Q, B0G4CC17TM, B0CX8TRTS5, B0CGRTVFH8, B0DX22G4WB, B0DTK638CL, B0DX22YL3F, B0CPHLV5MT, B083BGMRFC, B0DTK6S3ZK, B0G4C8XG4C, B0G4CBWJ5C, B0DSZXVZ4C, B0DX22ZMBC, B0DTK5Y8V9, B0CX8SB7X5, B0DSZJQKTM, B0CGRHWLQ2, B0G4C8YBD1, B0DX21QLFT, B0CGRFBDZQ, B0G4CBDT5G, B0DX23TJWS, B0DX2324GG, B0CGRJBWZ5, B0DX236KDQ, B0827DD62Y, B07PNKHT43, B0G4C86HVY, B0DZ6MYQ8R, B0CGRJBQXL, B07ZH6PCX7, B0G4C66W2J, B0DT15Q4DJ, B0827DJQNC, B0DX25Y4VK, B083BFDTWM, B07PT4YTLD, B083BQ5F5N, B0D256PTN6, B0DX23576R, B0DTK7SWSD, B0DYDHBM9L, B0DTK5LX9V, B0DTK4ZQWR, B0CPHSFFZC, B0CXPL6DN9, B0CX8KDQQH, B07MZVVWJK]",amzn1.campaign.2LT46HGWY4KF9,Win-Win Collaboration:Promote GINGTTO dk Mens Denim Shorts & Earn 15% Commission,GINGTTO,2026-07-30,2026-10-31,15.00%,5000.0,5000.0,3,800,false
[B0GKH6NW1N],amzn1.campaign.2JU1A8WE8WPQ0,Piping Bags and Tips Set,CLEANGOR,2026-07-30,2027-07-30,10.00%,100000.0,100000.0,22,800,false
"[B0FSCFVJTT, B0DTP87KRK, B0H8NTZRRG, B0D9BJ3V5T, B0G5NZFJYL, B0CWR3RXVS, B0FSC58LVB, B0DTP183QK, B0FPFHB9JP, B0CM3PJTG1, B0FPFJBK3T, B0DMTL74SD, B0G5NXD6MQ, B0CRDSD13W, B0DRYR78TX, B0DRYR78TW, B0DMTMT6X6, B0DNQWTQHV, B0DP6LTKPX, B0DHZH4XRD, B0GSTX8MQ4, B0DTNYJR66, B0GK6KW82W, B0G5NZBVNJ, B0FSCZ2C67, B0FPFLKD7T, B0DWJVCC3T, B0G5NXVF5D, B0FSCPYJFK, B0H4549C9Z, B0H8NSM4HD, B0G5P56FKG, B0GWMRSZHM, B0G5P8QCWK, B0G5NZLPF3, B0GYPXLCK9, B0H11RZNW2, B0GWMLQMHL, B0DTPDDVZH, B0GWMN73ZF, B0GK6GG45G, B0GK57HJPX, B0F1FL2RV3, B0G5P6G4YJ, B0GWMDZ7ZJ, B0FPFJXTS3, B0H8NWCCZK, B0FSCLB5LP, B0GWMLDLP9, B0FPFHNQQS, B0H8NPPC3R, B0D9B43SSZ, B0GWMBY749, B0GWMPS3CZ, B0GS96G4SX, B0DTPFQHJ6, B0DNQVVLB2, B0GS9MSW33, B0H121K3L4, B0D9BFSSSL, B0GS9JBP1C, B0DRYSWGSB, B0GYPXTLS1, B0G5NS1235, B0FNRF35GZ, B0GK6P2YKB, B0GK5HRJQR, B0G5NP62P1, B0H11Z1HWY, B0DRYSYMGC, B0H8NXPMTP, B0GSV8Z4Z7, B0H8NZN1K6, B0GYPTNBP1, B0GYPLBHBB, B0H8NNZMST, B0GYPLFV1Q, B0H8NN4J2G, B0FPFHLSL8, B0D9BG6NBH, B0GK6P425B, B0GK6P425C, B0H4535XBC, B0FPFK48HC, B0GWMB6JS2, B0GK718P44, B0G5PCS3VH, B0H8NPP1RT, B0FRMM1R4D, B0H8NQ12F8, B0H4562FR9, B0FPFJ3PDZ, B0DTNT4VCV, B0FPFJ8Q7B, B0DTP8XY4X, B0F4WZ4D8Y, B0FPFJ4BVW, B0GWMHZFVF, B0CX499354, B0H8NM748T, B0DRYT5FFY, B0GS9QTQ63, B0FSC98C55, B0G5P92XM4, B0DTP8Q53R, B0H8NT46NZ, B0FSCPWK94, B0GYPLX8CL, B0GWMLD76Y, B0G5P821LQ, B0H8NTBXY4, B0GK6WT8KN, B0H8NKGPJ3, B0G5P2WVB7, B0H8NWLYWF, B0CM3RNK8D, B0CRDPZWJ2, B0GS9R5RCL, B0DTNYRPDJ, B0GWMGQM8D, B0GS9LNG9Q, B0FPFJJZCQ, B0GS9PZ3QD, B0H8NRFQK7, B0GK5XD2GB, B0GYPL9C61, B0DRYTZL2T, B0CM3RMGDC, B0DNQV9578, B0FPFG92Z3, B0GS9MGR7H, B0H452N5PV, B0GYPMYJK7, B0DRYRWG8Z, B0GSV23FPS, B0H11SJKNT, B0DRYSBYQC, B0CWR2WNHV, B0GYPGXKVC, B0DTP8QHY9, B0DTNX27LC, B0D9BJBYFK, B0GK6LSRLM, B0GS9PTXJ5, B0H11V7K4P, B0H44X81JL, B0GWMC9P38, B0DWJSBR35, B0FSC7NKRS, B0G5PKRG5D, B0DRYV2GJY, B0H8NS6D2B, B0GWMPZ1NM, B0D9BG6VFB, B0H11SJKMY, B0G5NZSCNM, B0G5PQNNXV, B0H8NR5NYB, B0GWMT3H33, B0GWMM3G1Z, B0G5P98G61, B0H8NT2SQ5, B0GYPWXHFX, B0H8NYFWFL, B0H8NPYMDF, B0GS9PXQ34, B0DWJSQBTD, B0FSBNYLD7, B0FPFFNX37, B0D9BFZ316, B0GWMQN9TQ, B0DRYSL7M1, B0CLJCRJTV, B0GWMND1VK, B0G5NZFR36, B0GK5PD1SG, B0FPFJLKN1, B0DNQVJP92, B0H1215X8D, B0G5P8NTJN, B0DRYRGJMZ, B0H11W4JR8, B0GWMB8WC1, B0GK6F8RBB, B0F995SG44, B0D9BGQB46, B0CM3S6L7D, B0CLJDLN58, B0GK756D6B, B0DRYS6228, B0D9BGC785, B0DWJZ69FS, B0CWR4HRQ8, B0GK69Z9GJ, B0GYPK7MPJ, B0GYPVM7LJ, B0FSBZP4NV, B0FSCMHRPD, B0H11WBMYN, B0G5PMY5C3, B0DRYTP5PL, B0FPFJGWRH, B0GYPJKVZD, B0GK6R8HXT, B0GS9NJHM8, B0H11ZXV71, B0DWJSG2PQ, B0H453DT2L, B0CWR4ZQHR, B0GWMCG742, B0FPFKJ9QV, B0H44ZLZ1H, B0H11XLFT1, B0FPFGTZVG, B0DP6M9VVC, B0G5NDRFNH, B0FPFHG8K2, B0GWMJDTQ1, B0DTP1FQLS, B0GK56Z1CP, B0DRYT4QH7, B0H11SGPCQ, B0FSC3CBG1, B0DP6K5YBZ, B0H44Y6TVN, B0GS9MNDWB, B0GS9JC5PP, B0CM3R79FN, B0H11Z5JCZ, B0FPFK9HQ3, B0H11NGS7F, B0DRYR4LV9, B0FPQM4YZV, B0H44QXF9H, B0DD3SJ97L, B0D9BHKKXD, B0DRYRXRXB, B0GS9RS8BJ, B0GK5SMQNT, B0DTNX8PR3, B0GSTP5DWL, B0CLJFD4QP, B0GYPWKM1L, B0D9BFR8FH, B0CLJD19MG, B0GWMJKVPW]",amzn1.campaign.21PEA0S4L9Z02,Vintage Washable NonSlip LowPile Runner Creator Promo-2026/07/28,Bavni,2026-07-30,2026-11-06,10.00%,5000.0,5000.0,12,800,false
[B0FRLJKQFP],amzn1.campaign.2JFP7XNCX7VQ5,"🔥 10%! Wooden Bourbon Cup – $1M, Good=Never Ends",Argefkeen,2026-07-30,2026-12-29,10.00%,1000000.0,1000000.0,12,800,false
"[B0FQ4Q7CPH, B0FQ4QHWW5, B0FQ4P7MDH, B0FQ4PMWWH, B0FQ4Q6RBB, B0FQ4PMT79, B0FQ4Q6FMW, B0FQ4PWPWZ, B0FQ4NSKH3, B0FQ4PMTJ4, B0FQ4PTZJW, B0FQ2T3YPZ, B0FQ4Q33WP, B0FQ4R1Q25, B0FQ4PV7GW, B0FQ4QF99M, B0FQ4Q1JZT, B0FQ4S3RZN, B0FQ4R83NR, B0FQ4PC3H1]",amzn1.campaign.24XAMDI8RXQLV,VUTRU Summer Rompers for Women VC4R48841 Get 10%,VUTRU,2026-07-30,2026-09-30,10.00%,5000.0,4996.0,0,800,false
"[B0FSCFVJTT, B0DTP87KRK, B0H8NTZRRG, B0D9BJ3V5T, B0G5NZFJYL, B0CWR3RXVS, B0FSC58LVB, B0DTP183QK, B0FPFHB9JP, B0CM3PJTG1, B0FPFJBK3T, B0DMTL74SD, B0G5NXD6MQ, B0CRDSD13W, B0DRYR78TX, B0DRYR78TW, B0DMTMT6X6, B0DNQWTQHV, B0DP6LTKPX, B0DHZH4XRD, B0GSTX8MQ4, B0DTNYJR66, B0GK6KW82W, B0G5NZBVNJ, B0FSCZ2C67, B0FPFLKD7T, B0DWJVCC3T, B0G5NXVF5D, B0FSCPYJFK, B0H4549C9Z, B0H8NSM4HD, B0G5P56FKG, B0GWMRSZHM, B0G5P8QCWK, B0G5NZLPF3, B0GYPXLCK9, B0H11RZNW2, B0GWMLQMHL, B0DTPDDVZH, B0GWMN73ZF, B0GK6GG45G, B0GK57HJPX, B0F1FL2RV3, B0G5P6G4YJ, B0GWMDZ7ZJ, B0FPFJXTS3, B0H8NWCCZK, B0FSCLB5LP, B0GWMLDLP9, B0FPFHNQQS, B0H8NPPC3R, B0D9B43SSZ, B0GWMBY749, B0GWMPS3CZ, B0GS96G4SX, B0DTPFQHJ6, B0DNQVVLB2, B0GS9MSW33, B0H121K3L4, B0D9BFSSSL, B0GS9JBP1C, B0DRYSWGSB, B0GYPXTLS1, B0G5NS1235, B0FNRF35GZ, B0GK6P2YKB, B0GK5HRJQR, B0G5NP62P1, B0H11Z1HWY, B0DRYSYMGC, B0H8NXPMTP, B0GSV8Z4Z7, B0H8NZN1K6, B0GYPTNBP1, B0GYPLBHBB, B0H8NNZMST, B0GYPLFV1Q, B0H8NN4J2G, B0FPFHLSL8, B0D9BG6NBH, B0GK6P425B, B0GK6P425C, B0H4535XBC, B0FPFK48HC, B0GWMB6JS2, B0GK718P44, B0G5PCS3VH, B0H8NPP1RT, B0FRMM1R4D, B0H8NQ12F8, B0H4562FR9, B0FPFJ3PDZ, B0DTNT4VCV, B0FPFJ8Q7B, B0DTP8XY4X, B0F4WZ4D8Y, B0FPFJ4BVW, B0GWMHZFVF, B0CX499354, B0H8NM748T, B0DRYT5FFY, B0GS9QTQ63, B0FSC98C55, B0G5P92XM4, B0DTP8Q53R, B0H8NT46NZ, B0FSCPWK94, B0GYPLX8CL, B0GWMLD76Y, B0G5P821LQ, B0H8NTBXY4, B0GK6WT8KN, B0H8NKGPJ3, B0G5P2WVB7, B0H8NWLYWF, B0CM3RNK8D, B0CRDPZWJ2, B0GS9R5RCL, B0DTNYRPDJ, B0GWMGQM8D, B0GS9LNG9Q, B0FPFJJZCQ, B0GS9PZ3QD, B0H8NRFQK7, B0GK5XD2GB, B0GYPL9C61, B0DRYTZL2T, B0CM3RMGDC, B0DNQV9578, B0FPFG92Z3, B0GS9MGR7H, B0H452N5PV, B0GYPMYJK7, B0DRYRWG8Z, B0GSV23FPS, B0H11SJKNT, B0DRYSBYQC, B0CWR2WNHV, B0GYPGXKVC, B0DTP8QHY9, B0DTNX27LC, B0D9BJBYFK, B0GK6LSRLM, B0GS9PTXJ5, B0H11V7K4P, B0H44X81JL, B0GWMC9P38, B0DWJSBR35, B0FSC7NKRS, B0G5PKRG5D, B0DRYV2GJY, B0H8NS6D2B, B0GWMPZ1NM, B0D9BG6VFB, B0H11SJKMY, B0G5NZSCNM, B0G5PQNNXV, B0H8NR5NYB, B0GWMT3H33, B0GWMM3G1Z, B0G5P98G61, B0H8NT2SQ5, B0GYPWXHFX, B0H8NYFWFL, B0H8NPYMDF, B0GS9PXQ34, B0DWJSQBTD, B0FSBNYLD7, B0FPFFNX37, B0D9BFZ316, B0GWMQN9TQ, B0DRYSL7M1, B0CLJCRJTV, B0GWMND1VK, B0G5NZFR36, B0GK5PD1SG, B0FPFJLKN1, B0DNQVJP92, B0H1215X8D, B0G5P8NTJN, B0DRYRGJMZ, B0H11W4JR8, B0GWMB8WC1, B0GK6F8RBB, B0F995SG44, B0D9BGQB46, B0CM3S6L7D, B0CLJDLN58, B0GK756D6B, B0DRYS6228, B0D9BGC785, B0DWJZ69FS, B0CWR4HRQ8, B0GK69Z9GJ, B0GYPK7MPJ, B0GYPVM7LJ, B0FSBZP4NV, B0FSCMHRPD, B0H11WBMYN, B0G5PMY5C3, B0DRYTP5PL, B0FPFJGWRH, B0GYPJKVZD, B0GK6R8HXT, B0GS9NJHM8, B0H11ZXV71, B0DWJSG2PQ, B0H453DT2L, B0CWR4ZQHR, B0GWMCG742, B0FPFKJ9QV, B0H44ZLZ1H, B0H11XLFT1, B0FPFGTZVG, B0DP6M9VVC, B0G5NDRFNH, B0FPFHG8K2, B0GWMJDTQ1, B0DTP1FQLS, B0GK56Z1CP, B0DRYT4QH7, B0H11SGPCQ, B0FSC3CBG1, B0DP6K5YBZ, B0H44Y6TVN, B0GS9MNDWB, B0GS9JC5PP, B0CM3R79FN, B0H11Z5JCZ, B0FPFK9HQ3, B0H11NGS7F, B0DRYR4LV9, B0FPQM4YZV, B0H44QXF9H, B0DD3SJ97L, B0D9BHKKXD, B0DRYRXRXB, B0GS9RS8BJ, B0GK5SMQNT, B0DTNX8PR3, B0GSTP5DWL, B0CLJFD4QP, B0GYPWKM1L, B0D9BFR8FH, B0CLJD19MG, B0GWMJKVPW]",amzn1.campaign.DYL8L6F19XAO,Vintage Washable NonSlip LowPile Runner Creator Promo-2026/07/28,Bavni,2026-07-30,2026-11-05,10.00%,5000.0,5000.0,28,800,false
"[B0G4TSMF6K, B0G4RCK8M3, B0G4RCVWTN, B0G4TTKJ4W, B0G4RJD5DS, B0G4RG4R9N, B0G4TFFL4H, B0G39H58LC, B0GCDR3RLF, B0G4TFQJB9, B0GCDPP8P1, B0GCDQ35L1, B0G3997S9J, B0G4TXPJH2, B0G4RG35L9, B0G4RCRHR8, B0GCJJFFS2, B0G39J5SDT, B0GCFH29B5, B0G4TXKNJX, B0G39L5J5R, B0GCDVMPFD]",amzn1.campaign.3K3OE9NKENI7I,"LYYGLYY Creator Program | Collaborative Compliance, Sustainable Monetization",LYYGLYY,2026-07-30,2027-07-30,10.00%,5000.0,4949.69,4,800,false
"[B0G2STLF4V, B0G2SSHWZ2, B0G2SS7Q5Z, B0G2SV59FT, B0G2SS6HK5, B0G2SVXXLK, B0G2STRGH2, B0G2SYCFBY, B0G2SVMSDC, B0G2SXHZNX, B0G2STTCWX, B0G2SVGG67, B0G2SVBX1Y, B0G2SVFZ3Y, B0G2SVZ23N, B0G2SS99FT, B0G2SVGJ2H, B0G2SVVXHR, B0G2SXGLGY]",amzn1.campaign.2VYDAWG88SJIG,Women’s UPF 50 Safari Shirt,Edywdfew,2026-07-30,2027-07-30,10.00%,1000000.0,1000000.0,11,800,false
[B0FRLJKQFP],amzn1.campaign.1XY8WWSRBXSAG,🥃10%/$1M! Personalized Whiskey – Self-Gift Forever,Argefkeen,2026-07-30,2026-12-30,10.00%,1000000.0,1000000.0,9,800,false
[B0GXV9RL99],amzn1.campaign.Q8JVXGJAOZML,10000+ Monthly Sales | 10% commission | X00531MQXB | | Six Months,Fouwoqi,2026-07-30,2026-12-31,10.00%,5000.0,4988.3,5,800,false
"[B0G31VV8H7, B0FF1VFJ7B, B0FF1XVTHT, B0FF1RHHMB, B0G31RL59K, B0G31YHCSK, B0G31XW9PY]",amzn1.campaign.3AWFZRML5YIC5,15% commssion! PLA Silk Rainbow 3D Printing Filament Bestseller!!!🔥🔥🔥,SHIMMERFIL,2026-07-30,2026-10-29,15.00%,10000.0,9997.17,0,800,false
"[B0FF21ZVG7, B0FF21JRVQ, B0FF23VTMW, B0FF225TK1, B0FF26DRGW, B0G39KHQQW, B0FF2273B5, B0FF1WMDSC, B0G39KCQTN, B0G39F8DBP, B0G39L2P39, B0FF25G4PQ, B0FF21Q43F, B0G39DFGW3, B0G39FZXR1, B0FF21N7Y3, B0G39G1G54, B0FSL3JMC6, B0FF249NM9, B0G39FVZJX, B0G8J8S54C, B0FF214FSC, B0G39DM4J1, B0FF1WTKPX, B0FF25FYVT, B0FF27WM31, B0FF1W7P5H, B0FF1ZQ83B, B0G39LC9DK, B0G39DHY33, B0FF24WPFS, B0FF1WTF28, B0G39J3H8J, B0G39KZ2HW, B0FF25662Y, B0FF1WJZJ4, B0FF1W4CXF, B0G39GJXN7, B0FF241M1Q, B0G39LGQRP]",amzn1.campaign.2WTCPMR728P0E,✨Elevate Any Outfit! Gold Rivet Wide Elastic Belt (15% Commission),JKEEMI,2026-07-30,2026-12-31,15.00%,8000.0,8000.0,11,800,false
"[B0FSCFVJTT, B0DTP87KRK, B0H8NTZRRG, B0D9BJ3V5T, B0G5NZFJYL, B0CWR3RXVS, B0FSC58LVB, B0DTP183QK, B0FPFHB9JP, B0CM3PJTG1, B0FPFJBK3T, B0DMTL74SD, B0G5NXD6MQ, B0CRDSD13W, B0DRYR78TX, B0DRYR78TW, B0DMTMT6X6, B0DNQWTQHV, B0DP6LTKPX, B0DHZH4XRD, B0GSTX8MQ4, B0DTNYJR66, B0GK6KW82W, B0G5NZBVNJ, B0FSCZ2C67, B0FPFLKD7T, B0DWJVCC3T, B0G5NXVF5D, B0FSCPYJFK, B0H4549C9Z, B0H8NSM4HD, B0G5P56FKG, B0GWMRSZHM, B0G5P8QCWK, B0G5NZLPF3, B0GYPXLCK9, B0H11RZNW2, B0GWMLQMHL, B0DTPDDVZH, B0GWMN73ZF, B0GK6GG45G, B0GK57HJPX, B0F1FL2RV3, B0G5P6G4YJ, B0GWMDZ7ZJ, B0FPFJXTS3, B0H8NWCCZK, B0FSCLB5LP, B0GWMLDLP9, B0FPFHNQQS, B0H8NPPC3R, B0D9B43SSZ, B0GWMBY749, B0GWMPS3CZ, B0GS96G4SX, B0DTPFQHJ6, B0DNQVVLB2, B0GS9MSW33, B0H121K3L4, B0D9BFSSSL, B0GS9JBP1C, B0DRYSWGSB, B0GYPXTLS1, B0G5NS1235, B0FNRF35GZ, B0GK6P2YKB, B0GK5HRJQR, B0G5NP62P1, B0H11Z1HWY, B0DRYSYMGC, B0H8NXPMTP, B0GSV8Z4Z7, B0H8NZN1K6, B0GYPTNBP1, B0GYPLBHBB, B0H8NNZMST, B0GYPLFV1Q, B0H8NN4J2G, B0FPFHLSL8, B0D9BG6NBH, B0GK6P425B, B0GK6P425C, B0H4535XBC, B0FPFK48HC, B0GWMB6JS2, B0GK718P44, B0G5PCS3VH, B0H8NPP1RT, B0FRMM1R4D, B0H8NQ12F8, B0H4562FR9, B0FPFJ3PDZ, B0DTNT4VCV, B0FPFJ8Q7B, B0DTP8XY4X, B0F4WZ4D8Y, B0FPFJ4BVW, B0GWMHZFVF, B0CX499354, B0H8NM748T, B0DRYT5FFY, B0GS9QTQ63, B0FSC98C55, B0G5P92XM4, B0DTP8Q53R, B0H8NT46NZ, B0FSCPWK94, B0GYPLX8CL, B0GWMLD76Y, B0G5P821LQ, B0H8NTBXY4, B0GK6WT8KN, B0H8NKGPJ3, B0G5P2WVB7, B0H8NWLYWF, B0CM3RNK8D, B0CRDPZWJ2, B0GS9R5RCL, B0DTNYRPDJ, B0GWMGQM8D, B0GS9LNG9Q, B0FPFJJZCQ, B0GS9PZ3QD, B0H8NRFQK7, B0GK5XD2GB, B0GYPL9C61, B0DRYTZL2T, B0CM3RMGDC, B0DNQV9578, B0FPFG92Z3, B0GS9MGR7H, B0H452N5PV, B0GYPMYJK7, B0DRYRWG8Z, B0GSV23FPS, B0H11SJKNT, B0DRYSBYQC, B0CWR2WNHV, B0GYPGXKVC, B0DTP8QHY9, B0DTNX27LC, B0D9BJBYFK, B0GK6LSRLM, B0GS9PTXJ5, B0H11V7K4P, B0H44X81JL, B0GWMC9P38, B0DWJSBR35, B0FSC7NKRS, B0G5PKRG5D, B0DRYV2GJY, B0H8NS6D2B, B0GWMPZ1NM, B0D9BG6VFB, B0H11SJKMY, B0G5NZSCNM, B0G5PQNNXV, B0H8NR5NYB, B0GWMT3H33, B0GWMM3G1Z, B0G5P98G61, B0H8NT2SQ5, B0GYPWXHFX, B0H8NYFWFL, B0H8NPYMDF, B0GS9PXQ34, B0DWJSQBTD, B0FSBNYLD7, B0FPFFNX37, B0D9BFZ316, B0GWMQN9TQ, B0DRYSL7M1, B0CLJCRJTV, B0GWMND1VK, B0G5NZFR36, B0GK5PD1SG, B0FPFJLKN1, B0DNQVJP92, B0H1215X8D, B0G5P8NTJN, B0DRYRGJMZ, B0H11W4JR8, B0GWMB8WC1, B0GK6F8RBB, B0F995SG44, B0D9BGQB46, B0CM3S6L7D, B0CLJDLN58, B0GK756D6B, B0DRYS6228, B0D9BGC785, B0DWJZ69FS, B0CWR4HRQ8, B0GK69Z9GJ, B0GYPK7MPJ, B0GYPVM7LJ, B0FSBZP4NV, B0FSCMHRPD, B0H11WBMYN, B0G5PMY5C3, B0DRYTP5PL, B0FPFJGWRH, B0GYPJKVZD, B0GK6R8HXT, B0GS9NJHM8, B0H11ZXV71, B0DWJSG2PQ, B0H453DT2L, B0CWR4ZQHR, B0GWMCG742, B0FPFKJ9QV, B0H44ZLZ1H, B0H11XLFT1, B0FPFGTZVG, B0DP6M9VVC, B0G5NDRFNH, B0FPFHG8K2, B0GWMJDTQ1, B0DTP1FQLS, B0GK56Z1CP, B0DRYT4QH7, B0H11SGPCQ, B0FSC3CBG1, B0DP6K5YBZ, B0H44Y6TVN, B0GS9MNDWB, B0GS9JC5PP, B0CM3R79FN, B0H11Z5JCZ, B0FPFK9HQ3, B0H11NGS7F, B0DRYR4LV9, B0FPQM4YZV, B0H44QXF9H, B0DD3SJ97L, B0D9BHKKXD, B0DRYRXRXB, B0GS9RS8BJ, B0GK5SMQNT, B0DTNX8PR3, B0GSTP5DWL, B0CLJFD4QP, B0GYPWKM1L, B0D9BFR8FH, B0CLJD19MG, B0GWMJKVPW]",amzn1.campaign.1U3QD74JN7W5N,Vintage Washable NonSlip LowPile Runner Creator Promo-2026/07/28,Bavni,2026-07-30,2026-11-04,10.00%,5000.0,5000.0,21,800,false
[B0DMVDFB4F],amzn1.campaign.EK6GW7WG9T35,🎓 Dorm room dining hall sucks. This blender saves college meals!,Liebe&Lecker,2026-07-31,2027-05-27,10.00%,5000.0,5000.0,15,800,false
"[B0H2DS7LL5, B0GK2L6P83, B0GK2WJC5C]",amzn1.campaign.1Y3PV1JDXNCYJ,Windshield Sun Shade—Summer Car Accessory,AMADAW,2026-07-30,2026-09-30,10.00%,10000.0,9939.68,0,800,false
[B0FVFG99YP],amzn1.campaign.3INRHH00FEACO,"RV Screen Door Protector for Pet 18.2"" to 31.8"" Adjustable Screen Door Protector",KOHREE,2026-07-30,2026-12-31,10.00%,5000.0,4939.73,1,800,false
[B0CQZGJP18],amzn1.campaign.22P2WCVKXRXV0,"💪 EZYoutdoor: Instant Tatt, Zero Regret 💪",EZYoutdoor,2026-07-30,2027-07-30,10.00%,5000.0,4999.3,0,800,false
[B0H6P55WHX],amzn1.campaign.2PR5PV8G1URIA,Comission 15% | Medisana Red Light Belt RL550G,Medisana,2026-07-30,2027-03-31,15.00%,5000.0,4925.0,0,800,false
[B0DMVDFB4F],amzn1.campaign.L5291J42CKL5,🍹 Frozen margaritas in 30 sec? This blender is the party MVP!,Liebe&Lecker,2026-07-31,2027-05-28,10.00%,5000.0,5000.0,29,800,false
"[B0FSCFVJTT, B0DTP87KRK, B0H8NTZRRG, B0D9BJ3V5T, B0G5NZFJYL, B0CWR3RXVS, B0FSC58LVB, B0DTP183QK, B0FPFHB9JP, B0CM3PJTG1, B0FPFJBK3T, B0DMTL74SD, B0G5NXD6MQ, B0CRDSD13W, B0DRYR78TX, B0DRYR78TW, B0DMTMT6X6, B0DNQWTQHV, B0DP6LTKPX, B0DHZH4XRD, B0GSTX8MQ4, B0DTNYJR66, B0GK6KW82W, B0G5NZBVNJ, B0FSCZ2C67, B0FPFLKD7T, B0DWJVCC3T, B0G5NXVF5D, B0FSCPYJFK, B0H4549C9Z, B0H8NSM4HD, B0G5P56FKG, B0GWMRSZHM, B0G5P8QCWK, B0G5NZLPF3, B0GYPXLCK9, B0H11RZNW2, B0GWMLQMHL, B0DTPDDVZH, B0GWMN73ZF, B0GK6GG45G, B0GK57HJPX, B0F1FL2RV3, B0G5P6G4YJ, B0GWMDZ7ZJ, B0FPFJXTS3, B0H8NWCCZK, B0FSCLB5LP, B0GWMLDLP9, B0FPFHNQQS, B0H8NPPC3R, B0D9B43SSZ, B0GWMBY749, B0GWMPS3CZ, B0GS96G4SX, B0DTPFQHJ6, B0DNQVVLB2, B0GS9MSW33, B0H121K3L4, B0D9BFSSSL, B0GS9JBP1C, B0DRYSWGSB, B0GYPXTLS1, B0G5NS1235, B0FNRF35GZ, B0GK6P2YKB, B0GK5HRJQR, B0G5NP62P1, B0H11Z1HWY, B0DRYSYMGC, B0H8NXPMTP, B0GSV8Z4Z7, B0H8NZN1K6, B0GYPTNBP1, B0GYPLBHBB, B0H8NNZMST, B0GYPLFV1Q, B0H8NN4J2G, B0FPFHLSL8, B0D9BG6NBH, B0GK6P425B, B0GK6P425C, B0H4535XBC, B0FPFK48HC, B0GWMB6JS2, B0GK718P44, B0G5PCS3VH, B0H8NPP1RT, B0FRMM1R4D, B0H8NQ12F8, B0H4562FR9, B0FPFJ3PDZ, B0DTNT4VCV, B0FPFJ8Q7B, B0DTP8XY4X, B0F4WZ4D8Y, B0FPFJ4BVW, B0GWMHZFVF, B0CX499354, B0H8NM748T, B0DRYT5FFY, B0GS9QTQ63, B0FSC98C55, B0G5P92XM4, B0DTP8Q53R, B0H8NT46NZ, B0FSCPWK94, B0GYPLX8CL, B0GWMLD76Y, B0G5P821LQ, B0H8NTBXY4, B0GK6WT8KN, B0H8NKGPJ3, B0G5P2WVB7, B0H8NWLYWF, B0CM3RNK8D, B0CRDPZWJ2, B0GS9R5RCL, B0DTNYRPDJ, B0GWMGQM8D, B0GS9LNG9Q, B0FPFJJZCQ, B0GS9PZ3QD, B0H8NRFQK7, B0GK5XD2GB, B0GYPL9C61, B0DRYTZL2T, B0CM3RMGDC, B0DNQV9578, B0FPFG92Z3, B0GS9MGR7H, B0H452N5PV, B0GYPMYJK7, B0DRYRWG8Z, B0GSV23FPS, B0H11SJKNT, B0DRYSBYQC, B0CWR2WNHV, B0GYPGXKVC, B0DTP8QHY9, B0DTNX27LC, B0D9BJBYFK, B0GK6LSRLM, B0GS9PTXJ5, B0H11V7K4P, B0H44X81JL, B0GWMC9P38, B0DWJSBR35, B0FSC7NKRS, B0G5PKRG5D, B0DRYV2GJY, B0H8NS6D2B, B0GWMPZ1NM, B0D9BG6VFB, B0H11SJKMY, B0G5NZSCNM, B0G5PQNNXV, B0H8NR5NYB, B0GWMT3H33, B0GWMM3G1Z, B0G5P98G61, B0H8NT2SQ5, B0GYPWXHFX, B0H8NYFWFL, B0H8NPYMDF, B0GS9PXQ34, B0DWJSQBTD, B0FSBNYLD7, B0FPFFNX37, B0D9BFZ316, B0GWMQN9TQ, B0DRYSL7M1, B0CLJCRJTV, B0GWMND1VK, B0G5NZFR36, B0GK5PD1SG, B0FPFJLKN1, B0DNQVJP92, B0H1215X8D, B0G5P8NTJN, B0DRYRGJMZ, B0H11W4JR8, B0GWMB8WC1, B0GK6F8RBB, B0F995SG44, B0D9BGQB46, B0CM3S6L7D, B0CLJDLN58, B0GK756D6B, B0DRYS6228, B0D9BGC785, B0DWJZ69FS, B0CWR4HRQ8, B0GK69Z9GJ, B0GYPK7MPJ, B0GYPVM7LJ, B0FSBZP4NV, B0FSCMHRPD, B0H11WBMYN, B0G5PMY5C3, B0DRYTP5PL, B0FPFJGWRH, B0GYPJKVZD, B0GK6R8HXT, B0GS9NJHM8, B0H11ZXV71, B0DWJSG2PQ, B0H453DT2L, B0CWR4ZQHR, B0GWMCG742, B0FPFKJ9QV, B0H44ZLZ1H, B0H11XLFT1, B0FPFGTZVG, B0DP6M9VVC, B0G5NDRFNH, B0FPFHG8K2, B0GWMJDTQ1, B0DTP1FQLS, B0GK56Z1CP, B0DRYT4QH7, B0H11SGPCQ, B0FSC3CBG1, B0DP6K5YBZ, B0H44Y6TVN, B0GS9MNDWB, B0GS9JC5PP, B0CM3R79FN, B0H11Z5JCZ, B0FPFK9HQ3, B0H11NGS7F, B0DRYR4LV9, B0FPQM4YZV, B0H44QXF9H, B0DD3SJ97L, B0D9BHKKXD, B0DRYRXRXB, B0GS9RS8BJ, B0GK5SMQNT, B0DTNX8PR3, B0GSTP5DWL, B0CLJFD4QP, B0GYPWKM1L, B0D9BFR8FH, B0CLJD19MG, B0GWMJKVPW]",amzn1.campaign.16IWN84DH04WI,Vintage Washable NonSlip LowPile Runner Creator Promo-2026/07/28,Bavni,2026-07-30,2026-11-03,10.00%,5000.0,5000.0,20,800,false
"[B0FL2KGW1X, B0FL2GKTFQ, B0FLJWJ3SZ, B0FL2FFJCR, B0FL2J2HLD, B0FLJQJDKL, B0FLJQLY3Q, B0FL2FG6TS, B0FL2FH431, B0FL2KJ7CQ, B0FLJT9Z96, B0FLJPDVVJ]",amzn1.campaign.16SA0H13UIU57,ROFIEJOX Corduroy Rocking Chair Cushion | Up to 20% Multi-Buy Savings,ROFIEJOX,2026-07-30,2027-07-30,10.00%,5000.0,4964.84,0,800,false
[B0DMVDFB4F],amzn1.campaign.2IISL15IFBLF5,"💑 One blender, two tastes? Strawberry for her, green for him!",Liebe&Lecker,2026-07-31,2027-05-29,10.00%,5000.0,5000.0,21,800,false
[B0H6P55WHX],amzn1.campaign.3BQPXOUZCI95H,Comission 10% | Medisana Red Light Belt RL550G,Medisana,2026-07-30,2027-03-31,10.00%,5000.0,5000.0,18,800,false
"[B0FSCFVJTT, B0DTP87KRK, B0H8NTZRRG, B0D9BJ3V5T, B0G5NZFJYL, B0CWR3RXVS, B0FSC58LVB, B0DTP183QK, B0FPFHB9JP, B0CM3PJTG1, B0FPFJBK3T, B0DMTL74SD, B0G5NXD6MQ, B0CRDSD13W, B0DRYR78TX, B0DRYR78TW, B0DMTMT6X6, B0DNQWTQHV, B0DP6LTKPX, B0DHZH4XRD, B0GSTX8MQ4, B0DTNYJR66, B0GK6KW82W, B0G5NZBVNJ, B0FSCZ2C67, B0FPFLKD7T, B0DWJVCC3T, B0G5NXVF5D, B0FSCPYJFK, B0H4549C9Z, B0H8NSM4HD, B0G5P56FKG, B0GWMRSZHM, B0G5P8QCWK, B0G5NZLPF3, B0GYPXLCK9, B0H11RZNW2, B0GWMLQMHL, B0DTPDDVZH, B0GWMN73ZF, B0GK6GG45G, B0GK57HJPX, B0F1FL2RV3, B0G5P6G4YJ, B0GWMDZ7ZJ, B0FPFJXTS3, B0H8NWCCZK, B0FSCLB5LP, B0GWMLDLP9, B0FPFHNQQS, B0H8NPPC3R, B0D9B43SSZ, B0GWMBY749, B0GWMPS3CZ, B0GS96G4SX, B0DTPFQHJ6, B0DNQVVLB2, B0GS9MSW33, B0H121K3L4, B0D9BFSSSL, B0GS9JBP1C, B0DRYSWGSB, B0GYPXTLS1, B0G5NS1235, B0FNRF35GZ, B0GK6P2YKB, B0GK5HRJQR, B0G5NP62P1, B0H11Z1HWY, B0DRYSYMGC, B0H8NXPMTP, B0GSV8Z4Z7, B0H8NZN1K6, B0GYPTNBP1, B0GYPLBHBB, B0H8NNZMST, B0GYPLFV1Q, B0H8NN4J2G, B0FPFHLSL8, B0D9BG6NBH, B0GK6P425B, B0GK6P425C, B0H4535XBC, B0FPFK48HC, B0GWMB6JS2, B0GK718P44, B0G5PCS3VH, B0H8NPP1RT, B0FRMM1R4D, B0H8NQ12F8, B0H4562FR9, B0FPFJ3PDZ, B0DTNT4VCV, B0FPFJ8Q7B, B0DTP8XY4X, B0F4WZ4D8Y, B0FPFJ4BVW, B0GWMHZFVF, B0CX499354, B0H8NM748T, B0DRYT5FFY, B0GS9QTQ63, B0FSC98C55, B0G5P92XM4, B0DTP8Q53R, B0H8NT46NZ, B0FSCPWK94, B0GYPLX8CL, B0GWMLD76Y, B0G5P821LQ, B0H8NTBXY4, B0GK6WT8KN, B0H8NKGPJ3, B0G5P2WVB7, B0H8NWLYWF, B0CM3RNK8D, B0CRDPZWJ2, B0GS9R5RCL, B0DTNYRPDJ, B0GWMGQM8D, B0GS9LNG9Q, B0FPFJJZCQ, B0GS9PZ3QD, B0H8NRFQK7, B0GK5XD2GB, B0GYPL9C61, B0DRYTZL2T, B0CM3RMGDC, B0DNQV9578, B0FPFG92Z3, B0GS9MGR7H, B0H452N5PV, B0GYPMYJK7, B0DRYRWG8Z, B0GSV23FPS, B0H11SJKNT, B0DRYSBYQC, B0CWR2WNHV, B0GYPGXKVC, B0DTP8QHY9, B0DTNX27LC, B0D9BJBYFK, B0GK6LSRLM, B0GS9PTXJ5, B0H11V7K4P, B0H44X81JL, B0GWMC9P38, B0DWJSBR35, B0FSC7NKRS, B0G5PKRG5D, B0DRYV2GJY, B0H8NS6D2B, B0GWMPZ1NM, B0D9BG6VFB, B0H11SJKMY, B0G5NZSCNM, B0G5PQNNXV, B0H8NR5NYB, B0GWMT3H33, B0GWMM3G1Z, B0G5P98G61, B0H8NT2SQ5, B0GYPWXHFX, B0H8NYFWFL, B0H8NPYMDF, B0GS9PXQ34, B0DWJSQBTD, B0FSBNYLD7, B0FPFFNX37, B0D9BFZ316, B0GWMQN9TQ, B0DRYSL7M1, B0CLJCRJTV, B0GWMND1VK, B0G5NZFR36, B0GK5PD1SG, B0FPFJLKN1, B0DNQVJP92, B0H1215X8D, B0G5P8NTJN, B0DRYRGJMZ, B0H11W4JR8, B0GWMB8WC1, B0GK6F8RBB, B0F995SG44, B0D9BGQB46, B0CM3S6L7D, B0CLJDLN58, B0GK756D6B, B0DRYS6228, B0D9BGC785, B0DWJZ69FS, B0CWR4HRQ8, B0GK69Z9GJ, B0GYPK7MPJ, B0GYPVM7LJ, B0FSBZP4NV, B0FSCMHRPD, B0H11WBMYN, B0G5PMY5C3, B0DRYTP5PL, B0FPFJGWRH, B0GYPJKVZD, B0GK6R8HXT, B0GS9NJHM8, B0H11ZXV71, B0DWJSG2PQ, B0H453DT2L, B0CWR4ZQHR, B0GWMCG742, B0FPFKJ9QV, B0H44ZLZ1H, B0H11XLFT1, B0FPFGTZVG, B0DP6M9VVC, B0G5NDRFNH, B0FPFHG8K2, B0GWMJDTQ1, B0DTP1FQLS, B0GK56Z1CP, B0DRYT4QH7, B0H11SGPCQ, B0FSC3CBG1, B0DP6K5YBZ, B0H44Y6TVN, B0GS9MNDWB, B0GS9JC5PP, B0CM3R79FN, B0H11Z5JCZ, B0FPFK9HQ3, B0H11NGS7F, B0DRYR4LV9, B0FPQM4YZV, B0H44QXF9H, B0DD3SJ97L, B0D9BHKKXD, B0DRYRXRXB, B0GS9RS8BJ, B0GK5SMQNT, B0DTNX8PR3, B0GSTP5DWL, B0CLJFD4QP, B0GYPWKM1L, B0D9BFR8FH, B0CLJD19MG, B0GWMJKVPW]",amzn1.campaign.10SQBCCUHB7UN,Vintage Washable NonSlip LowPile Runner Creator Promo-2026/07/28,Bavni,2026-07-30,2026-11-02,10.00%,5000.0,5000.0,20,800,false
"[B0GT957RXB, B0GT94Q8L8, B0GT981MXR, B0GT96MMSK, B0GT988T9D, B0GT8VY4PK, B0GT95TLYQ]",amzn1.campaign.19BFBTF00H4R0,10% Commission for HighIntent Nissan Sentra 2000-2025 Automotive Audiences,FaiFani,2026-07-31,2027-01-15,10.00%,5000.0,5000.0,0,800,false
[B0H2YMPX6R],amzn1.campaign.2VSHCW2ZLCST5,Utimi Squeezable Pocket Pussy Mens Stroker - B0H2YMPX6R - 13%Commission,Deeplusty,2026-07-30,2027-01-01,13.00%,5000.0,5000.0,5,800,false
"[B0DD47FK2W, B0C4YP78Z5, B0DD463QR3, B0C9CCZ8J4, B0DD45CNTD, B0DCMQCWY9, B0DD481P3Q, B0DD442WLZ, B0C4YHX68G, B0DD48FB4C, B0DD47VRHR, B0DD48LXSW, B0C4YKG5MX, B0DD47RYHG, B0DD46KKB9, B0D8W428MT, B0DCN4BNC7, B0C4YKYC6S, B0C4YK74QL, B0C4YN7BWZ, B0DCN2HSKY, B0C9BPHXT6, B0D8W3XSCL, B0C9C2N4QF, B0DCMMBTSD, B0DD46Y62C, B0D8W3ZQQR, B0DD47PMV5, B0C9BXV71R, B0DD46L7YW, B0DD44FZ6M, B0DCNCNV45, B0C9BZ5PFB, B0DD466HY1, B0C9BYF1R8, B0DD45TXRW, B0BXGQ2C2Q, B0D8W57WY6, B0BXGKK6GK, B0BXGGCQWC, B0D8W49SYD, B0DD466YQN, B0DD451JMJ, B0DD46HGY6, B0DD4899S9]",amzn1.campaign.X9DV7VUKZ0UZ,✨Luxury in Details | Premium Faux Leather Corset Belt (15% Commission),JKEEMI,2026-07-30,2026-12-31,15.00%,8000.0,8000.0,5,800,false
"[B0FHKR8T63, B0FNMTSFVL, B0FRSL39S7, B0FSS649R9, B0FSCT4VNM, B0FNMTDJJM, B0FJFC2YJM, B0FHJ49QFS, B0FSCSN4TN, B0FS1FK278, B0FS1CCPR1, B0FJFF6H91, B0FNMWRQ7D, B0FNMSDJHW, B0FWR442NB, B0FJFC6YVJ, B0FS16F6S8, B0FWQZKR9W, B0FRSFNBZ8, B0FSRWGJ95, B0FS1CQ54H, B0FWQZ2Y2X, B0FNMTWB4P, B0FNMWVBCS, B0FHKQDLZD, B0FJFC54KJ, B0FNMTZTRS, B0FJFDNPGB, B0FJFDH7WY, B0FWQTZWSB, B0FNMVG4WR, B0FHKRXGVT]",amzn1.campaign.3R78W6GIJ0G4C,Monthly sales of 50-100+10% commissionWall art partnerships start at one month,XTIQVVZM,2026-08-03,2027-08-03,10.00%,10000.0,10000.0,0,800,false
"[B0FQMRQQLM, B0FQMTPL67, B0FQMRQCRZ, B0FQMPZGMG, B0FQM3TDT1, B0FQMKCTHZ, B0FQMZMGKM, B0FQM5HSZB, B0FQM98WR2, B0FQMRNKBK, B0FQM5JDBC, B0FQNBBWN6, B0FQMK72TN, B0FQN8NS9R, B0FQN5J2J3, B0FQMTTXC2, B0FQMQZK8C, B0FQN8J6KF, B0FQMTSHPF, B0FQMLHJ1N, B0FQM41TH5, B0FQM41TH6, B0FQN9D275, B0FQMJQR1M, B0FQMNHM98]",amzn1.campaign.1OK237SMWGCSV,Win-Win Collaboration:Promote GINGTTO 62g Mens Jacket & Earn 15% Commission,GINGTTO,2026-07-30,2026-10-31,15.00%,5000.0,5000.0,7,800,false
"[B0H53F7D6V, B0H52M2P5M, B0H53BFLJ4, B0H53PM7XB, B0H53B9CPY, B0H539754Q, B0H53SDGM4, B0H538VQJ8]",amzn1.campaign.1F17R5WFT3O0D,大型,SXHANJXT,2026-07-30,2027-07-30,10.00%,5000.0,4992.0,2,800,false
[B0FRLJKQFP],amzn1.campaign.6BRQSRK2PI9M,🔥 10%! Initial Bourbon Tumbler – Good=Infinite Run,Argefkeen,2026-07-30,2026-12-31,10.00%,1000000.0,1000000.0,15,800,false
"[B0GJ8ZMXNM, B0GJ8YZ2JR, B0GJ8Z1BPV, B0GJ96W5PC, B0GJ8TFLHM, B0GJ8HG4JR]",amzn1.campaign.CNA18NESH1UO,短款枯枝清货,ucky,2026-07-30,2026-10-31,10.00%,5000.0,4987.35,2,800,false
"[B0FSCFVJTT, B0DTP87KRK, B0H8NTZRRG, B0D9BJ3V5T, B0G5NZFJYL, B0CWR3RXVS, B0FSC58LVB, B0DTP183QK, B0FPFHB9JP, B0CM3PJTG1, B0FPFJBK3T, B0DMTL74SD, B0G5NXD6MQ, B0CRDSD13W, B0DRYR78TX, B0DRYR78TW, B0DMTMT6X6, B0DNQWTQHV, B0DP6LTKPX, B0DHZH4XRD, B0GSTX8MQ4, B0DTNYJR66, B0GK6KW82W, B0G5NZBVNJ, B0FSCZ2C67, B0FPFLKD7T, B0DWJVCC3T, B0G5NXVF5D, B0FSCPYJFK, B0H4549C9Z, B0H8NSM4HD, B0G5P56FKG, B0GWMRSZHM, B0G5P8QCWK, B0G5NZLPF3, B0GYPXLCK9, B0H11RZNW2, B0GWMLQMHL, B0DTPDDVZH, B0GWMN73ZF, B0GK6GG45G, B0GK57HJPX, B0F1FL2RV3, B0G5P6G4YJ, B0GWMDZ7ZJ, B0FPFJXTS3, B0H8NWCCZK, B0FSCLB5LP, B0GWMLDLP9, B0FPFHNQQS, B0H8NPPC3R, B0D9B43SSZ, B0GWMBY749, B0GWMPS3CZ, B0GS96G4SX, B0DTPFQHJ6, B0DNQVVLB2, B0GS9MSW33, B0H121K3L4, B0D9BFSSSL, B0GS9JBP1C, B0DRYSWGSB, B0GYPXTLS1, B0G5NS1235, B0FNRF35GZ, B0GK6P2YKB, B0GK5HRJQR, B0G5NP62P1, B0H11Z1HWY, B0DRYSYMGC, B0H8NXPMTP, B0GSV8Z4Z7, B0H8NZN1K6, B0GYPTNBP1, B0GYPLBHBB, B0H8NNZMST, B0GYPLFV1Q, B0H8NN4J2G, B0FPFHLSL8, B0D9BG6NBH, B0GK6P425B, B0GK6P425C, B0H4535XBC, B0FPFK48HC, B0GWMB6JS2, B0GK718P44, B0G5PCS3VH, B0H8NPP1RT, B0FRMM1R4D, B0H8NQ12F8, B0H4562FR9, B0FPFJ3PDZ, B0DTNT4VCV, B0FPFJ8Q7B, B0DTP8XY4X, B0F4WZ4D8Y, B0FPFJ4BVW, B0GWMHZFVF, B0CX499354, B0H8NM748T, B0DRYT5FFY, B0GS9QTQ63, B0FSC98C55, B0G5P92XM4, B0DTP8Q53R, B0H8NT46NZ, B0FSCPWK94, B0GYPLX8CL, B0GWMLD76Y, B0G5P821LQ, B0H8NTBXY4, B0GK6WT8KN, B0H8NKGPJ3, B0G5P2WVB7, B0H8NWLYWF, B0CM3RNK8D, B0CRDPZWJ2, B0GS9R5RCL, B0DTNYRPDJ, B0GWMGQM8D, B0GS9LNG9Q, B0FPFJJZCQ, B0GS9PZ3QD, B0H8NRFQK7, B0GK5XD2GB, B0GYPL9C61, B0DRYTZL2T, B0CM3RMGDC, B0DNQV9578, B0FPFG92Z3, B0GS9MGR7H, B0H452N5PV, B0GYPMYJK7, B0DRYRWG8Z, B0GSV23FPS, B0H11SJKNT, B0DRYSBYQC, B0CWR2WNHV, B0GYPGXKVC, B0DTP8QHY9, B0DTNX27LC, B0D9BJBYFK, B0GK6LSRLM, B0GS9PTXJ5, B0H11V7K4P, B0H44X81JL, B0GWMC9P38, B0DWJSBR35, B0FSC7NKRS, B0G5PKRG5D, B0DRYV2GJY, B0H8NS6D2B, B0GWMPZ1NM, B0D9BG6VFB, B0H11SJKMY, B0G5NZSCNM, B0G5PQNNXV, B0H8NR5NYB, B0GWMT3H33, B0GWMM3G1Z, B0G5P98G61, B0H8NT2SQ5, B0GYPWXHFX, B0H8NYFWFL, B0H8NPYMDF, B0GS9PXQ34, B0DWJSQBTD, B0FSBNYLD7, B0FPFFNX37, B0D9BFZ316, B0GWMQN9TQ, B0DRYSL7M1, B0CLJCRJTV, B0GWMND1VK, B0G5NZFR36, B0GK5PD1SG, B0FPFJLKN1, B0DNQVJP92, B0H1215X8D, B0G5P8NTJN, B0DRYRGJMZ, B0H11W4JR8, B0GWMB8WC1, B0GK6F8RBB, B0F995SG44, B0D9BGQB46, B0CM3S6L7D, B0CLJDLN58, B0GK756D6B, B0DRYS6228, B0D9BGC785, B0DWJZ69FS, B0CWR4HRQ8, B0GK69Z9GJ, B0GYPK7MPJ, B0GYPVM7LJ, B0FSBZP4NV, B0FSCMHRPD, B0H11WBMYN, B0G5PMY5C3, B0DRYTP5PL, B0FPFJGWRH, B0GYPJKVZD, B0GK6R8HXT, B0GS9NJHM8, B0H11ZXV71, B0DWJSG2PQ, B0H453DT2L, B0CWR4ZQHR, B0GWMCG742, B0FPFKJ9QV, B0H44ZLZ1H, B0H11XLFT1, B0FPFGTZVG, B0DP6M9VVC, B0G5NDRFNH, B0FPFHG8K2, B0GWMJDTQ1, B0DTP1FQLS, B0GK56Z1CP, B0DRYT4QH7, B0H11SGPCQ, B0FSC3CBG1, B0DP6K5YBZ, B0H44Y6TVN, B0GS9MNDWB, B0GS9JC5PP, B0CM3R79FN, B0H11Z5JCZ, B0FPFK9HQ3, B0H11NGS7F, B0DRYR4LV9, B0FPQM4YZV, B0H44QXF9H, B0DD3SJ97L, B0D9BHKKXD, B0DRYRXRXB, B0GS9RS8BJ, B0GK5SMQNT, B0DTNX8PR3, B0GSTP5DWL, B0CLJFD4QP, B0GYPWKM1L, B0D9BFR8FH, B0CLJD19MG, B0GWMJKVPW]",amzn1.campaign.2NS1NM246LFXB,Vintage Washable NonSlip LowPile Runner Creator Promo-2026/07/28,Bavni,2026-07-30,2026-11-01,10.00%,5000.0,5000.0,23,800,false
[B0DMVDFB4F],amzn1.campaign.2WMGYNA7AVORF,👶 Fresh baby puree in 30 seconds? This blender = parenting win!,Liebe&Lecker,2026-07-31,2027-05-30,10.00%,5000.0,5000.0,19,800,false
"[B0GD1258GL, B0GD111QLB, B0GD11GF9F, B0GD15BWFS, B0GD18696S, B0GD1585G9]",amzn1.campaign.1CYSAFX4NFFSF,马卡龙郁金香50% OFF,ucky,2026-07-30,2026-10-31,10.00%,5000.0,5000.0,8,800,false
"[B0CS6FH2GW, B0BVHYQZQ5, B0BVJ14W95, B0BVJ19MH9, B0CS2T1YWV, B0CS2YQYX8, B0C8MTYX84, B0BVJ14VMB, B0CS2VCQWR, B0C8MRZJNC]",amzn1.campaign.21NPPYCFZZO3T,Mothers Necklace Gifts for Mom,GemJelry,2026-07-30,2027-07-30,10.00%,5000.0,5000.0,2,800,false
"[B0FSCFVJTT, B0DTP87KRK, B0H8NTZRRG, B0D9BJ3V5T, B0G5NZFJYL, B0CWR3RXVS, B0FSC58LVB, B0DTP183QK, B0FPFHB9JP, B0CM3PJTG1, B0FPFJBK3T, B0DMTL74SD, B0G5NXD6MQ, B0CRDSD13W, B0DRYR78TX, B0DRYR78TW, B0DMTMT6X6, B0DNQWTQHV, B0DP6LTKPX, B0DHZH4XRD, B0GSTX8MQ4, B0DTNYJR66, B0GK6KW82W, B0G5NZBVNJ, B0FSCZ2C67, B0FPFLKD7T, B0DWJVCC3T, B0G5NXVF5D, B0FSCPYJFK, B0H4549C9Z, B0H8NSM4HD, B0G5P56FKG, B0GWMRSZHM, B0G5P8QCWK, B0G5NZLPF3, B0GYPXLCK9, B0H11RZNW2, B0GWMLQMHL, B0DTPDDVZH, B0GWMN73ZF, B0GK6GG45G, B0GK57HJPX, B0F1FL2RV3, B0G5P6G4YJ, B0GWMDZ7ZJ, B0FPFJXTS3, B0H8NWCCZK, B0FSCLB5LP, B0GWMLDLP9, B0FPFHNQQS, B0H8NPPC3R, B0D9B43SSZ, B0GWMBY749, B0GWMPS3CZ, B0GS96G4SX, B0DTPFQHJ6, B0DNQVVLB2, B0GS9MSW33, B0H121K3L4, B0D9BFSSSL, B0GS9JBP1C, B0DRYSWGSB, B0GYPXTLS1, B0G5NS1235, B0FNRF35GZ, B0GK6P2YKB, B0GK5HRJQR, B0G5NP62P1, B0H11Z1HWY, B0DRYSYMGC, B0H8NXPMTP, B0GSV8Z4Z7, B0H8NZN1K6, B0GYPTNBP1, B0GYPLBHBB, B0H8NNZMST, B0GYPLFV1Q, B0H8NN4J2G, B0FPFHLSL8, B0D9BG6NBH, B0GK6P425B, B0GK6P425C, B0H4535XBC, B0FPFK48HC, B0GWMB6JS2, B0GK718P44, B0G5PCS3VH, B0H8NPP1RT, B0FRMM1R4D, B0H8NQ12F8, B0H4562FR9, B0FPFJ3PDZ, B0DTNT4VCV, B0FPFJ8Q7B, B0DTP8XY4X, B0F4WZ4D8Y, B0FPFJ4BVW, B0GWMHZFVF, B0CX499354, B0H8NM748T, B0DRYT5FFY, B0GS9QTQ63, B0FSC98C55, B0G5P92XM4, B0DTP8Q53R, B0H8NT46NZ, B0FSCPWK94, B0GYPLX8CL, B0GWMLD76Y, B0G5P821LQ, B0H8NTBXY4, B0GK6WT8KN, B0H8NKGPJ3, B0G5P2WVB7, B0H8NWLYWF, B0CM3RNK8D, B0CRDPZWJ2, B0GS9R5RCL, B0DTNYRPDJ, B0GWMGQM8D, B0GS9LNG9Q, B0FPFJJZCQ, B0GS9PZ3QD, B0H8NRFQK7, B0GK5XD2GB, B0GYPL9C61, B0DRYTZL2T, B0CM3RMGDC, B0DNQV9578, B0FPFG92Z3, B0GS9MGR7H, B0H452N5PV, B0GYPMYJK7, B0DRYRWG8Z, B0GSV23FPS, B0H11SJKNT, B0DRYSBYQC, B0CWR2WNHV, B0GYPGXKVC, B0DTP8QHY9, B0DTNX27LC, B0D9BJBYFK, B0GK6LSRLM, B0GS9PTXJ5, B0H11V7K4P, B0H44X81JL, B0GWMC9P38, B0DWJSBR35, B0FSC7NKRS, B0G5PKRG5D, B0DRYV2GJY, B0H8NS6D2B, B0GWMPZ1NM, B0D9BG6VFB, B0H11SJKMY, B0G5NZSCNM, B0G5PQNNXV, B0H8NR5NYB, B0GWMT3H33, B0GWMM3G1Z, B0G5P98G61, B0H8NT2SQ5, B0GYPWXHFX, B0H8NYFWFL, B0H8NPYMDF, B0GS9PXQ34, B0DWJSQBTD, B0FSBNYLD7, B0FPFFNX37, B0D9BFZ316, B0GWMQN9TQ, B0DRYSL7M1, B0CLJCRJTV, B0GWMND1VK, B0G5NZFR36, B0GK5PD1SG, B0FPFJLKN1, B0DNQVJP92, B0H1215X8D, B0G5P8NTJN, B0DRYRGJMZ, B0H11W4JR8, B0GWMB8WC1, B0GK6F8RBB, B0F995SG44, B0D9BGQB46, B0CM3S6L7D, B0CLJDLN58, B0GK756D6B, B0DRYS6228, B0D9BGC785, B0DWJZ69FS, B0CWR4HRQ8, B0GK69Z9GJ, B0GYPK7MPJ, B0GYPVM7LJ, B0FSBZP4NV, B0FSCMHRPD, B0H11WBMYN, B0G5PMY5C3, B0DRYTP5PL, B0FPFJGWRH, B0GYPJKVZD, B0GK6R8HXT, B0GS9NJHM8, B0H11ZXV71, B0DWJSG2PQ, B0H453DT2L, B0CWR4ZQHR, B0GWMCG742, B0FPFKJ9QV, B0H44ZLZ1H, B0H11XLFT1, B0FPFGTZVG, B0DP6M9VVC, B0G5NDRFNH, B0FPFHG8K2, B0GWMJDTQ1, B0DTP1FQLS, B0GK56Z1CP, B0DRYT4QH7, B0H11SGPCQ, B0FSC3CBG1, B0DP6K5YBZ, B0H44Y6TVN, B0GS9MNDWB, B0GS9JC5PP, B0CM3R79FN, B0H11Z5JCZ, B0FPFK9HQ3, B0H11NGS7F, B0DRYR4LV9, B0FPQM4YZV, B0H44QXF9H, B0DD3SJ97L, B0D9BHKKXD, B0DRYRXRXB, B0GS9RS8BJ, B0GK5SMQNT, B0DTNX8PR3, B0GSTP5DWL, B0CLJFD4QP, B0GYPWKM1L, B0D9BFR8FH, B0CLJD19MG, B0GWMJKVPW]",amzn1.campaign.1X1OFC7TAHE9X,Vintage Washable NonSlip LowPile Runner Creator Promo-2026/07/28,Bavni,2026-07-30,2026-10-31,10.00%,5000.0,5000.0,23,800,false
[B0FRLJKQFP],amzn1.campaign.2XQ5L7WNYBTQR,🥃 20%/$1M! Wooden Whiskey Cup – Man Cave + Forever,Argefkeen,2026-07-30,2026-12-05,10.00%,1000000.0,1000000.0,12,800,false
[B0DMVDFB4F],amzn1.campaign.1A9PMWSCN9GZL,🏕️ Camping coffee is trash. This blender makes real smoothies!,Liebe&Lecker,2026-07-31,2027-05-31,10.00%,5000.0,5000.0,17,800,false
"[B0G2SK3MQ1, B0G2SLB6PF, B0G2SKTB52, B0G2SP17G4, B0G2SKM53M, B0G2SMVBGF, B0G2SKNG4H, B0G2SP5NK8, B0G2SMTHHF, B0G2SP5MPC, B0G2SL787S, B0G2SP74QB, B0G2SMM26C, B0G2SLLSW1, B0G2SQZ4KC, B0G2SKMNZ3, B0G2SM23FJ, B0G2SPNHGZ, B0G2SLSLK8]",amzn1.campaign.1LHNJDPB6BYFW,Women's Safari Shirt,Flankor,2026-07-30,2027-06-30,10.00%,50000.0,49996.8,7,800,false
[B0FRLJKQFP],amzn1.campaign.3FRAKACBRDFDF,🔥10%! Custom Bourbon Glass – $1M + Infinite,Argefkeen,2026-07-30,2026-12-04,10.00%,1000000.0,1000000.0,13,800,false
"[B0GYZDM847, B0GYYH32V6, B0GYYZ8TFZ, B0GYZGTQYR, B0GYZDVRCW, B0GYYHKRJ1, B0GYYH4ZT8, B0GYZ6JKVS, B0GYYQCJ29, B0GYZNHG5X, B0GYYGYQSS, B0GYZ9ZWY3, B0GYYHL4MY, B0GYZBS6Z6, B0GYYK6WJ8]",amzn1.campaign.3H34JT7BF6Z2M,🛠️Quality Obsessed! Durable Non-Fade Metal Chain Belt (15% Commission),JKEEMI,2026-07-30,2026-12-31,15.00%,8000.0,8000.0,0,800,false
[B0FKBF85H9],amzn1.campaign.3UUET3HWGI5BQ,🎁Free Trial & 50% Comm,B&Qaugen,2026-07-30,2026-09-30,50.00%,5000.0,4793.15,3,800,false
"[B0FSCFVJTT, B0DTP87KRK, B0H8NTZRRG, B0D9BJ3V5T, B0G5NZFJYL, B0CWR3RXVS, B0FSC58LVB, B0DTP183QK, B0FPFHB9JP, B0CM3PJTG1, B0FPFJBK3T, B0DMTL74SD, B0G5NXD6MQ, B0CRDSD13W, B0DRYR78TX, B0DRYR78TW, B0DMTMT6X6, B0DNQWTQHV, B0DP6LTKPX, B0DHZH4XRD, B0GSTX8MQ4, B0DTNYJR66, B0GK6KW82W, B0G5NZBVNJ, B0FSCZ2C67, B0FPFLKD7T, B0DWJVCC3T, B0G5NXVF5D, B0FSCPYJFK, B0H4549C9Z, B0H8NSM4HD, B0G5P56FKG, B0GWMRSZHM, B0G5P8QCWK, B0G5NZLPF3, B0GYPXLCK9, B0H11RZNW2, B0GWMLQMHL, B0DTPDDVZH, B0GWMN73ZF, B0GK6GG45G, B0GK57HJPX, B0F1FL2RV3, B0G5P6G4YJ, B0GWMDZ7ZJ, B0FPFJXTS3, B0H8NWCCZK, B0FSCLB5LP, B0GWMLDLP9, B0FPFHNQQS, B0H8NPPC3R, B0D9B43SSZ, B0GWMBY749, B0GWMPS3CZ, B0GS96G4SX, B0DTPFQHJ6, B0DNQVVLB2, B0GS9MSW33, B0H121K3L4, B0D9BFSSSL, B0GS9JBP1C, B0DRYSWGSB, B0GYPXTLS1, B0G5NS1235, B0FNRF35GZ, B0GK6P2YKB, B0GK5HRJQR, B0G5NP62P1, B0H11Z1HWY, B0DRYSYMGC, B0H8NXPMTP, B0GSV8Z4Z7, B0H8NZN1K6, B0GYPTNBP1, B0GYPLBHBB, B0H8NNZMST, B0GYPLFV1Q, B0H8NN4J2G, B0FPFHLSL8, B0D9BG6NBH, B0GK6P425B, B0GK6P425C, B0H4535XBC, B0FPFK48HC, B0GWMB6JS2, B0GK718P44, B0G5PCS3VH, B0H8NPP1RT, B0FRMM1R4D, B0H8NQ12F8, B0H4562FR9, B0FPFJ3PDZ, B0DTNT4VCV, B0FPFJ8Q7B, B0DTP8XY4X, B0F4WZ4D8Y, B0FPFJ4BVW, B0GWMHZFVF, B0CX499354, B0H8NM748T, B0DRYT5FFY, B0GS9QTQ63, B0FSC98C55, B0G5P92XM4, B0DTP8Q53R, B0H8NT46NZ, B0FSCPWK94, B0GYPLX8CL, B0GWMLD76Y, B0G5P821LQ, B0H8NTBXY4, B0GK6WT8KN, B0H8NKGPJ3, B0G5P2WVB7, B0H8NWLYWF, B0CM3RNK8D, B0CRDPZWJ2, B0GS9R5RCL, B0DTNYRPDJ, B0GWMGQM8D, B0GS9LNG9Q, B0FPFJJZCQ, B0GS9PZ3QD, B0H8NRFQK7, B0GK5XD2GB, B0GYPL9C61, B0DRYTZL2T, B0CM3RMGDC, B0DNQV9578, B0FPFG92Z3, B0GS9MGR7H, B0H452N5PV, B0GYPMYJK7, B0DRYRWG8Z, B0GSV23FPS, B0H11SJKNT, B0DRYSBYQC, B0CWR2WNHV, B0GYPGXKVC, B0DTP8QHY9, B0DTNX27LC, B0D9BJBYFK, B0GK6LSRLM, B0GS9PTXJ5, B0H11V7K4P, B0H44X81JL, B0GWMC9P38, B0DWJSBR35, B0FSC7NKRS, B0G5PKRG5D, B0DRYV2GJY, B0H8NS6D2B, B0GWMPZ1NM, B0D9BG6VFB, B0H11SJKMY, B0G5NZSCNM, B0G5PQNNXV, B0H8NR5NYB, B0GWMT3H33, B0GWMM3G1Z, B0G5P98G61, B0H8NT2SQ5, B0GYPWXHFX, B0H8NYFWFL, B0H8NPYMDF, B0GS9PXQ34, B0DWJSQBTD, B0FSBNYLD7, B0FPFFNX37, B0D9BFZ316, B0GWMQN9TQ, B0DRYSL7M1, B0CLJCRJTV, B0GWMND1VK, B0G5NZFR36, B0GK5PD1SG, B0FPFJLKN1, B0DNQVJP92, B0H1215X8D, B0G5P8NTJN, B0DRYRGJMZ, B0H11W4JR8, B0GWMB8WC1, B0GK6F8RBB, B0F995SG44, B0D9BGQB46, B0CM3S6L7D, B0CLJDLN58, B0GK756D6B, B0DRYS6228, B0D9BGC785, B0DWJZ69FS, B0CWR4HRQ8, B0GK69Z9GJ, B0GYPK7MPJ, B0GYPVM7LJ, B0FSBZP4NV, B0FSCMHRPD, B0H11WBMYN, B0G5PMY5C3, B0DRYTP5PL, B0FPFJGWRH, B0GYPJKVZD, B0GK6R8HXT, B0GS9NJHM8, B0H11ZXV71, B0DWJSG2PQ, B0H453DT2L, B0CWR4ZQHR, B0GWMCG742, B0FPFKJ9QV, B0H44ZLZ1H, B0H11XLFT1, B0FPFGTZVG, B0DP6M9VVC, B0G5NDRFNH, B0FPFHG8K2, B0GWMJDTQ1, B0DTP1FQLS, B0GK56Z1CP, B0DRYT4QH7, B0H11SGPCQ, B0FSC3CBG1, B0DP6K5YBZ, B0H44Y6TVN, B0GS9MNDWB, B0GS9JC5PP, B0CM3R79FN, B0H11Z5JCZ, B0FPFK9HQ3, B0H11NGS7F, B0DRYR4LV9, B0FPQM4YZV, B0H44QXF9H, B0DD3SJ97L, B0D9BHKKXD, B0DRYRXRXB, B0GS9RS8BJ, B0GK5SMQNT, B0DTNX8PR3, B0GSTP5DWL, B0CLJFD4QP, B0GYPWKM1L, B0D9BFR8FH, B0CLJD19MG, B0GWMJKVPW]",amzn1.campaign.19R0HNALJWE82,Vintage Washable NonSlip LowPile Runner Creator Promo-2026/07/28,Bavni,2026-07-30,2026-10-30,10.00%,5000.0,5000.0,22,800,false
"[B0GVDBDW5R, B0GVDB98MY, B0GVDBK2PH, B0GVDB7W9L]",amzn1.campaign.297OP8XFI2RTM,Oversized Full Length Mirror on Wheels 10% Commission,Suidia,2026-07-30,2026-09-30,10.00%,5000.0,4921.0,0,800,false
[B0FRLJKQFP],amzn1.campaign.4II7PRDWZP9A,🥃 20%/$1M! Hand-Carved Whiskey – Personal Keepsake,Argefkeen,2026-07-29,2026-12-03,10.00%,1000000.0,1000000.0,15,800,false
"[B0D6R6RN2B, B0D6QZQ491, B0D6QKVXFW, B0D6QD6619]",amzn1.campaign.ZD1T35RTKOAD,雏菊,SMFARTJX,2026-07-30,2027-07-30,10.00%,5000.0,5000.0,15,800,false
"[B0FHKR8T63, B0FNMTSFVL, B0FRSL39S7, B0FSS649R9, B0FSCT4VNM, B0FNMTDJJM, B0FJFC2YJM, B0FHJ49QFS, B0FSCSN4TN, B0FS1FK278, B0FS1CCPR1, B0FJFF6H91, B0FNMWRQ7D, B0FNMSDJHW, B0FWR442NB, B0FJFC6YVJ, B0FS16F6S8, B0FWQZKR9W, B0FRSFNBZ8, B0FSRWGJ95, B0FS1CQ54H, B0FWQZ2Y2X, B0FNMTWB4P, B0FNMWVBCS, B0FHKQDLZD, B0FJFC54KJ, B0FNMTZTRS, B0FJFDNPGB, B0FJFDH7WY, B0FWQTZWSB, B0FNMVG4WR, B0FHKRXGVT]",amzn1.campaign.1P2PMWI0AP2BP,Monthly sales of 50-100+10% commissionWall art partnerships start at one month,XTIQVVZM,2026-08-02,2027-08-02,10.00%,10000.0,10000.0,10,800,false
[B0FRLJKQFP],amzn1.campaign.1UIQ9I2D5ONNA,🔥 10%! Wooden Bourbon Cup – Good=Never Ends,Argefkeen,2026-07-29,2026-12-02,10.00%,1000000.0,1000000.0,10,800,false
"[B0F8MHSRKH, B0F8N1L9M8, B0F8NBSCDM, B0F8N42BXL, B0D6W4X83V]",amzn1.campaign.2NI09NNL2TLRY,佛头和抽象,SMFARTJX,2026-07-30,2027-07-30,10.00%,5000.0,5000.0,11,800,false
[B0GT92N8NH],amzn1.campaign.XI3CDJ1DF8V8,Creator Collaboration Invitation – Natural Iron Fish for Cooking,Oxiros,2026-07-30,2026-12-31,13.00%,5000.0,5000.0,16,800,false
"[B0FNMXRP7Y, B0FNMXTKCR, B0FNMYP12Q]",amzn1.campaign.2J6NJKD778H5W,Vintage Wooden Treasure Chest,GemJelry,2026-07-30,2027-07-30,10.00%,5000.0,5000.0,7,800,false
[B0FRLJKQFP],amzn1.campaign.Z224LBC2S9NI,🥃 10%/$1M! Personalized Whiskey Tumbler – Whiskey Win,Argefkeen,2026-07-29,2026-12-01,10.00%,100000.0,100000.0,20,800,false
"[B0CM3TP2BF, B0DCG556SW, B0D942FJBT, B0DCG3DTYX, B0DCG3HVQT, B0DCG6CDZM, B0D9424HCY, B0D9439LQR, B0DCW95SZ9, B0FGHTX6RS, B0DHL14W2T, B0DCG66WW7, B0F1D9C88R, B0DFYL21KK, B0F1D79C2X, B0DFLZ53CQ, B0D944RGB1, B0CY2GG1FM, B0DQ4KK7Z4, B0F1D7XBVW, B0DSG2YSHC, B0D41SLKZ8, B0CY28L8DM, B0DCVMV1T8, B0F1D8YJ6N, B0G2LWP2VD, B0DTK8TT1R, B0DSKS5245, B0DRY85VRR, B0DCG3QSQD, B0D9438BPD, B0D9438XKJ, B0D943F2YH, B0CY2FLQTC, B0D41T7LLC, B0F1D72XS4, B0D9426CT1, B0D941YKWN, B0DTKCHB1L, B0DDPLSC69, B0D41TSB4V, B0DR95LZR4, B0DQ4NVY94, B0DCW8FWKZ, B0DB649CMV, B0DCVNTC38, B0DTK8XBD8, B0CY2D6JM6, B0DQ4L7N41, B0DCG1XVJC, B0F1D7Y22F, B0D41SMZ1V, B0D9438DBZ, B0D41TQGDM, B0D41V113C, B0DNF53X33, B0DDTN4GBQ, B0CY2GR95X, B0FGDDRSCT, B0DP6NDZF5, B0D41SPMC4, B0DTK8C3RD, B0F1D7542Y, B0DBVGBKLY, B0G2LY9FXJ, B0DLGVP2QZ, B0D943LDKS, B0DLGTC8KP, B0FNQSHTPM, B0DQ4R5P82, B0DF4852ZG, B0DQ4PWGLZ, B0D942PTG8, B0DCW9JHFY, B0DB62YFY2, B0CRDQCM7D, B0G2LV66WY, B0DCW8459T, B0FS5W49WQ, B0D5Y3BLVR, B0D5Y4WQVW, B0DCW9YCQ8, B0D41W39ND, B0D941QZL5, B0DDTPS9HT, B0G2LVJL6Q, B0CRB44NVF, B0D942NLM4, B0D41V2C1F, B0DCG3R2JD, B0CRDR91TL, B0D5Y4X2DP, B0D941WG2L, B0DS2JHVS6, B0F1D8S7TH, B0CM3R3JRC, B0CY2945XL, B0DB62F9W7, B0D9449QBN, B0FS5D93J1, B0DQ4QCW9Z, B0DCVKQVQV, B0D41THYDW, B0DKXXJ7PM, B0D5Y45YK3, B0CRB4Z65K, B0CY2FJ66B, B0D9439WT7, B0D9439WT6, B0DSKS2NQM, B0DB6354RB, B0DS2HLM8D, B0D942HQNT, B0FGDFCXFR, B0DTKCCV58, B0D941HQZQ, B0DB62WSF8, B0CLJDJYYQ, B0DLGSWSNS, B0DB64NNGW, B0DFYM2M2D, B0D5Y5X7VX, B0CWR5GNY2, B0F1D82YSM, B0D93ZZ1J5, B0DFLTTHRT, B0D5Y34FVG, B0DR94L18K, B0DQ4LY1DR, B0DB62NGXZ, B0DBVFRFZ6, B0D944SNYC, B0DQ4NVSH9, B0DSKS5FZB, B0DCG5MYFD, B0DCVLPGH1, B0FRMNJ6XT, B0F1D62HK7, B0F7RDML7W, B0DTK8MYW9, B0DKXWKN93, B0DR93VB9V, B0D41RHW3S, B0D8S5HC8D, B0DDPLLDHM, B0DQ4N2NJV, B0D41Z3C6Y, B0DBVHN7RB, B0DCW7QQKX, B0FS58X1D5, B0DBVFD7WT, B0DBVJQGNG, B0DFPXBXVS, B0DQ4NCN92, B0DBVGSKW4, B0F7PTK8F2, B0DCG831SQ, B0DHL72LTT, B0D942SM3G, B0D942TPFJ, B0D9424N1H, B0DCG3GVNX, B0D8SNYVDT, B0F1D5YGC1, B0D5Y51L4Y, B0DQ4R74H2, B0DCG6XVFB, B0DTK9CFQ6, B0DQ4MYDQ6, B0D41SS1MP, B0DCG3RC7L, B0F1D96VFX, B0D5Y3L179, B0DFM32SBN, B0DHZGHKT2, B0DR96N3PY, B0G2LWD2DP, B0DTK7SD4W, B0CRB3H242, B0DKXWP3VV, B0DCWBBTD5, B0DBVHNQBS, B0DFPZRMZD, B0DCW7MR83, B0DQ4R12VZ, B0D8S7FLYR, B0CM3S67S4, B0F3DS3BBB, B0G2LXKVH3, B0FGDFPVPW, B0FN3L2RDC, B0CLJN6SXR, B0D941R2D2, B0D9452KDW, B0D942B712, B0G2LV6L8Q, B0DLGV8SCG, B0CY28Y7CB, B0DQ4NRYLC, B0D943BW4H, B0DQ4NG67R, B0DCG5MRL3, B0D41R7X3R, B0D41SHZZL, B0DCW631WC, B0D41VC38G, B0DFQ1ZN9D, B0D5Y3T9Q9, B0F7RJ8QVX, B0CX4HL6BV, B0DHZG723L, B0DLGWMSK9, B0DLGXPZ2K, B0DQ4LZM4K, B0DLGVP98T, B0F1DB4RY5, B0D41SLVFS, B0D41T9HWV, B0F1D7F124, B0DQ4RLWLY, B0CY2F6GYQ, B0DQ4NN8Y5, B0D8SJTPY2, B0DSG46XK2, B0CM3S89ZM, B0DB62ZK85, B0D8SH4DDH, B0DCW8Q8F9, B0DBVFW7XX, B0DCG75FTY, B0DFM25J21, B0CRB3SDZ2, B0DFM124HX, B0D41STJFL, B0FRMC7TJ4, B0CRDQTHRV, B0CX4PDPR6, B0CRB44PQ6, B0DCVMXNMW, B0DTK7XFPJ, B0DKXY1FQW, B0DBVHG4YT, B0D943HVC5, B0CY2DN7FW, B0DCG5GQMR, B0D41TBV9W, B0DBVG2RRM, B0F1D6W7HY, B0CWR5GSM4, B0D5Y3JLFG, B0DCG6KGB5, B0D941MFHJ, B0CRB4NPTD, B0CRB4NPTH, B0DFQ2DRZT, B0DFPYVWPX, B0DQ4Q9JX1, B0DTKBB2W7, B0FGHQHYCT, B0CLJCQ9VG, B0G2LVD4QV, B0CY2BRTM4, B0F1D88F9F, B0D41V1BJZ, B0DDPR8B3K, B0D94329F3, B0DKXW68B1, B0CRDD9H6P, B0F1D7ML47, B0D9429FWF, B0D941BDTB, B0D9432CYR, B0CY2BHY2R, B0DDTLVKDG, B0D41VW7TT, B0D94222TD, B0D41YWV46, B0DCVMZ7Y6, B0DCG1XTJ4, B0DCW9RQCH, B0CM3QMTV4, B0D5Y52TGS, B0DCVL5J62, B0CY2CQBN6, B0DF4D4MCZ, B0DSG3MSKT, B0FRM7RJKW, B0D944C6QZ, B0DFQ2S7RQ, B0DCVM2T7P, B0D5Y52918, B0D41SMCJQ, B0DTK8Z96Z, B0DCVM1B6T, B0DCVLJ8VC, B0DLGVS783, B0D5XZDPCW, B0DKXVTBJ2, B0DCG54X65, B0F1D7R7WD, B0F8MPMNYW, B0DCW8WCF5, B0G2LZ7LSC, B0F6C2GWR4, B0DTK9NVH4, B0F1D615PC, B0DS2KXPQY, B0DHL1HJT7, B0DCW8958J, B0DKXZ2L27, B0DTK8PS9C, B0DHL7WJXB, B0D943DZRF, B0DFQ1WB7G, B0DFLZRP2Y, B0D942C8BN, B0DBVHTLQW, B0DB63XCZC, B0DB61VPVS, B0D941RSY5, B0D41RJY9Z, B0D41TS1H5, B0DCG854Y8, B0DB6512CD, B0DB63V6VD, B0DQ4MSQSM, B0CRDS5HLT, B0FBGBNMYW, B0D41TG8LL, B0FRMC8KV3, B0DTK954N3, B0DCVM4DPH, B0DBVGLC33, B0FGDFJ3CG, B0DR9588PN, B0F992YDM1, B0F1D7TSHK, B0DFPYS4HW, B0DCW9YYPK, B0DTK7LPHQ, B0DCVLC51S, B0DTK8PBDM, B0D944VGLC, B0D5Y36KCF, B0D944VGLD, B0D421MWWD, B0DTKBN7JB, B0G4GGTFWN, B0FNQW9CTN, B0D41TK248, B0DFPZLV61, B0DFLZQP4H, B0D5Y4SNWH, B0D41S3K98, B0DNF3P9FB, B0D41TT9FW, B0F1D678FB, B0FNQTW8LC, B0H3TDD64T, B0FNQSJSCZ, B0DFLZB81Y, B0D5Y3FBT4, B0D41STJDB, B0DCW9FG5W]",amzn1.campaign.3LJJHZ5YWKVEZ,Vintage Washable NonSlip LowPile Rug Creator Promo-2026/07/28,Bavni,2026-07-30,2026-11-06,10.00%,5000.0,5000.0,5,800,false
"[B0GT92N8NH, B0F5HM8LX4]",amzn1.campaign.2CGQQYK6GZOLR,Creator Collaboration Invitation – Natural Iron Fish for Cooking,Oxiros,2026-07-30,2026-12-31,15.00%,5000.0,4998.15,0,800,false
"[B0H3ZSGFTR, B0H3ZJ7RLL, B0H3V3TMGB, B0H3V7F2T7]",amzn1.campaign.2X9P0Z4V9YT2Z,Upgrade Your Fans' Morning Routine! Partner with Calithrex & Earn 10%-EB01,Calithrex,2026-07-30,2026-09-30,10.00%,5000.0,4963.0,2,800,false
"[B07R4L8QGF, B07R9XSNBC, B07R7N712V, B07R4L8QGD]",amzn1.campaign.QJFR4PSQ802P,草包全部颜色,XMLMRY,2026-07-31,2026-10-01,10.00%,5000.0,4995.2,0,800,false
"[B0DKG2QT5V, B0DKG23ZDW, B0DKG2FXD8, B0DKFZ44K1, B0DKG1B2KZ]",amzn1.campaign.1J05WB88AHVUN,Rectangle Fake Glasses Blue Light B22512-2,BOBUXLIIN,2026-07-30,2026-12-31,10.00%,5000.0,5000.0,14,800,false
"[B0FPC1GRBF, B0FPC3Q1WF, B0FPC3SDHD, B0FPC1R5G8, B0FPC1TTB6, B0FPC1LJQQ, B0FPC43NYD, B0FPC3S6BF, B0FPC1ZW8P, B0FPC2436C, B0FPC2TS6R, B0FPC2RPGN, B0FPC29SJY, B0FPC32LRX, B0FPC1DM8G, B0FPC3HZQS, B0FPC2BCK1, B0FPC23QZW, B0FPC26B1K, B0FPC2XG3X, B0FPC1SWT4, B0FPC3H83N, B0FPC1W5DG, B0FPC1R52R, B0FV23WLVJ]",amzn1.campaign.QC4WNTY52Z9W,Win-Win Collaboration:Promote GINGTTO 61g Mens Jacket & Earn 15% Commission,GINGTTO,2026-07-30,2026-10-31,15.00%,5000.0,5000.0,11,800,false
"[B0CQ3HNJ9J, B0CQ434SBB, B0CQ3QT2RR, B0CQ3N31BK]",amzn1.campaign.H2W8WDE6436S,Fashion Fake Glasses B220819-5,BOBUXLIIN,2026-07-30,2026-12-31,10.00%,5000.0,5000.0,22,800,false
"[B0G2SLQZMX, B0G2SN4WV4, B0G2SNQGZ3, B0G2SH8CJQ, B0G2SN4WV5, B0G2SQZ5CF, B0G2S5MC2F, B0G2SN77RN, B0G2SL59YS, B0G2SP8XPT, B0G2SM48YQ, B0G2SPFWNY, B0G2SNH9BP, B0G2SMCS7W, B0G2SKVFNB, B0G2SSBZ26, B0G2SMMHQN, B0G2SNSD3G, B0G2SRJHYN, B0G2SQMN6R, B0G2SQ3D92]",amzn1.campaign.KE3C9F8UD67A,Men's Long Sleeve Fishing Shirts,Flankor,2026-07-30,2027-07-30,10.00%,50000.0,49993.6,3,800,false
"[B0FHKR8T63, B0FNMTSFVL, B0FRSL39S7, B0FSS649R9, B0FSCT4VNM, B0FNMTDJJM, B0FJFC2YJM, B0FHJ49QFS, B0FSCSN4TN, B0FS1FK278, B0FS1CCPR1, B0FJFF6H91, B0FNMWRQ7D, B0FNMSDJHW, B0FWR442NB, B0FJFC6YVJ, B0FS16F6S8, B0FWQZKR9W, B0FRSFNBZ8, B0FSRWGJ95, B0FS1CQ54H, B0FWQZ2Y2X, B0FNMTWB4P, B0FNMWVBCS, B0FHKQDLZD, B0FJFC54KJ, B0FNMTZTRS, B0FJFDNPGB, B0FJFDH7WY, B0FWQTZWSB, B0FNMVG4WR, B0FHKRXGVT]",amzn1.campaign.1W6L9TC0AAE47,Monthly sales of 50-100+10% commissionWall art partnerships start at one month,XTIQVVZM,2026-08-01,2027-08-01,10.00%,10000.0,10000.0,14,800,false
"[B0FRRP7C74, B0FRRPJPGC, B0F8MNKV68, B0F8MNMMLZ, B0D6Y1BZWQ]",amzn1.campaign.LEG52V2CVFBH,厨房和太阳,SMFARTJX,2026-07-30,2027-07-30,10.00%,5000.0,5000.0,17,800,false
"[B0CQ3HNJ9J, B0CQ434SBB, B0CQ3QT2RR, B0CQ3N31BK]",amzn1.campaign.191PWAES75ZJO,Fashion Fake Glasses B220819-5,BOBUXLIIN,2026-07-30,2026-12-30,10.00%,5000.0,5000.0,26,800,false
"[B0CM3TP2BF, B0DCG556SW, B0D942FJBT, B0DCG3DTYX, B0DCG3HVQT, B0DCG6CDZM, B0D9424HCY, B0D9439LQR, B0DCW95SZ9, B0FGHTX6RS, B0DHL14W2T, B0DCG66WW7, B0F1D9C88R, B0DFYL21KK, B0F1D79C2X, B0DFLZ53CQ, B0D944RGB1, B0CY2GG1FM, B0DQ4KK7Z4, B0F1D7XBVW, B0DSG2YSHC, B0D41SLKZ8, B0CY28L8DM, B0DCVMV1T8, B0F1D8YJ6N, B0G2LWP2VD, B0DTK8TT1R, B0DSKS5245, B0DRY85VRR, B0DCG3QSQD, B0D9438BPD, B0D9438XKJ, B0D943F2YH, B0CY2FLQTC, B0D41T7LLC, B0F1D72XS4, B0D9426CT1, B0D941YKWN, B0DTKCHB1L, B0DDPLSC69, B0D41TSB4V, B0DR95LZR4, B0DQ4NVY94, B0DCW8FWKZ, B0DB649CMV, B0DCVNTC38, B0DTK8XBD8, B0CY2D6JM6, B0DQ4L7N41, B0DCG1XVJC, B0F1D7Y22F, B0D41SMZ1V, B0D9438DBZ, B0D41TQGDM, B0D41V113C, B0DNF53X33, B0DDTN4GBQ, B0CY2GR95X, B0FGDDRSCT, B0DP6NDZF5, B0D41SPMC4, B0DTK8C3RD, B0F1D7542Y, B0DBVGBKLY, B0G2LY9FXJ, B0DLGVP2QZ, B0D943LDKS, B0DLGTC8KP, B0FNQSHTPM, B0DQ4R5P82, B0DF4852ZG, B0DQ4PWGLZ, B0D942PTG8, B0DCW9JHFY, B0DB62YFY2, B0CRDQCM7D, B0G2LV66WY, B0DCW8459T, B0FS5W49WQ, B0D5Y3BLVR, B0D5Y4WQVW, B0DCW9YCQ8, B0D41W39ND, B0D941QZL5, B0DDTPS9HT, B0G2LVJL6Q, B0CRB44NVF, B0D942NLM4, B0D41V2C1F, B0DCG3R2JD, B0CRDR91TL, B0D5Y4X2DP, B0D941WG2L, B0DS2JHVS6, B0F1D8S7TH, B0CM3R3JRC, B0CY2945XL, B0DB62F9W7, B0D9449QBN, B0FS5D93J1, B0DQ4QCW9Z, B0DCVKQVQV, B0D41THYDW, B0DKXXJ7PM, B0D5Y45YK3, B0CRB4Z65K, B0CY2FJ66B, B0D9439WT7, B0D9439WT6, B0DSKS2NQM, B0DB6354RB, B0DS2HLM8D, B0D942HQNT, B0FGDFCXFR, B0DTKCCV58, B0D941HQZQ, B0DB62WSF8, B0CLJDJYYQ, B0DLGSWSNS, B0DB64NNGW, B0DFYM2M2D, B0D5Y5X7VX, B0CWR5GNY2, B0F1D82YSM, B0D93ZZ1J5, B0DFLTTHRT, B0D5Y34FVG, B0DR94L18K, B0DQ4LY1DR, B0DB62NGXZ, B0DBVFRFZ6, B0D944SNYC, B0DQ4NVSH9, B0DSKS5FZB, B0DCG5MYFD, B0DCVLPGH1, B0FRMNJ6XT, B0F1D62HK7, B0F7RDML7W, B0DTK8MYW9, B0DKXWKN93, B0DR93VB9V, B0D41RHW3S, B0D8S5HC8D, B0DDPLLDHM, B0DQ4N2NJV, B0D41Z3C6Y, B0DBVHN7RB, B0DCW7QQKX, B0FS58X1D5, B0DBVFD7WT, B0DBVJQGNG, B0DFPXBXVS, B0DQ4NCN92, B0DBVGSKW4, B0F7PTK8F2, B0DCG831SQ, B0DHL72LTT, B0D942SM3G, B0D942TPFJ, B0D9424N1H, B0DCG3GVNX, B0D8SNYVDT, B0F1D5YGC1, B0D5Y51L4Y, B0DQ4R74H2, B0DCG6XVFB, B0DTK9CFQ6, B0DQ4MYDQ6, B0D41SS1MP, B0DCG3RC7L, B0F1D96VFX, B0D5Y3L179, B0DFM32SBN, B0DHZGHKT2, B0DR96N3PY, B0G2LWD2DP, B0DTK7SD4W, B0CRB3H242, B0DKXWP3VV, B0DCWBBTD5, B0DBVHNQBS, B0DFPZRMZD, B0DCW7MR83, B0DQ4R12VZ, B0D8S7FLYR, B0CM3S67S4, B0F3DS3BBB, B0G2LXKVH3, B0FGDFPVPW, B0FN3L2RDC, B0CLJN6SXR, B0D941R2D2, B0D9452KDW, B0D942B712, B0G2LV6L8Q, B0DLGV8SCG, B0CY28Y7CB, B0DQ4NRYLC, B0D943BW4H, B0DQ4NG67R, B0DCG5MRL3, B0D41R7X3R, B0D41SHZZL, B0DCW631WC, B0D41VC38G, B0DFQ1ZN9D, B0D5Y3T9Q9, B0F7RJ8QVX, B0CX4HL6BV, B0DHZG723L, B0DLGWMSK9, B0DLGXPZ2K, B0DQ4LZM4K, B0DLGVP98T, B0F1DB4RY5, B0D41SLVFS, B0D41T9HWV, B0F1D7F124, B0DQ4RLWLY, B0CY2F6GYQ, B0DQ4NN8Y5, B0D8SJTPY2, B0DSG46XK2, B0CM3S89ZM, B0DB62ZK85, B0D8SH4DDH, B0DCW8Q8F9, B0DBVFW7XX, B0DCG75FTY, B0DFM25J21, B0CRB3SDZ2, B0DFM124HX, B0D41STJFL, B0FRMC7TJ4, B0CRDQTHRV, B0CX4PDPR6, B0CRB44PQ6, B0DCVMXNMW, B0DTK7XFPJ, B0DKXY1FQW, B0DBVHG4YT, B0D943HVC5, B0CY2DN7FW, B0DCG5GQMR, B0D41TBV9W, B0DBVG2RRM, B0F1D6W7HY, B0CWR5GSM4, B0D5Y3JLFG, B0DCG6KGB5, B0D941MFHJ, B0CRB4NPTD, B0CRB4NPTH, B0DFQ2DRZT, B0DFPYVWPX, B0DQ4Q9JX1, B0DTKBB2W7, B0FGHQHYCT, B0CLJCQ9VG, B0G2LVD4QV, B0CY2BRTM4, B0F1D88F9F, B0D41V1BJZ, B0DDPR8B3K, B0D94329F3, B0DKXW68B1, B0CRDD9H6P, B0F1D7ML47, B0D9429FWF, B0D941BDTB, B0D9432CYR, B0CY2BHY2R, B0DDTLVKDG, B0D41VW7TT, B0D94222TD, B0D41YWV46, B0DCVMZ7Y6, B0DCG1XTJ4, B0DCW9RQCH, B0CM3QMTV4, B0D5Y52TGS, B0DCVL5J62, B0CY2CQBN6, B0DF4D4MCZ, B0DSG3MSKT, B0FRM7RJKW, B0D944C6QZ, B0DFQ2S7RQ, B0DCVM2T7P, B0D5Y52918, B0D41SMCJQ, B0DTK8Z96Z, B0DCVM1B6T, B0DCVLJ8VC, B0DLGVS783, B0D5XZDPCW, B0DKXVTBJ2, B0DCG54X65, B0F1D7R7WD, B0F8MPMNYW, B0DCW8WCF5, B0G2LZ7LSC, B0F6C2GWR4, B0DTK9NVH4, B0F1D615PC, B0DS2KXPQY, B0DHL1HJT7, B0DCW8958J, B0DKXZ2L27, B0DTK8PS9C, B0DHL7WJXB, B0D943DZRF, B0DFQ1WB7G, B0DFLZRP2Y, B0D942C8BN, B0DBVHTLQW, B0DB63XCZC, B0DB61VPVS, B0D941RSY5, B0D41RJY9Z, B0D41TS1H5, B0DCG854Y8, B0DB6512CD, B0DB63V6VD, B0DQ4MSQSM, B0CRDS5HLT, B0FBGBNMYW, B0D41TG8LL, B0FRMC8KV3, B0DTK954N3, B0DCVM4DPH, B0DBVGLC33, B0FGDFJ3CG, B0DR9588PN, B0F992YDM1, B0F1D7TSHK, B0DFPYS4HW, B0DCW9YYPK, B0DTK7LPHQ, B0DCVLC51S, B0DTK8PBDM, B0D944VGLC, B0D5Y36KCF, B0D944VGLD, B0D421MWWD, B0DTKBN7JB, B0G4GGTFWN, B0FNQW9CTN, B0D41TK248, B0DFPZLV61, B0DFLZQP4H, B0D5Y4SNWH, B0D41S3K98, B0DNF3P9FB, B0D41TT9FW, B0F1D678FB, B0FNQTW8LC, B0H3TDD64T, B0FNQSJSCZ, B0DFLZB81Y, B0D5Y3FBT4, B0D41STJDB, B0DCW9FG5W]",amzn1.campaign.3C8VA6W4XRBZC,Vintage Washable NonSlip LowPile Rug Creator Promo-2026/07/28,Bavni,2026-07-30,2026-11-05,10.00%,5000.0,5000.0,10,800,false
"[B0C9M9QKNK, B0C9M83VHR, B0C9M9QNLN, B0C9M729HX]",amzn1.campaign.TNG2258CREB4,Wooden Jewelry Box,GemJelry,2026-07-30,2027-07-30,10.00%,5000.0,5000.0,8,800,false
"[B0D2LFMYRB, B0D2LDWVM3, B0FFN64XHK]",amzn1.campaign.2B21CTAN6VEUX,Oval Sunglasses B235-1,BOBUXLIIN,2026-07-30,2026-12-30,10.00%,5000.0,5000.0,22,800,false
[B0GT92N8NH],amzn1.campaign.37S7OU4Y7JI4Q,Creators Wanted: A Unique Kitchen Tool for Better Health,Oxiros,2026-07-30,2026-12-31,12.00%,5000.0,5000.0,16,800,false
"[B0D2LFMYRB, B0D2LDWVM3, B0FFN64XHK]",amzn1.campaign.3L9DVVMQ7VY3H,Oval Sunglasses B235-1,BOBUXLIIN,2026-07-30,2026-12-31,10.00%,5000.0,5000.0,15,800,false
"[B0HBPMDWKX, B0FSZ5VTVH, B0HBVLTSCY, B0GWCVFB22]",amzn1.campaign.RUBJTLJG828U,Elevate Your Content with This New MC02 Top-Rated Ergonomic Chair,AreShark,2026-07-29,2026-10-31,10.00%,9999.0,9991.0,0,800,false
"[B0F54CJZR4, B0F54CLNN5, B0F54CLSC6, B0F54CMDKR, B0F54DHMW7]",amzn1.campaign.24PFJH3IKAHTJ,Tangle Free Retro Aviator Sunglasses TR6002-8,BOBUXLIIN,2026-07-30,2026-12-31,10.00%,5000.0,5000.0,19,800,false
"[B0H94QTGM3, B0H8J8N721, B0H9XWPMX3, B0H984HXDB, B0H987G9GG, B0H8BVHPTQ, B0H9831R84, B0H8C1RBQ9, B0H8BWV3VF, B0HB4GXV8J, B0H8XFV83M, B0H8BTWLG2, B0H8J8PB18, B0H9L1TNNC, B0H9H8GXD9, B0H8MYYMYL, B0H839HGQJ, B0H837RYMX, B0H9HBNHK8, B0H9HKLKNL, B0H8N9RL84, B0H8MYVZZM, B0H9HLNMBG, B0H8BVPFGY, B0H8XZL7WF, B0H98T5ZM8, B0H83QN78V, B0H8LLB8PK, B0H8BLB546, B0H8C864DY, B0H8LBBRVW, B0H83FJ2HN, B0H9YB13J3, B0H8LG5PC8, B0HB4Q1SCD, B0H9Y23QKV, B0H8BX4RNL, B0H94R3SL9, B0H8XZZHQF, B0H8LL7NKH, B0H8XZ6VGW, B0H985D2G2, B0H8J7X9QT, B0H94JN5JX, B0H839Y4H8, B0HB4D4ZPR, B0H9LBZXJ6, B0H9Y7GRTV, B0H8N4PKHD, B0HB46VF35, B0H9XX384K, B0H83BKVLG, B0H94DMZ9K, B0H9Y2QSWQ, B0H8MWGLS6, B0HB464PLB, B0H9XT81J4, B0H9HGJ5XL, B0H9LG8CP7, B0H8XRDS6V, B0HB4DCCXD, B0H98S55LP, B0H839C56R, B0H8MYR9RJ, B0H8N2W2ZT, B0H8J8FHH7, B0H94N1VGS, B0H8JKWSWQ, B0HB4BXH26, B0H97X1J75, B0H8LCB16X, B0H8L6LG4L, B0H8BY8QVW, B0H9HM53HY, B0H94FKSSQ, B0H8JKQ7BC, B0H98RXY7Z, B0H8MZV3MX, B0H986RQFV, B0H9LL2JFD, B0H8N4BRZ2, B0H8MZQBZQ, B0H83HCPPJ, B0H8LL7CJB, B0H8LL7CJC, B0H9HPJQTX, B0H8XMDLZD, B0H94L2JBQ, B0HB4F5FB8, B0H981NNKX, B0H8L8BHJW, B0H8JCWPH7, B0H8LGSDFZ, B0H83921CY, B0H8XQ19JJ, B0H835QH45, B0H8XVSY2D, B0H9LBCP8M, B0H8LFMDDS, B0HB43CZL1, B0H8MVWQ65, B0H8J7CT1R, B0H98KJN4L, B0H9L1GQSG, B0H83CD5H7, B0H835DTBT, B0H9HNP889, B0H9831Z2M, B0H8C88496, B0HB49W8SQ, B0H8XTR114, B0H98326HW, B0H9HQYSMS, B0H8JD1VRF, B0H8XSXD6N, B0H8C174LT, B0H8J7QS3G, B0H837Q98Q, B0H97PXR3N, B0H8L6LVVS, B0H989785L, B0H9H4HQ8J, B0H98TG6ZJ, B0H8J85B9X, B0HB4832DH, B0H8JCWS6D, B0H8N9PRQ5, B0H83BJRQ5, B0H988NMGF, B0H8N14VX7, B0HB4L27ZB, B0HB4857XK, B0H9L5PP5M, B0H8L2YPC8, B0H9XYHLNP, B0H8BZTZML, B0H8BV9PX2, B0H9Y33HTV, B0H97VZKKJ, B0H8MYLCC8, B0H9HJG6XB, B0H8BVQR3M, B0H83D8FG3, B0H8XTVMBJ, B0H8L5PHLC, B0H9XSZCZZ, B0HB4K4Z1V, B0H8N4GLL1, B0HB4419Z3, B0H8N4FGTQ, B0HB4322T1, B0H8L5KPZT, B0H9HDKZ9X, B0HB4D7QMW, B0H8JH3RCY, B0H97TG7PP, B0H83B1ZJ4, B0H9LDRTH6, B0H8C18726, B0H9HC2TW6, B0H94GZFF9, B0H8MYZYBP, B0H8BYD3NQ, B0H8XSPGSM, B0H9Y1JWJ6, B0HBJXNF3Z, B0H8Y2K3X4, B0H8J8513Z, B0HBJX5SXD, B0H839L676, B0H991TWF4, B0H9H43D24, B0H9L5F2M9, B0H8J8S9KF, B0HB4D8796, B0H839R41P, B0H8BH78DB, B0H8L8P42K, B0H8JD95VZ, B0H9H9Z863, B0H94PN3VB, B0H8XYKVG5, B0H8J98CB5, B0HB4FKMDF, B0H8XSQPXB, B0H8L64SYT, B0H8J8BF5J, B0H94KHMMS, B0H9HD1HX9, B0H79K2995, B0H9HGN5VW, B0H8NBW3HT, B0H8L6CMDG, B0H984G8JC, B0H9L96ZL5, B0H9H777WQ, B0HB4KP35Y, B0H835DZW5, B0H8XT284V, B0H8BHSCZM, B0H9HD1TPH, B0H9LBW29S, B0H97Z6H2V, B0H9Y7BV8C, B0H98BN3MK, B0H8BZSPS7, B0H9L9B2ZC, B0H8Y5TZCM, B0H8KYS1JS, B0HB48L6TW, B0H9851111, B0H8XV9F3S]",amzn1.campaign.HFIZMLLTCR6U,30% Commission Refund,Ariovtfel,2026-09-27,2027-09-27,30.00%,5000.0,5000.0,0,800,false
"[B0GMHXP1VB, B0GMHNMP3X, B0GMHYB115, B0GMHP6235, B0GMHSS9T2, B0GMHY852T, B0GMHXMXQB, B0GMLS77NT, B0GMHZ41ZK, B0GMHM9W68, B0GMHS2RMY, B0GMHKL3QB, B0GMHX4XFZ, B0GMHDK42B, B0GMHXDQ8W]",amzn1.campaign.3A9DG0RIHZQNS,"Promote 35HF,Earn 15% Comm–Win-Win with Heyfanee",Heyfanee,2026-07-30,2026-11-01,15.00%,5000.0,5000.0,14,800,false
"[B0F54CJZR4, B0F54CLNN5, B0F54CLSC6, B0F54CMDKR, B0F54DHMW7]",amzn1.campaign.2TW64IMTOI1O5,Tangle Free Retro Aviator Sunglasses TR6002-8,BOBUXLIIN,2026-07-30,2026-12-30,10.00%,5000.0,5000.0,27,800,false
"[B0CM3TP2BF, B0DCG556SW, B0D942FJBT, B0DCG3DTYX, B0DCG3HVQT, B0DCG6CDZM, B0D9424HCY, B0D9439LQR, B0DCW95SZ9, B0FGHTX6RS, B0DHL14W2T, B0DCG66WW7, B0F1D9C88R, B0DFYL21KK, B0F1D79C2X, B0DFLZ53CQ, B0D944RGB1, B0CY2GG1FM, B0DQ4KK7Z4, B0F1D7XBVW, B0DSG2YSHC, B0D41SLKZ8, B0CY28L8DM, B0DCVMV1T8, B0F1D8YJ6N, B0G2LWP2VD, B0DTK8TT1R, B0DSKS5245, B0DRY85VRR, B0DCG3QSQD, B0D9438BPD, B0D9438XKJ, B0D943F2YH, B0CY2FLQTC, B0D41T7LLC, B0F1D72XS4, B0D9426CT1, B0D941YKWN, B0DTKCHB1L, B0DDPLSC69, B0D41TSB4V, B0DR95LZR4, B0DQ4NVY94, B0DCW8FWKZ, B0DB649CMV, B0DCVNTC38, B0DTK8XBD8, B0CY2D6JM6, B0DQ4L7N41, B0DCG1XVJC, B0F1D7Y22F, B0D41SMZ1V, B0D9438DBZ, B0D41TQGDM, B0D41V113C, B0DNF53X33, B0DDTN4GBQ, B0CY2GR95X, B0FGDDRSCT, B0DP6NDZF5, B0D41SPMC4, B0DTK8C3RD, B0F1D7542Y, B0DBVGBKLY, B0G2LY9FXJ, B0DLGVP2QZ, B0D943LDKS, B0DLGTC8KP, B0FNQSHTPM, B0DQ4R5P82, B0DF4852ZG, B0DQ4PWGLZ, B0D942PTG8, B0DCW9JHFY, B0DB62YFY2, B0CRDQCM7D, B0G2LV66WY, B0DCW8459T, B0FS5W49WQ, B0D5Y3BLVR, B0D5Y4WQVW, B0DCW9YCQ8, B0D41W39ND, B0D941QZL5, B0DDTPS9HT, B0G2LVJL6Q, B0CRB44NVF, B0D942NLM4, B0D41V2C1F, B0DCG3R2JD, B0CRDR91TL, B0D5Y4X2DP, B0D941WG2L, B0DS2JHVS6, B0F1D8S7TH, B0CM3R3JRC, B0CY2945XL, B0DB62F9W7, B0D9449QBN, B0FS5D93J1, B0DQ4QCW9Z, B0DCVKQVQV, B0D41THYDW, B0DKXXJ7PM, B0D5Y45YK3, B0CRB4Z65K, B0CY2FJ66B, B0D9439WT7, B0D9439WT6, B0DSKS2NQM, B0DB6354RB, B0DS2HLM8D, B0D942HQNT, B0FGDFCXFR, B0DTKCCV58, B0D941HQZQ, B0DB62WSF8, B0CLJDJYYQ, B0DLGSWSNS, B0DB64NNGW, B0DFYM2M2D, B0D5Y5X7VX, B0CWR5GNY2, B0F1D82YSM, B0D93ZZ1J5, B0DFLTTHRT, B0D5Y34FVG, B0DR94L18K, B0DQ4LY1DR, B0DB62NGXZ, B0DBVFRFZ6, B0D944SNYC, B0DQ4NVSH9, B0DSKS5FZB, B0DCG5MYFD, B0DCVLPGH1, B0FRMNJ6XT, B0F1D62HK7, B0F7RDML7W, B0DTK8MYW9, B0DKXWKN93, B0DR93VB9V, B0D41RHW3S, B0D8S5HC8D, B0DDPLLDHM, B0DQ4N2NJV, B0D41Z3C6Y, B0DBVHN7RB, B0DCW7QQKX, B0FS58X1D5, B0DBVFD7WT, B0DBVJQGNG, B0DFPXBXVS, B0DQ4NCN92, B0DBVGSKW4, B0F7PTK8F2, B0DCG831SQ, B0DHL72LTT, B0D942SM3G, B0D942TPFJ, B0D9424N1H, B0DCG3GVNX, B0D8SNYVDT, B0F1D5YGC1, B0D5Y51L4Y, B0DQ4R74H2, B0DCG6XVFB, B0DTK9CFQ6, B0DQ4MYDQ6, B0D41SS1MP, B0DCG3RC7L, B0F1D96VFX, B0D5Y3L179, B0DFM32SBN, B0DHZGHKT2, B0DR96N3PY, B0G2LWD2DP, B0DTK7SD4W, B0CRB3H242, B0DKXWP3VV, B0DCWBBTD5, B0DBVHNQBS, B0DFPZRMZD, B0DCW7MR83, B0DQ4R12VZ, B0D8S7FLYR, B0CM3S67S4, B0F3DS3BBB, B0G2LXKVH3, B0FGDFPVPW, B0FN3L2RDC, B0CLJN6SXR, B0D941R2D2, B0D9452KDW, B0D942B712, B0G2LV6L8Q, B0DLGV8SCG, B0CY28Y7CB, B0DQ4NRYLC, B0D943BW4H, B0DQ4NG67R, B0DCG5MRL3, B0D41R7X3R, B0D41SHZZL, B0DCW631WC, B0D41VC38G, B0DFQ1ZN9D, B0D5Y3T9Q9, B0F7RJ8QVX, B0CX4HL6BV, B0DHZG723L, B0DLGWMSK9, B0DLGXPZ2K, B0DQ4LZM4K, B0DLGVP98T, B0F1DB4RY5, B0D41SLVFS, B0D41T9HWV, B0F1D7F124, B0DQ4RLWLY, B0CY2F6GYQ, B0DQ4NN8Y5, B0D8SJTPY2, B0DSG46XK2, B0CM3S89ZM, B0DB62ZK85, B0D8SH4DDH, B0DCW8Q8F9, B0DBVFW7XX, B0DCG75FTY, B0DFM25J21, B0CRB3SDZ2, B0DFM124HX, B0D41STJFL, B0FRMC7TJ4, B0CRDQTHRV, B0CX4PDPR6, B0CRB44PQ6, B0DCVMXNMW, B0DTK7XFPJ, B0DKXY1FQW, B0DBVHG4YT, B0D943HVC5, B0CY2DN7FW, B0DCG5GQMR, B0D41TBV9W, B0DBVG2RRM, B0F1D6W7HY, B0CWR5GSM4, B0D5Y3JLFG, B0DCG6KGB5, B0D941MFHJ, B0CRB4NPTD, B0CRB4NPTH, B0DFQ2DRZT, B0DFPYVWPX, B0DQ4Q9JX1, B0DTKBB2W7, B0FGHQHYCT, B0CLJCQ9VG, B0G2LVD4QV, B0CY2BRTM4, B0F1D88F9F, B0D41V1BJZ, B0DDPR8B3K, B0D94329F3, B0DKXW68B1, B0CRDD9H6P, B0F1D7ML47, B0D9429FWF, B0D941BDTB, B0D9432CYR, B0CY2BHY2R, B0DDTLVKDG, B0D41VW7TT, B0D94222TD, B0D41YWV46, B0DCVMZ7Y6, B0DCG1XTJ4, B0DCW9RQCH, B0CM3QMTV4, B0D5Y52TGS, B0DCVL5J62, B0CY2CQBN6, B0DF4D4MCZ, B0DSG3MSKT, B0FRM7RJKW, B0D944C6QZ, B0DFQ2S7RQ, B0DCVM2T7P, B0D5Y52918, B0D41SMCJQ, B0DTK8Z96Z, B0DCVM1B6T, B0DCVLJ8VC, B0DLGVS783, B0D5XZDPCW, B0DKXVTBJ2, B0DCG54X65, B0F1D7R7WD, B0F8MPMNYW, B0DCW8WCF5, B0G2LZ7LSC, B0F6C2GWR4, B0DTK9NVH4, B0F1D615PC, B0DS2KXPQY, B0DHL1HJT7, B0DCW8958J, B0DKXZ2L27, B0DTK8PS9C, B0DHL7WJXB, B0D943DZRF, B0DFQ1WB7G, B0DFLZRP2Y, B0D942C8BN, B0DBVHTLQW, B0DB63XCZC, B0DB61VPVS, B0D941RSY5, B0D41RJY9Z, B0D41TS1H5, B0DCG854Y8, B0DB6512CD, B0DB63V6VD, B0DQ4MSQSM, B0CRDS5HLT, B0FBGBNMYW, B0D41TG8LL, B0FRMC8KV3, B0DTK954N3, B0DCVM4DPH, B0DBVGLC33, B0FGDFJ3CG, B0DR9588PN, B0F992YDM1, B0F1D7TSHK, B0DFPYS4HW, B0DCW9YYPK, B0DTK7LPHQ, B0DCVLC51S, B0DTK8PBDM, B0D944VGLC, B0D5Y36KCF, B0D944VGLD, B0D421MWWD, B0DTKBN7JB, B0G4GGTFWN, B0FNQW9CTN, B0D41TK248, B0DFPZLV61, B0DFLZQP4H, B0D5Y4SNWH, B0D41S3K98, B0DNF3P9FB, B0D41TT9FW, B0F1D678FB, B0FNQTW8LC, B0H3TDD64T, B0FNQSJSCZ, B0DFLZB81Y, B0D5Y3FBT4, B0D41STJDB, B0DCW9FG5W]",amzn1.campaign.3KL8VZYY3ZEXU,Vintage Washable NonSlip LowPile Rug Creator Promo-2026/07/28,Bavni,2026-07-30,2026-11-04,10.00%,5000.0,5000.0,14,800,false
"[B0GZZTBSVT, B0GZZ8ZVVR]",amzn1.campaign.1U8JY6US3D88Z,"ipawspace Elevaed Cat Bowl,10% Comission Rate,20% Off Code:V99ZY78S",ipawspace,2026-07-30,2026-09-30,10.00%,5000.0,4971.76,5,800,false
"[B0F44BQNQG, B0F449WXFJ, B0F44BZRZB, B0F4485BWD, B0F446W3CR]",amzn1.campaign.11L9YCZDNXVTW,Retro Oversized Aviator Sunglasses B-T19-6,BOBUXLIIN,2026-07-30,2026-12-31,10.00%,5000.0,5000.0,7,800,false
"[B0GFCC96MF, B0F8N47WJQ, B0GCQV3DF5, B0GD6SFMYF, B0F8MB1KLY, B0GDTDCG7R, B0D6FT4GV4, B0GD67DWGD, B0GC47HQTG, B0GDT429H5, B0FRDN9JY6, B0FRDTS4KR, B0D6FP7JRC, B0GFCH8GLV, B0FRD89BV3, B0H1PKPSC6]",amzn1.campaign.1WHXLWUGT825A,六联,SMFARTJX,2026-07-30,2027-07-30,10.00%,5000.0,5000.0,7,800,false
"[B0H94QTGM3, B0H8J8N721, B0H9XWPMX3, B0H984HXDB, B0H987G9GG, B0H8BVHPTQ, B0H9831R84, B0H8C1RBQ9, B0H8BWV3VF, B0HB4GXV8J, B0H8XFV83M, B0H8BTWLG2, B0H8J8PB18, B0H9L1TNNC, B0H9H8GXD9, B0H8MYYMYL, B0H839HGQJ, B0H837RYMX, B0H9HBNHK8, B0H9HKLKNL, B0H8N9RL84, B0H8MYVZZM, B0H9HLNMBG, B0H8BVPFGY, B0H8XZL7WF, B0H98T5ZM8, B0H83QN78V, B0H8LLB8PK, B0H8BLB546, B0H8C864DY, B0H8LBBRVW, B0H83FJ2HN, B0H9YB13J3, B0H8LG5PC8, B0HB4Q1SCD, B0H9Y23QKV, B0H8BX4RNL, B0H94R3SL9, B0H8XZZHQF, B0H8LL7NKH, B0H8XZ6VGW, B0H985D2G2, B0H8J7X9QT, B0H94JN5JX, B0H839Y4H8, B0HB4D4ZPR, B0H9LBZXJ6, B0H9Y7GRTV, B0H8N4PKHD, B0HB46VF35, B0H9XX384K, B0H83BKVLG, B0H94DMZ9K, B0H9Y2QSWQ, B0H8MWGLS6, B0HB464PLB, B0H9XT81J4, B0H9HGJ5XL, B0H9LG8CP7, B0H8XRDS6V, B0HB4DCCXD, B0H98S55LP, B0H839C56R, B0H8MYR9RJ, B0H8N2W2ZT, B0H8J8FHH7, B0H94N1VGS, B0H8JKWSWQ, B0HB4BXH26, B0H97X1J75, B0H8LCB16X, B0H8L6LG4L, B0H8BY8QVW, B0H9HM53HY, B0H94FKSSQ, B0H8JKQ7BC, B0H98RXY7Z, B0H8MZV3MX, B0H986RQFV, B0H9LL2JFD, B0H8N4BRZ2, B0H8MZQBZQ, B0H83HCPPJ, B0H8LL7CJB, B0H8LL7CJC, B0H9HPJQTX, B0H8XMDLZD, B0H94L2JBQ, B0HB4F5FB8, B0H981NNKX, B0H8L8BHJW, B0H8JCWPH7, B0H8LGSDFZ, B0H83921CY, B0H8XQ19JJ, B0H835QH45, B0H8XVSY2D, B0H9LBCP8M, B0H8LFMDDS, B0HB43CZL1, B0H8MVWQ65, B0H8J7CT1R, B0H98KJN4L, B0H9L1GQSG, B0H83CD5H7, B0H835DTBT, B0H9HNP889, B0H9831Z2M, B0H8C88496, B0HB49W8SQ, B0H8XTR114, B0H98326HW, B0H9HQYSMS, B0H8JD1VRF, B0H8XSXD6N, B0H8C174LT, B0H8J7QS3G, B0H837Q98Q, B0H97PXR3N, B0H8L6LVVS, B0H989785L, B0H9H4HQ8J, B0H98TG6ZJ, B0H8J85B9X, B0HB4832DH, B0H8JCWS6D, B0H8N9PRQ5, B0H83BJRQ5, B0H988NMGF, B0H8N14VX7, B0HB4L27ZB, B0HB4857XK, B0H9L5PP5M, B0H8L2YPC8, B0H9XYHLNP, B0H8BZTZML, B0H8BV9PX2, B0H9Y33HTV, B0H97VZKKJ, B0H8MYLCC8, B0H9HJG6XB, B0H8BVQR3M, B0H83D8FG3, B0H8XTVMBJ, B0H8L5PHLC, B0H9XSZCZZ, B0HB4K4Z1V, B0H8N4GLL1, B0HB4419Z3, B0H8N4FGTQ, B0HB4322T1, B0H8L5KPZT, B0H9HDKZ9X, B0HB4D7QMW, B0H8JH3RCY, B0H97TG7PP, B0H83B1ZJ4, B0H9LDRTH6, B0H8C18726, B0H9HC2TW6, B0H94GZFF9, B0H8MYZYBP, B0H8BYD3NQ, B0H8XSPGSM, B0H9Y1JWJ6, B0HBJXNF3Z, B0H8Y2K3X4, B0H8J8513Z, B0HBJX5SXD, B0H839L676, B0H991TWF4, B0H9H43D24, B0H9L5F2M9, B0H8J8S9KF, B0HB4D8796, B0H839R41P, B0H8BH78DB, B0H8L8P42K, B0H8JD95VZ, B0H9H9Z863, B0H94PN3VB, B0H8XYKVG5, B0H8J98CB5, B0HB4FKMDF, B0H8XSQPXB, B0H8L64SYT, B0H8J8BF5J, B0H94KHMMS, B0H9HD1HX9, B0H79K2995, B0H9HGN5VW, B0H8NBW3HT, B0H8L6CMDG, B0H984G8JC, B0H9L96ZL5, B0H9H777WQ, B0HB4KP35Y, B0H835DZW5, B0H8XT284V, B0H8BHSCZM, B0H9HD1TPH, B0H9LBW29S, B0H97Z6H2V, B0H9Y7BV8C, B0H98BN3MK, B0H8BZSPS7, B0H9L9B2ZC, B0H8Y5TZCM, B0H8KYS1JS, B0HB48L6TW, B0H9851111, B0H8XV9F3S]",amzn1.campaign.3LBGX0RTM4HEV,30% Commission Refund,Ariovtfel,2026-09-26,2027-09-26,30.00%,5000.0,5000.0,6,800,false
"[B0F44BQNQG, B0F449WXFJ, B0F44BZRZB, B0F4485BWD, B0F446W3CR]",amzn1.campaign.3FZWVKGDQV8BT,Retro Oversized Aviator Sunglasses B-T19-6,BOBUXLIIN,2026-07-30,2026-12-30,10.00%,5000.0,5000.0,25,800,false
"[B0FHKR8T63, B0FNMTSFVL, B0FRSL39S7, B0FSS649R9, B0FSCT4VNM, B0FNMTDJJM, B0FJFC2YJM, B0FHJ49QFS, B0FSCSN4TN, B0FS1FK278, B0FS1CCPR1, B0FJFF6H91, B0FNMWRQ7D, B0FNMSDJHW, B0FWR442NB, B0FJFC6YVJ, B0FS16F6S8, B0FWQZKR9W, B0FRSFNBZ8, B0FSRWGJ95, B0FS1CQ54H, B0FWQZ2Y2X, B0FNMTWB4P, B0FNMWVBCS, B0FHKQDLZD, B0FJFC54KJ, B0FNMTZTRS, B0FJFDNPGB, B0FJFDH7WY, B0FWQTZWSB, B0FNMVG4WR, B0FHKRXGVT]",amzn1.campaign.1ADDCXT9YWI2M,Monthly sales of 50-100+10% commissionWall art partnerships start at one month,XTIQVVZM,2026-07-31,2027-07-31,10.00%,10000.0,10000.0,17,800,false
[B0G1M4FFVN],amzn1.campaign.1VD7VRN4WL94Y,2 Packs Citrus Bergamot Liquid Drops,Zynutrvion,2026-07-30,2026-10-31,10.00%,5000.0,4998.0,3,800,false
"[B0H3V44Y78, B0H3V4GBFJ, B0H3VGTBWP, B0H3V9X4Y5, B0H3TZ6PJ4, B0H3V2L2T9, B0H3VDBY1M]",amzn1.campaign.2XU9CLVG0PQWP,Upgrade Your Fans' Morning Routine! Partner with Calithrex & Earn 10%-EA07,Calithrex,2026-07-30,2026-09-30,10.00%,5000.0,4854.0,0,800,false
"[B0F8GZ59FH, B0F8HDBXL6, B0CR3ZB2GL, B0F8HHWM1F, B0DM84SVGC, B0FGX3FBN7, B0DM839QW6, B0DHGBWY6F, B0DM835678, B0F8GPLPJF, B0DM83493Q, B0F8BKMJP1]",amzn1.campaign.3K0YFGTSSH9I5,ROFIEJOX Rocking Chair Cushion Reversible | Up to 20% Multi-Buy Savings,ROFIEJOX,2026-07-30,2027-07-30,10.00%,5000.0,4930.12,5,800,false
"[B0CM3TP2BF, B0DCG556SW, B0D942FJBT, B0DCG3DTYX, B0DCG3HVQT, B0DCG6CDZM, B0D9424HCY, B0D9439LQR, B0DCW95SZ9, B0FGHTX6RS, B0DHL14W2T, B0DCG66WW7, B0F1D9C88R, B0DFYL21KK, B0F1D79C2X, B0DFLZ53CQ, B0D944RGB1, B0CY2GG1FM, B0DQ4KK7Z4, B0F1D7XBVW, B0DSG2YSHC, B0D41SLKZ8, B0CY28L8DM, B0DCVMV1T8, B0F1D8YJ6N, B0G2LWP2VD, B0DTK8TT1R, B0DSKS5245, B0DRY85VRR, B0DCG3QSQD, B0D9438BPD, B0D9438XKJ, B0D943F2YH, B0CY2FLQTC, B0D41T7LLC, B0F1D72XS4, B0D9426CT1, B0D941YKWN, B0DTKCHB1L, B0DDPLSC69, B0D41TSB4V, B0DR95LZR4, B0DQ4NVY94, B0DCW8FWKZ, B0DB649CMV, B0DCVNTC38, B0DTK8XBD8, B0CY2D6JM6, B0DQ4L7N41, B0DCG1XVJC, B0F1D7Y22F, B0D41SMZ1V, B0D9438DBZ, B0D41TQGDM, B0D41V113C, B0DNF53X33, B0DDTN4GBQ, B0CY2GR95X, B0FGDDRSCT, B0DP6NDZF5, B0D41SPMC4, B0DTK8C3RD, B0F1D7542Y, B0DBVGBKLY, B0G2LY9FXJ, B0DLGVP2QZ, B0D943LDKS, B0DLGTC8KP, B0FNQSHTPM, B0DQ4R5P82, B0DF4852ZG, B0DQ4PWGLZ, B0D942PTG8, B0DCW9JHFY, B0DB62YFY2, B0CRDQCM7D, B0G2LV66WY, B0DCW8459T, B0FS5W49WQ, B0D5Y3BLVR, B0D5Y4WQVW, B0DCW9YCQ8, B0D41W39ND, B0D941QZL5, B0DDTPS9HT, B0G2LVJL6Q, B0CRB44NVF, B0D942NLM4, B0D41V2C1F, B0DCG3R2JD, B0CRDR91TL, B0D5Y4X2DP, B0D941WG2L, B0DS2JHVS6, B0F1D8S7TH, B0CM3R3JRC, B0CY2945XL, B0DB62F9W7, B0D9449QBN, B0FS5D93J1, B0DQ4QCW9Z, B0DCVKQVQV, B0D41THYDW, B0DKXXJ7PM, B0D5Y45YK3, B0CRB4Z65K, B0CY2FJ66B, B0D9439WT7, B0D9439WT6, B0DSKS2NQM, B0DB6354RB, B0DS2HLM8D, B0D942HQNT, B0FGDFCXFR, B0DTKCCV58, B0D941HQZQ, B0DB62WSF8, B0CLJDJYYQ, B0DLGSWSNS, B0DB64NNGW, B0DFYM2M2D, B0D5Y5X7VX, B0CWR5GNY2, B0F1D82YSM, B0D93ZZ1J5, B0DFLTTHRT, B0D5Y34FVG, B0DR94L18K, B0DQ4LY1DR, B0DB62NGXZ, B0DBVFRFZ6, B0D944SNYC, B0DQ4NVSH9, B0DSKS5FZB, B0DCG5MYFD, B0DCVLPGH1, B0FRMNJ6XT, B0F1D62HK7, B0F7RDML7W, B0DTK8MYW9, B0DKXWKN93, B0DR93VB9V, B0D41RHW3S, B0D8S5HC8D, B0DDPLLDHM, B0DQ4N2NJV, B0D41Z3C6Y, B0DBVHN7RB, B0DCW7QQKX, B0FS58X1D5, B0DBVFD7WT, B0DBVJQGNG, B0DFPXBXVS, B0DQ4NCN92, B0DBVGSKW4, B0F7PTK8F2, B0DCG831SQ, B0DHL72LTT, B0D942SM3G, B0D942TPFJ, B0D9424N1H, B0DCG3GVNX, B0D8SNYVDT, B0F1D5YGC1, B0D5Y51L4Y, B0DQ4R74H2, B0DCG6XVFB, B0DTK9CFQ6, B0DQ4MYDQ6, B0D41SS1MP, B0DCG3RC7L, B0F1D96VFX, B0D5Y3L179, B0DFM32SBN, B0DHZGHKT2, B0DR96N3PY, B0G2LWD2DP, B0DTK7SD4W, B0CRB3H242, B0DKXWP3VV, B0DCWBBTD5, B0DBVHNQBS, B0DFPZRMZD, B0DCW7MR83, B0DQ4R12VZ, B0D8S7FLYR, B0CM3S67S4, B0F3DS3BBB, B0G2LXKVH3, B0FGDFPVPW, B0FN3L2RDC, B0CLJN6SXR, B0D941R2D2, B0D9452KDW, B0D942B712, B0G2LV6L8Q, B0DLGV8SCG, B0CY28Y7CB, B0DQ4NRYLC, B0D943BW4H, B0DQ4NG67R, B0DCG5MRL3, B0D41R7X3R, B0D41SHZZL, B0DCW631WC, B0D41VC38G, B0DFQ1ZN9D, B0D5Y3T9Q9, B0F7RJ8QVX, B0CX4HL6BV, B0DHZG723L, B0DLGWMSK9, B0DLGXPZ2K, B0DQ4LZM4K, B0DLGVP98T, B0F1DB4RY5, B0D41SLVFS, B0D41T9HWV, B0F1D7F124, B0DQ4RLWLY, B0CY2F6GYQ, B0DQ4NN8Y5, B0D8SJTPY2, B0DSG46XK2, B0CM3S89ZM, B0DB62ZK85, B0D8SH4DDH, B0DCW8Q8F9, B0DBVFW7XX, B0DCG75FTY, B0DFM25J21, B0CRB3SDZ2, B0DFM124HX, B0D41STJFL, B0FRMC7TJ4, B0CRDQTHRV, B0CX4PDPR6, B0CRB44PQ6, B0DCVMXNMW, B0DTK7XFPJ, B0DKXY1FQW, B0DBVHG4YT, B0D943HVC5, B0CY2DN7FW, B0DCG5GQMR, B0D41TBV9W, B0DBVG2RRM, B0F1D6W7HY, B0CWR5GSM4, B0D5Y3JLFG, B0DCG6KGB5, B0D941MFHJ, B0CRB4NPTD, B0CRB4NPTH, B0DFQ2DRZT, B0DFPYVWPX, B0DQ4Q9JX1, B0DTKBB2W7, B0FGHQHYCT, B0CLJCQ9VG, B0G2LVD4QV, B0CY2BRTM4, B0F1D88F9F, B0D41V1BJZ, B0DDPR8B3K, B0D94329F3, B0DKXW68B1, B0CRDD9H6P, B0F1D7ML47, B0D9429FWF, B0D941BDTB, B0D9432CYR, B0CY2BHY2R, B0DDTLVKDG, B0D41VW7TT, B0D94222TD, B0D41YWV46, B0DCVMZ7Y6, B0DCG1XTJ4, B0DCW9RQCH, B0CM3QMTV4, B0D5Y52TGS, B0DCVL5J62, B0CY2CQBN6, B0DF4D4MCZ, B0DSG3MSKT, B0FRM7RJKW, B0D944C6QZ, B0DFQ2S7RQ, B0DCVM2T7P, B0D5Y52918, B0D41SMCJQ, B0DTK8Z96Z, B0DCVM1B6T, B0DCVLJ8VC, B0DLGVS783, B0D5XZDPCW, B0DKXVTBJ2, B0DCG54X65, B0F1D7R7WD, B0F8MPMNYW, B0DCW8WCF5, B0G2LZ7LSC, B0F6C2GWR4, B0DTK9NVH4, B0F1D615PC, B0DS2KXPQY, B0DHL1HJT7, B0DCW8958J, B0DKXZ2L27, B0DTK8PS9C, B0DHL7WJXB, B0D943DZRF, B0DFQ1WB7G, B0DFLZRP2Y, B0D942C8BN, B0DBVHTLQW, B0DB63XCZC, B0DB61VPVS, B0D941RSY5, B0D41RJY9Z, B0D41TS1H5, B0DCG854Y8, B0DB6512CD, B0DB63V6VD, B0DQ4MSQSM, B0CRDS5HLT, B0FBGBNMYW, B0D41TG8LL, B0FRMC8KV3, B0DTK954N3, B0DCVM4DPH, B0DBVGLC33, B0FGDFJ3CG, B0DR9588PN, B0F992YDM1, B0F1D7TSHK, B0DFPYS4HW, B0DCW9YYPK, B0DTK7LPHQ, B0DCVLC51S, B0DTK8PBDM, B0D944VGLC, B0D5Y36KCF, B0D944VGLD, B0D421MWWD, B0DTKBN7JB, B0G4GGTFWN, B0FNQW9CTN, B0D41TK248, B0DFPZLV61, B0DFLZQP4H, B0D5Y4SNWH, B0D41S3K98, B0DNF3P9FB, B0D41TT9FW, B0F1D678FB, B0FNQTW8LC, B0H3TDD64T, B0FNQSJSCZ, B0DFLZB81Y, B0D5Y3FBT4, B0D41STJDB, B0DCW9FG5W]",amzn1.campaign.2LFE8491FXMQ6,Vintage Washable NonSlip LowPile Rug Creator Promo-2026/07/28,Bavni,2026-07-30,2026-11-03,10.00%,5000.0,5000.0,15,800,false
[B0GT92N8NH],amzn1.campaign.3DOYZ8RL86PIT,Creators Wanted: A Unique Kitchen Tool for Better Health,Oxiros,2026-07-30,2026-12-31,15.00%,5000.0,5000.0,6,800,false
[B0H6J7SV61],amzn1.campaign.5OI7LBO7CMRG,🔧 Built for the Road: Share Your Trailer Lighting Upgrade Story 🚚,Polieez,2026-07-30,2027-07-30,10.00%,15000.0,15000.0,24,800,false
"[B0CM3TP2BF, B0DCG556SW, B0D942FJBT, B0DCG3DTYX, B0DCG3HVQT, B0DCG6CDZM, B0D9424HCY, B0D9439LQR, B0DCW95SZ9, B0FGHTX6RS, B0DHL14W2T, B0DCG66WW7, B0F1D9C88R, B0DFYL21KK, B0F1D79C2X, B0DFLZ53CQ, B0D944RGB1, B0CY2GG1FM, B0DQ4KK7Z4, B0F1D7XBVW, B0DSG2YSHC, B0D41SLKZ8, B0CY28L8DM, B0DCVMV1T8, B0F1D8YJ6N, B0G2LWP2VD, B0DTK8TT1R, B0DSKS5245, B0DRY85VRR, B0DCG3QSQD, B0D9438BPD, B0D9438XKJ, B0D943F2YH, B0CY2FLQTC, B0D41T7LLC, B0F1D72XS4, B0D9426CT1, B0D941YKWN, B0DTKCHB1L, B0DDPLSC69, B0D41TSB4V, B0DR95LZR4, B0DQ4NVY94, B0DCW8FWKZ, B0DB649CMV, B0DCVNTC38, B0DTK8XBD8, B0CY2D6JM6, B0DQ4L7N41, B0DCG1XVJC, B0F1D7Y22F, B0D41SMZ1V, B0D9438DBZ, B0D41TQGDM, B0D41V113C, B0DNF53X33, B0DDTN4GBQ, B0CY2GR95X, B0FGDDRSCT, B0DP6NDZF5, B0D41SPMC4, B0DTK8C3RD, B0F1D7542Y, B0DBVGBKLY, B0G2LY9FXJ, B0DLGVP2QZ, B0D943LDKS, B0DLGTC8KP, B0FNQSHTPM, B0DQ4R5P82, B0DF4852ZG, B0DQ4PWGLZ, B0D942PTG8, B0DCW9JHFY, B0DB62YFY2, B0CRDQCM7D, B0G2LV66WY, B0DCW8459T, B0FS5W49WQ, B0D5Y3BLVR, B0D5Y4WQVW, B0DCW9YCQ8, B0D41W39ND, B0D941QZL5, B0DDTPS9HT, B0G2LVJL6Q, B0CRB44NVF, B0D942NLM4, B0D41V2C1F, B0DCG3R2JD, B0CRDR91TL, B0D5Y4X2DP, B0D941WG2L, B0DS2JHVS6, B0F1D8S7TH, B0CM3R3JRC, B0CY2945XL, B0DB62F9W7, B0D9449QBN, B0FS5D93J1, B0DQ4QCW9Z, B0DCVKQVQV, B0D41THYDW, B0DKXXJ7PM, B0D5Y45YK3, B0CRB4Z65K, B0CY2FJ66B, B0D9439WT7, B0D9439WT6, B0DSKS2NQM, B0DB6354RB, B0DS2HLM8D, B0D942HQNT, B0FGDFCXFR, B0DTKCCV58, B0D941HQZQ, B0DB62WSF8, B0CLJDJYYQ, B0DLGSWSNS, B0DB64NNGW, B0DFYM2M2D, B0D5Y5X7VX, B0CWR5GNY2, B0F1D82YSM, B0D93ZZ1J5, B0DFLTTHRT, B0D5Y34FVG, B0DR94L18K, B0DQ4LY1DR, B0DB62NGXZ, B0DBVFRFZ6, B0D944SNYC, B0DQ4NVSH9, B0DSKS5FZB, B0DCG5MYFD, B0DCVLPGH1, B0FRMNJ6XT, B0F1D62HK7, B0F7RDML7W, B0DTK8MYW9, B0DKXWKN93, B0DR93VB9V, B0D41RHW3S, B0D8S5HC8D, B0DDPLLDHM, B0DQ4N2NJV, B0D41Z3C6Y, B0DBVHN7RB, B0DCW7QQKX, B0FS58X1D5, B0DBVFD7WT, B0DBVJQGNG, B0DFPXBXVS, B0DQ4NCN92, B0DBVGSKW4, B0F7PTK8F2, B0DCG831SQ, B0DHL72LTT, B0D942SM3G, B0D942TPFJ, B0D9424N1H, B0DCG3GVNX, B0D8SNYVDT, B0F1D5YGC1, B0D5Y51L4Y, B0DQ4R74H2, B0DCG6XVFB, B0DTK9CFQ6, B0DQ4MYDQ6, B0D41SS1MP, B0DCG3RC7L, B0F1D96VFX, B0D5Y3L179, B0DFM32SBN, B0DHZGHKT2, B0DR96N3PY, B0G2LWD2DP, B0DTK7SD4W, B0CRB3H242, B0DKXWP3VV, B0DCWBBTD5, B0DBVHNQBS, B0DFPZRMZD, B0DCW7MR83, B0DQ4R12VZ, B0D8S7FLYR, B0CM3S67S4, B0F3DS3BBB, B0G2LXKVH3, B0FGDFPVPW, B0FN3L2RDC, B0CLJN6SXR, B0D941R2D2, B0D9452KDW, B0D942B712, B0G2LV6L8Q, B0DLGV8SCG, B0CY28Y7CB, B0DQ4NRYLC, B0D943BW4H, B0DQ4NG67R, B0DCG5MRL3, B0D41R7X3R, B0D41SHZZL, B0DCW631WC, B0D41VC38G, B0DFQ1ZN9D, B0D5Y3T9Q9, B0F7RJ8QVX, B0CX4HL6BV, B0DHZG723L, B0DLGWMSK9, B0DLGXPZ2K, B0DQ4LZM4K, B0DLGVP98T, B0F1DB4RY5, B0D41SLVFS, B0D41T9HWV, B0F1D7F124, B0DQ4RLWLY, B0CY2F6GYQ, B0DQ4NN8Y5, B0D8SJTPY2, B0DSG46XK2, B0CM3S89ZM, B0DB62ZK85, B0D8SH4DDH, B0DCW8Q8F9, B0DBVFW7XX, B0DCG75FTY, B0DFM25J21, B0CRB3SDZ2, B0DFM124HX, B0D41STJFL, B0FRMC7TJ4, B0CRDQTHRV, B0CX4PDPR6, B0CRB44PQ6, B0DCVMXNMW, B0DTK7XFPJ, B0DKXY1FQW, B0DBVHG4YT, B0D943HVC5, B0CY2DN7FW, B0DCG5GQMR, B0D41TBV9W, B0DBVG2RRM, B0F1D6W7HY, B0CWR5GSM4, B0D5Y3JLFG, B0DCG6KGB5, B0D941MFHJ, B0CRB4NPTD, B0CRB4NPTH, B0DFQ2DRZT, B0DFPYVWPX, B0DQ4Q9JX1, B0DTKBB2W7, B0FGHQHYCT, B0CLJCQ9VG, B0G2LVD4QV, B0CY2BRTM4, B0F1D88F9F, B0D41V1BJZ, B0DDPR8B3K, B0D94329F3, B0DKXW68B1, B0CRDD9H6P, B0F1D7ML47, B0D9429FWF, B0D941BDTB, B0D9432CYR, B0CY2BHY2R, B0DDTLVKDG, B0D41VW7TT, B0D94222TD, B0D41YWV46, B0DCVMZ7Y6, B0DCG1XTJ4, B0DCW9RQCH, B0CM3QMTV4, B0D5Y52TGS, B0DCVL5J62, B0CY2CQBN6, B0DF4D4MCZ, B0DSG3MSKT, B0FRM7RJKW, B0D944C6QZ, B0DFQ2S7RQ, B0DCVM2T7P, B0D5Y52918, B0D41SMCJQ, B0DTK8Z96Z, B0DCVM1B6T, B0DCVLJ8VC, B0DLGVS783, B0D5XZDPCW, B0DKXVTBJ2, B0DCG54X65, B0F1D7R7WD, B0F8MPMNYW, B0DCW8WCF5, B0G2LZ7LSC, B0F6C2GWR4, B0DTK9NVH4, B0F1D615PC, B0DS2KXPQY, B0DHL1HJT7, B0DCW8958J, B0DKXZ2L27, B0DTK8PS9C, B0DHL7WJXB, B0D943DZRF, B0DFQ1WB7G, B0DFLZRP2Y, B0D942C8BN, B0DBVHTLQW, B0DB63XCZC, B0DB61VPVS, B0D941RSY5, B0D41RJY9Z, B0D41TS1H5, B0DCG854Y8, B0DB6512CD, B0DB63V6VD, B0DQ4MSQSM, B0CRDS5HLT, B0FBGBNMYW, B0D41TG8LL, B0FRMC8KV3, B0DTK954N3, B0DCVM4DPH, B0DBVGLC33, B0FGDFJ3CG, B0DR9588PN, B0F992YDM1, B0F1D7TSHK, B0DFPYS4HW, B0DCW9YYPK, B0DTK7LPHQ, B0DCVLC51S, B0DTK8PBDM, B0D944VGLC, B0D5Y36KCF, B0D944VGLD, B0D421MWWD, B0DTKBN7JB, B0G4GGTFWN, B0FNQW9CTN, B0D41TK248, B0DFPZLV61, B0DFLZQP4H, B0D5Y4SNWH, B0D41S3K98, B0DNF3P9FB, B0D41TT9FW, B0F1D678FB, B0FNQTW8LC, B0H3TDD64T, B0FNQSJSCZ, B0DFLZB81Y, B0D5Y3FBT4, B0D41STJDB, B0DCW9FG5W]",amzn1.campaign.3FWWFGJAV1J0E,Vintage Washable NonSlip LowPile Rug Creator Promo-2026/07/28,Bavni,2026-07-30,2026-11-02,10.00%,5000.0,5000.0,15,800,false
"[B0GZG5KGBC, B0GZGDKG1L, B0GZGQNHL4]",amzn1.campaign.2HEN9W6LSK235,蝴蝶结,SMFARTJX,2026-07-30,2027-07-30,10.00%,5000.0,5000.0,10,800,false
"[B0H7HXNGHJ, B0H7HVBM4C, B0H7HYMTV2, B0H7HZT2HZ, B0H7J165Q7, B0H7HXN87Q, B0H7J16VMG, B0H7J17RKH]",amzn1.campaign.1N9IXVLQ12QWQ,字母锆石choker项链,MALLEVOVO,2026-07-30,2026-12-31,10.00%,10000.0,9990.19,0,800,false
"[B07XXTQPKL, B07S99H25W]",amzn1.campaign.2HKSYGR5EH7W4,12V Fuse Block Marine Waterproof Boat Fuse Holders with LED Indicator,KOHREE,2026-07-30,2026-12-31,10.00%,5000.0,4995.37,1,800,false
"[B0G42MC8LN, B0G42PC33S]",amzn1.campaign.DW5H85SBJIND,EC04-DY-15%,Growell,2026-07-30,2026-09-29,15.00%,5000.0,4936.7,0,800,false
"[B0FNWLCWRH, B0FNWH7S2C, B0D9RHKP94, B0FVLRNJSQ, B0D9RHPCVC, B0D9RJ6PKN, B0FNWKD29P, B0D9RHRL6Q]",amzn1.campaign.1G1RWSY9KXH2U,PSXK01-超龄 创作者链接,Vittanly,2026-07-30,2026-09-30,15.00%,5000.0,4977.17,0,800,false
"[B0H4V49NP7, B0H4VCBYHW, B0H4V8G53J, B0H4VF9JK1, B0H4TTGLY1, B0H4V8JLKC, B0H4V87GW3, B0H4V6KC9C, B0H4TYJ7KT, B0H4V55GPP]",amzn1.campaign.ZZT0PF7ONQFD,金框,SMFARTJX,2026-07-30,2027-07-30,10.00%,5000.0,5000.0,13,800,false
"[B0FLJC55F8, B0GKP6F1RX, B0FGCB9JBG, B0FGCLTN83, B0FG7ZSV6B, B0FLJJ88SS, B0GFD794FL, B0GFD4QR56, B0GFD3FSPV, B0FLJBWV4V, B0GKP9GJ88, B0GKP2ZPZ6]",amzn1.campaign.WQE1NREOJ3UN,💄10M+ sold globally+15% Comm+ Hydrating Brightening Lip Seruma,SKINTIFIC,2026-07-30,2026-12-31,15.00%,5000.0,4995.28,0,800,false
[B0G6HZ9ZHN],amzn1.campaign.EV2EYG3PD8Y2,Auto Start Stop Eliminator for Chevy GMC Terrain Cadillac Buick 10% commission,DIJWW,2026-08-01,2026-10-31,10.00%,5000.0,5000.0,12,800,false
"[B0CM3TP2BF, B0DCG556SW, B0D942FJBT, B0DCG3DTYX, B0DCG3HVQT, B0DCG6CDZM, B0D9424HCY, B0D9439LQR, B0DCW95SZ9, B0FGHTX6RS, B0DHL14W2T, B0DCG66WW7, B0F1D9C88R, B0DFYL21KK, B0F1D79C2X, B0DFLZ53CQ, B0D944RGB1, B0CY2GG1FM, B0DQ4KK7Z4, B0F1D7XBVW, B0DSG2YSHC, B0D41SLKZ8, B0CY28L8DM, B0DCVMV1T8, B0F1D8YJ6N, B0G2LWP2VD, B0DTK8TT1R, B0DSKS5245, B0DRY85VRR, B0DCG3QSQD, B0D9438BPD, B0D9438XKJ, B0D943F2YH, B0CY2FLQTC, B0D41T7LLC, B0F1D72XS4, B0D9426CT1, B0D941YKWN, B0DTKCHB1L, B0DDPLSC69, B0D41TSB4V, B0DR95LZR4, B0DQ4NVY94, B0DCW8FWKZ, B0DB649CMV, B0DCVNTC38, B0DTK8XBD8, B0CY2D6JM6, B0DQ4L7N41, B0DCG1XVJC, B0F1D7Y22F, B0D41SMZ1V, B0D9438DBZ, B0D41TQGDM, B0D41V113C, B0DNF53X33, B0DDTN4GBQ, B0CY2GR95X, B0FGDDRSCT, B0DP6NDZF5, B0D41SPMC4, B0DTK8C3RD, B0F1D7542Y, B0DBVGBKLY, B0G2LY9FXJ, B0DLGVP2QZ, B0D943LDKS, B0DLGTC8KP, B0FNQSHTPM, B0DQ4R5P82, B0DF4852ZG, B0DQ4PWGLZ, B0D942PTG8, B0DCW9JHFY, B0DB62YFY2, B0CRDQCM7D, B0G2LV66WY, B0DCW8459T, B0FS5W49WQ, B0D5Y3BLVR, B0D5Y4WQVW, B0DCW9YCQ8, B0D41W39ND, B0D941QZL5, B0DDTPS9HT, B0G2LVJL6Q, B0CRB44NVF, B0D942NLM4, B0D41V2C1F, B0DCG3R2JD, B0CRDR91TL, B0D5Y4X2DP, B0D941WG2L, B0DS2JHVS6, B0F1D8S7TH, B0CM3R3JRC, B0CY2945XL, B0DB62F9W7, B0D9449QBN, B0FS5D93J1, B0DQ4QCW9Z, B0DCVKQVQV, B0D41THYDW, B0DKXXJ7PM, B0D5Y45YK3, B0CRB4Z65K, B0CY2FJ66B, B0D9439WT7, B0D9439WT6, B0DSKS2NQM, B0DB6354RB, B0DS2HLM8D, B0D942HQNT, B0FGDFCXFR, B0DTKCCV58, B0D941HQZQ, B0DB62WSF8, B0CLJDJYYQ, B0DLGSWSNS, B0DB64NNGW, B0DFYM2M2D, B0D5Y5X7VX, B0CWR5GNY2, B0F1D82YSM, B0D93ZZ1J5, B0DFLTTHRT, B0D5Y34FVG, B0DR94L18K, B0DQ4LY1DR, B0DB62NGXZ, B0DBVFRFZ6, B0D944SNYC, B0DQ4NVSH9, B0DSKS5FZB, B0DCG5MYFD, B0DCVLPGH1, B0FRMNJ6XT, B0F1D62HK7, B0F7RDML7W, B0DTK8MYW9, B0DKXWKN93, B0DR93VB9V, B0D41RHW3S, B0D8S5HC8D, B0DDPLLDHM, B0DQ4N2NJV, B0D41Z3C6Y, B0DBVHN7RB, B0DCW7QQKX, B0FS58X1D5, B0DBVFD7WT, B0DBVJQGNG, B0DFPXBXVS, B0DQ4NCN92, B0DBVGSKW4, B0F7PTK8F2, B0DCG831SQ, B0DHL72LTT, B0D942SM3G, B0D942TPFJ, B0D9424N1H, B0DCG3GVNX, B0D8SNYVDT, B0F1D5YGC1, B0D5Y51L4Y, B0DQ4R74H2, B0DCG6XVFB, B0DTK9CFQ6, B0DQ4MYDQ6, B0D41SS1MP, B0DCG3RC7L, B0F1D96VFX, B0D5Y3L179, B0DFM32SBN, B0DHZGHKT2, B0DR96N3PY, B0G2LWD2DP, B0DTK7SD4W, B0CRB3H242, B0DKXWP3VV, B0DCWBBTD5, B0DBVHNQBS, B0DFPZRMZD, B0DCW7MR83, B0DQ4R12VZ, B0D8S7FLYR, B0CM3S67S4, B0F3DS3BBB, B0G2LXKVH3, B0FGDFPVPW, B0FN3L2RDC, B0CLJN6SXR, B0D941R2D2, B0D9452KDW, B0D942B712, B0G2LV6L8Q, B0DLGV8SCG, B0CY28Y7CB, B0DQ4NRYLC, B0D943BW4H, B0DQ4NG67R, B0DCG5MRL3, B0D41R7X3R, B0D41SHZZL, B0DCW631WC, B0D41VC38G, B0DFQ1ZN9D, B0D5Y3T9Q9, B0F7RJ8QVX, B0CX4HL6BV, B0DHZG723L, B0DLGWMSK9, B0DLGXPZ2K, B0DQ4LZM4K, B0DLGVP98T, B0F1DB4RY5, B0D41SLVFS, B0D41T9HWV, B0F1D7F124, B0DQ4RLWLY, B0CY2F6GYQ, B0DQ4NN8Y5, B0D8SJTPY2, B0DSG46XK2, B0CM3S89ZM, B0DB62ZK85, B0D8SH4DDH, B0DCW8Q8F9, B0DBVFW7XX, B0DCG75FTY, B0DFM25J21, B0CRB3SDZ2, B0DFM124HX, B0D41STJFL, B0FRMC7TJ4, B0CRDQTHRV, B0CX4PDPR6, B0CRB44PQ6, B0DCVMXNMW, B0DTK7XFPJ, B0DKXY1FQW, B0DBVHG4YT, B0D943HVC5, B0CY2DN7FW, B0DCG5GQMR, B0D41TBV9W, B0DBVG2RRM, B0F1D6W7HY, B0CWR5GSM4, B0D5Y3JLFG, B0DCG6KGB5, B0D941MFHJ, B0CRB4NPTD, B0CRB4NPTH, B0DFQ2DRZT, B0DFPYVWPX, B0DQ4Q9JX1, B0DTKBB2W7, B0FGHQHYCT, B0CLJCQ9VG, B0G2LVD4QV, B0CY2BRTM4, B0F1D88F9F, B0D41V1BJZ, B0DDPR8B3K, B0D94329F3, B0DKXW68B1, B0CRDD9H6P, B0F1D7ML47, B0D9429FWF, B0D941BDTB, B0D9432CYR, B0CY2BHY2R, B0DDTLVKDG, B0D41VW7TT, B0D94222TD, B0D41YWV46, B0DCVMZ7Y6, B0DCG1XTJ4, B0DCW9RQCH, B0CM3QMTV4, B0D5Y52TGS, B0DCVL5J62, B0CY2CQBN6, B0DF4D4MCZ, B0DSG3MSKT, B0FRM7RJKW, B0D944C6QZ, B0DFQ2S7RQ, B0DCVM2T7P, B0D5Y52918, B0D41SMCJQ, B0DTK8Z96Z, B0DCVM1B6T, B0DCVLJ8VC, B0DLGVS783, B0D5XZDPCW, B0DKXVTBJ2, B0DCG54X65, B0F1D7R7WD, B0F8MPMNYW, B0DCW8WCF5, B0G2LZ7LSC, B0F6C2GWR4, B0DTK9NVH4, B0F1D615PC, B0DS2KXPQY, B0DHL1HJT7, B0DCW8958J, B0DKXZ2L27, B0DTK8PS9C, B0DHL7WJXB, B0D943DZRF, B0DFQ1WB7G, B0DFLZRP2Y, B0D942C8BN, B0DBVHTLQW, B0DB63XCZC, B0DB61VPVS, B0D941RSY5, B0D41RJY9Z, B0D41TS1H5, B0DCG854Y8, B0DB6512CD, B0DB63V6VD, B0DQ4MSQSM, B0CRDS5HLT, B0FBGBNMYW, B0D41TG8LL, B0FRMC8KV3, B0DTK954N3, B0DCVM4DPH, B0DBVGLC33, B0FGDFJ3CG, B0DR9588PN, B0F992YDM1, B0F1D7TSHK, B0DFPYS4HW, B0DCW9YYPK, B0DTK7LPHQ, B0DCVLC51S, B0DTK8PBDM, B0D944VGLC, B0D5Y36KCF, B0D944VGLD, B0D421MWWD, B0DTKBN7JB, B0G4GGTFWN, B0FNQW9CTN, B0D41TK248, B0DFPZLV61, B0DFLZQP4H, B0D5Y4SNWH, B0D41S3K98, B0DNF3P9FB, B0D41TT9FW, B0F1D678FB, B0FNQTW8LC, B0H3TDD64T, B0FNQSJSCZ, B0DFLZB81Y, B0D5Y3FBT4, B0D41STJDB, B0DCW9FG5W]",amzn1.campaign.21H81S03OXXD1,Vintage Washable NonSlip LowPile Rug Creator Promo-2026/07/28,Bavni,2026-07-30,2026-11-01,10.00%,5000.0,5000.0,12,800,false
[B09D7RLJNY],amzn1.campaign.EV1T5NEI1AOK,Win-Win Collaboration:Promote GINGTTO 30g Mens Jacket & Earn 15% Commission,GINGTTO,2026-07-30,2026-10-31,15.00%,5000.0,5000.0,23,800,false
[B0H6B325NH],amzn1.campaign.3A4G9NIS3ZGUZ,WirelessCarCharger_15W_RGB_AutoClamp_Launch,Cool grid,2026-07-30,2026-09-30,10.00%,50000.0,49990.54,1,800,false
"[B0GGZY262T, B0GGZM9QC6, B0F4R6JDWM, B0GGZL3WWL, B0GGZTJD32, B0GGZND39G]",amzn1.campaign.1GDCPL96V5WW3,三角钩针包-全部颜色,XMLMRY,2026-08-01,2026-10-01,10.00%,5000.0,5000.0,4,800,false
"[B0H6J8BZPR, B0GWM24TGY, B0FCFKRTR3, B0FCFPPST2, B0F2YF4YC9, B0FJ89HF69, B0FS1QRVTR, B0GTZ92TN4, B0GWLZP4DZ, B0GTZ8SXQD, B0GWDQZ83F, B0GYH6JVS2, B0GV7DTJJ6, B0FCFHKRKW, B0FCFMGFVQ, B0DT56XJBF, B0DT56XFJX, B0DPW5D788, B0F215DLC5, B0DT56KKSK, B0GTZBK2QL, B0FCXP2Y1H, B0DT5QY8ND, B0F3VKYZBM, B0GTZ5771W, B0F3VJ5LMN, B0FJ24TBK9, B0GV7FGLJH, B0FCFLKKW7, B0DT57K7BM, B0DT5QTZPL, B0GWM22TX3, B0F1MJR9RK, B0GTZ9W15W, B0GWLZZ2C4, B0DT5P911K, B0DT56F2SZ, B0FCFMVZPF, B0GWLSQX7N, B0H6J3CC74, B0DLS68M3H, B0FCFJSQKC, B0DT56NMH9, B0DT56JX13, B0H6J7MLSG, B0DT57DVKW, B0DT56V9Z5, B0DT56PV2P, B0DT5TVJ3X, B0GTYZYS96, B0GWM2JNT7, B0GTZBXQ8Q, B0FCFKDDRR, B0FCFLDXV8, B0GTZ6VKQK, B0DZWW2ST2, B0GWLXSL6X, B0GTZ5B7PG, B0DT57Y6R7, B0H6JLQDDZ, B0GWDLQ7QZ, B0G3XJ4WQC, B0FCFHK9Y2, B0FBM8ZXYL, B0DT5XFK4F, B0GV7Q2HVL, B0DT5P8KRM, B0GWF1MZCW, B0FCFLN3D6, B0DT58GS47, B0GTZG1YLH, B0GWDHG86M, B0GTZGNB1S, B0GV7HM8XY, B0FCFMYZ3Y, B0GV7SWF4X, B0D3V538PL, B0FXDRM7CQ, B0FQ1JMHKK, B0GTZ5VJRB, B0DT56WLDQ, B0GTZJNBY7, B0GYGT77MW, B0GWLSNJDG, B0GWDQZ4WX, B0FCFMN1DD, B0DT561PNJ, B0DLK6RRXM, B0GWDNFRWW, B0GV7HVZ1G, B0GWLNNTD5, B0GV7MNQB5, B0FCFHL7RZ, B0DT5XBVXR, B0F214N3JH, B0H6J4X1FK, B0FCFLNGYZ, B0DT57KBL8, B0DPSPQYMD, B0DLK6SXS5, B0DZX3NHD1, B0DT57GTC3, B0GWLXNM99, B0F215M9M4, B0FCFLKH54, B0DXFB4FTY, B0FCFM7PCN, B0GTZB7BJB, B0GV7LS4XN, B0GV7FM1W7, B0GWLZWF85, B0GWM1X4G4]",amzn1.campaign.TW3K9PIWDG6A,10% + Commission（字母系列）,DHQH,2026-07-30,2027-07-16,10.00%,5000.0,5000.0,26,800,false
"[B0CM3TP2BF, B0DCG556SW, B0D942FJBT, B0DCG3DTYX, B0DCG3HVQT, B0DCG6CDZM, B0D9424HCY, B0D9439LQR, B0DCW95SZ9, B0FGHTX6RS, B0DHL14W2T, B0DCG66WW7, B0F1D9C88R, B0DFYL21KK, B0F1D79C2X, B0DFLZ53CQ, B0D944RGB1, B0CY2GG1FM, B0DQ4KK7Z4, B0F1D7XBVW, B0DSG2YSHC, B0D41SLKZ8, B0CY28L8DM, B0DCVMV1T8, B0F1D8YJ6N, B0G2LWP2VD, B0DTK8TT1R, B0DSKS5245, B0DRY85VRR, B0DCG3QSQD, B0D9438BPD, B0D9438XKJ, B0D943F2YH, B0CY2FLQTC, B0D41T7LLC, B0F1D72XS4, B0D9426CT1, B0D941YKWN, B0DTKCHB1L, B0DDPLSC69, B0D41TSB4V, B0DR95LZR4, B0DQ4NVY94, B0DCW8FWKZ, B0DB649CMV, B0DCVNTC38, B0DTK8XBD8, B0CY2D6JM6, B0DQ4L7N41, B0DCG1XVJC, B0F1D7Y22F, B0D41SMZ1V, B0D9438DBZ, B0D41TQGDM, B0D41V113C, B0DNF53X33, B0DDTN4GBQ, B0CY2GR95X, B0FGDDRSCT, B0DP6NDZF5, B0D41SPMC4, B0DTK8C3RD, B0F1D7542Y, B0DBVGBKLY, B0G2LY9FXJ, B0DLGVP2QZ, B0D943LDKS, B0DLGTC8KP, B0FNQSHTPM, B0DQ4R5P82, B0DF4852ZG, B0DQ4PWGLZ, B0D942PTG8, B0DCW9JHFY, B0DB62YFY2, B0CRDQCM7D, B0G2LV66WY, B0DCW8459T, B0FS5W49WQ, B0D5Y3BLVR, B0D5Y4WQVW, B0DCW9YCQ8, B0D41W39ND, B0D941QZL5, B0DDTPS9HT, B0G2LVJL6Q, B0CRB44NVF, B0D942NLM4, B0D41V2C1F, B0DCG3R2JD, B0CRDR91TL, B0D5Y4X2DP, B0D941WG2L, B0DS2JHVS6, B0F1D8S7TH, B0CM3R3JRC, B0CY2945XL, B0DB62F9W7, B0D9449QBN, B0FS5D93J1, B0DQ4QCW9Z, B0DCVKQVQV, B0D41THYDW, B0DKXXJ7PM, B0D5Y45YK3, B0CRB4Z65K, B0CY2FJ66B, B0D9439WT7, B0D9439WT6, B0DSKS2NQM, B0DB6354RB, B0DS2HLM8D, B0D942HQNT, B0FGDFCXFR, B0DTKCCV58, B0D941HQZQ, B0DB62WSF8, B0CLJDJYYQ, B0DLGSWSNS, B0DB64NNGW, B0DFYM2M2D, B0D5Y5X7VX, B0CWR5GNY2, B0F1D82YSM, B0D93ZZ1J5, B0DFLTTHRT, B0D5Y34FVG, B0DR94L18K, B0DQ4LY1DR, B0DB62NGXZ, B0DBVFRFZ6, B0D944SNYC, B0DQ4NVSH9, B0DSKS5FZB, B0DCG5MYFD, B0DCVLPGH1, B0FRMNJ6XT, B0F1D62HK7, B0F7RDML7W, B0DTK8MYW9, B0DKXWKN93, B0DR93VB9V, B0D41RHW3S, B0D8S5HC8D, B0DDPLLDHM, B0DQ4N2NJV, B0D41Z3C6Y, B0DBVHN7RB, B0DCW7QQKX, B0FS58X1D5, B0DBVFD7WT, B0DBVJQGNG, B0DFPXBXVS, B0DQ4NCN92, B0DBVGSKW4, B0F7PTK8F2, B0DCG831SQ, B0DHL72LTT, B0D942SM3G, B0D942TPFJ, B0D9424N1H, B0DCG3GVNX, B0D8SNYVDT, B0F1D5YGC1, B0D5Y51L4Y, B0DQ4R74H2, B0DCG6XVFB, B0DTK9CFQ6, B0DQ4MYDQ6, B0D41SS1MP, B0DCG3RC7L, B0F1D96VFX, B0D5Y3L179, B0DFM32SBN, B0DHZGHKT2, B0DR96N3PY, B0G2LWD2DP, B0DTK7SD4W, B0CRB3H242, B0DKXWP3VV, B0DCWBBTD5, B0DBVHNQBS, B0DFPZRMZD, B0DCW7MR83, B0DQ4R12VZ, B0D8S7FLYR, B0CM3S67S4, B0F3DS3BBB, B0G2LXKVH3, B0FGDFPVPW, B0FN3L2RDC, B0CLJN6SXR, B0D941R2D2, B0D9452KDW, B0D942B712, B0G2LV6L8Q, B0DLGV8SCG, B0CY28Y7CB, B0DQ4NRYLC, B0D943BW4H, B0DQ4NG67R, B0DCG5MRL3, B0D41R7X3R, B0D41SHZZL, B0DCW631WC, B0D41VC38G, B0DFQ1ZN9D, B0D5Y3T9Q9, B0F7RJ8QVX, B0CX4HL6BV, B0DHZG723L, B0DLGWMSK9, B0DLGXPZ2K, B0DQ4LZM4K, B0DLGVP98T, B0F1DB4RY5, B0D41SLVFS, B0D41T9HWV, B0F1D7F124, B0DQ4RLWLY, B0CY2F6GYQ, B0DQ4NN8Y5, B0D8SJTPY2, B0DSG46XK2, B0CM3S89ZM, B0DB62ZK85, B0D8SH4DDH, B0DCW8Q8F9, B0DBVFW7XX, B0DCG75FTY, B0DFM25J21, B0CRB3SDZ2, B0DFM124HX, B0D41STJFL, B0FRMC7TJ4, B0CRDQTHRV, B0CX4PDPR6, B0CRB44PQ6, B0DCVMXNMW, B0DTK7XFPJ, B0DKXY1FQW, B0DBVHG4YT, B0D943HVC5, B0CY2DN7FW, B0DCG5GQMR, B0D41TBV9W, B0DBVG2RRM, B0F1D6W7HY, B0CWR5GSM4, B0D5Y3JLFG, B0DCG6KGB5, B0D941MFHJ, B0CRB4NPTD, B0CRB4NPTH, B0DFQ2DRZT, B0DFPYVWPX, B0DQ4Q9JX1, B0DTKBB2W7, B0FGHQHYCT, B0CLJCQ9VG, B0G2LVD4QV, B0CY2BRTM4, B0F1D88F9F, B0D41V1BJZ, B0DDPR8B3K, B0D94329F3, B0DKXW68B1, B0CRDD9H6P, B0F1D7ML47, B0D9429FWF, B0D941BDTB, B0D9432CYR, B0CY2BHY2R, B0DDTLVKDG, B0D41VW7TT, B0D94222TD, B0D41YWV46, B0DCVMZ7Y6, B0DCG1XTJ4, B0DCW9RQCH, B0CM3QMTV4, B0D5Y52TGS, B0DCVL5J62, B0CY2CQBN6, B0DF4D4MCZ, B0DSG3MSKT, B0FRM7RJKW, B0D944C6QZ, B0DFQ2S7RQ, B0DCVM2T7P, B0D5Y52918, B0D41SMCJQ, B0DTK8Z96Z, B0DCVM1B6T, B0DCVLJ8VC, B0DLGVS783, B0D5XZDPCW, B0DKXVTBJ2, B0DCG54X65, B0F1D7R7WD, B0F8MPMNYW, B0DCW8WCF5, B0G2LZ7LSC, B0F6C2GWR4, B0DTK9NVH4, B0F1D615PC, B0DS2KXPQY, B0DHL1HJT7, B0DCW8958J, B0DKXZ2L27, B0DTK8PS9C, B0DHL7WJXB, B0D943DZRF, B0DFQ1WB7G, B0DFLZRP2Y, B0D942C8BN, B0DBVHTLQW, B0DB63XCZC, B0DB61VPVS, B0D941RSY5, B0D41RJY9Z, B0D41TS1H5, B0DCG854Y8, B0DB6512CD, B0DB63V6VD, B0DQ4MSQSM, B0CRDS5HLT, B0FBGBNMYW, B0D41TG8LL, B0FRMC8KV3, B0DTK954N3, B0DCVM4DPH, B0DBVGLC33, B0FGDFJ3CG, B0DR9588PN, B0F992YDM1, B0F1D7TSHK, B0DFPYS4HW, B0DCW9YYPK, B0DTK7LPHQ, B0DCVLC51S, B0DTK8PBDM, B0D944VGLC, B0D5Y36KCF, B0D944VGLD, B0D421MWWD, B0DTKBN7JB, B0G4GGTFWN, B0FNQW9CTN, B0D41TK248, B0DFPZLV61, B0DFLZQP4H, B0D5Y4SNWH, B0D41S3K98, B0DNF3P9FB, B0D41TT9FW, B0F1D678FB, B0FNQTW8LC, B0H3TDD64T, B0FNQSJSCZ, B0DFLZB81Y, B0D5Y3FBT4, B0D41STJDB, B0DCW9FG5W]",amzn1.campaign.UFNI3FT20LJS,Vintage Washable NonSlip LowPile Rug Creator Promo-2026/07/28,Bavni,2026-07-30,2026-10-31,10.00%,5000.0,5000.0,17,800,false
[B0FKBG4H83],amzn1.campaign.S61LC7034V11,💰50% Cut + Free Box – B&Q Wants You as Partner,B&Qaugen,2026-07-30,2026-10-31,50.00%,5000.0,4914.36,5,800,false
"[B0G2SK3MQ1, B0G2SLB6PF, B0G2SKTB52, B0G2SP17G4, B0G2SKM53M, B0G2SMVBGF, B0G2SKNG4H, B0G2SP5NK8, B0G2SMXZ2V, B0G2SMTHHF, B0G2SP5MPC, B0G2SL787S, B0G2SP74QB, B0G2SMM26C, B0G2SLLSW1, B0G2SQZ4KC, B0G2SKMNZ3, B0G2SM23FJ, B0G2SPNHGZ, B0G2SLSLK8]",amzn1.campaign.169OMU982OEV3,Women's Safari Shirt,XYLPHTHONG,2026-07-30,2027-07-30,10.00%,100000.0,99990.4,6,800,false
[B0FRLJKQFP],amzn1.campaign.12UQD2TBYC8CI,🔥 10%! Bourbon Glass – $1M + Good=Infinite,Argefkeen,2026-07-29,2026-12-22,10.00%,1000000.0,1000000.0,6,800,false
"[B0CM3TP2BF, B0DCG556SW, B0D942FJBT, B0DCG3DTYX, B0DCG3HVQT, B0DCG6CDZM, B0D9424HCY, B0D9439LQR, B0DCW95SZ9, B0FGHTX6RS, B0DHL14W2T, B0DCG66WW7, B0F1D9C88R, B0DFYL21KK, B0F1D79C2X, B0DFLZ53CQ, B0D944RGB1, B0CY2GG1FM, B0DQ4KK7Z4, B0F1D7XBVW, B0DSG2YSHC, B0D41SLKZ8, B0CY28L8DM, B0DCVMV1T8, B0F1D8YJ6N, B0G2LWP2VD, B0DTK8TT1R, B0DSKS5245, B0DRY85VRR, B0DCG3QSQD, B0D9438BPD, B0D9438XKJ, B0D943F2YH, B0CY2FLQTC, B0D41T7LLC, B0F1D72XS4, B0D9426CT1, B0D941YKWN, B0DTKCHB1L, B0DDPLSC69, B0D41TSB4V, B0DR95LZR4, B0DQ4NVY94, B0DCW8FWKZ, B0DB649CMV, B0DCVNTC38, B0DTK8XBD8, B0CY2D6JM6, B0DQ4L7N41, B0DCG1XVJC, B0F1D7Y22F, B0D41SMZ1V, B0D9438DBZ, B0D41TQGDM, B0D41V113C, B0DNF53X33, B0DDTN4GBQ, B0CY2GR95X, B0FGDDRSCT, B0DP6NDZF5, B0D41SPMC4, B0DTK8C3RD, B0F1D7542Y, B0DBVGBKLY, B0G2LY9FXJ, B0DLGVP2QZ, B0D943LDKS, B0DLGTC8KP, B0FNQSHTPM, B0DQ4R5P82, B0DF4852ZG, B0DQ4PWGLZ, B0D942PTG8, B0DCW9JHFY, B0DB62YFY2, B0CRDQCM7D, B0G2LV66WY, B0DCW8459T, B0FS5W49WQ, B0D5Y3BLVR, B0D5Y4WQVW, B0DCW9YCQ8, B0D41W39ND, B0D941QZL5, B0DDTPS9HT, B0G2LVJL6Q, B0CRB44NVF, B0D942NLM4, B0D41V2C1F, B0DCG3R2JD, B0CRDR91TL, B0D5Y4X2DP, B0D941WG2L, B0DS2JHVS6, B0F1D8S7TH, B0CM3R3JRC, B0CY2945XL, B0DB62F9W7, B0D9449QBN, B0FS5D93J1, B0DQ4QCW9Z, B0DCVKQVQV, B0D41THYDW, B0DKXXJ7PM, B0D5Y45YK3, B0CRB4Z65K, B0CY2FJ66B, B0D9439WT7, B0D9439WT6, B0DSKS2NQM, B0DB6354RB, B0DS2HLM8D, B0D942HQNT, B0FGDFCXFR, B0DTKCCV58, B0D941HQZQ, B0DB62WSF8, B0CLJDJYYQ, B0DLGSWSNS, B0DB64NNGW, B0DFYM2M2D, B0D5Y5X7VX, B0CWR5GNY2, B0F1D82YSM, B0D93ZZ1J5, B0DFLTTHRT, B0D5Y34FVG, B0DR94L18K, B0DQ4LY1DR, B0DB62NGXZ, B0DBVFRFZ6, B0D944SNYC, B0DQ4NVSH9, B0DSKS5FZB, B0DCG5MYFD, B0DCVLPGH1, B0FRMNJ6XT, B0F1D62HK7, B0F7RDML7W, B0DTK8MYW9, B0DKXWKN93, B0DR93VB9V, B0D41RHW3S, B0D8S5HC8D, B0DDPLLDHM, B0DQ4N2NJV, B0D41Z3C6Y, B0DBVHN7RB, B0DCW7QQKX, B0FS58X1D5, B0DBVFD7WT, B0DBVJQGNG, B0DFPXBXVS, B0DQ4NCN92, B0DBVGSKW4, B0F7PTK8F2, B0DCG831SQ, B0DHL72LTT, B0D942SM3G, B0D942TPFJ, B0D9424N1H, B0DCG3GVNX, B0D8SNYVDT, B0F1D5YGC1, B0D5Y51L4Y, B0DQ4R74H2, B0DCG6XVFB, B0DTK9CFQ6, B0DQ4MYDQ6, B0D41SS1MP, B0DCG3RC7L, B0F1D96VFX, B0D5Y3L179, B0DFM32SBN, B0DHZGHKT2, B0DR96N3PY, B0G2LWD2DP, B0DTK7SD4W, B0CRB3H242, B0DKXWP3VV, B0DCWBBTD5, B0DBVHNQBS, B0DFPZRMZD, B0DCW7MR83, B0DQ4R12VZ, B0D8S7FLYR, B0CM3S67S4, B0F3DS3BBB, B0G2LXKVH3, B0FGDFPVPW, B0FN3L2RDC, B0CLJN6SXR, B0D941R2D2, B0D9452KDW, B0D942B712, B0G2LV6L8Q, B0DLGV8SCG, B0CY28Y7CB, B0DQ4NRYLC, B0D943BW4H, B0DQ4NG67R, B0DCG5MRL3, B0D41R7X3R, B0D41SHZZL, B0DCW631WC, B0D41VC38G, B0DFQ1ZN9D, B0D5Y3T9Q9, B0F7RJ8QVX, B0CX4HL6BV, B0DHZG723L, B0DLGWMSK9, B0DLGXPZ2K, B0DQ4LZM4K, B0DLGVP98T, B0F1DB4RY5, B0D41SLVFS, B0D41T9HWV, B0F1D7F124, B0DQ4RLWLY, B0CY2F6GYQ, B0DQ4NN8Y5, B0D8SJTPY2, B0DSG46XK2, B0CM3S89ZM, B0DB62ZK85, B0D8SH4DDH, B0DCW8Q8F9, B0DBVFW7XX, B0DCG75FTY, B0DFM25J21, B0CRB3SDZ2, B0DFM124HX, B0D41STJFL, B0FRMC7TJ4, B0CRDQTHRV, B0CX4PDPR6, B0CRB44PQ6, B0DCVMXNMW, B0DTK7XFPJ, B0DKXY1FQW, B0DBVHG4YT, B0D943HVC5, B0CY2DN7FW, B0DCG5GQMR, B0D41TBV9W, B0DBVG2RRM, B0F1D6W7HY, B0CWR5GSM4, B0D5Y3JLFG, B0DCG6KGB5, B0D941MFHJ, B0CRB4NPTD, B0CRB4NPTH, B0DFQ2DRZT, B0DFPYVWPX, B0DQ4Q9JX1, B0DTKBB2W7, B0FGHQHYCT, B0CLJCQ9VG, B0G2LVD4QV, B0CY2BRTM4, B0F1D88F9F, B0D41V1BJZ, B0DDPR8B3K, B0D94329F3, B0DKXW68B1, B0CRDD9H6P, B0F1D7ML47, B0D9429FWF, B0D941BDTB, B0D9432CYR, B0CY2BHY2R, B0DDTLVKDG, B0D41VW7TT, B0D94222TD, B0D41YWV46, B0DCVMZ7Y6, B0DCG1XTJ4, B0DCW9RQCH, B0CM3QMTV4, B0D5Y52TGS, B0DCVL5J62, B0CY2CQBN6, B0DF4D4MCZ, B0DSG3MSKT, B0FRM7RJKW, B0D944C6QZ, B0DFQ2S7RQ, B0DCVM2T7P, B0D5Y52918, B0D41SMCJQ, B0DTK8Z96Z, B0DCVM1B6T, B0DCVLJ8VC, B0DLGVS783, B0D5XZDPCW, B0DKXVTBJ2, B0DCG54X65, B0F1D7R7WD, B0F8MPMNYW, B0DCW8WCF5, B0G2LZ7LSC, B0F6C2GWR4, B0DTK9NVH4, B0F1D615PC, B0DS2KXPQY, B0DHL1HJT7, B0DCW8958J, B0DKXZ2L27, B0DTK8PS9C, B0DHL7WJXB, B0D943DZRF, B0DFQ1WB7G, B0DFLZRP2Y, B0D942C8BN, B0DBVHTLQW, B0DB63XCZC, B0DB61VPVS, B0D941RSY5, B0D41RJY9Z, B0D41TS1H5, B0DCG854Y8, B0DB6512CD, B0DB63V6VD, B0DQ4MSQSM, B0CRDS5HLT, B0FBGBNMYW, B0D41TG8LL, B0FRMC8KV3, B0DTK954N3, B0DCVM4DPH, B0DBVGLC33, B0FGDFJ3CG, B0DR9588PN, B0F992YDM1, B0F1D7TSHK, B0DFPYS4HW, B0DCW9YYPK, B0DTK7LPHQ, B0DCVLC51S, B0DTK8PBDM, B0D944VGLC, B0D5Y36KCF, B0D944VGLD, B0D421MWWD, B0DTKBN7JB, B0G4GGTFWN, B0FNQW9CTN, B0D41TK248, B0DFPZLV61, B0DFLZQP4H, B0D5Y4SNWH, B0D41S3K98, B0DNF3P9FB, B0D41TT9FW, B0F1D678FB, B0FNQTW8LC, B0H3TDD64T, B0FNQSJSCZ, B0DFLZB81Y, B0D5Y3FBT4, B0D41STJDB, B0DCW9FG5W]",amzn1.campaign.2HVL0LB56QDLH,Vintage Washable NonSlip LowPile Rug Creator Promo-2026/07/28,Bavni,2026-07-30,2026-10-30,10.00%,5000.0,5000.0,12,800,false
"[B0DKFZZ4VQ, B0DKG15J3K, B0DKG1CS9F]",amzn1.campaign.34XTK6969TLJD,Fashion Oval Fake Glasses B13140-3,BOBUXLIIN,2026-07-30,2026-12-28,10.00%,5000.0,5000.0,32,800,false
"[B0F3J4142X, B0F3J47PBT, B0G8DHCQC2, B0FMY5JW5B, B0G8DHPDPK, B0FMY5X192]",amzn1.campaign.1EHAMB9OO0TPQ,六联海报,Suvinor,2026-07-30,2027-07-30,10.00%,5000.0,5000.0,6,800,false
"[B0DKFZZ4VQ, B0DKG15J3K, B0DKG1CS9F]",amzn1.campaign.2KG0TJRPNTZ69,Fashion Oval Fake Glasses B13140-3,BOBUXLIIN,2026-07-30,2026-12-29,10.00%,5000.0,5000.0,30,800,false
[B0H4F9X53C],amzn1.campaign.14C2SUNLT4TB7,"🏋️10% COMMISSION, 2704 LEDs Recovery Mat, Gym Bros",BingSkyer,2026-08-02,2026-11-05,10.00%,5000.0,5000.0,19,800,false
"[B0GGZY262T, B0GGZM9QC6, B0F4R6JDWM, B0GGZL3WWL, B0GGZTJD32, B0GGZND39G]",amzn1.campaign.3K66JW2S8AKKV,三角钩针包-主打,XMLMRY,2026-07-30,2026-10-01,10.00%,5000.0,4976.0,14,800,false
"[B0F3J3T5QL, B0F3J2G24R, B0F3J1FZRK, B0F3J7CCS2, B0DPF5ZS15, B0F3J4P4KT, B0F3J4SZBF]",amzn1.campaign.AGXCNLWNSC6S,猫和厨房,Suvinor,2026-07-30,2027-07-30,10.00%,5000.0,5000.0,13,800,false
"[B0FHKR8T63, B0FNMTSFVL, B0FRSL39S7, B0FSS649R9, B0FSCT4VNM, B0FNMTDJJM, B0FJFC2YJM, B0FHJ49QFS, B0FSCSN4TN, B0FS1FK278, B0FS1CCPR1, B0FJFF6H91, B0FNMWRQ7D, B0FNMSDJHW, B0FWR442NB, B0FJFC6YVJ, B0FS16F6S8, B0FWQZKR9W, B0FRSFNBZ8, B0FSRWGJ95, B0FS1CQ54H, B0FWQZ2Y2X, B0FNMTWB4P, B0FNMWVBCS, B0FHKQDLZD, B0FJFC54KJ, B0FNMTZTRS, B0FJFDNPGB, B0FJFDH7WY, B0FWQTZWSB, B0FNMVG4WR, B0FHKRXGVT]",amzn1.campaign.32MMJ50YSHR7K,Monthly sales of 50-100+10% commissionWall art partnerships start at one month,XTIQVVZM,2026-07-30,2027-07-30,10.00%,10000.0,9990.14,19,800,false
"[B0H6JHN12C, B0H6QR6FKV, B0H6JPG8Y7, B0H6J8JVQF, B0H6JBHNT6, B0H6JHMTBF, B0H326D4GJ, B0H284W3T9, B0H251BBWH, B0H6QDB4VX, B0H24WVD5F, B0H24WVD5G, B0H1B3QVF4, B0GHR3QLF7, B0H251VQ1T, B0H6JGZ6ND, B0H9WJTFLH, B0H32C9RDY, B0H9WJTFLM, B0H258JKGB, B0H24ZYPS6, B0H1B1QJVG, B0H6JD19PH, B0H6QMLL9X, B0H19XGYFN, B0H256D6PF, B0H6JD4SBL, B0H6JHYCFR, B0H254V7VB, B0H24ZJMP1, B0H24XVG6R, B0GSD7VD8Z, B0GSDNCQM3, B0H9WGKS7V, B0GSDJRMRF, B0H24XZRQZ, B0GHRP7K5R, B0H9WKCZ31, B0GK13P4K5, B0GHRH89CF, B0H9W834GD, B0H254QM8H, B0GSDTLWKB, B0GSDJNG2S, B0H1B2B728, B0H6J58NFB, B0H6QRYYDJ, B0GHRQT3ZY, B0H24YVZB5, B0H24YHL81, B0H6J96MHD, B0H24WYT5L, B0H323L41X, B0H1B54KWT, B0GSD7PLKF, B0GHR1VP4C, B0GHR1QW1B, B0GHR6BLS9, B0GSDGYKG1, B0GSDLSJTX, B0H6J8F3CR, B0H6J9VLRP, B0H24RF7BR, B0H6QP2MHZ, B0H6QHZ1XW, B0H6QM6BB1, B0H6QQSMKF, B0H6QRNTLM, B0H283WSZC, B0H6J55RML, B0GSDPTXVQ, B0H6QRT5W6, B0H6QPPGDN, B0H286LDZ4, B0GK16G3CV, B0H6JDNFNK, B0GSF4SGMY, B0H6QRMB48, B0GHR69XCM, B0H24ZZDCH, B0H6J9HZNN, B0GHR8ZJGN, B0H6QCRRR5, B0H6JBZ458, B0GSDBSNG5, B0GSDW469Q, B0H24ZBVWT, B0H6J7G22C, B0GK16R71J, B0H1BBVRFS, B0H1B64RNT, B0H321658C, B0H27W76W6, B0H24Y3FPV, B0H6QPD2F3, B0GHRHBPPB, B0H6JGLPKC, B0H6JD1111, B0GHRNT2QM, B0H1B2G2H3, B0H6JKGZSM, B0H6JBMGDB, B0GSDVWZBD, B0H25543CR, B0GHRSTSMX, B0H6QL4YZM, B0H2586NVL, B0H25DB5DB, B0H24X11XX, B0GSDXT1ZW, B0H6JF4N93, B0H6JHWLD5, B0H1B6L5T5, B0GSDWX6MP, B0H6QRHSPG, B0H9WTGX86, B0H32DWS6D, B0H24YVW6Y]",amzn1.campaign.19IS383PO5YRK,Vintage Washable NonSlip LowPile Runner Creator Promo-2026/07/28,Bavni,2026-07-30,2026-11-06,10.00%,5000.0,5000.0,25,800,false
[B09QW5C9H8],amzn1.campaign.9YTATQ1ZKPAA,"Table Concept Mixing Bowls — Everyday Kitchen Prep, Baking & Smart Food Storage",Godinger,2026-07-30,2027-07-30,10.00%,100000.0,100000.0,0,800,false
"[B08F74WFPF, B09C8JJRXK, B08L38DG2Z, B08L38NMPT, B08L36TZ8Y, B09C8N7X13, B08F7Q8R8Q, B08F6WGPY9, B08NPBZ6T8, B08F749P1C, B08NP9613M, B09Y8G8XCZ, B08L4HV3J8, B09Y8B7JW2, B08F7679RZ, B08F7DC82K, B08F7H32TM, B09DPMFS1D, B08L38Q8SK, B09Y8GMGK9, B08F7GZFD9, B08F7H616Y, B08F6SW2FS, B0FH6NTJMF, B09C8LHJHJ, B08L378SPB, B09C8LKDD5]",amzn1.campaign.7S3YIWWZK8X3,Win-Win Collaboration:Promote GINGTTO 11g Mens Sweatshirt & Earn 15% Commission,GINGTTO,2026-07-30,2026-10-31,15.00%,5000.0,5000.0,16,800,false
"[B0H6JHN12C, B0H6QR6FKV, B0H6JPG8Y7, B0H6J8JVQF, B0H6JBHNT6, B0H6JHMTBF, B0H326D4GJ, B0H284W3T9, B0H251BBWH, B0H6QDB4VX, B0H24WVD5F, B0H24WVD5G, B0H1B3QVF4, B0GHR3QLF7, B0H251VQ1T, B0H6JGZ6ND, B0H9WJTFLH, B0H32C9RDY, B0H9WJTFLM, B0H258JKGB, B0H24ZYPS6, B0H1B1QJVG, B0H6JD19PH, B0H6QMLL9X, B0H19XGYFN, B0H256D6PF, B0H6JD4SBL, B0H6JHYCFR, B0H254V7VB, B0H24ZJMP1, B0H24XVG6R, B0GSD7VD8Z, B0GSDNCQM3, B0H9WGKS7V, B0GSDJRMRF, B0H24XZRQZ, B0GHRP7K5R, B0H9WKCZ31, B0GK13P4K5, B0GHRH89CF, B0H9W834GD, B0H254QM8H, B0GSDTLWKB, B0GSDJNG2S, B0H1B2B728, B0H6J58NFB, B0H6QRYYDJ, B0GHRQT3ZY, B0H24YVZB5, B0H24YHL81, B0H6J96MHD, B0H24WYT5L, B0H323L41X, B0H1B54KWT, B0GSD7PLKF, B0GHR1VP4C, B0GHR1QW1B, B0GHR6BLS9, B0GSDGYKG1, B0GSDLSJTX, B0H6J8F3CR, B0H6J9VLRP, B0H24RF7BR, B0H6QP2MHZ, B0H6QHZ1XW, B0H6QM6BB1, B0H6QQSMKF, B0H6QRNTLM, B0H283WSZC, B0H6J55RML, B0GSDPTXVQ, B0H6QRT5W6, B0H6QPPGDN, B0H286LDZ4, B0GK16G3CV, B0H6JDNFNK, B0GSF4SGMY, B0H6QRMB48, B0GHR69XCM, B0H24ZZDCH, B0H6J9HZNN, B0GHR8ZJGN, B0H6QCRRR5, B0H6JBZ458, B0GSDBSNG5, B0GSDW469Q, B0H24ZBVWT, B0H6J7G22C, B0GK16R71J, B0H1BBVRFS, B0H1B64RNT, B0H321658C, B0H27W76W6, B0H24Y3FPV, B0H6QPD2F3, B0GHRHBPPB, B0H6JGLPKC, B0H6JD1111, B0GHRNT2QM, B0H1B2G2H3, B0H6JKGZSM, B0H6JBMGDB, B0GSDVWZBD, B0H25543CR, B0GHRSTSMX, B0H6QL4YZM, B0H2586NVL, B0H25DB5DB, B0H24X11XX, B0GSDXT1ZW, B0H6JF4N93, B0H6JHWLD5, B0H1B6L5T5, B0GSDWX6MP, B0H6QRHSPG, B0H9WTGX86, B0H32DWS6D, B0H24YVW6Y]",amzn1.campaign.2JH59L8R4WYYU,Vintage Washable NonSlip LowPile Runner Creator Promo-2026/07/28,Bavni,2026-07-30,2026-11-05,10.00%,5000.0,5000.0,31,800,false
"[B0GM6YGDTG, B0GM6SZGW8, B0GM6SBPP5, B0GM6KML77, B0GM728VJ4, B0GM6ZG6RS, B0GM6SY475]",amzn1.campaign.1R40ULPLTJ3HN,10% Commission for AllWeather Outback 2001-2025 Interior Makeovers,FaiFani,2026-07-31,2026-12-19,10.00%,5000.0,5000.0,5,800,false
[B0C4SRXGW9],amzn1.campaign.9VU3XY55OCQC,RV Slide Out Supports Supports up to 5000lbs Adjustable Height RV Stabilizers,KOHREE,2026-07-30,2026-12-31,10.00%,5000.0,4797.89,2,800,false
"[B0FWX6TP24, B0F3J5DMG9, B0FNWMCZRX, B0FNWPQRR9, B0FF9KG9N4, B0F3J7SPHD, B0FF9WKW2P, B0DPF6424Q, B0DPF5XL99, B0FNWP9S62, B0FNWPLX4B, B0DPF5LHLY, B0FW49KQFD, B0F3J6DG7Z, B0DPF63HVK, B0DPF5D84Q]",amzn1.campaign.U6WXU7B0GUK5,基督教和耶稣,Suvinor,2026-07-30,2027-07-30,10.00%,5000.0,5000.0,13,800,false
[B0FRLJKQFP],amzn1.campaign.16ORN1EIYC7XU,🧔🏻 The Target Audience: Your Followers' Followers,Argefkeen,2026-07-29,2026-12-21,10.00%,1000000.0,1000000.0,9,800,false
"[B0DPG9X98V, B0DHXB4WG8, B0D2W12RYZ]",amzn1.campaign.351M0FG7R02V8,Back-to-School Sale - Gear Up for New Semester with Pop Up Tent Alpha C4 Ultra,FanttikOutdoor,2026-07-30,2026-09-30,10.00%,100000.0,99748.0,0,800,false
"[B0H94QTGM3, B0H8J8N721, B0H9XWPMX3, B0H984HXDB, B0H987G9GG, B0H8BVHPTQ, B0H9831R84, B0H8C1RBQ9, B0H8BWV3VF, B0HB4GXV8J, B0H8XFV83M, B0H8BTWLG2, B0H8J8PB18, B0H9L1TNNC, B0H9H8GXD9, B0H8MYYMYL, B0H839HGQJ, B0H837RYMX, B0H9HBNHK8, B0H9HKLKNL, B0H8N9RL84, B0H8MYVZZM, B0H9HLNMBG, B0H8BVPFGY, B0H8XZL7WF, B0H98T5ZM8, B0H83QN78V, B0H8LLB8PK, B0H8BLB546, B0H8C864DY, B0H8LBBRVW, B0H83FJ2HN, B0H9YB13J3, B0H8LG5PC8, B0HB4Q1SCD, B0H9Y23QKV, B0H8BX4RNL, B0H94R3SL9, B0H8XZZHQF, B0H8LL7NKH, B0H8XZ6VGW, B0H985D2G2, B0H8J7X9QT, B0H94JN5JX, B0H839Y4H8, B0HB4D4ZPR, B0H9LBZXJ6, B0H9Y7GRTV, B0H8N4PKHD, B0HB46VF35, B0H9XX384K, B0H83BKVLG, B0H94DMZ9K, B0H9Y2QSWQ, B0H8MWGLS6, B0HB464PLB, B0H9XT81J4, B0H9HGJ5XL, B0H9LG8CP7, B0H8XRDS6V, B0HB4DCCXD, B0H98S55LP, B0H839C56R, B0H8MYR9RJ, B0H8N2W2ZT, B0H8J8FHH7, B0H94N1VGS, B0H8JKWSWQ, B0HB4BXH26, B0H97X1J75, B0H8LCB16X, B0H8L6LG4L, B0H8BY8QVW, B0H9HM53HY, B0H94FKSSQ, B0H8JKQ7BC, B0H98RXY7Z, B0H8MZV3MX, B0H986RQFV, B0H9LL2JFD, B0H8N4BRZ2, B0H8MZQBZQ, B0H83HCPPJ, B0H8LL7CJB, B0H8LL7CJC, B0H9HPJQTX, B0H8XMDLZD, B0H94L2JBQ, B0HB4F5FB8, B0H981NNKX, B0H8L8BHJW, B0H8JCWPH7, B0H8LGSDFZ, B0H83921CY, B0H8XQ19JJ, B0H835QH45, B0H8XVSY2D, B0H9LBCP8M, B0H8LFMDDS, B0HB43CZL1, B0H8MVWQ65, B0H8J7CT1R, B0H98KJN4L, B0H9L1GQSG, B0H83CD5H7, B0H835DTBT, B0H9HNP889, B0H9831Z2M, B0H8C88496, B0HB49W8SQ, B0H8XTR114, B0H98326HW, B0H9HQYSMS, B0H8JD1VRF, B0H8XSXD6N, B0H8C174LT, B0H8J7QS3G, B0H837Q98Q, B0H97PXR3N, B0H8L6LVVS, B0H989785L, B0H9H4HQ8J, B0H98TG6ZJ, B0H8J85B9X, B0HB4832DH, B0H8JCWS6D, B0H8N9PRQ5, B0H83BJRQ5, B0H988NMGF, B0H8N14VX7, B0HB4L27ZB, B0HB4857XK, B0H9L5PP5M, B0H8L2YPC8, B0H9XYHLNP, B0H8BZTZML, B0H8BV9PX2, B0H9Y33HTV, B0H97VZKKJ, B0H8MYLCC8, B0H9HJG6XB, B0H8BVQR3M, B0H83D8FG3, B0H8XTVMBJ, B0H8L5PHLC, B0H9XSZCZZ, B0HB4K4Z1V, B0H8N4GLL1, B0HB4419Z3, B0H8N4FGTQ, B0HB4322T1, B0H8L5KPZT, B0H9HDKZ9X, B0HB4D7QMW, B0H8JH3RCY, B0H97TG7PP, B0H83B1ZJ4, B0H9LDRTH6, B0H8C18726, B0H9HC2TW6, B0H94GZFF9, B0H8MYZYBP, B0H8BYD3NQ, B0H8XSPGSM, B0H9Y1JWJ6, B0HBJXNF3Z, B0H8Y2K3X4, B0H8J8513Z, B0HBJX5SXD, B0H839L676, B0H991TWF4, B0H9H43D24, B0H9L5F2M9, B0H8J8S9KF, B0HB4D8796, B0H839R41P, B0H8BH78DB, B0H8L8P42K, B0H8JD95VZ, B0H9H9Z863, B0H94PN3VB, B0H8XYKVG5, B0H8J98CB5, B0HB4FKMDF, B0H8XSQPXB, B0H8L64SYT, B0H8J8BF5J, B0H94KHMMS, B0H9HD1HX9, B0H79K2995, B0H9HGN5VW, B0H8NBW3HT, B0H8L6CMDG, B0H984G8JC, B0H9L96ZL5, B0H9H777WQ, B0HB4KP35Y, B0H835DZW5, B0H8XT284V, B0H8BHSCZM, B0H9HD1TPH, B0H9LBW29S, B0H97Z6H2V, B0H9Y7BV8C, B0H98BN3MK, B0H8BZSPS7, B0H9L9B2ZC, B0H8Y5TZCM, B0H8KYS1JS, B0HB48L6TW, B0H9851111, B0H8XV9F3S]",amzn1.campaign.3QYBM0I8VHTRC,30% Commission Refund,Ariovtfel,2026-09-25,2027-09-25,30.00%,5000.0,5000.0,9,800,false
[B0FRLJKQFP],amzn1.campaign.341E9NVMZCRPA,🪵 Father's Day / Birthday (Perpetual Gifting Machine),Argefkeen,2026-07-29,2026-12-20,10.00%,1000000.0,1000000.0,15,800,false
[B0FRLJKQFP],amzn1.campaign.3AMV9CELT7FTS,"🍂 Halloween / ""Spooky Sips"" Angle (Bonus Season!)",Argefkeen,2026-07-29,2026-12-19,10.00%,1000000.0,1000000.0,8,800,false
[B0H8D5DNKV],amzn1.campaign.K9KCZAI40U6H,Top Smart Glasses 10% Commission,Bapick,2026-07-30,2026-12-31,10.00%,100000.0,100000.0,0,800,false
"[B0GSFHT2VH, B0GSFVN3KN, B0H367JP17, B0H3K72G8R, B0H4FVRC5N, B0H4FCPJVH, B0GSFJL4ZB, B0H4FVNX3Y, B0H3L81MZ7, B0H337SKR8, B0GSFRM291, B0H4FFGZ1C, B0GSFVMW7H, B0H4FM73B8, B0H4FNBD1Z, B0H4FDX3WR, B0H36BGD6X, B0H3L19DLL, B0GSFP74D2]",amzn1.campaign.465IWOFA1K3D,ROFIEJOX Waterproof Adirondack Chair Cushion,ROFIEJOX,2026-07-30,2027-07-30,10.00%,5000.0,4926.18,4,800,false
"[B0GZZZ6Y87, B0GZZMGZN8, B0GZZN5GN1]",amzn1.campaign.3QCRTJJPBT5F7,Cream Highlighter Stick,exmiloo,2026-07-30,2026-09-30,10.00%,5000.0,4974.35,0,800,false
"[B0GY3XZM3F, B0F8N27HZZ, B0GY3ZFVX9, B0GY3DT775, B0F8MTMF12, B0H119Q6MW]",amzn1.campaign.2TDA9MBP92KZR,We are looking for Amazon influencers to promote GOLOTO pool accessories.,GOLOTO,2026-07-30,2027-07-30,10.00%,5000.0,4986.13,8,800,false
"[B0GJZZG4NZ, B0GK18N955, B0GJZYG2NC]",amzn1.campaign.61W256Q8CZBL,铁皮画,Suvinor,2026-07-30,2027-07-30,10.00%,5000.0,5000.0,10,800,false
"[B0H6J8BZPR, B0GWM24TGY, B0FCFKRTR3, B0FCFPPST2, B0F2YF4YC9, B0FJ89HF69, B0FS1QRVTR, B0GTZ92TN4, B0GWLZP4DZ, B0GTZ8SXQD, B0GWDQZ83F, B0GYH6JVS2, B0GV7DTJJ6, B0FCFHKRKW, B0FCFMGFVQ, B0DT56XJBF, B0DT56XFJX, B0DPW5D788, B0F215DLC5, B0DT56KKSK, B0GTZBK2QL, B0FCXP2Y1H, B0DT5QY8ND, B0F3VKYZBM, B0GTZ5771W, B0F3VJ5LMN, B0FJ24TBK9, B0GV7FGLJH, B0FCFLKKW7, B0DT57K7BM, B0DT5QTZPL, B0GWM22TX3, B0F1MJR9RK, B0GTZ9W15W, B0GWLZZ2C4, B0DT5P911K, B0DT56F2SZ, B0FCFMVZPF, B0GWLSQX7N, B0H6J3CC74, B0DLS68M3H, B0FCFJSQKC, B0DT56NMH9, B0DT56JX13, B0H6J7MLSG, B0DT57DVKW, B0DT56V9Z5, B0DT56PV2P, B0DT5TVJ3X, B0GTYZYS96, B0GWM2JNT7, B0GTZBXQ8Q, B0FCFKDDRR, B0FCFLDXV8, B0GTZ6VKQK, B0DZWW2ST2, B0GWLXSL6X, B0GTZ5B7PG, B0DT57Y6R7, B0H6JLQDDZ, B0GWDLQ7QZ, B0G3XJ4WQC, B0FCFHK9Y2, B0FBM8ZXYL, B0DT5XFK4F, B0GV7Q2HVL, B0DT5P8KRM, B0GWF1MZCW, B0FCFLN3D6, B0DT58GS47, B0GTZG1YLH, B0GWDHG86M, B0GTZGNB1S, B0GV7HM8XY, B0FCFMYZ3Y, B0GV7SWF4X, B0D3V538PL, B0FXDRM7CQ, B0FQ1JMHKK, B0GTZ5VJRB, B0DT56WLDQ, B0GTZJNBY7, B0GYGT77MW, B0GWLSNJDG, B0GWDQZ4WX, B0FCFMN1DD, B0DT561PNJ, B0DLK6RRXM, B0GWDNFRWW, B0GV7HVZ1G, B0GWLNNTD5, B0GV7MNQB5, B0FCFHL7RZ, B0DT5XBVXR, B0F214N3JH, B0H6J4X1FK, B0FCFLNGYZ, B0DT57KBL8, B0DPSPQYMD, B0DLK6SXS5, B0DZX3NHD1, B0DT57GTC3, B0GWLXNM99, B0F215M9M4, B0FCFLKH54, B0DXFB4FTY, B0FCFM7PCN, B0GTZB7BJB, B0GV7LS4XN, B0GV7FM1W7, B0GWLZWF85, B0GWM1X4G4]",amzn1.campaign.DGPTGS87FTCI,10% + Commission（字母系列）,DHQH,2026-07-30,2027-07-17,10.00%,5000.0,5000.0,27,800,false
[B096RC6K3W],amzn1.campaign.2I6FTOD52T21F,Wooden Jewelry Box with Mirror,Brokimis,2026-07-30,2027-07-30,10.00%,5000.0,5000.0,0,800,false
"[B0H6JHN12C, B0H6QR6FKV, B0H6JPG8Y7, B0H6J8JVQF, B0H6JBHNT6, B0H6JHMTBF, B0H326D4GJ, B0H284W3T9, B0H251BBWH, B0H6QDB4VX, B0H24WVD5F, B0H24WVD5G, B0H1B3QVF4, B0GHR3QLF7, B0H251VQ1T, B0H6JGZ6ND, B0H9WJTFLH, B0H32C9RDY, B0H9WJTFLM, B0H258JKGB, B0H24ZYPS6, B0H1B1QJVG, B0H6JD19PH, B0H6QMLL9X, B0H19XGYFN, B0H256D6PF, B0H6JD4SBL, B0H6JHYCFR, B0H254V7VB, B0H24ZJMP1, B0H24XVG6R, B0GSD7VD8Z, B0GSDNCQM3, B0H9WGKS7V, B0GSDJRMRF, B0H24XZRQZ, B0GHRP7K5R, B0H9WKCZ31, B0GK13P4K5, B0GHRH89CF, B0H9W834GD, B0H254QM8H, B0GSDTLWKB, B0GSDJNG2S, B0H1B2B728, B0H6J58NFB, B0H6QRYYDJ, B0GHRQT3ZY, B0H24YVZB5, B0H24YHL81, B0H6J96MHD, B0H24WYT5L, B0H323L41X, B0H1B54KWT, B0GSD7PLKF, B0GHR1VP4C, B0GHR1QW1B, B0GHR6BLS9, B0GSDGYKG1, B0GSDLSJTX, B0H6J8F3CR, B0H6J9VLRP, B0H24RF7BR, B0H6QP2MHZ, B0H6QHZ1XW, B0H6QM6BB1, B0H6QQSMKF, B0H6QRNTLM, B0H283WSZC, B0H6J55RML, B0GSDPTXVQ, B0H6QRT5W6, B0H6QPPGDN, B0H286LDZ4, B0GK16G3CV, B0H6JDNFNK, B0GSF4SGMY, B0H6QRMB48, B0GHR69XCM, B0H24ZZDCH, B0H6J9HZNN, B0GHR8ZJGN, B0H6QCRRR5, B0H6JBZ458, B0GSDBSNG5, B0GSDW469Q, B0H24ZBVWT, B0H6J7G22C, B0GK16R71J, B0H1BBVRFS, B0H1B64RNT, B0H321658C, B0H27W76W6, B0H24Y3FPV, B0H6QPD2F3, B0GHRHBPPB, B0H6JGLPKC, B0H6JD1111, B0GHRNT2QM, B0H1B2G2H3, B0H6JKGZSM, B0H6JBMGDB, B0GSDVWZBD, B0H25543CR, B0GHRSTSMX, B0H6QL4YZM, B0H2586NVL, B0H25DB5DB, B0H24X11XX, B0GSDXT1ZW, B0H6JF4N93, B0H6JHWLD5, B0H1B6L5T5, B0GSDWX6MP, B0H6QRHSPG, B0H9WTGX86, B0H32DWS6D, B0H24YVW6Y]",amzn1.campaign.2AKRDL0JL6K0S,Vintage Washable NonSlip LowPile Runner Creator Promo-2026/07/28,Bavni,2026-07-30,2026-11-04,10.00%,5000.0,5000.0,26,800,false
"[B0H6J8BZPR, B0GWM24TGY, B0FCFKRTR3, B0FCFPPST2, B0F2YF4YC9, B0FJ89HF69, B0FS1QRVTR, B0GTZ92TN4, B0GWLZP4DZ, B0GTZ8SXQD, B0GWDQZ83F, B0GYH6JVS2, B0GV7DTJJ6, B0FCFHKRKW, B0FCFMGFVQ, B0DT56XJBF, B0DT56XFJX, B0DPW5D788, B0F215DLC5, B0DT56KKSK, B0GTZBK2QL, B0FCXP2Y1H, B0DT5QY8ND, B0F3VKYZBM, B0GTZ5771W, B0F3VJ5LMN, B0FJ24TBK9, B0GV7FGLJH, B0FCFLKKW7, B0DT57K7BM, B0DT5QTZPL, B0GWM22TX3, B0F1MJR9RK, B0GTZ9W15W, B0GWLZZ2C4, B0DT5P911K, B0DT56F2SZ, B0FCFMVZPF, B0GWLSQX7N, B0H6J3CC74, B0DLS68M3H, B0FCFJSQKC, B0DT56NMH9, B0DT56JX13, B0H6J7MLSG, B0DT57DVKW, B0DT56V9Z5, B0DT56PV2P, B0DT5TVJ3X, B0GTYZYS96, B0GWM2JNT7, B0GTZBXQ8Q, B0FCFKDDRR, B0FCFLDXV8, B0GTZ6VKQK, B0DZWW2ST2, B0GWLXSL6X, B0GTZ5B7PG, B0DT57Y6R7, B0H6JLQDDZ, B0GWDLQ7QZ, B0G3XJ4WQC, B0FCFHK9Y2, B0FBM8ZXYL, B0DT5XFK4F, B0GV7Q2HVL, B0DT5P8KRM, B0GWF1MZCW, B0FCFLN3D6, B0DT58GS47, B0GTZG1YLH, B0GWDHG86M, B0GTZGNB1S, B0GV7HM8XY, B0FCFMYZ3Y, B0GV7SWF4X, B0D3V538PL, B0FXDRM7CQ, B0FQ1JMHKK, B0GTZ5VJRB, B0DT56WLDQ, B0GTZJNBY7, B0GYGT77MW, B0GWLSNJDG, B0GWDQZ4WX, B0FCFMN1DD, B0DT561PNJ, B0DLK6RRXM, B0GWDNFRWW, B0GV7HVZ1G, B0GWLNNTD5, B0GV7MNQB5, B0FCFHL7RZ, B0DT5XBVXR, B0F214N3JH, B0H6J4X1FK, B0FCFLNGYZ, B0DT57KBL8, B0DPSPQYMD, B0DLK6SXS5, B0DZX3NHD1, B0DT57GTC3, B0GWLXNM99, B0F215M9M4, B0FCFLKH54, B0DXFB4FTY, B0FCFM7PCN, B0GTZB7BJB, B0GV7LS4XN, B0GV7FM1W7, B0GWLZWF85, B0GWM1X4G4]",amzn1.campaign.4W4URV0CMCIL,10% + Commission（字母系列）,DHQH,2026-07-30,2027-07-18,10.00%,5000.0,5000.0,27,800,false
[B095F485CM],amzn1.campaign.21H7RXC7OQ7GO,Godinger Italian Glass Coffee Mugs — Everyday Elegant Coffee Rituals,Godinger,2026-07-30,2027-07-30,10.00%,100000.0,100000.0,0,800,false
"[B0H6J8BZPR, B0GWM24TGY, B0FCFKRTR3, B0FCFPPST2, B0F2YF4YC9, B0FJ89HF69, B0FS1QRVTR, B0GTZ92TN4, B0GWLZP4DZ, B0GTZ8SXQD, B0GWDQZ83F, B0GYH6JVS2, B0GV7DTJJ6, B0FCFHKRKW, B0FCFMGFVQ, B0DT56XJBF, B0DT56XFJX, B0DPW5D788, B0F215DLC5, B0DT56KKSK, B0GTZBK2QL, B0FCXP2Y1H, B0DT5QY8ND, B0F3VKYZBM, B0GTZ5771W, B0F3VJ5LMN, B0FJ24TBK9, B0GV7FGLJH, B0FCFLKKW7, B0DT57K7BM, B0DT5QTZPL, B0GWM22TX3, B0F1MJR9RK, B0GTZ9W15W, B0GWLZZ2C4, B0DT5P911K, B0DT56F2SZ, B0FCFMVZPF, B0GWLSQX7N, B0H6J3CC74, B0DLS68M3H, B0FCFJSQKC, B0DT56NMH9, B0DT56JX13, B0H6J7MLSG, B0DT57DVKW, B0DT56V9Z5, B0DT56PV2P, B0DT5TVJ3X, B0GTYZYS96, B0GWM2JNT7, B0GTZBXQ8Q, B0FCFKDDRR, B0FCFLDXV8, B0GTZ6VKQK, B0DZWW2ST2, B0GWLXSL6X, B0GTZ5B7PG, B0DT57Y6R7, B0H6JLQDDZ, B0GWDLQ7QZ, B0G3XJ4WQC, B0FCFHK9Y2, B0FBM8ZXYL, B0DT5XFK4F, B0GV7Q2HVL, B0DT5P8KRM, B0GWF1MZCW, B0FCFLN3D6, B0DT58GS47, B0GTZG1YLH, B0GWDHG86M, B0GTZGNB1S, B0GV7HM8XY, B0FCFMYZ3Y, B0GV7SWF4X, B0D3V538PL, B0FXDRM7CQ, B0FQ1JMHKK, B0GTZ5VJRB, B0DT56WLDQ, B0GTZJNBY7, B0GYGT77MW, B0GWLSNJDG, B0GWDQZ4WX, B0FCFMN1DD, B0DT561PNJ, B0DLK6RRXM, B0GWDNFRWW, B0GV7HVZ1G, B0GWLNNTD5, B0GV7MNQB5, B0FCFHL7RZ, B0DT5XBVXR, B0F214N3JH, B0H6J4X1FK, B0FCFLNGYZ, B0DT57KBL8, B0DPSPQYMD, B0DLK6SXS5, B0DZX3NHD1, B0DT57GTC3, B0GWLXNM99, B0F215M9M4, B0FCFLKH54, B0DXFB4FTY, B0FCFM7PCN, B0GTZB7BJB, B0GV7LS4XN, B0GV7FM1W7, B0GWLZWF85, B0GWM1X4G4]",amzn1.campaign.3E0CL7T20ADNR,10% + Commission（字母系列）,DHQH,2026-07-30,2027-07-19,10.00%,5000.0,5000.0,24,800,false
"[B0G2SLQZMX, B0G2SN4WV4, B0G2SNQGZ3, B0G2SH8CJQ, B0G2SN4WV5, B0G2SQZ5CF, B0G2S5MC2F, B0G2SN77RN, B0G2SL59YS, B0G2SP8XPT, B0G2SM48YQ, B0G2SPFWNY, B0G2SNH9BP, B0G2SMCS7W, B0G2SKVFNB, B0G2SSBZ26, B0G2SMMHQN, B0G2SNSD3G, B0G2SRJHYN, B0G2SQMN6R, B0G2SQ3D92]",amzn1.campaign.7677R089XO10,Men's Long Sleeve Safari Shirts,XYLPHTHONG,2026-07-30,2027-07-30,10.00%,100000.0,100000.0,12,800,false
"[B0GKMR92BJ, B0GKMGS6N8, B0GXN465KW]",amzn1.campaign.1OZKUPXBL6YFC,满月森林,Suvinor,2026-07-30,2027-07-30,10.00%,5000.0,5000.0,5,800,false
"[B0H6JHN12C, B0H6QR6FKV, B0H6JPG8Y7, B0H6J8JVQF, B0H6JBHNT6, B0H6JHMTBF, B0H326D4GJ, B0H284W3T9, B0H251BBWH, B0H6QDB4VX, B0H24WVD5F, B0H24WVD5G, B0H1B3QVF4, B0GHR3QLF7, B0H251VQ1T, B0H6JGZ6ND, B0H9WJTFLH, B0H32C9RDY, B0H9WJTFLM, B0H258JKGB, B0H24ZYPS6, B0H1B1QJVG, B0H6JD19PH, B0H6QMLL9X, B0H19XGYFN, B0H256D6PF, B0H6JD4SBL, B0H6JHYCFR, B0H254V7VB, B0H24ZJMP1, B0H24XVG6R, B0GSD7VD8Z, B0GSDNCQM3, B0H9WGKS7V, B0GSDJRMRF, B0H24XZRQZ, B0GHRP7K5R, B0H9WKCZ31, B0GK13P4K5, B0GHRH89CF, B0H9W834GD, B0H254QM8H, B0GSDTLWKB, B0GSDJNG2S, B0H1B2B728, B0H6J58NFB, B0H6QRYYDJ, B0GHRQT3ZY, B0H24YVZB5, B0H24YHL81, B0H6J96MHD, B0H24WYT5L, B0H323L41X, B0H1B54KWT, B0GSD7PLKF, B0GHR1VP4C, B0GHR1QW1B, B0GHR6BLS9, B0GSDGYKG1, B0GSDLSJTX, B0H6J8F3CR, B0H6J9VLRP, B0H24RF7BR, B0H6QP2MHZ, B0H6QHZ1XW, B0H6QM6BB1, B0H6QQSMKF, B0H6QRNTLM, B0H283WSZC, B0H6J55RML, B0GSDPTXVQ, B0H6QRT5W6, B0H6QPPGDN, B0H286LDZ4, B0GK16G3CV, B0H6JDNFNK, B0GSF4SGMY, B0H6QRMB48, B0GHR69XCM, B0H24ZZDCH, B0H6J9HZNN, B0GHR8ZJGN, B0H6QCRRR5, B0H6JBZ458, B0GSDBSNG5, B0GSDW469Q, B0H24ZBVWT, B0H6J7G22C, B0GK16R71J, B0H1BBVRFS, B0H1B64RNT, B0H321658C, B0H27W76W6, B0H24Y3FPV, B0H6QPD2F3, B0GHRHBPPB, B0H6JGLPKC, B0H6JD1111, B0GHRNT2QM, B0H1B2G2H3, B0H6JKGZSM, B0H6JBMGDB, B0GSDVWZBD, B0H25543CR, B0GHRSTSMX, B0H6QL4YZM, B0H2586NVL, B0H25DB5DB, B0H24X11XX, B0GSDXT1ZW, B0H6JF4N93, B0H6JHWLD5, B0H1B6L5T5, B0GSDWX6MP, B0H6QRHSPG, B0H9WTGX86, B0H32DWS6D, B0H24YVW6Y]",amzn1.campaign.3T49AMIP1HILQ,Vintage Washable NonSlip LowPile Runner Creator Promo-2026/07/28,Bavni,2026-07-30,2026-11-03,10.00%,5000.0,5000.0,34,800,false
"[B0DKFZZ4VQ, B0DKG15J3K, B0DKG1CS9F]",amzn1.campaign.1R44S4M5981TR,Fashion Oval Fake Glasses B13140-3,BOBUXLIIN,2026-07-30,2026-12-30,10.00%,5000.0,5000.0,30,800,false
[B0FRLJKQFP],amzn1.campaign.2JPXGK68ZUUZI,🎄 Valentine's Day / Galentine's (For the Ladies Shopping for Men),Argefkeen,2026-07-29,2026-12-18,10.00%,1000000.0,1000000.0,11,800,false
"[B0DKFZZ4VQ, B0DKG15J3K, B0DKG1CS9F]",amzn1.campaign.3G3GKQG37LSE6,Fashion Oval Fake Glasses B13140-3,BOBUXLIIN,2026-07-30,2026-12-31,10.00%,5000.0,5000.0,19,800,false
[B0FY6BB2G6],amzn1.campaign.2OZUDKCXXGLP,Magnesium Glycinate Gummies for Kids & Adults,Zynutrvion,2026-07-30,2026-10-31,10.00%,5000.0,4988.96,0,800,false
"[B0GM6PXWDD, B0GM64961W, B0GM6PGD62, B0GM6V5QT5]",amzn1.campaign.ZJNOOK4IFE7A,沿海,Suvinor,2026-07-30,2027-07-30,10.00%,5000.0,5000.0,18,800,false
[B0FQWT6PD8],amzn1.campaign.37BWRQ3444IT0,Aztec Death Whistle-O3,BOBUXLIIN,2026-07-30,2026-12-30,10.00%,5000.0,5000.0,32,800,false
[B0FQWT6PD8],amzn1.campaign.22KMQNOY28U2W,Aztec Death Whistle-O3,BOBUXLIIN,2026-07-30,2026-12-31,10.00%,5000.0,5000.0,24,800,false
"[B0H6JHN12C, B0H6QR6FKV, B0H6JPG8Y7, B0H6J8JVQF, B0H6JBHNT6, B0H6JHMTBF, B0H326D4GJ, B0H284W3T9, B0H251BBWH, B0H6QDB4VX, B0H24WVD5F, B0H24WVD5G, B0H1B3QVF4, B0GHR3QLF7, B0H251VQ1T, B0H6JGZ6ND, B0H9WJTFLH, B0H32C9RDY, B0H9WJTFLM, B0H258JKGB, B0H24ZYPS6, B0H1B1QJVG, B0H6JD19PH, B0H6QMLL9X, B0H19XGYFN, B0H256D6PF, B0H6JD4SBL, B0H6JHYCFR, B0H254V7VB, B0H24ZJMP1, B0H24XVG6R, B0GSD7VD8Z, B0GSDNCQM3, B0H9WGKS7V, B0GSDJRMRF, B0H24XZRQZ, B0GHRP7K5R, B0H9WKCZ31, B0GK13P4K5, B0GHRH89CF, B0H9W834GD, B0H254QM8H, B0GSDTLWKB, B0GSDJNG2S, B0H1B2B728, B0H6J58NFB, B0H6QRYYDJ, B0GHRQT3ZY, B0H24YVZB5, B0H24YHL81, B0H6J96MHD, B0H24WYT5L, B0H323L41X, B0H1B54KWT, B0GSD7PLKF, B0GHR1VP4C, B0GHR1QW1B, B0GHR6BLS9, B0GSDGYKG1, B0GSDLSJTX, B0H6J8F3CR, B0H6J9VLRP, B0H24RF7BR, B0H6QP2MHZ, B0H6QHZ1XW, B0H6QM6BB1, B0H6QQSMKF, B0H6QRNTLM, B0H283WSZC, B0H6J55RML, B0GSDPTXVQ, B0H6QRT5W6, B0H6QPPGDN, B0H286LDZ4, B0GK16G3CV, B0H6JDNFNK, B0GSF4SGMY, B0H6QRMB48, B0GHR69XCM, B0H24ZZDCH, B0H6J9HZNN, B0GHR8ZJGN, B0H6QCRRR5, B0H6JBZ458, B0GSDBSNG5, B0GSDW469Q, B0H24ZBVWT, B0H6J7G22C, B0GK16R71J, B0H1BBVRFS, B0H1B64RNT, B0H321658C, B0H27W76W6, B0H24Y3FPV, B0H6QPD2F3, B0GHRHBPPB, B0H6JGLPKC, B0H6JD1111, B0GHRNT2QM, B0H1B2G2H3, B0H6JKGZSM, B0H6JBMGDB, B0GSDVWZBD, B0H25543CR, B0GHRSTSMX, B0H6QL4YZM, B0H2586NVL, B0H25DB5DB, B0H24X11XX, B0GSDXT1ZW, B0H6JF4N93, B0H6JHWLD5, B0H1B6L5T5, B0GSDWX6MP, B0H6QRHSPG, B0H9WTGX86, B0H32DWS6D, B0H24YVW6Y]",amzn1.campaign.1HW2TXV9MQLGA,Vintage Washable NonSlip LowPile Runner Creator Promo-2026/07/28,Bavni,2026-07-30,2026-11-02,10.00%,5000.0,5000.0,30,800,false
"[B0FQVC9RX8, B0FQW3FLXH]",amzn1.campaign.KNI0O5H2DP9B,Aztec Death Whistle-Pumpkin-O,BOBUXLIIN,2026-07-30,2026-12-30,10.00%,5000.0,5000.0,37,800,false
[B0FRLJKQFP],amzn1.campaign.CCIF1YERBSVB,❄️ New Year's Eve Countdown Content,Argefkeen,2026-07-29,2026-12-17,10.00%,100000.0,100000.0,24,800,false
"[B0H4572S1P, B0H452S4VC, B0H45JJ6DY, B0H45HWW7Y, B0H459CDDY, B0H45HXS9H, B0H45M36XK, B0H458RCD9, B0H454TZ6S, B0H45PLFQ8]",amzn1.campaign.15LJOGO24R0X6,金框,Suvinor,2026-07-30,2027-07-30,10.00%,5000.0,5000.0,6,800,false
"[B0FQVC9RX8, B0FQW3FLXH]",amzn1.campaign.1I7MRK2RFWNNC,Aztec Death Whistle-Pumpkin-O,BOBUXLIIN,2026-07-30,2026-12-31,10.00%,5000.0,5000.0,24,800,false
"[B0H6JHN12C, B0H6QR6FKV, B0H6JPG8Y7, B0H6J8JVQF, B0H6JBHNT6, B0H6JHMTBF, B0H326D4GJ, B0H284W3T9, B0H251BBWH, B0H6QDB4VX, B0H24WVD5F, B0H24WVD5G, B0H1B3QVF4, B0GHR3QLF7, B0H251VQ1T, B0H6JGZ6ND, B0H9WJTFLH, B0H32C9RDY, B0H9WJTFLM, B0H258JKGB, B0H24ZYPS6, B0H1B1QJVG, B0H6JD19PH, B0H6QMLL9X, B0H19XGYFN, B0H256D6PF, B0H6JD4SBL, B0H6JHYCFR, B0H254V7VB, B0H24ZJMP1, B0H24XVG6R, B0GSD7VD8Z, B0GSDNCQM3, B0H9WGKS7V, B0GSDJRMRF, B0H24XZRQZ, B0GHRP7K5R, B0H9WKCZ31, B0GK13P4K5, B0GHRH89CF, B0H9W834GD, B0H254QM8H, B0GSDTLWKB, B0GSDJNG2S, B0H1B2B728, B0H6J58NFB, B0H6QRYYDJ, B0GHRQT3ZY, B0H24YVZB5, B0H24YHL81, B0H6J96MHD, B0H24WYT5L, B0H323L41X, B0H1B54KWT, B0GSD7PLKF, B0GHR1VP4C, B0GHR1QW1B, B0GHR6BLS9, B0GSDGYKG1, B0GSDLSJTX, B0H6J8F3CR, B0H6J9VLRP, B0H24RF7BR, B0H6QP2MHZ, B0H6QHZ1XW, B0H6QM6BB1, B0H6QQSMKF, B0H6QRNTLM, B0H283WSZC, B0H6J55RML, B0GSDPTXVQ, B0H6QRT5W6, B0H6QPPGDN, B0H286LDZ4, B0GK16G3CV, B0H6JDNFNK, B0GSF4SGMY, B0H6QRMB48, B0GHR69XCM, B0H24ZZDCH, B0H6J9HZNN, B0GHR8ZJGN, B0H6QCRRR5, B0H6JBZ458, B0GSDBSNG5, B0GSDW469Q, B0H24ZBVWT, B0H6J7G22C, B0GK16R71J, B0H1BBVRFS, B0H1B64RNT, B0H321658C, B0H27W76W6, B0H24Y3FPV, B0H6QPD2F3, B0GHRHBPPB, B0H6JGLPKC, B0H6JD1111, B0GHRNT2QM, B0H1B2G2H3, B0H6JKGZSM, B0H6JBMGDB, B0GSDVWZBD, B0H25543CR, B0GHRSTSMX, B0H6QL4YZM, B0H2586NVL, B0H25DB5DB, B0H24X11XX, B0GSDXT1ZW, B0H6JF4N93, B0H6JHWLD5, B0H1B6L5T5, B0GSDWX6MP, B0H6QRHSPG, B0H9WTGX86, B0H32DWS6D, B0H24YVW6Y]",amzn1.campaign.3FMTEZB77K0W,Vintage Washable NonSlip LowPile Runner Creator Promo-2026/07/28,Bavni,2026-07-30,2026-11-01,10.00%,5000.0,5000.0,34,800,false
"[B0GXH9X28R, B0GXHDDJ5H, B0GXH9N9DN, B0GXHNYTGQ, B0GXHBX16N, B0GXHSTGT2, B0GXH9NR61, B0GVF3TGXF, B0GXHCPCM9, B0GXHTCF6V, B0GXHR8HFV, B0GXHQYGPQ, B0GVFCC889, B0GXHNV5HL, B0GXHNY3J4, B0H6P1TT15, B0GXHJ254Z, B0GXHCTN39, B0GXHRBG46, B0GXHQBQP9, B0GXHP62L2, B0H6PB5L8L, B0GXHCWX19, B0GXHGKJNB, B0GXHP18ZN, B0GXHMX6N1, B0GXHFX51W, B0GXHHYM7G]",amzn1.campaign.3AY7JU7HK1NLT,Premium Canvas & Framed Art Showcase (Video Content Highly Preferred),LECYHCYHLE,2026-07-30,2026-12-31,10.00%,10000.0,10000.0,3,800,false
"[B0GJC94FXT, B0GJC32HGJ, B0GJBWWB8V, B0GJC7T52W]",amzn1.campaign.1SYVV1L19JMZH,Omugo LiFePO4 Powersports Battery – YTX20L/14/14AH/30L-BS | 15% Commission,OMUGO,2026-07-30,2026-09-29,15.00%,100000.0,99972.1,2,800,false
[B0FRLJKQFP],amzn1.campaign.2HTZDYATG0X4Z,"🎁 Christmas Morning Content: The ""Under the Tree"" Unboxing",Argefkeen,2026-07-29,2026-12-16,10.00%,1000000.0,1000000.0,11,800,false
"[B0GXHP18ZN, B0GXHHYM7G]",amzn1.campaign.GJGJ5FZ2Q5DJ,Premium Canvas & Framed Art Showcase (Video Content Highly Preferred),LECYHCYHLE,2026-07-30,2026-12-31,10.00%,10000.0,10000.0,17,800,false
[B0FRLJKQFP],amzn1.campaign.2420PXW4IUTOX,🦃 Thanksgiving / Black Friday / Cyber Monday Angle,Argefkeen,2026-07-29,2026-12-15,10.00%,1000000.0,1000000.0,8,800,false
[B0CWTTVMKT],amzn1.campaign.1V3A3J5IKG4QB,2PC Employees Only Beyond This Point Sign,FHEGI,2026-07-30,2027-07-30,15.00%,5000.0,4998.5,6,800,false
"[B0DN1FMPPV, B0DP46DP57, B0DN1FMPPP, B0DN1DHZ62]",amzn1.campaign.28HMT3EVAEPW4,浴室狗和兔子海报,Devatz,2026-07-30,2027-07-30,10.00%,5000.0,5000.0,10,800,false
"[B0H6JHN12C, B0H6QR6FKV, B0H6JPG8Y7, B0H6J8JVQF, B0H6JBHNT6, B0H6JHMTBF, B0H326D4GJ, B0H284W3T9, B0H251BBWH, B0H6QDB4VX, B0H24WVD5F, B0H24WVD5G, B0H1B3QVF4, B0GHR3QLF7, B0H251VQ1T, B0H6JGZ6ND, B0H9WJTFLH, B0H32C9RDY, B0H9WJTFLM, B0H258JKGB, B0H24ZYPS6, B0H1B1QJVG, B0H6JD19PH, B0H6QMLL9X, B0H19XGYFN, B0H256D6PF, B0H6JD4SBL, B0H6JHYCFR, B0H254V7VB, B0H24ZJMP1, B0H24XVG6R, B0GSD7VD8Z, B0GSDNCQM3, B0H9WGKS7V, B0GSDJRMRF, B0H24XZRQZ, B0GHRP7K5R, B0H9WKCZ31, B0GK13P4K5, B0GHRH89CF, B0H9W834GD, B0H254QM8H, B0GSDTLWKB, B0GSDJNG2S, B0H1B2B728, B0H6J58NFB, B0H6QRYYDJ, B0GHRQT3ZY, B0H24YVZB5, B0H24YHL81, B0H6J96MHD, B0H24WYT5L, B0H323L41X, B0H1B54KWT, B0GSD7PLKF, B0GHR1VP4C, B0GHR1QW1B, B0GHR6BLS9, B0GSDGYKG1, B0GSDLSJTX, B0H6J8F3CR, B0H6J9VLRP, B0H24RF7BR, B0H6QP2MHZ, B0H6QHZ1XW, B0H6QM6BB1, B0H6QQSMKF, B0H6QRNTLM, B0H283WSZC, B0H6J55RML, B0GSDPTXVQ, B0H6QRT5W6, B0H6QPPGDN, B0H286LDZ4, B0GK16G3CV, B0H6JDNFNK, B0GSF4SGMY, B0H6QRMB48, B0GHR69XCM, B0H24ZZDCH, B0H6J9HZNN, B0GHR8ZJGN, B0H6QCRRR5, B0H6JBZ458, B0GSDBSNG5, B0GSDW469Q, B0H24ZBVWT, B0H6J7G22C, B0GK16R71J, B0H1BBVRFS, B0H1B64RNT, B0H321658C, B0H27W76W6, B0H24Y3FPV, B0H6QPD2F3, B0GHRHBPPB, B0H6JGLPKC, B0H6JD1111, B0GHRNT2QM, B0H1B2G2H3, B0H6JKGZSM, B0H6JBMGDB, B0GSDVWZBD, B0H25543CR, B0GHRSTSMX, B0H6QL4YZM, B0H2586NVL, B0H25DB5DB, B0H24X11XX, B0GSDXT1ZW, B0H6JF4N93, B0H6JHWLD5, B0H1B6L5T5, B0GSDWX6MP, B0H6QRHSPG, B0H9WTGX86, B0H32DWS6D, B0H24YVW6Y]",amzn1.campaign.3K9896FOP2NWV,Vintage Washable NonSlip LowPile Runner Creator Promo-2026/07/28,Bavni,2026-07-30,2026-10-31,10.00%,5000.0,5000.0,35,800,false
"[B0GXHNV5HL, B0GXHJ254Z]",amzn1.campaign.IK7T27J846IO,Premium Canvas & Framed Art Showcase (Video Content Highly Preferred),LECYHCYHLE,2026-07-30,2026-12-31,10.00%,10000.0,9996.79,19,800,false
[B0H5HZR3S6],amzn1.campaign.2F5FIJ89HO13O,Boo Black Cat Ghost Halloween Placemats 🐱👻🎃 (10% Commission),ARGOOFG,2026-07-30,2027-07-30,10.00%,50000.0,49994.8,0,800,false
"[B0FMXNRZH5, B0FMY3PT1Y, B0FMXRLJ8M, B0FMXT7T6H, B0FMXLQS6S, B0FMXNF1VR]",amzn1.campaign.1K1ZFAWDDTH1E,Win-Win Collaboration:Promote GINGTTO 104g Mens Sweatshirt & Earn 15% Commission,GINGTTO,2026-07-30,2026-10-31,15.00%,5000.0,5000.0,11,800,false
"[B0H6JHN12C, B0H6QR6FKV, B0H6JPG8Y7, B0H6J8JVQF, B0H6JBHNT6, B0H6JHMTBF, B0H326D4GJ, B0H284W3T9, B0H251BBWH, B0H6QDB4VX, B0H24WVD5F, B0H24WVD5G, B0H1B3QVF4, B0GHR3QLF7, B0H251VQ1T, B0H6JGZ6ND, B0H9WJTFLH, B0H32C9RDY, B0H9WJTFLM, B0H258JKGB, B0H24ZYPS6, B0H1B1QJVG, B0H6JD19PH, B0H6QMLL9X, B0H19XGYFN, B0H256D6PF, B0H6JD4SBL, B0H6JHYCFR, B0H254V7VB, B0H24ZJMP1, B0H24XVG6R, B0GSD7VD8Z, B0GSDNCQM3, B0H9WGKS7V, B0GSDJRMRF, B0H24XZRQZ, B0GHRP7K5R, B0H9WKCZ31, B0GK13P4K5, B0GHRH89CF, B0H9W834GD, B0H254QM8H, B0GSDTLWKB, B0GSDJNG2S, B0H1B2B728, B0H6J58NFB, B0H6QRYYDJ, B0GHRQT3ZY, B0H24YVZB5, B0H24YHL81, B0H6J96MHD, B0H24WYT5L, B0H323L41X, B0H1B54KWT, B0GSD7PLKF, B0GHR1VP4C, B0GHR1QW1B, B0GHR6BLS9, B0GSDGYKG1, B0GSDLSJTX, B0H6J8F3CR, B0H6J9VLRP, B0H24RF7BR, B0H6QP2MHZ, B0H6QHZ1XW, B0H6QM6BB1, B0H6QQSMKF, B0H6QRNTLM, B0H283WSZC, B0H6J55RML, B0GSDPTXVQ, B0H6QRT5W6, B0H6QPPGDN, B0H286LDZ4, B0GK16G3CV, B0H6JDNFNK, B0GSF4SGMY, B0H6QRMB48, B0GHR69XCM, B0H24ZZDCH, B0H6J9HZNN, B0GHR8ZJGN, B0H6QCRRR5, B0H6JBZ458, B0GSDBSNG5, B0GSDW469Q, B0H24ZBVWT, B0H6J7G22C, B0GK16R71J, B0H1BBVRFS, B0H1B64RNT, B0H321658C, B0H27W76W6, B0H24Y3FPV, B0H6QPD2F3, B0GHRHBPPB, B0H6JGLPKC, B0H6JD1111, B0GHRNT2QM, B0H1B2G2H3, B0H6JKGZSM, B0H6JBMGDB, B0GSDVWZBD, B0H25543CR, B0GHRSTSMX, B0H6QL4YZM, B0H2586NVL, B0H25DB5DB, B0H24X11XX, B0GSDXT1ZW, B0H6JF4N93, B0H6JHWLD5, B0H1B6L5T5, B0GSDWX6MP, B0H6QRHSPG, B0H9WTGX86, B0H32DWS6D, B0H24YVW6Y]",amzn1.campaign.131ZGLF7A4HFV,Vintage Washable NonSlip LowPile Runner Creator Promo-2026/07/28,Bavni,2026-07-30,2026-10-30,10.00%,5000.0,5000.0,29,800,false
"[B0GXH9X28R, B0GXHRBG46]",amzn1.campaign.17QTZ77ARSFCP,Premium Canvas & Framed Art Showcase (Video Content Highly Preferred),LECYHCYHLE,2026-07-30,2026-12-31,10.00%,10000.0,10000.0,13,800,false
"[B0H7J3JXB3, B0H7J3NB4D, B0H7J1915Y, B0H7J6MKWF, B0H7J23Z31, B0H7JBVP93, B0H7HZ4MQY, B0H7J7MKP3, B0H7J9R9KL, B0H7JF8WLZ, B0H7HZYS9W, B0H7J1PDH3, B0H7J1C44G, B0H7J37J1G, B0H7JCRC1H, B0H7J6KZCK, B0H7HWMKM2, B0H7J629SS, B0H7J8X2YX, B0H7J52KT4, B0H7J6Y7V1, B0H7J1DMQV, B0H7HZYD6N, B0H7J5GGQG, B0H7J4YWV2, B0H7J4M1W4, B0H7JBS6QW, B0H7JCHNJ7, B0H7J5VSRX, B0H7J8RW4X, B0H7J87QL6, B0H7J758RD, B0H7J43PQT, B0H7J7DM9W, B0H7J4668S, B0H7HZN74G, B0H7J6LDKG, B0H7JFMFF9, B0H7J285TT, B0H7J6LSF7, B0H7HYHCKB, B0H7HXV8HQ, B0H7J8BX6T, B0H7J59Z6R, B0H7J5B25C, B0H7J2RTY5]",amzn1.campaign.SIS1YAEE6KI,ZY166 Pumpkin raglan sleeve shirt,Zylkor,2026-07-30,2026-11-01,10.00%,5000.0,4899.85,3,800,false
"[B0G6JMRBWP, B0DPF8R21N, B0DPF83GHB]",amzn1.campaign.2JA1F91YCSS8F,励志球,Devatz,2026-07-30,2027-07-30,10.00%,5000.0,5000.0,8,800,false
"[B0HBW7GNNP, B0HBWDRWTR, B0FMRPB3L7, B0HBW2F6Y3, B0HBW25CZB]",amzn1.campaign.COILPV8KTV3E,USA NEXTORCH  Exclusive,NEXTORCH,2026-07-30,2026-10-31,10.00%,5000.0,4840.4,2,800,false
"[B0H1G5GXYX, B0H1G7YQW5]",amzn1.campaign.2JNBJZAXZYKTC,🏈 Make Every Sip Ready for Game Day!,Joyline,2026-07-30,2026-10-29,15.00%,100000.0,99976.9,0,800,false
[B0DHXM1BNW],amzn1.campaign.3OR8HNIRD8F7G,Please Do Not Drive or Park on Grass Yard Sign,FHEGI,2026-07-30,2027-07-30,12.00%,50000.0,49996.16,9,800,false
"[B0DPF84ZC7, B0DPF8L77F, B0FWVWSW3B, B0FRMNCLMY, B0FRMN9NSH, B0DPF8C2FR, B0FF9TFD8T, B0FF9Q3TV1, B0DPF88542, B0FWVHSPY8]",amzn1.campaign.1A203BX422HKV,抽象,Devatz,2026-07-30,2027-07-30,10.00%,5000.0,5000.0,7,800,false
"[B0GXFQR355, B0FX4YS1CG, B0FX56Z5HW, B0FX57XFHT, B0FX52C42G, B0GXFM8F1G, B0FX4ZGV7B, B0FX56R9HD, B0GXFH5T7D, B0FX53LSQV, B0FX56ZW61, B0FX57S6QL, B0FX55GXZ6, B0FX54JD8T, B0FX4YQPT1, B0GXFBNZBX, B0FX528F25, B0FX55W6XP, B0FX555965, B0GXFYZJHY, B0FX53L94Z, B0FX52T3W9, B0FX55L8LV, B0FX5534V3, B0FX4YW5DV, B0FX52QFXL, B0FX55QHLY, B0FX54P7C3]",amzn1.campaign.Z5E2UVJVDFXP,"Ponytail Scrub Cap, $100K Annual Sales, High Commission-B0G8H2TBM3",Plifal,2026-07-30,2026-12-31,10.00%,5000.0,4819.9,12,800,false
"[B0FRMY5J9W, B0FRMWNSB1, B0FRMWHD1T, B0FRMRSTFX, B0DSKD8RSD, B0FRMSZLBK]",amzn1.campaign.1E9HILC432RYV,46186-8月第1周13%,juctshee,2026-07-30,2026-12-31,13.00%,100000.0,100000.0,0,800,false
"[B0H6J8BZPR, B0GWM24TGY, B0FCFKRTR3, B0FCFPPST2, B0F2YF4YC9, B0FJ89HF69, B0FS1QRVTR, B0GTZ92TN4, B0GWLZP4DZ, B0GTZ8SXQD, B0GWDQZ83F, B0GYH6JVS2, B0GV7DTJJ6, B0FCFHKRKW, B0FCFMGFVQ, B0DT56XJBF, B0DT56XFJX, B0DPW5D788, B0F215DLC5, B0DT56KKSK, B0GTZBK2QL, B0FCXP2Y1H, B0DT5QY8ND, B0F3VKYZBM, B0GTZ5771W, B0F3VJ5LMN, B0FJ24TBK9, B0GV7FGLJH, B0FCFLKKW7, B0DT57K7BM, B0DT5QTZPL, B0GWM22TX3, B0F1MJR9RK, B0GTZ9W15W, B0GWLZZ2C4, B0DT5P911K, B0DT56F2SZ, B0FCFMVZPF, B0GWLSQX7N, B0H6J3CC74, B0DLS68M3H, B0FCFJSQKC, B0DT56NMH9, B0DT56JX13, B0H6J7MLSG, B0DT57DVKW, B0DT56V9Z5, B0DT56PV2P, B0DT5TVJ3X, B0GTYZYS96, B0GWM2JNT7, B0GTZBXQ8Q, B0FCFKDDRR, B0FCFLDXV8, B0GTZ6VKQK, B0DZWW2ST2, B0GWLXSL6X, B0GTZ5B7PG, B0DT57Y6R7, B0H6JLQDDZ, B0GWDLQ7QZ, B0G3XJ4WQC, B0FCFHK9Y2, B0FBM8ZXYL, B0DT5XFK4F, B0GV7Q2HVL, B0DT5P8KRM, B0GWF1MZCW, B0FCFLN3D6, B0DT58GS47, B0GTZG1YLH, B0GWDHG86M, B0GTZGNB1S, B0GV7HM8XY, B0FCFMYZ3Y, B0GV7SWF4X, B0D3V538PL, B0FXDRM7CQ, B0FQ1JMHKK, B0GTZ5VJRB, B0DT56WLDQ, B0GTZJNBY7, B0GYGT77MW, B0GWLSNJDG, B0GWDQZ4WX, B0FCFMN1DD, B0DT561PNJ, B0DLK6RRXM, B0GWDNFRWW, B0GV7HVZ1G, B0GWLNNTD5, B0GV7MNQB5, B0FCFHL7RZ, B0DT5XBVXR, B0F214N3JH, B0H6J4X1FK, B0FCFLNGYZ, B0DT57KBL8, B0DPSPQYMD, B0DLK6SXS5, B0DZX3NHD1, B0DT57GTC3, B0GWLXNM99, B0F215M9M4, B0FCFLKH54, B0DXFB4FTY, B0FCFM7PCN, B0GTZB7BJB, B0GV7LS4XN, B0GV7FM1W7, B0GWLZWF85, B0GWM1X4G4]",amzn1.campaign.34HS87VYR9VK0,10% + Commission（字母系列）,DHQH,2026-07-30,2027-07-20,10.00%,5000.0,5000.0,26,800,false
"[B0GXHNY3J4, B0GXHCTN39]",amzn1.campaign.TEIWVPCT739R,Premium Canvas & Framed Art Showcase (Video Content Highly Preferred),LECYHCYHLE,2026-07-30,2026-12-31,10.00%,10000.0,10000.0,18,800,false
[B008GOZP8Y],amzn1.campaign.1N3FHCFDESACV,Godinger Bedside Night Carafe — Elegant Bedroom Essential & Thoughtful Home Gift,Godinger,2026-07-30,2027-07-30,10.00%,100000.0,100000.0,0,800,false
"[B0H6J8BZPR, B0GWM24TGY, B0FCFKRTR3, B0FCFPPST2, B0F2YF4YC9, B0FJ89HF69, B0FS1QRVTR, B0GTZ92TN4, B0GWLZP4DZ, B0GTZ8SXQD, B0GWDQZ83F, B0GYH6JVS2, B0GV7DTJJ6, B0FCFHKRKW, B0FCFMGFVQ, B0DT56XJBF, B0DT56XFJX, B0DPW5D788, B0F215DLC5, B0DT56KKSK, B0GTZBK2QL, B0FCXP2Y1H, B0DT5QY8ND, B0F3VKYZBM, B0GTZ5771W, B0F3VJ5LMN, B0FJ24TBK9, B0GV7FGLJH, B0FCFLKKW7, B0DT57K7BM, B0DT5QTZPL, B0GWM22TX3, B0F1MJR9RK, B0GTZ9W15W, B0GWLZZ2C4, B0DT5P911K, B0DT56F2SZ, B0FCFMVZPF, B0GWLSQX7N, B0H6J3CC74, B0DLS68M3H, B0FCFJSQKC, B0DT56NMH9, B0DT56JX13, B0H6J7MLSG, B0DT57DVKW, B0DT56V9Z5, B0DT56PV2P, B0DT5TVJ3X, B0GTYZYS96, B0GWM2JNT7, B0GTZBXQ8Q, B0FCFKDDRR, B0FCFLDXV8, B0GTZ6VKQK, B0DZWW2ST2, B0GWLXSL6X, B0GTZ5B7PG, B0DT57Y6R7, B0H6JLQDDZ, B0GWDLQ7QZ, B0G3XJ4WQC, B0FCFHK9Y2, B0FBM8ZXYL, B0DT5XFK4F, B0GV7Q2HVL, B0DT5P8KRM, B0GWF1MZCW, B0FCFLN3D6, B0DT58GS47, B0GTZG1YLH, B0GWDHG86M, B0GTZGNB1S, B0GV7HM8XY, B0FCFMYZ3Y, B0GV7SWF4X, B0D3V538PL, B0FXDRM7CQ, B0FQ1JMHKK, B0GTZ5VJRB, B0DT56WLDQ, B0GTZJNBY7, B0GYGT77MW, B0GWLSNJDG, B0GWDQZ4WX, B0FCFMN1DD, B0DT561PNJ, B0DLK6RRXM, B0GWDNFRWW, B0GV7HVZ1G, B0GWLNNTD5, B0GV7MNQB5, B0FCFHL7RZ, B0DT5XBVXR, B0F214N3JH, B0H6J4X1FK, B0FCFLNGYZ, B0DT57KBL8, B0DPSPQYMD, B0DLK6SXS5, B0DZX3NHD1, B0DT57GTC3, B0GWLXNM99, B0F215M9M4, B0FCFLKH54, B0DXFB4FTY, B0FCFM7PCN, B0GTZB7BJB, B0GV7LS4XN, B0GV7FM1W7, B0GWLZWF85, B0GWM1X4G4]",amzn1.campaign.1ZCHPV2A4HOW6,10% + Commission（字母系列）,DHQH,2026-07-30,2027-07-21,10.00%,5000.0,5000.0,27,800,false
"[B0H6J8BZPR, B0GWM24TGY, B0FCFKRTR3, B0FCFPPST2, B0F2YF4YC9, B0FJ89HF69, B0FS1QRVTR, B0GTZ92TN4, B0GWLZP4DZ, B0GTZ8SXQD, B0GWDQZ83F, B0GYH6JVS2, B0GV7DTJJ6, B0FCFHKRKW, B0FCFMGFVQ, B0DT56XJBF, B0DT56XFJX, B0DPW5D788, B0F215DLC5, B0DT56KKSK, B0GTZBK2QL, B0FCXP2Y1H, B0DT5QY8ND, B0F3VKYZBM, B0GTZ5771W, B0F3VJ5LMN, B0FJ24TBK9, B0GV7FGLJH, B0FCFLKKW7, B0DT57K7BM, B0DT5QTZPL, B0GWM22TX3, B0F1MJR9RK, B0GTZ9W15W, B0GWLZZ2C4, B0DT5P911K, B0DT56F2SZ, B0FCFMVZPF, B0GWLSQX7N, B0H6J3CC74, B0DLS68M3H, B0FCFJSQKC, B0DT56NMH9, B0DT56JX13, B0H6J7MLSG, B0DT57DVKW, B0DT56V9Z5, B0DT56PV2P, B0DT5TVJ3X, B0GTYZYS96, B0GWM2JNT7, B0GTZBXQ8Q, B0FCFKDDRR, B0FCFLDXV8, B0GTZ6VKQK, B0DZWW2ST2, B0GWLXSL6X, B0GTZ5B7PG, B0DT57Y6R7, B0H6JLQDDZ, B0GWDLQ7QZ, B0G3XJ4WQC, B0FCFHK9Y2, B0FBM8ZXYL, B0DT5XFK4F, B0GV7Q2HVL, B0DT5P8KRM, B0GWF1MZCW, B0FCFLN3D6, B0DT58GS47, B0GTZG1YLH, B0GWDHG86M, B0GTZGNB1S, B0GV7HM8XY, B0FCFMYZ3Y, B0GV7SWF4X, B0D3V538PL, B0FXDRM7CQ, B0FQ1JMHKK, B0GTZ5VJRB, B0DT56WLDQ, B0GTZJNBY7, B0GYGT77MW, B0GWLSNJDG, B0GWDQZ4WX, B0FCFMN1DD, B0DT561PNJ, B0DLK6RRXM, B0GWDNFRWW, B0GV7HVZ1G, B0GWLNNTD5, B0GV7MNQB5, B0FCFHL7RZ, B0DT5XBVXR, B0F214N3JH, B0H6J4X1FK, B0FCFLNGYZ, B0DT57KBL8, B0DPSPQYMD, B0DLK6SXS5, B0DZX3NHD1, B0DT57GTC3, B0GWLXNM99, B0F215M9M4, B0FCFLKH54, B0DXFB4FTY, B0FCFM7PCN, B0GTZB7BJB, B0GV7LS4XN, B0GV7FM1W7, B0GWLZWF85, B0GWM1X4G4]",amzn1.campaign.3EBNEYL1NWBFT,10% + Commission（字母系列）,DHQH,2026-07-30,2027-07-22,10.00%,5000.0,5000.0,27,800,false
"[B0H5HT27C6, B0H5HLW89V, B0H5HW69D4]",amzn1.campaign.3M7YV79BJLUKN,Boo Ghost Pumpkin Halloween Table Runner 👻🎃 (10% Commission),ARGOOFG,2026-07-30,2027-07-30,10.00%,50000.0,50000.0,0,800,false
"[B0H6J8BZPR, B0GWM24TGY, B0FCFKRTR3, B0FCFPPST2, B0F2YF4YC9, B0FJ89HF69, B0FS1QRVTR, B0GTZ92TN4, B0GWLZP4DZ, B0GTZ8SXQD, B0GWDQZ83F, B0GYH6JVS2, B0GV7DTJJ6, B0FCFHKRKW, B0FCFMGFVQ, B0DT56XJBF, B0DT56XFJX, B0DPW5D788, B0F215DLC5, B0DT56KKSK, B0GTZBK2QL, B0FCXP2Y1H, B0DT5QY8ND, B0F3VKYZBM, B0GTZ5771W, B0F3VJ5LMN, B0FJ24TBK9, B0GV7FGLJH, B0FCFLKKW7, B0DT57K7BM, B0DT5QTZPL, B0GWM22TX3, B0F1MJR9RK, B0GTZ9W15W, B0GWLZZ2C4, B0DT5P911K, B0DT56F2SZ, B0FCFMVZPF, B0GWLSQX7N, B0H6J3CC74, B0DLS68M3H, B0FCFJSQKC, B0DT56NMH9, B0DT56JX13, B0H6J7MLSG, B0DT57DVKW, B0DT56V9Z5, B0DT56PV2P, B0DT5TVJ3X, B0GTYZYS96, B0GWM2JNT7, B0GTZBXQ8Q, B0FCFKDDRR, B0FCFLDXV8, B0GTZ6VKQK, B0DZWW2ST2, B0GWLXSL6X, B0GTZ5B7PG, B0DT57Y6R7, B0H6JLQDDZ, B0GWDLQ7QZ, B0G3XJ4WQC, B0FCFHK9Y2, B0FBM8ZXYL, B0DT5XFK4F, B0GV7Q2HVL, B0DT5P8KRM, B0GWF1MZCW, B0FCFLN3D6, B0DT58GS47, B0GTZG1YLH, B0GWDHG86M, B0GTZGNB1S, B0GV7HM8XY, B0FCFMYZ3Y, B0GV7SWF4X, B0D3V538PL, B0FXDRM7CQ, B0FQ1JMHKK, B0GTZ5VJRB, B0DT56WLDQ, B0GTZJNBY7, B0GYGT77MW, B0GWLSNJDG, B0GWDQZ4WX, B0FCFMN1DD, B0DT561PNJ, B0DLK6RRXM, B0GWDNFRWW, B0GV7HVZ1G, B0GWLNNTD5, B0GV7MNQB5, B0FCFHL7RZ, B0DT5XBVXR, B0F214N3JH, B0H6J4X1FK, B0FCFLNGYZ, B0DT57KBL8, B0DPSPQYMD, B0DLK6SXS5, B0DZX3NHD1, B0DT57GTC3, B0GWLXNM99, B0F215M9M4, B0FCFLKH54, B0DXFB4FTY, B0FCFM7PCN, B0GTZB7BJB, B0GV7LS4XN, B0GV7FM1W7, B0GWLZWF85, B0GWM1X4G4]",amzn1.campaign.3W2G7AKAPXZKH,10% + Commission（字母系列）,DHQH,2026-07-30,2027-07-23,10.00%,5000.0,5000.0,32,800,false
"[B0GVJFGK6K, B0GDXCFLGJ, B0DG1ZCXMX, B0DT5YDGWP, B0GDXLMFJB, B0DT69PQ21, B0FPQMNFV6, B0GVJLHVPY, B0GDXM7PXP, B0GDXV43FL, B0GDX47P9L, B0GDXQFTN1, B0DG1RQ1CR, B0GVJDCDD1, B0DG1P17FL, B0DT5XZHBX, B0DT5Z7HWG, B0DG1TL5GZ, B0GDXX92S2, B0GVJHSYKV, B0GDXKZCK8, B0DG1SFHR9, B0GVJKVFGV, B0GVJ878PK, B0GDXHMSR8, B0DG1J98YJ, B0GDXNM74F, B0FPC7K6LW, B0DT6G4J9T, B0GVJ8QPK7, B0FNM4H9NW, B0DG1P17FR, B0DG1WVV74, B0GS9FCDK4, B0GVJH4J93, B0DT5YLG82, B0DT5Y6VGD, B0FNMYJ6M9, B0DG1VRD3J, B0FNN2VVXJ, B0DG1R4BG9, B0GDXR2C1X, B0DG254WGM, B0DG1MJ8BQ, B0GDXTKWX3, B0GDXTKWWR, B0DG1VW6TQ, B0DT5YG3LR, B0DT5Z765P, B0GDXQCS14, B0FPC542QS, B0GDXGSMFF, B0GDXX7CLK, B0GVJRNGDW, B0GVJM2XXJ, B0DT5XWZQT, B0GS96GH8L, B0GVJLJWFX, B0DG1JW9VH, B0DT68FW8H, B0FNM4JBQ6, B0GDXMVNNH, B0DG1GS8YT, B0DG1WXNPF, B0DT6FSBLT, B0DT6FLCKM, B0GDXL7LJJ, B0DG1RZF7X, B0GVJC2853, B0GVJK9WYR, B0DG1RQC8P, B0GDXKW6LN, B0DG1KVM4L, B0DG1Y2MQZ, B0DT6D5ZWM, B0GVJLH2G7, B0DT5Y3F62, B0DT5Y5YMW]",amzn1.campaign.VXZQK3P4UKNM,Boho Washable NonSlip LowPile Rug Creator Promo-2026/07/28,Bavni,2026-07-30,2026-11-06,10.00%,5000.0,5000.0,19,800,false
"[B0GXHQYGPQ, B0GXHTCF6V]",amzn1.campaign.2KGSCVAO0AW71,Premium Canvas & Framed Art Showcase (Video Content Highly Preferred),LECYHCYHLE,2026-07-30,2026-12-31,10.00%,10000.0,10000.0,17,800,false
"[B0DPF95Q96, B0DPF841LY, B0DPF8C2ST, B0DPF8RF4T, B0DPF86PNM]",amzn1.campaign.3KIV96IXULKMA,励志和日月,Devatz,2026-07-30,2027-07-30,10.00%,5000.0,5000.0,10,800,false
"[B0GM6VKG82, B0GM6X7R82, B0GM72HGWJ, B0GM6JVB9Q, B0GM6R486F, B0GM72GS9Z, B0GM6WGYY9, B0GM6KWG6V]",amzn1.campaign.2BZUGCLGOQJV9,10% Commission on Airbag Compatible Forester 2002-2025 Seat Protection Content,FaiFani,2026-07-31,2027-02-01,10.00%,5000.0,4989.3,6,800,false
"[B0H36S895H, B0H36WNQSK]",amzn1.campaign.2T7PY1Y9Q4M8Q,Wall-climbing lizard toy,Rakay,2026-07-30,2027-01-31,10.00%,5000.0,5000.0,7,800,false
"[B0FRMW86L8, B0FRMDC234, B0FRMLDGP2, B0FRMQBT2Z, B0FRMLDGP4, B0F1CS5TW9, B0FRMRHV4X, B0FRMSWFN9]",amzn1.campaign.3CQHVQMTUBVQS,CT50030-8月第1周13%,juctshee,2026-07-30,2026-12-31,13.00%,100000.0,100000.0,4,800,false
"[B0GVJFGK6K, B0GDXCFLGJ, B0DG1ZCXMX, B0DT5YDGWP, B0GDXLMFJB, B0DT69PQ21, B0FPQMNFV6, B0GVJLHVPY, B0GDXM7PXP, B0GDXV43FL, B0GDX47P9L, B0GDXQFTN1, B0DG1RQ1CR, B0GVJDCDD1, B0DG1P17FL, B0DT5XZHBX, B0DT5Z7HWG, B0DG1TL5GZ, B0GDXX92S2, B0GVJHSYKV, B0GDXKZCK8, B0DG1SFHR9, B0GVJKVFGV, B0GVJ878PK, B0GDXHMSR8, B0DG1J98YJ, B0GDXNM74F, B0FPC7K6LW, B0DT6G4J9T, B0GVJ8QPK7, B0FNM4H9NW, B0DG1P17FR, B0DG1WVV74, B0GS9FCDK4, B0GVJH4J93, B0DT5YLG82, B0DT5Y6VGD, B0FNMYJ6M9, B0DG1VRD3J, B0FNN2VVXJ, B0DG1R4BG9, B0GDXR2C1X, B0DG254WGM, B0DG1MJ8BQ, B0GDXTKWX3, B0GDXTKWWR, B0DG1VW6TQ, B0DT5YG3LR, B0DT5Z765P, B0GDXQCS14, B0FPC542QS, B0GDXGSMFF, B0GDXX7CLK, B0GVJRNGDW, B0GVJM2XXJ, B0DT5XWZQT, B0GS96GH8L, B0GVJLJWFX, B0DG1JW9VH, B0DT68FW8H, B0FNM4JBQ6, B0GDXMVNNH, B0DG1GS8YT, B0DG1WXNPF, B0DT6FSBLT, B0DT6FLCKM, B0GDXL7LJJ, B0DG1RZF7X, B0GVJC2853, B0GVJK9WYR, B0DG1RQC8P, B0GDXKW6LN, B0DG1KVM4L, B0DG1Y2MQZ, B0DT6D5ZWM, B0GVJLH2G7, B0DT5Y3F62, B0DT5Y5YMW]",amzn1.campaign.3EAO9NZEWW4AM,Boho Washable NonSlip LowPile Rug Creator Promo-2026/07/28,Bavni,2026-07-30,2026-11-05,10.00%,5000.0,5000.0,19,800,false
"[B0FRGGWQ7B, B0B5Z3JZL4, B0B5YWYBKW]",amzn1.campaign.X17YT98T38XX,Brokimis Mini UV Lamp for Gel Nails,Brokimis,2026-07-30,2027-07-30,10.00%,5000.0,5000.0,0,800,false
"[B0CRZ6XKC8, B0D3KW9VJL]",amzn1.campaign.16S2YKKMMPPLM,Pack No Trespassing Signs,FHEGI,2026-07-30,2027-07-30,15.00%,5000.0,4949.51,2,800,false
[B077Y2SJML],amzn1.campaign.954FDHWM5RFH,Whiskey Globe Decanter Set — Premium Home Bar Style & Gift-Ready Moments for Him,Godinger,2026-07-30,2027-07-30,10.00%,100000.0,100000.0,0,800,false
"[B0BW81JDRP, B0BKFNXFNM, B0BW8285S1, B0BKFB362M, B0BKJWNT7J, B0C7C5DGMW, B0BKFMRVK9, B0BKFJDWSJ, B0BKFYGYD9, B0BKKNHX3K, B0BKFQWRQZ, B0BKFHY4WL, B0CG5RW2F6, B0BKFV2XKW, B0C7C6KMBW, B0BKDTBLDM, B0BKKFFYK2, B0BKFTN3LF, B0BKKG1P1X, B0BKFVCS6M, B0BKFZCLZ8, B0BKFRMGST, B0BKDXCMF8, B0C7C65RT4, B0C7C5J7ZB, B0BKK4K7YP, B0CG5RMZLQ, B0DCVC2PDD, B0BKFNWRMX, B0BKDTF45D, B0BKFXMSH7, B0BKFKFL6G, B0BW81ZZYT, B0C7C5BSTT, B0BKFHQT1Y, B0C7C53HZB, B0CG5R8WVW, B0BKFC6YR1, B0DCTDKH64, B0DCVC78QN, B0BKF7L4K6, B0BKK564W5, B0BKG1LRPB, B0BKFLYKQL, B0BKFS28SC, B0BW83KMYC, B0BKFYPSMX]",amzn1.campaign.2MXFHAFCRRXY8,Win-Win Collaboration:Promote GINGTTO 66g Mens Sweatsuit Set&Earn 15% Commission,GINGTTO,2026-07-30,2026-10-31,15.00%,5000.0,5000.0,15,800,false
"[B0GXHP62L2, B0GXHFX51W]",amzn1.campaign.1M6APLKIX2XC,Premium Canvas & Framed Art Showcase (Video Content Highly Preferred),LECYHCYHLE,2026-07-30,2026-12-31,10.00%,10000.0,10000.0,15,800,false
"[B0G4LL81FF, B0DPF8N8NM, B0DPF9462B, B0G4VZDVKH]",amzn1.campaign.2I3P3D8T6OTIN,蝴蝶结和厨房,Devatz,2026-07-30,2027-07-30,10.00%,5000.0,5000.0,14,800,false
"[B0G133FDKT, B0G13G1GY2, B0G13FZQT2, B0G134DHH3, B0G133JZ8T, B0G12Z26TC, B0G131G5R3, B0H3KJ78J7]",amzn1.campaign.18UP7TQOL5J8T,CT40202A-8月月第1周-13%,juctshee,2026-07-30,2026-12-31,13.00%,100000.0,100000.0,0,800,false
[B0FRLJKQFP],amzn1.campaign.3DB2NTNUMZTC2,Why This is the Easiest Holiday Content You'll Make,Argefkeen,2026-07-29,2026-12-30,10.00%,1000000.0,1000000.0,16,800,false
"[B0GVJFGK6K, B0GDXCFLGJ, B0DG1ZCXMX, B0DT5YDGWP, B0GDXLMFJB, B0DT69PQ21, B0FPQMNFV6, B0GVJLHVPY, B0GDXM7PXP, B0GDXV43FL, B0GDX47P9L, B0GDXQFTN1, B0DG1RQ1CR, B0GVJDCDD1, B0DG1P17FL, B0DT5XZHBX, B0DT5Z7HWG, B0DG1TL5GZ, B0GDXX92S2, B0GVJHSYKV, B0GDXKZCK8, B0DG1SFHR9, B0GVJKVFGV, B0GVJ878PK, B0GDXHMSR8, B0DG1J98YJ, B0GDXNM74F, B0FPC7K6LW, B0DT6G4J9T, B0GVJ8QPK7, B0FNM4H9NW, B0DG1P17FR, B0DG1WVV74, B0GS9FCDK4, B0GVJH4J93, B0DT5YLG82, B0DT5Y6VGD, B0FNMYJ6M9, B0DG1VRD3J, B0FNN2VVXJ, B0DG1R4BG9, B0GDXR2C1X, B0DG254WGM, B0DG1MJ8BQ, B0GDXTKWX3, B0GDXTKWWR, B0DG1VW6TQ, B0DT5YG3LR, B0DT5Z765P, B0GDXQCS14, B0FPC542QS, B0GDXGSMFF, B0GDXX7CLK, B0GVJRNGDW, B0GVJM2XXJ, B0DT5XWZQT, B0GS96GH8L, B0GVJLJWFX, B0DG1JW9VH, B0DT68FW8H, B0FNM4JBQ6, B0GDXMVNNH, B0DG1GS8YT, B0DG1WXNPF, B0DT6FSBLT, B0DT6FLCKM, B0GDXL7LJJ, B0DG1RZF7X, B0GVJC2853, B0GVJK9WYR, B0DG1RQC8P, B0GDXKW6LN, B0DG1KVM4L, B0DG1Y2MQZ, B0DT6D5ZWM, B0GVJLH2G7, B0DT5Y3F62, B0DT5Y5YMW]",amzn1.campaign.12SS5XSPJBJO1,Boho Washable NonSlip LowPile Rug Creator Promo-2026/07/28,Bavni,2026-07-30,2026-11-04,10.00%,5000.0,5000.0,19,800,false
"[B0GXHCWX19, B0GXHSTGT2]",amzn1.campaign.N6MVMFESR8BF,Premium Canvas & Framed Art Showcase (Video Content Highly Preferred),LECYHCYHLE,2026-07-30,2026-12-31,10.00%,10000.0,10000.0,20,800,false
"[B09Z6THKV5, B0FRGGWQ7B, B0B5Z3JZL4, B0G8GD2K6V, B0B5YWYBKW, B096LQSXJM]",amzn1.campaign.QWJISM65XWXL,Brokimis Brand Store Nail Lamp,Brokimis,2026-07-30,2026-12-31,10.00%,5000.0,4994.6,3,800,false
"[B0FVFH1RTB, B0GVMS5275, B0GVMTY892, B0GVMVQ2G6, B0FVFLMYDK, B0GTM5DZQN, B0FVFLBMLG, B0GVN68MQQ, B0GTLYBK56, B0FVFLNL51, B0GVN415BK, B0GVMS8HWT, B0FVFH75MP, B0FVFJZLTM, B0GVN162N4, B0FVFD34HX, B0GVMZTVR1, B0FVFD1BKK, B0FVFKYW7G, B0FVFGYW8H, B0FHPQF1FX]",amzn1.campaign.3L2QR43GIPGGS,Influencer Product Promotion Campaign,RUURUU,2026-07-30,2027-07-30,10.00%,5000.0,4974.26,4,800,false
"[B0GXH9N9DN, B0GXHBX16N]",amzn1.campaign.1UJUOLNMCYCZO,Premium Canvas & Framed Art Showcase (Video Content Highly Preferred),LECYHCYHLE,2026-07-30,2026-12-31,10.00%,10000.0,10000.0,16,800,false
"[B0F3XRJDQX, B0F3XT4LPT, B0F3XS4NLY, B0F3XT8JL7, B0F3XTDHKB]",amzn1.campaign.3786FBOI03MNB,10% OFF FOR Garden Scissors,Hygrohub,2026-07-30,2026-12-31,10.00%,5000.0,4949.7,0,800,false
"[B0H2H7CCYD, B0H2H894FR, B0H499X116, B0H4978TFV, B0H2H4M4G7, B0H2H5VL4Q, B0H2H86SFV, B0G4LNQRK2, B0H2HGQZ3D, B0H2H68RTQ, B0H2HC8PYG]",amzn1.campaign.65QHPOZWYZX,带框,Devatz,2026-07-30,2027-07-30,10.00%,5000.0,5000.0,11,800,false
"[B0GVJFGK6K, B0GDXCFLGJ, B0DG1ZCXMX, B0DT5YDGWP, B0GDXLMFJB, B0DT69PQ21, B0FPQMNFV6, B0GVJLHVPY, B0GDXM7PXP, B0GDXV43FL, B0GDX47P9L, B0GDXQFTN1, B0DG1RQ1CR, B0GVJDCDD1, B0DG1P17FL, B0DT5XZHBX, B0DT5Z7HWG, B0DG1TL5GZ, B0GDXX92S2, B0GVJHSYKV, B0GDXKZCK8, B0DG1SFHR9, B0GVJKVFGV, B0GVJ878PK, B0GDXHMSR8, B0DG1J98YJ, B0GDXNM74F, B0FPC7K6LW, B0DT6G4J9T, B0GVJ8QPK7, B0FNM4H9NW, B0DG1P17FR, B0DG1WVV74, B0GS9FCDK4, B0GVJH4J93, B0DT5YLG82, B0DT5Y6VGD, B0FNMYJ6M9, B0DG1VRD3J, B0FNN2VVXJ, B0DG1R4BG9, B0GDXR2C1X, B0DG254WGM, B0DG1MJ8BQ, B0GDXTKWX3, B0GDXTKWWR, B0DG1VW6TQ, B0DT5YG3LR, B0DT5Z765P, B0GDXQCS14, B0FPC542QS, B0GDXGSMFF, B0GDXX7CLK, B0GVJRNGDW, B0GVJM2XXJ, B0DT5XWZQT, B0GS96GH8L, B0GVJLJWFX, B0DG1JW9VH, B0DT68FW8H, B0FNM4JBQ6, B0GDXMVNNH, B0DG1GS8YT, B0DG1WXNPF, B0DT6FSBLT, B0DT6FLCKM, B0GDXL7LJJ, B0DG1RZF7X, B0GVJC2853, B0GVJK9WYR, B0DG1RQC8P, B0GDXKW6LN, B0DG1KVM4L, B0DG1Y2MQZ, B0DT6D5ZWM, B0GVJLH2G7, B0DT5Y3F62, B0DT5Y5YMW]",amzn1.campaign.3CNLAK27FD824,Boho Washable NonSlip LowPile Rug Creator Promo-2026/07/28,Bavni,2026-07-30,2026-11-03,10.00%,5000.0,5000.0,23,800,false
"[B0F3WVYKPR, B0BQJFDVT2, B0BQJBLMVS, B0F3WVN9Z5, B0F2T2FLG3, B0CNVGCGQ2, B0C5RFDMDQ, B0CNVFKV4Y, B0CQ26BSZN, B0C6LW9KBL, B0F3WTTS5F, B0C65Q42SQ, B0C5RDDHVT, B0BQJBM3TD, B0C5RDPR5T, B0C5RDS7PL, B0C65PL87P, B0BQJ9NJ7H, B0G25YVVQC, B0CNVG8HR6, B0BQJFC55S, B0D572WR2B, B0D571N4GN, B0G25XPTNB, B0C5RBV97C, B0GSW5MKWN, B0C5RDB3J1, B0C9CSMSFY, B0GSW67JRN, B0F3WTBDFS, B0BQJGJZBG, B0CJ9CH461, B0C5R7Q5SK, B0DGQ4F5B1, B0CJ9CFC9J, B0BQJCMB3F, B0C6LV65H2]",amzn1.campaign.3NO4XJ72NEHI1,Promoting our upgraded modern outdoor wall lamp with creators!,SJIGUANGZ,2026-07-30,2026-09-30,10.00%,10000.0,9942.41,0,800,false
"[B0G2PWX1LT, B0G2PZ7HTD, B0G2Q9XTND, B0FXM6W8K9, B0FXM493NX, B0FXM337FG, B0G2Q4TCLG, B0G2PN7JG6, B0G2PZW9SN]",amzn1.campaign.2LHJE5MOBDCR9,Checkered Fleece Sweatshirt| 10%-2,CUBRIDGE,2026-07-30,2026-10-31,10.00%,5000.0,5000.0,6,800,false
"[B0GXHMX6N1, B0GXHR8HFV]",amzn1.campaign.9N5LXD81ESFA,Premium Canvas & Framed Art Showcase (Video Content Highly Preferred),LECYHCYHLE,2026-07-30,2026-12-31,10.00%,10000.0,10000.0,21,800,false
"[B0FR3K9L5L, B0FHK21V25]",amzn1.campaign.5VHPF5FX8GBR,CT52148B-8月第1周13%,juctshee,2026-07-30,2026-12-31,13.00%,10000.0,10000.0,8,800,false
"[B08F31G1GZ, B08F2NJR51, B01MRK1G5F, B0G6QPH4JD, B0CPP99N5G, B01MTN00TK, B08F2ZD94H, B07ZQV2QHG, B01MRJZMJG, B07ZQRG6FJ, B01MTN2V5B, B01MRJZ3KY, B01MTN17XF, B01MQIHIPY, B0CPP3ZFMT, B07ZQVR2N7, B01MRJZAJ5, B00R8QE6UO, B01MRK0UKZ, B07ZQVTC9X, B01MQIHIPR, B07ZQVZW1K, B0CPP855DP, B01MSLL0JM, B0CPN9XF22]",amzn1.campaign.9MAM0UJPPKZF,H1 LED Fog Light Bulb - B07WGJCWPB,SOCAL-LED LIGHTING,2026-07-30,2026-11-30,10.00%,50000.0,49984.7,8,800,false
[B097CH55HJ],amzn1.campaign.M9HWAGPJOC6O,"Godinger Italian Martini Glasses — Cocktail Moments, Elegant Entertaining",Godinger,2026-07-30,2027-07-30,10.00%,100000.0,100000.0,0,800,false
[B0HB8X3PFW],amzn1.campaign.2BU40YXDNV6VZ,20% Commission: DMJN Summer Shades - Side/Rear Windows,DMJN,2026-07-30,2026-12-31,20.00%,5000.0,4904.9,0,800,false
"[B0H6PB5L8L, B0GXHNYTGQ, B0GXH9NR61]",amzn1.campaign.2A81WZPLLMH3W,Premium Canvas & Framed Art Showcase (Video Content Highly Preferred),LECYHCYHLE,2026-07-30,2026-12-31,10.00%,10000.0,9998.3,11,800,false
"[B0H6RP8F5W, B0H6QWF7D9, B0H6QSQKR8, B0H6QV87XX]",amzn1.campaign.19FCO0HKMFXG0,Commission 15% + double sliding shower door + A01+ Sept.30,Dverreoor,2026-07-30,2026-09-30,15.00%,5000.0,5000.0,0,800,false
"[B0GP6BFRT8, B0GP6FTM6V, B0GP6V23NV, B0GP74BSXV, B0GP712KC3, B0GP6SJSZJ, B0GP6L4HX2, B0GP6NF97L, B0GP6L3TM8]",amzn1.campaign.GWUHPOP2GCQT,Mia + Sophia : What’s in My Mom Bag?,MIA + SOPHIA,2026-08-10,2027-08-10,10.00%,100000.0,100000.0,2,800,false
"[B0H6P1TT15, B0GXHCPCM9, B0GXHQBQP9]",amzn1.campaign.6R5UEA22HVRL,Premium Canvas & Framed Art Showcase (Video Content Highly Preferred),LECYHCYHLE,2026-07-30,2026-12-31,10.00%,10000.0,10000.0,15,800,false
"[B0GVJFGK6K, B0GDXCFLGJ, B0DG1ZCXMX, B0DT5YDGWP, B0GDXLMFJB, B0DT69PQ21, B0FPQMNFV6, B0GVJLHVPY, B0GDXM7PXP, B0GDXV43FL, B0GDX47P9L, B0GDXQFTN1, B0DG1RQ1CR, B0GVJDCDD1, B0DG1P17FL, B0DT5XZHBX, B0DT5Z7HWG, B0DG1TL5GZ, B0GDXX92S2, B0GVJHSYKV, B0GDXKZCK8, B0DG1SFHR9, B0GVJKVFGV, B0GVJ878PK, B0GDXHMSR8, B0DG1J98YJ, B0GDXNM74F, B0FPC7K6LW, B0DT6G4J9T, B0GVJ8QPK7, B0FNM4H9NW, B0DG1P17FR, B0DG1WVV74, B0GS9FCDK4, B0GVJH4J93, B0DT5YLG82, B0DT5Y6VGD, B0FNMYJ6M9, B0DG1VRD3J, B0FNN2VVXJ, B0DG1R4BG9, B0GDXR2C1X, B0DG254WGM, B0DG1MJ8BQ, B0GDXTKWX3, B0GDXTKWWR, B0DG1VW6TQ, B0DT5YG3LR, B0DT5Z765P, B0GDXQCS14, B0FPC542QS, B0GDXGSMFF, B0GDXX7CLK, B0GVJRNGDW, B0GVJM2XXJ, B0DT5XWZQT, B0GS96GH8L, B0GVJLJWFX, B0DG1JW9VH, B0DT68FW8H, B0FNM4JBQ6, B0GDXMVNNH, B0DG1GS8YT, B0DG1WXNPF, B0DT6FSBLT, B0DT6FLCKM, B0GDXL7LJJ, B0DG1RZF7X, B0GVJC2853, B0GVJK9WYR, B0DG1RQC8P, B0GDXKW6LN, B0DG1KVM4L, B0DG1Y2MQZ, B0DT6D5ZWM, B0GVJLH2G7, B0DT5Y3F62, B0DT5Y5YMW]",amzn1.campaign.2GXTLBDPXA3IC,Boho Washable NonSlip LowPile Rug Creator Promo-2026/07/28,Bavni,2026-07-30,2026-11-02,10.00%,5000.0,5000.0,24,800,false
"[B0H1WGC2C3, B0H1WCXSX4, B0H1WJDT1G, B0H5NDQBJJ, B0H5NTS3XW, B0H1WCWPV6, B0H1WFB2NT, B0H5MZ9PPD, B0H1WFPCGH, B0H1WJ2ZZW, B0H1WCWSZY, B0H5NCNY9W, B0H1W6DH6M, B0H5NZ9YPL, B0H1WDYG59, B0H1W5VYXG, B0H1W8CDL6, B0H1WK3BRX, B0H1W9WP97, B0H1WRT9W6]",amzn1.campaign.16QRSQXSVSIH2,Vintage Washed Maxi Skirt | 15%-3,CUBRIDGE,2026-07-30,2026-10-31,15.00%,5000.0,5000.0,3,800,false
"[B0GP6BFRT8, B0GP6FTM6V, B0GP6V23NV, B0GP74BSXV, B0GP712KC3, B0GP6SJSZJ, B0GP6L4HX2, B0GP6NF97L, B0GP6L3TM8]",amzn1.campaign.KQSEFBOOMYD9,Mia + Sophia : Modern Mom Energy,MIA + SOPHIA,2026-08-07,2027-08-07,10.00%,100000.0,100000.0,10,800,false
[B0FM379X3H],amzn1.campaign.3409VMWVR2DF8,💰10% Commission Nature Target - Magnesium Citrate Supplement,NATURE TARGET,2026-07-30,2026-10-31,10.00%,5000.0,4971.49,0,800,false
"[B0FCLGG8MG, B0FCLWK2Z2, B0FCLL242H, B0G6B5HN1F]",amzn1.campaign.1PNJRS4AC91VH,单联猫,VASORASUE,2026-07-30,2027-07-30,10.00%,5000.0,5000.0,13,800,false
"[B0GP6BFRT8, B0GP6FTM6V, B0GP6V23NV, B0GP74BSXV, B0GP712KC3, B0GP6SJSZJ, B0GP6L4HX2, B0GP6NF97L, B0GP6L3TM8]",amzn1.campaign.8B87XVXFFTYG,Mia + Sophia : Mom Mode: Activated,MIA + SOPHIA,2026-08-05,2027-08-05,10.00%,100000.0,100000.0,14,800,false
"[B0GVJFGK6K, B0GDXCFLGJ, B0DG1ZCXMX, B0DT5YDGWP, B0GDXLMFJB, B0DT69PQ21, B0FPQMNFV6, B0GVJLHVPY, B0GDXM7PXP, B0GDXV43FL, B0GDX47P9L, B0GDXQFTN1, B0DG1RQ1CR, B0GVJDCDD1, B0DG1P17FL, B0DT5XZHBX, B0DT5Z7HWG, B0DG1TL5GZ, B0GDXX92S2, B0GVJHSYKV, B0GDXKZCK8, B0DG1SFHR9, B0GVJKVFGV, B0GVJ878PK, B0GDXHMSR8, B0DG1J98YJ, B0GDXNM74F, B0FPC7K6LW, B0DT6G4J9T, B0GVJ8QPK7, B0FNM4H9NW, B0DG1P17FR, B0DG1WVV74, B0GS9FCDK4, B0GVJH4J93, B0DT5YLG82, B0DT5Y6VGD, B0FNMYJ6M9, B0DG1VRD3J, B0FNN2VVXJ, B0DG1R4BG9, B0GDXR2C1X, B0DG254WGM, B0DG1MJ8BQ, B0GDXTKWX3, B0GDXTKWWR, B0DG1VW6TQ, B0DT5YG3LR, B0DT5Z765P, B0GDXQCS14, B0FPC542QS, B0GDXGSMFF, B0GDXX7CLK, B0GVJRNGDW, B0GVJM2XXJ, B0DT5XWZQT, B0GS96GH8L, B0GVJLJWFX, B0DG1JW9VH, B0DT68FW8H, B0FNM4JBQ6, B0GDXMVNNH, B0DG1GS8YT, B0DG1WXNPF, B0DT6FSBLT, B0DT6FLCKM, B0GDXL7LJJ, B0DG1RZF7X, B0GVJC2853, B0GVJK9WYR, B0DG1RQC8P, B0GDXKW6LN, B0DG1KVM4L, B0DG1Y2MQZ, B0DT6D5ZWM, B0GVJLH2G7, B0DT5Y3F62, B0DT5Y5YMW]",amzn1.campaign.30P7QJYORI7SK,Boho Washable NonSlip LowPile Rug Creator Promo-2026/07/28,Bavni,2026-07-30,2026-11-01,10.00%,5000.0,5000.0,22,800,false
"[B0GP6BFRT8, B0GP6FTM6V, B0GP6V23NV, B0GP74BSXV, B0GP712KC3, B0GP6SJSZJ, B0GP6L4HX2, B0GP6NF97L, B0GP6L3TM8]",amzn1.campaign.B4IBXIH13LCD,Mia + Sophia : The Mom Bag Glow-Up,MIA + SOPHIA,2026-08-03,2027-08-03,10.00%,100000.0,100000.0,14,800,false
"[B0G8CT99NQ, B0GTD3H8GB, B0G8DPDNB6]",amzn1.campaign.1WBKX11A002WU,恐龙,VASORASUE,2026-07-30,2027-07-30,10.00%,5000.0,5000.0,10,800,false
"[B0FPR3K8TT, B0FPR3WP9S, B0FG3475LJ, B0FG2ZHJPQ, B0C4L9FXH7, B0D4YH274N, B0FPR5BJCK, B0GL1LHSKC, B0C4L6Q32Q, B0G1RLPLGQ, B0FBRPWGM1, B0GL1RVMDB, B0GL1ZQ3Y7, B0FPX7V3S5, B0D4YG19HV, B0FPR7F4Y8, B0FPR515CD, B0C4L9HQ5T, B0GL1R6NR7, B0GL26DKHP, B0D4XX57ZC, B0FBRQ5HSN, B0D4YCGGM7, B0GL1W28KY, B0FGQ3VFX4, B0FBRPF1T9, B0FG338H2Q, B0GL1YZF6P, B0FBFFFVRZ, B0GL1JF28D, B0FPR4Y2M5, B0FG37V4YW, B0GL1SQR8N, B0FG2ZGJLD, B0DBLZKF1X, B0G1R455PV, B0FGQ3MSSM, B0FGQ3W36W, B0GL1T118L, B0FPX8XPYG, B0G1QZM57Y, B0GL1VYL9N, B0FPR58RQJ, B0GL1QVPN8, B0FGQ4CK3R, B0FPR59LRF, B0FPR4ZC9Y]",amzn1.campaign.1CXM63CN618FU,ROFIEJOX Wingback,ROFIEJOX,2026-07-30,2027-07-30,10.00%,5000.0,4761.78,2,800,false
"[B0GP6BFRT8, B0GP6FTM6V, B0GP6V23NV, B0GP74BSXV, B0GP712KC3, B0GP6SJSZJ, B0GP6L4HX2, B0GP6NF97L, B0GP6L3TM8]",amzn1.campaign.VGTBXHVHVJMT,Effortless Mom Style,MIA + SOPHIA,2026-07-31,2027-07-31,10.00%,100000.0,100000.0,13,800,false
[B0GHQDGD3Y],amzn1.campaign.1R6YZ3F29V1G0,2026 Upgraded Android 16 Tablet with 20% commission is waiting for you,COLORROOM,2026-07-30,2026-09-21,20.00%,20000.0,20000.0,0,800,false
"[B0GVJFGK6K, B0GDXCFLGJ, B0DG1ZCXMX, B0DT5YDGWP, B0GDXLMFJB, B0DT69PQ21, B0FPQMNFV6, B0GVJLHVPY, B0GDXM7PXP, B0GDXV43FL, B0GDX47P9L, B0GDXQFTN1, B0DG1RQ1CR, B0GVJDCDD1, B0DG1P17FL, B0DT5XZHBX, B0DT5Z7HWG, B0DG1TL5GZ, B0GDXX92S2, B0GVJHSYKV, B0GDXKZCK8, B0DG1SFHR9, B0GVJKVFGV, B0GVJ878PK, B0GDXHMSR8, B0DG1J98YJ, B0GDXNM74F, B0FPC7K6LW, B0DT6G4J9T, B0GVJ8QPK7, B0FNM4H9NW, B0DG1P17FR, B0DG1WVV74, B0GS9FCDK4, B0GVJH4J93, B0DT5YLG82, B0DT5Y6VGD, B0FNMYJ6M9, B0DG1VRD3J, B0FNN2VVXJ, B0DG1R4BG9, B0GDXR2C1X, B0DG254WGM, B0DG1MJ8BQ, B0GDXTKWX3, B0GDXTKWWR, B0DG1VW6TQ, B0DT5YG3LR, B0DT5Z765P, B0GDXQCS14, B0FPC542QS, B0GDXGSMFF, B0GDXX7CLK, B0GVJRNGDW, B0GVJM2XXJ, B0DT5XWZQT, B0GS96GH8L, B0GVJLJWFX, B0DG1JW9VH, B0DT68FW8H, B0FNM4JBQ6, B0GDXMVNNH, B0DG1GS8YT, B0DG1WXNPF, B0DT6FSBLT, B0DT6FLCKM, B0GDXL7LJJ, B0DG1RZF7X, B0GVJC2853, B0GVJK9WYR, B0DG1RQC8P, B0GDXKW6LN, B0DG1KVM4L, B0DG1Y2MQZ, B0DT6D5ZWM, B0GVJLH2G7, B0DT5Y3F62, B0DT5Y5YMW]",amzn1.campaign.29IBNRBA00KEV,Boho Washable NonSlip LowPile Rug Creator Promo-2026/07/28,Bavni,2026-07-30,2026-10-31,10.00%,5000.0,5000.0,23,800,false
"[B0GTLGTR7F, B0GTLHKWGC, B0GTLGQ9WL, B0GTLFHMV7, B0GTLJJDY3, B0GTLGLNW8, B0GTL8GNF7, B0GTLCSP5Y, B0GTLMPCSP, B0GTL6TN44, B0GTLKGXTD, B0GTLGCPF8]",amzn1.campaign.166BZC89LFS98,Side Striped Track Pants | CBDXY263291-15%-2,CUBRIDGE,2026-07-30,2026-10-31,15.00%,5000.0,5000.0,3,800,false
"[B0GFMNB9RH, B0GFMQ3T1Z, B0GFMGKT8B, B0GFMMYN4B, B0GFM478SK, B0GFMJRDPW, B0GFMQNXBK, B0GFMC46G8, B0GFN22KR9, B0GFMN1RYM, B0GFMYTP93, B0GFMJG6WT, B0GFMK522C, B0GFMQ4F3Y, B0GFMRSWVF, B0GFMNW6JW]",amzn1.campaign.1YP6ULHX72LJN,Content Invite: Embrace Effortless Glamour with Vepose 6107 Woven Raffia Pumps📢,VEPOSE,2026-07-30,2026-12-31,10.00%,5000.0,5000.0,10,800,false
"[B0GKDC47HP, B0GL1TJ9CR, B0H2XJ6VRK, B0GL1XZ9QM, B0GM69GH5C, B0GM6KNLNL, B0GM6P1SGJ, B0GM71B4G2, B0GKDRLRFP, B0GDZWSCMD, B0GL1QRK5F, B0GDZPWZSH, B0GL1XYZ9M]",amzn1.campaign.2LV1GDMP9PLUR,海报和铁皮画,VASORASUE,2026-07-30,2027-07-30,10.00%,5000.0,5000.0,11,800,false
"[B0CQLNX9CQ, B0G62TZBMF, B0F5GQZZQ5, B0F5GHXD35, B0D1272CT3, B0F5GLY4BK, B0CNJM1K57, B0CHJS2D7Q, B0DY7HK495, B0G634KDPZ, B0G633XM7N, B0G62CQJLH, B0D12717VQ, B0G62V8CTR, B0F5GGH61N, B0F5GJXDKC, B0F41VYSQ2, B0G62GS67J, B0G6221P2Q, B0G634SM3T, B0F5GQN423, B0G62H9XTC, B0CC22XNFD, B0D126S8PY, B0DSVJW8BY, B0CC273JSB, B0G63872XW, B0CHJSFHSD, B0G62C7LT2, B0D126DBJF, B0CC23T5PW, B0CHJTVBXY, B0G62WPCTC, B0CHJRMRF9, B0G62KL9BJ, B0F42JK8B6, B0G631BD97, B0G62GVFQ9, B0CC24H1VF, B0CFPQ9HDY, B0CGLZC7FP, B0D1261G4G, B0F5GFK5DH, B0G62BXNPW, B0D126HLS3, B0CFPVCJCV, B0G62H22Q2, B0F5G2ZG4N, B0F5GB3XKM, B0CC25JL8P, B0G638BJ4M, B0F5GM32X4, B0CC22PGMP, B0F5GG6C57, B0F5GHC1XD, B0CG5FGQJM, B0F5GPZDTW, B0G62ZZZ1V, B0G6385HWQ, B0G62WSHP7, B0CHJNJGMJ, B0G62LZHJ4, B0G634G7GJ, B0G62QJTN9, B0DY7FVKPH, B0CQLQHC8P, B0G62VD985, B0CC2572TK, B0F5GR3SGG, B0G62G9868, B0CQLQTQZ3, B0F41JTQGV, B0F5GM1Y7Y, B0F5G9Y5KD, B0CC23XGPW, B0G62W1R58, B0G63BX297, B0G62ZDCPV, B0D127HPBG, B0CC23YNFS, B0G62M56MV, B0G62G7NXX, B0CC24SR9F, B0G638C4R3, B0G62PWNS7, B0D126DHJX, B0CC23VXK9, B0F42FXZ34, B0G638R29D, B0G634HJPS, B0CFPTLJWB, B0D126ZNDZ, B0D126JZLD, B0D1265M8Q, B0F4267G7L, B0CQLQ7XSF, B0G62PV2MM]",amzn1.campaign.HQSFNWDZYEPL,Win-Win Collaboration:Promote GINGTTO 33g Mens Golf Joggers &Earn 15% Commission,GINGTTO,2026-07-30,2026-10-31,15.00%,5000.0,5000.0,19,800,false
[B0H293RYR7],amzn1.campaign.7XB41IDSNEQ,High-Ticket Baby Essentials | 10% High Commission | Foldable Playpen with Mat,Cbcvvaer,2026-07-30,2026-10-31,10.00%,5000.0,4803.0,0,800,false
"[B0GVJFGK6K, B0GDXCFLGJ, B0DG1ZCXMX, B0DT5YDGWP, B0GDXLMFJB, B0DT69PQ21, B0FPQMNFV6, B0GVJLHVPY, B0GDXM7PXP, B0GDXV43FL, B0GDX47P9L, B0GDXQFTN1, B0DG1RQ1CR, B0GVJDCDD1, B0DG1P17FL, B0DT5XZHBX, B0DT5Z7HWG, B0DG1TL5GZ, B0GDXX92S2, B0GVJHSYKV, B0GDXKZCK8, B0DG1SFHR9, B0GVJKVFGV, B0GVJ878PK, B0GDXHMSR8, B0DG1J98YJ, B0GDXNM74F, B0FPC7K6LW, B0DT6G4J9T, B0GVJ8QPK7, B0FNM4H9NW, B0DG1P17FR, B0DG1WVV74, B0GS9FCDK4, B0GVJH4J93, B0DT5YLG82, B0DT5Y6VGD, B0FNMYJ6M9, B0DG1VRD3J, B0FNN2VVXJ, B0DG1R4BG9, B0GDXR2C1X, B0DG254WGM, B0DG1MJ8BQ, B0GDXTKWX3, B0GDXTKWWR, B0DG1VW6TQ, B0DT5YG3LR, B0DT5Z765P, B0GDXQCS14, B0FPC542QS, B0GDXGSMFF, B0GDXX7CLK, B0GVJRNGDW, B0GVJM2XXJ, B0DT5XWZQT, B0GS96GH8L, B0GVJLJWFX, B0DG1JW9VH, B0DT68FW8H, B0FNM4JBQ6, B0GDXMVNNH, B0DG1GS8YT, B0DG1WXNPF, B0DT6FSBLT, B0DT6FLCKM, B0GDXL7LJJ, B0DG1RZF7X, B0GVJC2853, B0GVJK9WYR, B0DG1RQC8P, B0GDXKW6LN, B0DG1KVM4L, B0DG1Y2MQZ, B0DT6D5ZWM, B0GVJLH2G7, B0DT5Y3F62, B0DT5Y5YMW]",amzn1.campaign.2IG8INL5ZX0CU,Boho Washable NonSlip LowPile Rug Creator Promo-2026/07/28,Bavni,2026-07-30,2026-10-30,10.00%,5000.0,5000.0,22,800,false
[B0FQC7DML4],amzn1.campaign.1Y9NFHPFLLJKR,Marsh Seat for Duck Hunting-B0FQC7DML4-10%-9.30,Boltfavo,2026-07-30,2026-12-31,10.00%,5000.0,4989.78,5,800,false
[B0H4P96VVX],amzn1.campaign.19RV07OAVDEPK,Fast-Acting Arnica Joint Relief Spray Campaign (ASIN:B0H4P96VVX),Gemächlich Zu Hause,2026-07-30,2026-10-30,20.00%,10000.0,10000.0,0,800,false
"[B0D9L7HHP2, B0G2LXKVH3, B0DCG556SW, B0DCG3DTYX, B0DCG3HVQT, B0FPD3357J, B0DCG6CDZM, B0G2LV6L8Q, B0D9L8595T, B0D9L8RWLC, B0D9L8VMM5, B0DCG5MRL3, B0DWJKTTN7, B0D9L8DH6S, B0DCG66WW7, B0D9L8QNV9, B0D9L6H1VN, B0D9L8LQ21, B0D9L7VR8S, B0D9L8RT5Z, B0FPD2BDLK, B0FPD2882F, B0FPLY11K4, B0G2LWP2VD, B0D9L86S66, B0DCG3QSQD, B0FPD16BG8, B0DWJND82X, B0DWJFXRG3, B0DWJF1WMT, B0FPD16QFC, B0DWJ5L6H4, B0FPD2918D, B0FPCZP5LT, B0FS6P4W4H, B0DCG75FTY, B0FPD1LP96, B0DWJW82HS, B0DPQNXXVB, B0DWJCK3SL, B0DPQPCVKV, B0DPQS6BND, B0DCG1XVJC, B0DPQPW16Y, B0D9L8TDRL, B0FPD2YNRX, B0D9L92XS9, B0D9L7MMYX, B0D9L8343W, B0DWJKY7T6, B0DCG5GQMR, B0FS6FQG5V, B0G2LY9FXJ, B0FPCYTGC1, B0G6418XRN, B0DWJ9GWH9, B0D9L84RDQ, B0D9L7L749, B0G2LV66WY, B0FS5W49WQ, B0DCG6KGB5, B0FPD25YG7, B0FV23WV6G, B0FPLW64NT, B0DPQQN87W, B0G2LVJL6Q, B0DCG3R2JD, B0FS6RJSTZ, B0DWJZZQHV, B0G2LVD4QV, B0DPQRP9PM, B0D9L7W2YN, B0FS6YBR2R, B0D9L86KPH, B0DWJ8YC7Z, B0G647VNCJ, B0FS5D93J1, B0DWK1GZWL, B0FS6LGNP6, B0DWJLFJ4F, B0DWK7QBXH, B0D9L7755G, B0DWJV94L9, B0D9L79R8H, B0DPQRV451, B0FPD1XHBY, B0DPQRHMFL, B0D9L772JL, B0DCG1XTJ4, B0DPQR56R3, B0G4BNSNKT, B0G4BQCQ5W, B0D9L8J2VS, B0DWJD6WQR, B0DPQQMPQJ, B0G647QQ23, B0FPD1FRTX, B0DPQQVG46, B0DWJKMTN1, B0G63NKGMB, B0G4BSFW1J, B0FQ5SVZM5, B0FS6FRBDH, B0DCG54X65, B0FPCZVJPS, B0G2LZ7LSC, B0D9L8BJTW, B0D9L84TR3, B0D9L79634, B0DCG5MYFD, B0DPQSNM86, B0D9L8ZHTM, B0D9L6XGV3, B0FQ5Q9R8J, B0D9L8L3Z2, B0DPQRQPYY, B0G4BPP7P4, B0FPCY57Z9, B0G4BRL3VZ, B0DCG854Y8, B0D9L8MRFL, B0D9L88SKM, B0D9L8V9BH, B0D9L85594, B0FS58X1D5, B0DWJP937N, B0DWJXFNJG, B0DWJ9D11P, B0D9L754VW, B0D9L8P74F, B0DPQQLWGT, B0DWK26W44, B0DWJWZCLX, B0DCG831SQ, B0FPD1RG4R, B0FPD16YJL, B0DPQPK81J, B0FS6YNMT4, B0DPQR4G2G, B0G4BQ196B, B0DWJJDPBL, B0D9L8XBSR, B0DPQQK96W, B0DWJTYCH2, B0DCG3GVNX, B0DWJCJDS3, B0D9L878SY, B0DWJD79PC, B0FQ5S3FDD, B0DWJYH1WD, B0FPCZDPSN, B0DCG6XVFB, B0DCG3RC7L, B0FS6R5FFQ, B0DWJY52ZT, B0D9L9PTJW, B0D9L92X44, B0D9L81GBD, B0D9L8B6NZ, B0FPCZGB62, B0FPD2GH9S, B0G2LWD2DP, B0D9L73ZFP, B0DWJMRP3W, B0D9L8BYKJ]",amzn1.campaign.2VXUIGDZJ53XE,Boho Washable NonSlip LowPile Rug Creator Promo-2026/07/28,Bavni,2026-07-30,2026-11-06,10.00%,5000.0,5000.0,9,800,false
"[B0G3SXL9M7, B0GQ3K8WGL, B0H4KSGBQ6, B0GQ3KZS7X, B0H4KL2WTJ, B0H49CLN6M, B0H499ZCCB, B0H4KVGCSJ, B0GQ3HH5PX, B0GQ3WQ8LQ, B0G3SXDHRP, B0G3T5X3RM, B0GQ3SCFQQ, B0H4KKWFJ7, B0H4KNKGJB, B0GQ3GTHZJ, B0GQ3PWZ9Q, B0H4KYWQJF, B0GQ3FKN3S, B0G3SXFZPK]",amzn1.campaign.1KL3LJIAKZ8AR,带框,VASORASUE,2026-07-30,2027-07-30,10.00%,5000.0,5000.0,7,800,false
"[B0GDDNJFVX, B0FW2ZF1WV, B0FXGDRTD1, B0FW3FY9CD, B0FW36BD71, B0G1SZYDCT, B0GDF2VGF9, B0GDDRGT57, B0GZNLJZG5, B0GDDXBRQL, B0FW2VPH35, B0FW31CZDK, B0FVRM4B45, B0FVRCJT6Q, B0GQP5M4C8, B0FVRW8BTJ, B0G1SSZKJZ, B0G43VLYMH, B0G43V9KJ6, B0GZNH8V2N, B0GDDKGWMN, B0FXGK1N9J, B0GDCTCQHX, B0GZNKXC84, B0GDCYZYG4, B0G43RS8QY, B0GDCVMM44, B0GDDT7QQH, B0GDCWS9D3, B0GDDBQZB1, B0FVRTHVZT, B0GYMS28PM, B0FW3C9SBX, B0FVS5KS74, B0FW2WV8W7, B0FW2Z4XK2, B0GDCMZ7XD, B0GDDTN2FK, B0G43R95XJ, B0FVS8PGP8, B0GYMXYNNH, B0FW2JG6FN, B0G1STZJJB, B0FVRJTGJC, B0GDF2YXTB, B0G1SVZGCD, B0G1SYPCY7, B0FXGHB8ZH, B0GDDDV949, B0G43RH37J, B0FW36KLTY]",amzn1.campaign.2RV0P3A8JQFDC,Cropped Fleece Vest | CBDXY259168-10%-3,CUBRIDGE,2026-07-30,2026-10-31,10.00%,5000.0,5000.0,12,800,false
[B0H5RMBY5J],amzn1.campaign.35X4N1WOJE1HC,Mens Dress Socks,HUIQQYUNN,2026-07-30,2027-02-28,20.00%,100000.0,99996.0,0,800,false
"[B0H6J8BZPR, B0GWM24TGY, B0FCFKRTR3, B0FCFPPST2, B0F2YF4YC9, B0FJ89HF69, B0FS1QRVTR, B0GTZ92TN4, B0GWLZP4DZ, B0GTZ8SXQD, B0GWDQZ83F, B0GYH6JVS2, B0GV7DTJJ6, B0FCFHKRKW, B0FCFMGFVQ, B0DT56XJBF, B0DT56XFJX, B0DPW5D788, B0F215DLC5, B0DT56KKSK, B0GTZBK2QL, B0FCXP2Y1H, B0DT5QY8ND, B0F3VKYZBM, B0GTZ5771W, B0F3VJ5LMN, B0FJ24TBK9, B0GV7FGLJH, B0FCFLKKW7, B0DT57K7BM, B0DT5QTZPL, B0GWM22TX3, B0F1MJR9RK, B0GTZ9W15W, B0GWLZZ2C4, B0DT5P911K, B0DT56F2SZ, B0FCFMVZPF, B0GWLSQX7N, B0H6J3CC74, B0DLS68M3H, B0FCFJSQKC, B0DT56NMH9, B0DT56JX13, B0H6J7MLSG, B0DT57DVKW, B0DT56V9Z5, B0DT56PV2P, B0DT5TVJ3X, B0GTYZYS96, B0GWM2JNT7, B0GTZBXQ8Q, B0FCFKDDRR, B0FCFLDXV8, B0GTZ6VKQK, B0DZWW2ST2, B0GWLXSL6X, B0GTZ5B7PG, B0DT57Y6R7, B0H6JLQDDZ, B0GWDLQ7QZ, B0G3XJ4WQC, B0FCFHK9Y2, B0FBM8ZXYL, B0DT5XFK4F, B0GV7Q2HVL, B0DT5P8KRM, B0GWF1MZCW, B0FCFLN3D6, B0DT58GS47, B0GTZG1YLH, B0GWDHG86M, B0GTZGNB1S, B0GV7HM8XY, B0FCFMYZ3Y, B0GV7SWF4X, B0D3V538PL, B0FXDRM7CQ, B0FQ1JMHKK, B0GTZ5VJRB, B0DT56WLDQ, B0GTZJNBY7, B0GYGT77MW, B0GWLSNJDG, B0GWDQZ4WX, B0FCFMN1DD, B0DT561PNJ, B0DLK6RRXM, B0GWDNFRWW, B0GV7HVZ1G, B0GWLNNTD5, B0GV7MNQB5, B0FCFHL7RZ, B0DT5XBVXR, B0F214N3JH, B0H6J4X1FK, B0FCFLNGYZ, B0DT57KBL8, B0DPSPQYMD, B0DLK6SXS5, B0DZX3NHD1, B0DT57GTC3, B0GWLXNM99, B0F215M9M4, B0FCFLKH54, B0DXFB4FTY, B0FCFM7PCN, B0GTZB7BJB, B0GV7LS4XN, B0GV7FM1W7, B0GWLZWF85, B0GWM1X4G4]",amzn1.campaign.EJIPRRD6QD2B,10% + Commission（字母系列）,DHQH,2026-07-30,2027-07-24,10.00%,5000.0,5000.0,34,800,false
"[B0DK1PFNWY, B0DK18Y3NN]",amzn1.campaign.2MYDUWKD6N8PG,🛏️Upgrade Your Mornings-Creator Collab Open! -10% Commission +Monthly Sale 300+,ONLYEE,2026-07-30,2026-09-30,10.00%,5000.0,4968.8,0,800,false
"[B0GXHDDJ5H, B0GXHGKJNB]",amzn1.campaign.2J2MMGXEJNFYK,Premium Canvas & Framed Art Showcase (Video Content Highly Preferred),LECYHCYHLE,2026-07-30,2026-12-31,10.00%,10000.0,10000.0,19,800,false
"[B0FQMKZNWK, B0FQN51WLP, B0FQMW7LR5, B0FQMRVZQV, B0FQMRVLHL, B0FQM3VZZC, B0FQN8LRY9, B0FQNBBKN9, B0FQMKCV9N, B0FQMJSQ9H, B0FQMKT91H, B0FQMTL6FT, B0FQM3RFQ9, B0FQN99XDS, B0FQMS9R3S, B0FQMB33GM, B0FQMNN5ZR, B0FQN1D6GY, B0FQMJNQMK, B0FQN28VXV, B0FQMJRQKF, B0FQN5JQDF]",amzn1.campaign.1J2B6AV6FIWNY,Win-Win Collaboration:Promote GINGTTO 23g Mens Sweatpants & Earn 15% Commission,GINGTTO,2026-07-30,2026-10-31,15.00%,5000.0,5000.0,5,800,false
"[B0H6J8BZPR, B0GWM24TGY, B0FCFKRTR3, B0FCFPPST2, B0F2YF4YC9, B0FJ89HF69, B0FS1QRVTR, B0GTZ92TN4, B0GWLZP4DZ, B0GTZ8SXQD, B0GWDQZ83F, B0GYH6JVS2, B0GV7DTJJ6, B0FCFHKRKW, B0FCFMGFVQ, B0DT56XJBF, B0DT56XFJX, B0DPW5D788, B0F215DLC5, B0DT56KKSK, B0GTZBK2QL, B0FCXP2Y1H, B0DT5QY8ND, B0F3VKYZBM, B0GTZ5771W, B0F3VJ5LMN, B0FJ24TBK9, B0GV7FGLJH, B0FCFLKKW7, B0DT57K7BM, B0DT5QTZPL, B0GWM22TX3, B0F1MJR9RK, B0GTZ9W15W, B0GWLZZ2C4, B0DT5P911K, B0DT56F2SZ, B0FCFMVZPF, B0GWLSQX7N, B0H6J3CC74, B0DLS68M3H, B0FCFJSQKC, B0DT56NMH9, B0DT56JX13, B0H6J7MLSG, B0DT57DVKW, B0DT56V9Z5, B0DT56PV2P, B0DT5TVJ3X, B0GTYZYS96, B0GWM2JNT7, B0GTZBXQ8Q, B0FCFKDDRR, B0FCFLDXV8, B0GTZ6VKQK, B0DZWW2ST2, B0GWLXSL6X, B0GTZ5B7PG, B0DT57Y6R7, B0H6JLQDDZ, B0GWDLQ7QZ, B0G3XJ4WQC, B0FCFHK9Y2, B0FBM8ZXYL, B0DT5XFK4F, B0GV7Q2HVL, B0DT5P8KRM, B0GWF1MZCW, B0FCFLN3D6, B0DT58GS47, B0GTZG1YLH, B0GWDHG86M, B0GTZGNB1S, B0GV7HM8XY, B0FCFMYZ3Y, B0GV7SWF4X, B0D3V538PL, B0FXDRM7CQ, B0FQ1JMHKK, B0GTZ5VJRB, B0DT56WLDQ, B0GTZJNBY7, B0GYGT77MW, B0GWLSNJDG, B0GWDQZ4WX, B0FCFMN1DD, B0DT561PNJ, B0DLK6RRXM, B0GWDNFRWW, B0GV7HVZ1G, B0GWLNNTD5, B0GV7MNQB5, B0FCFHL7RZ, B0DT5XBVXR, B0F214N3JH, B0H6J4X1FK, B0FCFLNGYZ, B0DT57KBL8, B0DPSPQYMD, B0DLK6SXS5, B0DZX3NHD1, B0DT57GTC3, B0GWLXNM99, B0F215M9M4, B0FCFLKH54, B0DXFB4FTY, B0FCFM7PCN, B0GTZB7BJB, B0GV7LS4XN, B0GV7FM1W7, B0GWLZWF85, B0GWM1X4G4]",amzn1.campaign.1OQIHMWXMOKQ7,10% + Commission（字母系列）,DHQH,2026-07-30,2027-07-25,10.00%,5000.0,5000.0,28,800,false
"[B0H6J8BZPR, B0GWM24TGY, B0FCFKRTR3, B0FCFPPST2, B0F2YF4YC9, B0FJ89HF69, B0FS1QRVTR, B0GTZ92TN4, B0GWLZP4DZ, B0GTZ8SXQD, B0GWDQZ83F, B0GYH6JVS2, B0GV7DTJJ6, B0FCFHKRKW, B0FCFMGFVQ, B0DT56XJBF, B0DT56XFJX, B0DPW5D788, B0F215DLC5, B0DT56KKSK, B0GTZBK2QL, B0FCXP2Y1H, B0DT5QY8ND, B0F3VKYZBM, B0GTZ5771W, B0F3VJ5LMN, B0FJ24TBK9, B0GV7FGLJH, B0FCFLKKW7, B0DT57K7BM, B0DT5QTZPL, B0GWM22TX3, B0F1MJR9RK, B0GTZ9W15W, B0GWLZZ2C4, B0DT5P911K, B0DT56F2SZ, B0FCFMVZPF, B0GWLSQX7N, B0H6J3CC74, B0DLS68M3H, B0FCFJSQKC, B0DT56NMH9, B0DT56JX13, B0H6J7MLSG, B0DT57DVKW, B0DT56V9Z5, B0DT56PV2P, B0DT5TVJ3X, B0GTYZYS96, B0GWM2JNT7, B0GTZBXQ8Q, B0FCFKDDRR, B0FCFLDXV8, B0GTZ6VKQK, B0DZWW2ST2, B0GWLXSL6X, B0GTZ5B7PG, B0DT57Y6R7, B0H6JLQDDZ, B0GWDLQ7QZ, B0G3XJ4WQC, B0FCFHK9Y2, B0FBM8ZXYL, B0DT5XFK4F, B0GV7Q2HVL, B0DT5P8KRM, B0GWF1MZCW, B0FCFLN3D6, B0DT58GS47, B0GTZG1YLH, B0GWDHG86M, B0GTZGNB1S, B0GV7HM8XY, B0FCFMYZ3Y, B0GV7SWF4X, B0D3V538PL, B0FXDRM7CQ, B0FQ1JMHKK, B0GTZ5VJRB, B0DT56WLDQ, B0GTZJNBY7, B0GYGT77MW, B0GWLSNJDG, B0GWDQZ4WX, B0FCFMN1DD, B0DT561PNJ, B0DLK6RRXM, B0GWDNFRWW, B0GV7HVZ1G, B0GWLNNTD5, B0GV7MNQB5, B0FCFHL7RZ, B0DT5XBVXR, B0F214N3JH, B0H6J4X1FK, B0FCFLNGYZ, B0DT57KBL8, B0DPSPQYMD, B0DLK6SXS5, B0DZX3NHD1, B0DT57GTC3, B0GWLXNM99, B0F215M9M4, B0FCFLKH54, B0DXFB4FTY, B0FCFM7PCN, B0GTZB7BJB, B0GV7LS4XN, B0GV7FM1W7, B0GWLZWF85, B0GWM1X4G4]",amzn1.campaign.2YXMJCXXQZKR4,10% + Commission（字母系列）,DHQH,2026-07-30,2027-07-26,10.00%,5000.0,5000.0,29,800,false
"[B0GH82TZQQ, B0FXX74QHP, B0GR5FZXMP, B0H75WDHBH, B0H2S1L3DS, B0H71BMS22, B0H5HN85XG, B0GL14PH6D, B0GKXXYVL8, B0H5HQXYM5, B0GQSZWW3N, B0GH2DV9QV, B0FXZWSVPK, B0FXZTTFRY, B0H5HRWC61, B0GQSN79XB, B0G8KN69ZS, B0GGSZ2G78, B0H6XN2CTN, B0GXB37TQ3, B0GXKF4W5Y, B0G4DXFX1C, B0GX7B5YBP, B0GQSNF5K9, B0H6XLSBTP, B0GGSS9KZM, B0G4F1VD2X, B0GV4RZTDY, B0H7196Z3D, B0FY1J5NJ6, B0FXZXL1G6, B0H6XX6SBF, B0G92T6WJC, B0G4DVTDQF, B0G939HZQ4, B0H2S1WWPK, B0H6XX4QTT, B0GXKMWW32, B0GV4KY6TN, B0GKYN227C, B0FY1H224H, B0GX6QKBHQ, B0H7186HJM, B0H712YT84, B0GV7L6ZZZ, B0G4DW8NNV, B0G4DZR98X, B0GGXM7R96, B0GQT1TGT5, B0GV7GY9T9, B0GQSZH84G, B0H2S4SFLD, B0G4DWVP96, B0G92GTPNL, B0GKY69KDM, B0GH8C9K82, B0GV7FDP2J, B0H2S3RVC9, B0GX6RRJ8C, B0GV7L8BHW, B0GV7Q8KTM, B0H75RMVGX, B0H75XVMJP, B0GXPHFDPQ, B0GV7DC5PZ, B0G8LL6Y3Z, B0H7157K2T, B0H5HXZ2S7, B0G4F1ZCKH, B0G8LBYCJC, B0G3NDYVGX, B0G8LJWQ6J, B0H6XQS7RX, B0FY1FBW43, B0G4DVSWP3, B0H6XRKGHX, B0GH84YRK7]",amzn1.campaign.2QNYSR6BSWBQL,"Gift for Women Men, Gifts for Her Him",EnjoyVita,2026-07-30,2027-01-01,10.00%,5000.0,5000.0,2,800,false
"[B0D9L7HHP2, B0G2LXKVH3, B0DCG556SW, B0DCG3DTYX, B0DCG3HVQT, B0FPD3357J, B0DCG6CDZM, B0G2LV6L8Q, B0D9L8595T, B0D9L8RWLC, B0D9L8VMM5, B0DCG5MRL3, B0DWJKTTN7, B0D9L8DH6S, B0DCG66WW7, B0D9L8QNV9, B0D9L6H1VN, B0D9L8LQ21, B0D9L7VR8S, B0D9L8RT5Z, B0FPD2BDLK, B0FPD2882F, B0FPLY11K4, B0G2LWP2VD, B0D9L86S66, B0DCG3QSQD, B0FPD16BG8, B0DWJND82X, B0DWJFXRG3, B0DWJF1WMT, B0FPD16QFC, B0DWJ5L6H4, B0FPD2918D, B0FPCZP5LT, B0FS6P4W4H, B0DCG75FTY, B0FPD1LP96, B0DWJW82HS, B0DPQNXXVB, B0DWJCK3SL, B0DPQPCVKV, B0DPQS6BND, B0DCG1XVJC, B0DPQPW16Y, B0D9L8TDRL, B0FPD2YNRX, B0D9L92XS9, B0D9L7MMYX, B0D9L8343W, B0DWJKY7T6, B0DCG5GQMR, B0FS6FQG5V, B0G2LY9FXJ, B0FPCYTGC1, B0G6418XRN, B0DWJ9GWH9, B0D9L84RDQ, B0D9L7L749, B0G2LV66WY, B0FS5W49WQ, B0DCG6KGB5, B0FPD25YG7, B0FV23WV6G, B0FPLW64NT, B0DPQQN87W, B0G2LVJL6Q, B0DCG3R2JD, B0FS6RJSTZ, B0DWJZZQHV, B0G2LVD4QV, B0DPQRP9PM, B0D9L7W2YN, B0FS6YBR2R, B0D9L86KPH, B0DWJ8YC7Z, B0G647VNCJ, B0FS5D93J1, B0DWK1GZWL, B0FS6LGNP6, B0DWJLFJ4F, B0DWK7QBXH, B0D9L7755G, B0DWJV94L9, B0D9L79R8H, B0DPQRV451, B0FPD1XHBY, B0DPQRHMFL, B0D9L772JL, B0DCG1XTJ4, B0DPQR56R3, B0G4BNSNKT, B0G4BQCQ5W, B0D9L8J2VS, B0DWJD6WQR, B0DPQQMPQJ, B0G647QQ23, B0FPD1FRTX, B0DPQQVG46, B0DWJKMTN1, B0G63NKGMB, B0G4BSFW1J, B0FQ5SVZM5, B0FS6FRBDH, B0DCG54X65, B0FPCZVJPS, B0G2LZ7LSC, B0D9L8BJTW, B0D9L84TR3, B0D9L79634, B0DCG5MYFD, B0DPQSNM86, B0D9L8ZHTM, B0D9L6XGV3, B0FQ5Q9R8J, B0D9L8L3Z2, B0DPQRQPYY, B0G4BPP7P4, B0FPCY57Z9, B0G4BRL3VZ, B0DCG854Y8, B0D9L8MRFL, B0D9L88SKM, B0D9L8V9BH, B0D9L85594, B0FS58X1D5, B0DWJP937N, B0DWJXFNJG, B0DWJ9D11P, B0D9L754VW, B0D9L8P74F, B0DPQQLWGT, B0DWK26W44, B0DWJWZCLX, B0DCG831SQ, B0FPD1RG4R, B0FPD16YJL, B0DPQPK81J, B0FS6YNMT4, B0DPQR4G2G, B0G4BQ196B, B0DWJJDPBL, B0D9L8XBSR, B0DPQQK96W, B0DWJTYCH2, B0DCG3GVNX, B0DWJCJDS3, B0D9L878SY, B0DWJD79PC, B0FQ5S3FDD, B0DWJYH1WD, B0FPCZDPSN, B0DCG6XVFB, B0DCG3RC7L, B0FS6R5FFQ, B0DWJY52ZT, B0D9L9PTJW, B0D9L92X44, B0D9L81GBD, B0D9L8B6NZ, B0FPCZGB62, B0FPD2GH9S, B0G2LWD2DP, B0D9L73ZFP, B0DWJMRP3W, B0D9L8BYKJ]",amzn1.campaign.21YAITHRXXFJL,Boho Washable NonSlip LowPile Rug Creator Promo-2026/07/28,Bavni,2026-07-30,2026-11-05,10.00%,5000.0,5000.0,20,800,false
"[B0CQK3D74R, B0CQJZTD6G, B0CQK5C173, B0CQK5RBLP, B0CQK3VWYN, B0CQK59K7H, B0CQK3XYFV, B0CQK42VL9, B0CQK3WJRK, B0CRCXHM7Y, B0CRCXJV9S, B0CQK59M5N, B0CQK4WDZV, B0CQK4VBZ1, B0CQK4ZXM2, B0CQK3CV3N, B0CQK54NJ7, B0CRD1N28B, B0CQK3VMPL, B0CQK48CGL, B0CRCZ936C, B0CQK2WTW7, B0CQK2GNG7, B0CQK4JXXZ, B0CQK3J6RN, B0CQK4CYZ5, B0CRCYMJVL, B0CQK4RLYW, B0CQK24WC5, B0CQK3S42R, B0CRCXL346, B0CRD8TNBC, B0CRD2BWS3, B0CQK4L7N9, B0CRD962NK]",amzn1.campaign.361GEFEEND9P1,Content Invite: Embrace Effortless Glam with Vepose 9803 Mid Calf Cowboy Boots📢,VEPOSE,2026-07-30,2027-01-01,15.00%,5000.0,5000.0,0,800,false
"[B0D3D96J5G, B0DKN7KRRF, B0DBVDX8WQ, B0DCHSTKB2, B0CR338VMX, B0DBVFJQCV, B0FPFKSWY7, B0CR2YJKW4]",amzn1.campaign.74306NMQ4RZB,Budget-Friendly Toilet Fix for Champion 4 | Earn 15%,RAINGOWN,2026-07-30,2027-07-28,15.00%,99999.0,99999.0,8,800,false
"[B0H4GB1TY6, B0H4JDVW3T]",amzn1.campaign.29TYUAJRBHBQ3,Black Cat & Pumpkin Halloween Pillow Covers 🎃🐱 (10% Commission),ARGOOFG,2026-07-30,2027-07-30,10.00%,50000.0,50000.0,0,800,false
"[B094VBJM3K, B082KSZWN1, B08FM2V5MM, B07VYNYGBJ, B08P5697X7, B08FMC7TQS, B094TYRBX1, B07Z63FB53, B08FLZC2NM, B07PLBBMJP, B08FM7H8L7, B07YLGN4TG, B0FNQQ7XMD, B07PDV6THM, B07YLCM2RD, B08FM62CH2, B07PGZ69Z9, B08Q3ZRX33, B094TTD367, B08Z7M9DWW, B0FNQPB9D3, B07PFSV9GR, B0B8733T9K, B07VWL75WG, B08Q3Q2ZFX, B0FNQRRLJL, B08FLYDMH5, B0FNQNLVWK, B08Z7MK52D, B08P57FDQX, B08Z78G7KP, B08Z6TMSVC, B0FNQRTH9L, B0FNQPJNQ3, B08P57GSQQ, B07YLHVB1T, B07PJ2SBHM, B07PK8BYT8, B08FMFZL48, B08FM692Y3, B07Z62K7Y4, B07ZVD1V8T, B08FLCNVMD, B08FMCJX62, B07Z61V9BY, B0B877X3KX, B08FM99R4Z, B0BSDZ7V75, B07Z625RRS, B094VG9JSY, B094SZSS29]",amzn1.campaign.3UDPWD1MODF8G,Win-Win Collaboration:Promote GINGTTO 4g-1 Mens Dress Pants &Earn 15% Commission,GINGTTO,2026-07-30,2026-10-31,15.00%,5000.0,5000.0,7,800,false
"[B0FJ5KKNG5, B0FKRKX4Y3, B0GZZYQHF9, B0GZZR7WGF, B0GZZXP3VQ, B0FKRQN3LJ, B0FXWDFCY7, B0FKRTYVPK, B0H118QB14, B0H116B65R, B0FJ5L8X54, B0GZZZM43M, B0G76L47WM, B0GZZZDNRN, B0FCFX3LXN, B0FKRYSKGQ, B0FXWCGW8W, B0GZZS8TPL, B0FCFV7SP3, B0G76V9W8P]",amzn1.campaign.UJ3UU683RHGY,8月,GHTGCMKX,2026-08-01,2027-08-01,15.00%,99999.0,99999.0,1,800,false
"[B0GX5ZDFGB, B0GX664C25, B0GX64V63X, B0GX6959C8, B0GX6CB2HD, B0GX62QXW5, B0GX66629Y, B0GX67BMPT, B0GX644FG4, B0GX63ZTZ5, B0GX5XGVXT, B0GX5ZPNBJ, B0GX62RPY8, B0GX6CFRNW, B0GX5ZD9YS, B0GX69GJFR, B0GX5W2QTK, B0GX65P9LQ, B0GX68ZV1R]",amzn1.campaign.V6REZ4XQQXMZ,Comfortable Bras for Women No Underwire,Cuteio,2026-07-31,2026-09-30,10.00%,5000.0,5000.0,7,800,false
[B0GS8PWWWL],amzn1.campaign.1M38H84S2PPJF,Collaborate with Us for Articulating Borescope Launch to Get 10% Commission!,FFXET,2026-07-30,2026-10-31,10.00%,5000.0,4973.2,5,800,false
"[B0H6J8BZPR, B0GWM24TGY, B0FCFKRTR3, B0FCFPPST2, B0F2YF4YC9, B0FJ89HF69, B0FS1QRVTR, B0GTZ92TN4, B0GWLZP4DZ, B0GTZ8SXQD, B0GWDQZ83F, B0GYH6JVS2, B0GV7DTJJ6, B0FCFHKRKW, B0FCFMGFVQ, B0DT56XJBF, B0DT56XFJX, B0DPW5D788, B0F215DLC5, B0DT56KKSK, B0GTZBK2QL, B0FCXP2Y1H, B0DT5QY8ND, B0F3VKYZBM, B0GTZ5771W, B0F3VJ5LMN, B0FJ24TBK9, B0GV7FGLJH, B0FCFLKKW7, B0DT57K7BM, B0DT5QTZPL, B0GWM22TX3, B0F1MJR9RK, B0GTZ9W15W, B0GWLZZ2C4, B0DT5P911K, B0DT56F2SZ, B0FCFMVZPF, B0GWLSQX7N, B0H6J3CC74, B0DLS68M3H, B0FCFJSQKC, B0DT56NMH9, B0DT56JX13, B0H6J7MLSG, B0DT57DVKW, B0DT56V9Z5, B0DT56PV2P, B0DT5TVJ3X, B0GTYZYS96, B0GWM2JNT7, B0GTZBXQ8Q, B0FCFKDDRR, B0FCFLDXV8, B0GTZ6VKQK, B0DZWW2ST2, B0GWLXSL6X, B0GTZ5B7PG, B0DT57Y6R7, B0H6JLQDDZ, B0GWDLQ7QZ, B0G3XJ4WQC, B0FCFHK9Y2, B0FBM8ZXYL, B0DT5XFK4F, B0GV7Q2HVL, B0DT5P8KRM, B0GWF1MZCW, B0FCFLN3D6, B0DT58GS47, B0GTZG1YLH, B0GWDHG86M, B0GTZGNB1S, B0GV7HM8XY, B0FCFMYZ3Y, B0GV7SWF4X, B0D3V538PL, B0FXDRM7CQ, B0FQ1JMHKK, B0GTZ5VJRB, B0DT56WLDQ, B0GTZJNBY7, B0GYGT77MW, B0GWLSNJDG, B0GWDQZ4WX, B0FCFMN1DD, B0DT561PNJ, B0DLK6RRXM, B0GWDNFRWW, B0GV7HVZ1G, B0GWLNNTD5, B0GV7MNQB5, B0FCFHL7RZ, B0DT5XBVXR, B0F214N3JH, B0H6J4X1FK, B0FCFLNGYZ, B0DT57KBL8, B0DPSPQYMD, B0DLK6SXS5, B0DZX3NHD1, B0DT57GTC3, B0GWLXNM99, B0F215M9M4, B0FCFLKH54, B0DXFB4FTY, B0FCFM7PCN, B0GTZB7BJB, B0GV7LS4XN, B0GV7FM1W7, B0GWLZWF85, B0GWM1X4G4]",amzn1.campaign.2G6C5CYGNP5E,10% + Commission（字母系列）,DHQH,2026-07-30,2027-07-27,10.00%,5000.0,5000.0,28,800,false
"[B0H6J8BZPR, B0GWM24TGY, B0FCFKRTR3, B0FCFPPST2, B0F2YF4YC9, B0FJ89HF69, B0FS1QRVTR, B0GTZ92TN4, B0GWLZP4DZ, B0GTZ8SXQD, B0GWDQZ83F, B0GYH6JVS2, B0GV7DTJJ6, B0FCFHKRKW, B0FCFMGFVQ, B0DT56XJBF, B0DT56XFJX, B0DPW5D788, B0F215DLC5, B0DT56KKSK, B0GTZBK2QL, B0FCXP2Y1H, B0DT5QY8ND, B0F3VKYZBM, B0GTZ5771W, B0F3VJ5LMN, B0FJ24TBK9, B0GV7FGLJH, B0FCFLKKW7, B0DT57K7BM, B0DT5QTZPL, B0GWM22TX3, B0F1MJR9RK, B0GTZ9W15W, B0GWLZZ2C4, B0DT5P911K, B0DT56F2SZ, B0FCFMVZPF, B0GWLSQX7N, B0H6J3CC74, B0DLS68M3H, B0FCFJSQKC, B0DT56NMH9, B0DT56JX13, B0H6J7MLSG, B0DT57DVKW, B0DT56V9Z5, B0DT56PV2P, B0DT5TVJ3X, B0GTYZYS96, B0GWM2JNT7, B0GTZBXQ8Q, B0FCFKDDRR, B0FCFLDXV8, B0GTZ6VKQK, B0DZWW2ST2, B0GWLXSL6X, B0GTZ5B7PG, B0DT57Y6R7, B0H6JLQDDZ, B0GWDLQ7QZ, B0G3XJ4WQC, B0FCFHK9Y2, B0FBM8ZXYL, B0DT5XFK4F, B0GV7Q2HVL, B0DT5P8KRM, B0GWF1MZCW, B0FCFLN3D6, B0DT58GS47, B0GTZG1YLH, B0GWDHG86M, B0GTZGNB1S, B0GV7HM8XY, B0FCFMYZ3Y, B0GV7SWF4X, B0D3V538PL, B0FXDRM7CQ, B0FQ1JMHKK, B0GTZ5VJRB, B0DT56WLDQ, B0GTZJNBY7, B0GYGT77MW, B0GWLSNJDG, B0GWDQZ4WX, B0FCFMN1DD, B0DT561PNJ, B0DLK6RRXM, B0GWDNFRWW, B0GV7HVZ1G, B0GWLNNTD5, B0GV7MNQB5, B0FCFHL7RZ, B0DT5XBVXR, B0F214N3JH, B0H6J4X1FK, B0FCFLNGYZ, B0DT57KBL8, B0DPSPQYMD, B0DLK6SXS5, B0DZX3NHD1, B0DT57GTC3, B0GWLXNM99, B0F215M9M4, B0FCFLKH54, B0DXFB4FTY, B0FCFM7PCN, B0GTZB7BJB, B0GV7LS4XN, B0GV7FM1W7, B0GWLZWF85, B0GWM1X4G4]",amzn1.campaign.2O600GAU7LB9Q,10% + Commission（字母系列）,DHQH,2026-07-30,2027-07-28,10.00%,5000.0,5000.0,27,800,false
[B0H4GQTJSQ],amzn1.campaign.1GIQ8WXLCS6EW,GOTMEET Network Cable Tester NF-801P,GOTMEET,2026-07-30,2027-07-30,10.00%,5000.0,4995.58,4,800,false
"[B0FMX3KDJ1, B0FYTVSYGZ, B0DW2W6VNH, B0DW394P7L, B0GFMY76J4, B0DR8TR6FD, B0FF8S1DD9, B0GFN6HG49, B0GFMZ39JN, B0FMXTXCWK, B0GH5R16CJ, B0FYV78TTT, B0FF92D163, B0DR8WH8J1]",amzn1.campaign.2N17HDLG2E9V9,豹纹,hijyord,2026-07-30,2027-07-30,10.00%,5000.0,5000.0,8,800,false
"[B0H6J8BZPR, B0GWM24TGY, B0FCFKRTR3, B0FCFPPST2, B0F2YF4YC9, B0FJ89HF69, B0FS1QRVTR, B0GTZ92TN4, B0GWLZP4DZ, B0GTZ8SXQD, B0GWDQZ83F, B0GYH6JVS2, B0GV7DTJJ6, B0FCFHKRKW, B0FCFMGFVQ, B0DT56XJBF, B0DT56XFJX, B0DPW5D788, B0F215DLC5, B0DT56KKSK, B0GTZBK2QL, B0FCXP2Y1H, B0DT5QY8ND, B0F3VKYZBM, B0GTZ5771W, B0F3VJ5LMN, B0FJ24TBK9, B0GV7FGLJH, B0FCFLKKW7, B0DT57K7BM, B0DT5QTZPL, B0GWM22TX3, B0F1MJR9RK, B0GTZ9W15W, B0GWLZZ2C4, B0DT5P911K, B0DT56F2SZ, B0FCFMVZPF, B0GWLSQX7N, B0H6J3CC74, B0DLS68M3H, B0FCFJSQKC, B0DT56NMH9, B0DT56JX13, B0H6J7MLSG, B0DT57DVKW, B0DT56V9Z5, B0DT56PV2P, B0DT5TVJ3X, B0GTYZYS96, B0GWM2JNT7, B0GTZBXQ8Q, B0FCFKDDRR, B0FCFLDXV8, B0GTZ6VKQK, B0DZWW2ST2, B0GWLXSL6X, B0GTZ5B7PG, B0DT57Y6R7, B0H6JLQDDZ, B0GWDLQ7QZ, B0G3XJ4WQC, B0FCFHK9Y2, B0FBM8ZXYL, B0DT5XFK4F, B0GV7Q2HVL, B0DT5P8KRM, B0GWF1MZCW, B0FCFLN3D6, B0DT58GS47, B0GTZG1YLH, B0GWDHG86M, B0GTZGNB1S, B0GV7HM8XY, B0FCFMYZ3Y, B0GV7SWF4X, B0D3V538PL, B0FXDRM7CQ, B0FQ1JMHKK, B0GTZ5VJRB, B0DT56WLDQ, B0GTZJNBY7, B0GYGT77MW, B0GWLSNJDG, B0GWDQZ4WX, B0FCFMN1DD, B0DT561PNJ, B0DLK6RRXM, B0GWDNFRWW, B0GV7HVZ1G, B0GWLNNTD5, B0GV7MNQB5, B0FCFHL7RZ, B0DT5XBVXR, B0F214N3JH, B0H6J4X1FK, B0FCFLNGYZ, B0DT57KBL8, B0DPSPQYMD, B0DLK6SXS5, B0DZX3NHD1, B0DT57GTC3, B0GWLXNM99, B0F215M9M4, B0FCFLKH54, B0DXFB4FTY, B0FCFM7PCN, B0GTZB7BJB, B0GV7LS4XN, B0GV7FM1W7, B0GWLZWF85, B0GWM1X4G4]",amzn1.campaign.16BOSN6N6C19I,10% + Commission（字母系列）,DHQH,2026-07-30,2027-07-29,10.00%,5000.0,5000.0,23,800,false
"[B0DKN7KRRF, B0DBVDX8WQ, B0DCHSTKB2, B0DBVFJQCV, B0FPFKSWY7]",amzn1.campaign.NN6U4GBTND78,Complete Champion 4 Repair Set | Easy Demo Content | 15% Commission,RAINGOWN,2026-07-30,2027-07-29,15.00%,99999.0,99999.0,5,800,false
[B0FY67FHYT],amzn1.campaign.1CE3VJHFXSNPZ,NATURE TARGET - Funny Oral Probiotics🔥-💰10% Commission,NATURE TARGET,2026-07-30,2026-10-31,10.00%,5000.0,4969.32,0,800,false
"[B0D9L7HHP2, B0G2LXKVH3, B0DCG556SW, B0DCG3DTYX, B0DCG3HVQT, B0FPD3357J, B0DCG6CDZM, B0G2LV6L8Q, B0D9L8595T, B0D9L8RWLC, B0D9L8VMM5, B0DCG5MRL3, B0DWJKTTN7, B0D9L8DH6S, B0DCG66WW7, B0D9L8QNV9, B0D9L6H1VN, B0D9L8LQ21, B0D9L7VR8S, B0D9L8RT5Z, B0FPD2BDLK, B0FPD2882F, B0FPLY11K4, B0G2LWP2VD, B0D9L86S66, B0DCG3QSQD, B0FPD16BG8, B0DWJND82X, B0DWJFXRG3, B0DWJF1WMT, B0FPD16QFC, B0DWJ5L6H4, B0FPD2918D, B0FPCZP5LT, B0FS6P4W4H, B0DCG75FTY, B0FPD1LP96, B0DWJW82HS, B0DPQNXXVB, B0DWJCK3SL, B0DPQPCVKV, B0DPQS6BND, B0DCG1XVJC, B0DPQPW16Y, B0D9L8TDRL, B0FPD2YNRX, B0D9L92XS9, B0D9L7MMYX, B0D9L8343W, B0DWJKY7T6, B0DCG5GQMR, B0FS6FQG5V, B0G2LY9FXJ, B0FPCYTGC1, B0G6418XRN, B0DWJ9GWH9, B0D9L84RDQ, B0D9L7L749, B0G2LV66WY, B0FS5W49WQ, B0DCG6KGB5, B0FPD25YG7, B0FV23WV6G, B0FPLW64NT, B0DPQQN87W, B0G2LVJL6Q, B0DCG3R2JD, B0FS6RJSTZ, B0DWJZZQHV, B0G2LVD4QV, B0DPQRP9PM, B0D9L7W2YN, B0FS6YBR2R, B0D9L86KPH, B0DWJ8YC7Z, B0G647VNCJ, B0FS5D93J1, B0DWK1GZWL, B0FS6LGNP6, B0DWJLFJ4F, B0DWK7QBXH, B0D9L7755G, B0DWJV94L9, B0D9L79R8H, B0DPQRV451, B0FPD1XHBY, B0DPQRHMFL, B0D9L772JL, B0DCG1XTJ4, B0DPQR56R3, B0G4BNSNKT, B0G4BQCQ5W, B0D9L8J2VS, B0DWJD6WQR, B0DPQQMPQJ, B0G647QQ23, B0FPD1FRTX, B0DPQQVG46, B0DWJKMTN1, B0G63NKGMB, B0G4BSFW1J, B0FQ5SVZM5, B0FS6FRBDH, B0DCG54X65, B0FPCZVJPS, B0G2LZ7LSC, B0D9L8BJTW, B0D9L84TR3, B0D9L79634, B0DCG5MYFD, B0DPQSNM86, B0D9L8ZHTM, B0D9L6XGV3, B0FQ5Q9R8J, B0D9L8L3Z2, B0DPQRQPYY, B0G4BPP7P4, B0FPCY57Z9, B0G4BRL3VZ, B0DCG854Y8, B0D9L8MRFL, B0D9L88SKM, B0D9L8V9BH, B0D9L85594, B0FS58X1D5, B0DWJP937N, B0DWJXFNJG, B0DWJ9D11P, B0D9L754VW, B0D9L8P74F, B0DPQQLWGT, B0DWK26W44, B0DWJWZCLX, B0DCG831SQ, B0FPD1RG4R, B0FPD16YJL, B0DPQPK81J, B0FS6YNMT4, B0DPQR4G2G, B0G4BQ196B, B0DWJJDPBL, B0D9L8XBSR, B0DPQQK96W, B0DWJTYCH2, B0DCG3GVNX, B0DWJCJDS3, B0D9L878SY, B0DWJD79PC, B0FQ5S3FDD, B0DWJYH1WD, B0FPCZDPSN, B0DCG6XVFB, B0DCG3RC7L, B0FS6R5FFQ, B0DWJY52ZT, B0D9L9PTJW, B0D9L92X44, B0D9L81GBD, B0D9L8B6NZ, B0FPCZGB62, B0FPD2GH9S, B0G2LWD2DP, B0D9L73ZFP, B0DWJMRP3W, B0D9L8BYKJ]",amzn1.campaign.3Y7OFUWYI44T,Boho Washable NonSlip LowPile Rug Creator Promo-2026/07/28,Bavni,2026-07-30,2026-11-04,10.00%,5000.0,5000.0,26,800,false
"[B0GC645Y1Z, B0GTZ4KLLL, B0GC63576R, B0GC4PJ2B1, B0GC4SVMQW, B0H8Y8GC2Y, B0GC55MVVV, B0GC5CHHS1, B0GZMHLTM1, B0H94QNVX5, B0GC5R696B, B0GC4TVXDD, B0GC5PFKZV, B0GC5RMH4V, B0GRTJ5GD2, B0GVDZDKHH, B0GC6JJ3S4, B0GZP1VQZW, B0GC553JBQ]",amzn1.campaign.2JOC9KV8O5GXG,"Promote 34HF,Earn 15% Comm–Win-Win with Heyfanee",Heyfanee,2026-07-30,2026-11-05,15.00%,5000.0,5000.0,14,800,false
"[B0G8J65T24, B0G8J6RKDX, B0FPC1HJZF, B0FPBZFN6R, B0G8JJWG9N, B0G8HWPWT1, B0FPC15YZK, B0FPC15YZJ, B0FPC1CY41, B0FPC1QQVP, B0FPBZ9P38, B0FPC2PMQN, B0G8HMDJX6, B0G8JG7KFP, B0G8JCKXR2, B0G8HZ4328, B0G8J3JWL7, B0FPC1B5DM, B0FPBZKBF1, B0FPBYLSPV, B0FPBYYSVD, B0FPC2W5F5, B0FPC2P6Q5, B0FPBZK4D3, B0FPC1CYZ5, B0FPC18CVW, B0FPBYZV3L, B0G8JB6FV7, B0FPC199H7]",amzn1.campaign.2DNMB1BQLAAR2,Win-Win Collaboration:Promote GINGTTO 106g Mens Skinny Jeans&Earn 15% Commission,GINGTTO,2026-07-30,2026-10-31,15.00%,5000.0,5000.0,8,800,false
"[B0FRSC1NXJ, B0G2XBV71G, B0G23MCJ1P, B0FRSDGK73, B0FP13VMJY, B0FHVZ7V9N]",amzn1.campaign.3GZZ2LXWLWH16,Cubridge Fleece Blanket Wrap | CBDWFY256089-15%-2,CUBRIDGE,2026-07-30,2026-10-31,15.00%,5000.0,5000.0,8,800,false
"[B0C3CZBPRG, B099RQY5J3, B0C3D2KXT6, B0C3D45YP4, B0C3D24KVG, B0FBFTF7NN, B099RSJDXV, B099RQ81WZ, B099RR9MCY, B099RQ33JH, B0C3D3KZXP, B0BMT84ZK3, B0FBG7M2N4, B099RQSF3J, B0C3D56RD4, B0FBFX4D2X, B099RR79QY, B099RQQXF1, B099RNQJS5, B099RQWPKJ, B099RT2CKH, B0BG6TSZCW, B099RRKYDR, B099RNSQNW, B0C3D1ZZ13, B099RRF41Y, B099RPQ2DW, B0C3D52YJM, B0BG6V8R22, B0BG6SRMFG, B0FBFR26TR, B099RQC3DL, B0BG6XDSQM, B0DYH7P1GB, B0C3D12M14, B0DYHX24BQ, B0C3D38HG6, B0FBG37GKW, B0FBF725PC, B099RQSFJQ, B0C3D2LM7R, B0DYHQKP95, B099RRG7DF, B0C3D3XKF3, B099RS1FQQ, B099RPNCNW, B0C3D2N4LQ, B0BMTND76J, B0DYH2QNJH, B099RP8DSM, B0C3D6HGVB, B0FBFQMXZF, B0FBFR5D8G, B0C3D32ZMM, B0DYHQSW7G, B0FBFTFQSM, B0C3D3KPKP, B0C3D3XXQ2, B0FBFZ4VCR, B0C3D661KS]",amzn1.campaign.249I4W4DZPY45,Content Invite: Embrace Effortless Glamour with Vepose 996 Thigh High Boots📢,VEPOSE,2026-07-30,2027-01-01,10.00%,5000.0,5000.0,9,800,false
"[B0D9L7HHP2, B0G2LXKVH3, B0DCG556SW, B0DCG3DTYX, B0DCG3HVQT, B0FPD3357J, B0DCG6CDZM, B0G2LV6L8Q, B0D9L8595T, B0D9L8RWLC, B0D9L8VMM5, B0DCG5MRL3, B0DWJKTTN7, B0D9L8DH6S, B0DCG66WW7, B0D9L8QNV9, B0D9L6H1VN, B0D9L8LQ21, B0D9L7VR8S, B0D9L8RT5Z, B0FPD2BDLK, B0FPD2882F, B0FPLY11K4, B0G2LWP2VD, B0D9L86S66, B0DCG3QSQD, B0FPD16BG8, B0DWJND82X, B0DWJFXRG3, B0DWJF1WMT, B0FPD16QFC, B0DWJ5L6H4, B0FPD2918D, B0FPCZP5LT, B0FS6P4W4H, B0DCG75FTY, B0FPD1LP96, B0DWJW82HS, B0DPQNXXVB, B0DWJCK3SL, B0DPQPCVKV, B0DPQS6BND, B0DCG1XVJC, B0DPQPW16Y, B0D9L8TDRL, B0FPD2YNRX, B0D9L92XS9, B0D9L7MMYX, B0D9L8343W, B0DWJKY7T6, B0DCG5GQMR, B0FS6FQG5V, B0G2LY9FXJ, B0FPCYTGC1, B0G6418XRN, B0DWJ9GWH9, B0D9L84RDQ, B0D9L7L749, B0G2LV66WY, B0FS5W49WQ, B0DCG6KGB5, B0FPD25YG7, B0FV23WV6G, B0FPLW64NT, B0DPQQN87W, B0G2LVJL6Q, B0DCG3R2JD, B0FS6RJSTZ, B0DWJZZQHV, B0G2LVD4QV, B0DPQRP9PM, B0D9L7W2YN, B0FS6YBR2R, B0D9L86KPH, B0DWJ8YC7Z, B0G647VNCJ, B0FS5D93J1, B0DWK1GZWL, B0FS6LGNP6, B0DWJLFJ4F, B0DWK7QBXH, B0D9L7755G, B0DWJV94L9, B0D9L79R8H, B0DPQRV451, B0FPD1XHBY, B0DPQRHMFL, B0D9L772JL, B0DCG1XTJ4, B0DPQR56R3, B0G4BNSNKT, B0G4BQCQ5W, B0D9L8J2VS, B0DWJD6WQR, B0DPQQMPQJ, B0G647QQ23, B0FPD1FRTX, B0DPQQVG46, B0DWJKMTN1, B0G63NKGMB, B0G4BSFW1J, B0FQ5SVZM5, B0FS6FRBDH, B0DCG54X65, B0FPCZVJPS, B0G2LZ7LSC, B0D9L8BJTW, B0D9L84TR3, B0D9L79634, B0DCG5MYFD, B0DPQSNM86, B0D9L8ZHTM, B0D9L6XGV3, B0FQ5Q9R8J, B0D9L8L3Z2, B0DPQRQPYY, B0G4BPP7P4, B0FPCY57Z9, B0G4BRL3VZ, B0DCG854Y8, B0D9L8MRFL, B0D9L88SKM, B0D9L8V9BH, B0D9L85594, B0FS58X1D5, B0DWJP937N, B0DWJXFNJG, B0DWJ9D11P, B0D9L754VW, B0D9L8P74F, B0DPQQLWGT, B0DWK26W44, B0DWJWZCLX, B0DCG831SQ, B0FPD1RG4R, B0FPD16YJL, B0DPQPK81J, B0FS6YNMT4, B0DPQR4G2G, B0G4BQ196B, B0DWJJDPBL, B0D9L8XBSR, B0DPQQK96W, B0DWJTYCH2, B0DCG3GVNX, B0DWJCJDS3, B0D9L878SY, B0DWJD79PC, B0FQ5S3FDD, B0DWJYH1WD, B0FPCZDPSN, B0DCG6XVFB, B0DCG3RC7L, B0FS6R5FFQ, B0DWJY52ZT, B0D9L9PTJW, B0D9L92X44, B0D9L81GBD, B0D9L8B6NZ, B0FPCZGB62, B0FPD2GH9S, B0G2LWD2DP, B0D9L73ZFP, B0DWJMRP3W, B0D9L8BYKJ]",amzn1.campaign.2BP3VP37HWPHC,Boho Washable NonSlip LowPile Rug Creator Promo-2026/07/28,Bavni,2026-07-30,2026-11-03,10.00%,5000.0,5000.0,23,800,false
"[B0D3D96J5G, B0DKN7KRRF, B0DBVDX8WQ, B0DBVFJQCV, B0FPFKSWY7]",amzn1.campaign.EI4GSEN37BPX,DIY Toilet Repair Kit for Champion 4 | Earn 15% Commission,RAINGOWN,2026-07-30,2027-07-30,15.00%,99999.0,99999.0,0,800,false
"[B0G1B2VNXK, B0DT3DN54X, B0DT2RCJW9, B0G2XR1Q86, B0G1B4PVKH, B0G2XVH84K, B0DT3L6Z7S, B0FY5ZQ6Q8, B0DT3ZGXRC, B0FY5XWGJS]",amzn1.campaign.2O9NY3746Q61M,花,hijyord,2026-07-30,2027-07-30,10.00%,5000.0,5000.0,7,800,false
"[B0GX5ZDFGB, B0GX664C25, B0GX64V63X, B0GX6959C8, B0GX6CB2HD, B0GX62QXW5, B0GX66629Y, B0GX67BMPT, B0GX644FG4, B0GX63ZTZ5, B0GX5XGVXT, B0GX5ZPNBJ, B0GX62RPY8, B0GX6CFRNW, B0GX5ZD9YS, B0GX69GJFR, B0GX5W2QTK, B0GX65P9LQ, B0GX68ZV1R]",amzn1.campaign.QE5EV59OYUUM,No Show Bras for Women A-D Cups,Cuteio,2026-07-30,2026-09-30,10.00%,5000.0,4987.1,11,800,false
"[B0H6J8BZPR, B0GWM24TGY, B0FCFKRTR3, B0FCFPPST2, B0F2YF4YC9, B0FJ89HF69, B0FS1QRVTR, B0GTZ92TN4, B0GWLZP4DZ, B0GTZ8SXQD, B0GWDQZ83F, B0GYH6JVS2, B0GV7DTJJ6, B0FCFHKRKW, B0FCFMGFVQ, B0DT56XJBF, B0DT56XFJX, B0DPW5D788, B0F215DLC5, B0DT56KKSK, B0GTZBK2QL, B0FCXP2Y1H, B0DT5QY8ND, B0F3VKYZBM, B0GTZ5771W, B0F3VJ5LMN, B0FJ24TBK9, B0GV7FGLJH, B0FCFLKKW7, B0DT57K7BM, B0DT5QTZPL, B0GWM22TX3, B0F1MJR9RK, B0GTZ9W15W, B0GWLZZ2C4, B0DT5P911K, B0DT56F2SZ, B0FCFMVZPF, B0GWLSQX7N, B0H6J3CC74, B0DLS68M3H, B0FCFJSQKC, B0DT56NMH9, B0DT56JX13, B0H6J7MLSG, B0DT57DVKW, B0DT56V9Z5, B0DT56PV2P, B0DT5TVJ3X, B0GTYZYS96, B0GWM2JNT7, B0GTZBXQ8Q, B0FCFKDDRR, B0FCFLDXV8, B0GTZ6VKQK, B0DZWW2ST2, B0GWLXSL6X, B0GTZ5B7PG, B0DT57Y6R7, B0H6JLQDDZ, B0GWDLQ7QZ, B0G3XJ4WQC, B0FCFHK9Y2, B0FBM8ZXYL, B0DT5XFK4F, B0GV7Q2HVL, B0DT5P8KRM, B0GWF1MZCW, B0FCFLN3D6, B0DT58GS47, B0GTZG1YLH, B0GWDHG86M, B0GTZGNB1S, B0GV7HM8XY, B0FCFMYZ3Y, B0GV7SWF4X, B0D3V538PL, B0FXDRM7CQ, B0FQ1JMHKK, B0GTZ5VJRB, B0DT56WLDQ, B0GTZJNBY7, B0GYGT77MW, B0GWLSNJDG, B0GWDQZ4WX, B0FCFMN1DD, B0DT561PNJ, B0DLK6RRXM, B0GWDNFRWW, B0GV7HVZ1G, B0GWLNNTD5, B0GV7MNQB5, B0FCFHL7RZ, B0DT5XBVXR, B0F214N3JH, B0H6J4X1FK, B0FCFLNGYZ, B0DT57KBL8, B0DPSPQYMD, B0DLK6SXS5, B0DZX3NHD1, B0DT57GTC3, B0GWLXNM99, B0F215M9M4, B0FCFLKH54, B0DXFB4FTY, B0FCFM7PCN, B0GTZB7BJB, B0GV7LS4XN, B0GV7FM1W7, B0GWLZWF85, B0GWM1X4G4]",amzn1.campaign.36PK5D46S4336,10% + Commission（字母系列）,DHQH,2026-07-30,2027-07-30,10.00%,5000.0,5000.0,22,800,false
"[B0D9L7HHP2, B0G2LXKVH3, B0DCG556SW, B0DCG3DTYX, B0DCG3HVQT, B0FPD3357J, B0DCG6CDZM, B0G2LV6L8Q, B0D9L8595T, B0D9L8RWLC, B0D9L8VMM5, B0DCG5MRL3, B0DWJKTTN7, B0D9L8DH6S, B0DCG66WW7, B0D9L8QNV9, B0D9L6H1VN, B0D9L8LQ21, B0D9L7VR8S, B0D9L8RT5Z, B0FPD2BDLK, B0FPD2882F, B0FPLY11K4, B0G2LWP2VD, B0D9L86S66, B0DCG3QSQD, B0FPD16BG8, B0DWJND82X, B0DWJFXRG3, B0DWJF1WMT, B0FPD16QFC, B0DWJ5L6H4, B0FPD2918D, B0FPCZP5LT, B0FS6P4W4H, B0DCG75FTY, B0FPD1LP96, B0DWJW82HS, B0DPQNXXVB, B0DWJCK3SL, B0DPQPCVKV, B0DPQS6BND, B0DCG1XVJC, B0DPQPW16Y, B0D9L8TDRL, B0FPD2YNRX, B0D9L92XS9, B0D9L7MMYX, B0D9L8343W, B0DWJKY7T6, B0DCG5GQMR, B0FS6FQG5V, B0G2LY9FXJ, B0FPCYTGC1, B0G6418XRN, B0DWJ9GWH9, B0D9L84RDQ, B0D9L7L749, B0G2LV66WY, B0FS5W49WQ, B0DCG6KGB5, B0FPD25YG7, B0FV23WV6G, B0FPLW64NT, B0DPQQN87W, B0G2LVJL6Q, B0DCG3R2JD, B0FS6RJSTZ, B0DWJZZQHV, B0G2LVD4QV, B0DPQRP9PM, B0D9L7W2YN, B0FS6YBR2R, B0D9L86KPH, B0DWJ8YC7Z, B0G647VNCJ, B0FS5D93J1, B0DWK1GZWL, B0FS6LGNP6, B0DWJLFJ4F, B0DWK7QBXH, B0D9L7755G, B0DWJV94L9, B0D9L79R8H, B0DPQRV451, B0FPD1XHBY, B0DPQRHMFL, B0D9L772JL, B0DCG1XTJ4, B0DPQR56R3, B0G4BNSNKT, B0G4BQCQ5W, B0D9L8J2VS, B0DWJD6WQR, B0DPQQMPQJ, B0G647QQ23, B0FPD1FRTX, B0DPQQVG46, B0DWJKMTN1, B0G63NKGMB, B0G4BSFW1J, B0FQ5SVZM5, B0FS6FRBDH, B0DCG54X65, B0FPCZVJPS, B0G2LZ7LSC, B0D9L8BJTW, B0D9L84TR3, B0D9L79634, B0DCG5MYFD, B0DPQSNM86, B0D9L8ZHTM, B0D9L6XGV3, B0FQ5Q9R8J, B0D9L8L3Z2, B0DPQRQPYY, B0G4BPP7P4, B0FPCY57Z9, B0G4BRL3VZ, B0DCG854Y8, B0D9L8MRFL, B0D9L88SKM, B0D9L8V9BH, B0D9L85594, B0FS58X1D5, B0DWJP937N, B0DWJXFNJG, B0DWJ9D11P, B0D9L754VW, B0D9L8P74F, B0DPQQLWGT, B0DWK26W44, B0DWJWZCLX, B0DCG831SQ, B0FPD1RG4R, B0FPD16YJL, B0DPQPK81J, B0FS6YNMT4, B0DPQR4G2G, B0G4BQ196B, B0DWJJDPBL, B0D9L8XBSR, B0DPQQK96W, B0DWJTYCH2, B0DCG3GVNX, B0DWJCJDS3, B0D9L878SY, B0DWJD79PC, B0FQ5S3FDD, B0DWJYH1WD, B0FPCZDPSN, B0DCG6XVFB, B0DCG3RC7L, B0FS6R5FFQ, B0DWJY52ZT, B0D9L9PTJW, B0D9L92X44, B0D9L81GBD, B0D9L8B6NZ, B0FPCZGB62, B0FPD2GH9S, B0G2LWD2DP, B0D9L73ZFP, B0DWJMRP3W, B0D9L8BYKJ]",amzn1.campaign.1KL58MMBMXSGE,Boho Washable NonSlip LowPile Rug Creator Promo-2026/07/28,Bavni,2026-07-30,2026-11-02,10.00%,5000.0,5000.0,20,800,false
"[B0GC645Y1Z, B0GTZ4KLLL, B0GC63576R, B0GC4PJ2B1, B0GC4SVMQW, B0H8Y8GC2Y, B0GC55MVVV, B0GC5CHHS1, B0GZMHLTM1, B0H94QNVX5, B0GC5R696B, B0GC4TVXDD, B0GC5PFKZV, B0GC5RMH4V, B0GRTJ5GD2, B0GVDZDKHH, B0GC6JJ3S4, B0GZP1VQZW, B0GC553JBQ]",amzn1.campaign.3507JM4AUVX5V,Partner with Heyfanee: 15% Commission for 34HF,Heyfanee,2026-07-30,2026-11-04,15.00%,5000.0,5000.0,21,800,false
"[B0H5C9J62N, B0H5CG1QCW, B0H5C6GNGZ, B0H5C4TP3Q]",amzn1.campaign.3T8GRABS26WVS,SQYZ Pregnancy Pillow,SQYZ,2026-07-31,2026-12-31,10.00%,10000.0,9899.93,0,800,false
[B0GYR8RGJ7],amzn1.campaign.3TG21ISEFAEHH,DW30,HOAHOA,2026-07-30,2027-07-30,10.00%,5000.0,4803.36,0,800,false
"[B0DT3XS57W, B0DT3DMT7Z, B0DT3MDDHP, B0DT3DPNG6, B0DT3KC3J5, B0DT3VZJJT, B0DT3RDC2W, B0DT3N7RLZ, B0DT3RJXV1]",amzn1.campaign.2Y76MRZCUK5PZ,暗黑,hijyord,2026-07-30,2027-07-30,10.00%,5000.0,5000.0,10,800,false
"[B0H2XW5FB4, B0H274Q29M, B0H3TZ8F1Z, B0H28BCRGD]",amzn1.campaign.HN5F1J2KY3EE,🔥 50% OFF + Earn 14% Commission | Perfect for Fitness Creators!!,teyy,2026-07-30,2027-02-06,14.00%,5000.0,5000.0,26,800,false
[B0GXTHZT2F],amzn1.campaign.1A5QNH3JK7U7N,0728-B0GXTHZT2F-30,VONKO,2026-07-30,2026-11-21,10.30%,9999.0,9999.0,10,800,false
"[B0D9L7HHP2, B0G2LXKVH3, B0DCG556SW, B0DCG3DTYX, B0DCG3HVQT, B0FPD3357J, B0DCG6CDZM, B0G2LV6L8Q, B0D9L8595T, B0D9L8RWLC, B0D9L8VMM5, B0DCG5MRL3, B0DWJKTTN7, B0D9L8DH6S, B0DCG66WW7, B0D9L8QNV9, B0D9L6H1VN, B0D9L8LQ21, B0D9L7VR8S, B0D9L8RT5Z, B0FPD2BDLK, B0FPD2882F, B0FPLY11K4, B0G2LWP2VD, B0D9L86S66, B0DCG3QSQD, B0FPD16BG8, B0DWJND82X, B0DWJFXRG3, B0DWJF1WMT, B0FPD16QFC, B0DWJ5L6H4, B0FPD2918D, B0FPCZP5LT, B0FS6P4W4H, B0DCG75FTY, B0FPD1LP96, B0DWJW82HS, B0DPQNXXVB, B0DWJCK3SL, B0DPQPCVKV, B0DPQS6BND, B0DCG1XVJC, B0DPQPW16Y, B0D9L8TDRL, B0FPD2YNRX, B0D9L92XS9, B0D9L7MMYX, B0D9L8343W, B0DWJKY7T6, B0DCG5GQMR, B0FS6FQG5V, B0G2LY9FXJ, B0FPCYTGC1, B0G6418XRN, B0DWJ9GWH9, B0D9L84RDQ, B0D9L7L749, B0G2LV66WY, B0FS5W49WQ, B0DCG6KGB5, B0FPD25YG7, B0FV23WV6G, B0FPLW64NT, B0DPQQN87W, B0G2LVJL6Q, B0DCG3R2JD, B0FS6RJSTZ, B0DWJZZQHV, B0G2LVD4QV, B0DPQRP9PM, B0D9L7W2YN, B0FS6YBR2R, B0D9L86KPH, B0DWJ8YC7Z, B0G647VNCJ, B0FS5D93J1, B0DWK1GZWL, B0FS6LGNP6, B0DWJLFJ4F, B0DWK7QBXH, B0D9L7755G, B0DWJV94L9, B0D9L79R8H, B0DPQRV451, B0FPD1XHBY, B0DPQRHMFL, B0D9L772JL, B0DCG1XTJ4, B0DPQR56R3, B0G4BNSNKT, B0G4BQCQ5W, B0D9L8J2VS, B0DWJD6WQR, B0DPQQMPQJ, B0G647QQ23, B0FPD1FRTX, B0DPQQVG46, B0DWJKMTN1, B0G63NKGMB, B0G4BSFW1J, B0FQ5SVZM5, B0FS6FRBDH, B0DCG54X65, B0FPCZVJPS, B0G2LZ7LSC, B0D9L8BJTW, B0D9L84TR3, B0D9L79634, B0DCG5MYFD, B0DPQSNM86, B0D9L8ZHTM, B0D9L6XGV3, B0FQ5Q9R8J, B0D9L8L3Z2, B0DPQRQPYY, B0G4BPP7P4, B0FPCY57Z9, B0G4BRL3VZ, B0DCG854Y8, B0D9L8MRFL, B0D9L88SKM, B0D9L8V9BH, B0D9L85594, B0FS58X1D5, B0DWJP937N, B0DWJXFNJG, B0DWJ9D11P, B0D9L754VW, B0D9L8P74F, B0DPQQLWGT, B0DWK26W44, B0DWJWZCLX, B0DCG831SQ, B0FPD1RG4R, B0FPD16YJL, B0DPQPK81J, B0FS6YNMT4, B0DPQR4G2G, B0G4BQ196B, B0DWJJDPBL, B0D9L8XBSR, B0DPQQK96W, B0DWJTYCH2, B0DCG3GVNX, B0DWJCJDS3, B0D9L878SY, B0DWJD79PC, B0FQ5S3FDD, B0DWJYH1WD, B0FPCZDPSN, B0DCG6XVFB, B0DCG3RC7L, B0FS6R5FFQ, B0DWJY52ZT, B0D9L9PTJW, B0D9L92X44, B0D9L81GBD, B0D9L8B6NZ, B0FPCZGB62, B0FPD2GH9S, B0G2LWD2DP, B0D9L73ZFP, B0DWJMRP3W, B0D9L8BYKJ]",amzn1.campaign.2CQ3UELCM6XA8,Boho Washable NonSlip LowPile Rug Creator Promo-2026/07/28,Bavni,2026-07-30,2026-11-01,10.00%,5000.0,5000.0,23,800,false
"[B0GKNH4N6G, B0GKNB8QSH, B0GKNKX9QB]",amzn1.campaign.3P4N607YSM97G,Amico Double-Sided LED Exit Sign with Acrylic Panel（15% commission rate）,Amico,2026-07-30,2026-09-30,15.00%,5000.0,5000.0,4,800,false
[B0GXTHZT2F],amzn1.campaign.3VFQ1N7W8L54M,0728-B0GXTHZT2F-29,VONKO,2026-07-30,2026-11-21,10.29%,9999.0,9999.0,16,800,false
"[B0GQGQ3JYT, B0GQH27YM5, B0GQH68Q1G, B0GQGYPFQ5, B0GQH5XP1M, B0GQGZ74RF, B0GQH2GNHQ, B0GQGQMRK3]",amzn1.campaign.1Z102I5KLH1UJ,10% Commission for Honda Accord 2000-2026 Faux Leather Seat Cover Features,FaiFani,2026-07-31,2026-12-29,10.00%,5000.0,4989.3,4,800,false
[B0GXTHZT2F],amzn1.campaign.2DAO8IQIJ3WRU,0728-B0GXTHZT2F-28,VONKO,2026-07-30,2026-11-21,10.28%,9999.0,9999.0,14,800,false
"[B0GC645Y1Z, B0GTZ4KLLL, B0GC63576R, B0GC4PJ2B1, B0GC4SVMQW, B0H8Y8GC2Y, B0GC55MVVV, B0GC5CHHS1, B0GZMHLTM1, B0H94QNVX5, B0GC5R696B, B0GC4TVXDD, B0GC5PFKZV, B0GC5RMH4V, B0GRTJ5GD2, B0GVDZDKHH, B0GC6JJ3S4, B0GZP1VQZW, B0GC553JBQ]",amzn1.campaign.2YYM8Y5P8ZJDA,Earn 15% Commission with Heyfanee 34HF,Heyfanee,2026-07-30,2026-11-03,15.00%,5000.0,5000.0,20,800,false
"[B0D9L7HHP2, B0G2LXKVH3, B0DCG556SW, B0DCG3DTYX, B0DCG3HVQT, B0FPD3357J, B0DCG6CDZM, B0G2LV6L8Q, B0D9L8595T, B0D9L8RWLC, B0D9L8VMM5, B0DCG5MRL3, B0DWJKTTN7, B0D9L8DH6S, B0DCG66WW7, B0D9L8QNV9, B0D9L6H1VN, B0D9L8LQ21, B0D9L7VR8S, B0D9L8RT5Z, B0FPD2BDLK, B0FPD2882F, B0FPLY11K4, B0G2LWP2VD, B0D9L86S66, B0DCG3QSQD, B0FPD16BG8, B0DWJND82X, B0DWJFXRG3, B0DWJF1WMT, B0FPD16QFC, B0DWJ5L6H4, B0FPD2918D, B0FPCZP5LT, B0FS6P4W4H, B0DCG75FTY, B0FPD1LP96, B0DWJW82HS, B0DPQNXXVB, B0DWJCK3SL, B0DPQPCVKV, B0DPQS6BND, B0DCG1XVJC, B0DPQPW16Y, B0D9L8TDRL, B0FPD2YNRX, B0D9L92XS9, B0D9L7MMYX, B0D9L8343W, B0DWJKY7T6, B0DCG5GQMR, B0FS6FQG5V, B0G2LY9FXJ, B0FPCYTGC1, B0G6418XRN, B0DWJ9GWH9, B0D9L84RDQ, B0D9L7L749, B0G2LV66WY, B0FS5W49WQ, B0DCG6KGB5, B0FPD25YG7, B0FV23WV6G, B0FPLW64NT, B0DPQQN87W, B0G2LVJL6Q, B0DCG3R2JD, B0FS6RJSTZ, B0DWJZZQHV, B0G2LVD4QV, B0DPQRP9PM, B0D9L7W2YN, B0FS6YBR2R, B0D9L86KPH, B0DWJ8YC7Z, B0G647VNCJ, B0FS5D93J1, B0DWK1GZWL, B0FS6LGNP6, B0DWJLFJ4F, B0DWK7QBXH, B0D9L7755G, B0DWJV94L9, B0D9L79R8H, B0DPQRV451, B0FPD1XHBY, B0DPQRHMFL, B0D9L772JL, B0DCG1XTJ4, B0DPQR56R3, B0G4BNSNKT, B0G4BQCQ5W, B0D9L8J2VS, B0DWJD6WQR, B0DPQQMPQJ, B0G647QQ23, B0FPD1FRTX, B0DPQQVG46, B0DWJKMTN1, B0G63NKGMB, B0G4BSFW1J, B0FQ5SVZM5, B0FS6FRBDH, B0DCG54X65, B0FPCZVJPS, B0G2LZ7LSC, B0D9L8BJTW, B0D9L84TR3, B0D9L79634, B0DCG5MYFD, B0DPQSNM86, B0D9L8ZHTM, B0D9L6XGV3, B0FQ5Q9R8J, B0D9L8L3Z2, B0DPQRQPYY, B0G4BPP7P4, B0FPCY57Z9, B0G4BRL3VZ, B0DCG854Y8, B0D9L8MRFL, B0D9L88SKM, B0D9L8V9BH, B0D9L85594, B0FS58X1D5, B0DWJP937N, B0DWJXFNJG, B0DWJ9D11P, B0D9L754VW, B0D9L8P74F, B0DPQQLWGT, B0DWK26W44, B0DWJWZCLX, B0DCG831SQ, B0FPD1RG4R, B0FPD16YJL, B0DPQPK81J, B0FS6YNMT4, B0DPQR4G2G, B0G4BQ196B, B0DWJJDPBL, B0D9L8XBSR, B0DPQQK96W, B0DWJTYCH2, B0DCG3GVNX, B0DWJCJDS3, B0D9L878SY, B0DWJD79PC, B0FQ5S3FDD, B0DWJYH1WD, B0FPCZDPSN, B0DCG6XVFB, B0DCG3RC7L, B0FS6R5FFQ, B0DWJY52ZT, B0D9L9PTJW, B0D9L92X44, B0D9L81GBD, B0D9L8B6NZ, B0FPCZGB62, B0FPD2GH9S, B0G2LWD2DP, B0D9L73ZFP, B0DWJMRP3W, B0D9L8BYKJ]",amzn1.campaign.2VO5MZQP0CDQ2,Boho Washable NonSlip LowPile Rug Creator Promo-2026/07/28,Bavni,2026-07-30,2026-10-31,10.00%,5000.0,5000.0,23,800,false
[B0GXTHZT2F],amzn1.campaign.3QY8XBB6JDIHS,0728-B0GXTHZT2F-27,VONKO,2026-07-30,2026-11-21,10.27%,9999.0,9999.0,18,800,false
"[B0GCJ51PLY, B0GCHTC1ZJ, B0GCHT9VXV, B0GLFZD9NM, B0H9LNGZL4, B0H9L9BZV9, B0GLNGJT39, B0GLG79CQ4, B0H9L7T324, B0GCM5NNMZ, B0H9LKBXQV, B0GLP1NV3S, B0GCHKLRPJ, B0H9LZRXM8, B0H9LJ2ZXB, B0GLP9KWZ6, B0GCJT3TFD, B0G92YBGM7, B0GCKPWJQR, B0GCLMFNWS, B0GCHJ27MD, B0G9373N7C, B0G92W9GLS, B0GCGY1W7H, B0H9LMDTSJ, B0G936KP17, B0H9LYRGNV, B0GLPK56BR, B0GCK52LYP, B0G93P1HJJ, B0H9LC2SCM, B0GCK39LMP, B0H9L6NW65, B0GCHMD3JV, B0GCJTCX5L, B0GCMLL876, B0GLPHXRVM, B0GLP8SCDQ, B0GLND3LLS, B0H9LJQLWL, B0GCM85KHB, B0GLPSTW7W, B0H9LQDR48, B0GCLLCGJK, B0GLPBJP3J, B0H9LJSS73, B0GCHWVR66, B0GCHY6PQG, B0GLPRF8SD, B0H9LN6TWK, B0GLHL3VNK, B0GCJFYMBP, B0G94MW6SK, B0GCJ1NG6G, B0GCK41VS3, B0GLPTQ7G5, B0H9LN2TBZ, B0GCJB14KR, B0GCM5TJQ2, B0GCMZLCDM, B0H9LLTXM1, B0GLGC6QNJ, B0GCL4KYK9, B0GLPF255X, B0G4W4GV9V, B0GLPCR9BP, B0G93829BT, B0H9LL88GL, B0GCGKSL3F, B0GLHRW9H3, B0H9LG4Z92, B0GCJY27BM, B0GCJSC7NM, B0GCJQ3Z1T, B0G93R3V24, B0H9LPRTSQ, B0H9LPCLQ4, B0GLPVHVDL, B0GLGX1N3H, B0GCGKJR27, B0G946LXT8, B0GCJPNHSW, B0GLPKCVCT, B0G93SNTK8, B0H9LB799F, B0H9LXQXC8, B0H9LTHSZH, B0H9LMCKHG, B0G94D8DLP, B0GLNTV9NR, B0GLNX1QNZ, B0GLNDGQG2, B0GLG5JGBV, B0H9L63LN6, B0GLNQDJKG, B0GCMYP69P, B0GL29FX9G, B0G93F9J38, B0GLNGSVK6, B0GLPFMJJ4, B0GLNQRP1J, B0GLP3JY48, B0GCLXRKCJ, B0GCHHZ2DF, B0GCHWMRDX, B0GLPX3W88, B0GLPY985P, B0G941D5RG, B0GLPVCMWS, B0GLN9T4JF, B0GCM7S7YR, B0H9LTHT25, B0GLNP2WMD]",amzn1.campaign.QDN51W7FIMPE,500+10% Kids Room Wall Decal Sticker,Kidapsis,2026-07-30,2027-07-30,10.00%,5000.0,4998.7,3,800,false
"[B0DT2TD3XN, B0DT3TN4PZ, B0DT3K86KM, B0DT3Y9MSF]",amzn1.campaign.15HONYSP5O2EX,耶稣,hijyord,2026-07-30,2027-07-30,10.00%,5000.0,5000.0,12,800,false
"[B0DFPTWNJF, B0DFPNP4QG, B0DFPG5TY4, B0DFPT65P6, B0DKF5DRRZ]",amzn1.campaign.IHVJBMWR1PQ2,Wearable Hooded Blanket | CBDWFY7036-10%-4,CUBRIDGE,2026-07-30,2026-10-31,10.00%,5000.0,5000.0,24,800,false
"[B0D7S8LLNL, B0G1T9WKRM, B0DMVGFP4X, B0D7S7G29G, B0DMVF2WFD, B0DMVDMZP7, B0D7S87X2W, B0G1T3T8NZ, B0G1T7TZLG, B0DMVDXX69, B0D7S5SVP2, B0D7S96TTB, B0G1TC87WB, B0DMVF7Q3Z, B0D7S9B2XN, B0DMVFPSRZ, B0DMVH23SN, B0D7S8KJDK, B0DMVG45WJ, B0DMVGG55T, B0G1T7RQPV, B0D7S5WBNS, B0DMVF7LWX, B0D7S7RQFP, B0D7S8H7Q2, B0DMVF8MVV, B0D7S7FSVF, B0D7S8CQBG, B0G1TPZJKR, B0G1TPZJKQ, B0D7S64BWG, B0D7S6NB4R, B0D7S7CQKF, B0D7S85ZZS, B0G1T3TPXZ, B0DMVDXPZ9, B0D7S5TS4C, B0D7S8QT9L, B0G1TBPDSK, B0D7S89TGM, B0D7S7TLP3, B0D7S5KC2X, B0DNJQV3T8, B0D7S7Y5YT, B0DMVCR6K1, B0DMVFWFS6, B0DMVDRJF7, B0G1T7SPJG, B0D7S8WM4H]",amzn1.campaign.36KDORIR0U4R9,Retro Wide Gold Buckle Elastic Waist Belt – 15% Commission + Free Sample,Waist Wow,2026-07-30,2027-03-01,10.00%,20000.0,20000.0,2,800,false
"[B0DTK4Z43S, B07NZ69KZZ, B0DNPHMV9Y, B0C7BYWSGL, B0CYFS6LG9, B0DTK6DPWR, B07H4MSJPG, B0CG566NLT, B07P194R29, B0CG586BH1, B0CYFQ3YQ4, B0CG576935, B0DNPRF75S, B0C7BXKN2D, B0C532SLJW, B0C52P7ZMK, B0CG56TKCG, B07DNXKLZG, B07P18XFL1, B0CG57JLY5, B0CYFQ2ZHY, B07NZ7VFSY, B0CYFCKJV3, B0CYFQ6JX6, B0DNP6RLKR, B07DNXRTR2, B0C52RTLR8, B0CYFKRBHB, B0DQTLNNDC, B07DNWCVWX, B0C52VN38V, B0DTK443TG, B0CYFZV4JY, B0DNP519YH, B0DQTJ291Y, B0DNPVS2FY, B0DTK661X1, B0DTK5BX5K, B0D3BN2KM1, B07DNY9Z9F, B0C52QS56T, B0DTK4M52Q, B07NY9LSZ4, B0CYFLHX69, B0CYG65PX4, B0CYFJ1NW6]",amzn1.campaign.3O1HF628LJAOB,Win-Win Collaboration:Promote GINGTTO 2g Mens Ripped Jeans & Earn 15% Commission,GINGTTO,2026-07-30,2026-10-31,15.00%,5000.0,5000.0,9,800,false
"[B0D9L7HHP2, B0G2LXKVH3, B0DCG556SW, B0DCG3DTYX, B0DCG3HVQT, B0FPD3357J, B0DCG6CDZM, B0G2LV6L8Q, B0D9L8595T, B0D9L8RWLC, B0D9L8VMM5, B0DCG5MRL3, B0DWJKTTN7, B0D9L8DH6S, B0DCG66WW7, B0D9L8QNV9, B0D9L6H1VN, B0D9L8LQ21, B0D9L7VR8S, B0D9L8RT5Z, B0FPD2BDLK, B0FPD2882F, B0FPLY11K4, B0G2LWP2VD, B0D9L86S66, B0DCG3QSQD, B0FPD16BG8, B0DWJND82X, B0DWJFXRG3, B0DWJF1WMT, B0FPD16QFC, B0DWJ5L6H4, B0FPD2918D, B0FPCZP5LT, B0FS6P4W4H, B0DCG75FTY, B0FPD1LP96, B0DWJW82HS, B0DPQNXXVB, B0DWJCK3SL, B0DPQPCVKV, B0DPQS6BND, B0DCG1XVJC, B0DPQPW16Y, B0D9L8TDRL, B0FPD2YNRX, B0D9L92XS9, B0D9L7MMYX, B0D9L8343W, B0DWJKY7T6, B0DCG5GQMR, B0FS6FQG5V, B0G2LY9FXJ, B0FPCYTGC1, B0G6418XRN, B0DWJ9GWH9, B0D9L84RDQ, B0D9L7L749, B0G2LV66WY, B0FS5W49WQ, B0DCG6KGB5, B0FPD25YG7, B0FV23WV6G, B0FPLW64NT, B0DPQQN87W, B0G2LVJL6Q, B0DCG3R2JD, B0FS6RJSTZ, B0DWJZZQHV, B0G2LVD4QV, B0DPQRP9PM, B0D9L7W2YN, B0FS6YBR2R, B0D9L86KPH, B0DWJ8YC7Z, B0G647VNCJ, B0FS5D93J1, B0DWK1GZWL, B0FS6LGNP6, B0DWJLFJ4F, B0DWK7QBXH, B0D9L7755G, B0DWJV94L9, B0D9L79R8H, B0DPQRV451, B0FPD1XHBY, B0DPQRHMFL, B0D9L772JL, B0DCG1XTJ4, B0DPQR56R3, B0G4BNSNKT, B0G4BQCQ5W, B0D9L8J2VS, B0DWJD6WQR, B0DPQQMPQJ, B0G647QQ23, B0FPD1FRTX, B0DPQQVG46, B0DWJKMTN1, B0G63NKGMB, B0G4BSFW1J, B0FQ5SVZM5, B0FS6FRBDH, B0DCG54X65, B0FPCZVJPS, B0G2LZ7LSC, B0D9L8BJTW, B0D9L84TR3, B0D9L79634, B0DCG5MYFD, B0DPQSNM86, B0D9L8ZHTM, B0D9L6XGV3, B0FQ5Q9R8J, B0D9L8L3Z2, B0DPQRQPYY, B0G4BPP7P4, B0FPCY57Z9, B0G4BRL3VZ, B0DCG854Y8, B0D9L8MRFL, B0D9L88SKM, B0D9L8V9BH, B0D9L85594, B0FS58X1D5, B0DWJP937N, B0DWJXFNJG, B0DWJ9D11P, B0D9L754VW, B0D9L8P74F, B0DPQQLWGT, B0DWK26W44, B0DWJWZCLX, B0DCG831SQ, B0FPD1RG4R, B0FPD16YJL, B0DPQPK81J, B0FS6YNMT4, B0DPQR4G2G, B0G4BQ196B, B0DWJJDPBL, B0D9L8XBSR, B0DPQQK96W, B0DWJTYCH2, B0DCG3GVNX, B0DWJCJDS3, B0D9L878SY, B0DWJD79PC, B0FQ5S3FDD, B0DWJYH1WD, B0FPCZDPSN, B0DCG6XVFB, B0DCG3RC7L, B0FS6R5FFQ, B0DWJY52ZT, B0D9L9PTJW, B0D9L92X44, B0D9L81GBD, B0D9L8B6NZ, B0FPCZGB62, B0FPD2GH9S, B0G2LWD2DP, B0D9L73ZFP, B0DWJMRP3W, B0D9L8BYKJ]",amzn1.campaign.1YCUFEPY1PBHF,Boho Washable NonSlip LowPile Rug Creator Promo-2026/07/28,Bavni,2026-07-30,2026-10-30,10.00%,5000.0,5000.0,23,800,false
"[B0H274Q29M, B0H2XW5FB4, B0H3TZ8F1Z, B0H28BCRGD]",amzn1.campaign.1VFDKVRO98WNK,14% Commission | Help Your Audience Stay Active with patella band,teyy,2026-07-30,2027-02-26,14.00%,5000.0,5000.0,20,800,false
"[B0H6MDLF3H, B0GXDPZH2X]",amzn1.campaign.1EJY8NDNY3W7G,CY01,Rosefly,2026-07-30,2027-01-01,20.00%,5000.0,5000.0,0,800,false
"[B0H5BZQWRX, B0H5C3TYNL, B0H5BY97BX, B0H5C1BCSW, B0H7S888FQ, B0H7S6FCH2, B0H5C1DYMS, B0H5C34KJ9, B0H5BZHWN5, B0H5C57KFQ, B0H7S47KK8, B0H5C2ZZ1B, B0H5C7RRF6, B0H5BYSS5S]",amzn1.campaign.1QJOFESFXM0TO,"Sport Silicone Bands Compatible with Google Fitbit Air Band,Waterproof",Vigamen,2026-07-30,2026-12-31,10.00%,5000.0,4971.55,6,800,false
[B0GXTHZT2F],amzn1.campaign.3EEFMI29XIB0B,0728-B0GXTHZT2F-26,VONKO,2026-07-30,2026-11-21,10.26%,9999.0,9999.0,17,800,false
[B0H87MM42W],amzn1.campaign.BCSXK033UPZW,2-in-1 Wireless CarPlay Adapters,CENTURY SOLUTIONS,2026-08-31,2027-01-31,15.00%,5000.0,4995.2,0,800,false
"[B0GC645Y1Z, B0GTZ4KLLL, B0GC63576R, B0GC4PJ2B1, B0GC4SVMQW, B0H8Y8GC2Y, B0GC55MVVV, B0GC5CHHS1, B0GZMHLTM1, B0H94QNVX5, B0GC5R696B, B0GC4TVXDD, B0GC5PFKZV, B0GC5RMH4V, B0GRTJ5GD2, B0GVDZDKHH, B0GC6JJ3S4, B0GZP1VQZW, B0GC553JBQ]",amzn1.campaign.2XFVVHYBRNLVN,Promote Heyfanee 34HF and Earn a 15% Commission!,Heyfanee,2026-07-30,2026-11-02,15.00%,5000.0,5000.0,21,800,false
"[B0DT487C8T, B0DT468WV4, B0DT3ZPVB9, B0F43JVZT6, B0DT3MFW1Y, B0F43HYFGQ, B0DT3WBMTM, B0DT3KD4JB, B0FVXMW1Z4, B0G4R3D76T, B0FJRMFZHW]",amzn1.campaign.1PSHUHJEBKHPZ,儿童房,hijyord,2026-07-30,2027-07-30,10.00%,5000.0,5000.0,6,800,false
"[B0H722RSLX, B0H71T9WLS, B0H71NDP8M, B0H71WJ9LW, B0H71WT8HR, B0H71W84Q1, B0H721KBPD, B0H71ZQM8M, B0H71P9VL2, B0H71RSMYG, B0H721R4YG, B0H72FJSBN, B0H71YQQ42]",amzn1.campaign.EC700KY3U5X6,「10% Commission｜Slim Silicone Band for Galaxy Watch 9/8 & 8 Classic Women」,Adorve,2026-07-30,2026-10-31,10.00%,10000.0,9957.96,9,800,false
"[B0GVS71P15, B0FH97NCTC, B0FHB2STW1]",amzn1.campaign.3FAO5XOCFB6JF,"✨ 3 Toners, 3 Ways to Glow – Now at an All‑Time Low + Extra 10% OFF! ✨",SKINTIFIC,2026-07-30,2026-11-30,20.00%,5000.0,4988.61,0,800,false
"[B0GKNDLF7Z, B0GKNC3N1G, B0GKNKN35Q, B0GKNHJXYF]",amzn1.campaign.3FBREUEFDBO,Amico Commercial Double-Sided LED Exit Sign（15% commission rate）,Amico,2026-07-30,2026-09-30,15.00%,5000.0,5000.0,2,800,false
"[B0D7ZQKN3M, B0D8T969Y6, B0D928D9PJ, B09PMQ3T67, B0D928K65G, B0G6K5PNBZ, B0D9289N9R, B0BNPCP2XK, B0D92865QJ, B0D927NWHY, B0D8TDGHSG, B0D926QDXG, B09PMQ7YV5, B0D928H49H, B0D9VQ5SVF, B0D926MHL6, B0D8T3QXJ8, B0D9279HJY, B0G6KHYJST, B0D7ZS6KWB, B0D8T379YY, B0D926SMCS, B09PNBF5FJ, B0D7ZQZ4SD, B0D9294NMD, B0D929BCN7, B0D8SX6XX4, B0DY125B1W, B0D7ZMNZSX, B0D927QB4Z, B0D8TBVD96, B0BNPM1MSB, B0D7ZPDG95, B0DY11TRQV, B0D7ZRS6Q3, B0D929J1R8, B0D92852M5, B09PMP86FZ, B0D8T3M531, B0D929TLH7, B0D928GB7N, B0D929M72R, B0BNPDH2SY, B0DY11YDHL, B0D928NHN1, B0D7ZSSNDN, B0D7ZRK5G9, B0D7ZQ9ZBG, B0D927SWYR, B09PMR7XV2, B0G6K4YF2T, B0D929BBJ5, B09PNCFWKD, B0G6KB5ZGK, B0D928CG2B, B0D927P6FH, B09BQ9WYRR, B0BNPCMM9Q, B0G6JSTZFG, B0D8T4KJJ5, B0D8TB98Z4, B0D928Y723, B0D92929NR, B0D8T393LQ, B0G6KJHJK8, B09PMR82DJ, B0D8T418S6, B09PNCDJXY, B0DY14ND5W, B0D9292N62, B0D8T3GJPJ, B0D7YTSL7Z, B0D928L89M, B09PMQ9HJ6, B0D7ZQXQ5W, B0DY1B1KP1, B0D927VY9P, B0C8H87JVW, B09PNC1LRC, B09PMMMCRX, B0D7ZSYP9B, B0D7ZSSNGP, B0D7ZQ2QJ9, B0D7ZQZDZK, B0DY17HS1S, B0BNP96C85, B0D9287SKF, B09PNCJ371, B09PNCHNRK, B0D926TND8, B0D8T3ZZX5, B09PNB8QFC, B0D9271LM1, B0D8T9YHMM, B0D7ZTLZWT, B0D7ZTZM3R, B0D7ZS2KCQ, B0D7ZPYT6J, B0D928RJJ1, B09PNBTTXL, B0D9277G11, B0D8T57173, B0D927R2WP, B0D9289WNG, B0D927W71L, B0D8T29Y53, B0D8T2DFQW, B0D928GRQB, B0D8T4FDPX, B0D7ZRRL7J, B0D7ZSB9F5, B0D8T9MG81, B0DY152SP1, B09PMNJSL1, B0D7ZPGJM2, B0D7ZTLL33, B0D7ZQ91HL, B0D7ZR26JR, B0D7ZPJ2TJ, B0DY1DQL7J, B0D7YTVB7F, B0D927NYFQ, B0D925N1LW, B0D927FPKY, B09PNBMWM4, B0D9268DX4, B0D926DKDL, B0D927RFTZ, B0BNPCY7Q3, B0D927MP79, B0D7ZQB1LM, B0BNPBS12F, B0BNPF183M, B09PMRHVFS, B0BNPDHLMT, B09N8PN7S9, B0D927HTKG, B0D924VC6Q, B0D92874C8, B0D928MMT1, B0D928HDPT, B0D8T3X12K, B0D928PKG9, B0D9274MYV, B0D927R3LP, B0D9294WVG, B0D92897CT, B0D9282FVM, B0D928GGZM, B0D927SBHD, B0D92722JD, B0D928WDBZ, B0BNPCJD41, B09PMY6XR4, B09PN9P1SW, B0D8TDGHN1, B09PN9SW4H, B09BQ89394, B0D7ZR7B45, B0D928JGPD, B0D7YTT4D4, B0D7ZS7RWY, B0D7ZPTNQN, B0D7ZPW3SD, B0D7ZRN24D, B0D9285Z9D, B0D929CWNS, B0D7ZR54B9, B09BQGDJ35, B0DY15GTXX, B0D928MMZP, B0D9283V75, B09PNBTW3Y, B0BNPG6CC6, B0D9VQNTZT, B0D7ZPLWZS, B09PMQ8Z8J, B0BNPDDBLM, B0BNPDGRBW, B0G6KB8DJ1, B0D928XZ1D, B0D927LGM8, B0G6KDW7W2, B0D8T1RHL6, B09PMRNGT7, B0D7ZNJCRR, B0D7ZPH8KH, B09PMVZZBT, B09PNBJ5RK, B0G6KHKM4R, B0D7ZPVKGD, B0D7ZQ2Z2R, B0D928TW5Q, B0D7ZP7DVG, B09PN9SS1F, B0D9283SP5, B0D928B7KR, B0D7ZNHKHB, B0D7ZMWK7G, B0D9286Y1J, B0D927KDFR, B09PMTV8CN, B0BNPCG7H8, B0D7ZPDY6N, B0D928B4GD, B0BNPGQQJZ, B0D9286CHF, B0D9291SYV, B0D928Q48W, B09PMWLYNP, B0D927D7BJ, B0BNPBXXRX, B0BNPDQ9RG, B0D928VZ4Z, B09PMQ8KZ6, B0BNPCS2ZT, B0D7ZQ82S5, B0D7ZNVG79, B0D7ZSM9HK, B09PMPB6NL, B0D8T5DWBY, B0D92854C1, B0D8TB23PC, B09PNB6XL8, B09PMRC28H, B0D8T3X196, B0D8SXZ4TK, B0D927CPKW, B09PMNRBZG, B0D7YTSQWB, B0D92956L1, B0D927NW93, B0D7ZPKHSH, B0G6KKKYYT, B0D8T16SYN, B0D7ZSRN8S, B0D927C5XF, B0D927ZF4T, B0D927ZBMR, B0DY174P4W, B0BNPC9MBT, B09PMNP5F4, B0DXZXL9JY, B0D7YTS7BN, B0D928S5KY, B0D926V49J, B09PMS2NDF, B0D8TDH39H, B0D8SZBYNX, B0D8T17387, B0D7ZQ7W39, B0D8T25VH8, B09PMQNS1P, B0D928NR1Z, B0DY14R379, B09PMY9T91, B0D9295WJX, B0D7ZSWGZ4, B0D7ZPLXR7, B0D928G2HN, B0D927W9BW, B0D7ZPTD1J, B0D928KLNP, B0D7ZQW61F, B0D8TCNN8T, B0D7ZP793G, B0D7ZSRN6C, B0D929GV24, B0D928X12L, B0BNPC98XD, B0BNPCGM76, B0D929BB9D, B0D928TDK5, B09PN99BTQ, B0D8T3QLGF, B0BNPMQ2ML, B0G6JSQPL3, B0D8T2FD3M, B0D927FFSQ, B0D9VS71KL, B0D9281T13, B0D9284LYF, B0D928GDPP, B0D927SH1K, B0DY15BF3H, B0D928L8J9, B0D9284WP6, B09PNCM9LF, B0D8SYGTM5, B0D92834NB, B0D927GW34, B0D927W6BP, B0D927SH1L, B0BNPCPNCY, B0D927LN1L, B0B564Q3VF, B0D7ZQX3KC, B0D92944N7, B0D8TBBDGT, B0D8T24DHN, B09PNBPD1F, B09PMS7QYF, B0D7ZP7WPR, B0D927YBTC, B09PNBD4VV, B09PMPP8S7, B0D7ZQXFTK, B0D7ZN96C7, B0D7ZTYB22, B0DY1J673C, B0D7ZPQWF2, B0D8T3KJ6R, B0D927W27G, B0D9281PH8, B0D929C8HD, B0DY1GCCXZ, B0D92847NY, B0DY11TJ75, B09PNCH5R2, B0D928WKM5, B0D9284VL5, B0D92956LD, B0BNPDQY8T, B0D7ZT282L, B0D7ZR8RMJ, B0D7ZRVR2D, B0D928YMK3, B0D7ZSP1HH, B0D928B7DX, B0D7ZQ92H4, B0D7ZP8XR2, B0DY175RY7, B0D92881W9, B0G6KD8JL8, B0D7ZPWM1J, B0D927H6BG, B0D927VLCX, B0D927Q5F5, B0D927FTBM, B0D8T9L3CS, B0D7ZRT4SX, B0D928LMHX, B0D7ZNW4XT, B09PNC2TKT, B0D7ZPT81H, B0BNPGGZLL, B0G6K9QCDV, B0D7ZR1DYL, B0D9291L97, B0DY1DT63D, B09PNBY568, B0D7ZRFGC6, B0D8T4MVQ6, B0D7ZTX875, B0BNPD3J7C, B0BNPD16W6, B09PNB2JVS, B0BNPBHCG4, B0D927P9NV, B0DY14ZWL8, B0D7ZSYSBX, B0BNPCLHF8, B0D927Z4FQ, B09PNBNTW9, B0D8TCJVL5, B0G6KJJJNX, B0C8H7RDMC, B0D8TB7P4L, B0D7ZT8WRH, B0D928N9XL, B0D7ZQH1MG, B0D9286V98, B0D8T248WF, B0D927Z2CL, B0BNPF9NV6, B0D927QZMH, B0G6JZ94XP, B0D7ZNVQ6S, B0D928RCG4, B0D929RWRY, B0D7ZSTNNY, B0D8TBH6PT, B0D8T2GPPJ, B0D9264JD8, B0D9279981, B09PNBNGX1, B0D9VS5LNT, B0D926Y6PV, B0D928N6XK, B0D927V25D, B0D8T5W47G, B0D7ZQL9SH, B0D7ZSB53B, B0D9298CX6, B0D8T1T85G, B09PNC1PB7, B0D9298CXB, B0D929BXC5, B0D928G6MZ, B0D928RGLS, B0D929KPWT, B0D7ZNK9L2, B0D927DX2M, B0D92823D6, B0DY11T1MK, B09PMNM1MD, B09PMNC4QX, B09PNCHSCZ, B0D927K34L, B0D7ZPC9KC, B0D9277T27, B09PMXF4KB, B0D928FQDJ, B0D7ZQH57X, B0D8TCKQD5, B0D8T1WMXX, B0D8T8PT3D, B09PMNP9SY, B0D9277D2N]",amzn1.campaign.MO9L6WQDFK6G,Everything in Its Place: The Complete Maternity Active Bundle,Enerful,2026-07-30,2027-07-30,20.00%,12300.0,12290.57,0,800,false
"[B0GJ2LP2NK, B0FPQ7M3N7, B0GJ3GQQ9P, B0GJ3B6V22, B0FPQ6Q3ZL, B0GJ37P5S2, B0FPQ6883Q, B0GJ3312ZF, B0FPQ9RL9Z, B0GJ37KZPP, B0FPQ7CGZJ, B0FPQ5BJ5N, B0FPQ7SWKB, B0GJ371173, B0FPQ7SQQK, B0GJ379VFK, B0GJ32S1RM, B0GJ39VZF4]",amzn1.campaign.7QZMGOZSA8HO,Content Invite: Embrace Effortless Glamour with Vepose 9565 Knee High Boots📢,VEPOSE,2026-07-30,2027-01-01,10.00%,5000.0,5000.0,3,800,false
[B0H55CT5VR],amzn1.campaign.1H0ZF6Y5KLQSX,Crowd of Ghosts Halloween Lumbar Pillow Cover 👻 (10% Commission),ARGOOFG,2026-07-30,2027-07-30,10.00%,5000.0,4999.5,0,800,false
[B0GXTHZT2F],amzn1.campaign.333A8YCYUKEV,0728-B0GXTHZT2F-25,VONKO,2026-07-30,2026-11-21,10.25%,9999.0,9999.0,17,800,false
"[B0798XNVTS, B07B8FKTTG]",amzn1.campaign.L8TNFH38PBWB,WipeEssentials Hand Sanitizer Hand Wipes,La Fresh,2026-08-18,2027-02-18,10.00%,50000.0,50000.0,0,800,false
"[B0798XNVTS, B07B8FKTTG]",amzn1.campaign.21SGM7696VA1F,WipeEssentials Hand Sanitizer Hand Wipes,La Fresh,2026-08-11,2027-02-11,10.00%,50000.0,50000.0,0,800,false
"[B0FKBH9T3Y, B0FNJT2DP9, B0G135NHJS, B0FLND7CMB, B0GHXZ63KW, B0FLJXJC5W, B0FLJZ8VNC, B0FNJS92WV, B0FNJTP6Y2, B0FKB5RP21, B0FKBHW7SL, B0G1312BGG, B0FVWWQ2GW, B0FNJSMF6D, B0FVWYXT21, B0FVWWB2Z2, B0G13CF5VN, B0FNJRXV8V, B0DXBS945X, B0FLPMXYXT, B0G13BG9TF, B0FVX1MGMS, B0FLPL6W9M, B0DXBRW9L5, B0G13BPSHJ, B0G12TRKPW, B0DXBSM396, B0DXBPMTL3, B0DXBSB8XF, B0GHY6QHYJ, B0G135R3CK, B0DXBTSN9G, B0DXBPYR25, B0FVWWC86N, B0DXBPT4W3, B0G133VBQ7, B0DRS8PN2V, B0DXBTSML1, B0FVWW7SKW, B0G135M94Z, B0FLJZPMS6, B0FVWXSM9W, B0FVWYGP7L, B0FKB5YV2W, B0DXBV3NMV, B0DXBV3NMW, B0FVX1981W, B0DXBPRTGQ, B0FLPNP32Z, B0DXBRZVLY, B0DD7QY9BD, B0FVX142CP, B0G133DF47, B0DCZRVT8K, B0G12ZH6HN, B0G138FS7M, B0DRS9K7M2, B0FVWXQ9WX, B0FVWXQW25, B0FVX1576J, B0FVX25V43, B0FLK22BP4, B0FKB6CH78, B0G135C53Q, B0FVWW3S4M, B0FLPND1K4, B0DCN5F7Q8, B0FNJN55TY, B0FVWW53Y9, B0FLPPKSH1, B0G135NRM3, B0FVWXX44X, B0DXBS1QQX, B0DB5MH8CQ, B0DXBPWG1F]",amzn1.campaign.L0YY8U19X7TT,10% Commission,fcaylo,2026-07-30,2027-07-26,10.00%,5000.0,5000.0,36,800,false
"[B0H2XW5FB4, B0H274Q29M, B0H3TZ8F1Z, B0H28BCRGD]",amzn1.campaign.30VMAAWDQ7A5E,🔥 50% OFF + 14% Commission | Easy Product to Promote,teyy,2026-07-30,2027-01-23,14.00%,5000.0,5000.0,27,800,false
"[B0GZMMZGHP, B0GZMRM3VF, B0GZMS2X2B, B0GZMV43N4, B0GZMXJB5W, B0GZMZ5PHK, B0GZMS19XW, B0GZN2YFKM, B0GZMYJHRV, B0GZMVBHN2, B0GZMR42VH, B0GZMX7Y2C, B0GZMV1W7L, B0GZMPQS92, B0GZN61HPD, B0GZMS6N5F, B0GZMS45WJ, B0GZMRSY95, B0GZMZ8C6J, B0GZMSF3QC, B0GZMP3DQ1, B0GZMX5CLY, B0GZMPGCCZ, B0GZMVCG1L, B0GZMWBKYY, B0GZMT4726, B0GZN2XSYZ, B0GZMJSKB5, B0GZMM8BML, B0GZMLW2F6, B0GZMVDML4, B0GZMX456W, B0GZMPLW88, B0GZN7W696, B0GZMRTCMY, B0GZMM2H39, B0GZMMPC2L, B0GZMMPC2K, B0GZMX9WYX, B0GZMQ71QB, B0GZMM4BQ1, B0GZMP1KJH, B0GZMZHZ9J, B0GZMG2XZ8, B0GZMM6P5P, B0GZMRK8ZG, B0GZN65LMM, B0GZMWV22N, B0GZMJSYWM, B0GZN1X9JG, B0GZMYKJ9V]",amzn1.campaign.KSGK78WD6VNB,Free Sample+15%Commission+Silvora Cubic Zirconia Cartilage Earrings✨👂B0HBWJ9D8Q,Silvora,2026-07-30,2027-07-30,15.00%,5000.0,5000.0,0,800,false
"[B0FKBH9T3Y, B0FNJT2DP9, B0G135NHJS, B0FLND7CMB, B0GHXZ63KW, B0FLJXJC5W, B0FLJZ8VNC, B0FNJS92WV, B0FNJTP6Y2, B0FKB5RP21, B0FKBHW7SL, B0G1312BGG, B0FVWWQ2GW, B0FNJSMF6D, B0FVWYXT21, B0FVWWB2Z2, B0G13CF5VN, B0FNJRXV8V, B0DXBS945X, B0FLPMXYXT, B0G13BG9TF, B0FVX1MGMS, B0FLPL6W9M, B0DXBRW9L5, B0G13BPSHJ, B0G12TRKPW, B0DXBSM396, B0DXBPMTL3, B0DXBSB8XF, B0GHY6QHYJ, B0G135R3CK, B0DXBTSN9G, B0DXBPYR25, B0FVWWC86N, B0DXBPT4W3, B0G133VBQ7, B0DRS8PN2V, B0DXBTSML1, B0FVWW7SKW, B0G135M94Z, B0FLJZPMS6, B0FVWXSM9W, B0FVWYGP7L, B0FKB5YV2W, B0DXBV3NMV, B0DXBV3NMW, B0FVX1981W, B0DXBPRTGQ, B0FLPNP32Z, B0DXBRZVLY, B0DD7QY9BD, B0FVX142CP, B0G133DF47, B0DCZRVT8K, B0G12ZH6HN, B0G138FS7M, B0DRS9K7M2, B0FVWXQ9WX, B0FVWXQW25, B0FVX1576J, B0FVX25V43, B0FLK22BP4, B0FKB6CH78, B0G135C53Q, B0FVWW3S4M, B0FLPND1K4, B0DCN5F7Q8, B0FNJN55TY, B0FVWW53Y9, B0FLPPKSH1, B0G135NRM3, B0FVWXX44X, B0DXBS1QQX, B0DB5MH8CQ, B0DXBPWG1F]",amzn1.campaign.WX8KI3R0BIM9,10% Commission,fcaylo,2026-07-30,2027-07-27,10.00%,5000.0,5000.0,43,800,false
"[B0H2DJ5HGZ, B0H2DFMBJ4, B0H2DJHGTC, B0H2DN7Y6M, B0H2DNZQD6, B0H2DNDMYP, B0H2DKBJTL, B0H2DMZDRM, B0H2DL39WX, B0H2DNKYCS, B0H2DNN8TN, B0H2DFPSZS, B0H2DJVBQB, B0H2DJKB9C, B0H2DQ9K79, B0H2DW7W44, B0H2DQPZD7, B0H2DMRHDX, B0H2DNLPCM, B0H2DFW33B, B0H2DK6818, B0H2DL7TGH, B0H2DWCVW8, B0H2DQMTQS, B0H2DNRSB4, B0H2DLWMY2, B0H2DLFD91, B0H2DZ9QV8, B0H2DRMF14, B0H2DLYBJ2, B0H2DJ2YCK, B0H2DTCN36, B0H2DMJQST, B0H2DFLMYD, B0H2DNDMYC, B0H2DNL2GZ, B0H2DL15R6, B0H2DHWXFW, B0H2DQGK86, B0H2DM4LGD, B0H2DN3TCD, B0H2DP437V, B0H2DNCFZM, B0H2DNCBZT]",amzn1.campaign.2ZB6A334RA8W9,Cute Pattern Reflective Martingale Style Collars for Dogs,QICHENMAO,2026-07-30,2026-10-31,18.00%,5000.0,4974.29,0,800,false
"[B0GX9DGNBM, B0GWQMGS6X, B0GYP14KW5, B0GX9KNFN4, B0GWQKDYBZ, B0G5NF8QXF, B0H18QYNDR, B0GS9FY7H7, B0H329XNTB, B0H2Z2TB89, B0G5N8ZBX8, B0H18PVSD6, B0GSY1Z46Y, B0GS986B6C, B0GHRW6ZX4, B0H18PPZT3, B0GZNN47YX, B0G5MYX7B9, B0H2YWTBQY, B0GSXYZ8XZ, B0GYPK3J89, B0GS95G8RM, B0GYPFN9CR, B0H2YX59PK, B0H18ZDTGY, B0GWQG2P3Q, B0GZNJHLDY, B0GX9C1GP8, B0GYPNHZJK, B0GWQJ1HCQ, B0GLMFS7HK, B0H18N9HLJ, B0H2Z22BJD, B0GYPB2DWJ, B0H3T2S25Z, B0GSVPNJ6W, B0GWQPQSXZ, B0H5W4SXMV, B0GYPCCQ6C, B0GYPBWN14, B0H3TDJ6XV, B0GYPDJ6Q6, B0H5W94WHY, B0GZNSQBN3, B0GXZM2BNX, B0H3TD552X, B0G5N3Y4W3, B0GXV5VX3V, B0GYPCBDR8, B0H2Z516W4, B0H3TD552Z, B0GLMKDQQ5, B0GSYBPD2P, B0GSY2VKFV, B0GK16J3TQ, B0H18SP8QG, B0GK1LCPQL, B0GWQH5LDQ, B0GZNR7HPR, B0GS99569Q, B0H18QY573, B0GWQJRMJH, B0H2Z2B5PH, B0H327B4N5, B0GS9KH8FD, B0GSY3RD2V, B0GSXZ1RKZ, B0GYPRGMVV, B0GWQ7MBQ3, B0GZNN4SM2, B0GX9C9MYK, B0GYPFJXXX, B0GK1LDRSH, B0GSY8QKZ7, B0GHRK1SXC, B0GX97YBZL, B0GX9G342M, B0GWQKWZXY, B0GWQV44XD, B0GSXTHB6K, B0GLN644MC, B0G5NJNM39, B0H2Z996ZZ, B0H3T7NQ7X, B0H31X9C7J, B0H18QD68K, B0G5MZ5MM4, B0H329QV6D, B0G6CG5YXR, B0GS9F61YN, B0GYPL9JRP, B0H18PL69C, B0GYPLQZK9, B0G5N9RQ39, B0H32B557W, B0GWLH18XT, B0H2Z297T6, B0GYPFKHCF, B0GYPG2L8X, B0GYPK1Z88, B0GSY37BRR, B0H3SZ2VBV, B0GYPRZGPQ, B0H3T5PVTK, B0GZNRQJTX, B0H2YZZ24D, B0H18W8Z72, B0H3T2G8Y1, B0GSV9YQVY, B0H44XPSKL, B0GS9CJ8QF, B0H18LL92Z, B0GX976MRJ, B0GYPSM4LM, B0GYP97Y3Z, B0GWQHYSDR, B0GSXXT2QN, B0GSYNNVFN, B0GHRRY45R, B0GLMW223X, B0GX9FJ1QH, B0GSY7P1RJ, B0GX9NRDBK, B0H18RSCLN, B0H18KYKMS, B0GZNH17QV, B0GWLKL7TL, B0G5N5JZRF, B0GLNRSDJF, B0H2Z41KBD, B0GS9J3VP8, B0GHR9CWMW, B0GS9FHS8H, B0G5NHZPB9, B0GX9GQ3GF, B0GX9K1M5X, B0GX9BNJCN, B0GWQJPRD6, B0GS9K58P8, B0GWQKXT3G, B0GX9J1MSB, B0GX9FDRF5, B0GZNM4CGG, B0GWQMYHW8, B0H18ZSG63, B0H32B2KQL, B0GYP4LMWX, B0GK1HRT3N, B0GK161137, B0G5NGJD7H, B0GYPG5P51, B0G5N9Y13W, B0G6C8GD8G, B0H2Z42V78, B0GYPD9WMJ, B0H2Z5T89G, B0GXZRFSVY, B0H18LX12R, B0GZNJ6NV7, B0H324FR2J, B0H3T94GCG, B0GZNMKCCJ, B0H18XNCRZ, B0GWM6S7YF, B0GSXZH7K8, B0H2Z9ZB91, B0H2Z45XL4, B0GX9GNS91, B0H18DRN3D, B0H19133WP, B0GYPPKWNC, B0H18KHGBG, B0GWQGBN4Z, B0GSXQDSN7, B0GS8ZQ28Y, B0GYPPM5G2, B0GSYDV2VV, B0GWQG16H4, B0GHRMT67L, B0H18XFXBQ, B0GK13ZT7S, B0GSVRH8J2, B0H32C7ZVK, B0H18XSC26, B0H3SYVM72, B0H18TJKBQ, B0GWQF1W54, B0GS9DDC67, B0GYPDM4FF, B0H18F7NLC, B0G6CPDTX8, B0H2YXJR6L, B0GX9BJKFX, B0H18RX5DZ, B0GWQF91DZ, B0H18FFV24, B0GYPLZHDT, B0GSVC3CGP, B0GLN545VC, B0FWQXCZL2, B0H18M668P, B0GX9GL31B, B0H3SZPQWX, B0FWQZSDZV, B0GLNKQBFJ, B0GWQKYDN8, B0G5MW9DKJ, B0GWQRQVP7, B0GYPJWWSV, B0FWR7RQYG, B0GXTXT8HQ, B0GXV7HK78, B0GX9H2FH2, B0GWQFBXFL, B0H5W3T7PZ, B0GWQJ9DHW, B0GZNP5615, B0GYPCS78Q, B0GYPD5PGD, B0GWQLXYLF, B0GHRXXLM6, B0H18NK82J, B0H18QJRTB, B0H18TRPSH, B0H2Z3JCRS, B0GYPGRLSM]",amzn1.campaign.3SF9MVE3KETI5,Boho Washable NonSlip LowPile Runner Creator Promo-2026/07/28,Bavni,2026-07-30,2026-11-06,10.00%,5000.0,5000.0,23,800,false
"[B0FKBH9T3Y, B0FNJT2DP9, B0G135NHJS, B0FLND7CMB, B0GHXZ63KW, B0FLJXJC5W, B0FLJZ8VNC, B0FNJS92WV, B0FNJTP6Y2, B0FKB5RP21, B0FKBHW7SL, B0G1312BGG, B0FVWWQ2GW, B0FNJSMF6D, B0FVWYXT21, B0FVWWB2Z2, B0G13CF5VN, B0FNJRXV8V, B0DXBS945X, B0FLPMXYXT, B0G13BG9TF, B0FVX1MGMS, B0FLPL6W9M, B0DXBRW9L5, B0G13BPSHJ, B0G12TRKPW, B0DXBSM396, B0DXBPMTL3, B0DXBSB8XF, B0GHY6QHYJ, B0G135R3CK, B0DXBTSN9G, B0DXBPYR25, B0FVWWC86N, B0DXBPT4W3, B0G133VBQ7, B0DRS8PN2V, B0DXBTSML1, B0FVWW7SKW, B0G135M94Z, B0FLJZPMS6, B0FVWXSM9W, B0FVWYGP7L, B0FKB5YV2W, B0DXBV3NMV, B0DXBV3NMW, B0FVX1981W, B0DXBPRTGQ, B0FLPNP32Z, B0DXBRZVLY, B0DD7QY9BD, B0FVX142CP, B0G133DF47, B0DCZRVT8K, B0G12ZH6HN, B0G138FS7M, B0DRS9K7M2, B0FVWXQ9WX, B0FVWXQW25, B0FVX1576J, B0FVX25V43, B0FLK22BP4, B0FKB6CH78, B0G135C53Q, B0FVWW3S4M, B0FLPND1K4, B0DCN5F7Q8, B0FNJN55TY, B0FVWW53Y9, B0FLPPKSH1, B0G135NRM3, B0FVWXX44X, B0DXBS1QQX, B0DB5MH8CQ, B0DXBPWG1F]",amzn1.campaign.3NQ35KYBEH4TW,10% Commission,fcaylo,2026-07-30,2027-07-28,10.00%,5000.0,5000.0,43,800,false
[B0H2TK84Q9],amzn1.campaign.1EIBNMSW41QZN,Join Us as a Creator – Share Our Red Light Therapy Belt,Lifiora,2026-07-30,2027-01-31,15.00%,5000.0,5000.0,5,800,false
"[B0FKBH9T3Y, B0FNJT2DP9, B0G135NHJS, B0FLND7CMB, B0GHXZ63KW, B0FLJXJC5W, B0FLJZ8VNC, B0FNJS92WV, B0FNJTP6Y2, B0FKB5RP21, B0FKBHW7SL, B0G1312BGG, B0FVWWQ2GW, B0FNJSMF6D, B0FVWYXT21, B0FVWWB2Z2, B0G13CF5VN, B0FNJRXV8V, B0DXBS945X, B0FLPMXYXT, B0G13BG9TF, B0FVX1MGMS, B0FLPL6W9M, B0DXBRW9L5, B0G13BPSHJ, B0G12TRKPW, B0DXBSM396, B0DXBPMTL3, B0DXBSB8XF, B0GHY6QHYJ, B0G135R3CK, B0DXBTSN9G, B0DXBPYR25, B0FVWWC86N, B0DXBPT4W3, B0G133VBQ7, B0DRS8PN2V, B0DXBTSML1, B0FVWW7SKW, B0G135M94Z, B0FLJZPMS6, B0FVWXSM9W, B0FVWYGP7L, B0FKB5YV2W, B0DXBV3NMV, B0DXBV3NMW, B0FVX1981W, B0DXBPRTGQ, B0FLPNP32Z, B0DXBRZVLY, B0DD7QY9BD, B0FVX142CP, B0G133DF47, B0DCZRVT8K, B0G12ZH6HN, B0G138FS7M, B0DRS9K7M2, B0FVWXQ9WX, B0FVWXQW25, B0FVX1576J, B0FVX25V43, B0FLK22BP4, B0FKB6CH78, B0G135C53Q, B0FVWW3S4M, B0FLPND1K4, B0DCN5F7Q8, B0FNJN55TY, B0FVWW53Y9, B0FLPPKSH1, B0G135NRM3, B0FVWXX44X, B0DXBS1QQX, B0DB5MH8CQ, B0DXBPWG1F]",amzn1.campaign.1YGSC6Y174TSB,10% Commission,fcaylo,2026-07-30,2027-07-29,10.00%,5000.0,5000.0,39,800,false
"[B0DPPNDZX1, B01FGLW9KG, B073RVXH8F]",amzn1.campaign.22AVMAWBLGZHQ,La Fresh antiperspirant wipes,La Fresh,2026-08-31,2027-02-28,10.00%,50000.0,50000.0,0,800,false
[B0H44MHG51],amzn1.campaign.1RQB2Q1WQLOOG,GOTMEET Network Cable Tester NF-8508,GOTMEET,2026-07-30,2027-07-30,10.00%,5000.0,4988.03,10,800,false
"[B0FKBH9T3Y, B0FNJT2DP9, B0G135NHJS, B0FLND7CMB, B0GHXZ63KW, B0FLJXJC5W, B0FLJZ8VNC, B0FNJS92WV, B0FNJTP6Y2, B0FKB5RP21, B0FKBHW7SL, B0G1312BGG, B0FVWWQ2GW, B0FNJSMF6D, B0FVWYXT21, B0FVWWB2Z2, B0G13CF5VN, B0FNJRXV8V, B0DXBS945X, B0FLPMXYXT, B0G13BG9TF, B0FVX1MGMS, B0FLPL6W9M, B0DXBRW9L5, B0G13BPSHJ, B0G12TRKPW, B0DXBSM396, B0DXBPMTL3, B0DXBSB8XF, B0GHY6QHYJ, B0G135R3CK, B0DXBTSN9G, B0DXBPYR25, B0FVWWC86N, B0DXBPT4W3, B0G133VBQ7, B0DRS8PN2V, B0DXBTSML1, B0FVWW7SKW, B0G135M94Z, B0FLJZPMS6, B0FVWXSM9W, B0FVWYGP7L, B0FKB5YV2W, B0DXBV3NMV, B0DXBV3NMW, B0FVX1981W, B0DXBPRTGQ, B0FLPNP32Z, B0DXBRZVLY, B0DD7QY9BD, B0FVX142CP, B0G133DF47, B0DCZRVT8K, B0G12ZH6HN, B0G138FS7M, B0DRS9K7M2, B0FVWXQ9WX, B0FVWXQW25, B0FVX1576J, B0FVX25V43, B0FLK22BP4, B0FKB6CH78, B0G135C53Q, B0FVWW3S4M, B0FLPND1K4, B0DCN5F7Q8, B0FNJN55TY, B0FVWW53Y9, B0FLPPKSH1, B0G135NRM3, B0FVWXX44X, B0DXBS1QQX, B0DB5MH8CQ, B0DXBPWG1F]",amzn1.campaign.1GK29UB7D40ES,10% Commission,fcaylo,2026-07-30,2027-07-30,10.00%,5000.0,5000.0,32,800,false
[B0GXTHZT2F],amzn1.campaign.1T2SG8CY3KRL2,0728-B0GXTHZT2F-24,VONKO,2026-07-30,2026-11-21,10.24%,9999.0,9999.0,19,800,false
"[B0H3DZVYXT, B0H3F67Z2P, B0H3DXVS6D, B0H3F442HG, B0HBW3NVW2, B0H3DXG2QK, B0H3DYDKNS, B0H3F33JYZ]",amzn1.campaign.2S1VAASULS52V,大型,hijyord,2026-07-30,2027-07-30,10.00%,5000.0,5000.0,8,800,false
"[B0DPPNDZX1, B01FGLW9KG, B073RVXH8F]",amzn1.campaign.2866IJA6T8HDZ,La Fresh antiperspirant wipes,La Fresh,2026-08-24,2027-02-24,10.00%,50000.0,50000.0,15,800,false
"[B096MZFSNY, B0C3NW6NH6, B07GNWZH3F, B08CY7CHBF, B0FNDDTDGG, B0C4JWGLVJ, B089B48DGJ, B0B5BBGTKK, B07NQQDHQR, B08CY9L222, B0C4JWPBHD, B0FNDGSSK4, B089B5M2GN, B0778KWSSD, B0D9P6NS7M, B08CY6ST37, B096N43PD1]",amzn1.campaign.1OD08CBXP5U9C,🔥 96-Pack Stretchy Skeletons | $14.99 | 40% OFF | Earn 15%,UpBrands,2026-07-30,2026-11-30,15.00%,5000.0,5000.0,0,800,false
"[B0DPPNDZX1, B01FGLW9KG, B073RVXH8F]",amzn1.campaign.2N8TDV0O7IS6X,La Fresh antiperspirant wipes,La Fresh,2026-08-17,2027-02-17,10.00%,50000.0,50000.0,15,800,false
"[B0DPPNDZX1, B01FGLW9KG, B073RVXH8F]",amzn1.campaign.2HXQXLZ641D3A,La Fresh antiperspirant wipes,La Fresh,2026-08-10,2027-02-10,10.00%,50000.0,50000.0,17,800,false
[B0GXTHZT2F],amzn1.campaign.30HKB0X5V7JVD,0728-B0GXTHZT2F-23,VONKO,2026-07-30,2026-11-21,10.23%,9999.0,9999.0,20,800,false
"[B096MZFSNY, B0C3NW6NH6, B07GNWZH3F, B08CY7CHBF, B0FNDDTDGG, B0C4JWGLVJ, B089B48DGJ, B0B5BBGTKK, B07NQQDHQR, B08CY9L222, B0C4JWPBHD, B0FNDGSSK4, B089B5M2GN, B0778KWSSD, B0D9P6NS7M, B08CY6ST37, B096N43PD1]",amzn1.campaign.177OTLPBJ9POI,👻 144-Pack Stretchy Skeletons | $19.99 | 31% OFF | Earn 15%,UpBrands,2026-07-30,2026-12-02,15.00%,5000.0,5000.0,0,800,false
"[B0GX9DGNBM, B0GWQMGS6X, B0GYP14KW5, B0GX9KNFN4, B0GWQKDYBZ, B0G5NF8QXF, B0H18QYNDR, B0GS9FY7H7, B0H329XNTB, B0H2Z2TB89, B0G5N8ZBX8, B0H18PVSD6, B0GSY1Z46Y, B0GS986B6C, B0GHRW6ZX4, B0H18PPZT3, B0GZNN47YX, B0G5MYX7B9, B0H2YWTBQY, B0GSXYZ8XZ, B0GYPK3J89, B0GS95G8RM, B0GYPFN9CR, B0H2YX59PK, B0H18ZDTGY, B0GWQG2P3Q, B0GZNJHLDY, B0GX9C1GP8, B0GYPNHZJK, B0GWQJ1HCQ, B0GLMFS7HK, B0H18N9HLJ, B0H2Z22BJD, B0GYPB2DWJ, B0H3T2S25Z, B0GSVPNJ6W, B0GWQPQSXZ, B0H5W4SXMV, B0GYPCCQ6C, B0GYPBWN14, B0H3TDJ6XV, B0GYPDJ6Q6, B0H5W94WHY, B0GZNSQBN3, B0GXZM2BNX, B0H3TD552X, B0G5N3Y4W3, B0GXV5VX3V, B0GYPCBDR8, B0H2Z516W4, B0H3TD552Z, B0GLMKDQQ5, B0GSYBPD2P, B0GSY2VKFV, B0GK16J3TQ, B0H18SP8QG, B0GK1LCPQL, B0GWQH5LDQ, B0GZNR7HPR, B0GS99569Q, B0H18QY573, B0GWQJRMJH, B0H2Z2B5PH, B0H327B4N5, B0GS9KH8FD, B0GSY3RD2V, B0GSXZ1RKZ, B0GYPRGMVV, B0GWQ7MBQ3, B0GZNN4SM2, B0GX9C9MYK, B0GYPFJXXX, B0GK1LDRSH, B0GSY8QKZ7, B0GHRK1SXC, B0GX97YBZL, B0GX9G342M, B0GWQKWZXY, B0GWQV44XD, B0GSXTHB6K, B0GLN644MC, B0G5NJNM39, B0H2Z996ZZ, B0H3T7NQ7X, B0H31X9C7J, B0H18QD68K, B0G5MZ5MM4, B0H329QV6D, B0G6CG5YXR, B0GS9F61YN, B0GYPL9JRP, B0H18PL69C, B0GYPLQZK9, B0G5N9RQ39, B0H32B557W, B0GWLH18XT, B0H2Z297T6, B0GYPFKHCF, B0GYPG2L8X, B0GYPK1Z88, B0GSY37BRR, B0H3SZ2VBV, B0GYPRZGPQ, B0H3T5PVTK, B0GZNRQJTX, B0H2YZZ24D, B0H18W8Z72, B0H3T2G8Y1, B0GSV9YQVY, B0H44XPSKL, B0GS9CJ8QF, B0H18LL92Z, B0GX976MRJ, B0GYPSM4LM, B0GYP97Y3Z, B0GWQHYSDR, B0GSXXT2QN, B0GSYNNVFN, B0GHRRY45R, B0GLMW223X, B0GX9FJ1QH, B0GSY7P1RJ, B0GX9NRDBK, B0H18RSCLN, B0H18KYKMS, B0GZNH17QV, B0GWLKL7TL, B0G5N5JZRF, B0GLNRSDJF, B0H2Z41KBD, B0GS9J3VP8, B0GHR9CWMW, B0GS9FHS8H, B0G5NHZPB9, B0GX9GQ3GF, B0GX9K1M5X, B0GX9BNJCN, B0GWQJPRD6, B0GS9K58P8, B0GWQKXT3G, B0GX9J1MSB, B0GX9FDRF5, B0GZNM4CGG, B0GWQMYHW8, B0H18ZSG63, B0H32B2KQL, B0GYP4LMWX, B0GK1HRT3N, B0GK161137, B0G5NGJD7H, B0GYPG5P51, B0G5N9Y13W, B0G6C8GD8G, B0H2Z42V78, B0GYPD9WMJ, B0H2Z5T89G, B0GXZRFSVY, B0H18LX12R, B0GZNJ6NV7, B0H324FR2J, B0H3T94GCG, B0GZNMKCCJ, B0H18XNCRZ, B0GWM6S7YF, B0GSXZH7K8, B0H2Z9ZB91, B0H2Z45XL4, B0GX9GNS91, B0H18DRN3D, B0H19133WP, B0GYPPKWNC, B0H18KHGBG, B0GWQGBN4Z, B0GSXQDSN7, B0GS8ZQ28Y, B0GYPPM5G2, B0GSYDV2VV, B0GWQG16H4, B0GHRMT67L, B0H18XFXBQ, B0GK13ZT7S, B0GSVRH8J2, B0H32C7ZVK, B0H18XSC26, B0H3SYVM72, B0H18TJKBQ, B0GWQF1W54, B0GS9DDC67, B0GYPDM4FF, B0H18F7NLC, B0G6CPDTX8, B0H2YXJR6L, B0GX9BJKFX, B0H18RX5DZ, B0GWQF91DZ, B0H18FFV24, B0GYPLZHDT, B0GSVC3CGP, B0GLN545VC, B0FWQXCZL2, B0H18M668P, B0GX9GL31B, B0H3SZPQWX, B0FWQZSDZV, B0GLNKQBFJ, B0GWQKYDN8, B0G5MW9DKJ, B0GWQRQVP7, B0GYPJWWSV, B0FWR7RQYG, B0GXTXT8HQ, B0GXV7HK78, B0GX9H2FH2, B0GWQFBXFL, B0H5W3T7PZ, B0GWQJ9DHW, B0GZNP5615, B0GYPCS78Q, B0GYPD5PGD, B0GWQLXYLF, B0GHRXXLM6, B0H18NK82J, B0H18QJRTB, B0H18TRPSH, B0H2Z3JCRS, B0GYPGRLSM]",amzn1.campaign.A7SG38P1CVG8,Boho Washable NonSlip LowPile Runner Creator Promo-2026/07/28,Bavni,2026-07-30,2026-11-05,10.00%,5000.0,5000.0,26,800,false
"[B0GC645Y1Z, B0GTZ4KLLL, B0GC63576R, B0GC4PJ2B1, B0GC4SVMQW, B0H8Y8GC2Y, B0GC55MVVV, B0GC5CHHS1, B0GZMHLTM1, B0H94QNVX5, B0GC5R696B, B0GC4TVXDD, B0GC5PFKZV, B0GC5RMH4V, B0GRTJ5GD2, B0GVDZDKHH, B0GC6JJ3S4, B0GZP1VQZW, B0GC553JBQ]",amzn1.campaign.3KWN7YBF3OTVR,15% Commission! Amazon’s Bestselling 34HF Prints Cash!,Heyfanee,2026-07-30,2026-11-01,15.00%,5000.0,5000.0,20,800,false
"[B0F4QH1NB3, B0F4QGH5W6, B0GD6QCMJT, B0F4QHXNBP, B083S5DGR9, B0FGJ45KX3, B0F4QJB8ST, B0GD5926G7, B0F4QHXNBQ, B07PFJ9PJZ, B0FGJ5YGBZ, B07PFJ8LJF, B07PFJBHTT, B0F3H5R9ZY, B0F4QHL2SW, B083S5XKN8, B0GD5PFTZQ, B0FGJ4Q3HZ, B0F4QGP6SP, B07PHSKHGW, B0F4QGK2SC, B083S5KQ5Q, B0GD52T4KP, B0D41JJZ6F, B0F4QHL6J9, B0F4QJX82L, B0F4QHBV26, B0H9L8F9N2, B0F4QKB9LY, B083S5HPJQ, B0F4QHDXNH, B0F4QK1CZT, B0F4QHMK1C, B0F4QH29DZ, B088M266MM, B0F4QJVFMF, B0F3HB1WMK, B0GD4WGN97, B0F4QDY1P5, B0F4QHH5LC, B083S5K3W1]",amzn1.campaign.IF8P5PMOZMJK,Win-Win Collaboration:Promote GINGTTO 2g-1 Mens Skinny Jeans&Earn 15% Commission,GINGTTO,2026-07-30,2026-10-31,15.00%,5000.0,5000.0,12,800,false
[B0FMXW2L8L],amzn1.campaign.JKABHCJK6DH3,5 Gallon Hanging Deer Feeder- B0FMXW2L8L-10%-9.30,Boltfavo,2026-07-30,2026-12-31,10.00%,5000.0,4777.83,8,800,false
[B0F9B6WX2N],amzn1.campaign.2MIDL5PM6R346,Echo 58V Battery,ELECtrysium,2026-07-30,2027-07-30,10.00%,5000.0,5000.0,4,800,false
"[B0H274Q29M, B0H2XW5FB4, B0H3TZ8F1Z, B0H28BCRGD]",amzn1.campaign.3DQQ3WHUN87V3,🔥 14% Commission Only $4.99 | A Product Your Audience Will Actually Use,teyy,2026-07-30,2027-02-27,14.00%,5000.0,5000.0,28,800,false
[B0982SQTXG],amzn1.campaign.29A6APSFGK2YQ,B0982SQTXG,SEISSO,2026-07-30,2026-12-31,12.00%,5000.0,5000.0,9,800,false
[B0DSG1WWXM],amzn1.campaign.R7QV77EHNGSP,[15% High Commission] Smart Baby Monitor | Dual Camera & Auto Tracking,ieGeek,2026-07-30,2026-09-30,15.00%,5000.0,4910.6,0,800,false
[B0GXTHZT2F],amzn1.campaign.3IHB6Y8JAL4V5,0728-B0GXTHZT2F-22,VONKO,2026-07-30,2026-11-21,10.22%,9999.0,9999.0,20,800,false
"[B0GFMHQXXW, B0GFMDLH1H, B0GFM3BQ5K, B0GFLZQJ51, B0GFLQ1MXY, B0GFLP4ZNL, B0GFMH2N7G, B0GFM8G1M5, B0GFLVZNNT, B0GFMR7DGB, B0GFM61DKY, B0GFLZ158J, B0GFMC1W2X, B0GFMNFH4H, B0GFLVVQP8, B0GFLXWNWN, B0GFM5TWMT, B0GFM3W9HL, B0GFMGM57K]",amzn1.campaign.34PVCACMTOUJ6,Content Invite: Embrace Effortless Glam with Vepose 6101 Raffia Floral Heels📢,VEPOSE,2026-07-30,2026-12-31,15.00%,5000.0,5000.0,2,800,false
"[B0GX9DGNBM, B0GWQMGS6X, B0GYP14KW5, B0GX9KNFN4, B0GWQKDYBZ, B0G5NF8QXF, B0H18QYNDR, B0GS9FY7H7, B0H329XNTB, B0H2Z2TB89, B0G5N8ZBX8, B0H18PVSD6, B0GSY1Z46Y, B0GS986B6C, B0GHRW6ZX4, B0H18PPZT3, B0GZNN47YX, B0G5MYX7B9, B0H2YWTBQY, B0GSXYZ8XZ, B0GYPK3J89, B0GS95G8RM, B0GYPFN9CR, B0H2YX59PK, B0H18ZDTGY, B0GWQG2P3Q, B0GZNJHLDY, B0GX9C1GP8, B0GYPNHZJK, B0GWQJ1HCQ, B0GLMFS7HK, B0H18N9HLJ, B0H2Z22BJD, B0GYPB2DWJ, B0H3T2S25Z, B0GSVPNJ6W, B0GWQPQSXZ, B0H5W4SXMV, B0GYPCCQ6C, B0GYPBWN14, B0H3TDJ6XV, B0GYPDJ6Q6, B0H5W94WHY, B0GZNSQBN3, B0GXZM2BNX, B0H3TD552X, B0G5N3Y4W3, B0GXV5VX3V, B0GYPCBDR8, B0H2Z516W4, B0H3TD552Z, B0GLMKDQQ5, B0GSYBPD2P, B0GSY2VKFV, B0GK16J3TQ, B0H18SP8QG, B0GK1LCPQL, B0GWQH5LDQ, B0GZNR7HPR, B0GS99569Q, B0H18QY573, B0GWQJRMJH, B0H2Z2B5PH, B0H327B4N5, B0GS9KH8FD, B0GSY3RD2V, B0GSXZ1RKZ, B0GYPRGMVV, B0GWQ7MBQ3, B0GZNN4SM2, B0GX9C9MYK, B0GYPFJXXX, B0GK1LDRSH, B0GSY8QKZ7, B0GHRK1SXC, B0GX97YBZL, B0GX9G342M, B0GWQKWZXY, B0GWQV44XD, B0GSXTHB6K, B0GLN644MC, B0G5NJNM39, B0H2Z996ZZ, B0H3T7NQ7X, B0H31X9C7J, B0H18QD68K, B0G5MZ5MM4, B0H329QV6D, B0G6CG5YXR, B0GS9F61YN, B0GYPL9JRP, B0H18PL69C, B0GYPLQZK9, B0G5N9RQ39, B0H32B557W, B0GWLH18XT, B0H2Z297T6, B0GYPFKHCF, B0GYPG2L8X, B0GYPK1Z88, B0GSY37BRR, B0H3SZ2VBV, B0GYPRZGPQ, B0H3T5PVTK, B0GZNRQJTX, B0H2YZZ24D, B0H18W8Z72, B0H3T2G8Y1, B0GSV9YQVY, B0H44XPSKL, B0GS9CJ8QF, B0H18LL92Z, B0GX976MRJ, B0GYPSM4LM, B0GYP97Y3Z, B0GWQHYSDR, B0GSXXT2QN, B0GSYNNVFN, B0GHRRY45R, B0GLMW223X, B0GX9FJ1QH, B0GSY7P1RJ, B0GX9NRDBK, B0H18RSCLN, B0H18KYKMS, B0GZNH17QV, B0GWLKL7TL, B0G5N5JZRF, B0GLNRSDJF, B0H2Z41KBD, B0GS9J3VP8, B0GHR9CWMW, B0GS9FHS8H, B0G5NHZPB9, B0GX9GQ3GF, B0GX9K1M5X, B0GX9BNJCN, B0GWQJPRD6, B0GS9K58P8, B0GWQKXT3G, B0GX9J1MSB, B0GX9FDRF5, B0GZNM4CGG, B0GWQMYHW8, B0H18ZSG63, B0H32B2KQL, B0GYP4LMWX, B0GK1HRT3N, B0GK161137, B0G5NGJD7H, B0GYPG5P51, B0G5N9Y13W, B0G6C8GD8G, B0H2Z42V78, B0GYPD9WMJ, B0H2Z5T89G, B0GXZRFSVY, B0H18LX12R, B0GZNJ6NV7, B0H324FR2J, B0H3T94GCG, B0GZNMKCCJ, B0H18XNCRZ, B0GWM6S7YF, B0GSXZH7K8, B0H2Z9ZB91, B0H2Z45XL4, B0GX9GNS91, B0H18DRN3D, B0H19133WP, B0GYPPKWNC, B0H18KHGBG, B0GWQGBN4Z, B0GSXQDSN7, B0GS8ZQ28Y, B0GYPPM5G2, B0GSYDV2VV, B0GWQG16H4, B0GHRMT67L, B0H18XFXBQ, B0GK13ZT7S, B0GSVRH8J2, B0H32C7ZVK, B0H18XSC26, B0H3SYVM72, B0H18TJKBQ, B0GWQF1W54, B0GS9DDC67, B0GYPDM4FF, B0H18F7NLC, B0G6CPDTX8, B0H2YXJR6L, B0GX9BJKFX, B0H18RX5DZ, B0GWQF91DZ, B0H18FFV24, B0GYPLZHDT, B0GSVC3CGP, B0GLN545VC, B0FWQXCZL2, B0H18M668P, B0GX9GL31B, B0H3SZPQWX, B0FWQZSDZV, B0GLNKQBFJ, B0GWQKYDN8, B0G5MW9DKJ, B0GWQRQVP7, B0GYPJWWSV, B0FWR7RQYG, B0GXTXT8HQ, B0GXV7HK78, B0GX9H2FH2, B0GWQFBXFL, B0H5W3T7PZ, B0GWQJ9DHW, B0GZNP5615, B0GYPCS78Q, B0GYPD5PGD, B0GWQLXYLF, B0GHRXXLM6, B0H18NK82J, B0H18QJRTB, B0H18TRPSH, B0H2Z3JCRS, B0GYPGRLSM]",amzn1.campaign.366U02E7NS3Q2,Boho Washable NonSlip LowPile Runner Creator Promo-2026/07/28,Bavni,2026-07-30,2026-11-04,10.00%,5000.0,5000.0,24,800,false
"[B0FJ1ZQCY7, B0FHHK8X8G]",amzn1.campaign.3KR02TMR1SJMV,Amico Exit Sign with Multi-Angle LED Emergency Lights（15% commission rate）,Amico,2026-07-30,2026-09-30,15.00%,5000.0,4910.0,0,800,false
"[B0H2XW5FB4, B0H274Q29M, B0H3TZ8F1Z, B0H28BCRGD]",amzn1.campaign.2S38KX3Q4KW9,💰 Earn 14% Commission | A Small Strap. A Big Difference.,teyy,2026-07-30,2027-01-31,14.00%,5000.0,5000.0,27,800,false
[B07YS9W3T8],amzn1.campaign.1QSFW7ELXYC89,ONLYU Top- PGI-280XXL CLI-281XXL 6 Pack-B07YS9W3T8 Earn 15% Commission!,ONLYU,2026-07-30,2026-12-31,15.00%,5000.0,4983.89,6,800,false
"[B0FMHX7RLP, B0FN3TVTYR, B0FMNSMCDW, B0FMNTN4G8, B0FMNTV5CH, B0FMJ9Y743, B0FN333RHS, B0FWVWTDGD, B0GQDC587K, B0FMNQ4L5X, B0FMHY7KBF, B0FWRD7FBJ, B0FN36T4SP, B0FWR9SRNG, B0FMNS4XHV, B0FMJD6LDB, B0GGPTNDSN, B0FWVRYWRX, B0FMNSNVSJ]",amzn1.campaign.160H7I3XWKQC,抽象,KXIAHTTEN,2026-07-30,2027-07-30,10.00%,5000.0,5000.0,4,800,false
"[B0G6XRDMWL, B0G6Y5Y714, B0G6XMYXZG, B0G6Y654YP, B0G6XP7LF4, B0G6XVFGL1, B0G6Y9BQ5P, B0G6XXWHDR, B0G6Y66GZX, B0G6Y9WZJL, B0G6XW1D1C, B0G6XVCFZZ, B0G6XZM32J, B0G6Y6F2TG, B0G6XBQN51, B0G6XYL544, B0G6Y15TJD, B0G6XXF7PW]",amzn1.campaign.2L0B9SD0HQBXX,15% Commission! Amazon’s Bestselling 32HF Prints Cash!,Heyfanee,2026-07-30,2026-11-05,15.00%,5000.0,5000.0,0,800,false
"[B0GX9DGNBM, B0GWQMGS6X, B0GYP14KW5, B0GX9KNFN4, B0GWQKDYBZ, B0G5NF8QXF, B0H18QYNDR, B0GS9FY7H7, B0H329XNTB, B0H2Z2TB89, B0G5N8ZBX8, B0H18PVSD6, B0GSY1Z46Y, B0GS986B6C, B0GHRW6ZX4, B0H18PPZT3, B0GZNN47YX, B0G5MYX7B9, B0H2YWTBQY, B0GSXYZ8XZ, B0GYPK3J89, B0GS95G8RM, B0GYPFN9CR, B0H2YX59PK, B0H18ZDTGY, B0GWQG2P3Q, B0GZNJHLDY, B0GX9C1GP8, B0GYPNHZJK, B0GWQJ1HCQ, B0GLMFS7HK, B0H18N9HLJ, B0H2Z22BJD, B0GYPB2DWJ, B0H3T2S25Z, B0GSVPNJ6W, B0GWQPQSXZ, B0H5W4SXMV, B0GYPCCQ6C, B0GYPBWN14, B0H3TDJ6XV, B0GYPDJ6Q6, B0H5W94WHY, B0GZNSQBN3, B0GXZM2BNX, B0H3TD552X, B0G5N3Y4W3, B0GXV5VX3V, B0GYPCBDR8, B0H2Z516W4, B0H3TD552Z, B0GLMKDQQ5, B0GSYBPD2P, B0GSY2VKFV, B0GK16J3TQ, B0H18SP8QG, B0GK1LCPQL, B0GWQH5LDQ, B0GZNR7HPR, B0GS99569Q, B0H18QY573, B0GWQJRMJH, B0H2Z2B5PH, B0H327B4N5, B0GS9KH8FD, B0GSY3RD2V, B0GSXZ1RKZ, B0GYPRGMVV, B0GWQ7MBQ3, B0GZNN4SM2, B0GX9C9MYK, B0GYPFJXXX, B0GK1LDRSH, B0GSY8QKZ7, B0GHRK1SXC, B0GX97YBZL, B0GX9G342M, B0GWQKWZXY, B0GWQV44XD, B0GSXTHB6K, B0GLN644MC, B0G5NJNM39, B0H2Z996ZZ, B0H3T7NQ7X, B0H31X9C7J, B0H18QD68K, B0G5MZ5MM4, B0H329QV6D, B0G6CG5YXR, B0GS9F61YN, B0GYPL9JRP, B0H18PL69C, B0GYPLQZK9, B0G5N9RQ39, B0H32B557W, B0GWLH18XT, B0H2Z297T6, B0GYPFKHCF, B0GYPG2L8X, B0GYPK1Z88, B0GSY37BRR, B0H3SZ2VBV, B0GYPRZGPQ, B0H3T5PVTK, B0GZNRQJTX, B0H2YZZ24D, B0H18W8Z72, B0H3T2G8Y1, B0GSV9YQVY, B0H44XPSKL, B0GS9CJ8QF, B0H18LL92Z, B0GX976MRJ, B0GYPSM4LM, B0GYP97Y3Z, B0GWQHYSDR, B0GSXXT2QN, B0GSYNNVFN, B0GHRRY45R, B0GLMW223X, B0GX9FJ1QH, B0GSY7P1RJ, B0GX9NRDBK, B0H18RSCLN, B0H18KYKMS, B0GZNH17QV, B0GWLKL7TL, B0G5N5JZRF, B0GLNRSDJF, B0H2Z41KBD, B0GS9J3VP8, B0GHR9CWMW, B0GS9FHS8H, B0G5NHZPB9, B0GX9GQ3GF, B0GX9K1M5X, B0GX9BNJCN, B0GWQJPRD6, B0GS9K58P8, B0GWQKXT3G, B0GX9J1MSB, B0GX9FDRF5, B0GZNM4CGG, B0GWQMYHW8, B0H18ZSG63, B0H32B2KQL, B0GYP4LMWX, B0GK1HRT3N, B0GK161137, B0G5NGJD7H, B0GYPG5P51, B0G5N9Y13W, B0G6C8GD8G, B0H2Z42V78, B0GYPD9WMJ, B0H2Z5T89G, B0GXZRFSVY, B0H18LX12R, B0GZNJ6NV7, B0H324FR2J, B0H3T94GCG, B0GZNMKCCJ, B0H18XNCRZ, B0GWM6S7YF, B0GSXZH7K8, B0H2Z9ZB91, B0H2Z45XL4, B0GX9GNS91, B0H18DRN3D, B0H19133WP, B0GYPPKWNC, B0H18KHGBG, B0GWQGBN4Z, B0GSXQDSN7, B0GS8ZQ28Y, B0GYPPM5G2, B0GSYDV2VV, B0GWQG16H4, B0GHRMT67L, B0H18XFXBQ, B0GK13ZT7S, B0GSVRH8J2, B0H32C7ZVK, B0H18XSC26, B0H3SYVM72, B0H18TJKBQ, B0GWQF1W54, B0GS9DDC67, B0GYPDM4FF, B0H18F7NLC, B0G6CPDTX8, B0H2YXJR6L, B0GX9BJKFX, B0H18RX5DZ, B0GWQF91DZ, B0H18FFV24, B0GYPLZHDT, B0GSVC3CGP, B0GLN545VC, B0FWQXCZL2, B0H18M668P, B0GX9GL31B, B0H3SZPQWX, B0FWQZSDZV, B0GLNKQBFJ, B0GWQKYDN8, B0G5MW9DKJ, B0GWQRQVP7, B0GYPJWWSV, B0FWR7RQYG, B0GXTXT8HQ, B0GXV7HK78, B0GX9H2FH2, B0GWQFBXFL, B0H5W3T7PZ, B0GWQJ9DHW, B0GZNP5615, B0GYPCS78Q, B0GYPD5PGD, B0GWQLXYLF, B0GHRXXLM6, B0H18NK82J, B0H18QJRTB, B0H18TRPSH, B0H2Z3JCRS, B0GYPGRLSM]",amzn1.campaign.2BT06C9045G68,Boho Washable NonSlip LowPile Runner Creator Promo-2026/07/28,Bavni,2026-07-30,2026-11-03,10.00%,5000.0,5000.0,28,800,false
[B0GXTHZT2F],amzn1.campaign.3FIYO3PINPGFX,0728-B0GXTHZT2F-21,VONKO,2026-07-30,2026-11-21,10.21%,9999.0,9999.0,19,800,false
"[B0H94QTGM3, B0H8J8N721, B0H9XWPMX3, B0H984HXDB, B0H987G9GG, B0H8BVHPTQ, B0H9831R84, B0H8C1RBQ9, B0H8BWV3VF, B0HB4GXV8J, B0H8XFV83M, B0H8BTWLG2, B0H8J8PB18, B0H9L1TNNC, B0H9H8GXD9, B0H8MYYMYL, B0H839HGQJ, B0H837RYMX, B0H9HBNHK8, B0H9HKLKNL, B0H8N9RL84, B0H8MYVZZM, B0H9HLNMBG, B0H8BVPFGY, B0H8XZL7WF, B0H98T5ZM8, B0H83QN78V, B0H8LLB8PK, B0H8BLB546, B0H8C864DY, B0H8LBBRVW, B0H83FJ2HN, B0H9YB13J3, B0H8LG5PC8, B0HB4Q1SCD, B0H9Y23QKV, B0H8BX4RNL, B0H94R3SL9, B0H8XZZHQF, B0H8LL7NKH, B0H8XZ6VGW, B0H985D2G2, B0H8J7X9QT, B0H94JN5JX, B0H839Y4H8, B0HB4D4ZPR, B0H9LBZXJ6, B0H9Y7GRTV, B0H8N4PKHD, B0HB46VF35, B0H9XX384K, B0H83BKVLG, B0H94DMZ9K, B0H9Y2QSWQ, B0H8MWGLS6, B0HB464PLB, B0H9XT81J4, B0H9HGJ5XL, B0H9LG8CP7, B0H8XRDS6V, B0HB4DCCXD, B0H98S55LP, B0H839C56R, B0H8MYR9RJ, B0H8N2W2ZT, B0H8J8FHH7, B0H94N1VGS, B0H8JKWSWQ, B0HB4BXH26, B0H97X1J75, B0H8LCB16X, B0H8L6LG4L, B0H8BY8QVW, B0H9HM53HY, B0H94FKSSQ, B0H8JKQ7BC, B0H98RXY7Z, B0H8MZV3MX, B0H986RQFV, B0H9LL2JFD, B0H8N4BRZ2, B0H8MZQBZQ, B0H83HCPPJ, B0H8LL7CJB, B0H8LL7CJC, B0H9HPJQTX, B0H8XMDLZD, B0H94L2JBQ, B0HB4F5FB8, B0H981NNKX, B0H8L8BHJW, B0H8JCWPH7, B0H8LGSDFZ, B0H83921CY, B0H8XQ19JJ, B0H835QH45, B0H8XVSY2D, B0H9LBCP8M, B0H8LFMDDS, B0HB43CZL1, B0H8MVWQ65, B0H8J7CT1R, B0H98KJN4L, B0H9L1GQSG, B0H83CD5H7, B0H835DTBT, B0H9HNP889, B0H9831Z2M, B0H8C88496, B0HB49W8SQ, B0H8XTR114, B0H98326HW, B0H9HQYSMS, B0H8JD1VRF, B0H8XSXD6N, B0H8C174LT, B0H8J7QS3G, B0H837Q98Q, B0H97PXR3N, B0H8L6LVVS, B0H989785L, B0H9H4HQ8J, B0H98TG6ZJ, B0H8J85B9X, B0HB4832DH, B0H8JCWS6D, B0H8N9PRQ5, B0H83BJRQ5, B0H988NMGF, B0H8N14VX7, B0HB4L27ZB, B0HB4857XK, B0H9L5PP5M, B0H8L2YPC8, B0H9XYHLNP, B0H8BZTZML, B0H8BV9PX2, B0H9Y33HTV, B0H97VZKKJ, B0H8MYLCC8, B0H9HJG6XB, B0H8BVQR3M, B0H83D8FG3, B0H8XTVMBJ, B0H8L5PHLC, B0H9XSZCZZ, B0HB4K4Z1V, B0H8N4GLL1, B0HB4419Z3, B0H8N4FGTQ, B0HB4322T1, B0H8L5KPZT, B0H9HDKZ9X, B0HB4D7QMW, B0H8JH3RCY, B0H97TG7PP, B0H83B1ZJ4, B0H9LDRTH6, B0H8C18726, B0H9HC2TW6, B0H94GZFF9, B0H8MYZYBP, B0H8BYD3NQ, B0H8XSPGSM, B0H9Y1JWJ6, B0HBJXNF3Z, B0H8Y2K3X4, B0H8J8513Z, B0HBJX5SXD, B0H839L676, B0H991TWF4, B0H9H43D24, B0H9L5F2M9, B0H8J8S9KF, B0HB4D8796, B0H839R41P, B0H8BH78DB, B0H8L8P42K, B0H8JD95VZ, B0H9H9Z863, B0H94PN3VB, B0H8XYKVG5, B0H8J98CB5, B0HB4FKMDF, B0H8XSQPXB, B0H8L64SYT, B0H8J8BF5J, B0H94KHMMS, B0H9HD1HX9, B0H79K2995, B0H9HGN5VW, B0H8NBW3HT, B0H8L6CMDG, B0H984G8JC, B0H9L96ZL5, B0H9H777WQ, B0HB4KP35Y, B0H835DZW5, B0H8XT284V, B0H8BHSCZM, B0H9HD1TPH, B0H9LBW29S, B0H97Z6H2V, B0H9Y7BV8C, B0H98BN3MK, B0H8BZSPS7, B0H9L9B2ZC, B0H8Y5TZCM, B0H8KYS1JS, B0HB48L6TW, B0H9851111, B0H8XV9F3S]",amzn1.campaign.1FOGBXIZ5C5XP,30% Commission Refund,Ariovtfel,2026-09-24,2027-09-24,30.00%,5000.0,5000.0,8,800,false
"[B0GXJB9L4B, B0GXHWR71N, B0GXHQFRPM, B0H74TM9KC]",amzn1.campaign.V3V6NZBV99X1,TZ684-Earn 12% Promoting Our Rhinestone Fishnet Bodysuit,Eagerlove,2026-07-30,2026-12-31,12.00%,5000.0,4996.4,7,800,false
"[B0GX9DGNBM, B0GWQMGS6X, B0GYP14KW5, B0GX9KNFN4, B0GWQKDYBZ, B0G5NF8QXF, B0H18QYNDR, B0GS9FY7H7, B0H329XNTB, B0H2Z2TB89, B0G5N8ZBX8, B0H18PVSD6, B0GSY1Z46Y, B0GS986B6C, B0GHRW6ZX4, B0H18PPZT3, B0GZNN47YX, B0G5MYX7B9, B0H2YWTBQY, B0GSXYZ8XZ, B0GYPK3J89, B0GS95G8RM, B0GYPFN9CR, B0H2YX59PK, B0H18ZDTGY, B0GWQG2P3Q, B0GZNJHLDY, B0GX9C1GP8, B0GYPNHZJK, B0GWQJ1HCQ, B0GLMFS7HK, B0H18N9HLJ, B0H2Z22BJD, B0GYPB2DWJ, B0H3T2S25Z, B0GSVPNJ6W, B0GWQPQSXZ, B0H5W4SXMV, B0GYPCCQ6C, B0GYPBWN14, B0H3TDJ6XV, B0GYPDJ6Q6, B0H5W94WHY, B0GZNSQBN3, B0GXZM2BNX, B0H3TD552X, B0G5N3Y4W3, B0GXV5VX3V, B0GYPCBDR8, B0H2Z516W4, B0H3TD552Z, B0GLMKDQQ5, B0GSYBPD2P, B0GSY2VKFV, B0GK16J3TQ, B0H18SP8QG, B0GK1LCPQL, B0GWQH5LDQ, B0GZNR7HPR, B0GS99569Q, B0H18QY573, B0GWQJRMJH, B0H2Z2B5PH, B0H327B4N5, B0GS9KH8FD, B0GSY3RD2V, B0GSXZ1RKZ, B0GYPRGMVV, B0GWQ7MBQ3, B0GZNN4SM2, B0GX9C9MYK, B0GYPFJXXX, B0GK1LDRSH, B0GSY8QKZ7, B0GHRK1SXC, B0GX97YBZL, B0GX9G342M, B0GWQKWZXY, B0GWQV44XD, B0GSXTHB6K, B0GLN644MC, B0G5NJNM39, B0H2Z996ZZ, B0H3T7NQ7X, B0H31X9C7J, B0H18QD68K, B0G5MZ5MM4, B0H329QV6D, B0G6CG5YXR, B0GS9F61YN, B0GYPL9JRP, B0H18PL69C, B0GYPLQZK9, B0G5N9RQ39, B0H32B557W, B0GWLH18XT, B0H2Z297T6, B0GYPFKHCF, B0GYPG2L8X, B0GYPK1Z88, B0GSY37BRR, B0H3SZ2VBV, B0GYPRZGPQ, B0H3T5PVTK, B0GZNRQJTX, B0H2YZZ24D, B0H18W8Z72, B0H3T2G8Y1, B0GSV9YQVY, B0H44XPSKL, B0GS9CJ8QF, B0H18LL92Z, B0GX976MRJ, B0GYPSM4LM, B0GYP97Y3Z, B0GWQHYSDR, B0GSXXT2QN, B0GSYNNVFN, B0GHRRY45R, B0GLMW223X, B0GX9FJ1QH, B0GSY7P1RJ, B0GX9NRDBK, B0H18RSCLN, B0H18KYKMS, B0GZNH17QV, B0GWLKL7TL, B0G5N5JZRF, B0GLNRSDJF, B0H2Z41KBD, B0GS9J3VP8, B0GHR9CWMW, B0GS9FHS8H, B0G5NHZPB9, B0GX9GQ3GF, B0GX9K1M5X, B0GX9BNJCN, B0GWQJPRD6, B0GS9K58P8, B0GWQKXT3G, B0GX9J1MSB, B0GX9FDRF5, B0GZNM4CGG, B0GWQMYHW8, B0H18ZSG63, B0H32B2KQL, B0GYP4LMWX, B0GK1HRT3N, B0GK161137, B0G5NGJD7H, B0GYPG5P51, B0G5N9Y13W, B0G6C8GD8G, B0H2Z42V78, B0GYPD9WMJ, B0H2Z5T89G, B0GXZRFSVY, B0H18LX12R, B0GZNJ6NV7, B0H324FR2J, B0H3T94GCG, B0GZNMKCCJ, B0H18XNCRZ, B0GWM6S7YF, B0GSXZH7K8, B0H2Z9ZB91, B0H2Z45XL4, B0GX9GNS91, B0H18DRN3D, B0H19133WP, B0GYPPKWNC, B0H18KHGBG, B0GWQGBN4Z, B0GSXQDSN7, B0GS8ZQ28Y, B0GYPPM5G2, B0GSYDV2VV, B0GWQG16H4, B0GHRMT67L, B0H18XFXBQ, B0GK13ZT7S, B0GSVRH8J2, B0H32C7ZVK, B0H18XSC26, B0H3SYVM72, B0H18TJKBQ, B0GWQF1W54, B0GS9DDC67, B0GYPDM4FF, B0H18F7NLC, B0G6CPDTX8, B0H2YXJR6L, B0GX9BJKFX, B0H18RX5DZ, B0GWQF91DZ, B0H18FFV24, B0GYPLZHDT, B0GSVC3CGP, B0GLN545VC, B0FWQXCZL2, B0H18M668P, B0GX9GL31B, B0H3SZPQWX, B0FWQZSDZV, B0GLNKQBFJ, B0GWQKYDN8, B0G5MW9DKJ, B0GWQRQVP7, B0GYPJWWSV, B0FWR7RQYG, B0GXTXT8HQ, B0GXV7HK78, B0GX9H2FH2, B0GWQFBXFL, B0H5W3T7PZ, B0GWQJ9DHW, B0GZNP5615, B0GYPCS78Q, B0GYPD5PGD, B0GWQLXYLF, B0GHRXXLM6, B0H18NK82J, B0H18QJRTB, B0H18TRPSH, B0H2Z3JCRS, B0GYPGRLSM]",amzn1.campaign.2AY5N0KY401RI,Boho Washable NonSlip LowPile Runner Creator Promo-2026/07/28,Bavni,2026-07-30,2026-11-02,10.00%,5000.0,5000.0,26,800,false
[B0H4F9X53C],amzn1.campaign.27SPYY6SLUZT1,🔥10% COMMISSION | 2704 LEDs Mat | Medical-Grade TPU,BingSkyer,2026-07-30,2026-11-01,10.00%,5000.0,5000.0,22,800,false
"[B0FN36T4SP, B0FN3TVTYR, B0GGPTNDSN, B0FN333RHS, B0GQDC587K]",amzn1.campaign.2WGKM7J4LC765,带框厨房和儿童房,KXIAHTTEN,2026-07-30,2027-07-30,10.00%,5000.0,5000.0,11,800,false
"[B0GX9DGNBM, B0GWQMGS6X, B0GYP14KW5, B0GX9KNFN4, B0GWQKDYBZ, B0G5NF8QXF, B0H18QYNDR, B0GS9FY7H7, B0H329XNTB, B0H2Z2TB89, B0G5N8ZBX8, B0H18PVSD6, B0GSY1Z46Y, B0GS986B6C, B0GHRW6ZX4, B0H18PPZT3, B0GZNN47YX, B0G5MYX7B9, B0H2YWTBQY, B0GSXYZ8XZ, B0GYPK3J89, B0GS95G8RM, B0GYPFN9CR, B0H2YX59PK, B0H18ZDTGY, B0GWQG2P3Q, B0GZNJHLDY, B0GX9C1GP8, B0GYPNHZJK, B0GWQJ1HCQ, B0GLMFS7HK, B0H18N9HLJ, B0H2Z22BJD, B0GYPB2DWJ, B0H3T2S25Z, B0GSVPNJ6W, B0GWQPQSXZ, B0H5W4SXMV, B0GYPCCQ6C, B0GYPBWN14, B0H3TDJ6XV, B0GYPDJ6Q6, B0H5W94WHY, B0GZNSQBN3, B0GXZM2BNX, B0H3TD552X, B0G5N3Y4W3, B0GXV5VX3V, B0GYPCBDR8, B0H2Z516W4, B0H3TD552Z, B0GLMKDQQ5, B0GSYBPD2P, B0GSY2VKFV, B0GK16J3TQ, B0H18SP8QG, B0GK1LCPQL, B0GWQH5LDQ, B0GZNR7HPR, B0GS99569Q, B0H18QY573, B0GWQJRMJH, B0H2Z2B5PH, B0H327B4N5, B0GS9KH8FD, B0GSY3RD2V, B0GSXZ1RKZ, B0GYPRGMVV, B0GWQ7MBQ3, B0GZNN4SM2, B0GX9C9MYK, B0GYPFJXXX, B0GK1LDRSH, B0GSY8QKZ7, B0GHRK1SXC, B0GX97YBZL, B0GX9G342M, B0GWQKWZXY, B0GWQV44XD, B0GSXTHB6K, B0GLN644MC, B0G5NJNM39, B0H2Z996ZZ, B0H3T7NQ7X, B0H31X9C7J, B0H18QD68K, B0G5MZ5MM4, B0H329QV6D, B0G6CG5YXR, B0GS9F61YN, B0GYPL9JRP, B0H18PL69C, B0GYPLQZK9, B0G5N9RQ39, B0H32B557W, B0GWLH18XT, B0H2Z297T6, B0GYPFKHCF, B0GYPG2L8X, B0GYPK1Z88, B0GSY37BRR, B0H3SZ2VBV, B0GYPRZGPQ, B0H3T5PVTK, B0GZNRQJTX, B0H2YZZ24D, B0H18W8Z72, B0H3T2G8Y1, B0GSV9YQVY, B0H44XPSKL, B0GS9CJ8QF, B0H18LL92Z, B0GX976MRJ, B0GYPSM4LM, B0GYP97Y3Z, B0GWQHYSDR, B0GSXXT2QN, B0GSYNNVFN, B0GHRRY45R, B0GLMW223X, B0GX9FJ1QH, B0GSY7P1RJ, B0GX9NRDBK, B0H18RSCLN, B0H18KYKMS, B0GZNH17QV, B0GWLKL7TL, B0G5N5JZRF, B0GLNRSDJF, B0H2Z41KBD, B0GS9J3VP8, B0GHR9CWMW, B0GS9FHS8H, B0G5NHZPB9, B0GX9GQ3GF, B0GX9K1M5X, B0GX9BNJCN, B0GWQJPRD6, B0GS9K58P8, B0GWQKXT3G, B0GX9J1MSB, B0GX9FDRF5, B0GZNM4CGG, B0GWQMYHW8, B0H18ZSG63, B0H32B2KQL, B0GYP4LMWX, B0GK1HRT3N, B0GK161137, B0G5NGJD7H, B0GYPG5P51, B0G5N9Y13W, B0G6C8GD8G, B0H2Z42V78, B0GYPD9WMJ, B0H2Z5T89G, B0GXZRFSVY, B0H18LX12R, B0GZNJ6NV7, B0H324FR2J, B0H3T94GCG, B0GZNMKCCJ, B0H18XNCRZ, B0GWM6S7YF, B0GSXZH7K8, B0H2Z9ZB91, B0H2Z45XL4, B0GX9GNS91, B0H18DRN3D, B0H19133WP, B0GYPPKWNC, B0H18KHGBG, B0GWQGBN4Z, B0GSXQDSN7, B0GS8ZQ28Y, B0GYPPM5G2, B0GSYDV2VV, B0GWQG16H4, B0GHRMT67L, B0H18XFXBQ, B0GK13ZT7S, B0GSVRH8J2, B0H32C7ZVK, B0H18XSC26, B0H3SYVM72, B0H18TJKBQ, B0GWQF1W54, B0GS9DDC67, B0GYPDM4FF, B0H18F7NLC, B0G6CPDTX8, B0H2YXJR6L, B0GX9BJKFX, B0H18RX5DZ, B0GWQF91DZ, B0H18FFV24, B0GYPLZHDT, B0GSVC3CGP, B0GLN545VC, B0FWQXCZL2, B0H18M668P, B0GX9GL31B, B0H3SZPQWX, B0FWQZSDZV, B0GLNKQBFJ, B0GWQKYDN8, B0G5MW9DKJ, B0GWQRQVP7, B0GYPJWWSV, B0FWR7RQYG, B0GXTXT8HQ, B0GXV7HK78, B0GX9H2FH2, B0GWQFBXFL, B0H5W3T7PZ, B0GWQJ9DHW, B0GZNP5615, B0GYPCS78Q, B0GYPD5PGD, B0GWQLXYLF, B0GHRXXLM6, B0H18NK82J, B0H18QJRTB, B0H18TRPSH, B0H2Z3JCRS, B0GYPGRLSM]",amzn1.campaign.NROUD173YPYM,Boho Washable NonSlip LowPile Runner Creator Promo-2026/07/28,Bavni,2026-07-30,2026-11-01,10.00%,5000.0,5000.0,32,800,false
"[B0DFTBXLLH, B0DFTFFL2F, B0DFTDLT2S, B0DTFY9B5F, B0DFTHJSR8, B0DFT9X8P2, B0DFTC2HGZ]",amzn1.campaign.XLBVY6G3PUQ9,516-W City Walker Lace‑Ups 10%  Commission,DLWKIPV,2026-07-30,2027-07-30,10.00%,5000.0,5000.0,6,800,false
"[B0DQTYF78R, B0DCZ8MB3C, B0DQTSXNVR, B0DCZ4TBCY, B0DCZ7WQ5P, B0DCZ1MZWL, B0DCZB27LG, B0DS5TW37H, B0DRBHWDHB, B0DCZ86SH2, B0DCZ35FKQ, B0DCZ7W79D]",amzn1.campaign.36GULQ5Y3MWGU,Win-Win Collaboration:Promote GINGTTO 88g Mens Leather Pants&Earn 15% Commission,GINGTTO,2026-07-30,2026-10-31,15.00%,5000.0,5000.0,18,800,false
"[B0G6XRDMWL, B0G6Y5Y714, B0G6XMYXZG, B0G6Y654YP, B0G6XP7LF4, B0G6XVFGL1, B0G6Y9BQ5P, B0G6XXWHDR, B0G6Y66GZX, B0G6Y9WZJL, B0G6XW1D1C, B0G6XVCFZZ, B0G6XZM32J, B0G6Y6F2TG, B0G6XBQN51, B0G6XYL544, B0G6Y15TJD, B0G6XXF7PW]",amzn1.campaign.ORFTGJXX1L6O,Promote Heyfanee 32HF and Earn a 15% Commission!,Heyfanee,2026-07-30,2026-11-04,15.00%,5000.0,5000.0,18,800,false
[B0818YDGZF],amzn1.campaign.20XVS9TDII7CS,ONLYU Top- PGI-280XXL CLI-281XXL 10 Pack-B0818YDGZF Earn 15% Commission!,ONLYU,2026-07-30,2026-12-31,15.00%,5000.0,4970.19,7,800,false
"[B0CMQ3WYN5, B0CMQ2ZW3T, B0CMQ2NL5Q, B0CMQ4FD2D, B0CMQ37795, B0CMQ53XRV, B0CMQ4HT86, B0GJS7NM7F, B0GJS9P9TR, B0GJS22PZY, B0CMQ3BLMT, B0CMQ42N8J, B0CMQ4CLTM, B0CMQ3CJ9Z, B0GJS5YN7J, B0CMQ3DKG7, B0GJSB96DQ, B0GJSDPTW7, B0GJRZRQ77, B0GJS1PFDF, B0CMQ4QPDZ, B0GJRPTJTL, B0GJS5J31J, B0CMQ2YG9C, B0CMQ48Q7H, B0GJS8T3VJ, B0CMZWT769, B0CMZTMWMK, B0CMQ2YKQJ, B0CMQ4J8J4, B0GJS5W24K, B0GJRZW48N, B0CMQ2MV2Z, B0CMZVYQZ8, B0CMQ347Z1, B0GJSBDKCJ, B0GJSDSSR6, B0CMQ2JR3T, B0GJS81S4Z, B0CMQ3RNHF, B0CMQ46SQP, B0GJS6ZYL8, B0CMQ64TYG, B0GJSJ22XV, B0CMQ2ZW2H, B0CMQ4NNLG, B0CMQ3T2SW, B0GJS9VR81, B0GJS5BB1M]",amzn1.campaign.14S8XPYUOD9UH,Content Invite: Embrace Effortless Glamour with Vepose 9650A Mid Calf Boots📢,VEPOSE,2026-07-30,2026-12-31,10.00%,5000.0,5000.0,0,800,false
[B0FLXK7YH2],amzn1.campaign.2IWVO4MP2M49D,Deer Feeder Kit- B0FLXK7YH2-10%-8.31,Boltfavo,2026-07-30,2026-12-31,10.00%,5000.0,4940.6,2,800,false
[B0FHKB27K7],amzn1.campaign.1G941X6JU0UUV,Amico Double-Sided Exit Sign with Emergency Lights（15% commission rate）,Amico,2026-07-30,2026-09-30,15.00%,5000.0,5000.0,0,800,false
[B0H4G3HCGH],amzn1.campaign.16V53BB7XFV3U,Minimal Ghost Halloween Lumbar Pillow Cover 👻 (10% Commission),ARGOOFG,2026-07-30,2027-07-30,10.00%,5000.0,4999.5,0,800,false
"[B0GKDYMZ2K, B0GC4D8KD5, B0GCR29Z5Q, B0GBVLWXN1, B0GBWDMTQW, B0GKFCY96C, B0G2RRN7PG]",amzn1.campaign.25UQM32ZLPFH9,铝皮画，沿海，浴室,KXIAHTTEN,2026-07-30,2027-07-30,10.00%,5000.0,5000.0,8,800,false
[B0GXTHZT2F],amzn1.campaign.2L0G54USBP98X,0728-B0GXTHZT2F-20,VONKO,2026-07-30,2026-11-21,10.20%,9999.0,9999.0,20,800,false
"[B0GZW5595C, B0GZW8NC11, B0GZVYYQVD, B0FGCQRYRQ, B0GZW867BW, B0GZW3N456, B0GZW5VM8G, B0GZW1GLWP, B0GZW2PHHM, B0GZW2C767, B0GZW2PHHP]",amzn1.campaign.3O70LALXYXY8L,水晶手链,RLLLcvc,2026-07-30,2027-07-30,20.00%,10000.0,9964.28,2,800,false
"[B0GX9DGNBM, B0GWQMGS6X, B0GYP14KW5, B0GX9KNFN4, B0GWQKDYBZ, B0G5NF8QXF, B0H18QYNDR, B0GS9FY7H7, B0H329XNTB, B0H2Z2TB89, B0G5N8ZBX8, B0H18PVSD6, B0GSY1Z46Y, B0GS986B6C, B0GHRW6ZX4, B0H18PPZT3, B0GZNN47YX, B0G5MYX7B9, B0H2YWTBQY, B0GSXYZ8XZ, B0GYPK3J89, B0GS95G8RM, B0GYPFN9CR, B0H2YX59PK, B0H18ZDTGY, B0GWQG2P3Q, B0GZNJHLDY, B0GX9C1GP8, B0GYPNHZJK, B0GWQJ1HCQ, B0GLMFS7HK, B0H18N9HLJ, B0H2Z22BJD, B0GYPB2DWJ, B0H3T2S25Z, B0GSVPNJ6W, B0GWQPQSXZ, B0H5W4SXMV, B0GYPCCQ6C, B0GYPBWN14, B0H3TDJ6XV, B0GYPDJ6Q6, B0H5W94WHY, B0GZNSQBN3, B0GXZM2BNX, B0H3TD552X, B0G5N3Y4W3, B0GXV5VX3V, B0GYPCBDR8, B0H2Z516W4, B0H3TD552Z, B0GLMKDQQ5, B0GSYBPD2P, B0GSY2VKFV, B0GK16J3TQ, B0H18SP8QG, B0GK1LCPQL, B0GWQH5LDQ, B0GZNR7HPR, B0GS99569Q, B0H18QY573, B0GWQJRMJH, B0H2Z2B5PH, B0H327B4N5, B0GS9KH8FD, B0GSY3RD2V, B0GSXZ1RKZ, B0GYPRGMVV, B0GWQ7MBQ3, B0GZNN4SM2, B0GX9C9MYK, B0GYPFJXXX, B0GK1LDRSH, B0GSY8QKZ7, B0GHRK1SXC, B0GX97YBZL, B0GX9G342M, B0GWQKWZXY, B0GWQV44XD, B0GSXTHB6K, B0GLN644MC, B0G5NJNM39, B0H2Z996ZZ, B0H3T7NQ7X, B0H31X9C7J, B0H18QD68K, B0G5MZ5MM4, B0H329QV6D, B0G6CG5YXR, B0GS9F61YN, B0GYPL9JRP, B0H18PL69C, B0GYPLQZK9, B0G5N9RQ39, B0H32B557W, B0GWLH18XT, B0H2Z297T6, B0GYPFKHCF, B0GYPG2L8X, B0GYPK1Z88, B0GSY37BRR, B0H3SZ2VBV, B0GYPRZGPQ, B0H3T5PVTK, B0GZNRQJTX, B0H2YZZ24D, B0H18W8Z72, B0H3T2G8Y1, B0GSV9YQVY, B0H44XPSKL, B0GS9CJ8QF, B0H18LL92Z, B0GX976MRJ, B0GYPSM4LM, B0GYP97Y3Z, B0GWQHYSDR, B0GSXXT2QN, B0GSYNNVFN, B0GHRRY45R, B0GLMW223X, B0GX9FJ1QH, B0GSY7P1RJ, B0GX9NRDBK, B0H18RSCLN, B0H18KYKMS, B0GZNH17QV, B0GWLKL7TL, B0G5N5JZRF, B0GLNRSDJF, B0H2Z41KBD, B0GS9J3VP8, B0GHR9CWMW, B0GS9FHS8H, B0G5NHZPB9, B0GX9GQ3GF, B0GX9K1M5X, B0GX9BNJCN, B0GWQJPRD6, B0GS9K58P8, B0GWQKXT3G, B0GX9J1MSB, B0GX9FDRF5, B0GZNM4CGG, B0GWQMYHW8, B0H18ZSG63, B0H32B2KQL, B0GYP4LMWX, B0GK1HRT3N, B0GK161137, B0G5NGJD7H, B0GYPG5P51, B0G5N9Y13W, B0G6C8GD8G, B0H2Z42V78, B0GYPD9WMJ, B0H2Z5T89G, B0GXZRFSVY, B0H18LX12R, B0GZNJ6NV7, B0H324FR2J, B0H3T94GCG, B0GZNMKCCJ, B0H18XNCRZ, B0GWM6S7YF, B0GSXZH7K8, B0H2Z9ZB91, B0H2Z45XL4, B0GX9GNS91, B0H18DRN3D, B0H19133WP, B0GYPPKWNC, B0H18KHGBG, B0GWQGBN4Z, B0GSXQDSN7, B0GS8ZQ28Y, B0GYPPM5G2, B0GSYDV2VV, B0GWQG16H4, B0GHRMT67L, B0H18XFXBQ, B0GK13ZT7S, B0GSVRH8J2, B0H32C7ZVK, B0H18XSC26, B0H3SYVM72, B0H18TJKBQ, B0GWQF1W54, B0GS9DDC67, B0GYPDM4FF, B0H18F7NLC, B0G6CPDTX8, B0H2YXJR6L, B0GX9BJKFX, B0H18RX5DZ, B0GWQF91DZ, B0H18FFV24, B0GYPLZHDT, B0GSVC3CGP, B0GLN545VC, B0FWQXCZL2, B0H18M668P, B0GX9GL31B, B0H3SZPQWX, B0FWQZSDZV, B0GLNKQBFJ, B0GWQKYDN8, B0G5MW9DKJ, B0GWQRQVP7, B0GYPJWWSV, B0FWR7RQYG, B0GXTXT8HQ, B0GXV7HK78, B0GX9H2FH2, B0GWQFBXFL, B0H5W3T7PZ, B0GWQJ9DHW, B0GZNP5615, B0GYPCS78Q, B0GYPD5PGD, B0GWQLXYLF, B0GHRXXLM6, B0H18NK82J, B0H18QJRTB, B0H18TRPSH, B0H2Z3JCRS, B0GYPGRLSM]",amzn1.campaign.G7LRIXX2JDNT,Boho Washable NonSlip LowPile Runner Creator Promo-2026/07/28,Bavni,2026-07-30,2026-10-31,10.00%,5000.0,5000.0,33,800,false
[B0GXTHZT2F],amzn1.campaign.3B0UMRXIJ73B3,0728-B0GXTHZT2F-19,VONKO,2026-07-30,2026-11-21,10.19%,9999.0,9999.0,18,800,false
"[B0H2V99HS7, B07P8NWS7V, B0H2V5JYPC, B07P5M159Q, B0H2V48NVY, B0H2VHTYSK, B0H2VCN696, B0H2VDFQTB, B0H2VDZ4BK, B0H2V5S4PK, B0H2VCVK78, B07P8PT9W3, B07P6KBCCN, B0H2VGBCR5, B07P7N8R1G, B0H2VB9BBL, B0H2VDV74X]",amzn1.campaign.PE0QZRZJ78NC,Classic Rope Chain Bracelet 🎁 Free Sample | 13% Commission | B0H9Y7C82K,ChainsPro,2026-07-30,2026-12-31,13.00%,5000.0,5000.0,0,800,false
[B0GXTHZT2F],amzn1.campaign.24HUYBJ2T9N7E,0728-B0GXTHZT2F-18,VONKO,2026-07-30,2026-11-21,10.18%,9999.0,9999.0,19,800,false
[B0GXTHZT2F],amzn1.campaign.2HK3WGA2WA4I9,0728-B0GXTHZT2F-17,VONKO,2026-07-30,2026-11-21,10.17%,9999.0,9999.0,20,800,false
"[B0GT2QQDMP, B0GT3ZXSNT, B0GT2T4TL9, B0GT3837WC, B0GT2RX89F, B0GT2Y9XWR, B0GT2TY78Q, B0GT3HX61H, B0GT2LF1FN, B0GT2QD287, B0GT2TKVKX, B0GT2TTQKD, B0GT352DBP, B0GT2XYTP8, B0GT2QC8D2, B0GT37BX6F, B0GT3BT8BX, B0GT2V2F31, B0GT3HSV8B, B0GT3854VY, B0GT2XDXBC, B0GT2SHTR4, B0GT2L6846, B0GT2QZQKL, B0GT2QPFGM, B0GT2PHS9M, B0GT2WTQR6, B0GT33YBX9, B0GT2T6HSK, B0GT2YDJH6, B0GT2T57Q5, B0GT2QWYL2, B0GT31C5Z7, B0GT2H7QP7, B0GT2Y9B3J, B0GT352YDY, B0GT31C5YN, B0GT2T57QD, B0GT2PQXY6, B0GT29PQ5J, B0GT33B7WC, B0GT3SYFQR, B0GT3Q8FMN, B0GT2T44WX, B0GT2RHKXH, B0GT35CJQN, B0GT3L3JVR, B0GT2HYS57, B0GT2VF97P, B0GT2Q9915, B0GT3JCYWP, B0GT2WQXVG, B0GT2RJ31Q, B0GT2WCQXH, B0GT2MQYRM, B0GT2XWBJ2, B0GT2RHNQH, B0GT2QSQ1K, B0GT2DTRPC, B0GT378PZP, B0GT31ZJSJ, B0GT2MY5GR, B0GT313SNH, B0GT2SLX6T, B0GT2Q89FT, B0GT2HSH84, B0GT2HSH83, B0GT3878MY, B0GT2KNN1C, B0GT2MDQM6, B0GT2LGZRD]",amzn1.campaign.3DGMDJ2WT3Y3Y,3 Pack Ring Cover Compatible with Oura Ring Gen 4/Oura Ring Gen 3,Vigamen,2026-07-30,2026-09-30,10.00%,5000.0,4999.2,2,800,false
"[B0DNPYXHMJ, B0CP24KRF6, B0DPPLVN7P, B0H3KSTF3M, B0CN6X181Q, B0H3KLTCH8, B0CN6WVB84, B0H3KR6QBD, B0H3KPL5TX, B0H3KRQ4M1, B0CN6VYYMM, B0DNQ3MV59, B0H3KQ4JSB, B0DPPD5VQM, B0CN6WMYKK, B0DNQ25828, B0CN6W7R6S, B0CP243SVW, B0DFWK6N9J, B0DNPYSDN8, B0CN6VQR63, B0CN6W7TCD, B0H3KX28FT, B0DPP8L8D4, B0CN6VD221, B0DPPBW4W8, B0CTJFL9PD, B0H3KS74TT, B0DPP7SSXR, B0DPPQ82N6, B0DPPLWBL2, B0DQ3B973D, B0CN6WRZN2, B0F8MJC1RH, B0DQ3BRNBS, B0DQ75MHT8, B0F8MHMQT2, B0H3KQYYT6, B0DQBDY5KV, B0H3KNH998, B0DQ41T3RL, B0F8MFG2JJ, B0CN6VRP9Z, B0CN6VL8X9, B0CTJGBNH2, B0DPP9YHZ1, B0FS6KP4QB, B0DQBJW74Q, B0CN6VXCJ1, B0DQ4GXTBH, B0DPPGRQFH, B0DQB3QRGH, B0DPPQBKMW, B0CN6WDFX4, B0DPPCLGRR, B0FS6HD9DC, B0F8MJ4Z8P]",amzn1.campaign.1EOP7HPRDTVCX,Win-Win Collaboration:Promote GINGTTO 78g Mens Leather Pants&Earn 15% Commission,GINGTTO,2026-07-30,2026-10-31,15.00%,5000.0,5000.0,0,800,false
"[B0GPTJPHKG, B0GQCYW25T, B0GQDLN8K2, B0GKNRH798]",amzn1.campaign.3M7N46YMO56WL,日月,KXIAHTTEN,2026-07-30,2027-07-30,10.00%,5000.0,5000.0,16,800,false
"[B0GX9DGNBM, B0GWQMGS6X, B0GYP14KW5, B0GX9KNFN4, B0GWQKDYBZ, B0G5NF8QXF, B0H18QYNDR, B0GS9FY7H7, B0H329XNTB, B0H2Z2TB89, B0G5N8ZBX8, B0H18PVSD6, B0GSY1Z46Y, B0GS986B6C, B0GHRW6ZX4, B0H18PPZT3, B0GZNN47YX, B0G5MYX7B9, B0H2YWTBQY, B0GSXYZ8XZ, B0GYPK3J89, B0GS95G8RM, B0GYPFN9CR, B0H2YX59PK, B0H18ZDTGY, B0GWQG2P3Q, B0GZNJHLDY, B0GX9C1GP8, B0GYPNHZJK, B0GWQJ1HCQ, B0GLMFS7HK, B0H18N9HLJ, B0H2Z22BJD, B0GYPB2DWJ, B0H3T2S25Z, B0GSVPNJ6W, B0GWQPQSXZ, B0H5W4SXMV, B0GYPCCQ6C, B0GYPBWN14, B0H3TDJ6XV, B0GYPDJ6Q6, B0H5W94WHY, B0GZNSQBN3, B0GXZM2BNX, B0H3TD552X, B0G5N3Y4W3, B0GXV5VX3V, B0GYPCBDR8, B0H2Z516W4, B0H3TD552Z, B0GLMKDQQ5, B0GSYBPD2P, B0GSY2VKFV, B0GK16J3TQ, B0H18SP8QG, B0GK1LCPQL, B0GWQH5LDQ, B0GZNR7HPR, B0GS99569Q, B0H18QY573, B0GWQJRMJH, B0H2Z2B5PH, B0H327B4N5, B0GS9KH8FD, B0GSY3RD2V, B0GSXZ1RKZ, B0GYPRGMVV, B0GWQ7MBQ3, B0GZNN4SM2, B0GX9C9MYK, B0GYPFJXXX, B0GK1LDRSH, B0GSY8QKZ7, B0GHRK1SXC, B0GX97YBZL, B0GX9G342M, B0GWQKWZXY, B0GWQV44XD, B0GSXTHB6K, B0GLN644MC, B0G5NJNM39, B0H2Z996ZZ, B0H3T7NQ7X, B0H31X9C7J, B0H18QD68K, B0G5MZ5MM4, B0H329QV6D, B0G6CG5YXR, B0GS9F61YN, B0GYPL9JRP, B0H18PL69C, B0GYPLQZK9, B0G5N9RQ39, B0H32B557W, B0GWLH18XT, B0H2Z297T6, B0GYPFKHCF, B0GYPG2L8X, B0GYPK1Z88, B0GSY37BRR, B0H3SZ2VBV, B0GYPRZGPQ, B0H3T5PVTK, B0GZNRQJTX, B0H2YZZ24D, B0H18W8Z72, B0H3T2G8Y1, B0GSV9YQVY, B0H44XPSKL, B0GS9CJ8QF, B0H18LL92Z, B0GX976MRJ, B0GYPSM4LM, B0GYP97Y3Z, B0GWQHYSDR, B0GSXXT2QN, B0GSYNNVFN, B0GHRRY45R, B0GLMW223X, B0GX9FJ1QH, B0GSY7P1RJ, B0GX9NRDBK, B0H18RSCLN, B0H18KYKMS, B0GZNH17QV, B0GWLKL7TL, B0G5N5JZRF, B0GLNRSDJF, B0H2Z41KBD, B0GS9J3VP8, B0GHR9CWMW, B0GS9FHS8H, B0G5NHZPB9, B0GX9GQ3GF, B0GX9K1M5X, B0GX9BNJCN, B0GWQJPRD6, B0GS9K58P8, B0GWQKXT3G, B0GX9J1MSB, B0GX9FDRF5, B0GZNM4CGG, B0GWQMYHW8, B0H18ZSG63, B0H32B2KQL, B0GYP4LMWX, B0GK1HRT3N, B0GK161137, B0G5NGJD7H, B0GYPG5P51, B0G5N9Y13W, B0G6C8GD8G, B0H2Z42V78, B0GYPD9WMJ, B0H2Z5T89G, B0GXZRFSVY, B0H18LX12R, B0GZNJ6NV7, B0H324FR2J, B0H3T94GCG, B0GZNMKCCJ, B0H18XNCRZ, B0GWM6S7YF, B0GSXZH7K8, B0H2Z9ZB91, B0H2Z45XL4, B0GX9GNS91, B0H18DRN3D, B0H19133WP, B0GYPPKWNC, B0H18KHGBG, B0GWQGBN4Z, B0GSXQDSN7, B0GS8ZQ28Y, B0GYPPM5G2, B0GSYDV2VV, B0GWQG16H4, B0GHRMT67L, B0H18XFXBQ, B0GK13ZT7S, B0GSVRH8J2, B0H32C7ZVK, B0H18XSC26, B0H3SYVM72, B0H18TJKBQ, B0GWQF1W54, B0GS9DDC67, B0GYPDM4FF, B0H18F7NLC, B0G6CPDTX8, B0H2YXJR6L, B0GX9BJKFX, B0H18RX5DZ, B0GWQF91DZ, B0H18FFV24, B0GYPLZHDT, B0GSVC3CGP, B0GLN545VC, B0FWQXCZL2, B0H18M668P, B0GX9GL31B, B0H3SZPQWX, B0FWQZSDZV, B0GLNKQBFJ, B0GWQKYDN8, B0G5MW9DKJ, B0GWQRQVP7, B0GYPJWWSV, B0FWR7RQYG, B0GXTXT8HQ, B0GXV7HK78, B0GX9H2FH2, B0GWQFBXFL, B0H5W3T7PZ, B0GWQJ9DHW, B0GZNP5615, B0GYPCS78Q, B0GYPD5PGD, B0GWQLXYLF, B0GHRXXLM6, B0H18NK82J, B0H18QJRTB, B0H18TRPSH, B0H2Z3JCRS, B0GYPGRLSM]",amzn1.campaign.3QVR2RP7IBRI6,Boho Washable NonSlip LowPile Runner Creator Promo-2026/07/28,Bavni,2026-07-30,2026-10-30,10.00%,5000.0,5000.0,30,800,false
"[B0H5HPC2DR, B0H5J6BLRZ]",amzn1.campaign.2TDZIMEW7GJOL,Phliofd Outdoor artificial Plant-Perfect for Home Decor 157 158,Phliofd,2026-07-30,2027-07-30,10.00%,5000.0,4992.0,4,800,false
"[B0GYRV6S76, B0GYS78Z68]",amzn1.campaign.2LH8NI0DS8S3D,DishDelight 038-10 Pcs Pots and Pans Set Nonstick - 15% Commission,DishDelight,2026-07-30,2027-07-30,15.00%,100000.0,99888.1,0,800,false
[B0GXTHZT2F],amzn1.campaign.3MVLW6KSEAUZV,0728-B0GXTHZT2F-16,VONKO,2026-07-30,2026-11-21,10.16%,9999.0,9999.0,21,800,false
"[B0H4ZQSWNH, B0H4ZX6BDQ, B0H4ZF1WB7, B0H4ZQMTZK, B0H4ZKGHTM, B0H4ZCVZ92, B0H4ZV5C2L, B0H4ZJLR71, B0H4ZQGTXR]",amzn1.campaign.X200L7KRBUS2,Lobster Knit Vest-CBDXY265211| 10%-2,CUBRIDGE,2026-07-30,2026-10-31,10.00%,5000.0,5000.0,18,800,false
[B0GXTHZT2F],amzn1.campaign.ZM22GDXD6YFF,0728-B0GXTHZT2F-15,VONKO,2026-07-30,2026-11-21,10.15%,9999.0,9999.0,21,800,false
"[B0CX84GZFX, B0D538DHB4, B0BG5BZ31F, B0BG5F1X51, B0C3CV68XV, B0FBF7FK11, B0D52ZSW3N, B0BG5DYJKB, B0D52SGGJ7, B0BG5BSD48, B0D52MSKWJ, B0C3CSNBGN, B0D52PPBKD, B0FBFRLHMX, B0D52RZX9D, B0FBFLWHR6, B0FBFQMK2C, B0C3CX3YBR, B0FBFT12KM, B0BG5C7YCF, B0CX7D2TD7, B0C3CVHXT4, B0C3CXHT7Q, B0D53P49BC, B0C3CT2HCY, B0D53GK2QQ, B0D533M7SF, B0C3CVJZ9G, B0D53P6H9V, B0C3CS4DN2, B0BG5BNX8Z, B0CX7TRTB8, B0BG5DKMLR, B0BG5CSYTY, B0BG5BDY9F, B0C3CW1C6J, B0D52PLD17, B0FBG6T5T2, B0FBG5R5YF, B0CX7RZ56Y, B0D52PMKY1, B0D52PHCKC, B0C3CVY8C4, B0C3CTYXQC, B0D5388QV3, B0BG5CWRZB, B0FBFLS9ZL, B0D52MDF7Z, B0C3CW1GD1, B0D52KVW6J, B0C3CVDQC9, B0D52ZVK1L, B0BQHHY23W, B0C3CV5B7S, B0BG5B5CN6, B0D52MG945, B0FBFSX1L7, B0BG5GKZZH, B0BG5F3HK7, B0C3CV1LCK, B0C3CTXMMK, B0C3CVQNSN, B0D53B37GC, B0D52PKX7W, B0FBFR2QCC, B0BG5G59GB, B0BG5BP26L, B0BG5CZD87, B0C3CRJ66R]",amzn1.campaign.2TR7SJQSIVNB6,Influencer Invite: Craft Charm Outfits with Jeossy 9603 Combat Knee High Boots📢,JEOSSY,2026-07-30,2026-12-31,10.00%,5000.0,5000.0,10,800,false
[B0F8R7FMH7],amzn1.campaign.2OM16ALLH4XN1,Kobalt 80V Battery,ELECtrysium,2026-07-30,2027-07-30,10.00%,5000.0,4940.0,0,800,false
"[B0GYDHQ99T, B0GSV52D92, B0GGQJXZWQ, B0GGQD851Z, B0GGQ6X6TN, B0GGQR8D17, B0GYDL33HY, B0GYDL7G44, B0GSTRVTY2, B0GYDDNKV2, B0GSTW47VD, B0GYDQHX62, B0GSV8Z4KV, B0GSV8Z4KW, B0GGQKS729, B0GYDKQTQX, B0G1T4YFT4, B0GYDXFD3B, B0GYDQ6FDC, B0GGQDSJ6F, B0GGQZ161V, B0GGQJCLTH, B0GSVB3KVD, B0G1T71WX9, B0G1T3BG6J, B0G1T74KSB, B0G1T5BJ1X, B0GGQMJHPT, B0GYDK2HC5, B0GSV6MF36, B0GGQFGPNY, B0GGQVDCTV, B0GGR8D89S, B0GYDMVLQ9, B0GYDPBRDM, B0GYDFTPTG, B0G1T47ZVC, B0GGQM939R, B0GSTP36MG, B0GGQWCGRM, B0GSTTDG5J, B0GGQW7HSX, B0GYDL6JTK, B0GYDM7765, B0GGQ7HKRT, B0GSTRP97G, B0GGQ3M2Y1, B0G1T39R12, B0GYDL9JFY, B0G1T2B4HD, B0GGQ7B8RW]",amzn1.campaign.3IRZAXBVRC8WU,"🖤 Bold Graphics, Relaxed Fits — Vamtac Streetwear Styl. GSX 26072802",Vamtac,2026-07-30,2026-10-30,12.00%,5000.0,4993.88,0,800,false
"[B0GWZHSTJD, B0GW1T325D, B0GZG8ZP9V, B0FKSBWBH7, B0G7647ZRZ, B0FKT8P473, B0GWZKLTLQ, B0FMNVR858, B0G76H1414, B0GZG9G2H6, B0GZFQJWC3, B0FMNSTMX8, B0FKSKSDLX, B0FKSSD25Z, B0GWZJ5S87]",amzn1.campaign.394IB2B3O7IEI,粉色,KXIAHTTEN,2026-07-30,2027-07-30,10.00%,5000.0,4997.0,8,800,false
"[B0DRNNWLSC, B0DRNP49J6, B0FX3TH9YN, B0FX3VJQ6S, B0FRM93FQ5, B0GVMKCGX1, B0FRM51M9K, B0GVMJMB6M, B0GY3SG3M6, B0GVM72L73, B0H3BZPTD3, B0FRM3QQ72, B0FRMG9M58, B0DRNMR7CL, B0FX3T6WQ6, B0FRLZ6B7R, B0DRNNW326, B0FRM8GGK3, B0GVMCHNCC, B0FRLY9PWR, B0FRM65C7P, B0GY3XFQRQ, B0FRLYVVZM, B0DRNMXNYD, B0FX3W2P3D, B0GYRXCNQ5, B0FX3SCM8Y, B0FRM5P1YF, B0GY3TJ8P8, B0GVMDP16L, B0GYS3LX7V, B0FX3SFF1Z, B0DRNPCW72, B0GVMF3R4W, B0DRNNK9SH, B0FX3T82TW, B0FRM4PZF4, B0FX3S5DD9, B0FX3WGC9Z, B0FRMBL5VP, B0DRNP1RRN, B0H3C678NF, B0GYRYQM32, B0DRNNRHC8, B0DRNNSSN8, B0FX3V891Z, B0DRNNJ871, B0GY45YBYF, B0FX3VJRVP, B0FRM9P4ZT, B0GY416JW3, B0GY3XG1VV, B0DRNNVH77, B0FRM9LDVJ, B0FX3V4NPT, B0GY3WM2P5, B0GYS744MB, B0GYS8W7NC, B0FRM9H8C1, B0GYS44P18]",amzn1.campaign.DFX616DJ16CL,Vintage Washable NonSlip LowPile Rug Creator Promo-2026/07/28,Bavni,2026-07-30,2026-11-06,10.00%,5000.0,5000.0,26,800,false
"[B08YDFBKPF, B08YDB2Y36, B08YDFXVBL, B0DN6KR9VB, B0DNYZ99KT, B0DN6N1K3R, B0DN6K34GM, B0DNZ1YNQ3, B0DNYZKP23, B08YDG8XSS, B0D8HNF9QL, B0DNYZ1LT6, B08YDKDV99, B08YD5J6JR, B0DN6MCNXB, B0DY7VN9C8, B0DN6MKTP3, B0DN6LJT4F, B0DN6KVPTD, B08YCW9XF2, B0DY7T91VT, B08YDGTVY1, B0DY7T9T11, B0DNZ11P59, B08YDC7VHC, B08YD6DGJH, B0DN6MJLJF, B08YF1QGWV, B0DN6MLGL5, B08YD4X9DM, B08YDCFY3C, B08YCYVDMC, B08YDGFRHH, B0DY7VPFGS]",amzn1.campaign.1IZATJRHHKN2,Win-Win Collaboration:Promote GINGTTO 24g Mens Dress Pants & Earn 15% Commission,GINGTTO,2026-07-30,2026-10-31,15.00%,5000.0,5000.0,8,800,false
"[B0H2Y99D4N, B0H2Y9DP68, B0H2YDV7YF, B0H2Y3BC6K, B0H2XXRVYN, B0H2Y5H8FD]",amzn1.campaign.14R3F811LSPAK,Shaping & Breathable Jelly Gel Wireless Bra,Cuteio,2026-07-31,2026-10-31,10.00%,5000.0,4996.0,0,800,false
"[B0DRNNWLSC, B0DRNP49J6, B0FX3TH9YN, B0FX3VJQ6S, B0FRM93FQ5, B0GVMKCGX1, B0FRM51M9K, B0GVMJMB6M, B0GY3SG3M6, B0GVM72L73, B0H3BZPTD3, B0FRM3QQ72, B0FRMG9M58, B0DRNMR7CL, B0FX3T6WQ6, B0FRLZ6B7R, B0DRNNW326, B0FRM8GGK3, B0GVMCHNCC, B0FRLY9PWR, B0FRM65C7P, B0GY3XFQRQ, B0FRLYVVZM, B0DRNMXNYD, B0FX3W2P3D, B0GYRXCNQ5, B0FX3SCM8Y, B0FRM5P1YF, B0GY3TJ8P8, B0GVMDP16L, B0GYS3LX7V, B0FX3SFF1Z, B0DRNPCW72, B0GVMF3R4W, B0DRNNK9SH, B0FX3T82TW, B0FRM4PZF4, B0FX3S5DD9, B0FX3WGC9Z, B0FRMBL5VP, B0DRNP1RRN, B0H3C678NF, B0GYRYQM32, B0DRNNRHC8, B0DRNNSSN8, B0FX3V891Z, B0DRNNJ871, B0GY45YBYF, B0FX3VJRVP, B0FRM9P4ZT, B0GY416JW3, B0GY3XG1VV, B0DRNNVH77, B0FRM9LDVJ, B0FX3V4NPT, B0GY3WM2P5, B0GYS744MB, B0GYS8W7NC, B0FRM9H8C1, B0GYS44P18]",amzn1.campaign.2HKZTRD8Q63Z0,Vintage Washable NonSlip LowPile Rug Creator Promo-2026/07/28,Bavni,2026-07-30,2026-11-05,10.00%,5000.0,5000.0,26,800,false
"[B0BZL6YTJQ, B0BZL5DKS1, B0BZL6LBYV, B0BZL87S1R, B0BZL7Z853, B0BZL6DXDD, B0BZL7LYFT, B0BZL66MYP, B0BZL8SPR5, B0BZL6FMQK, B0BZL7X8H6, B0BZL8RV3M, B0BZL6QX73, B0BZL9997Y, B0BZL78DZP, B0BZL9L2FD, B0BZL82R74, B0BZL8SXQ4, B0BZL6LM8B, B0BZL6T3MC, B0BZL6YK9D, B0BZL6SRMJ, B0BZL7SCSP, B0BZL6V1Q7, B0BZL6L15J, B0BZL6H15D, B0BZL64WTN, B0BZL83LNN, B0BZL7JP8Q, B0BZL6R7PX, B0BZL6ZR9J, B0BZL9SHP4, B0BZL84T6X, B0BZL5Q72S, B0BZL7P99J, B0BZL63KH4, B0BZL8ZX9S, B0BZL8QF9F, B0BZL65ZGM, B0BZL8FH25, B0BZL711P1, B0BZL5M1TH, B0BZL6F5HS, B0BZL6KH71, B0BZL6DNKX, B0BZL68242, B0BZL8JVQ8, B0BZL8V9XC, B0BZL6DRHH, B0BZL7RK7C, B0BZL6C27T, B0BZL9JXPR, B0BZL5PFYS]",amzn1.campaign.1ZAQWTU5B5N8,Influencer Invite: Craft Charm Outfits with Jeossy 8801 Espadrilles Sandals📢,JEOSSY,2026-07-30,2027-01-01,10.00%,5000.0,5000.0,0,800,false
[B0DQY3C7DW],amzn1.campaign.1MJNGQJZPQPPX,"Magnetic Glass Whiteboard 48""x36"" Glass Dry Erase Board",Gooderboard,2026-07-30,2026-12-31,10.00%,5000.0,5000.0,7,800,false
"[B07RGK6GL5, B07RLMFNR3, B07RHNDD3G, B07RGK6GDD, B07RHND479, B07RKRR45G, B07RDK9ZWZ, B07RKWK43Z, B07RKTL2YM, B07RGK72ST, B07RLMKH9M]",amzn1.campaign.2ADWPRK2Z3LK9,🎁 Free Sample + 12% Commission | Men's 316L Box Chain Bracelet | B0H9YFX9BZ,ChainsPro,2026-07-30,2026-12-31,12.00%,5000.0,5000.0,0,800,false
[B0GXTHZT2F],amzn1.campaign.M5NXK6FGKDLN,0728-B0GXTHZT2F-14,VONKO,2026-07-30,2026-11-12,10.14%,9999.0,9999.0,24,800,false
"[B0DRNNWLSC, B0DRNP49J6, B0FX3TH9YN, B0FX3VJQ6S, B0FRM93FQ5, B0GVMKCGX1, B0FRM51M9K, B0GVMJMB6M, B0GY3SG3M6, B0GVM72L73, B0H3BZPTD3, B0FRM3QQ72, B0FRMG9M58, B0DRNMR7CL, B0FX3T6WQ6, B0FRLZ6B7R, B0DRNNW326, B0FRM8GGK3, B0GVMCHNCC, B0FRLY9PWR, B0FRM65C7P, B0GY3XFQRQ, B0FRLYVVZM, B0DRNMXNYD, B0FX3W2P3D, B0GYRXCNQ5, B0FX3SCM8Y, B0FRM5P1YF, B0GY3TJ8P8, B0GVMDP16L, B0GYS3LX7V, B0FX3SFF1Z, B0DRNPCW72, B0GVMF3R4W, B0DRNNK9SH, B0FX3T82TW, B0FRM4PZF4, B0FX3S5DD9, B0FX3WGC9Z, B0FRMBL5VP, B0DRNP1RRN, B0H3C678NF, B0GYRYQM32, B0DRNNRHC8, B0DRNNSSN8, B0FX3V891Z, B0DRNNJ871, B0GY45YBYF, B0FX3VJRVP, B0FRM9P4ZT, B0GY416JW3, B0GY3XG1VV, B0DRNNVH77, B0FRM9LDVJ, B0FX3V4NPT, B0GY3WM2P5, B0GYS744MB, B0GYS8W7NC, B0FRM9H8C1, B0GYS44P18]",amzn1.campaign.2EL0L25ASXGZQ,Vintage Washable NonSlip LowPile Rug Creator Promo-2026/07/28,Bavni,2026-07-30,2026-11-04,10.00%,5000.0,5000.0,26,800,false
[B0H73YJZ1H],amzn1.campaign.2VH8O3EO6AQ06,20260728-Lash Serum-25%,LRLAY,2026-07-30,2027-07-30,25.00%,50000.0,50000.0,0,800,false
[B0GVZ7KC49],amzn1.campaign.916P6JTBNN1P,High-Ticket Baby Essentials | 10% High Commission | 4-in-1 Pink High Chair,Vwcuvvrt,2026-07-30,2026-10-10,10.00%,5000.0,4856.0,0,800,false
"[B0GZNL6PH9, B0GZNSFDGS, B0GZNGKM5D, B0GZNMWKPJ, B0GZNJLSW2, B0GZNPFVPJ, B0GZNPTN1N, B0GZNFYTZ3, B0GZNPFD55, B0GZNCK8LB, B0GZNL2VRS, B0GZNLG5GW, B0GZNKBL3X, B0GZNBXTK7, B0GZNPQH35, B0GZNGLSX2, B0GZNSLW3C, B0GZNP1CTW, B0GZNLW2GM, B0GZNBP4ZV]",amzn1.campaign.1EBSCC3YE7GUC,ACC/5906Expert promotion,DINAOR,2026-07-30,2026-12-31,20.00%,50000.0,49988.6,0,800,false
[B0FWBC9Z9G],amzn1.campaign.1DWCJNM09AZMP,🔥10% Commission | Smartwatch for Women Men | Fitness & Everyday Wearable,Kriutefy,2026-07-31,2027-07-30,10.00%,5000.0,4915.4,0,800,false
"[B0GQGXYJPN, B0GQH1SW3B, B0GQGW1ZJV, B0GQGQYJD1, B0GQGVYZGS]",amzn1.campaign.2KMY9B2X8QEAO,10% Commission on Full Interior Upgrade Content for Honda HRV Owners,FaiFani,2026-07-31,2026-12-31,10.00%,5000.0,5000.0,3,800,false
"[B0H3TDNJFQ, B0H4KG5W88, B0H35BZ3ZK, B0GZVYKJD2, B0H66ZSWHR, B0GZW18K1Q, B0H3V1CYY4, B0H35CK9T5, B0H3SZH95G, B0H1LRQ3GT, B0H4JVQ1SB, B0H1LY6NB1, B0GZW1CCJK, B0H3N6XZ29, B0H3NC8TWT, B0GZVZD49D, B0H6752R3R, B0H3V2NWRW]",amzn1.campaign.MICDYGN50RU,金框,KXIAHTTEN,2026-07-30,2027-07-30,10.00%,5000.0,5000.0,14,800,false
[B0H1QLBH6P],amzn1.campaign.8IJK0YUZB7T8,Klever Kits Glow Sand Art Kit for Kids,Klever Kits,2026-07-30,2026-12-31,10.00%,5000.0,5000.0,9,800,false
"[B0DRNNWLSC, B0DRNP49J6, B0FX3TH9YN, B0FX3VJQ6S, B0FRM93FQ5, B0GVMKCGX1, B0FRM51M9K, B0GVMJMB6M, B0GY3SG3M6, B0GVM72L73, B0H3BZPTD3, B0FRM3QQ72, B0FRMG9M58, B0DRNMR7CL, B0FX3T6WQ6, B0FRLZ6B7R, B0DRNNW326, B0FRM8GGK3, B0GVMCHNCC, B0FRLY9PWR, B0FRM65C7P, B0GY3XFQRQ, B0FRLYVVZM, B0DRNMXNYD, B0FX3W2P3D, B0GYRXCNQ5, B0FX3SCM8Y, B0FRM5P1YF, B0GY3TJ8P8, B0GVMDP16L, B0GYS3LX7V, B0FX3SFF1Z, B0DRNPCW72, B0GVMF3R4W, B0DRNNK9SH, B0FX3T82TW, B0FRM4PZF4, B0FX3S5DD9, B0FX3WGC9Z, B0FRMBL5VP, B0DRNP1RRN, B0H3C678NF, B0GYRYQM32, B0DRNNRHC8, B0DRNNSSN8, B0FX3V891Z, B0DRNNJ871, B0GY45YBYF, B0FX3VJRVP, B0FRM9P4ZT, B0GY416JW3, B0GY3XG1VV, B0DRNNVH77, B0FRM9LDVJ, B0FX3V4NPT, B0GY3WM2P5, B0GYS744MB, B0GYS8W7NC, B0FRM9H8C1, B0GYS44P18]",amzn1.campaign.39JKSA3RX7W8N,Vintage Washable NonSlip LowPile Rug Creator Promo-2026/07/28,Bavni,2026-07-30,2026-11-03,10.00%,5000.0,5000.0,30,800,false
[B0GZQ9F69C],amzn1.campaign.BCCBYZVWNO2,"Magnetic Glass Whiteboard 36""×24"" Frameless Wall Mounted Dry Erase Board",Gooderboard,2026-07-30,2026-12-31,10.00%,5000.0,4979.56,13,800,false
"[B0DHG75GM6, B0DHG865ZF, B0DHG771J6, B0DHG86KD9, B0DHG6MF7K, B0DHG86Z8X, B0DHG8DFYR]",amzn1.campaign.1AVUGCV05YDWV,"518-M Everyday Lace‑Ups 10% Commission ",DLWKIPV,2026-07-30,2027-07-30,10.00%,5000.0,5000.0,2,800,false
"[B0DPPNDZX1, B01FGLW9KG, B073RVXH8F]",amzn1.campaign.3TMV8IF3ET1D8,La Fresh antiperspirant wipes,La Fresh,2026-08-03,2027-02-03,10.00%,50000.0,50000.0,20,800,false
"[B0F1F4XV85, B0FP56G1WZ, B0D9B7P3D4, B0FP539V1Y, B0FK9MRMB8, B0FLQ77NWV, B0D9B7V1CY]",amzn1.campaign.D2PE118GESQZ,👑46% Comm Elite – Become a B&Q Fairy Ambassador,B&Qaugen,2026-07-31,2027-07-31,46.00%,5000.0,4995.4,0,800,false
"[B0H3KLFXRG, B0H3KRW2K2]",amzn1.campaign.3IXRL6587LJ5F,🔥10% Commission | Smartwatch for Women Men | Fitness & Everyday Wearable,Kriutefy,2026-07-30,2027-07-30,10.00%,5000.0,4994.4,8,800,false
[B0GVMVS4V7],amzn1.campaign.CH7G1PK0HA18,Earn 20% Commission! Promote Infinno’s Bunny Hourglass Teether & Rattle Toy,Infinno,2026-07-30,2027-07-30,20.00%,10000.0,10000.0,0,800,false
"[B074G5S1VT, B001KJMMHY]",amzn1.campaign.2OF70CCI2IBIE,La Fresh Nail Polish Remover Wet Wipes,La Fresh,2026-08-28,2027-02-28,10.00%,50000.0,50000.0,4,800,false
"[B0H1BN43HR, B0H1BT7N88, B0H1BWSS8J, B0H1BPS15B, B0H1BR7XLS, B0H1BJ7GWG, B0H1BMVNNY, B0H1BTD5J2, B0H1BNFKQG, B0H1C1S191, B0H1BPHMNB, B0H1BK29K4, B0H1BSDDW8, B0H1BQJ93P, B0H1BQ2TGC, B0H1BQZS9T, B0H1BQQXQ7, B0H1BGP4GG, B0H1BSTKWM, B0H1BL3P9J]",amzn1.campaign.3FJASNQLELVPI,ACC/113605Expert promotion,DINAOR,2026-07-30,2026-12-31,20.00%,50000.0,49992.0,0,800,false
"[B074G5S1VT, B001KJMMHY]",amzn1.campaign.1MJKNE7O2FLI0,La Fresh Nail Polish Remover Wet Wipes,La Fresh,2026-08-21,2027-02-21,10.00%,50000.0,50000.0,16,800,false
"[B0H6NW6CP5, B0H6NXVMDV]",amzn1.campaign.L3BQ4PCQIRU3,PT-0030+Modular Notebook Cover with Detachable A5 6 Ring Binder+10% commission,Pitozer,2026-08-01,2026-12-31,10.00%,5000.0,4979.16,10,800,false
"[B0DRNNWLSC, B0DRNP49J6, B0FX3TH9YN, B0FX3VJQ6S, B0FRM93FQ5, B0GVMKCGX1, B0FRM51M9K, B0GVMJMB6M, B0GY3SG3M6, B0GVM72L73, B0H3BZPTD3, B0FRM3QQ72, B0FRMG9M58, B0DRNMR7CL, B0FX3T6WQ6, B0FRLZ6B7R, B0DRNNW326, B0FRM8GGK3, B0GVMCHNCC, B0FRLY9PWR, B0FRM65C7P, B0GY3XFQRQ, B0FRLYVVZM, B0DRNMXNYD, B0FX3W2P3D, B0GYRXCNQ5, B0FX3SCM8Y, B0FRM5P1YF, B0GY3TJ8P8, B0GVMDP16L, B0GYS3LX7V, B0FX3SFF1Z, B0DRNPCW72, B0GVMF3R4W, B0DRNNK9SH, B0FX3T82TW, B0FRM4PZF4, B0FX3S5DD9, B0FX3WGC9Z, B0FRMBL5VP, B0DRNP1RRN, B0H3C678NF, B0GYRYQM32, B0DRNNRHC8, B0DRNNSSN8, B0FX3V891Z, B0DRNNJ871, B0GY45YBYF, B0FX3VJRVP, B0FRM9P4ZT, B0GY416JW3, B0GY3XG1VV, B0DRNNVH77, B0FRM9LDVJ, B0FX3V4NPT, B0GY3WM2P5, B0GYS744MB, B0GYS8W7NC, B0FRM9H8C1, B0GYS44P18]",amzn1.campaign.MVH7HRREDAXJ,Vintage Washable NonSlip LowPile Rug Creator Promo-2026/07/28,Bavni,2026-07-30,2026-11-02,10.00%,5000.0,5000.0,32,800,false
"[B074G5S1VT, B001KJMMHY]",amzn1.campaign.1T8YQH2RU438U,La Fresh Nail Polish Remover Wet Wipes,La Fresh,2026-08-14,2027-02-14,10.00%,50000.0,50000.0,18,800,false
[B0H3VSP7JW],amzn1.campaign.3OKRK5DENUU1L,Vibrant Harvest Pumpkin Lumbar Pillow Covers 🎃🍂 (10% Commission),ARGOOFG,2026-07-30,2027-07-30,10.00%,50000.0,49992.0,1,800,false
"[B0FWBMTFKJ, B0FWB51VT2, B0FW9LL652, B0FWBBJB6Z, B0FW9T5LZ4, B0FWB4YTKS]",amzn1.campaign.21EL2LZ12Q8H7,🔥10% Commission | Smartwatch for Women Men | Fitness & Everyday Wearable,Kriutefy,2026-07-30,2027-07-30,10.00%,5000.0,4978.46,5,800,false
"[B0BDZSG61Z, B0FQDS6MFL, B0FQDQYZP9, B0FQDZCRLR, B0FQDQ7FG5, B0FVSDLNMZ, B0FQD2WW17, B0FQDBPB8B, B0FVSFJ3DM, B0FQDSKJ83, B0B68GF9RW, B0FDWT44XK, B0FVSGMGV5, B0FVSG8M6Z, B0BPYGFKKP, B0BPYHYMHD, B0BDZQ4JS8, B0BBW2BGGQ, B0FVSCB3W8, B09STJTW95, B0FVSFFYHN, B0FQJ8GCJT, B0BBW2P991, B09STC2N6D, B0FQJHTGLZ, B0FQJCMQLX, B0FQDHBLV1, B0BDZP7RDD, B09STT2YMR, B0FQDSSSB8, B09STHDB9H, B0FVSCWCRQ, B0FQDHGHRX, B09STFZLQ7, B0FQDPFRP4, B0FQDSM1JV, B0FQDWB2WQ, B0B68FRCCM, B0FQDWD4V2, B0BBW5VH5F, B0FVSGYGPN, B09STD2PBQ, B0B68GSK9M, B0FQDYPXWZ, B0FVSG1Q4P, B0FVSCTVLS]",amzn1.campaign.2TQDGLPQXNQVC,"One Jacket, Endless Fits — Vamtac Racing Collection. GSX 26072801",Vamtac,2026-07-30,2026-09-30,16.00%,5000.0,5000.0,0,800,false
"[B074G5S1VT, B001KJMMHY]",amzn1.campaign.XEFU5KUWADCV,La Fresh Nail Polish Remover Wet Wipes,La Fresh,2026-08-07,2027-02-07,10.00%,50000.0,50000.0,20,800,false
"[B0DRNNWLSC, B0DRNP49J6, B0FX3TH9YN, B0FX3VJQ6S, B0FRM93FQ5, B0GVMKCGX1, B0FRM51M9K, B0GVMJMB6M, B0GY3SG3M6, B0GVM72L73, B0H3BZPTD3, B0FRM3QQ72, B0FRMG9M58, B0DRNMR7CL, B0FX3T6WQ6, B0FRLZ6B7R, B0DRNNW326, B0FRM8GGK3, B0GVMCHNCC, B0FRLY9PWR, B0FRM65C7P, B0GY3XFQRQ, B0FRLYVVZM, B0DRNMXNYD, B0FX3W2P3D, B0GYRXCNQ5, B0FX3SCM8Y, B0FRM5P1YF, B0GY3TJ8P8, B0GVMDP16L, B0GYS3LX7V, B0FX3SFF1Z, B0DRNPCW72, B0GVMF3R4W, B0DRNNK9SH, B0FX3T82TW, B0FRM4PZF4, B0FX3S5DD9, B0FX3WGC9Z, B0FRMBL5VP, B0DRNP1RRN, B0H3C678NF, B0GYRYQM32, B0DRNNRHC8, B0DRNNSSN8, B0FX3V891Z, B0DRNNJ871, B0GY45YBYF, B0FX3VJRVP, B0FRM9P4ZT, B0GY416JW3, B0GY3XG1VV, B0DRNNVH77, B0FRM9LDVJ, B0FX3V4NPT, B0GY3WM2P5, B0GYS744MB, B0GYS8W7NC, B0FRM9H8C1, B0GYS44P18]",amzn1.campaign.199Q46W5LC1C8,Vintage Washable NonSlip LowPile Rug Creator Promo-2026/07/28,Bavni,2026-07-30,2026-11-01,10.00%,5000.0,5000.0,26,800,false
"[B0GTST1NNQ, B0GTT7LDQ2, B0GTSW7THX, B0GTSXTFC4, B0GTSVPL2P]",amzn1.campaign.K7QX4SYYQSW5,Gemsme Cubic Zirconia Tennis Bracelet for Women/Men-10%commission  ATS36351,GEMSME,2026-07-30,2026-11-30,10.00%,5000.0,4998.1,0,800,false
"[B0H1MQVM3N, B0H1N2389W, B0H1MWQ99L, B0H9Z4JWV9, B0H1N69LCB, B0H1MY3QG1, B0H1MRRGZY, B0H1N3R18S, B0GWLVDLWX, B0H1N4NWLZ, B0H1MVMXFX, B0H1N78NGG, B0H4WDS7ZQ, B0HBRLNL47, B0HBR8WLKK, B0GX2QFRFT, B0H1MQRPFB, B0HBRB3JNC, B0H1MS23KT, B0H1MTHKB1, B0H1N23X1N, B0H1N17DPY, B0H1MSMFPZ, B0H1N316H4, B0H1MY9H1T, B0GWLWTZ46, B0H1MSWXPS, B0HBR24F1J, B0H1N75RFX, B0GXVLLWKN, B0H1MZXT6T, B0H1MVP3GH, B0H1MQMQGX, B0H1MVX8N6, B0H1N4YLP5]",amzn1.campaign.YGVKSFO5PVJK,"$40-$50 Commission Per Sale!Share Personalized Gifts for New Parents, Start Now!",aydan's unique finds,2026-08-20,2026-09-21,20.00%,100000.0,100000.0,2,800,false
[B0CB3Y31NS],amzn1.campaign.2QPLP9Y8CS522,"[Abstract Wall Edit] ArtbyHannah Blue Gallery Frame Set, 6 Pk",ArtbyHannah,2026-07-30,2026-10-31,10.00%,5000.0,5000.0,8,800,false
"[B0DRNNWLSC, B0DRNP49J6, B0FX3TH9YN, B0FX3VJQ6S, B0FRM93FQ5, B0GVMKCGX1, B0FRM51M9K, B0GVMJMB6M, B0GY3SG3M6, B0GVM72L73, B0H3BZPTD3, B0FRM3QQ72, B0FRMG9M58, B0DRNMR7CL, B0FX3T6WQ6, B0FRLZ6B7R, B0DRNNW326, B0FRM8GGK3, B0GVMCHNCC, B0FRLY9PWR, B0FRM65C7P, B0GY3XFQRQ, B0FRLYVVZM, B0DRNMXNYD, B0FX3W2P3D, B0GYRXCNQ5, B0FX3SCM8Y, B0FRM5P1YF, B0GY3TJ8P8, B0GVMDP16L, B0GYS3LX7V, B0FX3SFF1Z, B0DRNPCW72, B0GVMF3R4W, B0DRNNK9SH, B0FX3T82TW, B0FRM4PZF4, B0FX3S5DD9, B0FX3WGC9Z, B0FRMBL5VP, B0DRNP1RRN, B0H3C678NF, B0GYRYQM32, B0DRNNRHC8, B0DRNNSSN8, B0FX3V891Z, B0DRNNJ871, B0GY45YBYF, B0FX3VJRVP, B0FRM9P4ZT, B0GY416JW3, B0GY3XG1VV, B0DRNNVH77, B0FRM9LDVJ, B0FX3V4NPT, B0GY3WM2P5, B0GYS744MB, B0GYS8W7NC, B0FRM9H8C1, B0GYS44P18]",amzn1.campaign.33MZ69S77ABQY,Vintage Washable NonSlip LowPile Rug Creator Promo-2026/07/28,Bavni,2026-07-30,2026-10-31,10.00%,5000.0,5000.0,28,800,false
"[B0GLX9JT1V, B0H3JLBW6T, B0H25FW59X, B0GLXZQ5HK, B0GLX1NC82, B0GLWWGRGB, B0H8SFW3GD, B0H4GJM955, B0GLXJL3NG, B0H68GGW82, B0GLWJBWSY, B0H3MWDDV2, B0GLXFLDMP, B0GY8QVD8Z, B0GLWZMTC9, B0GLWVRC8Z, B0GLWVDKC6, B0H8SK1KD4, B0H6ZWZD1P, B0H3JYXL4P, B0H4JNKCJ9, B0H454ZPCT, B0GLX6JHZM, B0GLXBJGPL, B0GLXMSKYB, B0H8YQZ3TQ, B0GLWHZ8V2, B0H3JN9V3Q, B0GLX1L2YT]",amzn1.campaign.1SGE58VSHIBG2,728,GFZZ,2026-07-30,2026-09-30,10.00%,5000.0,4779.78,0,800,false
"[B0767R2TB4, B073R386BP]",amzn1.campaign.1D74SV0NJKUBJ,LA Fresh Pre-Moistened Shoe Shine Wipes,La Fresh,2026-08-27,2027-02-27,10.00%,50000.0,50000.0,5,800,false
[B0FQTGNMCC],amzn1.campaign.CRPUV56NJ5G,Your 15%: $31.99 TOKYOINK PG-275XL CL-276XL Ink Combo Pack for Canon,TOKYOINK,2026-07-30,2026-10-31,15.00%,5000.0,4980.37,8,800,false
"[B096HFTWYB, B0G92MCHF2, B0CLQW7C28, B0CW659PFB, B0D95YJCNG, B088GY8PK4, B0F83DHH1P, B0GHQ98BDH, B0CWRFDRXH, B0F24B8RFN, B0F4N4BX1Y, B098Q9JV3B, B0CYGRRWHN, B0B9Y3CWL3, B0D3VB7GXV, B0F1JRRHN9, B0D4TXHHDY, B0DK31FPMQ, B0828QL66M, B0CX8LHV8C, B0G1YSQ36X, B0D3V8498G, B0CX8W4DCP, B096H6H2LB, B0DFGRFSS5, B07K6FKS55, B0CX89WJ3L, B0D3V8KQ1T, B0G92BN8WN, B07MD4DSJP, B0G92Q2SMF, B0GHQFL379, B0CYGH4Q6P, B0D7ZXSL96, B07PB7GTFS, B07MYQKPF8, B0F1JTLNRM, B0852NPZX2, B0CX8NZD6Z, B08D7SPNZG, B0GSZ2HD6T, B0F1JSBZRX, B0CX59VLRF, B07MYQDM5J, B098Q965NT, B0BS2JZ2ZQ, B07K6FP91Q, B0G1YPD3PY, B07MYLTVVM, B0FCY2X8LT, B0D7Q61J2P, B0G92XQT3H, B0F24C9YTM, B07K6DVY6V, B0DS72J3FT, B07VDJJVTP, B0GHQTVM4G, B0CX59DQZR, B0CX583RRL, B0FP4WMW5N, B07MYQRJSN, B07ZF4BGCV, B0CYNRRY58, B0BYNCTBXJ, B0CYGH59RV, B09CKJM3PT, B0FJD97XYG, B0875MP41X, B0D96169K2, B0CXLS9P9K, B087JQN5SK, B0G92QKZ5Q, B0D4TL36V6, B0CWRK4HNF, B07PCS78J2, B0CX5CH24Z, B0CXLVXGZN, B0G93DLNKV, B0D4TKN3JG, B08C7HQQTB, B0FCXTC7FV, B0D7Q69JNR, B0CWRFYLHQ, B0CZ39TJSX, B0GHQHD263, B0GD7L844R, B098Q93F4Y, B0G1MS8JWH, B0DFGWPHQY, B0CXLYYYSZ, B0G92N431S, B0FFBB3LH5, B0CX8NFPGK, B0DNVMV2QL, B0875WV54G, B0B9Y3GVWD, B0CX8ZY13W, B0CX5CZ4Y4, B0BYNCKX93, B0CXLPTJ61, B0CWRJ46JH, B0FNRKZC8B, B0CYP75TH6, B07Q4SD93L, B0FXWFD5FP, B0D4TJ4FG9, B0CX8B59TJ, B0CWRKJT77, B07MYRVSHV, B0CWRJD7MW, B0G92V8X3Y, B087PWC77V, B0G9331RLJ, B0D95YQCB3, B0D4TJNRQ8, B07MYLVGHF, B0G1YM8TMG, B0CYGJRKWT, B07MYQXZKW, B083ZQQVWK, B096HBFYNQ, B0CXLX8TMP, B0D95ZF45B, B0F831F5JF, B0D7Q5W8BM, B0CW64172R, B0FNRN3B6R, B07RJHFFBP, B0G1MKXQVN, B08D7SHW5K, B0CXLXCTSR, B07MYQLD19, B0D5XQ5T98, B086B7K7B7, B0BWRSFDL4, B0DNVMX36Q, B0CX8T3LT2, B09H4YGL86, B0GSZ92JJ2, B098Q9SSX8, B086WBWF9V, B0BYN98LQS, B0CX89ZMC6, B08B65MQTG, B0CW66C53T, B0BCVTZQZ7, B084KSNP8K, B0CW66PY3Q, B0BCVQ2M3J, B0F248DWKZ, B0F7QNVLP6, B07ZWTNC9C, B0FXWG4JPC, B0CW63KQ74, B0BWRN35GR, B0CWRG9KS7, B07XM6QKC1, B07ZCLTBMS, B0BCWFF4HH, B0F4N52MKT, B0D96152HF, B0CWRHLF3L, B0DQFTTGV6, B0CXLYXDC1, B0CX5D2QPB, B0B9Y2RGM3, B0BX2PW3Q1, B07MYQYJV4, B0CX58RTM3, B0BS2LWSY1, B0CX59S193, B0CX8FYSB2, B084LJVTTR, B0D3V8K4F9, B0CWRFJRGQ, B0CXLVWRZK, B0G1MV3JY6, B0DF27WDSD, B085R94ZFP, B099F1KVD1, B07W6LDHMY, B0CXLYL48T, B0FP4ZHXG6, B0GSZ8JHKD, B0875VSMRF, B07SQPCCRN, B0GCZWQV2S, B0GD7W7Z31, B0CXLRPPKG, B0D7Q61V5Y, B0D5X5FLPV, B0CXLWYQTS, B0875PDLWR]",amzn1.campaign.2OEZ96JQF2N3R,Full Shine Halo Hair Extensions: Effortless Volume & Length with 15% Commission,Full Shine,2026-07-30,2026-09-30,15.00%,5000.0,5000.0,0,800,false
