ASIN List,Campaign Id,Campaign Name,Brand Name,Campaign Start Date,Campaign End Date,Commission Rate,Campaign Budget,Budget Remaining,Available Slot,Total Slot,Recommended
"[B0C7GLDMCK, B0DPPNVBC3, B09VPJ9D8D, B0DPPSZK8T]",amzn1.campaign.32OMWEER8PDAL,We sincerely invite you to promote this best-selling portable coffee stirrers,Boesma,2025-10-01,2026-10-01,10.00%,5000.0,4995.08,6,800,false
"[B0FNVLMHHQ, B0FNVP2QVD, B0FNW7K1RP, B0FNWBB6SQ, B0FNW8C1Z7, B0FNVQN869, B0FNVHDDZJ, B0FNW7NN5L, B0FNW7PPZS, B0FNVNZSMG, B0FNW2BKRZ, B0FNWGM398, B0FNVXKL2G, B0FNVZR767, B0FNVPXH6G, B0FNVT8691]",amzn1.campaign.3PNV1TBS5NN83,Women's Long Sleeve Sweater Midi Dress | MAKABO Brand Partnership Invitation,MAKABO,2025-09-30,2026-09-30,15.00%,5000.0,4914.79,0,800,false
"[B0C7GLDMCK, B0DPPNVBC3, B09VPJ9D8D, B0DPPSZK8T]",amzn1.campaign.2GKST3O7A8RQP,We sincerely invite you to promote this best-selling portable coffee stirrers,Boesma,2025-09-30,2026-09-30,10.00%,5000.0,4996.4,8,800,false
"[B0C7GLDMCK, B0DPPNVBC3, B09VPJ9D8D, B0DPPSZK8T]",amzn1.campaign.3PHV8KRY8MC1P,Bamboo Coffee Stirrers Individually Wrapped 200 Count in Storage Box,Boesma,2025-09-30,2026-09-30,10.00%,5000.0,4997.51,14,800,false
"[B0FFYQ7S1G, B0FFYQP62K, B0FFYPLKQD, B0FFYRGM96, B0FFYSKKTG, B0FFYWKNVX, B0FFYSPTV7, B0FFYSZ7JM, B0FFYQQX1L, B0FFYQSRLR, B0FFYPC2NW, B0FFYPB8N4, B0FFYSHDKY, B0FFYT5Z13, B0FFYNXGXR, B0FFYSHM97, B0FFYNHD7Y, B0FFYTC86W, B0FFYSXZD7, B0FFYQRLKJ, B0FFYR3R2J, B0FFYP9F55, B0FFYSRH44, B0FFYRHB5D]",amzn1.campaign.27WA82IRCQ5N5,Disamer Fall Crewneck Knit Pullover Sweaters SW116,Disamer,2025-09-30,2026-09-30,11.00%,10000.0,9523.54,0,800,false
[B0CWPD9Z9M],amzn1.campaign.5CRWB2EOKG14,Earn 10% with Wamery ULTRAWF | Family Wellness,Wamery,2025-09-30,2026-09-30,10.00%,5000.0,4994.75,7,800,false
"[B0C7GLDMCK, B0DPPNVBC3, B09VPJ9D8D, B0DPPSZK8T]",amzn1.campaign.2DGDX8JWE19XR,We sincerely invite you to promote this best-selling portable coffee stirrers,Boesma,2025-09-30,2026-09-30,10.00%,5000.0,4997.31,7,800,false
"[B0DKBV19NX, B0DKBGPLW2, B0DKBJRH9J, B0DKBGVBJW, B0DKBHV76Z, B0DKBH6Q51, B0DKBJ6NM3, B0DS5HRXYK, B0DKBHX3BB, B0DKBGRZWZ, B0DKBH738C, B0DTF7CJSL, B0DKBHZJGL, B0DKBH6YDF, B0DKBHVV14, B0DK926BMR, B0DKBHGKS6, B0DKBGLDCC, B0DKBH4R9W, B0DKBGWVNN, B0DKBGTBMY, B0DKBGWVNP, B0DKBH696L, B0DKBH385F, B0DKBHGJ3M, B0DKBGWZ3G, B0DKBHJ73V, B0DKBJDRJ3, B0DKBH16LG, B0DKBH88LY, B0DKBJ1TT6, B0DKBGG91K, B0DKBH6BJD, B0DKBHFNQ5, B0DTGN38NZ, B0DKBHBJ7W, B0DKBH2GZT]",amzn1.campaign.1BSV5MREXZDFH,POJUSASI:Earn 12% commission and promote our Italian Leather Apple Watch Bands!,POJUSASI,2025-09-30,2026-09-30,12.00%,10000.0,10000.0,0,800,false
"[B09XQS7RV8, B0DFYJ5CR9, B0BBR1S5L2]",amzn1.campaign.1P1IQD9E2N9FS,"PINGMIC 2"" GUN CLEANING PATCHES 5",PINGMIC,2025-09-30,2026-09-30,10.00%,5000.0,4997.21,4,800,false
"[B09XQS7RV8, B0DFYJ5CR9, B0BBR1S5L2]",amzn1.campaign.2879329DA519G,"PINGMIC 2"" GUN CLEANING PATCHES 4",PINGMIC,2025-09-30,2026-09-30,10.00%,5000.0,4996.7,11,800,false
"[B09XQS7RV8, B0DFYJ5CR9, B0BBR1S5L2]",amzn1.campaign.58FXU0VOEWIP,"PINGMIC 2"" GUN CLEANING PATCHES 3",PINGMIC,2025-09-30,2026-09-30,10.00%,5000.0,4996.62,19,800,false
"[B09XQS7RV8, B0DFYJ5CR9, B0BBR1S5L2]",amzn1.campaign.L3H2RZGR5AOS,"PINGMIC 2"" GUN CLEANING PATCHES 2",PINGMIC,2025-09-30,2026-09-30,10.00%,5000.0,4995.81,20,800,false
"[B0C7GLDMCK, B0DPPNVBC3, B09VPJ9D8D, B0DPPSZK8T]",amzn1.campaign.33ZXB60B7YUO4,Bamboo Coffee Stirrers Individually Wrapped 200 Count in Storage Box,Boesma,2025-09-30,2026-09-30,10.00%,5000.0,4953.13,13,800,false
"[B0DQ549QF8, B0F9XZN668]",amzn1.campaign.2Q8DCXEL1IRXE,PINGMIC Pick and Pluck Foam Sheets6,PINGMIC,2025-09-30,2026-09-30,15.00%,5000.0,4967.68,0,800,false
[B0CWBPMWNY],amzn1.campaign.17ASMGKUBGQBR,Wamery Water Filter x Home Creators | 10% Commission,Wamery,2025-09-30,2026-09-30,10.00%,5000.0,4985.06,0,800,false
[B0FFMPHGNB],amzn1.campaign.25AGZJ9D5OMEU,Titanium Cutting Board,UYWLYCL,2025-09-30,2026-09-30,15.00%,1000000.0,998075.2,0,800,false
"[B0DZMQG9FL, B0DZMMQKD4, B0DZMHSVYW, B0DZN423G7, B0DZN8SV1S, B0DZMT2S7Y, B0DZM7VLMR, B0DZN43DBK, B0DZMRRQHJ, B0DZMDBZMX, B0DZMJ5CNN, B0DZMMZP6G, B0DZWR1XN6, B0DZWTJQQK, B0DZM8LRN6, B0DZMW7BX1]",amzn1.campaign.WMS7G8AO3N2A,Men Athletic Cushioned Socks | MAKABO Brand Partnership Invitation,MAKABO,2025-09-30,2026-09-30,15.00%,5000.0,4977.54,0,800,false
[B0FDWX6SNX],amzn1.campaign.1XI7JOXWRYEUO,Hilizart Bicycle Chain Wax Melting System,Hilizart,2025-09-30,2026-09-30,10.00%,5000.0,4980.1,0,800,false
"[B0FHPJYMQF, B0FH2CX511, B0FCM696NZ]",amzn1.campaign.2SC1Y4HQMG2YF,High-value Goods-10% Commission-LASFIT All-Model RAM Floor Mats-25.9,LASFIT,2025-09-30,2026-09-30,10.00%,10000.0,9961.18,0,800,false
"[B0DD37B5CF, B0DD39CKTY, B0B7J3391Q, B07Y1WXZC5, B0DD2ZTG3C, B0DD3F36SV, B09CKY9RXJ, B0DD36FBLG, B07Y1W72DX, B0DD2ZTG3F, B0B7HWNC31, B0CB851P9X, B0DD3CKR5Q, B0B7J3LY7W, B0B7HZ3XJ9, B07Y1WHDF5, B0CB84MRX1, B0CB85B7Y7, B0B7HXMWT6, B0CB84TM87, B0CB851BPT, B0CB851BQ4, B09CKRWT4N, B0CB82P1VY, B0CB83TF86, B07Y1W5WSX, B0CB863CP3, B07Y1WQTZN, B0B7J53DR3, B07Y1WD8YT, B0CB835DPL, B0B7J1ZX2G, B0DD2QC91B, B0CB86JBXW, B0DD399VZD, B07Y1XMZ8H, B0CB85NKK7, B0DD3DY3FX, B0DD39RJHJ, B0DD38FWMD, B09CKS26YC, B0B7J2JYX6, B0DD3J2664, B07Y1X7CLZ, B0DD36Z55S, B0CB84LBLZ, B09CJYHLTP, B0B7J1F4W1, B09DFZ8K46, B0DD3D2RWB, B0CB82GNVP, B0CB859FS6, B0CB84VQNB, B09DFWRZCY, B09CKTHMZR, B0CB839N97, B09CKK5DWP, B0DD36YTFR, B0B7J84B85, B0CB851DW6, B09DFWZ1JY, B0CB84L65W, B0CB83Q2KZ, B0CB84QTR6, B0CB843QV3, B0DD37NTJF, B0CB84QGHD, B09DFWQ7QK, B0DD3F6B2P, B09DFX4456, B09CK12Z8C, B0DD33KMS8, B09CK8D6RY, B0DD33N3W6, B0B7HYH5VY, B09CK6RZ76, B0DD39HJ7J, B09CK1VF4W, B0B7JDHZD5, B0DD3951FG, B0CB86MNTK, B0B7HZCBSC, B0DD3696X5, B0DD3K7SRS, B09CKG9Q8R, B0CB83LJSZ, B0B7J4CZ59, B0B7J4KCQ7, B0DD37772F, B0DD3F2W2H, B0DD37TYPQ, B09CKHLJ6W, B0CB82PTX5, B0DD36W142, B0DD366Z7F, B0CB84KGDJ, B09DFYFXLL, B0CB84BZTV, B0DD3HY31L, B09CK8Y9XV, B0B7J5D298, B0CB86G56M, B09CKJ2RKZ, B0CB84YMHT, B0CB855DVH, B0CB84QGDP, B0DD363NG3, B0B7J19XFN, B0B7J515G7, B09CKJMZL7, B0CB84YB37, B0B7J1TX7G, B0CB84XD9X, B09DFXBXH5, B0CB84WKKF, B0DD3DCFJC, B09CK8CRZK, B0DD364MQP, B0DD364MR1, B0DD375FVQ, B09CK1GRGG, B09DFWS92T, B0DD35T61T, B0DD3MJQ8P, B07Y1RVBCY, B07Y1WCM3M, B0B7HY1NMJ, B0CB8364KP, B09CKS2TQ2, B09CKKSGHW, B0B7J12L49, B0CB83G8R5, B0CB85BBK7, B0DD3778ST, B0DD378J3K, B0CB8477S7, B0DD3J2ZHL, B0DD377X29, B09CK7NYYX, B0B7J2NMN9, B09DFYJJP3, B0CB8653S3, B0CB86JKT9, B07Y1WFTTN, B0CB84DR9Y, B09DFWMCP2, B0B7J1STHD, B07Y1WPSTG, B0CB83H86Z, B0CB85F8W4, B0DD33KRXJ, B09DG1RNXS, B0CB86M16T, B0CB85GYTV, B0DD38NLYL, B0DD33FJX4, B07Y1WZL9N, B0DD37TDCP, B0CB85J4QF, B0CB857TXX, B0CB83H5B8, B0B7HY127G, B0B7J47YT1, B0DD371XRD, B09DFWJK6P, B0CB83QD3Z, B0CB82SC8X, B0DD36ZGSK, B0DD3CC2XQ, B0DD3DYGD6, B07Y1WQ42C, B0CB83Q693, B0DD38YJWJ, B09CKL7FTG, B0DD36N76S, B0CB85XRRW, B07Y1W28X3, B0CB8557F2, B0DD3BJN6Q, B0B7J1SKVJ, B0CB85HR4H, B0CB83DRXK, B0B7HZPZRM, B0B7J1DHKF, B0DD36RCQZ, B0CB84XLF2, B09DFYD3VH, B07Y1W917F, B0B7J2DZRS, B0DD3691H7, B0DD3691H8, B0CB86KWZK, B07Y1WRCQ8, B0CB85J3RX, B07Y1X57BT, B0DD33MQB9, B0DD36CF2C, B0DD36CGDS, B09CKBGH9P, B09DFW9XQL, B09CKWJGB7, B0DD36ZXB6, B0DD3925PS, B09DFYDRSY, B07Y1W3R9C, B09DFWMWCP, B09CKHFGHZ, B0DD366GM1, B0DD3BCCGZ, B0B7HYWCK1, B09DFX5FMV, B0B7HZ3HSP, B09CKL11ZX, B0B7HXTVXG, B0DD36DYCX, B0DD378VVL, B0DD35RSJP, B0CB84XMQX, B0B7J9RXBH, B0DD373GGF, B0B7J12746, B09CKH49FD, B0DD31VWTX, B0B7J2H6VY, B0DD357S9V, B0DD3BLGNQ, B0CB8436QL, B0CB85S5F5, B0DD33J2H8, B07Y1WRZGN, B0DD35L1YM, B0CB85C6WT, B0B7JNZSVP, B0B7JH3DH9, B09DFWSMDS, B0DD33HTPG, B0CB85WWKX, B0DD3735C8, B0CB83QHYR, B0CB83WQ8T, B0DD33KLXC, B0DD38ZLL5, B0CB83YXPN, B0DD364JFF, B0B7J3MWW6, B0DD37LTW8, B0CB84VPMD, B0CB85C65W, B0CB849CZS, B0CB84C8FK, B0DD3D35N2, B09DFWZ3M5, B09DFYPFSD, B0B7J1QN5G, B0CB843H6J, B09DFWD8G4, B0CB823YSZ, B0CB833YTH, B0CB85TWWR, B0B7HWXSCH, B0DD3J4HH4, B0CB85C3C4, B0DD3928BY, B0CB86LQGN, B0CB85PBJM, B09CKDLPMN, B0B7J1XYVD, B0CB86M154, B0CB847LRT, B0DD33KJ5K, B0CB83XTM5, B07Y1X4RFX, B0CB85J4PM, B0CB833B6W, B0CB85RC5K, B0DD367VRK, B0DD3B43S1, B0DD3CPLBX, B0DD3DL4S9, B09DFX2T6H, B0DD3C6Y8X, B0B7J4X34F, B0B7J3QHNX, B0DD33KNMV, B0CB86226H, B0B7HZVS3S, B0CB82SD8Q, B0DD3LTZ23, B07Y1WDD6L]",amzn1.campaign.3M2WD5NZW6NBO,VENTELAN Family Christmas Pajamas Matching Sets Holiday Pjs 10% Commission,VENTELAN,2025-09-30,2026-09-30,10.00%,5000.0,3280.72,0,800,false
[B0DTDL2RKL],amzn1.campaign.QJM2SQ6RY2JH,🎉 Free Samples Available! Partner with Bovoey for Wellness Product Promotion 🥛,Bovoey,2027-01-01,2028-01-01,10.00%,5000.0,5000.0,6,800,false
[B0DTDL2RKL],amzn1.campaign.1SMHDWUHSTQ98,🎉 Free Samples Available! Partner with Bovoey for Wellness Product Promotion 🥛,Bovoey,2027-01-01,2028-01-01,10.00%,5000.0,5000.0,0,800,false
[B0FK4X2RDD],amzn1.campaign.3VIE28BT6OPP,Cork & Leather Placemats,MAIDERN,2025-09-30,2026-09-30,10.00%,5000.0,4986.73,5,800,false
"[B0FSZWRVQY, B0FSZYKNWG, B0FSZXR81K, B0FSZYBYYX, B0FSZXFH7Y, B0FSZZBCWV, B0FSZX2QVR, B0FSZXYZ1F]",amzn1.campaign.2EUL5KRTE42JQ,Cozy & Chic 3-Pack! Your New Go-To Joggers with Pockets(SY3),SPSHODOW,2025-09-30,2026-09-30,20.00%,200000.0,200000.0,0,800,false
[B0FQ4YSZFG],amzn1.campaign.2UH80OJ41YGKT,Collaborate with Amazear: Exclusive Offer for DJI Osmo Nano Screen Protector!,AMAZEAR,2025-10-01,2026-09-30,15.00%,100000.0,99988.41,0,800,false
"[B0DGTRWVH1, B0DG559W8V, B0DG5DGXGJ, B0DG5GV84Q, B0DG4TG9PQ, B0DG5D4S16, B0CH37FB5S, B0BQLH594P, B0DG52MSQT, B0DG5LZN2B, B0DQ8SVHSK, B0DG4Y41XC, B0DG5GTXWH, B0DG558FCB, B0DG59LYSN, B0DG5KWG63, B0DG56PKYL, B0DG52ZQFX, B0DG4Y9CTH, B0DG4XZGM8, B0CH379T46, B0DG5J8PLJ, B0DG51KHWS, B0DG574Q6N, B0DG5KLTXC, B0CH35LM9X, B0DLWNRX4K, B0C1G4QKTB, B0DG4Y7YNY, B0DG4Y5G8P, B0DG4ZFFQM, B0CH35KHTG, B0DG5DB2YZ, B0DG575SCB, B0DG4YRJF1, B0C435X6S5, B0C438ZJZ2, B0DG4ZRDBP, B0DG4ZR22M, B0CY5JL2PM, B0DG4ZKR72, B0DG592717, B0DG5G91DB, B0DG5J83CY, B0DQ8RN7XV, B0DG4YZM6R, B0D9W7W99P, B0DG4XC2YX, B0DG51SVJ4, B0BQLL78CK, B0CWLDDL7L, B0DG5275SX, B0CL965HMP, B0DG52X73G, B0DG551NHD, B0DG56XBCQ, B0DG56WFJV, B0DG5DD1LQ, B0DG5938W2, B0BQLV75Z7, B0BQLJWNHX, B0DG5DGJQ9, B0DG5D8W24, B0BQLNYJQQ, B0CH37P1LM]",amzn1.campaign.EGST9JOVDLK5,"$200,000 Monthly Sales of LED Mirror, Average Unit Price of 300+,10% Commission",EchosLife,2025-09-30,2026-09-30,10.00%,50000.0,49879.18,6,800,false
"[B0F47G1Y12, B0F47J4FRS, B0F47PS6LH, B0F47HQYPT, B0F47MLJJ9, B0F47MLV7S, B0F47GX32S]",amzn1.campaign.29YQJOVYQDRDK,SODQW Sunglasses SG2848,SODQW,2025-09-30,2026-09-25,10.00%,500000.0,500000.0,9,800,false
"[B0FCFJVGTJ, B0FCFF342N, B0FCFJ25YB, B0FCFGQK11, B0FCFDWSL4]",amzn1.campaign.F9RXSYH3OZ2V,SODQW Sunglasses SG8520,SODQW,2025-09-30,2026-09-30,10.00%,500000.0,499998.47,3,800,false
"[B0FF47TKGC, B0FF4D19BV, B0FF4BF5KM, B0FF49SM6N, B0FF4BVG6R, B0FF4C28W9, B0FF4BBGKB]",amzn1.campaign.1RUBETWLVZ6YU,SODQW Sunglasses SG108,SODQW,2025-09-30,2026-09-25,10.00%,500000.0,500000.0,6,800,false
"[B0FMRQ4Y8W, B0FMRR8XP6]",amzn1.campaign.X5B2FEDPZHSR,SODQW Sunglasses SG1101,SODQW,2025-09-30,2026-09-30,10.00%,500000.0,500000.0,16,800,false
"[B0F7PS4382, B0F7Q2697P, B0F7PZ73Y1, B0F7PK6YFX, B0F7PHST4G, B0F7PZY5MS, B0F7PBGJ42, B0F7PJ5ZYV, B0F7PBKS2W, B0F7Q27MXJ, B0F7PX51QY, B0F7PZ4PSD, B0F7PNMJY3, B0F7PPYZZF, B0F7PJCXYY, B0F7PMDV9N, B0F7PK78NL, B0F7PXXNLT, B0F7PJBB5Q, B0F7PM3Q33, B0F7Q7Z9P7, B0F7PRG3MH, B0F7Q2PS8J, B0F7PJJGKN]",amzn1.campaign.2H93SPK85C4HB,Safort Mens Golf Pants Dress Work Stretch Slim Slacks Pant01,Safort,2025-10-01,2026-10-01,15.00%,10000.0,9980.69,0,800,false
"[B0FMDBWW3G, B0FMDRX3TJ]",amzn1.campaign.EDQ18IJE5NGP,Senyshilon Black Crystal Chandelier Promotion Plan,Senyshilon,2025-10-01,2026-10-01,20.00%,5000.0,4960.88,3,800,false
"[B0BX9BL5PF, B0B8S4X3TC, B0DQ3JMMX6, B0CF57JFG3, B0D2HJLD1M]",amzn1.campaign.1MW4LO7U3ZO35,Senyshilon Black Chandelier Promotion Plan,Senyshilon,2025-10-01,2026-10-01,20.00%,5000.0,4961.01,0,800,false
[B0D6K54HCC],amzn1.campaign.24ZKYPV2CM9RP,commission 10%  B0D6K54HCC  vegetable chopper   When: October 5    1 year,QDGMXIV,2025-10-05,2026-10-05,10.00%,20000.0,20000.0,2,800,false
"[B0FF4BH137, B0FF4D4MM5, B0FF48WK7R, B0FF4D3M8W, B0FF4BPWML]",amzn1.campaign.B2MPL59TXDP1,SODQW Sunglasses SG943,SODQW,2025-09-30,2026-09-30,10.00%,500000.0,500000.0,19,800,false
"[B0CGZTYB14, B0CSN7XNTF, B0BFGQT31J]",amzn1.campaign.UUW45JE7JRBG,Senyshilon Farmhouse Style Black Dining Room Chandelier Promotion Plan,Senyshilon,2025-10-01,2026-10-01,20.00%,5000.0,4891.3,0,800,false
[B0D6K54HCC],amzn1.campaign.22VZAWXLDF864,commission 10%  B0D6K54HCC  vegetable chopper   When: October 4    1 year,QDGMXIV,2025-10-04,2026-10-04,10.00%,20000.0,20000.0,0,800,false
"[B0FD3NF6ZV, B0FD3M5SRL, B0FD3MMV26, B0FD3JFK5J, B0FD3M6HLZ]",amzn1.campaign.2U0U89LK2U9IA,SODQW Sunglasses SG8098,SODQW,2025-09-30,2026-09-30,10.00%,500000.0,500000.0,17,800,false
"[B0F9FK9FRN, B0F9FKFXFG, B0F9FKVJ4G, B0F9FK4RJT, B0F9FK99J7, B0F9FNC1D8, B0F9FJYH58]",amzn1.campaign.TEL85FB5LDR5,SODQW Sunglasses SG1927,SODQW,2025-09-30,2026-09-30,10.00%,500000.0,500000.0,12,800,false
[B0FPBDTNYS],amzn1.campaign.T5F6CNIDQ7CV,2 Pack Shaver Replacement Heads  + influencers +10% commission,ZAMQIU,2025-09-30,2026-09-30,10.00%,5000.0,4894.9,0,800,false
[B0FP1HR3TH],amzn1.campaign.39NGADTINK6YK,Shaver Replacement Heads  + influencers +10% commission,ZAMQIU,2025-09-30,2026-09-30,10.00%,5000.0,4975.7,0,800,false
[B0FKSVQNVT],amzn1.campaign.2PK6W0A0XGN7T,Join STONEBROOK Creator Program –2-in-1 Hand Warmers Rechargeable & Fidget Combo,STONEBROOK,2025-09-30,2026-09-30,12.00%,10000.0,9985.8,0,800,false
"[B0F48F4K4L, B0F48G1XM2]",amzn1.campaign.1DYM1EEBX3D6L,"Earn 10% Commission. 6-Pod RGB LED Rock Lights | 2pcs 5% OFF, 4.5+Star",LPNSADK9,2025-09-30,2026-09-30,10.00%,1000000.0,1000000.0,0,800,false
"[B0DJ2Z7DPX, B0DJ3149QL, B0DJ3299PN, B0DJ2YPDXD, B0DJ2ZYPXY, B0DJ32CRMY, B0DJ2ZH79M, B0DJ332DXX, B0DJ3382K8, B0DJ2Z1TFL, B0DJ2ZL6M7, B0DJ2ZR8W8]",amzn1.campaign.RSWB1870T3T3,"Earn 10% Commission. Dusk-to-Dawn Outdoor Pendant | 2pcs 5% OFF, 4.5+Star",Flybling,2025-09-30,2026-09-30,10.00%,1000000.0,1000000.0,2,800,false
[B0DJNL2N6L],amzn1.campaign.MEJQ6QXIII8I,"Earn 10% Commission. 10-Pack Iridescent Acrylic Risers | 2pcs 5% OFF, 4.5+Star",SHUNKAIZS,2025-09-30,2026-09-30,10.00%,1000000.0,1000000.0,0,800,false
"[B0DXBLSH2Q, B0DXBCX11S]",amzn1.campaign.1LRYPYZAQXFQC,创作者：straight 4条 24-30 26-32,WOWQUEEN,2025-09-30,2026-09-29,10.00%,200000.0,199978.0,0,800,false
"[B0FC1J9PK3, B0FC1YLGWH, B0FC1XHG7K, B0FC25J1CG]",amzn1.campaign.29FZCWTIW065V,"✨ ShunFSC Rechargeable Motion Sensor Ceiling Light – Safe, Simple, Smart ✨",ShunFSC,2025-09-30,2026-09-30,10.00%,50000.0,49985.59,0,800,false
[B0D3MFKYW8],amzn1.campaign.39ZI4329TYYBU,B0D3MFKYW8 | Aromasong Dead Sea Salt with Natural Lavender Essential Oil,Aromasong,2025-09-30,2026-09-30,15.00%,1000000.0,1000000.0,0,800,false
[B0FKG8FKYS],amzn1.campaign.VQ9IDHYAVAZR,【2 PCS】Onion Slicer Holder,WELLFAR,2025-09-30,2026-09-28,20.00%,50000.0,49991.98,0,800,false
[B0FGT2B9JL],amzn1.campaign.WS220SSCUPUL,Stainless Steel Shawarma Pan for Oven,WELLFAR,2025-09-30,2026-09-28,20.00%,50000.0,49997.8,0,800,false
"[B0FGWC2FDC, B0FGWCTD86, B0FGW5KRP8]",amzn1.campaign.3UOPTF8FH9KNS,AutumnNest – Dog Training Spray Series,AutumnNest,2025-09-30,2026-09-30,15.00%,5000.0,4771.64,0,800,false
[B0D3MFLSTG],amzn1.campaign.16BSWKHEEVY3T,B0D3MFLSTG – Aromasong Grapefruit Dead Sea Salt (14 oz Pack),Aromasong,2025-09-30,2026-09-30,17.00%,1000000.0,1000000.0,0,800,false
[B0D3MC7WGX],amzn1.campaign.2R25TFB99TB3H,B0D3MC7WGX – Aromasong Eucalyptus Dead Sea Salt (2.5 oz Stocking Stuffer),Aromasong,2025-09-30,2026-09-30,14.00%,1000000.0,1000000.0,0,800,false
[B0D3FQMC65],amzn1.campaign.3PP3S0UI5WEPG,B0D3FQMC65 – Aromasong Coconut Dead Sea Salt (2.5 oz Stocking Stuffer),Aromasong,2025-09-30,2026-09-30,15.00%,1000000.0,1000000.0,0,800,false
[B0D3J9F1Z1],amzn1.campaign.1GGAQ2Y8FVQU5,B0D3J9F1Z1 – Aromasong Lavender Dead Sea Salt (2.5 oz Stocking Stuffer),Aromasong,2025-09-30,2026-09-30,15.00%,1000000.0,1000000.0,0,800,false
[B0F857DNN8],amzn1.campaign.2EXHMNHF50A7A,Turn Your Food Scraps Into Fertile Ground — the Old-School Way - B0F857DNN8,Cabin Obsession,2025-09-30,2026-09-30,15.00%,6000.0,5985.45,0,800,false
[B0D3FP2CZS],amzn1.campaign.2PKTFN86LGD43,B0D3FP2CZS – Aromasong Grapefruit Dead Sea Salt (2.5 oz Stocking Stuffer),Aromasong,2025-09-30,2026-09-30,15.00%,1000000.0,1000000.0,0,800,false
[B089P2YD6N],amzn1.campaign.2CKK7O7AH89ZH,"Soft, Cozy, and Covered in Horses—Need We Say More? - B089P2YD6N",OBSI,2025-09-30,2026-09-30,20.00%,6000.0,5879.0,0,800,false
[B0F4YTGRWL],amzn1.campaign.2O4TPKSNKTUBS,【2 PCS】Onion Holder for Slicing,Girla,2025-09-30,2026-09-29,20.00%,50000.0,49965.88,0,800,false
[B09V1NVPQM],amzn1.campaign.1UM0RRADUPFGM,B09V1NVPQM – Aromasong Epsom Salt + Dead Sea Salt (5 lbs),Aromasong,2025-09-30,2026-09-30,15.00%,1000000.0,999992.67,0,800,false
[B0BYV8DQ72],amzn1.campaign.JIKRSUVUX8XB,The glow-up your pond has been BEGGING for 🌿➡️💎 - B0BYV8DQ72,OBSI,2025-09-30,2026-09-30,10.00%,6000.0,6000.0,0,800,false
[B09V1M9KRL],amzn1.campaign.2ABWTP8T8QZ3O,B09V1M9KRL – Aromasong Dead Sea Salt Bath Soak (6 lbs Bulk Pack),Aromasong,2025-09-30,2026-09-30,15.00%,1000000.0,1000000.0,0,800,false
[B0CGK5XWMK],amzn1.campaign.2SW59VOQOQKIS,B0CGK5XWMK – Aromasong Dead Sea Salt Bath Soak (14 oz),Aromasong,2025-09-30,2026-09-30,15.00%,1000000.0,999994.45,0,800,false
[B08Y95HWSG],amzn1.campaign.3HSAPYKIE8I35,"B08Y95HWSG – Aromasong Dead Sea Pregnancy Bath Soak (5 lbs, Lavender-Infused)",Aromasong,2025-09-30,2026-09-30,15.00%,1000000.0,999996.19,0,800,false
[B08Y972N1P],amzn1.campaign.1D2HQSTY7ZMB8,"B08Y972N1P – Aromasong Pregnancy Bath Soak (3 lbs, Lavender-Infused)",Aromasong,2025-09-30,2026-09-30,15.00%,1000000.0,999985.75,0,800,false
[B08Y96RQ9W],amzn1.campaign.3LQ2KBA9OCCMM,"B08Y96RQ9W – Aromasong Dead Sea Pregnancy Bath Soak (5 lbs, Unscented)",Aromasong,2025-09-30,2026-09-30,14.00%,1000000.0,1000000.0,0,800,false
[B0B25NMMJZ],amzn1.campaign.37P6WCH2KFVH8,B0B25NMMJZ – Aromasong RAW Dead Sea Salt with 100% Natural Lavender,Aromasong,2025-09-30,2026-09-30,15.00%,1000000.0,999995.95,0,800,false
[B0DSCHX5CH],amzn1.campaign.KY4VMDTO6DA6,Nature’s Dome Bed Bug Spray – 3.4oz (B0DSCHX5CH),NATURE'S DOME,2025-10-03,2026-10-03,15.00%,1000000.0,1000000.0,0,800,false
[B0DP1JPD3G],amzn1.campaign.2BEKC6DHEJBDV,Nature’s Dome 12oz Pest Control Concentrate – Makes 1 Gallon (B0DP1JPD3G),NATURE'S DOME,2025-10-03,2026-10-03,15.00%,1000000.0,1000000.0,0,800,false
[B0D9MPKCN1],amzn1.campaign.GVUD8B9Y7DIP,Nature’s Dome Pest Control Starter Kit – Makes 3 Bottles (B0D9MPKCN1),NATURE'S DOME,2025-10-03,2026-10-03,15.00%,1000000.0,1000000.0,0,800,false
[B0DDMH1SXW],amzn1.campaign.14C16IWZC3KYW,Nature’s Dome Eco-Friendly Pest Control Spray 32oz (B0DDMH1SXW),NATURE'S DOME,2025-10-03,2026-10-03,15.00%,1000000.0,1000000.0,0,800,false
[B0DP1HTV43],amzn1.campaign.37OZJHZ0NKZQ9,Nature’s Dome Eco-Friendly Pest Control Spray 1 Gallon (B0DP1HTV43),NATURE'S DOME,2025-10-03,2026-10-03,15.00%,1000000.0,1000000.0,0,800,false
[B0DP1D6B56],amzn1.campaign.1THI28VLZG3QI,Nature's Dome Pest Control Starter Kit (B0DP1D6B56),NATURE'S DOME,2025-10-03,2026-10-03,15.00%,1000000.0,1000000.0,0,800,false
"[B0CXY968GT, B0CMV78VG1, B0CXY96JHF, B0CXY7TQ7L, B0CMV4TZ3W, B0CXY93WRV, B0CMV727YC, B0CXYBNHQB, B0CXYCN24T, B0CZ4C7TL1]",amzn1.campaign.2MURCGPKT4LXD,PNKPET 304 Stainless Steel Gate Chain for Outdoor Fence Livestock,PNKPET,2025-09-30,2026-09-24,11.00%,5000.0,4994.09,0,800,false
[B0DHSXX4M9],amzn1.campaign.1B40IN6AM9QDQ,Nature's Dome Indoor Bug Spray 2 Pack (B0DHSXX4M9),NATURE'S DOME,2025-10-03,2026-10-03,15.00%,1000000.0,1000000.0,0,800,false
[B0DHSW1Z4P],amzn1.campaign.1XEK9JH2ULBCZ,Nature's Dome Indoor Bug Spray 2oz (B0DHSW1Z4P),NATURE'S DOME,2025-10-03,2026-10-03,12.00%,1000000.0,1000000.0,0,800,false
[B0DRPMQMKW],amzn1.campaign.ULFBXATVSLM,Nature's Dome Bed Bug Spray – 16oz (B0DRPMQMKW),NATURE'S DOME,2025-10-02,2026-10-02,15.00%,1000000.0,1000000.0,0,800,false
[B0DP1JPD3G],amzn1.campaign.3NXTCF71V029Y,12 oz Pest Control Concentrate – Makes 1 Gallon (B0DP1JPD3G),NATURE'S DOME,2025-10-02,2026-10-02,15.00%,1000000.0,1000000.0,0,800,false
[B0D9MPKCN1],amzn1.campaign.3VTQO8DHV61JZ,Pest Control Starter Kit – Makes 3 Bottles (B0D9MPKCN1),NATURE'S DOME,2025-10-02,2026-10-02,15.00%,1000000.0,1000000.0,0,800,false
[B0DDMH1SXW],amzn1.campaign.2T8NUVDO7FRW,Eco-Friendly Pest Control Spray – 32 oz (B0DDMH1SXW),NATURE'S DOME,2025-10-02,2026-10-02,15.00%,1000000.0,1000000.0,0,800,false
[B0DP1HTV43],amzn1.campaign.2H0U0CQL4PX6H,Eco-Friendly Pest Control Spray – 1 Gallon (B0DP1HTV43),NATURE'S DOME,2025-10-02,2026-10-02,15.00%,1000000.0,1000000.0,0,800,false
[B0DP1D6B56],amzn1.campaign.1BTG2KCZPQSH6,Pest Control Starter Kit – Makes 3 Bottles (B0DP1D6B56),NATURE'S DOME,2025-10-02,2026-10-02,17.00%,1000000.0,1000000.0,0,800,false
[B0DHSXX4M9],amzn1.campaign.1PXUYFS5W7JD5,Indoor Bug Spray – 2 Pack (B0DHSXX4M9),NATURE'S DOME,2025-10-02,2026-10-02,15.00%,1000000.0,1000000.0,0,800,false
[B0DHSW1Z4P],amzn1.campaign.LYSPZVEJKD20,Indoor Bug Spray Safe for Pets – 2 oz (B0DHSW1Z4P),NATURE'S DOME,2025-10-02,2026-10-02,15.00%,1000000.0,1000000.0,0,800,false
"[B0DZGTRVQ3, B0FGQ78S26]",amzn1.campaign.336CJT40SU0F5,Recommend Sugelary 8 fl oz Mold Stain Cleaner,Sugelary,2025-09-30,2026-09-30,10.00%,5000.0,4865.25,0,800,false
"[B0DB5ZL6GB, B0DKB9V4L2, B0DB5S2R23, B0DB5Q3TBG, B0DB5R3WFX, B0DFVN3DBQ, B0DKB9NX3G, B0DB5QPF76, B0DKB94LL7, B0DB5RYNLP, B0DB5XZ5VC, B0DB5R833T, B0DB61YT39, B0DB5R5VHD, B0DB5NF5HK, B0DLNQGY8P, B0DLNRMMGZ, B0DB5ZNZ96, B0DFVML4S1, B0DB5SCLR4, B0DB5Q4MBL, B0DRDF5R9T, B0DFWJG6BF, B0DLNQRGV3, B0DB5QTSJ8, B0DFVNSHKB, B0DB5S9DN5, B0DB5QQ674, B0DB5R35TS, B0DKB9XQ8Y, B0DFWLGC4K, B0DB5SCK2M, B0DB5YR9ZT]",amzn1.campaign.1A3F3VV36MB8S,20250928 17% commision,GECOSP,2025-09-30,2026-09-30,17.00%,10000.0,9988.95,0,800,false
"[B0DB5ZL6GB, B0DKB9V4L2, B0DB5S2R23, B0DB5Q3TBG, B0DB5R3WFX, B0DFVN3DBQ, B0DKB9NX3G, B0DB5QPF76, B0DKB94LL7, B0DB5RYNLP, B0DB5XZ5VC, B0DB5R833T, B0DB61YT39, B0DB5R5VHD, B0DB5NF5HK, B0DLNQGY8P, B0DLNRMMGZ, B0DB5ZNZ96, B0DFVML4S1, B0DB5SCLR4, B0DB5Q4MBL, B0DRDF5R9T, B0DFWJG6BF, B0DLNQRGV3, B0DB5QTSJ8, B0DFVNSHKB, B0DB5S9DN5, B0DB5QQ674, B0DB5R35TS, B0DKB9XQ8Y, B0DFWLGC4K, B0DB5SCK2M, B0DB5YR9ZT]",amzn1.campaign.1VKYLDIDRV68E,20250928 16% commision,GECOSP,2025-09-30,2026-09-30,16.00%,10000.0,10000.0,0,800,false
"[B0DB5ZL6GB, B0DKB9V4L2, B0DB5S2R23, B0DB5Q3TBG, B0DB5R3WFX, B0DFVN3DBQ, B0DKB9NX3G, B0DB5QPF76, B0DKB94LL7, B0DB5RYNLP, B0DB5XZ5VC, B0DB5R833T, B0DB61YT39, B0DB5R5VHD, B0DB5NF5HK, B0DLNQGY8P, B0DLNRMMGZ, B0DB5ZNZ96, B0DFVML4S1, B0DB5SCLR4, B0DB5Q4MBL, B0DRDF5R9T, B0DFWJG6BF, B0DLNQRGV3, B0DB5QTSJ8, B0DFVNSHKB, B0DB5S9DN5, B0DB5QQ674, B0DB5R35TS, B0DKB9XQ8Y, B0DFWLGC4K, B0DB5SCK2M, B0DB5YR9ZT]",amzn1.campaign.2Y8RHTGUMH28X,20250928 14% commision,GECOSP,2025-09-30,2026-09-30,14.00%,10000.0,10000.0,0,800,false
"[B0FMRZCZ8Y, B0FQJJMD2V, B0FMRVMZBZ, B0FQJDLJRZ]",amzn1.campaign.3FI1TJILI4ZEI,Fur Wrist Cuff Holloween Santa Accessory-Monthly sales revenue of $70000. (704),RSLOVE,2025-09-30,2026-09-30,10.00%,6000.0,5777.62,0,800,false
"[B0FMQ4CSXP, B0FMQ42JZ9, B0FMQ1XLQN]",amzn1.campaign.1UAN0TPDE0JPG,POWLEXA iPhone 16 Series Screen Protector Campaign,POWLEXA,2025-09-30,2026-09-30,15.00%,5000.0,4980.19,0,800,false
[B0DPQR9WR3],amzn1.campaign.UBAWZYNCBPFU,41% CR - Enrichment Interactive Dog Treat Toy (Orange-Beginner),DollSheriffgoo,2025-10-02,2026-10-02,41.00%,5000.0,5000.0,2,800,false
[B0DPQVN6K8],amzn1.campaign.3691CV4AAT7HS,35% CR - Dog Puzzle Toy Mental Stimulation (Advanced-Mars Green Brainstorm),DollSheriffgoo,2025-10-02,2026-10-02,35.00%,5000.0,5000.0,2,800,false
[B0DPQWDRTL],amzn1.campaign.ZXDOTXLGMNKS,35% CR - Dog Puzzle Toy Mental Stimulation (Green Push-Intermediate),DollSheriffgoo,2025-10-02,2026-10-02,35.00%,5000.0,5000.0,3,800,false
[B0DPQWKFMS],amzn1.campaign.2I4QYEUOZ49QZ,34% CR - Dog Puzzle Toy Mental Stimulation (Blue-Advanced),DollSheriffgoo,2025-10-02,2026-10-02,34.00%,5000.0,5000.0,0,800,false
[B0FN8441W7],amzn1.campaign.2J9O4BVWU5F8K,car steering wheel tray,Tueou,2025-09-30,2026-09-29,10.00%,10000.0,9988.74,0,800,false
"[B0CSJTQ1B9, B07P1SKJV4]",amzn1.campaign.LU7XFP06KOIR,🚀 10K+ Monthly · 10% Commission Can Opener and Jar Opener,Kitchenmuh,2025-10-01,2026-10-01,10.00%,5000.0,4996.42,0,800,false
[B089SNZD4N],amzn1.campaign.167W8LUKDKTPW,"🚀 10,000+ Sold Per Month· Earn 10% Commission Instacan Electric Jar Opener",INSTACAN,2025-10-01,2026-10-01,10.00%,5000.0,5000.0,0,800,false
"[B08FWXXRX5, B09JP6QXQX, B09JS2JHX8, B0DD6B4F8B, B0CCNXRMZN, B0DD6VP5DZ, B0B9G3BX32, B08FX8251P, B0CCNVRL7F, B0DD6B4F88, B08FX3TW9J, B0B9G2XZBG, B09JP7LWCC, B0B9FV2C1Y, B0B9FWDL39, B0B9G1DS2L, B09JP68VXH, B09JP7J2HS, B0B9G1RSZ7, B0B9FYX142, B0DD664RCF, B0B9FW14D6, B09JP6XJBJ, B0DD6SSYG2, B09JRW3BSD, B0B9G1DFZQ, B0B9GB446F, B0CCNTWWFM, B0DD6H4N25, B0DD6D1MX9, B09JRP8JKH, B08FWYSFZ6, B0CCNYMXSX, B08FWRKV35, B08FWY13YT, B09JP7M7YC, B09JS7PZQB, B0CCNWWWDL, B0DD6YYY45, B09JP77MX9, B09JP6KYGD, B0B9FYT6TJ, B09JP6ZHZC, B0DD7346F4, B09JP73L11, B0CCNXJ145, B0DD73FF47, B0B9G1F5KR, B0B9FYZR16, B09JP82SFR, B09JP6X6L4, B09JRMTQ7W, B0DD6GV1NV, B08FWRBL2X, B09JP82VTZ, B0CCNZDYFN, B0DD6B7CCG, B09JS9JMV2, B09JP55CD4, B08FWHLHJT, B0DD735HN3, B0B9FVYD7G, B0CCNXPQ1N, B08FWRJ8M2, B08FWV7XBK, B0CCNYW6MQ, B0B9G365SC, B0B9G1QSWV, B08FXKX8HB, B0B9FXDKJ3, B0B9G1LH8L, B0CCNWRZD8, B0B9G34HNS, B08FX7NQYZ, B0B9FYNCPF, B08FWSZQSB, B09JRK8LTQ, B0B9FYMWBG, B09JS3F82S, B0CCNX3GVS, B08FWXFBZS, B0DD6S8FKC, B09JRXB44B, B0DD6B8X1Z, B0DD6M4M2J, B0DD6C9K3S, B0DD73KNX5, B08FWTYHBW, B0B9G7NC3X, B0DD6SJ9V9, B08FXB5FZY, B09JRSWMWS, B0DD732TDM, B0CCNXBFH6, B0B9FW77MR, B0DD67C3SK, B09JP724W3, B0B9G5RSP9, B0B9FVHVD1, B0CCNZXTKR, B08FX6PL1P, B09JRWG4GJ, B09JSC8QF7, B0DD6LJLCL, B08FWXQTCS, B0B9G9RJPH, B0DD6QYN25, B09JRSRVZ1, B0DD6KFSXH, B09JRKB2TQ, B0CCNZSSWJ, B09JS3BVTC, B0DD734JB6, B0DD6H3P4Q, B0B9FYVTLS, B0DD6H3P4R, B09JRWVQMM, B09JP71BVX, B0CCNV9BHS, B09JP6GWZG, B0DD6BJXG1, B09JP6732M, B0DD6M7VK5, B09JP6X3YG, B0DD6RGYJJ, B0B9G5Y5Y6, B0DD6D4WN3, B0DD6TQBFD, B0DD6HJW5L, B09JP74B4H, B0B9G5Z54T, B0CCNWZH1N, B09JS7J6XF, B09JP7W7Z5, B0B9FSYRRR, B0DD6LGMYL, B0B9FVF1NX, B0B9G335Z3, B0CCNX74WQ, B0DD6CTS63, B0B9FTV7JT, B0CCNXM341, B0DD67KF2B, B09JP79HSK, B0B9G2199B, B0CCNWY3TW, B08FXDMW7V, B0B9FZ3YRV, B09JS1C6W7, B0B9FWCW5T, B0DD6CXBY6, B0B9G3WKQY, B0CCNYQCSK, B09JP7NHFC, B0DD6B979B, B09JS7BYKM, B0DD6CY1KS, B09JQWBFCJ, B0DD6JCYLJ, B0DD6N9Z94, B0B9FYX2MW, B08FX6NWM3, B0B9FPTWK6, B0CCNWBQNC, B0DD67VG53, B0DD6JNWH4, B08FWKSP4L, B0B9FW1KST, B0DD6BMFM9, B09JP6YHHW, B0CCNWDMX9, B0B9FXTW68, B08FX87S8N, B0B9FXNPJJ, B0B9G5RSNJ, B0B9G1MJMN]",amzn1.campaign.P2SCX5XMDVKT,YIJIU Family Christmas Pajamas Matching Sets 10% Commission,YIJIU,2025-09-30,2026-09-30,10.00%,5000.0,4307.01,0,800,false
"[B0F7LSF3R6, B0F7LT4TPV, B0F7LRN1NQ]",amzn1.campaign.1NFHBFMWU5QLZ,41% CR - Interactive Dog Treat Toy (Beginner),LiuMelinda,2025-10-02,2026-10-02,41.00%,5000.0,5000.0,7,800,false
"[B0D4LGXVV8, B0D4LP9NPH, B0D946LXLD, B0D4LDXNJF, B0CSSZ12VR, B0D4LN53Q3, B0D4LWRN14, B0CYX46F21, B0CSKHW4P8, B0D9457V96, B0CSPG2W9D, B0CRHPFYTH, B0D943D2ZG, B0CST1RD4B, B0CRR2NXB5]",amzn1.campaign.I5OSEZ730RGN,37% CR - DOG CHEW TOYS FOR AGGRESSIVE CHEWERS,LiuMelinda,2025-10-02,2026-10-02,37.00%,5000.0,5000.0,7,800,false
[B0FB3XG9WM],amzn1.campaign.RQTO2G4A4CBJ,35% CR - Dog Treat Puzzle Feeder (Advanced-Brainstorm),LiuMelinda,2025-10-02,2026-10-02,35.00%,5000.0,5000.0,19,800,false
[B0FQ4YSZFG],amzn1.campaign.1Y1S31606YWH3,📸📸📸Collaborate with AMAZEAR on Screen Protector for DJI Osmo Nano,AMAZEAR,2025-09-30,2026-09-30,15.00%,5000.0,4993.41,0,800,false
"[B0F2J1N4HL, B0F2J26TNQ]",amzn1.campaign.3GBKPJQMUQXOE,34% CR - Dog Treat Puzzle Feeder (Advanced),LiuMelinda,2025-10-02,2026-10-02,34.00%,5000.0,5000.0,10,800,false
"[B0DKJHWCVD, B0DKJ629TF, B0DJRCGSQH, B0DKJ555QJ, B0DKJ821C4, B0FM7Q8134, B0FM7NJ288, B0FM7QT73G, B0DKJMJG7C, B0DKJFF5SW, B0DJR8CGBR, B0DKJ53RZY, B0DJRBRFF4, B0DKJ21XWJ, B0DJRB14BP, B0DKJ6ZF6M, B0DKJ65N73, B0DKJ661MH, B0DKJFKDYK, B0DJR9DGN6, B0DJRDZTJX, B0DKJ5Y3V8, B0DJRB8X6G, B0DJRBRF97, B0DJRBJK8F, B0DKJGVJ8P, B0DJR92JRJ, B0DJRC16VB, B0DJRD29MB, B0DKJ56HTW, B0DKJLMG1H, B0DKJ6Q2N3, B0DKJHJ4NG, B0DKJ48DJP, B0FM7RLFTK, B0DJRBSVSZ, B0DKJ5HSCY, B0DKJJTHQB]",amzn1.campaign.U1QJ4MUN1CRW,Don't Be a Statistic,SRsafety,2025-09-30,2026-09-30,10.00%,5000.0,4979.86,2,800,false
"[B0DKNGRT4Y, B0FGX5LHJF]",amzn1.campaign.2SG5W93VQWPJS,🌙 Your garden by day is a sanctuary. But by night... could it be magic?,Voumsil,2025-09-30,2026-09-30,10.00%,5000.0,5000.0,17,800,false
[B0D5LY8S3T],amzn1.campaign.2WK8A5WPFDLOS,Free sample & Earn up to $13 per order! Chongker Stuffed Cat Backpack!,Chongker,2025-09-30,2026-09-30,15.00%,5000.0,4884.12,0,800,false
[B0D5M1R926],amzn1.campaign.KWNSA151YJF7,Free sample & Earn up to $13 per order! Chongker Stuffed Cat Backpack!,Chongker,2025-09-30,2026-09-30,15.00%,5000.0,4894.96,0,800,false
[B0C8NVVXQ4],amzn1.campaign.3UFV6N036INVK,Keptrohy Akkermansia Probiotic - GLP-1 Production - for Women & Men - 60 Capsule,Keptrohy,2025-09-30,2026-09-30,10.00%,5000.0,4986.38,0,800,false
"[B0FDQNXZ98, B0FDQFLRRB, B0FDQ66MBG, B0FDQB9DLX, B0FDQ7TL3V, B0FDQFHXF4, B0FDQ83CM8, B0FDQLGXC4, B0FDQ8DSR5, B0FDPZCTGD, B0FDQLWH3W, B0FDQBY26S, B0FDQ7PLDF, B0FDQBJYGC, B0FDQCD9KM, B0FDQ8CPX7, B0FDQBL1BN, B0FDQ8645V, B0FDQD7BL9, B0FDQCH4N6, B0FDQ82Y2Q, B0FDQBPGF6, B0FDQBT3K3, B0FDQ83X29, B0FDQC7G9F, B0FDQ82YP4, B0FDQLPGSJ, B0FDQ7FGC1, B0FDQBW4J3, B0FDQ77TRV, B0FDQ9DCVB, B0FDQ7WXZH, B0FDQBLQDW, B0FDQFC5BH, B0FDQBJG6S, B0FDQ89RH2, B0FDQBPKYP, B0FDQBMTKQ, B0FDQ5NXJL, B0FDQBVWNJ, B0FDQ8CBNL, B0FDQBWCCW, B0FDQBLPBD, B0FDQ83SKS, B0FDQBT115, B0FDQBZ96Z, B0FDQ7XRJB, B0FDQB9HFJ, B0FDQR7XFK, B0FDQBRH45, B0FDQPJNRN, B0FDQ7R7KB, B0FDQ7S2RK, B0FDQC97VH, B0FDQ8DKLM, B0FDQ6LZTX, B0FDQBFJL3, B0FDQ9GPLY, B0FDQCKZF1, B0FDQ9GPLQ, B0FDQ88SKZ, B0FDQ5Y5F1, B0FDQCHRJW, B0FDQ7Z8D9, B0FDQ7VKR1, B0FDQBN3NK, B0FDQQ5VDX, B0FDQBFC15, B0FDQFBSS8, B0FDQCMQJK, B0FDQMTSJ8, B0FDQBBBKF, B0FDQ88MC1, B0FDQQ5B5P, B0FDQBGZX3, B0FDQBL2N4, B0FDQ7PLMV, B0FDQBL2MY, B0FDQF9YYQ, B0FDQ9TJHR, B0FDQCQVZ1, B0FDQFGK32, B0FDQFGK2Q, B0FDQ9YGD6, B0FDQ81Q2Z, B0FDQBS6M2, B0FDQC5S9X, B0FDQPPQPC, B0FDQ84H8K, B0FDQ9ZBSS]",amzn1.campaign.3F26130W6Q5Z8,The One Home Upgrade That Actually Fits Your Budget & Life 🌟,UWWGKK,2025-10-05,2026-10-05,10.00%,5000.0,4992.43,5,800,false
[B0CTB71RG5],amzn1.campaign.1RC0EVWSX9VV5,300 Monthly Sales 12W Outdoor Small Modern Wall Light,Tomourd,2025-09-30,2026-09-30,10.00%,5000.0,4962.61,0,800,false
"[B0FDQNXZ98, B0FDQFLRRB, B0FDQ66MBG, B0FDQB9DLX, B0FDQ7TL3V, B0FDQFHXF4, B0FDQ83CM8, B0FDQLGXC4, B0FDQ8DSR5, B0FDPZCTGD, B0FDQLWH3W, B0FDQBY26S, B0FDQ7PLDF, B0FDQBJYGC, B0FDQCD9KM, B0FDQ8CPX7, B0FDQBL1BN, B0FDQ8645V, B0FDQD7BL9, B0FDQCH4N6, B0FDQ82Y2Q, B0FDQBPGF6, B0FDQBT3K3, B0FDQ83X29, B0FDQC7G9F, B0FDQ82YP4, B0FDQLPGSJ, B0FDQ7FGC1, B0FDQBW4J3, B0FDQ77TRV, B0FDQ9DCVB, B0FDQ7WXZH, B0FDQBLQDW, B0FDQFC5BH, B0FDQBJG6S, B0FDQ89RH2, B0FDQBPKYP, B0FDQBMTKQ, B0FDQ5NXJL, B0FDQBVWNJ, B0FDQ8CBNL, B0FDQBWCCW, B0FDQBLPBD, B0FDQ83SKS, B0FDQBT115, B0FDQBZ96Z, B0FDQ7XRJB, B0FDQB9HFJ, B0FDQR7XFK, B0FDQBRH45, B0FDQPJNRN, B0FDQ7R7KB, B0FDQ7S2RK, B0FDQC97VH, B0FDQ8DKLM, B0FDQ6LZTX, B0FDQBFJL3, B0FDQ9GPLY, B0FDQCKZF1, B0FDQ9GPLQ, B0FDQ88SKZ, B0FDQ5Y5F1, B0FDQCHRJW, B0FDQ7Z8D9, B0FDQ7VKR1, B0FDQBN3NK, B0FDQQ5VDX, B0FDQBFC15, B0FDQFBSS8, B0FDQCMQJK, B0FDQMTSJ8, B0FDQBBBKF, B0FDQ88MC1, B0FDQQ5B5P, B0FDQBGZX3, B0FDQBL2N4, B0FDQ7PLMV, B0FDQBL2MY, B0FDQF9YYQ, B0FDQ9TJHR, B0FDQCQVZ1, B0FDQFGK32, B0FDQFGK2Q, B0FDQ9YGD6, B0FDQ81Q2Z, B0FDQBS6M2, B0FDQC5S9X, B0FDQPPQPC, B0FDQ84H8K, B0FDQ9ZBSS]",amzn1.campaign.BVOQMCLGUV52,Tired of Boring Tables? This $20 Upgrade Will Blow Your Mind! 💥,UWWGKK,2025-10-03,2026-10-03,10.00%,5000.0,4999.13,12,800,false
"[B0FDQNXZ98, B0FDQFLRRB, B0FDQ66MBG, B0FDQB9DLX, B0FDQ7TL3V, B0FDQFHXF4, B0FDQ83CM8, B0FDQLGXC4, B0FDQ8DSR5, B0FDPZCTGD, B0FDQLWH3W, B0FDQBY26S, B0FDQ7PLDF, B0FDQBJYGC, B0FDQCD9KM, B0FDQ8CPX7, B0FDQBL1BN, B0FDQ8645V, B0FDQD7BL9, B0FDQCH4N6, B0FDQ82Y2Q, B0FDQBPGF6, B0FDQBT3K3, B0FDQ83X29, B0FDQC7G9F, B0FDQ82YP4, B0FDQLPGSJ, B0FDQ7FGC1, B0FDQBW4J3, B0FDQ77TRV, B0FDQ9DCVB, B0FDQ7WXZH, B0FDQBLQDW, B0FDQFC5BH, B0FDQBJG6S, B0FDQ89RH2, B0FDQBPKYP, B0FDQBMTKQ, B0FDQ5NXJL, B0FDQBVWNJ, B0FDQ8CBNL, B0FDQBWCCW, B0FDQBLPBD, B0FDQ83SKS, B0FDQBT115, B0FDQBZ96Z, B0FDQ7XRJB, B0FDQB9HFJ, B0FDQR7XFK, B0FDQBRH45, B0FDQPJNRN, B0FDQ7R7KB, B0FDQ7S2RK, B0FDQC97VH, B0FDQ8DKLM, B0FDQ6LZTX, B0FDQBFJL3, B0FDQ9GPLY, B0FDQCKZF1, B0FDQ9GPLQ, B0FDQ88SKZ, B0FDQ5Y5F1, B0FDQCHRJW, B0FDQ7Z8D9, B0FDQ7VKR1, B0FDQBN3NK, B0FDQQ5VDX, B0FDQBFC15, B0FDQFBSS8, B0FDQCMQJK, B0FDQMTSJ8, B0FDQBBBKF, B0FDQ88MC1, B0FDQQ5B5P, B0FDQBGZX3, B0FDQBL2N4, B0FDQ7PLMV, B0FDQBL2MY, B0FDQF9YYQ, B0FDQ9TJHR, B0FDQCQVZ1, B0FDQFGK32, B0FDQFGK2Q, B0FDQ9YGD6, B0FDQ81Q2Z, B0FDQBS6M2, B0FDQC5S9X, B0FDQPPQPC, B0FDQ84H8K, B0FDQ9ZBSS]",amzn1.campaign.2X1BJ2PT0FBJM,The Secret to an Insta-Worthy Table in 1 Easy Step 📸,UWWGKK,2025-10-02,2026-10-02,10.00%,5000.0,4993.23,9,800,false
[B0FBWTDTBC],amzn1.campaign.2YQEFOAAMN5N8,300 Monthly Sales +12%Commission+Red Light Therapy Mat full Body,FUIART,2025-09-30,2026-09-30,12.00%,10000.0,10000.0,4,800,false
[B0FGJJBQXD],amzn1.campaign.YSF53GBD944U,320 Pcs Gumball Vending Machine Capsules,TANEMUDO,2025-09-30,2026-09-30,10.00%,5000.0,4995.7,8,800,false
"[B0FDQNXZ98, B0FDQFLRRB, B0FDQ66MBG, B0FDQB9DLX, B0FDQ7TL3V, B0FDQFHXF4, B0FDQ83CM8, B0FDQLGXC4, B0FDQ8DSR5, B0FDPZCTGD, B0FDQLWH3W, B0FDQBY26S, B0FDQ7PLDF, B0FDQBJYGC, B0FDQCD9KM, B0FDQ8CPX7, B0FDQBL1BN, B0FDQ8645V, B0FDQD7BL9, B0FDQCH4N6, B0FDQ82Y2Q, B0FDQBPGF6, B0FDQBT3K3, B0FDQ83X29, B0FDQC7G9F, B0FDQ82YP4, B0FDQLPGSJ, B0FDQ7FGC1, B0FDQBW4J3, B0FDQ77TRV, B0FDQ9DCVB, B0FDQ7WXZH, B0FDQBLQDW, B0FDQFC5BH, B0FDQBJG6S, B0FDQ89RH2, B0FDQBPKYP, B0FDQBMTKQ, B0FDQ5NXJL, B0FDQBVWNJ, B0FDQ8CBNL, B0FDQBWCCW, B0FDQBLPBD, B0FDQ83SKS, B0FDQBT115, B0FDQBZ96Z, B0FDQ7XRJB, B0FDQB9HFJ, B0FDQR7XFK, B0FDQBRH45, B0FDQPJNRN, B0FDQ7R7KB, B0FDQ7S2RK, B0FDQC97VH, B0FDQ8DKLM, B0FDQ6LZTX, B0FDQBFJL3, B0FDQ9GPLY, B0FDQCKZF1, B0FDQ9GPLQ, B0FDQ88SKZ, B0FDQ5Y5F1, B0FDQCHRJW, B0FDQ7Z8D9, B0FDQ7VKR1, B0FDQBN3NK, B0FDQQ5VDX, B0FDQBFC15, B0FDQFBSS8, B0FDQCMQJK, B0FDQMTSJ8, B0FDQBBBKF, B0FDQ88MC1, B0FDQQ5B5P, B0FDQBGZX3, B0FDQBL2N4, B0FDQ7PLMV, B0FDQBL2MY, B0FDQF9YYQ, B0FDQ9TJHR, B0FDQCQVZ1, B0FDQFGK32, B0FDQFGK2Q, B0FDQ9YGD6, B0FDQ81Q2Z, B0FDQBS6M2, B0FDQC5S9X, B0FDQPPQPC, B0FDQ84H8K, B0FDQ9ZBSS]",amzn1.campaign.2NSNYN62C42S3,Your Table Deserves This Bohemian Masterpiece 🌟,UWWGKK,2025-10-01,2026-10-01,10.00%,5000.0,5000.0,11,800,false
"[B0FDQNXZ98, B0FDQFLRRB, B0FDQ66MBG, B0FDQB9DLX, B0FDQ7TL3V, B0FDQFHXF4, B0FDQ83CM8, B0FDQLGXC4, B0FDQ8DSR5, B0FDPZCTGD, B0FDQLWH3W, B0FDQBY26S, B0FDQ7PLDF, B0FDQBJYGC, B0FDQCD9KM, B0FDQ8CPX7, B0FDQBL1BN, B0FDQ8645V, B0FDQD7BL9, B0FDQCH4N6, B0FDQ82Y2Q, B0FDQBPGF6, B0FDQBT3K3, B0FDQ83X29, B0FDQC7G9F, B0FDQ82YP4, B0FDQLPGSJ, B0FDQ7FGC1, B0FDQBW4J3, B0FDQ77TRV, B0FDQ9DCVB, B0FDQ7WXZH, B0FDQBLQDW, B0FDQFC5BH, B0FDQBJG6S, B0FDQ89RH2, B0FDQBPKYP, B0FDQBMTKQ, B0FDQ5NXJL, B0FDQBVWNJ, B0FDQ8CBNL, B0FDQBWCCW, B0FDQBLPBD, B0FDQ83SKS, B0FDQBT115, B0FDQBZ96Z, B0FDQ7XRJB, B0FDQB9HFJ, B0FDQR7XFK, B0FDQBRH45, B0FDQPJNRN, B0FDQ7R7KB, B0FDQ7S2RK, B0FDQC97VH, B0FDQ8DKLM, B0FDQ6LZTX, B0FDQBFJL3, B0FDQ9GPLY, B0FDQCKZF1, B0FDQ9GPLQ, B0FDQ88SKZ, B0FDQ5Y5F1, B0FDQCHRJW, B0FDQ7Z8D9, B0FDQ7VKR1, B0FDQBN3NK, B0FDQQ5VDX, B0FDQBFC15, B0FDQFBSS8, B0FDQCMQJK, B0FDQMTSJ8, B0FDQBBBKF, B0FDQ88MC1, B0FDQQ5B5P, B0FDQBGZX3, B0FDQBL2N4, B0FDQ7PLMV, B0FDQBL2MY, B0FDQF9YYQ, B0FDQ9TJHR, B0FDQCQVZ1, B0FDQFGK32, B0FDQFGK2Q, B0FDQ9YGD6, B0FDQ81Q2Z, B0FDQBS6M2, B0FDQC5S9X, B0FDQPPQPC, B0FDQ84H8K, B0FDQ9ZBSS]",amzn1.campaign.1262UJC3TQU9V,Is This The Most Versatile Home Decor Piece? 🤔,UWWGKK,2025-10-01,2026-09-30,10.00%,5000.0,4993.44,0,800,false
"[B0FKMR1TTV, B0FKM8JYGC]",amzn1.campaign.2LX67N9UEJUOM,New Upgrad 2-in-1 Lash Light for Eyelash Tech Time-Limited Sale,KALVISH,2025-10-01,2026-09-30,10.00%,10000.0,9987.35,4,800,false
[B0C6K6Z35T],amzn1.campaign.2JDVXPD8GOSPX,Free sample & Earn up to $13 per order! Chongker Stuffed Cat Backpack!,Chongker,2025-09-30,2026-09-30,15.00%,5000.0,4910.53,0,800,false
"[B0FKMR1TTV, B0FKM8JYGC]",amzn1.campaign.CVQOB1X2M3Y6,New Upgrad 2-in-1 Lash Light for Eyelash Tech Influencer Campaign Invitation,KALVISH,2025-09-30,2026-09-30,10.00%,100000.0,99987.5,4,800,false
[B0FJ88MT2F],amzn1.campaign.37XFYKP3DMG13,TRASH BAG 60 GAL - MADE IN THE USA - 12% commission,IUI,2025-09-30,2026-09-30,12.00%,50000.0,49946.14,0,800,false
"[B0FKB7XY4T, B0FKB6YWYR, B0FKB72TV6, B0FKBK7SHG, B0FKB6DCZJ, B0FKB8H5DS, B0FKB5JSR1, B0FKB71CQ3, B0FKBJHGNF, B0FKB8MXNF]",amzn1.campaign.1P29QEUYGB3YK,0572,Goimu,2025-09-30,2026-09-30,10.00%,5000.0,4427.3,0,800,false
[B0F9WWW9CT],amzn1.campaign.3FOGDYPBT3PML,Collaboration Opportunity – Promote Our High-Quality Condenser Fan Motor,JINGTAO88,2025-09-30,2026-09-30,10.00%,5000.0,5000.0,4,800,false
"[B0F3DLQ63L, B0F3DLXCYJ]",amzn1.campaign.UJP54FOYEZ3H,"12% Commission, Veise VE018 Keypad Smart Lock with knob&App Control",Veise,2025-09-30,2026-09-30,12.00%,5000.0,3619.18,0,800,false
"[B0B5255DCS, B0B526HT9B, B0C147XHRV, B0B528M5TB, B0C1489F43, B0C4GNVNDT, B0B527KF37, B0B525QDXT, B0B5257WJB]",amzn1.campaign.1JUHI4NJP8NHU,jelly bag,Woyiyaan,2025-10-01,2026-09-30,10.00%,5000.0,4997.9,0,800,false
"[B0BL7CG49L, B0C1NKH9FH]",amzn1.campaign.1077OIQJRV8LN,"12% Commission, Veise RZ07C Smart Locks for Front Door with 2 Knob Handle Set",Veise,2025-09-30,2026-09-30,12.00%,5000.0,4802.33,0,800,false
"[B0CKMV6HSB, B0CLL5229W, B0DJ53N16G, B0B882C84X, B0DJ53PH24, B0DJ52MPBF, B0DJ54TG7V, B0DJ52LF4P, B0CKMS7B64, B0DJ54DF5Y, B0DJ53CC2W, B0DJ53Q4DK, B0B882JSC7, B0CKMSZTGM, B0BC664913, B0CKMTCFLB, B0CKMTVK23, B09VXCY9WG, B09VX7B2L9, B0DJ54ZH5D, B0DJ52LF4H, B09W2F132Q, B0DJ53W5DX, B0B883C2QH, B0CKMTSTTY, B0DJ53HCN2, B0CLL3L6CR, B0CKMSS4ZV, B0B883DQL7, B09W2F4XGT, B0DJ54C9HR, B0CKMV7QMS, B0DJ546B4K, B0BC67CP7X, B0DJ54RTRN, B0DJ5294Y5, B0CKMS2HH2, B0CKMVBMKP, B0B87YQNMF, B0CKMX3JNH, B0DJ542WWL, B0CKMTHM87, B0CKMVJV51, B0DJ52KLVJ, B0CKMTQ3BL, B0DJ54DD46, B09VBPDPB7, B0DJ548647, B0DJ54532Y, B0CKMTDPBM, B0DJ53LTPZ, B0DJ54RTP2, B0CKMVL86T, B0B881Y831, B0CKMWPGQV, B0DJ542GQ6, B0CKMVCNR2, B0DJ54V5BJ, B0B87ZT6Q1, B0DJ531MYB, B0CKMTKKTX, B0CKMTCHBX, B0CKMTSRNX, B0DJ54CT3F, B0DJ53ZTSW, B0CKMVCNRD, B0CKMV3NMX, B09VX8Q68G]",amzn1.campaign.323M8WGTQ2X9L,Sway Bar Link,Stiueoav,2025-09-30,2026-09-30,10.00%,5000.0,4941.84,0,800,false
[B0FGJNH93N],amzn1.campaign.190FCZ3QZ32IL,2. Bring sunset's glow home - bubble sconces,Xiourcre,2025-09-30,2026-09-30,10.00%,5000.0,4945.0,0,800,false
"[B0F6L9BPY8, B0FK9X3ZVW, B0F6L5KJRL, B0FK9ST2VK, B0F6L876GM, B0FK9STXGC, B0FK9XCD9T, B0F6L72RJY, B0FK9WRBBR, B0F6L89BN1, B0F6L88DBC, B0F6L7YQ3H, B0F6L843FT, B0FK9S6WYX, B0F6L83C8Z, B0FK9YBZJH, B0F6L6WHJT, B0F6L9V6G5, B0F6L6PT95, B0F6L8YTMS, B0F6L9KHQL, B0FKB28C5K, B0F6L8Y4TB, B0FK9X2M3X, B0FK9WFVG1, B0F6L7D98H, B0FKB295VH, B0F6L8M6FY, B0FK9QV58K, B0FK9SLXS5, B0F6L84DCG, B0FK9T2BRR, B0F6L8528K]",amzn1.campaign.2L760MA2W04V2,ASC02141-women oversized tshirts 3 pack-15%,Arssm,2025-09-30,2026-09-30,15.00%,5000.0,4750.62,0,800,false
"[B0F6L9BPY8, B0FK9X3ZVW, B0F6L5KJRL, B0FK9ST2VK, B0F6L876GM, B0FK9STXGC, B0FK9XCD9T, B0F6L72RJY, B0FK9WRBBR, B0F6L89BN1, B0F6L88DBC, B0F6L7YQ3H, B0F6L843FT, B0FK9S6WYX, B0F6L83C8Z, B0FK9YBZJH, B0F6L6WHJT, B0F6L9V6G5, B0F6L6PT95, B0F6L8YTMS, B0F6L9KHQL, B0FKB28C5K, B0F6L8Y4TB, B0FK9X2M3X, B0FK9WFVG1, B0F6L7D98H, B0FKB295VH, B0F6L8M6FY, B0FK9QV58K, B0FK9SLXS5, B0F6L84DCG, B0FK9T2BRR, B0F6L8528K]",amzn1.campaign.3MWE9D42PIJ3Q,ASC02141-women oversized tshirts 3 pack-14%,Arssm,2025-09-30,2026-09-30,14.00%,5000.0,4981.94,0,800,false
"[B0F6L9BPY8, B0FK9X3ZVW, B0F6L5KJRL, B0FK9ST2VK, B0F6L876GM, B0FK9STXGC, B0FK9XCD9T, B0F6L72RJY, B0FK9WRBBR, B0F6L89BN1, B0F6L88DBC, B0F6L7YQ3H, B0F6L843FT, B0FK9S6WYX, B0F6L83C8Z, B0FK9YBZJH, B0F6L6WHJT, B0F6L9V6G5, B0F6L6PT95, B0F6L8YTMS, B0F6L9KHQL, B0FKB28C5K, B0F6L8Y4TB, B0FK9X2M3X, B0FK9WFVG1, B0F6L7D98H, B0FKB295VH, B0F6L8M6FY, B0FK9QV58K, B0FK9SLXS5, B0F6L84DCG, B0FK9T2BRR, B0F6L8528K]",amzn1.campaign.16FB9S15IRTG,ASC02141-women oversized tshirts 3 pack-13%,Arssm,2025-09-30,2026-09-30,13.00%,5000.0,5000.0,0,800,false
"[B0F6L9BPY8, B0FK9X3ZVW, B0F6L5KJRL, B0FK9ST2VK, B0F6L876GM, B0FK9STXGC, B0FK9XCD9T, B0F6L72RJY, B0FK9WRBBR, B0F6L89BN1, B0F6L88DBC, B0F6L7YQ3H, B0F6L843FT, B0FK9S6WYX, B0F6L83C8Z, B0FK9YBZJH, B0F6L6WHJT, B0F6L9V6G5, B0F6L6PT95, B0F6L8YTMS, B0F6L9KHQL, B0FKB28C5K, B0F6L8Y4TB, B0FK9X2M3X, B0FK9WFVG1, B0F6L7D98H, B0FKB295VH, B0F6L8M6FY, B0FK9QV58K, B0FK9SLXS5, B0F6L84DCG, B0FK9T2BRR, B0F6L8528K]",amzn1.campaign.1GZ09FKW18OOC,ASC02141-women oversized tshirts 3 pack-12%,Arssm,2025-09-30,2026-09-30,12.00%,5000.0,5000.0,0,800,false
"[B0F6L9BPY8, B0FK9X3ZVW, B0F6L5KJRL, B0FK9ST2VK, B0F6L876GM, B0FK9STXGC, B0FK9XCD9T, B0F6L72RJY, B0FK9WRBBR, B0F6L89BN1, B0F6L88DBC, B0F6L7YQ3H, B0F6L843FT, B0FK9S6WYX, B0F6L83C8Z, B0FK9YBZJH, B0F6L6WHJT, B0F6L9V6G5, B0F6L6PT95, B0F6L8YTMS, B0F6L9KHQL, B0FKB28C5K, B0F6L8Y4TB, B0FK9X2M3X, B0FK9WFVG1, B0F6L7D98H, B0FKB295VH, B0F6L8M6FY, B0FK9QV58K, B0FK9SLXS5, B0F6L84DCG, B0FK9T2BRR, B0F6L8528K]",amzn1.campaign.1CD62THR98307,ASC02141-women oversized tshirts 3 pack-11%,Arssm,2025-09-30,2026-09-30,11.00%,5000.0,5000.0,0,800,false
"[B0F6L9BPY8, B0FK9X3ZVW, B0F6L5KJRL, B0FK9ST2VK, B0F6L876GM, B0FK9STXGC, B0FK9XCD9T, B0F6L72RJY, B0FK9WRBBR, B0F6L89BN1, B0F6L88DBC, B0F6L7YQ3H, B0F6L843FT, B0FK9S6WYX, B0F6L83C8Z, B0FK9YBZJH, B0F6L6WHJT, B0F6L9V6G5, B0F6L6PT95, B0F6L8YTMS, B0F6L9KHQL, B0FKB28C5K, B0F6L8Y4TB, B0FK9X2M3X, B0FK9WFVG1, B0F6L7D98H, B0FKB295VH, B0F6L8M6FY, B0FK9QV58K, B0FK9SLXS5, B0F6L84DCG, B0FK9T2BRR, B0F6L8528K]",amzn1.campaign.3LS4X7Y9PY5C7,ASC02141-women oversized tshirts 3 pack-10%,Arssm,2025-09-30,2026-09-30,10.00%,5000.0,5000.0,9,800,false
"[B0F1C1HX9R, B0F1BSZBVG, B0F1C1XTKD, B0F1CDXJ71, B0C6Y961Z6, B0F1C4JTK3, B0F1BS6CLJ, B0C6Y7S1NJ, B0F1BSLQ1Y, B0F1CBQ57L, B0F1C3MC6R, B0C6Y9HJDR, B0F1C3LK3C, B0F1C3LK3D, B0F1BWJMMH, B0F1BXVX9B, B0F1C6M69K, B0F1C4RXSC]",amzn1.campaign.6EG89XAUXCO7,810 冰条灯,HRANBOTY,2025-09-30,2026-09-30,10.00%,5000.0,4910.3,15,800,false
"[B0C6Y781BL, B0F1CBGS93, B0F1BX6ZYB, B0F1CGLD91, B0C6KY7QKZ, B0C6KTPBGT, B0F1C2F2XZ, B0F1CBQ57G, B0F1CDB1JW, B0F1C21MYP, B0C6KSWYX6, B0F1CLPGGN, B0F1CGW9KD, B0F1CGR5ZV, B0F1BS6KM3, B0F1BX5BC6, B0F1BXLX4M, B0C6KX7299, B0F1BSQ6DZ, B0F1CH8NLK]",amzn1.campaign.14CIXBN34PS7D,670 冰条灯,HRANBOTY,2025-09-30,2026-09-30,10.00%,5000.0,4976.42,0,800,false
"[B0F1CJ5MZN, B0F1CJXP5Y, B0F1CJXHYF, B0F1CM96F7, B0F1CJQ53L, B0F1CN1SG5, B0F1CHZGL3, B0F1D2M7NW, B0F1CHNNBK, B0F1CKGWW3, B0F1CJV4LP, B0F1D2ZNYK, B0F1CN6NX4, B0F1CJBVZR, B0F1D2GNFH, B0F1D16GPR, B0F1CDJYCR, B0F1CJ67DD, B0F1CMDFZH, B0F1D1T37Y, B0F1CJZBZH, B0F1D2WD6M, B0F1CHP3LX, B0F1D2YKC6, B0FM86FBSG, B0F1D3VKMF, B0F1D12N4W]",amzn1.campaign.1U70703C4K7UA,1500 墨绿线灯串,HRANBOTY,2025-09-30,2026-09-30,10.00%,5000.0,4964.3,0,800,false
"[B0F1D14J2R, B0F1CHXXT3, B0F1D5P86F, B0F1CXMLJY, B0F1D2B72K, B0CRQZJYGX, B0F1CMT7XY, B0F1CXKY9Z, B0F1CXN21R, B0CRQYWMGC, B0F1D2FQF6, B0F1CMXN1N, B0F1D5L2JC, B0CRQZWBK9, B0F1CMGWFS, B0F1D1R2XF, B0F1D329RL, B0F1CJBGBL, B0F1CMMZC2, B0F1CK9HZD, B0CRQYG667, B0F1CZXQZP, B0F1CGFB9B, B0F1D3JR9S, B0CRQZJN4Y, B0F1CJHZLY, B0F1D5P869, B0CRQZ61ZZ, B0F1D2SPDN, B0CRQZDJVP, B0F1CJXHYJ, B0CRQYQHCS, B0F1D2S26R, B0F1D21ZT9, B0CRQYZ5L3, B0F1CJRNDP]",amzn1.campaign.37JUAW0DODCRY,1500 透明线灯串,HRANBOTY,2025-09-30,2026-09-30,10.00%,5000.0,4945.82,0,800,false
"[B00Y9KYZJ4, B01IZZ3TPO, B086G9MB4B, B086GJ3CTB, B01C5F3RB6, B086GNHTGJ, B087Q6S4FR, B086GQ7V9F, B01C5F3OLY, B01C5F3Q9E, B01IZZ3STG, B07D36Z1QF, B087Q6PF3Y, B00YYFO0XK, B00ZCZ9XOM, B01C5F3N2E]",amzn1.campaign.2TPBIVL3LZSXB,📣 YX8002 – Join YIANNA Waist Trainer Collab – 💰15% Commission + Free Product,Slimfaja,2025-09-30,2026-09-30,15.00%,5000.0,4895.01,0,800,false
"[B0FMDBWW3G, B0FMDRX3TJ]",amzn1.campaign.1J9GDLMSBW5M0,Senyshilon Crystal Chandeliers Promotion Plan,Senyshilon,2025-09-30,2026-09-30,15.00%,5000.0,5000.0,3,800,false
"[B0BX9BL5PF, B0B8S4X3TC, B0DQ3JMMX6, B0CF57JFG3, B0D2HJLD1M]",amzn1.campaign.238KH55CKWPSP,Senyshilon Black Wagon Wheel Chandelier Promotion Plan,Senyshilon,2025-09-30,2026-09-30,15.00%,5000.0,5000.0,0,800,false
"[B0CGZTYB14, B0DT6SBVRZ, B0CSN7XNTF, B0BFGQT31J]",amzn1.campaign.3AXHNDJ7TK29K,Senyshilon Farmhouse Chandeliers Promotion Plan,Senyshilon,2025-09-30,2026-09-30,15.00%,5000.0,5000.0,0,800,false
[B0FGXQXQYQ],amzn1.campaign.3JLWOKOCMOJ1N,ASMAX T30: Mini Electric Bike Pump|+ 10% Commissions +500*2mAh/120PSI/Auto Stop,ASMAX,2025-09-30,2026-09-30,10.00%,5000.0,4964.95,0,800,false
"[B0FL7CTCST, B0FL77YRQG]",amzn1.campaign.4ITPAZV74KI6,Limited Time Campaign for 6 Pack Reusable Microfiber Mop Pads,awrose,2025-09-30,2026-09-30,10.00%,5000.0,4931.13,0,800,false
"[B0DR36FY8P, B0DR35GD31]",amzn1.campaign.35X3MTIUF74VM,13x4: 14-18+12 16-20+14,Fashowbeauty,2025-09-30,2026-09-29,10.00%,100000.0,100000.0,0,800,false
"[B0F2F2NG7H, B08LD2CCW5, B0C5GRFQFQ, B076H193L2, B0C27NGXMF]",amzn1.campaign.3LJIQ8G3WS9V4,创作者计划,SWYIVY,2025-09-30,2026-09-30,10.00%,5000.0,4881.26,3,800,false
"[B0DSVXZBF8, B0DHXKCXS5, B0DSVXRMQ3, B0DHXHZMZM, B0F13KZTSH, B0F13HSWXK, B0F13NYB4P, B0F13M28ZP]",amzn1.campaign.13PYV7D2NY4UV,15% Commission Crystal Chandeliers Promotional Program,NISIDUN,2025-09-30,2026-09-30,15.00%,5000.0,4870.7,0,800,false
"[B0FLVQCYQR, B0FLVQXRGH, B0FLVR19D9, B0FLVQNK78, B0FLVRVFB4, B0FLVS9QL1, B0FLVTC5VM, B0FLVTPSTB, B0FLVQJSP7, B0FLVR3YX3, B0FLVV9PCZ, B0FLVSPB32, B0FLVSPBMJ, B0FLVRGJGQ, B0FLVS7P6C, B0FLVRG2XV, B0FLVSY92H, B0FLVR9NPK, B0FLVRJRJ8, B0FLVQRYPR, B0FLVQ8T9D, B0FLVRK2D7, B0FLVS4WWJ, B0FLVQ4K41, B0FLVRLMTL]",amzn1.campaign.U2ASA21EXSKY,B9N954-Yousify Womens Ski Suit One Piece Snowsuit,Yousify,2025-09-30,2026-09-30,10.00%,5000.0,4309.53,0,800,false
"[B0DLGP2R6T, B0DQW2CXJG]",amzn1.campaign.3J97SB454NRBE,15% Commission Black Chandelier Promotional Program,LIGHTDAMY,2025-09-30,2026-09-30,15.00%,5000.0,5000.0,2,800,false
"[B0DB88HKWM, B0DBZ7P98Q, B0FHH8LXSQ, B0FHHB4P4G, B0FHHCJH2G, B0D7HL3DKZ, B0CBR5PKM2, B0DBZ99X2T, B0DS27JKRW, B0D7HKVDF1]",amzn1.campaign.2WARS5TRWWA8O,15% Commission Dining Room Chandelier Promotional Program,LIGHTDAMY,2025-09-30,2026-09-30,15.00%,5000.0,4853.46,0,800,false
"[B0F6K78GNX, B0F62GFBMP, B0F62HT575, B0F628874N, B0DXV8RFFJ, B0F6K9LBF4, B0DRGCN78Z, B0DX6LSVTX, B0F61XHZYD, B0DRGC8QJ2, B0DX6HTKH3, B0DXV5LGH5]",amzn1.campaign.2UGRQ5YJKTXI6,C Shaped Couch Table 15%,WUGCHDA,2025-09-30,2026-09-30,15.00%,5000.0,4946.75,0,800,false
"[B092PYKGV2, B092PVKYG1]",amzn1.campaign.39Z56K6ERBNW,15% Commission Sputnik Chandeliers Promotional Program,LIGHTDAMY,2025-09-30,2026-09-30,15.00%,5000.0,4968.97,0,800,false
"[B0DFM6BPLQ, B0DLKR1C9X, B0DS29K2PD, B0DHZR2X9D, B0F29325FV]",amzn1.campaign.3H2EIC44VNQLW,15% Commission Farmhouse Chandelier Promotional Program,LIGHTDAMY,2025-09-30,2026-09-30,15.00%,5000.0,4958.0,0,800,false
"[B0F62GFBMP, B0F6K78GNX, B0F62HT575, B0F628874N, B0F6K9LBF4, B0F61XHZYD, B0DRGC8QJ2, B0DRGCN78Z]",amzn1.campaign.3L4GV9HY5I2CE,沙发边桌15%,WUGCHDA,2025-09-30,2026-09-30,15.00%,5000.0,4893.58,0,800,false
"[B0C77RF2TS, B0DZHB5PXX, B0D52GPSGH, B09M36V44B]",amzn1.campaign.23A7WF5QH22WW,Gifarich Rustic Style Black Dining Room Chandelier Promotion Plan,Gifarich,2025-09-30,2026-09-30,15.00%,5000.0,4779.28,0,800,false
"[B0F8HBDSTV, B0F8HFQX3X, B0F8HFLMD6]",amzn1.campaign.3E0CBD9BHDCBZ,Gifarich Rustic Style Gold Dining Room Chandelier Promotion Plan,Gifarich,2025-09-30,2026-09-30,15.00%,5000.0,4896.66,0,800,false
"[B0D97WM1KP, B0FKST6M3K, B0DCF8VQDF, B0DBV8WQ9G, B0CMC16SKG, B0DDXNCWPT]",amzn1.campaign.2FZLGRXRP5KXH,Gifarich Empire Style Chrome Crystal Dining Room Chandelier Promotion Plan,Gifarich,2025-09-30,2026-09-30,15.00%,5000.0,5000.0,0,800,false
"[B0FKT3NYZD, B0DCFYCXS8, B0DBV28M3H, B0D97XJ87Z, B0C4XHSR1X, B0DDXWNNHS]",amzn1.campaign.2Z1Y3T2WDF0KL,Gifarich Empire Style Gold Crystal Dining Room Chandelier Promotion Plan,Gifarich,2025-09-30,2026-09-30,15.00%,5000.0,4976.0,0,800,false
"[B0FP4C9FKD, B0FP4CPFWX, B0FQHZGZ17, B0FP4FYQCP, B0FQJ2ZGZ4, B0FQH5BPN3, B0FQHYJY5T, B0FQHG5BT2, B0FP4C93NL, B0FQJ856CL, B0FQJ39PPC, B0FP4C7T4K, B0FP4CMM4Y, B0FQH5C2NZ, B0FQJ3531X, B0FP4CJ4QK, B0FP4CPR9W, B0FP4DLWR7, B0FQJ35325, B0FQJ725FQ, B0FQHRT5VF, B0FQH81HLG, B0FP4F1MYF, B0FQHPTPLL, B0FP4DWXQK, B0FQHXG1MG, B0FQJ2FHGB, B0FQHCBHHC, B0FQJ7NP2X, B0FP4CH27L, B0FQHYLL2M, B0FQHCBHH8, B0FP4DKF1C, B0FP4CL4TR, B0FQHZTW48, B0FP4FJ964, B0FP4DHPBN, B0FP4CMC5Y, B0FQH58LGW, B0FQJ8V71V, B0FP4FN7C2, B0FP4CF98T, B0FP48B4JY, B0FP4C6Z99, B0FP4DP7D5, B0FQHS88VP, B0FP4DXT58, B0FQJ89KSC, B0FP4CFNNW, B0FP4FHQPL, B0FP4HHHJP, B0FQHST1J4, B0FP4DLX13, B0FQHCJPDX, B0FQJ9KM14, B0FQJ2WXM8, B0FQHYWZCD, B0FQJ83BGG, B0FQHG2WY5, B0FP4DWSWJ, B0FQJ7YS5X, B0FQHRRR2B, B0FP4CCFYL, B0FP4FC1VS, B0FQHQSSR4, B0FP4DY5HF, B0FP4GC1M7, B0FQJ6Q3LL, B0FP4DRP6L, B0FP4D4Z7L, B0FQJ366PS, B0FQHCJPF1, B0FP4CRRWT]",amzn1.campaign.3MZYIO47RP9UU,Influencers Wanted! Promote Our Women's Running Sneakers – Let's Collab!,ODIPON,2025-09-30,2026-09-30,10.00%,5000.0,4910.52,0,800,false
[B0FPF5ZW79],amzn1.campaign.3B1Y7EU3V6146,TechKen Digital Calendar 874W,TechKen,2025-09-30,2026-09-30,12.00%,5000.0,4905.48,0,800,false
[B0FQJK5XC4],amzn1.campaign.ISYCL47E4MKI,Gladdon Moda  Quilted Chain Strap Shoulder Bag 37619,GLADDON MODA,2025-09-30,2026-09-30,12.00%,88888.0,88888.0,0,800,false
[B0D76B5QJV],amzn1.campaign.4YBH428UUE94,Metal Lizard Wall Decor,LIFFY,2025-09-30,2026-09-30,10.00%,5000.0,4949.23,0,800,false
"[B0FQJFSNT6, B0FQJJT33F, B0FQJKN9XV, B0FQJKGD7Z]",amzn1.campaign.389UDY632WZ0Z,GLADDON MODA Multi Pocket Shoulder Purses 40202,GLADDON MODA,2025-09-30,2026-09-30,12.00%,8888.0,8888.0,0,800,false
"[B0D9JJDNCV, B0D9JC9L92, B0BTSMJ8YP, B0833V6J9Z, B0BTSN63MV, B07SWZS6G5, B0BTSMHKVR, B0BTSMYT15]",amzn1.campaign.3ULJIMEY3R6PM,Gladdon Crossbody Bags for Teen Girls Small Fashion Preteen Purses 22670,Gladdon,2025-09-30,2026-09-30,12.00%,22670.0,22670.0,0,800,false
[B0FHK738XJ],amzn1.campaign.36RFLPTXS66WC,"2025 Upgraded Tracker Tag (Price: $39.99 | 20% Commission | $5,000 Budget)",PAKCQNH,2025-09-30,2026-09-30,20.00%,25000.0,7789.43,0,800,false
"[B0DG83NPJR, B0DG8BVLFD, B0F32GVNRY, B0DG7WJKBN, B0F32G3HK1]",amzn1.campaign.3VT7X9RBDE78Z,Gladdon Small Leather Crossbody Purse for Women with Top Handle 30694,Gladdon,2025-09-30,2026-09-30,12.00%,30694.0,30694.0,0,800,false
"[B0D3DSTDSG, B0DCJ7TNPX, B0CWQ8353R, B0DPPWV3RK, B0CWQ6FJQ5, B0CWNWY3HV]",amzn1.campaign.3LK6XK2XSJ9BC,Gladdon Quilted Crossbody Purses for Women Small Ladies Shoulder Bags 41336,Gladdon,2025-09-30,2026-09-30,12.00%,41336.0,41295.13,0,800,false
"[B0FRFW7237, B0FRFR4X92, B0FRFTS6J1]",amzn1.campaign.2PDJ1RXB4BKV2,15.99指甲剪,YAUNJI,2025-09-30,2026-09-30,40.00%,999999.0,999912.65,0,800,false
"[B0DQXRLTW4, B0B38NZ18B, B0CH9HQB43, B08Z3QVCXM, B0C77MX13H, B09CDDBVDX, B0CSN3KZTW, B0D2VMM9JG, B0DQXLMJ1C, B0DS221PVP, B0DQXN4285, B0DQXMXJKN, B0DQXPGBC9, B0DQXN5F64, B08Z35NN2V, B0DQXPB73L, B0DQXNDSFD]",amzn1.campaign.30N3LOQB541GC,Gladdon Quilted Crossbody Purse for Women Trendy 36065,Gladdon,2025-09-30,2026-09-30,12.00%,36065.0,36036.22,0,800,false
"[B0FRN3VJQ4, B0FRN3THWX, B0FRMZKTRB, B0FRN38T5V, B0FRMZG11G]",amzn1.campaign.350WV8KUPV4TC,25.99开蛋器,YAUNJI,2025-09-30,2026-09-30,40.00%,999999.0,999912.3,0,800,false
"[B0B5R722X6, B0F3CZB9B8, B0F8HSZMP4, B09SCZNL4J, B0F8HSCVYJ, B09Y8FQWDP, B0CXP7191V, B09WHQFKHV, B09PXVHCQC, B0CXPYYD6Z, B0C1NMDX7P, B09S67GG16, B09VL485SB, B0DHPBLGLQ, B0DHPH74L7, B0CXPW66MG, B0CGQZKPJK]",amzn1.campaign.7Y3M2X374TJJ,Promote Ranrose's Premium Press-On Nails ✨ 10% Earnings,ranrose,2025-09-30,2026-09-30,10.00%,5000.0,4996.05,0,800,false
"[B0FRMMCNRT, B0FRMX99Q7, B0FRMXN89X, B0FRN41XBD, B0FRMZKJ1Z]",amzn1.campaign.15PGVC67WDJ0T,6.99开蛋器,YAUNJI,2025-09-30,2026-09-30,40.00%,999999.0,999773.29,0,800,false
"[B0CSD64J63, B0CSD3SXC8, B0CSCW9DN2, B0CSDCNTF5, B0CSCZ522L, B0DX1MHT1Z, B0DRVGMMRM]",amzn1.campaign.IAPCNZO5OJYU,Gladdon Small Crossbody Bags for Women Leather Shoulder Purses Vegan 36063,Gladdon,2025-09-30,2026-09-30,12.00%,36063.0,36050.04,0,800,false
"[B0FP1Q3H5Z, B0FNWMK4ST, B0FP1W3JY9]",amzn1.campaign.1VA5S7M95MDA5,B0FNWQFFQT New Product: OZERO Winter Fleece Beanie 20250928,OZERO,2025-09-30,2026-09-30,10.00%,5000.0,4971.6,0,800,false
[B0DWK6BQYR],amzn1.campaign.1YO1TXNOQYTPB,29 Pcs Under Scarf Hijab Cap Stretch Solid Color Women Dreadlock Cap,TANEMUDO,2025-09-30,2026-09-30,10.00%,5000.0,5000.0,0,800,false
[B0F8VS62GX],amzn1.campaign.2DG5UKDIQ2P6S,HERTURTI-NE07,HERTURTI,2025-09-30,2026-09-30,10.00%,5000.0,3493.46,0,800,false
"[B0FQJNTCWL, B0FQJNS5Q1]",amzn1.campaign.35SSKODBCKJM9,睫毛膏9.98,YAUNJI,2025-09-30,2026-09-30,40.00%,999999.0,999947.6,0,800,false
"[B0FQJD5LDG, B0FQJJGZ15, B0FQJDSMN2]",amzn1.campaign.39RXJMFERS0RH,GLADDON MODA Black Ruched High Leather  Handbag 37557,GLADDON MODA,2025-09-30,2026-09-30,12.00%,88888.0,88888.0,0,800,false
[B0D3LJ61F4],amzn1.campaign.1EJNO6DT9WJXH,Tisestence Apple Cider Vinegar Gummies - 60 Gummies,Tisestence,2025-09-30,2026-09-30,10.00%,5000.0,4983.69,0,800,false
[B0D9B8ZQL6],amzn1.campaign.1M6N6QFOJJ6XN,Gladdon Tassels Crossbody Bags for Women Medium Size 37318,Gladdon,2025-09-30,2026-09-30,15.00%,37318.0,37318.0,0,800,false
[B0F4N94NF2],amzn1.campaign.84IZA4ZM95AL,$100w+Collapsible Shopping Cart+1 Month,ZTTHH,2025-09-30,2026-09-30,10.00%,50000.0,49525.7,0,800,false
"[B0FHQPZ7B6, B0FHQSB9BV, B0FHQQ933F, B0FHQPH2Q4, B0FHQSZWY6, B0FHQPPD5F, B0FHQR1LTH, B0FHQPTD5J, B0FHQPZ8V8, B0FHQR6HMF, B0FHQR6CRP, B0FHQRK4FP, B0FHQLYSTK, B0FHQT283K, B0FHQQ2S2L, B0FHQQQ3R2, B0FHQLXKPQ, B0FHQQDWHB, B0FHQQPXQL, B0FHQS7RNG]",amzn1.campaign.MCPWPX1ZM74G,N5G317-Yousify Womens Thermal Underwear Sets,Yousify,2025-09-30,2026-09-30,20.00%,5000.0,4806.53,0,800,false
[B0CKHP6XD1],amzn1.campaign.350VM78WJI9TK,RSETU 300 Billion CFU Probiotics for Women/Men - 60 Capsules,RSETU,2025-09-30,2026-09-30,10.00%,5000.0,4991.75,0,800,false
[B0CTFDHFH6],amzn1.campaign.343N4BHVA66K5,Seinpraing Magnesium Gummies for Adults - 120 Gummies,Seinpraing,2025-09-30,2026-09-30,10.00%,5000.0,4907.76,0,800,false
"[B0FLQ5XDQZ, B0FLQ28GMZ, B0FLQ26S4C]",amzn1.campaign.174WSR6SC4JU0,B0FLQCXXSM New Product: OZERO Winter Thermal Knitted Hat 20250928,OZERO,2025-09-30,2026-09-30,10.00%,5000.0,4948.71,0,800,false
"[B0FHWFN47M, B0FHWG6TWD, B0DT9HNCQ8, B0DT9MG395]",amzn1.campaign.3Q3TCP5E0K2YM,QKOQKO Speedy Tail 2.0 Interactive Cat Toy,QKOQKO,2025-09-30,2026-09-30,10.00%,5000.0,5000.0,0,800,false
[B0BG4C41W5],amzn1.campaign.2CSMD2HBS2VKN,$13 per order & Free sample! Chongker Handmade Weighted Plush,Chongker,2025-09-30,2026-09-30,15.00%,5000.0,4860.55,0,800,false
[B09PQHC9BP],amzn1.campaign.33K412CYLRG5R,$13 per order & Free sample! Chongker Handmade Weighted Plush,Chongker,2025-09-30,2026-09-30,15.00%,5000.0,4802.94,0,800,false
"[B0FLJXRGW5, B0FLJYVS27, B0FLJWMLFK, B0FLJXV36L, B0FLJVJ29B, B0FLJWMQJG, B0FLJXHX16, B0FLJY1XL5, B0FLJWWHG5, B0FLJWPFLD, B0FLJZGGN1, B0FLJYF4Y8, B0FLJTZ92C, B0FLJZSM57, B0FLJXNSWQ, B0FLJVNFDQ, B0FLJWYWQP, B0FLK21FJ1, B0FLJV7RWV, B0FLJVFR9Q, B0FLJXXZCN, B0FLJYVCH7, B0FLJWKVM9, B0FLJYNLGB, B0FLJV69FW, B0FLJW2XKK, B0FLJWTNHT, B0FLJXGKGP, B0FLJWJLPP, B0FLJZ8KK8, B0FLJW1DTT, B0FLJZDF58, B0FLJV5QD7, B0FLJWP64P, B0FLJX7JBM, B0FLJYKDPJ, B0FLJXPVC9, B0FLJXT897, B0FLJRSR82, B0FLJWR9KV, B0FLJV5P7Y, B0FLK1YH9J, B0FLJWLVFT, B0FLJX9KQT, B0FLJYPNNJ]",amzn1.campaign.3F4XUDCI5JLPC,New Arrival! Creamluxe Flare-Cuffed Leggings — Yoga Sweatpants with Pockets,POSHDIVAH,2025-09-30,2026-09-30,10.00%,5000.0,4982.5,0,800,false
[B0FF8ZGMTV],amzn1.campaign.HJO4QBLEZ4X2,LUXNOVAQ+A08 UV FLASHLIGHT+10%,LUXNOVAQ,2025-09-30,2026-09-30,10.00%,5000.0,4821.63,7,800,false
"[B0F4R48ZJS, B0F4R4KM5S]",amzn1.campaign.15D81NHIICRHW,Due Date Card Book Club Vintage Beverage Napkins Decorations Book Lovers Gifts,Cert Leidis,2025-09-30,2026-09-30,10.00%,5000.0,5000.0,0,800,false
"[B0DZMMTLNM, B0DZMRVX3D, B0DZMLWHT8]",amzn1.campaign.1MDQB3QMSAZ7O,Air Fryer Trivets Silicone for Ninja Crispi,Cert Leidis,2025-09-30,2026-09-30,10.00%,5000.0,4994.01,0,800,false
"[B0DR8N79FG, B0DWXKWPNT, B0DWXJBNPH]",amzn1.campaign.2XKCZNHC0BQ1C,Magnetic Seam Guide for Sewing Machine,Cert Leidis,2025-09-30,2026-09-30,10.00%,5000.0,4991.32,0,800,false
"[B0FJFBZJS9, B0DK9WDHH4, B0F9JWC4T3, B0DWXFZ5WT, B0DYHTPXB3, B0DQ6X58DR, B0FJFFNK6R, B0FJFDY46K]",amzn1.campaign.XF22OTY00H1J,"Sensory Activity Board, Silicone Sensory Fidget Toy for Kids",Cert Leidis,2025-09-30,2026-09-30,10.00%,5000.0,4985.48,0,800,false
"[B0FKGBHPY8, B0FKFYRHN9]",amzn1.campaign.2QE8WNX9HCBFR,Cozy Cat Sleeping Bag: A Must-Have for Burrow-Loving Pets!,CHULPET,2025-09-30,2026-09-30,15.00%,5000.0,4912.89,0,800,false
"[B0FN7M7ZKG, B0FN7P43J4, B0FN7NLDN4]",amzn1.campaign.GADC1OWI51MG,12 in 1 Accessories Set for Playstation Portal Remote Player,Auarte,2025-09-30,2026-09-30,18.00%,5000.0,4876.25,0,800,false
"[B0CKJ94V9J, B0DFQ22CZY]",amzn1.campaign.2DDYV1M8Z0SJC,Boho Rainbow Sun Rising on the Horizon Geometric Nature  Line Wall Decor,Ploceiny,2025-10-01,2026-09-30,10.00%,10000.0,9965.65,0,800,false
"[B0FBRNW2S3, B0FBRM4F9R, B0FBRKJD3J, B0FBRNZVWH, B0FBRLFLNH]",amzn1.campaign.1GQCGQTT5EX5F,"Little Ouchies Pain Fidget, Pain Stim Fidget Toy for Adults",Cert Leidis,2025-09-30,2026-09-30,10.00%,5000.0,4998.58,0,800,false
[B0FC6CGHGR],amzn1.campaign.2L3VEWS8J5KKI,YLQ001,YYHHZZ,2025-09-30,2026-09-30,10.00%,5000.0,5000.0,6,800,false
"[B0FGK2X7W9, B0FGJZ96LX]",amzn1.campaign.1170HG7O0QVNS,Plush Gel Pens Set | Cute Gifts Smooth Writing | 10% Commission | Christma Gift,Pipigaty,2025-09-30,2026-09-30,10.00%,5000.0,4946.19,0,800,false
[B0F5W1XVLW],amzn1.campaign.1RYGQ4ETG57E4,SKU0002,YYHHZZ,2025-09-30,2026-09-30,10.00%,5000.0,4992.72,0,800,false
[B0FKG8FKYS],amzn1.campaign.102EYQZ0WKTAY,【2 PCS】Onion Slicer Holder,WELLFAR,2025-09-30,2026-09-29,20.00%,50000.0,49998.2,0,800,false
[B0F5VZ3J9Z],amzn1.campaign.35C5ODMDWOB9V,SKU0001,YYHHZZ,2025-09-30,2026-09-30,10.00%,5000.0,4998.11,5,800,false
"[B0CJC243M6, B0F3D1J7QM, B0F4DJVDYF, B0FHB5GKHG, B0FH512G9R, B0F9WHR48K, B0DG2PWDDF, B0F8Q3B3RV, B0FMJJFQM2, B0CJC2S2DN, B0FDQRVRF7, B0F4CRQK4Q, B0BQJ1G418, B0B9RZSRPD, B0F4DHSN4X, B0FM7HBGH6, B0CJC2WHN6, B0FM7FH9F9, B0F9VR974M, B0CJC243X5, B0CZ6W51F8, B0CJC1RCVV, B0FL73PKJC, B0CX93CDDX, B0F9K12YSG, B0F8HXC43L, B0BQJ1YGY9, B0FM71893F, B0FGXYV85Y]",amzn1.campaign.3B119NPR0MUS6,🤝Join Havato’s Affiliate Program—Earn Commission This Holiday Season!,Havato,2025-09-30,2026-09-30,10.00%,500000.0,498609.53,0,800,false
"[B0DLJGV61B, B0B1Q3183T, B0DP8C39J4, B0DP8DL5YC, B0DLJGV3HH, B0DP8FVYW8, B0B1Q295B6, B0B1Q48BST, B0DLJJTQS4, B0B1Q4FQWN, B0DP8FCF16, B0B1Q5LRWY, B0DLJDP4WW, B0B1Q31SBJ, B0DP8FSHWX, B0DLJGH5GY, B0CSJF3JF3, B0B1Q3LCKN, B0DLJH3Z1L, B0B1Q4MQSX, B0DP8FDBSR, B0DLJJSTBF, B0DP8FXW92, B0DLJJGWGS, B0B1Q4WK4Z, B0CSJJZMHW, B0B1Q57X9R, B0DP8FC2GC, B0CSJP68XT, B0DLJHGHX4, B0DLJHF94C, B0B1Q8JF8F, B0B1Q447WB, B0B1Q58PKP, B0DP8FQY5N, B0CSJQYQHG, B0B1Q3S4F9, B0B1Q4HYCN, B0B1Q2BT25, B0DLJFXD12, B0DLJH1NMG, B0B1Q4H53X, B0B1Q2G725, B0B1Q5PKPZ, B0B1Q4FQ8X, B0B1Q4H4RQ, B0B1Q3SXTS, B0DP8FCNL5, B0B1Q47CRQ, B0B1Q1Z8CV, B0B1Q44LYP, B0B1Q3NGFZ, B0DP8D9J6L, B0CSJRQSMP, B0DLK9V21H, B0DP8FVDQ6, B0CSJXPMSB, B0B1Q3N64W, B0B1Q3NMK5, B0DP8F1XR2, B0DP8FDXQM, B0DP8DZBN4, B0B1Q34DNN, B0DLJK58QY, B0DLJHDXZM, B0CSJX7FFM, B0B1Q2XW4M, B0B1Q43QRZ, B0B1Q2BLR7, B0DLJBY78S, B0DP8DV9X3, B0DP8DG385, B0DLJC12VF, B0DP8FH3Y3, B0CSJZ34JR, B0B1Q4ZV88, B0B1Q4HR61, B0B1Q32W5N]",amzn1.campaign.155QMPFGFW2IV,FREE SAMPLE+commission+Suplight Infinity Knot Wedding Band Rings💖💍+B0FHL14TYN,Suplight,2025-09-30,2026-09-30,10.00%,5000.0,4963.09,0,800,false
"[B0FSKV63SN, B0FSKW8LPN, B0FSKP9F96, B0FSKNGQ6D, B0FSKTYDJT, B0FSKT8L46, B0FSKTCZ6C, B0FSKT72D4]",amzn1.campaign.237CZRK1HGIQV,Electric Nail Clipper,DSACL,2025-09-30,2026-09-30,30.00%,5000.0,4978.13,0,800,false
[B0DQKPF8QP],amzn1.campaign.2Y6XJHOEY8LBW,PCR100A  sleek yet sturdy laptop stand- 15% commission,HC,2025-09-30,2026-09-26,15.00%,5000.0,4964.9,0,800,false
"[B0DRY2YY8G, B0DFC9YJWV]",amzn1.campaign.JEU7AZ6A51NW,🌟【Prime Day Activity】Philips Rechargeable Flashlights with Ignition Lens,PHILIPS,2025-09-30,2026-09-30,10.00%,5000.0,5000.0,0,800,false
[B0FP5C8TSS],amzn1.campaign.BRUZ11248RQU,$10 Off Lauxery’s Rotating Shelf for a Tidier Workspace,Lauxery,2025-09-30,2026-09-29,10.00%,5000.0,5000.0,6,800,false
[B0FP5C8TSS],amzn1.campaign.39KK5DIU6G090,$10 Off Lauxery’s space-saving Rotating Bookshelf,Lauxery,2025-09-30,2026-09-30,10.00%,5000.0,5000.0,0,800,false
"[B0DWMBYDHY, B0CKQTS2FT, B0CTYH885T, B0C9THQR2C, B0CTYG65ZX, B0CDWKYQT5, B0CGNNK7XL, B0DKP1W4HD, B0CGRTTK68, B0CLTRZ5KX, B0CTYGVNYW]",amzn1.campaign.RQLUGHGZ7PBJ,"WOOVIVS Major Limited-Time Sale!!! 💥💥💥Huge Commissions, Come Come❤️❤️",WOOVIVS,2025-09-30,2026-09-30,10.00%,5000.0,4839.6,0,800,false
"[B0FNJ4S52G, B0FKGPSGCJ, B0FJLSS1XC, B0FDB7QHGT]",amzn1.campaign.3ECZUWEKPV7ML,🚀 NEW SKYFIRE Survival Flashlight - 50% OFF Launch Deal!,SKYFIRE,2025-09-30,2026-09-30,10.00%,5000.0,4988.11,0,800,false
"[B094TTRRP4, B0B3N2L6M5, B0B3N11KXW, B0B3MYCGWZ, B0B3N3BC7N, B094TTPC2Q, B094V5XVJD, B0B3N266KT]",amzn1.campaign.APZSQBLXOSOG,Secretly Sexy: Sheer Mesh That Stays Comfortable,KUKU PANDA,2025-09-30,2026-09-30,11.00%,20000.0,19997.8,0,800,false
"[B0DM7T5HL3, B0D49JG54B, B0DM7S7P2W]",amzn1.campaign.2EE3OFDFPLIL9,Grentay Super Bright Rechargeable Flashlights,Grentay,2025-10-01,2026-09-30,10.00%,5000.0,4902.43,0,800,false
"[B0FB95VC27, B0FNJ4S52G, B0F93P7ZN4, B0DFBYR6QC, B0FJLSS1XC, B0DDXRRY33, B0FDB7QHGT]",amzn1.campaign.3NO7SVT7NVCI9,✨Limited-Time Autumn Sale! Promote SKYFIRE & Earn Big with Exclusive Perks,SKYFIRE,2025-09-30,2026-09-30,10.00%,5000.0,4935.63,0,800,false
"[B0B8NLPVTH, B0DLZHSJ8Z, B0B8GWYL13, B0B8HFFM8Q, B0DHFZW3YX, B07LBLN577, B09KRVJ4FX, B0DM22L62V, B0B7VBCCZ2, B0B8NJ9TSQ, B0DRP24ZGD, B09KLWCGYP, B0DM24PT7W, B0B8GZB2GQ, B0DM21MWTY, B0B8NLSL1Z, B0B8H9TPPL, B075WY8DGQ, B0DLZM1LDT, B0B7VW3R17, B0DM1TC4RZ, B0DRP2WQMP, B0B8H6HD67, B0B8GW24TR, B0DRP1Y9T9, B0DRP4K3Y7, B0DM1ZCNBL, B0DRP4VYK1, B0DM25JZ3J, B0B7VW2S2K, B0DRP28WHR, B0B8GWZ16H, B09KLTN6P6, B0B8NGHJWF, B07JJ4X592, B0DRP4G13T, B0CXMH798K, B0DRP42KBT, B0DRP4NHFB, B0DRP4JC7R, B0DHG45F66, B0B8NGL5FW, B0DRP42NDV, B07LBK1WYZ, B0DRP2RFJ3, B0B8H8FHD5, B07LB762R6, B0DRP4WRSS, B0DHGB6SSH, B0DRP3F21S, B0B8NDS73Y, B0B7VR985D, B0B8NL1G2Z, B076B4WRTN, B0DHG89MS8, B0DRP2SQD4, B0DHFWN461, B0B8NHZQN3, B07JGN3B3D, B0DLZRTXQ5, B0DHG8MNLW, B09KRVG6K6, B0DHFYXB8S, B0DHG76TP3, B0DRP2DFJR, B0DM11QHRM, B0B8NH1JMM, B0DLZDXBNM, B0DRP4Z4LJ, B0CXMG8LJQ, B0DRP6X7C2, B0B8H7ZWLQ, B07LBK681X, B0B8GYPZZM, B0B7VFP3TX, B0DRP3SLLS, B0DRP2BMV2, B0DRP3Y995, B0B8NGBGDG, B0B8NG44YX, B0DLZLVFQF, B0DRP2PXR7, B0DM136D5N, B0DLZVLV54, B075WSS64P, B0DRP5H8YG, B076B3YM56]",amzn1.campaign.1UB48VJ3DQM8F,站外推广,top4cus,2025-09-30,2026-09-30,35.00%,10000.0,9983.62,0,800,false
[B0DWK5BNT3],amzn1.campaign.2YFCFX98ZKPAJ,12 Pcs Mason Jar Table Centerpiece Floral Table Centerpiece Vases,TANEMUDO,2025-09-30,2026-09-30,10.00%,5000.0,5000.0,0,800,false
"[B0B8NLPVTH, B0DLZHSJ8Z, B0B8GWYL13, B0B8HFFM8Q, B0DHFZW3YX, B07LBLN577, B09KRVJ4FX, B0DM22L62V, B0B8GZNZ9W, B0B8NJ9TSQ, B0DRP24ZGD, B09KLWCGYP, B0DM24PT7W, B0B8GZB2GQ, B0DM21MWTY, B0B8NLSL1Z, B0B8H9TPPL, B075WY8DGQ, B0DLZM1LDT, B0B7VW3R17, B0DM1TC4RZ, B0DRP2WQMP, B0B8H6HD67, B0B8GW24TR, B0DRP1Y9T9, B0DRP4K3Y7, B0DM1ZCNBL, B0DRP4VYK1, B0DM25JZ3J, B0B7VW2S2K, B0DRP28WHR, B0B8GWZ16H, B09KLTN6P6, B0B8NGHJWF, B07JJ4X592, B0DRP4G13T, B0CXMH798K, B0DRP42KBT, B0DRP4NHFB, B0DRP4JC7R, B0DHG45F66, B0B8NGL5FW, B0DRP42NDV, B07LBK1WYZ, B0DRP2RFJ3, B0B8H8FHD5, B07LB762R6, B0DRP4WRSS, B0DHGB6SSH, B0DRP3F21S, B0B8NDS73Y, B0B7VR985D, B0B8NL1G2Z, B076B4WRTN, B0DHG89MS8, B0DRP2SQD4, B0DHFWN461, B0B8NHZQN3, B07JGN3B3D, B0DLZRTXQ5, B0DHG8MNLW, B09KRVG6K6, B0DHFYXB8S, B0DHG76TP3, B0DRP2DFJR, B0DM11QHRM, B0B8NH1JMM, B0DLZDXBNM, B0DRP4Z4LJ, B0CXMG8LJQ, B0DRP6X7C2, B0B8H7ZWLQ, B07LBK681X, B0B8GYPZZM, B0B7VFP3TX, B0DRP3SLLS, B0DRP2BMV2, B0DRP3Y995, B0B8NGBGDG, B0B8NG44YX, B0DLZLVFQF, B0DRP2PXR7, B0DM136D5N, B0DLZVLV54, B075WSS64P, B0DRP5H8YG, B076B3YM56]",amzn1.campaign.258MKZANVCXN6,站外推广,top4cus,2025-09-30,2026-09-30,35.00%,10000.0,9997.92,0,800,false
[B0DSZ7L4NX],amzn1.campaign.2W0JE4FG511MX,23 Pcs Lab Glassware Set,TANEMUDO,2025-09-30,2026-09-30,10.00%,5000.0,4995.6,2,800,false
[B0CDGXKKVV],amzn1.campaign.3NE63413DCFO5,Kid’s Wild Art? Wipe Clean in SECONDS! 🚿🎨,Lorzon,2025-09-30,2026-09-30,10.00%,5000.0,4914.04,9,800,false
"[B0B8NLPVTH, B0DLZHSJ8Z, B0B8GWYL13, B0DHFZW3YX, B07LBLN577, B09KRVJ4FX, B0DM22L62V, B0B7VBCCZ2, B0B8GZNZ9W, B0B8NJ9TSQ, B0DRP24ZGD, B09KLWCGYP, B0DM24PT7W, B0B8GZB2GQ, B0DM21MWTY, B0B8NLSL1Z, B0B8H9TPPL, B075WY8DGQ, B0DLZM1LDT, B0B7VW3R17, B0DM1TC4RZ, B0DRP2WQMP, B0B8H6HD67, B0B8GW24TR, B0DRP1Y9T9, B0DRP4K3Y7, B0DM1ZCNBL, B0DRP4VYK1, B0DM25JZ3J, B0B7VW2S2K, B0DRP28WHR, B0B8GWZ16H, B09KLTN6P6, B0B8NGHJWF, B07JJ4X592, B0DRP4G13T, B0CXMH798K, B0DRP42KBT, B0DRP4NHFB, B0DRP4JC7R, B0DHG45F66, B0B8NGL5FW, B0DRP42NDV, B07LBK1WYZ, B0DRP2RFJ3, B0B8H8FHD5, B07LB762R6, B0DRP4WRSS, B0DHGB6SSH, B0DRP3F21S, B0B8NDS73Y, B0B7VR985D, B0B8NL1G2Z, B076B4WRTN, B0DHG89MS8, B0DRP2SQD4, B0DHFWN461, B0B8NHZQN3, B07JGN3B3D, B0DLZRTXQ5, B0DHG8MNLW, B09KRVG6K6, B0DHFYXB8S, B0DHG76TP3, B0DRP2DFJR, B0DM11QHRM, B0B8NH1JMM, B0DLZDXBNM, B0DRP4Z4LJ, B0CXMG8LJQ, B0DRP6X7C2, B0B8H7ZWLQ, B07LBK681X, B0B8GYPZZM, B0B7VFP3TX, B0DRP3SLLS, B0DRP2BMV2, B0DRP3Y995, B0B8NGBGDG, B0B8NG44YX, B0DLZLVFQF, B0DRP2PXR7, B0DM136D5N, B0DLZVLV54, B075WSS64P, B0DRP5H8YG, B076B3YM56]",amzn1.campaign.59UE0LH77N1B,站外推广,top4cus,2025-09-30,2026-09-30,35.00%,10000.0,9995.31,0,800,false
[B0F2158LPZ],amzn1.campaign.QV6GHNNKDM56,16 Pcs Wheat Straw Plastic Coffee Cups with Handles,TANEMUDO,2025-09-30,2026-09-30,10.00%,5000.0,5000.0,3,800,false
"[B0D2LDT2WX, B0CSYMSYNB, B0B592RKP9]",amzn1.campaign.392UCZF3CL0Z4,Long Drive Essential: Car Cup Holder Fits Oversized Bottles-Commission rate:10%,Zeyitian,2025-09-30,2026-09-30,10.00%,10000.0,10000.0,0,800,false
"[B0D2LDT2WX, B0CSYMSYNB, B0B592RKP9]",amzn1.campaign.22OE40VJANSHO,Long Drive Essential: Car Cup Holder Fits Oversized Bottles-Commission rate:15%,Zeyitian,2025-09-30,2026-09-30,15.00%,10000.0,9961.87,0,800,false
"[B0CWTTCVZG, B07H96RNDY, B0DRNKWR51, B0DRNJ2RRW, B09MF5Y7DX, B09JYWGBX3, B07FS1LKBG, B09X136TSG, B07GV4BGWY, B07V6PZL9K, B0DFBGZK1N, B07T45MCWZ, B0DKX978TN, B0CYZF48HX, B07JMC4HH9, B08LSZ1KRX, B07GSVJ2B4, B07JQ8LPQK, B088PNZVYH, B0CWSWNFTB, B07FFLFSW8, B08LSWY3MT, B0CTJFXLJ7, B09X136QVT, B0CWTPG3XW, B09QYDGRN6, B07G4RB8N9, B0B5TX53JG, B07JFW4H7T, B095WG1Z54, B0FCC44H4J, B08LSLXPTS, B07H969CFQ, B088PNH847, B08LS9TPLJ, B094XKNNZ3, B09KH3WNYT, B0CWTZKQY2, B07K8BPRX7, B0B1HZDQ9S, B07DDFGTJ2, B0D2HF28KG, B07JB3NDGB, B07DDFTZBZ, B094X4FD93, B0DXPZFV4W, B0C4F1G18R, B0DRNL4G3F, B07H58RNJ2, B0DRJJ4WX6, B088PPCJJL, B0DZD1TJD2, B07JBN14NK]",amzn1.campaign.9F435UUJKRIL,Windchimes for Outside Decoration – Deep Tone Wind Chimes for Healing,ASTARIN,2025-09-30,2026-09-29,13.00%,70000.0,69996.96,0,800,false
"[B0D1K9CVB9, B0D1K6TDW6, B0CZL345DT, B0CWV4S78Q]",amzn1.campaign.3OO4S4FRGLP5,Road Trip Go-To: Car Cup Holder for Oversized Bottles!-Commission rate:10%,Zeyitian,2025-09-30,2026-09-30,10.00%,10000.0,10000.0,5,800,false
"[B0D1K9CVB9, B0D1K6TDW6, B0CZL345DT, B0CWV4S78Q]",amzn1.campaign.2U4N0SPTTZ06O,Road Trip Go-To: Car Cup Holder for Oversized Bottles!-Commission rate:15%,Zeyitian,2025-09-30,2026-09-30,15.00%,10000.0,9909.13,0,800,false
[B0CZHSND71],amzn1.campaign.1P0XFILL2IOHI,Maengve Joint Heat Patch Campaign｜Pain Relief Essentials,Maengve,2025-10-01,2026-09-30,20.00%,555555.0,555543.4,0,800,false
"[B0DMN4G39J, B0DMNQ9NJM]",amzn1.campaign.2H2IT25UNRV49,Premium Wooden Bourbon Glasses - Perfect for Holiday Gifting!,HWISDMIG,2025-09-30,2026-09-30,16.00%,5000.0,4794.53,0,800,false
"[B0DX6J1WRS, B0FK2CZRH6, B0FK2F529X]",amzn1.campaign.C2KK5OW5QVX7,TANEMUDO 84 Pcs Blank Paper Shields with Handles for Kids,TANEMUDO,2025-09-30,2026-09-30,10.00%,5000.0,4978.9,3,800,false
[B0DXZSDTKF],amzn1.campaign.1WKEL0CKI0P5B,120 Pcs Acrylic Gem Cubes Blocks Translucent Colors Rainbow Building Cubes,TANEMUDO,2025-09-30,2026-09-30,10.00%,5000.0,5000.0,0,800,false
"[B0DN18VG5G, B0FGNMQ179]",amzn1.campaign.UXKENRG3YGA8,20 Pcs Waterproofing Seal Kit,TANEMUDO,2025-09-30,2026-09-30,10.00%,5000.0,4900.9,0,800,false
"[B0FJM84B9D, B0FJM93M54, B0FJM6MSNV, B0FJM4H76Y]",amzn1.campaign.2XMQPYOHOK5GT,24PCS Silicone Chair Leg Floor Protectors,NEICAGNE,2025-09-30,2026-09-30,20.00%,5000.0,4905.04,0,800,false
"[B09T2XQ73P, B09T33VDG2]",amzn1.campaign.3G4O690NSYI89,Anti-Glare Sun Visor Extender – Drive Safer & Clearer View!-Commission rate:15%,Zeyitian,2025-09-30,2026-09-30,15.00%,10000.0,9946.6,7,800,false
"[B09T2XQ73P, B09T33VDG2]",amzn1.campaign.1008BSYEZ77HS,Anti-Glare Sun Visor Extender – Drive Safer & Clearer View!-Commission rate:10%,Zeyitian,2025-09-30,2026-09-30,10.00%,10000.0,10000.0,8,800,false
"[B0FGNYR7T9, B0FGNZR2C5, B0DNLXPMQY]",amzn1.campaign.LPT8YAEBPX8K,200 Pack Charcuterie Boxes with Clear Lids and Rope Black,TANEMUDO,2025-09-30,2026-09-30,10.00%,5000.0,4870.52,0,800,false
"[B0D2RMXGNR, B0F3776B79, B0FMJLT3TS, B0CJ533T7C, B0CG2VPS8H, B0CNYTZ42R]",amzn1.campaign.DNJMWFYY3GZK,EZ Pass Holder for Multiple Vehicles & Simple Transfers-Commission rate:15%,Zeyitian,2025-09-30,2026-09-30,15.00%,10000.0,9994.38,0,800,false
"[B0D2RMXGNR, B0F3776B79, B0FMJLT3TS, B0CJ533T7C, B0CG2VPS8H, B0CNYTZ42R]",amzn1.campaign.XGW1THDIF01B,EZ Pass Holder for Multiple Vehicles & Simple Transfers-Commission rate:10%,Zeyitian,2025-09-30,2026-09-30,10.00%,10000.0,10000.0,8,800,false
[B0F3GX4L9G],amzn1.campaign.MRMBPCCVBM96,Monthly sales 3K+ pcs  Electric Scissors - 20%commission B0F3GX4L9G,Zeleki,2025-09-30,2026-09-30,20.00%,5000.0,4959.26,0,800,false
[B0FJ279MD9],amzn1.campaign.1I39X94RHLD37,Thank you bag  - MADE IN THE USA - 12% commission,IUI,2025-09-30,2026-09-30,12.00%,50000.0,49679.86,0,800,false
"[B0BDDH9BFN, B09VS9SDDF, B09VRQ2L13]",amzn1.campaign.1A79VAHU4IQ4N,创作者：straight 3条 24-28 26-30 30-30,WOWQUEEN,2025-09-30,2026-09-29,10.00%,200000.0,199855.72,0,800,false
"[B0DJ3543LR, B0FHPHD29F, B0FGPYPPJ7, B0DJ36MLSY, B0FD7DBWLK]",amzn1.campaign.J58F050OMQK1,9月28日,UNR0EVS,2025-09-30,2026-09-30,15.00%,5000.0,5000.0,8,800,false
"[B0FH1WJ6PQ, B0CLJGQY2X, B0DTTY7MZ3, B0DYC16NKZ, B0DPPNKPXZ, B0CR933898, B0F91TLTFM, B0DT9PLDSM, B0DHVZMFPH, B0CD5FBY8P, B0F91VD3MV, B0FCS6S416, B0DTDSM1Z9, B0CLJF5DDJ, B0CPYN39W8, B0FCSDKCWM, B0FBKS52Z1, B0F9T2K3X3, B0CPW4LW9D, B0FBKS3QML, B0DY5YYYQ1, B0DHXB2TFK, B0DHVSL294]",amzn1.campaign.8E25OTZ266DW,9月28日,UNROEVS,2025-09-30,2026-09-30,10.00%,5000.0,4997.5,0,800,false
"[B0CLJGQY2X, B0DPPNKPXZ, B0CR933898, B0DYC16NKZ, B0DT9PLDSM, B0F91TLTFM, B0DHVZMFPH, B0CD5FBY8P, B0FCS6S416, B0CLJF5DDJ, B0DTDSM1Z9, B0CPYN39W8, B0FCSDKCWM, B0CPW4LW9D, B0FBKS3QML, B0DHVSL294]",amzn1.campaign.ZXT5W3WTZRCC,High-Conversion Mini Flashlight – Earn 10% Commission,UNROEVS,2025-09-30,2026-09-30,10.00%,5000.0,5000.0,0,800,false
[B0D6NNTY67],amzn1.campaign.HF1T5FLVNT0X,Obirdie: Ditch the Pencil,Obirdie,2025-09-30,2026-09-30,15.00%,100000.0,100000.0,0,800,false
[B0FGDFQ1NZ],amzn1.campaign.3IH5NZQB578NY,AIR11 Black,Timeage,2025-09-30,2026-09-30,10.00%,10000.0,9990.0,0,800,false
[B0DCTM3GL4],amzn1.campaign.W1FB7F7Y0FBB,remove shoes sign,Haowuliao,2025-09-30,2026-09-30,10.00%,5000.0,4990.1,11,800,false
"[B0C93CZB1J, B0CGX7STVB, B0CP5DQB6Q]",amzn1.campaign.1OWTMYAXTPGC6,MossTerrariumJar_IndoorOasis_SustainableLiving,SARUFO,2025-09-30,2026-09-30,11.00%,30000.0,29687.12,0,800,false
[B0DRPMQMKW],amzn1.campaign.YKJ7EXHCV03K,Nature’s Dome Bed Bug Spray – 16 oz (B0DRPMQMKW),NATURE'S DOME,2025-10-01,2026-10-01,16.00%,1000000.0,1000000.0,0,800,false
[B0DSCHX5CH],amzn1.campaign.7JXUCXHX64U3,Nature’s Dome Bed Bug Spray – 3.4 oz (B0DSCHX5CH),NATURE'S DOME,2025-10-01,2026-10-01,15.00%,1000000.0,1000000.0,0,800,false
[B0DP1JPD3G],amzn1.campaign.20Y64714T8ZW7,Nature’s Dome 12 oz Pest Control Concentrate – Makes 1 Gallon (B0DP1JPD3G),NATURE'S DOME,2025-10-01,2026-10-01,15.00%,1000000.0,1000000.0,0,800,false
[B0D9MPKCN1],amzn1.campaign.2XY8ODA1UUIR4,Nature’s Dome Pest Control Starter Kit – Makes 3 Bottles(B0D9MPKCN1),NATURE'S DOME,2025-10-01,2026-10-01,15.00%,1000000.0,1000000.0,0,800,false
[B0DDMH1SXW],amzn1.campaign.10UFXY8UVK2N8,Nature’s Dome Eco-Friendly Pest Control Spray – 32 OZ (B0DDMH1SXW),NATURE'S DOME,2025-10-01,2026-10-01,15.00%,1000000.0,1000000.0,0,800,false
[B0DP1HTV43],amzn1.campaign.NLY61DAB6PCW,Nature’s Dome Eco-Friendly Pest Control Spray – 1 Gallon (B0DP1HTV43),NATURE'S DOME,2025-10-01,2026-10-01,15.00%,1000000.0,1000000.0,0,800,false
[B0DP1D6B56],amzn1.campaign.1FTQ2L3SQIJ4E,Nature’s Dome Pest Control Starter Kit – 3 Bottle Bundle (B0DP1D6B56),NATURE'S DOME,2025-10-01,2026-10-01,15.00%,1000000.0,1000000.0,0,800,false
[B0DHSW1Z4P],amzn1.campaign.3QIOWFP6NX2JY,Nature’s Dome Indoor Bug Spray 2oz – Safe & Effective (B0DHSW1Z4P),NATURE'S DOME,2025-10-01,2026-10-01,15.00%,1000000.0,1000000.0,1,800,false
[B0DHSXX4M9],amzn1.campaign.1UCWVF1A6FG6L,Nature’s Dome Indoor Bug Spray 2-Pack – Double the Protection (B0DHSXX4M9),NATURE'S DOME,2025-10-01,2026-10-01,15.00%,1000000.0,1000000.0,0,800,false
[B0DPQR9WR3],amzn1.campaign.23GQ7UNGUCRFJ,41% CR - Enrichment Interactive Dog Treat Toy (Orange-Beginner),DollSheriffgoo,2025-10-01,2026-10-01,41.00%,5000.0,5000.0,0,800,false
[B0DPQVN6K8],amzn1.campaign.209D214Y8AX5V,35% CR - Dog Puzzle Toy Mental Stimulation (Advanced-Mars Green Brainstorm),DollSheriffgoo,2025-10-01,2026-10-01,35.00%,5000.0,5000.0,0,800,false
[B0DPQWDRTL],amzn1.campaign.2956WT8VOQ6LA,35% CR - Dog Puzzle Toy Mental Stimulation (Green Push-Intermediate),DollSheriffgoo,2025-10-01,2026-10-01,35.00%,5000.0,5000.0,0,800,false
[B0DPQWKFMS],amzn1.campaign.OTNV71JD2HJP,34% CR - Dog Puzzle Toy Mental Stimulation (Blue-Advanced),DollSheriffgoo,2025-10-01,2026-10-01,34.00%,5000.0,5000.0,1,800,false
"[B0F7LSF3R6, B0F7LT4TPV, B0F7LRN1NQ]",amzn1.campaign.300W8EDWI2I05,41% CR - Interactive Dog Treat Toy (Beginner),LiuMelinda,2025-10-01,2026-10-01,41.00%,5000.0,5000.0,7,800,false
[B0FLDYPQPM],amzn1.campaign.BYPLBB5R6M4M,Wall Mounted/Floor Electric Heater,Encyclpo,2025-09-30,2026-09-30,16.00%,5000.0,3952.73,0,800,false
"[B0D4LGXVV8, B0D4LP9NPH, B0D946LXLD, B0D4LDXNJF, B0CSSZ12VR, B0D4LN53Q3, B0D4LWRN14, B0CYX46F21, B0CSKHW4P8, B0D9457V96, B0CSPG2W9D, B0CRHPFYTH, B0D943D2ZG, B0CST1RD4B, B0CRR2NXB5]",amzn1.campaign.1X8Y4T8MR0JTB,37% CR - DOG CHEW TOYS FOR AGGRESSIVE CHEWERS,LiuMelinda,2025-10-01,2026-10-01,37.00%,5000.0,5000.0,0,800,false
[B0F7Y3C676],amzn1.campaign.3BD4LG0W5YGL8,"Home Use arc Ingrown Toenail Removal Kit,Men, Women and Kids",THESHYING,2025-09-30,2026-09-30,10.00%,5000.0,5000.0,0,800,false
[B0FB3XG9WM],amzn1.campaign.1ZYKG9WTCTNG9,35% CR - Dog Treat Puzzle Feeder (Advanced-Brainstorm),LiuMelinda,2025-10-01,2026-10-01,35.00%,5000.0,5000.0,9,800,false
"[B0F2J1N4HL, B0F2J26TNQ]",amzn1.campaign.UQ5OFN0KXQE5,34% CR - Dog Treat Puzzle Feeder (Advanced),LiuMelinda,2025-10-01,2026-10-01,34.00%,5000.0,5000.0,14,800,false
"[B0FJ8G8D3X, B0FJ8GTSQV]",amzn1.campaign.1XLFQCW0GVMVZ,【Commission Rate 10% 】on  VWMYQ Silicone Bathtub Mat Non Slip,VWMYQ,2025-09-30,2026-09-30,10.00%,50000.0,50000.0,0,800,false
[B0FLXZR2XP],amzn1.campaign.1V5U0I2OM0EP6,Wooden Baseball Ring Holder & Drip Necklace Organizer+10%commission,HDHEUBK,2025-09-30,2026-09-30,10.00%,5000.0,4981.2,0,800,false
[B0FM3Q2FGN],amzn1.campaign.3NVGYV2FSD18,Baseball Necklace Holder and Ring Display with Storage+10%commission,HDHEUBK,2025-09-30,2026-09-30,10.00%,5000.0,4977.3,0,800,false
[B0DKCT55RY],amzn1.campaign.1B301ZY6BD59F,"30 pieces Disposable toilet seat cover, suitable for children and adults,",sealjoyous,2025-09-30,2026-09-30,15.00%,150000.0,150000.0,0,800,false
"[B0F1DB5TR8, B0F1D9XJGK]",amzn1.campaign.1OSK8LH67OJLG,36 Hour Yogurt Maker with Adjustable Time,sealjoyous,2025-09-30,2026-09-30,15.00%,150000.0,150000.0,0,800,false
[B08K3PCSS8],amzn1.campaign.1B6BYUM6ZK8BF,NaturAll Club Avocado Hair Moisturizer,NaturAll,2025-09-30,2026-09-30,20.00%,30000.0,29988.4,0,800,false
[B0FHWHR51R],amzn1.campaign.2M3QX6STIU79P,Qianying Marking Knife Creator Collaboration Program,Qianying,2025-09-30,2026-09-30,12.00%,100000.0,99980.5,0,800,false
[B0DR2L928D],amzn1.campaign.30BU9B0469Y94,75Pcs 2 Inch Quick Change Sanding Discs Hardened,Shineboc,2025-09-30,2026-09-30,10.00%,5000.0,4998.4,6,800,false
[B0DR2DK29W],amzn1.campaign.2RNP6NKGAE9XH,57Pcs 2 Inch Quick Change Sanding Discs Nylon,Shineboc,2025-09-30,2026-09-30,10.00%,5000.0,5000.0,8,800,false
[B0DR2K58RY],amzn1.campaign.3R1JU2EBQ40DP,31Pcs 2 Inch Zirconia Flap Disc Roll Lock Sanding Discs,Shineboc,2025-09-30,2026-09-30,10.00%,5000.0,5000.0,8,800,false
[B0DR2K9L2B],amzn1.campaign.3UJ6N81U4E7ZF,"2 Inch Zirconia Sanding Discs, 49Pcs",Shineboc,2025-09-30,2026-09-30,10.00%,5000.0,4996.49,9,800,false
[B0DR2DLSDT],amzn1.campaign.3NYYJSURT71PU,103Pcs 2 Inch Quick Change Sanding Discs,Shineboc,2025-09-30,2026-09-30,10.00%,5000.0,4990.23,6,800,false
[B0CZKGZHLY],amzn1.campaign.MMIK73H7ERU2,48Pcs 2 Inch Compressed Wool Polishing Wheels,Shineboc,2025-09-30,2026-09-30,10.00%,5000.0,4998.2,14,800,false
[B0DR2LJCL8],amzn1.campaign.PVDZCXUSXKGS,50 PCS 1 Inch Wool Felt Polishing Accessory Kits,Shineboc,2025-09-30,2026-09-30,10.00%,5000.0,4980.55,15,800,false
"[B0DXF48BV3, B0DY4DN8LZ, B0DXF1VSPV, B0DXDZ8J98, B0DY4DLC6Q, B0DXF3X47X]",amzn1.campaign.38L0K4DO23R2U,🎄 Christmas  Dollhouse Bookshelf -Commission Rate: 11%,XYMTOY,2025-10-06,2026-10-06,11.00%,5000.0,4998.19,0,800,false
"[B0DXF48BV3, B0DY4DN8LZ, B0DXF1VSPV, B0DXDZ8J98, B0DY4DLC6Q, B0DXF3X47X]",amzn1.campaign.35KYYOXJGW6IT,🎄 Christmas Miniature Dollhouse Bookshelf -Commission Rate: 11%,XYMTOY,2025-10-04,2026-10-04,11.00%,5000.0,4997.95,7,800,false
"[B0D1N11MHW, B0D1N1VP8K, B0D1N2WVTF, B0D1N2ZGCG, B0D1N3C7DV]",amzn1.campaign.LUN9BK94CGFR,Diamond Sanding Discs Set 2 Inch Quick Change Disc,Shineboc,2025-09-30,2026-09-30,10.00%,5000.0,4948.28,9,800,false
"[B0F847R7GK, B0F845XY44, B0DXF48BV3, B0F7LF8WJY, B0DY4DN8LZ, B0DXF1VSPV, B0DXDZ8J98, B0DY4DLC6Q, B0F7LGWVYG, B0F7QNHJ61, B0DXF3X47X]",amzn1.campaign.20VS19XRUWBAQ,🎄 1:12 Scale Dollhouse Bookshelf Holiday Décor 🎁,XYMTOY,2025-10-03,2026-10-03,11.00%,5000.0,4989.79,0,800,false
"[B0DFH4P5KJ, B0D97C52XY, B0DFCPLFNS]",amzn1.campaign.581I1EJ2ZI29,"Premium Stripping Discs for Your Content 4 inch, 4.5 inch, 5 inch",Shineboc,2025-09-30,2026-09-30,10.00%,5000.0,4995.8,15,800,false
[B0D3DBJSF9],amzn1.campaign.1DKPTGEIUHT7X,Chopsticks Disposable,OFCOX,2025-09-30,2026-09-30,20.00%,50000.0,50000.0,0,800,false
[B0CZHSND71],amzn1.campaign.IO5DA1SQNY9K,Maengve Joint Heat Patch Campaign｜Pain Relief Essentials,Maengve,2025-09-30,2026-09-30,20.00%,666666.0,666626.32,0,800,false
[B0CBTXFNJ4],amzn1.campaign.31RAKOMY5HN88,[3 Styles 150 PCS] OFCOX Drink Umbrellas,OFCOX,2025-09-30,2026-09-30,20.00%,50000.0,50000.0,0,800,false
[B0BY7LFNK5],amzn1.campaign.1P2Y69WPUXG90,Mini Bamboo Forks 3.5 inch,OFCOX,2025-09-30,2026-09-30,20.00%,50000.0,50000.0,0,800,false
[B0BW5VL6TY],amzn1.campaign.VLGQL36O0N31,Mini Bamboo Forks 3.5 Inch,OFCOX,2025-09-30,2026-09-30,20.00%,50000.0,50000.0,0,800,false
[B0C61HD1Z7],amzn1.campaign.3P8V0KC8OXP44,Mini Bamboo Forks 4 inch,OFCOX,2025-09-30,2026-09-30,20.00%,50000.0,50000.0,0,800,false
[B0DDFQ3CLF],amzn1.campaign.3ENR34ZW536CJ,56 Pack Backpacks in Bulk 17 Inches Foldable Lightweight Bookbags,SENONAPO,2025-09-30,2026-09-30,10.00%,5000.0,4986.0,0,800,false
"[B0FN8HXB94, B0FN8GP6ZH, B0FN93TXVY, B0FN9GY4TF, B0FN96B5QG, B0FN8JX595, B0FN8LWC9K, B0FN8L2JT5, B0FN8L2RTM, B0FN8JJ9Y7, B0FN8GPSKR, B0FN8JKZPP, B0FN8HFGYM, B0FN8HV8G1, B0FN8WYGFG, B0FN8JLMD7]",amzn1.campaign.1L2NVBDUD4EIU,Dog Boots for All Seasons – Protect Paws with Style & Comfort,FDIDY,2025-09-30,2026-09-30,10.00%,10000.0,9991.64,0,800,false
[B09JKLXGSX],amzn1.campaign.30SYWFXEPW7UQ,"10Pcs Carbide Burr Set 1/8"" Shank",shengbenhao,2025-09-30,2026-09-30,15.00%,5000.0,4984.5,0,800,false
[B0FFN71J69],amzn1.campaign.3BOZVEOJ4Z9ZD,2025 New Arrival: Niacinamide Whitening Toothpaste,YOUNGYOUNGLOVE,2025-09-30,2026-09-30,10.00%,5000.0,5000.0,0,800,false
[B0FFN2W238],amzn1.campaign.1LRIMQ0CS910K,2025 New Arrival: Black Hair Dye Shampoo,YOUNGYOUNGLOVE,2025-09-30,2026-09-30,10.00%,5000.0,4996.62,0,800,false
[B0FNR18HX8],amzn1.campaign.2Y19WIKQ89V96,Collaborate with WMKGG: Promote Our Versatile 4-Piece Mini Badge Scissors Set!,WMKGG,2025-09-30,2026-09-30,10.00%,5000.0,4988.6,4,800,false
"[B0D9K4Q1HY, B0D9K6QRZG]",amzn1.campaign.2PQH7HMXLUY2Q,"Small Gadget, Big Impact: WindFire Emergency Flashlight(LF_1501)",WINDFIRE,2025-09-30,2026-09-30,10.00%,5000.0,4992.7,0,800,false
[B0FM2HTJWB],amzn1.campaign.35RL9564ERUN,"10% Commission, 70%OFF, DIORIS bed pillows queen size set of 2",DIORIS,2025-09-30,2026-09-30,10.00%,5000.0,4207.47,0,800,false
[B0CCJHDHHW],amzn1.campaign.2WHZMTJ0LQWEH,Let’s Collaborate Together– Promote Candle Warmer Lamp Dimmable with Timer!,AIKAMI,2025-09-30,2026-09-30,12.00%,10000.0,9686.94,0,800,false
[B0BQ3C4SHV],amzn1.campaign.91XXVBAE24F7,Meet the WindFire 4-in-1 Tactical Flashlight(A100_MT_4C),WINDFIRE,2025-09-30,2026-09-30,10.00%,5000.0,5000.0,10,800,false
"[B0FJ4RB23T, B0FJ532LYG, B0FJ52JTCF, B0FJ54WXKK, B0FJ4R1HRB, B0FJ4WWFLG, B0FJ5BJ8DM, B0FJ54NRCR, B0FJ5FJQQL, B0FJ55Y3VH, B0FJ4WNT9S, B0FJ4ZH3N3, B0FJ571SVW, B0FJ57K19V, B0FJ59ZR9V, B0FJ4ZW31S, B0FJ51WTWL, B0FJ5G2MTP, B0FJ4XF6R4, B0FJ4XSLLF, B0FJ55GN6T, B0FJ5FD5T6, B0FJ4YMPDZ, B0FJ4R4J2P, B0FJ53G4WV]",amzn1.campaign.3I8HPVBI2BZ9Q,054 Women's Packable Puffer Jacket,ATLASLAVA,2025-09-30,2026-09-30,10.00%,10000.0,9846.28,0,800,false
[B0D2Y1KL4Y],amzn1.campaign.3NYFGOF61CJPU,"Red Light, Big Advantage for Hunters(G100RD_Z)",WINDFIRE,2025-09-30,2026-09-30,10.00%,5000.0,5000.0,4,800,false
"[B0DPX3TF96, B09V6KTXB7, B08LYN7BX1, B0CRVS9Y6P]",amzn1.campaign.1PTP744BTVJM0,Your tactical advantage in the darkest hunts.,WINDFIRE,2025-09-30,2026-09-30,10.00%,5000.0,4989.87,0,800,false
[B0F4R6NN7Z],amzn1.campaign.9BVKPOI0SZ66,Illuminate Your Dive with WindFire DT100 Dive Light,WINDFIRE,2025-09-30,2026-09-30,10.00%,5000.0,4969.25,5,800,false
"[B0DGTBTB6D, B08ZYJLG9B, B0BBVRTLFX, B0D1VGLMS2]",amzn1.campaign.3SHN68THX4DZB,A Headlamp Built for Depths and Darkness,WINDFIRE,2025-09-30,2026-09-30,10.00%,5000.0,4914.27,0,800,false
[B0FDPYW1HF],amzn1.campaign.3IU36CFWIVT1T,"Motion Sensor UV Nail Lamp💅✨: Fast Cure, Salon-Grade Precision!​​ SA-NM-0013_04",Saviland,2025-09-30,2026-09-30,10.00%,5000.0,4995.58,0,800,false
[B0FDPYS2BC],amzn1.campaign.17WLKERTAEVOE,"Motion Sensor UV Nail Lamp💅✨: Fast Cure, Salon-Grade Precision!​​ SA-NM-0013_01",Saviland,2025-09-30,2026-09-30,10.00%,5000.0,4997.53,0,800,false
[B07PS4JBSS],amzn1.campaign.D494VM6138S7,Gagalileo baseball backstop (ASIN:B07PS4JBSS),Gagalileo,2025-09-30,2026-09-30,10.00%,1000000.0,999996.33,0,800,false
[B0CXDYSWDD],amzn1.campaign.JRW5REE7WUAY,🚗High TR & High Earner! VD70:  High-Efficient Solution for Car Maintenance!,VDIAGTOOL,2025-09-30,2026-09-30,10.00%,10000.0,9842.88,0,800,false
[B0BLVGN5C3],amzn1.campaign.1JRFSXBM8QBSF,Gagalileo baseball net system (ASIN:B0BLVGN5C3),Gagalileo,2025-09-30,2026-09-30,10.00%,1000000.0,1000000.0,0,800,false
[B0FM4DBDS8],amzn1.campaign.HDHNHFY7TJEB,YAM Health Campaign 10,YAM Health,2025-10-03,2026-09-30,15.00%,5000.0,5000.0,10,800,false
[B08L6BTMHL],amzn1.campaign.3MW4O61PKHXWW,Gagalileo baseball net system (ASIN:B08L6BTMHL),Gagalileo,2025-09-30,2026-09-30,10.00%,1000000.0,1000000.0,0,800,false
[B0FM4DBDS8],amzn1.campaign.3JDWWMD5YZZDO,YAM Health Campaign 09,YAM Health,2025-10-01,2026-10-01,14.00%,5000.0,5000.0,17,800,false
"[B08Y8Z3ZMD, B08Y913FVX, B08Y93PH7B]",amzn1.campaign.28L9R96QCV9JD,20% Comm! Stainless Steel Folding Wall Mount Clothes Hanger,MDJYMYZ,2025-09-30,2026-09-30,20.00%,5000.0,4998.0,0,800,false
[B08TLPP5VJ],amzn1.campaign.3Q4VYH434S7IB,Gagalileo baseball net system (ASIN:B08TLPP5VJ),Gagalileo,2025-09-30,2026-09-30,10.00%,1000000.0,999987.01,0,800,false
[B0FM4DBDS8],amzn1.campaign.TAGBYNQ8IPA8,YAM Health Campaign 08,YAM Health,2025-09-30,2026-09-30,15.00%,5000.0,5000.0,20,800,false
[B0FM4DBDS8],amzn1.campaign.1NOGKVLXE540D,YAM Health Campaign 07,YAM Health,2025-09-30,2026-09-30,14.00%,5000.0,5000.0,12,800,false
"[B08Z577B75, B08Z4DW248, B08Z4FZF1P, B08Z4H1FDV, B08Z4JQKQ6, B08Z4FVDWB]",amzn1.campaign.32MQJGU7KEBTW,20% Comm! Waterproof Nylon Crossbody Phone Waist Bag Promo,MDJYMYZ,2025-09-30,2026-09-30,20.00%,5000.0,4984.53,0,800,false
"[B0DLWLVS5X, B0DHQSBMXW, B0DLWLZJFC, B0DHQT53GC]",amzn1.campaign.PKEMYVYYDWDM,GMV$100000-commission 10%-B0DHQT53GC-2025/09/30-2026/09/30,MAISONARIA,2025-09-30,2026-09-30,10.00%,100000.0,99899.1,0,800,false
[B0FM4DBDS8],amzn1.campaign.3H2L499TC8WR2,YAM Health Campaign 06,YAM Health,2025-09-30,2026-09-30,13.00%,5000.0,5000.0,20,800,false
[B0D1MRYSDF],amzn1.campaign.33JK7W4HLXOVZ,🚗High TR & High Earner! The Most Affordable VD70 Lite Diagnostic Scanner!,VDIAGTOOL,2025-09-30,2026-09-30,10.00%,10000.0,9300.15,0,800,false
[B0FM4DBDS8],amzn1.campaign.1UW37B68RGLM9,YAM Health Campaign 05,YAM Health,2025-09-30,2026-09-30,12.00%,5000.0,5000.0,18,800,false
"[B0DHQT6B34, B0DHQSYDXH]",amzn1.campaign.1XT2EA3YN1TU5,GMV$100000-commission 10%-B0DHQSYDXH-2025/09/30-2026/09/30,MAISONARIA,2025-09-30,2026-09-30,10.00%,100000.0,99618.6,0,800,false
[B0FM4DBDS8],amzn1.campaign.Z41VC7FMPV5E,YAM Health Campaign 04,YAM Health,2025-10-02,2026-10-02,11.00%,5000.0,5000.0,27,800,false
"[B0F6Y7LT62, B0DH7Q15W1, B0DH7ZNCJF, B0FDG8F6XT, B0DH82WF3V, B0F6Y4KNTM, B0DH7Q3NTX, B0FHHCWXR6]",amzn1.campaign.2S16YU1PW6VIC,GMV$240000-commission 10%-B0DH7ZNCJF-2025/09/30-2026/09/30,MAISONARIA,2025-09-30,2026-09-30,10.00%,100000.0,99659.23,0,800,false
"[B0CNRMXBTS, B0D25T96ZS, B0D25SX5S6]",amzn1.campaign.HWSH20MFPXEA,20% Comm! Men's PU Leather Flip Magnetic Phone Holster with Belt Clip,MDJYMYZ,2025-09-30,2026-09-30,20.00%,5000.0,4994.73,0,800,false
[B0FM4DBDS8],amzn1.campaign.3PNW1EZ68453N,YAM Health Campaign 03,YAM Health,2025-10-01,2026-10-01,10.00%,5000.0,5000.0,30,800,false
"[B0DM6LYR7R, B0DM6LXWW3, B0DM6H8PXG]",amzn1.campaign.1YABFMB78H4A1,20% Comm! Unisex Phone Waist Bag Hands-Free Essential,MDJYMYZ,2025-09-30,2026-09-30,20.00%,5000.0,4994.4,0,800,false
"[B00QWQNXTG, B00R13EG5E, B07P3L4HPB, B00QWQRXRE, B00QWQNZH6, B07P2LR78K, B07NZBN41K, B00QWQRE4G, B07P1GWG34, B07NYDGWSY, B07P2LRPPB, B07NYDFZ8L, B07NYDFZ2H, B00R13EDTS, B07P2FPWCR, B07P1GWDRD, B00QWQRO2I, B07P3JKFVQ, B07NYDGCKG, B07NYDHH3N, B07P1GVQG6, B07P2L9FV8, B07NYDHKRH, B07NZBNMB8, B07NZBPHJS, B00QWQRVT4, B07P2K46M9, B00QWQRPV8, B07NZBN9GD, B07NZBNNJT, B00R13ERV2, B00QWQRZP4, B07P2K21QF, B07P2LRJYH, B07P2J5FRD, B00QWQRBJO, B00R13EUFU, B07P2JMM3N, B07P2KBBFX, B07P1GVN15, B07P3LDJVC, B07P3MX683]",amzn1.campaign.2PJO1BW20E8C0,20522JIAJIA's Satin Dance Heels - Sparkle at Weddings & Ballrooms!,JIAJIA,2025-09-30,2026-09-30,10.00%,5000.0,4955.13,0,800,false
"[B0CNRMBM2C, B0CNRN9R8B, B0CNRLM26L, B0CNRLVT7J, B0CNRMLR6V, B0CNRNC5LS]",amzn1.campaign.D6J1FPMR8FSX,20% Comm! PU Leather Vertical Phone Sleeve w/ Card Holder Promo,MDJYMYZ,2025-09-30,2026-09-30,20.00%,5000.0,5000.0,0,800,false
[B0FM4DBDS8],amzn1.campaign.1046PYCUJIFMC,YAM Health Campaign 02,YAM Health,2025-09-30,2026-09-30,10.00%,5000.0,5000.0,12,800,false
"[B0DS9QLJX8, B0DS9QRLW8, B0DS9RXZGC]",amzn1.campaign.3U4RJLS9QIPCC,20% Comm! Men's PU Leather Multifunctional Phone Holder Promo,MDJYMYZ,2025-09-30,2026-09-30,20.00%,5000.0,5000.0,0,800,false
"[B0DR34FCVQ, B0DR31Q13Y]",amzn1.campaign.3N6WUZCVQC4F6,20% Commission! Universal Neoprene Shockproof Phone Sleeve Promo,MDJYMYZ,2025-09-30,2026-09-30,20.00%,5000.0,4992.3,0,800,false
[B0CM8SSYFT],amzn1.campaign.2C212Z8WUX76M,20% Comm! Men's Waterproof Nylon Crossbody Sling Bag Promo,MDJYMYZ,2025-09-30,2026-09-30,20.00%,5000.0,4992.78,0,800,false
[B0DW992ZC5],amzn1.campaign.3JTME09JWO4LS,20% Commission! Large Fanny Pack w/ Headphone Hole Promo,MDJYMYZ,2025-09-30,2026-09-30,20.00%,5000.0,5000.0,0,800,false
[B0DW95MJWC],amzn1.campaign.3WVQF4FHYZW4,20% Comm! Fanny Pack w/ Headphone Port Promo,MDJYMYZ,2025-09-30,2026-09-30,20.00%,5000.0,4993.92,0,800,false
[B0C938ZYTC],amzn1.campaign.3F31UWR2164F1,20% Commission: Unisex Crossbody Fanny Pack,MDJYMYZ,2025-09-30,2026-09-30,20.00%,5000.0,4981.76,0,800,false
[B0CMQDZNL4],amzn1.campaign.TS0INSRADULA,Gagalileo golf net system (ASIN:B0CMQDZNL4),Gagalileo,2025-09-30,2026-09-30,10.00%,1000000.0,999919.03,0,800,false
[B07NV8N97P],amzn1.campaign.29QQ8K2A2M7AM,Gagalileo golf net system (ASIN:B07NV8N97P),Gagalileo,2025-09-30,2026-09-30,10.00%,1000000.0,1000000.0,0,800,false
[B076YK1H5H],amzn1.campaign.22O1KLTT996GF,Gagalileo golf net system (ASIN:B076YK1H5H),Gagalileo,2025-09-30,2026-09-30,10.00%,1000000.0,999989.01,0,800,false
[B07HD513MB],amzn1.campaign.2AP0MP3WP0TEO,Gagalileo golf net system (ASIN:B07HD513MB),Gagalileo,2025-09-30,2026-09-30,10.00%,1000000.0,1000000.0,0,800,false
[B08FQPZ3D4],amzn1.campaign.21RUI2JKD5OYQ,Gagalileo golf net system (ASIN:B08FQPZ3D4),Gagalileo,2025-09-30,2026-09-30,10.00%,1000000.0,999970.0,0,800,false
[B07HD5JMQY],amzn1.campaign.1953BU2D3Z730,Gagalileo golf net system (ASIN:B07HD5JMQY),Gagalileo,2025-09-30,2026-09-30,10.00%,1000000.0,999955.6,0,800,false
[B08YN28WBW],amzn1.campaign.2NYR36QBCLVGJ,Gagalileo golf net system (ASIN:B08YN28WBW),Gagalileo,2025-09-30,2026-09-30,10.00%,1000000.0,999995.0,0,800,false
"[B09QKGS6QF, B0CY3PFM4W]",amzn1.campaign.1NHXM3ACTCZWH,💰 Save Big on Plumbing – Toilet Flange Repair Kit | Holiday Home Essential,MENNTY,2025-09-30,2026-09-30,10.00%,30000.0,30000.0,0,800,false
[B0CGDQ9S64],amzn1.campaign.1Q2R7NLYH3YEC,Gagalileo slide mat (ASIN:B0CGDQ9S64),Gagalileo,2025-09-30,2026-09-30,10.00%,1000000.0,999860.24,0,800,false
[B0C3QD6Z59],amzn1.campaign.2HGEHL0NEIX0E,Gagalileo kicking pad (ASIN:B0C3QD6Z59),Gagalileo,2025-09-30,2026-09-30,10.00%,1000000.0,1000000.0,0,800,false
[B0FNML2D8L],amzn1.campaign.3JLPAW56A25FS,🚀 #1 New Release–Cute Duck Toilet Bolt Covers | Holiday Gift & Bathroom Glow-Up,MENNTY,2025-09-30,2026-09-30,15.00%,6000.0,5969.39,0,800,false
[B0FNMMR9MZ],amzn1.campaign.2SWI1HLGWJOCW,🚀 #1 New Release–Cute Duck Toilet Bolt Covers | Holiday Gift & Bathroom Glow-Up,MENNTY,2025-09-30,2026-09-30,15.00%,30000.0,29907.7,0,800,false
[B0BN2VNZ9F],amzn1.campaign.1CLCNO9SPCPEV,Gagalileo baseball net system (ASIN:B0BN2VNZ9F),Gagalileo,2025-09-30,2026-09-30,10.00%,1000000.0,1000000.0,0,800,false
[B0F6CFLWKL],amzn1.campaign.2IW21IV14LEFK,Earn High Commissions + Performance Bonuses Promoting GIDIGI pH Meter!,GIDIGI,2025-10-05,2026-09-30,10.00%,5000.0,4934.92,0,800,false
[B0BLW1Z18C],amzn1.campaign.12H70SRJLQ0BW,Gagalileo baseball net system (ASIN:B0BLW1Z18C),Gagalileo,2025-09-30,2026-09-30,10.00%,1000000.0,1000000.0,0,800,false
[B0BFQJNCKK],amzn1.campaign.2GHFFCYGEQ6B5,Gagalileo baseball net system (ASIN: B0BFQJNCKK),Gagalileo,2025-09-30,2026-09-30,10.00%,1000000.0,1000000.0,0,800,false
"[B0F2MM5XFB, B0F2MNBRFB]",amzn1.campaign.328AQ4QD5JDG0,Mfish 140W GaN Charger Collab - 10% Commission & $30K Budget!,MFish,2025-09-30,2026-09-30,10.00%,30000.0,29773.21,0,800,false
"[B0FKZ3CS42, B0FKZ2JTPZ]",amzn1.campaign.6K417VJZJRC0,"ECOROAD ES6 - Premium All-Terrain Electric Scooter (31MPH, 31-Mile Range)",ECOROAD,2025-09-30,2026-09-30,12.00%,10000.0,7673.89,0,800,false
"[B0F83HQQ9H, B0F83L5ZX4]",amzn1.campaign.3PRG6FL6WTL1X,Compatible dymo 913318 letratag label tapes,USUPERINK,2025-09-30,2026-09-30,10.00%,5000.0,4975.0,6,800,false
[B0F38NPB8Y],amzn1.campaign.J2K8DBKKCOSV,Ultimate Battle Twin Pack + TENTAM's Gel Ball Blaster Twin Pack,TENTAM,2025-09-30,2026-09-29,15.00%,5000.0,4920.23,0,800,false
[B0F38NPB8Y],amzn1.campaign.CDGVYAHJJ2T1,Ultimate Battle Twin Pack + TENTAM's Gel Ball Blaster,TENTAM,2025-09-30,2026-09-30,15.00%,5000.0,4927.07,0,800,false
"[B0FN7DD5JF, B0FRRL12YQ, B0FPFJBXZM, B0FRFQDY2J, B0FNMWMMFG, B0FN7DS19M, B0FS1HYNWF, B0FNMZ2S7P, B0FS1CVF26, B0FPFLZ2D2, B0FNN2456X, B0FPFJQKPZ, B0FRF85K6C, B0FRF9GYBS, B0FRFBQVB6]",amzn1.campaign.2I4SKDXXFYKGJ,🎉Hurry~choosing you want 15% OFF Garvee’s windproof aluminum greenhouse!#TFX,GARVEETECH,2025-09-30,2026-09-30,12.00%,20000.0,19810.69,0,800,false
"[B0FKS3LDCW, B0FKS75HHK, B0FKRHBH22, B0FKSC12FH, B0FKRVBZZR, B0FKRGTGXJ, B0FKSNWLSR, B0FKRX88JH]",amzn1.campaign.3V0LD5LQ7Q8HG,Retro Oval Sunglasses for Women Men 10% commission,YMRFW,2025-09-30,2026-09-29,10.00%,100000.0,99995.6,0,800,false
[B09Y1PNQ17],amzn1.campaign.2UHJG8QKW04KW,Gagalileo baseball net system (ASIN:B09Y1PNQ17),Gagalileo,2025-09-30,2026-09-30,10.00%,1000000.0,999992.39,0,800,false
"[B0FMRH2PHB, B0FMRM3BRL, B0FMRHD1SZ, B0FMRN9JRR, B0FMRJVT2W]",amzn1.campaign.GLZUCIX48CNS,"RSLOVE Women's Christmas Jumpsuit, Bestseller: $100K Annual Revenue - 690",RSLOVE,2025-09-30,2026-09-30,10.00%,5000.0,4568.79,0,800,false
"[B0CJBWW73S, B0CJBW4TC8, B0CJBVP9WB]",amzn1.campaign.3AUXJV8UCWAM1,"RSLOVE Christmas Thigh High Stockings, Bestseller: $100K Annual Revenue - 510",RSLOVE,2025-09-30,2026-09-30,10.00%,5000.0,4955.15,0,800,false
[B08XWYRP9F],amzn1.campaign.H1NJWYGX6DUB,Gagalileo golf net system (ASIN:B08XWYRP9F),Gagalileo,2025-09-30,2026-09-30,10.00%,1000000.0,1000000.0,0,800,false
[B08P1L75D8],amzn1.campaign.371SWTT8OAVZ,Gagalileo baseball net system (ASIN:B08P1L75D8),Gagalileo,2025-09-30,2026-09-30,10.00%,1000000.0,1000000.0,0,800,false
[B08M9K1BTR],amzn1.campaign.1NG9W2S7IPD35,Gagalileo golf net system (ASIN:B08M9K1BTR),Gagalileo,2025-09-30,2026-09-30,10.00%,1000000.0,1000000.0,0,800,false
"[B0FKZ2L49G, B0FKYYZ2RJ]",amzn1.campaign.3BK2QDBRTBQDD,ECOROAD ES4 - A city commuter vehicle that delivers both performance and value,ECOROAD,2025-09-30,2026-09-30,12.00%,10000.0,9283.36,0,800,false
[B076RR16KH],amzn1.campaign.32ASNPG85J2AF,Gagalileo golf net system (ASIN:B076RR16KH),Gagalileo,2025-09-30,2026-09-30,10.00%,1000000.0,1000000.0,0,800,false
[B0FKG8FKYS],amzn1.campaign.17CTDPGC596NU,【2 PCS】Onion Slicer Holder,WELLFAR,2025-09-30,2026-09-30,20.00%,50000.0,49989.51,0,800,false
[B0FGT2B9JL],amzn1.campaign.OJXIX1SFQ28H,Stainless Steel Shawarma Pan for Oven,WELLFAR,2025-09-30,2026-09-30,20.00%,50000.0,49998.06,1,800,false
"[B0FGD969LY, B0FGD8JQ18, B0FGD8SR7G, B0FGD7DTWJ, B0FGDB31GN, B0FGDB42MT, B0FGDBWJWD, B0FGDBXZYS, B0FGD8VJ57, B0FMQRBCLX, B0FGDBX6BH, B0FGCPR8JR, B0FGCSW69B, B0FGDC9M6M, B0FGD7CJ2F]",amzn1.campaign.19E3SLR3DX0YN,cili 15%,Kolvoii,2025-09-30,2026-09-30,15.00%,99999.0,99983.75,0,800,false
"[B0FGD969LY, B0FGD8JQ18, B0FGD8SR7G, B0FGD7DTWJ, B0FGDB31GN, B0FGDB42MT, B0FGDBWJWD, B0FGDBXZYS, B0FGD8VJ57, B0FMQRBCLX, B0FGDBX6BH, B0FGCPR8JR, B0FGCSW69B, B0FGDC9M6M, B0FGD7CJ2F]",amzn1.campaign.1X900EI8KCUVZ,cili 14%,Kolvoii,2025-09-30,2026-09-30,14.00%,99999.0,99999.0,1,800,false
"[B0FGD969LY, B0FGD8JQ18, B0FGD8SR7G, B0FGD7DTWJ, B0FGDB31GN, B0FGDB42MT, B0FGDBWJWD, B0FGDBXZYS, B0FGD8VJ57, B0FMQRBCLX, B0FGDBX6BH, B0FGCPR8JR, B0FGCSW69B, B0FGDC9M6M, B0FGD7CJ2F]",amzn1.campaign.1ZS8YG51USQXQ,cili 13%,Kolvoii,2025-09-30,2026-09-30,13.00%,99999.0,99999.0,3,800,false
"[B0FGD969LY, B0FGD8JQ18, B0FGD8SR7G, B0FGD7DTWJ, B0FGDB31GN, B0FGDB42MT, B0FGDBWJWD, B0FGDBXZYS, B0FGD8VJ57, B0FMQRBCLX, B0FGDBX6BH, B0FGCPR8JR, B0FGCSW69B, B0FGDC9M6M, B0FGD7CJ2F]",amzn1.campaign.3ENMP5BT3MECG,cili 12%,Kolvoii,2025-09-30,2026-09-30,12.00%,99999.0,99999.0,5,800,false
"[B008KNZNW4, B008KOAR24, B008KO2Z3S, B008KO2MKY, B008KO17LY, B09Z7J16YB, B008KO2OWK, B008KO2Q1O, B008KO1UWK, B008KO2HGS, B008KO0FFS, B008KO14RQ, B008KO1CTG, B008KO01JI]",amzn1.campaign.3Q0TSFB2AMTOG,Creator Connection 1,SnazzySwitch,2025-09-30,2026-09-30,25.00%,5000.0,4994.24,0,800,false
"[B0FGD969LY, B0FGD8JQ18, B0FGD8SR7G, B0FGD7DTWJ, B0FGDB31GN, B0FGDB42MT, B0FGDBWJWD, B0FGDBXZYS, B0FGD8VJ57, B0FMQRBCLX, B0FGDBX6BH, B0FGCPR8JR, B0FGCSW69B, B0FGDC9M6M, B0FGD7CJ2F]",amzn1.campaign.18ERBQJCJVSCO,cili 11%,Kolvoii,2025-09-30,2026-09-30,11.00%,999999.0,999999.0,0,800,false
"[B0FGD969LY, B0FGD8JQ18, B0FGD8SR7G, B0FGD7DTWJ, B0FGDB31GN, B0FGDB42MT, B0FGDBWJWD, B0FGDBXZYS, B0FGD8VJ57, B0FMQRBCLX, B0FGDBX6BH, B0FGCPR8JR, B0FGCSW69B, B0FGDC9M6M, B0FGD7CJ2F]",amzn1.campaign.XWKFL1241259,cili 10%,Kolvoii,2025-09-30,2026-09-30,10.00%,99999.0,99999.0,9,800,false
[B0F4RK1DHZ],amzn1.campaign.1RID6SW0IP7ZP,Coloring Markers for Adults 36 Colors,WELLFAR,2025-09-30,2026-09-30,20.00%,50000.0,49997.12,0,800,false
[B0F4RKHNYS],amzn1.campaign.1FS2RI7HJLQDM,Dual Tip Markers 12 Colors,WELLFAR,2025-09-30,2026-09-30,20.00%,50000.0,49998.4,0,800,false
[B07HRGD1DW],amzn1.campaign.22MUU5F1X7MRZ,Gagalileo golf net system (ASIN:B07HRGD1DW),Gagalileo,2025-09-30,2026-09-30,10.00%,1000000.0,999989.94,0,800,false
[B0FM2Y2M8G],amzn1.campaign.3BWW1YZ1T7537,US-TK-029 14%,Kolvoii,2025-09-30,2026-09-30,14.50%,111111.0,111111.0,0,800,false
[B0FM2Y2M8G],amzn1.campaign.TKVWEW7PA09T,US-TK-029 13%,Kolvoii,2025-09-30,2026-09-30,13.50%,111111.0,111111.0,0,800,false
[B0FM2Y2M8G],amzn1.campaign.38MZPNCLPBY15,US-TK-029 12%,Kolvoii,2025-09-30,2026-09-30,12.50%,111111.0,111111.0,0,800,false
[B0FM2Y2M8G],amzn1.campaign.NVLHQR9RI19B,US-TK-029 11%,Kolvoii,2025-09-30,2026-09-30,11.50%,111111.0,111111.0,4,800,false
[B0FM2Y2M8G],amzn1.campaign.F9QEK5T8Q3WD,US-TK-029 10%,Kolvoii,2025-09-30,2026-09-30,10.50%,100000.0,100000.0,4,800,false
"[B0FM2Y2M8G, B0DQBCCZKW, B0D8KPRKZ9, B0DQBBNXCR, B0DPZZXRVX]",amzn1.campaign.2S8N6D3LPYDLR,US-TK-029+14+16+17+18-2-15%,Kolvoii,2025-09-30,2026-09-30,15.00%,100000.0,99896.14,0,800,false
"[B0FM2Y2M8G, B0DQBCCZKW, B0D8KPRKZ9, B0DQBBNXCR, B0DPZZXRVX]",amzn1.campaign.2FDKEGUDSXTJE,US-TK-029+14+16+17+18-2-14%,Kolvoii,2025-09-30,2026-09-30,14.00%,1000000.0,1000000.0,0,800,false
"[B0FM2Y2M8G, B0DQBCCZKW, B0D8KPRKZ9, B0DQBBNXCR, B0DPZZXRVX]",amzn1.campaign.ELNM192VROL,US-TK-029+14+16+17+18-2-13%,Kolvoii,2025-09-30,2026-09-30,13.00%,50000.0,50000.0,1,800,false
"[B0FM2Y2M8G, B0DQBCCZKW, B0D8KPRKZ9, B0DQBBNXCR, B0DPZZXRVX]",amzn1.campaign.LGRLJM8HOKPL,US-TK-029+14+16+17+18-2-15%,Kolvoii,2025-09-30,2026-09-30,12.00%,50000.0,50000.0,6,800,false
"[B0FM2Y2M8G, B0DQBCCZKW, B0D8KPRKZ9, B0DQBBNXCR, B0DPZZXRVX]",amzn1.campaign.1RI2THL55GDN6,US-TK-029+14+16+17+18-2-15%,Kolvoii,2025-09-30,2026-09-30,11.00%,500000.0,500000.0,3,800,false
"[B0FM2Y2M8G, B0DQBCCZKW, B0D8KPRKZ9, B0DQBBNXCR, B0DPZZXRVX]",amzn1.campaign.2HELR77NMZEHS,US-TK-029+14+16+17+18-2-15%,Kolvoii,2025-09-30,2026-09-30,10.00%,500000.0,500000.0,8,800,false
"[B0F4QSB2SV, B0FBGH96FL]",amzn1.campaign.ZH3N7BBDKG2I,20” Lawn Aerator Tool—designed for homeowners and garden enthusiasts,JILLSKY,2025-09-30,2026-09-30,10.00%,5000.0,4984.0,0,800,false
[B0F8J29BQB],amzn1.campaign.70HPO4PKW4YN,DF-9099D,DEFENTAC,2025-09-30,2026-09-29,10.00%,5000.0,4984.06,10,800,false
[B0D6JW9M5Z],amzn1.campaign.1NZI49ZF5C5LR,commission 10%  B0D6JW9M5Z  vegetable chopper  When: October 1    1 year,QDGMXIV,2025-10-01,2026-10-01,10.00%,20000.0,20000.0,0,800,false
[B0D6K54HCC],amzn1.campaign.1Z0U41J1F1I64,commission 10%  B0D6K54HCC  vegetable chopper   When: October 1 1 year,QDGMXIV,2025-10-02,2026-10-01,10.00%,10000.0,10000.0,1,800,false
[B0D6K54HCC],amzn1.campaign.2XOID3G8RNU7M,commission 10%  B0D6K54HCC  vegetable chopper   When: October 1 1 year,QDGMXIV,2025-10-01,2026-10-01,10.00%,20000.0,20000.0,2,800,false
[B0D6K54HCC],amzn1.campaign.1GMP7JLIWD3TT,commission 10%  B0D6K54HCC  vegetable chopper   When: October 1 1 year,QDGMXIV,2025-09-30,2026-09-30,10.00%,20000.0,20000.0,4,800,false
[B0DFX1C1Q1],amzn1.campaign.1113SOYRADIE3,Bracelet Making Kit commission 10%   When: October 1    1 year,QDGMXIV,2025-10-01,2026-10-01,10.00%,20000.0,20000.0,10,800,false
"[B0DJ5K64LP, B0DKD32SG8, B0DKD2S1D7, B0DJ5JQMKT, B0DJ5K1FGK, B0DJ5KSTJV, B0DJ5KDWNM, B0DKD3S7C2, B0DKD3KDC6, B0DJ5KPNBD, B0DKD35K2D, B0DKD3JJQB, B0DJ5KV5GK, B0DJ5J9Z4Q, B0DJ5JNKK6, B0DJ5JT95Y, B0DKD469ZK, B0DKD2XPH2]",amzn1.campaign.1OSFVMQQ7GE59,"Earn 15% Commission. Dusk-to-Dawn Gold Post Light, IP68, 4.5★",Flybling,2025-09-30,2026-09-30,10.00%,1000000.0,1000000.0,0,800,false
[B0DFX1C1Q1],amzn1.campaign.3AFW35RKE4ZV8,Bracelet Making Kit commission 10%   When: September 30 to November 30,QDGMXIV,2025-09-30,2026-09-30,10.00%,20000.0,19999.0,16,800,false
"[B0FBW6NQVX, B0F879Z668]",amzn1.campaign.24FVGJ0CA1G7D,"Earn 12% Commission. 100W Super Bright LED Work Light, IP66, 10000LM",LPNSADK9,2025-09-30,2026-09-30,10.00%,1000000.0,1000000.0,0,800,false
"[B0DH4WMW5T, B0DH4TN7Z3, B0DH4VYQM4, B0DH4V1PHZ, B0DH4VSH4H, B0DH4V6RJM, B0DH4T5TJX, B0DH4V515X, B0DH4TFG7M, B0FPF3BZ9N, B0FPF3KF3H, B0DH4TR2Z4, B0DXVY6BFY, B0DH4R93Q9, B0FPF3MDTJ, B0FPF4GV26, B0DH4VPJS9, B0DH4WWTXJ, B0FPF2XQP5, B0DH4V3QY3, B0FPF385MW, B0FPF4DFP9, B0DH4W4N7F, B0DRT431D8, B0DRT431D7, B0DRT3VZLD, B0DH4VV7K8, B0DH4TCDHM, B0FPF2HKJJ, B0DRT4SX6L, B0DRT3CL54, B0DH4VRGTT, B0DH4TCPB5, B0FPF4FF53, B0FPF3R9W8, B0DH4V6B5P, B0FPF3M2P7]",amzn1.campaign.2IQ2VHODMY4IN,"MlipHD Lace Closure or frontal Body Wave, 0.10mm Ultra Thin Invisible Swiss Lace",mlip,2025-09-30,2026-09-30,10.00%,10000.0,10000.0,6,800,false
"[B0D9TBY3MZ, B0D9TBQHJY, B0D9TC8FYS, B0FL1K16D7, B0D9TCB2XN, B0FL1Q5R9B, B0FL1Q9N9G, B0DJBYVPTR, B0D9TBX7PT, B0FL1Q9N18, B0D9TCFD78, B0D9TBT1YC, B0D9TCR654, B0D9TB2CDX, B0D9TBKFY3, B0FL1N4DP3, B0D9TCJ28V, B0D9TBTWKD, B0D7GWCMBN, B0D9TCW2JZ, B0D9TBKZH6, B0D9TBV79M, B0D9TBY5YS, B0FL1Q5Z1V, B0D9TCK9Q3, B0D9TCJ84W, B0D9TBVZK1, B0D9TBX9KX, B0D9TCHCZ6, B0D9TBTSJX, B0D9TCH1GB, B0FL1S3648, B0FL1JZN66, B0FL1MYF8Y, B0D7M8BGYS, B0FGTV5TS2, B0D7LMVC5Y, B0D9TCH3NZ, B0D9TC1VLD, B0D9TBQCKS, B0FL1Q4KSN, B0FRMXPY6M, B0FL1R34XX, B0FM74JRXM, B0FL1PW838, B0D9TCV6FT, B0D9TCG2X1, B0FMQBXF4S, B0D9TC9H3F, B0D9TD5Y5S, B0FSJZQP4W, B0FL1JZFTY, B0D9TCV997, B0D9TC5HL6, B0D9TC13NF, B0D9TC6S9K, B0FH4FCVP2, B0D9TC13ND, B0D9TC1598, B0D7LBK8W2, B0D7H5PV5Z, B0D9TBLJNQ, B0D9TBQBTG, B0FL1QF5T8, B0D9TBSZ8Q, B0D9TBPXZS, B0D7LPRNXW, B0D9TBLW89, B0D9TCFH89, B0D7LYXQ3R, B0D9TD1H59, B0FGTPTCMK, B0FL1JYTH8, B0D9TCCRHQ, B0DKFKGLCN, B0D9TB7MSH, B0D7LYJTDJ, B0FL1M9XMW, B0D9TBW2JC, B0FL1Q4L71, B0D9TBVG5Y]",amzn1.campaign.2HY3PF2LC8ROR,15A mlip Raw Bundles Human Hair Body Wave Triple the Lifespan No Tangle Shedding,mlip,2025-09-30,2026-09-30,10.00%,10000.0,4860.11,0,800,false
[B0DJNMVQYX],amzn1.campaign.2BW9BGTF6MXZ1,"Shop-Wide 5% OFF on 2 Items! 4.5★ Iridescent Risers, 1000+ Sold/Month 🌈",SHUNKAIZS,2025-09-30,2026-09-30,10.00%,1000000.0,1000000.0,0,800,false
"[B0DRCZJTRQ, B0DRCXK9J1, B0DRCX9Z7C, B0DRCW3B8Y, B0DRCZYY3L, B0DRCVDYDM, B0DRCXMGP1, B0DRD298QL, B0DRCXRFFR, B0DRD2CPC4, B0DRD159P3, B0DRCV5LJK, B0DRCXVLWK, B0DRCY74KT, B0DRCWRNYT, B0DRCZ1JL2, B0DRCY9YZ4, B0DRCWKSYT, B0DRCW1K9T, B0DRCXBSXF, B0DRCYZC3P, B0DRCZ21FW, B0DRCZ7GCD, B0FLBGNF3L, B0DRCWYB5H, B0DRCYT7ZH, B0DRCW28JG, B0DRCWYB5C, B0DRCZ4J9Y, B0FG1GY8JH, B0DRCZ691P, B0DRCXP8K8, B0DRCWBCN1, B0DRCZ7ZYB, B0DZD6CRTY, B0DRCZ4XN1, B0DRCXPT9N, B0DRCXLP21, B0DRD1MV2H, B0DRCXXKHW, B0FKY1QZJR, B0FLPNQWX9, B0DRCWKR8X, B0DRCYC1JS, B0DRCY65YV, B0DRCXJ7ZK, B0DRCYNNGT, B0DRCXV2DJ, B0DRCXQQY9, B0DRCXGMS2, B0DRCXJ7FG]",amzn1.campaign.17F0T8QZ6TV5A,"15A mlip Raw Bundles Human Hair Straight, No Tangle Shedding Triple the Lifespan",mlip,2025-09-30,2026-09-30,10.00%,10000.0,10000.0,0,800,false
"[B0FFTQ45NQ, B0FFTMMRLC, B0FFTQ3X63, B0FFTNB5XF, B0FFTN6YNH, B0FFTJPD3W, B0FFTNW3W2, B0FFTNCNCS, B0FFTMWM2J, B0FFXW9TKP, B0FFYH4LG2, B0FFZ3LKJS, B0FFTQWVMC, B0FFTNZWHZ, B0FFX6XPCQ, B0FFTN158P, B0FFTQVH9S, B0FFYGSJ41, B0FFTPB5F7, B0FFY13SPG, B0FFTNS7WJ, B0FFTNWH5T, B0FFYKKJHG, B0FFYGNV43, B0FFYH1GLZ, B0FFTPSYK1, B0FFTNTBBV, B0FFTPCH48, B0FFY1B7GQ, B0FFYFW76M, B0FFTND1SQ]",amzn1.campaign.2U5Q1OCMYDWZQ,18A mlip Raw Indian Hair Bundle Straight Enhanced Quality Bundle Virgin Hair,mlip,2025-09-30,2026-09-30,15.00%,10000.0,10000.0,0,800,false
[B0DLZMCR79],amzn1.campaign.3BOJAASWE6USJ,"Shop-Wide 5% OFF on 2 Items! 4.5★ LED Display Case, 1000+ Sold/Month ✨",SHUNKAIZS,2025-09-30,2026-09-30,10.00%,1000000.0,1000000.0,0,800,false
"[B0C49B4G3M, B0CPSRKBJ4, B0CPSS1CV2, B0CPSS8KWR, B0C49CY5T8]",amzn1.campaign.2E25VISLCOVXK,DTP Connector2-10%,Deutusacc,2025-09-30,2026-09-30,10.00%,5000.0,4986.87,5,800,false
[B0DN4M2YQX],amzn1.campaign.8IWWGST1O9TJ,"Earn 10% Commission. Shop-Wide 5% OFF on 2 Items! 4.5★, 1000+ Sold/Month 🎩",SHUNKAIZS,2025-09-30,2026-09-30,10.00%,1000000.0,1000000.0,0,800,false
"[B0B1BSZHXF, B0B38HRHKH, B09YC85Z88]",amzn1.campaign.3BF7G2IJRD132,创作者：straight单条24 26 28,WOWQUEEN,2025-09-30,2026-09-29,10.00%,200000.0,199880.24,0,800,false
[B0DJ2BGK97],amzn1.campaign.1R5SPTWSN98P4,玩偶,APLANDUS,2025-09-30,2026-09-29,10.00%,5000.0,4976.35,0,800,false
"[B0FK9XSC25, B0FK9W79FR]",amzn1.campaign.1I7LIKTXRJ6JN,读书袜+狩猎袜,Bibalabili,2025-09-30,2026-09-29,10.00%,5000.0,4992.67,0,800,false
[B0CQ71ZTZV],amzn1.campaign.2Y6GOB8IS4C19,10 campaign: Calm Me,Calm Me,2025-10-04,2026-09-30,10.00%,50000.0,49968.8,0,800,false
"[B0CQ1TB2YQ, B0BWMG4P85, B0CQF9M1XJ, B09GNVLW8B, B0C3WSZH61, B0DJDWG65V, B089KCWBHT, B0BWMF3BR6, B087LPG35Q, B0C3WW3QM5, B0BWMG4XNH, B0C3ZKXNNJ, B0BWMJHFX2, B0CQ1LD82M, B0BXN7R8GB, B09NBR46R9, B08M9JXZYV, B072N3S7LV, B07JMYGFG9, B08KYJZD7P, B08KYLYY4Q, B08J1PZNF6, B07YQNTMCY, B09QBPVSYQ, B09NBK21WN, B0BXNVPYPV, B0CGZ51GMS, B09QC8HPPG, B089F592HC, B09NBHWXXM, B09FKYQ9FK, B07QKS1CYL, B09NBK16DD, B09NBHM3DP]",amzn1.campaign.1YOLZVKTQK6YP,"Easy to promote office products - Shipping Label Printers, Labels & Accessories",Arkscan,2025-10-01,2026-10-01,15.00%,5000.0,5000.0,0,800,false
[B0CQ71ZTZV],amzn1.campaign.1IW1VEHGWBR7I,New campaign: Calm Me 2,Calm Me,2025-09-30,2026-09-30,10.00%,50000.0,49902.82,0,800,false
[B0CTFTRDHT],amzn1.campaign.161VG88BJMIFO,Benfotiamine Pure Powder - 100 gram Powder,Vitamatic,2025-09-30,2026-09-30,10.00%,50000.0,49968.62,0,800,false
[B0D2QBKPGH],amzn1.campaign.EQBY9EOSAEUM,Saw Palmetto Extract - 180 Capsules,Vitamatic,2025-09-30,2026-09-30,10.00%,50000.0,49976.3,0,800,false
[B0CZKS6VMF],amzn1.campaign.XCGMRXXA31LJ,Bovine Grass Feed Colostrum Chocolate Flavor  - 81 gram(2.85 oz),Vitamatic,2025-09-30,2026-09-30,10.00%,50000.0,49994.2,0,800,false
[B0D6GPC9W9],amzn1.campaign.22DF6XMLWMZ1,DGL Licorice 380 mg - 200 Capsules,Vitamatic,2025-09-30,2026-09-30,10.00%,50000.0,49985.33,0,800,false
"[B0FNPQTFHN, B0FNNLLD4H, B0FNPSZ5MJ]",amzn1.campaign.5ZOW3F4PYX6F,Connect More. Carry Less.  One cable to smooth the Lightning to USB-C Transition,EARBUDi,2025-09-30,2026-09-30,30.00%,20000.0,19993.25,0,800,false
[B0D1QSF5B6],amzn1.campaign.2786B2PT6GLZB,Cascara Sagrada - 180 Capsules,Vitamatic,2025-09-30,2026-09-30,10.00%,50000.0,49994.0,0,800,false
[B0DSH6HBCD],amzn1.campaign.13ZD2WFLXOJ6F,Magnesium Citrate 1000 mg per serving - 250 Grams,Vitamatic,2025-09-30,2026-09-30,10.00%,50000.0,49997.5,0,800,false
[B0CVRBVWVZ],amzn1.campaign.3KS094QN75PJJ,Tongkat Ali 1800 mg - 180 Capsules,Vitamatic,2025-09-30,2026-09-30,10.00%,50000.0,49988.47,0,800,false
[B0D6TGQZXM],amzn1.campaign.2KCZNKJ64RMSR,Magnesium Aspartate 1000 mg per serving - 250 Grams,Vitamatic,2025-09-30,2026-09-30,10.00%,50000.0,49995.0,0,800,false
[B0D6SM3SW6],amzn1.campaign.2PJU5K1K79QLK,Magnesium Glycinate 1000 mg per serving - 250 Grams,Vitamatic,2025-09-30,2026-09-30,10.00%,50000.0,49952.81,0,800,false
[B0DLP9PFXZ],amzn1.campaign.1ZDR4AJH8QJEI,Shilajit Complex - 120 Capsules,Vitamatic,2025-09-30,2026-09-30,10.00%,50000.0,49998.1,0,800,false
[B0CNY3PHTZ],amzn1.campaign.3O7UQQG65GE5T,Liquid Organic Irish Sea Moss - 2 FL Oz,Vitamatic,2025-09-30,2026-09-30,10.00%,50000.0,50000.0,0,800,false
[B0DB1D3HWW],amzn1.campaign.3T2FGD89LB5BL,Magnesium 400 mg Gummies - 60 Gummies,Vitamatic,2025-09-30,2026-09-30,10.00%,50000.0,49999.0,0,800,false
[B0CYXGQHFY],amzn1.campaign.2TDEQ8Q0KAX3S,Vitamin A 25000 IU Gummies - 120 Gummies,Vitamatic,2025-09-30,2026-09-30,10.00%,50000.0,49974.08,0,800,false
[B0D91NYTW8],amzn1.campaign.1HZ8VL5TMPWWK,Mushroom Complex with D3 Gummies - 60 Gummies,Vitamatic,2025-09-30,2026-09-30,10.00%,50000.0,49991.25,0,800,false
[B0D7VDV5CR],amzn1.campaign.A2XVK5P0ZGFQ,Green Tea Extract - 180 Capsules,Vitamatic,2025-09-30,2026-09-30,10.00%,50000.0,49971.37,0,800,false
[B0DJS63VBK],amzn1.campaign.3QMB7D1Z7S8TO,"Sea Moss with Black Seed Oil, Ashwagandha, Turmeric, Bladderwrack - 180 Capsules",Vitamatic,2025-09-30,2026-09-30,10.00%,50000.0,49993.75,0,800,false
[B0CZL9MD13],amzn1.campaign.17463GPBVZAUE,Bovine Grass Feed Colostrum Vanilla Flavor  - 81 gram(2.85 oz),Vitamatic,2025-09-30,2026-09-30,10.00%,50000.0,49994.23,0,800,false
[B0D6T5W1S3],amzn1.campaign.28OVZQP8DGFE4,Magnesium Bisglycinate 2000 mg per serving - 250 Grams,Vitamatic,2025-09-30,2026-09-30,10.00%,50000.0,49998.5,0,800,false
[B0CV7SSY4T],amzn1.campaign.1O4MG77K4OZC5,Vaginal Probiotics 20 Billions - 60 Capsules,Vitamatic,2025-09-30,2026-09-30,10.00%,50000.0,49985.24,0,800,false
[B0D1Q7CJ3H],amzn1.campaign.3G64VEPUX6QL3,Slippery Elm Bark - 180 Capsules,Vitamatic,2025-09-30,2026-09-30,10.00%,50000.0,49969.44,0,800,false
[B0CXPF9Q43],amzn1.campaign.TVEO4FDRV9CK,Ceylon Cinnamon 500 mg - 240 Capsules,Vitamatic,2025-09-30,2026-09-30,10.00%,50000.0,49940.51,0,800,false
[B09V9TCRZS],amzn1.campaign.GUOZWNC0RTD0,Potassium Iodide 65 mg - 60 Tablets,Vitamatic,2025-09-30,2026-09-30,10.00%,50000.0,49993.29,0,800,false
[B0CZ6NVNLJ],amzn1.campaign.2DI566N1SVZGE,GABA 750 mg - 240 Capsules,Vitamatic,2025-09-30,2026-09-30,10.00%,50000.0,49990.3,0,800,false
"[B0F3L2KWZW, B0DW1ZP1R5]",amzn1.campaign.3DHI8OJ6QUOEO,October Reset: Natural Defense for Every Smile,M3 Naturals,2025-09-30,2026-09-30,20.00%,10000.0,9995.0,0,800,false
[B0DSHBMQX2],amzn1.campaign.34MLFLOYB1U7K,Vitamin B1 Pure Powder - 100 Grams Powder,Vitamatic,2025-09-30,2026-09-30,10.00%,50000.0,49994.0,0,800,false
"[B0F2D19MZQ, B0DM3R5918, B0F2DY7KKW]",amzn1.campaign.2O4IZ1CLJM1MA,October Ready: Stronger Smiles for a New Season,M3 Naturals,2025-09-30,2026-09-30,20.00%,10000.0,9998.8,0,800,false
[B0DPQR9WR3],amzn1.campaign.3TU9REW9TJZIW,41% CR - Enrichment Interactive Dog Treat Toy (Orange-Beginner),DollSheriffgoo,2025-09-30,2026-09-30,41.00%,5000.0,5000.0,0,800,false
[B0DPQWDRTL],amzn1.campaign.3MF5YX5IA4B56,35% CR - Dog Puzzle Toy Mental Stimulation (Green Push-Intermediate),DollSheriffgoo,2025-09-30,2026-09-30,35.00%,5000.0,4983.0,1,800,false
[B0DPQVN6K8],amzn1.campaign.IW3R691OIE7W,35% CR - Dog Puzzle Toy Mental Stimulation (Advanced-Mars Green Brainstorm),DollSheriffgoo,2025-09-30,2026-09-30,35.00%,5000.0,5000.0,5,800,false
[B0DPQWKFMS],amzn1.campaign.N4PS0MEMOINC,34% CR - Dog Puzzle Toy Mental Stimulation (Blue-Advanced),DollSheriffgoo,2025-09-30,2026-09-30,34.00%,5000.0,5000.0,2,800,false
"[B0FDR6YKGM, B0FDR627JR]",amzn1.campaign.3KIGS2NLYVTZE,240&600 LEDS Red light therapy mat for body,PPOKK,2025-09-30,2026-09-30,10.00%,5000.0,4232.92,0,800,false
[B0FJ2PLD45],amzn1.campaign.1M1DV6RVZ9PK5,Loops Pro - All-Day Comfort Reusable Respirator (Creator Review),Facemask,2025-09-30,2026-09-30,20.00%,30000.0,29942.09,0,800,false
"[B0F7LSF3R6, B0F7LT4TPV, B0F7LRN1NQ]",amzn1.campaign.26AFJX6UK5K5Y,41% CR - Interactive Dog Treat Toy (Beginner),LiuMelinda,2025-09-30,2026-09-30,41.00%,5000.0,5000.0,8,800,false
"[B0D4LGXVV8, B0D4LP9NPH, B0D946LXLD, B0D4LDXNJF, B0CSSZ12VR, B0D4LN53Q3, B0D4LWRN14, B0CYX46F21, B0CSKHW4P8, B0D9457V96, B0CSPG2W9D, B0CRHPFYTH, B0CST1RD4B, B0D943D2ZG, B0CRR2NXB5]",amzn1.campaign.1JE934J0ERXCW,37% CR - DOG CHEW TOYS FOR AGGRESSIVE CHEWERS,LiuMelinda,2025-09-30,2026-09-30,37.00%,5000.0,5000.0,0,800,false
[B0FB3XG9WM],amzn1.campaign.1MBWB7EZPJ8AN,35% CR - Dog Treat Puzzle Feeder (Advanced-Brainstorm),LiuMelinda,2025-09-30,2026-09-30,35.00%,5000.0,5000.0,7,800,false
"[B0F2J1N4HL, B0F2J26TNQ]",amzn1.campaign.1UDS7EXWETQR1,34% CR - Dog Treat Puzzle Feeder (Advanced),LiuMelinda,2025-09-30,2026-09-30,34.00%,5000.0,5000.0,5,800,false
[B0F4YTGRWL],amzn1.campaign.1V4GB504XG53X,【2 PCS】Onion Holder for Slicing,Girla,2025-09-30,2026-09-30,20.00%,50000.0,49976.29,0,800,false
"[B09BG93FMF, B0CVNL2QC3, B0CLQB5VCR, B09BG78QHM, B0DJGHW6T1, B0DNV1YR97, B0CVLX32BM]",amzn1.campaign.1A7XN232GWIOX,"Chuga Shilajit Resin & Tablets –  Strength Stored, Cost Lowered - 50% OFF 🔋",Chuga Shilajit,2025-09-30,2026-09-30,25.00%,20000.0,19986.25,0,800,false
[B0DPJNM62K],amzn1.campaign.2BZSJG8A6MAE,Chuga Collagen & Colostrum –  Radiance Unlocked – 50% Savings 🌟,Chuga Shilajit,2025-09-30,2026-09-30,25.00%,20000.0,19992.62,0,800,false
[B0DPGP3R44],amzn1.campaign.3KORV8TNSFOS9,Chuga Super Greens –  Vital Greens - 50% OFF 🌿,Chuga Shilajit,2025-09-30,2026-09-30,25.00%,20000.0,20000.0,5,800,false
[B0DZ31CFQG],amzn1.campaign.22RN174FTE2AI,Lounge in Luxury: Comfort with the Premium Adult XL Pool Float Lounger,POOLSIDER,2025-09-30,2026-09-30,12.00%,100000.0,100000.0,2,800,false
"[B0DRF1KFF7, B0DS1GHRNM, B0DRDYP557]",amzn1.campaign.25JFSOMK6BXF3,Float in Style: Relaxation with the Premium Inflatable Tanning Pool Lounger,POOLSIDER,2025-09-30,2026-09-30,18.00%,100000.0,99995.26,0,800,false
[B0DZ32H558],amzn1.campaign.4XSXSEUNWTU3,Double the Comfort: Relaxation with Pool Chair Floats (2 Pack),POOLSIDER,2025-09-30,2026-09-30,12.00%,100000.0,100000.0,0,800,false
[B0CWJJCB3L],amzn1.campaign.21B9HRDVJ1YAX,Triple the Fun: Summer Relaxation with Inflatable Pool Floats (3 Pack),POOLSIDER,2025-09-30,2026-09-30,12.00%,100000.0,100000.0,0,800,false
"[B0DS1G82KG, B0DS1H5K5G, B0DS1G6BYM, B0DS1GHRNM]",amzn1.campaign.2I9Y22F3DCIO0,Float in Style: Relaxation with the Premium Inflatable Tanning Pool Lounger,POOLSIDER,2025-09-30,2026-09-30,12.00%,100000.0,100000.0,4,800,false
"[B0DWZ2LVK6, B0DWZ7TDT6, B0DWYZKWYK]",amzn1.campaign.13DTW80Y3SAQA,Summer Thrills: Fun with the POOLSIDER Premium Triple Slip and Slide Water Slide,POOLSIDER,2025-09-30,2026-09-30,15.00%,100000.0,100000.0,0,800,false
"[B0DRF262G3, B0DRDZMTFP, B0DRF1KFF7, B0DS1H5K5G, B0DS1G6BYM, B0DS1GHRNM, B0DRDYP557]",amzn1.campaign.1RTDU0ZO02IF,Float in Style: Relaxation with the Premium Inflatable Tanning Pool Lounger,POOLSIDER,2025-09-30,2026-09-30,13.00%,100000.0,100000.0,2,800,false
"[B0CWMWY74R, B0DR3GVJRF, B0CWMRGYWV, B0CWMRHY6J]",amzn1.campaign.25TGQG2LDCRV7,Confident Comfort: Discreet Feeding with the Muslin Nursing Cover Up,Babylicious,2025-09-30,2026-09-30,10.00%,100000.0,99995.8,0,800,false
"[B0CSR8XRV3, B0CSRBBV17, B0CGFCCJXP]",amzn1.campaign.2R9QLI52YJNX,Peaceful Sleep: Protection with the Waterproof Pack N Play Mattress Topper,Babylicious,2025-09-30,2026-09-30,12.00%,100000.0,99987.82,0,800,false
"[B0CHN262HS, B0CST8XBPG]",amzn1.campaign.35NZTJVSVMOBD,Cozy Protection: Comfort with the Waterproof Pack and Play Mattress Topper,Babylicious,2025-09-30,2026-09-30,12.00%,100000.0,99921.28,0,800,false
"[B0CWPFY72J, B0CWPPB5NY, B0CWPNNWL1]",amzn1.campaign.26NVNNNO3VO6Y,Organized Care: Everyday Convenience with the Baby Diaper Caddy Organizer,Babylicious,2025-09-30,2026-09-30,12.00%,100000.0,100000.0,0,800,false
"[B0D26JM6WL, B0CWPS47H1]",amzn1.campaign.3QD85KM90HMY7,Gentle Comfort: Everyday Essentials with Muslin Swaddle Blankets,Babylicious,2025-09-30,2026-09-30,12.00%,100000.0,99991.89,0,800,false
[B0D642YM2C],amzn1.campaign.PQ5TD0WNYN43,Roaring Adventures: Imaginative Play with Dinosaur Toys for Kids,Beyond Innoventions,2025-09-30,2026-09-30,12.00%,100000.0,99995.57,0,800,false
"[B0DR3C7SWD, B0DR3CPM5Z]",amzn1.campaign.39ANW3EUR2LE7,Piece by Piece: Organized Fun with the 1000 Piece Wooden Jigsaw Puzzle Board,Beyond Innoventions,2025-09-30,2026-09-30,10.00%,100000.0,99935.05,0,800,false
"[B0DRF262G3, B0DS1G82KG, B0DRDZMTFP, B0DRF1KFF7, B0DS1H5K5G, B0DS1G6BYM, B0DS1GHRNM, B0DRDYP557]",amzn1.campaign.3MXCEEMP7NM31,Float in Style: Relaxation with the Premium Inflatable Tanning Pool Lounger,Beyond Innoventions,2025-09-30,2026-09-30,15.00%,100000.0,99995.8,0,800,false
[B0DG43YDTG],amzn1.campaign.29IOVW51XWPLM,"Puzzle Anytime, Anywhere: Convenience with the Jigsaw Puzzle Mat Roll Up",Beyond Innoventions,2025-09-30,2026-09-30,12.00%,100000.0,99996.58,0,800,false
[B0DR3G2TKT],amzn1.campaign.33Y275P90HVS0,Smart Moves: Timeless Fun with the Wooden Magnetic Chess Set,Beyond Innoventions,2025-09-30,2026-09-30,10.00%,100000.0,99963.36,0,800,false
[B0D5G16Y7P],amzn1.campaign.14Q2JZ21QWEZ8,Calm in Your Hands: Relaxation with Stress Balls for Adults,Beyond Innoventions,2025-09-30,2026-09-30,10.00%,100000.0,99995.81,0,800,false
[B0DGRC1LSZ],amzn1.campaign.2AUOCKSDOF5YH,Piece by Piece: Organized Fun with the 1500 Piece Jigsaw Puzzle Board,Beyond Innoventions,2025-09-30,2026-09-30,12.00%,100000.0,99995.21,0,800,false
[B0BQNFRNYG],amzn1.campaign.IOLOZQU895GS,Piece by Piece: Relaxing Fun with the 1000 Piece Wooden Jigsaw Puzzle Table,Beyond Innoventions,2025-09-30,2026-09-30,13.00%,100000.0,100000.0,0,800,false
"[B0DRPRJ9VN, B0DSJYPYYT]",amzn1.campaign.2RJGVAK6G3Q8X,Adventure on Wheels: Confident Riding with Balance Bike with Headlight,Beyond Innoventions,2025-09-30,2026-09-30,15.00%,100000.0,99983.43,0,800,false
[B06W5G64VQ],amzn1.campaign.TZWGGWK1YF9X,⚡ DIY & Tech Influencers Needed – Coaxial Cable Crimper x 500K USD Budget!,ELenest,2025-10-03,2026-09-30,10.00%,9999.0,9997.3,0,800,false
[B06W5G64VQ],amzn1.campaign.3GBVA3BM1SSEF,🏆 Be Part of the Next Viral Tool Campaign – 500K USD Budget Available!,ELenest,2025-10-02,2026-10-01,10.00%,9999.0,9995.7,0,800,false
[B06W5G64VQ],amzn1.campaign.3G19PFN0XSQWR,"🔥 One Tool, Endless Content – Join the Collab With 500K USD Budget!",ELenest,2025-10-01,2026-09-30,10.00%,9999.0,9994.2,0,800,false
[B0FKH8GJXC],amzn1.campaign.360JD0RE1W0K8,💰 Join Our Steam Cleaning Revolution – Backed by 500K USD Influencer Budget!,STEAMIFY,2025-10-08,2026-09-30,15.00%,9999.0,9999.0,0,800,false
[B0FKH8GJXC],amzn1.campaign.1I0M5WU8BTMHV,🚀 Handheld Steam Cleaner Global Campaign – BUDGET 500K USD for Creators!,STEAMIFY,2025-10-07,2026-09-30,15.00%,9999.0,9999.0,0,800,false
[B0FKH8GJXC],amzn1.campaign.2QK2ZSMQQGZER,🚀 COLLAB WITH OUR HANDHELD STEAM CLEANER – EARN 5000 DOLLAR IMMEDIATELY!!,STEAMIFY,2025-10-05,2026-09-30,15.00%,9999.0,9999.0,0,800,false
[B0FKH8GJXC],amzn1.campaign.628HLKKHSUZM,"✨ Easy Content, Big Rewards  Steam Cleaner Collab EARN 5000 DOLLAR IMMEDIATELY!!",STEAMIFY,2025-10-03,2026-09-30,15.00%,9999.0,9999.0,2,800,false
[B0FKH8GJXC],amzn1.campaign.3FHII8BO31SCV,💰 Join Our Steam Cleaning Revolution – Backed by 500K USD Influencer Budget!,STEAMIFY,2025-10-02,2026-10-01,15.00%,9999.0,9999.0,0,800,false
[B0FKH8GJXC],amzn1.campaign.10OCXW5Q78D7U,"🔥 From Kitchen to Car – Steam Cleaner Content That Pays, 500K USD Budget!",STEAMIFY,2025-10-01,2026-09-30,15.00%,9999.0,9999.0,0,800,false
[B0FPG9WFL2],amzn1.campaign.1EEVDLOUCH98T,花洒站外,Magic Eden,2025-09-30,2026-09-30,30.00%,10000.0,9712.65,0,800,false
[B0FF2M97HS],amzn1.campaign.PAL3Q27PMW00,"Christmas Lights ,Garden Lights ,OtdoorLights, Party Lights",LECHPRO,2025-09-30,2026-09-30,10.00%,5000.0,4983.21,0,800,false
[B0DRPMQMKW],amzn1.campaign.2STKOYDQ224AN,Nature’s Dome Bed Bug Spray 16oz – Family-Safe Full Strength (B0DRPMQMKW),NATURE'S DOME,2025-09-30,2026-09-30,15.00%,1000000.0,1000000.0,0,800,false
[B0DP1JPD3G],amzn1.campaign.1DW9U7S5WN6DT,Nature’s Dome Pest Control Concentrate 12oz – Eco-Smart Power (B0DP1JPD3G),NATURE'S DOME,2025-09-30,2026-09-30,15.00%,1000000.0,1000000.0,0,800,false
"[B0DN6PJYJ1, B0DN6M1YWW, B0DN6L9CVK, B0DN6N1M91, B0DPRP8YCW, B0DPN7Z688, B0DPN7FFB6]",amzn1.campaign.1A8YI5S6CR4V8,D97-FBM-2个装2,Giauco,2025-09-30,2026-09-30,10.00%,5000.0,5000.0,7,800,false
[B0D9MPKCN1],amzn1.campaign.2Q3EAXRQE14BR,Nature’s Dome Pest Control Spray 16oz – Family-Safe Formula (B0D9MPKCN1),NATURE'S DOME,2025-09-30,2026-09-30,15.00%,1000000.0,1000000.0,0,800,false
"[B0DN6VJNDB, B0DN6TMBHZ]",amzn1.campaign.1J4GZ1KN1PH77,K101-FBA04,Giauco,2025-09-30,2026-09-30,10.00%,5000.0,5000.0,17,800,false
"[B0DN6PJYJ1, B0DN6M1YWW, B0DN6L9CVK, B0DN6N1M91, B0DPL9XXLS]",amzn1.campaign.3FEGUUD7R8ONT,D97-FBA04,Giauco,2025-09-30,2026-09-30,10.00%,5000.0,5000.0,25,800,false
[B0DDMH1SXW],amzn1.campaign.25KIVFJU4X035,Nature’s Dome Pest Control Spray 32oz – Family-Safe Protection (B0DDMH1SXW),NATURE'S DOME,2025-09-30,2026-09-30,15.00%,1000000.0,1000000.0,0,800,false
[B0DP1HTV43],amzn1.campaign.195S3R5TPFJAQ,Nature’s Dome Pest Control Spray 1 Gallon – Eco Defense (B0DP1HTV43),NATURE'S DOME,2025-09-30,2026-09-30,15.00%,1000000.0,1000000.0,0,800,false
[B0FJS6H944],amzn1.campaign.135XYHWG3EMH5,Seek Partners,MAIDUANTOP,2025-09-30,2026-09-30,15.00%,6000.0,5996.82,0,800,false
[B0DP1D6B56],amzn1.campaign.30CT05EDS5XBP,Nature’s Dome Pest Control Starter Kit – 3 Bottle Mix (B0DP1D6B56),NATURE'S DOME,2025-09-30,2026-09-30,15.00%,1000000.0,1000000.0,0,800,false
[B0DHSXX4M9],amzn1.campaign.1FJY905K6SNP5,Nature’s Dome Indoor Bug Spray 2-Pack – Eco-Safe Defense (B0DHSXX4M9),NATURE'S DOME,2025-09-30,2026-09-30,15.00%,1000000.0,1000000.0,0,800,false
[B0DHSW1Z4P],amzn1.campaign.320P21H5IBQ1N,Nature’s Dome Indoor Bug Spray 2oz – Eco-Safe Protection (B0DHSW1Z4P),NATURE'S DOME,2025-09-30,2026-09-30,15.00%,1000000.0,1000000.0,0,800,false
"[B0DFDTTFDN, B0DDQFD2BW, B0DB3Q4P6M, B0DDQBH2P1, B0DDQGVYVY]",amzn1.campaign.32Y3ALODN97RS,20% Creator Connection campaign,Rain Aroma,2025-09-30,2026-09-30,20.00%,5000.0,4988.4,0,800,false
"[B0CSJTQ1B9, B07P1SKJV4]",amzn1.campaign.1J1GEE9BCZHJS,10k+ Sold Monthly and 10% Commission Electric Can Opener & Jar Opener!,Kitchenmuh,2025-09-30,2026-09-30,10.00%,5000.0,4997.82,0,800,false
"[B0FCRHLLLY, B0FCRW6WH2, B0FCRH9LNL, B0FCRWZZ76, B0FCRRB8F1, B0FCRZ8NJY]",amzn1.campaign.2TMSJOFRHE0FF,Earn 30% Commission | Amazon Influencer Program,Years calm,2025-10-03,2026-09-30,30.00%,5000.0,5000.0,0,800,false
[B089SNZD4N],amzn1.campaign.1GW833WP64AM9,💰 10K+ Sold Monthly · 10% Commission 🫳Effortless Jar Opener,INSTACAN,2025-09-30,2026-09-30,10.00%,5000.0,5000.0,0,800,false
"[B0FCRHLLLY, B0FCRW6WH2, B0FCRH9LNL, B0FCRWZZ76, B0FCRRB8F1, B0FCRZ8NJY]",amzn1.campaign.HGC2R7EI6P7Z,Earn 30% Commission | Amazon Influencer Program,Years calm,2025-10-02,2026-09-30,30.00%,5000.0,5000.0,0,800,false
[B0DWSN3ZQ9],amzn1.campaign.38UMA86GP1FQ2,"VINNETLLOY GLP-1 Supplement for Women & Men, 60 Capsules",VINNETLLOY,2025-09-30,2026-09-30,10.00%,5000.0,4917.04,0,800,false
[B0CYWQXPX6],amzn1.campaign.2OYLTWXGDDXW2,Trupretty Creatine Monohydrate Gummies for Women & Men - 60 Gummies,Trupretty,2025-09-30,2026-09-30,10.00%,5000.0,4993.31,0,800,false
"[B0FCRHLLLY, B0FCRW6WH2, B0FCRH9LNL, B0FCRWZZ76, B0FCRRB8F1, B0FCRZ8NJY]",amzn1.campaign.1V87SG4BBPWUM,"​​No Cost to You, 30% Commission​",Years calm,2025-10-01,2026-09-30,30.00%,5000.0,4998.95,0,800,false
"[B0DSJ4CC26, B0DSJ5PN5V, B0DSJ68CMT, B0DSJ5RXT3, B0F8VWVTK6, B0DSJ64TR7]",amzn1.campaign.18OJRQVMLTEOZ,Desk/Wall Calendar 2025-2026-18 Months,Gannyfer,2025-09-30,2026-09-30,10.00%,10000.0,9974.94,0,800,false
"[B0FS656Q8G, B0FDWWXP11, B0DMP4TQNN, B0DSC64FJD, B0FRS7V8HJ, B0DSC7SSLY, B0FDWW9VM4, B0FDWTGRJS, B0FDWS9WN4, B0DRV3278C, B0DSC5WTNX, B0FRS5DWK6, B0BFB8HVFT, B0BFB65WHN, B0DSC7GS3C, B0BFB97Q93, B0DMP1RHQR, B0DMP7PMY9, B0FRS6NMDR, B0DRTZSSS5, B0FS6Y7F5J, B0FDWX2FMQ, B0FS6R41BC, B0DSC56YBK, B0DSC6L8K2, B0FS5X7HK3, B0FS5S6TGN, B0BFB8Y9T4, B0FS6LM7MR, B0DW77D32H, B0DMP7D8PG, B0DSC833WH, B0DR5RWRRH, B0DMP6LSJ5, B0DW7S54HX, B0FS6CPPJL, B0DQH2YK8M, B0DR5VX6VR, B0DMP6BVPM, B0FS5RMCNQ, B0FDWWS8FV, B0DSC48K13, B0DR2CSC2P, B0BFBBVYFK, B0BFB7GG5T, B0FS6RPNDH, B0FRY1J2Y9, B0DSC4ZXB6, B0FS6Y4TRH, B0FDWY19RB, B0DMP5V5LD, B0FDWVT9Z7, B0DW7WQPST, B09MZZKF3H, B0DSC47YDX, B0FDWYBK1S, B0FS6H8YT7, B0DR5W9VC7, B0DSC68DH5, B0FS5RS889, B0FS5RMQ74, B0FDVKDR33, B0FRY3DKC9, B0BFB69NTD, B0DR5W9JGS, B0FS5XV562, B0FDWW88KL, B0FS6KP76X, B0DMP3YQNL]",amzn1.campaign.3PP8W7N77OLPM,Bike Alarm USB Rechargeable with Mount,NineLeaf,2025-09-30,2026-09-30,10.00%,5000.0,4986.26,0,800,false
[B0D6YL7NZW],amzn1.campaign.FLYF3XL0UA8D,[Limited Availability] ‼️ BestSeller MAREE Hydrogel Collagen Face Mask ‼️,MAREE,2025-09-30,2026-09-30,15.00%,100000.0,99808.27,0,800,false
"[B0F4R5L4C3, B0F4R4Z632, B0F4R3TZFJ, B0F4R3TKR4]",amzn1.campaign.DPJTM5JSFGPO,"Zero Risk, 30% Reward​​",Years calm,2025-10-04,2026-09-30,30.00%,5000.0,4991.0,0,800,false
[B0BLHJ55LL],amzn1.campaign.8VCP1WWSCV6K,[Limited Availability] ‼️ BestSeller MAREE Pimple Patches for Face ‼️,MAREE,2025-09-30,2026-09-30,15.00%,100000.0,99859.95,0,800,false
"[B0F4R5L4C3, B0F4R4Z632, B0F4R3TZFJ, B0F4R3TKR4]",amzn1.campaign.3AVDVDZAQTLPJ,"​​Try for Free, Earn 30% Forever",Years calm,2025-10-03,2026-09-30,30.00%,5000.0,4967.96,0,800,false
"[B0FHGPDY3L, B0FHGMV8CR, B0FHGNB6V8, B0FHGPPF5S, B0FHGNPVM6, B0FHGPBWJJ, B0FHGNKBDW, B0FHGP7WC6, B0FHGNQF4G, B0FHGFGJ62, B0FHGFFTD6, B0FHGN9Z8R, B0FHGPKVGT, B0FHGNRBNP, B0FHGRVS9Q, B0FHGNW3RL]",amzn1.campaign.1Q0XIFL9VNHSQ,WYW07113 Womens Faux Fur Coat-15%-7,wyeysyt,2025-09-30,2026-09-24,15.00%,5000.0,4870.1,0,800,false
"[B0FHGPDY3L, B0FHGMV8CR, B0FHGNB6V8, B0FHGPPF5S, B0FHGNPVM6, B0FHGPBWJJ, B0FHGNKBDW, B0FHGP7WC6, B0FHGNQF4G, B0FHGFGJ62, B0FHGFFTD6, B0FHGN9Z8R, B0FHGPKVGT, B0FHGNRBNP, B0FHGRVS9Q, B0FHGNW3RL]",amzn1.campaign.2SLZUZAV372XB,WYW07113 Womens Faux Fur Coat-15%-6,wyeysyt,2025-09-30,2026-09-25,15.00%,5000.0,4924.1,0,800,false
"[B0FHGPDY3L, B0FHGMV8CR, B0FHGNB6V8, B0FHGPPF5S, B0FHGNPVM6, B0FHGPBWJJ, B0FHGNKBDW, B0FHGP7WC6, B0FHGNQF4G, B0FHGFGJ62, B0FHGFFTD6, B0FHGN9Z8R, B0FHGPKVGT, B0FHGNRBNP, B0FHGRVS9Q, B0FHGNW3RL]",amzn1.campaign.J1L5IB97DBC9,WYW07113 Womens Faux Fur Coat-15%-5,wyeysyt,2025-09-30,2026-09-26,15.00%,5000.0,4856.98,0,800,false
"[B0FHGPDY3L, B0FHGMV8CR, B0FHGNB6V8, B0FHGPPF5S, B0FHGNPVM6, B0FHGPBWJJ, B0FHGNKBDW, B0FHGP7WC6, B0FHGNQF4G, B0FHGFGJ62, B0FHGFFTD6, B0FHGN9Z8R, B0FHGPKVGT, B0FHGNRBNP, B0FHGRVS9Q, B0FHGNW3RL]",amzn1.campaign.2E10AJS51JXQM,WYW07113 Womens Faux Fur Coat-15%-4,wyeysyt,2025-09-30,2026-09-27,15.00%,5000.0,4877.0,0,800,false
"[B0FHGPDY3L, B0FHGMV8CR, B0FHGNB6V8, B0FHGPPF5S, B0FHGNPVM6, B0FHGPBWJJ, B0FHGNKBDW, B0FHGP7WC6, B0FHGNQF4G, B0FHGFGJ62, B0FHGFFTD6, B0FHGN9Z8R, B0FHGPKVGT, B0FHGNRBNP, B0FHGRVS9Q, B0FHGNW3RL]",amzn1.campaign.T71559RHVJT4,WYW07113 Womens Faux Fur Coat-15%-2,wyeysyt,2025-09-30,2026-09-29,15.00%,5000.0,4914.65,0,800,false
[B0DPMC9F71],amzn1.campaign.SAH9K8B71BD1,Fitness Full Body Traction Bed,Aplsrhun,2025-09-30,2026-09-30,10.00%,5000.0,4903.1,0,800,false
[B0F9XT92S9],amzn1.campaign.3BLKTS0OO2IMU,Electric Fitness Full Body Traction Bed,Aplsrhun,2025-09-30,2026-09-30,10.00%,5000.0,4942.0,0,800,false
"[B0CBNZQR9Y, B0B9JDFLWR]",amzn1.campaign.1YSUJNBPYG2OL,MBH010 Bike Motorcycle Handlebar Mounting Bundle Kit for Insta360,nuobake,2025-09-30,2026-09-30,10.00%,5000.0,4952.79,0,800,false
[B0F5PY74MY],amzn1.campaign.1BFO7VRKZXMZN,"TSM03 Suction Car Mount for Insta360 X5,X4, X3, X2, X One RS",nuobake,2025-09-30,2026-09-30,10.00%,5000.0,4983.45,0,800,false
"[B0F9LNH4N5, B0F9LKZ5KD, B0F9LNCKMX, B0F9LNNNK9, B0F9LM1FNN, B0F9LLQCSW, B0F9LKM2YX, B0F9LNLQWB, B0F9LLF5VT, B0F9LMSCN6, B0F9LN33D5, B0F9LPZ2NT, B0F9LNZZ89, B0F9LKVJGB, B0F9LKWTCR]",amzn1.campaign.1GGCHIA7TB3EU,Collab Opportunity - Scrunch butt lifting leggings for women | 15% Commission835,Sogetdo,2025-09-30,2026-09-30,15.00%,5000.0,4986.69,0,800,false
"[B0FB48H1MZ, B0FB49KQML, B0FB48TPFG, B0FB476W3Q, B0FB496J7B, B0FB4979W5, B0FB48QSV4, B0FB4BJ4ZM, B0FB49CG1Z, B0FB48Z7ND, B0FB48HHKF, B0FB48PTSZ, B0FB4BGRTQ, B0FB47CXDB, B0FB48VPQH, B0FB48TR7G, B0FB46SM7H, B0FB4BT1TG]",amzn1.campaign.YE8VC0D6BSX5,Collab Opportunity - Spaghetti strappy padded sports bras | 15% Commission501,Sogetdo,2025-09-30,2026-09-30,15.00%,5000.0,5000.0,16,800,false
"[B0F9LPQPXJ, B0F9LNVWY4, B0F9LQCKYH, B0F9LN6ZGJ, B0F9LNRJBY, B0F9LN9TNK, B0F9LQCDM8, B0F9LPCXM1, B0F9LNM5HS, B0F9LPDVL5, B0F9LMQQV2, B0F9LQCGX2, B0F9LNK5Y8, B0F9LPCHPT, B0F9LP497D, B0F9LR5P3J]",amzn1.campaign.3EM9SE5KSYQ93,Collab Opportunity - Crossover flare leggings for women | 15% Commission-S331,Sogetdo,2025-09-30,2026-09-30,15.00%,5000.0,5000.0,6,800,false
"[B0F9GDQRQV, B0F9GMNVWN, B0F9GJNQLD, B0F9GN9RQ9, B0F9GZCLW5, B0F9GND7CD, B0F9GJ8XXQ, B0F9G8KGX4, B0F9GW23LJ, B0F9H2W9Z8, B0F9GLMGP3, B0F9GMQXKZ, B0F9GLM1GJ, B0F9GJJS99, B0F9GKMVNZ]",amzn1.campaign.MBLKH7EY3BLR,Collab Opportunity - Biker shorts with pockets for women | 15% Commission-S719,Sogetdo,2025-09-30,2026-09-30,15.00%,5000.0,5000.0,15,800,false
"[B0F841S154, B0F83Y6QJB, B0F842P7GC, B0F841GWVP, B0F8427YZV, B0F843SBKJ, B0F842N6CW]",amzn1.campaign.D9DR5YK16TPO,GIANT PANDA  Universal Front Neoprene Car Seat Covers - Creator Invitationan,GIANT PANDA,2025-09-30,2026-09-30,10.00%,5000.0,4938.26,0,800,false
[B0FP4T9FH1],amzn1.campaign.1D0L4SCEHJUAI,Esffchit Soursop Graviola Gummies - 60 Gummies,Esffchit,2025-09-30,2026-09-30,10.00%,5000.0,4970.18,0,800,false
[B0D947PXP8],amzn1.campaign.1E348F6FBZ4UR,Mightizen Creatine Monohydrate Gummies for Men & Women - 60 Gummies,Mightizen,2025-09-30,2026-09-30,10.00%,5000.0,4983.31,0,800,false
[B0DMNYK7LF],amzn1.campaign.3LA593Q0B8R8,Mightizen Apple Cider Vinegar Gummies - 120 Gummies,Mightizen,2025-09-30,2026-09-30,10.00%,5000.0,4934.1,0,800,false
"[B0F8NT7N5F, B0FJRJD39J, B0FLJBKQ4S, B0F8NQ857G, B0FLJ7D7PM, B0FLHZQWJR, B0FLJ7DRZ4, B0FJRKJ3XD, B0FJRJX1QG, B0FJRMFGJT, B0F8NTMS68, B0F8NVMQLM, B0F8NVZJ3M, B0FJRKHQ86, B0FLHXHHXB, B0F8NNS6PD, B0F8NXCZC1, B0F8NT9Z66, B0FJRH2H9K, B0F8NQC9Z4, B0FLJDCQJT, B0FJRJLSBF, B0FJRH7K7M, B0FJRKX5GH, B0FJRGSGMF, B0FJRHG3N8, B0FJRKP7YH, B0F8NRGPLH, B0F8NV3DRV, B0F8NNQY1L]",amzn1.campaign.2FGVQK7CU60UB,17% High Commission Wyeysyt Lace Top,wyeysyt,2025-09-30,2026-09-30,17.00%,5000.0,5000.0,0,800,false
[B0FJXPMTGH],amzn1.campaign.2ISLLY1UQVOQ2,"FLORAVIC 50,000 RPM Nail Art Tools — 35% OFF for Fans | Precision in Your Pocket",FLORAVIC,2025-10-06,2026-10-05,15.00%,5000.0,4899.72,0,800,false
"[B0D94242VQ, B0FQVDFGW1]",amzn1.campaign.37XKANM8248M0,"Red Light Therapy Panel: The Secret to Pain Relief, Youthful-Looking Skin",Astarexin,2025-09-30,2026-09-30,15.00%,8888.0,8859.5,0,800,false
"[B0F2MYHTCJ, B0F2MXZ3GT]",amzn1.campaign.T73X96AZVL10,2x6: 10-14+10 12-16+10,Fashowbeauty,2025-09-30,2026-09-29,10.00%,1000000.0,999994.68,0,800,false
"[B0CD3PHGH7, B0CD3MPG7X, B0CD3NCQS1]",amzn1.campaign.2GH8MT85MCNWY,"Try RETEVIS RA79 Ham Radio, Multi Band Reception, Support Chirp, Fit for Newbies",Retevis,2025-09-30,2026-09-30,10.00%,5000.0,4538.06,0,800,false
"[B0FMJ8W2PL, B0FMJDGV8F, B0FMJDGGT3, B0FMJ8XDZD, B0FMJC72FR, B0FMJCQHXJ, B0FMJC5LWS, B0FMJ9YN5J, B0FMJBL3PQ, B0FMJ8YTCW, B0FMJC3ZNH, B0FMJ6H9YQ]",amzn1.campaign.FU73XJKKE315,Fallsweet Boy Shorts Underwear for Women,FallSweet,2025-09-30,2026-09-30,10.00%,5000.0,4992.65,0,800,false
[B09BN2LWSL],amzn1.campaign.2OM4EN4FU9N99,"DEAYOU 24 Pack Classroom Storage Baskets, Small Plastic Baskets for Organizing",DEAYOU,2025-09-30,2026-09-30,10.00%,5000.0,4973.76,0,800,false
"[B0FLXN8WK2, B0FNPYBG2D, B0FLXCSMFR, B0FLXB2B9G, B0FLXYWRDY]",amzn1.campaign.2518G244X85ZX,【New Launch】Fruit-Scented Detail Cleaning Gel - 10% Commission,ASFSKY,2025-09-30,2026-09-30,10.00%,5000.0,4958.3,0,800,false
[B0FDQG7VS2],amzn1.campaign.114ILSSVAS676,[20% commission rate] WNP 6D Bionic Collagen Bio‑Gel Mask for All Skin,WNP,2025-09-30,2026-09-30,20.00%,10000.0,9972.35,0,800,false
"[B0FLJZVWC1, B0FLJYLFNQ, B0FLJYY9VY, B0FLJVQPVR, B0FLJZF68P, B0FLJWNTL2, B0FLJWSKFY, B0FLK2WM8F, B0FLJWSC2W, B0FLJYHVQL, B0FLJWX5QR, B0FLJWVWJF, B0FLJYRSC3, B0FLJY2L1W, B0FLJYPTSG, B0FLJXSMJZ, B0FLJXBL67, B0FLJY1WWC, B0FLJYQ1WW, B0FLK1XG9W, B0FLJWM5Y7, B0FLJZSFGG, B0FLJY39QZ, B0FLJYNRMQ, B0FLJZ9TKT, B0FLJYDSJD, B0FLJY81G1, B0FLJXV758, B0FLJWR2XN, B0FLJW6BT2, B0FLJX6RB4, B0FLJYG2TJ, B0FLJZ5JTT, B0FLK12S7K, B0FLJY3W7D, B0FLJW13F8, B0FLJXZWTP, B0FLJYX3GK, B0FLJWTXP9, B0FLJWKFJV, B0FLJY8QML, B0FLJWDJP6, B0FLJX11S9, B0FLJZ6CHK, B0FLJZQM35, B0FLJY12HD, B0FLJWGPG6, B0FLJTN682, B0FLJXWMDV, B0FLJXH3N8, B0FLJWV3KN, B0FLJZCRCP, B0FLJXCC38, B0FLJYGY75, B0FLJXTV6J, B0FLJWQPKT, B0FLJYDNS2, B0FLJZD7LR, B0FLJX4232, B0FLJWZWWP, B0FLJYQS4N, B0FLJYTDFQ, B0FLJWMFQ1]",amzn1.campaign.NWVKLAU18JSG,B0FLK1BS92 Thanksgiving Holiday Style – FindChic Cuban Link Chains,FindChic,2025-09-30,2026-09-30,15.00%,5000.0,4952.84,0,800,false
[B0FKGPQ8YW],amzn1.campaign.2P0U2JVJ022DX,Bed Sheet Holders for Corners 4PCS 12%,VESSION,2025-09-30,2026-09-30,12.00%,5000.0,4937.72,0,800,false
"[B0FBFX1NZ7, B0FBFPSQ15, B0FBFLRWHT]",amzn1.campaign.3UMTAMZMB9IKD,🎯 Prime Day Must-Have! The ultimate crossbody bag for adventurers! 40% OFF!,BOSTANTEN,2025-09-30,2026-09-30,10.00%,5000.0,4995.8,0,800,false
"[B0FBFX1NZ7, B0FBFPSQ15, B0FBFLRWHT]",amzn1.campaign.1QG1NB8S8FZZ,🌈 Colorful Prime Day Savings! BOSTANTEN DIY paracord strap crossbody! 40% OFF!,BOSTANTEN,2025-09-30,2026-09-29,10.00%,5000.0,4995.8,0,800,false
"[B0FBFX1NZ7, B0FBFPSQ15, B0FBFLRWHT]",amzn1.campaign.1JY513O7BRJZS,🎊 Prime Big Deal Days ! Design your  crossbody bag! 40% OFF!,BOSTANTEN,2025-09-30,2026-09-28,10.00%,5000.0,4993.6,0,800,false
"[B0FBFX1NZ7, B0FBFPSQ15, B0FBFLRWHT]",amzn1.campaign.2TXUCHZHDOP1M,🎯 Perfect Prime Day Find! Crossbody bag with DIY paracord strap - 40% OFF!,BOSTANTEN,2025-09-30,2026-09-27,10.00%,5000.0,5000.0,0,800,false
"[B0FBFX1NZ7, B0FBFPSQ15, B0FBFLRWHT]",amzn1.campaign.1M3KWQ523XSZ5,Prime Big Deal Days! Transform your style with this crossbody bag! 30% OFF!,BOSTANTEN,2025-09-30,2026-09-26,10.00%,5000.0,4995.9,0,800,false
"[B0FBFX1NZ7, B0FBFPSQ15, B0FBFLRWHT]",amzn1.campaign.TIKFNP7O0CEQ,48-Hour Prime Deal! Grab this DIY crossbody bag before it's gone! 40% OFF!,BOSTANTEN,2025-09-30,2026-09-25,10.00%,5000.0,5000.0,0,800,false
"[B0FLD62J43, B0FLDCVVLD, B0FLDBFGSP]",amzn1.campaign.WNIQVLQCWUZQ,MoKo Stretchable Phone Tether iPhone Leash Phone Strap,MoKo,2025-09-30,2026-09-30,20.00%,5000.0,4758.3,0,800,false
[B0F994PHG4],amzn1.campaign.3M6K6FRBF3EAF,Partnership Opportunity: Join Us in Promoting Earjgruu Premium Hearing Aids,Earjgruu,2025-09-30,2026-09-30,10.00%,10000.0,10000.0,0,800,false
"[B0FBFX1NZ7, B0FBFPSQ15, B0FBFLRWHT]",amzn1.campaign.32V3IWR93N571,Hot Prime Day Deal! Paracord strap crossbody bag perfect for outdoors! 40% OFF!,BOSTANTEN,2025-09-30,2026-09-24,10.00%,5000.0,5000.0,0,800,false
"[B0B4JZFKS3, B0B4K2CCCR, B07W6NZP1J, B0B4JZHWDC, B0B4JZ3HTT, B07W5PBBN9, B07W4K26G8, B0B4KD62GY, B0B4JZ2NCP, B07W6N3R9Q, B07W6PBVNN, B0B4K1JZWH, B0FKM8BX9K, B0FKLYNSGD, B0BTS78FJB, B07W5P9R91, B0B4K1XSPM, B0B4JZQXJ7, B0B4K1T1Z3, B0B4K1PXB3, B07W7RDSSQ, B0B4JXYW93, B0B4K43P6K, B07WLJVSBL, B0B4JYF762, B0FKMB4RRW, B0FKMQY9VB, B0B4K23GHT, B0BTRN9DSK, B0BTRPMB7H, B0B4K4W456, B0BTRXLT28, B0B4JYVPWM, B0BTRMKYC6, B0BTS2VHNM, B0BTRWZ91S, B0BTS756V7, B0BTRZBFLG, B0B4K1XZLV, B0FKM9245J, B0B4JYMCXL, B0B4JZQH8D, B0B4K12VF9, B0B4JZ555T, B07WLK7G8B, B0B4K3KS2K, B0BTRYL4HW, B08GC5C7MY, B07W6P284Z, B0B4JXZY86, B08GC36BC5, B0FKMCXK3L, B0B4JZ6QK4, B08GC6BRMW, B0B4K1DFFG, B07W5N4KDC, B0B4JYH34H, B0B4K11LZN, B08GC2Q9ND, B0FKMDQVSK, B0B4JZYZT1, B0B4K1TT2K, B0FKMGT5VQ, B0B4K1FSJT, B0BTRRJP38, B0BTRM7MPY, B08GC1HTJH, B0B4K41VCZ, B0B4K1P8FF, B08GC9WNNQ, B0B4JZK6DL, B0B4K591GQ, B0BTRN2X7K, B0BTSC4V7Y, B0B4K1K1GS, B0FKMJZ6RP, B0B4JY2MG5, B0B4K2N34Y, B0B4JYXNYC, B08GC626D3, B07W6P3FQ9, B0B4KK8866, B0FKLZGF43, B0B4K22BVW, B0B4JZMSFW, B0B4K1X1PK, B0B4K118PD, B09PG35MDM, B0FKM9X7NT, B0FKMDGP75, B0FKMHRQ6W, B0B4K1KFNN, B0B4K1Q36P, B0BTRWVD6T, B0B4K2C4GM, B0BTRYCN9H, B0BTRY72GB, B0B4K2DTSD, B0B4JZWTZM, B0BTRVSHDB, B0B4JXW6XR, B0B4K2DQMH, B0B4K18YSJ, B08GC72KGP, B08GC7XQ2L, B0B4JXMTNS, B07W4K945S, B07W4K7HSZ, B08GC1QL2W, B0B4K29QDJ, B0B4K1YS58, B0B4JZM9RQ, B0B4JXYS8B, B0BTS99LD7, B09FSQ1GKW, B07W6P3ZK5, B0FKMJ7LJN, B0B4JZHF9K, B0B4K38M3D, B0B4JZDVV8, B0B4K1K5DD, B0B4K31N9T, B0B4K23J99, B0B4K368PG, B08GBVVBLL, B0B4JZZ7WD, B0B4JZFH33, B0B4K2LFVR, B08GCB629Y, B0FKMTVHBN, B08GBYHJCJ, B07W6NQ95M, B0B4K15G5Y, B0B4JZZWDR, B0B4K1TNYB, B0B4JZQS6Y, B07W5P25ZC, B0B4K2GW56, B07W7RH7WH, B0B4JYZSHC, B0B4JZT7WH, B08GBYK5B4, B08GCFFTS2, B0B4JZ4FTH, B0B4JZZWD1, B0B4K2L527, B0B4K27Y6Z, B0B4K1XBCX, B0B4JZD99N, B0BTRKVC6L, B0FKMGNBG5, B0FKLY4K7M, B0B4JYPRSR, B0B4K29LXR, B0B4K2PT2T, B0B4K1FVR4, B07W5P5HFT, B0BTRP5QC6, B0B4JZX4TG, B0B4JYZL8B, B08GC51D7S, B0B4K2P2GZ, B0B4JZ1TF9, B0FKLZWB1J, B0FKLYM1KB, B08GC6VMPW, B08GC23LDV, B0FKM1M4QQ, B0B4K1HSLT, B0B4K2G21L, B0B4K1511L, B0BTRK5XL6, B0B4K26RBH, B0B4JZ6Z1L, B0BTRVP5N1, B0B4K2F9BF, B0CYP6V5GJ, B0B4JZR79J, B0B4K2MX9K, B0B4K17MBR, B0FKLVFVBY, B08GC2FSJT, B0FKMBDQF7, B0FKN2NGYZ, B07W5N6RBC, B08GCR5V87, B08GBRXGQF, B07W5P6BNB, B07W6PQG21, B0FKMDJQXJ, B0B4JXHDGW, B08GC2FVRP, B07W4K8HRS, B0B4K1GPWP, B0B4K19MZS, B08GBYGJBT, B07W5PC9BN, B0BTS3M1SW, B0B4JZMDQX, B0FKM7KCMR, B08GBXTXVX, B0B4K1SH28, B0B4K1M1GT, B0BTS16HMW, B0B4K2TKZF, B0BTRWHJTP, B0FKLQZM1K, B08GCKCH89, B08GC6TSQM]",amzn1.campaign.1Z2KB74X1P26I,KeyStyle Bold Initial Rings for Women Adjustable Ring (7.9K+Reviews)),KeyStyle,2025-09-29,2026-09-29,11.00%,5000.0,4935.76,0,800,false
"[B0FH6YPCRV, B0FH6ZZZTY, B0FH6XY1N3, B0FH6XXWJG, B0FH6Y9VRK, B0FH6YX2CC, B0FH6WKCQY, B0FH6YMV7Z, B0FH712TLV]",amzn1.campaign.2GIEGT03K4GEA,[DJ-P] Collaboration Opportunity: Test the All-Season Performance Ski Face Mask!,WTACTFUL,2025-09-30,2026-09-30,10.00%,5000.0,4913.2,0,800,false
"[B0D3SWMN8Z, B0DDPNBH68]",amzn1.campaign.1W3A0XJNHRZ0W,(10% Commission ) Wooden Earring Stand,BNING,2025-09-30,2026-09-30,10.00%,88888.0,88760.07,0,800,false
"[B0B9HSG5BW, B09ZJX4RWB, B09ZKQVMP3]",amzn1.campaign.1CEHW80WMUQV6,(10% Commission ) Mouse Mover,BNING,2025-09-30,2026-09-30,10.00%,8888.0,8839.81,0,800,false
[B0F2MDWM3F],amzn1.campaign.B0U3ZQJ2YU5Q,SHONE LIGHTING - #AMZ CHOICE# Solar Waterproof Porch Light - 10% Commission,SHONELIGHTING,2025-09-30,2026-09-30,10.00%,5000.0,4982.45,0,800,false
"[B0F7LFP1H3, B0F7LHP6LR]",amzn1.campaign.1WMDKM89T20KG,(10% Commission )Front-opening Vinyl Record Frames,BNING,2025-09-30,2026-09-30,10.00%,8888.0,8821.1,0,800,false
[B0FCL6DWBP],amzn1.campaign.35LBC27T4FYVP,20%Commission-Piklohas 2025 Upgrade Bagel Slicer,Piklohas,2025-09-30,2026-09-30,20.00%,10000.0,8821.79,0,800,false
[B0F4D4CM7Q],amzn1.campaign.XDRE3462II1L,Nivantav Cortisol Supplements for Women & Men - 4.2 OZ,Nivantav,2025-09-30,2026-09-30,10.00%,5000.0,4988.0,0,800,false
"[B0FFGGC3SR, B0FFGG9HSG, B0FFGL3M3X, B0FFGG7WX4]",amzn1.campaign.1882FJ3NZJWSK,[D01-8BH360] Join Our Campaign: Test Our Game-Changing Ski Balaclava!,WTACTFUL,2025-09-30,2026-09-30,10.00%,5000.0,4839.84,0,800,false
"[B0CTCHDJCB, B0DGGM4PLF, B0BV2BXJ8C, B0B6ZWKB1D, B0BLRQN9MD, B0B9LYF2L2, B0BT9F8ZJT, B09T5WXWV3, B0BV2CHBDV, B0CQ7WKVXR, B0DGGHJGXD, B0BV2BCJF6, B0CQ8J9GXY, B0BV1B8FSG, B0CQ7XSL63, B0DGGHJWWL, B07QNVBYCK, B09ZQ8LL1D, B0CTCGQ1JH, B0CQ7WLNFZ, B0B4D9LTP5, B0BLRPMY54, B0BV2C65HY, B08B5YLG5Q, B0C77K9KCQ, B0B4DCQ463, B09RWDLP6T, B09S5L93ZL, B0BV2CC3NQ, B0CQ7Y6W8B, B0CP5Q3HNT, B0BLS8Y987, B08F1KGTRS, B09T6RL72C, B088ZYJ8N1, B0BV1D2HG5, B0B8HPN1YH, B09S5VBZHY, B0BV2BY31Q, B09S5ZZ5WF, B0CP5MHTYT, B09T5YBQW4, B0BLS8V2TV, B0B4DCYRD6, B09T6P8PF4, B0BV2CD78D, B0BV295DJ7, B0BV28K328, B0C77JXFPF, B0BV2CCVN4, B0B8HMCV38, B0BV2CY49G, B09YL2N7RD, B09T6NS513, B0CTCFT8VV, B0DGGJRVN2, B0B4D9WK3F, B0BV2D2PXL, B0B6ZTGYNL]",amzn1.campaign.2BZYZO1B2HOWJ,CJH-BAR-BST-14,MFSTUDIO,2025-09-30,2026-09-30,14.00%,10000.0,7375.55,0,800,false
"[B0DR8TM51W, B0C5HGHCHP, B0DMT5JV8S, B0DR8VY184, B0DR5WFNCD, B0DR5T4MMJ, B0FPMFSRYF, B0C5HF2KR3, B0C5HDPLQB, B0DR5VQ11D, B0DR8Y3GN8, B0DR8VQXYS, B0C5HDMTKF, B0DR8YS6L7, B0DR8Y7L5H, B0C4LJT7GP, B0C4LLZ43L, B0FHW5941D, B0DMT4CY9T, B0DR5VSS1G, B0DMT53HDQ, B0DR8W3S8Z, B0BB7PDNBF, B0DR5T25S6, B0C5HFC2XZ, B0C5HD138M, B0DR8WPMXP, B0DR8W5BW5, B0DR5TVGST, B0C5HDSW7P, B0BBFQ5T9G, B09BNBYWY3, B0C5HHNJX4, B0BBFQZKK1, B0BBFVJRN7, B0DK1VM5YM, B0C4LLQ7GJ, B09BNB9CWN, B0DR8TRL6W, B0DMT5H734, B0BBFQBHSH, B0DR5VWYL6, B0DR5TRL5J, B0DR5TRMPG, B09BN8YFT9, B0DMT3Y89P, B0C5HFN4N5, B0DR5TR1V9, B0DR5X2767, B0DMT4J5YM, B0DMT6WXVL, B0DR8TSF7B]",amzn1.campaign.2GHGVKV3JTWI2,NineLeaf Smart Bike Tail Light with Turn Signals,NineLeaf,2025-09-30,2026-09-30,10.00%,5000.0,4985.09,0,800,false
"[B0C7CFQQ8Q, B0B2P534HR, B09Z68S4LT, B0B2P3RYZ3, B0B2P41BXH, B0B2P5D2Q4, B09Z6799ZT, B0C7CDSTTZ, B09Z68WSP8, B09Z68K521, B09Z64QYDN, B0B2P4LNBP]",amzn1.campaign.38XDHFXD1JCZC,"Body Wave 13x4 Lace Frontal, 4x4 Lace Closure, Earn 10% Commission",JARAMA,2025-09-30,2026-09-30,10.00%,5000.0,4990.88,0,800,false
"[B0C49NSB6Q, B0C49Q82X3, B0C49PSBSL, B0C49RQ42S, B0C49MDPG9, B0C4H149TZ, B0C49P7B56, B0C49R7QS8]",amzn1.campaign.3DLD6C2OUMZ8A,Tronco 20 oz Vacuum Insulated Glass Tumbler with Bamboo Lid & Straw,Tronco,2025-09-29,2026-09-29,10.00%,5000.0,4929.02,0,800,false
"[B0DK77XC8H, B0DK773G1K, B0DJ2BM5VD, B0DK77G1L7, B0DJ28Z1P5, B0DJ28PJZN, B0DJ29DVQT, B0DK75VGF4, B0DJ2BJ1S8, B0DJ29J5SK, B0DK78PMPQ, B0DK77FRX8, B0DJ28H3Y4, B0DJ29SCL5, B0DJ29RYNC, B0DJ2BL4FP, B0DK78PR9S, B0DJ27PWTC, B0DK77DCCV, B0DJ27S8ZM, B0DJ29BJP4, B0DK77RRPT, B0DK77DBNK, B0DJ29X38H, B0DJ297XGV, B0DJ29VB7R, B0DJ2BRGF3, B0DK7659XN, B0DJ29LM2P, B0DK76JWPK, B0DJ29W778, B0DJ29KFLP, B0DJ29G4LX, B0DK76BZ1D, B0DJ2BG67T, B0DJ26VTHN, B0DJ28SJXL, B0DJ297Z73, B0DJ2936P4, B0DJ29BF2L, B0DK77Z3HX, B0DJ29NVFY, B0DK78Y35R, B0DK78CLZS, B0DJ2936P3, B0DJ292WX9, B0DK77VCWY, B0DK799MM7, B0DJ28GX7H, B0DK75L172, B0DJ29PD4K, B0DJ2BD4QG, B0DK787TJJ, B0DJ28YT8X, B0DK785SRV, B0DJ2BMRDN, B0DJ28HY95, B0DJ2892R1, B0DK7713ZN, B0DJ29VPZP, B0DK78SXWG, B0DJ28KXNZ, B0DJ2815ZB, B0DJ278SHB, B0DJ29CRMY, B0DK782DFJ, B0DK76TN4F, B0DJ29D6CK, B0DJ2D3TSZ, B0DK75SRR7, B0DK77V59Y, B0DK769LG3, B0DK78VS16, B0DJ264RWN, B0DJ2B2QQS, B0DJ29CT1D, B0DJ2BJ9CL, B0DJ29SG7Y, B0DJ2986SV, B0DJ283G76, B0DJ29X284, B0DJ294LWC, B0DK77V5B4, B0DJ29ZPM8, B0DJ29GFJ8]",amzn1.campaign.3NN5IDZUCNKFM,HM6607,Heymoments,2025-09-29,2026-09-29,10.00%,50000.0,49997.0,0,800,false
"[B0DZ6KKXR9, B0F293MH5F, B0F291S27S, B0F7K3NYK6, B0F7JTMCC5, B0F292Y2SC, B0DLWC4LQT, B0DK778S33, B0DK78255Y, B0F2923N26, B0DK788GGP, B0DK773SJZ, B0DLWC6PQZ, B0DZ6KW6BD, B0F1YGFKC1, B0F29293ZT, B0DZ6MB5YX, B0F1YF4CZ9, B0DK768X6G, B0DZ6K4KCG, B0F7JZJ6DC, B0DK768X6H, B0F2931VC9, B0F7K73J5R, B0DLWBJXRW, B0DK776XM4, B0F8BN1WZ2, B0DZ6KXM41, B0DLWBLJZ2, B0F7K3WFM5, B0F2922TWJ, B0DK76FKCC, B0DLWBYYRS, B0DLW9PDTN, B0DZ6JGK4H, B0DK75L18N, B0F292KYVG, B0DZ6KM6N7, B0DZ6KL7RT, B0DK77L1GQ, B0DZ6KDBXB, B0DZ6LDYQY, B0F291XH1K, B0F292V2PL, B0DK76FVGK, B0F7K6GZD7, B0F293WCRQ, B0F7KB6346, B0DZ6KJD1X, B0DZ6HW8YY, B0DLW9RYFY, B0DZ6J97MK, B0DZ6KFY5M, B0DZ6L5F7K, B0DK771FS9, B0DK77813W, B0DZ6JCJ4C, B0DZ6JBX2S, B0DK797WZL, B0F7JYKGZP, B0F7K8YL2Z, B0DZ6K2SM4, B0DZ6JJVX6, B0DLWC89RW, B0F7JVHGF4, B0F7K16J7W, B0DZ6L5XZZ, B0DK78V4W1, B0DK77S2P9, B0F7KF6DFL, B0DK781QN5, B0DLWB5ZQV, B0DLW9THJ3, B0F2933QFT, B0DZ6KZ52J, B0DLWD217V, B0DZ6J91JG, B0F1YCSFL7, B0DK785QZ6, B0F292PM4J, B0DLWD8X32, B0DK78NJ1Y, B0DLWC4G4G, B0F7K3LQWJ, B0F292LCDK, B0DZ6N5XMV, B0F7K28Y4V, B0DK782THQ, B0F28YJDQ2, B0DZ6NDNV4, B0DK78STWN, B0DK78B6VM, B0F29394CB, B0DZ6JV1JT, B0F292J9WD, B0DLWC8S8L, B0DZ6KDMQX, B0F7K7XBRY, B0DZ6LK5ZP, B0DZ6KQDZH, B0DZ6KSBH9, B0DK762XT8, B0DLWBY7BF, B0F2927LTH, B0DZ6KY8J6, B0DK75FPDF, B0F29226WY, B0DK745CR5, B0F293VR6D, B0DLW9W66V, B0DK765HBC]",amzn1.campaign.1A8US5006HE14,HM6608,Heymoments,2025-09-29,2026-09-29,10.00%,50000.0,49995.6,0,800,false
"[B0F8V7QZB9, B0F8VGFR4S, B0F8TQ8NMV, B0F8TZZSJZ, B0F8VCWF59, B0F8V6LF13, B0F8VJJ4SY, B0F8V7XH5Z, B0F8TS34QR, B0F8TXT38F, B0F8TVVHSS, B0F8VBBDKK, B0F8TRCXYV, B0F8V8HZMN, B0F8V7N64J, B0F8VPGHMG, B0F8TYGHB9, B0F8V2NLZT, B0F8V1XQ5C, B0F8V4JRQH, B0F8VGH4FZ, B0F8V1Z9MR, B0F8VGDDZV, B0F8V7CH3X, B0F8V7YNRS, B0F8V8X3P8, B0F8TXQBYB, B0F8V8TKSC, B0F8VPVGRH, B0F8TV9KQB, B0F8TYC4BW, B0F8VQ4JQK, B0F8VDFWY3, B0F8V8V4GD, B0F8VJGMH3, B0F8V9XH51, B0F8V4GWNC, B0F8TSBT9P, B0F8VPR296, B0F8VGB2P1, B0F8V7T4YS, B0F8V79DT1, B0F8TS6SKF, B0F8TS24RG, B0F8V2MTKF, B0F8T6VBSF, B0F8V8S6ZY, B0F8VBHS7T, B0F8V3XPQB, B0F8TR9XSZ, B0F8VMQ2SS, B0F8TXK55Z, B0F8VG6P4X, B0F8VBLBS5, B0F8TPG3BF]",amzn1.campaign.1SWKLS74J28KW,HM9533,Heymoments,2025-09-29,2026-09-29,10.00%,50000.0,49998.0,0,800,false
[B0FLJDFJXY],amzn1.campaign.141QQCXXCX5CE,PENPEN-PHP1004-9.29-12.31,PENPEN,2025-09-29,2026-09-29,10.00%,5000.0,4748.31,0,800,false
"[B0D2LDT2WX, B0CSYMSYNB, B0B592RKP9]",amzn1.campaign.2ZWATWN8OL94U,Tidy Up Your Car: A Cup Holder Expander You Can’t Miss!-Commission rate:10%,Zeyitian,2025-09-29,2026-09-29,10.00%,10000.0,10000.0,0,800,false
"[B0D2LDT2WX, B0CSYMSYNB, B0B592RKP9]",amzn1.campaign.2X7EWDUZ1ZY7I,Tidy Up Your Car: A Cup Holder Expander You Can’t Miss!-Commission rate:15%,Zeyitian,2025-09-29,2026-09-29,15.00%,10000.0,9977.01,0,800,false
[B085ZC5PYJ],amzn1.campaign.29E87PAUKEXOW,AQUACREST Inline Water Filter for Car Washing,AQUA CREST,2025-11-09,2026-11-09,10.00%,5000.0,4843.53,0,800,false
[B0D17KNZJC],amzn1.campaign.7KS22MU4QOHC,Kirwekes Sea Moss & Ashwagandha Root Drops - 80 Servings,Kirwekes,2025-09-29,2026-09-29,10.00%,5000.0,4998.41,0,800,false
[B07YCHWL3M],amzn1.campaign.2JUATB0F0JOUC,AQUACREST Garden Hose Water Filter,AQUA CREST,2025-11-09,2026-11-09,10.00%,5000.0,4896.27,0,800,false
"[B09NVQS5NY, B0BXWFWKS8, B0B2QZSTCT, B0B2QZVBSX, B0BXWF3TZZ, B09NVNP2XP, B0BX2SD7GD, B0BX2SKGJ6, B0CM9DNNQ7, B0BXWFDQWT, B0DCGB7C7G, B0D78G3PX2, B0B19YQK94, B09NVP24JZ, B0BX2SHKVM, B0BR12FR64, B0D78FPRWC, B0BX2PVLT8, B0D78F48VJ, B0D78FL5R6, B09QM44CY1, B09QM5CX3N, B0BX2STBKK, B0D78FDH5H, B0B19Y97YY, B0BXWHTNKY, B0CYP89CYH, B09NVPMGLB, B09NVNY7V2, B09NVPHRTZ, B0B1LCRW5N, B0B1LHN6BQ, B0C286631N, B09NVPZCQK, B09QM55RQ1, B0DCFXFF7Z, B0B19XQFB7, B09QM83XX8, B0C46DN4PW, B0BXWF7XQB, B0B2QZXJX9, B09ZL9QJ8W, B0CM9FC9X5, B0DSSS7SGZ, B09ZLC7D1W, B0B1L81S19, B0C46B989C, B0CM9DPKX1, B0B19ZN6XC, B09NVNZR3M, B0CM9HCYKK, B0CM9C9GCD, B0D78FN6RD, B0C46D3LGC, B0DCC3CFKV, B0B19Y5F59, B0D78FW8SN, B0C33FBZ7W, B0DQ78YH5G, B0CM9F4VM6, B0C46CVH3C, B0BX2W29LS, B0B2R1Y2MC, B09NVPWW87, B0C46GHJ1D, B0BX2RMZVY, B0BLSRDN9M, B0BXWHH535, B0DCFYQ2RD, B0B8NMJ5RD, B0BXWHGFCZ, B0D78FSL7B, B0B19WKZD7, B09QM49419, B0B21BRF88, B0CM9DWYG5, B0B2R11N7L, B0C46C5TDC, B0CYP87V1F, B0BX2T26SW, B09QPMK7QR, B09QM3PLQ6, B0BX2RNV2L, B0CYP3N1X9, B09QM41CVW, B0CYP9QW9Y, B09NVPLN1W]",amzn1.campaign.2U65WTRTGYSAY,"💰 Derby Hat  | Affordable Style, Easy Earnings!",YIDINGCO,2025-09-30,2026-09-30,10.00%,10000.0,9994.24,0,800,false
"[B0D1K9CVB9, B0D1K6TDW6, B0CZL345DT, B0CWV4S78Q]",amzn1.campaign.253Y5OPDHXHOT,Organize Car Space: A Cup Holder Expander You’ll Depend On!-Commission rate:15%,Zeyitian,2025-09-29,2026-09-29,15.00%,10000.0,9987.07,0,800,false
"[B0D1K9CVB9, B0D1K6TDW6, B0CZL345DT, B0CWV4S78Q]",amzn1.campaign.1CUU768PGWJ83,Organize Car Space: A Cup Holder Expander You’ll Depend On!-Commission rate:10%,Zeyitian,2025-09-29,2026-09-29,10.00%,10000.0,10000.0,0,800,false
[B0FKMB91J2],amzn1.campaign.3LZZN586DKPSV,🍱 Hot Meals on the Go! 🔥 Cordless Heating Lunch Box – 15% High Commission 💰,KPPTYUNM,2025-09-29,2026-09-29,15.00%,990000.0,989705.37,0,800,false
"[B0DJ8T2G46, B0DJ8SC6LJ, B0DJ8SSLD8, B0DJ8RX652, B0DJ8S65Q3, B0DJ8SX9F7, B0DJ8T39F5, B0DJ8SZBTB]",amzn1.campaign.379EKAC9YX2DL,Collab Wanted: Feature This Versatile 3-Season Fleece Pullover,JULGIRL,2025-09-29,2026-09-29,15.00%,200000.0,199994.45,0,800,false
"[B0D2RMXGNR, B0F3776B79, B0FMJLT3TS, B0CJ533T7C, B0CG2VPS8H, B0CNYTZ42R]",amzn1.campaign.3O8T4HHREH8J9,Perfect for Families: EZ Pass Holder–Easy Transfer Ready-Commission rate:10%,Zeyitian,2025-09-29,2026-09-29,10.00%,10000.0,10000.0,4,800,false
"[B0F8T81BY9, B0F8TDV9BC, B0BJ8RLF2Y, B0F8TJPGQK, B0BJ8QWW5P, B0BJ8SC19P, B0F8T2TT8R, B0F8TB2792, B0BJ8S2P9B, B0F8T8JNK6, B0F8T6RJ8X, B0F8T4B2G4, B0F8TND339, B0F8QJJRMK]",amzn1.campaign.38ZM04LSAQ64R,🎩 Church Hat Collab | Elegant & Profitable!,YIDINGCO,2025-09-29,2026-09-29,10.00%,10000.0,10000.0,0,800,false
[B0FSKN6R5S],amzn1.campaign.YTMTRDEPMDPL,HEYCUZI Sleep Revolution: Heavyweight Cloud Pillow 1000g with Cool-Tech!,HEYCUZI,2025-09-29,2026-09-29,10.00%,999999.0,999925.42,0,800,false
"[B0D2RMXGNR, B0F3776B79, B0FMJLT3TS, B0CJ533T7C, B0CG2VPS8H, B0CNYTZ42R]",amzn1.campaign.QZ82OKER86ID,Perfect for Families: EZ Pass Holder–Easy Transfer Ready-Commission rate:15%,Zeyitian,2025-09-29,2026-09-26,15.00%,10000.0,9989.88,0,800,false
[B0FP172SMZ],amzn1.campaign.52X0R8EO6KFF,"🌱SteamFusion Heavy Duty Steam Cleaner - $5M Annual Sales, 10% Commission Boost",SteamFusion,2025-09-29,2026-09-29,10.00%,5000.0,4993.7,10,800,false
"[B0FQTHZHG3, B0FLJB3FC6, B0FLJ5Y33F, B0FLJMQ2SZ, B0FRMQGNC5, B0FKSXSVF8, B0FPFC696J, B0FRMQGNC6, B0FRMNL795, B0FMFBRW2X, B0FFBD7YQR, B0FPFZ8K9R, B0FJ1SZM45, B0FRMRFQP1, B0FH4TPHLS, B0FJXK1XSX, B0FHPFPS6P, B0FM7LPP5G, B0FMY913KH, B0FJ1ZXSDP, B0FM7QRXV1, B0FH4RMM5K, B0FH4WVZLY, B0FRMVW3V6, B0FJ1RFMK2, B0FM7QQDR1, B0FRMKWKTP, B0FHP6YCVF, B0FJ1GBD5P, B0FH6BVC3S, B0FHP5TWH3, B0FH5H16Z9, B0FFHGQQTH, B0FKT29RJK, B0FJ1L4348, B0FFM87MCX, B0FHHJCGRY, B0FMDYPSDG, B0FMDYB88Q, B0FKSMRPMR, B0FHPR1RHJ, B0FMYBDWCB, B0FFHFJSLD, B0FQTNTXPM, B0FPFZ1QXW, B0FH5FQ998, B0FFHJTN1X, B0FM7NX6QW, B0FH6JC9Z2, B0FHZW6XRV, B0FQ5HB9D8, B0FFHGVZZD, B0FFHDSDL9, B0FHHGSWYL, B0FLJKYBQY, B0FPFYJV4K, B0FHQ3XNJL, B0FJ1WSYPN, B0FQJ147YD, B0FPFZJVYB, B0FFH7H9YR, B0FFHLMB5P, B0FMDTZWWH, B0FRMNXQFG, B0FHPSCR4H, B0FFHHB612, B0FH6DR6S6, B0FLJCLV8C, B0FFBJHBP7, B0FFHF7Y14, B0FFM9TXCM, B0FLJGQJLY, B0FHHF2XQP, B0FJXVFS7Y, B0FPFZRT9K, B0FHQ7C5MS, B0FFHDZQ1B, B0FPLXZSKT, B0FJXJHK5P, B0FH4TDTDW, B0FM7QQD4Z, B0FJXBKBPS, B0FJ1HDSNG, B0FKTCH2G8, B0FN7QQCVT, B0FHH61G52, B0FFHGYWLP, B0FHPWB4M8, B0FHPV1MQV, B0FM7N9911, B0FFH8NJS6, B0FRMKW8L2, B0FJX31178, B0FFM7S4XB, B0FFHH315S, B0FFM8N1BN, B0FRMQDKL6, B0FM7MXMVM, B0FQJ1HS6V, B0FMF15FW9, B0FHKJ3HD5, B0FHP7X8BM, B0FFHJCS1F, B0FFHF7J5L, B0FPF9CV6H, B0FQJ43CBS, B0FJ1JJGNL, B0FFM7ZFDQ, B0FJ1SKMFW, B0FMDZSMS6, B0FJX8JBM3, B0FFBL8TMD, B0FJ1P5LZJ, B0FLJGPNZC, B0FPLXJPT2, B0FH6CQNC9, B0FLJSY471, B0FHNQHFPM, B0FFBFL4KQ, B0FRMQF4ZF, B0FHQBQKCB, B0FJ1NWFSN, B0FHH69C7F, B0FM7QBMW2, B0FFHDSY9H, B0FFBJ9GHQ, B0FPFXSWV5, B0FH6CLQYG, B0FJX8NQ3C, B0FFMF5H5B, B0FPFYLGJF, B0FHPF34XX, B0FJ1MZ7GF, B0FQJ3PM1Y, B0FLJHNG6N, B0FLJDGL3C, B0FFBJM3Y3, B0FMFBCWY1, B0FJXR4DJK, B0FN7SNR2V, B0FLJBRPRN, B0FM7N5HF5, B0FLJL5DLL, B0FRMP68LT, B0FHPV6K2T, B0FLJH9GVL, B0FHKKF2FV, B0FH4VXPDR, B0FMDYRPQ5, B0FHNQ3K3D, B0FHQ811RT, B0FN7R9FD6, B0FMDYWVMK, B0FKTCBBT7, B0FMDYVH48, B0FH4TMZRM, B0FKT9LRJ5, B0FMY8JV7Z, B0FPFZ4CNY, B0FHHJ4783, B0FFBKNB5G, B0FN7TVM5X, B0FFH7HR41, B0FHPVDQ3R, B0FH4SSF4P, B0FM7RFW32, B0FH6H74V2, B0FFHFYDWS, B0FHHHR4QK, B0FJXMTD3J, B0FFBD48BM, B0FHN8B2WQ, B0FHHK4242, B0FHKGXNYW, B0FHPMV3L9, B0FLJ7TK4H, B0FRMQKXDS, B0FFBJ3M9H, B0FH4W6D92, B0FQ5HX7GN, B0FPFZ5KXZ, B0FFBF5PT7, B0FPG16N2K, B0FJ1QX5LL, B0FPFY2WY3, B0FJXYKKD7, B0FKTBDQFK, B0FFBF6ZCZ, B0FH4VC62J, B0FRMKXCG4, B0FJ1GZ5JM, B0FMJW8HXZ, B0FJXY5JCV, B0FHHH9NPH, B0FH6G7G5J, B0FQ5JRC59, B0FFHJ7H2Y, B0FHPPYSCP, B0FFHHRLD5, B0FLJ364ZB, B0FH4W61SM, B0FJXLHPHZ, B0FJ1YMW3C, B0FH4TJ3PL, B0FHPG16J7, B0FPL74NPN, B0FKTCKP1Z, B0FQHSZWCC, B0FHKJ4LKX, B0FLHWZSPB, B0FMDTW65Y, B0FFHKDFMV, B0FHPMHBQW, B0FRMCVBH1, B0FMDY1QX3, B0FHPS37GM, B0FFHD6HJR, B0FJXK2G5X, B0FKTF8FZP, B0FFHHHLBP, B0FN7QH96B, B0FM7RYC79, B0FPM11KRR, B0FHKK6R97, B0FH6DZLNJ, B0FJXY6V9K, B0FRMKWHQR, B0FH6CQ68N, B0FJ1HWRKQ, B0FFH7H1W4, B0FFMGHKCM, B0FH6GVR1T, B0FH4W7RL6, B0FHH6BLTF, B0FHPPG1Y2, B0FHPSF61K, B0FMYBB9XG, B0FJXPXVV8, B0FLJHGDK7, B0FFHJ71LK, B0FLJLD7LB, B0FKT7DHJL, B0FM7P5LS8, B0FKT1QCFK, B0FFBJQVV7, B0FM7LXWQ3, B0FH4SYQ47, B0FHPTF1ML, B0FHPRXNHC, B0FM7NZDL6, B0FFHJ95P6, B0FM7NN8XH, B0FPFYZQQS, B0FHP5BZ6X, B0FQTNMVW9, B0FFMC5N6B, B0FJXKV8SR, B0FHHFHSLT, B0FHQ446HH, B0FHNVCXJR, B0FMF13YM5, B0FH6CZS7N, B0FJXPYPGK, B0FM7LQQ9J, B0FPFZSYZP, B0FRMPS8N5, B0FHPZX4R1, B0FHQC2JHC, B0FJXY2L3N, B0FHHFJFLV, B0FFBH3GM6, B0FQHVSPRP, B0FFH7JV7J, B0FRMQKLPW, B0FHHH377W, B0FPFXPSP2, B0FHHGTHTL, B0FPF92BZN, B0FM7MPNWV, B0FFHGFYCP, B0FHHH7ZR7, B0FH4VDTG6, B0FMDN6KQC, B0FKT6DZJ9, B0FFHFYQWB, B0FHHGJY51, B0FJ1SZ63W, B0FQ5GGWP6, B0FRMKWJTS, B0FJ1P7BHT, B0FMF3728X, B0FHP8JNV9, B0FQTWNH4W, B0FH6DNHLC, B0FM7RDKH5, B0FH6BSDN5, B0FFHHV3KW, B0FMFBXPFD, B0FRMRDC8H, B0FHQ6JCF7, B0FN7SSND2, B0FFHF483P, B0FH4RZLFB, B0FHP7CGXY, B0FH4T2VXY, B0FH4W55TV, B0FMDZ42KN, B0FHHF9FLY, B0FPFZZB2Y, B0FFMHVYVV, B0FKT7BMN2, B0FFHJTH88, B0FHJQN96F, B0FHPMW44Q, B0FMF37ZWL, B0FN7N2HCP, B0FQ5HZGH8, B0FPF9N4JG, B0FFH7TB8G, B0FH4TQ4RV, B0FFM66R7V, B0FPFYFCM8, B0FFM7XRWS, B0FJ1T3GQ1, B0FH5HFMX8, B0FHPSFLQP, B0FLJ9Z2QK, B0FFM7WWCQ, B0FM7M958B, B0FRMQGP5Y, B0FJXCSKBH, B0FJXMP924, B0FHP1P72K, B0FQJ1Q2JR, B0FLJMK25J, B0FFBF42FK, B0FHPD64ND, B0FRMQBHVV, B0FKTCWD17, B0FN7QNMGV, B0FHPQZPSV, B0FFMDN5W1, B0FHQ2S891, B0FLJ9M493, B0FKTFZD8K, B0FH4TQT2G, B0FFM8FCS4, B0FHP7JRTG, B0FRMQD2FR, B0FFM9HDRH, B0FPLB1GBH, B0FPFYG5LM, B0FMF7VDC2, B0FMY9L9Y7, B0FQTRFCVY, B0FH6NLP19, B0FH6NCGZ1, B0FFHHY2TM, B0FPLNF757, B0FM7N6P9L, B0FHQ42MMH, B0FMJYMXZ5, B0FRMQSQ85, B0FH4T3SKY, B0FLJKVXWD, B0FFBGXKMK, B0FHKGRPZ1, B0FM7MZ88F, B0FH6DNGP6, B0FQJ1N9DG, B0FJXXQ14J, B0FH4SFY2Q, B0FLJDK738, B0FHHB1Y3H, B0FKSV8183, B0FH6BPYDG, B0FHJ1QLJP, B0FKSXF7CC, B0FM7PQ1S5, B0FHHJ2X9Q, B0FMJW7QBT, B0FH5L8P4S, B0FFHJ72FW, B0FH6FVB68, B0FLJD56SB, B0FLHX4ZJK, B0FH5J4GF8, B0FLJLZ83R, B0FPFZJDBH, B0FJXLB66V, B0FH4RYF89, B0FFMC8XZT, B0FHHGVPTK, B0FQV584LJ, B0FFM8CNMV, B0FFBKD4T1, B0FM7MTXK7, B0FHQ41L49, B0FRMSFZZD, B0FLHZV3ZV, B0FMDZ4LZN, B0FN7SY6HF, B0FFBFBQ52, B0FPG25HJK, B0FRMCV2VV, B0FH4TDR1F, B0FKT7BKL1, B0FH4WQYBG, B0FJ1P4WB2, B0FFBL8NR9, B0FKT2TRRQ, B0FFHGH1GG, B0FFHDKSTB, B0FHHF5XVT, B0FJXQJDJR, B0FN7QPPBK, B0FN7PW89W, B0FMDCR798, B0FH6H56GF, B0FJXSDHLL, B0FKTCT6YX, B0FMYC7CZW, B0FHHJTX89, B0FJXDTRJX, B0FKTBWFLL, B0FMDZGCS5, B0FHHJS565, B0FJ1QZ2LC, B0FH6HJJRD, B0FFHJ1TZY, B0FHHFBM8M, B0FKTBPCZQ, B0FFHHZC6B, B0FH4W35WR, B0FH4W35WS, B0FHPQJ1LH, B0FH4SPRJY, B0FMDZ7FG4, B0FFMDZRJG, B0FFMBMHVP, B0FQHVMVH4, B0FH6H3KXP, B0FKSMVT33, B0FFHBCCWB, B0FMDN1GPW, B0FHKLJSJK, B0FHPVJ3Z3, B0FPFYJ2WK, B0FM7N8XM3, B0FRMCTFFX, B0FH5GT8HR, B0FPFYD4M8, B0FH4VTJ5K, B0FFMGFV2J, B0FPLGWMJD, B0FJ1MFK8Y, B0FM7R9K12, B0FJXJGPW6, B0FRMKX8BT, B0FH6C95J9, B0FKT9FW67, B0FHPPXB33, B0FFMBHWYN, B0FMDZ5YMW, B0FJ1GX8DC, B0FPFZB4X4, B0FHPPXB35, B0FKTCCMWR, B0FN7SHT98, B0FHPJYXPT, B0FMDL4QSV, B0FH4SBD1X, B0FMJXK85Q, B0FHPR2CN4, B0FMJT9TQB, B0FFM65VL5, B0FPFBQF4N, B0FHPMTCBB, B0FH6J3V9V, B0FPFYTHF1, B0FQ5J1BHJ, B0FJXZLHMF, B0FJXXF4PX, B0FFHDFS64, B0FH4V6L1D, B0FRMNCM6B, B0FH4S54WS, B0FJ1DVG9S, B0FPFYM2P2, B0FH4RZDHH, B0FFBKX4LH, B0FJ1LZ7SN, B0FFBLMNCM, B0FFH6MS3K, B0FMF18JQS, B0FFBJSSWH, B0FMDZQFWT, B0FFH7HWKW, B0FHZY3QNB, B0FHHGRYG9, B0FMDDMX5G, B0FQJ297TV, B0FHKLB4J9, B0FM7N34RL, B0FRMKSZ2H, B0FFHGJ263, B0FHHHLV7K, B0FH6JFQW9, B0FQHTY3TL, B0FN7QDKWK, B0FH4SMDTS, B0FFHHKNMK, B0FHJQL59Q, B0FMF2JCQY, B0FFHJ13MY, B0FH6DFGN9, B0FMDYKQ8Y, B0FM7P6X83, B0FHH68H8D, B0FJXR65S7, B0FH4V2X1G, B0FFH7TFLY, B0FHKLS2YV, B0FFHHXB42, B0FRMNJJZ7, B0FMDZT4DH, B0FPF9C8F1, B0FFH5CWWP, B0FFMB4WYD, B0FLHZTBVV, B0FJX5L8NT, B0FLHZTBVW, B0FRMCRDM9, B0FHQ55TSL, B0FFMDKWVW, B0FM7S5DZ2, B0FH6Q8GJX, B0FKT1HW7K, B0FHQ7WLG2, B0FMFFXJ5T, B0FM7MW6FV, B0FRMVQMF7, B0FFMFJP1F, B0FHP8KQJH, B0FJ1VFSF4, B0FFBJ2BYX, B0FJ1XF753, B0FHPPCSVK, B0FLJQ8BCP, B0FFH92CSX, B0FRML8SXW, B0FFM8HD2Z, B0FHJQJ39G, B0FH6F717J, B0FQHTWC6N, B0FPFZT3ZF, B0FHHDPB9P, B0FJXHFZJ4, B0FJXKSP8F, B0FM7P4S19, B0FPG1NBDP, B0FFM7P5XN, B0FPFZLSPY, B0FH6DYCQV, B0FHJ3FS75, B0FHHJ1644, B0FH6HZYFV, B0FHHGTKJ3, B0FJXNQKB3, B0FFH459BV, B0FKT9PMFW, B0FHHJ9LHT, B0FLJM9RTC, B0FHPW6XC7, B0FJXKV1RR, B0FH6HV5L7, B0FKTBJMYT, B0FRMP564V, B0FPG15R14, B0FHHKHW4G, B0FJXL2VKX, B0FM7PRBVR, B0FM7PH2TX, B0FHHGCTPJ, B0FHKG3TGS, B0FMYBJM8M, B0FM7MN15C, B0FHQC4WLS, B0FMDG9667, B0FMF3LRJ1, B0FPFZQ8MG, B0FMJWSZYG, B0FFBGGMGX, B0FH6M4FDX]",amzn1.campaign.1KI7CRILLBEUV,YY-FBM2,GOELIA,2025-09-29,2026-09-29,10.00%,5000.0,4990.19,0,800,false
[B07ZGFQTTL],amzn1.campaign.3Q9YUTVD9LAUG,✅MOSCHE 1050W All-Natural Steamer for Cleaning 10% $3M Phenomenon✅,MOSCHE,2025-09-29,2026-09-29,10.00%,5000.0,5000.0,0,800,false
"[B07PKPHWXV, B07YWR6B9D, B0B3QLFBJG, B07DCQKFYS, B07DCPSX9S, B07DCPWWJZ, B07PLFNSCJ, B07PG8C59L, B0B3QJ634C, B0B3QH7FJP, B07DCQRL17, B07YWQZMSG, B07YWR56N9, B07DCQSQVT, B0B3MS8PTS, B07PLGVSKQ, B07DCQJHWW, B07PG8FD1F, B07YWQN2J7, B07YWR2W1K, B0B3QXFWVK, B0B3MVCNCN, B07DCPMDGJ, B07YWRTJTR, B07YWQZFPQ, B0B3MS162V, B07DCQJVRJ, B07PJJQXYZ, B07YWR5G9W, B07DCQXWLH, B0B3R3TWKV, B07YWQY25P]",amzn1.campaign.W8SX7UV8MG0W,11% Commission + Free Sample | PROSTEEL Franco Chain Bracelet (1K+ Reviews),PROSTEEL,2025-09-29,2026-09-29,11.00%,5000.0,4966.46,0,800,false
"[B0DKXGMTBR, B0DL9Z8GPH]",amzn1.campaign.2T9DKAJP8M64M,Popular Wedding Emergency Kits - 1000+ orders per month - 10% commission-J,YouxuanAio,2025-09-29,2026-09-29,10.00%,5000.0,4996.48,0,800,false
[B0FCYF2PDJ],amzn1.campaign.2UPO5ZYS80KDF,Jeostarky TN830XL 2PACK&Dr830 Drum 1 Pack-B0FCYF2PDJ-15%commissions,Jeostarky,2025-09-29,2026-09-29,15.00%,5000.0,4895.6,0,800,false
"[B0FKLZ95WC, B0FKMQGGJJ, B0FKHB6CCJ, B0FKLXH2WD, B0FKH5DRLB, B0FKHC45MG, B0FKMD8YB6, B0FKM689F3, B0FKMK88X7]",amzn1.campaign.2G8FPYB79252P,10% Commission + Free Sample | U7 Chunky Gold Necklace for Women,U7,2025-09-29,2026-09-29,10.00%,5000.0,4799.86,0,800,false
[B0D9QST7H9],amzn1.campaign.RA6KGKVKD7B1,Marpvore 50X Strength Potency Brain Supplements - 60 Capsules,Marpvore,2025-09-29,2026-09-29,10.00%,5000.0,4985.18,0,800,false
[B0DG8P3J8N],amzn1.campaign.2DMMKOB0VXDMZ,A19 100W 2700K LED Light Bulbs,dalattin,2025-09-29,2026-09-29,20.00%,5000.0,4896.41,0,800,false
"[B09T2XQ73P, B09T33VDG2]",amzn1.campaign.2MP04W2PVIIR1,"Sun Visor Extender: Anti-Glare Design, Clearer Driving!-Commission rate:15%",Zeyitian,2025-09-29,2026-09-29,15.00%,10000.0,9965.49,7,800,false
"[B09T2XQ73P, B09T33VDG2]",amzn1.campaign.1DHLRSJ1E60OQ,"Sun Visor Extender: Anti-Glare Design, Clearer Driving!-Commission rate:10%",Zeyitian,2025-09-29,2026-09-29,10.00%,10000.0,10000.0,14,800,false
"[B0FDW7ZF98, B0FDWDR84H]",amzn1.campaign.U6RARJ9FBHF2,"EZ Pass Holder: For Daily Use, Secure & Sleek!-15%Commission Rate",FLLIK,2025-09-30,2026-09-30,15.00%,10000.0,9992.36,16,800,false
"[B0CXPHVWY6, B0D4938HV4, B0D1XJTM59, B0D48R22J6, B0CX8Y4118, B0DQ8NV6SB, B0CX92QXZD, B0DF4S738M]",amzn1.campaign.30G9B36ICU2SJ,"EZ Pass Holder – Sleek, Secure, and Built for Daily Driving-10%Commission Rate",FLLIK,2025-09-30,2026-09-30,10.00%,10000.0,10000.0,9,800,false
"[B0CXPHVWY6, B0D4938HV4, B0D1XJTM59, B0D48R22J6, B0CX8Y4118, B0DQ8NV6SB, B0CX92QXZD, B0DF4S738M]",amzn1.campaign.QMYZUNJ6AKKB,"EZ Pass Holder – Sleek, Secure, and Built for Daily Driving-15%Commission Rate",FLLIK,2025-09-30,2026-09-30,15.00%,10000.0,9971.59,7,800,false
"[B0FKXS7J7S, B0FPLRG2R7, B0FKXPGN9P, B0FKT2N9RR, B0FKTJ2WNG]",amzn1.campaign.36ANKXI3UKIA3,The Updated Car Cup Holder Expander – Holds Large Bottles-15%Commission Rate,FLLIK,2025-09-30,2026-09-30,12.00%,10000.0,10000.0,19,800,false
"[B0FKXS7J7S, B0FPLRG2R7, B0FKXPGN9P, B0FKT2N9RR, B0FKTJ2WNG]",amzn1.campaign.21JTZNNNSPHB8,The Updated Car Cup Holder Expander – Holds Large Bottles-10%Commission Rate,FLLIK,2025-09-30,2026-09-30,10.00%,10000.0,10000.0,22,800,false
"[B0FDW7ZF98, B0FDWDR84H]",amzn1.campaign.2QW0WL983C4OX,"EZ Pass Holder: For Daily Use, Secure & Sleek!-10%Commission Rate",FLLIK,2025-09-30,2026-09-30,10.00%,10000.0,10000.0,23,800,false
[B0FH53BJ48],amzn1.campaign.2W0FEC04J0SAC,白色猫刷,Vrurc,2025-09-29,2026-09-29,15.00%,5000.0,4991.34,0,800,false
"[B0DRWXY2GD, B0DRWXVN22, B0FLBTD8Q8]",amzn1.campaign.11J3FFLAE0UD9,Collaboration Opportunity with SafeDelux Smell Proof Bag,SafeDelux,2025-09-29,2026-09-29,10.00%,5000.0,4892.7,0,800,false
[B0FS27LRTW],amzn1.campaign.HCS2B55YRKHM,不倒翁饭勺+陶瓷蛋壳装饰碗组合套装,MENGYUEXUAN,2025-09-29,2026-09-28,10.00%,5000.0,5000.0,12,800,false
[B0FSJYNTLP],amzn1.campaign.2EBLX1IY8OXQV,汽车钥匙小包+陶瓷蛋壳装饰碗,MENGYUEXUAN,2025-09-29,2026-09-27,10.00%,5000.0,5000.0,5,800,false
[B0FSJYHPPG],amzn1.campaign.3KUMF2BTETYJR,小猫挂钩加钥匙包,MENGYUEXUAN,2025-09-29,2026-09-28,10.00%,5000.0,5000.0,11,800,false
[B0FQBP2W4F],amzn1.campaign.VIKCPPFC5WXN,渔夫钓鱼平衡摆件,MENGYUEXUAN,2025-09-29,2026-09-28,10.00%,5000.0,4998.83,7,800,false
"[B0F8BTF2W2, B0FJMBJH9V]",amzn1.campaign.1CI2KO7CMWTTO,[Collab Opportunity] 10% Commission | Gift Box (Gift-Ready!),JIAYIQI,2025-09-29,2026-09-28,10.00%,5000.0,4968.59,0,800,false
"[B0FQJJJDTM, B0FQJHSMPW]",amzn1.campaign.1LI8GYW3XONON,Black Leather Handbag with Gold Chain Detail 37552,GLADDON MODA,2025-09-29,2026-09-29,12.00%,8888.0,8888.0,0,800,false
[B0FMFFKSMQ],amzn1.campaign.1THR9VECVX10B,"""15%Commission""--Azang Sleep Eye Mask",Azang,2025-09-29,2026-09-29,15.00%,100000.0,99816.88,0,800,false
[B0C27KXL1Q],amzn1.campaign.2SE43NYCCEP1F,Ascuoli Sublingual Trans-Resveratrol 120 Lozenges (120-Day Supply),Ascuoli,2025-09-29,2026-09-29,10.00%,5000.0,4982.83,0,800,false
"[B0FQJDC3C6, B0FQJFLNR6, B0FQJCL32P, B0FQJFFRNK]",amzn1.campaign.3NVAXONTIAQYG,Woven PU Leather Tote Bag with Chain37321,GLADDON MODA,2025-09-29,2026-09-24,12.00%,8888.0,8888.0,0,800,false
"[B0FJF62821, B0FQ13XWL9, B0FNWCRVFL, B0FM3LC9WB, B0FLVL6Y7F, B0FK28YGZ2, B0FK2BMNCC, B0FQ1FZGPK, B0FQ1Z4GYB, B0FPXG7B9Y, B0FLVHF1XV, B0FQ1GKMRR, B0FNWGTGF5, B0FK2BQMF4, B0FQ1CJTW3, B0FQ1S5YCK, B0FNWCTKY9, B0FQ1FKZ2P, B0FLVGXD8W, B0FKBJJ5K1, B0FQ1CMQK3, B0FQ1869DH, B0FM3KZLBX]",amzn1.campaign.1BD0O7L2QHWFA,Tariss's Affiliate Program,TaRiss's,2025-09-29,2026-09-25,10.00%,5000.0,4970.26,0,800,false
"[B0FQNSW8VJ, B0FQJJ33XC, B0FQNTV2DB, B0FQNTZWQS, B0FQNW1DCR, B0FQNTP6NK]",amzn1.campaign.2HVJZMW3AR104,Quilted Crossbody Bag with Adjustable Chain Strap36531,GLADDON MODA,2025-09-29,2026-09-29,12.00%,8888.0,8866.41,0,800,false
[B0C27TX4D1],amzn1.campaign.QW2OEXKD6LO4,Ascuoli 99% Ultra Purity Trans-Resveratrol Supplement - 60 capsules,Ascuoli,2025-09-29,2026-09-29,10.00%,5000.0,4991.6,0,800,false
"[B0FLKLK16R, B0FLKJYSW6]",amzn1.campaign.3V3KQGK8TKK3B,6129a-30%,Slikwave,2025-09-29,2026-09-29,30.00%,5000.0,4672.49,0,800,false
"[B0FLKLK16R, B0FLKJYSW6]",amzn1.campaign.1OQSDV7ZL60U7,6129a-25%,Slikwave,2025-09-29,2026-09-29,25.00%,5000.0,5000.0,0,800,false
[B0FCNRPSXK],amzn1.campaign.243Z5ED8HIAZD,Dragon Pinata,VITALVARIETY,2025-09-29,2026-09-29,10.00%,5000.0,4997.5,0,800,false
[B0FCP4C6NY],amzn1.campaign.282BTMYGSR6WV,Pumpkin Pinata,VITALVARIETY,2025-09-29,2026-09-29,10.00%,5000.0,5000.0,0,800,false
[B0FCP4BGFQ],amzn1.campaign.2P0LMAXITNJAT,Donkey Pinata,VITALVARIETY,2025-09-29,2026-09-29,10.00%,5000.0,4981.8,2,800,false
[B0CYH9C3W7],amzn1.campaign.2TBHSPOLNVFCX,Hair Dryer 25% comission,BIZOND,2025-09-29,2026-09-29,25.00%,100000.0,100000.0,0,800,false
"[B0FLKK49VQ, B0FLKNTTJB, B0FLKJSMHV]",amzn1.campaign.JNL7SKMQ8XMZ,nv628-30%,Slikwave,2025-09-29,2026-09-29,30.00%,5000.0,4662.01,0,800,false
"[B0FLKK49VQ, B0FLKNTTJB, B0FLKJSMHV]",amzn1.campaign.32MQ7IR559VKZ,nv628-25%,Slikwave,2025-09-29,2026-09-29,25.00%,5000.0,5000.0,0,800,false
[B0FNVMRDL4],amzn1.campaign.JAPWUFTSRGCA,VILTROX 9mm F2.8 Z,VILTROX,2025-09-29,2026-09-29,10.00%,8000.0,7927.36,0,800,false
[B0FNVLZRSG],amzn1.campaign.2PU72N4OIB009,VILTROX 14mm F4.0 FE,VILTROX,2025-09-29,2026-09-29,10.00%,8000.0,7645.78,0,800,false
"[B0FM82Q74J, B0F9PF1BK1, B0F9PJC24W, B0FJ8SXGZG, B0DJVNGGS1, B0DJVMV45N, B0DJVRW211, B0FM832RNB, B0DJVTGSHX, B0DJVSMFFT, B0DJVRS4J5, B0DJVRRPV8, B0DJVSJ45H, B0FNCVDP1L, B0DJVTS446, B0FMJVQLQ3, B0DJVSC29J, B0DJVSM27Q, B0DJVS9K25, B0DJVSQ7ZV, B0DJVT9BQL, B0DJVNFLCW, B0DJVRN4FW, B0DJVRVVDS, B0FJ8PWHQG, B0DJVPRC9V, B0DJVR7GGS, B0DJVQWX15, B0DJVTDC4X, B0F9PJYF48, B0DJVRQTXC, B0DJVRGTFY, B0DJVRYTH6, B0FNJFZLWC, B0F9PHFFN8, B0DJVNMKGC, B0DJVSPPJH, B0FJ8MDPP1, B0DJVQQCFF, B0DJVRX3MS]",amzn1.campaign.1HBUL1Q968Z5V,"✨Biggyboom:Hey ,come to earn 13% commission by promoting our apple watch band！",Biggyboom,2025-09-29,2026-09-29,13.00%,10000.0,9995.47,0,800,false
"[B0DKBV19NX, B0DKBGPLW2, B0DKBJRH9J, B0DKBGVBJW, B0DKBHV76Z, B0DKBH6Q51, B0DKBJ6NM3, B0DS5HRXYK, B0DKBHX3BB, B0DKBGRZWZ, B0DKBH738C, B0DTF7CJSL, B0DKBHZJGL, B0DKBH6YDF, B0DKBHVV14, B0DK926BMR, B0DKBHGKS6, B0DKBGLDCC, B0DKBH4R9W, B0DKBGWVNN, B0DKBGTBMY, B0DKBGWVNP, B0DKBH696L, B0DKBH385F, B0DKBHGJ3M, B0DKBGWZ3G, B0DKBHJ73V, B0DKBJDRJ3, B0DKBH16LG, B0DKBH88LY, B0DKBJ1TT6, B0DKBGG91K, B0DKBH6BJD, B0DKBHFNQ5, B0DTGN38NZ, B0DKBHBJ7W, B0DKBH2GZT]",amzn1.campaign.1C05OB9KDKJ7P,POJUSASI:Earn 12% commission and promote our Italian Leather Apple Watch Bands!,POJUSASI,2025-09-29,2026-09-29,12.00%,10000.0,10000.0,0,800,false
[B0FNWBQQ9Y],amzn1.campaign.1KZYLJK802T6K,VILTROX 9mm F2.8 E,VILTROX,2025-09-29,2026-09-29,10.00%,8000.0,7765.18,0,800,false
[B01G5NQ0JA],amzn1.campaign.34TJWLQ588C1U,Creator Commission Partnership Program,Magicdo,2025-09-29,2026-09-29,12.00%,5000.0,4888.78,0,800,false
[B0FNRCS4RR],amzn1.campaign.II2GVALZHZE6,VILTROX 56mm F1.2 Pro E,VILTROX,2025-09-29,2026-09-29,10.00%,8000.0,7733.2,0,800,false
"[B0B1Q59F5P, B0B9N25DWB, B0C9V35FQ2, B0BJ2LLX8J, B0C9V18BP5, B0B1Q524B1, B0B1Q5RKCL, B0B1Q42LGM, B0B1Q5D933, B0BKTJKBX4, B0B1Q562F7, B0BKTGLGXN, B0DD3HMTFB, B0DD38L59B, B0BKTF5YVY]",amzn1.campaign.9X7QHGQQZT7C,🌟Handcrafted Lightweight Backpack-Perfect for Work & Daily(Earn 12% commission),NOBLEMAN,2025-09-29,2026-09-29,12.00%,10000.0,10000.0,0,800,false
[B0DK96T65K],amzn1.campaign.31977A0Z0FV4I,✨Earn 15% Commission with Ovwada: Promote Our 4.4+ Star Rated Apple Watch Bands,Ovawda,2025-09-30,2026-09-26,15.00%,10000.0,9996.85,0,800,false
[B0DK985MWY],amzn1.campaign.1LQW1TTF4M3XY,✨Earn 15% Commission with Ovwada: Promote Our 4.4+ Star Rated Apple Watch Bands,Ovawda,2025-09-30,2026-09-27,15.00%,10000.0,9994.76,1,800,false
"[B0DNQG2LBN, B0DDWRXC2B]",amzn1.campaign.2O1TJUX2FBHES,104 Pcs Iron Baluster Shoes 1/2 Inch Stair Flat Shoe,SENONAPO,2025-09-29,2026-09-29,10.00%,5000.0,4988.8,0,800,false
[B0DK985MWY],amzn1.campaign.1N7E6GX93H4W4,✨Earn 15% Commission with Ovwada: Promote Our 4.4+ Star Rated Apple Watch Bands,Ovawda,2025-09-30,2026-09-30,15.00%,10000.0,9990.34,0,800,false
[B0DK97K9VT],amzn1.campaign.18P8Z4LQHCRCY,✨Earn 15% Commission with Ovwada: Promote Our 4.4+ Star Rated Apple Watch Bands,Ovawda,2025-09-30,2026-09-29,15.00%,10000.0,9988.98,0,800,false
[B0DK97Q4BG],amzn1.campaign.1N3T91LG1SURY,✨Earn 15% Commission with Ovwada: Promote Our 4.4+ Star Rated Apple Watch Bands,Ovawda,2025-09-30,2026-09-30,15.00%,10000.0,9980.71,0,800,false
[B0DK97FB81],amzn1.campaign.10JRIGP8OO31R,✨Earn 15% Commission with Ovwada: Promote Our 4.4+ Star Rated Apple Watch Bands,Ovawda,2025-09-29,2026-09-29,15.00%,10000.0,9998.5,0,800,false
"[B0BX9BL5PF, B0B8S4X3TC, B0DQ3JMMX6, B0CF57JFG3, B0D2HJLD1M]",amzn1.campaign.2C4YGAN4FPUG2,Senyshilon Farmhouse Style Wagon Wheel Chandelier Promotion Plan,Senyshilon,2025-09-30,2026-09-30,20.00%,5000.0,4932.8,0,800,false
"[B0CGZTYB14, B0DT6SBVRZ, B0CSN7XNTF, B0BFGQT31J]",amzn1.campaign.1G4G5UUAOEJE8,Senyshilon Farmhouse Dining Room Light Fixture Promotion Plan,Senyshilon,2025-09-30,2026-09-30,20.00%,5000.0,4919.92,0,800,false
"[B0FMDBWW3G, B0FMDRX3TJ]",amzn1.campaign.6S2ZNHZMMCAA,Senyshilon Crystal Chandeliers for Dining Room Promotion Plan,Senyshilon,2025-09-29,2026-09-29,20.00%,5000.0,5000.0,2,800,false
"[B0BX9BL5PF, B0B8S4X3TC, B0DQ3JMMX6, B0CF57JFG3, B0D2HJLD1M]",amzn1.campaign.1P4EVLWQ0VPJ0,Senyshilon Farmhouse Black Wagon Wheel Chandelier Promotion Plan,Senyshilon,2025-09-29,2026-09-29,20.00%,5000.0,4958.1,0,800,false
[B0DK976KKG],amzn1.campaign.2ONB6Q7V8O4QH,✨Earn 15% Commission with Ovwada: Promote Our 4.4+ Star Rated Apple Watch Bands,Ovawda,2025-09-29,2026-09-29,15.00%,10000.0,9981.5,0,800,false
"[B0CGZTYB14, B0DT6SBVRZ, B0CSN7XNTF, B0BFGQT31J]",amzn1.campaign.2P1UYRZ8R1EMS,Senyshilon Farmhouse Style Black Chandeliers for Dining Room Promotion Plan,Senyshilon,2025-09-29,2026-09-29,20.00%,5000.0,4898.8,0,800,false
[B0F4YTGRWL],amzn1.campaign.2S91TMP0ZGT4T,【2 PCS】Onion Holder for Slicing,Girla,2025-09-29,2026-09-28,20.00%,50000.0,49952.38,2,800,false
[B0DZXFX949],amzn1.campaign.3IDE5WOK9BISV,SENONAPO 220 Pcs Small Paper Gift Boxes with Lids,SENONAPO,2025-09-29,2026-09-29,10.00%,5000.0,4997.3,11,800,false
[B0DK98BZM3],amzn1.campaign.1X16GR91CUIZ7,✨Earn 15% Commission with Ovwada: Promote Our 4.4+ Star Rated Apple Watch Bands,Ovawda,2025-09-29,2026-09-29,15.00%,10000.0,9910.74,0,800,false
[B0DK96HZ8Z],amzn1.campaign.3G6C8HQF9I28H,✨Earn 15% Commission with Ovwada: Promote Our 4.4+ Star Rated Apple Watch Bands,Ovawda,2025-09-29,2026-09-29,15.00%,10000.0,9969.97,0,800,false
[B0DK96S8TG],amzn1.campaign.2WCLJY960J4NT,✨Earn 15% Commission with Ovwada: Promote Our 4.4+ Star Rated Apple Watch Bands,Ovawda,2025-09-29,2026-09-29,15.00%,10000.0,9984.08,0,800,false
[B0FLHXDY78],amzn1.campaign.JP47HC1SW53O,2505Gingerbread Man Christmas Yard Signs,GXGGUS,2025-09-29,2026-09-29,10.00%,5000.0,4981.7,0,800,false
"[B07QKWBS8T, B0F53K6FV2, B0BYS5S9YX, B09JSYTVL3, B0B212PQ5V, B0B211FGWN, B0BYS3CFMC, B0B1ZZ7JJK, B09JSZ2HKF, B0BYS5QFGD, B0F53HPRSS, B0BYS7JCQN, B09JSZ5W1D, B07QLS177N, B0BYS5N8TZ, B09JSYBDJJ, B0B1ZZ1HFN]",amzn1.campaign.2LXTGGQLW611W,"Dsource Copper Baseball Cycling Socks, Arch Support Socks commission rate 10%",DSOURCE,2025-09-29,2026-09-29,10.00%,5000.0,4998.73,0,800,false
[B0DK9726F6],amzn1.campaign.W5S8VRBRT49,✨Earn 15% Commission with Ovwada: Promote Our 4.4+ Star Rated Apple Watch Bands,Ovawda,2025-09-29,2026-09-29,15.00%,10000.0,9968.07,0,800,false
[B0DK97V89Y],amzn1.campaign.3ORSRR55GDZX1,✨Earn 15% Commission with Ovwada: Promote Our 4.4+ Star Rated Apple Watch Bands,Ovawda,2025-09-29,2026-09-29,15.00%,10000.0,9998.85,0,800,false
[B0FG2V4JMQ],amzn1.campaign.27V8J08LE2M9S,垃圾桶,Safixion,2025-09-29,2026-09-29,10.00%,5000.0,4998.11,7,800,false
[B0FLXZPKKZ],amzn1.campaign.3KBIGN97O9YLO,挡泥板,Safixion,2025-09-29,2026-09-29,10.00%,5000.0,4998.0,11,800,false
[B0DK9794D9],amzn1.campaign.TYBBYAA5616D,✨Earn 15% Commission with Ovwada: Promote Our 4.4+ Star Rated Apple Watch Bands,Ovawda,2025-09-29,2026-09-29,15.00%,10000.0,9969.91,0,800,false
"[B0FP16HXL4, B0FP119SB9]",amzn1.campaign.3U7CBPF1XA4AE,轮毂罩,Safixion,2025-09-29,2026-09-29,10.00%,5000.0,5000.0,19,800,false
[B0DK981HN2],amzn1.campaign.2TMCJ5MVU9O2C,✨Earn 15% Commission with Ovwada: Promote Our 4.4+ Star Rated Apple Watch Bands,Ovawda,2025-09-29,2026-09-29,15.00%,10000.0,9963.35,0,800,false
[B0DK97VZP6],amzn1.campaign.14UP98IIM8P6F,✨Earn 15% Commission with Ovwada: Promote Our 4.4+ Star Rated Apple Watch Bands,Ovawda,2025-09-29,2026-09-29,15.00%,10000.0,9974.13,0,800,false
[B0DK97YZPS],amzn1.campaign.3TQ8GTX1AJSQ6,✨Earn 15% Commission with Ovwada: Promote Our 4.4+ Star Rated Apple Watch Bands,Ovawda,2025-09-29,2026-09-29,15.00%,10000.0,9992.3,0,800,false
"[B0D52BFBCP, B0F1XVJWVS, B0F1XSWKPF, B0F1XJRW1Y, B0F1XM84D7, B0D52KRM4D, B0D528PCLD, B0F1Y18X6M, B0F1XR79JH, B0D52H3YNV, B0F1XLZ2FX, B0F1XQBRBX, B0F1XYPB7N, B0F1XYM7GF, B0F1XFTP5B, B0F1XN3F4H, B0F1XQS5ZJ, B0D52FXS2C, B0D52GXYMJ, B0F1XPR19X, B0F1Y15DMN, B0F1XQPR3T, B0F1Y3J1MB, B0F1XPQSPD, B0F1XN6FCS, B0F1YDFZ14, B0F1XSL5NK, B0D5289LP6, B0F1XV4985, B0F1XZS58H, B0F1XQ74NC, B0D53CPXM3, B0F1XMPHF3, B0F1XN4SC3, B0F1XN2RWF, B0F1XRDFT7, B0F1XLT3PJ, B0F1XN4ZHK, B0F1XM2MDR, B0D52ZYYMC, B0F1Y3BQRW, B0F1XYJHTH, B0F1XR827B, B0F1XZBH95, B0F1XRPCV2, B0F1XMF7ND, B0F1XR8N5Y, B0F1YGG98M, B0D5295WN8, B0F1XY2VPB, B0F1XQV7GB, B0F1XRZYFQ, B0F1XNYTPF, B0F1XKZPXQ, B0F1XRPLBF, B0D52KQC74, B0D533VZK4, B0D53FB7PW, B0F1XT24KM, B0F1XS9TS1, B0F1XQY7B6, B0F1XQBK9N, B0F1XMNGLT, B0F1XQH8FY, B0D526C1GJ, B0F1XVJ9Q8, B0F1XQK61K, B0F1XMG5B5]",amzn1.campaign.3AGTXZB08LIIJ,Best Deals for the LED Christmas String Lights,WUXYIYANG,2025-09-29,2026-09-29,10.00%,20000.0,19013.27,0,800,false
"[B0D53MH5Z7, B0D53FBF55, B0F1MYWKZS, B0F1MYQNZK, B0F1MZ3QM2, B0F1N1HNLN, B0D53N91FN, B0D53WPJRV, B0D53XS9RD, B0F1MXMJ5F, B0F1MWLPGF, B0F1MWTQV6, B0D533NSBW, B0F1MYY641, B0F1MYSN52, B0D53LMFHT, B0D53X75X4, B0D53G1FR8, B0F1MY2LFH, B0F1MXH2FC, B0D53X6NX6, B0D53XJZ1N, B0D53X4BLM, B0D52ZQ86T, B0F1MX74MD, B0F1MYMGNN, B0F1MXHFK5, B0F1MYYSF9, B0D541B9B3, B0F1MY67C7, B0F1MW3QND, B0F1MXCZ57, B0D53LQMSB, B0D53WSQVD, B0F1MX79FD, B0F1MXNP4W, B0F1MYPQB6, B0F1MWP17K, B0F1MZDV9C, B0D53QNTZ2, B0F1MY1V6L, B0F1MYKR6G, B0D53XGSDD, B0F1N21C5N, B0D53Z23ZX, B0F1MY4H71, B0F1MZ7GXB, B0F1MYRX92, B0F1MZ32W8]",amzn1.campaign.1UDNCTEELFQEC,Best Deals for the LED Icicle Christmas Lights,WUXYIYANG,2025-09-29,2026-09-29,10.00%,20000.0,18942.34,0,800,false
[B0DK981CTW],amzn1.campaign.342ZIX6YI7DIH,✨Ovwada: Come on!Promote Bestselling Apple Watch Bands!(15% commission),Ovawda,2025-09-29,2026-09-29,15.00%,10000.0,9992.12,0,800,false
"[B0D7CH35TY, B0D7CGPZ7V, B0D7CHBH16, B0F1CJPB1Q, B0D7CHC5NR, B0F839M6LH, B0D7CF2V7J, B0D7CJ381D, B0D7CHL75Y, B0F1CNSL1T, B0D7CFKRV8, B0D7CJ5NMF, B0D7CHYBNM, B0D7CJSVZZ, B0D7CH2QTN, B0F1CM6V4X, B0D7CJ263D, B0D7CDVNNF, B0F48FZQYK, B0DWRRRDVW, B0D7CJ6R3D, B0D7CGHVNR, B0D7CG6P2Q, B0F1CPR27G]",amzn1.campaign.2QH7R37E0DP3H,Forfoot Platform Slippers Mini Boots Fluffy Snow Booties commission rate 10%,Forfoot,2025-09-29,2026-09-29,10.00%,5000.0,4925.71,0,800,false
[B0DK9B8MFK],amzn1.campaign.1P0OPFJ5SR7SB,✨Ovwada: Come on!Promote Bestselling Apple Watch Bands!(15% commission),Ovawda,2025-09-29,2026-09-29,15.00%,10000.0,9990.68,0,800,false
[B0DK979ZV2],amzn1.campaign.3DHI7ZYR9EDD4,✨Ovwada: Come on!Promote Bestselling Apple Watch Bands!(15% commission),Ovawda,2025-09-29,2026-09-29,15.00%,10000.0,9954.02,0,800,false
"[B0CCY67SK4, B0D2ZLWXYT]",amzn1.campaign.2XVOB6B5EJ7AN,"PLAY 10 Kids Princess Castle Pink Tent, Indoor Playhouse, commission rate 10%",PLAY 10,2025-09-29,2026-09-29,10.00%,5000.0,5000.0,4,800,false
[B0DK96JZPM],amzn1.campaign.3VIS802LVNQKU,✨Ovwada: Come on!Promote Bestselling Apple Watch Bands!(15% commission),Ovawda,2025-09-29,2026-09-29,15.00%,10000.0,9981.58,0,800,false
[B0DK95XP9Y],amzn1.campaign.2U6HWRBSECVG2,✨Ovwada: Come on!Promote Bestselling Apple Watch Bands!(15% commission),Ovawda,2025-09-29,2026-09-29,15.00%,10000.0,9989.34,0,800,false
[B0DK96SGFZ],amzn1.campaign.5HRQKPN0S62O,✨Earn 15% commission: Join Ovwada's Amazon Influencer Program,Ovawda,2025-09-29,2026-09-29,15.00%,10000.0,9939.81,0,800,false
[B0DK98R111],amzn1.campaign.9JB7V4XZ23S4,✨Earn 15% commission: Join Ovwada's Amazon Influencer Program,Ovawda,2025-09-29,2026-09-29,15.00%,10000.0,9994.02,1,800,false
[B0DK982BVS],amzn1.campaign.3993V72B4N7JA,✨Earn 15% commission: Join Ovwada's Amazon Influencer Program,Ovawda,2025-09-29,2026-09-29,15.00%,10000.0,9954.69,0,800,false
"[B0FM7XVVTB, B0FM7YHCJH, B0FM81S9QR, B0FM7Z2CKR]",amzn1.campaign.2FH7GBROJKQ82,Free Sample+20%Commission+Bandmax Dragon Huggie Earrings👂🖤🐉+B0FM7Y13ZC,Bandmax,2025-09-29,2026-09-29,20.00%,5000.0,4992.46,0,800,false
[B0D8KS1LQ3],amzn1.campaign.212SYV21WWGGI,Earn 12% Commission on stripless waxing beads,Makupala,2025-09-29,2026-09-29,12.00%,1000000.0,1000000.0,0,800,false
[B0FH9WKZLM],amzn1.campaign.2T8N8UXKLNL78,Earn 10% Commission on Coarse & Fine Hair Removal  Wax Beads Bulk,Makupala,2025-09-29,2026-09-29,10.00%,1000000.0,1000000.0,0,800,false
[B0D8KQ9FV1],amzn1.campaign.3IPUF2IC2WVDR,Earn 10% Commission on Unscented Sensitive Skin Stripless Wax Beads,Makupala,2025-09-29,2026-09-29,10.00%,1000000.0,1000000.0,0,800,false
"[B0FBW6NQVX, B0F879Z668]",amzn1.campaign.2BMZQPCJBXIUD,"Earn 12% Commission! 100W 10000LM IP66 LED Work Light, 16.4FT Cord",LPNSADK9,2025-09-29,2026-09-29,10.00%,1000000.0,1000000.0,0,800,false
[B0D8KS377K],amzn1.campaign.1XLHRRQEBMMOT,Earn 10% Commission on Hypoallergenic Brazilian Waxing Bead,Makupala,2025-09-29,2026-09-29,10.00%,1000000.0,1000000.0,0,800,false
[B0DK97FF3J],amzn1.campaign.1IG9CL9HYILC,Earn 15% commission: Join Ovwada's Amazon Influencer Program,Ovawda,2025-09-29,2026-09-24,15.00%,10000.0,10000.0,0,800,false
[B0D8KRWH2P],amzn1.campaign.3VEVDCNADUDZI,Earn 10% Commission on hypoallergenic coarse hair removal waxing beads,Makupala,2025-09-29,2026-09-29,10.00%,1000000.0,1000000.0,0,800,false
"[B0FP5CJZXN, B0FP5CGZRB, B0FP5CFJCB, B0FP5DLVH4, B0FP5CFHX3, B0FP5FS1D4, B0FP5GYCHX, B0FP5DPFJZ, B0FP5DLGR9, B0FP5GXDCF, B0FP5GF48Q, B0FP5H29XZ, B0FP5FVHTC, B0FP5D8V55, B0FP5JFHGM, B0FP5FKM8Y, B0FP5FPRQK, B0FP5GJD2F, B0FP5DDKMH, B0FP5FMH25]",amzn1.campaign.1V7W5EX1WRJUO,BML-DBD05-Women's Bodycon Dress,Bamulu,2025-09-29,2026-09-29,10.00%,5000.0,4960.01,0,800,false
[B0D8KQY1LN],amzn1.campaign.2F1KQP7NP4SKH,Earn 10% Commission on hypoallergenic waxing beads for sensitive skin,Makupala,2025-09-29,2026-09-29,10.00%,1000000.0,1000000.0,0,800,false
[B0F6MZP3JK],amzn1.campaign.3JYU47NP1ZQFQ,Earn 10% Commission on professional wax beads for brazilian waxing,Makupala,2025-09-29,2026-09-29,10.00%,1000000.0,1000000.0,0,800,false
"[B0DJ2QPTN6, B0DJ2MYDGX, B0DJ2P3HCL, B0DJ2RT828, B0DJ2Q8CMF, B0FDZS3XDD, B0DJ2R3657, B0DJ2Q86VM, B0DJ2PJ41K, B0DJ2QD2R6, B0DJ2PCH97]",amzn1.campaign.OBIIFHKI97ZX,"Earn 12% Commission! Auto Dusk-to-Dawn Globe Light, Amazon's Choice",Flybling,2025-09-29,2026-09-29,10.00%,1000000.0,1000000.0,0,800,false
[B0D8KRKY3L],amzn1.campaign.1P5NTJY0B9QG0,Earn 10% Commission on professional stripless hard waxing beads,Makupala,2025-09-29,2026-09-29,10.00%,1000000.0,1000000.0,0,800,false
[B0D8KQX3DT],amzn1.campaign.2NYAOYN00040,Earn 10% Commission on professional hard wax beads,Makupala,2025-09-29,2026-09-29,10.00%,1000000.0,1000000.0,0,800,false
[B094PXDW7V],amzn1.campaign.FWR1U4B3FQJU,140x60cm黑色皮垫,ZORESYN,2025-09-29,2026-09-29,10.00%,5000.0,4994.49,8,800,false
[B0D8KRGGS8],amzn1.campaign.2QEZ6QKDRX9IT,Earn 10% Commission on Hair Romeval Hard Wax Beads,Makupala,2025-09-29,2026-09-29,10.00%,1000000.0,1000000.0,0,800,false
[B0F1CHDLR9],amzn1.campaign.2PEG8YCLGTHTJ,"Earn 10% Commission. Tangle-Free Jewelry Stand, 4.5★, 1000+/Mo! 2 Items=5% OFF",SHUNKAIZS,2025-09-29,2026-09-29,10.00%,1000000.0,1000000.0,0,800,false
[B0F3GX4L9G],amzn1.campaign.2G3JOSOU6291B,Sold 3000+ pcs B0F3GX4L9G Electric Scissors -20% commission,Zeleki,2025-09-29,2026-09-29,20.00%,5000.0,4878.99,0,800,false
[B0F1CJD7T9],amzn1.campaign.JU6VLRE618HY,"Earn 10% Commission. 2-Tier Tangle-Free Jewelry Stand, 4.5★, 1000+ Sales/Month!",SHUNKAIZS,2025-09-29,2026-09-29,10.00%,1000000.0,999994.6,0,800,false
"[B09DK3MWK7, B09DS5Y1DL]",amzn1.campaign.IEGLHORVZCU1,USB  Handbrake,XSLOER,2025-09-29,2026-09-29,10.00%,5000.0,4968.12,3,800,false
[B0F4CR1H8C],amzn1.campaign.9LP0W9IJ4EWV,Methylene Blue 2% Dietary supplement  – 9/25/25 – 15% Commission,Valboren Labs,2025-09-29,2026-09-29,15.00%,10000.0,9890.07,0,800,false
"[B0C6937811, B0D3D5CMVN, B0CLXVQPSL, B0CRTRYHBD]",amzn1.campaign.2ZVX0JWVLU41H,Walking cane distribute 1008,MOODIC,2025-10-08,2026-10-07,10.00%,5000.0,4985.42,0,800,false
"[B0C6937811, B0D3D5CMVN, B0CLXVQPSL, B0CRTRYHBD]",amzn1.campaign.2O4201URF6EMY,Walking cane distribute 1007,MOODIC,2025-10-07,2026-10-06,10.00%,5000.0,5000.0,7,800,false
"[B0C6937811, B0D3D5CMVN, B0CLXVQPSL, B0CRTRYHBD]",amzn1.campaign.1TK20PC14TLLF,Walking cane distribute 1006,MOODIC,2025-10-06,2026-10-05,10.00%,5000.0,4997.0,1,800,false
"[B0C6937811, B0D3D5CMVN, B0CLXVQPSL, B0CRTRYHBD]",amzn1.campaign.3NZ14YUI5QDIB,Walking cane distribute 1005,MOODIC,2025-10-05,2026-10-04,10.00%,5000.0,4989.67,12,800,false
"[B0C6937811, B0D3D5CMVN, B0CLXVQPSL, B0CRTRYHBD]",amzn1.campaign.55GGPC1MOG8C,Walking cane distribute 1004,MOODIC,2025-10-04,2026-10-03,10.00%,5000.0,4993.14,12,800,false
"[B0C6937811, B0D3D5CMVN, B0CLXVQPSL, B0CRTRYHBD]",amzn1.campaign.2S289H12AF07F,Walking cane distribute 1003,MOODIC,2025-10-03,2026-10-02,10.00%,5000.0,4995.0,7,800,false
"[B0C6937811, B0D3D5CMVN, B0CLXVQPSL, B0CRTRYHBD]",amzn1.campaign.3JVC57889SSMG,Walking cane distribute 1002,MOODIC,2025-10-02,2026-10-01,10.00%,5000.0,5000.0,14,800,false
"[B0C6937811, B0D3D5CMVN, B0CLXVQPSL, B0CRTRYHBD]",amzn1.campaign.1Y1I8PX5LKQNA,Walking cane distribute 1001,MOODIC,2025-10-01,2026-09-30,10.00%,5000.0,4996.57,3,800,false
"[B0C6937811, B0D3D5CMVN, B0CLXVQPSL, B0CRTRYHBD]",amzn1.campaign.2HAOD1G3LNVXZ,Walking cane distribute 0930,MOODIC,2025-09-30,2026-09-29,10.00%,5000.0,4987.99,6,800,false
"[B0C6937811, B0D3D5CMVN, B0CLXVQPSL, B0CRTRYHBD]",amzn1.campaign.1XS7UW8XJ1DZC,Walking cane distribute 0929,MOODIC,2025-09-29,2026-09-28,10.00%,5000.0,4977.81,2,800,false
[B091BN9M3F],amzn1.campaign.MH8WP05KGUB6,Campaign Invitation: Feature Our Geometric Kit,Creations by Nathalie,2025-09-29,2026-09-29,15.00%,5000.0,4988.08,0,800,false
[B09R71BSVJ],amzn1.campaign.3DZ92ZUXLNOP,Campaign Invitation: Feature Our Small Starter Kit,Creations by Nathalie,2025-09-29,2026-09-29,15.00%,5000.0,4976.23,0,800,false
[B08XMZRNWX],amzn1.campaign.24TPNNTQ97PU5,Exciting Opportunity to Showcase Our Teardrop Terrarium Kit!,Creations by Nathalie,2025-09-29,2026-09-28,15.00%,5000.0,4973.94,0,800,false
[B0DJC4PGKZ],amzn1.campaign.3W4689Q2QIR9F,Collaboration Opportunity with CHE MATE – Authentic Organic Argentine Mate,CHE MATE,2025-09-29,2026-09-29,10.00%,10000.0,9886.06,0,800,false
"[B0FMZTJFWD, B0CCXCKHJK, B0C7YSQJBJ]",amzn1.campaign.2LWW9IWY15IOL,"Stay Smooth, Stay Confident – Bearback Back Shaver (ASIN #B0C7YSQJBJ)",bearback,2025-10-06,2026-10-06,15.00%,100000.0,99718.68,0,800,false
"[B0FLXCPKYM, B0FBLR5G2M, B0FBLSLPLY, B0FLCHDS2W, B0FLX9P8K8, B0FB4PFS1M, B0FB45D4TP]",amzn1.campaign.2OABI7U7CK6YB,"15% influencers: Showcase Our Premium Products!""  15%",Yarvencora,2025-09-29,2026-09-24,15.00%,5000.0,5000.0,0,800,false
"[B0FJCWTP82, B0FJDFTZ73, B0FJD4WX6Q]",amzn1.campaign.UCQH9QCM0YFQ,10% Reward + New Design Turn Lock Zipper Shoulder Bags for Women RFID 2 Straps,CHOLISS,2025-09-29,2026-09-29,10.00%,5000.0,4919.47,0,800,false
[B0DTF7T4R6],amzn1.campaign.26WNA51KY3VW3,Earn 13% commission: Join Ovwada's Amazon Influencer Program,Ovawda,2025-09-29,2026-09-25,13.00%,10000.0,10000.0,0,800,false
[B0BDKC7659],amzn1.campaign.TIO0SYA93HUZ,Fenugreek 300 mg - 320 Capsules,Vitamatic,2025-09-29,2026-09-29,10.00%,50000.0,49933.09,0,800,false
[B0BWR39HDZ],amzn1.campaign.2OJFYKXKLCFKC,Cranberry for Dogs - 120 Tablets,Vitamatic,2025-09-29,2026-09-29,10.00%,50000.0,49990.37,0,800,false
[B0CD75C6YW],amzn1.campaign.28N81HE50VKUL,Milk Thistle Gummies - 60 Gummies,Vitamatic,2025-09-29,2026-09-29,10.00%,50000.0,49985.2,0,800,false
[B0BWHBRLJT],amzn1.campaign.3CQD2CAZOHI3R,Maximum Strength Joint & Hip Health for Dogs - 120 Chicken Flavor Tablets,Vitamatic,2025-09-29,2026-09-29,10.00%,50000.0,50000.0,0,800,false
[B0BXJRGRD8],amzn1.campaign.9WMWU9VZ3MTJ,Turmeric for Dogs - 120 Tablets,Vitamatic,2025-09-29,2026-09-29,10.00%,50000.0,49975.08,0,800,false
[B0F4YTGRWL],amzn1.campaign.1QMSXR9NDJCHD,【2 PCS】Onion Holder for Slicing,Girla,2025-09-29,2026-09-29,20.00%,50000.0,49979.6,0,800,false
[B0DBH4V77S],amzn1.campaign.350490LEX7MJW,【100 PCS】Umbrella Straws for Drinks,Girla,2025-09-29,2026-09-29,20.00%,50000.0,49998.72,0,800,false
[B0FDGGKS99],amzn1.campaign.18KJFEHYS3VSM,"ZCF Mate Biometric Gun Safe – Secure, Smart & Reliable",ZCF mate,2025-09-29,2026-09-27,10.00%,10000.0,9617.14,0,800,false
[B0FKY4W26T],amzn1.campaign.TW4CM2M6RIER,"ZCF Mate – Biometric Gun Safe, Quick Access & Secure Storage",ZCF mate,2025-09-29,2026-09-28,10.00%,10000.0,9898.6,0,800,false
[B0BRMTLDYP],amzn1.campaign.9FL8ULXVN7PI,Glucosamine Chondroitin - 60 Gummies,Vitamatic,2025-09-29,2026-09-29,10.00%,50000.0,49979.76,0,800,false
[B0D6994Z94],amzn1.campaign.2H0VGOAINEF09,Omega 3 Fish Oil 3600 mg per serving  - 180 Softgels,Vitamatic,2025-09-29,2026-09-29,10.00%,50000.0,49966.55,0,800,false
[B09X2PW7N8],amzn1.campaign.3RXMNUILB8KUL,L-Carnitine Fumarate 1000 mg - 120 Capsules,Vitamatic,2025-09-29,2026-09-29,10.00%,50000.0,49906.79,0,800,false
[B09X2MR2BJ],amzn1.campaign.387BQQH9JWVDK,Shilajit Complex 1420 mg - 120 Capsules,Vitamatic,2025-09-30,2026-09-30,10.00%,50000.0,50000.0,0,800,false
[B0B62R6B61],amzn1.campaign.3LSXTG4DB0MIH,L-Tryptophan 1000 mg - 120 Tablets,Vitamatic,2025-09-30,2026-09-30,10.00%,50000.0,49961.72,0,800,false
[B0FKG8FKYS],amzn1.campaign.17Z1QR0Y4BIUL,【2 PCS】Onion Slicer Holder,WELLFAR,2025-09-29,2026-09-29,20.00%,50000.0,49989.88,0,800,false
"[B0FKG8GVCZ, B0FKGGB4S8, B0FKFT5T98, B0FKG7L7FN, B0FKG1B1CS]",amzn1.campaign.SEOV7Z3A73I0,6020,Devopet,2025-09-29,2026-09-29,10.00%,5000.0,4919.84,10,800,false
[B0DSZMTBYV],amzn1.campaign.38V7UJJ0S73P2,A5 LED Light Box for Tracing,WELLFAR,2025-09-29,2026-09-29,20.00%,50000.0,49998.0,0,800,false
[B0F4RK7JJS],amzn1.campaign.1KFLGUZYZ0KEF,【72 Colors】Adult Coloring Book Markers No Bleed,WELLFAR,2025-09-29,2026-09-29,20.00%,50000.0,49996.8,0,800,false
[B0FF4MLVJ3],amzn1.campaign.1FF9A1B7Q8PKA,手指 15%佣金 到26-1-1,twivah,2025-09-29,2026-09-29,15.00%,5000.0,4950.51,0,800,false
[B0BBVZS81L],amzn1.campaign.1FKRUT7WB8V5G,Apigenin 50 mg - 120 Capsules,Vitamatic,2025-09-29,2026-09-29,10.00%,50000.0,49982.44,0,800,false
[B0C17T4CH7],amzn1.campaign.B88JQLDVXFHH,Moringa Gummies - 10000 mg - 60 Counr,Vitamatic,2025-09-29,2026-09-29,10.00%,50000.0,49943.82,0,800,false
[B0CLS4LSJP],amzn1.campaign.513PA5Q2IPF8,Lactobacillus Rhamnosus 5 Billion -60 Dr Caps,Vitamatic,2025-09-29,2026-09-29,10.00%,50000.0,49969.42,0,800,false
[B09ZH77LH6],amzn1.campaign.2OFXT29M7QEVL,PABA 1000 mg - 60 Tablets,Vitamatic,2025-09-29,2026-09-29,10.00%,50000.0,50000.0,0,800,false
"[B0DN6PJYJ1, B0DN6M1YWW, B0DN6L9CVK, B0DN6N1M91, B0DPRP8YCW, B0DPN7Z688, B0DPN7FFB6]",amzn1.campaign.3U1KSU7NWN1KU,D97-FBM-2个装,Giauco,2025-09-29,2026-09-29,10.00%,5000.0,5000.0,16,800,false
[B08MT1FN2D],amzn1.campaign.5HJPVIZP7HVF,Mastic Gum 1000 mg - 120 Capsules,Vitamatic,2025-09-29,2026-09-29,10.00%,50000.0,49956.03,0,800,false
"[B0DN6PJYJ1, B0DN6M1YWW, B0DN6L9CVK, B0DN6N1M91, B0DPL9XXLS]",amzn1.campaign.2Z3PJWA3O9PFB,D97-FBM04,Giauco,2025-09-29,2026-09-29,10.00%,5000.0,5000.0,22,800,false
"[B0DN6VJNDB, B0DN6TMBHZ]",amzn1.campaign.1U30TQ64T0G9Q,K101-FBA04,Giauco,2025-09-29,2026-09-29,10.00%,5000.0,4999.29,21,800,false
[B0DPQR9WR3],amzn1.campaign.2MEHVED7TDGZ,41% CR - Enrichment Interactive Dog Treat Toy (Orange-Beginner),DollSheriffgoo,2025-09-29,2026-09-29,41.00%,5000.0,5000.0,0,800,false
[B0DPQWDRTL],amzn1.campaign.2RTEKZHEM5NSG,35% CR - Dog Puzzle Toy Mental Stimulation (Green Push-Intermediate),DollSheriffgoo,2025-09-29,2026-09-29,35.00%,5000.0,5000.0,0,800,false
[B0DPQVN6K8],amzn1.campaign.1OPVNWO2ORVYF,35% CR - Dog Puzzle Toy Mental Stimulation (Advanced-Mars Green Brainstorm),DollSheriffgoo,2025-09-29,2026-09-29,35.00%,5000.0,5000.0,0,800,false
[B0DPQWKFMS],amzn1.campaign.208CBJ57EARLQ,34% CR - Dog Puzzle Toy Mental Stimulation (Blue-Advanced),DollSheriffgoo,2025-09-29,2026-09-29,34.00%,5000.0,5000.0,0,800,false
[B0FFHL5CVL],amzn1.campaign.S4TPL9KYPSJP,Natural Bird Perch with Safe Bowl Wood & Pinecones promotion-10,ROOJUNE,2025-09-29,2026-09-28,10.00%,5000.0,5000.0,18,800,false
[B0FM8SY7PX],amzn1.campaign.GJU3BWG9CL30,Campaign Invitation: Feature Our Terrarium Soil,Creations by Nathalie,2025-09-29,2026-09-29,15.00%,5000.0,4986.29,0,800,false
"[B0FMYFQDDT, B0FMYH2SPL]",amzn1.campaign.1NLUDQU413UE2,🔥Hot Sale 1K+ A month - Women Christmas Thigh High Stockings - 687,RSLOVE,2025-09-29,2026-09-29,10.00%,5000.0,4903.17,0,800,false
[B089SNZD4N],amzn1.campaign.ZGFXXIUA20VK,✨ 10K+ Monthly · 10% Commission✨  INSTACAN Jar Opener,INSTACAN,2025-09-29,2026-09-29,10.00%,5000.0,5000.0,0,800,false
"[B0CSJTQ1B9, B07P1SKJV4]",amzn1.campaign.ZBJW6EV19UK5,"10,000+ Sold Monthly · 10% Commission Electric Can Opener & Jar Opener",Kitchenmuh,2025-09-29,2026-09-29,10.00%,5000.0,4996.02,0,800,false
"[B0FC1J9PK3, B0FC1YLGWH, B0FC1XHG7K, B0FC25J1CG]",amzn1.campaign.DNWLLTFFVHV,ShunFSC — Bright Ideas for Every Corner,ShunFSC,2025-09-29,2026-09-29,10.00%,50000.0,49971.54,0,800,false
"[B09BG93FMF, B0CVNL2QC3, B0CLQB5VCR, B09BG78QHM, B0DJGHW6T1, B0DNV1YR97, B0CVLX32BM]",amzn1.campaign.3AEUOK2OHQO6,"Chuga Shilajit Resin & Tablets –  Smart Energy, Half the Price - 50% OFF ⚡",Chuga Shilajit,2025-09-29,2026-09-29,25.00%,20000.0,20000.0,0,800,false
[B0DPJNM62K],amzn1.campaign.2VWR4EVWCGTOK,"Chuga Collagen & Colostrum –  Radiance Rises, Price Falls - 50% Off🌟",Chuga Shilajit,2025-09-29,2026-09-29,25.00%,20000.0,20000.0,3,800,false
[B0DPGP3R44],amzn1.campaign.1IID2F0ICMSDB,"Chuga Super Greens – Fresh Charge, Half the Price - 50% OFF 🌿",Chuga Shilajit,2025-09-29,2026-09-29,25.00%,20000.0,20000.0,0,800,false
"[B0DSCX2RRK, B0DSHVK5B8]",amzn1.campaign.23O2H3FB86HXE,0516,allviate,2025-09-29,2026-09-29,10.00%,5000.0,5000.0,0,800,false
[B0FJXPMTGH],amzn1.campaign.39RYLTIC75MBY,"FLORAVIC 50,000RPM Nail Drill | 10% Commission + 50% OFF for Followers!",FLORAVIC,2025-09-29,2026-09-29,10.00%,5000.0,4987.42,0,800,false
"[B0FSKQYVYR, B0FSKV6QLX, B0FSKTCDCR, B0FSKP31KB, B0FSKQRHW6, B0FSKNS2WF, B0FSKP1LJB, B0FSKW6RDR, B0FSKPJ2QT, B0FSKR7CYD, B0FSKNY765, B0FSKRQ6H5, B0FSKQSMCM, B0FSKTBYCT, B0FSKRTXVH, B0FSKQXDFH, B0FSKT8SLX, B0FSKPK5C5, B0FSKNY3YV, B0FSKNW1GC, B0FSKS4FJT]",amzn1.campaign.VNRSIXNNF1V3,"Podium Stand | Locking Drawer & Storage | Secure & Organized.10% Off, C L2SPADS7",Quvex,2025-09-29,2026-09-29,10.00%,5000.0,5000.0,4,800,false
"[B0F7LSF3R6, B0F7LT4TPV, B0F7LRN1NQ]",amzn1.campaign.3E26EGI1YXO5W,41% CR - Interactive Dog Treat Toy (Beginner),LiuMelinda,2025-09-29,2026-09-29,41.00%,5000.0,5000.0,11,800,false
[B0F26VDMGJ],amzn1.campaign.337HXF816JB8,Natural Bird Chew Toys for Small & Medium Birds-10,ROOJUNE,2025-09-29,2026-09-28,10.00%,5000.0,4998.7,5,800,false
"[B0D4LGXVV8, B0D4LP9NPH, B0D946LXLD, B0D4LDXNJF, B0CSSZ12VR, B0D4LN53Q3, B0D4LWRN14, B0CYX46F21, B0CSKHW4P8, B0D9457V96, B0CSPG2W9D, B0CRHPFYTH, B0CST1RD4B, B0D943D2ZG, B0CRR2NXB5]",amzn1.campaign.P3GUOZR1G21U,37% CR - DOG CHEW TOYS FOR AGGRESSIVE CHEWERS,LiuMelinda,2025-09-29,2026-09-29,37.00%,5000.0,5000.0,0,800,false
"[B0FRSVWVR4, B0FRSW15Z6, B0FRST7RGJ, B0FRSW8KCG, B0FRSWS3HT, B0FRSWCXMJ, B0FRSVXTB7, B0FRSQYR8K, B0FRSXP7YS, B0FRSV6NWZ, B0FRSXQNL3, B0FRSTJ5QY, B0FRSQTN85, B0FRSRD1S3, B0FRSRBQ6R, B0FRSTT6R3, B0FRSRD77C, B0FRSSQCGC, B0FRSSZYPK, B0FRSVRWBS, B0FRSTS4LF, B0FRSWXPF1, B0FRSSHNWX, B0FRSTQ8VD, B0FRSRZFJP, B0FRSVT1B2, B0FRSW1MHY, B0FRSVR6MY, B0FRSWHTZF, B0FRSTMZY3, B0FRSV95VQ, B0FRSTCQD2, B0FRSSJ1L5, B0FRSSW478, B0FRSV2KG2, B0FRSSBGKH, B0FRSR3RXF, B0FRSY52VG, B0FRSQ5FFY, B0FRSSFKZC, B0FRSV4M9L, B0FRSWL561, B0FRSVVF7F, B0FRSVKL3F, B0FRSS89LD, B0FRSSQ31P, B0FRSV4KFM, B0FRSV92RP, B0FRSXZS7D]",amzn1.campaign.335YNPRIQEM1M,"Dining Table Set for 4: Space-Saving Super Sturdy! 10% Discount, Code: L2SPADS7",Quvex,2025-09-29,2026-09-29,10.00%,5000.0,5000.0,0,800,false
[B0DTF7T4R6],amzn1.campaign.3LCPJJMYMGQ9G,Earn 15% commission: Join Ovwada's Amazon Influencer Program,Ovawda,2025-09-29,2026-09-29,15.00%,10000.0,9995.84,0,800,false
[B0F1CRZX4J],amzn1.campaign.1X5ISI4EX5696,Earn 15% commission: Join Ovwada's Amazon Influencer Program,Ovawda,2025-09-29,2026-09-29,15.00%,10000.0,9967.65,0,800,false
"[B0FR1YMYFQ, B0FR1XPKNF, B0FR1ZRSPT, B0FR1Y7VRG, B0FR1YMYFS, B0FR1YQQSF, B0FR1Z2V4B, B0FR1YQQSD, B0FR1ZGJ7J, B0FR1Z2VLQ, B0FR2478D1, B0FR1YGSLL, B0FR1XDNH9, B0FR23J2KK, B0FR23MYWV, B0FR1YSVW3, B0FR23GWMJ, B0FR1XZC7C, B0FR1YBD4C, B0FR1XY2Z2, B0FR1Z23FV, B0FR1Y4PVR, B0FR1ZKT82, B0FR1WKTR9, B0FR1Z9JRQ, B0FR1X7ZDV, B0FR1Y7699, B0FR1XN61C, B0FR1Z9JRS, B0FR1XN9GV, B0FR234MCG, B0FR1XR9CC, B0FR1XT1F1, B0FR1Y2CZR, B0FR1YLFBF, B0FR1YV9KH, B0FR1XMPJR, B0FR1T7YGW, B0FR1YN7C1, B0FR1YV9KL, B0FR1WMVJH, B0FR1X1FRG, B0FR1ZJPPJ, B0FR1YWH5Q, B0FR22XP7C, B0FR1WMNBQ, B0FR23NQBN, B0FR1Z43CP, B0FR1XLQXQ, B0FR1XX8JJ, B0FR1YWTVN, B0FR1YBHX1, B0FR1XKXYD, B0FR1YWTVP, B0FR1Y1Y32, B0FR1Z3XX6, B0FR1XZG23, B0FR1W1PPY, B0FR1T7YGY, B0FR1Y81PC, B0FR1YBHWX, B0FR1XSCVV, B0FR1YZ1PZ, B0FR1Y8FQ2, B0FR1ZD1NC, B0FR1YPZHV, B0FR1WKL4K, B0FR1YQCQ3, B0FR1YB1ZG, B0FR1Y8FPZ, B0FR1ZFN99, B0FR1Y66X5, B0FR1XX8JF, B0FR1WKL4C, B0FR1ZFN96, B0FR1YWBCG, B0FR1Y7NJT, B0FR1Z68N9, B0FR1XR312, B0FR1WLZM4, B0FR1Z21DK, B0FR1WL2W7, B0FR1Y65DK, B0FR1XLQFT, B0FR1YTHPT, B0FR1WCL42, B0FR23FSLZ, B0FR1YXXPN, B0FR1Y35YJ, B0FR1Y35YK, B0FR1YQ6ZL, B0FR1XLBTD, B0FR1Y5RTP, B0FR1Y64NM, B0FR1X7MGZ, B0FR1ZPQFD, B0FR1WLK1C, B0FR1X71QR, B0FR1YQHLT, B0FR1Z7BLC, B0FR1YTR16, B0FR1Z4TVL, B0FR1Z1M91, B0FR1Y7WWN, B0FR1XC49H, B0FR1XDL6H, B0FR1Z283Y, B0FR1YWTDX, B0FR1WGJNV, B0FR1Y22LP, B0FR1XK7YF, B0FR1XKPZJ, B0FR1YWM6W, B0FR1ZTL1J, B0FR1X68QM, B0FR1X5286, B0FR1YWBRC, B0FR1Y5CHK, B0FR1Y1RB4, B0FR1Z28GW, B0FR1Y5SY3, B0FR1XV294, B0FR1YSJ4N, B0FR1ZWNJ1, B0FR1XJTXJ, B0FR1X4B57, B0FR2Q1YHM, B0FR1XX45X, B0FR1WFXW3, B0FR1YNYYZ, B0FR1XV963, B0FR1XJTXF, B0FR1Y7VGM, B0FR1WBB6D, B0FR1XV966, B0FR1Y565Y, B0FR1WBYCW, B0FR1XJQJ6, B0FR2Q1YHT, B0FR1YKBLT, B0FR2325C6, B0FR1YJ27T, B0FR1XDHRD, B0FR1XQLC5, B0FR1Y55M9, B0FR1YHPZ5, B0FR1XT1DT, B0FR1XCJP3, B0FR1YSQ1N, B0FR1X71QW, B0FR1XS6HX, B0FR1YDP3V, B0FR1W44FB, B0FR1ZJ8VG, B0FR1VZV3K, B0FR1WLX3W, B0FR1X6XB3, B0FR1XTMBM, B0FR1WX7PL]",amzn1.campaign.3HB1PSXNNEIS1,"Console Table: Metal Base, Hallway Entryway Decor! 10% Discount, Code: L2SPADS7",Quvex,2025-09-29,2026-09-29,10.00%,5000.0,5000.0,0,800,false
[B0DK98R111],amzn1.campaign.3UXQHZ8X4ZNL7,Earn 15% commission: Join Ovwada's Amazon Influencer Program,Ovawda,2025-09-29,2026-09-29,15.00%,10000.0,9979.18,3,800,false
[B0DX1WF83X],amzn1.campaign.10VP8Y011QUCS,🌟 ​​Prime Big Deal Days: Pinpoint-Perfect Nail Glue Removal!​​ 🎯 SA-NR-0010,Saviland,2025-09-29,2026-09-29,10.00%,5000.0,4985.8,0,800,false
[B0FJFF3GC4],amzn1.campaign.H5M6NURIW5IJ,Earn 15% commission: Join Ovwada's Amazon Influencer Program,Ovawda,2025-09-29,2026-09-28,15.00%,10000.0,9997.86,1,800,false
[B0FJFBKPHY],amzn1.campaign.3694TP8675587,Earn 15% commission: Join Ovwada's Amazon Influencer Program,Ovawda,2025-09-29,2026-09-29,15.00%,10000.0,9993.12,0,800,false
"[B0FPQPNH62, B0FN6YMSMK, B0FN74VTPK, B0FK4SS2LL, B0FBRBRBJX]",amzn1.campaign.23WSWYRF1QKY4,LED Light Signs for Car,Wtruoy,2025-09-29,2026-09-29,10.00%,9000.0,8955.85,0,800,false
"[B0F4X79V8B, B0F4CVKYD2, B0F4CGZZFM, B0F4X7JZHC, B0F9F2MMD1, B0F4CXNG4Q, B0DYP7XPGC, B0F9F5Z6X8, B0F48VHYTS, B0F4X6SRCT, B0F4CT6QG8, B0DZX7PQ5Z, B0F9F5391V, B0F4XCLPPQ, B0F4X7896L, B0F4XBG5LH, B0F4CKDHSB, B0F4CT8L7G, B0F4CNSW5B, B0FB9DNB83]",amzn1.campaign.3BIXWEOKWY5R0,TBH01-12-10,ZEZHOU,2025-09-29,2026-09-29,10.00%,5000.0,4155.88,0,800,false
[B0F2974K2X],amzn1.campaign.2HO5PSP63MX2S,"Summatah Liver Cleanse Detox & Repair, Akk+ Superbiotics Liver Detox - 60 Caps",Summatah,2025-09-29,2026-09-29,10.00%,5000.0,4935.68,0,800,false
[B0FDLFM1VZ],amzn1.campaign.UFWFHMHT5RD4,ROOJUNE Natural Balsa Wood Bird Chew Toys Amazon Creator Affiliate Campaign-10,ROOJUNE,2025-09-29,2026-09-28,10.00%,10000.0,10000.0,3,800,false
"[B0FQJFKZ6G, B0FQJJNMF8, B0FQJJ6BWZ, B0FQJD4K3N, B0FQJJWD9M, B0FQJFBCCQ, B0FQJJTNVF, B0FQJJTNVD, B0FQJJJKN8, B0FQJHRQ8D, B0FQJDQY9H, B0FQJHK2QR, B0FQJBKQ2D, B0FQJHQ8JX, B0FQJJR4GZ, B0FQJHLGXQ, B0FQJJR4GR, B0FQJFPHD5, B0FQJB9X5C, B0FQJF8KPN, B0FQJD273V, B0FQJHL66S, B0FQJD273Z, B0FQJF6YRX, B0FQJFPJGG, B0FQJK9S2H, B0FQJK9S2J, B0FQJHLGXV, B0FQJCKS9H, B0FQJHJQSD, B0FQJD6XF9, B0FQJFFQRH, B0FQJFFQRK, B0FQJJ3M7P, B0FQJJ3MXR, B0FQJHNW2P, B0FQJJG6PG, B0FQJHBW6F, B0FQJBHDCW, B0FQJJ5WFF, B0FQJFGKBV, B0FQJJ5WFG, B0FQJF9XDY, B0FQJDJM5R, B0FQJDCR4L, B0FQJDWGD7, B0FQJFCQ9T, B0FQJBBS1V, B0FQJFH2MQ, B0FQJFJ3J4, B0FQJCN6Z6, B0FQJFD7CL, B0FQJCN6Z5, B0FQJHBK8G, B0FQJKTYLH, B0FQJJ72QG, B0FQJJ72QH, B0FQJHBLZZ, B0FQJCYZD6, B0FQJHX2F9, B0FQJHX2F5, B0FQJFCMYQ, B0FQJJ8RMX, B0FQJJCH8R, B0FQJJMF6C, B0FQJHZ8MF, B0FQJJF2D3, B0FQJJF2D4, B0FQJKB34S, B0FQJDJJ2V, B0FQJDF4TF, B0FQJJ6CXB, B0FQJH422S, B0FQJDY8BY, B0FQJCMZF7, B0FQJFP1Z3, B0FQJF4G5V, B0FQJF4G5W, B0FQJFPP56, B0FQJF4G5Y, B0FQJJWS43, B0FQJJPX29, B0FQJFPMP7, B0FQJF5CKX, B0FQJJ1Z2J, B0FQJHL2MD, B0FQJF3WYT, B0FQJFD9L4, B0FQJFBZ25, B0FQJHG4HL, B0FQJHW49B, B0FQJHG4HH, B0FQJHW49C, B0FQJDKCHC, B0FQJBWJJV, B0FQJDT4PH, B0FQJH6LJZ, B0FQJDTXWC, B0FQJKNVCG, B0FQJCYMNZ, B0FQJJNYDM, B0FQJCK6KW, B0FQJCK6KY, B0FQJH857H, B0FQJFJRQJ, B0FQJCYMP4, B0FQJBP89T, B0FQJCYMP1, B0FQJFJRQL, B0FQJJ29YD, B0FQJHFX3F, B0FQJJ29YK, B0FQJHFX3H, B0FQJJBQYD, B0FQJJ34LM, B0FQJFPKQK, B0FQJFN5KC, B0FQJFN5KF, B0FQJHZ4RT, B0FQJDMLRQ, B0FQJDQS3Q, B0FQJK1D81, B0FQJHY56F, B0FQJD4W1K, B0FQJD4W1M, B0FQJF73JB, B0FQJGQ1CM, B0FQJCY3ZW, B0FQJDJZ6Z, B0FQJDMXJL, B0FQJFPLQM, B0FQJCF2R3, B0FQJFQQ82, B0FQJFPXHW, B0FQJFC1C6, B0FQJK51FC, B0FQJDBTCL, B0FQJHXRMQ, B0FQJJ391V, B0FQJF5DYC, B0FQJCDFC8, B0FQJCDFCC, B0FQJJDFZY, B0FQJHJ286, B0FQJCZYG9, B0FQJHJ284, B0FQJCDFCJ, B0FQJGZ92D, B0FQJK6NVW, B0FQJFHN2K, B0FQJJG6PV, B0FQJJG6PK, B0FQJD5W5G, B0FQJFGL22, B0FQJD5W5F, B0FQJJG6PJ, B0FQJH9SLF, B0FQJJ5M2P, B0FQJDRJFP, B0FQJH974H, B0FQJB8JHH, B0FQJJZCQY, B0FQJJZCQZ, B0FQJJ5XKR, B0FQJFGZLV, B0FQJH7V8G, B0FQJJ5XKS, B0FQJDV2HV, B0FQJCMNVR, B0FQJDV2HP, B0FQJF7F4J, B0FQJFNWQW, B0FQJF7F4H, B0FQJDDKNZ, B0FQJJY2VL, B0FQJJ16SW, B0FQJJLWF4, B0FQJF8VQS, B0FQJGSJKB, B0FQJFGHHB, B0FQJFGHHD, B0FQJDTG8J, B0FQJHBRQY, B0FQJD1CYC, B0FQJHJBZT, B0FQJJDKDF, B0FQJHBRR1, B0FQJF2GDP, B0FQJDWSGF, B0FQJJ3PL6, B0FQJDJMGG, B0FQJHDR47, B0FQJHWGG3, B0FQJJ4PHY, B0FQJKRQ68, B0FQJK6Y8Z, B0FQJHDR4L, B0FQJCGQ3J, B0FQJHV6H1, B0FQJDZKT8, B0FQJFMRQ9, B0FQJJGSX1, B0FQJHKLTR, B0FQJHWMRR, B0FQJHM8H8, B0FQJJ7YPV, B0FQJJ4SMZ, B0FQJCXXPH, B0FQJHBM12, B0FQJFPZWT, B0FQJCJ41Y, B0FQJHS6S8, B0FQJHBM15, B0FQJDR6BV, B0FQJCMZV6, B0FQJFQ8Q7, B0FQJFQ8QB, B0FQJFQKW4, B0FQJHDNNZ, B0FQJFNH89, B0FQJCT8ZL, B0FQJJ4GYQ, B0FQJHS86Q, B0FQJFK13L, B0FQJF8RMK, B0FQJFP8T5, B0FQJDQPW9, B0FQJJVQHS, B0FQJFM3QX, B0FQJFM3QW, B0FQJDB5MH, B0FQJFM3QV, B0FQJFNVSX, B0FQJF9YY6, B0FQJFNXXG, B0FQJJVDNR, B0FQJJVDNV, B0FQJJ4PJ5, B0FQJHY9HH, B0FQJHSVST, B0FQJHSVSX, B0FQJHY9HL, B0FQJJ1R7N, B0FQJJ1R7M, B0FQJDP7HX, B0FQJH1T49, B0FQJCMW17, B0FQJFNB2F, B0FQJH9VZ3, B0FQJDNTMH, B0FQJJKQBH, B0FQJDNTMJ, B0FQJDNTMK, B0FQJH9VYZ, B0FQJDRKP3, B0FQJCYYRY, B0FQJL1GD4, B0FQJCYYRS, B0FQJK235J, B0FQJK7MZX, B0FQJHXQ49, B0FQJJL8N4, B0FQJHXQ48, B0FQJHXQ4C, B0FQJJZSYN, B0FQJK682M, B0FQJK682J, B0FQJH3J4J, B0FQJKD7JS, B0FQJKD7JT, B0FQJJ5PCT, B0FQJDL41H, B0FQJDL89K, B0FQJFQ1FN, B0FQJCMZV7, B0FQJDL41N, B0FQJGJKP2, B0FQJCMZVJ, B0FQJDMJZW, B0FQJJ4SN2, B0FQJFD1L9, B0FQJDDK7M, B0FQJDNVQ5, B0FQJJ9Q8R, B0FQJGZV5H, B0FQJDSP4X, B0FQJD7G66, B0FQJHX7C4, B0FQJF8T46, B0FQJD3BYN, B0FQJHX7C5, B0FQJF8T47, B0FQJFMD64, B0FQJC6LCW, B0FQJJL6WB, B0FQJDDFT5, B0FQJHJXVX, B0FQJH9HJ3, B0FQJF5ZP6, B0FQJH3D2X, B0FQJH53LL, B0FQJHVWPX, B0FQJK5MM4, B0FQJK5MM3, B0FQJDGZQZ, B0FQJBLWSW, B0FQJH561W, B0FQJDGZR4, B0FQJFKVG5, B0FQJDPTJY, B0FQJFLQ92, B0FQJHW93N, B0FQJJ3BX5, B0FQJCXFTX, B0FQJJ3BWZ, B0FQJHW93R, B0FQJDVQ42, B0FQJHVJ7P, B0FQJHVJ7Q, B0FQJHTH9Y, B0FQJHNGJC, B0FQJH9WHP, B0FQJF21F9, B0FQJHBY1F, B0FQJF283F, B0FQJCHYFX, B0FQJCHYFV, B0FQJHNHMC, B0FQJFG978, B0FQJJ5MK5, B0FQJFQX6G, B0FQJJ5MK7, B0FQJFNC66, B0FQJFQX6C, B0FQJDQ8NZ, B0FQJHLK9Q, B0FQJFF99B, B0FQJF6R9P, B0FQJF95XP, B0FQJDMTSV, B0FQJC2N3V, B0FQJBTD7H, B0FQJJ9CJ3, B0FQJC2N3R, B0FQJDZ1GJ, B0FQJKB571, B0FQJF9RRC, B0FQJFF996, B0FQJFHLYF, B0FQJKB576, B0FQJHJDS6, B0FQJKBVXT, B0FQJD2CFD, B0FQJD2CFH, B0FQJHSVSY, B0FQJF6FJ5, B0FQJFN1Z1, B0FQJFQ68Q, B0FQJDS2DD, B0FQJHMDBW, B0FQJHQB31, B0FQJFL4CP, B0FQJFQ68J, B0FQJF927Z, B0FQJKKFXG, B0FQJFDS8B, B0FQJH77KZ, B0FQJFQSQL, B0FQJFNYF7, B0FQJH77KW, B0FQJHTCNB, B0FQJH4J9Z, B0FQJH9Q8T, B0FQJCGM5H, B0FQJJWPFT, B0FQJJWPFY, B0FQJFC6B3, B0FQJFC6B2, B0FQJJ423T, B0FQJDH2B2, B0FQJHBXMJ, B0FQJCVSW3, B0FQJFJSDZ, B0FQJFPDVJ, B0FQJF1F59, B0FQJHVWQ8, B0FQJJJW9Z, B0FQJF54F7, B0FQJKWBNY, B0FQJJ41QK, B0FQJCVSWG, B0FQJJ41QL, B0FQJC515S, B0FQJFM9HH, B0FQJK9HSN, B0FQJJ41QR, B0FQJDBNKP, B0FQJJDYQ8, B0FQJJBJ8P, B0FQJDKP4D]",amzn1.campaign.MED2X3OUQBME,"Overbed Table: Height-Adjustable æ 360° Rolling! 10% Discount, Code: L2SPADS7",Quvex,2025-09-29,2026-09-29,10.00%,5000.0,4975.0,4,800,false
"[B0FDQNXZ98, B0FDQFLRRB, B0FDQ66MBG, B0FDQB9DLX, B0FDQ7TL3V, B0FDQFHXF4, B0FDQ83CM8, B0FDQLGXC4, B0FDQ8DSR5, B0FDPZCTGD, B0FDQLWH3W, B0FDQBY26S, B0FDQ7PLDF, B0FDQBJYGC, B0FDQCD9KM, B0FDQ8CPX7, B0FDQBL1BN, B0FDQ8645V, B0FDQD7BL9, B0FDQCH4N6, B0FDQ82Y2Q, B0FDQBPGF6, B0FDQBT3K3, B0FDQ83X29, B0FDQC7G9F, B0FDQ82YP4, B0FDQLPGSJ, B0FDQ7FGC1, B0FDQBW4J3, B0FDQ77TRV, B0FDQ9DCVB, B0FDQ7WXZH, B0FDQBLQDW, B0FDQFC5BH, B0FDQBJG6S, B0FDQ89RH2, B0FDQBPKYP, B0FDQBMTKQ, B0FDQ5NXJL, B0FDQBVWNJ, B0FDQ8CBNL, B0FDQBWCCW, B0FDQBLPBD, B0FDQ83SKS, B0FDQBT115, B0FDQBZ96Z, B0FDQ7XRJB, B0FDQB9HFJ, B0FDQR7XFK, B0FDQBRH45, B0FDQPJNRN, B0FDQ7R7KB, B0FDQ7S2RK, B0FDQC97VH, B0FDQ8DKLM, B0FDQ6LZTX, B0FDQBFJL3, B0FDQ9GPLY, B0FDQCKZF1, B0FDQ9GPLQ, B0FDQ88SKZ, B0FDQ5Y5F1, B0FDQCHRJW, B0FDQ7Z8D9, B0FDQ7VKR1, B0FDQBN3NK, B0FDQQ5VDX, B0FDQBFC15, B0FDQFBSS8, B0FDQCMQJK, B0FDQMTSJ8, B0FDQBBBKF, B0FDQ88MC1, B0FDQQ5B5P, B0FDQBGZX3, B0FDQBL2N4, B0FDQ7PLMV, B0FDQBL2MY, B0FDQF9YYQ, B0FDQ9TJHR, B0FDQCQVZ1, B0FDQFGK32, B0FDQFGK2Q, B0FDQ9YGD6, B0FDQ81Q2Z, B0FDQBS6M2, B0FDQC5S9X, B0FDQPPQPC, B0FDQ84H8K, B0FDQ9ZBSS]",amzn1.campaign.67PM05UC4072,Style Meets Function: The Table Runner That Does It All! 🌼,UWWGKK,2025-09-30,2026-09-30,10.00%,5000.0,4996.68,12,800,false
"[B0CLP69DCN, B0FDQCCYJL, B07H71NHYM, B0CLP6R7L6, B0FJ1K4W23, B0FJ1PSZ7S, B07P32KZWP, B07G1RBHVB, B0FJ1D7M94, B0CLP6ZNK6]",amzn1.campaign.1A7UTN529JLIJ,MNL-12-10,ZEZHOU,2025-09-29,2026-09-29,10.00%,5000.0,4888.79,0,800,false
"[B0FDQNXZ98, B0FDQFLRRB, B0FDQ66MBG, B0FDQB9DLX, B0FDQ7TL3V, B0FDQFHXF4, B0FDQ83CM8, B0FDQLGXC4, B0FDQ8DSR5, B0FDPZCTGD, B0FDQLWH3W, B0FDQBY26S, B0FDQ7PLDF, B0FDQBJYGC, B0FDQCD9KM, B0FDQ8CPX7, B0FDQBL1BN, B0FDQ8645V, B0FDQD7BL9, B0FDQCH4N6, B0FDQ82Y2Q, B0FDQBPGF6, B0FDQBT3K3, B0FDQ83X29, B0FDQC7G9F, B0FDQ82YP4, B0FDQLPGSJ, B0FDQ7FGC1, B0FDQBW4J3, B0FDQ77TRV, B0FDQ9DCVB, B0FDQ7WXZH, B0FDQBLQDW, B0FDQFC5BH, B0FDQBJG6S, B0FDQ89RH2, B0FDQBPKYP, B0FDQBMTKQ, B0FDQ5NXJL, B0FDQBVWNJ, B0FDQ8CBNL, B0FDQBWCCW, B0FDQBLPBD, B0FDQ83SKS, B0FDQBT115, B0FDQBZ96Z, B0FDQ7XRJB, B0FDQB9HFJ, B0FDQR7XFK, B0FDQBRH45, B0FDQPJNRN, B0FDQ7R7KB, B0FDQ7S2RK, B0FDQC97VH, B0FDQ8DKLM, B0FDQ6LZTX, B0FDQBFJL3, B0FDQ9GPLY, B0FDQCKZF1, B0FDQ9GPLQ, B0FDQ88SKZ, B0FDQ5Y5F1, B0FDQCHRJW, B0FDQ7Z8D9, B0FDQ7VKR1, B0FDQBN3NK, B0FDQQ5VDX, B0FDQBFC15, B0FDQFBSS8, B0FDQCMQJK, B0FDQMTSJ8, B0FDQBBBKF, B0FDQ88MC1, B0FDQQ5B5P, B0FDQBGZX3, B0FDQBL2N4, B0FDQ7PLMV, B0FDQBL2MY, B0FDQF9YYQ, B0FDQ9TJHR, B0FDQCQVZ1, B0FDQFGK32, B0FDQFGK2Q, B0FDQ9YGD6, B0FDQ81Q2Z, B0FDQBS6M2, B0FDQC5S9X, B0FDQPPQPC, B0FDQ84H8K, B0FDQ9ZBSS]",amzn1.campaign.1NBOU8XZU17VB,Transform Your Table in Seconds! 🌸 The Boho-Chic Upgrade Your Space Needs,UWWGKK,2025-09-29,2026-09-24,10.00%,5000.0,4998.96,2,800,false
"[B0DCFGDJ97, B0F3D5F92B, B0F3D2G59X, B0DCF9D8VB, B0DCFLLXQB, B0F3CZ4XR5, B0DP1Z5LDH, B0F3CZPXDW, B0DLVZ3C1R, B0DP1YDSL6, B0DCFW2G7B, B0F3D23K7X, B0DCFNGXNK, B0DCG9YFDJ, B0DLVWT5XG, B0F3D1D296, B0DLVXMLR2, B0DCFFL7NN, B0DCFLKJ1C, B0DCFYP6LZ, B0DCFG8DCW, B0DCFGG786, B0F3D32Q34, B0DCFDSDV6, B0DCGB1L3T, B0DCFPCZ4B, B0DCFNTY8L, B0F3CZ9DR7, B0F3D2VWQ7, B0DCFLHXQP, B0DP1XWVHG]",amzn1.campaign.1DLN68WQ6HJDI,🛠️ Prime Day SALE! The Last Work Belt You'll Need is 20% OFF! 🛠️,BOSTANTEN,2025-09-29,2026-09-25,10.00%,5000.0,4975.14,0,800,false
"[B0FDQNXZ98, B0FDQFLRRB, B0FDQ66MBG, B0FDQB9DLX, B0FDQ7TL3V, B0FDQFHXF4, B0FDQ83CM8, B0FDQLGXC4, B0FDQ8DSR5, B0FDPZCTGD, B0FDQLWH3W, B0FDQBY26S, B0FDQ7PLDF, B0FDQBJYGC, B0FDQCD9KM, B0FDQ8CPX7, B0FDQBL1BN, B0FDQ8645V, B0FDQD7BL9, B0FDQCH4N6, B0FDQ82Y2Q, B0FDQBPGF6, B0FDQBT3K3, B0FDQ83X29, B0FDQC7G9F, B0FDQ82YP4, B0FDQLPGSJ, B0FDQ7FGC1, B0FDQBW4J3, B0FDQ77TRV, B0FDQ9DCVB, B0FDQ7WXZH, B0FDQBLQDW, B0FDQFC5BH, B0FDQBJG6S, B0FDQ89RH2, B0FDQBPKYP, B0FDQBMTKQ, B0FDQ5NXJL, B0FDQBVWNJ, B0FDQ8CBNL, B0FDQBWCCW, B0FDQBLPBD, B0FDQ83SKS, B0FDQBT115, B0FDQBZ96Z, B0FDQ7XRJB, B0FDQB9HFJ, B0FDQR7XFK, B0FDQBRH45, B0FDQPJNRN, B0FDQ7R7KB, B0FDQ7S2RK, B0FDQC97VH, B0FDQ8DKLM, B0FDQ6LZTX, B0FDQBFJL3, B0FDQ9GPLY, B0FDQCKZF1, B0FDQ9GPLQ, B0FDQ88SKZ, B0FDQ5Y5F1, B0FDQCHRJW, B0FDQ7Z8D9, B0FDQ7VKR1, B0FDQBN3NK, B0FDQQ5VDX, B0FDQBFC15, B0FDQFBSS8, B0FDQCMQJK, B0FDQMTSJ8, B0FDQBBBKF, B0FDQ88MC1, B0FDQQ5B5P, B0FDQBGZX3, B0FDQBL2N4, B0FDQ7PLMV, B0FDQBL2MY, B0FDQF9YYQ, B0FDQ9TJHR, B0FDQCQVZ1, B0FDQFGK32, B0FDQFGK2Q, B0FDQ9YGD6, B0FDQ81Q2Z, B0FDQBS6M2, B0FDQC5S9X, B0FDQPPQPC, B0FDQ84H8K, B0FDQ9ZBSS]",amzn1.campaign.2KAECI3BXUAEY,Serve Style with Every Meal! ☕️ Elevate Your Dining Experience.,UWWGKK,2025-09-29,2026-09-25,10.00%,5000.0,4997.44,12,800,false
"[B0F3C5PH28, B0DHZCDBS5, B0D1R4ZV9M, B0DP6MQQGJ]",amzn1.campaign.3PVV2FWK6OZ00,Fun Magnets for Fridge-1,VinBee,2025-09-29,2026-09-29,15.00%,5000.0,4989.54,0,800,false
"[B0FDQNXZ98, B0FDQFLRRB, B0FDQ66MBG, B0FDQB9DLX, B0FDQ7TL3V, B0FDQFHXF4, B0FDQ83CM8, B0FDQLGXC4, B0FDQ8DSR5, B0FDPZCTGD, B0FDQLWH3W, B0FDQBY26S, B0FDQ7PLDF, B0FDQBJYGC, B0FDQCD9KM, B0FDQ8CPX7, B0FDQBL1BN, B0FDQ8645V, B0FDQD7BL9, B0FDQCH4N6, B0FDQ82Y2Q, B0FDQBPGF6, B0FDQBT3K3, B0FDQ83X29, B0FDQC7G9F, B0FDQ82YP4, B0FDQLPGSJ, B0FDQ7FGC1, B0FDQBW4J3, B0FDQ77TRV, B0FDQ9DCVB, B0FDQ7WXZH, B0FDQBLQDW, B0FDQFC5BH, B0FDQBJG6S, B0FDQ89RH2, B0FDQBPKYP, B0FDQBMTKQ, B0FDQ5NXJL, B0FDQBVWNJ, B0FDQ8CBNL, B0FDQBWCCW, B0FDQBLPBD, B0FDQ83SKS, B0FDQBT115, B0FDQBZ96Z, B0FDQ7XRJB, B0FDQB9HFJ, B0FDQR7XFK, B0FDQBRH45, B0FDQPJNRN, B0FDQ7R7KB, B0FDQ7S2RK, B0FDQC97VH, B0FDQ8DKLM, B0FDQ6LZTX, B0FDQBFJL3, B0FDQ9GPLY, B0FDQCKZF1, B0FDQ9GPLQ, B0FDQ88SKZ, B0FDQ5Y5F1, B0FDQCHRJW, B0FDQ7Z8D9, B0FDQ7VKR1, B0FDQBN3NK, B0FDQQ5VDX, B0FDQBFC15, B0FDQFBSS8, B0FDQCMQJK, B0FDQMTSJ8, B0FDQBBBKF, B0FDQ88MC1, B0FDQQ5B5P, B0FDQBGZX3, B0FDQBL2N4, B0FDQ7PLMV, B0FDQBL2MY, B0FDQF9YYQ, B0FDQ9TJHR, B0FDQCQVZ1, B0FDQFGK32, B0FDQFGK2Q, B0FDQ9YGD6, B0FDQ81Q2Z, B0FDQBS6M2, B0FDQC5S9X, B0FDQPPQPC, B0FDQ84H8K, B0FDQ9ZBSS]",amzn1.campaign.2T56NN5YK1C9I,Just Dropped: The Table Styling Hack You've Been Waiting For! 🌿,UWWGKK,2025-09-29,2026-09-26,10.00%,5000.0,4998.39,9,800,false
"[B0FDQNXZ98, B0FDQFLRRB, B0FDQ66MBG, B0FDQB9DLX, B0FDQ7TL3V, B0FDQFHXF4, B0FDQ83CM8, B0FDQLGXC4, B0FDQ8DSR5, B0FDPZCTGD, B0FDQLWH3W, B0FDQBY26S, B0FDQ7PLDF, B0FDQBJYGC, B0FDQCD9KM, B0FDQ8CPX7, B0FDQBL1BN, B0FDQ8645V, B0FDQD7BL9, B0FDQCH4N6, B0FDQ82Y2Q, B0FDQBPGF6, B0FDQBT3K3, B0FDQ83X29, B0FDQC7G9F, B0FDQ82YP4, B0FDQLPGSJ, B0FDQ7FGC1, B0FDQBW4J3, B0FDQ77TRV, B0FDQ9DCVB, B0FDQ7WXZH, B0FDQBLQDW, B0FDQFC5BH, B0FDQBJG6S, B0FDQ89RH2, B0FDQBPKYP, B0FDQBMTKQ, B0FDQ5NXJL, B0FDQBVWNJ, B0FDQ8CBNL, B0FDQBWCCW, B0FDQBLPBD, B0FDQ83SKS, B0FDQBT115, B0FDQBZ96Z, B0FDQ7XRJB, B0FDQB9HFJ, B0FDQR7XFK, B0FDQBRH45, B0FDQPJNRN, B0FDQ7R7KB, B0FDQ7S2RK, B0FDQC97VH, B0FDQ8DKLM, B0FDQ6LZTX, B0FDQBFJL3, B0FDQ9GPLY, B0FDQCKZF1, B0FDQ9GPLQ, B0FDQ88SKZ, B0FDQ5Y5F1, B0FDQCHRJW, B0FDQ7Z8D9, B0FDQ7VKR1, B0FDQBN3NK, B0FDQQ5VDX, B0FDQBFC15, B0FDQFBSS8, B0FDQCMQJK, B0FDQMTSJ8, B0FDQBBBKF, B0FDQ88MC1, B0FDQQ5B5P, B0FDQBGZX3, B0FDQBL2N4, B0FDQ7PLMV, B0FDQBL2MY, B0FDQF9YYQ, B0FDQ9TJHR, B0FDQCQVZ1, B0FDQFGK32, B0FDQFGK2Q, B0FDQ9YGD6, B0FDQ81Q2Z, B0FDQBS6M2, B0FDQC5S9X, B0FDQPPQPC, B0FDQ84H8K, B0FDQ9ZBSS]",amzn1.campaign.11SO63MQPAD7V,No More Plain Tables! ✨ Elevate Your Space in Seconds.,UWWGKK,2025-09-29,2026-09-27,10.00%,5000.0,4994.87,2,800,false
"[B0FDQNXZ98, B0FDQFLRRB, B0FDQ66MBG, B0FDQB9DLX, B0FDQ7TL3V, B0FDQFHXF4, B0FDQ83CM8, B0FDQLGXC4, B0FDQ8DSR5, B0FDPZCTGD, B0FDQLWH3W, B0FDQBY26S, B0FDQ7PLDF, B0FDQBJYGC, B0FDQCD9KM, B0FDQ8CPX7, B0FDQBL1BN, B0FDQ8645V, B0FDQD7BL9, B0FDQCH4N6, B0FDQ82Y2Q, B0FDQBPGF6, B0FDQBT3K3, B0FDQ83X29, B0FDQC7G9F, B0FDQ82YP4, B0FDQLPGSJ, B0FDQ7FGC1, B0FDQBW4J3, B0FDQ77TRV, B0FDQ9DCVB, B0FDQ7WXZH, B0FDQBLQDW, B0FDQFC5BH, B0FDQBJG6S, B0FDQ89RH2, B0FDQBPKYP, B0FDQBMTKQ, B0FDQ5NXJL, B0FDQBVWNJ, B0FDQ8CBNL, B0FDQBWCCW, B0FDQBLPBD, B0FDQ83SKS, B0FDQBT115, B0FDQBZ96Z, B0FDQ7XRJB, B0FDQB9HFJ, B0FDQR7XFK, B0FDQBRH45, B0FDQPJNRN, B0FDQ7R7KB, B0FDQ7S2RK, B0FDQC97VH, B0FDQ8DKLM, B0FDQ6LZTX, B0FDQBFJL3, B0FDQ9GPLY, B0FDQCKZF1, B0FDQ9GPLQ, B0FDQ88SKZ, B0FDQ5Y5F1, B0FDQCHRJW, B0FDQ7Z8D9, B0FDQ7VKR1, B0FDQBN3NK, B0FDQQ5VDX, B0FDQBFC15, B0FDQFBSS8, B0FDQCMQJK, B0FDQMTSJ8, B0FDQBBBKF, B0FDQ88MC1, B0FDQQ5B5P, B0FDQBGZX3, B0FDQBL2N4, B0FDQ7PLMV, B0FDQBL2MY, B0FDQF9YYQ, B0FDQ9TJHR, B0FDQCQVZ1, B0FDQFGK32, B0FDQFGK2Q, B0FDQ9YGD6, B0FDQ81Q2Z, B0FDQBS6M2, B0FDQC5S9X, B0FDQPPQPC, B0FDQ84H8K, B0FDQ9ZBSS]",amzn1.campaign.2980VKCAN6FTC,Your Table's New Favorite Accessory is Here! 🌟,UWWGKK,2025-09-29,2026-09-28,10.00%,5000.0,4996.76,11,800,false
"[B0FPCXX972, B0DL5X8J4P]",amzn1.campaign.25F8M9XHPOPMO,Clear Snow Fast - Snow Blower –10% Commission,Steelite,2025-09-29,2026-09-28,10.00%,100000.0,91129.42,0,800,false
"[B0FDQNXZ98, B0FDQFLRRB, B0FDQ66MBG, B0FDQB9DLX, B0FDQ7TL3V, B0FDQFHXF4, B0FDQ83CM8, B0FDQLGXC4, B0FDQ8DSR5, B0FDPZCTGD, B0FDQLWH3W, B0FDQBY26S, B0FDQ7PLDF, B0FDQBJYGC, B0FDQCD9KM, B0FDQ8CPX7, B0FDQBL1BN, B0FDQ8645V, B0FDQD7BL9, B0FDQCH4N6, B0FDQ82Y2Q, B0FDQBPGF6, B0FDQBT3K3, B0FDQ83X29, B0FDQC7G9F, B0FDQ82YP4, B0FDQLPGSJ, B0FDQ7FGC1, B0FDQBW4J3, B0FDQ77TRV, B0FDQ9DCVB, B0FDQ7WXZH, B0FDQBLQDW, B0FDQFC5BH, B0FDQBJG6S, B0FDQ89RH2, B0FDQBPKYP, B0FDQBMTKQ, B0FDQ5NXJL, B0FDQBVWNJ, B0FDQ8CBNL, B0FDQBWCCW, B0FDQBLPBD, B0FDQ83SKS, B0FDQBT115, B0FDQBZ96Z, B0FDQ7XRJB, B0FDQB9HFJ, B0FDQR7XFK, B0FDQBRH45, B0FDQPJNRN, B0FDQ7R7KB, B0FDQ7S2RK, B0FDQC97VH, B0FDQ8DKLM, B0FDQ6LZTX, B0FDQBFJL3, B0FDQ9GPLY, B0FDQCKZF1, B0FDQ9GPLQ, B0FDQ88SKZ, B0FDQ5Y5F1, B0FDQCHRJW, B0FDQ7Z8D9, B0FDQ7VKR1, B0FDQBN3NK, B0FDQQ5VDX, B0FDQBFC15, B0FDQFBSS8, B0FDQCMQJK, B0FDQMTSJ8, B0FDQBBBKF, B0FDQ88MC1, B0FDQQ5B5P, B0FDQBGZX3, B0FDQBL2N4, B0FDQ7PLMV, B0FDQBL2MY, B0FDQF9YYQ, B0FDQ9TJHR, B0FDQCQVZ1, B0FDQFGK32, B0FDQFGK2Q, B0FDQ9YGD6, B0FDQ81Q2Z, B0FDQBS6M2, B0FDQC5S9X, B0FDQPPQPC, B0FDQ84H8K, B0FDQ9ZBSS]",amzn1.campaign.W5J54E4OHE2U,Spruce Up Your Table with Bohemian Elegance! 🌵,UWWGKK,2025-09-29,2026-09-29,10.00%,5000.0,4996.09,18,800,false
"[B0FRRRYH6J, B0FRRSQG7H, B0FPCXK6W4]",amzn1.campaign.244CLL3L70S1N,Clear Snow Fast - Snow Shovel –10% Commission,Steelite,2025-09-29,2026-09-28,10.00%,50000.0,47214.17,0,800,false
"[B0FB3S4QNH, B0FB3S73V7, B0FB3WR4DT, B0FB3R5D4X, B0FB3WNR7R, B0FB3W2T7X, B0FB3XF1PP, B0FB3XBGJ7, B0FB3VM2M2, B0FB3VBJ6B, B0FB3TFS5J, B0FB3TLFN3, B0FB3VRSPN, B0FB3T4MP4, B0FB3VDBR4, B0FB3T7Z43]",amzn1.campaign.2IK0CW0ZGUJTP,Let’s Collaborate – High Commission Opportunity with Electric Standing Desks,ExaDesk,2025-09-29,2026-09-29,10.00%,10000.0,10000.0,0,800,false
"[B0FD9FH9NB, B0FN4LNXXM, B0C8N539ML, B0D9YFGPW5, B0C8N17B55, B0D9YFJG9Z, B0D9YCRFCS]",amzn1.campaign.2RGJNUI45R68K,Let’s Collaborate – High Commission Opportunity with Electric Standing Desks,ExaDesk,2025-09-29,2026-09-29,10.00%,10000.0,9787.3,0,800,false
[B0DYDH3F6B],amzn1.campaign.2H85JNYX17BJ1,20 Pcs Plastic Beer Mugs with Handles and 20 Stainless Steel Straws,SENONAPO,2025-09-29,2026-09-29,10.00%,5000.0,4987.9,0,800,false
[B0DDWZQG4L],amzn1.campaign.5OZ7JSZT3GKT,"🌽Hold the Heat, Hold the Fun!🌽-2",VinBee,2025-09-29,2026-09-29,10.00%,5000.0,4998.9,16,800,false
[B0F2FK6VKT],amzn1.campaign.2S5G8VQRE5T6Y,54 Pcs Foam Crowns Colorful Kids Princess Tiaras Crowns,SENONAPO,2025-09-29,2026-09-29,10.00%,5000.0,4991.9,0,800,false
[B0FN7QFGHW],amzn1.campaign.6A0YJ3CKIIXE,Kcormes Oil Of Oregano with Black Seed Oil - 120 Capsules,Kcormes,2025-09-29,2026-09-29,10.00%,5000.0,4885.67,0,800,false
[B0DXFHMM1T],amzn1.campaign.1NF3KC114KNK9,"Music Boxing Machine with Gloves, Boxing Machine Wall Mounted for 15% Commission",Lmozim,2025-09-29,2026-09-29,15.00%,5000.0,4814.82,0,800,false
[B0CQ2Q9K4W],amzn1.campaign.RPPNZXQJM8HL,Dmeisy Mushroom Powder | for Mushroom Coffee - 5.3oz,Dmeisy,2025-09-29,2026-09-29,10.00%,5000.0,4990.73,0,800,false
"[B017HVGKXA, B017HVGJV8]",amzn1.campaign.2F00FOZDN2PBC,Nail Clipper -OCT- C7,GERmanikure,2025-10-01,2026-09-24,15.00%,10000.0,10000.0,0,800,false
"[B017HVGKXA, B017HVGJV8]",amzn1.campaign.1VM4AH0Q4RFVL,Nail Clipper -OCT- C6,GERmanikure,2025-10-01,2026-09-25,15.00%,10000.0,10000.0,0,800,false
"[B017HVGKXA, B017HVGJV8]",amzn1.campaign.P27L4VGE4R19,Nail Clipper -OCT- C5,GERmanikure,2025-10-01,2026-09-26,15.00%,10000.0,10000.0,0,800,false
"[B017HVGKXA, B017HVGJV8]",amzn1.campaign.3S23ALMI2M1VD,Nail Clipper -OCT- C4,GERmanikure,2025-10-01,2026-09-27,15.00%,10000.0,10000.0,0,800,false
"[B017HVGKXA, B017HVGJV8]",amzn1.campaign.1DLIIUXOBEDUL,Nail Clipper -OCT- C3,GERmanikure,2025-10-01,2026-09-28,15.00%,10000.0,10000.0,0,800,false
[B0FJMR23KN],amzn1.campaign.L4WFXZPIZP1N,NLR1M-12-10,ZEZHOU,2025-09-29,2026-09-29,10.00%,5000.0,4999.36,3,800,false
[B0CKXT2Q76],amzn1.campaign.10L96FEM8ULT4,Cfuful Probiotics for Women & Men - 60 Capsules,Cfuful,2025-09-29,2026-09-29,10.00%,5000.0,4944.26,0,800,false
[B0CBXDCCMQ],amzn1.campaign.KX9Y51LRS4CQ,Dmeisy 120 Billion CFU Menopause Supplements for Women - 60 Capsule,Dmeisy,2025-09-29,2026-09-29,10.00%,5000.0,4977.32,0,800,false
[B0DDWRDFFH],amzn1.campaign.1NWQY731WSGWP,MOSSY OAK 20250925-DJY（15%）,WORKPRO,2025-09-29,2026-09-29,15.00%,5000.0,4925.3,0,800,false
"[B017HVGKXA, B017HVGJV8]",amzn1.campaign.2ZU92PTWOE96L,Nail Clipper -OCT- C2,GERmanikure,2025-10-01,2026-09-29,15.00%,10000.0,10000.0,0,800,false
[B0FB3XG9WM],amzn1.campaign.Y0DVCIGOXL6L,35% CR - Dog Treat Puzzle Feeder (Advanced-Brainstorm),LiuMelinda,2025-09-29,2026-09-29,35.00%,5000.0,5000.0,18,800,false
"[B0F2J1N4HL, B0F2J26TNQ]",amzn1.campaign.DGRU5L19PWLW,34% CR - Dog Treat Puzzle Feeder (Advanced),LiuMelinda,2025-09-29,2026-09-29,34.00%,5000.0,5000.0,12,800,false
"[B0FJ19WCFK, B0FJ1KTCLC, B0FJ1TTNKY, B0FJ1QHD4J]",amzn1.campaign.L66JZ8SKQZ29,NLS4-12-10,ZEZHOU,2025-09-29,2026-09-29,10.00%,5000.0,4969.54,0,800,false
[B0C2TWBC2R],amzn1.campaign.2O7KW7LNE2J3H,Linkvibe 300 Billion CFU Probiotic for Women and Men - 60 Capsules,Linkvibe,2025-09-29,2026-09-29,10.00%,5000.0,4882.06,0,800,false
[B0FLXYDG7Y],amzn1.campaign.1ZKH4E06RJZ4W,(10% Commission) DIY Hangboard Rock Climbing,SINGBLA,2025-09-29,2026-09-29,10.00%,8888.0,8883.5,0,800,false
"[B0FJF4V3VS, B0FJF92L5K, B0FJF6447G, B0FJF8H2JB, B0FJFB86D5]",amzn1.campaign.1QRIUAE8ZHWJA,NLH-12-10,ZEZHOU,2025-09-29,2026-09-29,10.00%,5000.0,4961.63,0,800,false
[B0DSL2QSMZ],amzn1.campaign.1C3E1W8VJ949Y,Moursope Creatine Monohydrate Gummies for Men & Women - 180 Gummies,Moursope,2025-09-29,2026-09-29,10.00%,5000.0,4104.11,0,800,false
[B0FH9XRD3T],amzn1.campaign.27V92B7E7G8G7,Beyyoly GLP1 Probiotic Gummy for Women & Men - 90 Gummies,Beyyoly,2025-09-29,2026-09-29,10.00%,5000.0,4939.6,0,800,false
"[B0FCMGMQ77, B0FCMC7QHR, B0FCMC5LLV, B0FCMFVDPX, B0FCMG1YJ7, B0FCM8X797, B0FCMCLPC8, B0FCM9MVKT, B0FCMCWQ1N, B0FCMDSSG1, B0FCMC1H51, B0FCMCJG6S, B0FCMCW3LP, B0FCMDVJ88, B0FCMD2MN7, B0FCMC2QB5, B0FCMDMLJ1, B0FCMDBHRW, B0FCMFBPGC, B0FCMFG4WG, B0FCMH2DFD, B0FCMD32BX, B0FCM9JRGN, B0FCMCSSZ6, B0FCMDNBZW, B0FCMD3YCY, B0FCMDB2Q6, B0FCMFKCH7, B0FCMG83WD, B0FCMCLPCB, B0FCM9R492, B0FCMCFZST, B0FCM8L6KY, B0FCMJDQ5S, B0FCMCP9BF]",amzn1.campaign.BPNECAQMF23U,"21% commission, EasyGala Hot Sale Fleece Quarter Zip Sweatshirt MW004-NR-J5-M",EasyGala,2025-09-29,2026-09-29,21.00%,5000.0,4352.4,0,800,false
[B0BLCWV846],amzn1.campaign.5HQUW84FJF43,12 Pieces Of Valentines Day Centerpiece Decorations For Table,patscorai,2025-09-29,2026-09-29,10.00%,5000.0,5000.0,5,800,false
"[B0F1TH66YZ, B0F1THWL7T, B0F1TGXL4C]",amzn1.campaign.1IZ49QHMRN4O9,8016,Devopet,2025-09-29,2026-09-29,10.00%,5000.0,4972.14,0,800,false
[B0BQJ73C6G],amzn1.campaign.3925FTGG1XIOW,1500 Pcs of St. Patrick's Day Sticker Bulk Shamrock Party Decorations,patscorai,2025-09-29,2026-09-29,10.00%,5000.0,5000.0,0,800,false
[B0FLXZ4SK4],amzn1.campaign.2N284YOD68152,8018,Devopet,2025-09-29,2026-09-29,10.00%,5000.0,4858.54,0,800,false
"[B0DR37SRGR, B0DR35L6P4]",amzn1.campaign.3HDFEZNWKDILF,13x4: 10-14+10 12-16+10,Fashowbeauty,2025-09-29,2026-09-28,10.00%,1000000.0,999993.4,0,800,false
"[B0C7CLZNLN, B0BYMNWZKN, B0BYMLFN32]",amzn1.campaign.RW732KZ8NU8G,210 Pcs Small American Flags on Stick,patscorai,2025-09-29,2026-09-29,10.00%,5000.0,4994.5,0,800,false
[B07DQJ4PS4],amzn1.campaign.33NIAHSQXDURC,Baseball Pitching Training Net for Kids - 10% commission + $5K budget,Kapler,2025-09-29,2026-09-29,10.00%,5000.0,4941.26,0,800,false
"[B0CSB7YPRD, B0DYF516NC]",amzn1.campaign.USXGGOC6472C,HY300Pro,BeeJovial,2025-09-29,2026-09-29,10.00%,10000.0,9893.0,0,800,false
[B0F675KMTX],amzn1.campaign.2S021NW30BRU7,🔥 Spaclear 2-Tier Kitchen Sink Organizer｜Auto Drain｜40% OFF +10% Comm,Spaclear,2025-10-01,2026-10-01,10.00%,5000.0,4884.52,0,800,false
[B0B4W2WN35],amzn1.campaign.31N0121FW0ECV,Baseball Batting Cage Netting 14x 28FT - 10% commission + $5K budget,Kapler,2025-09-29,2026-09-29,10.00%,5000.0,4989.0,1,800,false
"[B0FMXQJS9Z, B0FMXLL7RS]",amzn1.campaign.1EUQWGQFZNOLS,High Commission! | Promote Our 6-Pc Christmas Towel Set,ZYQEXA,2025-09-29,2026-09-29,10.00%,5000.0,5000.0,0,800,false
[B0C8NVVXQ4],amzn1.campaign.13QIT71UR7KFN,Keptrohy 300 Billion AFU Akkermansia Probiotic for Women & Men - 60 Capsules,Keptrohy,2025-09-29,2026-09-29,10.00%,5000.0,4327.28,0,800,false
[B0FGTYZ9W4],amzn1.campaign.3U7ZAMAEA2O87,Weighted Stuffed Animal Birthday Cake Plush for Kids,BRSTPGH,2025-09-29,2026-09-29,10.00%,5000.0,4941.5,0,800,false
[B0FCFHG6T1],amzn1.campaign.307INAKZSGQVM,iThird Metal Wall Sconce Set of 2 Battery Operated,iThird,2025-09-29,2026-09-29,10.00%,88888.0,88542.75,0,800,false
[B0CKL6SZQK],amzn1.campaign.I1CBVLXUXI70,Heavy Duty Log Sawhorse 260 lbs Capacity - 10% commission + $5K budget,Kapler,2025-09-29,2026-09-29,10.00%,5000.0,5000.0,0,800,false
[B08JY965RG],amzn1.campaign.33G1TBJ1HHO0,Heavy Duty Log Sawhorse 150 lbs Capacity - 10% commission + $5K budget,Kapler,2025-09-29,2026-09-29,10.00%,5000.0,4991.27,0,800,false
"[B0D3D96J5G, B0CR338VMX, B0CR2YJKW4]",amzn1.campaign.2E96L0NG9IJGN,"Leak-Proof Toilet Tank to Bowl Gasket Kit – Easy Fix, Durable Seal",RAINGOWN,2025-09-29,2026-09-29,10.00%,5000.0,4995.47,4,800,false
"[B0FPFW74P8, B0FPFVFD3V, B0FPFV5GYC, B0FPFX83DP]",amzn1.campaign.X2MS30MGQKIG,Women's Fall color block cardigan Sweaters 2A-AY5I04,YEXPINE,2025-09-29,2026-09-24,10.00%,5000.0,4995.0,0,800,false
[B0DQGSHTQ7],amzn1.campaign.J7KJDEMUEQCE,Keptrohy GLP1 Supplement for Women and Men - 60 Capsules,Keptrohy,2025-09-29,2026-09-29,10.00%,5000.0,4902.74,0,800,false
"[B0FJDR7HY2, B0FJD485Q3, B0FJDNN8DX, B0FJDLN9PT, B0FJDGRP98, B0FJF1QJM7, B0FJDRZR5F, B0FJDMFK5R, B0FJDK17CW, B0FJDL66C8, B0FJF4J3N4, B0FJDM8YFH, B0FJDNN8PL, B0FJDQNZL9, B0FJDJJR3P]",amzn1.campaign.873U7Y0UNRFW,High commission:Low-imapct Sports Bras for Women Seamless&Comfortable-SZ005,ZYQEXA,2025-09-29,2026-09-28,10.00%,5000.0,5000.0,0,800,false
[B0FMK54787],amzn1.campaign.E15MEZHCNM1R,B0FMK54787,AdaLov,2025-09-29,2026-09-29,10.00%,9999.0,9985.4,0,800,false
[B0FMK5K1T2],amzn1.campaign.2NE2TSV6LSEQH,Advanced Retinol Body Lotion200l,Sylvaseren,2025-09-29,2026-09-29,10.00%,5000.0,4986.97,0,800,false
[B0FNK5D2HF],amzn1.campaign.1O68RARSSJ2Y6,Collaboration Opportunity – Promote Our 3500W Commercial Induction Cooker 🔥,VESTIVIUM,2025-09-29,2026-09-29,10.00%,6000.0,5938.4,0,800,false
[B0FJM7P1MS],amzn1.campaign.2XLP2FRAE2SOX,"Collaboration Opportunity–Promote Our Snowflake Ice Maker🍧Liquid Cooling, 250kg",VESTIVIUM,2025-09-29,2026-09-29,10.00%,10000.0,10000.0,0,800,false
[B0FJM6VCYQ],amzn1.campaign.39FB8WT4ICZSU,"Collaboration Opportunity–Promote Our Snowflake Ice Maker🍧Liquid Cooling, 300kg",VESTIVIUM,2025-09-29,2026-09-29,10.00%,10000.0,10000.0,0,800,false
[B0FJM48NBP],amzn1.campaign.1DYVQC9AKNVNR,"Collaboration Opportunity–Promote Our Snowflake Ice Maker🍧Liquid Cooling, 180kg",VESTIVIUM,2025-09-29,2026-09-29,10.00%,10000.0,10000.0,0,800,false
[B0FJM6GW4D],amzn1.campaign.3MJHZVKZ6IMIG,"Collaboration Opportunity – Promote Our Snowflake Ice Maker 🍧Air Cooling, 250kg",VESTIVIUM,2025-09-29,2026-09-29,10.00%,10000.0,10000.0,0,800,false
[B0FJM5RT55],amzn1.campaign.3413KEKPSMON7,"Collaboration Opportunity–Promote Our Snowflake Ice Maker-Air Cooling, 180kg/24H",VESTIVIUM,2025-09-29,2026-09-29,10.00%,10000.0,10000.0,0,800,false
"[B0FP9K52CR, B0FP9JNN61, B0FP9K9Z7Y, B0FP9JBKKD, B0FP9LD4M5, B0FP9J7BK7, B0FP9HY4GK, B0FP9HBWWW]",amzn1.campaign.24YGOH9N3O0FO,Kodak PIXPRO FZ55 Case,Sanronang,2025-09-29,2026-09-29,15.00%,50000.0,49975.57,0,800,false
[B01IBSX35Q],amzn1.campaign.10V8HFMPHOGHA,Rradio Frequency Beauty Machine,Nulift,2025-09-29,2026-09-29,15.00%,200000.0,199944.5,0,800,false
"[B07RZ6ZJ16, B07RY8RQSK, B07RY8PWMM, B07X3G9TG9, B07ZV32MH7, B07ZCRJ47B, B07RZ7NBGC, B08DKLQC64, B0DRG2GX1N, B085RMRFTF, B07RX6YVGR, B08DKM3YNM]",amzn1.campaign.32BPDIIIMVAQL,Mid-Calf Bamboo Socks - Perfect Fit,Sunew,2025-09-29,2026-09-29,10.00%,5000.0,4995.5,0,800,false
"[B0CWZW27DF, B0CCD3RK1L, B0F9DPMK24, B0CCD3YZ6H, B0F3X9YZ3X, B0CX18SDHG, B0CX14YV4B, B0CX1CVGB9, B0CCD4THV7, B0CCD196ZZ, B0DBZ6SGC7, B0F9DDYXSK, B0CX1JCTDJ, B0CX1D1HRD, B0CCD5RL9Z, B0F8B15Q85, B0DN12TV4B, B0CCD18L7X, B0F59CSK5V, B0CX16QJD2, B0F3X6YCY3, B0CCD3CB4M]",amzn1.campaign.2RPQZO8D6DF31,Bamboo Finger Socks - Toe Freedom,Sunew,2025-09-29,2026-09-29,10.00%,5000.0,4993.38,0,800,false
"[B08X47LL7V, B0DZCGBPJT, B0DZCD4HW3, B07ZV2HQL4, B0DZCCQZV1, B08MZG4DD7, B07RX715XR, B07ZV366T9, B07RY8QNK6, B08MZQXR2F, B07RY8K1ZV, B08NWTQFVT, B0DZCDV9BB, B07RZ6H3NC, B0836JJ9KF, B08MZQFX85, B08XHBCLTT, B07RX6Z7RW, B07S194TBM, B07S18TYHN]",amzn1.campaign.22BZUMELTDXM0,Low-Cut Bamboo Socks - Toe Freedom,Sunew,2025-09-29,2026-09-29,10.00%,5000.0,4997.2,0,800,false
"[B07WCVRG29, B0BQYC3Q2D, B07WD961Q3, B07WD8ZTLR, B07WD9SX7K, B07WFCS61J, B0B1PLM14L, B07WMFWFCT, B07WD9D1YJ, B0C53BLV1R, B07WCVC6K7, B07WD92JNH, B0BQYB75D7, B07WFD6ZKX, B0BQYBKS3B, B07WD7ZLCY, B0B1PGQNB2, B07WCTCV6F, B07WCV9DFS, B07WCVK391, B07WD96CTT, B07WFD6ZL1, B07WD9HP7Y, B07WCVGX7N, B07WD9QWKJ, B07WCVKMNS, B07WD8D4KW, B0B1PJHPKF, B07WD9KWQ5, B07WD9VWGW, B0BQY9XC8C, B0BQYBJ87L, B07WCVKHF9, B07WCV5WRZ, B07WD9GBML, B07WD9GM2G, B07WD947SS, B07WD8VX6Y, B07WCTDJWX, B07WJK1FTB, B07WFCKVHC, B0C53BW7P8, B07WD9XY32, B07WCVG33P]",amzn1.campaign.DITV4RHLA3WY,Soccer Performance Socks - Sweat Management,Sunew,2025-09-29,2026-09-29,10.00%,5000.0,4997.4,5,800,false
"[B0C4GKY1C1, B0C4GJS99J, B0C4GKDX49, B0C4GKHC48, B0C4GKBRJ4, B0C4GKGGT6, B0C4GL3GM8, B0C4GJXKFM, B0C4GL2N8D, B0C4GL4V4Z, B0C4GJSZFQ, B0C4GKGYLF, B0C4GLBB2P, B0C4GLBB2K, B0C4GKL9NT, B0C4GK7TD2, B0C4GKBJYR, B0C4GJNJM9, B0DJ2RN7JT, B0DJ2RLW19, B0C4GKSC2W, B0C4GKSWC5, B0C4GLFPP3]",amzn1.campaign.3VP64X0PYH49N,Playful Socks - Durable & Breathable,Sunew,2025-09-29,2026-09-29,10.00%,5000.0,4992.98,7,800,false
"[B08MZPK9PM, B07YYWLZR2, B0C3V5ZQB2, B07YYWRPD5, B07TLLVMB3, B07S161SXY, B07TLL8DNX, B08HZ17K1V, B07RWL91MD, B08MZHC9VM, B07YYWLJW9, B08MZG842N, B07RX3VDW6, B099S4WDH5, B08MZDH3K4, B07RX6QJ8N, B07RZ6KFRZ, B07TKLPJJG, B095HC19JF]",amzn1.campaign.2CPDY28YA6L8A,Soft Bamboo Socks - All-Day Wear,Sunew,2025-09-29,2026-09-29,10.00%,5000.0,4998.92,0,800,false
"[B017CHT81A, B0B1G4WN5P]",amzn1.campaign.1SGOZTY6Q25CW,Glass Cuticle Stick -OCT - C7,GERmanikure,2025-10-01,2026-09-24,15.00%,10000.0,10000.0,0,800,false
"[B017CHT81A, B0B1G4WN5P]",amzn1.campaign.M6RCCAOK5XJN,Glass Cuticle Stick -OCT - C6,GERmanikure,2025-10-01,2026-09-25,15.00%,10000.0,10000.0,0,800,false
"[B017CHT81A, B0B1G4WN5P]",amzn1.campaign.1TQF1VMU1JBTX,Glass Cuticle Stick -OCT - C5,GERmanikure,2025-10-01,2026-09-26,15.00%,10000.0,10000.0,0,800,false
"[B017CHT81A, B0B1G4WN5P]",amzn1.campaign.1JFU1054ACMPJ,Glass Cuticle Stick -OCT - C4,GERmanikure,2025-10-01,2026-09-27,15.00%,10000.0,10000.0,0,800,false
"[B017CHT81A, B0B1G4WN5P]",amzn1.campaign.1GPVG97WV4TEY,Glass Cuticle Stick -OCT - C3,GERmanikure,2025-10-01,2026-09-28,15.00%,10000.0,10000.0,0,800,false
"[B017CHT81A, B0B1G4WN5P]",amzn1.campaign.323K6MQZKQ2K7,Glass Cuticle Stick -OCT - C2,GERmanikure,2025-10-01,2026-09-29,15.00%,10000.0,10000.0,0,800,false
"[B0FFSWQZWY, B0FFSXBQG6, B0FFSVNLBF]",amzn1.campaign.2GR2E6ZE3DLXF,Promote Our Innovative Laptop Backpack for Women!,LELLIE,2025-09-26,2026-09-26,20.00%,5000.0,4972.4,0,800,false
"[B0CRL456XH, B0D1471R2P, B0D145NFQQ, B0D14BWV6V, B0CRL3PRWP, B0C74K2MST, B0DS5G7GLT, B0CRL52PTZ, B0C74HR152, B0D144Y26X, B0CRL38DYF, B0C74L3GJ7, B0CLLV4HQD, B0CRL4PG63, B0BX3VQ7VL, B0DS5GPFHK, B0DS5GGPY4, B0D147L3SY, B0DS5FMJ3T, B0C74J8KFR, B0D13XHP72, B0D13VYTVT, B0DS5FTG56, B0CRL5JFNQ, B0DS5G99VG, B0D13XZYT8, B0CRL48MYS, B0D14FDLTT, B0C74GGFNZ, B0DS5FDG58, B0CRL515L5, B0BX3XN4WP, B0C74JKZ56, B0D1411KNT, B0D149FM3J, B0C74JZCX5, B0BX43FKFZ, B0D142X2W8, B0BX3SM424]",amzn1.campaign.24ENB8XUC70J,"Unisex Oversized Tees with Cupid, Cats & Speedway Cool |GSX 25092504",Vamtac,2025-09-26,2026-09-26,10.00%,5000.0,4997.47,0,800,false
"[B0FG2C1LGF, B0FG2C2CLX, B0FG2B24XL]",amzn1.campaign.2USNOVE74UYDL,"SUOCO Travel Pack Vacuum Kit,",SUOCO,2025-09-26,2026-09-26,20.00%,10000.0,9442.57,0,800,false
[B0CYC5X5XZ],amzn1.campaign.2LBSINEVKFPKT,MESWAO TABLET MES-B3 +400monthly sales+15%high commission+B0CYC5X5XZ,MESWAO,2025-09-26,2026-09-26,15.00%,5000.0,3510.37,0,800,false
